GENE       CHR      START       STOP  NSNPS  NPARAM       N        ZSTAT            P        PERMP  NPERM
26155        1     879583     894679     12       1  351827       1.7387      0.04104        0.048   1000
55052        1    1337276    1342693      8       1  351827      0.20671      0.41812        0.415   1000
441869       1    1353800    1356824     71       3  351827      0.21624       0.4144        0.372   1000
219293       1    1378152    1405538      1       1  351827       0.9025       0.1834        0.171   1000
83858        1    1407139    1444852     45       3  351827       1.8247     0.034023        0.033   1000
55210        1    1447523    1470067      2       1  351827      -0.1502       0.5597        0.554   1000
728661       1    1591486    1624243     27       4  351827       1.1386      0.12743        0.126   1000
728642       1    1633822    1655999      1       1  351827     0.052424       0.4791        0.464   1000
9651         1    2407754    2436964      5       1  351827      0.11268      0.45514        0.462   1000
127262       1    3541556    3546695      1       1  351827     -0.11754      0.54678        0.555   1000
49856        1    3547331    3566671      5       1  351827      0.52327      0.30039        0.298   1000
388588       1    3689352    3692546     55       2  351827     -0.99429      0.83996        0.852   1000
9731         1    3728645    3773797    143       5  351827      0.60561      0.27239        0.259   1000
339448       1    3805697    3816857     12       2  351827      0.20492      0.41882        0.404   1000
261734       1    5922870    6052618      1       1  351827     -0.24506       0.5968          0.6   1000
23463        1    6281253    6296044     13       1  351827     0.030828       0.4877        0.465   1000
9341         1    7831329    7841492     28       2  351827   -0.0023759      0.50095        0.493   1000
26232        1   11707924   11714888      2       1  351827        1.352     0.088181        0.092   1000
4524         1   11845787   11866160     30       1  351827      -1.0337      0.84937        0.848   1000
1185         1   11866153   11903201      2       1  351827       -0.292      0.61486        0.623   1000
842          1   15817896   15851407    214       6  351827      0.23029      0.40893        0.406   1000
84301        1   15943953   15995539    116       1  351827       1.0202      0.15381        0.144   1000
284723       1   16062721   16067884      2       1  351827     -0.57995      0.71903        0.699   1000
1188         1   16370231   16383821     15       1  351827       2.1267     0.016723        0.015   1000
128272       1   16524599   16539104     62       2  351827      0.96296      0.16778        0.176   1000
79363        1   16558182   16563659     71       3  351827      0.55722      0.28869        0.307   1000
9696         1   17248445   17299474     17       2  351827      0.12341      0.45089        0.471   1000
127707       1   18807424   18812540     27       3  351827     -0.52467      0.70009        0.708   1000
23065        1   19542158   19578053    137       5  351827      0.20351      0.41937        0.456   1000
23252        1   20208356   20239438     29       2  351827      -1.4863       0.9314        0.928   1000
55450        1   20808884   20812728      1       1  351827      0.80909      0.20923         0.23   1000
163933       1   20878932   20881513     12       1  351827     -0.48498      0.68615        0.676   1000
84224        1   21766583   21811393    111       6  351827     -0.99711      0.84065        0.847   1000
2048         1   23037263   23241823      2       1  351827      0.25602      0.39897        0.395   1000
80818        1   23685941   23696357     90       8  351827      0.24835      0.40193        0.408   1000
55616        1   23755056   23810750     15       1  351827       1.8571     0.031646        0.033   1000
2517         1   24171567   24194859      5       1  351827      -2.6508      0.99598        0.995   1000
57185        1   24742245   24799473     35       4  351827     -0.10003      0.53984        0.504   1000
6007         1   25598884   25656936    144       2  351827     -0.55765      0.71146        0.707   1000
6006         1   25687853   25747363    148       1  351827     -0.80194      0.78871        0.796   1000
56181        1   26146397   26159433     65       3  351827     -0.81443       0.7923        0.816   1000
64793        1   26560644   26605529     27       2  351827     -0.90902      0.81833         0.82   1000
83442        1   26606213   26608013      6       1  351827      0.60969      0.27103        0.267   1000
55650        1   27113739   27124894    160       2  351827        0.872       0.1916          0.2   1000
126695       1   27276047   27286901     18       1  351827      -1.5091      0.93436        0.929   1000
6548         1   27425300   27481621     29       1  351827    0.0018149      0.49928        0.483   1000
9064         1   27681670   27693558      4       1  351827      -2.1933      0.98586        0.984   1000
6118         1   28218035   28241255      9       3  351827     -0.22283      0.58816        0.568   1000
2140         1   28296855   28415173     66       2  351827       1.2873     0.098992        0.108   1000
347735       1   31882412   31907527     20       1  351827     -0.24319      0.59607        0.601   1000
1307         1   32117848   32169768      2       1  351827     -0.62204      0.73304         0.71   1000
55116        1   32538503   32568467      2       1  351827      -1.1479      0.87449        0.864   1000
56063        1   32680040   32687954     45       1  351827     -0.73121      0.76768         0.78   1000
55223        1   33611000   33647671     63       1  351827      0.26204      0.39664        0.395   1000
2709         1   35220648   35224113     13       2  351827      0.16836      0.43315        0.416   1000
127534       1   35225342   35229325     12       2  351827      0.16642      0.43391        0.418   1000
27285        1   36549676   36553877      1       1  351827      0.23941      0.40539        0.409   1000
7802         1   38022520   38032458     27       2  351827      0.10683      0.45746        0.445   1000
284656       1   38181646   38230824      5       1  351827     -0.49245       0.6888        0.695   1000
3633         1   38326369   38412729     55       4  351827       2.9876    0.0014057       0.0014  10000
10946        1   38422647   38456019      3       1  351827       1.4059     0.079879        0.073   1000
5453         1   38509523   38512450      1       1  351827      0.80402      0.21069        0.211   1000
4725         1   39491967   39500308    102       4  351827      -1.0925      0.86269        0.855   1000
8761         1   40026485   40042522     21       2  351827      0.19155      0.42405        0.403   1000
10450        1   40204517   40229586     40       3  351827       0.9995      0.15878        0.152   1000
84879        1   40420784   40435630      1       1  351827    0.0045282      0.49819         0.52   1000
339559       1   40943043   40962015     63       3  351827      0.10801      0.45699        0.478   1000
84217        1   42896000   42921938      1       1  351827      0.43704      0.33104        0.351   1000
374969       1   43272723   43283059     59       3  351827        0.535      0.29632         0.31   1000
4595         1   45794914   45806142      1       1  351827      0.61376      0.26969        0.281   1000
10327        1   46016455   46035723      4       1  351827     -0.31627       0.6241         0.63   1000
387338       1   46805849   46830824    173       1  351827     -0.53488      0.70363        0.679   1000
1580         1   47264670   47285021      2       1  351827       1.4551     0.072826        0.061   1000
200010       1   48688339   48714316     20       1  351827     -0.74094      0.77063        0.766   1000
79656        1   49193538   49242547      5       1  351827       3.8374   6.2165e-05       0.0001  10000
2060         1   51819935   51985026     10       2  351827       1.1223      0.13087        0.125   1000
200014       1   52816265   52831877      9       2  351827      -1.2143      0.88769        0.881   1000
23318        1   52888947   53018764    201       2  351827     -0.43069      0.66665        0.665   1000
2882         1   53068043   53074723     55       6  351827     -0.19327      0.57663        0.569   1000
348378       1   53098961   53133252      1       1  351827     -0.82495       0.7953        0.815   1000
79699        1   53192126   53293014    148       4  351827      0.73916       0.2299        0.235   1000
55268        1   53361582   53392846      9       1  351827       -1.425      0.92292        0.917   1000
54432        1   54317392   54355487      3       1  351827     -0.18517      0.57345        0.561   1000
127428       1   54519274   54565416     73       2  351827       0.3557      0.36103        0.349   1000
374977       1   55107427   55175939     15       1  351827     -0.41162      0.65969        0.647   1000
7268         1   55181495   55208330      5       1  351827       1.6397     0.050535        0.048   1000
199964       1   55446271   55457966     11       2  351827      0.41858      0.33776        0.342   1000
4070         1   59041095   59043166      3       1  351827      -1.0791      0.85973        0.868   1000
1573         1   60358980   60392445     16       1  351827      0.52855      0.29856        0.319   1000
10207        1   62208149   62629592      8       1  351827    -0.029054      0.51159        0.492   1000
54596        1   62660474   62678000     31       5  351827      0.88993      0.18675        0.194   1000
85440        1   62920397   63154039      6       2  351827      0.60835      0.27148        0.268   1000
23421        1   63906441   63988944    189       6  351827     -0.72963      0.76719        0.758   1000
11147        1   70820493   70833706      5       1  351827     -0.62519      0.73408        0.737   1000
5733         1   71318036   71513497     22       1  351827       -1.447      0.92604        0.921   1000
127255       1   74491699   74663871    178       4  351827     -0.79048      0.78538        0.778   1000
8790         1   74663896   74674533    106       3  351827      -1.4728       0.9296        0.931   1000
51086        1   74701071   75010116    107       4  351827      -1.4189      0.92204        0.919   1000
1429         1   75171170   75199092     87       4  351827      0.59034      0.27748        0.278   1000
204962       1   75667816   76081698    102       4  351827      0.13127      0.44778        0.447   1000
4438         1   76262556   76379581     36       4  351827     -0.33722      0.63202        0.641   1000
23032        1   78161672   78225564     14       1  351827      0.19149      0.42407        0.415   1000
23266        1   82266082   82458107      3       1  351827       1.0263      0.15238         0.15   1000
58511        1   84864215   84880691     84       4  351827      -0.5066      0.69378        0.693   1000
100505741    1   84971902   85022150     77       3  351827       1.5504     0.060529        0.055   1000
1486         1   85018804   85048039     53       3  351827       1.4367       0.0754        0.081   1000
255231       1   85391266   85462796    200       7  351827      0.52794      0.29877        0.298   1000
55283        1   85483765   85514585    164       5  351827     -0.12692       0.5505        0.532   1000
84144        1   85623356   85667292      1       1  351827       1.9757     0.024092        0.029   1000
56267        1   89401456   89458643    179       5  351827     -0.62505      0.73403        0.745   1000
2635         1   89472360   89488556    242       6  351827     -0.67352      0.74969        0.747   1000
115361       1   89646831   89664633      2       1  351827     -0.12169      0.54843        0.537   1000
164045       1   91726323   91870426     34       2  351827       0.1885      0.42524         0.43   1000
2730         1   94352590   94375154      8       1  351827     -0.98996       0.8389        0.865   1000
9411         1   94634463   94713251     12       1  351827       1.3986     0.080961        0.073   1000
126969       1   95285898   95360803    111       6  351827      -1.5305      0.93705        0.937   1000
148534       1   95582894   95663163      8       1  351827     -0.56053      0.71244        0.704   1000
25950        1   95699711   95712781    115       5  351827      0.32057      0.37427        0.401   1000
1806         1   97543299   98386615      1       1  351827      0.13931       0.4446        0.439   1000
55170        1  107599267  107601916     17       1  351827     -0.44396      0.67146        0.664   1000
22854        1  107682540  108024477      2       1  351827      0.15319      0.43912         0.44   1000
29957        1  108677344  108742980     26       2  351827     -0.69449      0.75631        0.766   1000
6884         1  109606998  109618624      6       1  351827      0.20187      0.42001        0.424   1000
1952         1  109792641  109818378      8       1  351827     0.093458      0.46277        0.461   1000
84722        1  109822176  109825790     12       2  351827    -0.023295      0.50929         0.51   1000
6272         1  109852187  109940563      6       1  351827      0.17989      0.42862        0.437   1000
284612       1  110009100  110024764    169       3  351827       1.4976     0.067115        0.062   1000
57463        1  110049446  110052336     49       5  351827       2.3454    0.0095029         0.01   1000
2948         1  110198698  110208123     26       6  351827    -0.041495      0.51655         0.51   1000
2944         1  110230418  110240828      4       1  351827     -0.76569      0.77807        0.787   1000
2947         1  110276554  110283660     31       4  351827     -0.28991      0.61406        0.634   1000
128338       1  111659954  111682838     35       4  351827    -0.060871      0.52427        0.513   1000
5016         1  111956937  111970399     33       1  351827      -1.0601      0.85544        0.869   1000
54879        1  113066140  113162040    138       4  351827     -0.50583      0.69351         0.67   1000
270          1  115215719  115238239      3       1  351827      0.44244      0.32908        0.344   1000
10100        1  115590632  115632121     68       4  351827      0.77416      0.21942         0.23   1000
126868       1  116654376  116677861     11       1  351827      -1.0483      0.85276        0.831   1000
8458         1  117602910  117645492     12       1  351827      -1.0513      0.85345        0.839   1000
79679        1  117686209  117753582      1       1  351827      -1.0346      0.84956        0.858   1000
54855        1  118148604  118171011      3       1  351827       1.4538     0.072994        0.077   1000
10352        1  119573839  119683404    246      10  351827      -3.2098      0.99934        0.998   1000
148741       1  145549209  145568526      3       1  351827      -0.9887       0.8386        0.814   1000
51205        1  147119168  147142634     30       4  351827      0.23998      0.40517        0.411   1000
9900         1  149874870  149889434    101       2  351827     -0.10042         0.54        0.514   1000
79630        1  150244687  150253335      8       2  351827      0.52354       0.3003        0.306   1000
84072        1  150670535  150693372    370       6  351827      0.20488      0.41883        0.394   1000
1520         1  150702672  150738433    309       3  351827      0.22153      0.41234        0.381   1000
57530        1  151483331  151511168      4       1  351827      0.40044      0.34442        0.349   1000
117145       1  151843342  151882361     69       2  351827     -0.75791      0.77575        0.778   1000
57115        1  153302596  153321039     77       2  351827    -0.044705      0.51783        0.511   1000
27173        1  153931575  153940660      1       1  351827      -0.6741      0.74988        0.763   1000
7059         1  155165379  155177772     55       4  351827      0.71996      0.23577        0.259   1000
2629         1  155204239  155214653     83       2  351827       1.0306      0.15136        0.174   1000
284618       1  155290251  155293938     29       1  351827      0.91465      0.18019        0.211   1000
6016         1  155867599  155881193     40       2  351827      0.46443      0.32117        0.336   1000
57111        1  156030966  156040295      1       1  351827     -0.71313      0.76212        0.774   1000
64218        1  156117145  156147542      9       1  351827     -0.39997      0.65541        0.663   1000
79957        1  156213112  156217908     25       2  351827       0.7253      0.23413        0.206   1000
7203         1  156278752  156308206    109       3  351827     -0.44525      0.67193        0.673   1000
79368        1  157715523  157747119     31       1  351827       1.6065     0.054079        0.044   1000
391123       1  159824106  159832447     14       3  351827      -1.3428      0.91032        0.901   1000
57823        1  160708865  160724611      1       1  351827     -0.11019      0.54387        0.543   1000
55600        1  160846330  160854960    108       2  351827       0.1623      0.43554        0.404   1000
8490         1  163112089  163291581    128       4  351827      -0.7776       0.7816        0.782   1000
223          1  165631449  165667900      1       1  351827      0.38701      0.34937        0.341   1000
387597       1  166882441  166944576      2       1  351827      -1.7155      0.95687        0.959   1000
84944        1  166958394  166991451     17       2  351827     -0.97048       0.8341        0.851   1000
6375         1  168545711  168551315     14       1  351827     -0.39521      0.65366        0.646   1000
1805         1  168664695  168698442      1       1  351827      -1.0011      0.84162        0.856   1000
481          1  169075947  169101960      2       1  351827        1.305     0.095947        0.089   1000
29922        1  169101258  169337186     59       2  351827       1.3061     0.095752        0.097   1000
92342        1  169761670  169764088    612       3  351827     -0.92607       0.8228        0.849   1000
2326         1  171217610  171255113      1       1  351827      0.27774       0.3906        0.398   1000
462          1  173872938  173886516    402       5  351827      0.33479      0.36889        0.347   1000
9910         1  174128552  174964445     67       5  351827      0.12443      0.45049        0.456   1000
9674         1  175126123  175162229     24       2  351827      0.07782      0.46899        0.431   1000
9068         1  178818670  178840215      3       1  351827     -0.11787      0.54691        0.542   1000
9917         1  178994939  179045702     99       5  351827      -1.5748      0.94235        0.953   1000
64222        1  179050415  179067158      3       1  351827     -0.67177      0.74914        0.756   1000
126859       1  179334855  179523870     49       3  351827     -0.54609       0.7075        0.714   1000
163589       1  179560748  179660407    438       9  351827     0.038288      0.48473        0.476   1000
89884        1  180199433  180244188     14       2  351827       1.3128     0.094618        0.085   1000
57710        1  180882313  180920745      1       1  351827     0.030145      0.48798        0.482   1000
10092        1  183595328  183605076    237       3  351827       1.8154     0.034728        0.032   1000
23127        1  183898988  184006904     14       3  351827      0.15988      0.43649        0.434   1000
81563        1  184356150  184598155      1       1  351827     -0.11177       0.5445        0.549   1000
64407        1  192127592  192154945     38       1  351827      0.98883      0.16137        0.162   1000
10878        1  196743925  196763203    103       4  351827     -0.81126      0.79139        0.784   1000
83479        1  200609935  200639126     26       2  351827     -0.32347      0.62683        0.629   1000
55765        1  200860627  200884864     31       1  351827     -0.33822       0.6324        0.617   1000
23046        1  200938514  200992828     51       3  351827      0.55905      0.28806        0.277   1000
647219       1  201083081  201084500     46       4  351827      0.86686      0.19301         0.19   1000
252839       1  201103900  201140710     13       2  351827      -0.2864      0.61271        0.591   1000
5778         1  202116141  202130716      1       1  351827       1.2583      0.10413        0.107   1000
59352        1  202163118  202288889     44       2  351827      0.87068      0.19196        0.189   1000
51094        1  202909960  202927700      7       1  351827     -0.87771      0.80995        0.824   1000
2331         1  203309749  203320557     17       1  351827     -0.48302      0.68546        0.677   1000
22874        1  204187979  204329057      1       1  351827     -0.53995      0.70539        0.719   1000
9911         1  205197038  205242471     34       1  351827       1.5859     0.056381        0.047   1000
5129         1  205473684  205501921      1       1  351827      0.27039      0.39343        0.378   1000
148808       1  205538112  205572046      3       1  351827      0.52621      0.29937        0.274   1000
8934         1  205737114  205744615     63       5  351827      0.96426      0.16746        0.154   1000
148811       1  205797150  205819276     57       4  351827       1.0327      0.15087        0.143   1000
725          1  207262210  207273338      2       1  351827       1.0031       0.1579        0.151   1000
722          1  207277583  207318317      8       1  351827       0.7736      0.21958        0.202   1000
80342        1  209929393  209955668      2       1  351827      0.39081      0.34797        0.344   1000
27042        1  210001312  210030910     33       2  351827       0.8756      0.19063        0.185   1000
7188         1  211499849  211548403     69       3  351827     -0.27381      0.60788        0.605   1000
55248        1  212537816  212588267     13       2  351827     0.062419      0.47511         0.48   1000
28982        1  213031597  213072705     48       1  351827       0.2402      0.40509        0.396   1000
90806        1  213165524  213189168    119       4  351827       1.1148      0.13246        0.145   1000
56950        1  214454565  214510477      3       1  351827      0.71866      0.23617        0.242   1000
51018        1  218458629  218511325     12       2  351827     0.026746      0.48933         0.46   1000
10380        1  220230824  220263249    116       5  351827       2.3153     0.010299       0.0124   5000
79762        1  220863628  220872499     89       3  351827     -0.47053      0.68101        0.686   1000
79802        1  222695602  222721444     27       1  351827      0.18015      0.42852         0.41   1000
148362       1  222885906  222908529     16       1  351827     -0.10262      0.54087        0.521   1000
388743       1  223714972  223853436      2       1  351827       1.1742      0.12017        0.135   1000
29097        1  224544513  224567154    116       1  351827     -0.23414      0.59256        0.598   1000
10637        1  226073982  226076846     49       3  351827      0.80831      0.20946        0.204   1000
3020         1  226250408  226259703     68       3  351827     -0.44009      0.67006        0.688   1000
8476         1  227177566  227506193    150       1  351827      0.45443      0.32476        0.308   1000
126731       1  229456752  229478688      6       1  351827       1.0282      0.15193        0.164   1000
183          1  230838269  230850336      2       1  351827    -0.081897      0.53264        0.564   1000
10753        1  230883089  230937749     22       2  351827      0.33635       0.3683        0.369   1000
84284        1  233086277  233114548     89       3  351827    -0.030796      0.51228        0.524   1000
148641       1  234040679  234460262     30       3  351827       1.2889     0.098713        0.121   1000
388753       1  234508932  234519795     43       2  351827     -0.33218      0.63012        0.649   1000
6894         1  234527059  234614863      2       1  351827      0.24287      0.40405        0.407   1000
88           1  236849754  236927931      3       1  351827      0.55378      0.28986        0.283   1000
84288        1  245133171  245288530    193       6  351827       2.4234    0.0076882         0.01   1000
64754        1  245912642  246670644     38       4  351827     -0.46723      0.67983        0.682   1000
51097        1  246887378  246931439     63       4  351827      -1.4253      0.92297        0.924   1000
79862        1  247263264  247267685     28       3  351827        0.351       0.3628        0.357   1000
7678         1  247285277  247335529     11       1  351827      -1.9929      0.97687        0.969   1000
84838        1  247460717  247495294     38       1  351827       0.3604      0.35927        0.351   1000
26751        2     218136     264820    160       9  351827     -0.25122      0.59918        0.595   1000
129787       2     667793     677439      7       1  351827      0.11491      0.45426        0.463   1000
54221        2     946554    1371401     78       3  351827      0.13457      0.44648         0.46   1000
7173         2    1417233    1547445     10       1  351827      -2.4574        0.993        0.993   1000
7837         2    1635659    1748291      4       1  351827      -2.3342      0.99021        0.988   1000
9014         2    9983571   10074545    136       7  351827      0.25921      0.39774        0.398   1000
3241         2   10443015   10567743      2       1  351827    -0.049911       0.5199        0.555   1000
9687         2   11674242   11782914      3       1  351827      -1.4756      0.92997        0.934   1000
1653         2   15731745   15771235     35       1  351827      -1.1762      0.88025         0.88   1000
79677        2   17845079   17935096     79       5  351827    -0.025959      0.51036        0.506   1000
348654       2   17935152   17966632     82       4  351827      0.67726      0.24912        0.233   1000
3790         2   18059105   18114225     64       8  351827    -0.042267      0.51686         0.51   1000
130502       2   20096514   20101747     38       1  351827     -0.87642       0.8096        0.807   1000
60526        2   20883788   21022890      7       1  351827      -1.3487      0.91128        0.914   1000
2281         2   24272584   24286551      7       1  351827      0.91835      0.17922        0.177   1000
375189       2   24337954   24346334     16       1  351827      0.65034      0.25774        0.246   1000
375190       2   24346350   24392507    258       6  351827       1.1649      0.12203        0.135   1000
653140       2   24397471   24423718     12       1  351827      0.71389      0.23765        0.229   1000
3795         2   27309611   27323619    235       5  351827      0.55623      0.28903        0.283   1000
51374        2   27434899   27440046     87       2  351827      -1.1446      0.87382        0.878   1000
151056       2   28718938   28866654      2       1  351827     -0.76802      0.77876        0.791   1000
55006        2   29072687   29093175    121       3  351827    -0.047115      0.51879        0.496   1000
165186       2   29204164   29275096      6       1  351827      -1.4773       0.9302        0.916   1000
81606        2   30454397   30482899     52       2  351827      -1.0601      0.85545        0.844   1000
253558       2   30670102   30867091     55       4  351827     -0.66295      0.74632        0.742   1000
7498         2   31557188   31637611      2       1  351827     0.085599      0.46589        0.463   1000
84661        2   32245856   32264890      3       1  351827     -0.62481      0.73395        0.711   1000
55622        2   32853087   33046118      8       2  351827      0.11402      0.45461        0.484   1000
25780        2   33661416   33789798     28       2  351827     -0.11987      0.54771        0.551   1000
10153        2   37428772   37458740      6       1  351827       1.2958     0.097516        0.097   1000
151393       2   38152462   38294285     64       3  351827    -0.072669      0.52897        0.537   1000
91461        2   42275161   42285668      1       1  351827      0.68315      0.24725        0.281   1000
27436        2   42396490   42559688      2       1  351827       2.1307     0.016555        0.016   1000
9167         2   42577640   42596150     26       2  351827      0.67666      0.24931         0.25   1000
10128        2   44113363   44223144     49       6  351827       1.1667      0.12166        0.117   1000
90423        2   46738986   46769551     91       6  351827     -0.39113      0.65215        0.655   1000
9419         2   46844325   46852881     44       2  351827     -0.65408      0.74347        0.748   1000
4436         2   47630206   47739716     33       2  351827     -0.69256      0.75571        0.764   1000
3344         2   48541783   48606434     21       2  351827       1.3911     0.082097        0.083   1000
129285       2   48667908   48742531    140       7  351827    -0.009333      0.50372        0.508   1000
11037        2   48757308   48825654      3       1  351827      0.38797      0.34902        0.351   1000
11036        2   48844937   49003645    131       7  351827     -0.58892      0.72204        0.718   1000
98           2   54342410   54532437     72       3  351827    -0.042728      0.51704        0.516   1000
130162       2   55399683   55459699    170      14  351827       1.4065     0.079781        0.079   1000
2202         2   56093097   56151298     15       3  351827       1.8963     0.028963        0.026   1000
53335        2   60678302   60780633      3       1  351827     -0.74745       0.7726        0.756   1000
150962       2   61167548   61245365      4       1  351827     -0.33371       0.6307        0.611   1000
339804       2   61372221   61391964    464       9  351827       1.4212     0.077631        0.079   1000
130872       2   61404553   61415240    109       5  351827       0.7611       0.2233        0.214   1000
54980        2   70377017   70418151     32       2  351827      0.75341       0.2256         0.22   1000
51449        2   70485231   70508317      2       1  351827      0.59701      0.27525         0.26   1000
165530       2   71035775   71047732      2       1  351827        1.357     0.087391        0.091   1000
113419       2   71213068   71222001     15       2  351827      -1.4516      0.92669        0.925   1000
55577        2   71295408   71305998     15       1  351827      0.78976      0.21483         0.22   1000
6697         2   73114512   73119289      2       1  351827     -0.96929       0.8338        0.832   1000
150726       2   73481810   73496758      3       1  351827      -2.2768       0.9886        0.988   1000
9027         2   73867850   73869537     55       1  351827      0.35061      0.36294        0.373   1000
57835        2   74441997   74570534      9       2  351827      -1.0497      0.85308        0.847   1000
83444        2   74682150   74685087     56       3  351827     0.092305      0.46323        0.453   1000
7841         2   74688184   74692537      4       1  351827        1.395     0.081506        0.074   1000
9801         2   75873909   75889334      9       1  351827        -0.29      0.61409        0.622   1000
8802         2   84650647   84686586      1       1  351827       0.7159      0.23703        0.237   1000
1768         2   84743579   85046713     13       2  351827     -0.54515      0.70717        0.721   1000
10618        2   85545141   85555419      3       1  351827      0.33457      0.36897        0.365   1000
2677         2   85771978   85788657      5       1  351827       1.6693     0.047525        0.043   1000
10791        2   85811531   85820511      1       1  351827      -1.0153      0.84501        0.848   1000
10578        2   85921414   85925967     11       1  351827    -0.077146      0.53075        0.498   1000
10989        2   86371055   86423264    123       1  351827      0.67269      0.25057         0.25   1000
51318        2   86426478   86440913      5       1  351827       1.9048     0.028406        0.039   1000
65055        2   86441116   86565206     87       2  351827     -0.25067      0.59897          0.6   1000
55258        2   88469814   88486156    116      11  351827       0.1325      0.44729        0.453   1000
84874        2   95813400   95825322     37       5  351827     -0.18613      0.57383        0.527   1000
30818        2   95963072   96051825    129       2  351827     -0.36545      0.64261        0.632   1000
151          2   96778623   96782281     15       2  351827      -1.1139      0.86733        0.867   1000
431705       2   96789589   96804175     17       2  351827      -1.0138      0.84466        0.829   1000
1844         2   96808908   96811206      4       1  351827      -0.1222      0.54863         0.55   1000
9391         2   96931884   96939917     57       2  351827       1.4812     0.069283        0.063   1000
23020        2   96940074   96971307      9       1  351827       2.2505     0.012208        0.013   1000
26504        2   97426639   97477628     17       2  351827       1.1131      0.13282        0.134   1000
375248       2   97778923   97930258     84       3  351827     -0.26954      0.60624        0.605   1000
57730        2   98109009   98206708    330      11  351827      0.03129      0.48752        0.481   1000
80705        2   99613724   99771187    366       6  351827     -0.52163      0.69904        0.706   1000
51601        2   99771418   99779620    114       2  351827     -0.82102      0.79418        0.792   1000
2274         2  105977272  106055230      1       1  351827     0.042512      0.48305        0.494   1000
84417        2  106682113  106694611      2       1  351827     -0.46877      0.68038        0.718   1000
6819         2  108905095  108926371     26       2  351827      0.78322      0.21675        0.235   1000
9648         2  109065577  109125854    232       4  351827       1.2799      0.10029        0.097   1000
151011       2  110300372  110371783      5       1  351827       1.5527     0.060242         0.06   1000
10461        2  112656056  112797293     38       3  351827      0.35726      0.36045        0.371   1000
727851       2  113125946  113191222    172       7  351827      0.15352        0.439        0.444   1000
150465       2  113239743  113290223      3       1  351827     -0.39628      0.65405        0.659   1000
84172        2  113298676  113334727     43       3  351827      0.66443      0.25321        0.279   1000
6574         2  113403434  113421402     34       1  351827     -0.45714      0.67622        0.669   1000
23550        2  113914976  113960677     14       1  351827       1.2829      0.09976        0.094   1000
7849         2  113973574  114036527     53       4  351827     -0.45783      0.67646        0.688   1000
11159        2  114384814  114400975      9       2  351827       1.4291     0.076494        0.077   1000
51141        2  118846033  118867604     13       2  351827       0.4807      0.31536        0.314   1000
8685         2  119699745  119752236      9       1  351827     -0.39338      0.65298        0.676   1000
55240        2  119981384  120023228      7       2  351827     -0.03518      0.51403        0.513   1000
5899         2  120997646  121052287     77       1  351827      0.72522      0.23416        0.242   1000
339761       2  127941412  127977654      4       1  351827     -0.32315      0.62671         0.62   1000
2071         2  128014866  128051752    173       8  351827     -0.61693      0.73136        0.733   1000
2840         2  128403439  128410213     41       7  351827      -1.7163      0.95695        0.955   1000
5433         2  128603840  128615729     24       2  351827       1.5558     0.059878        0.058   1000
84084        2  130737235  130740311      1       1  351827      0.10153      0.45956        0.413   1000
653784       2  132227298  132250312    243       9  351827       1.8874     0.029555        0.025   1000
905          2  135676363  135716915     73       2  351827      -2.1659      0.98484        0.985   1000
5000         2  148687966  148779173      1       1  351827       1.1721      0.12058        0.109   1000
55183        2  152266397  152333860     84       5  351827      0.52638      0.29931        0.285   1000
114793       2  153191684  153506348      2       1  351827     -0.85722      0.80434        0.792   1000
114805       2  154728426  155310489     10       2  351827     -0.80732      0.79026        0.805   1000
151525       2  160092304  160143304     18       1  351827     -0.91737      0.82053        0.804   1000
4065         2  160659866  160761267    177       9  351827    -0.060081      0.52395        0.517   1000
64135        2  163123589  163175218     96       2  351827      0.78231      0.21702        0.196   1000
55137        2  164461447  164592618     14       2  351827       1.5854     0.056442        0.054   1000
151258       2  165754709  165812035     11       2  351827      -1.0818      0.86034        0.874   1000
115677       2  169643049  169721849      4       2  351827      0.34698       0.3643        0.363   1000
57405        2  169727401  169747277     37       2  351827      0.66119      0.25425        0.269   1000
57818        2  169757750  169766510     65       8  351827      0.24289      0.40404        0.414   1000
79901        2  172378757  172414643     73       7  351827      0.94908      0.17129        0.159   1000
1781         2  172543919  172606668     12       1  351827      0.87558      0.19063        0.173   1000
11069        2  173600525  173917621      4       1  351827      0.39124      0.34781        0.341   1000
7456         2  175424302  175547667     16       2  351827     -0.14002      0.55568        0.567   1000
80856        2  176790410  176867018      2       1  351827      0.12324      0.45096        0.454   1000
10477        2  181845112  181928154     11       1  351827     -0.40849      0.65854        0.675   1000
165215       2  187558789  187630686     78       4  351827     -0.56124      0.71268        0.734   1000
54529        2  190526125  190535557    135       5  351827    -0.099326      0.53956         0.55   1000
26275        2  191069355  191184771     73       4  351827     -0.36764      0.64343        0.653   1000
100131211    2  191371619  191399468     68       3  351827      0.46481      0.32103        0.305   1000
23671        2  192770615  193059645     18       1  351827     0.046746      0.48136        0.458   1000
57181        2  196477798  196602426     67       2  351827      0.43189      0.33291         0.35   1000
56171        2  196602427  196933536    253       4  351827     -0.20386      0.58077        0.594   1000
53938        2  201735630  201754048    191       9  351827     -0.48749      0.68704        0.672   1000
841          2  202098166  202152434     46       4  351827      -1.5636      0.94104        0.949   1000
130540       2  202153147  202222101    108       5  351827      -3.0037      0.99867        0.998   1000
57679        2  202564986  202645895      7       1  351827      0.53147      0.29755        0.313   1000
130026       2  203637873  203736708    265       2  351827       2.1129     0.017306        0.019   1000
8745         2  207308268  207485854      1       1  351827      0.68436      0.24687        0.245   1000
7855         2  208627310  208634143     21       2  351827      0.94109      0.17333        0.182   1000
1373         2  211342406  211543831     45       2  351827    -0.074531      0.52971        0.515   1000
580          2  215590370  215674428     95       5  351827     -0.57957       0.7189        0.726   1000
50485        2  217277137  217347776     73       2  351827      0.78891      0.21508        0.229   1000
64320        2  219528587  219536781      2       1  351827      0.11512      0.45417        0.432   1000
1593         2  219646472  219680016     33       1  351827       3.1703   0.00076132       0.0007  10000
79411        2  220101331  220110155     31       3  351827       1.1638      0.12225        0.124   1000
23549        2  220238180  220264730      1       1  351827     -0.51424      0.69646        0.694   1000
2043         2  222282747  222437010      2       1  351827       -2.111      0.98261        0.982   1000
1286         2  227867427  228029275      4       1  351827      0.62062      0.26742        0.288   1000
1285         2  228029281  228179508     10       2  351827     -0.10026      0.53993        0.558   1000
130888       2  230787023  230877825      1       1  351827     0.045027      0.48204        0.497   1000
3431         2  231033634  231090444      5       1  351827     -0.43105      0.66678        0.687   1000
11262        2  231090445  231177930      1       1  351827       0.2453      0.40311        0.408   1000
6672         2  231280871  231410317      7       1  351827     -0.19829      0.57859        0.593   1000
81618        2  231729546  231743963      3       1  351827   -0.0012618       0.5005        0.485   1000
9290         2  231772043  231789953     28       2  351827      0.48874      0.31251        0.332   1000
80210        2  232063294  232238606     61       2  351827     -0.37342      0.64558        0.626   1000
93010        2  232260335  232265875      1       1  351827     0.034973      0.48605        0.498   1000
200765       2  233412779  233415226      1       1  351827      0.75895      0.22394        0.232   1000
80303        2  233470767  233547491     13       2  351827      0.97896       0.1638        0.172   1000
25791        2  233743396  233877951     19       1  351827      0.46544      0.32081        0.306   1000
55054        2  234160217  234204320     43       2  351827      0.23521      0.40702        0.393   1000
375316       2  238707032  238751451     99       4  351827     -0.18845      0.57474        0.574   1000
339768       2  239008951  239041928     64       4  351827     -0.31199      0.62248        0.615   1000
4705         2  240896789  240964819     82       5  351827     0.034986      0.48605        0.501   1000
2859         2  241544825  241570676      1       1  351827      -2.4775      0.99338        0.996   1000
4735         2  242254723  242293442     56       5  351827     -0.15044      0.55979        0.605   1000
9855         2  242295664  242434256     31       1  351827      0.41082       0.3406        0.347   1000
666          2  242498146  242513553     13       2  351827      -1.8166      0.96536         0.96   1000
84289        2  242641456  242668896     62       6  351827     -0.21367       0.5846        0.575   1000
728294       2  242674030  242708231     63       5  351827     -0.62245      0.73318        0.729   1000
64090        2  242716240  242743702     22       3  351827     -0.73014      0.76735        0.743   1000
5133         2  242792033  242801058     81       3  351827      0.42826      0.33423        0.349   1000
285093       2  242811886  242815482      1       1  351827     0.032095       0.4872        0.468   1000
285362       3    4402829    4508966     60       5  351827       0.1392      0.44464        0.474   1000
285367       3    9879533    9885702      4       1  351827     -0.20656      0.58182        0.577   1000
132014       3    9944296    9958086     29       1  351827       0.4844      0.31405         0.33   1000
78987        3    9975478    9987097      1       1  351827       1.2462      0.10635        0.114   1000
2177         3   10068113   10143614      2       1  351827      -1.8763       0.9697        0.969   1000
55845        3   10157333   10168874     28       1  351827       2.7622    0.0028707       0.0028   5000
6529         3   11034420   11080935     14       1  351827      -1.2923      0.90187        0.908   1000
132001       3   11831916   11888393     58       2  351827     -0.85615      0.80404        0.818   1000
100129480    3   12581280   12586963      1       1  351827       1.1589      0.12324        0.116   1000
23609        3   12598513   12625212      3       1  351827     -0.46203      0.67797        0.655   1000
80852        3   14530396   14583588      2       1  351827     -0.90545      0.81739        0.808   1000
51244        3   14693253   14714166      4       1  351827      -2.0057      0.97755        0.982   1000
84077        3   14716606   14814543     40       2  351827       -1.565      0.94121         0.95   1000
131965       3   15422782   15469054     10       1  351827      -1.4314      0.92384        0.917   1000
151651       3   19920964   19977820    131      10  351827      -2.6617      0.99611        0.994   1000
116135       3   26664300   26752267      3       1  351827      0.53691      0.29566        0.299   1000
112616       3   32433163   32496333     26       2  351827      -0.3623      0.64144         0.63   1000
199223       3   39149152   39180394     18       1  351827     -0.98147      0.83682        0.837   1000
3921         3   39448204   39454033    148       3  351827      0.56889      0.28471        0.284   1000
9045         3   40498783   40503863    156       2  351827      -2.7108      0.99664        0.999   1000
54986        3   41288090   42056080    643       4  351827       -1.236      0.89178        0.927   1000
4820         3   42642147   42690233     14       1  351827    -0.082883      0.53303        0.545   1000
152206       3   42749764   42814745      1       1  351827      0.32006      0.37446        0.364   1000
51099        3   43732375   43764217      1       1  351827       1.2855     0.099309        0.079   1000
285349       3   44626456   44641186    176       4  351827      -1.5293       0.9369        0.936   1000
91392        3   44754135   44765323    120       5  351827       1.6396     0.050543        0.046   1000
115560       3   44771098   44778575      8       2  351827       2.3933    0.0083496       0.0106   5000
57456        3   44790236   44803173     27       1  351827       1.2462      0.10634        0.106   1000
23395        3   45430053   45590334     93       4  351827      0.34849      0.36374        0.358   1000
8994         3   45636323   45722755     47       2  351827      -1.2441      0.89327          0.9   1000
79443        3   45959391   46037316     34       2  351827        1.322     0.093092        0.102   1000
4057         3   46477496   46506598     27       1  351827     -0.35951      0.64039        0.631   1000
6997         3   46616045   46623953     26       2  351827      -3.1804      0.99926        0.999   1000
100132146    3   46653925   46668033      1       1  351827     -0.38574      0.65015        0.643   1000
377047       3   46783581   46790143    143       9  351827      0.22547      0.41081        0.409   1000
151903       3   46963220   47023500      4       1  351827      -1.2311      0.89085        0.888   1000
993          3   48198668   48230153    326       4  351827       1.2485      0.10592        0.095   1000
51385        3   48282596   48312480    352       4  351827       1.2487      0.10588        0.091   1000
646424       3   48348336   48369831    315       4  351827       1.1947      0.11611        0.102   1000
51246        3   48509197   48542259      4       1  351827     -0.65033      0.74226        0.743   1000
51517        3   48700419   48723366    192       4  351827     -0.37905      0.64768        0.658   1000
51447        3   48725436   48754711      2       1  351827      0.51876      0.30196        0.278   1000
10425        3   48956265   49022974     77       1  351827      -1.5601      0.94063        0.937   1000
11180        3   49044637   49053386    393       8  351827      0.66092      0.25433        0.237   1000
54870        3   49067140   49131504     46       1  351827     0.058537      0.47666        0.487   1000
275          3   49454211   49460111    249       5  351827      0.34743      0.36413        0.366   1000
4485         3   49721380   49726196      4       2  351827      0.77141      0.22023        0.219   1000
63891        3   49726950   49758962      4       1  351827      0.15532      0.43828        0.407   1000
29925        3   49758909   49761407     91       3  351827      0.98244      0.16294        0.156   1000
7318         3   49842638   49851391     22       1  351827      0.69691      0.24293        0.238   1000
10180        3   49977474   50114685    369       7  351827      0.25811      0.39816         0.38   1000
8372         3   50330259   50336899      7       2  351827       1.1673      0.12154        0.104   1000
3373         3   50337320   50349812      9       3  351827      0.10741      0.45723        0.474   1000
11068        3   50388265   50391500     34       2  351827        1.029      0.15175        0.143   1000
9254         3   50400230   50540892      3       1  351827      0.75987      0.22367        0.218   1000
64943        3   52558385   52569093     15       2  351827     -0.85909      0.80485        0.791   1000
6787         3   52744796   52804965    276       3  351827      0.94054      0.17347        0.161   1000
3700         3   52847006   52864717     88       2  351827      0.75691      0.22455        0.227   1000
91869        3   53122499   53164480     53       1  351827     0.072216      0.47122        0.479   1000
93973        3   53898959   53916229    102       3  351827      0.24088      0.40482        0.426   1000
55799        3   54156620   55108584      1       1  351827     -0.18221      0.57229        0.576   1000
285331       3   56591184   56655864     88       2  351827       1.9663     0.024632        0.025   1000
1776         3   58178353   58196730     22       2  351827       2.1945       0.0141        0.014   1000
11102        3   58291972   58305920      7       1  351827     -0.25048      0.59889        0.577   1000
5162         3   58413357   58419579    124       1  351827       1.8136     0.034868        0.031   1000
8309         3   58490863   58522929      4       1  351827      0.54538      0.29275        0.291   1000
11170        3   58549841   58613337     12       1  351827     -0.48397       0.6858        0.696   1000
200844       3   58720199   59035804      1       1  351827      -1.3499      0.91147        0.914   1000
5793         3   61547243   62280573      2       1  351827      0.45256      0.32543        0.333   1000
8801         3   67410884   67705038     48       3  351827       1.5849     0.056496         0.06   1000
10550        3   69134090   69155239     10       2  351827      0.46709      0.32022         0.31   1000
727936       3   72937385   73024525     12       2  351827     -0.39883      0.65499        0.674   1000
100131827    3   75785868   75834709     93       3  351827      0.25819      0.39813        0.375   1000
25978        3   87276413   87304698     58       2  351827      0.42777      0.33441        0.339   1000
8545         3   88101100   88199016     67       6  351827     -0.34526      0.63505        0.624   1000
1371         3   98296677   98312470      2       1  351827       1.1334      0.12852        0.126   1000
348801       3  100120037  100175170     30       2  351827      -0.4721      0.68157        0.698   1000
57337        3  101043049  101232085      1       1  351827     0.061608      0.47544        0.456   1000
131368       3  101928816  102198685      1       1  351827      -1.8878      0.97048        0.974   1000
151887       3  112323407  112359977      1       1  351827     -0.40743      0.65815        0.667   1000
91653        3  112929850  113006306      1       1  351827     -0.23652      0.59348        0.589   1000
523          3  113465866  113530905      1       1  351827     -0.23772      0.59395        0.597   1000
152404       3  118619477  118864915      4       1  351827       1.6873      0.04577        0.049   1000
56983        3  119187785  119213555     34       1  351827     -0.36906      0.64396        0.637   1000
141          3  119298280  119308792      3       1  351827       1.3092     0.095235        0.103   1000
89876        3  119421869  119485949     84       5  351827     -0.89146      0.81366        0.825   1000
2932         3  119540800  119813264      2       1  351827     -0.18896      0.57494        0.577   1000
11167        3  120113061  120169918      3       1  351827     -0.34586      0.63528        0.617   1000
10721        3  121150273  121264853      3       1  351827      0.81484      0.20758        0.208   1000
9657         3  121488608  121553926    222       8  351827      0.35352      0.36185        0.345   1000
151636       3  122283085  122294050      2       1  351827       2.2263     0.012997        0.011   1000
54625        3  122399672  122449687      1       1  351827     -0.81443       0.7923        0.781   1000
54763        3  123687862  123711017      7       1  351827      0.21752       0.4139        0.413   1000
84561        3  124801480  124931609      4       1  351827     -0.93928      0.82621        0.816   1000
200810       3  125647459  125709383    160       4  351827      0.85421       0.1965        0.205   1000
54946        3  125725200  125820398    109       5  351827       2.0631     0.019553        0.023   1000
79364        3  126156444  126194773     21       1  351827     -0.71771      0.76353        0.775   1000
131669       3  126200008  126236616     90       4  351827     -0.96075      0.83166        0.841   1000
166012       3  126243131  126262134     74       3  351827     -0.37498      0.64616        0.677   1000
166348       3  127634075  127706514      5       1  351827      -1.2436      0.89318        0.898   1000
6184         3  128338813  128369719     82       2  351827       1.0397      0.14925        0.157   1000
22820        3  128968453  128996616     10       2  351827     -0.12532      0.54987        0.554   1000
30849        3  130397778  130465696    149       1  351827      0.53826       0.2952        0.299   1000
79858        3  130745694  131069309     70       3  351827       1.1625      0.12252        0.121   1000
23317        3  132136361  132257876      7       1  351827      0.16905      0.43288        0.432   1000
27031        3  132399453  132441303     95       8  351827      0.74076      0.22942        0.227   1000
25847        3  134196546  134204865    333       4  351827     -0.20082      0.57958        0.555   1000
80254        3  134204575  134293855    288       3  351827     -0.57152      0.71618        0.712   1000
53833        3  136676707  136729927     84       1  351827      0.01447      0.49423        0.465   1000
51146        3  137842560  137851229    128       5  351827      0.42126      0.33678        0.327   1000
5947         3  139236276  139258671     11       1  351827      0.73498      0.23118        0.224   1000
349565       3  139279022  139396885     26       3  351827      0.46095      0.32242        0.338   1000
5922         3  141205891  141334186      1       1  351827      0.20135      0.42021        0.413   1000
9616         3  141457051  141465645      2       1  351827         0.87      0.19215        0.189   1000
7220         3  142443266  142526730      1       1  351827       1.4898     0.068143        0.057   1000
5352         3  145787225  145879282    253       7  351827     -0.58117      0.71944        0.766   1000
57088        3  145910122  145968966     12       2  351827      -1.1643      0.87785        0.872   1000
5359         3  146232967  146262628     15       1  351827       1.3989     0.080927        0.072   1000
6596         3  148747904  148804341     31       2  351827      0.95719      0.16924        0.156   1000
51122        3  149456257  149470287     68       3  351827      -1.7453      0.95953        0.964   1000
389161       3  149478887  149510610      6       1  351827      0.80457      0.21053        0.192   1000
83939        3  150264465  150303803     23       2  351827     -0.20302      0.58044        0.572   1000
64805        3  151054631  151102600     42       2  351827       -0.422      0.66349        0.665   1000
26084        3  153838792  153975616    110       2  351827      0.15791      0.43726        0.439   1000
170506       3  153993452  154042286     23       1  351827      -2.0487      0.97975        0.984   1000
389170       3  156543069  156763918     72       3  351827       1.0445      0.14812        0.149   1000
51319        3  157823690  158262624      3       1  351827      0.21989      0.41298        0.417   1000
85476        3  158362286  158410361     70       1  351827     -0.73086      0.76757        0.754   1000
56925        3  158384203  158390482    165       4  351827      0.96554      0.16714        0.147   1000
64747        3  158519051  158547508      1       1  351827       0.4435       0.3287        0.314   1000
3592         3  159706623  159713806      1       1  351827         1.74     0.040927        0.031   1000
22865        3  164902010  164914469      1       1  351827       2.1081     0.017511        0.024   1000
151827       3  169511216  169530574     15       1  351827     0.062198       0.4752        0.473   1000
55669        3  179065480  179111014     45       3  351827      -1.7576      0.96059        0.954   1000
6657         3  181429712  181432224      1       1  351827     -0.01437      0.50573        0.517   1000
23200        3  182511291  182639423     54       2  351827       0.1585      0.43703        0.439   1000
84002        3  182971032  182991179      6       2  351827      -1.6835      0.95386        0.962   1000
23355        3  184529925  184770402     58       3  351827      -1.8906      0.97066        0.972   1000
1962         3  184908412  184971886      4       1  351827       1.2799      0.10028        0.092   1000
5648         3  186933873  187009810      8       1  351827      -1.1485      0.87463        0.877   1000
10686        3  190105661  190129932     42       3  351827       1.7607     0.039146        0.039   1000
84239        3  193119866  193272810      3       2  351827      0.44761      0.32722        0.326   1000
55341        3  194361517  194393206     27       3  351827      -1.3917        0.918        0.919   1000
152002       3  194789008  194991895    165       3  351827      0.47994      0.31563        0.314   1000
200958       3  195416293  195467004      1       1  351827     -0.11714      0.54662        0.553   1000
255758       3  196018090  196045165     60       2  351827       1.1447      0.12617        0.133   1000
80235        3  196673214  196695742     65       3  351827       1.3662     0.085931          0.1   1000
622          3  197236654  197300194     12       3  351827       1.3356     0.090846        0.076   1000
255403       4     124420     156491    221       9  351827      -1.4589       0.9277        0.929   1000
654254       4     264464     299110     23       2  351827       -1.379      0.91606        0.929   1000
10336        4     699537     764428     99      11  351827     -0.82726      0.79596        0.816   1000
10815        4     778745     819945     79       3  351827      0.37524      0.35374        0.378   1000
2580         4     843065     926174      4       1  351827      0.59381      0.27632        0.281   1000
1609         4     952672     967348     50       4  351827      0.83995      0.20047        0.209   1000
10861        4     972861     987228     41       5  351827       1.2014      0.11479        0.109   1000
10296        4    1283642    1333925     75       4  351827      0.73053      0.23253        0.233   1000
57654        4    1341043    1381837    187       9  351827      0.33452      0.36899        0.349   1000
285464       4    1385340    1389782    187       9  351827      0.33452      0.36899        0.349   1000
152877       4    1641608    1685988     44       1  351827      0.32631      0.37209        0.386   1000
92305        4    1717679    1723084    102       6  351827      0.92203      0.17826        0.194   1000
10460        4    1723217    1746905      2       1  351827      0.49499       0.3103        0.326   1000
2868         4    2965232    3042474    115       2  351827       1.9261     0.027045        0.023   1000
23324        4    6576902    6624188      3       1  351827     -0.99538      0.84022        0.835   1000
60312        4    7760440    7941653    204      10  351827     -0.54354      0.70662        0.699   1000
152992       4    8442532    8478282     35       1  351827      0.48029      0.31551        0.334   1000
579          4   13542454   13546114     19       1  351827      0.20161      0.42011        0.424   1000
952          4   15779921   15850706      9       1  351827      -1.9207      0.97262         0.97   1000
51056        4   17578927   17609590      4       1  351827     -0.47659      0.68317        0.682   1000
80306        4   17616273   17626160    143       2  351827     -0.24687      0.59749        0.597   1000
133015       4   20702036   20729980     14       1  351827     -0.31008      0.62175        0.637   1000
29945        4   25378848   25420120    151       3  351827       1.8925     0.029213         0.04   1000
389203       4   25915528   25931501     90       9  351827     0.058694       0.4766        0.451   1000
10333        4   38825325   38858438     12       1  351827      -1.0663      0.85685        0.889   1000
6133         4   39455744   39460568    175      12  351827      0.99951      0.15877         0.14   1000
3093         4   39699664   39784412      5       1  351827     -0.70026      0.75812        0.768   1000
79730        4   40751914   40812002     41       2  351827      0.65448       0.2564        0.283   1000
323          4   40812044   41218731      5       1  351827      0.50564      0.30655        0.311   1000
152573       4   42399856   42404504      4       2  351827      -2.0486      0.97975        0.983   1000
10396        4   42410390   42659122     50       7  351827       -1.764      0.96114        0.961   1000
386617       4   44175920   44450824     21       1  351827      -1.1537      0.87569        0.873   1000
60558        4   44680433   44702944     42       4  351827      0.17907      0.42894        0.423   1000
132789       4   44694190   44728651    104       4  351827      0.46022      0.32268         0.32   1000
152518       4   47849250   47916684      4       1  351827     -0.85497      0.80372        0.791   1000
1259         4   47937994   48018646    210       6  351827    -0.095857      0.53818        0.524   1000
152519       4   48018791   48039084    188       5  351827      -0.7019      0.75863        0.755   1000
54940        4   48832599   48863834      6       1  351827      0.64251      0.26027        0.248   1000
79644        4   56212388   56239267     10       2  351827      0.74067      0.22945         0.22   1000
57482        4   57036361   57196890     14       3  351827       1.3633     0.086387        0.075   1000
132949       4   57204450   57254265     17       2  351827      -0.3391      0.63273         0.62   1000
1060         4   68337989   68411256      5       1  351827     -0.18894      0.57493        0.578   1000
2798         4   68603093   68621804     65       1  351827       1.0934      0.13711        0.126   1000
7367         4   69402902   69434245     73       3  351827     -0.26992      0.60639        0.607   1000
7364         4   69955190   69978705    771      10  351827     -0.32537      0.62755        0.573   1000
54490        4   70146217   70160768    129       1  351827     -0.10737      0.54275        0.544   1000
85438        4   71200671   71202833     76       3  351827      0.25059      0.40107        0.363   1000
26952        4   71226493   71232823     40       3  351827     -0.48776      0.68714         0.69   1000
10879        4   71248795   71255961    250       9  351827      0.69916      0.24223        0.252   1000
58503        4   71263599   71275914      5       1  351827   -0.0088278      0.50352        0.508   1000
401138       4   71384298   71398460    358      15  351827       1.2366      0.10812         0.13   1000
8671         4   72053003   72437804     12       1  351827     -0.51655      0.69726        0.689   1000
6372         4   74702273   74704477      1       1  351827      -2.2504      0.98779        0.989   1000
6374         4   74861359   74864446      8       1  351827   0.00011929      0.49995        0.503   1000
685          4   75671448   75719882     18       2  351827     -0.15099      0.56001        0.559   1000
152815       4   76439654   76468610      3       1  351827      0.53152      0.29753        0.291   1000
5470         4   76781025   76823681     14       2  351827       0.1266      0.44963        0.443   1000
27163        4   76831808   76862166    168       4  351827     0.029377      0.48828        0.486   1000
53371        4   77035812   77069668    333       4  351827       -1.782      0.96262        0.978   1000
100129583    4   77135193   77204936    109       6  351827     -0.72728      0.76647        0.733   1000
246175       4   78634541   78740764    224       6  351827      0.25189      0.40056        0.391   1000
5593         4   82008643   82136271      4       1  351827      -3.0548      0.99887        0.998   1000
53343        4   88343728   88380606      1       1  351827       1.1176      0.13188        0.159   1000
22915        4   90816003   90875780      1       1  351827      0.72462      0.23434        0.221   1000
127          4  100044832  100065449     13       2  351827      0.14896      0.44079        0.465   1000
130          4  100123795  100140403      4       1  351827      0.78972      0.21485        0.225   1000
56898        4  103998770  104021024    641       9  351827      0.46131      0.32229        0.286   1000
9061         4  108534822  108641419     26       2  351827     -0.19514      0.57736         0.61   1000
81579        4  110631145  110651242     28       2  351827      -1.1166      0.86791        0.856   1000
345193       4  110769340  110793471     72       4  351827     -0.86264      0.80583        0.808   1000
132720       4  113066553  113110237      8       1  351827      0.50893       0.3054        0.314   1000
55345        4  113460489  113558151    108       6  351827      0.16507      0.43444        0.449   1000
11162        4  123813799  123844159     28       1  351827      0.48556      0.31364        0.311   1000
256471       4  128838960  128887185      2       1  351827      0.25835      0.39807        0.369   1000
10424        4  129190392  129209984      1       1  351827       1.2279      0.10973         0.12   1000
1047         4  141309607  141348815     18       2  351827      -0.5385      0.70488        0.712   1000
729830       4  152330398  152591655    168       3  351827       1.1371      0.12776        0.126   1000
79884        4  156263810  156298122     13       1  351827     -0.38469      0.64977        0.633   1000
2982         4  156587862  156658214     10       1  351827       1.0439      0.14826        0.136   1000
56034        4  157682763  157892546      1       1  351827     -0.11892      0.54733        0.527   1000
5481         4  159630279  159644552     11       1  351827       1.1278       0.1297        0.136   1000
4889         4  164265062  164273540     40       1  351827       0.4264      0.33491        0.341   1000
55016        4  164445450  165305093     96       4  351827     -0.29508      0.61603        0.626   1000
1363         4  166300097  166419482    172       2  351827      0.26731      0.39462        0.368   1000
55601        4  169137442  169239958      2       1  351827      -1.2876      0.90106        0.888   1000
54969        4  170650619  170679093      1       1  351827      -1.1388      0.87261        0.875   1000
51809        4  174089904  174245118      1       1  351827      0.18065      0.42832        0.416   1000
116966       4  176986985  177103979      2       1  351827      -2.1083       0.9825        0.974   1000
175          4  178351928  178363657     14       3  351827      0.26279      0.39636        0.388   1000
3660         4  185308867  185395734      8       1  351827      0.55366      0.28991         0.29   1000
79682        4  185615219  185655286    319       3  351827      0.69443      0.24371        0.247   1000
57587        4  186080815  186125182     19       1  351827      0.21839      0.41356        0.425   1000
55325        4  186320691  186347139      7       1  351827     -0.33601      0.63157        0.634   1000
25854        4  187026054  187093817     62       4  351827    -0.050399       0.5201        0.486   1000
285440       4  187112565  187134617     28       5  351827       1.4242       0.0772        0.075   1000
3818         4  187148502  187179625     32       3  351827      0.24135      0.40464        0.436   1000
153478       5     140373     190087     82       1  351827       1.5776     0.057334        0.067   1000
11336        5     443305     467414     60       2  351827      0.13077      0.44798        0.457   1000
6550         5     473298     524549     45       4  351827      0.24639      0.40269        0.395   1000
79844        5     795720     859088      1       1  351827     -0.91605      0.82018        0.816   1000
64979        5    1798499    1799956     34       2  351827       0.1598      0.43652        0.451   1000
54888        5    6599352    6633473    110       8  351827     -0.43339      0.66763        0.679   1000
6715         5    6633500    6669675      6       2  351827       1.3444     0.089409        0.095   1000
22948        5   10250041   10266501     54       1  351827      0.30182       0.3814        0.372   1000
134147       5   10277707   10308168      8       1  351827     -0.35807      0.63986        0.657   1000
1611         5   10679342   10761387     13       2  351827       1.7455     0.040445         0.04   1000
1767         5   13690437   14011841    104       4  351827    -0.060594      0.52416        0.537   1000
55322        5   31532373   31555165      4       1  351827     0.062487      0.47509          0.5   1000
23600        5   33987091   34008220     43       4  351827       1.3077     0.095481        0.093   1000
134218       5   34929698   34959069     87       6  351827      0.11032      0.45608        0.439   1000
167127       5   36035119   36067023     77       4  351827     -0.27773      0.60939        0.608   1000
133686       5   36192694   36242258      6       1  351827     -0.40393      0.65687         0.68   1000
3157         5   43287572   43313614      1       1  351827      -1.0586       0.8551        0.854   1000
23530        5   43602791   43705668     92       2  351827     -0.28958      0.61393        0.591   1000
133418       5   49692026   49737234    486       4  351827       2.3961    0.0082853         0.01   1000
79668        5   49961733   50142356     58       2  351827       1.0879      0.13833        0.142   1000
53918        5   52083774   52098451     20       3  351827        0.123      0.45105        0.466   1000
4338         5   52391509   52405602      3       1  351827     -0.11773      0.54686         0.54   1000
345643       5   54515425   54523143    299       2  351827     -0.43907       0.6697        0.666   1000
10309        5   54526980   54529508    381       4  351827     -0.76404      0.77758        0.804   1000
133383       5   56205087   56221359    261       6  351827      0.12003      0.45223        0.434   1000
166968       5   56215429   56247957      2       1  351827       -1.247       0.8938        0.895   1000
115827       5   57877950   58155221      6       2  351827       1.2813      0.10004        0.098   1000
285671       5   63461671   63668704     43       1  351827       0.1691      0.43286        0.452   1000
401190       5   63801774   63909285     30       3  351827      0.39809      0.34528        0.349   1000
23398        5   64859063   64883376    293       4  351827     -0.79407      0.78642        0.802   1000
373          5   64885507   64920187      4       1  351827      -1.0943      0.86308        0.871   1000
202243       5   68576519   68628623    205       4  351827       2.7207    0.0032575       0.0036   5000
153562       5   68710939   68738701     28       1  351827      -1.2909      0.90163        0.895   1000
4131         5   71403118   71505397     30       2  351827      0.94791      0.17159        0.175   1000
10412        5   74062816   74072737    116       3  351827      0.71445      0.23748        0.241   1000
51301        5   74323246   74350743      7       2  351827      0.38759      0.34916        0.331   1000
134359       5   74970023   75013313     42       1  351827         2.09     0.018308        0.012   1000
2149         5   76011868   76031595     54       2  351827     -0.26326      0.60382        0.613   1000
1393         5   76248680   76265299     27       1  351827       1.5489     0.060705        0.065   1000
55255        5   76727622   76788332     13       2  351827     -0.38586       0.6502        0.667   1000
411          5   78073032   78282357     31       3  351827     -0.86571      0.80667        0.816   1000
256987       5   79407050   79551898      3       1  351827      0.25769      0.39832        0.397   1000
1719         5   79922045   79950800    234       5  351827      -1.0455      0.85211        0.855   1000
4437         5   79950467   80172634    325       8  351827    -0.087492      0.53486        0.521   1000
83734        5   81267844   81551958    192      12  351827       1.7707     0.038304        0.043   1000
6228         5   81569139   81574235    105       4  351827     0.048172      0.48079        0.493   1000
92270        5   81601166   81614147    182       9  351827     -0.20626       0.5817        0.582   1000
1404         5   82934017   83016896     11       1  351827     -0.80162      0.78861        0.802   1000
9652         5   94799599   94890709     27       2  351827      0.11917      0.45257        0.454   1000
51752        5   96096514   96149848    132       8  351827       1.5386     0.061945        0.059   1000
64167        5   96211644   96255420    286       7  351827       0.4014      0.34406        0.321   1000
7903         5  100142639  100238989      3       1  351827      0.42482      0.33548        0.348   1000
353189       5  101569690  101632253    306       3  351827      0.63909      0.26138        0.262   1000
83594        5  102884556  102898493     14       2  351827      -1.1721      0.87942        0.855   1000
642987       5  109755197  110062507     50       2  351827     -0.40159      0.65601        0.665   1000
85480        5  110405778  110413722     45       2  351827       -1.528      0.93674        0.933   1000
134430       5  110427870  110466200      2       1  351827     0.029204      0.48835        0.508   1000
167227       5  112312399  112357892     63       4  351827     -0.35621      0.63916        0.618   1000
64848        5  112849391  112930984    348       7  351827      -1.2325      0.89111        0.901   1000
153733       5  114602885  114632458      8       1  351827      -0.4115      0.65965        0.699   1000
353376       5  114914339  114952142     23       1  351827      -1.3781      0.91592        0.901   1000
1036         5  115140430  115152405     45       2  351827     -0.17086      0.56783        0.592   1000
51397        5  115420727  115628978     11       2  351827     -0.79024      0.78531        0.783   1000
285605       5  118172569  118324240      9       1  351827     -0.42324      0.66394        0.662   1000
340069       5  118965254  118971517     51       2  351827        1.727     0.042083        0.036   1000
5480         5  122359078  122372425      4       1  351827     -0.13163      0.55236        0.532   1000
501          5  125877533  125931104      3       1  351827     -0.37216      0.64511        0.653   1000
28965        5  128300951  128369335     41       4  351827     -0.95011      0.82897        0.827   1000
171019       5  128796103  129074376     27       1  351827      0.43058      0.33339        0.328   1000
56990        5  130599702  130730383      2       1  351827      0.44153      0.32941        0.318   1000
8572         5  131593351  131609147     73       4  351827     0.081383      0.46757        0.442   1000
6584         5  131705396  131731306      4       1  351827       1.0075      0.15685        0.148   1000
3308         5  132387662  132440709      2       1  351827      -1.4343      0.92425        0.932   1000
23105        5  132532152  132948223      7       1  351827     -0.48236      0.68523        0.672   1000
91368        5  133737756  133747598      3       1  351827     -0.26733      0.60539          0.6   1000
153328       5  135170365  135224326      8       1  351827     -0.16806      0.56673        0.579   1000
26045        5  138205079  138211057      6       1  351827      0.34244      0.36601        0.356   1000
202052       5  138745892  138780171     42       2  351827      0.32812      0.37141        0.367   1000
340061       5  138855113  138862343      4       1  351827     -0.88143      0.81096        0.812   1000
54882        5  139781399  139919441      2       1  351827     -0.87744      0.80988        0.803   1000
10011        5  139929652  139937678     40       1  351827       -3.231      0.99938        0.999   1000
54853        5  140044384  140051930      6       1  351827      0.90522      0.18267        0.186   1000
56141        5  140213969  140391929      2       1  351827     -0.16505      0.56555        0.528   1000
56128        5  140557371  140560081    103       7  351827      0.68189      0.24766        0.239   1000
57717        5  140560980  140566710     19       1  351827     -0.21414      0.58478        0.562   1000
56125        5  140578916  140582618     55       3  351827     -0.41232      0.65995        0.666   1000
56109        5  140749811  140892546     21       2  351827      0.96948      0.16615        0.169   1000
9604         5  141346402  141369856     22       1  351827      0.15642      0.43785        0.435   1000
51520        5  145492589  145562294    460       4  351827       1.0096      0.15636        0.165   1000
11005        5  147443535  147516925    128       3  351827      0.61063      0.27072        0.269   1000
22993        5  149380169  149432706      1       1  351827       1.9889     0.023354        0.023   1000
206358       5  150816553  150871940     73       4  351827     -0.75996      0.77636        0.783   1000
8728         5  156822071  157002831     16       2  351827    -0.035386      0.51411        0.526   1000
79616        5  159678666  159739602     21       2  351827       2.4231    0.0076944       0.0076   5000
54908        5  169010638  169031782    169       6  351827    -0.022751      0.50908        0.482   1000
57222        5  172261223  172379688      3       1  351827      0.46833      0.31977        0.333   1000
54825        5  175969512  176022769      1       1  351827     -0.43635      0.66871        0.693   1000
2264         5  176513906  176525143     13       1  351827      0.22647      0.41042        0.422   1000
10636        5  176784704  176799599     22       2  351827     -0.38335      0.64927        0.655   1000
54732        5  177019213  177023108     10       1  351827      -2.4961      0.99372        0.988   1000
11285        5  177027119  177037348     49       2  351827      -1.8332      0.96661         0.97   1000
85007        5  177635475  177659823      2       1  351827      -0.6819      0.75235        0.748   1000
51149        5  179263927  179285867      8       1  351827      -1.8396      0.96709        0.962   1000
23061        5  179289071  179334879      3       1  351827     -0.45149      0.67418        0.671   1000
79908        5  180326077  180377906      7       1  351827      0.63569      0.26249        0.299   1000
10917        5  180415845  180433727     89       2  351827    -0.019701      0.50786        0.521   1000
55770        6     485138     693141     21       2  351827       1.7639     0.038877        0.036   1000
340156       6    2663863    2765615      2       1  351827     -0.58808      0.72176        0.727   1000
1992         6    2832566    2842283     20       1  351827     -0.90663       0.8177         0.82   1000
5272         6    2887499    2903546      3       1  351827       2.1147      0.01723        0.012   1000
5269         6    2948393    2972399      1       1  351827      0.43967      0.33009        0.292   1000
4835         6    3000067    3019997     40       4  351827       -1.121      0.86886        0.856   1000
389362       6    3259162    3268300     60       2  351827      0.15392      0.43884        0.451   1000
8899         6    4021563    4065217      5       1  351827     -0.86477      0.80642        0.799   1000
404220       6    4079440    4131000     41       2  351827        1.015      0.15505         0.15   1000
57128        6    5047395    5261172      7       3  351827    -0.072485      0.52889        0.534   1000
9521         6    8073593    8102828     22       1  351827     -0.82414      0.79507        0.811   1000
51522        6   10723148   10741577      1       1  351827      -1.7578      0.96061        0.954   1000
51256        6   13305183   13328787      4       1  351827      0.38835      0.34888        0.336   1000
23408        6   13574506   13615390      2       1  351827       1.1971      0.11563        0.132   1000
84062        6   15523032   15663289      2       1  351827      -0.7748      0.78077        0.768   1000
6310         6   16299343   16761721      3       1  351827      -1.2785      0.89947        0.898   1000
9972         6   17615266   17707065      3       1  351827      0.65799      0.25527        0.277   1000
7172         6   18128542   18155374      1       1  351827       0.5714      0.28387        0.307   1000
51473        6   24171983   24383520     27       3  351827     0.081381      0.46757        0.466   1000
81688        6   24705089   24721064      4       1  351827      0.45276      0.32536        0.327   1000
54887        6   34759794   34845291      1       1  351827       2.5922    0.0047678       0.0028   5000
6954         6   35085848   35109187     98       1  351827      0.43366      0.33227        0.322   1000
222663       6   35181824   35220856      8       1  351827    -0.031349       0.5125         0.51   1000
116369       6   35911291   35992413     76       1  351827      0.53986      0.29465        0.293   1000
5603         6   36098261   36112301     23       3  351827      0.10777      0.45709        0.432   1000
51513        6   36321998   36355577     12       3  351827      -0.4875      0.68705        0.676   1000
51645        6   36822605   36842800     45       3  351827      0.88962      0.18684        0.189   1000
221477       6   36853640   36896740      5       1  351827      0.35037      0.36303        0.367   1000
221476       6   36916039   36932613      3       1  351827      0.12909      0.44864        0.438   1000
55633        6   37225528   37300746      3       1  351827    -0.097739      0.53893         0.52   1000
266727       6   37600284   37665766     18       3  351827       1.6777     0.046701        0.042   1000
2739         6   38643701   38670952     22       2  351827      0.98258      0.16291        0.166   1000
89822        6   39266777   39282237     35       4  351827      -1.5019      0.93344        0.932   1000
221458       6   39302876   39693181     56       2  351827       1.5275     0.063319        0.073   1000
4800         6   41040707   41070146     87       1  351827      -1.7091      0.95628        0.965   1000
55173        6   42174539   42185633     96       3  351827      -1.0246      0.84722        0.839   1000
23304        6   42531748   42661243     22       1  351827      0.35534      0.36117        0.374   1000
5961         6   42664333   42690692     91       4  351827      0.31709      0.37559        0.387   1000
5190         6   42931611   42946981     78       3  351827      -1.3192      0.90645        0.896   1000
88745        6   42989385   42997337      1       1  351827      0.14942      0.44061        0.467   1000
9820         6   43005355   43021683     40       2  351827      0.81733      0.20687        0.208   1000
55168        6   43638934   43655549      1       1  351827      0.99146      0.16073        0.182   1000
64928        6   44081372   44095191     54       4  351827      -2.2319      0.98719        0.984   1000
55362        6   44094599   44123256      1       1  351827     -0.16487      0.56548        0.537   1000
57505        6   44266463   44281094      3       1  351827      -1.1783      0.88066         0.88   1000
8464         6   44794467   45345788      3       2  351827     -0.51329      0.69613        0.681   1000
221400       6   46655612   46672056     72       6  351827      0.13007      0.44825        0.457   1000
222611       6   47624223   47665533    131       2  351827      0.23392      0.40752        0.387   1000
4594         6   49398073   49431041    240       9  351827      -1.0446       0.8519        0.824   1000
55166        6   49431054   49460820    138       5  351827     -0.72553      0.76594        0.751   1000
135398       6   49518113   49523166      8       1  351827      0.34592       0.3647        0.389   1000
10321        6   49695089   49712168      2       1  351827     -0.84325      0.80046        0.804   1000
7021         6   50786439   50815326      4       2  351827       2.2321     0.012806       0.0102   5000
2939         6   52614885   52628361     61       2  351827     -0.12037       0.5479         0.53   1000
81578        6   55921388   56112544    205       1  351827      -1.6691      0.95245        0.948   1000
667          6   56322785   56819426     29       1  351827      -1.1975      0.88444        0.895   1000
221336       6   56819773   56892450    134       3  351827      0.85054      0.19751        0.197   1000
135154       6   71276625   71298606     63       3  351827     0.029769      0.48813        0.472   1000
135152       6   71566914   71667101     12       1  351827      0.47051      0.31899        0.287   1000
22999        6   72596406   73112845    116       3  351827       1.3802     0.083756        0.075   1000
441161       6   74078278   74079515      7       1  351827      0.12214      0.45139        0.452   1000
1347         6   75947391   75953644      1       1  351827    -0.062321      0.52485        0.545   1000
134728       6   79577261   79714545    199       5  351827      0.56561      0.28583        0.287   1000
23033        6   83777385   83881069      1       1  351827      0.88852      0.18713        0.177   1000
9892         6   84262604   84419127     14       1  351827     -0.48981      0.68787        0.666   1000
112609       6   84732746   84800606     19       2  351827     -0.12287       0.5489        0.552   1000
57150        6   88032306   88052043     30       1  351827      0.77129      0.22027        0.227   1000
57038        6   88223656   88299735      1       1  351827     -0.50645      0.69373        0.689   1000
2570         6   89966840   90025018      6       1  351827      -2.9024      0.99815        0.997   1000
2045         6   93949738   94129302     26       2  351827        1.141      0.12693        0.136   1000
79694        6   96025373   96057333      9       2  351827     -0.51557      0.69692        0.689   1000
81491        6   97241998   97285353     97       3  351827      -0.3628      0.64162        0.661   1000
29078        6   97337187   97345767      1       1  351827     -0.22902      0.59057        0.577   1000
253714       6   97590037   97731126      2       1  351827       2.1615     0.015328        0.019   1000
10973        6  100956325  101329243     71       5  351827      -1.1426      0.87341        0.892   1000
5550         6  105725442  105850999     33       3  351827       -1.332      0.90857        0.912   1000
55278        6  107077441  107116292     68       4  351827     -0.42067        0.663        0.667   1000
9896         6  110012424  110146634     43       1  351827       1.0317      0.15112        0.173   1000
8528         6  110709545  110736839     38       4  351827      0.20446        0.419        0.426   1000
85413        6  110745890  110797844      9       1  351827      0.41935      0.33748        0.343   1000
23097        6  110931181  111136590      2       1  351827       1.1595      0.12313        0.131   1000
91749        6  111580482  111590263     61       3  351827     0.053756      0.47856        0.503   1000
619208       6  112408674  112423993     52       2  351827      -3.4843      0.99975        0.999   1000
7259         6  116596022  116601280     18       1  351827     -0.21681      0.58582        0.606   1000
29940        6  116601231  116762422     39       2  351827      0.34316      0.36574        0.357   1000
221302       6  116956781  116989973      2       1  351827      -0.7374      0.76956        0.759   1000
245806       6  117586721  117594728     31       1  351827    -0.017857      0.50712        0.533   1000
79632        6  119280992  119470552     55       3  351827    -0.029864      0.51191        0.529   1000
221322       6  121400627  121655646      7       1  351827       1.0765      0.14086        0.139   1000
57515        6  122764493  122793051     14       1  351827    -0.022075      0.50881        0.526   1000
5570         6  122793062  123047518     18       1  351827      0.89671      0.18494        0.182   1000
10924        6  123109601  123130865      2       1  351827      0.29532      0.38387        0.393   1000
51020        6  125596496  125623287     62       1  351827     -0.33696      0.63193        0.602   1000
84456        6  130339728  130462594    124       6  351827       2.7748     0.002762       0.0024   5000
5169         6  131958375  132068550      8       1  351827      -1.6452      0.95003        0.951   1000
64577        6  135238528  135271260    192       3  351827      0.60293      0.27328        0.265   1000
54806        6  135604670  135818903     63       4  351827       1.8368     0.033123        0.037   1000
53832        6  137321108  137366317      6       1  351827     -0.33866      0.63257        0.626   1000
100507462    6  139046348  139094816     23       2  351827     -0.43943      0.66983        0.665   1000
51696        6  139456249  139501946      1       1  351827      0.19872      0.42124        0.406   1000
167838       6  139561198  139645148     33       1  351827      -2.1304      0.98343        0.979   1000
2519         6  143815949  143833020      2       1  351827      0.43533      0.33166        0.308   1000
5325         6  144261437  144385736     14       1  351827      -0.5965      0.72458        0.748   1000
10090        6  149068063  149398126      2       1  351827      0.13247      0.44731         0.44   1000
84918        6  150139894  150186398    117       1  351827     -0.46817      0.68017        0.689   1000
353091       6  150238014  150244269     58       1  351827        1.355     0.087716        0.099   1000
55005        6  151725897  151773316     12       2  351827      0.97136      0.16568        0.166   1000
54516        6  153308400  153323925    153      10  351827      -0.1846      0.57323        0.555   1000
26575        6  153332026  153452389    222       7  351827      0.15768      0.43735         0.48   1000
729515       6  157710054  157745253      3       1  351827     -0.43939      0.66981        0.657   1000
83861        6  159398077  159421424    172       1  351827      0.44571       0.3279        0.316   1000
117289       6  159455500  159466184      2       1  351827     -0.89443      0.81445        0.811   1000
9589         6  160147712  160177351      6       1  351827      0.35323      0.36196        0.364   1000
6950         6  160199530  160212135      4       1  351827      -1.0348      0.84962        0.844   1000
29074        6  160211492  160219461    131       5  351827     -0.60042      0.72589        0.719   1000
113402       6  166733516  166755991     21       2  351827      0.81198       0.2084        0.229   1000
8635         6  167342992  167370077     16       1  351827       1.9025     0.028552        0.027   1000
11116        6  167412805  167458064     12       1  351827     -0.54092      0.70572         0.73   1000
3834         6  168418553  168445769      3       1  351827      -1.7765      0.96217        0.959   1000
79981        6  168456425  168482237      2       1  351827      0.41803      0.33796        0.345   1000
253769       6  169857303  170102159    236      11  351827     -0.17956      0.57125        0.599   1000
84498        6  170615812  170716155      1       1  351827       2.4423    0.0072978       0.0048   5000
5575         7     588834     767313    119       4  351827       1.2383      0.10781        0.096   1000
23353        7     855194     914557     38       2  351827       1.3933      0.08176         0.08   1000
54905        7    1020100    1029276      3       1  351827    0.0071101      0.49716        0.472   1000
84310        7    1036623    1177911      1       1  351827     -0.57808       0.7184        0.719   1000
2852         7    1126443    1133451      5       1  351827      -1.4255      0.92299        0.906   1000
90637        7    1192543    1199855    229       7  351827     -0.76584      0.77811        0.778   1000
26173        7    1509913    1544018     92       2  351827      0.92639      0.17712        0.162   1000
202915       7    1581871    1596066     29       2  351827      0.12703      0.44946        0.465   1000
8379         7    1855428    2272583      3       1  351827       1.6556     0.048903        0.049   1000
29960        7    2273830    2281840     16       2  351827       1.1083      0.13388        0.135   1000
221935       7    3341080    4308632     91       4  351827      -1.1327      0.87132        0.877   1000
54476        7    5659672    5821361     18       1  351827     -0.19082      0.57567        0.595   1000
51622        7    5938341    5965605     21       4  351827       1.2227      0.11072        0.115   1000
5395         7    6012870    6048737     57       3  351827     -0.57475      0.71727        0.705   1000
221955       7    6448747    6487837     65       2  351827     -0.73388      0.76849        0.779   1000
55146        7    6617065    6628610     26       2  351827     -0.73313      0.76826        0.772   1000
56913        7    7222178    7288282      5       1  351827      0.61727      0.26853        0.276   1000
6119         7    7676347    7758238    167       2  351827     0.015374      0.49387        0.497   1000
729852       7    7680342    7918854     14       2  351827      0.14545      0.44218        0.431   1000
221806       7   12370509   12443852    124       8  351827       1.0107      0.15608        0.173   1000
256227       7   22459063   22539901      4       2  351827      0.27308       0.3924        0.369   1000
54543        7   22852251   22862471     12       2  351827       2.7867    0.0026621       0.0032   5000
11097        7   23221446   23240630      1       1  351827       0.2201       0.4129        0.395   1000
340277       7   23719231   23742269    164      11  351827       1.7611      0.03911        0.032   1000
56164        7   23749786   23872132    149       7  351827       1.8914     0.029283        0.031   1000
1687         7   24737974   24797639     45       3  351827       2.3252      0.01003        0.011   1000
646588       7   25694948   25702806      2       1  351827     -0.59116      0.72279        0.729   1000
1124         7   29233991   29553944     42       2  351827    0.0089338      0.49644          0.5   1000
1395         7   30691559   30739719     33       2  351827     0.032324      0.48711        0.496   1000
84182        7   30811033   30932408      1       1  351827       1.5802      0.05703        0.061   1000
223075       7   31553685   31698334     48       3  351827    -0.061601      0.52456        0.519   1000
3624         7   41728601   41742706      1       1  351827     -0.15926      0.56327        0.566   1000
55744        7   43648052   43769140     46       1  351827      0.43105      0.33321        0.353   1000
28988        7   44084239   44101315      9       2  351827     -0.46448      0.67885        0.682   1000
27434        7   44111846   44122129    120       8  351827     -0.68377      0.75294        0.721   1000
23386        7   44421965   44530474    220       2  351827    -0.031824      0.51269        0.497   1000
107          7   45614125   45762715      3       1  351827       -1.873      0.96946        0.976   1000
63979        7   50511827   50518088    248      10  351827     -0.37643       0.6467        0.653   1000
1644         7   50526134   50633154      7       1  351827       0.2036      0.41933        0.404   1000
349075       7   55955148   56008519    135       4  351827      0.37674      0.35318        0.317   1000
5723         7   56078056   56119297      8       1  351827      0.80366       0.2108         0.22   1000
389493       7   56182374   56184090     15       2  351827      0.88986      0.18677        0.198   1000
442319       7   63505765   63544444     21       2  351827     -0.13411      0.55334        0.574   1000
728927       7   63767815   63810017      3       2  351827   -0.0084589      0.50337        0.489   1000
51427        7   64126461   64171960     43       2  351827       -1.478       0.9303         0.93   1000
7697         7   64254766   64314178    237       3  351827     -0.98537      0.83778        0.869   1000
10793        7   64363620   64391955     37       2  351827      -1.1454      0.87399        0.882   1000
51351        7   64434830   64451414    232       3  351827     -0.92863      0.82346        0.839   1000
2086         7   64450733   64467124    607       6  351827     -0.52795      0.70123        0.692   1000
55253        7   66461792   66704507    511       3  351827      0.70872      0.23925         0.22   1000
441250       7   72023729   72298813    273       8  351827       1.2028      0.11453        0.119   1000
9883         7   72349906   72421979      4       2  351827       1.5615     0.059207        0.062   1000
51085        7   73007524   73038903    100       4  351827      0.57309      0.28329        0.308   1000
83451        7   73150424   73153190     27       2  351827     -0.45715      0.67622        0.654   1000
155368       7   73248920   73256855    162       4  351827   -0.0087247      0.50348        0.504   1000
2969         7   74071991   74175022     19       2  351827     -0.11896      0.54735        0.549   1000
442590       7   74695028   75133628     14       1  351827     -0.48061       0.6846        0.703   1000
5447         7   75544420   75616173     85       3  351827        1.777     0.037786        0.039   1000
51657        7   75625610   75677321    156       8  351827       1.5396     0.061834        0.058   1000
7784         7   76026841   76071388     80       6  351827      0.36818      0.35637        0.359   1000
113878       7   76090972   76135312    104       5  351827     0.056462      0.47749        0.479   1000
22932        7   76239303   76256620     92       8  351827      0.11463      0.45437        0.454   1000
57639        7   76751934   76924534     14       1  351827      0.25309       0.4001        0.391   1000
54103        7   76940068   77045719     41       3  351827     -0.15309      0.56084        0.546   1000
5782         7   77166773   77269388     41       4  351827      0.57948      0.28113        0.284   1000
26872        7   89783689   89794141    184       5  351827    -0.060201        0.524        0.523   1000
85865        7   89975341   90020769     51       2  351827       2.0057     0.022445        0.019   1000
57798        7   92076762   92089381      3       1  351827     -0.74749      0.77262        0.778   1000
5189         7   92116337   92157845      7       1  351827      0.24337      0.40386        0.409   1000
219285       7   92759368   92777689      3       1  351827      -2.3456       0.9905        0.988   1000
8910         7   94214536   94285521      2       1  351827     -0.30498      0.61981        0.617   1000
5446         7   94989181   95025702     11       1  351827       1.3413     0.089907         0.09   1000
402569       7   98771197   98805089      1       1  351827     -0.69466      0.75637        0.738   1000
89122        7   99488030   99517223    136       6  351827      0.96309      0.16775         0.17   1000
9179         7   99699130   99704803     17       1  351827      0.64257      0.26025         0.28   1000
245812       7   99717265   99723131     10       2  351827       1.1394      0.12727        0.135   1000
255374       7   99724317   99726121     30       1  351827      0.27495      0.39168        0.409   1000
29990        7   99955626   99965454    173       5  351827      0.18416      0.42694        0.448   1000
29992        7   99971068   99997722    187       6  351827       0.2944      0.38423        0.404   1000
100316904    7  100169851  100171487     51       2  351827      -1.3243       0.9073        0.912   1000
64599        7  100277130  100286870     66       5  351827      0.63861      0.26154         0.28   1000
7205         7  100464950  100471076     16       1  351827      -1.9541      0.97465        0.973   1000
402682       7  100486344  100487339     24       1  351827     -0.87644       0.8096        0.806   1000
10467        7  100860985  100867471     56       1  351827      0.41557      0.33886        0.358   1000
24146        7  100875373  100882101     66       2  351827      0.44815      0.32702        0.341   1000
79706        7  102036804  102067129      8       2  351827      0.10725      0.45729        0.471   1000
222229       7  102105335  102113615     25       2  351827      0.74802      0.22722        0.234   1000
83787        7  102715174  102740210      1       1  351827       1.2508      0.10551        0.093   1000
375611       7  102993177  103086624      3       1  351827     -0.48567       0.6864        0.666   1000
10466        7  106842189  107204959    270       5  351827       1.2852      0.09936        0.112   1000
3912         7  107564244  107643804     17       1  351827       1.2296      0.10942        0.104   1000
50640        7  108110866  108168605     23       1  351827     -0.74869      0.77298        0.754   1000
168451       7  108202671  108210189    189       6  351827       2.0275     0.021305        0.019   1000
3475         7  112063199  112117258     42       2  351827     0.096446      0.46158         0.47   1000
79974        7  120628751  120937498      7       1  351827     -0.79586      0.78694        0.784   1000
10447        7  120988905  121036422      6       1  351827      -1.1762      0.88025        0.889   1000
23553        7  123485220  123517532     72       5  351827     -0.47701      0.68332        0.693   1000
55798        7  128116783  128142978    118       9  351827       1.1675      0.12151        0.122   1000
3663         7  128577976  128590089      6       1  351827     -0.18184      0.57215        0.564   1000
57464        7  129074274  129128240      4       1  351827      0.60315      0.27321        0.257   1000
7328         7  129470572  129592800     17       1  351827      0.86076      0.19469        0.193   1000
84928        7  129804555  129845338     17       2  351827       1.1807      0.11887        0.112   1000
26958        7  130146079  130353598     64       4  351827     -0.40543      0.65742        0.654   1000
136332       7  133812105  133948933     10       3  351827       -0.234      0.59251        0.599   1000
647087       7  135347221  135361160    148       8  351827      -0.8245      0.79517        0.788   1000
5764         7  136912088  137028606     30       1  351827     -0.31621      0.62408        0.619   1000
56829        7  138728266  138794466      1       1  351827     -0.44553      0.67203        0.687   1000
51631        7  139025105  139108203    173       1  351827       1.5597     0.059416        0.064   1000
346689       7  139138088  139168457    273       3  351827        1.369       0.0855        0.095   1000
51650        7  140705961  140714781     24       2  351827     -0.22983      0.59089        0.597   1000
100507421    7  140774032  141180180     66       4  351827      0.11782       0.4531         0.44   1000
494551       7  141408153  141431071    163       2  351827     -0.73495      0.76881        0.731   1000
50832        7  141478289  141479188    177       2  351827      -0.7197      0.76414        0.733   1000
373156       7  142960506  142966222      1       1  351827     -0.31519      0.62369        0.593   1000
135932       7  142982040  142985141      2       1  351827      -0.7077      0.76044        0.774   1000
9747         7  143548461  143599278      2       1  351827       1.1597      0.12309        0.109   1000
136051       7  148766733  148787869    155       3  351827     0.082118      0.46728        0.479   1000
8427         7  148892560  148923339      1       1  351827      0.59138      0.27713        0.277   1000
7988         7  148936741  148952700      1       1  351827     -0.75936      0.77618        0.783   1000
100289678    7  148959262  148982085     31       2  351827     -0.26993      0.60639        0.603   1000
168544       7  149461452  149470295      9       1  351827       1.4221     0.077505        0.075   1000
155066       7  149570053  149577787     28       4  351827     -0.48881      0.68751        0.667   1000
65999        7  150020296  150035245    116       3  351827      0.22476      0.41108        0.405   1000
113763       7  150026938  150029810     87       2  351827       0.2968      0.38331        0.384   1000
28959        7  150488375  150498448     15       3  351827      0.56954       0.2845        0.328   1000
55365        7  150497854  150502208      6       1  351827       1.2336      0.10867        0.107   1000
10922        7  150773708  150777970      2       1  351827     -0.21653      0.58571        0.596   1000
349136       7  151077536  151107775     13       1  351827      0.02858       0.4886        0.476   1000
51422        7  151253200  151574316      4       2  351827     -0.48212      0.68514        0.681   1000
7516         7  152343583  152373250     20       2  351827     -0.76094      0.77665        0.791   1000
155435       7  155437188  155574179      5       1  351827     -0.62576      0.73427         0.75   1000
55112        7  158649269  158738883     85       4  351827     -0.30487      0.61977          0.6   1000
2055         8    1703944    1734736     36       1  351827      0.21574       0.4146        0.415   1000
9920         8    1921949    1955109      6       1  351827      0.12214      0.45139         0.45   1000
9172         8    1993082    2093380     12       1  351827      -1.8875      0.97045        0.969   1000
94137        8   10463859   10512617      3       1  351827     -0.22446       0.5888        0.602   1000
66036        8   11142000   11185655      1       1  351827      0.32341      0.37319        0.384   1000
26281        8   16850334   16859674      1       1  351827       1.3235      0.09284        0.097   1000
427          8   17913925   17942507      3       1  351827       1.0293      0.15168        0.161   1000
55790        8   19261672   19540261     61       1  351827     -0.49216       0.6887        0.666   1000
2675         8   21549530   21672392     81       1  351827     -0.20115      0.57971        0.578   1000
8822         8   21900264   21906320      6       1  351827      0.19194      0.42389        0.428   1000
2039         8   21906660   21940036      7       2  351827       1.3602     0.086883        0.084   1000
64760        8   21946695   21962405      2       1  351827       1.2611      0.10363        0.094   1000
79873        8   21964383   21966932     45       3  351827      0.32176      0.37382        0.361   1000
55124        8   22132810   22215560     71       3  351827     -0.28103      0.61066        0.625   1000
55909        8   22477931   22526661     75       2  351827      0.89799       0.1846        0.174   1000
157310       8   22570765   22785491     12       1  351827     -0.72088      0.76451        0.783   1000
23221        8   22844930   22877710      2       1  351827       1.6743     0.047035        0.045   1000
9583         8   23284687   23315244      1       1  351827      -1.6326      0.94873         0.95   1000
137814       8   23559964   23564111     92       2  351827      0.63061      0.26415        0.269   1000
2053         8   27348519   27402439     18       1  351827     -0.35899       0.6402        0.644   1000
389643       8   27879481   27941431      2       1  351827       1.4615     0.071933        0.063   1000
55140        8   27950584   28048670    107       3  351827     -0.13835      0.55502        0.563   1000
51669        8   29920609   29940649      6       1  351827       1.6031     0.054459        0.062   1000
7486         8   30890778   31031277      4       2  351827      -1.4413      0.92525        0.926   1000
84750        8   33228057   33330664    236       6  351827      0.10655      0.45757        0.449   1000
203102       8   38965050   39142436     65       2  351827      -0.4407      0.67029        0.675   1000
286          8   41510744   41754280      4       1  351827      -1.3275      0.90783        0.912   1000
10947        8   42010464   42028701     28       1  351827      0.28352      0.38839        0.393   1000
5423         8   42195973   42229331      8       1  351827     -0.67552      0.75033        0.733   1000
114926       8   42396298   42408140    160       3  351827       2.0961     0.018037        0.028   1000
138050       8   42995592   43057970     14       1  351827     0.040644      0.48379         0.47   1000
4173         8   48872763   48890720      1       1  351827      -1.9938      0.97691        0.985   1000
79645        8   49627474   49647870     10       1  351827       1.2687      0.10227        0.124   1000
2831         8   53852468   53853454     19       2  351827     -0.77029      0.77944        0.783   1000
51606        8   54628103   54756099      6       2  351827     -0.55074       0.7091        0.694   1000
6224         8   56980739   56987140      4       1  351827       0.1524      0.43944        0.448   1000
5179         8   57353513   57359282    109       2  351827       1.7829     0.037304         0.04   1000
54928        8   57870488   57906430     13       1  351827      0.74247       0.2289        0.216   1000
137886       8   59323823   59364060      2       1  351827       1.1697      0.12107        0.123   1000
767          8   61101423   61193954     48       1  351827      0.68379      0.24705        0.241   1000
8836         8   63927638   63951610    108       3  351827     -0.57095      0.71598         0.72   1000
137872       8   67344693   67384260     58       4  351827     0.084139      0.46647        0.488   1000
254778       8   67405491   67430759    227      13  351827      0.29881      0.38254        0.396   1000
389668       8   71581600   71648177    611       4  351827      -2.3551      0.99074        0.996   1000
56704        8   75146935   75233721      2       1  351827      0.32323      0.37326        0.362   1000
3612         8   82569151   82599029    121       2  351827      0.57848      0.28147        0.288   1000
92421        8   82644688   82671750     30       3  351827     -0.51308      0.69605        0.714   1000
64089        8   82711816   82754539    204       9  351827     -0.19874      0.57877        0.589   1000
85444        8   86019323   86058315    140       8  351827       0.8918      0.18625        0.197   1000
4325         8   89049460   89339717     25       1  351827       1.3304      0.09169        0.081   1000
793          8   91070836   91095107    181       3  351827       1.9617     0.024897        0.023   1000
100130742    8   92114847   92231473     10       1  351827       2.1669     0.015121        0.017   1000
286144       8   93895758   93978372     20       1  351827     0.010766      0.49571        0.495   1000
157657       8   96257141   96281707     16       1  351827        3.053    0.0011327       0.0009  10000
85453        8   98285714   98290192     10       1  351827     -0.43242      0.66728        0.686   1000
116039       8   99956631   99964338     13       3  351827     -0.24052      0.59504        0.596   1000
51123        8  102209266  102218292      1       1  351827      0.32858      0.37124        0.363   1000
79977        8  102504668  102681954      1       1  351827     -0.17757      0.57047        0.587   1000
51366        8  103264501  103424947      2       1  351827      -1.1867      0.88232        0.896   1000
29967        8  105501459  105601252      9       2  351827      0.26285      0.39633        0.424   1000
79075        8  120846181  120868170    132       6  351827      0.28525      0.38773        0.363   1000
55093        8  124428965  124454261    177       3  351827      0.33559      0.36859        0.364   1000
55039        8  125463048  125465267     55       4  351827      0.50125       0.3081        0.314   1000
11236        8  125487008  125500859      3       1  351827       1.0735      0.14152        0.136   1000
9788         8  125563025  125740730      1       1  351827      0.43074      0.33333        0.323   1000
50807        8  131064350  131455906      4       1  351827      0.18492      0.42664        0.407   1000
114          8  131792546  132053012      1       1  351827     -0.27182      0.60712        0.613   1000
51105        8  133787604  133861052     17       2  351827      0.48985      0.31212        0.294   1000
27161        8  141541264  141645646      6       1  351827       -1.657      0.95124        0.958   1000
22898        8  142138720  142205903      6       1  351827      0.46761      0.32003        0.327   1000
57210        8  142217273  142310241      9       2  351827      -2.2058       0.9863        0.983   1000
203062       8  143293441  143484543    191       8  351827     -0.24177      0.59552        0.582   1000
8000         8  143751726  143764145    136       4  351827      0.75989      0.22366         0.22   1000
54742        8  143781529  143785588     59       2  351827        1.112      0.13308        0.131   1000
116447       8  144391494  144442147     61       5  351827     -0.55227      0.70962        0.717   1000
23144        8  144519825  144624449     73       5  351827    -0.057894      0.52308        0.543   1000
79792        8  144635383  144645232     72       3  351827       1.1674      0.12152        0.116   1000
93100        8  144656955  144660881     71       8  351827     -0.42388      0.66417        0.682   1000
9831         8  144718183  144735900     10       1  351827     -0.75972      0.77629        0.745   1000
5339         8  144989321  145050913    100       2  351827       1.6398     0.050522        0.048   1000
84875        8  145051320  145060635      3       1  351827      0.43891      0.33036        0.318   1000
26873        8  145106167  145115584      9       1  351827      0.95097      0.17081        0.164   1000
54512        8  145133522  145135551     93       2  351827       0.2854      0.38767        0.387   1000
84232        8  145159305  145162515     12       2  351827     0.022111      0.49118        0.501   1000
29894        8  145618446  145634733     48       3  351827      0.66512      0.25299        0.254   1000
55630        8  145637798  145642279      1       1  351827      0.93963       0.1737         0.18   1000
51160        8  145648984  145653946      2       1  351827     -0.59045      0.72256        0.714   1000
90990        8  145691432  145699499      9       2  351827       1.3521     0.088168        0.081   1000
80778        8  145998499  146012725    140       3  351827      0.36183      0.35874        0.331   1000
6132         8  146015152  146017805    166       4  351827      0.38336      0.35073         0.33   1000
55871        9     121038     179077    143       5  351827   -0.0047983      0.50191        0.496   1000
55064        9    4553386    4666674     47       2  351827     -0.85638      0.80411        0.796   1000
10171        9    4792834    4861066      1       1  351827      -1.5429      0.93857        0.936   1000
55848        9    5357966    5438381     61       4  351827       0.8728      0.19139        0.172   1000
2731         9    6532464    6645692      5       1  351827      0.56609      0.28567        0.259   1000
8777         9   13105700   13279660      2       1  351827    -0.040448      0.51613        0.483   1000
340481       9   14611069   14693480      7       1  351827     -0.94596      0.82791        0.844   1000
10670        9   19049372   19051023     62       1  351827      0.19461      0.42285        0.438   1000
401494       9   21003620   21031635      8       2  351827       2.5671    0.0051281       0.0066   5000
338376       9   21480838   21482312     11       2  351827     -0.23143      0.59151        0.624   1000
4507         9   21802635   21941040     14       2  351827      0.32501      0.37259        0.389   1000
286319       9   25676387   25678856      3       1  351827     -0.97992      0.83644        0.833   1000
203228       9   27546543   27573864      9       1  351827     -0.19097      0.57572        0.606   1000
54840        9   32972604   33001639    143       4  351827     -0.54537      0.70725        0.703   1000
55234        9   33041850   33076714     28       2  351827       1.3149     0.094272        0.091   1000
4799         9   33290418   33371155     35       1  351827      0.30802      0.37903         0.38   1000
65083        9   33461351   33473941      2       1  351827      0.11747      0.45324        0.465   1000
347240       9   34252378   34329198      1       1  351827     -0.21144      0.58373        0.569   1000
318          9   34329504   34343711    177      10  351827    -0.095651       0.5381        0.571   1000
10280        9   34634719   34637805      1       1  351827      -2.2633      0.98819        0.986   1000
2189         9   35073833   35080043     23       1  351827      0.67298      0.25048        0.246   1000
84904        9   35658872   35675863      1       1  351827     -0.31215      0.62254        0.599   1000
7169         9   35681990   35690583      4       1  351827     -0.48647      0.68668        0.685   1000
392307       9   35817014   35833372     71       3  351827      0.68787      0.24577        0.247   1000
152007       9   36136730   36163910     13       3  351827      -1.6582      0.95137         0.95   1000
9380         9   37422693   37436990     23       2  351827      0.14949      0.44058        0.436   1000
401505       9   37588410   37592636     18       1  351827      -1.1841      0.88181        0.882   1000
158234       9   37753797   37778969     17       1  351827      0.79733      0.21263        0.227   1000
92014        9   37877572   37904350    222       3  351827      -1.6926      0.95474         0.95   1000
55071        9   77561499   77567802      1       1  351827     -0.57399      0.71701        0.698   1000
54981        9   77676116   77703133     52       7  351827      -1.3648      0.91384        0.912   1000
55582        9   86451613   86536428      4       1  351827     -0.32012      0.62556         0.62   1000
3190         9   86582998   86595692      8       1  351827       0.4635       0.3215        0.336   1000
23552        9   90581356   90589695     56       3  351827     -0.94533      0.82776        0.847   1000
10558        9   94793416   94877756      2       1  351827     -0.67483      0.75011        0.771   1000
401541       9   95087741   95377446     54       4  351827      0.20987      0.41688        0.437   1000
84270        9   95858450   95875565     13       1  351827     -0.94273      0.82709        0.825   1000
2203         9   97365415   97402531     35       2  351827        2.242      0.01248        0.013   1000
100499483    9  100069910  100139577      1       1  351827      0.75056      0.22646        0.233   1000
2304         9  100615537  100618997      1       1  351827       1.9518     0.025483        0.033   1000
51531        9  100662380  100684852    122       6  351827      0.69641      0.24309        0.222   1000
55014        9  102668915  102736818     85       2  351827   -0.0060259       0.5024        0.517   1000
27130        9  102861467  103063908    159       4  351827     -0.82581      0.79554        0.808   1000
56254        9  104296131  104325626      3       1  351827      -1.7234      0.95759        0.961   1000
58499        9  109622469  109775525     22       2  351827       1.6326     0.051277        0.058   1000
8727         9  111704849  111775829     91       5  351827      0.61069       0.2707        0.289   1000
23731        9  111777415  111882225     81       4  351827      0.11774      0.45314        0.466   1000
23732        9  111899581  111929571    127       4  351827       0.5308      0.29778        0.317   1000
1902         9  113635542  113801523     26       1  351827      0.16214       0.4356         0.42   1000
158399       9  114287439  114340124    219       9  351827      0.57364       0.2831        0.284   1000
22949        9  114312002  114362135    105       7  351827      0.46434       0.3212        0.325   1000
2790         9  114423851  114432526    137       6  351827     -0.20762      0.58224        0.559   1000
64420        9  114803061  114937577     18       1  351827      0.27305      0.39241         0.39   1000
84263        9  115142189  115234685     62       3  351827      0.62394      0.26633        0.257   1000
401548       9  115511911  115637267     72       2  351827      0.50782      0.30579        0.291   1000
246184       9  116029288  116037869     24       1  351827      0.15035      0.44025        0.434   1000
9128         9  116037914  116056079    150       9  351827     -0.44994      0.67362        0.644   1000
54836        9  116111812  116133513      2       1  351827     -0.49679      0.69033        0.682   1000
54107        9  116169515  116173029    108       1  351827      0.95982      0.16857        0.203   1000
257169       9  116172924  116191964    182       2  351827      -0.3576      0.63968        0.624   1000
203197       9  117373706  117408703      7       1  351827    -0.084305      0.53359        0.558   1000
7099         9  120466453  120479769      2       1  351827      0.38765      0.34914        0.342   1000
2040         9  124101266  124132582      1       1  351827      0.93851      0.17399        0.189   1000
158135       9  124577953  124855885      5       1  351827   -0.0012334      0.50049        0.499   1000
92399        9  125026882  125085743      6       1  351827      -1.4792      0.93046        0.919   1000
5742         9  125132809  125157982      1       1  351827      0.95558      0.16964        0.161   1000
10783        9  127019885  127114721      9       1  351827       1.6836     0.046128        0.046   1000
5537         9  127908852  127952218     31       1  351827       3.2814   0.00051646       0.0001  10000
10244        9  127962821  127996438      3       1  351827       1.6044     0.054314        0.051   1000
5090         9  128509617  128729656      2       1  351827      0.44519      0.32809        0.321   1000
29988        9  130159417  130170177     88       4  351827       1.9179     0.027562        0.025   1000
7633         9  130186653  130209525    152       5  351827       1.7838     0.037224        0.034   1000
6136         9  130209953  130213711    128       8  351827       1.6738     0.047082        0.046   1000
138428       9  130476227  130487152      8       2  351827       1.2784      0.10056        0.094   1000
8818         9  130697374  130700763     41       1  351827       0.7216      0.23527        0.239   1000
399665       9  130702861  130742812      1       1  351827    -0.077838      0.53102        0.524   1000
1759         9  130965634  131017528      3       1  351827     -0.46286      0.67827        0.648   1000
26995        9  131071396  131084697     13       1  351827        2.075     0.018993        0.021   1000
29941        9  131464802  131483199      5       1  351827      0.08509      0.46609        0.459   1000
51490        9  131581930  131592299     72       2  351827     -0.60733      0.72818        0.742   1000
254295       9  131683174  131704322     11       3  351827     -0.31582      0.62393         0.59   1000
56904        9  131770313  131790604     68       2  351827      0.74825      0.22716        0.238   1000
1384         9  131857073  131873070     40       1  351827     -0.14072      0.55596        0.539   1000
9536         9  132500615  132515344      9       1  351827      0.77911      0.21796         0.21   1000
51759        9  132589564  132597572      3       1  351827     0.045297      0.48194        0.468   1000
83543        9  133971863  133998539     25       2  351827      -1.2749      0.89883        0.892   1000
8021         9  134000948  134110057      4       1  351827       1.3882     0.082531        0.086   1000
64794        9  135468384  135545788     38       2  351827        3.028     0.001231       0.0011  10000
28           9  136130563  136150630     56       2  351827     -0.77697      0.78141        0.783   1000
6838         9  136197543  136203047     58       3  351827      0.99836      0.15905        0.166   1000
6834         9  136218660  136223361     76       6  351827      0.51116      0.30462        0.322   1000
11093        9  136279459  136324525      6       1  351827     0.017736      0.49292        0.502   1000
1757         9  136528682  136605077     21       4  351827     -0.60783      0.72835        0.752   1000
2220         9  137772658  137779366     23       2  351827       1.9398     0.026203        0.023   1000
29991        9  138437885  138441815     49       4  351827     -0.10629      0.54232        0.523   1000
5047         9  138453601  138458622     48       4  351827    -0.065001      0.52591          0.5   1000
10422        9  138824815  138853226      8       1  351827     -0.50888      0.69458        0.678   1000
728489       9  139256352  139268111     49       4  351827       0.9823      0.16298        0.161   1000
56623        9  139323067  139334305      5       1  351827     -0.24118      0.59529        0.618   1000
138307       9  139648838  139652995    104       5  351827      0.64093      0.26078        0.263   1000
84960        9  139690033  139702364      7       1  351827     -0.49022      0.68801        0.685   1000
733          9  139839333  139841426      2       1  351827      -1.4193       0.9221        0.926   1000
11253        9  139981379  140003639      6       1  351827      0.86516      0.19347        0.179   1000
286262       9  140086069  140095163      1       1  351827      0.37292       0.3546        0.365   1000
10811        9  140317847  140328858     34       3  351827      0.76301      0.22273        0.216   1000
377841       9  140328816  140335901      4       1  351827       2.5967    0.0047063        0.004   5000
105         10    1223253    1779670      3       1  351827      -0.8797      0.81049        0.805   1000
79861       10    5435061    5446793    130       3  351827      0.56928      0.28458          0.3   1000
51806       10    5540658    5541533      6       2  351827       0.4901      0.31203        0.301   1000
810         10    5566924    5568231      2       1  351827      -1.3122      0.90527        0.908   1000
2665        10    5807186    5855512     26       2  351827    -0.040514      0.51616        0.532   1000
3601        10    5994334    6020150      1       1  351827      0.10084      0.45984        0.463   1000
80760       10    7601232    7708961      3       1  351827     -0.50195      0.69215        0.711   1000
3698        10    7745236    7791483     38       1  351827      -2.7583      0.99709        0.997   1000
79746       10   11784356   11806065     34       3  351827  -0.00090308      0.50036        0.481   1000
55176       10   12171640   12211957     18       1  351827     -0.63262      0.73651        0.749   1000
10133       10   13141425   13180291      1       1  351827     -0.45324      0.67481        0.679   1000
5264        10   13319796   13342133      5       1  351827       0.1978       0.4216        0.422   1000
389941      10   16555742   16564004     49       5  351827     -0.26568      0.60476         0.61   1000
6251        10   16632615   16859509     40       4  351827      0.55307      0.29011        0.288   1000
1787        10   17179828   17244093     75       2  351827      0.99701      0.15938        0.153   1000
221078      10   18834264   18948180    118       4  351827     0.097661       0.4611        0.442   1000
79896       10   25305508   25315593      1       1  351827      0.42449      0.33561        0.341   1000
53904       10   26223002   26501465      1       1  351827      0.80608       0.2101        0.204   1000
84930       10   27443753   27475848    426      11  351827       1.2858     0.099261          0.1   1000
51322       10   28821355   28912041     20       1  351827     -0.62696      0.73466        0.731   1000
94134       10   32094326   32217804     97       2  351827      -1.0367      0.85006        0.854   1000
79741       10   32735057   33171805    307       4  351827       1.4378     0.075243        0.079   1000
219749      10   38238500   38265584      4       1  351827     -0.83153      0.79716        0.774   1000
55454       10   43633893   43680756     93       2  351827     -0.43418      0.66792        0.649   1000
221002      10   43689983   43762367     17       1  351827      -1.2171      0.88822        0.884   1000
53828       10   43867092   43871783      3       1  351827     -0.85992      0.80508        0.794   1000
8187        10   44051792   44070066     75       2  351827      -1.7887      0.96317        0.949   1000
220972      10   45950033   46090354     98       4  351827    -0.030159      0.51203        0.522   1000
253725      10   46222648   46288412     43       2  351827     0.087305      0.46521        0.479   1000
55753       10   50942687   50970425      1       1  351827       1.9789     0.023916        0.021   1000
387680      10   51827610   51893269      8       1  351827       -2.116      0.98283        0.982   1000
56624       10   51947000   52008370    146       9  351827     -0.24045      0.59501         0.61   1000
653308      10   52499688   52516948     47       3  351827     -0.69678      0.75703        0.753   1000
8030        10   61548505   61666414      3       1  351827       1.0669      0.14301        0.137   1000
9886        10   62629196   62761198     39       1  351827       1.3197     0.093466        0.086   1000
219621      10   63422709   63526524    112       5  351827     -0.38063      0.64826        0.672   1000
64081       10   70042417   70096115    111       3  351827      0.78822      0.21528        0.237   1000
55680       10   70100864   70167051      3       1  351827       1.4247     0.077127        0.074   1000
1763        10   70173821   70231878    367       6  351827       1.4618     0.071893        0.068   1000
219736      10   70587294   70655209    290       5  351827      0.61821      0.26822        0.275   1000
26128       10   70748477   70776739      1       1  351827       1.5465     0.060995        0.078   1000
23555       10   71176821   71271569     73       5  351827      0.16065      0.43619        0.414   1000
56681       10   71909960   71930285     36       2  351827     -0.67539      0.75029        0.768   1000
5464        10   71962586   71993667     23       2  351827     -0.15876      0.56307        0.574   1000
5551        10   72357104   72362531      2       1  351827       0.9123       0.1808        0.176   1000
5660        10   73576055   73611082      6       1  351827      0.93713      0.17435         0.17   1000
9469        10   73724120   73773322     80       4  351827      -1.1143      0.86743        0.863   1000
9806        10   73818792   73848790      3       1  351827      0.67784      0.24894        0.272   1000
54788       10   74092588   74114907      7       1  351827      -1.0433       0.8516        0.847   1000
25961       10   74870133   74891583    850       4  351827     -0.50096       0.6918        0.717   1000
317662      10   74927877   75002435      1       1  351827      0.49785      0.30929        0.331   1000
118491      10   75013516   75119425    270       2  351827     -0.65242      0.74294        0.754   1000
118490      10   75183337   75193319     26       2  351827       0.7531       0.2257        0.216   1000
26985       10   75880015   75910826      1       1  351827      -1.2067      0.88623        0.901   1000
7417        10   76969912   76991206     42       2  351827       1.4218     0.077537        0.084   1000
3778        10   78629359   79397577      1       1  351827     -0.44173      0.67066        0.681   1000
9231        10   79550549   79686348    120       5  351827     -0.27923      0.60997        0.625   1000
6441        10   81697496   81708861      3       1  351827      -1.3837      0.91677        0.914   1000
219348      10   81892258   81904784      9       1  351827     -0.85539      0.80383         0.81   1000
27069       10   85899185   85913311      3       1  351827     -0.10162      0.54047        0.533   1000
5995        10   86004809   86018944      5       1  351827       1.0764      0.14087        0.132   1000
2894        10   87359312   88126250     11       1  351827     -0.49737      0.69053        0.689   1000
94233       10   88414314   88426217    172      12  351827     0.020075      0.49199        0.515   1000
657         10   88516396   88684945     23       2  351827      0.16289       0.4353        0.433   1000
2746        10   88809959   88854776     34       2  351827       -2.306      0.98944        0.986   1000
54537       10   88854953   88951225     28       1  351827      0.29732      0.38311        0.373   1000
728118      10   88983616   88995645     46       3  351827      -2.6973       0.9965        0.999   1000
3433        10   91061706   91069033      1       1  351827     -0.56127      0.71269         0.72   1000
3437        10   91087602   91100725      1       1  351827     -0.56127      0.71269         0.72   1000
3434        10   91152303   91166244      1       1  351827     -0.56127      0.71269         0.72   1000
24138       10   91174031   91180759     51       2  351827      -1.7303      0.95821         0.95   1000
80351       10   93558151   93625232     57       1  351827       2.2433     0.012439        0.016   1000
26509       10   95066186   95242190      2       1  351827     -0.44761      0.67278        0.683   1000
118924      10   95427640   95462329     69       2  351827      -1.6292      0.94836         0.95   1000
23232       10   96161956   96296089      2       1  351827     -0.35883      0.64014        0.642   1000
142827      10   96953957   96988686    235       1  351827       1.1282      0.12961        0.133   1000
26123       10   97423153   97453900      2       1  351827     -0.70834      0.76063        0.737   1000
118812      10   99374310   99393913     58       2  351827       1.7846     0.037164        0.039   1000
83742       10   99473465   99477909    138       7  351827      0.15064      0.44013        0.448   1000
401647      10   99609995   99631335      7       1  351827      0.67497      0.24985        0.254   1000
84795       10  100143322  100174978    116       3  351827       0.2002      0.42066        0.408   1000
55280       10  101992055  102027437     52       2  351827       1.9155     0.027717        0.036   1000
9033        10  102047903  102090243     43       1  351827      0.42317      0.33609        0.322   1000
25956       10  102246397  102279711    273       2  351827      0.49544      0.31014        0.291   1000
84445       10  102756864  102767593      1       1  351827     -0.41886      0.66234        0.655   1000
79847       10  104221149  104239546     30       1  351827       1.1675       0.1215        0.133   1000
119032      10  104613967  104624718    368       6  351827      0.63359      0.26317        0.236   1000
57412       10  104629183  104661656    475      12  351827      0.96142      0.16817        0.183   1000
22978       10  104847774  104953063      9       1  351827     -0.60158      0.72627        0.742   1000
80217       10  105889646  105992124      5       1  351827     -0.19243       0.5763        0.591   1000
64429       10  114190058  114207301     15       1  351827       0.3343      0.36908        0.373   1000
840         10  115438921  115490668    123       6  351827     -0.38262        0.649        0.623   1000
153         10  115803806  115806667      1       1  351827      -1.1217        0.869        0.861   1000
118987      10  119029936  119134951      9       2  351827     -0.21695      0.58588        0.581   1000
119559      10  120900425  120925221     51       4  351827     -0.56698      0.71464         0.73   1000
118663      10  124030811  124097676    115       5  351827     -0.82418      0.79508        0.789   1000
51363       10  125765669  125853200     39       3  351827     -0.63994      0.73889         0.77   1000
9679        10  126307861  126432930      5       1  351827      0.44964      0.32649        0.318   1000
399818      10  126434336  126480439     98       5  351827      0.95547      0.16967        0.171   1000
4255        10  131265454  131565783    203       7  351827       1.5945     0.055408        0.057   1000
256536      10  132890655  133109984      7       1  351827      -1.0163      0.84526         0.86   1000
282973      10  133879367  133998482     19       2  351827      -1.1556      0.87608        0.869   1000
10570       10  133998564  134019280     72       5  351827      -1.1016      0.86469        0.877   1000
80313       10  134145614  134195010     14       2  351827     0.047047      0.48124         0.49   1000
85442       10  134973971  135039916     21       1  351827     -0.73868      0.76995        0.769   1000
92170       10  135207621  135234174     19       1  351827     -0.26355      0.60394        0.593   1000
5719        11     236808     252984     57       1  351827      0.40583      0.34243        0.323   1000
80162       11     288480     297511      6       1  351827     -0.35567      0.63896        0.664   1000
387733      11     298200     299526     10       1  351827    0.0055508      0.49779        0.492   1000
10410       11     319673     320914      2       1  351827     -0.16221      0.56443        0.558   1000
338440      11     417930     442011      3       1  351827       0.7243      0.23444        0.231   1000
283232      11     695591     705028    157      11  351827     -0.32655        0.628        0.631   1000
64787       11     706120     727727      1       1  351827      -1.0157       0.8451        0.846   1000
55367       11     799179     809872      7       1  351827      0.74112      0.22931        0.219   1000
977         11     832952     838840     48       2  351827     -0.45857      0.67673        0.691   1000
161         11     925809    1012245     21       3  351827      -1.6138      0.94671        0.947   1000
6150        11    1968502    2007295     12       2  351827       1.4206     0.077714        0.069   1000
29125       11    2317507    2323143      2       1  351827      -1.3355      0.90915        0.907   1000
114879      11    3108345    3186582     12       2  351827      0.57954      0.28111        0.283   1000
116969      11    3659733    3663546     13       2  351827      0.69575      0.24329         0.25   1000
6737        11    4406127    4414926     14       1  351827       1.1195      0.13146        0.136   1000
390072      11    5757228    5777162     18       1  351827     -0.82238      0.79457        0.804   1000
84067       11    6232564    6255941      2       1  351827      0.25182      0.40059        0.418   1000
112464      11    6340176    6341740      3       1  351827     -0.66787      0.74789        0.739   1000
7762        11    6947654    7009718      4       1  351827      0.67052      0.25126        0.239   1000
8495        11    7534996    7678537      6       1  351827       1.8326     0.033429        0.033   1000
79608       11    8127597    8190590     18       1  351827     -0.69231      0.75563        0.743   1000
9866        11    8633584    8704205    116       9  351827       2.1029     0.017738        0.016   1000
56676       11    8959119    8964580     20       2  351827      -1.3449      0.91067        0.895   1000
272         11   10471846   10529126     21       2  351827      0.33641      0.36828        0.404   1000
644943      11   13030970   13033653      1       1  351827      0.61363      0.26973        0.281   1000
4925        11   17281884   17371510      2       1  351827      -1.1094      0.86638        0.873   1000
117195      11   18142502   18160027    201       7  351827      0.80107      0.21155        0.202   1000
6291        11   18252902   18258384      2       1  351827    -0.010253      0.50409        0.507   1000
2965        11   18343816   18388590     84       3  351827       1.9025     0.028551        0.022   1000
3948        11   18433851   18472798    106       4  351827      0.88345       0.1885         0.19   1000
144108      11   18627948   18656020     14       1  351827        1.591     0.055804        0.068   1000
84867       11   18749475   18814268      8       1  351827      0.21559      0.41466        0.419   1000
203859      11   22214199   22304913      2       1  351827       1.8744     0.030437        0.024   1000
2188        11   22644079   22647387     27       1  351827     -0.45981      0.67717        0.684   1000
258010      11   22843598   22851382     27       3  351827      -1.6773      0.95325        0.963   1000
120534      11   30344649   30359165    186       9  351827     -0.72204      0.76487        0.785   1000
55346       11   33060963   33095109     19       1  351827      -1.0316      0.84887        0.839   1000
26298       11   34642588   34684835      4       1  351827      -1.3034      0.90378        0.891   1000
51074       11   34903842   34937939    278       7  351827      0.57493      0.28267        0.289   1000
8050        11   34937677   35017675     59       2  351827        -1.08      0.85993        0.858   1000
6506        11   35272752   35441610     23       1  351827    -0.043579      0.51738        0.531   1000
51144       11   43702108   43878169    246       8  351827       1.0688      0.14258        0.145   1000
84680       11   44087729   44105791     67       9  351827      -2.2112      0.98649        0.988   1000
90139       11   44748731   44953978      2       1  351827     -0.73571      0.76905        0.768   1000
9537        11   44907454   44972919      2       1  351827     -0.75141       0.7738        0.788   1000
57586       11   45261853   45307884     79       5  351827     -0.71277        0.762        0.762   1000
55343       11   45825623   45834568      4       1  351827     -0.34264      0.63407        0.634   1000
90993       11   46299189   46342972      2       1  351827     -0.18559      0.57362        0.581   1000
392         11   46698625   46722215    103       2  351827       1.1345      0.12829        0.123   1000
91252       11   47428683   47438051     10       2  351827     -0.39124      0.65219         0.63   1000
399888      11   47608230   47610746     13       1  351827        1.877      0.03026        0.024   1000
2346        11   49168187   49230222    534       6  351827        1.408     0.079568        0.069   1000
26519       11   57295936   57298232    133      12  351827       2.0937     0.018141        0.014   5000
219537      11   57305044   57317747     31       3  351827     -0.33065      0.62955        0.614   1000
9246        11   57319128   57335803      8       3  351827      0.32095      0.37412        0.377   1000
23220       11   58939812   58976060      3       1  351827     -0.85905      0.80484        0.814   1000
58475       11   60145949   60163427      6       1  351827        0.709      0.23916        0.234   1000
84689       11   60163487   60185229     93       2  351827      0.18069      0.42831        0.401   1000
26007       11   61100654   61120898      2       1  351827      -2.8787        0.998        0.998   1000
390205      11   61276272   61278490      1       1  351827      0.48298      0.31455        0.323   1000
746         11   61556602   61560085      1       1  351827      -1.0648      0.85651        0.868   1000
3992        11   61567097   61584529      9       1  351827       -2.767      0.99717        0.996   1000
80150       11   62104774   62160887     25       1  351827      0.75934      0.22382        0.232   1000
256364      11   62369690   62380492     49       2  351827      0.85948      0.19504        0.197   1000
26229       11   62382768   62389647     21       1  351827      0.75871      0.22401        0.223   1000
221091      11   62453874   62457371      1       1  351827      0.13903      0.44471        0.456   1000
26580       11   62457734   62477091      7       2  351827      0.71668      0.23678        0.216   1000
283237      11   62495545   62506110     44       1  351827      0.11184      0.45548        0.448   1000
25923       11   63391554   63439533     65       1  351827       -2.769      0.99719        0.999   1000
144097      11   63580846   63595190      1       1  351827      -0.3217      0.62616        0.625   1000
83707       11   63991271   63993726     15       1  351827     -0.33157      0.62989        0.604   1000
51504       11   64084163   64085455      4       1  351827     -0.83916      0.79931        0.794   1000
283234      11   64107690   64125006     11       2  351827     0.083911      0.46656         0.47   1000
8986        11   64126625   64139687      3       1  351827    -0.010992      0.50438        0.507   1000
9379        11   64373646   64490660     72       2  351827       1.4221     0.077494         0.07   1000
113130      11   64833772   64851635      2       1  351827     -0.17066      0.56775        0.576   1000
84447       11   64894751   64902285      1       1  351827     -0.97263      0.83463        0.841   1000
4296        11   65365226   65381720     29       2  351827     -0.30384      0.61938        0.611   1000
6494        11   65405578   65418391      2       1  351827     -0.15436      0.56134        0.601   1000
84153       11   65485144   65488409     19       2  351827     -0.63543      0.73743        0.741   1000
254122      11   65601305   65621578     82       6  351827       -1.158      0.87657        0.875   1000
30008       11   65633912   65640405     23       1  351827      0.68888      0.24545        0.252   1000
1521        11   65647284   65651212     73       5  351827     -0.66805      0.74795        0.738   1000
9158        11   65651211   65656010      1       1  351827       0.1754      0.43038        0.447   1000
10992       11   65819264   65836382     38       2  351827       0.4525      0.32545        0.339   1000
55690       11   65837747   66012218     83       2  351827     -0.37919      0.64773        0.631   1000
10072       11   66247484   66277130    137       3  351827        2.603    0.0046199       0.0048   5000
89          11   66314312   66330799     62       4  351827       3.0723    0.0010619        0.001  10000
9973        11   66360630   66373490      8       1  351827      0.66913      0.25171        0.247   1000
29984       11   66824289   66839488      9       2  351827     -0.95895      0.83121        0.824   1000
54961       11   67070919   67080078     74       3  351827    -0.098918       0.5394        0.574   1000
5883        11   67159423   67165883     21       2  351827       1.1335       0.1285        0.132   1000
219927      11   68658744   68671303    266       7  351827       1.4022      0.08043        0.092   1000
3508        11   68671319   68708070    162       5  351827      0.71252      0.23807        0.244   1000
55107       11   69924408   70035651      3       1  351827      0.45492      0.32458        0.318   1000
8500        11   70116806   70230607    112       6  351827       1.0313       0.1512        0.143   1000
55191       11   71164217   71212586     56       2  351827     -0.86751      0.80717         0.82   1000
3846        11   71259466   71260653     21       2  351827      0.82349      0.20512        0.193   1000
10068       11   71709955   71713965      2       1  351827       0.3348      0.36889         0.37   1000
51642       11   73498917   73575656      3       1  351827       1.8623     0.031279        0.035   1000
80227       11   73587744   73638781     10       1  351827      0.69619      0.24316        0.252   1000
143570      11   74550655   74660232    232       9  351827      -1.2429      0.89304        0.887   1000
408         11   74971166   75062875     18       1  351827      -0.5545      0.71038        0.714   1000
80168       11   75428934   75442331     80       4  351827       2.0458     0.020389        0.019   1000
9846        11   77926336   78128868      1       1  351827     -0.91975      0.82115        0.808   1000
79731       11   78147007   78285909     10       1  351827      0.87444      0.19094        0.203   1000
10873       11   86152150   86383678      1       1  351827    -0.064953      0.52589        0.524   1000
1075        11   88026760   88070941     29       1  351827     -0.48718      0.68694        0.695   1000
219595      11   89370675   89431886    534       6  351827        1.408     0.079568        0.069   1000
10003       11   89867772   89926062    174       3  351827       1.0876      0.13838        0.132   1000
28970       11   93474769   93496250     81       2  351827      0.58949      0.27777        0.272   1000
387804      11   93553735   93583668     37       1  351827     -0.84281      0.80033        0.814   1000
341208      11   93754378   93847374     29       3  351827       1.3395     0.090209        0.089   1000
10888       11   94110477   94134585      5       1  351827       2.1317     0.016514        0.019   1000
4361        11   94150466   94227040    190       9  351827      0.98181       0.1631         0.18   1000
390245      11   94758422   94760760      2       1  351827     -0.19541      0.57747        0.558   1000
9702        11   95523625   95565857    172       2  351827     -0.17237      0.56842        0.566   1000
8898        11   95566044   95657371      4       1  351827      0.45425      0.32482        0.316   1000
79780       11   96085929   96123083     54       5  351827     -0.20742      0.58216        0.597   1000
253935      11  101761405  101787253     13       1  351827      0.51144      0.30452        0.302   1000
64066       11  102562415  102576468     28       2  351827     -0.59533      0.72419        0.721   1000
143884      11  107197071  107328572     85       2  351827      -1.0333      0.84928        0.841   1000
5519        11  111597632  111637169     87       5  351827       1.3982      0.08102        0.075   1000
55216       11  111944968  111955874      1       1  351827     -0.17904      0.57105        0.594   1000
83875       11  112046208  112089652     33       1  351827      0.35859      0.35995        0.382   1000
54970       11  113185251  113244345    124       9  351827       4.1933   1.3747e-05       0.0001  10000
255239      11  113258513  113271140      1       1  351827      -1.7322      0.95838        0.959   1000
1813        11  113280317  113346413     53       3  351827      0.75507       0.2251        0.253   1000
80975       11  113558268  113577151     43       3  351827     0.032247      0.48714        0.511   1000
120406      11  114549200  114579357     64       3  351827      -1.8307      0.96643        0.965   1000
51092       11  117049626  117068161    154       6  351827     -0.82859      0.79633        0.806   1000
84000       11  117771356  117800168      2       1  351827       0.4628      0.32175         0.32   1000
196264      11  118097405  118124135     69       2  351827     -0.36969      0.64419        0.668   1000
916         11  118175295  118186890      2       1  351827      -1.3601       0.9131         0.91   1000
915         11  118209789  118213459      2       1  351827      -1.3601       0.9131         0.91   1000
917         11  118215032  118224497      2       1  351827      -1.3601       0.9131         0.91   1000
51399       11  118889241  118894384     72       3  351827     -0.60638      0.72787        0.717   1000
55823       11  118938493  118952688     21       2  351827       2.0097     0.022233        0.031   1000
3145        11  118955587  118964259     72       3  351827       1.9625     0.024852        0.033   1000
2900        11  120382465  120859514     11       2  351827     -0.49915      0.69116        0.677   1000
29118       11  125774261  125793005     46       4  351827     -0.46416      0.67873        0.657   1000
55572       11  126138935  126148027     77       3  351827     -0.88271       0.8113        0.817   1000
4798        11  129733670  129765490      8       1  351827       1.6556     0.048906        0.046   1000
334         11  129939716  130014706      2       1  351827      -1.7852      0.96289        0.961   1000
399979      11  130745766  130786382    169       7  351827       2.2943     0.010887        0.013   1000
83700       11  133938820  134021652      9       2  351827      0.65609      0.25588         0.25   1000
112937      11  134145293  134189458     11       2  351827     -0.49636      0.69018        0.735   1000
89944       11  134201768  134246222      4       1  351827    -0.075507      0.53009         0.53   1000
27087       11  134248398  134281880     14       2  351827      0.33958      0.36709        0.365   1000
283358      12     569543     671503     11       1  351827      0.40938      0.34113        0.348   1000
5893        12    1021255    1099774     10       2  351827     -0.74913      0.77311        0.775   1000
79602       12    1800147    1897845      5       1  351827      0.10046      0.45999         0.45   1000
894         12    4382901    4414522      2       1  351827       1.1649      0.12202        0.116   1000
10566       12    4723837    4758213     46       4  351827      -3.3693      0.99962        0.998   1000
4055        12    6484534    6500737      9       1  351827     -0.79696      0.78726        0.794   1000
939         12    6554051    6560884      1       1  351827     -0.37246      0.64522        0.636   1000
55080       12    6561177    6571488     64       3  351827      0.10684      0.45746        0.456   1000
6843        12    6571403    6579843    101       2  351827      0.53161       0.2975        0.263   1000
10536       12    6937572    6949018      1       1  351827      0.06515      0.47403        0.493   1000
2784        12    6949375    6956564     16       2  351827     -0.43995      0.67001        0.682   1000
83461       12    6957972    6961128      5       1  351827     -0.18985      0.57529        0.594   1000
84727       12    6980099    6982521     91       2  351827      0.68672      0.24613        0.235   1000
10233       12    7013897    7023406     92       2  351827      0.69219      0.24441        0.232   1000
1822        12    7033626    7051484     44       1  351827      0.81535      0.20744        0.203   1000
5858        12    9301436    9360966     81       3  351827     -0.26171      0.60323        0.602   1000
29121       12    9822304    9852151     15       1  351827       1.0258      0.15248        0.158   1000
160365      12    9868456    9885895     79       2  351827      -1.0235      0.84696        0.868   1000
160364      12   10103915   10147704    131       7  351827      0.58335      0.27983         0.27   1000
387837      12   10163231   10171399     95       6  351827      0.64196      0.26045        0.252   1000
3822        12   10583198   10588780     24       1  351827      -2.5809      0.99507        0.998   1000
55359       12   10771538   10826917      1       1  351827      0.53875      0.29503        0.257   1000
5554        12   11033560   11036874     78       5  351827     -0.60579      0.72767        0.719   1000
50840       12   11090853   11091806     55       4  351827       0.3888      0.34871        0.341   1000
259295      12   11148561   11150474     38       3  351827      0.23843      0.40578        0.415   1000
259289      12   11243886   11244912     29       2  351827      -1.1315      0.87108        0.857   1000
121506      12   15066961   15091463    196       3  351827     -0.55909      0.71195        0.729   1000
85004       12   15260716   15374411      3       1  351827       1.1781      0.11937         0.12   1000
4257        12   16500076   16530123      4       1  351827     -0.23335      0.59225        0.585   1000
5288        12   18395912   18801352      4       1  351827      0.47731      0.31657        0.303   1000
28234       12   20963638   21070019     42       3  351827      0.43271      0.33261        0.332   1000
79912       12   21590538   21624184    186       4  351827      -1.2698      0.89792        0.906   1000
80763       12   21679256   21684210      3       1  351827      0.76619      0.22178        0.226   1000
55259       12   25261223   25348096     67       3  351827      0.79827      0.21236        0.207   1000
55726       12   27058112   27091254     14       1  351827      0.27277      0.39252         0.37   1000
51768       12   27124503   27167360     11       2  351827      0.54711      0.29215        0.324   1000
60488       12   27863706   27909237      1       1  351827       0.0771      0.46927        0.477   1000
51290       12   29493579   29534143     12       1  351827     -0.85469      0.80364        0.788   1000
10526       12   30781915   30848929     49       1  351827     -0.28328      0.61152        0.618   1000
65981       12   30862486   30907448      3       1  351827      0.46596      0.32062        0.325   1000
1663        12   31226779   31257733    203      12  351827      0.97985      0.16358        0.175   1000
144203      12   31264586   31359088     61       3  351827      0.76936      0.22084          0.2   1000
636         12   32259713   32536567     47       1  351827      -1.2601      0.89618        0.901   1000
341359      12   33528348   33592754     17       2  351827     -0.38986      0.65168        0.651   1000
4753        12   44902058   45307711     89       2  351827      0.11632       0.4537        0.464   1000
10411       12   48128453   48164846     45       3  351827       1.1662      0.12176        0.116   1000
121273      12   48876283   48890297     38       1  351827        2.135     0.016379        0.012   1000
54934       12   49046994   49076035     80       4  351827       1.7178     0.042915        0.037   1000
85478       12   49297893   49325696    115       2  351827    -0.058602      0.52337        0.519   1000
338761      12   49726200   49730971     96       4  351827       0.3923      0.34742        0.331   1000
79962       12   49740721   49747467      9       2  351827      0.47052      0.31899        0.289   1000
25766       12   50017197   50038452      4       2  351827      -1.3009      0.90336        0.907   1000
23017       12   50260679   50297760     14       2  351827      0.18403      0.42699        0.409   1000
362         12   50355279   50359465      9       1  351827      0.55451      0.28961        0.296   1000
363         12   50360874   50370922      2       1  351827      0.28538      0.38768        0.393   1000
41          12   50451420   50477405      6       1  351827       0.7501       0.2266        0.232   1000
57609       12   50898768   51142450      7       1  351827   -0.0017873      0.50071        0.498   1000
3889        12   52708085   52715182    133       7  351827      -1.6499      0.95052        0.958   1000
3854        12   52840435   52845910     53       1  351827     -0.19652       0.5779        0.563   1000
121391      12   52959603   52967609      2       1  351827       1.4627      0.07177        0.086   1000
1975        12   53399942   53435993     59       1  351827      -1.2521      0.89473        0.891   1000
283337      12   53574535   53584654     12       1  351827      -1.6803      0.95355        0.952   1000
6667        12   53773979   53810230     13       1  351827       1.5363     0.062238        0.069   1000
517         12   54058944   54070512     15       1  351827      0.66434      0.25324        0.252   1000
23583       12   54574142   54582778     18       1  351827      0.63547      0.26256        0.268   1000
5959        12   56114151   56118526      2       1  351827       2.0749     0.018999        0.022   1000
84305       12   56295197   56321697      1       1  351827       1.5249     0.063638        0.068   1000
5869        12   56367697   56390467     12       1  351827        1.006       0.1572        0.153   1000
6821        12   56391043   56399309     51       3  351827     -0.89876      0.81561        0.805   1000
6231        12   56435686   56438007     63       4  351827      -0.7766       0.7813        0.772   1000
23306       12   57449426   57472574      3       1  351827     -0.22143      0.58762        0.614   1000
2735        12   57853918   57866051     14       1  351827     -0.90554      0.81741        0.812   1000
64333       12   57866038   57882756      1       1  351827      0.20943      0.41706        0.406   1000
10956       12   58087738   58115340     12       1  351827       1.1787      0.11925        0.114   1000
25895       12   58166383   58176324     59       2  351827       1.8673     0.030927        0.034   1000
10102       12   58176528   58196639     63       2  351827         1.35     0.088505        0.087   1000
91419       12   58335324   58351052    320       6  351827      0.30401      0.38056        0.384   1000
283417      12   63952693   64062354     35       3  351827     -0.86502      0.80648        0.811   1000
92797       12   66696335   66737423     75       3  351827     -0.32654      0.62799        0.621   1000
55832       12   67663061   67708388     85       2  351827     -0.21013      0.58322        0.594   1000
56890       12   68688346   68726161     12       1  351827     -0.05755      0.52295        0.514   1000
57122       12   69080731   69136473     20       1  351827     -0.68995      0.75489        0.747   1000
55508       12   69139910   69159853      1       1  351827      -1.2592      0.89602        0.901   1000
8089        12   69753490   69784576     86       3  351827       0.9392      0.17382        0.171   1000
196446      12   70274016   70352502     45       2  351827      0.60279      0.27332        0.272   1000
7103        12   71518877   71551779      1       1  351827     -0.41244      0.65999        0.646   1000
84698       12   75669759   75784681      5       1  351827   -0.0051201      0.50204        0.513   1000
144321      12   75784850   75826468    374       8  351827     -0.20227      0.58015        0.574   1000
80184       12   88442790   88535993     44       3  351827     -0.58403       0.7204        0.724   1000
28977       12   93861266   93897548     27       1  351827      -1.5106      0.93455        0.916   1000
55967       12   95365104   95397489      1       1  351827      -0.7289      0.76697        0.778   1000
144193      12   96337071   96362370     58       3  351827      -0.2274      0.58995        0.575   1000
121457      12   99007182   99038829     62       4  351827     0.095516      0.46195        0.462   1000
317         12   99039078   99129211     10       1  351827     -0.43485      0.66816        0.666   1000
121601      12  101133841  101522419     10       1  351827     -0.86718      0.80708        0.836   1000
56994       12  102091417  102122852     10       1  351827       0.2555      0.39917        0.419   1000
51019       12  102406717  102455902    167       3  351827      0.38373      0.35059         0.37   1000
51559       12  104166081  104234975     32       1  351827    -0.059295      0.52364        0.527   1000
4801        12  104510858  104532040      1       1  351827     0.077792        0.469        0.451   1000
387882      12  105724414  105765296     64       2  351827      0.82031      0.20602        0.202   1000
10970       12  106631659  106641713      2       1  351827     -0.83321      0.79764        0.806   1000
11137       12  108079590  108106257     33       1  351827      0.53646      0.29582        0.273   1000
9671        12  108523511  108644314      2       1  351827       1.2093      0.11328        0.122   1000
121642      12  109525993  109531436     11       2  351827       1.4329     0.075947        0.063   1000
83892       12  109886460  109915165      2       1  351827    -0.021378      0.50853        0.501   1000
89910       12  109915215  109974510     12       1  351827     -0.80982      0.79098        0.808   1000
10019       12  111843720  111889427     21       3  351827      0.10533      0.45806        0.477   1000
217         12  112204691  112247789    116       5  351827    -0.026429      0.51054        0.494   1000
8550        12  112280032  112331228    194       2  351827      -0.6735      0.74969        0.738   1000
84934       12  113623342  113630169    115       1  351827       1.4317      0.07611        0.071   1000
9904        12  114254543  114404176     11       1  351827      0.25068      0.40103        0.402   1000
160777      12  119772517  119978852     32       4  351827     -0.46959      0.68067        0.671   1000
5564        12  120105669  120119429      3       1  351827      0.19603      0.42229        0.444   1000
11113       12  120123595  120315095     15       1  351827     0.015857      0.49367        0.518   1000
92558       12  120427648  120532299     17       2  351827      0.42497      0.33543        0.313   1000
283459      12  120884241  120901556    162       7  351827       1.7187     0.042836        0.043   1000
84274       12  120941082  120966964     71       1  351827     -0.11313      0.54504        0.561   1000
64897       12  121440835  121454300     16       1  351827     -0.86971      0.80777         0.81   1000
5025        12  121647664  121671909     32       4  351827       1.4681      0.07104        0.073   1000
10645       12  121675495  121736111     19       2  351827      0.54637      0.29241        0.285   1000
84678       12  121866899  122019110     68       1  351827      -1.6418      0.94969         0.95   1000
144404      12  122150658  122219974     37       1  351827     -0.88709      0.81248        0.807   1000
54509       12  122215660  122231594     46       2  351827      -1.0916       0.8625        0.878   1000
23067       12  122241879  122270562     21       1  351827      0.34524      0.36496        0.366   1000
144406      12  122356463  122441839     22       1  351827       -1.666      0.95215        0.958   1000
254050      12  122652266  122688018     40       1  351827       1.0312      0.15123        0.162   1000
9026        12  123319045  123347508    131       5  351827        1.045      0.14801        0.146   1000
23457       12  123405498  123451056     15       1  351827      0.41171      0.34028        0.325   1000
91574       12  123717844  123742651      2       1  351827      0.56208      0.28703        0.283   1000
8099        12  123745517  123756863     18       1  351827      0.87339      0.19122        0.181   1000
196383      12  123899936  123921264      3       1  351827     -0.17757      0.57047        0.558   1000
57696       12  124086650  124105482     46       1  351827     -0.11096      0.54418        0.549   1000
79867       12  124155660  124192950     70       4  351827       2.3798    0.0086599       0.0096   5000
196385      12  124246786  124420267      8       1  351827      0.52799      0.29875         0.28   1000
65985       12  125549925  125627879     12       2  351827    -0.086039      0.53428        0.536   1000
114795      12  125811162  126146915      2       1  351827     -0.56432      0.71373        0.733   1000
11211       12  130647004  130650285     12       2  351827     -0.13567      0.55396        0.549   1000
2054        12  131274145  131323819    103       4  351827      -0.3377      0.63221        0.626   1000
6433        12  132195632  132284283      2       1  351827      -2.2373      0.98737        0.985   1000
79050       12  132628993  132636986      1       1  351827      0.85839      0.19534        0.216   1000
23141       12  133302254  133338451      6       1  351827     -0.82459       0.7952        0.808   1000
100289635   12  133498019  133532908     92       4  351827    -0.091365       0.5364        0.521   1000
7556        12  133707214  133736051     57       1  351827      0.13793      0.44515        0.439   1000
54737       13   20207787   20247599      6       1  351827      0.73713      0.23052         0.26   1000
51084       13   20977806   21100012     35       2  351827        1.376     0.084413        0.086   1000
8100        13   21140585   21265576     98       4  351827     -0.82867      0.79635        0.781   1000
4285        13   24304328   24463587      1       1  351827      0.52231      0.30073        0.297   1000
542767      13   24463028   24466242     38       1  351827      0.39693      0.34571         0.33   1000
387911      13   24465238   24471145     67       4  351827      0.68684      0.24609         0.23   1000
338872      13   24883686   24896669     26       1  351827      0.48457      0.31399        0.293   1000
51082       13   28194880   28241559     23       3  351827       1.0475      0.14744        0.154   1000
51371       13   29233141   29253094      1       1  351827     -0.15083      0.55994        0.566   1000
3146        13   31032877   31191942      4       2  351827      -1.2794      0.89962        0.899   1000
10208       13   31191830   31233687      1       1  351827     -0.98928      0.83874         0.84   1000
10443       13   33006625   33116839      1       1  351827      0.36019      0.35935        0.343   1000
54937       13   36742345   36788752    213       2  351827     -0.26439      0.60426        0.585   1000
728591      13   36801179   36871992    202       1  351827      -0.1824      0.57237        0.547   1000
5994        13   37393339   37403740      3       1  351827     -0.15871      0.56305        0.541   1000
29103       13   43597362   43683306    165       5  351827      -1.9993      0.97721        0.983   1000
55068       13   43787335   44361116      1       1  351827      0.59446       0.2761        0.289   1000
160857      13   44410488   44453826     21       1  351827     -0.13304      0.55292        0.539   1000
387923      13   44947978   44971850      3       1  351827        1.722     0.042536        0.048   1000
220416      13   46786083   46850944      2       1  351827     -0.75357      0.77445        0.773   1000
3356        13   47405677   47471211    193       1  351827     -0.72338      0.76528        0.763   1000
8803        13   48516791   48612125     47       1  351827      -1.1164      0.86788        0.878   1000
84650       13   50234812   50265627     93       7  351827     -0.37445      0.64596        0.649   1000
79621       13   51483814   51544596     21       3  351827     -0.55894       0.7119        0.694   1000
440138      13   52586523   52603784     86       5  351827      -1.3837      0.91678        0.914   1000
341676      13   52638898   52703214    149       3  351827      0.50402      0.30712        0.334   1000
26586       13   53029495   53050763    262       7  351827      -1.9897      0.97669        0.979   1000
144983      13   53173750   53217931     37       2  351827      -1.8529      0.96805        0.969   1000
5100        13   53418109   53422775     31       4  351827       1.8033     0.035669        0.038   1000
79866       13   73301981   73330328      6       2  351827      0.21273      0.41577        0.424   1000
10464       13   73356202   73590592      2       1  351827        0.248      0.40207        0.399   1000
9882        13   75858809   76056782     13       1  351827     -0.94784       0.8284        0.832   1000
1203        13   77566059   77576652      7       1  351827      0.22396      0.41139        0.429   1000
160897      13   95254104   95286899     48       1  351827       1.1654      0.12193         0.11   1000
55757       13   96453834   96705736    115       4  351827       1.0837      0.13924         0.16   1000
10160       13   98794893   99102023      7       1  351827      0.21139      0.41629        0.419   1000
6564        13   99336055   99404929     15       3  351827      0.22709      0.41018        0.416   1000
9375        13  100153628  100216302      4       1  351827     -0.37777       0.6472        0.636   1000
171425      13  100258919  100549388      7       2  351827       1.0548      0.14576        0.146   1000
87769       13  101182418  101241046      5       1  351827     -0.33687      0.63189        0.645   1000
84899       13  101256090  101327103     89       4  351827     -0.23363      0.59236        0.607   1000
1284        13  110959631  111165374      1       1  351827      -2.1941      0.98589        0.988   1000
79587       13  111293757  111358480    104       6  351827      0.50537      0.30665        0.321   1000
8874        13  111767624  111958081     51       4  351827      0.24703      0.40244        0.402   1000
2155        13  113760102  113774995      9       1  351827      -3.0974      0.99902        0.999   1000
8858        13  113812968  113826698    118       2  351827      0.76785      0.22129        0.247   1000
79774       13  113978505  114018463     14       2  351827      -0.8285      0.79631        0.804   1000
8881        13  115000320  115038150     97       5  351827      0.69114      0.24474        0.269   1000
65110       13  115047059  115071292     16       1  351827    -0.061347      0.52446        0.532   1000
4860        14   20937538   20946165      5       1  351827      -1.4865      0.93142        0.949   1000
84932       14   21927179   21945132      1       1  351827     0.012416      0.49505         0.51   1000
63874       14   23067147   23081265      1       1  351827      -0.7627      0.77718        0.787   1000
55147       14   23369854   23388396     37       1  351827       1.7244     0.042322         0.05   1000
54930       14   23415437   23426352    113       4  351827       1.7836     0.037243        0.043   1000
5693        14   23485752   23504429      1       1  351827     -0.68849      0.75443        0.729   1000
84502       14   24037244   24048009      1       1  351827      -1.7026      0.95568         0.96   1000
51016       14   24608081   24610837     22       2  351827      -1.7956      0.96372        0.963   1000
115817      14   24759804   24769039      7       1  351827       1.1683      0.12134        0.108   1000
1241        14   24780705   24787242     23       1  351827     -0.68711      0.75399        0.723   1000
196883      14   24787555   24804277     13       2  351827      -1.0234      0.84693        0.839   1000
11035       14   24805227   24809242     25       1  351827     -0.73378      0.76846        0.759   1000
643866      14   24895738   24898731     25       3  351827      0.49552      0.31012        0.322   1000
23351       14   24898882   24910548     14       2  351827       0.5799      0.28099        0.284   1000
29091       14   25278860   25519095     14       2  351827      0.10731      0.45727        0.502   1000
23256       14   31091460   31205034     54       1  351827      0.61886        0.268        0.279   1000
1073        14   35179588   35184029      1       1  351827     -0.87307      0.80869        0.783   1000
55012       14   35554678   35591868    100       3  351827      0.18975      0.42475        0.434   1000
253959      14   36007558   36278432    174       3  351827     -0.15316      0.56086        0.555   1000
4253        14   39734476   39820397      5       1  351827      0.21598       0.4145        0.439   1000
6166        14   50085406   50087403     33       1  351827     -0.77982      0.78225        0.778   1000
9147        14   50250528   50319763     11       3  351827      -2.2804      0.98871        0.983   1000
8814        14   50796122   50883179      2       1  351827     0.079488      0.46832        0.457   1000
81542       14   51706886   51724373     42       2  351827      0.84909      0.19792        0.212   1000
5729        14   52734310   52743808     20       1  351827      0.21636      0.41435         0.41   1000
57544       14   52897308   53019301    130       6  351827      0.16158      0.43582        0.442   1000
10175       14   54890279   54908322     32       1  351827       1.4124     0.078919        0.086   1000
112849      14   59925698   59951281    138       4  351827       2.5842    0.0048809        0.004   5000
51528       14   59951161   59972081     92       2  351827      -1.0103      0.84382        0.857   1000
51635       14   60611496   60633034    149       3  351827      0.52138      0.30105        0.314   1000
317761      14   60902674   60952764    314       6  351827     -0.71339       0.7622        0.774   1000
4522        14   64854754   64926725     40       1  351827     -0.45423      0.67517        0.668   1000
26030       14   65171132   65213623     81       7  351827      -1.0895      0.86204        0.868   1000
91612       14   65381079   65410635    232      10  351827       1.4623     0.071828        0.063   1000
376267      14   65412532   65439016     37       3  351827       2.5577    0.0052686       0.0066   5000
2530        14   65877310   66210839      2       1  351827       1.0234      0.15306        0.159   1000
51382       14   67804581   67826720      1       1  351827      0.54979      0.29123        0.301   1000
161145      14   67913801   67982445     37       1  351827      0.71977      0.23583         0.25   1000
57475       14   67999916   68056255     23       3  351827      0.23581      0.40679        0.413   1000
5283        14   68048225   68067017      4       1  351827     -0.28296       0.6114        0.645   1000
9766        14   70078310   70181861      1       1  351827     -0.70469       0.7595        0.761   1000
51241       14   70791798   70826448     90       4  351827     -0.96632      0.83306        0.857   1000
22990       14   71374122   71582099    162       3  351827     -0.26536      0.60463        0.629   1000
26094       14   73393040   73428825    106       7  351827      -1.0057      0.84272         0.83   1000
53349       14   73436152   73493920      1       1  351827      0.98113      0.16326        0.176   1000
5663        14   73603143   73690399     16       2  351827      0.46571      0.32071        0.322   1000
399671      14   73945189   74025651     86       6  351827      0.53615      0.29593        0.302   1000
641371      14   74003862   74010503     24       5  351827      -1.2129      0.88742        0.872   1000
10965       14   74034324   74042362     23       3  351827     -0.78176      0.78282         0.79   1000
122970      14   74058410   74062470     59       7  351827      -1.8058      0.96453         0.96   1000
145482      14   74318534   74352168    445      10  351827      0.17363      0.43108        0.457   1000
91750       14   74551656   74667117    154       5  351827     -0.93113      0.82411        0.833   1000
8892        14   75469612   75476294    244       3  351827       1.2876     0.098947        0.095   1000
10538       14   75988784   76013335      6       1  351827     -0.44959       0.6735        0.667   1000
55640       14   76044940   76114512     11       1  351827     -0.21762      0.58614        0.573   1000
23093       14   76127551   76421425      1       1  351827      0.65354       0.2567        0.263   1000
55668       14   76618255   76671239     46       2  351827      -2.0494      0.97979        0.984   1000
2103        14   76837690   76968182     36       2  351827     -0.36456      0.64228        0.631   1000
23357       14   77248076   77292606     12       1  351827     0.021627      0.49137        0.485   1000
2954        14   77787230   77797940     30       2  351827    -0.060668      0.52419        0.517   1000
283578      14   77805102   77843396     26       2  351827     -0.87222      0.80845        0.838   1000
2957        14   81641796   81687575     10       1  351827       1.0379      0.14965        0.161   1000
8477        14   88471468   88481155     25       1  351827       2.1557     0.015554        0.012   1000
9321        14   92434243   92506484      1       1  351827     -0.21277      0.58425        0.586   1000
83982       14   94594118   94595957      3       2  351827       -1.415      0.92147        0.936   1000
256394      14   94908801   94919122      4       1  351827       1.3982     0.081019        0.091   1000
51218       14   96001323   96011055     11       1  351827      0.86248      0.19421        0.202   1000
56967       14   96505661   96560226      3       1  351827      0.55109      0.29078        0.292   1000
623         14   96721641   96735304      2       1  351827       1.7596     0.039236        0.042   1000
51527       14   96829789   96853627      5       1  351827      0.60791      0.27162        0.267   1000
84439       14  100111480  100143011     27       1  351827     -0.49719      0.69047        0.726   1000
51466       14  100485719  100610573      4       1  351827     -0.50084      0.69176        0.705   1000
122416      14  102973179  102976128    106       5  351827       1.1718      0.12064        0.098   1000
4140        14  103851701  103970168    153       4  351827      0.18207      0.42776        0.421   1000
1152        14  103985995  103989196     12       1  351827     -0.22094      0.58743        0.587   1000
10572       14  105219470  105225996     16       1  351827      -1.8611      0.96864        0.972   1000
283638      14  105331650  105363107     44       2  351827     -0.46671      0.67965        0.671   1000
122616      14  105452125  105466056    114       5  351827      -1.2138      0.88759        0.889   1000
2972        14  105675623  105781914      1       1  351827     -0.28665      0.61281        0.622   1000
1397        14  105939275  105946507      1       1  351827     -0.44847      0.67309        0.649   1000
2562        15   26788693   27018935     20       2  351827       0.2677      0.39446         0.37   1000
23359       15   29412455   29862927     16       2  351827      0.96959      0.16613         0.16   1000
89832       15   30652769   30685864      1       1  351827     -0.24822      0.59802        0.627   1000
6263        15   33603177   34158304     33       1  351827     -0.58505      0.72074        0.737   1000
57099       15   34158428   34331303      1       1  351827      -1.0643       0.8564        0.844   1000
9990        15   34522197   34630265      3       1  351827      -1.4719      0.92947        0.928   1000
254531      15   34651089   34659397      3       1  351827      -1.0859      0.86123         0.87   1000
440270      15   34817296   34875836      2       1  351827      -0.1726      0.56852        0.616   1000
440275      15   40226331   40327797     15       2  351827     -0.54128      0.70584        0.704   1000
6727        15   40327891   40331389     74       4  351827      -1.1908      0.88313        0.887   1000
5330        15   40576461   40600174      4       1  351827       1.3072     0.095574        0.097   1000
85455       15   40650434   40663256     48       4  351827       2.0658     0.019424        0.017   1000
90417       15   40674922   40686489     56       3  351827       2.4475    0.0071931       0.0076   5000
90416       15   40824083   40857252    342       6  351827       1.1614      0.12274        0.133   1000
2644        15   41056285   41059911      5       1  351827     -0.66276      0.74626        0.767   1000
84936       15   41099274   41106767      7       1  351827      -0.7087      0.76075        0.773   1000
6692        15   41136246   41149853      1       1  351827    -0.046645       0.5186        0.519   1000
171177      15   41164412   41166487      1       1  351827      0.48982      0.31213        0.316   1000
51103       15   41679547   41694658     55       2  351827      0.34721      0.36422        0.358   1000
4058        15   41795840   41806085     26       2  351827       1.8404     0.032853        0.029   1000
26015       15   41809374   41836464     52       3  351827        1.345     0.089313        0.082   1000
100137047   15   42120283   42129785    150       6  351827      0.69269      0.24425        0.246   1000
51332       15   42140344   42186275     15       2  351827      -1.1131      0.86716        0.857   1000
825         15   42646545   42704515      1       1  351827      0.96936      0.16618        0.154   1000
255252      15   42834720   42841002    221       3  351827       1.3048     0.095981        0.096   1000
9333        15   43524793   43559055      1       1  351827     -0.75301      0.77428        0.781   1000
161823      15   43622872   43646096    200       3  351827      0.92067      0.17861         0.17   1000
7158        15   43695262   43802707    159       2  351827      0.98852      0.16145        0.149   1000
1159        15   43885055   43891604      2       1  351827     0.080643      0.46786        0.461   1000
161497      15   43891685   44002286    120       2  351827     -0.35121      0.63729        0.653   1000
117155      15   43922772   43941039    170       5  351827       1.0103      0.15618         0.14   1000
548596      15   43985084   43991420    281       3  351827      0.88094      0.18917        0.181   1000
140691      15   45028314   45060027     44       2  351827      0.39299      0.34716        0.363   1000
6652        15   45315302   45367287    138       6  351827      0.50836       0.3056        0.299   1000
405753      15   45406523   45410304      1       1  351827     -0.54487      0.70708        0.716   1000
79029       15   45694514   45713617    142       2  351827      -1.6443      0.94995        0.944   1000
84419       15   45722727   45725647     62       1  351827     -0.84746      0.80163        0.812   1000
2585        15   49447974   49659955      1       1  351827       1.4499     0.073544        0.065   1000
196951      15   49618822   49913128    128       2  351827     0.030037      0.48802        0.481   1000
79895       15   50150435   50411419      1       1  351827     -0.48932      0.68769          0.7   1000
11001       15   50474393   50528589     28       2  351827       1.7335     0.041506        0.045   1000
29766       15   52121825   52204335    149       1  351827      0.43114      0.33318        0.361   1000
55930       15   52484515   52587995     12       1  351827     0.043657      0.48259        0.489   1000
145788      15   55700723   55710910      1       1  351827       1.1664      0.12172        0.126   1000
374618      15   56536207   56739032      1       1  351827     -0.29372      0.61551        0.628   1000
6938        15   57210833   57580716    444       8  351827       1.3452     0.089279        0.098   1000
102         15   58887403   59042177      5       1  351827      -1.5512      0.93957         0.93   1000
79856       15   64443899   64449680     72       2  351827     -0.58206      0.71974        0.707   1000
348094      15   65204095   65251042     20       1  351827      0.29086      0.38558        0.385   1000
51324       15   65255363   65282251    112       5  351827       2.1983     0.013965        0.012   1000
54962       15   66629008   66679074    211       2  351827    -0.096545      0.53846        0.533   1000
5607        15   67835021   68099455     36       2  351827       4.4351   4.6019e-06       0.0001  10000
10116       15   68570141   68583640      1       1  351827     -0.33418      0.63088        0.635   1000
8125        15   69070874   69113261      3       1  351827     -0.41071      0.65936        0.668   1000
3073        15   72635778   72669474     37       2  351827      -1.2267      0.89003        0.908   1000
9399        15   74275559   74286963     68       3  351827       2.4024    0.0081447        0.013   1000
25989       15   75128459   75135552    132       6  351827    -0.092102      0.53669        0.527   1000
192683      15   75287876   75313836     84       4  351827     -0.51242      0.69582        0.684   1000
60490       15   75315927   75343067     14       2  351827    -0.035959      0.51434        0.491   1000
4123        15   75648133   75661455    160       6  351827     0.084463      0.46634        0.472   1000
25942       15   75661720   75748181      6       1  351827     -0.66395      0.74664         0.72   1000
10073       15   75890424   75918719     70       2  351827     0.057946       0.4769        0.458   1000
49855       15   76640526   77197796    452       5  351827      0.63503      0.26271         0.26   1000
79834       15   77400498   77712446    141       5  351827      -0.8199      0.79386        0.801   1000
84894       15   77905369   77988490     90       2  351827      0.80864      0.20936         0.22   1000
23102       15   78287327   78369994      6       1  351827      -1.3124      0.90531        0.909   1000
10518       15   78396948   78423877     63       6  351827     -0.16621      0.56601        0.572   1000
1381        15   78632666   78640572      1       1  351827      -2.2269      0.98702        0.988   1000
1138        15   78857862   78887611     94       2  351827      0.26244      0.39649        0.404   1000
1512        15   79214092   79237436     31       2  351827      0.36455      0.35772        0.358   1000
10588       15   80135889   80189627    127      12  351827     0.088079      0.46491        0.433   1000
400410      15   80191182   80216096     71       5  351827     -0.24823      0.59802        0.594   1000
84206       15   82334119   82338484      6       2  351827     0.089936      0.46417        0.452   1000
283726      15   82555152   82577271     93       4  351827      0.40261      0.34362         0.33   1000
647042      15   82632347   82641706    391      21  351827       1.8992     0.028767        0.036   1000
8120        15   83328033   83378660    116       7  351827       0.8826      0.18873         0.19   1000
123207      15   83657715   83681050    216       5  351827       3.2971   0.00048845       0.0005  10000
6457        15   84116091   84287495      1       1  351827      0.13333      0.44697        0.435   1000
100505679   15   84841138   84854921    142       4  351827       2.0134     0.022034        0.016   1000
4828        15   85198360   85201802     46       3  351827       2.1071     0.017553        0.018   1000
5151        15   85523744   85682376      1       1  351827      0.24175      0.40449        0.394   1000
100133220   15   85783641   85790430     27       2  351827     -0.69338      0.75596        0.778   1000
11057       15   89631381   89745591      3       1  351827       1.0884      0.13821        0.152   1000
5428        15   89859536   89878026     90       2  351827   -0.0011647      0.50046        0.503   1000
10239       15   90373831   90437617    114       5  351827      -1.0509      0.85334        0.837   1000
348110      15   90443832   90456222      4       1  351827      0.57744      0.28182        0.273   1000
3418        15   90626283   90645730     66       3  351827      -1.6625       0.9518        0.953   1000
10519       15   90773477   90808991     79       6  351827      -1.4462      0.92593        0.933   1000
8826        15   90931473   91045475    277       5  351827    -0.025339      0.51011        0.517   1000
5045        15   91411885   91426687      6       2  351827      0.08196      0.46734         0.46   1000
374659      15   91474148   91475792      9       1  351827      0.16839      0.43314        0.442   1000
91433       15   91498106   91506355     61       4  351827       1.1585      0.12333         0.12   1000
64927       15   99676528   99791431     22       1  351827      0.35919      0.35973        0.338   1000
145748      15  100267610  100273766    121       9  351827        1.352     0.088195        0.099   1000
55180       15  101109428  101142445     59       2  351827     -0.61763      0.73159        0.746   1000
80213       15  102173429  102192594      3       1  351827     0.076916      0.46935        0.432   1000
51728       16      96979     103632     20       2  351827     -0.59354      0.72359        0.722   1000
79622       16     103829     107669     17       3  351827     -0.53777      0.70463        0.691   1000
8131        16     135800     188697      9       1  351827      0.13611      0.44587        0.455   1000
83986       16     284758     318960      3       1  351827       1.6278     0.051779        0.062   1000
26063       16     451858     462487     41       5  351827      -1.1787      0.88075        0.897   1000
6650        16     577816     604636     22       1  351827      -1.2253      0.88977        0.897   1000
117166      16     681012     684116    145       5  351827       1.3017     0.096513        0.104   1000
84326       16     684429     686371      5       1  351827      -0.3435      0.63439         0.61   1000
197335      16     699363     717833     46       2  351827      0.35244      0.36225        0.357   1000
339123      16     731667     734440      8       1  351827       1.1605      0.12293        0.113   1000
84264       16     776958     779715      9       1  351827      0.16313      0.43521        0.439   1000
64788       16     903634    1031318     64       2  351827      0.56049      0.28757        0.321   1000
6755        16    1122756    1131454     14       2  351827       1.0735      0.14153        0.135   1000
64499       16    1278336    1280185     15       2  351827      0.57862      0.28142        0.294   1000
23430       16    1306273    1308494     44       6  351827     -0.09908      0.53946        0.532   1000
7329        16    1357420    1377019      1       1  351827       1.8854     0.029686        0.032   1000
645811      16    1484389    1494490    119       5  351827     -0.15658      0.56221        0.569   1000
1186        16    1494934    1525085    165       9  351827     -0.26892      0.60601        0.618   1000
9894        16    1543352    1560460     21       2  351827     -0.26407      0.60414        0.605   1000
57585       16    1662495    1727909      3       1  351827      0.41915      0.33755        0.335   1000
197342      16    1823223    1826628      1       1  351827      -2.3203      0.98984        0.989   1000
3029        16    1859104    1877195    380       4  351827      0.62972      0.26444        0.277   1000
81889       16    1877225    1890208    432       3  351827      0.62393      0.26634        0.279   1000
64223       16    2255178    2259418      8       2  351827      0.14883      0.44084        0.442   1000
283870      16    2259254    2263541      3       1  351827    0.0047619       0.4981        0.477   1000
260429      16    2833954    2837943      1       1  351827      -1.1092      0.86632        0.869   1000
84256       16    2961943    3001209     70       8  351827      0.24803      0.40206        0.421   1000
124222      16    3019342    3023485      3       1  351827     -0.19801      0.57848         0.58   1000
146439      16    3077683    3086950     32       4  351827     -0.21468      0.58499        0.598   1000
9235        16    3115313    3119668     22       1  351827     -0.62062      0.73258        0.731   1000
7760        16    3185057    3192805    112       5  351827      0.62808      0.26498        0.271   1000
91151       16    3348808    3355439     22       1  351827       -1.214      0.88762        0.902   1000
100463285   16    3421053    3422283     11       1  351827      -1.5029      0.93357        0.944   1000
23059       16    3550945    3589048     37       4  351827      -2.2067      0.98633         0.99   1000
197358      16    3589033    3627392      8       1  351827     -0.22523       0.5891        0.627   1000
10131       16    3708038    3767598     20       3  351827      0.78893      0.21508        0.214   1000
51025       16    4390252    4401373      7       1  351827    -0.055082      0.52196        0.531   1000
57407       16    4511690    4524896     26       1  351827      0.33135      0.37019        0.398   1000
23295       16    4674825    4740975    136       5  351827     -0.56186      0.71289        0.708   1000
26048       16    4800815    4817219     62       3  351827     0.048449      0.48068        0.483   1000
124404      16    4827615    4838522     43       3  351827       1.2249      0.11031        0.111   1000
18          16    8768444    8878432      1       1  351827      0.17721      0.42967         0.45   1000
80063       16   10479912   10577495     42       2  351827      0.14468      0.44248         0.46   1000
146279      16   10721358   10788802      2       1  351827    -0.087272      0.53477        0.531   1000
116028      16   11439311   11445617     92       6  351827      0.91994       0.1788        0.187   1000
255027      16   15489611   15503543     33       4  351827      -1.2623      0.89658        0.913   1000
368         16   16243422   16318083      1       1  351827     -0.42005      0.66278        0.666   1000
408050      16   16326389   16388668      5       1  351827      -1.5334      0.93741        0.942   1000
10229       16   19078917   19091417      2       1  351827     -0.56776       0.7149        0.699   1000
400506      16   19717673   19729726    159       3  351827      0.34911       0.3635        0.352   1000
54988       16   20420850   20452290      5       1  351827     -0.79925      0.78793        0.791   1000
116285      16   20634555   20709066    195      11  351827   -0.0078311      0.50312        0.531   1000
57146       16   21169703   21191937     75       4  351827       1.2514      0.10539        0.119   1000
124454      16   23533334   23568696     19       2  351827      0.34867      0.36367        0.374   1000
84516       16   23652687   23685068    199       5  351827      0.18872      0.42516        0.449   1000
115584      16   24857184   24922949    108       5  351827      -0.0981      0.53907        0.528   1000
342357      16   25247322   25269210    157       3  351827      -1.4127      0.92113        0.929   1000
23247       16   27561441   27791692      3       1  351827      0.89445      0.18554        0.182   1000
246778      16   28510683   28518155      3       1  351827       1.0704      0.14222        0.126   1000
6799        16   28603264   28611058     53       2  351827     -0.44711       0.6726        0.684   1000
6817        16   28616908   28634907     16       1  351827     -0.84299      0.80038          0.8   1000
7284        16   28853732   28857729      3       1  351827       0.6103      0.27083        0.287   1000
283899      16   30007485   30017112    103       3  351827      0.89368      0.18575        0.192   1000
83719       16   30103635   30108248    102       3  351827      0.84228      0.19982        0.212   1000
5595        16   30125426   30134630     36       2  351827       1.6194     0.052684        0.047   1000
80270       16   30995949   31000473     41       5  351827    -0.066976       0.5267        0.532   1000
112755      16   31000577   31021829    112       3  351827     0.015261      0.49391        0.505   1000
339105      16   31094745   31100289      7       1  351827    -0.083587      0.53331        0.534   1000
84148       16   31128985   31142714     99       6  351827      0.45439      0.32477        0.318   1000
493829      16   31225342   31236510      2       1  351827    -0.084495      0.53367        0.542   1000
7041        16   31483476   31489281     18       2  351827      -0.6577      0.74464        0.766   1000
124411      16   31718741   31772886    137       4  351827      0.20715      0.41795        0.433   1000
83752       16   48278211   48387888      5       1  351827      0.79036      0.21466        0.199   1000
55027       16   50099881   50139392    119       4  351827     -0.61405      0.73041         0.73   1000
64127       16   50727507   50766990     19       2  351827       1.8775     0.030225        0.035   1000
5934        16   53468351   53525560     90       2  351827     -0.33027       0.6294        0.622   1000
1066        16   55836763   55867098      3       1  351827       1.2703      0.10199        0.107   1000
2775        16   56225251   56391356     32       3  351827      0.70414      0.24067        0.229   1000
583         16   56504301   56554008    120       5  351827    -0.035208      0.51404        0.539   1000
4493        16   56659557   56661024      1       1  351827       1.4766     0.069887        0.082   1000
4489        16   56672578   56673999     31       2  351827     -0.10126      0.54033        0.535   1000
4324        16   58059282   58080805     21       2  351827       1.2135      0.11247        0.118   1000
2806        16   58741035   58768246      2       1  351827      0.12443      0.45049        0.413   1000
7084        16   66541906   66584315     26       2  351827      -1.2182      0.88842        0.894   1000
8824        16   66968347   66978999      3       1  351827      -1.6981      0.95526        0.953   1000
283848      16   67022491   67043661      3       1  351827     0.042587      0.48302        0.481   1000
29109       16   67263292   67281425      4       1  351827     -0.54847      0.70832        0.731   1000
80152       16   67862060   67881361     38       2  351827      0.27079      0.39328        0.407   1000
4775        16   68118654   68263162    106       4  351827        1.524     0.063753        0.057   1000
80004       16   68262450   68270136      1       1  351827       1.4983     0.067024        0.066   1000
54496       16   68344877   68391169      8       1  351827       1.9888     0.023359        0.024   1000
999         16   68771128   68869445      1       1  351827     -0.88476      0.81186        0.817   1000
84916       16   69166499   69202937    108       4  351827      0.61566      0.26906        0.257   1000
6645        16   69221050   69342955    141       4  351827      0.24882      0.40175         0.42   1000
1728        16   69743304   69760849     15       2  351827     -0.91584      0.82013        0.823   1000
55066       16   70147529   70196437      1       1  351827       1.0904      0.13778        0.134   1000
118460      16   70284134   70285833    213       8  351827      0.13442      0.44654        0.432   1000
197258      16   70488498   70514177      2       1  351827      -1.4777      0.93025         0.93   1000
25839       16   70514472   70557457     16       2  351827    -0.041601      0.51659        0.523   1000
7571        16   71481500   71496295     28       2  351827       2.5721    0.0050535       0.0062   5000
10164       16   71560023   71572493     31       2  351827       2.2382     0.012603        0.017   1000
164         16   71762903   71843006     10       1  351827       1.3294     0.091858        0.093   1000
3250        16   72097125   72111145      2       1  351827      0.69596      0.24323        0.236   1000
2734        16   74481325   74641042      4       1  351827    -0.053972      0.52152        0.512   1000
55159       16   74655297   74700779     32       2  351827      0.45379      0.32499        0.337   1000
84937       16   75032915   75144892     20       1  351827      -0.2388      0.59437        0.579   1000
197257      16   75145758   75150670     25       1  351827     -0.38588      0.65021         0.64   1000
162239      16   75182392   75206132     20       2  351827      0.57978      0.28103        0.253   1000
9564        16   75262928   75301951     18       1  351827     -0.26388      0.60406        0.593   1000
23536       16   75622718   75657221    134       6  351827     -0.38163      0.64863        0.626   1000
57687       16   77822483   78014001     14       2  351827      0.66991      0.25146        0.239   1000
51741       16   78133310   79246567     16       1  351827      -1.6516      0.95069        0.948   1000
10200       16   82181767   82203829     51       2  351827      0.47854      0.31613        0.313   1000
9013        16   84211453   84220676     83       5  351827      0.69825      0.24251        0.231   1000
161931      16   84224723   84230772      3       1  351827      -1.0222      0.84665        0.849   1000
79786       16   84682131   84701187     17       2  351827       0.2448      0.40331        0.403   1000
55625       16   85008066   85045141    134       8  351827      0.27668      0.39101        0.395   1000
2303        16   86600857   86602539     30       3  351827    -0.019487      0.50777        0.512   1000
54758       16   87730239   87799603     12       2  351827     -0.21525      0.58522        0.629   1000
8140        16   87863629   87903100     35       2  351827      0.59485      0.27597        0.245   1000
115992      16   88762903   88772829     26       5  351827     -0.08075      0.53218        0.549   1000
81620       16   88870186   88875666      4       1  351827    -0.059466      0.52371        0.525   1000
197322      16   89160217   89222171      6       1  351827    -0.026338      0.51051        0.512   1000
146429      16   89262169   89267757    214      11  351827      0.75249      0.22588        0.219   1000
197320      16   89284111   89302402     10       2  351827       1.2923     0.098135        0.083   1000
6137        16   89613324   89633237     73       2  351827     -0.77415      0.78058        0.792   1000
27132       16   89642176   89663654      7       2  351827     -0.47697      0.68331        0.666   1000
8558        16   89753076   89762772    216      13  351827       2.1889     0.014302        0.011   1000
9605        16   89773541   89787398     16       3  351827       0.7416      0.22916        0.235   1000
84501       16   89894883   89937727    472       9  351827     -0.44387      0.67143        0.657   1000
79007       16   90071279   90085937      1       1  351827      0.14296      0.44316        0.442   1000
2622        16   90086056   90111379      8       2  351827       1.0918      0.13746        0.152   1000
9501        17      62180     202633      6       1  351827     0.061678      0.47541        0.478   1000
400566      17     260118     264457     31       4  351827     -0.31516      0.62368        0.616   1000
55275       17     411908     618096     27       2  351827     -0.48302      0.68546         0.68   1000
63826       17    2207244    2228553     76       5  351827      0.78039      0.21758        0.221   1000
7442        17    3468740    3512705      3       1  351827       0.2998      0.38216        0.385   1000
23729       17    3511556    3539616     59       6  351827     -0.15783      0.56271        0.572   1000
1497        17    3539762    3566397     42       3  351827      -0.8536      0.80334        0.816   1000
5026        17    3575156    3599698      1       1  351827      -1.1936      0.88369        0.886   1000
5023        17    3799885    3819960      1       1  351827    0.0056976      0.49773        0.497   1000
23140       17    3907739    4046314      5       1  351827      -0.4428      0.67104        0.688   1000
124975      17    4460222    4463876     18       2  351827      0.92854      0.17656        0.188   1000
1145        17    4801064    4806369     78       2  351827     -0.13269      0.55278        0.539   1000
9552        17    4862521    4871132     25       2  351827       0.1399      0.44437        0.457   1000
7775        17    5009029    5026411      4       2  351827      -1.0572       0.8548        0.863   1000
9098        17    5031687    5078327     44       2  351827       1.7196     0.042752         0.04   1000
9851        17    6481645    6545066     56       1  351827       1.0735      0.14152        0.139   1000
440400      17    6915736    6917852      4       1  351827     -0.78312      0.78322        0.797   1000
433         17    7004641    7018292     13       2  351827      0.22979      0.40913        0.389   1000
1856        17    7128661    7137867      2       1  351827      0.68637      0.24624        0.255   1000
1366        17    7163222    7166863      3       1  351827     -0.46928      0.68056        0.676   1000
1984        17    7210318    7215782      4       1  351827     0.044676      0.48218        0.462   1000
1949        17    7608520    7614693     18       3  351827     -0.64357      0.74007        0.769   1000
9196        17    7825177    7833180     28       1  351827      0.71908      0.23605        0.254   1000
116840      17    7835442    7853237      2       1  351827      0.72313       0.2348        0.221   1000
247         17    7942343    7952452      1       1  351827     -0.65133      0.74258        0.747   1000
4628        17    8377523    8534094      1       1  351827     -0.91408      0.81966        0.822   1000
5957        17    9801027    9808684      1       1  351827      0.88081      0.18921        0.174   1000
388335      17   10616631   10633646    122       2  351827       3.0576    0.0011157        0.001  10000
60528       17   12894929   12921381     13       2  351827     -0.10634      0.54234        0.527   1000
146822      17   14139173   14140150    123       8  351827       1.1946      0.11612        0.131   1000
284040      17   15339332   15370925     79       4  351827      -2.1377      0.98373        0.986   1000
201158      17   15405578   15466945     55       3  351827      -1.7309      0.95826         0.97   1000
136         17   15848231   15879210    193       2  351827      0.56077      0.28748        0.284   1000
9611        17   15933408   16118874      1       1  351827      0.51826      0.30214        0.301   1000
201163      17   17115523   17140502     95       5  351827      0.64176      0.26051        0.276   1000
56953       17   17206680   17250977     13       1  351827     -0.26048      0.60275        0.621   1000
83450       17   17876127   17920203     22       2  351827      -0.1483      0.55895        0.581   1000
91647       17   17921334   17942483     17       1  351827        2.107     0.017558        0.023   1000
1819        17   17991181   18011299     17       1  351827     0.020252      0.49192        0.517   1000
51168       17   18012020   18083116     90       4  351827      0.85888       0.1952        0.178   1000
51030       17   18684458   18710027    151       4  351827     -0.79661      0.78716          0.8   1000
5636        17   18759612   18834600    128       3  351827     -0.72817      0.76674        0.784   1000
3768        17   21279699   21323184      6       2  351827      0.24439      0.40347        0.402   1000
3965        17   25958174   25976586    114       4  351827      0.18334      0.42727        0.441   1000
4843        17   26083792   26127555     49       3  351827      0.55692      0.28879        0.283   1000
9058        17   26800664   26824799     68       1  351827      0.50681      0.30614        0.292   1000
147011      17   27030214   27039127     79       5  351827       1.6742     0.047042        0.051   1000
90313       17   27894198   27900175      9       1  351827      -1.8318      0.96651         0.96   1000
374786      17   28256874   28435470    265       3  351827      0.25836      0.39806        0.372   1000
2124        17   29629888   29641130      4       2  351827      -1.2519       0.8947        0.888   1000
2123        17   29643428   29648767      2       1  351827      -1.3449      0.91067        0.915   1000
55352       17   30178884   30186326     12       2  351827      0.19127      0.42416        0.408   1000
162494      17   30593195   30651680     12       1  351827      0.72887      0.23304        0.242   1000
26022       17   31254928   31268667     30       2  351827      -1.6757      0.95311        0.954   1000
124842      17   32907768   32966337     13       1  351827      0.47282      0.31817        0.305   1000
3980        17   33307517   33332088     83       7  351827     -0.29386      0.61557        0.607   1000
117584      17   33336131   33416348      4       1  351827      -1.2783      0.89943        0.905   1000
55106       17   33738079   33760302     27       2  351827      0.25623      0.39889        0.403   1000
146857      17   33762115   33775856      3       1  351827      0.53413      0.29663        0.298   1000
91608       17   34058679   34070540      3       1  351827    -0.091724      0.53654        0.535   1000
93210       17   37827375   37844310     36       2  351827     -0.23379      0.59242          0.6   1000
84299       17   37885409   37886792     10       2  351827       1.0911      0.13762        0.141   1000
284110      17   38119226   38134019    154       6  351827       1.8865     0.029612         0.03   1000
9862        17   38175350   38210889      5       1  351827       1.4126     0.078884        0.076   1000
339287      17   38278235   38293047      7       2  351827       1.0007      0.15849        0.166   1000
6605        17   38781214   38805658     24       2  351827      0.28685      0.38711        0.389   1000
192666      17   38854243   38860002     19       2  351827       0.2662      0.39504        0.395   1000
147184      17   38975344   38992526     68       4  351827     -0.74892      0.77305        0.786   1000
125115      17   39133968   39143387     49       1  351827      0.25445      0.39957        0.424   1000
8687        17   39592621   39597596     66       3  351827      0.13839      0.44497        0.451   1000
115024      17   39981334   39992523    257       8  351827     -0.72234      0.76496          0.8   1000
79132       17   40253422   40264751     57       4  351827     -0.62485      0.73397        0.738   1000
535         17   40610862   40674597      2       1  351827       2.0834     0.018607        0.025   1000
3292        17   40703984   40707232     72       1  351827       2.5358    0.0056096       0.0056   5000
8506        17   40834632   40852011    102       2  351827       2.4678    0.0067981       0.0058   5000
80755       17   41102543   41116515      1       1  351827       0.1509      0.44003        0.451   1000
3430        17   41158742   41166476      3       1  351827     -0.82767      0.79607        0.793   1000
8153        17   41177258   41184058    288       2  351827      0.31423      0.37667         0.38   1000
1659        17   41561330   41604185     13       1  351827       0.6765      0.24936        0.268   1000
4222        17   41717757   41739262      2       1  351827       1.3303     0.091712        0.094   1000
84336       17   42088556   42100519      9       1  351827       1.2049      0.11412        0.118   1000
80174       17   42785976   42829637     59       3  351827      0.66227       0.2539        0.262   1000
4185        17   42836405   42859214      1       1  351827      0.68567      0.24646        0.244   1000
79877       17   43100706   43138473     82       5  351827       2.6971     0.003497       0.0034   5000
4836        17   43138322   43186384     45       2  351827       2.5351    0.0056215       0.0066   5000
79777       17   43209967   43221548     23       1  351827       1.8942     0.029098        0.044   1000
124783      17   43331760   43339479     17       1  351827      0.25918      0.39775        0.385   1000
284058      17   44107282   44302740     26       4  351827     -0.14255      0.55668         0.55   1000
9884        17   44316744   44415160     46       4  351827       2.4924    0.0063444         0.01   1000
51326       17   44577184   44657155     77       7  351827       5.5454   1.4668e-08       0.0001  10000
474170      17   44587323   44633016     66       4  351827       5.6354   8.7309e-09       0.0001  10000
7473        17   44839872   44896126      3       1  351827       3.7555   8.6486e-05       0.0001  10000
4635        17   45266728   45301045     13       1  351827     0.057112      0.47723        0.479   1000
124989      17   45401327   45518678     14       1  351827     -0.66458      0.74684        0.747   1000
9755        17   45771441   45789429    264       5  351827     -0.13662      0.55433        0.571   1000
90506       17   45908993   45915079    146       7  351827       1.1826      0.11847        0.117   1000
90507       17   45915047   45918699     39       3  351827     -0.62001      0.73238        0.725   1000
29916       17   46184911   46200109    138       3  351827      -1.1687      0.87874        0.877   1000
3212        17   46620017   46622393      4       1  351827      -1.7625      0.96101        0.964   1000
3216        17   46673099   46682343      1       1  351827      0.66241      0.25386        0.253   1000
10241       17   46908350   46942607      2       1  351827       1.7468     0.040337        0.045   1000
84073       17   48585745   48608863     10       2  351827     -0.76752      0.77861        0.772   1000
64847       17   48624450   48633213     53       7  351827      0.70004      0.24195        0.258   1000
4831        17   49242796   49249105    132       4  351827     -0.25445      0.60043        0.618   1000
339210      17   54869274   54911256     10       1  351827     0.082379      0.46717        0.435   1000
9110        17   56566893   56595271     12       1  351827        2.362    0.0090891       0.0104   5000
56155       17   56634038   56769416    307       5  351827   -0.0044062      0.50176         0.48   1000
5889        17   56769934   56811703    422       8  351827      0.27566      0.39141        0.387   1000
4591        17   57059999   57184266    422       8  351827     -0.14709      0.55847        0.525   1000
6198        17   57970407   58027787     20       1  351827      0.54034      0.29448        0.297   1000
63897       17   58118790   58156292    178       9  351827     -0.55839      0.71171        0.724   1000
10513       17   58520520   58603580      1       1  351827      -1.8834      0.97018        0.959   1000
4215        17   61699404   61773670     28       1  351827     -0.83159      0.79718        0.804   1000
117246      17   61896793   61905031    264       4  351827       1.1373       0.1277        0.134   1000
92340       17   62075711   62081645     28       4  351827     -0.39808      0.65472        0.655   1000
55852       17   62224795   62340653     11       2  351827      0.44705      0.32742        0.345   1000
5573        17   66507921   66547457     37       3  351827      0.89298      0.18593        0.178   1000
55028       17   71228372   71245098    132       2  351827      0.23559      0.40688        0.414   1000
2232        17   72858619   72869156      1       1  351827     -0.78546      0.78391        0.798   1000
79902       17   73201597   73231854     95       4  351827     -0.12116      0.54822        0.533   1000
23163       17   73232694   73258444     35       1  351827     -0.26728      0.60537        0.591   1000
51081       17   73257749   73262457     96       4  351827     0.042412      0.48308        0.476   1000
201292      17   73885041   73893084      5       1  351827      -1.1034      0.86508        0.866   1000
85302       17   73905925   73937119     53       3  351827     -0.56125      0.71269          0.7   1000
1018        17   73996235   74002080      6       1  351827     -0.31664      0.62424        0.637   1000
439921      17   74669748   74707056     89       7  351827       1.3688     0.085524        0.079   1000
57602       17   76783463   76836980     26       1  351827      0.65976       0.2547        0.237   1000
64772       17   77067565   77084685     19       3  351827      -1.5627      0.94093        0.936   1000
84733       17   77751977   77761449      2       1  351827      0.12606      0.44984        0.457   1000
55036       17   78010431   78074412     90       4  351827      -1.7692      0.96157        0.966   1000
2548        17   78075339   78093680    128       6  351827    -0.054591      0.52177        0.529   1000
6448        17   78180515   78194199     10       3  351827      0.75685      0.22457        0.236   1000
57521       17   78518625   78940173      2       1  351827      0.32112      0.37406        0.378   1000
79643       17   78965641   78973933      5       1  351827      -1.6991      0.95535        0.952   1000
124565      17   79218799   79269233     18       2  351827      -1.7525      0.96016        0.963   1000
284186      17   79285070   79304474     53       3  351827      -1.7942      0.96361        0.963   1000
25794       17   79481022   79504156      7       2  351827     -0.23535      0.59303        0.597   1000
55666       17   79523913   79604138      5       1  351827    -0.097329      0.53877         0.54   1000
83882       17   79609349   79615779    189       7  351827      -2.6722      0.99623        0.997   1000
339229      17   79632066   79633618      1       1  351827      -1.5905      0.94414        0.942   1000
339230      17   79633761   79640937      3       1  351827      -2.5178       0.9941         0.99   1000
339231      17   79648224   79650954    160       7  351827     -0.55077       0.7091        0.722   1000
201254      17   79976579   79980786     19       2  351827       1.0282      0.15193        0.161   1000
5881        17   79989532   79992080      1       1  351827       2.3122     0.010383       0.0106   5000
284001      17   80059333   80170705    359       3  351827     -0.19405      0.57693        0.565   1000
6398        17   80278900   80291921      3       1  351827     -0.68252      0.75255        0.751   1000
26502       17   80415611   80446143     68       3  351827       1.1246      0.13039        0.139   1000
79672       17   80674582   80685893    139       6  351827     -0.15766      0.56264        0.544   1000
64122       17   80693452   80709073      6       1  351827      0.81345      0.20798        0.209   1000
81035       18     319355     500729      1       1  351827     -0.63475       0.7372        0.732   1000
27098       18     596998     650298      6       1  351827      0.55261      0.29026        0.301   1000
55556       18     670324     712662     55       2  351827      -1.6114      0.94645        0.942   1000
116         18     904366     912173     15       1  351827     -0.66545      0.74712        0.766   1000
79822       18    6729717    6915715     18       2  351827      0.51311      0.30394        0.313   1000
57045       18    9334765    9402424     27       1  351827     -0.67432      0.74995        0.752   1000
8774        18   10525873   10552766    160       5  351827     -0.27049      0.60661        0.605   1000
2774        18   11689014   11885684     39       4  351827    -0.047022      0.51875        0.522   1000
10650       18   12407895   12432237     27       2  351827       0.7327      0.23187        0.224   1000
56984       18   12658738   12725739     42       1  351827      0.23704      0.40631        0.425   1000
55125       18   12991352   13125052    209       7  351827     -0.27811      0.60954        0.614   1000
162655      18   14075989   14132489     70       4  351827       1.0366      0.14997        0.147   1000
4864        18   21086148   21166581    135       6  351827      0.70944      0.23902        0.248   1000
1830        18   29027732   29058665      2       1  351827      0.51785      0.30228        0.275   1000
147407      18   29339659   29340843     19       2  351827     -0.45663      0.67603         0.67   1000
10982       18   32556892   32723434      2       1  351827       1.1875      0.11752        0.128   1000
252884      18   32946661   32957301     75       3  351827      0.56271      0.28682         0.29   1000
55034       18   33767480   33848685     10       1  351827       1.1391      0.12733        0.118   1000
25941       18   34359513   34409179     65       2  351827     -0.52036      0.69859         0.69   1000
6563        18   43304088   43332485     16       1  351827     -0.25226      0.59958        0.641   1000
9050        18   43563502   43652250      1       1  351827      0.20506      0.41876        0.414   1000
9063        18   44388900   44500130     16       1  351827      -0.5277      0.70115        0.722   1000
1630        18   49866542   51062273     10       1  351827       1.1033      0.13495        0.142   1000
11201       18   51795849   51837583    252       7  351827    -0.060676      0.52419        0.505   1000
23556       18   59711457   59854289    368      12  351827      0.49165      0.31148        0.315   1000
54877       18   60190658   60254942      1       1  351827      0.17622      0.43006        0.448   1000
81832       18   70409549   70534828      2       1  351827     -0.15186      0.56035         0.56   1000
55748       18   72163500   72190689      2       1  351827      0.20365      0.41931        0.432   1000
10907       18   77732867   77748546     22       1  351827      0.70803      0.23946        0.242   1000
8612        19     281040     291435      2       1  351827       1.3258      0.09246        0.086   1000
25759       19     416583     460996     29       3  351827      0.36646      0.35701        0.372   1000
57418       19     984328     994569     97       7  351827      0.31969       0.3746        0.374   1000
116444      19    1000437    1009723     16       3  351827     0.022063       0.4912        0.486   1000
10347       19    1040102    1065571      8       2  351827      0.17322      0.43124        0.408   1000
5434        19    1086578    1095391     13       1  351827      0.59809      0.27489        0.262   1000
2879        19    1103936    1106787      2       1  351827      -1.9557      0.97475        0.979   1000
55009       19    1275520    1279243     14       2  351827       1.4123     0.078936        0.089   1000
148229      19    1782074    1812275      2       1  351827      0.27042      0.39342        0.405   1000
113178      19    1905213    1926012      2       1  351827     -0.36095      0.64093        0.646   1000
113179      19    1905371    1913446      9       2  351827       1.6407     0.050432        0.057   1000
55643       19    1985437    2015702      1       1  351827       2.0093     0.022251        0.023   1000
84444       19    2164148    2232577      1       1  351827        1.531      0.06288        0.077   1000
268         19    2249113    2252072     21       3  351827      0.42187      0.33656        0.354   1000
51690       19    2321520    2328614     13       1  351827      0.52778      0.29883        0.298   1000
56928       19    2328629    2355100      1       1  351827     -0.86748      0.80716        0.802   1000
7064        19    2785464    2813599     23       1  351827      0.15356      0.43898        0.421   1000
58492       19    2933216    2944969      2       1  351827      0.23943      0.40539        0.408   1000
79816       19    2977536    2995182     13       2  351827     0.056153      0.47761        0.443   1000
2769        19    3136191    3163766     27       1  351827     -0.64537      0.74066        0.767   1000
56926       19    3185875    3209573     18       2  351827      0.41144      0.34037        0.352   1000
100128569   19    3538674    3544121     14       1  351827     -0.41749      0.66184        0.661   1000
116541      19    3762665    3767563      9       2  351827     -0.10035      0.53997        0.562   1000
51548       19    4174106    4182596     20       2  351827       1.4198     0.077827         0.08   1000
170961      19    4182665    4224811      4       1  351827       1.6128     0.053395        0.056   1000
10148       19    4229540    4237525      1       1  351827    -0.032344       0.5129        0.513   1000
10036       19    4402660    4443394      4       1  351827       1.7556     0.039579        0.032   1000
80700       19    4445003    4457791     12       1  351827        1.002      0.15818        0.148   1000
9361        19    5691845    5720463      1       1  351827     -0.18547      0.57357        0.542   1000
163154      19    5782971    5784776     11       2  351827     -0.61559      0.73092        0.726   1000
4902        19    5823818    5828335      1       1  351827       1.7432     0.040652        0.042   1000
126328      19    5891287    5904024      3       1  351827      0.40141      0.34406         0.33   1000
400673      19    5904852    5910263      5       1  351827       1.1754      0.11992        0.125   1000
284427      19    6426048    6433790     15       2  351827     0.065198      0.47401        0.478   1000
970         19    6582969    6591163      2       1  351827     -0.18699      0.57417        0.582   1000
56927       19    6729925    6737633      9       1  351827       2.1773      0.01473        0.017   1000
10045       19    6752171    6767531     19       2  351827      0.57203      0.28365        0.293   1000
126006      19    7696501    7701282     46       2  351827     -0.56979      0.71559        0.716   1000
80164       19    7933605    7939326      8       1  351827     -0.24253      0.59582        0.616   1000
10469       19    7991603    8008708     39       2  351827      0.50989      0.30506        0.294   1000
51293       19    8367011    8373439     39       1  351827     -0.58066      0.71926        0.726   1000
6234        19    8386384    8387280     29       3  351827      -0.4446       0.6717        0.647   1000
51257       19    8478187    8503901     34       2  351827     -0.16996      0.56748         0.55   1000
84106       19    8554940    8567538      2       1  351827      0.32478      0.37267        0.371   1000
162998      19    9296270    9299493     15       2  351827       1.6563     0.048832        0.053   1000
84527       19    9434448    9461838     12       3  351827     -0.23274      0.59202        0.573   1000
10781       19    9523102    9546254    327       4  351827       1.1837      0.11826        0.114   1000
93134       19    9718002    9731916      1       1  351827       1.1098      0.13354        0.126   1000
55337       19   10196806   10203928      2       1  351827     -0.47124      0.68127          0.7   1000
53637       19   10623418   10628668      7       1  351827      -0.5756      0.71756        0.726   1000
65095       19   10663761   10676702     65       3  351827      0.18171       0.4279        0.408   1000
81890       19   10812112   10824043      2       1  351827     -0.47546      0.68277        0.688   1000
1995        19   11562143   11591806      1       1  351827      -2.7777      0.99726        0.999   1000
126069      19   11909391   11919470      4       1  351827     -0.05376      0.52144        0.529   1000
126070      19   11925099   11946016     20       2  351827       0.1668      0.43376        0.443   1000
90594       19   11959541   11980306     16       3  351827     -0.95866      0.83113        0.807   1000
10224       19   12537710   12551926    102       6  351827      0.77081      0.22041        0.207   1000
2639        19   13001943   13010813     13       2  351827      0.69793      0.24261        0.233   1000
84245       19   13875328   13885096     10       2  351827     -0.30282      0.61899        0.636   1000
79883       19   14042000   14064204      2       1  351827      0.98495      0.16233        0.166   1000
342979      19   14164179   14172908     13       1  351827     -0.64961      0.74203        0.748   1000
84449       19   14800711   14844558     17       1  351827       0.8769      0.19027        0.172   1000
26664       19   14909943   14946188     22       2  351827      0.89711      0.18483        0.193   1000
26659       19   14937139   14939276     24       2  351827       1.3586     0.087137        0.085   1000
4051        19   15751701   15771570     53       2  351827    -0.089197      0.53554        0.522   1000
66002       19   15783567   15807984      4       1  351827      0.43061      0.33338        0.352   1000
57834       19   16023180   16045676    137       8  351827       1.5822     0.056798        0.056   1000
8907        19   16308665   16346156     27       1  351827     -0.26244      0.60351        0.584   1000
84167       19   16607187   16632180     27       3  351827     -0.30364       0.6193         0.61   1000
79629       19   17337040   17340028      9       2  351827      -0.3523      0.63769        0.644   1000
64981       19   17413616   17417652     40       3  351827      0.49993      0.30856        0.294   1000
83483       19   17462264   17488137      4       1  351827      0.45519      0.32449        0.317   1000
684         19   17502238   17516458      3       1  351827      -2.8588      0.99787        0.995   1000
93343       19   17516512   17536141      5       1  351827     -0.58713      0.72144         0.71   1000
23149       19   17858527   17899377      1       1  351827       0.8521      0.19708        0.184   1000
80726       19   18367906   18385319     59       2  351827      0.12524      0.45017        0.446   1000
54858       19   18451397   18480763      2       1  351827       1.2348      0.10845        0.115   1000
729991      19   19287713   19303400     77       3  351827      0.47501      0.31739        0.331   1000
51291       19   19740285   19754457      8       2  351827      0.16992      0.43254        0.442   1000
440515      19   19896648   19932560    124       4  351827      0.47872      0.31607        0.318   1000
81931       19   20011722   20046382     18       1  351827       1.0892      0.13803         0.14   1000
91120       19   20115227   20150277     95       4  351827      0.31533      0.37625        0.366   1000
7643        19   20188803   20231977     25       1  351827     -0.18793      0.57453        0.579   1000
7639        19   21106059   21133503      1       1  351827      0.81734      0.20687        0.197   1000
7562        19   21473963   21512219    295       7  351827      0.78035      0.21759        0.203   1000
284443      19   21579921   21610297    106       4  351827      0.53012      0.29801        0.304   1000
353088      19   21688437   21721079    629      11  351827     -0.92041      0.82132        0.823   1000
163227      19   21906417   21950430    138      10  351827      0.35917      0.35973        0.366   1000
7594        19   21987751   22034870     44       2  351827      0.83448      0.20201        0.207   1000
7757        19   22148897   22193745      1       1  351827     -0.57406      0.71704        0.717   1000
113835      19   22235126   22274276    290       9  351827     -0.57188       0.7163        0.754   1000
163223      19   22361903   22379753      1       1  351827       1.4077     0.079614        0.092   1000
148198      19   22573899   22605148    106       2  351827       0.9576      0.16913        0.175   1000
57615       19   22817126   22850472    310       2  351827    -0.046326      0.51847        0.509   1000
148213      19   23921997   23941693      5       1  351827      0.89563      0.18522        0.188   1000
22847       19   32836514   32878573      5       1  351827        2.392    0.0083775        0.011   1000
390916      19   33157186   33204702     28       1  351827      0.25101       0.4009        0.406   1000
11136       19   33321417   33360683    144       6  351827     -0.51248      0.69584        0.705   1000
55094       19   33571786   33621318     62       2  351827      0.49334      0.31089        0.311   1000
55900       19   35168553   35177302     35       1  351827        0.124      0.45066        0.418   1000
339318      19   35225103   35233774      4       1  351827     -0.62554      0.73419        0.741   1000
90075       19   35417807   35436076     88       2  351827       1.1705       0.1209         0.13   1000
53827       19   35645625   35660788     22       2  351827       1.3219     0.093097        0.086   1000
4099        19   35782989   35804710      6       1  351827      0.37684      0.35315        0.372   1000
2116        19   36132647   36136007      5       1  351827     0.022235      0.49113         0.47   1000
11045       19   36157418   36169387      1       1  351827      -1.0554      0.85439        0.853   1000
27033       19   36195389   36207940     24       2  351827      -1.2842      0.90046        0.898   1000
199746      19   36233428   36236409     77       7  351827    -0.040507      0.51616        0.491   1000
148137      19   36249044   36260077     38       3  351827       -1.617      0.94706        0.939   1000
115703      19   36266417   36279724      2       1  351827      -0.6816      0.75226        0.768   1000
84924       19   36936021   36980804     27       1  351827     -0.84155      0.79998        0.814   1000
163081      19   37178466   37212428     97       1  351827      0.20188         0.42        0.414   1000
163115      19   38158650   38183216    220       5  351827      0.25086      0.40096        0.373   1000
64073       19   38794804   38795646     61       3  351827       1.2519       0.1053        0.126   1000
57828       19   38826443   38861589    109       2  351827     -0.74897      0.77306        0.762   1000
6261        19   38924340   39078204      1       1  351827      0.39351      0.34697        0.362   1000
11184       19   39078281   39108643      1       1  351827      0.68135      0.24782        0.242   1000
81          19   39138256   39221336     14       3  351827      -1.6209      0.94748        0.949   1000
147968      19   39220832   39235114     34       2  351827     -0.16984      0.56743        0.568   1000
653499      19   39279850   39282394     78       6  351827      0.17691      0.42979        0.426   1000
22933       19   39369195   39390502      1       1  351827       1.0144      0.15519        0.168   1000
54938       19   39405904   39421536     23       1  351827     -0.84253      0.80025          0.8   1000
126433      19   39514661   39523198    126       3  351827      0.67281      0.25053         0.27   1000
342897      19   39687604   39692522     22       1  351827      0.10188      0.45943        0.461   1000
6217        19   39923847   39926660     59       3  351827      0.85453       0.1964        0.197   1000
8857        19   40353963   40440910     34       3  351827     -0.11783       0.5469        0.539   1000
284323      19   40575059   40596845    290       4  351827        1.046      0.14779        0.137   1000
4294        19   40697504   40721487      6       1  351827     -0.66931      0.74835        0.743   1000
79934       19   41197434   41222790     33       2  351827       1.1021       0.1352        0.137   1000
80271       19   41222885   41246765     23       2  351827       1.2578      0.10424        0.101   1000
112398      19   41305048   41314346      3       1  351827      -0.3863      0.65036         0.65   1000
1553        19   41594356   41602100     95       5  351827     -0.26899      0.60603        0.589   1000
1572        19   41620312   41634286     36       3  351827      -1.2176      0.88832        0.869   1000
641649      19   41856873   41889988      3       1  351827      0.21474      0.41498         0.44   1000
100170765   19   41949063   41950670      7       1  351827      -1.0503       0.8532        0.861   1000
90273       19   42055886   42093255      3       1  351827       2.2663     0.011717       0.0122   5000
1087        19   42177235   42192196     20       1  351827     -0.57691        0.718        0.738   1000
5672        19   43696854   43709926     74       6  351827    -0.032852       0.5131        0.509   1000
27076       19   43964946   43969831      5       1  351827      -0.1269      0.55049        0.551   1000
653583      19   43979255   44009073     53       3  351827      0.12666       0.4496        0.467   1000
284346      19   44037244   44040290     70       6  351827      -1.1821      0.88142        0.881   1000
56006       19   44232851   44259142      6       1  351827     -0.13101      0.55212        0.544   1000
7596        19   44416776   44439411     42       1  351827      0.26056      0.39722        0.375   1000
7711        19   44472014   44502477      2       1  351827     0.031849       0.4873        0.463   1000
7673        19   44529494   44537263      1       1  351827      -1.2591      0.89601        0.899   1000
7766        19   44556164   44572142    173       7  351827      -0.7284      0.76682        0.747   1000
7768        19   44617528   44637255      5       1  351827    -0.022553        0.509        0.475   1000
10780       19   44645710   44664462      4       1  351827    -0.019149      0.50764        0.491   1000
26974       19   44889808   44905777     78       3  351827     -0.70285      0.75892        0.754   1000
79760       19   45579024   45594782     25       2  351827       0.5717      0.28376         0.29   1000
147699      19   46001731   46005768     48       5  351827      0.59174      0.27701        0.264   1000
1760        19   46272975   46285815      3       1  351827       1.2309      0.10919        0.113   1000
3171        19   46367518   46377055     25       2  351827     -0.53547      0.70384        0.697   1000
55228       19   46969748   46974820     53       3  351827       1.0172      0.15453        0.158   1000
29888       19   47222768   47250251     63       3  351827      0.20479      0.41887         0.43   1000
79147       19   47249303   47261832     50       5  351827      0.54003      0.29459        0.277   1000
56917       19   47906375   47922785      4       1  351827    -0.089107       0.5355        0.542   1000
11133       19   47978398   47987521      2       1  351827        1.546     0.061058         0.06   1000
6415        19   48281842   48287939     15       2  351827     -0.30266      0.61893        0.605   1000
8605        19   48551100   48614109     54       2  351827      -1.3482       0.9112        0.916   1000
93233       19   48799709   48825191     44       2  351827      0.16317      0.43519        0.453   1000
9266        19   48972465   48985571     10       1  351827      0.15731       0.4375        0.432   1000
54854       19   49103857   49118098      1       1  351827     -0.59726      0.72483        0.706   1000
126147      19   49164664   49176264     39       2  351827      0.40693      0.34203        0.338   1000
2524        19   49199228   49209191    120       6  351827      0.61109      0.27057        0.277   1000
284359      19   49244073   49250831     22       3  351827     -0.42265      0.66372         0.67   1000
7288        19   49384222   49401996      1       1  351827     -0.56129       0.7127        0.726   1000
10856       19   49496738   49519183      2       1  351827      0.99516      0.15983         0.17   1000
8541        19   49622646   49654287      2       1  351827     -0.72709      0.76641        0.774   1000
54795       19   49661016   49715098     52       2  351827     -0.13999      0.55566        0.575   1000
28968       19   49792889   49828521     57       2  351827     0.096197      0.46168        0.453   1000
126133      19   49956473   49974305     30       1  351827       3.3561   0.00039525       0.0006  10000
57479       19   50094912   50129696     59       5  351827       1.4638     0.071624        0.077   1000
114132      19   50452250   50464439     75       1  351827     -0.93718      0.82567        0.812   1000
79784       19   50706885   50813801      1       1  351827     -0.25661      0.60126        0.609   1000
554235      19   51014857   51018689     36       2  351827     0.030946      0.48766         0.48   1000
84258       19   51125234   51143092      4       1  351827      -1.2825      0.90017         0.89   1000
84798       19   51300961   51307974     15       1  351827        1.828     0.033772        0.033   1000
43849       19   51532348   51538486     12       1  351827      -0.3911      0.65214        0.655   1000
89858       19   51994613   52005043     75       5  351827      0.54933      0.29139        0.279   1000
100049587   19   52145806   52150132     17       2  351827     -0.58282      0.71999        0.721   1000
84765       19   52359056   52391229      3       1  351827     -0.61069       0.7293        0.729   1000
400713      19   52873170   52889048     30       1  351827      -0.2047       0.5811        0.584   1000
84436       19   52900771   52921661     15       1  351827      0.98103      0.16329        0.143   1000
147658      19   52932394   52942720     23       2  351827       1.2594      0.10393        0.086   1000
55769       19   53115617   53193834     18       3  351827     -0.29832      0.61727        0.611   1000
162966      19   53268747   53290034     10       1  351827     -0.68689      0.75392        0.752   1000
90333       19   53341785   53360902      2       1  351827        -2.04      0.97933        0.982   1000
162967      19   53379425   53394599      7       3  351827       0.4447      0.32827        0.343   1000
125893      19   53452632   53466164      6       1  351827      0.34344      0.36563        0.355   1000
342926      19   53738638   53758219     32       1  351827       1.0039      0.15771        0.164   1000
91661       19   53898397   53915262     15       2  351827     -0.25061      0.59894        0.612   1000
4696        19   54606160   54610281      4       1  351827      0.28197      0.38898        0.384   1000
147798      19   54663833   54676944     21       3  351827      0.34467      0.36517        0.386   1000
6203        19   54704608   54711515     43       2  351827     -0.35533      0.63883        0.629   1000
112724      19   55555684   55580914      5       1  351827     -0.42042      0.66291        0.658   1000
352909      19   55670029   55678090     14       1  351827       1.1111      0.13326        0.141   1000
255043      19   55738002   55740632      2       1  351827     0.090299      0.46402        0.459   1000
6158        19   55897300   55914616      8       2  351827      -2.3652      0.99099        0.992   1000
147949      19   56915383   56936400      4       2  351827     -0.93844      0.82599         0.82   1000
63934       19   56950693   56988770     40       5  351827     -0.81913      0.79364        0.802   1000
140612      19   57050317   57068170     34       1  351827     -0.91767       0.8206        0.814   1000
90485       19   57173729   57183151     10       2  351827      0.62475      0.26607        0.261   1000
57343       19   57862645   57871266     53       3  351827      0.14128      0.44382        0.431   1000
388567      19   57946693   57957291     30       3  351827     -0.11342      0.54515        0.537   1000
57191       19   57966542   57968107    158       3  351827      0.49759      0.30939        0.293   1000
400720      19   57980954   57988945    228       6  351827      0.46063      0.32253        0.315   1000
374928      19   58011222   58029772    200       4  351827      0.56255      0.28687        0.265   1000
10520       19   58144535   58155409      2       1  351827      0.18442      0.42684        0.441   1000
730051      19   58380747   58400442     21       1  351827     0.060407      0.47592        0.478   1000
27300       19   58739960   58788923     29       2  351827     -0.57419      0.71708        0.748   1000
162968      19   58865723   58874214      1       1  351827     -0.24923      0.59841        0.618   1000
6193        19   58898636   58906171     23       2  351827     -0.61042      0.72921        0.719   1000
201514      19   58919245   58929694     96       4  351827       1.1573      0.12358        0.145   1000
7691        19   58944181   58951589     91       4  351827       1.1612      0.12278        0.145   1000
140680      20     251504     271419     43       3  351827   -0.0072735       0.5029        0.508   1000
83541       20     814354     826922      1       1  351827     -0.64234      0.73967        0.753   1000
10326       20    1545029    1600720     59       6  351827       1.1758      0.11983        0.138   1000
22888       20    3088219    3140556      5       1  351827       1.4542     0.072947        0.069   1000
3704        20    3189514    3204516    268       4  351827      0.59736      0.27513        0.275   1000
994         20    3767419    3786765     17       2  351827      -0.1766      0.57009        0.589   1000
29058       20    5049129    5093736     80       3  351827    -0.070737       0.5282        0.553   1000
8760        20    5107407    5178533      7       1  351827      -1.2522      0.89475        0.894   1000
84515       20    5931298    5975852     70       6  351827       1.0867      0.13857         0.15   1000
56255       20    7961713    8000393     25       3  351827     0.046728      0.48137         0.47   1000
24141       20    9495005    9511171      3       1  351827      -2.1532      0.98435        0.984   1000
8195        20   10385428   10414887      3       1  351827      0.26915      0.39391        0.397   1000
22903       20   11871377   11907243     13       1  351827      -1.2751      0.89887        0.892   1000
55304       20   12989627   13147411      1       1  351827      0.31425      0.37667        0.361   1000
55614       20   16252742   16554079     81       8  351827      0.13099      0.44789        0.431   1000
5126        20   17206752   17465223     43       2  351827      -1.0218      0.84655        0.848   1000
92667       20   17949534   17971765     25       1  351827     -0.12511      0.54978        0.552   1000
55184       20   18364011   18447995      3       1  351827      0.45363      0.32505        0.322   1000
10483       20   18488188   18542059      1       1  351827     -0.43407      0.66788         0.65   1000
955         20   25176327   25207365     69       5  351827     -0.50611      0.69361        0.693   1000
5834        20   25228706   25278648    153       9  351827     -0.44427      0.67158        0.665   1000
26090       20   25275379   25371618    406       3  351827     -0.96298      0.83222        0.821   1000
26152       20   25654744   25677515    190       2  351827      -2.5872      0.99516        0.997   1000
245937      20   30053309   30060816     79       2  351827      0.72066      0.23556        0.229   1000
149951      20   31290493   31331814      1       1  351827       1.8891      0.02944        0.032   1000
22919       20   31407699   31438211     96       6  351827      -1.2444      0.89332          0.9   1000
83658       20   33104193   33128762      1       1  351827     0.087769      0.46503         0.47   1000
84557       20   33134688   33148149     59       2  351827        1.544     0.061296        0.073   1000
26133       20   33590207   33680618     25       1  351827      -1.1461      0.87413        0.865   1000
55245       20   33890369   33999945    122       2  351827       1.4554     0.072777        0.064   1000
11190       20   34042988   34105360     94       2  351827     -0.60946      0.72889        0.716   1000
8904        20   34213953   34252878    517       9  351827      0.56869      0.28478        0.265   1000
2036        20   34679426   34820721      1       1  351827      0.58382      0.27967        0.277   1000
60436       20   35201876   35222355      1       1  351827     -0.16839      0.56686        0.565   1000
25939       20   35519285   35580246      1       1  351827      0.17727      0.42965        0.429   1000
140699      20   35729629   35807974     20       1  351827      -1.9054      0.97163        0.978   1000
63905       20   35918051   35945663     29       2  351827    -0.038652      0.51542        0.488   1000
671         20   36932552   36965907      6       1  351827       1.0141      0.15528        0.142   1000
343578      20   37230577   37279295     17       2  351827     -0.98266      0.83711        0.846   1000
26013       20   42136320   42179590     13       1  351827     -0.30684      0.62052        0.617   1000
51098       20   42219574   42275862     38       1  351827     0.060278      0.47597        0.451   1000
84969       20   42543492   42698256     15       2  351827        1.087      0.13851        0.132   1000
10955       20   43124864   43150726      1       1  351827      0.22757      0.40999        0.406   1000
60598       20   43374488   43380954      1       1  351827      -1.2407      0.89265        0.897   1000
7529        20   43514240   43537173      3       1  351827     -0.97879      0.83616        0.847   1000
10953       20   43570771   43589114      1       1  351827     -0.24059      0.59507        0.606   1000
3787        20   43720950   43729753    101       3  351827     -0.42204       0.6635        0.669   1000
8785        20   43922086   43937206     77       6  351827     -0.20025      0.57936        0.565   1000
55861       20   44034633   44039250     38       3  351827      0.92221      0.17821         0.17   1000
140686      20   44402847   44420547    318       5  351827     -0.75229      0.77406        0.798   1000
116092      20   44420576   44440066     88       3  351827     -0.37103      0.64469        0.656   1000
10005       20   44470360   44486048      1       1  351827     -0.79673       0.7872        0.794   1000
55713       20   45128269   45142198     36       2  351827      0.90006      0.18405         0.18   1000
1434        20   47662783   47713497     12       1  351827      0.14821      0.44109        0.432   1000
84612       20   49347923   49373333      3       1  351827     -0.23854      0.59427        0.596   1000
3755        20   49620193   49639675     35       4  351827     -0.14031      0.55579        0.566   1000
57167       20   50400551   50419059      1       1  351827       1.0218      0.15344        0.158   1000
7764        20   52183610   52210801      6       1  351827      0.66602       0.2527        0.248   1000
116151      20   54933983   54943719      9       1  351827       -0.531      0.70229        0.723   1000
9217        20   56964175   57026157     48       3  351827      -1.4924       0.9322        0.937   1000
51497       20   57556263   57570400     37       3  351827       0.1882      0.42536         0.41   1000
26039       20   60718816   60757566     34       1  351827       -2.161      0.98465        0.989   1000
81928       20   60963686   60982339     46       3  351827      0.60735      0.27181        0.265   1000
11054       20   61436156   61445352     11       2  351827     -0.99355      0.83978        0.841   1000
11083       20   61509090   61569304     38       2  351827       1.0211      0.15361         0.14   1000
63910       20   61583999   61599949      4       2  351827      0.44944      0.32656         0.32   1000
54915       20   61826781   61847538      1       1  351827      0.78264      0.21692        0.237   1000
6725        20   62172163   62178857      4       1  351827     -0.67808      0.75114         0.77   1000
10287       20   62704534   62711356     28       3  351827      0.69194      0.24449        0.243   1000
4987        20   62711451   62731996     22       2  351827      0.67773      0.24897        0.248   1000
54148       21   26957968   26979801    192       5  351827      -1.2651      0.89708        0.898   1000
10694       21   30428647   30446010    174       5  351827      0.73755      0.23039        0.217   1000
3455        21   34602231   34636831      1       1  351827       1.0803         0.14        0.133   1000
757         21   34804793   34852316    148       7  351827      -1.1783      0.88066        0.883   1000
54102       21   36041612   36090525     68       2  351827      0.18716      0.42577        0.433   1000
54093       21   37406839   37432869     52       2  351827       2.5041    0.0061389        0.006   5000
874         21   37506614   37518860    106       5  351827     -0.77695      0.78141         0.77   1000
9980        21   37529080   37666572      1       1  351827     -0.94315       0.8272        0.826   1000
51227       21   38437664   38445458    257       3  351827      0.24434      0.40348        0.404   1000
7267        21   38445554   38575408    209       2  351827     -0.17489      0.56942        0.569   1000
8624        21   40449076   40555440    289       5  351827       2.5782    0.0049654       0.0044   5000
7485        21   40752213   40769815     65       3  351827      0.61598      0.26895        0.271   1000
150082      21   40777770   40817676    202       9  351827       1.4585     0.072352        0.077   1000
6450        21   40817797   40887433     67       1  351827       1.5454     0.061122        0.062   1000
10317       21   40928369   41034816     42       3  351827      -2.0899      0.98168        0.978   1000
150084      21   41117334   41174023      6       2  351827      -0.8532      0.80322        0.786   1000
63977       21   43218385   43299591     27       3  351827       1.0658      0.14325        0.145   1000
53347       21   43823971   43867790      1       1  351827      -1.1137       0.8673        0.845   1000
89765       21   43892596   43916417     18       1  351827     -0.99519      0.84018        0.837   1000
4731        21   44313378   44329773    126       9  351827      0.36801      0.35643        0.359   1000
875         21   44473301   44496472     36       1  351827      0.53468      0.29644        0.303   1000
5822        21   45527208   45551063    125       3  351827     -0.20761      0.58223        0.591   1000
8209        21   45553476   45622835    121       3  351827     -0.16749      0.56651        0.572   1000
755         21   45748827   45759285     32       4  351827      0.47572      0.31714        0.338   1000
754         21   46269500   46294487     17       3  351827      0.59238       0.2768        0.293   1000
54039       21   47268023   47362368    152       2  351827       1.5867     0.056289         0.05   1000
1291        21   47401663   47424963     44       6  351827     -0.33599      0.63156        0.618   1000
10841       21   47556065   47575499     29       2  351827     -0.95377       0.8299        0.828   1000
84221       21   47581062   47605167    136       9  351827      0.14954      0.44056        0.435   1000
54059       21   47706250   47733020    284      10  351827      -1.3406      0.90997        0.917   1000
3275        21   48055507   48085155      5       1  351827     -0.87638      0.80959        0.818   1000
23765       22   17565849   17596584      7       2  351827      0.26775      0.39445        0.399   1000
51816       22   17659681   17702744     22       2  351827     -0.69595      0.75677        0.782   1000
8214        22   18893736   18899601      2       1  351827     -0.84793      0.80176        0.798   1000
9993        22   19023795   19109967      7       1  351827       0.6067      0.27202        0.274   1000
8220        22   19117792   19132190      2       1  351827       1.1415      0.12684        0.113   1000
6576        22   19163088   19166338     28       2  351827     -0.35525       0.6388        0.647   1000
51586       22   20861849   20941919      1       1  351827      0.15318      0.43913        0.468   1000
5297        22   21061979   21213100      1       1  351827      -1.1057      0.86558         0.87   1000
9342        22   21213292   21245502    151       6  351827     -0.65679      0.74434        0.741   1000
8216        22   21336558   21353326     13       1  351827       1.2735      0.10143        0.123   1000
164592      22   21987086   21991616     75       1  351827     -0.70148       0.7585        0.747   1000
23759       22   22020273   22052202     22       1  351827     -0.58906      0.72209        0.721   1000
7441        22   22599200   22599926      1       1  351827     0.057261      0.47717         0.48   1000
9609        22   23487513   23506531     58       2  351827       1.5876     0.056186        0.061   1000
613         22   23522402   23660224      7       1  351827      0.95562      0.16963        0.188   1000
51233       22   23950639   23974508     94       3  351827       -2.696      0.99649        0.995   1000
66035       22   24199059   24227738     20       1  351827     -0.48239      0.68524        0.699   1000
4282        22   24236565   24237409    100       6  351827     -0.68719      0.75402        0.753   1000
653689      22   24299601   24303416     92       6  351827     -0.77423       0.7806        0.785   1000
100037417   22   24308652   24314748     75       4  351827     -0.40346       0.6567        0.637   1000
2953        22   24322291   24326106     74       5  351827       -1.747      0.95968        0.957   1000
56241       22   24577444   24585074     45       1  351827      0.53021      0.29798        0.316   1000
85379       22   25348676   25593415      1       1  351827       -2.117      0.98287         0.98   1000
1417        22   25595817   25603326     57       4  351827       1.5195     0.064324        0.059   1000
84164       22   30184597   30234293     22       1  351827     -0.23915      0.59451         0.58   1000
730005      22   30920629   30942669     35       4  351827      -1.6844      0.95394        0.958   1000
150290      22   31058039   31063874     35       2  351827      -2.0418      0.97942        0.981   1000
9814        22   31892125   32014537     10       2  351827       2.0328     0.021039        0.031   1000
6527        22   32614463   32651318      1       1  351827      -2.3253      0.98997        0.989   1000
9215        22   33668509   34316464      3       1  351827       1.1131      0.13283        0.134   1000
4174        22   35796116   35820495      1       1  351827     -0.42994      0.66638        0.627   1000
4357        22   37415683   37425863      2       1  351827      -1.3379      0.90953        0.899   1000
3957        22   37966253   37976024     22       1  351827      0.30345      0.38078        0.402   1000
11078       22   38092995   38172563     72       5  351827      -1.8733      0.96948         0.96   1000
129138      22   38226862   38240353      2       1  351827      0.83775      0.20109        0.195   1000
8398        22   38507502   38577857     21       1  351827      -1.0226      0.84676        0.863   1000
23467       22   39214456   39240017      1       1  351827     -0.24129      0.59534        0.582   1000
9582        22   39378352   39388784      1       1  351827     -0.33645      0.63174         0.65   1000
60489       22   39473010   39483748     99       5  351827      -1.1153      0.86765        0.864   1000
63929       22   41253085   41328823     42       2  351827      -0.4778       0.6836        0.714   1000
5372        22   41972890   41985871      3       1  351827      -1.0717      0.85808        0.848   1000
27351       22   41994032   42017079      4       2  351827     -0.87342      0.80878        0.815   1000
115650      22   42321036   42322821      2       1  351827      0.07718      0.46924        0.466   1000
164684      22   42391607   42428935     44       2  351827     -0.51559      0.69693        0.713   1000
4668        22   42454338   42466852     96       3  351827     0.022773      0.49092        0.504   1000
91689       22   42475695   42480288    172       8  351827     0.087039      0.46532        0.481   1000
4700        22   42481530   42486888      7       1  351827     -0.84777      0.80172        0.813   1000
1565        22   42522501   42526883     97       3  351827     -0.66363      0.74654        0.772   1000
27341       22   42904341   42915829     39       3  351827      -1.3171      0.90609        0.919   1000
253190      22   42949858   42970703     85       4  351827      -1.2792      0.89959        0.896   1000
1727        22   43013846   43045405     36       3  351827     0.075335      0.46997        0.452   1000
26286       22   43192530   43253408    315       3  351827      -1.1763      0.88027        0.911   1000
23170       22   43562628   43583137      8       2  351827       2.2917      0.01096         0.01   1000
64800       22   43924624   44208217      7       2  351827       1.3278     0.092128          0.1   1000
55007       22   45705081   45737836    131       8  351827      0.91337      0.18052        0.176   1000
26150       22   45809572   45828302    152       3  351827       1.1696      0.12108        0.105   1000
10343       22   46651560   46659277    168       4  351827       1.2251      0.11026         0.11   1000
55020       22   46663861   46689905    108       3  351827      -1.0119       0.8442         0.84   1000
79087       22   50296852   50312106      4       2  351827       1.0109      0.15603        0.169   1000
54456       22   50528435   50600119      4       1  351827     0.012239      0.49512        0.491   1000
83933       22   50683612   50689834     39       3  351827     -0.47744      0.68348        0.673   1000
9701        22   50781746   50883519     37       3  351827       1.6966     0.044887        0.044   1000
644186      22   50989541   51001328     17       2  351827      -1.2826      0.90018        0.903   1000
1120        22   51017387   51021428     17       2  351827       1.1104      0.13342        0.126   1000
23542       22   51039131   51049979     27       2  351827      -0.9305      0.82394        0.807   1000
410         22   51061182   51066601      6       1  351827     -0.96311      0.83225         0.83   1000
