GENE       CHR      START       STOP  NSNPS  NPARAM       N        ZSTAT            P        PERMP  NPERM
148398       1     859993     879961     41       5  351827       1.2439      0.10676        0.099   1000
26155        1     879583     894679     23       1  351827        1.739     0.041016        0.031   1000
339451       1     895967     901099     50       6  351827        1.499     0.066935        0.057   1000
84069        1     901872     910488     26       2  351827       1.7338     0.041481        0.031   1000
375790       1     955503     991499    135      12  351827      0.10262      0.45913        0.463   1000
54991        1    1017198    1051736    104      11  351827       0.2823      0.38886         0.38   1000
8784         1    1138888    1142163    200      12  351827     -0.10622       0.5423        0.547   1000
51150        1    1152288    1167447      1       1  351827     -0.40748      0.65817        0.616   1000
126792       1    1167629    1170421    163       7  351827     -0.91549      0.82003        0.818   1000
388581       1    1177826    1182102    153       6  351827      -1.1103      0.86657        0.862   1000
6339         1    1215816    1227409     39       2  351827      0.49317      0.31095        0.338   1000
116983       1    1227764    1243304      1       1  351827     -0.72667      0.76629         0.76   1000
54973        1    1246965    1260067     95       4  351827      0.25625      0.39888        0.424   1000
83756        1    1266726    1269844      9       1  351827      0.46394      0.32135        0.326   1000
55052        1    1337276    1342693    212      10  351827      -0.3894      0.65151        0.651   1000
441869       1    1353800    1356824    440      25  351827      0.51185      0.30438        0.322   1000
219293       1    1378152    1405538     19       3  351827       1.6227     0.052332        0.054   1000
83858        1    1407139    1444852    137      12  351827       1.3444     0.089414        0.096   1000
55210        1    1447523    1470067      1       1  351827     -0.18668      0.57404        0.596   1000
29101        1    1477053    1510262     50       3  351827    -0.081524      0.53249        0.551   1000
643988       1    1533388    1535476     23       3  351827       1.1403      0.12708        0.125   1000
142678       1    1550795    1565990     21       3  351827      0.48356      0.31435        0.324   1000
984          1    1571100    1590473     16       2  351827       1.0852      0.13892        0.139   1000
728661       1    1591486    1624243     70      11  351827      0.66148      0.25415        0.267   1000
728642       1    1633822    1655999      6       3  351827      0.34934      0.36342        0.357   1000
9906         1    1656277    1677438     39       8  351827      0.19707      0.42189        0.425   1000
65220        1    1682671    1711508      7       1  351827      0.61263      0.27006        0.267   1000
2782         1    1716725    1822552      5       1  351827      -1.5963      0.94479        0.933   1000
163688       1    1846266    1848733     83       6  351827     -0.65356       0.7433        0.744   1000
339456       1    1849029    1850740     38       2  351827     -0.10424      0.54151        0.546   1000
100506504    1    2113250    2115812    122       7  351827     -0.68804      0.75429        0.761   1000
199990       1    2115899    2144159     35       6  351827     -0.37782      0.64722        0.675   1000
79906        1    2251719    2323190     63       6  351827     -0.13351       0.5531         0.56   1000
5192         1    2336241    2344010      6       2  351827      0.25004      0.40128        0.412   1000
9651         1    2407754    2436964     10       3  351827      0.28828      0.38657        0.391   1000
127281       1    2517899    2522908     15       1  351827      0.20843      0.41745        0.429   1000
79258        1    2522078    2564499    207       7  351827    -0.087909      0.53503        0.502   1000
100287898    1    2572807    2706230    111       2  351827      0.17692      0.42979        0.404   1000
27237        1    3371147    3397677     13       1  351827      0.72976      0.23277        0.223   1000
1953         1    3404506    3528059     15       3  351827      -1.4952      0.93256        0.935   1000
49856        1    3547331    3566671    130      18  351827      -1.6373      0.94922         0.96   1000
388588       1    3689352    3692546      2       1  351827       1.4367     0.075402        0.074   1000
57470        1    3696784    3713068    153       6  351827      0.78725      0.21557         0.22   1000
9731         1    3728645    3773797    226      11  351827      0.89289      0.18596        0.195   1000
1677         1    3773845    3801993     95       5  351827      0.99333      0.16027        0.165   1000
339448       1    3805697    3816857     37       6  351827      0.90227      0.18346        0.177   1000
55966        1    4715105    4843851      1       1  351827     0.058058      0.47685        0.502   1000
261734       1    5922870    6052618     94       8  351827       2.5083    0.0060662        0.007   5000
388591       1    6266189    6281359     37       7  351827     -0.85085      0.80257        0.804   1000
23463        1    6281253    6296044     46       5  351827      0.55892      0.28811        0.294   1000
387509       1    6307406    6321035      9       1  351827     -0.35083      0.63714        0.647   1000
11332        1    6324332    6453826    189       6  351827      0.20197      0.41997         0.43   1000
3104         1    6640051    6649340      3       1  351827      0.93215      0.17563        0.166   1000
90326        1    6684925    6695646     59       5  351827     -0.46908      0.68049        0.687   1000
23261        1    6845384    7829766     73       7  351827       1.6618      0.04828        0.067   1000
9341         1    7831329    7841492     68       7  351827       1.7719     0.038209        0.044   1000
10911        1    7907672    7913551    150      10  351827     -0.46015       0.6773        0.666   1000
3604         1    7975931    8003225     36       2  351827      0.37009      0.35566        0.338   1000
11315        1    8021714    8045342    225      10  351827     -0.37134      0.64481        0.637   1000
473          1    8412464    8877699    386      12  351827      0.83532      0.20177        0.182   1000
2023         1    8921059    8939151     18       1  351827      -1.6729      0.95282         0.96   1000
9563         1    9294822    9331396     35       4  351827      0.87066      0.19197        0.183   1000
199953       1    9648932    9674935      6       1  351827        0.807      0.20983        0.214   1000
116362       1   10057255   10076078     24       3  351827       1.4228     0.077393        0.072   1000
23095        1   10270606   10441664    396       3  351827     -0.46104      0.67761        0.691   1000
378708       1   10489944   10510239     29       1  351827      0.19824      0.42143        0.443   1000
1676         1   10520588   10532613    118       5  351827       2.5142    0.0059649       0.0038   5000
5195         1   10535003   10690815    384       9  351827       3.1627    0.0007817       0.0008  10000
5394         1   11126675   11159961    295       5  351827     -0.29887      0.61748        0.613   1000
26232        1   11707924   11714888      3       1  351827       1.4963     0.067293        0.065   1000
93611        1   11714432   11723384      7       1  351827       1.1267      0.12993        0.134   1000
26270        1   11724150   11734411     12       2  351827      0.82855      0.20368        0.205   1000
57085        1   11796142   11810828      9       3  351827      -1.4409       0.9252         0.92   1000
4524         1   11845787   11866160     64       8  351827      -1.7894      0.96323        0.959   1000
1185         1   11866153   11903201    151       4  351827      0.76187      0.22307        0.222   1000
5351         1   11994724   12035599     68       4  351827     -0.70428      0.75937        0.781   1000
9927         1   12040238   12073572     42       3  351827       -1.308      0.90456        0.909   1000
343066       1   12704566   12727097     22       1  351827      0.12252      0.45124        0.434   1000
126755       1   13801445   13840242     35       3  351827    -0.057971      0.52311        0.503   1000
10630        1   13910252   13944452      4       1  351827      -1.1527      0.87548        0.869   1000
55092        1   15479028   15546974     49       5  351827       2.0477     0.020293        0.029   1000
114827       1   15573730   15724767     48       1  351827       -1.282      0.90009         0.89   1000
79180        1   15736391   15756839     34       2  351827      0.71671      0.23678        0.235   1000
11330        1   15764938   15773153      1       1  351827      -1.2959      0.90249        0.903   1000
842          1   15817896   15851407    455      10  351827      0.38823      0.34892        0.339   1000
23341        1   15853343   15898228    174       4  351827     -0.31833      0.62488        0.613   1000
284723       1   16062721   16067884    127       7  351827       0.3399      0.36697        0.381   1000
27129        1   16340523   16346084     18       1  351827       1.5841     0.056582        0.044   1000
1187         1   16348486   16360548    268      10  351827      0.94927      0.17124        0.179   1000
348487       1   16384264   16400127     73       1  351827      -0.1387      0.55516        0.543   1000
1969         1   16450832   16482582     28       3  351827      0.77552      0.21902        0.214   1000
128272       1   16524599   16539104    353      15  351827      0.50458      0.30693        0.254   1000
79363        1   16558182   16563659    184      11  351827      0.39338      0.34702        0.333   1000
55707        1   16767167   16786585     14       1  351827     -0.80562      0.78977        0.782   1000
9696         1   17248445   17299474    310      10  351827     -0.37696       0.6469        0.646   1000
4237         1   17300997   17308081    261       7  351827      -0.2838      0.61172        0.612   1000
11240        1   17393256   17445948    225       9  351827      -0.2789      0.60984        0.599   1000
23569        1   17634690   17690495     59       2  351827     -0.46139      0.67774        0.687   1000
127707       1   18807424   18812540    115      14  351827      -1.2724      0.89839        0.904   1000
126917       1   19230774   19282826     20       3  351827      0.26644      0.39495        0.408   1000
23352        1   19401000   19536812    131      11  351827      0.82463      0.20479        0.227   1000
23065        1   19542158   19578053    285       9  351827     -0.15252      0.56061        0.549   1000
51154        1   19578075   19586622     29       4  351827      0.64972      0.25794        0.266   1000
22977        1   19609057   19615280      8       4  351827      0.66636      0.25259        0.274   1000
8574         1   19629202   19638640    115       6  351827      0.49074      0.31181        0.325   1000
54896        1   19638740   19658925    223      10  351827      0.54837      0.29172        0.291   1000
832          1   19665267   19812066     79       2  351827      0.66226       0.2539        0.255   1000
440574       1   19923471   19956315     24       2  351827      -1.4167      0.92171        0.912   1000
255104       1   20008706   20126424     29       1  351827     -0.22276      0.58814        0.596   1000
23252        1   20208356   20239438    129      14  351827       -2.135      0.98362        0.978   1000
5320         1   20301924   20306932     17       2  351827      0.33562      0.36858        0.384   1000
5322         1   20386157   20418394     67       3  351827     -0.21282      0.58427        0.584   1000
127733       1   20512578   20522540     24       1  351827     -0.36298      0.64169         0.64   1000
55450        1   20808884   20812728     47       4  351827      -1.0537      0.85398        0.854   1000
79594        1   20825941   20834674     80       7  351827      -2.2079      0.98637        0.983   1000
163933       1   20878932   20881513     11       1  351827     -0.45161      0.67423        0.676   1000
978          1   20915444   20945401    214      20  351827      0.10416      0.45852        0.456   1000
1650         1   20978260   20988037      7       1  351827      0.28236      0.38883        0.392   1000
57576        1   20990475   21044317     39       5  351827     -0.31383      0.62318        0.612   1000
84224        1   21766583   21811393    220      22  351827      -1.8555      0.96824        0.979   1000
249          1   21835475   21904905     30       2  351827     -0.97625      0.83553        0.818   1000
84196        1   22004791   22109688    121       5  351827       1.1987      0.11532        0.122   1000
401944       1   22138758   22151714     40       1  351827      -1.0997      0.86427        0.863   1000
3339         1   22148737   22263750     80       6  351827      0.69643      0.24308        0.248   1000
23028        1   23345937   23410184      3       1  351827     -0.96421      0.83253        0.835   1000
7798         1   23410516   23504301    135       7  351827       1.0706      0.14219        0.146   1000
80818        1   23685941   23696357     66       7  351827      0.42809      0.33429        0.308   1000
6920         1   23707555   23751269     74       6  351827       1.4499      0.07354        0.073   1000
55616        1   23755056   23810750     53       4  351827       1.7441     0.040572        0.038   1000
57095        1   24104876   24114722    130       3  351827       1.8725     0.030572        0.028   1000
2517         1   24171567   24194859     29       2  351827       1.2771      0.10078        0.102   1000
10772        1   24292935   24306953      1       1  351827      -1.6397      0.94946        0.938   1000
90529        1   24683489   24741587     34       2  351827       1.1132      0.13282        0.143   1000
57185        1   24742245   24799473      6       2  351827     -0.22015      0.58712        0.568   1000
11123        1   24828841   24863510     79       5  351827     -0.15445      0.56137        0.549   1000
25932        1   25071760   25170815     24       1  351827      0.57903      0.28128         0.28   1000
6007         1   25598884   25656936    200       6  351827     -0.40986      0.65905        0.658   1000
23585        1   25664789   25688852      4       1  351827      -1.1645      0.87788        0.877   1000
6006         1   25687853   25747363    156       2  351827     -0.55426       0.7103        0.724   1000
26119        1   25870071   25895377     28       2  351827     -0.74732      0.77257        0.757   1000
56181        1   26146397   26159433     58       5  351827      -2.1199      0.98299        0.986   1000
79000        1   26158414   26185939      9       1  351827      -1.2941      0.90219        0.903   1000
5051         1   26286258   26326366     54       2  351827     -0.35169      0.63746        0.639   1000
2134         1   26348266   26362955     49       2  351827    0.0064923      0.49741        0.494   1000
79927        1   26485511   26489119    107      13  351827      -2.5925      0.99524        0.995   1000
10256        1   26503981   26516375    315      14  351827      0.53056      0.29786        0.215   1000
64793        1   26560644   26605529    190      13  351827      -1.6002      0.94522        0.947   1000
1043         1   26644411   26647014    216       7  351827     -0.88775      0.81266        0.834   1000
257101       1   26688125   26701023     22       2  351827     -0.74928      0.77315        0.778   1000
3151         1   26798902   26803133     32       4  351827     -0.63197       0.7363        0.738   1000
6195         1   26856249   26901520     88       5  351827   -0.0017488       0.5007        0.502   1000
101928728    1   27018623   27022896     48       1  351827      0.68909      0.24538        0.237   1000
55650        1   27113739   27124894    163       4  351827      0.72012      0.23572        0.238   1000
2810         1   27189633   27190947      2       1  351827       2.3913    0.0083947       0.0092   5000
10726        1   27248187   27273362    128       1  351827      0.83009      0.20324        0.207   1000
84065        1   27648636   27662891     85       4  351827     -0.48067      0.68462        0.699   1000
84958        1   27668483   27680423      3       1  351827     -0.47864       0.6839        0.685   1000
9064         1   27681670   27693558      8       2  351827     -0.86456      0.80636        0.811   1000
5511         1   28157252   28178183     45       1  351827      -0.8239        0.795        0.799   1000
9473         1   28199055   28213196     79       3  351827     -0.87466      0.80912        0.811   1000
6118         1   28218035   28241255    131      11  351827     0.075858      0.46977        0.478   1000
27293        1   28261456   28285663     27       1  351827      0.45539      0.32441         0.32   1000
2140         1   28296855   28415173     98       5  351827       1.0555       0.1456        0.145   1000
5724         1   28473677   28520447     10       1  351827     -0.48865      0.68745        0.682   1000
22826        1   28526789   28559542    101       3  351827       1.2356       0.1083        0.124   1000
93974        1   28562602   28564616     84       2  351827       1.1784      0.11933        0.131   1000
65979        1   28696093   28826881    627      12  351827      0.28665      0.38719        0.379   1000
1104         1   28832455   28865708    108       4  351827      0.28468      0.38794        0.389   1000
2035         1   29213603   29446558     10       1  351827      -1.3518      0.91178        0.911   1000
399474       1   29445937   29450421     40       3  351827      0.16566      0.43421        0.426   1000
51102        1   29519385   29557460    204       9  351827      -2.8517      0.99783        0.997   1000
10076        1   29563028   29653325     17       2  351827      0.18854      0.42523        0.398   1000
7805         1   31205315   31230683     13       1  351827      0.11622      0.45374        0.474   1000
9672         1   31342313   31381480      5       2  351827      0.33915      0.36725        0.372   1000
9410         1   31732415   31769644      1       1  351827      0.12004      0.45222        0.444   1000
51538        1   31769832   31838569     45       4  351827     -0.61399      0.73039        0.738   1000
347735       1   31882412   31907527     34       6  351827      -0.7108       0.7614        0.764   1000
553115       1   32095463   32110838     78       2  351827      0.88505      0.18807        0.185   1000
55116        1   32538503   32568467     69       2  351827     -0.57464      0.71723         0.71   1000
23633        1   32573644   32642169    118       3  351827     -0.45616      0.67586        0.669   1000
84734        1   32712818   32714461      3       1  351827    -0.094463      0.53763        0.535   1000
3932         1   32716840   32751766      3       2  351827       -0.154       0.5612        0.565   1000
3065         1   32757708   32799227     42       4  351827      0.05669       0.4774        0.485   1000
55108        1   32830704   32860062      1       1  351827      0.54124      0.29417         0.33   1000
81493        1   33145507   33168361    196       3  351827       1.2879     0.098883        0.093   1000
149076       1   33721908   33766321     16       2  351827       1.0026      0.15803        0.135   1000
127550       1   33772367   33786699    304       8  351827       0.6522      0.25714        0.219   1000
7579         1   33938232   33962105     32       1  351827     -0.51941      0.69826        0.679   1000
114784       1   33979609   34631443      6       1  351827     -0.53671      0.70426          0.7   1000
2709         1   35220648   35224113     38       6  351827       1.0253       0.1526        0.126   1000
113444       1   35315963   35325417      5       1  351827    -0.059815      0.52385        0.522   1000
79830        1   35525387   35581460     71       2  351827        2.121     0.016962        0.015   1000
9202         1   35734444   35887545      1       1  351827      -1.2659      0.89722        0.891   1000
127703       1   36179477   36184790    306       9  351827      0.28118      0.38929        0.394   1000
79729        1   36771889   36793544     18       3  351827       -1.514      0.93499        0.954   1000
55194        1   36787631   36790567      6       2  351827      0.27332       0.3923        0.424   1000
84967        1   36859031   36863493      5       1  351827      0.40316      0.34341        0.345   1000
127700       1   36883507   36916086     39       1  351827      0.40137      0.34407        0.341   1000
64960        1   36921362   36930040    125       1  351827     -0.23678      0.59359        0.613   1000
64769        1   37955561   37980420    141       7  351827      0.25985      0.39749        0.389   1000
7802         1   38022520   38032458    153       9  351827      0.26656      0.39491          0.4   1000
29889        1   38032413   38061586      2       1  351827      0.95562      0.16963        0.175   1000
54955        1   38147242   38158007     12       1  351827       1.5714     0.058048        0.056   1000
3633         1   38326369   38412729    180      17  351827       2.4114    0.0079453         0.01   1000
10946        1   38422647   38456019    265      10  351827       2.9119    0.0017962        0.001  10000
2275         1   38462439   38471199    202       9  351827       3.1595   0.00079011       0.0006  10000
51118        1   38478384   38490497      7       1  351827       1.6733     0.047132        0.053   1000
64121        1   39303869   39325495      1       1  351827      0.42922      0.33388        0.344   1000
54933        1   39350614   39407456     10       1  351827   -0.0065084       0.5026         0.51   1000
79647        1   39456916   39471737     78       3  351827     -0.26493      0.60447        0.611   1000
4725         1   39491967   39500308    132       7  351827     -0.57018      0.71572        0.713   1000
353500       1   39957318   39995541     11       2  351827       1.2431      0.10692        0.116   1000
8761         1   40026485   40042522    326       7  351827      0.52857      0.29855         0.31   1000
51440        1   40144320   40157382      7       3  351827       2.1335     0.016441        0.016   1000
10450        1   40204517   40229586    186      22  351827      0.52503      0.29978         0.31   1000
54802        1   40306703   40349177     79      10  351827      -1.3146      0.90568        0.891   1000
10487        1   40505912   40538321     83       1  351827       2.8992    0.0018705       0.0018  10000
5538         1   40538382   40563142     55       2  351827     -0.20264      0.58029        0.583   1000
1298         1   40766162   40782939     10       1  351827      0.67231      0.25069        0.249   1000
339559       1   40943043   40962015    276      12  351827       1.1731      0.12037        0.122   1000
64789        1   40974391   40982228     76       4  351827     -0.27511      0.60838        0.607   1000
4802         1   41157242   41237275    112       3  351827     0.044591      0.48222        0.473   1000
163732       1   41326728   41328018      1       1  351827     -0.34094      0.63343        0.629   1000
1503         1   41445007   41478237    173       4  351827      0.52824      0.29867        0.277   1000
200172       1   41481269   41489116     21       1  351827     0.070751       0.4718        0.478   1000
22955        1   41492871   41707815     56       2  351827      -1.4706      0.92929        0.925   1000
284716       1   42846468   42889900     84       3  351827      0.27012      0.39353        0.361   1000
84217        1   42896000   42921938    329       8  351827       1.0719      0.14188        0.137   1000
728621       1   43000560   43120335    180       3  351827       1.3079     0.095453        0.101   1000
10465        1   43123706   43142429     28       1  351827      0.14511      0.44231        0.443   1000
374969       1   43272723   43283059    298      11  351827      0.38378      0.35057        0.361   1000
114625       1   43282776   43310660     20       2  351827     -0.43795      0.66929        0.676   1000
51058        1   43312244   43318148     32       6  351827    -0.017167      0.50685        0.504   1000
10969        1   43629845   43638241     23       2  351827       1.8781      0.03018        0.033   1000
149465       1   43638001   43720029    389      18  351827      0.66244      0.25384         0.24   1000
7075         1   43766566   43788781    119       4  351827        1.555     0.059971         0.07   1000
23334        1   43855556   43919918     33       3  351827        3.749    8.876e-05       0.0001  10000
9682         1   44115797   44171189      2       1  351827       2.5635    0.0051804       0.0052   5000
9048         1   44398992   44402912     68       1  351827      0.41966      0.33737        0.345   1000
533          1   44440118   44443972      7       2  351827      0.95891       0.1688        0.164   1000
8704         1   44444874   44456843      3       1  351827      0.50239      0.30769        0.322   1000
6536         1   44462155   44497171     10       2  351827      0.87456      0.19091        0.188   1000
343521       1   45271580   45273378     29       1  351827      0.71367      0.23772        0.224   1000
149478       1   45273373   45279801    186       5  351827       0.2575       0.3984        0.375   1000
8891         1   45316194   45452394    245       7  351827     -0.72746      0.76653        0.741   1000
79654        1   45468220   45477027      2       1  351827     -0.92079      0.82142        0.806   1000
7389         1   45477805   45481341    378      10  351827     -0.43275       0.6674        0.664   1000
57643        1   45482071   45672250    206       7  351827      0.15799      0.43723         0.42   1000
4595         1   45794914   45806142     16       1  351827       1.0401      0.14915        0.137   1000
5052         1   45976707   45988562    515      10  351827       1.4649     0.071468        0.085   1000
149483       1   46085716   46090424    737       9  351827      0.92151      0.17839        0.169   1000
51249        1   46153847   46160110    181       4  351827       1.6944      0.04509        0.056   1000
23139        1   46269269   46501796    761       9  351827       1.1092      0.13368        0.132   1000
541468       1   46669006   46686928    787      14  351827      0.97705      0.16427        0.159   1000
7388         1   46769324   46782448     19       2  351827      0.64626      0.25906        0.246   1000
387338       1   46805849   46830824    328       6  351827    -0.014854      0.50593        0.511   1000
2166         1   46859939   46879520     30       2  351827     0.057226      0.47718        0.469   1000
8569         1   47023079   47069966     44       2  351827      -1.5203      0.93579        0.933   1000
1580         1   47264670   47285021    173      10  351827      0.18139      0.42803        0.443   1000
1579         1   47394846   47407156    174       6  351827     -0.88212      0.81114        0.813   1000
199974       1   47533160   47583992     60       2  351827      0.82699      0.20412        0.217   1000
284541       1   47603107   47614528    217       7  351827     -0.35371      0.63822         0.65   1000
10158        1   47649261   47655771     13       3  351827       1.1676      0.12149        0.135   1000
6491         1   47715811   47779819      1       1  351827      0.83432      0.20205        0.213   1000
51727        1   47799469   47844511    210       5  351827      0.32874      0.37118        0.386   1000
388630       1   48226200   48463009    154       5  351827      0.73729      0.23047        0.251   1000
200010       1   48688339   48714316    333      13  351827      -0.3651      0.64248        0.627   1000
54558        1   48761044   48937876    118       5  351827     -0.26993      0.60639        0.597   1000
84871        1   48998527   50489626     21       2  351827     -0.98624      0.83799        0.841   1000
79656        1   49193538   49242547      5       1  351827       3.8239   6.5672e-05       0.0002  10000
2060         1   51819935   51985026     37       6  351827      0.78588      0.21597        0.238   1000
114883       1   52082546   52254891     11       3  351827      0.81866      0.20649        0.204   1000
4898         1   52254864   52344609     73       9  351827    -0.028204      0.51125        0.553   1000
200014       1   52816265   52831877    389       7  351827     -0.22905      0.59059        0.595   1000
4998         1   52838501   52870143      6       1  351827      -0.1376      0.55472        0.581   1000
84950        1   52870219   52883992    239       4  351827     -0.18156      0.57203        0.573   1000
23318        1   52888947   53018764    416       8  351827     -0.14965      0.55948        0.568   1000
2882         1   53068043   53074723    557      20  351827     -0.66409      0.74669        0.779   1000
65260        1   53152014   53164038    299       5  351827      0.83325      0.20235        0.193   1000
55268        1   53361582   53392846     29       2  351827     -0.17439      0.56922        0.557   1000
6512         1   53552855   53608304    100       5  351827      -1.2013      0.88519        0.879   1000
54987        1   53679771   53686289    123       7  351827       1.9808     0.023806        0.026   1000
7804         1   53708036   53793821      1       1  351827      0.12599      0.44987        0.448   1000
148979       1   53971904   54203748     23       1  351827     -0.74083       0.7706        0.753   1000
9528         1   54497346   54519135      2       1  351827     -0.72068      0.76445         0.77   1000
127428       1   54519274   54565416     30       5  351827     -0.16952      0.56731        0.578   1000
51253        1   54665840   54691407      1       1  351827     -0.99804      0.84087        0.843   1000
26027        1   55007930   55100417     12       3  351827     -0.28732      0.61306        0.598   1000
374977       1   55107427   55175939     33       3  351827     -0.31265      0.62273         0.63   1000
7268         1   55181495   55208330    144       3  351827    -0.080623      0.53213        0.548   1000
199964       1   55446271   55457966      6       1  351827       1.6279     0.051776        0.052   1000
255738       1   55505149   55530526     32       6  351827      -1.0308      0.84869        0.855   1000
23358        1   55532032   55681039    140       3  351827       0.9861      0.16204         0.18   1000
1600         1   57460453   58716211     75       2  351827     -0.55817      0.71164        0.743   1000
115209       1   58881052   59012469    286       8  351827     -0.35118      0.63727        0.645   1000
4070         1   59041095   59043166    184       5  351827     -0.73624      0.76921        0.789   1000
55277        1   59762625   60228402      7       2  351827      0.32682       0.3719        0.396   1000
51361        1   60280458   60342050     52       1  351827       1.5782     0.057262         0.06   1000
83941        1   62146718   62191095      5       1  351827       1.1417      0.12678        0.115   1000
54596        1   62660474   62678000    296      24  351827       0.7024      0.24121        0.257   1000
85440        1   62920397   63154039      7       1  351827     0.061314      0.47555        0.466   1000
29929        1   63833261   63904233     60       2  351827      -0.8937      0.81426        0.803   1000
23421        1   63906441   63988944    471      18  351827      -1.5218      0.93597        0.956   1000
84455        1   63989013   64051041    181       5  351827     -0.62415      0.73374        0.753   1000
55225        1   65210778   65298915      6       2  351827     -0.20099      0.57965        0.591   1000
3716         1   65298906   65432593     42       4  351827     -0.36339      0.64184         0.65   1000
9829         1   65720133   65881552     73       3  351827     -0.31359      0.62308        0.634   1000
3953         1   65886335   66103176    162       7  351827     -0.48515      0.68621        0.662   1000
84251        1   66999066   67210768    291      12  351827      0.97994      0.16356        0.152   1000
200132       1   67217978   67244730    189      12  351827       1.9899     0.023303        0.019   1000
57708        1   67390578   67454302    175       4  351827    -0.080462      0.53207        0.522   1000
23169        1   67465015   67520080      3       2  351827      -2.2612      0.98813        0.989   1000
55970        1   68167149   68299436    105       5  351827       1.2768      0.10084        0.106   1000
11147        1   70820493   70833706    106      11  351827     -0.93578      0.82531         0.83   1000
5733         1   71318036   71513497     18       3  351827      0.11655      0.45361        0.468   1000
257194       1   71868625   72748533     32       2  351827      0.78102       0.2174        0.221   1000
127255       1   74491699   74663871     56       2  351827      -1.8728      0.96945        0.964   1000
8790         1   74663896   74674533    265       7  351827     -0.87956      0.81045        0.804   1000
51086        1   74701071   75010116    324      15  351827      -1.0424      0.85138        0.867   1000
127254       1   75033795   75139422     25       2  351827       1.0202      0.15381        0.173   1000
1429         1   75171170   75199092    168      14  351827      0.18965      0.42479        0.452   1000
127253       1   75198836   75232361     83       6  351827      0.31259       0.3773        0.391   1000
204962       1   75667816   76081698    302      10  351827      0.70773      0.23956         0.23   1000
34           1   76190043   76229355    342      10  351827      -1.1388       0.8726        0.877   1000
5876         1   76251879   76260775    218       7  351827      -0.9595      0.83135        0.848   1000
4438         1   76262556   76379581    786      20  351827      -1.2617      0.89647          0.9   1000
10026        1   77554666   77685132     97       4  351827     -0.62791      0.73497        0.738   1000
91624        1   78354200   78412009    129       5  351827     -0.40983      0.65903        0.645   1000
8880         1   78409740   78444839     31       3  351827      -1.6312      0.94858        0.947   1000
10561        1   79115477   79129763     33       1  351827     -0.14531      0.55777         0.59   1000
2787         1   84964006   84972262     56       3  351827      -1.5381      0.93799        0.928   1000
100505741    1   84971902   85022150    144       5  351827       1.4129     0.078843        0.079   1000
1486         1   85018804   85048039    126       8  351827      -1.1607      0.87713        0.871   1000
255231       1   85391266   85462796    161       7  351827       0.8308      0.20304        0.227   1000
55283        1   85483765   85514585     29       1  351827     -0.21824      0.58638         0.59   1000
126820       1   85527993   85598821     10       1  351827       0.2557      0.39909        0.396   1000
54680        1   86115106   86174116    167       9  351827     -0.17741      0.57041        0.557   1000
57489        1   86812507   86862025    276      14  351827     -0.51183      0.69561        0.684   1000
8543         1   87794151   87814606      2       1  351827      0.14985      0.44044        0.446   1000
56267        1   89401456   89458643    426      15  351827      -1.3079      0.90455        0.921   1000
494115       1   89445139   89458643     49       3  351827      0.15286      0.43925        0.436   1000
2635         1   89472360   89488556    375      16  351827    -0.087006      0.53467        0.547   1000
388646       1   89597434   89641723    363      11  351827     0.092886        0.463        0.454   1000
115362       1   89724633   89738544     46       6  351827     -0.32629       0.6279        0.643   1000
23507        1   89989933   90063420    234      12  351827     -0.46282      0.67825        0.663   1000
84230        1   90098644   90185094     31       1  351827        2.222      0.01314         0.01   1000
164045       1   91726323   91870426    264      18  351827       0.2087      0.41734         0.41   1000
8317         1   91966338   91991321    183      12  351827      0.23736      0.40619        0.403   1000
23285        1   92632609   92650280    122       2  351827       1.6636     0.048093        0.042   1000
7813         1   92974253   93257961    748      12  351827      0.54041      0.29446        0.278   1000
388650       1   93298286   93427079    320       5  351827      0.62402      0.26631        0.206   1000
50999        1   93615299   93646246      8       1  351827       1.0277      0.15205        0.149   1000
343099       1   93646038   93744769     41       1  351827      0.49557       0.3101         0.33   1000
1810         1   93811478   93828149    318       5  351827      0.99429      0.16004        0.157   1000
30836        1   94335014   94345474     63       2  351827      -1.1682      0.87865        0.882   1000
2730         1   94352590   94375154    133       6  351827     -0.67079      0.74882        0.757   1000
5825         1   94883933   94984219     62       4  351827      0.77055      0.22049        0.227   1000
126969       1   95285898   95360803    127       6  351827      -1.5022      0.93347        0.928   1000
148534       1   95582894   95663163     83       8  351827     -0.16609      0.56596        0.586   1000
25950        1   95699711   95712781    264      16  351827      0.85395      0.19657        0.174   1000
58155        1   97187161   97280605    385      10  351827       2.9097    0.0018087       0.0026   5000
1806         1   97543299   98386615    120       4  351827      0.53751      0.29546        0.297   1000
51375        1   99127236   99226056     31       2  351827    -0.011678      0.50466        0.522   1000
54873        1  100111431  100160097     14       2  351827     -0.40613      0.65768        0.645   1000
23443        1  100435345  100492535      1       1  351827     -0.75322      0.77434         0.76   1000
163786       1  100549100  100598518    156      10  351827      0.56004      0.28772        0.293   1000
127495       1  100614004  100643829    256       8  351827      0.96678      0.16683        0.151   1000
1629         1  100652478  100715409     13       2  351827      0.19368      0.42321        0.416   1000
8634         1  100731714  100758325    318       8  351827      0.24942      0.40152        0.383   1000
8556         1  100810598  100985833     28       3  351827     -0.25793      0.60177         0.58   1000
54112        1  101003728  101007583    209       4  351827     -0.23533      0.59302          0.6   1000
2135         1  101337928  101361548      7       1  351827       1.5247      0.06367        0.057   1000
1901         1  101702305  101707076     28       4  351827     -0.78809      0.78468         0.79   1000
55599        1  104068323  104097861     10       2  351827      -0.4587      0.67678        0.696   1000
280          1  104095894  104122156     17       2  351827    -0.056729      0.52262        0.544   1000
279          1  104159999  104168400     16       2  351827      -1.1142      0.86739        0.871   1000
55170        1  107599267  107601916     68       5  351827     -0.98085      0.83667        0.844   1000
22854        1  107682540  108024477    358      12  351827       1.5302     0.062984        0.053   1000
10451        1  108113782  108507545     75       7  351827     -0.28124      0.61074        0.596   1000
29957        1  108677344  108742980     40       3  351827     -0.99171      0.83933        0.834   1000
284611       1  109102653  109181949     92       2  351827      -1.1154      0.86766        0.874   1000
29899        1  109417972  109473044      2       1  351827      0.35109      0.36276        0.366   1000
23155        1  109472130  109506121    101       4  351827     -0.48947      0.68774        0.705   1000
6884         1  109606998  109618624     23       4  351827      0.12018      0.45217        0.419   1000
57535        1  109656585  109749403     58       3  351827      0.26295       0.3963        0.399   1000
84722        1  109822176  109825790     33       6  351827       1.5967     0.055168        0.049   1000
284612       1  110009100  110024764     11       3  351827       2.4431     0.007281         0.01   1000
127002       1  110026533  110035426     96       4  351827       1.2723      0.10163         0.11   1000
57463        1  110049446  110052336    296      13  351827       1.7689     0.038455        0.041   1000
2948         1  110198698  110208123     64      13  351827      0.85694      0.19574        0.184   1000
2946         1  110210644  110226619     43       8  351827     -0.19052      0.57555        0.571   1000
2944         1  110230418  110240828     43      13  351827    -0.021895      0.50873        0.506   1000
2949         1  110254406  110260890     83      11  351827      -0.4032       0.6566        0.628   1000
2947         1  110276554  110283660    132      22  351827     -0.77371      0.78045        0.775   1000
1435         1  110453233  110473616      3       1  351827      0.30043      0.38192        0.359   1000
85369        1  110574199  110597263     27       1  351827      0.24111      0.40473        0.396   1000
3749         1  110753336  110776674    144       9  351827      0.36635      0.35705        0.373   1000
9122         1  110905473  110933704    126      10  351827      0.38353      0.35066        0.365   1000
10542        1  110943875  110950546      2       1  351827      0.89495      0.18541        0.212   1000
128338       1  111659954  111682838    246      11  351827      -1.3035      0.90381        0.902   1000
10390        1  111682249  111727724    118       4  351827     -0.39202      0.65248        0.684   1000
1117         1  111770281  111786062    129       5  351827      -0.5003      0.69157        0.721   1000
5016         1  111956937  111970399     95       4  351827     -0.35541      0.63886        0.635   1000
128346       1  112016474  112021134      5       2  351827      -2.1356      0.98364         0.99   1000
140          1  112025970  112106602      7       2  351827     -0.94333      0.82724        0.814   1000
5906         1  112162405  112256807    107       7  351827       1.2058      0.11394        0.098   1000
11218        1  112298190  112310199    100       5  351827    -0.049699      0.51982        0.508   1000
643355       1  112532593  112541464     17       2  351827       1.7121     0.043442        0.042   1000
54879        1  113066140  113162040    242      12  351827     -0.14918      0.55929        0.562   1000
829          1  113162075  113214241    151       5  351827      -0.1111      0.54423        0.557   1000
4343         1  113217048  113243368      1       1  351827      0.71678      0.23676        0.243   1000
284467       1  113261619  113269857     37       6  351827     -0.35603      0.63909        0.631   1000
6566         1  113454469  113498975      9       1  351827      0.91814      0.17927        0.169   1000
10745        1  114239824  114302165    143       2  351827      0.40336      0.34334        0.335   1000
64858        1  114447915  114456708     10       1  351827      0.89653      0.18499        0.182   1000
56944        1  114522030  114524875     12       1  351827      0.89099      0.18647        0.188   1000
51592        1  114935399  115053781     48       3  351827       1.0921       0.1374        0.124   1000
10286        1  115110178  115124265      7       1  351827      0.61048      0.27077        0.254   1000
7812         1  115259534  115300671      2       1  351827      -1.4304       0.9237        0.928   1000
10100        1  115590632  115632121     10       2  351827       2.0355     0.020902        0.026   1000
4803         1  115828537  115880857      4       2  351827     -0.08622      0.53435        0.529   1000
81839        1  116184574  116240845    193       6  351827      0.82806      0.20382        0.194   1000
845          1  116242624  116311426      2       1  351827      0.78997      0.21477        0.223   1000
55356        1  116519119  116612675     80       2  351827      0.59116      0.27721        0.259   1000
5738         1  117452689  117532972     66       1  351827     0.031824      0.48731        0.502   1000
9398         1  117544372  117579173      4       2  351827      0.94028      0.17354        0.164   1000
8458         1  117602910  117645492      3       1  351827      -2.0005      0.97728        0.985   1000
80263        1  117653677  117664411     14       1  351827       0.8433      0.19953        0.209   1000
10905        1  117910085  118068320     92       4  351827      0.11407      0.45459        0.453   1000
6913         1  119425666  119532179    133       9  351827      -3.2206      0.99936        0.999   1000
10352        1  119573839  119683404    446      21  351827      -2.5793      0.99505        0.997   1000
3284         1  119957554  119965662     50       1  351827      -2.4159      0.99215        0.996   1000
26227        1  120254419  120286849     11       1  351827       0.2639      0.39593        0.403   1000
284615       1  145470508  145475647     19       2  351827      0.28252      0.38877        0.382   1000
128077       1  145477059  145501670      6       2  351827      -0.5817      0.71961         0.69   1000
9939         1  145507557  145513536      2       1  351827      0.24359      0.40377        0.401   1000
8515         1  145524709  145543868     10       2  351827      0.85545      0.19615        0.194   1000
200035       1  145586491  145589435     80       3  351827      0.15412      0.43876        0.456   1000
10623        1  145592605  145610972      1       1  351827    -0.080445      0.53206        0.539   1000
11126        1  145695798  145715639     32       1  351827      0.22488      0.41104        0.428   1000
5565         1  146626685  146644168    123       4  351827      0.26757      0.39452         0.42   1000
2330         1  146655884  146697390     47       2  351827      -1.8551      0.96821        0.967   1000
9557         1  146714291  146767447    106       8  351827      -1.3879      0.91742        0.924   1000
51205        1  147119168  147142634     65      12  351827     -0.62091      0.73267        0.723   1000
51027        1  149871110  149872348     30       1  351827     -0.21504      0.58513        0.598   1000
9900         1  149874870  149889434    119       3  351827     -0.04302      0.51716        0.507   1000
10903        1  149900543  149908791     39       4  351827     -0.21844      0.58646        0.556   1000
79630        1  150244687  150253335     39       3  351827     -0.61638      0.73118        0.737   1000
54460        1  150266262  150281414    320      11  351827      0.33565      0.36857        0.364   1000
23248        1  150336624  150449042    354       8  351827      0.18965      0.42479        0.417   1000
80222        1  150459840  150480085    271       6  351827       1.1991      0.11525        0.102   1000
1893         1  150480487  150486265     33       1  351827      -1.3355      0.90914        0.898   1000
84072        1  150670535  150693372    265       3  351827      0.33999      0.36693        0.327   1000
1520         1  150702672  150738433    573      12  351827      0.28987      0.38596        0.365   1000
1513         1  150768684  150780917     49       1  351827       -2.413      0.99209        0.994   1000
405          1  150782181  150849244    376       6  351827      0.23008      0.40901         0.39   1000
9869         1  150898815  150937389     10       1  351827     -0.98377      0.83739        0.813   1000
55793        1  150969213  150980854      9       2  351827       1.1859      0.11783        0.114   1000
126626       1  151042784  151091007     14       4  351827       1.4677     0.071096        0.068   1000
10500        1  151104161  151119146    145      11  351827       1.4103     0.079221        0.075   1000
388695       1  151132224  151138424     63       9  351827      0.76959      0.22077        0.212   1000
6944         1  151148776  151162689      1       1  351827      -1.2082      0.88651        0.886   1000
23126        1  151375200  151445753     83       3  351827     -0.69854      0.75758        0.778   1000
57530        1  151483331  151511168      8       1  351827       1.2249      0.11032        0.114   1000
81609        1  151584454  151671559    179      10  351827      0.26536      0.39537        0.362   1000
11022        1  151742741  151763052    202      10  351827      0.22549       0.4108        0.379   1000
339398       1  151772765  151777882     20       4  351827      -0.1776      0.57048        0.588   1000
284486       1  151818220  151826173      7       2  351827       0.4738      0.31782        0.298   1000
117145       1  151843342  151882361    341      12  351827      0.77657      0.21871        0.205   1000
6281         1  151955386  151966714    148       4  351827       1.4177     0.078139        0.075   1000
7062         1  152078793  152087930      4       1  351827      0.61381      0.26967         0.28   1000
388697       1  152184552  152196672    379       7  351827     -0.54326      0.70653        0.688   1000
2312         1  152274651  152297679    268       7  351827     -0.85749      0.80441        0.796   1000
388698       1  152321213  152332482      5       1  351827     -0.27102      0.60681        0.597   1000
100129271    1  152691998  152692905     10       1  351827     -0.23814      0.59411        0.582   1000
6701         1  153042717  153044084    376       5  351827      0.84467      0.19915        0.195   1000
6705         1  153084612  153085989    460       7  351827      0.90248       0.1834        0.181   1000
6280         1  153330330  153333503     63       1  351827     -0.86186      0.80562        0.799   1000
6275         1  153516095  153518282      8       3  351827     -0.29619      0.61646        0.598   1000
6274         1  153519805  153521734     31       4  351827      -1.0945      0.86313        0.864   1000
6284         1  153591275  153606582     40       2  351827       -1.234      0.89141         0.89   1000
6271         1  153600873  153604513    167      10  351827     -0.82303      0.79476        0.791   1000
9909         1  153901977  153919162    251       7  351827      0.96517      0.16723         0.17   1000
200186       1  153920148  153931132    106       2  351827      0.88447      0.18822        0.196   1000
148327       1  153940315  153946840    304       6  351827      0.92057      0.17864        0.185   1000
5872         1  153954093  153958853    220       5  351827      0.96801      0.16652        0.175   1000
91181        1  153965166  154127592     23       4  351827     -0.33843      0.63248        0.616   1000
25912        1  154179183  154193273     17       2  351827      0.69137      0.24467        0.242   1000
10456        1  154245039  154248351      7       2  351827      0.26513      0.39545        0.412   1000
126668       1  154474695  154520624    173       9  351827       2.8528    0.0021671       0.0024   5000
55585        1  154521051  154531138      1       1  351827    -0.083087      0.53311        0.522   1000
1141         1  154540257  154552354      1       1  351827       4.3828   5.8574e-06       0.0001  10000
103          1  154554533  154600456      1       1  351827     -0.98318      0.83724        0.841   1000
57326        1  154916553  154928624     87       2  351827       3.7459   8.9891e-05       0.0001  10000
90780        1  154929502  154934258      3       2  351827       1.2789      0.10047        0.101   1000
6464         1  154934774  154946959     29       2  351827     -0.11556        0.546        0.522   1000
51043        1  154975106  154991001     16       3  351827       2.9169    0.0017676       0.0021  10000
127579       1  154991003  155006257     22       3  351827       3.4914   0.00024029       0.0001  10000
8751         1  155023748  155035252     92       9  351827      0.36252      0.35848         0.34   1000
1944         1  155051348  155060014      5       1  351827      0.23505      0.40709        0.384   1000
4582         1  155158300  155162768     11       3  351827        1.803     0.035694        0.023   1000
7059         1  155165379  155177772    280       8  351827      0.80023      0.21179        0.213   1000
2629         1  155204239  155214653    106       6  351827      0.80561      0.21023        0.192   1000
2224         1  155278539  155290457     47       3  351827       1.8589     0.031519        0.031   1000
284618       1  155290251  155293938    217       6  351827       1.0266       0.1523        0.162   1000
55870        1  155305052  155532324    167       3  351827       0.8066      0.20995        0.225   1000
54856        1  155719450  155829185      2       1  351827     -0.34515      0.63501        0.615   1000
23208        1  155829260  155854990     13       1  351827       1.2297      0.10941        0.117   1000
6016         1  155867599  155881193    282       5  351827      0.69755      0.24273         0.25   1000
92312        1  156041804  156051789      9       1  351827      0.81702      0.20696        0.205   1000
64218        1  156117145  156147542     10       1  351827     -0.55442      0.71036        0.695   1000
632          1  156211951  156213123    131       4  351827     -0.32176      0.62618        0.651   1000
79957        1  156213112  156217908     75       7  351827      0.59053      0.27742        0.289   1000
23381        1  156219015  156252676    131       4  351827     -0.28711      0.61298        0.634   1000
112770       1  156262478  156265480    129       4  351827     -0.28947      0.61389        0.639   1000
7203         1  156278752  156308206    130       4  351827     -0.30758       0.6208        0.646   1000
164118       1  156549519  156556562     66       3  351827    -0.006413      0.50256        0.487   1000
128240       1  156561554  156564091     88       4  351827     -0.25655      0.60124        0.592   1000
54865        1  156564100  156571288      2       1  351827      -1.1134      0.86724        0.874   1000
51093        1  156698263  156706752     84       6  351827      0.53832      0.29518         0.32   1000
79590        1  156707094  156710923      1       1  351827     -0.40691      0.65796        0.668   1000
9047         1  156776035  156786640     77       5  351827     -0.33626      0.63166        0.628   1000
3645         1  156810665  156828712     26       2  351827     0.024829       0.4901        0.482   1000
149499       1  156890400  156902881      5       1  351827     -0.51832      0.69788        0.719   1000
9826         1  156904632  157015512      3       1  351827      0.97512      0.16475        0.183   1000
115352       1  157646271  157670775    248       6  351827      0.70692      0.23981        0.238   1000
115350       1  157764193  157789940      2       1  351827     -0.31755      0.62459        0.609   1000
55243        1  157963063  158065846      6       1  351827      0.35338       0.3619        0.381   1000
6708         1  158580496  158656506     40       7  351827     0.038007      0.48484        0.492   1000
3428         1  158979682  159024945     64       1  351827      0.50464       0.3069        0.303   1000
9447         1  159028790  159046685     17       2  351827     -0.88769      0.81265        0.818   1000
2205         1  159253678  159278014     65       6  351827      0.48177      0.31499        0.314   1000
391123       1  159824106  159832447     15       3  351827     -0.91961      0.82111        0.824   1000
8407         1  159887897  159895332      1       1  351827        0.393      0.34716        0.364   1000
93183        1  159997462  160001783     16       2  351827     -0.93399      0.82485        0.814   1000
93185        1  160061129  160068650      3       1  351827      0.14844        0.441        0.428   1000
8682         1  160175125  160185162     15       1  351827       1.3354     0.090875          0.1   1000
57216        1  160370364  160398468     40       2  351827      0.29706      0.38321        0.395   1000
57823        1  160708865  160724611     14       1  351827       1.3258      0.09245        0.104   1000
51744        1  160799950  160832692    190       7  351827       1.0885      0.13819        0.141   1000
55600        1  160846330  160854960     21       2  351827      -1.4203      0.92224         0.92   1000
50848        1  160965001  160991133     58       3  351827      0.29165      0.38528        0.398   1000
100131187    1  161007418  161008887    119      10  351827     -0.34915      0.63651        0.652   1000
7391         1  161009041  161015769     65       8  351827      0.38013      0.35192        0.348   1000
126823       1  161068151  161070138     30       2  351827      0.37339      0.35443        0.364   1000
5202         1  161070346  161087866     12       1  351827      0.55728      0.28867        0.289   1000
4817         1  161087862  161095235     51       7  351827      0.62769       0.2651        0.272   1000
8703         1  161141100  161147758     16       2  351827       1.5341     0.062501        0.071   1000
4720         1  161167209  161184185      2       1  351827      0.40602      0.34237        0.335   1000
2207         1  161185087  161189038     24       4  351827      0.34959      0.36332        0.357   1000
84134        1  161195729  161200536      6       1  351827       2.4779    0.0066075       0.0076   5000
654790       1  161228517  161255240      6       1  351827      -1.2403      0.89256        0.903   1000
6391         1  161284166  161334541    271       3  351827     0.040505      0.48385        0.521   1000
2215         1  161592986  161601753      5       2  351827      0.47868      0.31608        0.346   1000
127943       1  161691598  161697933     65       4  351827     -0.33412      0.63086        0.596   1000
22926        1  161736034  161933860    282       5  351827      -2.4979      0.99375        0.994   1000
9722         1  162039581  162339813     96       2  351827      0.10487      0.45824        0.465   1000
400793       1  162348696  162356608    121       4  351827    -0.093565      0.53727        0.548   1000
51478        1  162760496  162782608      9       1  351827     -0.20971      0.58305        0.604   1000
8490         1  163112089  163291581    208       8  351827     -0.85345       0.8033        0.792   1000
4259         1  165600110  165625373      7       1  351827     -0.22017      0.58713        0.597   1000
223          1  165631449  165667900     22       4  351827      0.79342      0.21377        0.215   1000
117143       1  166825747  166845654     74       3  351827     -0.50153        0.692        0.666   1000
387597       1  166882441  166944576      8       2  351827     -0.31433      0.62337        0.618   1000
84944        1  166958394  166991451    101       6  351827      -1.2992      0.90306        0.874   1000
10223        1  167022082  167059868     15       2  351827      -1.6374      0.94922        0.945   1000
8804         1  167510250  167523056     45       4  351827      0.10522       0.4581        0.469   1000
92241        1  167599474  167677933    101       8  351827      -1.2818      0.90005        0.892   1000
9019         1  167691187  167761156      6       3  351827      0.75622      0.22476        0.236   1000
25874        1  167885913  167906307    188       5  351827    -0.024168      0.50964        0.494   1000
23432        1  168048780  168106905     54       2  351827     0.050825      0.47973        0.492   1000
375035       1  168195255  168212088     32       2  351827         0.02      0.49202        0.502   1000
9095         1  168250278  168283664      7       1  351827       1.9537     0.025365        0.019   1000
6846         1  168510003  168513235     74       6  351827       1.5197     0.064291        0.059   1000
6375         1  168545711  168551315     63       5  351827       1.4127     0.078868        0.066   1000
1805         1  168664695  168698442      1       1  351827     -0.38155       0.6486        0.682   1000
481          1  169075947  169101960     12       1  351827     -0.78038      0.78242         0.76   1000
29922        1  169101258  169337186    559       8  351827       1.5629      0.05904        0.059   1000
10560        1  169433147  169455208     11       1  351827      0.19522      0.42261          0.4   1000
2153         1  169481192  169555769     97       4  351827       -1.125      0.86971        0.868   1000
6402         1  169659806  169680843     48       2  351827      -1.1922      0.88341        0.901   1000
92342        1  169761670  169764088    881       9  351827      -1.0146      0.84486        0.901   1000
55732        1  169763224  169822229    158      10  351827       1.2783      0.10057        0.097   1000
57147        1  169822215  169863100     17       1  351827      0.24442      0.40345        0.399   1000
22920        1  169890461  170043882    109      10  351827      0.01129       0.4955        0.506   1000
92344        1  170501263  170522974    335      10  351827       1.0302      0.15145        0.173   1000
5396         1  170633313  170708541      3       1  351827    -0.039711      0.51584         0.52   1000
2328         1  171060018  171086961    183      13  351827     -0.24054      0.59504        0.605   1000
2327         1  171154388  171181822    128      10  351827     -0.81818      0.79337        0.792   1000
2326         1  171217610  171255113     46       1  351827       2.5115    0.0060105       0.0064   5000
2329         1  171283318  171311223     13       2  351827      -2.6848      0.99637        0.999   1000
23215        1  171454652  171562650    121       3  351827      0.53367      0.29678        0.279   1000
4653         1  171604557  171621773     66       8  351827       1.3945     0.081585        0.076   1000
8674         1  171669296  171711379    202       8  351827      0.14092      0.44397        0.432   1000
26052        1  171810618  172387606      1       1  351827    -0.081784      0.53259        0.515   1000
5279         1  172410597  172413230     57       5  351827      -0.5106      0.69519          0.7   1000
51430        1  172501494  172580973     24       3  351827      0.82813       0.2038        0.215   1000
55157        1  173793719  173827682    562       7  351827       0.5174      0.30244         0.24   1000
84614        1  173837220  173856596      4       1  351827     -0.25823      0.60188        0.593   1000
462          1  173872938  173886516    618       8  351827      0.88626      0.18774        0.155   1000
9910         1  174128552  174964445    611      14  351827       1.8039     0.035621        0.045   1000
63931        1  174982094  174992591     26       3  351827       2.5437    0.0054845       0.0066   5000
9674         1  175126123  175162229     35       3  351827      -1.7972      0.96385        0.963   1000
55103        1  178694300  178890975    100       8  351827      -1.6963      0.95509        0.968   1000
9917         1  178994939  179045702    212       8  351827      -1.4418      0.92533        0.937   1000
64222        1  179050415  179067158    264       6  351827      -1.0961      0.86348        0.891   1000
6646         1  179262849  179327815     39       1  351827     -0.40285      0.65647        0.644   1000
163589       1  179560748  179660407   1256      21  351827     -0.12844       0.5511        0.545   1000
89884        1  180199433  180244188      9       2  351827      -1.0292      0.84832        0.853   1000
84320        1  180257352  180472022    137       5  351827     -0.63316      0.73669        0.731   1000
3140         1  181002561  181031074     93       7  351827       1.1637      0.12227        0.115   1000
51278        1  181057638  181059979      1       1  351827       1.6299     0.051561        0.054   1000
6041         1  182542769  182558420     58       7  351827     -0.62201      0.73303        0.747   1000
3918         1  183147952  183214262    100       5  351827      -1.6146       0.9468        0.955   1000
23057        1  183217372  183387634      4       2  351827      0.62595      0.26567         0.27   1000
9887         1  183441506  183523328     34       2  351827      -1.2059      0.88608         0.88   1000
10092        1  183595328  183605076    243       4  351827       1.8035     0.035651        0.037   1000
23127        1  183898988  184006904     20       2  351827     -0.42538      0.66472        0.658   1000
116461       1  184020811  184043346     73       8  351827      0.75903      0.22392        0.242   1000
81563        1  184356150  184598155     71       3  351827      0.93152      0.17579        0.191   1000
80267        1  184659625  184724041    156       8  351827     -0.73498      0.76882        0.759   1000
83872        1  185703683  186160085      2       1  351827     -0.99765      0.84077        0.842   1000
54953        1  186344890  186390503      5       1  351827      0.39735      0.34555        0.338   1000
5321         1  186798032  186958113      8       2  351827      -1.4028      0.91966        0.939   1000
64407        1  192127592  192154945     85       5  351827       1.6272     0.051852        0.033   1000
5997         1  192778169  192781407    166       4  351827     -0.11242      0.54475        0.543   1000
51022        1  193065595  193075659     77       2  351827       1.2667      0.10262        0.095   1000
79577        1  193091088  193223945     34       4  351827      0.45682       0.3239        0.341   1000
8707         1  193147860  193155743     26       1  351827       0.6916      0.24459         0.23   1000
10878        1  196743925  196763203    569      17  351827     -0.65923      0.74513        0.736   1000
3078         1  196788861  196801319    472      14  351827     -0.65841      0.74486        0.739   1000
360023       1  197122814  197169672     59       2  351827      0.25982       0.3975        0.399   1000
163486       1  197473878  197744623     61       4  351827       3.5689   0.00017927       0.0001  10000
388722       1  197871682  197876497      3       2  351827      0.52991      0.29809        0.285   1000
83479        1  200609935  200639126    303      17  351827    -0.056831      0.52266        0.588   1000
23271        1  200708686  200829832    125       7  351827      -1.0234      0.84694        0.866   1000
252839       1  201103900  201140710     57       7  351827     0.077023       0.4693         0.49   1000
5317         1  201252580  201302121     58       3  351827     -0.41623      0.66138        0.657   1000
1465         1  201452658  201476387      7       1  351827      0.17537       0.4304        0.445   1000
149345       1  201857797  201861715     60       5  351827       3.0434    0.0011697       0.0024   5000
25802        1  201865584  201915716     55       3  351827       2.3305     0.009889         0.01   1000
10440        1  201924619  201939789      5       1  351827      -3.3214      0.99955        0.999   1000
6051         1  201951766  201975275      8       1  351827      0.81009      0.20895        0.214   1000
127829       1  202102532  202113871     11       2  351827      0.60918       0.2712         0.29   1000
5877         1  202847410  202858385     36       3  351827      -1.1779      0.88057        0.865   1000
59349        1  202860230  202897766     42       2  351827     -0.50478      0.69314        0.699   1000
92703        1  202976520  202993976     16       2  351827      -2.0897      0.98168        0.983   1000
1116         1  203148059  203155978     12       1  351827       -1.442      0.92534        0.927   1000
1118         1  203185207  203198860      5       1  351827     -0.63889      0.73855        0.761   1000
2331         1  203309749  203320557     24       3  351827      -2.1309      0.98345        0.991   1000
6635         1  203830740  203840280      9       1  351827       1.0243      0.15285        0.167   1000
22874        1  204187979  204329057    109       6  351827      0.87047      0.19202        0.191   1000
4194         1  204485507  204596131      2       1  351827      0.12858      0.44885        0.473   1000
23114        1  204797782  204991950      6       2  351827      0.34934      0.36342        0.357   1000
6900         1  205012340  205047173     41       5  351827      0.58528      0.27918        0.295   1000
388730       1  205052257  205053588     76       3  351827      -1.5561      0.94016        0.944   1000
5929         1  205055270  205091150     49       2  351827     -0.83497      0.79813          0.8   1000
25778        1  205111631  205180727    119       2  351827     -0.24235      0.59574          0.6   1000
81788        1  205271191  205290883      2       1  351827      0.21933       0.4132        0.407   1000
2005         1  205577071  205602971     11       3  351827    -0.024337      0.50971        0.489   1000
64710        1  205681947  205719372     73       5  351827      0.95528      0.16972        0.172   1000
8934         1  205737114  205744615    205      20  351827     -0.08422      0.53356        0.559   1000
148811       1  205797150  205819276    217      22  351827      0.10075      0.45987         0.48   1000
115019       1  205882176  205912588      6       1  351827      -1.1525      0.87545        0.871   1000
9641         1  206643586  206670223      2       1  351827      0.48274      0.31464        0.329   1000
1939         1  206764974  206785904     40       4  351827    -0.056192      0.52241        0.538   1000
8444         1  206808881  206823229     11       1  351827      0.30744      0.37925        0.396   1000
725          1  207262210  207273338     48       4  351827     -0.81547       0.7926        0.802   1000
722          1  207277583  207318317     41       7  351827     0.022287      0.49111        0.485   1000
1604         1  207494817  207534311    236       8  351827      -1.3001      0.90321        0.906   1000
4179         1  207925383  207968861    126       5  351827      -2.0546      0.98004        0.982   1000
3914         1  209788215  209825820     14       4  351827       1.8108     0.035086        0.024   1000
80342        1  209929393  209955668    104       3  351827       1.3948     0.081537        0.098   1000
3664         1  209958968  209979520     95       7  351827       1.5391     0.061889        0.066   1000
27042        1  210001312  210030910     57       3  351827       1.3206      0.09332        0.108   1000
56256        1  210406195  210420252     19       4  351827       1.3599     0.086929        0.068   1000
55733        1  210501596  210849638      2       1  351827       1.5212     0.064103         0.06   1000
7188         1  211499849  211548403      2       1  351827     -0.13141      0.55228         0.56   1000
7779         1  211748381  211752099      7       2  351827     -0.59283      0.72335        0.745   1000
4751         1  211831598  211848972      9       1  351827      -1.0588      0.85515        0.862   1000
55248        1  212537816  212588267     20       2  351827      0.94645      0.17196         0.18   1000
25936        1  212899495  212965139    114       4  351827     -0.35638      0.63922        0.636   1000
128387       1  212965170  212990167    576      14  351827     -0.88251      0.81125        0.821   1000
28982        1  213031597  213072705    103       7  351827     -0.42536      0.66471        0.679   1000
90806        1  213165524  213189168    152       7  351827       1.1248      0.13033        0.141   1000
5629         1  214161278  214214853      5       1  351827     -0.40296      0.65651        0.632   1000
56950        1  214454565  214510477     24       3  351827       1.8155     0.034725        0.031   1000
5784         1  214521640  214725024     19       2  351827     -0.32597      0.62778        0.622   1000
128153       1  217804684  218040492     24       1  351827     -0.20871      0.58266        0.586   1000
51018        1  218458629  218511325     55       9  351827     0.039322      0.48432        0.479   1000
7042         1  218518676  218617961      2       1  351827    -0.056998      0.52273         0.51   1000
127018       1  219347192  219386207     37       1  351827      -1.1395      0.87275        0.883   1000
2058         1  220141940  220220000    110       4  351827       1.1227      0.13078        0.112   1000
55699        1  220267455  220321383      3       1  351827     -0.32915      0.62898        0.606   1000
25782        1  220321610  220445843     36       2  351827       2.2201     0.013207        0.013   1000
4139         1  220701568  220837799     27       2  351827      0.35061      0.36294         0.39   1000
54996        1  220921325  220958157    188      10  351827     -0.67455      0.75002        0.784   1000
3142         1  221052743  221058401      3       2  351827     -0.59123      0.72282        0.714   1000
79802        1  222695602  222721444     48       3  351827      0.39987      0.34463        0.338   1000
9015         1  222730990  222763438     43       6  351827       -1.382      0.91652        0.928   1000
375056       1  222791444  222841351     34       1  351827      -1.2126      0.88736        0.893   1000
64853        1  222841355  222886602     38       1  351827     -0.15479      0.56151        0.563   1000
148362       1  222885906  222908529     54       3  351827     -0.47704      0.68333        0.701   1000
84976        1  222988342  223179337      5       2  351827      0.51451      0.30345        0.303   1000
7100         1  223282748  223316624     32       2  351827     -0.73639      0.76925        0.751   1000
388743       1  223714972  223853436     24       2  351827    -0.029439      0.51174        0.493   1000
824          1  223889295  223963720      6       3  351827     -0.93057      0.82396        0.823   1000
7159         1  223967595  224033674     83       2  351827       1.9586     0.025081        0.022   1000
29097        1  224544513  224567154    210       9  351827       0.3328      0.36964        0.377   1000
149111       1  224734563  224928269     71       3  351827     -0.30004      0.61793        0.613   1000
55740        1  225674534  225840845     15       1  351827       1.3404     0.090059        0.085   1000
2052         1  225997797  226033264      2       1  351827       2.0207     0.021657        0.025   1000
9725         1  226033233  226070420      1       1  351827     -0.46256      0.67816        0.689   1000
10637        1  226073982  226076846     43       7  351827      0.21047      0.41665        0.401   1000
29920        1  226107577  226112040      6       2  351827      0.45898      0.32312         0.31   1000
3020         1  226250408  226259703    238      20  351827     -0.21952      0.58688        0.571   1000
64746        1  226332380  226374423     43       2  351827     -0.49574      0.68996        0.673   1000
83881        1  226411325  226414756     29       2  351827     0.066921      0.47332        0.437   1000
142          1  226548392  226595801     47       1  351827       1.2902     0.098485        0.102   1000
375057       1  226736501  226796915     42       3  351827       1.2453      0.10651        0.116   1000
5664         1  227057885  227083804     19       2  351827      0.87701      0.19024          0.2   1000
56997        1  227084589  227175246     19       2  351827       3.3718   0.00037337       0.0004  10000
116841       1  227922697  227968932    103       3  351827   -0.0083557      0.50333        0.494   1000
128308       1  228294380  228297037    231       8  351827      0.17335      0.43119        0.421   1000
2987         1  228327668  228336656    111       2  351827      0.31048       0.3781        0.351   1000
84033        1  228395740  228566577    111       6  351827     -0.12723      0.55062        0.524   1000
149603       1  228674277  228697598     19       4  351827     -0.23236      0.59187        0.572   1000
58480        1  228780394  228882416      5       1  351827      0.43197      0.33288        0.337   1000
5867         1  229406809  229441641      1       1  351827      -1.3214      0.90682        0.897   1000
126731       1  229456752  229478688     52       2  351827     0.014564      0.49419        0.534   1000
55746        1  229577044  229644088     98       1  351827     -0.78918        0.785        0.783   1000
2590         1  230202956  230417875      1       1  351827     0.007556      0.49699        0.497   1000
183          1  230838269  230850336     12       2  351827     -0.10449      0.54161        0.546   1000
10753        1  230883089  230937749     73       4  351827     -0.59776        0.725        0.711   1000
64801        1  231114823  231136479    144       7  351827      -1.3737      0.91524        0.919   1000
375061       1  231154704  231175995     27       2  351827      -1.0338      0.84938        0.849   1000
8443         1  231376919  231413719    216       6  351827       1.0863      0.13868        0.121   1000
83932        1  231473682  231506297     58       1  351827       1.2826     0.099816        0.085   1000
27185        1  231762561  232177018     64       7  351827      -1.5256      0.93644        0.933   1000
54627        1  232940638  232946092      4       1  351827     -0.19285      0.57646         0.58   1000
84284        1  233086277  233114548    195      13  351827     -0.11252       0.5448        0.533   1000
80003        1  233119855  233431459    102       7  351827      -0.1007       0.5401        0.547   1000
3775         1  233749750  233808258     22       4  351827      -1.0385      0.85049        0.858   1000
388753       1  234508932  234519795     79       5  351827     -0.88979      0.81321         0.81   1000
6894         1  234527059  234614863      1       1  351827      0.49466      0.31042        0.305   1000
9804         1  235272656  235292256      4       1  351827       -1.503      0.93357        0.926   1000
9453         1  235491753  235507847    163       3  351827     -0.86095      0.80537        0.806   1000
6905         1  235530728  235612280    150       9  351827     -0.53019      0.70201        0.701   1000
148789       1  235610505  235667781    169       6  351827     -0.86185      0.80561        0.785   1000
4811         1  236139130  236228481      8       1  351827      -1.2318      0.89099        0.891   1000
7107         1  236305832  236415314     16       2  351827     -0.89628      0.81495        0.811   1000
56605        1  236378422  236445339    436       9  351827     -0.10433      0.54155        0.526   1000
128178       1  236557680  236648008     39       4  351827      0.19416      0.42303        0.414   1000
3964         1  236681514  236716281     11       2  351827     -0.50887      0.69458        0.703   1000
55127        1  236712305  236767841    126       3  351827     -0.74836      0.77288        0.783   1000
1131         1  239549876  240078750      1       1  351827       -2.508      0.99393        0.991   1000
23596        1  241756452  241803701     17       1  351827       1.0965      0.13642        0.151   1000
1122         1  241792166  241799232     36       5  351827      0.61425      0.26952         0.28   1000
200150       1  242251689  242687998      1       1  351827      0.19418      0.42302        0.443   1000
9859         1  243287730  243419284    158       6  351827     -0.42441      0.66437         0.64   1000
10806        1  243419307  243663393    216      10  351827     0.069369      0.47235        0.449   1000
159          1  244571794  244615436     46       2  351827      0.67172      0.25088        0.241   1000
257044       1  244624673  244803664      6       2  351827     -0.75417      0.77463         0.78   1000
84288        1  245133171  245288530    264      10  351827       2.5178    0.0059046        0.011   1000
163882       1  246729639  246831884    175      13  351827       -1.867      0.96905        0.968   1000
51097        1  246887378  246931439     24       2  351827      -0.7911      0.78556         0.79   1000
25909        1  247002400  247094726     29       4  351827      0.23213      0.40822        0.405   1000
93474        1  247197940  247242115    246      14  351827      0.42005      0.33722        0.336   1000
79862        1  247263264  247267685    167      11  351827      0.12585      0.44993        0.451   1000
7678         1  247285277  247335529    206      17  351827     -0.53688      0.70433        0.685   1000
84838        1  247460717  247495294    119       8  351827     0.016549       0.4934          0.5   1000
25893        1  247803007  248043440    127       7  351827       0.2859      0.38748        0.393   1000
343171       1  248058889  248059833     84       6  351827       0.2759      0.39131        0.391   1000
80851        1  249104645  249120154     72       4  351827     -0.56845      0.71513         0.71   1000
26751        2     218136     264820    230      13  351827     -0.59416       0.7238        0.746   1000
285016       2     279561     289002      2       1  351827      0.60239      0.27346         0.28   1000
129787       2     667793     677439     76       9  351827      -1.0032      0.84213         0.84   1000
54221        2     946554    1371401    397      22  351827     -0.59579      0.72434        0.695   1000
7173         2    1417233    1547445    247      16  351827       -1.414      0.92133        0.916   1000
7837         2    1635659    1748291     79       6  351827     -0.83786      0.79894          0.8   1000
51112        2    3383446    3483342    164      14  351827     -0.30445      0.61961        0.617   1000
55256        2    3501690    3523350     44       4  351827       1.4249     0.077093        0.081   1000
6201         2    3622853    3628509     63       3  351827     -0.38403      0.64952         0.64   1000
78989        2    3642422    3692234     63       3  351827      -1.1158      0.86775        0.855   1000
129607       2    6980684    7006766      2       1  351827   -0.0016455      0.50066        0.492   1000
9781         2    7057523    7209011     36       4  351827     -0.75251      0.77413        0.817   1000
57498        2    8865295    8977755      1       1  351827       1.3096     0.095172        0.095   1000
129642       2    8996701    9143876     32       3  351827      -1.3608      0.91321        0.924   1000
8853         2    9346894    9545812     38       2  351827    0.0024477      0.49902        0.501   1000
10971        2    9724096    9771184     19       1  351827    -0.035821      0.51429         0.54   1000
9014         2    9983571   10074545    254      11  351827      0.24011      0.40512        0.402   1000
8462         2   10170776   10194963     12       1  351827      0.99275      0.16042        0.161   1000
79954        2   10710892   10830113      7       2  351827      0.73488       0.2312        0.236   1000
245973       2   10861775   10925236     16       1  351827       0.5969      0.27529        0.261   1000
23175        2   11817705   11967535     28       4  351827    -0.017419      0.50695        0.501   1000
28951        2   12856998   12882860    152       3  351827    -0.047537      0.51896        0.537   1000
1653         2   15731745   15771235    173      10  351827     -0.69623      0.75686        0.749   1000
81553        2   16730727   16847134     21       4  351827       -1.195      0.88396         0.89   1000
348654       2   17935152   17966632    649      15  351827       1.0315      0.15115        0.139   1000
3790         2   18059105   18114225    171      22  351827     -0.94632      0.82801        0.822   1000
130502       2   20096514   20101747    174      14  351827      -2.6967       0.9965        0.993   1000
57539        2   20110024   20189884    106       8  351827      -1.1044      0.86529        0.863   1000
4148         2   20191813   20212455     45       5  351827     -0.27007      0.60644        0.593   1000
60526        2   20883788   21022890    122      12  351827       -1.759      0.96071        0.956   1000
338          2   21224301   21266945     17       2  351827      -2.1682      0.98493         0.99   1000
165324       2   24150132   24223701    660      12  351827      0.99639      0.15953         0.15   1000
388931       2   24232953   24248698     49       3  351827       1.2057      0.11397         0.11   1000
2281         2   24272584   24286551    132       2  351827      0.81248      0.20826        0.181   1000
9540         2   24300303   24308085     44       2  351827      0.80684      0.20988        0.182   1000
375189       2   24337954   24346334    592      10  351827      0.67321      0.25041        0.215   1000
375190       2   24346350   24392507    330      10  351827        1.024      0.15291        0.121   1000
653140       2   24397471   24423718   1186      23  351827       0.8649      0.19355        0.197   1000
50618        2   24425733   24583647    231       1  351827      -0.5227      0.69941        0.721   1000
8648         2   24714919   24993571    328      17  351827       1.5301     0.062995        0.091   1000
79172        2   25016175   25045245    308      10  351827       3.5995   0.00015941       0.0003  10000
109          2   25042038   25142602    277      10  351827       3.8355   6.2653e-05       0.0001  10000
51277        2   25166505   25194963    234      12  351827       3.1248   0.00088966        0.001  10000
22979        2   25264973   25382004     19       2  351827       3.6528    0.0001297       0.0004  10000
5443         2   25383722   25391559     55       6  351827      0.51989      0.30157        0.311   1000
1838         2   25600067   25896516      1       1  351827       1.8209     0.034308        0.027   1000
3797         2   26149455   26205443     19       1  351827       1.0817      0.13969        0.124   1000
150946       2   26395960   26412532    307       5  351827      0.69406      0.24382        0.218   1000
3032         2   26467616   26513333     71       3  351827      -2.7117      0.99665        0.994   1000
165082       2   26531041   26569685    160       3  351827       1.2637      0.10317        0.111   1000
92749        2   26624784   26679579      3       1  351827      0.72062      0.23557        0.238   1000
9381         2   26680071   26781566     15       2  351827      0.12992      0.44831        0.441   1000
339778       2   26785427   26802395      6       1  351827     -0.44049      0.67021        0.693   1000
54978        2   26987131   27004099     82       2  351827     -0.26809      0.60568        0.604   1000
1058         2   27008857   27023935     21       4  351827     -0.63505       0.7373        0.708   1000
22924        2   27193525   27250087    164       2  351827      0.76708      0.22152        0.196   1000
3795         2   27309611   27323619    407       8  351827      0.44639      0.32766        0.323   1000
84696        2   27346632   27353680     18       2  351827      0.21624       0.4144        0.408   1000
51374        2   27434899   27440046    205       9  351827      -1.3135      0.90548        0.887   1000
5496         2   27604066   27632550    108       2  351827      -1.0207      0.84631        0.815   1000
29959        2   27651473   27665126    201       6  351827     -0.64407      0.74023        0.707   1000
200634       2   27665233   27669348    173       5  351827     -0.70893      0.76082        0.714   1000
22950        2   27886338   27917847     74       3  351827      -1.7442      0.95944        0.963   1000
9553         2   27994584   28002608      4       2  351827      0.55831      0.28832        0.292   1000
151056       2   28718938   28866654     19       3  351827       1.0822      0.13958        0.141   1000
5500         2   28974614   29025806    289       9  351827     -0.33994      0.63305        0.672   1000
245711       2   29033462   29073476      8       2  351827      0.76037      0.22352        0.199   1000
55006        2   29072687   29093175    390      14  351827     -0.81378      0.79211        0.798   1000
23160        2   29117533   29171080      3       1  351827   -0.0084984      0.50339        0.477   1000
165186       2   29204164   29275096    246      14  351827      -1.0072      0.84308        0.855   1000
238          2   29415640   30144477      3       1  351827       -0.847       0.8015        0.806   1000
81606        2   30454397   30482899    112      11  351827     -0.48046      0.68455        0.693   1000
253558       2   30670102   30867091    404      11  351827      0.63858      0.26155        0.262   1000
79623        2   31133331   31361592      6       1  351827     -0.59026      0.72249        0.737   1000
30845        2   31456880   31491260     40       4  351827     -0.27615      0.60878        0.608   1000
55676        2   32390910   32449181    225       2  351827      0.33845      0.36751        0.375   1000
57448        2   32581735   32843966     23       2  351827     -0.59061      0.72261        0.711   1000
55622        2   32853087   33046118    114      11  351827     -0.17529      0.56957        0.547   1000
25780        2   33661416   33789798     58       6  351827      0.67644      0.24938        0.276   1000
51232        2   36583370   36778278     61       6  351827      -1.1077      0.86601        0.874   1000
9637         2   36779397   36825333     83       4  351827      -1.1556      0.87607        0.868   1000
5212         2   36923833   37041937      6       2  351827      -1.1239      0.86948        0.876   1000
6801         2   37064841   37193673     63       4  351827      0.39524      0.34633         0.33   1000
10153        2   37428772   37458740    191      10  351827     -0.41974      0.66266        0.651   1000
23683        2   37477645   37551915    138      10  351827     0.055013      0.47806        0.486   1000
1545         2   38294746   38303323    115      11  351827     -0.52374      0.69977        0.684   1000
64225        2   38522027   38604432    116       9  351827        2.189       0.0143        0.016   5000
130589       2   38893052   38961909     32       7  351827       1.5542     0.060069        0.056   1000
90957        2   39024871   39103021    201       6  351827      -2.1147      0.98277         0.99   1000
100271715    2   39146504   39202590      2       1  351827     -0.67072       0.7488        0.779   1000
80745        2   39963200   40006416    257       4  351827      0.13979      0.44441        0.451   1000
6546         2   40339286   40739575      1       1  351827       2.5996    0.0046667       0.0062   5000
91461        2   42275161   42285668     47       5  351827      0.86073      0.19469        0.173   1000
9167         2   42577640   42596150    168       9  351827      0.70269      0.24113        0.236   1000
165140       2   42989639   42991401     20       5  351827      0.26067      0.39717        0.386   1000
23498        2   42994229   43019753    510      12  351827      0.82828      0.20376        0.155   1000
63892        2   43457975   43823185     91       2  351827       1.0324      0.15093        0.142   1000
130271       2   43864439   43995126    154      15  351827      0.58648      0.27878        0.256   1000
728819       2   43902292   43903461      1       1  351827     -0.19243       0.5763        0.573   1000
51626        2   44001178   44055095     39       4  351827      0.89351      0.18579        0.167   1000
64241        2   44066103   44105947     23       2  351827      0.95345      0.17018        0.184   1000
10128        2   44113363   44223144    343      12  351827       1.6277     0.051789        0.044   1000
55133        2   45615819   45838434    235      13  351827      -0.9065      0.81766        0.803   1000
90423        2   46738986   46769551    402      21  351827      0.35656      0.36071        0.318   1000
5281         2   46808413   46844251     41       2  351827     -0.22789      0.59013        0.595   1000
9419         2   46844325   46852881    180      11  351827      -0.2024       0.5802        0.594   1000
90411        2   47129009   47168994    124      11  351827      0.48201       0.3149        0.294   1000
805          2   47387221   47404229      5       2  351827      0.16618      0.43401        0.411   1000
4072         2   47596287   47614167     52       4  351827      0.73536      0.23106        0.262   1000
4436         2   47630206   47739716    192       8  351827      0.62251       0.2668        0.243   1000
2956         2   48010221   48034092    140      14  351827       2.1338     0.016431        0.015   1000
3344         2   48541783   48606434    189      14  351827      0.87928      0.18962        0.173   1000
286749       2   48757064   49003656    718      27  351827       1.0791      0.14028        0.087   1000
11037        2   48757308   48825654    155       9  351827       1.5323     0.062722        0.055   1000
11036        2   48844937   49003645    986      30  351827       1.4047     0.080055        0.051   1000
3973         2   48913913   48982880    107      12  351827       1.9875     0.023433         0.02   1000
494143       2   53994929   54002320      2       1  351827      0.26164       0.3968        0.409   1000
27248        2   54014068   54045956      1       1  351827       0.2008      0.42043        0.446   1000
10936        2   54080050   54087170    107       3  351827     -0.77539      0.78094        0.804   1000
23198        2   54091204   54197977      6       1  351827       -1.477      0.93017        0.929   1000
98           2   54342410   54532437    498      11  351827     -0.67753      0.75096        0.762   1000
6711         2   54683454   54898583     32       3  351827     -0.34059      0.63329         0.65   1000
400954       2   54952149   55199157    438      14  351827      -1.1109      0.86669         0.89   1000
57142        2   55199325   55307770     63       7  351827       -1.359      0.91293        0.905   1000
130162       2   55399683   55459699    423      23  351827        0.741      0.22935        0.206   1000
6233         2   55459039   55462989      6       1  351827     -0.44297      0.67111        0.672   1000
4528         2   55463756   55496384     86       7  351827      0.66142      0.25417        0.267   1000
112942       2   55746740   55772216     72       4  351827     -0.53747      0.70453        0.709   1000
57223        2   55774428   55844860    110       6  351827    -0.075243      0.52999        0.532   1000
2202         2   56093097   56151298      2       1  351827       1.9638     0.024776        0.022   1000
7444         2   58273777   58387055     41       5  351827       1.0666      0.14308        0.162   1000
64895        2   60983365   61029221      5       1  351827      -1.1721      0.87942        0.882   1000
150962       2   61167548   61245365     69       6  351827      -1.6976      0.95521        0.968   1000
339804       2   61372221   61391964   1077      28  351827       2.0661     0.019412        0.029   1000
130872       2   61404553   61415240    908      21  351827         1.55     0.060574        0.064   1000
200728       2   62727356   62733604     61       8  351827      0.53699      0.29564        0.308   1000
5013         2   63277192   63284966      2       1  351827      -1.0851      0.86107        0.872   1000
51057        2   63348518   63815867    656       8  351827       2.4538    0.0070682        0.014   1000
4190         2   63815743   63834331   1085      17  351827       2.8799    0.0019893       0.0028   5000
7360         2   64068084   64118696    593       6  351827       2.2218     0.013149        0.018   1000
51542        2   64119280   64246526     17       1  351827       -2.065      0.98054         0.97   1000
54812        2   64751439   64820139      3       1  351827        1.199      0.11526        0.102   1000
9792         2   64858755   64978048      7       2  351827      0.26518      0.39544        0.414   1000
23177        2   65283495   65314142    197       9  351827       0.2673      0.39462        0.391   1000
10097        2   65454829   65498387     26       3  351827    -0.019634      0.50783        0.512   1000
4211         2   66662257   66799891      2       1  351827      0.90151      0.18366        0.194   1000
54465        2   67624442   67637540    117       3  351827       1.4224     0.077453        0.096   1000
10438        2   68269332   68290159     28       2  351827      -2.5711      0.99493        0.992   1000
116143       2   68357281   68384692     43       1  351827     -0.14639      0.55819        0.554   1000
56902        2   68385005   68403091    120       3  351827      0.68695      0.24606        0.261   1000
5534         2   68405979   68483392    134       4  351827      0.72299      0.23484        0.251   1000
25927        2   68511303   68547183    151       6  351827     -0.35485      0.63865        0.638   1000
200558       2   68694691   68839361    172       2  351827      -1.3808      0.91633        0.928   1000
10887        2   68870712   68883244    172       2  351827      -1.3808      0.91633        0.928   1000
2673         2   69546901   69614386    146       6  351827     -0.33913      0.63274        0.636   1000
27247        2   69623245   69664760    252       7  351827      -1.4566      0.92738         0.95   1000
22848        2   69685127   69901566     49       3  351827      -2.6555      0.99604        0.997   1000
307          2   69947946   70053596     19       3  351827     -0.84518        0.801        0.825   1000
11017        2   70121075   70132368    121       6  351827      -1.5136      0.93494         0.95   1000
151516       2   70187221   70189397    177       2  351827     -0.21721      0.58598        0.575   1000
54980        2   70377017   70418151      2       1  351827      0.86388      0.19383        0.214   1000
84908        2   70523108   70529293      6       2  351827      0.89929      0.18425        0.194   1000
119          2   70888334   70995375    136       8  351827     -0.55867       0.7118        0.713   1000
344018       2   71004442   71017775     42       5  351827     0.069585      0.47226         0.46   1000
165530       2   71035775   71047732     74       7  351827     -0.17827      0.57074        0.581   1000
50489        2   71057343   71062953     63       7  351827     -0.07213      0.52875         0.53   1000
25806        2   71127720   71160576     22       1  351827     -0.51083      0.69526         0.71   1000
79998        2   71205172   71212629      4       1  351827     -0.61319      0.73012        0.711   1000
113419       2   71213068   71222001     23       2  351827      -1.0175      0.84554        0.835   1000
55577        2   71295408   71305998     95       7  351827       1.4854     0.068719        0.083   1000
84693        2   71336806   71357394      7       1  351827      0.10168       0.4595        0.471   1000
8291         2   71680347   71913895     31       1  351827     -0.48221      0.68517        0.662   1000
56603        2   72356367   72374991     19       2  351827     -0.46002      0.67725        0.682   1000
23233        2   72403113   73053177     95       3  351827        1.346     0.089159         0.09   1000
10322        2   73441366   73454355     40       2  351827        0.224      0.41138        0.411   1000
84279        2   73455134   73460356    142       5  351827       1.1546      0.12413        0.119   1000
7840         2   73612886   73837047    149       5  351827       0.3577      0.36028        0.344   1000
9027         2   73867850   73869537      9       2  351827      0.23846      0.40576        0.408   1000
51002        2   73955744   73964765     44       1  351827       1.0624      0.14403        0.133   1000
10617        2   74056043   74100783     59       7  351827       0.4409      0.32964         0.32   1000
55233        2   74381394   74406006      4       1  351827     -0.34511        0.635        0.621   1000
57835        2   74441997   74570534     14       4  351827      -1.6358      0.94906        0.939   1000
1639         2   74588281   74619214     11       3  351827      -1.3953      0.91854        0.905   1000
83444        2   74682150   74685087    132       5  351827     0.040901      0.48369        0.505   1000
7841         2   74688184   74692537    222       7  351827      0.36058      0.35921        0.366   1000
64427        2   74710200   74721691      3       1  351827      0.46261      0.32182        0.342   1000
85474        2   74724644   74730443    220       7  351827      0.10188      0.45943        0.469   1000
3099         2   75059782   75120481     18       1  351827     -0.88875      0.81293        0.824   1000
56655        2   75185775   75196859     87       3  351827      0.70226      0.24126        0.269   1000
6869         2   75273590   75426645     30       4  351827      0.70875      0.23924        0.229   1000
9801         2   75873909   75889334    227      17  351827      -1.7609      0.96087        0.978   1000
6936         2   75889831   75938482    132       9  351827      -1.8992      0.97123        0.973   1000
130120       2   79252812   79255630    187      11  351827      0.85713      0.19569        0.225   1000
347730       2   80515481   80531718      9       1  351827      0.63587      0.26243        0.261   1000
1768         2   84743579   85046713    132      15  351827      -1.4995      0.93313        0.942   1000
129293       2   85048774   85108369    165      12  351827      -1.0723      0.85821        0.846   1000
10618        2   85545141   85555419     36       3  351827     0.026705      0.48935         0.51   1000
54884        2   85569078   85581821      4       2  351827       0.7991      0.21212        0.215   1000
822          2   85621871   85641197     58       7  351827      0.40245      0.34368        0.344   1000
2677         2   85771978   85788657    150       8  351827      0.36234      0.35855         0.33   1000
8673         2   85804614   85809156    154       9  351827     -0.62958      0.73552        0.701   1000
129303       2   85825670   85829822      8       1  351827       0.1564      0.43786        0.438   1000
10578        2   85921414   85925967     77       8  351827     -0.15616      0.56204        0.563   1000
84913        2   85980909   86018506     11       1  351827     -0.10205      0.54064        0.543   1000
8869         2   86066271   86116157      9       1  351827     -0.60005      0.72576        0.708   1000
55037        2   86333305   86369280     12       1  351827    -0.079769      0.53179        0.533   1000
10989        2   86371055   86423264    297       5  351827      0.19914      0.42108        0.408   1000
51318        2   86426478   86440913    157       8  351827     -0.61891      0.73201        0.744   1000
51652        2   86730553   86790620    371      18  351827       1.8818     0.029935        0.029   1000
7844         2   86830516   86851000      1       1  351827      0.74283      0.22879        0.223   1000
64795        2   86947414   87005164      5       1  351827       2.3134      0.01035        0.012   1000
926          2   87042460   87089047     13       2  351827       -1.088       0.8617        0.878   1000
55258        2   88469814   88486156    283      27  351827      -0.2514      0.59925        0.599   1000
84874        2   95813400   95825322    349      23  351827      0.47671      0.31678        0.313   1000
150696       2   95939674   95966067    138       4  351827      -0.3397      0.63296        0.616   1000
150763       2   96687694   96701722    262      12  351827       1.4053     0.079959        0.094   1000
151          2   96778623   96782281    264       7  351827       1.2447      0.10661        0.113   1000
56910        2   96850597   96874573     33       1  351827      0.62091      0.26733        0.257   1000
55654        2   96915946   96931751     27       3  351827      0.82498      0.20469        0.179   1000
9391         2   96931884   96939917    383      13  351827       1.3099     0.095116        0.097   1000
23020        2   96940074   96971307      9       1  351827     -0.68776       0.7542        0.739   1000
150771       2   96991062   96994091    243      15  351827      0.59636      0.27547        0.279   1000
81562        2   97371666   97405813     31       2  351827      0.72951      0.23284        0.224   1000
26504        2   97426639   97477628     13       1  351827      0.23617      0.40665        0.416   1000
26505        2   97480950   97501121      6       1  351827      -1.2914      0.90171        0.896   1000
200539       2   97488599   97509758     26       2  351827      0.79489      0.21334        0.216   1000
151313       2   97749320   97760603    236       8  351827       1.0389      0.14943         0.15   1000
375248       2   97778923   97930258    420      17  351827     -0.79815      0.78761        0.791   1000
57730        2   98109009   98206708    534      19  351827     -0.18627      0.57388        0.567   1000
10120        2   98272402   98280561    128       7  351827     -0.71723      0.76339        0.777   1000
7535         2   98330031   98356990      2       1  351827       2.6898    0.0035743        0.002   5000
23505        2   98372799   98612389    134       5  351827     -0.93717      0.82566        0.821   1000
1261         2   98962618   99015064    160       9  351827      0.41709      0.33831        0.349   1000
3631         2   99061321   99207496    220       3  351827       1.1904      0.11694        0.108   1000
493753       2   99215786   99224981      1       1  351827      -1.3731      0.91513        0.904   1000
343990       2   99410309   99552684      1       1  351827     -0.41335      0.66033        0.679   1000
80705        2   99613724   99771187    608      12  351827      0.28946      0.38611        0.362   1000
51601        2   99771418   99779620    799      14  351827       1.0369      0.14989        0.148   1000
129531       2   99785726   99797524    701      12  351827      0.96693      0.16679        0.175   1000
129530       2   99900701   99921205    370      13  351827       1.1424      0.12664        0.109   1000
3899         2  100162326  100759037     40       1  351827        1.338     0.090446        0.088   1000
284996       2  101887681  101925178     47       3  351827      0.76539      0.22202        0.232   1000
731220       2  102013823  102091165    137      12  351827     0.050556      0.47984        0.469   1000
9448         2  102314165  102511152      6       2  351827      0.97377      0.16509         0.17   1000
9173         2  102927962  102968497      1       1  351827     -0.77327      0.78032        0.772   1000
8809         2  102979093  103015230    265       8  351827     -0.33866      0.63257        0.633   1000
84804        2  103331089  103353341     50       3  351827      0.65628      0.25582         0.26   1000
64965        2  105654483  105716418    379      13  351827       1.0361      0.15009        0.145   1000
9392         2  105865861  105946148     22       1  351827     -0.56277       0.7132        0.728   1000
2274         2  105977272  106055230      4       1  351827     -0.65952      0.74522        0.747   1000
8440         2  106361520  106510730      7       1  351827     -0.61878      0.73197        0.706   1000
84417        2  106682113  106694611    154      10  351827      0.98702      0.16182        0.172   1000
60482        2  108602979  108630663      3       1  351827     -0.87623      0.80955        0.813   1000
6819         2  108905095  108926371    237      10  351827     -0.41191       0.6598        0.636   1000
27233        2  108994413  109004296     88       6  351827     -0.99151      0.83928        0.826   1000
9648         2  109065577  109125854    690      17  351827       1.5434     0.061364        0.059   1000
3987         2  109150811  109303702      5       1  351827    -0.015654      0.50624        0.504   1000
151011       2  110300372  110371783    240      15  351827      0.36077      0.35914        0.342   1000
65124        2  110371911  110376564     54       2  351827      0.09926      0.46047        0.473   1000
4867         2  110880913  110962639      6       1  351827      0.28173      0.38908        0.378   1000
64682        2  112525214  112641765      1       1  351827       1.2098      0.11318        0.117   1000
10461        2  112656056  112797293    217      17  351827     -0.47639       0.6831        0.663   1000
84910        2  112812800  112876895    253       9  351827     -0.15412      0.56124         0.54   1000
129804       2  112895962  112945793    230      17  351827       0.9349      0.17492        0.179   1000
84524        2  112973439  113012664     60       2  351827     -0.61375      0.73031        0.721   1000
376940       2  113033178  113097640     11       2  351827     -0.92825      0.82336        0.841   1000
727851       2  113125946  113191222    462      23  351827      0.14122      0.44385        0.437   1000
150465       2  113239743  113290223      2       1  351827      0.07267      0.47103        0.482   1000
84172        2  113298676  113334727    148      15  351827      0.81033      0.20887        0.194   1000
84269        2  113342023  113346617     48       2  351827       0.6103      0.27083        0.289   1000
6574         2  113403434  113421402     42       2  351827     -0.18815      0.57462        0.595   1000
3557         2  113868693  113891593      7       1  351827        1.351     0.088353        0.092   1000
23550        2  113914976  113960677     81      12  351827    -0.047592      0.51898         0.49   1000
7849         2  113973574  114036527    197      15  351827     -0.17899      0.57103        0.552   1000
150472       2  114195268  114253781      5       1  351827      -1.0996      0.86424        0.845   1000
11159        2  114384814  114400975    263      14  351827     -0.46397      0.67866        0.705   1000
80255        2  114471354  114514400    256      12  351827      -0.7892        0.785        0.805   1000
10096        2  114647511  114719131     42       1  351827      0.15559      0.43818         0.43   1000
57628        2  115199899  116603328     39       5  351827      -1.0422      0.85135        0.838   1000
8886         2  118572255  118589953      1       1  351827       1.0502      0.14681         0.13   1000
51141        2  118846033  118867604    133       8  351827    -0.026741      0.51067        0.523   1000
8685         2  119699745  119752236     43       3  351827      0.78526      0.21615        0.218   1000
55240        2  119981384  120023228    193      15  351827      0.26144      0.39688        0.395   1000
130355       2  120059793  120124451     72       4  351827      -1.0487      0.85285        0.849   1000
140738       2  120187501  120196096      3       1  351827      0.72117       0.2354        0.249   1000
6344         2  120197419  120282028     54       2  351827     -0.63888      0.73855        0.743   1000
80775        2  120436743  120439694     46       2  351827      -0.2494      0.59847         0.57   1000
57669        2  120770604  120936697    267       5  351827      0.48912      0.31238        0.309   1000
79134        2  120975047  120980984    131       2  351827      0.37102      0.35531        0.355   1000
5899         2  120997646  121052287     97       2  351827       0.7212      0.23539        0.222   1000
3625         2  121103719  121109383     39       2  351827       0.9107      0.18123        0.176   1000
2736         2  121493441  121750229      3       1  351827      0.65884        0.255        0.237   1000
84365        2  122484521  122494503    218       1  351827     0.059173      0.47641        0.455   1000
2995         2  127413426  127454251     96       9  351827     -0.63607      0.73763        0.744   1000
274          2  127805599  127864903     28       3  351827      0.26944       0.3938        0.418   1000
339761       2  127941412  127977654    169       9  351827     -0.61644       0.7312         0.73   1000
2071         2  128014866  128051752    373      17  351827      -1.4616      0.92807        0.945   1000
10746        2  128056245  128100805    398      17  351827     -0.92272      0.82192        0.829   1000
4648         2  128293378  128395303    316      18  351827      0.23924      0.40546        0.364   1000
55679        2  128395996  128439360     22       3  351827       0.7142      0.23755        0.228   1000
2840         2  128403439  128410213    307      32  351827      0.25307      0.40011        0.489   1000
5433         2  128603840  128615729     25       3  351827      0.98852      0.16145        0.175   1000
83607        2  128619204  128643635     29       3  351827      0.40151      0.34402        0.358   1000
56886        2  128848754  128953251    225       8  351827      -1.8497      0.96782        0.964   1000
9394         2  129023054  129076171     21       1  351827     -0.75202      0.77398        0.775   1000
84084        2  130737235  130740311    109       4  351827      -1.3909      0.91787        0.906   1000
55627        2  130908965  130940323    207       5  351827      0.50697      0.30609        0.277   1000
84317        2  131095814  131100383     54       4  351827      0.24897      0.40169        0.387   1000
92856        2  131100470  131104197     22       1  351827       0.7933       0.2138        0.204   1000
50649        2  131594489  131804826    104       3  351827       1.7453      0.04047        0.039   1000
653784       2  132227298  132250312    329      11  351827       1.6689     0.047566        0.039   1000
90557        2  132285248  132291239     29       3  351827      0.45475      0.32464         0.31   1000
905          2  135676363  135716915    158       6  351827     -0.12537      0.54989        0.587   1000
23518        2  136289036  136482839      4       2  351827     -0.63123      0.73606        0.701   1000
4175         2  136597196  136634047     63       4  351827      0.44151      0.32942        0.339   1000
1615         2  136664252  136743254     97       3  351827       1.1592      0.12319        0.119   1000
80731        2  137639718  138435287    152       4  351827       1.2206      0.11111        0.109   1000
11249        2  139426727  139537811      6       2  351827     -0.81979      0.79383        0.772   1000
8942         2  143506497  143799885     47       2  351827      -1.6123      0.94655        0.945   1000
55843        2  143886899  144525921     64       3  351827       1.0833      0.13935        0.133   1000
79712        2  144702502  145112578     29       1  351827     -0.39954      0.65525        0.672   1000
92           2  148602086  148688396    199       2  351827       1.4508     0.073412        0.078   1000
5000         2  148687966  148779173    287       8  351827       2.1013     0.017807        0.021   1000
130576       2  149894981  150071776     97      12  351827      0.17615      0.43009        0.426   1000
375287       2  152104728  152118389      1       1  351827     -0.12184      0.54849        0.547   1000
9111         2  152126982  152146430     57       3  351827       1.6488     0.049591        0.048   1000
7130         2  152214106  152236562    216       5  351827     -0.11378       0.5453         0.55   1000
55183        2  152266397  152333860    250      15  351827    -0.025059         0.51        0.522   1000
4703         2  152341853  152591001      9       2  351827    -0.041829      0.51668        0.527   1000
10254        2  152973315  153032506    365       9  351827    -0.069221      0.52759        0.506   1000
151188       2  153574407  153617767     11       2  351827     -0.68016       0.7518        0.751   1000
114805       2  154728426  155310489    105       2  351827     -0.48827      0.68732        0.684   1000
3760         2  155555093  155714864     26       1  351827      0.63528      0.26262        0.253   1000
2820         2  157291965  157442915     67       4  351827     -0.53118      0.70235        0.702   1000
57471        2  158175125  158184146      1       1  351827      -1.1585      0.87666        0.867   1000
130399       2  158383279  158485399     27       4  351827      -1.5156      0.93519        0.937   1000
151531       2  158733213  158992666      5       2  351827      0.66276      0.25374        0.247   1000
92196        2  159651829  159672506     27       1  351827     -0.04215      0.51681        0.544   1000
151525       2  160092304  160143304    305      12  351827      -0.9955      0.84025        0.844   1000
9936         2  160625139  160655115    155       3  351827      -2.0078      0.97767        0.983   1000
4065         2  160659866  160761267   1330      41  351827     -0.75896      0.77606        0.759   1000
22925        2  160788523  160919126     66      12  351827      -0.3547      0.63859        0.627   1000
3694         2  160956182  161110349    359      18  351827      0.32255      0.37352        0.333   1000
2191         2  163027194  163100045    143       2  351827      -1.0291      0.84827        0.853   1000
55137        2  164461447  164592618     11       3  351827       1.7021     0.044369        0.043   1000
2888         2  165349323  165478360     30       3  351827     -0.66908      0.74828        0.737   1000
22837        2  165536695  165698678     45       3  351827       1.8201      0.03437        0.034   1000
151258       2  165754709  165812035     89       5  351827      -1.0611      0.85568        0.843   1000
6326         2  165986659  166248820    188       8  351827       2.2879     0.011073        0.016   1000
80034        2  166326157  166545917      3       1  351827     -0.37187        0.645        0.618   1000
2591         2  166604313  166650803    193      17  351827      0.74079      0.22941        0.233   1000
79809        2  166729872  166810348     29       3  351827      0.65097      0.25753        0.255   1000
6335         2  167051695  167232497      4       1  351827      0.20922      0.41714        0.429   1000
6332         2  167260083  167343481     18       2  351827      0.43904      0.33031         0.34   1000
115677       2  169643049  169721849     85       8  351827       1.2154      0.11212        0.107   1000
57405        2  169727401  169747277    163      15  351827       0.9295      0.17632        0.163   1000
57818        2  169757750  169766510    239      22  351827       1.2167      0.11186          0.1   1000
8647         2  169779336  169887833      4       1  351827      0.07435      0.47037        0.466   1000
79675        2  170386259  170430431    236      14  351827       1.4437     0.074409        0.086   1000
493911       2  170550946  170558218    370       8  351827       1.6626     0.048197        0.051   1000
6741         2  170655322  170668574     22       1  351827      -1.3944      0.91841        0.918   1000
29081        2  170668267  170681439     10       2  351827      -0.6726       0.7494         0.77   1000
2571         2  171673200  171717661    137       6  351827      0.55224      0.29039        0.282   1000
79901        2  172378757  172414643    321      24  351827      0.33876       0.3674        0.385   1000
8604         2  172639915  172750816    162       5  351827       1.6983     0.044728        0.046   1000
254042       2  172864804  172947158     60       4  351827      0.12431      0.45053        0.431   1000
3655         2  173291954  173371181      9       3  351827      -1.9368      0.97361        0.979   1000
11069        2  173600525  173917621     74       3  351827     -0.94251      0.82703        0.823   1000
51776        2  173940440  174132737     10       2  351827      0.29979      0.38217        0.379   1000
6670         2  174771187  174830430     23       2  351827      0.20583      0.41846        0.397   1000
79634        2  175260457  175294303     10       2  351827      0.52535      0.29967        0.313   1000
7456         2  175424302  175547667    115       7  351827     -0.67154      0.74906        0.747   1000
1123         2  175664042  175870671    118       3  351827      0.50353       0.3073        0.343   1000
1386         2  175936978  176032934      1       1  351827      0.23939       0.4054        0.439   1000
518          2  176040986  176046490    276       7  351827    -0.097558      0.53886        0.555   1000
80856        2  176790410  176867018    157       9  351827      0.52381      0.30021        0.312   1000
3236         2  176981492  176984670     24       2  351827       1.3011     0.096619        0.098   1000
3235         2  176987413  176989645     69       4  351827       1.8593     0.031495         0.03   1000
3234         2  176994422  176997423     62       3  351827       1.4291     0.076494        0.081   1000
3232         2  177001669  177043737     67       6  351827      0.93349      0.17528        0.199   1000
3233         2  177015122  177017951     45       3  351827       1.3043     0.096062        0.098   1000
3231         2  177053307  177055635     41       6  351827       0.5288      0.29847        0.306   1000
4780         2  178095031  178129859      1       1  351827      0.24422      0.40353        0.432   1000
8540         2  178257471  178408564    251       8  351827       2.0165     0.021872        0.024   1000
92104        2  178479026  178483694     25       1  351827       1.1824      0.11852        0.124   1000
51661        2  179328391  179343646    120       8  351827      0.39729      0.34558        0.323   1000
151126       2  180306709  180726232     10       1  351827      0.18454      0.42679        0.426   1000
57703        2  180809603  180872024    107       3  351827     -0.37114      0.64473        0.647   1000
10477        2  181845112  181928154    403      10  351827       0.2802      0.38966        0.374   1000
3676         2  182321619  182402474      5       1  351827      -1.3903      0.91778        0.918   1000
151242       2  182818968  182996109     52       5  351827     -0.09253      0.53686        0.524   1000
2487         2  183698002  183731498    191       5  351827    -0.071335      0.52843        0.531   1000
10787        2  183789579  183903586    177       6  351827      -1.4544      0.92708        0.922   1000
142679       2  183943287  183964736    184       5  351827      -0.8009      0.78841        0.785   1000
129401       2  183982247  184026408    193      12  351827      -1.2398      0.89247        0.902   1000
401024       2  186603355  186698016    330      13  351827      0.25159      0.40068        0.414   1000
3685         2  187454058  187545629    122       8  351827       1.2321      0.10895          0.1   1000
165215       2  187558789  187630686    107       7  351827     -0.16058      0.56379        0.568   1000
151112       2  187692207  187713897     90       2  351827       1.1183      0.13173        0.131   1000
10203        2  188206690  188313021     20       2  351827        1.884     0.029784        0.025   1000
84128        2  190306159  190340287    402       3  351827     -0.96683      0.83319        0.837   1000
30061        2  190425316  190448478     36       3  351827      0.23936      0.40541        0.388   1000
54529        2  190526125  190535557     78       2  351827     0.086351      0.46559        0.433   1000
94101        2  190634993  190649097    256       6  351827     -0.14663      0.55829        0.566   1000
5378         2  190648710  190742355    129       3  351827      0.27901      0.39012        0.377   1000
84281        2  190744282  191068210     47       7  351827      -1.0721      0.85817        0.866   1000
26275        2  191069355  191184771    551      14  351827       1.0379      0.14965        0.132   1000
3628         2  191208196  191236391    328       6  351827        1.281      0.10009        0.106   1000
54842        2  191273081  191367041    277       9  351827      0.94727      0.17175        0.148   1000
100131211    2  191371619  191399468    318      12  351827      0.20913      0.41717          0.4   1000
4664         2  191513621  191557492     32       3  351827      0.36398      0.35794        0.356   1000
2744         2  191745547  191830278    241      10  351827     -0.22396       0.5886        0.581   1000
6775         2  191894302  192037404    194       3  351827       2.7102     0.003362       0.0044   5000
23671        2  192770615  193059645     69       2  351827    -0.080504      0.53208         0.53   1000
57181        2  196477798  196602426    553      11  351827    -0.021519      0.50858        0.472   1000
56171        2  196602427  196933536    370       8  351827    -0.032877      0.51311        0.487   1000
9262         2  196998307  197036336     65       3  351827    -0.057595      0.52296        0.496   1000
284992       2  197504278  197597530      9       1  351827      -0.6822      0.75244        0.731   1000
9330         2  197627756  197664492      1       1  351827     -0.85543      0.80384        0.808   1000
401027       2  197669139  197675000     79       4  351827      -0.7471       0.7725        0.769   1000
80055        2  197697728  197791454     17       1  351827     -0.79021       0.7853        0.784   1000
91526        2  197831741  198175521     21       3  351827     -0.68289      0.75266        0.751   1000
130132       2  198435524  198540774    305       5  351827     -0.23555      0.59311         0.58   1000
129450       2  200793634  200820459    150       6  351827      -1.1085      0.86619        0.857   1000
79568        2  200820040  200828848     60       3  351827      -1.3194      0.90649        0.901   1000
26010        2  201170604  201346986      3       1  351827       1.2788      0.10048        0.103   1000
53938        2  201735630  201754048    710      28  351827       -1.376      0.91559        0.914   1000
4709         2  201936462  201950473      9       2  351827      -1.3204      0.90664        0.906   1000
841          2  202098166  202152434    528      24  351827      0.14519      0.44228        0.498   1000
130540       2  202153147  202222101    219       8  351827      -2.0436       0.9795        0.984   1000
57679        2  202564986  202645895    170       7  351827      0.94577      0.17213        0.158   1000
8324         2  202899310  202903160    119       9  351827      0.97824      0.16398        0.163   1000
659          2  203241033  203432474      2       1  351827      0.37603      0.35345        0.342   1000
150864       2  203499901  203634480     54       2  351827       0.1443      0.44263         0.44   1000
79800        2  203776978  203851060    287       3  351827       2.0422     0.020565        0.021   1000
65065        2  203879597  204091101    351       7  351827       1.9921     0.023179        0.024   1000
10152        2  204192597  204296892      3       1  351827      0.51768      0.30234        0.292   1000
4719         2  206987803  207024243    109       4  351827       1.5307     0.062923        0.069   1000
2825         2  207040040  207082771     10       3  351827     -0.32211      0.62632        0.635   1000
57683        2  207139523  207179162      5       1  351827      0.95577      0.16959        0.172   1000
8745         2  207308268  207485854     10       3  351827      0.38458      0.35027         0.33   1000
130752       2  207602487  207630268     73       2  351827       1.3259     0.092431        0.087   1000
22868        2  207630112  207660913      2       1  351827     -0.92993       0.8238        0.815   1000
130749       2  207804278  207834198     62       4  351827       1.4881     0.068359        0.064   1000
151194       2  208473839  208490652     85       1  351827       3.1128   0.00092672        0.001  10000
200576       2  209130990  209223475    271       6  351827     -0.81996      0.79388        0.788   1000
5746         2  209224569  209359231     15       1  351827     0.041873       0.4833          0.5   1000
4133         2  210288733  210598842     41       2  351827     -0.98928      0.83874        0.841   1000
10314        2  211295973  211342347     94       3  351827      0.32135      0.37397        0.398   1000
1373         2  211342406  211543831    212       8  351827        0.408      0.34164        0.366   1000
2066         2  212240442  213403879     31       2  351827     -0.54065      0.70562        0.685   1000
79582        2  214149103  215275225    232       1  351827       2.6483    0.0040448       0.0058   5000
580          2  215590370  215674428    291      13  351827     -0.62905      0.73534        0.743   1000
471          2  216176679  216214496    127      11  351827        1.274      0.10134        0.099   1000
55825        2  216903111  216946539     48       2  351827      -1.4232      0.92266        0.909   1000
7520         2  216972381  217071016     64       7  351827     -0.31209      0.62251        0.641   1000
50485        2  217277137  217347776    146       6  351827        1.412     0.078976         0.09   1000
285180       2  218899657  218955304     24       1  351827        0.839      0.20073        0.208   1000
10109        2  219081817  219119071     95       3  351827     -0.55279       0.7098        0.695   1000
14           2  219128852  219134893    109       2  351827      0.24165      0.40452        0.394   1000
25953        2  219135115  219211516    131       3  351827      0.37238      0.35481        0.343   1000
64114        2  219138917  219157280    209       5  351827    -0.029599      0.51181        0.504   1000
6556         2  219246752  219261617     14       2  351827      -1.8281      0.96623        0.969   1000
58190        2  219263061  219270664      3       1  351827      0.27756      0.39067        0.389   1000
57695        2  219314974  219433084    399       3  351827       3.3662   0.00038107       0.0005  10000
7701         2  219502639  219524355    327       6  351827       3.2576   0.00056172       0.0006  10000
7475         2  219724546  219738954     13       3  351827     0.055451      0.47789         0.51   1000
3549         2  219919142  219925238     28       1  351827      0.30058      0.38187        0.409   1000
151295       2  220026181  220035549    129       7  351827      0.71367      0.23772         0.22   1000
79411        2  220101331  220110155     81       7  351827        1.476     0.069966        0.065   1000
8576         2  220110192  220115059      1       1  351827      -2.9024      0.99815        0.997   1000
23549        2  220238180  220264730     54       4  351827      0.22464      0.41113        0.428   1000
29926        2  220363587  220371718     12       2  351827      0.04463       0.4822        0.481   1000
6508         2  220492292  220506702      1       1  351827     -0.75055      0.77354        0.762   1000
130340       2  224616403  224702319      1       1  351827      -0.9481      0.82846        0.816   1000
65080        2  224822121  224832431     38       3  351827     -0.14771      0.55871        0.528   1000
79843        2  225243415  225266711     64       3  351827      0.12597      0.44988        0.475   1000
8452         2  225334867  225450114      2       1  351827      0.70796      0.23948        0.267   1000
3667         2  227596033  227664545    117       3  351827     -0.60193      0.72639         0.72   1000
84236        2  227700652  227863926      6       1  351827        1.495     0.067452        0.064   1000
1286         2  227867427  228029275    137       1  351827      0.79673       0.2128        0.224   1000
56947        2  228189867  228222552     99       5  351827     -0.71187      0.76173        0.755   1000
80704        2  228549926  228582814      2       1  351827        0.719      0.23607        0.239   1000
164781       2  228736325  228789131     11       2  351827      -1.3586      0.91286        0.902   1000
130888       2  230787023  230877825     79       5  351827     -0.11513      0.54583        0.552   1000
3431         2  231033634  231090444    128       6  351827      -1.0034      0.84217        0.847   1000
11262        2  231090445  231177930     51       1  351827     -0.38506       0.6499        0.634   1000
93349        2  231191894  231268445    181      10  351827     -0.36352      0.64189        0.633   1000
81618        2  231729546  231743963      3       1  351827     -0.26791      0.60562        0.586   1000
257407       2  231902281  231914429    274       9  351827     -0.14035      0.55581        0.566   1000
3357         2  231972944  231989926    108       3  351827     0.045475      0.48186        0.495   1000
80210        2  232063294  232238606      4       1  351827     -0.90659      0.81769        0.824   1000
93010        2  232260335  232265875      9       2  351827       1.2893     0.098643        0.081   1000
4691         2  232319459  232329208      2       1  351827      0.11496      0.45424        0.433   1000
10316        2  232387871  232395182    167      12  351827       1.2353      0.10835        0.102   1000
5757         2  232573235  232578251      4       1  351827     -0.20705      0.58202        0.564   1000
200765       2  233412779  233415226     29       3  351827      0.11293      0.45504        0.447   1000
25791        2  233743396  233877951     51       4  351827       0.2696      0.39373        0.423   1000
55054        2  234160217  234204320     12       2  351827       0.2632       0.3962        0.411   1000
55230        2  234384165  234475433     53       6  351827     -0.29489      0.61596        0.608   1000
55355        2  234745486  234763212      2       1  351827       1.3741     0.084698         0.08   1000
79781        2  237232790  237416178      2       1  351827     -0.20778       0.5823        0.598   1000
57007        2  237469424  237491001     17       2  351827      -2.1664      0.98486        0.979   1000
1293         2  238232655  238322850      1       1  351827       -1.151      0.87513        0.861   1000
64284        2  238482965  238499769     65       3  351827       1.2276       0.1098        0.091   1000
9208         2  238536224  238690290     11       2  351827      0.68183      0.24767        0.251   1000
375316       2  238707032  238751451    160       8  351827    -0.091393      0.53641        0.537   1000
140739       2  238875587  238951423     76       3  351827     -0.50822      0.69435        0.697   1000
339768       2  239008951  239041928    343      12  351827       1.3343      0.09105        0.074   1000
377007       2  239047310  239061547     49       9  351827     -0.48946      0.68774        0.681   1000
80895        2  239079043  239112343      1       1  351827      0.64534      0.25935        0.231   1000
26146        2  239229185  239309541     35       3  351827      -1.3667      0.91413        0.924   1000
4705         2  240896789  240964819    222      15  351827     -0.85824      0.80462        0.808   1000
51281        2  241418839  241500472      5       1  351827     -0.40376      0.65681        0.661   1000
285193       2  241499471  241503431     11       1  351827       0.5307      0.29781        0.281   1000
11132        2  241526133  241538526     53       3  351827     -0.38549      0.65006        0.634   1000
2859         2  241544825  241570676     59       6  351827      0.18724      0.42573        0.441   1000
547          2  241653181  241759725      1       1  351827      0.30224      0.38123        0.364   1000
728763       2  241872287  241905525     55       2  351827     -0.78028      0.78239        0.781   1000
130916       2  242026509  242041747     75       5  351827      -1.8903      0.97064        0.967   1000
23178        2  242045514  242089394    128       7  351827      -1.0067      0.84295        0.832   1000
50636        2  242127924  242164791    285      14  351827      -0.6753      0.75026        0.735   1000
3069         2  242166682  242255116    277      11  351827      -1.0035      0.84219        0.831   1000
4735         2  242254723  242293442    251      16  351827      -1.1988      0.88469        0.864   1000
9855         2  242295664  242434256    151      10  351827     -0.36817      0.64363        0.638   1000
666          2  242498146  242513553     73      12  351827     -0.61231      0.72983        0.738   1000
23192        2  242576775  242613272    113       7  351827      0.50204      0.30782        0.313   1000
1841         2  242615157  242626383     65       6  351827      0.33227      0.36984        0.371   1000
84289        2  242641456  242668896     82       4  351827    -0.072338      0.52883        0.529   1000
728294       2  242674030  242708231    130      13  351827     -0.98864      0.83858        0.842   1000
64090        2  242716240  242743702     23       5  351827      -1.4641      0.92842        0.926   1000
129807       2  242749920  242758742     35       7  351827     -0.27836      0.60963        0.621   1000
5133         2  242792033  242801058     40       8  351827     -0.83929      0.79935        0.806   1000
285093       2  242811886  242815482     19       4  351827     -0.69417      0.75621        0.748   1000
285095       2  242836139  242844774     95       3  351827      -1.4117      0.92099        0.934   1000
10752        3     238279     451100    147       9  351827       1.3757     0.084456        0.076   1000
27255        3    1134342    1445278     18       1  351827     -0.26414      0.60416        0.616   1000
152330       3    2140550    3099645      2       1  351827     -0.34232      0.63395        0.621   1000
51095        3    3168600    3190919    121      11  351827       0.5902      0.27753        0.303   1000
51185        3    3191317    3221401     46       3  351827      0.11311      0.45497         0.44   1000
285362       3    4402829    4508966    104      11  351827      0.72831      0.23321        0.212   1000
9695         3    5229359    5261650      8       2  351827    -0.037526      0.51497        0.535   1000
2917         3    6902802    7783218     13       1  351827     -0.13416      0.55336        0.533   1000
29995        3    8543493    8609811     15       1  351827      0.29307      0.38474        0.352   1000
859          3    8775486    8788451      6       2  351827      -1.3202      0.90662        0.907   1000
56852        3    8918880    9005159     71       7  351827      -1.7249      0.95772        0.953   1000
9901         3    9022275    9291369     96       8  351827       1.3556     0.087621        0.083   1000
25917        3    9404660    9428475    123      10  351827      0.20907       0.4172        0.404   1000
151835       3    9745510    9771592      7       2  351827     -0.92415       0.8223        0.838   1000
4968         3    9791628    9829468      2       1  351827        1.325     0.092579         0.08   1000
10474        3    9821648    9834695      6       1  351827      0.49636      0.30982        0.339   1000
285367       3    9879533    9885702     13       3  351827     -0.34981      0.63676         0.65   1000
84522        3    9932271    9936033      2       1  351827      0.03624      0.48555        0.478   1000
84818        3    9958758    9975305     72       4  351827      0.28323       0.3885        0.362   1000
78987        3    9975478    9987097     69       6  351827      0.44418      0.32846        0.312   1000
2177         3   10068113   10143614      2       1  351827      -2.2644      0.98823        0.983   1000
55845        3   10157333   10168874    355       3  351827       3.1086   0.00093977       0.0012  10000
51738        3   10327434   10334631    170      12  351827     -0.78752      0.78451        0.782   1000
6529         3   11034420   11080935     49       5  351827     -0.97072      0.83416        0.832   1000
10533        3   11314010   11599139    279       7  351827       2.3568    0.0092158        0.016   1000
132001       3   11831916   11888393    103      10  351827     -0.62129      0.73279        0.735   1000
6854         3   12182150   12233532    291       8  351827       2.0338     0.020988        0.017   1000
7079         3   12194568   12200851    153       7  351827       1.6693     0.047529        0.051   1000
80746        3   12517748   12580672     47       2  351827      0.42444      0.33562        0.288   1000
23609        3   12598513   12625212    255       9  351827       0.8458      0.19883        0.185   1000
5894         3   12625100   12705700     77       3  351827     -0.65463      0.74365        0.718   1000
23066        3   12838171   12876313     53       4  351827       1.4274     0.076732        0.072   1000
23225        3   13357730   13461819     64       5  351827      -1.0965      0.86356        0.852   1000
2199         3   13573824   13679922     13       4  351827     -0.76334      0.77737        0.764   1000
131474       3   14153577   14166371      8       2  351827      -0.7226      0.76504        0.768   1000
7508         3   14186647   14220172     29       3  351827     0.097381      0.46121        0.472   1000
6533         3   14444076   14530857      9       1  351827     0.097534      0.46115        0.478   1000
80852        3   14530396   14583588    119      10  351827      -1.4165      0.92169        0.921   1000
51244        3   14693253   14714166      4       1  351827      -2.0057      0.97755        0.978   1000
7182         3   14989091   15090780     73       3  351827     -0.55983       0.7122        0.715   1000
64145        3   15111580   15140662      1       1  351827      -1.4078       0.9204        0.913   1000
131965       3   15422782   15469054     12       1  351827      -1.4845      0.93116         0.93   1000
8292         3   15491640   15563277      7       1  351827      -1.2646        0.897        0.896   1000
23243        3   15708743   15901053      1       1  351827        1.217       0.1118        0.101   1000
117248       3   16216086   16286033     66       3  351827     -0.59247      0.72323        0.723   1000
285381       3   16298568   16306496     16       1  351827     0.048237      0.48076        0.454   1000
92106        3   16306667   16379000     61       3  351827     -0.86653       0.8069        0.807   1000
151651       3   19920964   19977820    567      18  351827     -0.51283      0.69597        0.682   1000
151649       3   20021453   20053765     11       2  351827        -1.02      0.84613        0.855   1000
151648       3   20202085   20227724      9       1  351827      0.18614      0.42617        0.427   1000
9975         3   23986751   24022109      7       1  351827      0.73538      0.23106        0.222   1000
7155         3   25639396   25706396      9       2  351827      0.70778      0.23954        0.259   1000
54995        3   25831563   25836025     83       2  351827     -0.14706      0.55846        0.535   1000
9497         3   27414212   27525911     72       1  351827      0.88472      0.18815        0.197   1000
201595       3   31574130   31677556      3       1  351827      -1.4807      0.93066        0.928   1000
23171        3   32148003   32210207    109       5  351827      -1.1134      0.86724        0.861   1000
112616       3   32433163   32496333     28       1  351827       1.0538      0.14599        0.151   1000
10491        3   33155450   33189265     79       5  351827      -1.9174      0.97241        0.978   1000
26032        3   33191537   33260707      8       2  351827     -0.41345      0.66036        0.668   1000
10015        3   33840063   33911199    140       3  351827      0.45241      0.32549        0.329   1000
6769         3   36421842   36589499     11       3  351827     -0.67771      0.75102        0.733   1000
85443        3   36753913   36781352     38       4  351827      0.91098      0.18115        0.184   1000
9881         3   36868308   36986548     35       2  351827    -0.098265      0.53914        0.579   1000
9852         3   37027357   37034795      4       1  351827        0.097      0.46136        0.495   1000
4292         3   37034841   37092337     23       3  351827     -0.27556      0.60856        0.605   1000
9209         3   37094117   37217992    153       3  351827     0.014453      0.49423        0.512   1000
339883       3   37426477   37476988     13       2  351827      -0.2102      0.58324        0.593   1000
10217        3   37903669   38025960     57       4  351827     -0.38532         0.65        0.651   1000
50853        3   38032217   38048676      9       2  351827       1.6649     0.047963        0.046   1000
5333         3   38048987   38071154     46       3  351827     -0.64923       0.7419        0.756   1000
9940         3   38080497   38164228     88       6  351827      0.57559      0.28245        0.279   1000
30           3   38164201   38178733    133       2  351827       1.7628     0.038966         0.04   1000
4615         3   38179969   38184513      1       1  351827      -1.3858       0.9171        0.903   1000
9942         3   38388251   38456467      6       1  351827     -0.89376      0.81428        0.838   1000
9941         3   38537763   38583721     73       2  351827      -1.0319      0.84895        0.865   1000
11280        3   38887260   38995136    134       8  351827      -1.2425      0.89297        0.903   1000
57599        3   39093477   39138155    222       8  351827      0.48465      0.31396        0.307   1000
64689        3   39138090   39149854     14       4  351827      0.65877      0.25502        0.244   1000
199223       3   39149152   39180394    142       4  351827     -0.56499      0.71396        0.714   1000
1524         3   39304985   39323226    239       7  351827      0.22355      0.41155        0.422   1000
3921         3   39448204   39454033    358      17  351827    -0.098151      0.53909        0.498   1000
956          3   40428647   40470110     36       2  351827       1.4107     0.079171        0.065   1000
9045         3   40498783   40503863    177       4  351827     -0.84245      0.80023        0.824   1000
285267       3   40518604   40531728     55       3  351827      -1.0929      0.86277         0.87   1000
285268       3   40566376   40581043      2       1  351827     -0.83679      0.79864        0.791   1000
1499         3   41236401   41281939     17       2  351827     -0.24547      0.59695        0.601   1000
54986        3   41288090   42056080    694       6  351827      -1.5033      0.93362        0.973   1000
22906        3   42055294   42267382      2       1  351827     -0.38118      0.64847         0.65   1000
7433         3   42530791   42579065     31       3  351827     -0.68763      0.75416        0.749   1000
9117         3   42589459   42642572     86       4  351827     -0.59134      0.72286        0.732   1000
51188        3   42623332   42636490    151       8  351827     -0.79792      0.78754        0.799   1000
4820         3   42642147   42690233    256      15  351827     -0.87184      0.80835        0.838   1000
92999        3   42695176   42709072      4       1  351827      0.46834      0.31977         0.32   1000
57467        3   42734155   42744319     17       1  351827     -0.65894      0.74503        0.757   1000
152206       3   42749764   42814745     84       5  351827      0.42205      0.33649        0.355   1000
25994        3   42824400   42846027     16       2  351827       1.8342      0.03331        0.031   1000
1582         3   42913684   42917633     42       2  351827      0.29035      0.38577        0.376   1000
100506243    3   42977834   42984284     17       1  351827      0.72589      0.23395        0.232   1000
84892        3   43120721   43147575    102       8  351827       1.8517     0.032034        0.035   1000
285343       3   44379574   44450940    381      12  351827      0.83187      0.20274        0.216   1000
285346       3   44539924   44552222     25       3  351827       2.2023     0.013823        0.012   1000
55888        3   44596667   44624975     62       2  351827       1.3899     0.082285        0.077   1000
285349       3   44626456   44641186    628      18  351827       1.0227      0.15323        0.159   1000
10168        3   44666511   44689963    320       8  351827       1.6278     0.051783        0.048   1000
91392        3   44754135   44765323    448      11  351827       1.6312     0.051428        0.055   1000
115560       3   44771098   44778575     62       4  351827       1.3606      0.08682        0.083   1000
57456        3   44790236   44803173    654      20  351827       1.1032      0.13498        0.129   1000
131616       3   44903408   44907156      5       2  351827       2.2176     0.013292        0.011   1000
7047         3   44916098   44956093      2       1  351827     -0.22493      0.58898         0.59   1000
23016        3   45017741   45054160      7       2  351827      0.59486      0.27597        0.283   1000
7123         3   45067759   45077563     40       2  351827     -0.73954      0.77021        0.792   1000
64866        3   45123766   45187914     41       4  351827      0.35876      0.35989        0.373   1000
25907        3   45265956   45267814     14       2  351827      0.43705      0.33104        0.313   1000
23395        3   45430053   45590334    266      12  351827     -0.21908      0.58671        0.565   1000
8994         3   45636323   45722755    101       7  351827      -1.3221      0.90693        0.928   1000
22908        3   45730754   45786901     61       1  351827     -0.50465       0.6931        0.661   1000
79443        3   45959391   46037316    316      14  351827      0.68272      0.24739        0.226   1000
1232         3   46283872   46308197      5       2  351827     -0.72565      0.76597        0.765   1000
729230       3   46395235   46402413    284       5  351827     -0.78723      0.78443        0.823   1000
4057         3   46477496   46506598      1       1  351827      -2.5674      0.99488        0.995   1000
79442        3   46556875   46621589     47       5  351827     -0.56328      0.71338        0.691   1000
6997         3   46616045   46623953    173      22  351827      -1.5768      0.94258         0.94   1000
259173       3   46710485   46735194     34       4  351827       0.6103      0.27083        0.267   1000
377047       3   46783581   46790143    336      17  351827      0.90406      0.18298        0.173   1000
5745         3   46919236   46945289    279      11  351827       1.4846     0.068819        0.087   1000
23218        3   47021173   47051194    243       2  351827       1.2218       0.1109        0.128   1000
29072        3   47057898   47205467     39       2  351827        1.093       0.1372        0.145   1000
64147        3   47269516   47324337      3       1  351827      0.70945      0.23902        0.255   1000
22937        3   47455184   47517603     21       2  351827      -1.2717      0.89826        0.898   1000
54859        3   47537130   47555199     34       1  351827       1.1837      0.11826        0.132   1000
6599         3   47627378   47823405      2       1  351827       1.1827      0.11846        0.119   1000
4134         3   47892180   48130769     13       1  351827     -0.22549       0.5892        0.559   1000
993          3   48198668   48230153    577       7  351827       1.2947     0.097708        0.083   1000
51385        3   48282596   48312480    698      12  351827       1.1372      0.12774        0.102   1000
10201        3   48335485   48343719    633       9  351827       1.1744      0.12012        0.097   1000
84126        3   48488114   48509044     57       5  351827      0.21663      0.41425        0.424   1000
11277        3   48506919   48509044    608      17  351827      0.93456      0.17501        0.157   1000
51246        3   48509197   48542259     81       1  351827      -1.2305      0.89074        0.889   1000
51517        3   48700419   48723366    670      12  351827      0.37079       0.3554        0.326   1000
51447        3   48725436   48754711    111       6  351827     0.092106      0.46331        0.445   1000
5576         3   48784017   48885270     63       2  351827      0.24884      0.40174        0.387   1000
10425        3   48956265   49022974    140       2  351827     -0.80004      0.78816         0.78   1000
54681        3   49027304   49044582    352       5  351827     -0.44697      0.67255        0.668   1000
11180        3   49044637   49053386    829      15  351827      0.46374      0.32142        0.293   1000
55152        3   49052832   49058504    291       4  351827     -0.30795      0.62094        0.616   1000
54870        3   49067140   49131504    430       7  351827     0.014532       0.4942        0.464   1000
3913         3   49158547   49170599     39       6  351827      0.20706      0.41798        0.413   1000
339834       3   49235861   49295636    729      14  351827      0.39135      0.34777        0.318   1000
375341       3   49306030   49314864     62       3  351827     0.039931      0.48407        0.473   1000
7375         3   49314577   49377536      5       1  351827      0.15074      0.44009        0.423   1000
2876         3   49394609   49395791     54       3  351827      0.21891      0.41336        0.401   1000
387          3   49396569   49449526      1       1  351827      0.92868      0.17653        0.174   1000
275          3   49454211   49460111   1028      19  351827      0.20382      0.41925        0.372   1000
84276        3   49459766   49466777    692      15  351827      0.40076       0.3443        0.313   1000
327          3   49711427   49720936    244       9  351827      0.71966      0.23587         0.24   1000
4485         3   49721380   49726196    207       9  351827      0.91003       0.1814        0.191   1000
63891        3   49726950   49758962    648      14  351827      0.51179       0.3044          0.3   1000
29925        3   49758909   49761407    898      19  351827      0.71252      0.23807        0.225   1000
9807         3   49761728   49823973     81       2  351827      0.98088      0.16333        0.171   1000
4486         3   49924435   49941311    188       5  351827      0.12373      0.45077        0.451   1000
10180        3   49977474   50114685   1231      29  351827      0.77452      0.21931        0.221   1000
10181        3   50126341   50156397     16       4  351827      -0.5864       0.7212        0.714   1000
6405         3   50192562   50226508    203       7  351827      0.58285         0.28        0.263   1000
8372         3   50330259   50336899    204      22  351827       1.0249       0.1527        0.145   1000
24142        3   50333833   50336852     43       8  351827       0.8901      0.18671        0.186   1000
3373         3   50337320   50349812    146       9  351827      0.95009      0.17103        0.181   1000
11334        3   50362341   50365668      2       1  351827      0.56507      0.28601        0.284   1000
11068        3   50388265   50391500    658      16  351827      0.82033      0.20602        0.196   1000
11070        3   50392180   50396939    125       3  351827      0.86687      0.19301        0.206   1000
9254         3   50400230   50540892     72       2  351827      0.37643       0.3533        0.353   1000
51409        3   50606583   50622422    356       4  351827      0.99577      0.15968        0.162   1000
1795         3   50712672   51421629    109      13  351827      -0.2375      0.59387        0.579   1000
29890        3   51428699   51435339     24       1  351827     0.034374      0.48629        0.481   1000
9730         3   51433298   51534018     18       2  351827     -0.57621      0.71776        0.708   1000
23132        3   51575596   51697634     96      11  351827      -1.5764      0.94254        0.939   1000
51368        3   51705191   51738339    742       6  351827      0.52941      0.29826        0.292   1000
2912         3   51741081   51752629    361       3  351827      0.61833      0.26818        0.259   1000
10039        3   51976297   51982883     23       4  351827      0.32553      0.37239        0.345   1000
84836        3   52002526   52008646     19       2  351827      0.81998      0.20611        0.193   1000
25864        3   52007700   52015216      7       1  351827      0.29783      0.38291        0.404   1000
95           3   52017300   52023218      2       1  351827     -0.22056      0.58728         0.59   1000
6159         3   52027644   52029958     68       9  351827      -1.3208      0.90671        0.888   1000
54106        3   52255096   52260179      1       1  351827      0.57166      0.28378        0.267   1000
132160       3   52279782   52284615     67       2  351827      0.40734      0.34188        0.346   1000
132158       3   52321836   52329272    138       4  351827      0.45243      0.32548        0.313   1000
25981        3   52350335   52434513     97       2  351827      0.46244      0.32188        0.322   1000
51533        3   52444577   52457657      6       3  351827       2.0047     0.022498         0.02   1000
11188        3   52489524   52527088     21       3  351827       1.2773      0.10075        0.093   1000
23166        3   52529354   52558512     26       1  351827      0.59043      0.27745        0.273   1000
64943        3   52558385   52569093    381       5  351827       1.2071       0.1137        0.105   1000
26354        3   52719936   52728513      5       2  351827      0.49282      0.31107        0.275   1000
6787         3   52744796   52804965    343       4  351827        1.133      0.12861         0.12   1000
3700         3   52847006   52864717    638      10  351827       1.3758     0.084448        0.087   1000
375346       3   52870772   52931597    174       4  351827       1.4162     0.078359        0.065   1000
51460        3   52933221   53080089    141       3  351827      -1.3683      0.91439        0.921   1000
91869        3   53122499   53164480    299       9  351827      0.63302      0.26336        0.283   1000
55349        3   53850324   53880420     25       1  351827     -0.53836      0.70483        0.668   1000
55540        3   53880577   53899827     95       3  351827      0.19177      0.42396        0.401   1000
93973        3   53898959   53916229    186      10  351827     -0.32501      0.62741        0.616   1000
26059        3   55542336   56502391      1       1  351827     0.016053       0.4936        0.473   1000
285331       3   56591184   56655864     98      13  351827       2.3641    0.0090371        0.009   5000
23272        3   56654160   56717270    178       5  351827      0.97042      0.16592        0.148   1000
50650        3   56761446   57113336      2       1  351827       1.9123      0.02792        0.025   1000
54756        3   57124010   57204345     31       1  351827      -1.6268      0.94811        0.944   1000
8820         3   57231866   57261656      2       1  351827      -1.0121      0.84425        0.839   1000
142686       3   57302379   57326753     20       1  351827     -0.15766      0.56264        0.561   1000
201626       3   57541882   57640704      3       1  351827     -0.80175      0.78865        0.791   1000
378          3   57557090   57583215     74       1  351827      0.24439      0.40347        0.396   1000
1776         3   58178353   58196730    206       9  351827       0.8868      0.18759        0.198   1000
57406        3   58223233   58280463      4       2  351827     -0.85718      0.80433        0.795   1000
11102        3   58291972   58305920    229      13  351827       0.4567      0.32394        0.342   1000
54899        3   58318617   58411815    625      19  351827       1.5904     0.055874        0.071   1000
5162         3   58413357   58419579    271       7  351827       1.7445     0.040533        0.034   1000
8309         3   58490863   58522929    127       7  351827      -1.4149      0.92146        0.924   1000
11170        3   58549841   58613337     27       4  351827     -0.16269      0.56462        0.595   1000
5793         3   61547243   62280573      7       2  351827      -0.1079      0.54296         0.53   1000
57415        3   62304648   62321888     26       4  351827      -1.4967      0.93277        0.946   1000
8618         3   62384021   62861064    113       2  351827     -0.54087       0.7057        0.718   1000
6314         3   63849785   63989240     22       1  351827     -0.28718      0.61301         0.63   1000
8801         3   67410884   67705038    123      13  351827      0.64813      0.25845        0.273   1000
407738       3   68040734   68594772     91       3  351827       1.6773      0.04674        0.052   1000
7110         3   69068978   69101484     16       1  351827      0.74394      0.22845        0.226   1000
9039         3   69103881   69129524      3       1  351827       -1.372      0.91497        0.907   1000
10550        3   69134090   69155239     63       6  351827      0.30014      0.38204        0.377   1000
56203        3   69156039   69171746     30       5  351827     -0.56828      0.71508        0.693   1000
317649       3   71728440   71803924     23       3  351827      0.48083      0.31532        0.344   1000
55164        3   72798426   72897631      3       1  351827      0.99857        0.159        0.152   1000
727936       3   72937385   73024525    226      14  351827      -1.2609      0.89632        0.908   1000
55096        3   73110810   73112488      9       2  351827     -0.34245      0.63399        0.622   1000
23024        3   73431582   73674072      6       2  351827       1.5936     0.055515        0.061   1000
5067         3   74311719   74663587     17       1  351827      -1.3397      0.90983        0.917   1000
100131827    3   75785868   75834709    113       4  351827      0.16547      0.43429        0.447   1000
6092         3   75955845   77699115     33       1  351827      -2.0814       0.9813        0.979   1000
253559       3   85008133   86123579    718      11  351827      -0.3773      0.64702        0.646   1000
25978        3   87276413   87304698    415      13  351827     -0.70291      0.75894        0.746   1000
3355         3   87841929   88043964    511      11  351827      -1.7317      0.95834        0.972   1000
8545         3   88101100   88199016    520      14  351827     -0.26248      0.60352        0.603   1000
285237       3   88198875   88207115    234       2  351827      -1.1106      0.86664        0.861   1000
415117       3   93733078   93747460    127       6  351827      0.50401      0.30713        0.329   1000
200895       3   93776766   93782233     12       4  351827      0.52731      0.29899        0.319   1000
63899        3   93781855   93845630     64       1  351827     -0.31299      0.62286        0.653   1000
84864        3   97660661   97691295     60       1  351827      0.17008      0.43247        0.442   1000
402135       3   98216525   98217475     16       1  351827      0.98801      0.16157        0.189   1000
84319        3   99536678   99897476    153       5  351827      0.80269      0.21108        0.222   1000
11259        3   99551988   99833349     27       1  351827       1.5617     0.059174         0.05   1000
55773        3   99979661  100044096    109       5  351827       1.4655     0.071398        0.069   1000
56954        3  100053483  100075844     24       4  351827      -1.4523      0.92679        0.941   1000
9868         3  100082303  100120242    107      10  351827      -1.0075      0.84316        0.835   1000
348801       3  100120037  100175170    121      10  351827      0.84595      0.19879        0.189   1000
55076        3  100211463  100296297    194      15  351827      -1.2903      0.90152        0.902   1000
10342        3  100428128  100467811     61       3  351827      -0.0684      0.52727        0.563   1000
57337        3  101043049  101232085    552       6  351827     -0.64619      0.74092        0.766   1000
91775        3  101498029  101547075     29       2  351827     -0.17309      0.56871        0.576   1000
868          3  105374306  105589354    128       4  351827      0.39235       0.3474        0.363   1000
961          3  107761941  107809935     10       1  351827       1.4263     0.076885         0.08   1000
55081        3  107879659  107941417     30       2  351827     -0.28808      0.61336         0.61   1000
57650        3  108268716  108308491     51       4  351827      -0.8789      0.81027        0.803   1000
9666         3  108308337  108413693     26       2  351827       0.9726      0.16538        0.163   1000
25945        3  110790606  110913017     76       4  351827      -2.1164      0.98284        0.978   1000
10225        3  111260926  111384843     33       3  351827      -0.9036       0.8169        0.821   1000
79413        3  111311747  111314182      2       1  351827      -1.2758      0.89898        0.904   1000
257068       3  111393523  111565294      4       1  351827      -0.3711      0.64472        0.639   1000
90102        3  111451327  111695364      1       1  351827      0.16346      0.43508        0.435   1000
257144       3  111839688  111852453      1       1  351827       2.1721     0.014925       0.0144   5000
285335       3  111859752  112013105      1       1  351827      0.70843      0.23934        0.233   1000
55032        3  112280857  112303286    247       8  351827     -0.85098      0.80261        0.818   1000
151887       3  112323407  112359977     21       3  351827      0.60792      0.27162        0.247   1000
131450       3  112641532  112693950     86       4  351827      0.41896      0.33762         0.34   1000
29083        3  112709323  112720221     81       7  351827      -1.2926      0.90193        0.889   1000
25871        3  112721291  112738555     34       4  351827      -1.6516      0.95069        0.951   1000
91653        3  112929850  113006306     42       3  351827      0.69164      0.24458        0.239   1000
55779        3  113005777  113160986    598      13  351827     -0.54831      0.70826         0.69   1000
152185       3  113161565  113234034     27       1  351827       -1.045      0.85199        0.858   1000
80218        3  113435307  113465120      1       1  351827      -1.0208      0.84633        0.862   1000
54762        3  113557671  113666021     55       3  351827     -0.45263      0.67459        0.675   1000
7634         3  113953370  113956425     26       3  351827     -0.13689      0.55444        0.547   1000
201633       3  114012833  114029135      7       2  351827     -0.82993      0.79671        0.804   1000
26137        3  114033348  114866132     36       2  351827     -0.58305      0.72007         0.71   1000
2596         3  115342151  115440334      3       1  351827      -1.1805      0.88111        0.877   1000
4045         3  115521210  116164385     73       2  351827      0.16654      0.43387        0.439   1000
152404       3  118619477  118864915     56       5  351827      -0.9992      0.84115        0.831   1000
8702         3  118930589  118959754     16       1  351827     -0.36415      0.64213        0.635   1000
57514        3  119013220  119138323      8       1  351827       1.7483     0.040205        0.037   1000
56983        3  119187785  119213555    215      21  351827     -0.69457      0.75634        0.754   1000
51300        3  119217324  119243128     79       4  351827      0.17309      0.43129        0.444   1000
941          3  119243140  119278481     87       2  351827       -1.256      0.89545         0.89   1000
141          3  119298280  119308792     41       8  351827      0.49646      0.30978        0.312   1000
64091        3  119360899  119379437     52       4  351827    -0.094718      0.53773        0.566   1000
10063        3  119388372  119396243    174      10  351827      -1.1966      0.88427        0.897   1000
89876        3  119421869  119485949     39       2  351827     -0.40484       0.6572        0.663   1000
165829       3  119884328  120003921    158      10  351827      0.27571      0.39138        0.403   1000
116064       3  120043576  120068186    175      10  351827     0.020361      0.49188        0.501   1000
3059         3  121350246  121379791    227      11  351827      0.79575      0.21309        0.209   1000
9657         3  121488608  121553926    812      24  351827    0.0033251      0.49867        0.502   1000
131076       3  122078436  122102074      3       1  351827      0.29216      0.38508        0.388   1000
26355        3  122103023  122128961    117       5  351827     -0.23321       0.5922        0.601   1000
54554        3  122130700  122134882    162       6  351827     -0.12759      0.55076        0.553   1000
165631       3  122296435  122357894    116       9  351827      0.90616      0.18243        0.166   1000
54625        3  122399672  122449687    275      14  351827      -2.6964       0.9965        0.995   1000
79663        3  122458844  122512666     87       8  351827      -3.2907       0.9995        0.999   1000
54437        3  122628040  122747452     12       1  351827       -1.056      0.85451        0.885   1000
26984        3  122920774  122992983    276       5  351827       0.4237      0.33589        0.322   1000
64770        3  123616152  123680255      2       1  351827     -0.62105      0.73272        0.707   1000
8997         3  123813558  124440036      4       2  351827      -1.0313       0.8488        0.872   1000
7372         3  124449213  124468120     54       6  351827      0.60886      0.27131        0.279   1000
3693         3  124480795  124606500      1       1  351827     -0.80184      0.78868        0.795   1000
57493        3  124684554  124774802      5       1  351827      0.40074      0.34431        0.336   1000
200810       3  125647459  125709383    331      12  351827      0.89339      0.18582        0.193   1000
54946        3  125725200  125820398    387      16  351827       1.5326     0.062693        0.068   1000
79364        3  126156444  126194773    135       9  351827      -1.8906      0.97066         0.97   1000
166012       3  126243131  126262134    238      21  351827       -1.979      0.97609        0.976   1000
114112       3  126325895  126375056    153       8  351827      0.74782      0.22729        0.236   1000
84303        3  126423063  126679263    176      10  351827     -0.75899      0.77607        0.795   1000
5361         3  126707437  126756235    389      15  351827     -0.41072      0.65936        0.677   1000
285311       3  126911974  126917028      1       1  351827      0.52393      0.30017        0.315   1000
131601       3  127291907  127309602    185      17  351827        2.297     0.010808       0.0106   5000
4171         3  127317200  127341279      5       2  351827      -1.1832      0.88163        0.876   1000
50512        3  127348002  127391653      2       1  351827     -0.40585      0.65757        0.667   1000
80325        3  127391781  127399769      4       1  351827      -1.0724      0.85822        0.849   1000
166348       3  127634075  127706514     96       5  351827     0.046477      0.48147        0.488   1000
60678        3  127872302  128127489    291       5  351827      -0.7216      0.76473        0.761   1000
6184         3  128338813  128369719    161       6  351827      0.87729      0.19017        0.192   1000
7879         3  128444975  128533641      9       1  351827      0.76862      0.22106         0.23   1000
28976        3  128598333  128631957    256       7  351827     -0.40876      0.65864        0.658   1000
57501        3  128689779  128719915     17       1  351827      0.16257      0.43543         0.43   1000
79825        3  128720131  128759585     50       3  351827      0.34517      0.36498         0.36   1000
2815         3  128775459  128781254     35       1  351827      0.52787      0.29879        0.282   1000
339122       3  128806412  128840993    121       8  351827     -0.98929      0.83874         0.84   1000
57461        3  128846259  128880409     79       3  351827      -0.2061      0.58164        0.591   1000
56941        3  128997680  129025029     30       2  351827     -0.29627      0.61649        0.626   1000
90288        3  129120164  129147494      4       1  351827       0.3234       0.3732         0.38   1000
55764        3  129158671  129239350    231       7  351827   -0.0021542      0.50086        0.504   1000
23129        3  129274056  129325582      2       1  351827      0.69776      0.24266        0.238   1000
23023        3  129366635  129612419      1       1  351827     0.043666      0.48259        0.451   1000
7200         3  129693236  129696781     10       2  351827     -0.10202      0.54063        0.547   1000
644974       3  129800674  129817233    126      10  351827     -0.84316      0.80043        0.795   1000
131873       3  130236198  130395890     14       3  351827     -0.49461      0.68956         0.68   1000
30849        3  130397778  130465696    169       2  351827      0.50293      0.30751         0.29   1000
28990        3  130732721  130745698    163       2  351827       -0.034      0.51356        0.522   1000
79858        3  130745694  131069309    322       9  351827      0.75942       0.2238        0.228   1000
131034       3  131252413  131759152     31       3  351827      0.61734      0.26851        0.298   1000
23317        3  132136361  132257876    145       7  351827     -0.15761      0.56262        0.537   1000
84129        3  132276982  132378975     52       2  351827       1.4118     0.078998        0.081   1000
27031        3  132399453  132441303    517      20  351827      0.77372      0.21955        0.201   1000
7018         3  133464977  133497850     24       3  351827     -0.99944      0.84121        0.849   1000
51560        3  133543079  133614691     23       3  351827       1.3844     0.083121        0.083   1000
6259         3  133875978  133969586     24       1  351827      0.69011      0.24506        0.256   1000
25847        3  134196546  134204865    405       7  351827     -0.30032      0.61803        0.627   1000
80254        3  134204575  134293855    386       6  351827     -0.21212      0.58399        0.593   1000
339855       3  134318765  134370522     10       1  351827     -0.51667      0.69731        0.708   1000
5523         3  135684515  135866752    313       4  351827       2.8724    0.0020368       0.0032   5000
55167        3  135867760  135915522     12       1  351827       1.0179      0.15437        0.151   1000
5096         3  135969167  136056737    414       8  351827       1.4817     0.069215        0.098   1000
10274        3  136055077  136471245      5       1  351827      -1.0396      0.85075        0.837   1000
53833        3  136676707  136729927    118       2  351827     0.098752      0.46067        0.496   1000
51208        3  137717658  137752494     13       3  351827     -0.19833      0.57861        0.585   1000
199221       3  137780827  137834451     69       3  351827      -1.2491      0.89418        0.895   1000
51146        3  137842560  137851229    210      11  351827    0.0048555      0.49806        0.516   1000
5291         3  138371540  138553780     33       2  351827     -0.28391      0.61176        0.626   1000
56945        3  139062861  139075888     19       1  351827      0.85495      0.19629        0.201   1000
5947         3  139236276  139258671     36       4  351827       1.1759      0.11981        0.125   1000
349565       3  139279022  139396885    201      19  351827       1.4505      0.07346         0.07   1000
64084        3  139654027  140286919     27       2  351827      0.31743      0.37546        0.388   1000
253461       3  141043055  141168634     17       1  351827     -0.99111      0.83918        0.853   1000
9616         3  141457051  141465645     76       2  351827      0.42405      0.33577        0.323   1000
131890       3  141497043  141535892     74       2  351827      0.44401      0.32852         0.32   1000
54464        3  142025449  142166904      7       2  351827     -0.29372      0.61551        0.594   1000
5357         3  142315229  142432506      9       1  351827      0.23595      0.40674         0.42   1000
7220         3  142443266  142526730      1       1  351827       -0.574      0.71702        0.729   1000
26577        3  142536702  142608045     41       4  351827      0.30188      0.38137        0.391   1000
23350        3  142720366  142779567     72       1  351827      0.33182      0.37001        0.374   1000
9435         3  142838618  142842856     92       5  351827      0.85232      0.19702        0.213   1000
205428       3  143690640  143711210     55       2  351827     -0.47534      0.68273        0.679   1000
57088        3  145910122  145968966    102       7  351827       0.8184      0.20656        0.191   1000
5359         3  146232967  146262628     88       4  351827      0.87664      0.19034        0.202   1000
1359         3  148583043  148614874      3       1  351827     -0.39317       0.6529        0.647   1000
2992         3  148709195  148745456     92       3  351827      -0.2944      0.61578        0.624   1000
84343        3  148847371  148891305      2       1  351827        0.751      0.22633          0.2   1000
25937        3  149235022  149421060     15       2  351827     -0.76606      0.77818        0.779   1000
51122        3  149456257  149470287    135       7  351827      -2.0503      0.97983        0.968   1000
5217         3  149682691  149688741     84       4  351827     -0.74863      0.77296        0.776   1000
653659       3  149699448  149701153     16       2  351827      -2.0897      0.98168        0.983   1000
9819         3  150126101  150177906      4       1  351827     -0.87482      0.80916        0.818   1000
83939        3  150264465  150303803     91      11  351827      0.46516      0.32091        0.309   1000
51714        3  150321066  150348234      1       1  351827      0.49236      0.31123        0.305   1000
116931       3  150803452  151154465     21       3  351827      0.22657      0.41038        0.416   1000
9934         3  150929905  150996996     11       1  351827     -0.46778      0.68003         0.65   1000
53829        3  151044096  151047337     31       1  351827     -0.30378      0.61935        0.622   1000
64805        3  151054631  151102600    166      11  351827      0.90866      0.18176        0.173   1000
285313       3  151153778  151179272     42       2  351827     -0.25171      0.59937        0.604   1000
13           3  151531769  151546276    206      22  351827     -0.23584      0.59322        0.598   1000
645843       3  152057487  152058779     35       2  351827      -1.4003      0.91928        0.909   1000
26084        3  153838792  153975616    428       8  351827      -0.3209      0.62586        0.628   1000
170506       3  153993452  154042286    306       5  351827    -0.064046      0.52553         0.49   1000
285315       3  155480401  155524076     51       5  351827      0.66409      0.25332        0.228   1000
9197         3  155544300  155572248    208      10  351827       1.0453      0.14794        0.134   1000
8833         3  155588325  155657150     65       3  351827      -1.0052       0.8426        0.843   1000
25976        3  156392205  156424559     11       2  351827      -1.8429      0.96733        0.966   1000
389170       3  156543069  156763918     42       2  351827       1.0397      0.14923        0.142   1000
79674        3  156977531  157221415    371      14  351827     -0.41207      0.65986        0.642   1000
5806         3  157154580  157161417     40       2  351827      0.68206       0.2476        0.274   1000
6474         3  157813800  157823952    131       4  351827       3.6142   0.00015061       0.0001  10000
51319        3  157823690  158262624    834      12  351827       2.3145     0.010321         0.01   1000
85476        3  158362286  158410361    468      11  351827     -0.29164      0.61472        0.596   1000
56925        3  158384203  158390482     92       5  351827      0.47602      0.31703        0.327   1000
5918         3  158414892  158450642    198       7  351827      0.83302      0.20242         0.21   1000
64747        3  158519051  158547508    260      11  351827       1.2764       0.1009          0.1   1000
29970        3  158991036  159615155     85       9  351827      0.71569      0.23709        0.229   1000
57560        3  159974774  160118028    123       3  351827      -1.1554      0.87604        0.873   1000
10051        3  160117078  160152755     11       3  351827      -2.1923      0.98582        0.985   1000
286827       3  160153291  160167626     75       5  351827     -0.80553      0.78974        0.779   1000
3840         3  160212783  160283376    151       5  351827     -0.58197      0.71971        0.716   1000
8706         3  160801671  160823160     11       1  351827     -0.83126      0.79709        0.809   1000
165679       3  161062580  161090662   1108      15  351827      -1.1295      0.87066        0.887   1000
11235        3  167401692  167452693      3       1  351827      0.19648      0.42212        0.462   1000
5274         3  167453432  167543357     29       4  351827       1.0277      0.15205        0.178   1000
27333        3  167726457  167813712     73       9  351827     -0.50983      0.69491        0.693   1000
55892        3  169490619  169507504      3       1  351827     -0.32408      0.62706        0.611   1000
151827       3  169511216  169530574     86       4  351827      0.30919      0.37859        0.382   1000
26996        3  169755735  169803184     87       3  351827     0.082495      0.46713        0.469   1000
5584         3  169940220  170023770     26       7  351827     -0.07751      0.53089        0.525   1000
6498         3  170075473  170114637      2       1  351827      0.28208      0.38894        0.376   1000
5010         3  170136653  170152479     26       4  351827      -1.0807      0.86008        0.875   1000
57709        3  170177342  170303863      6       2  351827      0.25039      0.40114        0.395   1000
64778        3  171757418  172118493     20       1  351827      0.24468      0.40335        0.373   1000
8743         3  172223298  172241297     32       6  351827      -1.6008      0.94529        0.935   1000
57552        3  172348435  172429207     45       2  351827     -0.42496      0.66457        0.667   1000
22871        3  173115570  174004434      9       3  351827     0.056518      0.47746        0.481   1000
27094        3  178957537  178984838      5       1  351827    0.0064203      0.49744        0.472   1000
51193        3  179041551  179053325     73       6  351827       -2.147       0.9841        0.986   1000
55669        3  179065480  179111014    215      20  351827      -1.0534      0.85392        0.866   1000
57129        3  179306253  179322434     47       1  351827       1.1215      0.13103        0.099   1000
8975         3  179370933  179507189      3       1  351827      0.79105      0.21446        0.233   1000
51555        3  179512746  179754841      2       1  351827     -0.92707      0.82305        0.828   1000
151613       3  180319918  180336120    169       7  351827       1.3571     0.087374        0.079   1000
23200        3  182511291  182639423    134       4  351827    -0.038107       0.5152        0.519   1000
56922        3  182733006  182817373    132       7  351827     -0.26839       0.6058        0.623   1000
54800        3  183353398  183402307    142       2  351827      0.11059      0.45597        0.457   1000
79929        3  183533664  183543393     92       3  351827     -0.83469      0.79805        0.766   1000
55486        3  183543522  183602693      1       1  351827     -0.86053      0.80525        0.807   1000
10057        3  183637722  183735803     57       4  351827       1.4564     0.072645        0.073   1000
1857         3  183873099  183891314     28       3  351827     -0.56932      0.71543        0.682   1000
55324        3  183903863  183911795     62       3  351827      0.22619      0.41053        0.393   1000
5708         3  184016886  184026842     22       3  351827        1.449     0.073673         0.07   1000
131408       3  184053717  184064063      1       1  351827      -1.3814      0.91642        0.924   1000
1181         3  184063973  184079439      4       1  351827      0.46496      0.32098        0.305   1000
8646         3  184097861  184107617      4       2  351827      0.39336      0.34703        0.336   1000
64110        3  184428155  184429836      9       1  351827     -0.56456      0.71381        0.713   1000
23355        3  184529925  184770402    592      19  351827      0.42322      0.33607        0.353   1000
285382       3  184795838  184870802    498      20  351827      0.41979      0.33732        0.353   1000
59343        3  185300284  185348889     43       1  351827    -0.079485      0.53168        0.511   1000
1427         3  186256232  186263049      3       1  351827      0.42139      0.33674        0.306   1000
51726        3  186288467  186303589      1       1  351827       0.1598      0.43652        0.451   1000
5984         3  186507681  186524484      7       1  351827      0.57552      0.28247        0.263   1000
9370         3  186560463  186576252     25       3  351827     -0.54698       0.7078        0.721   1000
5648         3  186933873  187009810     15       3  351827     -0.53912       0.7051        0.687   1000
64108        3  187086168  187089372     79       5  351827       2.2027      0.01381        0.016   1000
55214        3  189674517  189840226     80       2  351827      -1.4246      0.92286         0.92   1000
10686        3  190105661  190129932     92       8  351827       1.1228      0.13077        0.116   1000
344901       3  190917039  190983404     57       2  351827     -0.29449      0.61581        0.615   1000
257313       3  190984944  191048325     37       3  351827       -1.467      0.92881        0.919   1000
152137       3  191046874  191116459    191       8  351827       1.5949      0.05537        0.055   1000
151963       3  192514604  192635950    185       6  351827       1.9141     0.027806        0.026   1000
57110        3  192948030  193025102      1       1  351827     -0.35619      0.63915        0.644   1000
84239        3  193119866  193272810     78       1  351827      0.58985      0.27765        0.282   1000
1370         3  194060494  194072063     11       2  351827      -1.1511      0.87516        0.863   1000
131578       3  194075976  194090472     33       1  351827      -3.7195       0.9999        0.999   1000
55341        3  194361517  194393206     61      10  351827     -0.52519      0.70027        0.715   1000
152002       3  194789008  194991895     68       5  351827      0.97864      0.16388        0.173   1000
347          3  195295573  195311076     13       1  351827      -2.6026      0.99537        0.996   1000
200958       3  195416293  195467004    203      25  351827      -1.0993      0.86419        0.873   1000
4585         3  195473636  195539148    128      14  351827     -0.22584      0.58934        0.572   1000
10188        3  195590235  195635880      2       1  351827       1.2838     0.099614        0.096   1000
7037         3  195776155  195809032     19       1  351827     -0.10326      0.54112        0.542   1000
200931       3  195943383  195960301     50       3  351827      0.40705      0.34199        0.341   1000
5130         3  195961239  196014623     71       6  351827       1.1494       0.1252        0.111   1000
255758       3  196018090  196045165    223      11  351827      0.89349       0.1858         0.18   1000
116211       3  196050417  196065291     14       1  351827       1.1655      0.12191        0.125   1000
165918       3  196195654  196230639     27       1  351827      -0.8584      0.80466        0.818   1000
375387       3  196366656  196388875     20       2  351827      -1.1621       0.8774        0.883   1000
84984        3  196433144  196439131     64       3  351827       1.2057      0.11396        0.109   1000
54965        3  196439234  196462878    120       9  351827        1.273      0.10151        0.098   1000
205564       3  196594727  196661585     78       6  351827       1.0835       0.1393        0.122   1000
22916        3  196662273  196669464     41       2  351827       1.0497      0.14693        0.135   1000
80235        3  196673214  196695742    154      13  351827       1.3989     0.080929        0.082   1000
4241         3  196728611  196756687      6       1  351827      -1.2945      0.90225        0.898   1000
622          3  197236654  197300194     64       7  351827      0.86086      0.19466        0.185   1000
84223        3  197615946  197686982    304      10  351827      -1.0299      0.84847        0.844   1000
255403       4     124420     156491    339      14  351827      -1.7631      0.96106         0.97   1000
654254       4     264464     299110    136       3  351827      -2.2467      0.98767        0.982   1000
170960       4     433773     492960     93       6  351827    0.0021999      0.49912        0.512   1000
54872        4     492989     533320    118       2  351827      0.50939      0.30524        0.289   1000
4636         4     669717     675822    103       5  351827       1.2902     0.098499        0.093   1000
84179        4     669992     683257     86       3  351827       1.2818     0.099956        0.091   1000
10336        4     699537     764428    301      23  351827      0.10748       0.4572        0.452   1000
10815        4     778745     819945    163      12  351827       1.0231      0.15314        0.165   1000
2580         4     843065     926174     99      10  351827       1.4738     0.070273        0.078   1000
84286        4     926175     952444     39       2  351827       1.6189     0.052729        0.057   1000
1609         4     952672     967348    179      17  351827      0.62505      0.26597        0.276   1000
10861        4     972861     987228    212      22  351827      0.88375      0.18842        0.202   1000
3425         4     980785     998317    110       9  351827       1.1061      0.13434        0.142   1000
285498       4    1050039    1107352    255       8  351827     0.037547      0.48502        0.491   1000
1487         4    1205228    1242908    107       2  351827       0.1694      0.43274         0.44   1000
10296        4    1283642    1333925    486      21  351827      0.24127      0.40467        0.388   1000
57654        4    1341043    1381837    624      24  351827      -0.1348      0.55361        0.539   1000
285464       4    1385340    1389782    624      24  351827      -0.1348      0.55361        0.539   1000
92305        4    1717679    1723084    108       6  351827       1.0574      0.14516        0.138   1000
10460        4    1723217    1746905    129       8  351827      0.86496      0.19353        0.191   1000
2261         4    1795039    1810599    106       9  351827    -0.013884      0.50554        0.515   1000
3954         4    1813206    1857974      2       1  351827      0.49957      0.30869        0.319   1000
339983       4    2061239    2070816      2       1  351827      -0.5948      0.72401        0.731   1000
57732        4    2271324    2420370     86       9  351827       2.2808     0.011282        0.012   1000
402160       4    2420701    2464690     31       2  351827      0.44398      0.32853        0.315   1000
6047         4    2470795    2517586     16       2  351827       2.4191    0.0077795       0.0084   5000
8603         4    2627159    2734302     30       1  351827      0.69619      0.24315        0.257   1000
79155        4    2743387    2758103     50       1  351827      0.30899      0.37866        0.367   1000
6452         4    2794750    2842823      7       1  351827        1.012      0.15578        0.142   1000
10227        4    2932288    2936586      1       1  351827      0.75588      0.22486        0.212   1000
2868         4    2965232    3042474    339      14  351827       2.7409    0.0030635       0.0062   5000
6002         4    3315874    3441640     28       2  351827       1.1148      0.13248        0.135   1000
285489       4    3465033    3503203     39       6  351827      -2.1075      0.98246        0.987   1000
4043         4    3505324    3534224     43       5  351827      0.21011      0.41679        0.403   1000
85013        4    4237269    4249965     29       6  351827     0.015643      0.49376        0.502   1000
166793       4    4291924    4323513     38       2  351827      0.13403      0.44669        0.454   1000
27065        4    4387983    4420785      4       1  351827       1.0743      0.14134        0.151   1000
53407        4    4420695    4543775      3       1  351827      0.35247      0.36224        0.381   1000
1400         4    5822491    5894785    121       9  351827     0.068434      0.47272        0.452   1000
152789       4    6026661    6202318     31       3  351827      -2.0298      0.97881        0.978   1000
7466         4    6271577    6304992    124       3  351827       1.3026     0.096355        0.077   1000
5522         4    6322305    6565327     25       2  351827      0.68895      0.24543        0.261   1000
23324        4    6576902    6624188     40       6  351827     -0.73318      0.76828        0.762   1000
93621        4    6641818    6644472      8       2  351827     -0.12733      0.55066        0.581   1000
6286         4    6695566    6698897      9       2  351827      0.24899      0.40169        0.408   1000
80273        4    7061780    7069800     71       5  351827      0.70159      0.24147        0.257   1000
57537        4    7194374    7744564     45       5  351827      -1.8206      0.96567        0.967   1000
84448        4    7967037    8160559     15       2  351827      0.77324      0.21969        0.218   1000
54436        4    8201060    8242830     33       4  351827      -1.6849        0.954        0.958   1000
8310         4    8368009    8442452    119      11  351827     -0.53039      0.70208        0.691   1000
152992       4    8442532    8478282    196      12  351827      0.70969      0.23895        0.247   1000
56606        4    9827848   10041872    229      15  351827    0.0003724      0.49985        0.498   1000
85460        4   10441497   10459032     32       5  351827      -1.4284      0.92341        0.916   1000
9957         4   11399988   11431255     17       1  351827     0.014638      0.49416        0.489   1000
259282       4   13570362   13629334      4       2  351827       1.1286      0.12953        0.137   1000
285550       4   15683352   15692070     34       2  351827     -0.83834      0.79908         0.81   1000
683          4   15704573   15741121    111       5  351827      0.46702      0.32024        0.318   1000
952          4   15779921   15850706     67       3  351827      -1.8951      0.97096        0.969   1000
83888        4   15961863   15964859      5       1  351827      -2.4025      0.99186        0.992   1000
5860         4   17488016   17513857     85       9  351827      0.46408      0.32129        0.335   1000
80306        4   17616273   17626160    353       4  351827     -0.08143      0.53245        0.555   1000
54876        4   17802278   17812386     97       7  351827      -2.0037      0.97745         0.97   1000
254251       4   17844839   18023483      1       1  351827      -1.1303      0.87084        0.861   1000
133015       4   20702036   20729980    131      13  351827      0.72872      0.23309        0.243   1000
166647       4   22388997   22517677     60       4  351827      0.85735      0.19563        0.207   1000
91050        4   24807739   24981826      1       1  351827     -0.47164      0.68141        0.673   1000
55203        4   25000471   25032414      3       1  351827       1.0312      0.15122        0.133   1000
51091        4   25121627   25162204      9       1  351827     -0.17399      0.56906        0.557   1000
29945        4   25378848   25420120    356      10  351827       1.8289     0.033708        0.038   1000
10568        4   25656853   25680735      3       1  351827       1.2388       0.1077        0.106   1000
23231        4   25749049   25864647     25       5  351827    -0.043462      0.51733        0.505   1000
389203       4   25915528   25931501     15       2  351827      0.11897      0.45265        0.446   1000
57620        4   26859329   27027003    117       6  351827       1.8722      0.03059        0.024   1000
768211       4   37592422   37687999     16       4  351827      0.78107      0.21738        0.213   1000
55276        4   37828282   37864559    268      12  351827      0.37413      0.35415        0.349   1000
23216        4   37889606   38140796     20       3  351827     -0.23593      0.59326          0.6   1000
10333        4   38825325   38858438     36       3  351827      -1.6354      0.94902        0.942   1000
92689        4   38869354   38947365    194       8  351827     -0.77002      0.77936        0.767   1000
51088        4   39046308   39127853    354       6  351827      0.11583      0.45389        0.459   1000
152831       4   39408473   39453153     46       4  351827       1.6219     0.052408        0.054   1000
6133         4   39455744   39460568    395      26  351827      0.82852      0.20369        0.203   1000
11019        4   39460644   39479273     45       1  351827       1.1477      0.12555        0.127   1000
201895       4   39548917   39640481    164       5  351827    -0.026462      0.51056        0.504   1000
3093         4   39699664   39784412     23       2  351827     -0.72506      0.76579        0.785   1000
55728        4   40058524   40159872     32       3  351827       1.9441      0.02594        0.028   1000
54502        4   40425272   40632958      2       1  351827      0.19306      0.42346        0.387   1000
79730        4   40751914   40812002     60       3  351827      0.68026      0.24817        0.233   1000
323          4   40812044   41218731      6       1  351827        1.872     0.030605        0.036   1000
7345         4   41258898   41270446     28       1  351827      0.34285      0.36586        0.385   1000
285429       4   41983713   41988484      2       1  351827     -0.10084      0.54016        0.539   1000
10463        4   41992516   42089551      9       2  351827       0.4164      0.33856        0.348   1000
389206       4   42112870   42154895    101       4  351827       2.4615    0.0069181       0.0052   5000
10396        4   42410390   42659122    443      24  351827      -3.0546      0.99887        0.996   1000
386617       4   44175920   44450824     26       2  351827     -0.83974      0.79947        0.797   1000
60558        4   44680433   44702944    694      19  351827      0.60739       0.2718        0.287   1000
132789       4   44694190   44728651    408      20  351827      0.55522      0.28937         0.32   1000
2555         4   46246470   46392056     19       3  351827       1.2114      0.11286        0.116   1000
152518       4   47849250   47916684    118       4  351827     0.041322      0.48352        0.474   1000
1259         4   47937994   48018646    679      28  351827      -1.3972      0.91882         0.92   1000
152519       4   48018791   48039084    351      14  351827      -1.0149      0.84492        0.846   1000
7294         4   48068410   48136273     47       3  351827     -0.20305      0.58045         0.59   1000
57606        4   48343497   48428218     47       4  351827      -1.2245      0.88962        0.875   1000
201780       4   48485360   48491541     18       2  351827        0.221      0.41255        0.412   1000
54940        4   48832599   48863834    378       9  351827      0.03266      0.48697        0.494   1000
23142        4   52700010   52783003     11       1  351827     -0.98559      0.83783        0.834   1000
6443         4   52885752   52904485     40       2  351827     -0.60376        0.727        0.739   1000
152579       4   53738797   54232242     79       2  351827      0.78837      0.21524        0.216   1000
26511        4   54874540   54931562      5       1  351827       1.0197      0.15393         0.17   1000
5156         4   55095264   55164412      1       1  351827     -0.62401      0.73369        0.746   1000
3791         4   55944426   55991762     65       3  351827     -0.78497      0.78376        0.781   1000
79644        4   56212388   56239267    393      11  351827      0.93017      0.17614        0.172   1000
55858        4   56262080   56292342    246       5  351827       1.3204     0.093354        0.078   1000
55763        4   56719802   56771244     99       3  351827      0.82231      0.20545        0.206   1000
9662         4   56814974   56899529      7       2  351827     -0.51284      0.69597        0.726   1000
57482        4   57036361   57196890     70       2  351827       1.3552      0.08768        0.096   1000
132949       4   57204450   57254265    136       4  351827     -0.85515      0.80377        0.809   1000
6731         4   57333370   57369847    152       6  351827      -1.6087      0.94616        0.935   1000
132946       4   57371375   57390149     94       3  351827      -1.5624      0.94091        0.922   1000
84525        4   57514154   57547874     56       5  351827     -0.27479      0.60826        0.622   1000
6691         4   57676026   57688035     32       4  351827      -2.3636      0.99095        0.996   1000
5978         4   57774042   57802010    183       8  351827       1.3635     0.086362        0.094   1000
84273        4   57829516   57843826    110       6  351827    -0.082116      0.53272        0.519   1000
3490         4   57897237   57976551     54       6  351827     -0.11959       0.5476        0.548   1000
23284        4   62066949   62938168    233      16  351827     -0.25293      0.59984        0.621   1000
1060         4   68337989   68411256    271       7  351827       1.6787     0.046604        0.056   1000
55236        4   68481479   68566889    259       5  351827       2.7593    0.0028966       0.0024   5000
2798         4   68603093   68621804    209       6  351827       2.6546    0.0039702       0.0022   5000
7363         4   70345883   70391732    645      16  351827      0.46945      0.31938        0.268   1000
27284        4   70591838   70626430    146       3  351827     -0.60743      0.72822        0.717   1000
22902        4   71570647   71674336    124       2  351827     -0.20736      0.58213         0.59   1000
2926         4   71681499   71705627      2       1  351827       0.3101      0.37824        0.379   1000
1633         4   71859265   71896631    235       4  351827     -0.28363      0.61165        0.618   1000
8671         4   72053003   72437804      2       1  351827     -0.77936      0.78211        0.781   1000
10886        4   72897521   73013918    175       2  351827        1.908     0.028196        0.023   1000
9508         4   73146686   73434516     54       2  351827      0.37415      0.35415         0.36   1000
6372         4   74702273   74704477     85       2  351827     -0.40778      0.65828        0.651   1000
2069         4   75230860   75254477     81       1  351827    -0.098957      0.53941        0.529   1000
685          4   75671448   75719882     24       4  351827    -0.086763      0.53457        0.521   1000
25849        4   75858285   75975325    190       5  351827     0.021113      0.49158        0.499   1000
25898        4   76404247   76439884    212       6  351827      0.80291      0.21101        0.191   1000
152816       4   76481258   76491103     19       3  351827       2.0166     0.021868         0.03   1000
9908         4   76567953   76649709    159       8  351827       2.4192    0.0077771       0.0076   5000
5470         4   76781025   76823681    135       9  351827       1.2601      0.10383         0.12   1000
27163        4   76831808   76862166    615      25  351827     -0.21545      0.58529        0.551   1000
419          4   76932333   77033955    134       7  351827     -0.84269       0.8003        0.802   1000
53371        4   77035812   77069668    620       9  351827      -0.9249      0.82249        0.805   1000
100129583    4   77135193   77204936    288      18  351827     -0.69508       0.7565        0.769   1000
8987         4   77227179   77232283     63       3  351827     -0.34148      0.63363        0.656   1000
339965       4   77234192   77333285    106       4  351827     -0.63423      0.73703        0.757   1000
57619        4   77356253   77704406     13       2  351827     -0.73378      0.76846        0.776   1000
246175       4   78634541   78740764    213       4  351827      0.16359      0.43503        0.411   1000
306          4   79472742   79531605     73       6  351827       1.7957     0.036268         0.04   1000
55589        4   79697532   79837519     10       2  351827      -1.0435      0.85164        0.851   1000
84779        4   80238272   80247171     27       3  351827      0.98551      0.16219        0.162   1000
118429       4   80822771   80994626    106       5  351827      0.52528      0.29969         0.29   1000
56978        4   81105033   81125483     76       8  351827      0.37903      0.35233        0.353   1000
651          4   81952119   81978685      2       1  351827        0.791      0.21447        0.225   1000
5593         4   82008643   82136271     96       5  351827     -0.64554      0.74071         0.75   1000
153020       4   82347547   82393082      1       1  351827  -0.00086293      0.50034        0.497   1000
3184         4   83274467   83295149      3       1  351827     -0.81327      0.79197        0.797   1000
441027       4   83404329   83483595    169      12  351827      0.13861      0.44488        0.412   1000
79966        4   83550690   83720010     39       2  351827      0.57372      0.28308        0.273   1000
51316        4   84011201   84035911     32       1  351827      -2.3342      0.99021         0.99   1000
5783         4   87515468   87736332    628       8  351827      0.97758      0.16414        0.162   1000
4299         4   87855758   88062206     65       4  351827      0.81542      0.20742          0.2   1000
345275       4   88224941   88244056    335      18  351827     -0.42716      0.66537        0.695   1000
51170        4   88257691   88312455    271      15  351827      -1.3926      0.91813        0.928   1000
53343        4   88343728   88380606     92       9  351827     -0.44517       0.6719        0.642   1000
8404         4   88394483   88450798    164       7  351827     0.076717      0.46942        0.458   1000
6696         4   88896802   88904563    172      10  351827     0.043208      0.48277        0.479   1000
9429         4   89011416   89152569     20       2  351827       1.0529       0.1462        0.147   1000
100996939    4   89442129   89444952     11       2  351827     -0.20221      0.58013        0.563   1000
84992        4   89442129   89444952     14       1  351827      0.86593      0.19326        0.192   1000
8916         4   89513574   89629693     14       1  351827      0.86593      0.19326        0.192   1000
266812       4   89617066   89619023     88       7  351827      0.40559      0.34252        0.334   1000
10144        4   89647105   90032549     45       4  351827       2.4884    0.0064168       0.0076   5000
166815       4   90032651   90036734     51       6  351827      0.64285      0.26016        0.253   1000
658          4   95679128   96079601     82       4  351827     -0.34653      0.63553        0.623   1000
10098        4   99391518   99579812     30       1  351827      0.46712      0.32021        0.316   1000
1977         4   99799607   99851786    126       4  351827      -1.3615      0.91333        0.915   1000
23173        4   99916788   99983960    144       6  351827    0.0011692      0.49953        0.491   1000
128          4   99992129  100009931     87       8  351827      -1.1758      0.88015        0.885   1000
127          4  100044832  100065449    314       5  351827      -1.1755      0.88011        0.896   1000
130          4  100123795  100140403    223      16  351827     -0.57028      0.71576        0.709   1000
124          4  100197523  100212185     73       4  351827     -0.12377      0.54925        0.541   1000
125          4  100227527  100242572    296       6  351827     -0.15741      0.56254        0.532   1000
126          4  100257649  100273917    177       6  351827       1.7352     0.041354        0.042   1000
93587        4  100467864  100485189     69       4  351827       1.9489     0.025654        0.021   1000
27071        4  100737957  100791347     55       5  351827      -1.1256      0.86983        0.866   1000
79982        4  100817405  100867883    242      14  351827    0.0013441      0.49946        0.506   1000
115265       4  101106267  101111939    127       6  351827     -0.50029      0.69157        0.687   1000
5530         4  101944587  102268655     93       1  351827       1.5564     0.059808        0.065   1000
55024        4  102711764  102995969     43       2  351827      0.10659      0.45756        0.485   1000
493856       4  103749224  103813964    505       6  351827      0.76541      0.22201        0.222   1000
56898        4  103998770  104021024    962      20  351827      0.22264      0.41191         0.35   1000
1062         4  104026963  104119566     62       2  351827    -0.019526      0.50779        0.509   1000
54790        4  106067032  106200960      5       2  351827      0.39054      0.34807        0.369   1000
27068        4  106290234  106395227    174      13  351827       2.3162     0.010274        0.012   1000
79807        4  106629935  106768882    238       3  351827     -0.40539      0.65741        0.655   1000
255743       4  106816588  106892828      2       1  351827       1.1524      0.12457        0.128   1000
93627        4  106967233  107237861    184       2  351827     -0.11966      0.54763        0.563   1000
27123        4  107842959  107957453      1       1  351827     0.050274      0.47995        0.503   1000
9061         4  108534822  108641419    124       7  351827      -1.1403      0.87291        0.877   1000
113612       4  108852716  108874617     80       2  351827      0.42805      0.33431        0.336   1000
51176        4  108968701  109090112      2       1  351827        1.015      0.15504        0.154   1000
64850        4  109663196  109684235     96      10  351827       0.2479       0.4021        0.401   1000
84570        4  109731877  110223799     50       4  351827      -0.4041      0.65693        0.638   1000
55013        4  110481355  110608872     37       2  351827     -0.30058      0.61813         0.61   1000
81579        4  110631145  110651242    167       6  351827     -0.50477      0.69314        0.686   1000
3426         4  110661848  110723381    104       3  351827      -1.0948       0.8632        0.838   1000
10692        4  110749150  110765863    102       4  351827     -0.71919      0.76399        0.775   1000
345193       4  110769340  110793471    184      12  351827     -0.19167        0.576        0.581   1000
2028         4  111397229  111484493     53       7  351827     -0.02805      0.51119        0.519   1000
132720       4  113066553  113110237    291       6  351827    -0.087311      0.53479        0.525   1000
55435        4  113152893  113191211    262       6  351827     -0.57674      0.71794        0.714   1000
80216        4  113218480  113363774     43       3  351827       1.3927     0.081859        0.081   1000
55345        4  113460489  113558151    276      16  351827     -0.34234      0.63395        0.647   1000
51574        4  113558120  113578748    196       8  351827      -1.5272      0.93664        0.941   1000
133022       4  118004710  118006736     17       1  351827      0.18184      0.42786        0.425   1000
8492         4  119201193  119274053     54       7  351827        1.589     0.056026        0.071   1000
57721        4  119606525  119633374    580       6  351827       1.1483      0.12542        0.144   1000
171024       4  119809996  119982402      4       2  351827      -1.4615      0.92806        0.935   1000
54532        4  120133775  120216673    213      18  351827      0.42638      0.33492         0.31   1000
401152       4  120217574  120225600     64       3  351827      -1.4432      0.92552        0.933   1000
11107        4  121613070  121844013    416      10  351827      0.63493      0.26274        0.207   1000
79625        4  121956782  121993673     73       8  351827     -0.89021      0.81332          0.8   1000
84109        4  122249797  122302181     44       2  351827      -1.0775      0.85937        0.838   1000
308          4  122589152  122618147    107       6  351827     0.094752      0.46226        0.453   1000
5393         4  122722445  122738176     10       1  351827      -1.1046      0.86534        0.869   1000
84162        4  123073488  123283914      9       1  351827      -1.0932      0.86284        0.858   1000
166379       4  123653857  123666098      6       1  351827     -0.67945      0.75158        0.758   1000
11162        4  123813799  123844159    112       2  351827     -0.29432      0.61574         0.62   1000
166378       4  123844225  124240605      6       2  351827      -0.4181      0.66206        0.647   1000
57182        4  125585203  125633887    101       7  351827     -0.12078      0.54807        0.562   1000
80167        4  128886411  128957478     46       3  351827     0.093934      0.46258        0.437   1000
132321       4  130014829  130034487    475      21  351827      -1.2785      0.89947        0.906   1000
57575        4  134070470  134112732      8       1  351827     -0.13668      0.55436        0.543   1000
4717         4  140211071  140223705    237       4  351827     -0.14419      0.55732        0.565   1000
80155        4  140222621  140311935      2       1  351827       1.5635     0.058972        0.051   1000
83452        4  140374961  140397070      5       1  351827      0.23618      0.40665         0.42   1000
60592        4  141178440  141303710    119       3  351827     -0.46242      0.67811        0.674   1000
1047         4  141309607  141348815     91       6  351827      -1.0822      0.86043        0.859   1000
7350         4  141481014  141489989      1       1  351827     -0.86867      0.80749        0.804   1000
57484        4  141786708  142054630     51       4  351827       2.0818      0.01868        0.022   1000
84640        4  144106070  144143141    310       7  351827       1.6639     0.048069        0.042   1000
2996         4  144792019  144826716    844       7  351827       0.2927      0.38487        0.366   1000
166785       4  146540540  146581187     41       1  351827      0.36703       0.3568        0.369   1000
152485       4  146681874  146859607     27       3  351827     -0.78747       0.7845        0.774   1000
11157        4  147096835  147111213     95       2  351827      -3.4539      0.99972        0.999   1000
84068        4  147175137  147443123      6       2  351827      0.10359      0.45875        0.489   1000
166614       4  150999426  151178609     32       1  351827         0.15      0.44038        0.457   1000
6189         4  152020725  152025804    129       3  351827      0.65195      0.25722        0.257   1000
152503       4  152041433  152246797     59       1  351827       1.5709     0.058097         0.06   1000
5188         4  152591808  152682175    450       6  351827      0.34837      0.36378        0.365   1000
201799       4  153547266  153601317      2       1  351827      0.73005      0.23268        0.227   1000
27236        4  153701091  153833064    157       8  351827      0.83522       0.2018         0.21   1000
23321        4  154073650  154260474     76      11  351827      -1.0423      0.85137        0.857   1000
23240        4  154387498  154558760     16       2  351827      0.96719      0.16672        0.163   1000
7097         4  154605404  154627243     34       5  351827     -0.54038      0.70553        0.705   1000
6423         4  154701742  154710228     31       2  351827     -0.32186      0.62622         0.62   1000
54798        4  155155527  155412930     35       5  351827       1.0762      0.14092        0.154   1000
5356         4  155456149  155471585      2       1  351827        1.379     0.083955        0.108   1000
2243         4  155504280  155511897      1       1  351827     -0.69803      0.75742        0.733   1000
9227         4  155665163  155674270      4       2  351827      -1.1386      0.87257        0.872   1000
79884        4  156263810  156298122    110       3  351827      -1.1598      0.87694        0.886   1000
1519         4  156845270  156875048    122       6  351827     -0.47573      0.68287        0.687   1000
55314        4  159122749  159176439    557      14  351827     -0.88253      0.81126        0.804   1000
2110         4  159593277  159629842    342       8  351827      -1.2546      0.89519        0.914   1000
5481         4  159630279  159644552     50       6  351827      0.21951      0.41313        0.416   1000
57600        4  159690182  159829202     17       3  351827       1.4873     0.068473        0.064   1000
92345        4  164047860  164088073     21       1  351827      0.71027      0.23877        0.257   1000
55319        4  164415673  164441691     81       2  351827     -0.67937      0.75155        0.769   1000
55016        4  164445450  165305093    109       5  351827     -0.79336      0.78622        0.801   1000
391712       4  165875598  165898818      5       2  351827      0.55075       0.2909        0.273   1000
152756       4  165878100  165880273      3       2  351827       -0.802      0.78872        0.777   1000
11275        4  166128770  166244308     63       2  351827      0.67962      0.24837        0.227   1000
1363         4  166300097  166419482    260       6  351827      0.28162      0.38912        0.368   1000
91351        4  169277886  169401665     50       4  351827      0.97697      0.16429        0.181   1000
84869        4  169815774  169931468    120      11  351827       1.3564     0.087483        0.091   1000
4750         4  170314421  170533778    236       9  351827     -0.86112      0.80541        0.804   1000
9848         4  170907748  170948371      7       1  351827      0.94312      0.17281        0.158   1000
51166        4  170981373  171012823    388      10  351827      0.73267      0.23188         0.18   1000
80817        4  175204828  175255506     79       4  351827       0.4233      0.33604        0.337   1000
116966       4  176986985  177103979     38       6  351827       0.2793      0.39001        0.401   1000
175          4  178351928  178363657    159      11  351827     -0.91455      0.81979          0.8   1000
55714        4  183065112  183724177      5       1  351827      0.89189      0.18622        0.196   1000
1635         4  183811244  183838630    115      10  351827      -0.3218       0.6262        0.643   1000
133121       4  185009859  185139114     12       1  351827       2.8867    0.0019463       0.0022   5000
3660         4  185308867  185395734      3       1  351827   -0.0097353      0.50388        0.506   1000
836          4  185548850  185570629     31       3  351827     0.021766      0.49132        0.464   1000
201973       4  185570767  185616112    157       6  351827      0.81474      0.20761        0.196   1000
79682        4  185615219  185655286    376       6  351827      0.80732      0.20974        0.187   1000
57587        4  186080815  186125182    155       6  351827     -0.15392      0.56116        0.556   1000
83891        4  186130773  186285120     37       4  351827      -1.2646        0.897        0.901   1000
55805        4  186285032  186318297     21       2  351827      0.44144      0.32945        0.334   1000
55325        4  186320691  186347139    318      21  351827       0.2579      0.39824        0.423   1000
256309       4  186366336  186392913      3       1  351827     0.044934      0.48208        0.486   1000
7098         4  186990309  187006252      7       1  351827       1.1035      0.13491        0.141   1000
25854        4  187026054  187093817     72       5  351827      0.72002      0.23576        0.221   1000
285440       4  187112565  187134617    165      18  351827      0.23356      0.40766        0.404   1000
3818         4  187148502  187179625    146      15  351827      0.63758      0.26187        0.251   1000
132625       4  188916925  188926199      9       1  351827     -0.76567      0.77806        0.775   1000
133957       5     204875     218333    297       5  351827      0.15958      0.43661         0.43   1000
6389         5     218338     256815    343       5  351827     0.073335      0.47077        0.477   1000
10016        5     271736     315089    128       7  351827     0.080105      0.46808        0.463   1000
57491        5     304291     438406     34       6  351827        0.518      0.30223        0.299   1000
11336        5     443305     467414    213      11  351827     -0.12166      0.54842        0.532   1000
6550         5     473298     524549    373      25  351827      0.13089      0.44793        0.452   1000
55722        5     612405     655807    176       5  351827      0.53677      0.29571         0.31   1000
11076        5     659977     693510      1       1  351827       1.2823     0.099874        0.092   1000
653082       5     710470     784857      5       1  351827     -0.30996       0.6217        0.607   1000
65980        5     863850     892939    187       2  351827      0.81836      0.20658        0.178   1000
85409        5    1008941    1038927      8       2  351827     -0.46133      0.67772        0.692   1000
10723        5    1050489    1112172     39       3  351827       -1.281      0.89989        0.894   1000
6531         5    1392905    1445543     48       5  351827       1.0121      0.15574        0.159   1000
79888        5    1461542    1525644     10       2  351827      0.22001      0.41293        0.422   1000
64979        5    1798499    1799956    103       5  351827     -0.61363      0.73027        0.736   1000
153572       5    2746279    2751769     22       3  351827      -1.1326      0.87131        0.877   1000
153571       5    2752058    2755511     11       1  351827     -0.41256      0.66003        0.682   1000
79192        5    3596168    3601517     14       2  351827      0.72373      0.23462        0.254   1000
84246        5    6372039    6378639     38       3  351827      0.92562      0.17732        0.185   1000
134111       5    6437460    6496834     12       3  351827       1.2024      0.11461        0.126   1000
54888        5    6599352    6633473    209      15  351827      0.99935      0.15881        0.143   1000
6715         5    6633500    6669675     11       1  351827     -0.10822      0.54309        0.567   1000
108          5    7396343    7830194     37       4  351827       1.4711     0.070631         0.08   1000
4552         5    7851299    7901237     92       8  351827       1.3312      0.09156        0.091   1000
79072        5    7859272    7869150     12       3  351827      -2.5715      0.99494        0.996   1000
9037         5    9035138    9546233     35       1  351827       1.3195     0.093498        0.092   1000
134147       5   10277707   10308168     37       4  351827     -0.40773      0.65826        0.641   1000
10299        5   10353751   10440500    102       3  351827     -0.88636      0.81229        0.776   1000
1611         5   10679342   10761387    119       8  351827       1.6718     0.047286         0.03   1000
1501         5   10971952   11904155    113       7  351827       1.3905     0.082193        0.095   1000
1767         5   13690437   14011841    118       6  351827     -0.18435      0.57313        0.575   1000
54491        5   14581891   14616289      6       2  351827     -0.95527      0.83028        0.822   1000
90268        5   14664783   14699842     15       1  351827       1.1546      0.12412        0.136   1000
56172        5   14704909   14871887     10       1  351827     0.046765      0.48135        0.509   1000
54463        5   16472922   16617167      5       1  351827      0.60681      0.27199        0.265   1000
10409        5   17216932   17276954      7       2  351827      0.58792      0.27829        0.284   1000
1004         5   31193762   31329253     16       1  351827      0.27632      0.39115        0.403   1000
29102        5   31400601   31532282    116       9  351827       1.4892     0.068214        0.064   1000
55322        5   31532373   31555165      4       1  351827    -0.045881       0.5183        0.513   1000
23037        5   31639345   32111038      1       1  351827     -0.21807      0.58631        0.604   1000
54545        5   32227111   32313114     24       1  351827      -1.3884      0.91749        0.915   1000
4883         5   32710284   32791830      3       1  351827     0.010756      0.49571        0.469   1000
6897         5   33440802   33468196      3       1  351827   -0.0096982      0.50387        0.492   1000
81792        5   33523640   33892319      2       1  351827     -0.91669      0.82035        0.832   1000
23600        5   33987091   34008220    135      10  351827       1.5562     0.059832        0.062   1000
26064        5   34656342   34832717      2       1  351827    -0.058683       0.5234        0.524   1000
134218       5   34929698   34959069    143      11  351827      0.20317       0.4195        0.418   1000
92255        5   36103414   36152015     79       4  351827     -0.64988      0.74211        0.739   1000
6502         5   36152091   36184143      9       2  351827      0.74989      0.22666        0.216   1000
1601         5   39371776   39425335      3       1  351827     -0.34659      0.63555        0.654   1000
84674        5   40841410   40855456     23       3  351827     -0.16697      0.56631        0.574   1000
730          5   40909599   40983041      1       1  351827      -2.0098      0.97777        0.978   1000
133558       5   40998122   41071444    112      13  351827      0.41319      0.33973        0.352   1000
729          5   41142248   41261588     10       1  351827     -0.85234      0.80299        0.811   1000
345557       5   41307048   41510730      4       1  351827       1.1782      0.11935        0.111   1000
5019         5   41730167   41870791    259       4  351827      -2.1755      0.98521        0.991   1000
285636       5   41904423   41921738     23       1  351827     -0.17278      0.56859        0.576   1000
26272        5   41925352   41941672     20       2  351827    -0.074638      0.52975         0.48   1000
167359       5   43192170   43280952    222       5  351827     -0.84116      0.79987        0.809   1000
375444       5   43486803   43515273     18       4  351827      -1.0795      0.85981        0.868   1000
23530        5   43602791   43705668    426       9  351827      0.54445      0.29306         0.28   1000
133418       5   49692026   49737234    702       6  351827       2.1986     0.013953       0.0148   5000
79668        5   49961733   50142356    189       6  351827      0.99936      0.15881        0.137   1000
53918        5   52083774   52098451     11       1  351827     0.063142      0.47483        0.484   1000
3672         5   52084136   52249485     42       5  351827      -1.9786      0.97607        0.976   1000
3673         5   52285156   52390609    189      13  351827       1.0274      0.15211        0.162   1000
4338         5   52391509   52405602     43       3  351827      0.38708      0.34935        0.347   1000
10468        5   52776183   52782964      1       1  351827      0.81123      0.20862        0.209   1000
4724         5   52856464   52979171    172      11  351827      0.34174      0.36627        0.348   1000
112574       5   53813589   53842416     48       2  351827      -0.8988      0.81562        0.811   1000
11082        5   54273695   54281414      1       1  351827      0.63083      0.26407        0.278   1000
10309        5   54526980   54529508     13       2  351827     -0.66195        0.746        0.738   1000
8611         5   54720670   54830906    236       3  351827      0.87618      0.19047        0.175   1000
133383       5   56205087   56221359    331       9  351827    -0.034853       0.5139        0.497   1000
115827       5   57877950   58155221      1       1  351827       1.4708     0.070669        0.073   1000
79993        5   60047616   60140101    135       7  351827      0.11214      0.45536        0.459   1000
1161         5   60169659   60240905    157      10  351827     -0.67485      0.75011        0.765   1000
91942        5   60240956   60448864    243       6  351827      0.50154        0.308        0.306   1000
285668       5   60933636   61002362      9       2  351827     -0.13231      0.55263        0.556   1000
3796         5   61601989   61683011      8       2  351827       3.5423    0.0001983       0.0004  10000
27292        5   61684351   61699728     13       1  351827     -0.30983      0.62165        0.607   1000
51194        5   61699522   61924416     22       3  351827     -0.23895      0.59443        0.582   1000
285671       5   63461671   63668704    285       5  351827      0.71974      0.23584        0.252   1000
285672       5   64013975   64064496      4       2  351827       1.1861      0.11779         0.12   1000
10283        5   64064755   64314590      4       1  351827      0.21964      0.41308        0.409   1000
64105        5   64813593   64858995    214      11  351827     -0.48045      0.68455        0.685   1000
23398        5   64859063   64883376    532      10  351827     -0.36197      0.64131        0.653   1000
373          5   64885507   64920187    200       1  351827     -0.82858      0.79633        0.803   1000
80006        5   64920558   64961954     28       1  351827      -1.2009      0.88511        0.882   1000
54557        5   64961755   65018648     63       1  351827      -1.4727      0.92958        0.935   1000
57486        5   65018023   65125111     82       3  351827      -1.1041      0.86523        0.878   1000
375449       5   65892176   66465426      1       1  351827     -0.65835      0.74484        0.749   1000
64946        5   68485375   68506184    295       4  351827       2.2994     0.010741        0.013   1000
202243       5   68576519   68628623    384       8  351827       2.2754     0.011442         0.01   1000
6880         5   68647551   68665840     22       1  351827       3.0437    0.0011686       0.0011  10000
5884         5   68665124   68710628     18       3  351827       1.1152      0.13238        0.123   1000
100506658    5   68788119   68853931    275       7  351827       1.8876      0.02954        0.032   1000
728340       5   68856001   68888730     12       2  351827     -0.56649      0.71447        0.707   1000
64087        5   70883115   70954533      2       1  351827       1.5306     0.062931        0.076   1000
4131         5   71403118   71505397     71       7  351827      0.42196      0.33653        0.371   1000
79810        5   71616200   71656544      4       1  351827     0.039272      0.48434        0.483   1000
115548       5   72251808   72386349    591      12  351827      0.37341      0.35442        0.372   1000
689          5   72794250   72801448    154       6  351827      -1.5329      0.93735        0.936   1000
84135        5   72861568   72878984     83       4  351827     -0.38197      0.64876        0.628   1000
10412        5   74062816   74072737    210       8  351827      0.50318      0.30742        0.298   1000
51301        5   74323246   74350743      1       1  351827      0.65185      0.25725        0.257   1000
3156         5   74632159   74657926     26       1  351827      -1.1467      0.87425        0.876   1000
51426        5   74807657   74895646     53       2  351827       1.1454      0.12602        0.132   1000
728780       5   74907301   74967671    216       9  351827      0.91747      0.17945        0.177   1000
134359       5   74970023   75013313    328      14  351827       1.9601     0.024991        0.026   1000
22987        5   75378997   75649764     52       2  351827      -1.8616      0.96867        0.956   1000
2151         5   75911307   75919259     12       1  351827      -1.1956      0.88407        0.897   1000
2149         5   76011868   76031595    143       8  351827        0.688      0.24573        0.261   1000
2150         5   76114833   76131140    132       8  351827      0.58797      0.27828        0.293   1000
55109        5   76326210   76361059      2       1  351827       1.2556      0.10463        0.095   1000
84327        5   76372532   76383030     35       4  351827      0.40038      0.34444        0.335   1000
55255        5   76727622   76788332    243      15  351827     -0.61405      0.73041        0.726   1000
6902         5   76986995   77072185      5       1  351827      0.35236      0.36228         0.36   1000
8546         5   77298150   77590579    103       4  351827       1.0982      0.13606        0.146   1000
411          5   78073032   78282357     50       3  351827      -1.4984      0.93299        0.925   1000
29958        5   78293387   78365497    229      10  351827     -0.58358      0.72025        0.719   1000
23743        5   78365547   78385897    247      19  351827       0.7666      0.22166        0.219   1000
635          5   78407604   78428113    196      11  351827     -0.29204      0.61487        0.607   1000
167153       5   78908243   78982471     12       2  351827      0.75324      0.22565        0.228   1000
7060         5   79331170   79379111     57       4  351827      0.94158       0.1732        0.185   1000
256987       5   79407050   79551898     23       3  351827      0.84135      0.20008         0.17   1000
340120       5   79852574   79866304    262       3  351827     -0.15216      0.56047        0.566   1000
1719         5   79922045   79950800    731      21  351827      -1.1435      0.87358        0.885   1000
100462981    5   79945819   79946854      5       3  351827      -0.4481      0.67296        0.674   1000
4437         5   79950467   80172634    492      13  351827     -0.34369      0.63446        0.632   1000
5924         5   80256491   80525981     21       2  351827       0.6349      0.26275        0.279   1000
1160         5   80528605   80562217     62       4  351827         -0.1      0.53983        0.542   1000
84240        5   80597402   80608966     74       3  351827     -0.98782      0.83838         0.84   1000
23635        5   80713179   81047072     12       3  351827     0.065168      0.47402        0.486   1000
83734        5   81267844   81551958    331      18  351827        1.697     0.044852        0.051   1000
6228         5   81569139   81574235    384      20  351827       2.3308    0.0098809        0.011   1000
92270        5   81601166   81614147    307      14  351827        2.055     0.019938         0.02   1000
1462         5   82767493   82878122      3       1  351827      0.59113      0.27722        0.272   1000
5921         5   86564070   86687743     42       2  351827       1.9684     0.024512        0.032   1000
1070         5   89689528   89705611     32       1  351827    -0.076419      0.53046        0.536   1000
10622        5   89769876   89810474     93       3  351827      -1.3331      0.90875        0.897   1000
285600       5   93486556   93954309     50       1  351827       1.8515      0.03205        0.027   1000
79772        5   94038280   94620279     14       2  351827      0.34489      0.36509        0.374   1000
9652         5   94799599   94890709    194       5  351827       1.1049       0.1346        0.123   1000
285601       5   94955980   94957284     22       1  351827      0.87661      0.19035        0.185   1000
83890        5   94987885   95018885     30       3  351827     -0.51368      0.69626        0.703   1000
2745         5   95149553   95158577     25       3  351827      -1.3585      0.91284        0.919   1000
5122         5   95726040   95768985      9       2  351827    -0.033934      0.51353        0.521   1000
831          5   95997741   96110387    336      23  351827       1.1313      0.12895        0.131   1000
51752        5   96096514   96149848    292      21  351827       1.3217     0.093141        0.103   1000
64167        5   96211644   96255420    550      20  351827      0.82786      0.20388        0.249   1000
55781        5   96496571   96519005      8       1  351827   -0.0016909      0.50067         0.51   1000
285704       5   98104999   98132198     58       2  351827      -1.4427      0.92545        0.917   1000
54826        5  102421704  102455842      1       1  351827       1.0854      0.13886        0.138   1000
90355        5  102594442  102614361      9       1  351827      -1.2703      0.89801        0.898   1000
83594        5  102884556  102898493     52       5  351827      -1.4769      0.93015        0.938   1000
64839        5  107194734  107718080    117       2  351827       1.4933     0.067685        0.065   1000
2241         5  108083523  108523373      4       1  351827      0.18176      0.42789        0.421   1000
9867         5  108670410  108745675    277       8  351827      -1.1371      0.87225        0.877   1000
642987       5  109755197  110062507    527      11  351827    -0.080812       0.5322        0.528   1000
91137        5  110073837  110100857      2       1  351827      0.74682      0.22759        0.214   1000
85480        5  110405778  110413722    312      17  351827      -1.2487       0.8941         0.89   1000
134430       5  110427870  110466200    100       7  351827     -0.33869      0.63258        0.603   1000
814          5  110559947  110830584     42       2  351827      -1.8814      0.97004        0.969   1000
134429       5  110831731  110848234     22       3  351827      0.29994      0.38211        0.401   1000
64097        5  111478139  111755187    302      12  351827       1.4956     0.067374        0.071   1000
7905         5  112212081  112258339    274       4  351827       1.9302     0.026789        0.026   1000
167227       5  112312399  112357892    208      10  351827     -0.76053      0.77653        0.779   1000
4163         5  112357796  112824527    160      10  351827      -1.3654      0.91394        0.919   1000
64848        5  112849391  112930984    820      19  351827      0.25731      0.39847        0.382   1000
3781         5  113698016  113832197     24       4  351827      0.73224      0.23201        0.246   1000
5229         5  114546527  114599123    105      11  351827      0.59686       0.2753        0.283   1000
153733       5  114602885  114632458     44       4  351827      -1.6075      0.94603        0.951   1000
353376       5  114914339  114952142     78       5  351827      -1.3207       0.9067        0.913   1000
51014        5  114948905  114961876     14       1  351827     -0.15692      0.56235        0.577   1000
1036         5  115140430  115152405    140       4  351827     -0.45084      0.67395        0.664   1000
9140         5  115163893  115177548     14       3  351827       -1.114      0.86736         0.88   1000
206338       5  115298151  115363303     97       5  351827     -0.31666      0.62425        0.647   1000
51397        5  115420727  115628978    358       9  351827     -0.16831      0.56683        0.553   1000
285605       5  118172569  118324240     72       7  351827      -1.5651      0.94122        0.937   1000
1657         5  118406839  118584822     15       2  351827      0.69426      0.24376        0.231   1000
3295         5  118788138  118878030     18       2  351827      -1.3671       0.9142        0.905   1000
340069       5  118965254  118971517    166      12  351827       1.2026      0.11456          0.1   1000
28966        5  122181149  122347317     38       4  351827     -0.40982      0.65903        0.657   1000
5480         5  122359078  122372425    248       2  351827     -0.49216       0.6887        0.685   1000
93166        5  122424841  122529960    230       4  351827     -0.19599      0.57769        0.567   1000
153241       5  122680579  122759286    181       8  351827     -0.54454      0.70697        0.704   1000
1456         5  122847793  122952739      2       1  351827       -1.339      0.90971        0.894   1000
65983        5  125695788  125829853     51       5  351827     0.065264      0.47398        0.471   1000
501          5  125877533  125931104     96       6  351827     -0.63361      0.73683        0.749   1000
401207       5  126378250  126409184    304       5  351827      0.85876      0.19524        0.194   1000
2201         5  127593601  127873735    546       9  351827     -0.79558      0.78686        0.823   1000
28965        5  128300951  128369335      7       1  351827         -1.2      0.88492         0.89   1000
337876       5  129240389  129522327     55       1  351827       1.0366      0.14996        0.137   1000
3094         5  130494976  130501041    277       5  351827     -0.70094      0.75833        0.767   1000
56990        5  130599702  130730383    186      11  351827     -0.92869      0.82348        0.823   1000
51735        5  130759614  130970929    232       3  351827     0.094092      0.46252        0.468   1000
728637       5  131142683  131281391    431       3  351827     -0.10761      0.54285        0.539   1000
8572         5  131593351  131609147    283       6  351827     -0.42167      0.66337        0.656   1000
6584         5  131705396  131731306     72       3  351827      0.32969      0.37082        0.369   1000
10111        5  131892616  131980313     50       1  351827      0.20712      0.41796        0.428   1000
11127        5  132028323  132073265    146       5  351827      -0.9143      0.81972        0.814   1000
134549       5  132157833  132166655    112       2  351827     -0.22245      0.58802        0.578   1000
27089        5  132202319  132204536     14       1  351827       1.6608     0.048375        0.048   1000
23105        5  132532152  132948223    207      14  351827     0.019096      0.49238        0.496   1000
7416         5  133307566  133341300     28       2  351827      0.58823      0.27819        0.288   1000
6500         5  133492082  133512724    257       3  351827      -1.5052      0.93386         0.99   1000
5515         5  133532148  133561950     76       1  351827       -2.118      0.98291        0.983   1000
91368        5  133737756  133747598     14       4  351827     -0.86297      0.80592        0.789   1000
23338        5  133860003  133918918     22       4  351827       2.8809    0.0019825       0.0024   5000
819          5  134074170  134087850    100       5  351827      0.86107       0.1946        0.189   1000
79770        5  134209427  134237323      3       1  351827       1.1464      0.12581        0.103   1000
84105        5  134240810  134298336     39       1  351827      -0.1341      0.55334        0.542   1000
5307         5  134363424  134369964     28       1  351827       -1.173       0.8796        0.891   1000
4090         5  135468536  135518422    164       2  351827       1.2766      0.10087        0.101   1000
6695         5  136310987  136835018     70       6  351827       2.5366    0.0055974       0.0064   5000
8382         5  137450861  137475132     16       3  351827      0.19359      0.42325        0.398   1000
51780        5  137688285  137772716    162       8  351827      0.14425      0.44265        0.433   1000
51308        5  137774690  137782658     30       4  351827       1.4254     0.077028        0.084   1000
1495         5  138089075  138270723    194       3  351827      0.60581      0.27232        0.264   1000
64374        5  138282409  138534065    379       3  351827     0.090556      0.46392        0.427   1000
389333       5  138727635  138730885      8       1  351827      0.96766      0.16661        0.173   1000
202051       5  138731514  138739820     49       3  351827      0.18029      0.42846        0.418   1000
202052       5  138745892  138780171    154       9  351827       1.0211      0.15359        0.153   1000
340061       5  138855113  138862343     13       2  351827      -1.8539      0.96812        0.966   1000
84249        5  139175406  139224051      8       1  351827     -0.12565         0.55        0.543   1000
5201         5  139624635  139682689    275      10  351827       1.9106     0.028031        0.034   1000
1839         5  139712428  139726188      2       1  351827     -0.70107      0.75837        0.728   1000
10011        5  139929652  139937678     49       2  351827      -1.6352        0.949        0.955   1000
55374        5  140019012  140024989    409       7  351827       1.3959     0.081367        0.096   1000
4695         5  140024948  140027370     63       1  351827       1.2541       0.1049        0.121   1000
3550         5  140027384  140042065    430       9  351827       1.4145     0.078604        0.096   1000
54853        5  140044384  140051930    294       4  351827      0.94999      0.17106        0.192   1000
153527       5  140078265  140086248     34       1  351827       1.2583      0.10415        0.123   1000
56144        5  140186672  140391929    346       6  351827       0.9017      0.18361        0.194   1000
56143        5  140201361  140391929    299       5  351827       1.5232     0.063855        0.073   1000
56142        5  140207650  140391929      7       3  351827      -1.4952      0.93256        0.932   1000
56141        5  140213969  140391929    434       7  351827       1.2385      0.10777        0.124   1000
56139        5  140235634  140391929    289       6  351827      0.62804      0.26499         0.26   1000
56136        5  140261854  140391929     47       3  351827      -1.4981      0.93295        0.928   1000
56130        5  140529839  140532868    100       5  351827       1.3066     0.095666        0.099   1000
56128        5  140557371  140560081    288      17  351827      0.49099      0.31172         0.28   1000
57717        5  140560980  140566710    251      14  351827     -0.20901      0.58278        0.599   1000
56127        5  140566893  140571111     92       5  351827      0.29153      0.38532        0.375   1000
56126        5  140571952  140575213    102       7  351827    -0.037926      0.51513        0.499   1000
56125        5  140578916  140582618    149      11  351827     -0.28462      0.61203        0.617   1000
56124        5  140587914  140592143    141      10  351827        1.083       0.1394        0.125   1000
56123        5  140593509  140596993     24       1  351827      0.52741      0.29895        0.312   1000
56122        5  140603078  140605860     62       5  351827     -0.45902      0.67689        0.663   1000
56121        5  140625147  140627802    135      12  351827     -0.82153      0.79433        0.782   1000
56114        5  140709388  140892546     29       2  351827       0.4796      0.31576         0.32   1000
56113        5  140718354  140892546     54       4  351827      -1.2289      0.89044        0.893   1000
56110        5  140743729  140892546     43       1  351827      -3.0417      0.99882        0.998   1000
56109        5  140749811  140892546    160      10  351827       1.3587     0.087117        0.087   1000
56100        5  140787588  140892546     43       4  351827     -0.73858      0.76992        0.778   1000
56105        5  140800537  140892546      1       1  351827     -0.98698      0.83817        0.837   1000
1729         5  140894588  140998622     47       4  351827      0.94847      0.17145        0.146   1000
285613       5  141016517  141020918      6       2  351827      0.22071      0.41266        0.409   1000
89848        5  141018869  141030986     29       5  351827     -0.26577      0.60479        0.592   1000
5097         5  141232655  141258361      4       1  351827     -0.52546      0.70037        0.697   1000
9812         5  141303350  141330027      4       1  351827       1.4097      0.07931        0.084   1000
9604         5  141346402  141369856     90       2  351827      0.17942       0.4288        0.438   1000
80762        5  141488324  141534008     92       3  351827      0.99205      0.16059        0.152   1000
81555        5  143537723  143550278     30       1  351827       1.5236     0.063802        0.072   1000
51520        5  145492589  145562294    569       4  351827      0.93813      0.17409        0.182   1000
10915        5  145826873  145891071     22       3  351827       1.7248     0.042285        0.035   1000
202374       5  146614526  146767418      2       1  351827      0.37375       0.3543        0.341   1000
9832         5  146965002  147162411      1       1  351827     -0.77434      0.78063        0.804   1000
11005        5  147443535  147516925    411      13  351827     -0.26164       0.6032        0.587   1000
79628        5  148361713  148442737    210       6  351827     0.085524      0.46592        0.455   1000
22885        5  148521054  148640002     93       5  351827      0.63598      0.26239        0.244   1000
134265       5  148651401  148721368      2       1  351827     -0.64485      0.74049         0.72   1000
78991        5  148737570  148749221     35       3  351827      -1.0037      0.84225        0.846   1000
27190        5  148753830  148760848      2       1  351827     -0.17085      0.56783        0.571   1000
389337       5  148961064  149014531     97       7  351827      -1.6812      0.95363        0.954   1000
133522       5  149109815  149234585     16       2  351827     -0.45144      0.67416        0.662   1000
81789        5  149372686  149380730     53       4  351827       2.4622    0.0069052       0.0058   5000
22993        5  149380169  149432706    131       7  351827      0.96984      0.16606         0.15   1000
1436         5  149432854  149492935      2       1  351827       1.9319     0.026685        0.021   1000
6534         5  149569520  149590635      2       1  351827      0.12288       0.4511        0.461   1000
6208         5  149822712  149829351     61       2  351827      -2.7424      0.99695        0.996   1000
3340         5  149865365  149937773     24       3  351827      0.53692      0.29566        0.315   1000
55696        5  150070352  150080669      3       1  351827      0.74335      0.22863        0.224   1000
345611       5  150226085  150228231    213       3  351827     -0.58897      0.72206        0.705   1000
91975        5  150273954  150284545     16       1  351827       -2.015      0.97805        0.985   1000
309          5  150480267  150537443     19       2  351827     -0.13748      0.55467         0.57   1000
26112        5  150560613  150603654     32       4  351827      -2.3148      0.98969        0.994   1000
2760         5  150632613  150650083    137      16  351827      -1.3456      0.91078        0.902   1000
206358       5  150816553  150871940    196      15  351827      -1.3905       0.9178        0.929   1000
2196         5  150883653  150948505     56       7  351827     -0.25062      0.59895        0.628   1000
6678         5  151040657  151066615     46       3  351827     -0.23526        0.593        0.599   1000
475          5  151122383  151138210    221       7  351827      0.77076      0.22042        0.201   1000
2890         5  152870084  153193429      3       1  351827      0.51549       0.3031        0.294   1000
10827        5  153369723  153418497     63       3  351827      -1.1296      0.87067        0.857   1000
4238         5  153418519  153437014    118      13  351827      0.33664      0.36819        0.353   1000
55568        5  153570295  153800544    255      10  351827       1.7932     0.036472        0.042   1000
79685        5  153825517  153840613     24       4  351827      0.77001      0.22065        0.214   1000
9337         5  154237755  154256352     54       6  351827     -0.34738      0.63585        0.619   1000
25929        5  154266976  154317776     82       3  351827       1.3328     0.091303         0.09   1000
26762        5  156455989  156486130    238      10  351827     -0.33397       0.6308        0.623   1000
9443         5  156565451  156569921      6       1  351827     -0.23064       0.5912        0.611   1000
8728         5  156822071  157002831    202      14  351827      0.62261      0.26677        0.311   1000
348938       5  156887027  156901730    124       7  351827       1.2773      0.10075        0.117   1000
134510       5  158690089  158713048     12       1  351827      -1.1508       0.8751        0.858   1000
114898       5  159774761  159797657     34       4  351827       1.9587     0.025072         0.02   1000
10569        5  159828648  159846168      3       1  351827      0.55785      0.28848         0.29   1000
900          5  162864573  162872022      4       1  351827       1.2796      0.10034        0.091   1000
134492       5  162880586  162887143     27       2  351827     -0.18805      0.57458        0.553   1000
5917         5  167913463  167946311     99       1  351827    -0.059978      0.52391        0.532   1000
6586         5  168088738  168728133      8       2  351827      0.54249      0.29374        0.293   1000
54908        5  169010638  169031782    245      11  351827      0.16568       0.4342        0.442   1000
100131897    5  169290719  169407744     66       7  351827     0.032674      0.48697        0.515   1000
2568         5  170210723  170241051     42       6  351827        -1.04      0.85084        0.853   1000
64901        5  170288880  170727454     21       1  351827      0.49754       0.3094        0.298   1000
4869         5  170814652  170837888      2       1  351827      0.40266       0.3436        0.344   1000
285590       5  171752185  171881527    135       3  351827       1.2111      0.11293        0.097   1000
57222        5  172261223  172379688     43       4  351827       1.0478      0.14737        0.135   1000
51121        5  172385917  172396774      1       1  351827      0.11449      0.45443        0.436   1000
8992         5  172410763  172461900      5       1  351827      0.73041      0.23257        0.224   1000
662          5  172571445  172591390     84       6  351827       1.1441      0.12629        0.125   1000
8614         5  172741726  172756506      2       1  351827      -2.0308      0.97886         0.97   1000
91272        5  173034148  173043706     12       1  351827       0.4658      0.32068        0.321   1000
1812         5  174867675  174871163     14       3  351827      0.73841      0.23013        0.236   1000
285598       5  175792477  175800934     20       1  351827      0.34846      0.36375        0.364   1000
51491        5  175810940  175815763      7       2  351827      -1.0528      0.85378        0.859   1000
192286       5  175815784  175816751     96       9  351827       1.2733      0.10146        0.112   1000
22838        5  175953700  175965026      7       2  351827      0.16948      0.43271        0.436   1000
114787       5  176022803  176044339     16       2  351827     -0.95442      0.83006        0.811   1000
26262        5  176074388  176086059     48       4  351827      -1.8631      0.96878        0.968   1000
2264         5  176513906  176525143     21       3  351827      0.57129       0.2839        0.313   1000
53917        5  176728199  176730744     84       4  351827      0.32982      0.37077        0.389   1000
83463        5  176732501  176741096    148      10  351827       0.4976      0.30938        0.299   1000
10636        5  176784704  176799599    105       9  351827     -0.28431      0.61191        0.606   1000
1627         5  176883613  176900694     34       1  351827       2.1951     0.014077        0.019   1000
79930        5  176928905  176937490     37       1  351827     -0.27488      0.60829        0.589   1000
54540        5  176946790  176981548     30       2  351827     -0.20064      0.57951        0.563   1000
54732        5  177019213  177023108     98       5  351827       -2.488      0.99358        0.998   1000
11285        5  177027119  177037348     78       5  351827      -2.5144      0.99404        0.998   1000
57396        5  178029664  178054093     46       2  351827      0.55574      0.28919        0.291   1000
117608       5  178286954  178311424    109       8  351827      0.50991      0.30506        0.301   1000
80108        5  178322899  178360213    104       7  351827      0.32819      0.37138        0.377   1000
285676       5  178368194  178393218     77       7  351827      0.15146      0.43981        0.453   1000
345462       5  178450776  178461388     99       3  351827      -1.1859      0.88217        0.865   1000
30832        5  178487607  178510022      4       1  351827     -0.71371       0.7623        0.758   1000
80230        5  178977562  179037027    126      12  351827    -0.075687      0.53017        0.512   1000
3187         5  179041179  179050722     18       2  351827     -0.23652      0.59349        0.578   1000
821          5  179125019  179158642    122       6  351827       1.0464      0.14768        0.151   1000
9794         5  179159833  179208035      2       1  351827     -0.87475      0.80915         0.81   1000
11282        5  179224597  179233952      1       1  351827       0.5017      0.30794        0.317   1000
51149        5  179263927  179285867      8       2  351827      -1.3471      0.91103        0.912   1000
23061        5  179289071  179334879     50      13  351827     -0.45511      0.67548        0.678   1000
55819        5  179382067  179499118    106       5  351827      0.16396      0.43488        0.428   1000
255426       5  179527795  179636130     14       2  351827   -0.0043385      0.50173        0.504   1000
5601         5  179660594  179719071     55       5  351827      0.94804      0.17155        0.163   1000
4245         5  180217541  180237939     14       2  351827      0.98514      0.16228        0.148   1000
643836       5  180272435  180288334     85       5  351827       3.7646   8.3424e-05       0.0001  10000
79908        5  180326077  180377906    192      10  351827     -0.01994      0.50795        0.521   1000
10917        5  180415845  180433727    175       9  351827     -0.16111        0.564        0.562   1000
153579       5  180467203  180488523     40       4  351827      0.18307      0.42737        0.433   1000
81786        5  180620924  180632293     99      10  351827      -1.0299      0.84846        0.847   1000
10399        5  180663928  180671209      3       1  351827     -0.69233      0.75563        0.754   1000
3662         6     391739     411443      2       1  351827       2.4515    0.0071127        0.007   5000
55770        6     485138     693141    181      20  351827      0.79902      0.21214        0.199   1000
340156       6    2663863    2765615    153      20  351827     -0.27379      0.60788        0.576   1000
5272         6    2887499    2903546     13       3  351827       0.7347      0.23126        0.245   1000
5269         6    2948393    2972399     47       5  351827     -0.90674      0.81773        0.806   1000
4835         6    3000067    3019997    196      20  351827     -0.67948      0.75158        0.753   1000
8737         6    3064201    3115421     14       2  351827     -0.96365      0.83239         0.83   1000
670          6    3118926    3153833     17       2  351827        1.711     0.043543        0.046   1000
347733       6    3224495    3227968     84       6  351827       1.7444     0.040544        0.045   1000
389362       6    3259162    3268300    158       5  351827      0.67704      0.24919         0.26   1000
63027        6    3269207    3456954      2       1  351827    -0.010994      0.50439        0.477   1000
221749       6    3722836    3752246     11       1  351827       1.0643       0.1436        0.142   1000
404220       6    4079440    4131000     90       6  351827      0.51364      0.30375        0.305   1000
10455        6    4115927    4135831     71       4  351827       1.0106      0.15609        0.168   1000
57128        6    5047395    5261172     92       8  351827      0.38545      0.34995        0.332   1000
648791       6    5085720    5087455     37       3  351827      0.70926      0.23908         0.24   1000
10667        6    5261251    5771816      3       1  351827       0.2627      0.39639        0.398   1000
2162         6    6144311    6320924      2       1  351827     -0.24905      0.59834         0.61   1000
9450         6    6588934    6655216     55       5  351827      -2.1067      0.98243         0.98   1000
6745         6    7281283    7313541     22       1  351827      -1.6383      0.94932        0.948   1000
83732        6    7390062    7418270    226       4  351827      -1.2421       0.8929         0.88   1000
1832         6    7541808    7586946    194       3  351827      -1.7938      0.96358        0.957   1000
81567        6    7881483    7911047     77       8  351827     -0.39079      0.65202        0.638   1000
63915        6    8013800    8064647     29       2  351827      0.35811      0.36013        0.367   1000
9521         6    8073593    8102828     26       1  351827     -0.67248      0.74936        0.759   1000
347744       6   10671651   10695030     42       1  351827      0.21306      0.41564        0.416   1000
55003        6   10695180   10710015      3       1  351827     -0.48565      0.68639        0.693   1000
51522        6   10723148   10741577     33       3  351827     -0.28224      0.61112        0.628   1000
81853        6   10747995   10770389     17       2  351827     0.056711      0.47739         0.49   1000
4117         6   10762956   10838788      3       1  351827       1.3768     0.084285         0.07   1000
221711       6   10887064   10974542    106       9  351827      0.76088      0.22336        0.243   1000
100113407    6   11538460   11583757    387      13  351827       2.0971     0.017993        0.016   1000
84830        6   11711505   11779861     35       3  351827      0.78069      0.21749        0.231   1000
1906         6   12290529   12297427      1       1  351827       1.9743     0.024172        0.023   1000
51256        6   13305183   13328787     91       8  351827      0.26097      0.39706        0.417   1000
54438        6   13363587   13487869    115       7  351827     -0.57295      0.71666        0.729   1000
23408        6   13574506   13615390     26       2  351827       1.0418      0.14874        0.149   1000
63933        6   13786781   13814794     51       4  351827      0.12555      0.45004        0.451   1000
221687       6   13924677   13980240     27       2  351827      -0.3362      0.63164        0.612   1000
9308         6   14117487   14137149     40       3  351827     -0.77438      0.78065        0.761   1000
84062        6   15523032   15663289    118      11  351827      -1.0827      0.86054        0.859   1000
2766         6   16238811   16295780      5       2  351827      -1.1454      0.87398        0.862   1000
6310         6   16299343   16761721      1       1  351827       1.1755      0.11989        0.112   1000
9972         6   17615266   17707065     22       1  351827      0.88228      0.18881        0.186   1000
63971        6   17759414   17987864     56       5  351827        1.089      0.13809        0.133   1000
7172         6   18128542   18155374     67       9  351827      -2.2229      0.98689        0.992   1000
154141       6   20099915   20212695      6       2  351827      0.18487      0.42667        0.448   1000
1871         6   20402137   20493945      1       1  351827     -0.78781      0.78459        0.778   1000
57380        6   24403141   24425816    161       6  351827     0.098435      0.46079        0.427   1000
2822         6   24426060   24495433     91       1  351827      0.32752      0.37164        0.343   1000
7915         6   24495197   24537435     25       2  351827      -2.2463      0.98766        0.988   1000
55856        6   24667263   24705297     17       1  351827     -0.39862      0.65492        0.643   1000
81688        6   24705089   24721064    151      17  351827      -0.1319      0.55247        0.523   1000
9750         6   24804512   24936275     20       1  351827      -1.6128      0.94661        0.946   1000
64771        6   34555065   34664625     16       4  351827        3.815   6.8102e-05       0.0004  10000
54887        6   34759794   34845291     41       8  351827       1.6154     0.053107        0.042   1000
23294        6   34857038   35085802     24       1  351827       1.7817       0.0374        0.037   1000
6954         6   35085848   35109187    290       9  351827      0.98453      0.16243         0.18   1000
7629         6   35226691   35263762     48       1  351827       1.6772     0.046753        0.052   1000
50619        6   35265595   35289548     56       1  351827       1.6298      0.05157        0.063   1000
4736         6   35436178   35438558    131       8  351827       1.2163      0.11193        0.129   1000
7287         6   35465651   35480715    183      11  351827      0.66162      0.25411        0.264   1000
221481       6   35701567   35716690     15       2  351827       1.3597     0.086968         0.09   1000
116369       6   35911291   35992413    113       5  351827      0.42425      0.33569        0.339   1000
51513        6   36321998   36355577     83       5  351827      -1.0637      0.85628        0.847   1000
1026         6   36644237   36655116      5       1  351827      0.84865      0.19804        0.207   1000
221477       6   36853640   36896740      2       1  351827     -0.72012      0.76427        0.751   1000
221472       6   36973423   36996845      6       2  351827      0.45261      0.32541        0.318   1000
221468       6   37179954   37225931     57       3  351827      0.57194      0.28368        0.266   1000
9025         6   37321748   37362514     60      11  351827      0.29503      0.38399        0.383   1000
154467       6   37450696   37467700    109       5  351827      0.89129      0.18639        0.188   1000
266727       6   37600284   37665766     71      13  351827      0.96951      0.16615        0.176   1000
114781       6   38136227   38608202     57       4  351827      0.76773      0.22132        0.249   1000
2739         6   38643701   38670952    113       8  351827    -0.061126      0.52437        0.539   1000
2740         6   39016557   39056657     42       4  351827      0.45825      0.32339        0.321   1000
55776        6   39071840   39082865      6       1  351827      0.79301      0.21389        0.219   1000
89822        6   39266777   39282237     16       3  351827      0.30668      0.37954        0.399   1000
221458       6   39302876   39693181    182      16  351827       1.0975      0.13622        0.142   1000
23500        6   39760159   39872653      2       1  351827      0.60436       0.2728        0.275   1000
222643       6   40994640   41006938      1       1  351827     -0.94924      0.82875        0.813   1000
4800         6   41040707   41070146     86       1  351827      -1.5851      0.94353        0.949   1000
79865        6   41157552   41168925      3       1  351827      0.13929      0.44461        0.414   1000
285852       6   41196062   41206120    100       6  351827     -0.72478      0.76571        0.748   1000
54210        6   41242999   41254457      6       2  351827    -0.068604      0.52735        0.529   1000
7942         6   41651716   41703997      8       2  351827     -0.21932       0.5868        0.579   1000
10817        6   41737914   41747643     14       4  351827      -0.1346      0.55353        0.544   1000
29964        6   41748500   41755110    122       6  351827       -1.876      0.96967        0.969   1000
25862        6   41757634   41863099    131       8  351827      -2.5282      0.99427        0.995   1000
9477         6   41873092   41888877    105       5  351827       -2.676      0.99628        0.998   1000
896          6   41902671   42016610     28       2  351827     -0.38695       0.6506        0.654   1000
2979         6   42151022   42162694     94       3  351827      -1.0776      0.85939        0.848   1000
55173        6   42174539   42185633    231      12  351827     -0.69315      0.75589        0.759   1000
23304        6   42531748   42661243     12       1  351827       0.1456      0.44212        0.419   1000
5961         6   42664333   42690692    229      12  351827      0.89761       0.1847         0.17   1000
23506        6   42749790   42836296     59       2  351827     -0.33351      0.63063        0.625   1000
285855       6   42847354   42857627     64       2  351827      -0.2374      0.59383          0.6   1000
441150       6   42858003   42858554     23       2  351827       1.0072      0.15693        0.157   1000
10695        6   42896860   42911666     13       2  351827      0.61158      0.27041        0.301   1000
27232        6   42928500   42931618     80       4  351827      -1.4115      0.92095         0.93   1000
5190         6   42931611   42946981    237      17  351827     -0.86944       0.8077        0.821   1000
4201         6   42948082   42981947     10       3  351827     -0.65221      0.74287        0.723   1000
9820         6   43005355   43021683    156      14  351827      0.85104      0.19737        0.211   1000
89953        6   43027372   43042833      2       1  351827         1.88     0.030053        0.032   1000
23113        6   43149913   43192325      2       1  351827      -1.9883      0.97661         0.98   1000
10591        6   43193367   43197211    188      11  351827      0.94057      0.17346        0.177   1000
24149        6   43303808   43337181     10       2  351827      -1.9912      0.97677        0.982   1000
93643        6   43445261   43474294    104       2  351827       1.3856     0.082929         0.09   1000
7422         6   43737946   43754224      4       1  351827    -0.066663      0.52658        0.516   1000
64928        6   44081372   44095191     82       7  351827      -1.0339      0.84942        0.865   1000
55362        6   44094599   44123256     38       2  351827      0.35063      0.36293         0.36   1000
11131        6   44126548   44152139     25       6  351827     -0.79231      0.78591        0.778   1000
2030         6   44187242   44201888     31       7  351827     -0.89507      0.81463        0.834   1000
202500       6   44247248   44265458     30       2  351827      -0.9554      0.83031        0.823   1000
8464         6   44794467   45345788    327       9  351827     -0.46852      0.68029        0.679   1000
860          6   45296054   45518819      1       1  351827      -2.4723      0.99329        0.992   1000
53405        6   45866188   46048085      6       1  351827     -0.92548      0.82264        0.817   1000
22875        6   46097701   46114436     30       3  351827       1.0638      0.14371        0.131   1000
59084        6   46126922   46138737    111       4  351827     -0.73526      0.76891        0.751   1000
9481         6   46620652   46645927    117      14  351827     -0.10734      0.54274        0.545   1000
221400       6   46655612   46672056    199      20  351827     -0.53795      0.70469        0.708   1000
7941         6   46672053   46703430      3       1  351827     -0.27528      0.60845        0.594   1000
4594         6   49398073   49431041    296      12  351827     -0.74566      0.77206        0.792   1000
55166        6   49431054   49460820   1007      22  351827      -1.1219      0.86905         0.89   1000
135398       6   49518113   49523166     72       3  351827     -0.32225      0.62637        0.661   1000
85315        6   52226926   52272575     66      11  351827       1.6802     0.046463        0.048   1000
28978        6   52535884   52551386     13       2  351827     -0.41603      0.66131        0.657   1000
2941         6   52842746   52860178     48       3  351827       1.0278      0.15201        0.159   1000
26268        6   52922586   52965671      3       1  351827     -0.55103      0.70919        0.723   1000
8521         6   52991759   53013624     10       1  351827     -0.84637      0.80133        0.784   1000
60481        6   53132196   53213977      1       1  351827      -1.5631      0.94099        0.939   1000
2729         6   53362139   53409927      3       1  351827     0.034214      0.48635        0.524   1000
401265       6   53512699   53530506     92       1  351827       1.6098     0.053721        0.063   1000
55227        6   53659295   53789490    231      14  351827      0.62026      0.26754        0.275   1000
90523        6   53883714   54131078     72       3  351827      0.96363      0.16762        0.181   1000
222584       6   54711569   54809897    200       6  351827      0.68667      0.24615        0.224   1000
667          6   56322785   56819426      9       2  351827     0.076425      0.46954        0.462   1000
221336       6   56819773   56892450    422      12  351827      0.82827      0.20376        0.218   1000
57691        6   56911343   56920023    232       7  351827       1.0495      0.14697        0.142   1000
26036        6   56954808   57035103      1       1  351827       0.2408      0.40485        0.398   1000
202559       6   62389865   62996100    230       7  351827      -1.3801      0.91622        0.894   1000
1297         6   70925743   71012786     27       2  351827     -0.37209      0.64509        0.664   1000
135154       6   71276625   71298606     47       2  351827      0.21724      0.41401         0.42   1000
135152       6   71566914   71667101     14       1  351827      0.29774      0.38295        0.367   1000
79627        6   71998477   72013267     19       1  351827      -1.0107      0.84391        0.869   1000
22999        6   72596406   73112845     37       1  351827      0.50383      0.30719        0.332   1000
56479        6   73331571   73908574      9       1  351827      -1.5027      0.93354        0.939   1000
80759        6   73951037   74019938    169      10  351827      0.99389      0.16014        0.179   1000
441161       6   74078278   74079515     12       1  351827      0.11952      0.45243        0.459   1000
55510        6   74104285   74127289      2       1  351827      0.43692      0.33108         0.34   1000
25821        6   74171454   74211179    162       9  351827      0.68381      0.24705        0.257   1000
26503        6   74303102   74363737    268       6  351827       1.5923     0.055656        0.076   1000
135228       6   74405508   74538041     61       3  351827      -1.1663      0.87825        0.882   1000
1303         6   75794042   75915623    216      10  351827     -0.38155       0.6486        0.656   1000
55754        6   75962638   75994632     34       3  351827     -0.56936      0.71544        0.719   1000
27145        6   76004607   76203516     86       4  351827      0.48065      0.31538        0.289   1000
26054        6   76311596   76427997     31       2  351827     0.020112      0.49198        0.511   1000
4646         6   76458893   76629254    191       6  351827    -0.086477      0.53446        0.518   1000
134728       6   79577261   79714545    846      19  351827     -0.18306      0.57262        0.548   1000
55023        6   79644136   79788011    185       4  351827      0.66308      0.25364        0.245   1000
83699        6   80341000   80413369    159      14  351827       1.5732     0.057838        0.071   1000
6785         6   80624529   80657315    203       7  351827      0.42512      0.33538        0.341   1000
594          6   80816344   81055987    115       3  351827    -0.039781      0.51587        0.534   1000
55603        6   82366829   82462607      1       1  351827      0.25839      0.39805        0.405   1000
25998        6   82879956   82957448      2       1  351827      0.96992      0.16604        0.178   1000
7162         6   83072923   83077134    207       8  351827     -0.48974      0.68784        0.691   1000
23033        6   83777385   83881069    352       9  351827     -0.34128      0.63355        0.653   1000
134701       6   84562985   84567234     43       1  351827     0.021103      0.49158        0.459   1000
9096         6   85442214   85473954     27       3  351827       1.8564     0.031699        0.035   1000
4907         6   86159302   86205509    118       4  351827      0.12256      0.45123        0.468   1000
57150        6   88032306   88052043    215       8  351827      0.86567      0.19334        0.203   1000
206412       6   88054571   88075381    626      12  351827       2.5115     0.006011       0.0058   5000
154313       6   88117690   88174191    230       9  351827       2.3374    0.0097081       0.0098   5000
10559        6   88182637   88222057     13       2  351827      -1.0341      0.84945        0.851   1000
55122        6   88384578   88411985     15       1  351827       1.0288      0.15179        0.157   1000
8732         6   89319988   89673440     41       8  351827      0.60847      0.27144        0.264   1000
135295       6   89805678   89827800     86       2  351827     -0.24165      0.59547        0.582   1000
2570         6   89966840   90025018     28       6  351827      -2.5806      0.99507        0.998   1000
22881        6   90142897   90343553     32       2  351827     0.029165      0.48837        0.489   1000
57226        6   90341943   90348474    201      16  351827      0.83447      0.20201         0.21   1000
23195        6   90352494   90529442     27       1  351827      0.45674      0.32393        0.312   1000
6885         6   91223292   91297020     38       2  351827       1.7744     0.037995        0.036   1000
79694        6   96025373   96057333    340      16  351827      -1.2521      0.89473        0.928   1000
23376        6   96969702   97003152      8       1  351827     -0.44664      0.67243        0.671   1000
81491        6   97241998   97285353    118       3  351827     -0.27602      0.60873        0.619   1000
29078        6   97337187   97345767    107       5  351827    -0.096327      0.53837        0.562   1000
253714       6   97590037   97731126    254      12  351827       1.4815     0.069235         0.06   1000
85015        6   99880182   99963565     74       4  351827       1.5675     0.058496        0.058   1000
10973        6  100956325  101329243    154      10  351827      -1.6634      0.95188        0.954   1000
2898         6  101841584  102517958     24       2  351827      0.66357      0.25348        0.261   1000
57531        6  105175968  105307794    222      10  351827       2.3321    0.0098466        0.012   1000
11149        6  105544697  105585049     89       3  351827     -0.82879      0.79639        0.808   1000
202          6  106808683  107018335     41       4  351827       1.0796      0.14016         0.13   1000
55278        6  107077441  107116292    251      21  351827      -1.0048       0.8425        0.835   1000
57107        6  107473761  107780779     52       7  351827      -1.2345      0.89149        0.895   1000
6610         6  109761849  109765125    505       5  351827      0.87275       0.1914        0.177   1000
64780        6  109765265  109787171    169      13  351827       1.0547      0.14579        0.139   1000
221264       6  109814059  110012415    681      12  351827      0.65281      0.25694        0.248   1000
8936         6  110421022  110501219    383      10  351827      0.21277      0.41575        0.421   1000
728464       6  110566666  110679475      8       1  351827     -0.77262      0.78013        0.796   1000
8528         6  110709545  110736839    119      13  351827      0.65873      0.25504        0.255   1000
85413        6  110745890  110797844    141      16  351827      0.68299      0.24731        0.237   1000
23097        6  110931181  111136590      5       1  351827      0.89731      0.18478        0.188   1000
84154        6  111303274  111347299    445      11  351827       1.9603      0.02498        0.022   1000
117247       6  111408728  111544608      1       1  351827      0.49503      0.31029        0.302   1000
91749        6  111580482  111590263    101       5  351827     -0.29463      0.61586        0.603   1000
2534         6  111981535  112194655      2       1  351827      0.13947      0.44454        0.442   1000
619208       6  112408674  112423993    150       4  351827       -1.843      0.96734        0.962   1000
3910         6  112429134  112575924     16       3  351827      0.22927      0.40933        0.427   1000
2444         6  116262691  116397360     71       3  351827       1.5052     0.066134        0.076   1000
221294       6  116421999  116566853    210      10  351827      0.74668      0.22763        0.228   1000
7259         6  116596022  116601280    106       9  351827     -0.66069       0.7456        0.744   1000
29940        6  116601231  116762422    187       6  351827       1.5715     0.058034        0.064   1000
441168       6  116782533  116784948    263      13  351827      -1.1712      0.87924        0.892   1000
254228       6  116832808  116839709     51       4  351827       1.7617     0.039063        0.046   1000
221301       6  116850176  116880031     37       2  351827       0.3578      0.36024        0.349   1000
51389        6  116892583  116914438    208      16  351827      -0.6206      0.73257        0.726   1000
345895       6  116937642  116954148    135       9  351827      -1.9569      0.97482        0.971   1000
221302       6  116956781  116989973      3       1  351827      0.76964      0.22076        0.239   1000
221303       6  117073360  117086886     26       2  351827      0.50513      0.30674        0.325   1000
245806       6  117586721  117594728     49       6  351827      0.39344        0.347        0.352   1000
285761       6  117803803  117891021    354      13  351827      0.60005      0.27424        0.291   1000
57120        6  117881432  117923705     89       5  351827       1.7593      0.03926        0.044   1000
116150       6  117996617  118031890      3       1  351827      -1.4245      0.92284         0.93   1000
222553       6  118228689  118638839     38       2  351827     -0.22664      0.58965        0.575   1000
254394       6  119134612  119256327    105       7  351827      0.85811      0.19542        0.192   1000
79632        6  119280992  119470552    138       8  351827    -0.081642      0.53253         0.54   1000
2697         6  121756745  121770873      5       2  351827       2.0887     0.018367        0.025   1000
3298         6  122720696  122754264    471      13  351827      -1.0065      0.84292        0.853   1000
10924        6  123109601  123130865     18       3  351827      0.75493      0.22515        0.236   1000
154214       6  125283680  125413779     38       1  351827      0.42628      0.33495        0.352   1000
7164         6  125474876  125584644     60       5  351827     -0.84853      0.80193        0.783   1000
51020        6  125596496  125623287    163      10  351827      -1.2842      0.90046        0.898   1000
135112       6  126102307  126253176      7       1  351827      0.55666      0.28888        0.275   1000
387103       6  126660660  126670548     38       1  351827      -1.2191       0.8886        0.909   1000
55862        6  127609857  127665214      2       1  351827      0.46698      0.32026        0.333   1000
9729         6  127759551  127780535      7       1  351827     -0.98539      0.83778        0.858   1000
93663        6  129897290  130031370     58       5  351827       0.9385      0.17399        0.172   1000
84456        6  130339728  130462594    159      10  351827       2.7149     0.003315       0.0036   5000
9465         6  131456826  131604675     46       2  351827      0.94731      0.17174        0.169   1000
383          6  131894344  131905472     18       2  351827       0.9634      0.16767        0.166   1000
5169         6  131958375  132068550     64       7  351827     -0.86687      0.80699        0.819   1000
5167         6  132129156  132216295     26       3  351827     -0.79901      0.78786        0.808   1000
8417         6  132778663  132834337     26       4  351827       1.0907       0.1377        0.132   1000
8876         6  133001997  133035194    112       6  351827      0.73611      0.23083        0.238   1000
55350        6  133043926  133055904     44       2  351827       1.4783     0.069659        0.077   1000
8875         6  133065009  133084598     67       6  351827       1.2545      0.10482        0.114   1000
116843       6  133090507  133119747     97       5  351827     -0.31736      0.62452        0.626   1000
2070         6  133561512  133853258     15       2  351827      -0.2484      0.59809        0.594   1000
6943         6  134210259  134216675     85       8  351827     -0.28785      0.61327        0.606   1000
64577        6  135238528  135271260    352      10  351827      0.23716      0.40627        0.397   1000
10767        6  135281516  135376036    215       5  351827      0.58834      0.27815        0.275   1000
54806        6  135604670  135818903    186       6  351827       2.1012     0.017811        0.014   1000
9053         6  136663419  136871957    185       3  351827    -0.059902      0.52388        0.519   1000
4217         6  136878184  137113656    222       6  351827     -0.16478      0.56544        0.574   1000
5191         6  137143702  137235072     67       5  351827      0.82818      0.20378        0.214   1000
53832        6  137321108  137366317     56       6  351827       1.2557      0.10462        0.102   1000
3459         6  137518621  137540981     27       4  351827      0.19532      0.42257        0.406   1000
64065        6  138409642  138428660      7       2  351827      0.31215      0.37746        0.373   1000
57224        6  138743180  138893726     13       1  351827      0.75725      0.22445        0.206   1000
100507462    6  139046348  139094816    141      18  351827      -1.1383       0.8725        0.874   1000
345930       6  139117248  139225207     43       4  351827     -0.22008      0.58709        0.568   1000
58527        6  139349819  139364439    162      17  351827     -0.10129      0.54034        0.542   1000
10370        6  139693392  139695787      1       1  351827       -2.142       0.9839        0.984   1000
51534        6  142468372  142542085      1       1  351827    -0.020183      0.50805        0.503   1000
57211        6  142623056  142767403     47       1  351827     -0.67177      0.74913        0.743   1000
51390        6  143381979  143661441    114       7  351827      0.75243       0.2259        0.218   1000
134637       6  143743969  143771841    107       4  351827       1.2347      0.10848        0.113   1000
9749         6  143929317  144152322     18       2  351827       0.1508      0.44007        0.429   1000
84946        6  144164508  144184943      2       1  351827     -0.17629      0.56997         0.56   1000
8676         6  144461770  144513076      4       1  351827        1.316     0.094083        0.094   1000
10981        6  146864828  146876086      8       2  351827      0.49738      0.30946        0.312   1000
389432       6  147829807  148058677    201       9  351827       1.9901     0.023288        0.023   1000
10090        6  149068063  149398126     15       3  351827       1.1525      0.12456        0.133   1000
116254       6  149887528  149912067    465       5  351827      0.20894      0.41725        0.392   1000
9113         6  149979289  150039392     48       1  351827     -0.11426      0.54549         0.53   1000
84918        6  150139894  150186398     90       3  351827         1.22      0.11123        0.113   1000
135250       6  150204511  150217195     83       6  351827       0.1453      0.44224        0.436   1000
353091       6  150238014  150244269      5       1  351827     -0.68781      0.75421         0.75   1000
80328        6  150255901  150270371     91       3  351827      -1.5938      0.94451        0.953   1000
80329        6  150285110  150294846     75       7  351827      -2.1454      0.98404        0.987   1000
81706        6  150464188  150571528     94      10  351827       1.0357      0.15017        0.155   1000
55005        6  151725897  151773316     56       3  351827       0.8355      0.20172        0.203   1000
80129        6  151815175  151942328     17       1  351827      0.36081      0.35912        0.356   1000
80177        6  153019030  153045717     61       3  351827      -1.0421      0.85131        0.854   1000
7432         6  153071932  153080900     49       3  351827      -1.4603      0.92789        0.928   1000
54516        6  153308400  153323925    409      26  351827     -0.87379      0.80888        0.793   1000
26575        6  153332026  153452389    263       7  351827     -0.12633      0.55026         0.51   1000
26034        6  154475618  154677900      7       2  351827     -0.33066      0.62955        0.611   1000
57492        6  157098980  157531913      3       1  351827       1.5158     0.064785        0.055   1000
729515       6  157710054  157745253     15       1  351827     -0.32374      0.62693        0.644   1000
8871         6  158402888  158520208     22       5  351827      -0.1882      0.57464        0.576   1000
84947        6  158530536  158589312     91      10  351827     -0.25981       0.6025        0.626   1000
404672       6  158589379  158620376     83       6  351827     -0.89531      0.81469        0.817   1000
56995        6  158653268  158932860    127       3  351827     0.045514      0.48185         0.47   1000
6993         6  159057506  159065804     66       5  351827      -1.0477      0.85261        0.859   1000
83861        6  159398077  159421424    266       6  351827      0.11106      0.45579        0.464   1000
6648         6  160100148  160114353     83       1  351827      -1.8106       0.9649        0.963   1000
9589         6  160147712  160177351    246      11  351827      -1.6745      0.95298        0.964   1000
39           6  160182989  160200087     92       2  351827      -2.0832      0.98138        0.982   1000
29074        6  160211492  160219461    242      11  351827      -1.0072      0.84307        0.841   1000
154197       6  160221281  160241736    202      14  351827      -1.4154      0.92153        0.948   1000
3482         6  160390131  160527583     17       2  351827      0.12843       0.4489         0.42   1000
6580         6  160542821  160580147     74       7  351827       1.8003     0.035906        0.041   1000
6581         6  160769405  160873613    342      12  351827      -0.5916      0.72294        0.713   1000
56895        6  161551057  161695107     10       1  351827      -1.9062      0.97169        0.978   1000
135138       6  163148164  163736524    222       4  351827      -1.1301      0.87079        0.881   1000
285800       6  166718788  166722011     10       1  351827     -0.31007      0.62175         0.61   1000
113402       6  166733516  166755991     31       3  351827       0.6333      0.26327        0.251   1000
6196         6  166822854  167275948     54       2  351827     -0.42991      0.66637        0.693   1000
8635         6  167342992  167370077    384       5  351827      0.40955      0.34107        0.332   1000
11116        6  167412805  167458064    159       2  351827      0.31805      0.37522        0.376   1000
1235         6  167525295  167554168      2       1  351827       -0.861      0.80538        0.805   1000
83887        6  167738574  167756177      4       1  351827      0.87547      0.19066        0.167   1000
4301         6  168227602  168372703     61       1  351827       1.5033     0.066378        0.061   1000
3834         6  168418553  168445769     21       1  351827       1.5624     0.059097        0.056   1000
79981        6  168456425  168482237     28       4  351827    -0.016939      0.50676        0.496   1000
64094        6  168841831  169068674      8       2  351827     -0.58906      0.72209        0.731   1000
253769       6  169857303  170102159    612      17  351827      0.92627      0.17715        0.183   1000
387263       6  170102238  170106402    439      14  351827     -0.35817      0.63989        0.654   1000
55274        6  170104001  170124106    364      10  351827     -0.14504      0.55766        0.567   1000
55780        6  170151718  170181680    120       4  351827     -0.32803      0.62855        0.628   1000
28514        6  170591288  170599815     38       6  351827      0.37785      0.35277        0.343   1000
84498        6  170615812  170716155    236       9  351827      0.73479      0.23123        0.221   1000
5689         6  170844204  170862417    168       6  351827     0.029557      0.48821        0.506   1000
6908         6  170863384  170881958     76       1  351827     -0.10699       0.5426        0.557   1000
5154         7     536895     559481     28       2  351827      0.11792      0.45307        0.434   1000
5575         7     588834     767313    152       8  351827       1.1322      0.12877        0.139   1000
54919        7     766338     826116    250      11  351827      0.20144      0.42018         0.41   1000
23353        7     855194     914557    159       6  351827    -0.075167      0.52996        0.526   1000
11033        7     937537     995208      8       2  351827      0.20746      0.41783        0.406   1000
84310        7    1036623    1177911    158       6  351827       0.3344      0.36904        0.366   1000
115330       7    1084218    1098905     33       3  351827      -1.4625       0.9282        0.924   1000
2852         7    1126443    1133451    117       7  351827     -0.72123      0.76462        0.763   1000
90637        7    1192543    1199855    373      13  351827     -0.58744      0.72155        0.715   1000
79778        7    1473995    1499138      1       1  351827       1.2731      0.10149        0.112   1000
26173        7    1509913    1544018    232       9  351827      0.61495      0.26929        0.264   1000
7975         7    1570368    1582679     26       2  351827     0.085759      0.46583        0.468   1000
8379         7    1855428    2272583      1       1  351827      0.20711      0.41796        0.403   1000
29960        7    2273830    2281840    399      12  351827       2.5144    0.0059621       0.0074   5000
4521         7    2281857    2290780     16       2  351827      -1.0926      0.86271        0.868   1000
8662         7    2394474    2420380     73       5  351827     -0.97219      0.83452        0.827   1000
55501        7    2443195    2474242     68       6  351827      -1.0782      0.85953        0.872   1000
221927       7    2577444    2595392     14       2  351827     -0.52449      0.70003        0.707   1000
23288        7    2598617    2654368      8       1  351827       1.0953      0.13669         0.13   1000
2768         7    2767739    2883963    234      10  351827       2.1037     0.017704        0.016   1000
84433        7    2945709    3083579      2       1  351827   -0.0058698      0.50234        0.501   1000
221935       7    3341080    4308632    567      14  351827      0.21658      0.41427        0.419   1000
221937       7    4721930    4811074     11       2  351827       1.6753     0.046938        0.039   1000
9907         7    4815262    4834026     44       3  351827      0.18174      0.42789        0.415   1000
55698        7    4838736    4923335     43       3  351827      0.21884      0.41339        0.416   1000
57786        7    5085452    5109119     71       5  351827      -1.0358      0.84985        0.844   1000
80028        7    5515428    5553423     39       3  351827     -0.26588      0.60483        0.598   1000
6624         7    5632436    5646287      1       1  351827     -0.80209      0.78875        0.797   1000
54476        7    5659672    5821361     46       2  351827       1.1836      0.11828        0.113   1000
654231       7    5920429    5925994     54       1  351827     -0.57499      0.71735        0.729   1000
51622        7    5938341    5965605    401      23  351827     -0.58526      0.72081        0.747   1000
5395         7    6012870    6048737    243      24  351827     0.094004      0.46255        0.471   1000
7965         7    6048882    6063465      5       1  351827       1.3593     0.087032        0.071   1000
27102        7    6061878    6098860    153       7  351827      0.44209      0.32921        0.327   1000
84792        7    6369040    6388590      2       1  351827       1.8188     0.034475        0.028   1000
5879         7    6414126    6443598     35       2  351827      -1.8988       0.9712        0.963   1000
221955       7    6448747    6487837    164       9  351827      -2.0964      0.98197        0.981   1000
11014        7    6500712    6523849     15       3  351827    -0.037793      0.51507        0.508   1000
392862       7    6536409    6591067     34       2  351827     -0.80427      0.78938        0.776   1000
55146        7    6617065    6628610    106       8  351827      -1.4277      0.92331        0.922   1000
56913        7    7222178    7288282    275      16  351827      0.31482      0.37645        0.372   1000
54468        7    7606522    7647112    348      14  351827      0.11753      0.45322        0.452   1000
6119         7    7676347    7758238     88       5  351827      0.96332      0.16769        0.162   1000
729852       7    7680342    7918854     40       3  351827       1.4033     0.080258         0.08   1000
113263       7    8008374    8128710     10       2  351827     -0.16175      0.56425        0.564   1000
4697         7   10971580   10979813      6       1  351827     -0.15591      0.56195        0.563   1000
9678         7   11013495   11209250     93       3  351827      -1.2309      0.89082        0.892   1000
54664        7   12250848   12276890     15       2  351827       1.5689     0.058339         0.06   1000
85477        7   12609989   12693228     77       3  351827     -0.13775      0.55478        0.547   1000
10124        7   12726452   12730559      3       1  351827      -0.8211       0.7942        0.787   1000
2115         7   13930854   14031050     11       2  351827      -1.0586      0.85512         0.86   1000
1607         7   14184674   14943281      3       1  351827      0.51236       0.3042        0.308   1000
25928        7   16501106   16505562    187      11  351827      0.75318      0.22567        0.218   1000
57037        7   16639401   16685442      1       1  351827      -2.6195       0.9956        0.997   1000
27075        7   16793351   16824161     20       2  351827       1.9326     0.026642        0.026   1000
23161        7   17830385   17980141    247       6  351827      0.58494      0.27929        0.275   1000
221830       7   19735085   19748660     30       2  351827       1.5127     0.065181        0.061   1000
6671         7   21467689   21554440     35       4  351827       1.0265      0.15232        0.149   1000
8701         7   21582833   21941451     99       6  351827       2.0135     0.022031        0.025   1000
9771         7   22157908   22396751      1       1  351827     -0.21913      0.58673        0.546   1000
256227       7   22459063   22539901    150      12  351827      0.47666       0.3168        0.308   1000
54543        7   22852251   22862471    336      20  351827       1.3024     0.096385        0.097   1000
84668        7   22980878   23053814     33       2  351827      -0.9936      0.83979        0.834   1000
55975        7   23145353   23215040    208       4  351827       1.6146     0.053197        0.047   1000
11097        7   23221446   23240630    274       6  351827       1.3473     0.088936        0.098   1000
29896        7   23544399   23571656     39       2  351827     -0.30119      0.61836         0.63   1000
90693        7   23636998   23684327      3       1  351827      -0.2651      0.60454        0.592   1000
56164        7   23749786   23872132     90       6  351827     -0.04383      0.51748        0.507   1000
51678        7   24613007   24733322     38       2  351827       1.5172     0.064607        0.055   1000
1687         7   24737974   24797639     69       4  351827       2.4852    0.0064745        0.011   1000
26031        7   24836159   25019818     18       2  351827        1.251      0.10547        0.099   1000
646588       7   25694948   25702806      1       1  351827      0.89268      0.18601        0.192   1000
9603         7   26191847   26226757      3       1  351827    -0.017593      0.50702        0.516   1000
29887        7   26331515   26413949     77       6  351827       1.4852     0.068749        0.067   1000
8935         7   26697397   27034862    123       4  351827     -0.88834      0.81282        0.826   1000
3199         7   27139973   27142394      4       1  351827      -1.0595      0.85531        0.862   1000
3207         7   27220776   27224835      2       1  351827      0.61987      0.26767        0.231   1000
2128         7   27282164   27287438      4       1  351827      0.18233      0.42766        0.456   1000
11112        7   27565059   27702620    180       7  351827      -0.4067      0.65788        0.657   1000
8887         7   27778992   27869386     10       2  351827     -0.43539      0.66836        0.693   1000
221895       7   27870192   28220437     44       4  351827     -0.06881      0.52743        0.537   1000
54504        7   29035247   29225213     83      10  351827      0.49207      0.31133        0.296   1000
1124         7   29233991   29553944     12       4  351827      0.83306       0.2024         0.19   1000
9805         7   29959719   30029905     17       2  351827      0.52929       0.2983         0.31   1000
84725        7   30067977   30157961    203       4  351827      0.92525      0.17742        0.158   1000
223082       7   30323923   30407308     17       1  351827      0.26885      0.39402        0.424   1000
10392        7   30464143   30518426     44       4  351827      -1.3898       0.9177        0.915   1000
1395         7   30691559   30739719    139      12  351827      0.89278      0.18599        0.183   1000
11185        7   30791689   30806152      9       3  351827        -1.15      0.87494         0.86   1000
84182        7   30811033   30932408     77       6  351827      0.74863      0.22704        0.232   1000
5137         7   31791666   32339016     63       8  351827      0.24275       0.4041        0.421   1000
23658        7   32524945   32534870     24       2  351827      0.79663      0.21283         0.21   1000
25948        7   32907778   32931468      2       1  351827   0.00062124      0.49975        0.509   1000
51251        7   33053725   33102409    111       4  351827       0.2377      0.40606        0.408   1000
6100         7   33134409   33149002     66       5  351827      0.26847      0.39417        0.398   1000
23333        7   34968491   35077653    140       4  351827     -0.21129      0.58367        0.554   1000
64224        7   35672269   35734772     34       1  351827     -0.36823      0.64365        0.642   1000
80820        7   36192836   36341152      6       2  351827      0.23966       0.4053        0.393   1000
313          7   36552549   36764154    107       8  351827      0.32959      0.37085         0.37   1000
9844         7   36892511   37488895     17       1  351827     -0.91341      0.81949        0.819   1000
51314        7   37887930   37940003    144       7  351827     -0.87804      0.81004        0.826   1000
54749        7   37960163   37991543    127      13  351827      0.51148      0.30451        0.313   1000
83930        7   38217808   38270272     25       2  351827      -1.4141      0.92134        0.923   1000
445347       7   38299243   38357285     33       3  351827     -0.14575      0.55794        0.548   1000
273          7   38423297   38671167    246      17  351827     -0.59256      0.72326        0.708   1000
27072        7   38763543   38948800    150      12  351827       1.1253      0.13024         0.14   1000
11281        7   39017609   39504390    100       5  351827       1.9164     0.027658        0.029   1000
5898         7   39663152   39747723      7       1  351827     -0.55735      0.71136        0.692   1000
79020        7   42948223   42951689    127       4  351827       0.2554      0.39921        0.398   1000
23072        7   43152198   43603213     42       5  351827     -0.68299      0.75269        0.751   1000
9263         7   43622692   43666978    353       6  351827       2.0577     0.019809        0.018   1000
55744        7   43648052   43769140    300       6  351827       2.2162     0.013338        0.012   1000
644          7   43798272   43846941    158      11  351827       1.4735     0.070313         0.06   1000
55665        7   43915485   43965996     44       2  351827      0.35025      0.36307        0.356   1000
28988        7   44084239   44101315     40       3  351827     -0.66077      0.74562         0.75   1000
27434        7   44111846   44122129    240      17  351827     -0.62552      0.73419        0.724   1000
165          7   44143960   44154164     22       3  351827        0.558      0.28842        0.296   1000
5425         7   44154279   44163267     17       3  351827     -0.34349      0.63439        0.663   1000
2645         7   44183870   44229022     35       3  351827     -0.80576      0.78981        0.799   1000
10652        7   44240577   44253893     42       1  351827     -0.94689      0.82815        0.802   1000
23386        7   44421965   44530474    253       4  351827     -0.14326      0.55696        0.538   1000
54606        7   44605016   44614542     44       2  351827        1.391     0.082111        0.098   1000
222068       7   44617493   44621881     16       1  351827       1.3343     0.091053        0.105   1000
4967         7   44646104   44748669     50       1  351827       1.2052      0.11406        0.129   1000
83637        7   44788168   44809480    127       7  351827      0.19045      0.42448        0.428   1000
5478         7   44836241   44842716    132       8  351827      -1.9823      0.97628        0.966   1000
83605        7   45039345   45116069    138       2  351827       1.1137       0.1327         0.13   1000
9238         7   45139699   45151346    140       8  351827       2.1194     0.017028        0.026   1000
3484         7   45927959   45933267     15       2  351827     -0.48828      0.68732        0.712   1000
3364         7   48002885   48019222     29       2  351827      -1.3575       0.9127        0.916   1000
7378         7   48128355   48148330      8       1  351827     -0.58704      0.72141        0.734   1000
63979        7   50511827   50518088    402      19  351827     -0.50861      0.69449        0.747   1000
1644         7   50526134   50633154    200      11  351827     -0.80661      0.79005        0.792   1000
2887         7   50657760   50861159     89       6  351827     -0.43179      0.66705        0.676   1000
23480        7   54819940   54826939     88       2  351827     -0.79623      0.78705        0.769   1000
81552        7   55538303   55640200    398       2  351827     -0.75756      0.77564        0.767   1000
349075       7   55955148   56008519    436      14  351827      0.97458      0.16489        0.208   1000
51373        7   56019611   56023034      2       1  351827     0.033862      0.48649        0.487   1000
2631         7   56032270   56067875    189      11  351827     -0.32254      0.62648        0.648   1000
5723         7   56078056   56119297    667      30  351827       1.6447     0.050013        0.035   1000
25870        7   56131700   56148365    217      15  351827       1.3513     0.088293        0.099   1000
51142        7   56169266   56174187    616      19  351827       2.0191     0.021738        0.021   1000
389493       7   56182374   56184090    621      29  351827     -0.17588      0.56981        0.545   1000
442319       7   63505765   63544444     28       2  351827     -0.19642      0.57786        0.588   1000
728927       7   63767815   63810017    303      12  351827     -0.42034      0.66288        0.666   1000
51427        7   64126461   64171960    806      19  351827     -0.68532      0.75343        0.832   1000
7697         7   64254766   64314178    645      10  351827      -1.2053      0.88596        0.922   1000
10793        7   64363620   64391955   1112      15  351827     -0.56025      0.71234        0.734   1000
51351        7   64434830   64451414    420       7  351827      -1.3058      0.90419        0.927   1000
2086         7   64450733   64467124   1175      15  351827     -0.83753      0.79885        0.816   1000
168374       7   64838752   64866049    124       2  351827      0.31499      0.37638         0.38   1000
27297        7   65579805   65619555    748       4  351827      -1.5111      0.93462        0.969   1000
8460         7   65670259   65825438    887      12  351827    -0.012977      0.50518        0.491   1000
154881       7   66093868   66113964      2       1  351827      0.36313      0.35825        0.334   1000
55069        7   66386203   66423538      1       1  351827      0.33302      0.36956        0.378   1000
55253        7   66461792   66704507    969      18  351827      0.73843      0.23013        0.233   1000
64409        7   70597523   71178586     58       1  351827        0.566       0.2857        0.296   1000
441250       7   72023729   72298813    559      21  351827         2.18      0.01463        0.036   1000
9883         7   72349906   72421979    393      11  351827       1.2291      0.10952        0.086   1000
8468         7   72742155   72772646      1       1  351827      -1.3122      0.90528        0.906   1000
9275         7   72950683   72972065     99       2  351827       1.8077     0.035329        0.036   1000
26608        7   72983274   72993013      7       2  351827    -0.056007      0.52233        0.553   1000
51085        7   73007524   73038903    103       4  351827      0.59493      0.27595        0.286   1000
155382       7   73082174   73086440    117       4  351827       1.8968     0.028929        0.032   1000
114049       7   73097898   73112551    133       5  351827       1.8783     0.030169         0.03   1000
83451        7   73150424   73153190    154       4  351827     0.027581        0.489        0.479   1000
1364         7   73245193   73247015    133       2  351827       0.2156      0.41465        0.399   1000
155368       7   73248920   73256855    219      10  351827       -0.401      0.65579        0.641   1000
3984         7   73498107   73536855     25       3  351827       0.5575      0.28859        0.314   1000
2969         7   74071991   74175022     53       2  351827     -0.34742      0.63586        0.636   1000
81554        7   74441223   74489717     11       2  351827        1.525     0.063634        0.065   1000
442590       7   74695028   75133628     41       7  351827      0.70229      0.24125        0.244   1000
100101267    7   75046060   75115565     29       4  351827     0.042268      0.48314        0.506   1000
3092         7   75162619   75368290     59      10  351827     -0.17585       0.5698        0.598   1000
6369         7   75440766   75452674     33       4  351827       1.8297     0.033646        0.047   1000
57414        7   75508317   75518244     35       4  351827      0.68496      0.24668        0.264   1000
5447         7   75544420   75616173    241       5  351827       3.2772   0.00052416       0.0005  10000
83862        7   75616155   75623992     54       1  351827       1.7747      0.03797        0.034   1000
51657        7   75625610   75677321    313      17  351827       1.7838     0.037225        0.038   1000
4191         7   75677182   75696826    250       5  351827       3.1937   0.00070243       0.0007  10000
7532         7   75956108   75988342     20       1  351827      0.71564      0.23711        0.246   1000
7784         7   76026841   76071388    254      18  351827        0.737      0.23056        0.218   1000
113878       7   76090972   76135312    168       9  351827      0.29518      0.38393        0.369   1000
100505767    7   76162874   76689911    290      18  351827      0.10364      0.45873         0.43   1000
22932        7   76239303   76256620    296      20  351827      0.49515      0.31025        0.278   1000
10875        7   76822688   76829150     21       2  351827     -0.26661      0.60511        0.572   1000
54103        7   76940068   77045719     49       7  351827     -0.98659      0.83808        0.856   1000
5782         7   77166773   77269388    269      12  351827       1.1589      0.12325        0.114   1000
85025        7   77423045   77427747    358       9  351827      0.91252      0.18075        0.178   1000
346562       7   80087987   80141242     67       6  351827     -0.15633      0.56211         0.57   1000
948          7   80231504   80308593      4       2  351827     -0.32052      0.62571        0.628   1000
781          7   81575760   82073031     14       1  351827     -0.22132      0.58758         0.57   1000
9723         7   82993222   83278479     90       8  351827     -0.33158       0.6299        0.655   1000
223117       7   84624508   84816171    125       3  351827    -0.080428      0.53205        0.505   1000
222223       7   86506222   86689014      6       2  351827     -0.84179      0.80005        0.785   1000
101927420    7   86780739   86781643     26       1  351827      0.78724      0.21557        0.229   1000
9988         7   86781677   86825648     70       8  351827     -0.79206      0.78584        0.791   1000
5244         7   87031361   87105019      3       1  351827     -0.90776        0.818        0.804   1000
6717         7   87834430   87856308     50       3  351827       1.3096     0.095171        0.094   1000
79689        7   87905744   87936228     65       1  351827      -1.2513      0.89458        0.912   1000
261729       7   89841000   89866992    409      11  351827      0.11268      0.45514        0.443   1000
85865        7   89975341   90020769    436      13  351827       1.0947      0.13683        0.144   1000
5218         7   90225681   90839905    146       5  351827       1.2027      0.11455        0.129   1000
7978         7   91502021   91510016      3       1  351827     -0.30202      0.61868        0.605   1000
889          7   91828283   91875414    175       2  351827    -0.050129      0.51999         0.54   1000
57798        7   92076762   92089381    119       4  351827     -0.23809       0.5941        0.619   1000
5189         7   92116337   92157845      8       2  351827      0.18663      0.42598        0.436   1000
84060        7   92158079   92167319     43       1  351827     -0.53129      0.70239        0.694   1000
219285       7   92759368   92777689    102       9  351827      -1.8469      0.96762        0.971   1000
10282        7   93592082   93633693     27       1  351827       -1.982      0.97626        0.979   1000
64921        7   94138838   94186331      7       1  351827     -0.84006      0.79956        0.805   1000
55607        7   94536949   94925727     13       4  351827      0.73639      0.23075        0.234   1000
5444         7   94927669   94953884     48       4  351827       1.1384      0.12748        0.113   1000
5446         7   94989181   95025702      9       1  351827     -0.32499      0.62741        0.626   1000
51666        7   95115213   95169543    150      11  351827       1.3682     0.085631        0.087   1000
5166         7   95212809   95225925     64       7  351827       1.1448      0.12615        0.107   1000
1780         7   95401818   95739634    184      14  351827     0.035441      0.48586        0.484   1000
1750         7   96635290   96640352      1       1  351827      -1.5839      0.94339        0.937   1000
440          7   97481429   97501854    191      15  351827       1.9712     0.024348        0.018   1000
25851        7   97844755   97881563      4       1  351827        1.892     0.029246        0.025   1000
25798        7   97910972   97952972    205       3  351827    -0.078485      0.53128        0.521   1000
55971        7   97920962   98030427    271       5  351827      0.40705      0.34198        0.327   1000
8295         7   98476113   98610866      7       1  351827     -0.60686      0.72803        0.722   1000
10095        7   98972298   99004226     52       2  351827    0.0057129      0.49772         0.51   1000
8896         7   99006243   99017239     10       2  351827       1.0205      0.15375        0.147   1000
10898        7   99036563   99054996    106       5  351827     -0.70001      0.75804        0.752   1000
9551         7   99055784   99063824     54       4  351827     -0.39783      0.65462        0.648   1000
79027        7   99156034   99174076     12       1  351827      0.97673      0.16435        0.145   1000
100289187    7   99195702   99208456    198       9  351827     -0.05456      0.52176        0.547   1000
221785       7   99214571   99275204      4       1  351827     -0.17343      0.56884        0.585   1000
1551         7   99302660   99332853     86       3  351827      0.16316       0.4352        0.447   1000
89122        7   99488030   99517223    405      20  351827       1.3518     0.088224        0.076   1000
7586         7   99613204   99642803    159       8  351827       1.5281     0.063242        0.056   1000
7589         7   99647390   99662663    177      18  351827    -0.040441      0.51613        0.529   1000
9179         7   99699130   99704803    313      19  351827        1.226      0.11011         0.11   1000
6878         7   99704693   99717481    263      14  351827       1.4052      0.07998        0.078   1000
245812       7   99717265   99723131    170      18  351827      0.53376      0.29675        0.303   1000
255374       7   99724317   99726121     69       3  351827     0.019115      0.49237        0.499   1000
79690        7   99756865   99766373     25       1  351827    -0.030073        0.512        0.512   1000
221914       7   99767229   99774990     35       1  351827       0.4525      0.32546        0.313   1000
10734        7   99775186   99812010      6       1  351827     -0.47085      0.68113        0.672   1000
352954       7   99798276   99869855     12       2  351827     -0.35578        0.639        0.628   1000
79037        7   99816147   99819113     16       1  351827     -0.36871      0.64383        0.629   1000
29990        7   99955626   99965454    637      27  351827      0.44593      0.32782        0.311   1000
29992        7   99971068   99997722    406      19  351827       1.0638       0.1437        0.151   1000
55063        7   99998449  100027037    131       2  351827      0.19623      0.42222        0.433   1000
81628        7  100064142  100076902     36       6  351827      0.45909      0.32308        0.343   1000
222950       7  100081550  100092425    325      13  351827       1.2863     0.099175        0.097   1000
100316904    7  100169851  100171487     78       5  351827      0.27812      0.39046        0.376   1000
4034         7  100171634  100183806     55       3  351827     -0.88969      0.81318        0.795   1000
7036         7  100218039  100240332     18       2  351827       0.8886      0.18711        0.174   1000
2783         7  100271363  100276792      3       1  351827      -1.8804      0.96997        0.969   1000
64599        7  100277130  100286870    287      14  351827      0.22036       0.4128        0.393   1000
56996        7  100450337  100464634      2       1  351827      0.27257      0.39259        0.376   1000
7205         7  100464950  100471076     65       2  351827     -0.56293      0.71326         0.73   1000
51593        7  100472701  100486285     33       3  351827      -0.8525      0.80303        0.804   1000
402682       7  100486344  100487339     72       3  351827      -1.2042      0.88574        0.888   1000
43           7  100487615  100493754     35       3  351827     -0.30644      0.62037        0.618   1000
81844        7  100728786  100733909     17       2  351827     -0.28723      0.61303        0.631   1000
1174         7  100797685  100804557      7       1  351827      -1.8695      0.96922        0.974   1000
10467        7  100860985  100867471     58       2  351827      0.40341      0.34332        0.352   1000
51024        7  100882893  100889009    175       7  351827      0.86138      0.19451        0.195   1000
136227       7  101006101  101202304    137       4  351827      -1.0639      0.85632        0.856   1000
10603        7  101928405  101962178     27       3  351827     -0.33017      0.62937        0.622   1000
729597       7  101986192  101997468    127       5  351827     -0.67473      0.75008        0.774   1000
79706        7  102036804  102067129    151       8  351827      -1.1585      0.87668        0.875   1000
80228        7  102073977  102097268     25       2  351827      -1.0521      0.85362         0.86   1000
222229       7  102105335  102113615     68       6  351827      0.86581       0.1933         0.21   1000
5439         7  102113547  102119446     29       3  351827      0.72042      0.23563        0.245   1000
83787        7  102715174  102740210     97      11  351827     -0.83705      0.79872        0.792   1000
222236       7  102740023  102791081     15       2  351827      0.37295      0.35459        0.368   1000
375611       7  102993177  103086624     77       7  351827       2.3467    0.0094709        0.014   1000
5001         7  103766788  103848495      5       2  351827     -0.48656      0.68672        0.691   1000
6733         7  104754048  105039614    190       2  351827      -1.4343      0.92425        0.924   1000
222256       7  105517251  105676877     33       4  351827      -0.9342       0.8249         0.81   1000
26959        7  106809406  106842974    154       2  351827       2.4562     0.007021       0.0066   5000
3912         7  107564244  107643804     26       2  351827       1.4136     0.078738        0.074   1000
4897         7  107788071  108096841    105       2  351827       2.0335     0.021003         0.03   1000
50640        7  108110866  108168605     10       2  351827       1.1765      0.11971        0.132   1000
168451       7  108202671  108210189    404      13  351827       1.7671     0.038606        0.052   1000
83943        7  110303106  111202588     47       2  351827       -1.321      0.90675        0.903   1000
11179        7  111846643  111983989     43       4  351827     -0.85792      0.80453        0.809   1000
3475         7  112063199  112117258    131      13  351827     -0.59501      0.72408        0.732   1000
286006       7  112120908  112130943     80       6  351827     -0.26339      0.60387        0.621   1000
54329        7  112720468  112727833     27       3  351827     -0.28017      0.61033        0.609   1000
93986        7  113726365  114333827     16       3  351827     -0.59361      0.72361        0.724   1000
26136        7  115850547  115898840    114       4  351827      0.77508      0.21915         0.24   1000
830          7  116502533  116559315     34       1  351827      -1.3771      0.91576        0.912   1000
79974        7  120628751  120937498     16       2  351827     -0.74152      0.77081        0.779   1000
10447        7  120988905  121036422    168       7  351827     -0.74778       0.7727        0.761   1000
154865       7  123091993  123174718     67       2  351827       -2.132       0.9835        0.985   1000
25913        7  124462440  124570037      5       1  351827     -0.55913      0.71196        0.705   1000
168850       7  127010097  127032778    134       4  351827       3.0764    0.0010477       0.0006  10000
27044        7  127292043  127732659    360      11  351827      0.82204      0.20553        0.188   1000
3614         7  128032331  128050045    176      12  351827     -0.66309      0.74636        0.747   1000
55798        7  128116783  128142978    373      13  351827       1.0705      0.14221        0.139   1000
611          7  128412543  128415844     86       6  351827       2.0152     0.021941        0.023   1000
64753        7  128431464  128462187      1       1  351827     -0.89349       0.8142         0.81   1000
100130705    7  128506464  128512101     36       3  351827      -2.8621       0.9979        0.997   1000
375616       7  128516919  128550773     49       5  351827      -2.0155      0.97807        0.971   1000
3663         7  128577976  128590089    183      12  351827       1.2427      0.10698        0.114   1000
340348       7  128784712  128809534     29       3  351827       -1.324      0.90725        0.903   1000
23008        7  129710349  129775560      7       2  351827      0.56051      0.28757         0.29   1000
84928        7  129804555  129845338     30       4  351827       1.0379      0.14966         0.16   1000
51200        7  129932974  129964020     16       3  351827     -0.28609       0.6126        0.613   1000
95681        7  130033612  130081051      8       1  351827     -0.37189      0.64501        0.643   1000
4232         7  130126016  130146138     74       7  351827     -0.50621      0.69365        0.696   1000
26958        7  130146079  130353598    154      16  351827     -0.97619      0.83552        0.823   1000
136259       7  130417382  130418860     28       2  351827     -0.68961      0.75478        0.756   1000
91584        7  131808091  132333447      3       1  351827      0.24888      0.40173        0.428   1000
60412        7  132937823  133750514    296       6  351827     -0.41932      0.66251        0.654   1000
136332       7  133812105  133948933     97      14  351827       -1.423      0.92263        0.927   1000
84912        7  133974089  134001827    188       5  351827     -0.11289      0.54494        0.524   1000
55281        7  134832766  134850967    186       1  351827     0.091708      0.46347        0.484   1000
78996        7  134850532  134855578    248       5  351827    -0.020707      0.50826        0.516   1000
29062        7  134868590  134896316     81       2  351827    -0.059697       0.5238        0.538   1000
647087       7  135347221  135361160    247      18  351827     -0.81871      0.79352         0.81   1000
26266        7  135365979  135412943     97       6  351827      -0.1491      0.55926        0.574   1000
5764         7  136912088  137028606     68       1  351827      -1.2351       0.8916        0.891   1000
8805         7  138145079  138270333    114      10  351827      0.45934      0.32299        0.293   1000
57670        7  138516126  138666064      4       1  351827       3.1743   0.00075091       0.0012  10000
51631        7  139025105  139108203    219       2  351827       1.4675     0.071115        0.067   1000
80853        7  139784546  139876741     54       1  351827      -1.3904      0.91779        0.923   1000
84255        7  140033552  140104024      7       1  351827     0.086508      0.46553        0.452   1000
90956        7  140372730  140395745    143       7  351827      -1.2617      0.89647        0.893   1000
4708         7  140396481  140406446    117       3  351827      0.72535      0.23412        0.243   1000
51650        7  140705961  140714781    298       7  351827      0.52841      0.29861         0.28   1000
55750        7  141251078  141354209     80       3  351827      -1.7968      0.96381        0.964   1000
57189        7  141356528  141401953    116       5  351827      -2.0746      0.98099        0.981   1000
50832        7  141478289  141479188    366       8  351827      -1.3563       0.9125        0.934   1000
54429        7  141487129  141491338    188       3  351827      -1.1501      0.87495        0.881   1000
2051         7  142552776  142568847      6       2  351827     -0.21055      0.58338        0.575   1000
3792         7  142638201  142659503      5       2  351827       1.3849     0.083043        0.078   1000
373156       7  142960506  142966222     89       5  351827       1.1452      0.12607        0.123   1000
9715         7  143050493  143079397      6       1  351827     -0.60481      0.72735        0.733   1000
2041         7  143088205  143105985      5       1  351827       1.3645     0.086207        0.086   1000
285966       7  143318045  143427173      5       2  351827       2.1288     0.016634        0.012   1000
9747         7  143548461  143599278      2       1  351827       1.0086      0.15659        0.167   1000
346528       7  144009039  144017558      1       1  351827     -0.73644      0.76927         0.76   1000
7984         7  144052489  144077725     15       3  351827      -1.6468       0.9502        0.959   1000
27010        7  144149034  144533488     83       6  351827      0.22258      0.41193         0.42   1000
8454         7  148395631  148498202     31       1  351827      0.54681      0.29226         0.29   1000
9601         7  148700154  148725782      2       1  351827      0.68858      0.24554         0.26   1000
136051       7  148766733  148787869    332      11  351827   -0.0045718      0.50182        0.478   1000
155054       7  148799853  148823438     94       5  351827      -0.8401      0.79957        0.799   1000
7988         7  148936741  148952700     22       2  351827     -0.83405      0.79787        0.786   1000
100289678    7  148959262  148982085     98      10  351827      0.13771      0.44523        0.457   1000
168544       7  149461452  149470295      8       2  351827       1.4156     0.078453         0.08   1000
23145        7  149473131  149531054     50       4  351827   -0.0032675       0.5013        0.512   1000
643641       7  149535464  149564568     36       3  351827     -0.60162      0.72629         0.74   1000
155066       7  149570053  149577787     75      11  351827     -0.70892      0.76081        0.768   1000
653857       7  149944301  150020758     86       6  351827     -0.33275      0.63034        0.639   1000
65999        7  150020296  150035245    151       6  351827      0.23199      0.40827        0.421   1000
113763       7  150026938  150029810    147       5  351827      0.25372      0.39985        0.414   1000
5919         7  150031033  150038773    118       3  351827      0.21808      0.41368        0.424   1000
29803        7  150065361  150071133    120       3  351827      0.21297      0.41567        0.426   1000
285971       7  150076406  150095719      1       1  351827     -0.32556      0.62762        0.606   1000
155038       7  150147748  150176483     88       7  351827     -0.84269       0.8003        0.815   1000
55303        7  150264458  150271043    142       6  351827     -0.12222      0.54864        0.581   1000
26157        7  150382690  150390729     44       3  351827       1.0547      0.14578        0.161   1000
170575       7  150413645  150421368     21       3  351827     -0.42753       0.6655        0.677   1000
55340        7  150434436  150440737     20       2  351827      0.46662      0.32038        0.348   1000
28959        7  150488375  150498448     94      11  351827      0.74289      0.22877        0.228   1000
55365        7  150497854  150502208     73       9  351827       0.8874      0.18743        0.188   1000
26           7  150524336  150558379     67       7  351827    -0.022993      0.50917        0.519   1000
11194        7  150725510  150744869     22       3  351827       0.0433      0.48273        0.487   1000
9311         7  150745379  150749843      9       1  351827     -0.45728      0.67626        0.672   1000
6522         7  150755299  150773614      6       1  351827      0.64763      0.25861        0.261   1000
10922        7  150773708  150777970     26       3  351827       1.0726      0.14173        0.136   1000
392843       7  150887960  150892611      1       1  351827      -1.5011      0.93334         0.92   1000
10061        7  150904923  150924460     12       1  351827      0.16864      0.43304        0.435   1000
51667        7  151038785  151075547      5       1  351827    0.0062352      0.49751        0.491   1000
349136       7  151077536  151107775     43       5  351827     -0.23025      0.59105        0.591   1000
155051       7  151127056  151137256     24       3  351827     -0.58315       0.7201         0.72   1000
58508        7  151832010  152133090     17       2  351827      0.23546      0.40693         0.42   1000
7516         7  152343583  152373250    110      11  351827     -0.37901      0.64766        0.641   1000
2020         7  155250824  155257526      6       1  351827      -1.2325      0.89112        0.902   1000
140545       7  156432971  156470377      1       1  351827     0.023775      0.49052        0.518   1000
9690         7  156931655  157062066     37       4  351827       0.9118      0.18094        0.193   1000
54892        7  158424002  158497520     23       5  351827   -0.0035967      0.50143        0.485   1000
57488        7  158523688  158622729    298       9  351827     -0.80709      0.79019        0.805   1000
55112        7  158649269  158738883    312      11  351827      0.20989      0.41688        0.375   1000
7434         7  158820866  158937649     72       5  351827       1.9916     0.023208         0.02   1000
169270       8     182200     197339      8       3  351827      -2.3274      0.99003        0.992   1000
26260        8     356808     419876      6       2  351827    -0.041754      0.51665        0.528   1000
157697       8     606733     681226     13       1  351827     -0.46855      0.68031        0.689   1000
9228         8     877021    1656642    182      13  351827       -2.385      0.99146        0.991   1000
2055         8    1703944    1734736    100       5  351827      0.33706      0.36803        0.368   1000
9639         8    1772149    1906807      7       3  351827      -1.2091      0.88669         0.89   1000
9920         8    1921949    1955109      2       1  351827      -1.1037      0.86515        0.886   1000
9172         8    1993082    2093380    162      12  351827      0.24577      0.40293        0.406   1000
1672         8    6728097    6735529    114       7  351827      -2.1847      0.98554        0.985   1000
1668         8    6873391    6875816     50       7  351827      0.93385      0.17519         0.18   1000
157285       8    8175258    8243941    169      10  351827       1.1465      0.12579        0.133   1000
137075       8    8559666    8561617    112       2  351827       1.1266      0.12995        0.124   1000
94137        8   10463859   10512617     71       4  351827      0.35636      0.36078        0.355   1000
83595        8   10581278   10588084     28       2  351827       2.1082     0.017505        0.012   1000
54984        8   10622473   10697394      7       2  351827     0.088484      0.46475        0.445   1000
66036        8   11142000   11185655    263       5  351827       2.0395     0.020701        0.025   1000
83650        8   11188495   11189695    165       3  351827       1.7023     0.044347        0.048   1000
640          8   11351521   11422108     40       3  351827     -0.83242      0.79741         0.79   1000
252969       8   11627172   11644854     92       9  351827       1.0228      0.15321        0.151   1000
2222         8   11653467   11696818    133      14  351827      0.70356      0.24085        0.222   1000
1508         8   11700033   11725646     91       7  351827      0.67094      0.25113         0.25   1000
91694        8   12579406   12612992     14       1  351827     -0.53398      0.70332          0.7   1000
57604        8   12803183   12887286     24       2  351827       2.5168    0.0059219       0.0058   5000
7991         8   15397596   15624158    171       6  351827       1.1831      0.11838         0.11   1000
4481         8   15965387   16050300     57       4  351827     0.038348      0.48471        0.498   1000
26281        8   16850334   16859674     37       4  351827      0.78234      0.21701        0.227   1000
51201        8   17013836   17080241     41       5  351827     -0.45408      0.67512        0.674   1000
29883        8   17086737   17104387     36       2  351827       1.7775     0.037747        0.044   1000
9108         8   17154306   17271040     15       2  351827       2.1224     0.016904        0.019   1000
5157         8   17433942   17500642      1       1  351827       1.4385      0.07514        0.088   1000
57509        8   17501303   17658729    116      11  351827       2.2082     0.013614       0.0106   5000
5108         8   17780364   17887457    125      10  351827      0.62766      0.26511        0.258   1000
427          8   17913925   17942507     69       5  351827     -0.63165      0.73619        0.719   1000
63898        8   19171081   19253729      4       1  351827     -0.30607      0.62023        0.607   1000
55790        8   19261672   19540261    191      10  351827     -0.72877      0.76693         0.76   1000
10361        8   21881621   21894408      6       1  351827     -0.82682      0.79583        0.782   1000
8822         8   21900264   21906320     27       6  351827     -0.63159      0.73617        0.729   1000
2039         8   21906660   21940036     13       3  351827       1.6611     0.048347        0.056   1000
64760        8   21946695   21962405      3       1  351827       1.1586       0.1233        0.125   1000
79873        8   21964383   21966932     17       3  351827       1.8296     0.033657         0.03   1000
80346        8   21995533   21999448      4       1  351827     -0.54619      0.70753        0.707   1000
203190       8   22004343   22014344      1       1  351827      0.10428      0.45847        0.477   1000
649          8   22022653   22069839     24       1  351827     -0.82221      0.79452        0.798   1000
661          8   22102619   22108680      2       1  351827      0.97768      0.16412        0.156   1000
55124        8   22132810   22215560     85       4  351827      -0.1201       0.5478         0.58   1000
5533         8   22298483   22398657     90       6  351827     -0.08868      0.53533        0.553   1000
541565       8   22457114   22461663     89       3  351827      0.84171      0.19997        0.224   1000
57805        8   22462145   22477984     74       2  351827      0.88747      0.18741        0.209   1000
55909        8   22477931   22526661     81       3  351827      0.86601      0.19324         0.21   1000
157310       8   22570765   22785491      8       1  351827     -0.32118      0.62596        0.592   1000
8794         8   22960327   22974950     16       2  351827     -0.11963      0.54761        0.547   1000
8797         8   23048970   23082680     77      11  351827     -0.50857      0.69447        0.688   1000
91782        8   23101150   23119512     24       3  351827     0.027997      0.48883        0.493   1000
203069       8   23145442   23153792     33       2  351827       1.3419     0.089807        0.074   1000
9583         8   23284687   23315244    115       9  351827      -1.1308      0.87092        0.868   1000
51312        8   23386363   23432976     11       2  351827       1.3415     0.089877         0.09   1000
4824         8   23536206   23540450     39       2  351827      -0.5867       0.7213        0.736   1000
80005        8   25042287   25273227     32       1  351827      0.92853      0.17657        0.154   1000
10687        8   26362196   26371608    111       6  351827       2.0182     0.021785         0.02   1000
1808         8   26371709   26515693     31       4  351827       1.0642      0.14362        0.143   1000
148          8   26605667   26727003    404      24  351827      0.26769      0.39447        0.417   1000
81551        8   27093814   27116382      1       1  351827      0.85802      0.19544        0.197   1000
2053         8   27348519   27402439    135       8  351827     -0.20795      0.58237        0.585   1000
51435        8   27491100   27534286     56       2  351827     -0.35977      0.64049        0.646   1000
55246        8   27590833   27630170     15       3  351827     -0.98704      0.83819        0.845   1000
286133       8   27727399   27850369     32       3  351827      0.13971      0.44445        0.431   1000
55140        8   27950584   28048670    168       9  351827     -0.17416      0.56913        0.608   1000
79618        8   28747911   28922456      1       1  351827     -0.51095      0.69531         0.69   1000
1846         8   29190579   29208267     10       1  351827      0.44632      0.32768        0.345   1000
51669        8   29920609   29940649     42       5  351827       1.9266     0.027016        0.024   1000
619373       8   29989187   30002200     53       3  351827       2.0561     0.019885        0.019   1000
2961         8   30436031   30515738      6       2  351827       1.2548      0.10478        0.115   1000
7993         8   30601690   30624522    153       6  351827       1.0758      0.14101         0.13   1000
7486         8   30890778   31031277    158      14  351827      0.10165      0.45952        0.466   1000
3084         8   31496820   32622558    146       9  351827     -0.75894      0.77606        0.785   1000
84750        8   33228057   33330664    390      12  351827     -0.19876      0.57877        0.572   1000
84549        8   33342685   33358778     63       3  351827      0.40979      0.34098        0.323   1000
79845        8   33405272   33424646     91       3  351827      -2.0689      0.98072         0.98   1000
80139        8   37553301   37556396     28       3  351827       1.5321     0.062749        0.051   1000
11160        8   37593743   37615319      4       1  351827       1.4019      0.08047        0.083   1000
9070         8   37962483   37997598     20       1  351827      0.98381      0.16261         0.17   1000
23259        8   38088861   38120351    173       2  351827      0.18772      0.42555        0.426   1000
6867         8   38585704   38710546     41       2  351827      0.96989      0.16605        0.176   1000
83877        8   38846327   38854335     30       3  351827      -1.3061      0.90424        0.896   1000
203102       8   38965050   39142436    422      14  351827      0.49936      0.30876        0.259   1000
3620         8   39771328   39786309    140       8  351827      -2.0337      0.97901        0.977   1000
169355       8   39792474   39873910     65       2  351827      -1.7578      0.96061        0.953   1000
79698        8   40388109   40755345    266       7  351827       1.1441      0.12628        0.132   1000
6422         8   41119476   41166990     35       4  351827     -0.44682       0.6725        0.665   1000
51125        8   41348081   41368499      1       1  351827     -0.60097      0.72607        0.746   1000
137964       8   41435702   41482520     20       1  351827       1.9015     0.028619        0.024   1000
10947        8   42010464   42028701    141      12  351827      0.45594      0.32421        0.312   1000
6575         8   42273980   42397356    156       3  351827       2.1171     0.017124        0.017   1000
114926       8   42396298   42408140    184       5  351827        2.073     0.019086        0.017   1000
81790        8   42704780   42751866      4       1  351827       2.3264    0.0099995        0.014   1000
84376        8   42752033   42885682      2       1  351827      -1.0373       0.8502        0.832   1000
2339         8   42911442   42940931    269       4  351827     -0.27117      0.60687          0.6   1000
138050       8   42995592   43057970      2       1  351827      0.30576      0.37989        0.356   1000
4173         8   48872763   48890720    190       4  351827       1.3751     0.084553        0.074   1000
79645        8   49627474   49647870    247      15  351827       2.1508     0.015747       0.0156   5000
6101         8   55528627   55682524      7       1  351827      0.13168      0.44762        0.435   1000
137695       8   56651317   56685955    102       1  351827       2.1968     0.014016        0.017   1000
96764        8   56685791   56738007    132       3  351827       2.0962     0.018034        0.021   1000
4067         8   56792386   56925006      8       1  351827     -0.91339      0.81948        0.816   1000
6224         8   56980739   56987140    159       3  351827       1.0769      0.14076        0.132   1000
5179         8   57353513   57359282    254       6  351827       2.8758    0.0020151       0.0026   5000
137886       8   59323823   59364060    115      11  351827      -1.9529      0.97458        0.972   1000
767          8   61101423   61193954    114       6  351827      0.82435      0.20487        0.207   1000
5862         8   61429469   61536203    353      11  351827       2.5027    0.0061634       0.0074   5000
8836         8   63927638   63951610    797      22  351827     -0.76363      0.77746        0.761   1000
7274         8   63972047   63998612     47       2  351827     -0.77546      0.78096        0.778   1000
55156        8   66514691   66546452    215      10  351827      0.11699      0.45343        0.475   1000
9650         8   66556888   66622798    157      11  351827       1.2447      0.10662        0.109   1000
5150         8   66626569   66753969      6       1  351827      0.42678      0.33477        0.327   1000
137872       8   67344693   67384260    208      17  351827      -1.2049      0.88589        0.866   1000
254778       8   67405491   67430759    327      16  351827     -0.12471      0.54962        0.519   1000
4603         8   67474410   67525484     91       5  351827      -0.3677      0.64345         0.62   1000
157777       8   67782984   67834283      2       1  351827     -0.45188      0.67432        0.678   1000
116328       8   69242957   69731258     12       1  351827       1.5228     0.063911        0.063   1000
23213        8   70378859   70573147     17       4  351827       1.6573     0.048731        0.048   1000
51110        8   71549501   71581447    469       4  351827      -2.2824      0.98877        0.995   1000
389668       8   71581600   71648177    857      12  351827     -0.88622      0.81225        0.793   1000
2138         8   72109668   72459888     41       2  351827     -0.35609      0.63911        0.628   1000
7013         8   73921097   73959987      1       1  351827     -0.73109      0.76764        0.739   1000
55284        8   74692332   74791145      5       2  351827     -0.19903      0.57888        0.577   1000
6921         8   74857373   74884522     23       1  351827    -0.063501      0.52532        0.538   1000
54968        8   74888377   74895018      3       1  351827      -2.6931      0.99646        0.996   1000
23643        8   74903564   74941314     48       1  351827       1.0423      0.14865        0.146   1000
56704        8   75146935   75233721      3       1  351827      -2.2676      0.98832        0.987   1000
54332        8   75262618   75279345     11       2  351827      0.91545      0.17998        0.178   1000
51050        8   75736772   75767264     11       1  351827     -0.91699      0.82043        0.798   1000
83690        8   75896708   75946793     96       5  351827     -0.92311      0.82202         0.81   1000
7163         8   80947103   81083836      9       2  351827     -0.21694      0.58587        0.588   1000
619279       8   81540686   81787016     22       1  351827       1.1339      0.12842        0.129   1000
3612         8   82569151   82599029    330      14  351827       1.0781       0.1405        0.143   1000
347051       8   82605891   82607207     89       2  351827      0.52907      0.29838        0.281   1000
79752        8   82613566   82633539    215      17  351827     -0.41464       0.6608        0.646   1000
92421        8   82644688   82671750    166      10  351827      0.23844      0.40577        0.413   1000
64089        8   82711816   82754539    533      16  351827    -0.024821       0.5099        0.487   1000
85444        8   86019323   86058315    721      12  351827      0.86207      0.19432        0.175   1000
377677       8   86157716   86196302      2       1  351827      0.39097      0.34791        0.327   1000
761          8   86351056   86361269      1       1  351827     0.020229      0.49193        0.469   1000
760          8   86376131   86393721     54       1  351827     -0.35061      0.63706        0.629   1000
11059        8   87354965   87480181      7       1  351827      0.35231       0.3623         0.36   1000
51115        8   87479627   87526567    388      10  351827    -0.086823      0.53459        0.514   1000
8895         8   87526656   87573726    194       7  351827      0.56873      0.28477         0.28   1000
4325         8   89049460   89339717    663      10  351827       1.1555      0.12394         0.12   1000
4683         8   90945564   90996952    180       5  351827        2.067     0.019368        0.026   1000
1666         8   91013580   91064232      5       2  351827    -0.060782      0.52423        0.523   1000
169200       8   91634223   91658133     95       3  351827      -1.1196      0.86856        0.878   1000
100127983    8   91970706   91997485     20       4  351827       3.2421   0.00059329       0.0003  10000
55529        8   92006499   92053203     90       2  351827      0.84852      0.19807        0.195   1000
51633        8   92082424   92099323     25       1  351827     -0.70968      0.76105        0.766   1000
100130742    8   92114847   92231473     19       2  351827      0.95227      0.17048        0.185   1000
286144       8   93895758   93978372     27       2  351827     -0.55801      0.71158        0.681   1000
2669         8   95261481   95274547      1       1  351827    -0.065219        0.526        0.534   1000
25962        8   95500005   95565746     82       4  351827       1.6649     0.047968        0.036   1000
286148       8   95732103   95806076     65       2  351827      -2.6598      0.99609        0.997   1000
55656        8   95835518   95892721    156      12  351827       -1.895      0.97095        0.975   1000
9134         8   95892452   95909672    232       9  351827      -1.9144      0.97222        0.974   1000
137682       8   96037209   96115685    103       3  351827      -2.4702      0.99325        0.996   1000
157657       8   96257141   96281707     79       3  351827       3.1935   0.00070291       0.0006  10000
10404        8   97657455   98155731     40       2  351827      0.14066      0.44407        0.439   1000
85453        8   98285714   98290192    100       7  351827      -1.3159      0.90589        0.912   1000
55353        8   98787809   98864830      8       1  351827     -0.11455       0.5456        0.535   1000
10940        8   99129521   99172069      1       1  351827      -0.1684      0.56686        0.559   1000
79815        8   99202054   99307444      6       2  351827      -0.9144      0.81975        0.838   1000
3788         8   99439250   99443025      4       1  351827      0.46118      0.32233        0.323   1000
1345         8  100890223  100906242     34       1  351827     -0.64553      0.74071        0.755   1000
26166        8  100973164  101118344     70       2  351827     -0.74005      0.77037         0.77   1000
6674         8  101170263  101254132    438      16  351827      -1.0454      0.85207        0.885   1000
25897        8  101269285  101348446     30       4  351827        0.043      0.48285        0.507   1000
169166       8  101585110  101661893    189      16  351827     0.023839      0.49049        0.474   1000
7534         8  101930804  101965717     78       6  351827       0.4917      0.31147        0.324   1000
50484        8  103216729  103251346     63       2  351827        1.878      0.03019        0.025   1000
51582        8  103838536  103876905     25       2  351827      0.49123      0.31163        0.297   1000
528          8  104033248  104085285      9       2  351827      0.45439      0.32477        0.331   1000
8323         8  104310661  104345094    137       5  351827     -0.14063      0.55592        0.547   1000
25879        8  104426942  104455681      8       1  351827       0.5934      0.27646        0.287   1000
81501        8  105352024  105368917     26       2  351827      0.47754      0.31649        0.309   1000
23414        8  106330917  106816767     26       3  351827     -0.21995      0.58704          0.6   1000
55074        8  107282406  107764922    198      15  351827        0.888      0.18727        0.162   1000
137735       8  107771711  107782472      1       1  351827      0.19697      0.42193        0.406   1000
3646         8  109213972  109260959    264       4  351827      0.87566      0.19061        0.147   1000
93035        8  110374706  110543500    153       6  351827     -0.36355       0.6419        0.651   1000
84294        8  117778742  117792449     32       3  351827      0.85393      0.19657        0.208   1000
5885         8  117858173  117887105     12       1  351827       1.0138      0.15535        0.156   1000
90390        8  118532532  118552510     37       3  351827       1.3885     0.082499        0.095   1000
2131         8  118811602  119124058     14       2  351827       1.0358      0.15015         0.17   1000
401474       8  119201694  119634184     71       6  351827      -1.0533       0.8539        0.861   1000
4982         8  119935796  119964383     19       2  351827     -0.28134      0.61078        0.607   1000
114569       8  120220610  120257913     59       3  351827      0.37557      0.35362        0.355   1000
4856         8  120428552  120436678    105       2  351827     -0.52185      0.69911          0.7   1000
5168         8  120569317  120685644     82       1  351827       2.2734       0.0115        0.014   1000
6873         8  120743014  120845074    160      11  351827        2.073     0.019085        0.017   1000
79075        8  120846181  120868170    526      16  351827      0.85489      0.19631        0.179   1000
64798        8  120885900  121063157     49       2  351827       1.9975     0.022887         0.03   1000
7373         8  121137347  121384273      8       1  351827     -0.99085      0.83912        0.856   1000
27085        8  121457638  121535875    178       2  351827       1.0664      0.14313        0.152   1000
79139        8  124025404  124054663     40       3  351827      -2.2008      0.98613        0.983   1000
93594        8  124084920  124164393      1       1  351827      0.04196      0.48327        0.486   1000
84933        8  124232196  124253656     24       2  351827     0.029657      0.48817        0.495   1000
11244        8  124260690  124287781      1       1  351827      0.36722      0.35673        0.371   1000
29028        8  124332090  124408705    118       9  351827      0.72748      0.23346        0.207   1000
55093        8  124428965  124454261    209       6  351827      0.26844      0.39418        0.396   1000
157378       8  125323159  125384940    306      14  351827      0.34736      0.36416        0.385   1000
55039        8  125463048  125465267     84       5  351827      0.51453      0.30344        0.317   1000
83940        8  125500735  125551329     33       1  351827      0.30825      0.37895        0.406   1000
9788         8  125563025  125740730     26       4  351827     0.063477      0.47469        0.504   1000
9897         8  126036502  126104061    126       6  351827      -1.1872      0.88243        0.895   1000
50807        8  131064350  131455906    111       4  351827      0.51181      0.30439        0.309   1000
51105        8  133787604  133861052    143       5  351827      0.27562      0.39142        0.402   1000
6503         8  134048973  134115604      3       1  351827       1.1117      0.13312        0.152   1000
6482         8  134467091  134584697      2       1  351827     -0.40843      0.65852         0.67   1000
57623        8  135490031  135725292     59       5  351827     -0.27939      0.61003         0.62   1000
10656        8  136469702  136669068    224       6  351827       1.2125      0.11266        0.104   1000
83696        8  140740324  141468678     35       4  351827        1.405     0.080011        0.085   1000
54108        8  141521397  141527252     27       3  351827      0.49399      0.31066        0.295   1000
57210        8  142217273  142310241     18       2  351827      -1.8705       0.9693        0.967   1000
203062       8  143293441  143484543    385      18  351827     0.023571       0.4906        0.479   1000
8629         8  143738874  143751412    103       2  351827      0.87698      0.19025         0.19   1000
8000         8  143751726  143764145     60       2  351827     -0.10812      0.54305        0.549   1000
54742        8  143781529  143785588    184       6  351827      0.82512      0.20465        0.206   1000
51337        8  143808621  143818350    116       4  351827      0.81259      0.20823        0.214   1000
66004        8  143845756  143859640    254       6  351827      0.85571      0.19608        0.206   1000
4061         8  144099902  144103827      6       1  351827      0.81788      0.20671        0.196   1000
4062         8  144239331  144242053     35       3  351827     -0.01471      0.50587        0.525   1000
338328       8  144295068  144299044    138      11  351827      0.42491      0.33545        0.331   1000
286128       8  144328991  144344875    201       4  351827     -0.12845       0.5511        0.584   1000
2738         8  144333524  144359101     56       3  351827      0.37448      0.35402        0.353   1000
116447       8  144391494  144442147    290      12  351827     -0.50709      0.69395        0.721   1000
114822       8  144451025  144466390     46       3  351827      0.41554      0.33887        0.357   1000
23144        8  144519825  144624449    346      23  351827      0.21792      0.41375        0.379   1000
79792        8  144635383  144645232     91       5  351827       1.2922     0.098152        0.106   1000
642475       8  144648362  144654928     87      13  351827      0.88753       0.1874         0.19   1000
93100        8  144656955  144660881    306      26  351827     -0.56173      0.71285        0.732   1000
84948        8  144680074  144682485      6       1  351827     -0.39115      0.65216        0.632   1000
65263        8  144686083  144691784     10       2  351827      0.23616      0.40666        0.404   1000
7264         8  144694788  144700358     29       3  351827       1.0136      0.15538        0.155   1000
9831         8  144718183  144735900     18       2  351827      -1.1489      0.87471        0.879   1000
286075       8  144766622  144777672      7       1  351827       1.4484     0.073755         0.08   1000
83481        8  144939492  144952632      5       1  351827     -0.45142      0.67416        0.678   1000
5339         8  144989321  145050913    128       5  351827       1.5914     0.055762        0.054   1000
84875        8  145051320  145060635    106       3  351827       1.6138     0.053287        0.051   1000
375686       8  145086582  145102015     15       1  351827       1.2002      0.11504        0.106   1000
3297         8  145515270  145538385      5       2  351827     -0.25383      0.60019        0.593   1000
340393       8  145576886  145579269     35       2  351827      0.64473      0.25955        0.264   1000
26233        8  145579088  145582183     91       6  351827      0.77903      0.21798        0.205   1000
79581        8  145582217  145584946     94       6  351827      0.74293      0.22876        0.219   1000
29894        8  145618446  145634733    133      12  351827       1.1962      0.11582        0.109   1000
55630        8  145637798  145642279     14       3  351827      0.87184      0.19165        0.207   1000
51160        8  145648984  145653946     63       4  351827      0.99198       0.1606         0.14   1000
4796         8  145654163  145669871     51       2  351827      0.93156      0.17578        0.156   1000
90990        8  145691432  145699499     85       7  351827      0.51264       0.3041        0.303   1000
113655       8  145733161  145736596     13       1  351827      0.46686       0.3203        0.316   1000
9401         8  145736667  145743210     25       1  351827      0.09387      0.46261        0.481   1000
9684         8  145743349  145750562      8       2  351827     -0.13157      0.55234         0.55   1000
414919       8  145751599  145754485      1       1  351827      -1.4422      0.92538        0.921   1000
90987        8  145946294  145981285     87       2  351827      0.17511       0.4305        0.439   1000
80778        8  145998499  146012725    191       6  351827      0.40992      0.34093         0.34   1000
6132         8  146015152  146017805    320      12  351827      0.11464      0.45436        0.432   1000
340385       8  146024261  146035461    156       3  351827      0.42114      0.33683        0.339   1000
28991        8  146075551  146078932     84       2  351827      0.66197        0.254        0.258   1000
65265        8  146277823  146281416    144       3  351827      0.50097      0.30819        0.288   1000
55871        9     121038     179077    225      12  351827      0.16321      0.43518        0.423   1000
157983       9     213108     215893    102       7  351827     -0.23777      0.59397        0.591   1000
81704        9     214865     465259     43       8  351827      0.99211      0.16057        0.157   1000
23189        9     470294     746106     21       2  351827    -0.050457      0.52012        0.543   1000
10655        9    1049858    1057554     12       2  351827       0.3574       0.3604        0.371   1000
169522       9    2717526    2730037     27       2  351827      -2.1645      0.98479        0.987   1000
9933         9    2804152    2844130      2       1  351827       1.1658      0.12184         0.14   1000
5991         9    3218297    3525992      3       1  351827      0.31337        0.377        0.346   1000
169792       9    3824128    4300036      2       1  351827      0.63012      0.26431        0.264   1000
6505         9    4490427    4587469     22       4  351827      0.59038      0.27747        0.268   1000
55064        9    4553386    4666674     60       3  351827      -1.2452      0.89348        0.895   1000
403313       9    4662294    4665274      1       1  351827     -0.43243      0.66729        0.673   1000
50808        9    4709556    4742043     51       5  351827      -3.4974      0.99977        0.999   1000
6019         9    5299864    5304611     21       1  351827     -0.36961      0.64416        0.649   1000
55848        9    5357966    5438381    129      10  351827      0.85414      0.19651        0.201   1000
80380        9    5510512    5571282     83       6  351827     -0.10976       0.5437        0.549   1000
57589        9    5629031    5776557     22       1  351827      -2.1183      0.98292        0.981   1000
79956        9    5784572    5833081    204      10  351827     0.068936      0.47252        0.459   1000
2731         9    6532464    6645692     24       2  351827      0.82115      0.20578        0.187   1000
7306         9   12693385   12710285      1       1  351827       1.2611      0.10363        0.091   1000
8777         9   13105700   13279660     24       3  351827    0.0058584      0.49766        0.493   1000
4781         9   14081842   14398982      2       1  351827     -0.56972      0.71557        0.718   1000
340481       9   14611069   14693480    111      13  351827    -0.045966      0.51833        0.521   1000
158219       9   15170842   15307358     23       2  351827     -0.39327      0.65294        0.647   1000
203238       9   15552872   15971897    495      11  351827     -0.37862      0.64752        0.643   1000
54875        9   17134989   17503921    436       6  351827      0.75079      0.22639        0.237   1000
92949        9   18474079   18910948     87       5  351827     -0.72614      0.76612        0.776   1000
158297       9   18927891   19033256      4       1  351827      0.86448      0.19366        0.193   1000
10670        9   19049372   19051023     15       2  351827      0.93163      0.17576        0.157   1000
54801        9   19053135   19102940    160      10  351827     0.018523      0.49261        0.492   1000
123          9   19115759   19127604      7       1  351827     -0.30645      0.62037        0.596   1000
55667        9   19230763   19374137     14       1  351827        -0.68      0.75175        0.751   1000
6194         9   19376253   19380272     78       3  351827     -0.35965      0.64045        0.636   1000
54914        9   20658309   20995954      1       1  351827       1.6321     0.051329        0.043   1000
401494       9   21003620   21031635    145      10  351827       1.2191       0.1114        0.098   1000
55958        9   21331018   21335429     12       2  351827       0.8582      0.19539        0.193   1000
4507         9   21802635   21941040    376       8  351827      0.45864      0.32325         0.32   1000
1030         9   22002902   22009312      1       1  351827     -0.45703      0.67617        0.667   1000
1993         9   23690097   23826342      3       2  351827      0.63777      0.26181        0.272   1000
286319       9   25676387   25678856     31       4  351827     -0.61975      0.73229        0.733   1000
80173        9   26947037   27062931    248      12  351827     -0.53149      0.70246        0.713   1000
203228       9   27546543   27573864    117       6  351827     -0.58246      0.71987        0.721   1000
48           9   32384601   32450834     17       2  351827      0.57021      0.28427        0.265   1000
10210        9   32540542   32552626      9       3  351827     -0.44115      0.67045        0.663   1000
54840        9   32972604   33001639    151       5  351827     -0.67527      0.75025        0.784   1000
55234        9   33041850   33076714    106       8  351827      0.57351      0.28315        0.283   1000
2683         9   33110636   33167356      1       1  351827     -0.90982      0.81854        0.823   1000
573          9   33252469   33264759      1       1  351827      0.10197      0.45939        0.456   1000
4799         9   33290418   33371155     63       2  351827    -0.089687      0.53573         0.53   1000
364          9   33384948   33402643     13       3  351827      -1.0333      0.84927         0.82   1000
360          9   33441152   33447631    143      12  351827    -0.059205      0.52361        0.524   1000
65083        9   33461351   33473941     41       6  351827       -1.242      0.89288        0.902   1000
51271        9   34179003   34252521    114       7  351827      0.96937      0.16618        0.165   1000
347240       9   34252378   34329198     30       1  351827      0.77339      0.21965        0.211   1000
318          9   34329504   34343711    517      26  351827       1.2493      0.10578        0.077   1000
138716       9   34610482   34612110    102       7  351827        2.506    0.0061054       0.0042   5000
10280        9   34634719   34637805     17       2  351827     -0.28829      0.61344        0.623   1000
2592         9   34646586   34650595    121       6  351827       2.2829     0.011218        0.011   1000
3590         9   34652182   34661899    111       8  351827        2.387    0.0084921         0.01   1000
23349        9   34957484   34982541    195       6  351827       1.6302     0.051529        0.046   1000
25822        9   34989638   34998430     19       5  351827   -0.0081278      0.50324        0.516   1000
7415         9   35056065   35072739    100       5  351827      0.95152      0.17067        0.162   1000
2189         9   35073833   35080043     62       6  351827      0.71571      0.23708        0.252   1000
84720        9   35087028   35096598     24       2  351827     -0.19135      0.57588        0.595   1000
80256        9   35104118   35116338      5       2  351827       1.0053      0.15738        0.184   1000
27240        9   35649295   35650947      1       1  351827       1.1494      0.12519        0.099   1000
203260       9   35658279   35661500     58       6  351827     -0.79356      0.78627        0.781   1000
84904        9   35658872   35675863     14       2  351827      0.52325       0.3004        0.308   1000
7169         9   35681990   35690583     19       1  351827      0.62907      0.26465        0.244   1000
7094         9   35697334   35732392     24       3  351827       0.9433      0.17276        0.142   1000
57704        9   35736863   35749925     24       3  351827       0.9463        0.172        0.155   1000
9827         9   35749277   35753264     42       3  351827      0.69962      0.24208        0.216   1000
4882         9   35789962   35809728     71       7  351827      0.30526      0.38009         0.36   1000
51754        9   35829222   35854844    154      16  351827      0.98825      0.16152        0.146   1000
392309       9   35869460   35870398      7       1  351827     -0.18396      0.57298        0.552   1000
646962       9   35906189   35907138    160      19  351827     -0.30938      0.62149        0.616   1000
8434         9   36036910   36124452     29       3  351827       0.2642      0.39581         0.38   1000
152007       9   36136730   36163910     15       2  351827      0.38478       0.3502        0.344   1000
10020        9   36214438   36277053     54       3  351827      -2.2721      0.98846         0.99   1000
152006       9   36336395   36487568      8       1  351827     -0.90865      0.81823        0.836   1000
9380         9   37422693   37436990     85      13  351827     0.031432      0.48746        0.471   1000
64425        9   37485945   37503694    171       7  351827      -1.2531      0.89491        0.883   1000
26267        9   37510889   37576250    112       3  351827     -0.17673      0.57014        0.566   1000
22844        9   37651052   37746901     56       3  351827      -1.5923      0.94434        0.947   1000
158234       9   37753797   37778969     71       5  351827      0.15585      0.43808        0.446   1000
92014        9   37877572   37904350    273       5  351827      -1.2442      0.89328        0.923   1000
5239         9   70971815   71145977      8       1  351827      -1.9815      0.97623        0.972   1000
169693       9   71151496   71155783     15       2  351827     -0.52899      0.70159        0.702   1000
8395         9   71320188   71624092     25       2  351827     -0.49758      0.69061        0.703   1000
2395         9   71650479   71715094      8       4  351827      -0.7186      0.76381        0.776   1000
256691       9   72658435   72841899     93       4  351827      -0.4463      0.67231        0.683   1000
80036        9   73143979   74061782    187      13  351827      -1.0181      0.84569        0.867   1000
23670        9   74298282   74384373     13       3  351827      0.97316      0.16524        0.179   1000
138241       9   74526190   74588373      8       1  351827     -0.40941      0.65888        0.611   1000
117531       9   75136717   75451267     46       2  351827      -3.1627      0.99922        0.999   1000
55071        9   77561499   77567802      1       1  351827     0.098931       0.4606        0.464   1000
54981        9   77676116   77703133    305      27  351827      -2.1497      0.98421        0.983   1000
26578        9   77703398   77762114     40       4  351827      -2.3018      0.98933        0.984   1000
158471       9   79226292   79521136     67       5  351827      -2.5397      0.99445        0.993   1000
23230        9   79792269   80032399    351      10  351827     -0.92607       0.8228         0.82   1000
9630         9   80037995   80263232      5       2  351827      -1.6004      0.94524        0.942   1000
7091         9   82186878   82341658      1       1  351827      0.36207      0.35865        0.378   1000
158158       9   85594500   85678043     81       2  351827       1.0512      0.14658        0.132   1000
29979        9   86274878   86323168     63       5  351827     -0.10741      0.54277         0.54   1000
55582        9   86451613   86536428      2       1  351827       0.2731      0.39239        0.392   1000
80010        9   86595321   86618989     99       5  351827       1.0755      0.14108        0.164   1000
4915         9   87283417   87641985     73       3  351827       1.2332      0.10874        0.102   1000
60560        9   88556009   88638350     11       2  351827       0.4086      0.34142        0.332   1000
51280        9   88629018   88715116     82       2  351827        1.174      0.12019         0.12   1000
389766       9   88835180   88874572      1       1  351827      -0.2857      0.61245        0.611   1000
79670        9   88902648   88969402     96       3  351827     -0.70542      0.75972        0.775   1000
1164         9   91926113   91931618      9       2  351827     -0.48454        0.686         0.69   1000
549          9   93976097   94124215      3       1  351827      0.35044        0.363        0.351   1000
10558        9   94793416   94877756    394      14  351827      -1.7163      0.95694        0.958   1000
3376         9   94972489   95056038      6       2  351827      0.31453      0.37656        0.356   1000
55035        9   95059640   95087876    391       8  351827     -0.19844      0.57865        0.583   1000
401541       9   95087741   95377446    627      14  351827     -0.19454      0.57712        0.576   1000
4969         9   95146249   95166976    133       3  351827     -0.87804      0.81004        0.833   1000
83744        9   95607313   95640320      6       1  351827     -0.27083      0.60674        0.611   1000
89846        9   95709601   95798518    101       6  351827     -0.16854      0.56692        0.587   1000
84270        9   95858450   95875565     74      10  351827     -0.19104      0.57575        0.582   1000
4814         9   95883771   95896570     40       5  351827     -0.57801      0.71837        0.736   1000
158293       9   96208776   96215874     91       1  351827     0.089617       0.4643        0.456   1000
5253         9   96338909   96441869     10       1  351827      0.68125      0.24786        0.272   1000
56033        9   96713909   96717608    106       4  351827      0.89993      0.18408         0.22   1000
169841       9   97021578   97065291     15       2  351827         2.14     0.016176        0.018   1000
84641        9   97136833   97223202    186      13  351827       1.7492     0.040126         0.04   1000
84909        9   97488886   97849500      9       2  351827       1.2414      0.10723        0.118   1000
2176         9   97861336   98079991      1       1  351827       1.8216     0.034257        0.033   1000
375748       9   98637900   98731122    200      10  351827       1.0422      0.14866        0.146   1000
3293         9   98997588   99064662    118       8  351827      -1.1619      0.87736        0.876   1000
11046        9   99075719   99145992      1       1  351827     -0.58553       0.7209        0.721   1000
195828       9   99148223   99180669     18       1  351827       1.1727      0.12046        0.134   1000
22927        9   99212414   99253618      3       1  351827      -2.0283      0.97874        0.978   1000
22869        9   99518147   99540401      1       1  351827      0.59377      0.27633        0.274   1000
158431       9   99578754   99696169      5       1  351827      -1.4288      0.92348        0.934   1000
441457       9   99691286   99704572      6       2  351827       1.1266      0.12995        0.122   1000
100499483    9  100069910  100139577    152       3  351827    -0.051555      0.52056        0.508   1000
7111         9  100263462  100367177     11       1  351827      -1.2651      0.89708        0.901   1000
51531        9  100662380  100684852    230      11  351827      0.88207      0.18887        0.178   1000
9830         9  100798071  100881695     45       5  351827       1.2454      0.10649        0.101   1000
7464         9  100883257  100954956     52       7  351827    -0.044757      0.51785        0.507   1000
203286       9  101494291  101558794     28       2  351827     0.063368      0.47474        0.448   1000
1306         9  101705995  101833074     36       4  351827      -1.9824      0.97628        0.984   1000
10952        9  101984570  101992901      1       1  351827      0.38933      0.34852         0.35   1000
55014        9  102668915  102736818    438      12  351827    -0.079744      0.53178        0.535   1000
27130        9  102861467  103063908    685      19  351827     -0.70858      0.76071        0.753   1000
54881        9  103064357  103115856      4       2  351827       -2.539      0.99444        0.995   1000
91283        9  103189495  103214016     23       2  351827       0.4754      0.31725        0.291   1000
8577         9  103235520  103339918    218       6  351827     -0.10346       0.5412        0.537   1000
7743         9  104161136  104172942     66       4  351827     -0.74355      0.77142        0.757   1000
84302        9  104235442  104249475     11       2  351827    -0.067202      0.52679        0.538   1000
56254        9  104296131  104325626     58       3  351827      -2.8115      0.99753        0.998   1000
10592        9  106856213  106903700    170       3  351827     -0.47418      0.68231        0.694   1000
25934        9  107509969  107522403    393      13  351827       1.1733      0.12033         0.12   1000
55335        9  107526022  107540045      1       1  351827     -0.96115      0.83176        0.844   1000
23446        9  108006906  108200785     42       2  351827     -0.51456      0.69657        0.702   1000
2218         9  108320411  108403399    115       6  351827      0.34089      0.36659        0.391   1000
6887         9  108418562  108425393      5       1  351827     -0.66326      0.74642        0.768   1000
55151        9  108456806  108538892     67       4  351827      0.35472       0.3614        0.365   1000
58499        9  109622469  109775525    136       5  351827       1.2118       0.1128        0.107   1000
5887         9  110045517  110094475      2       1  351827       1.3942     0.081635        0.077   1000
8518         9  111629800  111696608    133       3  351827      -1.0159      0.84516        0.826   1000
54942        9  111696673  111703238     37       2  351827     -0.46731      0.67986        0.671   1000
8727         9  111704849  111775829    302      13  351827     -0.40769      0.65825        0.626   1000
23731        9  111777415  111882225    100       9  351827     -0.43545      0.66838        0.673   1000
54566        9  111934254  112083021     44       2  351827     -0.86104      0.80539         0.79   1000
114299       9  112403068  112713756    104       4  351827     -0.42496      0.66457        0.649   1000
401546       9  112961841  112970413     32       3  351827     -0.96378      0.83242        0.821   1000
7295         9  113006092  113018920      8       2  351827      -1.5092      0.93437        0.927   1000
4593         9  113430935  113566386     59       2  351827     -0.61411      0.73043        0.742   1000
158399       9  114287439  114340124    328      13  351827      0.12318      0.45098        0.445   1000
22949        9  114312002  114362135    269      31  351827      0.85464      0.19638        0.221   1000
548645       9  114393632  114416631      8       1  351827     -0.19903      0.57888        0.578   1000
2790         9  114423851  114432526    623      25  351827      0.82869      0.20364        0.182   1000
64420        9  114803061  114937577    528      11  351827       1.5701     0.058191        0.063   1000
84263        9  115142189  115234685    335      10  351827       2.8249    0.0023647       0.0062   5000
7539         9  115804144  115819043      7       2  351827     -0.04077      0.51626        0.515   1000
23307        9  115927800  115983641     67       6  351827     -0.37198      0.64505        0.632   1000
1317         9  115983808  116026772     39       1  351827     -0.91031      0.81867        0.817   1000
246184       9  116029288  116037869    227      15  351827     -0.74565      0.77206         0.76   1000
9128         9  116037914  116056079    201      12  351827     -0.81336        0.792        0.774   1000
138065       9  116059373  116065554      5       1  351827     0.040259      0.48394         0.45   1000
114987       9  116075502  116102620    102       7  351827     -0.22644      0.58957        0.587   1000
81932        9  116135698  116139289     33       7  351827      0.48406      0.31417        0.325   1000
210          9  116148592  116163618     30       5  351827      0.82754      0.20397        0.193   1000
54107        9  116169515  116173029    133       3  351827      0.90611      0.18244        0.194   1000
257169       9  116172924  116191964    242       3  351827     -0.62779      0.73493        0.731   1000
113220       9  116853903  116861600      1       1  351827      -1.0899      0.86212        0.875   1000
85301        9  116918231  117072975      1       1  351827      -0.5575      0.71141        0.697   1000
25861        9  117164360  117267789      1       1  351827      -1.2318      0.89099        0.876   1000
9966         9  117546915  117568408      1       1  351827      0.46015      0.32271        0.312   1000
22954        9  119360147  119463579    120       8  351827       0.2093      0.41711        0.423   1000
55755        9  123151147  123342448      6       2  351827     -0.90882      0.81828        0.834   1000
1955         9  123363196  123476765    208       7  351827      0.77314      0.21972        0.215   1000
5711         9  123578331  123605299    254       7  351827      0.55818      0.28836        0.284   1000
7185         9  123664671  123691451     32       3  351827      -1.6324      0.94871        0.953   1000
727          9  123714613  123812554    357      14  351827     -0.59676      0.72467        0.761   1000
51552        9  123940415  123964365      5       1  351827     -0.18027      0.57153        0.588   1000
153090       9  124329162  124547809     23       2  351827        1.388      0.08257        0.081   1000
158135       9  124577953  124855885     51       2  351827    -0.030971      0.51235        0.523   1000
92400        9  125001834  125027143     14       2  351827     -0.15283      0.56073        0.544   1000
57706        9  126141933  126692423     87       5  351827     -0.22458      0.58885        0.587   1000
5695         9  127115744  127177752     56       2  351827       1.4418     0.074678        0.089   1000
169611       9  127539435  127577161     45       1  351827     -0.68095      0.75205        0.738   1000
2800         9  127640573  127703386     28       2  351827      0.49437      0.31052        0.313   1000
286205       9  127704887  127905838    204       6  351827       1.1124      0.13298        0.136   1000
5537         9  127908852  127952218    269       4  351827        2.687    0.0036052        0.005   5000
10244        9  127962821  127996438    185       4  351827       3.0389    0.0011873        0.002   5000
79109        9  128199673  128469513     87       3  351827      0.73679      0.23062        0.248   1000
5090         9  128509617  128729656    143       4  351827      0.25818      0.39814          0.4   1000
89853        9  129089123  129269320     92       9  351827      0.52904      0.29839         0.31   1000
4010         9  129376722  129463311     53       3  351827      0.12056      0.45202        0.465   1000
23099        9  129567285  129600489     13       1  351827    -0.046005      0.51835        0.522   1000
9649         9  129677053  129985445     63       3  351827    -0.077681      0.53096        0.501   1000
84253        9  129986750  130155828     39       4  351827       1.9688      0.02449        0.023   1000
29988        9  130159417  130170177    254      15  351827       1.4617     0.071916        0.052   1000
7633         9  130186653  130209525    248      13  351827       1.6765     0.046823         0.04   1000
6136         9  130209953  130213711    362      19  351827       1.4068     0.079748        0.072   1000
64855        9  130267618  130341268      1       1  351827      0.53015        0.298        0.282   1000
138428       9  130476227  130487152    120       7  351827      0.89782      0.18464         0.18   1000
2356         9  130565137  130576799     18       2  351827     0.057964      0.47689         0.46   1000
203          9  130628759  130640022      4       1  351827     -0.19764      0.57834        0.599   1000
27090        9  130670165  130679326     40       1  351827      0.54775      0.29193        0.297   1000
138429       9  130683808  130693076    197      11  351827       0.8777      0.19005        0.216   1000
8818         9  130697374  130700763     51       2  351827      0.69287       0.2442        0.258   1000
79095        9  130922539  130926207      1       1  351827       1.1719      0.12062        0.136   1000
25792        9  130928344  130966662     23       2  351827      0.70737      0.23967        0.236   1000
375757       9  131037663  131051268      2       1  351827     -0.54044      0.70555         0.71   1000
81605        9  131133598  131154295    175      12  351827       1.6908     0.045441        0.047   1000
51148        9  131173854  131199630    142       4  351827       1.9886     0.023373        0.016   1000
4957         9  131217434  131263571    139       3  351827        1.956     0.025231        0.018   1000
2733         9  131266971  131304580     30       9  351827       1.2132      0.11252        0.118   1000
6418         9  131445934  131458675     22       1  351827       1.3854     0.082962        0.083   1000
29941        9  131464802  131483199      6       1  351827     -0.94549       0.8278        0.838   1000
2021         9  131580779  131584955    102       4  351827     -0.92363      0.82216        0.821   1000
51490        9  131581930  131592299    114       5  351827      -1.0143      0.84478        0.839   1000
254295       9  131683174  131704322     79       3  351827      0.72928      0.23291        0.233   1000
56904        9  131770313  131790604     75       2  351827       0.7302      0.23263        0.241   1000
57171        9  131843383  131852717     40       4  351827       1.5947     0.055394        0.048   1000
1384         9  131857073  131873070    136       2  351827     -0.11987      0.54771        0.574   1000
5524         9  131873183  131911225    164       4  351827     -0.21845      0.58646        0.609   1000
51450        9  132427920  132484953     17       2  351827       2.3951    0.0083072       0.0082   5000
9536         9  132500615  132515344     10       1  351827      0.79731      0.21264        0.223   1000
27348        9  132565428  132573563    239       7  351827      -2.1501      0.98423        0.976   1000
1861         9  132575221  132586441    224       5  351827      -0.5185      0.69794        0.687   1000
51759        9  132589564  132597572      4       1  351827     -0.21383      0.58466        0.575   1000
23048        9  132649458  132805473    207       3  351827     -0.49598      0.69004        0.689   1000
23413        9  132934857  132999583      1       1  351827    -0.010938      0.50436        0.513   1000
256158       9  133223389  133309510      9       1  351827       1.3817     0.083534        0.066   1000
10319        9  133884504  133968446     42       7  351827     -0.99649      0.84049        0.832   1000
10585        9  134378282  134399193     92       4  351827     -0.60738       0.7282        0.727   1000
83549        9  134399183  134406662      9       1  351827      -0.2197      0.58695        0.563   1000
64794        9  135468384  135545788    132       6  351827       2.8166    0.0024269       0.0032   5000
7248         9  135766735  135820094     75       5  351827      -2.1462      0.98407        0.988   1000
9328         9  135906062  135933890      1       1  351827     -0.47213      0.68158        0.683   1000
28           9  136130563  136150630    257      21  351827     -0.43782      0.66924        0.688   1000
6838         9  136197543  136203047    426      20  351827    -0.014038       0.5056        0.494   1000
6837         9  136207751  136215011      6       1  351827      0.92473      0.17755        0.192   1000
6834         9  136218660  136223361    313      25  351827      0.24355      0.40379        0.382   1000
6835         9  136223421  136228041      3       1  351827      -1.3492      0.91137         0.92   1000
57109        9  136271182  136283292      3       1  351827      -0.9714      0.83433        0.835   1000
11093        9  136279459  136324525    150      11  351827     -0.18613      0.57383        0.577   1000
11094        9  136325087  136335909     15       2  351827     -0.49844      0.69091        0.687   1000
11182        9  136336216  136344276     21       3  351827     -0.86543       0.8066        0.809   1000
1621         9  136501485  136524466     80       7  351827      0.24248       0.4042        0.385   1000
1757         9  136528682  136605077     63       8  351827     -0.13575      0.55399        0.558   1000
7410         9  136627016  136857496     44       3  351827     -0.21725      0.58599        0.611   1000
8019         9  136895427  136933655     55       3  351827        3.863   5.5997e-05       0.0001  10000
11091        9  137000801  137025094     33       2  351827      0.96943      0.16617        0.161   1000
2220         9  137772658  137779366      1       1  351827       1.0502       0.1468        0.138   1000
157922       9  138700333  138799060      3       1  351827     -0.72724      0.76646        0.776   1000
10422        9  138824815  138853226     69       3  351827      -1.4672      0.92884        0.925   1000
90120        9  139006427  139010731      1       1  351827   -0.0039729      0.50158        0.511   1000
169714       9  139098179  139137687     22       3  351827     -0.56043      0.71241        0.733   1000
26086        9  139221932  139254057     26       5  351827      -1.3209      0.90673        0.906   1000
728489       9  139256352  139268111    163      15  351827      0.36098      0.35906        0.341   1000
64170        9  139258408  139268133     26       1  351827    -0.099277      0.53954        0.537   1000
6621         9  139270021  139294655     92       5  351827     -0.99425      0.83995        0.833   1000
10807        9  139296374  139305054     43       3  351827      -1.5406      0.93829        0.943   1000
56623        9  139323067  139334305    144      10  351827      -2.0522      0.97992        0.975   1000
9919         9  139334548  139379297    107       7  351827      -1.2983      0.90292          0.9   1000
138311       9  139607024  139619170     41       4  351827      0.45412      0.32487        0.326   1000
414332       9  139632619  139637411      3       2  351827       1.1325      0.12871        0.136   1000
55684        9  139702374  139735639      4       1  351827      0.25246      0.40034        0.402   1000
7186         9  139776341  139821853      1       1  351827     -0.64526      0.74062        0.744   1000
5730         9  139871898  139876194     79       6  351827     -0.67226      0.74929        0.728   1000
401562       9  139877445  139880210     94       6  351827     -0.67552      0.75033         0.75   1000
286257       9  139886870  139888428     52       2  351827     -0.47264      0.68177        0.672   1000
9022         9  139889060  139892200     46       2  351827     -0.40472      0.65716        0.659   1000
56654        9  139933909  139941147     26       2  351827       1.3554     0.087651         0.09   1000
11253        9  139981379  140003639     96       9  351827      0.43012      0.33355        0.346   1000
29952        9  140004992  140009204    152      10  351827     -0.13932       0.5554        0.561   1000
27158        9  140100119  140113813      6       2  351827      0.80614      0.21008        0.214   1000
727800       9  140114699  140115775     14       3  351827       1.4402     0.074912        0.085   1000
375791       9  140119086  140120765      6       2  351827       1.3991     0.080894        0.085   1000
643596       9  140122018  140124090     26       3  351827      0.51803      0.30222        0.299   1000
142680       9  140125209  140131006      4       1  351827      0.30223      0.38124        0.361   1000
401565       9  140138037  140142222     42       2  351827       1.9064     0.028296        0.032   1000
441476       9  140145713  140147935     44       2  351827       1.9108     0.028014        0.031   1000
25920        9  140149759  140168000     63       3  351827       1.8295      0.03366        0.038   1000
54932        9  140201346  140317714     23       5  351827       1.2116      0.11283        0.121   1000
10811        9  140317847  140328858     45       5  351827      0.91398      0.18036        0.169   1000
377841       9  140328816  140335901      6       2  351827      0.93686      0.17442        0.188   1000
26012        9  140342022  140353808      3       2  351827       1.0598      0.14461        0.157   1000
375775       9  140354404  140445021      6       2  351827      0.95769      0.16911        0.173   1000
64975        9  140446309  140447007     13       4  351827       1.0033      0.15785        0.159   1000
92715        9  140449354  140473387     66       2  351827     -0.25941      0.60234         0.61   1000
92714        9  140500092  140509812     38       2  351827      0.42966      0.33372        0.337   1000
10771       10     180405     300577      2       1  351827       1.3109     0.094943        0.079   1000
23560       10    1034349    1063708     12       1  351827      -1.1494       0.8748         0.88   1000
105         10    1223253    1779670     73       7  351827       1.7158       0.0431        0.041   1000
10531       10    3179919    3215033    121      12  351827      -1.3884       0.9175        0.914   1000
83592       10    4868369    4890254     96      10  351827      -1.3754       0.9155        0.911   1000
1646        10    5029967    5060225     34       5  351827     -0.80833      0.79055        0.774   1000
8644        10    5090958    5149878     73       8  351827      -1.5019      0.93344        0.924   1000
79754       10    5680820    5708558     45       2  351827      -1.2914      0.90171        0.904   1000
2665        10    5807186    5855512    161      11  351827    -0.099361      0.53957        0.538   1000
54522       10    5903593    5931860      2       1  351827     -0.19017      0.57541        0.557   1000
84893       10    5931535    5979558     29       1  351827       1.8676      0.03091        0.031   1000
3601        10    5994334    6020150     26       3  351827     0.078044       0.4689        0.476   1000
3559        10    6052657    6104333      4       1  351827         0.66      0.25463        0.258   1000
80760       10    7601232    7708961     75      10  351827       1.1208      0.13119        0.128   1000
3698        10    7745236    7791483     13       2  351827      -1.5681      0.94157        0.946   1000
22944       10    7792925    7829990     33       3  351827      -0.5658      0.71424        0.703   1000
509         10    7830093    7849764    103       5  351827      -1.8347      0.96672        0.968   1000
79746       10   11784356   11806065     38       6  351827    -0.084523      0.53368        0.521   1000
254427      10   11865295   11914276     17       3  351827     -0.39175      0.65238         0.65   1000
26019       10   11962021   12085169      6       1  351827     -0.64514      0.74058        0.751   1000
55526       10   12110916   12165227     25       3  351827        1.077      0.14075        0.131   1000
55176       10   12171640   12211957     32       1  351827     -0.29981      0.61784        0.609   1000
57118       10   12391583   12871735      1       1  351827      -1.3562      0.91249        0.913   1000
83643       10   12938625   13141762      1       1  351827     -0.71889      0.76389        0.757   1000
55388       10   13203554   13253104     80      13  351827      0.59709      0.27522        0.282   1000
5264        10   13319796   13342133     59       8  351827      -1.4255        0.923        0.916   1000
22929       10   13359428   13390298     21       1  351827     -0.79155      0.78569        0.769   1000
64421       10   14948870   14996106      2       1  351827      -1.1506      0.87506        0.865   1000
414149      10   15057071   15130783     12       2  351827      0.28723      0.38697        0.393   1000
9397        10   15147771   15210703     20       4  351827      0.52219      0.30077        0.282   1000
221061      10   15253642   15413058     16       3  351827     -0.14815      0.55889        0.564   1000
8516        10   15557711   15762328      7       1  351827      -1.2649      0.89705        0.893   1000
9317        10   16478942   16555744    140       7  351827     -0.95719      0.83076        0.812   1000
389941      10   16555742   16564004    137      14  351827     -0.83156      0.79717        0.806   1000
6251        10   16632615   16859509     41       4  351827      0.62036      0.26751        0.263   1000
8029        10   16865965   17171816    127      10  351827      0.74558      0.22796        0.244   1000
1787        10   17179828   17244093    145       6  351827      0.56103      0.28739         0.29   1000
7431        10   17269934   17279592      3       1  351827     -0.46396      0.67866        0.694   1000
653567      10   17794260   17842866      5       2  351827       1.0668      0.14304        0.154   1000
221074      10   18240768   18332221    107       7  351827      0.13998      0.44434        0.431   1000
221078      10   18834264   18948180    415      17  351827      0.83594      0.20159        0.197   1000
221079      10   18948264   18970568     95       2  351827       1.8102     0.035134        0.032   1000
340895      10   19337700   20023407    266      10  351827     -0.29793      0.61712        0.603   1000
5305        10   22823766   23003503     97       4  351827     -0.11292      0.54495        0.542   1000
220213      10   23728198   23731310      1       1  351827      0.47101      0.31882        0.299   1000
56243       10   23983675   24836772      5       1  351827     -0.46327      0.67841        0.668   1000
56952       10   25137536   25242680     22       3  351827     -0.17684      0.57018         0.61   1000
219670      10   25270908   25351208      1       1  351827     -0.52184      0.69911        0.723   1000
79896       10   25305508   25315593     18       4  351827     -0.70775      0.76045        0.756   1000
57512       10   25464290   25891158     61       4  351827     -0.23772      0.59395        0.624   1000
54518       10   26727253   26856732    141       8  351827     -0.83304      0.79759        0.794   1000
22852       10   27284054   27389427    154       5  351827    -0.018919      0.50755        0.502   1000
10730       10   27399040   27443349     61       1  351827       0.9135      0.18049        0.176   1000
84930       10   27443753   27475848    729      19  351827       1.1691      0.12118          0.1   1000
374308      10   27687117   27703297    270      10  351827     -0.24258      0.59583        0.617   1000
22931       10   27793103   27831166     85       2  351827     -0.27386       0.6079        0.608   1000
283078      10   27961803   28034778      5       1  351827      0.38345      0.35069        0.352   1000
55130       10   28101095   28287977     15       1  351827      0.91925      0.17898        0.193   1000
143098      10   28339922   28591953     21       4  351827      0.97994      0.16356         0.16   1000
51322       10   28821355   28912041    153       9  351827    -0.025074         0.51        0.495   1000
57608       10   30301729   30348488     16       1  351827      -1.0142      0.84476        0.844   1000
1326        10   30722950   30750762      1       1  351827      0.46289      0.32172        0.319   1000
94134       10   32094326   32217804    193       3  351827      0.62817      0.26495        0.268   1000
3799        10   32297938   32345371      2       1  351827        -1.01      0.84374        0.839   1000
80314       10   32556644   32667726      1       1  351827     0.062096      0.47524        0.482   1000
79741       10   32735057   33171805    802      16  351827       1.1235      0.13061        0.139   1000
3688        10   33189246   33247293     57       1  351827       -1.322      0.90692        0.901   1000
56288       10   34398488   35104253     95       3  351827      0.47949      0.31579        0.336   1000
57209       10   38065454   38147012    610       3  351827      -1.3466      0.91095        0.916   1000
219749      10   38238500   38265584   1633      15  351827      -1.8418      0.96725        0.987   1000
7587        10   38383264   38412280    110       2  351827       -1.848       0.9677        0.962   1000
7582        10   43084532   43134016    438      23  351827      0.73717      0.23051        0.217   1000
5979        10   43572517   43625799    130       9  351827     -0.19543      0.57747        0.593   1000
55454       10   43633893   43680756    324      15  351827     -0.43768      0.66919        0.695   1000
221002      10   43689983   43762367     57       1  351827      0.91344      0.18051        0.165   1000
3185        10   43881065   43904696    101       4  351827      0.17636         0.43        0.424   1000
8187        10   44051792   44070066     92       4  351827      -1.9677      0.97545        0.972   1000
7570        10   45496273   45500777      1       1  351827       1.7233     0.042417         0.05   1000
79290       10   45798102   45811056    165       2  351827      0.27479      0.39174        0.382   1000
240         10   45869624   45941569     96       6  351827       1.0352      0.15029        0.147   1000
220972      10   45950033   46090354    614      12  351827     -0.27646       0.6089        0.623   1000
93550       10   46111039   46168251    398      12  351827      0.78463      0.21633        0.211   1000
253725      10   46222648   46288412    108       9  351827     -0.22719      0.58986        0.577   1000
58504       10   49654068   49864310     68       6  351827       0.1174      0.45327         0.45   1000
57705       10   49892907   50191001     73       3  351827       0.1659      0.43412        0.423   1000
170371      10   50363890   50396640     12       1  351827     -0.85357      0.80333        0.798   1000
2074        10   50662526   50747169     90       4  351827       2.2805      0.01129        0.011   1000
267004      10   50723151   50732327     90       4  351827       2.2805      0.01129        0.011   1000
55753       10   50942687   50970425      6       1  351827       1.4476     0.073858        0.089   1000
387680      10   51827610   51893269     16       1  351827      -1.9553      0.97473        0.962   1000
56624       10   51947000   52008370    313      20  351827     -0.17706      0.57027        0.602   1000
259230      10   52065345   52383737     19       1  351827      0.65656      0.25573        0.247   1000
653308      10   52499688   52516948    118      10  351827      0.32964      0.37084        0.385   1000
11130       10   58117016   58121063    207       2  351827      0.52418      0.30008        0.289   1000
253430      10   59951278   60027694     64       2  351827      0.54608      0.29251        0.274   1000
55847       10   60028862   60050752    446       8  351827     -0.20964      0.58303        0.564   1000
7019        10   60144903   60158990     32       3  351827     -0.68359      0.75288        0.747   1000
220963      10   61410522   61469649     44       3  351827      -1.1584      0.87664         0.87   1000
288         10   61786056   62493284    203       9  351827     -0.16375      0.56504        0.556   1000
9886        10   62629196   62761198    108       7  351827      0.63737      0.26194        0.255   1000
219623      10   63166401   63213208     57       2  351827       1.2602       0.1038         0.12   1000
219621      10   63422709   63526524    405      18  351827      -0.1874      0.57433        0.575   1000
22891       10   64133916   64431771      4       1  351827      0.77688      0.21862        0.243   1000
84890       10   64564516   64568239    216      12  351827      -1.1292      0.87058        0.871   1000
29982       10   64893007   64914786      2       1  351827       0.4602      0.32269        0.331   1000
221035      10   65281113   65384883    405      14  351827      0.18463      0.42676        0.439   1000
56521       10   69556427   69597937     17       2  351827     -0.60413      0.72712        0.723   1000
220202      10   69990352   69991870    244       7  351827       1.2067      0.11378        0.106   1000
64081       10   70042417   70096115    504       8  351827      0.94686      0.17186        0.123   1000
55680       10   70100864   70167051    399       7  351827       1.5938     0.055492        0.056   1000
1763        10   70173821   70231878    695      15  351827       1.5436     0.061347        0.067   1000
55749       10   70480956   70552134      3       1  351827      -1.5258      0.93647        0.934   1000
219736      10   70587294   70655209    340       7  351827      0.85445      0.19643         0.19   1000
6832        10   70939993   70968854     30       2  351827     -0.62198      0.73302        0.734   1000
80201       10   70980059   71027315     35       4  351827      0.77448      0.21932        0.234   1000
23555       10   71176821   71271569      6       1  351827     -0.19522      0.57739        0.601   1000
84883       10   71872023   71892832      1       1  351827      0.15865      0.43697        0.422   1000
219743      10   71897737   71906496      9       2  351827   -0.0029989       0.5012          0.5   1000
56681       10   71909960   71930285    117       8  351827     -0.98731      0.83826         0.83   1000
5464        10   71962586   71993667      2       1  351827      -1.4348      0.92432        0.921   1000
64106       10   72014713   72043450      1       1  351827      0.18264      0.42754        0.445   1000
55222       10   72058726   72142406     14       2  351827     0.019528      0.49221        0.495   1000
1979        10   72163861   72188374      3       1  351827      -0.9144      0.81975         0.81   1000
4838        10   72191692   72201465     19       1  351827     -0.52387      0.69981        0.715   1000
27143       10   72238564   72328206      2       1  351827     -0.27438       0.6081        0.638   1000
219793      10   72530995   72545157     14       2  351827      -1.6151      0.94686        0.947   1000
8879        10   72575704   72640946     83       2  351827     -0.55044      0.70899        0.718   1000
219699      10   72972292   73062635      1       1  351827      -1.6019      0.94541        0.948   1000
55315       10   73079010   73123147      9       1  351827      -0.0875      0.53486        0.568   1000
64072       10   73156691   73575704     47       4  351827     -0.85837      0.80466        0.801   1000
9806        10   73818792   73848790    205      11  351827     -0.98759      0.83832         0.83   1000
51008       10   73855790   73976892    149      13  351827      -0.2726      0.60742        0.597   1000
119504      10   73975758   73995618      1       1  351827        1.036       0.1501        0.133   1000
54788       10   74092588   74114907    466       5  351827      -1.0741      0.85862        0.919   1000
10367       10   74127084   74385949     42       1  351827      -1.8147      0.96522        0.968   1000
25961       10   74870133   74891583   1358      11  351827     -0.84525      0.80101        0.793   1000
11319       10   74894282   74927853    320       3  351827     -0.60597      0.72773        0.701   1000
317662      10   74927877   75002435    859       4  351827      -0.4724      0.68168        0.668   1000
23234       10   75002582   75007025    335       3  351827     -0.53539      0.70381        0.711   1000
51021       10   75008601   75012451    373       3  351827     -0.54918      0.70856        0.691   1000
118491      10   75013516   75119425   1326      12  351827     -0.98387      0.83741        0.822   1000
159195      10   75257296   75335433    112       2  351827     -0.26565      0.60475        0.605   1000
729092      10   75434033   75464357     11       2  351827     -0.84099      0.79982        0.792   1000
9632        10   75504039   75531933     27       2  351827       0.3968      0.34576        0.344   1000
170384      10   75531830   75535977    688      11  351827     -0.16677      0.56622         0.58   1000
5328        10   75670862   75677259     85       3  351827      0.41359      0.33959        0.341   1000
7414        10   75757836   75879918    186       6  351827      0.59965      0.27437        0.276   1000
7417        10   76969912   76991206    192       8  351827       1.6011     0.054679        0.069   1000
118881      10   76992760   76995802     13       1  351827     -0.47315      0.68195         0.66   1000
83938       10   77191217   78317133    142      13  351827       1.7644     0.038832        0.041   1000
3778        10   78629359   79397577    116       9  351827       2.0406     0.020644        0.025   1000
9231        10   79550549   79686348    324      10  351827     -0.50632      0.69368        0.704   1000
6229        10   79793518   79816571    187      13  351827      0.82708       0.2041        0.201   1000
6441        10   81697496   81708861    319      12  351827       2.0315     0.021102        0.027   1000
219348      10   81892258   81904784    538      10  351827      -1.2628      0.89667        0.963   1000
311         10   81914880   81965433      2       1  351827     -0.34561      0.63518         0.63   1000
84293       10   82167585   82192753      2       1  351827        -1.49      0.93189        0.937   1000
81619       10   82214038   82282394     15       3  351827      -1.3243       0.9073        0.906   1000
387694      10   82297658   82406316     36       2  351827     -0.21108      0.58359        0.594   1000
27069       10   85899185   85913311     20       2  351827     -0.87797      0.81002        0.817   1000
92211       10   85954391   85979377     25       3  351827     -0.33604      0.63158        0.655   1000
5995        10   86004809   86018944    178      12  351827      0.33545      0.36864        0.355   1000
54462       10   86088342   86278276     85       2  351827     -0.44026      0.67012        0.645   1000
2894        10   87359312   88126250    240      19  351827     -0.34154      0.63365        0.646   1000
23063       10   88195013   88281541     30       1  351827      0.56559      0.28584        0.288   1000
94233       10   88414314   88426217    142      11  351827      0.41154      0.34034        0.351   1000
11155       10   88426542   88495829    146      11  351827      0.38149      0.35142         0.36   1000
657         10   88516396   88684945    269      13  351827      -1.1719      0.87937        0.903   1000
79812       10   88695297   88717425     42       4  351827     -0.58276      0.71997        0.734   1000
6623        10   88717504   88723017     22       2  351827     -0.21295      0.58432        0.583   1000
10974       10   88728188   88730666     40       3  351827     -0.67817      0.75117        0.754   1000
643161      10   88780046   88784487     42       2  351827     -0.56372      0.71353        0.733   1000
2746        10   88809959   88854776      2       1  351827      0.18616      0.42616        0.454   1000
54537       10   88854953   88951225     94       4  351827     -0.29365      0.61549        0.608   1000
728118      10   88983616   88995645    135       8  351827     -0.91602      0.82017        0.817   1000
9562        10   89264223   89313218      2       1  351827     -0.29381      0.61555        0.632   1000
9060        10   89419476   89507462    258      13  351827       2.1567     0.015516        0.013   1000
55328       10   90033621   90343611     20       3  351827     -0.57192      0.71631        0.711   1000
643418      10   90519786   90538648    112       3  351827       0.3215      0.37392        0.382   1000
57559       10   90639597   90735343     49       4  351827     -0.60314      0.72679        0.752   1000
355         10   90750288   90775542    126      10  351827    -0.015644      0.50624        0.505   1000
9023        10   90965694   90967071     16       3  351827      0.92816      0.17666        0.169   1000
3988        10   90973326   91011660     74      13  351827       1.0786      0.14039        0.123   1000
3433        10   91061706   91069033      2       1  351827     -0.81537      0.79257        0.801   1000
24138       10   91174031   91180759    174      14  351827      -1.5537      0.93987        0.929   1000
387700      10   91190051   91295497      1       1  351827    -0.073012       0.5291        0.523   1000
27063       10   92671857   92681032      5       1  351827      0.36001      0.35942        0.365   1000
5507        10   93388197   93392858    190       7  351827       1.3893     0.082364        0.088   1000
80351       10   93558151   93625232    261      10  351827       2.3546    0.0092703        0.011   1000
143282      10   93666345   93669258     46       4  351827       2.0558     0.019903        0.024   1000
3087        10   94449681   94455408     17       1  351827     -0.20956        0.583         0.59   1000
26509       10   95066186   95242190    157       9  351827      0.50169      0.30794        0.307   1000
338557      10   95326422   95349829     85       4  351827       1.0614      0.14426        0.146   1000
5950        10   95351593   95361101     24       1  351827     -0.44805      0.67294        0.686   1000
5146        10   95372345   95425430     47       5  351827      -1.9296      0.97317        0.972   1000
118924      10   95427640   95462329    202      10  351827      -1.0088      0.84346        0.834   1000
159371      10   95653730   95663581    204       3  351827     -0.69188      0.75549        0.753   1000
51196       10   95753746   96088149     75       5  351827     -0.78226      0.78297        0.777   1000
64318       10   96092989   96122715     68       3  351827       1.9023     0.028567        0.017   1000
3070        10   96305535   96362628    219       6  351827      -0.3793      0.64777        0.643   1000
1559        10   96698350   96749486    318       2  351827       1.1282      0.12962        0.135   1000
1558        10   96796529   96829255     90       6  351827      -1.2606      0.89628        0.892   1000
142827      10   96953957   96988686    608      10  351827      0.91147      0.18102        0.172   1000
5832        10   97365686   97416759    352       9  351827     -0.94905       0.8287        0.854   1000
26123       10   97423153   97453900    448      14  351827      -1.3375      0.90947        0.903   1000
54619       10   97803159   97820627     26       3  351827      0.32893       0.3711        0.373   1000
9849        10   97889472   97923517     63       5  351827      0.10714      0.45734        0.483   1000
6585        10   98757795   98945683    313      13  351827       3.6529   0.00012963       0.0002  10000
84986       10   98981930   99052430    213       8  351827       3.2441   0.00058921        0.001  10000
23223       10   99116458   99161127     96       1  351827      0.56444      0.28623        0.286   1000
5223        10   99186027   99193198    222      17  351827       3.3949   0.00034321       0.0002  10000
51013       10   99195666   99205808      4       1  351827      -2.1499      0.98422        0.984   1000
64210       10   99218081   99258521     17       2  351827       4.1515   1.6513e-05       0.0001  10000
80019       10   99258768   99330960     34       3  351827      0.67099      0.25111        0.265   1000
118812      10   99374310   99393913     98       5  351827       1.7019     0.044391        0.042   1000
60370       10   99437181   99447015      3       1  351827     -0.10871      0.54328        0.537   1000
83742       10   99473465   99477909     97       4  351827      0.44152      0.32942        0.346   1000
401647      10   99609995   99631335     55       4  351827      -1.0065      0.84292        0.845   1000
55118       10   99624757   99790585     17       3  351827     -0.23637      0.59343        0.594   1000
84795       10  100143322  100174978    173       9  351827     -0.23054      0.59116        0.586   1000
3257        10  100175955  100206720     92       5  351827     -0.58857      0.72193        0.718   1000
60495       10  100216834  100995632     15       3  351827     0.016087      0.49358         0.49   1000
26507       10  101088856  101154087    237       3  351827     -0.18845      0.57474        0.596   1000
2805        10  101156627  101190530      2       1  351827    -0.011898      0.50475        0.489   1000
159296      10  101292690  101296281     35       2  351827      0.51681      0.30264        0.298   1000
1244        10  101542457  101611662     35       2  351827      0.17508      0.43051         0.43   1000
23268       10  101635334  101769676    389      11  351827       1.1775       0.1195        0.131   1000
55280       10  101992055  102027437    426      13  351827       1.4418     0.074686        0.069   1000
282991      10  102033035  102046469    120       4  351827      0.42661      0.33483         0.33   1000
9033        10  102047903  102090243     70       2  351827      0.68575      0.24644        0.242   1000
6319        10  102106772  102124588     21       2  351827     -0.42186      0.66344        0.681   1000
25956       10  102246397  102279711    372       7  351827      0.35329      0.36193        0.357   1000
55662       10  102295641  102313681      4       1  351827    -0.064746      0.52581        0.515   1000
55719       10  102672326  102724891      1       1  351827     -0.38174      0.64867        0.646   1000
57715       10  102729254  102745373     23       1  351827      -1.8726      0.96944        0.978   1000
84545       10  102737579  102747272     47       2  351827      -1.4699       0.9292        0.926   1000
81855       10  102790996  102800998     45       5  351827       1.9023     0.028564        0.032   1000
3195        10  102891061  102897546      1       1  351827     0.073609      0.47066        0.468   1000
8945        10  103113790  103317078     53       3  351827      0.30516      0.38012          0.4   1000
27343       10  103338639  103348027      9       1  351827      0.21428      0.41517        0.398   1000
10360       10  103541082  103543170     37       2  351827       2.2408     0.012518         0.01   1000
79591       10  103605356  103815932      8       1  351827       1.1904      0.11694        0.128   1000
83401       10  103986143  103989346     19       3  351827      0.85747      0.19559        0.192   1000
79847       10  104221149  104239546    756      14  351827       1.2885     0.098781        0.125   1000
81603       10  104403326  104418076    105       2  351827       1.1338      0.12845        0.144   1000
403         10  104433484  104474190    104       8  351827      0.69233      0.24437        0.227   1000
118980      10  104474298  104498947    291      21  351827       1.9145      0.02778        0.032   1000
54838       10  104503727  104576022    296      12  351827       1.9171     0.027612        0.044   1000
119032      10  104613967  104624718    818      23  351827       1.5977     0.055057        0.079   1000
57412       10  104629183  104661656    915      20  351827       1.7779     0.037709        0.051   1000
22978       10  104847774  104953063    452      10  351827      0.98625      0.16201        0.154   1000
84833       10  105148807  105156270    105       3  351827       1.0156      0.15492        0.154   1000
22984       10  105156387  105206052    118       6  351827      0.72254      0.23498        0.245   1000
51063       10  105206543  105212162     29       3  351827        1.197      0.11566        0.109   1000
79991       10  105637316  105678045      2       1  351827      0.99163      0.16069         0.17   1000
80217       10  105889646  105992124     64       4  351827      0.78824      0.21528        0.231   1000
9446        10  106013952  106027222     80       4  351827      0.51097      0.30468        0.313   1000
119391      10  106028174  106059176      7       2  351827      0.93783      0.17417        0.175   1000
159686      10  106099377  106214848      3       1  351827       1.8978     0.028861        0.029   1000
7511        10  111624524  111683311     79       3  351827      0.14587      0.44201        0.455   1000
120         10  111765627  111895323    256       6  351827     -0.36091      0.64092        0.636   1000
4601        10  111967288  112047123     46       2  351827      0.98407      0.16254        0.148   1000
9126        10  112327449  112364392      2       1  351827      -2.4089        0.992        0.992   1000
282996      10  112404155  112599227     49       4  351827      0.83329      0.20234        0.184   1000
92482       10  112658488  112679124     11       1  351827      -1.1196      0.86856        0.892   1000
8036        10  112679301  112773425     20       2  351827      0.54996      0.29117        0.301   1000
64429       10  114190058  114207301     93       5  351827     -0.64739      0.74131        0.706   1000
840         10  115438921  115490668    397      24  351827     -0.73843      0.76987        0.731   1000
9937        10  115594483  115614163      4       2  351827      0.27222      0.39273          0.4   1000
84632       10  116041248  116164515     58       5  351827     -0.29133       0.6146        0.603   1000
57700       10  116581503  116659586    177       7  351827      -1.8334      0.96663        0.958   1000
142940      10  116697952  116737439     90       6  351827       -3.525      0.99979        0.999   1000
26033       10  116853124  117708496     73       2  351827      -1.5851      0.94353        0.948   1000
143379      10  118423207  118429765      1       1  351827      0.25097      0.40092        0.423   1000
259217      10  118430703  118609693     93       4  351827     -0.30966      0.62159        0.623   1000
6571        10  119000584  119038941     21       2  351827      -1.4426      0.92543        0.942   1000
118987      10  119029936  119134951    269      10  351827      -1.0716      0.85804        0.861   1000
143384      10  120433679  120514758    160      12  351827     -0.64919      0.74189        0.764   1000
340719      10  120789228  120793854      1       1  351827       1.1112      0.13324        0.132   1000
404636      10  120863594  120897496     42       2  351827      -1.0558      0.85447        0.841   1000
119559      10  120900425  120925221    177      18  351827        -1.33      0.90823        0.917   1000
7073        10  121332977  121356541      5       2  351827      -2.1125      0.98268        0.979   1000
22876       10  121485559  121588663      9       1  351827     -0.87561      0.80938        0.809   1000
79892       10  121588916  121633140     40       2  351827      0.61731      0.26852        0.259   1000
11196       10  121652085  121704170     30       1  351827      0.78734      0.21554        0.204   1000
55717       10  122610687  122669038    246      12  351827     0.088339       0.4648        0.475   1000
2263        10  123237844  123357972     72       2  351827    -0.026763      0.51068        0.538   1000
11101       10  123499939  123688149     76       6  351827     -0.91149      0.81898        0.845   1000
10579       10  123748689  124014057     46       5  351827       1.5796     0.057102        0.069   1000
118663      10  124030811  124097676    275      15  351827     -0.40032      0.65554        0.632   1000
59338       10  124134094  124191871     95       8  351827      -1.0772       0.8593        0.872   1000
387715      10  124214179  124216868     34       2  351827        0.908      0.18194        0.185   1000
50624       10  124591671  124605691     11       1  351827     -0.46786      0.68006        0.692   1000
80007       10  124690419  124713919     57       2  351827     -0.38755      0.65083        0.661   1000
64376       10  124750322  124768366     18       1  351827     -0.95252      0.82958        0.813   1000
2849        10  125425871  125456915      5       1  351827      0.68522       0.2466         0.26   1000
119587      10  125505152  125651500     12       3  351827     -0.91358      0.81953        0.814   1000
64077       10  126150341  126302710     48       6  351827       0.9938      0.16016        0.163   1000
399818      10  126434336  126480439    416      25  351827       1.6366     0.050859        0.057   1000
1488        10  126676418  126849624      8       1  351827      0.27867      0.39025        0.391   1000
26098       10  127408084  127452712      4       1  351827      0.18683       0.4259        0.446   1000
7390        10  127474091  127511837    125       3  351827     -0.34093      0.63342         0.65   1000
56647       10  127512102  127542264     17       1  351827      0.38547      0.34994        0.376   1000
55760       10  127524909  127569884    157       3  351827     0.082661      0.46706        0.485   1000
642938      10  128933690  128994436     52       4  351827       0.2998      0.38217        0.381   1000
399823      10  129535538  129539450     91       5  351827       1.2581      0.10417        0.101   1000
5791        10  129705325  129884180      1       1  351827     -0.54877      0.70842        0.705   1000
4255        10  131265454  131565783    497      19  351827       1.3545     0.087787          0.1   1000
10539       10  131934639  131978646     16       1  351827     -0.32503      0.62742        0.654   1000
55844       10  133747957  133770054     56       2  351827       1.1846      0.11809        0.113   1000
282973      10  133879367  133998482     49       6  351827      -2.1793      0.98535        0.993   1000
282974      10  133996038  134145377     16       3  351827    -0.023659      0.50944        0.516   1000
10570       10  133998564  134019280    115      10  351827      -1.6338      0.94885         0.95   1000
80313       10  134145614  134195010     57       6  351827     -0.50005      0.69148        0.705   1000
170394      10  134210702  134231363     20       1  351827     -0.46258      0.67817        0.703   1000
54777       10  134621896  134756089      4       2  351827    -0.041935      0.51672        0.545   1000
27287       10  135051408  135055433     14       1  351827        0.637      0.26206        0.274   1000
10844       10  135092134  135125841      5       1  351827     -0.53223      0.70272        0.698   1000
118472      10  135122421  135126666      2       1  351827      -1.2795      0.89964        0.902   1000
50632       10  135138928  135150482      1       1  351827      0.43611      0.33138        0.321   1000
282969      10  135168658  135171529     51       6  351827      0.26575      0.39522        0.414   1000
196743      10  135192741  135205198     37       5  351827      -1.1491      0.87475        0.878   1000
92170       10  135207621  135234174    130      15  351827      -1.0731      0.85839        0.876   1000
503542      10  135234170  135238623     54       3  351827     -0.33674      0.63184        0.654   1000
1571        10  135340300  135352627     43       5  351827     -0.79868      0.78776        0.804   1000
51272       11     202924     207422     36       4  351827     -0.78396      0.78347        0.777   1000
60626       11     207499     215113    117       6  351827      0.12277      0.45114        0.445   1000
23410       11     215030     236362    114       6  351827      0.10506      0.45816         0.45   1000
5719        11     236808     252984     75       3  351827      0.36299      0.35831        0.332   1000
171389      11     278570     285388     88       5  351827     0.033082       0.4868        0.478   1000
80162       11     288480     297511     16       3  351827      -0.2624       0.6035        0.594   1000
10581       11     308095     309410     15       4  351827      0.48779      0.31285        0.317   1000
10410       11     319673     320914     27       5  351827       0.8169      0.20699        0.195   1000
338707      11     369795     382117     21       2  351827      0.84301      0.19961        0.199   1000
11187       11     392614     404908     40       5  351827     0.056652      0.47741        0.472   1000
59307       11     405716     417454     89      11  351827     -0.99141      0.83926        0.834   1000
338440      11     417930     442011      1       1  351827      0.91738      0.17947        0.169   1000
81490       11     450280     491399    214      12  351827      0.89382      0.18571        0.194   1000
6050        11     494512     507283    188      12  351827        1.055      0.14571        0.144   1000
3265        11     532242     535561    202      10  351827      0.78421      0.21646        0.225   1000
115399      11     536722     554916    141       8  351827     -0.27774      0.60939         0.61   1000
256329      11     554850     560779     17       3  351827      0.16017      0.43637        0.416   1000
1815        11     637305     640706     75       5  351827     -0.36393      0.64205        0.646   1000
283232      11     695591     705028    498      25  351827    -0.056608      0.52257        0.519   1000
64787       11     706120     727727      1       1  351827       1.2671      0.10256        0.092   1000
6888        11     747417     765024     44       3  351827      0.73603      0.23086        0.221   1000
79751       11     790475     798269      1       1  351827     -0.64477      0.74046        0.742   1000
101927423   11     797398     799187     48       3  351827      0.71664       0.2368        0.231   1000
55367       11     799179     809872    108       7  351827      0.24085      0.40484        0.372   1000
6181        11     808841     827592     59       4  351827       0.6881      0.24569        0.233   1000
283229      11     826144     831991      1       1  351827       1.4598     0.072178        0.081   1000
977         11     832952     838840     67       5  351827      -0.2376       0.5939         0.57   1000
5441        11     839721     842529     91       4  351827      -1.0395      0.85072        0.854   1000
7106        11     842824     867116     40       2  351827     -0.40731      0.65811         0.65   1000
66005       11     867859     915058     36       2  351827     -0.52195      0.69915        0.721   1000
9024        11    1411129    1483919     42       1  351827      0.41416      0.33938        0.324   1000
7136        11    1860233    1862910      3       2  351827      0.65763      0.25539        0.252   1000
7140        11    1940799    1959936      7       2  351827     -0.27345      0.60775        0.637   1000
6150        11    1968502    2007295     29       6  351827       1.0086      0.15657        0.166   1000
7054        11    2185159    2193107      2       1  351827      0.32626      0.37211        0.363   1000
430         11    2289728    2292182      3       1  351827      -1.0087      0.84345        0.865   1000
29125       11    2317507    2323143    133       4  351827      -1.6724      0.95278        0.938   1000
10077       11    2323195    2339430     26       3  351827       1.1589      0.12326        0.132   1000
5003        11    2909327    2925175     11       2  351827      -0.2021      0.58008          0.6   1000
5002        11    2920951    2946476    115      12  351827       1.4601     0.072132        0.075   1000
7262        11    2949503    2950650      4       1  351827     -0.26022      0.60265        0.612   1000
4676        11    2965660    3013607    138       6  351827       1.2762      0.10094        0.115   1000
833         11    3022152    3078681     81       3  351827       1.2336      0.10867        0.128   1000
114879      11    3108345    3186582     40       5  351827      0.91093      0.18117         0.17   1000
7748        11    3379157    3400452    174      10  351827       1.0804      0.13998        0.156   1000
116969      11    3659733    3663546     49       8  351827      0.48928      0.31232        0.305   1000
6240        11    4115791    4160116    463      12  351827      0.29247      0.38496        0.353   1000
55128       11    4619902    4629489    114       2  351827      0.32531      0.37247        0.359   1000
143503      11    4665156    4676718    110      10  351827      0.14572      0.44207        0.436   1000
3048        11    5274421    5276011     26       2  351827      0.74229      0.22896        0.231   1000
143630      11    5535623    5537956    100       8  351827     -0.42977      0.66632        0.656   1000
117854      11    5617331    5634188     26       7  351827      -1.2999      0.90319        0.886   1000
85363       11    5676740    5706339     38       3  351827     -0.92436      0.82235        0.844   1000
10346       11    5710817    5732093     16       2  351827      0.30482      0.38025        0.398   1000
390072      11    5757228    5777162     48       4  351827      -0.2121      0.58399         0.58   1000
390075      11    5798864    5799897    252       9  351827      -1.2247      0.88966        0.908   1000
79473       11    5809084    5810046    153      10  351827      -1.6118       0.9465         0.95   1000
84067       11    6232564    6255941     30       2  351827     -0.45374      0.67499        0.671   1000
1262        11    6256724    6267066     24       3  351827      0.89027      0.18666        0.164   1000
887         11    6280841    6293363      8       1  351827     -0.34287      0.63415        0.643   1000
112464      11    6340176    6341740     64       9  351827      -1.3426       0.9103        0.914   1000
322         11    6416355    6440644     34       2  351827    -0.044344      0.51769        0.483   1000
3263        11    6452268    6462254      7       2  351827    -0.039157      0.51562        0.471   1000
26515       11    6502677    6506109     46       2  351827      0.27004      0.39357        0.402   1000
144132      11    6517994    6593255     15       1  351827      -1.1155      0.86767        0.856   1000
23378       11    6621144    6624884     62       5  351827       0.3297      0.37081        0.363   1000
3611        11    6624938    6632105     91       7  351827     -0.81549       0.7926        0.808   1000
7762        11    6947654    7009718    130       9  351827      0.62039       0.2675        0.246   1000
7761        11    7020549    7041586     13       2  351827      0.90818      0.18189        0.179   1000
8495        11    7534996    7678537      9       1  351827     0.035059      0.48602        0.482   1000
51700       11    7686326    7695807    167      12  351827        0.306       0.3798        0.373   1000
8665        11    8008867    8017718     29       4  351827     -0.60694      0.72805        0.729   1000
7275        11    8040742    8127654     14       2  351827      0.50833      0.30561        0.317   1000
79608       11    8127597    8190590     89       5  351827      0.69928      0.24219        0.253   1000
65975       11    8413417    8615836    226       6  351827      0.17615      0.43009        0.428   1000
9866        11    8633584    8704205    817      20  351827       1.6451     0.049973        0.062   1000
6157        11    8703995    8711419     13       3  351827     -0.88656      0.81234        0.816   1000
6764        11    8714899    8932498      7       1  351827       0.4364      0.33127        0.321   1000
56672       11    8932701    8941626    256       9  351827     -0.10678      0.54252        0.532   1000
56674       11    8968840    8986553     95       6  351827       0.2424      0.40424        0.417   1000
57758       11    9041047    9113150    203       8  351827      0.94151      0.17322         0.17   1000
23258       11    9160372    9286882     49       4  351827     -0.81548       0.7926        0.761   1000
440026      11    9302201    9336315    238       9  351827     -0.69896      0.75771        0.734   1000
7702        11    9482512    9550071     69       2  351827    -0.010943      0.50437        0.508   1000
23075       11    9685624    9774508     10       3  351827      0.21658      0.41427        0.428   1000
81846       11    9800214   10315754     88       2  351827       1.2371      0.10803        0.106   1000
272         11   10471846   10529126     24       3  351827       0.7963      0.21293        0.216   1000
100463486   11   10529434   10530723      1       1  351827     -0.10462      0.54166        0.544   1000
58486       11   10874251   10879620     14       2  351827     0.028566      0.48861        0.456   1000
374378      11   11292421   11643561     48       6  351827      0.51179       0.3044        0.292   1000
27122       11   11984543   12031373     37       3  351827      -1.6619      0.95173        0.955   1000
10418       11   13984184   14289679    129       4  351827       0.8698       0.1922        0.195   1000
22800       11   14299466   14386052    281       8  351827     -0.14054      0.55588        0.542   1000
1315        11   14479049   14521441     77       2  351827     -0.76917       0.7791        0.793   1000
120227      11   14899551   14913874      5       1  351827      0.32199      0.37373        0.373   1000
10944       11   16760148   16779901     19       1  351827       -1.134       0.8716        0.868   1000
4925        11   17281884   17371510    230       7  351827      0.34025      0.36683        0.356   1000
374383      11   17373279   17398868     18       1  351827      -0.3017      0.61856        0.622   1000
6833        11   17414432   17498449     15       3  351827      0.37458      0.35399        0.339   1000
10083       11   17515442   17565963     17       2  351827      0.47752       0.3165        0.316   1000
26297       11   17809595   18034709    206       9  351827       1.3745     0.084643        0.093   1000
7166        11   18042084   18062354     94       6  351827     -0.11464      0.54564        0.534   1000
113174      11   18101890   18127638    207      10  351827       1.1969      0.11566        0.119   1000
6291        11   18252902   18258384      6       3  351827      0.89216      0.18615        0.187   1000
6289        11   18259780   18270221     52       2  351827       1.0658      0.14327        0.133   1000
6288        11   18287754   18306424      3       1  351827       1.1745       0.1201        0.114   1000
2965        11   18343816   18388590    237      14  351827       0.9555      0.16966        0.183   1000
3939        11   18415936   18429765     86       4  351827      0.64337      0.25999         0.27   1000
3948        11   18433851   18472798    238      15  351827     0.098537      0.46075        0.489   1000
55293       11   18551156   18610293      1       1  351827       1.3717     0.085082        0.073   1000
144108      11   18627948   18656020     25       2  351827      0.81082      0.20873        0.191   1000
144110      11   18720351   18726332      6       1  351827     -0.50499      0.69322        0.674   1000
283284      11   18725852   18747777      2       1  351827      0.35441      0.36151        0.371   1000
84867       11   18749475   18814268    122       8  351827       1.2669       0.1026        0.102   1000
117194      11   19076002   19082228      2       1  351827       1.3431     0.089628        0.085   1000
54503       11   19138681   19197967      1       1  351827       1.1483      0.12543        0.134   1000
10553       11   20385231   20405329    198      17  351827     0.036917      0.48528        0.472   1000
203859      11   22214199   22304913    149       6  351827       1.4196     0.077858        0.069   1000
2188        11   22644079   22647387     71       3  351827      0.10457      0.45836        0.454   1000
2620        11   22688160   22834547    113      11  351827      -2.5938      0.99525        0.994   1000
258010      11   22843598   22851382    107      10  351827     -0.79728      0.78735        0.784   1000
63982       11   26210458   26684836     17       2  351827      0.37639      0.35331         0.32   1000
55366       11   27387508   27494338     26       1  351827    -0.050404       0.5201        0.512   1000
55327       11   27515965   27528326    128       6  351827     -0.64639      0.74099        0.719   1000
196074      11   28129798   28355054    109       2  351827      0.78776      0.21542        0.224   1000
3739        11   30031288   30038577     29       2  351827       1.0171      0.15454        0.146   1000
120534      11   30344649   30359165     82       2  351827     0.099912      0.46021        0.465   1000
26610       11   31531297   31806073    362       9  351827       3.2601   0.00055685       0.0008  10000
5954        11   32112477   32127272     58       8  351827       1.3508     0.088377        0.083   1000
7490        11   32408789   32457104      5       1  351827      0.73203      0.23208        0.259   1000
10480       11   32605313   32624037     33       2  351827     -0.25352      0.60006        0.595   1000
79832       11   32914792   33001816      4       1  351827       1.7641     0.038861        0.034   1000
55346       11   33060963   33095109    338      11  351827     -0.17501      0.56947        0.547   1000
25758       11   33563877   33695648     24       4  351827       0.9611      0.16825        0.158   1000
100131378   11   33719654   33722286     63       4  351827      0.30071      0.38182        0.365   1000
966         11   33724556   33758025    146      10  351827     -0.46082      0.67754        0.661   1000
55226       11   34127111   34172581     84       1  351827      0.42985      0.33365        0.331   1000
25841       11   34172534   34379555     15       2  351827      -1.3586      0.91286        0.909   1000
847         11   34460472   34493607    301      13  351827     -0.65584      0.74404         0.73   1000
51074       11   34903842   34937939    842      20  351827      0.60981      0.27099        0.279   1000
8050        11   34937677   35017675     46       1  351827      -1.5321      0.93726        0.948   1000
79899       11   36317725   36486754     23       2  351827      -1.3508      0.91162        0.917   1000
119710      11   36616043   36680841    105       3  351827     -0.53557      0.70387        0.679   1000
51144       11   43702108   43878169    299       9  351827       1.1012      0.13541        0.132   1000
84680       11   44087729   44105791    268      20  351827      -1.3365      0.90931        0.965   1000
2132        11   44117099   44266980    136       8  351827     -0.63278      0.73656        0.734   1000
60529       11   44282278   44331735     38       3  351827      0.27008      0.39355        0.386   1000
3732        11   44587141   44641339     50       9  351827      -1.2069      0.88627         0.89   1000
56981       11   45115564   45256675      1       1  351827     -0.18553      0.57359        0.558   1000
8534        11   45669239   45687206     56       3  351827     -0.29819      0.61722        0.614   1000
9479        11   45907047   45928016     55       3  351827     -0.83683      0.79866        0.787   1000
120071      11   45943172   45950647    106       2  351827       1.4873     0.068472        0.051   1000
4192        11   46402334   46405387    172       4  351827      -1.1156      0.86771        0.864   1000
55626       11   46417962   46615619      3       1  351827     0.014229      0.49432        0.486   1000
9776        11   46638826   46697569    163       5  351827      -1.2737      0.89862        0.887   1000
392         11   46698625   46722215    361      10  351827       1.0024      0.15808        0.151   1000
79797       11   46722317   46727466     98       4  351827      0.95224      0.17049        0.157   1000
29763       11   47199073   47208010    260       8  351827       1.9267     0.027008        0.027   1000
53          11   47260853   47270457    204      11  351827       1.3762     0.084381        0.084   1000
8567        11   47290927   47351582    105       2  351827       1.3991     0.080889        0.079   1000
91252       11   47428683   47438051    180       4  351827      0.55956      0.28789        0.278   1000
5702        11   47440320   47448024    488      13  351827       2.1941     0.014115        0.015   1000
5913        11   47459308   47470730    297       4  351827        1.672     0.047263        0.045   1000
114971      11   47586888   47595013      5       2  351827     0.043455      0.48267        0.474   1000
4722        11   47600562   47606115      5       1  351827      -1.5639      0.94108        0.925   1000
114900      11   47611216   47615961    665      18  351827        1.931     0.026743        0.032   1000
5795        11   48002101   48192394    700      10  351827       1.2524      0.10522        0.096   1000
2346        11   49168187   49230222     21       1  351827     -0.03848      0.51535        0.505   1000
219527      11   56949221   56959188     37       2  351827      0.39874      0.34504        0.353   1000
187         11   57001051   57004927     19       2  351827       2.0308     0.021138        0.025   1000
85456       11   57067103   57092485    254      10  351827       2.2254     0.013028        0.013   5000
5024        11   57105841   57137549    100       7  351827      0.57439      0.28285        0.287   1000
5553        11   57154834   57171420     89       8  351827      0.91847      0.17919        0.188   1000
349667      11   57227926   57244384     34       4  351827      0.86544       0.1934        0.188   1000
26519       11   57295936   57298232    550      26  351827        3.618   0.00014843       0.0003  10000
219537      11   57305044   57317747    308      19  351827       1.8646     0.031119        0.024   1000
9246        11   57319128   57335803     30       2  351827       0.4691       0.3195        0.308   1000
219539      11   57412560   57417417     69       1  351827       1.0902      0.13782        0.151   1000
25921       11   57435223   57468659     66       1  351827       4.9929   2.9736e-07       0.0001  10000
219541      11   57471182   57479804    335      14  351827       4.7984   7.9964e-07       0.0001  10000
51075       11   57479995   57508445      6       1  351827      0.44475      0.32825         0.33   1000
219960      11   57995354   57996390    214       3  351827       1.4765       0.0699        0.063   1000
1270        11   58390146   58393206    335       5  351827      0.77491       0.2192        0.223   1000
219970      11   58601538   58611997    251       3  351827      -1.7843      0.96281         0.96   1000
374393      11   58874658   58894888      5       2  351827      0.23917      0.40549          0.4   1000
63901       11   58910219   58922512    408       8  351827      -2.5851      0.99513        0.994   1000
23220       11   58939812   58976060    100      11  351827      0.38933      0.34852        0.352   1000
6809        11   59522479   59573355    203       3  351827      -3.4583      0.99973        0.999   1000
54948       11   59573608   59578345      3       1  351827      -1.2513      0.89459        0.888   1000
2206        11   59855734   59865940     47       2  351827     -0.42793      0.66565        0.683   1000
64231       11   59939080   59952139      8       1  351827     -0.93978      0.82633        0.841   1000
643680      11   59968726   60010575     45       3  351827      -2.0374       0.9792        0.982   1000
58475       11   60145949   60163427    252       9  351827    0.0087707       0.4965        0.531   1000
84689       11   60163487   60185229    276      10  351827    -0.068697      0.52738        0.556   1000
79080       11   60609429   60618561     36       4  351827      0.23245       0.4081        0.424   1000
79073       11   60681351   60690915      3       1  351827      0.96405      0.16751        0.172   1000
55048       11   60897728   60928916     83       3  351827     -0.90944      0.81844        0.836   1000
643834      11   60970984   60980350     11       3  351827      0.66466      0.25313        0.253   1000
5222        11   61008644   61018929     56       8  351827     -0.62778      0.73493        0.728   1000
51259       11   61159832   61166335     77       2  351827     -0.58063      0.71925        0.727   1000
79869       11   61170120   61197464      7       2  351827     -0.56408      0.71365        0.694   1000
54949       11   61197514   61214239      2       1  351827      0.93057      0.17604        0.147   1000
220004      11   61248585   61258400      3       2  351827       1.0501      0.14683        0.147   1000
9066        11   61281188   61348523     16       1  351827    -0.069523      0.52771        0.536   1000
746         11   61556602   61560085     59       4  351827       1.8849     0.029719        0.026   1000
3992        11   61567097   61584529     38       1  351827       1.8157     0.034708        0.034   1000
9415        11   61583675   61634826     77       5  351827       1.9546     0.025313        0.021   1000
3619        11   61891445   61920635    151      11  351827     -0.23041      0.59111        0.591   1000
80150       11   62104774   62160887     78       3  351827      0.96244      0.16791        0.159   1000
1937        11   62327073   62341460     84       3  351827      0.81398      0.20783        0.215   1000
256364      11   62369690   62380492     84       3  351827      0.81934       0.2063        0.214   1000
6094        11   62380213   62382592    157       9  351827      0.63061      0.26415        0.266   1000
23193       11   62392298   62414198      9       3  351827       1.1932       0.1164        0.128   1000
79081       11   62430289   62439241    160       9  351827      0.63116      0.26397        0.273   1000
751071      11   62432725   62434923      6       2  351827       1.7133     0.043326        0.043   1000
790955      11   62439126   62441162    101       5  351827      0.61589      0.26899        0.272   1000
51035       11   62443972   62446554     39       1  351827    -0.061735      0.52461        0.547   1000
26580       11   62457734   62477091     98       8  351827       1.5122     0.065244        0.065   1000
283237      11   62495545   62506110     96       5  351827      0.42203       0.3365        0.339   1000
10629       11   62538775   62554814      2       1  351827     -0.53411      0.70337        0.682   1000
79064       11   62557787   62559486     17       3  351827       0.5459      0.29257        0.269   1000
387601      11   62930523   63005415      2       1  351827     -0.66763      0.74781        0.757   1000
117245      11   63228876   63258680      7       1  351827      -1.0801      0.85995         0.87   1000
11145       11   63341934   63381941     17       3  351827      -1.1188      0.86839        0.878   1000
25923       11   63391554   63439533    110       2  351827      -3.0046      0.99867        0.998   1000
144097      11   63580846   63595190      3       2  351827      -0.7889      0.78492        0.808   1000
2011        11   63606400   63678492      4       1  351827       1.1876       0.1175        0.118   1000
79829       11   63706442   63724799     84       2  351827      -0.2913      0.61459         0.63   1000
1351        11   63742079   63744015     32       2  351827      0.26753      0.39453        0.419   1000
55611       11   63753325   63765892     15       1  351827       1.1201      0.13134        0.127   1000
23769       11   63803442   63886655     26       2  351827      0.31444      0.37659        0.362   1000
83707       11   63991271   63993726    162      10  351827      -1.4512      0.92663         0.93   1000
7423        11   64002056   64006736      6       2  351827      -1.5378      0.93795        0.945   1000
2286        11   64008413   64011607      8       2  351827     0.009411      0.49625        0.491   1000
26472       11   64011951   64014413     42       2  351827       1.7576     0.039407        0.048   1000
572         11   64037300   64052176      2       1  351827      -0.9453      0.82775        0.819   1000
25858       11   64067863   64072239     27       2  351827     -0.80217      0.78877        0.766   1000
51504       11   64084163   64085455    179      16  351827      0.10615      0.45773        0.462   1000
25824       11   64085347   64089295     14       3  351827       1.6062      0.05412        0.059   1000
283234      11   64107690   64125006     16       1  351827        1.928     0.026928        0.035   1000
116085      11   64358113   64369825      2       1  351827     -0.37161      0.64491        0.642   1000
9379        11   64373646   64490660     57       2  351827        1.548     0.060809        0.068   1000
4221        11   64570986   64578766     18       2  351827      0.93264       0.1755        0.172   1000
55561       11   64591661   64612041      7       1  351827      0.64906      0.25815        0.284   1000
29907       11   64794880   64808044     67       5  351827      -0.6697      0.74848        0.775   1000
29901       11   64808376   64812300     63       3  351827     -0.77427      0.78061        0.813   1000
10004       11   64812295   64826009     75       4  351827     -0.75762      0.77566        0.808   1000
7108        11   64879326   64883707      1       1  351827     -0.83586      0.79838        0.783   1000
741         11   64883875   64885170     11       1  351827       1.2295      0.10945        0.108   1000
740         11   64889655   64894841      1       1  351827     -0.75722      0.77554        0.769   1000
84447       11   64894751   64902285      2       1  351827      -0.4942      0.68942        0.703   1000
823         11   64948686   64979477     23       3  351827      0.21081      0.41652        0.449   1000
23649       11   65029432   65065088     95       7  351827      0.98572      0.16214        0.158   1000
5977        11   65101225   65120451      7       3  351827     -0.45052      0.67383        0.697   1000
283130      11   65142663   65151172      9       1  351827    -0.093138       0.5371        0.566   1000
4054        11   65306030   65325858     83       5  351827     -0.31557      0.62384        0.665   1000
254102      11   65343509   65360121     15       2  351827     -0.92591      0.82275        0.821   1000
10089       11   65360326   65363467     61       6  351827      -1.8764       0.9697        0.965   1000
4296        11   65365226   65381720    228      13  351827      -1.5911      0.94421        0.946   1000
399909      11   65383686   65404910     70       2  351827      -1.0099      0.84373        0.855   1000
84153       11   65485144   65488409    174      15  351827     -0.10479      0.54173        0.518   1000
91056       11   65541369   65548062     23       2  351827       1.0005      0.15855        0.166   1000
254122      11   65601305   65621578    431      25  351827     -0.51832      0.69788        0.718   1000
30008       11   65633912   65640405     78       5  351827      -0.1897      0.57523        0.574   1000
1521        11   65647284   65651212    284      17  351827     -0.68918      0.75465        0.762   1000
9158        11   65651211   65656010     57       4  351827     -0.93469      0.82503        0.825   1000
83638       11   65684281   65686531      3       1  351827      -1.1167      0.86794        0.867   1000
84285       11   65764016   65769637     43       1  351827     -0.69625      0.75686        0.757   1000
8815        11   65769550   65771617    187      11  351827      -1.0361      0.84992        0.861   1000
1474        11   65779462   65780976     35       3  351827    -0.035167      0.51403        0.497   1000
10992       11   65819264   65836382     51       3  351827      0.40787      0.34168        0.319   1000
55690       11   65837747   66012218    166       3  351827     -0.52772      0.70115        0.698   1000
254263      11   66045672   66051685     18       2  351827     -0.05232      0.52086         0.53   1000
11041       11   66112843   66115161    160       7  351827       1.7066     0.043948        0.049   1000
10072       11   66247484   66277130    159       4  351827       2.5252    0.0057808       0.0046   5000
89          11   66314312   66330799    317      12  351827       3.1292   0.00087637        0.001  10000
8722        11   66330935   66336047     32       2  351827       1.2065      0.11382        0.115   1000
79703       11   66512207   66613997      7       1  351827       1.3051      0.09593        0.099   1000
9986        11   66610883   66614003      3       1  351827        1.095      0.13676         0.14   1000
78999       11   66624558   66627946     97       5  351827       2.1825     0.014535        0.018   1000
29984       11   66824289   66839488     90      13  351827       1.0406      0.14902        0.147   1000
338692      11   67056762   67069955     52       9  351827       3.6527   0.00012974       0.0001  10000
54961       11   67070919   67080078     41       1  351827      0.11259      0.45518        0.449   1000
23529       11   67131635   67141648      2       1  351827      0.20857      0.41739        0.433   1000
5883        11   67159423   67165883    107      10  351827      0.13312      0.44705        0.455   1000
374403      11   67171384   67177561      2       1  351827     -0.53802      0.70472        0.705   1000
6199        11   67195935   67202879    117       4  351827      -1.2248      0.88968        0.894   1000
57010       11   67219886   67229245      1       1  351827      0.61243      0.27013        0.233   1000
9049        11   67250505   67258579    103       3  351827      -1.1227      0.86922        0.888   1000
2950        11   67351066   67354125    129       4  351827     -0.64231      0.73966        0.742   1000
4723        11   67374323   67380012    114       4  351827     -0.30569      0.62008        0.621   1000
4728        11   67798084   67804114    123       9  351827       1.1409      0.12696        0.138   1000
10312       11   67806462   67818366     18       4  351827      -1.0556      0.85443        0.874   1000
4041        11   68080077   68216743      9       1  351827       0.6626      0.25379        0.235   1000
9633        11   68474908   68518988     94       6  351827       1.4845     0.068839        0.074   1000
219927      11   68658744   68671303    393      14  351827       1.1659      0.12182        0.116   1000
3508        11   68671319   68708070    401      14  351827       1.2814      0.10003        0.097   1000
116535      11   68771862   68780850    229       9  351827       0.6341      0.26301         0.27   1000
219931      11   68816350   68858072    165      19  351827       1.4749     0.070124        0.069   1000
26579       11   69061613   69064754     45       4  351827      0.72528      0.23414        0.212   1000
595         11   69455873   69469242     24       2  351827      0.90823      0.18188        0.169   1000
220064      11   69480331   69490165     16       1  351827      -2.4663      0.99317        0.995   1000
8500        11   70116806   70230607    251      10  351827        1.021      0.15363         0.17   1000
2017        11   70244612   70282690     44       3  351827       1.3951     0.081492        0.089   1000
22941       11   70313961   70935808     84       8  351827     -0.14325      0.55695        0.554   1000
1717        11   71145457   71159477      1       1  351827       1.0451        0.148        0.142   1000
55191       11   71164217   71212586    310      12  351827      -1.4069      0.92028        0.924   1000
57830       11   71249071   71250253     34       1  351827     -0.28977      0.61401        0.624   1000
3846        11   71259466   71260653    186      10  351827     -0.52323      0.69959         0.71   1000
387273      11   71276609   71277666      6       1  351827     -0.25474      0.60054        0.614   1000
55199       11   71498557   71512280    623      11  351827     -0.40245      0.65632        0.647   1000
10068       11   71709955   71713965      4       1  351827      0.39809      0.34528        0.342   1000
4926        11   71713910   71791732     11       2  351827      -1.0904      0.86224        0.868   1000
2352        11   71846771   71850934    256      14  351827      -2.0124      0.97791        0.979   1000
2350        11   71927819   71932994      4       1  351827      -2.8272      0.99765        0.996   1000
5138        11   72287184   72385497      8       1  351827        1.136      0.12798        0.129   1000
10809       11   72465774   72504750    207      17  351827       1.3777     0.084144        0.085   1000
89849       11   72525451   72553793      5       1  351827      0.43119      0.33317        0.345   1000
58473       11   73357223   73373864     16       3  351827     -0.34464      0.63482        0.634   1000
5870        11   73386683   73472201    161       6  351827      0.26043      0.39726        0.387   1000
51642       11   73498917   73575656    279       7  351827        1.156      0.12384        0.119   1000
80227       11   73587744   73638781    129      17  351827      0.53646      0.29582        0.308   1000
374407      11   73661364   73681713      3       1  351827     -0.98056       0.8366        0.821   1000
7351        11   73685716   73693889    304      16  351827      0.70647      0.23995        0.247   1000
7352        11   73711326   73720282     14       1  351827       1.0386      0.14949        0.158   1000
26005       11   73723759   73882064     47       4  351827      0.92939      0.17634        0.186   1000
283208      11   73958532   74022699     63       3  351827      0.47549      0.31722        0.329   1000
10008       11   74165886   74178600    181       8  351827       0.3908      0.34797        0.363   1000
254225      11   74459913   74553458     60       2  351827      -0.8161      0.79278        0.817   1000
143570      11   74550655   74660232    453      18  351827      -1.3071      0.90441        0.929   1000
9789        11   74660292   74690076     16       1  351827     -0.76145      0.77681         0.79   1000
10825       11   74699950   74718743     33       2  351827       -1.269      0.89778        0.891   1000
6188        11   75110535   75133346     32       4  351827     -0.18713      0.57422        0.556   1000
81544       11   75145683   75236991     33       2  351827     -0.19215      0.57619        0.576   1000
4135        11   75297959   75379479     86       4  351827       2.1691     0.015036        0.016   1000
25987       11   76493357   76509198     21       2  351827      0.37436      0.35407         0.35   1000
55331       11   76571917   76734850      8       1  351827       1.6213     0.052475         0.06   1000
726         11   76777992   76837201     26       2  351827      -0.1428      0.55678        0.548   1000
4647        11   76839302   76926286     11       2  351827       0.4244      0.33564        0.333   1000
1207        11   77327196   77348851    138       1  351827     -0.35097      0.63719        0.636   1000
28971       11   77532147   77583398    348       3  351827       -0.353      0.63796        0.627   1000
92105       11   77589766   77705771    451       8  351827     -0.77006      0.77937        0.783   1000
7069        11   77774907   77779403     17       1  351827      -0.8082      0.79051        0.797   1000
4718        11   77779393   77791265    236       3  351827      0.88676       0.1876        0.197   1000
283219      11   77882289   77900006    254       4  351827      0.85491       0.1963        0.203   1000
57558       11   77899858   77925757     14       2  351827     -0.28197      0.61102        0.608   1000
79731       11   78147007   78285909    620       7  351827       1.1815      0.11871        0.149   1000
220382      11   82443046   82444906     60       3  351827      0.92083      0.17857        0.182   1000
5547        11   82535409   82612733     14       2  351827       0.3791      0.35231        0.385   1000
27314       11   82684177   82782965    113       5  351827      0.79627      0.21294        0.208   1000
60492       11   82972498   82997445     57       2  351827     -0.80982      0.79098        0.777   1000
220388      11   85394893   85397320     63       2  351827      0.36949      0.35588        0.367   1000
54843       11   85405264   85522197    138       5  351827     -0.15752      0.56258        0.582   1000
8301        11   85668214   85780923      9       1  351827       1.2234       0.1106        0.096   1000
10873       11   86152150   86383678    101       9  351827      0.26958      0.39374        0.403   1000
11098       11   86511288   86522275    245      20  351827      0.93603      0.17463        0.174   1000
23682       11   87846415   87908635    154       9  351827      -2.3435      0.99045        0.986   1000
1075        11   88026760   88070941    123      11  351827      0.05984      0.47614        0.481   1000
219595      11   89370675   89431886     21       1  351827     -0.03848      0.51535        0.505   1000
10003       11   89867772   89926062    193       5  351827       1.1065      0.13426        0.104   1000
120103      11   92880850   92931095     57       3  351827      -2.2963      0.98917        0.995   1000
85459       11   93394816   93463524    143       3  351827     -0.03478      0.51387        0.505   1000
28970       11   93474769   93496250    346      18  351827      0.91378      0.18042        0.172   1000
24145       11   93862094   93918762     17       1  351827       0.4276      0.33447        0.339   1000
10888       11   94110477   94134585      3       1  351827     0.062041      0.47527        0.499   1000
4361        11   94150466   94227040    486      23  351827       1.2391      0.10765        0.111   1000
54851       11   94227153   94232744      1       1  351827      -1.4461      0.92592        0.926   1000
51503       11   94695787   94706776     80       7  351827     -0.31357      0.62308        0.631   1000
23052       11   94822974   94865815     50       5  351827      0.09924      0.46047        0.475   1000
9702        11   95523625   95565857    267       5  351827     0.092056      0.46333        0.489   1000
79780       11   96085929   96123083    171      16  351827      0.53654      0.29579        0.279   1000
8690        11   96123158   96126727      3       1  351827     -0.23794      0.59403        0.583   1000
143872      11  100558407  100861656     52       7  351827       2.0699     0.019233        0.019   1000
83935       11  100862811  100864666    112      12  351827       1.6282     0.051739        0.053   1000
7225        11  101322295  101454687      5       2  351827      0.10075      0.45987        0.461   1000
253935      11  101761405  101787253     70       4  351827     -0.26661      0.60512        0.618   1000
10413       11  101981151  102104154      4       1  351827     -0.17319      0.56875         0.57   1000
114908      11  102267056  102323775     55       2  351827       1.8034     0.035664        0.036   1000
64066       11  102562415  102576468     48       5  351827      0.79488      0.21334         0.21   1000
4312        11  102660641  102668966     30       3  351827      -1.1992      0.88478        0.894   1000
79659       11  102980160  103350591     35       2  351827      0.62202      0.26696         0.29   1000
80310       11  103777914  104035027     41       6  351827     -0.29111      0.61452        0.612   1000
837         11  104813594  104839325     35       4  351827     0.022447      0.49105        0.497   1000
84437       11  105878629  105892981     90       6  351827      0.86201      0.19434        0.198   1000
143879      11  105921825  105948465    384       6  351827        1.238      0.10786        0.112   1000
60496       11  105948292  105969419     27       2  351827       2.0648     0.019473        0.021   1000
143884      11  107197071  107328572    371      13  351827      0.31934      0.37473        0.391   1000
91801       11  107373453  107436468      6       2  351827       0.5441      0.29319         0.29   1000
54733       11  107661717  107729914     79       5  351827      0.83607      0.20156        0.205   1000
472         11  108093559  108239829    140       1  351827      0.18831      0.42532        0.432   1000
143888      11  108342832  108369169    122       9  351827     -0.56726      0.71473        0.712   1000
2230        11  110300661  110335608    390      16  351827        0.048      0.48086        0.514   1000
120376      11  111169271  111179460    104       7  351827      0.55327      0.29004        0.296   1000
143903      11  111411233  111432470      1       1  351827      0.78907      0.21504        0.221   1000
5519        11  111597632  111637169    168       8  351827        1.702     0.044377         0.04   1000
64776       11  111749948  111754798     46       1  351827      -1.6527      0.95081        0.946   1000
83875       11  112046208  112089652    196       7  351827    -0.082785      0.53299        0.526   1000
54970       11  113185251  113244345    220      17  351827       4.1198   1.8964e-05       0.0001  10000
255239      11  113258513  113271140    162      12  351827       4.1313   1.8036e-05       0.0001  10000
1813        11  113280317  113346413     13       1  351827       4.7016   1.2909e-06       0.0001  10000
80975       11  113558268  113577151      9       1  351827      0.22576       0.4107        0.406   1000
23705       11  115039933  115375241     22       2  351827      0.54796      0.29186        0.276   1000
8882        11  116649276  116658739     13       2  351827     -0.67693      0.75077        0.758   1000
23387       11  116714118  116969131     10       1  351827      0.17886      0.42902        0.428   1000
51092       11  117049626  117068161    124       6  351827       1.2548      0.10477        0.119   1000
23621       11  117156402  117186972      1       1  351827      -1.2593      0.89603        0.879   1000
22897       11  117184792  117283982     35       3  351827      -1.3737      0.91523        0.914   1000
57453       11  117298489  117667976     35       4  351827       1.1693      0.12114         0.13   1000
486         11  117690790  117699408     11       2  351827       1.3409     0.089973         0.09   1000
53826       11  117707691  117748201     37       3  351827      0.28641      0.38728        0.391   1000
6327        11  118033519  118047337     17       2  351827    -0.093358      0.53719        0.567   1000
120425      11  118064442  118095809    120       6  351827      -1.0836      0.86074        0.871   1000
196264      11  118097405  118124135      2       1  351827     0.046333      0.48152        0.497   1000
56912       11  118415243  118436791    174       8  351827     -0.39632      0.65406         0.67   1000
23187       11  118477213  118528748     86       1  351827       2.1102     0.017419        0.023   1000
11181       11  118528942  118550381    119       3  351827       2.1577     0.015474         0.02   1000
1656        11  118618472  118661972    183      14  351827       1.4638     0.071626        0.072   1000
338657      11  118868843  118886455      4       1  351827      -1.2786      0.89948        0.905   1000
6230        11  118886422  118889057     60       5  351827      0.61836      0.26817         0.25   1000
51399       11  118889241  118894384    183      11  351827     -0.23103      0.59135        0.589   1000
2542        11  118895061  118901616    115       5  351827     -0.49396      0.68933        0.674   1000
55823       11  118938493  118952688     93       5  351827       1.8708     0.030686         0.04   1000
3145        11  118955587  118964259     96       6  351827       1.8962     0.028965        0.038   1000
25988       11  118992233  119005765     69       3  351827     -0.47957      0.68423        0.702   1000
283152      11  119060963  119072160     98       4  351827     0.011981      0.49522        0.493   1000
867         11  119076986  119178859    106       8  351827      0.63407      0.26302        0.273   1000
7070        11  119288655  119294246      9       1  351827      0.94631      0.17199        0.144   1000
23650       11  119981994  120056237      3       1  351827      -0.8299       0.7967         0.79   1000
220323      11  120081747  120100650     56       5  351827     0.018004      0.49282         0.51   1000
25833       11  120107349  120190653     38       6  351827     0.070066      0.47207        0.476   1000
219902      11  120195838  120204397    158       5  351827     -0.99577      0.84032        0.837   1000
2900        11  120382465  120859514      1       1  351827       1.0445      0.14812        0.148   1000
219899      11  120894802  120962787     17       1  351827      0.99625      0.15956        0.157   1000
6309        11  121163388  121184119     14       1  351827       2.0638     0.019519        0.021   1000
84959       11  122526398  122685187     55       3  351827     0.018906      0.49246        0.515   1000
56253       11  122709255  122743347     46       3  351827      0.93314      0.17537        0.167   1000
79827       11  122943020  123066007      1       1  351827      -0.2191      0.58672        0.586   1000
57476       11  123325191  123498478     24       3  351827      -1.1778      0.88056        0.884   1000
55800       11  123499895  123525315     47       2  351827      -1.4009      0.91938        0.918   1000
7753        11  123594997  123612383     65       3  351827      0.50031      0.30843        0.299   1000
54414       11  124505685  124546199      2       1  351827     -0.42489      0.66454        0.659   1000
53340       11  124543740  124564690     84       3  351827      0.26068      0.39717        0.399   1000
23584       11  124617370  124622109     32       4  351827       2.7829    0.0026941        0.002   5000
79684       11  124636388  124670868      1       1  351827      -1.5084      0.93427        0.945   1000
64221       11  124735305  124751370    104       6  351827     -0.27141      0.60696        0.631   1000
54538       11  124754114  124767857      5       2  351827      0.13692      0.44555        0.457   1000
220296      11  124789089  124806308      4       1  351827      -1.2092       0.8867        0.897   1000
80071       11  124824017  124911385    111       3  351827       2.1418     0.016103         0.02   1000
219855      11  124932963  124960412      4       1  351827      0.14552      0.44215        0.428   1000
219854      11  124964266  124981659     11       2  351827      0.50042      0.30839        0.299   1000
1111        11  125495031  125546150     17       2  351827     -0.68542      0.75346        0.762   1000
219844      11  125753509  125770541      6       1  351827     -0.28821      0.61341        0.614   1000
83480       11  125763380  125773145     58       6  351827     -0.65958      0.74524        0.771   1000
29118       11  125774261  125793005      5       1  351827       1.3642     0.086259        0.085   1000
50937       11  125826713  125933187      5       2  351827     -0.30951      0.62154        0.602   1000
84881       11  126071989  126081587      2       1  351827      0.61807      0.26826        0.268   1000
79607       11  126081619  126132879     16       1  351827        0.121      0.45184        0.413   1000
55572       11  126138935  126148027    201      16  351827     -0.75887      0.77604        0.767   1000
28960       11  126173647  126215644     62       3  351827       0.3706      0.35547        0.339   1000
6484        11  126225540  126284536      9       2  351827      -1.4447      0.92573        0.927   1000
84623       11  126293388  126870766     26       4  351827     -0.50801      0.69428        0.703   1000
219833      11  128769460  128776126      1       1  351827      0.59285      0.27664        0.261   1000
9743        11  128834955  129062093    134       5  351827      0.29891      0.38251        0.365   1000
4798        11  129733670  129765490    120      11  351827     0.077319      0.46919        0.451   1000
11095       11  130274660  130298539     36       5  351827     -0.54874      0.70841        0.706   1000
170689      11  130318869  130346539      4       2  351827     -0.36854      0.64377        0.646   1000
399979      11  130745766  130786382    264       8  351827       2.8951    0.0018951       0.0028   5000
22997       11  133778520  133826649     48       6  351827       1.2367       0.1081        0.114   1000
83700       11  133938820  134021652    187       6  351827       1.7497     0.040082        0.037   1000
23310       11  134022337  134094426     25       3  351827       1.0206      0.15372        0.191   1000
27087       11  134248398  134281880     68       2  351827     -0.49276      0.68891         0.71   1000
440073      12     176049     287626     51       7  351827      0.86411      0.19376        0.198   1000
84318       12     498516     551811    179       4  351827     -0.83886      0.79923        0.816   1000
283358      12     569543     671503     29       4  351827      0.68835      0.24562        0.257   1000
4815        12     673462     772755      1       1  351827      -1.1146      0.86748        0.889   1000
5893        12    1021255    1099774    140      10  351827      0.33002      0.37069        0.341   1000
81029       12    1683823    1756379      2       1  351827     0.089909      0.46418        0.463   1000
93589       12    1901123    2027870      3       1  351827     -0.57576      0.71761        0.716   1000
83695       12    2985424    2998691     42       3  351827      0.57808      0.28161        0.278   1000
10867       12    3186521    3395730     80      11  351827       1.1081      0.13391        0.136   1000
84766       12    3722122    3862366     49       2  351827     -0.53685      0.70432        0.703   1000
57097       12    3907410    3982608     94       5  351827      0.77031      0.22056         0.22   1000
8798        12    4671375    4723041     51       4  351827     -0.34399      0.63457        0.643   1000
10566       12    4723837    4758213    146      12  351827      -3.2094      0.99934        0.999   1000
26290       12    4829752    4881892     54       4  351827      -2.5333      0.99435        0.993   1000
3742        12    4918342    4961093     54       4  351827      -2.5333      0.99435        0.993   1000
57101       12    5671817    6055398     84       8  351827      0.86703      0.19296        0.174   1000
7450        12    6058040    6233836     40       4  351827     -0.44327      0.67121        0.655   1000
55200       12    6419602    6437672      2       1  351827    -0.016156      0.50644        0.533   1000
7132        12    6437923    6451283      2       1  351827      0.41197      0.34018        0.349   1000
6337        12    6456009    6486896      2       1  351827       1.1119       0.1331        0.138   1000
4055        12    6484534    6500737     20       4  351827      -1.6085      0.94613        0.931   1000
55080       12    6561177    6571488    266      13  351827     -0.22155      0.58767        0.581   1000
6843        12    6571403    6579843    184       8  351827      0.29249      0.38496        0.362   1000
51258       12    6601316    6602471    234      12  351827     0.085353      0.46599        0.451   1000
9918        12    6602547    6641132    139       5  351827      0.40106      0.34419        0.329   1000
25900       12    6648694    6665249     47       3  351827     -0.40651      0.65782        0.659   1000
57121       12    6728001    6745297      1       1  351827      -1.7587      0.96068        0.957   1000
84519       12    6747241    6756594      4       2  351827     -0.41475      0.66084        0.635   1000
171017      12    6775643    6798738      9       1  351827     -0.68184      0.75233        0.745   1000
196500      12    6802957    6810009      2       1  351827     -0.18999      0.57534        0.542   1000
50813       12    6833150    6841041     42       3  351827      0.83161      0.20282         0.18   1000
8079        12    6857158    6862721     42       3  351827      0.82443      0.20485         0.19   1000
3902        12    6881670    6887621      1       1  351827      0.13696      0.44553        0.445   1000
920         12    6898638    6929976     10       2  351827      -1.0719      0.85811        0.836   1000
10536       12    6937572    6949018     12       2  351827     -0.25652      0.60122        0.588   1000
2784        12    6949375    6956564     54       5  351827      0.37206      0.35492        0.314   1000
83461       12    6957972    6961128    104       4  351827      0.55256      0.29028        0.278   1000
84727       12    6980099    6982521    109       4  351827       0.6401      0.26105        0.253   1000
10233       12    7013897    7023406    103       3  351827      0.84947      0.19781        0.185   1000
2026        12    7023614    7032860      1       1  351827      0.84691      0.19852         0.21   1000
1822        12    7033626    7051484    132       7  351827       1.0645      0.14354        0.128   1000
113246      12    7052146    7055165     92       2  351827      0.67563      0.24964         0.24   1000
5777        12    7055740    7070479      1       1  351827     -0.92402      0.82226        0.805   1000
10436       12    7079944    7085165     20       2  351827       1.8964     0.028954        0.017   1000
51279       12    7246000    7261869     52       8  351827    -0.083888      0.53343        0.495   1000
83758       12    7276280    7281466     36       4  351827      0.61169      0.27037        0.278   1000
9746        12    7281681    7311541     84       9  351827      0.82173      0.20561        0.206   1000
5830        12    7341759    7371170     64       4  351827       1.0187      0.15417         0.15   1000
341392      12    7456928    7480969     85       5  351827     -0.97107      0.83424        0.857   1000
144195      12    7965110    8043792     91      14  351827      -1.0159      0.84517        0.853   1000
55810       12    8185298    8208118      7       1  351827     -0.87816      0.81007        0.815   1000
719         12    8210919    8218955     28       5  351827      -2.1503      0.98424        0.982   1000
50856       12    8276228    8291203      2       1  351827      0.97102      0.16577        0.163   1000
338339      12    8666136    8674962    182       6  351827     -0.60992      0.72904        0.725   1000
26253       12    8685901    8693558      7       1  351827     -0.56913      0.71537        0.714   1000
8076        12    8798540    8815433     14       2  351827      0.44524      0.32807        0.322   1000
57494       12    8834273    8935688    213      25  351827     0.006041      0.49759        0.526   1000
1911        12    9067292    9094063     44       6  351827      0.41569      0.33882         0.34   1000
4074        12    9092957    9102357     88      10  351827     0.091146      0.46369        0.459   1000
10219       12    9142137    9163343    325      16  351827     -0.40607      0.65765        0.654   1000
2           12    9220304    9268558    146       6  351827      -1.0346      0.84957        0.849   1000
29121       12    9822304    9852151    230      15  351827      0.71648      0.23685        0.254   1000
160365      12    9868456    9885895    358      15  351827       -1.347      0.91101        0.925   1000
51348       12    9980038    9997604      1       1  351827       1.6536     0.049104        0.052   1000
9976        12   10004968   10022458      2       1  351827       1.7059     0.044012        0.035   1000
160364      12   10103915   10147704    212      15  351827      0.38721       0.3493        0.341   1000
51266       12   10145660   10153381    108       6  351827      0.36225      0.35858         0.33   1000
387837      12   10163231   10171399    158      11  351827       0.3224      0.37357        0.359   1000
51267       12   10223012   10251655     12       1  351827      0.52038       0.3014        0.323   1000
64581       12   10269376   10282868     26       1  351827     -0.75841       0.7759        0.774   1000
4973        12   10310899   10324790     13       1  351827       1.9319     0.026686        0.027   1000
3824        12   10457050   10469850     23       1  351827       0.1719      0.43176        0.426   1000
22914       12   10524952   10542653     65       2  351827       -1.222      0.88914         0.91   1000
100528032   12   10524952   10562745     65       2  351827       -1.222      0.88914         0.91   1000
8302        12   10541529   10562370     10       1  351827       1.5519     0.060348        0.055   1000
3823        12   10564914   10573194     44       3  351827      -2.8411      0.99775        0.999   1000
3822        12   10583198   10588780    128       4  351827      -2.3112      0.98959        0.997   1000
3821        12   10594863   10607215    114       5  351827      -1.6202      0.94741        0.956   1000
50839       12   10977945   10978868     42       3  351827    -0.082366      0.53282        0.512   1000
11272       12   10998448   11002075    146      12  351827     -0.47768      0.68356        0.677   1000
5554        12   11033560   11036874    205      17  351827      -1.2208      0.88892        0.885   1000
50840       12   11090853   11091806    181      14  351827     -0.77082      0.77959        0.781   1000
259295      12   11148561   11150474    125      10  351827      -0.5397       0.7053        0.686   1000
259294      12   11174271   11175170      1       1  351827     -0.72983      0.76725        0.775   1000
259290      12   11182986   11184006      4       2  351827       1.1412       0.1269        0.127   1000
259292      12   11213964   11214893      7       1  351827      -1.0585      0.85508        0.866   1000
259289      12   11243886   11244912    118      11  351827     -0.90971      0.81851        0.811   1000
4040        12   12268959   12419811      7       1  351827      0.52827      0.29865        0.275   1000
118426      12   12509967   12637587     43       5  351827      -1.7733      0.96191        0.969   1000
2842        12   12813995   12849121     21       3  351827     0.077125      0.46926        0.453   1000
9052        12   13043956   13066600      1       1  351827      0.95704      0.16927        0.184   1000
57613       12   13197300   13236383    123       9  351827     -0.13622      0.55418        0.573   1000
2904        12   13713684   14133022      2       1  351827      -1.9662      0.97537        0.972   1000
51729       12   14937513   14956420     29       2  351827       0.6207       0.2674        0.253   1000
144608      12   14955997   14976792     11       1  351827      0.24547      0.40305        0.416   1000
440087      12   14957584   14967116    207       4  351827     -0.41393      0.66054        0.663   1000
121506      12   15066961   15091463    182       3  351827     -0.96914      0.83376        0.838   1000
397         12   15094949   15114562     14       2  351827      -2.6033      0.99538        0.996   1000
5800        12   15475191   15751265     31       1  351827     -0.48882      0.68752         0.69   1000
729025      12   16341419   16430619    143       5  351827      0.93097      0.17593        0.179   1000
4257        12   16500076   16530123    314      15  351827      0.76764      0.22135        0.199   1000
55885       12   16701306   16761148     19       4  351827      0.67433      0.25005        0.239   1000
79912       12   21590538   21624184    401      13  351827      -1.0021      0.84186        0.834   1000
5965        12   21621844   21654603    172       8  351827    -0.023349      0.50931        0.507   1000
51026       12   21654699   21671337    169       7  351827     -0.37955      0.64786        0.652   1000
80763       12   21679256   21684210     56       1  351827      0.25555      0.39915        0.396   1000
2998        12   21684461   21783722     81       2  351827     0.079981      0.46813         0.46   1000
3764        12   21917889   21928436      2       1  351827      0.25365      0.39988        0.417   1000
6489        12   22346325   22487648    125       6  351827       1.3394     0.090214        0.068   1000
9847        12   22601511   22697452    323       5  351827      0.17236      0.43158        0.413   1000
4033        12   25205181   25261269    111       9  351827    -0.043903      0.51751        0.514   1000
55259       12   25261223   25348096     37       2  351827      0.63909      0.26138        0.236   1000
144363      12   25348150   25357949     24       5  351827      0.28699      0.38706        0.385   1000
8082        12   26348032   26387710    149      14  351827      0.51231      0.30422        0.281   1000
55726       12   27058112   27091254     22       2  351827      0.36232      0.35856        0.364   1000
51768       12   27124503   27167360     97       4  351827     -0.37226      0.64515        0.648   1000
9412        12   27175455   27183606    200       5  351827      0.57847      0.28147        0.266   1000
341346      12   27619743   27655118      1       1  351827      0.47269      0.31822         0.31   1000
55297       12   28343360   28703099    398       5  351827       1.1396      0.12723         0.12   1000
55711       12   29301936   29488549    205      13  351827      -2.2181      0.98673        0.988   1000
51290       12   29493579   29534143     73       5  351827       0.4469      0.32747        0.344   1000
10526       12   30781915   30848929    280      10  351827     -0.16579      0.56584        0.565   1000
65981       12   30862486   30907448    162      12  351827     -0.35274      0.63786        0.654   1000
1663        12   31226779   31257733    386      23  351827       1.0727       0.1417         0.14   1000
144203      12   31264586   31359088     66       4  351827     -0.73872      0.76996         0.77   1000
254013      12   31800094   31822016     19       4  351827        0.171      0.43211        0.413   1000
440093      12   31944119   31945175      3       2  351827       1.4705     0.070709        0.076   1000
55196       12   32112353   32146041     31       3  351827      0.13297      0.44711        0.468   1000
636         12   32259713   32536567    191      16  351827     -0.60616       0.7278        0.719   1000
121512      12   32552518   32798984     10       1  351827      0.81897       0.2064        0.196   1000
5318        12   32943680   33049780      1       1  351827      0.31469       0.3765        0.377   1000
84920       12   34175216   34181237   1175       5  351827       1.7888     0.036823        0.041   1000
144245      12   38710557   38723528    627      14  351827       1.3053     0.095888        0.069   1000
144402      12   39046002   39300395     89       5  351827     -0.82285       0.7947        0.819   1000
120892      12   40618813   40763087    331      17  351827     -0.86479      0.80642        0.791   1000
1272        12   41086244   41466214      3       1  351827      -1.3841      0.91684        0.924   1000
29951       12   41582250   41968392      7       1  351827       -1.524      0.93625        0.929   1000
283464      12   42475647   42538673    322       8  351827     -0.42963      0.66627         0.65   1000
85437       12   42705888   42719932    330       6  351827     -0.16443       0.5653        0.566   1000
51535       12   42719947   42842422    377       8  351827     -0.28543      0.61234        0.599   1000
9169        12   46312914   46385898    101       3  351827       4.4912   3.5405e-06       0.0001  10000
8909        12   48103517   48119355     35       4  351827     -0.11911      0.54741        0.535   1000
10411       12   48128453   48164846    243      19  351827       1.0454      0.14792        0.147   1000
55652       12   48152426   48176536     20       2  351827     -0.48872      0.68748        0.693   1000
7421        12   48235320   48298814     39       4  351827       1.3093     0.095216        0.102   1000
79022       12   48357330   48362661     25       5  351827       1.5598     0.059409        0.057   1000
140461      12   48541572   48551377    123       3  351827       1.3703     0.085302        0.073   1000
341567      12   48722763   48724062     64       2  351827      -1.3809      0.91635        0.915   1000
121274      12   48729065   48745029    222      10  351827       1.0662      0.14317        0.135   1000
54934       12   49046994   49076035    103       7  351827       1.7429     0.040678        0.036   1000
784         12   49208215   49222726     18       3  351827      0.84687      0.19853        0.209   1000
9416        12   49223539   49245957     10       2  351827    -0.070988       0.5283        0.527   1000
85478       12   49297893   49325696    152       5  351827     -0.18619      0.57385        0.578   1000
51303       12   49315742   49319330    136       3  351827     -0.19129      0.57585        0.586   1000
377         12   49329987   49351309     87       7  351827      0.25114      0.40085         0.42   1000
55716       12   49490334   49504683    110       3  351827     0.066647      0.47343        0.477   1000
84790       12   49621715   49667117     85       4  351827     0.054624      0.47822        0.478   1000
5630        12   49688796   49692481      2       1  351827     -0.08855      0.53528        0.532   1000
79962       12   49740721   49747467      8       2  351827     -0.44626       0.6723        0.698   1000
10445       12   49952077   49961928      1       1  351827      0.20695      0.41803         0.43   1000
57701       12   50184929   50222208      3       1  351827     -0.55761      0.71144        0.709   1000
144233      12   50229826   50236912      8       2  351827      -1.7116      0.95652        0.951   1000
23017       12   50260679   50297760     35       3  351827      0.31851      0.37505        0.342   1000
362         12   50355279   50359465     17       3  351827    -0.025451      0.51015        0.543   1000
363         12   50360874   50370922     50       1  351827     -0.74611       0.7722        0.746   1000
29127       12   50382945   50425586     69       2  351827      -1.1075      0.86597        0.848   1000
41          12   50451420   50477405     16       2  351827    0.0022837      0.49909         0.51   1000
84987       12   50503418   50514240     66       3  351827       1.7829     0.037298        0.043   1000
91012       12   50523581   50561154    107       6  351827      -1.6549      0.95103         0.95   1000
113251      12   50794592   50873788     11       1  351827      0.12259      0.45122        0.431   1000
466         12   51157789   51214943    245       3  351827     -0.27835      0.60963        0.613   1000
4891        12   51373566   51422118     67       1  351827     -0.35277      0.63787        0.621   1000
5463        12   51580719   51611477      8       1  351827        1.791     0.036648        0.042   1000
57228       12   51639133   51664202     44       4  351827       1.7137     0.043289        0.049   1000
9498        12   51785101   51909547     11       2  351827      -1.2897      0.90142        0.884   1000
6334        12   51984050   52206648     14       3  351827     -0.46115      0.67766        0.681   1000
401720      12   52211676   52242364      2       1  351827       1.4782     0.069683        0.074   1000
341405      12   52281745   52285505      3       1  351827      -1.1182      0.86826        0.867   1000
94          12   52300657   52317145     12       3  351827       1.5253     0.063597        0.064   1000
3164        12   52416616   52453291      1       1  351827      -0.2553      0.60076        0.588   1000
60673       12   52463758   52471279      9       2  351827       1.0379      0.14965         0.14   1000
3855        12   52626954   52642709     44       6  351827       1.1502      0.12503        0.124   1000
3854        12   52840435   52845910      2       1  351827      -1.0087      0.84343         0.84   1000
3852        12   52908359   52914328    245      13  351827      -1.5375      0.93791        0.923   1000
140807      12   52979373   52995322     81       4  351827       1.2779      0.10064        0.107   1000
319101      12   53001354   53012343     55       2  351827        1.434     0.075785        0.082   1000
1975        12   53399942   53435993    144      10  351827       -1.532      0.93724        0.946   1000
23371       12   53440810   53458163     44       6  351827     -0.45107      0.67403         0.69   1000
8435        12   53497274   53518323    111       8  351827      -2.6199       0.9956        0.996   1000
283337      12   53574535   53584654     20       3  351827      -1.6295      0.94839        0.947   1000
84975       12   53645035   53648190     22       3  351827      0.72939      0.23288        0.235   1000
8086        12   53701240   53715412     10       2  351827    -0.071729      0.52859        0.541   1000
6667        12   53773979   53810230    170       7  351827       2.0014     0.022676        0.024   1000
54458       12   53835433   53840427     80       3  351827       2.2172     0.013305        0.018   1000
6895        12   53893557   53900215     40       4  351827      0.75763      0.22434         0.21   1000
517         12   54058944   54070512    424      14  351827       1.2808      0.10014        0.098   1000
3222        12   54410642   54429145      3       2  351827      0.56503      0.28603        0.294   1000
23583       12   54574142   54582778     48       5  351827      0.43013      0.33355        0.333   1000
4778        12   54685891   54718869      1       1  351827      0.42998       0.3336        0.342   1000
121355      12   54849736   54867386     71       4  351827      0.31063      0.37804        0.353   1000
5153        12   54943177   54973023     11       1  351827     -0.69811      0.75745        0.756   1000
196410      12   56075330   56078395     48       4  351827      0.89661      0.18496        0.192   1000
3679        12   56078352   56109821     30       1  351827        0.261      0.39705        0.392   1000
5959        12   56114151   56118526      6       2  351827       1.4462     0.074055        0.068   1000
6490        12   56347889   56360523    112       7  351827       1.4337     0.075835        0.074   1000
1017        12   56360556   56366573      2       1  351827      -1.6566       0.9512        0.949   1000
6821        12   56391043   56399309     50       3  351827      -1.2774      0.89926        0.899   1000
64375       12   56401268   56432219      2       1  351827    -0.068072      0.52714         0.53   1000
6231        12   56435686   56438007    284      16  351827      0.44051      0.32978         0.34   1000
4637        12   56552045   56555366      4       2  351827     -0.33454      0.63101        0.618   1000
10193       12   56596288   56615753      1       1  351827     -0.69952      0.75789        0.777   1000
9924        12   56710007   56727837     98       1  351827      0.35359      0.36182        0.345   1000
6773        12   56735381   56754058    112       2  351827      0.35773      0.36027        0.345   1000
283377      12   56862301   56864769     42       4  351827       1.5373     0.062116        0.057   1000
5939        12   56915607   56994859     85       4  351827     -0.29214      0.61491         0.62   1000
11176       12   56989380   57030600      2       1  351827      0.75967      0.22373        0.214   1000
4666        12   57106211   57119326     13       1  351827      0.44223      0.32916        0.322   1000
121214      12   57316938   57328189     42       4  351827       1.1087      0.13377        0.139   1000
4640        12   57422301   57444549      3       1  351827       1.9132      0.02786        0.026   1000
23306       12   57449426   57472574     47      11  351827      0.65435      0.25644        0.252   1000
11247       12   57610578   57620232      5       1  351827       0.9987      0.15897        0.166   1000
64333       12   57866038   57882756     29       2  351827     -0.10395       0.5414        0.548   1000
4141        12   57881736   57910438      1       1  351827       1.5673     0.058518        0.067   1000
114785      12   57915463   57923931      8       1  351827       1.2517      0.10533        0.112   1000
10540       12   57923833   57941114     19       2  351827       1.4537     0.073022        0.071   1000
79837       12   57984942   57997211     11       1  351827       1.8922     0.029234        0.031   1000
115557      12   58003963   58011028    138       8  351827      0.80532      0.21032        0.197   1000
65012       12   58013693   58019934     10       2  351827     0.073131      0.47085        0.453   1000
2583        12   58019678   58027022     49       6  351827      0.56485      0.28609        0.299   1000
10956       12   58087738   58115340    126       3  351827       1.4363     0.075461        0.079   1000
6302        12   58138784   58142026     98       2  351827        1.417     0.078239         0.08   1000
25895       12   58166383   58176324    626      15  351827        1.321     0.093253        0.131   1000
10102       12   58176528   58196639    332      11  351827       1.5834     0.056667        0.069   1000
91419       12   58335324   58351052    574      16  351827       1.0863      0.13867        0.164   1000
9194        12   59989821   60183636     57       3  351827        1.336     0.090778        0.097   1000
338811      12   62102029   62586620     15       2  351827     -0.45459       0.6753        0.703   1000
9958        12   62654121   62803501     29       5  351827      -1.0751      0.85883        0.877   1000
283417      12   63952693   64062354    158      12  351827     -0.69685      0.75705        0.758   1000
57522       12   64238276   64541643     16       2  351827    -0.022502      0.50898        0.507   1000
11197       12   65444404   65515346     93       4  351827      0.55421      0.28972        0.285   1000
23592       12   65563351   65642141    161       5  351827      0.48242      0.31475        0.302   1000
51643       12   66530717   66563808    191      10  351827      -4.2561      0.99999        0.999   1000
92797       12   66696335   66737423    284      10  351827      -0.6223      0.73313        0.732   1000
55832       12   67663061   67708388    250       7  351827     0.050794      0.47974        0.463   1000
56890       12   68688346   68726161     56       6  351827    -0.051685      0.52061          0.5   1000
5908        12   69004619   69054385     25       1  351827      0.15072       0.4401        0.447   1000
57122       12   69080731   69136473    197      16  351827      -2.3252      0.98997        0.989   1000
4193        12   69201952   69239324     31       3  351827      -2.4106      0.99204        0.992   1000
4069        12   69742134   69748013    251      12  351827       2.1542     0.015613        0.013   1000
8089        12   69753490   69784576    384      17  351827       1.8542     0.031858         0.02   1000
10818       12   69864129   69973573     33       2  351827     -0.33827      0.63242        0.637   1000
117177      12   70132466   70216984    168      12  351827     0.076216      0.46962        0.469   1000
4848        12   70636774   70748773     27       3  351827      -1.9255      0.97291        0.979   1000
5787        12   70910630   71031220      1       1  351827      0.49432      0.31054          0.3   1000
5801        12   71031853   71314584     21       3  351827      0.12844       0.4489        0.438   1000
8549        12   71832931   71980090    169       2  351827     0.093598      0.46271        0.493   1000
55266       12   72079878   72097840     10       1  351827      -1.0652       0.8566        0.854   1000
29953       12   72666314   73059422     41       3  351827       1.2829      0.09976        0.099   1000
552889      12   74931551   74935232     29       3  351827      0.72013      0.23572        0.242   1000
84698       12   75669759   75784681    427      10  351827     -0.47537      0.68274        0.718   1000
144321      12   75784850   75826468    590      14  351827     -0.24845      0.59811        0.624   1000
11010       12   75874513   75895716    176       3  351827       -0.339       0.6327        0.641   1000
11103       12   75891419   75905418    421      10  351827      -0.3461      0.63537        0.663   1000
6857        12   79257773   79845788      3       1  351827   -0.0018562      0.50074        0.499   1000
283310      12   80583151   80772870     91       4  351827      -0.3076      0.62081        0.629   1000
8825        12   81191171   81331702     57       5  351827      0.99342      0.16025        0.173   1000
79611       12   81471797   81650538     47       1  351827      0.80016      0.21181        0.218   1000
8499        12   81652045   82153109    409      14  351827         1.39     0.082268        0.054   1000
25834       12   86373037   87232681    482      10  351827       1.5004     0.066757        0.075   1000
91298       12   88429268   88443937     30       2  351827      0.23708       0.4063        0.401   1000
80184       12   88442790   88535993    134       9  351827      -1.5505      0.93949        0.934   1000
160418      12   88536073   88593664     44       3  351827     -0.58649      0.72123        0.721   1000
282809      12   89813495   89920039    146       6  351827      -1.2187      0.88852        0.888   1000
1833        12   91357456   91398803      6       1  351827      0.20942      0.41706         0.44   1000
8411        12   93166285   93323107      7       1  351827       3.5216   0.00021447       0.0004  10000
11163       12   93771701   93797024     91       8  351827     -0.52493      0.70018         0.69   1000
7334        12   93802088   93836026      8       1  351827      -1.2109      0.88704        0.884   1000
28977       12   93861266   93897548    208      13  351827      -1.4868      0.93147        0.928   1000
51134       12   94702056   94853764      2       1  351827      -1.6576       0.9513        0.942   1000
57458       12   94960900   95044324     32       2  351827      0.51766      0.30235        0.303   1000
55967       12   95365104   95397489    169      11  351827      -0.2943      0.61574        0.604   1000
55785       12   95470525   95611240     26       5  351827     -0.29903      0.61754        0.645   1000
55591       12   95611522   95696566     23       4  351827     -0.16798       0.5667        0.552   1000
84101       12   95910336   95945278     15       5  351827       1.7374     0.041157        0.045   1000
6636        12   96252709   96260238     16       1  351827       1.1526      0.12453        0.131   1000
144193      12   96337071   96362370    118       8  351827      -1.0421      0.85131        0.855   1000
4048        12   96394531   96437298     56       4  351827    -0.026376      0.51052         0.52   1000
144535      12   96966648   97269333     67       2  351827       1.5701     0.058194        0.046   1000
121441      12   97301001   97347474     10       1  351827       1.0256      0.15255        0.122   1000
5250        12   98987403   98995778      4       1  351827       1.5641     0.058901        0.062   1000
121457      12   99007182   99038829    147      15  351827      0.25514      0.39931         0.45   1000
317         12   99039078   99129211     46       3  351827      0.12236      0.45131        0.487   1000
23074       12  100422233  100536642     85       8  351827       0.3824      0.35108        0.362   1000
121601      12  101133841  101522419      2       1  351827       1.6366     0.050855        0.052   1000
400         12  101786894  101802192     63       3  351827    -0.068584      0.52734        0.544   1000
56994       12  102091417  102122852    315      18  351827       1.4912      0.06795        0.057   1000
79158       12  102139275  102224645    160       7  351827       2.2077     0.013631        0.017   1000
55332       12  102271105  102317401    139      10  351827       1.7333     0.041524        0.039   1000
51019       12  102406717  102455902    273       8  351827      0.31546      0.37621        0.384   1000
429         12  103351452  103354294      4       1  351827     -0.64973      0.74207        0.741   1000
55576       12  103981069  104160502     39       2  351827     -0.24335      0.59613        0.596   1000
51559       12  104166081  104234975    151      10  351827      -1.6598      0.95152        0.956   1000
728568      12  104343980  104350993    386      15  351827      -1.5251      0.93639        0.953   1000
6996        12  104359593  104382656      7       2  351827       0.7589      0.22396        0.227   1000
50515       12  104850692  105155792     66       2  351827      -1.2493      0.89423        0.876   1000
84102       12  105196331  105352476     69       3  351827     -0.65797      0.74472        0.734   1000
121053      12  105380098  105388505      1       1  351827      -0.1412      0.55614        0.548   1000
23325       12  105501492  105562912     51       5  351827       1.0727      0.14171        0.143   1000
55198       12  105567075  105630008     24       1  351827      0.94797      0.17157        0.164   1000
55703       12  106751436  106903976      4       1  351827      0.81877      0.20646        0.207   1000
90488       12  107347298  107367813      3       1  351827       1.1126      0.13294        0.142   1000
11108       12  108126643  108155049     80       2  351827      0.82888      0.20359        0.214   1000
23603       12  109038885  109125326     79       2  351827      0.18126      0.42808        0.392   1000
84749       12  109490380  109525831     13       2  351827      0.16826      0.43319        0.416   1000
121642      12  109525993  109531436     29       2  351827       1.2195      0.11134         0.11   1000
121643      12  109715783  109747025    106       2  351827       2.2739     0.011485        0.014   1000
283446      12  109826439  109886176     15       1  351827     -0.08203      0.53269        0.514   1000
83892       12  109886460  109915165    149      11  351827       1.5968     0.055157         0.05   1000
89910       12  109915215  109974510     78       7  351827      0.37261      0.35472        0.378   1000
326625      12  109991520  110011358    220       5  351827       3.1763   0.00074583        0.001  10000
59341       12  110220892  110271212     41       3  351827      -1.3872      0.91731         0.92   1000
51228       12  110288748  110318293    129      14  351827       1.5795     0.057112        0.049   1000
9815        12  110367607  110434194     21       2  351827       -1.334       0.9089        0.904   1000
51434       12  110810705  110841535      6       2  351827      -0.5788      0.71864        0.722   1000
51184       12  110890291  110906667     39       2  351827         1.84     0.032882        0.029   1000
29902       12  110906232  110928192    438       5  351827     -0.23387      0.59246        0.612   1000
51699       12  110929330  110939916    395      11  351827      0.76209        0.223        0.216   1000
144715      12  110940005  110973952     29       1  351827      -3.2896       0.9995        0.999   1000
79600       12  111051832  111086935     15       3  351827        2.084     0.018579        0.021   1000
4633        12  111348623  111358404      2       1  351827      0.68885      0.24546        0.248   1000
80724       12  112123857  112194911      4       1  351827     -0.23686      0.59362        0.592   1000
217         12  112204691  112247789    221       1  351827     -0.37522      0.64625        0.643   1000
8550        12  112280032  112331228    633      11  351827     -0.82032      0.79398        0.813   1000
89894       12  112369086  112451023    926      11  351827     -0.62364      0.73357        0.756   1000
80018       12  112464493  112546826    156       3  351827      -0.7823      0.78298        0.776   1000
10906       12  112563349  112591408    136       2  351827     -0.79774      0.78749        0.771   1000
283450      12  112597992  112820113    252       1  351827      -1.5245      0.93631        0.957   1000
22895       12  113229343  113336686     64       2  351827     -0.58524      0.72081        0.707   1000
4940        12  113376249  113411056      1       1  351827      0.29849      0.38266        0.363   1000
84934       12  113623342  113630169    221       4  351827       1.2309      0.10919        0.121   1000
80024       12  113736571  113772934      8       1  351827       1.1802      0.11896        0.139   1000
196463      12  113796371  113827458    115       3  351827        0.851      0.19738        0.203   1000
113675      12  113860042  113876081     91       3  351827      0.92673      0.17703        0.184   1000
9904        12  114254543  114404176     25       4  351827      0.82077      0.20589        0.213   1000
26259       12  117348756  117468953    171       6  351827      -1.3123       0.9053        0.916   1000
54997       12  117476728  117537251     24       2  351827      -0.1919      0.57609        0.592   1000
54621       12  118501398  118541810     46       6  351827      0.91265      0.18071        0.189   1000
5037        12  118573668  118583390      8       1  351827      0.32647      0.37204        0.377   1000
64426       12  118814358  118855840     16       1  351827      0.67839      0.24876        0.259   1000
5564        12  120105669  120119429     54       6  351827       1.2695      0.10212        0.107   1000
11021       12  120532899  120554643     70       4  351827     -0.16857      0.56693        0.538   1000
10985       12  120565014  120632513    112       8  351827       1.1628      0.12245         0.12   1000
6175        12  120634502  120639014     32       1  351827      0.43486      0.33183        0.314   1000
51499       12  120881764  120884215     66       1  351827     -0.16952      0.56731        0.547   1000
283459      12  120884241  120901556    213      11  351827        1.698     0.044751        0.045   1000
84274       12  120941082  120966964    303      13  351827       1.3851     0.083005        0.085   1000
9921        12  120972132  121015397     57       2  351827      0.63676      0.26214        0.274   1000
51367       12  121016848  121019201    135       5  351827       1.7785     0.037663        0.048   1000
35          12  121163544  121177811     15       2  351827       1.0523      0.14632        0.157   1000
121665      12  121200313  121342155    297       9  351827     -0.13239      0.55266        0.556   1000
64897       12  121440835  121454300    248      20  351827      0.19435      0.42295        0.417   1000
5027        12  121570622  121624439     16       1  351827      0.83209      0.20268         0.18   1000
5025        12  121647664  121671909    109      11  351827       1.3063     0.095724        0.096   1000
10645       12  121675495  121736111     21       4  351827       0.7047       0.2405        0.244   1000
283385      12  122089024  122110531     64       4  351827      0.71486      0.23735        0.237   1000
144404      12  122150658  122219974     55       2  351827      -1.1941      0.88379        0.879   1000
54509       12  122215660  122231594     65       4  351827      -1.3882      0.91746        0.905   1000
23067       12  122241879  122270562      3       1  351827      0.46412      0.32128        0.331   1000
144406      12  122356463  122441839    101       7  351827      -1.6952      0.95499        0.951   1000
254050      12  122652266  122688018     79       6  351827      0.98268      0.16288        0.156   1000
65082       12  122714111  122751068     46       2  351827     -0.31271      0.62275        0.608   1000
55596       12  122956146  122985543     12       1  351827     -0.21374      0.58462        0.582   1000
9735        12  123011796  123110947     53       2  351827      -1.0231      0.84686        0.848   1000
338442      12  123185840  123194392     13       2  351827      0.45847      0.32331        0.293   1000
27198       12  123212153  123215129     45       3  351827      0.91738      0.17947        0.183   1000
84660       12  123259056  123311927     19       2  351827      0.50995      0.30504        0.273   1000
79720       12  123349875  123380712     19       2  351827      0.80979      0.20903        0.196   1000
23457       12  123405498  123451056      7       2  351827       0.2238      0.41146        0.441   1000
79676       12  123459354  123464588     86       2  351827       1.2892     0.098671        0.109   1000
51329       12  123464607  123467460    316       4  351827       1.0967      0.13639        0.149   1000
10198       12  123640943  123717785    194       2  351827       1.1733      0.12034         0.13   1000
91574       12  123717844  123742651    487       9  351827      0.93823      0.17406        0.184   1000
8099        12  123745517  123756863    455      13  351827       1.5089     0.065666        0.088   1000
10959       12  124069076  124082688    308       5  351827      0.78126      0.21733        0.176   1000
57696       12  124086650  124105482    424      12  351827      0.34414      0.36537        0.259   1000
79867       12  124155660  124192950    507      12  351827      0.93647      0.17452        0.138   1000
23545       12  124196865  124246302    338       5  351827      0.74138      0.22923        0.191   1000
196385      12  124246786  124420267    216      14  351827      0.13163      0.44764        0.473   1000
80212       12  124420955  124457373    295      16  351827       1.3954     0.081441        0.071   1000
144348      12  124457699  124499986     23       2  351827       2.1577     0.015474        0.013   1000
100533183   12  124457762  124800570     13       1  351827      0.41644      0.33855        0.329   1000
144347      12  124773710  124800570     13       1  351827      0.41644      0.33855        0.329   1000
949         12  125262174  125348519      8       2  351827     -0.62954       0.7355        0.738   1000
57647       12  125431370  125473667      1       1  351827     -0.67494      0.75014        0.757   1000
23504       12  130880681  131200828     37       5  351827     -0.21376      0.58463        0.581   1000
2054        12  131274145  131323819    284      12  351827       1.3437     0.089527        0.098   1000
4326        12  132312941  132336316     21       3  351827      0.57741      0.28183        0.273   1000
317781      12  132621139  132628880     40       5  351827      0.15768      0.43736         0.46   1000
79050       12  132628993  132636986     12       5  351827     -0.14416      0.55731        0.567   1000
57666       12  133067041  133161774     47       3  351827     -0.68523       0.7534        0.753   1000
22953       12  133195393  133198972    233       6  351827      -1.1194      0.86852        0.855   1000
5426        12  133200344  133264050    153       5  351827      -2.0107      0.97782        0.973   1000
23141       12  133302254  133338451    102       6  351827      -0.7234      0.76528        0.774   1000
2802        12  133345495  133405659     36       5  351827        0.348      0.36392        0.361   1000
100289635   12  133498019  133532908    438      19  351827     -0.88039      0.81068        0.798   1000
7637        12  133613878  133639885    155       8  351827     -0.39306      0.65286        0.637   1000
101060200   12  133696111  133707059     48       2  351827     0.080716      0.46783        0.481   1000
7556        12  133707214  133736051    113       5  351827      0.41524      0.33898        0.339   1000
10795       12  133757995  133783698     75       4  351827       -0.959      0.83122        0.835   1000
54737       13   20207787   20247599    570       9  351827     -0.06464      0.52577         0.52   1000
2706        13   20761602   20768605     27       2  351827     -0.21791      0.58625        0.591   1000
51084       13   20977806   21100012    114      10  351827       1.5779       0.0573        0.061   1000
8100        13   21140585   21265576    309      10  351827      -1.5819      0.94316        0.953   1000
64328       13   21351468   21476913     96       3  351827      -1.0283      0.84811         0.86   1000
10284       13   21714653   21723224     31       2  351827     -0.42757      0.66552        0.687   1000
253832      13   21946710   22033508    291      12  351827     -0.47179      0.68146         0.68   1000
221154      13   22066828   22178355     90       7  351827    -0.074721      0.52978        0.552   1000
6445        13   23755060   23899304     76       5  351827      -1.5314      0.93716        0.921   1000
4285        13   24304328   24463587     80       5  351827      0.21933       0.4132        0.442   1000
387911      13   24465238   24471145     10       2  351827     -0.47081      0.68111        0.695   1000
221178      13   24553765   24881212     23       3  351827      -1.3276      0.90785        0.907   1000
338872      13   24883686   24896669    267       5  351827     -0.54869      0.70839        0.718   1000
143         13   24995069   25086948     30       3  351827      0.86412      0.19376        0.182   1000
9107        13   25820339   25861704     50       4  351827      -2.1933      0.98586        0.988   1000
51761       13   25946209   26599989    108       9  351827      -0.1527      0.56068        0.578   1000
6049        13   26786894   26796686     66       3  351827      0.19991      0.42078        0.414   1000
10810       13   27131840   27263082    135       7  351827      -1.4339       0.9242        0.917   1000
2835        13   27329337   27334922     94       4  351827     -0.96262      0.83213         0.85   1000
219402      13   28009776   28024739    153       8  351827      0.52857      0.29855         0.28   1000
51082       13   28194880   28241559    183      17  351827      0.88276      0.18868        0.172   1000
646625      13   28552243   28562774     73       8  351827      -1.8065      0.96458        0.964   1000
2322        13   28577411   28682904     19       1  351827     -0.73857      0.76992        0.767   1000
84056       13   30776767   30881624      8       2  351827       1.6166     0.052986        0.048   1000
3146        13   31032877   31191942      2       1  351827       1.1366      0.12785        0.141   1000
241         13   31287615   31338565      1       1  351827       1.5705     0.058154        0.065   1000
84935       13   31480312   31499709     15       1  351827       2.1643     0.015219        0.018   1000
122046      13   31506834   31549639     14       2  351827       1.5597      0.05942        0.061   1000
145173      13   31774112   31906413    209       8  351827       1.9907     0.023259        0.019   1000
675         13   32889617   32973809     63       6  351827     -0.18683       0.5741        0.597   1000
10443       13   33006625   33116839      3       1  351827     -0.44964      0.67351        0.688   1000
9365        13   33590571   33640282      8       2  351827      -0.2623      0.60345        0.637   1000
5983        13   34392206   34540695     80       2  351827      -1.1652      0.87802        0.874   1000
54937       13   36742345   36788752    642      17  351827      -1.1662      0.87823        0.896   1000
728591      13   36801179   36871992    318       6  351827      -1.1558      0.87611        0.906   1000
23111       13   36875775   36944317      1       1  351827      -2.1997      0.98608        0.988   1000
8900        13   37005257   37017019    219       6  351827      -2.5027      0.99384        0.992   1000
4093        13   37418968   37494409     25       3  351827      -1.5414      0.93839        0.928   1000
29880       13   37523907   37573504    122       5  351827        1.204      0.11429        0.126   1000
11340       13   37574678   37583751     26       3  351827      -1.2918      0.90179        0.897   1000
55578       13   37583449   37633850    161       4  351827      0.46499      0.32097        0.321   1000
51569       13   38923942   38937143     84       2  351827     -0.27982      0.61019        0.616   1000
80209       13   39584002   39612213     60       3  351827     -0.20102      0.57966        0.551   1000
10186       13   39917029   40177356     17       3  351827      -1.5425      0.93853        0.928   1000
57511       13   40229764   40365802    342      13  351827     -0.16536      0.56567        0.556   1000
10166       13   41363547   41386601      8       1  351827      0.55522      0.28937        0.289   1000
1997        13   41506055   41635544      2       1  351827      0.47018      0.31911        0.326   1000
11193       13   41634973   41658142      3       1  351827      0.41014      0.34085        0.339   1000
84078       13   41765711   41768702      5       1  351827      -1.4745      0.92982        0.941   1000
9617        13   41790505   41837731     31       2  351827     -0.67486      0.75012        0.765   1000
28984       13   42031542   42045013    100       9  351827      0.88431      0.18826        0.195   1000
11215       13   42846261   42897403    102       6  351827      -1.7709      0.96171        0.956   1000
94240       13   43460524   43566407      2       1  351827    -0.047828      0.51907         0.51   1000
29103       13   43597362   43683306    257      10  351827      0.28436      0.38807        0.391   1000
160857      13   44410488   44453826    384      20  351827       2.1619     0.015315        0.013   1000
8848        13   45006279   45150701     27       2  351827       1.5678     0.058459        0.062   1000
26747       13   45513384   45563613     20       1  351827     -0.35732      0.63957        0.633   1000
2963        13   45694631   45858240      5       1  351827     -0.28915      0.61376        0.618   1000
386618      13   45766988   45775175    148       2  351827    -0.047231      0.51884         0.53   1000
253512      13   45960520   45992549    260      14  351827      -1.4542      0.92706        0.951   1000
83548       13   46039030   46110833     10       2  351827      0.36616      0.35712        0.347   1000
283514      13   46354405   46425846     29       1  351827      0.76543      0.22201        0.212   1000
23091       13   46528600   46626896     35       2  351827     -0.88829      0.81281        0.814   1000
80183       13   46916136   46964177     76       1  351827      0.10825       0.4569        0.465   1000
3356        13   47405677   47471211     44       4  351827       1.9151      0.02774        0.026   1000
8803        13   48516791   48612125    210       8  351827      -1.6077      0.94605        0.946   1000
9445        13   48807274   48836232     37       2  351827       1.5092     0.065626        0.057   1000
5925        13   48877883   49056026    265       4  351827       0.7113      0.23845        0.209   1000
81617       13   49882786   50018221     68       7  351827     -0.88633      0.81228        0.799   1000
83852       13   50018429   50069139     36       2  351827      0.19367      0.42322        0.443   1000
51131       13   50069746   50103123     16       2  351827      -3.0279      0.99877        0.998   1000
55213       13   50106082   50159742    266       9  351827     -0.59229      0.72317        0.746   1000
84650       13   50234812   50265627    533      35  351827   0.00097049      0.49961        0.466   1000
10206       13   50571143   50592603    153       4  351827     -0.68104      0.75208         0.76   1000
79621       13   51483814   51544596    146      19  351827       1.3348     0.090966        0.102   1000
647174      13   51915168   51939555      1       1  351827      0.12376      0.45075        0.451   1000
115825      13   52158484   52340935     51       2  351827     -0.51545      0.69688        0.669   1000
540         13   52506805   52586181    548      13  351827      0.51903      0.30187        0.235   1000
440138      13   52586523   52603784    201       6  351827      -2.6882      0.99641        0.997   1000
9724        13   52598827   52607736     36       2  351827      0.98661      0.16192        0.147   1000
341676      13   52638898   52703214    579       4  351827      0.73793      0.23028        0.196   1000
4752        13   52706779   52733996    477      14  351827      -2.2502      0.98778        0.993   1000
51028       13   52986737   53024798     19       3  351827       -1.101      0.86456        0.848   1000
26586       13   53029495   53050763    520      15  351827      -1.8409      0.96718        0.977   1000
144983      13   53173750   53217931    156       6  351827      -1.3112       0.9051        0.899   1000
10910       13   53226830   53262433      1       1  351827       1.8012     0.035836        0.043   1000
81624       13   60239717   60738119    389      11  351827     -0.57688      0.71799        0.734   1000
81550       13   60970591   61148013    277      10  351827      0.24738      0.40231        0.398   1000
5101        13   66876966   67804468     24       2  351827      0.72283      0.23489        0.231   1000
440145      13   73282495   73301938    109       3  351827      0.66045      0.25448        0.258   1000
79866       13   73301981   73330328     12       3  351827        1.002      0.15817        0.167   1000
10464       13   73356202   73590592     86       3  351827      -0.5909      0.72271        0.718   1000
688         13   73629114   73651676      3       1  351827       1.4905      0.06804        0.069   1000
9882        13   75858809   76056782     57       7  351827     -0.99328      0.83971        0.843   1000
729420      13   76445174   76457948     11       2  351827      0.17047      0.43232        0.454   1000
115207      13   77454304   77460540      2       1  351827      -1.1108      0.86668        0.853   1000
1203        13   77566059   77576652      5       2  351827      -1.0871      0.86151         0.86   1000
26224       13   77579389   77601331     87       3  351827       2.0169     0.021851        0.019   1000
8796        13   78109809   78219398      3       1  351827       1.3738     0.084744        0.083   1000
79596       13   79188421   79233314      1       1  351827     -0.06092      0.52429        0.516   1000
1638        13   95091835   95131936    178       5  351827        1.813     0.034912        0.028   1000
23483       13   95226308   95248511      3       1  351827     0.049479      0.48027        0.458   1000
160897      13   95254104   95286899    118       8  351827      0.62198      0.26698        0.258   1000
10257       13   95672083   95953705     63       8  351827      -2.2788      0.98866        0.994   1000
9071        13   96085853   96232010    446      14  351827       1.4429     0.074531        0.073   1000
22873       13   96230456   96296960    118       4  351827      0.32398      0.37298        0.375   1000
5611        13   96329393   96447243    390       6  351827       1.6465     0.049828        0.041   1000
55757       13   96453834   96705736    456      16  351827       1.2188      0.11147         0.12   1000
266722      13   96743093   97491816    532       7  351827       2.0252     0.021424        0.023   1000
27199       13   97637973   97646984    155      11  351827   -0.0039508      0.50158        0.489   1000
8428        13   99102455   99229396    179       9  351827      0.84064      0.20028        0.207   1000
2841        13   99906967   99910682     99       3  351827       0.1617      0.43577        0.434   1000
171425      13  100258919  100549388     17       2  351827       1.2249       0.1103        0.114   1000
5095        13  100741269  101182691      3       1  351827      0.17023      0.43241        0.453   1000
87769       13  101182418  101241046     47       3  351827     -0.16089      0.56391        0.543   1000
84899       13  101256090  101327103    106       5  351827     -0.30559      0.62004         0.61   1000
259232      13  101706130  102068813    195       7  351827       2.2471     0.012316        0.015   1000
9358        13  102104944  102373207     18       3  351827       2.1667     0.015129        0.016   1000
2259        13  102373205  103054124    176       9  351827       1.6022     0.054551        0.047   1000
54841       13  103451399  103493888     64       5  351827      -2.6808      0.99633        0.995   1000
1948        13  107142079  107187388     24       2  351827     -0.33711      0.63198        0.635   1000
55082       13  107195662  107220514     42       4  351827      -0.3012      0.61837        0.629   1000
3981        13  108859790  108870716      3       1  351827      -1.4838      0.93106        0.922   1000
23026       13  109248500  109860355      1       1  351827     -0.14295      0.55684         0.54   1000
55739       13  111267807  111292343      9       3  351827      0.52157      0.30098        0.287   1000
79587       13  111293757  111358480    285      15  351827      0.44807      0.32705        0.322   1000
55608       13  111530887  111567454     42       4  351827       1.4593     0.072244        0.072   1000
8874        13  111767624  111958081    158      16  351827     -0.40022       0.6555        0.649   1000
23263       13  113548692  113754053     34       5  351827      -1.4113      0.92092        0.922   1000
2155        13  113760102  113774995     21       2  351827      -2.9916      0.99861        0.997   1000
2159        13  113777113  113803843     18       1  351827      -1.9929      0.97686        0.976   1000
8858        13  113812968  113826698    136       2  351827      0.74678       0.2276        0.204   1000
79774       13  113978505  114018463     55       8  351827      -1.3875      0.91736        0.928   1000
55208       13  114110134  114145024      1       1  351827       1.7103     0.043603        0.041   1000
55002       13  114145308  114204544      6       1  351827       1.5455     0.061116        0.067   1000
2621        13  114523522  114567046      4       1  351827      -0.5307      0.70219        0.728   1000
22821       13  114747194  114898095    284      14  351827       1.0954      0.13667        0.118   1000
8881        13  115000320  115038150    291      16  351827      0.25941      0.39766        0.402   1000
65110       13  115047059  115071292    281      19  351827      0.22645      0.41042        0.449   1000
91875       14   20757290   20774153     37       3  351827       1.6075     0.053968        0.045   1000
57820       14   20779527   20801471    118       6  351827       1.1271      0.12986        0.121   1000
10038       14   20811773   20826063     87       4  351827      0.95973       0.1686        0.171   1000
7011        14   20833826   20882331      7       1  351827     -0.38047       0.6482         0.63   1000
123103      14   20895866   20904354      6       2  351827     -0.38483      0.64982        0.625   1000
55644       14   20915207   20923267     64       8  351827     -0.14728      0.55855        0.564   1000
328         14   20923290   20925931      5       1  351827      0.53083      0.29777        0.299   1000
4860        14   20937538   20946165     52       7  351827       -1.264      0.89688        0.907   1000
6038        14   21152259   21168761     11       2  351827      0.74088      0.22938        0.217   1000
283         14   21152336   21162345      5       2  351827    -0.070112      0.52795        0.536   1000
6039        14   21249210   21250626     36       4  351827    -0.064765      0.52582        0.537   1000
6035        14   21269515   21271036      9       2  351827      -2.2695      0.98838        0.986   1000
6037        14   21359562   21360507     11       2  351827      -1.1769      0.88039        0.871   1000
6036        14   21423630   21424594      2       1  351827     -0.42064      0.66299        0.663   1000
84932       14   21927179   21945132     12       1  351827      0.92833      0.17662        0.178   1000
9878        14   21945335   21967319     69       6  351827      0.33029      0.37059        0.379   1000
1603        14   23033807   23058143     16       1  351827     -0.69456      0.75633        0.752   1000
63874       14   23067147   23081265      3       1  351827      -1.4557      0.92727        0.924   1000
122704      14   23299088   23304246      8       1  351827     -0.70882      0.76078        0.755   1000
161253      14   23352374   23356889      3       1  351827       1.7459      0.04041        0.041   1000
55147       14   23369854   23388396    117       5  351827        1.838     0.033029        0.039   1000
54930       14   23415437   23426352    182      11  351827       1.6935     0.045183        0.045   1000
5693        14   23485752   23504429      3       1  351827       1.9163     0.027661        0.018   1000
64403       14   23516270   23526747      1       1  351827      0.25764      0.39834        0.401   1000
22985       14   23527773   23564823      1       1  351827     -0.19204      0.57614        0.604   1000
57594       14   23742844   23762862      1       1  351827      0.72194      0.23517        0.226   1000
90673       14   23764861   23772071      1       1  351827      0.35976      0.35951        0.375   1000
51310       14   23815520   23822380     21       3  351827       0.4285      0.33414        0.326   1000
10901       14   24422944   24438488    134       2  351827        1.471     0.070646        0.077   1000
317749      14   24439083   24475617    231       9  351827       1.2891     0.098679        0.101   1000
728635      14   24476218   24520586    134       2  351827        1.471     0.070646        0.077   1000
90668       14   24521206   24538937      3       1  351827     -0.31178       0.6224         0.64   1000
5106        14   24563347   24573339     12       2  351827        1.444     0.074375        0.066   1000
5720        14   24605295   24608176      5       1  351827     -0.77781      0.78166        0.791   1000
51016       14   24608081   24610837     41       4  351827      0.42007      0.33722        0.353   1000
10379       14   24630422   24635774      3       1  351827      -1.2432      0.89311          0.9   1000
29082       14   24678787   24683036      3       2  351827     -0.94577      0.82787        0.835   1000
26277       14   24703454   24712233      3       1  351827     -0.56404      0.71364        0.719   1000
5875        14   24734744   24740833      9       2  351827       0.4284      0.33418         0.34   1000
115817      14   24759804   24769039    139      15  351827      0.53077      0.29779        0.301   1000
56413       14   24779357   24781259      2       1  351827     -0.78638      0.78418        0.775   1000
1241        14   24780705   24787242    126      11  351827      0.20803       0.4176          0.4   1000
196883      14   24787555   24804277    137      10  351827      0.17901      0.42896        0.399   1000
11035       14   24805227   24809242     99       7  351827     -0.47162       0.6814        0.678   1000
4776        14   24834885   24848810     13       1  351827       0.9216      0.17837        0.142   1000
57523       14   24867992   24888494      2       1  351827      -0.8627      0.80585        0.806   1000
643866      14   24895738   24898731    104      15  351827      0.83619      0.20152        0.183   1000
23351       14   24898882   24910548     32       5  351827      0.52989      0.29809        0.268   1000
56948       14   24908972   24912042    157       6  351827      -0.9896      0.83881         0.86   1000
29091       14   25278860   25519095      1       1  351827      0.78711      0.21561        0.235   1000
4857        14   26915089   27067239     29       1  351827      0.83397      0.20215        0.203   1000
5587        14   30045685   30396899      3       1  351827       1.3366     0.090678        0.093   1000
23256       14   31091460   31205034    153       4  351827      0.47197      0.31847        0.346   1000
1690        14   31343741   31364285     29       3  351827      0.38621      0.34967        0.342   1000
29966       14   31362985   31495607    100       4  351827      0.03541      0.48588        0.471   1000
11154       14   31494312   31565656    120       8  351827       1.3626     0.086503        0.089   1000
25938       14   31760994   31889788     15       3  351827       1.1188      0.13162        0.117   1000
112487      14   31915242   31926680    190      17  351827      0.65043      0.25771        0.286   1000
80224       14   32030591   32330430      2       1  351827     -0.20072      0.57954        0.571   1000
64067       14   33404115   34273382      5       1  351827      -1.9531       0.9746        0.982   1000
112399      14   34393421   34420284      2       1  351827     -0.22912      0.59061        0.609   1000
171546      14   34902144   34931468    198       9  351827      -2.3821      0.99139        0.989   1000
1073        14   35179588   35184029     50       4  351827      0.29407      0.38435        0.387   1000
6729        14   35451901   35498773    107       6  351827      0.49677      0.30968        0.291   1000
283635      14   35514113   35552589    197      10  351827     -0.63031      0.73576        0.723   1000
55012       14   35554678   35591868    377      19  351827      -1.1326       0.8713         0.89   1000
9692        14   35591527   35743284    440      15  351827      0.81434      0.20773        0.184   1000
253959      14   36007558   36278432    297      10  351827      0.20693      0.41803        0.389   1000
51562       14   36767764   36789882     29       1  351827     -0.87396      0.80893         0.84   1000
89874       14   37147126   37641865    211       3  351827     -0.34045      0.63324        0.627   1000
145282      14   37667118   38020464    205       3  351827     -0.53473      0.70358        0.716   1000
8487        14   39583488   39606177     31       2  351827       1.1273       0.1298        0.119   1000
122553      14   39617015   39639634    188      16  351827      0.86772      0.19277        0.201   1000
4253        14   39734476   39820397      7       3  351827      0.18274       0.4275        0.443   1000
145581      14   42076764   42373752     10       2  351827       0.9351      0.17487        0.164   1000
55015       14   45553302   45584804     13       1  351827      0.21709      0.41407         0.44   1000
57697       14   45605136   45670093      3       1  351827       1.1445       0.1262        0.116   1000
55320       14   45672393   45722714    109       6  351827     -0.70184      0.75861        0.765   1000
122769      14   50065383   50081390    351      12  351827      0.73772      0.23034        0.239   1000
6166        14   50085406   50087403    236      18  351827      -1.3037      0.90383        0.906   1000
79609       14   50572967   50583626     95       4  351827       1.7217     0.042562        0.046   1000
6655        14   50583846   50698596     18       2  351827     -0.85742      0.80439        0.792   1000
27109       14   50778256   50802359    219       8  351827       1.8482     0.032285        0.032   1000
11183       14   50885211   50999376      9       2  351827     -0.75775       0.7757        0.774   1000
51199       14   51186481   51297839      8       1  351827       1.4421     0.074642        0.063   1000
5836        14   51371935   51411248     27       2  351827      -1.9043      0.97157        0.971   1000
114088      14   51441979   51562422      4       2  351827       1.6542     0.049043        0.051   1000
81542       14   51706886   51724373    331      16  351827      0.91794      0.17933        0.167   1000
54331       14   52327022   52436518      4       2  351827       2.5367     0.005595       0.0048   5000
51637       14   52456228   52471420     17       1  351827     -0.47602      0.68297        0.686   1000
22795       14   52471520   52535949     39       2  351827      -1.9256      0.97293        0.984   1000
5729        14   52734310   52743808     18       3  351827      0.48705      0.31311        0.328   1000
57544       14   52897308   53019301    189      10  351827      0.16134      0.43591        0.424   1000
6815        14   53196883   53241707    182      10  351827      -1.2668      0.89738        0.878   1000
80821       14   53503458   53620046    112       2  351827       1.2803      0.10022        0.099   1000
10175       14   54890279   54908322    149       7  351827       1.3877     0.082612        0.077   1000
2764        14   54941202   54955785    150       7  351827       1.3437     0.089524        0.081   1000
2643        14   55308723   55369603     49       2  351827      0.85232      0.19702        0.215   1000
3958        14   55595935   55612148     10       2  351827      0.80475      0.21048        0.216   1000
22863       14   55833109   55878576     45       3  351827      0.92008      0.17877        0.178   1000
3895        14   56046925   56151302      6       1  351827       1.6027     0.054499        0.057   1000
57161       14   56585039   56768241      8       1  351827       1.3152     0.094215        0.082   1000
54916       14   57046509   57116233     40       4  351827      -0.8679      0.80727         0.78   1000
55745       14   57735606   57756797     21       2  351827      0.62257      0.26679        0.269   1000
145407      14   58470808   58618847     89       5  351827    -0.074179      0.52957        0.533   1000
55860       14   58666833   58702354     12       3  351827        2.825    0.0023642       0.0026   5000
23002       14   59655329   59838123     85       3  351827       1.4944     0.067532        0.067   1000
112849      14   59925698   59951281    761      18  351827       1.9703     0.024401        0.027   1000
64582       14   59930240   59932059    100       6  351827       1.7524      0.03985        0.052   1000
51528       14   59951161   59972081    277      10  351827       1.4776     0.069752        0.084   1000
6252        14   60062694   60337557    277       6  351827      0.44468      0.32827        0.328   1000
51635       14   60611496   60633034    287       2  351827     -0.79719      0.78733        0.787   1000
5494        14   60712470   60765805     31       3  351827       1.3318     0.091462        0.091   1000
51804       14   61176256   61191039      3       1  351827   -0.0070541      0.50281         0.52   1000
145389      14   61447832   61550451     20       2  351827     -0.58325      0.72014        0.712   1000
161291      14   61744088   61748530      4       1  351827     -0.09151      0.53646         0.54   1000
6617        14   62229075   62263146      3       1  351827     -0.33891      0.63266         0.66   1000
5529        14   63839838   64010095    101       3  351827      0.27757      0.39067        0.383   1000
2100        14   64693751   64805268      6       1  351827       1.0446       0.1481        0.132   1000
4522        14   64854754   64926725    175       8  351827      0.54603      0.29252        0.286   1000
7597        14   64916285   64970656     24       1  351827     -0.75894      0.77606        0.776   1000
22890       14   64971292   65000408     57       4  351827     -0.33449        0.631        0.637   1000
3306        14   65007186   65009955     14       3  351827      -1.1043      0.86527        0.873   1000
145376      14   65016620   65056099     19       1  351827     -0.31495       0.6236         0.62   1000
91612       14   65381079   65410635    435      22  351827       1.1128      0.13291        0.109   1000
376267      14   65412532   65439016    317      14  351827      0.99605      0.15961        0.096   1000
10243       14   66974125   67648525     99       3  351827      0.82493      0.20471         0.19   1000
161142      14   67656110   67695493     71       2  351827      0.92763       0.1768        0.165   1000
64398       14   67708012   67802778    141       3  351827      0.61036      0.27081        0.281   1000
51382       14   67804581   67826720   1094       7  351827       1.0196      0.15395        0.158   1000
1965        14   67827034   67853233     37       3  351827       0.9054      0.18263        0.181   1000
26499       14   67853700   67878828   2072      15  351827       1.1948      0.11609        0.131   1000
57475       14   67999916   68056255     62       7  351827      0.21254      0.41584        0.398   1000
5283        14   68048225   68067017      7       3  351827      0.71914      0.23603         0.24   1000
51109       14   68143517   68162510      5       1  351827     -0.67723      0.75087         0.73   1000
57452       14   69726681   69821190      6       1  351827      -1.4276       0.9233         0.93   1000
55334       14   69865096   69929107     16       2  351827       -2.346      0.99051        0.991   1000
400224      14   69951471   69995215    103       5  351827     -0.16322      0.56483        0.558   1000
9766        14   70078310   70181861     89       4  351827      0.37014      0.35564        0.388   1000
6547        14   70510934   70655787     32       2  351827     -0.42615        0.665        0.664   1000
51241       14   70791798   70826448    349      17  351827      -1.0505      0.85324        0.862   1000
8747        14   70918874   70926622     13       1  351827     -0.83847      0.79912        0.814   1000
23508       14   71108504   71142077     23       2  351827     0.047363      0.48111        0.462   1000
4293        14   71189243   71275912     34       2  351827     -0.92189      0.82171        0.839   1000
22990       14   71374122   71582099    241       6  351827     -0.29034      0.61422        0.635   1000
26094       14   73393040   73428825    480      33  351827      -1.2817      0.90002        0.906   1000
5663        14   73603143   73690399    250      10  351827     -0.06418      0.52559        0.533   1000
399671      14   73945189   74025651     10       2  351827      0.29131      0.38541          0.4   1000
79697       14   73957644   73960105      3       1  351827      -0.7077      0.76043        0.771   1000
641371      14   74003862   74010503    460      30  351827      -1.0548      0.85424        0.858   1000
10965       14   74034324   74042362    173      21  351827     -0.51792      0.69774        0.696   1000
122970      14   74058410   74062470     76       7  351827      -2.1714      0.98505        0.982   1000
83544       14   74111578   74170431     90       3  351827      0.87479      0.19085        0.195   1000
145482      14   74318534   74352168    612      14  351827      0.12803      0.44906        0.428   1000
145483      14   74399695   74417117     35       3  351827      0.89955      0.18418        0.185   1000
51004       14   74416637   74429815    194       7  351827     -0.50416      0.69292        0.701   1000
957         14   74426169   74486026    212       9  351827     -0.15955      0.56338        0.555   1000
80127       14   74486054   74532795    161       2  351827       1.1517      0.12472        0.132   1000
4329        14   74524365   74551196     82       2  351827       1.3875     0.082638        0.085   1000
91750       14   74551656   74667117    514      11  351827     -0.45366      0.67496        0.669   1000
5826        14   74751980   74769767      1       1  351827      0.57326      0.28324        0.282   1000
646658      14   74872596   74892805     12       2  351827        1.156      0.12385        0.117   1000
10577       14   74942900   74960084     15       3  351827      0.84867      0.19803        0.195   1000
283571      14   75319736   75330562     18       2  351827       1.3855     0.082951        0.082   1000
83694       14   75370657   75389985    506      11  351827       1.4993     0.066899        0.067   1000
8892        14   75469612   75476294    431       9  351827       1.5674      0.05851         0.06   1000
91754       14   75548818   75593778     36       1  351827       1.1832      0.11837        0.113   1000
10538       14   75988784   76013335      4       1  351827     -0.53844      0.70486        0.711   1000
55640       14   76044940   76114512     15       3  351827       1.0787      0.14037        0.137   1000
23093       14   76127551   76421425    249      10  351827      0.17952      0.42876        0.394   1000
112752      14   76452096   76550416     16       2  351827     -0.11137      0.54434         0.54   1000
55668       14   76618255   76671239     83       2  351827      0.16479      0.43455        0.427   1000
2103        14   76837690   76968182    144       9  351827      0.58409      0.27958        0.293   1000
22846       14   77228235   77249363    111      12  351827       -1.166       0.8782         0.88   1000
57156       14   77648102   77725838     59       6  351827      -1.9372      0.97364        0.971   1000
29954       14   77741299   77787225     62       5  351827      0.18615      0.42616        0.404   1000
2954        14   77787230   77797940    264      13  351827      -1.1009      0.86452        0.889   1000
283578      14   77805102   77843396    169       9  351827     -0.72204      0.76487        0.776   1000
122945      14   77859827   77890225    148       6  351827      -1.5327      0.93732        0.943   1000
63894       14   77893018   77923983    105       3  351827      -1.1106      0.86663        0.868   1000
10598       14   77924373   77935815    121       4  351827       -1.081      0.86015        0.867   1000
9517        14   77972340   78083110      2       1  351827       1.2131      0.11255        0.136   1000
57143       14   78266426   78400297     36       3  351827       0.0278      0.48891        0.483   1000
145508      14   80962821   81408105      1       1  351827      0.72678      0.23368        0.238   1000
7253        14   81421333   81612646     92       7  351827      -1.3584      0.91282        0.931   1000
85439       14   81726994   81902789      5       1  351827     -0.62077      0.73262        0.717   1000
2581        14   88304164   88460009    393       9  351827      0.47331        0.318        0.297   1000
55812       14   88851982   88904804    306       8  351827      0.31881      0.37494        0.368   1000
11099       14   88932122   89021123    205       3  351827     -0.57833      0.71848        0.725   1000
79882       14   89029253   89079853     30       2  351827        1.566     0.058676        0.064   1000
1112        14   89622516   90085506      4       1  351827        2.928    0.0017055       0.0017  10000
90141       14   90261499   90421148     87       2  351827       0.5495      0.29133        0.292   1000
55775       14   90421944   90511108     49       3  351827       1.3858     0.082907        0.073   1000
801         14   90863327   90874619      8       2  351827      -1.0409      0.85105        0.845   1000
145567      14   91006932   91282823    116       3  351827      0.35665      0.36068        0.347   1000
440193      14   91737667   91884188      7       1  351827      0.28679      0.38714        0.378   1000
79820       14   92046728   92198413     98       6  351827     -0.49578      0.68997        0.707   1000
123036      14   92246266   92333880    130      11  351827     -0.25142      0.59925        0.616   1000
9321        14   92434243   92506484    189       2  351827       1.4703     0.070735        0.067   1000
4287        14   92524896   92572965     83       2  351827       1.5291      0.06312        0.061   1000
4707        14   92582467   92588153     96       4  351827       1.0302      0.15147        0.141   1000
53981       14   92588298   92630543    214      14  351827       1.1891      0.11721        0.105   1000
123041      14   92788925   92967825     63       4  351827       0.5095       0.3052        0.269   1000
79890       14   92980125   93155339      1       1  351827       1.4713     0.070612        0.065   1000
5641        14   93170152   93215047     16       3  351827     -0.16252      0.56455        0.549   1000
9950        14   93260576   93306308    100       4  351827      0.15583      0.43808        0.467   1000
84520       14   93669237   93673459      5       1  351827       1.0498      0.14691        0.158   1000
57578       14   93799565   94174222      3       1  351827      0.16313      0.43521         0.39   1000
145270      14   94184644   94254766      9       2  351827     -0.92209      0.82176        0.807   1000
57062       14   94517268   94547558      1       1  351827       0.2382      0.40586        0.382   1000
122509      14   94547639   94569060    138      13  351827      0.41377      0.33952         0.35   1000
83982       14   94594118   94595957     95       7  351827       0.3094      0.37851        0.379   1000
57718       14   94640649   94746092      8       1  351827     -0.78494      0.78376        0.789   1000
5104        14   95047706   95059457      1       1  351827      0.78594      0.21595        0.182   1000
12          14   95078639   95090395     61       3  351827      0.42056      0.33704        0.372   1000
145258      14   95234560   95236499      1       1  351827      0.12814      0.44902        0.461   1000
51218       14   96001323   96011055     99      10  351827     -0.25281      0.59979        0.607   1000
51527       14   96829789   96853627    172      12  351827      0.18687      0.42588        0.417   1000
122481      14   96858448   96955764     29       1  351827     -0.04504      0.51796        0.532   1000
84439       14  100111480  100143011     67       5  351827       -2.013      0.97794        0.979   1000
51466       14  100485719  100610573    154      10  351827      -0.5893      0.72217        0.741   1000
123096      14  100745514  100772884     12       3  351827      0.64025        0.261        0.239   1000
7453        14  100800125  100842680     99       3  351827     -0.71933      0.76403        0.719   1000
79446       14  100842755  100996640    181      10  351827      -1.2098      0.88682         0.86   1000
57596       14  101003484  101036131    157      13  351827      0.28348      0.38841        0.401   1000
5891        14  102690834  102771537    116       5  351827       3.0321    0.0012142       0.0011  10000
9895        14  102829300  102968818     62       1  351827      0.63909      0.26138        0.266   1000
122416      14  102973179  102976128     67       6  351827      0.30132      0.38158        0.399   1000
91828       14  103561044  103576896      4       2  351827      0.92242      0.17816        0.169   1000
115708      14  103995509  104003410    168       7  351827     -0.90866      0.81823        0.828   1000
3831        14  104095525  104167888     73       3  351827     -0.44335      0.67124        0.665   1000
7517        14  104163945  104181823    340       9  351827       1.4442     0.074337        0.068   1000
79038       14  104182081  104200005      7       2  351827       1.5512     0.060429        0.056   1000
23368       14  104200088  104315116     31       1  351827       1.7293     0.041874        0.049   1000
9556        14  104378625  104387903    222       4  351827     -0.10298      0.54101        0.525   1000
122402      14  104394776  104519004     75       5  351827     -0.29378      0.61554        0.642   1000
374569      14  104552019  104579100     52       8  351827      0.66338      0.25354        0.295   1000
122622      14  105190534  105213662     52       3  351827      -1.2737      0.89861        0.912   1000
10572       14  105219470  105225996     50       3  351827      -1.4985        0.933        0.947   1000
207         14  105235686  105262080     13       2  351827     -0.88759      0.81262         0.83   1000
100128927   14  105266933  105271049      6       1  351827     -0.26076      0.60286        0.622   1000
283638      14  105331650  105363107     44       2  351827     -0.46671      0.67965        0.696   1000
122616      14  105452125  105466056    234      13  351827      -1.9701      0.97558        0.966   1000
29933       14  105515726  105531887    123       5  351827     -0.64272       0.7398         0.74   1000
256281      14  105639274  105647660     86       6  351827      0.03795      0.48486        0.516   1000
90135       14  105714879  105717430    142       5  351827     -0.41032      0.65921        0.657   1000
647310      14  105864920  105880196      1       1  351827      -0.3704      0.64446        0.653   1000
283643      14  105956192  105965585     26       1  351827     -0.31145      0.62227        0.655   1000
123606      15   23043279   23086843     62       5  351827       1.1663      0.12174        0.141   1000
4692        15   23930554   23932450     10       1  351827     -0.86831      0.80739        0.815   1000
57194       15   25923859   26110304      7       1  351827      0.55602       0.2891        0.264   1000
2562        15   26788693   27018935    110       9  351827     -0.52073      0.69872        0.675   1000
8924        15   28356183   28567313      5       1  351827       1.1073      0.13408         0.13   1000
653720      15   28943917   28964922      3       1  351827     0.002373      0.49905        0.527   1000
321         15   29211570   29410518      6       1  351827      0.30425      0.38047        0.391   1000
89832       15   30652769   30685864     24       7  351827       1.7586     0.039326        0.037   1000
728498      15   30895562   30909952      8       2  351827       1.4716     0.070563        0.073   1000
54893       15   31220854   31283807     55       4  351827      0.33446      0.36901        0.367   1000
1139        15   32322686   32462384     42       3  351827       2.3274    0.0099728       0.0106   5000
6447        15   32933757   32989299      1       1  351827     -0.11008      0.54383        0.544   1000
6263        15   33603177   34158304     40       1  351827     -0.64346      0.74004        0.777   1000
57099       15   34158428   34331303    134       5  351827     -0.67266      0.74942        0.757   1000
79768       15   34432875   34502297     98       3  351827      -0.6787      0.75133        0.729   1000
51234       15   34517214   34522357     81       5  351827      -1.2848      0.90057        0.904   1000
9990        15   34522197   34630265     38       1  351827     0.014045       0.4944        0.513   1000
55505       15   34633917   34635362    110       4  351827     -0.80839      0.79057        0.806   1000
23015       15   34671269   34729667     37       5  351827      -2.9417      0.99837        0.997   1000
440270      15   34817296   34875836     75       7  351827      -1.0805      0.86003        0.846   1000
89978       15   35657670   35838597     38       1  351827       1.8867     0.029601        0.039   1000
84529       15   36871812   37102449     38       3  351827      0.25995      0.39745        0.402   1000
7057        15   39873280   39889668      1       1  351827     -0.32817      0.62861        0.611   1000
11245       15   40091223   40213093      9       2  351827     -0.23651      0.59348        0.596   1000
440275      15   40226331   40327797     96      11  351827      -1.4335      0.92414        0.919   1000
6727        15   40327891   40331389    182      16  351827     -0.56227      0.71303         0.69   1000
56924       15   40509629   40569688     10       2  351827     -0.47672      0.68322        0.683   1000
5330        15   40576461   40600174      5       1  351827       1.1482      0.12543        0.135   1000
100505573   15   40615733   40618916     39       8  351827      0.72678      0.23368        0.218   1000
388115      15   40623653   40633168      3       1  351827     -0.66984      0.74852        0.742   1000
85455       15   40650434   40663256    142      14  351827       1.7005     0.044519        0.049   1000
90417       15   40674922   40686489    249      20  351827       2.6105    0.0045211       0.0044   5000
3712        15   40697686   40728146    198      18  351827       1.5196     0.064311        0.054   1000
22893       15   40733411   40760441      6       1  351827       1.2139       0.1124        0.118   1000
90416       15   40824083   40857252    620      17  351827       0.9639      0.16755         0.18   1000
5888        15   40987327   41024356     37       1  351827      0.37914      0.35229        0.382   1000
84936       15   41099274   41106767    369       9  351827       1.0939      0.13701        0.129   1000
171177      15   41164412   41166487      3       1  351827       -2.285      0.98884        0.986   1000
11339       15   41601466   41624819     81       2  351827     0.066863      0.47335        0.473   1000
51203       15   41624892   41673248    154       4  351827     0.003465      0.49862        0.501   1000
51103       15   41679547   41694658     47       7  351827       1.1975      0.11555        0.115   1000
4058        15   41795840   41806085     41       2  351827      0.58719      0.27854        0.273   1000
26015       15   41809374   41836464    443      16  351827      0.29445      0.38421        0.387   1000
23005       15   42066632   42120053     40       4  351827     -0.73339      0.76834        0.759   1000
100137047   15   42120283   42129785    287      10  351827      0.89012       0.1867        0.178   1000
100137049   15   42131011   42140346    397      15  351827      0.77924      0.21792         0.22   1000
51332       15   42140344   42186275    373      17  351827        1.179       0.1192        0.117   1000
30844       15   42191638   42264755     37       2  351827      -3.5174      0.99978        0.999   1000
825         15   42646545   42704515    352      11  351827      0.87186      0.19164        0.199   1000
8773        15   42783442   42825259      4       2  351827      0.65992      0.25465        0.252   1000
255252      15   42834720   42841002    322       5  351827       1.2999     0.096823        0.121   1000
146057      15   43030928   43213037     67       3  351827      -1.6698      0.95252        0.957   1000
23582       15   43477466   43489375    146       5  351827        1.063      0.14388        0.132   1000
9836        15   43619974   43622820    189       3  351827      0.81701      0.20696        0.217   1000
161823      15   43622872   43646096    870      15  351827      0.17694      0.42978        0.377   1000
146050      15   43650370   43663226    427      10  351827     -0.39057      0.65194        0.641   1000
7158        15   43695262   43802707    735      12  351827      0.26349      0.39608        0.378   1000
4130        15   43803165   43823818    355       5  351827      0.83976      0.20052        0.205   1000
9677        15   43825660   43882451      2       1  351827     -0.45476      0.67536        0.669   1000
161497      15   43891685   44002286    282       7  351827     -0.89072      0.81346        0.837   1000
117155      15   43922772   43941039    198       6  351827       1.1217      0.13099        0.133   1000
548596      15   43985084   43991420     25       3  351827       1.1132      0.13282        0.116   1000
10169       15   44069294   44088287     81       3  351827     -0.91826      0.82076        0.811   1000
25764       15   44092619   44094787     18       3  351827      0.59031      0.27749         0.27   1000
4236        15   44096733   44116951      8       1  351827      0.85311       0.1968        0.181   1000
51496       15   44719579   44819455      2       1  351827     -0.92402      0.82226        0.813   1000
197135      15   44957930   44970894     23       2  351827     -0.12589      0.55009        0.543   1000
140691      15   45028314   45060027    154       9  351827      0.42775      0.33442         0.34   1000
6652        15   45315302   45367287     27       5  351827     -0.34108      0.63348        0.652   1000
90527       15   45409564   45422075    124       1  351827       -1.331       0.9084        0.923   1000
53905       15   45422192   45457776    129       2  351827      -1.1277      0.87028        0.886   1000
2628        15   45653322   45670980      6       2  351827     -0.25766      0.60167        0.591   1000
79029       15   45694514   45713617    442      13  351827      -1.8354      0.96678         0.96   1000
84419       15   45722727   45725647      1       1  351827      -1.5357       0.9377        0.932   1000
7782        15   45774676   45815005      2       1  351827      0.78754      0.21548        0.231   1000
58472       15   45923346   45983492     56       6  351827      -1.5624      0.94091        0.932   1000
2200        15   48700503   48937985      1       1  351827       1.2947     0.097707        0.098   1000
22995       15   49030135   49104092     31       1  351827      0.86879      0.19248        0.192   1000
196951      15   49618822   49913128     34       1  351827     -0.80461      0.78948        0.763   1000
56986       15   49913226   49937333    116       1  351827      -0.8629       0.8059        0.782   1000
11001       15   50474393   50528589     53       4  351827      -1.0059      0.84277        0.836   1000
2553        15   50569389   50647605    149       5  351827      -1.1135      0.86725        0.868   1000
9101        15   50716579   50793280      1       1  351827      -2.7615      0.99712        0.994   1000
84888       15   50999730   51057910    546      13  351827        1.892     0.029248        0.045   1000
342035      15   51633713   51700210    107      10  351827      -1.2692      0.89781        0.904   1000
23312       15   51739921   51915030      1       1  351827     0.098315      0.46084        0.443   1000
29767       15   52043758   52108560    348       3  351827      0.62629      0.26556        0.269   1000
10681       15   52413123   52483565    129       9  351827      -1.9431        0.974        0.976   1000
4644        15   52599480   52821247    340       6  351827        3.133   0.00086516       0.0013  10000
10776       15   52839384   52861436    450       6  351827       3.0189    0.0012683       0.0014  10000
56204       15   52873518   52971569     41       2  351827       1.2461      0.10637        0.116   1000
51187       15   55473512   55489231    201       9  351827      0.20581      0.41847        0.405   1000
9488        15   55611133   55647906    513      24  351827      -1.2559      0.89542        0.887   1000
9236        15   55647421   55700708    151       2  351827     -0.67842      0.75125        0.771   1000
145788      15   55700723   55710910    159       3  351827     -0.95366      0.82987         0.85   1000
161582      15   55709953   55800432     28       3  351827     -0.55338         0.71        0.723   1000
283659      15   55903738   56035847     65       5  351827      -1.5125      0.93479        0.933   1000
4734        15   56119120   56285835    195      16  351827      -1.7175      0.95706        0.961   1000
64864       15   56379479   56535728    321       7  351827      0.93624      0.17458        0.186   1000
374618      15   56536207   56739032    164       1  351827      0.24992      0.40132        0.401   1000
55329       15   56720929   56757335      3       1  351827     -0.70137      0.75846        0.776   1000
54816       15   56922374   57026279    335       6  351827      0.66869      0.25185        0.263   1000
84952       15   57668703   57842925     29       2  351827     -0.48297      0.68544        0.682   1000
100820829   15   57884102   57977562     14       2  351827      0.86707      0.19295        0.179   1000
81488       15   57998901   58009753     35       4  351827       1.8814      0.02996        0.023   1000
3990        15   58702953   58861073     19       2  351827     -0.66117      0.74575        0.759   1000
102         15   58887403   59042177    184       4  351827      0.17923      0.42888        0.427   1000
54629       15   59063393   59149754     22       6  351827      0.80936      0.20915        0.227   1000
2958        15   59930261   59949737      1       1  351827     -0.85939      0.80494        0.805   1000
54832       15   62144588   62352664    345       8  351827       0.7444      0.22832         0.24   1000
7168        15   63334838   63364114     89       4  351827      -1.4292      0.92353        0.924   1000
114294      15   63413999   63434260    312      13  351827      -1.1611       0.8772        0.884   1000
83464       15   63569749   63601325      3       1  351827     -0.28236      0.61117        0.622   1000
9960        15   63796710   63886839      1       1  351827      0.40759      0.34179        0.329   1000
283807      15   63889327   63894627      5       1  351827      0.51293        0.304        0.323   1000
8925        15   63900817   64126148    462      16  351827       2.8103    0.0024751        0.002  10000
23604       15   64199235   64363614     19       2  351827      0.43759      0.33084        0.312   1000
6642        15   64386275   64436433    206       2  351827      0.43892      0.33036        0.341   1000
79856       15   64443899   64449680     58       5  351827     -0.12818        0.551        0.539   1000
5479        15   64448014   64455354      2       1  351827      0.39968       0.3447        0.348   1000
53944       15   64457716   64665968    108       5  351827      0.41322      0.33972        0.339   1000
9768        15   64657193   64679914      1       1  351827     -0.16048      0.56375         0.55   1000
9325        15   64680003   64747502    738      10  351827      0.66344      0.25352        0.235   1000
80119       15   65107831   65117867     75       4  351827       1.2063      0.11386        0.114   1000
80301       15   65134082   65160201    146       7  351827        1.066      0.14321         0.14   1000
348094      15   65204095   65251042      7       2  351827       2.4389    0.0073664       0.0084   5000
51324       15   65255363   65282251    136       8  351827       2.2735     0.011498        0.012   1000
390595      15   65385108   65405985     67       5  351827      0.26657       0.3949        0.379   1000
10845       15   65442784   65477563      3       1  351827     -0.69218      0.75559        0.766   1000
57722       15   65673825   65715410     16       2  351827      0.48408      0.31416        0.309   1000
54878       15   65734805   65810040     12       2  351827     -0.45772      0.67642         0.65   1000
51495       15   65822804   65870693    145       5  351827     -0.31783      0.62469        0.604   1000
81556       15   65871095   65903627    211       1  351827      -0.3655      0.64263        0.636   1000
9187        15   65903618   65953334     29       1  351827     -0.38183      0.64871        0.649   1000
115752      15   66585633   66626236    298       7  351827     -0.12267      0.54882        0.528   1000
54962       15   66629008   66679074    355       9  351827     -0.10698       0.5426        0.516   1000
5604        15   66679182   66783882     63       1  351827      0.20721      0.41792        0.407   1000
10302       15   66782666   66790146     86       7  351827       0.9778      0.16409        0.177   1000
4088        15   67358036   67487533    122       2  351827       1.9033     0.028498        0.028   1000
79719       15   67493013   67547536      1       1  351827      -2.6424      0.99588        0.995   1000
64799       15   67547138   67794142    206       6  351827       2.2359     0.012679       0.0114   5000
5607        15   67835021   68099455    254       6  351827       3.7387    9.249e-05       0.0001  10000
390598      15   68112042   68126498    400      11  351827       3.6653   0.00012352       0.0001  10000
8554        15   68346572   68483797    333      14  351827      0.93323      0.17535        0.217   1000
91860       15   68483043   68498448      4       1  351827     -0.63755      0.73812        0.755   1000
54982       15   68499330   68522081      2       1  351827      -1.2595      0.89608        0.887   1000
10391       15   68851614   69020145     22       1  351827       1.3799     0.083813        0.083   1000
246777      15   69222839   69239150      5       2  351827      0.61733      0.26851        0.268   1000
79400       15   69222839   69349501      3       1  351827      0.86297      0.19408        0.195   1000
26035       15   69452921   69564546      3       1  351827       0.1803      0.42846        0.397   1000
54852       15   69591294   69699976     13       4  351827     -0.64468      0.74043        0.743   1000
9493        15   69706585   69740766      3       1  351827       0.1803      0.42846        0.397   1000
55075       15   70946893   71055932     64       1  351827      0.96472      0.16734        0.171   1000
55323       15   71123889   71146498    130       4  351827    0.0063991      0.49745          0.5   1000
4649        15   72114632   72410440      2       1  351827     -0.28807      0.61335        0.607   1000
56965       15   72533522   72564885     14       3  351827      0.29405      0.38436        0.377   1000
60677       15   72577068   72612525      5       1  351827      0.51859      0.30202        0.303   1000
3073        15   72635778   72669474    325       6  351827       -2.486      0.99354        0.997   1000
25820       15   72766667   72878904      5       1  351827    0.0021147      0.49916        0.496   1000
83440       15   73043708   73076126     24       2  351827     -0.48998      0.68793        0.669   1000
388135      15   74027772   74045495     22       2  351827      -0.1256      0.54998        0.596   1000
4016        15   74218789   74244478      2       1  351827     -0.56533      0.71407         0.73   1000
9399        15   74275559   74286963     85       5  351827       2.3934    0.0083466        0.016   1000
57611       15   74420544   74429143     65       3  351827       1.1097      0.13356        0.143   1000
3671        15   74466087   74469212     26       2  351827     -0.60794      0.72839        0.731   1000
1583        15   74630103   74660081     75       6  351827      -1.8208      0.96568        0.968   1000
84993       15   74738318   74753545      4       1  351827     -0.55216      0.70958        0.695   1000
10620       15   74833518   74890472     95       2  351827       0.9901      0.16106        0.155   1000
80153       15   74922899   74988386     45       1  351827       0.1817      0.42791        0.414   1000
1543        15   75011883   75017951    180      12  351827     -0.22312      0.58828        0.579   1000
25989       15   75128459   75135552    367      12  351827      0.12993      0.44831        0.426   1000
10066       15   75137197   75165670      6       2  351827     -0.83574      0.79835        0.792   1000
4351        15   75182377   75190581    215       9  351827     0.041656      0.48339         0.49   1000
54913       15   75247443   75249775    286       9  351827    -0.095555      0.53806        0.541   1000
192683      15   75287876   75313836    173      10  351827     -0.49692      0.69038        0.718   1000
60490       15   75315927   75343067    319      15  351827      0.61248      0.27011        0.269   1000
54939       15   75628352   75634268     28       3  351827     -0.27453      0.60816        0.603   1000
79661       15   75639331   75647592     84       1  351827      0.23166       0.4084        0.389   1000
4123        15   75648133   75661455    570      25  351827     -0.33691      0.63191         0.63   1000
10073       15   75890424   75918719    230       9  351827      0.18516      0.42655        0.414   1000
55272       15   75931426   75941047      3       1  351827       -0.138      0.55488        0.537   1000
257364      15   75941348   75950968      1       1  351827      0.36837       0.3563        0.376   1000
92912       15   76135622   76193388     12       1  351827     -0.36083      0.64089         0.61   1000
26263       15   76196200   76227609    183       1  351827       1.0307      0.15133        0.147   1000
2108        15   76508628   76603810      1       1  351827      0.15694      0.43765        0.427   1000
49855       15   76640526   77197796    730      13  351827      0.79892      0.21217        0.195   1000
5955        15   77223962   77242601     34       2  351827       1.1567       0.1237        0.125   1000
9051        15   77287021   77329673      5       1  351827    -0.014369      0.50573        0.504   1000
79834       15   77400498   77712446    373      11  351827      0.42608      0.33503        0.318   1000
10363       15   77713018   77777945    218       9  351827       1.0965      0.13643        0.142   1000
84894       15   77905369   77988490     31       1  351827      0.39613      0.34601        0.353   1000
23102       15   78287327   78369994    107       7  351827     -0.50741      0.69407         0.66   1000
10518       15   78396948   78423877     55       5  351827     0.028279      0.48872        0.469   1000
55466       15   78556487   78574538     11       2  351827     -0.62283       0.7333        0.741   1000
3658        15   78730518   78793798      9       1  351827      0.41392      0.33947        0.341   1000
5685        15   78832747   78841562    192       8  351827      0.25125      0.40081        0.394   1000
1138        15   78857862   78887611    424      13  351827      0.19551       0.4225        0.437   1000
11173       15   79051545   79103805     73       2  351827      -1.4161      0.92163        0.923   1000
1512        15   79214092   79237436    126      17  351827      0.12693       0.4495        0.467   1000
5923        15   79252289   79383215     55       2  351827       1.0956      0.13663        0.123   1000
23423       15   79603404   79675802      5       2  351827     -0.50036      0.69159         0.68   1000
10588       15   80135889   80189627    375      22  351827    -0.019089      0.50762        0.476   1000
400410      15   80191182   80216096    274      20  351827      0.43903      0.33032        0.309   1000
2184        15   80445233   80478924      8       1  351827      0.79903      0.21214        0.211   1000
9915        15   80696692   80890278      6       1  351827      -1.8525      0.96802        0.975   1000
58489       15   80987635   81047962     10       1  351827      -1.3881      0.91745        0.922   1000
23184       15   81239667   81282235     16       1  351827      0.24766       0.4022        0.399   1000
59274       15   81293295   81296345     57       2  351827      0.21118      0.41637        0.414   1000
3603        15   81474941   81605104     25       1  351827      0.60844      0.27145        0.287   1000
80765       15   81605007   81616524     12       2  351827      0.24034      0.40503        0.382   1000
84206       15   82334119   82338484      1       1  351827       1.1908      0.11687        0.122   1000
79631       15   82422561   82555104     57       3  351827     -0.17916      0.57109        0.571   1000
283726      15   82555152   82577271    143      11  351827      0.46319      0.32161         0.32   1000
647042      15   82632347   82641706    319      16  351827       1.3894     0.082362        0.085   1000
64506       15   83211948   83316762    185       9  351827      0.94143      0.17324        0.173   1000
8120        15   83328033   83378660    626      34  351827       1.2589      0.10403        0.089   1000
123722      15   83426827   83474850      1       1  351827      0.25804      0.39819        0.401   1000
123720      15   83476959   83503613    403      31  351827      0.84219      0.19984        0.205   1000
83640       15   83654955   83659809    125       2  351827       1.1152      0.13239        0.126   1000
123207      15   83657715   83681050    359      15  351827        3.362    0.0003869       0.0006  10000
53339       15   83685175   83736106     55       3  351827       2.5489    0.0054036       0.0054   5000
53346       15   83776301   83806111     44       3  351827      0.56958      0.28448        0.288   1000
100505679   15   84841138   84854921    350      10  351827       2.2413     0.012504        0.015   1000
84942       15   85185607   85197521    395       9  351827       2.2764     0.011411        0.013   1000
4828        15   85198360   85201802    206       6  351827       2.4361    0.0074229         0.01   1000
9640        15   85291818   85349663    134       7  351827       1.7552     0.039609        0.039   1000
57538       15   85359911   85416713      9       1  351827    -0.031316      0.51249        0.514   1000
5151        15   85523744   85682376     25       1  351827       1.2993     0.096916          0.1   1000
100133220   15   85783641   85790430    171      20  351827     -0.67691      0.75077        0.754   1000
64410       15   86302557   86338189      4       1  351827      -0.1887      0.57483        0.568   1000
4916        15   88419948   88800026     17       2  351827     -0.25176      0.59939        0.586   1000
3669        15   89178904   89198881      3       1  351827      0.35019       0.3631        0.341   1000
145864      15   89420519   89438857     24       2  351827    -0.050453      0.52012        0.529   1000
4240        15   89441914   89456685     50       3  351827       1.0982      0.13606        0.136   1000
11057       15   89631381   89745591     26       4  351827     -0.82475      0.79524         0.81   1000
5428        15   89859536   89878026    229       8  351827      0.70397      0.24073        0.228   1000
90381       15   90118818   90171254     78       2  351827      0.35045        0.363        0.373   1000
374654      15   90171201   90198725      1       1  351827     -0.89551      0.81474        0.808   1000
56964       15   90234028   90286869      4       1  351827     -0.30475      0.61972        0.595   1000
290         15   90328126   90358119     46       5  351827      0.80702      0.20983        0.215   1000
10239       15   90373831   90437617    161      10  351827     -0.35414      0.63838        0.658   1000
3418        15   90626283   90645730     61       3  351827      -1.8989      0.97121        0.972   1000
10519       15   90773477   90808991    196      16  351827       -1.188      0.88258        0.901   1000
51335       15   90808895   90815443     70       3  351827      -1.0094      0.84361        0.852   1000
342132      15   90895477   90905884    306       6  351827     -0.17935      0.57117        0.573   1000
8826        15   90931473   91045475    488      14  351827     -0.55837       0.7117        0.741   1000
64784       15   91073118   91188577      2       1  351827      -1.5001      0.93321        0.928   1000
2242        15   91427665   91439006     44       4  351827       4.2532   1.0536e-05       0.0001  10000
55898       15   91473410   91497323     44       2  351827      0.42853      0.33413        0.326   1000
374659      15   91474148   91475792     65       6  351827       0.6064      0.27213        0.271   1000
91433       15   91498106   91506355    163      12  351827      0.99991      0.15868        0.145   1000
26276       15   91541774   91565833      2       1  351827      0.54716      0.29213         0.31   1000
9899        15   91642996   91844539     69       5  351827     -0.86969      0.80777        0.808   1000
28232       15   92396938   92715665      9       2  351827     -0.44842      0.67307        0.663   1000
400451      15   93160678   93199031    288      14  351827      0.27779      0.39059        0.396   1000
145814      15   99511459   99551024      9       1  351827     0.048781      0.48055        0.475   1000
23336       15   99645286   99675800    413      20  351827     -0.68493      0.75331        0.733   1000
64927       15   99676528   99791431     96      10  351827     -0.47464      0.68248        0.657   1000
123355      15   99791567   99930934     15       2  351827      0.18612      0.42618        0.411   1000
145748      15  100267610  100273766    216      17  351827       2.1903     0.014252        0.011   5000
170691      15  100511643  100882183      6       1  351827     -0.96261      0.83213        0.843   1000
55180       15  101109428  101142445    132       7  351827     -0.63668      0.73783        0.734   1000
220         15  101419897  101456831      3       1  351827     -0.62358      0.73355        0.743   1000
5046        15  101844133  102030187     27       2  351827      0.32974       0.3708        0.359   1000
80213       15  102173429  102192594      1       1  351827      -2.4581      0.99302        0.991   1000
123283      15  102193955  102264807     59       3  351827     -0.99429      0.83996        0.866   1000
51728       16      96979     103632     41       2  351827     -0.26046      0.60274        0.609   1000
79622       16     103829     107669    133      13  351827     -0.63823      0.73834        0.747   1000
8131        16     135800     188697     56      10  351827     -0.51406       0.6964         0.71   1000
3050        16     192921     204504      5       1  351827     -0.18891      0.57492        0.596   1000
3042        16     215973     216767      7       1  351827       0.9449      0.17236        0.173   1000
83986       16     284758     318960     32       2  351827     -0.50327      0.69261        0.706   1000
8786        16     318300     325941    106      13  351827     -0.70041      0.75816        0.759   1000
8312        16     337440     405244      1       1  351827     -0.83378       0.7978         0.79   1000
10573       16     417384     420584     12       2  351827      0.15862      0.43698        0.458   1000
58986       16     420776     431950     24       3  351827     -0.85973      0.80503        0.821   1000
4833        16     446752     450754    174      10  351827       -1.442      0.92534        0.914   1000
26063       16     451858     462487    213      15  351827       -1.865      0.96891        0.972   1000
6650        16     577816     604636     39       4  351827     0.055211      0.47799        0.492   1000
9091        16     619968     634136     72       4  351827        2.583    0.0048968       0.0052   5000
57799       16     639357     679273    192       7  351827       1.0724      0.14176        0.143   1000
117166      16     681012     684116    215       8  351827       1.0123      0.15571        0.155   1000
84326       16     684429     686371    235      10  351827      0.98749       0.1617        0.162   1000
197335      16     699363     717833    235      10  351827       1.0108      0.15606        0.156   1000
9028        16     725666     728268    206       7  351827       1.0428      0.14852        0.152   1000
339123      16     731667     734440     65       4  351827       2.4021    0.0081511       0.0072   5000
84219       16     734622     740608    102       5  351827    -0.044581      0.51778        0.499   1000
124093      16     772582     776880     33       4  351827      0.26949      0.39378        0.406   1000
84264       16     776958     779715    236      10  351827      0.96557      0.16713        0.172   1000
64428       16     779753     790997    245      11  351827      0.94744      0.17171        0.176   1000
10232       16     810765     818865      5       1  351827     -0.60881      0.72867        0.708   1000
113000      16     834974     838383     18       2  351827      -0.5897       0.7223        0.724   1000
64788       16     903634    1031318    207       8  351827       1.4665     0.071256        0.074   1000
30812       16    1031808    1036979     38       4  351827       2.4471    0.0072005        0.005   5000
8912        16    1203241    1271772      2       1  351827        1.234      0.10859        0.125   1000
25823       16    1271651    1275254     24       3  351827      -0.7949      0.78666        0.784   1000
64499       16    1278336    1280185     60       7  351827     0.018983      0.49243        0.479   1000
7177        16    1290678    1292555      8       2  351827      0.34967      0.36329        0.372   1000
23430       16    1306273    1308494    144      20  351827      -0.1438      0.55717         0.56   1000
7329        16    1357420    1377019      5       2  351827     -0.34277      0.63411        0.631   1000
8938        16    1383606    1399442     17       3  351827     -0.24585       0.5971         0.61   1000
115939      16    1399241    1401873     19       2  351827      0.74072      0.22943        0.237   1000
84572       16    1401900    1413352     23       2  351827      0.95957      0.16864        0.178   1000
64718       16    1413206    1464750      1       1  351827       0.1976      0.42168        0.417   1000
645811      16    1484389    1494490    327      16  351827     -0.11621      0.54626        0.508   1000
1186        16    1494934    1525085    284      12  351827     -0.31102      0.62211        0.567   1000
9894        16    1543352    1560460    295      11  351827      0.55274      0.29022        0.284   1000
9742        16    1560428    1662109    115       9  351827     -0.18645      0.57395        0.573   1000
90861       16    1728201    1752073     18       6  351827    -0.066477       0.5265         0.56   1000
197342      16    1823223    1826628     72       3  351827      0.55769      0.28853        0.321   1000
10101       16    1832931    1839192      6       1  351827     -0.47637       0.6831        0.711   1000
3483        16    1840414    1844909     12       1  351827      0.85969      0.19498        0.208   1000
3029        16    1859104    1877195    708      12  351827      0.41417      0.33938        0.335   1000
81889       16    1877225    1890208    644      12  351827      0.46333      0.32156         0.31   1000
254528      16    1883984    1922179    419       3  351827      0.63247      0.26354        0.272   1000
64711       16    1961464    1968231    524       6  351827      0.55196      0.29049        0.292   1000
6123        16    1994580    2004679      2       1  351827      -1.3124      0.90531        0.901   1000
4716        16    2009517    2011976      5       2  351827      0.79864      0.21225        0.213   1000
6187        16    2012059    2014827     41       6  351827       2.0058     0.022439        0.022   1000
90850       16    2047653    2059822      1       1  351827       1.0721      0.14185        0.148   1000
5310        16    2138709    2185899     60       6  351827     -0.33039      0.62945         0.63   1000
64223       16    2255178    2259418     82       9  351827     -0.15278      0.56071        0.532   1000
283870      16    2259254    2263541     41       3  351827    0.0050587      0.49798        0.476   1000
283871      16    2261603    2264822      4       1  351827      -1.5301        0.937        0.936   1000
1632        16    2289873    2302296     25       3  351827      -1.0786      0.85963        0.873   1000
10921       16    2303100    2318413     19       2  351827     -0.19001      0.57535        0.572   1000
21          16    2325879    2390747      4       2  351827       -0.158      0.56277        0.526   1000
10942       16    2867164    2871723      7       1  351827     -0.33641      0.63172        0.638   1000
114984      16    2932924    2949383     65       5  351827      0.85803      0.19544        0.186   1000
84256       16    2961943    3001209    224      21  351827        0.685      0.24667        0.245   1000
9080        16    3062457    3064506     29       3  351827       1.0157      0.15489        0.142   1000
146439      16    3077683    3086950      1       1  351827      0.29021      0.38583        0.377   1000
64386       16    3096682    3110727     44       5  351827     0.067922      0.47292        0.478   1000
9235        16    3115313    3119668     56       6  351827      -1.3193      0.90647        0.913   1000
7760        16    3185057    3192805    156       7  351827      0.66261      0.25379        0.247   1000
7752        16    3272325    3286221    106       9  351827       -1.208      0.88648        0.879   1000
10127       16    3333380    3351401     45       2  351827      0.05784      0.47694        0.497   1000
91151       16    3348808    3355439     50       3  351827      0.17175      0.43182        0.441   1000
4993        16    3405889    3406924      4       1  351827       1.0216      0.15349        0.156   1000
100463285   16    3421053    3422283      8       1  351827      0.68803      0.24572        0.214   1000
146434      16    3486110    3493490    115       5  351827     0.017369      0.49307        0.508   1000
79903       16    3493611    3536963     83       7  351827     0.013809      0.49449        0.481   1000
23059       16    3550945    3589048    184      24  351827      -1.1076      0.86597        0.861   1000
197358      16    3589033    3627392    246       6  351827     -0.82264      0.79464        0.794   1000
10131       16    3708038    3767598    128      20  351827       0.1946      0.42285        0.426   1000
115         16    4012650    4166186     19       2  351827      -1.4198      0.92217        0.919   1000
51025       16    4390252    4401373     50       5  351827    -0.086566      0.53449        0.544   1000
57407       16    4511690    4524896    274       9  351827      0.11257      0.45519        0.411   1000
3163        16    4524719    4560348    170       4  351827     0.074168      0.47044        0.486   1000
29965       16    4560676    4588816    182       4  351827       0.1133       0.4549        0.464   1000
342346      16    4606330    4650435     49       3  351827     -0.17992      0.57139        0.578   1000
23295       16    4674825    4740975    314      18  351827    -0.053096      0.52117        0.521   1000
84309       16    4743526    4745860    119       8  351827     -0.74472      0.77178        0.776   1000
26048       16    4800815    4817219    343      16  351827     0.034698      0.48616         0.52   1000
79641       16    4846963    4852951     39       4  351827     -0.29189      0.61482        0.611   1000
51172       16    5074845    5083942     70      10  351827       1.2735      0.10142        0.105   1000
56052       16    5121810    5137380     17       1  351827       1.0667      0.14305        0.135   1000
196483      16    5134301    5147789      1       1  351827      -1.1091       0.8663        0.853   1000
79091       16    8715497    8740079     53       2  351827      0.26766      0.39448        0.392   1000
18          16    8768444    8878432     47       4  351827      -0.9284       0.8234        0.818   1000
25880       16    8889037    8891505      4       2  351827      0.74863      0.22704        0.235   1000
23589       16    8946799    8962869    180      12  351827      0.36658      0.35697        0.363   1000
80063       16   10479912   10577495     53       2  351827      0.27237      0.39267         0.41   1000
2013        16   10622279   10674539     54       6  351827       1.2558       0.1046        0.118   1000
146279      16   10721358   10788802      8       1  351827     -0.93257      0.82448        0.818   1000
780776      16   10855221   10912651     32       3  351827      -2.1966      0.98597        0.987   1000
4261        16   10971055   11018840      6       1  351827     -0.87739      0.80986        0.818   1000
8651        16   11348274   11350039     18       2  351827      0.98058       0.1634        0.173   1000
116028      16   11439311   11445617    309      19  351827      0.46759      0.32004        0.311   1000
400499      16   11536047   11585611     25       3  351827    -0.092183      0.53672        0.527   1000
9516        16   11641578   11681322     58       3  351827        1.808     0.035302        0.037   1000
8303        16   11762289   11773015    134       8  351827      0.85044      0.19754          0.2   1000
26156       16   11928053   11945442     68       2  351827       0.5924      0.27679        0.284   1000
2935        16   11961985   12010519      7       1  351827      -1.1886      0.88271        0.879   1000
92017       16   12070602   12668146    120       4  351827      0.49795      0.30926        0.314   1000
55313       16   12753656   12897744     68       3  351827      0.79232      0.21409        0.221   1000
5073        16   14529557   14724128     94       2  351827        1.427     0.076793        0.072   1000
51283       16   14726668   14763093      8       1  351827       1.1103      0.13344        0.133   1000
23420       16   14927643   14990014      1       1  351827      -1.4266      0.92315        0.907   1000
23042       16   15068448   15131552     24       7  351827      -1.2969      0.90266        0.903   1000
123803      16   15131710   15149936     33       3  351827       1.5402     0.061758        0.055   1000
54700       16   15153879   15188168     25       6  351827      0.19706      0.42189        0.367   1000
255027      16   15489611   15503543    105      12  351827      -1.1207       0.8688        0.855   1000
9665        16   15688226   15737023      2       1  351827     -0.82014      0.79393        0.797   1000
54820       16   15737124   15820210     85       4  351827      -2.3529      0.99069        0.994   1000
123811      16   15959576   15982510     46       4  351827     -0.84365      0.80057        0.819   1000
408050      16   16326389   16388668     77      10  351827      -1.4546      0.92711        0.926   1000
64131       16   17196181   17564738     11       2  351827      0.44163      0.32938        0.315   1000
23204       16   18802991   18812894    125       4  351827      0.79204      0.21417        0.225   1000
10229       16   19078917   19091417    104       6  351827      0.78992      0.21479        0.224   1000
51760       16   19179541   19279656      5       2  351827      -2.3374      0.99029         0.99   1000
79838       16   19421839   19510435     29       3  351827      0.70343      0.24089        0.243   1000
57020       16   19566737   19712485     68       2  351827     -0.87283      0.80862          0.8   1000
400506      16   19717673   19729726    399      16  351827      0.24451      0.40342        0.362   1000
54988       16   20420850   20452290     63       4  351827      0.46668      0.32037        0.319   1000
116285      16   20634555   20709066    245       9  351827      0.43707      0.33103        0.328   1000
55623       16   20732498   20753405      5       1  351827       1.4113     0.079075        0.074   1000
6296        16   20775312   20808479     13       4  351827      0.59061      0.27739        0.246   1000
112479      16   20791515   20817798     39       3  351827     -0.82652      0.79574        0.782   1000
81691       16   20817751   20860990      6       2  351827      0.11731      0.45331         0.43   1000
57146       16   21169703   21191937     51       1  351827       1.0707      0.14214        0.146   1000
1428        16   21269839   21314404     10       2  351827     -0.87114      0.80816        0.798   1000
440345      16   21845889   21869843     11       4  351827     -0.54202       0.7061        0.701   1000
7385        16   21964609   21994668      8       1  351827      -1.1033      0.86506        0.874   1000
1039        16   22357257   22385938      1       1  351827       1.6082      0.05389         0.05   1000
57478       16   23072727   23160591    112       2  351827     -0.51863      0.69799        0.698   1000
23062       16   23474863   23521815      1       1  351827      0.55041      0.29102        0.297   1000
124454      16   23533334   23568696    186       4  351827      0.20279      0.41965        0.406   1000
84516       16   23652687   23685068    264       9  351827      0.16431      0.43474        0.428   1000
27327       16   24741028   24837548     18       2  351827       0.3886      0.34879        0.344   1000
115584      16   24857184   24922949    194      14  351827      0.20789      0.41766        0.394   1000
342357      16   25247322   25269210    358      11  351827     -0.48649      0.68669        0.689   1000
79831       16   27214807   27233089     12       1  351827      0.21413      0.41522        0.399   1000
3566        16   27325161   27376099      4       1  351827      -0.5558      0.71083        0.702   1000
23247       16   27561441   27791692      3       1  351827        2.003     0.022587        0.029   1000
23214       16   28109297   28223281    149       2  351827     -0.49871      0.69101         0.68   1000
388228      16   28270041   28335170      8       2  351827     -0.69236      0.75564        0.759   1000
246778      16   28510683   28518155     14       3  351827       1.8338     0.033341        0.037   1000
112869      16   28565249   28603111     30       3  351827      0.16237      0.43551        0.452   1000
6799        16   28603264   28611058    351      10  351827       0.3983      0.34521        0.327   1000
6817        16   28616908   28634907    220       4  351827      0.40923      0.34118        0.333   1000
11273       16   28834369   28848558      6       1  351827     -0.33813      0.63237        0.631   1000
7284        16   28853732   28857729    258       5  351827      0.22622      0.41052        0.387   1000
25970       16   28872939   28885534    240       4  351827      0.39207       0.3475        0.337   1000
84901       16   28962318   28977786     42       3  351827     0.099561      0.46035        0.475   1000
728888      16   29392624   29421669      6       1  351827      0.12616       0.4498        0.472   1000
9961        16   29831715   29859360     32       1  351827     -0.05955      0.52374        0.536   1000
10423       16   29869678   29874801      6       2  351827        1.431     0.076221        0.067   1000
26470       16   29882480   29910585     16       1  351827       1.1323      0.12874        0.134   1000
253980      16   29917657   29937545      3       2  351827     -0.91292      0.81936        0.835   1000
124446      16   29973351   29984373      2       1  351827      -1.5467      0.93903        0.936   1000
283899      16   30007485   30017112    252      11  351827       1.1681      0.12139        0.128   1000
8448        16   30016835   30023424     55       2  351827      0.62044      0.26748        0.261   1000
5531        16   30087297   30096698     22       3  351827      0.52029      0.30143        0.297   1000
6911        16   30097114   30103258    163      11  351827       1.1571      0.12363        0.139   1000
83719       16   30103635   30108248    187       9  351827       1.1315      0.12892        0.134   1000
79153       16   30115977   30125264     18       2  351827     -0.59097      0.72273        0.717   1000
5595        16   30125426   30134630     25       1  351827      0.68057      0.24807        0.249   1000
11151       16   30194731   30200397     21       1  351827       1.1996      0.11514        0.119   1000
1731        16   30389454   30394171     64       3  351827      0.74979      0.22669        0.238   1000
22928       16   30454952   30457224     12       2  351827       1.2516      0.10536        0.123   1000
78994       16   30662038   30667734     14       1  351827     -0.66201      0.74602        0.735   1000
9810        16   30772933   30787628    103       4  351827     -0.23826      0.59416        0.598   1000
23361       16   30789770   30798564      5       1  351827     -0.83502      0.79815        0.808   1000
93129       16   30960405   30966259      4       1  351827      -1.1455        0.874        0.888   1000
9739        16   30968615   30995985    230       9  351827     0.019111      0.49238        0.501   1000
80270       16   30995949   31000473     72       2  351827    0.0040189       0.4984        0.507   1000
112755      16   31000577   31021829     79       2  351827     -0.16157      0.56418         0.58   1000
79759       16   31072164   31085641     22       1  351827      0.68579      0.24642        0.248   1000
339105      16   31094745   31100289      1       1  351827      -1.2732      0.89852        0.879   1000
79001       16   31102175   31106699     45       3  351827      0.69625      0.24314        0.252   1000
84148       16   31128985   31142714    318      10  351827    -0.044995      0.51794        0.534   1000
146547      16   31150244   31161415     72       2  351827      0.39565      0.34618        0.351   1000
29108       16   31212807   31214097     15       1  351827      0.16065      0.43618        0.427   1000
3687        16   31366488   31394320     32       2  351827      0.62332      0.26654        0.279   1000
3681        16   31404633   31437826     45       7  351827      -1.7781      0.96231         0.96   1000
283933      16   31446885   31454348      7       2  351827     -0.54105      0.70576          0.7   1000
79798       16   31469010   31478488      3       1  351827     -0.76327      0.77735        0.787   1000
7041        16   31483476   31489281     77       3  351827     -0.52586      0.70051        0.712   1000
124411      16   31718741   31772886    226       7  351827     -0.13972      0.55556        0.538   1000
10308       16   31885079   31928629     54       1  351827     -0.29867      0.61741         0.64   1000
81831       16   47115431   47177936      2       1  351827     -0.29295      0.61522          0.6   1000
81533       16   47188302   47495018      2       1  351827     0.097721      0.46108        0.448   1000
5257        16   47495047   47735434      9       2  351827    -0.039821      0.51588        0.518   1000
83752       16   48278211   48387888    253       5  351827     -0.20792      0.58235        0.579   1000
869         16   49311828   49315742     15       1  351827     -0.73434      0.76863        0.791   1000
255919      16   50059121   50070999      3       1  351827     -0.24147       0.5954        0.573   1000
55027       16   50099881   50139392    429      19  351827     -0.17011      0.56754        0.551   1000
113         16   50278830   50352046     33       2  351827      0.20387      0.41923        0.437   1000
124460      16   50700211   50715264     15       2  351827     -0.71598        0.763        0.779   1000
1540        16   50775961   50835847      4       1  351827      0.48598      0.31349        0.333   1000
5934        16   53468351   53525560    213      15  351827     -0.41592      0.66127        0.677   1000
64400       16   53525192   53538323      6       2  351827      -2.2022      0.98618        0.981   1000
79068       16   53737875   54148379      5       2  351827       -2.115      0.98279        0.984   1000
79190       16   55358406   55364672     71       4  351827      0.44875      0.32681        0.346   1000
267         16   56395364   56459450      2       1  351827      -1.4351      0.92437        0.923   1000
583         16   56504301   56554008    198      15  351827     -0.27823      0.60958        0.607   1000
4493        16   56659557   56661024      8       2  351827       1.3169      0.09393        0.103   1000
4499        16   56666534   56667898     79       6  351827     0.073107      0.47086        0.451   1000
4489        16   56672578   56673999    110      10  351827    -0.014685      0.50586        0.481   1000
4490        16   56685811   56687116      3       1  351827       -1.518      0.93549         0.94   1000
4495        16   56700653   56701977     41       4  351827     -0.27402      0.60796        0.606   1000
4496        16   56703726   56705041     12       1  351827      0.68114      0.24789        0.249   1000
9709        16   56965974   56977793     32       3  351827      0.32051      0.37429        0.386   1000
221184      16   57126455   57182281      2       1  351827     -0.35406      0.63835        0.623   1000
80011       16   57186378   57220387     35       2  351827     -0.23232      0.59185          0.6   1000
89970       16   57220026   57274385     72       3  351827      -1.1174      0.86808        0.896   1000
51090       16   57290009   57318584     16       1  351827      -3.2035      0.99932        0.999   1000
57019       16   57462081   57481439     81       7  351827     -0.41197      0.65982        0.672   1000
55715       16   57505870   57520385      5       1  351827       1.1952      0.11601        0.105   1000
92922       16   57546090   57570477     72       5  351827      -2.2965      0.98918        0.987   1000
3801        16   57792129   57896957      3       1  351827      -0.1558       0.5619        0.546   1000
374739      16   58010339   58022020     65       5  351827       0.6661      0.25267        0.251   1000
1459        16   58191811   58231782     10       1  351827      0.53028      0.29796        0.277   1000
29070       16   58283840   58317740    111       2  351827     -0.92979      0.82376        0.818   1000
65009       16   58497549   58547523      6       1  351827      0.89335      0.18584        0.194   1000
79918       16   58549383   58554431     84       5  351827     -0.32936      0.62906        0.648   1000
2806        16   58741035   58768246    217       5  351827     -0.56415      0.71367        0.734   1000
146227      16   66461200   66527432     11       2  351827     -0.49386       0.6893        0.669   1000
7084        16   66541906   66584315     51       2  351827     -0.69715      0.75715        0.753   1000
113540      16   66599849   66613038      7       1  351827     -0.46985      0.68077        0.679   1000
123920      16   66637935   66647795     30       5  351827     -0.69283      0.75579        0.741   1000
57546       16   66914360   66925004      3       1  351827     -0.26076      0.60286        0.608   1000
51647       16   66965958   66968326      3       1  351827     -0.49093      0.68826        0.684   1000
8824        16   66968347   66978999     15       2  351827      -1.2706      0.89806        0.898   1000
283848      16   67022491   67043661      2       1  351827     -0.52821      0.70132        0.702   1000
865         16   67063050   67134961      2       1  351827     -0.16971      0.56738        0.595   1000
80262       16   67143801   67182442     27       2  351827      0.72678      0.23368        0.228   1000
84752       16   67182005   67184902      6       1  351827       2.2922     0.010948        0.014   1000
283849      16   67217652   67224112      1       1  351827      0.17147      0.43193        0.424   1000
1874        16   67226068   67232821     22       2  351827     -0.17212      0.56833        0.556   1000
79767       16   67233014   67237932    161       8  351827      0.22215       0.4121        0.392   1000
26231       16   67241042   67260901     42       4  351827      -1.1161      0.86782        0.874   1000
29109       16   67263292   67281425     16       2  351827       1.3221     0.093062        0.091   1000
146212      16   67323338   67360664    143       6  351827     -0.18672      0.57406        0.589   1000
55282       16   67360747   67419109    566      12  351827     -0.12556      0.54996        0.537   1000
29800       16   67428322   67450339     20       1  351827    -0.017816      0.50711        0.518   1000
9114        16   67471917   67515089    110       8  351827      -0.7397      0.77026        0.765   1000
65057       16   67691415   67694718     20       2  351827      0.73421      0.23141        0.226   1000
50855       16   67694851   67696681     13       2  351827     -0.42969      0.66629        0.672   1000
84080       16   67696850   67700628     12       2  351827     -0.45877       0.6768        0.682   1000
388284      16   67700662   67702661    213       2  351827      0.61711      0.26858         0.29   1000
57610       16   67756973   67840788    406       4  351827      0.32536      0.37245         0.37   1000
55815       16   67840829   67861971     73       2  351827      -0.3834      0.64929        0.657   1000
57215       16   67876213   67878098      1       1  351827       0.7769      0.21861        0.209   1000
1506        16   67963473   67965778     34       3  351827      -0.3912      0.65218        0.652   1000
3931        16   67973787   67978656    463      13  351827      0.75936      0.22382        0.209   1000
6560        16   67977377   68002597    199       7  351827      0.48465      0.31396        0.311   1000
64174       16   68021293   68034493     53       1  351827     -0.19858       0.5787        0.593   1000
4775        16   68118654   68263162    156       6  351827       1.5678      0.05847        0.065   1000
80004       16   68262450   68270136      2       1  351827      -1.7861      0.96296        0.963   1000
23659       16   68279240   68294965     29       2  351827      0.74928      0.22684        0.222   1000
54496       16   68344877   68391169    592      13  351827       1.2691      0.10221         0.13   1000
146198      16   68573192   68609975    279       3  351827      0.37637      0.35332        0.294   1000
84916       16   69166499   69202937    118       5  351827      0.79428      0.21352         0.21   1000
6645        16   69221050   69342955    223      10  351827      0.37933      0.35222         0.38   1000
64146       16   69362524   69364498    240      10  351827      0.70233      0.24124        0.264   1000
146456      16   69377149   69385712     88       4  351827      0.23339      0.40773        0.419   1000
7014        16   69389464   69419891      9       1  351827       -0.534      0.70333        0.719   1000
10725       16   69599869   69738569     40       3  351827      0.50072      0.30828        0.331   1000
1728        16   69743304   69760849      9       1  351827      0.36817      0.35637        0.363   1000
55066       16   70147529   70196437     80       1  351827      0.55571       0.2892        0.301   1000
118460      16   70284134   70285833    750      33  351827    0.0049052      0.49804        0.526   1000
25839       16   70514472   70557457     41       6  351827     -0.17581      0.56978         0.57   1000
23450       16   70557691   70611571    232      11  351827     -0.38343       0.6493        0.666   1000
92154       16   70695107   70719954     47       3  351827       1.5738     0.057762        0.049   1000
55783       16   71315292   71323509    136       9  351827      0.65671      0.25568         0.26   1000
7571        16   71481500   71496295    146      12  351827       2.2493     0.012248         0.01   1000
91862       16   71660056   71675868    103       1  351827       1.7892     0.036792        0.039   1000
23035       16   71678827   71757798    137       5  351827     -0.19162      0.57598        0.569   1000
9798        16   71928311   71964542     58       2  351827      0.56413      0.28633        0.263   1000
342372      16   71963441   72033877    143       9  351827      0.13644      0.44574        0.446   1000
1723        16   72042643   72059316    317      17  351827       2.1197     0.017016         0.01   1000
3240        16   72088470   72094955     52       2  351827       2.1725      0.01491         0.01   1000
3250        16   72097125   72111145    158      22  351827       2.2116     0.013496        0.011   1000
54957       16   72118756   72128215     35      12  351827       1.9597     0.025014        0.022   1000
9785        16   72127615   72146811      6       2  351827     -0.75077      0.77361        0.748   1000
2734        16   74481325   74641042    129       4  351827      0.38325      0.35077        0.356   1000
55159       16   74655297   74700779     40       5  351827      0.51975      0.30162         0.31   1000
197259      16   74705753   74734789     10       3  351827      -0.1321      0.55255        0.546   1000
79726       16   74907468   75019026      2       1  351827      0.81098      0.20869        0.205   1000
197257      16   75145758   75150670      6       2  351827       1.5994     0.054865        0.044   1000
162239      16   75182392   75206132    119       9  351827     -0.13087      0.55206        0.542   1000
10428       16   75327608   75467387    457      11  351827      -1.5684      0.94161        0.954   1000
23563       16   75562428   75570180     44       3  351827      0.46322       0.3216        0.323   1000
79583       16   75572015   75590184    184      10  351827     -0.29252      0.61505        0.633   1000
23536       16   75622718   75657221    340      20  351827     -0.97943      0.83632        0.842   1000
3735        16   75661622   75681585     22       1  351827      0.48027      0.31552        0.314   1000
22879       16   77224821   77233543     60       4  351827      0.50798      0.30573        0.308   1000
100130958   16   77233349   77246976    551      24  351827       4.6264   1.8604e-06       0.0001  10000
170692      16   77316025   77469011     22       1  351827      -0.8816        0.811        0.798   1000
283927      16   77756389   77809332    178      11  351827      -1.9128      0.97211        0.964   1000
57687       16   77822483   78014001     46       8  351827      0.25465       0.3995        0.404   1000
51741       16   78133310   79246567    109      12  351827      -1.8742      0.96955        0.965   1000
124359      16   80637675   80838175     25       3  351827      0.75051      0.22647         0.23   1000
55839       16   81040103   81066712    314       4  351827     -0.57829      0.71847        0.764   1000
123775      16   81087102   81110872     31       7  351827     -0.29074      0.61437        0.598   1000
2653        16   81115552   81129980     26       6  351827       1.3107     0.094978        0.104   1000
114780      16   81134484   81253975     12       2  351827       0.1892      0.42497        0.436   1000
80790       16   81478775   81745367     21       3  351827      0.86047      0.19477        0.216   1000
5336        16   81812899   81996290     27       5  351827       0.1059      0.45783        0.482   1000
93517       16   82031251   82045093      2       1  351827     -0.88983      0.81322        0.812   1000
10200       16   82181767   82203829    127       4  351827      0.77717      0.21853        0.184   1000
23417       16   83932720   83962428     39       2  351827      0.26364      0.39603        0.373   1000
8720        16   84087368   84150517      9       3  351827     -0.22623      0.58949        0.612   1000
83693       16   84155744   84178800      5       1  351827      -1.0359      0.84987        0.858   1000
123872      16   84178865   84211524     62       4  351827   -0.0090206       0.5036        0.499   1000
9013        16   84211453   84220676    264      17  351827      0.23049      0.40886        0.385   1000
161931      16   84224723   84230772     74      12  351827     -0.34181      0.63375         0.65   1000
57707       16   84509966   84538366     83       9  351827    -0.029491      0.51176        0.509   1000
79786       16   84682131   84701187     43       5  351827     -0.36885      0.64388        0.657   1000
83716       16   84853587   84943116     13       2  351827      0.59696      0.27527        0.279   1000
55625       16   85008066   85045141    153       9  351827     -0.78079      0.78254        0.779   1000
9764        16   85061374   85127836      7       2  351827       1.3677      0.08571        0.079   1000
1327        16   85833173   85840608      6       1  351827     -0.13521      0.55378        0.554   1000
64779       16   86563782   86588841     56       5  351827      -1.2798       0.8997        0.886   1000
79791       16   87362942   87425708     51       2  351827        1.718       0.0429        0.052   1000
81631       16   87423157   87438380      1       1  351827      -1.3461      0.91087        0.912   1000
54758       16   87730239   87799603     34       5  351827      0.41806      0.33795        0.355   1000
8140        16   87863629   87903100     48       3  351827      0.52685      0.29915        0.273   1000
161882      16   88520014   88601574      4       1  351827       0.8802      0.18938        0.174   1000
1535        16   88709697   88717492     14       4  351827       0.3052      0.38011        0.354   1000
4597        16   88718343   88729495      6       2  351827       0.1884      0.42528        0.414   1000
333929      16   88744090   88753192      3       1  351827      0.68242      0.24749        0.257   1000
115992      16   88762903   88772829     94      11  351827   0.00055301      0.49978        0.494   1000
348180      16   88772891   88781794     27       5  351827      0.81347      0.20797        0.194   1000
9780        16   88781746   88851372      4       2  351827      0.67253      0.25062         0.24   1000
81620       16   88870186   88875666      3       1  351827      0.19046      0.42447        0.409   1000
353         16   88875877   88878342     91       7  351827     -0.87169      0.80831        0.804   1000
2588        16   88880142   88923374     93       9  351827     -0.65867      0.74495        0.736   1000
197322      16   89160217   89222171    207       9  351827      0.68532      0.24657        0.243   1000
1013        16   89238163   89261900     59       3  351827      0.39547      0.34625        0.338   1000
146429      16   89262169   89267757    426      20  351827      0.49558       0.3101        0.293   1000
197320      16   89284111   89302402     13       3  351827       1.2008      0.11491        0.119   1000
6687        16   89574802   89624174      4       1  351827       1.7788     0.037639        0.041   1000
6137        16   89613324   89633237    230       9  351827      0.55663      0.28889        0.267   1000
27132       16   89642176   89663654     17       5  351827      0.58104      0.28061        0.288   1000
5119        16   89710839   89724193     44      10  351827       1.5344     0.062461        0.047   1000
124045      16   89724152   89736866    140       8  351827        2.146     0.015938        0.014   1000
8558        16   89753076   89762772    570      29  351827       2.1983     0.013963        0.013   1000
124044      16   89762765   89768131     53       3  351827       2.0007     0.022715        0.022   1000
9605        16   89773541   89787398    210      19  351827         1.64     0.050498        0.051   1000
92822       16   89786393   89807333    278       5  351827     -0.33494      0.63117        0.648   1000
2175        16   89803959   89883066    507      18  351827      0.18121       0.4281        0.465   1000
84501       16   89894883   89937727    635      15  351827    -0.030836       0.5123        0.515   1000
22980       16   89939994   89977795    102      11  351827     -0.48632      0.68663        0.696   1000
4157        16   89984287   89987385    308       5  351827     -0.66194        0.746        0.755   1000
54849       16   90014560   90034468     94      11  351827     -0.92267      0.82191        0.826   1000
92806       16   90036183   90039240     62       6  351827     -0.15336      0.56094         0.57   1000
79007       16   90071279   90085937    345      14  351827        1.147       0.1257        0.121   1000
2622        16   90086056   90111379     59       9  351827       1.0063      0.15712        0.166   1000
8447        17       6009      31421     82       7  351827       0.7719      0.22009        0.217   1000
9501        17      62180     202633     65      11  351827       1.3211     0.093231        0.091   1000
100506388   17     180996     183279     16       5  351827       1.0574      0.14516        0.158   1000
400566      17     260118     264457     62      11  351827     0.091409      0.46358        0.487   1000
359845      17     289769     295731      2       1  351827     -0.24386      0.59633        0.607   1000
55275       17     411908     618096    395      23  351827     -0.76887      0.77901        0.763   1000
79850       17     635847     646075    114      10  351827      0.16594       0.4341        0.419   1000
50628       17     647661     656038     74       3  351827     -0.92561      0.82267        0.829   1000
29          17     906758    1090616      5       1  351827      -1.7055      0.95595         0.95   1000
4641        17    1367480    1396001     10       2  351827     -0.33182      0.62999        0.632   1000
5306        17    1421283    1466110      6       2  351827      0.13076      0.44798        0.424   1000
124935      17    1477678    1532130     12       1  351827      0.59995      0.27427        0.252   1000
83547       17    1549444    1553392      5       2  351827      -1.4108      0.92085        0.912   1000
124997      17    1619817    1641893     33       1  351827       1.1664      0.12172         0.11   1000
5345        17    1646015    1658562     57       4  351827       1.2366      0.10811        0.101   1000
5176        17    1665259    1680859      7       3  351827      0.80206      0.21126        0.227   1000
114826      17    1682829    1733175     49       3  351827     0.062567      0.47506        0.487   1000
6117        17    1733273    1802848    168      10  351827       1.3505     0.088435        0.081   1000
146760      17    1837971    1928178     52       3  351827      0.96475      0.16734         0.18   1000
1801        17    1933431    1947183     36       4  351827     0.081693      0.46745        0.446   1000
23293       17    1963133    2207069      1       1  351827      0.80469       0.2105        0.235   1000
63826       17    2207244    2228553    452      14  351827       1.4041     0.080138        0.078   1000
9905        17    2240806    2284353     26       4  351827     -0.45816      0.67658        0.681   1000
79066       17    2319343    2415200     20       3  351827       1.8542     0.031856        0.032   1000
84690       17    3343305    3417146      8       2  351827      0.60787      0.27164        0.274   1000
443         17    3377404    3402700     68       6  351827      0.24306      0.40398        0.393   1000
162514      17    3413796    3461289     46       6  351827       1.1936      0.11633        0.123   1000
23729       17    3511556    3539616    159      20  351827      -0.6281      0.73503        0.718   1000
1497        17    3539762    3566397    114      11  351827    -0.009375      0.50374        0.503   1000
30851       17    3566187    3571973      3       2  351827       1.4556     0.072753         0.09   1000
84254       17    3763609    3796337      3       1  351827      0.43891      0.33036        0.348   1000
5023        17    3799885    3819960     13       1  351827     -0.37119      0.64475        0.631   1000
489         17    3827163    3867758     15       3  351827     -0.24774      0.59783        0.591   1000
23140       17    3907739    4046314    188       5  351827     -0.50572      0.69347         0.72   1000
124936      17    4046441    4060995    230       9  351827     -0.81667      0.79294        0.815   1000
10514       17    4442191    4458921     26       2  351827        1.066      0.14322        0.145   1000
409         17    4613789    4624795      9       1  351827     -0.34784      0.63602        0.636   1000
400569      17    4634723    4636902     29       3  351827      -1.8284      0.96625        0.967   1000
58191       17    4636828    4643223     34       4  351827      -1.8527      0.96804        0.963   1000
84225       17    4643059    4649414     19       4  351827     -0.96233      0.83206        0.858   1000
284013      17    4688580    4689729     43       7  351827      0.21345      0.41549        0.418   1000
5338        17    4710396    4726727     21       4  351827     -0.22204      0.58786        0.623   1000
1145        17    4801064    4806369    303      10  351827     0.069137      0.47244        0.484   1000
100130311   17    4802948    4806227    234       8  351827     -0.15139      0.56016        0.577   1000
2811        17    4835312    4838325     31       3  351827     -0.48852      0.68741        0.695   1000
26001       17    4843328    4848517     27       4  351827      0.53141      0.29757        0.276   1000
2027        17    4853404    4860426     15       2  351827     -0.29156      0.61469        0.635   1000
9552        17    4862521    4871132    108      11  351827     -0.63664      0.73782        0.752   1000
23125       17    4871287    4890960     46       3  351827     0.055312      0.47795        0.483   1000
7775        17    5009029    5026411    320      15  351827       1.2062      0.11386        0.105   1000
9098        17    5031687    5078327    112      10  351827       1.7554     0.039595        0.051   1000
84622       17    5082830    5095178      1       1  351827       1.3959     0.081365        0.086   1000
388325      17    5112215    5138997     51       4  351827       1.3713     0.085143        0.106   1000
9135        17    5185558    5289132    268       8  351827       2.2607     0.011888        0.018   1000
84268       17    5322961    5336340    286       6  351827       1.9544     0.025329        0.034   1000
79003       17    5389694    5394134    153       8  351827      0.24506      0.40321        0.408   1000
22861       17    5404719    5487832      1       1  351827      0.13212      0.44744         0.45   1000
23302       17    5972426    6027747      3       1  351827     -0.99815       0.8409        0.844   1000
54478       17    6347735    6354385     48       4  351827       2.1002     0.017855        0.023   1000
9851        17    6481645    6545066    124       7  351827       0.6045      0.27276        0.259   1000
284111      17    6588038    6616886     44       2  351827     -0.36446      0.64224        0.635   1000
162517      17    6679523    6700420    134      12  351827      -1.1148      0.86753        0.863   1000
239         17    6899384    6914055     13       1  351827      0.17626      0.43004         0.41   1000
440400      17    6915736    6917852     49       3  351827      0.80546      0.21028        0.207   1000
10462       17    6977856    6983626      1       1  351827      0.90056      0.18391        0.185   1000
433         17    7004641    7018292     36       5  351827     -0.18711      0.57421        0.574   1000
1742        17    7093209    7123369      1       1  351827     0.086968      0.46535        0.457   1000
1856        17    7128661    7137867      2       1  351827     -0.89291      0.81405        0.803   1000
23399       17    7146906    7155259     61       4  351827        1.197      0.11566        0.116   1000
23587       17    7155372    7163259     47       2  351827       1.2405       0.1074        0.113   1000
1366        17    7163222    7166863     70       5  351827       1.2017      0.11474        0.117   1000
1984        17    7210318    7215782     48       4  351827      0.46341      0.32154         0.32   1000
84461       17    7218947    7232644     12       1  351827     -0.62773      0.73491         0.74   1000
1140        17    7348406    7360932    180       8  351827    -0.068884      0.52746        0.545   1000
8742        17    7452375    7461207     43       6  351827     0.078722      0.46863          0.5   1000
26168       17    7465309    7475287      4       1  351827     -0.10012      0.53988        0.554   1000
6665        17    7491496    7494037      9       1  351827      0.27488       0.3917        0.385   1000
6462        17    7517382    7536700      2       1  351827      0.25029      0.40118        0.394   1000
112483      17    7529552    7531194     29       2  351827      0.23441      0.40733        0.408   1000
1949        17    7608520    7614693     66       9  351827     -0.76551      0.77802        0.796   1000
84316       17    7760003    7788608     23       2  351827      0.66732      0.25228        0.255   1000
9196        17    7825177    7833180     82       3  351827      0.43541      0.33163        0.333   1000
80169       17    8128139    8151413    145      12  351827     0.085701      0.46585        0.504   1000
399512      17    8191082    8198709     11       3  351827      0.13397      0.44671         0.44   1000
29098       17    8191745    8193409      2       1  351827     -0.15491      0.56155        0.571   1000
22899       17    8213556    8225834      4       1  351827     -0.46056      0.67744        0.656   1000
124751      17    8271973    8280027    133       9  351827       1.3432     0.089607         0.09   1000
4628        17    8377523    8534094      1       1  351827       1.6857     0.045928        0.052   1000
146850      17    8706055    8770994      2       1  351827     -0.23549      0.59309        0.611   1000
9482        17    9153788    9479275     33       4  351827      0.53042      0.29791        0.288   1000
5957        17    9801027    9808684     95       8  351827      0.32556      0.37238        0.364   1000
4619        17   10395624   10421859     85       2  351827     -0.28305      0.61143        0.617   1000
4621        17   10531843   10560626    137       3  351827       3.0272    0.0012341       0.0012  10000
6341        17   10583649   10600885     22       1  351827      0.15471      0.43852        0.423   1000
56985       17   10600927   10616264      4       1  351827      -1.4863       0.9314        0.925   1000
388335      17   10616631   10633646    163       5  351827       3.0564    0.0011199        0.001  10000
7566        17   11880756   11901736     12       2  351827       1.0793      0.14024        0.152   1000
6416        17   11924135   12047148     88       4  351827     -0.29131      0.61459        0.614   1000
60528       17   12894929   12921381    196      11  351827      -0.5809      0.71935        0.728   1000
9955        17   13399006   13505244      2       1  351827      -3.1459      0.99917        0.999   1000
9953        17   14204367   14252721      2       1  351827      -3.1459      0.99917        0.999   1000
64518       17   15207129   15244958    107      12  351827      -1.1781      0.88062        0.878   1000
284040      17   15339332   15370925    182      15  351827      -1.9194      0.97254        0.964   1000
201158      17   15405578   15466945    140      10  351827      -1.8115      0.96497        0.957   1000
374286      17   15491977   15523018      1       1  351827     -0.37455        0.646        0.658   1000
353149      17   15635591   15648098     31       3  351827     -0.12069      0.54803        0.555   1000
136         17   15848231   15879210    383       6  351827      0.81833      0.20658        0.194   1000
125150      17   15879874   15903006      7       2  351827      -0.9567      0.83064         0.84   1000
54902       17   15902694   15932723    364       6  351827      0.87991      0.18945        0.185   1000
9611        17   15933408   16118874     76       2  351827       1.3208     0.093283        0.093   1000
9487        17   16120509   16230098     99       2  351827       1.2761      0.10096        0.098   1000
201161      17   16245831   16256812    334       5  351827      0.85169      0.19719         0.19   1000
51393       17   16318856   16340317     36       5  351827      0.17058      0.43228         0.43   1000
388341      17   16345319   16395505     44       3  351827       1.0029      0.15795        0.168   1000
57336       17   16453626   16472520     15       1  351827      0.21901      0.41332        0.401   1000
57547       17   16524048   16557167    120       3  351827      -1.5321      0.93725         0.93   1000
23164       17   16945790   17095962     51       4  351827      0.65078      0.25759         0.25   1000
201164      17   17104309   17109646      3       1  351827     -0.20141      0.57981         0.54   1000
201163      17   17115523   17140502    525      24  351827     -0.25352      0.60007        0.564   1000
56953       17   17206680   17250977     29       3  351827      0.64871      0.25826        0.231   1000
10400       17   17408877   17495434    138       7  351827       1.2999     0.096825        0.087   1000
146691      17   17746822   17875784    425       8  351827       1.3112     0.094894        0.099   1000
83450       17   17876127   17920203     12       1  351827     -0.10819      0.54308        0.534   1000
91647       17   17921334   17942483    267       7  351827       1.1135      0.13274        0.122   1000
79018       17   17942611   17971719      1       1  351827      0.46895      0.31955        0.317   1000
1819        17   17991181   18011299     74       6  351827      0.83044      0.20314        0.207   1000
51168       17   18012020   18083116    132       2  351827      0.61949       0.2678        0.262   1000
54890       17   18086867   18113268    275      12  351827      0.52302      0.30048        0.266   1000
125170      17   18163848   18169095     16       3  351827      0.86033       0.1948        0.185   1000
7156        17   18177235   18218321     47       3  351827       2.0769     0.018906        0.018   1000
6470        17   18231187   18266856     73       5  351827       1.1125      0.13296         0.13   1000
147166      17   18601311   18639431     94      11  351827       -1.092      0.86258        0.849   1000
10517       17   18647326   18682662     40       3  351827     -0.18621      0.57386        0.579   1000
51030       17   18684458   18710027    285      19  351827      -1.3945      0.91842        0.928   1000
5636        17   18759612   18834600    232      10  351827     -0.67082      0.74883        0.758   1000
22905       17   19140690   19240028    117      13  351827     0.036757      0.48534         0.48   1000
27077       17   19240563   19281495     16       1  351827     -0.77656      0.78129        0.767   1000
55244       17   19437167   19482346     14       1  351827      -1.0754       0.8589        0.865   1000
146802      17   19581626   19622990     59       2  351827     -0.60685      0.72803        0.705   1000
218         17   19641297   19651746      9       3  351827      -1.8196      0.96559        0.957   1000
9706        17   19674143   19771239     10       3  351827      -1.1975      0.88445        0.877   1000
11216       17   19807765   19881169    116       5  351827     0.045219      0.48197        0.489   1000
92521       17   19912649   20218072    211       7  351827     -0.38315       0.6492        0.643   1000
339184      17   20766708   20799453     65       8  351827        -1.56      0.94062         0.94   1000
23326       17   20902906   20946722    148       7  351827       0.1407      0.44406        0.449   1000
25979       17   21030241   21095285     56       3  351827     0.080004      0.46812        0.474   1000
8834        17   21101263   21117974     23       2  351827      0.10403      0.45857        0.459   1000
256302      17   21142183   21156578      2       1  351827       1.1498       0.1251        0.135   1000
339263      17   21343211   21454941     31       1  351827      0.64207      0.26041        0.265   1000
8844        17   25799036   25950718    191      12  351827     -0.58205      0.71973        0.699   1000
3965        17   25958174   25976586     95       4  351827      0.41018      0.34084        0.344   1000
4843        17   26083792   26127555    113       7  351827      0.24386      0.40367        0.412   1000
201229      17   26205340   26220409    136      10  351827      0.15682      0.43769        0.451   1000
27346       17   26646121   26655711     65       6  351827       0.1172      0.45335        0.428   1000
26073       17   26673659   26684603     38       2  351827      0.17629      0.43003        0.388   1000
147007      17   26684687   26689089     40       2  351827      0.14762      0.44132        0.407   1000
7448        17   26694298   26697373      1       1  351827      -0.2795      0.61007        0.608   1000
23098       17   26698683   26728062     39       2  351827      0.16951       0.4327        0.394   1000
10615       17   26904583   26926056      1       1  351827     -0.12559      0.54997        0.544   1000
6830        17   26989221   27029255     26       3  351827      -1.2764      0.89909         0.91   1000
147011      17   27030214   27039127    251      14  351827       1.8784     0.030166        0.037   1000
83871       17   27041299   27045286     52       3  351827       1.2406      0.10738        0.109   1000
116238      17   27051366   27053949     52       5  351827       1.3187     0.093636        0.105   1000
284086      17   27055822   27069784     12       1  351827    -0.016383      0.50654        0.477   1000
399687      17   27400528   27507432     67       2  351827       1.5418     0.061565        0.076   1000
9220        17   27400539   27402627     93       5  351827      -0.8588      0.80477        0.804   1000
57551       17   27717943   27878921     77       3  351827     -0.95343      0.82981        0.839   1000
116236      17   27887679   27894042      1       1  351827     -0.69487      0.75643        0.751   1000
90313       17   27894198   27900175     18       2  351827     -0.81872      0.79353        0.815   1000
124930      17   27920527   27941779     82      11  351827      -2.1344       0.9836        0.988   1000
85464       17   27952956   28257231      2       1  351827      -0.1194      0.54752         0.53   1000
642         17   28575213   28619184      2       1  351827     -0.81769      0.79323        0.776   1000
1362        17   28705942   28796675     10       1  351827      -1.1579      0.87655        0.877   1000
9527        17   28804426   28853832    233       7  351827      0.11444      0.45444        0.458   1000
51379       17   29109702   29151778    510       4  351827       1.9331     0.026612        0.034   1000
79915       17   29159020   29222295      6       1  351827     -0.39689      0.65427        0.668   1000
4763        17   29421945   29704695    249       3  351827      -0.7562      0.77524        0.784   1000
4974        17   29621668   29624380      2       1  351827      0.73024      0.23262         0.23   1000
2123        17   29643428   29648767    252       2  351827     -0.76119      0.77673        0.797   1000
84440       17   29718642   29865232     10       3  351827      -1.7777      0.96227        0.959   1000
55288       17   30469473   30552746    279       3  351827      0.11959       0.4524        0.416   1000
162494      17   30593195   30651680     57       9  351827      0.15789      0.43727         0.44   1000
7756        17   30677071   30697468      1       1  351827       2.1639     0.015235        0.017   1000
26022       17   31254928   31268667    107       6  351827      -1.1405      0.87296        0.868   1000
124912      17   31318882   31324895      1       1  351827      0.24692      0.40248        0.408   1000
124842      17   32907768   32966337     11       3  351827     -0.84812      0.80181          0.8   1000
10693       17   33254878   33307968    258      17  351827      0.90402      0.18299        0.187   1000
3980        17   33307517   33332088    182      16  351827    -0.074527       0.5297        0.543   1000
117584      17   33336131   33416348     26       2  351827      -1.1778      0.88057        0.871   1000
5892        17   33426811   33446888     18       4  351827      -2.4532      0.99292        0.988   1000
146862      17   33474787   33516364     53       3  351827       -1.537      0.93786        0.938   1000
162394      17   33570086   33594768    205      18  351827     -0.57365       0.7169        0.707   1000
91607       17   33677324   33700821      8       2  351827      -1.9259      0.97294         0.98   1000
55106       17   33738079   33760302     75       6  351827    -0.081751      0.53258        0.527   1000
146857      17   33762115   33775856     27       4  351827     -0.13814      0.55493        0.544   1000
100506736   17   33801942   33814758     45       3  351827      0.86966      0.19224        0.205   1000
5193        17   33901814   33905656     17       1  351827       1.0758      0.14102        0.144   1000
246176      17   34071530   34079897     33       1  351827      0.67617      0.24947        0.254   1000
256957      17   34181898   34195895      3       1  351827       0.7435      0.22859        0.233   1000
7703        17   36890150   36906070     15       3  351827     -0.61991      0.73234        0.764   1000
8396        17   36921944   36956218      1       1  351827    -0.084176      0.53354        0.531   1000
6143        17   37356536   37360980      4       1  351827      -1.4539      0.92701        0.945   1000
10948       17   37793333   37820454     47       2  351827     -0.75296      0.77426         0.78   1000
5409        17   37824234   37826728     72       4  351827     -0.57432      0.71712        0.736   1000
93210       17   37827375   37844310    440       9  351827     -0.70004      0.75805        0.776   1000
55876       17   38060848   38074903      5       1  351827       1.1266      0.12995        0.144   1000
94103       17   38077294   38083884     49       2  351827        0.256      0.39898        0.435   1000
284110      17   38119226   38134019    434      18  351827        1.049       0.1471        0.146   1000
9862        17   38175350   38210889    132       8  351827       2.2326     0.012787        0.011   1000
339287      17   38278235   38293047     62       8  351827       0.4052      0.34266        0.357   1000
22794       17   38296507   38328431     13       4  351827       1.1615      0.12273        0.121   1000
51195       17   38334242   38351906     57       9  351827      0.39016      0.34821        0.349   1000
7153        17   38544773   38574202      7       1  351827       1.3518     0.088221        0.089   1000
6605        17   38781214   38805658    137       7  351827      0.58923      0.27785        0.261   1000
192666      17   38854243   38860002     35       4  351827         1.06      0.14457        0.127   1000
342574      17   38933060   38938786     71       5  351827     -0.40591       0.6576        0.663   1000
147184      17   38975344   38992526    182      14  351827      -1.3684      0.91441        0.909   1000
25984       17   39078948   39093895     26       2  351827     -0.31509      0.62365        0.619   1000
3866        17   39669997   39678033      3       1  351827     -0.24154      0.59543        0.606   1000
3880        17   39679869   39684641      8       2  351827      -1.0395      0.85071        0.836   1000
3868        17   39766030   39769079     91       3  351827     -0.83925      0.79933        0.811   1000
10609       17   39958204   39968881     14       1  351827     -0.45186      0.67431        0.689   1000
60681       17   39968962   39979469      9       3  351827     -0.55751      0.71141        0.716   1000
115024      17   39981334   39992523    367      13  351827     -0.84479      0.80089         0.79   1000
47          17   40023169   40086795    134       3  351827     -0.20002      0.57927          0.6   1000
201181      17   40177594   40205881     40       2  351827     -0.15169      0.56029        0.594   1000
79132       17   40253422   40264751    174      13  351827      0.57245      0.28351        0.292   1000
5878        17   40276994   40307062     46       2  351827      -1.0398      0.85078         0.84   1000
23415       17   40308910   40333296     71       5  351827      -1.0614      0.85574        0.838   1000
535         17   40610862   40674597    114       2  351827       2.5201    0.0058653       0.0054   5000
4669        17   40687951   40696467    148      10  351827       1.5922     0.055666        0.058   1000
80347       17   40713485   40718299      4       1  351827    -0.099052      0.53945        0.546   1000
162427      17   40731526   40761445      1       1  351827      -1.0039      0.84228        0.851   1000
27175       17   40811266   40819024    264       9  351827       2.2511     0.012191         0.01   1000
8506        17   40834632   40852011    151       3  351827       2.4925     0.006342       0.0058   5000
2145        17   40852293   40897095     38       3  351827       1.8834     0.029823         0.03   1000
8678        17   40962150   40976310      3       1  351827     -0.95618      0.83051        0.842   1000
3430        17   41158742   41166476     25       1  351827      0.29387      0.38443        0.364   1000
10493       17   41166622   41174459     29       1  351827      0.32005      0.37447        0.377   1000
4077        17   41322498   41363707    393       3  351827      0.36762      0.35658        0.364   1000
1659        17   41561330   41604185     49       5  351827      0.24182      0.40446        0.421   1000
2118        17   41605211   41623800      6       1  351827      -1.2153      0.88787        0.894   1000
4222        17   41717757   41739262     51       8  351827      0.49815      0.30919        0.293   1000
4355        17   41952727   41987079    155       6  351827     0.090441      0.46397        0.463   1000
162417      17   42082032   42086436     36       4  351827       1.0455       0.1479        0.164   1000
84336       17   42088556   42100519      3       1  351827       1.5931     0.055571        0.056   1000
92579       17   42148098   42153712     75       4  351827      0.74051       0.2295         0.22   1000
92591       17   42248074   42256650     85       3  351827    -0.097704      0.53892         0.55   1000
56970       17   42269173   42275747     29       3  351827      -1.1819      0.88138        0.888   1000
7343        17   42282401   42298994      3       1  351827      0.63546      0.26256        0.279   1000
51629       17   42396993   42402217     62       6  351827      -1.4089      0.92056        0.926   1000
2896        17   42422491   42430474      2       1  351827      0.56713      0.28531        0.276   1000
80174       17   42785976   42829637    490      18  351827      0.78373       0.2166        0.205   1000
4185        17   42836405   42859214    375      14  351827      0.88933      0.18691        0.187   1000
10052       17   42875816   42908179      9       2  351827      0.86042      0.19478        0.179   1000
9343        17   42927655   42976993    225      13  351827       0.9514       0.1707        0.169   1000
79877       17   43100706   43138473    121       8  351827       2.7622    0.0028711       0.0026   5000
4836        17   43138322   43186384    177      14  351827       2.6941    0.0035291       0.0026   5000
113026      17   43189008   43209891    176      18  351827       2.4644    0.0068616       0.0062   5000
79777       17   43209967   43221548     54       5  351827       2.3268    0.0099878        0.014   1000
10614       17   43224684   43229468      8       1  351827       1.8201     0.034374        0.044   1000
201176      17   43471268   43510282     58       2  351827       4.5554    2.614e-06       0.0001  10000
9842        17   43513266   43568146     67       2  351827       5.0743   1.9444e-07       0.0001  10000
1394        17   43697710   43913194    153       9  351827       5.2501   7.6018e-08       0.0001  10000
4137        17   43971702   44105700     86       4  351827        5.575   1.2374e-08       0.0001  10000
284058      17   44107282   44302740    202      16  351827       5.3134   5.3801e-08       0.0001  10000
9884        17   44316744   44415160    234      18  351827       5.2449   7.8173e-08       0.0001  10000
51326       17   44577184   44657155    156      19  351827       5.3624   4.1061e-08       0.0001  10000
474170      17   44587323   44633016    165      19  351827       5.4855   2.0617e-08       0.0001  10000
7473        17   44839872   44896126     68       6  351827       5.6802   6.7278e-09       0.0001  10000
9570        17   45000486   45044366     78       2  351827       1.1221      0.13091        0.129   1000
996         17   45195310   45266665     57       5  351827     -0.93509      0.82513        0.818   1000
4635        17   45266728   45301045     29       3  351827     -0.38234       0.6489        0.626   1000
3690        17   45331208   45390077     50       2  351827      0.39387      0.34684        0.367   1000
124989      17   45401327   45518678    402      15  351827      -1.0513      0.85345        0.868   1000
9520        17   45600316   45700642    330       9  351827     -0.67941      0.75156        0.772   1000
9755        17   45771441   45789429    322       8  351827    -0.074353      0.52964        0.562   1000
124995      17   45900638   45908907    176       7  351827      -1.6702      0.95256        0.947   1000
90506       17   45908993   45915079     53       2  351827       2.2417     0.012492       0.0112   5000
90507       17   45915047   45918699    184      21  351827    -0.098229      0.53912        0.534   1000
55163       17   46018889   46026674    124       8  351827      -0.1247      0.54962        0.569   1000
80279       17   46047894   46059152    347      16  351827      0.51684      0.30263        0.326   1000
51226       17   46103533   46120908     32       6  351827       1.7792     0.037607        0.031   1000
10951       17   46147414   46178883     45       3  351827      -1.0611      0.85568        0.834   1000
29916       17   46184911   46200109    586      18  351827      0.42448      0.33561        0.351   1000
3212        17   46620017   46622393    477      15  351827      0.65101      0.25752        0.252   1000
3213        17   46626232   46667634     52       3  351827      0.47088      0.31886         0.33   1000
3214        17   46652869   46655743      1       1  351827     -0.47569      0.68285        0.687   1000
3216        17   46673099   46682343      2       1  351827        1.268      0.10239        0.103   1000
3219        17   46698518   46703835     69       5  351827      0.62075      0.26738        0.269   1000
284076      17   46839593   46894469    169       7  351827        2.602    0.0046343       0.0034   5000
516         17   46970148   46973233      6       1  351827       2.6626    0.0038764       0.0024   5000
11267       17   47007458   47022484     24       1  351827         2.62    0.0043971       0.0034   5000
162466      17   47300728   47309009      5       2  351827      0.63387      0.26308         0.25   1000
4804        17   47572655   47592382      3       1  351827     -0.73387      0.76848        0.788   1000
8405        17   47676246   47755525      9       1  351827      0.50776      0.30581        0.297   1000
1748        17   48046562   48052323     14       2  351827      -0.5188      0.69805        0.682   1000
1747        17   48067369   48072588      2       1  351827      -1.2923      0.90187        0.885   1000
5164        17   48172101   48188733     17       2  351827      -2.2086       0.9864        0.991   1000
201191      17   48188673   48207246     20       1  351827      -1.8433      0.96736        0.961   1000
84687       17   48211101   48227877      1       1  351827     -0.15243      0.56058        0.564   1000
6442        17   48243240   48253293     56      11  351827     0.013931      0.49444        0.488   1000
162461      17   48348767   48358846      3       1  351827     -0.10966      0.54366        0.535   1000
80221       17   48503519   48552200     23       1  351827       -2.282      0.98876        0.987   1000
84073       17   48585745   48608863    118      15  351827      0.20957        0.417        0.429   1000
55040       17   48610043   48621111     50       4  351827      0.70995      0.23887        0.227   1000
64847       17   48624450   48633213    220      29  351827     -0.16904      0.56712        0.537   1000
8714        17   48712205   48769063     20       4  351827      -1.0083      0.84335        0.855   1000
91369       17   48770551   48785270     72       7  351827     -0.79494      0.78668        0.807   1000
9043        17   49039535   49198226     56       1  351827      -1.0924      0.86267        0.863   1000
4830        17   49230920   49239450    271       8  351827     0.039169      0.48438         0.46   1000
4831        17   49242796   49249105    326      12  351827     -0.05311      0.52118         0.49   1000
1353        17   53029259   53046064    327       9  351827     -0.22309      0.58827        0.586   1000
252983      17   53046119   53241646    326      10  351827      0.39298      0.34717        0.338   1000
339210      17   54869274   54911256    106       3  351827       1.0196      0.15395        0.139   1000
59342       17   55055468   55084129     43       4  351827      -1.0152      0.84499        0.812   1000
8165        17   55162553   55198710     12       2  351827      0.17244      0.43155        0.437   1000
51649       17   55916287   55927433      1       1  351827       0.3943      0.34668        0.356   1000
140735      17   56160780   56167618     22       3  351827     -0.92235      0.82183        0.841   1000
9256        17   56378588   56406152     21       3  351827      -1.0585      0.85509        0.844   1000
6827        17   56422536   56429599    233       6  351827      0.48085      0.31531        0.325   1000
56155       17   56634038   56769416    147       4  351827      0.64476      0.25954        0.269   1000
5889        17   56769934   56811703    323       7  351827      0.94613      0.17204        0.181   1000
4591        17   57059999   57184266    699      17  351827     -0.74627      0.77225        0.777   1000
348235      17   57187308   57232800    471       8  351827     -0.21595      0.58549        0.596   1000
55181       17   57287371   57292611      8       2  351827        0.996      0.15963        0.177   1000
284161      17   57297828   57353331     31       4  351827      0.31643      0.37584        0.377   1000
51136       17   58029723   58042117     97       5  351827      0.83892      0.20076        0.184   1000
63897       17   58118790   58156292     88       7  351827     0.010594      0.49577        0.495   1000
6909        17   59477257   59486827     39       4  351827     -0.39769      0.65457        0.645   1000
9496        17   59529134   59562471      4       1  351827      -1.5773      0.94264        0.947   1000
83990       17   59756547   59940920    203       6  351827      0.19384      0.42315        0.426   1000
9969        17   60019966   60142643     64       3  351827      0.65147      0.25737        0.273   1000
9902        17   60704762   60770962      7       2  351827      0.78363      0.21663        0.222   1000
1534        17   61509665   61523724     13       1  351827      0.39483      0.34648        0.343   1000
1636        17   61554422   61575741     35       3  351827     -0.97524      0.83528        0.831   1000
10238       17   61627796   61671641      8       2  351827      -1.2438      0.89322        0.891   1000
4215        17   61699404   61773670    194       4  351827     -0.96718      0.83327        0.837   1000
80774       17   61773249   61778527      5       1  351827     -0.58816      0.72179        0.735   1000
92335       17   61780192   61819330    234       6  351827     -0.10347      0.54121        0.581   1000
11325       17   61851549   61896677    369       6  351827      0.77638      0.21876        0.218   1000
117246      17   61896793   61905031    602      15  351827      0.52497       0.2998        0.292   1000
5705        17   61904770   61909387    345       8  351827       1.1905      0.11692        0.116   1000
974         17   62006098   62009710     68       2  351827       1.0316      0.15113        0.168   1000
92340       17   62075711   62081645     29       4  351827     -0.12277      0.54885        0.555   1000
3384        17   62079955   62097994     22       2  351827     0.066343      0.47355        0.484   1000
2081        17   62116502   62207502     43       2  351827      0.73437      0.23136        0.228   1000
284021      17   62461567   62464760    180       5  351827     -0.42248      0.66366        0.669   1000
8787        17   63133456   63223821     34       2  351827      0.53481      0.29639        0.255   1000
201134      17   63631658   64188212     22       1  351827    -0.054805      0.52185        0.518   1000
5578        17   64298760   64806862     31       7  351827       1.1809      0.11883        0.103   1000
27092       17   64960980   65029518     21       4  351827      0.62209      0.26694        0.255   1000
9931        17   65066554   65241349     31       1  351827    -0.054984      0.52192        0.511   1000
51321       17   66202127   66253305     64       8  351827     0.033432      0.48667        0.477   1000
22901       17   66255323   66425516     16       1  351827       1.3307     0.091639        0.079   1000
55062       17   66417422   66453653      7       1  351827     -0.90198      0.81647        0.809   1000
5573        17   66507921   66547457     19       1  351827    -0.095698      0.53812        0.555   1000
54757       17   66531257   66597095     27       2  351827      -2.3025      0.98935         0.99   1000
10351       17   66863428   66951550     81       2  351827        0.205      0.41879         0.43   1000
23460       17   67074847   67138015     56       2  351827       1.0924      0.13733        0.134   1000
10349       17   67144148   67240956      5       1  351827      0.40268      0.34359        0.367   1000
23461       17   67240576   67323323     69       4  351827       -1.272      0.89831        0.905   1000
6752        17   71161160   71168094      3       1  351827      0.81596      0.20726        0.228   1000
9382        17   71189070   71204646      1       1  351827     -0.21576      0.58541          0.6   1000
55028       17   71228372   71245098    154       3  351827      0.22382      0.41145        0.397   1000
642843      17   71244588   71258019     69      10  351827      0.18238      0.42764        0.414   1000
54549       17   71330523   71640227      6       1  351827      0.18251      0.42759        0.409   1000
124602      17   72322351   72351959      5       1  351827      0.65982      0.25468        0.282   1000
350383      17   72363532   72369104     14       1  351827      0.89314      0.18589        0.172   1000
55890       17   72427480   72447797     17       3  351827      -1.0202      0.84619        0.836   1000
10871       17   72537204   72542310     52       6  351827     -0.63038      0.73578         0.75   1000
101928343   17   72595979   72603730     18       3  351827      0.34236      0.36604        0.373   1000
3396        17   73008760   73017356     17       1  351827      0.71965      0.23587        0.235   1000
10476       17   73034955   73043074     18       4  351827     -0.14089      0.55602        0.542   1000
9121        17   73083822   73102257      1       1  351827     -0.87074      0.80805        0.822   1000
79637       17   73106047   73126360      7       2  351827     0.023033      0.49081        0.475   1000
30833       17   73126320   73127890     97       5  351827      0.52333      0.30037        0.326   1000
6613        17   73163825   73179098     21       1  351827       0.2264      0.41045        0.422   1000
79902       17   73201597   73231854    472      16  351827      0.73093      0.23241        0.202   1000
23163       17   73232694   73258444    432      16  351827     -0.10498       0.5418        0.549   1000
51081       17   73257749   73262457    243      11  351827     0.042892      0.48289        0.502   1000
2885        17   73314157   73401790     27       1  351827     -0.22544      0.58918        0.585   1000
283989      17   73512609   73520821      2       1  351827      -1.6059      0.94585        0.933   1000
3993        17   73521783   73571290    146       9  351827      0.56882      0.28474        0.291   1000
9400        17   73622925   73663270      9       3  351827     -0.14743       0.5586        0.574   1000
643008      17   73629514   73637486    110       6  351827    -0.017382      0.50693         0.46   1000
100130933   17   73642274   73644057     92       3  351827    0.0026645      0.49894        0.447   1000
201294      17   73823306   73840798     17       3  351827      -1.0106      0.84391        0.837   1000
23558       17   73841780   73851501     26       4  351827     0.088604       0.4647         0.45   1000
91107       17   73870242   73874683     46       4  351827     -0.35459      0.63855        0.616   1000
201292      17   73885041   73893084      8       2  351827       0.2299      0.40909        0.399   1000
64978       17   73894724   73901181     62       3  351827     -0.52047      0.69863        0.697   1000
85302       17   73905925   73937119    182      10  351827     -0.89333      0.81416        0.805   1000
51          17   73937588   73975515      8       2  351827       0.4443      0.32841        0.348   1000
100134934   17   73975298   73996667    199      13  351827     -0.90538      0.81737         0.81   1000
1018        17   73996235   74002080     43       6  351827      -1.2921      0.90183        0.907   1000
2125        17   74002926   74023533      6       1  351827      0.37785      0.35277        0.389   1000
6730        17   74034856   74068607     45       1  351827      0.89017      0.18669        0.218   1000
2302        17   74132414   74137380      8       1  351827      0.23787      0.40599        0.395   1000
114804      17   74138534   74236448     96       6  351827      -0.6945      0.75632        0.756   1000
283991      17   74261286   74267379     30       2  351827       0.4005       0.3444        0.334   1000
84074       17   74270130   74304771    117       8  351827       1.1872      0.11756        0.125   1000
5635        17   74306868   74379970     78       5  351827      0.12444      0.45048        0.444   1000
15          17   74449433   74466199     38       3  351827       1.8274     0.033823         0.04   1000
79651       17   74466975   74497509     37       3  351827       1.8334     0.033373         0.04   1000
768206      17   74523668   74541458     23       1  351827     -0.88312      0.81141        0.817   1000
10610       17   74561461   74582145     55       5  351827     -0.81881      0.79355        0.779   1000
439921      17   74669748   74707056    296      19  351827      0.88575      0.18788        0.201   1000
124512      17   74722912   74729962      1       1  351827     -0.18766      0.57443         0.56   1000
79157       17   74732647   74775336     40       4  351827     -0.50751       0.6941        0.707   1000
146664      17   74864798   74946472     41       2  351827     -0.50039       0.6916         0.69   1000
10801       17   75277492   75496678     59       3  351827       1.7667     0.038638        0.037   1000
11322       17   76108999   76128488      4       1  351827     -0.50751       0.6941         0.68   1000
147138      17   76125505   76139049     11       2  351827     -0.70894      0.76082        0.764   1000
9144        17   76164632   76169009     13       1  351827      0.51586      0.30297        0.313   1000
8632        17   76419778   76573476    106       3  351827     0.020503      0.49182         0.48   1000
9267        17   76670130   76778376    115       4  351827      0.61245      0.27012        0.258   1000
100653515   17   76886577   76899299      5       1  351827    -0.028217      0.51126        0.529   1000
124583      17   76987798   77005899     48       5  351827      -2.2509       0.9878        0.989   1000
114897      17   77019016   77045870      3       1  351827      -0.7382       0.7698        0.766   1000
64772       17   77067565   77084685     69      12  351827      -2.9155      0.99822        0.998   1000
57332       17   77768176   77770915     58       9  351827       1.0883      0.13824        0.139   1000
125058      17   77906142   78009657     20       2  351827      -1.1555      0.87606        0.883   1000
55036       17   78010431   78074412    107       6  351827      -2.1469       0.9841        0.981   1000
2548        17   78075339   78093680    251      19  351827       -0.186      0.57378        0.584   1000
9775        17   78109013   78120982     17       1  351827    -0.084447      0.53365        0.532   1000
79092       17   78143791   78183130     41       3  351827       1.4393     0.075027        0.085   1000
6448        17   78180515   78194199     39       4  351827       1.6395     0.050553        0.055   1000
284129      17   78194200   78227308      8       2  351827       1.1149      0.13244        0.133   1000
57674       17   78234643   78372586     17       4  351827     -0.11112      0.54424        0.537   1000
284131      17   78388965   78411886     28       3  351827      0.22245      0.41198        0.418   1000
79643       17   78965641   78973933     23       2  351827     -0.32454      0.62723        0.625   1000
22994       17   79163393   79196793    113       9  351827       1.1999      0.11509        0.117   1000
146705      17   79202072   79212891      2       1  351827     -0.22613      0.58945         0.57   1000
284184      17   79213039   79215098     27       1  351827     -0.69219      0.75559        0.765   1000
124565      17   79218799   79269233    108      12  351827     -0.50927      0.69472        0.669   1000
55666       17   79523913   79604138    230      14  351827      -2.4773      0.99338         0.99   1000
83882       17   79609349   79615779    281      11  351827      -2.2933      0.98908        0.992   1000
5148        17   79617489   79623607      4       1  351827      -1.4748      0.92986        0.929   1000
339229      17   79632066   79633618    112       2  351827       -1.933      0.97338        0.977   1000
339230      17   79633761   79640937    197       6  351827      -1.4376      0.92473        0.913   1000
339231      17   79648224   79650954    313      14  351827       -1.322      0.90691        0.936   1000
2642        17   79762010   79771889      1       1  351827      -1.0633      0.85619        0.838   1000
5831        17   79890260   79895203     28       1  351827       -1.337      0.90939        0.898   1000
79058       17   79935426   79975282      1       1  351827       1.0807      0.13991        0.135   1000
201254      17   79976579   79980786     90       7  351827      0.60316       0.2732        0.284   1000
201255      17   79981280   79989027    100       7  351827      0.42577      0.33514        0.353   1000
51181       17   79993757   79995573     47       4  351827       1.5314     0.062834        0.064   1000
284001      17   80059333   80170705    379       4  351827     -0.18474      0.57328         0.58   1000
9123        17   80186282   80197375     61       1  351827       1.1626       0.1225        0.117   1000
924         17   80272746   80275480      8       1  351827      0.90303      0.18326        0.176   1000
6398        17   80278900   80291921    165       6  351827     0.037063      0.48522        0.492   1000
79701       17   80347086   80376513    145      10  351827      0.70945      0.23902        0.227   1000
284004      17   80376240   80400516     75       4  351827       1.1474       0.1256        0.114   1000
79415       17   80400462   80408707     73       4  351827       2.5133    0.0059801       0.0074   5000
26502       17   80415611   80446143    133      10  351827       1.9965      0.02294        0.017   1000
56270       17   80572438   80606411    108      16  351827      0.16448      0.43468        0.442   1000
101929552   17   80671785   80674324    117       5  351827      -1.3202      0.90661        0.901   1000
79672       17   80674582   80685893    586      23  351827     -0.40328      0.65663        0.648   1000
64122       17   80693452   80709073      1       1  351827     -0.39568      0.65383        0.651   1000
6904        17   80709938   80901062    377      14  351827     -0.61692      0.73136        0.726   1000
79755       17   80787310   80797931     92       4  351827      -0.3669      0.64315         0.63   1000
146712      17   80900009   81009686     17       2  351827     0.083748      0.46663        0.468   1000
284207      17   81037567   81052867      4       1  351827      -1.5311      0.93713        0.937   1000
9984        18     214520     268059      1       1  351827      0.85102      0.19738        0.195   1000
27098       18     596998     650298     46       7  351827      -1.0557      0.85445        0.841   1000
55556       18     670324     712662    131       8  351827       0.3458      0.36475        0.367   1000
116         18     904366     912173     58       7  351827  -0.00083278      0.50033        0.507   1000
64863       18    2537524    2571489    157      12  351827      0.39441      0.34664        0.353   1000
23347       18    2655886    2805015    158       2  351827       1.9931     0.023126        0.025   1000
84034       18    2846786    2914090      1       1  351827      -1.2562      0.89548        0.892   1000
9663        18    2916992    3013313     66       5  351827      0.46865      0.31966         0.31   1000
10627       18    3247472    3256234     23       1  351827       1.0668      0.14303        0.143   1000
9229        18    3496030    4455310     43       5  351827      0.82054      0.20595        0.183   1000
645369      18    5889411    5895373      5       2  351827      -1.4189      0.92204        0.919   1000
91133       18    5954705    6414910      1       1  351827      0.37669       0.3532        0.391   1000
284217      18    6941743    7117813     17       1  351827      -2.6108      0.99548        0.996   1000
57045       18    9334765    9402424    212      13  351827     -0.33291       0.6304         0.65   1000
9989        18    9546789    9614605     19       2  351827     -0.27775       0.6094        0.615   1000
147495      18   10454625   10488698     21       1  351827     -0.31291      0.62283        0.624   1000
8774        18   10525873   10552766    206       9  351827     -0.38031      0.64814        0.653   1000
2774        18   11689014   11885684     94       9  351827      0.21296      0.41568        0.411   1000
57132       18   11851389   11854448     14       2  351827      -1.7662      0.96132         0.96   1000
65258       18   11883470   11908796     49       8  351827     -0.23067      0.59121        0.588   1000
3613        18   11981427   12030885     47       6  351827     -0.27272      0.60747        0.597   1000
1149        18   12254318   12277594      9       2  351827       2.0635     0.019534        0.022   1000
10650       18   12407895   12432237    348      18  351827      0.32709       0.3718         0.39   1000
56907       18   12446511   12661456      9       2  351827     -0.29023      0.61418        0.618   1000
56984       18   12658738   12725739    142       6  351827     -0.30302      0.61906        0.628   1000
81929       18   12947983   12987536     56       4  351827       0.3265      0.37202        0.358   1000
55125       18   12991352   13125052    377      16  351827     -0.21177      0.58386        0.563   1000
125228      18   13663346   13726591     13       1  351827     -0.80665      0.79007        0.806   1000
162655      18   14075989   14132489    234      21  351827      0.05438      0.47832        0.475   1000
114799      18   19109242   19180697     39       1  351827        1.933     0.026618        0.025   1000
6632        18   19192260   19210208      6       1  351827       0.3495      0.36336        0.367   1000
171586      18   19230858   19284766     14       1  351827       2.8834     0.001967       0.0022   5000
57534       18   19321290   19450918    104       5  351827       2.2537     0.012108        0.017   1000
5932        18   20513295   20606451     48       2  351827      0.42971       0.3337        0.334   1000
85019       18   20875977   21017925     77       3  351827        1.307     0.095599        0.108   1000
29919       18   21083434   21113311    152       7  351827      0.83396      0.20215         0.22   1000
4864        18   21086148   21166581    201      11  351827      0.71158      0.23836        0.246   1000
147463      18   21179977   21242849     13       2  351827     0.066274      0.47358        0.505   1000
6875        18   23806409   23971649     17       2  351827        1.957     0.025173        0.031   1000
1000        18   25530930   25757445     33       2  351827     -0.16758      0.56654         0.56   1000
1825        18   28570052   28622781      3       1  351827      0.68267      0.24741        0.243   1000
1824        18   28645938   28682388      8       2  351827     -0.26354      0.60393        0.613   1000
9331        18   29202209   29306560      2       1  351827     -0.43474      0.66812        0.667   1000
57565       18   30252634   30353815      5       1  351827     -0.89398      0.81433        0.821   1000
80816       18   31158541   31331159     68       3  351827     0.048666      0.48059        0.489   1000
1837        18   32073254   32471808     12       1  351827     -0.30317      0.61912        0.604   1000
100101467   18   32831023   32870196     33       4  351827       1.2416       0.1072        0.106   1000
7572        18   32912178   32924428     33       2  351827      0.87986      0.18947        0.165   1000
252884      18   32946661   32957301      1       1  351827       -1.082      0.86037        0.861   1000
125476      18   33032194   33078110     21       5  351827       1.2291      0.10952        0.118   1000
2589        18   33207400   33291798    105      14  351827       1.1141      0.13263        0.133   1000
55197       18   33569787   33647538    122       7  351827      0.73485      0.23121        0.214   1000
55250       18   33709837   33754688      2       1  351827     -0.15828      0.56288        0.561   1000
55034       18   33767480   33848685     43       6  351827       1.3833     0.083289        0.092   1000
80206       18   33877677   34360019     20       5  351827      0.49251      0.31118        0.317   1000
25941       18   34359513   34409179    442      13  351827       0.5381      0.29525        0.264   1000
5289        18   39535165   39662272    115       5  351827       1.5676     0.058483         0.06   1000
6860        18   40847857   40857615      2       1  351827       1.0278      0.15203        0.146   1000
8170        18   42792947   43263072      2       1  351827      -1.0599      0.85541        0.847   1000
6563        18   43304088   43332485    155      10  351827      -1.0466      0.85236        0.844   1000
284266      18   43405545   43422521      2       1  351827     -0.36934      0.64406        0.641   1000
57724       18   43427574   43547305    156      11  351827     -0.88285      0.81134        0.831   1000
115106      18   43684298   43708299    134      10  351827    -0.037759      0.51506        0.502   1000
494470      18   43906772   44041159     62       2  351827      -1.0699      0.85766        0.862   1000
125336      18   44056935   44236996     39       1  351827      0.97587      0.16457         0.17   1000
83473       18   44497565   44628614    370       8  351827      -0.6322      0.73637        0.712   1000
84064       18   44633781   44676891    201       7  351827      -2.5555       0.9947        0.994   1000
51124       18   44681390   44702745     19       1  351827     -0.19841      0.57864        0.577   1000
4087        18   45359466   45457564      2       1  351827      0.47916      0.31591        0.328   1000
9811        18   46065427   46389588      1       1  351827     -0.46702      0.67976        0.668   1000
54808       18   46567846   46987172      1       1  351827       1.5328     0.062657        0.052   1000
497661      18   47007548   47013644    132       9  351827      -0.9239      0.82223        0.831   1000
4645        18   47349156   47721542     57       3  351827      0.73572      0.23095        0.225   1000
5596        18   48086484   48258196     42       4  351827       1.2279      0.10975         0.11   1000
83876       18   48321490   48351808     49       3  351827       1.9111     0.027994        0.025   1000
4200        18   48405432   48476165     58       6  351827      0.52132      0.30107        0.325   1000
4089        18   48556583   48611412     37       1  351827     -0.25572      0.60092        0.606   1000
51320       18   48700920   48724051     38       2  351827      0.47049        0.319        0.316   1000
11201       18   51795849   51837583    808      23  351827       1.2924      0.09811        0.071   1000
162681      18   51884284   51908404      4       1  351827     -0.83108      0.79704        0.782   1000
80323       18   52568740   52626739    175      12  351827       2.1741      0.01485        0.012   1000
23335       18   54318590   54697036     13       1  351827      0.22886      0.40949        0.409   1000
2235        18   55212073   55253969      6       2  351827       -1.355       0.9123        0.925   1000
4677        18   55267888   55289177      9       1  351827    -0.083545      0.53329        0.584   1000
23327       18   55711580   56068772     15       2  351827      0.24118      0.40471        0.398   1000
10892       18   56338618   56417371     60       3  351827     -0.48571      0.68641        0.705   1000
55205       18   56529832   56653709      1       1  351827      0.83517      0.20181        0.207   1000
90701       18   56806709   56826069     75       3  351827       1.4794     0.069516         0.06   1000
3998        18   56995055   57026508      9       2  351827      -1.4895      0.93182        0.939   1000
147372      18   57098171   57364860     38       4  351827     -0.73706      0.76946         0.79   1000
28316       18   59000815   59237123      1       1  351827      -1.7627      0.96103        0.962   1000
220441      18   59475300   59561634     11       2  351827       1.3827     0.083371        0.073   1000
23556       18   59711457   59854289    686      23  351827     -0.32673      0.62807        0.635   1000
57614       18   59854506   59974355    280       4  351827      0.17972      0.42868        0.391   1000
23239       18   60382672   60647676     46       1  351827       2.3017     0.010676        0.011   1000
2531        18   60994971   61034506     73      10  351827     -0.26381      0.60404        0.591   1000
5268        18   61144144   61172318     11       2  351827     -0.49753      0.69059         0.69   1000
5273        18   61575224   61602948    253       3  351827     -0.58085      0.71933        0.699   1000
284293      18   61616588   61627646    203       3  351827     -0.37239       0.6452        0.646   1000
5271        18   61637263   61656608    271       3  351827     -0.62073      0.73261         0.73   1000
54495       18   66340925   66382535     79       2  351827       1.3074     0.095537        0.088   1000
79839       18   66382466   66756517     83       6  351827     -0.92185       0.8217         0.78   1000
81832       18   70409549   70534828     12       2  351827     -0.72837      0.76681         0.77   1000
201456      18   71740588   71815100      7       1  351827     -0.19845      0.57866        0.575   1000
55748       18   72163500   72190689     60       7  351827      -1.5157       0.9352        0.948   1000
284273      18   72909278   72921281     25       3  351827       0.2312      0.40858        0.401   1000
9658        18   74069637   74207146      1       1  351827     -0.32116      0.62596        0.629   1000
7776        18   74535149   74682688    140       7  351827       1.7857     0.037072        0.046   1000
2587        18   74962008   74982098     58       7  351827      -1.5189      0.93561        0.946   1000
26251       18   77623668   77659816     18       4  351827       2.3495    0.0093984         0.01   1000
80148       18   77662420   77711664    132       7  351827      -1.6902       0.9545        0.955   1000
440498      18   77724582   77730822    321       9  351827      0.31713      0.37557        0.347   1000
10907       18   77732867   77748546    351       9  351827      0.57759      0.28177        0.247   1000
79863       18   77794346   77810652    214      10  351827       0.1611      0.43601        0.426   1000
8612        19     281040     291435     72       8  351827      -1.3646       0.9138        0.922   1000
54531       19     305575     344791     59       8  351827      0.83613      0.20154        0.221   1000
126567      19     405443     409170     82      11  351827      0.36457      0.35772        0.362   1000
25759       19     416583     460996     83      13  351827       1.5014     0.066631        0.081   1000
284451      19     463346     474983     35       5  351827      0.50015      0.30849        0.331   1000
682         19     571277     583493     30       1  351827     -0.25081      0.59902        0.584   1000
5442        19     617223     633665     23       3  351827      0.62249      0.26681        0.274   1000
55658       19     647526     663313      9       1  351827      0.99369      0.16019         0.18   1000
57418       19     984328     994569    205      23  351827      0.36585      0.35724        0.361   1000
116444      19    1000437    1009723     61       8  351827      0.34857       0.3637        0.359   1000
91304       19    1009650    1021173      1       1  351827      -1.1434      0.87356        0.881   1000
1265        19    1026274    1039064     47       8  351827      0.13689      0.44556        0.466   1000
10347       19    1040102    1065571     67      11  351827     -0.52232      0.69928        0.697   1000
5434        19    1086578    1095391     50      10  351827      0.17974      0.42868        0.398   1000
2879        19    1103936    1106787     20       5  351827     -0.30431      0.61955        0.625   1000
6794        19    1205798    1228434      3       1  351827      -2.1361      0.98366        0.986   1000
513         19    1241749    1244824     14       1  351827      0.90101      0.18379        0.183   1000
55009       19    1275520    1279243     17       2  351827       1.3038     0.096142        0.083   1000
84939       19    1354976    1378430     28       3  351827       1.3613     0.086708        0.079   1000
26528       19    1407584    1435683      1       1  351827      0.38375      0.35058        0.334   1000
54760       19    1481427    1490886      6       2  351827     -0.89395      0.81433        0.814   1000
126520      19    1524073    1535455      5       2  351827     -0.13246      0.55269        0.531   1000
148229      19    1782074    1812275     93       8  351827     0.038274      0.48473        0.488   1000
81926       19    1876975    1885518      6       2  351827      0.46883       0.3196        0.323   1000
113178      19    1905213    1926012     28       4  351827       1.8413     0.032791        0.022   1000
1455        19    1941148    1981337     18       2  351827       1.5551     0.059962        0.049   1000
55643       19    1985437    2015702     64       4  351827       1.6426     0.050231        0.042   1000
55111       19    2233149    2237703     31       1  351827        1.786      0.03705        0.049   1000
268         19    2249113    2252072    102       8  351827       2.0859     0.018495        0.031   1000
374872      19    2274631    2282181     16       3  351827     0.055205      0.47799        0.474   1000
51690       19    2321520    2328614     93      10  351827      0.43778      0.33077        0.318   1000
56928       19    2328629    2355100     91      10  351827      0.22295      0.41179        0.403   1000
360200      19    2381507    2426480     61       6  351827        0.703      0.24103        0.248   1000
29985       19    2729925    2740074     17       1  351827       2.0349     0.020931         0.02   1000
6449        19    2754711    2783363     62       2  351827       1.0551       0.1457         0.15   1000
7064        19    2785464    2813599     23       1  351827       1.0084      0.15663        0.164   1000
115196      19    2819872    2836733     84       3  351827      0.79541      0.21319        0.212   1000
80032       19    2867333    2878515     58       3  351827     -0.50571      0.69347        0.729   1000
58492       19    2933216    2944969      4       2  351827     -0.45335      0.67485        0.667   1000
79816       19    2977536    2995182     26       2  351827     -0.11454       0.5456        0.562   1000
7089        19    2997636    3047846      2       1  351827      -2.5846      0.99513        0.997   1000
166         19    3052908    3062964      8       2  351827       1.9336      0.02658        0.026   1000
2769        19    3136191    3163766      5       1  351827      0.69462      0.24365        0.248   1000
56926       19    3185875    3209573     81       5  351827      0.59686       0.2753        0.267   1000
4782        19    3359561    3469215     27       4  351827      0.88655      0.18766        0.204   1000
51343       19    3506261    3536755      1       1  351827     -0.32592      0.62776        0.621   1000
100128569   19    3538674    3544121     43       4  351827       0.3817      0.35134        0.359   1000
126326      19    3585557    3593539     16       2  351827      0.31227      0.37742        0.369   1000
58509       19    3610626    3626813     75       3  351827     -0.15051      0.55982        0.558   1000
116541      19    3762665    3767563     36       6  351827      0.21092      0.41648        0.422   1000
1938        19    3976054    3985477      8       2  351827      0.20304      0.41955        0.433   1000
5605        19    4090319    4124126      1       1  351827     -0.17969       0.5713         0.58   1000
51548       19    4174106    4182596     32       2  351827       1.5007     0.066711         0.05   1000
170961      19    4182665    4224811     36       3  351827       1.4801     0.069417        0.051   1000
55620       19    4324040    4342783     38       7  351827     -0.52491      0.70018        0.689   1000
84954       19    4343524    4360083     99       5  351827       2.7844     0.002681       0.0028   5000
10036       19    4402660    4443394    111       9  351827      0.78898      0.21506        0.217   1000
80700       19    4445003    4457791    105       5  351827       2.6759     0.003726       0.0028   5000
440503      19    4522543    4535208     41       4  351827     -0.81815      0.79336        0.771   1000
55527       19    4791728    4795571    100       9  351827    -0.035872      0.51431        0.531   1000
10226       19    4838346    4867780     27       2  351827      0.15399      0.43881        0.422   1000
645432      19    4890449    4902879      7       1  351827     -0.12748      0.55072        0.538   1000
23030       19    4969123    5153609     23       3  351827       1.1835       0.1183        0.117   1000
25873       19    5690272    5691678    137       4  351827     -0.65702      0.74442        0.753   1000
9361        19    5691845    5720463    103      13  351827      0.80073      0.21164        0.223   1000
56931       19    5785151    5791249     49       3  351827      -1.1798      0.88096        0.857   1000
126328      19    5891287    5904024     64       5  351827      0.29623      0.38353        0.403   1000
828         19    5913659    5916222    109       8  351827      0.52598      0.29945        0.312   1000
8192        19    6361463    6368915     23       1  351827       1.7664     0.038667        0.039   1000
2962        19    6379580    6393291     89       6  351827     -0.70012      0.75807         0.76   1000
284427      19    6426048    6433790     46       8  351827     0.025392      0.48987        0.482   1000
79085       19    6436092    6460232      4       1  351827       1.2366      0.10812        0.102   1000
970         19    6582969    6591163      7       2  351827      -1.9693      0.97554        0.975   1000
718         19    6677846    6720662      3       1  351827       0.1938      0.42317        0.431   1000
56927       19    6729925    6737633     34       6  351827       2.0121     0.022107        0.015   1000
9322        19    6739693    6751529      1       1  351827       1.5342     0.062485        0.072   1000
10045       19    6752171    6767531      9       2  351827      -1.1032      0.86502        0.858   1000
92960       19    7541756    7555884     42       4  351827      -1.0167      0.84535        0.849   1000
140467      19    7580169    7585911     19       2  351827      0.12439       0.4505        0.456   1000
56949       19    7684411    7694439    121       8  351827     -0.84559      0.80111        0.788   1000
100131801   19    7694671    7696510      5       1  351827      -0.3227      0.62654        0.626   1000
126006      19    7696501    7701282     45       3  351827      -0.6076      0.72827        0.726   1000
56729       19    7733972    7735340      2       1  351827      0.03037      0.48789        0.483   1000
126003      19    7745707    7747748      2       1  351827      0.05896      0.47649         0.48   1000
2208        19    7753643    7767036     37       4  351827       2.2833     0.011205       0.0112   5000
339390      19    7793843    7797057     28       5  351827       1.3232     0.092889        0.093   1000
10332       19    7828035    7834491     16       4  351827      -2.8449      0.99778        0.998   1000
115704      19    7895161    7929862     83       7  351827     -0.30385      0.61938        0.622   1000
80164       19    7933605    7939326     13       1  351827     -0.57445      0.71717        0.733   1000
10469       19    7991603    8008708    100       3  351827      0.31422      0.37668        0.366   1000
79603       19    8274217    8327305     62      11  351827    -0.031968      0.51275        0.527   1000
51293       19    8367011    8373439     35       1  351827      -1.8664      0.96901         0.97   1000
4701        19    8373492    8386452     36       1  351827      -2.3803      0.99135        0.995   1000
6234        19    8386384    8387280    104      10  351827      0.29733      0.38311        0.385   1000
256949      19    8387468    8408146     64       4  351827      -1.2299      0.89064        0.893   1000
51257       19    8478187    8503901    177      19  351827      0.33871      0.36742        0.365   1000
4542        19    8585674    8642331     14       1  351827       1.0602      0.14453        0.124   1000
81794       19    8645124    8675588      3       1  351827       1.4954     0.067399        0.072   1000
148156      19    8920250    8942972     61       4  351827       0.2849      0.38786        0.385   1000
57693       19    9251056    9274091     50       5  351827     -0.46839      0.68025        0.653   1000
162998      19    9296270    9299493    304      10  351827      0.52389      0.30018        0.269   1000
374879      19    9404246    9420390     28       2  351827      0.62274      0.26673        0.261   1000
84527       19    9434448    9461838     63       5  351827       0.9614      0.16818         0.17   1000
7730        19    9473696    9493293      5       2  351827     0.054852      0.47813        0.469   1000
10781       19    9523102    9546254    723      13  351827       1.1317      0.12888        0.153   1000
147741      19    9577031    9609279    101       3  351827       1.1724      0.12052        0.133   1000
79088       19    9638667    9649638    486       6  351827     -0.40615      0.65768        0.639   1000
93134       19    9718002    9731916    630       9  351827       1.0317      0.15111        0.169   1000
54811       19    9759330    9785776     58       1  351827     -0.61827       0.7318         0.74   1000
162993      19    9867845    9896834    152       2  351827       1.0618      0.14416        0.143   1000
5300        19    9945883    9960365      2       1  351827       1.8768     0.030276        0.027   1000
93145       19    9964394   10047070     66      11  351827      0.95248      0.17043        0.176   1000
50509       19   10070237   10121147      6       1  351827      0.75453      0.22526        0.226   1000
83854       19   10203013   10215710      6       1  351827     -0.76309       0.7773        0.783   1000
56342       19   10216899   10221975      1       1  351827      0.75469      0.22522        0.193   1000
5032        19   10222197   10226065     44       6  351827     -0.69423      0.75623        0.775   1000
9294        19   10332109   10341948     11       1  351827      -2.0008      0.97729         0.98   1000
51073       19   10362640   10370736     87       8  351827     -0.48061       0.6846        0.702   1000
7087        19   10400655   10407454     43       5  351827      -1.1916      0.88329        0.883   1000
112812      19   10420887   10427241      2       1  351827      0.17152      0.43191        0.414   1000
7297        19   10461204   10491248     43       5  351827        1.451     0.073385        0.079   1000
5141        19   10527449   10580307      5       2  351827       1.3606     0.086826        0.103   1000
9817        19   10596796   10614054     62       4  351827        1.736     0.041278        0.033   1000
65095       19   10663761   10676702    119       7  351827     -0.24503      0.59678         0.63   1000
1032        19   10677138   10679655     57       2  351827     -0.01175      0.50469         0.53   1000
10053       19   10683347   10697991     67       7  351827      0.25716      0.39853        0.433   1000
57153       19   10713121   10755235     46       5  351827     -0.90714      0.81783        0.837   1000
1785        19   10828729   10944169     23       3  351827       1.2689      0.10223        0.105   1000
6597        19   11071598   11172958     56       2  351827      -0.1809      0.57178        0.591   1000
147841      19   11257444   11266563     21       2  351827      0.55363      0.28991        0.273   1000
25959       19   11274943   11308243     13       2  351827      0.69305      0.24414        0.243   1000
57572       19   11309969   11373168     26       3  351827      -2.7838      0.99731        0.998   1000
9545        19   11432722   11450344      3       1  351827      -1.2461      0.89363        0.891   1000
374882      19   11453452   11457065      5       1  351827      0.10519      0.45811        0.459   1000
126075      19   11457160   11465620     10       1  351827     -0.38003      0.64804        0.667   1000
57139       19   11504732   11530018     21       1  351827     -0.80775      0.79038        0.791   1000
115948      19   11531272   11546853      5       1  351827     -0.15689      0.56234        0.573   1000
5589        19   11546111   11561783     49       5  351827     -0.50785      0.69422        0.693   1000
51295       19   11616731   11639987     46       2  351827      0.54054      0.29441        0.293   1000
54          19   11685475   11689801     59       6  351827       1.0428      0.14852        0.147   1000
199692      19   11708235   11729974      7       1  351827     -0.75129      0.77376        0.757   1000
126070      19   11925099   11946016     24       2  351827      0.10777      0.45709        0.454   1000
90594       19   11959541   11980306     16       3  351827     -0.95866      0.83113        0.849   1000
284390      19   12075796   12091214    224       8  351827       2.0881     0.018392        0.017   1000
51710       19   12358059   12405714      4       2  351827      -1.1028      0.86494        0.871   1000
10224       19   12537710   12551926    113       2  351827      0.66079      0.25437        0.251   1000
163051      19   12571998   12595632    201       4  351827       1.0448      0.14805        0.155   1000
57474       19   12686920   12721623     49       2  351827       2.1338     0.016432        0.013   1000
163049      19   12721732   12740676      1       1  351827      0.71433      0.23751        0.254   1000
4125        19   12757322   12777591     99       4  351827       2.3283    0.0099483       0.0098   5000
51398       19   12778881   12780465     31       3  351827       1.0261      0.15243        0.142   1000
30000       19   12810008   12834838      6       1  351827       2.8929    0.0019083       0.0022   5000
29911       19   12873817   12889248      1       1  351827       2.3539    0.0092886         0.01   1000
7001        19   12907634   12912724     16       3  351827      0.80241      0.21116        0.201   1000
2639        19   13001943   13010813     47       2  351827      -0.2615      0.60315          0.6   1000
2193        19   13033284   13044558     41       2  351827      -1.3234      0.90715        0.907   1000
8677        19   13254872   13261188      5       2  351827     -0.12116      0.54822        0.551   1000
84245       19   13875328   13885096     27       4  351827      -1.4451      0.92578         0.93   1000
28974       19   13885257   13889587     44       1  351827      0.35933      0.35967         0.35   1000
79883       19   14042000   14064204     48       1  351827     -0.14206      0.55648        0.557   1000
90379       19   14063319   14072256     67       1  351827     -0.14298      0.55685        0.557   1000
9466        19   14142552   14163731     60       5  351827     -0.72522      0.76584        0.775   1000
5585        19   14544166   14582679     19       1  351827     -0.31626       0.6241        0.636   1000
5731        19   14583278   14586174      6       1  351827     0.083135      0.46687        0.469   1000
10755       19   14588571   14606961      8       2  351827      -1.1027      0.86492         0.86   1000
388512      19   14693896   14721956      1       1  351827      -1.6863      0.95413        0.952   1000
84449       19   14800711   14844558    135      11  351827      0.45545      0.32439        0.323   1000
30817       19   14843509   14889353     56       3  351827      0.28951       0.3861        0.372   1000
85360       19   15218214   15225790      9       2  351827     -0.80592      0.78986        0.794   1000
64926       19   15562435   15575382     43       7  351827    -0.063193      0.52519        0.553   1000
66002       19   15783567   15807984    508      23  351827     -0.33146      0.62985        0.605   1000
57834       19   16023180   16045676    356      17  351827        1.207      0.11371        0.152   1000
4218        19   16222490   16244445     14       2  351827       1.4824     0.069111        0.062   1000
8907        19   16308665   16346156     74       4  351827     0.020155      0.49196         0.51   1000
84167       19   16607187   16632180    236      16  351827     -0.97451       0.8351        0.836   1000
9441        19   16685718   16739015      3       1  351827      0.14301      0.44314        0.447   1000
79086       19   16741562   16770968     65       5  351827     -0.52372      0.69976        0.694   1000
93323       19   17160571   17186428     90       6  351827     -0.60273      0.72665        0.746   1000
79629       19   17337040   17340028    120      13  351827      -1.2399      0.89248        0.903   1000
29086       19   17378200   17390162     13       2  351827      0.22101      0.41254        0.402   1000
126549      19   17392454   17398455    117      12  351827     -0.42878      0.66596        0.643   1000
79575       19   17402940   17414282     86       7  351827       0.3454       0.3649        0.348   1000
64981       19   17413616   17417652    213      21  351827     -0.43735      0.66907        0.642   1000
84705       19   17445735   17453540     20       1  351827      0.33766      0.36781        0.371   1000
83483       19   17462264   17488137     77       8  351827     -0.19599      0.57769         0.56   1000
684         19   17502238   17516458     23       2  351827     -0.14008       0.5557        0.556   1000
93343       19   17516512   17536141     16       2  351827     -0.34684      0.63564        0.653   1000
100130519   19   17546318   17559376     27       2  351827      -2.5013      0.99381        0.996   1000
115861      19   17566234   17571725     24       3  351827      -1.1803      0.88106        0.891   1000
376497      19   17581300   17616977     12       1  351827     -0.50368      0.69276        0.712   1000
25796       19   17622278   17632097      5       1  351827      -1.2413      0.89275        0.896   1000
79709       19   17666511   17693968      1       1  351827       1.2737      0.10139        0.107   1000
23025       19   17712137   17799123      8       2  351827      -2.3563      0.99077        0.994   1000
55201       19   17830303   17845324     67       4  351827     -0.19744      0.57826        0.563   1000
10331       19   17905919   17924385     18       3  351827     -0.43728      0.66905        0.686   1000
6142        19   17970687   17974133     35       1  351827      0.62855      0.26482        0.244   1000
115098      19   18043824   18054794     33       6  351827       1.0456      0.14787         0.14   1000
27106       19   18111944   18124911     15       2  351827       1.2603      0.10378        0.105   1000
3594        19   18170371   18197806     66       5  351827      0.92858      0.17655        0.177   1000
23031       19   18208585   18262502     53       4  351827     -0.70178      0.75859        0.762   1000
84769       19   18303986   18307552     33       3  351827      0.13118      0.44782        0.444   1000
5864        19   18307609   18314874     41       6  351827     -0.47602      0.68297        0.701   1000
5143        19   18318771   18359010     15       1  351827      -1.1034      0.86507        0.864   1000
80726       19   18367906   18385319    203      11  351827     -0.12183      0.54848        0.559   1000
25804       19   18417040   18434001     34       6  351827      -1.4566      0.92738        0.927   1000
54858       19   18451397   18480763     65       8  351827     -0.53679       0.7043        0.704   1000
126364      19   18501947   18508428     70       2  351827       1.3636     0.086351        0.087   1000
170463      19   18529679   18545372     43       2  351827       1.3481     0.088818        0.092   1000
8178        19   18553473   18632937    137       3  351827       1.6599     0.048468        0.051   1000
79036       19   18668572   18680197     20       1  351827     -0.31891       0.6251        0.618   1000
7311        19   18674576   18688270    182      13  351827      -1.1613      0.87723        0.883   1000
55049       19   18699495   18703147     92       9  351827      -1.6889      0.95438        0.953   1000
9244        19   18704035   18717660     46       5  351827      0.40734      0.34188        0.355   1000
11316       19   19010323   19030199     38       4  351827     0.026746      0.48933        0.474   1000
10147       19   19101697   19144861     42       1  351827      -1.6427      0.94978         0.95   1000
54929       19   19230425   19249310     15       3  351827     -0.85542      0.80384        0.805   1000
729991      19   19287713   19303400     69       3  351827      0.38755      0.34917        0.342   1000
404037      19   19366450   19373596    325       6  351827       1.4822     0.069143        0.078   1000
53345       19   19374841   19384074    165       4  351827         2.74     0.003072       0.0034   5000
374887      19   19639670   19648393    308       8  351827       1.2491      0.10582        0.111   1000
148113      19   19649057   19657468    199       5  351827     0.094464      0.46237        0.437   1000
9170        19   19734464   19739039    205       5  351827     -0.29119      0.61455        0.588   1000
51291       19   19740285   19754457      4       1  351827      0.74841      0.22711        0.228   1000
57130       19   19756007   19774512     48       3  351827       3.3226   0.00044587       0.0004  10000
7561        19   19821281   19843921     43       4  351827      -1.3165      0.90599        0.897   1000
440515      19   19896648   19932560    285       9  351827      0.22169      0.41228        0.386   1000
56242       19   19976639   20005099     76       3  351827      0.68288      0.24734        0.235   1000
81931       19   20011722   20046382    140       5  351827      0.46714       0.3202        0.312   1000
91120       19   20115227   20150277    317      13  351827     -0.32024      0.62561         0.64   1000
7643        19   20188803   20231977    256       6  351827      0.40196      0.34386        0.362   1000
100129842   19   20714067   20748626     19       1  351827     -0.21936      0.58682        0.602   1000
199777      19   20802745   20844402    226      11  351827      -0.3011      0.61833        0.614   1000
7639        19   21106059   21133503    420      13  351827    -0.041053      0.51637        0.558   1000
148206      19   21264953   21307897    126       4  351827      -1.5698      0.94177        0.936   1000
170959      19   21324813   21371070    115       5  351827      0.44231      0.32913        0.346   1000
7562        19   21473963   21512219    683      11  351827      0.39792      0.34534         0.34   1000
284443      19   21579921   21610297    552       9  351827      -0.7017      0.75857        0.767   1000
353088      19   21688437   21721079    884      16  351827      -1.0353      0.84974        0.859   1000
163227      19   21906417   21950430    662      28  351827      -0.1504      0.55978        0.584   1000
7757        19   22148897   22193745    929      20  351827     -0.15513      0.56164        0.569   1000
113835      19   22235126   22274276    662      17  351827       -1.324      0.90726        0.927   1000
163223      19   22361903   22379753      2       1  351827       2.0796     0.018779        0.025   1000
148198      19   22573899   22605148    747      14  351827    0.0031563      0.49874        0.524   1000
57615       19   22817126   22850472    734       7  351827     -0.31473      0.62352         0.63   1000
7652        19   22934985   22966973     31       2  351827      0.57601       0.2823        0.295   1000
388523      19   23157685   23186010    346       5  351827       1.2197      0.11129        0.117   1000
100129543   19   23299777   23330014     47       3  351827       1.1679      0.12142        0.127   1000
7644        19   23540498   23578269    103       2  351827     -0.84821      0.80184        0.789   1000
171392      19   23835583   23870036    157      10  351827     -0.98063      0.83661        0.845   1000
148213      19   23921997   23941693     35       6  351827     -0.10723       0.5427        0.548   1000
22847       19   32836514   32878573    154      12  351827      0.81273      0.20819          0.2   1000
9141        19   33072071   33078358    133       7  351827      -1.0531      0.85385         0.86   1000
84079       19   33087907   33166102     67       5  351827      -1.0295      0.84837        0.849   1000
390916      19   33157186   33204702    102       5  351827     -0.63141      0.73611         0.74   1000
91646       19   33210679   33281714      1       1  351827      0.91213      0.18085        0.155   1000
11136       19   33321417   33360683    363      15  351827     -0.53629      0.70412        0.719   1000
84902       19   33369904   33462930     32       3  351827       1.4625     0.071809        0.064   1000
91442       19   33463140   33468401    248      16  351827      -0.3625      0.64151        0.634   1000
85415       19   33469498   33555824    186       7  351827     0.079449      0.46834        0.468   1000
55094       19   33571786   33621318    174       6  351827      0.23529      0.40699        0.387   1000
126248      19   33622949   33667830    159       9  351827      0.57003      0.28433        0.272   1000
4037        19   33685599   33699773     33       6  351827     -0.75822      0.77584        0.787   1000
56301       19   33699570   33716756      5       1  351827     -0.18969      0.57522        0.569   1000
5184        19   33877855   34012799    187      13  351827      0.87362      0.19116        0.192   1000
64377       19   34112861   34264414    177      12  351827       1.3713     0.085143        0.081   1000
79047       19   34287751   34306666     12       2  351827      0.14269      0.44327        0.436   1000
284402      19   35084346   35085490     41       1  351827      -1.3424      0.91027        0.911   1000
55900       19   35168553   35177302    189      12  351827      -1.3194      0.90647        0.918   1000
339318      19   35225103   35233774    200       8  351827      -1.6548      0.95102        0.954   1000
90075       19   35417807   35436076    140       4  351827       1.0581      0.14501        0.151   1000
126375      19   35447078   35455139     54       5  351827      0.41812      0.33793        0.334   1000
57655       19   35485688   35517375     61       3  351827       1.1597      0.12308        0.126   1000
6324        19   35521555   35531353     60       3  351827       1.7575     0.039417        0.048   1000
3249        19   35531410   35557481      3       1  351827     0.038424      0.48467        0.471   1000
163175      19   35615417   35626178      2       1  351827      0.91274      0.18069        0.176   1000
53822       19   35634154   35645205    117       3  351827       1.3842      0.08315        0.079   1000
53827       19   35645625   35660788    128       4  351827       1.3961     0.081342        0.078   1000
51599       19   35739290   35758867    105      10  351827       1.3588      0.08711        0.079   1000
4099        19   35782989   35804710     92      15  351827      0.31668      0.37574        0.387   1000
933         19   35820069   35838264     25       5  351827      0.54593      0.29256        0.288   1000
2865        19   35849249   35851391     32       4  351827     -0.38138      0.64854        0.662   1000
93099       19   35988119   36004560     12       3  351827     -0.11199      0.54458         0.54   1000
1340        19   36139125   36149686     36       3  351827     -0.33716        0.632        0.637   1000
11045       19   36157418   36169387     43       3  351827      -0.7215       0.7647        0.753   1000
27033       19   36195389   36207940     24       2  351827     -0.94415      0.82745        0.818   1000
79713       19   36229957   36234075      2       1  351827      -1.2198      0.88873         0.89   1000
199746      19   36233428   36236409    167      17  351827      -0.1383        0.555        0.581   1000
55957       19   36239262   36245420     19       1  351827      0.75792      0.22425        0.242   1000
148137      19   36249044   36260077    105      10  351827     -0.62868      0.73522        0.749   1000
115703      19   36266417   36279724     31       2  351827        0.617      0.26862        0.242   1000
333         19   36358806   36370699     92       2  351827      -1.4455      0.92585        0.929   1000
25999       19   36505562   36523797     39       2  351827      0.93421       0.1751         0.16   1000
5438        19   36604611   36606206      2       1  351827       1.4005     0.080675        0.067   1000
1155        19   36605888   36616849      5       2  351827       1.8175     0.034569        0.027   1000
826         19   36630918   36641255    108       7  351827         1.92     0.027426        0.026   1000
1346        19   36641824   36643771     11       3  351827      -0.8928      0.81402        0.814   1000
147929      19   36673187   36705986    122       3  351827     -0.55287      0.70982        0.739   1000
284406      19   36882861   36909550     81       3  351827     -0.74439      0.77168        0.786   1000
84924       19   36936021   36980804     48       1  351827     -0.37009      0.64434        0.671   1000
339324      19   37001589   37019248    161       6  351827     -0.33088      0.62963        0.633   1000
57711       19   37034517   37096178    129       9  351827      -1.6366      0.94915        0.958   1000
163081      19   37178466   37212428    291       7  351827     -0.45558      0.67565        0.679   1000
342892      19   37234380   37263717     38       4  351827      -2.1141      0.98275        0.989   1000
25850       19   37341260   37384120     82       2  351827       0.1474      0.44141        0.456   1000
374899      19   37379026   37407193     39       5  351827     -0.46378       0.6786        0.682   1000
374900      19   37407231   37488834    403       7  351827     0.095077      0.46213         0.47   1000
92285       19   37672481   37701632    494       8  351827      0.12844       0.4489        0.445   1000
284459      19   37825580   37855357    239       4  351827      0.36214      0.35862        0.355   1000
84503       19   37862007   37883967     46       2  351827      0.71852      0.23622        0.219   1000
390927      19   37997323   38034239    922      13  351827      0.13534      0.44617        0.452   1000
22835       19   38123386   38148129    431       5  351827      0.30939      0.37851        0.394   1000
163115      19   38158650   38183216   1299      18  351827     -0.28756      0.61316        0.585   1000
84775       19   38187264   38210691    358       8  351827      0.33897      0.36732         0.37   1000
126231      19   38229203   38270230     71       4  351827      0.22166      0.41229         0.38   1000
23094       19   38397525   38699009      2       1  351827     -0.38557      0.65009        0.625   1000
10653       19   38755098   38783254     40       5  351827     0.064625      0.47424        0.477   1000
64073       19   38794804   38795646    145       7  351827       0.8188      0.20645        0.176   1000
9424        19   38810484   38819654      2       1  351827      0.50164      0.30796        0.281   1000
57828       19   38826443   38861589    268      14  351827      -0.6333      0.73673        0.761   1000
399473      19   38880840   38890524     33       1  351827      0.27034      0.39345        0.375   1000
147965      19   38893775   38899728      7       2  351827    -0.012434      0.50496         0.51   1000
6261        19   38924340   39078204      1       1  351827      0.80434       0.2106        0.192   1000
27335       19   39109722   39127595     19       2  351827    -0.030993      0.51236        0.504   1000
81          19   39138256   39221336     40       2  351827      -1.5015      0.93339         0.93   1000
147968      19   39220832   39235114    293      13  351827       -2.055      0.98006        0.985   1000
3960        19   39292311   39303740     50       4  351827     0.071546      0.47148        0.483   1000
1891        19   39306062   39322497     20       1  351827      0.98571      0.16214        0.162   1000
4793        19   39390340   39399534     23       3  351827       -1.923      0.97276         0.97   1000
54938       19   39405904   39421536     84       7  351827      -1.5108      0.93458        0.935   1000
115290      19   39432041   39466453     85      10  351827      0.54585      0.29259        0.292   1000
126433      19   39514661   39523198    229       8  351827      0.80898      0.20926        0.211   1000
10298       19   39616417   39670046    155      11  351827      0.94057      0.17346        0.165   1000
342897      19   39687604   39692522      9       1  351827      0.89895      0.18434        0.177   1000
9535        19   39818999   39826726      1       1  351827       1.0056      0.15731        0.141   1000
55095       19   39833108   39876340      8       1  351827     -0.76853      0.77891        0.778   1000
6217        19   39923847   39926660     86       3  351827      0.91499       0.1801        0.188   1000
6829        19   39936186   39967310      4       2  351827      -1.4548      0.92714        0.923   1000
92609       19   39971052   39981528      2       1  351827     -0.72886      0.76696        0.763   1000
2091        19   40325093   40337054      4       1  351827      0.46328      0.32158        0.299   1000
284323      19   40575059   40596845    498      14  351827       0.7313       0.2323        0.215   1000
4294        19   40697504   40721487    129      10  351827     0.032546      0.48702        0.492   1000
126526      19   40826967   40854434     60       1  351827     -0.61026      0.72916        0.729   1000
23646       19   40854302   40884392     24       2  351827      -1.7801      0.96247        0.976   1000
147746      19   40885178   40896094      1       1  351827      0.46778      0.31997        0.327   1000
57716       19   40899671   40919279      1       1  351827       0.4477      0.32718        0.305   1000
29946       19   40946748   40950282     33       4  351827     -0.54347       0.7066        0.728   1000
9253        19   41171810   41196556      2       1  351827      0.90395      0.18301        0.202   1000
79934       19   41197434   41222790     49       6  351827     -0.41543      0.66109        0.675   1000
80271       19   41222885   41246765    113      11  351827      0.76429      0.22235        0.241   1000
284325      19   41246761   41256533     58       8  351827      0.78122      0.21734        0.233   1000
29785       19   41699115   41713444      5       1  351827       0.4992      0.30882        0.314   1000
11100       19   41768391   41813811     11       1  351827     -0.43814      0.66936        0.692   1000
90324       19   41816094   41830788      6       2  351827       1.3637     0.086326        0.092   1000
7040        19   41836812   41859831     54       9  351827      0.94901      0.17131        0.182   1000
641649      19   41856873   41889988     35       8  351827       1.8809     0.029993        0.036   1000
593         19   41903694   41930910    102       2  351827     -0.95183      0.82941        0.818   1000
55101       19   41937223   41945843      1       1  351827       1.1693      0.12113        0.126   1000
100170765   19   41949063   41950670    100       2  351827      -1.1623      0.87744        0.859   1000
90273       19   42055886   42093255    133      11  351827       2.0875      0.01842        0.017   1000
6223        19   42363988   42375484     89       2  351827       0.6792       0.2485         0.26   1000
10567       19   42460833   42463530     60       3  351827     0.056743      0.47738        0.467   1000
2901        19   42502468   42574278     57       2  351827       2.0273     0.021317        0.022   1000
57126       19   43857825   43867480      3       2  351827        1.156      0.12384        0.125   1000
653583      19   43979255   44009073    123       9  351827     -0.44146      0.67056        0.667   1000
23474       19   44010871   44031408    146      11  351827      0.13623      0.44582        0.434   1000
284346      19   44037244   44040290    142      13  351827     -0.22453      0.58883        0.607   1000
390940      19   44080952   44086256    146      11  351827     0.022361      0.49108        0.468   1000
100170229   19   44116253   44118650     10       1  351827      0.89889      0.18436         0.17   1000
56006       19   44232851   44259142     49       2  351827     -0.23435      0.59264        0.579   1000
3783        19   44270685   44286269      6       1  351827      0.22988      0.40909        0.391   1000
284348      19   44300079   44324808     83       8  351827      0.89346       0.1858        0.195   1000
284349      19   44331445   44353050      4       1  351827     -0.59568      0.72431        0.719   1000
342908      19   44376515   44388116    386      15  351827       0.3281      0.37142        0.364   1000
7711        19   44472014   44502477    405      16  351827    -0.036596       0.5146        0.503   1000
7766        19   44556164   44572142    234      12  351827     -0.83324      0.79764        0.773   1000
342909      19   44576297   44591623    109       4  351827     -0.68684      0.75391        0.739   1000
7767        19   44598482   44613997     34       3  351827     -0.92898      0.82355        0.825   1000
7769        19   44669215   44682534      1       1  351827       1.0067      0.15704        0.161   1000
353355      19   44764033   44779470     81       5  351827      0.10076      0.45987        0.453   1000
9310        19   44790501   44809606     23       2  351827      0.46858      0.31969        0.321   1000
26974       19   44889808   44905777    238      19  351827      -1.3854      0.91704        0.904   1000
7772        19   44930423   44952766     70       7  351827     -0.81035      0.79113        0.813   1000
7733        19   44978645   45004574     45       3  351827     -0.47594      0.68294        0.665   1000
5817        19   45147098   45169429     15       2  351827      0.25731      0.39847        0.383   1000
56971       19   45174724   45187631     54       6  351827      -1.8615      0.96866        0.972   1000
341         19   45417577   45422606      2       1  351827     -0.65738      0.74453        0.744   1000
79760       19   45579024   45594782     83       5  351827       2.8691    0.0020584       0.0026   5000
79090       19   45666186   45681501     72       3  351827       2.7442    0.0030333        0.004   5000
388552      19   45682003   45685058     14       1  351827       2.7313    0.0031538        0.003   5000
2068        19   45854649   45873845     72       6  351827     0.084333       0.4664        0.493   1000
10849       19   45909467   45914024     40       3  351827     -0.40193      0.65613        0.678   1000
2067        19   45910591   45982241     47       7  351827      0.13614      0.44585        0.468   1000
147699      19   46001731   46005768     57       9  351827     -0.23153      0.59155        0.585   1000
80207       19   46031025   46088122     12       2  351827     -0.34906      0.63648        0.643   1000
2696        19   46171490   46185717      4       1  351827       1.4918     0.067873        0.077   1000
6633        19   46190712   46195569     23       3  351827      0.45087      0.32604        0.351   1000
54814       19   46195741   46207248      7       1  351827       0.4328      0.33258        0.329   1000
1760        19   46272975   46285815     75       4  351827     -0.47829      0.68378        0.686   1000
1762        19   46286205   46296060     78       5  351827     -0.21673      0.58579        0.595   1000
8189        19   46318700   46366548     30       1  351827      -1.1152      0.86762        0.873   1000
729440      19   46498719   46521874     12       1  351827      0.52613       0.2994        0.306   1000
64344       19   46800303   46846690     54       6  351827     -0.27482      0.60827        0.612   1000
5536        19   46850251   46896238     54       5  351827      0.72866       0.2331        0.255   1000
83987       19   46913586   46916919     36       3  351827      0.46768      0.32001        0.318   1000
55228       19   46969748   46974820    139      12  351827       1.1172      0.13195        0.138   1000
100506012   19   46984045   47104457     14       5  351827      -1.9402      0.97382        0.973   1000
57469       19   46994448   46999169     17       2  351827     0.090165      0.46408        0.453   1000
808         19   47104512   47114039      8       2  351827      -1.0409      0.85105        0.845   1000
5739        19   47114585   47128375     34       3  351827     -0.57113      0.71604        0.731   1000
25865       19   47177573   47220384     51       5  351827      0.24647      0.40266        0.426   1000
29888       19   47222768   47250251    107       6  351827      0.25538      0.39922        0.399   1000
79147       19   47249303   47261832    199      17  351827      0.10423      0.45849        0.466   1000
6510        19   47263587   47292280      1       1  351827      -1.0291      0.84829        0.862   1000
1175        19   47341423   47354203     16       2  351827      0.83405      0.20213        0.227   1000
10055       19   47634080   47713893      8       2  351827       3.2125   0.00065788       0.0012  10000
26093       19   47759731   47777329     38       2  351827      0.52259      0.30063        0.311   1000
9704        19   47852538   47885961     93       3  351827      0.69886      0.24232         0.23   1000
11133       19   47978398   47987521     22       2  351827      0.30977      0.37837        0.371   1000
29997       19   48248793   48260323     89       3  351827      0.36566      0.35731        0.347   1000
6415        19   48281842   48287939    193      13  351827      0.27044      0.39341        0.389   1000
8605        19   48551100   48614109    194      14  351827      0.32423      0.37288        0.392   1000
3978        19   48618702   48673852     46       3  351827      -1.0495      0.85302        0.854   1000
22900       19   48711343   48759203     72      10  351827     -0.45936      0.67701        0.647   1000
163071      19   48774354   48790863     52       3  351827      0.10617      0.45772        0.445   1000
93233       19   48799709   48825191    128       8  351827     -0.90302      0.81674         0.81   1000
55260       19   48835613   48867489     74       3  351827      0.13983       0.4444        0.451   1000
2906        19   48898132   48948188     38       5  351827        -1.53      0.93699        0.919   1000
9266        19   48972465   48985571     35       3  351827     -0.50577      0.69349        0.694   1000
6820        19   49055429   49102684      8       3  351827      -1.3248      0.90739        0.907   1000
54854       19   49103857   49118098      2       1  351827     -0.81384      0.79213        0.795   1000
6141        19   49118584   49122675      2       1  351827     -0.91493      0.81989        0.826   1000
56848       19   49122548   49133974      7       1  351827     -0.40857      0.65857        0.671   1000
126147      19   49164664   49176264     11       2  351827      -0.4817      0.68499         0.68   1000
284359      19   49244073   49250831     78       7  351827     -0.28806      0.61335        0.617   1000
2523        19   49251268   49258647      8       1  351827      -0.8974      0.81525        0.831   1000
51171       19   49316274   49339935    165       7  351827      -1.0297      0.84843        0.842   1000
57664       19   49340349   49371884     97       5  351827      -1.6708      0.95261        0.947   1000
7288        19   49384222   49401996    117       5  351827      -2.2565      0.98798        0.989   1000
4924        19   49403307   49426540     11       2  351827     -0.43087      0.66672        0.645   1000
10856       19   49496738   49519183     55       2  351827      0.91956       0.1789        0.191   1000
6625        19   49588465   49611870     24       2  351827      -1.6313      0.94859        0.946   1000
64130       19   49617618   49621717      8       1  351827     -0.90524      0.81733        0.809   1000
55150       19   49621654   49622397      4       1  351827     -0.41846       0.6622        0.652   1000
54795       19   49661016   49715098     61      11  351827     -0.15305      0.56082        0.566   1000
28968       19   49792889   49828521    178       9  351827       0.4925      0.31118        0.336   1000
951         19   49838632   49843863    109       4  351827     -0.54377       0.7067         0.72   1000
27120       19   49866466   49878373    129       8  351827      0.20646      0.41822        0.438   1000
147872      19   49891475   49921256    329      11  351827    -0.077553      0.53091        0.555   1000
126133      19   49956473   49974305     44       3  351827       3.1774   0.00074297       0.0009  10000
6205        19   49999622   50002969    148       8  351827       1.7129     0.043367        0.045   1000
2217        19   50015536   50029685    120       5  351827       1.7347     0.041401        0.048   1000
57479       19   50094912   50129696    133      10  351827       1.1738      0.12024        0.107   1000
3661        19   50162826   50169132     51       5  351827       1.4593     0.072241         0.07   1000
3276        19   50180409   50191707      2       1  351827      -1.1025      0.86488        0.877   1000
126129      19   50194363   50216988     33       4  351827      0.88141      0.18905        0.197   1000
160         19   50270180   50310369     16       2  351827       1.5029     0.066436        0.056   1000
80199       19   50310123   50316567     17       3  351827   -0.0012802      0.50051        0.497   1000
81857       19   50321319   50340237     36       4  351827      0.36666      0.35694        0.363   1000
11284       19   50364460   50370840     61       4  351827      0.90729      0.18213        0.188   1000
259307      19   50392911   50432796     12       1  351827       1.6128     0.053393        0.045   1000
23636       19   50410082   50432988     29       3  351827       0.3264      0.37206         0.36   1000
22809       19   50431959   50437193     32       4  351827     -0.98413      0.83747         0.82   1000
114132      19   50452250   50464439     54       2  351827     -0.97199      0.83447        0.843   1000
3748        19   50818765   50832634     27       1  351827     -0.12451      0.54955        0.545   1000
9476        19   50861734   50868931     27       1  351827     -0.59368      0.72364        0.725   1000
126119      19   51009254   51014612      1       1  351827      0.30469       0.3803        0.391   1000
554235      19   51014857   51018689     61       4  351827     -0.47923      0.68411        0.697   1000
94030       19   51020149   51071302      2       1  351827      0.36197      0.35869        0.365   1000
84258       19   51125234   51143092      7       2  351827      -1.0818      0.86034        0.844   1000
84798       19   51300961   51307974     72       6  351827       1.0801      0.14004        0.159   1000
3816        19   51322402   51327043      5       1  351827     -0.38711      0.65066        0.653   1000
25818       19   51446559   51456344     29       5  351827     -0.33923      0.63278        0.637   1000
5653        19   51461887   51472929      1       1  351827     -0.17479      0.56938        0.548   1000
5650        19   51479735   51487320      1       1  351827      -0.8696      0.80774        0.793   1000
11202       19   51499264   51504958     83       5  351827     -0.30831      0.62108        0.577   1000
5655        19   51516000   51523431      8       1  351827      0.78917      0.21501        0.188   1000
43847       19   51581154   51587502      1       1  351827      -2.2312      0.98716        0.991   1000
90353       19   51600863   51611647      5       1  351827     0.043487      0.48266         0.48   1000
27036       19   51645558   51656783      1       1  351827     -0.83783      0.79894         0.81   1000
945         19   51728335   51743274     38       3  351827     -0.12351      0.54915         0.57   1000
147645      19   51834795   51845378     18       2  351827      0.33671      0.36817        0.353   1000
147646      19   51891543   51893828     44       2  351827      -1.2659      0.89722        0.912   1000
89858       19   51994613   52005043    213      20  351827     -0.10301      0.54102        0.545   1000
7728        19   52074531   52092991     61       7  351827    -0.028924      0.51154        0.532   1000
8778        19   52114756   52133727     34       8  351827     -0.80491      0.78956        0.804   1000
100049587   19   52145806   52150132     64      11  351827      -1.9772      0.97599        0.979   1000
2357        19   52249023   52255150     27       4  351827       1.2545      0.10484        0.109   1000
2359        19   52298411   52329334     10       2  351827     -0.13297      0.55289        0.531   1000
84765       19   52359056   52391229    132       5  351827     -0.32067      0.62577        0.638   1000
65251       19   52392488   52408305    115       4  351827     -0.24371      0.59627        0.597   1000
79898       19   52430688   52449011     59       3  351827     -0.20202      0.58005        0.578   1000
9668        19   52536677   52552073    232       9  351827    -0.013622      0.50543          0.5   1000
284371      19   52567719   52599021     63       2  351827      0.52424      0.30006        0.296   1000
5518        19   52693055   52729678     26       1  351827    -0.012639      0.50504        0.507   1000
400713      19   52873170   52889048    114      11  351827     0.061791      0.47536        0.456   1000
84436       19   52900771   52921661     45       6  351827      0.84698       0.1985         0.18   1000
147658      19   52932394   52942720     47       6  351827       1.7031     0.044277        0.038   1000
147660      19   52956829   53020131     96       1  351827       1.8546     0.031829        0.026   1000
388558      19   53030905   53059502      1       1  351827     -0.28199      0.61103        0.628   1000
55762       19   53073526   53090427      9       3  351827     -0.68451      0.75317        0.736   1000
55769       19   53115617   53193834    181      25  351827      0.22361      0.41153        0.391   1000
81856       19   53206066   53238307     18       2  351827      0.30525      0.38009        0.367   1000
162966      19   53268747   53290034    114      14  351827      -1.2979      0.90283        0.908   1000
7576        19   53300661   53324922     46       7  351827    -0.055982      0.52232         0.55   1000
90333       19   53341785   53360902     82      10  351827     -0.25683      0.60134        0.634   1000
162967      19   53379425   53394599     94      18  351827      -1.6896      0.95444         0.96   1000
388559      19   53409168   53426930      2       1  351827      -3.0547      0.99887        0.996   1000
90338       19   53569181   53606690     82       9  351827       2.8171    0.0024233       0.0026   5000
55786       19   53611132   53636173    112      12  351827       1.9624     0.024856        0.026   1000
84671       19   53641553   53662322      1       1  351827       1.2861     0.099196        0.108   1000
79788       19   53666552   53696619      7       2  351827      0.34185      0.36623        0.392   1000
342926      19   53738638   53758219     41       2  351827      0.87061      0.19198        0.207   1000
91661       19   53898397   53915262      5       1  351827      -1.3067      0.90434        0.921   1000
388561      19   53935227   53961515     96      12  351827     -0.77629      0.78121        0.778   1000
126017      19   53970989   53997546      3       1  351827     -0.18794      0.57454         0.58   1000
59283       19   54466290   54493469     12       1  351827     -0.72178      0.76478        0.759   1000
284415      19   54544079   54567207     13       3  351827       1.5744     0.057699        0.065   1000
126014      19   54597933   54604159     13       3  351827       1.8729      0.03054        0.032   1000
4696        19   54606160   54610281     23       5  351827    -0.092238      0.53675        0.529   1000
29844       19   54610320   54619055      4       1  351827      0.08697      0.46535        0.473   1000
4849        19   54641436   54659446      1       1  351827      0.73151      0.23224        0.208   1000
147798      19   54663833   54676944     45       7  351827     -0.37878      0.64757        0.644   1000
79143       19   54677106   54693733     36       1  351827      -1.0779      0.85947        0.863   1000
79042       19   54694112   54698394     36       1  351827      -1.0779      0.85947        0.863   1000
6203        19   54704608   54711515     58       4  351827     -0.55928      0.71201         0.71   1000
79168       19   54740469   54746724     12       2  351827      0.73731      0.23047         0.21   1000
10288       19   54777675   54785033      1       1  351827     -0.36457      0.64228        0.625   1000
23547       19   54844473   54850421      8       1  351827      -1.4017       0.9195        0.914   1000
114823      19   54959605   54973196     30       2  351827      -3.2326      0.99939        0.999   1000
11027       19   55084469   55099027    100       7  351827      0.27558      0.39143        0.413   1000
11024       19   55105041   55113846     33       3  351827      0.93638      0.17454        0.183   1000
10859       19   55128384   55149007     17       1  351827      0.22176      0.41225        0.437   1000
3811        19   55327893   55342233      8       2  351827     -0.18997      0.57533        0.581   1000
3809        19   55344174   55360023     11       4  351827      0.22012      0.41289        0.419   1000
2204        19   55385549   55401839      8       1  351827      -1.5979      0.94496        0.951   1000
55655       19   55476652   55512510     38       5  351827      -1.9912      0.97677        0.978   1000
51206       19   55525073   55549632      6       1  351827     -0.93787      0.82584        0.836   1000
112724      19   55555684   55580914     16       3  351827     -0.81983      0.79384         0.81   1000
54869       19   55587221   55599291      6       2  351827     -0.62069       0.7326        0.748   1000
352909      19   55670029   55678090     65       8  351827      0.23133      0.40853        0.412   1000
6861        19   55682571   55691809     27       4  351827     -0.18344      0.57277         0.58   1000
5794        19   55692615   55720874      1       1  351827       0.4196      0.33739        0.337   1000
255043      19   55738002   55740632      5       2  351827     -0.51455      0.69657        0.673   1000
22870       19   55741147   55770038     14       2  351827      -0.6661      0.74733        0.736   1000
23640       19   55773591   55791751     18       2  351827     -0.55507      0.71058        0.715   1000
84446       19   55793440   55823930      1       1  351827      0.52996      0.29807        0.298   1000
84787       19   55851221   55859489      2       1  351827      0.39695       0.3457        0.333   1000
6158        19   55897300   55914616     40       7  351827     -0.70856       0.7607        0.782   1000
79763       19   55964345   55973070      1       1  351827       1.6364     0.050881        0.056   1000
57106       19   55996557   55998935      2       1  351827      0.66608      0.25268        0.246   1000
284297      19   55999870   56030466     47       7  351827     -0.64187      0.73952        0.734   1000
646643      19   56040780   56048435      4       2  351827      -1.4235      0.92271        0.948   1000
100130827   19   56052023   56056909      2       1  351827     -0.48263      0.68532        0.688   1000
51157       19   56146361   56154836     11       2  351827      0.26387      0.39594        0.413   1000
11338       19   56165416   56186082      1       1  351827      0.87617      0.19047        0.193   1000
29924       19   56186561   56207141      7       1  351827     -0.12794       0.5509        0.528   1000
126208      19   56598732   56632649      1       1  351827     -0.62999      0.73565        0.745   1000
63934       19   56950693   56988770    124      14  351827    -0.019766      0.50788        0.528   1000
57573       19   57019212   57041581     84       8  351827      0.10416      0.45852        0.448   1000
140612      19   57050317   57068170    128       5  351827     -0.90602      0.81754        0.814   1000
388566      19   57078401   57099965     69       7  351827       1.0119       0.1558        0.174   1000
58491       19   57106664   57135550    106       9  351827      0.36427      0.35783        0.345   1000
90485       19   57173729   57183151     14       2  351827     -0.20819      0.58246        0.578   1000
5178        19   57285730   57352121     11       1  351827      0.36699      0.35681        0.381   1000
6795        19   57741750   57746916     81       6  351827     -0.62911      0.73536        0.739   1000
390980      19   57752053   57774106      2       1  351827     -0.54976      0.70876         0.71   1000
57343       19   57862645   57871266    136      10  351827      0.46238       0.3219         0.33   1000
284306      19   57874891   57890927     39       4  351827      0.40546      0.34257        0.348   1000
147694      19   57901218   57913919     15       1  351827      -1.3572      0.91264        0.921   1000
388567      19   57946693   57957291    188      18  351827      0.18568      0.42635        0.427   1000
57191       19   57966542   57968107    130       2  351827      0.66052      0.25446        0.227   1000
400720      19   57980954   57988945    263       7  351827      0.28793       0.3867        0.359   1000
79744       19   57999079   58006048    291       8  351827      0.25993      0.39746        0.388   1000
374928      19   58011222   58029772    244       7  351827      0.38767      0.34913        0.341   1000
162972      19   58053204   58071231     60       4  351827      -0.9277      0.82322        0.835   1000
284307      19   58095508   58105256     62       6  351827      -1.0828      0.86055        0.871   1000
10520       19   58144535   58155409    259      12  351827     -0.90695      0.81778        0.834   1000
54807       19   58281020   58291984    131      10  351827     -0.16734      0.56645        0.548   1000
84914       19   58331011   58379953     57       5  351827      0.61436      0.26949        0.287   1000
100293516   19   58341427   58357606      1       1  351827    -0.065339      0.52605        0.515   1000
730051      19   58380747   58400442    129       7  351827     -0.26857      0.60587        0.594   1000
147687      19   58417142   58427978    114       7  351827     0.029561      0.48821        0.472   1000
147685      19   58469805   58485902    166       7  351827      0.30393      0.38059        0.386   1000
80095       19   58488440   58514714     62       2  351827     -0.47984      0.68433         0.68   1000
7694        19   58570607   58581123     34       4  351827     -0.46745      0.67991        0.673   1000
65982       19   58595204   58629793     14       3  351827      -1.4572      0.92747        0.931   1000
79673       19   58637695   58666477    113       5  351827      0.25386       0.3998        0.409   1000
27300       19   58739960   58788923    121       7  351827      0.33174      0.37004        0.401   1000
7554        19   58790314   58827023     19       2  351827     -0.88948      0.81313        0.816   1000
1           19   58858172   58864865     97       4  351827     -0.69431      0.75626        0.744   1000
162968      19   58865723   58874214     15       2  351827     -0.87329      0.80875          0.8   1000
116412      19   58878990   58892389     88       6  351827     -0.85328      0.80325        0.782   1000
6193        19   58898636   58906171    146       9  351827        0.771      0.22035        0.212   1000
201514      19   58919245   58929694    205      11  351827       1.2083      0.11346        0.115   1000
7691        19   58944181   58951589    224      14  351827      0.99397      0.16012        0.155   1000
25799       19   58978412   58984945      9       1  351827       1.2887     0.098756        0.113   1000
10998       19   59009700   59023432     70       3  351827       1.3619     0.086617        0.083   1000
400830      20     238377     241737      2       1  351827      0.16045      0.43626        0.439   1000
140680      20     251504     271419     69       5  351827       -0.467      0.67975        0.677   1000
80023       20     326789     335512      4       1  351827     -0.62854      0.73517        0.729   1000
57761       20     356447     378203      1       1  351827     -0.59486      0.72403        0.734   1000
10616       20     388696     411610     10       2  351827     -0.19272      0.57641        0.564   1000
140809      20     627259     634014      9       3  351827      0.12408      0.45063        0.475   1000
113278      20     740724     756628      2       1  351827       -1.967      0.97541         0.98   1000
51378       20     852763     896977     10       1  351827      -1.1275      0.87024        0.889   1000
343637      20     939095     982907     77       8  351827     -0.10894      0.54337        0.554   1000
9491        20    1093872    1149017     75       7  351827      -2.1182      0.98292        0.987   1000
55321       20    1161213    1166077     26       3  351827      -0.4923      0.68875        0.685   1000
9751        20    1246948    1289971      8       3  351827      -1.1419      0.87325        0.874   1000
27111       20    1290553    1309879     35       3  351827       0.2647      0.39562        0.382   1000
2280        20    1349621    1373816     13       2  351827      -1.2586      0.89591        0.907   1000
55968       20    1422807    1448345    123       7  351827       0.1972      0.42183        0.425   1000
284759      20    1455236    1472233     82       5  351827     -0.23783      0.59399        0.591   1000
10326       20    1545029    1600720    267      17  351827      0.45307      0.32525        0.302   1000
140885      20    1874763    1920540      6       1  351827      -2.4309      0.99247        0.994   1000
79175       20    2462463    2489778     68       9  351827      -1.6367      0.94916        0.956   1000
117532      20    2517253    2622494    189      10  351827     -0.29006      0.61412        0.631   1000
56265       20    2774715    2781292     66       7  351827     -0.42404      0.66423         0.67   1000
128653      20    2795633    2796476     36       3  351827      0.10593      0.45782        0.458   1000
100288797   20    2796585    2797804     11       1  351827      0.46673      0.32035        0.343   1000
64773       20    2815960    2821889      4       2  351827     -0.27817      0.60956        0.622   1000
64601       20    2821373    2847378     20       2  351827    -0.018804       0.5075        0.495   1000
5786        20    2844841    3019316      1       1  351827      0.36749      0.35663        0.381   1000
64949       20    3026675    3028896    110       8  351827     -0.70456      0.75946        0.759   1000
5020        20    3052266    3053163      2       1  351827      0.56452       0.2862        0.268   1000
22888       20    3088219    3140556     37       3  351827       1.1611       0.1228        0.133   1000
9762        20    3143263    3154238      3       1  351827      0.49677      0.30968        0.313   1000
65992       20    3171012    3185295    175      10  351827       -1.901      0.97135        0.969   1000
3704        20    3189514    3204516    572      16  351827       0.4052      0.34266        0.378   1000
83959       20    3208063    3222109     12       4  351827      0.10204      0.45936        0.464   1000
80332       20    3648620    3662755      7       2  351827     -0.64607      0.74088        0.723   1000
54976       20    3734146    3749035      3       1  351827       0.4048      0.34281        0.339   1000
994         20    3767419    3786765     82      14  351827      0.38964       0.3484        0.358   1000
57506       20    3827446    3856770    118       3  351827      0.36393      0.35795        0.376   1000
80025       20    3869486    3904538     43       3  351827      0.91765       0.1794        0.173   1000
11237       20    3912068    3996216     58       3  351827       0.7829      0.21684        0.193   1000
54498       20    4129426    4168394      9       3  351827     -0.46027      0.67734        0.684   1000
5621        20    4666797    4682235      2       1  351827    -0.024923      0.50994        0.493   1000
9962        20    4833002    4990939     10       2  351827      0.75914      0.22389        0.229   1000
29058       20    5049129    5093736     90       3  351827     -0.12958      0.55155        0.558   1000
56261       20    5525080    5591672     10       2  351827     -0.40751      0.65818        0.672   1000
149840      20    5731043    5844558      1       1  351827      -1.5724      0.94207        0.952   1000
84515       20    5931298    5975852    169      14  351827      0.48261      0.31469        0.306   1000
164312      20    6021192    6034726      4       1  351827      -1.5905      0.94414        0.948   1000
55612       20    6055492    6104191      1       1  351827      0.26411      0.39585          0.4   1000
5332        20    9049357    9461463     15       1  351827      -1.4694      0.92913         0.93   1000
24141       20    9495005    9511171      3       1  351827     0.014099      0.49438        0.512   1000
63926       20   10015697   10037407      2       1  351827       1.5917     0.055727         0.05   1000
8195        20   10385428   10414887      4       1  351827     -0.18986      0.57529        0.564   1000
128710      20   10415951   10604551     55       4  351827       1.2924     0.098112        0.098   1000
51575       20   13694969   13765579     16       1  351827     0.060247      0.47598        0.481   1000
79133       20   13765672   13799067    145      13  351827     -0.74534      0.77197        0.772   1000
23767       20   14304639   14318313     31       1  351827     -0.20798      0.58238        0.582   1000
55614       20   16252742   16554079    158      17  351827      0.34246        0.366        0.365   1000
5126        20   17206752   17465223    132       8  351827     -0.33239       0.6302        0.609   1000
27131       20   17922244   17949490     42       4  351827      -1.3155      0.90583        0.914   1000
92667       20   17949534   17971765    177      14  351827     -0.89998      0.81593        0.826   1000
55184       20   18364011   18447995     60       5  351827        -1.56      0.94062        0.929   1000
10741       20   18467184   18477899    244      10  351827      0.92468      0.17757        0.183   1000
10483       20   18488188   18542059    225       9  351827     -0.52137      0.69895        0.719   1000
92675       20   18568556   18744561    390      10  351827      0.81895      0.20641        0.215   1000
54453       20   19738254   19983103     17       3  351827       1.4483     0.073761        0.069   1000
55857       20   21106624   21227260    170       4  351827       1.5756     0.057556        0.048   1000
1470        20   23804404   23807312    246      15  351827      -0.3793      0.64777        0.644   1000
8530        20   24929866   24940564    100       4  351827     -0.72057      0.76441        0.757   1000
57136       20   24943566   24973610      5       1  351827     -0.14496      0.55763        0.537   1000
955         20   25176327   25207365    593      11  351827       -1.167       0.8784        0.886   1000
5834        20   25228706   25278648    710      11  351827      0.25228      0.40041        0.414   1000
26090       20   25275379   25371618    566      10  351827      -1.2783      0.89943        0.946   1000
26152       20   25654744   25677515    314       3  351827       -2.123      0.98312        0.997   1000
245937      20   30053309   30060816    456       8  351827      0.30857      0.37882        0.355   1000
3397        20   30193086   30194318      7       1  351827      -1.0035      0.84218         0.84   1000
84701       20   30225685   30232837    464       8  351827     0.057038      0.47726        0.452   1000
22974       20   30326904   30389605     13       4  351827      -0.9223      0.82181        0.818   1000
85366       20   30407115   30422500    154       8  351827     -0.47084      0.68112        0.683   1000
128853      20   30435441   30458479     34       4  351827      -1.0214      0.84646        0.842   1000
164395      20   30458440   30532770     73       3  351827     -0.10031      0.53995        0.542   1000
23509       20   30795625   30826467      1       1  351827      -1.0667      0.85694        0.862   1000
149951      20   31290493   31331814    120       5  351827     -0.30194      0.61865        0.618   1000
1789        20   31350191   31397162    110       3  351827      0.28069      0.38947        0.385   1000
22919       20   31407699   31438211     43       3  351827     -0.31353      0.62306        0.634   1000
9139        20   32077928   32237837     63       4  351827       0.2525      0.40033        0.408   1000
11264       20   32290550   32308136     75       3  351827      0.40283      0.34354        0.352   1000
128866      20   32399110   32442173     11       1  351827       1.8137     0.034859        0.032   1000
191         20   32868071   32899608     20       2  351827       1.2117      0.11281        0.107   1000
84557       20   33134688   33148149    937      15  351827       1.0668      0.14304        0.158   1000
128869      20   33148346   33265089     12       2  351827      0.78546      0.21609        0.228   1000
23054       20   33302578   33413433    127       4  351827       1.3386     0.090344        0.108   1000
2686        20   33432523   33460661    105       5  351827      0.86699      0.19298        0.224   1000
57644       20   33543704   33590240     81       2  351827      0.44966      0.32648        0.344   1000
26133       20   33590207   33680618     62       3  351827      0.54461      0.29301        0.302   1000
55741       20   33703160   33735161    268       8  351827      0.31523      0.37629        0.385   1000
10893       20   33814539   33864804      9       2  351827     -0.37073      0.64458        0.645   1000
3692        20   33866709   33872619      2       1  351827      0.49173      0.31146        0.321   1000
55245       20   33890369   33999945    415       9  351827      0.49784       0.3093        0.279   1000
11190       20   34042988   34105360    174       7  351827      -1.1273      0.87019        0.878   1000
51614       20   34129778   34145405      8       1  351827     -0.13206      0.55253        0.554   1000
6676        20   34203776   34208967     91       2  351827      0.57051      0.28417         0.27   1000
8904        20   34213953   34252878    756      14  351827      0.26326      0.39617        0.311   1000
51282       20   34541539   34543281     59       1  351827       1.5053     0.066122        0.069   1000
10398       20   35169887   35178226     30       2  351827       1.2683      0.10235        0.136   1000
60436       20   35201876   35222355      7       1  351827     -0.56516      0.71402        0.707   1000
55969       20   35234137   35240960     17       1  351827      0.81832      0.20659        0.225   1000
57446       20   35280169   35374541     78       7  351827     -0.92782      0.82325        0.823   1000
25939       20   35519285   35580246      1       1  351827      0.26033       0.3973        0.361   1000
140699      20   35729629   35807974    146       7  351827      0.19875      0.42123        0.434   1000
63905       20   35918051   35945663     77       6  351827     0.094603      0.46232         0.44   1000
6714        20   35973088   36033835     14       1  351827       1.1825       0.1185        0.122   1000
9675        20   36611419   36661870    104       3  351827       1.2626      0.10336        0.118   1000
7052        20   36756863   36794910    118       8  351827       2.3239     0.010065        0.012   1000
671         20   36932552   36965907     78       9  351827       1.0937      0.13703        0.134   1000
79913       20   37376933   37401089    113       4  351827      -1.0712      0.85796        0.854   1000
26051       20   37434348   37551667     47       2  351827    -0.083923      0.53344        0.546   1000
23051       20   39807089   39928766      1       1  351827       0.4389      0.33037        0.299   1000
90187       20   39988606   39995498    213       9  351827      0.67443      0.25002        0.254   1000
84181       20   40030741   40247133      2       1  351827     0.098051      0.46095        0.439   1000
51098       20   42219574   42275862     80       4  351827     -0.20287      0.58038        0.583   1000
84969       20   42543492   42698256    172      14  351827     0.020794       0.4917          0.5   1000
57158       20   42740337   42816218     54       2  351827        0.935      0.17489        0.164   1000
51526       20   42824579   42839702     48       3  351827     -0.69651      0.75695        0.777   1000
10955       20   43124864   43150726      5       2  351827      0.86964      0.19225        0.194   1000
11142       20   43160422   43247678      1       1  351827     -0.75585      0.77513        0.759   1000
100         20   43248160   43280376      1       1  351827      0.13892      0.44476        0.467   1000
80336       20   43538701   43587585      7       2  351827       2.0211     0.021633        0.023   1000
10953       20   43570771   43589114     42       7  351827      0.56315      0.28667        0.295   1000
3787        20   43720950   43729753     54       1  351827       1.5657     0.058711        0.059   1000
8785        20   43922086   43937206     49       1  351827       1.5458     0.061077        0.061   1000
11317       20   43935483   43946464      1       1  351827      0.81332      0.20802        0.235   1000
6385        20   43953928   43977064      3       1  351827    -0.079847      0.53182        0.523   1000
90196       20   43988660   44005442     27       1  351827      0.82356      0.20509        0.218   1000
55861       20   44034633   44039250     31       2  351827       1.6253     0.052052        0.044   1000
140870      20   44162836   44168134    340       5  351827      -1.7545      0.96032        0.961   1000
57119       20   44169265   44176516      5       1  351827       -1.484       0.9311        0.913   1000
140686      20   44402847   44420547    746      10  351827      -1.1936      0.88368        0.907   1000
116092      20   44420576   44440066    741      11  351827      -1.2028      0.88547        0.912   1000
10005       20   44470360   44486048      2       1  351827      0.50837       0.3056         0.31   1000
90204       20   44509581   44513905     86       7  351827       2.4201    0.0077584       0.0082   5000
128497      20   44515125   44517245     94       8  351827       2.5736    0.0050318       0.0048   5000
140825      20   44517111   44519926    111      10  351827       2.4944    0.0063082       0.0058   5000
5476        20   44519591   44527459      9       2  351827        3.764    8.362e-05       0.0002  10000
5360        20   44527259   44541003     82       6  351827        1.196      0.11584        0.112   1000
57468       20   44650329   44688789     62       9  351827       3.3615   0.00038764       0.0003  10000
958         20   44746899   44758384    111      12  351827       3.7555   8.6495e-05       0.0001  10000
64405       20   44802372   44937137     53       1  351827      -0.9629       0.8322        0.818   1000
55713       20   45128269   45142198    134      12  351827     0.045995      0.48166        0.492   1000
81031       20   45338279   45364986     28       1  351827      0.31438      0.37662        0.401   1000
55959       20   46286150   46415360     25       3  351827       0.5225      0.30066        0.309   1000
57580       20   47240787   47444420     37       1  351827       1.7169        0.043        0.045   1000
1434        20   47662783   47713497    448      13  351827     -0.23761      0.59391        0.593   1000
3745        20   47988505   48099181      5       1  351827     -0.63304      0.73665        0.732   1000
5740        20   48120411   48184707     17       3  351827     -0.86174      0.80558        0.803   1000
55905       20   48552914   48570422    106       6  351827       1.4117     0.079017        0.071   1000
140876      20   49202645   49308277      3       1  351827      0.40093      0.34424         0.34   1000
84612       20   49347923   49373333     56       4  351827     0.039122       0.4844         0.47   1000
10079       20   50213314   50384908      3       1  351827     0.026034      0.48962        0.493   1000
57167       20   50400551   50419059     21       6  351827       1.4536     0.073029        0.076   1000
7764        20   52183610   52210801      1       1  351827      -0.6427      0.73979         0.74   1000
8537        20   52560079   52687304     72       4  351827      0.46889      0.31957         0.34   1000
5203        20   52824502   52836492      9       1  351827      0.54489      0.29291        0.302   1000
55816       20   53092266   53267710    127       8  351827     -0.91775      0.82063        0.818   1000
116151      20   54933983   54943719    114       7  351827     -0.37996      0.64801        0.665   1000
1477        20   54967427   54979582     10       2  351827      0.30628       0.3797        0.392   1000
51507       20   55043641   55093942     45       2  351827       0.2882       0.3866        0.378   1000
388799      20   55105960   55111576      1       1  351827     -0.59204      0.72309        0.717   1000
8480        20   55926145   55953519      7       1  351827      -0.1374      0.55464        0.557   1000
55544       20   55966454   55984389     19       3  351827     -0.25526      0.60074        0.602   1000
5105        20   56136137   56141515     32       3  351827       1.7776     0.037736        0.046   1000
9217        20   56964175   57026157    134      10  351827       -1.878      0.96981        0.975   1000
164284      20   57033503   57090405      4       1  351827      -1.7202       0.9573        0.953   1000
79716       20   57264187   57290900     77       8  351827     -0.93784      0.82584        0.819   1000
51497       20   57556263   57570400    124      16  351827     -0.32542      0.62757        0.639   1000
1522        20   57570242   57582309     67       7  351827   -0.0042504       0.5017         0.51   1000
51012       20   57608200   57617901     57       6  351827     -0.31678      0.62429        0.627   1000
116154      20   58152564   58422766     54       9  351827      0.48066      0.31538        0.303   1000
1002        20   59827482   60515673    133       4  351827       1.2609      0.10368        0.096   1000
26039       20   60718816   60757566     78       4  351827      -3.4802      0.99975        0.999   1000
26164       20   60758081   60778624     94      11  351827     -0.32187      0.62622        0.628   1000
11047       20   60877112   60884206      1       1  351827    -0.094069      0.53747        0.551   1000
3911        20   60884116   60942368     21       3  351827        1.276      0.10098        0.085   1000
81928       20   60963686   60982339    178      10  351827    -0.062557      0.52494        0.533   1000
28231       20   61273795   61317137      5       1  351827      -1.0603      0.85549        0.854   1000
4923        20   61340189   61394123      6       1  351827     -0.84299      0.80038          0.8   1000
55257       20   61427804   61431945     14       3  351827     -0.28589      0.61252        0.605   1000
11054       20   61436156   61445352     60       6  351827      -1.8828      0.97013         0.97   1000
1299        20   61448414   61472511      2       1  351827      0.44066      0.32973        0.359   1000
10732       20   61472467   61493115     88       7  351827        1.992     0.023187        0.029   1000
11083       20   61509090   61569304     21       2  351827       1.2509      0.10548         0.11   1000
54994       20   61569421   61579827     68       5  351827       1.9548     0.025302        0.023   1000
63910       20   61583999   61599949      1       1  351827     -0.83183      0.79725        0.775   1000
54915       20   61826781   61847538      3       1  351827     -0.16965      0.56736        0.548   1000
79444       20   61867235   61871859    194      16  351827      -1.2444      0.89332        0.883   1000
128414      20   61872136   61885892     52       2  351827      -1.0102       0.8438        0.843   1000
55738       20   61904137   61921145      1       1  351827      -1.9789      0.97609        0.972   1000
79144       20   62151426   62153524     38      11  351827      -1.3812      0.91639        0.916   1000
5753        20   62159766   62168723     16       3  351827       -1.011        0.844        0.836   1000
85441       20   62189439   62205592      1       1  351827      -1.0326      0.84909        0.853   1000
26205       20   62218955   62258381    191       9  351827       1.0941      0.13695        0.112   1000
50861       20   62271058   62284963      3       1  351827       1.2703      0.10199        0.088   1000
51750       20   62289163   62327606     54       5  351827       2.2044     0.013748        0.011   1000
8771        20   62328004   62330051     15       2  351827        2.048     0.020282        0.019   1000
10139       20   62329995   62339365      2       1  351827      -1.3333      0.90878         0.91   1000
7165        20   62496581   62522898     29       1  351827      0.62088      0.26734        0.275   1000
54963       20   62571182   62587800     10       2  351827       1.1904      0.11694        0.117   1000
24148       20   62612417   62664453      6       2  351827     -0.20432      0.58095        0.545   1000
6919        20   62688439   62703700     13       4  351827       2.1945     0.014101         0.01   1000
10287       20   62704534   62711356     41       5  351827      0.55944      0.28793        0.285   1000
4987        20   62711451   62731996     21       3  351827      0.93696      0.17439        0.195   1000
55251       20   62887048   62907583     51       7  351827       2.9671    0.0015033       0.0028   5000
149998      21   15480784   15583361    118      14  351827     -0.95744      0.83083        0.817   1000
54033       21   15588466   15600693     13       1  351827    -0.064738      0.52581        0.521   1000
29761       21   17102327   17252377      5       2  351827      0.63365      0.26315         0.26   1000
1525        21   18885224   18965897      1       1  351827      0.47341      0.31796        0.329   1000
10950       21   18965968   18985268     28       2  351827       1.7708     0.038299        0.036   1000
140578      21   19400190   19639687     14       1  351827      0.16208      0.43562        0.456   1000
54148       21   26957968   26979801    498      19  351827     -0.90516      0.81731        0.837   1000
522         21   27096791   27107965      2       1  351827     -0.47567      0.68285        0.672   1000
100996571   21   27765954   27941571     36       1  351827      -1.0482      0.85272        0.836   1000
29104       21   30244513   30257695    731      13  351827      -1.4282      0.92338        0.931   1000
10069       21   30378080   30391685    421      13  351827     -0.28971      0.61398        0.615   1000
10694       21   30428647   30446010    687      15  351827     -0.36031      0.64069        0.666   1000
9875        21   33683330   33765312    132       3  351827      -1.0923      0.86266        0.859   1000
140290      21   33947151   33957845    109       8  351827     -0.87383      0.80889        0.818   1000
94104       21   34106210   34144169      3       2  351827       0.2354      0.40695        0.422   1000
116448      21   34442450   34444728      7       2  351827       1.8508     0.032097        0.037   1000
3455        21   34602231   34636831     50       2  351827      0.90575      0.18253        0.187   1000
3588        21   34638665   34669539    122      11  351827     0.041721      0.48336        0.484   1000
3454        21   34696748   34732129     89       8  351827      -1.4518      0.92672        0.928   1000
757         21   34804793   34852316    376      23  351827     -0.48032       0.6845        0.674   1000
54943       21   34860238   34864023      2       1  351827      0.36319      0.35823        0.349   1000
539         21   35275757   35288158     51       4  351827      0.70176      0.24141        0.226   1000
1827        21   35888782   35987382     15       1  351827      -1.7437      0.95939        0.952   1000
54102       21   36041612   36090525    103       5  351827      0.13296      0.44711        0.452   1000
54093       21   37406839   37432869     29       4  351827       2.1739     0.014855        0.013   1000
873         21   37442285   37445462     28       3  351827     -0.60299      0.72674        0.729   1000
874         21   37506614   37518860    213      16  351827       1.1156      0.13231        0.132   1000
9980        21   37529080   37666572     44       2  351827     0.042108      0.48321        0.446   1000
23562       21   37832919   37948867      4       1  351827     -0.12329      0.54906        0.535   1000
6493        21   38071991   38122510     81       3  351827      0.42765      0.33445        0.324   1000
3141        21   38123189   38362545    160       7  351827      -0.1655      0.56573        0.552   1000
51227       21   38437664   38445458    371      13  351827      0.61492       0.2693        0.269   1000
7267        21   38445554   38575408    492      18  351827      0.22322      0.41168        0.396   1000
10311       21   38595721   38640425     26       2  351827       1.2731       0.1015        0.091   1000
1859        21   38739859   38887679     48       2  351827     -0.59836       0.7252        0.719   1000
3772        21   39601837   39675043    104       2  351827       1.8281     0.033766        0.028   1000
8624        21   40449076   40555440    312       5  351827       2.5066    0.0060949       0.0062   5000
7485        21   40752213   40769815    553      22  351827       2.4298    0.0075545       0.0084   5000
150082      21   40777770   40817676    295      12  351827       1.4878     0.068401        0.075   1000
6450        21   40817797   40887433    247      13  351827        1.426     0.076929        0.079   1000
25825       21   42539728   42654461     38       8  351827      0.99185      0.16064        0.165   1000
191585      21   42547158   42557166      5       1  351827       1.9526     0.025432        0.015   1000
54097       21   42688661   42729654     99      13  351827      0.58437      0.27949        0.269   1000
4600        21   42733918   42780870      6       2  351827     -0.53925      0.70514        0.694   1000
4599        21   42792520   42831141     29       5  351827     -0.93377      0.82479        0.824   1000
63977       21   43218385   43299591     94       9  351827       1.0845      0.13908        0.128   1000
25966       21   43305219   43374066     12       3  351827      -0.6069      0.72804          0.7   1000
53347       21   43823971   43867790     14       3  351827      0.14494      0.44238        0.456   1000
89765       21   43892596   43916417      5       1  351827     -0.90378      0.81694        0.805   1000
54020       21   43919742   44001550     55       7  351827      0.36421      0.35785        0.378   1000
5152        21   44073862   44195619      3       1  351827     -0.35095      0.63719        0.621   1000
4731        21   44313378   44329773    260      13  351827      0.56684      0.28541        0.285   1000
875         21   44473301   44496472    274      15  351827      0.12298      0.45106        0.451   1000
7307        21   44513066   44527716      4       2  351827     -0.23026      0.59106         0.58   1000
150094      21   44834395   44847002      6       3  351827     -0.81353      0.79204         0.79   1000
11077       21   44949066   45079380    117       2  351827      -2.4251      0.99235        0.991   1000
8566        21   45138978   45182188      2       1  351827     0.067064      0.47327         0.47   1000
1476        21   45193546   45196256    146      11  351827       0.5568      0.28883        0.295   1000
56894       21   45285116   45407475     15       1  351827       1.4175     0.078176        0.079   1000
5822        21   45527208   45551063    216      14  351827      0.27975      0.38984        0.378   1000
8209        21   45553476   45622835    154       6  351827      0.16359      0.43503        0.421   1000
23308       21   45642874   45660881     41       9  351827      0.90554      0.18259        0.196   1000
5211        21   45719925   45747261     78       8  351827       2.5092    0.0060504        0.006   5000
755         21   45748827   45759285    113      16  351827      0.66584      0.25276        0.244   1000
7226        21   45770046   45862964     88       5  351827    -0.012898      0.50515        0.505   1000
81543       21   45875393   45878739     63       6  351827      0.89246      0.18607        0.184   1000
7327        21   46188495   46221751     95       9  351827      0.98236      0.16296        0.163   1000
754         21   46269500   46294487     69       8  351827       0.3325      0.36975        0.357   1000
3689        21   46305864   46348753      2       1  351827      0.87483      0.19083        0.173   1000
85395       21   46359918   46396891     13       2  351827     -0.67021      0.74864        0.741   1000
104         21   46494493   46646478     11       1  351827     -0.85325      0.80324        0.805   1000
80781       21   46825058   46933634     56       5  351827       -1.079      0.85971        0.852   1000
6573        21   46934629   46983045     41       2  351827     -0.91484      0.81986        0.833   1000
54039       21   47268023   47362368    303       7  351827       1.6425     0.050247        0.052   1000
1291        21   47401663   47424963     37       4  351827     -0.57974      0.71895        0.703   1000
1292        21   47518033   47552763      1       1  351827      -1.5511      0.93956        0.945   1000
10841       21   47556065   47575499    181      10  351827       1.1305      0.12913        0.137   1000
84221       21   47581062   47605167    683      19  351827    -0.059314      0.52365        0.557   1000
4047        21   47608360   47648738     60       8  351827      0.66417      0.25329        0.252   1000
8888        21   47655047   47706211    381      12  351827      -2.7942       0.9974        0.999   1000
54059       21   47706250   47733020    764      24  351827      -1.8881      0.97049        0.976   1000
5116        21   47743976   47865682    219      11  351827      -1.1434      0.87356        0.878   1000
23181       21   47878862   47989926    353      15  351827      -1.7051      0.95592        0.955   1000
6285        21   48018531   48025035    428      21  351827      -2.5239       0.9942        0.995   1000
3275        21   48055507   48085155    295      13  351827     -0.81234       0.7917        0.838   1000
23765       22   17565849   17596584     36       7  351827     -0.29801      0.61715        0.625   1000
27439       22   17597189   17602257     15       3  351827    -0.029821       0.5119        0.526   1000
27440       22   17618410   17646177     14       3  351827      0.12196      0.45147        0.434   1000
51816       22   17659681   17702744     64      11  351827      0.28759      0.38683        0.399   1000
27443       22   17956630   18033845     40       5  351827      -3.2893       0.9995        0.999   1000
529         22   18074902   18111588    135       5  351827      0.95643      0.16943        0.173   1000
23786       22   18111621   18213621     85       2  351827       0.6021      0.27355        0.307   1000
51807       22   18593453   18614498     25       3  351827     -0.99999      0.84134         0.82   1000
8214        22   18893736   18899601     98      11  351827      -0.2891      0.61375        0.617   1000
5625        22   18900206   18924066     12       2  351827      0.13754       0.4453        0.442   1000
9993        22   19023795   19109967    233       7  351827      0.66818      0.25201        0.255   1000
8220        22   19117792   19132190     19       3  351827      0.65852       0.2551        0.252   1000
8218        22   19166986   19279247     50       5  351827      0.28098      0.38936        0.422   1000
128977      22   19428409   19435755     59       6  351827     0.024175      0.49036        0.498   1000
54584       22   19775932   19842462     41       5  351827      -1.1542       0.8758        0.856   1000
79680       22   19833661   19842371     42       6  351827      -1.7865      0.96299        0.959   1000
10587       22   19863040   19929359     62       5  351827     -0.61304      0.73007        0.725   1000
1312        22   19929263   19957498    106       8  351827   -0.0042672       0.5017        0.488   1000
27037       22   20099389   20104818     63       1  351827      0.81622      0.20719        0.216   1000
388849      22   20135602   20138748      7       2  351827     -0.26067      0.60283        0.608   1000
85359       22   20301761   20307628     19       4  351827      0.67397      0.25016        0.276   1000
7625        22   20748405   20762753     15       2  351827       2.0631     0.019551        0.015   1000
51586       22   20861849   20941919    130       7  351827       1.4293     0.076464        0.095   1000
5297        22   21061979   21213100    294       4  351827     -0.54157      0.70594        0.695   1000
3053        22   21128383   21142008    374       7  351827     -0.94518      0.82772        0.834   1000
9342        22   21213292   21245502    461      11  351827     -0.95915      0.83126        0.812   1000
150209      22   21319418   21335649      1       1  351827      -0.5775       0.7182        0.719   1000
8216        22   21336558   21353326     17       2  351827       1.1193       0.1315        0.137   1000
80764       22   21354061   21356404      6       1  351827     -0.10682      0.54253        0.531   1000
9127        22   21369442   21382302     21       4  351827      0.61322      0.26986        0.271   1000
6545        22   21382995   21387163      1       1  351827      0.72178      0.23521         0.23   1000
23119       22   21771693   21805752      4       1  351827      0.28713      0.38701        0.404   1000
150223      22   21982378   21999017     15       2  351827     -0.18754      0.57438        0.588   1000
164592      22   21987086   21991616     92       3  351827      -1.5068      0.93407        0.931   1000
23759       22   22020273   22052202    226      15  351827     0.077568      0.46909        0.466   1000
9647        22   22273792   22307250     73       2  351827     -0.19737      0.57823         0.58   1000
8940        22   22311397   22337219     90       4  351827       1.4256      0.07699        0.071   1000
2781        22   23412669   23467224     14       1  351827      0.39042      0.34811        0.345   1000
9609        22   23487513   23506531      8       2  351827        2.204     0.013763        0.015   1000
613         22   23522402   23660224    136       9  351827       1.3913     0.082065        0.084   1000
51233       22   23950639   23974508    239      16  351827      -1.6025      0.94548        0.946   1000
29802       22   24094930   24096630    151       2  351827     -0.86507       0.8065         0.81   1000
6598        22   24129150   24176705    182       5  351827      -1.1436      0.87361        0.873   1000
66035       22   24199059   24227738     21       1  351827     -0.60328      0.72684        0.736   1000
4282        22   24236565   24237409    230      21  351827      -1.3894      0.91764        0.923   1000
653689      22   24299601   24303416    190      18  351827     -0.33675      0.63185        0.647   1000
100037417   22   24308652   24314748    116       8  351827     -0.73915      0.77009        0.773   1000
1652        22   24313554   24322019    165      13  351827     -0.91182      0.81907        0.809   1000
2953        22   24322291   24326106    166      14  351827     -0.06054      0.52414        0.548   1000
23523       22   24407642   24574596      2       1  351827      0.30611      0.37976        0.395   1000
56241       22   24577444   24585074    234      13  351827       2.2915     0.010967        0.011   1000
23384       22   24666785   24813708     10       2  351827       1.0264      0.15236        0.177   1000
51733       22   24863344   24922553     98       3  351827       2.9024    0.0018514       0.0026   5000
2678        22   24979629   25024972      6       2  351827       0.4674      0.32011        0.326   1000
129049      22   25202136   25322813     36       2  351827     -0.65853       0.7449        0.749   1000
1417        22   25595817   25603326     33       6  351827      -1.2005      0.88504        0.908   1000
1415        22   25615612   25627836    120       7  351827       1.8629     0.031241        0.029   1000
91355       22   25747218   25801337    123      12  351827      0.48386      0.31424        0.308   1000
57168       22   26825280   26840978     30       2  351827      0.44636      0.32767        0.324   1000
89781       22   26846848   26879829    141      13  351827      0.83772      0.20109        0.201   1000
402055      22   26879850   26887904      3       1  351827     -0.90272      0.81666        0.821   1000
23331       22   28374002   29075853     30       2  351827     0.072817      0.47098        0.464   1000
11200       22   29083731   29137822    217       4  351827     0.086258      0.46563        0.474   1000
150274      22   29138008   29153506      6       2  351827     -0.48913      0.68763         0.69   1000
7494        22   29190548   29196560      2       1  351827     -0.29275      0.61514        0.624   1000
83999       22   29469066   29564321    122       5  351827      0.82598      0.20441        0.218   1000
129080      22   29601901   29655586      2       1  351827      0.11477      0.45431        0.453   1000
25807       22   29655844   29664147    134      11  351827   -0.0022095      0.50088        0.504   1000
10633       22   29708922   29711745     27       1  351827     -0.14053      0.55588        0.542   1000
162         22   29723669   29784754     57       3  351827     -0.62427      0.73377        0.721   1000
4744        22   29876181   29887279      6       2  351827      -1.6137       0.9467        0.954   1000
8563        22   29904156   29949749    679      30  351827     -0.27639      0.60888         0.64   1000
8508        22   29950797   29977326    371      14  351827     -0.80381      0.78925        0.789   1000
84164       22   30184597   30234293     25       2  351827     -0.23993      0.59481        0.579   1000
8897        22   30279149   30426857      3       1  351827      -2.1035      0.98229        0.982   1000
10291       22   30727977   30752931     15       2  351827     -0.91254      0.81926         0.81   1000
550631      22   30752627   30772818      1       1  351827      0.70901      0.23916         0.21   1000
200312      22   30774801   30783302     96       2  351827      -1.2222      0.88918        0.889   1000
284904      22   30884877   30901698     16       2  351827      -2.9332      0.99832        0.999   1000
730005      22   30920629   30942669    120      11  351827      -2.2361      0.98733        0.985   1000
9514        22   30950622   30970572      7       2  351827       1.1097      0.13356        0.124   1000
23481       22   30972612   31003000     21       2  351827      -1.6559      0.95113        0.944   1000
6948        22   31003070   31023047     24       4  351827      -3.3665      0.99962        0.999   1000
339665      22   31031793   31043862     10       3  351827      0.44861      0.32686        0.345   1000
150290      22   31058039   31063874     49       4  351827      0.25144      0.40074        0.404   1000
23762       22   31089769   31303811      2       1  351827      -3.1714      0.99924        0.999   1000
22880       22   31322598   31364483     91       2  351827       2.0888     0.018362        0.019   1000
6525        22   31477282   31500610      3       2  351827     -0.31851      0.62495        0.647   1000
140606      22   31500763   31503551     19       1  351827    -0.026255      0.51047        0.515   1000
91445       22   31556138   31603005     85       1  351827       1.9086      0.02816        0.023   1000
9814        22   31892125   32014537    377      14  351827       1.4458     0.074114        0.058   1000
253143      22   32077333   32146120      4       1  351827      0.43148      0.33306        0.336   1000
6527        22   32614463   32651318    207      12  351827     -0.13684      0.55442        0.556   1000
51493       22   32783562   32808274     53       4  351827      0.67625      0.24944        0.247   1000
25793       22   32870707   32894818     47       3  351827       2.0739     0.019046         0.02   1000
8224        22   32908539   33454377      1       1  351827       1.2737      0.10139        0.091   1000
7078        22   33196802   33259028      7       2  351827     -0.16362      0.56499        0.577   1000
10042       22   35653445   35691800     97       1  351827    -0.074075      0.52952        0.546   1000
10043       22   35695268   35743987      6       1  351827      0.37002      0.35568        0.347   1000
23551       22   35936556   35950048     33       3  351827     -0.73884         0.77        0.751   1000
80830       22   36044424   36064456     43       3  351827      -1.1592       0.8768        0.879   1000
80831       22   36113919   36125530     13       2  351827     -0.54278      0.70636        0.701   1000
80833       22   36536371   36562225      2       1  351827     -0.51225      0.69576        0.655   1000
80832       22   36585176   36600879    146      14  351827      -1.4346       0.9243        0.913   1000
8542        22   36649117   36663577     16       2  351827      -1.7147       0.9568        0.958   1000
25828       22   36863083   36878072     28       4  351827      0.57306       0.2833        0.294   1000
80020       22   36883233   36903148    170       6  351827     -0.66783      0.74788        0.748   1000
11020       22   37154246   37172177     84       9  351827       1.3665     0.085887        0.089   1000
4689        22   37257030   37274059      1       1  351827    -0.098287      0.53915        0.521   1000
114904      22   37576206   37594341      7       2  351827      0.79156      0.21431        0.224   1000
27128       22   37678495   37711389     17       3  351827     0.020773      0.49171        0.479   1000
29775       22   37886400   37915543      3       1  351827      0.21279      0.41575        0.413   1000
11135       22   37956471   37965412     35       3  351827     -0.14387       0.5572        0.556   1000
26088       22   38004481   38029571     36       1  351827     -0.27366      0.60783        0.617   1000
23616       22   38030661   38052119     25       2  351827      0.73597      0.23087        0.269   1000
11078       22   38092995   38172563    210       8  351827      -2.5802      0.99506        0.994   1000
23464       22   38203906   38213183    142       5  351827      -2.4833      0.99349        0.995   1000
129138      22   38226862   38240353     10       4  351827     -0.45038      0.67378        0.716   1000
51386       22   38245379   38284789     39       5  351827      -0.7385       0.7699        0.753   1000
9463        22   38453262   38471708    136       6  351827      -1.5494      0.93936        0.947   1000
23539       22   38474144   38479170      8       1  351827     -0.52665      0.70078        0.694   1000
80115       22   38480896   38506971     28       3  351827     -0.74269      0.77117        0.766   1000
8398        22   38507502   38577857     12       3  351827     -0.55658      0.71109        0.692   1000
23764       22   38597939   38612518     45       2  351827      0.79932      0.21205         0.21   1000
25829       22   38612415   38669040     74       5  351827      0.35146      0.36262        0.363   1000
11015       22   38864067   38879452     42       5  351827     -0.82957      0.79661        0.797   1000
10521       22   38879443   38903622    234       3  351827      0.99459      0.15997        0.165   1000
646851      22   38974125   39052634    232       2  351827      0.97047      0.16591        0.171   1000
25776       22   39052658   39069859    265       4  351827      0.95148      0.17068        0.177   1000
23467       22   39214456   39240017     23       1  351827     -0.79034      0.78534        0.768   1000
23466       22   39257468   39268258      2       1  351827     -0.92467      0.82243        0.825   1000
200315      22   39348755   39359189      2       1  351827      -1.1072       0.8659        0.879   1000
9582        22   39378352   39388784     15       4  351827      -1.0792      0.85976        0.857   1000
27350       22   39410265   39414843    102       5  351827      -1.0379      0.85034        0.854   1000
140564      22   39417118   39435686    199      10  351827     -0.79863      0.78775        0.779   1000
200316      22   39436609   39451977      2       1  351827     -0.28896      0.61369        0.623   1000
60489       22   39473010   39483748    220      16  351827     -0.95175      0.82939        0.824   1000
164668      22   39493229   39500072     60       4  351827     -0.67364      0.74973        0.741   1000
5155        22   39619685   39640957      1       1  351827      0.18927      0.42494        0.435   1000
6122        22   39708887   39715670     27       2  351827       1.0292       0.1517        0.154   1000
9145        22   39745954   39781593     10       2  351827       2.1204     0.016987         0.02   1000
4248        22   39843235   39888199    109       3  351827      0.53907      0.29492        0.318   1000
54471       22   39898197   39914139      1       1  351827       2.6643     0.003857       0.0048   5000
468         22   39916569   39918691     46       3  351827       1.5142     0.064989         0.07   1000
9402        22   40297086   40369347      1       1  351827     -0.25527      0.60074        0.583   1000
113828      22   40390953   40426043     47       4  351827       2.3816    0.0086178       0.0088   5000
158         22   40742504   40762577      2       1  351827      0.84236      0.19979        0.199   1000
10478       22   41165636   41215403    184       5  351827     -0.34217      0.63389        0.614   1000
63929       22   41253085   41328823    548      17  351827       1.8166     0.034641        0.039   1000
150356      22   41605861   41636935      6       1  351827      -1.6408      0.94958        0.941   1000
5905        22   41640781   41682255      8       2  351827     -0.55916      0.71197        0.729   1000
50          22   41865099   41924993    361       3  351827      0.43693      0.33108          0.3   1000
171568      22   41921803   41940479    101       9  351827       1.4974     0.067147        0.062   1000
27254       22   41957014   41972670      5       2  351827      0.53111      0.29767          0.3   1000
5372        22   41972890   41985871     74       7  351827     -0.47406      0.68227        0.686   1000
27351       22   41994032   42017079     91       9  351827      0.77772      0.21837        0.217   1000
150365      22   42095518   42195459    596       6  351827       1.0834      0.13932        0.145   1000
79879       22   42196636   42228175      2       1  351827      -0.1504      0.55978        0.558   1000
164684      22   42391607   42428935    173       9  351827     -0.59229      0.72317        0.742   1000
4668        22   42454338   42466852    229      11  351827    0.0091575      0.49635        0.495   1000
150368      22   42470255   42475445      1       1  351827      0.77807      0.21826        0.197   1000
91689       22   42475695   42480288    441      22  351827       1.3274     0.092189        0.104   1000
4700        22   42481530   42486888    148      17  351827      0.35344      0.36188        0.368   1000
1565        22   42522501   42526883    243      15  351827     -0.42248      0.66366         0.68   1000
27341       22   42904341   42915829    111       8  351827      -1.0093      0.84358        0.845   1000
253190      22   42949858   42970703    198      16  351827      -1.6368      0.94916         0.95   1000
84271       22   42979727   43010968     19       2  351827    -0.066316      0.52644        0.535   1000
1727        22   43013846   43045405     52       6  351827     -0.45205      0.67438        0.689   1000
53947       22   43088123   43117307    148      12  351827     -0.73457       0.7687        0.768   1000
26286       22   43192530   43253408    349       4  351827      -1.1461      0.87411        0.891   1000
11252       22   43265772   43411184    301       3  351827      -1.0602      0.85548        0.883   1000
25809       22   43435522   43485434      2       1  351827      0.61342       0.2698        0.272   1000
638         22   43506754   43525718     36       3  351827    -0.061985      0.52471        0.532   1000
706         22   43547520   43559248     87      13  351827      -0.7965      0.78713        0.793   1000
23170       22   43562628   43583137     57      10  351827       1.5919     0.055703         0.06   1000
64800       22   43924624   44208217     14       2  351827       1.2553      0.10468        0.104   1000
25813       22   44351261   44392412    106       6  351827     -0.68698      0.75395        0.757   1000
29780       22   44395091   44565113      5       1  351827    -0.095896       0.5382        0.534   1000
64098       22   44566271   44604349     82       8  351827     0.011009      0.49561        0.482   1000
85352       22   44639545   44727470     24       1  351827      0.80252      0.21113        0.184   1000
23779       22   45148438   45258664      6       1  351827      -1.3577      0.91272        0.903   1000
10762       22   45559726   45583892     46       3  351827       1.0626      0.14397        0.144   1000
23313       22   45588123   45636650     59       6  351827      -1.0537        0.854         0.87   1000
55007       22   45705081   45737836    188      15  351827      0.86353      0.19392        0.162   1000
27127       22   45739944   45809500     32       1  351827       1.3783     0.084058        0.074   1000
26150       22   45809572   45828302    227       6  351827       1.2005      0.11497        0.116   1000
25814       22   46067678   46241187     98       5  351827      -1.1498      0.87488        0.873   1000
10343       22   46651560   46659277    360       9  351827      0.92576      0.17728        0.154   1000
55020       22   46663861   46689905    286      11  351827      0.59459      0.27606        0.267   1000
55687       22   46731298   46753237    150       8  351827      0.81751      0.20682        0.205   1000
9620        22   46756731   46933067     21       1  351827      -0.5384      0.70485        0.665   1000
23151       22   46973124   47078652     65       5  351827     -0.40936      0.65886        0.699   1000
25771       22   47158514   47571342    103       5  351827      0.34573      0.36477        0.355   1000
348645      22   50013290   50051190    203      12  351827     -0.45883      0.67682        0.689   1000
79087       22   50296852   50312106    332       5  351827       2.1826     0.014533        0.014   1000
79174       22   50312283   50321188    408       9  351827       2.1283     0.016658        0.015   1000
23209       22   50497820   50524358     46       3  351827     -0.83958      0.79943        0.808   1000
54456       22   50528435   50600119    281       6  351827     0.019044       0.4924        0.507   1000
56666       22   50609160   50618724      3       1  351827      0.70337      0.24091         0.26   1000
80305       22   50624344   50638027    246       5  351827    -0.014403      0.50575        0.517   1000
83642       22   50639408   50656045     75       8  351827       0.2328      0.40796        0.405   1000
85378       22   50656118   50683453     32       3  351827      0.47688      0.31672        0.324   1000
83933       22   50683612   50689834    142      12  351827     -0.71596      0.76299        0.774   1000
6300        22   50691331   50700248    265      23  351827      0.59713      0.27521        0.345   1000
5600        22   50702142   50708779     12       3  351827       1.6909     0.045432         0.06   1000
414918      22   50750392   50765517     17       1  351827       1.9128     0.027888        0.024   1000
9701        22   50781746   50883519     85       6  351827       2.4116    0.0079416        0.009   5000
6305        22   50883429   50913467      3       1  351827       1.3418     0.089832        0.085   1000
91289       22   50941376   50946148     19       4  351827       1.6245     0.052137        0.052   1000
29781       22   50946645   50963209      6       1  351827       1.5281      0.06325        0.063   1000
9997        22   50961997   50964868     56       8  351827      0.93463      0.17499         0.15   1000
1890        22   50964181   50968514     92      12  351827       1.2217      0.11091        0.091   1000
440836      22   50968836   50971008     30       4  351827      0.44231      0.32913         0.31   1000
644186      22   50989541   51001328      4       1  351827      -1.2079      0.88646        0.884   1000
1375        22   51007290   51017096    133      15  351827      0.99386      0.16014        0.152   1000
1120        22   51017387   51021428    130      13  351827      0.76335      0.22263        0.208   1000
23542       22   51039131   51049979     20       4  351827     0.010466      0.49582        0.461   1000
410         22   51061182   51066601     62      15  351827      0.47209      0.31843        0.305   1000
85358       22   51113070   51171640     13       1  351827     -0.59422      0.72382        0.713   1000
