fname	pi (mean)	pi (std)	sig2_beta (mean)	sig2_beta (std)	sig2_zero (mean)	sig2_zero (std)	h2 (mean)	h2 (std)	nc@p9 (mean)	nc@p9 (std)	AIC	BIC
/media/kame/Data/_workings/projects/StressNSSIGenetics/1_GlobalRg/results/MiXeR/uni/combined/ADHD.fit.json	0.0017208270006414579	0.00011069861832477902	0.0001374237749028335	7.434206311415364e-06	1.0899981915498747	0.0029355180111216668	0.4887163575043597	0.009985571251227315	5487.918106627486	353.030811148794	29.238271021323452	19.90245492406393
