fname	pi (mean)	pi (std)	sig2_beta (mean)	sig2_beta (std)	sig2_zero (mean)	sig2_zero (std)	h2 (mean)	h2 (std)	nc@p9 (mean)	nc@p9 (std)	AIC	BIC
/media/kame/Data/_workings/projects/StressNSSIGenetics/1_GlobalRg/results/MiXeR/uni/combined/AN.fit.json	0.0025224713153936484	0.00014958321764435155	9.495078328681042e-05	4.9953237878851234e-06	1.0736912501707496	0.0034390148771847487	0.49517698291544077	0.010745487620291184	8044.455369445667	477.03833578392056	16.35828194003261	6.94689792971767
