fname	pi (mean)	pi (std)	sig2_beta (mean)	sig2_beta (std)	sig2_zero (mean)	sig2_zero (std)	h2 (mean)	h2 (std)	nc@p9 (mean)	nc@p9 (std)	AIC	BIC
/media/kame/Data/_workings/projects/StressNSSIGenetics/1_GlobalRg/results/MiXeR/uni/combined/ANX.fit.json	0.016409725060880356	0.036954496444343704	1.5285180134820187e-05	2.1683959924683092e-05	1.0024610956552205	0.0029368655650175083	0.0930250212519795	0.011932241333626446	52332.528053555085	117852.20134424766	-2.0074583725479895	-11.572854872181779
