fname	pi (mean)	pi (std)	sig2_beta (mean)	sig2_beta (std)	sig2_zero (mean)	sig2_zero (std)	h2 (mean)	h2 (std)	nc@p9 (mean)	nc@p9 (std)	AIC	BIC
/media/kame/Data/_workings/projects/StressNSSIGenetics/1_GlobalRg/results/MiXeR/uni/combined/MDD.fit.json	0.005587575778547317	0.0010311380660628922	1.6758625648531624e-05	2.609245303817176e-06	1.0331971920825178	0.002780301969997941	0.18878754760279615	0.003581736687952186	17819.431166417424	3288.419615144354	1.4822800239373464	-8.102764550800202
