fname	pi (mean)	pi (std)	sig2_beta (mean)	sig2_beta (std)	sig2_zero (mean)	sig2_zero (std)	h2 (mean)	h2 (std)	nc@p9 (mean)	nc@p9 (std)	AIC	BIC
/media/kame/Data/_workings/projects/StressNSSIGenetics/1_GlobalRg/results/MiXeR/uni/combined/OCD.fit.json	0.0007456155841764555	0.00012715904653913377	0.00023639117113453145	3.391670348648674e-05	1.0074628271207362	0.002219005203823506	0.35723330489117966	0.021073757031527005	2377.8551030756184	405.5250374752792	0.06291375731816515	-9.484491771704052
