fname	pi (mean)	pi (std)	sig2_beta (mean)	sig2_beta (std)	sig2_zero (mean)	sig2_zero (std)	h2 (mean)	h2 (std)	nc@p9 (mean)	nc@p9 (std)	AIC	BIC
/media/kame/Data/_workings/projects/StressNSSIGenetics/1_GlobalRg/results/MiXeR/uni/combined/SelfHarm.fit.json	0.009471252811498335	0.00286048680395194	9.791656552898167e-06	2.9118826934060056e-06	1.096543733805804	0.002698056207306817	0.1757587042077402	0.0040416520891102025	30204.93040688751	9122.426205147405	-1.521912510599941	-11.09851177474484
