gene,gene_name,zscore,effect_size,pvalue,var_g,pred_perf_r2,pred_perf_pval,pred_perf_qval,n_snps_used,n_snps_in_cov,n_snps_in_model,best_gwas_p,largest_weight
ENSG00000156603.15,MED19,-12.774374406957161,NA,2.2797329583205634e-37,0.009252769118934735,0.058917959523955475,0.00936116459870341,NA,33,34,34,8.791662130935678e-59,0.07803003161745037
ENSG00000137764.19,MAP2K5,-10.430404218473036,NA,1.8012040392887846e-25,0.007792714773569333,0.11639644168601465,0.00013572411658637217,NA,9,9,9,2.7790223756218233e-41,0.03776819139784016
ENSG00000205078.5,SYCE1L,8.939569627047947,NA,3.906889295551002e-19,0.050964321162242865,0.2910855694742828,4.516003813716803e-11,NA,21,21,21,1.8653233579517234e-54,0.06149643600458024
ENSG00000238083.7,LRRC37A2,-8.456601184677995,NA,2.7528340250941224e-17,0.040011278449312085,0.4730204796815902,2.4017610245105516e-18,NA,24,47,47,5.541650969997795e-139,0.09076256374920263
ENSG00000176681.14,LRRC37A,-8.383632232236625,NA,5.131896558507416e-17,0.09518354802110998,0.3239921338058324,1.0006335162584552e-11,NA,30,43,43,7.627772354574047e-37,0.2702989552989761
ENSG00000275759.1,RP11-131L12.3,-7.88516051408182,NA,3.1413146757192582e-15,0.05998922777055107,0.14647503525682745,2.651287346085284e-05,NA,91,93,93,2.449972748881034e-31,0.13438641226610004
ENSG00000169609.13,C15orf40,7.2222959863635765,NA,5.111705963845634e-13,0.046321695731739214,0.1030771318716342,0.00030565955477831406,NA,30,31,31,1.5023611207847253e-16,0.1577121230397637
ENSG00000149305.6,HTR3B,-6.698221637448756,NA,2.1097112672322415e-11,0.002882588307910627,0.05684224953974016,0.009613189158899927,NA,11,12,12,9.380065489796351e-13,0.06685545368902307
ENSG00000187122.16,SLIT1,-6.429690462374437,NA,1.2786405398664363e-10,0.018071382464666517,0.1796979494447514,1.5396028928278302e-06,NA,15,15,15,1.563010577879299e-22,0.022727184383109618
ENSG00000125485.17,DDX31,-6.1566070781361635,NA,7.431993177188421e-10,0.11493813849979115,0.4720573881415059,8.938824420380981e-19,NA,53,55,55,1.0259764321043857e-14,0.09963909940649587
ENSG00000186115.12,CYP4F2,-6.133494928803929,NA,8.596916023459848e-10,0.013364876867842542,0.06658066090747655,0.0050674270287194454,NA,6,6,6,1.199989176643001e-12,0.07677110319039876
ENSG00000126790.11,L3HYPDH,-5.842096101552799,NA,5.154805299504617e-09,0.05246730857299199,0.2505580788765253,1.2616552830907894e-08,NA,33,33,33,8.444615943171052e-13,0.05836081794045037
ENSG00000178927.17,C17orf62,-5.816306884992445,NA,6.01619725021092e-09,0.013995882493242297,0.051020435842234965,0.015704926092852883,NA,21,21,21,3.5234287451187714e-12,0.11784298990854356
ENSG00000175003.12,SLC22A1,5.632700951873624,NA,1.7740893726148014e-08,0.02156527626329891,0.10811299798646147,0.00017641110548644644,NA,10,10,10,9.353774490654946e-11,0.12783476749415829
ENSG00000204084.12,INPP5B,5.527614075420564,NA,3.2461515097087066e-08,0.00820728607492837,0.17448715798541628,3.648490780217923e-06,NA,15,15,15,1.2161332415579046e-14,0.02798526361413217
ENSG00000273559.4,CWC25,5.270510354139962,NA,1.360449507947093e-07,0.0017075575547826067,0.10676627547163124,0.00043766540634112254,NA,2,10,10,2.1848804255486564e-08,0.06604350312586739
ENSG00000176209.11,SMIM19,4.990448865739676,NA,6.023914602014832e-07,0.015299994274066791,0.17200525534470695,2.394908367373066e-06,NA,11,12,12,4.775614402401267e-07,0.021037266248723964
ENSG00000185728.16,YTHDF3,-4.942472732671737,NA,7.713789666193006e-07,0.0004846366924916204,0.05204485038123205,0.016625064239712085,NA,13,13,13,1.7626334442042456e-07,0.005720893129489196
ENSG00000145476.15,CYP4V2,4.704015699570676,NA,2.550936190283106e-06,0.009844803893173623,0.1938360381969206,9.584718378915475e-07,NA,8,13,13,7.425902468877931e-07,0.07076055341775464
ENSG00000160570.13,DEDD2,4.634376197552243,NA,3.5801541364855973e-06,0.005414954697051937,0.050431099503358896,0.01596262880575922,NA,11,14,14,2.1938481107611137e-08,0.09252694905485616
ENSG00000248746.5,ACTN3,-4.6337274137787565,NA,3.591398260800334e-06,0.02589278243592638,0.14182299390927308,2.9332015401910192e-05,NA,12,12,12,9.542677800929238e-17,0.2619276435387081
ENSG00000277200.1,RP11-74E22.8,4.325600242865762,NA,1.5211707205406133e-05,0.0725543287811016,0.2829801530321913,1.3168372789886793e-10,NA,24,24,24,2.296918205080951e-11,0.2679947323827881
ENSG00000183323.12,CCDC125,-4.295419942383222,NA,1.7436295368627953e-05,0.01330332408629824,0.16328214850910594,8.719460153487976e-06,NA,39,39,39,9.540822751260179e-20,0.04260266214982995
ENSG00000141959.16,PFKL,4.209067548744377,NA,2.5642672601614788e-05,0.0046724456398634,0.056610410379414,0.010782599724803091,NA,13,13,13,1.0800992854417235e-06,0.031385405439882635
ENSG00000183726.10,TMEM50A,-4.164836415186111,NA,3.1157588540507385e-05,0.0003910512679880747,0.08041044062293641,0.0017178527135806158,NA,3,5,5,1.5946821430432696e-05,0.01524325213257176
ENSG00000127804.12,METTL16,-4.160895548716496,NA,3.17002055758681e-05,0.01967902824584997,0.05490890155868902,0.009854204469510136,NA,13,15,15,1.614907069078566e-08,0.15314088931211725
ENSG00000139620.12,KANSL2,-4.152823139175556,NA,3.283985460091986e-05,0.04460102894857882,0.2516456973371701,2.980137872917477e-09,NA,51,58,58,2.328327557295444e-13,0.2717053104099795
ENSG00000145506.13,NKD2,-4.083377631812524,NA,4.4385806518068316e-05,0.020297524736716456,0.15577086315670266,1.4670118791754874e-05,NA,19,19,19,2.1853392527731785e-14,0.060831749385351325
ENSG00000165219.21,GAPVD1,4.037719414007761,NA,5.3973354665052663e-05,9.118677669740876e-05,0.038366160427498686,0.03399423928720448,NA,2,2,2,5.010387159491399e-05,0.009706976783143284
ENSG00000259417.2,LINC01314,-4.03214015863117,NA,5.5271205740019964e-05,0.0075215998848182555,0.09618748487638533,0.0010016644921058424,NA,10,11,11,3.730778684445812e-07,0.11797338507222314
ENSG00000231106.2,LINC01436,-3.9535499444823485,NA,7.700018200720967e-05,0.04584313478141761,0.3014015810671429,6.352239829156999e-11,NA,18,19,19,7.15389760783554e-08,0.08045417260208332
ENSG00000170667.14,RASA4B,3.910193448591803,NA,9.222223332517716e-05,0.03762952582041278,0.11481947521330912,0.00019668847453861748,NA,47,48,48,1.383534411272326e-09,0.08051760576768509
ENSG00000112139.14,MDGA1,3.8737071768168834,NA,0.00010719219945042745,0.017290028505439068,0.18814568585805344,1.4473982127745741e-06,NA,17,18,18,3.1672425840700173e-06,0.3107479982078028
ENSG00000103275.19,UBE2I,-3.869319846605525,NA,0.00010913939001900222,0.014470854718133322,0.10674510032636887,0.00018667952488306432,NA,10,10,10,4.0395333620703085e-10,0.12385652261735305
ENSG00000172992.11,DCAKD,3.855826773584414,NA,0.0001153391443792079,0.03601779668979619,0.16045071372076025,6.420383960690083e-06,NA,10,10,10,2.085697046498451e-09,0.14983999448835794
ENSG00000204152.10,TIMM23B,-3.80939720729403,NA,0.0001393060073185577,0.008186501800287632,0.11379614480627642,0.0002846884598869037,NA,6,7,7,6.445045150678885e-05,0.05410399741386749
ENSG00000183527.11,PSMG1,-3.7269514348280968,NA,0.0001938097847777859,0.023419832980972322,0.2830453008640172,7.911460133454115e-10,NA,50,52,52,1.8222655701033698e-05,0.061396381339297576
ENSG00000196683.10,TOMM7,-3.723799650640854,NA,0.00019624668417094312,0.013460382058970613,0.14302278925884554,3.2830660863558067e-05,NA,14,15,15,9.89108131950277e-05,0.026732895516237372
ENSG00000178761.14,FAM219B,-3.6080545818382257,NA,0.00030850159742914715,0.038835059838999486,0.07418987678740256,0.003039919282964499,NA,33,33,33,2.9668463630987356e-05,0.21688092287250807
ENSG00000141294.9,LRRC46,-3.5868831145681614,NA,0.0003346542409007347,0.02854139228182006,0.10199255485154447,0.0005588630895863516,NA,8,8,8,2.987871016651903e-06,0.13312344395123352
ENSG00000204149.10,AGAP6,-3.5012135917901213,NA,0.0004631444896387845,0.019797644169668914,0.2100496087725072,2.4244999695486627e-07,NA,7,7,7,6.445045150678885e-05,0.07709672939984387
ENSG00000125388.19,GRK4,3.4979042600298813,NA,0.00046892943551341275,0.11477921360102178,0.3556624257971288,1.0009570601430833e-12,NA,36,36,36,1.6761578610666244e-07,0.07060118744093599
ENSG00000227403.1,LINC01806,-3.486613737333436,NA,0.0004891773258965457,0.07636729404139464,0.17783195419463704,2.4600621076327042e-06,NA,30,32,32,2.380484418511037e-09,0.10766369380913424
ENSG00000272989.1,LINC02012,3.4743731331875964,NA,0.0005120484387409293,0.0172453601680778,0.12734582905147773,8.020595502865926e-05,NA,9,10,10,4.637183445444914e-06,0.13977747558962714
ENSG00000198945.7,L3MBTL3,-3.467588992144864,NA,0.0005251498248224558,0.0015853182351494887,0.04492492799046025,0.02493694928822541,NA,5,5,5,1.2814779192593433e-14,0.0609561757087999
ENSG00000100105.17,PATZ1,3.4306031879353274,NA,0.0006022408692744821,0.002052488374948905,0.0731401914895872,0.004314429051063405,NA,2,2,2,0.0003311908056222964,0.09145365856797337
ENSG00000226007.2,RP11-211N8.2,-3.4101243794002394,NA,0.0006493325937903297,0.0011451136005146806,0.05948771787553756,0.008733295560660955,NA,2,3,3,0.0006298393699396475,0.06086021208429501
ENSG00000154537.4,FAM27C,-3.4099441730843965,NA,0.0006497617836789354,0.002542644402146383,0.06596702250602005,0.0053145852215720464,NA,2,5,5,0.0006298393699396475,0.0926565418952576
ENSG00000135108.14,FBXO21,-3.405003804895392,NA,0.0006616313192908159,0.011208975857344618,0.10860865679563016,0.0003579108676493796,NA,18,19,19,7.500095775303332e-22,0.10876278316144597
ENSG00000271425.7,NBPF10,3.3989629933848935,NA,0.0006764186804166271,4.997504355386369e-05,0.2294784054553795,1.5062968975403322e-08,NA,3,23,23,0.0005905952163981392,0.013323316390855268
ENSG00000089327.14,FXYD5,3.3873500919240898,NA,0.0007057127184628164,0.001903470170119673,0.09481885814909656,0.0006366305712374937,NA,4,8,8,0.0002245781011784645,0.034178900405380575
ENSG00000258077.2,RP11-114H23.1,-3.376122422357852,NA,0.0007351520007178806,0.0006510648134426473,0.039843198444255434,0.036251290218964186,NA,2,2,2,0.0005704891068372749,0.02070125001302037
ENSG00000106537.7,TSPAN13,3.3443317070840695,NA,0.0008248105484087544,0.003693115339789725,0.04048208760663181,0.032054377997564096,NA,10,10,10,3.0499938656748977e-05,0.04303220003988737
ENSG00000067221.13,STOML1,-3.302443468880484,NA,0.0009584640542616627,0.03760631510155969,0.10959448332262113,0.00020474676761848647,NA,31,32,32,6.974925936440288e-10,0.24983552654592894
ENSG00000185324.21,CDK10,3.2154421086276472,NA,0.001302437620018968,0.09526765384092065,0.3408547883583372,5.665779835908508e-12,NA,52,54,54,4.4257321891557364e-15,0.2421017400921509
ENSG00000141562.17,NARF,-3.2087799896968745,NA,0.001332994505776785,0.025518764486158283,0.16350523575099865,1.0369488872743243e-05,NA,29,31,31,3.5234287451187714e-12,0.2835645116803797
ENSG00000251216.1,RP11-161D15.3,3.2025079772302716,NA,0.0013623652688733298,0.013362838374859942,0.12082093898724995,0.0001849762102248141,NA,10,13,13,0.0007742938189584932,0.15167129228625478
ENSG00000090487.10,SPG21,-3.1714040677212005,NA,0.0015170396539450927,0.0384455499846781,0.2445453765068459,5.726974912940744e-09,NA,14,14,14,1.849752776672828e-08,0.11338695610624
ENSG00000135845.9,PIGC,3.171004388729647,NA,0.0015191284801481548,0.0030304253487576207,0.033234809493022203,0.049550205042505915,NA,6,6,6,0.0013878286958785783,0.0490963492853331
ENSG00000065243.19,PKN2,3.1572483912580487,NA,0.0015926561635311216,0.006500508639222096,0.03432391159355398,0.04317544665369877,NA,43,44,44,3.315881668270168e-06,0.11157379195746872
ENSG00000162704.15,ARPC5,-3.1517467288002665,NA,0.0016229698132977427,0.008289552455349744,0.1057906407229752,0.00031073626996298566,NA,13,13,13,0.0004807815406046045,0.023541317699744657
ENSG00000188163.7,FAM166A,-3.141547917631356,NA,0.0016805730625900582,0.015324028155032417,0.06401090389874353,0.006651433971682397,NA,6,6,6,0.00042493177419897893,0.09492835622918623
ENSG00000197054.11,ZNF763,-3.113979162378865,NA,0.0018458252528043874,0.017543992224055213,0.049690639069588066,0.019606332553154197,NA,45,47,47,2.562797593406789e-07,0.1037479855812639
ENSG00000161618.9,ALDH16A1,3.0558963845698948,NA,0.002243887851841685,0.00618015476484767,0.056632478177368675,0.008432720512716296,NA,18,19,19,2.318178651151659e-17,0.0872925816055841
ENSG00000128973.12,CLN6,3.021787048058351,NA,0.0025128726088405598,0.03314424835987327,0.043369506158404014,0.027029824313771808,NA,60,60,60,1.0131633607810182e-49,0.4384350701391723
ENSG00000254531.1,FLJ20021,-3.0214001800695613,NA,0.002516085843893738,0.0031202086753889615,0.05869949111786385,0.009707141396296573,NA,5,5,5,0.0010253750161521068,0.05363736963923561
ENSG00000177082.12,WDR73,3.020663277592769,NA,0.0025222167836141075,0.03817279639147333,0.06332187160483058,0.006422326978421899,NA,33,33,33,1.0307021981532258e-10,0.09524728951727103
ENSG00000275142.1,RP5-999L4.2,-3.0149876883839664,NA,0.0025698968716020396,0.030404588489514967,0.16621201289830453,6.545776246917939e-06,NA,19,20,20,0.00020144274932739798,0.07699846870831774
ENSG00000166788.9,SAAL1,-2.9821935408431552,NA,0.0028619101340488762,0.006552349014927383,0.04180760624895067,0.027517636917475552,NA,14,14,14,6.119955802108142e-05,0.02016533054520556
ENSG00000203872.6,C6orf163,2.978904942807045,NA,0.0028928050590978447,0.025232862885924592,0.1032879528147692,0.0006105501010702202,NA,54,55,55,6.722632851817182e-05,0.05026348782587296
ENSG00000198113.2,TOR4A,2.9418946473615684,NA,0.0032621088647121353,0.009785377238209438,0.09130140856552647,0.0009465132847650561,NA,6,6,6,0.0009343857761926954,0.06739556552349239
ENSG00000250490.1,LINC02145,-2.9285083704646393,NA,0.0034059266193889022,0.02335496130218035,0.15928673824324235,9.498970356414931e-06,NA,40,43,43,0.0010396388345760787,0.17352989448474745
ENSG00000053900.10,ANAPC4,-2.907809140567398,NA,0.0036397040070064376,0.049935318768890624,0.22987746174625814,2.586663743700504e-08,NA,29,29,29,0.0001553464861905229,0.0852329286745205
ENSG00000176092.14,AIM1L,-2.893161801694096,NA,0.0038138477171104725,0.008707323294271839,0.06353746475781406,0.007352754658170505,NA,35,38,38,2.4117928737743894e-07,0.06576451958850264
ENSG00000183128.7,CALHM3,-2.891589822172906,NA,0.003832980082666998,0.06965903999902118,0.03879902673231304,0.03152482433445386,NA,124,125,125,5.970795582007012e-07,0.4609623344466386
ENSG00000266904.5,LINC00663,2.854295549659761,NA,0.004313238419602916,0.05501927374088551,0.07381579995775688,0.0034983555056506627,NA,70,91,91,1.666770119909956e-25,0.4036350565561916
ENSG00000261159.1,RP11-723O4.9,2.823106578927804,NA,0.004756075810041913,0.05365650384109527,0.1748496832183278,2.4312612571346336e-06,NA,8,10,10,4.280769670729795e-05,0.1505017780229554
ENSG00000259438.1,CTD-2650P22.1,-2.8225830974343884,NA,0.004763847471059752,0.01021282776456955,0.09602602608105143,0.0006769477774041227,NA,3,3,3,0.004865624217576171,0.12922232380505091
ENSG00000228570.7,NUTM2E,-2.7609220950272064,NA,0.005763842354053253,0.048439186825994095,0.3747490042468207,9.006452340649784e-14,NA,45,52,52,0.0003868504273440475,0.5677361911278607
ENSG00000243708.10,PLA2G4B,-2.748574648574127,NA,0.005985500377799284,0.005517808707990039,0.07828645433253698,0.0027056840124002005,NA,17,21,21,0.00016649006409821492,0.11761439126199247
ENSG00000128928.8,IVD,-2.7421492416954507,NA,0.006103860164196365,0.02337477005857485,0.14690741656077091,2.7735648243459435e-05,NA,34,34,34,2.0310414674382666e-06,0.13745942090141758
ENSG00000145337.4,PYURF,-2.726282092889658,NA,0.0064052230261638305,0.0053631399276787145,0.03590190596497003,0.043638795630372484,NA,7,8,8,6.12853509760187e-05,0.1595387459235403
ENSG00000171714.10,ANO5,-2.723733818997707,NA,0.006454850654909327,0.021314994626693416,0.15882991970452626,7.049176651077722e-06,NA,32,33,33,0.0009053453194338699,0.03226114977267338
ENSG00000214293.8,APTR,2.7123158953108826,NA,0.006681488520024133,0.018999749718233212,0.09313002253468614,0.0006651565121654535,NA,15,16,16,0.00043631116933093495,0.056870352513247235
ENSG00000136521.12,NDUFB5,2.7113893657743713,NA,0.006700189622062005,0.0005223287942065586,0.03817591841361339,0.03666219845393926,NA,2,2,2,0.005735016478261619,0.04245859588786794
ENSG00000197768.10,STPG3,-2.6984061207778436,NA,0.0069672385970296815,0.010819589365931762,0.048286552292903136,0.018766281611678856,NA,5,5,5,0.00042493177419897893,0.07188355613007781
ENSG00000266010.1,GATA6-AS1,2.6813454663217717,NA,0.00733267729961142,0.006319233941143164,0.041284267080757435,0.028927645947718725,NA,11,13,13,0.003576764061017869,0.07965011274985725
ENSG00000170430.9,MGMT,-2.6811082829474415,NA,0.0073378767527715275,0.06831215004318869,0.13507273650130208,1.9081692152487966e-05,NA,13,14,14,8.275238678701493e-09,0.1522832677355503
ENSG00000251129.1,RP11-734I18.1,-2.6732821478474618,NA,0.007511304547041307,0.09821546299066702,0.3235715130002359,2.7636773592992924e-11,NA,18,20,20,0.0037311117493560126,0.19904606172058367
ENSG00000138363.14,ATIC,-2.647009872327685,NA,0.008120698224405634,0.01882358859626483,0.07017155933708312,0.0036250879180142006,NA,28,30,30,0.0018655955485201137,0.09174757839073933
ENSG00000273448.1,RP11-166O4.6,-2.622212353247353,NA,0.008736097873063453,0.09482671651599389,0.35509714377175977,7.224890982698578e-14,NA,20,21,21,7.131753950228577e-06,0.10460827298838396
ENSG00000226091.7,LINC00937,-2.6154117248091757,NA,0.008911995470424976,0.015909004693896233,0.15500583344591531,1.4731309828452004e-05,NA,9,14,14,0.007166552120571806,0.186097474364056
ENSG00000138346.14,DNA2,2.607493156581943,NA,0.009120789365232364,0.010254733453639905,0.18879745179170104,1.23210506552267e-06,NA,16,17,17,0.0013307125131047873,0.07247061754024928
ENSG00000258289.8,CHURC1,-2.6005174354041642,NA,0.009308328880884552,0.11828668750376181,0.5024883115613229,4.4129753083377315e-20,NA,40,41,41,0.0015863431906830096,0.03141363132577133
ENSG00000170956.16,CEACAM3,-2.593425048505565,NA,0.009502524906637728,0.002092736523647661,0.14006335929753494,3.2998810022807345e-05,NA,6,11,11,2.3429453321041425e-09,0.050635085239660135
ENSG00000272347.1,RP11-43F13.4,-2.589526684212527,NA,0.009610797386967431,0.18894301002738756,0.038756746601677695,0.03641361299663785,NA,82,91,91,1.9604215535704033e-09,0.39088583869802795
ENSG00000123124.13,WWP1,-2.57922816165549,NA,0.009902135978113923,0.0199478870853536,0.192801223007825,9.106919309836359e-07,NA,31,33,33,0.0013856678573361792,0.07854360910445615
ENSG00000172932.14,ANKRD13D,2.57210356139288,NA,0.010108264970254221,0.0066775126033539215,0.07691592054642754,0.002957661708803703,NA,29,30,30,5.330164859913967e-12,0.08500471042142999
ENSG00000163728.10,TTC14,2.560546997911657,NA,0.010450752700389148,0.0011280197452058784,0.045450198854880886,0.025749182065259696,NA,19,19,19,0.0017182255401625491,0.03543815646084867
ENSG00000007341.18,ST7L,2.557820278205963,NA,0.010533051334622671,0.03470806368533411,0.1228174733916398,0.00010511588575479759,NA,36,37,37,2.7259883851840337e-05,0.07977471067120777
ENSG00000106034.17,CPED1,-2.5570358756280136,NA,0.010556832930187499,0.005594102100288399,0.053305203831126635,0.015359138539747966,NA,56,58,58,1.2835222739809066e-06,0.06524046033378073
ENSG00000187689.9,AMTN,-2.5440593049712836,NA,0.010957247935117915,0.006101256062956054,0.04364064026384218,0.02884059348973316,NA,9,9,9,2.9711752087596834e-06,0.03179907532028148
ENSG00000166436.15,TRIM66,2.5418162894679264,NA,0.011027811922415434,0.07640708347214836,0.3219754773060479,6.114502646805772e-12,NA,43,52,52,3.318025617761154e-05,0.10325579163079313
ENSG00000255221.3,CARD17,-2.5328451359174036,NA,0.011314092639614297,0.008147810879952748,0.08443033542240311,0.0019671016268804865,NA,20,22,22,0.004990840866191352,0.10672815850679483
ENSG00000026297.15,RNASET2,-2.524751121164087,NA,0.011578025178056313,0.009839358572225516,0.11719167856932927,0.00017321340388084944,NA,18,18,18,0.0009392646940452783,0.05885959327854566
ENSG00000132359.14,RAP1GAP2,2.5209313088207836,NA,0.011704469818375484,0.039857850329705874,0.07876353517879763,0.002763527983217693,NA,28,29,29,1.2888049880917802e-07,0.18675034979258875
ENSG00000274265.4,CH17-189H20.1,2.511962466638398,NA,0.012006185740873844,0.017063434840628226,0.19546722149561732,8.501745042109669e-07,NA,24,46,46,0.0002737677877901858,0.4145132712973116
ENSG00000092036.18,HAUS4,2.493585743017177,NA,0.012646003718032556,0.09846813426819351,0.3929550002731032,2.3154354764470462e-14,NA,21,22,22,0.001638684659733053,0.0614482574997164
ENSG00000203326.11,ZNF525,2.4930451431083376,NA,0.012665274252673763,0.015420212448137993,0.07927794687281857,0.0018796300638347328,NA,25,34,34,2.096417102565896e-08,0.14578060300610393
ENSG00000172985.10,SH3RF3,2.4930444274782575,NA,0.012665299779652488,0.01602658069227052,0.03625123880554912,0.044793088207723104,NA,47,50,50,1.5573865199980892e-06,0.0698664390707731
ENSG00000105708.8,ZNF14,2.491706254056046,NA,0.012713113013595082,0.007389108259614594,0.06878717655865638,0.005368152805458489,NA,6,8,8,0.005314438336459445,0.07416988918659946
ENSG00000101425.12,BPI,2.4913354234932723,NA,0.01272639111126903,0.05118916514695016,0.21096541850129474,1.688775860443357e-07,NA,26,26,26,3.545693992494521e-13,0.18358518168782312
ENSG00000180979.9,LRRC57,-2.4888312003905764,NA,0.012816380016075291,0.00664254437070772,0.09864646361325392,0.0007822741844643162,NA,3,3,3,0.004178489207434876,0.10069061308743846
ENSG00000135437.9,RDH5,-2.483389724108445,NA,0.013013862146657217,0.03275026735156216,0.11077230474539627,0.0003662889166469692,NA,39,41,41,8.415488915670883e-05,0.3761189905708841
ENSG00000163956.10,LRPAP1,2.479850274112675,NA,0.013143756188534734,0.02388041495439303,0.049646489654218466,0.016531324175843243,NA,21,23,23,1.1955376930498896e-11,0.2014652863460568
ENSG00000171160.17,MORN4,-2.469169740882828,NA,0.013542696235986805,0.015202127737959672,0.16975875077437366,3.437352066159457e-06,NA,12,12,12,4.6120418971872755e-06,0.05910563689220884
ENSG00000164978.17,NUDT2,2.4662594145437438,NA,0.013653241307293907,0.2736417786500242,0.4475374578305488,4.526609844544602e-17,NA,79,82,82,1.610258265320549e-05,0.4196842994708673
ENSG00000163702.18,IL17RC,2.4599536354327753,NA,0.013895496570399145,0.02257194427828023,0.03386335981282552,0.049981115440839344,NA,28,30,30,9.592776156622368e-05,0.07981404249034381
ENSG00000260302.1,RP11-973H7.1,-2.4563454395314275,NA,0.014035816494046732,0.009384506453342314,0.057565493266124375,0.010660562986240999,NA,6,6,6,0.0020570196177019744,0.10583644308136222
ENSG00000198520.10,C1orf228,-2.4507150568089773,NA,0.014257276638051639,0.002115247878628515,0.15794851015977124,8.80085606331202e-06,NA,15,17,17,4.556289399198496e-16,0.08335428638064392
ENSG00000184584.12,TMEM173,-2.4501299360510864,NA,0.014280467116040696,0.06889310339996518,0.14767346453579552,1.369237255028058e-05,NA,44,47,47,0.00028762743991613985,0.4393847424275412
ENSG00000182628.12,SKA2,2.443159837806516,NA,0.014559287485680621,0.00469727038307346,0.06333932159186577,0.0074989540575053325,NA,33,34,34,2.3917776933685205e-05,0.21560238633785686
ENSG00000170802.15,FOXN2,2.4241229176684236,NA,0.015345410539471157,0.01719564741120233,0.1418212374853977,1.3541564203295567e-05,NA,10,10,10,8.611299042191288e-07,0.2364068557888504
ENSG00000270030.1,RP11-326C3.13,-2.416817022599736,NA,0.015656885471436583,0.013185531497555537,0.06954139966805896,0.00546302323767022,NA,9,9,9,2.7778284292314265e-07,0.09744172287868576
ENSG00000146842.16,TMEM209,2.4005361925070723,NA,0.016371071737383835,0.00769665886142485,0.06949621621263649,0.002206068460316799,NA,14,14,14,0.006997538051252131,0.07295385158843776
ENSG00000110917.7,MLEC,-2.3872652637291876,NA,0.016974238751166416,0.026753641154254774,0.07867895535846532,0.0025459638652891576,NA,30,31,31,0.00044045431495667305,0.1628606742791727
ENSG00000154803.12,FLCN,-2.3750042971899985,NA,0.017548745887770275,0.08893648864275822,0.3769648000527651,1.4798853756779746e-13,NA,48,51,51,3.0500959658946885e-05,0.19540463166928854
ENSG00000183386.9,FHL3,2.3696611365535607,NA,0.017804394918248766,0.007365047873913812,0.13836691505181373,3.7869151157159705e-05,NA,9,11,11,0.015438361405505661,0.035356530548195535
ENSG00000255561.6,FDXACB1,-2.364282886460259,NA,0.01806501253982149,0.007590198836253493,0.06705676223512666,0.006347017963613794,NA,41,42,42,0.0006643764349101833,0.06604127017260875
ENSG00000213077.5,FAM106A,-2.364083185498202,NA,0.018074753590643422,0.09839569115020017,0.4067516250811658,2.674202645111381e-15,NA,30,39,39,0.022916309661367425,0.2665747746584719
ENSG00000112685.13,EXOC2,2.3614784035560183,NA,0.018202232080669185,0.017310932534658516,0.07083087943946301,0.0047482795854817,NA,20,23,23,6.114719869991708e-05,0.044485787871135316
ENSG00000137221.14,TJAP1,2.361019867457754,NA,0.01822475422386488,0.006496814163875032,0.03717142992000415,0.04258145481930988,NA,22,24,24,2.216045146125789e-06,0.08722088276466815
ENSG00000168952.15,STXBP6,2.3596098592099053,NA,0.018294163237036688,0.006904777639862103,0.03577380427281469,0.043818243460387776,NA,16,16,16,0.0007853074784479477,0.09896067195518687
ENSG00000127952.16,STYXL1,2.3583456149005735,NA,0.018356593541636372,0.030031584304434943,0.3533612450281373,8.963685611709591e-13,NA,30,31,31,7.297571330904333e-06,0.0799671872663884
ENSG00000075213.10,SEMA3A,-2.3519882636902576,NA,0.01867336410640521,0.013571143373120742,0.034206494288406136,0.04380153821422346,NA,21,21,21,0.008053504167091472,0.2803800402743128
ENSG00000169442.8,CD52,2.3502525639272682,NA,0.018760676424032133,0.012376695455227588,0.12072635615790288,0.0001479460146766555,NA,11,13,13,0.004510083603226606,0.1909310503836962
ENSG00000203666.12,EFCAB2,2.3278002255497756,NA,0.01992271410477814,0.025594677951837116,0.21801540995253094,1.2919723093381722e-07,NA,28,31,31,2.1568396658550692e-09,0.07515618603488189
ENSG00000162877.12,PM20D1,-2.326162676931604,NA,0.02000987392617906,0.09754177287447277,0.2806539895245284,1.3898106407916784e-09,NA,41,43,43,0.00023171775369781894,0.12298630694655327
ENSG00000006210.6,CX3CL1,-2.3255177970159213,NA,0.020044289405451776,0.013253404971429544,0.03831940898273988,0.03801036446836301,NA,22,25,25,0.002449364705924879,0.07560125093279557
ENSG00000275830.1,RP11-403A3.3,2.3238000140421664,NA,0.02013621499540425,0.15777378629161862,0.059009138980031337,0.009608895092353728,NA,106,115,115,2.228705961684346e-09,0.3375168444271299
ENSG00000131386.17,GALNT15,2.3211255576163645,NA,0.020280068390943446,0.02746785762820021,0.04922155381927256,0.016694091649953353,NA,74,79,79,1.9518025664613e-07,0.4334359435454695
ENSG00000256269.7,HMBS,2.3209720026902065,NA,0.020288354937143434,0.0038914026025858293,0.09014940074476736,0.001396200956638512,NA,8,9,9,0.0030198400075679313,0.021043807228029756
ENSG00000185591.9,SP1,2.312101768734799,NA,0.02077207571806585,0.08245441166891605,0.0938131647831134,0.0006601951703188803,NA,121,132,132,2.674639759406768e-12,0.27725309968181244
ENSG00000272463.1,RP11-532F6.3,-2.3096839377392993,NA,0.020905658710301204,0.08061190003186085,0.33817373240554904,2.2763772528387555e-12,NA,39,50,50,0.004749823393963272,0.2696962265768071
ENSG00000091542.8,ALKBH5,-2.293426117434409,NA,0.021823484426214002,0.010110923201945584,0.1884041444479563,5.673992317386172e-07,NA,19,19,19,3.0500959658946885e-05,0.08732822021032155
ENSG00000005981.12,ASB4,2.292453981724132,NA,0.021879460099674532,0.03588605491499343,0.11166296160017396,0.0002718748280100856,NA,16,16,16,0.019884088083431527,0.07992127097769937
ENSG00000276093.1,RP5-1017F8.2,-2.2842356157205153,NA,0.02235768747318245,0.0989401147672968,0.4729413450545386,3.055990203751166e-19,NA,20,21,21,0.003989727824937094,0.1330245971331109
ENSG00000276728.1,AC142472.6,-2.2777951171260877,NA,0.02273878739328771,0.012858197622995622,0.1679278484047688,4.287402678478638e-06,NA,9,11,11,4.097610605163394e-05,0.19340713754754504
ENSG00000166275.15,BORCS7,-2.272811512915871,NA,0.023037540955670892,0.016872582328149727,0.1116619727764776,0.000143117601986914,NA,13,13,13,9.252961148461192e-08,0.04231408008125801
ENSG00000259459.5,RP11-321G12.1,2.269041274724374,NA,0.023265815997481044,0.042318138737684356,0.1415393656546932,3.647720272623204e-05,NA,22,22,22,0.00029838176435760126,0.2253269275801522
ENSG00000095587.8,TLL2,2.2626054724614435,NA,0.023660020487812898,0.02071921964097293,0.03861983703207697,0.03850959564947344,NA,18,18,18,3.2583217146347356e-06,0.2057698974044077
ENSG00000183840.6,GPR39,2.2614073343911762,NA,0.023734045010923632,0.005753339249647639,0.10042095586523507,0.000587149753374764,NA,3,3,3,0.015849386781478323,0.057470684260481374
ENSG00000104979.8,C19orf53,2.2571432324208662,NA,0.02399912622135798,0.046887586705195126,0.053314248178930664,0.015069694667165212,NA,47,57,57,0.000418797212886953,0.33686743938872016
ENSG00000131504.15,DIAPH1,-2.2570421092589092,NA,0.024005443662136142,0.020228740913729427,0.05410526692919992,0.013078458765499729,NA,54,57,57,0.0015780292058381142,0.1300279990455143
ENSG00000182986.12,ZNF320,2.256849445158794,NA,0.024017483907175386,0.09529080211279549,0.2802014399751825,4.251196993282545e-10,NA,58,64,64,2.427125501410717e-10,0.2957971562401671
ENSG00000140506.16,LMAN1L,-2.252729305481399,NA,0.024276221997709246,0.003558910153563862,0.04290035346883332,0.029542921277488438,NA,10,10,10,3.287343769031465e-05,0.156001439567576
ENSG00000196511.14,TPK1,2.2501135077417467,NA,0.024441740837720452,0.006990335116703182,0.13079677200254072,6.839669619785181e-05,NA,10,10,10,3.9538238862679894e-10,0.05169888710715834
ENSG00000196653.11,ZNF502,-2.23213688254543,NA,0.02560591743552481,0.04935176499043975,0.25860480372931216,2.688617419092869e-09,NA,16,16,16,3.2577534808991374e-05,0.23787561508543745
ENSG00000213462.4,ERV3-1,-2.2319567869693713,NA,0.02561781911835641,0.055147394184734244,0.23565283872101814,2.299341824640723e-08,NA,31,32,32,4.217316423813825e-06,0.18011746626521946
ENSG00000234719.8,NPIPB2,2.2312048384406977,NA,0.02566756363080592,0.2432790825377944,0.5616569365443315,5.460436263724399e-25,NA,49,53,53,0.004238631920429471,0.5099070948760799
ENSG00000179021.9,C3orf38,-2.2299530900090954,NA,0.025750557293128692,0.008705373428190069,0.03918672440574414,0.02952906804747456,NA,23,25,25,0.0029168806835380666,0.12521782261971262
ENSG00000183783.6,KCTD8,-2.2296376786430594,NA,0.02577150632945594,0.122020771553023,0.08585325263792333,0.0017622712743892391,NA,86,89,89,2.2260956513459862e-24,0.5144831284034667
ENSG00000260428.2,SCX,2.2216133149571164,NA,0.02630944926211362,0.034015726222537616,0.050674076243445484,0.01672395353091939,NA,45,47,47,0.00010466671995016924,0.3014622624263708
ENSG00000123427.16,METTL21B,2.2096696856933637,NA,0.027128095094996064,0.01877300762212056,0.1254532516366543,9.869051794630434e-05,NA,42,45,45,0.0004973618784617828,0.17893007942137834
ENSG00000259363.5,CTD-2054N24.2,2.20843715199432,NA,0.02721381436348634,0.10489858200035293,0.3836728426498671,3.337082038280356e-14,NA,73,77,77,7.827200608972269e-05,0.1949718338743429
ENSG00000204172.12,AGAP9,2.2026308471754414,NA,0.027620777907061994,0.012784384297206502,0.18388482908983808,1.5722466823789972e-06,NA,6,17,17,0.02008611298561071,0.0673230830127667
ENSG00000175806.14,MSRA,-2.2007871938328085,NA,0.027751092605344422,0.0055072467590795956,0.07151401051927016,0.00452320838457573,NA,15,16,16,0.002204002501967213,0.2021566589301136
ENSG00000175879.8,HOXD8,2.1964923747698393,NA,0.028056720352744716,0.0057358681210217775,0.054846786803224586,0.01042898158109507,NA,5,5,5,0.0013616380826616996,0.05749726036660505
ENSG00000048028.11,USP28,2.190269357771917,NA,0.028504707749749083,0.013030308874053898,0.0609412767005068,0.008578272955224722,NA,40,41,41,4.599226397590238e-06,0.14462137854566515
ENSG00000126215.13,XRCC3,-2.182101358256845,NA,0.029102052993584433,0.008290058676152554,0.04323158044492294,0.02458962559217785,NA,12,12,12,0.03801407120731092,0.2513795866369224
ENSG00000104899.7,AMH,2.178589240925877,NA,0.029362196161881435,0.06679480113335906,0.2336358477209032,5.722482279474722e-08,NA,9,9,9,2.579913234667064e-07,0.18511602207081032
ENSG00000187260.15,WDR86,2.1599439545334906,NA,0.030777008518095894,0.008451869355842016,0.036365454549496634,0.03977866276644816,NA,11,11,11,0.0823377369902982,0.26233502868779657
ENSG00000131015.4,ULBP2,-2.156784500403642,NA,0.03102245934949811,0.03224262931725228,0.14807349664585484,2.1212854755614567e-05,NA,91,96,96,2.432737315199329e-05,0.29265460918359953
ENSG00000105793.15,GTPBP10,2.155657976642203,NA,0.031110381843674487,0.020421654108613376,0.07306699442467457,0.0036997642914097634,NA,48,49,49,5.385998855075904e-05,0.13898910780545964
ENSG00000266733.5,TBC1D29,2.1528253558990373,NA,0.03133240660340245,0.08815924663358701,0.051639250242570725,0.01645827967052159,NA,85,88,88,0.0007377733039731146,0.4825988595616822
ENSG00000175643.8,RMI2,2.1490628143049033,NA,0.03162942097350781,0.013059912197198728,0.09948150200831464,0.0008022724872565122,NA,28,32,32,0.000401710013288662,0.0941756990137756
ENSG00000274419.6,TBC1D3D,-2.1451501200626724,NA,0.03194084622291542,0.003611588636487851,0.10067384002074237,0.0006560161426434177,NA,4,45,45,1.1620973446722276e-07,0.07486234066829148
ENSG00000163539.16,CLASP2,-2.142919943910977,NA,0.03211952723071122,0.02674835473753784,0.052849900916149835,0.014340537325494071,NA,52,55,55,0.0030076852622370346,0.1653109700849557
ENSG00000174132.8,FAM174A,2.141132424747742,NA,0.03226336053689572,0.03488660708936863,0.05571349509634147,0.008316100889990317,NA,94,99,99,4.471524248975074e-06,0.19713360887643971
ENSG00000149292.16,TTC12,2.1376986314612347,NA,0.0325412106612587,0.12247926029823872,0.5204491066830095,1.777826009147859e-21,NA,30,33,33,1.8046654672690014e-07,0.09941819637777738
ENSG00000167112.9,TRUB2,2.134315076586464,NA,0.03281699795132302,0.011376109687875004,0.07346975045883862,0.003993923314749764,NA,56,58,58,6.868531957521491e-07,0.09166061949583697
ENSG00000105971.14,CAV2,2.130637884140015,NA,0.03311898601555669,4.907097807700664e-07,0.04422865602579417,0.025262422846119667,NA,1,2,2,0.03311898601555674,0.0011222326510951905
ENSG00000139197.10,PEX5,-2.128021222301605,NA,0.03333532405015506,0.07248771479409769,0.2765283537559809,1.1877123837905966e-09,NA,44,48,48,0.0016911298305195281,0.07479104075220795
ENSG00000130943.6,PKDREJ,-2.1167734235672877,NA,0.03427908192362833,0.0215277767990295,0.08058037281294518,0.0022854258560121503,NA,11,11,11,0.0014688302560337686,0.06423627607295795
ENSG00000273270.1,RP11-212P7.2,2.1152094819066725,NA,0.03441209716344357,0.012597154068544877,0.07146760823323292,0.0021842071228575792,NA,36,38,38,0.0033201096012040483,0.061891395102720986
ENSG00000181754.6,AMIGO1,-2.1080749324708936,NA,0.03502450836660956,0.02665667396993173,0.0696115501706837,0.005123724643318024,NA,34,36,36,6.891249809816083e-05,0.0977501691233812
ENSG00000125821.11,DTD1,-2.1079161469886203,NA,0.035038243268498685,0.001326328947001076,0.042576380827537515,0.02770844573098083,NA,9,9,9,0.0016409334015469932,0.0267649897427832
ENSG00000214309.4,MBLAC1,2.105240469802529,NA,0.03527038111683745,0.015435636957978238,0.14367955842621874,3.3504629629819395e-05,NA,7,7,7,0.004738731656524341,0.2317963358918133
ENSG00000233858.4,AC026904.1,2.1043231387376555,NA,0.035350268983390117,0.09207084948463426,0.09361157031971816,0.0006754415241663293,NA,58,59,59,3.547163089903944e-07,0.8251021215285721
ENSG00000104660.17,LEPROTL1,-2.1033609462547918,NA,0.03543422958215043,0.007634088520338145,0.054520030803282084,0.011252649727871487,NA,18,18,18,9.428026932039403e-07,0.04015715867744536
ENSG00000100068.11,LRP5L,2.1004305467647493,NA,0.035690984253590546,0.01572317658844722,0.12173319286522198,0.0001494866209700646,NA,23,24,24,0.00020775593151205033,0.09252886097128044
ENSG00000082293.12,COL19A1,-2.0998539685676882,NA,0.03574168907053924,0.16611855861863056,0.058621698584053375,0.008926306052450782,NA,172,177,177,5.6974383273672255e-09,0.6668631437284422
ENSG00000253305.2,PCDHGB6,2.096291936558848,NA,0.03605630160699655,0.02557369341185484,0.11693654391259475,0.0001724116173973797,NA,23,26,26,1.4054017227862988e-34,0.2206420043882227
ENSG00000123144.10,C19orf43,-2.0961300438957537,NA,0.0360706565154386,0.016146619448291814,0.11266384082489787,0.00022777448216263765,NA,12,13,13,1.0475981181260337e-05,0.14608547416633424
ENSG00000180329.13,CCDC43,2.0923017942109623,NA,0.03641152732005129,0.0013457884016008935,0.03850243935359912,0.03821135788623715,NA,7,8,8,0.0032882463311529383,0.04366894533496043
ENSG00000269190.5,FBXO17,-2.0918501795094686,NA,0.03645191994003608,0.009370680338981849,0.14866440145469428,1.7726635398854875e-05,NA,41,42,42,0.03221064100459518,0.07850668935669937
ENSG00000136243.16,NUPL2,-2.0886981260670807,NA,0.03673490565837674,0.014943465521696847,0.05205904758659949,0.01613449342433023,NA,27,27,27,0.00013683415442212953,0.11313467313792755
ENSG00000182150.15,ERCC6L2,-2.0854781398449145,NA,0.03702592042767864,0.0021696833475263397,0.10769292194353694,0.00039670920738777115,NA,10,10,10,0.03319141068872055,0.01449586128944744
ENSG00000128944.13,KNSTRN,2.0771817963885577,NA,0.037784783331809596,0.027010756868664818,0.09581566334612164,0.0005223736932491943,NA,32,32,32,2.1880788154571036e-06,0.10006899402386574
ENSG00000250971.1,RP11-696F12.1,2.074198611707674,NA,0.03806086912334159,0.015371486026737657,0.09412033623606808,0.0010790352688375194,NA,24,30,30,6.558450930153544e-07,0.18166919976364465
ENSG00000185344.13,ATP6V0A2,-2.0727573686494525,NA,0.03819486576000425,0.009947088384680138,0.05243918017674507,0.014868841327718848,NA,9,9,9,0.005446971483444619,0.04348215902420344
ENSG00000143344.15,RGL1,-2.069902541868921,NA,0.03846147186871646,0.004383525286151338,0.045723546676894634,0.022885754831409026,NA,29,30,30,0.0007842332245311256,0.10147961907360233
ENSG00000230836.1,LINC01293,-2.066742768386228,NA,0.03875839887231676,0.03350541258575041,0.12408988046698775,7.529426969623236e-05,NA,16,16,16,0.034100808288141764,0.08694739092914927
ENSG00000240219.1,RP11-430C7.5,-2.063731371809558,NA,0.03904319313446155,0.025163292069013507,0.05585489533926949,0.012243008318384851,NA,55,58,58,0.0480977672163486,0.19311701904114603
ENSG00000175920.16,DOK7,-2.0628072737432,NA,0.03913094269134086,0.03613962436008749,0.06520971338724503,0.005812456186419335,NA,18,21,21,9.257686024920929e-09,0.13277349204045372
ENSG00000151208.16,DLG5,-2.06276469244297,NA,0.03913499011618018,0.08828500364275362,0.05304305421843282,0.015529295526440409,NA,152,157,157,0.00020993863128982698,0.30728447309796475
ENSG00000162384.13,C1orf123,-2.053487802114036,NA,0.040025291555809486,0.007849250018307621,0.21717089808363574,3.5386264825136115e-08,NA,13,13,13,0.00025748235970437237,0.027968511471665455
ENSG00000256092.2,RP13-942N8.1,-2.047895712959959,NA,0.04057021902870092,0.03269024250027653,0.08712548445771624,0.0012978550188808364,NA,59,62,62,2.1780111133789445e-07,0.07534090127657793
ENSG00000105928.13,DFNA5,-2.040218393534678,NA,0.0413285785427317,0.0025206372747708285,0.03883987215980845,0.037799621359921085,NA,6,6,6,3.910206981773582e-07,0.050834312204672216
ENSG00000104853.15,CLPTM1,-2.0307085927118997,NA,0.04228456417745522,0.03903170386770219,0.09567396799411368,0.000606447315529737,NA,81,90,90,3.7452796494569257e-07,0.21193062592354175
ENSG00000164465.18,DCBLD1,2.0196303772175805,NA,0.04342174177004302,0.010121067621477341,0.1061201033331799,0.00029507413937554045,NA,8,9,9,7.459816874763574e-05,0.12815318528412065
ENSG00000181513.14,ACBD4,2.0101129672519007,NA,0.04441923393675071,0.0013939931072934288,0.07606820192471314,0.002934480189345291,NA,2,3,3,0.0335928800435247,0.06460067439512376
ENSG00000187024.13,PTRH1,2.0079693955406586,NA,0.04464654393912854,0.015393576733805443,0.09337648071844208,0.0010685970452810386,NA,15,16,16,0.00010811517608592425,0.3136387159868195
ENSG00000101489.19,CELF4,2.0004669503266226,NA,0.04544986523662799,0.007026664881742858,0.0675564638754901,0.005528141190744446,NA,113,113,113,0.0008039406356537278,0.04905691427466111
ENSG00000124357.12,NAGK,-1.9987874109833574,NA,0.04563136047224918,0.01468261039697142,0.2770102704286732,1.58313185014535e-09,NA,25,25,25,0.0076794891739960175,0.040669537497907964
ENSG00000105641.3,SLC5A5,1.9907097891652599,NA,0.0465128018848025,0.0627989404620804,0.11016455036498136,0.0003027180459660126,NA,30,35,35,0.0385318367846562,0.1771039599909944
ENSG00000164307.12,ERAP1,1.9883193921881304,NA,0.04677637740438168,0.06954044989750889,0.09312944806334493,0.000940174161744132,NA,83,83,83,2.328315568957507e-12,0.19340007328260295
ENSG00000185829.17,ARL17A,1.9868555452832293,NA,0.046938407169516055,0.07406296569378093,0.2695868200771727,4.2867358653729886e-10,NA,16,30,30,1.9788870438453324e-11,0.21675129380403976
ENSG00000183060.15,LYSMD4,1.985071655117198,NA,0.04713649986342046,0.05535478581700854,0.2221671124389512,1.7992171994356665e-08,NA,51,55,55,0.00025484761173762756,0.10173268371039522
ENSG00000169641.13,LUZP1,-1.9770360437457637,NA,0.048037556127943436,0.0330258796152455,0.11336639856852315,0.00030842601752646936,NA,45,48,48,9.066931478009902e-06,0.1241316562681762
ENSG00000204677.10,FAM153C,-1.9726270458702064,NA,0.04853806928416204,0.012456353204621354,0.07019400960842212,0.004248917039377056,NA,15,16,16,0.00015823025344064248,0.22817195379059224
ENSG00000106631.8,MYL7,1.9603049682062068,NA,0.04996015568820358,0.01727865040779318,0.1025080136655436,0.00035314533671285353,NA,7,7,7,0.011143099946719179,0.2612211700121267
ENSG00000065060.16,UHRF1BP1,1.9586937583609463,NA,0.05014866185276832,0.017621693339182978,0.43856471656485707,1.8986794586552358e-16,NA,21,105,105,2.752383582328562e-09,0.12344922100141377
ENSG00000179178.10,TMEM125,-1.9572539617734939,NA,0.05031761732421471,0.013910269904005935,0.05665451437221476,0.011615594617907456,NA,26,27,27,8.723477823348882e-12,0.27581704660218065
ENSG00000114767.6,RRP9,1.9561523573290416,NA,0.05044720894728614,0.004502270247857801,0.06069507438088428,0.009892120794506494,NA,12,12,12,0.11351005404809147,0.13177160093164808
ENSG00000272823.1,RP11-295M18.6,1.952853665241093,NA,0.050836937410046835,0.14197664786433675,0.3818380100425521,5.226462515261392e-14,NA,61,62,62,2.1106397725675836e-12,0.1417868554451299
ENSG00000181827.14,RFX7,1.9525011668013348,NA,0.05087873256039514,0.012521944752121004,0.04759641693318504,0.021409264419714632,NA,26,27,27,1.329169427764956e-05,0.11603014067270255
ENSG00000278740.1,RP11-147L13.14,-1.9494900003117446,NA,0.051236935839796154,0.011703315405989704,0.15377352420200344,1.9926390811780482e-05,NA,15,19,19,9.450902039584955e-08,0.0513585098565345
ENSG00000250067.11,YJEFN3,-1.9458161994126495,NA,0.05167682201115475,0.012723118838678792,0.03969275787008116,0.0342867614285184,NA,32,42,42,1.666770119909956e-25,0.16872713479420293
ENSG00000198920.9,KIAA0753,1.9406098251785866,NA,0.05230562144784907,0.017190561745219164,0.1197571700103496,2.7017871633336497e-05,NA,13,13,13,0.003888828487350324,0.1730612737616423
ENSG00000253678.1,RP11-981G7.3,-1.937034847008428,NA,0.052741083841300815,0.020259047246018468,0.0764345618807121,0.002634665756953225,NA,12,15,15,0.055285904962841644,0.1357276778069372
ENSG00000167555.13,ZNF528,1.9349829942965677,NA,0.0529923825446792,0.03397304429424781,0.19583392334035665,3.2525487117634603e-07,NA,26,30,30,0.0024898410819582475,0.1277248289262816
ENSG00000162510.5,MATN1,1.9307897021956029,NA,0.05350906436114752,0.010326113803400348,0.038380716408682215,0.03016746333403775,NA,31,33,33,0.0046775301251103,0.04275255124266551
ENSG00000243232.4,PCDHAC2,1.9226123379160047,NA,0.0545287533594495,0.0008813556252490093,0.09682440329172882,0.0005431886846010534,NA,3,6,6,0.058754055990666215,0.04293340712041503
ENSG00000123297.17,TSFM,-1.9165456661594902,NA,0.05529567636725054,0.005667055622874905,0.07893460799075691,0.002284824542761888,NA,14,15,15,4.454147227550592e-05,0.0836571857929493
ENSG00000164484.11,TMEM200A,-1.9112992035016951,NA,0.055966141371189895,0.009718617865119485,0.10785937686883716,0.00041648571022784737,NA,38,38,38,0.00015394668543266784,0.0534380123002524
ENSG00000203705.10,TATDN3,-1.9083361700191914,NA,0.056347780954940564,0.02819920220241723,0.06410264966404645,0.007406365021391472,NA,72,73,73,6.654189576820908e-07,0.17101798314194067
ENSG00000136161.12,RCBTB2,-1.9033006731018012,NA,0.05700132308097576,0.00459362049736587,0.06044162021314192,0.0077040141443435045,NA,9,9,9,0.00880522067195985,0.036571080173551034
ENSG00000108588.13,CCDC47,-1.901072644761406,NA,0.057292498082809014,0.001570420904389305,0.0739623138458573,0.003870627662534039,NA,5,5,5,0.04400738722551377,0.02095763702355894
ENSG00000172269.18,DPAGT1,1.8940679439860646,NA,0.05821599198374509,0.013539625610834619,0.03837382491835199,0.037067702082566434,NA,29,30,30,1.0454372209337106e-10,0.09176598727196576
ENSG00000184208.10,C22orf46,-1.891485298375384,NA,0.05855959167078496,0.023526808667356944,0.059392593384841375,0.009775964165434794,NA,17,20,20,0.0019081560258294818,0.20185059857037288
ENSG00000113205.5,PCDHB3,-1.8909876994242356,NA,0.05862598624637044,0.006977230376669894,0.05271385629410981,0.012246642537714144,NA,8,10,10,1.51246133158504e-05,0.12021699601754307
ENSG00000262877.4,RP11-1055B8.4,1.890536542839739,NA,0.05868623804610823,0.049199752895618634,0.2502316612017907,1.165418352914574e-08,NA,41,43,43,6.134192416230951e-07,0.1489580783137012
ENSG00000197653.15,DNAH10,1.8877316502114412,NA,0.05906198510851442,0.07463097826300091,0.2293530072164225,3.712958898047545e-08,NA,37,39,39,0.0006823284070860245,0.7405264597147324
ENSG00000095485.16,CWF19L1,-1.8759866178854612,NA,0.06065711748059008,0.09741596080163006,0.14015016653528758,3.21228254390879e-05,NA,124,127,127,9.116924019697636e-08,0.15362522255233754
ENSG00000213390.10,ARHGAP19,1.8745301930006406,NA,0.06085738455121248,0.03500906354016505,0.04058756116188434,0.03360971101797125,NA,34,36,36,9.454662626869546e-25,0.26774305855889297
ENSG00000104472.9,CHRAC1,-1.8696536579189535,NA,0.061531928791272256,0.027423885976885762,0.05275648979452754,0.014995410717345682,NA,60,64,64,7.203881723797902e-21,0.13235649032199642
ENSG00000143294.14,PRCC,-1.8694945038826947,NA,0.061554047582803494,0.06144676688547723,0.040809729761820936,0.0240092112640376,NA,165,179,179,3.7705607562897845e-05,0.20559402074554128
ENSG00000275835.4,TUBGCP5,1.8663200884950089,NA,0.061996595888266975,0.0012303676901530042,0.1135031986972668,0.0003089618403264621,NA,2,14,14,0.00015216475867742388,0.10835447724914517
ENSG00000125637.15,PSD4,-1.8550187276907777,NA,0.06359355229236743,0.005215574302364721,0.1912705923594216,4.7033853820294926e-07,NA,7,7,7,0.03163650344559027,0.01840239663573985
ENSG00000176783.14,RUFY1,-1.8547488687424973,NA,0.06363209670344762,0.033369707701380265,0.18429096709997952,1.2897300215046077e-06,NA,51,57,57,2.281961320909309e-07,0.10249674832611153
ENSG00000198633.10,ZNF534,-1.8544995729092684,NA,0.06366772119726818,0.018245484574752335,0.24361603253527095,1.217388685374479e-08,NA,7,8,8,0.01600945226378278,0.11717202468580645
ENSG00000169136.10,ATF5,1.854493230668238,NA,0.06366862772140393,0.01893079177732776,0.08674707709696289,0.0017550482748603716,NA,14,15,15,1.8377171154734977e-05,0.16101565733749912
ENSG00000136160.14,EDNRB,1.8488364034998168,NA,0.06448143906358958,0.00851247143812298,0.04556229135942312,0.024669238716663718,NA,15,16,16,1.3655175049796134e-05,0.06782708173309075
ENSG00000135930.13,EIF4E2,1.847682778901292,NA,0.0646482466736375,0.00811477644422543,0.05161326224019425,0.01536577110037194,NA,11,12,12,0.08572628756584857,0.10748171390799087
ENSG00000204978.2,ERICH4,1.8462824722128905,NA,0.06485120141182128,0.02591747714899768,0.0650131756051914,0.00711139291748025,NA,48,59,59,7.191039522683348e-07,0.15958516693008007
ENSG00000156261.12,CCT8,1.843918830388915,NA,0.06519497038930741,0.028243831012622705,0.2535229377818212,7.227894003214695e-09,NA,86,88,88,3.376102594426357e-07,0.33816038917453684
ENSG00000107099.15,DOCK8,-1.8382520431387228,NA,0.0660252741956298,0.018085263053587142,0.15172015183141674,8.460943958942744e-06,NA,14,14,14,0.0007050371415811826,0.08561652545131576
ENSG00000213190.3,MLLT11,-1.8343829165027203,NA,0.06659717369108606,0.019949256132542725,0.04704799630592816,0.023489016473612838,NA,33,35,35,6.63062701393302e-05,0.11458440868847465
ENSG00000174652.17,ZNF266,1.83145707369115,NA,0.06703234923271213,0.2763058939168176,0.6487946771373799,2.3290809495267947e-30,NA,26,26,26,0.030102915148512602,0.04457988862134835
ENSG00000166796.11,LDHC,-1.8294427656876495,NA,0.06733330598770587,0.29379620137057283,0.4134217980622959,7.331822695315701e-16,NA,59,62,62,0.00022963274045055237,0.31275204685366226
ENSG00000236268.5,LINC01361,1.8272068683793743,NA,0.06766867156883484,0.034731619715732354,0.060022410569214577,0.009493617504845371,NA,75,78,78,4.805829947680267e-08,0.15016370259564632
ENSG00000165792.17,METTL17,1.8254271923213583,NA,0.0679365889475839,0.027851702367460474,0.050050038381639766,0.017167238900689875,NA,42,44,44,4.441549638658907e-09,0.0827699287447648
ENSG00000008853.16,RHOBTB2,1.825161104496143,NA,0.06797672141686349,0.012891235374054823,0.04688284482431231,0.02277797758647536,NA,19,21,21,1.7318573393598113e-14,0.08724465051032759
ENSG00000135447.16,PPP1R1A,-1.818849948366966,NA,0.0689343256630884,0.007107655045173629,0.051336049728870216,0.01414229062724869,NA,7,8,8,0.0011329735552080633,0.14069833204472745
ENSG00000204653.9,ASPDH,1.8169387633333274,NA,0.06922649040234391,0.008158902444823424,0.036424779813528096,0.04328509985865185,NA,8,10,10,0.004888669427264496,0.053015475790642384
ENSG00000186453.12,FAM228A,1.8157234944069254,NA,0.06941279818914949,0.07328585096742313,0.2850641586767809,7.333446668378195e-11,NA,29,29,29,0.008940799119401915,0.23898627308457585
ENSG00000136982.5,DSCC1,1.8126626791984948,NA,0.0698838640099282,0.05832616569970872,0.21848441391809195,1.4658962746012348e-07,NA,36,36,36,2.543379809775107e-11,0.2513145935407648
ENSG00000177951.17,BET1L,-1.8103092684646613,NA,0.07024784054016021,0.022058345680024627,0.1282266391858046,6.694294564165196e-05,NA,37,43,43,0.011236214702957655,0.1786317396960093
ENSG00000278376.1,RP11-158I9.8,1.8043005115991877,NA,0.07118420963966261,0.06736617680378874,0.4310518220097175,6.97559626612597e-18,NA,35,44,44,3.5455384966585956e-08,0.09650069036249403
ENSG00000167178.15,ISLR2,1.8034456840888513,NA,0.07131824844441144,0.008816994641423551,0.09803885250495063,0.00082534734453293,NA,9,10,10,0.00022143321610370543,0.08197313378520905
ENSG00000140323.5,DISP2,-1.8021715691779736,NA,0.07151841631279356,0.247069511151031,0.4103150827481692,3.8767287394622505e-15,NA,76,77,77,0.0003547870488496495,0.3245754212513979
ENSG00000141506.13,PIK3R5,1.7947709119459008,NA,0.07269020708881707,0.0173814762972028,0.08392602018636193,0.0014286136543249404,NA,32,34,34,3.971371857560997e-06,0.06304635039017628
ENSG00000122432.17,SPATA1,1.7929663678335999,NA,0.07297830196849504,0.03645160094089367,0.09844355591449754,0.00044122690738481845,NA,25,25,25,0.011423758898246764,0.2064388414924616
ENSG00000135040.15,NAA35,-1.7899247620274024,NA,0.07346600748483416,0.01278773071902649,0.117811431395238,0.00016274041884530314,NA,35,36,36,0.0006664333142254608,0.2722340933322789
ENSG00000183020.13,AP2A2,1.7831896150230568,NA,0.07455544239703073,0.0003038403808029199,0.03963911885029689,0.03660033518052115,NA,2,2,2,0.06385759795081505,0.0216510689620922
ENSG00000135698.9,MPHOSPH6,-1.778050374663084,NA,0.07539558178044342,0.013980052404240766,0.034438779199914844,0.048046403838140316,NA,46,51,51,1.7555401849040955e-05,0.06146089335135897
ENSG00000228672.3,PROB1,1.7774502973338069,NA,0.07549418156536053,0.005700193015467291,0.03638332296901815,0.045428525788911295,NA,16,16,16,0.0017690100018235263,0.03731078463419909
ENSG00000139579.12,NABP2,1.777159538097688,NA,0.07554199457769956,0.014817588511231137,0.059498682563318736,0.009230977627014105,NA,20,21,21,0.0007455813723778226,0.17544162666129065
ENSG00000238078.1,LINC01352,1.7770657968571417,NA,0.0755574148366015,0.07351479140286662,0.3360616484716231,2.85757667467902e-12,NA,42,49,49,5.26457817562236e-13,0.15772329844635086
ENSG00000141668.9,CBLN2,1.77415481509594,NA,0.07603754589566973,0.011150583449828964,0.05934208236896819,0.008821326971940982,NA,8,8,8,0.04899254515063637,0.08907353205666503
ENSG00000133706.17,LARS,1.7706399148788758,NA,0.07662059998292432,0.013397424588700572,0.2265390527812425,1.7165811424995296e-08,NA,72,72,72,0.05249058169089405,0.012033199024812171
ENSG00000155760.2,FZD7,1.7679871358457906,NA,0.07706305427207165,0.021581738253744518,0.06961397771450382,0.005593742844692897,NA,48,51,51,0.00029539570243032094,0.12835381324394982
ENSG00000214435.7,AS3MT,-1.765349854015623,NA,0.07750498561289705,0.09113644503630144,0.3451855275155637,2.495714706339586e-13,NA,30,34,34,9.108129791548402e-06,0.11916085834655395
ENSG00000153093.18,ACOXL,1.7652988633001527,NA,0.07751355046760776,0.02886509737077094,0.07581701525627027,0.002846099215878567,NA,31,33,33,2.497062327724563e-13,0.06268300491852105
ENSG00000259616.2,RP11-507B12.2,1.7636523522668237,NA,0.07779052778155374,0.03625745690960268,0.13060840315021088,8.108864956982913e-05,NA,12,13,13,0.0285507676968803,0.07441629260986299
ENSG00000148926.9,ADM,-1.7609388698155757,NA,0.07824875011443355,0.014060020236139668,0.039513931619545285,0.03725057302303268,NA,21,23,23,9.217718605893853e-05,0.1100157974270327
ENSG00000188747.8,NOXA1,1.7580882063100354,NA,0.07873250215706419,0.012194904462886166,0.06921386758149814,0.0041779742231221675,NA,23,24,24,0.026353919649512093,0.07764014592184985
ENSG00000223768.1,LINC00205,-1.75751693372331,NA,0.07882973807980834,0.013395102890293362,0.04539862005798365,0.02400358555390238,NA,35,37,37,5.122947569041311e-08,0.10255111989783908
ENSG00000109794.13,FAM149A,1.7569620848486254,NA,0.07892427203710638,0.032745021919482156,0.07280686781976829,0.0041049923305727576,NA,91,100,100,3.580648319686425e-05,0.21192162639089776
ENSG00000132507.17,EIF5A,1.7551847922677166,NA,0.0792277043076248,0.005333252065493944,0.05999470295726106,0.005679216012015177,NA,29,29,29,0.00030407825978943925,0.05849966678189305
ENSG00000099817.11,POLR2E,1.7534682620601316,NA,0.07952166272845125,0.010296178606055882,0.039482622433979216,0.03362413126576089,NA,24,27,27,0.0013421338581602405,0.058360538295982936
ENSG00000277863.1,RP11-282A11.4,1.7526322715878808,NA,0.07966514813089733,0.015082209687835031,0.08686307711625484,0.0008575307723190793,NA,5,6,6,0.00280213934378016,0.06340278048274205
ENSG00000100191.5,SLC5A4,1.7515685709540127,NA,0.07984802079260926,0.09769815008011115,0.1419028948773241,4.244998259633308e-05,NA,135,138,138,1.4930142494449168e-21,0.18607169943345653
ENSG00000118579.12,MED28,-1.743375238527167,NA,0.08126809065254474,0.019561954254762627,0.17756033235201976,1.5852249653982085e-06,NA,28,32,32,9.800217875388733e-06,0.054690045661599726
ENSG00000117724.12,CENPF,1.738802871653435,NA,0.08206944331935022,0.01637555056664103,0.07826914002760428,0.0026709715406236373,NA,29,32,32,0.00023851778349312885,0.19882455523881812
ENSG00000138639.17,ARHGAP24,-1.7375531177868035,NA,0.08228958675462848,0.0027201571249500273,0.03825653453866491,0.03550014381519255,NA,17,17,17,0.07505251823540646,0.02306052540134541
ENSG00000104738.16,MCM4,1.7363245772692484,NA,0.08250645991471448,0.0076211977213293865,0.053716290190742935,0.01366221808824429,NA,29,34,34,1.3486182364205342e-11,0.1566750085347749
ENSG00000204792.2,LINC01291,-1.7363122893406833,NA,0.08250863142988565,0.07825835039035874,0.2325708414766228,2.3613580826190316e-08,NA,18,18,18,0.008956860452567699,0.12523464474186904
ENSG00000129204.16,USP6,1.729299188169289,NA,0.08375556186945024,0.06926638263418648,0.32233198805755325,1.1353163565716847e-11,NA,5,5,5,0.002575836096741164,0.41806084727905546
ENSG00000081665.13,ZNF506,-1.7250929121663878,NA,0.08451072967748735,0.0060396678107329255,0.04179346509275248,0.029213467979047007,NA,14,17,17,0.027575928576565486,0.0304855996773596
ENSG00000109047.7,RCVRN,1.723845272473975,NA,0.08473577926107596,0.024249385345363833,0.18223351363129747,2.7203805307718517e-06,NA,24,25,25,0.0006323087043321567,0.10748140819190154
ENSG00000183186.7,C2CD4C,1.7210339085180428,NA,0.08524467098039984,0.012686309900871752,0.14095111729299875,3.266640718739982e-05,NA,4,5,5,0.07960138961216252,0.10322518894795776
ENSG00000245954.6,RP11-18H21.1,-1.7188086730044017,NA,0.08564921577295301,0.05694749521789241,0.17183355007558754,4.836826214906976e-06,NA,35,38,38,8.407832738747821e-13,0.1618637038842956
ENSG00000267107.6,PCAT19,-1.715012494944178,NA,0.0863429361096215,0.010853937135240705,0.08024930403791343,0.0024691951272085354,NA,27,29,29,9.26448877817563e-05,0.12669478951960353
ENSG00000129946.10,SHC2,-1.708227783912065,NA,0.08759408507411574,0.022466982193524197,0.12318207451798899,0.00010521211564034308,NA,16,22,22,0.004818768876877976,0.24343881549666535
ENSG00000189410.11,SH2D5,1.707591207525847,NA,0.08771222097657479,0.05226362201840587,0.05929324296781785,0.010420013433435672,NA,32,33,33,0.00012736570469148715,0.2673312680838197
ENSG00000245556.2,SCAMP1-AS1,-1.7059363597237616,NA,0.08801992916084658,0.0011246075086670084,0.03736920838936448,0.03965995176041506,NA,2,2,2,0.05552281446698216,0.047670894936064565
ENSG00000125814.17,NAPB,1.7052986690010201,NA,0.08813873570991768,0.012059487529907816,0.065201396604541,0.0053170635414162,NA,42,42,42,1.7442325724526337e-09,0.1811957773820955
ENSG00000137601.16,NEK1,1.7029639332647712,NA,0.08857481815631266,0.03398316484195603,0.059616350904182325,0.006220215451846769,NA,80,86,86,3.882417096409458e-05,0.1544221362838174
ENSG00000205562.2,RP11-497E19.1,1.700572352166557,NA,0.08902331949531206,0.0059790586390655355,0.04711339540537501,0.022444372804834797,NA,16,16,16,0.034129941813406416,0.0847528061863603
ENSG00000110768.11,GTF2H1,1.6993579808955441,NA,0.08925175404374705,0.00686729881989089,0.11843218669367128,8.039341362425957e-05,NA,17,18,18,0.06070284144056891,0.09051661281286147
ENSG00000270074.1,RP11-351I21.11,1.6960650261082504,NA,0.08987356609305634,0.06857684677201169,0.1698567495917713,4.936034281385452e-06,NA,45,53,53,0.00011362361203881621,0.6856247764442268
ENSG00000166262.15,FAM227B,1.6933151502634263,NA,0.0903954958595982,0.011276783808029484,0.10843249735953678,0.00044214857917695,NA,33,33,33,4.729302654485254e-07,0.214495570556772
ENSG00000103510.19,KAT8,1.6924909735522853,NA,0.09055239972159863,0.031169938491519035,0.25395231162770776,4.583354359904068e-09,NA,31,31,31,0.047457164473022194,0.05227460193806587
ENSG00000075568.16,TMEM131,1.6917292152154453,NA,0.09069761535559973,0.03341664711023614,0.1105910617597111,0.00021342200744748583,NA,36,38,38,4.126615628517658e-09,0.08092975167421478
ENSG00000188263.10,IL17REL,-1.6835160105510418,NA,0.0922752426153178,0.06245462096377616,0.03850526290928891,0.03405500156646478,NA,36,40,40,0.016564466924812414,0.4204968082142712
ENSG00000148346.11,LCN2,-1.6800190502313115,NA,0.09295360928728523,0.011206520782886387,0.13875394862718635,3.635651329425069e-05,NA,31,32,32,0.00032802464034886085,0.06559966034003817
ENSG00000174106.2,LEMD3,1.6798307566621093,NA,0.09299024916098142,0.008254173049713983,0.1114230339268058,0.00032497570211052166,NA,14,16,16,0.03690590639963444,0.051261825127475714
ENSG00000091073.19,DTX2,-1.6791680519245793,NA,0.09311929647391691,0.019910368965350048,0.0502606635436498,0.01887395215350453,NA,76,85,85,5.435938441745031e-20,0.18028853698591976
ENSG00000100359.20,SGSM3,-1.6743949265956757,NA,0.09405300924026208,0.03047337680652211,0.06450466418930713,0.0042761901748236885,NA,44,49,49,1.8397898044586589e-10,0.4382895126290557
ENSG00000064012.21,CASP8,1.6738790377658812,NA,0.09415437472499155,0.0307511849798258,0.08690119411536189,0.0016210213519938052,NA,95,98,98,1.8657373440038483e-07,0.12698705412610808
ENSG00000232098.3,CTD-2619J13.14,1.6720776855575805,NA,0.09450900418862457,0.0033694096333546555,0.03911309571130269,0.03569774588529788,NA,7,7,7,0.052360185727979146,0.018957168358739764
ENSG00000044090.8,CUL7,-1.6703419736810252,NA,0.09485172310891217,0.02210155464106938,0.12123844130392833,0.00017372554465826346,NA,59,61,61,2.095572786569863e-13,0.09449187471280712
ENSG00000173253.15,DMRT2,1.6703219428797018,NA,0.09485568402517097,0.060942130751821845,0.037759871823051946,0.04116908252603126,NA,50,57,57,0.00039671075828131934,0.26850937519764434
ENSG00000130414.11,NDUFA10,1.658873519898881,NA,0.09714128158463611,0.020230376440745688,0.1092843913866296,0.0002836551583126165,NA,39,40,40,0.0005490961385726405,0.08361456211996776
ENSG00000241316.6,SUCLG2-AS1,-1.6578264727438468,NA,0.0973524963836032,0.023898435089233117,0.07624881759105252,0.003205737593765583,NA,48,49,49,1.737062312007196e-18,0.08331497204306088
ENSG00000173334.3,TRIB1,-1.6576642276351463,NA,0.09738525798153395,0.0322016092994883,0.04284369341363931,0.028487993152384775,NA,45,50,50,0.0004352714043368166,0.14610967195643804
ENSG00000008838.19,MED24,-1.6576310192243842,NA,0.09739196472834033,0.030880696608497685,0.13112042831916734,4.2083060788961765e-05,NA,16,17,17,2.268524148317013e-05,0.09279481312901333
ENSG00000178297.12,TMPRSS9,1.6542352703286594,NA,0.09807971912864476,0.03745065883841989,0.053995612831303004,0.013851463359992095,NA,21,26,26,0.0002588161436743246,0.11643929618328415
ENSG00000187010.19,RHD,1.645334532146429,NA,0.09990084229630641,0.14804910717211386,0.3702591962645663,4.9163562760194014e-14,NA,22,23,23,0.026100425075071283,0.3585730965615053
ENSG00000122304.10,PRM2,-1.6450827062808395,NA,0.09995275641504801,0.012653749373336996,0.03422415971204267,0.04749587627864709,NA,15,18,18,0.023510010417067725,0.22920031752937234
ENSG00000111676.14,ATN1,1.6437299426198517,NA,0.1002319980919984,0.0076796923605424615,0.12477963578653475,0.00010986151110851196,NA,20,22,22,0.15287886384425836,0.049746076839461056
ENSG00000167315.17,ACAA2,-1.640092935574732,NA,0.10098584505245135,0.008832856265683763,0.03663168103945112,0.04391783442955381,NA,8,10,10,0.022388425561944977,0.1908852531885428
ENSG00000119227.7,PIGZ,1.639735140317979,NA,0.10106024911501717,0.09826606646738523,0.4098009477745616,5.4305174224594034e-15,NA,27,31,31,0.000984352651220722,0.14092137406660293
ENSG00000125877.12,ITPA,1.6371471303953071,NA,0.10159973085080339,0.024073872045392467,0.32018911288294355,1.205369159168633e-11,NA,17,21,21,0.01802152935363795,0.2084224427786553
ENSG00000175322.11,ZNF519,1.6306050297064942,NA,0.1029736871974557,0.009394838252934325,0.12245755146358035,0.00015824782553745868,NA,15,15,15,0.019452718843551285,0.024883623477634672
ENSG00000117151.12,CTBS,1.618081511967214,NA,0.10564503227441109,0.017186657286384806,0.03812527257170427,0.03003806649991582,NA,24,24,24,0.03270399211717165,0.09210303075674613
ENSG00000197465.13,GYPE,-1.6146947611805926,NA,0.10637681261282861,0.04203408600386683,0.10597220317368068,0.0005238318362257665,NA,26,27,27,1.4467937971798408e-13,0.6937525131443041
ENSG00000141013.16,GAS8,1.6117099273057507,NA,0.10702507641227768,0.06886306001369866,0.11428816270608752,0.00014448214583127916,NA,26,27,27,1.1474933288935923e-05,0.1891867933500119
ENSG00000163870.14,TPRA1,-1.610770036448702,NA,0.10722985417882776,0.00025583509480628407,0.0380307306799381,0.0394692067010144,NA,3,4,4,0.09797166618871522,0.009225061594128557
ENSG00000116455.13,WDR77,-1.606407755920635,NA,0.10818434788008745,0.004924513639035237,0.13624892218727447,5.798530995910175e-05,NA,13,14,14,0.010752029480286585,0.06365162243430382
ENSG00000131203.12,IDO1,-1.6055265074595437,NA,0.10837798445795528,0.013312013000102181,0.046955080981091316,0.01998468513752059,NA,22,22,22,0.0231927319628219,0.11685699291053395
ENSG00000274422.1,LL22NC03-2H8.5,1.6053124456109245,NA,0.10842506160996793,0.002158301852556686,0.24925338443359565,9.818982425562504e-09,NA,16,19,19,0.0005694553375507658,0.03196100407683357
ENSG00000124523.15,SIRT5,1.603860748785092,NA,0.10874475043075198,0.005583089439400829,0.05334830093145873,0.014146917437709369,NA,23,26,26,3.1768834107712987e-07,0.03205536962013058
ENSG00000063660.8,GPC1,-1.6025348394211296,NA,0.10903738978977359,0.021102554028393245,0.09286267870674213,0.0011217739361619173,NA,26,27,27,6.693090443188772e-10,0.1724884375112393
ENSG00000242220.6,TCP10L,-1.5977531011943442,NA,0.1100979358189227,0.001997829434331806,0.04999580197639485,0.01097619182858103,NA,5,5,5,0.09506052200471297,0.08341888499421163
ENSG00000198185.11,ZNF334,1.5963407485316916,NA,0.11041273706790415,0.022291265108130013,0.20936336929189905,2.26486057782128e-07,NA,10,10,10,0.06039334520807323,0.02943361868882623
ENSG00000150316.11,CWC15,1.5923372678806456,NA,0.1113089433975036,0.019652091344487123,0.10666294497085604,0.0003991087444791664,NA,18,18,18,0.024269326675324842,0.08082209960247601
ENSG00000276850.4,CH17-360D5.2,-1.5873960569195265,NA,0.11242297179691041,0.0008064370263098197,0.0944012303170998,0.0009181815376239137,NA,13,31,31,0.02008611298561071,0.025300319057730614
ENSG00000237651.6,C2orf74,1.5845126742909585,NA,0.1130770997341986,0.17821500516634148,0.6640772679903743,6.964102587968293e-32,NA,44,44,44,1.537281455410344e-07,0.07164102220521405
ENSG00000214253.8,FIS1,1.5828147683323992,NA,0.11346368962563277,0.013078431330053247,0.2128073837700315,3.7179394003056404e-08,NA,19,19,19,0.05174678555227577,0.17612893078836878
ENSG00000141219.15,C17orf80,-1.582773080679709,NA,0.11347319441038696,0.009976022784136125,0.04446651946165444,0.027736093016694743,NA,23,23,23,0.03762837482440244,0.05155219940856829
ENSG00000243710.7,CFAP57,-1.579294222123109,NA,0.11426858652433124,0.07430646565602697,0.3692310713502567,2.1732920410082928e-13,NA,44,45,45,0.04267390328559471,0.1537535807944532
ENSG00000110665.11,C11orf21,1.5772520816048814,NA,0.11473753347283766,0.017234395521594496,0.04407572602934988,0.02132407174840877,NA,29,33,33,0.0003875146931788433,0.1687451662378905
ENSG00000183570.16,PCBP3,1.5760946478803257,NA,0.11500399231883861,0.04346990228558195,0.12156968231778548,0.0001166541448031179,NA,26,29,29,0.00022970108926498848,0.2319592350845999
ENSG00000106392.10,C1GALT1,1.5746095389200776,NA,0.11534659968858399,0.020831886060503024,0.09927494551438748,0.0005508844050151513,NA,7,7,7,4.186377996866288e-05,0.1052846721325128
ENSG00000256433.2,RP1-102E24.8,-1.5734477798829936,NA,0.11561517091845581,0.008113518111448257,0.05288558752732443,0.012901433776135837,NA,12,12,12,0.10140895980071432,0.12418858672219887
ENSG00000197563.10,PIGN,1.5713413780233731,NA,0.11610337477362548,0.0071538838295958,0.07686486702672514,0.0026097736783277717,NA,37,39,39,0.0244125397294314,0.3632379145763901
ENSG00000072756.16,TRNT1,-1.5710074239559542,NA,0.11618092436464471,0.021531789766328725,0.19039249395437974,2.972354033474435e-07,NA,13,13,13,0.00010877400722993089,0.07987778400029748
ENSG00000099365.10,STX1B,-1.564844231638151,NA,0.11761943763850113,0.015408976404991163,0.055655249893543465,0.011445795301663795,NA,17,18,18,8.165783569206772e-06,0.21110309986400266
ENSG00000268658.5,LINC00664,-1.5643485443954253,NA,0.1177357376202159,0.007591749052659771,0.05343405708926945,0.012852579858050694,NA,10,13,13,0.09321292598092856,0.014460139778916225
ENSG00000111328.6,CDK2AP1,-1.561463234618216,NA,0.11841449197448009,0.013829051097376026,0.11546368937651882,0.00015179906868377372,NA,34,34,34,0.004870985035158994,0.05004657552730357
ENSG00000248174.5,RP11-148L24.1,1.5542484158049166,NA,0.12012517280112753,0.015130395611285725,0.03726667761931689,0.03939984517239439,NA,14,14,14,0.0867038662881979,0.2664333016286989
ENSG00000228696.8,ARL17B,1.5538605719173888,NA,0.12021767837291127,0.04979250148391694,0.057609233161740776,0.009916394821975368,NA,21,34,34,1.9788870438453324e-11,0.1497734271979595
ENSG00000244274.7,DBNDD2,1.5456513392550428,NA,0.12218879515734568,0.009301396317646234,0.049550517417059986,0.01785662014022204,NA,24,26,26,1.0854521811674817e-11,0.15617093514757402
ENSG00000130818.11,ZNF426,1.5451320195881346,NA,0.12231433341621151,0.003329410516811425,0.05169741846822677,0.01619160520661756,NA,8,9,9,0.08315765590734009,0.11835159744246992
ENSG00000092529.23,CAPN3,-1.5423335465261898,NA,0.12299256097111404,0.015301012922551187,0.09456414328221892,0.0009624007719791508,NA,53,54,54,0.006284824206330287,0.07573353024680778
ENSG00000198791.11,CNOT7,-1.5387466032532429,NA,0.12386617021399984,0.035771150916784684,0.07714405352422099,0.002550120820540741,NA,52,54,54,1.4134923450934562e-08,0.14010736416199834
ENSG00000130338.12,TULP4,1.536786587668205,NA,0.12434557893747697,0.017875105951116313,0.0578820790498227,0.01134079488454558,NA,43,44,44,0.08422874103846634,0.2569390877859601
ENSG00000258405.9,ZNF578,-1.53610692688989,NA,0.12451215768785555,0.10376584577218682,0.052261886767108905,0.015115402391085097,NA,142,150,150,8.24205855705666e-08,0.21117419747535932
ENSG00000125630.15,POLR1B,1.5346771121125808,NA,0.12486316063670713,0.017568543205354017,0.3167792993540353,9.205979087226236e-12,NA,10,10,10,0.04456962778394535,0.07903776952948664
ENSG00000105298.13,CACTIN,-1.5337763534983206,NA,0.12508468225235764,0.02118932252864101,0.11043144658737614,0.0003486758784048498,NA,28,32,32,0.003652205714117806,0.24370475907698436
ENSG00000184939.15,ZFP90,1.5334058536100337,NA,0.12517588736560825,0.045504068235553655,0.053578063861824725,0.013224068300135276,NA,106,115,115,0.001706246008756877,0.2447018199790719
ENSG00000119396.10,RAB14,-1.5331320698790263,NA,0.1252433173835538,0.004525665940292234,0.04231083131975273,0.02978174149349115,NA,23,23,23,0.0026105212708758194,0.06056726490239867
ENSG00000038427.15,VCAN,1.5310008986361454,NA,0.12576917055555106,0.0386365120144032,0.0639141256280868,0.006365108085666803,NA,57,63,63,1.1508442650112419e-11,0.1840648292427896
ENSG00000213221.4,DNLZ,-1.5272117931828626,NA,0.1267083547135503,0.04293179180576918,0.2557417181633221,2.756231795485689e-09,NA,13,13,13,0.08654313523338213,0.4135512031628085
ENSG00000272316.1,XXbac-BPGBPG55C20.2,1.5252031861741089,NA,0.12720842614462521,0.009048140044095782,0.10782591225495923,0.00035938564433419764,NA,21,23,23,0.012985824948151767,0.0265859243951446
ENSG00000118407.14,FILIP1,-1.5212555665779923,NA,0.12819571601083707,0.010992338206233451,0.0508416768526737,0.015720692715149174,NA,34,34,34,0.001226715592146526,0.0873030598451924
ENSG00000254636.1,ARMS2,1.5145056424244656,NA,0.1298976438410573,0.0938835582573084,0.2988215374217775,1.385979655569667e-10,NA,34,35,35,0.0032412880780015294,0.4443895195873209
ENSG00000083097.14,DOPEY1,-1.5114452583564177,NA,0.1306750457649424,0.01749540761005633,0.14554546020697176,1.2009737604127694e-05,NA,14,14,14,0.009754300773486296,0.10548535155391572
ENSG00000171773.2,NXNL1,1.5079012987444043,NA,0.13157979021505237,0.01506521064227393,0.13494664150118826,5.9802996916832676e-05,NA,8,9,9,0.07786042540704577,0.057837423014301385
ENSG00000022840.15,RNF10,1.5055601155942435,NA,0.1321801336756608,0.010555683270731798,0.04088336209904438,0.03006104256296095,NA,39,39,39,0.04494040589846143,0.0942202597935118
ENSG00000213015.8,ZNF580,-1.5038564755958337,NA,0.1326183259030191,0.003839643335883769,0.07653751200646995,0.002702688418250467,NA,28,34,34,0.00028847585669653663,0.055847537068224026
ENSG00000134873.9,CLDN10,-1.5036423494353996,NA,0.13267348065341988,0.028788601140630952,0.07440502522843857,0.003026414975498136,NA,40,41,41,0.0020710904484765617,0.048955307183633036
ENSG00000103227.18,LMF1,-1.5028466576960755,NA,0.13287859108208522,0.004859295186718547,0.07289172865724923,0.0025554375236287925,NA,4,5,5,2.616404040198218e-05,0.1031839145356791
ENSG00000236173.1,RP1-182D15.2,1.4975539960230952,NA,0.13424916677830784,0.03092120371742675,0.09293703526696534,0.0007519512505571385,NA,61,61,61,0.010601588556295269,0.10365821329832693
ENSG00000115750.16,TAF1B,1.4890972033837857,NA,0.13646177413690283,0.06135296362193082,0.3397022561635745,4.203200152277618e-12,NA,47,53,53,1.0631121172038654e-06,0.14291552324565826
ENSG00000040275.16,SPDL1,1.4834611772918624,NA,0.1379519237930155,0.031794903439036314,0.0893120627631322,0.0009665929801876797,NA,35,39,39,0.0031832655385587313,0.3579230341053717
ENSG00000114391.12,RPL24,1.4827155339272362,NA,0.1381500056891982,0.006900169571538445,0.0645824089237344,0.006292481145737682,NA,7,7,7,0.04376998918318746,0.15284173249855998
ENSG00000101126.15,ADNP,1.4819234533375933,NA,0.13836066375532324,0.023093103524687745,0.04616003834210967,0.02433576931846332,NA,32,34,34,0.00216585854693137,0.2601263044289317
ENSG00000167695.14,FAM57A,-1.4813888103629567,NA,0.1385029947654406,0.018991067264485954,0.0900625012129334,0.001108854231564816,NA,92,104,104,0.00013994405731344536,0.11616659760310635
ENSG00000241043.1,GVQW1,1.4808206432919824,NA,0.13865437406003014,0.18534857671947616,0.10884892905942607,0.00035974849849941087,NA,77,79,79,0.0045548707662332434,0.16506939373891222
ENSG00000164941.13,INTS8,-1.4763760515171829,NA,0.1398429680800708,0.04403255341706071,0.12120871199265193,0.00015029287900886456,NA,85,92,92,7.110176942387901e-16,0.1857540660795205
ENSG00000251580.1,RP11-539L10.3,-1.474898079551884,NA,0.14023994673497928,0.062127132456038146,0.21936030187216146,1.6113263429709907e-08,NA,17,20,20,0.03766413957752949,0.21001539251286305
ENSG00000249846.6,LINC02021,-1.471088567747117,NA,0.1412671663348022,0.030505782387602653,0.2157360645431353,1.6821192645245027e-07,NA,35,38,38,0.0004898357123215234,0.07946663107089871
ENSG00000117305.14,HMGCL,-1.468978393766315,NA,0.141838649670494,0.010647146094337489,0.09588038463185927,0.0009219885430232007,NA,20,21,21,0.022784007641215333,0.21855238214441575
ENSG00000175489.9,LRRC25,1.4644973337973173,NA,0.14305811102525454,0.0011430630293113831,0.05686475700464351,0.010116686652172795,NA,5,6,6,0.005527903416461614,0.034395984469761616
ENSG00000182013.17,PNMAL1,1.4630108295228283,NA,0.14346441568218787,0.11694108462515199,0.5060477140798706,2.2279154015669568e-21,NA,20,20,20,0.0006038691459826109,0.11359470818749735
ENSG00000095917.13,TPSD1,-1.460559055274772,NA,0.14413648974535895,0.023040306728639805,0.30995233419456697,1.1985107811361985e-11,NA,4,5,5,0.1290003933670289,0.2090482213505232
ENSG00000171425.9,ZNF581,-1.4600936897140393,NA,0.14426432666027184,0.001990859192195642,0.03556080111469548,0.04389060354425982,NA,7,10,10,0.04647238920942823,0.14561300407693806
ENSG00000177946.5,CENPBD1,-1.4593482961671143,NA,0.1444692689271988,0.018343963709229222,0.08831935287177746,0.0007510777101377014,NA,46,52,52,0.00044961137388692976,0.23608720244057374
ENSG00000131771.13,PPP1R1B,1.4575619085731186,NA,0.14496133544700499,0.03169723584472362,0.09030548706063513,0.0013217233147256513,NA,49,79,79,0.004541246981066597,0.08779799716674484
ENSG00000258943.1,RP11-696D21.2,-1.4539491134741538,NA,0.14596041481154876,0.01557667086525351,0.04028553531962115,0.0347616562975788,NA,11,12,12,0.018827198761978445,0.07718883561813195
ENSG00000134779.14,TPGS2,1.4525398015768691,NA,0.146351570578207,0.06204374098412296,0.22303488589214368,2.7360106122943307e-08,NA,14,16,16,0.0026610750056212736,0.11557659898277214
ENSG00000134815.18,DHX34,1.4517060144869236,NA,0.14658336625760665,0.005553782032391621,0.053585538613917176,0.015349246129493122,NA,35,36,36,0.1681122433585176,0.1716998083726869
ENSG00000128482.15,RNF112,1.4510904637401105,NA,0.14675467160663236,0.012878839340187291,0.1249149923901642,0.00013182655578624028,NA,29,35,35,0.005666452730435888,0.06250336983502917
ENSG00000166896.7,ATP23,1.4494800920112043,NA,0.1472035560058429,0.16258291098648092,0.4859736051540179,5.836629692216257e-19,NA,39,39,39,0.0018205067677654484,0.13737312597401902
ENSG00000167525.13,PROCA1,1.4493203067985094,NA,0.14724815265263802,0.022183072624102372,0.07316526084783381,0.003609230654402635,NA,36,36,36,1.794584899723449e-07,0.2399151166188849
ENSG00000071894.16,CPSF1,1.4473101309888172,NA,0.1478100829466841,0.2997995550527797,0.6008430190592778,1.5661766212127016e-28,NA,15,15,15,0.03620194464229571,0.11759618442083634
ENSG00000167515.10,TRAPPC2L,1.4468548527178093,NA,0.14793758004478316,0.05600876913710548,0.1080714855535831,0.00045458490521828153,NA,47,52,52,1.8428900402711497e-05,0.3757255592352652
ENSG00000273824.1,RP11-81H14.1,1.444860547639155,NA,0.14849705989916143,0.05653663633515748,0.0720743350979329,0.004625170780170713,NA,47,50,50,0.017331202075212184,0.07895378963625299
ENSG00000271780.1,RP11-1017G21.5,1.4416650699919504,NA,0.1493968821047459,0.008371794931561238,0.14165688962764506,3.2884712042308645e-05,NA,2,2,2,0.07296738012501645,0.15838173313280732
ENSG00000025434.18,NR1H3,1.4411998952652754,NA,0.14952821797635074,0.01484699812550114,0.11930496737404934,0.00021147240191256831,NA,23,24,24,2.3087504377024857e-07,0.10434354558915812
ENSG00000111790.13,FGFR1OP2,-1.4404837265988728,NA,0.14973059083181606,0.005325707197308184,0.09729007936567388,0.0008442871558756415,NA,14,14,14,0.04267870799122878,0.045192095563374494
ENSG00000167705.11,RILP,1.440261776987524,NA,0.14979335109979222,0.008779879988272602,0.03411374682028229,0.04126340429509075,NA,19,22,22,0.0014288490246468,0.11214097204712203
ENSG00000260230.2,FRRS1L,-1.4396122695768119,NA,0.14997712635953472,0.1474922941946042,0.3667183252485533,4.762472470724303e-13,NA,48,52,52,0.00868290923482042,0.10178361399829396
ENSG00000085832.16,EPS15,1.4395382414124243,NA,0.14999808321473646,0.007033067037426146,0.056712775847479274,0.010458025945728424,NA,8,8,8,0.08796925058902663,0.0760681529937049
ENSG00000197345.12,MRPL21,-1.4394965582704269,NA,0.15000988440331775,0.19244605669560816,0.5524403578585466,1.469007459368763e-23,NA,41,41,41,0.007903557499035992,0.06600620016647492
ENSG00000107611.14,CUBN,1.4394850931766168,NA,0.15001313048563136,0.006492300590523298,0.05789350341592917,0.01132724004869378,NA,30,33,33,0.00556244567556338,0.027701540934033483
ENSG00000106443.15,PHF14,-1.4363813039864828,NA,0.15089387016360192,0.1041483728915876,0.10469676919738123,0.000541722429218009,NA,86,94,94,4.1773879919433874e-05,0.365566346080325
ENSG00000114473.13,IQCG,-1.4355524171880323,NA,0.15112974277080318,0.020745371663810824,0.06027206100866181,0.007772233064475139,NA,15,16,16,0.05342587922905259,0.4592008183410325
ENSG00000185689.15,C6orf201,1.435423587397982,NA,0.1511664284997303,0.01014037684318286,0.08267989247353306,0.0013337827011380536,NA,31,32,32,0.03217486075625792,0.02331807671172799
ENSG00000124249.6,KCNK15,-1.4331459604452848,NA,0.1518161292282608,0.014956595698074117,0.05981791510056225,0.008126525770909979,NA,18,19,19,0.03600884765477235,0.1857076615852732
ENSG00000180228.12,PRKRA,1.4321339480203557,NA,0.1521054905630126,0.04142423723093967,0.051811725057339386,0.01461817363351644,NA,48,48,48,0.00020080499553596786,0.26157407257563425
ENSG00000157152.16,SYN2,1.4286086159531493,NA,0.15311675637172492,0.013650142169302016,0.07761486751417858,0.0021912162014237103,NA,23,23,23,0.0001114539319448458,0.10286245340357032
ENSG00000141434.11,MEP1B,1.4277079768181158,NA,0.15337592923997784,0.005153790346717752,0.09467606235132538,0.0008077090920263207,NA,10,12,12,0.10540762453361256,0.026339507514774242
ENSG00000113194.12,FAF2,-1.4259170826981054,NA,0.15389227781517872,0.0035767097678209153,0.039327051959273086,0.03330828332778329,NA,17,18,18,0.006924347338486679,0.05714507568001935
ENSG00000188000.3,OR7D2,1.4251231398394044,NA,0.1541216088147517,0.04203606696415263,0.12155400061132955,0.00012382157551276573,NA,20,24,24,0.011057251695159948,0.3454789003730126
ENSG00000153317.14,ASAP1,-1.4219610950108954,NA,0.1550375454528319,0.013598885288762793,0.042929372522294736,0.029551001103523995,NA,22,22,22,1.2921165825525925e-05,0.1173220190517894
ENSG00000162194.12,LBHD1,1.4207869385214238,NA,0.1553787089907554,0.009635072847695386,0.04539091759692855,0.02405420692525489,NA,4,4,4,0.15286626328080613,0.04034415413754535
ENSG00000120322.3,PCDHB8,1.4160951727384121,NA,0.156747641262871,0.09158625043126366,0.11216440382549203,0.00029507767444332403,NA,59,63,63,2.0389093332481027e-05,0.4297269951505575
ENSG00000171700.13,RGS19,-1.4115694643308718,NA,0.1580767687555773,0.010267116791793549,0.1359287580136574,3.599870023112223e-05,NA,5,5,5,0.0059212885710065895,0.06020693878100662
ENSG00000175573.6,C11orf68,1.4099958144849813,NA,0.15854091879678378,0.00824297058848043,0.08276434799764727,0.001337636753452107,NA,20,20,20,3.152229093944314e-06,0.054847197436657454
ENSG00000105771.13,SMG9,1.4086841373912904,NA,0.15892858743742155,0.023937769331512142,0.04793998917135955,0.02176995894676673,NA,37,39,39,4.657959745319032e-16,0.10597756455371568
ENSG00000168661.14,ZNF30,-1.4067210543482491,NA,0.15951012002055664,0.022649261790687332,0.035256170111915584,0.04854508616533508,NA,19,20,20,0.003135694010250015,0.06145229139516014
ENSG00000141570.10,CBX8,1.4065888384177523,NA,0.15954934469512827,0.02386543809323753,0.13095883102941924,7.079240672921129e-05,NA,11,11,11,0.0006589641725806951,0.372374061625368
ENSG00000232164.1,LINC01873,-1.405710620278781,NA,0.15981007202829112,0.013927094088704323,0.04526604851187231,0.025617807253224188,NA,20,20,20,0.015753997722926783,0.03320594642646118
ENSG00000178187.7,ZNF454,1.4048319826756177,NA,0.16007124619571678,0.09254682808710375,0.09183261252498996,0.0009647311615406088,NA,84,90,90,0.005864410329176316,0.1618595171296387
ENSG00000276085.1,CCL3L3,1.4027421474456785,NA,0.16069374410295667,0.0007702427104329053,0.0693119590960129,0.005347121201293788,NA,1,9,9,0.16069374410295667,0.06485478971914914
ENSG00000160223.16,ICOSLG,1.4025790299534517,NA,0.16074240866260647,0.020338611224952157,0.13350184989498662,6.341282586009626e-05,NA,20,28,28,0.008076093729159736,0.12557329225983313
ENSG00000143882.10,ATP6V1C2,-1.4022831351326095,NA,0.16083071450197406,0.01498443386501402,0.04652950743019425,0.021229817726927627,NA,29,30,30,0.0052456690304226086,0.10979423083396862
ENSG00000184206.11,GOLGA6L4,-1.4011568761029873,NA,0.16116716668485265,0.09819049166945717,0.2224221740653234,9.845605686924577e-08,NA,24,27,27,5.291210758827841e-07,0.29922786790805755
ENSG00000142303.13,ADAMTS10,1.3995448439134786,NA,0.16164966063270525,0.010934536533546363,0.07828774764774665,0.0025328137929723853,NA,26,29,29,1.5852266723286612e-09,0.1379010260493641
ENSG00000100441.9,KHNYN,1.3952290458073435,NA,0.16294678075714208,0.007417032413612667,0.12253601950256543,7.187742491543861e-05,NA,6,6,6,0.009572763970654576,0.04883596804223734
ENSG00000238005.2,RP11-443B7.1,-1.3920433665906773,NA,0.16390926616778745,0.11982691011618107,0.10664691452679154,0.0004474514657054667,NA,67,77,77,1.4659226703664511e-06,0.13611143880970406
ENSG00000115085.13,ZAP70,1.3893653419818808,NA,0.16472168364408646,0.006004032378509585,0.06952196200788263,0.0040761391745857455,NA,11,11,11,0.04539419627373393,0.07894413946957272
ENSG00000223834.2,RP11-472N13.2,1.3893242412356062,NA,0.16473417573167926,0.03617634021821867,0.0528888955137346,0.011605904521074623,NA,53,56,56,0.001994001450470156,0.261161507749924
ENSG00000077063.10,CTTNBP2,-1.3884179978536582,NA,0.1650097990346766,0.009970020395472415,0.0961293231325705,0.0009369836702908944,NA,10,10,10,1.0642435656426618e-05,0.3047619818522441
ENSG00000140386.12,SCAPER,-1.3875613443907928,NA,0.1652706591972647,0.046848279547117934,0.2960850483493613,3.455616187922215e-10,NA,62,64,64,8.321885219386559e-07,0.04836113042882406
ENSG00000239605.9,C2orf61,1.3872470168643454,NA,0.16536645309558462,0.061621090022151936,0.2761783132207619,2.8212498707791237e-10,NA,10,10,10,0.007529369476421569,0.15351377628494234
ENSG00000204001.9,LCN8,-1.3846833082451586,NA,0.16614932520781267,0.04944596056616375,0.17954806107809154,2.9071687277054464e-06,NA,17,18,18,0.013154102810663277,0.12846275235931348
ENSG00000221838.9,AP4M1,1.383850653554082,NA,0.16640418922992617,0.05044859842727151,0.13982874918244753,4.022328663467356e-05,NA,27,28,28,0.0004665156136003287,0.0724477275527939
ENSG00000197136.4,PCNX3,1.3828110270048504,NA,0.1667228169571574,0.0004594696909203077,0.06263991442691003,0.008480585935981234,NA,4,4,4,0.10023665778874909,0.037741437545535265
ENSG00000120071.13,KANSL1,1.3816275670133136,NA,0.16708608509421186,0.018176256053662132,0.10486988303106136,0.0003806035404217478,NA,12,26,26,1.9788870438453324e-11,0.13356920061255848
ENSG00000164306.10,PRIMPOL,1.3813884055855843,NA,0.1671595689141563,0.0016742940834911665,0.04396054530155663,0.026773335475071918,NA,11,11,11,0.05812650994366412,0.013302860447928323
ENSG00000137106.17,GRHPR,1.3812536666135182,NA,0.1672009789851574,0.03361377634822843,0.2656572101946077,1.1928496996437835e-09,NA,13,14,14,0.10734979439727727,0.13312470168517826
ENSG00000181240.13,SLC25A41,-1.3777621519924377,NA,0.16827673501831997,6.75613547955077e-05,0.4754147993072805,9.724193031533793e-20,NA,2,5,5,0.14661134550811256,0.01196084793217642
ENSG00000273812.1,WI2-87327B8.2,-1.3758989982595362,NA,0.16885290541631626,0.05444217269581914,0.05724934341052562,0.01086426918672547,NA,44,50,50,0.02197186055013737,0.2379853570571375
ENSG00000120332.15,TNN,-1.3750451868231064,NA,0.16911743611423358,0.00515833351161463,0.058278552506173975,0.008406516646557958,NA,6,6,6,0.13306005211698088,0.22449226466316205
ENSG00000163554.12,SPTA1,-1.3737533710762069,NA,0.16951826157939864,0.11579299415079791,0.23911385158815174,3.0563024234336385e-08,NA,58,58,58,0.02629873702587814,0.5058831049782581
ENSG00000132436.11,FIGNL1,1.372846369051903,NA,0.16980011216525726,0.13040504137830716,0.21032157432480836,1.288538462597009e-07,NA,94,99,99,0.001045873038382881,0.2264169450331666
ENSG00000161036.12,LRWD1,1.3712314528672647,NA,0.1703028162483099,0.021771818201973304,0.1935759336169969,6.099155490427053e-07,NA,9,9,9,0.08610647035084479,0.06292422925828711
ENSG00000167608.11,TMC4,1.3690654490527685,NA,0.17097881729111775,0.001139026183569888,0.2524896687048261,5.723538666627826e-09,NA,3,8,8,0.1700937284549623,0.04346661085697811
ENSG00000111664.10,GNB3,-1.36841736266406,NA,0.17118147251851878,0.018886185837060074,0.16975415600723712,6.322192219892395e-06,NA,27,27,27,0.16237666443153742,0.17162663751247118
ENSG00000138115.13,CYP2C8,-1.368081524752854,NA,0.17128655903924772,0.017704578611393705,0.0665778933077363,0.00573182432166705,NA,8,9,9,1.769442279208524e-12,0.14573960619433976
ENSG00000183066.14,WBP2NL,-1.3672500475468974,NA,0.17154694310218532,0.023023162171770542,0.09451830297244147,0.0007188558938460638,NA,9,12,12,8.329571350423522e-05,0.17876023632596053
ENSG00000120539.14,MASTL,1.3660840777959284,NA,0.17191257522186476,0.038340896832709755,0.2064798818676224,3.2889611665223467e-07,NA,50,52,52,9.502863094650138e-05,0.023112996654326208
ENSG00000267368.1,UPK3BL,1.3660726242742904,NA,0.1719161697792575,0.060753176753124694,0.055715376361081946,0.01164127562734199,NA,65,69,69,0.005769851883733402,0.15405143092001347
ENSG00000118017.3,A4GNT,1.363232476768484,NA,0.1728092549156307,0.06985514381021857,0.2378067103025609,2.0931900154363234e-08,NA,34,35,35,0.04795159507725138,0.12119843275054122
ENSG00000259511.2,UBE2Q2L,1.3631798693300945,NA,0.1728258300001676,0.07949952309232625,0.16356324664843952,9.974921201223916e-06,NA,46,46,46,1.0307021981532258e-10,0.17810874425367074
ENSG00000164346.9,NSA2,1.3631745487268916,NA,0.17282750643476819,0.12366330357117909,0.4882268290244744,3.254613362438368e-19,NA,26,26,26,0.12600735294462545,0.0492498546577398
ENSG00000160072.19,ATAD3B,-1.3629893303003786,NA,0.17288587329541782,0.038890962503590046,0.08290621738222523,0.00014267215455799392,NA,13,14,14,0.0005676449278507014,0.2838469355104567
ENSG00000226816.2,AC005082.12,1.3617224414788007,NA,0.17328549619516886,0.02377862746314241,0.12425685403926423,0.00011267178042863557,NA,12,12,12,0.039885930293532386,0.045229029244365504
ENSG00000183255.11,PTTG1IP,1.3614363666224998,NA,0.1733758301060212,0.011889424627158973,0.13787850564337456,5.167253584820762e-05,NA,20,21,21,0.050895898805728666,0.10653263624044013
ENSG00000242611.2,AC093627.8,-1.3607532026363853,NA,0.17359169529443352,0.005717147569322409,0.20106402034686974,5.392391937767279e-07,NA,8,23,23,0.056525102274961776,0.25541310273674744
ENSG00000169026.12,MFSD7,-1.3564663924288407,NA,0.17495082139355356,0.0400595638139644,0.12772154641449812,5.700130661964569e-05,NA,25,29,29,0.020198362102492515,0.060239521305463575
ENSG00000136856.17,SLC2A8,-1.3545473290108307,NA,0.17556182440874868,0.036158921769395426,0.10406902813756856,0.0004303952000924737,NA,48,50,50,1.915188380404773e-05,0.1725337377743695
ENSG00000145743.15,FBXL17,1.3530329142375945,NA,0.17604511554336844,0.05331050292114553,0.038285794900505335,0.038650216129479456,NA,60,65,65,9.352012721300418e-05,0.4277810311628395
ENSG00000273073.1,RP11-109E12.1,-1.3486852089342292,NA,0.17743809839495084,0.1515175037697596,0.1975395355918691,7.499103339815462e-07,NA,93,108,108,4.875516974101395e-07,0.4445810763523385
ENSG00000162869.15,PPP1R21,1.3463221672869035,NA,0.17819863986806272,0.031149940578956002,0.12486218514414615,0.00013119739812102163,NA,23,24,24,0.00015783531701482378,0.12588359047558684
ENSG00000069493.14,CLEC2D,1.346281728149569,NA,0.17821167622631207,0.010449831477242108,0.1620925435447087,3.984926002981777e-06,NA,41,41,41,0.0874587241034244,0.03319862457081125
ENSG00000179979.8,CRIPAK,-1.3415347770159431,NA,0.17974688634048075,0.14039659637550467,0.2373506295339186,3.2136427136729304e-09,NA,49,51,51,0.01951878382955691,0.3268875607163782
ENSG00000006555.10,TTC22,1.3412500259774995,NA,0.1798392891248296,0.0025468235744865652,0.0596207247240816,0.00494820537818105,NA,4,4,4,0.12127554855714577,0.1843527588764836
ENSG00000272541.1,XXbac-BPGBPG55C20.1,1.3412479626397456,NA,0.17983995881450543,0.09233766400036901,0.4032277208738502,3.604866290590489e-15,NA,34,40,40,1.452317815364857e-05,0.08652940039180149
ENSG00000158863.21,FAM160B2,1.3411484840186958,NA,0.17987224841033533,0.00985761159974531,0.052273983861071474,0.01635683914275746,NA,22,23,23,5.442673164692978e-05,0.10255954601821106
ENSG00000175591.11,P2RY2,1.3408369706298946,NA,0.17997338987956346,0.0005695766369108382,0.10180550452848756,0.0004957743688840348,NA,3,5,5,0.1343328189067019,0.09054333926716307
ENSG00000271605.5,MILR1,1.338652255211638,NA,0.18068390614996355,0.03409854902056103,0.1665622706334529,6.315277372007328e-06,NA,58,63,63,0.00022575070364285694,0.22819426316036776
ENSG00000148296.6,SURF6,1.3376332937283801,NA,0.18101600573307286,0.08194558659430254,0.21987997765763195,9.81566748220151e-09,NA,38,38,38,0.005096053653524374,0.14026520747779767
ENSG00000075826.16,SEC31B,-1.3346538628916533,NA,0.18198966038479825,0.03674327400271625,0.33602863208718553,7.276223707915289e-12,NA,98,100,100,0.0010453184311732745,0.03864636477049562
ENSG00000165695.9,AK8,1.3343237982662393,NA,0.18209776148490076,0.011089491013779915,0.042058161976250584,0.02784946798763524,NA,4,4,4,0.16088984610069124,0.18543186294667752
ENSG00000268555.1,RP11-678G14.3,-1.3324056573049818,NA,0.18272692410737124,0.06600663318716088,0.2648785329513643,1.292867210336044e-09,NA,17,20,20,0.09321292598092856,0.05004410283116599
ENSG00000107779.13,BMPR1A,1.3314038771787549,NA,0.18305615435535305,0.018302185365567873,0.18626812604810492,1.2670785249777622e-06,NA,40,44,44,8.849987823276364e-06,0.03829728224662053
ENSG00000114857.17,NKTR,1.3265373438493215,NA,0.18466177407979756,0.00399150654740478,0.07131352973971856,0.004508637546960164,NA,18,18,18,9.196014921548194e-05,0.03455963326506234
ENSG00000181027.10,FKRP,1.326313270925159,NA,0.18473595286192135,0.031281307277994254,0.13819872679191614,4.8482263699409444e-05,NA,14,15,15,0.05567952119034223,0.07837310304779932
ENSG00000230606.10,AC159540.1,1.322951074655487,NA,0.18585164863088288,0.0784861631294253,0.4061691229330353,2.3113631605612843e-16,NA,24,29,29,0.0008641021739097103,0.09649935343339526
ENSG00000144026.11,ZNF514,-1.3203732416145633,NA,0.18671043298058032,0.03830442629409521,0.14202536580770467,2.456203453736001e-05,NA,27,32,32,0.04721005389754378,0.19128388128915488
ENSG00000198108.3,CHSY3,-1.319259417400405,NA,0.18708240019791278,0.038490968151356664,0.08680604665395626,0.001584394876083012,NA,28,30,30,0.028763431184868325,0.1180644560838516
ENSG00000167641.10,PPP1R14A,1.3181287425678314,NA,0.18746055422014418,0.00882587149319566,0.12715737039592093,0.00010031270705354665,NA,14,16,16,0.09656253691781716,0.05891505105103289
ENSG00000163913.11,IFT122,1.3176001920910798,NA,0.18763752127580124,0.008655142641563501,0.07606758971674257,0.0034037007464992664,NA,51,54,54,9.110131816567961e-05,0.10051106655322817
ENSG00000163832.15,ELP6,-1.3170560987752167,NA,0.1878198210975166,0.01858961605103364,0.058803437337687524,0.009830675971681855,NA,44,47,47,0.00020768610508208355,0.19133645786085002
ENSG00000083535.15,PIBF1,-1.3169720152149524,NA,0.18784800516129163,0.024572958493274115,0.0337518363438192,0.0408988350871769,NA,53,55,55,3.6241644382993604e-06,0.14901200947811954
ENSG00000092470.11,WDR76,1.3151990965115345,NA,0.1884429987323396,0.014960004614343502,0.04932166323038949,0.01811020808635257,NA,55,57,57,0.00010960086448586524,0.2945138577401461
ENSG00000158717.10,RNF166,1.3149817561504755,NA,0.18851603395616812,0.004873399487384579,0.059484050296528077,0.006546076700161478,NA,5,6,6,0.000322879478152223,0.07484746999448913
ENSG00000148303.16,RPL7A,1.3141302172953524,NA,0.18880238688836226,0.01457872775140494,0.053025986924137763,0.013300027175666182,NA,50,57,57,0.0002856597840878323,0.15687386512432494
ENSG00000138650.8,PCDH10,1.3138971063373193,NA,0.18888083263437316,0.0033485867178962014,0.04031777250137263,0.03344424375346286,NA,8,8,8,0.055731818235036645,0.020165603704088098
ENSG00000182931.9,WFDC10B,-1.3121566521315566,NA,0.1894672843520383,0.02745755101063571,0.06383950529064117,0.006656026826752755,NA,32,32,32,7.849117329083821e-14,0.11865021601910747
ENSG00000164167.10,LSM6,-1.3104261339432612,NA,0.19005171747207983,0.019884883480822582,0.06462038109138941,0.004512659450645164,NA,67,68,68,0.0009121647827405416,0.5278806963836821
ENSG00000055483.19,USP36,1.3100622452906898,NA,0.1901747792703804,0.010659715809361297,0.12310258689364699,0.0001091813346036394,NA,6,6,6,0.16030222400831962,0.06349431611342754
ENSG00000250508.1,RP11-757G1.6,-1.305319256182592,NA,0.19178415975632457,0.04860826108187337,0.1111762792671072,0.00027520668789561363,NA,29,29,29,0.032284957750880486,0.015165620411762929
ENSG00000103168.16,TAF1C,1.3048620085770517,NA,0.19193983980400708,0.10121639029324503,0.3759589665292359,3.2507903217536236e-14,NA,27,29,29,0.004702550271706352,0.111205942585863
ENSG00000196150.13,ZNF250,-1.3040414653898311,NA,0.1922194448463619,0.013080983759978591,0.10102029932597394,0.000706197228973565,NA,23,30,30,0.007993105109385105,0.1304592769496023
ENSG00000165055.15,METTL2B,-1.3015139444017385,NA,0.1930825946092115,0.017078929091905434,0.2460765561289287,2.1874946054571817e-08,NA,34,35,35,0.0033201096012040483,0.058780296315767123
ENSG00000115806.12,GORASP2,-1.2956863387604813,NA,0.19508356983487496,0.005879322333003667,0.11774625197464933,0.00013798589850354742,NA,19,21,21,0.0011921445819205049,0.05800127193579273
ENSG00000077616.10,NAALAD2,-1.2943443334255578,NA,0.1955465094527763,0.007984276525138322,0.1275887666356091,5.44817240500632e-05,NA,64,65,65,0.003685420329893859,0.02333832848640365
ENSG00000179364.13,PACS2,1.2940515229515568,NA,0.1956476246126836,0.0033142087849488116,0.06337255760640825,0.006695450910723301,NA,29,49,49,0.000180827420897674,0.17491568776023508
ENSG00000188992.11,LIPI,-1.292822231169549,NA,0.19607254962332699,0.004675197893106097,0.043162217630731504,0.024240828618268703,NA,2,3,3,0.18887348147000638,0.06132740826666435
ENSG00000118997.13,DNAH7,1.292699620278362,NA,0.19611496916297866,0.038971715542744936,0.15060453374211355,1.1374997909313334e-05,NA,16,16,16,0.050097195681079,0.07617323286212735
ENSG00000135913.10,USP37,-1.2898652721125696,NA,0.19709744029257203,0.034944973903632603,0.053660629015093525,0.010974980265415178,NA,55,59,59,1.788515320362271e-13,0.2518792528796785
ENSG00000103888.16,CEMIP,1.2896673610585858,NA,0.1971661766156837,0.07199129525366389,0.1204367307216662,0.00019230933500390568,NA,48,52,52,8.482954573492248e-06,0.10530451188707256
ENSG00000176476.8,SGF29,-1.2896617441609888,NA,0.1971681276717545,0.006966818073688914,0.045732736917500065,0.02397798666136426,NA,15,18,18,0.17254244116776685,0.18244131698694666
ENSG00000273972.1,CTD-2306A12.1,-1.289533240787823,NA,0.19721276778950358,0.04126844037595777,0.15798673870288993,1.0457985066446492e-05,NA,34,41,41,2.791373313438253e-06,0.37036304919094176
ENSG00000119682.16,AREL1,1.2882430017729638,NA,0.1976613873217825,0.003855999539381845,0.05305367607328376,0.013881109834552641,NA,12,12,12,0.000751306322113981,0.06093669755583048
ENSG00000243789.10,JMJD7,-1.2877968775184176,NA,0.19781667951831772,0.010932222761217882,0.2752892650289049,4.679038699029822e-10,NA,17,17,17,0.05615624479751181,0.02354600503661795
ENSG00000152240.12,HAUS1,1.2866866290122887,NA,0.19820353537645996,0.08208040818047618,0.07682910852330116,0.003128431231324298,NA,86,87,87,9.94534516234947e-08,0.3905667209677345
ENSG00000181396.12,OGFOD3,1.2862046550932573,NA,0.19837164687842246,0.004123441181605198,0.11435880958449872,0.00012352212706888164,NA,6,8,8,0.024932349633574224,0.05264112612889835
ENSG00000090470.14,PDCD7,1.2812176154463202,NA,0.2001172404543744,0.046419416734407665,0.040177454035368924,0.035243325319533086,NA,36,39,39,2.826349408628989e-19,0.20645450356550485
ENSG00000066185.12,ZMYND12,1.2787994482478329,NA,0.20096768827480893,0.044794698059342115,0.21380248173434252,2.1654132989381877e-07,NA,40,41,41,0.0001428978146309703,0.0524856026944837
ENSG00000167280.16,ENGASE,-1.27773434661578,NA,0.20134311039604924,0.03757522844814838,0.14120490597857374,1.943991828509108e-05,NA,59,67,67,1.7298979296176506e-05,0.2037312240582893
ENSG00000068781.21,STON1-GTF2A1L,1.274017482383663,NA,0.20265722048568124,0.11659628237137848,0.31805079242046363,4.441246391849017e-11,NA,40,41,41,2.9981868810603606e-05,0.3159300630761112
ENSG00000249395.2,CASC9,1.2706869412560715,NA,0.20384004312528714,0.02925837311270905,0.10070945905738872,0.00032515759900363935,NA,7,7,7,7.613018414167882e-05,0.2196670334103967
ENSG00000127951.6,FGL2,1.270470421132518,NA,0.20391711258185097,0.04494740657018641,0.04389932509705707,0.02014315982794941,NA,82,87,87,4.8316400214715496e-08,0.17030432170513124
ENSG00000119718.10,EIF2B2,1.2702539872474257,NA,0.20399417253288776,0.01723235861943983,0.04041665163166877,0.028437063089793393,NA,17,17,17,0.006350441414796058,0.10572023088052536
ENSG00000130312.6,MRPL34,1.266563746872278,NA,0.205311322206981,0.00882662889298233,0.04928211447644865,0.016689651540941906,NA,6,7,7,0.1323078657880135,0.10420659996405676
ENSG00000143436.10,MRPL9,1.2657819140116477,NA,0.2055911719505259,0.03546620633421809,0.10816210557644672,0.00035356632202627634,NA,75,81,81,0.00013267573173500244,0.6436948682960479
ENSG00000128891.15,C15orf57,1.2655351111666489,NA,0.20567957025003647,0.10068806587378609,0.2871395401111334,5.0501032921755954e-11,NA,42,42,42,0.0022789419218544266,0.043671473526817176
ENSG00000270093.1,AP000473.8,1.2639821368940887,NA,0.20623643855509277,0.004892673930888764,0.048736100077173085,0.0201723934694245,NA,13,13,13,0.0087541737724486,0.061406875768682
ENSG00000226266.6,AC009961.3,1.2575353204273918,NA,0.2085598575840213,0.06309515696049425,0.1755455405315413,2.522800835033622e-06,NA,27,27,27,0.07843398662467194,0.3083826195386005
ENSG00000267053.6,CTD-3162L10.1,-1.2562549985622844,NA,0.20902353206128277,0.026127363238155153,0.04867012912136221,0.01414136593592562,NA,15,16,16,0.08522100568587158,0.08197684721519825
ENSG00000100079.6,LGALS2,-1.251364253001574,NA,0.21080161305066403,0.300174231433879,0.10115189900903243,0.0006885835783917772,NA,91,101,101,9.512485930036227e-07,0.8953695973921121
ENSG00000130770.17,ATPIF1,-1.2506092327384792,NA,0.2110770804620955,0.02280171481466166,0.18638260959432165,1.55668271779202e-06,NA,72,74,74,0.012415720397746395,0.16814477186693005
ENSG00000164880.15,INTS1,1.2471391055172472,NA,0.21234649631902025,0.10267089916900171,0.3048656517534587,1.1110240062941236e-11,NA,26,28,28,8.64451895167085e-36,0.18819557409982315
ENSG00000235491.1,LINC01889,1.2466808810643584,NA,0.2125145318620032,0.010740725652933323,0.07187210553385627,0.004309480217828683,NA,21,21,21,0.008338584981652125,0.16482256665575698
ENSG00000277186.1,RP13-554M15.8,-1.2465212630395803,NA,0.21257308795487662,0.021844102726187864,0.060713161870953686,0.007150943658445452,NA,14,15,15,0.0005043322699940344,0.07634106355669283
ENSG00000140287.10,HDC,1.2458619629929426,NA,0.21281507655691967,0.0654674202097533,0.08202409867980484,0.0023158616217555284,NA,60,62,62,0.0019628322900978957,0.2376351015483832
ENSG00000267198.1,RP11-798G7.6,-1.2456724082647652,NA,0.21288468727101617,0.03490040158517656,0.14706171152491446,3.688840920343489e-06,NA,5,9,9,5.3284038560354035e-06,0.16841930517544068
ENSG00000168000.14,BSCL2,-1.245382133602239,NA,0.2129913175105984,0.01738854016371301,0.050594731444378295,0.012790945962210882,NA,23,23,23,0.1337702903042144,0.3667460956472599
ENSG00000109063.14,MYH3,1.244888617738985,NA,0.21317269539314243,0.014801795515984954,0.0558737179618006,0.011528566028808224,NA,21,23,23,0.07715210186130407,0.16355347725968164
ENSG00000168958.19,MFF,1.2437243579307389,NA,0.21360102806606063,0.01380459312267502,0.07576717967677382,0.002790250733055101,NA,28,29,29,0.0027197511166331214,0.09926411980087202
ENSG00000230658.1,KLHL7-AS1,1.243302204893313,NA,0.21375649202152802,0.1431701129713846,0.3327940624184853,4.810005653247993e-13,NA,49,49,49,0.00019149243968059375,0.1569872260767343
ENSG00000154359.12,LONRF1,1.2423664897001734,NA,0.2141013736351275,0.026670224294809072,0.04141666597298427,0.026433415348999432,NA,29,31,31,8.266460060700721e-10,0.11249351534463953
ENSG00000196313.11,POM121,1.2421249114655053,NA,0.21419047858010087,0.027318344479344156,0.11151038233133607,0.00032872593097504763,NA,30,34,34,0.005670124875952604,0.07572012218630954
ENSG00000100890.15,KIAA0391,1.24191272849989,NA,0.21426876328323152,0.007656880570492368,0.06340057975847636,0.0068772368636665256,NA,31,42,42,6.441055267347958e-11,0.13022126549991558
ENSG00000223685.5,LINC00571,-1.2412970682461988,NA,0.21449602733593898,0.02278992668553308,0.10689147113433538,0.00025803031768054097,NA,5,5,5,0.19380461596018583,0.11753327247599743
ENSG00000245532.7,NEAT1,-1.237567459569183,NA,0.2158764864090701,0.023861158974758448,0.14304928169116285,9.261912399106796e-06,NA,3,3,3,0.15528324879697172,0.1418837796351948
ENSG00000165525.17,NEMF,-1.2374565828370252,NA,0.2159176234810437,0.00048529690513039297,0.038290012876274586,0.041489611587576296,NA,3,3,3,0.16722961761892274,0.025360855468550332
ENSG00000160325.14,CACFD1,1.2354998286350631,NA,0.2166445401989997,0.03404666121331427,0.0514014236546127,0.015217641623684287,NA,37,40,40,7.940854554432533e-15,0.10159280275790876
ENSG00000149716.12,ORAOV1,1.2343470614731313,NA,0.21707360642400142,0.03879089968382955,0.041770509268055256,0.027769747123213038,NA,68,77,77,1.0008627389677107e-05,0.17493971872606714
ENSG00000125945.14,ZNF436,-1.2336222444611018,NA,0.2173437000934494,0.023579043324338227,0.1036353766118049,0.00012546452833423697,NA,7,7,7,0.08999644740427912,0.11119452497380383
ENSG00000271579.1,RP11-116D17.3,1.2310876996108029,NA,0.2182900654924188,0.01089784712365143,0.08769895255835519,0.0013922032023402598,NA,24,25,25,0.011367450171321321,0.19707030748071008
ENSG00000175166.16,PSMD2,-1.2303796556547677,NA,0.21855496807408337,0.004993189498454637,0.03908996968480061,0.03594661706099017,NA,22,23,23,0.00812774943148672,0.061736354675007266
ENSG00000185290.3,NUPR2,1.228495736042152,NA,0.21926092906674222,0.09919246997752583,0.4235634950062485,2.138436053458204e-16,NA,6,7,7,0.04478831834637358,0.5229473619297409
ENSG00000104529.17,EEF1D,-1.2266983196173993,NA,0.21993599953137966,0.01575953295345093,0.0364099747235907,0.04044730160083265,NA,45,51,51,0.023027257412634956,0.226832121138504
ENSG00000166394.14,CYB5R2,-1.2248042822164253,NA,0.22064897115228432,0.019223145611325113,0.03632251333509515,0.046112451401060885,NA,13,16,16,0.00012762172744693674,0.09339601172913417
ENSG00000182919.14,C11orf54,-1.2236772586848799,NA,0.22107400182412917,0.04547368681524583,0.2059444713392062,2.883356245233865e-07,NA,18,19,19,0.1691618630270486,0.03811745292460848
ENSG00000162813.17,BPNT1,1.2226760289747427,NA,0.22145208429575236,0.013195963636680177,0.05227537566086437,0.01465336154428526,NA,61,62,62,0.0003413029211428146,0.07670647638383253
ENSG00000180549.7,FUT7,1.217862450857489,NA,0.2232762474011163,0.16379937153679203,0.07840331128162174,0.0029279893881595546,NA,88,104,104,0.006869706807538119,0.4900836481151645
ENSG00000180383.3,DEFB124,1.2148588089857892,NA,0.22441994640089524,0.007502891525698465,0.0766394318373147,0.002455787679785412,NA,38,39,39,0.13773313912126525,0.029989029805357517
ENSG00000278845.4,MRPL45,1.2136097361718285,NA,0.22489678737614072,0.00046209550455256166,0.09707717725657757,0.0008798681476101338,NA,3,13,13,0.004911587555483279,0.11548182644754673
ENSG00000112977.15,DAP,1.2131689754430295,NA,0.2250652230551401,0.02646748348920936,0.03932133393820717,0.031649267870555386,NA,47,53,53,0.009493963794386693,0.29863098187263176
ENSG00000196275.13,GTF2IRD2,-1.2127189550287452,NA,0.2252372902497296,0.027060588062502274,0.27390346615956723,1.2514700718170864e-09,NA,4,5,5,0.07601569220097915,0.12014174425332418
ENSG00000156795.6,WDYHV1,1.2102933851086084,NA,0.22616633504488604,0.048661924997955866,0.1730751562977811,4.387631566542517e-06,NA,48,49,49,0.020087210068803825,0.09723863741083516
ENSG00000100528.11,CNIH1,1.206686309947372,NA,0.22755297327809,0.012903706143064042,0.05848796790714919,0.009819579179020141,NA,19,23,23,0.007047738924529665,0.13558484486565062
ENSG00000178209.14,PLEC,-1.203973173894947,NA,0.22859994725179855,0.01695456872127356,0.09590471749940846,0.000983085582851495,NA,13,17,17,0.03822221340309796,0.07472057574831195
ENSG00000147697.8,GSDMC,-1.2015338355118004,NA,0.22954418962892253,0.015799410422027198,0.07340887926056013,0.0034689598444151578,NA,78,81,81,0.011042271678625563,0.06845217497189937
ENSG00000125885.13,MCM8,-1.1986960012469143,NA,0.23064617348934158,0.07558607805659646,0.18939261460894355,4.272311766201064e-07,NA,61,69,69,0.009460915374681297,0.1950419399927809
ENSG00000203546.7,RP11-176H8.1,1.1978014348398702,NA,0.23099432849745738,0.04405211832610084,0.17067354456045689,4.348066663278469e-06,NA,11,14,14,0.21664652420963015,0.12023637006356515
ENSG00000109519.12,GRPEL1,1.1973488022695287,NA,0.23117063011461703,0.017377890832789213,0.06349530512764312,0.007958179008529454,NA,64,72,72,0.001208880122806687,0.0788766500228611
ENSG00000172869.14,DMXL1,-1.1950887571569986,NA,0.23205235413762904,0.012657484614218761,0.05348601016680941,0.01298229632974263,NA,33,35,35,0.019894737166796888,0.17853538406203406
ENSG00000233342.1,RP11-235G24.3,1.1947617629547398,NA,0.23218012364299945,0.03478748117028298,0.2851390427871611,2.3121538791726287e-10,NA,28,28,28,0.07869156058648404,0.036201422212399456
ENSG00000245685.6,AF146191.4,1.1912207924163267,NA,0.23356691905586446,0.02150115494545648,0.2035683946788462,2.846231558781919e-07,NA,30,51,51,0.011741773159650705,0.2738009138397769
ENSG00000256806.5,C17orf100,1.1907863104916403,NA,0.23373748436436426,0.002375608007090551,0.034728572576384405,0.04581883190767902,NA,13,14,14,0.15829737711539082,0.040049024631281314
ENSG00000271943.1,RP11-222K16.1,-1.190657276008323,NA,0.23378815665038655,0.011255640052579315,0.0931309930396616,0.0006944543300049199,NA,3,3,3,0.07852086099949473,0.08488928998401167
ENSG00000144063.3,MALL,1.1862123578497126,NA,0.23553844717211425,0.0014678230724806285,0.04639223157356373,0.024117556897107373,NA,14,15,15,0.02675723945601482,0.06864439208768526
ENSG00000258819.1,RP11-7F17.3,1.1858717912770445,NA,0.2356729346870433,0.02327462176267985,0.08776603994707448,0.0015377986734702322,NA,14,18,18,0.00017586695444031826,0.10399289148261784
ENSG00000109163.6,GNRHR,-1.1853527450267523,NA,0.23587800715525675,0.05219353243131254,0.03559016610334071,0.04763162187676055,NA,77,79,79,5.309890937344435e-07,0.4384869828245438
ENSG00000251417.2,RP11-1348G14.4,-1.183836507245224,NA,0.23647778772649664,0.06501007277120019,0.1288056031553566,7.963784343229788e-05,NA,62,70,70,0.0012997114225003759,0.07434206312421733
ENSG00000174123.10,TLR10,-1.1779430803379487,NA,0.238819298877762,0.00043436167473196103,0.032719242306421564,0.04706088970175051,NA,3,8,8,9.419205219616718e-05,0.08746306008288728
ENSG00000131467.10,PSME3,1.1763164462884579,NA,0.2394684461472225,0.007466080012805498,0.0430504418430604,0.022146981348720386,NA,28,29,29,3.2031391946547776e-07,0.3146444861713105
ENSG00000186184.16,POLR1D,-1.1761948708136647,NA,0.23951701367826483,0.0030524663793935623,0.08092907380275176,0.0025827543618660077,NA,2,2,2,0.2504464097176078,0.11071360828860786
ENSG00000172244.8,C5orf34,1.1760916187188022,NA,0.23955826675519654,0.017517786048327016,0.1048971532007702,0.0005245327649128,NA,8,8,8,0.003614587106375122,0.16028357036804436
ENSG00000258088.1,RP11-114H23.2,-1.1755466426490564,NA,0.2397760881033707,0.009482283958081313,0.09166983105281308,0.00041587979206125113,NA,21,23,23,0.0005704891068372749,0.14612155367521562
ENSG00000146530.11,VWDE,-1.1747191739294363,NA,0.24010708575733297,0.022208142874975544,0.08306429796932814,0.001746426792104253,NA,18,20,20,0.0899444610044939,0.13192805450271985
ENSG00000119943.12,PYROXD2,1.1744151063227868,NA,0.24022879740853187,0.01681437791133996,0.2308733598843357,2.830388798034916e-08,NA,72,74,74,0.09627366778768612,0.062305690039746474
ENSG00000144057.15,ST6GAL2,1.1718045581153282,NA,0.24127553226163012,0.04900752631993925,0.1389307979897747,4.9558762546882174e-05,NA,61,63,63,0.0003805198072871615,0.3231345612304287
ENSG00000176994.10,SMCR8,-1.1717430711156644,NA,0.24130022495724956,0.05411729134154774,0.0440370232715948,0.024815667012803324,NA,57,64,64,3.250959934782223e-05,0.3186957859017474
ENSG00000276814.1,RP1-228P16.8,-1.1701901526953067,NA,0.24192445475922164,0.16240892331931883,0.04278626923506635,0.026596104887539447,NA,105,112,112,3.8150290837177525e-06,0.4794534594538386
ENSG00000113732.8,ATP6V0E1,1.169236715745281,NA,0.24230827226731377,0.03636100436871332,0.051830010417882516,0.014929845081385631,NA,68,76,76,0.0035731552419217424,0.3122616874816062
ENSG00000183718.5,TRIM52,-1.1682525606144607,NA,0.2427049047776707,0.015876188316471102,0.0467294925805309,0.021660964694884363,NA,55,61,61,3.065131935110354e-11,0.07779432729859591
ENSG00000189366.9,ALG1L,-1.1661217638825438,NA,0.2435652184184549,0.03599466223382673,0.20937795780746046,1.7381816152126726e-07,NA,37,37,37,0.18240314937056745,0.1552951406447998
ENSG00000101680.14,LAMA1,1.166114206035121,NA,0.24356827372364775,0.08752638893693646,0.11131713909495557,0.00025791728840579255,NA,55,66,66,1.9460061880091525e-08,0.5174583589651282
ENSG00000255150.2,EID3,-1.1652877459445752,NA,0.24390253765804149,0.014949834607351562,0.07678104745692697,0.002596238896085847,NA,22,22,22,0.03472292833078219,0.07062977332494137
ENSG00000237753.1,AC079922.3,-1.1650494639897635,NA,0.2439989712269094,0.06591497104024817,0.26303703862169064,1.7844736021985866e-09,NA,46,51,51,0.029016951867323372,0.3335864768074394
ENSG00000198719.8,DLL1,1.1640010701459174,NA,0.24442357809064763,0.015963684376418593,0.06691938546284235,0.0036897963470677217,NA,8,10,10,0.0024481334904057454,0.3596695374815528
ENSG00000274828.1,RP11-567M16.6,-1.1627760981046642,NA,0.24492035719530725,0.09886464800765667,0.1492992438337516,2.1245507328262247e-06,NA,44,51,51,3.934442617899268e-07,0.4188028015461488
ENSG00000159111.12,MRPL10,1.1617889058246422,NA,0.24532122158406588,0.021596112309683824,0.04047585538288855,0.032804675777829355,NA,47,52,52,0.1548286930662672,0.1614825791211286
ENSG00000171469.10,ZNF561,1.159229916976471,NA,0.24636247989304927,0.005231573294613417,0.13407423575695032,6.084233337247184e-05,NA,32,32,32,0.04887380438008713,0.022822491140087463
ENSG00000217455.8,AC091801.1,1.1571243912443945,NA,0.24722154268580987,0.01423529525114816,0.13991561970145605,2.2482346172211115e-05,NA,6,7,7,0.021475279378858497,0.07552176536243485
ENSG00000100024.14,UPB1,1.156590672151817,NA,0.24743963504383493,0.01581947926188617,0.11814780209435374,0.00021399405684185342,NA,28,28,28,2.720371662693461e-06,0.07022751165102148
ENSG00000184635.14,ZNF93,-1.1551768081545137,NA,0.24801802986891552,0.012600475036840492,0.11756128751374564,0.00019354937633559965,NA,26,27,27,0.01904991532651045,0.20672365840324045
ENSG00000115457.9,IGFBP2,1.155067586638392,NA,0.2480627504167927,0.008554115326028792,0.060682199758892975,0.00904613738071989,NA,7,7,7,0.10160686596513849,0.0805380253055781
ENSG00000178732.5,GP5,1.1549126332873705,NA,0.24812620546043962,0.03138811112495611,0.044848201652923365,0.024678074521458933,NA,24,24,24,0.0001239557138269112,0.17688592443637727
ENSG00000062524.15,LTK,-1.151406726668809,NA,0.2495649477815962,0.008663216403162206,0.04879935199918374,0.019460380252776167,NA,14,15,15,5.696186795672222e-06,0.17013596759574856
ENSG00000035141.7,FAM136A,-1.1505353936326175,NA,0.24992342522241473,0.0031252036754088625,0.06644388718536277,0.00609556315168147,NA,22,25,25,0.007447418783147898,0.04802212328480293
ENSG00000038002.8,AGA,1.1500498307058011,NA,0.2501233479631213,0.05646856196557352,0.5117870517661129,4.835831929147515e-21,NA,9,9,9,0.1983801593764266,0.1091322673899604
ENSG00000251611.1,RP11-610P16.1,-1.1497430329430414,NA,0.25024972458662154,0.014579603007642472,0.04503768803367191,0.026085536687709358,NA,43,44,44,3.6268307881179915e-08,0.1761638693198616
ENSG00000153208.16,MERTK,1.1490062438319513,NA,0.25055340604905463,0.011011094929881322,0.04124715047069122,0.020542393252672368,NA,2,2,2,0.3030751052778464,0.3550857578909343
ENSG00000126870.15,WDR60,-1.1486190081721999,NA,0.25071311560210396,0.023695725441584627,0.1202907930944547,0.0001232892163180733,NA,10,11,11,0.012956474854120867,0.057988558972561076
ENSG00000145901.14,TNIP1,-1.146890731285448,NA,0.25142678386620954,0.008343523635931556,0.04956104654975699,0.017950894083713427,NA,14,15,15,1.51093682058099e-08,0.09976913244197368
ENSG00000171813.13,PWWP2B,-1.1456412603390578,NA,0.25194361763840767,0.002927339926969565,0.08633903912210028,0.0014524562781824144,NA,16,16,16,0.009901910400103475,0.05418252346255261
ENSG00000157379.13,DHRS1,-1.1451069590596858,NA,0.2521648531060866,0.04366968987629288,0.06531121948176423,0.005515401999578195,NA,110,117,117,5.906086144346867e-05,0.14517798424086872
ENSG00000197312.11,DDI2,1.1423798287923304,NA,0.25329617202782273,0.01330939268119153,0.10534760343030827,0.0004753592747022617,NA,31,32,32,0.000717179572412848,0.06311426137903123
ENSG00000189007.15,ADAT2,-1.139345432208029,NA,0.2545591060183223,0.030138550683889945,0.06143985259532276,0.0068038746641140395,NA,93,96,96,1.2207235198993057e-07,0.1452059999235302
ENSG00000172954.13,LCLAT1,-1.139004133708721,NA,0.25470143007041457,0.06368802815784672,0.1809367862932731,2.3791074176646616e-06,NA,55,59,59,0.01047440841346579,0.09925429639749883
ENSG00000163755.8,HPS3,-1.1385835095938546,NA,0.25487690962911747,0.0122021489367072,0.1629318980567706,1.7442391865774018e-06,NA,18,18,18,0.0006544255471943463,0.18262655064840946
ENSG00000184574.9,LPAR5,-1.1367175475930735,NA,0.25565638129959634,0.0030297855026103545,0.08441893642825395,0.0018436218429367175,NA,29,29,29,0.05140284544336224,0.08644570334116304
ENSG00000188095.4,MESP2,1.134312958241989,NA,0.256663295506372,0.0035548893730027124,0.1071055381170506,0.00042132661032838573,NA,12,12,12,0.006017969868192479,0.11627281128171572
ENSG00000188659.9,SAXO2,-1.1312627747580042,NA,0.25794450728147,0.060832427690939356,0.18006597604421667,9.40153662984223e-07,NA,19,21,21,0.19934706943115532,0.1514336976222608
ENSG00000168778.11,TCTN2,-1.1310080147554604,NA,0.25805171807644545,0.02904851246493024,0.13452995283365282,3.3938221782766136e-05,NA,72,73,73,1.9994758044351552e-05,0.11122556905630747
ENSG00000132740.8,IGHMBP2,1.1302087966615468,NA,0.25838825397929577,0.061147803549900466,0.29249043769956584,2.5108650307084865e-10,NA,25,26,26,0.10172481496422023,0.08721870757219209
ENSG00000186792.16,HYAL3,-1.1296559577252159,NA,0.25862122213352323,0.01452779593947665,0.08097020628358903,0.0022741887547720703,NA,20,20,20,0.06839534882374176,0.13196671477869265
ENSG00000174177.12,CTU2,-1.128459408985929,NA,0.2591259501378975,0.020577808099881467,0.03799530020850931,0.03261203976015364,NA,27,31,31,7.349169400241647e-05,0.2005440478999937
ENSG00000116273.5,PHF13,1.1280823414218955,NA,0.25928514602708497,0.018467791160423002,0.055919336290041984,0.011240733449905444,NA,48,55,55,2.8675609157692258e-05,0.06454579327367152
ENSG00000100095.18,SEZ6L,-1.1280383567292984,NA,0.2593037205378085,0.016274147271812957,0.04309613813314448,0.02729474697036193,NA,12,16,16,0.10685376053834593,0.2408041141517064
ENSG00000144230.16,GPR17,-1.1277861721046987,NA,0.25941023460540447,0.06066003384897579,0.17406729333039714,1.7362506393791112e-06,NA,33,35,35,0.00904992862327326,0.13936541828230525
ENSG00000152749.7,GPR180,-1.1268995787746472,NA,0.25978494148879827,0.04223902447213556,0.18867006695133906,1.0185278705889862e-06,NA,51,52,52,0.02234636854140369,0.13903587361854855
ENSG00000066336.11,SPI1,-1.1264374156032264,NA,0.25998041711785413,0.024460237134889023,0.11569373516773215,0.00021203796513005011,NA,15,15,15,0.012877231671736291,0.25227246242193363
ENSG00000147684.7,NDUFB9,1.1257441797234342,NA,0.2602738176638367,0.006204507652516844,0.04522615571295572,0.024394036990817908,NA,86,88,88,0.0003329854595485036,0.10468660212614517
ENSG00000165948.10,IFI27L1,-1.1248849217863062,NA,0.2606378022021014,0.03198975773659897,0.06872109120970951,0.004362630180686566,NA,36,36,36,0.0135521334409812,0.09415176906213134
ENSG00000278611.1,CTC-543D15.8,-1.1234361913369375,NA,0.261252286325276,0.01425140665023162,0.057951086372998034,0.009902757346038241,NA,16,18,18,0.0004555850795742703,0.09013899022869674
ENSG00000232677.6,LINC00665,-1.117446813915035,NA,0.26380332836610487,0.01673591516990943,0.05350751844289331,0.011277878677040495,NA,9,9,9,0.07251270001801213,0.08820885940789497
ENSG00000255693.1,RP11-766N7.3,1.1169190971547183,NA,0.26402891842943743,0.0486144174899935,0.08210763801606501,0.0023131192600737557,NA,33,33,33,0.007557978541015423,0.17896513873530207
ENSG00000104643.9,MTMR9,-1.1166457635936924,NA,0.2641458162277476,0.0009078029484412909,0.06554349499903188,0.006116421612248554,NA,13,13,13,0.13036773481463773,0.005986245042731185
ENSG00000228300.13,C19orf24,1.1162126662188705,NA,0.2643311140054351,0.0059675072692846765,0.08134628623207317,0.0014102859734708964,NA,11,12,12,0.01210880912245151,0.05703369301867965
ENSG00000117280.12,RAB29,-1.1153126948664343,NA,0.2647164472029778,0.010929787130997744,0.09125629592048322,0.0012291483698930205,NA,16,17,17,0.0019921657263834553,0.06020050897974605
ENSG00000167674.14,CTB-50L17.10,-1.1148066619378978,NA,0.2649332810438746,0.021653292565259954,0.046469726936776805,0.020507154428811368,NA,20,24,24,0.030338224348304018,0.09721887086977546
ENSG00000179698.13,WDR97,-1.114479685983736,NA,0.26507345449317155,0.032371314340786106,0.17457342412547314,2.8215517587875733e-06,NA,25,31,31,0.002204011277690987,0.18565700988223527
ENSG00000116771.5,AGMAT,1.113083994157099,NA,0.2656723572112045,0.04974995616251326,0.03611471661296185,0.043178324315099284,NA,48,51,51,0.0002052331998637111,0.14947605645779724
ENSG00000246375.2,RP11-10L7.1,1.1096965275683948,NA,0.2671298197359143,0.17448956511760866,0.2678716365846879,2.323873568010418e-09,NA,61,66,66,1.562649158964611e-05,0.252706966221959
ENSG00000101197.12,BIRC7,1.1092943448622337,NA,0.2673032238978038,0.07427827539733363,0.2745188327673216,3.928663278676149e-10,NA,16,16,16,0.007696093557550962,0.11047750041086908
ENSG00000161692.17,DBF4B,-1.1061206290323797,NA,0.26867431094702987,0.048809064020475995,0.13965385488558646,1.7515841089256627e-05,NA,19,21,21,0.006082624342766917,0.16883662499688434
ENSG00000136783.9,NIPSNAP3A,-1.1050659428161769,NA,0.2691310165447445,0.003526919027592835,0.08741597106868483,0.0015765012417561645,NA,6,6,6,0.2521392971326334,0.01912848472856362
ENSG00000134202.10,GSTM3,-1.1049466779003496,NA,0.2691826947627095,0.25519143993316584,0.41129746554147467,4.502922487035625e-16,NA,73,85,85,0.014672377304343063,0.4486927922052815
ENSG00000186889.9,TMEM17,-1.1034853029117915,NA,0.2698164705440107,0.005292852487726668,0.06448120026081106,0.006388912150505902,NA,16,18,18,0.04315014381209532,0.0956080563336609
ENSG00000197375.12,SLC22A5,1.1025654825590905,NA,0.2702159069340735,0.0171658946250318,0.09618744061173973,0.0008844031961075373,NA,16,16,16,0.07053397339474225,0.15155902485174294
ENSG00000248874.5,C5orf17,-1.0998649562467577,NA,0.27139096541430274,0.1505397536569929,0.04831410757982494,0.01451770920570348,NA,112,117,117,1.5297325548374155e-08,0.38153402476091736
ENSG00000180354.15,MTURN,1.0992359663844247,NA,0.2716651545602108,0.0012230138439390183,0.06652030992398457,0.004681741945717635,NA,7,8,8,0.03276406857464706,0.03453990806112032
ENSG00000179397.17,C1orf101,1.0985374846609053,NA,0.2719698588141102,0.017075908844326,0.08043337894719356,0.002486299262448937,NA,24,26,26,0.010565459521323631,0.05624806779626644
ENSG00000163218.14,PGLYRP4,-1.097721407318503,NA,0.2723261590183451,0.024378967054672306,0.17964623985762188,1.1376082537930843e-06,NA,65,67,67,0.021278415337848685,0.2042396803218608
ENSG00000176920.11,FUT2,1.0919017848385653,NA,0.2748762731248654,0.010450217852004237,0.035715360760950325,0.04473719576156459,NA,24,27,27,0.06526170812197836,0.09343971129641973
ENSG00000123485.11,HJURP,-1.0903985410866968,NA,0.27553762423544426,0.00936349352471479,0.04039088680211203,0.03435942732558539,NA,10,11,11,0.01652036100711484,0.07008853586032875
ENSG00000101282.8,RSPO4,-1.0876546150284805,NA,0.27674761052019525,0.020473379303617447,0.1143793038253675,0.0002519465538863207,NA,21,22,22,0.05822361036153773,0.06898061357919616
ENSG00000118514.13,ALDH8A1,1.0874412957671558,NA,0.276841829184142,0.12889303959995907,0.3882150095670309,2.346299804778856e-14,NA,67,67,67,0.08863504721597637,0.032916570244899794
ENSG00000180155.19,LYNX1,1.0854231572479682,NA,0.27773428055607197,0.016814812931516043,0.12828509723716666,8.20520397737555e-05,NA,11,11,11,1.2392305614847964e-05,0.10312828753886998
ENSG00000136205.16,TNS3,1.0853810108103532,NA,0.27775293920838295,0.0029381415464819066,0.04284132437672701,0.030587360411395294,NA,17,17,17,0.012711649755317285,0.011130197015568671
ENSG00000197599.12,CCDC154,-1.0849415451563726,NA,0.2779475459310625,0.03870580815433447,0.14893548348098126,8.210981777548806e-06,NA,28,32,32,1.433488597495627e-09,0.23316254351698926
ENSG00000010626.14,LRRC23,-1.084750556183984,NA,0.27803214970383106,0.03569574939707373,0.2336631548269793,1.7705347313407014e-09,NA,43,47,47,0.004958883527891645,0.10480727845524516
ENSG00000273015.2,RP11-352M15.2,1.0829441462972496,NA,0.2788332152685229,0.026021343642841397,0.08162585768653216,0.001822795186481632,NA,39,41,41,3.08501187324239e-05,0.1099637426110644
ENSG00000075785.12,RAB7A,1.0803698131104678,NA,0.27997753269757053,0.00132230409308643,0.05160936990693442,0.015046810901839541,NA,22,22,22,2.4870736082050394e-06,0.14707208307440234
ENSG00000188573.7,FBLL1,1.0794047249814016,NA,0.2804073455209727,0.13395227027310186,0.357037095834396,4.649798640594957e-13,NA,21,25,25,0.013825970421865563,0.17954395212869226
ENSG00000129646.14,QRICH2,1.0775355233908805,NA,0.28124108954402716,0.02424304531887621,0.06581722642709542,0.0066032136558822774,NA,39,41,41,6.305556568586536e-09,0.2371145855396863
ENSG00000196378.11,ZNF34,-1.07660960913743,NA,0.2816547095234053,0.00843270299650149,0.11534244428322883,0.0002739325748188455,NA,16,22,22,2.240283184319384e-06,0.03978235507549276
ENSG00000131849.11,ZNF132,1.0749465537748293,NA,0.28239865756412397,0.03266798864284795,0.12328244432939893,9.725346176591569e-05,NA,36,36,36,0.17254019029769307,0.06514091023099472
ENSG00000148290.9,SURF1,-1.0740703177441855,NA,0.2827911667573023,0.0677748769797755,0.17024426492629607,6.013684072117847e-06,NA,47,54,54,1.2062362909090175e-06,0.274108039574925
ENSG00000111880.15,RNGTT,1.0721826249018207,NA,0.2836380129624443,0.010634940352447032,0.03738326545011186,0.03955155946246389,NA,26,28,28,2.998824524913408e-09,0.04562188640863702
ENSG00000204956.5,PCDHGA1,-1.071275847818818,NA,0.28404541622839974,0.05661668923280645,0.07833002944648047,0.0024361907178445984,NA,42,43,43,1.8209430070945843e-07,0.3725416297454359
ENSG00000185808.13,PIGP,-1.0711761757587923,NA,0.2840902217535237,0.06958830993407358,0.2851061502941757,1.3480635357367305e-10,NA,13,15,15,0.01818480383111571,0.07824335067901854
ENSG00000141560.14,FN3KRP,-1.070918578461661,NA,0.28420604148084083,0.06146657022617252,0.3145465605355073,1.5380184751893046e-11,NA,13,14,14,0.050577535772061956,0.19383090562075506
ENSG00000121898.12,CPXM2,-1.0693255247002995,NA,0.28492301300023537,0.03107647786870909,0.0908181273419255,0.001264959054640766,NA,162,175,175,8.232920749722198e-05,0.2722506280290725
ENSG00000167526.13,RPL13,1.0688923831628345,NA,0.2851181645083819,0.012660191450139304,0.06057025316247942,0.0078030961344452265,NA,16,17,17,1.8083108333743135e-07,0.06657347022298525
ENSG00000177683.13,THAP5,-1.068399891200055,NA,0.28534016609011803,0.0483203766101231,0.1548449117418836,1.6334896772035482e-05,NA,115,119,119,7.065036100046443e-06,0.17809400830538322
ENSG00000106477.18,CEP41,-1.068234316213259,NA,0.2854148289004942,0.025889348333383962,0.08499323097057977,0.001911162925569272,NA,28,32,32,5.313842798310576e-07,0.21385505837984528
ENSG00000254858.9,MPV17L2,-1.0677020366470054,NA,0.2856549394614396,0.012889569068097835,0.050844183263679864,0.017775152238250047,NA,34,41,41,0.00020403265109769872,0.0800831839759388
ENSG00000111215.11,PRR4,1.0667542836146782,NA,0.28608280741726766,0.008208718382023188,0.3618676805583482,2.2415553077841493e-14,NA,7,36,36,0.1975444924780826,0.06341714487142833
ENSG00000168026.18,TTC21A,-1.0660020851827074,NA,0.2864226993070953,0.022836440981656877,0.14515831032925666,3.126243369608651e-05,NA,35,36,36,0.00019702613505766887,0.15950079826040645
ENSG00000179409.10,GEMIN4,1.0655982827407944,NA,0.28660527582939366,0.009878538121675428,0.056189777419677664,0.008747606163526184,NA,11,12,12,0.0006486955900671733,0.07609912212518759
ENSG00000156042.17,CFAP70,1.0640097188324904,NA,0.2873242968305506,0.01218225055155302,0.08484083969464762,0.0015962281017917065,NA,23,23,23,0.10339535029189141,0.2161909974494899
ENSG00000173338.12,KCNK7,1.0629125508534099,NA,0.2878216107402092,0.009745245911106214,0.11344545518663365,0.0002558377017977079,NA,19,20,20,1.1558184926030476e-05,0.03250462680236518
ENSG00000174021.10,GNG5,1.062702477812766,NA,0.2879168968477688,0.010959206457523296,0.038116333150575984,0.039184453741976856,NA,37,38,38,0.00011862895365324864,0.09406250508299867
ENSG00000141068.13,KSR1,1.0620972329241873,NA,0.288191546164943,0.017316216875442367,0.04880818754290206,0.014994594882716856,NA,26,28,28,0.00012236718680866244,0.2095826407445842
ENSG00000187955.11,COL14A1,-1.0610396128900383,NA,0.2886718991921696,0.05249508598731045,0.1297533075020907,4.462911609735858e-05,NA,126,130,130,5.534583333615012e-08,0.3035789762022345
ENSG00000165156.14,ZHX1,1.0599074691887334,NA,0.28918669729152513,0.012332656472886169,0.09537176806924733,0.0008463851822449935,NA,87,91,91,0.0007695515304585078,0.05870827777722783
ENSG00000128918.14,ALDH1A2,1.0586586375028828,NA,0.289755271650766,0.015458400197312424,0.05500988656189695,0.01388852738591702,NA,21,22,22,0.006729345442693605,0.08209221093676368
ENSG00000149679.11,CABLES2,-1.0576099211934429,NA,0.2902333175297609,0.09694987339229218,0.21844599590379124,6.976335791037698e-08,NA,35,44,44,0.0015671089345061465,0.3130121811003327
ENSG00000183172.8,SMDT1,-1.0551718401815073,NA,0.2913467405687681,0.0011346608396838446,0.5539371214135109,2.3776347951283583e-24,NA,4,21,21,0.2592824555486134,0.03843512079593433
ENSG00000113734.17,BNIP1,1.053160805588291,NA,0.29226729850585,0.06064025568038169,0.26134863952064635,3.04891018193779e-09,NA,66,70,70,1.717837254748568e-05,0.09378979284768812
ENSG00000122375.11,OPN4,-1.052646591918153,NA,0.292502994880557,0.03824667823126079,0.057265269570363375,0.010189490608121259,NA,25,25,25,0.04405922623442695,0.21614136538687126
ENSG00000163131.10,CTSS,1.0524355600804933,NA,0.2925997609393698,0.03391471605880758,0.2414390222740007,6.483428216842505e-09,NA,32,35,35,6.337216669115689e-09,0.09337628660457784
ENSG00000171574.17,ZNF584,1.0520004878694384,NA,0.2927993257967104,0.027475772821005214,0.2230800428954,1.0758678454446867e-07,NA,23,25,25,0.13189942313581512,0.034519170747158
ENSG00000186448.14,ZNF197,1.0519239303101942,NA,0.2928344517149388,0.020985187085515028,0.10719232559180117,0.00023183201922911714,NA,16,17,17,3.2577534808991374e-05,0.2658344742344421
ENSG00000101473.16,ACOT8,1.051888654283846,NA,0.2928506379115243,0.03343773283427679,0.1321519792191578,5.1569483539412e-05,NA,42,48,48,2.2974013518927597e-20,0.3411987197558219
ENSG00000250829.2,RP11-11N5.1,-1.050256230814437,NA,0.2936003228227674,0.007199794914289654,0.09741280129245836,0.000804353409782362,NA,5,5,5,0.252468807806289,0.0645582720042545
ENSG00000261770.1,CTC-459F4.1,1.049759413703342,NA,0.2938287397089747,0.3299520666467459,0.35040871922632005,1.3723172603007317e-12,NA,144,147,147,0.0013484407308482734,0.6035750121788288
ENSG00000254986.7,DPP3,1.0471346083210917,NA,0.2950374994924051,0.0029185386669959975,0.11012321662772692,0.0003193602359007786,NA,17,19,19,4.002783539586053e-10,0.03839119919360196
ENSG00000144455.13,SUMF1,1.045647835344349,NA,0.2957236552297604,0.019087129926537445,0.1817785754951028,4.5600129239409275e-07,NA,15,18,18,0.023725297023030126,0.045514045764558864
ENSG00000113249.12,HAVCR1,-1.045334255168462,NA,0.2958685109126994,0.02528332908409756,0.07802294309137868,0.002833714257886089,NA,22,22,22,0.00020578001946481954,0.062448297229186524
ENSG00000187105.8,HEATR4,-1.044797762993506,NA,0.2961164490189382,0.06545021991054834,0.2318277109645716,1.5904848106009866e-08,NA,19,19,19,6.21239847431365e-06,0.29615613732027485
ENSG00000174473.15,GALNTL6,1.043964258983869,NA,0.2965019259365458,0.022438721016904868,0.06331672530838389,0.006993693534638262,NA,45,46,46,0.03743079912206915,0.11415371577543945
ENSG00000260657.2,RP11-315D16.4,-1.0433424779990015,NA,0.29678970423549667,0.19738830760569842,0.3697554581559717,6.111072157069586e-14,NA,19,20,20,0.12832850019159794,0.1405833682686589
ENSG00000174886.12,NDUFA11,1.0409657808893693,NA,0.297891429978419,0.013252232468504401,0.16870093674647998,1.4792767455916269e-06,NA,12,15,15,0.34843247550058676,0.14463966632505149
ENSG00000089091.16,DZANK1,1.0391016529964334,NA,0.2987574622716508,0.026358628343068513,0.041100508887304495,0.02759623655976965,NA,25,26,26,0.05555619285446413,0.14836091729045042
ENSG00000172986.12,GXYLT2,-1.0379446244079846,NA,0.2992958365123042,0.011391072903219928,0.12067657187441623,0.00017835179158331898,NA,36,38,38,0.010851568042424684,0.050298362652378116
ENSG00000188086.13,PRSS45,-1.0376769559908152,NA,0.2994204768129929,0.11563409727118851,0.30672937805270245,4.441294315070543e-12,NA,38,40,40,0.00020084668271415338,0.36087757234368856
ENSG00000105186.15,ANKRD27,-1.0361243718206175,NA,0.30014412344054797,0.02835754607284141,0.11193289708319673,0.00025564823354346525,NA,25,27,27,4.328951982121114e-06,0.12881064315029492
ENSG00000162623.15,TYW3,1.0348379849474199,NA,0.3007445802478367,0.0055805833640348995,0.0529932810162892,0.013037704843009413,NA,18,19,19,0.15056842481756808,0.1080059513413328
ENSG00000166037.10,CEP57,-1.033925839725786,NA,0.30117083402551237,0.006953788891476931,0.059997125607588735,0.009870883955279451,NA,18,18,18,0.004746351835937933,0.03467461611012219
ENSG00000281538.1,RP4-669P10.20,-1.031749478100334,NA,0.3021894923049321,0.0006526967568164191,0.041889853254251215,0.027904543113756862,NA,3,21,21,0.2592824555486134,0.03653419232813869
ENSG00000186474.15,KLK12,-1.0300466016083232,NA,0.30298813002392266,0.031200037715186774,0.2750924850365844,4.918657809440302e-10,NA,20,22,22,0.03234930586740689,0.1922276025051836
ENSG00000277149.4,TYW1B,1.0293876807967455,NA,0.30329753571001083,0.07035430056342129,0.4014782861663943,9.452506722831307e-15,NA,32,33,33,0.047516718551023615,0.0810321734773642
ENSG00000214078.12,CPNE1,-1.028841345429757,NA,0.3035542344860944,0.08468383078206673,0.4286735243102131,6.414543011772045e-16,NA,80,81,81,0.0031517034115405218,0.06280642559076585
ENSG00000268362.5,CTD-2017D11.1,-1.0284941440381306,NA,0.30371744403871603,0.19545606210309657,0.4055137420126525,1.463012455594576e-15,NA,40,40,40,0.008481170217286374,0.2702403006899945
ENSG00000105808.17,RASA4,1.0282991048320744,NA,0.303809152021976,0.015558225752309167,0.056412115723716925,0.0121072898251444,NA,21,21,21,1.4657179119731796e-09,0.1873900908749819
ENSG00000166206.14,GABRB3,-1.0267253077413523,NA,0.3045498289188582,0.02982044287067062,0.041819345841955305,0.03019475602310385,NA,38,41,41,0.05649525176614305,0.0804045317864247
ENSG00000141698.16,NT5C3B,-1.0262715969477791,NA,0.30476358147963345,0.01903914747228102,0.1150672005587216,0.00013952543631003686,NA,36,37,37,0.0882199428565547,0.062319394766134975
ENSG00000115419.12,GLS,-1.025973086721321,NA,0.3049042701319272,0.0015682107583596494,0.13371353865775204,7.961721607568281e-05,NA,3,4,4,0.031433279372774396,0.021384183532063915
ENSG00000205076.4,LGALS7,1.0255253575425958,NA,0.305115366859361,0.10852072284227667,0.4594383802534863,1.901191464232375e-18,NA,10,10,10,0.07470877568518021,0.13242426334934715
ENSG00000125337.16,KIF25,1.0248487126315577,NA,0.30543457745249936,0.11593628963470475,0.3082871377675405,7.650773662670313e-11,NA,73,78,78,1.1437185510248151e-07,0.3195757140733527
ENSG00000214941.7,ZSWIM7,1.0202464972065137,NA,0.3076115707144371,0.015346706844403762,0.09057155602874777,0.000932348037954226,NA,33,33,33,0.002240684459503722,0.08555785333588169
ENSG00000141639.11,MAPK4,-1.0195278195742965,NA,0.30795245280490213,0.006266803068720459,0.0954245728777526,0.0009235052747169086,NA,17,20,20,0.07337708316227563,0.047091712847367934
ENSG00000188629.11,ZNF177,1.019362101214259,NA,0.3080310915371647,0.016618510202314682,0.07638946086102284,0.002427306642045867,NA,19,20,20,0.004972914522731577,0.16297351365115614
ENSG00000182586.8,LINC00334,1.0180805306473548,NA,0.30863968695008126,0.0014149400007847422,0.03706922881943335,0.04171254814206197,NA,9,10,10,0.21567494281685906,0.11925115795655895
ENSG00000179583.18,CIITA,1.0148166231488152,NA,0.310193248243514,0.04272833293556426,0.06603977898071227,0.004188323849925119,NA,44,53,53,0.00016732016046207084,0.20903854541356084
ENSG00000006059.3,KRT33A,1.014458037219434,NA,0.31036424293539155,0.019065383189057674,0.1054852593327284,0.00014713226054778735,NA,11,11,11,0.28546686793308407,0.5468686951099312
ENSG00000177963.14,RIC8A,-1.0133481154831336,NA,0.3108939126904422,0.002214661556944223,0.05547574841633575,0.012869432221537731,NA,9,11,11,0.05272514531799217,0.06526967849414694
ENSG00000181634.7,TNFSF15,1.0124541483448086,NA,0.31132095936407045,0.028515455896909576,0.04753388449353232,0.020155887751080948,NA,44,49,49,6.553699321755959e-05,0.18875568551437505
ENSG00000117748.9,RPA2,-1.0121430932246076,NA,0.311469640581029,0.07525506240274597,0.3992508415083609,2.3929986291141683e-15,NA,12,12,12,0.16842131303121344,0.6319339509571775
ENSG00000108774.14,RAB5C,1.01193756018413,NA,0.31156790899354003,0.010085565247995466,0.07688282118296924,0.0030091398549490626,NA,48,51,51,0.0015355775330943696,0.10274084950113024
ENSG00000176155.18,CCDC57,-1.011246252911119,NA,0.3118985833119803,0.039667345006801566,0.22290801223788467,1.1016453443799471e-08,NA,55,58,58,0.02321865282158945,0.07346398033215333
ENSG00000127399.14,LRRC61,-1.0104634461188897,NA,0.3122733039551623,0.05354596955107161,0.17379431983154214,1.0287893205814443e-06,NA,45,50,50,0.0006366499112004701,0.106112133937787
ENSG00000214776.10,RP11-726G1.1,1.0096876241748243,NA,0.31264497359503174,0.17531664247359274,0.2604813354918813,4.733294432864146e-09,NA,101,107,107,0.0005366810658598887,0.19865048857592613
ENSG00000102967.11,DHODH,1.0092141639130112,NA,0.3128719352491287,0.0742728372966828,0.1265518411951969,4.038939335924555e-05,NA,29,32,32,5.597798196020863e-05,0.2201342530441525
ENSG00000125409.12,TEKT3,1.0087639668249755,NA,0.3130878458939659,0.0128066147240218,0.09727725211221222,0.00037319193301530324,NA,15,15,15,0.1560737229944591,0.14800191648190686
ENSG00000182782.7,HCAR2,1.005976116547792,NA,0.3144270590447298,0.01730397586377872,0.12227420683377901,0.00013689643530726765,NA,20,22,22,0.0002769302901407721,0.13316206867535255
ENSG00000147471.11,PROSC,-1.0040615237534067,NA,0.3153489597044926,0.01088541906659324,0.16370509993887966,2.4060487786377887e-06,NA,13,13,13,0.005255253507469111,0.136757653289101
ENSG00000129255.15,MPDU1,1.0040147542609485,NA,0.3153715020029294,0.0018450887670243578,0.06387638626692173,0.008027361494894416,NA,10,11,11,0.12014167954655416,0.03444748404575065
ENSG00000171903.16,CYP4F11,1.0023082945666049,NA,0.31619471771857444,0.07028359355252935,0.3387751494344172,5.800778573794939e-12,NA,11,12,12,0.17670003072947404,0.12268709948726862
ENSG00000181915.4,ADO,0.9957182012528845,NA,0.31938708398250915,0.00977626050519645,0.1121791306394992,0.00023797550384090473,NA,17,18,18,0.20073630792918762,0.16001027936152773
ENSG00000083099.10,LYRM2,0.995449619605365,NA,0.31951763576402614,0.016707162054535867,0.12294360461560602,6.016949041931684e-05,NA,29,29,29,0.024687775784091735,0.05135841318628556
ENSG00000204673.10,AKT1S1,-0.9954116927137734,NA,0.3195360740258575,0.032988826399680274,0.04244400829201573,0.0293221270378354,NA,52,57,57,9.593583303657494e-06,0.09223736623887267
ENSG00000135338.13,LCA5,0.9949450300162503,NA,0.3197630003458799,0.008316139723045918,0.04658679530805457,0.02316035750061143,NA,42,43,43,5.968663515260477e-06,0.048809395102401266
ENSG00000120860.10,WASHC3,0.9948608016375811,NA,0.31980396971302627,0.029007512071992318,0.17562527255732838,2.3458669919244467e-06,NA,17,18,18,0.07129791465020371,0.06168808161273701
ENSG00000131126.18,TEX101,-0.9933246591346803,NA,0.32055176417190945,0.006823403630943893,0.07051501423427185,0.004101250840369377,NA,13,14,14,0.0095082323447489,0.14432538934188496
ENSG00000180185.11,FAHD1,0.9911708474597954,NA,0.32160216306153044,0.0009003913434175303,0.13776031057208346,4.4938326193330765e-05,NA,13,15,15,0.21097608569460213,0.009655273846657571
ENSG00000115365.11,LANCL1,-0.9891172262147498,NA,0.322605790357159,0.006460650592428041,0.05444425161335063,0.014557657114474197,NA,6,6,6,0.1822247227005448,0.10270689246080562
ENSG00000107949.16,BCCIP,0.9886765027971622,NA,0.3228214427136782,0.0012303627807396858,0.037007619549182025,0.02710392945307006,NA,4,4,4,0.3165112926592194,0.023861442866600847
ENSG00000172803.17,SNX32,-0.9867115305972995,NA,0.3237840757581778,0.1160219550599555,0.37912072017605497,7.070738702331357e-14,NA,17,17,17,0.21921071636529899,0.22764920855124196
ENSG00000183426.16,NPIPA1,-0.986595594078336,NA,0.3238409310222825,0.1082818692833166,0.15739310934745646,6.947912233413621e-06,NA,36,41,41,0.03430944437383097,0.1880292042615874
ENSG00000197013.9,ZNF429,-0.9859364694817235,NA,0.324164289287891,0.07558886128344929,0.3168653908488977,1.3296128035553222e-11,NA,31,36,36,0.09321292598092856,0.06877943916803263
ENSG00000105131.7,EPHX3,-0.984922869641607,NA,0.3246619588368963,0.0008457122065888376,0.1077022050906022,0.00041767842695682547,NA,6,6,6,0.24172625830933814,0.014756247707227313
ENSG00000109576.13,AADAT,-0.9846885789914192,NA,0.32477706443246357,0.00721401969639463,0.061966796755474875,0.008405888346759855,NA,28,30,30,0.04385038224917614,0.11209371104600108
ENSG00000155542.11,SETD9,0.9834249337993562,NA,0.3253983436634338,0.1682526332676898,0.4483911099720987,2.0728767087567924e-18,NA,16,16,16,0.007755336097543909,0.4003004956098061
ENSG00000104518.10,GSDMD,0.9831531148959188,NA,0.3255320861277893,0.011739974497845947,0.15763154710661015,1.0149836316514627e-05,NA,14,15,15,0.1454671850152392,0.030932935881677462
ENSG00000274979.1,RP11-1143G9.5,-0.9828438011138974,NA,0.32568432059814634,0.010550431880361158,0.038055224702907064,0.04010941798198744,NA,12,13,13,0.07342891184478854,0.03123364068557708
ENSG00000283267.1,CTB-16J4.1,0.9813374068600184,NA,0.3264263818798415,0.004070062864810349,0.03935533875776005,0.033639775055454936,NA,15,16,16,0.0949339017614789,0.02653617008489108
ENSG00000168028.13,RPSA,-0.9810837303675012,NA,0.3265514528529453,0.01164631904340752,0.11210986796186173,0.0003126340654175975,NA,56,58,58,0.013118853125110302,0.10679510762019064
ENSG00000121933.18,TMIGD3,-0.9809228706202954,NA,0.3266307782037223,0.010766015824541918,0.1948213901492794,4.1799306514515784e-07,NA,10,11,11,0.04296517940405203,0.10703754403998963
ENSG00000166426.7,CRABP1,0.9799738873748076,NA,0.32709900850775275,0.170979817669154,0.10156901353514584,0.0004296407291800758,NA,114,125,125,1.9331691927192216e-13,0.7134563913657083
ENSG00000164144.15,ARFIP1,-0.9769054931638261,NA,0.32861594203874755,0.04451643572645313,0.21224402295478453,1.6012588930492141e-07,NA,45,50,50,2.806104180665592e-07,0.1494517015015681
ENSG00000248712.7,CCDC153,0.9763387562091465,NA,0.3288966201583363,0.024861819840457565,0.14537839011655845,3.2427291183035284e-05,NA,6,7,7,0.015662765503909572,0.12524754138919006
ENSG00000135953.10,MFSD9,0.9760199346471979,NA,0.32905458573961444,0.012642732189582834,0.06068825128469915,0.007473679487598647,NA,105,105,105,0.0031092396463884594,0.25402081518133474
ENSG00000277767.1,RP11-365P13.5,0.9752166695299513,NA,0.32945279511202485,0.14015073073851542,0.2596417705712193,1.0032496402640705e-09,NA,133,137,137,1.671153798946565e-06,0.2677058918433855
ENSG00000136824.18,SMC2,-0.9748089006896185,NA,0.32965506120600985,0.006738557138013725,0.09126158272902256,0.0009027538816440547,NA,31,31,31,0.0002123446385590934,0.019500342537526614
ENSG00000167720.12,SRR,-0.9746476701790345,NA,0.32973505876454223,0.04909112680826952,0.29315781332490176,2.5314078291040224e-10,NA,16,16,16,0.013994227557099888,0.08288614614820135
ENSG00000261794.1,GOLGA8H,-0.9740631114524826,NA,0.3300252040209767,0.0010534487810533331,0.048210477539418414,0.019108400908387398,NA,3,34,34,0.40077600595403273,0.08370570712712308
ENSG00000177994.15,C2orf73,-0.9728536968601983,NA,0.33062602061823987,0.058489341428936054,0.04993073432256077,0.014134190967536594,NA,67,69,69,1.6754670614267636e-10,0.12133174297419662
ENSG00000182307.12,C8orf33,0.9715691701710206,NA,0.33126492621148684,0.011970064220410175,0.07615498407783351,0.002764761994700255,NA,10,10,10,0.1542911676606842,0.033246862108045734
ENSG00000198203.9,SULT1C2,0.9705819655134003,NA,0.33175649020766207,0.039362490356488825,0.32902803570976435,1.120563538067272e-11,NA,28,29,29,0.0005445223284809841,0.07517945127612033
ENSG00000180739.13,S1PR5,0.9641192361239727,NA,0.3349861495916019,0.0018329732790391016,0.052846329918599305,0.015105670079916388,NA,7,7,7,0.33857221034533447,0.054164296064113306
ENSG00000164048.13,ZNF589,0.9640392881907675,NA,0.33502622888485967,0.06024480856198273,0.2137706170586376,3.3646220239756434e-08,NA,39,42,42,0.02519652107185277,0.08014882811335552
ENSG00000131477.10,RAMP2,0.9625235236552615,NA,0.3357866925564965,0.001276512058780388,0.042960717988465576,0.02881627683279013,NA,6,9,9,0.29653661657337715,0.051608938796565834
ENSG00000109180.14,OCIAD1,0.9605138151476634,NA,0.3367966813641975,0.03303274474983915,0.14796122664150507,7.101686793114471e-06,NA,98,100,100,0.0465010937800084,0.07417641274103826
ENSG00000188396.3,TCTEX1D4,0.9598553017753848,NA,0.3371280449705081,0.012166434819075728,0.06410585902656406,0.007562577139098034,NA,11,11,11,0.049505394268653684,0.07555912589455159
ENSG00000178934.4,LGALS7B,-0.9585685967586498,NA,0.33777611893925175,0.04021459360918242,0.3048628970121131,7.1567007619259456e-12,NA,36,38,38,0.17580405541625144,0.10296990949986808
ENSG00000128699.13,ORMDL1,0.9582680367747897,NA,0.3379276170507719,0.033476793304206096,0.2010904821039992,2.9551420674570487e-07,NA,28,28,28,0.09919728481370729,0.03192469255011048
ENSG00000137860.11,SLC28A2,-0.9579965494673862,NA,0.33806449850996756,0.08999636752237332,0.23691662318593956,9.60258636717451e-09,NA,74,75,75,5.0018836453192325e-06,0.18678276458437776
ENSG00000171045.14,TSNARE1,-0.9579531971392982,NA,0.33808635966074974,0.05712241460091819,0.10313255413633124,0.00021732017019449507,NA,70,75,75,0.0001100778726982195,0.2069932686216497
ENSG00000169203.16,NPIPB12,0.9566573736381807,NA,0.3387402198933652,0.0347659370426451,0.08364300985821578,0.0016973196337837966,NA,13,14,14,0.006487557347320182,0.06884904574598474
ENSG00000163624.5,CDS1,0.9561807928434665,NA,0.3389809020431792,0.003602963235581005,0.05760033046066626,0.00921033976144563,NA,41,41,41,0.07505251823540646,0.03779473889353674
ENSG00000165995.18,CACNB2,-0.9559248144241365,NA,0.33911022118372514,0.003885042128838303,0.05458668603876945,0.012652528963242484,NA,14,14,14,0.004367583896283614,0.0516321925298567
ENSG00000107020.9,PLGRKT,-0.9555434995605371,NA,0.3393029184145441,0.0336327440673577,0.09530897058152554,0.0007048632656197201,NA,44,46,46,0.053450569728596575,0.18329875782813665
ENSG00000104980.7,TIMM44,0.9551676125888772,NA,0.3394929413957366,0.008788647546242407,0.14979566809390105,1.4130825628028146e-05,NA,10,11,11,0.15360352324591522,0.03983787690080544
ENSG00000106330.11,MOSPD3,0.9545840113306726,NA,0.3397881058610581,0.004391261693808433,0.10095284882803113,0.000652362640956359,NA,21,23,23,0.0008697332922256931,0.08641694403023288
ENSG00000101158.13,NELFCD,-0.9516060561256067,NA,0.3412968090009352,0.117856749146752,0.2806589492327448,7.194060127125978e-10,NA,79,91,91,4.972870312055919e-07,0.25937713447163546
ENSG00000255837.1,TAS2R20,0.9512000303747776,NA,0.3415028430320286,0.006844007868270326,0.14854663069118726,1.2179240886644099e-05,NA,10,30,30,0.10338267444694621,0.058508637800680226
ENSG00000171408.13,PDE7B,0.9511345587918469,NA,0.34153607343590664,0.0227849890562212,0.03501198421279141,0.0461956821584638,NA,38,40,40,3.956842172377341e-05,0.10574867694089307
ENSG00000100300.17,TSPO,0.9511088552199758,NA,0.3415491199680478,0.005746929119761528,0.04255476129767833,0.02705744310952664,NA,27,30,30,0.01719759516336437,0.08993131011361775
ENSG00000111364.15,DDX55,0.9505889514575053,NA,0.34181307943314543,0.022765725868830897,0.1396468863505602,4.867886250121377e-05,NA,41,42,42,0.0017968020043128568,0.1060103544689768
ENSG00000147457.13,CHMP7,-0.9482132434909357,NA,0.34302090644417704,0.00929752364011048,0.06275344297215064,0.007698184630936622,NA,9,9,9,0.12283879218111134,0.05996376516264393
ENSG00000126368.5,NR1D1,0.9481066902302934,NA,0.34307514271814543,0.014610485398432953,0.05057255451474405,0.012990382768475129,NA,12,12,12,0.05659171897262933,0.6524712050960596
ENSG00000260135.6,RP11-212I21.2,-0.9475829953622993,NA,0.3433417863153858,0.05978220296072019,0.2131770464595979,3.512513103877072e-08,NA,31,31,31,0.12959848902965598,0.12722568489547534
ENSG00000174227.15,PIGG,0.9459054553336934,NA,0.3441968107540021,0.007309724791876596,0.08202623956581999,0.0018188000668905567,NA,15,15,15,0.286276020868522,0.032427944111885536
ENSG00000077942.18,FBLN1,-0.9449188940827801,NA,0.34470028470031255,0.003010593221897803,0.037508148363555295,0.036598228806697324,NA,3,3,3,0.31062828978412094,0.04039009061435269
ENSG00000153246.12,PLA2R1,-0.9443835626677197,NA,0.34497367807663604,0.06912597781025773,0.08590831767123627,0.0018730434043069985,NA,116,119,119,1.2142079913707016e-05,0.4985360268117594
ENSG00000120915.13,EPHX2,-0.9431245879754281,NA,0.3456171804371023,0.05013912424874806,0.23251245160760484,4.246694116805957e-08,NA,48,50,50,7.293257906975125e-17,0.06541331504947492
ENSG00000113946.3,CLDN16,-0.9424805132332894,NA,0.3459466833187146,0.027745261638062613,0.19291329438688504,4.7043056525252143e-07,NA,16,20,20,0.2065681412557948,0.06948456796279144
ENSG00000157578.13,LCA5L,-0.941789436278305,NA,0.3463004546242894,0.15333741858201383,0.33397934962113657,7.224641215465894e-13,NA,22,23,23,0.003065771758310386,0.17812716386062385
ENSG00000246898.1,LINC00920,-0.9401619590806436,NA,0.34713449129096496,0.04949494649398012,0.1354872341022185,6.798834931982514e-05,NA,41,45,45,0.00015275334266100875,0.1361596684020359
ENSG00000156017.12,CARNMT1,0.9380350101720447,NA,0.3482264184366658,0.017137790206081832,0.09139182112224667,0.0011873016546337213,NA,111,115,115,3.143067223251321e-08,0.06378899042808657
ENSG00000229694.6,LINC00484,-0.9367109990811605,NA,0.3489072368863202,0.06581921343747943,0.09067147502407497,0.001234277976863012,NA,46,50,50,0.0002535707521467489,0.3297652802046433
ENSG00000103932.11,RPAP1,-0.9364932850393931,NA,0.3490192683018267,0.012487677093100797,0.13316298591293152,8.461553084200246e-05,NA,8,9,9,0.011665876322910143,0.05073314685272212
ENSG00000117477.12,CCDC181,-0.9354939968629328,NA,0.3495337756288478,0.02873793340322538,0.11860191487024607,0.0001859894922442515,NA,77,82,82,0.0155517923697003,0.06236392324648288
ENSG00000182004.12,SNRPE,-0.9350887287138197,NA,0.3497425747452979,0.01828817092116033,0.0360338602774954,0.048168635655025036,NA,49,52,52,0.0005841271982988111,0.11393612667160287
ENSG00000164403.14,SHROOM1,-0.9325570484687331,NA,0.35104871867376475,0.022449105661952996,0.03297935483896103,0.04920065973792556,NA,24,24,24,2.7555720528687356e-05,0.15739701615369314
ENSG00000142657.20,PGD,0.9316730170871054,NA,0.35150553526922823,0.005206600297019873,0.10102667383840597,0.0004965701658928413,NA,18,20,20,1.0591039884856541e-11,0.19727078036108453
ENSG00000197888.2,UGT2B17,0.9305330026077087,NA,0.35209518487691915,0.12375856383524825,0.08233189354327515,0.0021515472641768603,NA,78,86,86,0.0019370927594065694,0.4690781970723255
ENSG00000116157.5,GPX7,0.9304250607048654,NA,0.3521510480955725,0.023765735855181824,0.17864432090826435,1.257165496865221e-06,NA,11,11,11,0.22429161328393055,0.17105557947499364
ENSG00000163875.15,MEAF6,0.9291097880154134,NA,0.3528321924088056,0.0468857675764304,0.2088250764112051,3.0787289561791137e-07,NA,64,68,68,1.699137837178893e-08,0.17998688917414574
ENSG00000168385.17,SEPT2,-0.9279685002336148,NA,0.35342390954237624,0.057633511296149284,0.2234626710573933,1.1560718877745678e-08,NA,23,24,24,3.381679177481784e-07,0.2685816718367113
ENSG00000267002.2,RP11-242D8.1,-0.9252292151074549,NA,0.3548466897713257,0.0014070053478344741,0.08368508419857751,0.0015780158380788534,NA,17,17,17,0.242313864608391,0.02354433644432528
ENSG00000143771.11,CNIH4,-0.9249402174027976,NA,0.35499700528754874,0.012834262017803737,0.19332574444769826,2.8458216192676075e-07,NA,26,27,27,0.0003104282250814703,0.041819927004777234
ENSG00000251226.1,RP11-469N6.1,0.9248269039996713,NA,0.35505595361802433,0.060394569637704634,0.2271740066556177,5.090376039750709e-08,NA,13,18,18,0.3062723371644275,0.1862178896618336
ENSG00000156171.14,DRAM2,0.9245973198987562,NA,0.35517540767263656,0.03148549426475749,0.3167066927653183,2.7788760724365827e-11,NA,9,9,9,0.20161038756581828,0.07872583577431644
ENSG00000005020.12,SKAP2,-0.9242025570831687,NA,0.3553808645441543,0.022448582993406074,0.048515676019291055,0.016721291137396066,NA,74,75,75,0.0072235135268460164,0.09832415836017296
ENSG00000257431.1,RP11-263K4.3,0.924193145793527,NA,0.3553857636259916,0.11254652953174427,0.4144292046955966,3.7985695923955045e-15,NA,57,59,59,0.0196539926899769,0.3645507036343548
ENSG00000249685.1,RP11-360F5.3,-0.9226237466184148,NA,0.35620331618008727,0.05237834013929447,0.09006653795631407,0.0012307696030364336,NA,69,69,69,7.653292077322568e-05,0.1240544917330894
ENSG00000147862.15,NFIB,-0.922337391122978,NA,0.3563526161460936,0.011846412553550456,0.09762180242987913,0.0006399541660551043,NA,16,19,19,0.03210648401536323,0.059193326367169376
ENSG00000158865.12,SLC5A11,-0.9215303829467192,NA,0.3567735860723843,0.2779243949320678,0.5340588967785255,9.56437362485234e-22,NA,88,88,88,0.00032880809976785645,0.4442625905095923
ENSG00000127463.13,EMC1,0.9169123114533251,NA,0.35918859204272713,0.005734055723542464,0.11036987658653664,0.0003062248266995285,NA,13,13,13,0.07186851419981191,0.025852602314442055
ENSG00000149554.12,CHEK1,-0.9166110700920543,NA,0.35934648139032677,0.0404811644723473,0.0777493620861209,0.0026974355326956512,NA,89,92,92,0.0013939566319188823,0.13663795326984696
ENSG00000225783.6,MIAT,-0.9164029697414373,NA,0.3594555782934249,0.037887637121924125,0.1382294986682728,4.606148519978354e-05,NA,43,46,46,0.004217978426981956,0.1059793607733865
ENSG00000175449.13,RFESD,0.915390105431397,NA,0.3599868709189674,0.07204506269553541,0.051647125237694616,0.015013488805158596,NA,37,39,39,0.007827664338058664,0.6551655450648692
ENSG00000172955.17,ADH6,-0.9102247121520782,NA,0.362704014085641,0.03805490990838406,0.1250397517494423,9.787643314822403e-05,NA,40,41,41,0.0015902844323379347,0.18774194117929255
ENSG00000188493.14,C19orf54,-0.9088096638381734,NA,0.36345060457582956,0.02685755785395355,0.09072315823828636,0.0012097484686071347,NA,57,59,59,0.06827047195717657,0.2046923275207872
ENSG00000197915.5,HRNR,0.9072812151438027,NA,0.3642581052943905,0.00875296642511227,0.1084188407404197,0.0003895375831061855,NA,3,3,3,0.2060329106501485,0.09492088119554293
ENSG00000186897.4,C1QL4,0.9065167966334396,NA,0.36466237860765616,0.013114701738089818,0.07698916814532962,0.003018477397666627,NA,54,58,58,0.0003645632443322305,0.2335179434703039
ENSG00000145147.19,SLIT2,-0.905405448442769,NA,0.3652506303584272,0.06312029558280181,0.04259577455127648,0.025110932238214145,NA,169,172,172,0.0009978618759473104,0.2680012512322612
ENSG00000239474.6,KLHL41,-0.9044136931518496,NA,0.36577608000651896,0.09482329260971599,0.07555316032228106,0.0032042058738056896,NA,59,59,59,9.03590715297651e-12,0.3604096563060667
ENSG00000197253.13,TPSB2,-0.9034419187679569,NA,0.3662914007775525,0.026106344059731848,0.04010105525615043,0.03425676368796199,NA,17,18,18,0.07890466878893616,0.12031438041154212
ENSG00000197016.11,ZNF470,-0.903345570566309,NA,0.3663425177839591,0.002699196176418269,0.04566269432190965,0.021395192586831698,NA,5,5,5,0.30292345691765576,0.017564117220251006
ENSG00000162191.13,UBXN1,-0.9024836852833845,NA,0.3667999841697477,0.006920077476214236,0.044087879147181736,0.023664640384189625,NA,20,21,21,0.0019287259285856939,0.043071444972216634
ENSG00000126602.10,TRAP1,0.9009960556762229,NA,0.367590416854391,0.01934505941448246,0.0682470012452185,0.005173639061308842,NA,12,14,14,0.03758558723922111,0.12902070393757628
ENSG00000171680.21,PLEKHG5,0.8997977890937889,NA,0.3682278711644261,0.002973689573582226,0.04016667427611773,0.032808657850630314,NA,10,13,13,0.2019058322055869,0.08323178349377673
ENSG00000244693.1,CTAGE8,0.899012985144522,NA,0.36864574416404505,0.050500975345830215,0.12212632455230407,0.00014154920103314942,NA,42,44,44,0.005744980611307734,0.16988755998786226
ENSG00000174007.7,CEP19,-0.8985210582521819,NA,0.36890782360784713,0.0052501994137006906,0.06122404767182304,0.007583762305334876,NA,4,5,5,0.007227138320149496,0.0956626876720314
ENSG00000228421.2,AC005013.5,0.8981209552969354,NA,0.3691210682865147,0.06007990774739727,0.2170264300057048,3.577334373329372e-08,NA,15,15,15,0.008017020054467984,0.08145876859653285
ENSG00000221949.5,LINC01465,-0.8978327860944539,NA,0.36927470260644,0.001724297388271393,0.037512838473345744,0.03964600808617992,NA,2,2,2,0.35154979825774213,0.06667551921783718
ENSG00000065000.15,AP3D1,0.8971921887683725,NA,0.3696163726117734,0.007653390415381738,0.03599835965958289,0.043522289155122885,NA,27,34,34,0.010861344919510945,0.14530945945265614
ENSG00000182175.13,RGMA,-0.8953986511891375,NA,0.3705740214281956,0.013557815005516427,0.058085418043954874,0.01012487582359435,NA,11,12,12,5.411341174146598e-06,0.19611215437799104
ENSG00000036448.9,MYOM2,0.8948837129890422,NA,0.3708492540591666,0.032651709067966043,0.061185235705022024,0.009384111628891058,NA,17,21,21,2.452796330050409e-14,0.12103610793687487
ENSG00000072858.10,SIDT1,0.8946445729552616,NA,0.37097711669202516,0.009328575583392252,0.08552275082239955,0.001872884925261139,NA,13,13,13,0.0034318953931635142,0.05695964462286195
ENSG00000198816.6,ZNF358,0.8927617401221447,NA,0.3719847793213157,0.022493333918177816,0.049043986666290805,0.01747507549206119,NA,85,90,90,0.00018874064164261378,0.07413746899997406
ENSG00000104332.11,SFRP1,-0.8927343456152647,NA,0.3719994529457761,0.004557280381439766,0.05507864073035646,0.01113498182620315,NA,16,17,17,0.01776384495046279,0.07566658232975472
ENSG00000204856.11,FAM216A,-0.8919822132169837,NA,0.3724024661648695,0.0064695241072582725,0.07551929658165911,0.002135643566326309,NA,17,18,18,0.16712505629524566,0.08335413823536683
ENSG00000112530.11,PACRG,-0.8900313539194594,NA,0.37344905067157985,0.0737419940951149,0.15085857383853546,1.6336841328249385e-05,NA,48,48,48,0.003734129686978646,0.16353143372573442
ENSG00000139971.15,C14orf37,-0.8896890529997231,NA,0.3736328736623594,0.005088099140227995,0.03541557193974807,0.04749190165792786,NA,9,10,10,0.26513966343186857,0.04610446262593206
ENSG00000261037.1,CTC-471C19.1,-0.8894137594335924,NA,0.37378075287888723,0.09490771732845907,0.06269749234393768,0.00817946410933925,NA,72,75,75,0.0010396388345760787,0.3349578211630325
ENSG00000237248.4,LINC00987,-0.8863753463644463,NA,0.37541529964688236,0.007699178733438278,0.06094394197698357,0.008460884079506266,NA,12,14,14,0.06491520162314045,0.14796546755785478
ENSG00000009780.15,FAM76A,0.8863563267195211,NA,0.37542554535438566,0.005044148380426413,0.034403068222601384,0.047870989870378224,NA,15,15,15,0.19794198662987184,0.02853913764118968
ENSG00000151725.11,CENPU,0.8846401511373254,NA,0.3763507441704742,0.018922618760939,0.24499739015392846,1.4096532060566088e-08,NA,12,12,12,0.02549710307990777,0.05252987910775715
ENSG00000185361.8,TNFAIP8L1,0.8840391814847354,NA,0.3766750622495546,0.01887610560283977,0.043564801688789526,0.02556816683210673,NA,19,20,20,0.028421562588380262,0.09753321190991647
ENSG00000131845.14,ZNF304,-0.8837379417852719,NA,0.37683769351180596,0.01682100964142563,0.11567643972188164,0.00013980037269223063,NA,16,17,17,0.014599871746251492,0.07368126627451775
ENSG00000167657.13,DAPK3,-0.8836466748115955,NA,0.376886974658478,0.018437279829612283,0.14443162812797133,2.379182422025477e-05,NA,44,53,53,9.444146599736218e-08,0.07224618120699043
ENSG00000101444.12,AHCY,-0.88363202644886,NA,0.37689488465994236,0.003092917110061056,0.043756410422171016,0.028880952402171717,NA,3,3,3,0.2835427210885225,0.06574143584440227
ENSG00000027001.9,MIPEP,-0.8822366881631347,NA,0.3776488257638305,0.028627752168878556,0.13694556767785068,5.4236103083672665e-06,NA,20,22,22,0.26342989499363756,0.24542936039853586
ENSG00000229921.6,KIF25-AS1,-0.8813739574011387,NA,0.3781154484553676,0.05179397842540881,0.16963444551867002,3.0411755960111078e-06,NA,15,15,15,0.0006144888381919425,0.21678937492784114
ENSG00000142459.8,EVI5L,0.8801029132702749,NA,0.3788035610836792,0.008477716202606862,0.06352108103739458,0.007086549915034829,NA,22,25,25,0.00256184996388938,0.09740080947924944
ENSG00000249664.1,CTD-2227C6.2,0.8771821473943362,NA,0.38038771124297055,0.14975443307527367,0.2999001714090175,5.831100244954662e-11,NA,79,81,81,0.0068303865887575825,0.10927669708309383
ENSG00000134717.17,BTF3L4,0.8768131772657606,NA,0.380588120564866,0.00560383151872494,0.07857288294336659,0.003056253350704145,NA,26,26,26,0.0009446663128684821,0.038954609545280336
ENSG00000249731.1,RP11-259O2.3,-0.8763887148410411,NA,0.3808187512168122,0.15796781760247353,0.5087668302772062,3.219796516999356e-22,NA,25,25,25,0.041969587624084884,0.0938435548571034
ENSG00000256574.6,OR13A1,0.8755805535938812,NA,0.38125810092741985,0.040615838285815185,0.12339417826030045,7.435468626650685e-05,NA,58,67,67,0.17248688861024308,0.07298379431511667
ENSG00000263001.5,GTF2I,-0.8754279371748728,NA,0.3813411044056597,0.003955756396466554,0.1341844364328425,1.7446410560656797e-05,NA,12,13,13,0.07601569220097915,0.03446017038240677
ENSG00000145730.20,PAM,-0.8738549938371605,NA,0.3821972270629894,0.006828544856853936,0.1258184777129721,8.948104796244599e-05,NA,12,12,12,0.06481382343539173,0.16214539264604785
ENSG00000132321.16,IQCA1,-0.8735103705297057,NA,0.38238495614862245,0.03142631913114494,0.06585234334334505,0.005907491827447366,NA,43,44,44,0.00169386777784733,0.19306258058267092
ENSG00000165985.9,C1QL3,0.8733007057386185,NA,0.3824991959834054,0.24116012403832565,0.362918969629198,4.32889889440725e-13,NA,107,115,115,0.00020331223292515725,0.40485437335599983
ENSG00000123453.17,SARDH,0.8730609738628471,NA,0.3826298440732985,0.008017901032444243,0.10417270338123344,0.0004223954758586657,NA,9,11,11,0.3124366427424411,0.061630571172793476
ENSG00000116791.13,CRYZ,0.8720936723370212,NA,0.38315727784608744,0.07355672132432084,0.12049514948935355,0.00015042187054912194,NA,45,50,50,5.613908422759707e-07,0.1951665189409293
ENSG00000112078.13,KCTD20,0.8697579402095286,NA,0.3844327011153168,0.0036728316185853406,0.0683619132986547,0.004512591191742404,NA,3,4,4,0.37997683084723166,0.11423901522612408
ENSG00000178338.10,ZNF354B,0.8692886935049928,NA,0.3846892455536448,0.013269475605647387,0.04080111679572333,0.02984304980656115,NA,21,24,24,0.04375038360773971,0.1072319768614585
ENSG00000139190.16,VAMP1,-0.8685408593654278,NA,0.38509831437617437,0.019570318930222284,0.1360191622599939,7.006364165156478e-05,NA,45,48,48,0.006005697715764763,0.05225121872915964
ENSG00000198468.7,FLVCR1-AS1,0.8685119129840673,NA,0.385114153527478,0.16650906633306767,0.3920349558805757,1.7257936619389358e-14,NA,57,57,57,0.011345021988987167,0.10739538437428944
ENSG00000184860.9,SDR42E1,0.8682918548583985,NA,0.3852345800083996,0.0007833955807442793,0.036159877083594416,0.0426426772537089,NA,1,1,1,0.3852345800083995,0.1552729027822405
ENSG00000179588.8,ZFPM1,0.8680701465969798,NA,0.3853559327957864,0.010633205765881584,0.11370275918725875,0.00029109416358209816,NA,12,13,13,0.21143692664518154,0.0721201776023198
ENSG00000015592.16,STMN4,0.8673019826268139,NA,0.38577657066740223,0.043898266153456975,0.10129375772272674,0.0005086472708464059,NA,65,65,65,3.19402573340985e-05,0.2555446664225327
ENSG00000111615.13,KRR1,-0.8665073314633038,NA,0.38621200762578145,0.02267187648222873,0.1106450990935128,0.00027024566924260373,NA,45,48,48,4.369630806629397e-05,0.06753565067936311
ENSG00000171777.15,RASGRP4,-0.8660722707561632,NA,0.3864505304998159,0.03292555977570476,0.2394799908437885,1.9547238501953067e-08,NA,47,53,53,0.03603070536767636,0.09538444644294182
ENSG00000146574.15,CCZ1B,-0.8648693517620291,NA,0.38711050100625877,0.19563897516052375,0.4509139189499205,2.1392411446446994e-17,NA,57,63,63,9.437968827581185e-07,0.21610367241780867
ENSG00000270607.1,RP11-359E10.1,-0.8647082406865892,NA,0.3871989452954132,0.04136262122210939,0.05315985493254954,0.014733125335278475,NA,40,47,47,0.029883967382088223,0.5778359433160333
ENSG00000113924.11,HGD,-0.864420968223791,NA,0.38735667830358844,0.0035427407293714096,0.0447180706601819,0.02478745688267956,NA,7,7,7,0.37028315068132966,0.017622615244761795
ENSG00000165568.17,AKR1E2,-0.8642516540994419,NA,0.3874496621451353,0.05449967728041326,0.0561631651154457,0.010252209469708477,NA,57,62,62,0.02349504878958834,0.1564641873273413
ENSG00000267079.1,RP11-820I16.1,-0.8635816310508767,NA,0.3878177585128173,0.16246510402416497,0.3903842909363052,2.5659990167922183e-14,NA,48,52,52,0.0039271129681411965,0.20005416755452848
ENSG00000237604.1,AP001056.1,-0.8634307391905032,NA,0.38790068467545014,0.026599851652802722,0.07505019808519814,0.003389101562826203,NA,20,24,24,0.029764038318445783,0.24658438538129065
ENSG00000099937.10,SERPIND1,-0.8609485476242993,NA,0.3892663817244064,0.08062947009090309,0.25629755882472305,8.751808712714558e-09,NA,45,51,51,0.0002399833289408404,0.11067673612086064
ENSG00000197520.10,FAM177B,-0.858340571719062,NA,0.3907044325367931,0.0012649352084875818,0.03636928782304283,0.0461004782918688,NA,3,3,3,0.35113871909436045,0.017586445700322303
ENSG00000151498.11,ACAD8,-0.8574841777340384,NA,0.3911773554263763,0.061325931215542875,0.10997349517098763,0.0002021836571523745,NA,20,25,25,0.0003789281309459607,0.1732603552645786
ENSG00000152760.9,TCTEX1D1,0.8570617226082502,NA,0.39141077402909485,0.031171801742797912,0.20380616794755213,3.304129295070618e-07,NA,24,27,27,0.001741188128516886,0.028263893821297383
ENSG00000138744.14,NAAA,-0.8550016098010851,NA,0.39255025655578113,0.1459219941335621,0.3180872640238752,2.154383442062684e-11,NA,76,79,79,0.059995933266915005,0.1299459164277676
ENSG00000134809.8,TIMM10,-0.853571882982667,NA,0.39334224307520893,0.057054127505269656,0.3394329440001064,1.796303882446761e-12,NA,33,34,34,0.00014573954943078926,0.10490423630380574
ENSG00000164039.14,BDH2,-0.8527178607064029,NA,0.3938157837592944,0.024999211316610953,0.2306547751857423,1.5676499747759433e-08,NA,14,14,14,0.1880982376896736,0.11513005462895565
ENSG00000251584.1,RP11-440I14.3,-0.8527114826713141,NA,0.3938193215681276,0.03126220467977151,0.13893952756533484,3.135636225843784e-05,NA,12,13,13,0.00011276286572310849,0.1313573415757475
ENSG00000173272.15,MZT2A,-0.8526053471386867,NA,0.39387819632060084,0.05744672644984648,0.3842708406186147,7.342296574613374e-15,NA,31,43,43,0.00011664056124747972,0.11129647032947404
ENSG00000043462.11,LCP2,-0.8503819835947081,NA,0.3951127493916643,0.008646348824467527,0.0356982231084667,0.04437017952215976,NA,37,43,43,0.0016704157229788538,0.2902919842849783
ENSG00000236209.1,AC104135.2,-0.8500199466167475,NA,0.3953139966234255,0.12041095475853389,0.34395659300523385,1.0527883500713086e-12,NA,20,22,22,0.06132267173554623,0.3524477632956056
ENSG00000167601.11,AXL,0.8496377904204011,NA,0.39552649482152014,0.0035034328134178295,0.04960753573283243,0.01988345428641464,NA,13,17,17,2.1938481107611137e-08,0.03988069473786425
ENSG00000157349.16,DDX19B,0.8483708869837231,NA,0.39623145083482303,0.022731545072392126,0.1105419474539492,0.00027115770207294926,NA,21,28,28,0.0011493056695004683,0.2600022799196311
ENSG00000134463.14,ECHDC3,-0.8479242299510662,NA,0.39648016953505816,0.05156333488090985,0.1958611376451181,2.9051008741458893e-07,NA,67,70,70,0.0006988913221058186,0.2395908814667245
ENSG00000267838.2,AC008746.12,0.8473697865653403,NA,0.39678903957951717,0.004707245241064953,0.1250810676853468,6.252554399143999e-05,NA,15,24,24,0.001546584344736586,0.06798636895528717
ENSG00000068383.18,INPP5A,-0.8472634931566551,NA,0.39684827023161595,0.0022923382777088296,0.09959700487689624,0.0006964228464465699,NA,5,6,6,0.08965936200797833,0.028720510997916338
ENSG00000188295.14,ZNF669,-0.8468954427819763,NA,0.3970534028419639,0.01439022737702161,0.07165777486312326,0.003851781475146087,NA,13,15,15,0.11909908515112803,0.11129221524897442
ENSG00000268836.1,LA16c-OS12.2,0.8468881857548793,NA,0.39705744818369393,0.04456395142993027,0.11577848331154925,0.0001875706449716545,NA,12,14,14,3.591335468179744e-07,0.1545901263877004
ENSG00000272777.1,RP11-571L19.8,-0.8449371094741979,NA,0.39814595368713734,0.00979566682628611,0.06478575973308105,0.004385561641550263,NA,15,15,15,0.20737515572261656,0.09119178322000693
ENSG00000151090.17,THRB,0.8433806984288432,NA,0.39901556324652687,0.011078165232027714,0.036038897945231116,0.04444529306137165,NA,22,23,23,0.008051032430379603,0.11861061866268575
ENSG00000270154.1,RP11-419I17.2,0.8421273511737695,NA,0.39971667304828373,0.06898254184852648,0.16954928930929328,5.075949118294222e-06,NA,42,48,48,4.408251219623999e-05,0.1310160042374061
ENSG00000178980.14,SELENOW,-0.8418223408014898,NA,0.3998874047979011,0.023322831950696635,0.2412573534032845,3.1789914898122555e-08,NA,8,8,8,0.11075659476214189,0.09060210617245262
ENSG00000111752.10,PHC1,0.8397424187321475,NA,0.401052824773127,0.008615098559722551,0.034498514289746776,0.046763857829158234,NA,32,36,36,0.00821341039439354,0.17992469368253405
ENSG00000259124.1,RP11-187O7.3,0.8393419430816019,NA,0.4012774528573707,0.19642781940702433,0.18149890302581434,1.080121324393825e-06,NA,98,104,104,0.0034306146897252654,0.3973872321412999
ENSG00000009413.15,REV3L,0.8392782467212009,NA,0.4013131873125344,0.015296099707842079,0.042926753806542185,0.02629712323126569,NA,38,38,38,0.01026819207117911,0.15595681398058914
ENSG00000163568.14,AIM2,-0.837337787074307,NA,0.40240272483133444,0.004871993008714885,0.07082793746531307,0.004234261207030929,NA,11,14,14,0.024167927538654023,0.13978414968728842
ENSG00000100211.10,CBY1,-0.8357630870374131,NA,0.40328819642725555,0.014411396198544302,0.19062979888288614,1.4436539193863737e-06,NA,14,14,14,0.00047074689663290515,0.11802657377869982
ENSG00000137103.16,TMEM8B,0.8352032137712219,NA,0.4036033005220343,0.012515250714140428,0.1447487935308548,1.7193479032263607e-05,NA,17,18,18,0.002807045018126847,0.052711431288553934
ENSG00000185619.18,PCGF3,-0.8311588661422464,NA,0.4058838886838194,0.14616821358639048,0.488701888140249,1.2763355800624086e-19,NA,18,22,22,6.7061133567844955e-06,0.2696290967464557
ENSG00000140575.12,IQGAP1,-0.8298822194436265,NA,0.40660537873778646,0.006101966909290475,0.06992726839683377,0.002618385042154318,NA,24,24,24,0.021454058626634288,0.034427905652142425
ENSG00000254333.1,NDST1-AS1,-0.8290874470424219,NA,0.4070549263993669,0.06604916390632076,0.1132942904352576,0.00022531476986926925,NA,8,8,8,0.0009115065986701239,0.37371250946816015
ENSG00000106404.13,CLDN15,-0.8289763716002175,NA,0.40711777768081425,0.01254862629323934,0.16803541299020244,4.708000741208309e-06,NA,16,16,16,0.28010240252256335,0.06863930161856517
ENSG00000121691.4,CAT,-0.8288615836655001,NA,0.40718273573176234,0.03167674860940294,0.06098657733266912,0.008349142623758209,NA,42,45,45,2.043082731425373e-06,0.20029406762993546
ENSG00000188626.6,GOLGA8M,0.8280301874394399,NA,0.4076534041417067,0.005011554634767994,0.21329246107893146,1.5580688049707462e-07,NA,18,41,41,0.0022358940848123537,0.11591087438020295
ENSG00000189182.9,KRT77,0.8267234418119105,NA,0.40839383147707164,0.003162479522811498,0.055198718454242415,0.012654609490176657,NA,3,3,3,0.40682890909590996,0.1295620893193237
ENSG00000247157.6,LINC01252,0.8256995556996735,NA,0.4089745443813396,0.07463103901542183,0.15924684739971198,1.1032230265972026e-05,NA,72,90,90,4.183181172430988e-05,0.17144895822300285
ENSG00000139055.6,ERP27,0.8244514601308028,NA,0.4096830854005966,0.03775137837785636,0.3046559862376219,1.2450540895573162e-10,NA,23,34,34,0.039312515638000776,0.1587830874146877
ENSG00000188211.8,NCR3LG1,0.8240537679973641,NA,0.40990900758681714,0.022679344349853872,0.15737220153366074,8.50311235698515e-06,NA,12,13,13,0.3102528068341547,0.04570703765254767
ENSG00000084072.16,PPIE,0.8210410288404334,NA,0.4116228983697644,0.2485443475287631,0.6078628571887226,4.0476930291712515e-28,NA,15,17,17,0.10266033297992004,0.11685128324438886
ENSG00000180884.9,ZNF792,0.8209921314855657,NA,0.41165075017647557,0.005124467982906026,0.03655999999590654,0.04067818279621432,NA,11,11,11,0.2730113974895002,0.05979429336745056
ENSG00000277135.1,RP11-327J17.9,0.8208159441474766,NA,0.4117511153005551,0.003336848522156073,0.1553766977444164,5.870415874103683e-06,NA,4,4,4,0.18717688209635297,0.040799608833054085
ENSG00000122548.5,KIAA0087,0.8202732347063237,NA,0.41206036097046883,0.05888608364964893,0.14146983369415533,3.293031721454396e-05,NA,61,61,61,0.0040986511664969855,0.17403309159144473
ENSG00000162669.15,HFM1,-0.8195292612807578,NA,0.41248451426238675,0.016310905865845965,0.1254592422024065,7.93581911540066e-05,NA,78,81,81,7.27298060663784e-05,0.11804706124128893
ENSG00000204740.10,MALRD1,0.8190340781207537,NA,0.412766970924729,0.020937054609067772,0.1737739815134476,1.0908195618033209e-06,NA,15,15,15,0.06358829145358635,0.07384265513587215
ENSG00000260874.5,RP11-715J22.4,-0.8187056160856865,NA,0.4129543916567191,0.006952885713763046,0.0706760149468304,0.0047616834953946065,NA,18,21,21,0.2094810120095082,0.06520575446361875
ENSG00000160294.10,MCM3AP,0.8186981027568294,NA,0.4129586793586296,0.019597642849229775,0.07211249385934088,0.002744707359153575,NA,14,14,14,0.0007662524903640158,0.08561955445053324
ENSG00000273473.1,LL09NC01-139C3.1,0.8184629566206054,NA,0.4130928857409858,0.0009461530310762943,0.09048390152245064,0.0010712648391839109,NA,4,5,5,0.07679844356684683,0.03808912225951863
ENSG00000169629.11,RGPD8,0.8179921507067336,NA,0.4133616692929446,0.11475427765842004,0.5047313328938635,2.30349750621956e-21,NA,35,38,38,3.247097498179411e-05,0.4114293107694475
ENSG00000213203.2,GIMAP1,-0.8179434765571537,NA,0.41338946331753956,0.019311206635188857,0.04283918296608203,0.02707471671765619,NA,29,31,31,0.0006366499112004701,0.06317765409203517
ENSG00000165269.12,AQP7,0.817903109542391,NA,0.41341251462235507,0.0992392695913388,0.13626288108098647,5.049580626219215e-05,NA,52,59,59,0.00110705152822699,0.21195730916178845
ENSG00000197360.9,ZNF98,-0.8173565536259372,NA,0.41372469651033905,0.05574650213367547,0.09690988875989816,0.0005091726752375042,NA,26,26,26,0.0037620630522559938,0.1216820349850116
ENSG00000136816.15,TOR1B,0.8169312347450436,NA,0.4139677267232351,0.0057171210590716845,0.04046045589428739,0.0260936925332405,NA,6,9,9,0.1856603886847502,0.13323236628628435
ENSG00000165621.8,OXGR1,-0.8168020909826522,NA,0.41404153709759095,0.06995311428661063,0.12175267815027695,0.0001263706313271113,NA,22,22,22,0.1255264489500404,0.08768546304770954
ENSG00000275963.1,RP11-180M15.6,0.8167268079333981,NA,0.4140845677007655,0.03345061861595647,0.07057423909639646,0.004978994989792807,NA,22,25,25,0.042830522937299685,0.16321710647830368
ENSG00000146830.9,GIGYF1,0.8160379842185087,NA,0.4144784113157618,0.12134753071534848,0.06718508706307724,0.003880527541513293,NA,90,97,97,1.443604242335534e-06,0.5563508960162433
ENSG00000156687.10,UNC5D,0.8149905933962971,NA,0.4150776945154103,0.09453948450726782,0.08325668159953266,0.0014711798973455347,NA,194,205,205,1.0728686545459775e-09,0.2504891619738077
ENSG00000100288.19,CHKB,-0.813932050770232,NA,0.41568387839340115,0.016567313388420803,0.07539111315212789,0.0037990450475442533,NA,30,33,33,0.00018748864917909262,0.12267892460453547
ENSG00000085788.13,DDHD2,0.8128035620041268,NA,0.41633069297822956,0.003634121745536089,0.04543051779887447,0.024932424222226825,NA,15,16,16,0.012425826434250218,0.04534556267876581
ENSG00000117601.13,SERPINC1,0.8117261085032383,NA,0.41694880964203274,0.013561058392174837,0.10391395727129714,0.0005588208872511116,NA,35,36,36,0.1055841035849433,0.06394213696638107
ENSG00000253251.2,CTC-534A2.2,-0.8079748776014926,NA,0.4191050444616973,0.01927013907445658,0.04764480175256866,0.019296483891580004,NA,30,31,31,1.305783093279766e-05,0.19165909992336835
ENSG00000229214.1,LINC00242,-0.8078615503866464,NA,0.4191702876774561,0.03084906240770063,0.13821015004309029,4.499422134005283e-05,NA,17,18,18,0.000579464394729075,0.3355690100586645
ENSG00000232859.9,LYRM9,0.8075793371734262,NA,0.4193327856214034,0.011790174911369425,0.1647712705900682,6.2687851868246944e-06,NA,38,38,38,0.0027948631262254804,0.09101125009473164
ENSG00000116095.10,PLEKHA3,0.8075445614039324,NA,0.4193528120205743,0.00969579211385546,0.03741639741807345,0.040013566787404586,NA,29,29,29,0.20321197682001568,0.057770752869728215
ENSG00000232411.1,AC009495.3,0.8072388373066675,NA,0.4195288942362011,0.09469483379208826,0.07199400940227292,0.003523855137161897,NA,45,45,45,4.17585431797012e-16,0.18684740763396512
ENSG00000141258.12,SGSM2,-0.8070264095834098,NA,0.41965126786739515,0.010485853940195343,0.0916916566904101,0.000360543650795506,NA,6,6,6,0.11904434939045885,0.14496405249259195
ENSG00000255142.1,AP006621.6,0.8053106310167403,NA,0.42064044853715443,0.08456291061106083,0.26276835658816483,5.4328777155340644e-09,NA,41,48,48,0.05327924404454476,0.1267526752479759
ENSG00000166263.13,STXBP4,-0.8051346480253654,NA,0.42074198360631276,0.01584511282069614,0.10974629596914333,0.00029016919911132,NA,16,16,16,0.00991075797441723,0.1125266526319794
ENSG00000160691.18,SHC1,-0.8044144175860666,NA,0.4211576773644329,0.08215005689940807,0.08995329993460008,0.0009879774785369949,NA,109,112,112,9.933095757240995e-30,0.20872904910714735
ENSG00000156886.11,ITGAD,-0.8041424469745503,NA,0.42131471268668086,0.04469387993162802,0.1184193144425796,0.00015067178519827024,NA,20,21,21,0.14005280900738656,0.19006502274801834
ENSG00000122674.11,CCZ1,0.8038476426010851,NA,0.42148497097475335,0.3562867264755246,0.5194335951746436,8.493514167663017e-21,NA,81,93,93,8.314393231946515e-13,0.37118228751549465
ENSG00000112232.8,KHDRBS2,0.803228219332565,NA,0.4218428377824013,0.015609330458361966,0.15756167473326407,1.374775245056419e-05,NA,14,16,16,0.1808467205544868,0.05257850377384606
ENSG00000144867.11,SRPRB,-0.8020316729377776,NA,0.4225346370881291,0.005252727919852568,0.08720829995352003,0.0011046185252333246,NA,18,18,18,0.1481612925783999,0.03484774301257993
ENSG00000215788.9,TNFRSF25,-0.8020300839353691,NA,0.42253555623283,0.0039626822160675,0.04953120350187238,0.019588505936844323,NA,27,27,27,6.481313125908025e-06,0.07420795230448063
ENSG00000229373.8,LINC00452,-0.8007442704660142,NA,0.42327970782421276,0.059171787795531165,0.08284459143448218,0.001929217882076786,NA,41,46,46,4.382252421682991e-05,0.20618973910938554
ENSG00000143499.13,SMYD2,-0.7985562566619873,NA,0.424547760625997,0.019349641137151458,0.0605226960479369,0.007305188668165614,NA,44,45,45,0.00011330302426745297,0.05687155846711494
ENSG00000174953.13,DHX36,0.7976790611184351,NA,0.42505675790624975,0.005269003870934409,0.14575148620946884,1.3362064019860532e-05,NA,27,28,28,0.000758522866166944,0.024887097038347454
ENSG00000279278.1,CH17-264L24.1,0.796828575640038,NA,0.4255505967063793,0.05459642173696981,0.2385275104290921,3.5235138684881495e-08,NA,40,54,54,0.0016136353603429983,0.17038894557806195
ENSG00000265241.6,RBM8A,-0.7962937355041504,NA,0.4258613258763063,1.9599649825115772e-05,0.0500347729062805,0.0178852801000646,NA,1,16,16,0.4258613258763063,0.02206248042748849
ENSG00000164002.11,EXO5,-0.7951579818803425,NA,0.42652161017763035,0.05279770740169762,0.13930406676721455,4.0079851189185136e-05,NA,52,55,55,1.988194779232667e-06,0.1217394416743366
ENSG00000128298.16,BAIAP2L2,-0.7950283903477449,NA,0.4265969877292407,0.06558339318114649,0.13014355822115292,3.038998538601192e-05,NA,55,57,57,0.09243800006352813,0.3121642342281121
ENSG00000179528.15,LBX2,0.7944622654370704,NA,0.42692636813074814,0.0234720692717117,0.1388142543838795,4.262003123684988e-05,NA,8,10,10,0.14933764538794872,0.08688526709414586
ENSG00000160856.20,FCRL3,0.7936989517382179,NA,0.42737071065562504,0.15784765949362828,0.05351775982693623,0.013566885994398854,NA,177,188,188,0.009069924643580854,0.602776848540006
ENSG00000152492.13,CCDC50,0.7934355072808942,NA,0.4275241302677023,0.002890718119296142,0.10367349035002932,0.00047630415667752267,NA,36,38,38,0.0026090154271437263,0.020339093994662542
ENSG00000196391.10,ZNF774,-0.7923244273425151,NA,0.4281715320184476,0.010730282195010063,0.07096636315981236,0.0038571623376038476,NA,12,15,15,0.07008648949553502,0.0953742712599078
ENSG00000137463.4,MGARP,-0.7919622609396633,NA,0.4283826816188887,0.02548113254028419,0.15319974229781474,9.211761774051193e-06,NA,26,26,26,2.2510743803652384e-05,0.06019025650039311
ENSG00000066230.10,SLC9A3,-0.7916593469780674,NA,0.42855933248580924,0.04866581528920104,0.04675548601046342,0.02216893364658376,NA,38,45,45,2.1853392527731785e-14,0.14393038502022554
ENSG00000185684.12,EP400NL,0.790209403232279,NA,0.4294054853724508,0.04967220269523287,0.3540968116845233,6.418148776259665e-13,NA,17,18,18,0.22162477924106017,0.10977376655737964
ENSG00000197506.7,SLC28A3,-0.7892560202905747,NA,0.42996238577065626,0.006965269944648592,0.049198451013390966,0.011298670894502243,NA,14,16,16,0.020635786777955554,0.17862096042586498
ENSG00000152234.15,ATP5A1,0.7889039558117723,NA,0.430168143492458,0.0038362162796192114,0.057557452973267,0.010540823532120769,NA,57,57,57,0.0075792758948875815,0.07596986504558292
ENSG00000176623.11,RMDN1,0.7879024774092434,NA,0.43075375195014265,0.013392350472236924,0.07515171982320565,0.0038379455095903735,NA,48,52,52,0.0026604994495331193,0.10327925889552178
ENSG00000008128.22,CDK11A,0.7869033617779745,NA,0.4313384394239227,0.03620467232783505,0.0809296369888966,0.0019483118893141328,NA,32,40,40,1.4767580796897729e-06,0.4112338445748112
ENSG00000149488.12,TMC2,-0.7855280311801456,NA,0.4321440419463771,0.028140175560603806,0.03379324605673525,0.04772697394552776,NA,32,33,33,0.004933081772201514,0.16718185501603053
ENSG00000172062.16,SMN1,0.7854051010682946,NA,0.4322160908987037,0.03604050152874933,0.07095708249281284,0.003910419450588888,NA,20,29,29,1.9606686069832386e-05,0.3166158294669658
ENSG00000146066.2,HIGD2A,0.7848417128373543,NA,0.4325463799638696,0.04703140745773208,0.1516017946049314,4.4356282020516105e-06,NA,49,56,56,0.0011343211678622909,0.2401864689481078
ENSG00000122852.14,SFTPA1,0.784089517899869,NA,0.4329875855741149,0.0897889463202927,0.1298078673047262,6.061978815735412e-05,NA,42,46,46,0.0002643004250000777,0.3787849244919879
ENSG00000003393.14,ALS2,0.781929613457212,NA,0.43425594029266534,0.023682484007711484,0.07213489732644346,0.004351333232319832,NA,48,50,50,2.407264776640863e-08,0.17191201717603213
ENSG00000074660.15,SCARF1,-0.7804845682943989,NA,0.43510570730487663,0.006006171492813184,0.06459358871228198,0.006073238354209515,NA,10,17,17,0.040787202971139316,0.07780946786325242
ENSG00000176485.11,PLA2G16,0.7784612697299819,NA,0.4362971306693497,0.01165591306035688,0.1948807071980748,7.666944590681592e-07,NA,15,15,15,0.011307972538894215,0.2589769894879969
ENSG00000215305.9,VPS16,-0.7782793624023291,NA,0.43640433920199284,0.12405282498973177,0.037213843939976315,0.042812386333207414,NA,110,118,118,2.2363502388060327e-06,0.4583864685404909
ENSG00000151917.17,BEND6,0.7767861034651773,NA,0.43728497685595924,0.017800960036219553,0.14863982821577934,2.668108404526868e-05,NA,38,43,43,7.128673475825923e-06,0.06078730882081757
ENSG00000125912.10,NCLN,-0.774813120397507,NA,0.4384500952513807,0.01049257726029275,0.132834904188916,4.7921451579087794e-05,NA,17,22,22,0.0013869915040441406,0.061759982661712384
ENSG00000149929.15,HIRIP3,-0.7742095181177828,NA,0.4388069005507962,0.009088124475527749,0.034379643263845336,0.04315036179596527,NA,10,10,10,0.10468711321847511,0.0929730321741994
ENSG00000161996.18,WDR90,-0.7729361484741318,NA,0.4395601700651115,0.03583488212723741,0.13948080389631184,4.623226677928368e-05,NA,34,38,38,0.082425686445867,0.11750321062209823
ENSG00000150873.11,C2orf50,0.772272615708849,NA,0.43995298088018786,0.004430329646582095,0.08577048201714818,0.0016094513185048204,NA,6,7,7,0.08994545486797156,0.04274130600060587
ENSG00000267575.6,CTC-459F4.3,0.7716068950982808,NA,0.4403472892334809,0.05374796235325213,0.04134653535671039,0.02901873330658005,NA,57,60,60,0.08442070774807979,0.2343149606607955
ENSG00000213901.10,SLC23A3,0.7715782087618333,NA,0.4403642847919208,0.019557714913918268,0.11802608337870787,0.00020708201124788195,NA,16,16,16,0.0028273457528223893,0.07340544048550299
ENSG00000198453.12,ZNF568,-0.7710861463980394,NA,0.4406558715078568,0.010573882783144369,0.10250651392695287,0.0003417223796273233,NA,17,17,17,0.20644723463721204,0.04907435848520187
ENSG00000135541.20,AHI1,0.7707615293381397,NA,0.44084829393065694,0.020871358658436007,0.19860753979885248,2.688396615464899e-07,NA,19,22,22,3.956842172377341e-05,0.0937546782132191
ENSG00000006607.13,FARP2,0.7698954985647942,NA,0.4413618843344088,0.01811012204050609,0.04902283571718684,0.020119465307006992,NA,25,28,28,0.06413533655564971,0.13469649203197145
ENSG00000130023.15,ERMARD,0.7689787171129068,NA,0.44190594514022263,0.041835787423043586,0.14581032268483962,2.17062384343014e-05,NA,61,62,62,0.001889762074471981,0.0811204579076255
ENSG00000254901.7,BORCS8,-0.7680229894922669,NA,0.4424735268992883,0.02868602910362735,0.0725036508792219,0.004304080953580993,NA,29,32,32,0.0006327746109791295,0.056682088505348935
ENSG00000130177.14,CDC16,0.7674221766096142,NA,0.44283054739876504,0.032180465165433256,0.295335268447329,1.920107767046609e-10,NA,9,11,11,0.030482978963301748,0.05705070861875657
ENSG00000198160.14,MIER1,0.7666454689224546,NA,0.4432923337158503,0.006030307056712718,0.05969268143064878,0.009163164744099913,NA,25,27,27,0.0002638770360219552,0.07246015833811684
ENSG00000226067.6,LINC00623,-0.7664432820824323,NA,0.4434125876623233,0.0013229915892161866,0.03649908095009187,0.04517200903659415,NA,3,12,12,0.2843593901597872,0.19118232911866706
ENSG00000100647.7,SUSD6,0.7661058107405886,NA,0.4436133458020941,0.00677429914034639,0.0567943678459988,0.011039820761222495,NA,22,25,25,0.12431311745930329,0.1558540268319312
ENSG00000100197.20,CYP2D6,0.764748088171198,NA,0.44442156507720465,0.04887139727187238,0.16496157759328378,2.7517896692966324e-06,NA,53,65,65,7.902579736602721e-06,0.19256847245534015
ENSG00000178295.14,GEN1,0.7645169038860046,NA,0.44455926713963223,0.010361679149582682,0.17651368099023554,1.4508953562132099e-06,NA,9,9,9,0.0467160775884711,0.020934367354240733
ENSG00000184840.11,TMED9,0.7597038517699991,NA,0.4474316258633396,0.0044977496581799035,0.07394689025200704,0.0035845081196250743,NA,12,14,14,0.013248685799999277,0.06494383713020686
ENSG00000184524.5,CEND1,0.7596266047372171,NA,0.44747781162318834,0.009011642407062002,0.05569312799379665,0.009522380017318628,NA,16,19,19,0.16257040453913418,0.06186814449901019
ENSG00000133574.9,GIMAP4,-0.7593789379876654,NA,0.4476259090737962,0.005026678409663659,0.06283058556764222,0.0071294928641845185,NA,10,11,11,0.3093501589719141,0.03630260163162553
ENSG00000148110.15,MFSD14B,-0.7592211882966327,NA,0.4477202532832416,0.004841260031634907,0.04778024413300546,0.019820643539001356,NA,52,53,53,0.0008356390651737659,0.030382904650455126
ENSG00000185610.6,DBX2,-0.7584343852583671,NA,0.4481909795636593,0.05809188522811272,0.0604528484863504,0.007135594958595344,NA,51,57,57,0.03623856816472765,0.4602960105929994
ENSG00000170035.15,UBE2E3,-0.7549871256080762,NA,0.45025670706072707,0.007935135137995989,0.08767020142043419,0.0015025649111336215,NA,10,10,10,0.02504824918149845,0.06980885924325138
ENSG00000166927.12,MS4A7,0.7549512364625883,NA,0.4502782415178871,0.009398063887536896,0.09570299204405602,0.0007168136376342091,NA,9,9,9,0.15604847133219674,0.04358691641686952
ENSG00000075884.13,ARHGAP15,0.7544804305861266,NA,0.4505607917947272,0.011775636958251973,0.058636515494617326,0.009033903356004793,NA,100,103,103,0.00428851578907238,0.10573239715956728
ENSG00000185883.11,ATP6V0C,-0.7539602861983042,NA,0.45087306888699474,0.002936399589537682,0.0577196690433466,0.010920141617593164,NA,8,8,8,0.007461407071159729,0.10318922407239386
ENSG00000160888.6,IER2,-0.7521915012446864,NA,0.451935903799642,0.024642530674982198,0.03657011743743265,0.040743263399381405,NA,13,15,15,0.0850205310405456,0.16220283147250394
ENSG00000240972.1,MIF,0.7521789508559125,NA,0.4519434501872279,0.16979970869234906,0.4991696938974339,6.7327718043400926e-21,NA,40,49,49,7.052244722938292e-09,0.12834662298625885
ENSG00000144741.17,SLC25A26,-0.7520543942950902,NA,0.452018348309396,0.02324102831516597,0.08669699475157233,0.001617441544665077,NA,31,31,31,0.01609427116612029,0.10303309931975976
ENSG00000143315.6,PIGM,-0.7507873887281818,NA,0.4527806203603493,0.019626940811219434,0.03496863647691139,0.042702719111656136,NA,27,28,28,0.0024336816835381536,0.2825666608958136
ENSG00000147894.14,C9orf72,-0.750641314144179,NA,0.45286855026586437,0.007017320783692213,0.14782290234961004,3.1838746193252725e-05,NA,16,17,17,0.0007855947188081919,0.04054572400772248
ENSG00000177595.17,PIDD1,0.7487417922021296,NA,0.45401284914191775,0.016577632622393004,0.10018476502892887,0.000583097553008611,NA,17,20,20,0.0006229961467369757,0.06850902086808316
ENSG00000160284.14,SPATC1L,-0.7486671295855389,NA,0.45405786023543526,0.09981534631623089,0.4339330492155646,3.625104397052057e-17,NA,19,24,24,0.06534994368036279,0.1954487736350387
ENSG00000091128.12,LAMB4,-0.748297653672739,NA,0.4542806394583302,0.010274437794994339,0.055414842175102175,0.011968208753647508,NA,28,28,28,0.014652303443282126,0.05682643684093747
ENSG00000224848.1,RP11-535M15.1,0.7466073953347048,NA,0.45530058306340193,0.01665544630675965,0.11777285812172628,0.00022145633844891478,NA,9,9,9,0.026256449700893712,0.08725918858244225
ENSG00000197971.14,MBP,-0.7458552976080434,NA,0.455754831514221,0.006441714061936609,0.08435110382700442,0.0016627502339701286,NA,6,9,9,0.3670629416903034,0.09019287850246024
ENSG00000103342.12,GSPT1,-0.7457289963364047,NA,0.45583113936156305,0.005043128409411936,0.04256691499002509,0.029233982274592306,NA,32,32,32,0.008156886329860526,0.058333971917337774
ENSG00000139675.11,HNRNPA1L2,-0.7453712303265395,NA,0.4560473310213803,0.01163635936401625,0.13552217632602995,6.015733090522858e-05,NA,15,19,19,0.0005379107961105302,0.055310967007081976
ENSG00000100577.18,GSTZ1,-0.7452709796330423,NA,0.4561079210815637,0.0016012720405439917,0.043940070444027673,0.02254135529811744,NA,10,10,10,0.053776101794702866,0.021163459949509716
ENSG00000206053.12,HN1L,0.7452631495281571,NA,0.4561126536736103,0.007739161216734086,0.06951903392031293,0.00502888908703905,NA,24,28,28,0.00019449582441228303,0.06914466080717753
ENSG00000273321.1,RP11-621L6.3,0.7447780404275379,NA,0.45640591221533255,0.15966206206204028,0.04170679585490967,0.03179126484167038,NA,83,86,86,0.00014044958065931442,0.35681800870435043
ENSG00000244733.5,RP11-506M13.3,-0.7445578585503523,NA,0.45653905170701536,0.0043967943164994845,0.25026764195423296,4.120495152953824e-09,NA,8,14,14,0.13078087888014447,0.10663453680613393
ENSG00000159231.5,CBR3,0.7420704938924072,NA,0.45804462587048933,0.001408837313853409,0.045821810464441184,0.02275465603584005,NA,19,19,19,0.42601055401679977,0.05190597734734784
ENSG00000272130.1,RP11-360I2.1,-0.7413450601659582,NA,0.45848424693709433,0.048024453859921955,0.1930038171596322,4.749727873491008e-07,NA,49,57,57,0.00013605673321145427,0.2680351268209012
ENSG00000172322.13,CLEC12A,-0.740408090956186,NA,0.4590524108760562,0.058172725251129,0.3284691015627105,1.8966360019308033e-11,NA,15,17,17,0.22094913323308984,0.2244553200256524
ENSG00000149054.15,ZNF215,0.7401312213885883,NA,0.4592203758693062,0.05108447991068617,0.20412679836634087,1.0840528516717963e-07,NA,50,65,65,0.015926098763400946,0.2791599962712687
ENSG00000168333.13,C8orf22,0.7376750728859757,NA,0.4607119232274569,0.01084557361420442,0.08723805705323519,0.000859753379075013,NA,11,11,11,0.03860868429533315,0.13183115830471148
ENSG00000066248.14,NGEF,-0.7363643915323532,NA,0.4615089688899192,0.03943507418199506,0.14532674138539706,1.8148492098134885e-05,NA,20,20,20,0.3598681614405541,0.1192949507778345
ENSG00000251600.5,RP11-673E1.1,-0.7356125164665726,NA,0.4619665432048664,0.10968874293131108,0.17000470469205844,6.24234965754119e-06,NA,186,191,191,6.469127765116803e-09,0.2400231626763519
ENSG00000103245.13,NARFL,0.7350079263679411,NA,0.4623346668172508,0.0032854722746470336,0.17293382332048596,3.080806561569493e-06,NA,4,6,6,0.3629813540412222,0.029563237056008367
ENSG00000181626.11,ANKRD62,-0.7344928918685091,NA,0.46264839076377406,0.007214400784653468,0.12925138920536186,5.7172087261517444e-05,NA,52,55,55,0.07061667338682079,0.025920606235328214
ENSG00000141295.13,SCRN2,0.7343666243511708,NA,0.46272532245659914,0.12505454125471638,0.4362128287199384,9.873768827520347e-18,NA,52,55,55,3.0518040888411187e-06,0.3091116382430082
ENSG00000196172.9,ZNF681,0.7343545340216414,NA,0.46273268917128174,0.003500839101130078,0.03572328429061404,0.04459448494998332,NA,5,5,5,0.3978231546069533,0.0489727075380368
ENSG00000166664.13,CHRFAM7A,0.734162614931753,NA,0.4628496354526701,0.03008645907340169,0.039149484305983376,0.03277601970903872,NA,27,70,70,0.0005624037007558044,0.3151592772114288
ENSG00000182054.9,IDH2,0.7319552933498662,NA,0.4641958554524265,0.008815500406436529,0.17333133169600978,3.0180190993139795e-06,NA,28,31,31,0.005045105351871729,0.04433758867347832
ENSG00000184110.14,EIF3C,0.7317518831245932,NA,0.46432002259268945,0.020081498989270585,0.10082962791793157,0.0006329893205856375,NA,21,24,24,0.0012997114225003759,0.10447450609994584
ENSG00000144152.12,FBLN7,0.7312925110500912,NA,0.4646005038159201,0.010093488667495217,0.034553494265588444,0.040254369834339034,NA,25,25,25,0.0030204744394528326,0.04867177212940226
ENSG00000188997.7,KCTD21,0.7310302419666275,NA,0.4647606810923577,0.016931841646037657,0.053333888751475184,0.010638615234036877,NA,25,27,27,0.0001400070695266906,0.35781273720907314
ENSG00000100376.11,FAM118A,-0.7308671025770066,NA,0.464860331750633,0.24012811454237087,0.6112302311453794,2.09682101486493e-28,NA,43,45,45,0.0009724777356799485,0.08267571328669762
ENSG00000124780.13,KCNK17,-0.7304750674542912,NA,0.46509984768864787,0.030919698295763104,0.0713531752967476,0.004466368181269238,NA,15,16,16,0.0035352810706236644,0.3775325439827544
ENSG00000134765.9,DSC1,0.7296220301734915,NA,0.4656212523509907,0.010499318874835694,0.05365121871712712,0.012835346937766398,NA,21,21,21,0.11999591636480879,0.14059375372984986
ENSG00000020922.12,MRE11,-0.7292278182542274,NA,0.46586231742535356,0.28120357318081396,0.3030567755055586,2.4161765868301342e-11,NA,171,187,187,1.5259936570490682e-06,0.6983657146033222
ENSG00000183638.5,RP1L1,-0.729206116504422,NA,0.4658755903052525,0.026337674623097117,0.13439188292184673,6.49072808976624e-05,NA,25,30,30,0.005632440648124894,0.16402759148113394
ENSG00000176894.9,PXMP2,-0.7273150389732477,NA,0.4670329874367585,0.01939604446019736,0.04879730297474026,0.019557017965819976,NA,63,69,69,0.06010898839274815,0.18168761518329773
ENSG00000120451.10,SNX19,0.7262081229475591,NA,0.46771119304418973,0.03698439262252842,0.2370790774377786,3.7469171360826024e-08,NA,27,27,27,0.022335284343479766,0.09669887601385176
ENSG00000188321.13,ZNF559,0.7249593600388566,NA,0.4684769626898526,0.024043063738032968,0.2589425434920635,6.92719281439024e-10,NA,8,8,8,0.36613518632461606,0.3250469815397946
ENSG00000158483.15,FAM86C1,-0.7241946655378593,NA,0.46894623307712013,0.01323511234615667,0.1459111670400343,1.1167381430016197e-05,NA,28,30,30,0.01204189994729764,0.03253483817412284
ENSG00000135597.18,REPS1,0.7238669194697005,NA,0.4691474407306844,0.015811021018183824,0.08983332408708324,0.0009999013540229547,NA,41,43,43,0.04804103752077461,0.06928487505918274
ENSG00000255198.4,SNHG9,-0.7220417490673628,NA,0.4702688099436232,0.049899818173955175,0.10562988831657988,0.0003767878876237687,NA,24,26,26,0.002020965507258827,0.2575330884414881
ENSG00000157429.15,ZNF19,-0.7195415893568603,NA,0.4718072867205587,0.015752182248870136,0.035357336951096746,0.041175234633462864,NA,16,16,16,0.012998420309893165,0.07344722769145096
ENSG00000170955.9,PRKCDBP,-0.7190715583911779,NA,0.47209683042366646,0.06003274009159318,0.05951753463335855,0.009020698911544115,NA,162,170,170,0.03233420509907451,0.5351642888905782
ENSG00000214946.14,TBC1D26,-0.7181600080389071,NA,0.47265863336059666,0.010353115324926132,0.1348743531387763,2.7115234131402092e-05,NA,11,11,11,0.2614570268194568,0.07388744007267428
ENSG00000120937.8,NPPB,-0.7156234497801655,NA,0.47422388998449205,0.02603266550330364,0.0849358547582244,0.0015641166142371904,NA,10,12,12,0.020863618604441827,0.18518339185939675
ENSG00000167840.13,ZNF232,0.7155479364661228,NA,0.47427053127404717,0.07420049926444366,0.09210370828803507,0.00046264780090641747,NA,24,28,28,7.918634828534829e-05,0.391206394125646
ENSG00000149499.11,EML3,0.7130889697116032,NA,0.47579070457323214,0.03172806979915702,0.11002109832458434,0.00040058927676606,NA,44,46,46,0.045503340499448076,0.2300012135589977
ENSG00000251381.7,LINC00958,-0.7116872474426297,NA,0.47665846628388653,0.011955591785090158,0.17815728643095793,1.25798791473596e-06,NA,13,13,13,0.4344003880058537,0.07297598227826645
ENSG00000111671.9,SPSB2,-0.7114858619869314,NA,0.47678320879426406,0.09959404804370485,0.25977780314520843,4.0969723611174006e-09,NA,44,47,47,0.0023928894392188974,0.1883921814134196
ENSG00000177984.6,LCN15,-0.7095494556573719,NA,0.47798357267652736,0.0497803792136572,0.20035591191826416,2.274023840308529e-07,NA,20,22,22,0.2427251806321803,0.15191183541710573
ENSG00000135972.8,MRPS9,0.7084720315076793,NA,0.4786521746534742,0.010853344758472152,0.1338513579410308,6.220660550840509e-05,NA,54,54,54,0.005174940087053553,0.14805981996931442
ENSG00000105499.13,PLA2G4C,0.7083905454652029,NA,0.47870276207452667,0.0221936491921471,0.12811383984371022,7.186386876510311e-05,NA,37,39,39,0.01241806862845202,0.0352303339076291
ENSG00000139899.10,CBLN3,-0.7076432474369966,NA,0.4791668289849349,0.10719883583411075,0.5050739601211526,1.413800184167978e-20,NA,27,33,33,0.009572763970654576,0.15336157493463326
ENSG00000100065.14,CARD10,-0.7072801630379966,NA,0.4793923905017987,0.028535209256391064,0.1940375445973558,1.10113956156693e-06,NA,8,9,9,0.09605426144856676,0.12136506620262218
ENSG00000167554.14,ZNF610,-0.7068443298339843,NA,0.479663222783825,0.002197984017775867,0.07308874962952773,0.002124881281216047,NA,1,1,1,0.4796632227838249,0.06296851858046379
ENSG00000198218.10,QRICH1,-0.7068079074582526,NA,0.4796858598887318,0.006182801382853287,0.1258430327123728,0.0001373441548054435,NA,28,29,29,0.1209620031051089,0.062251726850792985
ENSG00000132199.18,ENOSF1,0.7059113601094401,NA,0.4802432624841265,0.003989142066919814,0.04801228675738159,0.017579043722225143,NA,16,18,18,0.2989716303863875,0.03840787632270479
ENSG00000109832.13,DDX25,0.7055603775699525,NA,0.4804615719367471,0.023720504931635564,0.21848962267930688,2.097553956126122e-08,NA,7,7,7,0.01856359075402084,0.15637198368530764
ENSG00000259577.1,CERNA1,-0.7053098666899051,NA,0.48061742156846854,0.09315062956787162,0.08418831880517195,0.0009540205674123401,NA,60,63,63,0.009916190342937925,0.2366798963434004
ENSG00000133398.3,MED10,-0.704494040730425,NA,0.48112515994012905,0.031644092871880775,0.04690798150946752,0.022601497773516145,NA,34,35,35,0.0010266967265192522,0.2236035174900133
ENSG00000100429.17,HDAC10,-0.703725493887587,NA,0.4816037406490985,0.011398719295878542,0.07581075096265154,0.001980914227205134,NA,10,11,11,0.07060301749554194,0.05464540250451588
ENSG00000149084.12,HSD17B12,0.703562472592026,NA,0.4817052886964206,0.05598160635827411,0.3407662391623391,5.596694751770231e-13,NA,38,40,40,0.0001929034174427774,0.08422776674756724
ENSG00000226124.6,FTCDNL1,0.7012251882828705,NA,0.48316249292686386,0.007771010173010019,0.10052657403661867,0.0007375005844642349,NA,4,4,4,0.4507481507523654,0.033660580251172294
ENSG00000176945.16,MUC20,-0.7002342326510658,NA,0.4837810363058459,0.00690428153558263,0.05426316256597323,0.01251430658029272,NA,11,13,13,0.06635288395362345,0.070900309530351
ENSG00000164889.13,SLC4A2,-0.700169975848586,NA,0.4838211595069124,0.010510159979469302,0.05857491342681125,0.00968432058846454,NA,20,22,22,0.014945402310032599,0.1176371475558568
ENSG00000128408.8,RIBC2,-0.6995589481564111,NA,0.4842027873067639,0.004125943559213334,0.09544309971536187,0.00044524956931946044,NA,7,8,8,0.07099091695599516,0.05058676481044503
ENSG00000153975.9,ZUFSP,0.6994541372491189,NA,0.4842682651483602,0.01426530509551433,0.04591996741335174,0.024103721315855645,NA,26,27,27,0.09370994258992116,0.10365952725398137
ENSG00000173540.12,GMPPB,0.698464097563114,NA,0.48488700303204224,0.04325071089153952,0.192803335118614,6.404715392749591e-07,NA,85,88,88,0.011550444600998062,0.18394919345911712
ENSG00000228793.1,RP1-223B1.1,-0.698361421940853,NA,0.48495119596820047,0.058108046198161345,0.20851775412872647,1.267990249994031e-07,NA,19,20,20,1.8640522802829227e-05,0.0650234920357395
ENSG00000159263.15,SIM2,0.6972539162551492,NA,0.48564390253523815,0.09177915204670134,0.0977899460485396,0.0007486064203404003,NA,79,83,83,3.505576868696994e-08,0.14553432955841106
ENSG00000155893.12,PXYLP1,0.6971712300665109,NA,0.48569564136421295,0.005685611178457739,0.07596842320270003,0.003008380869225044,NA,6,7,7,0.04674980762542627,0.06947152940869301
ENSG00000196236.12,XPNPEP3,-0.696999411305873,NA,0.4858031622245733,0.059758683985696906,0.2149825541053432,1.771134501395761e-07,NA,40,40,40,4.515151961810048e-05,0.23608126881459016
ENSG00000115073.7,ACTR1B,-0.6964202325879085,NA,0.4861656959293674,0.014546988719835813,0.1001170797519176,0.0005972220238220883,NA,42,46,46,5.9455213682278126e-06,0.06561364560376501
ENSG00000172123.12,SLFN12,-0.695240207441463,NA,0.4869047786108859,0.008771495891567716,0.2041519975591364,5.825810045921658e-07,NA,3,3,3,0.4739523614019714,0.07210999528913414
ENSG00000128463.12,EMC4,0.6942492755391814,NA,0.487525895514051,0.0031722898195116244,0.09873706647709064,0.0007735575540690196,NA,22,22,22,0.08906797054870923,0.02743139990433456
ENSG00000262165.2,RP11-81A22.5,-0.6941594061006608,NA,0.4875822468950516,0.018364933514217755,0.042517501878239806,0.027182237176940488,NA,7,7,7,0.3235619739971106,0.2656567691473131
ENSG00000113971.19,NPHP3,0.693961909048035,NA,0.48770609702549017,0.05665059312279664,0.5162561719871676,3.9024996475840814e-21,NA,8,9,9,0.2956498165140974,0.08451683057426436
ENSG00000122376.11,FAM35A,-0.6938434488778131,NA,0.487780391380331,0.002280637908912574,0.1182866964061104,0.00020688740848176016,NA,6,8,8,0.46655722514687725,0.01368938045568875
ENSG00000223891.5,OSER1-AS1,0.6918890985451116,NA,0.48900697720257047,0.022886331455254795,0.13589800771453867,5.940197174726591e-05,NA,58,66,66,0.0013945718329134867,0.1506888300342462
ENSG00000253317.1,RP11-142A23.1,-0.691507437452774,NA,0.4892467084321832,0.01233619204925035,0.07955211865825583,0.002393037245634616,NA,10,10,10,0.2397131786990424,0.2408349192965457
ENSG00000146707.14,POMZP3,-0.6912802334124521,NA,0.4893894512305781,0.10371832948223664,0.4006446673894089,9.275986123106188e-15,NA,42,47,47,0.010091523062179563,0.30850934041088285
ENSG00000213523.10,SRA1,0.6908894679853026,NA,0.4896350052491606,0.012080687538549111,0.06612083160673357,0.005787521990305982,NA,29,30,30,0.000964348686713947,0.045846925212061435
ENSG00000271079.1,CTAGE15,-0.6892451597318182,NA,0.4906690022966895,0.01105372407581746,0.06496030252357969,0.006571890845883025,NA,20,21,21,0.1438147544582016,0.0879803597977783
ENSG00000157322.17,CLEC18A,-0.6886719062321972,NA,0.4910297593454602,0.3401308180988294,0.4134957311783459,1.2096971679682726e-15,NA,65,73,73,1.1899804561212081e-05,0.3708618488649175
ENSG00000256771.3,ZNF253,-0.68757869464436,NA,0.4917181286408693,0.0004181911128981685,0.045983758679229714,0.024723821688432374,NA,7,7,7,0.3376115098470125,0.02611323585706191
ENSG00000270547.5,LINC01235,-0.6867645767643227,NA,0.49223109556905054,0.12139772879480934,0.08272439005108964,0.001385021584025557,NA,69,75,75,0.0004050147876085235,0.2584976610120895
ENSG00000183250.11,LINC01547,0.6846669848135142,NA,0.4935540870962821,0.011445632784453158,0.03970325980170373,0.03673257582047338,NA,21,21,21,0.0019930553866322363,0.11315389467158997
ENSG00000263280.1,LA16c-325D7.2,0.6840978653491508,NA,0.49391336972857613,0.020708857152078066,0.13370983619471186,6.168892757949555e-05,NA,5,6,6,0.1847155918128469,0.14485426646763205
ENSG00000040731.10,CDH10,-0.6828396577967153,NA,0.49470816713530297,0.0144359401531381,0.09965168837927836,0.00037995564837259814,NA,30,31,31,0.009747565788533115,0.13976670706278024
ENSG00000196268.11,ZNF493,-0.6827353488845608,NA,0.4947740887292559,0.010016212328562528,0.07512918364731486,0.003267707047798908,NA,19,23,23,0.09321292598092856,0.040551488751072284
ENSG00000057468.6,MSH4,0.6824069701761801,NA,0.4949816495673047,0.01703602807755503,0.10779483754255406,0.00025585059452046564,NA,24,26,26,0.07303926605589876,0.100698639897417
ENSG00000179832.17,MROH1,-0.6821113359968901,NA,0.49516855311174335,0.0026119329123310757,0.20221546349724365,8.553280353344975e-08,NA,5,5,5,0.002315230550022669,0.0991332669232992
ENSG00000167968.12,DNASE1L2,-0.6804699270645033,NA,0.4962069573027954,0.007932887683190375,0.0937403654265167,0.0007003916459586017,NA,4,4,4,0.2144547166964882,0.05609249706285525
ENSG00000082074.15,FYB,0.6791429430856396,NA,0.4970472952880983,0.02259367731977639,0.059296079194980415,0.008912985082664472,NA,33,33,33,0.011054326612771313,0.1287264574257671
ENSG00000006744.18,ELAC2,-0.6790830940679529,NA,0.49708521368574055,0.007944357809185603,0.08008103401704267,0.0014608947394804505,NA,6,8,8,0.42477116957549554,0.04388513246470487
ENSG00000267108.1,RP11-861E21.1,0.6788468307505808,NA,0.4972349175149958,0.0499428069932878,0.23290765722145415,9.498309369036512e-09,NA,11,12,12,0.08491279264457599,0.13899188721385689
ENSG00000196993.8,NPIPB9,-0.678751945598164,NA,0.49729504647449985,0.08423741104206797,0.05488856072022364,0.013113168887384348,NA,31,34,34,0.0008115239050029643,0.2567293555339717
ENSG00000126005.16,MMP24-AS1,0.6783513612751462,NA,0.4975489404496659,0.03291536226401584,0.052901911888763385,0.012955274857786185,NA,50,51,51,4.704544520987129e-05,0.3014987008628696
ENSG00000215114.8,UBXN2B,0.6766623152182417,NA,0.4986202317368421,0.007255860683569497,0.11055123203720152,0.00011614277152618608,NA,5,5,5,0.4029402525216984,0.026114456958649186
ENSG00000168883.19,USP39,-0.6748051566149357,NA,0.49979956378274715,0.0017992235703290966,0.04299989359878626,0.029998716091805506,NA,10,10,10,0.29897495813020813,0.14065367000518114
ENSG00000128039.10,SRD5A3,0.6745738856340243,NA,0.499946528975056,0.007879891192009617,0.07182663302674214,0.0033523281939604253,NA,7,7,7,0.2684637935662114,0.07020634084086907
ENSG00000115226.9,FNDC4,-0.6732703000346767,NA,0.5007753440126628,0.051234369150051653,0.07265799162630929,0.003412899145400259,NA,56,61,61,0.042772552307793636,0.3015485304798776
ENSG00000105519.15,CAPS,-0.6730001122472969,NA,0.5009472195111794,0.022093423286296612,0.24353433437725125,6.895951813348048e-09,NA,23,25,25,0.14661134550811256,0.1092434762459266
ENSG00000162836.11,ACP6,0.6728443265664934,NA,0.5010463342058695,0.04043633287972388,0.29468194888114113,2.30738573043331e-10,NA,7,7,7,0.1444793956742195,0.12055972693245745
ENSG00000273472.1,RP11-102N12.3,-0.6711255803095671,NA,0.5021405323380945,0.028204949100286918,0.03578006147107713,0.03672910064055016,NA,15,15,15,0.0003528903937385334,0.16481032426086753
ENSG00000138119.16,MYOF,-0.6707029067918265,NA,0.5024098107243267,0.022100412979693534,0.033510846501407794,0.04191400025603433,NA,39,39,39,0.00013943957594088138,0.19344151622272454
ENSG00000269949.1,RP11-738E22.3,0.6683700738471763,NA,0.5038973932724158,0.15181770202066358,0.11970381767518225,0.00017942131648076738,NA,70,72,72,0.00011181532147411129,0.2340009620974784
ENSG00000165555.9,NOXRED1,0.6681543346290656,NA,0.5040350814869654,0.05265122041911872,0.06973221125454683,0.004501924524776813,NA,58,59,59,2.7991369758868478e-08,0.09946830765780866
ENSG00000173660.11,UQCRH,0.6680267377799074,NA,0.5041165251754162,0.007204554193116366,0.11647454941258885,0.00014824429055542248,NA,6,6,6,0.060906840856789525,0.05552043330606191
ENSG00000271141.1,RP11-171I2.4,0.6670641905712676,NA,0.504731132314518,0.05546365447197877,0.03590204589215994,0.03337355365472537,NA,50,51,51,0.0037251051956082525,0.12669612030803562
ENSG00000257093.6,KIAA1147,-0.6670368105115492,NA,0.504748620848465,0.09092099914167692,0.16486604842860125,5.68410388721064e-06,NA,121,143,143,2.0450695587296047e-05,0.6377321578060017
ENSG00000160226.15,C21orf2,-0.6663595012155674,NA,0.5051813419669795,0.02893797940667707,0.16570713608263254,3.570576161905622e-06,NA,20,24,24,2.54401745462016e-07,0.06951426120380869
ENSG00000253710.2,ALG11,-0.6662755926211752,NA,0.5052349633086806,0.012774132750718958,0.06870220767830651,0.005496865042468254,NA,26,31,31,0.008867484423023205,0.08040927334796755
ENSG00000135773.12,CAPN9,0.6661591488189595,NA,0.5053093810689553,0.06309704612324726,0.10583138740010987,0.0005031741913336925,NA,45,46,46,3.5478355888050656e-08,0.2291131870786893
ENSG00000237491.8,RP11-206L10.9,0.664575372961338,NA,0.5063221251640635,0.007800625152760738,0.08221586582022405,0.0014987971416882545,NA,3,6,6,0.4229629303367398,0.12316638511474125
ENSG00000167311.13,ART5,0.664106864705311,NA,0.5066219168355164,0.0031291585370230696,0.23832467804663066,2.051222207491064e-08,NA,11,15,15,0.03331034544956014,0.05536110759355385
ENSG00000007237.18,GAS7,0.6629637287823849,NA,0.5073537844523512,0.05159422032950253,0.04932533686512352,0.01877941459015681,NA,77,81,81,1.4904764089865353e-11,0.18321527440150054
ENSG00000106066.14,CPVL,-0.662656336342475,NA,0.5075506803818827,0.007912487045941604,0.07505248150735758,0.003516044552365068,NA,19,21,21,7.147487552635184e-08,0.04578891520644522
ENSG00000155508.13,CNOT8,-0.6618531149684377,NA,0.5080653619170752,0.01597300644362413,0.08594094167806858,0.0017982592382271075,NA,65,68,68,0.008418901110606997,0.08346226488203938
ENSG00000144035.3,NAT8,-0.6612560456031601,NA,0.5084481244215322,0.03761146888750837,0.15460427042563926,1.1569952477714325e-05,NA,10,10,10,0.12869693164650117,0.0807146971541098
ENSG00000198885.9,ITPRIPL1,-0.6611485433192491,NA,0.5085170568345457,0.06300739807926804,0.2011761124348513,3.7387991045545613e-07,NA,41,42,42,0.003100812145471382,0.3204978654441922
ENSG00000272512.1,RP11-54O7.17,0.6610484849398598,NA,0.5085812204834549,0.0740187956571813,0.2261439866933184,3.261874195693205e-08,NA,7,10,10,0.4009838000723305,0.18768750164510556
ENSG00000107890.16,ANKRD26,0.6609170975068194,NA,0.5086654807132969,0.007108858111500757,0.0504770425894861,0.016719544212420685,NA,30,31,31,0.011617006704735044,0.07796306657444635
ENSG00000256417.1,RP11-1038A11.3,-0.6606949249738316,NA,0.5088079790902156,0.04768103087636509,0.09836378295337693,0.0007126639673640612,NA,27,28,28,0.03424931846406603,0.2715147234735851
ENSG00000183346.6,C10orf107,-0.6606560834573132,NA,0.5088328936477935,0.11143341415804409,0.289398645087792,1.3923024282834646e-10,NA,41,43,43,0.00032207649192271873,0.2761345175310045
ENSG00000234630.1,LL22NC03-2H8.4,0.6569145992561192,NA,0.5112358303906455,0.03432111686089605,0.1201839568652778,0.00017557124115487606,NA,58,72,72,0.0016136353603429983,0.16667672518197876
ENSG00000236377.1,AC084809.3,-0.6558151365782505,NA,0.511943076043452,0.005304797442796118,0.038606564454520736,0.03660757044701737,NA,3,3,3,0.26636830837393566,0.1130528307537755
ENSG00000090060.17,PAPOLA,-0.6557204844290137,NA,0.5120039862966096,0.13023897845211274,0.03452394198179904,0.04665761052187567,NA,174,196,196,0.0010347896026479172,0.4010247610368927
ENSG00000078237.6,TIGAR,-0.6556604908541168,NA,0.5120425951306299,0.008380774501299698,0.03753544267072,0.03819355127723415,NA,22,26,26,0.00043372388810597847,0.08406398231118721
ENSG00000107518.16,ATRNL1,0.6555250840940465,NA,0.5121297416629442,0.010899061576929062,0.03486037123208738,0.04574103229718116,NA,40,40,40,0.2632628426632151,0.13395605842288422
ENSG00000177757.2,FAM87B,0.6516081480838388,NA,0.5146539900210142,0.020003456125008732,0.17309793184809108,1.4641410580546448e-06,NA,5,7,7,0.4229629303367398,0.2319230667230572
ENSG00000133687.15,TMTC1,-0.6511798532911909,NA,0.5149303939474021,0.0023014599827275136,0.05697390953357182,0.010643868680255276,NA,8,8,8,0.37986857140780406,0.020357990075044224
ENSG00000179826.6,MRGPRX3,0.6511153834962131,NA,0.514972006790835,0.10915310773795345,0.2683851362253994,1.2396387257083111e-09,NA,20,23,23,0.0004425803401327995,0.18579511894530165
ENSG00000178996.13,SNX18,-0.6510365222506126,NA,0.5150229111530936,0.02263574427329517,0.09747873172507844,0.0007853988614255974,NA,18,19,19,0.0007849566897410367,0.06574602028136242
ENSG00000180279.6,LINC01869,0.6505712627138409,NA,0.5153232859994046,0.030676543920046727,0.186307767795817,1.1838510209815123e-06,NA,6,6,6,0.001121050869341849,0.23267436452434204
ENSG00000114544.16,SLC41A3,0.6502070771503754,NA,0.5155584702225855,0.014849507705109493,0.09772759888534588,0.0008310488841911539,NA,14,14,14,4.730784647637517e-05,0.060448500495251876
ENSG00000142856.16,ITGB3BP,-0.6499922821534746,NA,0.5156972069264418,0.15130624205744414,0.4557946118119958,8.542760401277637e-18,NA,18,18,18,0.0023026569280529506,0.14879484853719524
ENSG00000019144.18,PHLDB1,0.649748109864156,NA,0.515854942033739,0.0018108280740537505,0.0737882881997427,0.003236751222861029,NA,22,24,24,0.15045578055902384,0.05166963518760837
ENSG00000135074.15,ADAM19,-0.6487175682416448,NA,0.5165209467634723,0.011968707358004203,0.14925242560489685,1.560461985529188e-05,NA,58,60,60,6.255104372437592e-05,0.056691994572617636
ENSG00000205959.3,RP11-689P11.2,0.6484452104815558,NA,0.5166970369404037,0.018061496216148068,0.061544622592989824,0.007534822035625112,NA,20,20,20,0.06883920324584279,0.1348363286452375
ENSG00000276073.1,RP5-1125A11.7,-0.6484234817248726,NA,0.5167110867897462,0.030181069405794653,0.1432611289338646,3.540159113596617e-05,NA,19,20,20,0.02588187139173318,0.03848485985834363
ENSG00000116783.14,TNNI3K,-0.6484196472838856,NA,0.5167135661660616,0.029452766518542426,0.1682688053833176,6.653456983986594e-06,NA,135,141,141,1.2382998964674903e-05,0.1706745124774826
ENSG00000138190.16,EXOC6,0.6479406392121967,NA,0.5170233446088124,0.006104760226769328,0.12486411603149247,0.00013451726236628504,NA,26,26,26,0.03968930662197436,0.0479872286215204
ENSG00000143156.13,NME7,0.647589075032255,NA,0.5172507652329517,0.05084717108520181,0.310065653148219,1.5497767184862613e-11,NA,44,46,46,0.0009941183246551016,0.07148811126820004
ENSG00000015676.17,NUDCD3,0.6451832995117868,NA,0.5188084074345847,0.0586489955741217,0.20758903760456585,1.395026982409152e-07,NA,78,78,78,0.011143099946719179,0.06166337739062104
ENSG00000159363.17,ATP13A2,-0.6449494627172632,NA,0.5189599363913913,0.007876241261100599,0.10227375975339892,0.0004320037326796532,NA,6,6,6,0.09983320506071924,0.311183719014535
ENSG00000166004.14,CEP295,0.6437334873429085,NA,0.519748270861355,0.012104596255383526,0.04922810919538198,0.019102971831646283,NA,18,18,18,1.4627851450235855e-05,0.14314178327254634
ENSG00000259915.2,RP11-410E4.1,-0.6435979828496492,NA,0.5198361586312111,0.01788896653851613,0.0560423203735543,0.005482164381469596,NA,24,25,25,9.466277689122829e-05,0.04639305790631141
ENSG00000276791.1,CTD-2270P14.5,0.6423405214773756,NA,0.5206521094342255,0.02802542199672475,0.20701061800934986,2.9003502119346827e-07,NA,4,4,4,0.4152178404529486,0.12773563295782572
ENSG00000055950.16,MRPL43,0.6418073693930652,NA,0.5209982641687069,0.01661105210800353,0.11013010873106388,0.00028356305173081806,NA,18,20,20,0.016779487969042096,0.16947067658792486
ENSG00000137824.15,RMDN3,-0.6417530716133122,NA,0.5210335242350725,0.022772708755963385,0.04740584283576725,0.01989670987821297,NA,37,38,38,0.0003839159349022101,0.14285659667133194
ENSG00000086730.16,LAT2,-0.6408308206017985,NA,0.5216326061728359,0.0030241135465953225,0.08851628193366644,0.001335555639746312,NA,23,26,26,0.29105825416154685,0.08010618914442885
ENSG00000165730.14,STOX1,0.6405672750095346,NA,0.5218038669468996,0.017035069045851572,0.03824996403285053,0.03869451323118702,NA,17,18,18,0.3560425971201079,0.15697940090165502
ENSG00000177614.10,PGBD5,0.6373169928586259,NA,0.5239183844802502,0.06523847929877652,0.047161504360401084,0.02183435978456689,NA,78,81,81,7.528970278308861e-06,0.3825058150229517
ENSG00000277758.4,ABC7-42404400C24.1,0.6366522832784783,NA,0.5243513612796613,0.0031835959754029364,0.06643820047053367,0.004897124357813813,NA,5,10,10,0.3626637128226424,0.09542830080092704
ENSG00000115423.18,DNAH6,-0.636628217644632,NA,0.5243670405281291,0.040194811077830586,0.07095131141995795,0.004081004652086536,NA,45,51,51,0.07767681208300099,0.1699892950385492
ENSG00000128965.11,CHAC1,0.6364719992976801,NA,0.5244688257896681,0.012384255205860699,0.09530503572081786,0.0007404898786331299,NA,15,15,15,0.0003627387709736578,0.1582516566028042
ENSG00000163814.7,CDCP1,-0.6362036110415885,NA,0.5246437198451444,0.003401328750914967,0.034766619389911144,0.04934774700049952,NA,69,73,73,0.009605648284549666,0.09813172465600167
ENSG00000227533.5,SLC2A1-AS1,-0.6349067259199159,NA,0.5254892501646455,0.1588223297688714,0.2998131581187912,1.664615227104721e-10,NA,93,97,97,1.879491560829504e-09,0.2310178085909551
ENSG00000135365.15,PHF21A,-0.6348883004177351,NA,0.5255012680611522,0.0061397025494321815,0.050596210262975484,0.016896161719504352,NA,18,21,21,2.585515826000529e-07,0.1769036433646241
ENSG00000253379.5,RP11-1102P16.1,-0.6330977863698054,NA,0.5266697877612627,0.10589545864325577,0.17168522342355194,3.7996642805378975e-06,NA,85,91,91,0.0004939720671636533,0.2885069848938208
ENSG00000281205.1,LINC00950,0.6320194737154406,NA,0.5273741523820734,0.006884003071711715,0.0573406988018319,0.01073754308749717,NA,18,20,20,0.009820610268080886,0.03969859202301654
ENSG00000103260.8,METRN,-0.6316249821562986,NA,0.5276319582168779,0.0326422100490151,0.0381053085037295,0.03445779994848186,NA,46,55,55,2.045739042629858e-09,0.2475539263810809
ENSG00000242516.1,LINC00960,-0.6305705415146166,NA,0.5283213654423435,0.00426747398420919,0.4702245835219019,2.1461686678051707e-18,NA,5,20,20,0.3507247138786016,0.16408207507857425
ENSG00000235884.3,LINC00941,-0.628155431527744,NA,0.5299021233896092,0.009525379814168244,0.05277885816993085,0.014930643458387844,NA,23,26,26,0.0012082167708638337,0.07022550933853375
ENSG00000132824.13,SERINC3,-0.6270742872375309,NA,0.5306105409533712,0.008541135939728049,0.1021593747454952,0.000614126906386216,NA,10,10,10,0.4453071752910004,0.2691937276432711
ENSG00000227359.1,AC017074.2,0.6268402454440684,NA,0.530763959631584,0.03124875775688447,0.05657259830869104,0.011132394626199828,NA,20,20,20,0.08739333317412036,0.1291522770665814
ENSG00000176222.8,ZNF404,-0.6262205463075696,NA,0.5311702924467991,0.0075408568063355325,0.16874960668713762,2.95643318673252e-06,NA,19,19,19,0.3976491703759377,0.0790477294680543
ENSG00000239998.5,LILRA2,0.6258822341286019,NA,0.5313921881682875,0.1694124270401447,0.0605530073143619,0.006699805255771135,NA,95,176,176,1.2789606189187111e-09,0.4816202178217892
ENSG00000138111.14,MFSD13A,-0.6249612495802325,NA,0.5319964911559405,0.01837306727413885,0.10539925281361999,0.0005122354880649016,NA,25,25,25,0.01744341418543048,0.09020968335399113
ENSG00000086544.2,ITPKC,-0.624373239987628,NA,0.5323824949956836,0.013322693560946768,0.1708060523732024,2.5060428083455883e-06,NA,17,18,18,0.02609309084719062,0.06307345062625799
ENSG00000129347.19,KRI1,0.6237892618158496,NA,0.5327659926636452,0.007066521281721576,0.03951722063691673,0.03296522664980367,NA,8,9,9,0.011052253839247716,0.10733602676662513
ENSG00000255284.1,AP006621.5,0.6234942121465371,NA,0.5329598045149448,0.07966055771807436,0.3181926368593298,6.277335475044876e-12,NA,14,22,22,0.1521282531228244,0.4099439749675435
ENSG00000114107.8,CEP70,0.6231770277303456,NA,0.5331681959804399,0.01810229626793282,0.0961146944684498,0.0007102077547494048,NA,49,49,49,0.04683204616149993,0.09218808028972272
ENSG00000271967.1,RP11-134K13.4,0.6222605498140227,NA,0.5337705571725657,0.015731589129909507,0.07170546717007995,0.004421666864943688,NA,22,22,22,0.00014340661574832332,0.06793457174442384
ENSG00000148985.19,PGAP2,-0.6217413145450191,NA,0.5341119805056249,0.004766893749183806,0.042543838325587606,0.02636648524236497,NA,32,36,36,0.01083564361158452,0.03362828838612522
ENSG00000278662.4,GOLGA6L10,0.6203268459393904,NA,0.535042623861558,0.04968741786925397,0.2103207714955344,6.574538905938583e-08,NA,11,12,12,0.011206674224969763,0.10360366631768654
ENSG00000197385.5,ZNF860,-0.6201324497010503,NA,0.5351705898841401,0.05136573923619149,0.039787911730760864,0.03376414643649151,NA,45,47,47,9.228780988046394e-07,0.29874297292779184
ENSG00000014164.6,ZC3H3,-0.6197524044891932,NA,0.535420808390461,0.09601035207844541,0.32716088012398115,4.973675469838042e-12,NA,15,15,15,0.48137082622167415,0.038744780825183185
ENSG00000228106.5,RP11-452F19.3,0.6192590651945219,NA,0.5357457066628066,0.035506495279796255,0.1729946220221186,4.76442619352502e-06,NA,12,12,12,0.00299342877515023,0.08008781363501201
ENSG00000140043.11,PTGR2,0.6177417899759218,NA,0.5367455599790832,0.26382985538891,0.27720764351482585,3.2449915597064933e-10,NA,86,88,88,1.1578217480420603e-06,0.4039515413752085
ENSG00000274184.1,RP11-158H5.8,0.617559014696137,NA,0.5368660684508624,0.005945625999207494,0.11890312106140782,0.00013733491799634994,NA,9,9,9,0.2105267859220391,0.052234225903660635
ENSG00000106460.18,TMEM106B,-0.6145263001666391,NA,0.5388675991441196,0.043574247024420656,0.14709185988683554,3.0482791511841652e-05,NA,47,55,55,0.006219926076896112,0.3058779373541074
ENSG00000131669.9,NINJ1,0.6141892588840114,NA,0.5390902703626153,0.008712646386140017,0.046128956970869835,0.021446744175295324,NA,19,20,20,0.054572459958712655,0.030836801862475283
ENSG00000128218.7,VPREB3,0.6133305226487361,NA,0.5396578152489346,0.013277153757088022,0.13396462853233418,4.219200355500749e-05,NA,15,15,15,0.0003747999412276178,0.16691894231433174
ENSG00000181222.15,POLR2A,-0.612734079360962,NA,0.5400521848325497,1.2540905120855368e-05,0.037914064295492496,0.03667288099844988,NA,1,2,2,0.5400521848325497,0.012022447565313224
ENSG00000132305.20,IMMT,0.6117388383069644,NA,0.5407105612652601,0.005324521153524402,0.03629805021981798,0.044299246477857886,NA,47,51,51,0.09305051011007834,0.044000054677972085
ENSG00000145241.10,CENPC,-0.6108862712619453,NA,0.5412748742075402,0.059925136982801865,0.058084665501103125,0.009966363615714431,NA,51,52,52,0.00096068660781281,0.13791599479566355
ENSG00000178952.10,TUFM,0.6102393780228982,NA,0.5417032481136822,0.01157045816818586,0.17869304149091125,2.032622217448534e-06,NA,42,46,46,0.0006720918736039354,0.1135844288902955
ENSG00000272010.1,CTD-3025N20.3,-0.6101807020344532,NA,0.5417421118306066,0.07737411250991598,0.2143736562558048,8.475892552708478e-08,NA,74,74,74,6.029091466375177e-18,0.10332533985706664
ENSG00000219200.11,RNASEK,-0.6101641920068686,NA,0.5417530474070535,0.041712915698548514,0.11938013865653255,0.00017423239158353778,NA,13,15,15,0.054916264221297695,0.3811968745203797
ENSG00000125124.11,BBS2,-0.6098563675196018,NA,0.5419569581060896,0.05565154983666718,0.11013688636809238,0.0003995790505707125,NA,49,52,52,0.0011323459364954553,0.2483164897031941
ENSG00000228716.6,DHFR,0.6093713752898673,NA,0.5422783068537648,0.007561649267842681,0.0758517760735198,0.0033452355873988576,NA,48,49,49,0.10116824433525572,0.03166690627019992
ENSG00000116406.18,EDEM3,-0.6064661909389711,NA,0.5442052264242696,0.03877954120471849,0.2290202852094292,5.395036701246082e-08,NA,37,40,40,0.00435966674285553,0.06044200325531389
ENSG00000168453.14,HR,0.6060479613741327,NA,0.5444829052940993,0.006613880595449564,0.07575795071758118,0.0031182684859398053,NA,13,16,16,0.026306991923566673,0.05484700222929987
ENSG00000274897.2,PANO1,-0.6057707424549252,NA,0.5446670005078961,0.026523968566252755,0.09082315424499164,0.0011206036931859533,NA,14,16,16,0.03627384228419715,0.2973078135975444
ENSG00000164818.15,DNAAF5,0.6044572226469753,NA,0.5455397013552659,0.015614047532743971,0.17635157604335605,3.394104814222676e-06,NA,9,11,11,0.007904664010208479,0.033164823294117365
ENSG00000243566.6,UPK3B,0.604368529814678,NA,0.5455986537507691,0.03334479504147289,0.1959269477643792,5.974039190737032e-07,NA,35,40,40,0.0023948677873066333,0.12341265933159687
ENSG00000197302.10,ZNF720,0.6019158524204302,NA,0.5472301515341018,0.00883065741146791,0.09700898451484967,0.0008904494303816682,NA,39,40,40,0.11151764782107858,0.023108562091892784
ENSG00000132406.11,TMEM128,0.6003597877701424,NA,0.5482664811107982,0.006272154450034099,0.16772581766407654,5.770188007639791e-06,NA,3,4,4,0.4625328440636942,0.12692706893971367
ENSG00000136875.12,PRPF4,-0.5998143648377929,NA,0.5486299587959453,0.009641486985230242,0.119321951119364,0.00021420797550637306,NA,10,10,10,0.2719221733342727,0.03710265521148747
ENSG00000103043.14,VAC14,-0.5989926598272928,NA,0.549177779366137,0.010304792982973278,0.05374801634596753,0.013304647750348592,NA,13,15,15,0.0004795614389968931,0.13695679326770455
ENSG00000166928.10,MS4A14,0.59811118884241,NA,0.5497657450051832,0.04554157531502567,0.2159824639660263,7.606515668741644e-08,NA,39,40,40,0.4665345686772876,0.09916227862301917
ENSG00000203791.14,METTL10,0.5981028407962798,NA,0.549771314866536,0.028405556434149874,0.19124082727545536,1.3577103113613876e-06,NA,35,35,35,0.009301337087592319,0.029175375124911158
ENSG00000034053.14,APBA2,-0.5968952002200154,NA,0.550577352043369,0.012809208602118073,0.08809632698912287,0.0015478273880132336,NA,15,54,54,0.052900400747800384,0.0726023362978994
ENSG00000135476.11,ESPL1,-0.5966792084954057,NA,0.55072157656415,0.008917560233503681,0.19878142412101746,4.888072180192404e-07,NA,17,17,17,0.3238609664983261,0.020470709057553656
ENSG00000120324.8,PCDHB10,0.5955954562012493,NA,0.5514455128613778,0.03029464093214025,0.15730945943049413,1.1617116394247106e-05,NA,32,37,37,1.275295635103485e-29,0.18058628385920608
ENSG00000089063.14,TMEM230,-0.5941298972790995,NA,0.5524252357382351,0.04276881775788693,0.3439217310927805,3.112836426272509e-13,NA,24,27,27,0.4920896543394101,0.06669760045017202
ENSG00000139537.10,CCDC65,-0.5923814843855276,NA,0.553595162167587,0.028318721572454398,0.1219951379963141,3.447741793470332e-05,NA,28,29,29,0.06283209491716711,0.0453638648518653
ENSG00000119139.17,TJP2,-0.5920143637636385,NA,0.5538409699644842,0.010956768354076912,0.03940100959536836,0.035888519162577334,NA,43,44,44,0.06633106140507107,0.12203635190778787
ENSG00000186952.14,TMEM232,-0.5902608799838895,NA,0.5550157621403563,0.014972339133961766,0.0843256995205762,0.001210751841288848,NA,3,3,3,0.4847046176887706,0.08384693641376266
ENSG00000203668.2,CHML,-0.5900941248841769,NA,0.5551275474520313,0.007837414744841571,0.11676544948248192,0.00020544537076537232,NA,5,9,9,0.04620858900562761,0.5687862300951839
ENSG00000166938.12,DIS3L,-0.5897477325746893,NA,0.5553597888335142,0.025661738778893668,0.048586754906160934,0.015319688386498952,NA,16,17,17,0.0017304468288882279,0.2750343512027429
ENSG00000112290.12,WASF1,0.5886670796777539,NA,0.5560846256896643,0.02019906072017596,0.12893275397123524,9.068270639489818e-05,NA,20,23,23,0.00020287389838539728,0.14638830176661813
ENSG00000138685.13,FGF2,0.588385998960095,NA,0.5562732333112957,0.014637128628768155,0.05872427351998385,0.009495832981652741,NA,49,51,51,0.00016424522836049006,0.13992445235064005
ENSG00000131069.19,ACSS2,0.5869942373164639,NA,0.5572075770043458,0.0170224431093102,0.033041246603251286,0.04419021459905261,NA,18,19,19,0.013320641805122305,0.18946007778804466
ENSG00000137819.13,PAQR5,0.5867403715898558,NA,0.5573780893190156,0.00683953563034937,0.05355132620340192,0.01335780404181377,NA,12,14,14,0.00012191506529409241,0.07469864647831766
ENSG00000151093.7,OXSM,-0.5864628169903235,NA,0.5575645416482227,0.0034329966560410563,0.04222033580639363,0.03042996084450737,NA,22,22,22,4.220978873029761e-09,0.1911109225856158
ENSG00000198879.11,SFMBT2,-0.5857829216190726,NA,0.5580214018986033,0.00931870587529622,0.04204334792807388,0.028939541218162324,NA,19,23,23,0.16284084883919303,0.09634482201246164
ENSG00000213512.1,GBP7,0.5850495241944043,NA,0.5585144172438099,0.039427108233362346,0.2598965029636339,1.0957032296437471e-09,NA,40,44,44,0.25570104563004226,0.09061665515973803
ENSG00000205611.4,LINC01597,0.5846316244560794,NA,0.558795438675888,0.06503201026330768,0.1280898535160754,8.582625906779329e-05,NA,12,26,26,0.03598324522799057,0.15706030564047785
ENSG00000177558.3,FAM187B,-0.584364312255364,NA,0.5589752318170502,0.01901702614186071,0.03620828844345171,0.04530168584278544,NA,16,16,16,0.007946601000155503,0.11457612103592894
ENSG00000204147.9,ASAH2B,0.5841620154606303,NA,0.5591113145217688,0.017021575403935,0.15487052883627048,1.588843075027221e-05,NA,15,17,17,5.0097637018987566e-05,0.09390103486138787
ENSG00000176024.17,ZNF613,0.5819915390270562,NA,0.5605723800038632,0.036260366746356056,0.14278248315548694,2.334837928842409e-05,NA,40,45,45,0.015219622299652296,0.22202998370908436
ENSG00000277462.1,ZNF670,-0.5819369852989512,NA,0.5606091268902866,0.052659969028604994,0.1223142267471886,0.00011814002058384797,NA,28,29,29,0.027482169046803766,0.2839518642482213
ENSG00000236384.7,LINC00479,0.5817797643821789,NA,0.5607150359704753,0.040310820674110806,0.33960649876734245,1.3500697961226185e-13,NA,17,17,17,0.07830251947810314,0.09885152697655117
ENSG00000111450.13,STX2,-0.5812934899811777,NA,0.5610426674019795,0.03699217007868502,0.4022847995869396,6.950287935867267e-15,NA,39,40,40,0.0009472727157406984,0.03007775536590615
ENSG00000115155.16,OTOF,0.5801906252454561,NA,0.5617860748849521,0.016006997164275283,0.03592616465191811,0.046064835706776816,NA,6,6,6,0.24886106794244245,0.18853335337991448
ENSG00000070476.14,ZXDC,-0.5787048741525593,NA,0.5627883265860267,0.021330448616057412,0.19877970695448327,7.125417081930515e-07,NA,77,80,80,0.023527132091289416,0.04162091933109936
ENSG00000273355.1,RP11-672L10.6,-0.5781734651641652,NA,0.5631470116164348,0.056239680560353264,0.05205689152994837,0.015005117347747078,NA,67,73,73,0.06527160384346715,0.1801661638926676
ENSG00000155111.14,CDK19,0.5775697762909925,NA,0.5635546171131411,0.01632452848325913,0.08445985490794616,0.0015514618542574418,NA,15,15,15,0.0003942853945439771,0.4490302584237007
ENSG00000108799.12,EZH1,-0.5774587815776473,NA,0.5636295752549474,0.008740580041402872,0.055286718583813316,0.013609376218746529,NA,35,38,38,0.00031585774949920435,0.1903087981596896
ENSG00000076344.15,RGS11,-0.5770953639926805,NA,0.5638750359368456,0.002498952102877629,0.1382190129075662,5.803962224849145e-05,NA,7,9,9,0.06879269745575008,0.04321883593113817
ENSG00000168765.16,GSTM4,-0.5767505593682801,NA,0.5641079725902329,0.21130616398761604,0.12835459675297453,7.758385327459424e-05,NA,62,71,71,0.014672377304343063,0.3478742120835881
ENSG00000245317.2,CTC-241N9.1,-0.5755426811853227,NA,0.5649243336025672,0.007782855073337913,0.08784818796684776,0.0011901627721255686,NA,16,17,17,0.06366424452344784,0.0239122413559742
ENSG00000135976.17,ANKRD36,-0.5745771153376673,NA,0.5655773328509011,0.0218837270622042,0.11210705964904212,0.00026294149399362643,NA,36,40,40,0.005623961311351624,0.10406111703417764
ENSG00000273032.1,DGCR9,-0.5739005318155219,NA,0.5660351131732226,0.04636780401358785,0.18959028200397068,1.253494233087471e-06,NA,32,33,33,0.028547947125018316,0.06397297599140107
ENSG00000136104.19,RNASEH2B,0.5738263381855105,NA,0.566085323831667,0.04874927975359092,0.2069466733163127,8.412104974975085e-08,NA,26,28,28,0.021743697668544875,0.4453972007643053
ENSG00000148814.17,LRRC27,0.5734658687299675,NA,0.566329302535672,0.11132833487193239,0.2112070690468673,2.6544363648200567e-07,NA,84,92,92,0.0008966922765022915,0.23705125922695705
ENSG00000152223.12,EPG5,0.5731886348568163,NA,0.5665169787162054,0.006511977518487597,0.034310329339607835,0.04711734769566369,NA,12,12,12,0.4795879880361955,0.05571815018893723
ENSG00000196526.10,AFAP1,0.5731727017735303,NA,0.5665277656790988,0.01602225874113971,0.09323369505698947,0.0011977558052985134,NA,38,43,43,0.018259512861944497,0.05987567166356486
ENSG00000259005.1,RP3-449M8.6,-0.5698310525415816,NA,0.5687922919913213,0.02845154933607988,0.26039998023078464,3.3075227646443624e-10,NA,29,30,30,0.40956775933018963,0.08442720041511363
ENSG00000067836.12,ROGDI,0.5697145782710333,NA,0.5688713007338556,0.01005336277149102,0.07592142919525299,0.0035608670484247678,NA,25,28,28,0.0019387554519746323,0.06417680147872525
ENSG00000132600.16,PRMT7,-0.5693010982209422,NA,0.5691518216586775,0.032133309158655254,0.15230164748524344,9.773590513452325e-06,NA,51,52,52,3.007555144101365e-05,0.19506027631247924
ENSG00000126467.10,TSKS,0.5684042278432034,NA,0.5697605202941318,0.030216117952621427,0.3721971750366195,1.831710019236424e-13,NA,16,20,20,0.004888669427264496,0.11171158735491624
ENSG00000064545.14,TMEM161A,-0.5682563957512246,NA,0.5698608825391747,0.06918673012483563,0.03562878267086892,0.04307187448379398,NA,57,59,59,0.0006327746109791295,0.4038062628014073
ENSG00000162723.9,SLAMF9,-0.5682063584923956,NA,0.5698948544184688,0.020810288105317917,0.0516168410250982,0.016089675630403137,NA,24,24,24,0.032873331093532424,0.223895522898986
ENSG00000175894.14,TSPEAR,0.568063991775884,NA,0.5699915169733278,0.019566428102158244,0.08282931377795646,0.0021679727502445234,NA,26,33,33,0.00024374877738842754,0.10755469631544157
ENSG00000182362.13,YBEY,0.5677628572468426,NA,0.5701960036701521,0.3100702827376062,0.5857567412020215,3.4404839157944625e-25,NA,53,56,56,0.03350489345748287,0.3707311388760937
ENSG00000261175.5,LINC02188,-0.5673139609398925,NA,0.5705008935426514,0.03856793593875151,0.08767915337388509,0.0015670700075355107,NA,20,22,22,0.048831454574924,0.11458373465929253
ENSG00000130517.13,PGPEP1,0.5672629760384791,NA,0.5705355273425952,0.02237030237013086,0.16784140998950536,4.2633045947458835e-06,NA,46,53,53,5.4023317896284676e-05,0.07824479584941453
ENSG00000168016.13,TRANK1,0.5654756338651951,NA,0.5717502929702926,0.003244603773243737,0.116606493160608,0.0002016015101642015,NA,4,5,5,0.09803481974835689,0.08424279784343147
ENSG00000188234.13,AGAP4,0.5648467433065072,NA,0.5721780102006965,0.018873113179319386,0.5380299617451944,2.909940900435164e-22,NA,33,52,52,0.00541601619589092,0.16802489853186214
ENSG00000250742.2,RP11-834C11.4,-0.5648068643388852,NA,0.5722051375670203,0.013227600384467953,0.18273968944734725,3.8747009991722456e-07,NA,17,17,17,0.0067164365877631855,0.07100967467136446
ENSG00000142794.18,NBPF3,-0.5639860217466093,NA,0.5727636452193602,0.23833218377806575,0.4338438566189071,1.1397883415723398e-16,NA,49,53,53,0.13439329453313692,0.1988042058363575
ENSG00000261104.1,RP11-734K21.5,0.563015512405283,NA,0.5734243209140568,0.03534385509390832,0.04653910073983555,0.02171166701189253,NA,62,68,68,0.00029752279617968635,0.1772113236630247
ENSG00000109445.10,ZNF330,-0.5628432137713427,NA,0.5735416512250151,0.033242796265438156,0.05242234186936757,0.012580745877024554,NA,62,63,63,0.164813484659175,0.7308390020334498
ENSG00000102891.3,MT4,0.5608517618733202,NA,0.5748985967063838,0.015042147895280359,0.1233211406240558,9.308457187311629e-05,NA,11,11,11,0.0010085259296685346,0.06352452563149609
ENSG00000152348.15,ATG10,-0.5597102631382601,NA,0.575677080801928,0.12597652085396005,0.4051666086966491,1.5295656583244335e-15,NA,39,41,41,4.291789892503755e-11,0.06455162352080039
ENSG00000167468.16,GPX4,-0.558672311442558,NA,0.5763853793588127,0.012342350257900888,0.14213125379255814,3.8780899757473576e-05,NA,9,10,10,0.016711333086780248,0.07332975465257993
ENSG00000100726.14,TELO2,0.5586460909282863,NA,0.5764032775684514,0.019356028672795247,0.07050787184742628,0.003679401890552111,NA,13,17,17,0.03545966996785436,0.13775815749612705
ENSG00000224961.1,LINC01752,-0.5579876227370134,NA,0.5768528360701383,0.01485222064035447,0.039734669593234816,0.031003079515906907,NA,29,31,31,0.04166285581848596,0.13404340621676927
ENSG00000231887.6,PRH1,0.5570653761270093,NA,0.577482762720638,0.023395709123865717,0.3554192556711165,4.957806455412489e-13,NA,29,68,68,0.0378735168908998,0.15997230641130875
ENSG00000183605.16,SFXN4,0.5569264894964965,NA,0.5775776551952829,0.22929549028161836,0.5899001092953042,1.1528804415957583e-25,NA,38,38,38,0.00973009709845105,0.2917121843501964
ENSG00000122696.13,SLC25A51,0.5565017990830602,NA,0.5778678649017657,0.0275766090288362,0.17720963123630745,1.6300176889555966e-06,NA,19,22,22,0.17161985530988122,0.04904141007446537
ENSG00000166128.12,RAB8B,-0.5563180774348939,NA,0.5779934312722401,0.005711774935844468,0.03485168709977406,0.044646280960476716,NA,24,24,24,0.005697551244442363,0.09526624088197833
ENSG00000182400.14,TRAPPC6B,0.5542009013774298,NA,0.5794413615183617,0.023136089369698586,0.08455604213065496,0.0012796162463787426,NA,70,72,72,0.04776981740942431,0.16463590487492544
ENSG00000168653.10,NDUFS5,-0.5537661594330954,NA,0.5797388907237558,0.05401455670845606,0.40505147703050026,1.1280441553034804e-15,NA,21,23,23,0.0713849987928423,0.06294388788599525
ENSG00000116198.12,CEP104,-0.5536671146114556,NA,0.5798066851566945,0.015905550148543182,0.0853334338218317,0.0017522102325681814,NA,22,23,23,0.1102534039628012,0.08194354208434379
ENSG00000109625.18,CPZ,-0.5507030677398032,NA,0.5818372413175689,0.028659198986931755,0.11764355338203154,0.00019337264122403275,NA,37,37,37,2.760199497726048e-05,0.22321698196202874
ENSG00000113318.9,MSH3,-0.550492979304698,NA,0.581981290979687,0.06281965640787371,0.3125629891956533,3.987555159079197e-11,NA,113,120,120,3.005181378055483e-09,0.23157752121730654
ENSG00000041988.15,THAP3,0.5489066898812986,NA,0.5830694869076386,0.003444345232967822,0.061141366263727084,0.006836835826217204,NA,7,7,7,0.04784246959626092,0.02420081617661135
ENSG00000087460.24,GNAS,-0.548812150128925,NA,0.5831343712100979,0.051273249491118826,0.05724242212666314,0.011240224237906705,NA,43,46,46,0.0017511918791481122,0.21311136521305846
ENSG00000225434.2,LINC01504,0.5483811495449797,NA,0.5834302171793703,0.22096462245742318,0.5053603730900672,5.580908053905383e-20,NA,36,37,37,0.00043245000617178874,0.3004064144097387
ENSG00000152952.11,PLOD2,0.5479808211473034,NA,0.5837050718948742,0.010668390350085856,0.05512957531610604,0.011520360006455888,NA,33,34,34,0.22449559408108333,0.21585835704031506
ENSG00000100626.16,GALNT16,-0.5476486063375422,NA,0.5839332074382676,0.013140493413799243,0.0455156820468212,0.024675157335146396,NA,76,83,83,0.009194972141883051,0.12706200235866588
ENSG00000143631.10,FLG,-0.5465266186651458,NA,0.5847039953715182,0.01732646256902659,0.14503491211879438,2.2282993535982148e-05,NA,21,22,22,0.21234553825349645,0.12158782003441893
ENSG00000147576.15,ADHFE1,-0.5465045298809009,NA,0.5847191747676452,0.024475004231115125,0.06935155429207931,0.004253358028498007,NA,51,52,52,0.005822191056657216,0.11687122757927547
ENSG00000185340.15,GAS2L1,0.5450904766759087,NA,0.585691292192482,0.00144438181906617,0.09471917003450099,0.0007819903725807812,NA,9,11,11,0.5010840920727394,0.035702161013515164
ENSG00000142733.14,MAP3K6,-0.5444704655651962,NA,0.586117766938751,0.01690418975770592,0.051240065349937886,0.016261631567613854,NA,12,12,12,0.5490449209159034,0.16766839333159156
ENSG00000163703.17,CRELD1,0.541739741225466,NA,0.5879978082516455,0.005083220112238152,0.4170490089806335,1.212335007071734e-16,NA,22,28,28,0.0006906653049753153,0.23775779376537776
ENSG00000081052.11,COL4A4,-0.5412173889259198,NA,0.5883577533030039,0.002868816916357461,0.03903103647287325,0.03903527625175765,NA,37,37,37,0.1534598594675287,0.02824918349640579
ENSG00000186283.13,TOR3A,-0.5409071421561092,NA,0.5885715878282467,0.026936515227107757,0.07220766852804497,0.0037025336700094173,NA,50,51,51,0.002983058136901685,0.20328020383293693
ENSG00000185880.12,TRIM69,-0.5405029900395789,NA,0.5888501995102173,0.017704776511864802,0.10867912357188636,0.00017289611899308342,NA,30,30,30,0.12199503023174453,0.09236576465589813
ENSG00000104901.6,DKKL1,-0.5386277338451484,NA,0.5901437470058982,0.05982162370349818,0.19603653238457855,4.112215562961694e-07,NA,26,28,28,0.39881585045466184,0.15291575474182528
ENSG00000113212.6,PCDHB7,-0.5385570670569335,NA,0.5901925183761886,0.0033474505253374273,0.0561933058965282,0.009266541382005306,NA,3,4,4,0.293869979642401,0.08404308167969167
ENSG00000197020.10,ZNF100,0.5383745334948451,NA,0.5903185042761101,0.23000365649821988,0.5227825583676684,1.880109954584003e-21,NA,19,19,19,0.006183296059207412,0.23262691038449865
ENSG00000054967.12,RELT,0.5381162793057497,NA,0.5904967742156082,0.0038086401608190485,0.042001189599304635,0.026626019144935,NA,13,13,13,0.35233596211578,0.1081372862411555
ENSG00000104524.13,PYCRL,0.5375642990744515,NA,0.5908778829714374,0.005703551134477396,0.05640222659857905,0.008371244936518467,NA,20,22,22,2.240283184319384e-06,0.05406727848650435
ENSG00000176769.9,TCERG1L,0.5368852790816238,NA,0.5913468600847422,0.016526881647666764,0.04138522703581437,0.030803187855458245,NA,12,15,15,2.6656110451590026e-06,0.11617414491136956
ENSG00000116977.18,LGALS8,-0.5354742127886832,NA,0.5923219845913847,0.05583327889759714,0.1223445083803878,0.0001678208892607723,NA,84,91,91,0.00790410514884084,0.15041135654436769
ENSG00000237940.3,LINC01238,0.5334912983347,NA,0.5936935330059772,0.008470836179803508,0.06140042830022693,0.007410733553960734,NA,4,7,7,0.614316870370293,0.111986163285307
ENSG00000157326.18,DHRS4,0.5334493747004837,NA,0.5937225465593263,0.010525440399776171,0.08963582758358635,0.0011283050673166358,NA,28,31,31,0.05930197003324722,0.21509020612510327
ENSG00000147364.16,FBXO25,0.5333484731488649,NA,0.5937923788657935,0.007195971360763471,0.16744953778171867,3.6613670353003725e-06,NA,9,11,11,0.02554292062982259,0.05847041082497353
ENSG00000163157.14,TMOD4,0.5330875576943993,NA,0.5939729715884741,0.028648826051034276,0.05779750381620866,0.01159270320138078,NA,50,53,53,0.017481878352593617,0.11263996798114165
ENSG00000148965.9,SAA4,0.5317686862932149,NA,0.5948862131208246,0.1534546496054771,0.036899683640334593,0.04352501382059867,NA,76,80,80,6.8436770804272836e-12,0.41196059184520495
ENSG00000183336.8,BOLA2,0.5303006752919259,NA,0.595903478565962,0.013861465891382976,0.05898053759621159,0.010507004582241441,NA,8,9,9,0.006487557347320182,0.1959915648079447
ENSG00000102452.15,NALCN,0.5302244306245126,NA,0.5959563343388083,0.011542165474057118,0.045177679077507325,0.026082543362935362,NA,28,34,34,7.530084817507237e-07,0.08191971160882207
ENSG00000167711.13,SERPINF2,-0.5286880298215114,NA,0.5970218822813076,0.012897948987111683,0.09179877899992414,0.0007891536245344325,NA,8,9,9,0.1327781522278391,0.06637262652619011
ENSG00000138039.14,LHCGR,0.5285754028584229,NA,0.5971000271228302,0.016374958322673456,0.07197482490448899,0.003714631785886232,NA,14,15,15,0.002722924965969381,0.11080696930518284
ENSG00000236682.1,AC068282.3,-0.5281761335536606,NA,0.5973770927238256,0.2566491567222896,0.5869648078568116,1.2234763385754095e-25,NA,21,21,21,0.40254130227509544,0.07117842694814819
ENSG00000255398.2,HCAR3,0.527965937074438,NA,0.5975229781914472,0.018101908253082007,0.16912598274856686,3.278542209949297e-06,NA,15,17,17,0.0297905576670755,0.15286613432758156
ENSG00000087076.8,HSD17B14,-0.5276534664120317,NA,0.5977398762980115,0.014648336210758978,0.1169252502320509,0.00016996738282318597,NA,12,13,13,0.09384093167126886,0.12375954895279415
ENSG00000263956.6,NBPF11,0.5265662182039396,NA,0.5984948564213687,0.015389781501266919,0.1334422190151468,6.518122420339886e-05,NA,13,19,19,0.024455060369426445,0.1195733443943366
ENSG00000119446.13,RBM18,-0.5264334319858527,NA,0.5985870921959642,0.01077870637352103,0.04409735672804667,0.022940351431130514,NA,36,40,40,0.02067196578540182,0.07432210212061129
ENSG00000100991.11,TRPC4AP,0.5263504127130992,NA,0.5986447622013997,0.027251263582239893,0.04305511295892418,0.027273307595449485,NA,44,44,44,0.02588187139173318,0.13851114849416785
ENSG00000260306.1,RP11-645C24.5,0.5261070735480211,NA,0.5988138142270756,0.013476855725506016,0.03848476831290268,0.032419703055853524,NA,20,23,23,0.01893298825655374,0.18040337766770456
ENSG00000125869.9,LAMP5,-0.5259686600338852,NA,0.5989099822030368,0.010948725209235712,0.04647361707046302,0.02017698395693391,NA,6,7,7,0.5313653058243422,0.1417261928605755
ENSG00000182534.13,MXRA7,0.5258106062219593,NA,0.5990198045739101,0.021330769198285963,0.3814586408990933,3.0118692444002804e-14,NA,15,16,16,0.0003819633330349683,0.06430952211733547
ENSG00000137074.18,APTX,-0.5253744356462573,NA,0.5993229213976505,0.056224634219114056,0.2582174855620807,6.6724466320616175e-09,NA,44,46,46,0.00420048403091051,0.16525811315671066
ENSG00000277232.2,GTSE1-AS1,0.5252175469420779,NA,0.5994319682219558,0.013958850364286127,0.0429673756549801,0.025232940460505587,NA,14,17,17,0.051247382002098094,0.10841793860991042
ENSG00000132005.8,RFX1,0.5249744617334362,NA,0.5996009444045184,0.01553142909754162,0.12496475808852785,0.0001443385346077316,NA,18,22,22,0.05699744058495434,0.14975170838467422
ENSG00000237461.1,RP11-554F20.1,0.5247761120137421,NA,0.5997388395176708,0.014254366416606172,0.08641760409332523,0.001422556629917349,NA,30,33,33,0.11186597104137506,0.05049521036339658
ENSG00000147439.12,BIN3,0.5240649556685181,NA,0.6002333619355047,0.04714040747207382,0.16233596984246865,6.511234255064327e-06,NA,44,46,46,2.86595120547482e-15,0.22342319230209934
ENSG00000198917.12,SPOUT1,0.5235002297444296,NA,0.6006261911932671,0.013677041239193577,0.039956949521828544,0.03516212043314627,NA,22,25,25,0.4755204712297064,0.29068736965311925
ENSG00000133657.14,ATP13A3,-0.5228575954790838,NA,0.6010733555948604,0.018799865103360732,0.04185139093404154,0.030757982868147887,NA,56,59,59,0.0016938209175354115,0.05937350750391801
ENSG00000062598.17,ELMO2,0.5216796216177673,NA,0.6018934156130556,0.03590691996341951,0.04850977278037745,0.019772851313880218,NA,30,35,35,2.9906997196263543e-05,0.17386314231417258
ENSG00000232063.1,RP11-307E17.8,0.5210494605836232,NA,0.6023323164657204,0.014564841900479126,0.0648554874820162,0.006575926947189818,NA,29,31,31,0.0048012242743207725,0.028967709417958763
ENSG00000065717.14,TLE2,-0.5207559763035084,NA,0.60253677453238,0.04805116149352359,0.0668573532455636,0.0037954008783915704,NA,116,143,143,1.2531254028804646e-06,0.1044763412683245
ENSG00000250986.1,AC141928.1,-0.5199371540751174,NA,0.6031073784782024,0.02738257798947695,0.061363876359225515,0.007889318016169933,NA,32,37,37,0.008797326851618327,0.2772042420630313
ENSG00000125851.9,PCSK2,-0.5198792121816082,NA,0.6031477650383552,0.010566833326675691,0.035980626834898784,0.0478750538571148,NA,16,17,17,1.0330715240366358e-06,0.062317658630207176
ENSG00000205809.9,KLRC2,-0.5193348347078302,NA,0.6035272654952542,0.11081255458929014,0.05177958929786978,0.013828243115669724,NA,75,82,82,2.6249469721840905e-06,0.8116573666605295
ENSG00000163945.15,UVSSA,-0.5185314531388292,NA,0.6040875208128957,0.04698003175987309,0.2885022421416142,6.098767053023766e-10,NA,28,31,31,0.0005161086193371214,0.15326331357907375
ENSG00000100926.14,TM9SF1,-0.5185226498683062,NA,0.6040936612553378,0.0027429203454240355,0.033196156950650084,0.049279720334558484,NA,13,17,17,0.12865917291285925,0.061934012327412524
ENSG00000142188.16,TMEM50B,0.5179943510801887,NA,0.6044622106379421,0.03549603407683119,0.21665899222480184,1.326856686458175e-07,NA,36,37,37,0.012272946999687517,0.0813500217986722
ENSG00000185043.10,CIB1,0.5177886332049363,NA,0.6046057498912134,0.03074116526082125,0.1075424621730923,0.00036431075251767693,NA,41,42,42,0.11562346370929391,0.15854205070365715
ENSG00000133256.12,PDE6B,-0.5169379909079264,NA,0.60519944620633,0.005932555674647929,0.04436288931859576,0.021515969609437142,NA,4,4,4,0.005955382411066696,0.08881210194851909
ENSG00000107242.17,PIP5K1B,-0.5161433803476213,NA,0.6057542716905729,0.0464462448471069,0.07489368324966916,0.003809433604316747,NA,50,58,58,0.005574159464066821,0.15648360663238264
ENSG00000178965.13,ERICH3,0.5160106081174678,NA,0.6058470002045775,0.019521013131937832,0.04793621491677917,0.019026390781989196,NA,34,35,35,1.854530922031242e-06,0.17031368987072226
ENSG00000172594.12,SMPDL3A,-0.5156993270690761,NA,0.6060644247053255,0.011449772373210173,0.07822009361935164,0.001962785241264317,NA,16,16,16,0.03745520207384124,0.14225316503046126
ENSG00000278192.1,RP5-1056H1.2,0.5151671565920766,NA,0.606436217542113,0.012567215415227226,0.036863315129852234,0.0410435281832834,NA,24,29,29,0.16711388498850333,0.05668123561966443
ENSG00000258572.1,RP11-1070N10.3,0.514583655848775,NA,0.6068439886555697,0.022948386179467553,0.12516694919159135,0.00010906748205632544,NA,35,38,38,0.12580112210323902,0.14234841912965313
ENSG00000008130.15,NADK,0.5136756624602251,NA,0.6074787702958082,0.002482241935169418,0.0476845354871929,0.018879232476555152,NA,2,2,2,0.30121378294141865,0.05194900270409029
ENSG00000184014.7,DENND5A,-0.513313372068391,NA,0.6077321315649169,0.000610738863775839,0.052503293845793074,0.015120231261947153,NA,4,4,4,0.4527224724128267,0.01404805214708253
ENSG00000137675.4,MMP27,-0.5132204792438783,NA,0.607797102081932,0.037396672297269375,0.05062172958914112,0.016942480354844525,NA,30,30,30,0.007314014587158146,0.3451844169191847
ENSG00000188611.14,ASAH2,-0.5131336964430447,NA,0.6078578019630978,0.1739178123828604,0.4335388690122566,3.340372265683407e-16,NA,33,36,36,0.011642160666774834,0.14312800542692122
ENSG00000186468.12,RPS23,-0.5109544756379276,NA,0.6093829344949244,0.0168801121127851,0.17925370500708318,2.08109943271252e-06,NA,17,18,18,0.28395932149642134,0.042453982096962765
ENSG00000110786.17,PTPN5,0.5105807216599554,NA,0.6096446778966671,0.038891575278518976,0.2194499129169095,8.771470707012805e-08,NA,4,5,5,0.47082626300311525,0.195205849447174
ENSG00000172728.15,FUT10,0.5105133526208409,NA,0.6096918623783538,0.03703419434463426,0.2384194066149653,3.801166739108398e-09,NA,16,18,18,0.0014236082038699073,0.06424916476683128
ENSG00000133641.17,C12orf29,0.5088651473871647,NA,0.6108467510562049,0.0036791097488610555,0.11855090925917335,6.897232391130199e-05,NA,80,82,82,0.24936802551542814,0.026317430421473026
ENSG00000057704.12,TMCC3,-0.508063829751687,NA,0.6114085803053444,0.06263561271716239,0.1461630198698852,2.8350527078595367e-05,NA,22,23,23,0.0019120270291541595,0.1738650838102845
ENSG00000139344.7,AMDHD1,-0.5078832521109282,NA,0.6115352206218976,0.09167273212667854,0.17078608857265107,5.530634534111277e-06,NA,34,36,36,0.028370631016033685,0.25805980068414097
ENSG00000111666.10,CHPT1,-0.5075165875363682,NA,0.6117924006924722,0.02111635171357236,0.0472753241901592,0.016222963532796324,NA,48,48,48,0.0002431753120487903,0.0841861519439702
ENSG00000031691.6,CENPQ,-0.5073893563329471,NA,0.6118816523790961,0.11605936621522636,0.3454597652480548,9.026422635307752e-13,NA,52,54,54,0.19516525424490272,0.08514752817299137
ENSG00000227124.8,ZNF717,-0.5072059319673654,NA,0.6120103332669813,0.0027755889102378875,0.06651186877709292,0.005347008782035481,NA,8,9,9,0.03817647763967828,0.04563629752838338
ENSG00000150753.11,CCT5,0.5069822927032053,NA,0.612167243009605,0.0009801999908243503,0.041038425378055486,0.03138426073761698,NA,8,8,8,0.30570734242022246,0.09609561526760894
ENSG00000095321.16,CRAT,-0.5066701222631276,NA,0.6123862977299062,0.017789086351906534,0.09358959989175733,0.0007823043308465791,NA,19,19,19,0.2436962913607552,0.07584340971318533
ENSG00000083290.19,ULK2,0.5065359944843386,NA,0.6124804278645595,0.017706188847062758,0.16797596543276938,3.820350393332268e-06,NA,18,19,19,0.002835746635963709,0.15969010098825562
ENSG00000232229.5,LINC00865,-0.5057533371238072,NA,0.613029819978125,0.006579684249655279,0.123016336520137,0.00016497015582542357,NA,4,4,4,0.41269942626026734,0.10265319896612886
ENSG00000078674.17,PCM1,0.5051286924419924,NA,0.6134684500094516,0.0389411526010903,0.05073792204874136,0.01563852100795508,NA,61,65,65,1.1190135071512184e-07,0.2193005300766181
ENSG00000257704.3,INAFM1,-0.504940917045801,NA,0.613600334321807,0.0267333593837809,0.07341110084971406,0.003943440613042785,NA,73,78,78,4.9412009059392795e-06,0.0957192361325608
ENSG00000159921.14,GNE,0.5046969370373846,NA,0.6137717127017481,0.003817174998819143,0.11710484344214138,0.00018972444372934767,NA,2,2,2,0.6135093149290395,0.08881399415507057
ENSG00000041802.10,LSG1,0.5045333972349861,NA,0.6138865994463475,0.13176004458706503,0.5743947972276822,4.511500525074709e-25,NA,40,42,42,3.6607181453274917e-10,0.2721727320049253
ENSG00000198894.7,CIPC,-0.5044127678757612,NA,0.6139713476710901,0.012047058697922556,0.06866765676754355,0.004471249772324515,NA,8,8,8,0.0034306146897252654,0.2362189950686204
ENSG00000160310.17,PRMT2,-0.5032422279576387,NA,0.6147939788193966,0.06680740145162015,0.07127928664924207,0.004583922073083425,NA,56,64,64,9.444940628370347e-10,0.2762154581577251
ENSG00000150527.16,CTAGE5,-0.5030057214464689,NA,0.614960249575017,0.015671221507114093,0.09010770256062046,0.0014666928154424652,NA,46,52,52,0.0014226783597418087,0.14682370833318426
ENSG00000138758.11,SEPT11,-0.5013644847416004,NA,0.6161146298834884,0.010189334078114301,0.047507220207732674,0.020311127682236876,NA,74,77,77,0.004042533190069117,0.05734212325825915
ENSG00000111266.8,DUSP16,-0.5006400427322345,NA,0.6166244758803179,0.009326309680734111,0.03963302416376069,0.03527011863344702,NA,34,37,37,0.007516201771444276,0.1070213785363614
ENSG00000225331.1,LINC01678,-0.4995846891482651,NA,0.6173675409097774,0.07231952336394178,0.2487636337335493,5.7853438523372185e-09,NA,29,30,30,0.005112832354175146,0.20270878419000424
ENSG00000131969.14,ABHD12B,0.4993594691006866,NA,0.6175261670922271,0.006566346130435557,0.04053204510826497,0.03156001440442578,NA,5,5,5,0.565092224830553,0.02749213927712206
ENSG00000035115.21,SH3YL1,0.4974676952257663,NA,0.6188592782580017,0.08236865547046272,0.20788836105602831,8.429756761715361e-08,NA,108,113,113,0.05396416066011297,0.23184451171894865
ENSG00000221983.7,UBA52,-0.49696788285611354,NA,0.6192117000186292,0.018209279928141718,0.0368102551240122,0.03754623256319499,NA,25,27,27,1.7154580490335847e-25,0.11476308631466707
ENSG00000139835.13,GRTP1,0.4963637007172545,NA,0.6196378306255986,0.0037708339877693866,0.14152714046402254,2.923038998183325e-05,NA,2,2,2,0.6239292813715864,0.04954354531127792
ENSG00000107816.17,LZTS2,-0.4955957870957257,NA,0.620179625749881,0.0014772146023604158,0.06548781943764106,0.004257578283526251,NA,9,11,11,0.4483105392285639,0.033056964476802266
ENSG00000066027.11,PPP2R5A,-0.4954093897619063,NA,0.6203111679662731,0.02324616091710586,0.10326919063806754,0.0005893661544544732,NA,55,55,55,0.0006569442330628883,0.18376371958193885
ENSG00000103148.15,NPRL3,-0.49440868412435546,NA,0.6210175822051971,0.0360771439206226,0.14077149421338422,1.4534573052943726e-05,NA,22,23,23,0.0014016646620142886,0.12236935300107235
ENSG00000272156.1,RP11-477N3.1,0.494026640758247,NA,0.6212873650130253,0.0460017131746626,0.08676200549930331,0.0013334797811393895,NA,33,35,35,7.910142155431062e-08,0.1399920088916639
ENSG00000112592.13,TBP,0.49396729702550407,NA,0.6213292756081468,0.00025414125478410033,0.0777136190032269,0.002955095617489795,NA,18,18,18,0.5886853977123563,0.0052864228006398355
ENSG00000140400.16,MAN2C1,-0.49369957211392174,NA,0.6215183674662272,0.06614657519516023,0.2922233704761993,3.0201409357847674e-10,NA,34,37,37,0.037976985639398574,0.1124213327928967
ENSG00000178718.6,RPP25,-0.49220788082483763,NA,0.6225723938254131,0.026260129242172803,0.17050368353864814,5.288099582477167e-06,NA,18,22,22,0.11413320360922272,0.19419385417604207
ENSG00000196189.12,SEMA4A,0.49196546749715075,NA,0.6227437558176985,0.007641342672488126,0.04528962328970988,0.016565027056590558,NA,22,23,23,0.021099498003361392,0.11100417570953564
ENSG00000136158.11,SPRY2,0.49158173169780756,NA,0.6230150604514486,0.07896829038484969,0.1616430285205994,1.1131936479370097e-05,NA,63,63,63,0.0011012104995967486,0.25222103882469377
ENSG00000125247.15,TMTC4,0.4910559239344071,NA,0.6233868943407647,0.01719844230668324,0.06688195499799852,0.005941236166425965,NA,17,18,18,4.389811324574944e-05,0.11454219969110399
ENSG00000188199.10,NUTM2B,-0.490891967009067,NA,0.6235028589071097,0.015871656398480757,0.2317485343641728,4.7282252809363454e-08,NA,24,29,29,0.07445859086209596,0.15402853351746368
ENSG00000023516.8,AKAP11,0.4908171747321616,NA,0.6235557615962524,0.013161256048385535,0.10566053802294637,0.0002841279423543722,NA,25,26,26,0.07375779820083452,0.0520820221369183
ENSG00000205560.12,CPT1B,-0.4902221174798086,NA,0.62397673156496,0.04408302294680087,0.16743843227545405,2.269929234041661e-06,NA,27,28,28,0.00018748864917909262,0.2430210331926931
ENSG00000091640.7,SPAG7,0.4899828233720439,NA,0.6241460534928391,0.02897065719896493,0.121073922338716,7.511860342705146e-05,NA,21,23,23,0.13712079191873217,0.20512079903702068
ENSG00000181029.8,TRAPPC5,0.48914494972926836,NA,0.6247390802563901,0.03929942196439749,0.1463586537757933,2.9531970060036437e-05,NA,55,60,60,0.00036826538846954635,0.10536550288294694
ENSG00000160917.14,CPSF4,0.4890756604670812,NA,0.6247881324128379,0.01515467556155705,0.059967805010105076,0.010058519152743773,NA,36,40,40,0.08898461330923199,0.2257672473443524
ENSG00000117834.12,SLC5A9,0.4876093466266607,NA,0.6258265739203293,0.049368830898517985,0.12624853766206973,0.00010290155280921572,NA,25,26,26,1.0580501886098805e-06,0.1518879237427031
ENSG00000101104.12,PABPC1L,0.4874074730017557,NA,0.6259695987577707,0.022951636818617314,0.061961796677038126,0.007429601672543114,NA,40,43,43,0.007336779928438224,0.15235732432101018
ENSG00000257949.6,TEN1,-0.4867316904911545,NA,0.6264484842622416,0.004290014176264375,0.14871485771606624,2.2045500034833767e-05,NA,5,6,6,0.012212256750850544,0.04774009701962878
ENSG00000236908.2,RP5-1063M23.2,0.48627629490646196,NA,0.6267712839701212,0.01750567485910278,0.06266217631621286,0.008390295143915389,NA,17,17,17,0.008538681555580257,0.05831667474465969
ENSG00000171823.6,FBXL14,-0.4861819502643673,NA,0.6268381675670994,0.01928299832831539,0.03498399698468859,0.048268352132257775,NA,23,24,24,0.00015620347785843123,0.23895098221847916
ENSG00000196460.12,RFX8,-0.48597404792086496,NA,0.6269855662733284,0.07784077667515557,0.2019076501012102,3.2979324213429035e-07,NA,47,49,49,0.0673323820346108,0.32245946271242304
ENSG00000106290.14,TAF6,-0.4859106907445166,NA,0.6270304882366224,0.049842893207083,0.0880337122931056,0.0013443536409974836,NA,39,39,39,0.0010159296819499568,0.16056970432620687
ENSG00000197217.12,ENTPD4,0.48583059199844086,NA,0.627087282408152,0.002507098848238358,0.03512753368473813,0.038880324324136434,NA,3,3,3,0.49140269651910173,0.05605899700724242
ENSG00000241186.9,TDGF1,-0.48566346282913375,NA,0.6272057927869453,0.23723762212408417,0.4233636551465373,7.206651885310278e-16,NA,60,63,63,0.0038244606693143266,0.4714675403391573
ENSG00000100731.15,PCNX1,-0.4851204396888741,NA,0.6275909139135619,0.017833568617437144,0.2418943811487765,1.9784872831298328e-08,NA,13,14,14,0.23539499784627527,0.08332992195694988
ENSG00000075131.9,TIPIN,-0.48150806190562956,NA,0.6301554513337981,0.03560152859194027,0.21944246869178413,7.499843709252005e-08,NA,41,42,42,0.20426104232857756,0.016859332830800274
ENSG00000120594.16,PLXDC2,0.48078472233449676,NA,0.6306695095328596,0.0020063095141250663,0.03736522108481025,0.038027196925371286,NA,3,3,3,0.5781681976592528,0.08910379888697831
ENSG00000169282.17,KCNAB1,-0.48023745269130247,NA,0.6310585583443962,0.014803980300318485,0.04585914042268367,0.02378965312093956,NA,27,28,28,0.05027668768018164,0.11069330377998138
ENSG00000217702.2,RP11-287D1.4,-0.4788527174363905,NA,0.6320434100628409,0.09444102128285059,0.19742290991907646,6.820974894769054e-07,NA,17,22,22,0.38950068730193144,0.1911783439640349
ENSG00000165650.11,PDZD8,0.4787450975437777,NA,0.6321199788837621,0.0071736040942233965,0.07757327236403075,0.002172944406842305,NA,54,55,55,0.03711396688292125,0.12380597283016916
ENSG00000135002.11,RFK,0.47751597117249156,NA,0.6329947507461087,0.01339866064147405,0.06791969582097168,0.00613083803724396,NA,44,45,45,0.15816817249666681,0.11997833473588362
ENSG00000213672.7,NCKIPSD,-0.4764033111233342,NA,0.6337870761936063,0.00998829026311455,0.1087157906438045,0.00037389133723293933,NA,11,12,12,0.2995503635003198,0.05887030405222474
ENSG00000182512.4,GLRX5,0.4755028776004766,NA,0.6344285826744348,0.010597999250153712,0.08691496071858043,0.00107894751046697,NA,11,12,12,0.058422420316760884,0.05824294797117225
ENSG00000233754.2,AP001628.7,-0.47486199569688364,NA,0.634885341109306,0.16751822915174042,0.18785623458866246,1.111014917494224e-06,NA,76,86,86,0.00362859413577962,0.2928893757694945
ENSG00000134470.20,IL15RA,0.4744860698128549,NA,0.6351533293043299,0.003573120216505715,0.05774913038646656,0.008954335170910285,NA,11,12,12,0.5644750849843,0.03322473718087149
ENSG00000104361.9,NIPAL2,0.4742400246578749,NA,0.6353287546498978,0.0002852258340404755,0.03895727707493441,0.036676765054915135,NA,5,6,6,0.24503846437214083,0.014992349722293909
ENSG00000218510.6,LINC00339,-0.4739867010570281,NA,0.6355093907717116,0.257469973033395,0.4780406527594172,1.8386455889532167e-19,NA,67,70,70,2.585785414001977e-07,0.4370846032318136
ENSG00000137563.11,GGH,-0.47397578023921216,NA,0.6355171785093436,0.01444215543145415,0.0930474651837544,0.0006057580389609201,NA,44,45,45,0.00030515799475054053,0.18776335654504034
ENSG00000126460.10,PRRG2,-0.4739580836171362,NA,0.6355297982221428,0.002787432442292489,0.08038721978721074,0.0017201560660358409,NA,8,8,8,0.04290906382731851,0.04734751418061663
ENSG00000105072.8,C19orf44,-0.47213172319430485,NA,0.6368327704001493,0.06792243472092223,0.2397054619013349,1.785177332018488e-08,NA,88,100,100,9.534452605326436e-06,0.13275289292259027
ENSG00000184903.9,IMMP2L,-0.4712631750623299,NA,0.6374528094036702,0.03918877575381458,0.03944965383051977,0.03684662502066258,NA,100,102,102,7.973519870385067e-13,0.13718239432466034
ENSG00000172543.7,CTSW,0.4707581269971976,NA,0.6378134697785189,0.10674938727579558,0.4219814515491477,5.686827243848334e-17,NA,13,13,13,0.5340575861054444,0.04239269953662954
ENSG00000023892.10,DEF6,-0.4699312008815993,NA,0.6384041719346781,0.0005335326217736328,0.06940042263700613,0.003706945886939653,NA,4,4,4,0.22827660362795732,0.05833987986368413
ENSG00000127337.6,YEATS4,-0.4690035616869054,NA,0.6390670901762623,0.0323013627816942,0.11304825124181607,0.0002899735446613382,NA,47,47,47,3.782335233728841e-07,0.10705848315143952
ENSG00000262681.2,RP11-311F12.1,-0.46874219218986285,NA,0.6392539246133309,0.02078568891974337,0.1572268607081352,1.5219800891069144e-05,NA,8,9,9,0.6277165236807936,0.029995360148101138
ENSG00000183145.8,RIPPLY3,-0.46851120721874984,NA,0.6394190583716659,0.011729871730746423,0.057065748139122074,0.003638097025594671,NA,4,4,4,0.5908715592211224,0.08431187012219599
ENSG00000060642.10,PIGV,0.46848411118078764,NA,0.6394384308058164,0.003779602239134849,0.05412645622634021,0.013880153330995851,NA,21,22,22,0.0651124660450024,0.07657045270972483
ENSG00000058056.8,USP13,0.467833264895442,NA,0.639903830153149,0.010615666531749269,0.035822185074627484,0.04084663475457389,NA,31,33,33,0.008386140442478549,0.2304621914564785
ENSG00000108823.15,SGCA,-0.46748739676992335,NA,0.6401512070602462,0.014933823867868939,0.15651023798367567,8.120965231986746e-06,NA,17,18,18,0.20162229862645475,0.09304804075796094
ENSG00000108384.14,RAD51C,0.46738239354803385,NA,0.6402263169314356,0.05299982473095246,0.279507749818893,5.288225020903706e-10,NA,33,33,33,0.25072317740663697,0.055572739745828166
ENSG00000162782.15,TDRD5,0.4671246093310797,NA,0.6404107282324298,0.0868788961451184,0.19253704437804406,1.3449518521986574e-07,NA,36,37,37,0.06537890134406968,0.20849278644633248
ENSG00000255374.3,TAS2R43,0.467063078568764,NA,0.6404547488263348,1.9394673986159026e-05,0.3893414430965029,3.805698142274806e-14,NA,2,17,17,0.04809045714568721,0.0062406592488510005
ENSG00000170917.13,NUDT6,0.4661458256649616,NA,0.6411111236422912,0.050702323343430125,0.05068374628041431,0.01774396536488062,NA,64,67,67,0.0036370924616796647,0.11403548909378478
ENSG00000103249.17,CLCN7,-0.46576410941553376,NA,0.6413843578023672,0.04842988550663138,0.11302543252725987,0.00028392921357108013,NA,29,33,33,0.0002946593420829194,0.23350507210340346
ENSG00000059145.18,UNKL,0.46550742840176806,NA,0.6415681185143626,0.03726224337973068,0.09379836155105788,0.0006805733154601598,NA,57,60,60,0.0010793501109434517,0.2248750554290809
ENSG00000254997.3,KRTAP5-9,0.4653182383337707,NA,0.64170357578625,0.06460161679209625,0.045625708827897835,0.02391111885376049,NA,71,80,80,1.1949319867626058e-05,0.1334852792464575
ENSG00000070718.11,AP3M2,-0.46485890059174373,NA,0.6420325043884516,0.0582388220167963,0.27347103739068185,6.194867870815878e-10,NA,39,39,39,0.022431014839998046,0.061566462296243775
ENSG00000274712.1,RP11-147L13.15,0.46439108544537044,NA,0.6423675758005815,0.015265904182556238,0.062368418988633725,0.0061795400461438525,NA,23,24,24,0.004020330563036271,0.09767456007447872
ENSG00000248265.1,FLJ12825,0.4642241579297469,NA,0.642487154836678,0.1742022204202175,0.2652929205924145,8.108031651887005e-10,NA,30,31,31,0.000699324829847424,0.29302445746460754
ENSG00000120675.5,DNAJC15,0.4633736690222059,NA,0.643096548992894,0.12531623077521553,0.6029753437981653,1.646966504311705e-27,NA,18,19,19,3.3084794962066543e-10,0.0986770236858448
ENSG00000196417.12,ZNF765,0.462479938145559,NA,0.6437371858081535,0.0667576601537859,0.1642518027912409,6.368152892649359e-06,NA,48,67,67,2.6921753225979466e-10,0.2079734324891129
ENSG00000189190.9,ZNF600,-0.46236593359728745,NA,0.6438189246660657,0.012114056953662005,0.19580472690319484,4.385566481701648e-07,NA,2,3,3,0.5779422452323517,0.12422121709873235
ENSG00000159267.14,HLCS,0.46044297688348834,NA,0.6451982926988946,0.037523035282520316,0.2386285546363477,2.5875292601158667e-08,NA,17,17,17,0.3621408410347894,0.04942872309418598
ENSG00000196352.14,CD55,-0.45982417009363646,NA,0.6456424328966508,0.01729361692768701,0.09415241009873958,0.0009720419759697967,NA,28,28,28,1.5444949368529984e-08,0.08974204552181582
ENSG00000182154.7,MRPL41,-0.45815032720565796,NA,0.6468444439374239,0.013241199596310548,0.0974014909751593,0.0006084533356857084,NA,1,1,1,0.6468444439374239,0.17386577981344756
ENSG00000247317.3,RP11-273G15.2,0.45806106713422845,NA,0.6469085688212395,0.068492572527017,0.2765523914666336,7.015950041687438e-10,NA,29,31,31,0.006358949942155367,0.1179543747306324
ENSG00000250596.1,RP11-440I14.2,0.4577559003709534,NA,0.6471278219598942,0.07355218521546979,0.3587561551739857,1.0999742894441863e-12,NA,28,31,31,3.890114035790088e-08,0.21602663452553436
ENSG00000161265.14,U2AF1L4,0.45765810174094335,NA,0.6471980938151375,0.1066113074593961,0.3321583495829049,9.541748660728174e-13,NA,40,43,43,0.0032330854046170926,0.20044594520866016
ENSG00000188916.8,FAM196A,-0.45764431533559313,NA,0.6472080000993041,0.1076432889476293,0.09773212935459262,0.0006545834312237496,NA,78,83,83,0.001626093053024733,0.3720437869736204
ENSG00000240344.8,PPIL3,0.4574200408517006,NA,0.6473691623256799,0.08866509758121628,0.2545822549244132,6.873897724579686e-10,NA,40,41,41,0.029508183443904528,0.2249648966042736
ENSG00000116017.10,ARID3A,0.45731502893694154,NA,0.647444628907519,0.04041817344970828,0.1283335393649097,8.209496017023861e-05,NA,45,51,51,0.00011624884759832181,0.2909169608277566
ENSG00000170454.5,KRT75,-0.457251520254285,NA,0.6474902710415544,0.008472797620610737,0.046127711151707856,0.02014527556812629,NA,9,10,10,0.00016989733267093913,0.13105924306400413
ENSG00000070087.13,PFN2,-0.45655813010281876,NA,0.6479886797558034,0.017794888852352385,0.03566903358336033,0.04448900786449417,NA,41,44,44,1.7747241684705362e-05,0.1697705480265152
ENSG00000243137.7,PSG4,0.45598537353147706,NA,0.6484004960966683,0.054103587520297355,0.3506783719546219,1.5629733758703274e-12,NA,18,23,23,0.0022971600519354437,0.16535636012050545
ENSG00000196981.3,WDR5B,0.45529739771234345,NA,0.6488952981480005,0.008037986300331177,0.11708141857110252,0.00017969538014735457,NA,12,12,12,0.1801900353634922,0.03131777898038537
ENSG00000166359.10,WDR88,0.45495335864672953,NA,0.6491427941187982,0.08792985658644742,0.2030578670695485,4.608205857513959e-07,NA,49,59,59,0.0025692402476523695,0.1450590254730676
ENSG00000167723.14,TRPV3,0.45447574603393337,NA,0.6494864448922262,0.008064599036830673,0.049197081372661114,0.020236959765469943,NA,5,5,5,0.004953002294530652,0.10970752098296377
ENSG00000187624.8,C17orf97,0.4522078374957292,NA,0.6511192625469375,0.13035487985766347,0.5197646522447672,9.513522668325983e-21,NA,7,15,15,0.23253402139516954,0.4951286810399423
ENSG00000078579.8,FGF20,0.45060955908601813,NA,0.6522709759072944,0.021557427778793825,0.04229224468934206,0.02537391069208593,NA,21,21,21,4.0014719889651205e-07,0.09159511517562433
ENSG00000139192.11,TAPBPL,-0.45042953046625334,NA,0.6524007558870382,0.07951945353928797,0.2770671789102757,6.503769453474398e-10,NA,38,38,38,3.709614102786725e-05,0.08356162229709846
ENSG00000257647.1,RP11-701H24.3,-0.4490303208860933,NA,0.6534097839673609,0.010888815658582256,0.044133956486353335,0.0278684070732922,NA,8,12,12,0.3069074919712603,0.16147646330885915
ENSG00000172006.11,ZNF554,0.4487815590123006,NA,0.653589242915855,0.022371173707442682,0.13900363410245464,2.934057045436144e-05,NA,32,35,35,9.419688128502727e-05,0.017218410929643484
ENSG00000120337.8,TNFSF18,-0.4485041182922481,NA,0.6537894146633241,0.03966585799594578,0.07333236844615396,0.003905476645847941,NA,41,44,44,0.0005597112755064183,0.2174400416648041
ENSG00000001167.14,NFYA,0.44847371195181823,NA,0.6538113541629316,0.026590565764755138,0.11978056883089665,6.0238810432721585e-05,NA,31,31,31,0.0203818924564896,0.16838971528573918
ENSG00000248508.6,SRP14-AS1,0.44732085830200946,NA,0.6546434088733495,0.019053598675671024,0.09640739936933876,0.0008291127791837699,NA,21,23,23,0.016899798691438792,0.21005712823817724
ENSG00000159495.7,TGM7,0.44731111368872917,NA,0.6546504437313101,0.06754385431951287,0.14424257493396292,2.714751014344419e-05,NA,32,34,34,0.10479156073283238,0.08989757817621072
ENSG00000100296.13,THOC5,-0.44649854692289626,NA,0.6552371619955022,0.10450886157246544,0.4265419443889311,6.217006034382228e-16,NA,15,15,15,0.012266257521686766,0.13725609081321152
ENSG00000256235.1,SMIM3,0.4463681874143141,NA,0.655331308615605,0.06687860418323552,0.15069818493088669,1.3102826394372976e-05,NA,141,147,147,5.173430393851849e-11,0.15883643840360878
ENSG00000258413.1,RP11-665C16.6,-0.4458835618331405,NA,0.6556813568952196,0.1335041156214641,0.0324699516903056,0.048275398212661816,NA,75,86,86,0.00807925053179434,0.25053593054555506
ENSG00000162927.13,PUS10,-0.4445687587889038,NA,0.656631428713417,0.013988277535627121,0.038593578048780976,0.03475632437241439,NA,13,13,13,0.04010271910430831,0.05331387541142761
ENSG00000115461.4,IGFBP5,-0.4441050893551648,NA,0.6569666070908833,0.03673667732064514,0.03788623628064007,0.0416097548437966,NA,38,43,43,3.0581186934292224e-06,0.24171340866581306
ENSG00000249931.4,GOLGA8K,0.4439510111800241,NA,0.6570780027428871,0.019676053442168946,0.06005859158429579,0.009952537732623064,NA,10,24,24,0.11503210036436351,0.30220328218667336
ENSG00000254427.1,RP11-430H10.1,0.44312816292166346,NA,0.65767303567345,0.15491135345850499,0.09276467479139164,0.0009711154807848283,NA,58,61,61,0.00039536459724926056,0.2382678728744591
ENSG00000166847.9,DCTN5,-0.4426367203534907,NA,0.6580285200474785,0.007067201401169653,0.13591715159243384,6.86423819466645e-05,NA,21,25,25,0.05129207918849143,0.025006298322313686
ENSG00000104231.10,ZFAND1,-0.4418823284209028,NA,0.6585743589720477,0.00836601489726871,0.09899522618555227,0.0007218447273626372,NA,33,34,34,0.08584377807188472,0.146058257845424
ENSG00000032742.17,IFT88,-0.4415304287439616,NA,0.658829037609997,0.0025117956960022123,0.08408906159255071,0.001746268838387732,NA,31,31,31,0.5830452335837888,0.004538865825474113
ENSG00000272279.1,RP11-157J24.2,-0.4413260716965026,NA,0.6589769541051397,0.06720348264346043,0.1947567127747292,8.379516072421882e-07,NA,21,21,21,0.05644622911621404,0.17119701769088866
ENSG00000130518.16,KIAA1683,-0.44122112461253304,NA,0.6590529214605323,0.01295645567139054,0.14620729584288122,2.4002326151207626e-05,NA,10,11,11,0.22840012742481275,0.04669764591171062
ENSG00000163918.10,RFC4,0.44110669218783544,NA,0.6591357589161249,0.043089494500571424,0.20901002900954171,1.733496411589926e-07,NA,38,42,42,0.01772847404836286,0.08804198271853501
ENSG00000106113.18,CRHR2,-0.44071381358496636,NA,0.6594201949474201,0.0590241833942476,0.17594990487830092,1.9900886304061136e-06,NA,8,8,8,0.0514734787907756,0.2310519778859132
ENSG00000198826.10,ARHGAP11A,-0.4405777681747446,NA,0.659518700509945,0.004104867404483608,0.07971398288138024,0.0011344719250572974,NA,14,14,14,0.47280363499362255,0.0795828617478058
ENSG00000081087.14,OSTM1,0.43989746450783973,NA,0.6600113723530943,0.0018126967229079717,0.042670222070389036,0.029009594440246794,NA,8,9,9,0.17955332476877528,0.02272737172832996
ENSG00000205464.11,ATP6AP1L,0.4397482237963931,NA,0.6601194713121303,0.16864401208033422,0.577986189026954,3.2889014498216575e-26,NA,50,57,57,9.257872136859106e-11,0.10639296268131956
ENSG00000053108.16,FSTL4,0.4393456531191668,NA,0.6604110991797072,0.04312537746277644,0.16477071202338806,2.284530153957688e-06,NA,12,12,12,0.104131624424446,0.04127043287874069
ENSG00000165512.4,ZNF22,-0.43862962720504894,NA,0.660929925879278,0.013888990504518198,0.08506768237164908,0.001907783520159427,NA,51,56,56,0.021777497176682335,0.07508697521805838
ENSG00000275052.4,PPP4R3B,0.43807800633472116,NA,0.6613297371385618,0.014924815257033106,0.05962536376525846,0.00862941979422462,NA,23,24,24,0.006275628151232745,0.4369674000015679
ENSG00000177483.11,RBM44,-0.43778928716900234,NA,0.6615390374622157,0.042449933871977784,0.17660763382497804,7.336864887801275e-07,NA,7,8,8,0.18838771742882232,0.15431888447350886
ENSG00000169062.14,UPF3A,0.43776542028776405,NA,0.6615563403933573,0.021076276880754103,0.12899967036084695,8.610252987855699e-05,NA,14,23,23,0.3168459202025342,0.0905638199587448
ENSG00000183117.18,CSMD1,-0.43760721154939586,NA,0.6616710426021362,0.13927834042049037,0.4542527860936872,2.0284230236147044e-18,NA,14,17,17,0.006550068842544924,0.3580435522743327
ENSG00000123992.18,DNPEP,0.4368624205840008,NA,0.6622111268176839,0.047789401865456084,0.10706938319426597,0.0004155424351423382,NA,15,15,15,4.451359720515105e-05,0.28917858290569315
ENSG00000070366.13,SMG6,0.43634656733536764,NA,0.6625853001776976,0.011592240564617731,0.03611194049466072,0.04359325367559768,NA,23,25,25,0.338225925292979,0.14691945480280216
ENSG00000167604.13,NFKBID,-0.4361492533227235,NA,0.6627284438688423,0.01419229239607678,0.036013814692132884,0.04486113965075356,NA,39,45,45,0.008227568551701607,0.12054804343939815
ENSG00000277258.4,PCGF2,-0.4361162699004679,NA,0.6627523732689695,0.0024544206635690406,0.08311309200743372,0.0017129934309334394,NA,14,24,24,0.10243229333349664,0.06547979036964782
ENSG00000239961.2,LILRA4,0.4355471193972765,NA,0.6631653449027546,0.0026820837913242245,0.06696971498010107,0.005689883094322321,NA,8,13,13,0.06358304902849568,0.13240245890730928
ENSG00000134318.13,ROCK2,0.4353877281262619,NA,0.6632810164529688,0.0033792095120310306,0.08095426205137571,0.0017376230044269588,NA,12,13,13,0.03064058968271364,0.038817930965856534
ENSG00000090316.15,MAEA,-0.4343759334820567,NA,0.6640154712255273,0.021790650724935818,0.11769095520621645,0.00020026566190629064,NA,26,29,29,3.1523892775695476e-05,0.10585731985399363
ENSG00000205085.10,FAM71F2,-0.4337313399645912,NA,0.6644835456295244,0.002477735059757572,0.05173358444516119,0.010883304016412356,NA,2,3,3,0.6837080903209852,0.059737401012453326
ENSG00000141934.9,PLPP2,0.4329116045941722,NA,0.66507898909295,0.04495981171194536,0.15314768642505167,8.577119458639232e-06,NA,24,25,25,0.018829067385726504,0.11027842598020864
ENSG00000163933.9,RFT1,-0.43286437682151785,NA,0.6651133010798107,0.03654393209415896,0.2426655610361445,2.3682114301909353e-08,NA,17,20,20,1.2675358179368407e-07,0.06644281726567662
ENSG00000168803.14,ADAL,0.4327337848917781,NA,0.6652081825609504,0.11302148401549943,0.32450400926215983,4.081436752943506e-12,NA,18,18,18,0.5689680834129938,0.13409846722156155
ENSG00000122481.16,RWDD3,0.43194465109310626,NA,0.6657816412569698,0.042822201269309135,0.30336935113030833,1.3132439040565406e-10,NA,17,17,17,0.010968734650341155,0.04883682871184421
ENSG00000160145.15,KALRN,-0.4314571644293721,NA,0.666135992536453,0.018011268995890437,0.10061538128225993,0.0006573576698212133,NA,36,37,37,0.053709567308216945,0.233664721663585
ENSG00000164199.16,ADGRV1,0.4310656086439927,NA,0.6664206661894794,0.006663260253913826,0.03975234353441941,0.025991895377209497,NA,6,6,6,0.394078503997227,0.06670208861781984
ENSG00000163121.9,NEURL3,-0.43068012150693746,NA,0.6667009746817865,0.030405256506723096,0.0403754013652025,0.027097729268744226,NA,22,23,23,5.590213261352851e-06,0.2844741872947344
ENSG00000125835.18,SNRPB,0.4294318006441176,NA,0.6676090153325014,0.007042980301348957,0.05605368680471655,0.00892637287631702,NA,42,47,47,5.0844160055057036e-08,0.1088367636843539
ENSG00000187091.13,PLCD1,-0.42939232440026576,NA,0.6676377386818195,0.0355373808185031,0.038734182647343456,0.0350570800022787,NA,33,36,36,1.4919465644992616e-08,0.4475708632348347
ENSG00000141458.12,NPC1,0.42809401457774704,NA,0.6685826743019765,0.02599088795964048,0.1212883874509878,0.00013725844625148107,NA,38,40,40,0.1289467938744336,0.16508179934185824
ENSG00000142102.15,PGGHG,0.4275045092415942,NA,0.6690119014679592,0.006007378501881905,0.15078564551414558,1.7750875629904096e-05,NA,6,9,9,0.14995873596226653,0.06850523127908402
ENSG00000099282.9,TSPAN15,-0.4274231521528705,NA,0.6690711472123201,0.014449465054921467,0.10566667760262899,0.0004973231277277213,NA,22,25,25,0.0733690414823355,0.194277614295221
ENSG00000119915.4,ELOVL3,0.4273915672750856,NA,0.6690941484626516,0.006369740989150067,0.04620288969907167,0.022996270230295903,NA,3,3,3,0.15674454566095739,0.07536600281050873
ENSG00000132182.11,NUP210,-0.42647157387347523,NA,0.669764257092534,0.003869133513629589,0.12969882207397251,4.292628998503863e-05,NA,17,17,17,0.5922208916940477,0.02617641962706493
ENSG00000149089.12,APIP,0.4242887594885475,NA,0.6713552358348898,0.14024422978815285,0.4586046320876341,1.4816188216568667e-18,NA,88,93,93,0.017162381195013503,0.18950482204541771
ENSG00000155229.20,MMS19,-0.4241773919791653,NA,0.6714364473804173,0.03699095513406439,0.03583130685746192,0.04074144539078571,NA,51,53,53,0.006548945303282075,0.5138742642904307
ENSG00000231768.1,LINC01354,-0.42411076846195245,NA,0.6714850324937196,0.02425446329677522,0.10482991508291158,0.00044841093660710594,NA,47,48,48,2.3739093843224377e-05,0.13667281187220418
ENSG00000270972.1,RP11-326C3.15,0.4235834499745797,NA,0.6718696272343763,0.03146809440727143,0.23925364335556198,4.088823136574628e-09,NA,3,3,3,0.33694277400531014,0.17653021396699065
ENSG00000213639.9,PPP1CB,-0.4233526296893877,NA,0.6720380008607743,0.010856306789804381,0.08724772748857265,0.0016749712313666215,NA,23,24,24,0.015316332870674682,0.047860610582801034
ENSG00000270020.1,RP11-463O9.9,-0.4233397625776413,NA,0.6720473873583205,0.031189985369580196,0.15737641168932465,9.151887390718847e-06,NA,29,40,40,0.055488814307601074,0.12125977549587898
ENSG00000261996.1,CTC-281F24.1,-0.42317438330409995,NA,0.6721680353124846,0.006516304649817586,0.06828359738685952,0.003288301795261436,NA,19,21,21,0.002958601333464375,0.03791512105165557
ENSG00000278514.1,AC068831.16,-0.42272308229981215,NA,0.6724973126468434,0.029462681490952353,0.0920967246756392,0.0008327877905574567,NA,27,30,30,0.23252585962854155,0.4113262479480414
ENSG00000196199.13,MPHOSPH8,0.42264677847437976,NA,0.672552991501501,0.0046984973801874295,0.05321884829295959,0.009683064412661684,NA,22,27,27,0.15264844647237494,0.08305629699982757
ENSG00000214046.8,SMIM7,-0.4225130520966075,NA,0.6726505758883423,0.012305102156477326,0.07398203619656342,0.0013769054861601869,NA,6,6,6,0.5313802410814981,0.0659279853474372
ENSG00000180376.16,CCDC66,0.42251257000737036,NA,0.6726509276941517,0.0445704046415895,0.12199118278535258,0.00013652601581848133,NA,72,73,73,3.6455500779138656e-13,0.1510238393466003
ENSG00000137968.16,SLC44A5,0.4218549735144566,NA,0.6731308770427341,0.12379307449776225,0.3294204273951483,1.2313706608176814e-11,NA,33,34,34,2.3840198463072006e-08,0.5599379147337648
ENSG00000160323.18,ADAMTS13,-0.4215333929537518,NA,0.6733656323536715,0.021850524331533186,0.07424512319329937,0.002805561162923788,NA,17,20,20,0.09779269020034449,0.12754480985029668
ENSG00000177409.11,SAMD9L,0.4215143213217763,NA,0.6733795557339342,0.02671632000819817,0.1829482282433548,2.3110495158315586e-06,NA,16,16,16,0.026988309763527406,0.048344771085349465
ENSG00000167766.18,ZNF83,0.42018028804964125,NA,0.6743537536937945,0.01886099093556053,0.3362935119663565,9.589366228218113e-12,NA,3,4,4,0.6692108136713929,0.07559186192994745
ENSG00000248787.1,RP11-666A20.4,0.41960109519039895,NA,0.6747768881753111,0.07050043469504433,0.04442397235204552,0.02662011222724187,NA,53,59,59,0.010358045588080346,0.2498708684152168
ENSG00000142871.16,CYR61,-0.41923619877550955,NA,0.6750435193034252,0.024276443225657116,0.04762471604587435,0.021691403469818644,NA,22,24,24,0.046951243887293624,0.14453561644888796
ENSG00000140955.10,ADAD2,0.4189757948393194,NA,0.6752338223441774,0.016906288116510376,0.07537867989569247,0.0034676665707509967,NA,21,22,22,0.0014858671986255525,0.055568838630459985
ENSG00000182173.12,TSEN54,0.418420592644097,NA,0.6756396330914319,0.007666264219756522,0.12360417945528948,7.919100104339209e-05,NA,22,25,25,0.032894665971227983,0.04546153108793535
ENSG00000100299.17,ARSA,-0.41692670055005393,NA,0.6767320229106757,0.13718773979740756,0.3778209278934993,6.955359294374645e-14,NA,22,24,24,0.06947166903987698,0.38233204869115184
ENSG00000182472.8,CAPN12,0.4153034039397794,NA,0.677919809676023,0.050214097605677764,0.16784066495697733,4.819175008551287e-06,NA,34,37,37,0.13150055910686861,0.08525279671800193
ENSG00000205853.10,RFPL3S,-0.41511565161251396,NA,0.6780572421717356,0.06355983800932412,0.23230762205992075,6.10002505506992e-08,NA,66,69,69,0.000274644430113321,0.3663131651010392
ENSG00000155275.18,TRMT44,0.4138133585994806,NA,0.6790107999523955,0.034694066253144994,0.05420974864794583,0.011719368181351416,NA,33,35,35,0.004890152696945441,0.1592495109727175
ENSG00000108771.12,DHX58,-0.4136945486986192,NA,0.679097819886829,0.028707773158886007,0.1845073865022384,8.708417131968141e-07,NA,24,25,25,0.07069609115330093,0.11892428871938608
ENSG00000257817.1,RP4-601P9.2,-0.4121628847988133,NA,0.6802200390991475,0.011599728249372335,0.04243580348949216,0.02986607969246198,NA,12,12,12,0.02830412703286594,0.11282029230378528
ENSG00000227471.8,AKR1B15,-0.41036720017254863,NA,0.6815366032469086,0.016743999115126394,0.16996048867074795,6.787977252831324e-06,NA,31,32,32,0.004228236506650464,0.10019675022302924
ENSG00000214063.10,TSPAN4,-0.4097843649486639,NA,0.681964136501306,0.004733627441366532,0.07505290280243679,0.0025494205387812195,NA,29,34,34,0.008704737778866711,0.06759759169729199
ENSG00000006128.11,TAC1,0.40920355210638676,NA,0.6823902878489128,0.0052911515408903985,0.042530305989509416,0.026272869096740658,NA,5,5,5,0.5097407414062246,0.07042015373705858
ENSG00000055955.15,ITIH4,0.4090261094948003,NA,0.6825205004380035,0.010561759164868227,0.11369199652468265,0.00010318913274881084,NA,22,22,22,0.001167148925583961,0.15492259275943793
ENSG00000121716.20,PILRB,0.4077240063288451,NA,0.6834763108223871,0.10398596742170714,0.4958272399663581,1.0897223862699108e-19,NA,28,31,31,0.036530343696466065,0.12998207950096774
ENSG00000197124.11,ZNF682,-0.4062401247431181,NA,0.6845661746041246,0.06714131312163765,0.038274283367858535,0.027016843173660068,NA,49,61,61,4.0952519568765864e-07,0.2633239075398318
ENSG00000183379.8,SYNDIG1L,0.4059565399364441,NA,0.6847745334756616,0.061637039476773146,0.08536002895782638,0.0013002522833592302,NA,27,30,30,0.025580592317385336,0.4376300764133111
ENSG00000101639.18,CEP192,0.40544878967476,NA,0.6851476538280306,0.19261829111672876,0.4554563289972082,1.7988999777641097e-18,NA,38,38,38,0.431391539528715,0.05843560903532214
ENSG00000266490.1,CTD-2349P21.9,-0.40512329339981074,NA,0.6853868852254144,0.0023583763512481266,0.04996068170859376,0.01525940771210529,NA,1,1,1,0.6853868852254142,0.07583507582497466
ENSG00000153201.15,RANBP2,0.4041563222065719,NA,0.6860977701971427,0.005614549573367179,0.034567737780956426,0.04668665960928864,NA,20,21,21,0.003909269225243287,0.1288592621371892
ENSG00000183617.4,MRPL54,0.40290278932194357,NA,0.6870197392823563,0.03505115495646387,0.05154818492722259,0.014831378679458596,NA,62,67,67,0.01998551908269284,0.19874681648305714
ENSG00000181449.3,SOX2,-0.4021859479035639,NA,0.6875471830654791,0.0086369675044989,0.05394984153122803,0.011355683880093273,NA,9,10,10,0.2152139822179644,0.08031327711437745
ENSG00000136999.4,NOV,0.4019591177949814,NA,0.6877141137730616,0.015720508804435283,0.10222931678594536,0.00041417047456667567,NA,30,30,30,0.5919685102229286,0.08064747573324099
ENSG00000198874.12,TYW1,-0.4013881438312748,NA,0.6881343770623052,0.12441379964760611,0.35193954100658,8.992008704730748e-14,NA,42,47,47,0.009465136004178084,0.11862164887760708
ENSG00000251676.1,RP11-614F17.2,0.4003307128187673,NA,0.6889129495819706,0.12470689764547105,0.14622876106844335,2.424816148915961e-05,NA,75,78,78,0.0007586730730049407,0.3111396588937696
ENSG00000177030.16,DEAF1,-0.40008325139565903,NA,0.6890951997940535,0.015456032432750982,0.11184644541934184,0.00034602350571805813,NA,32,40,40,0.019033844019425847,0.19367170969985706
ENSG00000116885.18,OSCP1,-0.3998951478312294,NA,0.6892337462445427,0.06101940981987553,0.11921295813293875,0.0001493509576153289,NA,55,58,58,2.8476715385954624e-07,0.20127584233732204
ENSG00000104497.13,SNX16,0.3987938580720213,NA,0.6900451030129998,0.03435045381397344,0.2644865122528153,3.804451874436032e-09,NA,83,84,84,0.024499191613904712,0.0659199171054605
ENSG00000270127.2,RP11-526I2.5,-0.3979652985809224,NA,0.6906557653211047,0.1728719488764108,0.4555164285551088,7.205368188302049e-18,NA,39,39,39,0.01640184968381894,0.3087439651780119
ENSG00000162641.18,AKNAD1,0.3979512395067752,NA,0.6906661288342857,0.015811773106181207,0.041630332710725665,0.0281302878802804,NA,12,12,12,0.11996925073679117,0.3104144525599634
ENSG00000134256.12,CD101,-0.3971123379349769,NA,0.6912846220634823,0.02687498282118534,0.050012482211736896,0.0173734859242045,NA,15,15,15,3.7950349412703904e-05,0.11678099909124605
ENSG00000164393.8,ADGRF2,0.3966703899017011,NA,0.6916105380266736,0.006285007608599192,0.13670261558379224,5.1106696633105485e-05,NA,54,54,54,0.5061682499035804,0.017864230644684422
ENSG00000141391.13,PRELID3A,0.3965969328173153,NA,0.6916647147233997,0.02484916462318644,0.3276097743267655,1.7996745962010745e-12,NA,26,27,27,0.00622736119605904,0.10584651192748568
ENSG00000283633.1,AC005301.9,0.39657436241101235,NA,0.6916813613593662,0.010901326129861232,0.21300859040048575,2.1001182993281327e-07,NA,27,37,37,5.493585603019322e-06,0.29488219683158484
ENSG00000145736.14,GTF2H2,-0.3965677987170474,NA,0.6916862023911926,0.03463792751836854,0.1837692752317266,1.5134958888900725e-06,NA,34,48,48,0.013451806723154016,0.20477868387704615
ENSG00000212694.8,LINC01089,0.3963612354472145,NA,0.6918385589181111,0.018020212843370177,0.10202120118677087,0.0003098164034198352,NA,46,51,51,0.028033166360994524,0.04749041665846163
ENSG00000183734.4,ASCL2,0.39597296197379683,NA,0.6921249746538369,0.0287512571855043,0.10842316875784823,0.00026673018942537807,NA,32,42,42,0.06693120910708408,0.18810567309974047
ENSG00000196693.14,ZNF33B,0.3956951968392954,NA,0.6923298992836577,0.009448821038432908,0.06490953562110452,0.005917008111096066,NA,20,20,20,0.42633381300872997,0.2160802546084972
ENSG00000273038.2,RP11-479G22.8,-0.3946214347761488,NA,0.6931222921144882,0.02967664749858617,0.1488430994960979,1.816466551297451e-05,NA,39,41,41,5.658927157961155e-06,0.0780221200868748
ENSG00000092010.14,PSME1,-0.393673207076601,NA,0.6938223249369848,0.01194377819373606,0.13007088565804398,4.3858359709948106e-05,NA,38,38,38,0.23900208050966165,0.10830778145602536
ENSG00000072310.16,SREBF1,0.39135729619979254,NA,0.6955331528694588,0.03550122679155572,0.05351410663519968,0.011468914173229072,NA,84,85,85,0.002167258056438629,0.16134009274660518
ENSG00000110074.10,FOXRED1,-0.3906782981231135,NA,0.6960350421141326,0.08894410688108435,0.41829258501526223,1.9955839037483484e-15,NA,23,28,28,0.001416771937815431,0.06153499463021553
ENSG00000148660.20,CAMK2G,-0.3906182545338564,NA,0.6960794304351818,0.018172776326776583,0.07734959638812272,0.002491622800060685,NA,27,30,30,0.022953909188692362,0.17496609616730627
ENSG00000175470.18,PPP2R2D,0.3896502305144332,NA,0.6967952034877867,0.016245387611987648,0.05295198069084346,0.01295983216179268,NA,8,10,10,0.0010327106657611906,0.09189116255305528
ENSG00000104774.12,MAN2B1,0.38943648804490766,NA,0.6969532846377072,0.019984478239042026,0.061636325332082485,0.006640354559157685,NA,16,18,18,1.6127072807228982e-14,0.2546496368835533
ENSG00000276071.1,CTD-3234P18.6,0.38917749328479856,NA,0.6971448514254257,0.027647058899811464,0.07498343446037056,0.0026567782705668413,NA,26,28,28,3.4402968825690124e-06,0.4200612464539398
ENSG00000267583.5,RP11-322E11.5,-0.3888672203017776,NA,0.6973743718329647,0.053680046183243554,0.05056815499837139,0.014655213937552685,NA,43,46,46,6.069073778746451e-05,0.2768465817757783
ENSG00000146828.17,SLC12A9,-0.386462465618138,NA,0.6991541955483362,0.11625785523578004,0.16189990077126476,8.622971532404005e-06,NA,65,67,67,0.0157189553503122,0.3855096684787783
ENSG00000002330.13,BAD,0.3863652432299761,NA,0.6992261873199543,0.012135639272212178,0.06752330807016177,0.003128210500271368,NA,28,29,29,0.018550663343882366,0.0774707598021535
ENSG00000171109.18,MFN1,0.3859337916343013,NA,0.6995457036050861,0.011387198055141264,0.05897540657266856,0.00843915030539652,NA,14,15,15,0.46413964993223955,0.049080079173870056
ENSG00000257890.1,RP11-114F10.2,0.3851803108481429,NA,0.7001038297626317,0.042584124200795166,0.11582212941708522,0.00013751816923144547,NA,35,38,38,0.019857676589499114,0.14800726811289416
ENSG00000141252.19,VPS53,-0.3841346153983523,NA,0.7008786765931732,0.05656228997401494,0.15529594833437674,1.0878687059075313e-05,NA,14,15,15,0.040787202971139316,0.1553679773675781
ENSG00000128284.19,APOL3,-0.38404275193877535,NA,0.700946761116826,0.025618259099709797,0.14412625179352098,2.1805997844423506e-05,NA,49,53,53,0.0011949621879347916,0.13869125381541098
ENSG00000103550.13,KNOP1,-0.38403897971707296,NA,0.7009495569470259,0.15395948620726996,0.4860132043882954,5.970147223747469e-20,NA,63,68,68,0.06227953486870086,0.3229590455653397
ENSG00000177042.14,TMEM80,-0.3837254260929458,NA,0.7011819653696623,0.08509910840591842,0.20010933858936505,4.725207770930104e-07,NA,24,32,32,1.5077873088858688e-07,0.1925652408853841
ENSG00000272068.1,RP11-284F21.9,0.3837211649264569,NA,0.7011851239725637,0.00819809629200559,0.05177428351482636,0.01510327451394237,NA,6,6,6,0.6527941728206099,0.17697889768375566
ENSG00000197245.5,FAM110D,-0.3836783327070864,NA,0.7012168737751348,0.05144297805607696,0.054704189823832114,0.01380207311005867,NA,73,76,76,0.004510083603226606,0.2275386882659401
ENSG00000100503.23,NIN,0.38336170583512197,NA,0.7014515927300126,0.004401431746209085,0.04124859759320598,0.027800153357431374,NA,9,9,9,0.47970415822864976,0.05353739136064848
ENSG00000155666.11,KDM8,0.38324677317413847,NA,0.7015368006150607,0.05488484335272107,0.14267830768396106,4.504114756478584e-05,NA,39,44,44,0.00018806003721164,0.19914585519551195
ENSG00000151806.13,GUF1,0.3814254810258472,NA,0.7028875564223911,0.022643282116952164,0.09688180748137272,0.0005984795487621291,NA,47,48,48,0.0764683451786718,0.08784894236779088
ENSG00000006282.20,SPATA20,-0.38141541187102224,NA,0.702895026793233,0.11003079683682285,0.4950314078456113,1.146570002520048e-19,NA,83,90,90,0.011971693602979049,0.1532380362644398
ENSG00000233760.1,AC004947.2,-0.38138461112976074,NA,0.7029178782397345,0.0011930407762735119,0.053817897455446635,0.01352524450743991,NA,1,1,1,0.7029178782397345,0.05587976443040876
ENSG00000274292.1,RP11-347I19.7,-0.38131203231657534,NA,0.702971726410059,0.0204159150058998,0.17542078298323965,3.2547466245939044e-06,NA,19,20,20,0.0004331711705829437,0.0472800302972112
ENSG00000134265.12,NAPG,-0.38131136052852116,NA,0.7029722248346159,0.04374633686647522,0.3241330495478462,3.930333391176207e-12,NA,12,12,12,0.37584180254681376,0.04243063798409079
ENSG00000006652.13,IFRD1,-0.3805675274260207,NA,0.7035241805861119,0.007673475076962158,0.10878988101679676,0.0004041203364962897,NA,6,6,6,0.028942560902297066,0.04462190866415958
ENSG00000164647.8,STEAP1,-0.38029588381392126,NA,0.703725790651191,0.013117668777485748,0.08663327276601179,0.0016397926395325562,NA,31,33,33,0.2669838153274834,0.016825046549568082
ENSG00000205138.3,SDHAF1,0.380154348126768,NA,0.7038308447000281,0.016045830062818924,0.05827551831140819,0.008901284555373742,NA,35,40,40,0.007946601000155503,0.2490748759429572
ENSG00000124019.9,FAM124B,-0.379852433008475,NA,0.7040549583453303,0.023996945386684357,0.07125371580437875,0.0031017292799863727,NA,11,12,12,0.10180817244055256,0.0879266625729344
ENSG00000004534.14,RBM6,-0.37974844682657455,NA,0.7041321539471269,0.057476587100391816,0.30674483946817804,6.266565802752707e-11,NA,34,35,35,0.11162061133603572,0.06534060682645433
ENSG00000245937.7,LINC01184,-0.3782113031416182,NA,0.7052736293451609,0.037999559695419544,0.07719686616309365,0.0012784553115291935,NA,23,23,23,0.14264936923302005,0.1942402898380665
ENSG00000166435.15,XRRA1,0.37731818000005035,NA,0.7059371632727507,0.3359041347879588,0.7604399590029608,2.5860357195557182e-43,NA,45,47,47,8.110932496959346e-05,0.07088693642984659
ENSG00000138658.15,ZGRF1,-0.37730150877345237,NA,0.7059495510658866,0.04212140196652947,0.04507777599414521,0.02573410451955489,NA,78,80,80,0.0005370353436945783,0.0896499838722913
ENSG00000272361.2,GS1-166A23.2,0.37691741770313436,NA,0.706234976995701,0.0031893946248353596,0.036953714872823416,0.042165478424092934,NA,2,3,3,0.01189158405959269,0.09449984165796099
ENSG00000073150.13,PANX2,-0.37690061916859485,NA,0.7062474612737437,0.013584152412187907,0.05714983447045685,0.009787156638069922,NA,7,8,8,0.5230736843294641,0.07798921071035388
ENSG00000166793.10,YPEL4,0.3767054908200502,NA,0.7063924818901721,0.020836576776895526,0.07240019596153785,0.004482394399777829,NA,82,83,83,5.636204503110622e-10,0.2933273074496577
ENSG00000177990.11,DPY19L2,0.3762226809153584,NA,0.7067513550601727,0.020952943656451815,0.2562850425801245,1.0876803826936834e-09,NA,47,49,49,0.056899373602764605,0.10797430598731583
ENSG00000149806.10,FAU,-0.3760557811185178,NA,0.7068754270424256,0.010714501716869142,0.04276582087169601,0.02453880010957656,NA,19,19,19,0.004440856035926968,0.1423778111542481
ENSG00000145416.13,MARCH1,0.3756469982715926,NA,0.7071793458502598,0.06896426919433765,0.342447166293894,1.309789582898104e-12,NA,24,24,24,0.31776904560911534,0.07033011012846414
ENSG00000284430.1,LLNLR-263F3.1,0.3750011265646595,NA,0.707659628817115,0.014771321645419739,0.09349958899888118,0.0009409754641503004,NA,6,6,6,0.5654300241176787,0.06982530875599452
ENSG00000164535.14,DAGLB,-0.374572715879879,NA,0.7079782676582689,0.05196598637592622,0.4039483845238353,7.15509455301564e-15,NA,6,7,7,0.6729228096031442,0.07114619043797972
ENSG00000282021.1,CTD-2336O2.3,-0.3745512164885303,NA,0.7079942595997744,0.08867172289935726,0.1469779725067767,3.4007904327999524e-05,NA,34,36,36,7.992455352455768e-06,0.3889482372926459
ENSG00000267065.2,LINC02080,-0.3742096840299671,NA,0.7082483197380705,0.03276102582909024,0.1659979504006321,7.207723684107443e-06,NA,16,18,18,0.07606840722201524,0.18357552193948976
ENSG00000183092.16,BEGAIN,0.3739642609618852,NA,0.7084309058017235,0.036751070205530104,0.23962653445441415,1.3881898594859386e-08,NA,18,21,21,6.00504149531437e-06,0.09740135571414464
ENSG00000196365.11,LONP1,0.3731881038264595,NA,0.7090084494595583,0.017777322002602715,0.08503066935487152,0.0018227016628870887,NA,17,17,17,0.11924320303055091,0.19229490808277144
ENSG00000173432.10,SAA1,0.3730588038008423,NA,0.7091046787296944,0.012258660601778232,0.037953005805965535,0.03853927683850136,NA,27,27,27,0.08716915826561421,0.1806499143963532
ENSG00000116703.13,PDC,0.3727880332718922,NA,0.709306209970828,0.09945518229072281,0.05398213987637213,0.012948722180193169,NA,64,65,65,0.0012385360784398912,0.3424040424490331
ENSG00000188191.14,PRKAR1B,0.37263742892086,NA,0.7094183117793259,0.027076793297343582,0.1289333124490584,8.856186216585777e-05,NA,13,14,14,0.10354950350577405,0.16224456797110498
ENSG00000173226.16,IQCB1,-0.37255088832940125,NA,0.709482730804591,0.07296061161867151,0.2798804806603961,6.726364357343307e-10,NA,73,74,74,0.13183828999721472,0.15686587539194485
ENSG00000274523.4,RCC1L,0.37144512760166554,NA,0.7103060188739607,0.03897864276660787,0.050630717766401004,0.017070361771534176,NA,41,50,50,3.0782238662657623e-10,0.16561370002484793
ENSG00000197165.10,SULT1A2,0.37142796616065876,NA,0.7103187989980487,0.06371198675074846,0.3512765813594603,1.4334010503248628e-12,NA,20,23,23,0.038611171196197086,0.06390794698767904
ENSG00000135111.15,TBX3,0.3712915754355148,NA,0.7104203720590766,0.014594111503541162,0.09109929810308888,0.0008640246709059942,NA,21,23,23,0.13627188352176806,0.2432793400711227
ENSG00000189129.13,PLAC9,-0.371204584088148,NA,0.7104851590442356,0.007169934411463831,0.037452967903187834,0.032355001012326266,NA,28,29,29,2.1289211268100666e-05,0.09682422300818158
ENSG00000131368.7,MRPS25,0.371163031809056,NA,0.7105161059280404,0.015626319376249892,0.06848600141980153,0.004776081522909518,NA,27,30,30,0.1379500975407735,0.07222292248849121
ENSG00000130427.2,EPO,-0.3699799313629847,NA,0.7113974435284052,0.02297809138977356,0.044056033552338135,0.026923130243796896,NA,21,23,23,0.0074564358285032694,0.1011652390630445
ENSG00000260088.1,RP11-92G12.3,0.3695986104430343,NA,0.7116815866100361,0.07772633632548935,0.3185559364499969,2.3259249009942877e-11,NA,35,37,37,0.001306289714588601,0.11095018607178374
ENSG00000173801.16,JUP,-0.36912798791180496,NA,0.7120323284200583,0.0012228880769552862,0.03788240583590749,0.03599300267943128,NA,4,4,4,0.3890109785253041,0.04664155186028858
ENSG00000116199.11,FAM20B,0.3690642875153145,NA,0.7120798072276096,0.021206140558244258,0.16664611265150356,2.800485280716081e-06,NA,30,32,32,0.0023549441920390816,0.15350411283952672
ENSG00000109790.16,KLHL5,-0.36842851512660607,NA,0.7125537384915789,0.0036707652321488243,0.04428164660337404,0.02372066492264288,NA,12,12,12,0.2747581241041791,0.09052803615941488
ENSG00000065268.10,WDR18,-0.3674388341682009,NA,0.713291708839299,0.11603115186280921,0.4706471129352852,1.1073583934576216e-18,NA,60,75,75,0.0002989792766250908,0.2822901679335561
ENSG00000111670.14,GNPTAB,-0.3665781826612103,NA,0.7139336846768267,0.008331099967393365,0.0575492253221716,0.009105105344718064,NA,8,8,8,0.30265000195619285,0.04524076707656364
ENSG00000267313.7,KC6,-0.3661468827290726,NA,0.7142554754733866,0.28734630896482805,0.2527236070049461,6.434487711829371e-09,NA,139,143,143,2.0834939008846278e-15,0.8549797281095666
ENSG00000164066.12,INTU,-0.36600138767768303,NA,0.7143640400948621,0.008360742038900483,0.07415185036546948,0.001882973005184423,NA,5,5,5,0.6734415794216935,0.25999037245386025
ENSG00000122678.16,POLM,0.365732318730648,NA,0.7145648275724066,0.005792033333713997,0.055854092615520975,0.009921614140219524,NA,8,8,8,0.4528781831788202,0.13168495541843633
ENSG00000141480.17,ARRB2,0.3648414304292961,NA,0.7152297766247466,0.02668143273331043,0.04796335105995425,0.018424321797403054,NA,36,39,39,0.0007638817260829262,0.4182920863209765
ENSG00000152661.7,GJA1,-0.36477412974554424,NA,0.7152800178889609,0.0071071029646839375,0.08534419949631984,0.0012288569453193518,NA,38,39,39,0.08421755942788042,0.09194481468874408
ENSG00000198912.10,C1orf174,0.36469165532099085,NA,0.7153415883265162,0.12559279291138012,0.41661003760685095,1.084588826085999e-15,NA,15,15,15,0.20873797761777735,0.16270415701828414
ENSG00000179913.10,B3GNT3,0.36380154371336143,NA,0.7160062098112994,0.0026765818683066518,0.050398865983094385,0.016037402061060246,NA,16,20,20,3.087956751004921e-07,0.06187291632327983
ENSG00000070061.14,IKBKAP,0.36360518139572773,NA,0.716152857068189,0.020567254730989998,0.10976638895936416,0.00021099406149479642,NA,39,40,40,0.00015568156174644587,0.09994914144447864
ENSG00000272630.1,RP11-344N10.5,-0.36347568668638547,NA,0.7162495720043193,0.019516587032954405,0.04368983910574585,0.02536799020282387,NA,19,21,21,0.14063746087276918,0.15971505488768606
ENSG00000119508.17,NR4A3,0.3628602780672835,NA,0.7167092607453067,0.037807091674700546,0.03642601937173386,0.03972211948635288,NA,66,69,69,3.402084717862208e-06,0.12618044441596515
ENSG00000161640.15,SIGLEC11,-0.36250036566136423,NA,0.7169781503273578,0.004039997585234631,0.0688717249448203,0.005064206302619253,NA,7,8,8,0.6649141836254719,0.07281673665483493
ENSG00000137218.10,FRS3,-0.36138835267092795,NA,0.7178091537385773,0.004669976086877957,0.041416771779557535,0.02176935971931633,NA,12,13,13,0.23314813513469623,0.08829920554277583
ENSG00000197497.10,ZNF665,0.36132649785410287,NA,0.7178553874412756,0.03233518157033474,0.05427496737298797,0.013565103770402674,NA,51,66,66,5.639498567772085e-06,0.12323874803163505
ENSG00000110628.13,SLC22A18,-0.36130368781835875,NA,0.7178724371812444,0.023891481776346847,0.09424137674159228,0.0005707742021737847,NA,20,21,21,0.001036222376582616,0.0976384944496588
ENSG00000158623.14,COPG2,0.36101025870052317,NA,0.7180917781750356,0.09307016082762543,0.12747623413758294,3.8336772419049234e-05,NA,107,123,123,5.313842798310576e-07,0.3241526418936277
ENSG00000283317.1,RP11-122G18.11,0.36000583552669374,NA,0.718842769637964,0.030053706306647526,0.06607682820134092,0.004107566147065648,NA,20,22,22,0.0026722918091547916,0.4106342936480809
ENSG00000267528.1,AC011524.1,0.35908165208962545,NA,0.7195340070494339,0.002137287243636439,0.046380988677661036,0.022964689467703032,NA,2,2,2,0.517889347972972,0.06151996224547955
ENSG00000167965.17,MLST8,0.35894139892913274,NA,0.7196389286161924,0.0027828362662809924,0.05448771317525194,0.009538631627028936,NA,6,6,6,0.18979619416534288,0.0433338888912524
ENSG00000160352.15,ZNF714,-0.3586112136926267,NA,0.7198859567529492,0.006341265955348788,0.04430031830388642,0.026907236091425625,NA,29,29,29,0.1477957113348459,0.09233015884903548
ENSG00000164683.16,HEY1,0.35790403825456324,NA,0.7204151285542957,0.031911630270423985,0.08091972365308203,0.002461448413847017,NA,33,33,33,3.8831715011442484e-05,0.11299500187573898
ENSG00000104953.19,TLE6,0.3571987631520472,NA,0.7209430117665032,0.011042819719341217,0.08848725783861698,0.0007934905731679638,NA,7,7,7,0.4732105193162577,0.038396523037016884
ENSG00000169689.14,CENPX,-0.3571231850745407,NA,0.7209995882225346,0.009145217350482966,0.05827095505341595,0.009132287837953805,NA,21,24,24,8.716578367354695e-06,0.05333661439166626
ENSG00000198513.11,ATL1,-0.3570016977648419,NA,0.7210905347445566,0.005123974506733986,0.09735022717878328,0.0005575179349567242,NA,2,2,2,0.7160839111261317,0.19494784087898734
ENSG00000162702.7,ZNF281,-0.3569692493283611,NA,0.7211148266113081,0.021078875762102364,0.05812011772520135,0.01003602467921647,NA,30,35,35,0.003233959886286201,0.07082344806528035
ENSG00000170298.15,LGALS9B,-0.3568828562222256,NA,0.7211795044375358,0.029092165882829032,0.1081192828366423,0.0003859984878749042,NA,36,41,41,0.01640186036624437,0.1902362746120212
ENSG00000272674.3,PCDHB16,0.3561039447710962,NA,0.7217627231246022,0.06174866712613431,0.23992565977206265,3.378664371748539e-09,NA,45,48,48,0.0053212306637154,0.21498926904365245
ENSG00000161929.14,SCIMP,-0.3559179139420032,NA,0.7219020397416023,0.0259418842308806,0.16707753549847934,7.257462064073877e-06,NA,24,26,26,5.96606039146564e-05,0.07633317162576303
ENSG00000169919.16,GUSB,0.35579903780857547,NA,0.7219910697134035,0.008475171136489264,0.04639391892122742,0.02357181758736213,NA,3,5,5,0.5529549241808394,0.10107841017786673
ENSG00000244952.2,RP11-1000B6.5,0.3550355383851553,NA,0.7225629674946377,0.031232598409569677,0.104617565932625,0.00041959055113006906,NA,22,33,33,0.007366814604995158,0.2015355423352075
ENSG00000234465.10,PINLYP,0.35496819049417827,NA,0.7226134217490893,0.03608736239366374,0.18179757776623032,4.965784418258974e-07,NA,20,23,23,0.015638583159249285,0.5304835502474021
ENSG00000172058.15,SERF1A,0.35406834218939376,NA,0.7232876665264573,0.010787626962591139,0.11504679177796318,0.0002570959298746229,NA,14,22,22,0.013451806723154016,0.15234755448751106
ENSG00000114744.8,COMMD2,0.35326541882911733,NA,0.7238894680888024,0.024298153337743975,0.12856398531123986,8.457948653976059e-05,NA,43,45,45,0.00018291292675428494,0.07835387809352891
ENSG00000198028.3,ZNF560,0.35207268284388743,NA,0.7247837543799622,0.07674545900104532,0.04470259901088288,0.02336180408135333,NA,31,35,35,0.0004357937376945985,0.3815139980825597
ENSG00000204920.10,ZNF155,-0.3510050819116897,NA,0.7255845358620947,0.012556383808515058,0.103365374386102,0.0005651822945759039,NA,16,16,16,0.03185360797330254,0.08798171564552991
ENSG00000277782.1,RP11-775C24.5,0.3497377021289972,NA,0.7265355561708127,0.039407992160227126,0.2403434250982472,9.980945077129423e-09,NA,24,28,28,1.2411317516382598e-06,0.09512472114847777
ENSG00000105879.11,CBLL1,-0.34966725682965083,NA,0.7265884295111236,0.021422842728109646,0.05007520848636809,0.016640727639066637,NA,24,28,28,0.5169474007745897,0.12946850118288092
ENSG00000170293.8,CMTM8,-0.3496201062019747,NA,0.726623819557917,0.05074854353387024,0.1117746366617411,0.00020115347188498392,NA,38,41,41,1.9339153765011607e-05,0.2541811064112211
ENSG00000079974.17,RABL2B,-0.34924670033791505,NA,0.7269041089818107,0.015223926285911071,0.11805092148901558,0.00020702234582638636,NA,13,13,13,0.0035862440939841774,0.09013922871778167
ENSG00000117500.12,TMED5,0.3487987479253304,NA,0.727240403464905,0.010704147672280739,0.07788502970554363,0.003074217108964111,NA,37,40,40,0.009218838004824448,0.2559830747169204
ENSG00000242485.5,MRPL20,-0.3485609131899277,NA,0.7274189761783618,0.004780438846074137,0.04691123784415191,0.021348076398323885,NA,16,17,17,0.03477695875801452,0.06800290020365253
ENSG00000105877.17,DNAH11,-0.3484215773321157,NA,0.7275236001641094,0.023886732986319208,0.15704811839183713,7.05278711556785e-06,NA,9,10,10,3.154079145842908e-08,0.0606907089757088
ENSG00000119402.16,FBXW2,-0.34811497338136177,NA,0.7277538396707087,0.0059869263664079474,0.09511652519576398,0.0010379618608363935,NA,70,71,71,1.4616379249649562e-05,0.07033447074880493
ENSG00000105376.4,ICAM5,0.34806007746580164,NA,0.727795065506103,0.12185342597000272,0.07812402494420417,0.0031642929290409943,NA,55,58,58,0.002372136518440138,0.44470768460093707
ENSG00000143001.4,TMEM61,-0.3467968892359231,NA,0.728743914304451,0.010636441730188666,0.0719815715928338,0.0040857693549263725,NA,12,13,13,0.0013501822004639995,0.0808771716159776
ENSG00000255046.1,RP11-297N6.4,0.3464851245872553,NA,0.7289781615639301,0.026683732259101214,0.034417327338495333,0.04045204402220594,NA,16,19,19,9.746979025134693e-08,0.28056955058107225
ENSG00000170448.11,NFXL1,-0.34625307019982215,NA,0.7291525342081002,0.0077993861051143505,0.05339797904976827,0.015097424031042597,NA,17,19,19,0.3068235216915103,0.08799377139556189
ENSG00000250506.7,CDK3,-0.3459811659030678,NA,0.729356869098845,0.07517210154626039,0.1287553805196635,8.060208651049114e-05,NA,100,106,106,0.00021160444734487206,0.1831124840894124
ENSG00000155393.12,HEATR3,0.3452788400718147,NA,0.7298847528141059,0.019065602713204365,0.2432931975729925,2.225920924320408e-08,NA,27,29,29,0.014270076140745214,0.07641291709655408
ENSG00000130377.13,ACSBG2,0.344992458820343,NA,0.7301000400906654,0.0034352405857507482,0.04958601407539125,0.01686513688516507,NA,1,1,1,0.7301000400906654,0.12199698036177364
ENSG00000240875.5,LINC00886,-0.3435403255808685,NA,0.7311920091799686,0.019839339948557654,0.1908113976618364,5.407437898705825e-07,NA,5,6,6,0.6839092471233914,0.09526745182902792
ENSG00000198168.8,SVIP,0.34334999845225445,NA,0.7313351710112401,0.00777196296641795,0.06202480653452989,0.0042990779485436595,NA,12,14,14,0.5720878743758344,0.11413721137759575
ENSG00000141576.14,RNF157,-0.3433061504016873,NA,0.7313681543261537,0.053861272784859575,0.1490393055678045,1.983672300509888e-05,NA,46,49,49,0.14597136104176342,0.20382654825483096
ENSG00000153071.14,DAB2,-0.3432047977458064,NA,0.731444395569256,0.0009534055048795759,0.033670934540343415,0.04832571844167816,NA,2,2,2,0.717001126772101,0.11118651036584487
ENSG00000072832.14,CRMP1,-0.34294597316454944,NA,0.7316391050927041,0.006263430155153226,0.17802193176955428,2.944276612202943e-06,NA,13,15,15,0.029966405692538556,0.05281889853341555
ENSG00000165501.16,LRR1,0.3427290302339865,NA,0.7318023210467676,0.008199440450275687,0.035855680325990937,0.03344284418167364,NA,11,12,12,0.20124022227399663,0.1825599897866588
ENSG00000129596.4,CDO1,0.3422800996791849,NA,0.7321401102901961,0.0033706553107512157,0.0984390891346716,0.0006424359655929394,NA,4,4,4,0.5546305985819672,0.028810779360765062
ENSG00000108963.17,DPH1,0.3419989902186125,NA,0.7323516521808064,0.007865895472085552,0.06938192194997589,0.00505058537368292,NA,6,7,7,0.00030521972202686675,0.07409931117374915
ENSG00000114124.2,GRK7,-0.34156458909900356,NA,0.7326785898669628,0.04591452613568176,0.07654438984900637,0.002595296413968211,NA,20,22,22,0.0367924100022761,0.8170329892587935
ENSG00000071246.10,VASH1,-0.3414114361946853,NA,0.732793866922794,0.016028567535538114,0.21943845127455835,1.3494704616089132e-07,NA,5,5,5,0.5301637162607802,0.0822064102565295
ENSG00000106125.14,MINDY4,-0.340915757178565,NA,0.733167002156495,0.007280766841012579,0.13668673451294133,1.5058257423578155e-05,NA,13,14,14,0.33947224797844855,0.0972596430000464
ENSG00000198336.9,MYL4,0.34053795122917646,NA,0.7334514477358101,0.02211073172969033,0.15957987480454547,1.0417721051706997e-05,NA,3,3,3,0.5327624764237652,0.19069792075220546
ENSG00000142227.10,EMP3,0.3391765802650372,NA,0.7344767109278727,0.003207488423773189,0.07833228767039313,0.002358925091461788,NA,24,28,28,0.4207040468646206,0.0606285772607505
ENSG00000075234.16,TTC38,0.3389397688086201,NA,0.7346551045919772,0.03265421568314171,0.0769924526192543,0.002672550174567755,NA,28,30,30,0.04373504312222236,0.15599276101450973
ENSG00000263627.1,PPP4R1-AS1,-0.33851699620095843,NA,0.7349736212089242,0.05519305703713663,0.22328608116437032,6.088721208078016e-08,NA,11,12,12,0.41500977565339825,0.09564401084475828
ENSG00000144589.21,STK11IP,0.3384714854616339,NA,0.7350079116901014,0.013651969374611567,0.12674833972052468,4.106851361941918e-05,NA,34,35,35,0.5371013500725379,0.13860318739198374
ENSG00000124532.14,MRS2,0.33813866221460975,NA,0.7352586964500406,0.007990038769489716,0.12645628599238026,0.00011960909822419512,NA,7,8,8,0.21032450804288627,0.045008678333952966
ENSG00000099940.11,SNAP29,-0.33661923563925755,NA,0.7364039537125049,0.005969767375722734,0.1290817882869963,8.976382844573011e-05,NA,66,68,68,0.16561039496658247,0.07814940682133174
ENSG00000164440.14,TXLNB,-0.3362336510157148,NA,0.7366946787555422,0.004525170170625852,0.06487225228118634,0.005986786793429356,NA,10,10,10,0.2313998580714759,0.027120525547516268
ENSG00000184227.7,ACOT1,0.33615938813575147,NA,0.7367506761872555,0.05318284533739434,0.2417406675902185,2.5300753637141088e-08,NA,31,32,32,0.011465060724765988,0.1510835202100365
ENSG00000021488.12,SLC7A9,-0.3354339134790508,NA,0.7372977890283969,0.08891684839378422,0.32967035125748084,6.365624321429316e-12,NA,61,67,67,0.00011562038058227835,0.056978006510866465
ENSG00000143545.8,RAB13,0.3352917986730583,NA,0.7374049797559129,0.02751927872098858,0.060439814347576164,0.00954801096945758,NA,27,29,29,0.0052598850872461024,0.31273486462728395
ENSG00000163320.10,CGGBP1,-0.334021101612044,NA,0.738363635477975,0.011331461005862364,0.11732360532929467,0.00023196992576507089,NA,14,14,14,0.444672973594578,0.1023117408156351
ENSG00000171016.11,PYGO1,0.3337324850915473,NA,0.7385814340547618,0.018164303022279383,0.07586205023180753,0.003347496077871085,NA,39,40,40,0.010756259058535738,0.16356451717730605
ENSG00000178252.17,WDR6,-0.33356580224008525,NA,0.7387072274303508,0.028102691097864424,0.20335019683147115,5.458036038440239e-07,NA,21,22,22,0.04179638981848213,0.05546703596074495
ENSG00000160963.13,COL26A1,-0.3331827841930454,NA,0.738996312655258,0.006027114661830771,0.05088593746157885,0.015819039620370196,NA,8,9,9,0.32166841038994554,0.04919979293775735
ENSG00000115825.9,PRKD3,-0.3316714266153427,NA,0.7401373787286148,0.010491194149506552,0.1980622371364544,2.9357988764365486e-07,NA,9,9,9,0.17857395298157308,0.02575336732562972
ENSG00000134827.7,TCN1,0.3309562349822484,NA,0.7406775437706391,0.04531029211623151,0.10585284372714612,0.0004049990222980272,NA,36,41,41,0.008191365817449255,0.2173191741583644
ENSG00000067533.5,RRP15,-0.3307000072972819,NA,0.740871096787842,0.010053088764662592,0.12907092784064478,7.267206079292248e-05,NA,15,15,15,0.04918733300476008,0.0661747907914794
ENSG00000028277.21,POU2F2,-0.3301491803386869,NA,0.7412872440279,0.0043245356467952615,0.039719625523971513,0.03465185851866511,NA,3,3,3,0.30955943895394733,0.07963223814417866
ENSG00000171298.12,GAA,-0.3297680625869149,NA,0.7415752210472908,0.07984248988200753,0.31218605692874873,5.513139600712046e-11,NA,23,32,32,0.06922570626017248,0.2972150715413553
ENSG00000117090.14,SLAMF1,-0.3293230748803118,NA,0.741911504749408,0.07409951822053233,0.1434686452046214,3.24720613309772e-05,NA,83,91,91,8.01364896658244e-07,0.20799953528485074
ENSG00000101751.10,POLI,0.32927684365821613,NA,0.741946445185593,0.027673490448808347,0.3489212555248624,3.189954637238992e-13,NA,85,85,85,4.313200251202017e-06,0.1499189705688984
ENSG00000121289.17,CEP89,0.3291226544598607,NA,0.7420629814862605,0.0024311173062454175,0.037599046136655885,0.038946049705144536,NA,8,8,8,0.1484519777563352,0.03478204144513364
ENSG00000260468.1,LINC01290,0.3287113593104823,NA,0.742373867560451,0.025569766869243598,0.03467432775598664,0.03803723052806531,NA,20,20,20,0.012746443038695902,0.11387098918843434
ENSG00000241058.3,NSUN6,-0.3279073415423628,NA,0.7429817226275818,0.01733683547037164,0.1656807363280289,4.819117982717567e-06,NA,23,24,24,0.0683379623610172,0.028390737689550725
ENSG00000225880.5,LINC00115,-0.3269281212184326,NA,0.7437222511075792,0.014726273155037896,0.16654445923846992,4.848638854624603e-06,NA,13,16,16,0.22582506663755186,0.1385007888314058
ENSG00000080802.18,CNOT4,0.32663052115716273,NA,0.7439473560694247,0.004394756186255811,0.03524229042923603,0.04639525108799928,NA,17,17,17,0.5649011975596676,0.025743036264466283
ENSG00000186377.7,CYP4X1,-0.3266043281175829,NA,0.74396716955681,0.013738192001037392,0.0898856192783175,0.00144652566653405,NA,5,5,5,1.0580501886098805e-06,0.29930205603575605
ENSG00000184182.18,UBE2F,0.32611675902980597,NA,0.7443360177044085,0.0041616017312961365,0.10024266625961722,0.0005700216671840544,NA,10,10,10,0.44366184851346246,0.04104854076336505
ENSG00000203780.10,FANK1,-0.32605505870419615,NA,0.7443826984530691,0.0049957040933231375,0.055873071648255994,0.012876524635551865,NA,35,35,35,0.1271310318062738,0.028020846267226868
ENSG00000101224.17,CDC25B,0.3259405929393116,NA,0.7444693025512273,0.013830053198321382,0.11071614355434764,0.0003027419309270034,NA,10,12,12,0.38559655605958687,0.05944856591160452
ENSG00000151552.11,QDPR,-0.3256632846715067,NA,0.7446791256859785,0.02010292888872464,0.17226341668739892,2.892585462986466e-07,NA,3,3,3,0.7271425325090819,0.11130175088063288
ENSG00000154237.12,LRRK1,-0.3255416766176275,NA,0.7447711454480404,0.07057960965740187,0.05708063493130638,0.011898680711095068,NA,68,73,73,5.104780275333669e-13,0.13074727090466345
ENSG00000250120.6,PCDHA10,-0.3251665263304035,NA,0.7450550413725647,0.007380110006046538,0.053396573362800466,0.010981897708659821,NA,7,9,9,0.6211157218053907,0.21005594722950505
ENSG00000213057.5,C1orf220,0.32479215992510097,NA,0.7453383786175504,0.020356680113048017,0.08502744615262417,0.0019932342579190767,NA,20,20,20,0.006291746280606718,0.08608819947849512
ENSG00000228340.5,MIR646HG,0.3243776533489978,NA,0.745652135930926,0.012759465030603075,0.09368530266364293,0.0011481452903774991,NA,10,11,11,0.5723658226636292,0.10346025274108334
ENSG00000233878.1,AC073133.1,-0.3233537856438797,NA,0.7464273248057858,0.018445788775331064,0.11688078067619675,0.00014202597596054008,NA,11,11,11,0.3009552828858475,0.0924596441787314
ENSG00000184389.9,A3GALT2,0.3230585131181839,NA,0.7466509287280156,0.021485594352017294,0.06737711905773268,0.005577043069157832,NA,13,13,13,0.31563463150206994,0.05832369120335654
ENSG00000205659.10,LIN52,0.322525956510156,NA,0.7470542770138009,0.004217397814332389,0.07537471598446395,0.0036780016043646297,NA,14,14,14,0.3622990410857636,0.019496726483217392
ENSG00000008513.14,ST3GAL1,-0.3224646771980354,NA,0.7471006932507702,0.027595503432001157,0.14442528402088592,3.146114647485563e-05,NA,46,55,55,0.04223672391140501,0.0926276565375086
ENSG00000183889.12,AC138969.4,-0.32245552634165225,NA,0.7471076246788038,0.06610684183820964,0.06804859954248231,0.004992223531537443,NA,46,46,46,0.030595492042810916,0.11763368069889897
ENSG00000128709.12,HOXD9,-0.3218093315600827,NA,0.7475971445023364,0.004162229152811296,0.058765225008469285,0.009749361328638708,NA,10,10,10,0.0006509866166026773,0.0833385903269341
ENSG00000138696.10,BMPR1B,-0.3216900249739561,NA,0.7476875354163002,0.009457978419499063,0.09560553972249372,0.0009367285947616847,NA,24,25,25,0.22379653661570376,0.06485085937882018
ENSG00000174373.16,RALGAPA1,-0.3215948954469198,NA,0.7477596114161914,0.0646146692465354,0.256195542050142,1.875319995941531e-09,NA,37,37,37,0.0019223096414746836,0.2571024031843852
ENSG00000271743.1,CTD-2541M15.3,-0.32126978739580025,NA,0.7480059499787761,0.004545955046447904,0.03831717328623726,0.034109923997918234,NA,4,4,4,0.6390843476199569,0.025726485108503373
ENSG00000172247.3,C1QTNF4,0.32105272666373663,NA,0.7481704340205046,0.05006824701444136,0.08818321126789634,0.0011716028579694152,NA,62,62,62,0.005190425790982533,0.17864870318685827
ENSG00000123191.14,ATP7B,0.32101074901523735,NA,0.7482022451195978,0.028680782774928512,0.11211045147086997,0.00024268199817477885,NA,40,43,43,0.0020555521694936335,0.2286289719227545
ENSG00000115539.13,PDCL3,-0.32086628294231295,NA,0.7483117262896626,0.02215762517506599,0.037491274191045434,0.039632779410673336,NA,62,62,62,0.004973529542935126,0.14953458991830731
ENSG00000163754.17,GYG1,-0.3204490842474146,NA,0.7486279217477766,0.01326913195464933,0.0805753508496501,0.0014122467601987321,NA,39,46,46,0.08734048853435905,0.1261279036227977
ENSG00000111850.10,SMIM8,-0.31958075079327986,NA,0.7492861683589167,0.009985377273115955,0.07570641264961481,0.0033701501534085525,NA,22,23,23,0.07457039362982505,0.040986089273674815
ENSG00000169967.16,MAP3K2,-0.31904189125219745,NA,0.7496947467198314,0.014929522462269498,0.06962363903143735,0.0037508162395955853,NA,13,14,14,0.3246166859854622,0.03934357543894742
ENSG00000174292.12,TNK1,0.3185342789263714,NA,0.7500796968270367,0.03655717584328229,0.033850238850460415,0.048625148463130416,NA,75,85,85,0.0003013140051475228,0.19463827401126707
ENSG00000224132.2,AC112715.2,0.31844010589549754,NA,0.7501511202197907,0.018655498359227293,0.03862141671377047,0.0332122361139052,NA,11,11,11,0.00786262499604294,0.3040399811080742
ENSG00000178234.12,GALNT11,0.31839926650422445,NA,0.7501820945928481,0.012049932053854854,0.05052111005561236,0.01482100797661324,NA,14,15,15,0.3728999270166783,0.13534124317318313
ENSG00000107614.21,TRDMT1,-0.3175014842373801,NA,0.7508631134328252,0.004355880124122314,0.08154829859952073,0.002106377842044434,NA,21,21,21,0.03805946442606112,0.020170739816010884
ENSG00000269973.1,RP11-95D17.1,-0.3173530128926343,NA,0.7509757561024252,0.12872732807411585,0.1582740117460708,1.1618798119939905e-05,NA,92,101,101,4.862450160709131e-08,0.2618230847798205
ENSG00000161533.11,ACOX1,0.3172717747276005,NA,0.751037392355351,0.005414548598483065,0.06558818777813723,0.0070004098486048895,NA,9,10,10,9.217038832152537e-06,0.06935724147407696
ENSG00000160752.14,FDPS,-0.31692945774561665,NA,0.751297129307991,0.02479349594337986,0.034158599249397466,0.04998342938799525,NA,46,49,49,0.01222044434712102,0.1513819491820731
ENSG00000131055.4,COX4I2,0.31675994660935947,NA,0.7514257582690292,0.012581787113754,0.04763090282345209,0.01938788559670081,NA,30,32,32,0.3549337195828681,0.12664755795215868
ENSG00000180902.17,D2HGDH,-0.3157776082885377,NA,0.7521713151367542,0.05249427307176596,0.3389060515337564,1.452577984848454e-12,NA,25,28,28,0.16042439883481696,0.09369203405866396
ENSG00000004838.13,ZMYND10,-0.3153311198628866,NA,0.752510259115443,0.00868762939865932,0.03667358724626407,0.04124719656959939,NA,7,7,7,0.03174249869470298,0.14479734407079395
ENSG00000136051.13,WASHC4,0.31505105127533833,NA,0.7527228927082578,0.05981522095710499,0.07004785549790947,0.003914221334027653,NA,72,76,76,0.0002577025722252855,0.3519523397415747
ENSG00000185339.8,TCN2,-0.3148633436375119,NA,0.7528654145498583,0.04208220923156395,0.13347125257346562,5.908382882941394e-05,NA,78,78,78,0.010726448199781293,0.17177996532338488
ENSG00000102910.13,LONP2,0.31483665758285784,NA,0.752885677305779,0.00942852703647552,0.1559094852099397,1.6549079404735713e-05,NA,66,70,70,0.005209059290970702,0.06963182626039577
ENSG00000184232.8,OAF,0.31461771716246245,NA,0.7530519254778035,0.005872098079080666,0.08268663359152957,0.0020518241199706127,NA,11,11,11,0.0372271777378557,0.08219146875164557
ENSG00000242441.7,GTF2A1L,0.3143521484120237,NA,0.7532535953395144,0.1837504586291907,0.5813311162431464,1.3646240345333735e-26,NA,55,56,56,0.000852361483678128,0.4085057128770066
ENSG00000182923.16,CEP63,-0.3142635684711276,NA,0.7533208656752828,0.05770215099962256,0.2403534234706873,2.0673869844802195e-08,NA,67,68,68,0.36266600688500317,0.13329593554584993
ENSG00000103723.12,AP3B2,-0.3141810168542364,NA,0.7533835596019435,0.0438953796912029,0.17593210089469613,4.017052912341488e-06,NA,16,18,18,0.009272574063042984,0.3234568213842063
ENSG00000105607.12,GCDH,-0.313662672401032,NA,0.7537772540767528,0.013093308932813255,0.1434051152835371,3.6745389452944315e-05,NA,23,25,25,0.10264556969420732,0.09240521596975178
ENSG00000070193.4,FGF10,0.31313768082162163,NA,0.7541760624463789,0.016196965974892,0.04862375913546179,0.017552946252097263,NA,36,36,36,0.001437876887041414,0.3589508399320422
ENSG00000124067.16,SLC12A4,-0.313077483634848,NA,0.754221795261166,0.001043945238884178,0.031124995947598513,0.04502634271855988,NA,3,3,3,0.3859745470374776,0.03948657002913048
ENSG00000090238.11,YPEL3,-0.312849237615311,NA,0.7543952054276939,0.013094848386471446,0.0686072851497404,0.003768028832967829,NA,24,24,24,0.08468219811868213,0.047559516944882
ENSG00000165233.17,CARD19,0.31234468911531343,NA,0.7547785806402957,0.016228464312298657,0.1591754374712986,7.416419119079992e-06,NA,24,24,24,0.08639703214652789,0.07009506038048295
ENSG00000249693.2,THEGL,0.31233829839430427,NA,0.754783436941791,0.01695936662551257,0.07905759074754289,0.0030024152017568678,NA,4,5,5,0.7344058272859988,0.17672856497645312
ENSG00000271383.6,NBPF19,-0.31223245970586616,NA,0.7548638650480756,0.010883080344337288,0.042977183685733215,0.02707157553634115,NA,23,31,31,0.27896335256148896,0.2758837701204799
ENSG00000047346.12,FAM214A,0.3120418738575753,NA,0.7550087002533572,0.022054024916899652,0.09954820079149278,0.0005391363361097649,NA,36,42,42,0.20667967101685925,0.1888404156738996
ENSG00000206432.4,TMEM200C,-0.31200307474053585,NA,0.7550381865939311,0.027738711409003018,0.04856395939198202,0.019649158917786624,NA,19,20,20,0.2279259966702768,0.10488367783896516
ENSG00000273449.1,RP11-218F10.3,0.31118914381559315,NA,0.7556568355878353,0.06547680435687947,0.21976305121871556,3.4096221184690555e-08,NA,37,37,37,0.4547683831084791,0.11267645836990835
ENSG00000125818.17,PSMF1,-0.3102462511237776,NA,0.7563737011709791,0.019280014720342218,0.16657185899208968,6.374500621651731e-06,NA,42,42,42,0.13878784268109293,0.0575680937346473
ENSG00000113273.15,ARSB,-0.31011068913515744,NA,0.7564767839475292,0.0076556830125806335,0.07935035780526141,0.0008897627508200347,NA,21,23,23,0.015033996007624091,0.04964068290160845
ENSG00000267454.5,ZNF582-AS1,0.3098975238920756,NA,0.7566388858275648,0.01609539877542641,0.17164648075721567,3.209366983981111e-06,NA,32,33,33,0.03216933847888885,0.05329563972056766
ENSG00000133433.10,GSTT2B,-0.3095626080549579,NA,0.7568935947860401,0.05483534016586465,0.3691022586219109,1.603740543935302e-13,NA,17,24,24,0.09550055152833732,0.3724216343565117
ENSG00000100023.18,PPIL2,-0.3091678849280409,NA,0.7571938220661616,0.01725413148823691,0.16613858096231787,3.598552959498498e-06,NA,29,29,29,0.010900396761891376,0.07213524965463132
ENSG00000148143.12,ZNF462,0.30882234741799547,NA,0.7574566687357209,0.011983412854171998,0.07627086515718026,0.003175703728827096,NA,32,34,34,0.0006475667631796571,0.11469079651202578
ENSG00000235641.4,LINC00484,0.3083140478921495,NA,0.7578433776934707,0.1100201064409694,0.08731691238509891,0.001614510856699972,NA,65,70,70,0.00026706702457759865,0.26014019863858817
ENSG00000157036.12,EXOG,-0.3081721403876541,NA,0.7579513502633886,0.012840217100837352,0.12970466251658022,6.617475794712034e-05,NA,21,21,21,0.32909603526282305,0.06949382091481163
ENSG00000148824.18,MTG1,-0.3074571323258643,NA,0.758495447253035,0.009220946588788723,0.1448357956794795,2.3474780393230546e-05,NA,5,5,5,0.6385302001670388,0.09692725668353078
ENSG00000106511.5,MEOX2,0.3069455364070698,NA,0.7588848279030456,0.017424216552220047,0.04670100627438021,0.021428775771065188,NA,36,37,37,2.929958269123972e-05,0.16600377237958733
ENSG00000129055.12,ANAPC13,-0.3068061084238555,NA,0.7589909585103501,0.09641863897327824,0.2657365988949568,1.7038809224742942e-09,NA,79,79,79,0.0005990592472142398,0.058634503019054075
ENSG00000269086.2,CTC-523E23.5,-0.30646572100006864,NA,0.7592500756669494,0.010533436965184348,0.09401728155596924,0.0009087078512134693,NA,10,10,10,0.014081109868078466,0.06594670898861457
ENSG00000188227.12,ZNF793,-0.30603422080324993,NA,0.7595785905308304,0.01039064012904339,0.03640914271994351,0.037933389117145284,NA,37,38,38,0.06362992012767639,0.11269562521931248
ENSG00000162994.15,CLHC1,0.3051727651987451,NA,0.7602345738717677,0.11109943097059366,0.21143259860650132,2.770466964639192e-08,NA,38,38,38,0.001773959254617567,0.24223121238688186
ENSG00000054219.10,LY75,0.3039839664198378,NA,0.7611401064458586,0.06776709000580719,0.3264789450026825,6.2687213532824546e-12,NA,56,57,57,0.0037324146130765816,0.07323224414819841
ENSG00000101367.8,MAPRE1,-0.3039740002190225,NA,0.7611476992918413,0.017851365315698357,0.1377759544663451,1.0460708388899706e-05,NA,33,34,34,0.03841764589005647,0.11213634529752156
ENSG00000170322.14,NFRKB,0.3036713072802665,NA,0.761378319775061,0.006462591779301714,0.0543971000982161,0.012155587350046172,NA,22,24,24,0.1538492111973271,0.06643251101839362
ENSG00000165171.10,WBSCR27,0.30241701138715127,NA,0.7623341882827668,0.1681976332141044,0.4553686618834158,5.0032124459209315e-18,NA,47,51,51,0.0008697965887296801,0.19993055183623945
ENSG00000223510.6,CDRT15,0.3013657494062371,NA,0.763135608969229,0.06830616684529259,0.2537931840082241,3.042237102818709e-10,NA,12,14,14,0.023072642030493917,0.0971087879854318
ENSG00000265043.1,RP11-728E14.3,0.3013589911097915,NA,0.763140761921781,0.06554080676240022,0.1374368564478325,4.738720646736835e-05,NA,12,15,15,0.0019025293999182461,0.1874341972458875
ENSG00000113048.16,MRPS27,-0.3008069694042205,NA,0.7635616935943184,0.0010055050473563214,0.04340033067757991,0.023483858761755863,NA,1,2,2,0.7635616935943184,0.04527757540345774
ENSG00000225706.1,PTPRD-AS1,-0.29963951868478106,NA,0.7644521368473618,0.0389678135197106,0.2729549244979693,1.1641686141974982e-09,NA,9,9,9,0.5297179116998398,0.14703567750036903
ENSG00000224635.1,RP4-564F22.5,-0.29874561919289677,NA,0.7651341465360673,0.28563640012614067,0.5277201562741605,4.633167946771384e-22,NA,66,67,67,6.216530497571674e-11,0.3718888194615181
ENSG00000142273.10,CBLC,-0.2976044789887742,NA,0.7660050556621627,0.0008260489941484571,0.13008851311445674,2.1394921869917936e-05,NA,26,31,31,0.08747513321897107,0.0561589978628897
ENSG00000227374.1,RP11-109A6.3,0.29642215348229917,NA,0.7669077090959379,0.08300666494101339,0.16876642132855094,4.522675185593483e-06,NA,40,48,48,0.16965196675826844,0.1194211686013399
ENSG00000128203.6,ASPHD2,0.2954786647710706,NA,0.7676282482026396,0.05836687259743656,0.2852913510025659,6.086825418803386e-10,NA,45,45,45,0.0031930593882287055,0.10913956424534847
ENSG00000174226.8,SNX31,0.295009609802591,NA,0.7679865386825685,0.009913636925969254,0.05256980844398231,0.011334736023866771,NA,8,11,11,0.026006512171411592,0.17774518082092347
ENSG00000275718.1,CCL15,0.29491432906176257,NA,0.7680593255149963,0.013049681773326908,0.1063808855950382,0.0003884132618592384,NA,14,21,21,0.2285350312640173,0.14390452600431128
ENSG00000170889.13,RPS9,-0.29213967802106555,NA,0.7701798305651187,0.011212743179269073,0.15027146988590742,2.5564343495468852e-05,NA,19,23,23,0.18601337568115384,0.07106882634857659
ENSG00000137877.9,SPTBN5,0.2921179447812755,NA,0.7701964468279137,0.044678945879891796,0.14169873790841672,3.068706786805912e-05,NA,20,21,21,8.070217216345036e-06,0.11323658108755555
ENSG00000115252.18,PDE1A,-0.29131515372834593,NA,0.7708102988067452,0.0011310738426916426,0.06450808423212645,0.007650028818294337,NA,3,3,3,0.0742628305283872,0.06426628418740056
ENSG00000212127.5,TAS2R14,0.29118071690873615,NA,0.7709131095971719,0.0053724643849067995,0.21136261962338,9.306169429208345e-08,NA,13,82,82,0.10338267444694621,0.18513669401307287
ENSG00000170161.6,RP11-262H14.4,-0.2898166980734845,NA,0.7719564726441488,0.0013833018411334372,0.08588472174180428,0.0012787116382689716,NA,4,12,12,0.5841072730383069,0.030352816654647594
ENSG00000135925.8,WNT10A,0.28981249196167846,NA,0.7719596906152142,0.009023905181507235,0.11853762530439245,0.00011781360319206904,NA,14,17,17,0.0828985044959393,0.2442970115934249
ENSG00000156253.6,RWDD2B,-0.28977297141633507,NA,0.771989926800808,0.06676427328120381,0.0855736991602644,0.0015674327936272545,NA,73,77,77,0.005063603664309637,0.2109865623740824
ENSG00000118004.17,COLEC11,0.2895787886527327,NA,0.772138496229786,0.013915173905646252,0.058119833955725626,0.009923416858329674,NA,9,11,11,0.5120843569265167,0.14299505328382195
ENSG00000090266.12,NDUFB2,-0.2893598180494564,NA,0.7723060408819673,0.022361183110308262,0.05423445089236685,0.012430476460284893,NA,137,142,142,4.89157320590035e-08,0.14829312934139113
ENSG00000145777.14,TSLP,0.28933540074186953,NA,0.7723247243643031,0.014211179913361419,0.06436775021807499,0.005844396702742134,NA,21,21,21,0.12678705230811071,0.09045227148719097
ENSG00000278231.1,RP5-906C1.1,-0.28871239221120665,NA,0.7728014787472087,0.010939172445713885,0.052523342345862714,0.01419049607520786,NA,24,24,24,0.14188042776548374,0.23905936872025116
ENSG00000138085.16,ATRAID,0.28841125425416936,NA,0.7730319539253819,0.026382579252565434,0.1833802712768864,1.205372507735141e-06,NA,22,22,22,0.2988175829172095,0.10777068039845566
ENSG00000184983.9,NDUFA6,-0.28835009171130654,NA,0.7730787669701458,0.009755106018905849,0.11913518194809525,0.00012479501173896887,NA,3,3,3,0.5669403000227164,0.2376115371073848
ENSG00000269028.3,MTRNR2L12,0.2883348464965821,NA,0.773090435595227,0.0015608602170304763,0.038667980153884736,0.037282598512729616,NA,1,1,1,0.7730904355952272,0.07575416208990206
ENSG00000113361.12,CDH6,0.28812001205508864,NA,0.7732548744523728,0.01143617064347542,0.2155598992179296,1.4290235895240614e-07,NA,8,10,10,0.6374354487631466,0.09427154014588962
ENSG00000037757.13,MRI1,0.2880697609020387,NA,0.7732933392243331,0.2127325265825526,0.3933429928495839,2.3612646034623152e-14,NA,24,24,24,1.433128993246484e-05,0.19387296202426374
ENSG00000170608.2,FOXA3,0.28799136926962254,NA,0.7733533452530736,0.05643922049774448,0.04997357900549136,0.019392497898970462,NA,26,26,26,0.013884823545909208,0.3743295220562004
ENSG00000272506.1,RP4-535B20.4,0.2878343494750245,NA,0.7734735424397846,0.00867245507488243,0.0732481932983073,0.004278691989389282,NA,18,20,20,0.30619749802040186,0.03236671623204345
ENSG00000169592.14,INO80E,-0.287574723819755,NA,0.7736722953708006,0.012757931609351278,0.15798826734716068,7.556520823377742e-06,NA,41,41,41,0.01746629412345409,0.09999785013507828
ENSG00000089335.20,ZNF302,0.2875370508598893,NA,0.7737011366320845,0.003293991440957861,0.044707667917657866,0.02270904719517098,NA,21,22,22,0.450666670163266,0.03348445914917067
ENSG00000134744.13,ZCCHC11,-0.28680649235882083,NA,0.7742604915152513,0.012922453905182176,0.172596638727967,1.722169353872519e-06,NA,46,47,47,0.6148579450120881,0.008401361502694925
ENSG00000124802.11,EEF1E1,-0.2867747826235985,NA,0.7742847728503188,0.009787931964941335,0.04499964597132772,0.022938384706599424,NA,47,50,50,0.0033087068073313097,0.2483179672607955
ENSG00000143452.15,HORMAD1,0.2862066420567406,NA,0.7747198568154915,0.1989746500612035,0.3965612401900816,5.7672759591176504e-15,NA,46,46,46,0.022795427552820366,0.09186024457864207
ENSG00000253293.4,HOXA10,-0.2857638153292062,NA,0.7750590240909586,0.003042872407806131,0.04322693988984716,0.02410634030390048,NA,6,6,6,0.15549045822743707,0.03626015370121071
ENSG00000119514.6,GALNT12,-0.28554398072891346,NA,0.7752274144782391,0.04992612275662942,0.050167861541187256,0.018791846879695387,NA,57,62,62,0.00015904041614430196,0.14288908237456682
ENSG00000105479.15,CCDC114,0.2855176202654706,NA,0.7752476069534174,0.015416932911871751,0.11183178154691788,0.0002611432226711948,NA,18,21,21,0.019121258881907615,0.03642895637511119
ENSG00000205309.13,NT5M,-0.28530214881315885,NA,0.7754126667271558,0.010063610476619248,0.04355985819765837,0.02813483374413446,NA,18,19,19,1.736524020442798e-05,0.06372024086801073
ENSG00000178852.15,EFCAB13,-0.28413807348578884,NA,0.7763045704253245,0.030836114944510738,0.2579288777604312,2.528347648484264e-09,NA,37,38,38,0.3970465508228077,0.12395595517576158
ENSG00000237807.3,RP11-400K9.4,0.2840754772101983,NA,0.7763525394794982,0.008564894023638577,0.04302968991456579,0.026397739386505942,NA,14,15,15,0.4216051858295081,0.07507060712825962
ENSG00000163823.3,CCR1,0.2836748133449835,NA,0.7766595981770593,0.009153267783046481,0.04054923462350605,0.033789982814221145,NA,31,34,34,0.0009238135922030798,0.10392381740318678
ENSG00000260947.1,RP11-384P7.7,0.2836342815891068,NA,0.7766906626388697,0.05048779304410864,0.18027696058066908,1.0891292047104672e-06,NA,42,42,42,0.008111119575034392,0.06620096847772533
ENSG00000099977.13,DDT,0.2831402447369494,NA,0.7770693324374416,0.07445338460933423,0.08548914149396737,0.0010596478628952227,NA,73,78,78,0.00018005923741697735,0.15918247204924754
ENSG00000278214.1,LINC02139,0.28193413579857474,NA,0.7779940142234263,0.020241206845391987,0.06317306286982062,0.007151673533269006,NA,27,33,33,0.009061617122943835,0.18072009749199644
ENSG00000164713.9,BRI3,0.28133219671216775,NA,0.778455617709864,0.030888143290311035,0.14954143122954014,2.0532743930666407e-05,NA,65,73,73,0.003282182474540611,0.29717103719783444
ENSG00000148484.17,RSU1,0.28124777793055034,NA,0.7785203614181453,0.004092197771278137,0.09088643334271006,0.0011319095023050113,NA,3,3,3,0.3138436547479586,0.06415367886873666
ENSG00000231439.4,WASIR2,0.2811661543960824,NA,0.7785829628155849,0.06726551828703642,0.15002930138393766,2.395355663554481e-05,NA,16,20,20,1.4368801017031524e-08,0.2314713582560708
ENSG00000164924.17,YWHAZ,-0.28095661156152063,NA,0.7787436788545351,0.0002853825192625716,0.039068005211893575,0.023834793138312115,NA,5,5,5,0.03824016519459326,0.009495415621509205
ENSG00000273295.1,AP000350.5,-0.28055812340892056,NA,0.7790493390642984,0.12443402503180231,0.6787820347860872,2.324206772678901e-35,NA,30,36,36,0.00016966447985734435,0.13927778739250862
ENSG00000183793.13,NPIPA5,-0.2801207263141977,NA,0.7793848837065839,0.3905207262101776,0.3725750976154497,2.420406580443073e-13,NA,109,130,130,0.0006078586455927361,0.6770326403220585
ENSG00000159450.12,TCHH,0.2800831076398715,NA,0.7794137444031781,0.006990963258649286,0.03493043052175847,0.04599747372040918,NA,6,6,6,0.003976073680447323,0.06195984094979385
ENSG00000146833.15,TRIM4,0.28003847733123366,NA,0.7794479847547,0.14897133229115286,0.3957888078144795,4.220598987233636e-15,NA,101,102,102,0.0008697332922256931,0.2479383779431939
ENSG00000186648.14,CARMIL3,0.2792484897240476,NA,0.7800541336408913,0.009270439090185729,0.0927480797969491,0.0009840385415769866,NA,47,48,48,0.2806272157961822,0.12208530455990847
ENSG00000213689.11,TREX1,0.2782143657523185,NA,0.7808478077579051,0.01813432929585492,0.19609492242362725,8.490797553562809e-07,NA,11,13,13,0.4521227664883428,0.2452203695909983
ENSG00000269713.7,NBPF9,0.27783586989053943,NA,0.7811383545966981,0.005736334345607866,0.07366134475997294,0.0037378552515098702,NA,25,41,41,0.10489680616004878,0.08701606177603688
ENSG00000138738.10,PRDM5,-0.27743065395218097,NA,0.7814494465795127,0.002769384881121989,0.086704778986545,0.0011866528356947405,NA,36,37,37,0.034303204905259545,0.021664402527491432
ENSG00000135968.20,GCC2,-0.27638539936565304,NA,0.7822520697573905,0.01217040741097009,0.10152058870719753,0.0003539246766109696,NA,27,41,41,0.5747343209623637,0.12686371530701746
ENSG00000122783.16,C7orf49,0.2763147029434727,NA,0.7823063640404881,0.008989170323950236,0.060217402866441734,0.009091838033075663,NA,19,19,19,0.10176258465039326,0.07232457441845548
ENSG00000168546.10,GFRA2,-0.2758658714571599,NA,0.7826510877398247,0.009087867319381476,0.03891219336682188,0.035182398399208024,NA,28,30,30,0.021532720937587818,0.07915333806453108
ENSG00000138376.10,BARD1,-0.2744463888830115,NA,0.7837415978116399,0.01626415998899355,0.05815247052682417,0.010368677023018108,NA,34,34,34,0.004089483768051403,0.24454052620976616
ENSG00000169230.9,PRELID1,0.2742725733473366,NA,0.7838751599306857,0.01615208895706619,0.09254185376841836,0.0007780077504730608,NA,49,53,53,0.07495469781837961,0.08996384992478779
ENSG00000136451.8,VEZF1,0.27396493605271394,NA,0.784111568036157,0.02166867733934469,0.09381798446447934,0.0010118697980740071,NA,57,58,58,1.5597650772961307e-09,0.2839155673588599
ENSG00000164344.15,KLKB1,-0.27388820701334643,NA,0.7841705346260374,0.014603911106013452,0.10810917522178852,0.00032839680708964176,NA,31,32,32,0.0014268388273906021,0.05807415419945625
ENSG00000170891.10,CYTL1,-0.2738339116643402,NA,0.7842122615791216,0.00825715036747629,0.158526158960629,1.3693967782804925e-05,NA,3,3,3,0.7466770852205443,0.12617371330091512
ENSG00000129048.6,ACKR4,0.2737396606152054,NA,0.7842846966801363,0.03815969771089395,0.08235242211557707,0.0024377846525724433,NA,29,29,29,0.40440090791939953,0.13350695553728678
ENSG00000226051.6,ZNF503-AS1,-0.2730724207797083,NA,0.7847975463460848,0.07345531098485503,0.13025484808663468,6.846102046450255e-05,NA,84,86,86,0.0001676748447370582,0.16808957969537405
ENSG00000197479.6,PCDHB11,0.27164236881455256,NA,0.7858970183587608,0.05498749429747353,0.2895382857722024,1.3371767029288223e-10,NA,28,32,32,0.06694964202160483,0.21875709624394876
ENSG00000115425.13,PECR,0.271434287325965,NA,0.786057034051319,0.07610598431127852,0.039362157378235375,0.037705543260843584,NA,81,90,90,3.337331013804877e-05,0.23826560693026225
ENSG00000074370.17,ATP2A3,0.27096565599492106,NA,0.7864174469486885,0.008874692062910639,0.057888444832344274,0.008275437154798419,NA,11,12,12,0.05098217758433021,0.06153314732070729
ENSG00000270659.1,RP11-105N14.1,-0.2708451613977065,NA,0.78651012379693,0.021051399727748,0.10180062608083834,0.0004942345411341521,NA,19,21,21,0.2082816627695696,0.09820827568684162
ENSG00000188372.14,ZP3,0.2701487760482558,NA,0.787045798721839,0.11874401207081858,0.4532522739140543,1.8294450844793076e-19,NA,27,31,31,0.002038644914190303,0.2921043091187963
ENSG00000214237.10,MINDY4B,0.2699605596033638,NA,0.7871905962613365,0.003936677054392142,0.06903747043841954,0.004532633481374601,NA,6,6,6,0.48398259060452986,0.05540610989240813
ENSG00000158486.13,DNAH3,0.26934810318206104,NA,0.787661818437614,0.006682549280794842,0.0924420827521939,0.0008835898378874912,NA,42,43,43,0.5946057425293488,0.02006922077645696
ENSG00000254401.1,RP11-179A10.1,0.26888244015351365,NA,0.7880201502409407,0.14747678478451215,0.23435201845664996,3.01327639329532e-08,NA,81,92,92,1.4380971507344603e-12,0.5921887358485523
ENSG00000108788.11,MLX,-0.2688498192447236,NA,0.7880452540001992,0.008971134739678687,0.0783645017001063,0.002544234593508941,NA,29,32,32,0.0015355775330943696,0.08171562694771105
ENSG00000106686.16,SPATA6L,-0.2686074150860388,NA,0.7882318055338168,0.044362918753124536,0.1455800691126617,2.3046023127899873e-05,NA,24,24,24,0.4793617299132912,0.09746903599448994
ENSG00000145217.13,SLC26A1,0.26814673662358407,NA,0.7885863720041872,0.14535991740682006,0.44208935018219503,8.879326719309544e-17,NA,25,28,28,0.008474309791924256,0.3273349818751055
ENSG00000182685.7,BRICD5,0.2675768780406935,NA,0.7890250308045429,0.002586418801089272,0.05612986687462879,0.011961544402876471,NA,5,6,6,0.6952137568947605,0.048328332235548964
ENSG00000197822.10,OCLN,-0.26748597621917725,NA,0.7890950102914172,2.0384439531510285e-05,0.03257187350895816,0.04797755677686684,NA,1,1,1,0.7890950102914172,0.014466048814495104
ENSG00000138381.9,ASNSD1,-0.26587159823900275,NA,0.790338099389206,0.024745589431795872,0.2056675752920903,2.1346696414967429e-07,NA,15,16,16,0.030510249379607904,0.12882214837286354
ENSG00000239713.8,APOBEC3G,-0.265438755835629,NA,0.7906714837299412,0.06677303325349143,0.31130523320931963,3.1515525303602685e-11,NA,29,31,31,6.510454736984449e-06,0.23175286504943596
ENSG00000108947.4,EFNB3,0.2651979075094801,NA,0.7908570067774823,0.008970198359244574,0.13098067828304635,8.673400929504423e-05,NA,5,5,5,0.5054207718790769,0.09603755247874488
ENSG00000250312.6,ZNF718,0.26439375067898435,NA,0.7914765264894434,0.07550533517983848,0.3252186893056477,3.701544426409928e-12,NA,20,20,20,0.04019835186271722,0.08485803839024708
ENSG00000225399.4,RP11-3B7.1,-0.2640453587762523,NA,0.7917449673576394,0.006890558294434133,0.07777467258723082,0.0027168258554898512,NA,15,15,15,0.002789839710173681,0.032947562718396176
ENSG00000119414.11,PPP6C,0.263946373635519,NA,0.7918212413090906,0.001033126506407764,0.03456058544377358,0.04762972176226296,NA,16,16,16,3.795835597065992e-30,0.058073343117664364
ENSG00000251688.1,RP11-752L20.5,0.2638035988607707,NA,0.7919312612938874,0.08340494821536656,0.2947601938574909,1.0437313249044096e-10,NA,17,18,18,0.04004354641084273,0.1911233138554956
ENSG00000163041.9,H3F3A,-0.26329242946580644,NA,0.7923251943126105,0.009438234255983885,0.1663387916447698,5.377542912924981e-06,NA,5,5,5,0.5948297380416264,0.06366001995373427
ENSG00000170049.9,KCNAB3,0.2632680096601201,NA,0.7923440147791201,0.04825209571467179,0.1476680627817726,1.705644278263333e-05,NA,33,34,34,0.0047733760239166345,0.35273557131890715
ENSG00000261087.1,KB-1460A1.5,-0.2620347919295154,NA,0.793294618979487,0.0016400752393135216,0.12200268349814618,0.00013700515611201982,NA,8,8,8,0.5660494805725682,0.12315984647998522
ENSG00000253719.3,ATXN7L3B,0.2616335275246464,NA,0.7936039929022353,0.0513181003793088,0.1621155277744097,7.451892192967339e-06,NA,102,104,104,3.528277620204348e-07,0.34600400914046314
ENSG00000164054.15,SHISA5,-0.2607595622539521,NA,0.7942779304442525,0.010406971155349626,0.13314028369722505,8.090931915117076e-05,NA,1,1,1,0.7942779304442527,0.466120526444705
ENSG00000104517.12,UBR5,0.2601787963637668,NA,0.7947258592349012,0.02780105796680426,0.04208595015829367,0.029905346929658724,NA,55,56,56,0.00857540633429564,0.10523904715608694
ENSG00000233954.6,UQCRHL,-0.26010397905859517,NA,0.7947835686934916,0.03048584537918083,0.06670562040467745,0.005299362343379964,NA,41,45,45,0.012404218916287521,0.1842233668188166
ENSG00000254415.3,SIGLEC14,-0.25972045153028905,NA,0.7950794158215956,0.007990681253241903,0.11966507673352735,7.406134832664462e-05,NA,10,11,11,0.001121050869341849,0.1841424830072952
ENSG00000197256.10,KANK2,0.2588978830163372,NA,0.7957140316224446,0.000321406451790794,0.0423887270661272,0.030185737449413524,NA,4,4,4,0.7590367090160239,0.006775490607468208
ENSG00000267339.5,LINC00906,0.2570874497870061,NA,0.7971112656416409,0.0058439397096178266,0.059209100432659964,0.00904213793364538,NA,5,5,5,0.08729677606183263,0.20887602609102324
ENSG00000164187.6,LMBRD2,-0.2570287658371436,NA,0.7971565669300931,0.009533348126147343,0.09119665117091494,0.001077049019676592,NA,20,21,21,0.023664554322984498,0.02760017235853917
ENSG00000065833.8,ME1,-0.2569259251697262,NA,0.7972359568050853,0.008225549062930325,0.13251360416660113,6.283311605266323e-05,NA,41,41,41,0.07850135549162313,0.047364367643323586
ENSG00000100033.16,PRODH,-0.2568554183813683,NA,0.7972903871186051,0.017549444842785117,0.10333371366742557,0.0005242210942272677,NA,45,65,65,0.3652446574545746,0.16456925444931528
ENSG00000104884.14,ERCC2,0.25658319130379553,NA,0.7975005520911292,0.02689137852636378,0.17961492216999472,1.9688829461994387e-06,NA,22,23,23,0.22199465050057476,0.10476344022378054
ENSG00000112640.14,PPP2R5D,-0.25578797805171005,NA,0.7981145573027781,0.018005090299180324,0.13756280068086416,5.026833215414417e-05,NA,12,12,12,0.0061961730026049685,0.10523308735477466
ENSG00000272983.1,RP11-508N22.12,0.25563881275270056,NA,0.7982297457036767,0.0248968761006882,0.12793812797471374,8.601361094008917e-05,NA,46,46,46,0.0006761310381448877,0.5844989232453904
ENSG00000093217.9,XYLB,0.2552891239845578,NA,0.7984997995170768,0.010491960211491645,0.1346031911535817,5.930629439204645e-05,NA,4,4,4,0.6126994250260431,0.08846692441329125
ENSG00000163364.9,LINC01116,-0.2551207998716692,NA,0.7986297996176561,0.00671408172410628,0.031940648446720364,0.049748988262893035,NA,21,21,21,0.06948717767014138,0.4064240957118376
ENSG00000183423.11,LRIT3,-0.2543229469833868,NA,0.7992460733503481,0.0015021696312297246,0.1055595238606346,0.0005065751991860879,NA,20,21,21,0.6112980096388945,0.007486047729084727
ENSG00000128791.11,TWSG1,0.25398552844303784,NA,0.7995067382241604,0.011439244338799677,0.2222949890709388,7.523866776279196e-08,NA,9,9,9,0.17387900311480098,0.052542880310373914
ENSG00000174684.6,B4GAT1,0.2538090865843951,NA,0.7996430531900914,0.0014468246699186728,0.05467543052536878,0.014367296570606303,NA,2,2,2,0.30721924052967275,0.09615994237340966
ENSG00000164008.14,C1orf50,-0.25361157681283525,NA,0.7997956519876308,0.02530264447748274,0.0399336833718604,0.03396487742807356,NA,33,34,34,1.7198958490169438e-13,0.2080681581655198
ENSG00000116213.15,WRAP73,-0.25259406108730176,NA,0.8005819197985587,0.029350441450610814,0.16655733821412402,3.872123445072171e-06,NA,19,19,19,0.11440615552156219,0.14857387510144815
ENSG00000018699.11,TTC27,-0.25257345162076716,NA,0.8005978475009364,0.003107439967181426,0.05301357010874738,0.011670983159221477,NA,7,7,7,0.28345827347958785,0.1028290135490783
ENSG00000188130.13,MAPK12,-0.25177435525489505,NA,0.8012154804393717,0.031896824766633886,0.13740575352562914,2.427271552754353e-05,NA,21,23,23,0.00025838491354692134,0.07846484675482843
ENSG00000144182.16,LIPT1,0.2511690771914024,NA,0.8016833911940248,0.01533756499399167,0.12814783243999373,7.849316285998794e-05,NA,26,26,26,0.5732729757346406,0.04889102666509658
ENSG00000144895.11,EIF2A,0.25065262050645976,NA,0.802082694755091,0.05586771632368888,0.2519544579050958,1.0675311764844e-08,NA,36,38,38,0.0007145182155826252,0.2819430696285285
ENSG00000173480.10,ZNF417,0.25054482735394357,NA,0.8021660426141642,0.02166427497513613,0.24128181695249346,7.683758444661278e-09,NA,2,2,2,0.8006137100692118,0.10792845299836157
ENSG00000242866.9,STRC,0.2498031511263628,NA,0.8027395827455559,0.021298932545545653,0.057889298897890476,0.010695701944573777,NA,16,18,18,0.15321773144798104,0.3537996749165485
ENSG00000152133.14,GPATCH11,-0.24947419167528995,NA,0.802994001971973,0.02736718001927397,0.03882194381877417,0.03504850702046248,NA,39,39,39,0.1447103195939602,0.13639472654221838
ENSG00000101605.12,MYOM1,0.24925048095173855,NA,0.8031670331265526,0.01300109583983779,0.049495552961508114,0.015527590287267615,NA,31,35,35,0.0001030469549133183,0.08316380263544047
ENSG00000047188.15,YTHDC2,-0.24923002254713775,NA,0.8031828573528674,0.02199375535024601,0.12353880236276572,0.00012587303989691155,NA,36,36,36,0.15047391299277788,0.062480414111333774
ENSG00000168143.8,FAM83B,0.24892598998254598,NA,0.8034180308513549,0.004790209504312352,0.10264518988785228,0.0005770915997527023,NA,20,20,20,0.20606639182058395,0.037409813097223486
ENSG00000160321.14,ZNF208,-0.2481688152867122,NA,0.8040037935286326,0.04049623860690261,0.09301383381769723,0.0010616275332580103,NA,56,59,59,0.04958934726313239,0.1966321603272252
ENSG00000096872.15,IFT74,-0.24792911204468437,NA,0.8041892548161473,0.02827333621498801,0.16358651861743692,2.6136961637873957e-06,NA,45,46,46,0.36574780057589096,0.03912232470832666
ENSG00000112218.8,GPR63,-0.2469115497493117,NA,0.8049766776177463,0.009605243878349675,0.044141274348565934,0.02536319905121947,NA,33,33,33,0.10909586236113594,0.17795095813796308
ENSG00000214872.8,SMTNL1,-0.24524032206800236,NA,0.8062703569443577,0.09295010495732807,0.29773365989106143,6.408749217583187e-11,NA,12,12,12,0.021048046838096343,0.058852294896197276
ENSG00000168899.4,VAMP5,0.24515056629142137,NA,0.8063398509592659,0.002757315576817111,0.08234446887560717,0.0016156353962113019,NA,3,3,3,0.7180102882588123,0.03482949816970623
ENSG00000251136.8,RP11-37B2.1,0.24465698223032264,NA,0.8067220390568351,0.00931693467940799,0.13342758876122934,3.944037503886908e-05,NA,30,33,33,0.005515509038990073,0.04640635745579272
ENSG00000270964.1,RP11-502I4.3,0.2442052268186884,NA,0.8070718791822508,0.0192145127441379,0.16297299028497472,9.59803551399963e-06,NA,13,13,13,0.7176787095307802,0.03561179838923486
ENSG00000111906.17,HDDC2,-0.2436716169208716,NA,0.8074851572702478,0.04194032402912041,0.08408097974471479,0.0019357701767378887,NA,42,43,43,0.2076793427469178,0.0991348657616714
ENSG00000115468.11,EFHD1,-0.2435180728563704,NA,0.8076040863103022,0.002849043415728191,0.10900791969247506,0.00030621734919698563,NA,3,3,3,0.6726327744546663,0.11952282254818886
ENSG00000196458.10,ZNF605,0.24320079547847698,NA,0.8078498506570384,0.009430440670541728,0.1737713837254451,2.843309655384982e-06,NA,23,31,31,0.07915427177033961,0.06154731561525944
ENSG00000154719.13,MRPL39,0.24316099258837942,NA,0.8078806834767853,0.011022238358584856,0.05217310614775625,0.01526193287730181,NA,50,53,53,0.04456360668533496,0.04516445152433362
ENSG00000105373.18,GLTSCR2,-0.24304779343370903,NA,0.8079683734420843,0.013544532269174226,0.05219296442122163,0.01586329022375943,NA,22,25,25,0.12054126235866386,0.11303437684688328
ENSG00000262089.1,RP11-589P10.5,0.24262783215355976,NA,0.8082937184088756,0.004520052049965141,0.06673399504020013,0.0035987821588570564,NA,13,15,15,0.4212468934644391,0.0306187415764544
ENSG00000186399.10,GOLGA8R,0.24126790463924408,NA,0.8093474845935391,1.3316871385816825e-05,0.08927823936631485,0.0007941433093102856,NA,1,14,14,0.8093474845935391,0.0050317183718481245
ENSG00000136937.12,NCBP1,-0.2412452915867974,NA,0.8093650096833165,0.0037503015320152645,0.06490840402726772,0.0070626293377494456,NA,13,15,15,0.003401059187900078,0.13499626093367845
ENSG00000099974.7,DDTL,0.24065962575919592,NA,0.8098189333083422,0.008538902849570724,0.06760765167402766,0.005700243197207439,NA,13,15,15,0.001253671594340372,0.029761118252184
ENSG00000254685.6,FPGT,0.24015916583208882,NA,0.8102068683194925,0.008073968664505566,0.05047467706530034,0.01758157408840617,NA,13,14,14,0.35158292580294037,0.03519802568805446
ENSG00000250565.6,ATP6V1E2,0.24013623728696912,NA,0.8102246426593137,0.029135581937238794,0.20958604653930915,2.5072431561946997e-07,NA,6,6,6,0.5169019900699903,0.06918169660086892
ENSG00000176049.15,JAKMIP2,0.24002052163846035,NA,0.8103143475875133,0.025849870920545914,0.10056352847336884,0.0006555703711504289,NA,19,21,21,0.10063646641163257,0.17479650411134695
ENSG00000130638.16,ATXN10,0.23952489050075795,NA,0.8106985982622864,0.015166506376357585,0.09245213050380154,0.0008415624159606903,NA,59,65,65,0.0006471801413990171,0.13847584294982207
ENSG00000197912.14,SPG7,0.23874870486780048,NA,0.8113004475907203,0.023922815177264595,0.09560769775696892,0.0010325643189455923,NA,36,38,38,0.006515432386765021,0.6942300447672681
ENSG00000131408.13,NR1H2,-0.23873012833465165,NA,0.8113148530826562,0.010546158822066522,0.04146412813832217,0.03256748341100062,NA,33,42,42,0.008116256977553828,0.21072472595115574
ENSG00000196605.7,ZNF846,-0.23872658746257294,NA,0.8113175989200218,0.020447611045175874,0.09882942758167017,0.0007001997014030322,NA,44,45,45,0.10026324267131664,0.21455100187822887
ENSG00000177548.12,RABEP2,-0.23816509472234265,NA,0.8117530486113367,0.0028249831470836674,0.03598004424124,0.04560615598209817,NA,12,18,18,0.02215166701204522,0.05396484687527603
ENSG00000172590.18,MRPL52,0.23713890514283195,NA,0.8125490310737304,0.0014196050505350397,0.0513802313595653,0.017483252847889187,NA,18,18,18,0.013586618147319011,0.041347166851675686
ENSG00000105675.8,ATP4A,-0.2368954859156823,NA,0.8127378720453778,0.0855340239162991,0.07325019378111941,0.0033363193877330283,NA,39,40,40,0.0165886947876479,0.26160460879951736
ENSG00000079459.12,FDFT1,-0.23574421636429355,NA,0.8136311570011335,0.012040057054661418,0.053742144319483036,0.010522174305448356,NA,18,23,23,0.0006179573057199443,0.11820914536296626
ENSG00000196418.12,ZNF124,-0.23376403442610313,NA,0.8151681723822577,0.12078214045320076,0.1912875567068752,1.4053859886302856e-06,NA,81,82,82,4.05127988870579e-06,0.4495654819199956
ENSG00000171824.13,EXOSC10,-0.22982059362506474,NA,0.8182311816016299,0.020442271968221293,0.06582961560740598,0.006160423572627221,NA,62,63,63,0.40652032584717623,0.5152128279970395
ENSG00000182141.10,ZNF708,-0.229195637860808,NA,0.8187168628369892,0.04212455077897953,0.13595312271629875,6.706591867904441e-05,NA,37,38,38,0.03713908262698391,0.10972977347715086
ENSG00000124535.15,WRNIP1,0.22835307086478016,NA,0.8193717696440979,0.0016654289691709206,0.053889141103429315,0.01454139093715394,NA,15,15,15,0.5465452190053861,0.014147635530803887
ENSG00000091536.16,MYO15A,-0.22791259782467937,NA,0.8197141887988063,0.007120134424226887,0.1443554468109053,3.331023091673498e-05,NA,21,22,22,0.41408876071264467,0.11543596770663818
ENSG00000134343.12,ANO3,0.22666592840204616,NA,0.8206835227561974,0.013533262532155196,0.07688225069415132,0.0029273914219447765,NA,19,20,20,0.12507504790616125,0.1178517169309662
ENSG00000205212.3,CCDC144NL,0.22653838658011913,NA,0.8207827069538505,0.03975122603475183,0.15047783850888927,2.462453954504851e-05,NA,12,14,14,0.5984739565565982,0.10821333899864756
ENSG00000197128.11,ZNF772,0.22568980347470532,NA,0.8214426891444364,0.006216042324874882,0.10094469224969076,0.0007280967451114644,NA,20,20,20,0.4018101686002665,0.032827727494951955
ENSG00000086015.20,MAST2,-0.2256117227449489,NA,0.8215034224841976,0.02104114038382097,0.06327567811179775,0.005790978430888824,NA,43,44,44,0.039987771429361135,0.13880722608127682
ENSG00000177565.16,TBL1XR1,0.2254508354914127,NA,0.8216285683894313,0.0019195726662515488,0.05661647653629396,0.01035627872733751,NA,7,7,7,0.4374645233608693,0.024659569050554737
ENSG00000173267.13,SNCG,-0.22444207030551833,NA,0.822413338190245,0.010842986242519018,0.037135153067770564,0.04263464818462883,NA,28,30,30,0.00014545641272784276,0.08794866497530465
ENSG00000182093.14,WRB,-0.22384604631233881,NA,0.8228770991641863,0.04196703204699051,0.27967812491135857,9.92213140095431e-10,NA,49,50,50,5.943885020545077e-10,0.06381238397710605
ENSG00000119632.3,IFI27L2,0.22352044762902584,NA,0.823130470751537,0.07153613146631424,0.3559794755618899,2.878890810672968e-13,NA,40,43,43,0.0021533294009543993,0.122710882506781
ENSG00000169413.2,RNASE6,-0.22328760933669542,NA,0.8233116701644346,0.002659558010356307,0.04782027016577752,0.017267506069775673,NA,3,3,3,0.7780412454852121,0.04944001886416407
ENSG00000182612.10,TSPAN10,0.22295767936978864,NA,0.8235684443892901,0.044471151645251235,0.20057205646229526,7.025633455001498e-08,NA,20,21,21,1.6124563932432953e-06,0.07229996860644032
ENSG00000272274.1,LINC00551,0.22272252938804932,NA,0.8237514658321072,0.005643542157518078,0.03968565251113697,0.030934160445127003,NA,20,21,21,0.006212908608392785,0.09773448169549677
ENSG00000160305.17,DIP2A,0.2223882484762535,NA,0.82401165915001,0.02609194369608204,0.09889165717083792,0.0007237968654537402,NA,16,16,16,2.314718907151245e-06,0.18709430795266327
ENSG00000154222.14,CC2D1B,-0.2207306497337257,NA,0.8253021649805572,0.008398248165730761,0.08567279692455483,0.0017670768277321413,NA,12,12,12,0.5688312132843044,0.055751716597574164
ENSG00000169271.2,HSPB3,-0.22022982684921683,NA,0.8256921683521983,0.020487095116778955,0.07770162913721622,0.0021957910491947645,NA,13,13,13,0.6744907101796327,0.1319602804603404
ENSG00000152518.7,ZFP36L2,-0.22013317011690425,NA,0.8257674423349637,0.023763170909174253,0.13654174188482646,3.784711344678728e-05,NA,13,14,14,0.03298978133056468,0.15963317989156806
ENSG00000166105.15,GLB1L3,-0.21997375700509492,NA,0.8258915930042864,0.014388483334716828,0.11006159304989108,0.00014120856461674068,NA,8,8,8,0.009473194649323878,0.13882682174700214
ENSG00000101307.15,SIRPB1,-0.21974994487062507,NA,0.8260659048728913,0.14790218751256295,0.4862798027922172,2.856927949927766e-19,NA,11,11,11,0.002605744237341098,0.11236395013590993
ENSG00000260778.5,RP11-304L19.13,-0.21971466978965876,NA,0.8260933789881172,0.018172398708725994,0.033644561490214865,0.043629259464724894,NA,27,29,29,0.052839588344251065,0.110197137930105
ENSG00000130758.7,MAP3K10,-0.2196889602963372,NA,0.8261134030474497,0.01222660644374378,0.14205872962101382,2.598332884265317e-05,NA,6,6,6,0.6846013749988409,0.13635895483121738
ENSG00000125657.4,TNFSF9,0.21955641794902345,NA,0.8262166365854218,0.026879696374065346,0.15024765562267764,1.972788389869919e-05,NA,34,36,36,0.14661134550811256,0.1840962324589389
ENSG00000177868.11,SVBP,-0.21923189355810307,NA,0.8264694122624437,0.01786571071054892,0.09282026952691473,0.001134531860653204,NA,44,44,44,1.879491560829504e-09,0.06695455064587237
ENSG00000198417.6,MT1F,-0.21840748762855258,NA,0.8271116320757734,0.006615095950368603,0.03790012868447301,0.03686721341864517,NA,5,5,5,0.15826394355884166,0.31119281801555315
ENSG00000187848.12,P2RX2,-0.21786177415860172,NA,0.827536811534076,0.06194157256082029,0.17130294202255034,3.96643729333204e-06,NA,33,33,33,0.5623545659183056,0.2266054899358904
ENSG00000156869.12,FRRS1,-0.21729326452442488,NA,0.8279798058352399,0.0030920113789373303,0.09763931125844126,0.0007996628851497044,NA,35,35,35,0.317435481220507,0.05667485318401769
ENSG00000097046.12,CDC7,-0.21687000314878202,NA,0.8283096552791922,0.08809016339867587,0.4771302029014848,1.624878238364855e-18,NA,27,28,28,8.253445912915075e-05,0.1570145084500454
ENSG00000168993.14,CPLX1,-0.21670562413029607,NA,0.8284377647344745,0.020767811135227666,0.08374974839682119,0.0015131934719843886,NA,20,21,21,6.311288841560043e-05,0.05079647258525933
ENSG00000196476.11,C20orf96,0.2166748008314695,NA,0.8284617875057255,0.007137418270757817,0.07041617357961323,0.004503168413948456,NA,28,29,29,0.019911340436375956,0.05270915418503136
ENSG00000131437.15,KIF3A,-0.21639013098391427,NA,0.8286836583808083,0.002752412947292748,0.04534779396854367,0.02392440849601721,NA,5,5,5,0.3943351184086987,0.04502629748684114
ENSG00000144043.11,TEX261,0.21561581150189796,NA,0.8292872298980429,0.03553123450680051,0.03886452298148956,0.03546056132110848,NA,36,37,37,0.28562212030430256,0.18175777508362784
ENSG00000124593.15,RP11-298J23.10,-0.21534537601043485,NA,0.8294980544525306,0.012775323691559716,0.15911995421012462,4.581780831156152e-06,NA,16,16,16,0.698696245210065,0.05739916328365741
ENSG00000140416.19,TPM1,-0.21530419378562438,NA,0.8295301601335223,0.009902691643249351,0.0404786358642208,0.030368308346346767,NA,32,33,33,0.09084345396976119,0.06334880811795285
ENSG00000157800.17,SLC37A3,0.21451458084260214,NA,0.8301457977343434,0.046799412174766075,0.19486911755703706,3.441105855825943e-07,NA,102,107,107,5.61806431160565e-07,0.2648814961893715
ENSG00000173209.22,AHSA2,0.2129877982516176,NA,0.8313364799206622,0.03758681022485081,0.19050046433272733,1.1378210373883092e-06,NA,35,37,37,1.537281455410344e-07,0.07410990958580217
ENSG00000156170.12,NDUFAF6,0.2126975742546465,NA,0.8315628589391788,0.033542080004404125,0.09788633829628357,0.0007436200335222177,NA,29,29,29,0.34415406869714904,0.13751068959931967
ENSG00000232300.1,FAM215B,0.2123909191023746,NA,0.8318020696859275,0.028387560335350337,0.06915661953133459,0.004291249188006815,NA,25,37,37,0.13608098447991945,0.170296350467049
ENSG00000126231.13,PROZ,-0.2116418130285053,NA,0.8323864860900037,0.018394316309718023,0.06673441597551341,0.006590815886507681,NA,8,8,8,0.20289636605308092,0.09006383418885558
ENSG00000237021.2,RP3-486I3.7,-0.2114652777311625,NA,0.8325242239118061,0.03360641275328675,0.06527245983933096,0.005227579619384421,NA,43,44,44,0.0006326200120312008,0.3988824658210457
ENSG00000111581.9,NUP107,-0.211327179663443,NA,0.8326319755068716,0.02299460183576991,0.18072410276769155,1.5391464878320987e-06,NA,18,18,18,0.0054281807018119604,0.09279242673898326
ENSG00000100225.17,FBXO7,-0.2105890385445088,NA,0.8332079664795581,0.02432979871764284,0.04591368774725955,0.01539879770863969,NA,44,46,46,0.19362423443323484,0.0808420584502519
ENSG00000280670.2,CCDC163,0.2094216203670556,NA,0.8341191163332975,0.2536794398242239,0.6154192844972782,4.6815967625684575e-29,NA,11,11,11,0.09017584016491637,0.16024663770015912
ENSG00000171509.15,RXFP1,-0.20940680279795582,NA,0.8341306826260326,0.011854547158948469,0.07351269021068953,0.0029725524235613555,NA,15,15,15,0.0030403129315265498,0.18465668699181287
ENSG00000272864.1,RP11-17E13.2,0.20921241082640069,NA,0.834282424363887,0.01863996301242321,0.3170421244702448,3.401355257381345e-11,NA,33,34,34,0.005869036144321405,0.02786619646909804
ENSG00000170312.15,CDK1,-0.20815314463077791,NA,0.8351093923892554,0.028774126880061975,0.047649532868514866,0.01721366467605193,NA,55,56,56,1.2873742912832111e-11,0.2250334137640174
ENSG00000131381.12,RBSN,0.20763216198758,NA,0.8355161899572128,0.004474669310085288,0.035783032042193214,0.04554574398361811,NA,42,42,42,0.3130821550303027,0.03542374681104584
ENSG00000101306.10,MYLK2,0.20712853752631333,NA,0.8359094756125927,0.0191642652374548,0.04696965308770875,0.02132891428081084,NA,14,14,14,0.1451670909097669,0.5059826835946429
ENSG00000115091.11,ACTR3,0.2065622010950725,NA,0.836351782711294,0.003722740454399254,0.042574880366548745,0.02737345703752185,NA,24,29,29,3.5113848445098296e-06,0.1180666944217214
ENSG00000087365.15,SF3B2,-0.2059506708417333,NA,0.8368294441534961,0.009935034673226345,0.08752712733863317,0.0009570270927381859,NA,8,8,8,0.02050638615845693,0.1071924638183931
ENSG00000186230.6,ZNF749,-0.205887503056603,NA,0.8368787874417791,0.025084692226418497,0.2462013565328365,1.3491159957202894e-08,NA,9,9,9,0.5230698446436755,0.20039111020406766
ENSG00000112053.13,SLC26A8,0.20512952883231972,NA,0.8374709262788846,0.014343912492543636,0.10992181388259407,0.00022857074921396123,NA,3,4,4,0.5008966072473617,0.14699316915406696
ENSG00000130560.8,UBAC1,0.204728901386261,NA,0.837783938608845,5.796453149888151e-06,0.051756053580966535,0.011251566147605854,NA,1,2,2,0.837783938608845,0.003326775558572436
ENSG00000238142.1,RP11-108M9.4,0.204609468507117,NA,0.8378772571152485,0.06093513454890761,0.238411133029282,1.5352140678755257e-08,NA,50,65,65,0.08290859233337686,0.18316710845848333
ENSG00000101670.11,LIPG,0.20447294939922317,NA,0.8379839286861137,0.11029528504641883,0.05029357958016428,0.01696045793314821,NA,95,100,100,2.1705521478330207e-06,0.5469160737560568
ENSG00000206113.10,CFAP99,0.20430617510781776,NA,0.8381142447094794,0.034094074083391934,0.053872974428378934,0.013111981747705007,NA,16,16,16,0.20684329562229686,0.23398768834228084
ENSG00000155816.19,FMN2,0.20360823044146878,NA,0.8386596609147854,0.2942655057430368,0.07529920026210317,0.0036867884702841726,NA,178,185,185,1.0966005196351609e-06,0.2296823278067467
ENSG00000161243.8,FBXO27,-0.20360787210054435,NA,0.8386599409640029,0.0483046676302946,0.3003644103166385,1.2276673111512538e-10,NA,34,36,36,0.11960670180123918,0.09599884567484718
ENSG00000185022.11,MAFF,-0.20353152725839027,NA,0.8387196061564877,0.045697532097100285,0.0850718447328439,0.0010891090109717838,NA,69,73,73,0.0005603740980359943,0.14555210311457348
ENSG00000062370.16,ZNF112,0.20313794797623344,NA,0.8390272118233844,0.016138755142345276,0.09396099318816373,0.0008782294002972908,NA,17,18,18,0.043383933587206734,0.08405357022679483
ENSG00000157823.16,AP3S2,0.20234669587071308,NA,0.8396456968808639,0.09424397735954679,0.3474811677877857,1.2521593304481928e-12,NA,16,17,17,0.17434575849529999,0.04271887279288335
ENSG00000251573.2,LINC02106,0.2020520418854124,NA,0.8398760395551248,0.03753676774302906,0.08880719798713348,0.001501117851126359,NA,30,30,30,3.053128546154982e-05,0.16615343624379136
ENSG00000116857.16,TMEM9,0.2019268814653624,NA,0.8399738865567016,0.002682782772086265,0.06822829972267859,0.004715012696637857,NA,3,3,3,0.8365310616147957,0.027041696235569117
ENSG00000166743.9,ACSM1,0.20172207436373518,NA,0.8401340044943836,0.012423431646135782,0.14244015403089047,1.8090835656730037e-05,NA,20,20,20,0.6865894944621294,0.010273583242744813
ENSG00000197841.14,ZNF181,-0.20112413379555363,NA,0.8406015115142317,0.010043206882585238,0.25063003270617423,2.136852637586753e-09,NA,21,23,23,0.19221219703132308,0.04920297606594416
ENSG00000222014.5,RAB6C,0.20112339343634836,NA,0.8406020904078598,0.029861636077947527,0.06467000347504921,0.007110779785996784,NA,30,37,37,1.8489586895648854e-07,0.2374152600664687
ENSG00000100417.11,PMM1,0.2005972805184981,NA,0.8410134846828577,0.01345738825964152,0.10347209890437074,0.0004903454666607931,NA,12,13,13,0.010914758435442408,0.07977225244731433
ENSG00000146233.7,CYP39A1,0.19969984588739856,NA,0.841715334310011,0.02826663955142565,0.0590501462762525,0.009649077796307054,NA,37,38,38,0.18297616099734892,0.2509007155726753
ENSG00000127364.3,TAS2R4,0.1993866647423871,NA,0.8419602910563129,0.15636094447513268,0.2516905916812048,5.913313890399111e-09,NA,76,112,112,0.005896842990264784,0.09105272051876967
ENSG00000059122.16,FLYWCH1,0.1986794544147259,NA,0.8425134966231694,0.256819417377637,0.6997189056219955,4.1945532688646206e-36,NA,18,22,22,0.010455332346232405,0.4111004876289252
ENSG00000136883.13,KIF12,0.19860311188019403,NA,0.8425732191757827,0.017246206950372885,0.10794841163457723,0.0003951281737849852,NA,18,19,19,0.3599077548384566,0.056432919126179634
ENSG00000267710.6,AC006116.20,0.19815742011875165,NA,0.8429219006658829,0.014252370492529583,0.05624869709216866,0.011862647267417209,NA,33,34,34,2.946879222938208e-08,0.0940668048419206
ENSG00000157895.11,C12orf43,0.19775188626572265,NA,0.84323919186872,0.007262432476466542,0.07074657808730715,0.004739722635233886,NA,30,30,30,0.08837750239535923,0.06416875176778179
ENSG00000221923.8,ZNF880,-0.19727953781042865,NA,0.8436087911429577,0.027939689344139564,0.1480887490620212,9.505454286638297e-06,NA,14,16,16,0.36276519448814615,0.07186509950602828
ENSG00000183208.12,GDPGP1,0.19689512215279206,NA,0.8439096109213504,0.047449847230896076,0.12629537825854348,6.638577004263405e-05,NA,26,28,28,0.006017969868192479,0.13774975708117349
ENSG00000090432.6,MUL1,0.19669372724102296,NA,0.8440672191421656,0.006782354933146516,0.11909358445950705,0.00014783670102903862,NA,16,18,18,0.4145721810372779,0.07200725449591416
ENSG00000176386.8,CDC26,0.19435093650076002,NA,0.8459011043469715,0.0638505797912436,0.06814934031359397,0.004696239608238435,NA,73,79,79,0.02528796141806989,0.1558666483849315
ENSG00000168297.15,PXK,-0.1942442366466806,NA,0.8459846466111438,0.002780440269140688,0.03971485101389032,0.03237988592645264,NA,6,6,6,0.8226301512147807,0.02065450683035205
ENSG00000163576.17,EFHB,0.19388112989418416,NA,0.8462689595004425,0.16884275099657167,0.5428863248054175,3.2575425573422666e-23,NA,8,8,8,0.11973224728399393,0.22902571798061774
ENSG00000272021.1,AC008592.8,-0.1938551421604613,NA,0.8462893086855463,0.004717602424494185,0.04337381404280037,0.02916368459682222,NA,19,19,19,0.588346006434691,0.13143584908042974
ENSG00000146205.13,ANO7,-0.19306380358525269,NA,0.8469089998604826,0.06529300691553735,0.2192545361322903,1.548515513562471e-07,NA,65,70,70,0.009803289135670046,0.11718361570576227
ENSG00000155530.2,LRGUK,-0.19277123284529507,NA,0.8471381337591338,0.032197672228400656,0.07540915191668808,0.002304675440981993,NA,13,14,14,0.005850603771718505,0.14141041158478868
ENSG00000099246.16,RAB18,0.1921146370592682,NA,0.8476524097536344,0.0024393329402069143,0.0905067781568825,0.0009386103773669207,NA,13,14,14,0.031114236238273817,0.08570206806123867
ENSG00000130348.11,QRSL1,0.19157923197753018,NA,0.8480718116479684,0.10518384230864572,0.3333302734839467,3.773622473166202e-12,NA,55,57,57,0.01615739579518895,0.3336360303108521
ENSG00000180767.9,CHST13,0.19132521323638207,NA,0.8482708086414223,0.0316595756598847,0.15566374653838974,1.2692136283856575e-05,NA,9,9,9,0.43480598971123297,0.18363612080836575
ENSG00000198848.12,CES1,-0.1907870305679532,NA,0.8486924501510699,0.07803241735486675,0.2626351597150847,2.1384239691277685e-09,NA,101,105,105,0.0010348709511689609,0.309258923319584
ENSG00000178363.4,CALML3,0.19041567007595953,NA,0.8489834193662493,0.015625566737305786,0.1308499129112138,8.643965444774184e-05,NA,40,48,48,0.02453167122874746,0.16889525389168622
ENSG00000130304.16,SLC27A1,0.19027687885304484,NA,0.8490921706641992,0.0025210584691608903,0.03333273780580411,0.036647976215607496,NA,7,9,9,0.060944481143523827,0.06519796682469521
ENSG00000127311.9,HELB,0.18882326079069225,NA,0.8502313403052463,0.047857984864409696,0.3716957530226627,1.2438048879973288e-13,NA,19,21,21,0.16218402963543832,0.11398067799691484
ENSG00000101361.16,NOP56,0.18861291641844571,NA,0.8503962086825978,0.005293093208731401,0.05606555930630454,0.01286220034853303,NA,21,22,22,0.20037116917793596,0.0510764344844823
ENSG00000112308.12,C6orf62,-0.18844424591047773,NA,0.8505284177201926,0.09490510553141027,0.22020921894994988,5.550765958923032e-08,NA,64,106,106,0.00012246565200616045,0.2475883946719169
ENSG00000180481.10,GLIPR1L2,0.1881322371547227,NA,0.8507729906787049,0.15721768800104674,0.4748801368516993,2.071822335114934e-20,NA,71,73,73,0.0003264922481143717,0.06413950541913327
ENSG00000258181.1,RP11-493L12.4,0.18805177340939758,NA,0.8508360657774608,0.010740745380250633,0.046096911676443836,0.024502939085827,NA,12,12,12,0.2717738476082031,0.03185646206794161
ENSG00000123739.10,PLA2G12A,-0.187475874713468,NA,0.8512875375164586,0.03625769493054093,0.21476785859406766,1.0294478510045227e-07,NA,22,25,25,0.005779739811529366,0.08761656618525497
ENSG00000121101.15,TEX14,0.1862391938933793,NA,0.8522571893072433,0.007780210570349305,0.06332160160507766,0.006468399931639828,NA,3,4,4,0.10880576857633752,0.09486140504641327
ENSG00000260097.2,SPDYE6,0.18621838092803955,NA,0.8522735101696691,0.0018515927300159231,0.0578697770088367,0.010104075246122996,NA,1,1,1,0.8522735101696691,0.07131435005171266
ENSG00000265912.1,RP11-583F2.2,0.18619247731927818,NA,0.8522938230403703,0.0001444361986034004,0.3060702975911453,4.3342764231090716e-11,NA,4,9,9,0.6466646983978005,0.049621167216649914
ENSG00000189269.12,DRICH1,0.18563272854006943,NA,0.852732785967609,0.1849192105567032,0.5458920857644012,7.229766443344441e-23,NA,19,22,22,0.11258080390420473,0.3499614613552845
ENSG00000197728.9,RPS26,-0.1852184704016415,NA,0.853057682450129,0.5101182933097316,0.6001987993568947,1.9867737577227968e-27,NA,143,164,164,8.415488915670883e-05,0.5666406825629732
ENSG00000226686.7,LINC01535,0.1851847878291074,NA,0.8530841002862772,0.3148702632109873,0.5282918622607673,1.441575186764281e-21,NA,50,51,51,0.09751893175540154,0.2106110751625952
ENSG00000170266.15,GLB1,0.18445059228573238,NA,0.8536599837022505,0.00353808021168123,0.03617468784874808,0.03903762026453235,NA,4,4,4,0.7971626922254762,0.07530192794927255
ENSG00000119326.14,CTNNAL1,-0.18433902740417932,NA,0.8537474990554322,0.04523423926045715,0.03545395365087583,0.042628731253236934,NA,60,61,61,0.00138603561104217,0.1932672504030162
ENSG00000117155.16,SSX2IP,0.1841647412933794,NA,0.8538842187126254,0.025840315397960754,0.18526018015576626,1.196850656497161e-06,NA,26,26,26,0.04149482682725566,0.2329889290291744
ENSG00000176542.9,USF3,-0.18384320567536278,NA,0.854136460534147,0.016727265716203973,0.11129499717714053,0.0003505696326630419,NA,65,69,69,0.0006740968880705436,0.2618033698479889
ENSG00000132840.9,BHMT2,-0.18366296538183832,NA,0.8542778639587562,0.005190776410879098,0.06091194305301866,0.00716409379464117,NA,12,12,12,0.27946911911587813,0.04044774105497559
ENSG00000261390.5,MAFTRR,0.1835864076236836,NA,0.8543379270240765,0.06620719246177705,0.32617584197105,1.2932992208595892e-11,NA,7,7,7,0.7624310292062273,0.12344981548272595
ENSG00000137500.9,CCDC90B,-0.18322313462732842,NA,0.8546229428176251,0.006340426487534016,0.053021575665939694,0.013333512178374606,NA,14,14,14,0.16757802099389518,0.1997404053821486
ENSG00000119599.16,DCAF4,0.1829329783825174,NA,0.8548506064879402,0.04495195654774868,0.16260081727328465,8.065155275052893e-06,NA,22,23,23,0.02658946578640253,0.20807168306081275
ENSG00000198270.12,TMEM116,-0.18281493827732295,NA,0.8549432270941099,0.00788978252209112,0.08958711806569683,0.0011222622820311976,NA,62,64,64,0.770862183247323,0.006569427412495718
ENSG00000184923.12,NUTM2A,0.18274744636305176,NA,0.8549961857730677,0.10103803586511403,0.2799379152361539,5.85234777966211e-10,NA,47,50,50,0.08182412831449201,0.2514942530037015
ENSG00000049167.13,ERCC8,0.18264486393375742,NA,0.855076680072548,0.006918895322716387,0.06570302144477026,0.006644872574046282,NA,15,15,15,0.36661780088316964,0.1077475169292044
ENSG00000081386.12,ZNF510,-0.18262294000628282,NA,0.8550938835182523,0.008846395023156659,0.061609261152426424,0.006991962706606399,NA,8,8,8,0.39599371607220746,0.2328980558406516
ENSG00000156931.15,VPS8,0.1824209517433771,NA,0.8552523845506166,0.05625402590162987,0.1301244541640275,6.724302981853235e-05,NA,36,38,38,0.07387948389084349,0.1919765060849689
ENSG00000144596.12,GRIP2,0.18217222819801773,NA,0.8554475669770824,0.0196745984201823,0.17029057503474554,4.661266676568414e-06,NA,8,9,9,0.7852654232424983,0.09835079001886486
ENSG00000183722.7,LHFP,0.18196345738063432,NA,0.8556114038701829,0.009698109253605015,0.0507061617038694,0.0152041751003024,NA,32,33,33,0.03408783106122954,0.12436875376276744
ENSG00000236849.5,LINC01474,0.18141059117511915,NA,0.8560453062497312,0.020479725144717947,0.0749853903889636,0.0038963861402235415,NA,56,56,56,0.0019902564287056336,0.06616469477385023
ENSG00000132604.10,TERF2,0.18138987191860814,NA,0.8560615680555905,0.021433783347272806,0.03956797420666944,0.03502629987456322,NA,20,24,24,0.0029625117476731445,0.38856099747667744
ENSG00000116957.12,TBCE,0.18063121646144487,NA,0.8566570517141103,0.024332392127683008,0.12211146655881185,0.00012292920253309934,NA,25,27,27,0.16884247222200355,0.08865049388441508
ENSG00000250786.1,SNHG18,0.17886495837606722,NA,0.8580437381842005,0.005489657729781855,0.07488025792021231,0.003639041287397928,NA,16,16,16,0.45773177947030164,0.06118135602109275
ENSG00000167670.15,CHAF1A,0.17777908383393137,NA,0.8588964743508389,0.007963210918403204,0.06538190906098368,0.006767173312928092,NA,29,30,30,0.0007158813077969014,0.07186310205059163
ENSG00000243317.7,C7orf73,-0.17624639019559538,NA,0.8601003770553286,0.025065771523018834,0.2747813507071555,6.171368260833298e-11,NA,63,66,66,0.00014545347485847294,0.12136595670869856
ENSG00000164675.10,IQUB,-0.1760068243231935,NA,0.8602885811105877,0.04324203231812431,0.04543671559490108,0.023094332346694876,NA,54,54,54,0.00043560586510649224,0.3329669973933263
ENSG00000184619.3,KRBA2,0.17537507128977106,NA,0.8607849272398213,0.004254398391528649,0.06555108873891344,0.005270832798173046,NA,4,4,4,0.6777673101310384,0.06785643533839933
ENSG00000166148.3,AVPR1A,0.17532747989431227,NA,0.8608223203545594,0.012487856585404635,0.11746300258068773,0.00018613871667612518,NA,14,14,14,0.437313932345063,0.030233093205251162
ENSG00000137700.17,SLC37A4,0.17493195516313956,NA,0.8611331008152476,0.006186826204305291,0.06200058491590104,0.006874368824595403,NA,5,5,5,0.1306129509214558,0.09005960750015915
ENSG00000103351.12,CLUAP1,-0.1747050069790081,NA,0.861311433286176,0.039926671681900866,0.2539673290064016,2.5588244427967365e-09,NA,9,10,10,0.34690537086387474,0.14251951846182295
ENSG00000135549.14,PKIB,0.1742093563079834,NA,0.8617009327036059,0.0006261656742674616,0.04857465016290555,0.017704971818383784,NA,1,3,3,0.8617009327036059,0.03631565527935075
ENSG00000204947.8,ZNF425,0.17254489319112773,NA,0.8630091708960769,0.008374923631286299,0.11212058810141344,0.00031360087088511005,NA,20,21,21,0.011067887295649694,0.07924611397794372
ENSG00000259306.2,RP11-108K3.2,0.17182495869765566,NA,0.863575143134694,0.02788400737190123,0.1341989161857516,4.3637938835365856e-05,NA,25,25,25,5.216252907743473e-05,0.1166865435274108
ENSG00000127578.6,WFIKKN1,-0.17127984031102142,NA,0.8640037313199264,0.037953282121953945,0.2562101504952637,5.6070750861803325e-09,NA,10,12,12,0.7801483453267014,0.2580552661023689
ENSG00000186081.11,KRT5,0.1692858627391629,NA,0.8655717953951513,0.019546543948242578,0.04693004082724452,0.02086185484418064,NA,63,64,64,2.674639759406768e-12,0.1114905292245676
ENSG00000181798.2,LINC00471,0.16927532227798475,NA,0.8655800858263744,0.042886122753986816,0.09322051961776193,0.0003984185699740157,NA,16,18,18,0.007037393976149924,0.09895994226997032
ENSG00000154358.20,OBSCN,0.16927443079953722,NA,0.865580787005173,0.010640360856247838,0.06816429499238896,0.005338002989589708,NA,29,31,31,0.0006043877374733446,0.059257293641175365
ENSG00000173542.8,MOB1B,-0.16875733728524406,NA,0.8659875168482677,0.005540094929541466,0.09206578435026602,0.0010391838872995678,NA,21,21,21,0.015214921909984743,0.049240888929574185
ENSG00000170745.11,KCNS3,0.16832174242211878,NA,0.8663301699087429,0.04676347546464747,0.14643098773839505,1.4846051905358072e-05,NA,54,56,56,0.0010363747768746359,0.10511579998648236
ENSG00000145287.10,PLAC8,-0.16772736632044646,NA,0.8667977659644657,0.03403826122454258,0.07837807873975479,0.002558424363820329,NA,48,52,52,0.020648746312577262,0.2206364608882068
ENSG00000108591.9,DRG2,-0.16764006722959363,NA,0.8668664481447685,0.0091698789299701,0.04749011054207894,0.02168928845541889,NA,20,20,20,0.17996552120889064,0.12039334736916342
ENSG00000168826.15,ZBTB49,-0.1670468452314735,NA,0.8673331895696708,0.010500823201593373,0.09044398529373493,0.0011128049157967095,NA,11,11,11,0.7614299846678123,0.043463413862699925
ENSG00000158615.8,PPP1R15B,-0.16651377175138812,NA,0.8677526461747554,0.0019067874913817572,0.05866590057862895,0.004090211316143222,NA,4,4,4,0.24676276928640695,0.08670600529006976
ENSG00000172890.11,NADSYN1,-0.16641130100162893,NA,0.867833281041719,0.013742118786205841,0.10881786664769692,0.0003229262045657705,NA,29,29,29,0.6404236048739418,0.05866230920323715
ENSG00000183281.14,PLGLB1,-0.16632473988349983,NA,0.8679013975925193,0.0002303170931762063,0.18653995918542934,1.1619394510751258e-06,NA,2,7,7,0.47855062085107714,0.01827727098811996
ENSG00000178093.13,TSSK6,0.16583735786507503,NA,0.8682849458426102,0.02662447203639621,0.0722243890958077,0.004200856118114486,NA,36,38,38,2.6157015362262034e-08,0.08535137633520215
ENSG00000205571.13,SMN2,0.16541200324004343,NA,0.8686197065952486,0.03176884203916068,0.040235407219888435,0.03277631802531772,NA,6,8,8,0.6166061049347257,0.3709698665336549
ENSG00000163815.5,CLEC3B,-0.16443350699903153,NA,0.8693898877832157,0.0018614672351437737,0.04306872515509766,0.027027104650329196,NA,14,14,14,0.857195542531877,0.09333986352219006
ENSG00000144191.11,CNGA3,0.16430054560109836,NA,0.8694945522032071,0.026290754520895382,0.16099167875922615,8.740747710420752e-06,NA,6,6,6,0.7764467105148688,0.1678482017579509
ENSG00000115816.14,CEBPZ,-0.1636173230380725,NA,0.8700324066775538,0.011028430479599071,0.09318636789864156,0.0007321455248764928,NA,51,54,54,0.03196455473902702,0.09995003684503437
ENSG00000204128.5,C2orf72,-0.16346783597580494,NA,0.8701500956605956,0.010953717903992771,0.0733622634212666,0.00367382232056814,NA,11,12,12,0.7047208552614141,0.062034594539929835
ENSG00000177294.6,FBXO39,-0.16338885962124416,NA,0.8702122737534616,0.008370019456501364,0.048091306315409164,0.01927872460849679,NA,5,5,5,0.41890248957676746,0.04579338502834968
ENSG00000149328.14,GLB1L2,-0.16327899420355813,NA,0.8702987721435594,0.036972547307453814,0.11390539704123975,0.00019835296475006892,NA,34,36,36,0.009124721690272015,0.1635884639949267
ENSG00000132906.17,CASP9,-0.1632605869953613,NA,0.8703132645160053,0.029249021370483762,0.0755315715325284,0.003254570123086037,NA,23,26,26,0.0020592250658140582,0.1473381657862044
ENSG00000198515.13,CNGA1,-0.1631357807296734,NA,0.8704115281965876,0.015507715583582717,0.06211344114322896,0.006890874035214539,NA,25,25,25,0.005252327754120806,0.051713816200431716
ENSG00000260077.1,RP11-254F7.2,0.163073825539449,NA,0.8704603081015367,0.010806548612882196,0.046830244719327146,0.02149479560003201,NA,13,16,16,0.0052456690304226086,0.09961839797668276
ENSG00000177697.17,CD151,-0.1618647054665684,NA,0.8714123971973766,0.01724048595111314,0.18821652762575725,1.4480594612045862e-06,NA,10,13,13,0.15532940814095195,0.13234833338809404
ENSG00000204104.11,TRAF3IP1,-0.1612803207968728,NA,0.8718726220784745,0.024955603685465597,0.1210729840634301,0.00017502431696932044,NA,23,23,23,0.004232845699210658,0.6878872384213032
ENSG00000122367.19,LDB3,-0.16106351639852648,NA,0.8720433747268719,0.006542210907160097,0.053246606145661686,0.012795087830989484,NA,28,28,28,0.07025578216835666,0.03320015275566222
ENSG00000168827.14,GFM1,0.16074810336005857,NA,0.8722918010503633,0.011994410575607725,0.15308370488227896,1.5562373416696393e-05,NA,46,47,47,1.6587294620450205e-17,0.07620972409648706
ENSG00000108395.13,TRIM37,-0.1605695091149161,NA,0.8724324714363844,0.024170713838960738,0.13993151894112574,2.487967900221832e-05,NA,35,35,35,1.829102369096361e-11,0.058415108289769126
ENSG00000185332.6,TMEM105,0.1594137633626478,NA,0.8733428959769813,0.009552232840521781,0.18804728411078095,1.3645401231581965e-06,NA,8,9,9,0.8424755004923857,0.04439140394278943
ENSG00000231133.6,HAR1B,0.15897063873018757,NA,0.8736920065250897,0.026667657450327013,0.04244140287391341,0.02730591598563644,NA,24,25,25,0.2522477343223013,0.15459949737609685
ENSG00000205084.10,TMEM231,0.15862402778555026,NA,0.8739650970408726,0.017939931160973845,0.13040994394659947,8.612890796918492e-05,NA,41,44,44,0.06404640188847893,0.08604146530682735
ENSG00000160654.9,CD3G,-0.158286229253882,NA,0.8742312588121062,0.006140978351415664,0.035019566919244544,0.04830845793482615,NA,13,16,16,0.22203314211716296,0.11414002178751817
ENSG00000168397.16,ATG4B,0.157130954910469,NA,0.8751416421075691,0.009049907061871126,0.043864256080851115,0.02012872792313741,NA,7,7,7,0.1580347988178028,0.07559120418220149
ENSG00000164746.13,C7orf57,-0.15683426829341407,NA,0.8753754648445238,0.005263880076845492,0.12991580604859765,9.408881393790113e-05,NA,28,29,29,0.4222659197096177,0.07385320341703536
ENSG00000159593.14,NAE1,-0.15517470836004624,NA,0.8766835865582923,0.016281238434479192,0.08071838643470935,0.0017996101148968144,NA,25,25,25,0.021776662239670147,0.13674769764963488
ENSG00000108576.9,SLC6A4,0.15500662402946433,NA,0.8768160952061365,0.031589692305209846,0.09598492891767067,0.0006256773779592613,NA,39,42,42,0.08485896486928855,0.5907331393829947
ENSG00000090530.9,P3H2,-0.1545078018205129,NA,0.8772093601245148,0.014490068710052869,0.03692327440229564,0.039722366415599286,NA,43,49,49,0.07080388063859251,0.10744838188336713
ENSG00000106638.15,TBL2,-0.15423876872080572,NA,0.8774214748970538,0.02456255823868847,0.19803330374581604,3.7861640225489075e-07,NA,4,6,6,0.0014006867209116207,0.3825091984908609
ENSG00000101310.14,SEC23B,0.15423735665676844,NA,0.877422588239215,0.004408037291184054,0.08127742865902546,0.0025829182091799373,NA,32,33,33,0.006839181607572206,0.05981121612625001
ENSG00000153291.15,SLC25A27,-0.15385152426884297,NA,0.8777268069370301,0.009882823958598557,0.1709745244408709,1.4908298012091542e-06,NA,21,23,23,0.004809335474923031,0.06869141956926979
ENSG00000152527.13,PLEKHH2,-0.15365367329035012,NA,0.8778828142413,0.009611034692810522,0.06729642112960886,0.0054200560909305855,NA,21,22,22,0.05693468203276477,0.12332238694431265
ENSG00000085514.15,PILRA,-0.15205055417911903,NA,0.8791470626907283,0.098661433788666,0.4046104735282977,1.5809053711161853e-17,NA,22,23,23,0.0004665156136003287,0.11674049198666216
ENSG00000162896.5,PIGR,0.1518431520080771,NA,0.879310646341687,0.02095317993146322,0.06553179765486493,0.007176079897804534,NA,9,11,11,0.6081063398538449,0.10533362461725274
ENSG00000145723.16,GIN1,-0.1510718106504555,NA,0.879919069096634,0.015650009526805862,0.1171233447488386,0.00021331516484580064,NA,21,22,22,0.09021185737858944,0.06060106798093885
ENSG00000162078.11,ZG16B,-0.150233963528063,NA,0.8805800309481534,0.027001162397171413,0.06929054745943075,0.0052536034939178215,NA,14,15,15,0.24104774263686335,1.3158347849303504
ENSG00000272871.1,RP11-408A13.4,-0.15005634505927978,NA,0.8807201615248256,0.02839796982810567,0.18628610142858332,8.627486937292448e-07,NA,17,17,17,0.05480557003829549,0.1458628109009193
ENSG00000268655.2,CTB-60B18.10,-0.14984938502311707,NA,0.8808834455919937,0.012957301026057928,0.052307534902626684,0.011315869309375042,NA,1,3,3,0.8808834455919937,0.15774357799143518
ENSG00000272733.1,KB-208E9.1,0.14858780099457355,NA,0.8818788995418727,0.09899202202652635,0.2748732199109739,2.925659331008703e-10,NA,19,21,21,0.11258080390420473,0.17013435174771038
ENSG00000275491.1,LINC01730,-0.1484129948299845,NA,0.8820168452503818,0.15147653656345264,0.3739413383356365,5.207389663771796e-14,NA,13,13,13,0.13583408148790183,0.17950042659839616
ENSG00000135390.17,ATP5G2,0.14827677271971007,NA,0.8821243454023995,0.053725651190251064,0.2626747374972776,2.1590805975450493e-09,NA,22,23,23,0.004082906102850319,0.07504035006769927
ENSG00000118197.13,DDX59,0.14747613487516487,NA,0.8827562153627941,0.02816863583725905,0.2835058842152141,5.542534147202403e-10,NA,4,4,4,0.788236123159024,0.10661681978884098
ENSG00000136371.10,MTHFS,0.1472664235939454,NA,0.8829217335749495,0.09331773190609333,0.3472778167282106,7.532194537254798e-14,NA,47,47,47,5.301035902597231e-07,0.11718987447976625
ENSG00000171853.15,TRAPPC12,0.1471517909979667,NA,0.8830122114713896,0.006095893122058199,0.1107643212018488,0.00036866587766608847,NA,11,11,11,0.6142990685368426,0.01946902009085252
ENSG00000176194.17,CIDEA,-0.14658899346660337,NA,0.8834564417694426,0.008125486927824555,0.08548755034068113,0.0016202274540825716,NA,18,18,18,0.36201667898474643,0.1704813551551638
ENSG00000244459.2,RP11-1398P2.1,0.1459527281847698,NA,0.8839587061495506,0.019943162395110736,0.0725664359231161,0.003974111316074415,NA,18,19,19,0.0015035540698829341,0.11433746702962044
ENSG00000128185.9,DGCR6L,-0.1456697734261773,NA,0.884182084105137,0.029412866024296797,0.11466854449744818,0.00018524473667260922,NA,32,35,35,0.007471103434353899,0.19075363167978912
ENSG00000184313.19,MROH7,0.14558267368728514,NA,0.8842508466392714,0.01645699557459921,0.15127172042353249,2.1116396427390107e-05,NA,27,28,28,0.17583026853711947,0.06693262185498569
ENSG00000138152.8,BTBD16,0.14474718820692223,NA,0.8849104806551356,0.12067556310398084,0.3385465238789709,3.2679229238189712e-12,NA,23,23,23,0.03165319644046768,0.10491175890986566
ENSG00000126267.8,COX6B1,-0.14436221415930245,NA,0.8852144529414246,0.018043305064214386,0.12499662481418755,0.00014182428645745563,NA,45,47,47,0.0005633932124698507,0.11278631205116915
ENSG00000180953.11,ST20,0.1440070700516862,NA,0.8854948867388373,0.26988076441338765,0.4061869529875485,2.5769928631183684e-16,NA,105,113,113,0.01093526482064382,0.1197739179418288
ENSG00000272369.1,RP11-446N19.1,0.14355448976195317,NA,0.8858522802210682,0.016198078587956067,0.15426679543765526,1.4611138037643832e-05,NA,2,2,2,0.5598906089680891,0.15006861480802644
ENSG00000169131.11,ZNF354A,0.14348941824850325,NA,0.8859036677874276,0.012054770514157973,0.04857501911887584,0.016860554411529956,NA,13,14,14,0.03214880963595587,0.09179962113082936
ENSG00000261455.1,LINC01003,-0.1434134742819822,NA,0.8859636420356708,0.01823161905797454,0.09571191791870977,0.0008631726727532519,NA,16,17,17,0.5035154207969057,0.045116027856651586
ENSG00000111321.10,LTBR,0.1431092935408399,NA,0.8862038653097378,0.0028861045598610737,0.112954966018509,0.0002831987089148016,NA,10,12,12,0.08854831397044353,0.06114624676741411
ENSG00000103479.15,RBL2,0.14131206849022102,NA,0.8876234160101785,0.05445132213976282,0.2832178019872073,8.581683794789307e-10,NA,29,29,29,0.6611986906279228,0.053448987396305166
ENSG00000157637.12,SLC38A10,0.14093710678326785,NA,0.8879196277313782,0.008445128997539601,0.1355404033486708,1.6531889315552682e-05,NA,2,2,2,0.006420563952057329,0.20650167196274216
ENSG00000175334.7,BANF1,0.14014025777924632,NA,0.8885491733168472,0.0004258073434698265,0.049311201535144185,0.01796893818820531,NA,5,5,5,0.6924128094248327,0.007265607353385686
ENSG00000124587.13,PEX6,0.13953301892210546,NA,0.8890289658114814,0.14400062444318443,0.4812003548597524,3.4263952957864325e-19,NA,28,33,33,2.5648269643583716e-05,0.08574127489861842
ENSG00000206559.7,ZCWPW2,0.13947892279828394,NA,0.8890717102983174,0.004665093436827652,0.04790279325845683,0.017891177169682332,NA,4,4,4,0.5303769639182221,0.08763879613995021
ENSG00000166986.14,MARS,-0.13870533088052445,NA,0.8896830053911311,0.009594057245385305,0.056181862862859734,0.011882912898833848,NA,30,31,31,7.895572029048385e-05,0.217614026461654
ENSG00000185904.11,LINC00839,-0.13823425452650553,NA,0.8900552837637291,0.20728652177051982,0.4233742123254552,9.233008224329266e-16,NA,12,12,12,0.000936653985701108,0.101248329233909
ENSG00000104885.17,DOT1L,0.13796906932806446,NA,0.8902648628260407,0.023147990468933146,0.14302337036963042,3.3040580649622346e-05,NA,47,58,58,2.1551887821744532e-05,0.12497278784203195
ENSG00000181666.17,HKR1,0.13625358241274502,NA,0.8916208174491281,0.005776263307772134,0.057823340499905576,0.010943696646712502,NA,23,23,23,0.09751893175540154,0.1283595800197214
ENSG00000118961.14,LDAH,0.13608237881970556,NA,0.8917561575989155,0.0728226973338762,0.17709248866454505,1.6823137028012257e-06,NA,50,51,51,0.12099847446302867,0.3968899174598837
ENSG00000168491.9,CCDC110,-0.13382718449938916,NA,0.8935392304291884,0.021802909576226288,0.08409690514872918,0.0015558400229270027,NA,22,22,22,1.831054082645176e-06,0.12132436557669568
ENSG00000124588.19,NQO2,-0.13371514157411252,NA,0.8936278314468953,0.10521103495367602,0.32625712632884124,2.6280179690125977e-12,NA,42,44,44,0.02860319090763897,0.2229164875102666
ENSG00000256250.1,RP11-989F5.1,-0.13305065700722915,NA,0.8941533180955726,0.2285597099180624,0.3716259614280805,3.087194314793013e-14,NA,55,58,58,0.0023970409608536003,0.08326126693567157
ENSG00000249476.1,CTD-2587M2.1,0.13227157766886183,NA,0.8947694875558759,0.09992640097488205,0.2614069899938217,4.798590834797339e-09,NA,47,48,48,0.006648248442710128,0.2509990686358745
ENSG00000265750.1,RP11-799B12.4,0.1322579453607078,NA,0.8947802698379559,0.05081835313169168,0.192001309071633,1.2660627642259563e-06,NA,7,7,7,0.7368886691516765,0.12086866329399665
ENSG00000155307.17,SAMSN1,0.13222245519473108,NA,0.8948083403759229,0.024939683227394354,0.11890328912848495,0.00014815002193085126,NA,34,39,39,0.05266805247911572,0.1361471840180318
ENSG00000161328.10,LRRC56,-0.13209492770513329,NA,0.8949092078616492,0.02062588756663989,0.1696383277000814,5.90762579232581e-06,NA,19,22,22,0.030739253125971908,0.0971397091237855
ENSG00000197763.14,TXNRD3,-0.13204769693555565,NA,0.8949465653285837,0.039729644832135,0.14321776991806098,3.165549649426699e-05,NA,49,58,58,0.12334144699040955,0.2791485554163486
ENSG00000092094.10,OSGEP,-0.13167874752078176,NA,0.8952383961437991,0.005170907444975873,0.03470375258090193,0.043169499348891215,NA,4,4,4,0.622994763328566,0.05535431800004585
ENSG00000135903.18,PAX3,0.1312604140423412,NA,0.895569305809428,0.05792054881641429,0.04712044250318608,0.015926650804472045,NA,58,59,59,0.07220448309033874,0.8313538894376452
ENSG00000272848.1,RP1-137D17.2,-0.13094061286888303,NA,0.8958222868229632,0.016173235941256633,0.07435184714224577,0.0025574611567939264,NA,16,19,19,1.5000080729132415e-05,0.06858152776206024
ENSG00000137843.11,PAK6,0.1303397923905714,NA,0.89629759880192,0.007309649690857826,0.093896463672315,0.0008491102154784446,NA,27,29,29,0.02456472002741265,0.08077003394484046
ENSG00000182264.8,IZUMO1,0.13031331086367126,NA,0.8963185493233243,0.06950256942668344,0.15512895902588852,1.0920156103835162e-05,NA,28,28,28,0.059543217835135775,0.14089706084548625
ENSG00000060491.16,OGFR,0.12985311066660832,NA,0.8966826423575937,0.005152571126770996,0.0548993421566984,0.008506821817611756,NA,5,5,5,0.31925374023894126,0.05974811925788918
ENSG00000112031.15,MTRF1L,0.12949689820293797,NA,0.8969644791631335,0.2690843372289301,0.6592297377750955,5.261262666170072e-32,NA,21,21,21,0.2916093944943746,0.21767662305629948
ENSG00000153310.19,FAM49B,0.12908826965864312,NA,0.8972878038022384,0.001362343723114545,0.045514529293414666,0.02232180033846088,NA,9,9,9,0.002565968291227971,0.016530793014120714
ENSG00000124406.16,ATP8A1,0.12902385578423495,NA,0.8973387724128252,0.019483073305679294,0.14454686514712303,3.054343484593796e-05,NA,13,13,13,0.5037457519181682,0.07235973454501599
ENSG00000164331.9,ANKRA2,0.1280382328903759,NA,0.8981187165621766,0.023733278380278416,0.04014280305735759,0.03399675601611453,NA,66,72,72,0.005772059116551118,0.16527887973802924
ENSG00000228065.10,LINC01515,0.12789725347481712,NA,0.8982302846062672,0.05601409824397341,0.12292248441104292,8.336685913391043e-05,NA,50,51,51,0.00011342801385221365,0.15430405641516934
ENSG00000108592.16,FTSJ3,0.12773839744933152,NA,0.898356002221137,0.07692989982537922,0.3009736861295906,2.44230314398506e-10,NA,58,61,61,2.9198108672255734e-09,0.2145267802087915
ENSG00000087258.14,GNAO1,-0.1276126005769748,NA,0.898455558849556,0.08980762662435886,0.0646153553749482,0.005699001551020779,NA,104,108,108,0.0012302920139205984,0.6304324949991059
ENSG00000261649.6,GOLGA6L7P,0.12728085043706566,NA,0.8987181161652937,0.012528015720319693,0.053321635480516015,0.01160052048641068,NA,14,31,31,0.023133088148919175,0.15111968997061334
ENSG00000164253.13,WDR41,-0.1268959469948679,NA,0.8990227545392763,0.17169285949518154,0.17056562190463564,4.269859567998932e-06,NA,80,88,88,0.0004671396819096193,0.17887491612333944
ENSG00000112701.17,SENP6,0.1265872333107906,NA,0.8992671019890079,0.0015440474988313582,0.04797124770696942,0.01476689790544491,NA,15,15,15,0.7153241974934206,0.015310416977060131
ENSG00000163082.9,SGPP2,0.12592336205658008,NA,0.8997925896269161,0.0021349105777815286,0.059122378703938785,0.009995255267019316,NA,14,14,14,0.37936307285188997,0.04439418195827328
ENSG00000104043.14,ATP8B4,-0.12288401174355248,NA,0.902198946443825,0.006195588395674237,0.07048182272556039,0.004756895139943935,NA,17,17,17,0.035017315231285685,0.04617457372831857
ENSG00000048140.17,TSPAN17,-0.12273710518140649,NA,0.9023152803063972,0.008425866619264333,0.1337151287044885,5.2873770010093075e-05,NA,14,14,14,0.7921974432280625,0.054084145112268375
ENSG00000134201.10,GSTM5,0.12258266964288995,NA,0.902437578552938,0.03242082424905374,0.29469752127473603,1.58407367770146e-10,NA,43,47,47,2.963677955836098e-05,0.061935807181560075
ENSG00000101417.11,PXMP4,-0.1225679525068859,NA,0.9024492332446772,0.024847198142716385,0.04541846423609428,0.026037554689608368,NA,22,23,23,0.01271801610667671,0.11880548814751148
ENSG00000213214.4,ARHGEF35,0.12156199053514992,NA,0.9032459173341683,0.05904446560673071,0.4523409803916837,2.420256319557661e-17,NA,22,23,23,4.659600067770841e-05,0.06286044939559485
ENSG00000196151.10,WDSUB1,-0.12136512364076317,NA,0.9034018399427438,0.04737384997427909,0.17699644718383212,1.262891461388604e-06,NA,55,57,57,0.04830683546195796,0.08262446051122173
ENSG00000267508.5,ZNF285,0.12115968238816295,NA,0.9035645575907687,0.08346708637286891,0.3641583684116155,9.750159176665847e-14,NA,29,29,29,0.020748741137600037,0.10080217449753312
ENSG00000165272.14,AQP3,-0.12083268549814283,NA,0.9038235604924167,0.016874205734646402,0.08872845354813295,0.0014230665769632241,NA,24,25,25,0.0034510234173661895,0.08231810006064184
ENSG00000137200.12,CMTR1,-0.12058035038848158,NA,0.9040234333829877,0.0057713471025738336,0.05116137503548561,0.014249710977422256,NA,9,13,13,0.27170209698802317,0.05479507048033788
ENSG00000007062.11,PROM1,0.12048922583499444,NA,0.904095614005221,0.011119513965520716,0.0813713122475653,0.0022310352623948764,NA,6,6,6,0.35036030715389055,0.2323540362083379
ENSG00000078618.21,NRDC,-0.12012235488315069,NA,0.9043862239745586,2.762256453968992e-05,0.03476736375596756,0.04164838023457239,NA,5,5,5,0.27695046491161524,0.023567767596686325
ENSG00000225791.6,TRAM2-AS1,0.11997754000238527,NA,0.9045009399040315,0.0015057794361904285,0.06660648146490286,0.006259499053916256,NA,3,3,3,0.11448266419725005,0.04953375325537974
ENSG00000233927.4,RPS28,0.11854859120385687,NA,0.9056329962929841,0.012995233267146402,0.06454861408118193,0.0062575237228863784,NA,26,29,29,0.0018147832187685343,0.06220194935114597
ENSG00000151640.12,DPYSL4,0.1171450165275771,NA,0.9067451372574571,0.19327712169576491,0.5537962341434257,1.2633550565743774e-24,NA,19,21,21,0.524967360661444,0.2367217083516521
ENSG00000110871.14,COQ5,0.11713042384568371,NA,0.9067567009263072,0.05953710940730511,0.31346628029971463,4.8529549983232356e-11,NA,56,58,58,3.722500151243102e-08,0.2908026046618265
ENSG00000178386.12,ZNF223,0.11690294348695074,NA,0.906936965584177,0.07282224182513157,0.2198205800470769,2.1690508693998225e-08,NA,36,37,37,0.0457733846178016,0.054947645449792935
ENSG00000093072.15,CECR1,0.11588079998192626,NA,0.9077470125652354,0.10771259052629273,0.4315855628841927,1.6737059452996924e-18,NA,29,34,34,0.006967441144650708,0.23959065249516576
ENSG00000157368.10,IL34,0.11573687710632619,NA,0.9078610789239406,0.044356858278036114,0.0713437332160978,0.0042776988514433905,NA,36,40,40,2.2940823498856162e-14,0.2283505376002748
ENSG00000171790.15,SLFNL1,-0.11491746916869777,NA,0.9085105384336823,0.04296743426486967,0.040644086274784386,0.02670210453079877,NA,36,37,37,0.1812122823949317,0.11520575382941825
ENSG00000165914.14,TTC7B,-0.11457177996635436,NA,0.9087845487044575,0.000982162601323233,0.034941284687279715,0.046975538492513055,NA,1,1,1,0.9087845487044575,0.049556396627111525
ENSG00000198077.10,CYP2A7,0.11409661719400851,NA,0.9091612038017992,0.0800394136303414,0.2836048264136749,9.132519220521767e-10,NA,6,6,6,0.8899191011477886,0.07242151454718264
ENSG00000231861.2,OR5K2,0.11402142934561431,NA,0.9092208060648573,0.06155188834295402,0.10015164524415857,0.0006044219546770924,NA,73,80,80,0.11503894157972679,0.18423228400199773
ENSG00000148672.8,GLUD1,-0.11356231015270654,NA,0.90958476614794,0.00785374011718961,0.04228438160756398,0.021517401996072376,NA,5,5,5,0.03491132088415426,0.2143434345556693
ENSG00000269930.1,RP11-932O9.9,-0.11341519653797148,NA,0.9097013923510892,0.001695333538767368,0.06015768199429462,0.009495707308013744,NA,1,29,29,0.9097013923510892,0.06485318177636377
ENSG00000138356.13,AOX1,-0.11312395265972378,NA,0.9099322854045689,0.0015175003513622247,0.03846383228453101,0.038115285798131004,NA,5,5,5,0.47319202373861924,0.01900380273690961
ENSG00000172687.13,ZNF738,0.11285109898672355,NA,0.910148605927219,0.01152090674537309,0.06411476265975641,0.0040079308128097004,NA,3,4,4,0.4986915303818469,0.0955152223434614
ENSG00000269486.2,CTC-360G5.9,-0.11180814704714037,NA,0.9109755276226248,0.005894572333331099,0.05288763873263432,0.012251779399090595,NA,5,5,5,0.7934592628303225,0.052118901865857326
ENSG00000132141.13,CCT6B,0.11121911156354591,NA,0.911442596816733,0.034184528313143434,0.11771515347174585,0.00014151114763198374,NA,22,23,23,0.0046016873295917395,0.09858382105849242
ENSG00000102858.12,MGRN1,0.11115961900971541,NA,0.911489772485561,0.04738753223033407,0.25959635889667393,1.114117509067229e-09,NA,25,28,28,0.41912350672157295,0.1571063884362557
ENSG00000178665.14,ZNF713,-0.11079456826442444,NA,0.9117792527305568,0.07660872939075461,0.2344203952530659,1.859275649663083e-08,NA,72,74,74,6.145373531619292e-08,0.509780701201938
ENSG00000099617.3,EFNA2,-0.11008934931558857,NA,0.9123385148293379,0.013708142137018296,0.03829996065890109,0.03761803137288544,NA,13,15,15,0.007690377062981786,0.09676000415248194
ENSG00000131379.9,C3orf20,0.10968951196771276,NA,0.9126556184601055,0.10719922908093968,0.04854640740729246,0.01841863625884801,NA,55,58,58,0.0891667768074111,0.532042252164183
ENSG00000180822.11,PSMG4,0.10930848884651162,NA,0.9129578138167921,0.010728720497865347,0.08763159341095927,0.0005909570289119534,NA,20,20,20,0.13443321997673408,0.1096019844210857
ENSG00000240563.1,L1TD1,-0.10891009981373607,NA,0.9132737958069919,0.1515142898062604,0.3113401872139035,5.413225627359848e-11,NA,30,30,30,0.0013371150603578772,0.1943812262359756
ENSG00000117226.11,GBP3,0.10881041742347251,NA,0.9133528609733558,0.19437148589506387,0.4488296355189324,6.043724702232126e-18,NA,23,23,23,0.14697737727921828,0.14732699355316178
ENSG00000186684.12,CYP27C1,0.10826349638070358,NA,0.9137866780425064,0.041149134262475726,0.1037140364426929,0.0002389822118697225,NA,31,31,31,0.2605563522738169,0.12227471896977833
ENSG00000112309.10,B3GAT2,0.1079641061342385,NA,0.9140241648895735,0.06374410304433256,0.10170659053393452,0.0006295196754138683,NA,52,55,55,0.0006432345506029247,0.20831801700442232
ENSG00000271811.1,RP1-79C4.4,0.10786149815240423,NA,0.914105558907939,0.040514449716390524,0.127268726553589,8.889203775630405e-05,NA,48,49,49,0.0002101501127412879,0.2943234206321834
ENSG00000163328.13,GPR155,-0.10753362682207679,NA,0.9143656496313319,0.032916815223502455,0.15406515492911166,1.1732670376784705e-05,NA,30,30,30,4.510138712903648e-29,0.10551649865772153
ENSG00000243811.8,APOBEC3D,0.10738834664325876,NA,0.9144808990756528,0.010305103772909182,0.07821406755117961,0.002006368472833369,NA,25,27,27,0.004737314679302656,0.04065190774944078
ENSG00000106733.20,NMRK1,-0.10721826993344635,NA,0.9146158216668772,0.034958147564621525,0.1338115026890641,5.3634381958352176e-05,NA,18,18,18,0.000417048888922703,0.10370794100867912
ENSG00000139651.10,ZNF740,0.10619664631670951,NA,0.9154263317529875,0.012421033105838824,0.09901989521863727,0.0004414707841417538,NA,9,9,9,0.22450955837909736,0.07582503570300846
ENSG00000228049.7,POLR2J2,0.10600788644681557,NA,0.9155760949676628,0.0693607623974588,0.22886877715050996,3.034356674166493e-08,NA,21,23,23,0.044748295386326006,0.14286145005591702
ENSG00000256576.2,RP13-977J11.2,0.10600520728166492,NA,0.9155782206549692,0.03098356658754019,0.17061579586052614,4.459948973570093e-06,NA,13,14,14,0.29840704874387824,0.06750442193301652
ENSG00000161542.16,PRPSAP1,0.10519173858060228,NA,0.9162236660109074,0.004436746019959194,0.039678030262643146,0.03453039867496825,NA,9,10,10,0.38087076757119587,0.044726325762706916
ENSG00000099810.18,MTAP,-0.10508513948669083,NA,0.9163082509827476,0.008761921008828218,0.1278937638697781,8.856811804319623e-05,NA,4,5,5,0.13295669250018083,0.0732303510548272
ENSG00000092978.10,GPATCH2,-0.10502724115298626,NA,0.9163541929423007,0.012440290538956598,0.06996347464847348,0.0050125861593221755,NA,10,12,12,0.3701287998495404,0.04654995598719172
ENSG00000164308.16,ERAP2,-0.10454066701179034,NA,0.9167402974531105,0.2730561702862538,0.7202191329342794,3.0148565712595797e-38,NA,25,26,26,0.06298889727760228,0.04364633329637841
ENSG00000270171.1,RP11-338N10.1,-0.10394619145446443,NA,0.9172120501434534,0.009875174096865747,0.04898222230108721,0.01874302663999521,NA,4,4,4,0.0004626653741485246,0.0662793350664796
ENSG00000164610.8,RP9,-0.10384376162752226,NA,0.9172933374206915,0.039340567753908595,0.06900671298870636,0.005588823532741568,NA,13,13,13,1.0216762808163755e-06,0.17907334287478222
ENSG00000186854.10,TRABD2A,-0.10309912286984131,NA,0.917884301163467,0.07746388931100859,0.048829589147605185,0.01977778375712792,NA,68,72,72,0.0021176060625213602,0.17421313398885294
ENSG00000258602.1,LINC01629,-0.1026278547781039,NA,0.9182583346458564,0.042455019096772774,0.18721417965269915,1.6666774179538643e-06,NA,23,24,24,0.053994615985476516,0.08691976082408144
ENSG00000197558.11,SSPO,0.10248705376482972,NA,0.9183700883378668,0.024432295073930736,0.056171864857788495,0.010072945559069041,NA,33,34,34,0.3050083523952054,0.08416607861035888
ENSG00000144488.14,ESPNL,0.10245153951984974,NA,0.9183982762306538,0.13966018190400592,0.4332773826816084,2.8515456900229243e-16,NA,71,79,79,0.0027729386506427866,0.4408137402974116
ENSG00000130684.13,ZNF337,0.10224256745311151,NA,0.9185641408280111,0.007177778433933796,0.06225998688493151,0.006647830959090229,NA,26,30,30,0.0005442058304621159,0.017038309428851674
ENSG00000125618.16,PAX8,0.10165844672043005,NA,0.91902778592197,0.14209653381955342,0.2653760779750963,8.385300157456552e-10,NA,15,16,16,0.01641417058032175,0.11975905866921101
ENSG00000042493.15,CAPG,-0.10158474800490769,NA,0.9190862861436239,0.003382595615716695,0.0628596850091554,0.007755877676544369,NA,11,11,11,0.2444145292018678,0.06364954068422038
ENSG00000115758.12,ODC1,-0.10122226578440574,NA,0.9193740219535624,0.234816728576691,0.12103749713220012,0.00014129503557502664,NA,178,191,191,7.43975208831855e-09,0.33092337139920025
ENSG00000105695.14,MAG,-0.10058508429985294,NA,0.9198798376541707,0.010786561204057812,0.05434632963572672,0.01101292010152791,NA,7,8,8,0.09935785692955976,0.14918869013619265
ENSG00000146859.6,TMEM140,0.10008028142662466,NA,0.9202805898682225,0.010745560678289332,0.14899706363443838,1.811778696461927e-05,NA,77,78,78,0.18482162156716098,0.08463199149314939
ENSG00000196247.11,ZNF107,0.10004575644303251,NA,0.9203079992558121,0.00895506264734652,0.05195389583382881,0.015307931892315546,NA,12,12,12,0.48760685127255854,0.0868654519943633
ENSG00000078399.17,HOXA9,0.09915004788304435,NA,0.921019135358212,0.002959984189374844,0.08869243202349163,0.0015211063878736869,NA,14,14,14,0.34400816089914343,0.019045709997301086
ENSG00000132950.18,ZMYM5,0.09913051400600192,NA,0.9210346447303018,0.004003346257922983,0.04872052931147424,0.013489418668853205,NA,2,3,3,0.5113654298379025,0.2362942413435903
ENSG00000139155.8,SLCO1C1,-0.09899985003926562,NA,0.9211383891715851,0.023034433149731543,0.09950367701268208,0.00036253933829155123,NA,11,12,12,0.07340107845791284,0.2574655500478894
ENSG00000164520.11,RAET1E,-0.09890925447671797,NA,0.9212103209306387,0.0038502565897790904,0.07430648139459302,0.0035180098561819802,NA,9,9,9,0.16933387948677903,0.06286743559460088
ENSG00000163467.11,TSACC,0.09886145537615589,NA,0.9212482730866143,0.02414541575705093,0.04724460546242711,0.0210422867946592,NA,20,21,21,0.4309041861114322,0.15424538012386108
ENSG00000099785.10,MARCH2,0.09762888833803321,NA,0.9222269845020034,0.014436605198869659,0.11720926276602173,0.0001406176373311765,NA,12,12,12,0.26349748978318566,0.06489334655891005
ENSG00000217930.7,PAM16,-0.09744123735226008,NA,0.922375997849207,0.05064629394365935,0.27756395593407496,2.4170618578986303e-10,NA,29,31,31,0.01532232854659655,0.11284510243779478
ENSG00000112110.9,MRPL18,0.09743873356658163,NA,0.9223779861198352,0.013526037373423222,0.037762438475593414,0.03505757612170714,NA,25,32,32,0.08145712509345675,0.09110004656346886
ENSG00000150403.17,TMCO3,-0.09724028960742444,NA,0.9225355731525189,0.0020238762595311995,0.05093936458636431,0.01604399342779281,NA,3,3,3,0.5832906928674961,0.09409962432132296
ENSG00000130695.14,CEP85,0.0968584805901174,NA,0.922838781407218,0.0028283907331711905,0.06928978521723801,0.00502727197491706,NA,10,10,10,0.8289066115155527,0.02444771891689709
ENSG00000178734.5,LMO7DN,0.09655243533308518,NA,0.9230818310370561,0.04531946899521569,0.042524178238377716,0.02966202533141941,NA,48,48,48,0.03200210044593672,0.11959192370268705
ENSG00000226180.3,RP11-278A23.1,0.09634486318274346,NA,0.9232466811189552,0.014836323422372812,0.06375109109632314,0.006568767993984675,NA,11,13,13,0.4090382573472927,0.14121834178882478
ENSG00000176953.12,NFATC2IP,-0.09605557232587666,NA,0.9234764362306894,0.008376240374727673,0.07030502548074925,0.003112116108659667,NA,7,7,7,0.6254943202756539,0.0785156285393639
ENSG00000125450.10,NUP85,-0.09574532457639172,NA,0.9237228424237598,0.08429060324237625,0.39353617139019215,5.970681863150887e-15,NA,24,25,25,5.985462376000292e-06,0.1051561915147595
ENSG00000150991.14,UBC,-0.09559691864971166,NA,0.9238407125545466,0.013176742907177278,0.07159818898165969,0.003724663391380924,NA,17,20,20,0.07098920243556563,0.0713585080804934
ENSG00000224877.3,NDUFAF8,0.09555346866883375,NA,0.9238752226447201,0.003376867723752636,0.040139154398796124,0.03358165424711722,NA,4,4,4,0.7981109284423401,0.053098660355587225
ENSG00000151773.12,CCDC122,0.0946641073609148,NA,0.9245816280827366,0.08451787509394498,0.16709529787649022,5.923513681416218e-06,NA,57,60,60,2.294222314612574e-05,0.24547394364983316
ENSG00000162461.7,SLC25A34,-0.09360219027910123,NA,0.9254251696643566,0.03120501059181786,0.19463927560260408,7.474132653157435e-07,NA,9,9,9,0.19699078667311354,0.0787429288302607
ENSG00000144559.10,TAMM41,-0.09342798884951753,NA,0.9255635558718065,0.11391919614021598,0.4763571395339201,2.0022468338964507e-18,NA,23,26,26,0.00047564905144807613,0.0880927217538843
ENSG00000188185.11,LINC00265,-0.09289241273558108,NA,0.9259890334451342,0.006630507694830922,0.048760759712667835,0.019409453250782745,NA,18,18,18,0.23470410568155742,0.0917091359945398
ENSG00000136449.13,MYCBPAP,0.09269054119209799,NA,0.926149411695231,0.007595656573955799,0.1422958833220031,1.8207300868922133e-05,NA,11,11,11,0.1096057979431594,0.030365552434775074
ENSG00000136546.13,SCN7A,-0.09244572506352834,NA,0.9263439115951284,0.01004555784216904,0.10839980277634886,0.0003899039261111134,NA,33,33,33,0.013082776750464948,0.1574149998098417
ENSG00000157426.13,AASDH,-0.09201243038378444,NA,0.926688163471576,0.027148398883131062,0.13826504715499816,3.399973496635013e-05,NA,17,18,18,0.2890689227833806,0.23713948123094586
ENSG00000165806.19,CASP7,0.09190854476864276,NA,0.926770702456043,0.028900900354140224,0.10938797460971224,0.0003334797500950884,NA,23,23,23,0.2174185237345273,0.13350766346623022
ENSG00000007129.17,CEACAM21,-0.0903688613794763,NA,0.9279941004420992,0.013431197263961919,0.05515493243853864,0.012135758662681084,NA,8,9,9,9.26448877817563e-05,0.16466393839432014
ENSG00000248918.2,CTD-2089N3.3,0.08988863298729792,NA,0.9283757141457885,0.08674914085266408,0.2103699880440372,2.0819773097700501e-07,NA,35,36,36,0.0022674693288801317,0.2862125631543833
ENSG00000243678.11,NME2,-0.08924710234213099,NA,0.9288855324433323,0.01034008600550075,0.13744049687534726,3.3949076398059445e-05,NA,16,16,16,0.025700105801988848,0.2322984833688068
ENSG00000110455.13,ACCS,-0.08919964811506698,NA,0.9289232450279259,0.035914925298393574,0.28540105486572953,5.231227443104047e-10,NA,19,20,20,0.5001650746474566,0.18021395553045624
ENSG00000116874.11,WARS2,-0.08899877025893642,NA,0.929082887434257,0.126791062832228,0.24040553511287546,2.4708795264949895e-08,NA,42,43,43,0.14815350280010428,0.25292501163187364
ENSG00000258701.1,LINC00638,0.08861468457802599,NA,0.9293881373933286,0.010989429557425462,0.13670460192054107,6.264314007343895e-05,NA,13,15,15,0.5892353696486762,0.14897945870885326
ENSG00000065457.10,ADAT1,0.08786719654629875,NA,0.9299822290945035,0.05838495253233241,0.31728555664264146,1.479993724701615e-11,NA,21,22,22,0.021434408564504622,0.15413981820806796
ENSG00000184009.9,ACTG1,0.08765716589428112,NA,0.9301491651816322,0.005827747829869385,0.11331944972169078,0.00013042240580325143,NA,12,12,12,0.42995683847412314,0.3046045007972701
ENSG00000137441.7,FGFBP2,0.08738275233501261,NA,0.9303672785751907,0.02348586233802256,0.0682233993571033,0.005749901525487554,NA,22,24,24,1.495110891293071e-10,0.2136074372956153
ENSG00000163882.9,POLR2H,-0.08715539211911646,NA,0.9305479963056331,0.009084913434047836,0.03838350513722935,0.03946325961681692,NA,24,25,25,0.23644104104007768,0.11651795800501252
ENSG00000144115.16,THNSL2,0.08714930695329672,NA,0.9305528331613192,0.32497427510111077,0.7415038570435091,2.2651627562570142e-41,NA,26,27,27,0.4135678831426396,0.10587646160601133
ENSG00000109220.10,CHIC2,-0.08708393955401865,NA,0.9306047912624521,0.00289764776338589,0.06338268665500038,0.006540856013986109,NA,2,2,2,0.8064660848847618,0.10975508439330743
ENSG00000272218.1,RP11-11N5.3,0.08648766300420012,NA,0.9310787628197572,0.03168677644015856,0.04531602198819087,0.02435417902808934,NA,26,28,28,0.01943819789971108,0.14122909577735074
ENSG00000187242.4,KRT12,0.08629663357714293,NA,0.9312306145109586,0.0269040237443158,0.16216378906596648,1.0212769469886916e-05,NA,22,24,24,3.4074633573185624e-07,0.1186854891426808
ENSG00000242612.6,DECR2,0.0853660280448629,NA,0.9319704002386597,0.022832965440585357,0.10497289142681897,0.00044837330810713996,NA,9,11,11,0.6401452609246899,0.09864261002204963
ENSG00000267194.1,RP1-193H18.2,0.08465088473776892,NA,0.9325389440411647,0.0056005717345371745,0.051237696786717225,0.01513929022067364,NA,22,23,23,0.19976472760444852,0.09078183666886457
ENSG00000171806.11,METTL18,-0.08423913322613932,NA,0.9328663049309598,0.061572924789524475,0.2918571901535357,2.1486050129203536e-10,NA,114,115,115,0.2737504027054445,0.02588163671893844
ENSG00000235271.5,LINC01422,0.08401384986511258,NA,0.9330454201004923,0.0352898294098305,0.1641546529253359,8.836559101492315e-06,NA,7,8,8,0.1809877946705063,0.1170883309777571
ENSG00000147813.15,NAPRT,-0.0839650221327138,NA,0.93308424182395,0.05943321082938795,0.32428167616483083,9.308079943315443e-12,NA,20,20,20,0.10568183477878276,0.2133693851991272
ENSG00000180113.15,TDRD6,0.08360642083019652,NA,0.9333693617291714,0.03872009842970456,0.3743109179628185,5.659008476062822e-14,NA,11,11,11,0.39082306497261976,0.08332462297586342
ENSG00000135778.11,NTPCR,-0.08341186789354404,NA,0.9335240521834736,0.04681650759351594,0.08102890242045012,0.001967682632520513,NA,38,40,40,0.0020518228231770907,0.2610359871287629
ENSG00000141519.14,CCDC40,0.08310709516231063,NA,0.9337663842419837,0.020052711557276195,0.19359742427270896,3.546411993023849e-07,NA,6,6,6,0.8545247636418031,0.2065300461963195
ENSG00000172061.8,LRRC15,0.08305969300777152,NA,0.933804075376352,0.013381531955045312,0.03995210765835697,0.028729947528234743,NA,11,13,13,0.204083830142881,0.1973788460138828
ENSG00000172922.8,RNASEH2C,0.08249677243934965,NA,0.934251684808189,0.005582475729819038,0.1848510361694176,1.2398221015899891e-06,NA,3,3,3,0.9008185736381844,0.05936610129988579
ENSG00000063854.12,HAGH,0.08232366712121003,NA,0.9343893346536091,0.0011369911036529245,0.0460345727829098,0.0234510995906132,NA,7,7,7,0.3382862396386792,0.045847395851472426
ENSG00000213246.6,SUPT4H1,-0.08185013226627812,NA,0.9347658899965732,0.0034329472060845487,0.10618512319033999,0.00045984120466149403,NA,9,9,9,0.5955590428509192,0.11067289395781896
ENSG00000128829.11,EIF2AK4,0.08174933378107044,NA,0.9348460469296509,0.01213717586449739,0.05058205967183956,0.01819307470449142,NA,21,21,21,0.11041863653173452,0.1224503076883281
ENSG00000182670.13,TTC3,0.08149874723880764,NA,0.9350453211248613,0.00787979046832882,0.11289127009952163,0.00017331883619377622,NA,15,15,15,0.13438433040667688,0.027645089092681468
ENSG00000131238.16,PPT1,0.08147380918689284,NA,0.9350651528605453,0.003699555229599535,0.07138398612606682,0.004056676463031318,NA,7,7,7,0.9270444080077642,0.06031456067237775
ENSG00000158296.13,SLC13A3,-0.081072120763892,NA,0.9353845970936135,0.012078540772899627,0.08282664532633527,0.002072878361653926,NA,12,14,14,8.461741918907004e-06,0.2487395983228575
ENSG00000159648.11,TEPP,-0.08063451868658858,NA,0.9357326136337967,0.045102529843499994,0.21730368797143146,7.060806006064758e-08,NA,21,21,21,0.11078886445651653,0.10834011850940188
ENSG00000235387.2,SPAAR,-0.08061429065036682,NA,0.9357487009005455,0.015660546497139164,0.13442154995121505,1.9267722603902133e-05,NA,17,17,17,0.0053808208430373705,0.08879309856455676
ENSG00000184058.12,TBX1,0.08052226204625146,NA,0.9358218911689218,0.009288334878313275,0.041212648339156256,0.031753222639755614,NA,13,13,13,0.009427400437451048,0.06020721869807034
ENSG00000167740.9,CYB5D2,0.08046095544245054,NA,0.9358706485583522,0.00807125984337054,0.03376028244907571,0.047719596719069286,NA,19,21,21,0.028302409477837694,0.07000495603234495
ENSG00000100243.20,CYB5R3,0.08020449332171639,NA,0.9360746165234308,0.0038351828498255527,0.06729263523712146,0.005323935191465897,NA,11,11,11,0.4570606779149048,0.07023136795745594
ENSG00000131626.16,PPFIA1,0.0800777907438248,NA,0.9361753864313893,0.03699030694299879,0.2434950185101122,7.610898012006851e-09,NA,72,80,80,0.0965829594783887,0.07642240602614651
ENSG00000108556.7,CHRNE,0.07983567375613383,NA,0.9363679513112093,0.10415096521043428,0.18790163578718427,1.104283353080901e-06,NA,62,66,66,0.00177278182947226,0.22591642675485346
ENSG00000160200.17,CBS,-0.07945855425997161,NA,0.9366678962478427,0.07368506140041953,0.2256455905069141,2.7191251464848302e-08,NA,23,23,23,0.021927056192961997,0.21487623357919894
ENSG00000126218.11,F10,0.07943360822735628,NA,0.9366877375871216,0.005658660750498982,0.05709592508226687,0.010539326545014629,NA,9,9,9,0.5077013801532788,0.07734987830954809
ENSG00000144366.15,GULP1,0.07910767795396072,NA,0.9369469765307648,0.015795544813876496,0.04514755955821629,0.02277552746788949,NA,60,61,61,0.04325236179824184,0.3314390653966329
ENSG00000263753.6,LINC00667,0.07908929126236461,NA,0.9369616011664488,0.04743778283943405,0.2167800368471941,9.389164314724832e-08,NA,33,37,37,0.012771875709995058,0.051926253308416964
ENSG00000133460.19,SLC2A11,0.07806673901459618,NA,0.937774964843277,0.003588610646329906,0.06854441440967975,0.004245149244048451,NA,2,2,2,0.7504285883243544,0.0700485115505946
ENSG00000124713.5,GNMT,-0.07772095460187878,NA,0.9380500251615931,0.07512352763753388,0.1474739416233587,1.3455846030213935e-05,NA,20,20,20,0.019899532143774573,0.0976447423751131
ENSG00000176148.15,TCP11L1,0.07743355463189473,NA,0.9382786481705551,0.006127173865565582,0.10762781613541524,0.00029052173457734645,NA,15,16,16,0.9242983996882664,0.010242130265530714
ENSG00000166130.14,IKBIP,0.07574750345099819,NA,0.939619982236827,0.02077247208206371,0.2110450581784387,2.278015213930695e-07,NA,15,17,17,0.163903747847026,0.09001449627230736
ENSG00000144837.8,PLA1A,0.0743037423945979,NA,0.9407686992654508,0.04387066891705204,0.07738968023718576,0.002775678429634336,NA,45,45,45,0.06996668674080432,0.5134415081192365
ENSG00000261000.1,RP11-534L20.5,0.07415998335145511,NA,0.940883086793023,0.046547290458250734,0.16069681482367068,3.666160363997205e-06,NA,43,48,48,0.007209946658511084,0.2210812600397742
ENSG00000268707.1,RP11-247A12.7,-0.0735984413233806,NA,0.9413299114209183,0.09411907745067034,0.10991346310997112,0.0003390163711075837,NA,122,134,134,2.339554580823751e-05,0.21351467271636604
ENSG00000273760.1,CH17-360D5.3,0.07333604404453298,NA,0.9415387099086668,0.007614736869779364,0.045816109010254714,0.022525812319124483,NA,55,73,73,0.02008611298561071,0.1008524990436
ENSG00000225978.3,HAR1A,0.07325976785591454,NA,0.9415994062346891,0.003042178917252121,0.04497888191532653,0.024775195561699208,NA,4,4,4,0.40747237733895436,0.07100284111982971
ENSG00000103199.13,ZNF500,0.07217192983199298,NA,0.9424650836523425,0.04512508148685815,0.1574449995707344,1.0191316700551258e-05,NA,17,17,17,0.10592677276152275,0.2928495499350929
ENSG00000122085.16,MTERF4,-0.07127783902704973,NA,0.9431766322556465,0.02437203750863782,0.1633843942001827,3.472464251236258e-06,NA,11,11,11,0.6169090980312204,0.11727977930215668
ENSG00000260257.2,RP5-1085F17.3,-0.07099724606235715,NA,0.9433999472854142,0.004273503639185881,0.050082872060768856,0.018106703177613682,NA,8,8,8,0.46468941066315805,0.027262882260907458
ENSG00000276188.1,RP11-173P15.10,-0.07074223122966643,NA,0.9436029093516228,0.05096731265136427,0.03667626452891448,0.04488108993799306,NA,42,43,43,1.992078794681562e-13,0.4048672945605931
ENSG00000142396.10,ERVK3-1,-0.06925853158612985,NA,0.9447838334392514,0.028640616662288235,0.043287682156737416,0.02937074175453238,NA,17,18,18,0.37191724463138975,0.20913800745308653
ENSG00000223496.2,EXOSC6,-0.06842025039670184,NA,0.9454511021168381,0.06795945939385958,0.3354278597842059,7.855287722092004e-13,NA,7,7,7,0.13950246112966486,0.0772510371194284
ENSG00000136891.13,TEX10,0.06832632738510569,NA,0.9455258668741326,0.004129079887962734,0.09522060810255252,0.0006695552114944161,NA,3,3,3,0.3060662206817062,0.05295508361504305
ENSG00000196689.11,TRPV1,-0.06831715335955041,NA,0.9455331696234717,0.022484352607764976,0.06491078936604694,0.004765385695960101,NA,27,30,30,0.26167926366621297,0.18700339956519327
ENSG00000132274.15,TRIM22,0.06831509382505115,NA,0.9455348090640732,0.04686739118340512,0.06697164112322951,0.00550936732526856,NA,146,166,166,0.0031337080437687987,0.19022713577157446
ENSG00000279968.1,GVQW2,0.0682219955997648,NA,0.9456089178038871,0.009373674012802292,0.03658029715473419,0.04442913714415247,NA,6,6,6,0.4854902809568391,0.09926168227523634
ENSG00000181045.14,SLC26A11,0.0665402218335677,NA,0.9469477362559313,0.004289425805301925,0.04721256494120471,0.018515878807557,NA,17,17,17,0.014232084153970367,0.06985293735857984
ENSG00000198951.11,NAGA,-0.06632716757921646,NA,0.9471173542434328,0.006104401431013664,0.11193728953927487,0.0002554223701770629,NA,7,8,8,0.644872248599832,0.03764710546902743
ENSG00000125445.10,MRPS7,0.06593009748127111,NA,0.9474334783810566,0.0029567663793880275,0.06728135919093492,0.005162169080383384,NA,15,19,19,0.7419562309958458,0.014225261170216353
ENSG00000129562.10,DAD1,-0.06559058367648844,NA,0.9477037861080617,0.00884128505166843,0.1390814388782912,5.203662359586226e-05,NA,9,9,9,0.09763529945109385,0.07021391371821836
ENSG00000255328.1,RP11-326C3.12,0.06538523709840927,NA,0.9478672780147639,0.023879362304800197,0.14389803057177095,2.1703952492688653e-05,NA,4,6,6,0.16257040453913418,0.18861510366350603
ENSG00000255250.1,CTD-2005H7.2,0.06533596215923977,NA,0.9479065098390629,0.013975991805547358,0.08488819417237929,0.001988544634678863,NA,16,17,17,0.2658049350502367,0.09808008268758696
ENSG00000144674.16,GOLGA4,0.06508618649562424,NA,0.9481053786910307,0.02159861696079303,0.1682625181584317,2.671391202200686e-06,NA,23,24,24,0.001844526931490292,0.1390388347410152
ENSG00000161180.10,CCDC116,0.06461421491230913,NA,0.9484811664986982,0.008791083194402763,0.12166187502768687,8.203433931566654e-05,NA,4,4,4,0.790709927495246,0.099761727407346
ENSG00000197417.7,SHPK,-0.06447324007280363,NA,0.9485934140971083,0.17317963708812875,0.2913654094224589,3.921324411013304e-11,NA,56,60,60,4.4837967686848795e-05,0.2235687148328573
ENSG00000179195.15,ZNF664,0.06443299353122711,NA,0.94862545956038,0.00104861907671877,0.037435128235459775,0.03611092610454948,NA,1,1,1,0.94862545956038,0.12927631853980612
ENSG00000078725.12,BRINP1,-0.06405360016474568,NA,0.9489275476353716,0.02070772875989299,0.08688628760371599,0.0014703744358289946,NA,10,10,10,0.18012917097885017,0.21548716315403854
ENSG00000184937.13,WT1,0.06323978086601348,NA,0.9495755676086861,0.01832888066847002,0.07771940675196841,0.002731053860433575,NA,24,25,25,0.0002556592549056459,0.5022809215137951
ENSG00000284526.1,RP11-666A8.13,0.06314886321695655,NA,0.9496479646930398,0.0030790548714190904,0.07753515230608236,0.0030770045825104287,NA,6,6,6,0.6599145529600323,0.038178043116324965
ENSG00000111254.7,AKAP3,0.062328592246840335,NA,0.9503011594161117,0.13737806966825838,0.3146185927521563,5.2978374900448395e-12,NA,22,25,25,0.39816756637415274,0.11250710577647692
ENSG00000227888.4,FAM66A,-0.061488229686653156,NA,0.9509703880191627,0.028870794932588238,0.13442366970351607,5.956004835435154e-05,NA,20,27,27,0.08331264618757539,0.1111608441682035
ENSG00000183891.5,TTC32,0.061234835382662084,NA,0.9511721871528849,0.0285070025888045,0.16195815141357234,5.841463719749226e-06,NA,27,30,30,0.3309004676342633,0.13721475020551802
ENSG00000197978.9,GOLGA6L9,0.061048879994988495,NA,0.9513202810150064,0.023163657750162894,0.05523992963115716,0.008190773047051448,NA,30,32,32,0.008821249241449875,0.2152244373902905
ENSG00000189306.10,RRP7A,0.06032339547476421,NA,0.9518980689791036,0.00036059426638880847,0.20753069294886745,2.076589865590958e-07,NA,6,9,9,0.7836435120399534,0.1093198013225116
ENSG00000213741.9,RPS29,-0.060256876831546125,NA,0.9519510468054097,0.02008781591672493,0.03774200329641588,0.03623142412186955,NA,34,35,35,0.0014016831853141502,0.11577370549069844
ENSG00000178381.11,ZFAND2A,0.06015336089122765,NA,0.9520334910244923,0.06289466753816769,0.2407047652912584,1.8188683895250602e-08,NA,16,16,16,0.6354464541456906,0.09493909776631844
ENSG00000233056.2,ERVH48-1,-0.06007454778267534,NA,0.9520962612684314,0.02048664467304415,0.04385525593495082,0.02558218892375453,NA,29,30,30,0.18776474122148923,0.05724346472164185
ENSG00000138468.15,SENP7,0.05995920785773253,NA,0.9521881236193916,0.013297884068552897,0.10855049601096682,0.00034188656780915577,NA,99,100,100,0.04947175531853266,0.14836205396943206
ENSG00000075461.5,CACNG4,0.059663118988449566,NA,0.952423946165615,0.06047641724633717,0.11448844201070485,0.00022073200763882286,NA,27,29,29,0.005733961035104691,0.2038434067253984
ENSG00000049247.13,UTS2,-0.05935877664039368,NA,0.9526663466081313,0.026110869468483913,0.22523903767252415,4.8350723714716284e-08,NA,10,12,12,0.8758589751932222,0.07536241506384599
ENSG00000163069.12,SGCB,-0.05919526573118001,NA,0.9527965804313204,0.007197888187924472,0.03695333166310757,0.03356214364101072,NA,23,24,24,0.014784085140864144,0.14947250172631296
ENSG00000101440.9,ASIP,-0.05878736870734893,NA,0.953121469371911,0.01213288411125997,0.07479367513016,0.0040168489731021205,NA,13,14,14,0.0027010072151409793,0.11859740767142404
ENSG00000125734.15,GPR108,0.058624483117883666,NA,0.9532512095087654,0.013595353897014446,0.058478907473951236,0.010215692880654114,NA,31,37,37,5.474655764453597e-05,0.07158431820254635
ENSG00000161204.11,ABCF3,0.05847844240756452,NA,0.9533675335703156,0.026143809592319635,0.07397834395708948,0.003318302425719674,NA,33,34,34,0.001317652065361989,0.2991508541466944
ENSG00000160221.16,C21orf33,-0.05807519075130833,NA,0.95368873594371,0.1923256810441955,0.4751472426173908,1.7406024289875157e-18,NA,13,13,13,0.6022748257182864,0.11155066691776
ENSG00000188672.17,RHCE,0.05763482081305485,NA,0.9540395127637448,0.013117930623769647,0.1140356682596805,9.129329775440626e-05,NA,8,8,8,0.22541569569957098,0.049824058808758766
ENSG00000106415.12,GLCCI1,-0.05734419450163842,NA,0.9542710161291561,0.0014638006072312834,0.036775180529994865,0.04093187989655821,NA,1,1,1,0.9542710161291561,0.0699584662400248
ENSG00000162620.15,LRRIQ3,0.0567878114311391,NA,0.9547142233389496,0.057872749795161924,0.24540650573790745,1.699139253859403e-08,NA,20,21,21,0.7909046697760749,0.04362486117597067
ENSG00000106399.11,RPA3,-0.055989142474637175,NA,0.9553504566442653,0.02374510947527988,0.043380594904671235,0.027185223124072774,NA,84,88,88,7.598077862258917e-11,0.219515514901372
ENSG00000166529.14,ZSCAN21,0.0554355097416472,NA,0.9557915066378017,0.06391416135150707,0.16592119221106982,5.160192935664373e-06,NA,30,31,31,0.019126795058156038,0.14303586030908888
ENSG00000182687.3,GALR2,0.05530182752604563,NA,0.9558980062410686,0.01714931912142939,0.0543842521304405,0.009269250268842026,NA,7,7,7,0.6629929041605646,0.1313641393962225
ENSG00000167281.18,RBFOX3,-0.05470991597186526,NA,0.9563695693931814,0.0007758696926954696,0.051917076322742686,0.012425219719165787,NA,6,7,7,0.2879070281685089,0.009051455718722764
ENSG00000167543.15,TP53I13,-0.05470677108141097,NA,0.9563720749004181,0.004120996669247427,0.10471551427716214,0.0005462022658104022,NA,4,4,4,0.9040820527210159,0.03974433753041296
ENSG00000156103.15,MMP16,-0.05406237021946406,NA,0.9568854725951561,0.007444788546633571,0.05614174075734545,0.0116482395993519,NA,11,12,12,0.2724986310382408,0.12526556891841198
ENSG00000037474.14,NSUN2,-0.05405204696513777,NA,0.9568936973345251,0.0230874996485902,0.3415565421409505,6.530604758051216e-12,NA,20,22,22,0.11716757999574877,0.03025952498515052
ENSG00000171943.11,SRGAP2C,-0.05392775684595107,NA,0.956992722072322,9.4907025371165e-08,0.039724665822576284,0.035346061646724554,NA,1,12,12,0.956992722072322,0.00045181635775250136
ENSG00000197140.14,ADAM32,0.053660285790833304,NA,0.9572058245362469,0.04987294164189679,0.22854736393626815,5.124795556347008e-08,NA,28,28,28,0.012425826434250218,0.0694520801156915
ENSG00000109738.10,GLRB,-0.05350143657157898,NA,0.9573323860718925,0.022609347979963522,0.039500591026218064,0.032443462935384804,NA,41,41,41,0.43570460720289494,0.08288924276646317
ENSG00000166321.13,NUDT13,0.053490538337121314,NA,0.957341069171276,0.01893102934752027,0.08594325816879915,0.0017775771426959024,NA,180,182,182,0.2837054029830842,0.03793108486151444
ENSG00000102575.10,ACP5,-0.05324820347585392,NA,0.9575341492452615,0.019511147436799076,0.07738680645521796,0.0027998567286153108,NA,23,24,24,3.7441514153494704e-07,0.08224017633472692
ENSG00000120008.15,WDR11,-0.05300825720572164,NA,0.9577253286663172,0.02126083107629157,0.09389865479516656,0.0008679540487334023,NA,52,53,53,0.43858005657496635,0.04648988329026769
ENSG00000257261.5,RP11-96H19.1,0.05300815463022274,NA,0.9577254103948202,0.014152742061134146,0.17517054009048405,4.3362415423434475e-06,NA,4,4,4,0.5598906089680891,0.1513936579999861
ENSG00000164398.12,ACSL6,-0.05263796493668166,NA,0.9580203672415433,0.006061924270802949,0.033893800901190665,0.0442056492182932,NA,8,8,8,0.770716071764863,0.028054147425260738
ENSG00000196381.10,ZNF781,0.052589519388840045,NA,0.9580589677321584,0.025680952857426456,0.17657973915443487,1.7802547796364109e-06,NA,70,72,72,0.004666730406487388,0.2917162566770117
ENSG00000163682.15,RPL9,0.05247858560233389,NA,0.9581473580324902,0.0837886968345834,0.42317913184197065,9.928426028914538e-16,NA,22,22,22,0.17413976179612378,0.1330265261228511
ENSG00000163009.8,C2orf48,0.05208044583986995,NA,0.9584645937774683,0.0541389678345541,0.10776401347109738,0.00021416105186055585,NA,82,88,88,0.00010781676186772601,0.4922914177781117
ENSG00000183569.17,SERHL2,-0.05187879599363074,NA,0.9586252698656785,0.022636198264175733,0.15416841141421508,1.75398296305511e-05,NA,8,9,9,0.0597035968855998,0.10509228112702758
ENSG00000016402.13,IL20RA,0.05174756899414839,NA,0.9587298334122528,0.016263412616411822,0.0996672577398096,0.0007293793314182938,NA,35,37,37,0.12606221322606487,0.09595423575376884
ENSG00000171885.13,AQP4,0.05169498506205201,NA,0.9587717332394026,0.01773401746883571,0.10589553394552902,0.0003504663180824297,NA,5,5,5,0.11876828987151374,0.4540524565743836
ENSG00000167100.14,SAMD14,0.05110269750063153,NA,0.9592436865086843,0.013415169474328895,0.11370232561738625,7.729428322174187e-05,NA,10,11,11,0.2818062087405738,0.08894067382595472
ENSG00000260274.1,RP11-817O13.8,0.05086651890688845,NA,0.9594318849983345,0.017599083723961954,0.05590889263351734,0.012880692522878929,NA,15,15,15,0.04929265290650717,0.10133948748452573
ENSG00000138750.14,NUP54,-0.05039807936939624,NA,0.9598051668845013,0.05987319549283597,0.3607277758106393,3.9533493344368406e-13,NA,34,34,34,0.8621326906445259,0.02812139017865076
ENSG00000197134.11,ZNF257,0.05010484442312466,NA,0.9600388392977579,0.06045527423215864,0.2290783531997152,3.6272176008173417e-08,NA,24,26,26,0.2702701191299125,0.23885996204181406
ENSG00000013306.15,SLC25A39,0.05008173849023225,NA,0.9600572520484706,0.005905314958699605,0.10284023213426167,0.0004861184148025442,NA,32,34,34,0.03438753989300965,0.03006189345564618
ENSG00000284237.1,RP11-328D5.4,-0.04965215405929072,NA,0.9603995849244373,0.03233742500399675,0.1806568284851415,2.651665717399473e-06,NA,14,14,14,0.11133084765723895,0.08708585918429311
ENSG00000101290.13,CDS2,-0.04921673503933734,NA,0.9607465747953366,0.038936054804168285,0.12309221159388585,0.00011013014836530427,NA,94,102,102,1.0774979779650552e-05,0.211544960901203
ENSG00000073584.18,SMARCE1,-0.04858589583737335,NA,0.9612493101818214,0.002833544723479967,0.07070789450228204,0.004238752662333187,NA,5,5,5,0.8389250715114221,0.0465271050385209
ENSG00000121897.14,LIAS,0.04781432366923755,NA,0.9618642209761242,0.004950199166998623,0.1031852437306466,0.00038237697011374674,NA,37,38,38,0.5600939393739928,0.036193645835284914
ENSG00000158077.4,NLRP14,-0.0472885499632668,NA,0.9622832536802464,0.029800415810202874,0.055035063629901085,0.012064724235034706,NA,23,27,27,0.05911480867881502,0.3463545280165584
ENSG00000196388.8,INCA1,-0.0461448618615736,NA,0.9631947894754959,0.005519533432036322,0.03412442144051187,0.04824901087924889,NA,17,18,18,0.0051742186196671305,0.10058321229020743
ENSG00000149231.11,CCDC82,0.04609796464397451,NA,0.9632321682644148,0.08627206547888301,0.4093436807403688,7.527479768896443e-17,NA,32,33,33,7.561132920712847e-06,0.17291901648364952
ENSG00000152778.8,IFIT5,-0.04603983857123354,NA,0.9632784969716144,0.02799540248524095,0.2713043488147755,6.382349427618556e-10,NA,25,25,25,0.00010620102680951703,0.07462598018694999
ENSG00000214087.8,ARL16,-0.045956324636002535,NA,0.9633450609950033,0.20348624027671347,0.5642387772107296,3.07218359868902e-24,NA,17,18,18,0.36226540660663564,0.14610055517694553
ENSG00000151746.13,BICD1,0.04439114202749388,NA,0.9645926223282166,0.005813952599642727,0.08557188369902574,0.0016225745188522289,NA,7,7,7,0.4994486851015447,0.05975116158800935
ENSG00000146535.13,GNA12,-0.043922284205662056,NA,0.9649663522122601,0.003756283238040707,0.052318951337000215,0.014787102182278515,NA,23,24,24,1.0706934683210826e-05,0.04884763850582177
ENSG00000138741.10,TRPC3,-0.04328975936564349,NA,0.965470554413593,0.01843478910507683,0.058796913143744765,0.008851652584459134,NA,37,37,37,0.08586799239798551,0.15726486606109094
ENSG00000196655.11,TRAPPC4,0.04321905610106666,NA,0.9655269147086452,0.022981965244128173,0.2363107415478777,2.7401570680602916e-08,NA,10,10,10,0.43456340148921746,0.10485570720367476
ENSG00000099290.15,WASHC2A,-0.04319355285617421,NA,0.9655472443695856,0.006577569917466599,0.11030799340364096,0.0003391085987593616,NA,3,3,3,0.9531191493800156,0.11170306487192748
ENSG00000158864.12,NDUFS2,-0.042529371785445594,NA,0.966076697627745,0.01820293023594434,0.06339485928719417,0.006321019579771637,NA,17,18,18,0.04839295657714736,0.15038808502529474
ENSG00000149480.6,MTA2,-0.04242361024660972,NA,0.9661610070346323,0.00246930964816867,0.036701953730987724,0.04303044963388869,NA,23,24,24,0.10687097252777773,0.05853443144078145
ENSG00000159261.10,CLDN14,-0.042255875451352364,NA,0.9662947201335431,0.13534962409198897,0.09145687285137616,0.0012114860543111054,NA,78,83,83,1.6948676526738775e-05,0.6333372632241053
ENSG00000160282.13,FTCD,0.042032034950772894,NA,0.9664731604771785,0.01811220709962505,0.09067688084424473,0.0011196984160347402,NA,27,30,30,9.444940628370347e-10,0.15062057234384074
ENSG00000260517.2,RP11-426C22.5,-0.04165570295794308,NA,0.9667731672049302,0.003455308580882152,0.06770181118638173,0.005176773036131212,NA,15,16,16,0.27703295832807473,0.017295125283628043
ENSG00000182810.6,DDX28,-0.04155513229869222,NA,0.9668533415598084,0.0014062433642678,0.031200330868354723,0.042362825114545546,NA,2,2,2,0.6911360477006339,0.16735812448695025
ENSG00000160209.18,PDXK,-0.04098372790451412,NA,0.9673088682137639,0.005707733339063879,0.03840649689573167,0.02901544101846215,NA,20,20,20,0.7329590176723991,0.025226644351123838
ENSG00000129515.18,SNX6,-0.0405284246332563,NA,0.9676718460724361,0.007607642763517072,0.038739438054260944,0.03754771442091109,NA,23,26,26,0.018259313343651617,0.08078488269881734
ENSG00000254521.6,SIGLEC12,0.03886822983389801,NA,0.9689954463391803,0.046311485428136685,0.13963690932986922,3.121595389998834e-05,NA,18,19,19,0.013987281116518766,0.05357638300901958
ENSG00000223914.1,AC079630.2,-0.03861876356286001,NA,0.9691943422915013,0.010719459461428018,0.10393514852397864,0.00049640526776788,NA,25,25,25,0.05363133859684623,0.07578731188835353
ENSG00000260633.1,RP11-375I20.6,-0.03823467975909148,NA,0.969500570652839,0.03405102413998196,0.16158064649358006,9.05669410478984e-06,NA,22,23,23,0.46533432205732317,0.03424727713302948
ENSG00000126217.20,MCF2L,0.038146325721696954,NA,0.9695710155839247,0.04561559897389439,0.14571088391645184,3.0677200651385574e-05,NA,33,34,34,0.6260513376116574,0.09761607439696343
ENSG00000171444.17,MCC,0.03742589394775842,NA,0.970145426745357,0.013246751835297025,0.10856854580400434,0.000277808225130015,NA,13,14,14,0.39576171736812527,0.044826530782655145
ENSG00000142798.17,HSPG2,-0.03736722513294133,NA,0.9701922049657217,0.004844850067788314,0.07455669920800011,0.0028021226516543162,NA,10,11,11,0.015577612462205235,0.056993822612735986
ENSG00000250673.2,RP11-6L6.2,0.037043570801787204,NA,0.9704502650878541,0.09375071668148054,0.4456878333917592,9.051134641824762e-18,NA,10,10,10,0.06132813948059506,0.11021787499260327
ENSG00000132434.9,LANCL2,0.03693465631805349,NA,0.9705371068442974,0.007892311362324104,0.08533170105551699,0.0014991415712286074,NA,13,13,13,0.33441136340066924,0.0603533718279132
ENSG00000140623.13,SEPT12,-0.036880120966162395,NA,0.9705805901339988,0.07429528453640732,0.15630378303995546,1.056963960107928e-05,NA,34,39,39,1.3292504480177146e-05,0.13168837436835068
ENSG00000237310.1,GS1-124K5.4,0.0362730262664713,NA,0.9710646577022083,0.07995917635352975,0.19978126243483352,1.0010960887234193e-07,NA,28,28,28,0.8199165489764495,0.01919435811402872
ENSG00000278558.4,TMEM191B,-0.03615626410115699,NA,0.9711577593596877,0.006452659482190607,0.037649121980303984,0.03378354782922883,NA,5,6,6,0.9643170335102402,0.05462357796380201
ENSG00000161944.16,ASGR2,0.034776386640998865,NA,0.9722580499701498,0.008517139954199195,0.04344089525897736,0.023133267280517362,NA,2,2,2,0.9736198699047937,0.09716150162662296
ENSG00000172785.18,CBWD1,-0.034705039703053615,NA,0.9723149422478907,0.06508100957800089,0.4456225607789799,3.4883120541365125e-17,NA,41,49,49,0.002303318385556771,0.1217242244465824
ENSG00000174175.16,SELP,-0.03381775475306574,NA,0.973022477797488,0.00827510822377608,0.06435528557024615,0.005169581503431115,NA,5,5,5,0.3633632881756891,0.05823977694163731
ENSG00000259495.2,RP11-210M15.2,0.033483487969979374,NA,0.9732890331400503,0.0026623612234886176,0.048435460454512136,0.016480212406806513,NA,6,6,6,0.5819590418320055,0.06591118740457462
ENSG00000141994.15,DUS3L,-0.033207809743794316,NA,0.9735088702837851,0.004334998990664749,0.17084903644788288,3.2603900545233955e-06,NA,6,7,7,0.9648339652612506,0.05481950574278095
ENSG00000113593.11,PPWD1,0.0330954222771593,NA,0.9735984932455138,0.028709749196849217,0.2014844886830718,3.275376038280385e-07,NA,102,106,106,0.5062128227077853,0.03761398995032167
ENSG00000242616.3,GNG10,-0.03274061073585526,NA,0.97388143855412,0.03642918038754285,0.13451379106383346,6.5637339549290415e-06,NA,29,29,29,0.009829651116771001,0.07288180554442776
ENSG00000198794.11,SCAMP5,-0.03229752332072636,NA,0.9742347842797109,0.026182487329787472,0.09609455256507324,0.0007922147549088513,NA,39,39,39,3.287343769031465e-05,0.3447950736063319
ENSG00000167522.14,ANKRD11,-0.03223528318165957,NA,0.9742844188811928,0.0026787393395531203,0.03871310745745341,0.03623694319599066,NA,9,9,9,1.8844285784293665e-05,0.08189259525290599
ENSG00000145949.9,MYLK4,0.03208448065979974,NA,0.9744046796785718,0.16251664679206615,0.3462332139057478,5.590749812484596e-13,NA,56,60,60,0.0003287912521785558,0.33604463456530603
ENSG00000136448.11,NMT1,0.03118968387732574,NA,0.9751182669866518,0.0057574853604846505,0.10051151620409043,0.000453194280495118,NA,11,11,11,1.8411900242308442e-07,0.04286500139331236
ENSG00000176399.3,DMRTA1,0.03055704648877907,NA,0.9756227980752377,0.031241881110056838,0.24466557228293384,2.0966339096939416e-08,NA,4,4,4,0.10447072599669002,0.1927727044690154
ENSG00000185187.12,SIGIRR,0.030208868680757235,NA,0.9759004755762896,0.020998738713119386,0.1251759392830267,7.709966183340999e-05,NA,14,15,15,0.6499839654409456,0.09871641573769553
ENSG00000136143.14,SUCLA2,0.029791756305417163,NA,0.976233133365471,0.006466780751180764,0.12323223434600995,0.00014852760858794056,NA,55,55,55,0.11916847179167023,0.046666264308089296
ENSG00000227676.3,LINC01068,0.029759669290815235,NA,0.9762587237523783,0.07845360583289328,0.31644163896426003,2.1944266084141246e-11,NA,38,38,38,3.89439632106093e-13,0.06200991979198174
ENSG00000026103.21,FAS,-0.029593497140057608,NA,0.9763912515743005,0.0034989936476158808,0.15621722637946314,1.2325937429505445e-05,NA,4,4,4,0.5187513871940883,0.028630179779069342
ENSG00000112761.20,WISP3,-0.02914639309531559,NA,0.9767478351591612,0.01800049439246194,0.091933146717375,0.0008496995105677541,NA,11,11,11,0.4844450557436716,0.06099912904888044
ENSG00000107371.12,EXOSC3,0.027873275705033364,NA,0.9777632230574937,0.008373382436380177,0.055769696335164654,0.011722044942937774,NA,24,28,28,0.0049177195789411555,0.06878823811786201
ENSG00000124116.18,WFDC3,0.02782114810901063,NA,0.9778047987381332,0.1391558017244887,0.3098180353050872,3.385642900275657e-11,NA,72,76,76,0.0008476378378085578,0.1386240674518966
ENSG00000106809.10,OGN,-0.02757566107020017,NA,0.9780005939341829,0.01103498533624699,0.17354985465870088,4.743339687073551e-06,NA,19,19,19,0.08822243355969303,0.04750545792314383
ENSG00000255983.1,RP11-1038A11.1,-0.027483100184763836,NA,0.9780744188555511,0.04002156053316926,0.1543037741772618,1.1649742755992275e-05,NA,4,4,4,0.8178737862356794,0.1675437732169478
ENSG00000122417.15,ODF2L,-0.026955099480793502,NA,0.9784955464291827,0.011959423669022046,0.15887166386693055,3.91098382070164e-06,NA,25,25,25,0.9003037428480082,0.04102954690240601
ENSG00000162415.6,ZSWIM5,0.02636321857146236,NA,0.9789676312739837,0.005552471094511411,0.06544888942527055,0.006909653298521892,NA,27,28,28,0.2949073288372388,0.051468575077866036
ENSG00000103089.8,FA2H,-0.02556346997302453,NA,0.979605523279986,0.006057636244848284,0.05717027375544902,0.007661695975862934,NA,4,4,4,0.7256393175422224,0.04087999797126601
ENSG00000167984.17,NLRC3,0.025285307317972187,NA,0.9798273932472177,0.003664938874062107,0.042126754419394334,0.025584863041729654,NA,1,1,1,0.9798273932472177,0.12140096401633953
ENSG00000091513.14,TF,-0.02505647110935396,NA,0.9800099202933044,0.08772068994129373,0.2076437017877012,1.9173970875444203e-08,NA,33,34,34,0.1941588294881622,0.13416830414099407
ENSG00000273650.1,CTD-3193K9.11,-0.024950711979648082,NA,0.9800942774966986,0.002476184369211523,0.08747284980770426,0.0012582447099865088,NA,3,5,5,0.7061601804835098,0.2901846258929209
ENSG00000184517.11,ZFP1,0.02490505464721874,NA,0.9801306954605205,0.030905322767760326,0.2305149542525804,4.106664548652794e-08,NA,10,11,11,0.07254094033902099,0.12475033460542415
ENSG00000013573.16,DDX11,0.024839106558676924,NA,0.9801832981491084,0.23869524053004046,0.7411921958435767,2.133881377565536e-42,NA,32,36,36,0.0003388104214086864,0.0667624141003027
ENSG00000198890.7,PRMT6,-0.024719167497529587,NA,0.9802789662992774,0.010763591275158193,0.11786219043743305,0.00018838398937021144,NA,23,24,24,0.1372655152395828,0.04607528250117897
ENSG00000273142.1,RP11-458F8.4,-0.023484450905282245,NA,0.9812638414454987,0.058404861123316644,0.29124469398339753,3.103894174191124e-10,NA,31,34,34,0.0003808720977937398,0.04874176457119709
ENSG00000174788.9,PCP2,-0.02306605007280966,NA,0.981597586594182,0.009738834071971559,0.12307463024262336,0.00010578858864751482,NA,11,11,11,0.417856729126016,0.04201486351769775
ENSG00000144792.9,ZNF660,0.021446984843676898,NA,0.9828890936871169,0.08154137235152692,0.43885781058727,6.065275659121194e-17,NA,15,15,15,0.4585235294732215,0.15521600053443935
ENSG00000182759.3,MAFA,-0.020999246987857656,NA,0.9832462563607994,0.020754052722318672,0.0514432525365014,0.01568167310118639,NA,12,13,13,0.02364683128170082,0.0897710908638177
ENSG00000250387.2,LINC02197,-0.020801636599619654,NA,0.9834038922047,0.010587564898933182,0.09437590713022737,0.0008789048633265246,NA,10,17,17,0.1877318669352065,0.07193004754334123
ENSG00000187688.14,TRPV2,0.019612338291132823,NA,0.9843526211939342,0.01910647942426756,0.04076846961929472,0.03157890024595497,NA,40,42,42,0.0924537714864757,0.22504144661284614
ENSG00000230438.6,SERPINB9P1,-0.018954779830996554,NA,0.984877179388622,0.08744091625909942,0.3681568695702968,2.753208279727637e-13,NA,66,73,73,1.8640522802829227e-05,0.3359897461318918
ENSG00000214870.8,AC004540.5,-0.01876811915951513,NA,0.9850260865667514,0.029443354303009067,0.13477472278046096,5.6739548197915624e-05,NA,13,14,14,0.04290058691788581,0.18477205909213185
ENSG00000100504.16,PYGL,-0.01870068828969145,NA,0.9850798791758586,0.006900176701968399,0.0342277220343134,0.04963424073369892,NA,9,9,9,0.4802023525707756,0.061755732705861224
ENSG00000198547.8,C20orf203,-0.01815493759210215,NA,0.985515251297068,0.0014483760765565152,0.034722693605981916,0.04890672397250853,NA,2,2,2,0.9844671937939136,0.02792809496744281
ENSG00000221947.7,XKR9,0.018120170924234288,NA,0.9855429865221731,0.2055143432533228,0.3251058609274894,8.634208656698882e-14,NA,90,93,93,0.08983602490736835,0.1840611347432146
ENSG00000175518.6,UBQLNL,-0.01778827135457755,NA,0.9858077613842594,0.0074623752301318435,0.0364058495268365,0.04124684656155764,NA,21,21,21,0.37215977858315896,0.13285892585687806
ENSG00000171848.13,RRM2,0.017566731199622154,NA,0.9859844972365261,0.000794086288177359,0.03606317652290707,0.04489550103482308,NA,1,4,4,0.9859844972365261,0.050673793794525086
ENSG00000095002.13,MSH2,-0.017233169472947642,NA,0.9862506007015193,0.03852722828505191,0.09476501885426193,0.0010163897425110773,NA,34,34,34,0.0014091978890933502,0.09623484022475086
ENSG00000164695.4,CHMP4C,-0.01719442624457572,NA,0.9862815087456757,0.0054469046431628535,0.08811628397952298,0.0012694860960458074,NA,13,14,14,7.552372964218519e-05,0.16714134955178234
ENSG00000160336.14,ZNF761,0.01717285854754511,NA,0.9862987147376889,0.041803880805823604,0.10404623662501153,0.0004039574514872594,NA,48,74,74,3.95520757723943e-06,0.14371456229979074
ENSG00000229178.1,AC069513.4,0.01706431337801609,NA,0.9863853085636473,0.051439351788134316,0.10971941814597204,0.0003179342779469521,NA,39,48,48,0.03237243099016946,0.1998754121260756
ENSG00000239704.10,CDRT4,-0.017051153779481902,NA,0.9863958068767054,0.02791215651653426,0.20793325047600228,2.469153685987853e-07,NA,41,43,43,0.0007726035197592561,0.08183218728323458
ENSG00000130270.16,ATP8B3,0.016810666563326797,NA,0.9865876604131563,0.04264328991770924,0.14820732872191014,1.0201774687623588e-05,NA,17,19,19,0.07387303374463251,0.2160780597230804
ENSG00000065615.13,CYB5R4,0.016684361160415922,NA,0.9866884234120632,0.008808634035663957,0.044730634487329377,0.022656713113269916,NA,13,16,16,0.32555344457432567,0.035263677448188806
ENSG00000185100.10,ADSSL1,0.016457780213314063,NA,0.9868691840309698,0.0178039344063623,0.08004484010405373,0.002117731395573101,NA,7,7,7,0.6252618900219613,0.03480174381850147
ENSG00000152944.8,MED21,0.016145314836131398,NA,0.9871184622063472,0.010527549284627284,0.10569430834913993,0.0002754275795312883,NA,24,24,24,0.07863202047650839,0.060150765487462426
ENSG00000203279.3,RP11-498P14.5,-0.015916887704975218,NA,0.9873006972688045,0.0505455211560021,0.15859034436892033,1.1294602769381855e-05,NA,21,21,21,0.024655605012786828,0.1460514763971402
ENSG00000230563.2,RP5-828H9.1,-0.014468358560506255,NA,0.9884563228320145,0.06769619141578068,0.2883733936834233,2.883252395123991e-10,NA,29,31,31,0.006297813850964656,0.21074857380973164
ENSG00000181404.15,WASHC1,-0.014080767985999318,NA,0.9887655438598596,0.0008463202993106811,0.36735377439426936,2.7423380757347884e-13,NA,3,6,6,0.9104569630407312,0.04743127981789429
ENSG00000122644.12,ARL4A,-0.014025572061229131,NA,0.9888095794874997,0.004101281877698671,0.04283281567585948,0.020243434775832892,NA,7,8,8,0.5257708429608214,0.0349484448911618
ENSG00000145020.15,AMT,-0.013827574635250027,NA,0.9889675432572735,0.013651658603246334,0.10756409046075698,0.000370001983164167,NA,109,112,112,0.019345036112932642,0.14862974303619206
ENSG00000011376.9,LARS2,0.013277082846866848,NA,0.989406731816758,0.013008743554842817,0.058680368215993275,0.00603831381975071,NA,24,24,24,0.07861816411987305,0.1144904293619656
ENSG00000118200.14,CAMSAP2,0.013257182395998062,NA,0.9894226086818999,0.006033277190355913,0.07734807655570224,0.00317119625916138,NA,24,25,25,0.009509807930968334,0.13215921007089942
ENSG00000182993.3,C12orf60,0.013153848429227628,NA,0.9895050500699455,0.033776712607486985,0.12810505934306568,8.043597665408436e-05,NA,24,25,25,8.576269869001785e-19,0.1150318317754242
ENSG00000084674.14,APOB,-0.012744691905858906,NA,0.9898314823707978,0.0302154613356813,0.08162370629617914,0.002190043843016001,NA,24,24,24,0.16535160677682503,0.0783730817830774
ENSG00000267127.7,RP11-795F19.5,-0.01268425809193119,NA,0.989879697680524,0.03709629694676984,0.09705900760402957,0.0007607042265112057,NA,13,17,17,0.024061208370092183,0.19969674150876046
ENSG00000141127.14,PRPSAP2,0.012487158861022855,NA,0.9900369476588613,0.010863050309254354,0.18651334687178092,1.6206745645405752e-06,NA,11,13,13,0.6415317253935247,0.07905985533135472
ENSG00000170092.14,SPDYE5,0.012431212697279783,NA,0.990081582774624,0.07211344975480119,0.15525264468819305,1.6321091500561527e-05,NA,24,27,27,0.06773339785940025,0.22602345970784424
ENSG00000278716.1,LA16c-352F7.1,-0.011972273482956328,NA,0.9904477360269399,0.018168672736260504,0.11316886514970355,0.00016709076933419634,NA,11,12,12,0.5116410048163956,0.16711021667685713
ENSG00000163545.8,NUAK2,-0.011382429847802137,NA,0.9909183310635049,0.0008136909013888972,0.04818150993414421,0.02016803872616634,NA,5,5,5,0.947613378614158,0.012252923167675522
ENSG00000176472.10,ZNF575,-0.011202121596098416,NA,0.9910621870613032,0.04466096313971371,0.2289257775577952,7.183803918655016e-08,NA,25,25,25,0.7154082328012028,0.09102363403068657
ENSG00000120868.13,APAF1,0.010302884551035138,NA,0.9917796329164654,0.04679759159221601,0.17983331178983553,2.7557749915932898e-06,NA,15,16,16,0.06916681750120596,0.13915183373419018
ENSG00000170634.12,ACYP2,-0.010035102146304837,NA,0.9919932813154082,0.013410303234694774,0.03998482897376054,0.02827113547671632,NA,13,13,13,0.6859036849160273,0.04324467715737467
ENSG00000156414.18,TDRD9,-0.009244274303562356,NA,0.9926242413087297,0.030383222380065283,0.1130408856530296,0.00017303050104412182,NA,32,35,35,0.034746514295082694,0.05462971352072035
ENSG00000165271.16,NOL6,-0.007824170975296165,NA,0.9937572784719194,0.0056130996462740975,0.15441501692732562,6.92615158382889e-06,NA,17,18,18,0.0034510234173661895,0.05074081362017762
ENSG00000271553.1,RP11-274B21.10,-0.00781832008058266,NA,0.9937619466676948,0.045794172259196325,0.14287200193951272,1.20897032243444e-05,NA,26,29,29,6.652001539697289e-06,0.1141783721601686
ENSG00000140199.11,SLC12A6,-0.007792691662764315,NA,0.9937823945636763,0.004748806241910717,0.14749670586480867,2.6947078257296444e-05,NA,25,26,26,0.3210186908292828,0.03403423776811635
ENSG00000282890.1,RP11-460M2.1,0.0074259567007606,NA,0.9940749982548611,0.05419811682089791,0.12255765631571047,0.00014128556441996598,NA,25,25,25,4.978989215194368e-05,0.2008069400529274
ENSG00000143119.12,CD53,-0.007100586773692452,NA,0.994334599047348,0.010495861374383473,0.05353362274912541,0.013788503133917641,NA,11,12,12,3.709160690860793e-05,0.18848787296109729
ENSG00000189350.12,TOGARAM2,0.006236040436806882,NA,0.9950243918636913,0.12286095644720293,0.20958781202918275,8.78647137301617e-08,NA,51,56,56,0.05888191805561607,0.2277140625041824
ENSG00000159173.18,TNNI1,-0.005948660584991959,NA,0.9952536835544323,0.03273761090218189,0.14145815015740607,1.4291478922933732e-05,NA,8,8,8,0.9886769710594974,0.06158439784806038
ENSG00000120669.15,SOHLH2,-0.005050535501433333,NA,0.995970272831279,0.19633974309268848,0.2421709166453924,2.078782142061203e-08,NA,171,177,177,0.0011714521221567154,0.18522933471158187
ENSG00000231742.5,LINC01273,0.004897358071407558,NA,0.9960924892258055,0.06468983217372393,0.3348732449556396,1.9817119987436435e-12,NA,12,12,12,0.006261723033101153,0.11841481495292552
ENSG00000107938.17,EDRF1,-0.004861495713604492,NA,0.9961211029067782,0.02727003443501755,0.06882566612319681,0.004169805150794022,NA,81,88,88,0.04437469636356665,0.11487857413903572
ENSG00000196912.12,ANKRD36B,-0.004541631186757807,NA,0.9963763150525003,0.057693702548378224,0.3696517035713057,4.852851684548802e-14,NA,67,72,72,0.00014522393436441203,0.204977957627567
ENSG00000112667.12,DNPH1,0.0045323117315781355,NA,0.9963837508253734,0.01703446009134944,0.2540437635339836,2.3736805240334533e-10,NA,5,6,6,0.003059166229955694,0.22038975040385514
ENSG00000241945.7,PWP2,-0.004489128151963226,NA,0.9964182059863014,0.22846653626563462,0.5623858786972091,5.920576930738773e-24,NA,18,19,19,0.0957840231702355,0.2957743972488636
ENSG00000112293.14,GPLD1,0.003982147089644307,NA,0.9968227147156268,0.00467674380808048,0.08625459445896902,0.0013592143434438544,NA,5,5,5,0.9735090739301447,0.07061388306463308
ENSG00000136247.14,ZDHHC4,0.0028837558621725204,NA,0.9976990989095155,0.01243249686228454,0.06129500488022303,0.008024094899780992,NA,12,14,14,0.6446457796106593,0.11922350454403395
ENSG00000018869.16,ZNF582,-0.002385534783974166,NA,0.9980966204318935,0.01765187312386258,0.038938397291947965,0.03437833697921571,NA,36,38,38,0.01049255827200872,0.07959292866444535
ENSG00000106462.10,EZH2,0.002316293083490205,NA,0.9981518671629934,0.001700521068535773,0.044820197169461874,0.01901350499497061,NA,6,7,7,0.07578226388710435,0.08367945159915031
ENSG00000102606.17,ARHGEF7,0.0021921523061780405,NA,0.9982509169208513,0.015847570753248046,0.1482718145269754,2.469634395278309e-05,NA,18,20,20,0.12755185439824768,0.0511184458190542
ENSG00000169085.11,C8orf46,-0.001998794949165064,NA,0.998405193431774,0.013487530669725205,0.07903212939331505,0.0024539916030967,NA,20,20,20,0.24575224938917617,0.01708995398719649
ENSG00000175164.13,ABO,-0.001406007565665459,NA,0.9988781686406003,0.0605943408852333,0.3246332878278726,1.2572497378296773e-11,NA,73,79,79,1.3069386131439809e-05,0.1646831225431905
ENSG00000165502.6,RPL36AL,-0.0013703767357797366,NA,0.9989065979022604,0.05230266592145608,0.2740905965535317,5.562471249397406e-10,NA,26,28,28,0.5986648261635653,0.07129510083681903
ENSG00000203797.9,DDO,0.0012981686949532765,NA,0.9989642115319048,0.020354902466389414,0.12192486060079565,0.00013411123466709475,NA,28,29,29,0.04683236269840159,0.07807984858852053
ENSG00000136573.12,BLK,0.0010943494154768633,NA,0.999126835671551,0.01675019934056317,0.0739965434753798,0.003952516787675146,NA,20,20,20,0.3711689647341406,0.1852394611720184
ENSG00000144791.9,LIMD1,0.0010036161701685862,NA,0.999199230287279,0.06857115205494847,0.2398167668514793,8.336007823045419e-09,NA,19,19,19,0.14043262442191726,0.10665012294581797
ENSG00000135951.14,TSGA10,0.0005616087308266355,NA,0.9995519010880167,0.022602337664123368,0.21018424710586905,3.425049943298325e-07,NA,25,25,25,0.0028949664065795124,0.01529757892443224
ENSG00000261126.7,RBFADN,0.0005207757701734424,NA,0.9995844810721204,0.09620580286652405,0.4576078578321767,1.2914030026268456e-18,NA,38,39,39,0.024061208370092183,0.16204598962111427
