gene,gene_name,zscore,effect_size,pvalue,var_g,pred_perf_r2,pred_perf_pval,pred_perf_qval,n_snps_used,n_snps_in_cov,n_snps_in_model,best_gwas_p,largest_weight
ENSG00000238083.7,LRRC37A2,-9.864944534775073,NA,5.90670851442591e-23,0.07755146379494757,0.5357878562990591,5.453509789191829e-23,NA,16,28,28,2.50668052335975e-26,0.08206856605905677
ENSG00000143603.18,KCNN3,-9.04494264989809,NA,1.497437540878166e-19,0.0057599331644098625,0.0485656949108759,0.021152715544166187,NA,14,16,16,1.5260183384985904e-37,0.029531813798012643
ENSG00000279325.1,RP11-24H2.3,-7.711825471374059,NA,1.2403067500171634e-14,0.01843807527035725,0.1201957788295652,0.00013670815393830726,NA,7,9,9,5.558502569486777e-28,0.03933274504889312
ENSG00000120071.13,KANSL1,-7.4329449807787675,NA,1.0620608562978583e-13,0.035450823213082044,0.1396833542465198,4.159018245005324e-05,NA,49,62,62,3.6384857348468097e-127,0.09382408232364244
ENSG00000161618.9,ALDH16A1,7.311824567558861,NA,2.6353904670209624e-13,0.035851491875038416,0.1910539490792464,7.2631908189462e-07,NA,25,26,26,2.318178651151659e-17,0.1285899703738799
ENSG00000100225.17,FBXO7,6.452763268332778,NA,1.0982885515356732e-10,0.017827653789846635,0.13018199927219598,5.144796159138341e-05,NA,18,18,18,3.3731234799526765e-13,0.038485024996367335
ENSG00000275759.1,RP11-131L12.3,-6.433487139189304,NA,1.2470915133982972e-10,0.08850869297850189,0.18077641293401475,9.202738697635876e-07,NA,67,69,69,2.449972748881034e-31,0.18544932742815248
ENSG00000225190.10,PLEKHM1,-6.329131895492398,NA,2.4654430270825564e-10,0.000634301446679934,0.09559835988585186,0.0005540307611728863,NA,4,10,10,1.1889735570474234e-36,0.022060648367616613
ENSG00000176681.14,LRRC37A,-6.247441770898265,NA,4.1722974768284975e-10,0.2202676864990801,0.4579686762058472,4.57138147162264e-17,NA,15,19,19,1.4580607919133822e-21,0.40662707807988063
ENSG00000205078.5,SYCE1L,5.939020255305364,NA,2.8673044249546634e-09,0.07847162014203453,0.3546871252888649,2.7082958992841848e-12,NA,17,17,17,9.380561037691105e-15,0.19587440393034944
ENSG00000213390.10,ARHGAP19,5.754940871368903,NA,8.66721259826167e-09,0.0041559725573424725,0.045011794439725625,0.02284493300525466,NA,9,9,9,9.04472368237692e-26,0.1200308950278054
ENSG00000185829.17,ARL17A,-5.639022026915941,NA,1.7101866136123174e-08,0.011649721387113569,0.2280539399536305,7.765201219037165e-08,NA,5,14,14,2.4103082674993838e-14,0.12582393932404135
ENSG00000122687.17,MRM2,5.539785856343824,NA,3.0284173611874036e-08,0.014717361462377378,0.18684685421449085,1.621424714629948e-06,NA,6,6,6,9.484893620019952e-10,0.036962424321106746
ENSG00000174600.13,CMKLR1,5.4569337971111205,NA,4.844268643108519e-08,0.01753896686181087,0.17395743345968315,2.7207952240139992e-06,NA,36,39,39,2.967980815104043e-17,0.1406153936561219
ENSG00000170222.11,ADPRM,-5.333721083787705,NA,9.622028370687115e-08,0.02737323217896586,0.08449314313011114,0.0017924009182637105,NA,36,36,36,2.24609662106754e-14,0.1163591299435331
ENSG00000105976.14,MET,-5.310531216252106,NA,1.0930615928591816e-07,0.048917775750416156,0.23134777421123626,1.3331657468472353e-08,NA,12,13,13,1.934459814590112e-13,0.04772580358851225
ENSG00000274419.6,TBC1D3D,5.183875807511121,NA,2.1732167311273055e-07,0.0010564429418182017,0.16170977888943894,7.198833466348946e-06,NA,2,27,27,1.1620973446722276e-07,0.04278529382936831
ENSG00000238078.1,LINC01352,5.176651206363236,NA,2.2590397718887382e-07,0.03924015065578241,0.12514386715665396,0.0001634819452591255,NA,9,10,10,5.26457817562236e-13,0.1409227317021165
ENSG00000105928.13,DFNA5,5.029180936051926,NA,4.925794146699045e-07,0.04824030027265678,0.2581599662623532,5.746572983567773e-09,NA,9,9,9,1.3968441443679499e-08,0.07762893061499401
ENSG00000126790.11,L3HYPDH,-4.941323088370704,NA,7.759420364580067e-07,0.13579712627716795,0.4435318618754048,2.6294105421366606e-16,NA,44,46,46,4.361555978639032e-12,0.1032678874880411
ENSG00000064999.13,ANKS1A,4.924430211757363,NA,8.460651621958809e-07,0.011291753422814913,0.08724277930299973,0.0011838169541671033,NA,14,36,36,1.8664178659075135e-15,0.029727117152810945
ENSG00000174165.7,ZDHHC24,-4.881451635989631,NA,1.0530775204984184e-06,0.06278821209898255,0.22337213957682495,7.650836361502724e-08,NA,41,41,41,2.9830036004238786e-08,0.10072031701622347
ENSG00000089220.4,PEBP1,4.846786803589827,NA,1.2547714252143271e-06,0.007254422467218486,0.07335169713637593,0.003264803820028189,NA,31,37,37,5.625077789135711e-32,0.07435165694681188
ENSG00000090487.10,SPG21,-4.658573985406824,NA,3.1840737044438495e-06,0.014668519956160184,0.07430579883181339,0.0030499146887427745,NA,8,8,8,4.450815441560585e-08,0.03760690784642492
ENSG00000159210.9,SNF8,-4.542146577791652,NA,5.568430047954947e-06,0.010954198755705944,0.049431712866753436,0.01871805683556961,NA,32,33,33,4.453219577758117e-12,0.06684321003517438
ENSG00000267107.6,PCAT19,-4.4441838196902825,NA,8.822614977235775e-06,0.01552721775130012,0.04864798533710686,0.018494844415377704,NA,22,27,27,1.3537566316027096e-10,0.11542387936190784
ENSG00000278376.1,RP11-158I9.8,4.421857332161837,NA,9.785606487944937e-06,0.02494475771954019,0.23202822664905634,5.551612046354086e-08,NA,23,25,25,1.0454372209337106e-10,0.029481607682137718
ENSG00000110900.14,TSPAN11,-4.397812663092745,NA,1.0934729669982775e-05,0.06295590804194348,0.35563024360198675,1.3367110614135468e-12,NA,20,20,20,1.953968867188317e-06,0.1111670361119707
ENSG00000120451.10,SNX19,-4.217590703471183,NA,2.4692650457775997e-05,0.14884069551931117,0.3974849829152049,3.846322767770578e-15,NA,61,64,64,1.8546886574743163e-13,0.28901992135743304
ENSG00000128944.13,KNSTRN,4.215323425852886,NA,2.4942047839453996e-05,0.1740351068450156,0.4792252413154763,3.8926089055449596e-20,NA,28,29,29,2.0310414674382666e-06,0.21175587611071267
ENSG00000164296.6,TIGD6,4.147943881987523,NA,3.3547460041340806e-05,0.05031933112853153,0.12725570360359206,0.00010301816274870057,NA,25,26,26,1.9872692278878222e-11,0.17730834171870838
ENSG00000204033.9,LRIT2,-4.1280001665530355,NA,3.65931849890141e-05,0.01827588632286339,0.05945132542380605,0.009153350349636616,NA,50,52,52,2.65202521098954e-10,0.2138843497311204
ENSG00000203666.12,EFCAB2,4.029550669441086,NA,5.5883569645049637e-05,0.11684503751785921,0.4875828271564802,1.8363550949249663e-19,NA,58,64,64,3.468961428864515e-10,0.13374476866592666
ENSG00000242802.6,AP5Z1,-3.935273787403951,NA,8.310190606728762e-05,0.0031190926092017953,0.09133104881783084,0.0009800877642471076,NA,2,2,2,8.498105269009563e-05,0.15672877664069884
ENSG00000198945.7,L3MBTL3,-3.9240345527518894,NA,8.707823788880767e-05,0.033066169356578086,0.06238769391986455,0.008071887017101138,NA,38,38,38,5.644336464366073e-09,0.18273379004582507
ENSG00000136003.15,ISCU,-3.922133184915079,NA,8.776845168098757e-05,0.0030006892651682766,0.11611454202441082,0.00012859665288294652,NA,30,31,31,1.9238879374731993e-05,0.15978800150348146
ENSG00000138442.9,WDR12,-3.8991455323415947,NA,9.653274363480448e-05,0.003843571293247182,0.04148828605975809,0.03501035699679511,NA,11,12,12,2.291036277009613e-05,0.033935516871473635
ENSG00000177683.13,THAP5,-3.7311300609254334,NA,0.00019062277413861984,0.031134627243847128,0.14186788403706768,5.5853070104360646e-05,NA,18,18,18,7.065036100046443e-06,0.0370783956401554
ENSG00000125144.13,MT1G,-3.6889672644032014,NA,0.00022516618534542464,0.007875275439543989,0.05043823553260772,0.018027142413088424,NA,9,9,9,2.61933903576063e-07,0.06125263763411708
ENSG00000187824.8,TMEM220,3.6880464038720246,NA,0.0002259824442844066,0.07010532800118252,0.23094816935484605,1.3696710328518792e-08,NA,107,113,113,6.320142762240861e-19,0.19589663043113487
ENSG00000270964.1,RP11-502I4.3,3.6575652646345835,NA,0.0002546224377703756,0.12604613960130356,0.11470711115152404,0.00025647959485790485,NA,56,57,57,3.339623969986978e-14,0.22495211943351826
ENSG00000073169.13,SELENOO,3.5838132617533143,NA,0.00033861421459947707,0.00186793283680656,0.08250035017472789,0.0017675324842422542,NA,2,3,3,0.00028767628258504185,0.06697462500852155
ENSG00000225206.8,MIR137HG,3.575445627188322,NA,0.0003496318383211663,0.01605014659239688,0.12545449973371628,0.00010385286694243845,NA,8,9,9,1.1071660756037919e-05,0.17148055254062655
ENSG00000272823.1,RP11-295M18.6,3.552936493695118,NA,0.0003809564210533433,0.05298021661442333,0.21248502633883976,2.0281356240492106e-07,NA,12,12,12,5.26457817562236e-13,0.08473496514972209
ENSG00000164978.17,NUDT2,3.5439391431116873,NA,0.0003941962244696886,0.038503741461947336,0.33012014909587845,4.614494111758302e-12,NA,17,17,17,1.610258265320549e-05,0.2194671888497951
ENSG00000174891.12,RSRC1,3.5359161984893483,NA,0.00040636357781151735,0.023242490354853915,0.04434264331650056,0.02679664110064018,NA,68,68,68,1.7353126780620197e-19,0.28483386153799145
ENSG00000100395.14,L3MBTL2,3.5010976172126287,NA,0.00046334609046948374,0.006820705197315128,0.08741315088343214,0.00157659057836284,NA,21,24,24,7.72278192093922e-05,0.0387648534658966
ENSG00000149548.14,CCDC15,3.4887187203822814,NA,0.00048534157376030075,0.04982452053268135,0.04355408235021353,0.02071675013828712,NA,53,60,60,1.3181727769600038e-10,0.33678126684481163
ENSG00000175003.12,SLC22A1,-3.48678801731441,NA,0.0004888586783798347,0.006173817372891062,0.06096864611372259,0.0075176799262933235,NA,10,10,10,0.00010291148292080877,0.05614194436016052
ENSG00000204909.7,SPINK9,3.4326194557398098,NA,0.0005977804810838855,0.047783488786729236,0.061098579852172825,0.006937503420491094,NA,32,32,32,3.659763299071434e-07,0.2372562610535065
ENSG00000198925.10,ATG9A,-3.3996387995060715,NA,0.0006747492344951201,0.0491045269469841,0.09176406911678132,0.0014629054452681325,NA,117,124,124,1.0569414806276039e-16,0.3944250635505963
ENSG00000134574.11,DDB2,3.30628506741448,NA,0.0009454185055317197,0.02440981937434117,0.1509458769643534,1.750018360886452e-05,NA,17,17,17,1.986534487256528e-05,0.0366956566684954
ENSG00000184922.13,FMNL1,3.2913587537370628,NA,0.0009970467211114103,0.007755072855313192,0.045347299825837184,0.02460579418191549,NA,15,16,16,0.00011356033458744979,0.1551190249596259
ENSG00000058729.10,RIOK2,-3.2685382216480936,NA,0.001081045752864635,0.010549921838277628,0.08626260393935549,0.0019002518326742802,NA,8,9,9,2.0149274554535713e-07,0.10796410681311043
ENSG00000145241.10,CENPC,-3.24538105025918,NA,0.0011729355556710545,0.013935158517693507,0.06079124091504535,0.009040197526002812,NA,27,27,27,0.00012616218835774997,0.058845236706506376
ENSG00000068745.14,IP6K2,3.238807079390828,NA,0.0012003073241415676,0.10178171267299518,0.12784839323141114,0.0001234050230993383,NA,56,57,57,0.0018070639349204378,0.5896054970986756
ENSG00000172613.7,RAD9A,-3.2095300588843947,NA,0.0013295214447941609,0.008894965677232834,0.052838961332836686,0.01565284186701999,NA,16,17,17,4.3010584708562616e-13,0.2803481705092459
ENSG00000177352.9,CCDC71,3.2009207736893206,NA,0.0013698919268452596,0.03449092622858134,0.12284101445963977,0.00012058470589434228,NA,14,14,14,8.950486786404221e-13,0.19375986356587035
ENSG00000125734.15,GPR108,3.1917772683408794,NA,0.0014140032420110818,0.08998580180397298,0.3767910155569757,3.4140798477380295e-14,NA,39,43,43,1.537109043993421e-05,0.11690572810872958
ENSG00000273759.1,RP4-563E14.1,3.175450379084968,NA,0.0014960410567581928,0.008398040884320702,0.04433177843244512,0.027672394820951702,NA,9,11,11,0.0004248797758861033,0.14078512621396702
ENSG00000141294.9,LRRC46,-3.1489619465543024,NA,0.0016385152986564447,0.006038467324887716,0.06400230224871746,0.008415408695373092,NA,22,22,22,1.6380461316935497e-05,0.038200935932345366
ENSG00000228421.2,AC005013.5,3.126215977814432,NA,0.001770714549651209,0.059532224198025153,0.2520415483668249,2.1873454348420514e-09,NA,31,32,32,0.007116710715859566,0.3777950593887201
ENSG00000138600.9,SPPL2A,3.1195704073935477,NA,0.0018111497061325114,0.0076489012094631895,0.041414861329193614,0.03204298681052227,NA,33,33,33,2.3682762590762395e-06,0.033405360491214495
ENSG00000119446.13,RBM18,-3.114973620658953,NA,0.0018396136090482107,0.0057786495215172914,0.06908575326493213,0.002945100107229389,NA,15,18,18,0.0011233220872932125,0.1593421551512702
ENSG00000197958.12,RPL12,3.1149652966472106,NA,0.0018396655231716684,0.05261312637568129,0.32958311083350217,7.521403840287526e-12,NA,66,70,70,1.915188380404773e-05,0.06489559174322622
ENSG00000176208.8,ATAD5,3.1044720602996865,NA,0.0019061893024260826,0.009168313209795087,0.07133122641080343,0.0030754838355189712,NA,13,14,14,0.0005129574837444204,0.031985986643435035
ENSG00000184786.5,TCTE3,3.0971473390879236,NA,0.001953927309871949,0.032192373729706264,0.0428865217777865,0.03083843082885846,NA,33,33,33,8.899195785799832e-06,0.2321434764362283
ENSG00000170615.14,SLC26A5,-3.0964897994643845,NA,0.0019582659944205895,0.09441849355618387,0.08383960506445222,0.0017388285386828908,NA,75,78,78,8.250990292062778e-06,0.19786121737601994
ENSG00000053900.10,ANAPC4,-3.079695200434894,NA,0.0020721253483915953,0.02350014420983893,0.21577990247756546,1.484239956209265e-07,NA,41,41,41,3.766374964615399e-06,0.0255670795132579
ENSG00000095485.16,CWF19L1,-3.078285557566821,NA,0.0020819530995897155,0.09425297816868074,0.1856396585811244,5.551345468803055e-07,NA,35,41,41,3.904056836496486e-08,0.10556371879320048
ENSG00000100024.14,UPB1,3.06848524807696,NA,0.0021514695049854996,0.021170223696555013,0.07694063793249617,0.0034176082049588693,NA,23,28,28,7.052244722938292e-09,0.3131178972553749
ENSG00000164366.3,CCDC127,3.060181207038541,NA,0.0022120311175570424,0.023438347012005766,0.0401710226501405,0.03700434648463462,NA,15,21,21,2.0925182170072226e-12,0.10421253400415738
ENSG00000263603.1,CTD-2349P21.5,-3.04148812243207,NA,0.0023541185300704663,0.031163449555971626,0.11276080378916893,0.000341671050825298,NA,21,21,21,0.00027945090687959024,0.16295983482654028
ENSG00000096080.11,MRPS18A,-3.0275615844844608,NA,0.002465354737985317,0.0013121189976144348,0.048183850857704866,0.021381983498138614,NA,4,6,6,5.389546460533951e-05,0.1472292828449465
ENSG00000135587.8,SMPD2,3.02569862663399,NA,0.002480594160781801,0.039489791535175255,0.12402207341958715,8.75223899020792e-05,NA,23,26,26,8.93639243179327e-08,0.34496171056141683
ENSG00000198633.10,ZNF534,-3.021936446847109,NA,0.002511632742467867,0.04469557216556732,0.29370786927070114,4.3826122073755135e-10,NA,31,35,35,6.283248867665111e-06,0.21944542766604516
ENSG00000272541.1,XXbac-BPGBPG55C20.1,-3.0067815605277923,NA,0.0026402941512038303,0.006657392392875846,0.05968740425322708,0.009285131916809844,NA,7,9,9,1.5085224087751483e-05,0.050037389335677786
ENSG00000144134.18,RABL2A,-2.989276174205132,NA,0.002796392460487203,0.009279456072232026,0.05776100845439831,0.011044444592889346,NA,24,24,24,8.926993756733101e-06,0.1305727342659094
ENSG00000155368.16,DBI,2.9828561497101096,NA,0.002855721796765381,0.003741033291446345,0.09595015524630562,0.0007821159504284353,NA,27,29,29,3.568419779919829e-08,0.05901508485334263
ENSG00000135437.9,RDH5,-2.946499648529928,NA,0.003213927843036632,0.051714374271423745,0.21701061691197607,2.2237564607503213e-07,NA,17,17,17,8.415488915670883e-05,0.256784036080292
ENSG00000272130.1,RP11-360I2.1,-2.9420722487807645,NA,0.003260238530431578,0.008868947697314241,0.18880197202726687,5.434238418939816e-07,NA,20,29,29,0.007042300204669998,0.1458519262431826
ENSG00000114805.16,PLCH1,2.9396366914170393,NA,0.0032859729386284886,0.004043802405368458,0.04596371028027048,0.010255378750811587,NA,3,3,3,0.00025401665007445914,0.10301921601133124
ENSG00000204334.7,ERICH2,2.9355287984981615,NA,0.0033297970136402922,0.01162747038484694,0.1383865000246513,3.924741027282786e-05,NA,14,15,15,2.1624329257720218e-09,0.07193826814412868
ENSG00000196683.10,TOMM7,-2.9332662018729367,NA,0.0033541616879277487,0.02787317974681097,0.09621207704576276,0.0006081301133489375,NA,46,47,47,8.43538591299468e-10,0.14423233861947665
ENSG00000108786.10,HSD17B1,-2.9302091490436983,NA,0.0033873392998632,0.0036748681772680427,0.06653851859475694,0.0060995159187419495,NA,7,8,8,6.551610506196766e-07,0.289177934725112
ENSG00000276644.4,DACH1,-2.915174409780382,NA,0.0035548981804510555,0.023839052167907673,0.07949230160580656,0.002368039805585533,NA,26,28,28,3.029065764443236e-13,0.3693977008293453
ENSG00000261824.6,LINC00662,2.9045973273238657,NA,0.0036772585426116974,0.01051578722174929,0.08463792912132476,0.001638665137138868,NA,14,14,14,0.0006154024470312161,0.0631901758048826
ENSG00000105967.15,TFEC,-2.8876294650451224,NA,0.0038815682965280185,0.008020545098605565,0.0397953922088992,0.03759318874175064,NA,24,28,28,1.0883425564018539e-51,0.11077575445997903
ENSG00000084628.9,NKAIN1,2.881006264701586,NA,0.003964077613523088,0.15694627551018436,0.5772659565802721,5.363947251200766e-26,NA,18,18,18,2.413796421098014e-06,0.06512679624894703
ENSG00000271904.1,CTC-498M16.4,-2.8698316586763988,NA,0.004106903815965683,0.06061084524478199,0.294757556773456,4.988624298201293e-10,NA,52,54,54,7.35504911001441e-22,0.2030211878183246
ENSG00000176909.11,MAMSTR,2.8667106353647043,NA,0.004147620506925263,0.02034556919846066,0.14858067079655302,2.116269379783615e-05,NA,17,22,22,0.0006732762505632747,0.12832210985887615
ENSG00000164307.12,ERAP1,2.863231653138302,NA,0.004193438529514329,0.06391657542308762,0.2811172755345061,1.0582755248140178e-10,NA,13,13,13,2.328315568957507e-12,0.13209548175680585
ENSG00000164048.13,ZNF589,2.8447309376485737,NA,0.0044448951805927,0.07142320700446564,0.2727147681316688,2.2912411418104032e-09,NA,10,10,10,0.0034620896505416342,0.17642641468747752
ENSG00000075643.5,MOCOS,-2.8359613396191032,NA,0.004568797616722676,0.005607006773844035,0.04722620788566465,0.021472698389300847,NA,12,13,13,0.00034414961811169944,0.07393574614135336
ENSG00000239697.10,TNFSF12,2.8196931822837685,NA,0.00480695869105099,0.007835996084365195,0.09550347373874388,0.0010858199940371146,NA,19,20,20,6.119091086897495e-05,0.06830801385648272
ENSG00000188039.13,NWD1,-2.8147807271478533,NA,0.004881052554644149,0.016427795654474334,0.2114566275573124,2.0615534401927756e-07,NA,5,6,6,0.004905724344133405,0.19735664379610396
ENSG00000130227.16,XPO7,-2.8107300461098625,NA,0.004942923905529818,0.004573979864690279,0.05509208716012047,0.013631673458355534,NA,21,22,22,1.9085187801856695e-05,0.06984795140951984
ENSG00000273270.1,RP11-212P7.2,2.8049145757483775,NA,0.0050329916615873,0.014274627382647283,0.18772828762467772,1.08216270168448e-06,NA,32,34,34,0.0033201096012040483,0.00736070893893908
ENSG00000181754.6,AMIGO1,-2.7870669183767784,NA,0.005318749444773715,0.00904082220721664,0.10584200957608547,0.0004623813400163119,NA,20,21,21,1.9960582452573518e-09,0.08616254003079729
ENSG00000177981.10,ASB8,2.7832980518248056,NA,0.005380934922464662,0.0038696482825955336,0.06879804642660581,0.0041390772625539175,NA,3,3,3,0.004176127599097845,0.036425222259506666
ENSG00000066923.17,STAG3,2.782179704739622,NA,0.005399513296608259,0.03689762632939915,0.3163220256618568,6.2301341412624134e-12,NA,11,12,12,0.00010211800887762315,0.06901000502075222
ENSG00000162994.15,CLHC1,2.7413674432370407,NA,0.006118404278413218,0.02078786129555183,0.09754310486727807,0.0003320543506278777,NA,8,8,8,6.58669831971088e-06,0.08712122475623768
ENSG00000260469.2,C15orf59-AS1,-2.735349888218537,NA,0.006231400081135253,0.016278202843767967,0.08588628571722298,0.0010768028620920251,NA,7,7,7,1.655145167262665e-05,0.21896940169650625
ENSG00000204219.9,TCEA3,2.734767779447422,NA,0.006242429792324478,0.06793535536982015,0.2412644439373743,1.9742991272546702e-08,NA,43,45,45,0.00017459971618756577,0.13970136420444038
ENSG00000278611.1,CTC-543D15.8,-2.7309635191762447,NA,0.006314946142864112,0.05896321912624152,0.2752317380331361,1.1796148339304124e-09,NA,39,40,40,2.9294055171544096e-05,0.09520418284157098
ENSG00000283297.1,RP4-816N1.8,-2.721357819452866,NA,0.006501434591609272,0.035422485097000515,0.049100516228995215,0.012921095637605443,NA,24,27,27,3.497867566389778e-14,0.10872476952987112
ENSG00000117305.14,HMGCL,-2.7082672733507662,NA,0.006763552943476897,0.007262867322718105,0.08988574748985251,0.0010884094462194167,NA,32,32,32,2.7952238211461196e-05,0.04498670010712068
ENSG00000204152.10,TIMM23B,2.702918234158165,NA,0.006873365221131252,0.051207680119604464,0.2548939591948521,4.104505901489114e-09,NA,21,22,22,1.0483453204775248e-05,0.11052637293943436
ENSG00000232063.1,RP11-307E17.8,2.6834635884384004,NA,0.007286390909755022,0.06023844017427794,0.12951907397957316,8.20700829673394e-05,NA,60,64,64,4.345000484198464e-09,0.5874736351769521
ENSG00000100413.16,POLR3H,2.6827471976646975,NA,0.0073020164582113765,0.011155260161247516,0.13174011803578234,4.250686274717784e-05,NA,21,21,21,5.539661735244372e-05,0.10045271632024402
ENSG00000112130.16,RNF8,2.6721067197735366,NA,0.0075376672148499985,0.021211154798376007,0.11201130962162137,0.00034236689317516207,NA,20,24,24,0.00037939493598850054,0.08558125349709167
ENSG00000109103.11,UNC119,2.653873523811122,NA,0.007957364623378859,0.004314605799053042,0.07421285833818103,0.003804375708851083,NA,7,7,7,0.0009569414048680675,0.16625035815630684
ENSG00000095383.19,TBC1D2,-2.644483511589317,NA,0.008181569266770565,0.04309062409311429,0.287549883306256,7.711741338970959e-11,NA,46,47,47,1.673923774202718e-06,0.04577908921078671
ENSG00000171811.13,CFAP46,-2.6340524243258456,NA,0.008437245972125588,0.00595141378561149,0.05529399178052775,0.012607016365838476,NA,65,71,71,0.0018623507719711303,0.06927429468633954
ENSG00000170430.9,MGMT,-2.6325365810275287,NA,0.008474989591651336,0.09841740261973358,0.3489588040507868,1.9768137420145245e-12,NA,38,44,44,8.275238678701493e-09,0.22301255339125212
ENSG00000014824.13,SLC30A9,-2.6314162205205007,NA,0.008502982882362687,0.020311181056015953,0.17578837968162847,5.019769507668241e-06,NA,70,72,72,1.0610983604065805e-07,0.08170107973832272
ENSG00000150048.10,CLEC1A,-2.628995908881865,NA,0.008563739117172764,0.024380037788275376,0.13872711823098124,3.5940351308060914e-05,NA,30,32,32,0.00028234339806445656,0.4404997717654848
ENSG00000169609.13,C15orf40,2.6269528569153526,NA,0.008615326907702475,0.11400991084122705,0.3251159858799632,7.055221829328133e-12,NA,23,23,23,6.40299668287347e-16,0.09245879331116162
ENSG00000108559.11,NUP88,2.624621343886329,NA,0.008674537694735137,0.005148738799480959,0.03932565181507501,0.03821575610539544,NA,8,9,9,0.003240229570338661,0.03902894557228171
ENSG00000006047.12,YBX2,2.6146980766717074,NA,0.008930636084273703,0.01578699093766792,0.09629837399632624,0.0006203106802917992,NA,12,15,15,0.007061304244425984,0.0917333972764934
ENSG00000171714.10,ANO5,-2.613417561028728,NA,0.008964170693863818,0.01134208288399457,0.061919952907963385,0.006633813201425683,NA,20,20,20,0.00028471237085936444,0.06474428325766306
ENSG00000164821.4,DEFA4,-2.610021514151472,NA,0.009053652858189503,0.029687540681389873,0.03554770280491304,0.04901136328015476,NA,19,24,24,5.458865712569624e-07,0.13654233392944784
ENSG00000029534.19,ANK1,-2.589579243006595,NA,0.009609330343979039,0.007193816714666668,0.04117794642338046,0.03283123336970085,NA,26,26,26,5.5566048853463656e-05,0.1405922470455444
ENSG00000231437.3,LINC01750,2.5886928918767387,NA,0.009634097272290258,0.037408299945135545,0.250089387417822,9.06678581382233e-09,NA,29,30,30,2.908022913976452e-05,0.2076746413982255
ENSG00000152670.18,DDX4,-2.5845172359925077,NA,0.009751543034185088,0.045814520847575285,0.14117653147557674,4.3752243603988846e-05,NA,33,33,33,0.0014482668215556622,0.1217103016378171
ENSG00000160953.15,MUM1,-2.5614914416372314,NA,0.01042238091338914,0.006821603757912895,0.07407752050611881,0.003737220384673585,NA,10,10,10,4.4843211857573135e-05,0.0851586598673955
ENSG00000272316.1,XXbac-BPGBPG55C20.2,2.5448902070771235,NA,0.010931210250477528,0.006601464251759976,0.2337087937709563,8.21231512229381e-08,NA,4,6,6,1.5085224087751483e-05,0.04678329734280745
ENSG00000065600.12,TMEM206,-2.533072633524781,NA,0.011306752131801745,0.08476313954226034,0.16414103707507716,7.613094215911183e-06,NA,121,127,127,2.3443296490411604e-05,0.4206230498873292
ENSG00000117245.12,KIF17,2.5095427505650734,NA,0.012088758191525984,0.008222218601725137,0.14469117130252301,2.590167274360739e-05,NA,7,7,7,0.0007643723756751846,0.08063857500165578
ENSG00000122870.11,BICC1,2.509293213095903,NA,0.01209730218431542,0.03548517231754354,0.09149705874959917,0.0007626463460398457,NA,69,71,71,2.07474502996876e-06,0.09820971352675067
ENSG00000258289.8,CHURC1,-2.5082010537909287,NA,0.012134759979971854,0.022461477950738613,0.2641581714176881,5.8182410153544585e-09,NA,32,33,33,0.007433491044575714,0.01511299733205455
ENSG00000124357.12,NAGK,-2.5081966776321947,NA,0.0121349102756422,0.007422612953206559,0.04649559754868088,0.02523509000508049,NA,27,29,29,0.0040127410700335165,0.040585160790456584
ENSG00000271780.1,RP11-1017G21.5,2.4863733468636404,NA,0.012905249703933103,0.028884241805348317,0.18227130593122268,3.1256037234141193e-06,NA,12,13,13,1.0442285480919342e-11,0.16315323217652228
ENSG00000115266.11,APC2,-2.4697306745800365,NA,0.01352148100722314,0.013057578142995243,0.1756777781813356,2.528786141364916e-06,NA,8,8,8,0.002393998644350619,0.13779954045620865
ENSG00000123427.16,METTL21B,2.4642398184276524,NA,0.013730420855501725,0.057495455804802226,0.2762769804877136,1.0803302952074456e-09,NA,29,31,31,0.0002277680751358161,0.07786494126573461
ENSG00000164627.17,KIF6,2.444271826246075,NA,0.014514486038217839,0.020173200723705084,0.08969464470620303,0.0009772176981308412,NA,38,39,39,0.010434174564254058,0.08341541732090088
ENSG00000146918.19,NCAPG2,-2.4427866468913146,NA,0.014574350459542555,0.014913892802785147,0.10233218378415827,0.0005838007971018164,NA,19,22,22,0.00021616422439539563,0.09000356082051797
ENSG00000064547.13,LPAR2,-2.438985193203519,NA,0.014728571733849906,0.0236849349474876,0.10082479361932686,0.0006777603617689591,NA,20,21,21,8.608811905010536e-20,0.2225399039751288
ENSG00000105258.8,POLR2I,2.4326927252102584,NA,0.014987013323393457,0.006416494716339635,0.2040814867983488,1.5106358661220597e-07,NA,10,10,10,0.008602025241894644,0.029989273784930787
ENSG00000138757.14,G3BP2,-2.4238702682009814,NA,0.015356090102768047,0.0007142594798185099,0.04729318196538741,0.022825214304453882,NA,15,15,15,0.002524151788115061,0.020057342985728872
ENSG00000092036.18,HAUS4,2.4197955877024313,NA,0.01552923386846633,0.07413732602533982,0.4546056417533392,6.964969161142163e-17,NA,27,28,28,0.001747534643255187,0.04655252605436081
ENSG00000077463.14,SIRT6,-2.41869153643204,NA,0.015576442693862626,0.0050699718183422815,0.08813593836350209,0.00133917533636376,NA,12,13,13,0.005851098490554833,0.05365707478509482
ENSG00000158856.17,DMTN,-2.4084428846722545,NA,0.016020732855075118,0.006923683921229569,0.20413147527886474,2.800532706832352e-07,NA,19,22,22,0.007279079593305554,0.08492675959394771
ENSG00000112062.10,MAPK14,2.4045372176197355,NA,0.016192957272229243,0.04478419191276188,0.04073777318658642,0.033428740577521585,NA,38,43,43,5.409567496932742e-09,0.29802565468843384
ENSG00000181444.12,ZNF467,2.3796980288614646,NA,0.01732683034933516,0.013540159428011815,0.08271681298275523,0.0011575198748494952,NA,5,5,5,0.0191391801429531,0.10133069716904353
ENSG00000138777.19,PPA2,-2.374356197975113,NA,0.017579582397951283,0.0142411516822382,0.18350084402790856,1.9429557084998275e-06,NA,13,13,13,0.0029267613854755893,0.031112240008064663
ENSG00000121577.13,POPDC2,-2.367632141117264,NA,0.017902325813453628,0.0164591867375649,0.047463128214276035,0.020939044834242398,NA,26,26,26,0.035814864142249304,0.2198510428291036
ENSG00000138346.14,DNA2,2.3664759709161185,NA,0.017958339985047304,0.04576831374972637,0.3008477697588729,5.5466286580225826e-11,NA,26,28,28,4.593596295460837e-06,0.1241656376825864
ENSG00000256060.2,TRAPPC2B,-2.3632828839706894,NA,0.018113837020622515,0.006167613487338313,0.0801567789776119,0.0027867994102024497,NA,6,7,7,0.015530489369503877,0.07895078457400166
ENSG00000080166.15,DCT,-2.36179578945763,NA,0.01818665715694229,0.09511017443760827,0.26124709464160856,7.212471378332528e-09,NA,28,31,31,8.819927840147683e-05,0.30058512239649376
ENSG00000128482.15,RNF112,2.3511966237292343,NA,0.018713142422766206,0.0006093816379683548,0.04109456637649754,0.03395311694835106,NA,4,4,4,0.005666452730435888,0.044213929746681535
ENSG00000186897.4,C1QL4,-2.348265785624325,NA,0.018861057099974037,0.014572421836410747,0.1332234659318802,7.161692578683452e-05,NA,2,3,3,0.015431870154371632,0.2983691302315409
ENSG00000175894.14,TSPEAR,2.3453661000576194,NA,0.019008404825995424,0.03458105212620759,0.06729193741384118,0.0046928493677418645,NA,21,24,24,1.5249787477319532e-06,0.3637993924930201
ENSG00000099917.17,MED15,2.3318734272643757,NA,0.01970735077217956,0.07467548961027504,0.104615564422634,0.00041297036230534103,NA,82,86,86,1.8319649371950122e-10,0.3880890059508191
ENSG00000136982.5,DSCC1,2.317053610571869,NA,0.020500811577913988,0.12654225687956916,0.1212853727843877,6.192301479081275e-05,NA,79,80,80,0.0012265620491808446,0.500581505071195
ENSG00000239467.5,AC007405.6,2.303054987654692,NA,0.02127574945036299,0.030942622314159077,0.06368183195081925,0.008507911050759863,NA,56,58,58,1.420327766268727e-07,0.08354271775272884
ENSG00000107719.8,PALD1,2.300871214736387,NA,0.021398911602629796,0.0022364361739064,0.035715378987180024,0.033654835890931115,NA,6,6,6,0.010213555442369009,0.03091029282829175
ENSG00000228696.8,ARL17B,2.2929850728446515,NA,0.02184886435641134,0.10497260488404686,0.19612885658153775,7.217521350448348e-07,NA,38,52,52,1.9788870438453324e-11,0.4771503160708016
ENSG00000116141.15,MARK1,2.2879568378254347,NA,0.022140034805884206,0.005678357330116165,0.057818916233783525,0.011193742290209906,NA,22,22,22,1.4156517004830183e-07,0.13075387398487726
ENSG00000277863.1,RP11-282A11.4,2.2839469992885277,NA,0.02237464599879047,0.025868303273197432,0.18923269236154092,5.921923676584015e-07,NA,14,18,18,0.0022415613078812214,0.21188268103445407
ENSG00000104332.11,SFRP1,-2.2649532588081494,NA,0.02351554797458077,0.007190294277443082,0.0669801335634891,0.005486532902927818,NA,17,17,17,0.007830063486956142,0.029416495148773314
ENSG00000163584.17,RPL22L1,-2.2630038463316744,NA,0.023635452184028728,0.007579499048340087,0.03638980789710362,0.04493005806858354,NA,38,40,40,0.01331146737074057,0.12615116759680928
ENSG00000175782.9,SLC35E3,2.260877740264,NA,0.023766828887402218,0.03385760056071153,0.05305385810622357,0.016305306078888315,NA,73,74,74,4.8630505501161904e-08,0.253959519219122
ENSG00000157315.4,TMED6,2.2573143243631915,NA,0.023988440922483645,0.014793221590865685,0.06927352442463394,0.005523602937424865,NA,5,5,5,5.879922519470812e-05,0.10992617334367608
ENSG00000071967.11,CYBRD1,2.252901880775748,NA,0.02426533626251561,0.017627408075799086,0.19647380152243976,1.057351097467962e-06,NA,29,30,30,2.1624329257720218e-09,0.07450211216686034
ENSG00000174177.12,CTU2,2.239919624479962,NA,0.025096141363108393,0.007412822841929818,0.044529033208367035,0.0281324571840078,NA,16,17,17,5.837531624413615e-17,0.08594662984657836
ENSG00000275395.4,FCGBP,2.2393100682290683,NA,0.025135748234152037,0.0051281295924350484,0.054643617558077326,0.012251140894902493,NA,48,49,49,0.0011294687187488341,0.0946127974455124
ENSG00000149292.16,TTC12,-2.229597366866658,NA,0.02577418482465356,0.12137503498738313,0.4641829027143039,1.6453084623959908e-17,NA,26,27,27,1.852627186075948e-12,0.2517343038355362
ENSG00000131126.18,TEX101,-2.2224870236706114,NA,0.026250410020466897,0.006831363967490647,0.04312891056356361,0.02126884154164381,NA,2,3,3,0.02841875301521114,0.11793184209908485
ENSG00000249743.5,RP11-60A8.1,2.219971578275767,NA,0.026420696985402524,0.05776945209716859,0.06580838231056264,0.006827981103341969,NA,52,60,60,0.002009596140311616,0.2236975921169297
ENSG00000149656.8,LINC00266-1,-2.2159496408980335,NA,0.026694951252018158,0.0602328754696754,0.040553386707379575,0.03536823853596344,NA,43,47,47,1.3043575097612277e-11,0.3205116448169582
ENSG00000115457.9,IGFBP2,2.207652574654357,NA,0.027268501189508798,0.06586172636982028,0.15666467607615078,1.0946517904789751e-05,NA,44,46,46,4.3953780262630525e-05,0.22971413922334946
ENSG00000228058.1,LINC01736,-2.2034602674231074,NA,0.027562324448703258,0.008818838808812289,0.057464742891156675,0.01144354989087147,NA,58,61,61,3.665990637372641e-11,0.09201708467724837
ENSG00000165632.7,TAF3,-2.1915187170525186,NA,0.0284142767906861,0.003793394402337796,0.06652549989935351,0.006230917398022049,NA,22,22,22,3.760894073430597e-05,0.0645956232173649
ENSG00000037042.8,TUBG2,-2.187492405140992,NA,0.02870659705197848,0.0186250678409917,0.1658409428530839,5.920259693133932e-06,NA,32,33,33,1.208381161747291e-07,0.10269761131761787
ENSG00000173540.12,GMPPB,2.186960249331079,NA,0.02874542597901254,0.09787601174204408,0.28404840901817235,1.0899190139567254e-09,NA,39,39,39,8.950486786404221e-13,0.20532200471491655
ENSG00000100360.14,IFT27,2.1850853331661217,NA,0.028882590433586798,0.05546953992808133,0.14078041189558224,2.929344730913985e-05,NA,88,95,95,3.698532139853838e-05,0.17038841535635646
ENSG00000271830.1,RP11-1C8.7,-2.183408632399032,NA,0.029005730808073366,0.008618727366783792,0.08774031104349164,0.0013758936211120535,NA,36,36,36,0.00048221316929787406,0.03534671543593276
ENSG00000141076.17,UTP4,2.1799517505006714,NA,0.02926103827380686,0.10943123391827211,0.1842576867945698,1.5657761854729112e-06,NA,63,66,66,8.997001657096834e-06,0.6654619309586172
ENSG00000133661.15,SFTPD,2.173776405630877,NA,0.029721931309843914,0.09316794227633443,0.3787659590898689,6.702674985522283e-14,NA,52,56,56,0.0002643004250000777,0.12183560782453336
ENSG00000132330.16,SCLY,-2.173564261792747,NA,0.02973787481938139,0.013126619266554437,0.12444696762379688,0.00010398360101857884,NA,4,4,4,0.012247562328130509,0.08363280480727911
ENSG00000145476.15,CYP4V2,2.1708457473010245,NA,0.029942834518233378,0.02521176492518431,0.10448536817579653,0.0005437214861761167,NA,25,29,29,7.425902468877931e-07,0.3995681057227071
ENSG00000275409.1,RP11-131L12.4,-2.1701546904273417,NA,0.02999512922975778,0.013992061919723122,0.06572259362597282,0.00534093893224594,NA,20,22,22,2.449972748881034e-31,0.08555159766294168
ENSG00000176209.11,SMIM19,2.1687615471902806,NA,0.030100791985992057,0.032609336385688484,0.2753109052280337,1.7705139364708102e-09,NA,25,26,26,3.188215248604166e-08,0.038190582288835664
ENSG00000108592.16,FTSJ3,2.161992097127161,NA,0.03061878534980157,0.11143548463031676,0.32334612547913644,3.4641131148844155e-11,NA,77,84,84,0.0019753058878696707,0.4081247836567202
ENSG00000169689.14,CENPX,-2.1577758553372006,NA,0.03094526297131215,0.02161633661166453,0.27278760538212005,2.2064513491536995e-09,NA,7,7,7,0.013951556978506864,0.09051580658175784
ENSG00000183060.15,LYSMD4,2.1538059441419257,NA,0.03125539336855781,0.026990210964429197,0.21862728904343487,6.268564794037874e-08,NA,4,4,4,0.00025484761173762756,0.0977046999180222
ENSG00000140623.13,SEPT12,2.14843185722225,NA,0.031679464291805105,0.15622269936728822,0.4780952861558776,8.550703117158809e-19,NA,17,18,18,1.1144411219627396e-05,0.1184642148659748
ENSG00000198860.11,TSEN15,2.1454805431865194,NA,0.031914445437657715,0.007579036397429323,0.12920575380823435,9.962116968955078e-05,NA,8,9,9,0.015621309704556368,0.05974955820048574
ENSG00000214435.7,AS3MT,-2.1417171642275052,NA,0.032216248664480605,0.06021042538199451,0.1836567350763054,8.514288758060096e-07,NA,36,38,38,5.473653403205262e-07,0.1790113319883914
ENSG00000007255.10,TRAPPC6A,-2.138862591484675,NA,0.032446798476006164,0.00883156164491505,0.077106491243109,0.002991281309219464,NA,18,19,19,4.941852437683337e-05,0.058502197234012315
ENSG00000258711.2,RP11-218E20.3,-2.1377948557799145,NA,0.03253339671438729,0.03731142146932302,0.09524520568135958,0.000838682188825415,NA,20,20,20,0.00018474823568397382,0.11690643756195555
ENSG00000137496.17,IL18BP,2.135333906994053,NA,0.03273374516605448,0.005343238323403355,0.09404112476954064,0.0006093225211552893,NA,19,22,22,0.013708176701034035,0.06646713454621347
ENSG00000137731.13,FXYD2,-2.1298605181924914,NA,0.03318313056498002,0.040415457372034114,0.0364004064463366,0.034922581643074505,NA,39,42,42,9.297181367774628e-05,0.26721442235371695
ENSG00000274512.5,TBC1D3L,2.129153251647949,NA,0.03324158318648255,3.377219924871985e-05,0.35238877098429244,2.633716866672124e-12,NA,1,59,59,0.03324158318648255,0.015129274110620738
ENSG00000157379.13,DHRS1,-2.1198959095979215,NA,0.03401482443792355,0.09419423083093503,0.2409764591944836,2.5061721505620148e-08,NA,27,28,28,9.203207773416072e-05,0.1768136867997756
ENSG00000182256.12,GABRG3,2.1115580830788585,NA,0.03472437106136091,0.011534042632571493,0.10925993207179728,0.0004131578171725921,NA,18,26,26,0.0061317708702460115,0.07788493788620701
ENSG00000167645.16,YIF1B,2.0954653046597898,NA,0.03612964956314303,0.005263652303598553,0.04409043976566975,0.02546360116447271,NA,11,12,12,0.004666730406487388,0.05158475843025676
ENSG00000143815.14,LBR,-2.0876064537373584,NA,0.03683334936399424,0.002142693648087941,0.08181567868052941,0.0014161534685516346,NA,12,12,12,0.015928212036549535,0.025672673331818455
ENSG00000173272.15,MZT2A,2.0833072623728093,NA,0.037223225193460156,0.006056173538769968,0.12403830072269785,7.423759774661325e-05,NA,6,6,6,0.03404588548799765,0.09859844327140073
ENSG00000100023.18,PPIL2,2.08138598393124,NA,0.03739859054652159,0.007077732810182945,0.044688611927592894,0.02675162700661709,NA,12,14,14,0.0035568315159480203,0.11440475486965525
ENSG00000132600.16,PRMT7,2.077004024916262,NA,0.037801187739066516,0.0386450910815103,0.16183999898278115,1.3112644366856533e-05,NA,41,42,42,5.879922519470812e-05,0.08192335749415906
ENSG00000122218.14,COPA,-2.0758680533883274,NA,0.037906156107168215,0.009931232218718887,0.17483169885764696,4.311761594116573e-06,NA,16,16,16,0.01895031868446116,0.017677750566036755
ENSG00000261159.1,RP11-723O4.9,2.0699745752459027,NA,0.03845472542566438,0.09478063559800458,0.2720580308783791,2.108860586066448e-09,NA,35,35,35,4.280769670729795e-05,0.11739517211406952
ENSG00000167555.13,ZNF528,2.067985386294516,NA,0.03864139729765766,0.04333678727135509,0.2565023865685136,1.3000529616773199e-09,NA,8,9,9,0.01600945226378278,0.09952658872528364
ENSG00000130770.17,ATPIF1,-2.0669999417939575,NA,0.038734159442155296,0.004655223382364314,0.08005636322031615,0.003069912835545766,NA,32,33,33,9.984619305370145e-09,0.05769819715135676
ENSG00000162989.4,KCNJ3,-2.065153292857472,NA,0.038908498272638876,0.007763175689056502,0.13900073484495165,4.0423556136266354e-05,NA,13,13,13,3.480762145447051e-21,0.0686571230409277
ENSG00000164610.8,RP9,2.0635418812795163,NA,0.03906117294764779,0.057095527363123746,0.08411440375583343,0.001354163311923124,NA,61,64,64,3.878028358697503e-26,0.21575756009337302
ENSG00000101190.12,TCFL5,-2.0633600172403903,NA,0.03907843573409105,0.010606133972848548,0.16324455354826475,8.472702195003173e-06,NA,13,14,14,0.00039837716146293005,0.0449370849071976
ENSG00000267289.1,CTD-2623N2.11,2.0617836425662417,NA,0.03922833907419972,0.07126455701724865,0.19911171493900706,9.205396958970072e-07,NA,27,27,27,0.00021425419109147293,0.18192912252772228
ENSG00000080573.6,COL5A3,-2.060477463605642,NA,0.03935291814608374,0.0938905467325767,0.15355713988313632,1.2747126593007155e-05,NA,71,74,74,1.3828171215453392e-09,0.10642020303312973
ENSG00000185250.15,PPIL6,2.0601649008567686,NA,0.03938277911436644,0.024099896510244922,0.1526415336727583,2.1596937167776418e-05,NA,37,37,37,0.00039850029837425476,0.17773463324003785
ENSG00000144485.10,HES6,2.059384319903543,NA,0.039457436649707814,0.01869005518069854,0.1987637659269044,2.877546429543643e-07,NA,14,14,14,0.011290540367559188,0.05140439723304111
ENSG00000166436.15,TRIM66,2.0539557325507474,NA,0.03997997638951392,0.03553557975510901,0.2623192638144785,4.023825973560878e-09,NA,37,37,37,3.318025617761154e-05,0.07764227756077123
ENSG00000122912.14,SLC25A16,-2.0515372117284203,NA,0.040214659653686896,0.030954897667754073,0.07602656170016171,0.003260153677634001,NA,28,30,30,0.01420802324418586,0.10688454832867572
ENSG00000169026.12,MFSD7,-2.049493119900525,NA,0.0404139199234714,0.011425622813273601,0.04715457572286324,0.022841143396187282,NA,17,19,19,0.0007413556886461785,0.055869283931202884
ENSG00000234719.8,NPIPB2,2.0485241060835073,NA,0.04050867254346921,0.25767097952520035,0.5178322175216031,1.4219129859803447e-20,NA,17,17,17,0.004238631920429471,0.3478257938143219
ENSG00000138107.12,ACTR1A,-2.047070029128443,NA,0.04065120918451345,0.0032208885679314582,0.068328077365716,0.005336578826133484,NA,51,51,51,0.0330670088432756,0.021225699081924957
ENSG00000177565.16,TBL1XR1,2.0348571999234775,NA,0.04186524361749947,0.03090169039800026,0.07371609145612795,0.004524011902917783,NA,45,48,48,2.746835892220553e-07,0.1283934309489632
ENSG00000183346.6,C10orf107,-2.0303661702394047,NA,0.042319332715831985,0.09245129895664636,0.1335169727888588,4.114882100107185e-05,NA,113,118,118,9.236455094672853e-07,0.2224308935117154
ENSG00000170954.11,ZNF415,-2.0281739269370913,NA,0.04254249995552226,0.02391005119891018,0.10631337209533152,0.00020377027592435377,NA,31,37,37,2.6921753225979466e-10,0.17483842931690546
ENSG00000175497.16,DPP10,2.0271955796874286,NA,0.042642415043999786,0.013685794168248801,0.12791691076011288,0.00010671050410274494,NA,16,18,18,1.0089626674906655e-13,0.1638491706472925
ENSG00000104147.8,OIP5,-2.026790799020592,NA,0.04268381183355197,0.025930266438874104,0.04012681001474978,0.037096150186456185,NA,16,18,18,2.0643125311123798e-05,0.12002724927591794
ENSG00000166796.11,LDHC,-2.0234102443967235,NA,0.04303086886680013,0.19094666992489942,0.4371516019860797,9.58707256513585e-17,NA,12,12,12,0.012550072401886086,0.30668335412084996
ENSG00000053372.4,MRTO4,2.012043335306534,NA,0.04421536905697135,0.0059976546604576806,0.09117463660644133,0.0012215476794546726,NA,27,28,28,5.3552039576081404e-05,0.05177414713250291
ENSG00000140941.12,MAP1LC3B,2.0114917833011434,NA,0.044273537352850875,0.003865003724283536,0.10136644861813142,0.0007727197406841119,NA,12,13,13,0.004876821531639941,0.03663721325733835
ENSG00000010282.14,HHATL,2.008903721209308,NA,0.044547345218998946,0.07244810781929728,0.08528411296694036,0.0017400055998319337,NA,51,55,55,9.563004439999415e-07,0.5886993219002362
ENSG00000237651.6,C2orf74,2.008713039536354,NA,0.04456757505412843,0.08271421151766292,0.4215222704429271,1.5830295407772456e-16,NA,44,44,44,3.510662481326562e-05,0.1112184092704398
ENSG00000271148.1,RP11-401N18.1,-2.008179461946475,NA,0.04462422465874419,0.019666194137242236,0.04144385175312936,0.032035111520290524,NA,29,31,31,5.8139865660671326e-05,0.24903767876126226
ENSG00000108578.14,BLMH,-2.0017680196032424,NA,0.04530968696367393,0.013089077122039234,0.0594318593124995,0.010676920302568893,NA,38,44,44,0.00020753498780909951,0.15612624229066666
ENSG00000203722.7,RAET1G,2.001577237372877,NA,0.045330219168457406,0.07729919843568907,0.2599787630819121,8.057893797505062e-10,NA,33,34,34,0.014926100760763807,0.03703740490527248
ENSG00000274828.1,RP11-567M16.6,-1.9914504670219093,NA,0.04643138566885541,0.049797256077855095,0.21306337167974032,6.682331178395409e-08,NA,26,27,27,0.012083252414291378,0.048424108578490964
ENSG00000197714.8,ZNF460,-1.9900209891819616,NA,0.04658862342650175,0.004021526226638391,0.03638609865644266,0.04640008318001039,NA,9,9,9,0.01862885970161499,0.0472542505493516
ENSG00000101104.12,PABPC1L,1.9796223007130567,NA,0.04774598522074566,0.04577039774904711,0.2591092958514269,8.560590406633146e-09,NA,30,36,36,2.462873661252275e-09,0.32489532837008817
ENSG00000136856.17,SLC2A8,-1.9795017691060999,NA,0.047759540658010954,0.035889148943694396,0.10426324230329076,0.00044537576635697844,NA,32,35,35,0.0017001772183116409,0.14784583718899189
ENSG00000272463.1,RP11-532F6.3,-1.9741911116663877,NA,0.04836001628827515,0.07671269950819119,0.23472055590478005,3.3151457529164286e-08,NA,11,15,15,2.4881507482410652e-05,0.14644798324894132
ENSG00000198198.15,SZT2,-1.972589008952308,NA,0.048542406248509966,0.0018087320793085193,0.038351238973031325,0.038290181222787566,NA,26,27,27,0.006631272695224161,0.06468927635062106
ENSG00000105607.12,GCDH,-1.9673410784792031,NA,0.04914390225651251,0.018522295433031043,0.2796907827937133,1.6046450455505226e-09,NA,16,20,20,0.0031699641972647774,0.11060136899350527
ENSG00000164309.14,CMYA5,-1.9644249400456466,NA,0.04948083294098167,0.024861970606928782,0.16418822001028313,9.144141156294726e-06,NA,28,31,31,5.6538985829569785e-05,0.19289888404860855
ENSG00000105143.12,SLC1A6,1.9613427020328649,NA,0.049839059118910456,0.012470336808518716,0.19018125471795574,4.905926811077186e-07,NA,7,7,7,0.00017082621960900894,0.1094180875245276
ENSG00000185917.13,SETD4,1.9612235574586465,NA,0.0498529499717807,0.02201345445559026,0.06548486999632679,0.006600732202647611,NA,15,15,15,9.268654384788621e-07,0.06294909668519794
ENSG00000184787.18,UBE2G2,-1.9605268727766911,NA,0.04993424020002099,0.016775702909971088,0.08043813957780234,0.002151464709227709,NA,11,15,15,0.04844521762784382,0.1160804649964813
ENSG00000001626.14,CFTR,1.959131658539872,NA,0.050097370090856505,0.0022354901743247,0.04302091880808925,0.028999187458616238,NA,4,4,4,0.016325892393760668,0.06256867700651737
ENSG00000178057.14,NDUFAF3,-1.9569075221313752,NA,0.05035834202294026,0.007244717874259626,0.07934287993117534,0.0030970589258107807,NA,11,11,11,0.03192257047659629,0.14651769924329575
ENSG00000168439.16,STIP1,1.9541616125790757,NA,0.050682107513883426,0.021156084712455007,0.19324532045998785,3.4464657928188355e-07,NA,50,50,50,1.8022481907364036e-06,0.18260427177275287
ENSG00000114790.12,ARHGEF26,-1.9533322127775403,NA,0.05078024285298841,0.00541935195885238,0.05372712432534548,0.014031152599784423,NA,36,36,36,3.416313099889527e-08,0.07956369496434906
ENSG00000251410.1,AC007106.1,-1.9531145641233605,NA,0.05080602158818482,0.03881777083854023,0.04923392844404157,0.01888808524429576,NA,57,59,59,2.6723160042048323e-06,0.3041240135888643
ENSG00000133706.17,LARS,1.951343727217958,NA,0.05101617067957093,0.017152021353565278,0.1558763109605346,1.5291857430966285e-05,NA,79,79,79,0.05249058169089405,0.026152675165664663
ENSG00000018869.16,ZNF582,-1.9487818313898102,NA,0.051321484392042795,0.015146634678662986,0.03736368719777435,0.043118903370610966,NA,16,16,16,0.026914905497010803,0.24164085483109235
ENSG00000148484.17,RSU1,1.9475059233129999,NA,0.051474110314250296,0.006528876277368669,0.059217282360163874,0.010971806319922207,NA,10,11,11,0.00556244567556338,0.05595802944753465
ENSG00000144045.13,DQX1,1.9467269007156918,NA,0.051567484750926526,0.0015377887127262005,0.04890762978981654,0.019304536606769018,NA,2,3,3,0.05280695043938578,0.10938452246050737
ENSG00000100304.12,TTLL12,-1.9421123759257586,NA,0.05212349760926871,0.00847562971700802,0.08758507483096344,0.0016938944453435685,NA,19,20,20,7.692369915730801e-08,0.060425344264896735
ENSG00000272892.1,RP11-57G10.8,1.939401627589036,NA,0.05245245250266456,0.009852868074897849,0.044038875269340125,0.029804528373505012,NA,6,7,7,1.071096058024453e-05,0.1047149071930152
ENSG00000116922.14,C1orf109,1.9261375245308379,NA,0.05408720424281383,0.021849372984575045,0.19534138571390172,6.628902662519654e-07,NA,17,17,17,1.2253350597847203e-05,0.3192839285968965
ENSG00000136932.13,TRMO,1.9251007928326458,NA,0.05421674980391017,0.025767776959178715,0.17224418955157078,3.698247975210552e-06,NA,3,3,3,0.04523599801151487,0.07305662420681726
ENSG00000186446.11,ZNF501,-1.9166709706917178,NA,0.055279745445923276,0.01464232638032055,0.09604783575326033,0.0009398437780456233,NA,10,11,11,3.2577534808991374e-05,0.10659634748140737
ENSG00000123297.17,TSFM,-1.9116357248978364,NA,0.05592293376893173,0.012358911310688114,0.062129271880104676,0.007393216574167422,NA,43,47,47,7.177287186997479e-16,0.08978968100973292
ENSG00000182534.13,MXRA7,1.9099344034014503,NA,0.056141659760258304,0.19093836660134067,0.4648465495042493,2.5789878535166197e-19,NA,47,51,51,7.320327620197807e-05,0.1740347375319499
ENSG00000198677.10,TTC37,-1.9065502556803846,NA,0.05657885194753317,0.03689512570375235,0.2380363363228536,3.033076358286649e-08,NA,46,48,48,0.010306326037355424,0.08976923197100595
ENSG00000117450.13,PRDX1,-1.9057884446850375,NA,0.056677658744990936,0.017313136040570762,0.09536121462291902,0.0009240627110472972,NA,32,32,32,2.865897260727677e-06,0.1908824130428324
ENSG00000137070.17,IL11RA,1.9025083883843656,NA,0.05710472326153268,0.014309179421158804,0.06080370447300771,0.008328139210378527,NA,12,12,12,0.049222858716023374,0.28064088181076113
ENSG00000143224.17,PPOX,1.9003731771977987,NA,0.05738416433896231,0.08325959863238416,0.06602579235392136,0.005791825556116851,NA,127,140,140,1.6830507333664198e-05,0.3524915024572923
ENSG00000100523.14,DDHD1,-1.8990493229842835,NA,0.0575579912501473,0.008931933217962974,0.1133649375820701,0.0003172661905331165,NA,17,17,17,0.002085820130516736,0.08197014514981489
ENSG00000135972.8,MRPS9,1.8913545186032457,NA,0.05857703554944317,0.015407723569058918,0.1012331705227462,0.00019306314743116105,NA,43,44,44,0.004581627623298731,0.0076213124440437565
ENSG00000071082.10,RPL31,1.888724134273045,NA,0.05892880300118552,0.01228129901598354,0.036262075161285566,0.048821314935806326,NA,105,108,108,0.0022198843262234806,0.06042963246434261
ENSG00000234283.1,LINC01731,1.8863433704749966,NA,0.05924869839824224,0.017165661922183995,0.03769163745900857,0.036138359223838935,NA,19,31,31,0.009266503721929617,0.15829404686550688
ENSG00000127445.13,PIN1,1.8846506906565126,NA,0.05947701372137633,0.0003615683214007175,0.05158511343977787,0.01588581713084879,NA,5,6,6,0.00030000283847768236,0.028371768069187626
ENSG00000176623.11,RMDN1,1.8812616010459375,NA,0.05993634172277271,0.02333406324832661,0.15306686902255673,1.0067117940934204e-05,NA,83,88,88,8.576224973877085e-05,0.07819935670611998
ENSG00000257017.8,HP,-1.8781994013723609,NA,0.06035389203395741,0.019119441495607438,0.08972414113544397,0.0014070874541984833,NA,10,10,10,4.4691366837723605e-05,0.08041837340336963
ENSG00000180878.2,C11orf42,-1.8763156889961234,NA,0.060611943966090896,0.07652180956518649,0.05824711107042507,0.010944669157046259,NA,39,45,45,5.6699023051028416e-06,0.32166747403113977
ENSG00000196104.10,SPOCK3,-1.8748499715895894,NA,0.06081336622497861,0.021739566667642117,0.17498738130434693,5.734108541242623e-06,NA,90,95,95,8.856151568859556e-06,0.06635912930349464
ENSG00000182986.12,ZNF320,1.8746967450544392,NA,0.06083445494972674,0.040544562375146476,0.227697767262618,5.886262780751253e-08,NA,26,26,26,9.820424563999094e-07,0.14100679565272814
ENSG00000283141.1,RP11-109A6.5,1.869205283751966,NA,0.061594259453358856,0.01971287251595476,0.04093242230586355,0.03514599452574401,NA,13,15,15,5.02961683941338e-06,0.1655921537506788
ENSG00000138311.15,ZNF365,-1.8592282260770236,NA,0.0629947955420542,0.01043964924264662,0.08223331900854575,0.0008704954127324242,NA,27,27,27,0.00017375751695559866,0.1333706450815902
ENSG00000241837.6,ATP5O,1.8585533361050595,NA,0.06309047665279344,0.010040543940439909,0.10114632561420224,0.000666469568363699,NA,64,68,68,2.7469943942916404e-08,0.11874300385964676
ENSG00000281404.1,LINC01176,1.8557676273810608,NA,0.06348668670707963,0.014820771070265417,0.07694230203246341,0.0028182423632833746,NA,14,17,17,8.954080905055873e-06,0.17968396658934102
ENSG00000144306.14,SCRN3,1.8544708810349615,NA,0.0636718223368275,0.0075917875146992485,0.08765069343300394,0.0015381259393302403,NA,13,14,14,4.510138712903648e-29,0.04827964510432605
ENSG00000004534.14,RBM6,1.8543036224272362,NA,0.06369573417779961,0.02650183908035257,0.0881775510709981,0.0017363115132645113,NA,55,57,57,4.2801671764613695e-07,0.11800496123177825
ENSG00000023228.13,NDUFS1,1.8487062095123217,NA,0.06450024657864399,0.016349492992751957,0.16504510193861704,2.492113217519334e-06,NA,32,32,32,4.1598631980638654e-19,0.17164147481132194
ENSG00000142687.17,KIAA0319L,-1.8417149874966876,NA,0.06551685075358747,0.0021242669148002287,0.037346802671901005,0.044247551832679366,NA,3,4,4,9.750570269307005e-05,0.05533027616145112
ENSG00000103496.14,STX4,1.836919618071544,NA,0.0662217626946515,0.0317718525357866,0.055959010545780036,0.01272261108490464,NA,30,33,33,3.530704695213726e-06,0.2996175091965374
ENSG00000170340.10,B3GNT2,1.829763967466415,NA,0.06728524100326137,0.004447498903875427,0.04503677367255625,0.027921658061745482,NA,3,3,3,0.0013186398735874968,0.0725871934772329
ENSG00000145428.14,RNF175,-1.8286995724344848,NA,0.06744462656693893,0.002912435385049733,0.13412449171803487,6.935528068496624e-05,NA,11,11,11,0.0540021503197259,0.02152932443378204
ENSG00000134020.7,PEBP4,1.8204880764341165,NA,0.068684710422456,0.022836063383367515,0.05320978131785353,0.01620093396384842,NA,35,36,36,2.86595120547482e-15,0.14934372598971546
ENSG00000162976.12,PQLC3,-1.8201104794843221,NA,0.06874218204395317,0.0017196540155862625,0.05719478502691466,0.01080382964645663,NA,3,3,3,0.023277023226440312,0.06933467003130406
ENSG00000277767.1,RP11-365P13.5,1.8186822185379836,NA,0.06895992606730333,0.023777104800464764,0.14165925319070607,1.8754251280852548e-05,NA,14,14,14,0.008187420032060324,0.10132088688550793
ENSG00000103642.11,LACTB,1.812244888129332,NA,0.0699483659807068,0.06340031155341261,0.28259377838999983,9.540956331057385e-10,NA,27,27,27,6.888663364226666e-06,0.09085474816732518
ENSG00000174652.17,ZNF266,1.8102320009911181,NA,0.07025981698567878,0.13145053504273943,0.4737866507891945,9.58331939438505e-19,NA,46,46,46,0.0029971974965458375,0.06886047014866024
ENSG00000100814.17,CCNB1IP1,1.8096916676970192,NA,0.07034361538571066,0.02009434739089623,0.051578885379899166,0.01619546897964766,NA,11,13,13,0.004004053896764642,0.09859708655721394
ENSG00000250584.2,LINC01511,1.8065033459207365,NA,0.07083975197966134,0.23310082198515897,0.051766576496037664,0.01644511249082981,NA,165,191,191,2.6959360601288133e-07,0.4819817404746967
ENSG00000125877.12,ITPA,1.8019432455827271,NA,0.07155433533790871,0.02190935768962516,0.26327637051027153,3.627347285983319e-09,NA,11,11,11,0.01802152935363795,0.17619381988926364
ENSG00000272143.1,FGF14-AS2,-1.797343838306859,NA,0.0722810507187451,0.036240535995909914,0.0832494461431128,0.0013306224986295598,NA,63,70,70,0.010835806529781285,0.1012535475837599
ENSG00000242110.7,AMACR,-1.7966664584357697,NA,0.07238858687876927,0.07542866773753332,0.2942573448674914,2.4085973889572103e-10,NA,22,23,23,0.0012940173443221805,0.09684483871333224
ENSG00000185163.9,DDX51,-1.7880155735652743,NA,0.07377349527901016,0.02907851472837544,0.18993526236426625,1.1858309920768855e-06,NA,30,34,34,1.2016206849781803e-05,0.1513325744434433
ENSG00000155975.9,VPS37A,1.7862397982543632,NA,0.07406043973220502,0.020632489290221136,0.08615615571257408,0.0015939321479918702,NA,31,32,32,4.555126069704621e-07,0.18542363318305047
ENSG00000245685.6,AF146191.4,-1.7858371674276743,NA,0.07412562685917648,0.2186753377810628,0.14209606839262756,4.351776713324252e-05,NA,96,125,125,3.3679276407149075e-06,0.6990850886508057
ENSG00000254531.1,FLJ20021,-1.7814100382143059,NA,0.07484548953825325,0.030333139201816836,0.23964982935032555,1.2580456819896653e-08,NA,34,35,35,0.0013973837417118158,0.1102013609566715
ENSG00000204176.13,SYT15,-1.779691242575096,NA,0.07512650445088609,0.0031198301891791607,0.034576042547680555,0.04686581809900435,NA,2,41,41,0.07401918944973188,0.08279676502886231
ENSG00000106113.18,CRHR2,-1.7778503817529183,NA,0.07542843128930968,0.02727976490440575,0.04275650470471433,0.03105581049850208,NA,32,35,35,3.364569030621848e-07,0.12056679125628075
ENSG00000197363.9,ZNF517,-1.7747180476311502,NA,0.07594445383316235,0.015405443378140241,0.18541916403016345,2.588969794992591e-06,NA,9,13,13,0.022134835355064563,0.07919061067187133
ENSG00000140025.15,EFCAB11,1.7737168775598955,NA,0.07610999329409035,0.023094906217445824,0.14663850940541295,1.9021166942550688e-05,NA,19,19,19,0.01487096383747977,0.1654068209819755
ENSG00000171791.12,BCL2,1.769307645355435,NA,0.07684254826464176,0.008552016687015374,0.13956582591105413,3.145758337008932e-05,NA,25,26,26,0.0009565647827856694,0.05667011116051359
ENSG00000119227.7,PIGZ,1.7643203616226713,NA,0.0776780577351423,0.0488285034882844,0.4353274156713475,1.0527153640454228e-17,NA,47,51,51,3.379989172206184e-05,0.2682046460631993
ENSG00000272079.2,LA16c-380H5.5,-1.7589018184537566,NA,0.07859418626788212,0.13720569074390293,0.2909260915546278,2.9724335749620367e-10,NA,42,50,50,0.02793867891758006,0.21600592091245815
ENSG00000126261.12,UBA2,-1.758249286360289,NA,0.07870510247452178,0.023341301923166333,0.044673350612286125,0.025699460903067503,NA,59,63,63,3.186054594166676e-05,0.16634065897636355
ENSG00000161010.14,MRNIP,1.7539954648916218,NA,0.07943128423806425,0.028236220714047636,0.15469071356435934,2.1296068658777774e-05,NA,17,17,17,0.026381726271278955,0.057106780534440564
ENSG00000152348.15,ATG10,1.7436223587911426,NA,0.0812249619063915,0.05806120433139629,0.16400545564369656,1.0732021415727224e-05,NA,56,56,56,1.0246758650254533e-09,0.19506981400243825
ENSG00000148110.15,MFSD14B,1.7410734927971052,NA,0.08167069702993392,0.007696769828206774,0.04671263508960639,0.022918354646582272,NA,16,17,17,0.0022831894004904656,0.04510092996723744
ENSG00000130635.15,COL5A1,-1.7372773892001427,NA,0.08233822060374871,0.007859109833654843,0.03586328922414471,0.04499206259211203,NA,17,18,18,0.009536773953317474,0.08000731063674749
ENSG00000125122.15,LRRC29,1.7287359742299775,NA,0.08385635975012232,0.016670501985574675,0.06542543410094992,0.006602867530069235,NA,31,33,33,0.036521837909879666,0.16180266153742295
ENSG00000164106.7,SCRG1,1.7282761942909626,NA,0.08393871893662463,0.029889274096372064,0.2988207520854588,3.0749361440871415e-10,NA,10,10,10,0.012739995702658716,0.09184699348872843
ENSG00000251129.1,RP11-734I18.1,-1.726145261562085,NA,0.08432128281323407,0.19076869237901914,0.4447461774184302,4.95243876222666e-17,NA,47,50,50,0.0037311117493560126,0.1758581329691471
ENSG00000113141.17,IK,1.7171378804174842,NA,0.08595398235545937,0.0068686119599414945,0.0767023659555386,0.0012939488398526708,NA,14,16,16,0.056646831706969825,0.03187898432394466
ENSG00000261617.1,LINC02177,-1.7159418068069394,NA,0.08617269390273949,0.03476397476968034,0.14164537988174716,2.343425244092276e-05,NA,36,37,37,6.26872824416768e-10,0.2296212204007519
ENSG00000278266.1,RP11-575F12.3,-1.7151697713629233,NA,0.0863141052958428,0.036121600130787745,0.11211662008203012,0.0003078299244605707,NA,33,34,34,0.00010119259875188464,0.1643437278130911
ENSG00000259363.5,CTD-2054N24.2,1.7138791967822808,NA,0.08655091443300628,0.07449885743244827,0.22524342208412285,1.482701345436507e-07,NA,30,30,30,4.7132372751420274e-05,0.1244427076385508
ENSG00000272444.1,RP11-1017G21.6,1.7125526856457618,NA,0.08679486410155528,0.040688761501631705,0.0956515242031156,0.0009760121635165699,NA,21,21,21,0.0004465630901080726,0.16990181075667435
ENSG00000196821.9,C6orf106,1.7113714552784403,NA,0.08701256314028792,0.0005525269694266433,0.14829147114503954,3.4117626791488705e-05,NA,5,16,16,0.004893635809470534,0.029202921683180557
ENSG00000198075.9,SULT1C4,1.7085539306040305,NA,0.08753360848999506,0.09533841748280589,0.1697702569774749,5.871062193949634e-06,NA,135,138,138,5.7426649705624636e-05,0.1558605820124516
ENSG00000183570.16,PCBP3,1.7080379497933973,NA,0.08762930106746758,0.06796784312039522,0.0849242905536231,0.0021532735972954967,NA,72,78,78,1.9202456668946128e-08,0.17639410194670552
ENSG00000136235.15,GPNMB,-1.7042429000707229,NA,0.08833571757051271,0.10612705857794487,0.2868478633572101,4.949946668545227e-10,NA,39,41,41,1.372630862084568e-05,0.13852232661868202
ENSG00000173531.15,MST1,-1.7015487630320667,NA,0.08883998933557977,0.018306135456907006,0.12815548824002745,9.441625340126685e-05,NA,57,61,61,0.010824844032017325,0.029766996121428125
ENSG00000165973.18,NELL1,-1.7008298741966459,NA,0.08897493778846449,0.07739349164243584,0.09370852896827034,0.0011130953549023076,NA,84,87,87,3.3477792185094923e-13,0.4374941452331026
ENSG00000159228.12,CBR1,-1.7002583407052154,NA,0.08908234277672308,0.023510150462742442,0.2370180388346437,3.14226609005252e-08,NA,43,44,44,0.0016799929882140702,0.1911675702411099
ENSG00000079337.15,RAPGEF3,-1.6990437979533293,NA,0.08931093159443253,0.025830763297395677,0.16723542435482708,7.171331763750752e-06,NA,38,42,42,0.020631111590935766,0.08308301696992383
ENSG00000171574.17,ZNF584,1.6934376992371136,NA,0.090372184109585,0.01978026950970785,0.05973322253019786,0.010213782903928836,NA,34,34,34,0.08758624162213104,0.039465118281893495
ENSG00000188958.9,UTS2B,-1.6933860603394328,NA,0.09038200647499149,0.1906158414835372,0.4660301994360307,1.2015839309549914e-18,NA,39,41,41,5.047795673849077e-05,0.07276809165103912
ENSG00000083807.9,SLC27A5,-1.6922656791014483,NA,0.09059532859626264,0.028542308054524353,0.10353134346430926,0.00045320741304260615,NA,61,62,62,0.12687747324783913,0.11258787331212072
ENSG00000138448.11,ITGAV,1.685934736173938,NA,0.09180837049775599,0.02601687700919866,0.12042351014306572,2.175913398012389e-05,NA,29,30,30,0.006442424032336098,0.12513846513003718
ENSG00000102967.11,DHODH,1.68533907305374,NA,0.09192317125271621,0.03190150549821112,0.07451962568760333,0.002207133812705518,NA,12,12,12,7.025339902900462e-05,0.19203476960163265
ENSG00000151690.14,MFSD6,1.6820114538532733,NA,0.0925666189015588,0.0025755771871297664,0.1330910951667462,4.5481658509883945e-05,NA,13,14,14,0.08237069859632665,0.041746373145766326
ENSG00000108381.10,ASPA,1.6801685758432328,NA,0.09292452149043187,0.018122364755066782,0.03983691565106172,0.038372967631826065,NA,54,58,58,0.013009214981175788,0.09626293283904294
ENSG00000166965.12,RCCD1,-1.6792767531786394,NA,0.09309811942407666,0.02533557521675666,0.17439721040627024,2.441215762904532e-06,NA,6,6,6,8.839645193283644e-14,0.13699610733204848
ENSG00000175806.14,MSRA,1.676404689335062,NA,0.0936589510272375,0.01110421436551167,0.057056586344819624,0.01022486326416465,NA,16,17,17,0.001477648152816833,0.13080548734127104
ENSG00000170370.11,EMX2,-1.6713923628164404,NA,0.09464420343226025,0.0013074723798167656,0.042925961714070635,0.032163820852320044,NA,5,5,5,0.0090847687305772,0.03756753835316545
ENSG00000027001.9,MIPEP,-1.6656278594510858,NA,0.09578755866385595,0.034313048119657075,0.19303158641196344,7.223667111006747e-07,NA,22,23,23,0.0005180381260238644,0.08099924887858616
ENSG00000258818.3,RNASE4,-1.664104969510344,NA,0.09609145414037375,0.03755177715709283,0.09293743964237533,0.0010020903787442304,NA,49,72,72,0.027272144371406678,0.09288103440237133
ENSG00000261996.1,CTC-281F24.1,1.6631920928165973,NA,0.09627398993823494,0.07516043944507925,0.04200267820342475,0.03227508781361365,NA,40,47,47,0.041270961963105986,0.3507601369248125
ENSG00000133302.12,SLF1,-1.6627652624729743,NA,0.09635943266013564,0.02105166179707265,0.07623731245906855,0.0038005463240444936,NA,35,35,35,1.4528248347916024e-05,0.3087096128072846
ENSG00000166896.7,ATP23,1.6627056187864462,NA,0.09637137693862055,0.08078617778978081,0.3970177034254633,2.253469196056802e-14,NA,5,6,6,0.0018205067677654484,0.10777547033920867
ENSG00000174448.8,STARD6,1.6533400296461496,NA,0.09826168051665825,0.037559127665753464,0.10362984566876253,0.0005481022478145679,NA,75,75,75,0.0008547573633078347,0.07809216297890369
ENSG00000172000.7,ZNF556,1.6513049664985437,NA,0.09867631868452431,0.002353356210183395,0.056481027125359615,0.012387235660932723,NA,3,6,6,0.11671670170489334,0.06730074882925133
ENSG00000114737.15,CISH,-1.6479564822586852,NA,0.09936160158391068,0.059208133185211786,0.09271227579782358,0.0013530626355825676,NA,82,85,85,9.729617609826122e-05,0.401655017308798
ENSG00000130193.7,THEM6,-1.6450082219481943,NA,0.09996811554621478,0.017353385390557335,0.11444817690358,0.00022553692991130972,NA,46,47,47,0.011744127368854601,0.06213121505259458
ENSG00000103168.16,TAF1C,1.6445867246761128,NA,0.10005506636011949,0.030329602779076065,0.1117232738388054,0.00034667917036140924,NA,42,44,44,0.005497988565747286,0.10409919834074123
ENSG00000170802.15,FOXN2,1.6437838855159288,NA,0.10022085113820414,0.046831352369107265,0.4280449027102291,9.389481130064784e-16,NA,32,35,35,0.00047267403302975766,0.2046112825133536
ENSG00000117533.14,VAMP4,1.6422470421916802,NA,0.10053881721795488,0.03686632013967131,0.035049194582626716,0.049050138007911706,NA,96,101,101,4.119482809265452e-05,0.12850967534844182
ENSG00000169246.16,NPIPB3,-1.6416491298217883,NA,0.10066273968677686,0.026613348332307742,0.10356402465145134,0.0005212920308688856,NA,24,25,25,1.4972877415195888e-06,0.05903780543286567
ENSG00000104320.13,NBN,1.6396131753643637,NA,0.10108562188914645,0.0509418535719409,0.12406924719611395,0.00013694758843912954,NA,69,72,72,1.7539603245243285e-08,0.2115389728141483
ENSG00000123600.19,METTL8,1.6393871505372115,NA,0.10113265600025267,0.015838667422566576,0.036318258703819585,0.03915346918539375,NA,40,41,41,0.005755124223464678,0.3082367123558243
ENSG00000168140.4,VASN,-1.639102182143769,NA,0.10119198067910334,0.02018817133630763,0.03782373370959075,0.032856732962010166,NA,29,32,32,4.0539562161508575e-06,0.14902554856378591
ENSG00000213413.2,PVRIG,1.63831855490969,NA,0.10135525900982892,0.14149265533417021,0.3744008949135322,1.7856886253712752e-13,NA,29,29,29,0.0007564418392246949,0.1687024922916679
ENSG00000166275.15,BORCS7,-1.6364360328325385,NA,0.10174836307807385,0.018242890969620895,0.18344175720532185,9.802623402086034e-07,NA,21,21,21,2.7276864524922853e-05,0.10401415172284684
ENSG00000101017.13,CD40,-1.6362195916093265,NA,0.10179363754911105,0.045371978375082576,0.18676982007873372,1.7581273573615158e-06,NA,89,93,93,1.1138001747561829e-14,0.2296362384933557
ENSG00000132749.10,TESMIN,-1.633109539477336,NA,0.10244596063393328,0.026815951548448562,0.0591058849613343,0.010384801863239729,NA,42,53,53,2.4282893635009506e-05,0.05454136474039261
ENSG00000251396.6,LINC01301,1.628941387396792,NA,0.10332542749873642,0.058524220814901426,0.15409521434030354,1.6515062869092135e-05,NA,63,64,64,7.665144628109268e-07,0.2736767788416848
ENSG00000112144.15,ICK,-1.6246868432056087,NA,0.10422930217513322,0.013700752242940784,0.08315249429706781,0.001303002999838318,NA,24,25,25,0.0012173513924515493,0.07190334026655318
ENSG00000281392.1,LINC00506,1.6243119143417108,NA,0.10430925572607623,0.02618719559370848,0.15748339234355013,1.074635069317028e-05,NA,24,27,27,0.005938996389841684,0.07193730364980673
ENSG00000175643.8,RMI2,1.621038798631586,NA,0.10500931803712475,0.07903288350117485,0.3062664832731329,5.6131926221087436e-11,NA,37,39,39,7.525458659179809e-05,0.0859207449030299
ENSG00000163832.15,ELP6,1.6196971083441922,NA,0.10529735768113578,2.121237522847321e-05,0.04712022273702308,0.020170598887317433,NA,2,4,4,0.03254860647345174,0.008347165235399927
ENSG00000153714.5,LURAP1L,-1.6196623192838495,NA,0.10530483467214205,0.06198046313461836,0.19271094608190334,5.106590170500886e-07,NA,25,25,25,0.0358641126373019,0.08343218091162638
ENSG00000186838.13,SELENOV,-1.619358064071356,NA,0.1053702442623601,0.22215593839172482,0.10265842242635577,0.0005203366451941909,NA,110,120,120,0.0001819950625273394,0.3624857088576469
ENSG00000136783.9,NIPSNAP3A,-1.6176537446343007,NA,0.10573723966277188,0.040036482167603575,0.2713616195958004,3.083516567042343e-09,NA,74,75,75,7.493586638372363e-07,0.13163217251232928
ENSG00000184635.14,ZNF93,-1.6175108470796704,NA,0.1057680561664178,0.13643238758136392,0.3675356865750706,4.0747446504436045e-15,NA,46,49,49,0.006183296059207412,0.2368520637788729
ENSG00000167670.15,CHAF1A,-1.617316223941276,NA,0.10581003898455021,0.0723525395560711,0.3264579039642599,1.7435344375984586e-11,NA,37,44,44,0.000681617812619949,0.19605895092555325
ENSG00000141384.12,TAF4B,1.6151153096423745,NA,0.10628572614572987,0.005209554229033385,0.1002353210119874,0.0004885762051312334,NA,11,11,11,0.12522772314648922,0.10843624504881366
ENSG00000164615.4,CAMLG,1.6113341446156322,NA,0.10710691247778449,0.0774913554732254,0.5053833869652264,2.728174838495411e-20,NA,22,25,25,0.018239582203557755,0.4496639082410829
ENSG00000182919.14,C11orf54,-1.6079634248808303,NA,0.10784318944869463,0.04908317587010751,0.15634939907172815,1.3474004034516816e-05,NA,35,36,36,1.6066001408151848e-06,0.23147891725889505
ENSG00000172315.5,TP53RK,1.6030635941573375,NA,0.10892061459332729,0.017518253279975648,0.08351993110667072,0.0024552326365237737,NA,19,20,20,7.963319055647671e-26,0.08339739982984003
ENSG00000170889.13,RPS9,1.6028571102311167,NA,0.10896620467907364,0.020049464821625788,0.32054510589199325,5.912540763424654e-11,NA,57,80,80,0.000525384849018631,0.06836832177566404
ENSG00000138772.12,ANXA3,-1.60266909443471,NA,0.10900773026855863,0.00826251678756695,0.05363766246113242,0.014642909110742112,NA,15,15,15,0.003642461693979331,0.21769112129525905
ENSG00000255693.1,RP11-766N7.3,-1.602385784428635,NA,0.10907032638768885,0.07216364346016496,0.09659957356685037,0.0005912875500251433,NA,63,64,64,1.2443365615095029e-06,0.3225524389428092
ENSG00000259134.5,LINC00924,1.6021022107126186,NA,0.10913300923542092,0.03488125772728931,0.1645464904642003,1.1723042124548894e-05,NA,20,20,20,0.020253188252265124,0.08683144531975014
ENSG00000006534.15,ALDH3B1,-1.6015395588085748,NA,0.10925746554706561,0.05385124144434464,0.07038850671296991,0.004253039725302428,NA,69,75,75,4.701984307472773e-06,0.36127540943057596
ENSG00000197016.11,ZNF470,1.6013197949619555,NA,0.10930610688240776,0.06850067401206633,0.1900281482537257,6.716782931791084e-07,NA,67,74,74,2.174965851416829e-07,0.13302412374294326
ENSG00000185475.10,TMEM179B,1.5997896877985562,NA,0.10964524725936986,0.012758060425139335,0.03826881030162447,0.02123483357542129,NA,16,16,16,0.00035457357955709856,0.14950665124320778
ENSG00000165887.11,ANKRD2,-1.5986121430705038,NA,0.10990680989105785,0.01380408909992406,0.04561566000438279,0.02720335747991121,NA,12,12,12,5.077668634209752e-05,0.08806280210412773
ENSG00000181029.8,TRAPPC5,-1.5962900643465068,NA,0.11042404733766922,0.006398800242426882,0.05885866220261698,0.008912426913391653,NA,21,21,21,0.005688272506058251,0.09337021164481593
ENSG00000164144.15,ARFIP1,-1.5923476554244433,NA,0.11130661066864482,0.004635021653283315,0.09594518360943052,0.0007278806681620222,NA,19,19,19,0.055754784507371584,0.011151101297229682
ENSG00000136830.11,FAM129B,1.5912321562408236,NA,0.11155733861111296,0.002134926076512945,0.03638651619836626,0.047519159762714654,NA,7,8,8,0.0018035068837466948,0.03715275961330048
ENSG00000115556.13,PLCD4,1.5910983120141262,NA,0.11158745236128391,0.010179428348058253,0.04163102160536356,0.027647409779502388,NA,31,35,35,8.318783485885025e-17,0.06096583059502062
ENSG00000175575.12,PAAF1,-1.5910083410429707,NA,0.11160769862724422,0.024432053099080666,0.2746531016009946,1.3732500078761156e-09,NA,9,9,9,0.09575259601812304,0.1840699650732017
ENSG00000283154.2,IQCJ-SCHIP1,-1.5908055434239468,NA,0.11165334502672646,0.023831029516118027,0.09377720001331727,0.0012559568237031035,NA,15,15,15,3.057519321518845e-08,0.12792132277555548
ENSG00000196118.11,CCDC189,1.590121393444123,NA,0.11180744457598202,0.012969588034790763,0.12447814112024537,0.00012028412476955066,NA,7,7,7,0.032182992254104086,0.20531497009151245
ENSG00000076650.6,GPATCH1,-1.5836700599572833,NA,0.11326882152653246,0.03801181180997738,0.043162756066010895,0.025076332624360417,NA,14,14,14,0.0053541761502790535,0.2287446495966039
ENSG00000258702.1,RP11-433J8.1,1.5743272814931573,NA,0.11541180577280474,0.0320730597830877,0.3546047019890425,8.902335054143025e-13,NA,11,13,13,0.015119332462499706,0.2717884793480978
ENSG00000137449.15,CPEB2,1.5740164026364765,NA,0.11548365741492246,0.007319232763657825,0.06923747921708923,0.004681834399015403,NA,17,18,18,0.00023564025021824523,0.2091042152054833
ENSG00000100294.12,MCAT,-1.5729336374746214,NA,0.11573418531281936,0.0042878561620956065,0.08422478250199919,0.0020564277306627113,NA,8,11,11,0.07768539759410409,0.052273052600616425
ENSG00000006118.14,TMEM132A,-1.566956736669596,NA,0.11712480442988843,0.0026606769350744678,0.07988693334250596,0.0028628002227325524,NA,8,10,10,0.00364227010911819,0.025530222852664423
ENSG00000119673.14,ACOT2,-1.565137191541984,NA,0.11755074469759283,0.08684599352377907,0.2755000501956341,1.0845871246743156e-09,NA,70,73,73,0.025580592317385336,1.0315358879051493
ENSG00000169515.5,CCDC8,1.564842990167114,NA,0.11761972880438713,0.006964162738120666,0.06685161015967565,0.005245626282214742,NA,11,11,11,0.06253972004036176,0.021632636562808127
ENSG00000122477.12,LRRC39,1.5639365893320445,NA,0.1178324606902036,0.031150811169944764,0.045252547551658966,0.024517091754338374,NA,35,35,35,0.008873097738078777,0.1979823052198485
ENSG00000125630.15,POLR1B,1.5580638078382074,NA,0.11921812306278257,0.0708635680818453,0.35037272139777736,6.349806683675373e-13,NA,16,16,16,0.04456962778394535,0.41624612185410104
ENSG00000235823.1,OLMALINC,1.5570500212894374,NA,0.11945860971675996,0.019031614289391152,0.03744716242944865,0.04496972719600744,NA,34,35,35,2.773889857679254e-15,0.13797961859633273
ENSG00000188710.2,QRFP,1.5565224762291436,NA,0.11958390224582709,0.06557248403616137,0.1189710424961592,0.0001609384282435611,NA,50,54,54,0.0009874078224415116,0.2456968014337157
ENSG00000188573.7,FBLL1,1.5531246279478208,NA,0.12039336344652336,0.0032257723258815388,0.06322573500261204,0.006714110410330377,NA,10,10,10,0.003755565827927203,0.05261142746465558
ENSG00000152291.13,TGOLN2,-1.5519698341937467,NA,0.12066944168891834,0.010674622399019989,0.05083547748230675,0.013523612307680745,NA,27,28,28,0.00547072014730579,0.11519943469233315
ENSG00000188321.13,ZNF559,1.5518064789642674,NA,0.12070853523435994,0.10082420173632486,0.3351732047671834,8.73740914500687e-12,NA,53,56,56,8.050346935415176e-09,0.6112377162759769
ENSG00000149742.9,SLC22A9,-1.5511241780960094,NA,0.12087192802462024,0.029029993933935558,0.03939831193172425,0.0368836005060363,NA,22,24,24,0.0002678800835521742,0.07579853811117364
ENSG00000214530.8,STARD10,-1.549836842064626,NA,0.12118068179770831,0.022528313824128787,0.21054779352704656,1.536694221377016e-07,NA,15,16,16,0.007772621328105906,0.06633330703411011
ENSG00000168811.6,IL12A,-1.5497645774520246,NA,0.12119803196389381,0.020765938303005705,0.058025054212754626,0.008059157130537543,NA,27,27,27,0.03467193363960837,0.11938188566079153
ENSG00000233232.6,NPIPB7,-1.5488370213082434,NA,0.12142090350109391,0.06128258342795037,0.10992261642984437,0.00030923779143718924,NA,26,29,29,0.0006720918736039354,0.15042382664231352
ENSG00000106404.13,CLDN15,-1.5455917818922889,NA,0.12220318720159658,0.02502145610681883,0.2161017484167182,1.4237498218115892e-07,NA,21,22,22,0.08356628948648702,0.05230878750623645
ENSG00000072952.18,MRVI1,-1.5414478734484134,NA,0.123207820219335,0.014018645024475437,0.14282557875876942,2.645476980696765e-05,NA,24,25,25,3.538981575202923e-05,0.10461652913264907
ENSG00000005801.16,ZNF195,1.5402381741965505,NA,0.1235023079011111,0.004320936048610796,0.039236713792426534,0.03621255682576993,NA,3,3,3,0.0028998217139134803,0.06502438541571806
ENSG00000099901.16,RANBP1,-1.5364865325187393,NA,0.12441909831291402,0.03653949060142485,0.06420429593455466,0.0069691743947870475,NA,64,72,72,1.9666840176381135e-07,0.2091505743193801
ENSG00000182013.17,PNMAL1,1.5355909707913928,NA,0.12463873007147278,0.010930307355192773,0.18728646028669865,7.366195538583001e-07,NA,24,25,25,0.007219199933503281,0.10451003722540032
ENSG00000243646.9,IL10RB,1.532172986575236,NA,0.12547975271942813,0.031230624095750996,0.20652113149182408,3.96299018222106e-07,NA,34,36,36,0.03943464102908759,0.14686710123997776
ENSG00000196109.6,ZNF676,-1.5298414190803282,NA,0.12605598652407854,0.013534389033900399,0.03587070056047844,0.04928971838551747,NA,32,33,33,0.0005887839712795185,0.2068201122999534
ENSG00000185290.3,NUPR2,1.5247771766555034,NA,0.12731468443383323,0.02844042214114969,0.2709331349880099,1.428521401882601e-09,NA,3,4,4,0.04478831834637358,0.20187567440336776
ENSG00000197557.6,TTC30A,1.5242662975541397,NA,0.12744220254058716,0.010533319093009034,0.04390348283935012,0.02534456339158794,NA,51,52,52,2.4710430483485363e-06,0.29230140167882274
ENSG00000108587.15,GOSR1,1.5221668113140407,NA,0.12796728877240138,0.05024074616945042,0.1183010533330289,0.00017899130453331491,NA,41,44,44,0.0010751214523006345,0.2735399761541048
ENSG00000134324.11,LPIN1,1.5211006665025357,NA,0.12823457725469373,0.01866037225394225,0.1618079831611658,4.441391192605375e-06,NA,17,17,17,2.268170765104825e-06,0.13688478386984435
ENSG00000152749.7,GPR180,-1.520497915247493,NA,0.12838588230882234,0.016508150890218926,0.12011233936563125,0.0001261755832006847,NA,14,16,16,0.004209341726286215,0.07988934663813392
ENSG00000103876.11,FAH,1.5197379814172807,NA,0.12857684169248526,0.006538386182297652,0.060219185384538826,0.008568208734814313,NA,38,42,42,4.343125100264788e-05,0.08839266221160479
ENSG00000008283.15,CYB561,1.518585052269201,NA,0.12886697599589514,0.026609772556328386,0.1575412112814235,5.135803488199898e-06,NA,21,24,24,0.0277794662057474,0.3574445395980937
ENSG00000236209.1,AC104135.2,-1.5096527547561343,NA,0.1311320525553064,0.09986712390291479,0.34565513494778555,1.1394477349610865e-12,NA,23,24,24,0.008956860452567699,0.1745619931520724
ENSG00000164068.15,RNF123,1.508241036742354,NA,0.13149284796930077,0.005177478465746585,0.0964214092773792,0.0009220313116634117,NA,55,55,55,0.08610701553220362,0.07415614949069886
ENSG00000160695.14,VPS11,-1.5078193614617452,NA,0.13160076542725352,0.01917722894075114,0.16728413480785995,3.4623695570493186e-06,NA,14,15,15,9.039157760468181e-06,0.03790391365511088
ENSG00000146733.13,PSPH,1.5075760617148048,NA,0.13166306326171903,0.030029459362829594,0.1985280125599468,5.020261532178443e-07,NA,9,10,10,0.04478831834637358,0.21273926254815448
ENSG00000261121.1,RP11-496D24.2,1.505137906038868,NA,0.13228862525954427,0.04227699690190556,0.052289814472539733,0.016808929581773897,NA,48,51,51,1.4485342124891495e-07,0.23293280077490974
ENSG00000117407.16,ARTN,-1.5044515853332319,NA,0.1324651304137521,0.013557106003705584,0.04128805968775004,0.03288923614864473,NA,17,18,18,0.004340835845067829,0.4832574773721052
ENSG00000244045.12,TMEM199,-1.5035089085510036,NA,0.13270786142280272,0.039606028066957566,0.11451197004806594,0.0002578194125371679,NA,55,59,59,0.0007735861607317328,0.2153463643413623
ENSG00000075035.9,WSCD2,1.5023722935903867,NA,0.13300098763696538,0.00758276238069143,0.04516400158381997,0.027178368371121454,NA,52,55,55,2.126895852832238e-08,0.07207800452336917
ENSG00000136144.11,RCBTB1,-1.5000234881763228,NA,0.13360831838064885,0.005639548384971426,0.12258086821733295,0.0001961597240797561,NA,7,7,7,0.08658590758742689,0.06872038618295404
ENSG00000172661.17,WASHC2C,-1.494550512513147,NA,0.13503178970351634,0.05911095286024663,0.16868605379766954,7.005406672483867e-06,NA,63,82,82,0.011890755694874513,0.2399737282588759
ENSG00000156928.4,MALSU1,-1.49163020636543,NA,0.1357961149457688,0.017531601988195786,0.059929519088866574,0.01004149092756231,NA,38,41,41,2.8320129657257624e-09,0.2883146244425053
ENSG00000251615.3,RP11-774O3.3,-1.4903758102993823,NA,0.13612544921655254,0.023512982250567225,0.20460831032467006,3.663896293400133e-07,NA,53,56,56,7.644725681746827e-05,0.09607773302893714
ENSG00000186088.15,GSAP,-1.4901033642077801,NA,0.13619705976608643,0.01350281165956712,0.09079174659095464,0.0009562027600629928,NA,19,20,20,0.002038644914190303,0.09980084006687773
ENSG00000197978.9,GOLGA6L9,1.4859774660518839,NA,0.13728508147463214,0.018725599001712605,0.0826090232192647,0.002161704959794602,NA,13,13,13,0.0015718937243522008,0.08402121247984899
ENSG00000146802.12,TMEM168,-1.4845856879855301,NA,0.13765360901906287,0.0031982133060824503,0.04277201506149448,0.03029148525040245,NA,16,16,16,0.0013728030557545949,0.03671026764973257
ENSG00000130723.18,PRRC2B,1.4785118785398557,NA,0.13927082004973704,0.002483203825010285,0.055537438721781546,0.01161054283693422,NA,10,12,12,0.06755272599895353,0.05788150042010291
ENSG00000167984.17,NLRC3,-1.4769678076214943,NA,0.1396842668727888,0.21642682101284838,0.4688774865664664,6.567837760464918e-19,NA,15,15,15,1.9401133814202696e-05,0.32476165557276704
ENSG00000171195.10,MUC7,1.4734933572335362,NA,0.14061805371057506,0.004698336321987578,0.03726025013503511,0.03945579868105556,NA,2,2,2,0.09779375303478235,0.11090892135998587
ENSG00000139192.11,TAPBPL,-1.473334591566471,NA,0.14066083768493737,0.032450129090773126,0.311463845539025,1.3132589993974904e-11,NA,13,13,13,0.10083775026724516,0.042542060880759056
ENSG00000131238.16,PPT1,-1.4732319431620813,NA,0.1406885045766721,0.00384557067263395,0.04086158973435244,0.03384451638811572,NA,13,15,15,5.2551881782447165e-06,0.04644772633105659
ENSG00000071894.16,CPSF1,1.4729759627742491,NA,0.14075751736696188,0.22506834830279598,0.565482684217426,1.6145372216474843e-25,NA,55,67,67,0.002315230550022669,0.1801437205170365
ENSG00000205611.4,LINC01597,1.4659903065742375,NA,0.14265092766884582,0.04822837775154044,0.21586069026119067,1.9925850961631665e-07,NA,11,21,21,0.04590047599983993,0.08730188960275741
ENSG00000103044.10,HAS3,-1.4642811685588428,NA,0.14311714031861125,0.010110560342163316,0.04063122957700012,0.032387792499281635,NA,21,26,26,2.7076745449047357e-06,0.11664691420912895
ENSG00000255529.7,POLR2M,-1.4618556528027247,NA,0.14378076968034495,0.016380370426373657,0.08445362599828768,0.002044378830077121,NA,55,58,58,0.0009212317068390565,0.3086180923310659
ENSG00000226355.1,RP11-65J3.2,1.4599647813161947,NA,0.14429975343993331,0.04224092117458853,0.06335424511463453,0.007328984811884662,NA,31,34,34,4.60402452455561e-07,0.3454948583083653
ENSG00000257218.5,GATC,1.456770360986725,NA,0.14517977997455345,0.18380886053524823,0.551011665681578,1.877259428461221e-22,NA,47,49,49,9.083735417974786e-06,0.28371203581361315
ENSG00000120693.13,SMAD9,-1.4526289590870978,NA,0.14632680109102492,0.062268979092230795,0.13528578405545813,7.25605665864518e-05,NA,25,26,26,0.003792777968062341,0.2704997107807771
ENSG00000175182.14,FAM131A,1.4479218163555316,NA,0.1476389174843833,0.005021347826857004,0.04163927306642199,0.03079728738304707,NA,39,43,43,9.409440620773695e-05,0.08663733359315014
ENSG00000075415.12,SLC25A3,-1.4467225749012889,NA,0.14797463915600506,0.016667006373178417,0.036215785148994484,0.04247113001732482,NA,61,64,64,0.00010082705232967684,0.07252787494264651
ENSG00000160194.17,NDUFV3,-1.4461324518458474,NA,0.14814005514907064,0.0660054626381385,0.05406544112950923,0.010598095978588642,NA,60,65,65,0.0028165020713795943,0.3141607928453972
ENSG00000175600.15,SUGCT,-1.4453976149642036,NA,0.14834623295886412,0.0705425750777492,0.09501769590622844,0.001056586969357575,NA,124,132,132,7.289323210222713e-18,0.6860409697095371
ENSG00000135698.9,MPHOSPH6,-1.4450472110336057,NA,0.14844462513773365,0.005499094958311003,0.07056851313378952,0.004011798294596225,NA,13,13,13,0.0038296913005531233,0.03596467732393637
ENSG00000109047.7,RCVRN,1.4394030199689434,NA,0.15003636922478295,0.14463417698897055,0.4037464002955244,1.6676797905180538e-14,NA,33,38,38,0.007328080785006992,0.1512597232147877
ENSG00000239732.3,TLR9,1.4361177670510572,NA,0.15096883325043675,0.013896255702585604,0.04868055558785736,0.022313631340239868,NA,25,25,25,0.0003707878770550413,0.049780796602831884
ENSG00000251504.1,LINC01099,-1.4349213482340986,NA,0.15130951152822672,0.11250218687299433,0.15831557798640905,1.4697933769641296e-05,NA,80,82,82,0.0030013965073000313,0.18970135786417303
ENSG00000227467.3,LINC01537,-1.4348064533913827,NA,0.15134225844259488,0.03224995509019785,0.2066897608124297,5.779490925502275e-07,NA,13,14,14,0.15479429563095437,0.2159577806964964
ENSG00000146540.14,C7orf50,1.4329823238981403,NA,0.15186288884888263,0.028651627261342835,0.21197193760802446,1.784013101984264e-07,NA,32,38,38,7.545530700933598e-15,0.21467939730446065
ENSG00000136243.16,NUPL2,-1.4329218608850556,NA,0.151880169105643,0.04330763486345707,0.08362697122437414,0.0024153976515743714,NA,30,30,30,0.008199660971835032,0.11172839550617973
ENSG00000100601.9,ALKBH1,1.4324115645616995,NA,0.15202607083187636,0.045727989646738264,0.08295014012705669,0.0022672750198703137,NA,34,34,34,0.022259488824951434,0.15677731204047518
ENSG00000170949.17,ZNF160,1.4301908363695952,NA,0.15266225477173925,0.01281222857062202,0.12862107492476327,6.780501883599318e-05,NA,32,36,36,2.919428958139418e-09,0.0440794612509533
ENSG00000186716.20,BCR,-1.4285119977645346,NA,0.15314454379127282,0.009921156447747229,0.10710416509003437,0.00019631057655042328,NA,26,28,28,0.008841732428948644,0.09971081407249648
ENSG00000271344.1,RP11-274B21.9,-1.424034597691859,NA,0.1544364570790708,0.008117153814602103,0.058136141608819865,0.010601477172807036,NA,50,51,51,0.0033201096012040483,0.08182968760891407
ENSG00000277758.4,ABC7-42404400C24.1,-1.4209794194045307,NA,0.15532274262017146,0.0025165728813583603,0.0910194191536779,0.001386482283161566,NA,16,25,25,0.0029684081041936425,0.0723751698370106
ENSG00000197345.12,MRPL21,-1.4132017896707079,NA,0.1575964004830458,0.09593684795789696,0.5210334234168031,4.9474968706470085e-22,NA,25,25,25,0.10172481496422023,0.07635162872022104
ENSG00000093072.15,CECR1,-1.4122970338073468,NA,0.15786251942903384,0.05374183254353819,0.22124598183289615,9.30523708201296e-08,NA,29,37,37,0.011364884959793316,0.4530754226460675
ENSG00000034239.10,EFCAB1,-1.4098601423606376,NA,0.15858098372407625,0.056894051969802024,0.3386031269714638,5.843302317783982e-12,NA,21,22,22,0.06909521012033726,0.2346814193279817
ENSG00000204147.9,ASAH2B,-1.409488231071938,NA,0.15869085103257774,0.01558103557783809,0.19118312395418388,1.572251765355582e-06,NA,16,17,17,0.002462444254967612,0.051518596855654034
ENSG00000197217.12,ENTPD4,-1.4072360739783663,NA,0.15935739801144655,0.019866506388022842,0.09528121087779734,0.0010297866797222145,NA,59,59,59,4.293482316482745e-07,0.06269911438787952
ENSG00000160072.19,ATAD3B,-1.40616866402153,NA,0.15967404682254305,0.03238519089865115,0.10196923157816397,0.0006001396384181656,NA,22,24,24,8.299696131403132e-26,0.22889102705538994
ENSG00000198951.11,NAGA,1.4026732049985509,NA,0.1607143110709226,0.00802431498516937,0.08766397778879981,0.0014329680043344475,NA,29,32,32,1.140972485793493e-05,0.04502281220987413
ENSG00000268673.3,LLNLR-249E10.1,1.4004751834988411,NA,0.16137106975212523,0.221267619557976,0.3204425881203194,1.8552204997997034e-11,NA,83,87,87,0.009577699166817487,0.2747643742732574
ENSG00000261770.1,CTC-459F4.1,1.3998131314135185,NA,0.16156928450742503,0.1461691591117556,0.41687751924921146,1.7534876796374824e-15,NA,30,30,30,0.00021246807341450215,0.032323408717393864
ENSG00000130518.16,KIAA1683,1.3986918958994434,NA,0.1619053954840124,0.029186045607710376,0.19358595755810187,8.930038101388729e-07,NA,15,15,15,0.053339405099717484,0.057994573880667484
ENSG00000069974.15,RAB27A,1.3982196837972793,NA,0.16204710759493446,0.016363569729094776,0.14210302313004122,1.696379147802307e-05,NA,20,20,20,0.0007277437889230533,0.08212725728525078
ENSG00000172346.14,CSDC2,1.3979094668883105,NA,0.16214025545575728,0.03302409789953753,0.12700715421060638,6.65781184310956e-05,NA,38,38,38,5.539661735244372e-05,0.09496063938339244
ENSG00000213366.12,GSTM2,-1.3953358001808276,NA,0.1629146011559477,0.03662713335701345,0.17389373831122193,2.3163747559929644e-06,NA,38,40,40,2.963677955836098e-05,0.2819444641461695
ENSG00000143469.18,SYT14,1.3929919421379744,NA,0.16362222736466392,0.01208400484296607,0.0826369003385721,0.0021340986045092856,NA,32,33,33,0.00010910137431145267,0.06134268918725786
ENSG00000100351.16,GRAP2,-1.3910996191063851,NA,0.1641952203818069,0.061913874167634116,0.06634138699446335,0.006985061031774524,NA,37,39,39,1.7955603117129484e-05,0.6077105202458672
ENSG00000163041.9,H3F3A,1.3891622377695834,NA,0.16478342172396154,0.10601579533723285,0.2794737890441525,8.748286945315912e-10,NA,66,72,72,4.040616140087417e-07,0.463523696094749
ENSG00000137513.9,NARS2,-1.3886665632172683,NA,0.16493416626421964,0.03598176992063783,0.2256087501448482,6.87526987938307e-08,NA,17,18,18,0.10433277770650817,0.07145556562907115
ENSG00000277149.4,TYW1B,1.383901585690323,NA,0.166388591175739,0.048793607332174194,0.11466671733580636,0.0002238261899189729,NA,27,27,27,0.09917903554777288,0.02539318269940298
ENSG00000121410.11,A1BG,1.3823836793529942,NA,0.1668539246133519,0.012844817579408047,0.04886173616126102,0.018186568186001232,NA,30,32,32,0.06013432172923121,0.19223451492411955
ENSG00000163029.15,SMC6,1.3822735613290216,NA,0.16688772070541302,0.019610465734627595,0.03798635223916222,0.04395254668110336,NA,70,74,74,1.4060969764647961e-05,0.18152557812216932
ENSG00000164008.14,C1orf50,-1.3787897545962562,NA,0.1679595864974217,0.09616208513009941,0.27634586262170624,1.548685584205513e-10,NA,51,57,57,7.978960027752986e-05,0.3705995090162213
ENSG00000275764.1,RP11-582E3.6,-1.3765783054256935,NA,0.1686426620689948,0.010617338390807862,0.04074668071051829,0.032670114712007835,NA,25,26,26,0.0008025323772674179,0.07757136077170322
ENSG00000130312.6,MRPL34,1.3710569276999365,NA,0.17035721055053232,0.014431151406505454,0.09184546733811788,0.0010519243748115493,NA,22,27,27,0.019448055236278017,0.05941923650385138
ENSG00000221882.2,OR3A2,1.3703048181872428,NA,0.17059176965066136,0.030816602185942087,0.03813972726987422,0.039934844168017306,NA,29,35,35,3.086674220082918e-08,0.2708251405447417
ENSG00000155897.9,ADCY8,1.3694826992816633,NA,0.1708484391482068,0.0007321722335888968,0.0377489694847442,0.042979858569705584,NA,4,4,4,0.1536456248915744,0.018906936926730136
ENSG00000259803.6,SLC22A31,1.3690037344284391,NA,0.17099810757834555,0.06330284313785278,0.10931089651595724,0.0002752117304603333,NA,22,26,26,4.646836339299213e-07,0.14092710703593467
ENSG00000102575.10,ACP5,-1.3674061703239773,NA,0.17149802936408554,0.009395944120915222,0.07759736794008787,0.0025867988060525697,NA,3,3,3,0.16649360635597488,0.04569395423391357
ENSG00000255455.2,RP11-890B15.3,-1.3671384686536423,NA,0.17158190750500513,0.003981819987132963,0.09466447259167857,0.00089140253895296,NA,6,7,7,1.0822998223091276e-08,0.05814460228950949
ENSG00000272942.1,CTA-246H3.12,1.364231442869058,NA,0.17249473509441027,0.020871225894507225,0.035620872531911534,0.04841181518813425,NA,40,41,41,0.00023357627159624678,0.1161996303864581
ENSG00000168883.19,USP39,1.362571189287379,NA,0.17301769395544764,0.013099268224390784,0.0853395737353729,0.0011704183481005056,NA,26,27,27,0.11732690992427139,0.1766929148318808
ENSG00000219626.8,FAM228B,-1.3621177513364433,NA,0.17316072702574659,0.07130249171153857,0.3888169527434041,1.1506767705502364e-14,NA,45,45,45,0.0036318855071052402,0.1061963312590745
ENSG00000111696.11,NT5DC3,-1.3619530397933262,NA,0.1732127057330286,0.01784245922766556,0.050437944112033235,0.018623359132197512,NA,64,68,68,0.0002648661800619512,0.07193761521801319
ENSG00000253773.2,C8orf37-AS1,-1.3604158957309904,NA,0.1736983510817559,0.010874443587758036,0.06458668931953991,0.0064455099983562894,NA,22,23,23,7.110176942387901e-16,0.04229975947658303
ENSG00000197302.10,ZNF720,1.3577189863997803,NA,0.17455286983910157,0.00637695322276147,0.0517948982421266,0.012620858921712256,NA,2,3,3,0.1468583553233279,0.2389339454074617
ENSG00000013810.18,TACC3,1.3575705837193954,NA,0.17459998233913931,0.0129636128961187,0.055333051842557435,0.013364954956608149,NA,7,8,8,0.127368916807251,0.0973756050231936
ENSG00000135541.20,AHI1,-1.3572801071101266,NA,0.17469222566393017,0.012291372037282273,0.13488899049638675,6.347897570305362e-05,NA,9,10,10,1.2768617316872196e-05,0.1555141268639552
ENSG00000256463.8,SALL3,1.3569194381339786,NA,0.17480680979582786,0.007718686511482605,0.07269788268167611,0.004752404149878753,NA,12,30,30,0.002926383768915136,0.0624177187206366
ENSG00000186889.9,TMEM17,-1.3555487289829677,NA,0.17524279433483902,0.019970407158835003,0.15240998597135208,1.5360133190140986e-05,NA,21,22,22,1.1121517977976047e-05,0.11188806218406326
ENSG00000204792.2,LINC01291,-1.353839427526809,NA,0.1757876117862779,0.15299925094563013,0.5115049714794275,5.808527159329337e-20,NA,27,28,28,0.018918165389880583,0.1566889812386199
ENSG00000239389.7,PCDHA13,1.3524384623899048,NA,0.1762350922475151,0.041746394472406245,0.20944146656685547,4.490512849481739e-07,NA,50,62,62,0.016268742944651842,0.10592933709917013
ENSG00000100239.15,PPP6R2,-1.3521482395085607,NA,0.17632789805151172,0.013975163586620563,0.21821996262302246,1.5841556643784215e-07,NA,22,26,26,0.04974179302750883,0.17041742356844367
ENSG00000272168.6,CASC15,-1.3482624596680048,NA,0.17757398178130157,0.0025958160046374978,0.0341988143909072,0.047036844354524425,NA,9,9,9,0.0851665660444797,0.07816655411809383
ENSG00000230658.1,KLHL7-AS1,1.347196088021327,NA,0.17791708755195157,0.20535346400305637,0.5399523439820381,5.764739129631673e-22,NA,26,26,26,0.0906133784421571,0.0345896752992668
ENSG00000188659.9,SAXO2,-1.3424462854327817,NA,0.17945133569529648,0.01584185680471475,0.04301166197562175,0.02538773529126255,NA,12,13,13,0.05972920865511626,0.05575482843597823
ENSG00000004838.13,ZMYND10,1.3421187177600418,NA,0.17955750575676022,0.01268393040303528,0.05097400721288628,0.017409256383035164,NA,20,20,20,0.0239228290509409,0.21915013323089505
ENSG00000138326.18,RPS24,1.3420187753308115,NA,0.17958990803382058,0.003910551970251916,0.043827863460125314,0.029101828734009263,NA,8,9,9,0.15354572939975833,0.05848752770638415
ENSG00000129673.9,AANAT,-1.3398903382755527,NA,0.18028099968379108,0.06318697170275357,0.1457574808615835,2.2519852236415603e-05,NA,64,69,69,3.483818308347534e-05,0.3228357002238041
ENSG00000155085.15,AK9,-1.3385468651812673,NA,0.1807182338393608,0.026838106209128746,0.1499082197575429,2.342759225945321e-05,NA,24,26,26,0.005691466513830504,0.07213750809940711
ENSG00000184984.9,CHRM5,1.3381408785626376,NA,0.18085051725289092,0.3767714459837551,0.3350753693890604,1.0132006410327178e-11,NA,162,190,190,6.529097028947461e-11,0.3762971993169944
ENSG00000149084.12,HSD17B12,1.33616977173149,NA,0.181493788898072,0.07796051631689407,0.40551744169690457,3.5572189045740625e-15,NA,68,68,68,4.696289912735891e-05,0.0712200262576786
ENSG00000243477.5,NAT6,1.334051024216095,NA,0.18218713500324923,0.007943490216606373,0.0751877083790813,0.0036963116269620117,NA,2,2,2,0.18072743484644893,0.06368371444576752
ENSG00000184371.13,CSF1,1.3301402569346867,NA,0.1834720638356585,0.011459714393622415,0.06103233719053185,0.009657802454956616,NA,38,40,40,0.07055935545040455,0.06628175437757776
ENSG00000234807.5,LINC01135,1.3285045510303939,NA,0.18401148111356558,0.02807090667985624,0.04751130536547537,0.02106847739549152,NA,87,89,89,0.0005661006275192577,0.07545318799343957
ENSG00000185404.16,SP140L,-1.327913216167354,NA,0.18420677815722353,0.005272673375399902,0.06909068051786317,0.005740074073927789,NA,6,6,6,0.12540394072553845,0.033127046065981325
ENSG00000277587.1,CTD-3116E22.8,1.3276380561339503,NA,0.1842977061084211,0.10859506265174852,0.23720787248997266,2.1835350980018545e-08,NA,92,100,100,7.411720529787041e-05,0.21672702190455653
ENSG00000187630.15,DHRS4L2,-1.3270666747318423,NA,0.18448662796041482,0.07523486764887635,0.17372019283551302,2.9118332629705917e-06,NA,56,59,59,0.00016039047183419942,0.19428237850429514
ENSG00000177707.10,NECTIN3,1.3264447262404406,NA,0.18469243223490084,0.01900478426433626,0.09510214032632244,0.000968297504539176,NA,13,13,13,0.004676871680665578,0.24363448215843805
ENSG00000099326.8,MZF1,1.324220132765203,NA,0.18542994636622678,0.00626870397713982,0.06555754193094103,0.007007382345924163,NA,16,16,16,0.08514813039913198,0.02885945414779736
ENSG00000259459.5,RP11-321G12.1,1.323446627860901,NA,0.18568689424733797,0.08706737544640389,0.19832038405452213,6.115288944563136e-07,NA,46,49,49,3.3390510466732845e-06,0.1394590203961067
ENSG00000266489.1,RP11-178F10.3,-1.322439114628404,NA,0.18602197119049635,0.31625944600221134,0.5555339642654747,3.508798014811621e-23,NA,28,29,29,6.545676628126448e-05,0.4758939625859636
ENSG00000185838.13,GNB1L,-1.3222694550322234,NA,0.18607844021648046,0.016214187524623117,0.08118697253376791,0.0026884598150165835,NA,12,16,16,7.097213744772008e-07,0.17094705105538105
ENSG00000111666.10,CHPT1,1.3214777383507614,NA,0.18634212051172994,0.008187390482986445,0.1705949735767805,5.9309786109589435e-06,NA,23,23,23,0.1165505278830402,0.039126248641877484
ENSG00000198721.12,ECI2,1.3207877237676477,NA,0.18657215414915862,0.005259911874612049,0.05310645546370426,0.013291187623216214,NA,21,21,21,0.09380880147419247,0.14637998813884529
ENSG00000130717.12,UCK1,1.318012852059423,NA,0.18749934564396797,0.01574612208447379,0.04019632089875712,0.03352240816698495,NA,32,36,36,0.05273990379896466,0.2837064756278499
ENSG00000145736.14,GTF2H2,-1.3173185586929324,NA,0.18773186693520638,0.003350906645078972,0.11911927797070067,0.0001655029307379809,NA,1,5,5,0.1877318669352065,0.07919088695114837
ENSG00000135446.16,CDK4,-1.317242607430611,NA,0.18775731618919167,1.3652866489445613e-05,0.06620779601466369,0.006346833928589032,NA,9,18,18,0.14526694879481436,0.0048295668759398384
ENSG00000224790.2,AP000704.5,-1.3145408427244758,NA,0.1886642629834463,0.10460345506312238,0.3865724942775744,1.214880863155308e-14,NA,12,13,13,0.015534053361083716,0.14444601898440848
ENSG00000109586.11,GALNT7,1.3143336985266636,NA,0.18873393168264596,0.007872808704532544,0.09968446790413564,0.0008440364941058178,NA,12,13,13,0.010677238497845031,0.05224441746618999
ENSG00000183798.4,EMILIN3,-1.313155180906786,NA,0.1891306629473175,0.0616019945696482,0.13691287794861928,4.8672156832960556e-05,NA,48,50,50,0.0003609894808288478,0.11905725171579365
ENSG00000167525.13,PROCA1,-1.3123600180877435,NA,0.18939869037206036,0.010451603112763042,0.09546855411751964,0.0008346794914155602,NA,4,4,4,0.01341006382739657,0.0895623291883249
ENSG00000158246.7,FAM46B,1.309858218363514,NA,0.19024380385398088,0.06391008959184943,0.06381734250546021,0.007520525088943675,NA,64,69,69,0.0011527330101768147,0.2201693558680196
ENSG00000178301.3,AQP11,-1.3050595910135983,NA,0.19187255710025053,0.014143468792579196,0.05250487809983074,0.01685834476682797,NA,33,38,38,0.007952577732782717,0.29480081669813696
ENSG00000236287.7,ZBED5,-1.3043596312040566,NA,0.19211099240043805,0.011317734005331192,0.09858295372476816,0.0007341627810364782,NA,15,15,15,0.02046506545039096,0.21092476401342086
ENSG00000232388.4,LINC00493,1.3016532789464856,NA,0.19303493775155423,0.01701175447807684,0.1858398037810646,2.1980683069540155e-06,NA,6,6,6,0.09106685802476858,0.06821324166565415
ENSG00000166025.17,AMOTL1,-1.3012429597226334,NA,0.19317530476262146,0.033818806677894137,0.11576873284769433,0.00027975353556421807,NA,32,33,33,1.5259936570490682e-06,0.12614567838966906
ENSG00000205560.12,CPT1B,1.300834706743442,NA,0.19331503932761562,0.05107719643862328,0.3351828697409725,1.1333360946445294e-11,NA,29,31,31,0.00016891408743895773,0.08517389130226803
ENSG00000198816.6,ZNF358,-1.2993327169108762,NA,0.19382977110603805,0.028054749811774568,0.0410556179645265,0.033201023636595564,NA,78,80,80,0.00018807446757276058,0.14805549252179434
ENSG00000107833.10,NPM3,-1.297808174568799,NA,0.1943532599151293,0.013609288426871835,0.14496712068497766,2.8312220670673682e-05,NA,14,15,15,1.4135757411883248e-09,0.12521388316524412
ENSG00000140873.15,ADAMTS18,1.2975787769769507,NA,0.1944321188938125,0.2302593849741654,0.5134027353146778,3.7625265210738806e-20,NA,33,33,33,0.017146313979702277,0.09048357004971157
ENSG00000183828.14,NUDT14,1.2962217247637702,NA,0.1948991069610293,0.04634440527452565,0.3279648608654309,3.9392157222642764e-12,NA,11,11,11,0.139215433147281,0.04242960269209892
ENSG00000204149.10,AGAP6,-1.2960962241415614,NA,0.1949423356910368,0.0388016816038316,0.03353841831581985,0.04361691743505495,NA,63,63,63,0.0002574488645760927,0.6022771199732736
ENSG00000196236.12,XPNPEP3,-1.2952123715416528,NA,0.19524697818746106,0.015440795927024376,0.07915628231215037,0.0025627155759311016,NA,47,50,50,1.2183585938402934e-09,0.11364199859419814
ENSG00000010072.15,SPRTN,-1.2945721507686594,NA,0.19546786463326715,0.03174923227195606,0.07910524570567512,0.002846510327574129,NA,41,42,42,0.0010648008618247308,0.14968973385572182
ENSG00000138640.14,FAM13A,1.2943657006771674,NA,0.19553913227873843,0.036564099154866414,0.08112042734806052,0.001805466535893915,NA,22,23,23,1.616244355792671e-11,0.15982189321924065
ENSG00000176390.11,CRLF3,-1.2939230154071648,NA,0.1956920137478153,0.03275555960234494,0.13124752644057938,8.158125461519098e-05,NA,16,17,17,1.8747999992884855e-09,0.1880608213320532
ENSG00000166260.10,COX11,-1.2921811131467178,NA,0.19629443078605668,0.01835606130823593,0.2280816512856684,3.813510466205549e-08,NA,45,45,45,0.15805650092197732,0.021875228582772983
ENSG00000161798.6,AQP5,1.290996345447471,NA,0.19670494475753109,0.07204573255215545,0.3139911299430028,5.120226370402762e-12,NA,25,28,28,0.005521083806520032,0.22014994610862765
ENSG00000266490.1,CTD-2349P21.9,1.2900363465425992,NA,0.19703803871241077,0.08055345057031656,0.2141955557650099,1.0989966817596248e-07,NA,88,97,97,0.0002498958643048932,0.10188465516933404
ENSG00000084636.17,COL16A1,1.289963382479723,NA,0.19706337216737568,0.07733074670986402,0.3323651175321677,4.2630361319674535e-12,NA,60,68,68,2.4849645605768985e-16,0.15835889024674718
ENSG00000110768.11,GTF2H1,1.2839140431951581,NA,0.19917203302114106,0.013061482520440704,0.2103874535051855,2.689418469397042e-07,NA,29,30,30,0.066241154294197,0.029769355789046777
ENSG00000213799.11,ZNF845,1.282521831924837,NA,0.19965965143734488,0.015245449654628563,0.10788378009005857,0.0005105524735757848,NA,15,18,18,0.05954357247512203,0.07063939146018952
ENSG00000172803.17,SNX32,-1.2816793485186995,NA,0.19995515227475702,0.022874400388478166,0.16256668987683268,1.065938597524001e-05,NA,25,25,25,7.874231339592225e-08,0.1999295958948506
ENSG00000197746.13,PSAP,-1.280020733500689,NA,0.20053784414000841,0.018883834136667506,0.0761690958504537,0.0020939621244100448,NA,66,74,74,0.001321871697236134,0.16286749857549265
ENSG00000075223.13,SEMA3C,1.2777143819966303,NA,0.2013501523137674,0.010986816648063752,0.0931762366485474,0.0008978293429954494,NA,16,22,22,0.024210648932551856,0.24208535624049735
ENSG00000283033.1,RP11-219A15.5,1.2748302133222473,NA,0.20236934423620734,0.19431877168645723,0.17295034365149134,3.6367742814913675e-06,NA,58,62,62,0.018210676186341652,0.34505238528275783
ENSG00000121350.15,PYROXD1,1.2741467297851945,NA,0.2026114200112309,0.007559021145643245,0.04654295296223675,0.022063180200972646,NA,9,10,10,0.1188592578647418,0.10833443551060656
ENSG00000177752.14,YIPF7,-1.2737648074878185,NA,0.20274678086169606,0.0616123782056038,0.055796096795999305,0.013817166031574523,NA,33,33,33,0.0013252526386903682,0.17447993554073926
ENSG00000129451.11,KLK10,1.2731539164587862,NA,0.20296342972000703,0.032856836609447077,0.08300074726733599,0.0024439972233617053,NA,22,28,28,0.005086228317996637,0.2198214191302406
ENSG00000129347.19,KRI1,1.2705739942985885,NA,0.20388024348969935,0.020253970118405164,0.09190715786095273,0.0008761348724925865,NA,13,13,13,0.005025920782752404,0.12898026090184614
ENSG00000186792.16,HYAL3,-1.2681722055362261,NA,0.20473646046279603,0.04876948255771941,0.2705723217766098,9.445926313567905e-11,NA,4,4,4,0.18072743484644893,0.4106578066560377
ENSG00000151917.17,BEND6,-1.2676449963478296,NA,0.20492475547672828,0.03642998542772716,0.4544804813823845,5.848784644112604e-17,NA,33,34,34,0.011577983758857198,0.06587456547001191
ENSG00000262165.2,RP11-81A22.5,-1.2674453698199248,NA,0.2049960857989177,0.17196499078283153,0.3321251681227285,1.598322265484694e-11,NA,44,50,50,0.013009214981175788,0.7319844296379605
ENSG00000157322.17,CLEC18A,-1.2640340723029893,NA,0.2062177977833083,0.11336919999996745,0.3679290630149355,1.441939024158415e-14,NA,11,12,12,0.0798974943848256,0.14427892447621002
ENSG00000214026.10,MRPL23,1.2637245881485997,NA,0.20632889660185205,0.05627869766554751,0.25949717072092165,1.98803330164141e-09,NA,46,55,55,0.15532528387195974,0.28942090531941683
ENSG00000246375.2,RP11-10L7.1,1.2633725644665947,NA,0.20645531911798964,0.19971540930244241,0.5084223089630645,4.7829571971284744e-20,NA,13,13,13,0.08436264946443017,0.1504804624242354
ENSG00000238243.3,OR2W3,1.263122907909023,NA,0.20654501253981294,0.03881439353622306,0.1701254126826225,1.4833736603305891e-06,NA,42,47,47,0.008395408085959786,0.16479148817095846
ENSG00000275074.1,NUDT18,1.263074669888156,NA,0.20656234614124336,0.0018528005703422252,0.05126820456850086,0.017218745222817352,NA,2,2,2,0.20174375338373995,0.030234216022842517
ENSG00000233087.7,WTH3DI,1.2614883348231167,NA,0.2071329601891826,0.02439081303995171,0.090884632764761,0.00116738360271321,NA,17,20,20,0.00032735316767729426,0.22289953054735526
ENSG00000168754.14,FAM178B,1.2598212801703983,NA,0.2077338413090225,0.0143193427563239,0.06352378911973701,0.006559425732991296,NA,42,46,46,0.0001280294949409642,0.11498579091199206
ENSG00000187010.19,RHD,1.259553904439406,NA,0.20783033302263498,0.1707383220157498,0.3920217633290968,2.1968529655002686e-14,NA,53,55,55,3.851741398023238e-05,0.3266126408906837
ENSG00000163945.15,UVSSA,1.2590819684903491,NA,0.20800072662952962,0.022762808577520128,0.09539711203546383,0.000433366937657432,NA,19,24,24,0.0001251743564486224,0.09858515696448288
ENSG00000011638.10,TMEM159,-1.254504892217982,NA,0.20965854866774625,0.06463478214764168,0.0942911973858862,0.001051125593446586,NA,36,38,38,0.013847020588873021,0.2145714028095897
ENSG00000122971.8,ACADS,-1.252305856383774,NA,0.21045843571946865,0.013251316751027954,0.10315906267636832,0.00035378759563030164,NA,26,28,28,0.0029011168145430958,0.07108898303940381
ENSG00000127507.17,ADGRE2,-1.2441221658504573,NA,0.21345460423258478,0.0036365538188771413,0.04085548222597506,0.03220731639201109,NA,19,19,19,0.05227376722270852,0.042494717970961916
ENSG00000273100.1,RP11-302L19.3,-1.24142796345536,NA,0.2144476943013468,0.00843476734178541,0.12950591360040498,9.971862984399937e-05,NA,11,14,14,0.0714984097168882,0.08848862002655895
ENSG00000151689.12,INPP1,1.236843221711097,NA,0.2161452924287922,0.017582737758420106,0.16716813449762125,5.799207592548566e-06,NA,27,27,27,5.435679558701044e-05,0.07571695555188505
ENSG00000189366.9,ALG1L,-1.2358130034070556,NA,0.2165280803381051,0.1541010682456077,0.36013108747695605,4.758999192172175e-13,NA,55,59,59,0.006305629269214696,0.2092079348290467
ENSG00000180777.13,ANKRD30B,1.2357105807479094,NA,0.21656616314863208,0.014520609038738449,0.07504185487076863,0.0028499342114284513,NA,17,19,19,0.0001050141019037445,0.07474045436686194
ENSG00000178187.7,ZNF454,1.2343063751404346,NA,0.2170887612594674,0.02578660298236689,0.04328586480277112,0.0243220440413665,NA,15,16,16,0.05950056098480895,0.10871976534141567
ENSG00000225506.2,CYP4A22-AS1,-1.2338084566845975,NA,0.21727428746099342,0.025316216202103073,0.03793138703698192,0.04273268442895136,NA,24,26,26,9.709745041605622e-06,0.09318670460701796
ENSG00000101460.12,MAP1LC3A,-1.2330126752038184,NA,0.21757103521818055,0.008096669691022372,0.038705077493288616,0.03844349866375831,NA,56,56,56,0.0007075500788309898,0.09229607840455252
ENSG00000104899.7,AMH,1.2325310076088623,NA,0.21775079109401962,0.009752963828395233,0.14887406027216007,1.658868910753698e-05,NA,3,4,4,0.12928023860852694,0.17378711542075298
ENSG00000103275.19,UBE2I,-1.229135989044361,NA,0.2190208236992448,0.006313829142462317,0.08005721722090695,0.0022922121719835585,NA,17,20,20,0.017967417600176956,0.07178725164820889
ENSG00000172554.11,SNTG2,-1.2291316507066525,NA,0.21902245001133802,0.10292858758548862,0.09834419912745383,0.0006432965796985713,NA,51,58,58,3.975316252697113e-05,0.26352129229270616
ENSG00000218510.6,LINC00339,1.2290573814311492,NA,0.21905029267001863,0.028509038558127597,0.19862574652211307,3.686884519366046e-07,NA,12,12,12,0.039363618359858646,0.18265532113030652
ENSG00000177106.14,EPS8L2,1.2263368368148806,NA,0.22007194453695256,3.79501790364689e-05,0.04184737049261239,0.030177866739809524,NA,1,4,4,0.22007194453695278,0.008602490867249691
ENSG00000132010.15,ZNF20,-1.2256423893600612,NA,0.2203332786962071,0.0111900827569167,0.12475142241993645,0.00014792858143805043,NA,13,15,15,2.2896840393809501e-10,0.22246898458557615
ENSG00000164346.9,NSA2,1.2240352204428808,NA,0.22093894133281022,0.07608471738139293,0.3665995856745468,3.2501871292980845e-13,NA,22,22,22,4.844562883245973e-08,0.036322205360515
ENSG00000198874.12,TYW1,-1.2215825525789403,NA,0.22186552988677,0.09772256365926829,0.4169490773746463,5.575379683722218e-17,NA,27,32,32,0.177539268826871,0.03927651495274285
ENSG00000140022.9,STON2,-1.2211770970134759,NA,0.22201897387462155,0.00559454038636425,0.0516589097598737,0.014707413216676322,NA,26,26,26,0.00011167194182074246,0.05550852946248112
ENSG00000105136.20,ZNF419,1.2200587304561938,NA,0.22244261178099423,0.09512560540442004,0.3515444627196461,4.319694529922577e-12,NA,41,42,42,0.07717735970857824,0.09536840478035996
ENSG00000111215.11,PRR4,1.2183259519346141,NA,0.2231001317973761,0.0004644752352236368,0.06922285345743831,0.003299842209158269,NA,4,60,60,0.20557910304973726,0.020343605310745253
ENSG00000214402.6,LCNL1,1.216341594634708,NA,0.22385482274982194,0.0430424085932747,0.2872144224670075,3.927229822709852e-10,NA,12,12,12,0.014993673446768245,0.15330614429222642
ENSG00000166582.9,CENPV,-1.2149648047705484,NA,0.22437951516608046,0.09344395387519128,0.4075599648282207,7.93161960557303e-16,NA,22,24,24,0.01730506199926961,0.11957634790504805
ENSG00000144792.9,ZNF660,-1.2131883169249258,NA,0.22505782986338152,0.03585896882385664,0.13268218556946798,4.110448060582967e-05,NA,47,47,47,0.0005694658876548451,0.0759682841547596
ENSG00000172340.14,SUCLG2,1.2127114586457615,NA,0.22524015731856528,0.013828679295202947,0.048982958415488866,0.01729399210651595,NA,37,39,39,7.333456163862092e-07,0.08842928613126308
ENSG00000106066.14,CPVL,-1.2109940071827832,NA,0.22589770149167498,0.00844741851605862,0.13876713670996646,3.6626781163582724e-05,NA,12,16,16,0.028667121587624543,0.14227973847580164
ENSG00000167377.17,ZNF23,1.2086751412547247,NA,0.22678767564739932,0.028427699105401365,0.08078213733172328,0.0027293349055143357,NA,18,18,18,1.3412205684638051e-05,0.09149645286649624
ENSG00000162039.14,MEIOB,-1.207538666231599,NA,0.22722476349217513,0.013259197726722956,0.04440071285657063,0.01913048878924065,NA,4,5,5,0.22573381609189236,0.10654945219572602
ENSG00000280670.2,CCDC163,-1.2073285003765262,NA,0.2273056589538246,0.10458132663130018,0.19285419157525616,6.841765416274229e-07,NA,25,27,27,2.865897260727677e-06,0.6587594949633976
ENSG00000198885.9,ITPRIPL1,1.2070424602817065,NA,0.2274157923418555,0.011858585012858754,0.044513103307808576,0.029612713476076493,NA,7,7,7,0.17399524572246505,0.10687980194030793
ENSG00000180535.3,BHLHA15,1.2028973739041229,NA,0.22901603671006332,0.05214405978312919,0.2550623793857098,1.4870225667114656e-08,NA,17,18,18,2.419427587987054e-06,0.0955033439789605
ENSG00000188818.12,ZDHHC11,1.2015153759647144,NA,0.2295513456896524,0.126542076530148,0.17927653247700184,2.07475517107738e-06,NA,83,108,108,4.2651254049669053e-05,0.5764251944139362
ENSG00000137563.11,GGH,-1.19770550491928,NA,0.23103168548180153,0.05510686363456621,0.1533208410598125,7.879231155802712e-06,NA,80,82,82,5.59640156927569e-21,0.2822677367807768
ENSG00000245532.7,NEAT1,-1.1969907409308325,NA,0.23131016368601875,0.015173330487414108,0.1688059091313356,6.657434669967716e-06,NA,12,12,12,0.029658789649880578,0.04680515532858066
ENSG00000134569.9,LRP4,-1.196414179518566,NA,0.23153497065633177,0.0047072549707366,0.04537848895636516,0.02650766371762643,NA,21,22,22,7.34612760496995e-06,0.0617328826179785
ENSG00000066651.18,TRMT11,1.1956735211165859,NA,0.23182398829921314,0.007022523990570307,0.04747483669087102,0.022303883534904114,NA,28,29,29,0.01487382570456268,0.12698986051976205
ENSG00000198182.12,ZNF607,-1.1956424269478148,NA,0.23183612737865467,0.04431334912125735,0.2024320749704981,5.315090489878192e-07,NA,34,35,35,0.08770985841575663,0.044261391205870464
ENSG00000113396.12,SLC27A6,-1.1945833970528061,NA,0.23224983926540288,0.07787291593968103,0.2507981166487229,1.7239009922010635e-08,NA,63,63,63,0.030602269584699873,0.09175658747422943
ENSG00000102580.14,DNAJC3,-1.1941887623715315,NA,0.2324041379255405,0.008369116113362215,0.10302609656330013,0.0004652594718334744,NA,21,21,21,0.002310761703153214,0.03708288990789819
ENSG00000104979.8,C19orf53,1.1937809420449543,NA,0.23256366847523635,0.0037267220351569095,0.06644772781334014,0.003997271657714426,NA,11,13,13,0.08386798120803751,0.03539230226768871
ENSG00000137218.10,FRS3,-1.1937100950081647,NA,0.23259139023365938,0.016269263624063956,0.08902271219266861,0.0014355999745394828,NA,29,32,32,0.0032977936955068564,0.07748953091714654
ENSG00000255652.3,RP11-313F23.4,-1.1919552404768659,NA,0.23327879621055658,0.056144443399273374,0.08208499421913094,0.0025520056750966674,NA,38,40,40,4.1136698244899376e-07,0.27071769680752344
ENSG00000063978.15,RNF4,-1.1898685480775641,NA,0.23409806208202488,0.002538007830524327,0.06766369364970716,0.006394929309696347,NA,6,6,6,0.15880935559046938,0.043562660399932084
ENSG00000182004.12,SNRPE,-1.1870789732108036,NA,0.2351964713882252,0.01538650447088602,0.11588017390389348,0.0002550217469950918,NA,22,24,24,0.06260944370882421,0.0939689630089286
ENSG00000234177.5,LINC01114,-1.1865268854337478,NA,0.2354142905327199,0.027891421732047873,0.22004528481179936,1.5703247603034642e-07,NA,27,28,28,0.04410083484973621,0.02674339224474389
ENSG00000143575.14,HAX1,-1.1859756249848952,NA,0.23563192567767532,0.03312694312627999,0.06720187272905369,0.004363116693317369,NA,108,111,111,4.697716431314932e-10,0.09730308330642852
ENSG00000197912.14,SPG7,-1.1832622008196212,NA,0.2367052483665203,0.00591931574716845,0.06759137555466285,0.005045686025671414,NA,11,11,11,5.837531624413615e-17,0.08758297809268797
ENSG00000189308.10,LIN54,1.1825759579982316,NA,0.23697724546886922,0.025216637999771294,0.1352090462310212,4.012942060964096e-05,NA,55,59,59,0.027201161064152008,0.2598564335277346
ENSG00000249926.2,RP11-495K9.6,1.1822942243710675,NA,0.23708897648223048,0.020076222674720447,0.08626194327790157,0.0017663890685776027,NA,4,4,4,0.0014303132690985257,0.1612488778590325
ENSG00000181027.10,FKRP,1.1800801111881027,NA,0.23796835409485184,0.019474339203775486,0.07094575567419174,0.004692378857472927,NA,21,23,23,0.06825475373721969,0.07713344940059266
ENSG00000181631.6,P2RY13,1.1760650510045485,NA,0.23956888236192564,0.0029794693958696645,0.05435523826669686,0.014029112738068677,NA,12,13,13,0.18545324388755613,0.07438842170986222
ENSG00000264880.1,RP11-805F19.1,-1.1760233764884234,NA,0.23958553483051281,0.04643332813123099,0.2706762284707215,1.4133910889794354e-09,NA,23,38,38,0.01967018241180553,0.10147068962698627
ENSG00000198822.10,GRM3,1.1757703267384705,NA,0.2396866669782507,0.01548535767934381,0.038732437079488105,0.03970356856567762,NA,34,34,34,0.0014162236812922198,0.08068158502757848
ENSG00000254333.1,NDST1-AS1,-1.1752781463116126,NA,0.23988345466324346,0.13173930496327402,0.2559906819032793,1.0375192798493892e-08,NA,32,37,37,3.2279852819879213e-06,0.5961338856428519
ENSG00000187624.8,C17orf97,1.1740621717200959,NA,0.24037012396796942,0.03602755961917762,0.33330451528156224,2.0161068473731177e-12,NA,17,20,20,7.227047539557439e-12,0.1875582130998204
ENSG00000175711.8,B3GNTL1,-1.172347374122604,NA,0.24105761879662102,0.044760151818385975,0.18356052325497016,5.671039850480998e-07,NA,25,26,26,0.008723129464760906,0.10010156363908856
ENSG00000149089.12,APIP,-1.1717386556214169,NA,0.2413019982534894,0.19609294593125493,0.6117134923722113,1.8661951061960358e-27,NA,38,41,41,0.16661723835683995,0.0734172667536205
ENSG00000130762.14,ARHGEF16,1.1707232458444388,NA,0.24171003825989512,0.04941159305821324,0.133691454143362,6.821682653797386e-05,NA,39,49,49,0.0082509952664688,0.13657360357875628
ENSG00000143641.9,GALNT2,-1.1684060226466075,NA,0.24264302674888738,0.022093543857847432,0.14472292455009025,1.6583090800361798e-05,NA,34,35,35,0.0014337730479560052,0.1294972688817052
ENSG00000223572.9,CKMT1A,-1.1678727075137232,NA,0.24285811455745343,0.006531669182504369,0.12075849133530307,0.00016111746177359794,NA,20,21,21,0.07571259904208168,0.08649163725849117
ENSG00000111077.17,TNS2,1.1668876370928514,NA,0.2432557491842694,0.022212298205492514,0.3270640691899155,4.644636010716254e-12,NA,35,35,35,0.0038525280071384223,0.07759472059015485
ENSG00000279797.1,RP11-432J3.4,1.166806955760646,NA,0.24328833736166522,0.005922864640399608,0.04074749827055636,0.03176935605597567,NA,7,7,7,0.034082190105470256,0.09281925619600406
ENSG00000166268.10,MYRFL,-1.1651991888896889,NA,0.24393837389226014,0.07390342003132999,0.2186248569848402,2.0562399119854601e-07,NA,40,40,40,0.017122848037363542,0.24518787933703765
ENSG00000137877.9,SPTBN5,-1.1646155907651239,NA,0.24417463005272289,0.039506954567152495,0.07756553711077117,0.003266215053504241,NA,20,21,21,6.233208408583056e-05,0.14545964246519102
ENSG00000157014.10,TATDN2,1.1629120039458725,NA,0.24486520658532718,0.008838640658857403,0.036321128066556865,0.039126860394624235,NA,17,17,17,0.12436223257231158,0.039196587559134535
ENSG00000251575.2,C5orf64-AS1,-1.1627181772679847,NA,0.24494386412804392,0.005377357403604837,0.07118091194989802,0.00492357094415818,NA,5,5,5,0.11461440480750267,0.040364505084883866
ENSG00000188878.19,FBF1,-1.1620230971660335,NA,0.2452260830246198,0.009352139947862029,0.07175729119297856,0.003509412716244909,NA,25,27,27,0.0034488246061051193,0.07338708601139332
ENSG00000180398.11,MCFD2,-1.1612127377698978,NA,0.2455553959408867,0.006766781406069773,0.13390941182921845,1.143881972862821e-05,NA,2,2,2,0.2166739713389939,0.13215401337172974
ENSG00000085788.13,DDHD2,-1.1611333313638277,NA,0.24558768170150602,0.018542960053733883,0.043395276973981205,0.02717436482545901,NA,39,46,46,2.0773898984559677e-08,0.07959945785077707
ENSG00000065183.15,WDR3,1.1608361056395173,NA,0.2457085567983528,0.014242555378852106,0.15923060026276553,7.973278407776789e-06,NA,13,14,14,0.015877405753760888,0.2569744865567026
ENSG00000224758.1,LINC01167,-1.160825388253491,NA,0.24571291610021406,0.07448705062415972,0.056117587828899855,0.011892506485674241,NA,47,51,51,0.008539268426622981,0.1797440740650953
ENSG00000050426.15,LETMD1,1.1585467801953278,NA,0.24664097281844588,0.0035357370421370406,0.04152357570944013,0.031526399779519536,NA,29,30,30,0.058650569720694684,0.07162742542157201
ENSG00000137142.4,IGFBPL1,-1.1565592755264438,NA,0.2474524687656987,0.04614592561724577,0.07622563889223588,0.003713752334835835,NA,61,74,74,0.06683545366862968,0.0957900439445134
ENSG00000112695.11,COX7A2,1.154115614847398,NA,0.2484527724296376,0.007942482428660514,0.037404351454649126,0.04509814193124748,NA,41,41,41,0.0011400449789187093,0.12091991772746137
ENSG00000267268.1,AC007204.2,-1.1538347302396001,NA,0.24856793251829556,0.049062490644801796,0.13396415558701807,6.167823528609879e-05,NA,25,25,25,0.0027981191283953147,0.15672961992117676
ENSG00000161204.11,ABCF3,-1.1517625778138652,NA,0.24941864950105652,0.0047894075664589985,0.03930571023966256,0.038226479532761,NA,10,14,14,0.005513831131495992,0.23740292750788736
ENSG00000133106.14,EPSTI1,-1.1515928766212993,NA,0.249488409938744,0.021984640016414723,0.05254691015840837,0.013631643347669194,NA,19,19,19,0.0003046814052700735,0.08320218434971184
ENSG00000281731.2,RP11-384K6.8,-1.1475103519406098,NA,0.25117075721244064,0.06928111538235282,0.13717505471150787,4.284736061710995e-05,NA,25,26,26,0.017452696118207513,0.0811476448646988
ENSG00000128039.10,SRD5A3,-1.1450191664341438,NA,0.2522012179122828,0.05185574490424224,0.15848088307059868,1.5786097986912906e-05,NA,69,71,71,5.85058477725347e-06,0.28009669675770266
ENSG00000011376.9,LARS2,-1.1447385815117772,NA,0.2523174642177478,0.028203975169391673,0.23528292989090185,5.5626756798548696e-08,NA,17,18,18,0.08284448699413749,0.12932794156523
ENSG00000047346.12,FAM214A,1.144426003384267,NA,0.25244700927881036,0.024952308027631806,0.17074477257655885,1.2867059797223913e-06,NA,10,10,10,0.002525491496803038,0.18063781184231886
ENSG00000185324.21,CDK10,1.1429482763236363,NA,0.25306006691511884,0.07435637077132373,0.1106653743328165,0.00027506766381012193,NA,56,64,64,4.4257321891557364e-15,0.3740614972964644
ENSG00000261478.1,RP11-429B14.4,-1.1423961458586902,NA,0.25328939258399963,0.02530108955121799,0.2171700724006222,2.0844434085731762e-07,NA,8,9,9,5.268797179546504e-14,0.09725393333786272
ENSG00000214776.10,RP11-726G1.1,1.1420513374009726,NA,0.2534326810980897,0.08067397111618389,0.16817550396712494,2.951403506714972e-06,NA,18,19,19,0.14107474081297589,0.08313235664941605
ENSG00000172456.17,FGGY,-1.1414006495526525,NA,0.2537032345173429,0.015081278615868794,0.13240667740120768,5.332329318537194e-05,NA,27,28,28,0.0006253533561377588,0.2006224652669766
ENSG00000173153.13,ESRRA,-1.1405440889006588,NA,0.25405969550842555,0.008846088639233474,0.10403742318927432,0.0005003908056058121,NA,14,15,15,1.4819604920255448e-06,0.03949097073616538
ENSG00000186732.13,MPPED1,1.1395888535764302,NA,0.2544576312752064,0.03146095719619664,0.05013559465146584,0.01419099149979275,NA,48,52,52,0.0020432182774433247,0.4437558344163233
ENSG00000183785.14,TUBA8,-1.1382377276351134,NA,0.25502122885319634,0.029790795716714863,0.07298018141558953,0.004124004316946057,NA,28,28,28,0.011249927438409007,0.2226029987001097
ENSG00000237940.3,LINC01238,1.1352488173820192,NA,0.2562710806471413,0.023953901706546446,0.1914851364304128,1.1817632019234536e-06,NA,31,35,35,0.020241267425208508,0.14818144749809242
ENSG00000250490.1,LINC02145,-1.134763394815157,NA,0.25647446732886614,0.07135269067097755,0.16815589207084197,3.65511528662312e-06,NA,33,34,34,0.0010396388345760787,0.1320861347673655
ENSG00000184206.11,GOLGA6L4,1.1342223269098166,NA,0.25670130086202136,0.0822542837332691,0.17518778482998998,4.769070632754058e-06,NA,30,31,31,1.141724890655064e-09,0.1111640877057066
ENSG00000178078.11,STAP2,1.1319391202537563,NA,0.2576600303020482,0.13380866895568166,0.1795009771175435,2.1523885013283125e-06,NA,70,79,79,0.007932568146179613,0.4732538856854425
ENSG00000213853.9,EMP2,1.1303040751676379,NA,0.25834811800335356,0.047969281059860994,0.04953848415909568,0.01663118758994865,NA,67,69,69,3.005664154741947e-10,0.17560801624581127
ENSG00000171160.17,MORN4,-1.130164117933512,NA,0.2584070763376751,0.00806902985196871,0.17717822684012155,3.311275062025013e-06,NA,16,16,16,1.600562414803643e-06,0.052622160936434036
ENSG00000248174.5,RP11-148L24.1,1.1287670660749223,NA,0.2589961091484376,0.0990416870562198,0.20601109924963412,2.7875464976059986e-07,NA,18,19,19,0.016305997583685738,0.4942411781014585
ENSG00000057252.12,SOAT1,1.1285059452056885,NA,0.2591063074922674,0.003292701919346152,0.13357042716084394,7.201350150025935e-05,NA,1,1,1,0.2591063074922674,0.08632671707947755
ENSG00000115687.13,PASK,-1.1284861291297001,NA,0.25911467160718704,0.008355068168608074,0.05840154471205585,0.011328477024148277,NA,29,30,30,0.022203885285586027,0.05411038562447888
ENSG00000176974.19,SHMT1,1.127719551921447,NA,0.2594383777268747,0.013446976644000724,0.052620841706764974,0.012021415161507155,NA,7,8,8,4.362236144018241e-06,0.05476046988212169
ENSG00000214941.7,ZSWIM7,-1.1267575883096501,NA,0.259844986665665,0.02686449560589775,0.1854564790601627,1.932483980647048e-06,NA,13,13,13,0.21002250393316857,0.04759021345415551
ENSG00000144741.17,SLC25A26,-1.1267334255624841,NA,0.2598552056071086,0.10243497632303208,0.4626177453274887,7.761961806309562e-18,NA,32,33,33,2.308205092593241e-08,0.14383446102285105
ENSG00000156414.18,TDRD9,-1.1252488436505046,NA,0.2604836007174264,0.046514508765355,0.1132897967733486,0.00017548768581114474,NA,78,80,80,2.376563139076243e-10,0.23938502706907064
ENSG00000088836.12,SLC4A11,-1.1243546882482425,NA,0.2608625865176488,0.06842232524370552,0.11863557373231655,0.00011235775755048618,NA,87,88,88,5.464126814502447e-05,0.25103827358734304
ENSG00000137463.4,MGARP,1.122866460394293,NA,0.2614942139038877,0.012543380956912337,0.06304457381246749,0.00899882836902252,NA,12,12,12,0.005921780051160397,0.0856426900429738
ENSG00000241231.1,RP11-275H4.1,-1.1213375044919702,NA,0.2621442270631764,0.18310171628362182,0.3732628625951555,1.512544846822711e-13,NA,39,40,40,0.0466516499217016,0.20982181827510588
ENSG00000182600.9,C2orf82,1.1181339981244467,NA,0.2635097679841999,0.09772243814151163,0.2528294949756218,7.684529314909622e-09,NA,39,43,43,0.01993672426742363,0.21690058177477567
ENSG00000171729.13,TMEM51,1.1180567296285815,NA,0.2635427653040614,0.007148659450658476,0.09291852180869847,0.0008945385205669843,NA,3,3,3,0.23279339153843448,0.07559463497147785
ENSG00000250565.6,ATP6V1E2,-1.1159365332641733,NA,0.26444930239364905,0.01550878181740374,0.15421209681823647,1.7431197326497274e-05,NA,16,16,16,0.00649273591784152,0.11793618235698987
ENSG00000178222.12,RNF212,1.115872864978516,NA,0.26447655839055584,0.017901335726869756,0.1821360145692498,2.429730637782064e-06,NA,15,16,16,3.6704664240292165e-08,0.09088545019755484
ENSG00000104442.9,ARMC1,1.1151186398119133,NA,0.2647995848440443,0.027460550865244075,0.2209729858359098,2.0639781548425547e-07,NA,63,63,63,0.00033038480791990207,0.1048382777457154
ENSG00000232859.9,LYRM9,1.114669578937653,NA,0.26499204182781144,0.021288376999193483,0.18457257444377595,6.645378478673194e-07,NA,24,26,26,1.455139868307062e-16,0.0562518740191564
ENSG00000204138.12,PHACTR4,1.11390585247991,NA,0.2653195784204201,0.013475765573403766,0.09390616278390776,0.0011234603086648417,NA,51,51,51,0.013175461891414098,0.057301232968403
ENSG00000176386.8,CDC26,1.1134995414938418,NA,0.26549394513601243,0.014720726350767835,0.10296585675837884,0.0005682485771268066,NA,10,11,11,0.132873410034658,0.06324516699241421
ENSG00000100577.18,GSTZ1,-1.1114847061510544,NA,0.2663597695043516,0.012826830700107301,0.041933154879194835,0.02190992055198521,NA,12,12,12,0.09766671313474726,0.05083898913080985
ENSG00000119318.12,RAD23B,1.1110275888346033,NA,0.2665564742014549,0.004047044183134667,0.038563287165030415,0.042682318686832386,NA,36,37,37,0.0004752575444773177,0.0777789953795312
ENSG00000139629.15,GALNT6,1.1101859427373153,NA,0.26691890899347015,0.04233532929447888,0.3735135668881844,2.9021746131343385e-13,NA,26,28,28,0.01915277144994047,0.10258340864624198
ENSG00000251350.1,LVCAT1,-1.1100332842316,NA,0.26698468403173026,0.1908265470090202,0.3659369963844772,3.390563697731588e-13,NA,64,64,64,0.01552414724477978,0.2569594853945001
ENSG00000188707.5,ZBED6CL,1.1086550262471813,NA,0.26757903029768604,0.05335376413527003,0.2921958296401079,6.063523326602875e-10,NA,13,13,13,0.14258433016175825,0.07884815032016708
ENSG00000137364.4,TPMT,-1.108563423156738,NA,0.2676185645107473,0.004580802408930981,0.05172245287077605,0.016967491119101983,NA,1,1,1,0.26761856451074717,0.0927726880412211
ENSG00000134463.14,ECHDC3,-1.1064748712715833,NA,0.2685210346335296,0.1284915771146794,0.2939517148919292,4.516145860489483e-10,NA,53,60,60,0.00012086505720716826,0.1563207230237182
ENSG00000142330.19,CAPN10,-1.1048198784716319,NA,0.2692376452008858,0.005020444232322955,0.10525014244661787,0.0003442815898063771,NA,8,8,8,0.07478350010540094,0.03842456681326755
ENSG00000253678.1,RP11-981G7.3,-1.1046483143187467,NA,0.2693120073602471,0.05512921829514642,0.17488218313985546,4.016518500666786e-06,NA,19,21,21,0.000752434977485227,0.12025971793565635
ENSG00000090470.14,PDCD7,1.103710960253761,NA,0.26971853966706394,0.002856523829093348,0.04356968770199395,0.02926420370865692,NA,7,7,7,0.2099318165738312,0.08150203457573611
ENSG00000089250.18,NOS1,1.1032770994137628,NA,0.26990684842584967,0.02730765617522822,0.12119203289442605,0.0002005352568185012,NA,24,31,31,0.004863920278844982,0.2525226486350716
ENSG00000100077.14,GRK3,1.1031070702186554,NA,0.2699806708412976,0.0014728743420527224,0.051394381438448,0.016016745588485384,NA,17,17,17,0.00023357627159624678,0.033696922898227614
ENSG00000196072.11,BLOC1S2,1.1027799071771383,NA,0.27012275579201894,0.014468195235741683,0.14584666278059644,9.135020389974023e-06,NA,24,25,25,0.22533596480892593,0.06298356233804334
ENSG00000143740.14,SNAP47,-1.1025312919946584,NA,0.2702307621625083,0.01403420532622967,0.13464875483464436,4.575855960904125e-05,NA,36,36,36,7.062801681615783e-05,0.18728045820728167
ENSG00000155066.15,PROM2,1.1023091189691925,NA,0.2703273062689371,0.045987823188802464,0.1448070151115092,3.115350760220463e-05,NA,23,26,26,5.590213261352851e-06,0.1465396169888803
ENSG00000186153.16,WWOX,1.1009972806060335,NA,0.27089784071116085,0.06341844622504882,0.13799231105211324,5.1742286536080074e-05,NA,111,116,116,7.505024841858212e-13,0.081497877868894
ENSG00000197766.7,CFD,-1.0990835832260135,NA,0.2717316099352466,0.0032533122387496645,0.06968067220987442,0.005804514784448092,NA,5,10,10,0.00167643724800695,0.11431452136907792
ENSG00000038002.8,AGA,1.0989358070552169,NA,0.2717960668016427,0.0414586528683725,0.2925430323975601,1.8933339580545922e-11,NA,14,15,15,0.1983801593764266,0.10378389753674444
ENSG00000166803.11,PCLAF,1.097210929994267,NA,0.2725491962848311,0.021539655681381338,0.07684171034535725,0.0036379217074556072,NA,17,17,17,0.002375606414135948,0.16148409333507452
ENSG00000214078.12,CPNE1,-1.0964979423679502,NA,0.2728609233115361,0.04009377670055782,0.2538049525337092,4.8784675399528575e-09,NA,47,48,48,0.007767046471001552,0.02249400788861681
ENSG00000197776.7,KLHDC1,-1.0937580457015263,NA,0.2740611089634335,0.0038855407332717886,0.0452251743020337,0.02678506431775204,NA,18,18,18,0.07038187530889092,0.04828986890162034
ENSG00000141959.16,PFKL,1.0936769113409681,NA,0.27409670400117114,0.1037637883773641,0.17011050974945285,4.588851379333377e-06,NA,85,99,99,1.5249787477319532e-06,0.7284298706324492
ENSG00000234928.1,LINC01659,1.0928956270217893,NA,0.2744396285153845,0.012143298639226195,0.1223875252585231,0.00014333578718043924,NA,1,1,1,0.2744396285153845,0.2031072484751804
ENSG00000248905.8,FMN1,1.0927876770357745,NA,0.274487033398213,0.01767842784966122,0.1357692691625345,9.897811550059151e-06,NA,8,11,11,0.007927254818901377,0.3509476344669289
ENSG00000103227.18,LMF1,-1.0920818637250604,NA,0.2747971202910603,0.0266765978444216,0.20943346824132406,1.2743582470044752e-07,NA,36,37,37,0.024970119311917546,0.03656153659232154
ENSG00000134545.13,KLRC1,-1.0913700080450996,NA,0.2751101039827788,0.11857933684337366,0.2983763901818737,4.4848834732198334e-10,NA,18,22,22,0.16870576065854792,0.053258274233065166
ENSG00000171130.17,ATP6V0E2,-1.0909265171044327,NA,0.27530521793496876,0.06968301562908202,0.2766578260137504,6.28470079901926e-10,NA,82,86,86,3.897753336375042e-06,0.2076027452558597
ENSG00000182511.11,FES,1.0906007029784464,NA,0.2754486201070089,0.005080521408354423,0.043090268016915005,0.028640191271692605,NA,4,4,4,0.0009950534133216936,0.0950196332323856
ENSG00000177885.13,GRB2,-1.0896773457434823,NA,0.27585529875229686,0.014315315447541388,0.1085853463083339,0.00034775068551236944,NA,49,52,52,0.014877923331460126,0.08041218866422856
ENSG00000166105.15,GLB1L3,-1.0882291823812296,NA,0.27649394483755385,0.02918601786546407,0.08282719750619665,0.0020017498655772194,NA,43,49,49,0.0002586224271266728,0.1277773906118576
ENSG00000160321.14,ZNF208,-1.087004162794655,NA,0.2770349699830561,0.043039254979247515,0.04803056159823895,0.021730124046586145,NA,41,45,45,0.0005887839712795185,0.11690097237411487
ENSG00000203908.3,KHDC3L,-1.0851568266722718,NA,0.2778522021290267,0.013670010756631022,0.111716513211659,0.0002185599303912872,NA,13,14,14,0.10732913982378767,0.017929872349713345
ENSG00000268836.1,LA16c-OS12.2,1.0831233568252172,NA,0.27875367297750464,0.031211202066051772,0.12829810525388896,0.00013206525344821636,NA,18,20,20,0.07166675569895796,0.2945139880575326
ENSG00000131051.22,RBM39,1.0822805030520286,NA,0.2791279066521499,0.026769798974611937,0.13461504338534588,4.864145431710563e-05,NA,38,41,41,1.8846465267438213e-05,0.1717063922185394
ENSG00000132153.14,DHX30,1.0821714803611224,NA,0.2791763385252881,0.0108833122753317,0.05812807193631896,0.01046394407224692,NA,10,12,12,0.027989468948703446,0.2952332811970323
ENSG00000167653.4,PSCA,1.0802809279670262,NA,0.2800170999654378,0.034993469003740355,0.05943984094331128,0.009975787496428754,NA,43,46,46,0.001480570268521492,0.08630312308151783
ENSG00000198467.13,TPM2,1.0797867406589159,NA,0.2802371569908002,0.09080136555788695,0.3927809692620958,4.824088864565172e-16,NA,23,24,24,0.01276932271383093,0.3795983265737315
ENSG00000181982.18,CCDC149,1.079757696478383,NA,0.280250093749395,0.005464829850436689,0.03732216065605647,0.042741724611766514,NA,19,19,19,0.0011862697092517886,0.09349521492323494
ENSG00000136875.12,PRPF4,-1.079615058484572,NA,0.2803136329609033,0.012127521588725362,0.0599459340255458,0.009195441919864187,NA,30,32,32,0.19220000474583965,0.10882970887762472
ENSG00000136870.10,ZNF189,1.077868795369811,NA,0.2810923128348055,0.01737407218153023,0.19255743718471585,1.284931608681743e-06,NA,26,26,26,0.07779866623536498,0.07057303212641088
ENSG00000112149.9,CD83,1.0777144719387532,NA,0.2811611980689446,0.01000717736735692,0.07244220974826471,0.004179775919513742,NA,7,7,7,0.35965216603178896,0.10263039671092117
ENSG00000121101.15,TEX14,1.077404346614377,NA,0.2812996631256591,0.0474038436707499,0.05045490392265749,0.018097343988495117,NA,37,38,38,1.265903785938737e-11,0.1266373040093581
ENSG00000152582.13,SPEF2,-1.0767919895237699,NA,0.2815732048074737,0.005141585532137333,0.1386586002842343,3.4295391653049465e-05,NA,23,25,25,0.16734816030952215,0.12346438195627543
ENSG00000075407.18,ZNF37A,-1.0752043440602257,NA,0.2822832509757083,0.06197548062733418,0.05121365829107105,0.016733716285748917,NA,46,50,50,0.09341216742195141,0.27581889128129344
ENSG00000121335.11,PRB2,1.0742513826090738,NA,0.2827100286104882,0.027079233694096948,0.050676994326279014,0.017363886384738847,NA,20,27,27,0.003278426436756119,0.07921949678080019
ENSG00000227157.1,AC068535.2,-1.0738234562051687,NA,0.282901814901927,0.05238911108541923,0.08667437323479882,0.0015736553061312542,NA,110,114,114,3.132290377661199e-09,0.30716853124727783
ENSG00000176715.15,ACSF3,1.071077624836577,NA,0.2841345279977604,0.09476523727901681,0.2587885160210487,5.001536466896417e-09,NA,33,36,36,0.00042370680742495094,0.15814027686462034
ENSG00000105808.17,RASA4,-1.0708559334006942,NA,0.2842342124992313,0.025510241818437748,0.08852900626698076,0.0015642264773632832,NA,22,24,24,4.501621681646848e-06,0.07957558723298794
ENSG00000006576.16,PHTF2,1.069335276713893,NA,0.2849186202799924,0.06063757105658843,0.0808459091599877,0.002594444717705999,NA,60,61,61,0.008359226692914359,0.16323022453320288
ENSG00000118804.8,STBD1,-1.0689619456761945,NA,0.28508681709277006,0.1468258634343248,0.3460662309869869,3.242713291992249e-12,NA,63,70,70,0.005458485629415766,0.17690119479366048
ENSG00000235366.2,LINC01055,-1.068914236690035,NA,0.28510831625772803,0.031258485403822256,0.10004456659259907,0.0004393777933918397,NA,12,13,13,0.0025641049210372155,0.16365082359134106
ENSG00000198961.9,PJA2,1.0685792312636644,NA,0.285259311086116,0.008662805951257914,0.14938949642937435,1.964494898350783e-05,NA,28,28,28,2.5395483937168086e-07,0.09406572321771337
ENSG00000136197.12,C7orf25,1.0670559160294306,NA,0.28594658697014086,0.02231858084469112,0.17702472460883867,1.8836323769213768e-06,NA,32,33,33,0.03703087830031806,0.08197726340059239
ENSG00000065621.14,GSTO2,1.06615112732635,NA,0.2863553307705916,0.1406486956686818,0.2611140189693877,2.705098994383768e-09,NA,68,72,72,0.004951164327714154,0.12348913515740716
ENSG00000231742.5,LINC01273,1.0659763841228846,NA,0.2864343175247359,0.057316181757432916,0.21660733069378896,1.477898722069197e-07,NA,13,14,14,0.05971623196371559,0.08213744266920328
ENSG00000014138.8,POLA2,-1.0655754253356222,NA,0.2866156129991948,0.08024514664525895,0.12424819091185994,3.4937917596174324e-05,NA,59,59,59,0.007428869518137136,0.3329769258479448
ENSG00000283608.1,RP1-111D6.5,-1.0642115874299343,NA,0.2872328589459846,0.09581107406906991,0.03742290756014515,0.03867525310602755,NA,46,54,54,2.2469287718006e-05,0.3813592290022649
ENSG00000188626.6,GOLGA8M,-1.0639849412256648,NA,0.2873355213854799,0.0454448323976533,0.1641762201469371,1.1048296535613859e-05,NA,70,103,103,0.06339114677532036,0.1776775936639341
ENSG00000270806.1,C17orf50,-1.0606517791748047,NA,0.2888481818172711,0.00028495897745437794,0.08134724208790453,0.00262456248104753,NA,1,32,32,0.2888481818172711,0.025294311340023988
ENSG00000267079.1,RP11-820I16.1,-1.0600163000372662,NA,0.28913718386491005,0.2046032442606321,0.4015314763118424,1.950639362919055e-14,NA,46,48,48,0.010669917114416533,0.10394254728347303
ENSG00000166938.12,DIS3L,1.0599479749325678,NA,0.28916826822636665,0.059405137275168274,0.1641933314388651,7.4592562268925586e-06,NA,38,38,38,3.35454208968138e-05,0.23448262427309785
ENSG00000196071.4,OR2L13,-1.058597393859971,NA,0.28978317431187195,0.06878458999359216,0.2096672561067912,2.918641629161837e-07,NA,24,28,28,0.025220625265999812,0.0963996473456213
ENSG00000076344.15,RGS11,1.0583748019261525,NA,0.28988460264178695,0.018123325021990978,0.036055835612535635,0.042402786938007135,NA,32,38,38,0.027052320913351767,0.2754618342497238
ENSG00000263429.3,LINC00675,1.0576757569544508,NA,0.29020329141091994,0.012484114950497779,0.057163442376710435,0.010621347003361491,NA,23,27,27,0.0005631957771926649,0.2318738292594072
ENSG00000214293.8,APTR,1.0555424694276578,NA,0.29117729673421766,0.1530714150490456,0.30468365997375474,3.5033267971463594e-11,NA,40,41,41,2.3526120499802595e-06,0.3386025772370045
ENSG00000128266.8,GNAZ,-1.0549403490919962,NA,0.29145260701396614,0.02088545028232785,0.12101471434312068,0.00020059855457268158,NA,38,42,42,0.00010871445028029934,0.03984034701638787
ENSG00000230131.5,RP11-282I1.1,1.0535664443366124,NA,0.2920814588631273,0.013448440537058216,0.047126301626540495,0.020071173364372318,NA,8,9,9,0.030223089764546938,0.08851031454876193
ENSG00000137699.16,TRIM29,1.0532422016646592,NA,0.2922300012776181,0.004396026924819768,0.036649659859083215,0.03666607876271963,NA,16,16,16,0.2841691170432695,0.09803098451779793
ENSG00000180855.15,ZNF443,1.0487728459241703,NA,0.2942826778682336,0.013236859439671025,0.11261304371446965,0.00024050135700649013,NA,22,23,23,0.033023551799842336,0.10827458531750626
ENSG00000077943.7,ITGA8,1.0451971684686188,NA,0.2959318518611217,0.013815824858314295,0.04222917646434463,0.027147406112597455,NA,23,24,24,0.09599094031902916,0.13395071156831967
ENSG00000144504.15,ANKMY1,1.044016748020417,NA,0.2964776410335399,0.01595804345931594,0.07654803226492536,0.0028501362188379704,NA,12,15,15,0.0023106132442967135,0.1775119763659186
ENSG00000251600.5,RP11-673E1.1,1.0413181240119316,NA,0.29772792787650004,0.10346715434053506,0.3776440520929677,2.278885984571852e-13,NA,76,83,83,0.23747971530510137,0.043569137967715964
ENSG00000130414.11,NDUFA10,1.0410947809481603,NA,0.29783156153862955,0.016735559225998953,0.1631829050501957,8.794028659466203e-06,NA,28,29,29,0.24186122105356223,0.05023048499263693
ENSG00000167711.13,SERPINF2,1.040797492307835,NA,0.29796954415898746,0.03828490763875986,0.15146171973472838,2.6629140358757835e-05,NA,16,21,21,5.384395326021419e-07,0.09688589215205276
ENSG00000134014.16,ELP3,-1.0399327116966088,NA,0.2983711634984746,0.021028869491462945,0.16419267229226706,5.125342045920072e-06,NA,7,7,7,0.13059514192259777,0.11905702024285365
ENSG00000140323.5,DISP2,-1.038166537691807,NA,0.2991925284268141,0.00913186036363417,0.1329820220594637,6.307579009401136e-05,NA,25,25,25,0.011150823119305878,0.06781970908196704
ENSG00000263001.5,GTF2I,-1.0376801355105318,NA,0.2994189960604726,0.003485876745105159,0.08660370937208912,0.0015221907700934444,NA,2,2,2,0.29870233152237446,0.10735348765131994
ENSG00000231887.6,PRH1,1.0328603336801931,NA,0.30166926401650995,0.08608357908971628,0.32684699888904817,4.894723787824879e-12,NA,60,85,85,0.001384582306193363,0.5075873448592709
ENSG00000170074.19,FAM153A,1.0326849319558897,NA,0.3017513672912171,0.002331850120103984,0.4538281020583112,3.072252980297329e-17,NA,23,28,28,0.005066232019873726,0.026971709399212545
ENSG00000233393.1,AP000688.29,1.0326737254643372,NA,0.3017566134102041,0.033424535384184495,0.08370399264022221,0.0013543956806789837,NA,43,43,43,9.268654384788621e-07,0.03480353956756941
ENSG00000145198.14,VWA5B2,-1.0323008858308411,NA,0.30193118624043036,0.16933491474654036,0.28220486524189514,4.5217795594732717e-10,NA,85,89,89,3.5951377520140815e-05,0.6757632788160557
ENSG00000130332.14,LSM7,-1.0320942696552013,NA,0.3020279580352335,0.011714014165298514,0.22488166242515087,3.794298057086998e-08,NA,7,7,7,0.2265417350335882,0.0673088403019292
ENSG00000139197.10,PEX5,-1.0314159402173737,NA,0.302345808938997,0.10346792299824185,0.4251216695571229,7.987147709783014e-16,NA,31,31,31,0.007749486845645414,0.20571716188575925
ENSG00000213347.10,MXD3,-1.0298794364426533,NA,0.30306660494341264,0.02568352093921981,0.10959483570024756,0.00043565836255941604,NA,24,25,25,2.690784543320802e-16,0.170125393739339
ENSG00000267072.2,NAGPA-AS1,-1.028682992031459,NA,0.3036286647089803,0.007283634808154687,0.08885759668479437,0.001226495192769022,NA,11,11,11,0.029739815455494676,0.0886052344912935
ENSG00000130783.13,CCDC62,1.028353724300642,NA,0.30378346793988087,0.05129122423274533,0.039907280969448115,0.03222606017917762,NA,36,37,37,0.02012389036879901,0.2560831874133489
ENSG00000126870.15,WDR60,-1.0277852166961012,NA,0.3040508717516872,0.030493097403099065,0.2049516989636072,1.3348594299854288e-07,NA,11,11,11,0.08811220753612788,0.06914201236211967
ENSG00000146243.13,IRAK1BP1,1.026419708934888,NA,0.3046937919073046,0.017877083327436427,0.11678370413269593,0.00014329521704441216,NA,48,48,48,0.11134838649564897,0.06768403939685501
ENSG00000197763.14,TXNRD3,1.0258155912924907,NA,0.30497851550680644,0.01754099039721716,0.07193502325342781,0.003969936663010995,NA,17,19,19,3.117541204842671e-07,0.1301786583798802
ENSG00000198369.9,SPRED2,-1.024827702249975,NA,0.3054444927488267,0.06425355384993431,0.03832011481924074,0.03689914884976893,NA,69,71,71,0.03227618888898063,0.243534719997315
ENSG00000178952.10,TUFM,1.0234710211513705,NA,0.30608519466607764,0.018790558864404446,0.21040059121754232,1.064617343232863e-07,NA,27,27,27,0.031154766124072794,0.05360462969946695
ENSG00000276093.1,RP5-1017F8.2,-1.0225314723929344,NA,0.30652942472963884,0.25518281102671336,0.3058570396767988,9.811313756236328e-11,NA,112,129,129,9.259087129478666e-05,0.4296529544944207
ENSG00000145194.17,ECE2,1.0223974202390218,NA,0.30659284102213935,0.035774322761836105,0.21070581394543667,1.4436903308118086e-07,NA,23,25,25,0.05953275674388354,0.0568764308938833
ENSG00000065060.16,UHRF1BP1,-1.0212620657699982,NA,0.30713029375998624,0.000504185952776878,0.20041989725313053,9.95767341153141e-08,NA,4,46,46,0.15262259107861345,0.07686099118011719
ENSG00000180900.18,SCRIB,-1.0203550803090884,NA,0.30756008946772906,0.020722838427795542,0.11213010207134648,0.00023582310018236083,NA,44,50,50,9.95686737619807e-06,0.10769174359847436
ENSG00000085644.13,ZNF213,-1.0197653015807282,NA,0.3078397830573686,0.016514225219951675,0.06965254595451667,0.00477339235812357,NA,14,17,17,0.0699720273806833,0.05619904196087287
ENSG00000180921.6,FAM83H,1.0180785094963096,NA,0.30864064738684704,0.055464715284558916,0.13968893359806725,3.6884137732370296e-05,NA,50,61,61,0.00022926724819218093,0.1182431338022676
ENSG00000162669.15,HFM1,-1.0169278627372678,NA,0.3091877474655155,0.10835884960638795,0.13402427468213893,5.104616192279357e-05,NA,168,172,172,5.104241342428115e-14,0.34630643334280703
ENSG00000074410.13,CA12,1.0167819430672511,NA,0.3092571739187583,0.023486359773465346,0.0831755913064893,0.0022190730150467826,NA,18,18,18,0.005697551244442363,0.15000355770056306
ENSG00000105889.14,STEAP1B,1.0164396739718409,NA,0.30942006098831365,0.019924431439678834,0.03917138173976541,0.0368026679187739,NA,31,35,35,0.0027326313530057892,0.04207144370181185
ENSG00000115806.12,GORASP2,-1.0130984037494493,NA,0.3110131606653619,0.05737707286566418,0.07305401482642597,0.0028291096749134565,NA,65,68,68,0.0003256543181683316,0.6270393992311784
ENSG00000197381.15,ADARB1,-1.0125532303902074,NA,0.31127360897506184,0.0011596933995206332,0.03771987477548959,0.04300984927083143,NA,18,19,19,0.002906643839072207,0.041445764787166536
ENSG00000057468.6,MSH4,1.0120917688834281,NA,0.311494177599294,0.029940171254630756,0.17144441070399913,6.819226229908085e-06,NA,11,11,11,0.07303926605589876,0.07535751925127876
ENSG00000161888.11,SPC24,-1.0117835194798481,NA,0.3116415715526313,0.00896684521982341,0.041889847151516967,0.030967478006506493,NA,10,12,12,0.03246319877358581,0.10915170376682637
ENSG00000160932.10,LY6E,1.0107341888931456,NA,0.31214366894856327,0.005072089385708371,0.08830762552693645,0.0015390738191839802,NA,19,20,20,1.784051843661792e-05,0.06725221311889808
ENSG00000070413.19,DGCR2,1.0078090100050758,NA,0.31354615962475063,0.015685285333697938,0.16078650637126482,2.20772889881174e-06,NA,52,57,57,0.0624597455220988,0.05706245850445519
ENSG00000170175.10,CHRNB1,1.0063266678590077,NA,0.3142584562830505,0.00432773244241165,0.04087204347076984,0.03131901126900525,NA,10,11,11,0.19658795693447362,0.03623409960118941
ENSG00000235209.1,CTA-150C2.13,-1.0054453778228067,NA,0.31468243874307467,0.06584214185977812,0.24648125576836566,1.8677932078600292e-08,NA,33,38,38,0.3306508675219113,0.1768673810577121
ENSG00000206187.3,RP11-1084I9.1,1.004998002462705,NA,0.31489781171929887,0.010179317739275946,0.0916305528368749,0.0009214069564652377,NA,20,22,22,0.0272657573178108,0.07269027105168534
ENSG00000157578.13,LCA5L,-1.0046522894221754,NA,0.3150643093249361,0.015590806568367546,0.17645649911448485,3.689886922865677e-06,NA,19,19,19,0.010144670374392413,0.029030280166592863
ENSG00000273032.1,DGCR9,1.0046328568624654,NA,0.3150736698865696,0.017374052227913644,0.1012460368825366,0.0005002163278027774,NA,30,40,40,0.00018963082795657438,0.0562329748063188
ENSG00000109775.10,UFSP2,-1.0043178136229833,NA,0.315225450052232,0.09459522053888392,0.3754450941902993,9.641953911129083e-14,NA,10,11,11,0.19692276524907304,0.1228922410132558
ENSG00000249476.1,CTD-2587M2.1,-1.0040899249615587,NA,0.3153352712012376,0.15711886510493642,0.0648107532349615,0.006862145109531892,NA,138,143,143,3.116844830712951e-08,0.5148818224451344
ENSG00000198478.7,SH3BGRL2,1.0027708889108993,NA,0.3159714176748376,0.00686951938427821,0.08916043844619481,0.001728670339287634,NA,12,13,13,0.318355164241118,0.061856892017730085
ENSG00000064726.9,BTBD1,-1.001565975535484,NA,0.31655326077268886,0.013392789923565206,0.16589179735965584,6.513196224903064e-06,NA,26,26,26,0.003501662903395461,0.06677828824820449
ENSG00000237667.5,LINC01115,-1.001316684789782,NA,0.31667372901238366,0.04820157962834277,0.05329970048575519,0.01471087188965815,NA,42,43,43,0.11282528265935353,0.17752083646189465
ENSG00000185619.18,PCGF3,-1.0009147522326634,NA,0.31686802381614143,0.020448801068840283,0.0415838576872874,0.03060462786315359,NA,20,21,21,0.0048927684498350785,0.12324184661672945
ENSG00000148832.15,PAOX,0.9988429212251884,NA,0.31787079019975306,0.030727218038205516,0.04159787543877352,0.030260460993223295,NA,10,12,12,0.0815797700250419,0.2230079781777848
ENSG00000268362.5,CTD-2017D11.1,-0.9980768369715752,NA,0.31824210110735807,0.1132754689454056,0.2886518901068664,8.248859824422528e-11,NA,36,36,36,0.006683619939894578,0.2645732406536222
ENSG00000117748.9,RPA2,-0.9977854786482006,NA,0.3183833931836557,0.10494894726124586,0.5409169392269836,2.369719769500098e-24,NA,15,15,15,0.0884595987345881,0.7933830891324395
ENSG00000122882.10,ECD,-0.9973848025536086,NA,0.3185777652028915,0.011190803256901114,0.0771696366333542,0.00290428638106878,NA,16,17,17,0.02845062036045137,0.16386318017760745
ENSG00000227533.5,SLC2A1-AS1,-0.9958170246813359,NA,0.31933905681769037,0.0896588506334312,0.2449022876373197,1.518545621502109e-08,NA,25,25,25,1.1982096748625455e-08,0.08398592855434782
ENSG00000137100.15,DCTN3,-0.994458514788036,NA,0.31999969265927364,0.0031925267056087518,0.0793131911004615,0.0024867505039358065,NA,12,12,12,0.0002546922045927813,0.2984967788679148
ENSG00000124107.5,SLPI,-0.9925000091595149,NA,0.32095367499024974,0.15610051529291247,0.057172389968171276,0.011515765283166791,NA,107,113,113,1.8027933368210702e-05,0.3931650816526812
ENSG00000243811.8,APOBEC3D,0.9923597184052775,NA,0.3210220814468606,0.08737327661565082,0.053256648381721734,0.012149130875001465,NA,76,80,80,0.0001242930655576785,0.2361709791280573
ENSG00000239388.8,ASB14,-0.9922077872957632,NA,0.3210961745398162,0.04276919009822877,0.08915479387795648,0.0015731513226563813,NA,18,19,19,0.00018136765306751417,0.15876386433035405
ENSG00000134852.14,CLOCK,0.9919769568647846,NA,0.3212087662831814,0.0028384242594921205,0.04327569135653815,0.02925133691867974,NA,5,6,6,0.032510202424834954,0.08462145673522946
ENSG00000104980.7,TIMM44,0.9900212671108171,NA,0.3221637241777411,0.005370538147315112,0.12812441699783414,7.691656048616889e-05,NA,11,12,12,0.15360352324591522,0.028572413066885505
ENSG00000135835.11,KIAA1614,0.987930218938205,NA,0.32318682454356795,0.12175073166835206,0.119459677422114,0.0002466546410202897,NA,98,104,104,9.194287998849663e-11,0.25332156135634665
ENSG00000103021.9,CCDC113,0.9870432597884543,NA,0.3236214317038192,0.008621552392374335,0.0875936953180352,0.0014906504262171296,NA,35,36,36,1.390810906390299e-05,0.07703379133461134
ENSG00000269486.2,CTC-360G5.9,0.9869546270882124,NA,0.3236648823644902,0.05618389612374244,0.23339789855722226,2.7308907521951728e-08,NA,10,10,10,0.05712258526767865,0.12171258809483225
ENSG00000154175.16,ABI3BP,0.9868602325897308,NA,0.3237111618276518,0.014892695657253145,0.03896307525232914,0.034773646980746434,NA,10,11,11,0.0775662725155019,0.15350476593958776
ENSG00000148690.11,FRA10AC1,-0.9864722298696803,NA,0.32390143596706833,0.17604433533920905,0.3425547677538363,1.7009083616421106e-13,NA,77,78,78,5.239115793121484e-09,0.2112011690244925
ENSG00000278023.5,RDM1,-0.9864272586427896,NA,0.3239234942898528,0.0025708849600439105,0.04434204109135029,0.026543603401702923,NA,8,38,38,0.0008223327559492416,0.06212170985108919
ENSG00000189184.11,PCDH18,-0.9856468737633108,NA,0.32430642778488983,0.029920731477985203,0.072650609040026,0.0045278498454905825,NA,41,41,41,0.00020071615318592172,0.0959909539942988
ENSG00000134905.16,CARS2,-0.9840077424041743,NA,0.325111706101066,0.00603115948102553,0.09129385468431916,0.0012653634229581152,NA,8,8,8,0.19879841938784082,0.027562636804717117
ENSG00000281205.1,LINC00950,0.9825895855536,NA,0.3258094721186534,0.08061867622172346,0.13966117740100606,3.71717452235154e-05,NA,86,93,93,1.8367834418358257e-05,0.1224453709838124
ENSG00000156170.12,NDUFAF6,-0.9820152443835305,NA,0.3260923381002856,0.017050796895184243,0.058432698754267036,0.010165412590953308,NA,22,26,26,0.013128919692753822,0.1403470335504665
ENSG00000213937.3,CLDN9,-0.9819861516631924,NA,0.3261066706613246,0.03030291357882187,0.1804596534165056,2.762447647557817e-06,NA,15,17,17,0.019695285077758765,0.13090305660258936
ENSG00000095585.16,BLNK,-0.9819033389551752,NA,0.3261474706757107,0.002360023425281817,0.09391931544659757,0.0012080915659294564,NA,9,9,9,0.1250529012221706,0.08873185226939967
ENSG00000196275.13,GTF2IRD2,-0.9809055109131855,NA,0.32663933960741987,0.046567555958309664,0.2393090710832917,3.392381511488538e-08,NA,9,11,11,0.07601569220097915,0.16993986499007566
ENSG00000233237.6,LINC00472,-0.9808685023231065,NA,0.3266575918697834,0.025398906606195596,0.08159745492562301,0.002197497627992961,NA,22,22,22,0.0005377150250496002,0.21538755284599745
ENSG00000107959.15,PITRM1,-0.9778986377603581,NA,0.3281244589576392,0.1035915109661999,0.13751270644918118,4.575518786335973e-05,NA,100,113,113,2.555771529322026e-05,0.20596314521980846
ENSG00000135414.9,GDF11,0.9775992569451085,NA,0.3282725650026864,0.006728997966010746,0.03684489286421376,0.047412574579237615,NA,48,49,49,0.04268153737196617,0.20260374138817827
ENSG00000167840.13,ZNF232,-0.9773629469454747,NA,0.3283895000343632,0.07732368132462343,0.16896291291904372,5.713933365889687e-06,NA,40,40,40,0.003089010397187368,0.2574099341869704
ENSG00000104518.10,GSDMD,0.9771860879486365,NA,0.32847703415724505,0.025498852180647038,0.2325563211756065,1.5099750885522266e-08,NA,14,14,14,0.10610004872701032,0.036028782827641215
ENSG00000154319.14,FAM167A,-0.9768039433457821,NA,0.32866622345613883,0.01738812305537364,0.18398763641396926,1.3452643140564183e-06,NA,22,25,25,1.1167766031254573e-05,0.06077639181081261
ENSG00000011422.11,PLAUR,-0.9744495702457233,NA,0.32983336699560517,0.023130757703876362,0.04396478261916694,0.026577346166568355,NA,53,55,55,8.970320980916653e-05,0.10083744416069976
ENSG00000110514.19,MADD,-0.9738918208573019,NA,0.3301102552778006,0.003654846497779314,0.0947075945522934,0.0006384500059951193,NA,26,26,26,0.016924786017928163,0.07576313196637259
ENSG00000122417.15,ODF2L,-0.9735277443397459,NA,0.3302910780396674,0.05762887333828323,0.26983973620505713,4.185229713456783e-09,NA,84,85,85,0.009462523348121595,0.11028055466764636
ENSG00000011295.15,TTC19,0.9731301601027984,NA,0.3304886160159606,0.0029838912943889193,0.11035202721339098,0.0003567571038631977,NA,17,18,18,0.1830073198123573,0.029961672708438813
ENSG00000188199.10,NUTM2B,-0.9722340009249592,NA,0.33093414908879126,0.004938838113181775,0.2825587127859646,3.75787996228298e-10,NA,11,16,16,0.13078087888014447,0.07782597863277471
ENSG00000188493.14,C19orf54,-0.9716927554429272,NA,0.33120342193787833,0.014029476044956414,0.06903262541063644,0.004572284314001693,NA,15,18,18,0.20026158394656035,0.08739957964697123
ENSG00000166801.15,FAM111A,0.9711012792083379,NA,0.3314978468691516,0.0417462913559481,0.07531093318735996,0.0034003583071096364,NA,171,173,173,0.008406102001364808,0.2613800159148735
ENSG00000142609.17,CFAP74,0.9709091570891679,NA,0.331593517779736,0.01558322922399001,0.13175680662110012,9.230747317361332e-05,NA,16,17,17,0.10347052171133747,0.08255654179094825
ENSG00000165609.12,NUDT5,-0.9706958717477918,NA,0.3316997482292525,0.007183796235405618,0.06167924666177405,0.009805243613459724,NA,11,11,11,0.0007295913337197835,0.04318461393613378
ENSG00000157542.9,KCNJ6,0.970686686316917,NA,0.331704323685848,0.004551733681209054,0.10751595257058903,0.0003874784930833885,NA,16,17,17,0.13475826896192994,0.10000972362652988
ENSG00000177359.17,OVOS2,0.9695810898845084,NA,0.33225534251987654,0.0326626358571966,0.10091316204981436,0.0003502425449376785,NA,21,23,23,0.006757181580069431,0.11835080874957755
ENSG00000213967.10,ZNF726,0.9695631643494963,NA,0.3322642813062344,0.028317591913070064,0.13847058746101892,4.679442613862061e-05,NA,6,6,6,0.3167558452439816,0.18471122020898093
ENSG00000272864.1,RP11-17E13.2,0.9695437281391591,NA,0.33227397358478994,0.07560489377782785,0.3452714160428132,3.927787096354047e-12,NA,27,29,29,0.03077999104741059,0.06780877589349794
ENSG00000171097.13,KYAT1,-0.9673794875738895,NA,0.333354360480814,0.09447066777476369,0.0442173678947158,0.028501719566226363,NA,85,99,99,1.1015199356362723e-10,0.39906242562636296
ENSG00000130413.15,STK33,0.9667881745819599,NA,0.3336499372367976,0.027052170806474006,0.10408081187224508,0.0004586515476732653,NA,45,52,52,0.00011533809430068214,0.10940500287900592
ENSG00000135637.13,CCDC142,-0.9664255442657254,NA,0.3338312871050789,0.0161559818484919,0.052562561372804635,0.013284494206091893,NA,14,14,14,0.07860110975431132,0.1746858843169502
ENSG00000113734.17,BNIP1,0.9654140028158759,NA,0.3343374906111809,0.018712678036114646,0.0470255999594051,0.020800338486671083,NA,13,14,14,0.002911729851879854,0.11857889810359636
ENSG00000163281.11,GNPDA2,-0.965241303036505,NA,0.3344239638178219,0.02280378827279523,0.18546122085438813,5.427538323686764e-07,NA,12,12,12,0.24907972274031187,0.07637319617461344
ENSG00000160471.12,COX6B2,0.9616615849488758,NA,0.3362196250299492,0.006291870952550199,0.06789270573008506,0.0038046002464123202,NA,8,15,15,0.23267975479459468,0.2313348335761709
ENSG00000121413.12,ZSCAN18,-0.9602279363886143,NA,0.33694050968031697,0.01718199007782112,0.041280321016384534,0.033981169706550844,NA,34,34,34,3.821074522964324e-05,0.17569993279368795
ENSG00000145088.8,EAF2,-0.9597849373954148,NA,0.33716346468193503,0.0047023348959916,0.06824232556425336,0.005691119395461329,NA,6,6,6,0.2676244299865338,0.08766387791861231
ENSG00000205572.9,SERF1B,-0.9597347047503749,NA,0.3371887520328082,0.08218920243469925,0.051184449640469525,0.018474412230000504,NA,38,41,41,0.007424694383526893,0.3385039944022875
ENSG00000242247.10,ARFGAP3,0.9595258438391727,NA,0.33729390667498604,0.020054443649496132,0.1024740414473816,0.0004279259128516848,NA,78,82,82,0.010877548128861134,0.08973969233139263
ENSG00000055483.19,USP36,0.9583570676250598,NA,0.3378827362494691,0.01150868639760952,0.14210708743276854,3.45789968236164e-06,NA,18,18,18,0.16030222400831962,0.04388401510318765
ENSG00000170265.11,ZNF282,0.957206830589277,NA,0.338462870086238,0.04448423252761493,0.09200082830242036,0.0008714018622033259,NA,68,71,71,0.0008867093843054165,0.27792615332001713
ENSG00000146263.11,MMS22L,0.9553743386972485,NA,0.3393884262393674,0.00338198417179447,0.049837634552257606,0.018261699867539654,NA,35,35,35,1.0825385363460804e-09,0.018281858858377964
ENSG00000158517.13,NCF1,0.9550758036121612,NA,0.3395393641618131,0.009444552023613,0.0731785390727972,0.0035266577224565407,NA,10,13,13,0.20930675116897812,0.08595627428775889
ENSG00000272335.1,RP11-53O19.3,0.9549111711204877,NA,0.3396226199815642,0.016964110044576177,0.1134205579436722,0.0002660924518486027,NA,32,32,32,0.02817590153529741,0.06708796511534924
ENSG00000188186.10,LAMTOR4,0.9538067397496791,NA,0.3401814772014101,0.010197344010171434,0.056881046097464284,0.010174875147707471,NA,21,23,23,0.0004665156136003287,0.04585394162137841
ENSG00000111581.9,NUP107,0.9519048172966511,NA,0.3411452562225419,0.011164209514046538,0.18453961607507485,2.181386473833289e-06,NA,25,26,26,1.579266917559769e-06,0.07767337658769062
ENSG00000254645.1,RP11-396O20.2,0.9513431137769393,NA,0.34143022759448993,0.08067959952959394,0.2457938058510897,2.1688539574676155e-08,NA,48,51,51,0.00628334601979256,0.5992870781329365
ENSG00000243317.7,C7orf73,0.9511554185494857,NA,0.34152548574507924,0.0213883123668619,0.13783120054036846,6.673493213282465e-05,NA,39,41,41,0.004234208016212194,0.08929842080891558
ENSG00000278740.1,RP11-147L13.14,0.9496861415591514,NA,0.3422717535506965,0.08510997575645661,0.3745455896182527,9.174712137761697e-14,NA,21,24,24,9.450902039584955e-08,0.10880876687844286
ENSG00000274331.1,RP11-403A3.1,0.9488215731606519,NA,0.3427113677939787,0.025492113812698412,0.09038474790492987,0.0008376736668469467,NA,10,12,12,0.14207047003239026,0.2922936659026639
ENSG00000177409.11,SAMD9L,-0.9466680673974953,NA,0.34380794709388296,0.026452828404454846,0.04337054921584359,0.02497897966292753,NA,26,28,28,1.8300209413796912e-05,0.5492378171828852
ENSG00000107954.10,NEURL1,0.942373041020294,NA,0.3460016846209836,0.002213802164949526,0.04775372140858584,0.016946249948052026,NA,7,7,7,0.0023667876771973073,0.1778412673399429
ENSG00000205212.3,CCDC144NL,0.942184504973113,NA,0.3460981856068479,0.01241210232445241,0.06797624344474126,0.0046018823379770785,NA,6,6,6,0.11697913055322268,0.12227099954049825
ENSG00000171469.10,ZNF561,0.9420142426865588,NA,0.3461853480153041,0.027388845644623617,0.04143246148391165,0.032515383436267614,NA,32,34,34,0.014610674817236836,0.14472863678348624
ENSG00000110675.12,ELMOD1,0.9414161272040266,NA,0.34649165222296385,0.013064663762706076,0.1241568383397683,0.00015940925102334957,NA,56,57,57,5.5178599943652726e-05,0.06568572119243497
ENSG00000020922.12,MRE11,-0.9410079089568824,NA,0.34670080616925203,0.02782039489223814,0.22852778624349104,3.163904038530018e-08,NA,20,20,20,0.025439104862513585,0.0575810608091607
ENSG00000160223.16,ICOSLG,0.9409269325116174,NA,0.3467423046624073,0.03052070210799101,0.09597625970267984,0.001012950907404959,NA,9,9,9,0.2051044143515086,0.17720206118817514
ENSG00000100804.18,PSMB5,-0.9393477128961473,NA,0.34755224908583615,0.004676303684391665,0.15639845737007532,1.0437024238721602e-05,NA,11,12,12,0.0185763115850967,0.04492071910956098
ENSG00000153113.23,CAST,-0.9391825402773751,NA,0.34763703167961024,0.02119557578438064,0.2267975527099385,2.2857785057294718e-08,NA,14,15,15,0.09215036090744015,0.12663224179281796
ENSG00000188312.13,CENPP,0.9364538756862639,NA,0.34903955003102305,0.08943838391857616,0.28514991452173744,1.4487765079705593e-09,NA,59,59,59,2.842940700362556e-05,0.06690747304238856
ENSG00000163913.11,IFT122,0.935824276824019,NA,0.3493636698795517,0.04046159249206674,0.2781698075331225,1.0927191563584462e-09,NA,38,39,39,0.17762409166558346,0.04252030638473405
ENSG00000198453.12,ZNF568,0.9352374267469046,NA,0.34966595450448335,0.08067498600831575,0.0637670464825621,0.007136214814706719,NA,91,98,98,0.09174814456277569,0.7424263098613707
ENSG00000162585.16,FAAP20,-0.9344263410193899,NA,0.35008401538655265,3.8869423857814464e-05,0.18066804439486334,2.5693481011074512e-06,NA,2,3,3,0.34884129675042397,0.008938348759317179
ENSG00000112339.14,HBS1L,0.9321943624974109,NA,0.35123608839533715,0.048456162527951124,0.32852875267695386,2.4204167701638105e-11,NA,67,67,67,0.0944904669175854,0.03795289248890805
ENSG00000100612.13,DHRS7,-0.9300904240609613,NA,0.3523242683984137,0.022467615750505685,0.034372514129571034,0.04447230059011955,NA,152,152,152,0.0038252386084493646,0.07997653697935131
ENSG00000141458.12,NPC1,-0.9284594951093532,NA,0.35316926930260284,0.009466472496550494,0.05073528954472265,0.019110442966101784,NA,38,40,40,0.00036427076640258173,0.10001872539037056
ENSG00000152475.6,ZNF837,0.9278484346872149,NA,0.35348619571163853,0.0031415068238830946,0.03555219503396423,0.044833814224975566,NA,2,2,2,0.37273636534870025,0.11243335350917852
ENSG00000268658.5,LINC00664,-0.9268870453193095,NA,0.35398518402521584,0.02349238248184819,0.12592581858675106,0.00012266651254909652,NA,9,9,9,0.07736736829436182,0.049803572657479714
ENSG00000112118.18,MCM3,0.9244486935316952,NA,0.35525275243066956,0.013304326567801254,0.06644799487894253,0.006430474061763759,NA,20,20,20,0.00014602446877076824,0.04655935169103699
ENSG00000091536.16,MYO15A,0.92389031734912,NA,0.3555434248439844,0.020085934700313113,0.17347183105932604,4.291679820587622e-06,NA,7,7,7,0.31154838705887,0.14883171370889367
ENSG00000163046.15,ANKRD30BL,0.9238460706859288,NA,0.3555664646263048,0.04035899912196988,0.4124072100409489,4.98164849536907e-15,NA,51,57,57,0.004648073137760873,0.06220044217587897
ENSG00000121406.8,ZNF549,-0.9218237772936942,NA,0.35662050281718394,0.012315257657303279,0.03827414700965625,0.026934879031262432,NA,12,14,14,0.08201470444932885,0.17336101899196318
ENSG00000158161.15,EYA3,0.9190214426366958,NA,0.35808435666921934,0.014395137129312754,0.09833751631288162,0.0009076905899111717,NA,59,61,61,0.013175461891414098,0.09643883537411414
ENSG00000223802.7,CERS1,-0.9183684551957851,NA,0.3584259996705763,0.03193089518731371,0.16869319660061238,3.531831322751621e-06,NA,21,23,23,1.2782211576970572e-06,0.21736169818537215
ENSG00000185158.12,LRRC37B,0.9161887722379953,NA,0.35956789336805983,0.011728121962039801,0.037706688312191226,0.04135729893827835,NA,14,15,15,0.07758809361927836,0.06453652339986506
ENSG00000224924.6,LINC00320,-0.9157024698283069,NA,0.35982296926296853,0.005950933276932349,0.10188650641125542,0.00029837545658567435,NA,26,26,26,0.0022877673865191487,0.06852832645409405
ENSG00000131067.16,GGT7,0.9142963626780232,NA,0.36056114132724115,0.002708773264740019,0.06271146016403358,0.007727043963285415,NA,21,23,23,0.25993719372815094,0.13032792395079787
ENSG00000078043.15,PIAS2,0.9141510471396744,NA,0.36063748259550454,0.010296673195841068,0.035735633166131715,0.04799103585687031,NA,15,15,15,0.04209700915093743,0.060208306184072725
ENSG00000175773.12,RP11-121M22.1,-0.9123754501342773,NA,0.36157110841023365,0.012479650450054714,0.0964398523910225,0.00043064514072783017,NA,1,2,2,0.36157110841023365,0.15249490989978728
ENSG00000104738.16,MCM4,0.9086882534043877,NA,0.3635147064199409,0.058554921674014354,0.06334931164837362,0.00746434497130092,NA,53,55,55,1.3486182364205342e-11,0.6262057489874905
ENSG00000214022.11,REPIN1,-0.9085786613075294,NA,0.3635725745342617,0.0062563590128343494,0.042403714892282826,0.025279130280119237,NA,22,22,22,0.39515198100214177,0.10111106711730064
ENSG00000122729.18,ACO1,-0.9084355630561207,NA,0.3636481436386757,0.020935466773863813,0.13224288731022565,6.594291748995817e-05,NA,21,22,22,0.31577843597547217,0.13514767107299122
ENSG00000185627.17,PSMD13,0.9078249196265809,NA,0.3639707302236659,0.0027784253858330666,0.06779603608798927,0.005659934635491147,NA,16,17,17,0.1599844945847474,0.04019383845727308
ENSG00000240707.2,LINC01168,0.9067411619411547,NA,0.3645436908504762,0.009741745007155937,0.12148377896226845,0.0001376833187108067,NA,21,21,21,0.14450842201353034,0.1136732519562454
ENSG00000136059.14,VILL,-0.9056696998299517,NA,0.36511070482570185,0.02667396872806022,0.04609636345631389,0.020640713293899948,NA,19,20,20,0.20904624817989592,0.049731690544805945
ENSG00000206052.10,DOK6,0.9056172156346971,NA,0.3651384934209201,0.007367444922934499,0.03873881919425995,0.03976571708246317,NA,29,32,32,0.001978384369993289,0.1449774059810028
ENSG00000250969.1,RP11-364L4.3,0.9049183386840726,NA,0.36550865087250184,0.036689045080404804,0.03759976593739205,0.042802184909570766,NA,22,23,23,0.0013026677529989227,0.2789893697871436
ENSG00000182362.13,YBEY,0.9037463030506647,NA,0.36612994060882365,0.10971481900975733,0.4224494838969726,2.503699980091672e-15,NA,30,33,33,0.01562974467007943,0.11911114501430045
ENSG00000107147.12,KCNT1,-0.9016154756478607,NA,0.36726116725849023,0.00759933478028144,0.1138976234196932,0.00027680051642239915,NA,7,7,7,0.1255288612332962,0.033276563814473165
ENSG00000103274.10,NUBP1,-0.8993836385671857,NA,0.3684483510388701,0.025936639552895248,0.05490385214270428,0.01197874529572647,NA,38,40,40,0.01357742671259742,0.18980246802884096
ENSG00000116473.14,RAP1A,0.8980843743506949,NA,0.36914056882265145,0.014587788132539848,0.07562912501363127,0.002237242314667439,NA,75,76,76,0.000531799604764918,0.07647546529940402
ENSG00000104290.10,FZD3,0.8974769852802758,NA,0.3694644488393115,0.00532448373975228,0.047464898660036656,0.015081074648738743,NA,25,25,25,0.04413201289369953,0.06342054323274877
ENSG00000242516.1,LINC00960,-0.8956841768240602,NA,0.37042146367265305,0.01678527938834587,0.16930766117154553,3.180310663941326e-06,NA,21,38,38,0.003654140651647193,0.12852255209830607
ENSG00000187942.11,LDLRAD2,-0.8950763275006781,NA,0.37074628743780735,0.023070386819198485,0.08973178574978216,0.0015487656979260634,NA,20,21,21,0.0006412780114925834,0.20026492858972147
ENSG00000014257.15,ACPP,-0.8948131522523975,NA,0.37088697840410023,0.05130945385707002,0.09890671791756203,0.0004472159415981285,NA,25,27,27,0.00031477783763677957,0.6570107695570071
ENSG00000161692.17,DBF4B,-0.8947118470418246,NA,0.3709411440316305,0.14626052885671967,0.4614945632420898,3.1650955535788423e-18,NA,44,48,48,3.216982574047603e-06,0.2277886652594532
ENSG00000162972.10,MAIP1,0.8945857286453246,NA,0.37100858357487765,1.0140281857038537e-05,0.050891567523521135,0.01821023142776624,NA,1,3,3,0.37100858357487765,0.006184696681146122
ENSG00000102471.13,NDFIP2,-0.8942410078591113,NA,0.37119295563534627,0.01520691933217963,0.05700917531918685,0.009761687395263079,NA,45,48,48,0.10912896147066879,0.13670291455565914
ENSG00000230606.10,AC159540.1,0.8930839911969298,NA,0.37181219533390264,0.024022118159442434,0.05894320953369835,0.010878598220496609,NA,29,32,32,0.015652295095917382,0.10191865738995773
ENSG00000140382.14,HMG20A,-0.893025468323383,NA,0.37184353400868253,0.00931163577759857,0.0701151937728756,0.002476343497684325,NA,11,12,12,0.036224284207096204,0.06871649859607402
ENSG00000157911.9,PEX10,-0.8916903655827371,NA,0.3725589189901515,0.0026743297656301314,0.06999226987568669,0.004698276915533315,NA,6,9,9,0.1460164198724786,0.05395096822537401
ENSG00000163235.15,TGFA,0.8891939228160813,NA,0.37389886833748665,0.003727519106380953,0.07130668098317118,0.004681200845775911,NA,6,6,6,0.009477347862746233,0.017274352275260956
ENSG00000125266.6,EFNB2,-0.8891540167094226,NA,0.3739203118646175,0.042944998671149676,0.058882670396362725,0.01110977551672603,NA,39,44,44,0.0025354922182062966,0.14020077631143868
ENSG00000101198.14,NKAIN4,-0.8883009163315267,NA,0.37437890692669906,0.08643932457436426,0.09090169905696048,0.0008989262501407863,NA,76,84,84,0.00030193562504253615,0.29787344379647424
ENSG00000272447.1,RP11-182L21.6,0.887893905632534,NA,0.3745978232590478,0.09413374849618344,0.10467444548886444,0.0005384209508273049,NA,43,50,50,9.984421732515324e-06,0.2454734710302659
ENSG00000214562.14,NUTM2D,0.8866719771182339,NA,0.37525552974654697,0.0342963203199006,0.04081417651155501,0.03596182454957604,NA,45,46,46,0.04757164450379833,0.37962314081031656
ENSG00000078674.17,PCM1,-0.8863686884773851,NA,0.3754188861696577,0.019599400179093892,0.11794565896394855,0.00012379382062152814,NA,9,9,9,0.04719000694589124,0.06860860327169314
ENSG00000138688.15,KIAA1109,-0.8853195682038487,NA,0.37598429891369667,0.006438184527656321,0.055433213699421474,0.013632955401586364,NA,7,7,7,0.0049318498855538545,0.04782063412618169
ENSG00000213977.7,TAX1BP3,0.8832603812204199,NA,0.37709560443086754,0.009231823590691787,0.043962489674270286,0.029055910028290943,NA,17,19,19,2.296918205080951e-11,0.05760355872116477
ENSG00000103485.17,QPRT,0.8827324156017332,NA,0.37738086370213186,0.03266798326886494,0.2028254857100434,6.453831632145631e-07,NA,24,27,27,0.006663604121122666,0.17772688947118753
ENSG00000198894.7,CIPC,-0.8820038389235894,NA,0.3777747312821099,0.030759256612082755,0.036510450646220084,0.04070470084071666,NA,86,91,91,4.204608732912892e-07,0.16950634597074493
ENSG00000145692.14,BHMT,-0.8818720136848843,NA,0.37784602288082925,0.04364469761308838,0.08415571130065258,0.0016325695303737572,NA,16,19,19,0.020799790908826624,0.12534711791269276
ENSG00000176840.11,MIR7-3HG,-0.881355068107494,NA,0.3781256690241075,0.015482452375530266,0.09916152462346056,0.0007673075574112326,NA,11,12,12,0.015507574834299593,0.10264649552978997
ENSG00000160323.18,ADAMTS13,-0.880004757298497,NA,0.378856732397287,0.020791009911738205,0.1414997820781392,5.215150441003692e-05,NA,23,27,27,0.04179296319280608,0.1277019234700368
ENSG00000259129.5,LINC00648,-0.8792884666897995,NA,0.3792448876999779,0.018486127233391294,0.04800299790926206,0.02142489758423055,NA,31,31,31,0.16062846432262756,0.041223759916144735
ENSG00000109180.14,OCIAD1,0.8767654818228385,NA,0.38061403149105266,0.004507401411813937,0.06705526908987881,0.004106904987187211,NA,29,31,31,0.0465010937800084,0.02330718441000762
ENSG00000122735.15,DNAI1,-0.8756183632377516,NA,0.3812375391139501,0.027036813919727388,0.12158264280691755,9.719642461725921e-05,NA,31,31,31,4.178925828336363e-07,0.559164768640051
ENSG00000270171.1,RP11-338N10.1,0.8743612542074504,NA,0.3819215507933146,0.169307524391088,0.5104959664267229,1.1031658304377572e-20,NA,28,31,31,0.02766647741157002,0.24158454301572502
ENSG00000273301.1,RP11-314B1.2,0.8719633018439611,NA,0.38322839809916864,0.010971904768893644,0.05064854599829738,0.013309152291212056,NA,22,22,22,0.11532474479399925,0.13553575996394926
ENSG00000186272.12,ZNF17,-0.8719233145154648,NA,0.3832502137730609,0.12833862956828984,0.1664333867471153,9.208196390323978e-06,NA,42,44,44,0.0010162977890475588,0.28934246589486984
ENSG00000171150.7,SOCS5,0.8702118145530416,NA,0.38418466057913325,0.02423671148143069,0.04951736827885808,0.015200941711077904,NA,53,53,53,2.1027124137815463e-21,0.20028300139091829
ENSG00000139675.11,HNRNPA1L2,-0.8702050455811077,NA,0.3841883590760956,0.04176583870474579,0.10211819804513296,0.0007457787664008152,NA,32,34,34,0.0001223551810659361,0.15354930063609235
ENSG00000167895.14,TMC8,0.8691391725769518,NA,0.3847710129499813,0.011964028785828244,0.04168102408582814,0.02831684978509296,NA,38,43,43,0.0030473085067138504,0.15055225422708918
ENSG00000163453.11,IGFBP7,0.8682792698733496,NA,0.3852414678183754,0.027603141297301168,0.13829057433664255,4.005330343665202e-05,NA,45,45,45,0.003988497391762718,0.1094890039175876
ENSG00000180185.11,FAHD1,0.8678661140325235,NA,0.38546763136760187,0.06607211491529472,0.3767303232164607,2.89021452269572e-13,NA,113,132,132,0.002020965507258827,0.17727484067100946
ENSG00000122481.16,RWDD3,-0.867498220025212,NA,0.385669086632749,0.046759964402473396,0.1939317195104453,1.1198900792498677e-06,NA,56,58,58,2.6697479678018946e-05,0.10354493137432214
ENSG00000131941.7,RHPN2,-0.8661636971382521,NA,0.38640039834838846,0.002559604254777614,0.0644547018679229,0.005219758096079076,NA,8,8,8,0.026718891583578052,0.06426866562858756
ENSG00000129991.12,TNNI3,-0.8659230305078368,NA,0.3865323724617342,0.012063747046508163,0.041168584272003116,0.027362659305133697,NA,6,7,7,0.32351818207658756,0.08085287248413317
ENSG00000108515.17,ENO3,0.8652749515544024,NA,0.38688789561184334,0.08362375773866286,0.1074855900126642,0.00045518657107455456,NA,54,60,60,0.0016956134844529466,0.17376604564475484
ENSG00000256073.3,URB1-AS1,-0.8634080282107417,NA,0.3879131669628171,0.03936706358299456,0.17252298757067389,2.5708600095326155e-06,NA,67,68,68,2.409924665296014e-07,0.15742735757347195
ENSG00000097046.12,CDC7,0.8627416166840511,NA,0.3882795454641661,0.09519994450952379,0.192519341161999,7.59046342831818e-07,NA,61,65,65,3.1565160573571454e-08,0.16772580531643286
ENSG00000178209.14,PLEC,-0.8609542478705229,NA,0.3892632421119723,0.004789937426040692,0.051930499565536095,0.014331122994644356,NA,8,8,8,0.033943673632392625,0.027324553941595137
ENSG00000162384.13,C1orf123,-0.8606391492059345,NA,0.3894368169724588,0.04933184120609162,0.1582141320309111,1.0644731599032684e-05,NA,52,53,53,3.020685846351173e-05,0.14210222561344818
ENSG00000105278.10,ZFR2,-0.8601854324991781,NA,0.3896868334933766,0.04053459831110323,0.08233026426689835,0.0022803616389530674,NA,92,102,102,1.2531254028804646e-06,0.13705546435853375
ENSG00000179456.10,ZBTB18,-0.8599521886818614,NA,0.38981539838884893,0.011635354653797794,0.08117702055225537,0.0023222108109084076,NA,15,16,16,0.05197505513288548,0.15945801846647484
ENSG00000175206.10,NPPA,0.8592076859771347,NA,0.39022594369542773,0.05606086169778306,0.10057631650678217,0.0007013134180929699,NA,29,32,32,0.00015529083029118296,0.2573546117672646
ENSG00000121892.14,PDS5A,0.8564870711400182,NA,0.3917284211789065,0.007287126606084748,0.06396525931155032,0.008153951965074844,NA,23,25,25,0.037835050494854514,0.07929459672764191
ENSG00000197858.10,GPAA1,0.8555313423314229,NA,0.39225706080096834,0.005643414993043385,0.049834142654647466,0.021094749147970236,NA,28,30,30,0.11166244574862103,0.22804176409293986
ENSG00000124275.14,MTRR,-0.8554241745093403,NA,0.39231636520594115,0.014527196515991866,0.19799627396099487,3.100037047157608e-07,NA,15,15,15,0.01691143785433447,0.08400248032759462
ENSG00000258181.1,RP11-493L12.4,0.8542570150006678,NA,0.39296259859148264,0.05425099476411177,0.12510072538603587,0.00010413095583801824,NA,38,42,42,0.0029215514769549322,0.14433570138711804
ENSG00000198203.9,SULT1C2,-0.8541756342389111,NA,0.39300768157121146,0.0785094757256154,0.3842518919117655,7.098014506096362e-14,NA,43,51,51,0.0022648874703329416,0.1357469662785967
ENSG00000172058.15,SERF1A,-0.8538680706266295,NA,0.3931780926995021,0.0010150370039546865,0.4309016628979897,7.850145290476429e-16,NA,2,3,3,0.2572842385695062,0.05993717223141733
ENSG00000272646.1,RP11-188P17.2,0.8537418996601428,NA,0.3932480129304906,0.023260608259643052,0.04208626041274418,0.030909323311551593,NA,20,24,24,2.4646586284767067e-05,0.19174348749026746
ENSG00000198468.7,FLVCR1-AS1,0.8529635617519739,NA,0.39367951139764135,0.2875331360095807,0.4833753366040213,3.3295878247288194e-20,NA,111,112,112,9.537643527501037e-07,0.3824458769765415
ENSG00000108187.15,PBLD,0.8527739163302589,NA,0.3937846912990778,0.040142340484331365,0.17127755466000988,5.5505365635822956e-06,NA,16,16,16,0.148566792359269,0.08769785773296511
ENSG00000184983.9,NDUFA6,-0.8511641144004181,NA,0.39467819407523075,0.025535447296065036,0.20705690648719968,3.0716171436736076e-07,NA,18,21,21,0.00019091631349120664,0.2377578901692776
ENSG00000228716.6,DHFR,0.8500622016319035,NA,0.3952905049324724,0.07316564857119845,0.3432979744365773,4.380073499616154e-12,NA,96,97,97,1.0246758650254533e-09,0.1466404825726156
ENSG00000143162.7,CREG1,-0.84779537515052,NA,0.3965519391874476,0.0043518730132062495,0.045702537450235,0.024606709248188943,NA,22,25,25,0.014486854395056582,0.03865096336506106
ENSG00000138658.15,ZGRF1,0.8473241888126521,NA,0.39681444769475904,0.027111433338651545,0.2179679546277578,1.8315171828345246e-07,NA,34,35,35,0.08611000317556258,0.07292537903671144
ENSG00000253831.1,ETV3L,0.8471313380416831,NA,0.3969219194302971,0.07653056020158228,0.1112153434968024,0.0003949697638126072,NA,57,58,58,0.015168955611022243,0.2533489772609133
ENSG00000164010.13,ERMAP,-0.8470799062115264,NA,0.3969505842886347,0.05575027186558061,0.1573907547037727,1.0977125505945965e-05,NA,20,21,21,0.25191334268833443,0.3854933322071644
ENSG00000131233.9,GJA9,0.8470641559803785,NA,0.3969593627238971,0.004529767399572622,0.03305508348013405,0.045985528067098935,NA,7,7,7,5.692693884034057e-05,0.05261070358981726
ENSG00000260176.1,CTD-3126B10.4,-0.8458324250098255,NA,0.39764623408499644,0.04025304659527634,0.2493084205655519,1.0400178714845134e-08,NA,15,18,18,0.054712052272264944,0.21269223642119006
ENSG00000146205.13,ANO7,-0.8451987349598399,NA,0.39799988853247437,0.03241338736827828,0.15478915967699813,1.3761514639775991e-05,NA,16,20,20,0.1231345125765626,0.15286064117189962
ENSG00000159445.12,THEM4,0.8427114512752375,NA,0.399389841206208,0.04861989294509668,0.08382308265448768,0.0018847516628070183,NA,91,91,91,0.15403671230904867,0.1793741891395115
ENSG00000248100.2,RP11-709A23.1,0.8416180666862426,NA,0.4000017732177117,0.044019665337136055,0.12673422067785406,0.00010302049130556955,NA,17,17,17,8.7929861625259e-07,0.4498345631021604
ENSG00000050393.11,MCUR1,-0.8373154317287336,NA,0.4024152873313863,0.021538615540354543,0.2878060641643841,1.507458744698952e-10,NA,8,8,8,0.004237688822043831,0.061835307951635526
ENSG00000224848.1,RP11-535M15.1,0.8371750553661559,NA,0.40249417666009746,0.00749403630060278,0.07273194152000165,0.003729722322943581,NA,4,4,4,0.23708225218985657,0.10804965369162164
ENSG00000170381.12,SEMA3E,-0.836043475409499,NA,0.4031304455308474,0.10419927889864389,0.09158937875600122,0.0010214406654416863,NA,85,88,88,0.00029604569217690617,0.24124535937854205
ENSG00000273295.1,AP000350.5,0.8355072660347507,NA,0.4034321575905663,0.17655845934763942,0.6607165160676437,5.0792936566663257e-33,NA,44,49,49,0.011554293444506909,0.2015827249696474
ENSG00000173209.22,AHSA2,-0.8349072718066909,NA,0.4037699201247754,0.12547095259802415,0.3768342804280719,1.4107144410538572e-14,NA,43,43,43,1.0864564968456586e-12,0.23996288811704236
ENSG00000272710.1,CTD-2026G6.3,-0.8342686574720959,NA,0.4041296095076933,0.006532702706383344,0.3129599447657349,4.3204848047168634e-11,NA,33,44,44,4.316665465791874e-05,0.11041262052164554
ENSG00000260657.2,RP11-315D16.4,-0.8335821393314601,NA,0.4045164937396313,0.12245745222174681,0.3917109612015984,7.014391403686652e-15,NA,13,14,14,0.2762874391479372,0.1507416494892717
ENSG00000196993.8,NPIPB9,-0.8332261462733049,NA,0.404717199236562,0.04744348633852344,0.06330861417834187,0.007192693332261006,NA,28,30,30,0.1794689763440671,0.20954453596429726
ENSG00000271538.5,RP11-326I11.4,0.8315374254425221,NA,0.4056700949887809,0.012103587800643002,0.09426003270613696,0.0006657043952371533,NA,10,10,10,0.002126212146708625,0.06860997277489651
ENSG00000164764.10,SBSPON,0.8300956972068723,NA,0.40648467966029067,0.0029132785985705283,0.037856239786840884,0.03978252383081569,NA,5,5,5,0.1444883490853181,0.05552573828944432
ENSG00000160886.13,LY6K,-0.8296867334920103,NA,0.4067159241079351,0.0743841265584749,0.10129336949277837,0.000677092937350814,NA,38,39,39,4.666595229301497e-07,0.11984082510695893
ENSG00000141560.14,FN3KRP,0.8295843439118603,NA,0.40677383155725977,0.03675953008415732,0.2706959681010957,2.146831618287867e-09,NA,16,17,17,0.18480875032797806,0.09915286428413864
ENSG00000103199.13,ZNF500,0.8287365101901051,NA,0.40725352136677617,0.062403558621894846,0.2036852002568608,2.7035828970975324e-07,NA,41,46,46,0.09128345747146889,0.10534862472796752
ENSG00000156521.13,TYSND1,-0.827838831490736,NA,0.4077617800883946,0.018326244099886726,0.10716333259358954,0.00034536209741128075,NA,26,27,27,0.06517810479017393,0.11553231758909238
ENSG00000139574.8,NPFF,0.8276621654707732,NA,0.40786185152133325,0.007122655863412944,0.06377956383939908,0.006631064356172712,NA,20,21,21,0.035583403125182864,0.18386308783569053
ENSG00000078114.18,NEBL,-0.8276225655235944,NA,0.4078842846873405,0.011807958032742028,0.07117853621078744,0.005241717837557835,NA,53,56,56,2.0289112432939153e-06,0.10533550298249003
ENSG00000276791.1,CTD-2270P14.5,0.8273693683579679,NA,0.408027736955652,0.2314836241330639,0.5503972039430489,4.250463053515946e-24,NA,32,38,38,4.0539562161508575e-06,0.2361825402074727
ENSG00000101307.15,SIRPB1,-0.8271543234667523,NA,0.4081495971413376,0.458151584912275,0.5495653749213043,3.876471866035844e-23,NA,69,77,77,2.4482463197869053e-09,0.26251676428820386
ENSG00000203791.14,METTL10,0.8248426205480314,NA,0.4094609460201234,0.026866159932166712,0.16868685598381125,7.143328743612718e-06,NA,29,30,30,0.0016851681321281193,0.15718247329615515
ENSG00000189143.9,CLDN4,0.824509345286872,NA,0.4096502079950636,0.03524931790573277,0.1087337736392798,0.0004603836611239968,NA,35,48,48,0.003278085861012198,0.16378173439116214
ENSG00000220201.7,ZGLP1,0.8242764809485357,NA,0.4097824789958343,0.01861873235850368,0.06431098408628165,0.004708840786602293,NA,36,37,37,1.7270782453810363e-07,0.2562590565440135
ENSG00000050327.14,ARHGEF5,-0.8239550537597016,NA,0.4099650969505957,0.028303247885472976,0.179848971968363,1.0356571695666534e-06,NA,15,19,19,0.0006330218206478143,0.11408318464629295
ENSG00000151892.14,GFRA1,-0.8207273404340159,NA,0.4118015938949088,0.06943902854440745,0.19433285200601816,7.178868209932827e-07,NA,32,36,36,0.09020454433658683,0.15140646388698287
ENSG00000174744.13,BRMS1,0.8204479923748006,NA,0.41196076585304664,0.05878040611721934,0.043800327624040236,0.0218355229787202,NA,67,69,69,1.3476867503674546e-12,0.25982371280469946
ENSG00000257647.1,RP11-701H24.3,-0.8203123257107322,NA,0.4120380816057987,0.06924495206516196,0.08295320400707731,0.002177165273667854,NA,47,52,52,0.1955282864183021,0.2360456839777891
ENSG00000197322.3,C17orf102,0.8201569595151821,NA,0.4121266345927065,0.017523528761160277,0.1592087113126344,1.0093705566658569e-05,NA,14,16,16,7.191737001731775e-05,0.09639508182770906
ENSG00000138722.9,MMRN1,-0.8190817787142809,NA,0.41273975711532884,0.09272491955929124,0.20996201695092245,1.8646623094443195e-07,NA,23,23,23,0.00014223625707966136,0.3748975690157276
ENSG00000267939.1,CTD-2325M2.1,0.818563982447616,NA,0.4130352234920732,0.07102797157344251,0.22349573553744084,8.217121303792363e-08,NA,32,34,34,0.13150132161818395,0.07476701720285693
ENSG00000182118.7,FAM89A,0.8185629433039572,NA,0.4130358165771304,0.07472560797891706,0.4154517798604295,3.315092184203837e-15,NA,32,34,34,0.003143200165093546,0.22428887653348786
ENSG00000108384.14,RAD51C,-0.818449133172774,NA,0.4131007760852521,0.11241876276791785,0.3759343570054077,5.093025226260582e-15,NA,55,57,57,2.2105004098891923e-06,0.2004392742434116
ENSG00000170035.15,UBE2E3,0.8181114452464041,NA,0.4132935541308188,0.022178940841342785,0.03337552028857805,0.048972804171993234,NA,123,124,124,0.0046086264466389595,0.10316429309781808
ENSG00000277494.1,GPIHBP1,0.8175931599596684,NA,0.4135895345457794,0.03372348944295658,0.22994356267395086,5.921283385952338e-08,NA,16,16,16,0.046184285868670565,0.06585112003195577
ENSG00000011485.14,PPP5C,0.8160459558201015,NA,0.41447385218572363,0.004938282763810578,0.05672181913005469,0.01336756321371602,NA,6,7,7,0.10630250952866667,0.3554419776190033
ENSG00000160325.14,CACFD1,-0.8141944671648821,NA,0.4155335545855653,0.01872150043095803,0.0990077513987843,0.0008640249588398528,NA,34,36,36,9.126987783631535e-20,0.10262213105762122
ENSG00000253507.5,CTD-2501M5.1,0.8139749940781243,NA,0.41565927635494204,0.04105735198731048,0.053652122854165,0.01279929738856899,NA,17,19,19,0.04749187781454621,0.30693809227285235
ENSG00000109794.13,FAM149A,0.8133460964808711,NA,0.41601965502550353,0.045031659085599494,0.2557816627236926,7.190111900651103e-09,NA,43,45,45,0.00030195701456266335,0.12044185117685327
ENSG00000088002.11,SULT2B1,0.8132390604829702,NA,0.416081008477998,0.014924674760881902,0.047350166131403776,0.022222458103371732,NA,21,24,24,0.019946003246987084,0.16306418349311633
ENSG00000133433.10,GSTT2B,-0.812842925567275,NA,0.4163081210181905,0.13442410070066654,0.4896967132890097,2.4355035158332463e-19,NA,58,70,70,0.00016966447985734435,0.2896183751516148
ENSG00000146530.11,VWDE,-0.8125002550330042,NA,0.41650464029610235,0.04435438153629956,0.14160131485743713,4.557040336334021e-05,NA,51,53,53,1.752656520823309e-05,0.2164494653290945
ENSG00000154518.9,ATP5G3,0.8117637933481406,NA,0.41692718136162854,0.0017918219686613637,0.04394837133720925,0.027903497020226188,NA,6,6,6,0.027736278772712387,0.042266076548275286
ENSG00000277511.1,CTD-2095E4.5,0.8114252140812253,NA,0.41712152424956495,0.026096021217775628,0.053529565389654366,0.014434897865225463,NA,27,30,30,4.8999288406579494e-08,0.14287309443325227
ENSG00000240654.6,C1QTNF9,-0.8113140364110671,NA,0.4171853513496582,0.017093018471950133,0.1907406506543305,1.5426026117149544e-06,NA,6,7,7,0.3022451274301511,0.07172714072596105
ENSG00000162069.14,BICDL2,0.810721257767359,NA,0.41752576274674724,0.010569310936332621,0.06475076908612099,0.004061183370853953,NA,6,6,6,0.05917195591799555,0.06853969983410366
ENSG00000281721.1,LINC01080,0.8106054821132594,NA,0.4175922676314793,0.06281428063403251,0.26193137452894993,5.520870444277265e-09,NA,20,20,20,0.10912896147066879,0.16571849027786054
ENSG00000144488.14,ESPNL,-0.8085122022925608,NA,0.4187957844503002,0.053919443663688844,0.35009119933267296,2.3606183757851075e-12,NA,31,33,33,0.021978675683851142,0.2259869606585075
ENSG00000100288.19,CHKB,0.8074887726638221,NA,0.4193849403803571,0.03529764805522408,0.24645146677913746,1.5605269527254464e-08,NA,24,24,24,4.310680512116263e-07,0.17443882670999128
ENSG00000225948.2,RP11-554I8.1,-0.8061194593435241,NA,0.4201739723556598,0.060424301669510315,0.04069083649851245,0.035032017201409194,NA,49,54,54,1.2651753120278043e-05,0.3037898294640343
ENSG00000162383.11,SLC1A7,-0.8043708356327871,NA,0.4211828391915099,0.12545485311511964,0.3971422294021763,9.959568380357538e-15,NA,59,64,64,1.5510017681036297e-06,0.3279771100618009
ENSG00000132155.11,RAF1,-0.8034553322465424,NA,0.4217116044431416,0.02580251047100992,0.1077727578987442,0.00042153111022132897,NA,27,30,30,0.00029543951966569675,0.17597061429885602
ENSG00000272455.1,RP4-758J18.13,-0.8031551787540544,NA,0.42188504812816574,0.03900279645804973,0.11485716283769595,0.00031880716395513424,NA,36,39,39,0.013877408728402296,0.2845433326812049
ENSG00000169371.13,SNUPN,0.80272011972292,NA,0.42213652120561906,0.014917255648763027,0.13623250887578198,4.303366069320002e-05,NA,18,19,19,0.20494992568106085,0.061460265094962385
ENSG00000131845.14,ZNF304,-0.8024515017011375,NA,0.4222918318131941,0.09261293735756367,0.044771205892452266,0.028968319146580088,NA,55,59,59,0.00785321886566977,0.1916730707506697
ENSG00000259869.1,AL022344.7,0.802400227130468,NA,0.42232148174852036,0.09407764532127591,0.08986345218619743,0.0007885444049517753,NA,53,57,57,0.019715809056616632,0.4058645742687351
ENSG00000120539.14,MASTL,0.8022740278313397,NA,0.42239446271036474,0.015834370336045844,0.1637805815229993,5.839162206671399e-06,NA,34,34,34,0.06112387759231338,0.035954517405779096
ENSG00000213523.10,SRA1,0.801529737777645,NA,0.42282503539196004,0.016164707413788483,0.16519692298507335,6.419723161585714e-06,NA,32,37,37,6.405909533961506e-07,0.13014619984594533
ENSG00000112619.7,PRPH2,0.8009125042958319,NA,0.4231823005930554,0.13610740976712427,0.4685951978612307,1.8734363318196073e-18,NA,59,61,61,1.906407955534564e-05,0.16943464922119553
ENSG00000111490.12,TBC1D30,-0.8006163580361516,NA,0.42335377778424155,0.009526950168455745,0.044354611266244716,0.0279089469010044,NA,21,21,21,0.22449463889119858,0.18257809259553712
ENSG00000136717.14,BIN1,0.8003507214225126,NA,0.4235076236082709,0.009822704987830232,0.05338370792154964,0.015228733850756468,NA,51,52,52,0.00017994007910376798,0.20232574551556654
ENSG00000006015.17,C19orf60,0.7991936253909818,NA,0.4241781476689649,0.0020581162711787197,0.04162851405243425,0.029877684001810886,NA,6,7,7,0.3078512836414371,0.054170595284731365
ENSG00000226091.7,LINC00937,-0.7968471651694672,NA,0.4255397990205101,0.04228316287349948,0.13050837198736193,9.947814107458544e-05,NA,29,38,38,0.011882306082100244,0.13968225303320675
ENSG00000082898.16,XPO1,-0.7952033320745745,NA,0.42649523384891896,0.04172879920362385,0.08233982286939022,0.0023995795650333103,NA,46,47,47,0.02407080768173827,0.1649232868802457
ENSG00000272537.1,GS1-166A23.1,-0.794517956071014,NA,0.42689395986972223,0.016707988423635987,0.07727995375594046,0.0033410726449070874,NA,8,8,8,0.03184630817777355,0.08988496267804684
ENSG00000109534.16,GAR1,0.7943928377055506,NA,0.4269667724809427,0.05495544919434497,0.1968955691934071,9.043337065806591e-07,NA,39,41,41,3.829791353768491e-07,0.11867876835900637
ENSG00000176428.5,VPS37D,0.7923487528027938,NA,0.42815735200369753,0.01185124918834173,0.048544246408277605,0.018283780381748216,NA,17,20,20,0.0061965008492741915,0.09471418921192412
ENSG00000132953.16,XPO4,0.7917925300871531,NA,0.4284816586390936,0.06259260866150113,0.07479107185132576,0.003791830083464269,NA,68,75,75,0.01752343930833218,0.288327042069684
ENSG00000227066.1,RP3-340N1.2,-0.7915549050627615,NA,0.4286202498834022,0.07544338508314012,0.1737361230181627,3.0597807413155806e-06,NA,28,30,30,0.0012351383952343973,0.12265056028961993
ENSG00000204740.10,MALRD1,-0.7910894812437408,NA,0.4288917769063688,0.01370956822285569,0.053106976427245184,0.015646729723003062,NA,14,14,14,0.2502187649478821,0.07497818719699867
ENSG00000265763.3,ZNF488,0.7908023871466973,NA,0.4290593167066983,0.006355530935687072,0.10275495186890826,0.00036807723827787136,NA,10,41,41,0.008647929045299301,0.07383386351259362
ENSG00000092094.10,OSGEP,0.7890884653800352,NA,0.43006030308135734,0.08106429811705168,0.4751836146287979,2.0478173367413552e-18,NA,30,32,32,0.028365330527219786,0.08902803801696008
ENSG00000271324.1,RP11-10C24.2,0.7883689869419376,NA,0.43048090578674125,0.017541965273814027,0.10118699027332732,0.000560038389850538,NA,9,9,9,0.1321524418944601,0.16595243524473438
ENSG00000125821.11,DTD1,-0.7882211162441243,NA,0.4305673796605396,0.015913613340645,0.11399453305439325,0.00023144197778666737,NA,69,70,70,0.0032066913076975014,0.06325559509207998
ENSG00000204381.11,LAYN,0.7861566330028734,NA,0.43177572914545514,0.04770648082740336,0.2334454348844847,4.754234223908281e-08,NA,67,71,71,2.1347354455525255e-05,0.24453357124819036
ENSG00000135823.13,STX6,-0.7847945909359892,NA,0.43257401202604806,0.02669418021647702,0.049929908757739234,0.010923808408493291,NA,19,19,19,1.34222155376756e-06,0.09133311917105623
ENSG00000135976.17,ANKRD36,0.783125057832699,NA,0.43355367772203446,0.013606304122631325,0.10014134098063064,0.0008616671460961054,NA,40,42,42,0.09279047335855593,0.05179893830201041
ENSG00000135845.9,PIGC,0.7830914033986015,NA,0.43357343899705203,0.06540216928534695,0.16013398610680435,1.40929930582513e-05,NA,77,85,85,2.5980368720205054e-10,0.14593219001828794
ENSG00000218739.9,CEBPZOS,-0.7826072952301144,NA,0.4338577561816338,0.020483039853372693,0.195860212895838,9.244290703021086e-07,NA,27,27,27,0.010832970583058956,0.093038374033433
ENSG00000167371.17,PRRT2,-0.7825614607346294,NA,0.4338846804076617,0.0002646498040748816,0.03557254679027588,0.04008914028905989,NA,2,3,3,0.3555046437445001,0.06596262399385204
ENSG00000131477.10,RAMP2,0.782391436713602,NA,0.4339845648236841,0.004392615216385359,0.09321474597660144,0.0012304075804716716,NA,2,3,3,0.39870798661283546,0.07913999957717023
ENSG00000120162.9,MOB3B,0.7822507404544332,NA,0.4340672300373478,0.028326428137358188,0.23517952099267056,3.159036854475435e-08,NA,66,69,69,0.0013457956134583407,0.07682984715116531
ENSG00000059769.19,DNAJC25,0.7803374771278814,NA,0.43519225888513247,0.00470484378906839,0.12441549731170268,0.00012017548263201844,NA,22,28,28,0.017437281238014645,0.12684509980495773
ENSG00000132744.7,ACY3,-0.7783267375044959,NA,0.4363764168462664,0.05379011538874047,0.09175171792383634,0.001392396422290242,NA,30,35,35,1.3476867503674546e-12,0.19887040186755026
ENSG00000177595.17,PIDD1,0.777922764427386,NA,0.43661454710166747,0.005224934296073997,0.10084466911669226,0.0005825174444545727,NA,15,17,17,0.0001750404877165801,0.037586395925031664
ENSG00000185418.15,TARSL2,0.7769956604676803,NA,0.4371613305997657,0.0627945898835831,0.0752090724814288,0.0022717492573452822,NA,100,115,115,0.000940515327149455,0.2236065596482762
ENSG00000225231.1,AC091814.2,-0.7755697934685473,NA,0.43800304141527113,0.12492135615705534,0.1281914793910159,8.601647671399177e-05,NA,75,79,79,0.13411689126157966,0.6689057551519636
ENSG00000185532.15,PRKG1,-0.7754779681525714,NA,0.43805727921271054,0.117138917460599,0.14483121077494202,2.703097104783253e-05,NA,143,151,151,3.292948807181026e-08,0.337705358918638
ENSG00000197410.12,DCHS2,0.7743361064895552,NA,0.43873205698779605,0.02988565241937835,0.04326278054997351,0.024104475651456382,NA,21,23,23,0.2510995892301464,0.10494812632878456
ENSG00000178386.12,ZNF223,0.774181709730397,NA,0.4388233428445518,0.017053623981938024,0.15496337830419862,2.0060609633509735e-05,NA,19,20,20,0.009709606710279413,0.2690388015032912
ENSG00000122507.20,BBS9,0.7725332944383732,NA,0.4397986352851945,0.03162562765110061,0.12633814430897528,0.00010282896485565423,NA,32,34,34,0.10316845796899103,0.07205486727018892
ENSG00000179902.12,C1orf194,-0.7712358278113268,NA,0.44056716146222363,0.03287257958241598,0.07780486045435203,0.0034289481371055893,NA,49,54,54,0.00026356162355942344,0.19499776467712152
ENSG00000114547.9,ROPN1B,0.7711821628084657,NA,0.4405989653348581,0.03209621740862341,0.20823348208875747,3.2832681972426556e-07,NA,20,20,20,0.010556361184479777,0.03991739476091724
ENSG00000142459.8,EVI5L,-0.7689765770869863,NA,0.4419072155801981,0.011867481103812244,0.04094607308974985,0.028132551417152245,NA,25,26,26,0.1584206106346845,0.2144625670350092
ENSG00000132485.13,ZRANB2,-0.7688213122256201,NA,0.44199939512922914,0.08380108253252147,0.06815481451241115,0.004226598413180566,NA,105,109,109,1.8928087560522743e-08,0.4126145749416218
ENSG00000177868.11,SVBP,0.7686037263708265,NA,0.4421285926865791,0.05536387015768224,0.2605285044531504,4.03505477225608e-09,NA,14,14,14,0.28599184724134674,0.05033511773138756
ENSG00000258701.1,LINC00638,0.7676888527595681,NA,0.4426720603446028,0.027152310481703065,0.20245776173492724,5.788977689099104e-07,NA,5,6,6,0.034746514295082694,0.26012853819881643
ENSG00000151806.13,GUF1,0.7675265177377002,NA,0.44276853304816477,0.012434116909790658,0.12069954785824567,0.00016656486745630865,NA,10,10,10,0.24907972274031187,0.13309148335053636
ENSG00000071655.17,MBD3,0.7672938499232766,NA,0.44290682419168426,0.004230794749569953,0.07415244507371826,0.002733719269558461,NA,22,28,28,0.0002588161436743246,0.05947579919779099
ENSG00000247157.6,LINC01252,0.7667555958311606,NA,0.44322684176742655,0.02194698396446456,0.14856275854027673,3.012258900867326e-05,NA,20,70,70,0.01730705517939547,0.07343062058107883
ENSG00000145002.12,FAM86B2,0.7659820951357047,NA,0.443686955913583,0.03717936455207016,0.05917542875399896,0.009464711808254523,NA,21,23,23,0.042529585556064654,0.21816890930590715
ENSG00000134571.10,MYBPC3,-0.7652317945941634,NA,0.444133530078318,0.007948382878259736,0.062387364667581616,0.007520337738462591,NA,4,4,4,0.4389304805120068,0.15581678194350748
ENSG00000259511.2,UBE2Q2L,0.7651048458992529,NA,0.4442091145148246,0.06780398780315167,0.15901023754378332,1.2831783254932519e-05,NA,19,20,20,1.2256419609542648e-10,0.6428629945026666
ENSG00000158296.13,SLC13A3,-0.7641712849806642,NA,0.4447651761628396,0.009328483608789757,0.10670457159765992,0.0005328215438850574,NA,20,21,21,7.161887689027182e-20,0.05176680290592983
ENSG00000221955.10,SLC12A8,-0.7632923270046519,NA,0.4452890770846253,0.03355601639992247,0.09614567807420377,0.0007024061565628457,NA,45,45,45,0.03489462731080291,0.17298936517976782
ENSG00000115761.15,NOL10,0.7617089916474803,NA,0.4462337076004266,0.021684104941319393,0.13606704036944772,6.228805896447795e-05,NA,13,14,14,0.0012565541546963076,0.08396944574646244
ENSG00000213077.5,FAM106A,0.7616858915556027,NA,0.44624749773907424,0.03332530094496944,0.1314972338502843,7.646525601851965e-05,NA,18,21,21,0.00016852720722674775,0.5043554610027305
ENSG00000140830.8,TXNL4B,-0.7613333925673258,NA,0.4464579603316424,0.0232785621005595,0.13410862156545628,4.222484747167896e-05,NA,13,13,13,0.0267198885172587,0.12124744754721214
ENSG00000107581.12,EIF3A,0.7588546913572439,NA,0.44793948506148606,0.017863525604548177,0.05380002739290938,0.015198093721868885,NA,20,20,20,8.706467194639625e-13,0.22788153134630856
ENSG00000235098.8,ANKRD65,-0.7587859871572193,NA,0.4479805894473047,0.06716609890393334,0.2893369558483555,1.6065669118315643e-10,NA,23,25,25,0.25136079947520495,0.3010411153841831
ENSG00000153207.14,AHCTF1,0.758249289199943,NA,0.4483017591369517,0.006510953708588604,0.09125330599979056,0.0014736530316299956,NA,18,18,18,0.21636071739321727,0.03605990837469475
ENSG00000248994.1,RP11-259O2.1,0.757380579993416,NA,0.44882188734528916,0.024625634241313744,0.07696197304432822,0.0025776104017332237,NA,10,11,11,1.5426125132211634e-05,0.13520305342482322
ENSG00000153774.8,CFDP1,-0.7567287231212648,NA,0.44921240289311537,0.013991076231790526,0.04659401397678084,0.01995368932155947,NA,34,37,37,0.011582233576413624,0.2618032859094206
ENSG00000188895.11,MSL1,0.7540333097002955,NA,0.45082922065511377,0.024136387440179378,0.17168521033948225,2.532350318370811e-06,NA,34,35,35,6.380507626991751e-05,0.2034781794753284
ENSG00000168765.16,GSTM4,-0.753934277138028,NA,0.45088868706269547,0.01735786520745028,0.17213337610671656,2.377976102453236e-06,NA,5,6,6,0.2206285305143898,0.15167277565594686
ENSG00000092531.9,SNAP23,0.7529554209143366,NA,0.4514767028702906,0.006039347123518314,0.05910965225131225,0.009547174634878955,NA,13,14,14,0.22372542796368877,0.04003548563086575
ENSG00000116001.15,TIA1,0.7529432688472603,NA,0.4514840055515347,0.004540014138887669,0.11361663213746205,0.00031417455100266284,NA,14,14,14,0.028308902307719454,0.0674198752911766
ENSG00000111713.2,GYS2,0.7526032056963926,NA,0.4516883907027759,0.07293538601677048,0.05197901969005343,0.017236242412659482,NA,61,65,65,0.0022396476178308125,0.5145708715381944
ENSG00000033170.16,FUT8,-0.7525937883297048,NA,0.451694051483972,0.026095512424472046,0.05148429857467464,0.017259821492487785,NA,42,42,42,1.237993115858264e-13,0.2479159116080839
ENSG00000068097.14,HEATR6,-0.7509739674928467,NA,0.45266832290176284,0.010515045290513524,0.06045338647962521,0.008138351519381984,NA,36,37,37,0.003709161719123421,0.274888926160314
ENSG00000102796.10,DHRS12,0.7499734289089015,NA,0.4532707080134789,0.01091769565223441,0.06493456962768941,0.005480833741910736,NA,26,26,26,0.03186956225757858,0.1991748835402803
ENSG00000120322.3,PCDHB8,-0.7489269315609692,NA,0.45390124691229095,0.11235315923176616,0.04596618667223348,0.022780585249078725,NA,82,86,86,0.0005969041116332448,0.18581088497725304
ENSG00000122678.16,POLM,0.748782021015872,NA,0.4539885978485777,0.06880381385559628,0.17499117129733546,1.4161695591164671e-06,NA,95,101,101,0.0020672756641176475,0.2780907735777895
ENSG00000151575.14,TEX9,-0.7487463800849937,NA,0.45401008337361903,0.0028572561918578845,0.09708535384290984,0.0009635177113974943,NA,39,41,41,0.3297145771944441,0.01903047037590753
ENSG00000137944.17,KYAT3,0.7474391029057085,NA,0.45479854915243667,0.06312534466712569,0.39707231028802975,2.512740154486119e-14,NA,13,13,13,0.1471453558109925,0.09542731318247352
ENSG00000171503.11,ETFDH,0.7465003092051729,NA,0.45536524487437524,0.027164952311227956,0.1773676689539818,1.7158751833201817e-06,NA,22,24,24,0.02265650618593251,0.10886086918132172
ENSG00000163623.9,NKX6-1,-0.7447820106618275,NA,0.45640351169597704,0.04371669631953974,0.14778543344851086,7.163224878181686e-06,NA,43,45,45,3.072318237890682e-08,0.09166154420451912
ENSG00000168385.17,SEPT2,-0.7447601783896484,NA,0.45641671221179614,0.047831969034323525,0.405675134063584,6.311803322442903e-15,NA,17,18,18,0.004404969377287041,0.20179541296268755
ENSG00000103356.15,EARS2,-0.7447019895548134,NA,0.45645189615953996,0.03226406066145248,0.1117292782709181,0.0002907454122430808,NA,52,58,58,1.365505629306874e-05,0.14835225759793724
ENSG00000246067.7,RAB30-AS1,-0.7443150866251945,NA,0.4566858762426076,0.0565034569975531,0.09144218226592547,0.001047083853653291,NA,53,55,55,0.0003923811377250334,0.3499556878357491
ENSG00000136114.15,THSD1,-0.7430783611584691,NA,0.45743423959355667,0.02010525928811614,0.05148905270581663,0.01579092389847268,NA,32,33,33,0.004770491789208699,0.3169074877987101
ENSG00000274294.1,RP11-20G13.5,-0.740525386887884,NA,0.4589812628042653,0.04202543576048923,0.11666557692088925,0.00025669770029424237,NA,25,29,29,0.06637640533880716,0.12651630860381666
ENSG00000137996.12,RTCA,-0.7395313798201733,NA,0.45958439230935966,0.0455646922491215,0.1289741417988027,8.038039941727165e-05,NA,74,79,79,2.5470529474514466e-05,0.3028116189497639
ENSG00000183426.16,NPIPA1,-0.7389217678130009,NA,0.4599545034636776,0.14996318171391584,0.31513422442896555,1.7255221190767845e-11,NA,61,68,68,0.03430944437383097,0.3930960183021701
ENSG00000179935.9,LINC00652,-0.7378936660387445,NA,0.46057906826694783,0.0516065063066649,0.09046972103735122,0.001473257986269599,NA,60,61,61,0.0004958026797331012,0.09646683319035232
ENSG00000267260.1,CTD-2162K18.4,-0.736432822696101,NA,0.4614673357899093,0.027570729219916424,0.14673357618868896,2.745215918523339e-05,NA,44,45,45,0.06610124450968007,0.07659488210267805
ENSG00000204335.3,SP5,-0.7363694903749541,NA,0.46150586671303884,0.08291814368247473,0.2335359596738376,2.129391309599012e-08,NA,44,45,45,9.221952624435403e-08,0.13326915757744795
ENSG00000137693.13,YAP1,-0.7355224937049175,NA,0.4620213460118825,0.04256523443025612,0.06149980940939069,0.007387033356811709,NA,116,124,124,0.00021514009579255981,0.2458717178742852
ENSG00000167965.17,MLST8,0.7341760094517048,NA,0.46284147294019984,0.01149460697385764,0.2730573500446117,1.970977356646544e-09,NA,6,6,6,0.21182353761452732,0.05330562769711168
ENSG00000115523.16,GNLY,-0.7324845508553425,NA,0.4638728688880377,0.018484784931056895,0.0660351702424201,0.0045794251233952565,NA,9,9,9,0.39089764154501616,0.06567057828744183
ENSG00000113119.12,TMCO6,-0.7321624913981465,NA,0.4640693951269449,0.021265679537767652,0.05779684876865768,0.00891761431501578,NA,44,48,48,3.7877693960607224e-05,0.05655445755251349
ENSG00000006042.11,TMEM98,0.7314579720339267,NA,0.4644994665725952,0.04706438477800283,0.1568066929366053,1.3262560611536458e-05,NA,74,76,76,0.003080268211613172,0.1108707941456472
ENSG00000171649.11,ZIK1,0.731132632494498,NA,0.4646981438147738,0.10914442326419228,0.15961048356757834,9.283670367519622e-06,NA,64,69,69,0.007703462974953933,0.1754247956822147
ENSG00000178226.10,PRSS36,0.7311264976392271,NA,0.46470189068136136,0.023213736892355303,0.18998905248538414,3.000607574053092e-07,NA,14,15,15,0.14027090821680857,0.06316478502172197
ENSG00000241852.9,C8orf58,-0.7308663862558871,NA,0.4648607693282525,0.019469073373398156,0.11380572226121626,7.780460710947665e-05,NA,10,10,10,0.29531293219663035,0.04798248305202309
ENSG00000261019.1,RP11-111K18.2,-0.7299351964708294,NA,0.4654297970082858,0.03135828108506989,0.1267668535081938,0.00010334550097124632,NA,30,30,30,0.10847040126291307,0.09681556244789156
ENSG00000008300.16,CELSR3,0.7291145529140174,NA,0.46593159328831735,0.002105442202847099,0.045805279809720434,0.022599990649116518,NA,17,17,17,0.0905267697908784,0.050672483183496035
ENSG00000206535.7,LNP1,0.7286301556299435,NA,0.46622792710953287,0.016746345875054906,0.11623563364415415,0.00029302223268558303,NA,21,21,21,0.01982879807755059,0.10335906468796638
ENSG00000204172.12,AGAP9,0.7285853466419709,NA,0.46625534464429397,0.006316749906048903,0.19184894664365668,8.926747331512026e-08,NA,9,28,28,0.02008611298561071,0.11815678167606758
ENSG00000067836.12,ROGDI,-0.7284767863988495,NA,0.4663217737397255,0.03271498891211137,0.2925063511909848,6.309179777160357e-11,NA,23,27,27,1.3292504480177146e-05,0.06824471191464157
ENSG00000067141.16,NEO1,-0.7284628323444663,NA,0.4663303127458196,0.012356439818915488,0.0379907669418562,0.0288674913981262,NA,22,22,22,5.281592932024308e-05,0.15057735194320482
ENSG00000157326.18,DHRS4,-0.728154425990248,NA,0.4665190602492404,0.02365743769937777,0.03822794263508221,0.03460279504895143,NA,51,52,52,0.00016039047183419942,0.17080142565462994
ENSG00000176473.13,WDR25,0.7279760742601563,NA,0.46662823248228325,0.0523050870961833,0.0884362487536086,0.001795670731635509,NA,45,50,50,0.0055635948613745375,0.21151033470831695
ENSG00000133739.15,LRRCC1,0.7273444023049743,NA,0.4670150040016613,0.0571169826268277,0.15199006420738265,1.2608685516178108e-05,NA,71,75,75,1.086420506481414e-07,0.5091636000238897
ENSG00000148297.15,MED22,0.7263708325285892,NA,0.4676114669525433,0.006406300292008065,0.05210268358241955,0.015921615334404133,NA,7,8,8,0.004476213906772292,0.07094811792750468
ENSG00000142188.16,TMEM50B,-0.7257409639127421,NA,0.46799758429035176,0.018389741347029132,0.04098777172210133,0.03553105695730499,NA,46,50,50,0.03331477060572626,0.10863998874129704
ENSG00000276073.1,RP5-1125A11.7,-0.7243619600773941,NA,0.46884354715002396,0.02374323134148098,0.191854498875924,1.4134585222241971e-06,NA,20,20,20,0.06936401101997554,0.0319508378954038
ENSG00000105669.13,COPE,-0.7239277779017389,NA,0.4691100753232206,0.002349551516714522,0.04691534905366397,0.02395624999696769,NA,6,6,6,0.03720735169852596,0.060656816122577124
ENSG00000144199.11,FAHD2B,0.7236504859512071,NA,0.46928033830889426,0.020054033120710864,0.07108046524415731,0.0035214920149766946,NA,36,40,40,0.0151911695133097,0.1975474340551855
ENSG00000261326.2,LINC01355,-0.7231534036565856,NA,0.46958564262921365,0.004336758112334723,0.0573381635457578,0.011066087197223368,NA,11,13,13,0.21537623985163046,0.06336292949272836
ENSG00000163156.11,SCNM1,-0.7221000940394969,NA,0.4702329403978952,0.006865156998369268,0.05190498688389337,0.01369876280001857,NA,7,7,7,0.13889697597555073,0.08678303002840111
ENSG00000255328.1,RP11-326C3.12,-0.720917358301536,NA,0.47096036230893557,0.1520780446592384,0.35677836136081825,1.668035368098934e-13,NA,33,37,37,0.011236214702957655,0.2601822839046543
ENSG00000232229.5,LINC00865,0.7187568862690955,NA,0.47229072624866286,0.1636474866693315,0.345374140423055,3.6845992665731325e-12,NA,52,58,58,0.025639926092617532,0.15294987192456114
ENSG00000138161.13,CUZD1,0.7175360288344337,NA,0.473043413764603,0.05148130012690979,0.1138005250857268,0.00015015377501376796,NA,38,38,38,0.0005022984174729442,0.21318414303038796
ENSG00000152620.12,NADK2,-0.7165631599592459,NA,0.4736436827582311,0.0015125249585257786,0.06338373563250993,0.007820401965271435,NA,9,9,9,0.4211742791165549,0.029866209711900345
ENSG00000275183.1,LENG9,0.7148398264711238,NA,0.4747080226243644,0.0005572833799923141,0.04297325291982518,0.032041492541472365,NA,7,12,12,0.14933656904894133,0.041719220199239467
ENSG00000138496.16,PARP9,0.7143810580982358,NA,0.47499158157758337,0.003028287334254762,0.0358782403014435,0.04793843220189384,NA,3,4,4,0.3879016023430222,0.08843886323851308
ENSG00000169684.13,CHRNA5,0.7142956666014688,NA,0.47504437124747645,0.07062668521350596,0.28263492110156324,2.2159727386091928e-10,NA,29,29,29,0.3567148427361517,0.04642674998419148
ENSG00000270972.1,RP11-326C3.15,-0.7137433171682409,NA,0.47538591561869614,0.13969363777024754,0.2913307969978313,6.049986521444762e-10,NA,27,32,32,0.0006229961467369757,0.3104080052475005
ENSG00000178796.12,RIIAD1,0.7131091965364893,NA,0.47577818913195313,0.04744861505574632,0.12453523225472983,9.552372322010152e-05,NA,41,44,44,6.884386797315691e-06,0.4033690102166333
ENSG00000108379.9,WNT3,0.7121194057518703,NA,0.4763908384199924,0.02677011075675837,0.2866148703242765,7.235515179304238e-10,NA,26,38,38,0.0013263810243691956,0.4680690440767281
ENSG00000260953.1,RP11-426C22.6,0.711537039623593,NA,0.47675150656419263,0.03518583291044098,0.14077104526043765,3.9823253700566273e-05,NA,14,16,16,0.21862862703441344,0.06825759278079048
ENSG00000196172.9,ZNF681,0.7112832627476743,NA,0.4769087211851216,0.03524937499799213,0.045502805898596566,0.02008180710522076,NA,45,46,46,0.049830514342961936,0.2282488747739365
ENSG00000259362.2,RP11-307C19.1,0.7108096050570528,NA,0.47720222775284504,0.036639705358235054,0.09402999429452877,0.0005701667224391728,NA,5,5,5,0.13145704064189745,0.07989522210251733
ENSG00000151470.12,C4orf33,0.7106644853390265,NA,0.47729217237005117,0.03154314666493711,0.14960013080969206,1.0532199145489895e-05,NA,39,41,41,0.16279617020808623,0.0960860989431712
ENSG00000242259.8,C22orf39,0.7075955475025858,NA,0.4791964586501991,0.001395159273563758,0.10232930992591732,0.0005516254136588672,NA,25,29,29,0.30921441534211314,0.1255297576034263
ENSG00000129245.11,FXR2,-0.7068154130359507,NA,0.4796811950012093,0.00959771153184268,0.08887844020255334,0.001645745256646899,NA,26,30,30,0.012297607695944242,0.07843359049929836
ENSG00000141279.15,NPEPPS,0.7051936751126868,NA,0.48068971685786543,0.026305654110423134,0.12432815638408977,0.00012757377338508942,NA,52,61,61,0.012478060581656967,0.31568927552309817
ENSG00000143067.4,ZNF697,-0.7046083543976023,NA,0.481053997967134,0.04865311344285389,0.055172753519774236,0.01164586334717571,NA,50,63,63,0.010443093166195055,0.2606159400932981
ENSG00000178248.11,LINC01658,0.7043446980416237,NA,0.4812181366390861,0.07791637380042316,0.12453150270830518,0.00017959212155675496,NA,57,66,66,0.00304099604538696,0.13303071901977662
ENSG00000121289.17,CEP89,-0.7038292754226462,NA,0.48153909987376,0.12209321864063896,0.06382000469996198,0.007329962294873501,NA,80,83,83,8.224959494132969e-05,0.30917233385559645
ENSG00000178802.17,MPI,-0.7016965915926578,NA,0.4828683990679902,0.008276329355855136,0.07150517113420471,0.004903379104054761,NA,7,7,7,0.30489443901177504,0.05271942294710992
ENSG00000165806.19,CASP7,-0.701138572231159,NA,0.48321654056177077,0.03250479817583545,0.14953516048501347,2.941107816753306e-05,NA,48,49,49,0.03691830545170661,0.06886415105313519
ENSG00000148386.9,LCN9,0.7011019592848452,NA,0.4832393876969887,0.003970043678535046,0.08361399535992385,0.0019063819322118864,NA,9,13,13,0.14154770228147132,0.048742044821779434
ENSG00000126266.3,FFAR1,-0.7003162064373967,NA,0.4837298528949848,0.024328388607069516,0.06302725843611058,0.007238966393202519,NA,20,21,21,0.13835955142658646,0.2643936941623969
ENSG00000144746.6,ARL6IP5,0.7002056168640918,NA,0.48379890433854367,0.02528339245584492,0.21807589105302394,2.1689656890292397e-07,NA,35,37,37,0.00016958509705359897,0.1264162051262168
ENSG00000087152.15,ATXN7L3,0.6978028279008274,NA,0.4853005103408915,0.015290548486584985,0.07946525081626965,0.0023710347082076147,NA,58,62,62,1.9381245857994462e-07,0.15064329602705168
ENSG00000112167.9,SAYSD1,-0.6969606748699796,NA,0.48582740451654827,0.009479057286026514,0.034100297600662965,0.043811670136256364,NA,25,27,27,0.012841864311573638,0.10839429434926587
ENSG00000261701.6,HPR,-0.6959470406752497,NA,0.48646199634455,0.15059648482510193,0.43813234806664797,1.550651640624706e-17,NA,18,18,18,0.03840660396428003,0.3004503821569203
ENSG00000243244.5,STON1,-0.6958360825954998,NA,0.48653148952219594,0.05024262800913206,0.11233293876759004,0.0002724764036630726,NA,63,66,66,0.0005660976297770622,0.2051727077900069
ENSG00000101187.15,SLCO4A1,-0.6915127247138004,NA,0.48924338693414116,0.047984628363030114,0.04831253134182651,0.02100797877713797,NA,98,108,108,0.0004248797758861033,0.16979336187054087
ENSG00000226567.1,LINC00606,0.6913698651312612,NA,0.489333136691362,0.034603569550801114,0.07171790322133294,0.004725840182277302,NA,20,20,20,0.001167175322956829,0.2717742294620671
ENSG00000146729.9,GBAS,-0.688355475124437,NA,0.4912289552216189,0.007378193798898958,0.13208719680948625,8.462809357444213e-05,NA,12,12,12,0.04085938731036007,0.0816116254020363
ENSG00000099800.7,TIMM13,-0.6875107344872581,NA,0.4917609386266698,0.002718704884030735,0.06612204323851494,0.004485271555041824,NA,6,7,7,0.05168609564862432,0.01976146357179409
ENSG00000119820.10,YIPF4,-0.6873899976937946,NA,0.49183699901132627,0.021059090486764475,0.08634154442277865,0.001535630792641119,NA,25,25,25,0.24303352050178728,0.1849114892556621
ENSG00000173714.7,WFIKKN2,-0.6870170633730156,NA,0.4920719757720097,0.040952911811472564,0.23746351655126635,3.4515613990990626e-08,NA,6,6,6,0.19813640247994457,0.5345384552760811
ENSG00000183688.4,RFLNB,-0.6867205500950667,NA,0.4922588444785708,0.03107510929928112,0.09134893667252512,0.0009047195732385989,NA,25,31,31,0.1820252259330397,0.1518643326346986
ENSG00000176222.8,ZNF404,-0.6866244264575303,NA,0.4923194317208779,0.02811038980155796,0.18947853495040928,1.1129454136439344e-06,NA,55,57,57,0.28116073195326163,0.028266699097595764
ENSG00000018699.11,TTC27,0.685999217429694,NA,0.4927136018904926,0.039260786044917693,0.08939791968205436,0.0008460758662514891,NA,26,27,27,0.0678253816417803,0.2793771408904086
ENSG00000078246.16,TULP3,-0.6856377320570491,NA,0.49294158162292345,0.034079571022182564,0.21500848365436653,3.9005185738948274e-08,NA,42,42,42,0.04460941463368193,0.05688711675101544
ENSG00000160075.11,SSU72,-0.6852083415143316,NA,0.493212460868797,0.01725080391580465,0.11452497112245398,0.00015307039661495135,NA,36,39,39,0.03725527096549359,0.17630239080618834
ENSG00000090659.17,CD209,-0.6848972136589331,NA,0.49340878439248115,0.04259013784223934,0.04028204869108112,0.036900867526574815,NA,26,31,31,0.0004189073703480256,0.2816523244938184
ENSG00000137876.9,RSL24D1,0.684658586732257,NA,0.49355938775097685,0.047021219529356284,0.07174241315762593,0.00351827150585105,NA,100,104,104,0.0001079813480264035,0.24232730986729334
ENSG00000006282.20,SPATA20,-0.6845349972916914,NA,0.4936373977781755,0.19353335197891378,0.572364082049027,9.479960849947028e-25,NA,39,40,40,0.004017054650733202,0.3488261486843656
ENSG00000250506.7,CDK3,-0.683416511205318,NA,0.4943436896333915,0.08933772315367791,0.3289109160119236,1.3618237803999232e-11,NA,40,44,44,0.010137458493040952,0.2152361601230572
ENSG00000189350.12,TOGARAM2,0.6829491894286883,NA,0.4946389499181687,0.14722114154335797,0.2752973898619236,4.823160496520466e-11,NA,155,163,163,1.0104897325185722e-14,0.15776278263155408
ENSG00000113946.3,CLDN16,-0.678632720323597,NA,0.49737060532071553,0.018301551129612535,0.08863530759970836,0.001234859298916551,NA,19,20,20,0.04695978287639362,0.1940089648276522
ENSG00000253910.2,PCDHGB2,0.678615052112509,NA,0.49738180304421886,0.0072872077679470935,0.13409961547534385,8.259648980058854e-05,NA,11,11,11,0.07339236434036783,0.07299200436053649
ENSG00000172890.11,NADSYN1,-0.67860673690893,NA,0.49738707308378305,0.004256785489256038,0.03782472934481311,0.041886071628567514,NA,35,41,41,0.01763125465248391,0.058426224225573135
ENSG00000085840.12,ORC1,-0.6748143542528167,NA,0.4997937194569382,0.010736311099115086,0.041712423833982055,0.033255128426934906,NA,79,88,88,0.23532152140143037,0.08923025175358115
ENSG00000115380.19,EFEMP1,-0.6741525697449975,NA,0.5002143204621483,0.027978048617998755,0.09623490692998192,0.0009979609597072713,NA,27,28,28,0.02920599655192617,0.11108529468242699
ENSG00000160808.9,MYL3,-0.6725209660836741,NA,0.5012520972880485,0.01912858099205351,0.14081054927127182,3.191831834056594e-05,NA,19,20,20,0.27496788654754445,0.08239403594988136
ENSG00000083844.10,ZNF264,0.6725015469788903,NA,0.5012644556178854,0.014026714575279084,0.036046274724784576,0.04929213622561186,NA,44,47,47,0.014599871746251492,0.07387298648102593
ENSG00000162430.16,SELENON,-0.671904040825027,NA,0.5016447877581331,7.758002103269503e-06,0.1573150706350866,8.691928132475423e-06,NA,4,7,7,0.07704173276282955,0.0024183137545993947
ENSG00000198265.11,HELZ,0.6716778029429026,NA,0.5017888354079428,0.10515558463591657,0.05396875704476741,0.015509707836129457,NA,161,172,172,1.976576442946115e-06,0.3731506963756673
ENSG00000270030.1,RP11-326C3.13,-0.6714490133535675,NA,0.5019345300149116,0.032044600967780015,0.1194122159151635,0.00020747022812160683,NA,10,11,11,0.3015068428623945,0.12363117821696006
ENSG00000225870.1,LINC00368,-0.6710273078889336,NA,0.5022031332768926,0.017320322509034338,0.04223629620118799,0.028101068167367124,NA,13,14,14,0.00757425580475862,0.09842908814406696
ENSG00000105499.13,PLA2G4C,-0.6691069622893645,NA,0.5034272490304808,0.034382360015927926,0.13705875376002236,5.678637580318749e-05,NA,39,40,40,1.904301978981826e-08,0.14976267462494006
ENSG00000178467.17,P4HTM,-0.6685365160346873,NA,0.5037911807760698,0.0063521293236943385,0.11671535339258933,0.00012096056857483804,NA,50,50,50,0.07583016544545138,0.08017814389335873
ENSG00000197536.11,C5orf56,-0.6683316095000129,NA,0.5039219403789721,0.032120803995036154,0.20352937510721295,5.137114914159122e-07,NA,27,29,29,0.17327400888730138,0.13816837785850586
ENSG00000231439.4,WASIR2,0.6680835547128834,NA,0.504080258684302,0.11966223687554355,0.17398436165759287,1.5407425663420117e-06,NA,33,36,36,0.034044355903256523,0.21789354557535176
ENSG00000108960.7,MMD,-0.6672115812683719,NA,0.5046369945742313,0.009308226242749863,0.07096892568907362,0.004071360623431073,NA,9,10,10,0.24208422942395835,0.049092625620366315
ENSG00000273958.1,RP11-219B17.3,-0.666548104899313,NA,0.5050608267276027,0.44462699401624173,0.03760758389949792,0.0439273751095433,NA,179,188,188,1.2970889746537902e-07,0.7515117780485213
ENSG00000139899.10,CBLN3,-0.6661710958846874,NA,0.5053017455846824,0.08395288873714424,0.3974405222598063,1.996616581244492e-14,NA,11,12,12,0.19699103495798875,0.3517807220773729
ENSG00000125885.13,MCM8,-0.6648626156746537,NA,0.5061383688455274,0.07736130212587557,0.18156508507520236,6.310558380129143e-07,NA,71,77,77,0.006662180250514672,0.18854584671468733
ENSG00000263667.1,RP3-416J7.4,0.6625321537302867,NA,0.507630235193741,0.042451850328309934,0.14021690832533928,3.001920778938243e-05,NA,43,68,68,0.017484510805475133,0.6473502317251304
ENSG00000145781.8,COMMD10,-0.6621809398439482,NA,0.5078552679438388,0.015243763728283153,0.08527248296427167,0.0017944566300992953,NA,89,89,89,0.010455626472871326,0.034719703177982016
ENSG00000258498.8,DIO3OS,0.6617562886662617,NA,0.5081274239607765,0.02265469080633726,0.04128071522406045,0.033626489425862716,NA,32,32,32,1.2701811216763135e-05,0.09807443192269187
ENSG00000105185.11,PDCD5,-0.6612123576083524,NA,0.5084761373646793,0.0050512875891192315,0.09938730621980124,0.0007632786334113908,NA,12,12,12,0.006039009011173023,0.07616999396027091
ENSG00000174792.10,C4orf26,-0.6607568991036187,NA,0.5087682276402199,0.02413116140161404,0.06679165339995549,0.00441072764224607,NA,22,23,23,9.646624438509303e-12,0.10180053137268917
ENSG00000179698.13,WDR97,-0.660556791319896,NA,0.5088965866437147,0.04596462434545945,0.3641345554057765,8.181543494540993e-13,NA,46,61,61,0.00022926724819218093,0.18599440846627965
ENSG00000135390.17,ATP5G2,0.6605432735616259,NA,0.50890525821254,0.014487677207260952,0.08645515547363178,0.0016855555841908134,NA,34,35,35,9.34962613251646e-07,0.11196103475786102
ENSG00000204001.9,LCN8,-0.6600321642552436,NA,0.509233188871193,0.017823119571772947,0.09076447124599077,0.0009690718032572387,NA,10,10,10,0.03319761469000587,0.04698497223086361
ENSG00000177984.6,LCN15,0.6592352736419057,NA,0.5097446991763815,0.2092971859652527,0.4220737195590469,2.7096806037908906e-15,NA,46,46,46,0.0005280415922274502,0.17374816101033905
ENSG00000178171.10,AMER3,0.6590548172088317,NA,0.5098605683721018,0.004884595641637775,0.09420618461014628,0.0009295479502059244,NA,18,19,19,0.012539447007394702,0.052805596410342735
ENSG00000104497.13,SNX16,0.6585846906913073,NA,0.5101624964247561,0.05004996162030138,0.10063956700212877,0.0005663241388507303,NA,84,88,88,0.027871726561076334,0.7105474093041831
ENSG00000135248.15,FAM71F1,-0.6582523390303914,NA,0.5103759981262914,0.009866929450485354,0.03850707935074262,0.0390986156570348,NA,12,13,13,0.15226260394751964,0.048469483983519496
ENSG00000162366.7,PDZK1IP1,0.6569895605275918,NA,0.5111876290309847,0.022650176983559027,0.040302293979401084,0.03364345544497577,NA,10,11,11,4.746857897828408e-07,0.27464042273614914
ENSG00000197841.14,ZNF181,-0.6561254637817253,NA,0.5117434017784896,0.003865503425653611,0.0979277340567385,0.00041024189355113417,NA,7,9,9,0.05374401751821949,0.18280678973476944
ENSG00000223768.1,LINC00205,-0.6560057121445645,NA,0.511820448925002,0.1798798486980764,0.3856067801118597,8.810406478414882e-14,NA,49,59,59,0.02724372856634452,0.1898454552443445
ENSG00000239521.7,GATS,0.6555132577801326,NA,0.5121373533359976,0.00957711293311667,0.0953944824170228,0.001079812855456002,NA,19,21,21,6.795047301364273e-07,0.10502111215912126
ENSG00000115526.10,CHST10,0.6555060870256418,NA,0.5121419686184074,0.01226926786331355,0.10649626992061248,0.0004284119951129047,NA,23,23,23,0.17246221121285032,0.04142073366247248
ENSG00000178199.13,ZC3H12D,0.6551781219945084,NA,0.5123530785494763,0.009469054957975257,0.09840917920936873,0.0005664632095047254,NA,15,16,16,0.16223767919694398,0.057086836855640415
ENSG00000111671.9,SPSB2,-0.6550591849808408,NA,0.5124296490948783,0.09291910426927252,0.4078126324425407,5.474258132176743e-15,NA,15,16,16,0.29930585922565345,0.09168808914936398
ENSG00000127311.9,HELB,0.6531680801516248,NA,0.51364792597124,0.011636960688164558,0.13013576301211585,8.17992381640727e-05,NA,13,14,14,0.31106146509341936,0.06366825471261976
ENSG00000128699.13,ORMDL1,0.6527506371924872,NA,0.5139170516805477,0.0800098717242374,0.2712540222262321,8.957405970655477e-10,NA,55,55,55,0.23942976048784903,0.15593183265675553
ENSG00000182648.11,LINC01006,-0.6525963462555736,NA,0.5140165416992162,0.043297678281496096,0.12266083239904052,0.00016399155037133983,NA,36,38,38,0.0734600310899893,0.13021566256596176
ENSG00000111665.11,CDCA3,0.6522837353335897,NA,0.5142181504613352,0.016784243823779663,0.1344911793997172,2.5029570213798088e-05,NA,6,6,6,0.20111861058001868,0.10197913961854456
ENSG00000260306.1,RP11-645C24.5,0.6519112299471927,NA,0.5144584399930614,0.059020442036439254,0.19865694691573024,4.588713872249475e-07,NA,40,49,49,6.617165787831424e-05,0.2608715680231251
ENSG00000096063.15,SRPK1,0.6512931588595119,NA,0.5148572636703949,0.028842911923878306,0.14046174422842264,5.908156588995458e-05,NA,25,25,25,0.08267165384349318,0.1937677284578284
ENSG00000266904.5,LINC00663,-0.6507610336092036,NA,0.5152007575848041,0.06555275919469385,0.17135923078499254,1.3704285400226344e-06,NA,44,50,50,4.7761359736852135e-11,0.6649598148258951
ENSG00000100191.5,SLC5A4,0.6500992189279349,NA,0.5156281337358865,0.04117335113237159,0.1753281343058882,5.318466049626077e-06,NA,29,34,34,0.04530554686998067,0.2166033649906378
ENSG00000124116.18,WFDC3,0.6488679315368725,NA,0.5164237442116246,0.16444787820177253,0.4143533248274997,3.935193888541816e-15,NA,45,48,48,0.009647885282308878,0.2964769038831572
ENSG00000138604.9,GLCE,-0.6488575656244692,NA,0.5164304449651292,0.008275100712286279,0.06598082990439795,0.006662023960084297,NA,18,22,22,0.0006336380183948929,0.08640702636691429
ENSG00000124067.16,SLC12A4,0.6479549601686283,NA,0.5170140817343183,0.01717704783089933,0.07386961013051642,0.003268451790086165,NA,35,37,37,0.01309981817573139,0.2201243050894796
ENSG00000100336.17,APOL4,0.6479390883645747,NA,0.5170243477108619,0.0791171162800188,0.05619010887676831,0.01297372479256568,NA,70,81,81,0.010899659764352216,0.3715654683285989
ENSG00000164197.11,RNF180,-0.6475607968651277,NA,0.5172690601273411,0.004571416188100941,0.06692414443712598,0.0045515666140689215,NA,6,6,6,0.44059348016959243,0.046255023396217586
ENSG00000146833.15,TRIM4,-0.6472453502772451,NA,0.5174731647358464,0.0380059744700003,0.20945792782126796,1.1295656217914352e-07,NA,21,21,21,0.4775394620468697,0.01349531218899248
ENSG00000133059.16,DSTYK,0.646971927414891,NA,0.5176501122915953,0.020147392439788005,0.08636190804626415,0.0015203959472399713,NA,25,26,26,0.0005776778262216497,0.17798542349642565
ENSG00000119471.14,HSDL2,-0.6459579313572894,NA,0.5183066003252776,0.003993315194241452,0.08179805797989739,0.0021754903268279787,NA,25,25,25,0.14295076802847395,0.01367389401966617
ENSG00000110696.9,C11orf58,-0.6455648936783321,NA,0.5185611790769973,0.012909195545235546,0.06220612720923964,0.007420680690121997,NA,39,42,42,0.0016703844271979918,0.15643108934591285
ENSG00000183579.15,ZNRF3,-0.6445691456330138,NA,0.5192064350867199,0.0210701531283917,0.09177926347613374,0.0011054068627502774,NA,33,35,35,0.10289662441244905,0.20416089252356048
ENSG00000183172.8,SMDT1,-0.6437945129200288,NA,0.5197086923757952,0.02155664949441506,0.2791343062862513,4.980016425417525e-10,NA,41,44,44,0.09091440222581879,0.09197035742345608
ENSG00000036448.9,MYOM2,0.6429489382502526,NA,0.5202572330981223,0.07506180316384911,0.2376637590910393,3.7322149875572484e-08,NA,35,40,40,0.0005734815555343445,0.13601819492599745
ENSG00000133805.15,AMPD3,-0.6428398795227339,NA,0.5203280033370563,0.03223841761023452,0.2545018665064415,2.2367653544689786e-09,NA,40,40,40,0.0003799108330907294,0.09200606709283547
ENSG00000270947.1,AC025811.3,0.6427221844382951,NA,0.5204043834354033,0.05442540085659424,0.1347023874864866,8.2777519402251e-05,NA,35,38,38,0.049125173594110734,0.19657420029948836
ENSG00000100312.10,ACR,0.6423920641085368,NA,0.5206186511078712,0.021713839765267653,0.0628469199693873,0.008667882922125756,NA,15,17,17,0.00015595172518120188,0.278222200481934
ENSG00000262681.2,RP11-311F12.1,-0.6413773943755394,NA,0.521277516380613,0.022206832632236117,0.10351463986784952,0.00046559572735483605,NA,7,7,7,0.4673993766027392,0.1075935545280196
ENSG00000132313.14,MRPL35,0.6408827121698144,NA,0.5215988886974374,0.012180671241812251,0.12973496172477214,5.234137914299999e-05,NA,13,13,13,0.02367350111099722,0.1067649835240408
ENSG00000157851.16,DPYSL5,-0.6404724628706556,NA,0.521865486130503,0.011380030514495949,0.17004189354915314,4.250580545770169e-06,NA,17,18,18,0.1495065693926082,0.06754714265106593
ENSG00000198912.10,C1orf174,0.6400142329646943,NA,0.5221633462284112,0.1715622762176332,0.09995628955617313,0.0007350879128743618,NA,74,85,85,0.002646112201051756,0.25065846624537097
ENSG00000271320.1,RP11-1152H14.1,0.639870824825867,NA,0.5222565828061194,0.04138009643176973,0.061942253380997014,0.008063260233132988,NA,40,41,41,3.934059162634356e-05,0.27164601525240634
ENSG00000168116.13,KIAA1586,-0.6380249397359921,NA,0.5234574455493706,0.014029478938887318,0.04200537048195652,0.02537357921890761,NA,20,20,20,0.024363081207348578,0.022290424194089404
ENSG00000170917.13,NUDT6,0.637152078275746,NA,0.5240257890124422,0.02987785062961181,0.08983001118562396,0.0012951708385759426,NA,31,33,33,0.006978168456457834,0.6502339155753479
ENSG00000135951.14,TSGA10,0.636893601074912,NA,0.5241941511244962,0.08066625748997974,0.18356405400901002,2.094448996794743e-06,NA,74,79,79,5.848800314320665e-11,0.28054266918566884
ENSG00000143537.13,ADAM15,0.6364946496627268,NA,0.5244540671433098,0.002996652203387576,0.04682213878715871,0.02353412331700091,NA,5,5,5,6.946278276839863e-19,0.07512845610545019
ENSG00000154803.12,FLCN,-0.6355982687154766,NA,0.5250382982091478,0.018384207692353903,0.20638244827186555,5.240436086637991e-07,NA,34,35,35,0.0002837613500892935,0.09514708013995947
ENSG00000162139.9,NEU3,0.6345091488161124,NA,0.525748598076073,0.011766864211923012,0.041271247954391854,0.03105453941825903,NA,19,20,20,0.0005434506859477351,0.13063624269148744
ENSG00000163138.18,PACRGL,-0.634232568763577,NA,0.5259290556589404,0.17805342703248198,0.28282976829775464,5.353246791757523e-10,NA,98,100,100,0.0010627486701894977,0.2237880885187068
ENSG00000166747.12,AP1G1,-0.6339772277948723,NA,0.5260956836816104,0.007580778987834538,0.08121284295513259,0.0027189471700918753,NA,12,12,12,9.744882198257964e-05,0.04415882066981302
ENSG00000163697.16,APBB2,0.6329383426891086,NA,0.5267739076979967,0.052590887701865596,0.08059692933488566,0.00226863417912161,NA,60,69,69,1.9748637351293416e-12,0.3255840542538148
ENSG00000109832.13,DDX25,0.6313840994935239,NA,0.5277894100502817,0.005355129182929801,0.0973709920821918,0.0007420793404189736,NA,5,6,6,0.1468437110523671,0.090724986602821
ENSG00000106392.10,C1GALT1,0.6310354275070686,NA,0.528017360293787,0.030468173555044283,0.26728076771259857,2.868730598668858e-09,NA,23,23,23,5.284587908368147e-09,0.1555793651164625
ENSG00000172296.12,SPTLC3,-0.6305817815284913,NA,0.5283140141540309,0.012446450762863331,0.08625108513805949,0.0019116412820290368,NA,13,13,13,0.31565009661199217,0.11806156466769348
ENSG00000127804.12,METTL16,-0.6299842558099643,NA,0.5287048851699555,0.042121200867049985,0.03961053990209959,0.033433516303914015,NA,38,39,39,6.625409641018213e-13,0.18844181582365094
ENSG00000100445.17,SDR39U1,-0.6276910405147332,NA,0.5302063557474801,0.07229143582672004,0.17654630990494388,2.213419983224099e-06,NA,60,61,61,0.01514747749436339,0.15266464468185806
ENSG00000166183.15,ASPG,0.6275507592235144,NA,0.530298274428084,0.03550329368412972,0.1075294808873569,0.00044180583717438556,NA,7,7,7,0.00966933011208168,0.08567956682317747
ENSG00000116237.15,ICMT,0.6274027660173578,NA,0.5303952550778206,0.035033257155048424,0.1715788063028176,3.1676485334787927e-06,NA,11,14,14,3.0775247308759486e-05,0.36661061788375215
ENSG00000243335.9,KCTD7,0.6269043564825967,NA,0.5307219314340268,0.03224193736576175,0.17030111090818806,7.0226026046365444e-06,NA,35,35,35,0.36480272360391097,0.41084849550456937
ENSG00000165655.16,ZNF503,0.626099530838552,NA,0.5312496599361654,0.03476300549456412,0.07985074884661092,0.0024504474490023857,NA,18,18,18,1.8198970617461773e-06,0.4070790682060074
ENSG00000180817.11,PPA1,0.6241169565849564,NA,0.5325507787465926,0.004757820075849553,0.04778520203468013,0.02090790086821041,NA,15,15,15,0.2627710663657331,0.08079472075234878
ENSG00000142856.16,ITGB3BP,-0.6235807336390773,NA,0.532902966691555,0.19634289565077012,0.5393121115374295,2.134380437464361e-22,NA,24,25,25,0.3044689889594131,0.09877516534946527
ENSG00000067208.14,EVI5,0.6232597982240377,NA,0.5331138114528802,0.005316427063036399,0.04446301907245532,0.02765964504019533,NA,66,68,68,0.00018632303714220003,0.037504510993178385
ENSG00000138768.14,USO1,-0.622945627979991,NA,0.5333202525580589,0.012154557510828161,0.03413862651834332,0.04789949317607952,NA,43,49,49,0.016993538944808463,0.06467012761037849
ENSG00000152527.13,PLEKHH2,0.6212900937507632,NA,0.534408770423882,0.021615644733128624,0.06028769651326945,0.008152166705737433,NA,23,24,24,4.3374028450068225e-29,0.08673419570509132
ENSG00000006744.18,ELAC2,-0.6212337032764969,NA,0.5344458670387594,0.043294349544729493,0.23099493741246802,6.201240310611285e-08,NA,19,20,20,0.022213325178993458,0.11873452584379192
ENSG00000196208.13,GREB1,0.6208846304416827,NA,0.5346755343975717,0.004163752401391553,0.1007231993791795,0.0005525915992539216,NA,21,24,24,0.06981583234733467,0.15772067746133395
ENSG00000124701.5,APOBEC2,-0.6203789303294209,NA,0.5350083406737475,0.04730779617106755,0.07714582046687035,0.0026999053574993034,NA,26,27,27,0.030990726755420195,0.10191370540929164
ENSG00000161999.11,JMJD8,0.6194962078661639,NA,0.5355895193097695,0.02581275162233857,0.05282910869208286,0.016159584610416,NA,55,58,58,2.045739042629858e-09,0.228387108482773
ENSG00000225978.3,HAR1A,0.6191880561888199,NA,0.5357924792107327,0.0278130157502281,0.22426334229025344,8.008704866055926e-08,NA,17,18,18,0.08108383546418314,0.1709856585557608
ENSG00000260166.1,RP11-863P13.6,-0.6186793499573028,NA,0.5361276163697533,0.04447875310788858,0.04146092981418168,0.027590598061134137,NA,47,55,55,2.0082822630855608e-05,0.1712138918608382
ENSG00000095917.13,TPSD1,-0.616883057935239,NA,0.5373118623976578,0.03840155142989248,0.2639145852046968,6.647047493375082e-10,NA,13,20,20,0.0010793501109434517,0.19369939970403327
ENSG00000136546.13,SCN7A,-0.6166924931616812,NA,0.537437573598811,0.014566586346427431,0.04150486789129355,0.028756620158481717,NA,12,14,14,0.2189632707656486,0.19766504092584372
ENSG00000153291.15,SLC25A27,-0.6166895031372409,NA,0.5374395461669451,0.08878590793028644,0.3323448233508824,1.110980510542064e-12,NA,26,28,28,0.23234341561253935,0.4413449712433363
ENSG00000259495.2,RP11-210M15.2,0.6165319041236182,NA,0.5375435219675384,0.0844747087616346,0.421169002275642,7.367922467202519e-17,NA,34,36,36,0.00934651336187861,0.14745488443470456
ENSG00000127472.10,PLA2G5,-0.614140770881667,NA,0.5391223084590262,0.008811152844021446,0.137883144598414,4.300232431691892e-05,NA,4,4,4,0.20731931365794276,0.09804733393505187
ENSG00000130529.15,TRPM4,0.6139668944165463,NA,0.5392372039186718,0.03764196310031104,0.08523477565981358,0.0022096139914979823,NA,59,63,63,0.05030466420054244,0.16888913020179916
ENSG00000154262.12,ABCA6,-0.6138629453921169,NA,0.5393058980322043,0.03337030318374182,0.2979496816909709,3.262169896291398e-10,NA,15,16,16,0.39133260226799804,0.05310534103633508
ENSG00000269416.5,LINC01224,0.6134535186892073,NA,0.5395765079390481,0.06264702103253676,0.2580975999668613,8.567328427300549e-09,NA,34,35,35,0.3030217148230453,0.09067387957412197
ENSG00000254521.6,SIGLEC12,0.6110747923976941,NA,0.5411500670048816,0.1988181881982543,0.08682305210987143,0.0012545783064439027,NA,85,92,92,2.4355592179624073e-05,0.29392955994957626
ENSG00000124098.9,FAM210B,0.6104041172181851,NA,0.5415941414556784,0.003584310771756168,0.09917092407445112,0.0007178035298875488,NA,8,8,8,0.16079675339149513,0.11889696407623293
ENSG00000217442.3,SYCE3,0.6102127655634434,NA,0.5417208745568052,0.17977426636708174,0.046106947797611486,0.018801644542783408,NA,82,97,97,0.00015503942242573514,0.4059815389515259
ENSG00000145506.13,NKD2,-0.6100454417215919,NA,0.5418317060526536,0.01487576318385395,0.04423733485013814,0.020053230443145102,NA,29,31,31,0.017946483252944418,0.10156352014236353
ENSG00000196839.12,ADA,0.6092884945298658,NA,0.5423332319357397,0.028169993250854,0.054542514635271495,0.011590990317503193,NA,24,24,24,0.10981787945594593,0.16262940064530138
ENSG00000105664.10,COMP,0.6087074843362749,NA,0.5427183452695665,0.015072976504837706,0.07712059651160934,0.002610060363683543,NA,10,13,13,0.02471491043472216,0.2605788284422798
ENSG00000273136.6,NBPF26,-0.6086329685970959,NA,0.5427677466956635,0.0007281750972909155,0.4243495164546867,2.22697033686612e-16,NA,4,7,7,0.15058744770234986,0.1127798551002006
ENSG00000115486.11,GGCX,-0.6086170540078726,NA,0.5427782978228326,0.021004145251990722,0.16258889138594812,5.278570092897873e-06,NA,31,31,31,0.11488164713050823,0.06798244756289634
ENSG00000162692.10,VCAM1,0.6064844166031115,NA,0.5441931272982682,0.03812760346031393,0.11882679237051125,0.00011716424483385996,NA,58,58,58,0.05665617360364943,0.2389358861914693
ENSG00000203710.10,CR1,-0.605645453262658,NA,0.544750212552179,0.021592384021122485,0.04160063301834254,0.030289589012722364,NA,24,24,24,0.0006551870201747567,0.08714386458137847
ENSG00000128617.2,OPN1SW,0.6041066211831146,NA,0.5457727577522238,0.017199077286226563,0.06373711151549133,0.008623977524584206,NA,12,12,12,0.04345765934039074,0.18444568959251734
ENSG00000217702.2,RP11-287D1.4,-0.602426393883185,NA,0.5468903453311271,0.09360500725746868,0.37046498657235993,1.309107433303272e-13,NA,6,7,7,0.42143159413446474,0.15066168540508726
ENSG00000137269.14,LRRC1,0.6020988527196692,NA,0.5471083381776412,0.015507702092585278,0.06086594050852458,0.007971947167231486,NA,21,22,22,0.005321833587320614,0.15052965329061085
ENSG00000100290.2,BIK,0.6019264301801901,NA,0.5472231101287204,0.008443148313518993,0.0542081026515259,0.013370974692127537,NA,8,8,8,0.3141429560639104,0.07399035701469849
ENSG00000122375.11,OPN4,-0.6008594855366711,NA,0.5479335797868461,0.08613044288699197,0.1824223473115666,1.300619364948234e-06,NA,48,50,50,4.890094082547328e-05,0.09746126477581496
ENSG00000188732.10,FAM221A,0.5997149199505831,NA,0.5486962431198434,0.1273277348745423,0.3712457823323917,2.9775591049225766e-13,NA,11,11,11,0.13922225426941717,0.09603128304881857
ENSG00000144857.14,BOC,0.59897032133999,NA,0.5491926759261272,0.005192174561775429,0.06460103300716594,0.005271276616659832,NA,9,9,9,0.11197128609485515,0.09593922641519168
ENSG00000166682.10,TMPRSS5,0.5989459563845898,NA,0.5492089240763052,0.1728371314135278,0.313027920353583,4.180276785673106e-11,NA,130,134,134,1.514421773333567e-81,0.3493294937030738
ENSG00000144895.11,EIF2A,0.5987428475041885,NA,0.549344379624554,0.06606698716309507,0.3936827297329714,2.4287189624538498e-14,NA,41,43,43,6.650000464698834e-06,0.12602508554628836
ENSG00000112486.15,CCR6,0.5981469357401731,NA,0.5497418947969259,0.01063482013897023,0.044067459665893934,0.027062028914924898,NA,49,52,52,0.1878900060059564,0.060955511596847
ENSG00000142794.18,NBPF3,-0.5977032537187793,NA,0.5500379540372298,0.1301159720668667,0.502396939923086,5.987863314332279e-21,NA,48,54,54,0.13439329453313692,0.09648698255263316
ENSG00000135269.17,TES,-0.597249231814016,NA,0.5503409941423102,0.011605258367766437,0.06228197778028958,0.007286598507854835,NA,28,29,29,0.0009792588104193807,0.14284565489274748
ENSG00000153898.12,MCOLN2,0.596532048965239,NA,0.5508198502939451,0.08743405652417283,0.22065887718333246,9.233145621020064e-08,NA,54,56,56,0.0002888311210459508,0.2411655782902956
ENSG00000125912.10,NCLN,0.5956963806378642,NA,0.5513780765443218,0.011200795600153787,0.0383711916661322,0.03512366261145206,NA,18,23,23,0.08888332969403406,0.07752640773241451
ENSG00000173581.7,CCDC106,0.5955551229156412,NA,0.551472464140478,0.002973644876089525,0.11964441033827415,0.00016066528382164568,NA,11,16,16,0.0818886815896178,0.07032298356802265
ENSG00000282021.1,CTD-2336O2.3,0.5952554514098402,NA,0.5516727292048637,0.01549031523936484,0.0693063662751024,0.004095407309752722,NA,6,6,6,0.21694107954606634,0.0847991341585823
ENSG00000160224.16,AIRE,0.5945917089185538,NA,0.5521164235272804,0.000153619692479365,0.06644127214189531,0.005899999032890639,NA,3,4,4,0.06916439129888466,0.038132696969115816
ENSG00000118579.12,MED28,0.5943003000020508,NA,0.5523112780243358,0.010497843730310345,0.05142432930846645,0.012855227130301976,NA,21,24,24,0.0033986573432085447,0.021338172262728845
ENSG00000269473.1,CTD-2619J13.19,-0.5933017594347432,NA,0.5529792215110911,0.019141454800511597,0.1504185339113641,2.3989249119187674e-05,NA,8,10,10,0.4479018321453859,0.046705370495920905
ENSG00000178665.14,ZNF713,0.5930910750263981,NA,0.5531202030525558,0.018832601586244238,0.043435215263193966,0.029155957007310957,NA,24,29,29,5.791903011565648e-06,0.2315037637041489
ENSG00000149922.10,TBX6,0.5920962840163855,NA,0.5537861151400085,0.014227382362828764,0.0897104924273385,0.0013708165199437575,NA,19,21,21,0.017967313453842674,0.28400351285523473
ENSG00000224635.1,RP4-564F22.5,0.5920023571424889,NA,0.5538490099715179,0.09586263846247893,0.3364739340481594,1.2993792299587573e-11,NA,10,11,11,0.11036172022701322,0.2918782178083384
ENSG00000100987.14,VSX1,0.5916086902901246,NA,0.5541126531924976,0.046236870389959155,0.20164604115169352,5.188578290866192e-07,NA,10,10,10,0.011072710251206838,0.14805291982788588
ENSG00000185088.13,RPS27L,0.5912339384406169,NA,0.5543636858726053,0.006079827130330354,0.09499088265075006,0.0008079243095933838,NA,21,21,21,0.09921546345286461,0.05310902306531581
ENSG00000117593.9,DARS2,-0.5894809557692425,NA,0.5555386837334404,0.009950296444121678,0.04640955646030374,0.02018684278120593,NA,18,18,18,0.1055841035849433,0.03325012157738638
ENSG00000170915.8,PAQR8,0.5880598801368082,NA,0.5564921009887609,0.05378231185431015,0.14286701415612754,4.022033528651755e-05,NA,90,95,95,0.06069430804492922,0.10798758862548527
ENSG00000229654.1,RP1-60O19.2,0.5878885609087162,NA,0.5566070950460914,0.011294039605960933,0.06705205858270459,0.0058562726078376925,NA,13,17,17,0.43643216242676297,0.21988967665296816
ENSG00000100156.10,SLC16A8,0.5870789010051288,NA,0.5571507171533954,0.10124309225914756,0.17196295279696172,4.72191557554214e-06,NA,64,67,67,9.512485930036227e-07,0.3172312198738646
ENSG00000100479.12,POLE2,0.5867890637698681,NA,0.5573453825953703,0.036812037327848074,0.06732639073966727,0.005924754729095703,NA,18,18,18,0.07589594248547088,0.16551430493082753
ENSG00000205571.13,SMN2,0.5866723961080978,NA,0.5574237502730217,0.03282717598018279,0.09307212893424884,0.0008891147474223976,NA,23,25,25,0.0005111546421736114,0.5009397123993795
ENSG00000101224.17,CDC25B,-0.5865837792528695,NA,0.5574832793254583,0.0061758263883784385,0.0992775641812622,0.0006347554206694906,NA,6,7,7,0.007646186829590616,0.0889214301172123
ENSG00000146278.10,PNRC1,0.5860141134584814,NA,0.5578660305655445,0.061535468295969675,0.1397725457560543,6.484724366204751e-05,NA,63,63,63,0.002293283717341104,0.1070500620793891
ENSG00000113812.13,ACTR8,0.5852598128450377,NA,0.5583730322295235,0.06423856137649561,0.22046764245892286,1.8277941722871407e-07,NA,35,38,38,2.0131609788617972e-07,0.10238082962671248
ENSG00000168803.14,ADAL,0.5852082679843594,NA,0.5584076861795106,0.09251058374163419,0.4038268811628997,3.7343903341941986e-15,NA,29,29,29,0.1882701329615185,0.13296967869874268
ENSG00000257431.1,RP11-263K4.3,-0.584905288802295,NA,0.5586114022116832,0.15971672329965197,0.3513140159028787,4.633668508292726e-13,NA,94,101,101,9.287962291956172e-12,0.5710687434393217
ENSG00000113575.9,PPP2CA,-0.5847277920155023,NA,0.5587307636229137,0.0012705717710288725,0.04897625357071866,0.019864248440730897,NA,5,5,5,0.16805526205771948,0.15471217949124053
ENSG00000276070.4,CCL4L2,-0.5843265652656555,NA,0.5590006225580781,4.870407516250817e-05,0.11793595203805553,7.233284766680422e-05,NA,1,19,19,0.5590006225580781,0.011747973148156956
ENSG00000127022.14,CANX,0.583976694078658,NA,0.5592359921782637,0.03139057144673635,0.04606525791040756,0.02420057240597259,NA,54,59,59,2.0006527351063115e-06,0.1890726288980821
ENSG00000138399.17,FASTKD1,-0.582680330867307,NA,0.5601085165769074,0.1495896172496157,0.2144284282445092,3.0913609486783644e-07,NA,123,134,134,9.64762037627511e-07,0.4916065061267697
ENSG00000236682.1,AC068282.3,-0.582451469635298,NA,0.5602626213903943,0.3236160023809559,0.6665212765875107,9.613741791370394e-33,NA,26,26,26,0.27677099686816675,0.08330154290697826
ENSG00000186951.16,PPARA,0.5816460274437526,NA,0.5608051331107463,0.019301937085867152,0.08909528513185053,0.0015818930948676955,NA,60,66,66,8.582236034376557e-05,0.0909678115374
ENSG00000119698.11,PPP4R4,-0.5815468842047429,NA,0.5608719293707828,0.0022393025567021187,0.06465108097064265,0.005992465512246342,NA,23,23,23,1.7850183475700208e-07,0.02986997215379162
ENSG00000185860.13,CCDC190,0.5814258670156834,NA,0.5609534680939496,0.026247965610896443,0.1836698383900537,2.663293321929657e-06,NA,12,12,12,0.3195982630666043,0.0691779316683085
ENSG00000105011.8,ASF1B,0.5810666248566422,NA,0.5611955513604435,0.023534483020255,0.0573279096656581,0.00722129102152733,NA,18,22,22,0.03964192334669791,0.07685067857373386
ENSG00000189269.12,DRICH1,-0.5798716959531659,NA,0.5620011441189452,0.06665264669230134,0.20701971085281448,5.063564821333705e-07,NA,44,46,46,1.2361616868637364e-15,0.2318659800695484
ENSG00000225556.1,C2CD4D,0.579728745435633,NA,0.5620975553826276,0.009220480586853378,0.03708563980001232,0.045763406188656056,NA,14,15,15,7.725434458737874e-07,0.10411944069636504
ENSG00000233878.1,AC073133.1,0.578449609911676,NA,0.5629606084846069,0.12089071718547731,0.15263251229598335,1.5820858221201968e-05,NA,58,62,62,0.004331418828560892,0.40136491285797066
ENSG00000111752.10,PHC1,0.5781213510435449,NA,0.5631821930108725,0.004336446007112105,0.09007348206165627,0.001438874578389093,NA,36,47,47,0.014707734739094586,0.06661434687043738
ENSG00000262890.1,RP11-424M24.5,0.5769202699731593,NA,0.5639933168860641,0.01549836357685727,0.042451356659648526,0.029555408034663427,NA,44,49,49,2.5707759939505373e-07,0.08361849625962955
ENSG00000162836.11,ACP6,0.5768394689460051,NA,0.5640479042885829,0.14557360919681284,0.5262120004476863,1.0351956046841805e-21,NA,16,17,17,0.1444793956742195,0.1572131689978944
ENSG00000237765.6,FAM200B,0.5763962453790753,NA,0.5643473816640803,0.014677271438610619,0.14540658769751855,3.748520136997452e-05,NA,22,22,22,0.17484481807824614,0.1816082454366931
ENSG00000267114.1,CTB-129P6.11,0.5759659336975719,NA,0.5646382079417795,0.005856981940995139,0.03702331105168489,0.040624026551054335,NA,3,4,4,0.21764682987219952,0.06823037780206505
ENSG00000213221.4,DNLZ,-0.5758514158594281,NA,0.5647156170033777,0.09057980818465636,0.13408785695659536,3.913716116074181e-05,NA,56,64,64,0.00027540441133745686,0.3516443650934879
ENSG00000111271.14,ACAD10,-0.5755619096305922,NA,0.5649113333454947,0.010729625568509387,0.0494948519433365,0.01670959337819789,NA,21,21,21,0.005627287428568158,0.1151697829512636
ENSG00000119326.14,CTNNAL1,0.5750467446481357,NA,0.5652596835502248,0.08363145299619991,0.14936288531589687,2.4984763922080335e-05,NA,106,111,111,2.631929851777103e-05,0.19509690899539803
ENSG00000245975.2,RP11-30K9.6,-0.5747475095489714,NA,0.5654620711846372,0.02954365477806979,0.0744597761481525,0.00254728443001065,NA,19,22,22,0.09588784129632673,0.4984367918769089
ENSG00000151773.12,CCDC122,-0.5744303006522713,NA,0.5656766534049888,0.039253331879935655,0.09809366346512917,0.0008047854460436443,NA,48,54,54,0.00026102920571847673,0.13367754278208038
ENSG00000277531.2,LLNLF-187D8.1,0.5742032867753502,NA,0.5658302454307227,0.012608214446855857,0.16672329198886188,6.302760782211792e-06,NA,19,19,19,0.01081763237522306,0.037468545509887916
ENSG00000197165.10,SULT1A2,0.5740738821788484,NA,0.5659178063693908,0.14264433127304954,0.32065844044495656,5.2641502171158626e-12,NA,22,27,27,0.0006720918736039354,0.18026854718794147
ENSG00000272138.1,LINC01607,-0.5710237827406697,NA,0.5679835215415323,0.026914556484795647,0.14070716079712736,3.371759535346506e-05,NA,8,8,8,0.04667677806981671,0.1626075395248241
ENSG00000185519.8,FAM131C,-0.5706189506841878,NA,0.568257969712922,0.06670167883536053,0.12439459796650193,0.00014012042014046228,NA,57,71,71,0.00022037615256735962,0.4898893557384929
ENSG00000174498.13,IGDCC3,0.570329198828477,NA,0.5684544403905158,0.00661305805288885,0.038964491951834726,0.034735688063310614,NA,21,21,21,0.14258118106929438,0.06703951605892514
ENSG00000103966.10,EHD4,0.5698406059994034,NA,0.5687858117653897,0.010523544409235974,0.059796579836511175,0.008554570723062595,NA,19,20,20,0.24777434323025638,0.18652156514572832
ENSG00000228857.2,AC104653.1,0.568882804971096,NA,0.5694356752435354,0.24451655474989523,0.31270415013803543,4.9534924335100406e-11,NA,59,62,62,0.04776944190969412,0.3905658039124624
ENSG00000283317.1,RP11-122G18.11,-0.5680317227635793,NA,0.5700134277118827,0.03866002807246029,0.050339880656468994,0.01811531493602535,NA,32,33,33,0.007212020896135346,0.1250286977993412
ENSG00000108774.14,RAB5C,0.5677125115605138,NA,0.570230194536752,0.002853882346127411,0.0888421881846792,0.001739368736286474,NA,45,46,46,0.2701689655576588,0.04000972372398375
ENSG00000050438.16,SLC4A8,-0.5668838492375539,NA,0.5707930977815008,0.022550077682371123,0.07716938112455797,0.00198110501713343,NA,44,47,47,8.616499186501935e-05,0.08987845148741945
ENSG00000138744.14,NAAA,-0.5667325156707417,NA,0.5708959259513284,0.054644826740141275,0.2173260396622413,1.9451001612003216e-07,NA,46,47,47,0.059995933266915005,0.19720870072141847
ENSG00000137135.17,ARHGEF39,0.5664999981712147,NA,0.5710539341849976,0.020528611987393905,0.11864028723816344,0.000252181317634948,NA,18,19,19,0.00013686202501860648,0.06931136981847039
ENSG00000142657.20,PGD,-0.5653407449419364,NA,0.5718420199988463,0.009795221562217557,0.046464458665779945,0.018795082918363685,NA,27,30,30,0.12656064208082352,0.07541924258537767
ENSG00000254427.1,RP11-430H10.1,0.5652822599773282,NA,0.57188179305913,0.1273509124206178,0.3155723181773697,5.503897776032288e-12,NA,39,41,41,0.0034362377679976863,0.3426956955536114
ENSG00000214491.8,SEC14L6,-0.5650872448251296,NA,0.572014423816015,0.048608964897249654,0.2292321203465019,1.0863828997386463e-07,NA,21,21,21,0.022809602559742768,0.495295805348625
ENSG00000273142.1,RP11-458F8.4,0.5643512079638274,NA,0.572515137741217,0.00890743321858771,0.06919593282784756,0.004131721007499446,NA,35,38,38,0.003441631895477917,0.06323591466128749
ENSG00000115604.10,IL18R1,-0.5640345634115547,NA,0.5727306098976992,0.06854877636038242,0.3202350553426533,2.754619334048893e-11,NA,37,37,37,0.2272274481714569,0.028810170702928982
ENSG00000112559.13,MDFI,-0.5633936102290786,NA,0.5731668872917067,0.017650907161141392,0.13815555390718254,4.354305168213255e-05,NA,13,14,14,0.0002644973901297217,0.0670686451392265
ENSG00000246898.1,LINC00920,-0.5632132213128035,NA,0.5732897009757822,0.08274257806542498,0.3732535648202602,2.583797022874677e-13,NA,29,31,31,0.00023382773667446918,0.1776210855649408
ENSG00000214946.14,TBC1D26,0.5630420474346094,NA,0.573406252349468,0.03481537054716895,0.21899084581730324,1.5315105098538762e-07,NA,32,34,34,1.79134363448254e-09,0.17856895616265306
ENSG00000184601.10,C14orf180,-0.5630131784026108,NA,0.5734259102253121,0.023267613067014102,0.04792999193578618,0.012727682522746616,NA,30,31,31,0.08448861212241575,0.11749338791056088
ENSG00000111850.10,SMIM8,-0.5621325182092185,NA,0.5740257342778277,0.015992829894429732,0.10527468883143984,0.00047085666254726214,NA,40,40,40,0.00857550852723769,0.05716529634452075
ENSG00000241258.6,CRCP,-0.5614190920594704,NA,0.574511871790895,0.02119802978456862,0.12633125207398194,8.546856712466e-05,NA,25,28,28,0.12814131878386018,0.07453884067647011
ENSG00000100726.14,TELO2,0.5604859244040501,NA,0.575148037859829,0.03321796678333698,0.09954831550252442,0.0007209646679951508,NA,46,54,54,0.005592443356999238,0.1359821576610057
ENSG00000116783.14,TNNI3K,-0.5590064750218383,NA,0.5761573011612658,0.07709722446994298,0.30467584574200274,5.636631432392104e-11,NA,51,53,53,0.1622794835622159,0.4627747003836419
ENSG00000163959.9,SLC51A,-0.5583264190051921,NA,0.5766215077589634,0.025344020904733644,0.10581681052481967,0.0003404533687929003,NA,7,8,8,0.09594406613322708,0.16059289657292533
ENSG00000114770.16,ABCC5,0.557188377486753,NA,0.5773987297794787,0.00810737881341014,0.11890823455022542,0.00012895904112145078,NA,14,14,14,0.010028209153536555,0.10327658348176684
ENSG00000137804.12,NUSAP1,0.5567738568248857,NA,0.5776819479386142,0.15000355107247262,0.4211630569354091,2.0587013166280882e-16,NA,18,18,18,0.28428550098394334,0.11968588829013023
ENSG00000163382.11,NAXE,-0.5554868211011507,NA,0.5785617219658861,0.05794829036428999,0.3656910025415211,2.289502184945483e-13,NA,94,95,95,0.0024285473587745215,0.06275635055662779
ENSG00000166130.14,IKBIP,0.554844446347156,NA,0.579001063045166,0.02017071415359319,0.18252654947792754,2.6551114746834913e-06,NA,14,14,14,0.10003111674381034,0.03707879522528108
ENSG00000138376.10,BARD1,0.5542365866982877,NA,0.5794169423389994,0.008212070881120602,0.0753438980489465,0.0037556010365354634,NA,9,9,9,0.1711382851521953,0.05739034039163567
ENSG00000271967.1,RP11-134K13.4,-0.5509716568036654,NA,0.5816531042682977,0.05031680726239893,0.13790443862965832,6.635117913076604e-05,NA,16,16,16,0.008829489253607126,0.09036877490959036
ENSG00000127337.6,YEATS4,-0.5509335682101791,NA,0.5816792150706112,0.04763259661584749,0.20495349249567504,4.628634365340103e-07,NA,54,54,54,0.002982965545071092,0.1354121943669944
ENSG00000132507.17,EIF5A,-0.5506933765701371,NA,0.5818438858179928,0.021177334739445892,0.05967512566080883,0.01062930291450037,NA,34,38,38,3.055183077393057e-06,0.10337194267993287
ENSG00000070756.15,PABPC1,-0.5505791989144578,NA,0.5819221714514033,0.04001802453862513,0.07146565200573704,0.004572022115534404,NA,54,58,58,2.814210217520593e-06,0.2003944004155604
ENSG00000258839.3,MC1R,-0.5499299464794645,NA,0.5823674233510931,0.010189929122719963,0.09879447135407647,0.0005371114329948033,NA,13,14,14,0.5022068576488452,0.08205477969419095
ENSG00000126005.16,MMP24-AS1,-0.5483924713194708,NA,0.5834224448305041,0.08161143563752987,0.4011580474931645,3.1132742822446594e-15,NA,31,32,32,0.015985677004238794,0.11177582967874282
ENSG00000196335.12,STK31,-0.5478243283657998,NA,0.5838125320270464,0.07151494286447894,0.27243489279740496,3.8024283636466975e-09,NA,26,28,28,0.00013683415442212953,0.16384800662349042
ENSG00000106976.20,DNM1,-0.5471337204958568,NA,0.5842868671930259,0.001096377453315564,0.1365230014371879,3.510915144693099e-05,NA,4,4,4,0.30831359622299126,0.017541451299524346
ENSG00000169330.8,KIAA1024,-0.5463992732336348,NA,0.5847915095743723,0.017462861324110464,0.03787615594891788,0.0427908908364314,NA,12,15,15,0.08945947481751966,0.12194512769084485
ENSG00000149743.13,TRPT1,0.5463051889125283,NA,0.5848561700210338,0.007221779843674336,0.08869689234815703,0.0011925146087848474,NA,14,14,14,0.5555118752308368,0.11948356178289872
ENSG00000178295.14,GEN1,0.5458489683146409,NA,0.5851697595860836,0.06167202512747088,0.16379133941573282,7.360428152391428e-06,NA,104,107,107,0.00017966904396066652,0.12252767045625206
ENSG00000226124.6,FTCDNL1,0.5447880460044172,NA,0.5858993011848805,0.08777262874375645,0.3294917297762385,9.204987240937397e-13,NA,12,20,20,0.0009305477583308857,0.10667346730339797
ENSG00000109107.13,ALDOC,-0.5447755118170938,NA,0.5859079228216832,0.006049471070764331,0.04946536694783848,0.011612017796234329,NA,16,18,18,0.0007735861607317328,0.1856655377412208
ENSG00000168813.16,ZNF507,0.5445021277149513,NA,0.5860959846338769,0.007677267105917309,0.0806378327706335,0.002772265358555463,NA,22,23,23,0.1946955737942312,0.025630639770197708
ENSG00000263280.1,LA16c-325D7.2,0.5437144774623126,NA,0.5866379682953964,0.09034398094291872,0.2495778537395235,8.883286071145622e-09,NA,13,15,15,0.1847155918128469,0.26766660255100216
ENSG00000196569.11,LAMA2,0.5416447207361158,NA,0.5880632778544925,0.008096746583614294,0.05626475705159765,0.012536335236615185,NA,47,48,48,3.0008885230787117e-10,0.0321912125862281
ENSG00000166165.12,CKB,0.5415867303797148,NA,0.5881032351622448,0.004600342344408563,0.04422474574749388,0.023026765939479502,NA,24,26,26,0.20422467327255533,0.06959035226473073
ENSG00000124749.16,COL21A1,-0.541307330164717,NA,0.5882957689035897,0.014298362479251911,0.052195654290762165,0.016024369894705136,NA,8,8,8,0.3087836775090991,0.0806496834569904
ENSG00000007944.14,MYLIP,0.5405200616752721,NA,0.5888384295487501,0.005687362153724606,0.04317864069651127,0.0308345007681317,NA,13,15,15,0.3551904180165387,0.10170683693234614
ENSG00000167766.18,ZNF83,0.5404288598622857,NA,0.5889013094829612,0.0123543994667362,0.05108360163366037,0.0133391945071302,NA,11,11,11,0.00014283495301986647,0.15680082090354544
ENSG00000167723.14,TRPV3,0.5399981353355457,NA,0.5891983183717844,0.020731590481731288,0.07662788439188377,0.0020040340005841872,NA,18,20,20,7.567544212045485e-05,0.20451708802408786
ENSG00000268555.1,RP11-678G14.3,-0.5398930327201094,NA,0.5892708030491589,0.10168680603576813,0.3236771999253553,1.6700844225607803e-11,NA,60,65,65,0.08071592969474355,0.11402635561899165
ENSG00000196369.10,SRGAP2B,0.5398379624917425,NA,0.5893087842195017,0.00029433119694214326,0.1775647106376617,4.1479172626440905e-06,NA,3,26,26,0.42829343177585755,0.042396791008845885
ENSG00000113303.11,BTNL8,-0.5389589261507834,NA,0.5899151961594453,0.04330577343321022,0.07331014729224758,0.004144275434397981,NA,36,42,42,7.154702596485091e-05,0.24616893065661316
ENSG00000157111.12,TMEM171,0.5389319840876177,NA,0.5899337869494552,0.0009080278703438813,0.32076155156221003,5.7026639253595405e-11,NA,2,5,5,0.5230633288463573,0.042456647368991296
ENSG00000125618.16,PAX8,0.5388246945420474,NA,0.5900078224657381,0.2764981860447128,0.32465203136996346,2.1651393286430513e-11,NA,72,75,75,0.0002670536541508696,0.3709922496546321
ENSG00000105523.3,FAM83E,0.5368102509848401,NA,0.5913986900547192,0.032408237534346865,0.13871794399319173,3.4239119073485096e-05,NA,30,32,32,0.0232317529903067,0.13533417690682048
ENSG00000019995.6,ZRANB1,-0.5364821400319824,NA,0.5916253760766382,0.015873308172630315,0.061873833286868414,0.007769025781333856,NA,24,27,27,0.016018939679914405,0.14561755885939498
ENSG00000023041.11,ZDHHC6,-0.5364346860549303,NA,0.591658164488957,0.011579811157871931,0.1749561409137311,4.6737411294354065e-06,NA,12,12,12,0.2852454081198993,0.09322317522619228
ENSG00000119703.13,ZC2HC1C,-0.5352102578632134,NA,0.5925044738551366,0.018233227699138915,0.043642521795495035,0.027028700522306912,NA,29,30,30,6.079880969664426e-05,0.08639688975480195
ENSG00000117122.13,MFAP2,-0.533305460301732,NA,0.5938221484932886,0.02877105165242834,0.060771063185839386,0.008606530051573913,NA,19,19,19,0.018942451617961188,0.09831457040006776
ENSG00000175164.13,ABO,-0.532841345033015,NA,0.5941434108050256,0.012434076166409834,0.11620984442390712,0.0002183599021476901,NA,26,31,31,0.0007615895282026146,0.046433831994324735
ENSG00000103550.13,KNOP1,-0.5318205908236809,NA,0.594850260141421,0.07976954966933639,0.28552101607697394,5.357059498386427e-10,NA,44,44,44,0.05274076348125167,0.058783980701422926
ENSG00000156239.11,N6AMT1,-0.5309485469135979,NA,0.5954544349793646,0.03007538543947077,0.1229117579507995,0.00012234724010644718,NA,30,30,30,0.16489208102022535,0.03279743463598617
ENSG00000169752.16,NRG4,-0.5308889684927081,NA,0.5954957226831518,0.16081522455718897,0.3031265591668147,6.592009674645821e-11,NA,127,132,132,3.504902205009917e-08,0.33913699220818
ENSG00000102978.12,POLR2C,0.5301589021700948,NA,0.5960017629229044,0.009483169813981961,0.04537136774475591,0.020196775597676582,NA,33,33,33,0.005646785752769658,0.08357923900338085
ENSG00000105875.13,WDR91,-0.5300121626402698,NA,0.5961034980273572,0.005228621818979753,0.048614438848221225,0.020237964245796727,NA,42,42,42,0.3143859038574124,0.06648979230947302
ENSG00000270154.1,RP11-419I17.2,-0.5294219942411662,NA,0.5965127440361464,0.06330031947192964,0.04776278258124707,0.02202158368900155,NA,46,49,49,0.001090219535358184,0.5541678153525325
ENSG00000104765.15,BNIP3L,-0.5292079634676337,NA,0.596661193008518,0.04843299370361555,0.06413226931216129,0.007890340713311997,NA,103,106,106,7.624615648657207e-08,0.12319532065910167
ENSG00000188523.8,CFAP77,-0.5285948350799956,NA,0.597086543981328,0.00477141546066597,0.05241176242341013,0.012326825332361556,NA,5,8,8,0.10649749498343361,0.1251990544087443
ENSG00000260088.1,RP11-92G12.3,0.528298909198925,NA,0.5972918885965397,0.11138086486637552,0.4682110349887678,5.37527640591728e-18,NA,30,33,33,0.16417647669247215,0.08642473572899016
ENSG00000168291.12,PDHB,0.5266673956970556,NA,0.5984245809834379,0.04271438534372379,0.29324388920755823,3.5447487953454515e-10,NA,51,54,54,0.033765169315671556,0.16391249991902382
ENSG00000197599.12,CCDC154,-0.5261862604100895,NA,0.5987587993362063,0.0915542778613598,0.3606383231957594,1.5026929431193117e-13,NA,20,26,26,0.0010793501109434517,0.27839382418106834
ENSG00000075131.9,TIPIN,-0.5259742694022155,NA,0.5989060847480502,0.12532443798396364,0.2254294286221097,5.4765105680055593e-08,NA,37,38,38,0.1318294275151289,0.10251449418167063
ENSG00000134899.18,ERCC5,0.5258881865776582,NA,0.5989658973711847,0.027081024178530103,0.03851027525162851,0.038170619644278495,NA,26,30,30,0.1599745710033521,0.24307293781951345
ENSG00000120262.9,CCDC170,-0.5258824238448659,NA,0.5989699015670414,0.06486303577761769,0.056693920004701435,0.012279333976378523,NA,77,77,77,9.357817548706307e-06,0.2063590043484326
ENSG00000165678.20,GHITM,-0.5254612029622203,NA,0.599262616898649,0.0009832293873145313,0.0398544105763177,0.032807003810030134,NA,36,36,36,0.44813324869826465,0.026004495279471556
ENSG00000164972.12,C9orf24,0.5248231669450889,NA,0.5997061250640239,0.018096570954272,0.05062197228200459,0.018377888782075316,NA,57,59,59,0.00010310560044487927,0.2572741216516588
ENSG00000111877.17,MCM9,0.5237350144811491,NA,0.6004628583635638,0.04114783956412838,0.04433774056883824,0.029663264792123632,NA,62,63,63,0.0010382745121207413,0.12796151502101047
ENSG00000262223.6,RP11-1055B8.3,-0.5229913250601417,NA,0.6009802901121661,0.009091526902917348,0.11705301984906501,0.00023798233956348134,NA,3,3,3,0.3598977154952907,0.10448105291374392
ENSG00000123179.13,EBPL,0.5224290820722403,NA,0.6013716117318441,0.13011416265121106,0.4034094026458746,1.1148985929060116e-14,NA,82,84,84,0.00014018180832172633,0.3149010453495706
ENSG00000273674.4,CTD-2378E12.1,-0.5222053077585636,NA,0.6015273908407885,0.08787294345119184,0.17066469316165156,5.19693423545984e-06,NA,27,27,27,1.4271822022247056e-11,0.06477455666816934
ENSG00000164122.8,ASB5,0.5219232177278884,NA,0.601723792015167,0.06238770367043005,0.13908283922378048,5.5586326449329746e-05,NA,48,52,52,7.642546010451981e-09,0.11035626565416938
ENSG00000272755.1,RP11-326G21.1,0.5209303233544867,NA,0.6024153105579978,0.007307140983773642,0.2907596170300046,2.6117070716071216e-10,NA,19,35,35,0.37128850551814885,0.06040292397680901
ENSG00000093167.17,LRRFIP2,0.5204229424829823,NA,0.6027688229390487,0.011688284460020501,0.16022601258159033,1.3989858446113053e-05,NA,11,12,12,0.04553329182684496,0.04074065140764172
ENSG00000111364.15,DDX55,0.5194366097214703,NA,0.6034563071859815,0.02458031125783179,0.14242131880831574,3.093362604072084e-05,NA,16,16,16,0.4202124374190658,0.1370598163101063
ENSG00000156486.7,KCNS2,0.5187278831777395,NA,0.6039505145537927,0.006372229289541671,0.03890389846925775,0.03847026879892367,NA,48,50,50,0.4174673792930461,0.10199825319562407
ENSG00000128928.8,IVD,-0.5185388179349496,NA,0.604082383754232,0.010922681374738712,0.057833091702332175,0.008998233828339574,NA,19,20,20,2.0682514330299063e-05,0.08716482642917321
ENSG00000150361.11,KLHL1,0.5184951521130599,NA,0.6041128416238202,0.058806428324290574,0.1321502248418296,0.00010821067573551876,NA,39,40,40,5.048940747996105e-07,0.1309106629319714
ENSG00000101751.10,POLI,0.5184578062636905,NA,0.604138891720903,0.015334909652894559,0.09952380365111403,0.0005238868100720739,NA,11,11,11,0.005532183723694522,0.07647438746055653
ENSG00000219481.10,NBPF1,-0.5181158400074166,NA,0.6043774491548668,0.005846449296123933,0.26257434441537786,4.332644893595061e-09,NA,10,12,12,0.06742273859042569,0.1360506745629639
ENSG00000272010.1,CTD-3025N20.3,-0.5177346708255675,NA,0.604643404569678,0.019885043082684465,0.1108935008943352,0.00026373093443279714,NA,36,38,38,0.005888241421413572,0.05649728811379628
ENSG00000103197.16,TSC2,-0.5176694014974356,NA,0.6046889505862003,0.004974819804083133,0.04401832819843531,0.023117463954954984,NA,10,10,10,0.035860136130036704,0.058117778019771985
ENSG00000256980.4,KHDC1L,0.517266390518822,NA,0.6049702123935973,0.03072600714434657,0.0511399772470956,0.014303021363474375,NA,14,14,14,0.0144367113348056,0.10460152836905524
ENSG00000179979.8,CRIPAK,-0.5167353869908174,NA,0.6053408898684738,0.07149845177517124,0.2650579409551652,1.9260436713479224e-09,NA,48,56,56,0.005955382411066696,0.2801337823657706
ENSG00000185669.5,SNAI3,-0.5166388198308666,NA,0.6054083114110722,0.020069567400365456,0.08818271000135232,0.0016065231657181034,NA,10,11,11,0.3445449312679304,0.12430007674281544
ENSG00000187553.8,CYP26C1,-0.5157059876950248,NA,0.6060597720062462,0.03619304057685553,0.06392087569584445,0.006824646113667386,NA,37,39,39,0.0018701765491167524,0.08590486320608437
ENSG00000197020.10,ZNF100,0.5148110820979916,NA,0.6066850405193801,0.05064244349802208,0.3183384006352612,4.509993409917156e-11,NA,7,7,7,0.049125173594110734,0.09904801411608674
ENSG00000173744.17,AGFG1,0.5147144447593153,NA,0.6067525780525997,0.0035094599616799027,0.05815786455353924,0.01054433115572801,NA,3,3,3,0.054946141826142395,0.11011532694828452
ENSG00000197181.11,PIWIL2,-0.5139591888342224,NA,0.6072805241101531,0.02424634399319202,0.14579290118115604,2.0475641457934878e-05,NA,8,8,8,0.4985012686288697,0.11377347380178393
ENSG00000146707.14,POMZP3,0.5138561542009176,NA,0.6073525642367053,0.21474316154436662,0.3864242883745015,1.9372740812459634e-14,NA,36,37,37,7.297571330904333e-06,0.28510263686078297
ENSG00000075884.13,ARHGAP15,-0.513817651978456,NA,0.6073794853384811,0.017342069207524295,0.03735955212064004,0.04120399710331782,NA,64,66,66,0.0014222605819304117,0.3561305633319228
ENSG00000103343.12,ZNF174,0.5122967987622061,NA,0.6084433053579219,0.02181506164270349,0.044241571179048665,0.02924602293607807,NA,29,30,30,0.010049477511035616,0.1166004145971384
ENSG00000101310.14,SEC23B,0.5122749428485462,NA,0.6084585993759533,0.03224071595550831,0.1497900460445026,1.3674313291391715e-05,NA,43,47,47,6.176922073643859e-05,0.4754081804180995
ENSG00000271855.1,RP11-214N9.1,-0.5120717721423139,NA,0.6086007794548048,0.1331553041356705,0.06643447829799924,0.006429771391258976,NA,74,83,83,1.3795846666058493e-05,0.2829530934128046
ENSG00000117226.11,GBP3,-0.5117683906207918,NA,0.6088131151988034,0.13096237426217328,0.4669279967157296,2.0828742675943176e-19,NA,82,82,82,5.996244956445689e-06,0.1364640898652734
ENSG00000008083.13,JARID2,0.5117407770641532,NA,0.6088324434748715,0.01913212091183395,0.12285030356667875,0.00015902263483348877,NA,41,41,41,0.0002800607233054662,0.09495537400179402
ENSG00000115602.16,IL1RL1,-0.5114351665335993,NA,0.6090463756515447,0.019016174566142505,0.1461157572799733,2.2081708068876983e-05,NA,23,24,24,0.4593250525326975,0.039010528929805104
ENSG00000138363.14,ATIC,0.5113928628946918,NA,0.6090759914991053,0.0366907152955611,0.2211691066851416,4.673372998549376e-08,NA,20,24,24,8.480764000598097e-05,0.1393993192420486
ENSG00000267041.5,ZNF850,-0.5091982882217357,NA,0.6106132428253794,0.01028800278542899,0.0760962175191661,0.0036111954684279243,NA,10,11,11,0.4861737813390956,0.09216523388032184
ENSG00000197702.11,PARVA,-0.509033930737394,NA,0.6107284408819615,0.018476505614343074,0.17166059951237295,7.34495652082585e-06,NA,38,44,44,9.6941053304093e-06,0.1070762288002725
ENSG00000135317.12,SNX14,0.5084814611782379,NA,0.6111157370826193,0.02674925554014809,0.04506717723553316,0.024293143080648862,NA,110,110,110,0.0005871479351404948,0.12332348450252024
ENSG00000256537.4,SMIM10L1,-0.5080560179152426,NA,0.6114140585584871,0.011832495946050185,0.14781628492521673,2.367537284697285e-05,NA,16,34,34,0.07569022699072583,0.18937132071925414
ENSG00000177646.18,ACAD9,0.5061390502047932,NA,0.6127590386340248,0.03770568101741424,0.038873371076991216,0.04018705912353862,NA,50,52,52,5.254806772993165e-06,0.07878906191163089
ENSG00000154889.16,MPPE1,-0.5058637496605625,NA,0.6129523018988088,0.0432190287777628,0.19766211953073134,1.7767072463642247e-07,NA,21,21,21,0.07335992844987461,0.2401247047156647
ENSG00000136104.19,RNASEH2B,-0.5057040091499644,NA,0.6130644534026584,0.08216876602468769,0.4350242369691392,1.0669660400825311e-16,NA,21,24,24,0.002347562157963908,0.1470178722983096
ENSG00000141956.13,PRDM15,0.5054892057971583,NA,0.6132152780147873,0.03591799265039741,0.045965643133718335,0.02557538825426564,NA,52,54,54,0.00889686240211954,0.2081836443093249
ENSG00000147813.15,NAPRT,0.5053265783487276,NA,0.6133294781030675,0.1691854101845841,0.5499999035823965,8.037262900440687e-24,NA,14,14,14,0.09958822156377553,0.2890134519389641
ENSG00000177990.11,DPY19L2,0.5041811913117703,NA,0.6141340563690172,0.01205255877007344,0.0941687533887242,0.0009707177996247117,NA,23,26,26,0.295484698953807,0.08559175865589752
ENSG00000272512.1,RP11-54O7.17,0.5039328439993563,NA,0.6143085695241952,0.018998513187934624,0.1583866165137036,1.0993038798649436e-05,NA,9,9,9,0.3998774692688223,0.14677134316220708
ENSG00000106638.15,TBL2,0.5037787155671193,NA,0.6144168862469643,0.04731709214701499,0.14108336064235294,3.634011663584047e-05,NA,15,21,21,0.01571334794294686,0.4429952759788095
ENSG00000114331.13,ACAP2,0.5033713440030039,NA,0.6147032149435916,0.0338973753906708,0.14921772616636134,1.6118914132985268e-05,NA,35,41,41,0.027417631914719562,0.16896463173975046
ENSG00000119943.12,PYROXD2,0.5026003756092788,NA,0.6152452651452431,0.10255910649939828,0.4937643317346701,5.72414184343877e-19,NA,78,81,81,0.0522774554075801,0.1459914959753914
ENSG00000165406.15,MARCH8,-0.5020998855570175,NA,0.615597260696013,0.003908454093094885,0.12700443656960833,0.00011960666637560095,NA,4,5,5,0.29395113138176554,0.0987979975560752
ENSG00000240875.5,LINC00886,0.5018053943265566,NA,0.6158044182518813,0.02334515645228903,0.09154305189831424,0.0012362165612917586,NA,33,33,33,0.005288651351792855,0.1669929623239245
ENSG00000203778.7,FAM229B,0.5010604047858709,NA,0.6163286119833828,0.012142788098558899,0.23472700823712195,3.894628574414352e-08,NA,6,7,7,0.5820773260237297,0.12251485544823527
ENSG00000170275.14,CRTAP,0.500963271257655,NA,0.6163969720496458,0.004285772219496113,0.10085730753707166,0.00031848307024656426,NA,6,6,6,0.0071206639502093445,0.08370322188479079
ENSG00000236173.1,RP1-182D15.2,0.5001693112270658,NA,0.6169558652736411,0.023365401679002737,0.13877710817218253,3.673472850105605e-05,NA,23,24,24,0.005143763539132454,0.2005297561221878
ENSG00000245832.6,MIR4300HG,0.5001488318293963,NA,0.6169702842982496,0.1337448769162233,0.13294051290661374,3.631823210308976e-05,NA,84,86,86,1.8236626543517166e-07,0.13966132039595885
ENSG00000108561.8,C1QBP,-0.4996890119375245,NA,0.6172940707017448,0.021258125774869935,0.10414908289390136,0.00030826625440905195,NA,42,45,45,0.0003212700759640924,0.2046426314163952
ENSG00000226578.1,RP11-258F22.1,0.4989508731732706,NA,0.6178139934617892,0.024971069033666606,0.05602831553762843,0.013221304561009044,NA,16,17,17,0.05195577031850812,0.10648541421646236
ENSG00000169857.7,AVEN,0.4988770981252657,NA,0.6178659689192972,0.006261604992550696,0.08376504412805913,0.002056312456293317,NA,11,11,11,0.00646206065042513,0.03876547876055704
ENSG00000161265.14,U2AF1L4,-0.4986499732166417,NA,0.6180259933087799,0.024999010777724984,0.05507508502567507,0.013143384854664713,NA,37,41,41,0.013752421145852152,0.09359973161678872
ENSG00000143437.20,ARNT,0.49825339018446646,NA,0.6183054555068068,0.02871568694070565,0.14202302702131522,2.9181211904425787e-05,NA,30,31,31,0.026186470811520483,0.11754716874501747
ENSG00000178691.10,SUZ12,-0.4969527736507241,NA,0.6192223550056768,0.0070559148987146885,0.05496625662182497,0.013886443692464695,NA,7,7,7,0.13972731618151765,0.06308581825331849
ENSG00000042317.16,SPATA7,0.4961803253191591,NA,0.6197671908691804,0.07432301048983793,0.3313610811072493,5.817859349486504e-12,NA,29,29,29,4.97401293106143e-05,0.07027229313198348
ENSG00000102606.17,ARHGEF7,-0.49615244761585753,NA,0.6197868579322342,0.011800277042105938,0.05066693189038266,0.01671257573694649,NA,14,15,15,5.0839348125198494e-05,0.0665182817328537
ENSG00000153201.15,RANBP2,-0.49602350638847703,NA,0.6198778264697556,0.0004133225748038665,0.060905050361662334,0.007946541911546453,NA,15,17,17,0.2845800625914653,0.02128079004655237
ENSG00000196284.15,SUPT3H,0.49595007838475885,NA,0.6199296328122104,0.011521947203606369,0.04759908202596875,0.02017731055300607,NA,8,8,8,0.3160620309811366,0.08324637824181047
ENSG00000227124.8,ZNF717,-0.4959113114197036,NA,0.6199569851906488,0.008299307056033519,0.360015748778673,7.514783277665317e-14,NA,4,19,19,0.04470485285664201,0.12666797949209896
ENSG00000183336.8,BOLA2,-0.4946075179509246,NA,0.6208771943553029,0.024707640229752713,0.0613855136543858,0.010211519850078135,NA,13,17,17,0.006487557347320182,0.26392416111386674
ENSG00000166261.10,ZNF202,0.4932943427016962,NA,0.6218046251436982,0.02455598762335085,0.13236214030289922,8.253668199745704e-05,NA,35,37,37,0.08300493155343192,0.055799620386219335
ENSG00000167880.7,EVPL,-0.49314720696166287,NA,0.6219085773088223,0.1265913038221516,0.17141788863645735,6.218868122484694e-06,NA,46,49,49,0.007303496460282338,0.27459918901507113
ENSG00000275765.5,RP11-54C4.3,0.4927333306185324,NA,0.6222010235411795,0.058510411697808296,0.2810794164075347,1.7600662746329925e-09,NA,40,40,40,0.00017876071966499725,0.09401767776778923
ENSG00000086205.16,FOLH1,-0.492653677454077,NA,0.6222573135450238,0.008932285953266082,0.12574713640536864,0.000101210686405374,NA,21,22,22,0.018408271722764612,0.09883191519335953
ENSG00000167695.14,FAM57A,-0.4910677812523493,NA,0.6233785081784782,0.04610268873403967,0.10102828432237436,0.0003831563713267738,NA,37,48,48,2.3164562516196875e-05,0.2726075550237888
ENSG00000124380.10,SNRNP27,0.4887103666115234,NA,0.62504676347278,0.032307166545624474,0.06011215987823788,0.009440580762752641,NA,44,47,47,0.15460440190148425,0.12271379400773
ENSG00000154079.5,SDHAF4,-0.48821470195048994,NA,0.6253977719684329,0.0032530406964929844,0.09644623315627364,0.0008856503468801152,NA,9,10,10,0.30231759158179994,0.024989903657329626
ENSG00000133195.11,SLC39A11,0.4880285175059549,NA,0.6255296417738119,0.01456187540573811,0.035552519459734484,0.048861271861358864,NA,25,26,26,6.992677548941796e-06,0.1344420512311433
ENSG00000180917.17,CMTR2,0.4877209577555672,NA,0.6257475049302914,0.0014660537078589444,0.05345654143286396,0.015678920563914466,NA,7,8,8,0.05765598647560683,0.04441007622181094
ENSG00000126391.13,FRMD8,0.4875868799351168,NA,0.6258424905829465,0.0056636223415315575,0.08473073433457033,0.0019993717279761327,NA,14,14,14,0.3877866602953308,0.07529762105917404
ENSG00000101752.11,MIB1,0.4856830623501476,NA,0.6271918943759571,0.014619934263075021,0.13308636578217609,3.082376430308681e-05,NA,13,13,13,4.3104488982920174e-05,0.11750455990458793
ENSG00000267838.2,AC008746.12,0.4856047667269173,NA,0.6272474161542405,0.012884097163505658,0.08648015182930732,0.0017123208887094114,NA,18,26,26,0.022098183113458836,0.2739260199701421
ENSG00000228672.3,PROB1,-0.48538712543619056,NA,0.62740176322011,0.011880502995576567,0.1302898851551799,9.343171783436795e-05,NA,49,54,54,1.6051852909255765e-08,0.15696650934730022
ENSG00000138621.11,PPCDC,0.4853000638007382,NA,0.627463510243244,0.027008902244611676,0.18211629050968786,2.407652027211034e-06,NA,20,20,20,0.0280408837700993,0.17337688065919796
ENSG00000178498.15,DTX3,-0.48401405174318185,NA,0.6283758966970943,0.001800217157350322,0.05685608726837697,0.012358836990698313,NA,21,22,22,2.6442764849192517e-05,0.024677926455988285
ENSG00000139180.10,NDUFA9,-0.4839046420028874,NA,0.6284535458190688,0.03609354423757316,0.20053916702702876,8.285710978515681e-07,NA,63,79,79,0.022717012446253536,0.372519906737687
ENSG00000119718.10,EIF2B2,0.4833506262276547,NA,0.628846799127444,0.07121822936389836,0.1950079287607996,6.543612600843788e-07,NA,68,75,75,6.21239847431365e-06,0.2281402896816847
ENSG00000130695.14,CEP85,0.4830080015775231,NA,0.6290900548028562,0.005021501381034629,0.03912494845572926,0.028654567990623193,NA,11,11,11,0.17180237876502213,0.03461983427663174
ENSG00000162367.11,TAL1,-0.4830028040157937,NA,0.6290937452630174,0.022614383169146927,0.08298252516934895,0.0017160758209300592,NA,45,47,47,0.003201808928404803,0.2358570142265787
ENSG00000075239.13,ACAT1,0.4825652643486168,NA,0.629404447743199,0.01302637534303222,0.12727241178229298,0.00010997603074197868,NA,19,20,20,0.11066241506055458,0.053593760227474266
ENSG00000136536.14,MARCH7,-0.48213969515139976,NA,0.6297067127820695,0.00987430730977448,0.08275056631354957,0.0025721083025244413,NA,39,40,40,0.062412498674226415,0.1775483940137995
ENSG00000173226.16,IQCB1,-0.48206351799724045,NA,0.6297608249605571,0.1613273237058781,0.3828381708558536,9.426047407992447e-14,NA,72,74,74,0.16980626669190813,0.2995602318143564
ENSG00000272459.1,RP11-1277A3.3,0.48197352120710635,NA,0.6298247564303385,0.015350915617339037,0.09266913056232662,0.0006773313400587412,NA,19,22,22,0.09022152581653274,0.17520514503809698
ENSG00000167664.8,TMIGD2,-0.48175787657913044,NA,0.6299779562655894,0.03684075985349296,0.03781987694196754,0.04390455918898984,NA,35,43,43,0.0025677138021490543,0.8314872001920258
ENSG00000137275.13,RIPK1,0.4808543403029562,NA,0.6306200261141499,0.028430523292512822,0.037084419565436816,0.041410595605620416,NA,73,81,81,2.5561303524108373e-07,0.1197041703171634
ENSG00000282860.1,RP11-153F10.2,0.4808433730787168,NA,0.6306278213444463,0.02443127141430382,0.0636922427333491,0.0068949317008883855,NA,34,35,35,0.02634184192661548,0.12731030172743646
ENSG00000197362.14,ZNF786,-0.48038316306451706,NA,0.6309549642258814,0.0062896219816139425,0.03577705546266843,0.034047332890640804,NA,5,5,5,0.19485423111798494,0.0745512666788296
ENSG00000185739.13,SRL,-0.4788837285981315,NA,0.6320213471409806,0.01308718534574942,0.054841598625944864,0.012557607413413113,NA,13,15,15,0.2710854733130913,0.1783815757934381
ENSG00000119509.12,INVS,-0.4788825682131741,NA,0.632022172692112,0.00513704422884644,0.06410236166971382,0.0060399644504666155,NA,12,12,12,0.3659207304665303,0.06089893396746654
ENSG00000121073.13,SLC35B1,0.4788335727264171,NA,0.6320570307493565,0.0014578100024332007,0.034759131786369045,0.04103848473446453,NA,4,5,5,0.5508061983788085,0.03692093594242343
ENSG00000078070.12,MCCC1,0.4780912186533685,NA,0.632585281889245,0.020622981896795053,0.05880208879850617,0.011348625532398576,NA,52,53,53,0.011840386197840218,0.06896865668466688
ENSG00000263753.6,LINC00667,-0.47768132174082,NA,0.6328770404733685,0.05019929737290957,0.23562497805313884,2.3547348843809297e-09,NA,39,43,43,0.000579002984621263,0.08597386802580162
ENSG00000141933.9,TPGS1,-0.4774101333406161,NA,0.6330700997871697,0.004603922916280506,0.07479289618104643,0.0025469495039627177,NA,5,6,6,0.05476374121097167,0.0977766897099273
ENSG00000134508.12,CABLES1,-0.4771021199630595,NA,0.6332894051599367,0.01397102511284534,0.05360720844182849,0.015695673673690454,NA,40,50,50,0.028171658796528366,0.13919410582731234
ENSG00000133704.9,IPO8,0.47692891849208663,NA,0.6334127386801984,0.012303079068441152,0.093489980918351,0.0009700934725277436,NA,14,15,15,0.012546656227467754,0.07831451420769701
ENSG00000112599.8,GUCA1B,0.47691852328045875,NA,0.6334201412396283,0.04071379421007065,0.20768146183235853,4.7139383716131153e-07,NA,37,38,38,0.002451234839830999,0.050318591393983855
ENSG00000137040.9,RANBP6,0.4767146353953373,NA,0.6335653397554728,0.004038385359501875,0.06562117531232588,0.007190927824936112,NA,3,3,3,0.05309407485587277,0.21621132675436186
ENSG00000272787.1,KB-226F1.2,0.47630435732049325,NA,0.6338575615700947,0.030634901419369184,0.06683919220809689,0.004599708207684701,NA,36,41,41,0.14971698575542955,0.08308690056051858
ENSG00000156171.14,DRAM2,0.4762314803897711,NA,0.6339094743613711,0.10149958221374722,0.2123151540595172,1.1955550161876464e-07,NA,101,106,106,3.709160690860793e-05,0.2446079325706149
ENSG00000141527.16,CARD14,0.47542990565783094,NA,0.6344805829762314,0.019642838310866145,0.11632872942855298,0.00016155347649345522,NA,9,11,11,0.009122377271070625,0.729257583148516
ENSG00000099940.11,SNAP29,-0.4749333544975819,NA,0.6348344765994482,0.011332882684656554,0.08165965968625348,0.0025245792713839803,NA,10,10,10,0.4205549469700116,0.11684600863256488
ENSG00000127554.12,GFER,0.4748533947631831,NA,0.6348914719660286,0.0552499223221974,0.1469094845310805,3.1022209015842485e-05,NA,57,71,71,0.0002946593420829194,0.09584356544230972
ENSG00000134253.9,TRIM45,0.47424948264668887,NA,0.6353220109119309,0.018288189415630336,0.14605874797618856,2.71938020066372e-05,NA,24,26,26,0.014669007385325202,0.09582255448763012
ENSG00000269514.1,RP11-370I10.12,0.4741215043885866,NA,0.6354132645715079,0.023464582467758746,0.04302657287437383,0.02946025007384457,NA,14,14,14,0.29499917130389985,0.3289431918064006
ENSG00000133488.14,SEC14L4,0.47392435593518867,NA,0.6355538502047579,0.13043325983647985,0.03413761373641355,0.04615604856996041,NA,78,79,79,0.06491843943435915,0.6356011955919016
ENSG00000261594.3,TPBGL,-0.47378370892298616,NA,0.6356541529551871,0.0040724863544434236,0.05839187588371539,0.010727394368681123,NA,6,6,6,0.5542499066884811,0.05537559453254813
ENSG00000143412.9,ANXA9,0.47357250924602395,NA,0.6358047830597217,0.016865716677966245,0.08222415674380562,0.002383694331704149,NA,15,18,18,0.019833339467088193,0.11877406397992316
ENSG00000131697.17,NPHP4,-0.473533617476767,NA,0.6358325227718242,0.021426361173416765,0.16603239998938418,2.069091747615461e-06,NA,32,33,33,0.11921449285075116,0.2473532048264546
ENSG00000069248.11,NUP133,0.47353186059422064,NA,0.6358337758874839,0.034950384209823146,0.1091873644853254,0.0004544125352331737,NA,57,58,58,0.001192391861914667,0.09232604380369246
ENSG00000196365.11,LONP1,0.47310320760283575,NA,0.6361395484638345,0.011396400107344357,0.17597969313499542,5.201444705033857e-06,NA,10,10,10,0.1807099217431165,0.08429399423959631
ENSG00000067334.13,DNTTIP2,0.47288568877443615,NA,0.6362947356724988,0.00538920652026122,0.16324458098497133,1.0250447667206836e-05,NA,11,11,11,0.0038095653915057675,0.08955260386887358
ENSG00000251372.5,LINC00499,-0.4724131867813236,NA,0.6366318937387698,0.08666024357240973,0.4070814504930931,6.866349650279659e-15,NA,15,15,15,2.6582895882302044e-06,0.5261390438118266
ENSG00000182253.14,SYNM,-0.47159120847473224,NA,0.6372186031119407,0.014660602889672782,0.07572716163154979,0.0037438586979929344,NA,62,63,63,6.059949090700884e-05,0.059853492787751865
ENSG00000189157.13,FAM47E,0.4703137253451217,NA,0.6381308928160083,0.06048523816567962,0.2500794080889388,1.0356260162979545e-08,NA,53,53,53,0.08559241058818125,0.07713717497559652
ENSG00000166348.18,USP54,0.4702364857984294,NA,0.6381860695234958,0.003706742204640863,0.051652793312750085,0.01716635773432549,NA,17,18,18,0.06022464471209459,0.1469071048582552
ENSG00000188086.13,PRSS45,-0.4700493619705812,NA,0.6383197512822293,0.10357564226486496,0.27304172813093736,9.565652226140586e-10,NA,16,18,18,0.22674900711604606,0.3484209819323061
ENSG00000228049.7,POLR2J2,0.469925893006432,NA,0.6384079642768901,0.10300947297266363,0.2778960525574985,1.3667232353280636e-09,NA,20,22,22,0.0014041743077145977,0.2162020588468544
ENSG00000170122.5,FOXD4,0.46951576563259667,NA,0.6387010184820601,0.08897974624994898,0.043375532301568064,0.030260599113277168,NA,75,82,82,0.006756933973066672,0.12768698932667769
ENSG00000168356.11,SCN11A,0.4690641852922168,NA,0.639023757950427,0.03177152283945259,0.05043606621412289,0.015014243621332088,NA,23,24,24,0.19156350535282185,0.3426614241443965
ENSG00000180113.15,TDRD6,0.4687916402412802,NA,0.6392185759673426,0.08659423282061914,0.2140581143573592,2.123285679470815e-07,NA,85,86,86,5.615957351969495e-05,0.2473929115945718
ENSG00000101003.9,GINS1,-0.46876859271824817,NA,0.6392350517164971,0.025414661991682432,0.08382621006647327,0.001893389506087667,NA,9,10,10,0.027186243655508174,0.14001416223899896
ENSG00000231081.1,RP4-760C5.3,-0.468720301854252,NA,0.6392695734941221,0.034465498613165224,0.09698954347539007,0.0009104130280471405,NA,16,16,16,0.1418935914298013,0.1554444527500724
ENSG00000105486.13,LIG1,-0.46424905211113243,NA,0.6424693212257444,0.01260462127053539,0.11395730420966327,0.0003376850069747561,NA,29,35,35,0.01554534068617539,0.12508332048774004
ENSG00000115306.15,SPTBN1,0.4631484851747534,NA,0.6432579384450116,0.020036926804148383,0.06393535681619462,0.006815330560766335,NA,25,26,26,0.015490896086750363,0.13542899519786675
ENSG00000085377.13,PREP,0.4628676674397159,NA,0.6434592243347561,0.010073104326723157,0.03545623371314118,0.04683208536399647,NA,34,36,36,0.006657570129801593,0.09112344987608832
ENSG00000144647.5,POMGNT2,0.4623658482872998,NA,0.643818985833142,0.03906943528668952,0.2494497173912865,6.678477619310592e-09,NA,50,51,51,1.4638335584544787e-07,0.213179543605862
ENSG00000234155.1,RP11-30P6.6,-0.4618664238036575,NA,0.6441771134449128,0.027908518140761285,0.09255513732881218,0.000916018774144123,NA,33,40,40,0.0341852430408257,0.15293606317629907
ENSG00000134744.13,ZCCHC11,-0.46142790634144026,NA,0.6444916339340084,0.016858289317347844,0.16964115456209916,2.456645408277725e-06,NA,50,51,51,0.0009446663128684821,0.08097719623010059
ENSG00000236790.5,LINC00299,0.4610608603062471,NA,0.6447549414809637,0.037281680301233834,0.14926530008691194,1.7711819812739206e-05,NA,69,75,75,0.05257751774043644,0.06822930367212003
ENSG00000078304.19,PPP2R5C,-0.4607911292362718,NA,0.6449484666708205,0.0021262090237775502,0.05659289517496693,0.01184079300637484,NA,14,17,17,9.78789063995582e-09,0.04732481642218938
ENSG00000144619.14,CNTN4,-0.4607238595567938,NA,0.644996734704849,0.004252032010973022,0.06102695123112934,0.00982501376596256,NA,3,7,7,0.07320572183627373,0.09160197309734876
ENSG00000272745.1,RP5-1007H16.1,-0.4600136115666954,NA,0.645506450413017,0.012586986474434896,0.0590590650287328,0.009526822584659644,NA,23,23,23,0.02898183932337428,0.06776542070705796
ENSG00000171067.10,C11orf24,0.45894071077658855,NA,0.6462767428698174,0.013775664149545324,0.1962761361272436,1.261641759748944e-06,NA,16,18,18,3.699773840095416e-05,0.06375124219520542
ENSG00000229520.1,LINC00404,-0.45862509060974055,NA,0.646503415599116,0.013515533745528314,0.0689221425451807,0.004647118615931866,NA,30,32,32,0.3533734815600116,0.05221217175390616
ENSG00000172922.8,RNASEH2C,0.45838923199992637,NA,0.646672826435871,0.017815016191936595,0.08676342369191954,0.0009683273038270213,NA,23,25,25,0.0011552155290345016,0.07236198362634955
ENSG00000225684.3,FAM225B,-0.4582657351173378,NA,0.6467615382009317,0.011767187296256103,0.06539786917393085,0.006680773566063889,NA,11,11,11,0.039909175019364744,0.0960933037908823
ENSG00000137757.10,CASP5,-0.4569595501526906,NA,0.6477001198506245,0.04639997271245577,0.16205688497844525,9.606818435720152e-06,NA,101,104,104,0.00649181324214861,0.1478550909398008
ENSG00000198937.8,CCDC167,-0.4564412435524037,NA,0.6480727133352833,0.024622622176304294,0.0743168024290556,0.003461609426877095,NA,42,44,44,6.981269171945778e-05,0.2089356043110837
ENSG00000171759.9,PAH,0.4563937848288166,NA,0.6481068342499563,0.025254502951011032,0.16503284458356826,8.489417013583539e-06,NA,16,17,17,0.04588189634038009,0.22312656662725594
ENSG00000203880.11,PCMTD2,-0.4562686365357714,NA,0.6481968143862777,0.002294900259565772,0.050762962836943634,0.017779541508608398,NA,6,7,7,0.06605336816338177,0.3360376840830314
ENSG00000175283.7,DOLK,0.45604066793508824,NA,0.6483607343062029,0.002028329284117621,0.042005913818344495,0.03286211998260613,NA,8,9,9,0.27978866226468646,0.054510254072556365
ENSG00000234224.2,TMEM229A,-0.45586884396241945,NA,0.6484842949174119,0.05885717892062782,0.14857306663730682,1.9665269744629362e-05,NA,62,63,63,0.0027691232486263206,0.19403565104935105
ENSG00000187783.11,TMEM72,-0.45543110778492163,NA,0.6487991198092067,0.011653783233950516,0.1019547853290726,0.00031071058719641683,NA,12,29,29,0.21412553125214107,0.1539767802848627
ENSG00000169105.7,CHST14,0.4551843491770321,NA,0.6489766191054899,0.008803974768839394,0.03648595764581347,0.04812681008386127,NA,18,19,19,0.39270383429206246,0.05334735633748733
ENSG00000229694.6,LINC00484,-0.455102973510178,NA,0.649035158917282,0.045482898087567974,0.2000085705431562,5.614799754354987e-07,NA,37,39,39,0.0008407609427463274,0.20838970514762475
ENSG00000123739.10,PLA2G12A,-0.454948341220468,NA,0.6491464038583185,0.054269940442285815,0.08315301129821988,0.001953671426715263,NA,99,103,103,5.737089679188418e-06,0.17197396522193342
ENSG00000266714.6,MYO15B,0.45424672869614763,NA,0.6496512534081037,0.0013805453330238936,0.09068463806920034,0.0014175025210758907,NA,4,6,6,0.10140632412180106,0.052307726058504214
ENSG00000177697.17,CD151,-0.45411068982087605,NA,0.6497491596386296,0.027240827013616093,0.21086893224654554,2.092175496154964e-07,NA,10,12,12,0.5014665716607652,0.10967325070597504
ENSG00000166435.15,XRRA1,0.4540899522907393,NA,0.6497640848258803,0.27201392557158277,0.6058689471648476,3.636305717282122e-26,NA,44,44,44,0.0007534615643670228,0.13611982324499786
ENSG00000228408.6,RP1-111D6.3,-0.45351534440766517,NA,0.6501776967199884,0.03380883739971996,0.06538827259436232,0.004988061388931753,NA,37,37,37,2.2469287718006e-05,0.12855449549972708
ENSG00000162004.16,CCDC78,0.45345251985662627,NA,0.6502229253704617,0.0019981785505994,0.04603956607624458,0.02516303873589469,NA,12,16,16,6.440311190599689e-05,0.05666681907055277
ENSG00000273091.1,AP000255.6,-0.4534264278248649,NA,0.6502417099245356,0.00960895237782938,0.052072749880937456,0.015075348037245759,NA,20,20,20,0.05188807624620197,0.09905890517235716
ENSG00000130702.15,LAMA5,-0.45291315052926673,NA,0.6506112811361509,0.004163498474077498,0.037338260519886535,0.045837153914343474,NA,9,9,9,0.20052120766981374,0.08134288174313475
ENSG00000111615.13,KRR1,0.4522173633536175,NA,0.651112400742029,0.016179933211589507,0.07543753078221703,0.003679661817633128,NA,25,26,26,0.12855793564729956,0.08297326213502756
ENSG00000112041.12,TULP1,-0.45208151236008015,NA,0.6512102617062618,0.0646096335101488,0.10204527240052727,0.0006146150115610327,NA,44,46,46,0.08069283713157084,0.18292058958673346
ENSG00000265752.2,RP11-403A21.1,0.45198914284988284,NA,0.6512768039923331,0.0155411963954364,0.038422561319300635,0.041354212092464086,NA,23,25,25,0.04071585329598114,0.08803577373400638
ENSG00000143674.10,MAP3K21,0.4513994347159753,NA,0.6517016906717783,0.010803985495776141,0.07451589433053787,0.003975141277600857,NA,14,14,14,0.013775112747182607,0.08080216412118035
ENSG00000157823.16,AP3S2,0.45007940997682333,NA,0.6526531827234798,0.010962345759448128,0.2147880256813849,2.9335773950174365e-07,NA,16,16,16,0.4606795002013072,0.029584289540204207
ENSG00000103355.13,PRSS33,-0.44983122719166346,NA,0.6528321394924554,0.17379877880827652,0.3942990164576881,2.01127022765966e-14,NA,12,13,13,0.4152178404529486,0.23503922778334216
ENSG00000242616.3,GNG10,0.44956639705902435,NA,0.6530231221729228,0.06195397275622071,0.2980787844476636,3.618369286615796e-10,NA,51,52,52,0.01821560623347679,0.1646570683516952
ENSG00000196209.12,SIRPB2,-0.44900326703065774,NA,0.653429299879341,0.003278473752683762,0.06063992925568803,0.009205537602436736,NA,19,20,20,0.08977263307095379,0.013762383194308465
ENSG00000126217.20,MCF2L,0.44755527906705617,NA,0.6544741844344416,0.014849469867396308,0.09611654947292243,0.0010152121222617788,NA,17,17,17,0.1624132261197353,0.0786585068507359
ENSG00000272692.1,RP11-399K21.14,0.4465613939869465,NA,0.6551917753295546,0.06297459826965361,0.04467661453253816,0.028377264547296645,NA,40,40,40,9.885931989639866e-06,0.3163730582007397
ENSG00000113318.9,MSH3,0.4461407366512835,NA,0.6554955883893632,0.04880786264675602,0.10537059279375358,0.00011816626269801928,NA,26,27,27,0.0008729414604042463,0.06858228171464048
ENSG00000167325.14,RRM1,0.44340997480481303,NA,0.657469222312391,0.05897095490569354,0.10940404966840084,0.00034818149634745015,NA,28,34,34,0.002844618021461765,0.18549531097068453
ENSG00000163629.12,PTPN13,0.44323513098832545,NA,0.6575956707100872,0.03958356685404163,0.11662671370057047,0.00019537113141251944,NA,56,56,56,0.08760067992142928,0.3292675063695805
ENSG00000141698.16,NT5C3B,-0.44316133397745094,NA,0.6576490442191689,0.007833111626324595,0.12984790995728268,5.437563028939984e-05,NA,32,32,32,0.02120624640716269,0.021572937941392503
ENSG00000213689.11,TREX1,-0.4431314428253385,NA,0.657670663419135,0.013440683027302789,0.13859063215398332,5.0026038880128716e-05,NA,4,4,4,0.003768856892801226,0.13781603628530756
ENSG00000147576.15,ADHFE1,0.4415834826233203,NA,0.6587906386504709,0.03736582759595749,0.18637670722699415,7.99020885109609e-07,NA,23,23,23,0.0019632379118482302,0.10002860666797617
ENSG00000165055.15,METTL2B,-0.44152461567692064,NA,0.658833245005002,0.07239512287510352,0.13496006146282835,7.740404062974822e-05,NA,84,88,88,0.0033201096012040483,0.14314490044279776
ENSG00000090971.4,NAT14,-0.4413056303748044,NA,0.6589917505543348,0.006810707393091088,0.05373040543362605,0.013388783182117643,NA,28,34,34,0.044363908969150594,0.047132564982794736
ENSG00000180096.11,SEPT1,-0.4412447831192504,NA,0.6590357956257413,0.012177111086072244,0.09085379776475104,0.0012808535517900592,NA,23,24,24,0.03080264940716347,0.055363247873617495
ENSG00000148600.14,CDHR1,0.44121760448895714,NA,0.6590554696102102,0.05586165709254985,0.09433017539656403,0.000917080141378566,NA,47,48,48,2.65202521098954e-10,0.13493253742002004
ENSG00000248712.7,CCDC153,-0.4409182029754618,NA,0.6592722150818955,0.042590647119361794,0.10923494182909484,0.00038723216567614337,NA,44,44,44,3.970419551113946e-05,0.21760292324865746
ENSG00000187908.16,DMBT1,-0.4409170900080485,NA,0.6592730208447987,0.059064211114362296,0.11030513851926677,0.00043129466489105533,NA,49,51,51,4.1182350826117546e-05,0.16290824026636005
ENSG00000157873.17,TNFRSF14,0.4405515541475718,NA,0.6595376818177043,0.003475925104184563,0.0489958840246864,0.01939245745152871,NA,9,9,9,0.5793332074850788,0.2666220579778106
ENSG00000162520.14,SYNC,-0.4401425131738497,NA,0.6598338925747433,0.03502305021407186,0.13854580892592008,6.281074159552203e-05,NA,66,66,66,0.004452703734653484,0.10539664539411812
ENSG00000085491.15,SLC25A24,0.4401319380245931,NA,0.6598415513730896,0.04412442883700419,0.32050651822108384,8.785402533665023e-12,NA,10,14,14,0.29906986469581276,0.07241482389395462
ENSG00000107371.12,EXOSC3,0.43988638685493187,NA,0.660019395943648,0.03926132024150299,0.0517599057246641,0.01633136652703013,NA,53,57,57,0.0031140244949397445,0.1453076149534228
ENSG00000166780.10,C16orf45,-0.43918269467813065,NA,0.6605291632380592,0.0016528684905661357,0.0919416295748198,0.0006811067600838633,NA,2,2,2,0.6345264239941051,0.14546128001176442
ENSG00000146477.5,SLC22A3,-0.43914388013386546,NA,0.6605572857805722,0.013298178593572848,0.06093966235271572,0.009721280327683785,NA,17,17,17,0.12784136898507525,0.0923150476251656
ENSG00000176894.9,PXMP2,-0.43841584338118184,NA,0.661084863546138,0.021372113231252036,0.07452020461508786,0.004345130762076708,NA,46,48,48,0.006541217409796287,0.10108327905953017
ENSG00000204954.9,C12orf73,0.43742971287862636,NA,0.6617997395712312,0.019824755694480896,0.18908734506566954,1.6820771190068394e-06,NA,23,26,26,0.03451051592469242,0.11175237290436776
ENSG00000275358.1,RP5-1025A1.3,-0.43735525736448183,NA,0.6618537271704235,0.08310408587375959,0.19712165384738967,2.241103339840125e-07,NA,32,36,36,1.7442325724526337e-09,0.2410549443873741
ENSG00000125247.15,TMTC4,0.4369758750265434,NA,0.662128844120474,0.014865366962340218,0.03444814736034248,0.035536480447336066,NA,36,39,39,0.00034414742031661956,0.09057626596169374
ENSG00000260750.5,RP11-482M8.1,-0.4368524193594656,NA,0.6622183803892957,0.04810085271722764,0.0915924446687542,0.001292637669100344,NA,37,42,42,0.005128051583533972,0.26542142009529257
ENSG00000187773.8,FAM69C,0.43467182118930064,NA,0.6638006549437789,0.01557654971788249,0.08081588203459229,0.0018861556014124266,NA,69,75,75,1.9114108156147784e-08,0.13953076259851968
ENSG00000188000.3,OR7D2,0.4342411395787294,NA,0.6641133415775433,0.03644678274069002,0.09429754294368338,0.0006721138456413116,NA,7,7,7,0.00032312920441310137,0.2600845370417255
ENSG00000204278.12,TMEM235,-0.43416100599073737,NA,0.6641715272096511,0.00400983665889165,0.07335890138787975,0.0036030773623394728,NA,6,6,6,0.11413929275927455,0.12978813539581133
ENSG00000134013.15,LOXL2,0.43415892042919596,NA,0.6641730415794134,0.0038075717843560606,0.0583957209356115,0.00968792247452212,NA,58,59,59,0.05942277397246226,0.03850518269462752
ENSG00000172785.18,CBWD1,0.43379217745809817,NA,0.664439362621382,0.11443298686045329,0.3443911402415097,3.6773384385476695e-12,NA,43,54,54,0.024766548164012817,0.6817003838123311
ENSG00000262772.1,LINC01977,-0.4335718011793556,NA,0.6645994156285326,0.12839283589528167,0.0552180621399287,0.009911549671261916,NA,68,73,73,0.0003861637969116706,0.4827535920604198
ENSG00000255595.2,RP4-809F18.1,-0.43281408408797917,NA,0.665149840597516,0.019914340180019495,0.05818929505033073,0.00901225660769544,NA,8,9,9,0.08733263574986509,0.05023851273931613
ENSG00000072818.11,ACAP1,-0.4321942015033149,NA,0.6656002733523703,0.01932488806889262,0.06314829551852996,0.008290625425963273,NA,20,22,22,0.0003693667660167502,0.13869434966476174
ENSG00000164111.14,ANXA5,0.4319635442739891,NA,0.6657679094127227,0.04514258460735256,0.3273194775282288,2.5676695372262364e-13,NA,20,20,20,0.27838663254031637,0.060224051006640376
ENSG00000158109.14,TPRG1L,0.4318503793095167,NA,0.6658501610628543,0.005208582733229817,0.09438490113365652,0.0009047854824181356,NA,33,34,34,0.017446582864072628,0.06259321477449857
ENSG00000133313.14,CNDP2,0.4316162492101474,NA,0.6660203465187124,0.020704484037941638,0.2148016732267225,1.1848254330358934e-07,NA,7,7,7,0.21655178654878715,0.06059124001873145
ENSG00000131591.17,C1orf159,-0.43146689572063823,NA,0.6661289181869036,0.04019429785313958,0.21104177019818998,2.947080274122998e-07,NA,21,26,26,0.05007178521495574,0.21235926544418973
ENSG00000180422.3,LINC00304,-0.4311402717989037,NA,0.6663663799648727,0.03789160144652844,0.11238073251877216,0.00033053293166163605,NA,24,26,26,5.833358050821195e-06,0.2612205305089055
ENSG00000100376.11,FAM118A,-0.4303283391283376,NA,0.6669568152420002,0.1842357312704307,0.41709640274761467,4.0596987591233064e-16,NA,40,45,45,0.006953355382305974,0.20212221097317304
ENSG00000108375.12,RNF43,-0.4300760658518453,NA,0.6671403097261929,0.048034719362958625,0.08899278073682305,0.0015153110034493251,NA,96,98,98,4.8577800198005415e-08,0.14401327799214395
ENSG00000259438.1,CTD-2650P22.1,0.42704211727934643,NA,0.6693486513053748,0.07314194075776172,0.055493403445404835,0.01294746766112652,NA,57,62,62,8.964782750617353e-22,0.1937313881459552
ENSG00000234840.1,LINC01239,0.42695614572288165,NA,0.6694112698216002,0.008131496401089885,0.04170170110931454,0.030828194906467425,NA,8,8,8,0.37482584299624555,0.07020974032052954
ENSG00000133466.13,C1QTNF6,0.4267219642402134,NA,0.6695818506477016,0.05679742661124239,0.2523822762934108,7.293113381846741e-09,NA,44,44,44,0.057148177542269446,0.16644116830088124
ENSG00000127399.14,LRRC61,-0.4265141081726566,NA,0.6697332699808599,0.3017052354021929,0.2533493914984565,9.609950206137297e-09,NA,125,137,137,0.0006366499112004701,0.6029134459178414
ENSG00000180104.15,EXOC3,-0.42649879294331994,NA,0.6697444273756281,0.04042655047750722,0.1726932087810635,1.458953805924389e-06,NA,10,12,12,0.01451724991186446,0.22549692459688198
ENSG00000025800.13,KPNA6,-0.42578127592137915,NA,0.670267231900423,0.011226975640072691,0.040467272080287636,0.03524275030663219,NA,27,27,27,0.0002655081669593271,0.13928620536832478
ENSG00000119632.3,IFI27L2,0.4254423118693852,NA,0.6705142668948232,0.04899439369854802,0.13546834600115298,5.53687712010225e-05,NA,107,117,117,0.00046834577126048766,0.1971762112928338
ENSG00000152078.9,TMEM56,0.42541389154767323,NA,0.6705349810761712,0.02365231958923134,0.04849706073424937,0.01639777832408806,NA,23,24,24,2.557093364970511e-05,0.2819738685126129
ENSG00000273487.1,RP4-621B10.8,-0.42500215123312146,NA,0.6708351065270908,0.06577864939699915,0.11324373418430585,0.00032954715778368994,NA,55,58,58,0.0003982353460482441,0.16456408884142884
ENSG00000100302.6,RASD2,-0.42472966420680325,NA,0.6710337564567521,0.051822160908569,0.09705145682539826,0.0009848515620268377,NA,70,80,80,0.00046426958800543797,0.3387908221181081
ENSG00000111262.5,KCNA1,-0.42367939810130106,NA,0.6717996419809792,0.01777487328867462,0.040919970164931,0.026594301550429442,NA,23,25,25,0.021846866685980522,0.1690689026947912
ENSG00000277782.1,RP11-775C24.5,-0.42323220135955236,NA,0.6721258547614483,0.04926274329592993,0.20285957597254706,2.3741558150558208e-07,NA,28,28,28,0.012945389412281969,0.07278220596082857
ENSG00000080345.17,RIF1,0.4215363853025777,NA,0.6733634477783355,0.015976344232387245,0.08385969273618897,0.0012968172343598605,NA,34,35,35,0.01246369885192914,0.05768734622747429
ENSG00000267731.1,RP11-147L13.8,-0.42150953895347637,NA,0.6733830471534017,0.02576558611805659,0.12274982391946428,0.0001250295286287304,NA,25,26,26,9.450902039584955e-08,0.2773984661025025
ENSG00000231690.2,LINC00574,-0.42053192300533454,NA,0.6740969138807089,0.031019081650523538,0.09777806090156826,0.0009411261365243707,NA,34,34,34,5.276793909551633e-07,0.18526544467590544
ENSG00000272156.1,RP11-477N3.1,-0.42049115656743047,NA,0.6741266883952914,0.004993514931805389,0.04096010703313558,0.03669830395220182,NA,5,5,5,0.6026758355102922,0.1721271588239218
ENSG00000167526.13,RPL13,0.41929502311541517,NA,0.6750005333871225,0.0023632087218616216,0.055189037689254435,0.013986114197800048,NA,14,17,17,0.040087519980616014,0.06592682103127173
ENSG00000203797.9,DDO,-0.4191670624550043,NA,0.6750940420599323,0.04637651015249471,0.23012841528191305,5.973726116319692e-08,NA,48,51,51,0.028044751681462577,0.11689519951921487
ENSG00000152240.12,HAUS1,0.4183294835002635,NA,0.6757062359821944,0.01865186441529658,0.1653403177091002,6.064328784491755e-06,NA,17,18,18,0.004223873267007978,0.20835317842180215
ENSG00000185684.12,EP400NL,0.41819943711159513,NA,0.6758013072968068,0.02574806561934462,0.10520795243917228,0.0003963209007578344,NA,63,64,64,0.2275023401991696,0.10899415692961867
ENSG00000154328.15,NEIL2,0.4181305658115723,NA,0.6758516582328047,0.021022379265364738,0.11459300257661782,0.000231988036738316,NA,13,18,18,0.031127095004881276,0.07508300167633543
ENSG00000262246.5,CORO7,-0.41737426364496566,NA,0.6764046765228945,0.0358161030881031,0.3036841866267188,1.5241147210078143e-10,NA,26,28,28,0.16671428517337206,0.0310709732940005
ENSG00000051596.9,THOC3,0.4170096734289119,NA,0.6766713321662208,0.01375873811758301,0.22022250910504415,2.728457119303611e-08,NA,56,61,61,0.008576265991218777,0.08859811011478139
ENSG00000002933.7,TMEM176A,0.41627036463436584,NA,0.677212175615483,0.01327311032866153,0.1753902228437358,3.3683448794416314e-06,NA,16,19,19,0.3388740493153234,0.08023100258817813
ENSG00000154719.13,MRPL39,-0.4156370976755835,NA,0.6776755762352249,0.008589437134600836,0.05374492364388963,0.014761602867049447,NA,20,20,20,0.28785138717578196,0.02552126287244956
ENSG00000172667.10,ZMAT3,0.4150945980228773,NA,0.6780726538197742,0.007556544860002186,0.03478042475608495,0.04910263610921819,NA,11,12,12,0.02962093783191667,0.0977505364221429
ENSG00000167720.12,SRR,-0.4148676996247053,NA,0.6782387565245953,0.016610077520195925,0.1935323595530495,5.895872609429592e-07,NA,7,8,8,0.1478820257902377,0.12725026091618946
ENSG00000179630.10,LACC1,0.41406684144319567,NA,0.6788251558180263,0.006245019762734123,0.09150544607817722,0.0010119224388503822,NA,12,12,12,0.00038116561818844996,0.02443379037890335
ENSG00000108556.7,CHRNE,-0.41386475937020484,NA,0.6789731538122026,0.03214805671573305,0.1087776323857923,0.0003705644934976627,NA,13,15,15,0.24309689627214204,0.14224066319039946
ENSG00000011590.13,ZBTB32,0.41361612819123067,NA,0.6791552597616028,0.029506540242979225,0.06044258868847016,0.010243316983557526,NA,29,30,30,0.016413090974882038,0.04622993819046125
ENSG00000135312.6,HTR1B,0.4132370909711587,NA,0.6794329155757117,0.02737492832570612,0.06263982033983452,0.0076896967836149206,NA,32,32,32,6.128975349906857e-22,0.18745820438142025
ENSG00000184517.11,ZFP1,0.4130158666555017,NA,0.6795949889388561,0.02586906527891703,0.22313495294725405,2.12492383307931e-08,NA,24,25,25,0.01831105239682593,0.2075019038449505
ENSG00000143294.14,PRCC,0.412516594975264,NA,0.6799608197840825,0.08176443997260918,0.07294860384512335,0.0037034925632783,NA,102,103,103,0.004792292036150831,0.40395486657129176
ENSG00000189129.13,PLAC9,-0.4122487755473696,NA,0.6801570899057567,0.025951677326138747,0.17819255115945346,4.129684224007421e-06,NA,54,56,56,0.0012403146801022822,0.14753356193707126
ENSG00000161091.12,MFSD12,-0.4115593602247711,NA,0.6806624241247552,0.0790667599359767,0.04817064049903395,0.02119464316775834,NA,133,155,155,0.00031257299342045424,0.13289521797096712
ENSG00000163655.15,GMPS,-0.4108178484388873,NA,0.6812061045660995,0.013294653720933657,0.08992519224869366,0.0015900134366376882,NA,32,32,32,0.0721219988452065,0.06603349595268472
ENSG00000162620.15,LRRIQ3,0.410654265461786,NA,0.6813260667979899,0.07225106614209442,0.31030188816246124,3.916186489980819e-11,NA,37,39,39,0.11834280845789925,0.060151452554794566
ENSG00000228570.7,NUTM2E,0.4104519882198276,NA,0.6814744162944268,0.20990051809214536,0.504347016511279,4.742207172501288e-20,NA,139,154,154,0.0003868504273440475,0.5448436442156184
ENSG00000243678.11,NME2,-0.40996236408285375,NA,0.6818335560861646,0.030354073792641482,0.17915589879927155,2.7702080511567683e-06,NA,61,64,64,0.03571821754467694,0.14185906862901745
ENSG00000205464.11,ATP6AP1L,0.40991415422103755,NA,0.6818689219678516,0.08495713199992556,0.3756870685471804,9.415545647918468e-14,NA,34,34,34,3.176183102097464e-13,0.04439041116481078
ENSG00000165475.13,CRYL1,-0.40953246435755813,NA,0.682148947406222,0.009697820907065668,0.12756302874862016,0.00011549280255777544,NA,14,17,17,0.10885097573512895,0.11402064719636815
ENSG00000256427.1,RP11-118B22.4,0.4078443301892082,NA,0.6833879656436946,0.1099976056726628,0.24766108458390654,6.249896710380659e-09,NA,40,40,40,0.006990507184169791,0.05947262167816723
ENSG00000197774.12,EME2,0.4078194573805444,NA,0.6834062276073093,0.0055234872412649235,0.044209921616947,0.028995618817302386,NA,14,15,15,6.440311190599689e-05,0.06875035243195905
ENSG00000087191.12,PSMC5,-0.407661336386753,NA,0.6835223265816415,0.017513140866415193,0.17379567844520108,4.230985050954067e-06,NA,21,21,21,0.0019753058878696707,0.05845160745751943
ENSG00000100197.20,CYP2D6,0.40755001696703375,NA,0.6836040663935476,0.016050739663087794,0.2432499036307464,5.725472340805311e-09,NA,41,48,48,0.12864672851329784,0.1573195925277053
ENSG00000101473.16,ACOT8,0.4074755101397626,NA,0.6836587774645211,0.007463583592258793,0.07480257946317649,0.0031317166413405463,NA,36,39,39,7.470379505751791e-14,0.11799876188568954
ENSG00000105443.13,CYTH2,0.40706420138893323,NA,0.6839608352750972,0.01979362455683982,0.034854158111059456,0.04513587016198601,NA,19,19,19,0.002680529093109308,0.1605494153138322
ENSG00000083099.10,LYRM2,0.40643803932357686,NA,0.6844207746212987,0.014009868094322073,0.17792231523612434,1.9997462790088303e-06,NA,12,12,12,2.4908969076148103e-05,0.029703576287642367
ENSG00000168824.14,NSG1,0.4063271346279246,NA,0.6845022504567055,0.01218717110580895,0.09593433285154526,0.000926612176189966,NA,5,5,5,0.26005253993284305,0.1955367654233604
ENSG00000222033.1,LINC01124,-0.4049122602603144,NA,0.685542006018927,0.0143584134673402,0.1088889443490148,0.0004111105424436506,NA,13,13,13,3.343258291128733e-05,0.03750186260903667
ENSG00000148296.6,SURF6,0.40480890173581074,NA,0.6856179849718402,0.012983407579376861,0.09755504529724372,0.0004437626901259345,NA,22,26,26,0.1036041996017471,0.11939405736442978
ENSG00000163933.9,RFT1,-0.4044234835928703,NA,0.6859013342516684,0.07258951122999714,0.35885365086273185,1.377017290334435e-12,NA,14,16,16,3.560992603778133e-07,0.04209224928086084
ENSG00000166800.9,LDHAL6A,0.4043121753538307,NA,0.685983173362529,0.049423208588255774,0.1105609214732433,0.0002363604180374455,NA,24,24,24,0.00476191582272843,0.06841251837657272
ENSG00000272597.1,RP11-446H18.6,0.40424035340120373,NA,0.6860359822328139,0.0111267447462483,0.07793910536911013,0.0017990214020935336,NA,18,18,18,0.00016733500468221472,0.23077495544787904
ENSG00000243566.6,UPK3B,0.40423593496156207,NA,0.6860392310501069,0.08871508679429904,0.28736067920847097,8.946438743859652e-10,NA,18,23,23,0.00020478460685979748,0.11234852129988496
ENSG00000127366.5,TAS2R5,0.4040522079036119,NA,0.6861743281402977,0.007445882996300304,0.09415906095580454,0.0008690535639890942,NA,5,7,7,0.6565586461346753,0.11846111284822992
ENSG00000205089.7,CCNI2,0.4024095892653682,NA,0.6873826139554536,0.01418135038636711,0.061540422778731535,0.007734436883069473,NA,29,29,29,0.0002274341187026043,0.1432116847411951
ENSG00000120915.13,EPHX2,0.4016943254108659,NA,0.6879090012499794,0.008807734078308795,0.12463289786673792,0.0001175872071911497,NA,27,27,27,0.1957164745226383,0.07543975268818952
ENSG00000135540.11,NHSL1,0.4009708311787859,NA,0.6884415994446131,0.002744264955093194,0.04582203751813616,0.02346661588974057,NA,12,13,13,0.005521435939950766,0.10027512747120997
ENSG00000072134.15,EPN2,0.40057070805437445,NA,0.6887362153073677,0.008274611770515071,0.09022089611299168,0.0010472196394917515,NA,15,15,15,0.24792903739849448,0.3947176939392469
ENSG00000272983.1,RP11-508N22.12,0.40052315994095594,NA,0.6887712287420735,0.07115962550988122,0.2295346477142954,6.2407840201801274e-09,NA,56,56,56,0.12493107582984449,0.10076540737218936
ENSG00000121716.20,PILRB,0.3998752701093987,NA,0.6892483876595269,0.17150768477177253,0.5694217713846186,1.7184326433647516e-25,NA,31,33,33,0.21122948871401315,0.16320638582958574
ENSG00000165650.11,PDZD8,-0.39846844718133434,NA,0.6902849122852781,0.02411281962343732,0.09059064243090094,0.001475851256599517,NA,85,86,86,6.344057567612799e-05,0.0971140383863051
ENSG00000198756.10,COLGALT2,-0.39836265704540114,NA,0.6903628802826827,0.015662750289476664,0.13001189005031394,0.0001026511109645178,NA,36,40,40,0.31227677186038005,0.05017608652822073
ENSG00000144043.11,TEX261,-0.39805009730892543,NA,0.6905932579725933,0.024245690190495245,0.11154926011552874,0.00026807386279329326,NA,30,32,32,0.255315458853528,0.06252520012689435
ENSG00000197226.12,TBC1D9B,0.39769346999942445,NA,0.690856151457631,0.15862837992792897,0.21127123614211246,4.4292002783558e-07,NA,100,109,109,6.315805704075472e-05,0.16801860355914247
ENSG00000114013.15,CD86,0.3975314905293496,NA,0.6909755695125761,0.007701560267857523,0.054213983511678984,0.013700363168664088,NA,18,18,18,9.482637717299874e-05,0.17483790892144002
ENSG00000166928.10,MS4A14,0.3968596619402291,NA,0.6914709517695694,0.020264770023979084,0.1660242212442075,8.042071190634915e-06,NA,18,18,18,0.30725340898886166,0.045173845705658335
ENSG00000007171.16,NOS2,-0.39572564601860344,NA,0.6923074339292097,0.029814459704313175,0.20425833126742027,1.7711606854290094e-07,NA,30,33,33,0.00023039813138247905,0.06743183045394018
ENSG00000213934.6,HBG1,0.39559529874266314,NA,0.6924036058358423,0.028578629146076825,0.06429414104795213,0.006955293700752817,NA,27,29,29,0.0007320046053381758,0.06561148202748489
ENSG00000169598.15,DFFB,0.3953174099378957,NA,0.6926086523458254,0.1180075195501304,0.09186409155724597,0.001179218866256792,NA,142,160,160,0.0004815999874661323,0.2756070652959688
ENSG00000141577.13,CEP131,-0.3952795532254567,NA,0.6926365875169823,0.012082784215044148,0.05494815483892405,0.010264872323779584,NA,53,57,57,3.830275374445445e-08,0.10843523069158582
ENSG00000100106.19,TRIOBP,0.3946570377490833,NA,0.6930960131779115,0.015046106093747779,0.2150887445461805,2.2002450582588983e-07,NA,36,38,38,0.04921547408554103,0.12164784090794735
ENSG00000174950.10,CD164L2,-0.3933601407955354,NA,0.6940535047655465,0.01892588785997688,0.10117564919876912,0.0006829106306601001,NA,46,48,48,0.009871094698442254,0.1700585689836851
ENSG00000186184.16,POLR1D,0.3929066713775461,NA,0.6943884139937013,0.005586337209101775,0.04946830313399279,0.019334868166148468,NA,25,29,29,0.00771281211576843,0.05457885240072927
ENSG00000268266.1,AC003005.2,0.3927233990101455,NA,0.6945237864903315,0.01703220047934998,0.09481646171786236,0.0008357474148057906,NA,9,9,9,0.36846141339146354,0.07537768381157113
ENSG00000116885.18,OSCP1,-0.39179239790432197,NA,0.6952116125270839,0.011689781686893294,0.03998978315930509,0.037369737590459334,NA,38,39,39,1.6543037424722556e-06,0.1262144646381779
ENSG00000236882.7,LINC01554,-0.39155582396880323,NA,0.6953864339694376,0.06080727281198481,0.114634872133121,0.00025290848974289905,NA,66,67,67,0.003921437933506545,0.3664619035847136
ENSG00000145545.11,SRD5A1,0.3908319459195828,NA,0.6959214599133148,0.002367713293805732,0.08392413307920439,0.0020180757329222635,NA,7,7,7,0.0015424887665207952,0.026205687317599844
ENSG00000198464.13,ZNF480,-0.3903742012446711,NA,0.6962598620053053,0.014172083578208101,0.03664987914763362,0.045725696141197855,NA,19,22,22,0.008365145312715727,0.12206673634920973
ENSG00000267368.1,UPK3BL,0.38959076381969315,NA,0.6968391829600195,0.07962502959738331,0.2716281685569826,2.7643433062550395e-09,NA,31,33,33,0.11199183661581204,0.12195470356373402
ENSG00000215117.5,LINC00588,0.38953764550020015,NA,0.696878468259155,0.20816407600259618,0.17048081103470167,5.002305482670135e-06,NA,143,146,146,3.6007932371668886e-06,0.4626820245546796
ENSG00000125818.17,PSMF1,-0.3889151443504519,NA,0.6973389188317511,0.020018986715340813,0.035694932645821284,0.045676880611348766,NA,65,68,68,0.016724433843357405,0.13862876257972606
ENSG00000136261.14,BZW2,0.3881576623555898,NA,0.6978993621591665,0.02128692656300542,0.053612793809810703,0.014577417833779109,NA,38,40,40,6.331457281356951e-07,0.11399741371782955
ENSG00000100429.17,HDAC10,-0.3879629952422514,NA,0.698043418463479,0.030920176159308147,0.2691046211897505,8.331645182184562e-10,NA,7,7,7,0.579568063007316,0.181769135672572
ENSG00000101574.14,METTL4,0.38782656791147324,NA,0.6981443830234129,0.054679422331413964,0.20190812512164052,1.6356402904831113e-07,NA,49,55,55,4.764333652089971e-07,0.5094459908720333
ENSG00000272899.3,RP11-309L24.4,-0.38779057972569214,NA,0.6981710173701662,0.01691030097704025,0.07743091906941213,0.002746657715254359,NA,33,34,34,0.15226260394751964,0.1457747970866847
ENSG00000237560.5,LINC01497,-0.38762938064860836,NA,0.6982903230856956,0.006820533951809866,0.08298382283876839,0.0018055259283318078,NA,8,9,9,0.4836196005059752,0.14193144488663295
ENSG00000103111.14,MON1B,0.38743510979046536,NA,0.6984341155998781,0.006441659757186695,0.0687217649105102,0.0048512920981271645,NA,18,19,19,0.13572896574974735,0.07720488580144373
ENSG00000140043.11,PTGR2,-0.3871622860575757,NA,0.6986360684840647,0.029415382285932025,0.3188283400363798,5.6032717494501615e-11,NA,37,38,38,0.00070355073179866,0.10067633805504346
ENSG00000162928.8,PEX13,-0.3870852062181725,NA,0.6986931293207976,0.015011238517285488,0.055430645370032665,0.010835190385722823,NA,25,25,25,0.22149640624609213,0.07971605647429728
ENSG00000085514.15,PILRA,0.38694586382117047,NA,0.6987962863442079,0.10238207103193249,0.3728676672223099,3.181452672131078e-13,NA,44,47,47,0.001939623192362825,0.1763199661120594
ENSG00000205426.10,KRT81,0.38692266797914077,NA,0.6988134590735812,0.028849676103592535,0.16241412286182702,8.114719603367807e-06,NA,18,18,18,0.6538082290473921,0.0520684629845537
ENSG00000241058.3,NSUN6,-0.3864996815623419,NA,0.6991266383960157,0.021766086211345112,0.19705612087144592,6.562371309620858e-07,NA,14,15,15,0.19188738575378883,0.07358673148148269
ENSG00000243321.3,LINC01998,-0.386365056867102,NA,0.6992263253215629,0.022107740355793437,0.12588525702814954,0.0001305211593342267,NA,29,31,31,0.012608697042392761,0.08320318119372823
ENSG00000205362.11,MT1A,0.383258447992302,NA,0.7015281450576129,0.014470412608297352,0.048609826979827436,0.0163170760121283,NA,31,32,32,0.012817863971862199,0.214840570971686
ENSG00000155093.17,PTPRN2,0.3807962579592695,NA,0.7033544361661569,0.005891605195212266,0.16999503863721616,6.389336889916797e-06,NA,60,62,62,0.05460414641645315,0.05494625595346223
ENSG00000229178.1,AC069513.4,-0.3807770017953482,NA,0.7033687258895029,0.044630444096042124,0.26981841685567504,3.9977014376700355e-09,NA,8,12,12,0.1773077982474235,0.38366461047716977
ENSG00000118939.17,UCHL3,0.3804412033262837,NA,0.7036179339630937,0.2021710190425944,0.4788778442487695,2.6143597223593336e-18,NA,62,64,64,0.08318394853057971,0.14732775199501366
ENSG00000152778.8,IFIT5,-0.3798921581340579,NA,0.704025468645604,0.06692929611321398,0.14875118867335174,3.304826817698771e-05,NA,62,67,67,6.744131426586056e-06,0.14448744986141224
ENSG00000196233.12,LCOR,-0.3798164808090385,NA,0.7040816476204208,0.006163591702589137,0.03552543342349257,0.04149000902500402,NA,13,16,16,0.08137543107245374,0.1024522745839579
ENSG00000021488.12,SLC7A9,0.37979053005916796,NA,0.7041009125014371,0.027054027283738437,0.1889247020720651,1.871367695198148e-06,NA,24,24,24,8.986243788764639e-09,0.11417357326058153
ENSG00000138207.13,RBP4,-0.3796593988108336,NA,0.7041982624145948,0.021001941735904257,0.15670131095955284,1.2846659989358787e-05,NA,34,35,35,0.0003010210946553926,0.0606196267222302
ENSG00000236164.1,RP11-268F1.3,-0.3793369871231835,NA,0.7044376367219576,0.0016533443648274358,0.06827687214830085,0.004588593085772229,NA,13,19,19,0.07837296855734324,0.04391129791855382
ENSG00000185105.5,MYADML2,-0.3788167136827588,NA,0.7048239750676535,0.012403427112282511,0.1969243625550012,5.978511758537543e-07,NA,6,7,7,0.04520285750976296,0.04339720456052204
ENSG00000147872.9,PLIN2,0.3787228998304552,NA,0.7048936463272285,0.005240393152901535,0.04365185773972968,0.027850605561525105,NA,13,13,13,0.43516445945793736,0.061178189877159714
ENSG00000276529.1,AP001505.10,-0.3779898687733197,NA,0.7054381201809199,0.021158744310966267,0.17112398442084994,4.547785934018977e-06,NA,11,13,13,0.07086763267341606,0.15373236469753293
ENSG00000162877.12,PM20D1,-0.37792442275371524,NA,0.7054867388949857,0.08451982406281042,0.21343217133086576,2.558261618314142e-07,NA,52,58,58,0.028148128440076085,0.4190763102605544
ENSG00000091140.13,DLD,0.37784318523431343,NA,0.7055470905134111,0.010849218884639168,0.19945850770378487,5.940946623805057e-07,NA,14,14,14,2.2955655593724725e-09,0.07234633758772964
ENSG00000183207.13,RUVBL2,0.3772005090011878,NA,0.7060246020557344,0.0292042987387876,0.20130317499495187,7.262009367685657e-07,NA,14,18,18,0.4201776250231539,0.17948778141805266
ENSG00000186496.10,ZNF396,-0.3770930631466573,NA,0.7061044461442626,0.00259606254374025,0.057608751807972626,0.01282202367530222,NA,2,2,2,0.6682369825444607,0.078246311700587
ENSG00000168411.13,RFWD3,0.3768862447121188,NA,0.7062581440964123,0.0215938324241533,0.11876566918780038,0.00021595439152933424,NA,15,18,18,0.013341945884142906,0.14239888391468505
ENSG00000171298.12,GAA,0.3766718789651505,NA,0.7064174635086562,0.011135643228905801,0.13953323331141487,2.103392922967816e-05,NA,8,8,8,0.00042861035539739555,0.06754237988674837
ENSG00000131370.15,SH3BP5,-0.3761930846546384,NA,0.7067733561169626,0.042079754325362095,0.15142607848375764,2.739654915386493e-05,NA,43,49,49,0.09509594794030854,0.13352662156565576
ENSG00000236700.5,LINC01010,0.37547365548845685,NA,0.7073082355381932,0.016722002639428794,0.05224344399818141,0.01714095786315509,NA,33,37,37,0.0113431631037294,0.12039901373883552
ENSG00000148218.15,ALAD,-0.37470715237245933,NA,0.7078782723747568,0.019025860528896932,0.03675728323266285,0.033462157368753624,NA,43,45,45,0.000123331372470653,0.2674775803116892
ENSG00000144455.13,SUMF1,-0.37442797295879104,NA,0.708085934601523,0.041718483480376746,0.3058599348869002,7.206166920542708e-11,NA,29,33,33,1.6274095037551213e-06,0.13193101929346238
ENSG00000101255.10,TRIB3,0.37322777206366975,NA,0.7089789280023475,0.017520759928659473,0.19919828454543526,7.108491851916674e-07,NA,18,25,25,0.0019503949533476578,0.17466397293593444
ENSG00000240344.8,PPIL3,0.3715837116760263,NA,0.71020281830758,0.18682558301125518,0.5034997249317686,2.8304573531594783e-20,NA,38,39,39,0.5170900454572014,0.20210773289662248
ENSG00000101407.12,TTI1,0.37156211070049294,NA,0.7102189037378552,0.024951728992042954,0.10915329837008028,0.00017834458188876508,NA,19,20,20,0.014199929374486232,0.10956164314703652
ENSG00000229921.6,KIF25-AS1,-0.37135963024189905,NA,0.7103696895606498,0.12370157703915974,0.2576668431046931,9.201739012875554e-09,NA,36,37,37,0.0037318184803244903,0.20180929760698965
ENSG00000237491.8,RP11-206L10.9,0.37100414255667385,NA,0.7106344462509311,0.01825386589725879,0.0650904789772214,0.00576232164280402,NA,8,12,12,0.4229629303367398,0.3179460024842603
ENSG00000151360.9,ALLC,-0.370782655908279,NA,0.7107994205994572,0.11556424139341956,0.05644741631231544,0.011868497424381057,NA,77,82,82,0.0017360847341770405,0.1483369265537796
ENSG00000198081.10,ZBTB14,0.37031510344243757,NA,0.7111477215729018,0.01506319704761424,0.08604471552279817,0.00154263800665864,NA,47,51,51,0.03075269815972518,0.15682245470194411
ENSG00000118518.15,RNF146,0.3693533477864314,NA,0.7118643664009053,0.007865112000647104,0.04798805310322533,0.015344535763480898,NA,6,8,8,0.6752508945293928,0.2031494664906965
ENSG00000132846.5,ZBED3,0.3693355423529683,NA,0.7118776363849935,0.015187413726506912,0.06649650681041205,0.0059475373756311045,NA,53,55,55,0.03909761573553812,0.08908710957713219
ENSG00000183647.10,ZNF530,0.3691978786536056,NA,0.7119802369505249,0.09318801365586511,0.13835560913040082,4.314172839332127e-05,NA,39,42,42,0.00797183845954291,0.21956952939613536
ENSG00000025423.11,HSD17B6,-0.36907375872899395,NA,0.7120727478299194,0.013840668201404855,0.07080886061099037,0.004463010291914415,NA,33,34,34,1.4739118450127804e-05,0.2190422395642037
ENSG00000157036.12,EXOG,0.3690663290374289,NA,0.7120782855708563,0.01158085538551582,0.06644198312723433,0.005877330687479375,NA,14,14,14,0.015008891910015348,0.042400158452782624
ENSG00000224243.1,LINC00403,-0.36828291483060255,NA,0.7126622906574596,0.01422119440964923,0.0993041612858714,0.0008051694840343728,NA,3,3,3,0.6160507242721021,0.12785780160470855
ENSG00000056558.10,TRAF1,0.36820131310350906,NA,0.7127231312950408,0.03640611874040663,0.2525779975264877,1.2953147837914902e-09,NA,46,47,47,0.3994100824366297,0.03491608026735138
ENSG00000226686.7,LINC01535,0.36680156354440635,NA,0.7137670412726744,0.31109663215076566,0.6455040357903518,5.310382968957866e-31,NA,31,32,32,0.23242588282806598,0.14284338601512303
ENSG00000271811.1,RP1-79C4.4,0.36640048522141,NA,0.7140662577193548,0.030447878246363143,0.13943968517345162,3.496703762070534e-05,NA,40,41,41,8.866262787298121e-05,0.17591054819379542
ENSG00000163682.15,RPL9,0.3663115672683266,NA,0.7141325991333172,0.09163283968697908,0.4644586868741733,6.099513673374262e-18,NA,15,16,16,0.00700369777590252,0.1471352653262694
ENSG00000158195.10,WASF2,0.3663041042447552,NA,0.7141381673707732,0.003861968552676325,0.07196901569386377,0.003842248046468381,NA,17,18,18,0.5499257292922337,0.04476806158085192
ENSG00000118004.17,COLEC11,0.36606214560934514,NA,0.7143187034040589,0.06134184084017931,0.16192002167159694,1.932155763506847e-06,NA,6,7,7,0.10691445295114557,0.20520397573343044
ENSG00000179195.15,ZNF664,0.3660198430818643,NA,0.7143502688322816,0.013966014977285435,0.0740312468727074,0.003440037257794916,NA,51,54,54,1.3348944130119337e-09,0.08842237521471907
ENSG00000249381.1,LINC00500,0.3658591725042862,NA,0.7144701629440853,0.12100885925378613,0.3755625576899209,3.6214063906679163e-13,NA,13,14,14,0.07996732140358635,0.5557687780869123
ENSG00000140400.16,MAN2C1,-0.3655496232522269,NA,0.7147011717901234,0.021735601495711538,0.29254491141134376,2.271690958916402e-10,NA,22,23,23,0.2574590761702096,0.09319088589240307
ENSG00000101639.18,CEP192,0.3650092857351985,NA,0.7151044747627934,0.10292622769894165,0.4977787917203865,1.9695088443633546e-19,NA,28,28,28,0.03359463104417986,0.062447021054840485
ENSG00000181026.14,AEN,-0.3647417189795612,NA,0.7153042135936847,0.010635213221809742,0.1031660982181433,0.0003955709024563221,NA,6,6,6,2.2638776789042375e-07,0.08638110266575083
ENSG00000175220.11,ARHGAP1,-0.3641094998088041,NA,0.7157762432164555,0.005013262444913442,0.12180689907585172,0.00019896709436507457,NA,11,11,11,0.46815079891230227,0.020618923360486038
ENSG00000041802.10,LSG1,0.3640753008243688,NA,0.7158017800779733,0.04891039566663928,0.28431428496570466,5.688685683553957e-10,NA,4,6,6,0.150881350225316,0.19562484466261865
ENSG00000159387.7,IRX6,-0.3640671721174094,NA,0.715807849944283,0.08915644451876724,0.08130892742901144,0.002409022160543161,NA,32,33,33,0.05348364281198816,0.23494097810803555
ENSG00000261126.7,RBFADN,0.36297703006429505,NA,0.7166220431864609,0.07790899998006118,0.34056919858657864,5.408074115046385e-12,NA,28,29,29,0.002244427513911959,0.11175061309051808
ENSG00000267922.1,AC007193.6,-0.36238904054935717,NA,0.7170613281221621,0.07393484886076111,0.12481352285656976,0.00015764138729500575,NA,30,31,31,0.021339781789923355,0.6917350770678123
ENSG00000078487.17,ZCWPW1,0.3618940349005571,NA,0.7174312177159836,0.020980169756645156,0.2480019921410509,1.5663546536126164e-08,NA,30,32,32,0.1356275052278742,0.038199062261495546
ENSG00000110628.13,SLC22A18,-0.36183072673384337,NA,0.7174785290928707,0.10298539901763594,0.06554807083645897,0.004000630166100514,NA,53,57,57,0.0031151898472766264,0.433151988269687
ENSG00000171159.4,C9orf16,0.3617486070505802,NA,0.7175399002824978,0.003814725496806935,0.03652544846941018,0.037040005858759134,NA,6,7,7,0.2259991916080074,0.184942964165628
ENSG00000072958.8,AP1M1,0.35980898000086237,NA,0.7189899872819494,0.00202429250503859,0.034011484622884815,0.03964752417687913,NA,11,13,13,0.6641204996566421,0.0076000447561827954
ENSG00000168658.18,VWA3B,0.35950842780097647,NA,0.7192147741952398,0.017944914607480794,0.03067120036870354,0.04833091846081127,NA,27,28,28,4.142977265140173e-13,0.0814533108680375
ENSG00000164251.4,F2RL1,-0.35947403785996007,NA,0.7192404964299935,0.023432917097771067,0.03638604055910341,0.04463359198171428,NA,31,36,36,0.0035907939620916742,0.12072298469181683
ENSG00000177238.13,TRIM72,-0.3592066220539448,NA,0.7194405230947252,0.02695478247589765,0.05206596678664359,0.017161136540781014,NA,20,24,24,0.07629189923043375,0.2644842582056055
ENSG00000127324.8,TSPAN8,0.35706181006528426,NA,0.721045533628198,0.012860196685455436,0.04825738495734716,0.02255331514557915,NA,39,40,40,0.02194044368262457,0.08722963378799667
ENSG00000261098.1,RP11-819C21.1,-0.35704446813215124,NA,0.7210585160026279,0.012308248928614932,0.04401793746470762,0.024383509170377897,NA,31,31,31,0.1179086347000782,0.04191223362647496
ENSG00000188997.7,KCTD21,-0.35691829844866435,NA,0.7211529705263372,0.0457291140891179,0.3212699190984497,3.252384098244269e-11,NA,33,34,34,0.005210610966217921,0.15241457889007978
ENSG00000204175.5,GPRIN2,-0.35670287388611766,NA,0.7213142538413293,0.010672620711393199,0.04452361791818984,0.024313945782473468,NA,3,62,62,0.69067398931945,0.1806937293506422
ENSG00000140575.12,IQGAP1,-0.3565801965128056,NA,0.7214061050510899,0.022052748096268962,0.11521760883632765,0.00016960549012303382,NA,62,65,65,7.275533858309532e-05,0.06396809339878884
ENSG00000103148.15,NPRL3,-0.35656776502397564,NA,0.7214154130005991,0.035218632434582474,0.132973533377648,5.1230909361162735e-05,NA,7,8,8,0.48675100017017736,0.1771111175730696
ENSG00000176945.16,MUC20,-0.3564776363830123,NA,0.7214828971281497,0.0072412005402370215,0.09877966410406716,0.0008309605254041403,NA,10,21,21,0.04924122118393474,0.26477479001344
ENSG00000144648.15,ACKR2,0.3561866909744294,NA,0.7217007582903023,0.005965490943626786,0.13896154334510227,4.800224584228954e-05,NA,2,2,2,0.34107596225967607,0.2085073259631775
ENSG00000183066.14,WBP2NL,0.35535429216136394,NA,0.7223241867192813,0.014346620877312758,0.07648167015390432,0.002465362794202018,NA,19,22,22,0.19931814359204436,0.11155417223331264
ENSG00000277159.1,RP11-88E10.4,-0.3544589636748547,NA,0.7229949524462436,0.01022503200022004,0.1611328160162868,1.3652826659696465e-05,NA,8,8,8,0.48272457440273364,0.07703944457198639
ENSG00000026103.21,FAS,0.35322712921152727,NA,0.7239181709255851,0.09466221562733418,0.2340513573766671,3.3962539787108734e-08,NA,36,38,38,0.031797053079706976,0.08987152054958822
ENSG00000116791.13,CRYZ,0.35252109726307307,NA,0.7244474993336922,0.15292346552932157,0.19030219576161367,1.3832086595719746e-06,NA,137,141,141,2.080101078896668e-11,0.2438548891225406
ENSG00000227579.5,RP1-35C21.2,0.352447962166023,NA,0.7245023379350686,0.02609101147277329,0.11107614798579753,0.00017809896831846522,NA,19,19,19,0.1714467735853148,0.1984373010816431
ENSG00000105655.18,ISYNA1,-0.3517363196201588,NA,0.7250360198166408,0.028646011575132004,0.13066970468490727,9.528113039479277e-05,NA,49,66,66,5.4023317896284676e-05,0.1327410754459891
ENSG00000130656.4,HBZ,-0.350716769695282,NA,0.7258008433449974,0.009003927401523561,0.10539464458824822,0.0004705822250916328,NA,1,2,2,0.7258008433449974,0.15586270830204527
ENSG00000171928.13,TVP23B,-0.34993583014134616,NA,0.7263868564295823,0.01725034261913642,0.22516406897820876,2.326537857002842e-08,NA,10,11,11,0.0033579352045294184,0.06728285751001302
ENSG00000204604.9,ZNF468,0.3498757211564455,NA,0.7264319685497767,0.06113466913652413,0.04632449854891546,0.020359994911531246,NA,80,90,90,0.000525384849018631,0.17049270647833328
ENSG00000106261.16,ZKSCAN1,-0.3497297299584038,NA,0.726541539688353,0.019021394675855795,0.05218256973149303,0.014452259300117369,NA,58,60,60,0.0008697332922256931,0.1885668999629497
ENSG00000183287.13,CCBE1,0.3489540113978249,NA,0.7271238354666513,0.09151658450033313,0.09928561819966426,0.0008471112343830094,NA,63,70,70,9.989276298082633e-05,0.2398047350563005
ENSG00000160284.14,SPATC1L,0.3487207724584215,NA,0.7272989479100811,0.06902590130696845,0.2449641566373813,3.2011679414319684e-08,NA,60,65,65,0.0009855994202039133,0.3281137758986844
ENSG00000015592.16,STMN4,0.3486028416909484,NA,0.7273874940574173,0.03850063695937141,0.3150120882904414,6.536539341572129e-11,NA,13,13,13,0.046987431195213855,0.1316484756902972
ENSG00000138434.16,SSFA2,-0.3483307194722398,NA,0.7275918259088603,0.011651845234528476,0.05029715533787491,0.01888609475990343,NA,35,35,35,0.0018950529717013844,0.13406525714119988
ENSG00000196247.11,ZNF107,-0.3480494083541494,NA,0.727803077906575,0.015787651218148527,0.03579743301197899,0.04249295207082846,NA,17,17,17,0.10587393573063827,0.07138416201073307
ENSG00000198805.11,PNP,-0.3474381300559926,NA,0.7282621917041943,0.005209579671076392,0.038616191961663375,0.04070379177176894,NA,18,27,27,0.027209842628355036,0.03635275259407295
ENSG00000242612.6,DECR2,0.3470760702602884,NA,0.7285341705459031,0.036994529077207176,0.2889561011705227,4.95801215832284e-10,NA,4,4,4,0.6401452609246899,0.12062581820778748
ENSG00000172819.16,RARG,0.3461350539290535,NA,0.7292412205578708,0.012816764062727552,0.1120890398616141,0.0003034266223956038,NA,22,24,24,0.33471938263751666,0.14997153868386018
ENSG00000273702.1,RP11-758H9.2,-0.3459674715995789,NA,0.7293671608166519,0.007432982168708696,0.0512224317176486,0.012526624742198351,NA,1,1,1,0.7293671608166519,0.36341677543232254
ENSG00000162769.12,FLVCR1,-0.3456715284443159,NA,0.729589583705307,0.0180371043294324,0.19381824402479264,5.858670891760472e-07,NA,12,12,12,0.47821910884364494,0.16223451336928246
ENSG00000242866.9,STRC,-0.3450875021389951,NA,0.7300285888601381,0.06551981205201225,0.1859903648455729,1.3358891388439122e-06,NA,18,18,18,0.2116343971762965,0.13637860962066722
ENSG00000214146.2,LINC02026,0.3449585650550971,NA,0.7301255211569266,0.057039316474240265,0.048853328964266,0.020737634701071532,NA,54,58,58,0.015193366512058042,0.1990637671995986
ENSG00000117899.10,MESDC2,-0.3440061005725505,NA,0.7308416981925618,0.011931580703418546,0.14923192455157205,3.0629713490714475e-05,NA,13,13,13,0.3812808266308647,0.1418240039850095
ENSG00000172399.5,MYOZ2,0.34374780927141774,NA,0.731035953048435,0.03834714873813548,0.03724480053821764,0.04250319482011297,NA,21,21,21,0.048665046683865475,0.4119921384038493
ENSG00000234147.1,RP3-460G2.2,0.34352125152594254,NA,0.7312063560381588,0.05356032977872392,0.13178849639881798,7.102079965853232e-05,NA,34,34,34,0.21874174138303792,0.10477483876810624
ENSG00000188171.15,ZNF626,0.3427872560556738,NA,0.7317585139424687,0.01552188509929888,0.1195645146854863,0.00017456862550425706,NA,17,18,18,0.18197565028783347,0.13125172642049346
ENSG00000212127.5,TAS2R14,0.3427304211811524,NA,0.7318012745357987,0.0015610693412644937,0.19984581451792824,7.463643227943196e-07,NA,4,39,39,0.5898253875698523,0.053970303234679586
ENSG00000197568.13,HHLA3,-0.34248658857178854,NA,0.7319847352061539,0.0596709894010192,0.20933483752340584,2.324764008764471e-07,NA,70,73,73,3.755639205149977e-06,0.18441120477310027
ENSG00000237352.3,LINC01358,0.342111397437258,NA,0.7322670604999032,0.3900717904376527,0.0716732324606163,0.004602934258287228,NA,206,218,218,0.00023143897439795698,0.5157054620651508
ENSG00000273125.1,LINC01990,0.3399974386233475,NA,0.733858456835774,0.07116147029350037,0.2538509348021785,6.74010572344152e-09,NA,65,65,65,3.001344705266266e-07,0.25844014857117703
ENSG00000248508.6,SRP14-AS1,0.33940835101107364,NA,0.7343021283812691,0.008609984068797654,0.12180267971082087,6.772520146157914e-05,NA,5,5,5,0.0042107035149992,0.08884180517005075
ENSG00000079101.16,CLUL1,-0.3392756524056612,NA,0.7344020826312989,0.0777247865815326,0.09865134639250084,0.0007469593990433693,NA,69,76,76,0.0007361042262700473,0.2003812117780146
ENSG00000181061.13,HIGD1A,-0.3392380604268238,NA,0.7344303993313619,0.05487145786353699,0.08929323413742049,0.0014586312537234138,NA,137,144,144,3.123850134734127e-05,0.2721618551765947
ENSG00000119711.12,ALDH6A1,-0.3392302443647622,NA,0.7344362869381502,0.004248879361829673,0.05381241988017607,0.011774409524220757,NA,18,20,20,0.02646695163878349,0.02252823542497018
ENSG00000168702.17,LRP1B,-0.3367828763925595,NA,0.7362805824328822,0.01482828824631351,0.06221424850577775,0.00558283413142089,NA,26,26,26,0.06586206082485072,0.13616180247184065
ENSG00000164823.9,OSGIN2,-0.3360338934691124,NA,0.7368453077847221,0.04158723859679039,0.23870256003389514,2.4087171507647228e-08,NA,25,25,25,0.0006594650200139398,0.05462029930133352
ENSG00000137960.5,GIPC2,-0.33534973815403324,NA,0.7373612780266439,0.003570390666975874,0.035254629325991146,0.04745850989754307,NA,7,7,7,0.1397109194021819,0.028614268002802982
ENSG00000172687.13,ZNF738,-0.33495289628019154,NA,0.7376606190103938,0.011253489614167847,0.13715639619962275,7.373224037950435e-05,NA,15,15,15,0.006320975376887645,0.022810183762388192
ENSG00000100373.9,UPK3A,-0.3348969621898021,NA,0.7377028137404633,0.053982520680989965,0.08162694448459268,0.0018441980797558961,NA,24,27,27,0.017734296267808623,0.1820156202251084
ENSG00000162688.16,AGL,0.33452051137729655,NA,0.7379868156800027,0.011310343181255456,0.15805364142194725,1.4412521075842868e-05,NA,18,18,18,0.0016613191933494296,0.06469806592175455
ENSG00000143156.13,NME7,0.334230357653039,NA,0.7382057377988396,0.007892076088167967,0.1243503187769842,0.00017301106968150917,NA,18,18,18,4.417412524731798e-05,0.030704862592205107
ENSG00000183020.13,AP2A2,0.3339580274952427,NA,0.738411231282859,0.0010673712801665093,0.12421323214706376,0.00015550312717311032,NA,10,22,22,0.008704737778866711,0.05348160790993433
ENSG00000180376.16,CCDC66,-0.33337279442734963,NA,0.738852896649362,0.019403482131010865,0.0876310052963185,0.0012560720609197135,NA,33,35,35,0.0008394737873498718,0.1894377978496331
ENSG00000081665.13,ZNF506,-0.333003624495702,NA,0.7391315472050559,0.05327750853367929,0.15544573759467606,1.6084357700736785e-05,NA,25,26,26,4.7761359736852135e-11,0.11758349670731072
ENSG00000177414.13,UBE2U,0.3327836075342007,NA,0.7392976329526704,0.24750915240726462,0.2750194037382517,2.4989780979315197e-09,NA,143,151,151,0.0006856325307920309,0.2697214469252209
ENSG00000134201.10,GSTM5,-0.3325443523681865,NA,0.7394782549809122,0.16683426755944575,0.5521563543129839,8.415126950080195e-26,NA,26,28,28,0.008177309518883626,0.1865902839972348
ENSG00000251417.2,RP11-1348G14.4,-0.33202041337054866,NA,0.7398738448961173,0.06778454765002484,0.15856376899696795,1.588384310680132e-05,NA,24,26,26,0.1869100760912752,0.1682763721424115
ENSG00000245937.7,LINC01184,-0.3315761501424746,NA,0.7402093310994742,0.023629629830957587,0.044272620741704204,0.026073948110513903,NA,46,48,48,0.011773127972306771,0.13424460148576256
ENSG00000080007.7,DDX43,0.3314006892578244,NA,0.7403418443306795,0.07998569249817405,0.07089921643743549,0.00400335555729435,NA,71,74,74,0.0008414149553645084,0.22783832095060064
ENSG00000258919.1,RP11-1029J19.4,-0.3310989949115294,NA,0.7405697108057017,0.05400994500409871,0.052421325424803066,0.013608003592653937,NA,42,50,50,0.015647098073098168,0.2577793162916918
ENSG00000182698.11,RESP18,-0.33102197869914207,NA,0.7406278839653739,0.06680650072019292,0.2858563454418508,2.342017318620197e-11,NA,12,12,12,0.00012298358206941818,0.044807081540915464
ENSG00000118514.13,ALDH8A1,0.3306432327787991,NA,0.7409139861743206,0.045732240306570984,0.1546385514846271,1.0735822361698801e-05,NA,82,82,82,0.009999056474951537,0.2304083397683143
ENSG00000162747.9,FCGR3B,0.330570446766462,NA,0.7409689723611108,0.004419679803052577,0.105598026737137,0.00038766636925394247,NA,6,8,8,0.33359724949445213,0.1457028785233454
ENSG00000166228.8,PCBD1,0.3305123887300047,NA,0.7410128332483481,0.001712620683806603,0.09835469824027232,0.0007086475262953693,NA,2,2,2,0.7162431884686484,0.04761210151858829
ENSG00000165948.10,IFI27L1,-0.32981683922218086,NA,0.7415383628321061,0.011691106583116844,0.10794651333068113,0.000451266544292267,NA,27,27,27,0.00048784947278291237,0.09522111690947753
ENSG00000273449.1,RP11-218F10.3,0.3296704643137409,NA,0.74164897326394,0.09186455304807178,0.2963202899121627,1.5798861119716517e-11,NA,11,11,11,0.4547683831084791,0.09259612527991164
ENSG00000148824.18,MTG1,-0.3296530600561453,NA,0.7416621254117167,0.12677167588912236,0.4330685844270277,1.8984233475292894e-17,NA,12,12,12,0.0191362330066823,0.09562960603976356
ENSG00000169629.11,RGPD8,0.3295764853313571,NA,0.741719992728987,0.2013003001005379,0.4363120943494871,1.1615670672831575e-17,NA,51,53,53,0.054314517228536384,0.2954719624949807
ENSG00000164587.11,RPS14,0.3294528609139005,NA,0.7418134184567018,0.01011083823807017,0.04400670143055516,0.026373807976939483,NA,35,41,41,4.1032235854996914e-07,0.1314475904491572
ENSG00000137494.13,ANKRD42,-0.329433576023274,NA,0.7418279928215112,0.005303624125303781,0.1118133823908586,0.00023669061748614526,NA,9,9,9,0.6279731756720223,0.032903103759628786
ENSG00000173517.10,PEAK1,0.328820474458138,NA,0.7422913864866951,0.005079796487892106,0.1723275042053932,4.347733850972154e-06,NA,10,12,12,0.07420980603963392,0.04511017996305794
ENSG00000204070.9,SYS1,0.32880973937285685,NA,0.7422995010982769,0.0017302965388787139,0.07179916981414873,0.003578550649969643,NA,8,8,8,0.693509271531928,0.027785078052371008
ENSG00000251185.1,RP11-542G1.1,0.32814650243461857,NA,0.7428008949845313,0.07076186196975673,0.0394032918614867,0.03916691341130269,NA,49,55,55,0.0017202920767822275,0.16602457284130448
ENSG00000255621.1,RP11-377D9.3,0.32787238571111665,NA,0.7430081536408615,0.03960882706624514,0.11487110107475552,0.00027249811708802475,NA,25,25,25,0.026328332819089827,0.15219174799764296
ENSG00000254092.1,RP11-369E15.3,-0.32737453024114443,NA,0.7433846279794023,0.005167190435622806,0.07208341877848913,0.0041169339726471275,NA,7,7,7,0.5062325360606551,0.10652120330794164
ENSG00000245954.6,RP11-18H21.1,-0.32629951806856566,NA,0.7441977528157429,0.043039407674385494,0.0650033288212226,0.008010258441544524,NA,20,24,24,3.940364096747294e-16,0.14341930781776954
ENSG00000273344.1,PAXIP1-AS1,0.3259300675395789,NA,0.7444772661665722,0.0076342611762350845,0.04818953862775496,0.017196183928884643,NA,21,27,27,0.023993361582386186,0.09271861496999004
ENSG00000122025.14,FLT3,0.3240134446850848,NA,0.7459278554796525,0.014157961892234148,0.12279285583186722,0.000136880006013365,NA,10,12,12,0.11037621306732628,0.18364202554505465
ENSG00000143995.19,MEIS1,0.3238402852473579,NA,0.7460589550501673,0.012330390432891816,0.041315558645918855,0.03350715834755564,NA,24,25,25,0.003319596664295055,0.1928983651102235
ENSG00000267454.5,ZNF582-AS1,0.3235052368369807,NA,0.746312642157059,0.020227955730556156,0.06919332318463882,0.005256879258235844,NA,21,21,21,0.01172850675193481,0.13120922325293335
ENSG00000188747.8,NOXA1,-0.3220877591226492,NA,0.7473862113776618,0.015242484994826232,0.09453893396024783,0.0007620090861287737,NA,19,20,20,0.0007218556743973682,0.09108955861593776
ENSG00000089280.18,FUS,0.32133005269483766,NA,0.7479602842411053,0.00483532916218184,0.03753431970931265,0.04562533563310291,NA,25,25,25,0.20663699061750196,0.08633964847533171
ENSG00000130669.17,PAK4,-0.32127170528223026,NA,0.748004496696026,0.010264295578044324,0.08655407721590737,0.0012689461316426982,NA,10,10,10,0.36630614338651313,0.09365063819065328
ENSG00000160460.15,SPTBN4,0.32036890067990714,NA,0.7486886978274931,0.011419931857477354,0.10507161086110167,0.0004112453106017309,NA,24,24,24,0.6235853063898629,0.09935223427757907
ENSG00000171813.13,PWWP2B,0.3202488069469011,NA,0.7487797272075485,0.010938977235301035,0.12943222935383414,7.995381432340191e-05,NA,29,30,30,0.052412360857492214,0.08759826673185635
ENSG00000156795.6,WDYHV1,0.3198058105139193,NA,0.7491155426124778,0.047004514624959345,0.25407575426868306,1.3942676929177167e-08,NA,50,56,56,0.1106985280161353,0.12514898909343816
ENSG00000230563.2,RP5-828H9.1,0.31927310505672307,NA,0.7495194253420455,0.17126900398311495,0.29963337068620943,7.028523233495685e-11,NA,59,64,64,0.03432788483318121,0.3392922465421109
ENSG00000108061.11,SHOC2,0.3191293308223364,NA,0.7496284428170281,0.00020883954515286228,0.06232587862072275,0.008845054884767915,NA,12,13,13,0.006635231168502163,0.0046629653687464065
ENSG00000250786.1,SNHG18,0.3189928800046119,NA,0.7497319119040682,0.10080666060937733,0.18138488289201601,3.326553161699301e-06,NA,60,64,64,0.007178589700744312,0.17748968614671942
ENSG00000179270.6,C2orf71,-0.31852787912721514,NA,0.7500845505412607,0.02271500713221209,0.08669551898519004,0.0018241913166775145,NA,20,23,23,0.25573225707453784,0.06516307875211408
ENSG00000277459.1,RP11-732A21.3,0.31849609183815003,NA,0.7501086586971,0.028818505993245418,0.07684507934272235,0.0029585767770995016,NA,22,22,22,0.0034368935059868916,0.11164163564855624
ENSG00000227888.4,FAM66A,0.31823754510178776,NA,0.7503047551030144,0.1532135437182176,0.24995849868596395,1.1271548750464775e-08,NA,45,53,53,0.00037809519983472,0.22138170995179832
ENSG00000153406.13,NMRAL1,-0.31822894864564905,NA,0.7503112754167196,0.017966305375852656,0.2252762724840825,5.001229200775488e-08,NA,17,18,18,0.0019387554519746323,0.08761029958849648
ENSG00000257556.1,RP11-44N21.1,-0.3181403717470933,NA,0.7503784610203599,0.0368090745274142,0.044390757686265686,0.02416100028618927,NA,38,40,40,0.19694225138080046,0.3768830166480993
ENSG00000037757.13,MRI1,0.31745128871056527,NA,0.750901195326393,0.0851872576482679,0.2772054856147344,8.435721460882494e-10,NA,10,10,10,0.6579493270131109,0.13617797379168606
ENSG00000121691.4,CAT,0.3169183064852468,NA,0.7513055909293308,0.018249784193070932,0.03539801475211615,0.044496734820609465,NA,45,50,50,0.0008465101049788691,0.17747376322098102
ENSG00000161905.12,ALOX15,-0.31629815827152374,NA,0.7517762089414677,0.019794749435829054,0.10962321476701337,0.0004092875105857994,NA,14,14,14,0.43980329145811947,0.03962564993102175
ENSG00000229537.5,LINC01739,-0.3158486459648095,NA,0.75211739251602,0.021073542185035432,0.0565688321628001,0.010789006304963164,NA,24,25,25,0.002324238064633472,0.12819559411299733
ENSG00000104783.11,KCNN4,0.31535793130717193,NA,0.752489904323014,0.020443145150383174,0.11703889346499267,0.00017913657243341674,NA,10,12,12,0.002205219122711804,0.1019482059916985
ENSG00000179564.3,LSMEM2,-0.3148654327662605,NA,0.7528638282788749,0.012432402501330753,0.04255142198956892,0.03281427530927603,NA,15,15,15,0.1565139678331304,0.1535133292526467
ENSG00000225706.1,PTPRD-AS1,0.31370138714439005,NA,0.753747847129951,0.04789570262811524,0.22252002657046568,7.234280194174187e-08,NA,21,21,21,0.0002476240272181679,0.2364142450125269
ENSG00000235615.2,AJ239322.1,-0.313644962973272,NA,0.7537907059238633,0.014564816599176113,0.18660251254787008,7.66728639987178e-07,NA,15,26,26,0.04703200671964451,0.13293293037832846
ENSG00000197558.11,SSPO,-0.3133843621269577,NA,0.7539886635177036,0.05867682016173153,0.3909814809786237,1.6843896475667e-14,NA,17,20,20,0.43491835476446494,0.33515618955937915
ENSG00000155906.16,RMND1,-0.3119949557586057,NA,0.7550443568585368,0.007118724133241524,0.03929456604138485,0.03964299068410465,NA,26,27,27,0.03587002549405215,0.02331725702789127
ENSG00000070371.15,CLTCL1,0.310440671793137,NA,0.7562258691960719,0.0009397884488857173,0.03821154726284887,0.0424773293242836,NA,9,65,65,0.1908373771158436,0.03460641547974156
ENSG00000265354.3,TIMM23,0.30991825339752915,NA,0.7566231215689087,0.002140294268729336,0.04935533496056047,0.020016389398170853,NA,6,15,15,0.5608586645820132,0.09528839985441648
ENSG00000283440.1,RP11-445H22.3,-0.30916560014997935,NA,0.7571955599800883,0.0629268994199844,0.17440434966371499,1.7632100282766938e-06,NA,37,40,40,5.779719289895101e-05,0.25817648872203164
ENSG00000273001.1,RP11-118K6.3,-0.30891519313431476,NA,0.7573860392402841,0.036554459272454536,0.06816237437853771,0.005887820839643667,NA,41,42,42,0.001351994051423461,0.2336538495322462
ENSG00000109943.8,CRTAM,-0.30834305205226603,NA,0.7578213100007314,0.03770100398675829,0.035824057799379624,0.04874784493876695,NA,23,24,24,0.08356597020658274,0.1899784375768687
ENSG00000120008.15,WDR11,-0.308186309602551,NA,0.7579405691798291,0.016360664462636853,0.20920544052020146,2.9541958091101124e-07,NA,43,43,43,0.04911032005317797,0.08993721609213001
ENSG00000282142.1,CH17-174L20.1,-0.307850884438307,NA,0.7581958003768026,0.09953872234912083,0.07273946221025694,0.003945965933674375,NA,40,47,47,0.08711525633931798,0.6908036126149584
ENSG00000171772.15,SYCE1,-0.30687629494798835,NA,0.7589375329540262,0.015952068058470208,0.07573490854467224,0.0035563074033683655,NA,15,15,15,0.6901374387768362,0.04805351147486355
ENSG00000271892.1,CTD-2228A4.1,0.30660135168297314,NA,0.759146824672091,0.09417219632677577,0.1677833055961179,5.153420031917397e-06,NA,75,81,81,0.0007241861131756072,0.1950514092556771
ENSG00000175287.18,PHYHD1,0.3062773306040543,NA,0.7593934979453265,0.007256722770350824,0.055323148442956924,0.013672038979872812,NA,12,16,16,1.771385975750389e-06,0.08746722446953085
ENSG00000256576.2,RP13-977J11.2,0.3062178268611461,NA,0.7594388000763606,0.052787703879878,0.19130005481194992,2.632456041467982e-07,NA,13,16,16,0.1796392103650346,0.14229387939771265
ENSG00000054219.10,LY75,0.3054430978121785,NA,0.7600287017350549,0.015177895297640784,0.11174497112524027,0.000351833258176793,NA,18,20,20,0.14199294750733776,0.07913598993357662
ENSG00000267108.1,RP11-861E21.1,0.30521556148949414,NA,0.760201981171579,0.056941942783928515,0.1665340634118616,2.1783279102848955e-07,NA,20,21,21,0.013672272936058357,0.20250080995919348
ENSG00000058262.9,SEC61A1,0.3047709099304861,NA,0.7605406386352682,0.007379128820071374,0.04475997628458498,0.028454268564575287,NA,33,33,33,0.0717815675712509,0.14862980080718494
ENSG00000182481.8,KPNA2,0.30473670329406216,NA,0.7605666931451875,0.012210084533585899,0.06325653541915513,0.005054575889346066,NA,7,8,8,0.0007721559749609861,0.09568456301093688
ENSG00000137713.15,PPP2R1B,0.3046715727941546,NA,0.7606163024934689,0.022044664413233214,0.14365464584904505,4.139106511849489e-05,NA,16,18,18,1.8409234074298176e-05,0.06290652430302207
ENSG00000232112.3,TMA7,-0.3044717836028069,NA,0.7607684863632896,0.015301732973335947,0.04729901250932633,0.023593911866898132,NA,43,43,43,0.002789839710173681,0.2537970858712536
ENSG00000164898.12,FMC1,-0.3039310406562929,NA,0.7611804287113155,0.022138927935752714,0.05822765911950802,0.010898039499749884,NA,96,99,99,0.005107653919276824,0.14356915030225303
ENSG00000103351.12,CLUAP1,0.30385237053733866,NA,0.7612403658882843,0.13368016115829762,0.31270409302613833,9.646709057943684e-11,NA,71,81,81,0.010049477511035616,0.30318710226093665
ENSG00000106733.20,NMRK1,0.30250116206743216,NA,0.7622700477242332,0.3553210227690147,0.6280647130431998,1.6787193796245435e-28,NA,57,58,58,0.00026749446577514996,0.3892034362092436
ENSG00000042429.11,MED17,0.30221912768889486,NA,0.7624850238091407,0.02286149278391243,0.06732311950804297,0.00585329117313919,NA,23,24,24,1.6066001408151848e-06,0.115645827500854
ENSG00000226516.7,FAM138B,0.3022073249305263,NA,0.7624940206679434,0.0711431155562983,0.08476664978441008,0.0016271281867486294,NA,63,66,66,0.04305903980537121,0.1760436182559511
ENSG00000141295.13,SCRN2,0.3021306385520949,NA,0.7625524769814473,0.02157162105795161,0.17360049818073964,4.674522496811752e-06,NA,49,52,52,0.0028882839320015213,0.10932987948128098
ENSG00000180745.4,CLRN3,-0.3019866603204995,NA,0.7626622320300018,0.004222092818520058,0.05257349083700292,0.015529831363742388,NA,8,9,9,0.2921250289435615,0.07261061825464704
ENSG00000087301.8,TXNDC16,0.3015426569438623,NA,0.7630007272099245,0.044377235538067404,0.1174200293351866,0.00014289670330626058,NA,63,66,66,0.0015820536761684827,0.1212462719804222
ENSG00000142089.15,IFITM3,0.3015074314071023,NA,0.7630275840695239,0.011057632269801122,0.1255394528079206,0.0001313180840278973,NA,11,15,15,0.06359859011390008,0.09388702784416264
ENSG00000130653.15,PNPLA7,0.30119421268449853,NA,0.7632664026593718,0.012571766514050037,0.07960680758029759,0.0028666891725210373,NA,4,4,4,0.08248961326006961,0.11332453325558005
ENSG00000254858.9,MPV17L2,0.30107970145334323,NA,0.763353719191841,0.0053172430320388465,0.09408391103599173,0.0009842180614262831,NA,4,7,7,0.6242198528400549,0.09020113104520444
ENSG00000155304.5,HSPA13,-0.3010465355739357,NA,0.7633790092349535,0.028105208251134165,0.058097532347301466,0.009424522339569504,NA,59,68,68,0.00023413328797149938,0.2262261146758525
ENSG00000183569.17,SERHL2,0.30003667577322973,NA,0.7641491803899384,0.0271931279261508,0.13355678940866395,5.132412991481343e-05,NA,25,27,27,0.012424655800760498,0.07575830587342967
ENSG00000274560.1,RP11-285E23.2,-0.29859183661380323,NA,0.7652514948932292,0.0007527196062883871,0.053882761944409815,0.014866530463187809,NA,8,9,9,0.7425318173907567,0.038741513752156564
ENSG00000176022.4,B3GALT6,-0.29795820868467865,NA,0.7657350602872741,0.008496622438643823,0.04218365096558648,0.02582491913991548,NA,28,30,30,0.14110784620688757,0.057852693128384015
ENSG00000141854.9,MISP3,0.297822643657084,NA,0.7658385312197176,0.03559676620422662,0.15499455406530974,1.753373991550286e-05,NA,45,49,49,0.0014544486640299262,0.13811004945445882
ENSG00000175130.6,MARCKSL1,0.29762165861479145,NA,0.7659919421124377,0.0024602162269592824,0.03946203560155965,0.03357530205855052,NA,10,11,11,0.015358255269514036,0.06275895884601848
ENSG00000116133.11,DHCR24,-0.29708569313323613,NA,0.7664010867747453,0.0063242080062028885,0.06423016676489995,0.008575486004677566,NA,14,15,15,0.009151558736644078,0.06957936768103128
ENSG00000116852.14,KIF21B,0.2968142197911265,NA,0.7666083486213551,0.0036070653469328995,0.08493724058188762,0.001952208179983525,NA,16,16,16,0.17831894735233778,0.034766544150553504
ENSG00000134809.8,TIMM10,-0.2967412517125852,NA,0.766664060433974,0.043556452662606104,0.3177001713957127,1.4008050718752358e-11,NA,16,16,16,0.4086374686802956,0.04736957034469837
ENSG00000087338.4,GMCL1,0.2965688024184271,NA,0.7667957318820446,0.050679850426192954,0.03769057230600277,0.04094908869520962,NA,84,97,97,0.008860840527383397,0.13667383389489846
ENSG00000140451.12,PIF1,-0.29641988943854053,NA,0.7669094378974909,0.029536646383126836,0.11654119457492433,0.00020876645889295585,NA,26,27,27,1.2785602384993526e-07,0.16021930080317
ENSG00000142233.11,NTN5,-0.2961430090295767,NA,0.767120869799903,0.012771915166209642,0.05729531654896655,0.012830645133719449,NA,11,11,11,0.0483001484178478,0.053567025604809054
ENSG00000214279.13,SCART1,0.29587114971250567,NA,0.7673284843559921,0.009289479382977516,0.06061271650562899,0.009354889743172546,NA,9,9,9,0.2999175919825935,0.040514755220457145
ENSG00000205837.7,LINC00487,0.2957863076211505,NA,0.7673932803064649,0.06360030895055713,0.2163083005851875,9.126634403563042e-08,NA,43,50,50,0.005301637983373523,0.29527006976173525
ENSG00000129422.14,MTUS1,-0.2949895797979534,NA,0.7680018398273525,0.023058749832874564,0.08416023706889238,0.0012741275671212214,NA,38,39,39,3.1809166608139736e-08,0.0851721381330576
ENSG00000139433.9,GLTP,0.29465605065072736,NA,0.7682566397592578,0.007836596401366764,0.1691266644366343,4.419878722543114e-06,NA,16,17,17,0.009208909607525467,0.02949057314637925
ENSG00000110080.18,ST3GAL4,0.29230972544944606,NA,0.7700498235519159,0.006689311404430834,0.11642997416958399,0.0002491072720917725,NA,16,18,18,0.09422108659625586,0.0943317703074511
ENSG00000171051.8,FPR1,-0.2911553287815865,NA,0.770932525663183,0.017609749493341285,0.09226883508061633,0.0010284205381886882,NA,30,36,36,0.12815545914388143,0.13690007190333248
ENSG00000112031.15,MTRF1L,0.2910338798700648,NA,0.7710254080751334,0.029927597799064384,0.2260827728222937,1.3289427827989352e-07,NA,16,16,16,0.09901015556238632,0.033730097780384265
ENSG00000134532.15,SOX5,-0.29076339927664213,NA,0.7712322796082559,0.009322836827486013,0.043466989815570116,0.030603332254409695,NA,25,27,27,1.0942584342512482e-19,0.2255798101907205
ENSG00000163964.14,PIGX,-0.29033411588899577,NA,0.7715606415983487,0.024696622157395334,0.09002277272666252,0.0013816625831485753,NA,54,59,59,2.269598369636756e-06,0.1464557086579934
ENSG00000125337.16,KIF25,-0.28988639843374636,NA,0.771903147542335,0.02976472928822086,0.0577608103964804,0.00622487759825941,NA,7,7,7,0.3060715161266706,0.2543803234252748
ENSG00000137103.16,TMEM8B,0.2898100744953101,NA,0.7719615401486195,0.03600299095271879,0.30057201614155304,1.9223046036006324e-10,NA,47,48,48,5.644249052827185e-07,0.10884447480287908
ENSG00000162241.12,SLC25A45,0.2896868977927976,NA,0.7720557807861077,0.06634733196813945,0.06903187162888627,0.0047663143250068814,NA,62,63,63,0.0019789137783427415,0.32337677619032984
ENSG00000025434.18,NR1H3,0.2890007141988973,NA,0.7725808310148745,0.01503867666385554,0.0879247848895126,0.0013792582363602282,NA,34,34,34,2.8968979865381264e-09,0.04665613671606402
ENSG00000186532.11,SMYD4,0.28899825545917723,NA,0.772582712567322,0.06753083839517883,0.22307195553037265,9.177348333068377e-08,NA,12,13,13,0.024000420275962744,0.11584099779450405
ENSG00000085871.8,MGST2,-0.288244285077415,NA,0.7731597519928068,0.0065714285785921376,0.06556226803473733,0.004780950287088393,NA,9,9,9,0.036843555261458064,0.09651379211173393
ENSG00000187688.14,TRPV2,-0.28805810445237306,NA,0.7733022617395238,0.06901511142273237,0.19393952148525745,9.724488298440878e-07,NA,86,91,91,0.0359294948252852,0.18599110321168924
ENSG00000126602.10,TRAP1,0.28779729771585616,NA,0.7735019060077828,0.02051329230685279,0.059865991468818075,0.008838783121888929,NA,25,27,27,0.0353228848118173,0.29497125492825105
ENSG00000196584.2,XRCC2,-0.2870459353920092,NA,0.7740771481238274,0.06598392392444062,0.2705285100169359,1.1844342903783765e-09,NA,19,20,20,0.10272922552557393,0.16101387487329605
ENSG00000164308.16,ERAP2,-0.28675506385483057,NA,0.7742998723634187,0.20573636316357896,0.5567831566009431,2.81722422202341e-23,NA,43,45,45,0.09764207852585528,0.07987611102282688
ENSG00000132938.19,MTUS2,-0.28646034362920825,NA,0.774525562543629,0.026777525068547685,0.05364381161320006,0.013233856142678866,NA,72,76,76,1.294397042910834e-05,0.2071713299621964
ENSG00000178750.2,STX19,-0.2862616854502576,NA,0.7746777013014162,0.0962497393535621,0.15855269767700875,9.44640909037306e-06,NA,83,84,84,0.008340044892406308,0.4275102559773536
ENSG00000055955.15,ITIH4,-0.2856858464178492,NA,0.7751187460324787,0.12351779003465757,0.3090655277710808,2.1203469057459e-11,NA,49,49,49,0.0008016696035079764,0.3210979080882298
ENSG00000132840.9,BHMT2,0.28483294434804074,NA,0.775772131261316,0.03185412838409542,0.0914276457926222,0.0012335220701993675,NA,72,73,73,0.002145038701148996,0.05698691391546925
ENSG00000122390.17,NAA60,0.2846359598525424,NA,0.7759230583425358,0.008171695149552837,0.0348617133907841,0.04844924914887,NA,14,15,15,0.2529207111342969,0.3566381395228302
ENSG00000138381.9,ASNSD1,-0.28422091010684314,NA,0.77624109201189,0.01826905843021915,0.13832860179972314,5.50337293621667e-05,NA,17,19,19,0.10982455444163797,0.08503599229537143
ENSG00000205937.11,RNPS1,-0.28358919729676746,NA,0.7767252166879652,0.03043753143116247,0.15928321439130005,1.3335662084146268e-05,NA,74,86,86,0.00019449582441228303,0.5570689826192851
ENSG00000273148.1,RP5-1068E13.7,0.28356200007813426,NA,0.7767460617231484,0.0026842570917529635,0.1063890407907718,0.0005157224284691005,NA,6,6,6,0.649431984994892,0.018154716226695962
ENSG00000113916.17,BCL6,-0.28343558601977936,NA,0.7768429526190175,0.005548892024586001,0.040432729672012696,0.0311532374709712,NA,18,23,23,1.5067686573888543e-07,0.0903101964493854
ENSG00000221887.5,HMSD,-0.2829030980983496,NA,0.7772511196224987,0.08312357963410547,0.12649007321799818,7.537031314107246e-05,NA,147,153,153,2.3563599323841107e-06,0.4439427931306619
ENSG00000129219.13,PLD2,-0.28261962607192836,NA,0.7774684340102194,0.007849865083131572,0.09390122216614166,0.0009705169897484985,NA,30,31,31,0.1348643897062539,0.14863792811104784
ENSG00000167608.11,TMC4,0.2825794899630176,NA,0.7774992044288046,0.0053353915281750715,0.20586268594096915,3.3931540047857434e-07,NA,7,12,12,0.17119892019547478,0.04240099554245025
ENSG00000170322.14,NFRKB,0.2812927939943838,NA,0.7784858368372332,0.012632945139582076,0.1583083574823747,1.0903350596422003e-05,NA,10,11,11,0.020113887824767994,0.055726366705385666
ENSG00000221923.8,ZNF880,-0.2811901318724812,NA,0.7785645730741292,0.24964083840991919,0.6297878682480358,3.0862814059094886e-28,NA,16,18,18,0.33587522201579645,0.09144268036831353
ENSG00000162733.16,DDR2,0.2808248378349143,NA,0.7788447520645989,0.022498844145789735,0.051437952519060685,0.014569391910301672,NA,34,34,34,0.16536214431813656,0.12303806364183816
ENSG00000138449.10,SLC40A1,0.2802013981547984,NA,0.7793229940472213,0.020500013008216272,0.05037349701427216,0.012936590321122923,NA,25,25,25,0.12391031508110462,0.3709458710987582
ENSG00000115423.18,DNAH6,0.2797831305794385,NA,0.7796438948875427,0.012835446992902655,0.06598284849693319,0.004834106706540447,NA,20,21,21,0.23365134455561698,0.14003826274305778
ENSG00000256422.5,RP11-886D15.1,0.27896862752338447,NA,0.7802689009571551,0.024695536064637678,0.04907554058005671,0.0131871454487549,NA,36,39,39,0.0012466025333473369,0.1002199263463967
ENSG00000159111.12,MRPL10,-0.27743941361763597,NA,0.7814427212477131,0.00526068483205197,0.06194376930746491,0.00853947200201883,NA,17,17,17,0.09658111795826559,0.1648248682334668
ENSG00000151665.12,PIGF,-0.27730956421917924,NA,0.7815424162600147,0.009668680916285215,0.04217999008905781,0.029252783325455486,NA,27,28,28,0.052301990989838995,0.05662318880907921
ENSG00000233927.4,RPS28,0.275292414791074,NA,0.783091591541588,0.020662281499646044,0.18293448719054836,4.4932702503271323e-07,NA,21,26,26,0.0013849761285726775,0.07477162717430895
ENSG00000273073.1,RP11-109E12.1,-0.274805367010854,NA,0.7834657745187905,0.014865075949660016,0.07312442804455192,0.003952837255286106,NA,15,17,17,0.0003336479112805479,0.16641973758755346
ENSG00000167085.11,PHB,0.2734148268769142,NA,0.784534356648644,0.01961057735117157,0.08531039357458478,0.001772491924596963,NA,42,42,42,0.052569437757523645,0.2258917973217512
ENSG00000112592.13,TBP,0.273275296623375,NA,0.7846416032999655,0.016750225805581515,0.0443120178735676,0.02308227287545596,NA,9,11,11,2.402202451962683e-07,0.11637584604759385
ENSG00000178252.17,WDR6,0.2730352130634118,NA,0.7848261474587351,0.01839988258508369,0.15198607211354048,1.7097668378874788e-05,NA,17,17,17,0.20032307363405355,0.21429957270536198
ENSG00000148248.13,SURF4,0.27298034612063204,NA,0.7848683235311302,0.02604070126022485,0.2545801119479871,4.197892047539636e-09,NA,29,34,34,0.0007615895282026146,0.17784893323788206
ENSG00000165269.12,AQP7,0.27282677607458483,NA,0.7849863757735193,0.1512819767674473,0.20240522190671625,1.2233266301505104e-07,NA,40,41,41,9.584427561128603e-05,0.5397813020603909
ENSG00000221995.5,TIAF1,0.26876729113722425,NA,0.7881087653457288,0.010630830911781144,0.2404066948300286,2.7647445251876486e-08,NA,23,24,24,0.3742584092817831,0.013269083229976142
ENSG00000175084.11,DES,0.2683860190735809,NA,0.7884022000465237,0.0075134487176398935,0.08906836265532166,0.0012891127847482187,NA,9,11,11,8.782612459935703e-06,0.14910192206954034
ENSG00000204682.5,CASC10,0.267954556871987,NA,0.7887342983093425,0.005285047634924871,0.04873563947293188,0.022606753209503696,NA,18,21,21,0.015300930643787803,0.13086308191485269
ENSG00000126775.8,ATG14,-0.26760854047970956,NA,0.7890006563215148,0.03052194641320736,0.15386345762891446,9.433000287665263e-06,NA,66,67,67,0.0002929027580568848,0.10331393463759134
ENSG00000139163.15,ETNK1,0.26747903678851603,NA,0.7891003525842784,0.03492062245238821,0.10867722931528527,0.00030202158399358735,NA,70,71,71,0.00010395267929152834,0.14654407338429534
ENSG00000187024.13,PTRH1,-0.26681774965526933,NA,0.7896094872934867,0.0048212442003080815,0.04765728290406945,0.023168037742047363,NA,13,17,17,0.003784504362340743,0.1467796684254183
ENSG00000182093.14,WRB,-0.266741426046415,NA,0.7896682557516235,0.006569521436677985,0.0629820099852207,0.0077471331882638566,NA,26,31,31,0.013912955985531692,0.09604829360559536
ENSG00000165929.12,TC2N,0.2663936479873356,NA,0.7899360567153231,0.05288083048283444,0.20110242502005649,7.794091326281265e-07,NA,34,34,34,0.0020273777439276247,0.08337882919577247
ENSG00000163162.8,RNF149,-0.26578844279017017,NA,0.7904021444929301,0.010246529242917371,0.09041743938141616,0.0008787909941554915,NA,19,19,19,0.18226700182564137,0.08407249187656485
ENSG00000196967.10,ZNF585A,-0.2656317198904599,NA,0.7905228540129862,0.00950146276169988,0.040788163417001255,0.029192516312178236,NA,15,16,16,0.041755381775817696,0.10842041830033126
ENSG00000272047.1,GTF2H5,0.2649946320699764,NA,0.7910135970294787,0.00520701711227859,0.05013870293389058,0.01715415818879025,NA,14,16,16,0.3306508378924675,0.04701839769293895
ENSG00000106689.10,LHX2,0.26480653775510343,NA,0.7911585002388469,0.006988351061743203,0.03776148388507725,0.042907628139674366,NA,14,14,14,0.06046663289396355,0.040081898263277266
ENSG00000015532.9,XYLT2,-0.26418959664883146,NA,0.7916338270478592,0.028518793702761863,0.07644471459123098,0.0038848310106694905,NA,60,62,62,0.002590638776901067,0.19421653911948766
ENSG00000166959.7,MS4A8,0.26381730664080527,NA,0.7919206981153881,0.05111648117969367,0.07930745619174404,0.002442962891003995,NA,50,52,52,0.016962311300788395,0.2367581564016777
ENSG00000139343.10,SNRPF,-0.26241358219878175,NA,0.7930026024080034,0.004999847641570365,0.07299085135532811,0.004511120034737996,NA,2,2,2,0.11797506679714645,0.3728535932050762
ENSG00000157150.4,TIMP4,-0.2622658674262536,NA,0.7931164750652742,0.041982587942448246,0.03954612900189692,0.03657699072260664,NA,53,55,55,4.498868214358577e-06,0.13386871144222234
ENSG00000156253.6,RWDD2B,0.2602759123144117,NA,0.7946509516508483,0.03457752017918843,0.15308782780746633,5.044249954627344e-06,NA,19,19,19,0.14683846462386968,0.06191280191381985
ENSG00000188130.13,MAPK12,0.2599849191312455,NA,0.7948754064998281,0.048553356995124,0.2901002197325038,3.040603466998355e-10,NA,33,35,35,0.06591757266274113,0.147735409041578
ENSG00000226251.5,RP11-15I11.3,-0.2598679939880928,NA,0.7949656003904525,0.09794984630833435,0.29009260212153537,8.705919430836221e-10,NA,25,25,25,0.18446640589740537,0.029575272244772095
ENSG00000121766.15,ZCCHC17,0.259636801712036,NA,0.7951439458974374,0.007770216637320871,0.08525117699388818,0.001614529081094625,NA,24,26,26,0.003983305023074405,0.18364118867174264
ENSG00000272279.1,RP11-157J24.2,-0.25960133396384555,NA,0.7951713072464892,0.24084827526310093,0.4942026587710399,1.2186581556910696e-19,NA,50,56,56,0.043577990411425196,0.4007769363478498
ENSG00000137857.17,DUOX1,-0.25730826598197204,NA,0.796940811902557,0.009294599445727868,0.036252074745569296,0.0442196836002284,NA,27,30,30,0.025771430833200593,0.028422926887336164
ENSG00000162461.7,SLC25A34,0.25722966484525317,NA,0.7970014850457254,0.02502789544443628,0.1233798549223526,0.00013517860663496252,NA,17,18,18,0.3029279888492269,0.12461500848398605
ENSG00000277938.1,RP5-965G21.3,0.2571998215877311,NA,0.7970245217290128,0.023978031822891918,0.10599345295684832,0.0005769398216251582,NA,22,23,23,1.3608245954363127e-09,0.2753101656099756
ENSG00000204241.7,RP11-713P17.3,0.25707726715027523,NA,0.7971191261160837,0.12381238677777505,0.1364170488881819,1.639478553764475e-05,NA,68,78,78,1.1975410986865248e-09,0.4822797236500076
ENSG00000004142.11,POLDIP2,-0.2569928666573091,NA,0.7971842797693496,0.006315597768419918,0.0947922473868906,0.0008711403179901231,NA,18,19,19,0.36952569061700313,0.03062777416100348
ENSG00000155542.11,SETD9,0.25672132447957263,NA,0.7973939085675076,0.06160183368591603,0.3624182241792808,6.840892599776165e-13,NA,46,46,46,0.28116690502354036,0.093006927928848
ENSG00000186230.6,ZNF749,-0.2566131671597432,NA,0.7974774093866306,0.2488756662858309,0.6632921738240661,5.514583760489715e-32,NA,13,13,13,0.3118488118861168,0.4866852248725109
ENSG00000142632.16,ARHGEF19,-0.2554545765065775,NA,0.798372022647928,0.03348133630557377,0.14927823586622074,2.140612916936511e-05,NA,27,27,27,0.31799464985542636,0.08128301078342011
ENSG00000108465.14,CDK5RAP3,-0.2554282034373687,NA,0.7983923898706473,0.007348321632024854,0.05591589885320825,0.012529206429794146,NA,37,38,38,0.1250108456069978,0.09047169644163984
ENSG00000215845.10,TSTD1,0.2548677868046009,NA,0.7988252172037285,0.020265531753785294,0.21008365193024892,1.8389314814156848e-07,NA,22,24,24,0.0031403315861645315,0.13589270820157726
ENSG00000080603.16,SRCAP,0.2546410148776853,NA,0.7990003778494053,0.011516741621425353,0.05804606076194574,0.011764215492402207,NA,30,30,30,0.006663604121122666,0.09816068368944204
ENSG00000101158.13,NELFCD,0.25442633665300246,NA,0.799166206532714,0.030953059921478995,0.06754337998016245,0.006566830043321785,NA,34,37,37,0.12792282073164957,0.11518848513268487
ENSG00000266733.5,TBC1D29,-0.25350653812173235,NA,0.7998768094557326,0.10574378466367196,0.036622113827497235,0.04668287346304116,NA,59,63,63,6.986609633146232e-05,1.0805094274638265
ENSG00000196391.10,ZNF774,0.25345999029607647,NA,0.7999127750244913,0.015465968320825934,0.13620248676352534,2.9812318404481053e-05,NA,11,11,11,0.4833198069168332,0.16593841665660974
ENSG00000239713.8,APOBEC3G,-0.2531640908717591,NA,0.8001414141210634,0.004084656540536794,0.12091530791386748,9.33355377438698e-05,NA,6,7,7,0.8000896749372517,0.10715183914198444
ENSG00000127578.6,WFIKKN1,-0.2524860635809607,NA,0.8006653848954177,0.08227673109905007,0.2958011274745957,2.6172157960948696e-10,NA,14,16,16,0.5151564049022592,0.09671430423957404
ENSG00000087266.15,SH3BP2,0.25191465220276565,NA,0.8011070339297952,0.0031146478539170203,0.08022449440224172,0.0017628061252949218,NA,6,6,6,0.5028094493235429,0.0387849473734608
ENSG00000090316.15,MAEA,-0.2518474206949927,NA,0.80115900195462,0.0024349368910391773,0.04892658571775322,0.01997013709503996,NA,9,9,9,0.09808246048687151,0.01818741701541275
ENSG00000139631.18,CSAD,-0.25064468414452745,NA,0.8020888312348539,0.024026242287956356,0.16135198728300032,6.313601772544342e-06,NA,27,27,27,0.26059534874264856,0.10305079650832616
ENSG00000105497.7,ZNF175,-0.2505071468158143,NA,0.8021951785040414,0.0299085601024502,0.09684851976277953,0.0007928387211593588,NA,51,54,54,0.0018849606276114183,0.10165124994828743
ENSG00000196498.13,NCOR2,0.2504341260224501,NA,0.8022516414793169,0.0001290649806734048,0.08032875404813493,0.0026958314344855947,NA,3,10,10,0.6958918723706842,0.008486399341824491
ENSG00000162782.15,TDRD5,0.2499053139653604,NA,0.8026605736421162,0.023909515742840688,0.17746982259746313,2.906230359336957e-06,NA,5,6,6,0.08720440282581325,0.18181158357697685
ENSG00000113273.15,ARSB,0.2495802433300107,NA,0.8029119786997266,0.019180743476872063,0.09064043962408874,0.00123691856845662,NA,21,21,21,0.10871962946454093,0.17331622811980973
ENSG00000100583.4,SAMD15,0.24933182652978567,NA,0.8031041145105072,0.009592390230324356,0.038893060629715585,0.031457346048692006,NA,27,29,29,0.027956619722805904,0.04403946525648264
ENSG00000128791.11,TWSG1,0.24805771965464313,NA,0.8040897481871507,0.006525766129327968,0.09846764805508228,0.0009654491319018297,NA,33,35,35,0.14002280756368812,0.028783115190245838
ENSG00000103932.11,RPAP1,0.24634996387841518,NA,0.805411335812767,0.04259237715524243,0.1930638379854472,5.600840353250607e-07,NA,29,30,30,2.1735763236344726e-06,0.15162200214422347
ENSG00000180834.7,MAP6D1,-0.2462617728901599,NA,0.8054795996488812,0.010217651367531902,0.039741502767685,0.03555449302709169,NA,67,71,71,0.24604877115734358,0.0584251178315882
ENSG00000125485.17,DDX31,-0.2461614249997049,NA,0.8055572752834188,0.0269304148360326,0.040151836284850605,0.03423529602486307,NA,22,22,22,0.004109971636736475,0.12713404616571095
ENSG00000177125.5,ZBTB34,0.24612831188387937,NA,0.805582907357257,0.013059865338994146,0.13377493927089054,8.820112435723141e-05,NA,23,26,26,0.0006778890109313164,0.24079340835431795
ENSG00000136824.18,SMC2,0.24515428418171792,NA,0.8063369723272859,0.06868560559836635,0.35603864608644353,1.1262758790701476e-13,NA,65,66,66,0.7295971278596677,0.02929353476420405
ENSG00000250060.1,RP11-332J15.2,0.24446327417127495,NA,0.8068720421617182,0.08436070084735903,0.2365141187111741,1.3612362276375875e-08,NA,18,20,20,0.00017355024927812252,0.10176468281221536
ENSG00000124299.13,PEPD,-0.24437631983583852,NA,0.806939379927115,0.023226813522536627,0.23035982380442624,9.998603438205832e-08,NA,8,9,9,0.0004303903461091097,0.11006953782676028
ENSG00000108823.15,SGCA,0.2439644605348714,NA,0.8072583447550676,0.037384427116048564,0.07730005669715632,0.003040652069653988,NA,27,28,28,0.06135601308216833,0.645773026125107
ENSG00000067533.5,RRP15,-0.24364576926911638,NA,0.8075051775074806,0.060919349419453685,0.2848886881932558,6.708484569479316e-11,NA,34,34,34,0.3261106870497309,0.1738545937289094
ENSG00000255135.3,RP11-111M22.3,0.2431833850885343,NA,0.8078633373649614,0.05209063589944404,0.13598528467552282,3.4892956895815085e-05,NA,71,76,76,0.007952577732782717,0.23029227439483024
ENSG00000251293.1,CTC-552D5.1,-0.2429939597496634,NA,0.8080100766662011,0.006737660723478856,0.12597441198273054,9.232775070217809e-05,NA,5,6,6,0.20501152353824925,0.0997381318068451
ENSG00000155393.12,HEATR3,-0.2413180234236983,NA,0.8093086429337302,0.09971380985620827,0.17975849732391316,1.6910243447979918e-06,NA,59,64,64,0.0014855215072001147,0.16592362072211236
ENSG00000166478.9,ZNF143,0.24114147920053822,NA,0.8094454653906942,0.007219656875831451,0.08810773755106549,0.0008570813156832894,NA,7,7,7,0.4539731369445241,0.0609869854170301
ENSG00000114125.13,RNF7,-0.24102596334171056,NA,0.8095349937816987,0.0037038683912812764,0.09813282320693706,0.0009332373424320607,NA,9,9,9,0.03279824544986999,0.08203840552246777
ENSG00000185149.5,NPY2R,0.24074644086084446,NA,0.8097516427280713,0.09007404678433208,0.32470814246531365,1.889841737223989e-11,NA,10,13,13,0.02876539922878761,0.6943940539980443
ENSG00000136143.14,SUCLA2,-0.2399848139919765,NA,0.8103420293239162,0.003798530458302858,0.062462842320531786,0.006379681781641628,NA,7,7,7,0.05105917589174161,0.04050103011382542
ENSG00000144182.16,LIPT1,0.23975729880258806,NA,0.8105184121156314,0.032990770468053016,0.13362903154634684,8.56907630239088e-05,NA,24,24,24,0.7226378031275829,0.0507813873546162
ENSG00000183891.5,TTC32,-0.23973173959085092,NA,0.8105382276802237,0.09002397224666073,0.4191985213937666,1.934943398701157e-15,NA,49,53,53,0.0019427740864019925,0.1117018880089973
ENSG00000115350.11,POLE4,-0.2396261535675803,NA,0.810620087777167,0.011975965918904336,0.05387348170696892,0.010849860962263395,NA,44,48,48,0.0011121486315133406,0.08044088858442935
ENSG00000189339.11,SLC35E2B,-0.23948133360228954,NA,0.8107323690402448,0.01421361674378161,0.03918347191317295,0.03633815823760465,NA,14,16,16,0.09468520946075858,0.259596341182526
ENSG00000226180.3,RP11-278A23.1,-0.23824924698263267,NA,0.8116877830112458,0.09756531055347853,0.10674527083821292,0.0004948047294635832,NA,75,86,86,1.5261185985230663e-05,0.19939324024208
ENSG00000166153.16,DEPDC4,0.23793141344455918,NA,0.8119342906350611,0.07546987126448726,0.12872023561690735,0.00011910220117165987,NA,40,42,42,0.005783047621669286,0.33066074233729736
ENSG00000124588.19,NQO2,-0.23762348817068493,NA,0.812173131315789,0.08801412918594109,0.16453164878434987,5.741262140367896e-06,NA,73,82,82,2.5561303524108373e-07,0.2045931819941708
ENSG00000183134.4,PTGDR2,0.23761039972305295,NA,0.8121832836913377,2.9893199944608703e-07,0.05600652440464697,0.01277973848423168,NA,1,2,2,0.8121832836913377,0.0017090275238832294
ENSG00000263063.1,RP11-388C12.1,0.2375665701061827,NA,0.8122172814389703,0.03133783229984515,0.0447466035266493,0.02754448061483656,NA,14,14,14,0.08030355681254532,0.07373289664443723
ENSG00000188372.14,ZP3,-0.23736860184135905,NA,0.8123708458289554,0.0974567962770161,0.4615335233622056,3.629031792090266e-17,NA,12,15,15,1.6195113346515316e-05,0.1880861142076576
ENSG00000151632.17,AKR1C2,0.23718706848024962,NA,0.8125116679730997,0.10320625505124939,0.2527558631328966,1.1581501631497942e-08,NA,46,52,52,0.036683586575932084,0.13587417828881884
ENSG00000176472.10,ZNF575,-0.23694524876858986,NA,0.8126992658873878,0.007463370012393491,0.04478281309620562,0.02633325475165732,NA,11,11,11,0.057940733560850416,0.0576916665088763
ENSG00000179133.12,C10orf67,0.23627115443922708,NA,0.813222268764182,0.020328858211347237,0.05763461709295281,0.011343687375545756,NA,28,29,29,0.06564494187869091,0.067155723405379
ENSG00000226308.1,RP4-813D12.3,-0.23567111520258813,NA,0.8136878853379809,0.01388851305135522,0.07430327573737093,0.003476954819864205,NA,30,31,31,0.0010692993808673228,0.1501764274262167
ENSG00000128218.7,VPREB3,0.23550745977782386,NA,0.8138148895992358,0.16808575735342887,0.1844447741923949,1.5755259653541373e-06,NA,53,62,62,0.13841682014795684,0.19041576913489874
ENSG00000176532.3,PRR15,-0.23549456644923905,NA,0.8138248956330993,0.0005527658103983607,0.06523353026155079,0.006843413480086105,NA,3,4,4,0.5018871626554493,0.03893134761115586
ENSG00000197943.9,PLCG2,-0.23540077086767078,NA,0.8138976878176785,0.004272782498676556,0.10040777981277522,0.0006943290853002125,NA,13,17,17,0.07944001473872599,0.04944136758386709
ENSG00000273492.5,AP000230.1,0.23496824854825374,NA,0.8142333773405883,0.20254794880106253,0.4295867879587133,3.497227641280638e-16,NA,70,72,72,0.0018624801024916436,0.1945933056030716
ENSG00000013725.14,CD6,0.23471258942921774,NA,0.8144318157207383,0.03628384070214413,0.1519513768373055,2.17572609017474e-05,NA,10,11,11,0.10237423156093377,0.2495755579784303
ENSG00000107521.18,HPS1,-0.23411287689454552,NA,0.8148973493791267,0.019461177915433524,0.03515870242591373,0.04917145923156449,NA,20,20,20,0.08137543107245374,0.13455727495466555
ENSG00000189306.10,RRP7A,-0.23398876690896633,NA,0.8149936993320328,0.0688349803563843,0.11794070521262827,0.0001681229559287117,NA,39,52,52,7.692369915730801e-08,0.4637679991275068
ENSG00000180481.10,GLIPR1L2,-0.23297973087320314,NA,0.8157771451409817,0.23452399203805724,0.6311761001363421,2.008212611049916e-29,NA,50,50,50,0.0792588395897567,0.02083122918348493
ENSG00000127364.3,TAS2R4,-0.23232488282819605,NA,0.8162856873906404,0.06960826892640007,0.4109262896582989,3.724252671750283e-15,NA,42,44,44,0.7281898436201188,0.04343504054862085
ENSG00000146085.7,MUT,-0.23203096947248653,NA,0.8165139599531751,0.012837760576639587,0.06560264709613853,0.007334394911014145,NA,73,74,74,0.0357946515462374,0.034480978749497425
ENSG00000230062.5,ANKRD66,0.2319866693040162,NA,0.8165483677462338,0.004406493181494187,0.07488375498088716,0.0036405242049623618,NA,4,4,4,0.19137513903693937,0.10320060024600664
ENSG00000272732.1,RP5-1159O4.2,0.23187349094281018,NA,0.8166362746073778,0.10420148640672504,0.04509905205744382,0.02455461808266109,NA,134,151,151,0.006279695103736073,0.18477341783169504
ENSG00000228067.1,LINC01740,-0.2311256385643541,NA,0.8172171975995955,0.02011860934226504,0.12785360554280445,0.00011631088516477517,NA,4,5,5,0.5797340142552065,0.09540863611913583
ENSG00000148481.13,MINDY3,-0.23103910710096162,NA,0.8172844207173106,0.009319141762999786,0.03688443193323087,0.04668622038288405,NA,21,22,22,0.03337380757906066,0.14583924922442235
ENSG00000167701.13,GPT,-0.23035874043563215,NA,0.8178130193941084,0.001442400431589999,0.04470241419275853,0.02474622940482691,NA,2,2,2,0.32371888536332005,0.05362109480412856
ENSG00000180902.17,D2HGDH,-0.2296640565855437,NA,0.8183528270356338,0.04135358686370193,0.2819904649082361,7.263164618725554e-11,NA,8,11,11,0.19784761237367277,0.1518510785866187
ENSG00000181264.8,TMEM136,-0.22901510746287382,NA,0.8188571740889771,0.0287280688452653,0.08974908167919718,0.001568474514454534,NA,24,27,27,0.23738135841507424,0.2627606561517093
ENSG00000122512.14,PMS2,0.2288429983190754,NA,0.8189909456026981,0.014963295310359403,0.16866096171469608,2.9746705288880513e-06,NA,6,6,6,0.5483537714060034,0.2521537732098241
ENSG00000123411.14,IKZF4,-0.22839639046998145,NA,0.8193380952931864,0.008591943437705057,0.04751235022719185,0.018170454384788457,NA,10,10,10,0.24618115159392306,0.0320534726423653
ENSG00000117601.13,SERPINC1,0.2280262551686662,NA,0.8196258294697986,0.012694022154356159,0.038891080829735525,0.039986106862217013,NA,35,36,36,0.09003697334353936,0.029495498846335167
ENSG00000113212.6,PCDHB7,0.2276128521063522,NA,0.8199472276595633,0.0334598982102707,0.16731752880589848,4.7874064699149774e-06,NA,21,23,23,0.010662527194860317,0.13592293109082332
ENSG00000022556.15,NLRP2,0.22688453587970153,NA,0.8205135270932431,0.0008741789239345467,0.23408239891291466,7.743523059712177e-08,NA,4,25,25,0.09428591062072349,0.039579568720564735
ENSG00000109323.8,MANBA,-0.22664956331185127,NA,0.8206962490750519,0.030491825928300506,0.048879842019434135,0.01656380069802103,NA,34,35,35,0.1323676040779756,0.2380160395359854
ENSG00000118997.13,DNAH7,-0.2266120583765315,NA,0.8207254149808645,0.03116643910409725,0.14438792864069105,4.2593610707284944e-05,NA,89,89,89,0.0037669984978400736,0.08653166503360378
ENSG00000272797.1,RP11-368I23.3,-0.22591187324906495,NA,0.8212699630159969,0.013752500837852014,0.056125737269971145,0.011914670686339831,NA,50,53,53,0.2631411232116252,0.21072081039366566
ENSG00000198892.6,SHISA4,-0.22575285013071222,NA,0.8213936505018093,0.026113386949767215,0.07387075691380435,0.004009958370646853,NA,54,57,57,1.6899057411444886e-16,0.09435331532743338
ENSG00000169914.5,OTUD3,-0.22468906063638835,NA,0.8222211753790006,0.014187489037120075,0.1792760187990752,2.1518488276063562e-06,NA,19,20,20,0.3166138801967401,0.1303922180111007
ENSG00000101365.20,IDH3B,-0.22459665661095457,NA,0.822293066084249,0.002309768259397547,0.0746254328413994,0.0026636791043932145,NA,9,9,9,0.1873083967421707,0.030248058545358093
ENSG00000258586.1,RP5-1021I20.2,-0.22413004803228187,NA,0.822656112221743,0.09695365530623568,0.2619854095250037,2.6342217787267396e-10,NA,37,41,41,0.01356174340925226,0.4064759417253879
ENSG00000131966.13,ACTR10,-0.22340717923839318,NA,0.8232186172997316,0.0011368974328202887,0.048350847419555684,0.02047254891717269,NA,4,5,5,0.11738713865040026,0.030749493989463694
ENSG00000165891.15,E2F7,0.22267702253224383,NA,0.8237868857404214,0.007554930923172694,0.09302596483195907,0.0010352588315348898,NA,6,6,6,0.8025824395810935,0.03335966883625315
ENSG00000011426.10,ANLN,0.22257539640734292,NA,0.8238659869423188,0.0161244730008072,0.053723870390496496,0.014010653463386502,NA,84,85,85,0.00020573523889943525,0.1800715373679091
ENSG00000214872.8,SMTNL1,-0.22234129443426137,NA,0.8240482081890738,0.07049339449007475,0.19998942927273766,8.643159574311041e-08,NA,16,17,17,0.038504089078834514,0.17052002345465034
ENSG00000119431.9,HDHD3,-0.22203081363736077,NA,0.8242898961257057,0.008430609059326667,0.14467498150342206,3.869307401979798e-05,NA,5,5,5,0.15499523102211094,0.16759040158043334
ENSG00000177239.14,MAN1B1,0.2219312157256507,NA,0.8243674297775242,0.006816029273191254,0.060912611606144036,0.0056127705439373106,NA,5,5,5,0.7585090658932326,0.08386080942754988
ENSG00000235049.1,LINC00940,-0.2216280109417381,NA,0.8246034751344653,0.05333472186717901,0.08707368940304956,0.0017142001765950595,NA,60,72,72,0.006780726854149345,0.2278378025170772
ENSG00000257086.1,RP11-783K16.13,0.22161824094659158,NA,0.8246110813535376,0.07468072378644397,0.06426186595812823,0.004220753589876815,NA,29,31,31,7.874231339592225e-08,0.2824881396628097
ENSG00000257335.8,MGAM,0.22159784509960803,NA,0.8246269601535319,0.030888769836732985,0.19202155675366675,1.6852123258274357e-06,NA,16,16,16,0.7915508355851169,0.0451581718970745
ENSG00000124587.13,PEX6,-0.21980603291821255,NA,0.8260222209472834,0.11844390493522818,0.4919896157453855,9.992536389005967e-20,NA,28,28,28,0.027713298393160828,0.07989203600549137
ENSG00000225056.1,RP11-218C14.5,0.21977822203585387,NA,0.8260438812616144,0.07183274940903223,0.18578341659937367,1.397537186248168e-06,NA,43,44,44,3.734349608897335e-07,0.2438077380879164
ENSG00000183250.11,LINC01547,0.21938009929639563,NA,0.826353970922868,0.020024046784034813,0.18659955954220175,9.672169424970718e-07,NA,17,21,21,0.08984696984864031,0.119846381549724
ENSG00000236354.1,LINC00437,0.2193148816052347,NA,0.8264047702320318,0.024887111605737693,0.17651096990319792,4.2043524999793705e-06,NA,3,3,3,0.7350100548609937,0.11170465959169093
ENSG00000108469.14,RECQL5,0.21928304771141516,NA,0.8264295665257444,0.008643547065010042,0.05728524783640285,0.012417661107020413,NA,17,18,18,0.31121938765278734,0.06241527707145154
ENSG00000197134.11,ZNF257,0.21914997328323998,NA,0.8265332237245461,0.0388236086922375,0.04228910146833935,0.031807076840993355,NA,39,40,40,0.14052011735820316,0.0611981446522641
ENSG00000149231.11,CCDC82,0.2189338163364423,NA,0.8267016037900679,0.05758534868528079,0.4095750484071842,1.383796351753304e-15,NA,20,21,21,0.25323746275760783,0.15457619291095592
ENSG00000155097.11,ATP6V1C1,-0.21881503436726363,NA,0.8267941349322946,0.0007592237297123526,0.05572876803408725,0.012779768373656688,NA,25,25,25,0.37921421141888745,0.08606790459786125
ENSG00000179889.18,PDXDC1,-0.2186819772565141,NA,0.8268977892642876,0.009023812047593172,0.13907700123192865,3.764831079210088e-05,NA,10,10,10,0.23049739995988816,0.10732905695975643
ENSG00000084207.15,GSTP1,-0.2182685332401678,NA,0.8272198902245415,0.004871498213804108,0.04612826852072977,0.022681419171380432,NA,38,41,41,0.06425422349268547,0.10289985283211574
ENSG00000178852.15,EFCAB13,0.21801394005953265,NA,0.8274182500628268,0.008312829173074715,0.054650235163021234,0.013116211565535696,NA,4,6,6,0.03693722353326353,0.0702790083354632
ENSG00000283071.1,RP11-736N17.11,0.2179281361069095,NA,0.8274851045238825,0.0744341218864189,0.3284126686978594,5.717287165829468e-12,NA,11,11,11,0.0009631702115948678,0.11586752383509975
ENSG00000205959.3,RP11-689P11.2,-0.21791385250372627,NA,0.827496233766523,0.06618227908917944,0.2734134417910123,2.585244024764658e-09,NA,71,78,78,0.0002454745067095892,0.0904228643360247
ENSG00000135778.11,NTPCR,-0.21787850376475273,NA,0.8275237763141153,0.07606673448249039,0.4032418542649464,9.969521814614338e-15,NA,7,7,7,0.018420958499679597,0.16947740978965922
ENSG00000206077.10,ZDHHC11B,0.21783298330348444,NA,0.8275592446378097,0.029502004575034862,0.09234257469438437,0.0012616206923653926,NA,30,36,36,0.004146586108899731,0.12702400975541364
ENSG00000157978.11,LDLRAP1,0.2173193003317371,NA,0.8279595170063823,0.015749486192189625,0.20393727864039712,1.1502662374975793e-07,NA,8,8,8,0.6764850452207827,0.06069973197358655
ENSG00000167553.15,TUBA1C,0.21718980449214922,NA,0.8280604298924323,0.030572179698226967,0.18632878877942585,1.7425551143158627e-06,NA,44,45,45,0.0056501075142004085,0.08508089222537069
ENSG00000161381.13,PLXDC1,-0.2171648184112371,NA,0.8280799012503554,0.00668785862060808,0.07570017720041419,0.0021983886390347113,NA,38,44,44,0.03727418375637862,0.204547358064482
ENSG00000228065.10,LINC01515,0.216755786421344,NA,0.8283986700653554,0.0381525795376019,0.11878571808724955,0.00025005704098946755,NA,71,74,74,0.03500952309449757,0.08677546051198781
ENSG00000183807.7,FAM162B,0.21659700902263126,NA,0.8285224168636672,0.020050180276787326,0.04134885642920066,0.03407696973389653,NA,42,43,43,0.0007879144991487209,0.18418413297111647
ENSG00000254670.1,CTC-497E21.3,-0.2165047061500194,NA,0.8285943571755543,0.10533475194604713,0.15464547753982347,1.6785295324142473e-05,NA,109,113,113,2.6464836436613473e-05,0.17397999988763388
ENSG00000203877.8,RIPPLY2,0.21554483981027833,NA,0.8293425564145643,0.0008433418114732691,0.034175785981087205,0.04582513763901299,NA,2,2,2,0.798750195382578,0.05006264873342995
ENSG00000144120.12,TMEM177,-0.21445638772221562,NA,0.8301911733008305,0.040138532635458316,0.0928288610496684,0.0010939133327446792,NA,61,65,65,0.00012513719999783046,0.11673420989870227
ENSG00000108107.14,RPL28,0.2139915574034848,NA,0.8305536409101107,0.02981369669924093,0.058618186860212876,0.009739800829605605,NA,39,51,51,0.0056772099686316175,0.20672172856114046
ENSG00000168374.10,ARF4,0.21376676082120816,NA,0.8307289468038968,0.016742956268733098,0.1886217107140451,5.446631225973078e-07,NA,52,57,57,0.0005606181412735144,0.05580434843538482
ENSG00000236383.8,LINC00854,-0.2136723682275972,NA,0.8308025606572871,0.01485679928273292,0.08345156127603329,0.00196356353911562,NA,30,33,33,0.25817089474911015,0.0874823932898141
ENSG00000243795.1,LINC02044,0.213105882049223,NA,0.8312443768125001,0.03733724936862682,0.13882847729220246,5.039569830691114e-05,NA,14,15,15,0.15237279323456396,0.06261561344828845
ENSG00000088888.17,MAVS,0.2130079198399574,NA,0.8313207853020693,0.0338846208317361,0.1411791679553707,2.9953020515219707e-05,NA,47,49,49,0.0003278007730350921,0.07689529493091787
ENSG00000231133.6,HAR1B,-0.21263884432363522,NA,0.8316086708563928,0.05189647372582422,0.07380686793579402,0.003694572679805862,NA,29,34,34,0.055836794870237405,0.175961530012314
ENSG00000117335.19,CD46,-0.21242188057118971,NA,0.8317779170409274,0.018680457482421486,0.16962843129562807,8.43449123255805e-06,NA,51,55,55,0.0024566708538221924,0.10991115798936392
ENSG00000146453.12,PNLDC1,-0.21188098079201437,NA,0.8321998888596662,0.10182315710311224,0.4051347212886269,1.0711753008027406e-15,NA,13,16,16,0.3532223822686993,0.08220490889492177
ENSG00000158234.12,FAIM,0.2118426729668219,NA,0.8322297757555296,0.003562255679128963,0.044377084335823234,0.025824397153743173,NA,11,13,13,0.17136080425268863,0.095951835779381
ENSG00000162971.10,TYW5,0.21166876563115444,NA,0.83236545736138,0.006983075522874124,0.10286228891789212,0.0006363785102978662,NA,11,11,11,0.6788809350329328,0.01864411238615699
ENSG00000159267.14,HLCS,0.2111644160678661,NA,0.8327589765203934,0.02942961842438624,0.13929270154783244,3.9857027854300045e-05,NA,27,30,30,0.13719805548697636,0.11695078028000384
ENSG00000160200.17,CBS,-0.2109980146267432,NA,0.8328888205808465,0.08163271313762298,0.17944264258215775,3.4051378873619564e-06,NA,47,55,55,0.005035826980035465,0.17015551936092516
ENSG00000228793.1,RP1-223B1.1,0.21096562280472028,NA,0.8329140966475429,0.06472926474983981,0.26178613603487205,5.321434634047818e-10,NA,19,19,19,0.0028207553522010135,0.17335056441125524
ENSG00000166750.9,SLFN5,-0.21070298786278918,NA,0.8331190429707629,0.030946869498355522,0.13389530647604445,7.232848048302141e-05,NA,14,18,18,0.004380764342687726,0.0834825548214653
ENSG00000164690.7,SHH,0.20926757203744203,NA,0.8342393650754029,0.08113797300804566,0.07077413943233432,0.004238729721019468,NA,61,63,63,0.013081822800586432,0.2167032355936837
ENSG00000138316.10,ADAMTS14,-0.20883657125147798,NA,0.8345758210035945,0.021381797801349384,0.2700798291503037,2.3333581031384106e-09,NA,19,19,19,0.07784374609564686,0.0935651765107232
ENSG00000016864.18,GLT8D1,0.20852927848389227,NA,0.8348157241524673,0.029454171985697435,0.0413953532181561,0.030596556401204306,NA,38,39,39,0.00024510802106590505,0.16131058503685153
ENSG00000236485.1,LINC01945,0.20835992931793562,NA,0.8349479414449127,0.02139364680457686,0.22618943378436654,5.4831976926448774e-08,NA,25,29,29,0.06250450471470945,0.2273083978661978
ENSG00000138029.13,HADHB,-0.20823887653033207,NA,0.8350424547895658,0.012409494016881434,0.0473609181025724,0.0205835998310444,NA,48,50,50,0.0034414789514355397,0.08509033014556207
ENSG00000275383.1,RP11-615I2.6,0.20792813413323116,NA,0.8352850813649896,0.04645460660763144,0.048219335916399216,0.018744503625955245,NA,56,57,57,0.03446450594632305,0.19555085133414202
ENSG00000171103.10,TRMT61B,-0.2077852158833377,NA,0.835396676698605,0.07164731890563716,0.291302497360705,4.30209641323552e-10,NA,27,28,28,0.16287698639226522,0.08241152249130311
ENSG00000073417.14,PDE8A,-0.2070646336413332,NA,0.8359593817658366,0.0018240532061499569,0.03976729387577749,0.03808478255392927,NA,10,10,10,0.0004886673728684815,0.03407475168229217
ENSG00000135773.12,CAPN9,0.2067803905490118,NA,0.8361813712499835,0.05358404229157278,0.32088375410200765,2.3532408373327334e-11,NA,9,9,9,0.5016853255089513,0.11832069861828415
ENSG00000205853.10,RFPL3S,0.20589302265599763,NA,0.8368744758009632,0.04573283693008888,0.1954562449262347,7.952929941464856e-07,NA,18,19,19,0.1551095862081254,0.15524942627220698
ENSG00000169618.6,PROKR1,-0.2057991950420677,NA,0.8369477700055161,0.02518581569522372,0.04203310149358775,0.030086801487635612,NA,25,28,28,0.1721926571561032,0.17337709201445725
ENSG00000133392.17,MYH11,-0.20548257160492345,NA,0.8371951134240061,0.011962115368145445,0.040411753466251935,0.0335729320132385,NA,13,15,15,0.7191175463108982,0.12704040680651696
ENSG00000100348.9,TXN2,0.20537662754369002,NA,0.8372778795786362,0.0109050693872898,0.15564385827023947,1.1321197938452984e-05,NA,32,37,37,0.4404011628629798,0.09884722512511987
ENSG00000118961.14,LDAH,-0.20486580083647007,NA,0.8376769754585501,0.17189882748066365,0.4681803932358828,5.066487943201231e-18,NA,30,30,30,0.059562725636890426,0.1879193919891016
ENSG00000260409.1,RP11-403B2.7,0.20432141685188296,NA,0.8381023347549273,0.006129650682080924,0.05875274151142713,0.010455995734787244,NA,2,8,8,0.6813297741503419,0.0681800588017819
ENSG00000138115.13,CYP2C8,0.20401383990191732,NA,0.8383426836826636,0.025507219538833358,0.0989428080474002,0.0007973953838665157,NA,34,35,35,0.036145035077395055,0.02712350501027405
ENSG00000246640.1,RP11-1094H24.4,0.2034813943397314,NA,0.8387587866519738,0.019527428867300287,0.05527518695055916,0.013893067770500013,NA,24,27,27,0.3680043704667,0.0949146056805946
ENSG00000164303.10,ENPP6,-0.20322991898598006,NA,0.8389553287938925,0.009985894083966027,0.0413952091435972,0.03012669666596638,NA,7,8,8,0.34850384476865914,0.06514783854331563
ENSG00000259915.2,RP11-410E4.1,0.2020314191411471,NA,0.8398921616837035,0.06491926277010429,0.23451246633675746,7.247177276630096e-08,NA,69,70,70,0.5452055586181217,0.05559468897115125
ENSG00000188611.14,ASAH2,-0.20199363077418198,NA,0.8399217034603839,0.21138021374497235,0.5745007939891231,5.4433047668813055e-25,NA,66,70,70,0.0001208551877570048,0.09817579891543098
ENSG00000174791.10,RIN1,0.20192327169459653,NA,0.8399767086136958,0.002275963758264993,0.04083546997430208,0.02993360930930105,NA,4,4,4,0.5916243771098428,0.01896379373686489
ENSG00000251532.1,CTD-2245E15.3,-0.20176368456404292,NA,0.8401014731557788,0.029142690320728883,0.056779530356434314,0.012584667506022723,NA,34,35,35,0.2284508766682536,0.2748604386424716
ENSG00000104472.9,CHRAC1,-0.20149332840574954,NA,0.8403128456202316,0.0032780658861601346,0.06604607295090781,0.006146600258477636,NA,3,4,4,2.9607236775338248e-05,0.10916948865642864
ENSG00000003249.13,DBNDD1,0.20114188959689738,NA,0.8405876281167296,0.003110341837550421,0.044177972128132605,0.026268431766775104,NA,7,7,7,0.10450515292433984,0.17217369766977475
ENSG00000164880.15,INTS1,0.2000674735671157,NA,0.8414278113869769,0.022302434557325886,0.2912361999780457,2.3850458257225396e-10,NA,20,22,22,0.0012023149728195325,0.08330717615962632
ENSG00000137806.8,NDUFAF1,-0.19966417340245252,NA,0.8417432350122017,0.01734644991513981,0.0829110714938857,0.0013896722942777578,NA,14,14,14,0.1516918702670564,0.037906945909164526
ENSG00000171045.14,TSNARE1,0.19830198810272684,NA,0.8428087962967624,0.012360167456529915,0.04275413380863232,0.0290456624874144,NA,35,40,40,0.1244178484440679,0.07119889668227075
ENSG00000148290.9,SURF1,-0.1982883130820999,NA,0.8428194949623329,0.0632539188378648,0.3053753576387811,1.1552753183603888e-10,NA,53,57,57,0.1036041996017471,0.11541210421599506
ENSG00000255274.9,TMPRSS4-AS1,0.1982650372380808,NA,0.8428377049080498,0.015440637764742445,0.08501120314783972,0.0015145867113211607,NA,4,4,4,0.666302783010358,0.11330232006923913
ENSG00000198515.13,CNGA1,0.1976244296049503,NA,0.8433389196945998,0.11381615569907573,0.3993484333534261,6.776400391777894e-15,NA,47,47,47,0.0021246468739170602,0.2267768422524945
ENSG00000189159.15,HN1,0.19752525345306396,NA,0.8434165213158193,0.0019300689224291002,0.05686773545813749,0.011410949141405157,NA,10,10,10,0.044907753634959156,0.0710673634218829
ENSG00000117153.15,KLHL12,-0.19661522809167453,NA,0.8441286529281237,0.00694193236750423,0.05684012932896549,0.011463860147721655,NA,8,8,8,0.4919965454467996,0.08683757582948984
ENSG00000143512.12,HHIPL2,-0.1958205275375946,NA,0.8447506424684684,0.042047962733896674,0.13145358711711985,7.631276553434533e-05,NA,18,18,18,0.0215787242813141,0.08652546278218427
ENSG00000234465.10,PINLYP,0.1955665152745762,NA,0.8449494710815928,0.008414814134299954,0.08213480269567343,0.001384992968952124,NA,13,14,14,0.10254658885711616,0.13179588318398655
ENSG00000075399.13,VPS9D1,0.1953031433905313,NA,0.845155636386809,0.02197043976922363,0.11789958569463987,9.837821419636762e-05,NA,28,30,30,1.3701554318910044e-06,0.09075433182291996
ENSG00000072609.17,CHFR,0.1950316893984479,NA,0.8453681393963794,0.015655975234146233,0.035160922910413984,0.03654393805498258,NA,20,24,24,0.05207655726395475,0.12397206934606253
ENSG00000253686.1,LINC01484,-0.19462819594011135,NA,0.8456840279783862,0.00042642687512568854,0.10605447568835996,0.00038528103747297054,NA,16,17,17,0.04332945594895644,0.004653441807183092
ENSG00000143194.12,MAEL,0.1939958136704243,NA,0.8461791598439203,0.049549271959642524,0.21468495775908286,1.0695228194833305e-07,NA,18,18,18,0.5840416879650846,0.09803429499522484
ENSG00000204653.9,ASPDH,0.19398128386607164,NA,0.8461905368565226,0.014296686482501339,0.08991126097778834,0.0014399453756617868,NA,36,38,38,0.004888669427264496,0.053347081150376535
ENSG00000116199.11,FAM20B,-0.1938209216968306,NA,0.8463161045046808,0.005087041830580003,0.07825424509398868,0.0031285262352803173,NA,26,27,27,0.031639962415358304,0.02237260446590773
ENSG00000070785.16,EIF2B3,0.19350854840943246,NA,0.8465607119191104,0.0023418134871999027,0.06121174637704122,0.009016938699364721,NA,15,15,15,0.166528635724278,0.029016984887186806
ENSG00000124641.15,MED20,-0.19301186395520814,NA,0.8469496767020838,0.026473285182107658,0.040794201937459834,0.03283013595299778,NA,31,34,34,0.054598416824672834,0.15412512989528468
ENSG00000132294.14,EFR3A,0.19277068926819355,NA,0.8471385594868096,0.016192125748805183,0.07109089991860286,0.004224633482302443,NA,36,40,40,0.037380028525521816,0.1599225230691839
ENSG00000120647.9,CCDC77,-0.19267755115550872,NA,0.8472115055879497,0.03264258986082303,0.1458918303606377,3.577103370586174e-05,NA,13,13,13,0.39090665977452976,0.1254421361120765
ENSG00000123545.5,NDUFAF4,0.19150121878918233,NA,0.8481329257542715,0.001142979524167427,0.10859418262158113,0.0003204496530583121,NA,16,16,16,0.7850252202390008,0.005162739299895559
ENSG00000088881.20,EBF4,0.19094579897121922,NA,0.8485680578600192,0.020944946483835568,0.11589691429881507,0.00031463299081958986,NA,33,35,35,0.001172797787945193,0.08333536462474526
ENSG00000197417.7,SHPK,-0.19021182541182002,NA,0.849143144949471,0.1031377104189222,0.4072878822947591,3.4733719397225086e-15,NA,27,29,29,0.00030521972202686675,0.44055347748569695
ENSG00000141127.14,PRPSAP2,0.1887069674136217,NA,0.8503224904987121,0.006479165243749347,0.07273938580669262,0.003843742801906797,NA,18,19,19,0.6719352801541227,0.03866099051049805
ENSG00000156381.8,ANKRD9,0.18854919953605093,NA,0.8504461514049931,0.006767343028103123,0.07053028956580325,0.004471928149163778,NA,12,12,12,0.1054343969133854,0.03209878312390445
ENSG00000101181.17,MTG2,-0.18786543439423206,NA,0.8509821395965937,0.1016939925995793,0.18762788043121906,1.9543335431118425e-06,NA,89,97,97,0.0001312450430159693,0.22595043297911616
ENSG00000146830.9,GIGYF1,0.18740615216440265,NA,0.8513421993301812,0.008886175787555503,0.15535900112604695,1.5427242724186694e-05,NA,14,15,15,0.10045243093580573,0.0627878259994884
ENSG00000234104.1,RP5-1177M21.1,0.18638600458613833,NA,0.8521420668500868,0.030946216462640827,0.11162148008904836,0.000305247459741805,NA,15,16,16,6.372191571336327e-05,0.1576282610388456
ENSG00000187049.9,TMEM216,0.18618646868206215,NA,0.8522985348561873,0.006972922474719385,0.06311929937257736,0.004661760895025311,NA,7,8,8,0.569217279988786,0.0675327309228241
ENSG00000127586.16,CHTF18,0.1861271818386896,NA,0.8523450263274122,0.031231938251757324,0.03858550089341218,0.041222649664991284,NA,41,50,50,0.0009425108852880803,0.31608978737273913
ENSG00000013306.15,SLC25A39,-0.18596351359432994,NA,0.852473374117502,0.007612352162968461,0.1435107585761496,2.8557524593330226e-05,NA,16,17,17,0.3687272798823422,0.06922955533434698
ENSG00000037474.14,NSUN2,-0.18565543891166678,NA,0.8527149752835882,0.12135846895621752,0.5633844582403137,1.7994564542338552e-24,NA,24,26,26,0.39612880731533173,0.04379220004721302
ENSG00000185798.7,WDR53,-0.18550296868045055,NA,0.852834552006469,0.0032549699519715675,0.04180914556956029,0.02905393990629002,NA,2,3,3,0.8752759063480746,0.06263717482993474
ENSG00000063854.12,HAGH,0.1853164856915244,NA,0.8529808082659724,0.012584971403002425,0.13201406103684069,1.8751407623276272e-05,NA,20,20,20,7.676082722552466e-08,0.04650711410295128
ENSG00000106511.5,MEOX2,-0.18504942953586578,NA,0.8531902658461684,0.0031075541361149893,0.044102333015020416,0.030297971065497413,NA,1,1,1,0.8531902658461684,0.0783326062202357
ENSG00000111254.7,AKAP3,-0.18460364767090573,NA,0.8535399246927329,0.09100658568450093,0.32458247648953376,2.8594413634644873e-11,NA,49,50,50,0.09547588105707538,0.18455760453901454
ENSG00000232653.8,GOLGA8N,-0.1838033456276491,NA,0.8541677314250202,0.03718813451320747,0.2270526263851647,2.871421149861036e-08,NA,12,14,14,0.5805670439881616,0.20640161347212832
ENSG00000164300.16,SERINC5,-0.1837408356427987,NA,0.8542167720412858,0.1493051237740225,0.13003034915078124,6.305674265604056e-05,NA,138,148,148,1.0246758650254533e-09,0.3350707363532888
ENSG00000140612.13,SEC11A,0.18305061722270238,NA,0.8547583027256347,0.007570035013840922,0.04559913906667451,0.025878282361011085,NA,49,49,49,0.08473819545703128,0.08792083596432848
ENSG00000168038.10,ULK4,-0.18300087767284992,NA,0.8547973299640582,0.025175002920418132,0.17296605485931354,3.545517904644272e-06,NA,86,92,92,0.8005411126924459,0.01850979036842277
ENSG00000100815.12,TRIP11,-0.1827179710671501,NA,0.8550193142704785,0.014681729308739396,0.06931411792110663,0.0042612570076617905,NA,40,43,43,0.03140734951611331,0.15404145705770775
ENSG00000257139.1,RP11-320P7.2,0.1826388362802971,NA,0.8550814098938185,0.08028627354333112,0.06893659797313942,0.002424286026990621,NA,66,67,67,0.021889328547188426,0.24931177651450345
ENSG00000273403.1,RP11-329B9.3,0.18255050418043903,NA,0.8551507235408446,0.01934997525938795,0.10141772526719348,0.0002397060800116749,NA,12,14,14,0.07604786177265364,0.18721034976421236
ENSG00000140522.11,RLBP1,-0.18250906796182198,NA,0.8551832386679383,0.01040661955917192,0.035730185262446965,0.04942746447429429,NA,20,23,23,0.11181671463669184,0.07663336968122977
ENSG00000100033.16,PRODH,0.18242551267229049,NA,0.8552488055062023,0.02712284425237518,0.12223256286912468,0.0001616399003060353,NA,49,60,60,0.05668883391384896,0.12498223637773298
ENSG00000228106.5,RP11-452F19.3,-0.18215502794873226,NA,0.8554610649663431,0.010928381278021988,0.14119431622354905,4.560853474331034e-05,NA,7,8,8,0.6563289341745672,0.06284335863279097
ENSG00000144559.10,TAMM41,-0.18182111851660215,NA,0.8557231105857251,0.012700873156202046,0.11825907596110966,0.0002014829853475741,NA,8,9,9,0.5015066759131477,0.06426600985235648
ENSG00000157765.11,SLC34A2,0.1814284325129949,NA,0.8560313032685973,0.0034874635548656947,0.045732125448401786,0.018665726917444125,NA,2,2,2,0.4441654369263385,0.08412841795173492
ENSG00000107566.13,ERLIN1,-0.18137820065021515,NA,0.8560707284450186,0.0024309263658139385,0.0946112521085973,0.0008512153651386036,NA,1,1,1,0.8560707284450186,0.1762819957993107
ENSG00000180914.10,OXTR,0.1808413653911865,NA,0.8564920934807424,0.08031439919122728,0.1942565787835664,1.2612973035459472e-06,NA,40,42,42,0.013252580387340658,0.11334256351671534
ENSG00000150893.10,FREM2,0.17996292126752994,NA,0.8571816774350292,0.08850786661311044,0.2037691722010126,4.7617613002122756e-07,NA,41,43,43,0.031552642514131875,0.13431718683823016
ENSG00000112874.9,NUDT12,-0.17970422389902316,NA,0.8573847772393037,0.0019348907384106647,0.05800437753328545,0.011377375787951562,NA,3,4,4,0.5319251715324802,0.06942250246784168
ENSG00000177663.13,IL17RA,-0.17960991745144408,NA,0.8574588183046082,0.0021887681827888936,0.07647167983456807,0.0038334205411950134,NA,10,11,11,0.6665634639220265,0.00766867383189979
ENSG00000100997.18,ABHD12,0.17956946231907456,NA,0.8574905804738848,0.009698794779695017,0.1663007006884431,1.0168281947899969e-05,NA,41,42,42,0.11342655803644658,0.04996621124728298
ENSG00000105186.15,ANKRD27,0.17881075268554564,NA,0.858086301938457,0.04100696025468702,0.18662972584902998,2.410730950157386e-06,NA,24,25,25,0.0005985254421856151,0.06874908623096343
ENSG00000228261.1,RP11-127L20.3,0.1782757301672266,NA,0.8585064380053506,0.15373262533950321,0.15979540092874273,8.91564826849447e-06,NA,65,66,66,0.0006160361846552965,0.198002400748295
ENSG00000256087.6,ZNF432,-0.17761281669173887,NA,0.8590270583257892,0.006269684061825572,0.03643507289783423,0.04880733597535742,NA,10,11,11,0.15880287059676967,0.05706190191782466
ENSG00000166736.11,HTR3A,0.1775696229016107,NA,0.8590609827782023,0.020026941558730964,0.09754436004238898,0.0007552739252274932,NA,55,58,58,0.00930723375917121,0.3613287474886541
ENSG00000186417.13,GLDN,-0.17726258917117055,NA,0.8593021349177882,0.02996496125091693,0.07098905026811253,0.0052541438484235824,NA,54,55,55,0.00027752108990648203,0.1889384183445147
ENSG00000136108.14,CKAP2,-0.17664412679728858,NA,0.8597879308980103,0.09807024339459923,0.14891561073256587,1.6009030916839346e-05,NA,44,52,52,8.09878219471961e-05,0.365325095518006
ENSG00000250486.3,FAM218A,0.176467042023479,NA,0.8599270389905215,0.01791672365864429,0.05274792461660898,0.015087016132373315,NA,18,19,19,0.11052167673244312,0.102578083993014
ENSG00000148848.14,ADAM12,0.17601260242244499,NA,0.8602840417157064,0.010580473964070119,0.06055733338117844,0.0088699344962469,NA,9,9,9,0.2233388110465463,0.07657066143844049
ENSG00000105287.12,PRKD2,0.1760062533082076,NA,0.860289029712081,0.03118023728730901,0.1973552745107351,9.750204148765691e-07,NA,10,10,10,0.06111252794986017,0.10108586211018693
ENSG00000213714.1,FAM209B,-0.17573970331635294,NA,0.8604984419637026,0.026501434720385415,0.15857452526779786,1.1027339037963292e-05,NA,37,42,42,0.09430418694553075,0.1167655662021301
ENSG00000142102.15,PGGHG,-0.17552742981178654,NA,0.8606652194705424,0.04241869966074092,0.3931810055328388,6.680909746124132e-14,NA,19,21,21,0.16257040453913418,0.17604524390361784
ENSG00000230438.6,SERPINB9P1,-0.1751131959060178,NA,0.860990689648552,0.04483201819123499,0.4035637764528301,1.7544686117596548e-14,NA,23,26,26,0.0007272428466850573,0.18394222994303475
ENSG00000181396.12,OGFOD3,0.174777055327054,NA,0.8612548180110438,0.049936647178934944,0.09261634495918113,0.0008810199833825543,NA,22,23,23,0.03183798359950212,0.0978548390569929
ENSG00000188629.11,ZNF177,0.17333754414512909,NA,0.862386114364696,0.05903251194573149,0.12235850174724976,0.00017534032458418766,NA,17,18,18,0.043417825885003675,0.4450369029841107
ENSG00000132199.18,ENOSF1,0.17250811190969825,NA,0.8630380845809834,0.008896566386443967,0.0919880598190039,0.0014209212002077624,NA,29,34,34,2.5853897449088478e-05,0.056263479344873205
ENSG00000181031.15,RPH3AL,0.17218823275036227,NA,0.8632895486202682,0.04336785888846117,0.17152596801837772,6.022511461959738e-06,NA,19,26,26,5.660047903924806e-16,0.19906932425823604
ENSG00000278662.4,GOLGA6L10,0.17195990843618975,NA,0.8634690478561874,0.10602722737347135,0.1499876359360532,5.888623856864401e-06,NA,24,24,24,2.192537359854546e-09,0.2983628058835739
ENSG00000172006.11,ZNF554,0.17174518744743456,NA,0.8636378591447007,0.005610087919866806,0.17007463009496016,5.297998956716363e-06,NA,4,4,4,0.8488966492805281,0.03759771989354176
ENSG00000160221.16,C21orf33,-0.17160788205768882,NA,0.86374581040131,0.3393986863800751,0.5185986793425732,9.270929485051344e-21,NA,26,27,27,0.0011505998272824524,0.3346431416240307
ENSG00000110002.15,VWA5A,-0.17126341164112088,NA,0.8640166486475366,0.0008825447878408254,0.03434494538569602,0.04871724891678017,NA,1,1,1,0.8640166486475366,0.04764266625320536
ENSG00000169299.13,PGM2,-0.17112688150782251,NA,0.8641239992465725,0.027368032543745948,0.18765997500935966,1.274389022535275e-06,NA,24,25,25,0.07700832446503997,0.02283432169040221
ENSG00000147408.14,CSGALNACT1,0.17076710415556332,NA,0.8644068961632076,0.018625352122781415,0.2773761622921564,1.145661346862088e-09,NA,19,20,20,0.2726793819126502,0.07883796419451389
ENSG00000162377.5,COA7,0.17070844768653157,NA,0.8644530200432478,0.011283778132421892,0.06800463272832337,0.006107498209698102,NA,31,33,33,0.00027309369635248855,0.05399105066550386
ENSG00000184293.7,CLECL1,0.17058603778593695,NA,0.8645492772321277,0.07871384025829724,0.1913098318602756,1.5080333857134875e-06,NA,73,75,75,0.014707734739094586,0.12879051087301174
ENSG00000167549.18,CORO6,-0.17038008606940386,NA,0.864711232174654,0.004839187069467187,0.08734342045909597,0.0016697886046361707,NA,19,19,19,0.01341006382739657,0.05071459787742239
ENSG00000127463.13,EMC1,-0.16993345368375154,NA,0.8650624714997177,0.026800038529103374,0.07967404818966747,0.002397111635254043,NA,19,23,23,1.4306314517463619e-05,0.2430328803896603
ENSG00000166971.16,AKTIP,-0.16973334986272215,NA,0.8652198452089644,0.02285891514361268,0.25787382036089906,5.4328427038567636e-09,NA,50,50,50,0.0001281778185690398,0.11712220733369165
ENSG00000121005.8,CRISPLD1,-0.169519969120153,NA,0.8653876665785583,0.005999197474437477,0.05708237133949656,0.011614847236446194,NA,26,26,26,0.2828410610607779,0.014851426171839887
ENSG00000130348.11,QRSL1,0.16912168949777523,NA,0.865700924912036,0.1927602788318273,0.27642700638510675,5.380547066805598e-10,NA,53,56,56,0.004332900900632192,0.2437981682053151
ENSG00000041353.9,RAB27B,-0.16902601760276803,NA,0.8657761767433889,0.008999771868774084,0.0749787173802818,0.002400417588937324,NA,57,58,58,0.001974555202772714,0.06420769127066507
ENSG00000242441.7,GTF2A1L,-0.16882298163487983,NA,0.8659358810541082,0.05472554223251548,0.2386524467647887,3.2246839924533927e-09,NA,18,19,19,0.0011413400297899995,0.2497452191087812
ENSG00000038210.12,PI4K2B,0.1677282601594925,NA,0.8667970627456814,0.003321633374536977,0.09588059361232308,0.0010240019631446225,NA,1,1,1,0.8667970627456814,0.07800803483649757
ENSG00000256574.6,OR13A1,0.16761232936131995,NA,0.8668882710025251,0.03717718905588928,0.0508450038327221,0.01614661631537366,NA,35,40,40,0.003353252917616484,0.21213447159664056
ENSG00000132740.8,IGHMBP2,0.1668847038773253,NA,0.8674607689003607,0.03791918520489454,0.19808695414292374,5.000228812993946e-07,NA,44,44,44,0.005696864233643324,0.05060877884706837
ENSG00000131626.16,PPFIA1,0.16660718090986723,NA,0.8676791431287351,0.012670178133140423,0.1501253611613024,3.917849344884173e-06,NA,10,11,11,0.0964448995053493,0.02712977445239906
ENSG00000124164.15,VAPB,-0.16596760182134243,NA,0.8681824465283104,0.007614189098099938,0.08642059175653652,0.001758106549430173,NA,10,10,10,0.801009571098071,0.035612079008148466
ENSG00000197253.13,TPSB2,-0.1651421635468906,NA,0.868832086875142,0.13404864248023726,0.35166495333684444,1.7487726012289284e-12,NA,12,13,13,0.04068527714949577,0.17994497208765312
ENSG00000222041.10,CYTOR,0.16486720740795135,NA,0.86904850384468,3.5563337243167154e-05,0.12544134829580433,0.00013064497694098212,NA,1,2,2,0.86904850384468,0.00801447077201709
ENSG00000116132.11,PRRX1,0.16448640961569974,NA,0.8693482445906952,0.0106591318971779,0.06626413975570332,0.006679444748546825,NA,15,16,16,0.07754413591778843,0.11237260496408114
ENSG00000147894.14,C9orf72,0.1642764007229142,NA,0.8695135587895793,0.026524712369534728,0.18673461831795088,2.0226652746887925e-06,NA,28,29,29,0.01931858533999974,0.11487099759634167
ENSG00000163961.4,RNF168,-0.1641149122800087,NA,0.8696406826790541,0.023883320063142463,0.0411057275212665,0.03298474150388598,NA,37,39,39,0.14566307829054,0.09604315856531072
ENSG00000128891.15,C15orf57,-0.16400841562869545,NA,0.869724518810189,0.1259239603115459,0.32916462338854896,8.355415027423217e-12,NA,48,49,49,0.0022789419218544266,0.15561493104663954
ENSG00000205106.4,DKFZp779M0652,0.163865569677178,NA,0.8698369720810498,0.04431507508586688,0.2188265324522532,2.5742458762141926e-07,NA,26,27,27,7.165065812672089e-06,0.16383876013253898
ENSG00000168961.16,LGALS9,-0.163861804142098,NA,0.8698399364760488,0.006207535878987704,0.04713442403324695,0.023291170749293755,NA,18,21,21,0.0011003389831079386,0.041024083069481534
ENSG00000139187.9,KLRG1,-0.1636632439770556,NA,0.8699962543701155,0.055006723579845804,0.2295016826382769,6.173241269253624e-08,NA,26,26,26,0.14786700310588705,0.03850369130459171
ENSG00000147533.16,GOLGA7,-0.16337232279958921,NA,0.8702252932966209,0.024717108813308474,0.25213174575793523,1.643967391134884e-08,NA,30,31,31,8.04287239252247e-08,0.14889442966988042
ENSG00000132563.15,REEP2,-0.16318819206045201,NA,0.8703702629551255,0.005280785994966753,0.0673257928185313,0.005059181222198641,NA,31,31,31,0.2293049604423325,0.2270457272894248
ENSG00000249664.1,CTD-2227C6.2,0.16302424409430344,NA,0.8704993459960011,0.07432969907484213,0.2340418943182841,4.5835686909728414e-08,NA,25,26,26,0.13827782046678397,0.10724265999959952
ENSG00000090554.12,FLT3LG,-0.16183161173542795,NA,0.8714384585925442,0.01965115766452267,0.04184769092007585,0.033084309329202685,NA,30,34,34,0.0001055593947900146,0.10901597640409336
ENSG00000129515.18,SNX6,0.16103767177364367,NA,0.8720637300538344,0.00597374493721858,0.10250595818017276,0.00054471230128875,NA,24,24,24,0.024332302299109206,0.07326357894753023
ENSG00000256433.2,RP1-102E24.8,0.16087310470929667,NA,0.8721933456996968,0.0924000940373583,0.1016410161504842,0.0004986927890481155,NA,59,62,62,0.00010625314451221135,0.18615828728188352
ENSG00000185359.12,HGS,-0.15939376377174047,NA,0.8733586518893943,0.008393811455833854,0.13431225227422194,5.118164449827239e-05,NA,21,22,22,7.529778986139478e-05,0.06497681603067414
ENSG00000027847.13,B4GALT7,-0.15831898216698168,NA,0.874205451168869,0.007874062790236454,0.07001032264176335,0.004937622451126231,NA,22,23,23,0.03504408362957273,0.051179725761320384
ENSG00000182670.13,TTC3,0.1579334576303017,NA,0.8745092335308743,0.0059831112854156,0.13186950335867778,0.00010324697451309188,NA,46,47,47,0.009856164731699419,0.1648318699951221
ENSG00000160392.13,C19orf47,0.15790750193050956,NA,0.8745296865486281,0.006072851412093443,0.04560254107243675,0.02485145716476012,NA,13,13,13,0.08330060777086636,0.05016821733516615
ENSG00000132541.10,RIDA,0.15712663784459904,NA,0.8751450443674876,0.0008442360012949257,0.03869432595216003,0.03929321525558957,NA,3,3,3,0.24503846437214083,0.04177898885685565
ENSG00000167920.8,TMEM99,0.1570822753278617,NA,0.8751800063982544,0.02529770083642243,0.050758406913069584,0.016855171378676034,NA,54,58,58,5.115657252919109e-05,0.4149874874189314
ENSG00000111897.6,SERINC1,-0.15666986231815697,NA,0.8755050401043218,0.010401833552758609,0.036561096508173706,0.038400611212972495,NA,23,24,24,0.0014646209405692998,0.15895565124530942
ENSG00000105700.10,KXD1,-0.15623760942205106,NA,0.8758457326955309,0.01935288276810975,0.12484526256295635,0.0001272287752280141,NA,19,20,20,0.0013611816469749904,0.05871686990938164
ENSG00000196981.3,WDR5B,0.15586697690119164,NA,0.8761378757353111,0.011041101064188152,0.0977899909516498,0.0009318815562788887,NA,38,38,38,0.09845482925864349,0.035976251772666834
ENSG00000139053.2,PDE6H,0.15558703720848607,NA,0.8763585433118575,0.10819104312948494,0.07218690681401735,0.004405288847817174,NA,74,87,87,0.0007546650270437985,0.2777996386335843
ENSG00000166908.17,PIP4K2C,0.15508882247538708,NA,0.876751293939847,0.0040676547545859905,0.038245718272539565,0.035443678762166086,NA,14,14,14,0.24030669208204058,0.05417524716514261
ENSG00000169884.13,WNT10B,-0.15497403640325924,NA,0.8768417859379783,0.025448360394075803,0.16960914750040784,5.3875233371352304e-06,NA,49,52,52,0.00010375654816103679,0.06936966712444337
ENSG00000165695.9,AK8,-0.15418193181294837,NA,0.8774662881594879,0.060739634343636884,0.21530021985255804,1.9038021403140595e-08,NA,37,39,39,0.0006580192839265988,0.15548835014870155
ENSG00000187609.15,EXD3,-0.15414343374283906,NA,0.8774966423230777,0.056012110307453275,0.11240291521491512,0.0003272671318148784,NA,48,58,58,8.177966409813884e-09,0.25895651008128634
ENSG00000148384.12,INPP5E,-0.15384507215570742,NA,0.8777318944123162,0.008063382841670751,0.10526509111875412,0.00031179570706173497,NA,9,9,9,0.12390186990075161,0.035671062523598335
ENSG00000185043.10,CIB1,-0.15216958462944932,NA,0.8790531825137929,0.006579167995919769,0.09583412236295884,0.000944899778318793,NA,12,13,13,0.6145266559117525,0.022178809634957945
ENSG00000157214.13,STEAP2,0.15210413842037235,NA,0.8791048002018029,0.00802274073366227,0.08019076128114537,0.0018917621925077304,NA,8,8,8,0.8731562044574409,0.015675262513800456
ENSG00000270127.2,RP11-526I2.5,0.15184935268051863,NA,0.8793057556304035,0.13064819364851152,0.44480262087692574,1.5232484453669582e-16,NA,32,34,34,8.734776526928841e-06,0.1722913862370559
ENSG00000115947.13,ORC4,0.15181529846282027,NA,0.879332615571886,0.008347670165053549,0.06295817050371172,0.004703910063348559,NA,88,91,91,5.623375943084011e-06,0.11042177462221273
ENSG00000115935.17,WIPF1,0.15153790642736967,NA,0.8795514110808113,0.03615928195228515,0.20264018169056766,5.345963016868064e-07,NA,36,39,39,0.058044661994766454,0.1531208153862087
ENSG00000086232.12,EIF2AK1,0.15107715407798153,NA,0.8799148540350433,0.08929907903968917,0.0584430568191088,0.011751995310239748,NA,54,56,56,0.037098544883244294,0.3987083054196349
ENSG00000113282.13,CLINT1,-0.15036732583566734,NA,0.8804748183500888,0.022140069122888066,0.04700148713684157,0.02073381521544893,NA,78,80,80,0.011715571116200403,0.11357609124250916
ENSG00000141012.12,GALNS,0.14958663112618445,NA,0.8810907563148863,0.011723495526230348,0.08437604749767312,0.0018687432522281817,NA,23,25,25,0.004314997370955554,0.06122642588482431
ENSG00000272338.2,RP11-722E23.2,-0.14909894607661675,NA,0.8814755575046476,0.02987860961244046,0.12394615321087625,0.00013796251634576022,NA,85,86,86,0.04423377801559556,0.1187077918430905
ENSG00000102547.18,CAB39L,-0.14791163481145173,NA,0.8824125059576747,0.018776003713425426,0.07595757277140773,0.0035381572171586813,NA,31,31,31,0.012227029250573078,0.2046086664550546
ENSG00000101052.12,IFT52,-0.14713627531744392,NA,0.8830244578971933,0.020744375101395346,0.03269061504725581,0.04759352333899386,NA,51,55,55,0.00047419536872751966,0.1261477830096953
ENSG00000187764.11,SEMA4D,0.1471326679354897,NA,0.883027305184332,0.009747961996559423,0.09874541909538397,0.0004866170786063785,NA,27,31,31,0.034141802927890035,0.08556792419154285
ENSG00000090432.6,MUL1,-0.14712092841489657,NA,0.8830365711351409,0.056087044450239654,0.18256773770343152,2.430328093712563e-06,NA,33,38,38,0.0038597130394599616,0.2533181251893031
ENSG00000188820.12,FAM26F,-0.1468182128748122,NA,0.8832755086728362,0.05492275744678568,0.1280972539721318,7.791559630978199e-05,NA,32,34,34,0.0003101760196718063,0.20198751728773856
ENSG00000100116.16,GCAT,0.14657506294101594,NA,0.8834674379503199,0.003630380489537014,0.06309489105381755,0.009053943185496764,NA,20,20,20,0.07646513698342843,0.055336600644079366
ENSG00000204991.10,SPIRE2,-0.1464388488384138,NA,0.8835749609133379,0.008950674267864524,0.11568243222769314,0.00022061616478175265,NA,10,10,10,0.00044961137388692976,0.11047916048733757
ENSG00000134285.10,FKBP11,-0.14621036105067012,NA,0.88375532652447,0.018253826347422418,0.1800313445646652,3.600867180530097e-06,NA,12,13,13,0.5307477122718669,0.022215399876257792
ENSG00000166770.10,ZNF667-AS1,-0.14601524404555702,NA,0.8839093543967872,0.011529768337764205,0.07022768218056022,0.004757449904438918,NA,10,11,11,0.5582278724477039,0.05661684451732237
ENSG00000180071.19,ANKRD18A,-0.14582614896093668,NA,0.8840586326749633,0.04233452397669831,0.11486653819233647,0.00010026969631557077,NA,16,16,16,0.03487235242493192,0.12506377200537605
ENSG00000167671.11,UBXN6,-0.14524584519814757,NA,0.8845167704536893,0.009192025475562112,0.17605180959483638,1.8912939140588482e-06,NA,10,10,10,0.0007158813077969014,0.09523587462807773
ENSG00000086619.13,ERO1B,0.14462997548425896,NA,0.8850030290486033,0.03130709601214236,0.08146103981490532,0.002453028068972198,NA,57,58,58,0.01746239996990493,0.1575998381341542
ENSG00000196381.10,ZNF781,0.14444610868720031,NA,0.8851482090831171,0.014875392341002656,0.11302597291092395,0.0001691758670743483,NA,18,18,18,0.37395125262180073,0.08984955790054741
ENSG00000141252.19,VPS53,-0.14369507536892054,NA,0.8857412601269581,0.019031950899419108,0.1622561734091806,6.369928152248947e-06,NA,25,29,29,0.012984207818372742,0.07825260180731003
ENSG00000101350.7,KIF3B,0.14363831952361159,NA,0.8857860798029541,0.014376367831057862,0.1166211905593297,0.00024831816308234985,NA,19,21,21,0.5562904726521808,0.13274286913217212
ENSG00000110025.12,SNX15,0.14337911156392605,NA,0.8859907790760446,0.010367426357213416,0.040673869471414985,0.02845786033775938,NA,21,23,23,0.6792209509246281,0.06718956751142366
ENSG00000163126.14,ANKRD23,0.14326853775947013,NA,0.8860781026970573,0.047686553740571694,0.10458154292873104,0.0004095065138953889,NA,40,47,47,0.0009828988211552693,0.3515445246692152
ENSG00000183542.5,KLRC4,-0.14288764047672187,NA,0.8863789198790207,0.07134639057233352,0.14157653622559013,1.8146095670489616e-05,NA,77,82,82,0.02348868931161027,0.2678931237048645
ENSG00000270001.1,RP11-218C14.8,0.14255880840617718,NA,0.886638631244119,0.04016279567127801,0.03963489745189033,0.03659821737013428,NA,42,45,45,3.6461523874214185e-06,0.20099627607075227
ENSG00000100151.15,PICK1,0.14205567807679795,NA,0.8870360268218112,0.030202732355185127,0.07411268217570723,0.003749267286508472,NA,63,67,67,7.05967560956487e-05,0.10306722898119784
ENSG00000124171.8,PARD6B,-0.14199537386689925,NA,0.8870836597808966,0.009350321141512897,0.055280368163736514,0.013794414961383578,NA,10,11,11,0.14953158387313004,0.5839206044258738
ENSG00000265519.1,CTD-3157E16.1,0.14192084273783467,NA,0.8871425308317201,0.06049825581401185,0.2692960127484091,5.106294424812759e-09,NA,10,14,14,0.354756381446273,0.19086645111154296
ENSG00000114030.12,KPNA1,-0.14156356196357553,NA,0.8874247503414291,0.011223418671916311,0.04208116191277802,0.02293744175123076,NA,20,20,20,0.3475726998971488,0.14911280672182842
ENSG00000132436.11,FIGNL1,0.14083757696162424,NA,0.8879982567904711,0.05283156749489327,0.3181818632589207,1.894214234645788e-11,NA,15,15,15,0.046478535188543404,0.06589178814803337
ENSG00000188266.13,HYKK,0.14083719331906197,NA,0.8879985598721555,0.023134497157826735,0.04378719734484805,0.02976869755831898,NA,62,68,68,0.008310048407506924,0.12512193143962716
ENSG00000273313.1,RBAKDN,-0.14075104404826527,NA,0.8880666191224545,0.00478286612115518,0.18671333959239075,9.341853479998207e-07,NA,5,6,6,0.884157144795934,0.04428442591541091
ENSG00000031691.6,CENPQ,-0.1397002152385718,NA,0.8888968563389765,0.019213414341534618,0.14458361589552154,3.849996348820141e-05,NA,12,12,12,0.1894997305147771,0.09739626768614396
ENSG00000093000.18,NUP50,0.13969968875950767,NA,0.8888972723293733,0.01835625932615689,0.209921773323904,1.8045037864082886e-07,NA,18,21,21,0.0279614973963243,0.0906200661935004
ENSG00000197008.9,ZNF138,0.13967987251693306,NA,0.8889129298908758,0.15065657468115748,0.3597197602350376,4.5383245482623143e-13,NA,83,83,83,3.256776567532659e-06,0.22360674821242027
ENSG00000013573.16,DDX11,-0.13918244272714408,NA,0.8893059821327354,0.19554630920832394,0.6269507636233579,2.2493977107814692e-29,NA,38,41,41,0.0046157850196392475,0.10449672537645224
ENSG00000169288.17,MRPL1,-0.13876714070716548,NA,0.8896341606297142,0.00797461366697509,0.08263686456070714,0.001607358621890313,NA,7,7,7,0.2655548502378834,0.034443763110820334
ENSG00000241945.7,PWP2,-0.13855535174519892,NA,0.889801527041481,0.3251391691898394,0.6262815357622034,7.094513521979036e-29,NA,45,45,45,0.012660080761315374,0.3769529775771093
ENSG00000116039.11,ATP6V1B1,-0.13841195937418155,NA,0.8899148457764015,0.06277443937857705,0.05427163211421137,0.013556385895219613,NA,59,63,63,0.03875402627956468,0.479726442308321
ENSG00000184925.11,LCN12,0.1382715940568792,NA,0.8900257744989968,0.024906445704299326,0.26593939084040125,3.194507746842909e-09,NA,20,20,20,0.01766514435722413,0.0552597019715062
ENSG00000133103.16,COG6,-0.13788939702245898,NA,0.8903278303092008,0.008879073499589942,0.11282189282912965,0.00016752202881153985,NA,49,49,49,0.2084448264706129,0.007150841813609246
ENSG00000113971.19,NPHP3,-0.13754858531080977,NA,0.8905971921319724,0.02004796925223784,0.11394820382178394,0.00012377523381167828,NA,11,11,11,0.3021559738340429,0.061197160654272616
ENSG00000197479.6,PCDHB11,-0.13691563022202557,NA,0.8910974840555048,0.004304943346244823,0.048917034989494616,0.020020029417662462,NA,13,21,21,0.5024537353917199,0.016155511211262318
ENSG00000084072.16,PPIE,-0.1366684828376444,NA,0.8912928427774062,0.16170031935669826,0.5001137899309628,1.430824377504012e-19,NA,35,37,37,5.369334405193713e-07,0.26502325739071114
ENSG00000002549.12,LAP3,0.1360880195998297,NA,0.8917516983897531,0.005542142411822637,0.06832754095877011,0.006038940421691162,NA,20,21,21,0.1288514151781166,0.03870436117976001
ENSG00000155111.14,CDK19,-0.13588038114359896,NA,0.891915845193187,0.0008617219407672523,0.050996540000350525,0.013236239171256242,NA,8,8,8,0.6152172690025547,0.07313774758284633
ENSG00000122254.6,HS3ST2,-0.1356981843973815,NA,0.8920598830857422,0.15562252923327982,0.04013938348682524,0.031200106245603876,NA,78,94,94,5.9561552345394494e-05,0.7611829747960369
ENSG00000110395.6,CBL,-0.13530227736564143,NA,0.8923728845598125,0.020139070366088065,0.09931571782262924,0.0008574695766202509,NA,27,27,27,0.017514475183175577,0.08821466710165632
ENSG00000118322.12,ATP10B,-0.13475958154856568,NA,0.8928019635090161,0.007678382652394447,0.13152358290472624,6.809593433573701e-05,NA,32,32,32,1.3412453013888331e-08,0.0658829439419069
ENSG00000089335.20,ZNF302,-0.13452537325753475,NA,0.8929871484855669,0.07197532748351046,0.12371193899197752,1.908543266236568e-05,NA,52,53,53,0.02890803310689521,0.3834441903932779
ENSG00000183793.13,NPIPA5,0.13438631968033546,NA,0.8930970988207589,0.24284329404371985,0.3673095750385518,2.890511943555719e-13,NA,74,82,82,0.004226828255934763,1.23120555671707
ENSG00000145979.17,TBC1D7,-0.13437430780199006,NA,0.8931065967674294,0.04585911921782074,0.24354256330482896,1.426310067636904e-08,NA,44,45,45,0.0010602223452552113,0.1666702873932427
ENSG00000251580.1,RP11-539L10.3,-0.1339272984440701,NA,0.8934600637040676,0.02354900008298558,0.16468937642028408,5.184445608127828e-06,NA,18,18,18,0.012824354767152202,0.07972715911399063
ENSG00000196263.7,ZNF471,-0.13383674399124573,NA,0.8935316710601771,0.04460611951991296,0.054309762464506514,0.015706322829906746,NA,58,62,62,0.024658395062543418,0.14280369649084138
ENSG00000183605.16,SFXN4,0.13382898219887465,NA,0.8935378088598158,0.09840660297488268,0.3762366739458829,1.9623559815073072e-13,NA,7,7,7,0.4809214585222562,0.12258723053965268
ENSG00000100890.15,KIAA0391,0.13318424546145366,NA,0.8940476701439432,0.006158291460435797,0.04432966624316356,0.029281240670132963,NA,34,34,34,0.4282959686297486,0.036367450446536456
ENSG00000175395.15,ZNF25,0.13297595864554945,NA,0.8942123938466524,0.0037036643353111067,0.06689361993303679,0.003617252238837893,NA,38,38,38,0.16106931381258394,0.03768872505178948
ENSG00000138080.13,EMILIN1,-0.13295207246025625,NA,0.8942312845365602,0.007812771164342874,0.10705994865742008,0.0005412859059847528,NA,9,9,9,0.0007902610750596988,0.06015279865067631
ENSG00000264247.1,LINC00909,-0.132706259678426,NA,0.8944256921486149,0.07281968419600979,0.2477941530707185,9.29455708774303e-09,NA,43,45,45,0.0655517525373154,0.3720808477655328
ENSG00000114744.8,COMMD2,-0.1322157183042112,NA,0.8948136688567536,0.045422968561786944,0.15749379517964918,1.2113270574844474e-05,NA,17,19,19,0.2015400680523498,0.12894723568389801
ENSG00000165233.17,CARD19,-0.13146968628982222,NA,0.8954037652426643,0.0048989437156150804,0.06654946270790453,0.005824898976120271,NA,8,8,8,0.28838901259852123,0.024796342093069204
ENSG00000137441.7,FGFBP2,0.13060770037890593,NA,0.896085650891351,0.03206999287157372,0.061812621721878916,0.00810814488348493,NA,26,26,26,1.165668797751629e-14,0.08708212743167988
ENSG00000069482.6,GAL,0.13031520281551148,NA,0.8963170525274188,0.009630146041812317,0.04453201462709009,0.026002080413196026,NA,6,7,7,0.4789692035332084,0.0766772333274539
ENSG00000091106.18,NLRC4,-0.13029577006241203,NA,0.8963324265437629,0.027567250961139857,0.09681160299463316,0.0007689405153988956,NA,25,26,26,0.095715644640817,0.15248131716904428
ENSG00000180279.6,LINC01869,-0.12976816911973987,NA,0.8967498472858488,0.22842628740764306,0.12500175645480732,0.00013168656816402388,NA,97,107,107,6.283248867665111e-06,0.6890386056093544
ENSG00000261402.1,RP11-378I6.1,0.1285711734121465,NA,0.8976969772355309,0.18967856834752686,0.16917540395991396,6.692632536394735e-06,NA,107,109,109,3.962410670661783e-12,0.2892601407997096
ENSG00000156510.12,HKDC1,-0.1285120910892736,NA,0.8977437302598943,0.0025752854740961543,0.05436731332847102,0.01382361140265136,NA,5,5,5,0.4055390143918015,0.05037915583754616
ENSG00000160961.11,ZNF333,-0.12785946403195203,NA,0.8982601906916534,0.008312010899452282,0.07889853113403772,0.002588317639719155,NA,30,31,31,0.18957523254372555,0.03900625610359263
ENSG00000073050.11,XRCC1,-0.1273225278039247,NA,0.8986851307993275,0.04012533681298804,0.14075262086558618,4.5004799807477786e-05,NA,23,26,26,0.36181371345593394,0.0789965134662884
ENSG00000198252.11,STYX,0.12709151487869025,NA,0.8988679671500452,0.002565606455170511,0.04653867992723162,0.021184143113275176,NA,11,11,11,0.6214299310841451,0.02442847432364186
ENSG00000114021.11,NIT2,0.12638544040952793,NA,0.8994268266045022,0.008493100198073656,0.15933819856159928,5.8633252004096685e-06,NA,5,6,6,0.6804777221605822,0.08224975416079182
ENSG00000123992.18,DNPEP,-0.1263329051859038,NA,0.8994684103433501,0.008486094391896534,0.1260781776579596,9.99356356550774e-05,NA,9,9,9,0.17572619414897916,0.06808225451587806
ENSG00000124713.5,GNMT,-0.12603257624353012,NA,0.8997061380550353,0.27204376434332667,0.5247324246601405,3.734905846878092e-21,NA,15,16,16,0.35751413345947125,0.2259558546974861
ENSG00000203546.7,RP11-176H8.1,0.12596377457741506,NA,0.8997605998169127,0.09014187970307078,0.2058634120890059,3.592989327893279e-07,NA,34,35,35,4.107615010173288e-11,0.26651483255458164
ENSG00000137860.11,SLC28A2,0.12576295213313313,NA,0.8999195687841348,0.02297592230799885,0.11336203963442823,0.00019322462445464642,NA,7,7,7,0.04882047243814418,0.2856234928277873
ENSG00000065268.10,WDR18,-0.1252705136351736,NA,0.9003093949798848,0.07345573939360724,0.38431203774164696,5.155648151968885e-14,NA,8,8,8,0.6332878484317657,0.3457942666356633
ENSG00000162073.13,PAQR4,0.12501329477448245,NA,0.900513025202961,0.021843577180342615,0.12109735587410335,0.00010445418148225891,NA,50,63,63,7.676082722552466e-08,0.18184782030273774
ENSG00000156345.17,CDK20,0.12488531267327459,NA,0.9006143461226597,0.0029341038569544137,0.03668767288690032,0.03625649858513235,NA,6,6,6,0.2228254681835753,0.16626982627794926
ENSG00000237753.1,AC079922.3,-0.1242946320935726,NA,0.9010819973135662,0.11024675693266318,0.34453085940758305,3.987061519597741e-12,NA,29,34,34,0.061599952782173235,0.16571582769674698
ENSG00000271643.1,RP11-10C24.3,0.12352395249515173,NA,0.9016922081845515,0.03351300624082239,0.0970495343515608,0.0010265078430764497,NA,20,20,20,0.021822707440407863,0.2903740426667052
ENSG00000117682.16,DHDDS,0.1233995248449152,NA,0.901790733317321,0.004677183104036201,0.06348229072129646,0.008251166580224935,NA,69,69,69,0.7361213839949706,0.01980540891177989
ENSG00000272856.1,RP11-710E1.2,-0.12328865304435808,NA,0.9018785258412919,0.06734485440475799,0.06220963194850489,0.006292591753630298,NA,54,57,57,0.0009254504909074865,0.18486869090230787
ENSG00000152926.14,ZNF117,0.12296525029463103,NA,0.9021346153353655,0.0542063013615638,0.2742728448501449,2.0836782517162536e-09,NA,37,37,37,0.12751123027094272,0.21386971904292626
ENSG00000152292.16,SH2D6,0.12274308481761077,NA,0.9023105450502932,0.039636486545717844,0.09448645943118952,0.0010233038994839905,NA,15,18,18,0.012390733208309447,0.16944023099024094
ENSG00000006607.13,FARP2,0.12233024311294029,NA,0.9026374813210242,0.011609663509785172,0.09822613883312753,0.0007156689002047063,NA,19,23,23,0.5245024680346253,0.11393145968798488
ENSG00000182628.12,SKA2,-0.12222577571470779,NA,0.9027202134258681,0.02207413191248677,0.1500445314616798,1.8171161369515995e-05,NA,47,47,47,0.003709161719123421,0.2096031243609531
ENSG00000111664.10,GNB3,-0.12214610678861888,NA,0.902783307292798,0.11647484707010054,0.24073847519328845,1.9241530073136408e-08,NA,68,76,76,3.709614102786725e-05,0.5174148309258136
ENSG00000124608.4,AARS2,0.12209041825129913,NA,0.902827410237115,0.018765825595602883,0.06185354151846208,0.006129276040653778,NA,20,22,22,0.060278853385676526,0.33920596391948804
ENSG00000006016.10,CRLF1,0.12153595212017196,NA,0.9032665400776204,0.006003808916375844,0.047674257718783135,0.021418612198195096,NA,12,13,13,0.38341747302685836,0.07085820431970362
ENSG00000273011.1,RP11-728K20.3,0.12153140713466275,NA,0.9032701397684786,0.07219967286999311,0.11351828555639935,0.00026874295758405993,NA,32,36,36,0.11215096166268905,0.18334974156470984
ENSG00000163576.17,EFHB,-0.12061235067706287,NA,0.9039980858393263,0.14224399411832273,0.5457960729476788,8.525145122468655e-23,NA,40,40,40,0.05351468278402024,0.232167079982401
ENSG00000118197.13,DDX59,0.12043629021063401,NA,0.9041375451787994,0.02584216503313789,0.1842272339289125,2.259173286634424e-06,NA,7,8,8,0.059649591591743746,0.08101996232136406
ENSG00000181404.15,WASHC1,-0.12010511796226525,NA,0.9043998781946609,0.00871979637215222,0.2600272201701055,2.1579614911850616e-09,NA,12,14,14,0.17638709995889656,0.10549020700281916
ENSG00000150394.13,CDH8,-0.11955351240148321,NA,0.9048368472275039,0.012206131876418136,0.079025093362746,0.002403833412059898,NA,6,7,7,0.4210621026703991,0.1650139063258981
ENSG00000153107.11,ANAPC1,-0.11945021445399547,NA,0.9049186806547137,0.006027465745237744,0.09467686125667134,0.0008154161628609672,NA,3,5,5,0.07464698560692051,0.1538643091246664
ENSG00000002016.17,RAD52,0.11909291787124149,NA,0.9052017415323317,0.012667059003655275,0.08555498061295093,0.0015628799265363636,NA,22,25,25,4.5452127028449525e-06,0.06668921272951492
ENSG00000168418.7,KCNG4,0.11838553912404588,NA,0.9057621833077405,0.02552343536245041,0.14359878351738592,3.833928892061112e-05,NA,28,30,30,0.14666750292360878,0.24243887489008234
ENSG00000143839.14,REN,0.11815969180288698,NA,0.905941127438839,0.03399381749421261,0.12509877380757548,6.823651236299794e-05,NA,19,21,21,0.016693456310210946,0.10225684916928424
ENSG00000165171.10,WBSCR27,0.1178090958406003,NA,0.9062189223021512,0.22720823613032318,0.5162320599295849,4.828150296838386e-21,NA,25,27,27,0.21913153518420858,0.17017653887571654
ENSG00000064309.14,CDON,-0.11746826480310603,NA,0.90648899092254,0.01696094576232187,0.17357797023932592,3.7110379891324135e-06,NA,19,22,22,0.00025544447994458127,0.11282410626100542
ENSG00000145912.8,NHP2,-0.11742169799806061,NA,0.9065258904938976,0.007899281770016177,0.03921788285523528,0.0388398051927301,NA,30,33,33,0.00015823025344064248,0.0601654317289625
ENSG00000151023.16,ENKUR,0.11740586687903817,NA,0.9065384351304836,0.009238438906228458,0.05572196628033528,0.014168408209214946,NA,27,28,28,0.18205009559982022,0.11520863602525
ENSG00000069696.6,DRD4,0.11737497527932753,NA,0.9065629138141588,0.014115924735714571,0.1029667666871122,0.0006519659065221023,NA,14,14,14,0.002275867253492098,0.06613307714156487
ENSG00000153832.11,FBXO36,-0.11702052034577545,NA,0.9068437923157758,0.005337265759969181,0.07980551374038175,0.0027962051637209478,NA,11,13,13,0.09300571852050822,0.051897302407503926
ENSG00000143819.12,EPHX1,-0.11621383941918603,NA,0.9074830688011127,0.0004595428230506223,0.05372882046131888,0.015251521426220119,NA,2,4,4,0.7490194847701195,0.02405764675165636
ENSG00000186283.13,TOR3A,-0.11609376945643732,NA,0.9075782266794472,0.02103816000109241,0.17879830663834884,1.7506682631422787e-06,NA,8,10,10,0.1332493621901723,0.2001208323084364
ENSG00000263627.1,PPP4R1-AS1,-0.1157016922395122,NA,0.9078889650485973,0.176746014140392,0.4058864890488733,5.063538426800401e-16,NA,42,45,45,6.474775515772721e-05,0.23940128246538145
ENSG00000103226.17,NOMO3,-0.11553705738408011,NA,0.908019449588367,0.057421217489827286,0.23995282257017814,3.2512996086144065e-08,NA,16,19,19,0.05432745065360535,0.3033691975183842
ENSG00000144320.13,LNPK,-0.1151158584185437,NA,0.9083532902667631,0.009101870005493003,0.04713214025222241,0.01999594496984869,NA,22,24,24,0.14353202543604793,0.061080217037687935
ENSG00000272690.5,LINC02018,-0.11493150900071632,NA,0.9084994100018222,0.0954610960639487,0.03909944768967215,0.039977705199714685,NA,73,93,93,0.008122473807559732,1.0008488871923378
ENSG00000137274.12,BPHL,-0.11433954317181141,NA,0.9089686371111139,0.005890703576611778,0.1024229484451494,0.00038905127302437976,NA,4,5,5,0.09455358192325101,0.06882320889528677
ENSG00000142675.17,CNKSR1,-0.11391719403273388,NA,0.9093034354287166,0.08473291262008878,0.3159981952126188,1.7224489356029867e-11,NA,23,26,26,0.2359133214952861,0.2720780069067998
ENSG00000124784.8,RIOK1,0.1133991966074867,NA,0.9097140766183702,0.04534161663033764,0.2184629213126761,1.0466707293589016e-07,NA,19,19,19,0.2767895298020515,0.046487630806427996
ENSG00000023171.16,GRAMD1B,0.11324861720488577,NA,0.9098334526009233,0.015982789411537482,0.08337329156236045,0.0022623885575821703,NA,59,61,61,0.019031300483162622,0.1213889227737624
ENSG00000196418.12,ZNF124,0.11315309288337141,NA,0.9099091832020453,0.04646755514169222,0.20027359486111895,4.967993304375081e-07,NA,19,20,20,0.08474202726863896,0.16593409203417905
ENSG00000241043.1,GVQW1,0.11306147904974503,NA,0.9099818143816185,0.1598628734824638,0.15450164116511414,1.5810356953533784e-05,NA,62,69,69,0.006484885236047593,0.22573921497157856
ENSG00000213462.4,ERV3-1,-0.11302422606170325,NA,0.9100113486568615,0.12102419384983193,0.4002329517504021,3.1345096611553607e-15,NA,48,50,50,0.0012619456390832726,0.08313971645942446
ENSG00000221953.5,C1orf229,-0.11226650841717843,NA,0.9106120962991383,0.03248985347312441,0.08631104095119302,0.0015215176999779966,NA,13,13,13,0.08503233849645837,0.1139840051815529
ENSG00000131669.9,NINJ1,-0.11206875833351154,NA,0.9107688885814101,0.017056897323200423,0.04556928934614775,0.023129545419743925,NA,32,33,33,3.103280036706716e-05,0.1218095796845771
ENSG00000223685.5,LINC00571,0.11143764486077597,NA,0.9112693096685718,0.04288162017254426,0.1571419322875538,1.659082693640095e-05,NA,33,34,34,0.004621499138146131,0.28642847087462797
ENSG00000255561.6,FDXACB1,-0.11137835793177946,NA,0.9113163211395776,0.02333533554401822,0.15215048694200842,1.914601030215623e-05,NA,24,25,25,0.3035812257422711,0.06418300503349543
ENSG00000230156.2,LINC00443,-0.11110314362500981,NA,0.9115345559256206,0.04577666849001973,0.2414886494230692,2.210207813597012e-08,NA,8,8,8,0.20587214492973405,0.1713797401113946
ENSG00000060491.16,OGFR,-0.11104431634500857,NA,0.9115812046533099,0.011898938069396493,0.05787793188323748,0.010147390054632437,NA,17,17,17,0.041064808604775294,0.3356870526477153
ENSG00000197191.4,CYSRT1,-0.11079033670435746,NA,0.9117826083684982,0.003376148538518198,0.05303111994234649,0.016466856691790526,NA,3,6,6,0.4682570662474108,0.07011686527450288
ENSG00000254081.1,LINC01299,-0.11059672831425334,NA,0.9119361419980349,0.03218543287387405,0.16302003106580495,1.0395175780614665e-05,NA,18,18,18,0.45706958671125075,0.05960805290885324
ENSG00000140905.10,GCSH,0.11034911321770373,NA,0.9121325083431195,0.009712299486899095,0.1194056134271119,0.00023303833964298027,NA,20,21,21,0.03423689963227632,0.07213734170096638
ENSG00000229352.1,AC007563.3,0.10988323744457537,NA,0.9125019766152639,0.08410925240756742,0.21292967178361585,9.360282112130844e-08,NA,20,21,21,0.044175010387187456,0.2574852296190367
ENSG00000275964.1,RP11-61K9.3,0.10956286954125444,NA,0.9127560591367949,0.009961801577283762,0.06424643202931862,0.005063206847526476,NA,24,25,25,0.22436739718382304,0.09998823073796333
ENSG00000107020.9,PLGRKT,0.10933349963616422,NA,0.912937976984522,0.005255958900733683,0.09854614406652053,0.0006221453473639452,NA,7,7,7,0.008973773865177335,0.08741889490123497
ENSG00000219435.5,TEX40,-0.10919269857137798,NA,0.9130496513784618,0.023743647919358235,0.18404592232935632,1.7869887795777432e-06,NA,10,10,10,0.09854938575274214,0.10997012445583793
ENSG00000136110.12,CNMD,0.10894662821889396,NA,0.9132448227556322,0.02180502541209757,0.058944269307721175,0.009571069802445913,NA,21,21,21,0.06609379324804454,0.08419440981306693
ENSG00000225880.5,LINC00115,0.1087866311875823,NA,0.9133717276490932,0.031548175516999344,0.16480051994622885,1.0346551869815107e-05,NA,10,11,11,0.2804468206291656,0.2597001054307918
ENSG00000279668.2,CTC-304I17.6,-0.10817141930148397,NA,0.9138597159934351,0.03263410655398203,0.07800525362456592,0.002404886172656713,NA,27,32,32,0.001187502937664733,0.2098969137637933
ENSG00000205809.9,KLRC2,0.10813329267532948,NA,0.9138899592449294,0.11563894260208132,0.4155449956195851,6.651891151279083e-16,NA,33,34,34,0.31200374578441026,0.10371368818795923
ENSG00000212864.3,RNF208,0.10809255767269736,NA,0.9139222716813095,0.028511122992166228,0.0777906469138626,0.002586710795079429,NA,74,81,81,3.628692214499893e-10,0.17920728793372373
ENSG00000110074.10,FOXRED1,-0.10799703258128547,NA,0.9139980461005291,0.01854000723529018,0.2371375576468093,7.719692055034101e-09,NA,17,17,17,0.4828342796378091,0.033041868579798885
ENSG00000136908.17,DPM2,-0.10769788098155514,NA,0.9142353504694211,0.06243659430519138,0.2504177491234933,9.524327947996596e-09,NA,48,48,48,0.022213951844085734,0.2228672450753804
ENSG00000181240.13,SLC25A41,-0.106739759911143,NA,0.9149954389285537,0.010297573392371254,0.2622917537909896,1.6801729298006265e-09,NA,4,8,8,0.14661134550811256,0.5102324524665136
ENSG00000153044.9,CENPH,-0.10574436973534634,NA,0.9157851757204578,0.022537473641180538,0.07811313410478411,0.0020913178364311566,NA,22,23,23,0.20733224227294,0.3047043720549327
ENSG00000239672.7,NME1,-0.10567472564872728,NA,0.9158404340554256,0.002545295572628124,0.058258616158549735,0.012010695908686538,NA,6,7,7,0.12270469396609315,0.029195925500622177
ENSG00000167232.13,ZNF91,0.10496590363071054,NA,0.9164028641808624,0.015120402009902303,0.05194299944380965,0.012792944569851498,NA,39,42,42,0.008481170217286374,0.2506565464911624
ENSG00000196502.11,SULT1A1,-0.10488582739659826,NA,0.9164664050327459,0.0380418314078626,0.08133919366743826,0.0017528289435502398,NA,30,32,32,0.38133794658911935,0.0809850120825134
ENSG00000173535.13,TNFRSF10C,0.10484495845481251,NA,0.9164988349275656,0.058290870652275145,0.2940808212438593,4.1947997013439287e-10,NA,30,30,30,0.08600043111888275,0.13161397507885705
ENSG00000122548.5,KIAA0087,0.10367850959300993,NA,0.9174244815903727,0.003515391630730847,0.06913787580794989,0.0038064126709642858,NA,1,1,1,0.9174244815903727,0.08697383378929079
ENSG00000188690.12,UROS,-0.1035348142381327,NA,0.9175385201853726,0.15130730022158587,0.6295560673753348,3.6323643219594607e-31,NA,50,51,51,0.009724062956218927,0.20405034092542304
ENSG00000120669.15,SOHLH2,0.10274520448036045,NA,0.9181651954810747,0.21494473001426534,0.4928453485277423,4.5196225707295704e-20,NA,114,117,117,1.0550870123277086e-07,0.23995443872741926
ENSG00000173156.6,RHOD,-0.10259512003893813,NA,0.9182843160475465,0.041233179691030845,0.3055415988150561,7.812519478283299e-11,NA,7,7,7,0.12041260393162945,0.5526754961569756
ENSG00000052795.12,FNIP2,-0.10208587803792925,NA,0.9186885101423933,0.011834201648895013,0.09003468131786466,0.0009272734727616173,NA,40,41,41,1.441315388112058e-05,0.07014968238632972
ENSG00000134184.12,GSTM1,-0.10182259495338188,NA,0.918897490681172,0.08677906965514975,0.05924615097291044,0.011585035402284952,NA,29,33,33,0.013096988256344293,0.35992978530006525
ENSG00000223496.2,EXOSC6,-0.10181947597802471,NA,0.9188999663966158,0.1290359483091971,0.4870843841459244,1.0835084719292351e-19,NA,21,23,23,2.8810993896431656e-10,0.10450074773870877
ENSG00000213672.7,NCKIPSD,-0.1017988337295672,NA,0.9189163513914504,0.03201527125135521,0.29216501953334617,4.256571160870877e-10,NA,14,17,17,0.10479944740214497,0.07363790657687345
ENSG00000110367.11,DDX6,0.10045721502403555,NA,0.919981348419508,0.015744700511644557,0.08521477524055845,0.0013357740217404153,NA,15,17,17,0.00010598168992091657,0.07641325115288382
ENSG00000087884.14,AAMDC,-0.09998067721653735,NA,0.9203596659170018,0.00809217916081661,0.05631765837002156,0.012090920370847687,NA,26,29,29,0.2955327417920981,0.169105533544799
ENSG00000169826.7,CSGALNACT2,0.09934332527975726,NA,0.9208656799324292,0.04518877805318615,0.3277491326937596,6.6081193188637815e-12,NA,55,57,57,0.07173725253234138,0.06542503879479519
ENSG00000198848.12,CES1,0.099293547440439,NA,0.9209052014970512,0.08512212944387401,0.2566429450941509,2.0890871421490437e-09,NA,51,52,52,0.016709443671833142,0.3253690453122293
ENSG00000171763.18,SPATA5L1,-0.09905401293833357,NA,0.9210953848060046,0.14572534565788095,0.3105438585925651,8.612189532980439e-11,NA,36,38,38,0.23494888573844241,0.2330554220898907
ENSG00000197563.10,PIGN,-0.09885390191577206,NA,0.921254270498443,0.0072647745661938296,0.059581281729283814,0.008863166868121811,NA,27,28,28,0.25411267177751484,0.051197751049169855
ENSG00000099785.10,MARCH2,0.09798465308491984,NA,0.9219444797846641,0.01885267117183352,0.1932574462619388,1.0744536380341937e-06,NA,17,18,18,0.00036826538846954635,0.048195707347999946
ENSG00000154781.15,CCDC174,-0.09724144554955794,NA,0.9225346551944209,0.11933379690604592,0.31406093490955583,1.4241438221257122e-11,NA,24,25,25,0.3302758964325735,0.10538010723405536
ENSG00000215915.9,ATAD3C,0.09722745522872475,NA,0.9225457652110413,0.06039706027879169,0.19077490873573946,1.5376687838621119e-06,NA,49,66,66,0.006853624911562599,0.15580880670794045
ENSG00000203279.3,RP11-498P14.5,0.09713085911741046,NA,0.9226224746863134,0.13940885354360388,0.2351727604004594,1.2128298108000877e-08,NA,41,42,42,3.477856977264712e-05,0.2199607285650821
ENSG00000215114.8,UBXN2B,-0.09694610907207839,NA,0.9227691914891638,0.006929969867622192,0.07038548661933157,0.004874249929922208,NA,33,34,34,0.4029402525216984,0.054478978534983534
ENSG00000136169.16,SETDB2,-0.09657823139712987,NA,0.9230613444959442,0.0021221812676992468,0.034946114789931766,0.04754574718232277,NA,3,3,3,0.5530732593386044,0.0581959215821868
ENSG00000176396.10,EID2,0.09597262837491868,NA,0.9235423115848673,0.01238299203953373,0.040043564514710916,0.030916098904472063,NA,54,63,63,0.11247417323615141,0.16297812084768634
ENSG00000143322.19,ABL2,-0.09533588530497591,NA,0.9240480400992739,0.017242049623255727,0.07537996149427419,0.0030209450227458466,NA,24,25,25,0.26307715088053374,0.2623507007093191
ENSG00000103479.15,RBL2,0.09508472377443468,NA,0.9242475317578529,0.02411828869545242,0.2129451676641129,2.8416369787699773e-07,NA,49,51,51,0.022770187941982472,0.13452235925752076
ENSG00000068654.15,POLR1A,0.09478511180156804,NA,0.9244855126863332,0.03980615740482901,0.28696638829375315,5.559368223013081e-10,NA,37,38,38,0.5835864125143766,0.1798733772509606
ENSG00000173041.11,ZNF680,-0.09398556364578635,NA,0.9251206245126347,0.013992839616828238,0.10234866882597103,0.00033688351577894544,NA,46,47,47,0.04978127777140912,0.0845667600203369
ENSG00000134202.10,GSTM3,-0.09286467078670065,NA,0.9260110730510391,0.11957791217536161,0.4184680701299068,2.0541903599271297e-15,NA,75,81,81,0.0003119257337099454,0.18493141526312049
ENSG00000198130.15,HIBCH,-0.09238227496243859,NA,0.9263943217308713,0.04996379059196239,0.31563248071936606,2.343619379339969e-11,NA,21,21,21,0.3723296042812604,0.029557728499563788
ENSG00000243709.1,LEFTY1,0.09171583796290454,NA,0.9269238135556599,0.07653805550947179,0.14310557590786085,3.268395622966691e-05,NA,32,37,37,3.373340389371485e-08,0.4686625626773399
ENSG00000171121.16,KCNMB3,-0.09166758906891036,NA,0.9269621491134461,0.04694450623504011,0.14515504479944016,3.988724396742579e-05,NA,30,31,31,0.4273128465132012,0.12263884490162155
ENSG00000212694.8,LINC01089,-0.09120492695195646,NA,0.927329760131343,0.014739590568489072,0.05728208168163335,0.010237105650476162,NA,45,47,47,0.047246315905149196,0.06904214662327361
ENSG00000169715.14,MT1E,-0.09079649052217058,NA,0.9276542986918187,0.04208850021315804,0.06629417705547386,0.005518891620525308,NA,54,55,55,2.61933903576063e-07,0.17997066768656084
ENSG00000184227.7,ACOT1,-0.09055152448721247,NA,0.9278489514658171,0.04559732878627158,0.16758361689830847,5.6835372397503475e-06,NA,25,27,27,0.4317924760995422,0.13993685577092732
ENSG00000133835.14,HSD17B4,0.0903330529983379,NA,0.9280225550176542,0.028075871809500445,0.05819976106531124,0.012259135378547404,NA,61,64,64,0.026739326969009096,0.26355209158454923
ENSG00000170745.11,KCNS3,-0.08973679956527822,NA,0.9284963720732925,0.06143249071979654,0.09506454587637928,0.0009744980187213592,NA,108,112,112,0.0020831635168651777,0.18484218588376025
ENSG00000126264.9,HCST,-0.08937153513239028,NA,0.9287866446009805,0.0017475367913750966,0.04220530431786325,0.031368586485893184,NA,34,34,34,0.28614163796091197,0.010759645689903041
ENSG00000177042.14,TMEM80,0.08927713728343932,NA,0.9288616633084098,0.17452476422933116,0.5082172659866354,5.3607761670957454e-21,NA,33,39,39,0.05680278012493424,0.15147071565022593
ENSG00000102858.12,MGRN1,0.08913742166607111,NA,0.9289726975603102,0.1060386704064914,0.4154280015903104,3.610162763556019e-15,NA,31,35,35,0.04085962238556548,0.09880305568187198
ENSG00000277526.4,RP11-378A12.1,0.08842779856867906,NA,0.9295366677703083,0.08569422109469557,0.17609108057556974,3.6391422064963342e-06,NA,48,52,52,0.00033068895897725594,0.20801141741304785
ENSG00000144791.9,LIMD1,-0.08774294065555666,NA,0.9300809895084524,0.021602581934545593,0.18939113411021166,2.1355560018845983e-06,NA,25,26,26,0.009467506331552474,0.07447215436339784
ENSG00000197728.9,RPS26,-0.08770756332335473,NA,0.9301091081306682,0.28600548201560816,0.7163441829318802,2.8639804185478626e-37,NA,17,19,19,0.008398399030941202,0.25219305481519794
ENSG00000125450.10,NUP85,-0.08754827047834,NA,0.9302357183997918,0.0343816129038759,0.31100124972897386,1.5743120516612404e-11,NA,11,12,12,0.3473254062093001,0.05641019752212124
ENSG00000140488.15,CELF6,0.08750156814805311,NA,0.9302728390121322,0.007854756052877662,0.10276985571578412,0.0006893415418780969,NA,13,13,13,0.41995518187174596,0.04432846470792555
ENSG00000131375.9,CAPN7,0.08746633245021379,NA,0.9303008456525097,0.007069585436637736,0.05520142224663301,0.010568454129623841,NA,14,16,16,0.325400206692687,0.11623406617010833
ENSG00000113593.11,PPWD1,-0.08726224402962332,NA,0.9304630644004627,0.030852339289685605,0.20618455724606735,3.4702940075961533e-07,NA,72,72,72,0.007271857509778241,0.049911986327078925
ENSG00000260804.3,LINC01963,-0.08679814617475716,NA,0.9308319612023038,0.008008388112578745,0.08309174011875796,0.0013764313976666394,NA,5,6,6,0.623847344000535,0.1474439899283886
ENSG00000259959.1,RP11-121C2.2,0.08644557691394163,NA,0.9311122173662878,0.0013858719141958417,0.05840528681690248,0.012053112761553254,NA,3,3,3,0.9211713922816678,0.04018866897308967
ENSG00000240771.6,ARHGEF25,-0.08617161794811079,NA,0.9313299923604041,0.0038441230713207094,0.059899085203251386,0.008923043391748748,NA,11,12,12,0.3471968944292536,0.07314286156163571
ENSG00000134121.9,CHL1,-0.0853349974948015,NA,0.9319950690191734,0.0016434294423791373,0.041066408238764215,0.032828901065338666,NA,3,3,3,0.8917151857698616,0.05987395592691504
ENSG00000139971.15,C14orf37,-0.08500891353009221,NA,0.9322543043910176,0.028409564442393273,0.04196613749631588,0.02975328639289739,NA,41,44,44,0.004791512160464288,0.1252645121237575
ENSG00000164989.16,CCDC171,0.08470943263269454,NA,0.9324923967682257,0.05005503691924085,0.13931310002299746,6.792040326558954e-05,NA,39,46,46,0.002922426022401966,0.22366276178799366
ENSG00000090975.12,PITPNM2,0.08467336957327307,NA,0.9325210679181278,0.009109292291243515,0.09926489460489103,0.0007745677896428898,NA,57,61,61,0.004437822173428683,0.051937323277503715
ENSG00000114439.18,BBX,-0.0846720890081745,NA,0.9325220860051273,0.004095891820331043,0.14037853381947754,4.524084048229886e-05,NA,29,29,29,0.06234987263870446,0.030470018554375526
ENSG00000271743.1,CTD-2541M15.3,-0.08365567186397496,NA,0.9333302022730429,0.06023870969406772,0.1602757853880231,6.950303568044501e-06,NA,44,48,48,0.000569657830843835,0.15033830231125306
ENSG00000188672.17,RHCE,-0.08357222282627709,NA,0.9333965526285972,0.07587363920565846,0.2716878317240468,1.8407970489301905e-09,NA,10,10,10,0.07704173276282955,0.10356540776034903
ENSG00000058085.14,LAMC2,-0.08286013133206079,NA,0.9339627555693915,0.07739233556574815,0.30122026325940643,1.972660817514923e-10,NA,10,10,10,0.32141986893461094,0.3041768028217792
ENSG00000198643.6,FAM3D,-0.08279865256477299,NA,0.9340116405478822,0.04375577247562969,0.049269930602878036,0.020660284415923432,NA,71,73,73,2.9505603088973715e-05,0.1628323858004729
ENSG00000078900.14,TP73,0.08269962669480097,NA,0.9340903817116859,0.01594383250946675,0.17213878491377274,3.4837235233824427e-06,NA,30,31,31,0.0008844914704330077,0.10767005386730906
ENSG00000141994.15,DUS3L,-0.08201878091313818,NA,0.9346317787630263,0.0029011062695408893,0.07960539904557913,0.002358543244527661,NA,6,8,8,0.8250336773649466,0.036397281906533664
ENSG00000198231.12,DDX42,0.08122731588547097,NA,0.9352611763519555,0.07189468998760797,0.2397654087494434,3.717586940728752e-08,NA,65,65,65,0.09785650077311289,0.08130326293085291
ENSG00000033030.13,ZCCHC8,-0.0811809610280645,NA,0.9352980404334647,0.0248757271616377,0.040370878435314166,0.03716835747986104,NA,59,59,59,0.0014627558450945285,0.07837291994013652
ENSG00000058404.19,CAMK2B,0.08115102755332654,NA,0.9353218453490992,0.0028786009874185612,0.04491909906160353,0.024422126222730968,NA,7,7,7,0.7034293027460621,0.110222938245651
ENSG00000152642.10,GPD1L,-0.08105245840069508,NA,0.9354002339295804,0.00318672838641824,0.10189999302945058,0.00037748836070352807,NA,7,7,7,0.2956694696162221,0.04326727067884697
ENSG00000104341.16,LAPTM4B,0.0807704774142818,NA,0.935624486946863,0.012575409781253481,0.0709748837098905,0.004233427071296794,NA,16,16,16,0.0094193765495842,0.123456499042459
ENSG00000180953.11,ST20,0.08074672733625438,NA,0.9356433750731761,0.15254707942786375,0.2407309051461108,4.650007969871952e-08,NA,71,75,75,2.3561245185467444e-15,0.17671895939271862
ENSG00000146574.15,CCZ1B,-0.08061460817503288,NA,0.9357484483743959,0.28936875171390175,0.20425089627392526,4.987265908447242e-07,NA,74,84,84,9.437968827581185e-07,0.3117686607311921
ENSG00000155749.12,ALS2CR12,-0.07951565593144844,NA,0.9366224794089812,0.01435557969131043,0.19688281185239068,7.480312814897594e-07,NA,4,4,4,0.0476255135478575,0.0595433243439668
ENSG00000139624.12,CERS5,-0.07943208873409797,NA,0.9366889461485562,0.020485703804324268,0.19633558802999998,5.021977247466708e-07,NA,34,36,36,0.0003306154670855266,0.0685397341757524
ENSG00000197705.9,KLHL14,-0.07932667317322559,NA,0.9367727910235607,0.0457220057642319,0.24589215118389265,1.2902296055485413e-08,NA,9,9,9,0.019282402539984075,0.19250842932131515
ENSG00000159339.13,PADI4,0.07913678629289622,NA,0.9369238240212275,0.05879168624783408,0.2540177028181372,1.5181908600954678e-09,NA,24,25,25,0.11196851576787843,0.1908278270070717
ENSG00000103150.5,MLYCD,0.07897352290794783,NA,0.9370536829298534,0.004008883959859139,0.09784269202757967,0.0009665040139288707,NA,7,8,8,0.44746218883308597,0.03709231027859757
ENSG00000170113.15,NIPA1,0.07874693543938499,NA,0.9372339122827205,0.0023574801020240952,0.1811983520818697,2.5395951195996485e-06,NA,14,41,41,0.48144019985416,0.0605617932286565
ENSG00000272894.5,RP5-1159O4.1,-0.07744513051335358,NA,0.938269439606096,0.04498545920716898,0.2905410337560758,2.99788480512775e-10,NA,48,53,53,0.059448446748875367,0.13949195847752938
ENSG00000187672.12,ERC2,-0.07708374639006263,NA,0.9385569230267512,0.002359306551454337,0.04570979262076826,0.025503722652027692,NA,11,14,14,0.10866876518967845,0.05728223133072283
ENSG00000197579.7,TOPORS,0.07652746734318741,NA,0.938999462265269,0.00809161436338809,0.04462684041430636,0.02628490952147693,NA,10,10,10,0.2542474715505648,0.05030183199942952
ENSG00000145808.9,ADAMTS19,-0.0762398467028024,NA,0.939228281838538,0.04922942076295981,0.05373880489656535,0.014400888919626466,NA,59,60,60,0.022039527615754204,0.16183453502404202
ENSG00000108001.13,EBF3,-0.07614866279429261,NA,0.9393008251878351,0.03949814030771371,0.11843505266493658,0.00017004125439295243,NA,44,48,48,0.0005688668297166074,0.2362407272721488
ENSG00000019186.9,CYP24A1,0.0743927681496668,NA,0.9406978630401838,0.06180344485336188,0.08913810864495998,0.0004332551951485154,NA,23,24,24,0.027605449900631393,0.14192501640520475
ENSG00000111261.13,MANSC1,-0.07430143164145987,NA,0.9407705378972641,0.003904893510813073,0.06840728757308802,0.003965749605331366,NA,4,4,4,0.17189419997667388,0.05721700429687838
ENSG00000214652.5,ZNF727,0.07413919742276265,NA,0.9408996260343419,0.011602984886890218,0.047889324354759136,0.023124578797829136,NA,5,7,7,0.03931101413900897,0.17906840532881976
ENSG00000138750.14,NUP54,-0.07410526286255295,NA,0.9409266276192638,0.016589904268279314,0.1652756975357902,7.594661964092903e-06,NA,23,24,24,0.3422913406580975,0.029129179995991114
ENSG00000148604.13,RGR,-0.07400927900606333,NA,0.941003001932316,0.10956452998841806,0.3990088481463475,1.3091478903726116e-14,NA,53,54,54,0.2917837510151501,0.14777462507772546
ENSG00000165502.6,RPL36AL,-0.07374810424166464,NA,0.941210821323863,0.012684435558627805,0.0935544917090704,0.0011453630067790172,NA,13,13,13,0.17806213884693312,0.03428230136388465
ENSG00000180616.8,SSTR2,-0.0730434872901243,NA,0.9417715120590663,0.02821043027579881,0.1109013954748376,0.0003710056664978093,NA,29,35,35,0.001546626174984433,0.36055781183738383
ENSG00000234409.6,CCDC188,0.07286997728596908,NA,0.941909585063412,0.009103888487573214,0.08107046347809735,0.0022001182915416407,NA,17,17,17,0.2846799772058365,0.11281336253444108
ENSG00000163320.10,CGGBP1,0.07215487966662705,NA,0.9424786523401539,0.011218820092861893,0.17666210278318706,2.9450168207633264e-06,NA,20,20,20,0.0013056357101254863,0.1709140454623605
ENSG00000158158.11,CNNM4,-0.07138147796313195,NA,0.9430941504462432,0.0119192733942129,0.07339460335921796,0.00448668674227268,NA,22,22,22,0.013621017098399777,0.2697228654251084
ENSG00000099810.18,MTAP,-0.07071005878868354,NA,0.9436285151229746,0.01320595760849823,0.08891440598566841,0.0016474299430445814,NA,17,18,18,0.3685865700575105,0.09007971100244963
ENSG00000273198.1,GS1-304P7.3,-0.06976530808633105,NA,0.9443804600078823,0.07514133586446733,0.15377853060706176,1.7026805655774332e-05,NA,65,66,66,0.01630624201904514,0.0959069166040689
ENSG00000187134.13,AKR1C1,0.06950953290764887,NA,0.9445840448453686,0.0990218477295978,0.21268568737051147,2.871796679537575e-07,NA,42,42,42,0.0025890966422098013,0.4574597207769404
ENSG00000164385.8,LINC01600,0.06950040145820512,NA,0.9445913131103993,0.06156640598472962,0.11302815389836204,0.00010291798785975238,NA,47,52,52,0.09017799045929527,0.27307065529761904
ENSG00000060566.13,CREB3L3,-0.06889224419223529,NA,0.9450753920908368,0.0004532709202565875,0.0545848376451895,0.014013628183273551,NA,3,5,5,0.8726822595565522,0.019518737326938214
ENSG00000242715.7,CCDC169,-0.06880964228658519,NA,0.9451411428470258,0.1173069035502915,0.2785722752775893,4.4720478563489915e-10,NA,92,95,95,0.01721040581765485,0.1336811648977387
ENSG00000183476.12,SH2D7,-0.06844318494868808,NA,0.9454328457882635,0.040348255977037215,0.2193200221450573,1.0605558124639996e-07,NA,24,25,25,0.013171015058406581,0.08961108823344635
ENSG00000055732.12,MCOLN3,0.0680822387224246,NA,0.9457201689934367,0.03432226200483064,0.11356493652991995,0.00014797163596122462,NA,14,15,15,0.017582916937920034,0.13202737746904056
ENSG00000204588.5,LINC01123,-0.06803422664792677,NA,0.9457583884689946,0.003361068976461624,0.06203532509874675,0.008694082714660649,NA,9,11,11,0.12620971102807763,0.07441514642579912
ENSG00000128536.15,CDHR3,0.06694402884062942,NA,0.9466262616856408,0.00483192661518223,0.0401846132675919,0.03624803870322688,NA,17,20,20,0.4279118565214347,0.09218548232663476
ENSG00000174099.10,MSRB3,0.06634565767628642,NA,0.9471026337051204,0.006042973084147003,0.0729640233274559,0.003816834392958396,NA,14,16,16,0.14396972106887015,0.1685770958217543
ENSG00000104870.12,FCGRT,0.06621889176379092,NA,0.9472035563320929,0.008094037019577097,0.059356093141873324,0.011275550170977743,NA,16,16,16,0.0022528421385324673,0.1557504564305352
ENSG00000255284.1,AP006621.5,0.0659903922818685,NA,0.9473854746304888,0.03477743064819921,0.32863874484377786,3.3586155689226636e-11,NA,7,7,7,0.7073481077504089,0.0883720454292973
ENSG00000093183.13,SEC22C,0.06596317892209705,NA,0.9474071405435751,0.010159126240698573,0.07297900909830002,0.003730197920463903,NA,21,21,21,0.6279598757689484,0.03894264625503094
ENSG00000122359.17,ANXA11,-0.06594887009111489,NA,0.9474185325332307,0.017107642039668323,0.17221523850149806,4.060493584410822e-06,NA,12,13,13,0.26891342129519713,0.06441681698249106
ENSG00000112796.9,ENPP5,0.0657550164669136,NA,0.9475728703424513,0.02042809724556802,0.07372370255092467,0.003666067924012243,NA,25,25,25,0.0014514784465426884,0.0670260518001181
ENSG00000175170.14,FAM182B,-0.06570163725559686,NA,0.9476153688904132,0.13576255952477076,0.3507421315615404,1.4287847017710276e-12,NA,55,58,58,0.4837868411991646,0.2569094446928049
ENSG00000174226.8,SNX31,0.06539647468993481,NA,0.9478583308632972,0.14957315815555025,0.4322889973153068,1.0775003944927728e-16,NA,14,14,14,0.4442863182848411,0.1487554682777259
ENSG00000261455.1,LINC01003,0.06502621407337417,NA,0.9481531286076152,0.022980258106180762,0.05075970460581019,0.015477346630390397,NA,15,17,17,0.30652664408879793,0.09784747974631224
ENSG00000029559.6,IBSP,0.06470697226765512,NA,0.9484073113923034,0.020288739185401933,0.04301693356664816,0.030896052159982444,NA,14,14,14,1.562649158964611e-05,0.15259454355299987
ENSG00000269921.1,RP11-646I6.5,-0.06406595328999404,NA,0.9489177114702916,0.004390860808609727,0.037225472039425736,0.04093705974979493,NA,3,3,3,0.746833658715233,0.12986594523234565
ENSG00000168781.21,PPIP5K1,0.063353175698464,NA,0.949485272684726,0.011404807195466403,0.0434443977641099,0.030228314340817256,NA,21,21,21,1.316355889058279e-10,0.10347289195865196
ENSG00000260947.1,RP11-384P7.7,-0.06318541007475338,NA,0.9496188626372833,0.0499817370939737,0.2353785415380127,8.152559196194893e-09,NA,22,23,23,1.610258265320549e-05,0.09161335332792306
ENSG00000182557.7,SPNS3,-0.0630053344342265,NA,0.9497622564988355,0.003959880693190583,0.038118248870971996,0.03677297094185817,NA,5,6,6,0.11347245854535806,0.12123459112523445
ENSG00000254415.3,SIGLEC14,-0.06298040532693601,NA,0.9497821076239181,0.07696019456199837,0.2147042367820732,1.865416872643229e-07,NA,38,39,39,0.16963622400025546,0.2031314431990799
ENSG00000148158.16,SNX30,0.06249267776885057,NA,0.9501704928384277,0.004279285665380161,0.035024505081575015,0.04855302625997745,NA,15,16,16,0.24184860950056686,0.049269954107022416
ENSG00000116874.11,WARS2,0.062383302055968204,NA,0.9502575920871191,0.12073311115656442,0.337531564499657,8.861690190901755e-12,NA,28,29,29,0.16943473941166487,0.20071274408473164
ENSG00000139531.12,SUOX,0.06227595298334872,NA,0.950343078037643,0.010197684577481991,0.1057028002623546,0.00045752938467471404,NA,7,7,7,0.6916599189093853,0.028982349267103056
ENSG00000241186.9,TDGF1,-0.0621180722268461,NA,0.9504688052343906,0.053165275832881706,0.33130843993667275,1.097117334308609e-11,NA,6,6,6,0.002140494206148587,0.2253353618859547
ENSG00000119913.4,TECTB,-0.061700953406134754,NA,0.9508009807096444,0.06004570337787369,0.2771457957746453,2.032937504737116e-09,NA,14,14,14,0.23681738060296353,0.07127676678526372
ENSG00000116830.11,TTF2,-0.06169123792559266,NA,0.9508087178022817,0.010610706512409323,0.2095474291258714,2.753146633261749e-07,NA,5,5,5,0.9252964936504662,0.07177034224500199
ENSG00000170509.11,HSD17B13,0.06160276911598494,NA,0.9508791716974464,0.02460835631201072,0.06823184232827062,0.0045375808832725725,NA,10,10,10,0.828219812404954,0.03656431937800071
ENSG00000156931.15,VPS8,0.0614302775569684,NA,0.9510165398830065,0.02968103355501929,0.1882632948284586,1.528238701001479e-06,NA,21,22,22,0.13154494297058292,0.1201940384284628
ENSG00000169972.11,PUSL1,0.061292018841335276,NA,0.951126646895339,0.0061519167449232415,0.09599502915465047,0.0008947947791997489,NA,4,4,4,0.11487028499220645,0.07879348480518647
ENSG00000039560.13,RAI14,0.060820387548804686,NA,0.9515022534613508,0.014596828013984507,0.043218859147162336,0.032036883608667,NA,42,44,44,0.0504039052699512,0.14045786259517587
ENSG00000136238.17,RAC1,0.0602268431555328,NA,0.9519749667686509,0.004011872604432364,0.09360290472285088,0.0010263593844024245,NA,6,6,6,0.5738799907114978,0.030766161141918026
ENSG00000122965.10,RBM19,0.06020282226422614,NA,0.9519940979523306,0.005196431309527202,0.11962867727101514,0.0001748683520858317,NA,6,7,7,0.020700629246028,0.05237505150939547
ENSG00000257261.5,RP11-96H19.1,0.06015988992628887,NA,0.9520282910256662,0.02382644698783595,0.12945281606420628,0.00012520310862934432,NA,15,15,15,0.7864730252282884,0.1612675662813551
ENSG00000178814.16,OPLAH,-0.06003131995278074,NA,0.9521306899494727,0.0011228628006027608,0.046585035341773474,0.02330230107955436,NA,2,2,2,0.7706576613550493,0.04923508572518668
ENSG00000165282.13,PIGO,-0.05962860010938493,NA,0.9524514392975774,0.005759569903259928,0.041552025064177614,0.029504337370578445,NA,11,12,12,0.021704293050263643,0.03541278811351658
ENSG00000270210.1,RP11-373D23.3,0.05945589203283297,NA,0.9525889963498972,0.0019063026475418336,0.10116206712307042,0.0005242715313222754,NA,2,3,3,0.8710497097506027,0.057671403594876575
ENSG00000268707.1,RP11-247A12.7,0.059296875931463995,NA,0.9527156493839527,0.14016242069565488,0.4593619512096122,2.4995284379481264e-17,NA,7,9,9,0.03860489819415065,0.2994476089213847
ENSG00000170632.13,ARMC10,0.05900338208797877,NA,0.9529494142905666,0.010495917866837522,0.11516306777037245,0.00012764255271232778,NA,19,21,21,5.036962829936552e-07,0.04620477765044555
ENSG00000163586.9,FABP1,-0.058703814580523046,NA,0.953188020984255,0.10487437872281263,0.3847819351232165,9.718433672345236e-15,NA,7,8,8,0.7499070829003863,0.26840976257260457
ENSG00000281538.1,RP4-669P10.20,-0.05852060286974495,NA,0.9533339518991565,0.034892144553031634,0.14951878645410513,2.5623716248761827e-05,NA,19,20,20,1.140972485793493e-05,0.08016824286046073
ENSG00000059122.16,FLYWCH1,0.058259539253611825,NA,0.9535418957430404,0.1862171813272611,0.6281250210491928,3.660355833792058e-29,NA,17,19,19,0.0656149088826276,0.4296046480346702
ENSG00000186567.12,CEACAM19,-0.05818223889544866,NA,0.9536034680618855,0.007927262434854207,0.1699403411106134,1.3716364486965923e-06,NA,5,5,5,0.7309283092615058,0.2285625539588169
ENSG00000196912.12,ANKRD36B,-0.05778131530257932,NA,0.9539228215380653,0.00349655759673938,0.07750008998853156,0.0022571670839528213,NA,3,7,7,0.6933053010151842,0.0920414685336688
ENSG00000213199.7,ASIC3,0.056833238677199305,NA,0.9546780360838448,0.003083547255530732,0.03996459294324047,0.03521318427222981,NA,17,18,18,0.1379093048326894,0.19046537607980094
ENSG00000225860.2,LINC02072,0.056825251099233844,NA,0.9546843989660169,0.12430487760251767,0.08916171925486334,0.0013942966274407625,NA,108,112,112,0.011351973993216713,0.5497324413151297
ENSG00000198547.8,C20orf203,-0.05636637810264197,NA,0.9550499407422032,0.033694602392084085,0.19984774202486705,2.9951208594563346e-07,NA,22,22,22,0.15534916419567657,0.07243452576166108
ENSG00000168938.5,PPIC,0.05629673848392573,NA,0.9551054170290119,0.015133438614455642,0.044865362277000914,0.024200729017286173,NA,19,20,20,0.3510864973641179,0.5103918939750991
ENSG00000183230.16,CTNNA3,0.05594473334875329,NA,0.9553858345496797,0.00421094477471291,0.10094221412657872,0.0006104769866559218,NA,27,28,28,0.1641723205324912,0.1069228421113662
ENSG00000214087.8,ARL16,0.055730741889753854,NA,0.9555563090661422,0.06948822589912407,0.3464516286564788,6.041067140872903e-13,NA,17,19,19,0.8562847368400344,0.11976771714132844
ENSG00000144026.11,ZNF514,0.05537396799156408,NA,0.9558405345421386,0.13478077899592106,0.2108322439496903,6.304660527190273e-08,NA,57,62,62,0.003993454398696002,0.16381040797207458
ENSG00000185736.15,ADARB2,0.05536563848261568,NA,0.9558471703488489,0.009846716301721717,0.07841939715237331,0.0031232287052839845,NA,12,12,12,1.428323611566519e-07,0.13821791947944645
ENSG00000072864.14,NDE1,0.054843672493729685,NA,0.9562630071194419,0.015375598684765065,0.24230612874514104,1.886677615790881e-08,NA,6,6,6,0.0027557672376793425,0.11282710957957873
ENSG00000233396.7,LINC01719,-0.054406087845563895,NA,0.956611628641329,6.139456869784434e-05,0.32146184866453714,4.9451986438271215e-11,NA,1,16,16,0.956611628641329,0.010513069658642472
ENSG00000117643.14,MAN1C1,0.05440255888040613,NA,0.9566144401842185,0.005691361959967917,0.05183506950767448,0.01641259677446226,NA,8,9,9,0.36242078221648233,0.09695287543318172
ENSG00000196693.14,ZNF33B,0.05440237358630801,NA,0.9566145878088999,0.0037063850926365095,0.10837571303779846,0.00032340489674850516,NA,13,14,14,0.9419450152308165,0.04474393933777472
ENSG00000185187.12,SIGIRR,-0.05412988540494605,NA,0.9568316820347669,0.016435840683710644,0.1799873878861792,8.169651635973505e-07,NA,12,13,13,0.27419906519743875,0.1914754686927769
ENSG00000231429.2,RP11-343N15.2,-0.05392775684595107,NA,0.956992722072322,0.0014944005616960366,0.05917088779262545,0.007761830815731283,NA,1,6,6,0.956992722072322,0.053426702908482025
ENSG00000257949.6,TEN1,-0.05390239389066437,NA,0.9570129293917322,0.06242642019683472,0.3965730888726845,9.894333880083971e-15,NA,7,7,7,0.20219391613585402,0.11788081736441278
ENSG00000186468.12,RPS23,-0.05287325170297065,NA,0.9578328966252108,0.04938111723880271,0.3164159410736786,3.522516655305829e-11,NA,24,24,24,0.0009259333248779589,0.09753440135684388
ENSG00000227733.9,RP4-565E6.1,-0.05282725589593836,NA,0.9578695447518988,0.020108045862352254,0.11251287260703592,0.0002580871541294892,NA,2,2,2,0.880870454492458,0.2645434736527979
ENSG00000205609.12,EIF3CL,-0.052477449402118806,NA,0.9581482633416565,0.010180276193327502,0.0563817046324319,0.012502944456775215,NA,7,8,8,0.4809829315908134,0.04595872946485837
ENSG00000259905.5,PWRN1,0.05242282292358646,NA,0.9581917890543054,0.15816903641752308,0.3795836812367844,1.5784006271062113e-14,NA,54,65,65,0.041243065725218055,0.1310461601856132
ENSG00000161955.16,TNFSF13,0.05123436568267689,NA,0.9591387679389759,0.002609408057852626,0.08278837941141913,0.001654367114727783,NA,3,3,3,0.9472177105436492,0.03217460755315663
ENSG00000141519.14,CCDC40,0.051048008239883556,NA,0.9592872653465089,0.007158649304523526,0.12817827328962775,0.00010551180688475649,NA,6,6,6,0.13728932139633104,0.10793823389297423
ENSG00000203867.7,RBM20,0.05096969861678023,NA,0.9593496661524745,0.019587271539212414,0.15161324054610176,2.634832690967295e-05,NA,22,22,22,0.38827926537951585,0.09567518656628088
ENSG00000166923.10,GREM1,0.05000296785591315,NA,0.9601200232751775,0.020911825741620142,0.3336545462702044,1.855754158567208e-11,NA,5,13,13,0.13810252740315165,0.10956545515477177
ENSG00000218672.1,AC008060.7,-0.049753288742882956,NA,0.9603189907317328,0.11521070514692648,0.546642374325421,4.716211918415418e-22,NA,8,10,10,0.000588875706371469,0.3607698867134432
ENSG00000250312.6,ZNF718,0.049686014563051745,NA,0.9603726014561536,0.19932990223115707,0.4583972521632295,4.221699507331672e-17,NA,32,35,35,0.005955382411066696,0.14161966206953833
ENSG00000106927.11,AMBP,0.048898246018123606,NA,0.9610003866666783,0.03515425479196756,0.18360497596210376,1.7667827330111191e-06,NA,19,21,21,0.2147242133928282,0.4946633195873448
ENSG00000197245.5,FAM110D,-0.048563100465575756,NA,0.9612674768124712,0.010980766148613891,0.1377671140565034,6.973432576952253e-05,NA,8,8,8,0.8069482563755109,0.034882053845525764
ENSG00000122696.13,SLC25A51,-0.04847757505783144,NA,0.961335635936712,0.2210867210724425,0.4417764635066904,6.8616721860728295e-18,NA,55,58,58,0.0008984595490402253,0.28606802008280163
ENSG00000055211.12,GINM1,0.0484371677023408,NA,0.9613678385118912,0.01873771486941304,0.13478624667493178,1.9968089487518533e-05,NA,38,39,39,0.022440594834867805,0.050976427153516385
ENSG00000123643.12,SLC36A1,-0.04837824039270007,NA,0.9614148006468878,0.025670312188127875,0.10291049964231858,0.00043438233297980587,NA,46,46,46,0.27801658054523315,0.08297141131992858
ENSG00000268734.1,CTB-61M7.2,-0.046576519096053766,NA,0.9628507467617954,0.00831042827314111,0.08090543488401343,0.0024294986076678197,NA,11,16,16,0.15563663972290545,0.09830586328484454
ENSG00000115364.13,MRPL19,0.04592679539444382,NA,0.963368597069887,0.060663553166170656,0.24465000445591875,1.9118860551553424e-08,NA,52,56,56,0.11626746432596602,0.11942920099411038
ENSG00000222014.5,RAB6C,0.0454028580142572,NA,0.96378620297266,0.008757360396976277,0.1436217213041185,3.573888625677831e-05,NA,18,23,23,0.240686980418783,0.1316135982014937
ENSG00000122674.11,CCZ1,-0.04500822461363656,NA,0.9641007533056543,0.2016698839231744,0.2132397243373796,3.0589095480252514e-07,NA,59,69,69,9.437968827581185e-07,0.2820302603163734
ENSG00000171806.11,METTL18,-0.044274684964200124,NA,0.9646854503536901,0.02930806830026921,0.13568066376186613,2.919757972905663e-05,NA,27,28,28,0.2737504027054445,0.0560364860509081
ENSG00000273036.2,FAM95C,-0.043543820191492465,NA,0.9652680341707819,0.014033825608099435,0.10447263209523633,0.0004502729734024793,NA,17,20,20,0.028480739801969,0.08485769495987826
ENSG00000146411.5,SLC2A12,-0.04334993013985132,NA,0.9654225901080916,0.010551762112932423,0.08252774249676426,0.0016579363265005163,NA,11,11,11,0.6565406384732395,0.056405075854536385
ENSG00000133740.10,E2F5,-0.04330110092571859,NA,0.9654615136353294,0.013290665278434196,0.03711700028342354,0.04266304537383348,NA,24,24,24,0.06577449821768405,0.08917537235561941
ENSG00000196655.11,TRAPPC4,0.04309612185954052,NA,0.9656249107367842,0.08981856116405064,0.4784422132646762,2.3297700050853157e-18,NA,12,12,12,0.11257334877891767,0.07316699612589217
ENSG00000140798.15,ABCC12,0.04281851600630411,NA,0.9658462038865541,0.022979032107087127,0.055738117848144496,0.012141468104810142,NA,15,15,15,0.010704810407659467,0.1050864476083964
ENSG00000275491.1,LINC01730,0.04250342821010962,NA,0.9660973789053108,0.11713255924016341,0.4032545618602112,1.6410121499330557e-14,NA,5,5,5,0.05576901076271662,0.21829578313325734
ENSG00000159063.12,ALG8,0.04223915279073342,NA,0.9663080509841556,0.04627908488951043,0.09200782644158732,0.0013885743655484035,NA,22,23,23,1.2376075997284188e-06,0.21327795208678152
ENSG00000071794.15,HLTF,-0.042125574058635526,NA,0.9663985931118915,0.025534723001940287,0.10047081276411586,0.0006577076818345928,NA,71,74,74,0.10615431605847736,0.04835275169281608
ENSG00000162298.18,SYVN1,-0.042121718187363565,NA,0.9664016669237494,0.025588801825045422,0.10028535146837056,0.0008002580467293738,NA,54,56,56,0.039720669709658735,0.1228591411482395
ENSG00000198039.11,ZNF273,0.041746982106723216,NA,0.9667004002798486,0.03460363188983937,0.22192672099786595,4.474363110624326e-08,NA,55,57,57,8.786013792630543e-05,0.14390761118780512
ENSG00000167136.6,ENDOG,-0.041270615375354765,NA,0.9670801586374395,0.020262505688119263,0.046803201395851785,0.02359870464044438,NA,36,39,39,0.3614485427197852,0.2859926950681741
ENSG00000197360.9,ZNF98,-0.040583705468384405,NA,0.9676277746067425,0.16523095416198366,0.1468731907229987,2.019824557258071e-05,NA,111,122,122,0.006493152799858226,0.6163677575174762
ENSG00000239704.10,CDRT4,0.040060645888621134,NA,0.9680447766300597,0.010932373370795659,0.12487123398483722,8.423093008499304e-05,NA,14,14,14,0.8089105824574601,0.1848156817094936
ENSG00000102189.16,EEA1,0.03982786350763732,NA,0.9682303619836315,0.016674889141646387,0.06813902379356593,0.004579405172080175,NA,42,42,42,2.130984593442714e-05,0.05930645796991011
ENSG00000230555.2,RP11-517P14.2,-0.0393611199388456,NA,0.9686024776659972,0.04067375246294955,0.16963947643875887,4.53642446761696e-06,NA,24,24,24,0.15259037910059126,0.13720109374291614
ENSG00000249846.6,LINC02021,0.039086801755409115,NA,0.9688211836022654,0.07365733266887675,0.15205863566094288,1.7363715220755006e-05,NA,51,52,52,4.35098163847105e-06,0.3173619474152393
ENSG00000260778.5,RP11-304L19.13,-0.039002391536870136,NA,0.9688884818953676,0.04208928102572771,0.0909994426302175,0.0015635485074560439,NA,31,37,37,0.014357840189410779,0.1233117249038196
ENSG00000182993.3,C12orf60,0.038885965330674295,NA,0.9689813061501072,0.12294699472171229,0.364486181604996,6.812802712232354e-13,NA,14,14,14,0.019941401314710606,0.12049743597876925
ENSG00000040531.14,CTNS,-0.03865882570171558,NA,0.9691624011816823,0.01614957476317089,0.13801922786273416,4.709840303298628e-05,NA,3,3,3,0.9440572725503326,0.11053349514533384
ENSG00000115825.9,PRKD3,0.036687046886680307,NA,0.9707345367782616,0.0027395069067638654,0.05754442487412587,0.011253690486516895,NA,13,13,13,0.5360274761371209,0.02512998109560856
ENSG00000008517.16,IL32,-0.03662871013954854,NA,0.9707810515043712,0.030158462541217873,0.15392253435255435,1.1371359862805655e-05,NA,21,23,23,0.5602761926690973,0.27314924470531515
ENSG00000272369.1,RP11-446N19.1,0.03625236444449904,NA,0.9710811326152801,0.05005615130260116,0.0794530217164676,0.0017622759426587458,NA,41,44,44,2.3536699566815608e-23,0.185237420491404
ENSG00000259577.1,CERNA1,-0.036130073611220136,NA,0.9711786427025374,0.025860295221896926,0.20551890162214195,4.110584141328844e-07,NA,17,18,18,0.3262605293897194,0.059274494256964814
ENSG00000100079.6,LGALS2,-0.03608948112830287,NA,0.97121100970913,6.703506494183328e-05,0.0703360109706715,0.003430344803175755,NA,2,3,3,0.9362184195781038,0.010541772434284986
ENSG00000169398.19,PTK2,0.034901576105925404,NA,0.9721582238295813,0.04622553061876397,0.093399252816764,0.001199149908031641,NA,89,97,97,4.5215844562024633e-26,0.21133364124187165
ENSG00000119878.5,CRIPT,-0.03483232079256535,NA,0.9722134479965266,0.024584589707453336,0.07258020326040977,0.004734031056095489,NA,18,18,18,0.017685414272426397,0.053849799939195135
ENSG00000042753.11,AP2S1,0.03426540492191958,NA,0.9726655115334872,0.0023539203956746482,0.15346464718088582,1.4358662542022007e-05,NA,16,17,17,0.036863689988703936,0.03149479061175192
ENSG00000155265.10,GOLGA7B,0.03412357345223427,NA,0.9727786105327156,0.0005050160676747369,0.04037950748200439,0.03487978149107058,NA,1,1,1,0.9727786105327156,0.06419280498444918
ENSG00000261390.5,MAFTRR,0.03399853408004392,NA,0.9728783196613938,0.05113195548473239,0.17196772044451816,2.674336101429017e-06,NA,11,14,14,0.689876237821637,0.0896655676354041
ENSG00000120675.5,DNAJC15,-0.03366918141975806,NA,0.973140954696788,0.11319260629430301,0.5531765968229679,2.2423175431400628e-23,NA,63,63,63,0.5379522337354008,0.07333928719224032
ENSG00000238142.1,RP11-108M9.4,-0.0325834403903262,NA,0.9740067754730627,0.03487527925185132,0.15587704086673368,6.778499952203862e-06,NA,11,17,17,0.7056138115290744,0.11881603458661764
ENSG00000160999.10,SH2B2,-0.032151670280071605,NA,0.9743510977618188,0.026883915944276335,0.10515106471943224,0.0006076349362530226,NA,21,22,22,0.05174678555227577,0.100561748798753
ENSG00000099330.8,OCEL1,0.031996813879351486,NA,0.9744745917539768,0.007887723172687024,0.07640265972888463,0.00357727196593042,NA,17,21,21,0.5703348154029135,0.06913887154298072
ENSG00000070476.14,ZXDC,0.03169202671818713,NA,0.9747176534515757,0.0486211125013862,0.2326699774945951,5.251216630234282e-09,NA,12,12,12,0.5452801768577684,0.08118421529884766
ENSG00000161551.14,ZNF577,-0.031101092048925746,NA,0.9751889187630562,0.017592994430849003,0.10125200775222183,0.0007512970038702957,NA,49,49,49,0.24978853143592794,0.06634146383394786
ENSG00000271040.1,RP5-933K21.3,0.02909928614260727,NA,0.9767854051337563,0.034679359060722705,0.13734641334672873,5.950102753801581e-05,NA,22,24,24,0.022784135767253848,0.21322580061112445
ENSG00000125863.18,MKKS,0.029036813594180744,NA,0.9768352299613826,0.00878164761096214,0.15025972207177918,2.4093060355577528e-05,NA,41,42,42,0.1037510037100742,0.08477434997030922
ENSG00000138756.17,BMP2K,0.028989666763929837,NA,0.9768728318599568,0.01551787370280863,0.05494720835042,0.007522906528487056,NA,25,27,27,1.6750096183513727e-05,0.2243227462146654
ENSG00000145287.10,PLAC8,0.02813210932821987,NA,0.9775567846615973,0.04678074753411446,0.13281069311793006,8.420646918736333e-05,NA,36,38,38,0.06563456270364823,0.07969790926770455
ENSG00000260633.1,RP11-375I20.6,-0.02767661350283999,NA,0.9779200762783783,0.07542902156351139,0.3296789333432031,7.064526899999374e-12,NA,13,13,13,0.8896462443294568,0.07263749417113242
ENSG00000184956.15,MUC6,-0.027648979289000244,NA,0.9779421167563159,0.002841988375256203,0.055092126834966566,0.014998871442174188,NA,8,34,34,0.002275867253492098,0.05594724389941613
ENSG00000083535.15,PIBF1,-0.02757493546424155,NA,0.9780011726639005,0.02562373898714803,0.05242112063864285,0.014032345253982129,NA,26,29,29,0.008259117738761385,0.05606714356510248
ENSG00000163412.12,EIF4E3,-0.027399957451019464,NA,0.9781407321862161,0.0012112946000284257,0.0823840977163048,0.002562839213636695,NA,2,2,2,0.8133712938812672,0.045932822192721885
ENSG00000228140.1,RP3-467K16.4,0.02683493449901974,NA,0.9785913895428905,3.0057392453846395e-05,0.21391899879340628,1.3397963684815994e-07,NA,2,9,9,0.7361901990595207,0.008030022610224195
ENSG00000092931.11,MFSD11,0.02679725625183333,NA,0.9786214416273824,0.013978522305393044,0.036995941578966636,0.04323078023709536,NA,9,11,11,0.0035634018397424695,0.16306500822760142
ENSG00000130640.13,TUBGCP2,0.026704216887266888,NA,0.9786956497434048,0.004061043585274462,0.05392768277726664,0.013381439473908978,NA,5,5,5,0.17830814378108706,0.06769952992280359
ENSG00000156411.9,C14orf2,0.02629059122843301,NA,0.9790255594310129,0.0023222593622828627,0.03821945033871252,0.03417598205412793,NA,13,13,13,0.05816894812727852,0.06441025246982443
ENSG00000100299.17,ARSA,0.025775891194640098,NA,0.979436091498441,0.05695968780437555,0.3703054860179663,6.197975294749794e-14,NA,12,12,12,0.0011874820761355155,0.19938296497675967
ENSG00000114491.13,UMPS,0.025748511776328087,NA,0.9794579298654286,0.004252954005110162,0.16091451213967245,5.459398229546547e-06,NA,1,2,2,0.9794579298654286,0.10036499096284103
ENSG00000161958.10,FGF11,0.025668026841535463,NA,0.9795221263345457,0.022742108872383544,0.11768033381591203,0.00022462474278736602,NA,39,40,40,0.12369091542504221,0.09145880685428152
ENSG00000181408.3,UTS2R,0.02548384258737041,NA,0.9796690360503096,0.029569132335689297,0.12104253384907887,0.0001724891104303368,NA,20,23,23,1.996040665717235e-09,0.09788088735583422
ENSG00000221947.7,XKR9,-0.025399119103803765,NA,0.9797366137357566,0.1342603881456339,0.3697353880810763,1.9961848690746257e-14,NA,43,44,44,0.6321761035087206,0.07154863596220304
ENSG00000263154.1,RP11-1055B8.2,0.025340982811600857,NA,0.9797829848601762,0.02151345398295246,0.10612194775984507,0.0005432042321118697,NA,19,19,19,0.7123002092717644,0.16089054148995405
ENSG00000144909.7,OSBPL11,-0.025096914234814926,NA,0.9799776614923259,0.004359899036241282,0.052315530143857335,0.013546600346503786,NA,9,10,10,0.2866723618083218,0.09735291048071243
ENSG00000230839.1,RP5-968J1.1,-0.024259727872689638,NA,0.9806454361708113,0.013101625753274324,0.10713326385013228,0.0002831389712771388,NA,8,9,9,0.5239365839318921,0.06293378815044451
ENSG00000140104.13,C14orf79,-0.0233009266273479,NA,0.9814102325737876,0.009309859571321133,0.18136062329866676,1.5111992314065687e-06,NA,14,18,18,0.24915090748857993,0.06508902940309154
ENSG00000066230.10,SLC9A3,-0.02293941767219401,NA,0.9816985979040844,0.0653760101056842,0.2521957386323831,2.155153123694748e-09,NA,17,23,23,0.046203033798826364,0.21940095509311255
ENSG00000110448.10,CD5,0.02282740492679902,NA,0.9817879477470931,0.003578951196576193,0.03832418784646801,0.03852147595471552,NA,2,2,2,0.6909564178879544,0.1335753795284883
ENSG00000143036.16,SLC44A3,0.02280560534588094,NA,0.9818053367692494,0.0178961182068873,0.1288624715134923,7.588005411563885e-05,NA,20,20,20,0.009394395766326162,0.15740471797910016
ENSG00000161654.9,LSM12,-0.022799862022105315,NA,0.981809918087401,0.011893677083772728,0.08158722555014783,0.002042863146262541,NA,14,15,15,0.7768271478144445,0.11938823163453972
ENSG00000110455.13,ACCS,-0.022748467659072045,NA,0.9818509142232135,0.08393145396363338,0.4268494569202037,3.2697533220767856e-17,NA,40,42,42,0.005254963188390887,0.18481381344130285
ENSG00000185689.15,C6orf201,-0.022600173496596702,NA,0.9819692054336694,0.08944299297722244,0.09183929544323226,0.0006135931921246386,NA,83,94,94,2.5561303524108373e-07,0.4629735725903171
ENSG00000103852.12,TTC23,0.022534292234683513,NA,0.9820217576917757,0.049465867623820256,0.3575836081892105,2.758758215797937e-13,NA,10,11,11,0.3315253571889637,0.05685715231633327
ENSG00000270020.1,RP11-463O9.9,-0.022001275120037106,NA,0.9824469383862808,0.08667903391564077,0.4846981055622068,2.8929316956128523e-19,NA,70,87,87,0.004871032020098935,0.1534894280765167
ENSG00000177951.17,BET1L,0.021055126823023903,NA,0.9832016805585855,0.03697852954852661,0.07727815224615159,0.0031503485103625203,NA,35,42,42,0.002275867253492098,0.1845646045849192
ENSG00000136425.12,CIB2,-0.020891278643745032,NA,0.9833323837412937,0.06543506912281821,0.31516345338887825,4.222774948838361e-11,NA,22,24,24,0.014395794777186489,0.1399933439612029
ENSG00000177483.11,RBM44,0.019867592426770237,NA,0.9841489975370773,0.0072355713194699346,0.035886120308584214,0.04782385997650309,NA,5,5,5,0.3180715791230856,0.06966037441783668
ENSG00000186020.12,ZNF529,-0.019642877896036068,NA,0.9843282588078611,0.010833080362118986,0.12228543674966892,0.00017266478297001987,NA,39,43,43,0.47990704833546927,0.037074747609996586
ENSG00000115084.13,SLC35F5,-0.019071303452166444,NA,0.9847842237934192,0.005749255841626448,0.07856189155997725,0.003038087626544713,NA,5,5,5,0.726471985660506,0.05233848012523527
ENSG00000156990.14,RPUSD3,-0.019034755355554853,NA,0.9848133796628987,0.010025029681005486,0.09882273694992956,0.0008863004057050485,NA,31,37,37,8.384186021962543e-05,0.17675291868878365
ENSG00000122550.17,KLHL7,0.018828925934045903,NA,0.9849775783519501,0.014345947872616845,0.040041127212808926,0.036804082212844584,NA,49,51,51,0.00013683415442212953,0.10922306641475278
ENSG00000174780.15,SRP72,0.01857978106545513,NA,0.9851763324251085,0.01645052369399308,0.1508082307559666,2.3479193347547652e-05,NA,14,14,14,0.6427930839741607,0.036631957543563035
ENSG00000261794.1,GOLGA8H,0.018467980817051772,NA,0.9852655208140526,0.004194083968661066,0.043957157826649884,0.02652687066194104,NA,13,31,31,0.0003115945640366631,0.04023732658301612
ENSG00000253988.1,RP11-489O18.1,-0.018060487427795403,NA,0.9855905992709976,0.026663981084611866,0.06660482549346916,0.005792875883772804,NA,31,33,33,0.0011481351447659336,0.1002139119666615
ENSG00000103335.21,PIEZO1,0.01803441710370852,NA,0.9856113969927867,0.010392320923688003,0.13969207612727275,5.301069787440568e-05,NA,16,17,17,0.0037168471026287585,0.09853024644128752
ENSG00000237232.7,ZNF295-AS1,-0.017647443339228627,NA,0.9859201082478556,0.029328405263017297,0.1606390808339486,4.257483024301972e-06,NA,1,1,1,0.9859201082478556,0.2463301642853297
ENSG00000124532.14,MRS2,-0.01763535378524705,NA,0.9859297528154216,0.03688807770891828,0.2446954895195088,2.3714221710643782e-08,NA,16,16,16,0.24805197254101663,0.06266729562999704
ENSG00000188385.11,JAKMIP3,0.015521018876695766,NA,0.9876165158734219,0.028974783131823917,0.252919803514417,9.197442540139083e-09,NA,17,20,20,0.054133182761367936,0.1130809921234741
ENSG00000187699.10,C2orf88,0.015463289783567175,NA,0.9876625714983678,0.017348492300506224,0.1331200898588934,8.235048733061272e-05,NA,32,32,32,0.1653222496721065,0.20549216425072506
ENSG00000215595.1,C20orf202,0.015339412096184831,NA,0.9877613998706752,0.0070919752926312755,0.04058932411787339,0.03161063122909734,NA,7,8,8,0.9282719307365469,0.07225767368837999
ENSG00000128805.14,ARHGAP22,-0.01522078737616539,NA,0.9878560376545246,0.0005687420113044427,0.036326019148837214,0.04478495733665774,NA,1,2,2,0.9878560376545246,0.03549587341559758
ENSG00000157045.8,NTAN1,0.015214174690003477,NA,0.9878613132038492,0.0003484553057278454,0.03897579702680354,0.04102998595160151,NA,2,3,3,0.979902584653798,0.01816109150727781
ENSG00000262877.4,RP11-1055B8.4,-0.01515751818331651,NA,0.9879065133436966,0.03499799971233558,0.10369642106860014,0.00038392484424595386,NA,45,46,46,0.13425503789178847,0.15201481750838686
ENSG00000230487.7,PSMG3-AS1,-0.014847240410745142,NA,0.9881540513285727,0.002409807414347192,0.11735915730601525,0.0001833477871564057,NA,1,1,1,0.9881540513285727,0.09884769453246718
ENSG00000167658.15,EEF2,0.014189395156528808,NA,0.9886788805757706,0.008999940185076414,0.11941888308938517,0.0001414721949872733,NA,18,21,21,0.004692162932353128,0.19825682936875405
ENSG00000249328.2,RP11-26J3.1,-0.013952084299770006,NA,0.988868208501005,0.06271835480856355,0.13989207417438346,3.950724860916245e-05,NA,27,27,27,0.19937775170291916,0.11552664648176135
ENSG00000101236.16,RNF24,0.013821413730229763,NA,0.9889724584785571,0.04254653051676484,0.31260103276983753,6.644991008293747e-11,NA,8,8,8,0.23229890406907794,0.10809061315152567
ENSG00000079332.14,SAR1A,0.013714017829124795,NA,0.9890581398890607,0.024950476598512215,0.1267052439782045,9.760035923365927e-05,NA,37,40,40,0.023482345941948164,0.07946267711057578
ENSG00000144115.16,THNSL2,-0.013590002881299152,NA,0.9891570802806207,0.20008300847563035,0.4872534528379801,6.386530765859063e-19,NA,22,24,24,0.0011130680932388206,0.07652636174917922
ENSG00000183571.10,PGPEP1L,0.013279582449819636,NA,0.9894047375979661,0.15899492654051006,0.07916234165284368,0.003061717376694152,NA,76,80,80,5.294199204500193e-11,0.3217376605862545
ENSG00000237310.1,GS1-124K5.4,-0.01324659161783683,NA,0.9894310581583322,0.014505628182564177,0.08485554860293258,0.0022943844116453927,NA,76,77,77,0.5030481986987363,0.030660867258749575
ENSG00000064300.8,NGFR,-0.012552047004495102,NA,0.989985178468337,0.006257033882201922,0.06040207437216659,0.00720018669512199,NA,4,4,4,0.48080813224777663,0.2684125091560029
ENSG00000141569.10,TRIM65,-0.012525825796697298,NA,0.9900060983205782,0.04097056383611555,0.18609731096610516,9.64885041212099e-07,NA,43,47,47,0.0035574945744590554,0.17307987287619353
ENSG00000233200.1,RP11-324I22.2,-0.012270245212335003,NA,0.9902100064502344,0.17097497470175135,0.11084524900734613,0.0003081870633399342,NA,91,96,96,5.24703046901108e-10,0.4433211251045186
ENSG00000232677.6,LINC00665,-0.011963311669113548,NA,0.9904548860077845,0.054622145228216,0.2497346110119051,9.015978392667812e-09,NA,34,35,35,0.42094853328455795,0.05714772625569805
ENSG00000171109.18,MFN1,0.011587265598805355,NA,0.9907549065589073,0.01797362250509633,0.11710129818814262,0.0001518298460437406,NA,17,18,18,0.4550741514183625,0.07369291443265479
ENSG00000111321.10,LTBR,-0.011440815872276425,NA,0.990871748789207,0.012009540110829938,0.17086490690053785,5.273884649565582e-06,NA,14,15,15,0.23779836571542812,0.06516808746281377
ENSG00000213533.11,TMEM110,0.011378440622561348,NA,0.9909215137986225,0.016972676484629405,0.05583829296633663,0.01296723468061059,NA,18,18,18,1.8680124829892987e-07,0.14078597402997015
ENSG00000179965.11,ZNF771,0.011318210512399672,NA,0.990969567379231,0.0028646199024652216,0.047472863128271384,0.022661482733485783,NA,1,1,1,0.990969567379231,0.08120829877215263
ENSG00000105341.18,ATP5SL,-0.011181179993485547,NA,0.9910788949963136,0.007128758766842094,0.08184721260277728,0.001312828501165563,NA,11,18,18,0.705463964692588,0.07424120167276617
ENSG00000166797.10,FAM96A,0.010765318189033448,NA,0.9914106847307563,0.005840105376233189,0.06224509918433822,0.008709153679612313,NA,15,16,16,0.022841085609263782,0.1052222561153111
ENSG00000278238.1,RP11-245D16.4,-0.010291505336384982,NA,0.9917887117348124,0.03382719941650185,0.07807634694550522,0.00336880756972336,NA,16,17,17,0.025850041561537935,0.1174104460453788
ENSG00000196151.10,WDSUB1,-0.0100150743232001,NA,0.9920092604032613,0.05827726418975511,0.28528971110493895,4.041720319628843e-11,NA,4,7,7,0.19044891437897715,0.1211796452316451
ENSG00000135899.17,SP110,-0.008651755067976188,NA,0.9930969843259388,0.0013409004635695219,0.037765530777156366,0.041414329941307663,NA,13,13,13,0.24866826598691205,0.06544143777223206
ENSG00000074219.13,TEAD2,0.008447134707178453,NA,0.9932602417857621,0.013274747438351444,0.0887495676006196,0.0016203667206065096,NA,20,20,20,0.7445621477188746,0.04737166918777374
ENSG00000176125.4,UFSP1,0.00819464431997097,NA,0.9934616929928513,0.041153433752746146,0.05259007507860691,0.010793483399345749,NA,41,41,41,0.00027619523661118883,0.2245147586308641
ENSG00000159423.16,ALDH4A1,-0.008084721887360874,NA,0.9935493954992842,0.033017454827818406,0.12873540197830585,0.00013600327154069004,NA,35,39,39,0.0002720483129874973,0.07205885167970548
ENSG00000138758.11,SEPT11,-0.006433327645657266,NA,0.9948669826042695,0.009375795789568275,0.05389516139400144,0.01620533694168034,NA,23,26,26,0.3779392011691667,0.0324839241968398
ENSG00000143344.15,RGL1,-0.006163220657275899,NA,0.995082492524915,0.008911421556974034,0.054499736394130326,0.010221309646189015,NA,36,38,38,0.21711288846872412,0.31754216610309705
ENSG00000197170.9,PSMD12,-0.005898159182122428,NA,0.9952939771371843,0.0051345463101470975,0.10871973889632257,0.0004027074085865848,NA,2,2,2,0.9559574940054602,0.1549915179412373
ENSG00000162078.11,ZG16B,0.005819317745789985,NA,0.9953568824223537,0.024724773122479313,0.06154051735620555,0.0070817960911812574,NA,13,17,17,0.17089028164541897,0.10470755520205574
ENSG00000101290.13,CDS2,0.005744919757888722,NA,0.9954162424359443,0.020659421024393044,0.1272342200661492,4.004725849319243e-05,NA,50,60,60,0.0011223919674894839,0.1134817532144292
ENSG00000092020.10,PPP2R3C,0.005558019242419657,NA,0.9955653650899848,0.01502351680574855,0.0756199411687908,0.0036098478738118608,NA,35,36,36,0.20193073369568826,0.03737041133741045
ENSG00000196712.17,NF1,-0.005434123232074864,NA,0.9956642183106899,0.011763048664548553,0.09523102282255716,0.0009962964352343,NA,68,69,69,0.0002498958643048932,0.06113130436917509
ENSG00000069943.9,PIGB,-0.005330327981115254,NA,0.995747033739356,0.022433727585592075,0.0391942333905833,0.035689448013441434,NA,36,36,36,0.11549196906383492,0.16779368830050995
ENSG00000198492.15,YTHDF2,-0.005221553860669268,NA,0.9958338217227278,0.00847568553685521,0.11849933315783236,0.00022688706024837597,NA,8,8,8,0.5382234457660549,0.15302096513019084
ENSG00000267723.1,CTD-2189E23.1,0.0049877511932975935,NA,0.9960203668304101,0.04363601919462137,0.13983846898642158,3.761126328767201e-05,NA,8,8,8,0.1651172953257405,0.11529493799706865
ENSG00000109854.13,HTATIP2,-0.004565252166545814,NA,0.9963574684327992,0.02896935027232636,0.3682295608090633,2.7387829686881593e-14,NA,4,4,4,0.09528094841316566,0.148194816012891
ENSG00000189171.14,S100A13,-0.004373043016821086,NA,0.996510827614023,0.0363123387722965,0.2506873195142374,1.0794225237606798e-08,NA,28,31,31,8.140436729749505e-06,0.08528338987183863
ENSG00000109738.10,GLRB,-0.004187843455864822,NA,0.9966585941304567,0.0004042873733587071,0.06734951051887779,0.006098902128856882,NA,4,7,7,0.9186187725392737,0.017787287247487942
ENSG00000178567.7,EPM2AIP1,-0.0039396240710371285,NA,0.9968566429095054,0.013298408767243083,0.048034049891317536,0.022444673997210316,NA,30,32,32,0.10401448022038699,0.0717076962119013
ENSG00000138095.18,LRPPRC,0.003920556306151007,NA,0.9968718566672236,0.013992303547506225,0.2492407394757261,4.69831770836024e-09,NA,13,13,13,0.3971961155091861,0.03039993187533337
ENSG00000271425.7,NBPF10,-0.0038058250211179265,NA,0.9969633983050449,1.1818787059033437e-05,0.1988643565445929,3.846675804517063e-07,NA,1,16,16,0.9969633983050449,0.005919257996771371
ENSG00000213625.8,LEPROT,-0.0037758659145084583,NA,0.9969873020419081,0.018699406063518775,0.14676936028032514,3.4604090583498035e-05,NA,23,23,23,0.3011502447608757,0.06496347279367692
ENSG00000276855.1,CTD-3157E16.2,-0.0035199075311058902,NA,0.9971915259248596,0.012406852348491315,0.16252126538340908,9.776249309380528e-06,NA,9,9,9,0.008832315630533516,0.09449981866280292
ENSG00000177465.4,ACOT4,-0.0032017972999337564,NA,0.9974453397324158,0.024668819974025778,0.12816126646281853,8.261936781684327e-05,NA,29,31,31,0.058542927231461435,0.09512922338778554
ENSG00000188234.13,AGAP4,0.002989641250913101,NA,0.9976146149569682,0.028067631299375718,0.6389070548925205,1.0486655424069375e-30,NA,26,38,38,0.042303108919986,0.10388873723093263
ENSG00000176531.10,PHLDB3,-0.0028061126496094413,NA,0.9977610489793536,0.023751377072079766,0.1202354812422714,0.00017027254052860442,NA,29,30,30,0.02029014571663283,0.06354243376967167
ENSG00000000457.13,SCYL3,-0.0021391564571944573,NA,0.9982932013913786,0.023158433070283445,0.07850210444912784,0.0026061832360112693,NA,74,75,75,0.012118742597883453,0.09557933339549432
ENSG00000134160.13,TRPM1,0.0018930759751113937,NA,0.9984895448092108,0.00013334746751414412,0.4946509202478439,1.1231914948769825e-21,NA,4,18,18,0.9636939708303467,0.0074443528717237015
ENSG00000186340.14,THBS2,0.0017998703613892615,NA,0.9985639120025767,0.039252192777549474,0.045913993188114115,0.026172294814871308,NA,59,63,63,3.8204290352426007e-08,0.3025163485957861
ENSG00000156113.22,KCNMA1,-0.0014928599253408463,NA,0.9988088705565605,0.0682572528243463,0.14369245674149544,4.1762958475453523e-05,NA,125,133,133,0.00332992286603736,0.3020175384778343
ENSG00000115252.18,PDE1A,-0.0008873710817544403,NA,0.9992919804070842,0.005406491436255292,0.16954472427086098,5.617306161422771e-06,NA,13,13,13,0.8035333853370064,0.04131946900893788
ENSG00000168806.7,LCMT2,0.000780920557236665,NA,0.9993769156074973,0.023533533340378936,0.03695065787348517,0.04491739284439344,NA,27,29,29,0.10692461855348406,0.2860240620194511
ENSG00000184923.12,NUTM2A,0.0007589550446409798,NA,0.9993944415456724,0.013902964065729786,0.2813392610882199,1.3941108023724444e-10,NA,22,32,32,0.44441492173404795,0.14861081171921606
ENSG00000162378.12,ZYG11B,0.0004047439790119807,NA,0.9996770610368856,0.01253476308996914,0.1568265708041753,1.345840571880334e-05,NA,22,24,24,0.029094127868782453,0.1913666118613648
ENSG00000215018.9,COL28A1,0.00017277471876880632,NA,0.9998621457200831,0.05613736795926867,0.06776852044826855,0.005289010229537945,NA,58,62,62,2.932090363170104e-05,0.2281680831942596
