gene,gene_name,zscore,effect_size,pvalue,var_g,pred_perf_r2,pred_perf_pval,pred_perf_qval,n_snps_used,n_snps_in_cov,n_snps_in_model,best_gwas_p,largest_weight
ENSG00000182511.11,FES,-12.113577843291335,NA,8.950311320345143e-34,0.001415248053850454,0.02325769830424205,0.014728578026158234,NA,5,5,5,6.249017465298618e-53,0.02270890304310049
ENSG00000238083.7,LRRC37A2,-11.382502684207873,NA,5.111156190404444e-30,0.024757129597263255,0.5615880157729252,3.27814452945945e-52,NA,26,59,59,5.541650969997795e-139,0.2203632429304472
ENSG00000272911.1,RP11-74E22.6,11.197355105072596,NA,4.200886063575027e-29,0.020590300964437508,0.0919488420141746,8.464307164367946e-07,NA,4,4,4,1.6320338561944085e-34,0.1043034324725158
ENSG00000114480.12,GBE1,-10.891838695426099,NA,1.2606892001122682e-27,0.008090661606770699,0.060081025409268775,9.545974136037032e-05,NA,9,9,9,4.002760364712804e-50,0.044822242119260385
ENSG00000137764.19,MAP2K5,-10.2045183706687,NA,1.8925778341373783e-24,0.0023339924198469667,0.027833652978081,0.0070777126600559325,NA,20,20,20,2.7790223756218233e-41,0.08306303800972538
ENSG00000149295.13,DRD2,-9.209965398943805,NA,3.2623007318542775e-20,0.013727665991544798,0.047400815639630174,0.0005337740060343973,NA,24,26,26,2.359590426085346e-66,0.2962419009780616
ENSG00000108379.9,WNT3,-8.81444334317077,NA,1.2028118419539328e-18,0.0014535844713468435,0.08064658334770249,5.547882593629297e-06,NA,7,13,13,2.4688648706165386e-24,0.015621326922535659
ENSG00000275759.1,RP11-131L12.3,-8.301110256305089,NA,1.031429157182101e-16,0.13422978071368424,0.31459845504151995,3.115428001870705e-23,NA,88,91,91,2.449972748881034e-31,0.2461891368335022
ENSG00000196670.13,ZFP62,-8.247266783648408,NA,1.6205835450287718e-16,0.0025670918949713987,0.05683674800112791,0.00014292957650620055,NA,13,15,15,1.6383214203554685e-28,0.08528601142158107
ENSG00000205078.5,SYCE1L,7.816071496527849,NA,5.449742838590574e-15,0.10614729521597,0.3391938412960132,9.046126702023573e-26,NA,46,47,47,1.8653233579517234e-54,0.13070625374231332
ENSG00000146701.11,MDH2,-7.7686589973672096,NA,7.932139356238043e-15,0.001105047137204189,0.03440023887849024,0.003312017910103445,NA,8,9,9,3.398574653663223e-16,0.017772434774706983
ENSG00000134056.11,MRPS36,7.623341871978427,NA,2.4719106192582358e-14,0.0006535153958457094,0.028360885360777733,0.007141801795468903,NA,20,20,20,3.0750908870856712e-15,0.0023814286775657727
ENSG00000135913.10,USP37,-7.607048023261066,NA,2.804271348751697e-14,0.008030431036148544,0.1314336756634353,1.5929613328243401e-09,NA,46,49,49,8.318783485885025e-17,0.04486325414810903
ENSG00000264016.2,CTC-297N7.9,7.542256838960423,NA,4.6190686699186517e-14,0.0033331899898419075,0.04507577523573628,0.0006924595451163048,NA,22,22,22,6.320142762240861e-19,0.03644281128447447
ENSG00000125485.17,DDX31,-7.059635898203342,NA,1.6693944281126135e-12,0.070155295309917,0.2956054553738753,4.8467224785393565e-22,NA,18,21,21,1.0259764321043857e-14,0.10549383115774316
ENSG00000144401.14,METTL21A,6.873280162130014,NA,6.274216992392009e-12,0.011002173222430751,0.13471874936098335,1.6773616455162571e-09,NA,19,20,20,6.318690471142392e-14,0.0776975145312133
ENSG00000273015.2,RP11-352M15.2,6.850277784468103,NA,7.370672243300714e-12,0.005818403982720409,0.04604273329298157,0.0004116197522577816,NA,14,15,15,2.7146421649620164e-21,0.07746702281277566
ENSG00000139364.10,TMEM132B,-6.840971527572049,NA,7.86578907072408e-12,0.007784197503915437,0.08286931958431204,3.4218884710876065e-06,NA,7,7,7,5.993762461560021e-16,0.036410660635772606
ENSG00000161618.9,ALDH16A1,6.691307056414431,NA,2.2118599584533083e-11,0.020996951356523776,0.22709790671225044,4.0479740688593527e-17,NA,20,24,24,2.318178651151659e-17,0.04375489043683176
ENSG00000277200.1,RP11-74E22.8,6.685783863067626,NA,2.2969182050809768e-11,0.015539987289040214,0.16809645176662671,7.725163525514911e-12,NA,1,1,1,2.296918205080951e-11,0.186040127488404
ENSG00000274979.1,RP11-1143G9.5,-6.678016694524323,NA,2.4219745514182464e-11,0.008040877942049059,0.17486281597108042,2.587690442038027e-12,NA,13,14,14,1.5266935722069314e-16,0.06524127003670327
ENSG00000198945.7,L3MBTL3,-6.654778218282164,NA,2.8372756353336492e-11,0.15572290223484936,0.3689325484171333,2.0188272993475542e-28,NA,40,41,41,1.2814779192593433e-14,0.3924547038989424
ENSG00000126091.19,ST3GAL3,-6.641882039630738,NA,3.097027887268006e-11,0.01167788664150807,0.13465961945992674,1.6884014743690334e-09,NA,21,21,21,3.915704129822675e-19,0.07391300599107704
ENSG00000178927.17,C17orf62,-6.624303348273037,NA,3.4888963871836725e-11,0.0027479656637134924,0.07974536830883555,3.2992841192114673e-06,NA,16,17,17,3.5234287451187714e-12,0.05650272445970336
ENSG00000107105.14,ELAVL2,6.567822190879732,NA,5.1056454929064634e-11,0.008507336173896641,0.054606900289255585,0.00018883958455923,NA,16,16,16,9.208397303086933e-19,0.07592105792187194
ENSG00000140835.9,CHST4,6.513175964355468,NA,7.357823041859592e-11,0.001781615611690566,0.025827881515604542,0.010403260142424705,NA,1,1,1,7.35782304185954e-11,0.06310789026918556
ENSG00000187824.8,TMEM220,-6.43141221033596,NA,1.2642379311909307e-10,0.08497017615473948,0.3757721745613981,1.601369588391978e-29,NA,38,38,38,5.705346421879162e-14,0.10843010026237712
ENSG00000142657.20,PGD,-6.3402797449771935,NA,2.2934833742305532e-10,0.0033333691294407603,0.11168115103374594,1.6435691740283807e-08,NA,8,8,8,8.37534351326494e-11,0.02167810021985792
ENSG00000151150.21,ANK3,-6.2887194586507995,NA,3.2009532238035573e-10,0.0063561974929082455,0.020677414492131174,0.022858071258671026,NA,19,20,20,2.3182549263160603e-18,0.09546215689470887
ENSG00000254999.3,BRK1,5.75601533281833,NA,8.612256673468927e-09,0.0016601459484782278,0.07018944948074411,1.9201284541938732e-05,NA,11,11,11,2.4983274268122307e-09,0.018951463197576745
ENSG00000204084.12,INPP5B,5.628402264189983,NA,1.8188651411347386e-08,0.054665365243158875,0.3804652022138869,1.2771643696502104e-29,NA,17,17,17,1.2161332415579046e-14,0.08255262887495735
ENSG00000149548.14,CCDC15,5.51703291594912,NA,3.4477087884621354e-08,0.0294085421904445,0.2234528259166156,1.931040402113672e-16,NA,53,55,55,1.3181727769600038e-10,0.1100268243593212
ENSG00000274419.6,TBC1D3D,-5.470665395594033,NA,4.483490688342828e-08,0.0026198321161662102,0.3132226165378417,6.756449967540434e-23,NA,7,70,70,1.1620973446722276e-07,0.10648051177130438
ENSG00000177082.12,WDR73,5.276597394934241,NA,1.316045820959757e-07,0.016886122152478297,0.07229456804650873,1.7580134338938473e-05,NA,11,11,11,2.28300880679415e-09,0.06735191437719977
ENSG00000142168.14,SOD1,-5.267413662494637,NA,1.383591967338658e-07,0.000665484007523157,0.016219689497815878,0.0427612966305066,NA,4,6,6,1.842027789939142e-09,0.036188949287792635
ENSG00000067221.13,STOML1,-5.194341487985359,NA,2.054457316891675e-07,0.012686002817959393,0.12192055532680103,1.1654655237151641e-08,NA,12,12,12,2.8486251462655643e-11,0.0596803594618476
ENSG00000273841.4,TAF9,5.156394150131325,NA,2.5175068791225794e-07,0.002236131190143637,0.04476730718779138,0.0007817312217308793,NA,13,14,14,5.763869345006124e-11,0.024513626093183558
ENSG00000066651.18,TRMT11,5.116259935897605,NA,3.1165349881286724e-07,0.005950801087250141,0.07695632962198151,8.06037113415758e-06,NA,8,8,8,2.365815782928126e-08,0.03524490478647173
ENSG00000176209.11,SMIM19,5.062562361520171,NA,4.136586893274504e-07,0.015432913159110509,0.25625944912869136,1.6895316398781412e-18,NA,16,18,18,3.188215248604166e-08,0.0567215270332726
ENSG00000090487.10,SPG21,-5.054235663202999,NA,4.321177799886803e-07,0.05794372969959539,0.328586766407865,1.3630087146092489e-24,NA,17,17,17,8.896271535802716e-10,0.08360029616426203
ENSG00000184635.14,ZNF93,-5.052970197816944,NA,4.349917935368372e-07,0.0498851370382934,0.18961521107688808,1.9125610686296546e-13,NA,41,45,45,3.108902876180249e-25,0.13842455337346035
ENSG00000182858.13,ALG12,5.044826993142529,NA,4.539319084903651e-07,0.0023316033393332236,0.0480354100044201,0.0005008583601110887,NA,9,9,9,4.488571623961051e-10,0.024970744052038703
ENSG00000101104.12,PABPC1L,4.981770389219758,NA,6.300516855439186e-07,0.008872476620851052,0.1429569073045271,3.5595456447392136e-10,NA,19,20,20,2.462873661252275e-09,0.055622872198719496
ENSG00000141255.12,SPATA22,-4.938967627554895,NA,7.853724780210263e-07,0.05487711982463473,0.07472702118248986,1.1125844442953293e-05,NA,70,73,73,1.6320338561944085e-34,0.1894207845662874
ENSG00000203666.12,EFCAB2,4.908233176561588,NA,9.190055143358329e-07,0.2401377089233353,0.4159633593804068,4.5976291719822316e-33,NA,62,64,64,4.1644610605865626e-10,0.3024202734984762
ENSG00000150768.15,DLAT,-4.902832508087158,NA,9.446452606800963e-07,0.00046074416321453517,0.046128307145849964,0.0005333380386268394,NA,1,2,2,9.446452606800963e-07,0.03176629036052732
ENSG00000170430.9,MGMT,-4.899105162388204,NA,9.627410837185448e-07,0.11545220408175313,0.3815132743172192,2.4239262512570305e-30,NA,20,22,22,2.0173557717059487e-11,0.2484663699131018
ENSG00000152465.17,NMT2,-4.889636334349396,NA,1.0102243609572353e-06,0.008496479533467174,0.0722404457839675,1.4208199913036315e-05,NA,7,8,8,1.6685255230943779e-21,0.07432072570256239
ENSG00000156172.5,C8orf37,4.86735317594309,NA,1.131028008725419e-06,0.0378306777240405,0.10931284281949584,3.061213883008837e-08,NA,46,48,48,7.110176942387901e-16,0.4558067257519052
ENSG00000149115.13,TNKS1BP1,-4.847311874620986,NA,1.2514561054203438e-06,0.0035540518660996685,0.06221502403251916,4.803879972644053e-05,NA,12,12,12,1.3699190306052762e-08,0.027660349247796756
ENSG00000110367.11,DDX6,4.798499304000274,NA,1.5985886356099944e-06,0.0025210004343141296,0.1093372883391996,6.372945616823933e-08,NA,28,34,34,3.8138190106707433e-06,0.024501022825975147
ENSG00000270164.1,LINC01480,4.75637674331665,NA,1.970984863865089e-06,0.001205920734513806,0.027323113942749756,0.008694437471840117,NA,1,1,1,1.970984863865089e-06,0.061401895613128976
ENSG00000153404.14,PLEKHG4B,4.7374390934299395,NA,2.164358751393515e-06,0.0028687484885562757,0.028282272572109107,0.00818055746467446,NA,5,5,5,2.1853392527731785e-14,0.03770378735019055
ENSG00000128944.13,KNSTRN,4.663282280343394,NA,3.1120540794731642e-06,0.03126646853042772,0.3930418092876636,2.5719514179498923e-31,NA,11,11,11,2.3209281416536227e-06,0.07148800629713642
ENSG00000100024.14,UPB1,4.635685628325629,NA,3.557563005264804e-06,0.01210682379348306,0.019057315736818826,0.028716537137496532,NA,19,20,20,2.2616781311535103e-17,0.10731003957679974
ENSG00000108786.10,HSD17B1,-4.561035533991552,NA,5.090196524620633e-06,0.00843516322412648,0.14686882901535095,1.054103840081254e-10,NA,4,5,5,6.551610506196766e-07,0.06319492838140986
ENSG00000132952.11,USPL1,-4.5299859080725655,NA,5.898762075811909e-06,0.0019003615380335402,0.027437669478404224,0.008724961683352298,NA,11,12,12,7.459542689411407e-07,0.06758819283219995
ENSG00000169230.9,PRELID1,4.520548933793585,NA,6.167948528691217e-06,0.003025689445004497,0.0268905142371078,0.00954169187317101,NA,15,16,16,2.690784543320802e-16,0.05036007989334815
ENSG00000182568.16,SATB1,4.432961007335884,NA,9.294768094515618e-06,0.001774789005938113,0.03349739769353792,0.003577249152408674,NA,5,7,7,5.917670662022455e-11,0.05306824257969908
ENSG00000281332.1,LINC00997,-4.404626418530628,NA,1.0596633139835268e-05,0.004262096536869485,0.06724785244421314,1.8360613813408528e-05,NA,26,28,28,5.954179517313584e-06,0.013158772881697905
ENSG00000111707.11,SUDS3,4.394336652176761,NA,1.1111151445720401e-05,0.014830107109426904,0.019417823293176116,0.02643058667055056,NA,64,69,69,2.7768531208711787e-22,0.09316970299330488
ENSG00000184164.14,CRELD2,4.3687757474920845,NA,1.249449845114546e-05,0.007971454869032443,0.13657311188947446,1.3413802088195534e-09,NA,11,11,11,2.9855338816279386e-06,0.02571501924720157
ENSG00000115561.15,CHMP3,-4.368481680530483,NA,1.2511330976925743e-05,0.004066782216576054,0.06258066675413666,6.371614022636878e-05,NA,12,14,14,1.7345616190340184e-08,0.03215728401330551
ENSG00000133477.16,FAM83F,-4.352167515491161,NA,1.3479820241006887e-05,0.0018200066379091158,0.06350584213394869,5.189851722431733e-05,NA,8,8,8,4.40730208681997e-06,0.021375604345820302
ENSG00000187951.10,ARHGAP11B,-4.252826221275137,NA,2.110893849173735e-05,6.850231086239678e-05,0.02157386575520772,0.01955261805889357,NA,2,12,12,2.4584755359209643e-05,0.013188571598618123
ENSG00000185829.17,ARL17A,-4.237403507495486,NA,2.2611954630758714e-05,0.11842678064661058,0.3698060958447689,8.387055209065284e-29,NA,39,60,60,2.50668052335975e-26,0.19616090548210136
ENSG00000159210.9,SNF8,-4.2045936524359595,NA,2.6155162482410443e-05,0.006215275223551626,0.08145551084440122,4.3661875887795796e-06,NA,29,29,29,6.138074147117482e-08,0.03930171640303149
ENSG00000159199.13,ATP5G1,-4.193804396444251,NA,2.743145474097655e-05,0.007141709871047263,0.16471894121390215,4.768405760645507e-12,NA,26,26,26,6.682390458432719e-08,0.07347464415673101
ENSG00000255455.2,RP11-890B15.3,-4.174276356120535,NA,2.9893471027546316e-05,0.0012546543751095827,0.04233041708211094,0.0009897104747219117,NA,11,14,14,1.8546886574743163e-13,0.02803773488297725
ENSG00000169609.13,C15orf40,4.17220185441435,NA,3.01670200418945e-05,0.05217668501894794,0.1288758412614836,2.1294273173767934e-09,NA,53,56,56,2.4335166280628836e-16,0.3423230022502169
ENSG00000125734.15,GPR108,4.153141156442709,NA,3.279423035357018e-05,0.017727712096674928,0.2039843883752681,1.9524813563300272e-14,NA,7,7,7,1.537109043993421e-05,0.09182428805499177
ENSG00000122687.17,MRM2,4.127948218826843,NA,3.660145070542681e-05,0.022805381788346818,0.11705315364394335,1.3641215929604432e-08,NA,52,58,58,9.484893620019952e-10,0.09300201491432353
ENSG00000196152.10,ZNF79,-4.08904872826575,NA,4.3314586329471587e-05,0.010540355898654232,0.11688947788297024,2.561261764253144e-08,NA,25,25,25,1.915188380404773e-05,0.037833704147138214
ENSG00000181754.6,AMIGO1,-4.079346711624249,NA,4.5162437958908294e-05,0.039735629188062054,0.2402933815819829,3.505282649698072e-17,NA,46,50,50,9.648245030367811e-05,0.07983614991345192
ENSG00000011007.12,ELOA,4.073648955261295,NA,4.628222691557115e-05,0.0006394701925332226,0.05674549102245707,0.00014111293820683559,NA,5,7,7,3.515355166674108e-05,0.01256816530689287
ENSG00000185324.21,CDK10,4.0698366174098535,NA,4.704611904771214e-05,0.03772454612000699,0.3478005551877457,9.900240425404336e-27,NA,41,43,43,5.1893241459635963e-14,0.166138305608058
ENSG00000277476.1,RP11-147L13.13,-4.059414850920653,NA,4.9195843211736246e-05,0.0037748956155133307,0.02987159756703736,0.004896064296349132,NA,4,5,5,9.450902039584955e-08,0.03840084932364616
ENSG00000176681.14,LRRC37A,-4.049364811421519,NA,5.1356834419790276e-05,0.07322478938728905,0.3425071510290418,1.2765222137605798e-25,NA,14,32,32,5.631195239956176e-125,0.2319314132406074
ENSG00000186446.11,ZNF501,-3.985098492444669,NA,6.745214160542535e-05,0.014250290131616366,0.19204108133439207,1.4129141233762767e-13,NA,3,3,3,3.2577534808991374e-05,0.20008273668037174
ENSG00000255933.1,RP11-495K9.5,3.9681971874949276,NA,7.241840163464511e-05,0.0040854630753019315,0.019111933005365744,0.028021906911014232,NA,2,2,2,7.109650869090011e-05,0.12623179273241344
ENSG00000105976.14,MET,3.9679056093428042,NA,7.250703923062988e-05,0.003295471274897838,0.06929047037770301,2.0954370752246035e-05,NA,45,45,45,3.718734696142259e-08,0.017248462327366914
ENSG00000197498.12,RPF2,-3.9645535669601637,NA,7.353343362879435e-05,0.00393109030998947,0.09067551214139567,8.078752788674842e-07,NA,42,45,45,3.4553473467613613e-06,0.04899441930742572
ENSG00000128928.8,IVD,-3.9427397706467295,NA,8.055604845414424e-05,0.007572170804019687,0.13907919203485347,4.4300901469821997e-10,NA,19,19,19,2.0310414674382666e-06,0.12210011982972314
ENSG00000227403.1,LINC01806,-3.9233573550611354,NA,8.732347669925527e-05,0.05622660267822305,0.2584260427758401,7.095589595084695e-19,NA,26,26,26,2.380484418511037e-09,0.06890141909793195
ENSG00000104643.9,MTMR9,-3.9084627536567065,NA,9.288526377150808e-05,0.0011656002217985259,0.05389062221905413,0.0001844443089334733,NA,3,4,4,2.843538792406284e-08,0.035855596044139335
ENSG00000145476.15,CYP4V2,3.899269898685342,NA,9.648317862555101e-05,0.12358038436460539,0.4122033688316377,4.832167947109448e-33,NA,42,48,48,7.425902468877931e-07,0.19901861922536968
ENSG00000068796.16,KIF2A,-3.88649377881399,NA,0.00010170253179276131,0.0054290788240757126,0.05218895799702207,0.00027560209924321923,NA,50,51,51,7.264737287135873e-33,0.05035037005067223
ENSG00000104388.14,RAB2A,3.8670980018939645,NA,0.00011013817521705105,0.00785347439537892,0.1606459484676558,9.122342611364856e-12,NA,45,46,46,1.8843841536167553e-06,0.030382912399742563
ENSG00000167123.18,CERCAM,-3.863509585056365,NA,0.00011176950550714968,0.007641627602609113,0.09518945372284277,4.11964333218509e-07,NA,32,33,33,4.252754862459637e-06,0.07572673197481465
ENSG00000139620.12,KANSL2,-3.8401451249933056,NA,0.0001229616002383218,0.01805149630355174,0.09885354239948743,2.329618229903732e-07,NA,32,33,33,7.3767675893888585e-09,0.041806073783124086
ENSG00000101246.19,ARFRP1,3.829506290584981,NA,0.0001284006011486409,0.00455730606302429,0.06268198736959774,3.615082260869944e-05,NA,12,12,12,5.264545522701336e-05,0.05654348607183601
ENSG00000166233.14,ARIH1,3.798395666575491,NA,0.0001456357091451159,0.001513349378936643,0.01880275088821069,0.030821877992661832,NA,15,19,19,0.0009627422291170754,0.04198448812102263
ENSG00000181513.14,ACBD4,3.7873294294867064,NA,0.00015227515060216193,0.006824210101466163,0.07643168526733071,8.382969006736026e-06,NA,26,30,30,4.848481328120987e-16,0.07055839284969659
ENSG00000177683.13,THAP5,-3.7803867998203318,NA,0.00015658490179094333,0.019512419212876782,0.16136946401668856,2.034421145712537e-11,NA,15,15,15,1.995160517292931e-06,0.04643496329696308
ENSG00000196683.10,TOMM7,-3.74240645867842,NA,0.00018226638893893408,0.01754215943685122,0.262982636343504,2.7597981164402323e-19,NA,29,32,32,4.353608516391669e-06,0.029245321022908426
ENSG00000136270.13,TBRG4,-3.7215419766253004,NA,0.0001980099413180399,0.003923765400224713,0.0992235465444041,3.201878684712566e-07,NA,21,22,22,5.735672968115419e-08,0.038879110130145486
ENSG00000185437.13,SH3BGR,3.715656336685941,NA,0.00020267690214500033,0.010891122614924182,0.10152022948415328,1.1108424338444297e-07,NA,41,43,43,6.2558448400218556e-18,0.09507748294284996
ENSG00000136448.11,NMT1,-3.713547658603195,NA,0.0002043739557046509,0.006065291378466406,0.17165516170506867,2.586681755672294e-12,NA,13,17,17,1.789394577915319e-07,0.024379296019585824
ENSG00000126790.11,L3HYPDH,-3.695801497179254,NA,0.00021919418749577124,0.10074751420784533,0.3417837665915833,3.2390057971112566e-26,NA,57,57,57,3.298536360600882e-15,0.16113276438341953
ENSG00000204149.10,AGAP6,-3.694493895281892,NA,0.00022032518662391728,0.049334445842421165,0.34128284083057553,1.0177795018628004e-26,NA,27,29,29,6.445045150678885e-05,0.0800915429213
ENSG00000108797.11,CNTNAP1,3.6869165714885748,NA,0.0002269877322404305,0.01966679928360965,0.2070196985352754,1.6467212489781065e-15,NA,18,20,20,6.551610506196766e-07,0.06589939979018647
ENSG00000118855.18,MFSD1,3.684376514252083,NA,0.00022926313871052072,0.002310750637637978,0.05348772595912598,0.00020171575868548416,NA,19,19,19,0.00028434005986811123,0.046047550142399175
ENSG00000205622.9,AF064858.6,-3.6773030065793715,NA,0.00023571298247371863,0.012729121110759743,0.0763256437626983,1.001453477500906e-05,NA,14,15,15,2.9219199440163526e-08,0.052296549463704704
ENSG00000101017.13,CD40,-3.661544953948933,NA,0.0002506988595068939,0.0039059381211522448,0.03584554667336341,0.001665273097021812,NA,7,7,7,1.1138001747561829e-14,0.033229762163929616
ENSG00000121989.14,ACVR2A,-3.6450400356509425,NA,0.00026735017878048886,0.028921087453217247,0.0432502200538193,0.0010101638299409444,NA,57,58,58,4.911130743879147e-08,0.1462946558141997
ENSG00000152359.14,POC5,3.644350717714342,NA,0.0002680676727811527,0.04982767924201395,0.20679231341343352,1.7690510006076985e-14,NA,34,38,38,1.5134819900501658e-06,0.1209640311605799
ENSG00000033178.12,UBA6,-3.636556872152338,NA,0.00027630665989569894,0.010401410254952368,0.02973540978178595,0.0059751489882491175,NA,71,72,72,7.887324568439045e-09,0.16761206747042434
ENSG00000187122.16,SLIT1,-3.6177328732139484,NA,0.00029719489371424245,0.008765922547041557,0.06519736675834269,3.934939308515733e-05,NA,20,20,20,4.231806246892038e-09,0.031962394584450195
ENSG00000053900.10,ANAPC4,-3.607360640854641,NA,0.0003093275802553403,0.09775754366117664,0.4669581150747573,4.723839800406514e-39,NA,25,25,25,9.37120436402269e-07,0.04508237658526048
ENSG00000204130.12,RUFY2,-3.6018286906969577,NA,0.0003159865732451013,0.003612433208581606,0.06537984389053217,4.3159689705683006e-05,NA,13,13,13,3.9193202700439674e-05,0.08064142057880136
ENSG00000132359.14,RAP1GAP2,3.6006951950803816,NA,0.00031736746170045227,0.0021303881358634034,0.02861006524143349,0.006348707184613531,NA,21,24,24,6.837858984063115e-17,0.08056131695808949
ENSG00000105926.15,MPP6,3.581149573866306,NA,0.00034208573431599224,0.012032166237161537,0.056285365346774516,0.0001290693620810069,NA,31,32,32,6.494033639988576e-11,0.035776464394647794
ENSG00000125534.9,PPDPF,3.563077259768299,NA,0.00036653274594467824,0.006788148933445174,0.11930625028208335,1.676085278939792e-08,NA,6,6,6,5.175068348960457e-07,0.07288762048127989
ENSG00000197054.11,ZNF763,-3.522134415268324,NA,0.00042808703008798273,0.014535570487991705,0.09538373740975682,1.7315703351941858e-07,NA,32,33,33,4.017866960237648e-06,0.07601661973081374
ENSG00000104687.12,GSR,-3.503858168102981,NA,0.0004585695235656395,0.0007591222889182067,0.02162203532704787,0.017267570428955083,NA,3,5,5,3.0209650752279527e-06,0.08503688645534416
ENSG00000275409.1,RP11-131L12.4,-3.4958872893444237,NA,0.00047248823236686817,0.021341151959988397,0.03584659775720113,0.002456797340461541,NA,37,38,38,2.449972748881034e-31,0.07918247943782017
ENSG00000172932.14,ANKRD13D,3.4893292027511165,NA,0.00048423439609667976,0.0016192394414908647,0.07266064299617515,1.4167659067427307e-05,NA,6,7,7,4.701984307472773e-06,0.0745987017819353
ENSG00000125650.4,PSPN,3.481829099098182,NA,0.0004980014162792009,0.0010601497269678293,0.024823354300561585,0.012944261172342729,NA,4,5,5,0.00047007169551328896,0.044855049992005576
ENSG00000111237.18,VPS29,-3.471387312747137,NA,0.0005177765971071877,0.0030795277212719786,0.04623984047745861,0.0005987103952457039,NA,10,10,10,3.129076614229263e-05,0.028815205964167583
ENSG00000189050.15,RNFT1,-3.458715155784097,NA,0.0005427585770584726,0.014027928413176429,0.05865035061610269,0.00011509079157482089,NA,38,39,39,4.185117753132038e-07,0.20553749815305375
ENSG00000258088.1,RP11-114H23.2,-3.4573562105993334,NA,0.000545503267167736,0.005831935090966979,0.02955492060048507,0.0067491302103180155,NA,19,21,21,0.00038150463805719883,0.07168738307011169
ENSG00000167377.17,ZNF23,3.452025660588666,NA,0.0005563948096254466,0.024579822929190906,0.2009889973319416,8.509176853141197e-15,NA,31,32,32,2.3370237750797066e-07,0.10057971678895494
ENSG00000258077.2,RP11-114H23.1,-3.4499598718652185,NA,0.0005606698879842353,0.014263856652034574,0.07488787988830486,3.819354322802523e-06,NA,22,23,23,0.00016578817072276543,0.13501633809644875
ENSG00000164307.12,ERAP1,3.435092925816039,NA,0.0005923506688081784,0.10840796109781303,0.4859954651456856,1.0316698059438069e-41,NA,36,38,38,2.328315568957507e-12,0.11840891296232872
ENSG00000060971.17,ACAA1,3.433310680060774,NA,0.000596258445427015,0.0016467786556361367,0.021855949632916302,0.01894658024966811,NA,16,17,17,0.0005635713076120758,0.028440904232792906
ENSG00000104872.10,PIH1D1,-3.4253712487367762,NA,0.0006139598521723534,0.00047116891483431887,0.020900951055692445,0.021388121486880254,NA,5,5,5,0.0009349477725503674,0.007530792414271442
ENSG00000178685.13,PARP10,-3.413478580842553,NA,0.0006413920007209502,0.00866163599909776,0.15163736058495744,1.4197747609405132e-10,NA,20,22,22,2.240283184319384e-06,0.0638858791258986
ENSG00000161281.10,COX7A1,-3.4065586621423187,NA,0.000657874112421141,0.003352680352815582,0.029239688640102256,0.006621776256344789,NA,40,42,42,1.5247278487635953e-06,0.06503792563151722
ENSG00000260259.1,LINC02166,-3.3965999768246,NA,0.0006822862814972794,0.05642097774472618,0.12503366970401106,8.235053995522703e-09,NA,30,30,30,1.6863453609105804e-09,0.15696092799440786
ENSG00000141959.16,PFKL,3.3748401086366813,NA,0.0007385858909346068,0.0021450155422707206,0.05180961377681808,0.00025702775993752117,NA,15,21,21,1.7284455187587013e-07,0.04479412350432226
ENSG00000116260.16,QSOX1,3.3648613581111033,NA,0.0007658212962847765,0.004137757794982554,0.0347165692099386,0.002996021712244253,NA,39,42,42,1.1136563329251815e-05,0.04562776285322541
ENSG00000087269.15,NOP14,3.358691377457329,NA,0.0007831247444124284,0.0007090500302858058,0.016459854543774598,0.04189309340305845,NA,5,5,5,5.789231529818819e-08,0.022329136289428862
ENSG00000273014.1,RP11-225B17.2,-3.3557098740310125,NA,0.0007916156646784127,0.005470011400976833,0.05038646228748863,0.00030676212710661373,NA,31,33,33,5.954179517313584e-06,0.046903336048499805
ENSG00000173145.11,NOC3L,3.354810589704086,NA,0.0007941934293986968,0.007544125521352413,0.061824337087052525,5.324010393291012e-05,NA,46,47,47,6.466794678989857e-07,0.022131300120140068
ENSG00000197958.12,RPL12,3.334678286598328,NA,0.0008539813668401666,0.018990838061680473,0.32874151497074605,2.7685832278893923e-24,NA,37,37,37,1.915188380404773e-05,0.05765526955329873
ENSG00000162704.15,ARPC5,-3.333766263649318,NA,0.0008567862308632162,0.005760138651853826,0.13989058245398528,7.507844356171328e-10,NA,8,9,9,0.00015568857146587605,0.020107696479616747
ENSG00000241697.4,TMEFF1,3.3254009874390356,NA,0.0008829145337484639,0.01933044799980091,0.13963696558800434,4.082877748819094e-10,NA,33,33,33,3.402084717862208e-06,0.19838709396026666
ENSG00000103671.9,TRIP4,-3.3231675181696847,NA,0.0008900144942539962,0.008846081374292962,0.022656316734751984,0.015403667576620619,NA,23,24,24,2.51725721411898e-05,0.10000158268338566
ENSG00000170276.5,HSPB2,-3.3168104128455473,NA,0.0009105137908463308,0.007715756856553962,0.05730372375225139,0.00012641214234050587,NA,47,52,52,0.0006190114374949418,0.11822558559199065
ENSG00000270171.1,RP11-338N10.1,3.3153760706986004,NA,0.0009151991093594811,0.046927388492372046,0.17468075137187528,3.382566775070731e-12,NA,11,13,13,6.49036518260196e-05,0.22425530137150415
ENSG00000151575.14,TEX9,-3.3027048771563057,NA,0.0009575710875254522,0.02254281010361544,0.1751649871781766,1.872498442385962e-12,NA,39,42,42,2.4661494480159936e-12,0.17782378674093888
ENSG00000129667.12,RHBDF2,-3.2439664294855928,NA,0.0011787763825303957,0.0029624502969057233,0.096017001967732,5.562405378539901e-07,NA,23,28,28,3.483818308347534e-05,0.02019873337242833
ENSG00000109063.14,MYH3,-3.24336392808037,NA,0.0011812722014334959,0.026068607569456136,0.06212901111264816,7.323231046077e-05,NA,94,101,101,7.328461164519503e-11,0.07186271737123898
ENSG00000077147.14,TM9SF3,3.235187187780395,NA,0.0012156300635876604,0.0014026609618002855,0.04883967169355252,0.0003091379918062164,NA,16,17,17,6.886645971754682e-07,0.020890529511361982
ENSG00000227500.9,SCAMP4,3.234577683509456,NA,0.0012182277535233432,0.00286197803334272,0.07479497543534104,7.621207711345734e-06,NA,7,7,7,5.58389535935843e-05,0.048625338663535016
ENSG00000183527.11,PSMG1,-3.2342859887669673,NA,0.0012194727614324627,0.013358198984425784,0.1373090748349871,1.3278347286915993e-09,NA,34,34,34,3.242465912392832e-08,0.04946224139704437
ENSG00000167772.11,ANGPTL4,-3.226194779302551,NA,0.0012544795294014298,0.0014101957006561105,0.016441299497612354,0.040226005179304025,NA,8,8,8,0.000363571102423395,0.010332847159491641
ENSG00000253967.1,RP11-333A23.4,-3.2248898281165155,NA,0.0012602115531426235,0.0031497213400612897,0.02416541114342731,0.013605483968548418,NA,8,8,8,5.7780928527129126e-05,0.0994066773422848
ENSG00000133243.8,BTBD2,-3.224814249327985,NA,0.0012605442741295174,0.005105486486310234,0.05561215910579557,0.00016517980319334072,NA,10,11,11,0.000296931292257801,0.04508604526419145
ENSG00000167118.10,URM1,3.2064247010645013,NA,0.0013439547323250505,0.0009034236330772697,0.032662349907265784,0.0038785271695176227,NA,7,8,8,9.152971564424595e-06,0.03678441173104721
ENSG00000203872.6,C6orf163,3.193249519140053,NA,0.0014068132773438118,0.011345006528683059,0.08838083636156148,8.255281335013598e-07,NA,33,33,33,6.722632851817182e-05,0.035237369092015115
ENSG00000183682.7,BMP8A,3.189145995803131,NA,0.0014269379138499216,0.01840189682857633,0.030495285460887683,0.005612695694154967,NA,25,28,28,3.782949955072602e-12,0.05213613782603837
ENSG00000255970.1,RP11-43N5.1,3.1776476733689916,NA,0.0014847505684387177,0.025153392489449204,0.03261288327020999,0.004195978472250084,NA,81,82,82,6.925199482072696e-11,0.12222951526761452
ENSG00000096063.15,SRPK1,3.1767304422333793,NA,0.0014894540514873585,0.0032347095936446748,0.020457114881050592,0.02031038174001028,NA,26,32,32,1.114507085756341e-11,0.034822551665790284
ENSG00000164128.6,NPY1R,-3.176462686450447,NA,0.0014908296667786,0.013045652482025325,0.08693523489927042,1.1380207711117882e-06,NA,51,52,52,1.0738456498539933e-06,0.067821338125818
ENSG00000185736.15,ADARB2,3.169623854430555,NA,0.0015263639075159137,0.0059659573312690435,0.07752291472371553,4.6159280452349315e-06,NA,3,3,3,6.272544565859749e-05,0.06107325734154269
ENSG00000085760.14,MTIF2,3.1681675801562017,NA,0.0015340306820670667,0.0016606248141659468,0.048145263703782866,0.0004249458649776116,NA,28,30,30,1.2941538580750056e-06,0.06853587565173071
ENSG00000137713.15,PPP2R1B,-3.1568782877158683,NA,0.0015946789318821632,0.016082707572301812,0.11146470921667284,4.4681212990658735e-08,NA,43,47,47,1.8409234074298176e-05,0.09338466400869083
ENSG00000185585.19,OLFML2A,-3.1512551630824293,NA,0.0016257039760636768,0.007302472362855382,0.05342529697775838,0.00023372604036114776,NA,41,46,46,1.8254888931214032e-07,0.17360787177018638
ENSG00000261159.1,RP11-723O4.9,3.1505509836316676,NA,0.0016296281150801172,0.05441439160471674,0.17947361608055512,2.786384926071128e-13,NA,19,20,20,4.280769670729795e-05,0.12164309900866993
ENSG00000134698.10,AGO4,-3.1479302954697794,NA,0.001644308982586577,0.002957867703636175,0.02263198892577174,0.015276888601866512,NA,13,18,18,2.2310699923220253e-28,0.0629911820660633
ENSG00000125388.19,GRK4,3.14344402746057,NA,0.0016697234527913423,0.032130980865180736,0.2536727656801377,2.6403281015600467e-18,NA,20,20,20,1.6256143046266108e-06,0.07203594839314535
ENSG00000008838.19,MED24,-3.12168337657782,NA,0.0017982021946384972,0.013564368607466737,0.15279049639762107,1.210088825197629e-10,NA,32,34,34,3.4074633573185624e-07,0.07597076041676856
ENSG00000271751.1,RP11-110I1.14,-3.1198616888611697,NA,0.001809359761639045,0.023081752653399207,0.035235129991391924,0.0030818151446123376,NA,18,24,24,9.039157760468181e-06,0.12761468335485002
ENSG00000163239.12,TDRD10,-3.101341292818087,NA,0.0019264611013500594,0.002604875339945873,0.02004138060314257,0.02479705673752629,NA,9,9,9,5.336296562920292e-06,0.05038393355384723
ENSG00000267107.6,PCAT19,-3.10089451495855,NA,0.0019293700860055915,0.017849518459616118,0.2311568321826903,1.22131543926314e-16,NA,16,21,21,2.3429453321041425e-09,0.06218311175172595
ENSG00000172992.11,DCAKD,3.098608677043248,NA,0.001944316456315153,0.012766442747513592,0.15471171519014512,7.626844566491686e-11,NA,13,14,14,6.078474231849125e-12,0.05490196866793468
ENSG00000132793.11,LPIN3,-3.089961518187748,NA,0.0020018242981969174,0.002752239162629804,0.05704814326966056,0.00012258567343795954,NA,14,14,14,0.0004647623806658177,0.06166330149201313
ENSG00000090382.6,LYZ,-3.0861082349726128,NA,0.0020279498825003907,0.00530822436019093,0.06807592330477523,2.772812051258736e-05,NA,12,12,12,3.930155125566476e-08,0.09395559165807707
ENSG00000171160.17,MORN4,-3.085901053459199,NA,0.002029363414612387,0.020158617144417707,0.1917109867142642,7.89701429326244e-14,NA,20,21,21,4.6120418971872755e-06,0.049423258485944
ENSG00000183840.6,GPR39,3.085759541130186,NA,0.002030329426814501,0.005072574202807126,0.06659391441688915,2.910419633604519e-05,NA,22,23,23,0.0012428134511060676,0.05377588933294547
ENSG00000179119.14,SPTY2D1,3.081827315263699,NA,0.0020573415048003767,0.0007072692466280391,0.04437923185876798,0.0008340981602548968,NA,6,6,6,0.0014508520891963193,0.007735889789337917
ENSG00000164296.6,TIGD6,3.080861949920001,NA,0.0020640232100308975,0.005892443028232525,0.02119524156361648,0.02037776929028856,NA,15,16,16,2.7658052125973383e-05,0.04593113891332365
ENSG00000198791.11,CNOT7,-3.071249461892081,NA,0.0021316497319062095,0.007631384608510319,0.20712687087168655,3.527442452207588e-15,NA,8,9,9,0.0008059712800536881,0.11630325388339473
ENSG00000213347.10,MXD3,-3.0666816333984914,NA,0.0021644925930771513,0.041905114997975654,0.17741328792567962,1.4924712420030908e-12,NA,51,56,56,2.690784543320802e-16,0.2623797152429416
ENSG00000165895.17,ARHGAP42,3.046346227752258,NA,0.00231640930806484,0.012812281243505183,0.1603081646852845,2.8570050819967838e-11,NA,57,57,57,7.892738771522978e-11,0.08141467952257223
ENSG00000185989.10,RASA3,-3.0383086529870957,NA,0.0023791014062005326,0.017638861844822905,0.2482432826015612,5.995682279139175e-18,NA,23,23,23,4.382252421682991e-05,0.06627554909128891
ENSG00000089351.14,GRAMD1A,-3.0255604573090267,NA,0.0024817278436592947,0.005814443417166397,0.040062011030638944,0.0014412207127006565,NA,23,23,23,0.0020794664443152173,0.04470260254552783
ENSG00000250091.2,DNAH10OS,3.012819399298245,NA,0.0025883290256275386,0.014138189713930965,0.05329777130259335,0.0002495696182156295,NA,31,33,33,1.2473125182102312e-06,0.06250317148163953
ENSG00000203880.11,PCMTD2,-3.0075732429148845,NA,0.0026334265753815023,0.01212184358897842,0.14987884986572805,1.1292506580692837e-10,NA,32,38,38,1.4005539679811933e-05,0.11873868772057415
ENSG00000073711.10,PPP2R3A,3.0030168736220197,NA,0.0026731760959177522,0.011876255236590194,0.12847725791102774,2.8690963359753194e-09,NA,51,52,52,1.9669212056362793e-09,0.1601312248179832
ENSG00000234350.4,AC007405.4,-3.002504039142525,NA,0.002677684200057676,0.08022681928094433,0.3934847041060841,4.400631135352347e-31,NA,37,39,39,0.00013462356973083692,0.08053382224846457
ENSG00000079337.15,RAPGEF3,-3.001655404465873,NA,0.002685159441024,0.027832907629571888,0.14569038790174735,1.9512506999380826e-10,NA,34,34,34,2.744932314696081e-08,0.10382454070242852
ENSG00000107902.13,LHPP,-2.99669679954353,NA,0.002729220126862707,0.010101546313525528,0.03299242022367248,0.004044462420919552,NA,60,61,61,1.1223361066208055e-07,0.06920364311069871
ENSG00000105642.15,KCNN1,2.9958085516399446,NA,0.0027371822424062855,0.022814819257213164,0.017477210504793082,0.03377534685251267,NA,36,40,40,3.087956751004921e-07,0.1441812232879634
ENSG00000095485.16,CWF19L1,-2.987766300559166,NA,0.0028102435106768893,0.11173051763088888,0.4453271573114006,1.732304278824298e-36,NA,9,10,10,3.904056836496486e-08,0.07649149433675274
ENSG00000135437.9,RDH5,-2.9843633496213746,NA,0.0028416910001618336,0.020786532983359845,0.20887469276056456,2.3518254406525468e-15,NA,11,12,12,8.415488915670883e-05,0.19217880477389024
ENSG00000116350.16,SRSF4,2.9816394591924187,NA,0.0028670942939394138,0.009984045892606921,0.03544471826176366,0.0027819069101654285,NA,53,55,55,0.013309227950534866,0.14325706574161276
ENSG00000161999.11,JMJD8,2.9537840084119966,NA,0.0031390362140734634,0.006130720765527886,0.06038095342647986,8.364856954587067e-05,NA,33,38,38,1.433488597495627e-09,0.06143557389839412
ENSG00000170647.3,TMEM133,2.951460948435276,NA,0.003162745367256786,0.0071625551414038,0.10233246073431487,1.6177196087327314e-07,NA,25,25,25,7.892738771522978e-11,0.047315422401881496
ENSG00000113361.12,CDH6,2.933297590609819,NA,0.0033538225721027127,0.027332991520539234,0.1817925443790503,1.1520426857347616e-12,NA,25,27,27,8.259223859101277e-08,0.07108201156828944
ENSG00000107186.16,MPDZ,2.9309252762104245,NA,0.0033795406199771776,0.0026595775497646234,0.016677615390595,0.040577808316941744,NA,29,37,37,3.9218384824343867e-11,0.08281322592927941
ENSG00000096006.11,CRISP3,2.9223253703392396,NA,0.0034742838703661653,0.01296191974010811,0.029792297314511187,0.006033400030452074,NA,13,14,14,0.008874950952465124,0.1126335264745686
ENSG00000130338.12,TULP4,2.9220052384451005,NA,0.0034778569101963012,0.022519415960619838,0.20692958877990614,1.4555847801955564e-14,NA,51,51,51,0.0006094289797298395,0.010879222660316363
ENSG00000185988.11,PLK5,2.9135628158467592,NA,0.003573299387109547,0.01607227311374411,0.030741556495020163,0.0054664341689483,NA,19,28,28,0.00011624884759832181,0.09423370032615436
ENSG00000169964.7,TMEM42,-2.913129860565816,NA,0.003578257621501837,0.006047036378941523,0.08737857880353374,1.9326015755498902e-06,NA,42,45,45,3.2577534808991374e-05,0.044016908403822
ENSG00000114446.4,IFT57,2.9122504952547805,NA,0.003588347444198541,0.0032433896430599995,0.05112730435006193,0.0002658233862398574,NA,27,28,28,0.0005211642128264257,0.05391712172163049
ENSG00000188986.6,NELFB,2.910033392249923,NA,0.0036139014257917817,0.004946318968850236,0.13516687155592347,1.0048931591048963e-09,NA,14,17,17,0.0009343857761926954,0.043085900366406915
ENSG00000166927.12,MS4A7,-2.90893282358557,NA,0.0036266477806757747,0.02560164960357101,0.12670102984103726,4.529641502712385e-09,NA,35,38,38,6.944736416086729e-24,0.32233995741978283
ENSG00000196776.14,CD47,2.905994671001428,NA,0.0036608768374787443,0.002767768506393307,0.05436464561309823,0.0001898530566813167,NA,10,10,10,0.00020200751254391373,0.04275468772552299
ENSG00000196653.11,ZNF502,-2.902531562780861,NA,0.003701598574578871,0.06365655061030617,0.272689447797176,3.068383876263238e-20,NA,21,21,21,3.2577534808991374e-05,0.32323847004298045
ENSG00000105383.14,CD33,-2.901685235718721,NA,0.0037116127153529956,0.003032191119518921,0.026836594226143103,0.009308592561429536,NA,19,21,21,7.587619821467319e-11,0.04627657330989573
ENSG00000134256.12,CD101,2.8934733811808355,NA,0.003810065842503344,0.09669192706014568,0.08159946707816307,3.4179674822498626e-06,NA,124,129,129,4.589383185221501e-09,0.4599736750063298
ENSG00000267302.5,RP11-178C3.2,2.892668109857299,NA,0.003819847010908064,0.009688440433380926,0.07610249313326113,6.089300139565399e-06,NA,10,10,10,0.000866222944765663,0.0855569255652006
ENSG00000135956.8,TMEM127,2.891098126745302,NA,0.0038389823255150636,0.0024220413856038533,0.025291551705093392,0.009766385536493023,NA,22,25,25,0.0001280294949409642,0.12216344539679508
ENSG00000135587.8,SMPD2,2.8853601441122887,NA,0.003909661284570683,0.008431781420034746,0.0915049215022618,1.1147686370809437e-06,NA,40,43,43,0.00014142709244392254,0.0502529553066637
ENSG00000241837.6,ATP5O,2.884303146723252,NA,0.0039228092850560935,0.0023519604151025137,0.08406373520956792,3.297156269226219e-06,NA,9,9,9,0.0012835369111027326,0.034631975147929824
ENSG00000003249.13,DBNDD1,-2.880714523943132,NA,0.003967748363379958,0.026207305392181475,0.2256225226769871,4.465191681357718e-16,NA,36,42,42,0.00044961137388692976,0.1675898980042732
ENSG00000123106.10,CCDC91,2.875145498606238,NA,0.004038413534079501,0.004010665419143403,0.04415713467248306,0.0008463092382344378,NA,11,11,11,1.7448484993694976e-10,0.03462984343593289
ENSG00000278376.1,RP11-158I9.8,2.8737249667791938,NA,0.004056620548199835,0.04084712529133441,0.2473143788901473,9.36806070383738e-18,NA,27,32,32,1.0454372209337106e-10,0.09019220846859018
ENSG00000092036.18,HAUS4,2.8728503653392927,NA,0.004067867376476967,0.06468526601309263,0.40246332844618976,5.631136081542651e-32,NA,76,80,80,8.523415411494447e-21,0.11047418977534518
ENSG00000129646.14,QRICH2,-2.857449288572735,NA,0.004270608686914646,0.00897408064200151,0.05921939803637604,9.676044662930158e-05,NA,37,41,41,0.000511703240681201,0.07891356320570254
ENSG00000088205.12,DDX18,-2.852887733378999,NA,0.004332392421205114,0.0012966381071302518,0.04107416968505094,0.0012094624924056552,NA,36,36,36,0.006396787683507105,0.044527422303629625
ENSG00000111816.7,FRK,-2.8485147217138986,NA,0.004392382116375724,0.0013469188966646467,0.02475364300541265,0.011813552606890806,NA,8,8,8,0.0024524229659700844,0.020208001562755123
ENSG00000119408.16,NEK6,-2.8412032981518047,NA,0.004494365136374319,0.007957837677250893,0.08116892189693561,4.073436492900794e-06,NA,23,25,25,0.00379536557765112,0.13923747584188825
ENSG00000140839.11,CLEC18B,2.839645272089344,NA,0.004516372547300846,0.028927728307183813,0.040415492328708884,0.0013724393909901411,NA,39,40,40,1.2070558047322304e-16,0.1640255350472962
ENSG00000183826.16,BTBD9,2.83803174612613,NA,0.004539266767263073,0.001054982867273439,0.015980257346721892,0.04309253747646628,NA,5,5,5,0.0013348987771962088,0.023212089633044664
ENSG00000273270.1,RP11-212P7.2,2.836150857536314,NA,0.004566087246793699,0.04527495732400519,0.3670668302522444,1.3229457042137103e-28,NA,36,37,37,2.3374803352697008e-06,0.014063395457012328
ENSG00000170209.4,ANKK1,-2.810739052392538,NA,0.004942785557566894,0.06138234651251644,0.21458579733057945,5.6142605410979e-15,NA,43,43,43,8.98556564707799e-21,0.14802871315638652
ENSG00000108883.12,EFTUD2,-2.795976170696054,NA,0.005174321540954639,0.007574928997625059,0.11505285699823695,2.1519134937083732e-08,NA,29,32,32,1.9381245857994462e-07,0.035679520694743866
ENSG00000250490.1,LINC02145,-2.7911771915818058,NA,0.0052516713671100545,0.10796113439769697,0.3762704414707188,6.849669208333565e-29,NA,31,31,31,0.00017355024927812252,0.3002966902157089
ENSG00000204991.10,SPIRE2,2.7717255236734677,NA,0.005576003183721418,0.004001778745926867,0.05357861761528166,0.00022867095387590498,NA,27,28,28,4.452651174206446e-06,0.13168624778268495
ENSG00000197696.9,NMB,2.769565501483834,NA,0.005613111660967331,0.05624760795562342,0.18440296103779308,3.9054008912153903e-13,NA,54,54,54,1.0307021981532258e-10,0.1352489668264873
ENSG00000177853.14,ZNF518A,2.750915655725429,NA,0.005942894276459212,0.005033452377054397,0.02054973870136087,0.02227670843156135,NA,32,34,34,1.600562414803643e-06,0.14005129428871418
ENSG00000100201.20,DDX17,2.7318916248233593,NA,0.006297185123032357,0.0036391453279428247,0.07531202892659322,1.0252400275532444e-05,NA,16,18,18,0.00047074689663290515,0.06691288504318425
ENSG00000117528.11,ABCD3,2.7255385457671673,NA,0.006419668012733278,0.002432434627275121,0.13720036704038027,1.112342307011837e-09,NA,3,3,3,0.004859208380058833,0.03340808768187442
ENSG00000089220.4,PEBP1,2.71980798881881,NA,0.0065319833656280165,0.0031288556922314586,0.0209608527706728,0.02231939307074191,NA,17,19,19,3.863364948964068e-10,0.15141722122779874
ENSG00000128989.10,ARPP19,-2.7144857592684306,NA,0.006637875417449181,0.0031980199669361152,0.0744995889545716,9.37151428225774e-06,NA,32,33,33,0.00010729469970515632,0.0563158005872233
ENSG00000114054.13,PCCB,-2.7099585050715276,NA,0.00672916261242095,0.0018576595229030908,0.03851472987184935,0.0016144837466489606,NA,26,26,26,3.877991594498786e-10,0.023148150466603658
ENSG00000101413.11,RPRD1B,-2.700044245064818,NA,0.006933025511287574,0.002140215773512035,0.015920870097443366,0.035444845682415016,NA,11,12,12,0.005633429761955016,0.08708381877963556
ENSG00000138036.18,DYNC2LI1,2.6999558913860553,NA,0.006934866966806124,0.012293553003505937,0.0962130051667586,4.0483696247745295e-07,NA,13,14,14,0.0032588316211581234,0.12050194597176875
ENSG00000176715.15,ACSF3,2.689553135117314,NA,0.0071547755686585685,0.013691796605890351,0.046968441912188685,0.00047323514430541415,NA,61,71,71,5.833358050821195e-06,0.047460804992965885
ENSG00000138375.12,SMARCAL1,-2.6890118100119325,NA,0.007166388376895651,0.0026850089114142804,0.019880666458507574,0.026633602974638074,NA,8,8,8,0.0010095410930079515,0.028084669489331696
ENSG00000166664.13,CHRFAM7A,2.6876768421278854,NA,0.007195099195760247,0.007470335378547301,0.04538692827105692,0.0006158657542962527,NA,9,26,26,1.4578890741426212e-11,0.05717539737678067
ENSG00000272156.1,RP11-477N3.1,2.6845509354108463,NA,0.007262731580708376,0.017562331192559393,0.023523101397229386,0.014502161125709947,NA,29,31,31,2.3335614658598816e-07,0.15504821066042207
ENSG00000186399.10,GOLGA8R,-2.681933585196641,NA,0.00731979901461788,0.004807163541091009,0.04795114186572722,0.00036317491462470184,NA,15,62,62,2.7318600608113252e-08,0.10729202849678332
ENSG00000126775.8,ATG14,-2.68051596765773,NA,0.007350875734025257,0.001778994476996304,0.02503822746530604,0.012170950294135157,NA,17,19,19,5.2928987664491915e-06,0.051551768176342085
ENSG00000105229.6,PIAS4,2.6775202552238366,NA,0.007416936782615233,0.0035271379487234822,0.051316024838175066,0.00029245102827778197,NA,7,8,8,0.009331132549126197,0.06309939732737478
ENSG00000184828.9,ZBTB7C,-2.6716877119780746,NA,0.007547084820234746,0.0010717268565620449,0.0337009768497096,0.003589886006500472,NA,7,7,7,0.002615936570673894,0.034693751176720036
ENSG00000148826.8,NKX6-2,2.6700587877877346,NA,0.007583796774707568,0.010984574040140924,0.027103734133788228,0.007750688783980356,NA,47,52,52,0.00011863080082232636,0.08057191771433578
ENSG00000154803.12,FLCN,-2.6693274871021866,NA,0.007600330508557197,0.15061862449053803,0.5512418443037367,1.6034905969188586e-50,NA,13,14,14,3.0500959658946885e-05,0.2413373073068673
ENSG00000140990.14,NDUFB10,2.666019361315655,NA,0.007675527240187226,0.00043673563615113405,0.0182145727596718,0.03238558102142005,NA,3,3,3,0.00014744263791175176,0.028404045802107706
ENSG00000160746.12,ANO10,2.664481163024903,NA,0.007710718467888064,0.0015990084483816006,0.026430194301046702,0.009369888223799444,NA,1,1,1,0.007710718467888076,0.1971732647135091
ENSG00000166436.15,TRIM66,2.660267159870061,NA,0.007807869170432327,0.05131716596982383,0.42326718630113097,9.0726334989389e-35,NA,31,35,35,3.318025617761154e-05,0.07211267321826606
ENSG00000128683.13,GAD1,2.6487904620297154,NA,0.008078039932372764,0.004775060183395376,0.035307384449991326,0.002593475148772866,NA,8,8,8,0.0011921445819205049,0.06489316219545231
ENSG00000170011.13,MYRIP,-2.6460329393457585,NA,0.008144188561855614,0.0031411697684808884,0.0686688896865221,2.587793555216267e-05,NA,13,14,14,0.0002455937308979991,0.06196452937442293
ENSG00000188404.8,SELL,2.6351108571908277,NA,0.008410980811298067,0.006161497342224873,0.04164415763991814,0.0010865350931077175,NA,22,23,23,0.00016577408851035406,0.037216998772414064
ENSG00000166839.16,ANKDD1A,-2.633057825369614,NA,0.008461993910586748,0.003922232450727584,0.08873098744723656,1.6330749409638814e-06,NA,7,8,8,0.0007309278874277741,0.061788303109872586
ENSG00000158856.17,DMTN,-2.6234930463949335,NA,0.008703322164823583,0.031714893167115066,0.1722286928173095,1.0343719738668976e-12,NA,19,20,20,0.007279079593305554,0.16117174102210427
ENSG00000260302.1,RP11-973H7.1,-2.6205044129037445,NA,0.008779979377534601,0.0638220152608105,0.1819188857213845,1.1627799211540377e-12,NA,16,18,18,0.0005283469796877387,0.249551628841558
ENSG00000184908.17,CLCNKB,2.6193317801021174,NA,0.008810221336345037,0.030924953558480624,0.08242364750412425,2.7830821704045446e-06,NA,19,19,19,7.96562532814057e-05,0.07434194828622476
ENSG00000172113.8,NME6,-2.6176848910232486,NA,0.008852851400599491,0.01882618857454941,0.13826127515890874,4.314938731374143e-10,NA,10,10,10,0.005598944846812597,0.041942775045342884
ENSG00000281392.1,LINC00506,-2.6157344775823272,NA,0.008903576530077997,0.001061609149263554,0.033918229871355315,0.00347207721893491,NA,3,3,3,0.007282293204525128,0.034117121235457216
ENSG00000188039.13,NWD1,-2.6095612193224884,NA,0.009065842303349425,0.0021596475709822214,0.060871235253501674,8.25713440389586e-05,NA,4,5,5,0.004905724344133405,0.0628030928974408
ENSG00000161267.11,BDH1,-2.6058693854351436,NA,0.009164140039233073,0.0062546854690885365,0.04280892569480254,0.000994570676895473,NA,20,20,20,2.269598369636756e-06,0.15490670092457112
ENSG00000272077.1,RP11-348P10.2,-2.6038904411861528,NA,0.00921722155067819,0.008693110820449873,0.11778978320759485,1.8436124635511255e-08,NA,13,14,14,3.2577534808991374e-05,0.10860414994189672
ENSG00000173421.16,CCDC36,2.60366849516692,NA,0.00922319192183306,0.02322464330213303,0.06906591315831502,1.291036324061146e-05,NA,23,25,25,0.005519448877766512,0.3533279159363989
ENSG00000184588.17,PDE4B,-2.6003685113387194,NA,0.009312369885676611,0.002015974885841847,0.030667719860462427,0.005473429589409818,NA,27,31,31,5.569205895521925e-18,0.03436920391634466
ENSG00000240038.6,AMY2B,2.5961403937521483,NA,0.009427753457913466,0.01598109409782778,0.0412929255202074,0.0010603540090756225,NA,61,62,62,2.9457225462106022e-21,0.13730591265020722
ENSG00000255366.1,RP11-1134I14.8,-2.587130627691185,NA,0.009677889530015738,0.00184520807006175,0.029521732703241862,0.006858377936762278,NA,9,9,9,1.3486182364205342e-11,0.01968104996726706
ENSG00000164597.13,COG5,-2.586026261793837,NA,0.009708953279000324,0.0013130759975950048,0.0486401855887744,0.00044803237549261287,NA,5,5,5,0.007174602485222434,0.014761712308129513
ENSG00000275142.1,RP5-999L4.2,-2.582705164847717,NA,0.00980290570990064,0.08076947495297013,0.17246332791709745,2.193842107321453e-12,NA,30,31,31,6.257072142647923e-05,0.14245929464975704
ENSG00000196932.11,TMEM26,-2.577758992558677,NA,0.009944332882875872,0.03554605345840674,0.05055925221100347,0.00030709340370569846,NA,80,83,83,5.986256259727797e-05,0.30439725495022835
ENSG00000259703.5,LINC00593,2.575208562972471,NA,0.010017965856461735,0.0040211912901064505,0.04923402452006518,0.0004220315264696074,NA,9,11,11,1.5762307350751294e-05,0.07113380180781
ENSG00000137841.11,PLCB2,-2.572073673200082,NA,0.01010913768391861,0.005910689382746907,0.1972159567656098,1.5023505048010553e-14,NA,31,34,34,0.011150823119305878,0.10518113510658696
ENSG00000100038.19,TOP3B,-2.561988401230557,NA,0.010407479415852768,0.002905749903929535,0.031624394077537955,0.004557918190838986,NA,5,5,5,0.010900396761891376,0.08878459298458212
ENSG00000089154.10,GCN1,2.559643678529232,NA,0.01047795335248369,0.0008810226547592228,0.029244633798102774,0.0068944401913308955,NA,7,7,7,8.111601747036694e-05,0.013927116157884771
ENSG00000121318.2,TAS2R10,2.5524123954932896,NA,0.010697980909944645,0.0040473576000142324,0.13290326436462158,1.6678246529857425e-09,NA,5,52,52,0.013694592547984339,0.12404971744465365
ENSG00000112977.15,DAP,2.5521655380445485,NA,0.010705564071586455,0.010588103658339324,0.2117074018085177,4.0790359248770095e-15,NA,32,32,32,8.407745880806621e-07,0.0474228015422887
ENSG00000258289.8,CHURC1,-2.5509976597400796,NA,0.010741504708371532,0.04471404076871663,0.4769258135100634,1.8688182069520267e-42,NA,27,27,27,0.007433491044575714,0.014406628866116525
ENSG00000129595.12,EPB41L4A,2.549660526307049,NA,0.010782785743163029,0.002761798523940699,0.10598857190168068,1.4208232277885735e-07,NA,29,29,29,0.0004331380829469584,0.014657699308511709
ENSG00000197822.10,OCLN,2.549592758659482,NA,0.010784881669344154,0.006829314063466254,0.0572885655973785,0.00011149801396559165,NA,30,34,34,6.58837052157734e-18,0.06629123456156881
ENSG00000042429.11,MED17,-2.5456306010390355,NA,0.010908055130168083,0.0018151433965423107,0.037946062433287485,0.001934402715332,NA,3,3,3,1.0869986418648771e-05,0.043689953435925535
ENSG00000113068.9,PFDN1,-2.541238044729508,NA,0.01104606850591697,0.0046711755801100655,0.09476838817730003,7.165087759569965e-07,NA,40,41,41,0.0008240997041820244,0.02364988134669993
ENSG00000009765.14,IYD,-2.5343813640485338,NA,0.011264606305371879,0.00010728305144510037,0.10341550836589766,1.5404098862778747e-07,NA,9,17,17,8.907857712443306e-05,0.01171656406889664
ENSG00000171714.10,ANO5,-2.5342016420309235,NA,0.011270385724923298,0.020460500495981623,0.1920876549252115,1.9204623243686145e-13,NA,16,16,16,0.0009053453194338699,0.08002329655061717
ENSG00000213694.3,S1PR3,-2.514208035339526,NA,0.011930003748674808,0.005939118645746943,0.1419233916749923,4.865014171092313e-10,NA,13,13,13,0.007799682392293555,0.010066091754917673
ENSG00000256537.4,SMIM10L1,-2.511085936447642,NA,0.012036039269901839,0.001999016613368202,0.100649782941797,2.2508215783094524e-07,NA,9,12,12,9.94796994430253e-07,0.10943614738016053
ENSG00000175213.2,ZNF408,-2.509632528831212,NA,0.012085685553423701,0.008006831495244771,0.031116801718481926,0.0053061488535334714,NA,45,46,46,9.328041166322216e-05,0.04984637822279848
ENSG00000263164.1,RP11-333E1.2,-2.507676858021949,NA,0.01215277480486534,0.004931962390682868,0.04860518778681612,0.00044677645232105937,NA,21,21,21,0.002389330292439286,0.03039881791869385
ENSG00000129158.10,SERGEF,2.503713831489479,NA,0.012289739173556061,0.009288371049699089,0.10581447511403276,4.004026529235381e-08,NA,26,30,30,2.253767185633236e-05,0.05717714249414941
ENSG00000169026.12,MFSD7,-2.4951846685814845,NA,0.012589159325081185,0.004119829774253868,0.06942060350634183,2.542075470602433e-05,NA,7,7,7,0.0007413556886461785,0.03530763802022018
ENSG00000243477.5,NAT6,-2.493624678281366,NA,0.01264461681178026,0.011056222346614082,0.03136167346790925,0.0042451556486286035,NA,49,50,50,9.729617609826122e-05,0.1859612771018436
ENSG00000167566.16,NCKAP5L,-2.4891721608225184,NA,0.012804094630090437,0.002767222202888006,0.021570170048375803,0.018831881685874702,NA,5,7,7,0.002447138494753519,0.06736113388280998
ENSG00000138380.17,CARF,-2.488653046132756,NA,0.01282280336594476,0.005864567278256799,0.08617436850570727,1.5368987063113609e-06,NA,34,34,34,2.407264776640863e-08,0.028799981647219367
ENSG00000144567.10,FAM134A,-2.4859823352138632,NA,0.012919437836863664,0.0009587606229268391,0.08434549909885163,2.7021037171144746e-06,NA,9,9,9,0.009151023599374395,0.03124285605063445
ENSG00000102882.11,MAPK3,-2.484434319439144,NA,0.012975744236196787,0.0024444240055895546,0.061791334817008915,6.109893535008359e-05,NA,12,13,13,0.017967313453842674,0.0178483744417193
ENSG00000214562.14,NUTM2D,-2.477157744524777,NA,0.013243335610530267,0.027312608142498095,0.1092202561169168,3.4162116541422066e-08,NA,49,53,53,0.0042864004231743255,0.27871543184229297
ENSG00000254531.1,FLJ20021,-2.4752218037580294,NA,0.013315345266563541,0.0363031408933291,0.12558804031050044,3.730222575884953e-09,NA,88,94,94,4.602947279401265e-05,0.1020022200109302
ENSG00000183431.11,SF3A3,2.4667054291082486,NA,0.013636248459657921,0.006421606730476788,0.2384225448751173,1.419087219488582e-17,NA,10,11,11,9.843507251686805e-05,0.022392900484870956
ENSG00000137171.14,KLC4,2.4613817472887374,NA,0.0138403014360472,0.0002781938010250296,0.02216314867716778,0.017992081711513994,NA,5,5,5,0.017779535506184434,0.0378224821560794
ENSG00000161888.11,SPC24,2.452276472967882,NA,0.014195554547636104,0.004420678782499288,0.07701966676491664,6.520669961441065e-06,NA,12,12,12,1.0707283322719438e-07,0.03944434726232214
ENSG00000164978.17,NUDT2,2.4508566056004017,NA,0.014251671534508603,0.194631762042823,0.5979560579779369,1.7667350443288778e-60,NA,33,34,34,1.610258265320549e-05,0.2577051239901227
ENSG00000136383.6,ALPK3,-2.446399072411777,NA,0.014429118970829095,0.0010088574137420482,0.05184838111405746,0.0002469535544720229,NA,7,7,7,0.0001685029444503736,0.024655616971183767
ENSG00000138346.14,DNA2,2.4438542210345187,NA,0.014531296865636176,0.02948348952410438,0.3158547424142307,2.7479509525552413e-24,NA,33,34,34,0.0013307125131047873,0.056253564971026716
ENSG00000125885.13,MCM8,-2.442082281459379,NA,0.014602817956961714,0.03268666058666014,0.2528553223031318,3.860882131730168e-18,NA,26,30,30,0.009460915374681297,0.036403275563378884
ENSG00000273308.1,RP11-496H1.2,2.4400957109244112,NA,0.014683371073604033,0.01062530607482301,0.033973060136393805,0.003342125046302605,NA,6,6,6,0.002308279373703021,0.0853997870956327
ENSG00000271344.1,RP11-274B21.9,-2.4394211439293776,NA,0.014710812921544098,0.014688978504132701,0.10698291577239696,1.1319953299080045e-07,NA,32,33,33,0.0033201096012040483,0.04110827926903151
ENSG00000163728.10,TTC14,2.438696261465671,NA,0.014740352015379782,0.0018774602806677927,0.056094011763662674,0.00015677845426506694,NA,26,26,26,0.0017182255401625491,0.013299535859234822
ENSG00000116473.14,RAP1A,2.4332172379170105,NA,0.014965319157175068,0.01015382287145836,0.039911291713706235,0.0015789319627904962,NA,99,105,105,1.6665364545292827e-09,0.06870719655649905
ENSG00000135617.3,PRADC1,-2.4311654685201467,NA,0.015050339447738979,0.0012340627705568008,0.0251301516478474,0.011309126275750843,NA,10,10,10,0.0005545594030127285,0.019643101340180474
ENSG00000183060.15,LYSMD4,2.430960623488073,NA,0.01505885103669321,0.12831072659654474,0.30451144596932445,1.124457345064411e-22,NA,32,36,36,0.00025484761173762756,0.16079398754359528
ENSG00000229314.5,ORM1,2.422124291594064,NA,0.015430072019515505,0.0019290873367447429,0.11794438590786888,1.2596104271806309e-08,NA,13,16,16,0.015734284379668586,0.07607143284168175
ENSG00000106803.9,SEC61B,-2.4216215804440946,NA,0.015451431382484466,0.000354636118869417,0.017601530580519352,0.03765603326319199,NA,3,3,3,0.006500102816211572,0.031107296866111245
ENSG00000175322.11,ZNF519,2.4102340748162203,NA,0.015942288548901992,0.011271669047064118,0.1653516418379883,1.1340346831329053e-11,NA,19,20,20,0.011778222761190314,0.1131739745731811
ENSG00000107295.9,SH3GL2,2.407454910296366,NA,0.01606414575621105,0.014283475708026768,0.2301379432363151,2.324127220119489e-16,NA,59,60,60,0.00039446619983691915,0.026199714577720537
ENSG00000205562.2,RP11-497E19.1,2.4030788444435967,NA,0.016257681744765974,0.0015428698969340176,0.028291219430047167,0.007481876255028906,NA,8,10,10,7.916538982560408e-06,0.03654812262910719
ENSG00000181291.6,TMEM132E,2.3986726840653123,NA,0.016454615855639787,0.008089128885718885,0.017993201267212468,0.033827116291767365,NA,11,13,13,0.02266876346960589,0.13914133193930067
ENSG00000167747.13,C19orf48,2.3947663273493847,NA,0.01663096043208346,0.004448727115797751,0.016081537934210532,0.044765753953507216,NA,29,34,34,0.001121050869341849,0.11833796871886045
ENSG00000171488.14,LRRC8C,2.3946044464136618,NA,0.016638303896346997,0.00513646115687034,0.0592584118857237,8.342761802935279e-05,NA,16,17,17,3.469755302814575e-05,0.03797395031257182
ENSG00000113966.9,ARL6,-2.389126569194823,NA,0.01688848302662039,0.010539446971585185,0.02003381243769513,0.024898714666614054,NA,58,59,59,1.8914831444102552e-06,0.06700226091319697
ENSG00000115137.11,DNAJC27,2.387833591898163,NA,0.016948013792198888,0.010420656326316523,0.035402700283403206,0.00279589048659103,NA,58,61,61,4.945002137293712e-17,0.2038794644078531
ENSG00000069275.12,NUCKS1,-2.3867538618751234,NA,0.016997867332681497,0.0035631569832915364,0.06306078874288723,5.959676158796265e-05,NA,17,17,17,0.00023171775369781894,0.09515942442001367
ENSG00000198754.5,OXCT2,2.385820781850921,NA,0.017041053325157395,0.0824966108354985,0.1329210732203766,1.970522441852141e-09,NA,77,85,85,8.721895506939457e-11,0.16797913038088372
ENSG00000070413.19,DGCR2,2.3772149812825405,NA,0.017443918153662086,0.0024669998621086155,0.05313588044294181,0.00017047364322330113,NA,8,8,8,0.01182797350889291,0.028866471133009892
ENSG00000177303.9,CASKIN2,-2.3730091132698528,NA,0.01764382858534064,0.010218568292716907,0.12413696551682207,6.600320649055051e-09,NA,7,8,8,0.010138945177156581,0.05717879529096515
ENSG00000170681.6,MURC,2.3721700642830474,NA,0.017683949076154185,0.030393307103317044,0.13262742188656138,9.901972689878e-10,NA,18,19,19,0.0018808592259648975,0.33936824033563656
ENSG00000171596.6,NMUR1,-2.3711126637471938,NA,0.017734624260676464,0.010305049239659969,0.05931380116153265,0.00010238898165963986,NA,8,9,9,0.0016896166197410793,0.1388419449568057
ENSG00000204152.10,TIMM23B,-2.3697985752416666,NA,0.017797778350497003,0.017287645947500853,0.10887303347761647,6.221352639721821e-08,NA,45,50,50,0.0002574488645760927,0.3805350835982899
ENSG00000006016.10,CRLF1,-2.3693566370272734,NA,0.0178190618000636,0.005018659613350329,0.051835551416666514,0.00025692699954269133,NA,14,14,14,0.00020403265109769872,0.030680479732526283
ENSG00000163002.12,NUP35,-2.3682210806502177,NA,0.017873851738728033,0.005164273206926057,0.07284202443860943,1.5054184129448273e-05,NA,23,26,26,1.2768557625190583e-11,0.05916226772601123
ENSG00000171608.15,PIK3CD,-2.364899485280831,NA,0.018034964976068078,0.01234954462566636,0.08396361073398957,3.2733469160294153e-06,NA,53,59,59,4.911380226825142e-09,0.0970107105077026
ENSG00000164134.12,NAA15,2.363683014593136,NA,0.018094287047686324,0.0012385604538970518,0.02219650338138347,0.018670313425286498,NA,12,13,13,4.570317112122097e-13,0.027441677764071963
ENSG00000156795.6,WDYHV1,2.3596888392529896,NA,0.018290269258775686,0.02587498464350555,0.2343488595511865,6.995759112880694e-17,NA,46,48,48,0.011773159858488452,0.06793704258521817
ENSG00000241839.9,PLEKHO2,-2.35652296893537,NA,0.01844692679158765,0.0036415684756082927,0.08989683347737791,1.426561970876232e-06,NA,13,13,13,0.006932754123190861,0.022361005132291358
ENSG00000214293.8,APTR,2.355940774108562,NA,0.018475863169103136,0.004979148157309094,0.052578909192495096,0.0002093377994448382,NA,7,7,7,0.0020975575932583516,0.060101589297329526
ENSG00000162378.12,ZYG11B,2.336291455248641,NA,0.019476056556365993,0.0011839004170985374,0.038115104609213565,0.001953569304271042,NA,7,7,7,0.0013428347591975761,0.02699555440828256
ENSG00000272463.1,RP11-532F6.3,-2.3331289533071975,NA,0.019641378274124793,0.07229936394533355,0.3725932712138955,1.1841303004783873e-30,NA,24,25,25,0.007632662780102575,0.35251775835743504
ENSG00000106868.16,SUSD1,2.3295099561614143,NA,0.019832066182200646,0.0016773047352818251,0.0216314030891746,0.016338204498606186,NA,11,11,11,0.0013148477054938934,0.021820399595376884
ENSG00000180979.9,LRRC57,-2.324893728599722,NA,0.020077643408709475,0.034756512863868355,0.2756056321220729,7.219406684235839e-20,NA,9,10,10,0.010671356195420614,0.09552318742810513
ENSG00000230733.2,AC092171.4,-2.324809719843265,NA,0.020082137043550975,0.019390151176498793,0.03023648526109545,0.00603111553099008,NA,42,45,45,5.418961889613668e-07,0.3859440024718189
ENSG00000213062.4,RP1-206D15.6,-2.324577516134711,NA,0.020094562204046023,0.00292652029050015,0.01713485432146111,0.038737277751824784,NA,17,17,17,2.626056612403349e-05,0.02688385772522819
ENSG00000066427.21,ATXN3,2.318703448213444,NA,0.020411121435518643,0.004632156358409557,0.045222408803079095,0.0005363763940736562,NA,23,23,23,0.006759230719577048,0.007616710958735994
ENSG00000232104.3,RFX3-AS1,2.3183353022082858,NA,0.020431105241368975,0.04441128205887515,0.15501745786249133,4.3163551191634655e-11,NA,46,49,49,1.3824944538772497e-17,0.1897284840965944
ENSG00000089060.11,SLC8B1,-2.3171007139952398,NA,0.02049824613525284,0.008897233570882936,0.12296090616618355,1.0232959961085976e-08,NA,11,11,11,0.007522716213264735,0.06474630692026205
ENSG00000153936.16,HS2ST1,-2.315908975332762,NA,0.020563239172101802,0.001946179569289423,0.03469097074830226,0.002426229278506793,NA,18,19,19,0.003517742705139319,0.037464111090914916
ENSG00000175606.10,TMEM70,2.315693227125491,NA,0.020575024475803314,0.022591074961053025,0.04616490628646853,0.0006425945554945092,NA,50,51,51,4.919806165956534e-06,0.14872842000753134
ENSG00000127947.15,PTPN12,-2.3147422029583646,NA,0.020627044657466953,0.008741353169865936,0.16960714114441267,3.441504525001216e-12,NA,22,22,22,1.2601212280327768e-09,0.04712135216889494
ENSG00000132749.10,TESMIN,-2.312467534841313,NA,0.020751932400639477,0.003621777270972022,0.04998891157807848,0.00032114417760498377,NA,27,28,28,3.8198732271094756e-05,0.03195518448020282
ENSG00000228300.13,C19orf24,2.311151515811223,NA,0.02082448732790759,0.008181326083464339,0.19220364375730112,1.9662236347929814e-13,NA,8,9,9,0.01210880912245151,0.036695019928751
ENSG00000160606.10,TLCD1,-2.2959154164864777,NA,0.02168071809747744,0.0038363207918168524,0.031533357888371256,0.004158079356955766,NA,23,23,23,0.0007735861607317328,0.10214711744481296
ENSG00000214860.4,EVPLL,2.294473826941008,NA,0.02176329677253187,0.006771639796889358,0.03399999360981129,0.003509293080548132,NA,18,19,19,1.0256248933789558e-05,0.057932176192403075
ENSG00000135506.15,OS9,-2.289802501361061,NA,0.02203276810018149,0.0014612078359177321,0.018155662305277136,0.033429074640966124,NA,15,16,16,7.343273559562968e-05,0.025106107691433892
ENSG00000196792.11,STRN3,2.2894461220332136,NA,0.022053444948108316,0.000705110080950776,0.04348558863255715,0.0009205084885894713,NA,5,5,5,0.016824506531156844,0.018011074801254183
ENSG00000197555.9,SIPA1L1,-2.280942466934374,NA,0.02255185156738197,0.004942925191993202,0.0712013491078715,1.530919448454987e-05,NA,16,16,16,0.0032914605890782913,0.01215179943471432
ENSG00000119227.7,PIGZ,2.2805059371707337,NA,0.02257769906514131,0.10566545948263023,0.4635031852887349,5.581853280849234e-40,NA,32,34,34,0.00018931238822524868,0.2729136681773176
ENSG00000176049.15,JAKMIP2,2.2804165344610694,NA,0.02258299589189688,0.007352604371012121,0.07117255716748938,1.940003799720087e-05,NA,23,26,26,9.772005927990965e-06,0.07331649769462321
ENSG00000186354.10,C9orf47,-2.2787419019712862,NA,0.02268241232696695,0.009230584375183048,0.13100478876779928,1.7115063858180843e-09,NA,30,30,30,0.007799682392293555,0.030213441096786357
ENSG00000203801.8,LINC00222,-2.2727771192736164,NA,0.023039614549756712,0.0020648481202283683,0.023105546430945968,0.015782383967140802,NA,2,3,3,0.0042292889988281785,0.042035925097173264
ENSG00000272823.1,RP11-295M18.6,2.2658962824978186,NA,0.02345773428979574,0.03766478474271005,0.14404686581895648,2.478868199503081e-10,NA,14,16,16,6.525122145919154e-10,0.1110579386968759
ENSG00000198646.13,NCOA6,2.2656961184928064,NA,0.02346999536342926,0.013845518623594183,0.0959785841106319,3.18943013315941e-07,NA,45,47,47,0.0026490661949097613,0.06029875464730905
ENSG00000124786.9,SLC35B3,2.265601133491971,NA,0.02347581562843225,0.01056376661779895,0.03639083800099647,0.0022972605843379515,NA,58,68,68,0.0431574805288987,0.14266448048243052
ENSG00000095906.16,NUBP2,-2.265003720097976,NA,0.023512451230158778,0.0010633058109434262,0.024846338576910192,0.009698610731957746,NA,16,21,21,0.0002946593420829194,0.08533180259599574
ENSG00000197563.10,PIGN,2.263448145599996,NA,0.02360807770683571,0.020989781503318046,0.10250394349153584,1.3401532144577827e-07,NA,194,202,202,9.37573749453573e-06,0.1492964504321673
ENSG00000049449.8,RCN1,-2.253634782458491,NA,0.02421915328794376,0.006058824079176232,0.15528301937965985,5.827499121199154e-11,NA,9,9,9,0.00111942619893493,0.06528539569465355
ENSG00000248202.1,RP11-455B3.1,2.2517523341095775,NA,0.024337927419694216,0.03410831655969462,0.05482098838410017,0.00016288711539892326,NA,24,26,26,0.00041337289049953106,0.29096053211580564
ENSG00000173890.16,GPR160,2.250259874969917,NA,0.02443245345016229,0.021588399891974887,0.21822351739230292,1.2173529943280074e-16,NA,26,28,28,7.696805154336128e-05,0.1133340862599152
ENSG00000143434.15,SEMA6C,-2.246413773382474,NA,0.02467751692275473,0.006092271637263145,0.0953364137163254,5.855650231832859e-07,NA,16,16,16,6.884386797315691e-06,0.07293081830524246
ENSG00000119446.13,RBM18,-2.2459749844003203,NA,0.02470561026745762,0.008986185097222312,0.14472493314388388,3.241287334061989e-10,NA,6,6,6,0.018938294984544444,0.2270446859124608
ENSG00000067064.10,IDI1,2.241612419700261,NA,0.024986432587260504,0.0039413042198380216,0.021590714062883584,0.021015254557824048,NA,16,19,19,1.9043650554160254e-08,0.06504155258713315
ENSG00000091136.13,LAMB1,2.2413874699363383,NA,0.025000987444377013,0.022706057543705922,0.19377246809779794,7.628298217940413e-14,NA,37,39,39,0.0003272564067103,0.10433034554338856
ENSG00000170264.12,FAM161A,2.236587151766993,NA,0.02531333542577863,0.00532061665736671,0.031806684474308435,0.004558181894344231,NA,33,34,34,0.0009216842125867937,0.08097994820127058
ENSG00000163702.18,IL17RC,2.2335672763480825,NA,0.025511559077368663,0.02806623252416165,0.2925682583809909,1.4201076284575125e-21,NA,31,34,34,2.1162481014608214e-08,0.06618847064303418
ENSG00000122692.8,SMU1,-2.2318099576342845,NA,0.025627525930129118,0.007029637826086628,0.1319091654301386,2.690748773931704e-09,NA,51,52,52,0.02404994125380736,0.11415194278910384
ENSG00000162694.13,EXTL2,-2.2308797743335362,NA,0.025689093822051933,0.001224372896644206,0.01908455596295049,0.029895566915671582,NA,5,5,5,0.008494590050080984,0.03971261263895425
ENSG00000176390.11,CRLF3,-2.230328072797913,NA,0.0257256707979844,0.008124479930031382,0.08780853199674514,1.6088831471400327e-06,NA,8,8,8,0.0005129574837444204,0.09526583921490947
ENSG00000140382.14,HMG20A,2.229635090849914,NA,0.02577167826680613,0.003532229448215263,0.07885304878376159,5.416761721181977e-06,NA,9,10,10,6.117300259079813e-05,0.08279587800336634
ENSG00000214534.5,ZNF705E,2.22765275057777,NA,0.025903680100691776,0.0036192355088641827,0.02224070293061674,0.0189518305068616,NA,9,12,12,0.01084200644407767,0.09131206837032477
ENSG00000198633.10,ZNF534,-2.2265851726493255,NA,0.02597501082454205,0.00748740040388968,0.13912652205515502,7.700601054914322e-10,NA,4,5,5,0.01600945226378278,0.11903603154750154
ENSG00000174576.9,NPAS4,2.2211140004186873,NA,0.02634324101154688,0.009649337552000032,0.0658028588602479,3.8230263547875226e-05,NA,23,24,24,5.330164859913967e-12,0.1450676470549943
ENSG00000151917.17,BEND6,-2.2199985765414705,NA,0.02641886424120292,0.04140456242796994,0.2179184418727984,9.147123486727194e-16,NA,55,59,59,0.009941203817595987,0.07367417597899062
ENSG00000260953.1,RP11-426C22.6,2.214372167919363,NA,0.02680318785522188,0.042370156960415004,0.2229974874113883,8.747750358884733e-16,NA,33,39,39,0.0008115239050029643,0.11401143531215575
ENSG00000272989.1,LINC02012,-2.21221297241019,NA,0.02695195293053928,0.012999765031412121,0.0986171533853885,3.4741790162798e-07,NA,12,12,12,1.9409525148340395e-16,0.10768808248612538
ENSG00000116062.14,MSH6,2.2096598708268407,NA,0.027128776769951003,0.010738645009937623,0.05359024844726111,0.0001956462619814037,NA,50,52,52,1.2309905982925638e-06,0.1823651280905837
ENSG00000157152.16,SYN2,2.2085763943092553,NA,0.027204118753006174,0.02074175382249595,0.11628804135842764,1.538298216722088e-08,NA,18,18,18,0.0024382463785337107,0.08456805167888375
ENSG00000126461.14,SCAF1,2.2055482864379883,NA,0.02741564334749466,0.0006289037581251966,0.015467721719829687,0.04958318195358544,NA,1,1,1,0.02741564334749466,0.0625723170223745
ENSG00000119414.11,PPP6C,-2.2050637115754856,NA,0.02744962406885173,0.001248270467828255,0.04058899682418205,0.0012380956969530598,NA,7,7,7,0.001949036666401394,0.01654143519684709
ENSG00000204839.8,MROH6,-2.2017444630130525,NA,0.027683364055818123,0.027654388333678358,0.08997590414547806,1.0207157600982849e-06,NA,46,57,57,9.95686737619807e-06,0.16947681079826998
ENSG00000100461.17,RBM23,-2.198120159929578,NA,0.02794054424316936,0.019775965857103714,0.159486905255586,9.118536889880357e-12,NA,28,29,29,8.523415411494447e-21,0.09938334233632024
ENSG00000101019.21,UQCC1,2.1960961648691457,NA,0.028085061041453762,0.008901432450286961,0.13973023235635695,7.697299489946626e-10,NA,34,35,35,0.006117527105783961,0.031643941842347215
ENSG00000164967.9,RPP25L,2.1941392337204784,NA,0.028225401481372234,0.0066437248904349785,0.059837630149691776,4.768033667536735e-05,NA,30,31,31,2.120768498051895e-06,0.09676899944985533
ENSG00000142655.12,PEX14,2.193073079771638,NA,0.02830211422580315,0.009403621265246244,0.028136365631550638,0.007672713293660744,NA,29,31,31,7.267059262098361e-07,0.09139758956105414
ENSG00000164615.4,CAMLG,2.189996636175157,NA,0.028524480779387296,0.0035852165275508216,0.07918167157856829,4.6805125298751455e-06,NA,21,23,23,8.874869076633037e-09,0.07274687817876277
ENSG00000174705.12,SH3PXD2B,-2.1835903617359476,NA,0.028992362430358493,0.0009568396996713469,0.04481993121643826,0.0007086006843333764,NA,9,9,9,0.008847201371471776,0.022464367867879427
ENSG00000144840.8,RABL3,-2.1824444839067847,NA,0.02907674430342781,0.010871661776954488,0.02985279656555505,0.006561504786571107,NA,38,38,38,0.016182704402146447,0.11200208113354264
ENSG00000175711.8,B3GNTL1,-2.180055128429942,NA,0.02925337535742279,0.027684857583062918,0.051963397777309496,0.00027190810035549503,NA,30,33,33,0.00010313786891294531,0.11157167365723444
ENSG00000111110.11,PPM1H,2.179761091608405,NA,0.029275175444837327,0.006089981554778525,0.07902687592440384,6.652918532063424e-06,NA,21,23,23,0.010515018157467158,0.062333713574516676
ENSG00000130943.6,PKDREJ,-2.1787857781758273,NA,0.029347585946002404,0.053659123814895834,0.1451638686564993,7.878330058721485e-11,NA,27,29,29,0.0122487099128297,0.062316451155791285
ENSG00000112877.7,CEP72,2.1787022873277198,NA,0.029353791737016625,0.004195370452917048,0.05316476915577209,0.00015244176370889738,NA,5,6,6,0.03204195774108449,0.04807576306107171
ENSG00000165934.12,CPSF2,2.1746659372635357,NA,0.02965515923260015,0.016591293214983607,0.19729451589773853,2.645190607348556e-14,NA,35,36,36,0.0020273777439276247,0.045508530182892255
ENSG00000081665.13,ZNF506,-2.1722469470685843,NA,0.029837041311608452,0.026235118590011826,0.08869320529907243,1.1783440440814762e-06,NA,46,51,51,1.666770119909956e-25,0.17585844025558936
ENSG00000152977.9,ZIC1,-2.1715384036329435,NA,0.02989049743491053,0.017602156798676466,0.05679671761043595,0.00012726271437974514,NA,10,10,10,0.0007658824772651255,0.05598325019999595
ENSG00000005513.9,SOX8,-2.168464665106494,NA,0.03012335026851783,0.0017683966083046,0.01882933383339148,0.030603095002119687,NA,7,8,8,0.0002244497548097691,0.03942173734850135
ENSG00000204172.12,AGAP9,2.1644734625337967,NA,0.030428031125374913,0.023181899227379236,0.3449295539818169,1.7400035742796387e-27,NA,24,44,44,0.02008611298561071,0.08228133269095904
ENSG00000120526.10,NUDCD1,2.1548710225860965,NA,0.031171928533932643,0.005437271038658709,0.02810160947105444,0.007406688238132468,NA,20,20,20,0.0007840215132531962,0.07567097910951341
ENSG00000104899.7,AMH,2.151743322456718,NA,0.031417576006692115,0.07282141188999022,0.3201734995445567,5.923754678680696e-24,NA,12,15,15,0.017372538697888136,0.29803094942134506
ENSG00000236975.1,RP5-1065P14.2,-2.1496872809204155,NA,0.03157995920445926,0.06151356014222417,0.29011499859028844,5.027703370116587e-21,NA,14,15,15,0.019323702774287632,0.03664286094906812
ENSG00000204099.11,NEU4,2.149384000851943,NA,0.03160397264323185,0.0188542024486727,0.09065366807370018,9.679661847235942e-07,NA,10,12,12,0.004191974471477235,0.18934801066645565
ENSG00000178665.14,ZNF713,-2.148221174495099,NA,0.03169618935833233,0.03415094778569355,0.10501510274577194,1.570473263509237e-07,NA,51,53,53,9.879542979078512e-06,0.13497309614060615
ENSG00000166796.11,LDHC,-2.144796316667296,NA,0.03196913584399129,0.1302511006099284,0.3517860853439957,1.7345262565756376e-26,NA,8,8,8,0.026353322109570986,0.15836757721110867
ENSG00000141294.9,LRRC46,-2.1437584566526398,NA,0.032052245612596016,0.05123458722965375,0.08202099290016007,4.0205424234854584e-06,NA,33,35,35,1.6380461316935497e-05,0.09060424866994378
ENSG00000167196.13,FBXO22,2.1432775114655156,NA,0.032090821496640554,0.00410957683523515,0.017157932138985674,0.03802444997587503,NA,23,23,23,4.936518275342554e-05,0.11101383582115766
ENSG00000005981.12,ASB4,2.142815058628153,NA,0.032127951656290094,0.09598797520466171,0.22334355229951405,8.637031561580844e-16,NA,20,20,20,0.0018380712529352436,0.1180005920112512
ENSG00000127952.16,STYXL1,2.141577993949827,NA,0.03222745612502321,0.04014968390157766,0.3973292575743344,4.977102021563893e-32,NA,15,18,18,2.7378038567158386e-05,0.11130192135426452
ENSG00000150756.13,FAM173B,2.1407580375671382,NA,0.03229355552431327,0.0009712149841143679,0.03888407453264673,0.0017299921771371327,NA,1,1,1,0.03229355552431325,0.05614858080001802
ENSG00000138670.17,RASGEF1B,-2.1354145374690106,NA,0.032727164251056616,0.002194416106744676,0.03729129907718635,0.0022660002577581076,NA,6,6,6,0.005600301719310569,0.048604360290091166
ENSG00000251259.1,AC004069.2,-2.1354004428983124,NA,0.03272831454295997,0.020607064760356064,0.03716772172380615,0.0018981949764001421,NA,28,30,30,8.440801102716938e-07,0.1556328636350589
ENSG00000275632.1,RP5-967N21.11,2.131925312640829,NA,0.03301298694096317,0.0060004263137721486,0.030042737056544293,0.005634541408395725,NA,21,22,22,0.009460915374681297,0.02096077177962619
ENSG00000182004.12,SNRPE,-2.1309944970781807,NA,0.03308959553492673,0.002656927491596157,0.04452875429723663,0.000787199735439197,NA,15,16,16,0.008044274137945364,0.04786582849465043
ENSG00000091157.13,WDR7,-2.1290847308365577,NA,0.033247250823752635,0.011001814664596807,0.050216128936489066,0.0003767184369058358,NA,47,50,50,0.000902865267726889,0.109494867258499
ENSG00000133398.3,MED10,2.127261737147712,NA,0.03339834204850163,0.016631343913316256,0.1417097686004425,3.7660372105593446e-10,NA,43,48,48,1.4688684678883165e-08,0.09432061730302127
ENSG00000106976.20,DNM1,-2.125520462402107,NA,0.033543208497128045,0.009422166283518427,0.08534522367061903,3.980695967490632e-07,NA,14,14,14,0.00026025692550730805,0.07611143384013466
ENSG00000078177.13,N4BP2,-2.1251114464722924,NA,0.033577314684724316,0.010506368955443815,0.07683228374286381,7.453546657192203e-06,NA,31,32,32,1.0752624736167246e-07,0.07041370226948084
ENSG00000168000.14,BSCL2,-2.123954941542596,NA,0.03367391151629551,0.024833016136740733,0.171131436400613,1.8001223777390016e-12,NA,19,23,23,0.00035457357955709856,0.5206658710123236
ENSG00000122432.17,SPATA1,2.1212154646229413,NA,0.03390367444836487,0.03983603572449085,0.1453333921946674,3.9157700856447264e-10,NA,20,21,21,0.008150352976033035,0.06972750695684768
ENSG00000188549.12,C15orf52,-2.1193816870238362,NA,0.034058223184650314,0.005967069045844065,0.07466588290872554,8.662382652778818e-06,NA,35,35,35,0.001870303359409258,0.05598214117928545
ENSG00000277399.4,GPR179,2.1167236184834626,NA,0.03428331112663474,0.00021416877740152321,0.01748298549425296,0.03620567145683855,NA,3,16,16,0.009900222366379755,0.0211383583337815
ENSG00000123243.14,ITIH5,-2.1161125473718245,NA,0.03433523658975132,0.019728532953890338,0.06523775938534246,4.5681522646335246e-05,NA,81,94,94,3.1489100918903524e-07,0.15323205868501455
ENSG00000129353.14,SLC44A2,2.1135189510392514,NA,0.034556374720221265,0.0005017918562716682,0.01821891640769915,0.03118955274667279,NA,8,8,8,0.00021425419109147293,0.018590014389948114
ENSG00000140323.5,DISP2,-2.111698364523796,NA,0.03471232939902621,0.008755031253337939,0.07435082945812227,1.1503833481731673e-05,NA,7,7,7,0.0010167124873630752,0.0935491302739562
ENSG00000198952.8,SMG5,-2.104467581369337,NA,0.03533767963424217,0.000959443757049169,0.04638187302809847,0.000652650090159461,NA,15,16,16,0.0194004704335394,0.011647176731495616
ENSG00000145284.11,SCD5,2.104419497569336,NA,0.03534187010325688,0.010812358618327498,0.023631780244767867,0.015592596875660374,NA,46,48,48,0.0032497074214444983,0.10237667978938136
ENSG00000102910.13,LONP2,-2.1036816086376366,NA,0.035406229804124736,0.0028790109059955884,0.13946317202408168,4.767085617427079e-10,NA,23,25,25,1.974327429600409e-08,0.056374272228442115
ENSG00000081791.8,KIAA0141,-2.1002689367781766,NA,0.03570519019199187,0.007261192064883592,0.04679529409968186,0.0004297688236549264,NA,8,9,9,0.010662527194860317,0.04906090846122254
ENSG00000245017.2,RP11-181C3.1,-2.097960014061205,NA,0.0359086777681061,0.021956797570825817,0.1117773575584769,3.101632813705198e-08,NA,25,25,25,4.941936734440891e-07,0.16924447755175692
ENSG00000108443.13,RPS6KB1,2.0888430066527857,NA,0.03672185762703817,0.006246759463147784,0.0740388862674011,1.041668885161503e-05,NA,23,24,24,3.705765617003362e-05,0.1516356412775912
ENSG00000067208.14,EVI5,2.088701081327619,NA,0.03673463946641087,0.005803714504186552,0.03514007888879478,0.0026460598301306488,NA,41,41,41,0.00018632303714220003,0.0416824160678324
ENSG00000188033.9,ZNF490,2.0845554328181937,NA,0.03710967351523768,0.006131146186977186,0.01657214119250881,0.039149195379763,NA,17,17,17,1.6127072807228982e-14,0.16042533951592305
ENSG00000166793.10,YPEL4,-2.0826644531200555,NA,0.03728181974360199,0.0005050065123056762,0.0269582779242796,0.009750973997385977,NA,8,9,9,6.111733192667278e-06,0.01851787907201281
ENSG00000244752.2,CRYBB2,-2.0824016120966022,NA,0.03730580132554899,0.0611631331224632,0.15503233562591345,5.084262872143711e-11,NA,48,49,49,0.00023357627159624678,0.14648802278012168
ENSG00000182272.11,B4GALNT4,-2.080133303543543,NA,0.037513307676882754,0.012149805644964647,0.02903468577498645,0.006882817117323768,NA,41,50,50,0.062195623993053076,0.04984903766261743
ENSG00000138757.14,G3BP2,-2.0764920075437048,NA,0.03784846956903781,0.0029755280108468138,0.05010690719688213,0.00031402481363932013,NA,45,47,47,0.0039060815151981767,0.01811275820968017
ENSG00000103591.12,AAGAB,-2.0735858320288454,NA,0.03811779213497386,0.0032173655318731417,0.02003612775935479,0.02457492242475804,NA,37,39,39,0.0004038227519234024,0.13187795646338066
ENSG00000172554.11,SNTG2,2.070185592001802,NA,0.03843496797993388,0.02502865395399281,0.024977165401687727,0.01158131615635412,NA,39,44,44,2.9403992912015936e-05,0.21443630606621847
ENSG00000198774.4,RASSF9,-2.067516708303662,NA,0.03868549146114662,0.007067507611273695,0.042417829715061084,0.0011038119632315897,NA,36,37,37,5.228307835236707e-05,0.02154177229138152
ENSG00000274922.1,RP11-88E10.5,2.0673656428449654,NA,0.03869971311023675,0.0042367901934558016,0.03301764590539222,0.004078555081298162,NA,8,11,11,0.018049858608036325,0.08258336933084727
ENSG00000130024.14,PHF10,-2.06717360933988,NA,0.03871779799803695,0.005993173458703342,0.027649253287503027,0.008189926373692391,NA,89,89,89,1.5000080729132415e-05,0.07212503018324021
ENSG00000163964.14,PIGX,-2.0660586552445794,NA,0.03882294151136699,0.006919030537544164,0.11061187835643613,4.157859635202877e-08,NA,22,22,22,0.00027699254540743823,0.023526168846402688
ENSG00000234719.8,NPIPB2,2.0654968668257796,NA,0.03887601168726741,0.2398450749623892,0.5048398497669742,2.06546219053476e-44,NA,42,46,46,0.004238631920429471,0.3310273593292864
ENSG00000151773.12,CCDC122,-2.0647131274398696,NA,0.03895015174344725,0.10697222768472149,0.3810847254832149,1.6300064413272143e-29,NA,62,66,66,1.8445764281564535e-06,0.07582997664248975
ENSG00000183018.8,SPNS2,-2.063084656612804,NA,0.03910458567846865,0.015928411722899112,0.11029215062777607,4.489591519969426e-08,NA,28,29,29,0.00177278182947226,0.10747973022773948
ENSG00000135541.20,AHI1,-2.061183280264227,NA,0.03928555801491654,0.10536406671020869,0.40321296381534943,1.0334897229776122e-33,NA,38,45,45,0.009029606856877254,0.4473277729244112
ENSG00000166394.14,CYB5R2,-2.0609022090084217,NA,0.03931237051707002,0.009885217605895126,0.057425811700444765,0.00010148741968742766,NA,64,79,79,0.0025717720172533506,0.13689041905229662
ENSG00000164934.13,DCAF13,2.0578526891538647,NA,0.03960427644822274,0.00287369950818429,0.058891655997984994,9.429533816641034e-05,NA,37,37,37,0.004556857468515621,0.0404617778027821
ENSG00000254986.7,DPP3,-2.057497777218494,NA,0.039638368513623456,0.003899872878213908,0.14760932872362892,2.347545366006164e-10,NA,40,40,40,4.243709661647364e-10,0.025276890926557515
ENSG00000274173.1,RP4-568C11.4,2.0540413900668546,NA,0.03997168588705079,0.0007909129896344128,0.020066804096409818,0.02286791027250093,NA,9,10,10,1.044384502954119e-05,0.027604956383216767
ENSG00000108433.16,GOSR2,-2.0536847778796004,NA,0.04000621078562905,0.002772403444298799,0.029504545073026574,0.006611324713813197,NA,7,7,7,0.007257717355094022,0.020821101372747758
ENSG00000170369.3,CST2,2.053238822094117,NA,0.04004942095213837,0.018499641807242687,0.030488035545643482,0.005578651465414788,NA,36,37,37,5.043386000502537e-10,0.1128172458475001
ENSG00000186594.14,MIR22HG,2.051985263824463,NA,0.040171094565617446,0.00031241478123064664,0.05661608002078826,0.00015469972345992972,NA,1,1,1,0.040171094565617446,0.029781860820206625
ENSG00000050748.17,MAPK9,-2.050452818326389,NA,0.0403202634754754,0.004165555705372217,0.06425709847987532,3.9929437271358835e-05,NA,2,2,2,0.008999743497406143,0.08431695189736216
ENSG00000168237.17,GLYCTK,-2.049673793717791,NA,0.040396273982750475,0.003963242995578051,0.0588424466604655,8.984965345053564e-05,NA,42,45,45,1.8498797107384861e-09,0.11744178167776925
ENSG00000144134.18,RABL2A,-2.048811474112672,NA,0.0404805533459975,0.01947049655022457,0.13305824914293599,2.0989297654072417e-09,NA,51,55,55,8.926993756733101e-06,0.1286029166985345
ENSG00000196535.15,MYO18A,2.0458769683277573,NA,0.040768476881680664,0.010092934661003722,0.12031874609057185,6.6034047081084524e-09,NA,17,17,17,0.0007599427341084902,0.08892207105845229
ENSG00000110395.6,CBL,-2.0388040456642464,NA,0.04146958839161308,0.0030703426655774475,0.08858672729379982,5.912269920723867e-07,NA,29,30,30,0.001634698491959094,0.036711250056316834
ENSG00000174946.6,GPR171,2.0363960804860537,NA,0.04171059870958566,0.002801734983636006,0.015533274491273974,0.048330148600933515,NA,6,6,6,0.00020026928216472669,0.12228896975220173
ENSG00000281005.1,LINC00921,2.0329601091271554,NA,0.042056553348358054,0.03194262533847976,0.24361322771493174,2.0593010991880434e-17,NA,11,12,12,0.03363520447200304,0.09853264096547107
ENSG00000122034.14,GTF3A,-2.0326137898475003,NA,0.042091557210248855,0.008824382723558281,0.025648349519022704,0.010746517925104927,NA,40,46,46,1.0277268271820904e-06,0.13700929233608927
ENSG00000175920.16,DOK7,2.0281033233088976,NA,0.04254970381586221,0.006342531732557803,0.02225239906185521,0.017099048642155237,NA,13,20,20,1.5178122357677193e-08,0.09160276861772024
ENSG00000152749.7,GPR180,-2.0280963502143705,NA,0.04255041535367177,0.0630540004127082,0.3785055058188308,3.388441727414101e-29,NA,29,30,30,0.0016364521062712026,0.04497347413692358
ENSG00000116266.10,STXBP3,2.0263997839308128,NA,0.042723833084288745,0.005999422504883382,0.08806283426371443,7.742123228971186e-07,NA,29,32,32,0.00013985046537928262,0.06370970732189929
ENSG00000124226.10,RNF114,-2.0227525930941006,NA,0.04309866155498782,0.02562701897448268,0.036620823402678686,0.002366709428569804,NA,86,90,90,1.5980803995982688e-06,0.24448910384266995
ENSG00000205863.10,C1QTNF9B,2.0214110523175144,NA,0.04323723153873063,0.021720161917425658,0.07374562318653022,1.1042543459743216e-05,NA,17,19,19,0.0004422988316085078,0.14575183070384348
ENSG00000227082.1,CH17-437K3.1,-2.0212984085083012,NA,0.04324888381892071,0.006384055173770492,0.02359156505339081,0.014062402929329148,NA,1,1,1,0.04324888381892079,0.17861089011536802
ENSG00000102967.11,DHODH,2.0200001264821545,NA,0.043383374415661376,0.013568374056661045,0.06037419623089379,8.934050853013826e-05,NA,19,22,22,1.4487628832942712e-08,0.05881624723423439
ENSG00000042088.13,TDP1,-2.0196619421958637,NA,0.04341846528384825,0.010435100952087849,0.06023326064702481,7.877955423119317e-05,NA,61,63,63,2.2420950625873384e-05,0.10986838528732744
ENSG00000164627.17,KIF6,2.018758884265197,NA,0.04351228641508873,0.07166364585505619,0.28488492210172056,7.162389197374128e-21,NA,19,19,19,0.010434174564254058,0.07812706643086996
ENSG00000136161.12,RCBTB2,2.015581902856278,NA,0.043843713729265196,0.0014028045154022622,0.02076926854076776,0.01999587213345,NA,4,4,4,0.007730812231327641,0.057845936791663825
ENSG00000183570.16,PCBP3,2.0119328725286674,NA,0.04422701361787857,0.014897735587669056,0.1959576201572408,9.134547602598176e-15,NA,30,33,33,0.005758701004132651,0.044472739293450435
ENSG00000171916.16,LGALS9C,-2.011724578448706,NA,0.04424897822014471,0.0005831981642078772,0.07985974581118968,4.828489648622621e-06,NA,5,7,7,0.022916309661367425,0.02517234340718848
ENSG00000188833.9,ENTPD8,2.0115945602503924,NA,0.04426269330025863,0.007222557862558186,0.048371287567036736,0.0004121328275441615,NA,16,17,17,0.00042493177419897893,0.15271935300881906
ENSG00000181894.14,ZNF329,2.011002356045098,NA,0.04432520785870527,0.02320382838225024,0.17269813940983866,3.2392240522038684e-12,NA,21,22,22,3.821074522964324e-05,0.12716428510493685
ENSG00000245954.6,RP11-18H21.1,2.0095067990868123,NA,0.044483414361795856,0.04031629487212042,0.08974725672939128,1.37420369788504e-06,NA,33,35,35,2.6379712237071685e-05,0.10449030231663534
ENSG00000227124.8,ZNF717,2.007421016693115,NA,0.044704852856642066,1.4073194573890658e-06,0.16181240771718566,1.6913894713757257e-11,NA,1,14,14,0.04470485285664201,0.0018012380957473974
ENSG00000105364.13,MRPL4,2.0065057638088244,NA,0.044802314425184245,0.001471347126474278,0.025967798041755863,0.007264862470548773,NA,10,11,11,0.004583135762638961,0.06368905298562802
ENSG00000084636.17,COL16A1,2.004265308380127,NA,0.04504164796561733,4.953248994687201e-06,0.01489791079014578,0.049299413682961216,NA,1,3,3,0.04504164796561733,0.002954785087337528
ENSG00000175826.11,CTDNEP1,-2.003367577400351,NA,0.045137848895767246,0.002213002026962563,0.03704965043479932,0.002109130078995158,NA,5,5,5,0.0044782900792780375,0.03744938355965315
ENSG00000244242.1,IFITM10,2.0022854695242276,NA,0.04525403786466058,0.009108291353338866,0.02760330298255494,0.008292827195914449,NA,22,27,27,7.340631795913474e-05,0.16239290457758032
ENSG00000259363.5,CTD-2054N24.2,2.001698165138247,NA,0.04531720387230922,0.027164361301202936,0.17080120878177982,8.677568548135736e-13,NA,19,20,20,4.7132372751420274e-05,0.14188258909679682
ENSG00000162869.15,PPP1R21,-2.001024042379414,NA,0.04538979899939437,0.005657397705961027,0.06409783618628191,5.1433681036244e-05,NA,10,10,10,0.010908670549899538,0.057039310097789835
ENSG00000112139.14,MDGA1,-1.999449028243853,NA,0.04555979168072338,0.055222291529781295,0.4634664139747981,1.0901434678862591e-38,NA,21,23,23,0.0014926273076019223,0.275750545016802
ENSG00000197056.9,ZMYM1,-1.998303928280606,NA,0.045683719889896786,0.012798346733640387,0.06593861915227453,3.439325710947968e-05,NA,43,46,46,0.00010945759698032931,0.23915475012630974
ENSG00000196313.11,POM121,1.9973620269774923,NA,0.04578586974982267,0.016149968617064095,0.15953265600988484,2.7079691675836127e-11,NA,29,33,33,3.062408677468684e-09,0.08100350877001286
ENSG00000151689.12,INPP1,1.9909477913894225,NA,0.0464866272962613,0.006383848762601695,0.12950807657067265,3.388888978954203e-09,NA,17,17,17,0.011192017511882837,0.0266051007812857
ENSG00000119231.10,SENP5,-1.9875562069217017,NA,0.046860793761411765,0.01723321824348026,0.09776951222642632,3.90144258744916e-07,NA,39,41,41,4.0460935025106056e-07,0.16680355628127244
ENSG00000143028.8,SYPL2,1.9846460683323612,NA,0.04718386304684695,0.04661424125618346,0.3758024148861521,3.6411728283233083e-29,NA,44,45,45,1.4063885491063863e-06,0.07073500999263674
ENSG00000277791.4,PSMB3,-1.9808015429418007,NA,0.04761353372334091,0.00030419886335788604,0.05053080505935738,0.00030294368332067453,NA,8,20,20,9.200963458657323e-07,0.02955484154474043
ENSG00000147439.12,BIN3,-1.9785535034337776,NA,0.04786629905102806,0.010867107461423477,0.11931457647682114,1.726953659778033e-08,NA,33,35,35,8.99953242758798e-05,0.060539150498639574
ENSG00000137070.17,IL11RA,1.9782276483886547,NA,0.047903030990445614,0.004470102603075144,0.04152846514280748,0.0011015176934891199,NA,29,30,30,2.3867736083217166e-08,0.06499169656397741
ENSG00000139405.15,RITA1,-1.9776839057483369,NA,0.04796437700474651,0.017368457734206432,0.17067763042975415,1.0512583857598208e-12,NA,24,24,24,0.02321671367334527,0.058426609249772624
ENSG00000076554.15,TPD52,1.976555518124445,NA,0.04809189438043861,0.001925649369606416,0.03133813898059997,0.00468204203329759,NA,16,17,17,1.1912699285050672e-05,0.04038874952907511
ENSG00000115073.7,ACTR1B,-1.9757638141209495,NA,0.04818153358715408,0.03810066075460189,0.3546312874845342,1.8317917583570856e-27,NA,18,25,25,0.01220535790607863,0.4088212521137121
ENSG00000143951.15,WDPCP,-1.9717583219380697,NA,0.04863720225981223,0.009976228841788507,0.10556180606286124,9.904184228732033e-08,NA,25,25,25,0.0001803969415912224,0.045765305451922624
ENSG00000108592.16,FTSJ3,1.970743746210186,NA,0.048753194031337516,0.0616131641893282,0.5113325010981132,3.924822271922175e-45,NA,60,65,65,0.0019753058878696707,0.09941689616416988
ENSG00000155085.15,AK9,-1.9694182149223052,NA,0.04890508575965539,0.0035452917494169494,0.02161576709369259,0.019961250608479485,NA,18,18,18,0.0025656858828356772,0.06947297662868299
ENSG00000118007.12,STAG1,1.9687810948045528,NA,0.04897823415394703,0.0009668322569783749,0.016748032778573962,0.04104101651107578,NA,14,15,15,6.631002127085243e-07,0.02505926133897986
ENSG00000187664.8,HAPLN4,-1.9681692172772147,NA,0.04904857084726673,0.029570537604923557,0.07154564506600658,1.6682908447872846e-05,NA,26,29,29,0.00019188620586972673,0.13917877195274755
ENSG00000104522.15,TSTA3,-1.9637611890710616,NA,0.049557792875657154,0.0009778802200013643,0.02733488669813484,0.008493822606950743,NA,8,8,8,2.346523587062235e-09,0.015288524122994153
ENSG00000105852.10,PON3,1.9616671806101802,NA,0.049801245196260634,0.015647603748847983,0.08922695090661034,1.140982619878447e-06,NA,17,17,17,0.048211530620149504,0.07929259556253662
ENSG00000171612.6,SLC25A33,-1.960712463072805,NA,0.04991257438994646,0.002901645972740041,0.029896889127529483,0.006000485633737671,NA,15,18,18,0.0011319695195588662,0.1656285333113734
ENSG00000095739.10,BAMBI,1.9605584779747625,NA,0.04993055005241281,0.010968125672944678,0.07373825476968512,1.0958392039696256e-05,NA,17,18,18,0.005045780677212066,0.1245508744714419
ENSG00000116459.10,ATP5F1,1.959948363393131,NA,0.050001825985997506,0.0011313121732876676,0.0397294791057742,0.0014623485112483874,NA,16,16,16,0.00023065436876335175,0.016048906874599717
ENSG00000172139.14,SLC9C1,1.9582694273496741,NA,0.05019840622973741,0.0024046007164666688,0.028968224923251764,0.007486290617105461,NA,15,15,15,0.0002223367429601289,0.05231329023349993
ENSG00000272079.2,LA16c-380H5.5,-1.9577397863954746,NA,0.05026055412750717,0.01548567039645258,0.11853961303778192,1.9715416971957398e-08,NA,14,14,14,4.0539562161508575e-06,0.10470841470579588
ENSG00000248441.6,LINC01197,1.9527334773682314,NA,0.05085118465296632,0.0007447759369124658,0.029865093662155617,0.005571813452130148,NA,6,7,7,0.027639356551452245,0.023648476326444016
ENSG00000169689.14,CENPX,-1.9518720910579994,NA,0.050953392528384066,0.023240357171332576,0.15110463402337468,8.357432964521281e-11,NA,53,59,59,1.6124563932432953e-06,0.09664123601265466
ENSG00000156049.6,GNA14,1.9516860734868682,NA,0.050975487034732585,0.003441540683341412,0.023402438141692013,0.014314391593662266,NA,21,21,21,0.00047173273023135796,0.0804506496339989
ENSG00000178773.14,CPNE7,1.950128559752448,NA,0.05116079800250831,0.012576663958095582,0.07770608762578378,4.749173648302508e-06,NA,21,24,24,8.034012665159156e-11,0.0959045010114632
ENSG00000119718.10,EIF2B2,1.9479671153515894,NA,0.05141889808773452,0.026843816684620964,0.2772512612251889,2.3342717775464856e-20,NA,13,13,13,0.006350441414796058,0.040828431811480485
ENSG00000085733.15,CTTN,1.9467058724512984,NA,0.05157000718354022,0.0014698372543522759,0.04058659693573387,0.0013595508685495866,NA,8,9,9,0.03494439921652632,0.043047388353994166
ENSG00000110328.5,GALNT18,1.9421009583865352,NA,0.052124879524237125,0.03367114785568899,0.03578957321484924,0.002634277582741593,NA,87,98,98,7.382042182806066e-13,0.14586905314345475
ENSG00000170542.5,SERPINB9,1.9401263519770493,NA,0.05236433616433009,0.00666668113760302,0.10522255636023548,1.0473295260658488e-07,NA,31,35,35,0.0004688878659170142,0.08175366464504175
ENSG00000122477.12,LRRC39,1.9397978733954913,NA,0.05240425921210165,0.022956706490083,0.13681174696672824,1.1970855742234626e-09,NA,46,47,47,0.005614088101943286,0.22302735056211914
ENSG00000256269.7,HMBS,1.9397049427986073,NA,0.052415558546602285,0.025151363692224794,0.344614546680523,5.670202748754138e-27,NA,14,14,14,0.017031451905232666,0.06360721489484844
ENSG00000170703.15,TTLL6,-1.9395054680714559,NA,0.05243981935008988,0.0031195953945126723,0.06583971337266367,4.044984630913048e-05,NA,5,7,7,6.232326164975865e-07,0.05689638093056493
ENSG00000243708.10,PLA2G4B,-1.9392836115684426,NA,0.05246681332939741,0.0013760327402083771,0.02991218904098619,0.006413153347003663,NA,23,23,23,0.061544612503562704,0.010749174436250751
ENSG00000132313.14,MRPL35,-1.9360440269927093,NA,0.052862308943168144,0.023793980876143955,0.3303160249367642,1.831756434951105e-24,NA,29,30,30,0.00030458028985344917,0.052026213887345935
ENSG00000144485.10,HES6,-1.9359757900238037,NA,0.052870666180827856,0.0011176410842031483,0.02724461038869319,0.008002617000120357,NA,1,1,1,0.052870666180827856,0.05703043064880551
ENSG00000133706.17,LARS,1.935724875603958,NA,0.052901406106594766,0.032092659408038154,0.2422452688205278,3.986145360138483e-17,NA,25,28,28,3.001518998841425e-29,0.08128235742509887
ENSG00000154479.12,CCDC173,-1.9339449204486168,NA,0.05311990029523419,0.006316654762319421,0.01895147230380112,0.02827202362873407,NA,10,11,11,0.0027110685590599586,0.07382227650436758
ENSG00000146707.14,POMZP3,-1.9308575234477845,NA,0.053500674329136945,0.14193234237748742,0.44567124066907793,4.267357117957469e-37,NA,81,85,85,4.8316400214715496e-08,0.1543763205409607
ENSG00000169507.9,SLC38A11,1.930239018275598,NA,0.05357722906083262,0.044950802716829094,0.2342251220056746,8.866568790501304e-17,NA,34,36,36,0.0005534943210612142,0.15136713321784828
ENSG00000197168.11,NEK5,1.9280205310632463,NA,0.05385257249455725,0.049259958671942196,0.04091207946269156,0.0012586447599689113,NA,46,49,49,1.5186591518685982e-05,0.2168754457110912
ENSG00000223572.9,CKMT1A,-1.9279617815494716,NA,0.05385988010678055,0.0008948627491498705,0.018902548617250617,0.02606831362892753,NA,13,14,14,0.006284824206330287,0.025234007294867397
ENSG00000179698.13,WDR97,-1.9267388618592103,NA,0.05401218214649937,0.01976116124006483,0.3773676284771344,1.3701103228861256e-30,NA,22,25,25,1.784051843661792e-05,0.08294095984437501
ENSG00000011028.13,MRC2,1.923231247454505,NA,0.05445101462075188,0.005977918629654744,0.09063452843444292,1.2339869269169563e-06,NA,41,46,46,0.013070826190025354,0.0844684068269671
ENSG00000106560.10,GIMAP2,-1.9211860346712886,NA,0.054708258144815086,0.005727434539535399,0.08138140910125359,4.590073637019843e-06,NA,11,14,14,0.0019671339001111707,0.05286829169001357
ENSG00000007129.17,CEACAM21,-1.917890335622128,NA,0.05512491792718206,0.014520827377298162,0.0685561589084751,2.5200959922036457e-05,NA,23,24,24,9.26448877817563e-05,0.12276006646590645
ENSG00000196335.12,STK31,-1.9172333786926123,NA,0.0552082893349051,0.018360639950366374,0.052867065656840836,0.00023588863235635542,NA,31,31,31,8.109941479545541e-07,0.0972968141605407
ENSG00000185728.16,YTHDF3,-1.9141135709270964,NA,0.05560564587532056,0.005943903054855971,0.044060426007560334,0.0009063252741948463,NA,52,53,53,2.36407238016456e-06,0.02887462931072482
ENSG00000146842.16,TMEM209,1.9133326605424203,NA,0.05570547909915577,0.009545132733824822,0.09000010981825722,1.2607643759909808e-06,NA,24,28,28,0.006997538051252131,0.2357906754837645
ENSG00000242611.2,AC093627.8,-1.9117315308379679,NA,0.05591063786503436,0.0035263857811362645,0.28040010442754226,1.3039405321370939e-20,NA,2,12,12,0.056525102274961776,0.0924298051153018
ENSG00000055483.19,USP36,1.9090703358609293,NA,0.05625301884944011,0.018156442352033335,0.19655332517569976,2.4481038513291744e-14,NA,32,35,35,0.0012727334268105238,0.04393149618585107
ENSG00000277258.4,PCGF2,-1.9088325502028258,NA,0.056283696381113954,0.0064745271224459664,0.2049070147018513,3.21988618698892e-15,NA,16,40,40,3.623491280258938e-11,0.2597351552962633
ENSG00000214530.8,STARD10,-1.9077529485820734,NA,0.05642315466960885,0.003030866027429342,0.07583590619970737,7.342637343707675e-06,NA,16,17,17,0.007772621328105906,0.04987078272546193
ENSG00000166741.7,NNMT,1.9077463343326222,NA,0.05642400995560258,0.0030170250125135046,0.06245671137506354,6.284679921243651e-05,NA,30,32,32,0.00530304672632511,0.048881659127741166
ENSG00000187959.9,CPSF4L,-1.9074979442538933,NA,0.05645613699259521,0.04877738079890813,0.04264143446875362,0.0009835698730053216,NA,39,44,44,5.900450783476183e-05,0.5813282672163986
ENSG00000174606.13,ANGEL2,-1.906471262782255,NA,0.05658909065063972,0.029781217167584587,0.2569593924924364,2.539852805343656e-18,NA,24,24,24,0.004160056262809434,0.07657555969888598
ENSG00000112706.11,IMPG1,-1.902971059504841,NA,0.057044321641825255,0.005838693772201136,0.037721158811513916,0.001914273879135312,NA,14,14,14,0.006628533090636784,0.05679336502003171
ENSG00000185252.18,ZNF74,-1.9001873957831033,NA,0.05740853175570108,0.00799767570053126,0.05917397406090879,8.146206453628558e-05,NA,35,37,37,1.8057955566946658e-06,0.0905298938616349
ENSG00000170949.17,ZNF160,-1.8975393916854146,NA,0.0577567849479387,0.01829555889210407,0.14004785776331138,2.034005861401532e-11,NA,16,18,18,2.919428958139418e-09,0.08405660438692737
ENSG00000186998.15,EMID1,1.89421340255967,NA,0.05819668985218872,0.0028644579692046223,0.024462655938789855,0.013205943303146358,NA,30,30,30,8.994054557649642e-05,0.053388812553614086
ENSG00000128578.9,STRIP2,-1.889787617068305,NA,0.058786370338766936,0.004937734412070006,0.020746329611121876,0.023183292868672798,NA,28,28,28,3.4616216762342638e-06,0.07418558850159894
ENSG00000109332.19,UBE2D3,-1.8870887456775423,NA,0.05914839017441629,0.0006212744710906289,0.04375122692761888,0.0008712742925010758,NA,4,4,4,0.038224079344661224,0.015814447055170853
ENSG00000133422.12,MORC2,-1.8845055268014748,NA,0.0594966279345391,0.011997973501169676,0.027915970911068236,0.007949614591419381,NA,61,61,61,0.00014264185446479253,0.07015807426721815
ENSG00000152556.15,PFKM,-1.8841378688812256,NA,0.05954632905476271,0.0003350620347960226,0.015967412873842346,0.046838977634208766,NA,1,1,1,0.05954632905476271,0.02767218217443253
ENSG00000051523.10,CYBA,1.8832300982938177,NA,0.05966919178888777,0.005634212112715667,0.10907320116417568,5.1302190172222186e-08,NA,7,7,7,0.006515432386765021,0.06602722638696247
ENSG00000132330.16,SCLY,-1.882727463896287,NA,0.05973731153924723,0.004153706882114704,0.1161066904744166,2.678519856680355e-08,NA,4,4,4,0.00542819265943001,0.10100259628077156
ENSG00000132879.13,FBXO44,1.8817193619663692,NA,0.059874129437444176,0.0012903206034514379,0.017620021195525942,0.035043640845068766,NA,7,7,7,0.027740903829537505,0.030104630146072037
ENSG00000141424.12,SLC39A6,-1.8817006971997985,NA,0.059876665036532044,0.003110744668051172,0.01902631481882906,0.026051495420923863,NA,29,31,31,0.041470944409860384,0.049059873393929726
ENSG00000106392.10,C1GALT1,1.881003740102142,NA,0.05997141007417674,0.03801839430841285,0.2979915894165003,4.142735388468995e-23,NA,16,18,18,4.186377996866288e-05,0.09330478216930113
ENSG00000134809.8,TIMM10,-1.8806658568181256,NA,0.06001738698869258,0.08117942317711177,0.4516615632971808,2.8410667221021164e-38,NA,31,32,32,2.77041515929627e-33,0.16943968612729338
ENSG00000241316.6,SUCLG2-AS1,1.8742614173394405,NA,0.06089440261100716,0.039704765401135524,0.09158774164129507,7.062545898276547e-07,NA,30,32,32,0.00028212592198141237,0.14855591552053987
ENSG00000261037.1,CTC-471C19.1,-1.8734081858836757,NA,0.06101204049725674,0.01698886637145134,0.05224315663763408,0.0002670254129915671,NA,21,22,22,0.0010396388345760787,0.05431701538980231
ENSG00000225791.6,TRAM2-AS1,-1.8711295275590842,NA,0.061327129752313,0.00537018214649213,0.049515408234061004,0.0004149356494277523,NA,32,33,33,1.3250465209857346e-05,0.055026977750724314
ENSG00000143252.14,SDHC,-1.8691137373835573,NA,0.06160699218041906,0.0030860622186529834,0.05490823103152488,0.0001781045145857754,NA,55,56,56,2.8616135273688197e-08,0.01901680508448416
ENSG00000174652.17,ZNF266,1.8645556683850484,NA,0.06224371169888898,0.25532630570390824,0.6607919632107276,3.824221441553549e-71,NA,56,56,56,0.006779553198094673,0.0722572711063132
ENSG00000242173.8,ARHGDIG,-1.863903078798494,NA,0.06233531630356192,0.0140158476695081,0.15891844979334233,4.7125044740288325e-11,NA,62,72,72,1.433488597495627e-09,0.18558958789580451
ENSG00000106683.14,LIMK1,-1.8635611973923338,NA,0.062383351011393154,0.0005562689288960108,0.020603169757765848,0.02106208464858919,NA,3,6,6,0.00310775671982394,0.025347771252121887
ENSG00000125122.15,LRRC29,-1.8627499273530819,NA,0.062497457869336706,0.0016103586846730805,0.05872072320186283,0.00010600635567036152,NA,5,5,5,0.05605222448317363,0.19841342717130395
ENSG00000274828.1,RP11-567M16.6,-1.8623979486809843,NA,0.06254701808488258,0.08089421251629095,0.3715763965023421,1.763131717493573e-28,NA,38,40,40,3.934442617899268e-07,0.07480784032921081
ENSG00000173540.12,GMPPB,1.8593749466572347,NA,0.0629740104205579,0.013635527026085044,0.2690381095459089,1.836495777975771e-19,NA,25,25,25,0.016114643472655555,0.08289275438584848
ENSG00000186716.20,BCR,-1.8588539097989927,NA,0.06304784862189348,0.02046614270655791,0.17685550808579606,2.7781827252809895e-12,NA,42,46,46,0.023767206201154998,0.16749621875468554
ENSG00000105793.15,GTPBP10,1.8578469792893602,NA,0.06319074753038767,0.01667034208523256,0.17560945303190625,1.848354607321413e-12,NA,34,34,34,0.01727100752523953,0.19311064329325656
ENSG00000177951.17,BET1L,1.8552014337092817,NA,0.0635674670337761,0.001607725688909911,0.04869445073559717,0.00040049093141608953,NA,2,2,2,0.06324668283211164,0.07019460441213085
ENSG00000182013.17,PNMAL1,1.8503439386735379,NA,0.06426399356521711,0.10206503689842122,0.4734542476125871,1.8358264000831235e-40,NA,15,15,15,0.008001310711578868,0.124040766184241
ENSG00000116661.9,FBXO2,1.8500792878879402,NA,0.06430212268596236,0.034053996853077154,0.19187414668604674,1.4098389149827944e-13,NA,41,42,42,0.0009605037199482364,0.13907518007055353
ENSG00000176435.6,CLEC14A,-1.8496941058060254,NA,0.06435765052111275,0.0024950514881257584,0.01923808100515456,0.026394305944808103,NA,8,10,10,0.00014917190210018218,0.12970211682297214
ENSG00000164045.11,CDC25A,1.8442559853684437,NA,0.06514584273112425,0.05153796011865089,0.3428516471650871,4.762999353804851e-27,NA,54,56,56,0.0034620896505416342,0.16130379004675124
ENSG00000169612.3,FAM103A1,-1.8414527539154926,NA,0.0655552381318947,0.013488221052066322,0.14862814625967574,1.421697638213973e-10,NA,20,21,21,3.6540710387619524e-06,0.2808804895019177
ENSG00000197557.6,TTC30A,1.8357080267765935,NA,0.0664008501850489,0.0032376140768309186,0.02944795149271957,0.006685332396419004,NA,9,9,9,0.0007625874994492431,0.05429266471470806
ENSG00000162877.12,PM20D1,-1.8344531261392512,NA,0.066586759707449,0.16623126611079836,0.4634494490605665,1.9918798220448654e-38,NA,23,25,25,0.019040137201925208,0.10976461604181884
ENSG00000203485.12,INF2,-1.8334605637434884,NA,0.06673410809522572,0.0009354257889019904,0.03020467199220562,0.00577447490640659,NA,8,8,8,0.0014151569539895097,0.02089489452751267
ENSG00000062524.15,LTK,1.8319088065164433,NA,0.0669650082921209,0.020012339748459285,0.061405286857953816,7.497210362147236e-05,NA,62,67,67,2.1735763236344726e-06,0.18478560178477102
ENSG00000183323.12,CCDC125,-1.8312370219481284,NA,0.06706517308193331,0.025171437933871534,0.2606879692489591,6.077556306620523e-19,NA,35,35,35,9.540822751260179e-20,0.0489882521999486
ENSG00000251580.1,RP11-539L10.3,-1.830229558474643,NA,0.06721561959038208,0.08332541111473071,0.2897100965335312,6.559367950117535e-21,NA,19,20,20,0.04168862506186663,0.2303265335138251
ENSG00000172247.3,C1QTNF4,-1.8287589941153883,NA,0.06743572041372599,0.01694402953308814,0.08032454284951715,2.629923264704101e-06,NA,54,54,54,1.986534487256528e-05,0.12756508394041627
ENSG00000146963.17,LUC7L2,1.828692423512538,NA,0.0674456981163937,0.005521067018153403,0.0348229040743366,0.002947442984804357,NA,33,34,34,0.00038904884065391027,0.04893637487616671
ENSG00000171700.13,RGS19,-1.8269211336389297,NA,0.0677116282040257,0.03738003978025675,0.3389611298979863,1.0217190834184143e-25,NA,6,6,6,5.175068348960457e-07,0.1099975116096631
ENSG00000229178.1,AC069513.4,-1.8245561520294873,NA,0.06806803541204817,0.00651350579272369,0.11821752320674847,1.8074916223233185e-08,NA,17,21,21,6.696418953870903e-05,0.04944371801353716
ENSG00000189067.12,LITAF,-1.8232578829735167,NA,0.06826434198154173,0.01860685978798826,0.022796730528867812,0.01740413827517986,NA,53,57,57,2.2667767638429152e-05,0.190385154751612
ENSG00000141258.12,SGSM2,1.8221711434108847,NA,0.06842902160805586,0.00654445989707712,0.04876123154227074,0.0004610734635800918,NA,25,30,30,5.752085671295116e-15,0.09893452676555912
ENSG00000260265.1,RP11-44F21.5,1.8199595804721995,NA,0.06876516046852452,0.09174516054093818,0.418647342451508,3.284023624797027e-34,NA,16,16,16,0.03154078298896791,0.07425394874164283
ENSG00000184887.13,BTBD6,1.8192116926671749,NA,0.06887913964055876,0.007348517311198371,0.04344553250424661,0.0008558078926078095,NA,14,16,16,2.1396355250151104e-05,0.06127108705858012
ENSG00000197444.9,OGDHL,1.819100304425427,NA,0.06889612864177025,0.003912449588161545,0.04475478328107205,0.0007661953744907508,NA,22,23,23,0.0010879305725643618,0.07709404979917657
ENSG00000149485.18,FADS1,1.8170685833804547,NA,0.06920661253909306,0.015692215408348285,0.118368784032559,7.778666618550636e-09,NA,15,19,19,1.5503588810119418e-07,0.05213627181256368
ENSG00000085832.16,EPS15,1.8155869874175068,NA,0.06943375120289155,0.01712706909105289,0.21849505882082654,1.4556165722683248e-15,NA,6,6,6,0.000583550281195044,0.22016128300990212
ENSG00000215012.8,C22orf29,-1.8149103792244174,NA,0.06953768323680758,0.010660716411727215,0.11783892270198312,2.2993853934085918e-08,NA,32,39,39,3.904489372607357e-08,0.07256775495869933
ENSG00000268658.5,LINC00664,-1.8131244907646198,NA,0.06981262261529386,0.011787425992266898,0.057137217447533625,3.243706594877332e-05,NA,36,41,41,0.08071592969474355,0.06187070579630642
ENSG00000100483.13,VCPKMT,1.8107583238056784,NA,0.07017827018902775,0.00930940110359316,0.1108834490534824,5.042186528434956e-08,NA,19,20,20,0.00014921674949495273,0.033810822822742205
ENSG00000111530.12,CAND1,-1.8102487341023878,NA,0.07025722321411054,0.0020221254131184124,0.035877462587654695,0.002542010639788382,NA,13,15,15,4.062336573134665e-12,0.03191393544607059
ENSG00000148735.14,PLEKHS1,-1.8098417220353036,NA,0.07032033576364836,0.0022630996259478575,0.020147412288117623,0.025621993682846643,NA,12,13,13,0.018930747220982543,0.034127540942125126
ENSG00000145743.15,FBXL17,1.808516022519064,NA,0.0705262253947293,0.004025968548522597,0.04562002880895266,0.0005857813786713607,NA,21,22,22,0.0034496569386892593,0.047610163565945086
ENSG00000174915.11,PTDSS2,1.8051762117792125,NA,0.07104711215844954,0.00644307578408928,0.0970509548533422,3.875394561982093e-07,NA,18,22,22,0.046723435361348035,0.03336562690979553
ENSG00000141562.17,NARF,-1.8048628105337208,NA,0.07109615259741747,0.02398763274404225,0.2555321841228982,5.986555954901089e-19,NA,12,13,13,0.00295139059924161,0.042127466470183984
ENSG00000154822.17,PLCL2,1.804368238305042,NA,0.07117359878019179,0.010364422735667378,0.1435333977094752,4.765987780578463e-10,NA,11,11,11,0.00012811573877993652,0.04303673999003479
ENSG00000150995.18,ITPR1,1.7973905316922894,NA,0.07227364282048299,0.0012516520206919657,0.03258715537923832,0.0044031030810812045,NA,18,21,21,0.0002624508391650637,0.04255690517256692
ENSG00000137168.7,PPIL1,1.7967854535037693,NA,0.07236968656326805,0.033711582024938985,0.2626813846443746,8.121095471049445e-19,NA,20,21,21,0.0006681101253449658,0.07816771367060496
ENSG00000259925.1,CTA-363E6.2,-1.796038364806273,NA,0.0724884157005979,0.013019673726114477,0.02101979122345713,0.022335819906923116,NA,74,79,79,4.855761663014061e-09,0.1705096693871444
ENSG00000237476.1,LINC01637,1.7919126235879086,NA,0.07314696353218376,0.013091104847738066,0.02457371381813004,0.013001095372621743,NA,24,26,26,1.8057955566946658e-06,0.060374178768291126
ENSG00000168878.16,SFTPB,-1.7911005146672105,NA,0.07327716659903413,0.02446133001918728,0.019543845356306086,0.027977113304271585,NA,21,23,23,0.00547072014730579,0.5197811055941619
ENSG00000259763.1,LINC02157,1.7905823833447758,NA,0.07336033611222219,0.003915584565320298,0.029028318188122005,0.007194492718812413,NA,8,8,8,0.00588289047170571,0.05212422648901815
ENSG00000177879.15,AP3S1,1.7874418182521512,NA,0.07386610783757118,0.00036350263194035966,0.018757027005564992,0.031487282441457404,NA,2,2,2,0.026526937603944235,0.028646461023241143
ENSG00000110768.11,GTF2H1,1.7871483760972122,NA,0.0739135104482971,0.0456255430372761,0.4090986911854461,1.027726049730101e-33,NA,27,27,27,9.220221785783003e-06,0.020140712445540526
ENSG00000188234.13,AGAP4,-1.7864947319030764,NA,0.07401918944973182,3.680600083309486e-05,0.5026103932934323,1.7371393189484572e-43,NA,1,9,9,0.07401918944973188,0.00872661784126294
ENSG00000182141.10,ZNF708,-1.786336795283872,NA,0.07404474263093162,0.003526940593074625,0.02888696302133805,0.005551239175472831,NA,15,16,16,0.03713908262698391,0.03597985083271403
ENSG00000160072.19,ATAD3B,-1.785546165537049,NA,0.07417277011938991,0.007713791958365964,0.08664820777384838,9.794524884460648e-07,NA,4,4,4,0.031619459054087515,0.15092621264006595
ENSG00000113721.13,PDGFRB,1.783582252870189,NA,0.0744915715106662,0.0006152071851621872,0.0523584521220679,0.0002491459146554191,NA,9,12,12,0.013973081967326861,0.033430756083504626
ENSG00000160145.15,KALRN,1.781982055582865,NA,0.07475215804205047,0.006191697122764002,0.07583508556508327,5.750350983675239e-06,NA,5,7,7,0.02098391314151272,0.04269889454053445
ENSG00000163281.11,GNPDA2,-1.7818400850118923,NA,0.0747753133701007,0.02427674148176379,0.1971338886350245,9.356506687824761e-14,NA,45,45,45,1.233124922853931e-09,0.07195941461850418
ENSG00000183762.12,KREMEN1,1.7789602329936416,NA,0.07524628187506452,0.002270329435719711,0.02085350322400873,0.0216892394566734,NA,5,5,5,0.09318496552524252,0.031172747108375382
ENSG00000164764.10,SBSPON,-1.7777609600783755,NA,0.07544312287963913,0.0019380712586171275,0.04835717660850699,0.00047468915003611513,NA,13,13,13,0.11173737070883108,0.062022405920724714
ENSG00000175581.13,MRPL48,-1.770775008024429,NA,0.07659812347437005,0.007296320724345528,0.050493255300378265,0.0002855447130508417,NA,32,33,33,0.0005434506859477351,0.1032659783027766
ENSG00000135899.17,SP110,1.770132217172945,NA,0.07670511772369523,0.008991807353813434,0.02786770399835529,0.0075953542386028566,NA,24,28,28,0.00023965071025373966,0.1805555940254529
ENSG00000166170.9,BAG5,-1.768337018788106,NA,0.07700457872077167,0.008780180479182201,0.016505817618279392,0.04028793885484866,NA,31,35,35,0.013415315689357443,0.18085672978766945
ENSG00000100014.19,SPECC1L,1.767705489848572,NA,0.0771101517435183,0.002791888597947531,0.10007573713733817,2.9835537992717274e-07,NA,3,3,3,0.06799328710977522,0.16367491239218346
ENSG00000243667.6,WDR92,-1.7662534319513106,NA,0.0773533404458814,0.002302396784236494,0.04279746566289451,0.0009292284841437168,NA,10,11,11,0.03842715079861177,0.02433177688027959
ENSG00000157778.8,PSMG3,1.7645078276401225,NA,0.07764651864635214,0.0007317873735380317,0.028295031391139213,0.007834300889471773,NA,8,11,11,1.4160312593025246e-05,0.02484773265833857
ENSG00000102743.14,SLC25A15,1.7632916980936568,NA,0.07785130477968087,0.007980392262246687,0.11458524292758085,2.8353494412799162e-08,NA,13,14,14,0.031089165445561378,0.027474473067388386
ENSG00000130193.7,THEM6,-1.7625432394117861,NA,0.07797755751033103,0.006663499133400917,0.1056883167828188,1.4586300987732242e-07,NA,24,27,27,0.014555816229729002,0.04380941695852363
ENSG00000099949.18,LZTR1,1.7611052727363448,NA,0.07822058676793515,0.006189459790698143,0.16228847646503328,2.196059264091229e-11,NA,12,12,12,0.05137909094011138,0.05351032488680836
ENSG00000237361.2,TUSC8,1.76032703324683,NA,0.0783523731532412,0.0024088402784809204,0.03924817358812729,0.0017585021084494327,NA,38,40,40,1.862614868212996e-05,0.11441563865290225
ENSG00000188493.14,C19orf54,-1.758229788847743,NA,0.0787084185845154,0.008082586548446888,0.13971564247307242,8.218092754392375e-10,NA,17,19,19,1.3685192622738113e-06,0.05238288122786433
ENSG00000168813.16,ZNF507,1.7553905151399392,NA,0.07919253332940929,0.004363106800631519,0.01565436798669614,0.04973335773978048,NA,16,17,17,7.699652108064123e-06,0.05404306515975882
ENSG00000005801.16,ZNF195,1.7537695389821377,NA,0.07947000453177375,0.016864410792034917,0.16484115726227774,1.2589169837516881e-11,NA,27,29,29,0.051967038255359935,0.026416559535671704
ENSG00000213077.5,FAM106A,-1.753754699185019,NA,0.07947254838621819,0.008800278770070237,0.4257859580901816,3.987186897638171e-35,NA,6,10,10,1.5118229456469162e-08,0.12700900749311006
ENSG00000114805.16,PLCH1,1.7536296304242727,NA,0.07949399044198581,0.0004615675320335961,0.02603625750193167,0.01040959441870038,NA,5,5,5,0.038130234221688854,0.047774280820913034
ENSG00000198865.9,CCDC152,-1.7526815604004293,NA,0.07965668260072886,0.0018328824084506126,0.03460863659201635,0.003271112674134131,NA,3,3,3,0.03877572033752461,0.030054893849155183
ENSG00000158411.11,MITD1,-1.7511281077678327,NA,0.0799238455633664,0.004377834012864179,0.13296522638607391,1.4323949361804126e-09,NA,15,16,16,5.328357232520918e-07,0.07251255223373414
ENSG00000149084.12,HSD17B12,1.743841665653625,NA,0.0811867028640345,0.06617216633953593,0.5159742870641428,1.235240640833198e-46,NA,51,53,53,1.8571616368045004e-06,0.1313963611584451
ENSG00000272432.1,RP3-465N24.6,-1.7416767301936895,NA,0.08156502652060199,0.01363769650110341,0.03683594553248108,0.0023734179527177745,NA,10,11,11,0.04046045726431759,0.15632491424079087
ENSG00000203896.9,LIME1,-1.7405063285950335,NA,0.08177014979194645,0.002674372818361459,0.024287198349154368,0.01386292255644762,NA,26,27,27,0.001896495939918656,0.06955361486452385
ENSG00000158321.15,AUTS2,1.7403988942922815,NA,0.08178899955842754,0.016634535094985164,0.09795608679805257,4.1519847690689397e-07,NA,47,49,49,5.347657929489158e-13,0.0970417468753865
ENSG00000170802.15,FOXN2,1.7356495876288207,NA,0.08262581231377175,0.02091988234582204,0.17422063397442575,3.050352535763311e-12,NA,10,10,10,0.006749844222696838,0.1877358352523952
ENSG00000007080.10,CCDC124,-1.7354598143081792,NA,0.08265939343030358,0.0013023249002334877,0.020485323396937098,0.022642568157661268,NA,9,10,10,0.006006693330858161,0.05423422384094507
ENSG00000113658.16,SMAD5,1.7346876791305517,NA,0.0827961397979941,0.0007735939949566593,0.02811680220442692,0.0071549563138402624,NA,4,5,5,0.0005030869577483142,0.04979583171593277
ENSG00000156398.12,SFXN2,1.7328483220699018,NA,0.08312263150742909,0.0056118436565616055,0.12219735898374327,1.1345933121906015e-08,NA,25,25,25,7.445116729548193e-06,0.0626472133159416
ENSG00000179044.15,EXOC3L1,-1.731243388581865,NA,0.08340836371464022,0.01674065339536239,0.04325964417816158,0.0009830855665304472,NA,34,35,35,0.001706246008756877,0.12362923221569505
ENSG00000167670.15,CHAF1A,-1.7310608797361944,NA,0.08344090675186415,0.009372773699267496,0.16520996691336848,6.504872896963593e-12,NA,14,16,16,0.000681617812619949,0.07414604828967876
ENSG00000175066.15,GK5,1.7297226307129512,NA,0.08367984337038588,0.009350407846599912,0.02809568438190535,0.0070742510535741765,NA,40,46,46,0.007219354502628955,0.1083544184369784
ENSG00000182986.12,ZNF320,1.72912687881458,NA,0.08378638949518545,0.09896531839407403,0.3600849600081785,5.96269826174529e-28,NA,56,62,62,5.0378613933033755e-05,0.3457036805125179
ENSG00000173457.10,PPP1R14B,-1.7290509623973425,NA,0.08379997451038942,0.01199055600280095,0.13964265797671366,9.240200321417432e-10,NA,30,30,30,0.0008048437893630739,0.06653960049726221
ENSG00000115275.11,MOGS,-1.7290058391670355,NA,0.08380805002212945,0.002215989831127448,0.01783172662027509,0.03419809279520382,NA,20,24,24,5.867820449247659e-06,0.038849822034713065
ENSG00000080166.15,DCT,-1.725724891746456,NA,0.08439691769340965,0.015723334458605815,0.06704922469967672,3.474920946239796e-05,NA,52,55,55,8.819927840147683e-05,0.08634222586291111
ENSG00000186652.9,PRG2,-1.7246884403548643,NA,0.08458363537456347,0.008740929732989908,0.10552526127371416,1.0713905658895099e-07,NA,11,11,11,0.05731712594236503,0.030035042961585826
ENSG00000100053.9,CRYBB3,-1.7230672746183626,NA,0.08487635996113493,0.010169657278679866,0.094297651879643,7.052919445319458e-07,NA,5,8,8,0.005742002732383289,0.10164110743480276
ENSG00000215251.3,FASTKD5,1.7222775964027726,NA,0.08501924409925149,0.008106478087456476,0.12906751635750607,2.439427768679734e-09,NA,21,22,22,0.011892589425311647,0.07217885296410967
ENSG00000117868.15,ESYT2,-1.7218861458206496,NA,0.08509014512882675,0.0033334361820263362,0.03739865063386248,0.0020336408897377893,NA,21,26,26,1.319802980533788e-05,0.07670603094780166
ENSG00000225399.4,RP11-3B7.1,1.7218836609010189,NA,0.08509059535966874,0.014858876159167428,0.018997387232351715,0.030249150272910707,NA,31,33,33,0.002789839710173681,0.2171549553204688
ENSG00000170322.14,NFRKB,-1.7211228528985616,NA,0.08522853317811026,0.04622506118187519,0.14242206423570067,5.773522086335827e-10,NA,89,96,96,0.0006226974367979821,0.10386756279483017
ENSG00000118997.13,DNAH7,1.7187097339398718,NA,0.08566723872752093,0.1840978739646318,0.3277457335400219,1.0272637551080322e-24,NA,87,91,91,6.108290919205247e-06,0.3743239166933023
ENSG00000155906.16,RMND1,-1.7176573300839744,NA,0.0858591366593604,0.007067580819772842,0.09491047144232148,6.562377700502214e-07,NA,8,8,8,0.021176679825851835,0.057459493915516614
ENSG00000248746.5,ACTN3,-1.7155306418653797,NA,0.0862479824265496,0.009065188962793989,0.05879437144630181,0.00010637830362568104,NA,7,7,7,2.2084697217163344e-18,0.049168460348068425
ENSG00000174165.7,ZDHHC24,-1.715191721916199,NA,0.08631008209226178,0.0012014430374838324,0.04111949055652773,0.0013153804171290304,NA,1,1,1,0.08631008209226183,0.1475654968016526
ENSG00000146535.13,GNA12,1.7117319485943916,NA,0.08694607806710142,0.009631965407924803,0.0938930141683776,7.069751042233495e-07,NA,49,56,56,5.243027267640344e-08,0.0970922902121698
ENSG00000114115.9,RBP1,1.711674243222916,NA,0.08695671779771905,0.0028832872869649726,0.08171927826946185,4.460660952412694e-06,NA,6,6,6,0.08872151381559593,0.07109101085993222
ENSG00000125877.12,ITPA,1.7112108143255909,NA,0.08704220304967986,0.026401680803062346,0.33307749117771945,3.4639123320505625e-25,NA,15,15,15,0.0004160318086114242,0.11547124673636558
ENSG00000187513.8,GJA4,-1.7108197224151895,NA,0.08711439760504991,0.005009644002786474,0.045921006778656966,0.0006017933956636213,NA,12,12,12,0.0018793104256614231,0.07470067252650071
ENSG00000214376.5,VSTM5,1.710264162661803,NA,0.08721703557827604,0.00509757717999519,0.03396490861638995,0.0034917904183707797,NA,15,17,17,2.989536515157868e-06,0.108247019791368
ENSG00000164300.16,SERINC5,1.7093673534950276,NA,0.08738292423851683,0.0025941723601685114,0.03419003531435954,0.003439678512801932,NA,13,14,14,6.893019735720649e-06,0.03993982135550446
ENSG00000277999.1,RP11-426C22.8,1.7090351286065129,NA,0.08744444263929052,0.05547925815460381,0.37435617262116894,1.0959022174246138e-28,NA,11,15,15,0.0008115239050029643,0.08364499745018518
ENSG00000132600.16,PRMT7,-1.7072123686219987,NA,0.08778258691273891,0.058367055511760635,0.2287442336836649,3.6903842706690926e-16,NA,43,45,45,3.654775429594342e-05,0.10315500307869184
ENSG00000139517.7,LNX2,1.7056994333898765,NA,0.08806405522223289,0.0007444596627040274,0.0316546704917493,0.005079838835424289,NA,19,20,20,3.2602824247638295e-06,0.0370214223756629
ENSG00000107099.15,DOCK8,-1.7050164165447832,NA,0.08819136271729364,0.019570680098954706,0.15191542898435434,1.0969140266996552e-10,NA,36,41,41,0.002472635603793249,0.12132156290689225
ENSG00000228340.5,MIR646HG,1.7041834876612696,NA,0.08834681307983021,0.033352109611979555,0.08875963316588281,1.3580059506724818e-06,NA,26,30,30,7.1883595611238935e-09,0.19639705987748132
ENSG00000108960.7,MMD,-1.7025075639449596,NA,0.08866026175917277,0.006131313333087278,0.03309277731892723,0.004077794911270208,NA,49,50,50,1.6562440216295452e-05,0.10188954292218988
ENSG00000123427.16,METTL21B,1.701960720077983,NA,0.08876273190136098,0.03309542178617794,0.3339749738874393,2.750070945166194e-25,NA,41,42,42,0.0002894547546356051,0.062069650096358085
ENSG00000091947.9,TMEM101,-1.7001478748724155,NA,0.08910311402242613,0.0031168237726511283,0.08549536862780775,2.207348934681259e-06,NA,7,7,7,0.006437713847512958,0.10626062581683153
ENSG00000181396.12,OGFOD3,1.6975710432508535,NA,0.08958875193382489,0.00587131138202914,0.07206035442017629,1.2666671586569444e-05,NA,9,9,9,0.024932349633574224,0.028069341478909226
ENSG00000112685.13,EXOC2,1.6975452916491602,NA,0.08959361589716827,0.014209713783330158,0.045959740149298836,0.0005967227943876584,NA,22,22,22,2.4881507482410652e-05,0.06030085067516526
ENSG00000224877.3,NDUFAF8,-1.6968845983845033,NA,0.08971848038869568,0.0164898530716567,0.11396175022035275,3.682313562647895e-08,NA,12,13,13,0.046895151704368566,0.15697192261735265
ENSG00000122299.11,ZC3H7A,1.696511782772963,NA,0.08978900066260538,0.013788473308151493,0.030521844428221118,0.004910349420227445,NA,40,42,42,2.9045808296096296e-09,0.15333675829313634
ENSG00000156261.12,CCT8,1.6958579904212625,NA,0.08991277708488414,0.030590013365582883,0.4433604813925024,1.7622743811587223e-36,NA,64,66,66,0.011192086104042107,0.09321453407325728
ENSG00000103150.5,MLYCD,1.6949106173076394,NA,0.09009237809130326,0.005459233800062099,0.04173116686522019,0.0009529196182757008,NA,21,23,23,0.002291231399189486,0.08628941856962713
ENSG00000171877.20,FRMD5,-1.692007064819336,NA,0.09064462660035517,0.0006513207525496744,0.02692235832088364,0.008909371856232884,NA,1,1,1,0.09064462660035517,0.05205837403913557
ENSG00000160339.15,FCN2,-1.6916456539547213,NA,0.09071355621336367,0.009068720779289996,0.026237107798265304,0.010225323959318366,NA,13,14,14,0.0016724783508919553,0.1320117631027287
ENSG00000181404.15,WASHC1,1.6892901337771493,NA,0.09116384318352659,0.03399661211166234,0.3842884988869579,1.4402342724074685e-30,NA,62,72,72,0.006756933973066672,0.3882648540690426
ENSG00000197272.2,IL27,-1.6885598148176972,NA,0.09130381712508978,0.019620912189754838,0.14855535140114287,2.4088490400172936e-10,NA,4,4,4,0.08759906574364533,1.0121227831264246
ENSG00000100528.11,CNIH1,1.6874903368282084,NA,0.09150910645619066,0.008339058261680521,0.09058689576991168,7.384842616278585e-07,NA,71,77,77,0.00013321996270784342,0.057057035253029374
ENSG00000135972.8,MRPS9,1.6851520349777755,NA,0.09195924244583663,0.00982712378002678,0.14878438117054169,1.2512225272551987e-10,NA,24,25,25,0.0005159197950411888,0.030822712342523182
ENSG00000260388.2,LINC00562,-1.6832637423652252,NA,0.09232404604863219,0.025050896510002002,0.07745319363861262,7.4170802017134094e-06,NA,23,25,25,0.0007405490160637939,0.2653604629583608
ENSG00000023228.13,NDUFS1,1.6820943242554431,NA,0.0925505508061393,0.002225167802742795,0.08363180970027048,2.4728875116999514e-06,NA,42,45,45,1.3729351160115177e-09,0.02994908087299523
ENSG00000007520.3,TSR3,-1.6806030189904926,NA,0.09284004903268492,0.00299241415193178,0.04156173934165582,0.0011643062873824862,NA,4,4,4,0.10216393022826799,0.11327268227232842
ENSG00000214078.12,CPNE1,-1.6798911520824993,NA,0.09297849560871638,0.1593111752645589,0.5889239803346957,1.0063444131361885e-59,NA,50,50,50,0.005655155500741126,0.1512192422106704
ENSG00000180155.19,LYNX1,1.6795745136132818,NA,0.09304012988244299,0.04999377984829441,0.397569066084046,8.432877047462703e-32,NA,15,15,15,0.032195000939723724,0.07524395295752441
ENSG00000238078.1,LINC01352,1.6782355115485672,NA,0.09330113177285679,0.03258431779658333,0.16619707018967206,1.2983093631828794e-11,NA,27,27,27,6.525122145919154e-10,0.05548112342400443
ENSG00000111450.13,STX2,-1.6777401568953434,NA,0.09339783638118046,0.025711604798164943,0.22851436236394454,3.0812453201507013e-16,NA,76,82,82,0.00040370536900519047,0.04142701372523908
ENSG00000131408.13,NR1H2,-1.6768701206375607,NA,0.0935678820985629,0.003986208688050771,0.04617374960879053,0.000631757279141711,NA,37,41,41,0.0003659896853824513,0.1062842986385144
ENSG00000137513.9,NARS2,-1.6768478160476306,NA,0.09357224472003298,0.004365916135306727,0.07454056107618201,1.0204982423886677e-05,NA,12,12,12,0.022732835823177783,0.04653295958537503
ENSG00000167077.12,MEI1,-1.67660644147817,NA,0.09361946633238653,0.002186730911125887,0.033650695423140545,0.0036916889809955854,NA,21,23,23,6.468100436081137e-05,0.0314061318209466
ENSG00000165716.10,FAM69B,-1.6691746602155881,NA,0.09508277042809701,0.0033075486328674655,0.03729657848585427,0.0022743319212103572,NA,26,29,29,0.005178178266124092,0.03353301373587725
ENSG00000132383.11,RPA1,1.6682738737923686,NA,0.09526137183635697,0.007129612962908627,0.1546019630339217,4.614004505445841e-11,NA,33,40,40,1.431904554544656e-05,0.050213378876281
ENSG00000143149.12,ALDH9A1,-1.667912895392466,NA,0.09533301938993648,0.0524480399341966,0.3917235939222271,1.767695745519355e-30,NA,10,12,12,0.040613400410809276,0.3175018303949252
ENSG00000144362.11,PHOSPHO2,-1.6676298351669177,NA,0.09538923180696182,0.03269549928941046,0.1156805038987524,9.873109625775564e-09,NA,34,34,34,0.024709930506164626,0.07040322139626888
ENSG00000108219.14,TSPAN14,-1.667431103212416,NA,0.09542871348321291,0.0028788436992321685,0.021427027583600336,0.018670187152760725,NA,17,18,18,0.0017259724707777491,0.09282915305647743
ENSG00000139197.10,PEX5,-1.6668556924060658,NA,0.09554310298978873,0.07702937249528849,0.356054791233193,8.866644437802785e-28,NA,63,69,69,0.002002764464528878,0.09348013494867444
ENSG00000123999.4,INHA,1.6660634996146761,NA,0.09570076754170169,0.007126202505143628,0.03968814464201581,0.0014765394727171653,NA,17,18,18,0.00012399398385219647,0.061619664748031926
ENSG00000011523.13,CEP68,-1.6656103976928944,NA,0.09579103882413609,0.013384645475544975,0.16705133082928658,9.345669838869689e-12,NA,34,35,35,0.049727449017874334,0.029961811288977708
ENSG00000143891.16,GALM,1.6637424312395286,NA,0.09616391290672559,0.002221027993784803,0.06501507309692844,3.2799189042605025e-05,NA,8,10,10,0.043759923895166176,0.029475330417366562
ENSG00000161036.12,LRWD1,1.6627465993761206,NA,0.09636317001515914,0.004602749283356017,0.05500977626042328,0.00015615014885462416,NA,5,5,5,0.07460549839973467,0.03480234238124032
ENSG00000134824.13,FADS2,-1.6626582318511256,NA,0.09638086751759531,0.02381471291149881,0.18044427183355385,8.626829572736637e-13,NA,15,16,16,0.000267850039274689,0.26901618925540954
ENSG00000167671.11,UBXN6,-1.6596361999733402,NA,0.09698766128231345,0.00524701485069572,0.1525086411825936,4.612135335834175e-11,NA,11,11,11,0.000681617812619949,0.03532630780333878
ENSG00000117791.15,MARC2,-1.6533990453735705,NA,0.09824967702944513,0.0036618841177035624,0.04999271068201328,0.00037525272384954483,NA,42,43,43,0.00017631157186760352,0.03388413951702484
ENSG00000137364.4,TPMT,-1.6533580812803428,NA,0.09825800878528194,0.0035173178052695887,0.03667865169661592,0.0024298133695483267,NA,30,32,32,1.574971619591559e-05,0.09536016236520004
ENSG00000197622.12,CDC42SE1,-1.651771717915979,NA,0.09858109620585669,0.0017026498133713085,0.02379514057970884,0.015494646248324953,NA,13,13,13,7.930087487867245e-05,0.049393247622212005
ENSG00000173660.11,UQCRH,-1.6503758107209914,NA,0.0988660953854828,0.0019763040097271574,0.03348508750521278,0.0035250959624759,NA,8,8,8,0.019415561165739375,0.0401833817866688
ENSG00000144021.2,CIAO1,-1.6481722457146257,NA,0.09931733043171392,0.036121602062281,0.2693877322569761,2.6423459706882586e-19,NA,30,31,31,5.651538061170464e-05,0.058536881962286215
ENSG00000174775.16,HRAS,1.647168234544425,NA,0.09952347104715716,0.01949074723163842,0.13082505997659635,3.474549970874708e-10,NA,8,8,8,0.013341473914157222,0.1000400842370712
ENSG00000148229.12,POLE3,-1.644796417300031,NA,0.10001180126331734,0.0037638485383289988,0.09828324936563904,2.3381082288698653e-07,NA,6,6,6,0.08774904339282451,0.05318009493009039
ENSG00000175575.12,PAAF1,-1.6438736520621233,NA,0.10020230364752636,0.01836612420314363,0.20061192753002333,2.281180576264786e-14,NA,3,3,3,0.09575259601812304,0.24088731065277064
ENSG00000167555.13,ZNF528,1.6425006234587798,NA,0.10048629705771477,0.03757552635480509,0.3178041552090374,1.2150087280175535e-23,NA,11,12,12,0.01699332956505607,0.12934033700774425
ENSG00000113716.12,HMGXB3,1.6422355016697832,NA,0.10054120793881322,0.002565516144208177,0.07545625743465903,7.31776758632171e-06,NA,49,49,49,0.00033260056093814246,0.03561087184673612
ENSG00000110917.7,MLEC,-1.6418730494554195,NA,0.10061631617165773,0.0017351410832079795,0.06027090201466475,8.099370923647821e-05,NA,20,20,20,0.008941273346505222,0.044037113918610975
ENSG00000106012.17,IQCE,1.6405208630296184,NA,0.10089691421311,0.008565086455487172,0.03719603881896295,0.0019239398614469144,NA,45,51,51,1.1712847153434395e-09,0.05471027389080217
ENSG00000076641.4,PAG1,1.6400127404824,NA,0.10100251794687158,0.011146546933579304,0.07446938992065277,1.1590504143462385e-05,NA,23,25,25,0.021731056829774064,0.030027110164971317
ENSG00000067836.12,ROGDI,-1.6381718921224722,NA,0.10138584129513577,0.0033951732696503294,0.05142379362310808,0.0002593392455991579,NA,6,7,7,0.00018684167961523175,0.04717627307151626
ENSG00000163870.14,TPRA1,-1.6373865741862463,NA,0.10154972170151243,0.005384102595980421,0.10713840455719773,6.545612818046131e-08,NA,56,58,58,0.009682433117990476,0.04350810390857702
ENSG00000277767.1,RP11-365P13.5,1.6363306256505519,NA,0.10177040980654206,0.04630637278528418,0.20865478103448426,6.663054171192685e-15,NA,19,22,22,0.008187420032060324,0.16758679949561128
ENSG00000089847.12,ANKRD24,-1.635794347636231,NA,0.10188263540837426,0.009483149417211753,0.08767213784710655,1.709168638917029e-06,NA,20,20,20,0.00544498064716494,0.2099067139579368
ENSG00000138433.15,CIR1,1.6296281176361205,NA,0.10318011801654482,0.0019425828993502893,0.040761068547240036,0.0012296684705262947,NA,9,10,10,0.012342263859776955,0.053283307670209855
ENSG00000033100.16,CHPF2,-1.6281514384137978,NA,0.10349277882382724,0.0030773073996539792,0.031896716442498335,0.004434651316922607,NA,39,42,42,0.00043208324216412983,0.05322454273457048
ENSG00000169203.16,NPIPB12,1.627698006457562,NA,0.10358893603106097,0.01529987491926946,0.03281396196183261,0.0035703072064798063,NA,12,13,13,0.032182992254104086,0.16828864992646148
ENSG00000066185.12,ZMYND12,1.625536965830707,NA,0.10404819391955977,0.014852453022854161,0.09891511391100227,3.9588921469377476e-07,NA,37,37,37,3.686297305471457e-05,0.07106164809178969
ENSG00000134324.11,LPIN1,1.6254360788496902,NA,0.10406967357699345,0.01164577010908492,0.1573176229769286,3.773733316852133e-11,NA,3,4,4,0.015986324533674417,0.14586359654139006
ENSG00000198185.11,ZNF334,1.6254197241140782,NA,0.10407315596480488,0.05066561429705957,0.3518438490604136,1.9120303860044602e-26,NA,21,21,21,0.06039334520807323,0.052801005186167226
ENSG00000265542.5,RP11-60A24.3,1.6250012899336919,NA,0.10416228397612412,0.0067204281145893064,0.06847909283095595,1.7589981522959172e-05,NA,13,13,13,0.0011584766005390817,0.055803674937548606
ENSG00000165841.9,CYP2C19,1.6247273622766072,NA,0.1042206644019623,0.0044141211506872405,0.030643859097313958,0.005582793904399565,NA,39,40,40,3.2858023904313665e-05,0.04676426693491112
ENSG00000134575.9,ACP2,1.622293455729337,NA,0.10474052926817892,0.0026563960749355145,0.059561414031089215,8.642077998864563e-05,NA,16,16,16,0.06619333522125184,0.007337412760373578
ENSG00000135750.14,KCNK1,1.6209442948753232,NA,0.10502958599953863,0.001979459678133123,0.03228612788384345,0.004475973655245175,NA,34,37,37,2.627012557143351e-06,0.03551480624410094
ENSG00000106460.18,TMEM106B,1.6139221709022038,NA,0.1065443089766839,0.006106740918332882,0.08548320976208137,2.5868163710224084e-06,NA,50,57,57,1.8148223006430375e-06,0.039865647468613916
ENSG00000148655.14,C10orf11,-1.6125917753141785,NA,0.1068332265247217,0.0031529439436928956,0.04353417175903708,0.000834547402224111,NA,6,6,6,0.0913180008779676,0.06115966366347085
ENSG00000102595.19,UGGT2,-1.6104425555856223,NA,0.10730127660800257,0.04246666557735309,0.23091500735411846,2.493578212038846e-16,NA,48,53,53,0.00665139744761403,0.06896112694495951
ENSG00000196968.10,FUT11,1.6079001125240207,NA,0.10785705721091253,0.00439435343345284,0.07142846983134386,1.9548564148708207e-05,NA,14,15,15,0.048231806512487374,0.029559838282105032
ENSG00000004864.13,SLC25A13,1.6078164988345707,NA,0.1078753738839196,0.008703412591770399,0.04161889792752088,0.0006141263691932899,NA,38,39,39,0.006116883397267712,0.057607436369778366
ENSG00000168936.10,TMEM129,1.607051690150745,NA,0.1080430295413682,0.016345766903966663,0.18693514360750804,2.0404399922366973e-13,NA,41,42,42,0.0001251743564486224,0.0660573180474595
ENSG00000182230.11,FAM153B,-1.6068063494424643,NA,0.10809685497526816,0.07150115500990438,0.28475538879823536,8.674688180859421e-21,NA,38,40,40,0.02468211390076554,0.09437707763331074
ENSG00000104219.12,ZDHHC2,-1.6005118593930603,NA,0.10948507814716751,0.00751211052852261,0.07216599537114078,1.1448217353553668e-05,NA,36,37,37,1.6731502792457105e-09,0.060857730939383264
ENSG00000113231.13,PDE8B,-1.5987702933838854,NA,0.1098716520462352,0.009308173779844059,0.049250849081013216,0.0003933493325688304,NA,55,59,59,1.8344994312437544e-08,0.048375952316466964
ENSG00000127838.13,PNKD,1.598267923121566,NA,0.10998336296098314,0.0010075933736046513,0.04865249745980083,0.00044995064600552654,NA,10,11,11,0.0014718234910069225,0.02767003433290584
ENSG00000163501.6,IHH,-1.597587953252408,NA,0.11013470921982697,0.0022805418947066886,0.02306857922124904,0.01680757565044085,NA,31,34,34,0.0008871158148728198,0.026519316054043285
ENSG00000140830.8,TXNL4B,-1.5942873942463873,NA,0.11087167978241534,0.02360154744603994,0.06744606495968619,3.4901138084050084e-05,NA,36,37,37,2.5707759939505373e-07,0.1175118483120787
ENSG00000076201.14,PTPN23,-1.5931698740119964,NA,0.1111220875554033,0.0014169210066695469,0.02572802379978576,0.011323337391497431,NA,7,7,7,0.09096310100105226,0.021185942404207837
ENSG00000112110.9,MRPL18,-1.5922842494420923,NA,0.11132085033986519,0.01916483863266953,0.042691253385667316,0.0008960478877858563,NA,65,72,72,9.353774490654946e-11,0.09255082527658304
ENSG00000198478.7,SH3BGRL2,-1.5905846422444123,NA,0.11170308299851965,0.0007636666005798778,0.020001051310452253,0.02619826442241815,NA,20,21,21,1.8046426384309934e-08,0.032376577157717794
ENSG00000137672.12,TRPC6,-1.5899241622720395,NA,0.11185190053152261,0.006165097856046811,0.022787266293686208,0.014964443802605244,NA,41,42,42,0.00019776015856655645,0.04786164276827021
ENSG00000144746.6,ARL6IP5,1.5893744172796924,NA,0.11197588679174045,0.012197836935093683,0.3595874573628737,1.1614969956762484e-27,NA,4,6,6,0.054616057172505575,0.12099369157169768
ENSG00000187650.3,VMAC,-1.5889907974605797,NA,0.11206247035394681,0.0058029098223173,0.04838438317486498,0.00037954685130035066,NA,13,14,14,0.017145492084459354,0.023986751780262012
ENSG00000186510.11,CLCNKA,-1.588341281252389,NA,0.11220918750232527,0.015677309294277283,0.10542887320822554,8.495877773094247e-08,NA,46,54,54,0.0004737888946202959,0.06307059411230935
ENSG00000066056.13,TIE1,1.5875684714864293,NA,0.11238395233561994,0.0030080354724378866,0.019611667956971557,0.026744587961684232,NA,20,22,22,1.6518202356580986e-09,0.02850508817796148
ENSG00000264717.5,CH17-360D5.1,-1.5873077167150247,NA,0.11244296837098607,0.007795987857697999,0.0889656714101144,1.0712623097256188e-06,NA,43,50,50,0.0026699123691852956,0.03228986058261176
ENSG00000214274.9,ANG,1.5857841905361802,NA,0.11278827318444597,0.0015709239467308644,0.05475087429763623,0.00018837613248830331,NA,16,20,20,0.0002357726103710938,0.1310417196914115
ENSG00000167641.10,PPP1R14A,1.5854657814491702,NA,0.11286054558699532,0.004931809861876977,0.12360736853987288,7.822700704429677e-09,NA,17,17,17,0.05150894020336758,0.060211426909215625
ENSG00000166510.13,CCDC68,1.5829291114119535,NA,0.11343762262272863,0.005819172994854344,0.029335117162542945,0.006927047910779843,NA,31,33,33,1.709445112345157e-16,0.03611037770592981
ENSG00000172340.14,SUCLG2,-1.5817925648261535,NA,0.1136969329321268,0.007670343603287723,0.16312217134635645,1.958510768073049e-11,NA,50,50,50,1.486572615880178e-19,0.05264558808787427
ENSG00000111077.17,TNS2,1.5788371347132435,NA,0.11437341852691464,0.0025917231739695026,0.0553312922811862,0.0001159777691946463,NA,6,6,6,0.04886629969966795,0.04294851150494746
ENSG00000241644.2,INMT,-1.57883204555151,NA,0.11437458614102398,0.001358846902514956,0.057619869632114074,0.00011564636747602172,NA,5,5,5,0.03276406857464706,0.04436382813556297
ENSG00000136048.13,DRAM1,-1.57843932956793,NA,0.11446471586431353,0.021180082633109824,0.07136178103129111,9.238672394199335e-06,NA,50,50,50,4.963608467853775e-05,0.16619488463968468
ENSG00000167165.18,UGT1A6,-1.577357327803509,NA,0.11471332831034246,0.0014143733962611465,0.024060417664751803,0.014044652740535438,NA,16,17,17,4.883645575956127e-05,0.03441296304549806
ENSG00000101188.4,NTSR1,1.5771505378086432,NA,0.1147608909430822,0.026518348798546698,0.1555527936116194,5.022796701916043e-11,NA,29,29,29,0.0004248797758861033,0.11292580570584293
ENSG00000203546.7,RP11-176H8.1,1.5731657931848637,NA,0.11568043366849669,0.043435498559807814,0.0801213675959014,4.611381793699154e-06,NA,49,57,57,4.107615010173288e-11,0.24131473632804354
ENSG00000169598.15,DFFB,-1.571524016556088,NA,0.11606098033213277,0.004433708609968741,0.031478438724241546,0.004091651592524542,NA,10,10,10,0.15209100442097617,0.017714700076701114
ENSG00000204792.2,LINC01291,-1.571205849321529,NA,0.11613484184681586,0.26032719510430835,0.5263245094216724,5.815100614547363e-48,NA,17,17,17,0.06132267173554623,0.1072396223934168
ENSG00000169418.9,NPR1,-1.5707628674504126,NA,0.11623774019380148,0.0008363706014063289,0.04236568372016178,0.000961382851671476,NA,7,8,8,0.07702963906953447,0.059515031576865884
ENSG00000172901.19,LVRN,-1.5707476558341473,NA,0.11624127490629743,0.000976837588949414,0.019244230483496064,0.027023223236689712,NA,8,8,8,0.08638518109507923,0.02615450118219466
ENSG00000178038.16,ALS2CL,-1.568523071613471,NA,0.11675910991301995,0.0011367301508147252,0.08964732426953899,1.293194106053845e-06,NA,9,12,12,0.0030227978251136634,0.02179500713975514
ENSG00000196363.9,WDR5,1.5680562577556503,NA,0.11686800370386169,0.0020790295290211876,0.06121445162711275,7.453787439946793e-05,NA,11,14,14,0.039383847379963866,0.024333494304411108
ENSG00000173218.14,VANGL1,1.5664769361244488,NA,0.11723700390615077,0.014687963999110262,0.11891459819528873,1.5233523756811292e-08,NA,48,49,49,0.00014938794529454968,0.03397751680940205
ENSG00000143196.4,DPT,-1.5661320874536,NA,0.1173176975192436,0.006792024800011806,0.01817652593780422,0.03419889186534978,NA,83,96,96,0.0006075736322016266,0.09511127437749163
ENSG00000168778.11,TCTN2,1.56402333041318,NA,0.11781208954206594,0.06809197411768463,0.3664774796190572,1.6997485190839226e-28,NA,48,48,48,1.9994758044351552e-05,0.10379178496049173
ENSG00000198521.11,ZNF43,-1.561866325540869,NA,0.11831948290403156,0.006670133365318709,0.11245321921767673,3.2921364857921865e-08,NA,11,13,13,0.09321292598092856,0.01374261393958525
ENSG00000162444.11,RBP7,1.5603495375841654,NA,0.11867730287647536,0.026251232219735104,0.09729129972016112,4.376016901405038e-07,NA,18,21,21,0.010385467910123975,0.2143491390294476
ENSG00000120129.5,DUSP1,-1.5598279345243422,NA,0.11880054822946193,0.0020118482300389836,0.020663537465193543,0.023769846286807044,NA,9,9,9,0.031203428163276956,0.0469642373644438
ENSG00000268362.5,CTD-2017D11.1,-1.5588427524679536,NA,0.11903360260585688,0.2093756492698108,0.5698684935042039,7.893824497260663e-54,NA,30,30,30,0.019950415887133446,0.08367878183497733
ENSG00000125875.13,TBC1D20,-1.5587973783041973,NA,0.11904434493049229,0.007165058361097059,0.0990668352226814,3.390492015537925e-07,NA,21,24,24,0.012117066073095087,0.054480161670101925
ENSG00000157322.17,CLEC18A,-1.5560130588320829,NA,0.11970498711460925,0.12683714986939643,0.4268767927295503,2.4231290957922043e-34,NA,12,13,13,0.0798974943848256,0.16311532080294913
ENSG00000164880.15,INTS1,1.555880461353936,NA,0.11973652033316001,0.13997424174853784,0.4822210749616674,5.786205798714622e-41,NA,35,38,38,7.545530700933598e-15,0.11624805479363545
ENSG00000109180.14,OCIAD1,1.5555226272541784,NA,0.11982164990564312,0.018589427098664256,0.12593377677381984,4.564650545390377e-09,NA,36,37,37,0.0465010937800084,0.10992445336193793
ENSG00000138172.10,CALHM2,-1.5543182831350033,NA,0.1201085145036103,0.0004376584204881474,0.025042394108810404,0.011581990097033102,NA,4,4,4,0.04389462158465805,0.015260858530711453
ENSG00000228421.2,AC005013.5,1.5522511509576382,NA,0.1206021412694467,0.00606586036440403,0.0536995905538512,0.00021230764988326158,NA,12,14,14,0.04873158534291204,0.10807561531708557
ENSG00000133433.10,GSTT2B,1.5499131665070092,NA,0.12116235900815195,0.07226168939440597,0.5489988772956508,1.0638307822352174e-51,NA,41,47,47,0.00016966447985734435,0.4180551207788663
ENSG00000171320.14,ESCO2,1.5492854558598566,NA,0.12131311445477105,0.00364931849169531,0.08169438237760539,4.520034421808719e-06,NA,17,17,17,0.00736650505634269,0.016537017876170818
ENSG00000261600.1,RP11-575H3.1,1.5485223748277919,NA,0.1214965789641449,0.010407662027328237,0.115686556526506,2.6193306580989315e-08,NA,3,6,6,0.055760416643906456,0.21212448937001666
ENSG00000141577.13,CEP131,1.5481423002873085,NA,0.12158803967903775,0.01239474997210701,0.084870568461824,2.09329408445208e-06,NA,17,17,17,0.00594210080873304,0.09287653584401652
ENSG00000267731.1,RP11-147L13.8,-1.5468518498419694,NA,0.12189897401898057,0.02135200614174366,0.14452602634663791,3.343756443641282e-10,NA,12,12,12,9.450902039584955e-08,0.11976227875748845
ENSG00000164733.20,CTSB,1.546611259916361,NA,0.12195701291054213,0.009611382977293637,0.14558597938174905,1.918341969713899e-10,NA,31,34,34,0.0038637715030702805,0.04593602822011721
ENSG00000112309.10,B3GAT2,-1.5463570542584113,NA,0.12201835987209048,0.014329843022313615,0.07870583067061705,5.184356110698042e-06,NA,52,52,52,0.00011819274397641302,0.10364796273731007
ENSG00000267002.2,RP11-242D8.1,1.5451136828595136,NA,0.12231876790531054,0.004609345531448381,0.04124530431245723,0.0012055163911579314,NA,29,29,29,0.007308657449529635,0.057350339416327174
ENSG00000254153.1,CTA-398F10.2,-1.54462816042377,NA,0.1224362306335741,0.017930591184193018,0.10542678188980732,1.5464172345290152e-07,NA,9,9,9,2.189885275749341e-06,0.07923411982197015
ENSG00000108439.9,PNPO,-1.5438635696327245,NA,0.1226213872074303,0.0028845546959700907,0.02788886912803712,0.008031866930165103,NA,17,17,17,0.0025823926399926853,0.031822535217635964
ENSG00000232063.1,RP11-307E17.8,1.5435056734115526,NA,0.12270813201906176,0.02664494686674667,0.13591807983041382,1.4109318864447355e-09,NA,22,23,23,2.370102210148274e-08,0.21479247671353235
ENSG00000025708.13,TYMP,1.5434360921971606,NA,0.12272500227533237,0.005986685383137202,0.06751140947763447,1.8748661560223247e-05,NA,9,9,9,0.0058002258335645126,0.08242345156895585
ENSG00000166965.12,RCCD1,-1.5432061051619295,NA,0.12278077648567783,0.03137825274146293,0.3000591320451199,1.1580863288606362e-22,NA,33,34,34,0.02355062246834571,0.16778931085693308
ENSG00000051620.10,HEBP2,-1.5424993640461482,NA,0.12295229235961365,0.0047822731148743835,0.03097142400218505,0.004552672140146176,NA,17,17,17,0.13221754709647887,0.11010993547458957
ENSG00000273448.1,RP11-166O4.6,-1.5423023002361684,NA,0.12300015025326622,0.08950181797564619,0.3164511706970476,1.3000446569763069e-23,NA,11,12,12,0.0001681363503800068,0.07456199290916778
ENSG00000273702.1,RP11-758H9.2,1.541038880973371,NA,0.12330732342292076,0.015001079763883856,0.026681081022842317,0.009867844899226172,NA,19,21,21,0.06954363330367783,0.21700605728728084
ENSG00000101407.12,TTI1,-1.5383180076287755,NA,0.12397087886117299,0.011174859033652694,0.08429836271313128,2.8496304916279813e-06,NA,33,35,35,0.006483191695848868,0.06106529176174786
ENSG00000182919.14,C11orf54,-1.5371122687310268,NA,0.12426581907124376,0.08812678671872866,0.4434094724992048,2.1867222409957808e-36,NA,25,26,26,2.989536515157868e-06,0.062269766860723004
ENSG00000119673.14,ACOT2,-1.5365056724753492,NA,0.12441440763728275,0.032483586468740555,0.20302230177628733,8.709653850532876e-15,NA,28,34,34,0.025580592317385336,0.4785221426643201
ENSG00000091106.18,NLRC4,1.5351629287240127,NA,0.12474381185606151,0.009534166574327981,0.08437203995641157,2.506630623120704e-06,NA,20,21,21,6.555030749929784e-05,0.048258058584214496
ENSG00000213221.4,DNLZ,-1.534203338818072,NA,0.12497963651320955,0.07837472091343811,0.3544669981390172,1.0476027810581427e-26,NA,24,27,27,0.06888815303496905,0.5178430755194445
ENSG00000180398.11,MCFD2,-1.5339001426415486,NA,0.125054220909789,0.015907683663877674,0.20663898912673825,1.6540508026130495e-14,NA,53,56,56,1.4613506591193133e-08,0.12242833338479155
ENSG00000172785.18,CBWD1,1.5322838473436537,NA,0.12545240531116358,0.0043348970914007,0.3711113136904279,7.99860561303672e-30,NA,8,10,10,0.0018109088049392983,0.17151490085193882
ENSG00000123124.13,WWP1,-1.5322683604456695,NA,0.12545622537828377,0.02461807566859251,0.1191348238162454,1.7860092819878373e-08,NA,43,46,46,7.387516745547003e-05,0.11786816930784555
ENSG00000175166.16,PSMD2,-1.5320779604232826,NA,0.1255031977030045,0.0030985093264472687,0.12059613281622897,1.4879828440784193e-08,NA,7,7,7,0.04048267950639695,0.044426109129467706
ENSG00000213123.10,TCTEX1D2,-1.5297047378780215,NA,0.1260898303651892,0.0053862620770770185,0.06162071527660527,6.804198912722211e-05,NA,15,18,18,4.0460935025106056e-07,0.04664429651705035
ENSG00000134905.16,CARS2,-1.5294785727146658,NA,0.12614584701014378,0.05006480797398931,0.3064650770642759,7.707155477663094e-23,NA,31,31,31,0.01660664581200655,0.06702251891808132
ENSG00000023191.16,RNH1,1.5287069398982014,NA,0.1263371111038161,0.005794700426926416,0.12542781553506668,1.5365099501492049e-09,NA,10,10,10,0.062195623993053076,0.04024551973848402
ENSG00000234928.1,LINC01659,1.5282680556034778,NA,0.12644599775627502,0.041014989153539835,0.05254118101974549,0.0002764177578015178,NA,40,54,54,0.0006298934474452717,0.2226443940654117
ENSG00000268836.1,LA16c-OS12.2,1.5252038014855678,NA,0.12720827271923751,0.0824566308517232,0.20669584965364632,8.387756785974277e-15,NA,33,37,37,0.038562399030980736,0.2249890342130156
ENSG00000125630.15,POLR1B,1.5244802169811642,NA,0.1273887950413618,0.0416809713882805,0.3210300887224997,4.799737545145261e-24,NA,15,16,16,0.04456962778394535,0.0907908327266964
ENSG00000112655.15,PTK7,1.5243381720420444,NA,0.12742425628716006,0.0009328359314850092,0.01675546344302663,0.04165047686070581,NA,2,3,3,0.09906752165133034,0.12992561937785874
ENSG00000120519.14,SLC10A7,-1.5238157224324318,NA,0.1275547508980575,0.015134696373645236,0.019972958489499426,0.02568104249983289,NA,78,86,86,3.5301333704099744e-07,0.1445020632157727
ENSG00000110660.14,SLC35F2,1.5231748089125703,NA,0.12771497673342766,0.006994343308706701,0.16191719751633504,1.6206308349324825e-11,NA,9,9,9,0.0924905413761274,0.03826192434102228
ENSG00000236008.1,LINC01814,-1.5225109041889926,NA,0.12788111529348,0.04328110988000285,0.30144177232305674,6.203775581900474e-23,NA,8,8,8,0.059131603447801426,0.12010049227813588
ENSG00000085998.13,POMGNT1,-1.5222355644212044,NA,0.12795006686344002,0.007660559843443144,0.04758060409390808,0.0004888994652192982,NA,37,38,38,0.00030957094050784007,0.07984921608726497
ENSG00000261701.6,HPR,-1.5205964492602169,NA,0.12836113841915092,0.00893084451581869,0.021533847819671704,0.019458292835315256,NA,14,16,16,0.0006254580575091656,0.1905500034748404
ENSG00000267100.1,ILF3-AS1,-1.520168320071594,NA,0.12846867728792236,0.016517115412325263,0.09943125537802268,3.103122361643443e-07,NA,37,37,37,0.00021425419109147293,0.06009923916835992
ENSG00000085644.13,ZNF213,-1.5187006464363828,NA,0.128837863831881,0.006846191156021263,0.14670570667804633,2.828676490867916e-10,NA,7,7,7,0.07529535469314665,0.06592206215213574
ENSG00000005421.8,PON1,-1.5183685969499576,NA,0.12892150358877832,0.023940135014992564,0.02571342509281526,0.01162169772540492,NA,29,29,29,0.003568990932902897,0.08721275940264403
ENSG00000198920.9,KIAA0753,1.5176001185517654,NA,0.12911523696759308,0.05343363797957773,0.3471930781350643,1.422262601254414e-26,NA,38,38,38,0.0003013140051475228,0.08767164841276537
ENSG00000163875.15,MEAF6,-1.517303156351044,NA,0.12919016168013206,0.036846906319333295,0.23171677416048386,1.7896219812980254e-16,NA,84,91,91,1.675136352747132e-11,0.08510960104371602
ENSG00000263603.1,CTD-2349P21.5,-1.5171665895086,NA,0.12922462935765686,0.00900141883228434,0.024412420622673167,0.01412916433513149,NA,10,10,10,0.0008084282521615341,0.2075955356332656
ENSG00000203685.9,STUM,1.5164221665567796,NA,0.12941263753186383,0.006819125869369697,0.12217001512699298,8.294251196202929e-09,NA,5,5,5,0.06211502868748227,0.08177148135755091
ENSG00000163053.10,SLC16A14,1.5149159364901759,NA,0.1297936940083824,0.006149471356317019,0.050752571984315424,0.00023121156730982704,NA,14,15,15,0.0008896789322252237,0.10275330196693727
ENSG00000270035.1,RP11-338N10.2,-1.514629303337304,NA,0.1298663069955127,0.021610817195492498,0.04458780727393685,0.0007778386895026531,NA,26,27,27,1.1251651735741068e-07,0.11892251981081185
ENSG00000125743.10,SNRPD2,-1.5144095503748818,NA,0.12992199852826428,0.003323817951076608,0.10958812667677173,3.6259850704642375e-08,NA,13,13,13,1.295870527205998e-05,0.026645369740277158
ENSG00000179855.5,GIPC3,1.5126999765262903,NA,0.1303558855582554,0.00797337760258883,0.115614864483171,2.2018010533611992e-08,NA,14,16,16,0.02360955493881976,0.1582406818861442
ENSG00000144034.14,TPRKB,1.5121223186972257,NA,0.13050274803663564,0.004860128307128096,0.08254463866346383,2.780195409105858e-06,NA,8,9,9,0.07835462421050987,0.051223529786258166
ENSG00000013523.9,ANGEL1,1.5120584764062657,NA,0.1305189870373562,0.006227199991345621,0.02249869153863281,0.017741766608347444,NA,36,38,38,3.290818516684284e-06,0.07717410896641921
ENSG00000115750.16,TAF1B,1.5105977689383925,NA,0.1308909627556356,0.03987587113061722,0.23083748414361344,2.7171349862922204e-16,NA,25,25,25,8.408483709596907e-09,0.14337598866202728
ENSG00000178607.15,ERN1,-1.5095075630657897,NA,0.13116912401496447,0.004379436816700945,0.03745915057666655,0.0020526515491034176,NA,42,43,43,0.01777258844496879,0.12041913268805506
ENSG00000157379.13,DHRS1,-1.5088765625634863,NA,0.1313303303270082,0.029938483146233198,0.2692396135002881,1.2188941228569491e-19,NA,52,54,54,0.022529738031895476,0.2099394265857558
ENSG00000103197.16,TSC2,-1.5084616868644607,NA,0.1314364053223867,0.0014908480732270693,0.06072163785813455,8.790118338551048e-05,NA,5,6,6,0.002020965507258827,0.13561001667265846
ENSG00000172650.13,AGAP5,-1.505255908615508,NA,0.13225829620213644,0.0008125920737724812,0.042375080030928235,0.001098104167713547,NA,19,23,23,0.022953909188692362,0.03927394345669191
ENSG00000129946.10,SHC2,-1.5046707340004541,NA,0.1324087508440496,0.016587764832281093,0.05987477951373817,8.279511726579593e-05,NA,25,29,29,9.506328501575103e-05,0.19476115210900094
ENSG00000154889.16,MPPE1,-1.5044965742105618,NA,0.13245355477470297,0.022983133146178513,0.10989563669843128,6.501454465824118e-08,NA,51,58,58,0.0005847247276425065,0.1392409927927899
ENSG00000026297.15,RNASET2,-1.5038684419412314,NA,0.1326152441282357,0.00862884846148958,0.06320196670422548,5.762148399911905e-05,NA,46,48,48,0.00031131774503521725,0.09365451668603182
ENSG00000100360.14,IFT27,1.5032084194965165,NA,0.13278530706852054,0.0030218553462750593,0.03659053567952292,0.002358513443432175,NA,16,17,17,9.510187459719196e-06,0.017217305122547794
ENSG00000124198.8,ARFGEF2,-1.5024897734709777,NA,0.13297066707082641,0.0027054367820175205,0.024330347595523664,0.012456599648106994,NA,50,56,56,3.494380439547359e-10,0.07483452467011396
ENSG00000181016.9,LSMEM1,1.5018363427857273,NA,0.13313937992862607,0.013158572163303961,0.1367517577688634,9.512598711951804e-10,NA,23,23,23,0.029574439576584784,0.1017019626925455
ENSG00000125637.15,PSD4,-1.5015674829703292,NA,0.1332088464163308,0.03387267455720975,0.30689399037803883,1.0531935592654947e-23,NA,42,46,46,0.00568120403302303,0.052325777733804264
ENSG00000160223.16,ICOSLG,1.5007797311241338,NA,0.1334125428274846,0.051765462645574786,0.15339104378284735,8.870846683718688e-11,NA,50,57,57,1.0800992854417235e-06,0.4424502274598599
ENSG00000256713.7,PGA5,1.5004370415610475,NA,0.13350123049665083,0.019180369644596268,0.21712246277383293,2.733257834961269e-15,NA,16,16,16,0.02476930316650613,0.1790784925508158
ENSG00000272864.1,RP11-17E13.2,1.5001405662364304,NA,0.13357799477429905,0.04581206317465723,0.28777193543290897,2.6128851260802903e-21,NA,25,26,26,1.0376606625125989e-07,0.07577678293512095
ENSG00000120539.14,MASTL,1.4989886314158023,NA,0.13387658136704292,0.1267337373089074,0.4759933012484043,4.611075047495029e-42,NA,79,82,82,0.0005581007989257135,0.07489893975360963
ENSG00000261104.1,RP11-734K21.5,-1.4985746179640551,NA,0.13398402151640917,0.007602623855981812,0.02589753525659108,0.0107943796875414,NA,32,38,38,0.004223206270826273,0.049996805323337036
ENSG00000176732.6,PFN4,-1.4965323662715568,NA,0.13451498002577206,0.015258556485567074,0.029768496617789308,0.005260733425638,NA,12,13,13,0.13172293049533906,0.04061774001041727
ENSG00000166387.11,PPFIBP2,-1.4965192202839879,NA,0.1345184030707748,0.0013537439347039734,0.035208300698859434,0.003001037387645845,NA,13,15,15,0.049229666601161313,0.08380722341042396
ENSG00000182871.14,COL18A1,1.496068572061027,NA,0.13463578676273455,0.0038112650475449032,0.05052246796688605,0.00033351363667705696,NA,15,16,16,0.0008230378395675774,0.0731663439512117
ENSG00000196275.13,GTF2IRD2,-1.4933518439032412,NA,0.13534511138143096,0.0907380281370241,0.4350196519468639,5.78746521103286e-35,NA,8,12,12,0.049956242016057764,0.2626151268887759
ENSG00000113108.19,APBB3,-1.4923727236883393,NA,0.13560146151667418,0.003152762567050141,0.05776456315526235,0.00011764112892607989,NA,7,7,7,0.001034927811175739,0.21605471040893745
ENSG00000204677.10,FAM153C,1.4922127622750858,NA,0.13564337771940782,0.0032279103565339166,0.16802407070210704,6.263433277691959e-12,NA,10,11,11,0.09022152581653274,0.08384489218596028
ENSG00000261068.2,RP11-7K24.3,-1.4921768820810928,NA,0.1356527811200815,0.0029000613476043357,0.09350812820468313,6.905078952108689e-07,NA,11,12,12,0.03104610506673094,0.06862901840892606
ENSG00000267053.6,CTD-3162L10.1,1.4896727240878487,NA,0.13631030981740214,0.012446485882865194,0.04476368639196803,0.0005795720127373228,NA,16,16,16,0.0017793653507772354,0.10264328993245236
ENSG00000275963.1,RP11-180M15.6,1.4893938061810617,NA,0.13638369862764202,0.01100215067294644,0.05136357694656847,0.0002588776664287793,NA,12,12,12,0.04853078482735029,0.07535831624485259
ENSG00000038219.12,BOD1L1,-1.4891055783222975,NA,0.13645956910735965,0.0008847569344265357,0.019797522448266856,0.0247260310512944,NA,11,11,11,1.7674921719303357e-05,0.05871187183324885
ENSG00000079102.16,RUNX1T1,-1.488080843244256,NA,0.1367295748491545,0.00039437625103464196,0.018651019057248933,0.03129909784186757,NA,10,10,10,7.318627582203232e-08,0.023321944011824747
ENSG00000128594.7,LRRC4,1.4875333128384003,NA,0.13687401160092724,0.022094776870904817,0.1008833117359534,2.8911079341398284e-07,NA,22,24,24,0.0005916334334047059,0.2150640170244673
ENSG00000187186.14,RP11-195F19.5,-1.4869657681946362,NA,0.13702385226341465,0.0046212607473340595,0.017809830005548657,0.03324449484238354,NA,25,25,25,0.000500643692482461,0.095296856045714
ENSG00000143669.13,LYST,1.4865201826506276,NA,0.13714158246346733,0.005012991740175664,0.05508637722530276,0.00015520561342922262,NA,14,15,15,0.11698689781757887,0.04546726046745635
ENSG00000182010.10,RTKN2,1.48589760883496,NA,0.137306206190364,0.0054688611005440325,0.04438770059134039,0.0008128603902434303,NA,30,30,30,0.0007370034573951108,0.08968867492113755
ENSG00000082701.14,GSK3B,1.4854894328787485,NA,0.13741422057220345,0.004145117070975991,0.031796826899276015,0.004695321411251788,NA,16,16,16,0.014998046991817799,0.058856887891072775
ENSG00000133424.20,LARGE1,-1.4851609916553294,NA,0.137501182556187,0.0027896568262234397,0.03367123107634872,0.002872045949245445,NA,7,12,12,0.11716261848166423,0.015227624517068297
ENSG00000206579.8,XKR4,-1.4848953953885378,NA,0.1375715359936641,0.0022333289812450576,0.046732192624663806,0.0005194420983329412,NA,23,24,24,0.0006368132305910495,0.05305663330257571
ENSG00000134222.16,PSRC1,-1.4841536480047421,NA,0.13776816345501336,0.008338625302895605,0.0855860761628771,1.138856531153844e-06,NA,55,55,55,0.024372332022835376,0.05182533786619208
ENSG00000175334.7,BANF1,-1.4834613697228336,NA,0.13795187270154977,0.004052982969987337,0.034933067114913285,0.002987372400791193,NA,30,31,31,0.006104048615638821,0.08119816576864948
ENSG00000131100.12,ATP6V1E1,-1.4832523181294874,NA,0.13800738563151393,0.0023894799526117316,0.08183447989690486,4.279940677339026e-06,NA,15,17,17,0.0008417970418231408,0.055670961525417145
ENSG00000163257.10,DCAF16,-1.4824688030439868,NA,0.13821559856454366,0.008291854882324068,0.06995421702380407,1.8321897809152245e-05,NA,22,23,23,0.0030206149205147183,0.08187956768353306
ENSG00000223609.7,HBD,1.481484529455813,NA,0.13847750443631437,0.0027692715769929194,0.03221272049596649,0.004704779344054419,NA,9,13,13,0.015476222511278776,0.050834811977347384
ENSG00000108788.11,MLX,-1.4810551689494582,NA,0.13859187290077582,0.0007654393316116889,0.016792311527062943,0.03870421457075683,NA,8,9,9,0.06048941260493748,0.06301704371288927
ENSG00000139160.13,ETFBKMT,1.480923001240515,NA,0.13862709296588083,0.008371203782278014,0.016373730329073553,0.044278850383757784,NA,29,31,31,1.630196034947367e-05,0.05250880716074483
ENSG00000146085.7,MUT,1.4784219641463165,NA,0.13929487003692367,0.010748656022371683,0.0734719737051241,1.2145850703960471e-05,NA,59,59,59,0.013435113725926703,0.10337739442279187
ENSG00000230658.1,KLHL7-AS1,1.4782971280281352,NA,0.13932826606579818,0.21589578425197398,0.4480299813186488,1.694838112946219e-36,NA,76,77,77,1.8317134803131446e-08,0.10966081650564416
ENSG00000005108.15,THSD7A,1.4772827776112298,NA,0.13959985260383012,0.007083976145213243,0.02650208078809579,0.009426746215364556,NA,51,53,53,4.99955240495805e-09,0.06669532160673466
ENSG00000135631.16,RAB11FIP5,-1.4758103843887826,NA,0.13999480223844238,0.001789165653832869,0.019090195469088658,0.027931131911979247,NA,5,7,7,4.500666004535975e-06,0.0295477270002247
ENSG00000099974.7,DDTL,-1.47445354443269,NA,0.1403595168985514,0.009144113387954662,0.4731909635441512,1.0214461723370175e-39,NA,23,28,28,0.0006562622633390738,0.07756702050242527
ENSG00000196693.14,ZNF33B,-1.4739869349288628,NA,0.14048510891994634,0.004290570322686789,0.05396125858113455,0.00012856669198223496,NA,36,37,37,0.0013364191299629455,0.03668411606627202
ENSG00000130764.9,LRRC47,1.4724788500974824,NA,0.14089161422590563,0.0026668576299728203,0.048698330864356605,0.00045589526124940275,NA,22,22,22,0.04109312234317546,0.03022200241659252
ENSG00000038210.12,PI4K2B,-1.4720486097795842,NA,0.14100775143655553,0.0057964533749578166,0.08699304280125504,1.838534208347892e-06,NA,36,41,41,2.4375485201821446e-07,0.14811555882269006
ENSG00000073331.17,ALPK1,-1.4704978214759024,NA,0.14142697527176734,0.0009273470576474979,0.02458211084934387,0.01265775057212525,NA,2,2,2,0.11670333537677156,0.06316230545719898
ENSG00000133116.7,KL,1.4694026727934715,NA,0.14172360280559487,0.0017002520353831471,0.03392368576227818,0.003312551903152828,NA,5,5,5,0.08171500086521342,0.06267825431140475
ENSG00000197586.12,ENTPD6,-1.4689923472171513,NA,0.1418348649331618,0.013286960372942105,0.13917261963658584,6.800523694222546e-10,NA,42,43,43,1.2268372448133863e-09,0.1042504205525232
ENSG00000152128.13,TMEM163,1.463006719267414,NA,0.14346554035986067,0.0027385973093672937,0.07147213841840615,1.3184645563775113e-05,NA,8,8,8,0.08915908347759838,0.01802387371660761
ENSG00000197177.15,ADGRA1,-1.4580667037391706,NA,0.14482215794394368,0.034640467179082465,0.0587352697394648,0.00010756128203328637,NA,32,36,36,0.03919538599874425,0.3102715459491269
ENSG00000173960.13,UBXN2A,1.4577181951671445,NA,0.14491823459129163,0.007637590809794324,0.0548894449968156,0.0001813690003514032,NA,42,43,43,1.6712888174179517e-06,0.08424122104154308
ENSG00000103365.15,GGA2,-1.456716252289256,NA,0.14519472163114058,0.0032055072660741144,0.04173913741733569,0.0011116185121342024,NA,49,53,53,0.0016679191997390828,0.058020761855755235
ENSG00000068724.15,TTC7A,-1.456125593880638,NA,0.1453579035381641,0.024015758628407678,0.16938467089055112,5.1679317556365145e-12,NA,16,16,16,0.005135466126153676,0.025829122289078958
ENSG00000120896.13,SORBS3,-1.4554580432654525,NA,0.14554249756681084,0.0008845242970330215,0.038961752385719785,0.0015405274670418554,NA,8,9,9,0.0295117442657448,0.036359978132806885
ENSG00000188747.8,NOXA1,1.4553237067699383,NA,0.14557966656981894,0.015392759158491642,0.2409340709129736,2.1785846353623884e-18,NA,23,29,29,0.1304035489887366,0.055501570869997685
ENSG00000126870.15,WDR60,-1.4548630434826146,NA,0.14570718076229386,0.04972539128089641,0.3393619972855583,8.312927092924434e-26,NA,26,26,26,0.08295477221674892,0.08745720152145127
ENSG00000156395.12,SORCS3,1.4542534811090215,NA,0.145876042468724,0.005969996303665015,0.044831133089471946,0.0008056867209883834,NA,32,36,36,0.0022745372821105277,0.10851882965903756
ENSG00000095261.13,PSMD5,1.4528812998348903,NA,0.14625671388513298,0.006384407670569835,0.07672494422584122,7.927971644891136e-06,NA,8,8,8,0.11457972610701048,0.03730084957818675
ENSG00000176771.16,NCKAP5,1.4524108394651971,NA,0.14638740414317186,0.00796664442140289,0.07066638517613875,1.9979690201567428e-05,NA,35,40,40,0.000831124242272532,0.11256102847252247
ENSG00000175287.18,PHYHD1,-1.4511646978505228,NA,0.14673400442996895,0.017993683533350076,0.18219097905841186,5.903676619410943e-13,NA,32,33,33,0.10801541102293419,0.19956894533097452
ENSG00000232112.3,TMA7,-1.4510989768233646,NA,0.14675230140532766,0.0021606012001184212,0.04147480739394768,0.0012039774015144542,NA,10,10,10,0.017899418711020996,0.07573469315888663
ENSG00000215440.11,NPEPL1,-1.4507717221102192,NA,0.14684343629973942,0.003363040723607872,0.03893012352548658,0.0016286214887801338,NA,17,17,17,0.00012224599170421012,0.06995054033027956
ENSG00000181444.12,ZNF467,1.4501411430223194,NA,0.14701916394363496,0.030228885461939272,0.1860859849890548,5.575824540927438e-13,NA,29,29,29,0.0191391801429531,0.30599151290828097
ENSG00000164654.15,MIOS,1.4486132417094542,NA,0.14744562114498597,0.0014909280581625653,0.017233298063868866,0.039342084462649765,NA,11,11,11,0.055007809077403984,0.044475966996508916
ENSG00000189280.3,GJB5,-1.44797456058781,NA,0.14762416537480355,0.015560652690212775,0.02055832304547361,0.0237735678426343,NA,13,13,13,0.02275439885586333,0.13039334901574995
ENSG00000166896.7,ATP23,1.4470679898465586,NA,0.1478778822114244,0.1340395944634466,0.4984698586826822,7.783371062595111e-44,NA,20,21,21,0.09908057974012481,0.1558717040280524
ENSG00000250596.1,RP11-440I14.2,1.446708278982778,NA,0.14797864474230488,0.12139104166825562,0.32941025486811026,1.7041629576935326e-24,NA,66,70,70,5.61179071968158e-05,0.1911285101314764
ENSG00000111728.10,ST8SIA1,1.4440267089033274,NA,0.14873146246464705,0.004849840597952617,0.0539717354515392,0.00016579896761936486,NA,25,28,28,0.0018119305825281245,0.04242394175163506
ENSG00000165280.15,VCP,1.4439673542678886,NA,0.1487481585645822,0.0007539421747744597,0.034738320511571164,0.003119078369320773,NA,15,15,15,0.015071409135076461,0.006014022153861877
ENSG00000166192.14,SENP8,1.4432905534689038,NA,0.1489386397410795,0.0031458569970135375,0.017378950056967372,0.03687150251910136,NA,10,11,11,0.0022007839730909524,0.046266714557683504
ENSG00000278765.1,RP5-890E16.5,-1.4430860870586515,NA,0.14899622209091717,0.006740381307758775,0.02781526226407376,0.00794290601512315,NA,7,7,7,0.0002587514762560867,0.19313270579008726
ENSG00000164048.13,ZNF589,1.4424459014077387,NA,0.14917662270698037,0.08495516841107911,0.3678596969893084,1.4565533813785716e-28,NA,41,44,44,0.005519448877766512,0.1630819492588921
ENSG00000272667.1,RP11-395A13.2,1.442132600746112,NA,0.149264969757984,0.014624887934632855,0.019224507418802897,0.028578140896263836,NA,43,43,43,2.0191627545792998e-12,0.076148060031017
ENSG00000111676.14,ATN1,1.4409503902232546,NA,0.14959869868175263,0.005637206720750257,0.14149938948796265,4.0610489163892727e-10,NA,4,4,4,0.15287886384425836,0.08880677391968103
ENSG00000167535.7,CACNB3,1.4406946729368586,NA,0.14967096053344126,0.01272996984398667,0.13403729860205896,1.4060775962661725e-09,NA,33,37,37,7.0080958718293854e-09,0.11580850739611005
ENSG00000151366.12,NDUFC2,1.4404944359902614,NA,0.14972756306504942,0.003870362113188787,0.06643814766541087,2.385224505457139e-05,NA,52,53,53,0.005210610966217921,0.017819528076866376
ENSG00000205560.12,CPT1B,-1.4400179759949574,NA,0.14986231336723424,0.022090287785187943,0.2388381962276782,6.44241161903742e-17,NA,21,24,24,0.00016891408743895773,0.07658095031251312
ENSG00000204930.9,FAM221B,1.43954085736216,NA,0.14999734261960962,0.015041564033746378,0.10851076181115504,4.856724150432564e-08,NA,16,16,16,0.007158837126977502,0.11364825861449235
ENSG00000266472.5,MRPS21,1.4394975379951,NA,0.15000960701889332,0.0009418528823741043,0.07008320890619613,2.2435876049305992e-05,NA,16,24,24,0.05503203618203558,0.018267752663781275
ENSG00000123119.11,NECAB1,1.4385824463670394,NA,0.15026886271941736,0.004383937726432696,0.04178229699835708,0.000959926165537942,NA,24,24,24,1.507664011546953e-05,0.1207672730756166
ENSG00000184517.11,ZFP1,-1.4377245613340266,NA,0.15051222130735842,0.005478820529222434,0.07685257584343556,6.591047183017146e-06,NA,20,20,20,0.04889315150507876,0.12751429167960546
ENSG00000254847.1,RP11-51B23.3,-1.4375143770101713,NA,0.15057189066752602,0.001332347669629268,0.021018911309645755,0.020336045162944724,NA,4,4,4,0.13393126842984032,0.17805479206140884
ENSG00000144035.3,NAT8,1.4374004366696154,NA,0.1506042447992633,0.029286316738555467,0.039122851648313736,0.0013140146558481922,NA,20,24,24,0.0005437398260071885,0.12369996422451768
ENSG00000103168.16,TAF1C,1.4367351955909007,NA,0.15079325031761476,0.04320658933409897,0.4103061196228003,1.499337064898573e-32,NA,18,18,18,0.050612071364810766,0.13466009850941638
ENSG00000121454.5,LHX4,-1.435412568819651,NA,0.15116956647855165,0.007571125471188782,0.017867104243716694,0.034335885990814906,NA,32,39,39,8.188542040116225e-08,0.044276212312784606
ENSG00000101463.5,SYNDIG1,1.4350035649266781,NA,0.1512860817362039,0.029087921299974444,0.17480975521992884,7.273794828384427e-13,NA,23,23,23,0.010948097756801467,0.1502082206484529
ENSG00000104695.12,PPP2CB,1.4349808123612715,NA,0.15129256539682037,0.0007498098643875699,0.037501462279681694,0.0021791956675958663,NA,20,22,22,0.04187217177167602,0.03016917395613892
ENSG00000197122.11,SRC,1.4340648898774244,NA,0.15155374609960978,0.002765308320569066,0.04265715211398507,0.000909584024958427,NA,13,13,13,0.03396835327220831,0.13779580768064187
ENSG00000131477.10,RAMP2,1.433449173339912,NA,0.15172951424001005,0.0025656643580613436,0.02358396562732513,0.0149505073523733,NA,16,17,17,8.636374191687484e-10,0.07875710575640439
ENSG00000105499.13,PLA2G4C,-1.4332526918235156,NA,0.15178563633380748,0.029871354156773364,0.17783726688371967,2.1846784209825383e-12,NA,77,83,83,4.742715761111162e-20,0.2461959043576772
ENSG00000144231.10,POLR2D,1.4321506692735597,NA,0.15210070610185175,0.011387095403675121,0.13567792021433606,1.2775590090818465e-09,NA,17,18,18,5.190752653577638e-05,0.06091027911653535
ENSG00000148680.15,HTR7,-1.4304878421134868,NA,0.15257705277948513,0.04832288293505219,0.0823664773822659,3.911241154079979e-06,NA,53,54,54,4.288726857271343e-05,0.3926912958883054
ENSG00000130713.15,EXOSC2,-1.4285853451745307,NA,0.1531234487038889,0.0007275514765266762,0.029292835644862562,0.006771403427774418,NA,3,3,3,0.1302423544850215,0.03946469634736083
ENSG00000276814.1,RP1-228P16.8,-1.4261308512251174,NA,0.15383057495708355,0.006330223723277807,0.028287694734016225,0.0074561919361474565,NA,4,4,4,0.009567784640896792,0.1369777271955106
ENSG00000148834.12,GSTO1,-1.425843212949036,NA,0.15391360419816785,0.010369517897154528,0.1055394522111839,1.0767515180268011e-07,NA,34,34,34,0.00947985240409179,0.04526995767767679
ENSG00000101596.14,SMCHD1,-1.4240190106412487,NA,0.1544409689998594,0.00023523642656810443,0.027833655530009167,0.008594451082160582,NA,8,8,8,0.000270571975880884,0.0184256426019343
ENSG00000036672.15,USP2,-1.421742417372585,NA,0.15510104140225905,0.003581475005133336,0.03153772342188616,0.0043324003560504965,NA,13,13,13,0.00016321481326187653,0.06904830060235125
ENSG00000106948.16,AKNA,1.421150813685828,NA,0.15527292034100454,0.0021176224388228873,0.029149800533287588,0.006602128897754809,NA,41,41,41,0.0015989623421310238,0.05125858925000888
ENSG00000145012.13,LPP,1.4202889329604143,NA,0.15552358175773057,0.0032932912651645165,0.07606079964791912,7.396797019489947e-06,NA,35,40,40,7.75658290337643e-05,0.11676195086399012
ENSG00000123297.17,TSFM,-1.4200106980653797,NA,0.15560456656758914,0.011090746636718702,0.14499867189277188,1.9594771262396591e-10,NA,31,31,31,4.454147227550592e-05,0.10507703804456446
ENSG00000263639.5,MSMB,-1.4200066034118806,NA,0.15560575862229462,0.0025038375843016683,0.22676140080290666,5.722971605074687e-16,NA,14,37,37,0.07401918944973188,0.08852416959495503
ENSG00000157326.18,DHRS4,1.419906510052469,NA,0.15563490042553602,0.005919858697837948,0.09344754523725707,5.999365893465791e-07,NA,3,5,5,0.05930197003324722,0.11169833178391596
ENSG00000075142.13,SRI,1.4185431898565986,NA,0.15603223848860193,0.008288197643145204,0.04335752051077309,0.0008930763840342672,NA,11,11,11,3.4663065913770788e-06,0.09166578184538
ENSG00000230836.1,LINC01293,-1.4173989936654914,NA,0.1563663067497898,0.10967128651552294,0.3539898460798283,6.1241614824763426e-27,NA,19,21,21,0.07672960640716332,0.1102046186116439
ENSG00000135898.9,GPR55,1.4168613003040942,NA,0.15652348305999514,0.002978557393373228,0.07492961442528315,1.0479027499689167e-05,NA,2,2,2,0.13670979962658295,0.0868016822401917
ENSG00000222041.10,CYTOR,1.4159521458755404,NA,0.15678951587013035,0.00017499096572389273,0.030790291990672757,0.004915279142643053,NA,4,6,6,1.164244638782152e-05,0.008077226466977058
ENSG00000213853.9,EMP2,1.4145432054396316,NA,0.15720247101358417,0.007067848864708485,0.15938494874427345,3.071692033233126e-11,NA,9,9,9,0.0009811280407857521,0.054655614668363516
ENSG00000119698.11,PPP4R4,-1.413695892240522,NA,0.15745121197241907,0.0056085240472978195,0.03669150441101141,0.002088262476624363,NA,32,32,32,0.015614658734978491,0.20951218309287026
ENSG00000106003.12,LFNG,-1.4132918774628038,NA,0.15756992127020675,0.010256396868976517,0.12829474511914776,2.518874399983837e-09,NA,14,16,16,5.654845407916071e-07,0.11589247997038578
ENSG00000135698.9,MPHOSPH6,-1.412160359453425,NA,0.1579027495028169,0.024929525713345727,0.2367657577127076,5.301870293697434e-17,NA,15,19,19,7.330249577317896e-05,0.07177621400653987
ENSG00000103932.11,RPAP1,1.4115098462033229,NA,0.15809433442207488,0.032382027690970615,0.2308638565009133,1.8113321956439627e-16,NA,44,48,48,8.070217216345036e-06,0.16042004372405375
ENSG00000134825.15,TMEM258,-1.4103220981317501,NA,0.15844459632958008,0.0031732798397406193,0.015269913956560945,0.04777212700551972,NA,34,37,37,5.988109008670215e-06,0.20582316596343966
ENSG00000181523.12,SGSH,1.4089366195594852,NA,0.1588539101545845,0.001945471704672764,0.04716427012902544,0.0005349407367378701,NA,10,10,10,0.008705249544640544,0.05755050701762893
ENSG00000111678.10,C12orf57,1.4082424415519312,NA,0.15905929281123343,0.006264684958815063,0.06254833034572224,3.391573826466064e-05,NA,22,26,26,0.05468720677659277,0.051806878226084783
ENSG00000165731.18,RET,1.4062030811008601,NA,0.15966382952392622,0.008786388027091127,0.06897100089051551,1.7452790811230412e-05,NA,20,20,20,0.04170512637152135,0.1253581519696357
ENSG00000138600.9,SPPL2A,1.4057332208493674,NA,0.15980335828447256,0.018537570244354037,0.19902022903095384,6.249332699489107e-14,NA,18,18,18,0.003384766941025718,0.23443054505573105
ENSG00000259834.1,RP11-284N8.3,-1.4054049857867388,NA,0.15990088500583377,0.006751219818053969,0.04332069270673237,0.0009558175651424793,NA,41,44,44,0.00022687316289839447,0.2024857799887216
ENSG00000126247.10,CAPNS1,-1.4050876140637536,NA,0.1599952267517497,0.0033391981759164475,0.03503661280732171,0.003193980896376459,NA,31,34,34,6.204471098060029e-06,0.029404293260413668
ENSG00000269949.1,RP11-738E22.3,1.403554439649557,NA,0.16045157016022804,0.055776657583465505,0.20772031522793508,6.615481517850458e-15,NA,16,16,16,0.0007595289258279954,0.13457703644588093
ENSG00000003056.7,M6PR,1.4035155719629695,NA,0.16046315174848136,0.011979952145833781,0.14887890856395913,1.7829853857365864e-10,NA,40,46,46,0.0006911824981976392,0.13723877277279425
ENSG00000221995.5,TIAF1,1.4026422244102723,NA,0.16072355387340742,0.005978542108886799,0.023048753574684056,0.016233820714867776,NA,20,20,20,0.0011003389831079386,0.10189608688201472
ENSG00000106804.7,C5,-1.4023469552208792,NA,0.16081166515334078,0.009287841985494918,0.08631871651529126,1.8891567354108609e-06,NA,36,37,37,0.02632249202518634,0.03402895124354408
ENSG00000100246.12,DNAL4,-1.401750128391037,NA,0.16098987568418688,0.010750081022433723,0.032117352009467005,0.004441221812164688,NA,64,70,70,2.8125598431773186e-08,0.2114255542793653
ENSG00000171051.8,FPR1,1.4017247108268491,NA,0.16099746859625186,0.0012616501748820353,0.031178836780775314,0.0046622201790461745,NA,3,3,3,0.12815545914388143,0.050653297416584336
ENSG00000115525.17,ST3GAL5,-1.4016910955870265,NA,0.16100751079063802,0.00421171021057036,0.03049255916504069,0.005385873774522223,NA,16,16,16,0.011739498882174714,0.0986928771321334
ENSG00000108961.13,RANGRF,1.4012974253259651,NA,0.16112515080438894,0.004422572069710938,0.017058984862858936,0.03283256995933548,NA,18,18,18,0.016384851010967965,0.12853289965386205
ENSG00000153790.11,C7orf31,-1.40012762341305,NA,0.1614751044212689,0.016788137992126577,0.02671125730740277,0.008765627611169238,NA,43,43,43,2.0409556536332768e-08,0.12240276359322184
ENSG00000172466.15,ZNF24,-1.3989748526764103,NA,0.16182052423416793,0.0019779122289306514,0.020947141589683152,0.020400872467838692,NA,24,24,24,0.0046782966740831645,0.03669218102652181
ENSG00000181240.13,SLC25A41,-1.3986714057107472,NA,0.16191154270211605,0.001652671855400311,0.5379697644297525,2.3629566617022158e-49,NA,5,10,10,3.7323315150659075e-06,0.16010826602909062
ENSG00000182150.15,ERCC6L2,-1.3985967607747516,NA,0.1619339382611822,0.003458187767269449,0.05282283799411603,0.0001870954717595636,NA,19,19,19,0.03319141068872055,0.022900782732204226
ENSG00000103510.19,KAT8,1.3979481606939395,NA,0.16212863478250128,0.03457728657631721,0.26837824355581896,5.1911140079190946e-20,NA,54,57,57,0.034821950034087154,0.1408325684011783
ENSG00000136932.13,TRMO,1.3970794420538561,NA,0.16238968311268287,0.034705933828797386,0.3207773973849345,1.9974058040493367e-24,NA,19,21,21,0.0001698026342392063,0.09223622573619716
ENSG00000164346.9,NSA2,1.3960948481563438,NA,0.16268593501927398,0.10924648710877755,0.5815305399976304,2.4912892822066743e-57,NA,42,42,42,0.0881214054583323,0.0753806354535876
ENSG00000261603.1,PRSS46,-1.39391631835318,NA,0.1633428759269806,0.00900598253445072,0.04362862055334348,0.0009009914525518953,NA,10,12,12,0.12956764069728813,0.15441178962942378
ENSG00000197372.9,ZNF675,-1.3935161341339477,NA,0.16346376957089614,0.01471538661831321,0.06549015326049329,4.173197178290896e-05,NA,47,53,53,0.049830514342961936,0.1349344393048688
ENSG00000158863.21,FAM160B2,-1.3932724190166808,NA,0.16353742772386992,0.009453654929415486,0.0922010614073166,9.315043416886456e-07,NA,18,20,20,0.005589950265416488,0.052702185243462735
ENSG00000130856.15,ZNF236,1.392824426900661,NA,0.16367288988327788,0.005944591091917249,0.02243155445233539,0.017806584939140536,NA,25,28,28,0.0002910655230748368,0.04180916771094968
ENSG00000092098.16,RNF31,-1.3908780920949846,NA,0.1642623971973194,0.0040869172799113205,0.024374732759220464,0.014218558689099724,NA,37,39,39,8.002507752113431e-05,0.0391846879719478
ENSG00000254731.1,CTD-2005H7.1,-1.3889774037962255,NA,0.16483962129623053,0.0017294027088011954,0.023481550525874438,0.016148264972316244,NA,14,14,14,0.0016438244083372693,0.04074461254899293
ENSG00000273442.1,AC006946.17,-1.3887681393661468,NA,0.1649032664720086,0.0037956928807827742,0.05631581088282496,8.681448798213545e-05,NA,4,4,4,0.01370011594289717,0.03412293712551215
ENSG00000235106.9,LINC00094,1.3881278864636737,NA,0.1650981063298521,0.0035126220164727008,0.08993529293523153,8.00855650652843e-07,NA,17,17,17,0.008726071935722616,0.031001291982467687
ENSG00000139567.12,ACVRL1,1.3879216228659457,NA,0.16516091274627775,0.004381338306662942,0.02769626410464337,0.007605196470381748,NA,27,30,30,0.00016989733267093913,0.10922209824306947
ENSG00000197345.12,MRPL21,-1.3875869417403284,NA,0.16526286003396629,0.1404314635491053,0.49268870049551,8.835526773205509e-43,NA,61,63,63,0.0019185199721205542,0.047951027324115575
ENSG00000131944.9,FAAP24,-1.3875222366477118,NA,0.16528257532813262,0.012255306443013848,0.06307208721647117,5.347180982446572e-05,NA,11,13,13,0.00018837114391425923,0.07245384907936803
ENSG00000137440.4,FGFBP1,-1.3870739149167146,NA,0.16541922517664354,0.0023390061072559565,0.036995126805003484,0.0022891369184806325,NA,5,5,5,0.017587550131865345,0.060437585226565636
ENSG00000164465.18,DCBLD1,1.3860810735093592,NA,0.16572214890498915,0.0031716988656343807,0.047569895927145285,0.00047875815525575457,NA,10,10,10,0.02538902280966857,0.037856830308040115
ENSG00000146477.5,SLC22A3,1.3858856464792886,NA,0.16578182435861233,0.007164557428498604,0.0433243488325874,0.0006256145174406512,NA,21,22,22,0.0507278968912082,0.024608143533153545
ENSG00000188573.7,FBLL1,1.3842860183578258,NA,0.16627089347452573,0.0982690631417254,0.3459573993527548,2.1223267998123397e-26,NA,28,30,30,0.013825970421865563,0.17671029277244213
ENSG00000150433.9,TMEM218,1.3841849952909273,NA,0.166301816576908,0.007799921218577718,0.06352528299225188,3.3921749807567105e-05,NA,4,4,4,0.20817510676023354,0.11927449031567836
ENSG00000176842.14,IRX5,1.3841233165330187,NA,0.16632069853513942,0.013441138003454131,0.021190641325865504,0.0204705740602264,NA,45,47,47,2.056815948372752e-06,0.11581048658733915
ENSG00000182551.13,ADI1,1.3831886931452837,NA,0.16660701575744752,0.002236027583526424,0.015587229816916359,0.04783627389145165,NA,23,26,26,0.01453499938327713,0.05389401630442649
ENSG00000114544.16,SLC41A3,-1.382937864893941,NA,0.16668391877226907,0.06941036714579954,0.4506804882307219,3.368631382234417e-37,NA,49,53,53,1.8585320001581967e-05,0.04932915443584682
ENSG00000255198.4,SNHG9,-1.3827127819382656,NA,0.16675295108793087,0.04532766141247727,0.3402472734054222,3.3364507046869063e-26,NA,4,7,7,0.13142523988473873,0.2957110787614631
ENSG00000149527.17,PLCH2,-1.3822506743078404,NA,0.1668947455588745,0.03506970525338508,0.30022144874746665,2.97711682388333e-22,NA,18,23,23,0.0008713132572883296,0.2592529121124103
ENSG00000152944.8,MED21,1.3815355833675893,NA,0.16711434476197062,0.009900628708069594,0.05596669304213755,0.00014725944662795568,NA,61,63,63,1.075071239556457e-06,0.0833622203419317
ENSG00000114784.3,EIF1B,1.380506744003345,NA,0.16743067463627948,0.0009017197394313062,0.02236702453676294,0.018156344876895474,NA,7,8,8,0.00025682540599247165,0.0378066382654842
ENSG00000198133.8,TMEM229B,1.3787208792661687,NA,0.16798082941598125,0.046353378713255566,0.08262140283406491,3.3832468846554518e-06,NA,48,50,50,0.008925529794773951,0.15550609079645347
ENSG00000071894.16,CPSF1,1.3781079032171286,NA,0.16816997583291549,0.21239364029887978,0.5558737244457757,2.798793243326491e-53,NA,36,49,49,0.002315230550022669,0.13362052186164655
ENSG00000261824.6,LINC00662,1.3776488904797857,NA,0.16831171835356962,0.01080809349177043,0.0595170351533152,9.744561266631974e-05,NA,40,40,40,0.01486036347729889,0.18228987239979647
ENSG00000146373.16,RNF217,1.3763557381367784,NA,0.16871152426829727,0.005930145677973116,0.057702598953244685,0.00012258788208485564,NA,61,67,67,0.012019659002386178,0.17908922665633553
ENSG00000180549.7,FUT7,-1.3753453839799246,NA,0.16902439262012603,0.01140795688483067,0.02511641225349449,0.0114717264808778,NA,16,18,18,0.0013079819833636541,0.08585213748048298
ENSG00000129003.15,VPS13C,-1.3747006211222796,NA,0.16922427860345557,0.00824943994105223,0.08786686273849427,9.298831151176106e-07,NA,22,23,23,0.029921423330303128,0.028826420048018362
ENSG00000179841.8,AKAP5,-1.3744758506616528,NA,0.16929400241905168,0.004500485022918423,0.038545799987460334,0.0017296650977708015,NA,12,13,13,0.0164401854675541,0.11665862702862805
ENSG00000083097.14,DOPEY1,-1.3744290923242715,NA,0.1693085095661131,0.028761651286909086,0.21610325804944755,8.277731413943112e-16,NA,50,51,51,0.10607355467251775,0.07791909741944554
ENSG00000179299.16,NSUN7,-1.3742922495664471,NA,0.1693509714801852,0.01650254648457282,0.1654615840191177,1.457996418348183e-11,NA,18,18,18,0.0005926994209641583,0.08972619686538676
ENSG00000278175.3,GLIDR,-1.3730685971104484,NA,0.1697310223955466,0.005904593243258169,0.02564154860551549,0.008498574653923079,NA,3,12,12,0.23755030576763048,0.09835526671251976
ENSG00000120907.17,ADRA1A,1.3730231675172717,NA,0.16974514455102574,0.023213556110963405,0.17681799913001928,2.0844547925314933e-12,NA,22,23,23,3.862797126403382e-17,0.1446115301855733
ENSG00000101460.12,MAP1LC3A,-1.372808599967806,NA,0.16981185651066955,0.014854278759734958,0.15836687624838858,2.191575036908872e-11,NA,26,27,27,1.495928867142881e-08,0.10902655740906417
ENSG00000087191.12,PSMC5,1.3710321405278587,NA,0.1703649370302568,0.003978380039208031,0.1229960529461202,5.257711535014098e-09,NA,15,15,15,0.0019753058878696707,0.02856025469419993
ENSG00000167916.4,KRT24,-1.3706340110969004,NA,0.17048907506726318,0.0029788048468352047,0.03852829507106143,0.0019068483410480356,NA,3,3,3,0.15561234409585906,0.025775235689139482
ENSG00000075213.10,SEMA3A,1.3705744708375887,NA,0.17050764573561483,0.002371634687616521,0.0363978375120534,0.0024346182097159967,NA,26,26,26,0.006655472085489847,0.022836368910916484
ENSG00000277149.4,TYW1B,1.3676394051865521,NA,0.17142497562650505,0.1973734355737609,0.4487558756850986,5.983450960267128e-37,NA,13,15,15,0.052112510207847,0.09615059316757693
ENSG00000100504.16,PYGL,-1.3673599205196065,NA,0.1715125184791907,0.0033719741899351716,0.07800914394386439,5.118993282320516e-06,NA,25,27,27,0.10165715661809882,0.09301801582723476
ENSG00000160949.16,TONSL,-1.366449357358984,NA,0.17179796588585883,0.00045167890049842085,0.03994947431139178,0.0015782463744370102,NA,4,5,5,0.029481649162022755,0.019778740622502337
ENSG00000164924.17,YWHAZ,-1.3606767777260222,NA,0.17361585641372335,0.007276061071236094,0.1461573373377529,2.2876389847079003e-10,NA,34,35,35,0.035025418149733374,0.017710585186391528
ENSG00000140320.11,BAHD1,1.360074145622463,NA,0.1738064617260089,0.010252700311917202,0.07334570337861075,1.0859642566754156e-05,NA,18,19,19,0.0022789419218544266,0.0628910555214516
ENSG00000135547.8,HEY2,-1.359823342216069,NA,0.17388583389158652,0.03365285420170773,0.07418331566920502,8.952820013475721e-06,NA,68,70,70,1.421938043420864e-08,0.2974851195502927
ENSG00000264247.1,LINC00909,-1.3587448887420208,NA,0.174227442397061,0.02625917690881683,0.21866287126428086,1.4263441045841595e-15,NA,4,4,4,0.05972015866089647,0.10457548612834984
ENSG00000121417.13,ZNF211,-1.3584328995733586,NA,0.17432636079336783,0.016848439820626834,0.15784579776315352,2.2197062277335838e-11,NA,58,59,59,0.0036988009201287812,0.08292078741524987
ENSG00000117748.9,RPA2,-1.3580752772629525,NA,0.1744397990844473,0.09923122928932732,0.4409840781670117,2.4903055906043723e-36,NA,65,70,70,3.1584798896562925e-15,0.8868082394404221
ENSG00000197548.12,ATG7,-1.3571749346358768,NA,0.17472563304916933,0.005298493222822254,0.07072914143620726,1.3234232371631782e-05,NA,7,8,8,0.005479123371934158,0.0738993249081825
ENSG00000114790.12,ARHGEF26,-1.3569382974100765,NA,0.17480081683512183,0.013304451112270866,0.19593539486317352,6.123896480604121e-14,NA,51,53,53,0.00021981587812948882,0.031611175996104295
ENSG00000169919.16,GUSB,1.3568925591075396,NA,0.17481535147829885,0.003508653259775077,0.021946697361525096,0.018969665126437524,NA,11,11,11,0.0005509186134143571,0.03650193228430649
ENSG00000006715.15,VPS41,-1.3557374178261503,NA,0.17518272953940883,0.008680680389056205,0.14552952678654185,2.463075984708393e-10,NA,41,41,41,0.003735001696125428,0.057327035293393225
ENSG00000167378.8,IRGQ,-1.3543497975066152,NA,0.17562480592434393,0.004485918902825582,0.021117082818778086,0.021654219096692875,NA,25,31,31,0.00013030787524526694,0.035577097591899684
ENSG00000225331.1,LINC01678,-1.3531145427714444,NA,0.17601904037988558,0.07054049704448258,0.2268108852315731,1.1248264397736642e-16,NA,28,31,31,1.0800992854417235e-06,0.3156892197264123
ENSG00000106178.6,CCL24,1.3528777785060435,NA,0.17609467955431946,0.022978858679484584,0.11903074259275097,6.019357674528268e-09,NA,19,20,20,0.0014858427657022907,0.06663022604465509
ENSG00000268555.1,RP11-678G14.3,-1.3512328329348102,NA,0.1766208601760454,0.08646422033546113,0.3607746034445039,1.9871189324306327e-28,NA,23,25,25,0.09321292598092856,0.06389529229454463
ENSG00000126456.15,IRF3,-1.3510441805536053,NA,0.1766812805934942,0.010614566013922053,0.12055240817675078,1.2157467450163747e-08,NA,37,46,46,0.00560782934098614,0.11059002166127134
ENSG00000105501.12,SIGLEC5,-1.350696725326269,NA,0.17679260171104572,0.010918330050698196,0.02164441062779817,0.01912124970814385,NA,21,21,21,0.24749040103566755,0.10757009530474494
ENSG00000136243.16,NUPL2,-1.35007692315175,NA,0.17699130977390065,0.007759418965714038,0.08726485405275439,1.7486638743052884e-06,NA,11,11,11,0.039885930293532386,0.03779515803104002
ENSG00000173917.10,HOXB2,-1.349533925107407,NA,0.17716553119657075,0.0025543293414816773,0.08532647896886922,2.360798530811449e-06,NA,11,12,12,0.03384056290305481,0.02689464716503736
ENSG00000128585.17,MKLN1,1.3489369943043659,NA,0.1773572043691688,0.0007505416223438671,0.02184997086968257,0.019789163945916968,NA,6,7,7,0.25518350155062186,0.033310266774972265
ENSG00000086015.20,MAST2,-1.3463377829567142,NA,0.17819360603702705,0.005191108454286356,0.08109956986563477,3.71966827499488e-06,NA,26,26,26,0.000161231074015791,0.05188099790412134
ENSG00000123411.14,IKZF4,1.3450885853598753,NA,0.17859662894934658,0.010702703600680399,0.060735383938136,3.057582705267605e-05,NA,20,20,20,0.000675633746379181,0.09744014419865524
ENSG00000113360.16,DROSHA,1.344069039038246,NA,0.17892606281278522,0.00386687454415685,0.03608865229403831,0.0022714426472204515,NA,12,12,12,0.0010595060292634424,0.031789290287393974
ENSG00000124151.18,NCOA3,1.3415689621776967,NA,0.1797357954996084,0.01457095451081417,0.11059703450205477,6.088642017676383e-08,NA,52,53,53,0.010233265966677037,0.16603369962719666
ENSG00000116704.7,SLC35D1,-1.3391533422796233,NA,0.18052075808250567,0.02726829873238604,0.19701132690750567,1.1286234662812535e-13,NA,31,33,33,4.169025869530828e-05,0.14820215878568976
ENSG00000167080.8,B4GALNT2,1.3384353770658615,NA,0.1807545530712118,0.0018712425096339472,0.02039100606821689,0.024015384607815642,NA,8,8,8,0.002893259573124228,0.016796497393981494
ENSG00000115446.11,UNC50,1.3380330736281256,NA,0.1808856556231111,0.007582054247542036,0.16572499636388313,1.3087484905395367e-11,NA,11,12,12,0.08136751529055058,0.03566074071554888
ENSG00000139144.9,PIK3C2G,-1.3376505405584664,NA,0.1810103808843072,0.00602779432322131,0.06088829173867698,8.07041743157453e-05,NA,17,17,17,0.0008685418814693387,0.04352035487055506
ENSG00000095002.13,MSH2,1.336531071808126,NA,0.1813757515271549,0.03656020761327848,0.2495007671118508,8.6128866205553e-18,NA,109,112,112,1.9010143032842877e-08,0.18850577242646824
ENSG00000153130.17,SCOC,-1.3343987212272588,NA,0.18207321891734984,0.004370134626676836,0.037676455087608585,0.0020891941088618505,NA,45,46,46,0.0011504116954198851,0.04240011192421818
ENSG00000143740.14,SNAP47,1.333565759077551,NA,0.18234621093734693,0.002092956811836331,0.017666357295385668,0.033866913514356785,NA,16,16,16,0.0007660439652596087,0.01377678182709105
ENSG00000205268.10,PDE7A,1.3334018990290848,NA,0.18239994955003203,0.007082900632643492,0.052590123245544414,0.0002310919984938286,NA,32,34,34,0.018645599745610118,0.08720382221252837
ENSG00000158517.13,NCF1,1.3319018565254892,NA,0.18289244091571655,0.0019111001557870631,0.01838602825317313,0.0321547538949871,NA,6,10,10,0.19413491935755645,0.2696582639394559
ENSG00000034239.10,EFCAB1,-1.3308534274830432,NA,0.1832372440547504,0.03148773971861445,0.18881652232726587,1.1647551686623998e-13,NA,2,2,2,0.0004604795119267827,0.251474833837916
ENSG00000099889.13,ARVCF,1.3287113490478,NA,0.18394321922148382,0.042955978466395636,0.1042809486177123,5.683677774415815e-08,NA,99,108,108,9.791695073906915e-08,0.12037311276463053
ENSG00000174177.12,CTU2,-1.3283063790770533,NA,0.18407691322993014,0.009022166026543075,0.04858886415432873,0.0004361598013498796,NA,19,21,21,1.8083108333743135e-07,0.10561043866348296
ENSG00000118523.5,CTGF,-1.3274742029302922,NA,0.18435186796659653,0.0025185457117220993,0.040929080790761393,0.001242987909856495,NA,10,10,10,0.1555229956667812,0.10661533810872817
ENSG00000164933.11,SLC25A32,-1.326787780026841,NA,0.1845788938973033,0.0006624136814425482,0.017365001414976537,0.035972561279052934,NA,16,17,17,0.05966150673799863,0.01877317603368497
ENSG00000226383.6,LINC01876,1.3265440596962634,NA,0.18465955115572397,0.023576126163116655,0.04558627850392311,0.0006471974968686502,NA,79,81,81,1.0920461984379342e-14,0.08607366426260235
ENSG00000249395.2,CASC9,1.3262455118568464,NA,0.18475838867400451,0.02279815727908731,0.052567948630078916,0.0002073105399644211,NA,33,33,33,0.015053014265299756,0.1613527891404163
ENSG00000078237.6,TIGAR,-1.3247403701776335,NA,0.18525727849024176,0.009434476149273887,0.05970821962879307,8.441446468618047e-05,NA,31,34,34,0.0006735540001527409,0.08142687245753434
ENSG00000149927.17,DOC2A,-1.3246592169018507,NA,0.18528420559890646,0.0023301764641363047,0.04843989015161294,0.0004745975600520491,NA,8,9,9,0.14911980749917284,0.02551673424405669
ENSG00000011376.9,LARS2,-1.3234271946869218,NA,0.1856933530736955,0.011842908997855476,0.19796768145576135,8.365745978433064e-14,NA,26,27,27,0.1754709957986178,0.0187914122118857
ENSG00000106537.7,TSPAN13,-1.3222105292850468,NA,0.18609805586178996,0.001139063746451527,0.03016189832144503,0.00540589104373168,NA,16,20,20,0.007040194280803768,0.048569216498321854
ENSG00000164889.13,SLC4A2,-1.3215872250980683,NA,0.1863056396381999,0.0006382789544734653,0.04561540650429678,0.0007161518414315383,NA,4,6,6,0.22316914279380184,0.030526662039000244
ENSG00000267108.1,RP11-861E21.1,1.3213702122210813,NA,0.18637795324709616,0.035859357033528855,0.16855154126330282,5.602174423000693e-12,NA,20,23,23,5.0790455296577675e-05,0.08811861590131201
ENSG00000177946.5,CENPBD1,-1.3207570902409718,NA,0.1865823714640964,0.005229539619287495,0.02552443394115348,0.00986111046358503,NA,5,6,6,0.0005702637009202341,0.08467322829503643
ENSG00000198818.9,SFT2D1,-1.3203708661927247,NA,0.1867112256829141,0.0031559238744395517,0.02192511083607909,0.01691936913271189,NA,13,15,15,3.520731149583438e-07,0.06057157219785656
ENSG00000256806.5,C17orf100,-1.3195549539586768,NA,0.18698365097494307,0.005000105707402771,0.021875106190920767,0.019921221384339983,NA,8,8,8,3.055183077393057e-06,0.04861638698868501
ENSG00000105953.14,OGDH,-1.3172739222710237,NA,0.18774682310807167,0.0030392195923113533,0.015456558273176397,0.04952947882167688,NA,30,31,31,0.028111566919249913,0.07610634794564568
ENSG00000251417.2,RP11-1348G14.4,-1.3165560764798026,NA,0.1879874700470482,0.0016670935992669908,0.08443837561978779,2.133332166521401e-06,NA,6,9,9,0.02215166701204522,0.05089127261325721
ENSG00000101425.12,BPI,1.3157543007572179,NA,0.1882565222295578,0.044505863608614867,0.18794414886747285,3.0763459990519235e-13,NA,37,39,39,0.010427917683253367,0.15856279609751195
ENSG00000139182.13,CLSTN3,-1.3148973939852857,NA,0.1885443887079047,0.027952232344551534,0.2046729874499826,1.2317862767418621e-14,NA,72,81,81,0.0005694694043966518,0.22313119210051066
ENSG00000170464.9,DNAJC18,-1.31485916041431,NA,0.18855724033154264,0.01639105044691722,0.15823262026268442,1.7229373705266965e-11,NA,37,41,41,2.0980209016792217e-06,0.2190219718572835
ENSG00000122574.10,WIPF3,-1.314098454278258,NA,0.18881307426222804,0.0067515275058783525,0.059792436995659365,7.064455919939749e-05,NA,26,28,28,0.00047366320753938594,0.06844110277309634
ENSG00000124126.13,PREX1,-1.3124532338051942,NA,0.1893672554506629,0.011124246873941226,0.036956193532903116,0.0022089207310113713,NA,68,72,72,0.00010708989779351198,0.114995627443592
ENSG00000125945.14,ZNF436,-1.3104756693583315,NA,0.19003496985918567,0.13495826832307678,0.4737268361538353,9.516014746329426e-40,NA,7,7,7,0.08999644740427912,0.24175575189994844
ENSG00000176383.8,B3GNT4,-1.3090755063551982,NA,0.19050877521715492,0.005533235986164687,0.015849446616540242,0.04398161184257733,NA,12,16,16,0.017422520317264538,0.05486182867007082
ENSG00000162804.13,SNED1,1.3076484905232024,NA,0.19099256179775081,0.0012876751670212556,0.0174000707573153,0.036535724987238935,NA,4,4,4,0.1877624243039555,0.048164773747646765
ENSG00000176920.11,FUT2,1.3073839986667364,NA,0.19108232900622835,0.011059163743732985,0.26576596071340697,4.001685673698645e-19,NA,13,14,14,0.04797083700370853,0.031506675081057166
ENSG00000154380.17,ENAH,-1.3069135288347518,NA,0.19124208083589722,0.002065920317867874,0.06535318818144414,4.229600778860631e-05,NA,16,17,17,0.015928212036549535,0.019360223867764943
ENSG00000226913.1,BSN-AS2,-1.3053441221292132,NA,0.1917756962588616,0.012517073790686561,0.0157047751545107,0.045325721215106266,NA,20,20,20,0.00844773023261911,0.06365606820622384
ENSG00000172273.12,HINFP,-1.3050824491125148,NA,0.19186477435639582,0.010928619995795133,0.1260052934872797,4.885864678518479e-09,NA,21,21,21,4.65457425744472e-05,0.057035842587929986
ENSG00000272922.1,RP11-329B9.5,-1.3048699752181514,NA,0.19193712658981732,0.00319294312746299,0.048121515141522575,0.0004617266729766667,NA,3,3,3,0.0029083872823478193,0.0956480775776916
ENSG00000133739.15,LRRCC1,-1.304158055374792,NA,0.19217969786358668,0.048053551121574924,0.188538693894659,3.3528798189651104e-13,NA,35,36,36,3.9862358734700206e-10,0.21662859055671552
ENSG00000186184.16,POLR1D,-1.3034297839234175,NA,0.1924280737381061,0.018499851159298825,0.18186636428580372,1.2033329911278841e-12,NA,98,109,109,0.0014438179556210372,0.15164502088424514
ENSG00000092295.11,TGM1,1.302723328655698,NA,0.19266923462491659,0.030621168800505222,0.08808022021474568,1.7133171034553997e-06,NA,29,30,30,0.0018341200315370276,0.203743015635133
ENSG00000167914.11,GSDMA,-1.3002179143706947,NA,0.19352629239206853,0.07028722047203458,0.19320383440232,4.7674578850894096e-14,NA,11,12,12,1.9570338365241303e-05,0.19334507296706166
ENSG00000214253.8,FIS1,1.2996885775676028,NA,0.1937077268259546,0.016959279273784995,0.1871526442415892,1.8649543672385715e-13,NA,39,41,41,0.08356628948648702,0.06209264610022437
ENSG00000205420.10,KRT6A,1.299060777253049,NA,0.1939230722856624,0.01836223032409537,0.025942708334210505,0.007894178986924898,NA,15,16,16,0.00597500726419754,0.18976431857850234
ENSG00000116198.12,CEP104,-1.2983751771666239,NA,0.19415844469066823,0.022984550989956044,0.2728603042859159,6.792282631150105e-20,NA,40,43,43,0.08073505340467312,0.027668848640268983
ENSG00000147684.7,NDUFB9,1.2983296053732896,NA,0.19417409730791713,0.00038843808078489566,0.039579133434074,0.0016104916263367465,NA,9,12,12,0.02424808571854411,0.012245973749810865
ENSG00000188038.7,NRN1L,-1.2974828816270465,NA,0.19446509136519619,0.012072835728969292,0.021301110214728938,0.02106578112218905,NA,28,29,29,0.0001305889300902977,0.18624005642049105
ENSG00000196581.10,AJAP1,1.2973244025578399,NA,0.1945195914943756,0.008901723190734644,0.01561947032732475,0.04970222992764987,NA,53,60,60,2.9833365541451702e-05,0.05739062905756926
ENSG00000153989.7,NUS1,1.296648476654542,NA,0.19475216473936074,0.003582526614508097,0.11118251630258556,3.0366297676933e-08,NA,14,14,14,0.05934769170418934,0.045228428187693855
ENSG00000153446.15,C16orf89,1.29621052961972,NA,0.194902962846368,0.010418969994206339,0.15643332266538434,4.3263045661197175e-11,NA,43,47,47,0.0005325542860359004,0.06965471456583787
ENSG00000270020.1,RP11-463O9.9,-1.295633952317597,NA,0.19510162603052783,0.04021907296168639,0.2287111555910705,9.810184985585515e-17,NA,45,58,58,8.877678271137003e-06,0.28154961452426597
ENSG00000054983.16,GALC,1.295165347803032,NA,0.19526319590155694,0.014331041096480058,0.13343176681835295,1.1737262380099015e-09,NA,54,55,55,0.031139846457205335,0.06905329155634103
ENSG00000229859.9,PGA3,1.2937509171898602,NA,0.19575147155542372,0.016914743069130038,0.4510568269440665,1.545270370649033e-37,NA,15,17,17,1.1026839886648233e-11,0.16597593108191214
ENSG00000151552.11,QDPR,-1.2933334006307657,NA,0.19589577339295627,0.019206545397235632,0.1893052273037769,1.4915760643987274e-13,NA,14,14,14,5.635703209185984e-05,0.08617299403105735
ENSG00000116774.11,OLFML3,1.2926601037300445,NA,0.19612864208747882,0.0036274195339994174,0.07999023251581107,2.027391538565342e-06,NA,12,13,13,0.044527469223261056,0.037608832114662066
ENSG00000258711.2,RP11-218E20.3,-1.2918632157402195,NA,0.1964045184202523,0.018497954647856068,0.037696122402863325,0.0019500725680198679,NA,40,40,40,0.0006405242983641148,0.08212643013733846
ENSG00000113384.13,GOLPH3,-1.2897325339664525,NA,0.1971435395298099,0.0020986318805803115,0.05255818147643357,0.00019909115136052295,NA,16,18,18,2.518235644933321e-05,0.06282446503193408
ENSG00000188000.3,OR7D2,1.2880936538974241,NA,0.19771336415724206,0.08825084753367002,0.2000043836089094,4.337013379026571e-14,NA,15,15,15,0.0005243101998932602,0.5895512530042027
ENSG00000272966.1,RP11-686O6.1,1.2878335812011288,NA,0.19780389989835934,0.019611126702489892,0.04425060951957479,0.0008554549163745859,NA,27,28,28,3.8001847877220465e-07,0.18241316101025404
ENSG00000120451.10,SNX19,-1.2874035918130868,NA,0.19795365306301183,0.06242915271860183,0.4062444099467309,3.7495956761635847e-33,NA,37,40,40,1.8546886574743163e-13,0.06610176187442375
ENSG00000248489.1,LINC02062,-1.2865128893923252,NA,0.19826412338044475,0.017785607748698903,0.0357573150381483,0.00184036184553238,NA,30,30,30,0.05641625915158578,0.06183141435041961
ENSG00000038002.8,AGA,1.2864172081670966,NA,0.1982974959596976,0.09719172656612099,0.3600500639474981,3.22910473074366e-28,NA,43,46,46,0.04567241062727746,0.18303194648777849
ENSG00000272994.1,RP11-332H14.2,-1.284127387835613,NA,0.19909738657334575,0.009308856071611471,0.06728728883821303,3.45488920797139e-05,NA,44,45,45,1.0954597751668263e-06,0.06268116377608637
ENSG00000077044.10,DGKD,-1.2837103897792685,NA,0.19924330771589682,0.001845082529156255,0.016532070388979976,0.0405704732966554,NA,12,14,14,0.0059160182496351575,0.03840027437994172
ENSG00000075420.12,FNDC3B,1.2830271010330292,NA,0.1994825815208282,0.0038266440769800453,0.04464660871102651,0.0007931545100781872,NA,16,18,18,0.02502204858075155,0.036287584365190965
ENSG00000237940.3,LINC01238,1.2824917800068183,NA,0.1996701866505015,0.0029092199326791837,0.07598504011791803,9.457624438488414e-06,NA,4,8,8,0.012747033191096007,0.06122228903494858
ENSG00000102763.17,VWA8,1.2794074198910126,NA,0.20075362233425253,0.01443966589693376,0.04116443217868434,0.001119269928526631,NA,77,81,81,3.3084794962066543e-10,0.15096795554376674
ENSG00000126062.3,TMEM115,1.278983849794603,NA,0.20090274316669887,0.0059456078271771535,0.034287291736552934,0.0031650992081025085,NA,11,11,11,0.007485387078034463,0.0529754560818393
ENSG00000186976.14,EFCAB6,-1.278774094754809,NA,0.20097661881921103,0.0038669602281013685,0.025174529418172917,0.011375535662972187,NA,8,8,8,0.1896136960124315,0.05602739636467846
ENSG00000213988.10,ZNF90,-1.2771873517247707,NA,0.20153611132594595,0.03356237856607439,0.1837039525318122,9.119799835116716e-13,NA,54,60,60,0.0961889656045053,0.13858837979888425
ENSG00000180422.3,LINC00304,-1.2768642923976619,NA,0.20165016249016032,0.03656560831822062,0.08870551206016779,1.4474777989617109e-06,NA,36,44,44,5.1893241459635963e-14,0.18625868790165773
ENSG00000106089.11,STX1A,-1.276633592514553,NA,0.20173163636186153,0.0047788133268619115,0.036395268480481864,0.002464290656228229,NA,32,38,38,0.00038198790815860867,0.0924930959084954
ENSG00000171574.17,ZNF584,1.2756492203403174,NA,0.20207954651977367,0.03286732557981035,0.2560890997585976,1.475517203747555e-18,NA,31,33,33,0.011230021296569857,0.049088870790670966
ENSG00000144659.10,SLC25A38,-1.2751876583873942,NA,0.20224282853207098,0.003372330115094518,0.04783764593622683,0.00048645476973717237,NA,23,28,28,0.034073387779703104,0.09185883735716564
ENSG00000138448.11,ITGAV,1.2745719445323391,NA,0.20246079293011843,0.0007223180885626454,0.0274310376393486,0.008760942519491003,NA,9,9,9,0.04933740498629036,0.07330198543369279
ENSG00000153037.13,SRP19,1.2733333979065484,NA,0.20289976021049438,0.003930126461271832,0.0350734848045306,0.0026004108874539728,NA,28,30,30,2.1002059356679425e-06,0.06329593255257929
ENSG00000135074.15,ADAM19,-1.2731183433746067,NA,0.20297605069528257,0.0038323141793888656,0.07667330753675941,6.483129936197772e-06,NA,29,30,30,6.255104372437592e-05,0.0169572190868791
ENSG00000226266.6,AC009961.3,1.272576734116297,NA,0.2031682788634439,0.07817241463706572,0.1322088920199825,2.4444649390593564e-09,NA,58,59,59,1.137007171944976e-05,0.4842972141151977
ENSG00000143494.15,VASH2,-1.2704906659040134,NA,0.2039099056393041,0.05389627469338813,0.06664115881392876,3.378387685463416e-05,NA,102,120,120,5.831354695041077e-07,0.17617879242998685
ENSG00000168447.10,SCNN1B,1.2687102320675385,NA,0.20454443173868653,0.0004594288616337898,0.02949340506919217,0.006649788286193255,NA,9,11,11,0.012536311509500988,0.06749082007706088
ENSG00000257354.2,RP11-631N16.2,1.2677736342212238,NA,0.20487880030160366,0.004034360543742095,0.06466897958931883,4.009245207559756e-05,NA,11,12,12,0.031193810051018935,0.025987002587238888
ENSG00000111802.13,TDP2,1.2674943489866481,NA,0.20497858294823268,0.0032386369122343202,0.07030217683055158,1.933717421020347e-05,NA,13,16,16,0.04930468812762213,0.04578144678907144
ENSG00000130382.8,MLLT1,1.2672036020529451,NA,0.20508249814821966,0.0005937162713010094,0.016483918122304594,0.043650257365464434,NA,4,4,4,0.0530404107361926,0.02122813763688174
ENSG00000134815.18,DHX34,1.2666859337633412,NA,0.20526761158356965,0.0027049772851192883,0.1285541646607557,3.697938366784521e-09,NA,36,38,38,0.13464382549774243,0.02872741282125032
ENSG00000176623.11,RMDN1,1.266423716460589,NA,0.20536142441538519,0.01094296020913841,0.16045273854970973,1.5947470330853973e-11,NA,30,31,31,3.1915569600571523e-11,0.07993765224505436
ENSG00000197933.12,ZNF823,1.2652794841442698,NA,0.20577115825132364,0.0069558938154642876,0.02915776900560348,0.0069096836357346965,NA,34,35,35,1.6127072807228982e-14,0.07161255892205191
ENSG00000166557.12,TMED3,-1.2652107659800949,NA,0.20579578417256017,0.0011053739032788864,0.04098033496498951,0.0007943293661601487,NA,6,6,6,0.28724937163861586,0.14610221563595727
ENSG00000116157.5,GPX7,1.2651250488151369,NA,0.20582650487664234,0.090160823552269,0.4705021059418535,2.686092956761672e-39,NA,73,74,74,0.0002721541440366403,0.10103128008273313
ENSG00000057608.16,GDI2,-1.2650216576326054,NA,0.20586356431390396,0.010666724409151115,0.1650414066302531,8.855492948766829e-12,NA,41,45,45,0.008396045130463648,0.11635031489919626
ENSG00000145734.18,BDP1,1.2647207860270906,NA,0.20597143602487789,0.000508509148650292,0.01749193039136194,0.03649877639931957,NA,5,5,5,0.16630628055959573,0.016027407184634922
ENSG00000259005.1,RP3-449M8.6,1.2639107459257128,NA,0.20626206435651828,0.06568468991427415,0.1744852549837235,1.337648937450454e-12,NA,53,56,56,0.0010107463302412329,0.14477037408734206
ENSG00000133101.9,CCNA1,-1.263633268673818,NA,0.20636168682842815,0.024061890529338957,0.016858534292752126,0.0416545199297404,NA,78,84,84,4.1842707769258226e-10,0.33896839413363206
ENSG00000227888.4,FAM66A,-1.2617719613941991,NA,0.2070308541557888,0.015092480398637698,0.0503378636555566,0.00028096072728846656,NA,21,30,30,1.5344074004657727e-09,0.09427594290193753
ENSG00000149646.12,CNBD2,1.261017579833203,NA,0.20730251341752304,0.009391733819815612,0.031013283132957994,0.005334994520587388,NA,18,19,19,0.00041158077451827865,0.11454874823952152
ENSG00000205085.10,FAM71F2,-1.2602832487648348,NA,0.20756720065705958,0.016574021782618943,0.07663235173918344,8.472241482564317e-06,NA,52,53,53,0.0033201096012040483,0.04061716246788462
ENSG00000132740.8,IGHMBP2,1.258767946563788,NA,0.20811416111374748,0.06657088370007247,0.41221769716887197,3.22560275789753e-33,NA,42,43,43,0.007903557499035992,0.0574910977076441
ENSG00000149499.11,EML3,1.2582314573370041,NA,0.2083080614673286,0.010706659704545398,0.14919932716846554,2.0202496446973244e-10,NA,25,25,25,0.001184467673499305,0.0644965904212853
ENSG00000179023.8,KLHDC7A,-1.257346078477184,NA,0.2086283454402409,0.012158029814513941,0.11575959892913985,2.4895870860204103e-08,NA,40,43,43,0.014987386593865682,0.0579470202462521
ENSG00000078053.16,AMPH,-1.257250535925948,NA,0.20866292908383732,0.011987534663031534,0.11531826838201822,3.0985185916286214e-08,NA,21,22,22,4.402812722746514e-06,0.06807391602673156
ENSG00000136274.8,NACAD,1.2566447906539349,NA,0.20888228804862952,0.0014291065512935888,0.029529442016055882,0.006255426886223235,NA,6,6,6,0.07779392645197786,0.022858591174716718
ENSG00000121897.14,LIAS,1.2557958847981883,NA,0.20918998401953592,0.004889661152553818,0.04606753278048253,0.0006461293167988176,NA,23,25,25,1.3371030634316973e-07,0.05835995295672805
ENSG00000141527.16,CARD14,1.254823426227812,NA,0.20954286646220255,0.0026455229135339525,0.03630524849551304,0.002031138650134002,NA,13,14,14,0.002136664684497108,0.13421844992978005
ENSG00000139192.11,TAPBPL,-1.2543381359866554,NA,0.20971912807577797,0.1271759625363473,0.5530461129095287,5.726721758926615e-53,NA,16,16,16,0.0006830575405236441,0.14366411781408828
ENSG00000161243.8,FBXO27,-1.2541500129872118,NA,0.2097874848418806,0.04346875272101468,0.1734797793063856,2.021020769929992e-12,NA,45,46,46,0.001439493213915897,0.2472061565779323
ENSG00000163902.11,RPN1,1.2536919699452589,NA,0.2099539877680241,0.0031008831755178178,0.10046709456220856,2.2661225846856762e-07,NA,28,28,28,0.01889995347262149,0.029621652002875767
ENSG00000204954.9,C12orf73,-1.2536359978529403,NA,0.2099743407038931,0.002369035047540712,0.028953555297187964,0.006879688019017765,NA,13,13,13,0.11977747459022355,0.01848318984714601
ENSG00000258053.1,CTD-2021H9.3,1.2520408336112314,NA,0.21055498517430993,0.0035150821318295296,0.02180925865240625,0.01954877181560049,NA,12,12,12,0.018317159542936508,0.02651712624356508
ENSG00000072858.10,SIDT1,-1.251289964676868,NA,0.21082870543541798,0.038724980552928424,0.34480977110892125,4.9447009314513826e-27,NA,21,23,23,0.10264423907286165,0.1802520933644723
ENSG00000102924.11,CBLN1,1.2512074217910025,NA,0.21085881114943839,0.026776457855413695,0.027307538419945262,0.00886368210102648,NA,42,45,45,8.1179290034719e-09,0.09327676549066832
ENSG00000174233.11,ADCY6,1.2507901191711426,NA,0.21101106076100207,0.001192252795110479,0.07487698445261648,8.405961864885976e-06,NA,1,1,1,0.21101106076100207,0.10171355389079073
ENSG00000174080.10,CTSF,1.2501022009095653,NA,0.21126221591307603,0.0052916418924690845,0.10552766234327116,7.895437502614057e-08,NA,21,22,22,9.542677800929238e-17,0.05482907587113926
ENSG00000141664.9,ZCCHC2,-1.250026504611225,NA,0.21128986540809958,0.013535637312681644,0.10410756426865833,1.4330109745178792e-07,NA,45,48,48,0.008976052847553647,0.07889420595575806
ENSG00000146243.13,IRAK1BP1,1.248033430465938,NA,0.21201881481763185,0.0296782159527968,0.20595176273636728,1.1970405831713915e-14,NA,28,28,28,0.016860249656524107,0.04203718435091885
ENSG00000152760.9,TCTEX1D1,-1.2475958218510228,NA,0.21217910934495587,0.09560892354108952,0.2618353975820829,4.397832353730735e-19,NA,80,86,86,2.0410242236516104e-07,0.0749262011819528
ENSG00000236209.1,AC104135.2,-1.2471423456339825,NA,0.21234530847726263,0.1821102615971476,0.40949072536239545,2.023108857825572e-32,NA,36,39,39,0.07672960640716332,0.10665148260585187
ENSG00000150782.11,IL18,1.2470334479101464,NA,0.2123852335160178,0.006747834033203456,0.07551992998297076,5.670152063876347e-06,NA,10,12,12,0.04191464602852736,0.07453324367960329
ENSG00000118307.18,CASC1,-1.2462031011107226,NA,0.21268984085873133,0.021265382943704857,0.1250046247673129,6.5503742419798885e-09,NA,15,15,15,0.06106927036351186,0.3104862309352245
ENSG00000159110.19,IFNAR2,-1.2454599570135514,NA,0.2129627258765291,0.010574780159014883,0.051644111210002834,0.00031409964264506117,NA,39,43,43,0.021109327132290596,0.05343764209915534
ENSG00000141526.16,SLC16A3,-1.2442615421247607,NA,0.21340332021025055,0.006570389163846701,0.035664215921280724,0.0027664993618936604,NA,27,30,30,0.012980669881553147,0.040973052561984614
ENSG00000167720.12,SRR,-1.2434783411642125,NA,0.21369161737295694,0.18378344748852632,0.4372999521083312,3.0693397630402196e-35,NA,73,78,78,4.3485009955248094e-07,0.1573022521728084
ENSG00000215790.6,SLC35E2,-1.2430635200436233,NA,0.2138444272844483,0.04178814309605612,0.08383660461757983,3.4944085891282807e-06,NA,40,46,46,5.592328410251135e-05,0.19764968911834052
ENSG00000233942.1,AC004012.1,1.2408618130154692,NA,0.2146568017389754,0.03596544734775586,0.1776653518308967,1.3116821171467428e-12,NA,25,26,26,0.048211530620149504,0.042677473555115496
ENSG00000040275.16,SPDL1,1.240109902260574,NA,0.21493474686851544,0.01797722065703939,0.15008149991483302,1.4301268431812969e-10,NA,57,58,58,0.0016704157229788538,0.037154891822741856
ENSG00000095917.13,TPSD1,-1.2393895043710197,NA,0.21520128642955905,0.06720413407581251,0.4926991447005297,1.357286673180593e-42,NA,8,9,9,0.007139995459960481,0.2775109325008732
ENSG00000075399.13,VPS9D1,-1.238931390274178,NA,0.21537090761297328,0.0030035465690620234,0.055489938808801716,0.00017598378940022146,NA,12,13,13,3.2668998284583415e-09,0.024891317362391963
ENSG00000185689.15,C6orf201,1.237511534922565,NA,0.21589723465754584,0.041064165660807804,0.3594537284943326,2.850898460732509e-27,NA,53,54,54,0.03217486075625792,0.04783967445381608
ENSG00000168679.17,SLC16A4,1.2366186307944038,NA,0.21622869987227955,0.006448826600389703,0.02759565186440584,0.008240832204216621,NA,69,71,71,0.00013690919266159309,0.06961447686089046
ENSG00000124006.14,OBSL1,1.2366132101215115,NA,0.21623071326080767,0.002931448711379088,0.01711816899834961,0.03456622878069136,NA,35,37,37,0.00015628054507346354,0.028967460939153176
ENSG00000175470.18,PPP2R2D,1.2364885410252782,NA,0.21627702255182202,0.0037072004134888325,0.058610793547684996,9.676260714573154e-05,NA,2,3,3,0.001002933060122942,0.08491945441944139
ENSG00000107020.9,PLGRKT,-1.235849752403849,NA,0.2165144174948478,0.017636243408567363,0.1934987208890777,1.6786071106701565e-13,NA,13,13,13,0.036708497004983506,0.0763215628763566
ENSG00000141560.14,FN3KRP,-1.2357977809189173,NA,0.21653374006127435,0.1502850533452963,0.4555640030478098,1.813291293548238e-37,NA,43,47,47,0.02321865282158945,0.34380644606877137
ENSG00000172346.14,CSDC2,-1.235622228530104,NA,0.21659901815771143,0.05709021222791681,0.2681647855449477,2.0113246391948088e-20,NA,37,44,44,1.7955603117129484e-05,0.3845669379346087
ENSG00000251600.5,RP11-673E1.1,1.2351164087270334,NA,0.21678718338806713,0.07212039515185839,0.18081454236984296,1.1112369892305088e-12,NA,104,113,113,0.06820043961857572,0.13537089815435385
ENSG00000272447.1,RP11-182L21.6,1.2346540549663367,NA,0.21695928209642057,0.01559120036169419,0.060679380012615476,7.976166541299192e-05,NA,41,43,43,0.0003803370537708024,0.08464683129258507
ENSG00000108448.20,TRIM16L,1.23439443822527,NA,0.21705596050178955,0.010930319215131235,0.0647514148931455,2.51667751871322e-05,NA,22,24,24,0.017687023506284556,0.0735455754339504
ENSG00000133265.10,HSPBP1,-1.2318347489508186,NA,0.21801081993753935,0.009223108146293825,0.03464110286976977,0.003017736742398797,NA,53,70,70,4.1522722671184816e-05,0.14122988534647868
ENSG00000168765.16,GSTM4,-1.2315987219394418,NA,0.21809901860403746,0.042592580945429045,0.18479897744667367,1.8524501302400316e-13,NA,38,41,41,2.963677955836098e-05,0.22342684531375406
ENSG00000127084.17,FGD3,-1.231570144519771,NA,0.21810969916571055,0.004625549206204711,0.01867237883347558,0.029326779878298542,NA,42,43,43,0.047891408420501116,0.08047430096263468
ENSG00000242252.1,BGLAP,1.231474475286833,NA,0.21814545744388025,0.01643221896109495,0.10160578365647747,2.2735830813928924e-07,NA,40,44,44,0.00013461407534846542,0.10899329485146472
ENSG00000244693.1,CTAGE8,1.2306634528542433,NA,0.21844876246771627,0.03359973175162843,0.12333134980318172,5.86303103742062e-09,NA,24,27,27,1.0808658161257935e-05,0.11553496772884235
ENSG00000249859.9,PVT1,-1.2302709817886355,NA,0.21859564698488032,7.118194023139312e-05,0.03049032891941493,0.005736324641848927,NA,1,1,1,0.21859564698488032,0.012459430600518951
ENSG00000236081.1,ELFN1-AS1,1.2301865378944177,NA,0.21862725986343667,0.024570158036487898,0.042099301431251165,0.0010290302383971607,NA,43,47,47,4.986148326815218e-08,0.16322989541841096
ENSG00000196236.12,XPNPEP3,1.2289897827748766,NA,0.21907563680318565,0.024926320450077984,0.15164631408484858,1.2765273804695251e-10,NA,43,46,46,6.455088142813291e-05,0.1355655499239096
ENSG00000136010.13,ALDH1L2,1.228953151622,NA,0.21908937145904706,0.003932913289544433,0.016700080510176813,0.04192349732015456,NA,54,55,55,5.676404630729234e-07,0.1337589277945973
ENSG00000178935.5,ZNF552,-1.2278320227810207,NA,0.21951003185608897,0.009586808228327668,0.046857611961713855,0.0005953319255080365,NA,47,50,50,0.015405110283086774,0.1156593628647192
ENSG00000260698.1,RP11-439E19.9,-1.2277694195254307,NA,0.21953353839478873,0.020623580684059385,0.04946795759894692,0.0003610476610841847,NA,48,53,53,0.0031731268134604198,0.1347829615476213
ENSG00000137106.17,GRHPR,1.2275389458225219,NA,0.21962009321917697,0.06916187879120184,0.4315083053187981,1.0892896462445435e-34,NA,12,13,13,0.10734979439727727,0.18415341446625136
ENSG00000130312.6,MRPL34,1.2260808308299755,NA,0.2201682587037821,0.0678581852753907,0.4600641223072828,4.844052107655244e-40,NA,32,35,35,0.004905724344133405,0.14278253374199346
ENSG00000152689.17,RASGRP3,-1.2229099114947366,NA,0.221363724571092,0.012618697033058675,0.1500321832296092,3.864853229174109e-11,NA,16,16,16,0.0017690946325499214,0.08171153120191804
ENSG00000010626.14,LRRC23,-1.222045532313145,NA,0.22169040888790115,0.024028180990429956,0.3813853951943456,1.2764828076744598e-30,NA,9,14,14,0.17312043965389656,0.04021603150880113
ENSG00000112304.10,ACOT13,1.220891621236083,NA,0.2221270572991938,0.012285954562654935,0.06477929743907113,2.7669554418287225e-05,NA,62,85,85,0.011600308780343273,0.18238535410175147
ENSG00000165646.11,SLC18A2,1.220719548000871,NA,0.2221922238089259,0.03060512479657355,0.10369998913370282,1.902173133250883e-07,NA,71,77,77,3.1611928163143116e-09,0.1475577166332404
ENSG00000139343.10,SNRPF,-1.2199505594938387,NA,0.22248361768026503,0.009486989156638596,0.13685129905818996,6.537533109464997e-10,NA,50,51,51,0.00038408916161382183,0.07879278585333183
ENSG00000178115.11,GOLGA8Q,-1.2173760026916336,NA,0.22346118911444612,0.018511926469047525,0.02560244108002304,0.011149181459372331,NA,15,90,90,3.1088677579961936e-11,0.1727025762948153
ENSG00000198520.10,C1orf228,1.2169852509584078,NA,0.22360982754498293,0.013544310090032406,0.04128611564386627,0.0011253553777097675,NA,34,35,35,2.2437480867642697e-05,0.05553721634571132
ENSG00000267505.1,CTC-296K1.3,1.2169614260216937,NA,0.22361889262242673,0.010979281524671794,0.12917636468617685,3.1362283815173833e-09,NA,14,17,17,0.2349264760613543,0.02808970007402922
ENSG00000176024.17,ZNF613,1.2168068434561714,NA,0.22367771565610461,0.011160476837743927,0.06720383090753207,3.2404977055624704e-05,NA,11,14,14,0.0014048006260523815,0.1338221462615982
ENSG00000259869.1,AL022344.7,1.2146003217683154,NA,0.22451856609056475,0.04845576130547399,0.09629222244872053,4.1012249248668666e-07,NA,44,44,44,0.008380726765739869,0.3229946153733969
ENSG00000160229.11,ZNF66,1.2138437856347815,NA,0.22480738253818688,0.004984343113173993,0.03424364557681061,0.003267029213170609,NA,71,75,75,0.017982061207733577,0.04229228941735466
ENSG00000125257.13,ABCC4,-1.2135627053688163,NA,0.22491475579411835,0.005439331386943665,0.07370952896686099,1.2161013087012034e-05,NA,19,20,20,0.00041606967296085385,0.037658858123403686
ENSG00000185808.13,PIGP,-1.213161174445584,NA,0.22506820499933144,0.05718086897341266,0.3833213466536625,2.8034639502005188e-30,NA,34,34,34,0.01818480383111571,0.04409245481877367
ENSG00000119771.14,KLHL29,-1.2123059139399834,NA,0.22539530091387616,0.008985648651959508,0.05325077179136748,0.00021730494007735288,NA,48,48,48,2.60396289377288e-16,0.10480774894924336
ENSG00000075975.15,MKRN2,1.2121883321723987,NA,0.22544029680106759,0.012018728322849307,0.09680113728231853,5.002758991665539e-07,NA,36,39,39,0.030545352612018198,0.17195887160291476
ENSG00000078579.8,FGF20,-1.2121299942765433,NA,0.22546262377689563,0.011484923630215825,0.13140243318655642,2.2160844053642764e-09,NA,10,11,11,5.6251547911908024e-05,0.054210471893874464
ENSG00000100410.7,PHF5A,1.211199780084132,NA,0.2258188470261212,0.00256771084971456,0.030987561846303687,0.005178541331991377,NA,6,6,6,0.0004708100064259827,0.03450585459459457
ENSG00000137860.11,SLC28A2,1.2111197349046097,NA,0.2258495188942743,0.032128915195429916,0.15355504648229026,8.036448951774653e-11,NA,66,66,66,0.03834573225154944,0.07272460279612347
ENSG00000160695.14,VPS11,1.2106237043531114,NA,0.2260396551616909,0.017187853702805945,0.1960042044088817,1.252838345193242e-14,NA,40,41,41,7.263836596530761e-05,0.04402207204024293
ENSG00000124251.10,TP53TG5,1.210506636266306,NA,0.22608454584775406,0.006107871329717875,0.032733225823036914,0.004171702390834149,NA,19,20,20,0.03040529365034301,0.059475405515451364
ENSG00000182566.13,CLEC4G,1.2101903976528503,NA,0.22620584185724368,0.006405197549426558,0.015984969912856858,0.045401924657143634,NA,12,13,13,0.13768955146967418,0.1011219808323258
ENSG00000116353.15,MECR,1.209696605919869,NA,0.22639533272809764,0.015193022817717282,0.15557126148122044,1.6927625211707687e-11,NA,30,31,31,0.0008979156063203125,0.19278054187261545
ENSG00000174106.2,LEMD3,-1.209535331943953,NA,0.22645724558634106,0.001808631052923811,0.020285878767965768,0.023628052723620084,NA,9,9,9,0.15484463193626624,0.0238196088181612
ENSG00000163377.15,FAM19A4,-1.2093965110984464,NA,0.22651054839156504,0.00836199582481785,0.06401871179682771,5.6024367039766396e-05,NA,20,22,22,0.010595823186384263,0.12163760057041975
ENSG00000128408.8,RIBC2,-1.2092021906079402,NA,0.22658517633373543,0.027179823370431212,0.08942747068939857,1.1616424039909851e-06,NA,48,52,52,0.002618545314886842,0.12362964213444093
ENSG00000163629.12,PTPN13,-1.2088198698511456,NA,0.22673205616062786,0.002628872687023687,0.02811773918251427,0.007841221537155973,NA,23,23,23,0.06171477538700053,0.028092198388678685
ENSG00000100441.9,KHNYN,1.2077728772624823,NA,0.22713463692654556,0.003346291682404696,0.04595237697194402,0.0005221991357047288,NA,8,9,9,0.009572763970654576,0.06863019389798829
ENSG00000100225.17,FBXO7,1.207666967897843,NA,0.2271753886698662,0.007534210835081928,0.07119088171411707,1.6470036005181258e-05,NA,52,53,53,1.021216261330021e-24,0.11658308965333945
ENSG00000184076.13,UQCR10,-1.2067753389509859,NA,0.22751867582127394,0.0014990280209756898,0.04306461067040397,0.0005703710185963657,NA,19,19,19,0.014847831907608163,0.040978404814511205
ENSG00000107798.17,LIPA,-1.2053056396685147,NA,0.22808533325421554,0.03364282133609142,0.07153336536128402,1.34007818728328e-05,NA,125,130,130,0.008235809535357557,0.1916073047026577
ENSG00000108244.16,KRT23,1.2049912257386397,NA,0.22820668916536824,0.016978621826932685,0.036672189708340096,0.0019100909098718442,NA,41,59,59,0.050386217707834954,0.3141873205750742
ENSG00000119878.5,CRIPT,-1.2039218868978792,NA,0.22861977140535839,0.030266506235469826,0.11611128874318323,1.5718930494536835e-08,NA,44,47,47,0.0002536518985473115,0.08197401553219445
ENSG00000114948.12,ADAM23,1.2017646060665133,NA,0.22945474210122074,0.0021062049204628635,0.04677412589681194,0.0005026242818788741,NA,10,10,10,2.6488500225189145e-12,0.044325678192504187
ENSG00000117620.14,SLC35A3,-1.2010770892763394,NA,0.22972129930816998,0.001787837963688767,0.06678329604345565,3.4479329489412804e-05,NA,40,40,40,0.20026292417429037,0.005924974048542515
ENSG00000139344.7,AMDHD1,1.2000455236771828,NA,0.23012166079977148,0.058336992304958854,0.2387064636079733,7.242236518898625e-18,NA,11,11,11,0.04473512184115471,0.06198478363924389
ENSG00000183778.17,B3GALT5,-1.1999813087582447,NA,0.23014659968182483,0.04870847602598298,0.08654696901852968,1.6187625896150708e-06,NA,89,92,92,1.7543892134678619e-06,0.3385771986796373
ENSG00000170917.13,NUDT6,-1.1999076476479993,NA,0.2301752095086912,0.013116023027557542,0.08941301128844037,8.638929078002236e-07,NA,17,17,17,0.14667264515108885,0.025755776974000298
ENSG00000143363.15,PRUNE1,1.199797731215744,NA,0.2302179055317759,0.00503778245950369,0.01627743483650012,0.04565189429332428,NA,39,41,41,0.004500357940760163,0.030638318944842695
ENSG00000244165.1,P2RY11,-1.199055943332839,NA,0.23050619342746137,0.03337465665779448,0.2048333597961084,1.4999511179026668e-14,NA,37,40,40,4.2147430038384445e-10,0.14324911202845658
ENSG00000180347.13,CCDC129,-1.198790574937775,NA,0.23060938830222155,0.010305826732495454,0.04135363098739393,0.0012241358738893275,NA,33,34,34,0.0005167466064694146,0.057808460045531786
ENSG00000268416.1,CTD-2626G11.2,-1.1983973102895114,NA,0.2307623790918415,0.014093052879116736,0.08572729499296136,1.8387448329606845e-06,NA,46,58,58,0.0680404640774921,0.09842109854989936
ENSG00000203326.11,ZNF525,1.1974879811851322,NA,0.231116409373464,0.0003146418880432089,0.04258771463274122,0.0010836570293276935,NA,9,14,14,0.05966229792193785,0.03029236398051828
ENSG00000114125.13,RNF7,1.1958970513800073,NA,0.23173673597192268,0.005727622731306469,0.02218331587042368,0.017884007709048667,NA,21,23,23,0.051379105195760034,0.041778353487750455
ENSG00000184144.11,CNTN2,1.1929485538152151,NA,0.23288952197823698,0.004315687214634772,0.028938952264626044,0.006918355762329321,NA,19,21,21,0.003101483659499983,0.1278053209455864
ENSG00000099250.17,NRP1,-1.1922644528078845,NA,0.23315756810968746,0.0012627563336277377,0.04880595767433117,0.0003613109732448906,NA,25,25,25,0.05781185061699262,0.018540656146098056
ENSG00000237651.6,C2orf74,1.1919273729035846,NA,0.233289724014621,0.2703222874007746,0.6530822759687005,1.0959001962197123e-68,NA,30,30,30,0.005819826478855967,0.14110113341378294
ENSG00000245532.7,NEAT1,-1.1918469834897634,NA,0.2333212494162984,0.040398300008973605,0.21835017093978365,2.3598835615384347e-15,NA,26,26,26,0.009821471951246644,0.12878734743692144
ENSG00000135164.18,DMTF1,-1.1899868304489385,NA,0.23405156826026619,0.001639952576382798,0.055685741001604186,0.0001751901107041773,NA,11,11,11,1.9983102133842103e-12,0.08597108004404193
ENSG00000186453.12,FAM228A,1.1893464541195755,NA,0.23430336226526405,0.06071417461802638,0.26603260683074764,4.605458044610072e-19,NA,22,23,23,0.0722599819086507,0.1296706716432612
ENSG00000092020.10,PPP2R3C,1.1879455010963111,NA,0.23485488169346147,0.005498394538559883,0.10506187063194054,1.3316148500554928e-07,NA,7,7,7,0.13322394243768504,0.023105738727056742
ENSG00000053438.8,NNAT,-1.1875548362731931,NA,0.23500884023891944,0.0009057292203998854,0.016071763325322033,0.0468719812989408,NA,1,1,1,0.23500884023891933,0.045034470067570165
ENSG00000172661.17,WASHC2C,-1.186939476198816,NA,0.23525149466883633,0.05638261171384852,0.10837655071148652,3.093886370832767e-08,NA,59,89,89,0.042303108919986,0.3380027154874121
ENSG00000125741.4,OPA3,1.1856395123526073,NA,0.2357646912784589,0.0003425500586001394,0.026456154023783863,0.009818929253055208,NA,8,8,8,1.4202758029009546e-05,0.009746181611167344
ENSG00000180921.6,FAM83H,-1.1837903320969094,NA,0.23649607020750152,0.001219800004335313,0.02586840322575195,0.011210852184315466,NA,22,26,26,0.08409307921562989,0.025783683090342686
ENSG00000270030.1,RP11-326C3.13,-1.183357550912464,NA,0.23666747316578562,0.03182047509322301,0.15589176006635835,4.6587884880982285e-11,NA,7,7,7,0.06865503930022586,0.11509773872084805
ENSG00000171469.10,ZNF561,1.1817135817213322,NA,0.23731936740871162,0.028314956840337736,0.225439385813622,2.5107983208569327e-16,NA,37,37,37,0.081404974954925,0.05037394086219047
ENSG00000167646.13,DNAAF3,1.181486438220117,NA,0.23740953781994256,0.060750255328356956,0.17703319039030538,6.899385829129616e-13,NA,44,88,88,0.07950732923691592,0.1920772970126052
ENSG00000089053.12,ANAPC5,1.1809289880576626,NA,0.23763093447816652,0.003042734099975624,0.01572774664254095,0.0472631163108047,NA,62,65,65,0.026090192877131175,0.04323422614503763
ENSG00000114395.10,CYB561D2,-1.1781114060615283,NA,0.23875219542577375,0.0017597910920732214,0.0612230616189323,7.023170141947164e-05,NA,8,8,8,0.07269935898132177,0.029078583518482456
ENSG00000163531.15,NFASC,1.1776934717285135,NA,0.23891883044290863,0.0014331483200620732,0.032868667565914264,0.004054149673104168,NA,24,25,25,0.02059582938546109,0.012370683150600907
ENSG00000185386.14,MAPK11,1.1775184752501346,NA,0.23898862783061237,0.0016960608595657548,0.020692438536121568,0.02238603318473559,NA,14,16,16,0.014424924572533658,0.04154974329876037
ENSG00000112367.10,FIG4,1.1757719046921986,NA,0.23968603625071816,0.008524382770158441,0.019591416152606587,0.025669799401964125,NA,34,34,34,5.133795277077495e-05,0.1124695107716105
ENSG00000198794.11,SCAMP5,-1.1751974972043975,NA,0.23991571131936318,0.0015700873841810966,0.016778543347240743,0.04017435106610789,NA,24,24,24,2.9668463630987356e-05,0.03552670446147823
ENSG00000171497.4,PPID,1.1750322405112594,NA,0.23998181742757907,0.011784003191736055,0.16718994013861913,8.153395285052282e-12,NA,23,23,23,0.05006776741595875,0.04806254600076687
ENSG00000146733.13,PSPH,1.174362375108376,NA,0.24024990898999155,0.007986799304421206,0.15883643782062212,3.094475750435993e-11,NA,35,36,36,0.0024255048632231668,0.11604868485962935
ENSG00000144029.11,MRPS5,1.1738339882010655,NA,0.24046152728911385,0.0005851964928511421,0.020904009174166058,0.022253261019196943,NA,3,3,3,0.04721005389754378,0.026101688902304854
ENSG00000073417.14,PDE8A,-1.1737583718919615,NA,0.24049182226541432,0.0073033400793062935,0.01947675490426501,0.02767392710882177,NA,26,26,26,0.004634708426270465,0.04566569124368807
ENSG00000164347.17,GFM2,-1.1731661101421869,NA,0.24072919948493865,0.0009801825663431918,0.03591769492286756,0.002486768620136813,NA,6,6,6,0.11957067259020576,0.09150699693417497
ENSG00000261019.1,RP11-111K18.2,-1.1730879778126935,NA,0.24076052707052287,0.008621816797559054,0.044949486197527165,0.0007488750122894192,NA,15,17,17,0.09897271476853191,0.02250395779231466
ENSG00000197256.10,KANK2,-1.1721986346248856,NA,0.24111731647238221,0.0013023902188129405,0.07167850459612883,1.4078890711902679e-05,NA,11,11,11,0.00017014848328679113,0.03049979381566203
ENSG00000025772.7,TOMM34,1.172145540455579,NA,0.24113862872318248,0.00932850038921081,0.028597043888949163,0.007597737238527434,NA,57,63,63,1.030804120093847e-05,0.1299319896829788
ENSG00000130294.15,KIF1A,-1.1717407082450424,NA,0.24130117390301087,0.002170902230207489,0.02343239267834719,0.015138324702953232,NA,15,15,15,0.0006976159616421138,0.07338302229919351
ENSG00000129625.12,REEP5,-1.1716044798244545,NA,0.2413558886545485,0.00888894888268423,0.1008804149514272,1.1809408941307369e-07,NA,42,45,45,5.3169432954605016e-08,0.028821967865820336
ENSG00000179295.17,PTPN11,-1.170705539962826,NA,0.24171715763126922,0.0016446240272337321,0.05035304482180852,0.000353851120553168,NA,18,19,19,0.0026750377905468306,0.03311633853171373
ENSG00000216921.7,AC131097.4,1.1704171623390542,NA,0.2418331323847669,0.0074515573367615945,0.045092990262629966,0.0006535341063135379,NA,11,12,12,0.28850455748467063,0.10261529516693804
ENSG00000071073.12,MGAT4A,1.1685129665819451,NA,0.2425999120241248,0.011956480109659568,0.03680006421151147,0.002338063698416937,NA,77,81,81,2.008283435839997e-08,0.14445647367617018
ENSG00000248712.7,CCDC153,1.1683751523622876,NA,0.24265547318609115,0.021903824765603166,0.0906366101230002,1.3268963020485878e-06,NA,33,36,36,6.693137260501622e-05,0.07334731265035667
ENSG00000072756.16,TRNT1,-1.1661845545986733,NA,0.2435398359356633,0.009838151790846118,0.06630378598367143,2.776188695808028e-05,NA,25,29,29,0.00010877400722993089,0.0784860606600553
ENSG00000166925.8,TSC22D4,1.1659667443730666,NA,0.24362789137396523,0.004858741241371246,0.021291593732987484,0.02171957747592158,NA,35,38,38,0.06555262524430652,0.057793833924920664
ENSG00000090238.11,YPEL3,1.1655183024913407,NA,0.2438092560745384,0.019777006961858766,0.2304090485776337,1.5720203399305219e-16,NA,15,16,16,0.01746629412345409,0.04939439353004152
ENSG00000274523.4,RCC1L,-1.1638140842873803,NA,0.24449936315362786,0.0014393704998676361,0.07345797237201912,1.1402629497286134e-05,NA,9,11,11,0.0003104210980003657,0.032494915201605995
ENSG00000261770.1,CTC-459F4.1,1.1633266133961733,NA,0.2446970118612135,0.2902004357362199,0.5416315562747399,3.4536539491519814e-49,NA,61,63,63,2.2107342051659356e-06,0.108965542664584
ENSG00000249476.1,CTD-2587M2.1,1.1630930692487575,NA,0.24479174380018542,0.0716751883764586,0.2288288184743956,9.91240063814414e-17,NA,32,33,33,9.326718739756451e-14,0.1063657598210856
ENSG00000132274.15,TRIM22,1.162733501862213,NA,0.24493764455064526,0.03397887771158979,0.18192999915502595,1.017121692035425e-12,NA,35,38,38,8.235606745399247e-06,0.144353758241705
ENSG00000136783.9,NIPSNAP3A,-1.161493051003001,NA,0.24544144750339103,0.010026012117093456,0.1497504032597553,1.2832294016525869e-10,NA,24,25,25,0.001002019135107208,0.07975000418925755
ENSG00000256223.5,ZNF10,-1.161250597224609,NA,0.24554000375612672,0.002706793935499877,0.06686700241897682,2.7890816682781452e-05,NA,11,11,11,0.15782109404264422,0.015258237513002947
ENSG00000109047.7,RCVRN,1.1605288354518994,NA,0.24583356060631067,0.03162484893163768,0.13940908920173764,7.038184823163543e-10,NA,38,42,42,2.809935244515779e-13,0.07040156330787789
ENSG00000161929.14,SCIMP,1.1587221044968112,NA,0.2465694777000924,0.004576483060254346,0.058544653740793484,8.639947743914352e-05,NA,6,6,6,0.07006963581303595,0.06323662761503361
ENSG00000143811.18,PYCR2,1.1584907898750163,NA,0.24666380804993315,0.0059191034855547815,0.051949930772637376,0.0002724852831378204,NA,15,17,17,7.083406897808862e-12,0.10996121522049936
ENSG00000101190.12,TCFL5,-1.1581233868254517,NA,0.24681368737443,0.01594210568727109,0.10044799895912256,2.404388524086613e-07,NA,50,52,52,2.681551737026946e-05,0.12350955478029604
ENSG00000243678.11,NME2,1.1573679947186626,NA,0.24712204433487317,0.018362799911567813,0.1941477397897984,1.529465362300807e-13,NA,35,35,35,0.004164939816139832,0.12297670073049664
ENSG00000111328.6,CDK2AP1,-1.1571867459471565,NA,0.24719607161737323,0.016385348132258323,0.1994765851420522,4.401504404046709e-14,NA,25,26,26,0.0006823284070860245,0.14846644162579292
ENSG00000078674.17,PCM1,-1.154269635273742,NA,0.24838964132613783,0.0035218786442420217,0.1427876163954859,3.9671904529320403e-10,NA,31,31,31,0.004045491957153852,0.043799386345493935
ENSG00000130332.14,LSM7,-1.1534425301611948,NA,0.248728793370394,0.003235683267353342,0.033570764576105167,0.002727691012202268,NA,6,6,6,0.2265417350335882,0.0850177399182724
ENSG00000185838.13,GNB1L,-1.151963645823354,NA,0.24933601249956094,0.04901561767372989,0.09127926636366213,4.615563477475754e-07,NA,90,104,104,7.097213744772008e-07,0.14856557663552866
ENSG00000212127.5,TAS2R14,1.1516164332756174,NA,0.2494787254999573,0.010122837851626803,0.3193156206507234,1.7727938086618732e-23,NA,2,12,12,0.1975444924780826,0.07146169101107669
ENSG00000120832.9,MTERF2,1.1505826948542255,NA,0.24990395567230628,0.006578333119488437,0.04710740311332826,0.000496272751427472,NA,7,7,7,0.22568477637716589,0.0722890544892739
ENSG00000263001.5,GTF2I,-1.149960282743851,NA,0.2501602300949568,0.022913708117801718,0.33436700594797675,7.012879756418463e-25,NA,7,7,7,0.026202022013473086,0.1787030351443055
ENSG00000149554.12,CHEK1,1.1484016326731277,NA,0.2508028000108574,0.01103126492373844,0.06422305779673577,5.2914099852333665e-05,NA,22,24,24,0.0007000215187571705,0.05372762427465496
ENSG00000177595.17,PIDD1,1.147684906283626,NA,0.25109866438179806,0.004406223133085781,0.07464152693640508,1.0364091558823427e-05,NA,29,33,33,0.00010076636471112749,0.06907216136168219
ENSG00000129204.16,USP6,1.146953026706221,NA,0.2514010352298345,0.06148174788244245,0.14363046682879976,2.1813508204064156e-10,NA,33,37,37,0.0012137114052065538,0.4601827652218917
ENSG00000205571.13,SMN2,1.1453255906952227,NA,0.2520743090288021,0.0898510877600668,0.08234756066408659,2.9162634021886164e-06,NA,35,41,41,5.4250596811823475e-24,0.5941166320888026
ENSG00000198189.10,HSD17B11,1.1449436094884449,NA,0.25223251747346354,0.028904238023229473,0.09825183333132896,2.939182446977047e-07,NA,77,79,79,0.02962270618351008,0.2547670616767655
ENSG00000174125.7,TLR1,-1.1441881068556616,NA,0.25254563431590316,0.00840042657412434,0.0641544911649522,4.4512041997645294e-05,NA,81,82,82,0.000734511857596603,0.14840120683639635
ENSG00000247157.6,LINC01252,1.1432975776169305,NA,0.2529150604265501,0.03006079823422924,0.4586250551851743,8.464409487770266e-38,NA,10,23,23,0.1975444924780826,0.11701925628448775
ENSG00000204060.6,FOXO6,-1.1424761581744876,NA,0.25325615075352137,0.025758184044430452,0.12599781892265133,3.771673021588059e-09,NA,23,24,24,0.013649903681554878,0.1163943738485359
ENSG00000158941.16,CCAR2,-1.1423600327339944,NA,0.25330439709909514,0.007295254396476425,0.1354675910468729,1.4299991661756905e-09,NA,19,20,20,0.0535292273451717,0.045802078307109785
ENSG00000130731.15,METTL26,-1.1423173719721469,NA,0.2533221228664444,0.02238663936949796,0.17302423341594392,4.17895335637146e-12,NA,30,34,34,0.003440832962964639,0.0950803523657812
ENSG00000196502.11,SULT1A1,1.1419448064053228,NA,0.25347696250282026,0.010002438485778944,0.16580795693666334,9.114195230926449e-12,NA,14,19,19,1.3021890130208626e-05,0.10193097838020283
ENSG00000108406.9,DHX40,1.1403529215499852,NA,0.25413929808626456,0.006323954993684029,0.059795033307956436,6.196872316717064e-05,NA,32,32,32,0.005951674034695687,0.03930745673135319
ENSG00000123096.11,SSPN,-1.1401943699950274,NA,0.25420533252878985,0.0022220339536177074,0.04667234985628447,0.0005032814023597474,NA,24,25,25,0.023516345639062998,0.05028601808976376
ENSG00000163521.15,GLB1L,-1.1395321998856858,NA,0.2544812459111202,0.021070960401498015,0.11794201613635732,1.9923881875415343e-08,NA,31,33,33,0.03478687963729988,0.09690199904326564
ENSG00000178401.14,DNAJC22,-1.139472182338362,NA,0.2545062643473053,0.018141405276669784,0.17320771031067242,3.0306364945641225e-12,NA,62,62,62,7.470025157067313e-13,0.12876747871480432
ENSG00000171067.10,C11orf24,-1.1393829377128923,NA,0.25454346931398264,0.005572907900644027,0.02387593445460192,0.014468038814136738,NA,45,47,47,0.0067844048426100355,0.035100317897726316
ENSG00000099968.17,BCL2L13,1.1387799692148348,NA,0.254794938466091,0.0018731876820637632,0.038281157628323514,0.0017511733610215937,NA,18,19,19,0.007764224637753748,0.0646862521979739
ENSG00000198089.15,SFI1,1.138052653899133,NA,0.2550984965310156,0.014959844543271499,0.07703999540226232,7.755486056308632e-06,NA,25,25,25,0.00014466632739040426,0.0826843582174647
ENSG00000135744.7,AGT,1.1365835752030662,NA,0.25571240949941687,0.0027617327355842756,0.053573321148020964,0.00020954607219738264,NA,18,19,19,0.020181012136359706,0.09114357885727016
ENSG00000056050.6,HPF1,1.1362042182534724,NA,0.2558711055412767,0.006784399904022807,0.02680779987365474,0.00920994152504619,NA,43,43,43,1.088581403632355e-06,0.10923011125416604
ENSG00000126822.16,PLEKHG3,1.135785676553459,NA,0.2560462730862555,0.010769421182651586,0.07125661353927322,1.6761657182147447e-05,NA,18,18,18,0.015293967928769945,0.08868484518480026
ENSG00000006652.13,IFRD1,-1.1354950677835067,NA,0.25616794729472114,0.00935716929879863,0.1397453331519246,5.985992835123053e-10,NA,16,19,19,0.2027063682218847,0.03916146790402493
ENSG00000152104.11,PTPN14,1.1339504258185287,NA,0.2568153433475342,0.002405810814876131,0.05016141375761368,0.00036834757907363707,NA,19,21,21,0.08240333417897372,0.051363382673845416
ENSG00000136710.9,CCDC115,-1.1331119514074057,NA,0.2571672430649402,0.0015582287558124606,0.04709019386294271,0.0005599547480661536,NA,5,5,5,0.14929567255337672,0.02502190646803954
ENSG00000116793.15,PHTF1,1.1318583533568518,NA,0.2576939901356651,0.0020159169222852534,0.040562746770500265,0.0011479744760440188,NA,15,15,15,0.01784665215072351,0.03948675920194646
ENSG00000135114.12,OASL,1.1313735713162398,NA,0.25789789034334576,0.0015353547649868127,0.027888736760992627,0.008515374632485832,NA,6,7,7,0.0001754103762564151,0.03575726265791713
ENSG00000152683.14,SLC30A6,-1.1309314608246348,NA,0.2580839403469509,0.015410607213582814,0.04978460379325336,0.00034597183454527364,NA,43,43,43,0.012110754370515411,0.16490272271726245
ENSG00000261795.1,RP11-90P13.1,1.1308023040580044,NA,0.25813830997045284,0.006100313137576258,0.14535642816806907,2.4218406271030084e-10,NA,14,16,16,0.07238691342299934,0.06992600202101178
ENSG00000178809.11,TRIM73,1.1302671347915605,NA,0.25836367858701514,0.0024298465106961835,0.06798693816040323,2.943424228211298e-05,NA,21,31,31,0.00026855753779538304,0.06478286455520305
ENSG00000136811.16,ODF2,-1.129180545720183,NA,0.2588216787132612,0.0031101153983712085,0.027127757990424817,0.009061165256662368,NA,20,21,21,0.0004954998603559174,0.06372020371333835
ENSG00000116132.11,PRRX1,-1.1282575403693227,NA,0.2592111695540582,0.0006262131927571505,0.018201475125518018,0.03254164514221606,NA,7,7,7,0.0002101501127412879,0.025898009337880213
ENSG00000100319.12,ZMAT5,-1.1276202658778818,NA,0.2594803241829131,0.017238635966214614,0.01821325881267807,0.03232895433167588,NA,43,45,45,0.0010763381820515874,0.2397981324871209
ENSG00000198961.9,PJA2,1.127425412568579,NA,0.25956265963543723,0.0004074965928597824,0.01496655202376629,0.0492115556761645,NA,7,8,8,0.1982440974574905,0.011628281898817731
ENSG00000127533.3,F2RL3,-1.1262405322806717,NA,0.2600637214194512,0.0055709947902188705,0.015635927183825,0.04808963086612665,NA,16,18,18,0.1356187274447782,0.13174189401559822
ENSG00000089693.10,MLF2,-1.1261688884036247,NA,0.26009403960806843,0.01497857245719871,0.12796768338054776,3.5513461387729705e-09,NA,68,73,73,4.135386588006852e-05,0.26533098373242164
ENSG00000272542.1,RP11-255P5.2,-1.1253121821295462,NA,0.2604567692982205,0.01787868695035661,0.01982087870369185,0.02600876194144356,NA,36,37,37,0.0074974456199445065,0.12987034287970384
ENSG00000278238.1,RP11-245D16.4,-1.1241067095474029,NA,0.2609677592611588,0.023253415689386575,0.03249159677311163,0.0038131771732173077,NA,27,29,29,0.0003731676470054979,0.0755017229105504
ENSG00000129480.12,DTD2,-1.1240727920575972,NA,0.2609821466287112,0.024818219202833877,0.0827192341465968,2.487542284755864e-06,NA,75,88,88,0.0008747843277928238,0.17654735876002425
ENSG00000068781.21,STON1-GTF2A1L,1.1238230405512772,NA,0.2610881049305225,0.040937283699891254,0.21721325339265687,2.503059059455585e-15,NA,21,24,24,6.539537453655048e-05,0.2521612246660421
ENSG00000109163.6,GNRHR,-1.123648210423063,NA,0.26116229516838096,0.02858534367837428,0.018624358453032158,0.0320107476577658,NA,30,31,31,0.05663634680047034,0.11668438536869992
ENSG00000282021.1,CTD-2336O2.3,1.122562599218939,NA,0.2616233072334464,0.0647798951123206,0.11424529303038992,1.9971130701455468e-08,NA,29,32,32,0.02489255410821215,0.12740911882771824
ENSG00000254772.9,EEF1G,-1.1218101135902094,NA,0.26194318515972415,0.00243637722648441,0.08343090835391134,2.535395401759001e-06,NA,9,9,9,0.2323857421486889,0.03545121907739846
ENSG00000183378.11,OVCH2,1.1215322445567113,NA,0.26206137420621156,0.0030412318968266816,0.08341166773027417,2.641624176070276e-06,NA,14,29,29,9.284451052360958e-06,0.045211822559899126
ENSG00000271584.2,RP11-89C3.4,-1.119707632163654,NA,0.262838371615261,0.060307595888460686,0.22468450559571934,3.179821038179092e-16,NA,19,19,19,0.02783185181090563,0.07717996016432738
ENSG00000090263.15,MRPS33,-1.119418163890259,NA,0.2629617855226596,0.010102738632648212,0.0651794339628115,4.2143688935331295e-05,NA,43,46,46,6.955036076238367e-05,0.10419298318866986
ENSG00000196455.7,PIK3R4,1.1190513571316265,NA,0.26311822990937117,0.02085822238219754,0.2148428364576692,2.191845572806619e-15,NA,23,25,25,0.19856527486606568,0.05134400752798072
ENSG00000186501.14,TMEM222,-1.1189029475439727,NA,0.26318154537672855,0.01707214390325775,0.14696851241951614,2.3595344422094655e-10,NA,27,28,28,1.5077749568339013e-05,0.14944831207196396
ENSG00000253313.5,C1orf210,-1.118778611585487,NA,0.2632345984899013,0.0007316428469784665,0.017011597627856104,0.039494422498245585,NA,13,14,14,0.00034304421818753724,0.026245582423424903
ENSG00000263884.1,RP11-705O1.8,-1.1180485724865754,NA,0.2635462489577216,0.00746071744933974,0.06104284811574589,8.467146113296721e-05,NA,29,33,33,0.000983537026194536,0.08439649982077954
ENSG00000268751.1,SCGB1B2P,1.1180364428148208,NA,0.26355142921014185,0.014909551039472927,0.07343625727425591,1.3275175529675141e-05,NA,19,20,20,1.8367046714910862e-05,0.22788806899104005
ENSG00000092108.20,SCFD1,1.116257221210791,NA,0.26431204731946134,0.004828562997651864,0.06937891810843227,1.1077555653592324e-05,NA,11,13,13,0.1859615303971054,0.020154419579002443
ENSG00000169045.17,HNRNPH1,-1.1156048284393831,NA,0.2645913244019812,0.0014092476432661686,0.03323031583740045,0.004024350474366632,NA,11,11,11,0.10902971429676261,0.03286068412732523
ENSG00000198108.3,CHSY3,-1.1152782657753315,NA,0.2647311961032436,0.045321566963309814,0.0921003532194664,7.740645320011405e-07,NA,117,119,119,0.017233218337970986,0.24431995479305246
ENSG00000197768.10,STPG3,-1.1140658433124127,NA,0.2652509406529333,0.008069675515920222,0.038472271534394906,0.0018705079290869387,NA,14,17,17,3.360022643024659e-05,0.08413557676180886
ENSG00000084072.16,PPIE,1.1140167870626265,NA,0.2652719850050461,0.2726641428706416,0.5990815881582278,6.0498025678487265e-59,NA,8,8,8,0.25309293749124184,0.1157121008504836
ENSG00000225511.6,LINC00475,-1.1139502593596673,NA,0.2653005261705613,0.010240758765737712,0.036258628088008636,0.002201940930928085,NA,15,16,16,3.103280036706716e-05,0.14112506751346707
ENSG00000153208.16,MERTK,1.1134554176298275,NA,0.26551288546331886,0.057299707006767994,0.3334775113445007,5.202422198423425e-25,NA,14,15,15,0.10200102778449116,0.4774530230523626
ENSG00000257315.2,ZBED6,1.1131100921075334,NA,0.2656611498264123,0.004417218656443489,0.015655828057644088,0.043363724529466144,NA,12,12,12,0.19005615715473623,0.04621467650857915
ENSG00000109814.11,UGDH,-1.1127278145338702,NA,0.26582534590714,0.003542663610503229,0.07419327277250741,1.2827497402374647e-05,NA,10,10,10,2.2286433029434222e-10,0.030378849793488236
ENSG00000162069.14,BICDL2,-1.112464057961736,NA,0.26593867550766914,0.018743695167581058,0.19282911378157092,1.5294441573773312e-13,NA,18,19,19,0.019461689110720493,0.05162013442816241
ENSG00000167011.8,NAT16,-1.1120047323282918,NA,0.266136115632734,0.011306267057284857,0.051287459692546576,0.0002761397644726813,NA,11,11,11,0.0787837193654377,0.07321623083492669
ENSG00000170889.13,RPS9,1.1119863728914259,NA,0.2661440094932366,0.0298088720200366,0.32706271212490423,1.311827207313251e-24,NA,40,50,50,0.02137110849804564,0.05747596355960075
ENSG00000150526.12,MIA2,1.1112905032334286,NA,0.26644332583503416,0.003319452448973653,0.015798575898505102,0.045065159664930805,NA,20,21,21,0.0010838597991925274,0.02350178037633471
ENSG00000158865.12,SLC5A11,-1.1093596603101745,NA,0.26727505737818236,0.1887834282213781,0.41570434482162266,6.435985181827024e-33,NA,22,23,23,4.705537680333294e-08,0.13676865784621065
ENSG00000151748.14,SAV1,1.1084073262376284,NA,0.2676859423268171,0.0017852186479060867,0.07455843237926664,1.0633287209647503e-05,NA,6,6,6,0.0474683552599881,0.027186252613590155
ENSG00000272361.2,GS1-166A23.2,1.1080690227552117,NA,0.26783200796427964,0.012388824750666789,0.14752939116663552,2.715739206536844e-10,NA,48,54,54,1.5933401889202508e-05,0.12711786635648026
ENSG00000283141.1,RP11-109A6.5,1.1078875583337389,NA,0.26791037946194396,0.02077009491214899,0.04558038863911643,0.0005146555239826128,NA,24,25,25,1.831065703100531e-08,0.05792103787266504
ENSG00000063761.15,ADCK1,1.1078749720085814,NA,0.2679158158730399,0.006597709999056893,0.12950975257957553,2.74816784242016e-09,NA,20,21,21,0.10063270991891617,0.09063887435614584
ENSG00000156103.15,MMP16,1.1074910995732696,NA,0.2680816582983714,0.008729615079410743,0.11026828604161663,6.936892678390211e-08,NA,37,38,38,0.01650049439906049,0.06739931153461752
ENSG00000166260.10,COX11,-1.1071603095685059,NA,0.26822462436241734,0.005163177466307926,0.09386836783534268,5.032620999548671e-07,NA,20,22,22,0.15805650092197732,0.008479807755194002
ENSG00000267198.1,RP11-798G7.6,-1.1061465840599138,NA,0.2686630784825499,0.08500682971986692,0.06456732934719632,4.790345390294073e-05,NA,25,35,35,4.848481328120987e-16,0.2044246491452313
ENSG00000167904.14,TMEM68,-1.105875518638217,NA,0.268780402398909,0.004051659697100605,0.029668481695746863,0.006200778222849877,NA,63,66,66,2.6584023690470516e-05,0.07514297790147262
ENSG00000182168.14,UNC5C,-1.1057302230751174,NA,0.2688433044446529,0.008216169710550173,0.016808820108107414,0.040900567243539424,NA,26,28,28,1.752946567575732e-05,0.23542348474342786
ENSG00000122711.8,SPINK4,-1.1057005181550374,NA,0.26885616568415294,0.007938132881988316,0.015714383234416547,0.04940301524413922,NA,29,29,29,0.00831164414329979,0.04557838823346
ENSG00000105650.21,PDE4C,1.1046903956390466,NA,0.26929376647714154,0.007598915510154212,0.06871910905551955,5.413231889844435e-06,NA,2,3,3,0.24387114151943745,0.1455457691994438
ENSG00000283000.1,RP11-297A16.4,1.1042767938490272,NA,0.26947308618578103,0.010413787405735264,0.14568988099033894,7.24336142548076e-11,NA,4,6,6,0.013252730880339195,0.07752043593335307
ENSG00000142937.11,RPS8,1.103551842663928,NA,0.2697875910563754,0.004840551877635964,0.10723580682932064,5.274696593952023e-08,NA,11,12,12,0.0031109757540244607,0.03716631419505111
ENSG00000164647.8,STEAP1,-1.101966672528665,NA,0.2704761608621873,0.0050974668639034125,0.044531013256350414,0.0007534410168540881,NA,21,23,23,5.385998855075904e-05,0.03429813720347543
ENSG00000122965.10,RBM19,1.1014227607563338,NA,0.2707127038779297,0.03315140385748478,0.20307039556334253,2.7770278185986427e-14,NA,43,46,46,9.278986327683137e-11,0.10389380945328566
ENSG00000123191.14,ATP7B,1.101412342691477,NA,0.27071723599711073,0.009326759019397678,0.0451032768675655,0.0005819575127205726,NA,50,51,51,0.0001151481319259505,0.10450679565941264
ENSG00000279278.1,CH17-264L24.1,1.1012021137810681,NA,0.2708087019523242,0.019272361837376947,0.40387170025312463,8.272837388107021e-32,NA,18,24,24,0.1693225235421726,0.07737607867493097
ENSG00000089127.12,OAS1,-1.099920392036438,NA,0.27136680894779996,0.0017093177715005287,0.02913063099985425,0.0066184498386819965,NA,1,2,2,0.27136680894779996,0.06746782810326124
ENSG00000197943.9,PLCG2,1.099819266479186,NA,0.2714108761024606,0.012102327454454583,0.021136161637987167,0.02103267198455247,NA,66,73,73,0.01011700665163508,0.2554822685499777
ENSG00000236166.1,RP3-523C21.2,-1.098871722485023,NA,0.27182402240131587,0.004874869562893884,0.024998249508074864,0.01298099062135683,NA,16,16,16,0.09476781326602413,0.07716458273479639
ENSG00000256053.7,APOPT1,1.0986121520528793,NA,0.27193727489757824,0.00637565230583449,0.09041307734103614,9.559630457525296e-07,NA,17,17,17,0.05449108728081579,0.02307181226400511
ENSG00000162763.3,LRRC52,-1.0983224556577562,NA,0.27206370971530414,0.08050531023059432,0.24750530770103896,6.843910233949865e-18,NA,23,24,24,0.18554612308225193,0.18576810549475384
ENSG00000186603.5,HPDL,-1.0976615918775057,NA,0.2723522870610722,0.0023385970468083714,0.01954906223372627,0.026937648484007662,NA,15,16,16,8.8798041596205e-06,0.06897164138933587
ENSG00000139899.10,CBLN3,-1.0974731777114946,NA,0.2724345996546228,0.04678106122168887,0.3588414667266181,1.765544966347142e-27,NA,10,13,13,0.03751602819680214,0.10857495717368487
ENSG00000188992.11,LIPI,-1.0956869199812627,NA,0.2732158087403246,0.004853946743704205,0.018910733314811714,0.029379411416909324,NA,20,21,21,0.13278512801315007,0.06536965190692666
ENSG00000156968.8,MPV17L,1.0953671944516339,NA,0.2733558002519456,0.015022063140687499,0.08677463171394613,1.6232426167938515e-06,NA,29,34,34,0.0933232762242652,0.1844981347308848
ENSG00000036054.12,TBC1D23,1.094616538188067,NA,0.27368466708313033,0.007255370335637269,0.07391415078417714,1.0647970862770487e-05,NA,36,36,36,0.0008528139835433937,0.02996734224403708
ENSG00000160213.6,CSTB,1.0944935768902815,NA,0.2737385629026079,0.01909634925450176,0.1811674585362772,1.0044413075088242e-12,NA,13,13,13,0.003880467648888296,0.0887542532161124
ENSG00000260517.2,RP11-426C22.5,-1.0926729992600728,NA,0.2745373988317187,0.007484728363210057,0.02402651480672665,0.014399363658574318,NA,15,16,16,0.02453013819022571,0.06051789064775676
ENSG00000182134.15,TDRKH,1.0923666328798558,NA,0.27467198310642493,0.026287758963761412,0.04430410755335147,0.000751662335271284,NA,65,70,70,7.930087487867245e-05,0.2364503706960641
ENSG00000183066.14,WBP2NL,1.092067457945135,NA,0.27480345171159926,0.016733278816312626,0.09451099414003528,4.4828589081212033e-07,NA,34,35,35,7.902579736602721e-06,0.1029445636999691
ENSG00000165912.15,PACSIN3,1.0910680275505706,NA,0.2752429501210326,0.0016997024188838321,0.049654672966799325,0.00019722556078459374,NA,12,12,12,0.09443537175670161,0.028709439336004713
ENSG00000134762.16,DSC3,-1.0904625191767998,NA,0.27550945501355706,0.03755325974782416,0.035587382867320376,0.002736017746236319,NA,50,51,51,0.000411577434348699,0.14993526569347165
ENSG00000100162.14,CENPM,1.0889685442768011,NA,0.27616775732109267,0.006608460845480936,0.029456729246682762,0.006597576222910148,NA,44,49,49,6.886303141992853e-08,0.13655768071186364
ENSG00000119943.12,PYROXD2,1.0888633930530458,NA,0.27621413133208084,0.04940695302429991,0.3549757158538593,2.8119302537701236e-27,NA,57,57,57,0.0522774554075801,0.09945476004628204
ENSG00000155368.16,DBI,1.0887809416629672,NA,0.2762504979294942,0.006494269529414378,0.017540804069647906,0.038153526293226214,NA,41,44,44,0.028424993005169093,0.057865458269783634
ENSG00000143753.12,DEGS1,1.0884355763914302,NA,0.27640286267571534,0.0012589152179633741,0.03535612356704305,0.002993366102923982,NA,7,7,7,0.06253419662874049,0.05197427990810706
ENSG00000115944.14,COX7A2L,-1.0838568441781773,NA,0.2784282767479199,0.0015287597722551678,0.01922052144455986,0.025542800144036537,NA,12,12,12,0.03809568813879392,0.03408350310616176
ENSG00000104714.13,ERICH1,1.0837151544684136,NA,0.2784911142539839,0.03808459024002406,0.02293358630885174,0.016994490220666625,NA,59,65,65,1.600043474272182e-05,0.3344042767434508
ENSG00000078369.17,GNB1,-1.0822021114915727,NA,0.2791627304778175,0.0016865113507895891,0.016495604685546162,0.0430912476452844,NA,13,17,17,0.013877408728402296,0.06612123349989109
ENSG00000167103.11,PIP5KL1,1.082045567862177,NA,0.27923228058076344,0.023039764651592104,0.1132445949242147,4.2090733482905686e-08,NA,15,15,15,0.10935332738362445,0.06347124303310467
ENSG00000182685.7,BRICD5,1.0811993819965442,NA,0.27960843287456594,0.027999687743952513,0.10596993579044886,8.877480271122212e-08,NA,63,78,78,0.00019449582441228303,0.19034554317367253
ENSG00000197785.13,ATAD3A,-1.0811433831573127,NA,0.2796333380051709,0.0023829815520868694,0.03041207848488737,0.0056847831935232795,NA,15,17,17,0.004919455144361976,0.0768351389367332
ENSG00000115687.13,PASK,1.079874425172761,NA,0.28019810331875616,0.005175117043969843,0.04328060197616521,0.0009975357528208518,NA,50,54,54,0.06262283814094322,0.06382120389012984
ENSG00000206077.10,ZDHHC11B,-1.0792396359287089,NA,0.2804809146506877,0.004306314785889696,0.12172150017066058,1.2886668252507324e-08,NA,12,20,20,0.01451724991186446,0.06518481812948454
ENSG00000144218.18,AFF3,-1.0791898549426866,NA,0.2805031012732139,0.017915377364709877,0.04803663762345673,0.00044271901225064646,NA,58,58,58,0.0015970760003749115,0.15091927799878496
ENSG00000180353.10,HCLS1,1.0789747078777407,NA,0.2805990027307179,0.0031551319835046126,0.06265597466747487,5.6200286382668946e-05,NA,27,29,29,0.03530697840520154,0.03808326586264358
ENSG00000213889.10,PPM1N,-1.0787952499091462,NA,0.28067901286226515,0.016351311014759222,0.10168292637608924,7.435206202580169e-08,NA,8,8,8,0.20320706646482267,0.07395544794006392
ENSG00000125821.11,DTD1,-1.0781979259358934,NA,0.2809454373458169,0.001790510031667701,0.058160252133487876,0.0001120883795750804,NA,3,3,3,0.004811200802652076,0.04025899471686353
ENSG00000196950.13,SLC39A10,1.0779178072833826,NA,0.28107043782095265,0.006043155019187344,0.08938008947928329,7.693660165355545e-07,NA,6,6,6,0.17178929115476638,0.03731932409700104
ENSG00000005194.14,CIAPIN1,1.0774658661931988,NA,0.2812721921251288,0.0003657369655594379,0.018639116117156858,0.031889175624475505,NA,5,5,5,0.10737768566747341,0.030892301705157187
ENSG00000110719.9,TCIRG1,1.0773345394923528,NA,0.28133083705751927,0.0014797739290851688,0.022761903297795705,0.016146379904850575,NA,16,17,17,0.015558786901782987,0.059282011663880335
ENSG00000136699.19,SMPD4,1.075362961132467,NA,0.28221225777359693,0.01007859805948386,0.0685717748665468,2.004502585076468e-05,NA,42,44,44,0.0004984151238091629,0.07974993795591039
ENSG00000170899.10,GSTA4,1.075173413780454,NA,0.282297096038842,0.0038830521756815254,0.1047594766887656,1.0338964858105552e-07,NA,11,11,11,0.1325535730970857,0.02323218002059123
ENSG00000083807.9,SLC27A5,-1.0736522549974596,NA,0.2829785678405762,0.009562068973212245,0.048364907472972764,0.00047695471343002716,NA,33,33,33,0.008316719586424737,0.14237251000977058
ENSG00000166183.15,ASPG,1.0734025913683711,NA,0.2830905223487574,0.036518525374164876,0.1546753371859509,8.192169336058005e-11,NA,14,14,14,0.1428211193879175,0.2425640737742881
ENSG00000163866.8,SMIM12,1.0732886961030492,NA,0.2831416053871715,0.010807867352595814,0.09637180869912797,3.912031390504862e-07,NA,78,86,86,1.838310166223559e-08,0.10338892499892766
ENSG00000135709.12,KIAA0513,-1.0730231533432237,NA,0.28326072792704093,0.0032031515713368233,0.0454401153058486,0.0006921185247527634,NA,6,6,6,0.16036207768691746,0.04356911421835445
ENSG00000153246.12,PLA2R1,-1.0718980967705063,NA,0.2837658051626397,0.0024085271589742796,0.06578083619734369,3.541155022497491e-05,NA,30,32,32,9.578520231630346e-13,0.11449691193948908
ENSG00000167114.12,SLC27A4,1.0716381371621926,NA,0.28388259679952355,0.003666412473121704,0.02672039619191464,0.00935028976528568,NA,23,23,23,0.0023851438272399004,0.08709706167538095
ENSG00000166275.15,BORCS7,-1.071042364675989,NA,0.28415038129684067,0.04638745651870721,0.2983378882729892,7.378301676914047e-23,NA,22,22,22,1.797133539356503e-05,0.11310005210670855
ENSG00000166228.8,PCBD1,-1.0704059431183983,NA,0.28443662533095393,0.028269753604696607,0.1662946682578812,1.1721174793502235e-11,NA,63,67,67,6.105332995608036e-05,0.10651530093631703
ENSG00000020922.12,MRE11,-1.0703916894806644,NA,0.2844430384387442,0.12272796867283742,0.4557995669111696,9.340035762311172e-39,NA,37,39,39,0.00014131268834426632,0.10216289031983652
ENSG00000214113.10,LYRM4,-1.0698063849102453,NA,0.2847064677384501,0.006956443801833101,0.09350670519045236,6.634535659903303e-07,NA,25,25,25,0.04599271597780937,0.04100008938755157
ENSG00000100554.11,ATP6V1D,1.0694916440347146,NA,0.28484819206718337,0.01413134371583832,0.15194263102945013,1.9929567638444154e-11,NA,110,111,111,0.06622133329459785,0.009350034704814013
ENSG00000189306.10,RRP7A,-1.0691384644327486,NA,0.2850072817395637,0.018251823590041197,0.2892582247011367,4.67055380130047e-21,NA,43,48,48,7.692369915730801e-08,0.11673261218935214
ENSG00000163293.11,NIPAL1,1.0688347762024308,NA,0.28514412607849804,0.01354263704134995,0.08880978810660732,1.1006147881254921e-06,NA,31,31,31,0.1584809525966564,0.07207897793115325
ENSG00000116747.12,TROVE2,-1.0680562658240926,NA,0.28549513198733856,0.003362250028751848,0.047644640986667146,0.00048082280483017326,NA,30,32,32,1.289805205195047e-09,0.07904811982034597
ENSG00000112280.15,COL9A1,-1.067771512026632,NA,0.2856235914705809,0.03380478353506962,0.12110793183466348,1.4035009489447653e-08,NA,60,61,61,1.5399133702851158e-05,0.0891121322397241
ENSG00000281731.2,RP11-384K6.8,-1.06721647419676,NA,0.2858740950500792,0.03993747409203697,0.017713787902709777,0.03466572032452442,NA,50,52,52,9.339808386104454e-11,0.283265328295451
ENSG00000171206.13,TRIM8,1.0666910013674284,NA,0.2861113919250463,0.00908483817810319,0.049834576171268734,0.00034921577063713163,NA,40,42,42,5.473653403205262e-07,0.08189383183249115
ENSG00000250254.1,PTTG2,1.0666112232857665,NA,0.28614743032915024,0.0018757060202766963,0.025470966437709384,0.0106170710086539,NA,8,9,9,0.0005125852372181426,0.04834457159935145
ENSG00000070669.16,ASNS,1.0660398659890278,NA,0.2864056209927539,0.009910242892708913,0.10562957931114483,1.1454685798369312e-07,NA,18,19,19,2.818101237136073e-05,0.1933997666004627
ENSG00000171132.13,PRKCE,1.0655712076884858,NA,0.2866175204407092,0.008776174246041761,0.025691315206050183,0.010872866742497564,NA,48,50,50,1.008620389423301e-12,0.05561137400648421
ENSG00000196793.13,ZNF239,-1.0655012692291048,NA,0.2866491515343672,0.010288081854632071,0.017578930135623554,0.03146889080462261,NA,36,37,37,0.003353252917616484,0.09829739014840222
ENSG00000077782.19,FGFR1,1.0649364395250243,NA,0.2869046936730234,0.0015125626395365757,0.0168855611073321,0.04039084184354375,NA,15,19,19,0.005032163130313541,0.04578529346761983
ENSG00000186297.11,GABRA5,-1.0642479925650854,NA,0.28721637105940356,0.017103521096473454,0.13966882617898072,5.414979649024504e-10,NA,9,9,9,0.005510791855941169,0.06225177797419115
ENSG00000133818.13,RRAS2,1.0635022310258262,NA,0.28755425397107637,0.018371870313652592,0.10803024184214156,9.616201109021717e-08,NA,38,41,41,6.717396187832126e-06,0.06798327780005008
ENSG00000177359.17,OVOS2,1.062618679340576,NA,0.2879549125644262,0.009515654583619571,0.03979464723664662,0.0015381377747870275,NA,10,11,11,0.0038753385457613618,0.06533696569606265
ENSG00000272505.1,RP11-981G7.6,-1.062457321410194,NA,0.28802812316403226,0.06680903994436521,0.1376655212083153,8.371002139801238e-10,NA,79,85,85,1.3700984541604983e-08,0.274962283707386
ENSG00000181104.6,F2R,-1.0620498676351604,NA,0.28821304713806717,0.025539142860649112,0.166984511841014,6.297573583548394e-12,NA,21,22,22,0.1377654179048652,0.112833245633688
ENSG00000106327.12,TFR2,-1.061761363033755,NA,0.288344034116252,0.003788055994062567,0.036845155179456364,0.0022956332927407505,NA,20,20,20,0.016467587241494535,0.0731813560932106
ENSG00000008382.15,MPND,1.0612518226818286,NA,0.2885754738647499,0.009249940244670261,0.049315549641320205,0.00036860612298943217,NA,35,40,40,2.6205051531791232e-05,0.07244592989398847
ENSG00000116698.21,SMG7,-1.0607141437041794,NA,0.2888198302829531,0.005517891423483648,0.04294663777925766,0.0008667195116151137,NA,29,30,30,2.3159994528729352e-05,0.0582761724691128
ENSG00000183172.8,SMDT1,-1.0603315238080846,NA,0.2889938026307103,0.07073750409535477,0.6219696170953479,4.2453318507051254e-62,NA,10,14,14,0.14667145081499183,0.049312761521944935
ENSG00000178301.3,AQP11,1.0601876548196256,NA,0.28905923627286145,0.00782518012267841,0.0405270582253928,0.001336665968158001,NA,32,35,35,0.004765511067045897,0.07663087738170828
ENSG00000181264.8,TMEM136,1.0598659853119279,NA,0.2892055722019816,0.006677656396610424,0.09685155291551713,3.092476010249929e-07,NA,51,52,52,7.370572930264616e-05,0.06255978193552354
ENSG00000156218.12,ADAMTSL3,1.0586557488001138,NA,0.28975658770580304,0.0048123954687104885,0.02194203627470475,0.01651536117410671,NA,38,38,38,0.0009491886866633934,0.05724423551971128
ENSG00000183186.7,C2CD4C,1.0585297242539649,NA,0.28981400675152,0.01866822798678719,0.09940660030494966,2.749024725676752e-07,NA,15,16,16,0.002426873266694836,0.2151841842409148
ENSG00000186523.14,FAM86B1,-1.0585077526242013,NA,0.28982401820466885,0.023706605345073576,0.033405461164411204,0.003505968888437187,NA,29,34,34,4.6175332463327047e-10,0.2851411970437318
ENSG00000131165.14,CHMP1A,1.0572238163996406,NA,0.2904094527945926,0.008701489518363834,0.034869001282388866,0.0026223811272851768,NA,18,19,19,0.0004331349689380042,0.08306075164903566
ENSG00000160961.11,ZNF333,-1.0564610484114783,NA,0.29075762757399004,0.0009954254647624506,0.0442354085145958,0.0007721745026768223,NA,7,7,7,0.17871855986367446,0.023491612238708232
ENSG00000126464.13,PRR12,1.0563951911392704,NA,0.2907877020945213,0.04145042131720646,0.28695584124788104,9.424465008649263e-22,NA,66,72,72,0.0002676179854339459,0.2069989979054279
ENSG00000206561.12,COLQ,-1.055999468999536,NA,0.290968457460107,0.005945671725382287,0.02932185084485895,0.0065689108424600035,NA,17,19,19,0.13438504379773233,0.20402452851130884
ENSG00000117280.12,RAB29,-1.0556186314011615,NA,0.2911424853035286,0.03420836731280174,0.2506856610274021,2.052200298889573e-18,NA,23,25,25,0.00036903046628251326,0.10504637875693228
ENSG00000174446.12,SNAPC5,-1.0551994979717054,NA,0.29133409372498575,0.00413531726369184,0.07797785310614798,6.983006215352357e-06,NA,21,21,21,0.01040463052681324,0.04163426224775437
ENSG00000187862.11,TTC24,-1.055134568838372,NA,0.29136378390440676,0.004397009677527113,0.046002763943099635,0.0005037621398935643,NA,11,11,11,0.14300588058636016,0.07734737601865785
ENSG00000150687.11,PRSS23,-1.0548531175988807,NA,0.291492506782139,0.0011122712049512994,0.04988730921745538,0.00032414279843692083,NA,2,3,3,0.017511725632668305,0.0430251433372227
ENSG00000167945.1,PRR25,1.0536620583307137,NA,0.2920376657599514,0.00926513874565739,0.034434218854504074,0.003289354755209755,NA,16,21,21,2.3113437075266542e-06,0.19982650761296128
ENSG00000188626.6,GOLGA8M,-1.0522762234865475,NA,0.2926728370196233,0.012527146221204231,0.05187588181208715,0.00026277776327248846,NA,42,63,63,0.019512986932961895,0.08744324273115699
ENSG00000269113.3,TRABD2B,1.0519777149215592,NA,0.2928097741192984,0.005732842389482092,0.05317428238689029,0.00023715038386516542,NA,44,45,45,0.027590206976267732,0.0635779062659699
ENSG00000197323.11,TRIM33,1.049987587095789,NA,0.29372381979896744,0.003065834457859527,0.04060045474837624,0.0013892445137983767,NA,47,49,49,2.85393621295561e-09,0.028219948279189694
ENSG00000198515.13,CNGA1,1.049090759395544,NA,0.2941363486609724,0.025886354266569128,0.1348177009828469,1.971343722435036e-09,NA,31,31,31,2.472897280090378e-11,0.08746203603992547
ENSG00000111850.10,SMIM8,1.048724309655293,NA,0.294305022434871,0.0035608724928835197,0.09066190985046818,4.413682894034605e-07,NA,2,2,2,0.20261063649033573,0.0706431416050011
ENSG00000181555.20,SETD2,1.0469552817999082,NA,0.2951202032778176,0.007133574975240432,0.07230201103115506,1.0753243768388184e-05,NA,26,28,28,0.00016353146677239818,0.07089154888989843
ENSG00000214753.2,HNRNPUL2,-1.0460382723046207,NA,0.29554336258693026,0.009312665390693493,0.02926309520547282,0.006840814846904996,NA,60,63,63,1.7171389955495167e-05,0.09290022434496024
ENSG00000108381.10,ASPA,1.0454195306458183,NA,0.29582911393325917,0.003875428819821895,0.03577538020936101,0.002622243782506382,NA,9,10,10,0.2673428325749523,0.13416184522014268
ENSG00000070778.12,PTPN21,-1.0453187271355928,NA,0.29587568518886287,0.012176593814191436,0.019443531318701898,0.028263763322084405,NA,65,65,65,4.639882579375777e-07,0.12560559598974874
ENSG00000134285.10,FKBP11,-1.0430806908057937,NA,0.2969109228172576,0.0002619666029367889,0.02642630497906677,0.010377524212252088,NA,7,8,8,1.8570707829649792e-05,0.0060404997478031635
ENSG00000110172.11,CHORDC1,-1.0419214967239583,NA,0.29744807673173046,0.005402663862884127,0.027989313923730292,0.007897367720108718,NA,30,34,34,0.0004682792018353016,0.11528139621217715
ENSG00000116791.13,CRYZ,1.041478102504369,NA,0.2976537108926953,0.08041548579544193,0.35656615360274585,4.401543483465998e-28,NA,47,50,50,2.0955912180538155e-09,0.3608355817323913
ENSG00000188312.13,CENPP,1.0411408992012678,NA,0.29781016018258755,0.08771843622277106,0.3244118746477757,6.693503937866932e-24,NA,27,28,28,0.10213779491561252,0.13929611311666865
ENSG00000148484.17,RSU1,1.0404556326956456,NA,0.29812826659457137,0.00903935482229239,0.1450274007585645,1.0373857459401974e-10,NA,16,17,17,0.0004922047691153415,0.07553788730173795
ENSG00000122861.15,PLAU,-1.0401045885933746,NA,0.29829131207069925,0.007365177749911488,0.05156049174893155,0.0002449754237742216,NA,36,41,41,0.0154847306788816,0.22530612933501565
ENSG00000168907.13,PLA2G4F,-1.0398370733221352,NA,0.29841560183351346,0.0016645448207303114,0.042480832664050575,0.0007765534697128198,NA,7,7,7,0.00017234597884549426,0.06430418701912417
ENSG00000040199.18,PHLPP2,1.0397689429279504,NA,0.2984472612913598,0.010741461750156832,0.19243586009014524,1.9515272573118585e-13,NA,26,27,27,1.738439997576889e-07,0.04048373452966388
ENSG00000145725.19,PPIP5K2,-1.0394718387053923,NA,0.29858534862867936,0.004121026868233314,0.06189575322590541,5.9505309015208726e-05,NA,28,30,30,0.12420492491394777,0.03557187483214005
ENSG00000161513.11,FDXR,-1.0393501671992242,NA,0.2986419111088974,0.002027643995156358,0.03517891415541668,0.002947667415012218,NA,17,18,18,0.12367489214470956,0.05967339589913176
ENSG00000005700.14,IBTK,-1.0391575042405203,NA,0.2987314906281684,0.0035501635323697354,0.08400263361751867,2.439234036955684e-06,NA,12,12,12,1.1979013720318605e-08,0.018417617752432485
ENSG00000175220.11,ARHGAP1,-1.037312886814809,NA,0.2995900618824061,0.016717024891991446,0.16115920764180594,1.3487419518401966e-11,NA,32,32,32,0.001036839988766758,0.13293095549827752
ENSG00000197956.9,S100A6,-1.0368316585686466,NA,0.2998143184708676,0.0008697477948651831,0.02334589028921974,0.015610769435048709,NA,18,20,20,0.1031246037176199,0.04891656778233178
ENSG00000262468.5,LINC01569,1.0358167081796155,NA,0.30028766122105277,0.013619638489859845,0.13016247366262107,3.782482066456772e-09,NA,21,25,25,0.01532232854659655,0.10319687984540836
ENSG00000120332.15,TNN,1.0358103987767364,NA,0.3002906052965051,0.005951426321119238,0.06852237095114529,2.04376662580846e-05,NA,4,6,6,0.0008367626989278329,0.1006763965199645
ENSG00000172123.12,SLFN12,-1.0348356217325783,NA,0.30074568408005,0.05085396594104478,0.12061203973544456,2.953201438268827e-09,NA,48,68,68,0.041623200424879526,0.1902655884678854
ENSG00000165102.14,HGSNAT,-1.0347171742039167,NA,0.3008010131040373,0.0016303683219089683,0.019973680713066547,0.026390658628815896,NA,22,22,22,0.2502786833021946,0.04250236223231977
ENSG00000109794.13,FAM149A,1.0346343595172627,NA,0.30083970139893346,0.09470229266915009,0.3904360384364157,1.232077384172589e-30,NA,30,33,33,0.0003386863682901147,0.05341293801572845
ENSG00000164144.15,ARFIP1,-1.0344314108232968,NA,0.30093452636315265,0.027500200649167018,0.28043722068863297,2.5412110268740712e-20,NA,21,22,22,0.060959733324748425,0.056937452487211375
ENSG00000157445.14,CACNA2D3,1.0340321683141012,NA,0.30112112499852495,0.006461325701977496,0.028384350307338182,0.007862408092880047,NA,22,22,22,0.0002799962690943212,0.08165031498438606
ENSG00000133488.14,SEC14L4,1.0334399533248098,NA,0.3013980573487053,0.029857066509099285,0.11294644163696298,3.137570498777622e-08,NA,65,66,66,0.0009894114376113774,0.16500064726604102
ENSG00000124299.13,PEPD,-1.0321059516891926,NA,0.30202248602837634,0.01091065443231742,0.14186865961984346,5.438414544347484e-10,NA,18,18,18,0.005807194712144508,0.03217255688980592
ENSG00000281538.1,RP4-669P10.20,-1.0313181985756834,NA,0.30239162695240607,0.0004680690248961625,0.0630431026033848,5.3483227796226804e-05,NA,5,20,20,0.2592824555486134,0.009167619193506085
ENSG00000124562.9,SNRPC,1.0307044133603869,NA,0.30267945451118017,0.0006574521402189403,0.05559911906454794,0.00012656695154386597,NA,10,42,42,0.002197960133721576,0.08949004463890194
ENSG00000156171.14,DRAM2,1.0292626775380038,NA,0.3033562564679587,0.053669752996999984,0.3448165932266461,9.290611268761053e-26,NA,39,41,41,0.042675561710973316,0.16331716254963452
ENSG00000166313.18,APBB1,-1.0281579755656105,NA,0.3038755228707627,0.00036942617323281325,0.02488249982484585,0.01248424778354315,NA,3,3,3,0.19867234910285514,0.025196530549144728
ENSG00000151148.13,UBE3B,-1.0273824511647225,NA,0.304240411539488,0.0038166740159340123,0.059888437835452224,9.16018196317692e-05,NA,19,19,19,7.394505224018895e-11,0.04897132212415211
ENSG00000127124.14,HIVEP3,-1.027246524297912,NA,0.304304395863504,0.019775731134282985,0.07533522971706112,8.725711931909543e-06,NA,43,47,47,0.019999506823667423,0.17315830875258187
ENSG00000181798.2,LINC00471,-1.026350333040406,NA,0.30472648013510995,0.0051413205849687995,0.09985690022033168,1.3968108149724807e-07,NA,9,12,12,4.581998146573451e-05,0.05318856189541775
ENSG00000170113.15,NIPA1,1.026183269937133,NA,0.3048052057421975,0.0006420132329681499,0.1564611514280622,3.0263167727830424e-11,NA,8,24,24,0.09209235774107982,0.03907489296622717
ENSG00000226091.7,LINC00937,-1.0252787033768738,NA,0.3052317015385225,0.02263846282384859,0.05198698572212135,0.0001961754444289107,NA,46,57,57,0.0023928894392188974,0.1309491642995055
ENSG00000158966.13,CACHD1,-1.0247669896829559,NA,0.3054731456459351,0.016240000490035735,0.04175857678915895,0.0011533295803244047,NA,53,58,58,0.0038243097425531528,0.13258793584285955
ENSG00000198203.9,SULT1C2,-1.0234141270245207,NA,0.3061120827554187,0.020618983386714765,0.29003878098735314,2.092734210805425e-21,NA,15,17,17,0.15617249858503945,0.05426863199462025
ENSG00000197362.14,ZNF786,-1.022544178110153,NA,0.3065234144642097,0.03061002088533204,0.17850689138884573,3.39440139549068e-13,NA,32,33,33,0.0813932021956975,0.05004494474654346
ENSG00000130363.11,RSPH3,-1.0219054354449615,NA,0.30682565964010067,0.031872609125103694,0.15972309705043447,1.1691427676454587e-11,NA,71,73,73,0.10348927081206415,0.044550766053579514
ENSG00000187689.9,AMTN,-1.021835786963005,NA,0.30685862837809696,0.08145718675628083,0.33665364963648065,1.6876178556529756e-25,NA,26,26,26,0.050290590296397236,0.15999780495232405
ENSG00000105607.12,GCDH,-1.0214494049229048,NA,0.307041568422307,0.018650975584006912,0.09645829051471452,3.234013535551775e-07,NA,41,44,44,0.0015165338706605645,0.09580467837937623
ENSG00000163637.12,PRICKLE2,1.020081409812907,NA,0.30768985261280946,0.016270994993636517,0.2537780929195693,1.8459985447602123e-19,NA,10,10,10,0.1377987460964058,0.05944601114316937
ENSG00000161558.10,TMEM143,-1.0199980429093423,NA,0.30772938892385204,0.004164967771034421,0.05411969134875631,0.00020187127678542442,NA,30,30,30,0.03942273555643414,0.04092050576379507
ENSG00000167257.10,RNF214,1.0184745810621074,NA,0.3084524747160664,0.0030407888600296478,0.0631271002924059,6.276050412618393e-05,NA,13,13,13,0.05591786529636391,0.036582099598542
ENSG00000103184.11,SEC14L5,-1.0182905646800235,NA,0.3085398910280971,0.006248208002642363,0.08320597149895091,2.726776227005333e-06,NA,13,13,13,0.033962749307037084,0.018847188061799653
ENSG00000248174.5,RP11-148L24.1,1.0177573254591497,NA,0.3087932968935283,0.0263400546021981,0.1866392243888175,4.5003118765113967e-13,NA,50,55,55,0.017028338418724063,0.18541473693365848
ENSG00000134020.7,PEBP4,-1.0175590282074416,NA,0.30888756677434603,0.026526608157308895,0.1265358151541224,2.3622314026207117e-09,NA,61,63,63,0.0003948876660654576,0.1468242460526103
ENSG00000138326.18,RPS24,1.0174355572424714,NA,0.308946274087481,0.0045323792006867775,0.14354181346735892,2.6303129734697377e-10,NA,6,7,7,0.24891826344718282,0.019175805244955303
ENSG00000184428.12,TOP1MT,-1.0174114901707825,NA,0.3089577182287597,0.0032555120196163167,0.02496503487244683,0.012168892931203077,NA,8,8,8,0.000929706180713106,0.04684448605884593
ENSG00000106688.11,SLC1A1,-1.016405701637268,NA,0.3094362316341238,0.0006531893454614785,0.03839863140706739,0.0014115035773439339,NA,1,1,1,0.3094362316341238,0.04183550007360731
ENSG00000095932.6,SMIM24,1.0161562987286072,NA,0.30955496315386655,0.026577574115739185,0.2290912139288361,7.446244057323254e-17,NA,30,32,32,2.877404059144397e-05,0.06753312850514208
ENSG00000004478.7,FKBP4,1.0159351776846506,NA,0.30966025589041857,0.006953065298454194,0.06434723214483799,4.963910209473455e-05,NA,32,37,37,0.0005136867591964545,0.1286603828743951
ENSG00000135124.14,P2RX4,-1.0152886630057054,NA,0.3099682469529309,0.008337797174720002,0.1322086905151427,1.7321272929721334e-09,NA,16,16,16,0.001685522077601322,0.09086261224295723
ENSG00000173517.10,PEAK1,1.014660923842304,NA,0.310267487114667,0.004707038267692049,0.02369807226883495,0.015195460008821228,NA,36,38,38,0.002198268282148644,0.06475017991540817
ENSG00000160336.14,ZNF761,1.0141399072162807,NA,0.31051599796283114,0.009467348908322135,0.025748443306439828,0.010485753396343207,NA,35,44,44,4.982444919952762e-05,0.10447226025073653
ENSG00000166780.10,C16orf45,-1.0138541912521573,NA,0.3106523325173146,0.007288091548297352,0.0626916174116399,5.0936749785805906e-05,NA,27,29,29,0.01785597226024208,0.10043730587815657
ENSG00000050393.11,MCUR1,1.0138227155789559,NA,0.31066735412100077,0.0032743404123560045,0.043141112228873284,0.0009278986966281184,NA,2,2,2,0.1513060700515757,0.09108884677163301
ENSG00000134014.16,ELP3,-1.0136833059034105,NA,0.3107338924374148,0.04253299485037121,0.3695875336323933,1.0521281227425184e-28,NA,19,20,20,0.04806514885628831,0.07402127576468402
ENSG00000132881.11,RSG1,1.0129492046712294,NA,0.3110844239706807,0.037387982894617394,0.2046450573999932,1.7590620521378953e-14,NA,39,44,44,0.04451710544782603,0.07271675519627532
ENSG00000136875.12,PRPF4,-1.0129311055467827,NA,0.3110930695517592,0.1640498615898887,0.4343267058236328,9.420960037550044e-37,NA,67,77,77,0.000123331372470653,0.17811397407335494
ENSG00000148483.8,TMEM236,-1.0114349725082243,NA,0.3118082897619039,0.0013189220114062337,0.02787583801851166,0.008074359451601223,NA,5,8,8,8.904654585054295e-12,0.03937514711842526
ENSG00000170310.14,STX8,-1.0109121016117761,NA,0.31205850143906777,0.018580944741779806,0.11800434862298445,2.087292327321874e-08,NA,62,63,63,0.00044554209747463535,0.06315877840423516
ENSG00000103253.17,HAGHL,1.0108579009853065,NA,0.31208444586720663,0.015770305583417542,0.1680366027023545,2.2071399636004477e-12,NA,12,14,14,0.04068527714949577,0.09945794113975437
ENSG00000278740.1,RP11-147L13.14,-1.0106407195711888,NA,0.31218841921315355,0.0295862258441602,0.1925781218462427,1.7402003441835041e-13,NA,25,29,29,9.450902039584955e-08,0.05568626708670843
ENSG00000214706.10,IFRD2,1.0087321056762866,NA,0.313103129942501,0.0009633348641705663,0.058795551094729975,9.50973520951535e-05,NA,21,22,22,0.18072743484644893,0.02873778753288405
ENSG00000104731.13,KLHDC4,1.0077446427220305,NA,0.3135770673777407,0.013145660580379193,0.11026098694489923,6.356673185296957e-08,NA,34,45,45,0.013651902866862436,0.2319844654518561
ENSG00000272275.1,RP11-791G15.2,-1.0076786729855398,NA,0.31360874667402705,0.056703303755633615,0.07180683960440169,1.6757041170470874e-05,NA,74,82,82,0.0060194835975344455,0.10217036712871157
ENSG00000213390.10,ARHGAP19,1.0071557737891628,NA,0.3138599223555971,0.0037796332697789554,0.01639942522321557,0.04278543322282005,NA,34,36,36,2.7764538077790448e-05,0.18748113782382048
ENSG00000169957.9,ZNF768,1.0067674252874257,NA,0.31404655196472175,0.00198071313412447,0.02028136722191887,0.024725237941183385,NA,25,26,26,0.061360937902652096,0.14640728013227233
ENSG00000123901.8,GPR83,1.006647140510405,NA,0.3141043723236244,0.009489117475994074,0.041252371663506135,0.0013287310322887855,NA,14,14,14,0.0007447001483907577,0.16088731353505487
ENSG00000010318.20,PHF7,-1.0065645139780803,NA,0.3141440945879671,0.003383421801212605,0.02113248715498815,0.020955424242945237,NA,4,4,4,0.28042817454740254,0.08775430750948701
ENSG00000265912.1,RP11-583F2.2,1.0065642595291135,NA,0.3141442169180523,0.0003367451045806995,0.2698270847256321,3.8509330435386064e-20,NA,1,2,2,0.3141442169180523,0.026460937480196525
ENSG00000196739.14,COL27A1,1.0062516976033944,NA,0.3142945093210052,0.004478223779673737,0.05440240320292882,0.0002035812432377867,NA,16,17,17,0.04501883261244152,0.04313083239442715
ENSG00000169994.18,MYO7B,1.0058448132612015,NA,0.3144902265825945,0.01928506006200945,0.054757430895981465,0.0001909025888692736,NA,67,68,68,0.007544095979797713,0.20928576163893498
ENSG00000136861.17,CDK5RAP2,1.0054644059872668,NA,0.31467328045656306,0.00285465143355831,0.03978940683206312,0.0010854522984887363,NA,15,15,15,0.15100499012333637,0.02662999034493589
ENSG00000100439.10,ABHD4,1.0050769014863195,NA,0.31485982155240766,0.04433791298272152,0.13893731812423282,7.216478475548958e-10,NA,88,101,101,7.399786015580578e-08,0.2359124695823782
ENSG00000139921.12,TMX1,1.0048371825882358,NA,0.3149752564020101,0.027411346597327926,0.1084302414436996,8.54591683403018e-08,NA,89,94,94,0.0011799998154248422,0.07740268611650827
ENSG00000010030.13,ETV7,-1.0047031621505325,NA,0.31503980506512386,0.015887053956181042,0.13357675012877038,1.9050871265263343e-09,NA,24,24,24,0.03613569521534503,0.0731774414031551
ENSG00000165417.11,GTF2A1,-1.004452456838536,NA,0.3151605763504889,0.0017952822612663142,0.01804486385944155,0.03440571193072749,NA,27,28,28,0.0013144450386617975,0.09959181616461428
ENSG00000080345.17,RIF1,1.0039593949908021,NA,0.3153981858326047,0.016536876672352395,0.1600601170291232,3.578595321747495e-11,NA,55,57,57,0.01246369885192914,0.12606303167571167
ENSG00000163138.18,PACRGL,-1.0038103576587312,NA,0.3154700309784213,0.01585602064532999,0.09942237832040447,3.1260825664183235e-07,NA,23,23,23,0.027773433036702887,0.09803876731274716
ENSG00000178445.9,GLDC,-1.0036624794579163,NA,0.3155413279759308,0.014353848694513954,0.0967616139513965,3.741934685063442e-07,NA,9,9,9,0.08751001359869812,0.04509767459262582
ENSG00000167264.17,DUS2,1.0035240778943582,NA,0.3156080655586545,0.007193577536247003,0.06930427581644094,2.4938673531067952e-05,NA,27,27,27,0.00308592908110557,0.2025216590298524
ENSG00000198848.12,CES1,1.0026793963174176,NA,0.3160155740721037,0.011329663968063858,0.12836156430744164,3.986844042569013e-09,NA,43,46,46,0.0010348709511689609,0.04683891201879047
ENSG00000197020.10,ZNF100,1.0026756163518493,NA,0.31601739845621557,0.211362679337311,0.5329101994500997,6.159322124107811e-48,NA,51,57,57,0.15995242183094194,0.3212943069486621
ENSG00000243710.7,CFAP57,-1.0025303740891158,NA,0.3160875042464346,0.00608329228931981,0.3957120252286719,2.8632096901008126e-32,NA,13,17,17,0.12842941733880403,0.11405205765735955
ENSG00000108242.12,CYP2C18,-1.0019175363529005,NA,0.31638342225436933,0.0006768512698078614,0.07345569340219332,1.4561474447675712e-05,NA,6,6,6,0.28329600852215053,0.030278449839262717
ENSG00000169499.14,PLEKHA2,1.0018474069350294,NA,0.3164172968982252,0.0036253820389596223,0.12605529401569526,1.949884985503707e-09,NA,29,31,31,0.06565385437114529,0.07524326857752647
ENSG00000103342.12,GSPT1,1.000227715657027,NA,0.3172003193651354,0.0006609239688891179,0.03800379195100903,0.0017263183232049475,NA,8,8,8,0.10487425380414353,0.02037701850622184
ENSG00000139151.14,PLCZ1,0.9995480420868249,NA,0.31752927845669987,0.012125319852632769,0.09876282795093,3.8832035301708337e-07,NA,18,19,19,0.0041412790246753,0.08461473542107531
ENSG00000166391.14,MOGAT2,0.9994600419340887,NA,0.3175718864994528,0.007409875229467348,0.13207506857759505,1.4239526132686791e-09,NA,8,8,8,0.19666320903404377,0.020585691317443745
ENSG00000119686.9,FLVCR2,-0.9994220929048357,NA,0.31759026187251527,0.0028887706707455625,0.031136395409110118,0.005208730047871695,NA,7,8,8,0.13642024541141984,0.08942648281944449
ENSG00000155846.16,PPARGC1B,0.9986276495641727,NA,0.3179751008358016,0.0025980749395471655,0.0784104967511777,6.497591819888259e-06,NA,3,4,4,0.193047703415696,0.04103812618715317
ENSG00000261000.1,RP11-534L20.5,-0.9985657617341461,NA,0.31800509295070156,0.046105642652775475,0.12662775746234622,6.390934563201924e-09,NA,28,31,31,0.05652297186584261,0.0977186317024348
ENSG00000249797.1,LINC02147,0.9971873102519982,NA,0.3186735992972426,0.011593774455880524,0.046223677628764726,0.0005330941543674315,NA,35,37,37,3.91971686005621e-07,0.0941027434742291
ENSG00000271780.1,RP11-1017G21.5,0.9970511767245117,NA,0.3187396697394018,0.027767308443128483,0.1563182163923473,4.9056317244558594e-11,NA,8,9,9,0.014123521218627347,0.275330632064011
ENSG00000166246.13,C16orf71,0.9962129015155485,NA,0.31914671215476953,0.00889076947970344,0.060579167738419995,5.157276561770158e-05,NA,15,16,16,0.1411079750333116,0.0613456052487346
ENSG00000021826.14,CPS1,-0.9959334417269524,NA,0.3192824853998858,0.006093360674960006,0.01668007694560316,0.03977512096067679,NA,25,25,25,0.0720903629217325,0.07547073782303408
ENSG00000273473.1,LL09NC01-139C3.1,0.9953763859419695,NA,0.3195532391349418,0.005523839050868137,0.05846976188549523,0.0001024535833064101,NA,13,15,15,7.262094733696307e-06,0.04482169880171581
ENSG00000106565.17,TMEM176B,-0.9953147317761835,NA,0.3195832150148573,0.006865019723955911,0.15904806326336945,3.8853521022369526e-11,NA,22,25,25,0.0006392777732608773,0.02774635705929978
ENSG00000204514.9,ZNF814,0.9941389222680022,NA,0.32015523850032646,0.005715327833343615,0.0987960748796427,1.9613382265359489e-07,NA,5,5,5,0.2173406971346552,0.07908325884790525
ENSG00000116032.5,GRIN3B,-0.9940120983105576,NA,0.3202169774835505,0.04904488795420707,0.13476459937767873,1.8902092673246746e-09,NA,18,25,25,0.000296931292257801,0.2118986619634948
ENSG00000270093.1,AP000473.8,0.9934412046981589,NA,0.3204949897377257,0.005024087578716644,0.054746291723848484,0.0001934444697318452,NA,19,19,19,0.011192413827289591,0.02959530043092658
ENSG00000160097.16,FNDC5,0.9926606671464324,NA,0.32087534907014137,0.0016454330071422809,0.025262526648490845,0.0118299855955707,NA,18,19,19,0.10511455880427671,0.056502039904574926
ENSG00000133805.15,AMPD3,-0.9923388866799843,NA,0.3210322399099238,0.017558070509590122,0.11535877368572595,1.5032104968295036e-08,NA,9,9,9,3.921906135254947e-06,0.0652186093740516
ENSG00000103811.15,CTSH,0.9919945940612439,NA,0.3212001625098624,0.020913207752004306,0.2652985763444568,3.994290768519945e-19,NA,20,20,20,0.11012101351013753,0.2532351022554726
ENSG00000136908.17,DPM2,-0.991326754464161,NA,0.32152605294005965,0.004194291937963072,0.01883666044848166,0.0307881026337363,NA,25,25,25,7.243437980103201e-06,0.0669590835090918
ENSG00000170667.14,RASA4B,0.9907526121425324,NA,0.3218063937756446,0.028631620986827984,0.10927993532519108,6.010150074411457e-08,NA,33,36,36,9.724228181732225e-05,0.16621187550910407
ENSG00000177994.15,C2orf73,-0.9901834884834936,NA,0.3220844415377937,0.02110162145659611,0.039968718192963285,0.0014332371540912115,NA,27,28,28,0.0014605141266963474,0.2482405398214609
ENSG00000273036.2,FAM95C,-0.9856827040065603,NA,0.3242888394933082,0.009776880125719957,0.0381485481947906,0.0017515195967671296,NA,41,50,50,1.8515019790663292e-10,0.20182724500095664
ENSG00000168291.12,PDHB,-0.9855034159333016,NA,0.3243768543536226,0.0064052293668243904,0.11808017739171835,2.0006457196079995e-08,NA,20,24,24,5.241530473580064e-05,0.04606222278207957
ENSG00000138029.13,HADHB,-0.9850428804877456,NA,0.3246030085119951,0.018508982637600403,0.03726062729020207,0.00216359165290452,NA,68,72,72,7.034030543833868e-05,0.08047317333667534
ENSG00000090470.14,PDCD7,-0.9847075945090448,NA,0.32476772123205877,0.004146448760361623,0.031902294140175085,0.004538967171602975,NA,17,19,19,0.0051641123741172,0.15218034151857432
ENSG00000224848.1,RP11-535M15.1,0.9846894152838966,NA,0.3247766535197393,0.033263075457207,0.11962203696484612,1.7251814612454526e-08,NA,18,18,18,0.20289323711907492,0.17178418542060786
ENSG00000221838.9,AP4M1,0.9839553611434881,NA,0.32513746158846046,0.0313368561192852,0.2504370787306209,6.476790196417413e-18,NA,13,13,13,0.10563682585476816,0.08730670813129784
ENSG00000108064.10,TFAM,-0.9838005348356178,NA,0.3252135963260204,0.002604396511286761,0.025479059433375816,0.011921443995283271,NA,28,29,29,0.004206594030334839,0.04814893309914451
ENSG00000233927.4,RPS28,0.9837155678971277,NA,0.32525538314345526,0.027853072313852836,0.27424769264903875,8.901398349595384e-20,NA,50,57,57,0.0006791651466269269,0.1973103651552996
ENSG00000175164.13,ABO,-0.9832654051223627,NA,0.3254768318783684,0.03045671262605288,0.2732565514230525,4.026282555723218e-20,NA,32,33,33,0.1631600813271279,0.058924365782467424
ENSG00000075826.16,SEC31B,-0.9827769039479214,NA,0.32571725135754015,0.028374082119846572,0.3620458033834263,8.417192943416082e-28,NA,64,64,64,0.216551165997949,0.026894712820589403
ENSG00000163131.10,CTSS,0.9820104273489434,NA,0.3260947111894478,0.009049811981066814,0.1871041412085596,3.010266067167844e-13,NA,46,54,54,5.78314425821215e-06,0.03641464228596146
ENSG00000205084.10,TMEM231,-0.9818906077539917,NA,0.32615374335499103,0.007173656612997931,0.052700368482995134,0.00025588012571706783,NA,39,42,42,0.020076738884400997,0.08373101978628164
ENSG00000038427.15,VCAN,-0.9817019256156169,NA,0.3262467164810565,0.0019647839875349504,0.0312647645035502,0.004694333024069397,NA,36,37,37,0.07464349040323266,0.03597134032556041
ENSG00000127564.16,PKMYT1,-0.9814364446626588,NA,0.3263775613889319,0.0009006140742772474,0.02304304899027504,0.014457738545421187,NA,6,7,7,0.1824671252600517,0.09582012678048764
ENSG00000250120.6,PCDHA10,0.981400689759414,NA,0.32639518615117324,0.01732033764424392,0.0725979999802357,1.4523815754219079e-05,NA,20,20,20,1.6051852909255765e-08,0.13667898878898824
ENSG00000129347.19,KRI1,0.9811267811029398,NA,0.3265302252109512,0.043473786165789556,0.3250071481279418,2.6349719263740433e-24,NA,5,7,7,0.011052253839247716,0.20988661811760065
ENSG00000141504.11,SAT2,-0.9810928361145417,NA,0.32654696287722296,0.01672528480084714,0.2428624240561301,3.425045160363036e-17,NA,11,12,12,0.012406991104071723,0.045188465598823085
ENSG00000131849.11,ZNF132,0.9808035602791096,NA,0.3266896222306007,0.024790655335840676,0.15380713203804455,1.1106626965271758e-10,NA,26,29,29,1.1704773423459967e-08,0.058314648755943874
ENSG00000178201.4,VN1R1,0.9806528725393694,NA,0.32676395147528303,0.04752418252012641,0.039970808095343716,0.0014228896985371074,NA,60,70,70,0.019934100977256553,0.26193696728810023
ENSG00000130669.17,PAK4,0.9803420019760842,NA,0.3269173282793295,0.006467909180274258,0.11695129039453735,1.3213910235488112e-08,NA,19,19,19,0.040210223885668535,0.04629085170773396
ENSG00000167759.12,KLK13,0.9799438202168315,NA,0.3271138508261048,0.03881768032178809,0.2932975124946498,2.2445138819972227e-21,NA,17,18,18,1.73713268290087e-05,0.11463459834466312
ENSG00000111906.17,HDDC2,0.9796660926299154,NA,0.32725096863853087,0.03289875254551245,0.27510926279830944,8.377723661245277e-20,NA,54,57,57,0.004010104033353275,0.06480651175615988
ENSG00000166451.13,CENPN,-0.9796558477904365,NA,0.3272560273659447,0.007317163254003116,0.0787174180732576,4.666590957576101e-06,NA,29,31,31,0.00034990371044851934,0.09002579040761127
ENSG00000178338.10,ZNF354B,0.9788574495878908,NA,0.3276504189673687,0.005404535590917622,0.12211839725280844,1.1331612107249722e-08,NA,3,3,3,0.31673089462849313,0.050407140474199516
ENSG00000204104.11,TRAF3IP1,0.978757152786994,NA,0.3276999852382583,0.005907906086774859,0.07393780457910809,1.4044395157791012e-05,NA,39,39,39,0.005703329253673004,0.04980262204710702
ENSG00000064933.17,PMS1,0.9786317107840116,NA,0.32776198501450116,0.009874919685031888,0.026092127056295964,0.010424662386825913,NA,27,28,28,0.12209063311649745,0.05544326535104166
ENSG00000021762.19,OSBPL5,0.9769741846958997,NA,0.3285819329142886,0.005575318341696007,0.11937361987637993,1.46064360810071e-08,NA,22,25,25,0.04035159444784542,0.05794249881587207
ENSG00000136279.20,DBNL,-0.9766479162420076,NA,0.32874348849778146,0.0013168683623265064,0.03178687755486775,0.004924674930081606,NA,5,5,5,0.25766627344839543,0.01423646449213794
ENSG00000005206.16,SPPL2B,0.9765863389654711,NA,0.32877398497132715,0.0017482885190690004,0.13760913203409667,1.047949803226452e-09,NA,6,8,8,0.2265417350335882,0.023901591139084882
ENSG00000104901.6,DKKL1,-0.9753807667843123,NA,0.3293714204360262,0.03693394400621392,0.12234088626029528,1.0682932081528212e-08,NA,13,13,13,0.14457364097775954,0.05676251975995054
ENSG00000100336.17,APOL4,0.975348022412197,NA,0.32938765710010454,0.046866884284479327,0.1792620578160644,3.589369843119474e-13,NA,38,45,45,0.003049090982893295,0.2712076466036209
ENSG00000160014.16,CALM3,-0.9745934713484052,NA,0.32976195335994385,0.0009635561721374525,0.04346564861182771,0.0008870750148536799,NA,12,14,14,0.02261634554381704,0.02048569051591938
ENSG00000060642.10,PIGV,0.973070664312919,NA,0.330518182812493,0.01170742891651442,0.1552625207559299,6.666312146954311e-11,NA,62,64,64,0.021329697943525107,0.06856713475652021
ENSG00000260947.1,RP11-384P7.7,-0.9730396586013699,NA,0.3305335919689024,0.02971134030269526,0.18540759010583888,4.294984451292261e-14,NA,22,22,22,0.002131797667113672,0.06123006140109322
ENSG00000198898.13,CAPZA2,0.9724605696129255,NA,0.33082147187874456,0.0005797121602618714,0.029667930852827887,0.006025806649574508,NA,11,11,11,3.718734696142259e-08,0.024751787216369225
ENSG00000170906.15,NDUFA3,-0.9715768375319853,NA,0.33126111020642457,0.0032193029378515432,0.29106562382014034,4.4442420541485066e-21,NA,19,45,45,8.642899897136112e-05,0.028498813626918213
ENSG00000105136.20,ZNF419,-0.9703253113777338,NA,0.33188436452911385,0.008923778715709312,0.022105979445539686,0.01963840866657371,NA,37,43,43,0.027842484781158583,0.05396704812748832
ENSG00000188659.9,SAXO2,-0.970304998094621,NA,0.3318944866975191,0.11176514722426825,0.3269718883517393,1.0597199584131466e-24,NA,37,39,39,0.016824703160233684,0.21635745742123685
ENSG00000176222.8,ZNF404,-0.97025939238494,NA,0.3319172128828649,0.010288142689463209,0.11264030348353282,4.0002636078211556e-08,NA,23,23,23,0.02029014571663283,0.030454853107024282
ENSG00000135686.12,KLHL36,-0.9664218552119477,NA,0.3338331323116983,0.005597909960823196,0.12523281861354132,2.380577709704617e-09,NA,5,5,5,0.29176383504109316,0.0409949513199909
ENSG00000212694.8,LINC01089,-0.9661056448789759,NA,0.33399132019044475,0.018640606472463506,0.1583368823409,3.153459768192629e-11,NA,46,48,48,0.00044045431495667305,0.0811605682355986
ENSG00000135211.5,TMEM60,-0.9656217811250142,NA,0.33423347219758914,0.0027357132212347895,0.08606017189388601,1.1514610972942687e-06,NA,16,16,16,0.034419970433857326,0.024805804437108663
ENSG00000153317.14,ASAP1,0.9655025199512061,NA,0.3342931744256177,0.00978589357382236,0.1443235424226116,4.34160865115452e-10,NA,51,53,53,5.576135423585904e-23,0.08108380421957714
ENSG00000187010.19,RHD,0.9636028983833745,NA,0.335245053156352,0.260601842244911,0.4582726836322893,3.009548450335298e-39,NA,54,57,57,0.026100425075071283,0.27477281205075793
ENSG00000116005.11,PCYOX1,0.9631750404436543,NA,0.3354596885440968,0.0021729186249574203,0.04128909929619377,0.0012456085474912627,NA,75,81,81,1.081260176669038e-05,0.023043062410456745
ENSG00000175352.10,NRIP3,-0.9627540078352493,NA,0.33567098636141035,0.0380944318536986,0.18786916852731236,3.693081331059125e-13,NA,23,26,26,0.0021057556258877314,0.09074895605929233
ENSG00000106723.16,SPIN1,-0.9619126245432493,NA,0.33609349641966324,0.0026137497093858724,0.030610454347673018,0.004798385572008249,NA,14,15,15,0.16780547344402275,0.035735930868821555
ENSG00000152932.7,RAB3C,0.9618104801528724,NA,0.33614481265747265,0.0063853853399473545,0.03839500657554548,0.0018815817308354497,NA,13,13,13,0.3245596569312986,0.01525182152167949
ENSG00000165055.15,METTL2B,-0.9617435423477046,NA,0.3361784442219462,0.0617208366935475,0.30450978491209113,3.1365087250568812e-22,NA,39,40,40,0.00015474004781358715,0.22022950429264126
ENSG00000115339.13,GALNT3,-0.9616266143614618,NA,0.3362371975497829,0.010359971244667622,0.07285167455541793,1.3775215336587628e-05,NA,95,95,95,4.848917129784894e-05,0.101336269578939
ENSG00000275718.1,CCL15,-0.9609191934379149,NA,0.33659279939843756,0.0014398483770187386,0.11564396972750285,2.2312629165412598e-08,NA,11,39,39,0.06667063092036689,0.07364327175477567
ENSG00000142330.19,CAPN10,-0.9601369268938209,NA,0.33698630570709454,0.013038852365893864,0.1348092555815604,1.5788460077660315e-09,NA,52,56,56,0.0004257710678578416,0.05045838099742059
ENSG00000137747.15,TMPRSS13,0.9594156249569883,NA,0.33734940677534164,0.007622076745914541,0.01674673498803655,0.0421804379003792,NA,26,34,34,0.016864211847355058,0.07590131269956928
ENSG00000138050.14,THUMPD2,0.9593946494353685,NA,0.33735996954644976,0.003973343321216289,0.02191371262363895,0.018897429065001036,NA,16,16,16,0.0073821860228360904,0.03517138286087392
ENSG00000277462.1,ZNF670,-0.959241990590686,NA,0.3374368512932976,0.06422457333608689,0.12075943303593215,3.466274730887013e-09,NA,82,85,85,1.3388238452263382e-12,0.17381103613489687
ENSG00000073921.17,PICALM,0.9587452433371827,NA,0.3376871000926335,0.0006475709009290631,0.04795833897993871,0.0005216114624485564,NA,8,8,8,0.016745233224351685,0.021316164304172658
ENSG00000099957.16,P2RX6,-0.9582906433579784,NA,0.3379162206206865,0.04729671286157683,0.05762689015907956,0.00012488406777540057,NA,83,89,89,0.0029808435963064365,0.18775980124194294
ENSG00000165643.10,SOHLH1,0.9575501455410534,NA,0.33828964876076295,0.006020957986270615,0.12056261776558733,1.3906520297072556e-08,NA,5,7,7,0.2714543451918525,0.11989377163254633
ENSG00000198721.12,ECI2,0.957306458547387,NA,0.3384125964235858,0.00619148257678693,0.16431090634472975,4.7625870924513635e-12,NA,39,39,39,0.012408085100216721,0.04618996766529603
ENSG00000264964.1,RP11-888D10.3,-0.95660731523071,NA,0.33876549516214904,0.005426597993724004,0.04235910679135126,0.0009938658770781226,NA,4,4,4,0.00015604093106765508,0.17755445581452645
ENSG00000119397.16,CNTRL,0.9562049062841219,NA,0.3389687216730125,0.006474114379018387,0.05052932985497752,0.00034177570579424705,NA,23,27,27,0.0026105212708758194,0.23633389817300526
ENSG00000228549.3,RP11-108M9.3,0.9558482267243745,NA,0.33914891909450484,0.0022646757086014903,0.03304774457948198,0.003904354382292492,NA,26,29,29,0.0018754776029552061,0.04583349150779495
ENSG00000074370.17,ATP2A3,-0.9547111043483139,NA,0.33972381278727715,0.00031676816793327025,0.022519321461631117,0.01644388461749477,NA,5,5,5,0.14614583720604604,0.009197342366392709
ENSG00000174718.11,KIAA1551,-0.9538858851506958,NA,0.3401414089640993,0.0037336686033297727,0.03880373081641087,0.0017237302318416855,NA,16,16,16,0.1937373212318536,0.04026632725134118
ENSG00000106344.8,RBM28,0.9537167556361567,NA,0.3402270363317417,0.002818739505173775,0.035921619222547094,0.0024996975767071247,NA,15,15,15,0.004454243371016805,0.0406873931247396
ENSG00000152942.18,RAD17,-0.953609420725878,NA,0.34028138531756214,0.006897161376716697,0.05045829856820624,0.0002145765012825872,NA,33,37,37,1.943325244777106e-10,0.20682455093725266
ENSG00000117174.10,ZNHIT6,0.9528580418417292,NA,0.34066200147355674,0.0334190011170569,0.29011050937945143,5.998908947134377e-21,NA,74,77,77,0.1453100293572112,0.021248109962561226
ENSG00000277022.1,RP3-453C12.15,-0.9527563662209256,NA,0.3407135269009094,0.029265454011330922,0.03153203030296077,0.004846128617852906,NA,63,67,67,2.4425584911652894e-15,0.1594787474447229
ENSG00000138134.11,STAMBPL1,-0.9522714112951582,NA,0.34095935272238376,0.0023622199561878798,0.017889296616165357,0.031149564026112013,NA,26,27,27,0.11786141320100275,0.10669518178229556
ENSG00000168903.8,BTNL3,0.9520752730570624,NA,0.34105880832278623,0.18397067118177163,0.4469043563152098,2.518117982069934e-37,NA,17,18,18,0.12782710639635336,0.113906772789443
ENSG00000122483.17,CCDC18,0.9519331026607925,NA,0.34113091012012275,0.01031426756746579,0.08363308086969003,2.7811255557204587e-06,NA,15,16,16,0.0038352485108199583,0.06499617950035454
ENSG00000185917.13,SETD4,-0.9502769813276981,NA,0.34197153190410556,0.003058228895545087,0.03247480380253378,0.004087910979911356,NA,22,22,22,1.6969409864827326e-05,0.05011433825529511
ENSG00000162961.13,DPY30,0.9497607584286721,NA,0.34223382940699565,0.00893752728936884,0.016838403931357184,0.04180539475729609,NA,31,36,36,0.006148198152275474,0.04719818369383391
ENSG00000111752.10,PHC1,-0.9483638970277257,NA,0.3429442322053119,0.00606028659940569,0.06931714936021194,2.2036884218519432e-05,NA,31,33,33,0.007387018169852919,0.05793511126179606
ENSG00000170954.11,ZNF415,-0.9481219954304784,NA,0.3430673519388264,0.01152809453194791,0.07640569248721829,7.850443960029673e-06,NA,22,23,23,2.6921753225979466e-10,0.08482378793218331
ENSG00000128656.13,CHN1,-0.9476960443343905,NA,0.34328421528919195,0.0019770956191680973,0.035178035187343915,0.002922132355427466,NA,9,9,9,0.04583065038535613,0.05983660961822927
ENSG00000140386.12,SCAPER,-0.9476390286672284,NA,0.34331325016902225,0.040330782175145616,0.34793994053305416,2.6401693461560067e-26,NA,20,21,21,0.02052738579684778,0.0429101221506365
ENSG00000018699.11,TTC27,0.9475726280849447,NA,0.3433470662368865,0.001402168868346393,0.03483016578113127,0.003060658837382015,NA,6,6,6,0.35609627776624997,0.023895960751823892
ENSG00000135540.11,NHSL1,0.9467777136845227,NA,0.3437520604097084,0.029497488695569597,0.1467721943366795,1.7457353359908578e-10,NA,49,52,52,0.004314051828208463,0.082508653613737
ENSG00000197124.11,ZNF682,-0.9458180025166312,NA,0.3442414217714521,0.07539259570096729,0.3218114122148044,3.4356520063170006e-24,NA,50,54,54,0.009306703439545498,0.13237350897343492
ENSG00000198680.4,TUSC1,-0.945620327955478,NA,0.34434227218099966,0.001752035831640401,0.06955093823701552,2.443933576343046e-05,NA,6,10,10,0.0037488450734788977,0.05026782400365983
ENSG00000225535.6,LINC01393,-0.9454012470084675,NA,0.3444540658135422,0.010065394489331005,0.021728707152054032,0.01943931074058883,NA,12,13,13,0.003995945570732748,0.08256968196612889
ENSG00000185024.16,BRF1,0.9452783966710164,NA,0.3445167645818811,0.006724222997163159,0.04986546210953003,0.0003396939775583828,NA,9,13,13,0.060407406292329144,0.05036436295325078
ENSG00000234690.6,AC073283.4,-0.9448011795808037,NA,0.3447603895553374,0.018857822045194053,0.07634213904996139,8.304654915168011e-06,NA,59,64,64,5.0389626115771974e-06,0.19903945273588888
ENSG00000162769.12,FLVCR1,0.9447254194991681,NA,0.3447990760795443,0.014979066393278614,0.0564838884252027,0.00013171491604357187,NA,68,74,74,0.009493259425863149,0.11055296377990892
ENSG00000176907.4,C8orf4,-0.9445401458947309,NA,0.3448936968275512,0.0017060242560805194,0.021373638788560283,0.02031296906626796,NA,14,14,14,0.09473476952698098,0.02876936404157584
ENSG00000231887.6,PRH1,-0.943790876676028,NA,0.34527652365716044,0.0040528064384550535,0.500990073248704,3.5268450982727336e-43,NA,12,33,33,0.029137228421042115,0.07975473877790651
ENSG00000178734.5,LMO7DN,-0.9437205169692839,NA,0.34531248670605086,0.0024775179928182775,0.016090671215725067,0.0434624919450211,NA,17,17,17,0.3243087246582135,0.019488668795428103
ENSG00000177700.5,POLR2L,-0.9429856271823055,NA,0.34568825460917163,0.0042998718345878,0.024603658001801483,0.01311397638000975,NA,16,22,22,0.015878142863353404,0.048911651526489235
ENSG00000170890.13,PLA2G1B,-0.9426678853377709,NA,0.3458508047875578,0.031385270017507655,0.034672216343286884,0.002844175777366423,NA,46,48,48,0.03903093014643238,0.18213520247730772
ENSG00000250971.1,RP11-696F12.1,-0.9422508452843401,NA,0.34606422778235324,0.021430189032786488,0.06938067145649641,2.579066870272991e-05,NA,36,38,38,0.010839798705808562,0.09605829255116692
ENSG00000147459.17,DOCK5,0.9421975409763654,NA,0.3460915126591506,0.002849024449151567,0.02400627351753672,0.013317565076682495,NA,6,8,8,0.1461508661769009,0.05503068359500391
ENSG00000167656.4,LY6D,0.9420375518813012,NA,0.34617341450829286,0.011321100622361004,0.04446974081225656,0.0007633004270042341,NA,13,14,14,0.01807389934170878,0.11498000269133007
ENSG00000162222.13,TTC9C,0.9418908800055442,NA,0.34624850983350575,0.00910748918867986,0.08408096871371261,2.892253636891515e-06,NA,44,46,46,0.001656042729158857,0.04788547319823825
ENSG00000162746.14,FCRLB,0.9411885336718331,NA,0.34660825171213683,0.00872889834258173,0.03638974218395214,0.002353317096887702,NA,9,9,9,0.03296359676119169,0.10871215815017483
ENSG00000176155.18,CCDC57,-0.9409021829316601,NA,0.3467549888616195,0.019463036826182313,0.21439621775599005,1.4029634299708354e-15,NA,58,61,61,0.013640038764493299,0.0518509534301543
ENSG00000128218.7,VPREB3,0.9405139954898438,NA,0.3469539741934301,0.013475129987447022,0.053962786787180514,0.0002136727500681203,NA,28,33,33,0.03234260222973771,0.09417894915126264
ENSG00000150627.15,WDR17,-0.9388185946643014,NA,0.34782389025617655,0.010803029715143813,0.06643583391187492,3.2969102747999645e-05,NA,50,54,54,7.642546010451981e-09,0.06060699333245826
ENSG00000263033.2,RP11-396B14.2,-0.938558808352727,NA,0.3479573099593305,0.004449525596294751,0.051374391666911164,0.00025070918102924205,NA,8,8,8,0.1520176870692802,0.09455512991712994
ENSG00000060237.16,WNK1,-0.9378407875865019,NA,0.3483262365582277,0.0020394219152441557,0.019831941094845276,0.026255286000180605,NA,19,19,19,0.0006761157136519594,0.04541873716513966
ENSG00000143367.15,TUFT1,0.9371288526521311,NA,0.3486922815571598,5.308106665024622e-05,0.0362865030826464,0.002265275512006921,NA,3,4,4,0.3701111677558344,0.00699052464726569
ENSG00000263155.5,MYZAP,-0.937073419383051,NA,0.34872079310852444,0.004926261518584348,0.041108706815722304,0.0011836828506015427,NA,24,28,28,0.0021413453054376524,0.09685155779416008
ENSG00000169302.14,STK32A,0.9369637800293908,NA,0.3487771893826944,0.0064631705016951705,0.110846252135642,5.797216515281562e-08,NA,6,6,6,0.00020621686720998856,0.0899337800237366
ENSG00000139178.10,C1RL,0.936877225837996,NA,0.34882171520693195,0.004673913859146119,0.11014484588531602,6.682284084056681e-08,NA,24,25,25,0.0016911298305195281,0.12153909942657712
ENSG00000270154.1,RP11-419I17.2,-0.9362692646349465,NA,0.34913456869533166,0.026846968561286683,0.030757296301866556,0.0053597445316617654,NA,48,61,61,0.0007471151744206269,0.11259057514964485
ENSG00000182093.14,WRB,-0.9360215287289944,NA,0.34926210331168805,0.00896349546534879,0.12499112077647655,5.408049124893491e-09,NA,17,18,18,1.891737826989559e-08,0.030466123811310843
ENSG00000188707.5,ZBED6CL,0.935803964664896,NA,0.34937412983596206,0.07145144122428321,0.3867849935197674,7.521441277191276e-31,NA,14,14,14,0.14258433016175825,0.08227763096251739
ENSG00000219626.8,FAM228B,-0.9346725597284198,NA,0.3499570724697415,0.029903525913195183,0.3920953240437439,1.174691369036031e-31,NA,37,37,37,2.982946720787264e-08,0.11295731617276936
ENSG00000116761.11,CTH,-0.9346306080617702,NA,0.34997869941531023,0.0020791758329424285,0.025338114163814787,0.01118244244410404,NA,12,12,12,0.0009158301692901128,0.05574929842110888
ENSG00000163251.3,FZD5,-0.9332916314504496,NA,0.3506694147858884,0.003135366507890109,0.043326234175851096,0.0009991811424446713,NA,24,25,25,0.007653469967952553,0.042770251970185684
ENSG00000179528.15,LBX2,0.9327638702467583,NA,0.3509418994051935,0.028011068480575288,0.217687412364934,1.6461910188417893e-15,NA,28,29,29,0.05806267200357164,0.116098697674671
ENSG00000274286.1,ADRA2B,0.932525978896787,NA,0.35106476725992863,0.016802479721146978,0.10481768183770963,1.4186758279783585e-07,NA,9,9,9,0.08735284238212535,0.09758446999262302
ENSG00000118777.10,ABCG2,0.9319280991155336,NA,0.3513736849043063,0.00963120620327879,0.05105256182307311,0.00030774398202526,NA,16,16,16,0.13141222250346882,0.08813076577066457
ENSG00000120160.10,EQTN,0.9316833919423707,NA,0.35150017195760397,0.036309142784331866,0.0332965869291995,0.003953798224419528,NA,46,48,48,0.01931858533999974,0.41179310370109584
ENSG00000277135.1,RP11-327J17.9,-0.9315544134407566,NA,0.3515668514532233,0.025681110132905895,0.07873180658586644,4.9957494401953945e-06,NA,79,91,91,0.002191669270769706,0.07671359431283876
ENSG00000277559.1,RP11-434E6.4,-0.9310797086857598,NA,0.3518123340250884,0.0035598470924939284,0.08124386717877813,3.7923510320788238e-06,NA,11,11,11,0.12172261596127273,0.06490361061056786
ENSG00000188191.14,PRKAR1B,0.9308684046608509,NA,0.35192163991406666,0.03081565091400617,0.1494619166443323,1.2140350546933614e-10,NA,17,19,19,0.05591286245561931,0.11029914632107364
ENSG00000197928.10,ZNF677,-0.9304724928717271,NA,0.3521264998151342,0.01163774929692859,0.10550546131250156,9.111106299217024e-08,NA,12,12,12,0.05886534185429333,0.11232915739996728
ENSG00000177599.12,ZNF491,-0.9297727132348348,NA,0.35248877717187066,0.00450120400605636,0.056906907282494465,0.00012993925547567992,NA,4,4,4,0.2987536615706846,0.03828659782121141
ENSG00000100473.15,COCH,-0.9295768427344304,NA,0.35259022196894774,0.011980133777096379,0.10068691018829468,3.0076999082446606e-07,NA,9,17,17,0.17890183048643316,0.10277885846255826
ENSG00000134242.15,PTPN22,-0.929151147435704,NA,0.35281076079423535,0.003208740154865857,0.05380047531203587,0.00013266378144576027,NA,18,18,18,0.0018899693645466594,0.04404793818664268
ENSG00000197646.7,PDCD1LG2,0.928815094847437,NA,0.3529849202840374,0.057512314546498085,0.190386381218782,1.5956002753905264e-13,NA,68,76,76,0.016994707104974124,0.17281906607951694
ENSG00000133884.9,DPF2,-0.9287294579382757,NA,0.3530293103652613,0.004782573895183554,0.04964625510713171,0.00040703481006730134,NA,22,22,22,0.013078296345743477,0.054462895415668185
ENSG00000196961.12,AP2A1,-0.9283696840926731,NA,0.35321583850687677,0.0014530607211606567,0.06116500165426459,6.901934235268403e-05,NA,17,24,24,0.007210394401459315,0.03967563548964205
ENSG00000155980.11,KIF5A,0.9277647367773847,NA,0.3535296196177742,0.003600908928312422,0.018290850009557654,0.033073178257240606,NA,35,36,36,1.1018451267143143e-06,0.11267365959155205
ENSG00000167644.11,C19orf33,-0.9276951796449916,NA,0.35356570961253,0.006119209158052448,0.09395844189878452,3.496400219862176e-07,NA,16,16,16,0.3374263164924044,0.06289580844258268
ENSG00000176927.15,EFCAB5,-0.9275646748204806,NA,0.35363342884354365,0.029818231011783283,0.08925840545740144,1.1865417124798451e-06,NA,45,47,47,0.00012830380343917784,0.1027542437860122
ENSG00000049239.12,H6PD,-0.9269413027548182,NA,0.35395701103437416,0.010319099883952045,0.059286659082388164,8.11914385375331e-05,NA,21,21,21,4.911380226825142e-09,0.12744679947457882
ENSG00000075568.16,TMEM131,-0.9257823824805277,NA,0.3545590845520883,0.002691736686539422,0.030629379338614825,0.00517529089795153,NA,43,43,43,0.0006217426783088716,0.03837631931239574
ENSG00000154945.6,ANKRD40,0.92566988494219,NA,0.3546175628406658,0.009975758833597075,0.12946962107013193,2.4887675851756503e-09,NA,42,44,44,0.0006742338493405961,0.0652259548932569
ENSG00000178209.14,PLEC,-0.9250857319828331,NA,0.35492131419894823,0.010285861347361556,0.18642308578529093,5.082369378327894e-13,NA,10,13,13,0.050754799558309284,0.05120915355364397
ENSG00000123989.13,CHPF,0.9250695628827885,NA,0.35492972423984315,0.0050627461824145625,0.02162660150699513,0.0199272092528233,NA,44,54,54,0.00010338976859754926,0.0993242023944224
ENSG00000181350.11,LRRC75A,0.9246475979011939,NA,0.3551492455423628,0.0018206334760945415,0.024737781578285968,0.01240930571624013,NA,5,5,5,0.337672865038144,0.030365723665122163
ENSG00000155849.15,ELMO1,-0.9242501022907644,NA,0.3553561153608572,0.003602802356844447,0.021135101176727896,0.021783636100340547,NA,37,39,39,0.038377127437443974,0.06285858107905512
ENSG00000281162.2,LINC01127,0.9240369639275028,NA,0.3554670708985542,0.002754003156291003,0.04569585914073173,0.0007129899151622409,NA,2,2,2,0.3524039486859827,0.03927170208008507
ENSG00000164008.14,C1orf50,-0.9225894952183558,NA,0.3562211720910605,0.001778860083126756,0.017572107388592932,0.03623593099647687,NA,7,8,8,4.9105609618469425e-05,0.02026683835314631
ENSG00000140521.12,POLG,-0.9223717532360557,NA,0.35633469835271947,0.003383411570098594,0.02830289665584589,0.007575030062604275,NA,19,20,20,0.0005563092878570589,0.031088373235863113
ENSG00000146233.7,CYP39A1,0.9211834692122773,NA,0.35695464734543236,0.004423794170505939,0.07439510400540827,1.07595609777732e-05,NA,8,11,11,0.31738230878723184,0.052396933070533086
ENSG00000231742.5,LINC01273,0.9204314154801944,NA,0.3573473580595662,0.1545991207791143,0.3925171665333924,8.215245713099152e-31,NA,51,58,58,8.318719068219176e-08,0.2958156375252913
ENSG00000188818.12,ZDHHC11,-0.9200356798525329,NA,0.35755411422136973,0.006888010596213024,0.13202884003537416,9.931821507278506e-10,NA,26,38,38,0.0011262671248158703,0.07333280761390525
ENSG00000182534.13,MXRA7,0.9192052439483038,NA,0.35798822879538883,0.020290197196316806,0.287579598235214,3.6959534488091025e-21,NA,58,60,60,0.000199884271981539,0.08842388299312444
ENSG00000105298.13,CACTIN,-0.9190840220193544,NA,0.35805162590104467,0.00210432659362184,0.02747274160927821,0.008785913644955094,NA,11,11,11,0.028897207824505382,0.033519452179006724
ENSG00000164715.5,LMTK2,0.9190546871153388,NA,0.3580669686422794,0.000889516904926998,0.06840031793278084,2.4182504258230247e-05,NA,5,5,5,0.1758611269030811,0.02055447542321746
ENSG00000178971.13,CTC1,0.9162721768225948,NA,0.35952415731454634,0.012604737156193488,0.1394741240179115,1.080630493328796e-10,NA,20,22,22,0.03253793693759994,0.07199453157093469
ENSG00000104763.18,ASAH1,0.915428779029058,NA,0.35996657583758795,0.006183723452856057,0.03342552875735662,0.003512014787959261,NA,27,28,28,0.022256629053529584,0.03779750631699327
ENSG00000174032.16,SLC25A30,0.9153506708860089,NA,0.36000756606935946,0.009574226236972282,0.04628617594616535,0.0006747294023845714,NA,27,29,29,0.010153298512289752,0.1086194800784399
ENSG00000166762.16,CATSPER2,-0.9144271269918836,NA,0.36049245318934775,0.032237260535793205,0.09405604765792072,7.299135225107946e-07,NA,40,41,41,0.00027284399747980155,0.19757959329025046
ENSG00000144369.12,FAM171B,-0.9139724188550373,NA,0.3607313385535518,0.005047768356273383,0.09637992320786612,3.69757336723844e-07,NA,8,8,8,0.300369566605182,0.07139925094423796
ENSG00000231943.7,PGM5P4-AS1,0.912721549046873,NA,0.3613890075204014,0.003435381685138461,0.1011588433539322,2.391395613041798e-07,NA,22,25,25,6.495833222039205e-05,0.0688566006740551
ENSG00000113812.13,ACTR8,-0.912462005604765,NA,0.3615255616194899,0.018954550824603688,0.17332527681687512,1.4180148412267482e-12,NA,29,31,31,0.0002763897593090942,0.04240664066878485
ENSG00000178966.16,RMI1,-0.9116952435919389,NA,0.36192916852760926,0.005242075265213255,0.07467732599004291,8.068749547176759e-06,NA,31,32,32,0.01372245743352986,0.043588191539871465
ENSG00000188086.13,PRSS45,-0.9116479729907265,NA,0.36195405998455543,0.056419186499344395,0.17716360794173644,1.774578710631477e-12,NA,20,21,21,0.07861816411987305,0.2600611947614916
ENSG00000046604.12,DSG2,0.9115328044697514,NA,0.3620147091930148,0.0006180715635500614,0.05751666585086272,0.00010107671009102196,NA,2,2,2,0.2290248735700945,0.01955105915187997
ENSG00000073169.13,SELENOO,-0.9113548770760119,NA,0.3621084205395708,0.0019359562694578531,0.08524571100011005,2.1544673579959874e-06,NA,7,7,7,0.001079632992312857,0.022849582926610323
ENSG00000204588.5,LINC01123,-0.9113482327219693,NA,0.36211192030272843,0.010584626511504953,0.028216925198912637,0.007448453230974158,NA,34,35,35,0.0015492623124823172,0.03914266042747167
ENSG00000127837.9,AAMP,0.9103009498393322,NA,0.3626638177692091,0.0010101228376526408,0.022192713171058927,0.0182411300770713,NA,49,50,50,0.08876890720513801,0.019507504106992982
ENSG00000135390.17,ATP5G2,0.9098317166174651,NA,0.36291126521023276,0.011170314411184813,0.2002666841859368,1.8052155340776052e-14,NA,38,38,38,0.0882413825504013,0.05153167043681437
ENSG00000119509.12,INVS,-0.9096024873165104,NA,0.3630321863820798,0.020809200453801212,0.21448263516776025,2.3956423846663706e-15,NA,30,30,30,1.2349453109555152e-05,0.05780496985203064
ENSG00000089916.17,GPATCH2L,-0.9087421177993983,NA,0.3634862664175852,0.006548213484145672,0.09994116943732888,3.088849785983241e-07,NA,22,24,24,0.012874823997704215,0.05981464290475232
ENSG00000261221.3,ZNF865,0.9075503707927873,NA,0.36411582531970155,0.0005731932074573454,0.022856393301181915,0.017184104305028747,NA,3,3,3,0.35062576786371014,0.0326296679300355
ENSG00000099994.10,SUSD2,-0.9067486845554962,NA,0.36453971185577905,0.0034953838856856003,0.07649182707664122,6.707182377608796e-06,NA,23,24,24,0.29648272859084335,0.033464478487016044
ENSG00000100099.20,HPS4,-0.9060284030058515,NA,0.364920819064817,0.01607768271646442,0.17444766969481754,1.107834621786175e-12,NA,60,64,64,0.005014796445748228,0.08764764324633227
ENSG00000140650.11,PMM2,0.9054854256808982,NA,0.36520827753878615,0.0010894070729018403,0.02202255664896172,0.017821241758322982,NA,14,15,15,0.029216532980038377,0.022121848911490518
ENSG00000230387.2,RP4-737E23.2,-0.9054347206638684,NA,0.36523512857831064,0.020449812738828448,0.1323082817015817,2.2190182965871454e-09,NA,5,6,6,0.29934127189427184,0.1252101151639389
ENSG00000106771.12,TMEM245,-0.9051041855488432,NA,0.3654101949479318,0.0011862068266570366,0.052197293153575096,0.00017145476004102743,NA,10,10,10,0.1893564703643258,0.009933342990880743
ENSG00000143621.16,ILF2,-0.9045312733876668,NA,0.36571375926068406,0.0008373609797215306,0.01865156766101568,0.030019084411046237,NA,10,12,12,0.03958165768148938,0.059486598191703426
ENSG00000165730.14,STOX1,0.9044587268679966,NA,0.36575221012026093,0.03574498026614217,0.24049555193341385,1.0147729704306304e-17,NA,52,57,57,0.003190796645465979,0.2620617648269696
ENSG00000236204.5,LINC01376,-0.9044254835886817,NA,0.3657698304530492,0.020312394351783718,0.06790348050390907,2.864084983073869e-05,NA,44,45,45,0.0016659567580337886,0.2867549209393941
ENSG00000160781.15,PAQR6,-0.903347212937138,NA,0.36634164639590916,0.02599890889784766,0.16121312221454984,1.6276992803064323e-11,NA,33,34,34,0.007049801482344326,0.09366825358893237
ENSG00000112294.12,ALDH5A1,0.903153718732446,NA,0.36644431696530333,0.0018804776190064151,0.039483084854612216,0.0016434768683406484,NA,23,26,26,0.10284765685365313,0.030935515796186343
ENSG00000188352.12,FOCAD,-0.9029995329389878,NA,0.3665261428209504,0.008014990626597511,0.0773920235379564,8.374049412101121e-06,NA,22,23,23,3.962410670661783e-12,0.06302535598556874
ENSG00000171853.15,TRAPPC12,0.9024402233457112,NA,0.3668230620689922,0.021262324583447085,0.09633285750843794,4.583707163896018e-07,NA,70,71,71,0.0002830655310846017,0.16159178513230302
ENSG00000130957.4,FBP2,0.9020751688083389,NA,0.3670169384861538,0.005481881626128062,0.10189491591907993,2.554829237786541e-07,NA,7,7,7,0.13131826484097336,0.061125886845728825
ENSG00000014138.8,POLA2,-0.9017892562802426,NA,0.3671688280505764,0.006428209715679787,0.04263502007119863,0.0008469775779094725,NA,40,40,40,2.7930514577223173e-05,0.0456183381851434
ENSG00000197142.10,ACSL5,0.9017367671734731,NA,0.367196716874731,0.0014335400032561643,0.022994164532087403,0.01665203304832083,NA,8,8,8,0.12744340684619127,0.017260969627657632
ENSG00000158158.11,CNNM4,0.9008752054160483,NA,0.36765467563657117,0.000559162388205322,0.01757741230050109,0.03637826704213877,NA,4,4,4,0.013571422680623073,0.02470601177000476
ENSG00000172322.13,CLEC12A,-0.9007732808356613,NA,0.3677088766507789,0.0482511297452459,0.2882326238838028,2.9466600257675462e-21,NA,5,6,6,0.001026703673347992,0.2350783189291608
ENSG00000148700.14,ADD3,-0.9006761847610381,NA,0.36776051461142756,0.003464356513339468,0.0916078898363864,8.65496465490707e-07,NA,16,16,16,0.01915468053561535,0.017260398330159767
ENSG00000181027.10,FKRP,0.9005419140661745,NA,0.36783193034408834,0.0514762814839101,0.3266283572677932,9.053414632134226e-25,NA,16,17,17,0.1284213321154512,0.14436026404030186
ENSG00000100979.14,PLTP,-0.9000848243213907,NA,0.3680751114150944,0.00782046777934451,0.03859677786322405,0.0014731922420093818,NA,16,17,17,9.198818296965718e-06,0.02638497682575377
ENSG00000161692.17,DBF4B,-0.8999272652853364,NA,0.3681589592298806,0.031427585717748174,0.33715672687646364,1.5604232626190551e-25,NA,33,38,38,0.027363984257012027,0.11099350562772556
ENSG00000246523.7,RP11-736K20.6,0.8995260292070456,NA,0.3683725377635405,0.02287478309767251,0.20039802383701286,2.228655403158154e-14,NA,18,19,19,0.0015896993023222776,0.39453805597305497
ENSG00000111215.11,PRR4,0.8994207082308361,NA,0.3684286130439114,0.040083595642047755,0.3524344062119195,1.2695037834279122e-26,NA,9,26,26,0.1477694508115878,0.13078271280385695
ENSG00000072682.18,P4HA2,-0.8990649089479725,NA,0.3686180879495372,1.7653650463968775e-05,0.020286324708155376,0.02444651940198561,NA,2,2,2,0.12953866715487583,0.005620540293511629
ENSG00000237491.8,RP11-206L10.9,0.8990463716531603,NA,0.3686279613346425,0.030400066397578307,0.22340308389117064,1.0585782565820904e-16,NA,9,11,11,0.013877408728402296,0.3897811310840693
ENSG00000128891.15,C15orf57,0.8986361077542333,NA,0.3688465193438084,0.21950949473764758,0.5095225541714767,1.2923138635627775e-44,NA,46,47,47,0.001870303359409258,0.0986991548641873
ENSG00000107521.18,HPS1,-0.8978469654041581,NA,0.3692671421295788,0.018091517364371902,0.05905945473393564,8.817770871528289e-05,NA,51,56,56,9.851465713505508e-25,0.14845661920851752
ENSG00000272081.1,CTD-2376I4.2,0.8976005142690219,NA,0.3693985647748208,0.03357883866403803,0.02954301205266785,0.0062742535243163755,NA,46,47,47,0.0065348638556756745,0.20292050041873255
ENSG00000157837.15,SPPL3,0.897068189967766,NA,0.36968253150037467,0.013186627405056377,0.12616803699645351,4.990237219554226e-09,NA,29,31,31,0.013254802525731676,0.07854723693401759
ENSG00000101365.20,IDH3B,-0.8967570430220936,NA,0.36984857467131727,0.006567290042099282,0.017040795602130336,0.040311145265829774,NA,74,84,84,0.0004160318086114242,0.11753089198098968
ENSG00000171503.11,ETFDH,-0.8962195993635103,NA,0.37013548993487655,0.0060153840040754105,0.08919557855178245,6.464846818580449e-07,NA,24,25,25,0.05006776741595875,0.07097466958912978
ENSG00000170248.13,PDCD6IP,-0.8957392483510193,NA,0.3703920431717257,0.014385924003310648,0.15118439944219733,1.3020835899643718e-10,NA,62,64,64,3.242822213541044e-12,0.02784556120045469
ENSG00000068745.14,IP6K2,-0.8955159962473402,NA,0.3705113186630583,0.004488202567216508,0.0631950340304803,5.3990653537070364e-05,NA,31,34,34,0.0005169435171207332,0.14906323005115954
ENSG00000281404.1,LINC01176,-0.8951581032490826,NA,0.37070257765420767,0.024735020004908036,0.23206308043043514,9.035681649941801e-17,NA,6,6,6,0.33157195707088793,0.2591674102488777
ENSG00000166788.9,SAAL1,-0.8949411850154166,NA,0.3708185291766042,0.04322024637558136,0.19505486624082868,6.39759978104171e-14,NA,44,47,47,0.021855721294187766,0.14743403476645808
ENSG00000188517.14,COL25A1,0.8949257265960859,NA,0.37082679318293266,0.025882816102258413,0.10099980189753624,1.6682738212999489e-07,NA,19,19,19,0.06929598132584626,0.12264427855738047
ENSG00000182578.13,CSF1R,0.8939355562298524,NA,0.3713563722979547,0.018882867505615464,0.1262126112025946,3.2372350183992753e-09,NA,8,8,8,0.08421689542366531,0.16172057343920684
ENSG00000130517.13,PGPEP1,-0.8917370616720702,NA,0.3725338835508084,0.0028395397371234203,0.031030184717467726,0.004399870015144722,NA,14,15,15,0.011115496441032664,0.0520245544142262
ENSG00000085719.12,CPNE3,0.8916831724198968,NA,0.3725627755940212,0.0100984139409163,0.11259003336667076,5.326830069108456e-08,NA,53,58,58,0.061534556564190344,0.07704086549898975
ENSG00000089022.13,MAPKAPK5,-0.8912564196030234,NA,0.3727916227660266,0.0031843861033219807,0.04606790759232295,0.0005641092515395535,NA,30,31,31,0.06150401605667685,0.09653612358375444
ENSG00000155275.18,TRMT44,0.8910023140987008,NA,0.37292792877507974,0.03146262310820038,0.17454402950561454,3.1981146032257174e-12,NA,19,20,20,0.03501750077639687,0.06597806607514302
ENSG00000144455.13,SUMF1,0.8903241947951913,NA,0.37329183323604953,0.023212288875424314,0.3951174631166877,9.311237074295045e-31,NA,14,18,18,0.08836944088604574,0.06650533209040509
ENSG00000145390.11,USP53,-0.8902754046853821,NA,0.3733180243294153,0.00144284784546311,0.023018277556305474,0.016373684191737296,NA,6,6,6,0.04566928565612777,0.021931408170863684
ENSG00000187815.9,ZFP69,0.8900578234163108,NA,0.3734348383121242,0.033177765355136474,0.15893361004985662,5.069254963368134e-11,NA,38,40,40,0.0007099467410630291,0.05704453568571648
ENSG00000141013.16,GAS8,-0.889626356266704,NA,0.3736665492298096,0.005081356257841145,0.01758756256225372,0.036214968511178836,NA,11,13,13,1.8745936765059316e-17,0.0631623558397587
ENSG00000267457.1,RP5-837J1.4,0.8894782392349011,NA,0.3737461130698392,0.07026385722535262,0.024857023018699742,0.012825733033745408,NA,84,104,104,3.002677184208988e-09,0.2388989551966614
ENSG00000260792.1,RP11-982M15.8,0.8885164419627781,NA,0.374263015532302,0.0030132544462674804,0.04181913747268752,0.0010582182848587224,NA,23,23,23,0.000180827420897674,0.07147639827920663
ENSG00000186448.14,ZNF197,-0.8873620027332803,NA,0.3748840338594316,0.003921161763094637,0.05982402879288989,9.229300158856762e-05,NA,29,29,29,0.0004311044279761929,0.022802341102285448
ENSG00000242485.5,MRPL20,-0.8869372577796691,NA,0.3751126810795342,0.005987187799715297,0.07895840565343831,5.208121571403995e-06,NA,15,17,17,0.03477695875801452,0.13759980984907386
ENSG00000150556.16,LYPD6B,0.8867480076518697,NA,0.3752145852928622,0.003927784905913089,0.07397632100305271,1.112607403857594e-05,NA,29,29,29,0.13787440580976257,0.026594692268475256
ENSG00000052749.13,RRP12,0.8867163009942722,NA,0.37523165983120854,0.0017009564226703557,0.07569623054449076,9.281858777304702e-06,NA,12,13,13,6.88601871981148e-22,0.012735208002228358
ENSG00000187867.8,PALM3,-0.8863815293158316,NA,0.37541196898513307,0.0005704183271141531,0.159258954270055,4.171013212544212e-11,NA,21,24,24,0.02658622732834091,0.01740417236848119
ENSG00000139436.20,GIT2,-0.8862352731916789,NA,0.3754907598227246,0.0006439841252033319,0.03366983306647001,0.0033272583555667124,NA,19,19,19,0.002704281710375855,0.06789175731167015
ENSG00000123609.10,NMI,0.8859717414534141,NA,0.3756327549501972,0.001846767082706426,0.04971352671014497,0.0002768489994641153,NA,17,17,17,2.2221481297015724e-11,0.07159059670993231
ENSG00000137210.13,TMEM14B,0.8847111810912801,NA,0.3763124236779877,0.0013707703889131674,0.06610547645554245,3.666611167917134e-05,NA,14,20,20,0.0637083009456807,0.03828419654878126
ENSG00000281560.1,LSINCT5,-0.8829913059702094,NA,0.37724096888997494,0.00650393570165868,0.05071857674511488,0.00024279706007532842,NA,20,21,21,0.25345106326865674,0.035855707097978175
ENSG00000060566.13,CREB3L3,0.8825358089346376,NA,0.3774871240588502,0.0018600057927578952,0.02297552123904975,0.016467423499218273,NA,5,6,6,0.19507181050058575,0.025895131613268053
ENSG00000152439.12,ZNF773,-0.8818635441261784,NA,0.377850603534286,0.018697871443141428,0.1294266593936613,1.7963614813928336e-09,NA,22,24,24,0.03357006448047775,0.020443927133657183
ENSG00000086289.11,EPDR1,0.8812409870266678,NA,0.378187399328748,0.011538212537958534,0.13439814519605695,6.791104198901503e-10,NA,31,35,35,0.002639602480294957,0.032917112780314964
ENSG00000168952.15,STXBP6,0.8812114239451022,NA,0.37820339719210594,0.02314393938896771,0.042057883150923285,0.0009963851762059355,NA,61,67,67,3.091291246790335e-07,0.1128273953187926
ENSG00000250056.5,LINC01018,-0.8808573715956197,NA,0.3783950226301731,0.014549916480554204,0.13177313448908487,2.7358256288249207e-09,NA,28,29,29,4.7791057525584946e-05,0.16680244540538486
ENSG00000176101.11,SSNA1,-0.8806661367416381,NA,0.37849855044179315,0.0002612191806535582,0.0544253366652448,0.00020807418044705664,NA,1,1,1,0.37849855044179304,0.026667769346876667
ENSG00000184226.14,PCDH9,-0.8803025342988087,NA,0.37869544008683,0.035584382592542575,0.038804623977027435,0.0015025076292030405,NA,61,67,67,0.0005086332596486007,0.21752232381662606
ENSG00000144136.10,SLC20A1,0.8801132568794628,NA,0.37879795819452056,0.008769573896438973,0.09347741205437783,4.250890900229969e-07,NA,23,25,25,0.04137503217398845,0.10067858670767056
ENSG00000198468.7,FLVCR1-AS1,0.8794261376525635,NA,0.37917026531528875,0.22412075222236955,0.5539345552747759,6.957417264075181e-52,NA,17,17,17,0.2175565807737656,0.07080539809055453
ENSG00000141759.14,TXNL4A,0.8791050134077838,NA,0.3793443397117765,0.00811884210894395,0.15222641508653695,1.2240695482942166e-10,NA,27,29,29,0.03417284406867973,0.03218073628496799
ENSG00000103356.15,EARS2,-0.8788949725245124,NA,0.37945822484614045,0.01680193821395376,0.14455576716513538,4.6211103290931153e-10,NA,81,84,84,2.463959748313737e-09,0.05280373748007652
ENSG00000250722.5,SELENOP,0.8788312173292127,NA,0.3794927973663573,0.006558640609490578,0.0383857083398141,0.0018542632533172048,NA,46,46,46,0.01045347449685738,0.08309748557391301
ENSG00000063127.15,SLC6A16,-0.8776819799759024,NA,0.380116326280868,0.008199452567162313,0.07375951497274807,8.014164008163929e-06,NA,28,28,28,0.003494345896616949,0.04102961836938174
ENSG00000101224.17,CDC25B,0.8769692284510122,NA,0.3805033520980281,0.0017049486547936648,0.059857993615020186,9.424125410052736e-05,NA,18,20,20,0.12478272352077817,0.019991723772390203
ENSG00000266904.5,LINC00663,-0.8766403363268324,NA,0.3806820229218997,0.05359067424225063,0.2409661125047545,5.808394559570541e-17,NA,35,41,41,2.6157015362262034e-08,0.6536011580966444
ENSG00000171119.2,NRTN,-0.8758029967528664,NA,0.3811371406497409,0.017380067249953127,0.036014490587959094,0.002644575339461152,NA,60,67,67,3.355601293992652e-07,0.153820896250698
ENSG00000282851.1,BISPR,0.8755914014260984,NA,0.3812522015400511,0.004543614667487039,0.06222352100658327,6.250422703170745e-05,NA,9,14,14,0.011991789517900003,0.053468712304090935
ENSG00000271605.5,MILR1,0.8740211317670118,NA,0.38210674576979164,0.005552497946828621,0.0155427882700078,0.04694890820534242,NA,38,39,39,0.12540852648752787,0.18367784711763607
ENSG00000148296.6,SURF6,0.8730670580428053,NA,0.38262652800374464,0.04285519734868806,0.3069879001022501,1.7149361489886826e-22,NA,21,22,22,0.017245739686984254,0.1029050425537348
ENSG00000115705.20,TPO,-0.8728888298487485,NA,0.38272367527816553,0.0081136737970748,0.0217877887308783,0.01889405032972105,NA,19,19,19,0.0016050389210797834,0.10194194692927476
ENSG00000052344.15,PRSS8,0.872134408805119,NA,0.38313505677668935,0.011627800794850401,0.052402197496149064,0.0002541684224107628,NA,52,58,58,8.165783569206772e-06,0.1017398432170819
ENSG00000143515.16,ATP8B2,-0.8719297245615402,NA,0.38324671662716137,0.008884977290749423,0.025153675765973774,0.011023215322249005,NA,81,90,90,7.352189129861878e-29,0.0875573287131325
ENSG00000196954.13,CASP4,-0.8711732272049154,NA,0.38365957585950206,0.0008015205455956954,0.02297350344248375,0.01707656291303782,NA,32,32,32,0.028988588893865467,0.04579806243799397
ENSG00000169129.14,AFAP1L2,-0.8710309530425052,NA,0.38373725254378754,0.0026806219544654656,0.02752045061922636,0.008204237586062691,NA,14,14,14,0.06565132032573198,0.03823628608836635
ENSG00000142856.16,ITGB3BP,-0.8706148143334123,NA,0.3839645048856517,0.2386963099440863,0.5425093483943358,1.2154198404042504e-49,NA,62,66,66,0.00014170065333076734,0.12855386102033886
ENSG00000257704.3,INAFM1,0.8694899165856496,NA,0.38457922096084407,0.0011601722743546665,0.03783288348265499,0.002153899309903104,NA,9,11,11,0.24037682393437154,0.024036994271146663
ENSG00000268912.1,CTD-2619J13.17,0.8689778993053089,NA,0.38485921917537114,0.030082867092367377,0.09267198285307043,8.811722956218066e-07,NA,40,44,44,0.0051381016233055295,0.0919061330318112
ENSG00000108384.14,RAD51C,0.8685527435845516,NA,0.38509181157346417,0.01738376739802586,0.2283771656668065,3.182299784993791e-16,NA,25,25,25,3.705765617003362e-05,0.045824734210496036
ENSG00000272444.1,RP11-1017G21.6,0.8682640226306757,NA,0.3852498127928633,0.006247827923049402,0.04742526666535208,0.0004298872595870119,NA,6,6,6,0.06680199428908466,0.1043484955980059
ENSG00000106404.13,CLDN15,-0.8679911394200507,NA,0.38539918329363376,0.013221758122317392,0.1603607295204437,3.160508233798468e-11,NA,12,12,12,0.1328271116381595,0.035467361484057484
ENSG00000213965.3,NUDT19,0.867652616350739,NA,0.3855845328399581,0.009074446616324902,0.02866661846570312,0.007010793424633482,NA,57,59,59,3.967846364241287e-05,0.03918693199426835
ENSG00000100197.20,CYP2D6,0.8676095208319208,NA,0.38560813258318394,0.007009673222933997,0.20464906346507994,3.116623917324261e-14,NA,21,34,34,0.004787248023370311,0.06090399713343761
ENSG00000168661.14,ZNF30,-0.8668860203977614,NA,0.3860044638683755,0.019433934126071136,0.17426266750603567,2.041750465922671e-12,NA,35,35,35,0.014081109868078466,0.07589257361603703
ENSG00000049759.17,NEDD4L,0.8667922718486822,NA,0.3860558372300562,0.006222062995480731,0.08530751165749913,2.612345295920212e-06,NA,41,43,43,2.9362235693618517e-05,0.08116891116366076
ENSG00000160886.13,LY6K,-0.8666578231653216,NA,0.3861295211861242,0.02816572550058842,0.07496770943617585,1.119377952567019e-05,NA,23,27,27,0.016559780209656094,0.2286454628507796
ENSG00000125779.21,PANK2,0.8665267520878729,NA,0.38620136232685887,0.004175786530547477,0.03756611147072265,0.0021071585974194846,NA,17,20,20,0.05576556077074522,0.04176665325068588
ENSG00000197253.13,TPSB2,-0.8663608542553289,NA,0.3862923040000722,0.1119782917903043,0.3315133306509683,1.081977150142942e-24,NA,19,25,25,0.0011251041313716397,0.29124507855673176
ENSG00000127399.14,LRRC61,-0.8663306909801917,NA,0.3863088402721815,0.08085427715826145,0.3851548863825996,4.012374510769654e-30,NA,24,24,24,3.7345477618259417e-06,0.09554028101461433
ENSG00000198860.11,TSEN15,-0.8661055571198848,NA,0.38643227801072644,0.008316244807298095,0.053488395908544165,0.00015676794623548204,NA,30,30,30,0.029525314383770176,0.08870298453669398
ENSG00000213918.10,DNASE1,-0.8659555256740573,NA,0.3865145515144828,0.0036464352978580828,0.054554956378129925,0.0001980774649290666,NA,6,6,6,0.30190871450934953,0.05200089423267505
ENSG00000172803.17,SNX32,-0.8658432468507252,NA,0.38657612941481534,0.07807948571675305,0.27849076286206353,1.4786551337053985e-20,NA,17,17,17,0.12153553371375105,0.15870699809172314
ENSG00000183386.9,FHL3,0.865741663246758,NA,0.38663184681579277,0.006102959309816247,0.11203225154048398,5.533876579644182e-08,NA,15,20,20,0.006957665648625581,0.060528907529211876
ENSG00000109184.14,DCUN1D4,-0.8649335298753101,NA,0.3870752729212482,0.0007307536378420975,0.01703912191834235,0.04049819391198485,NA,10,11,11,0.36800126254044974,0.0360317526354822
ENSG00000174886.12,NDUFA11,-0.8647951449124119,NA,0.3871512364145667,0.005454858315300454,0.05911556870771908,9.075967308860248e-05,NA,30,35,35,0.0006373324324627123,0.036122691949884364
ENSG00000198890.7,PRMT6,-0.8645494565538643,NA,0.3872861242319371,0.012850786736942135,0.1230324912117422,9.034851090066469e-09,NA,27,27,27,0.01615845006480471,0.05112825955301375
ENSG00000115998.7,C2orf42,0.8641153985706231,NA,0.3875245007660987,0.003501722078510145,0.02549299180392766,0.011003106430237051,NA,16,18,18,0.018405151451610712,0.030275655815354175
ENSG00000112299.7,VNN1,-0.8637034228900363,NA,0.38775083283006817,0.007317122206269257,0.08495788694881448,2.692307929843369e-06,NA,30,30,30,1.1786230223658675e-08,0.03814013713187677
ENSG00000185681.12,MORN5,0.8634898766649812,NA,0.3878681830011471,0.0019509600048361084,0.06531833621102763,4.3347938921214015e-05,NA,11,13,13,0.03795779192077928,0.16395350874301606
ENSG00000176124.11,DLEU1,0.8632520182703339,NA,0.3879989189284284,0.04264721401240522,0.06392670779856376,4.7569456053521334e-05,NA,85,88,88,9.416029277829991e-12,0.15705532517258525
ENSG00000148943.11,LIN7C,-0.8624323767217981,NA,0.38844963041708513,0.02170554748263237,0.1191580927790146,1.5540871811770498e-08,NA,100,103,103,7.394731602256339e-05,0.13365415288076216
ENSG00000187535.13,IFT140,-0.8620500703926304,NA,0.38865996528673763,0.002282170231243622,0.05204323887511734,0.0001408514295832492,NA,10,11,11,0.21636186911619604,0.029406345392809962
ENSG00000234840.1,LINC01239,-0.8620149245316456,NA,0.38867930509338455,0.10825014148727675,0.1827677116655543,3.3750176840688533e-13,NA,61,64,64,0.0003213754862706056,0.2174984123979405
ENSG00000176909.11,MAMSTR,-0.8618484574743075,NA,0.38877091532488994,0.01820363702570859,0.01868050030812195,0.0316243328753069,NA,60,66,66,0.0016592286615598566,0.34253899419903144
ENSG00000262165.2,RP11-81A22.5,-0.8615393266568748,NA,0.38894107121358834,0.025473778400753735,0.1126587683099452,2.5595494773631786e-08,NA,5,6,6,0.0835603084737025,0.3115786905575807
ENSG00000273148.1,RP5-1068E13.7,0.8614147244569931,NA,0.38900966922705893,0.006427723484194294,0.08231120747631215,3.989098461264106e-06,NA,8,8,8,0.01792405751329883,0.058962661410697385
ENSG00000182179.12,UBA7,-0.8613831517117878,NA,0.3890270523334409,0.00845965395618408,0.16417359345371965,1.1961183062925752e-11,NA,35,35,35,0.07398679709215092,0.06087297774928984
ENSG00000278318.4,ZNF229,0.8611790832721486,NA,0.3891394183436263,0.027364569791704586,0.10406294490557824,7.611928681865758e-08,NA,29,29,29,0.001484871856764914,0.11307314803978058
ENSG00000181045.14,SLC26A11,-0.8610230551134286,NA,0.3892253453022446,0.006346088177651017,0.016483001893375322,0.04237939556925124,NA,48,57,57,3.830275374445445e-08,0.07376635978265242
ENSG00000147655.10,RSPO2,0.8606513751188997,NA,0.38943008134326873,0.004237846781703516,0.10495427839499344,1.0399365830775419e-07,NA,12,12,12,0.07842088641175461,0.07179065854931953
ENSG00000102854.15,MSLN,0.8604769239673095,NA,0.3895261985248111,0.010883447159585695,0.08710834544369496,1.8567551655325595e-06,NA,11,12,12,0.0026537493434722046,0.06686011771070569
ENSG00000164096.12,C4orf3,-0.8593986481071191,NA,0.3901206153240572,0.009423203030718277,0.0741269066220474,1.3095570776533125e-05,NA,68,69,69,0.017452696118207513,0.06649921826196649
ENSG00000188511.12,C22orf34,-0.8589565615320716,NA,0.3903644819110059,0.01714965795961382,0.08568887009054947,1.5542977801448071e-06,NA,11,11,11,0.05050214405921705,0.06842081740921244
ENSG00000273329.1,RP11-448A19.1,0.8585673157964988,NA,0.39057927677832915,0.01824293921878049,0.048796933825017465,0.00045431541105163387,NA,32,33,33,1.8212299825289814e-05,0.06397189075536322
ENSG00000107614.21,TRDMT1,-0.858535729101415,NA,0.3905967102022614,0.020898481610472405,0.1346313718637617,1.565707546953042e-09,NA,44,44,44,0.06047249451994452,0.03255913206484379
ENSG00000198805.11,PNP,0.858379629757648,NA,0.3906828719637465,0.0073910824816038265,0.13398598696885133,1.6952623539014742e-09,NA,15,19,19,5.232576245482165e-06,0.09479996054069684
ENSG00000256162.2,SMLR1,0.8576603677115989,NA,0.3910800303793791,0.0038363432648980083,0.045505537207350455,0.000691432652204858,NA,16,17,17,0.07367194349172994,0.051279752027423256
ENSG00000122678.16,POLM,0.8575207553371614,NA,0.39115714922565203,0.02505369393314976,0.3538653684548499,7.402687322743262e-27,NA,23,24,24,0.005623463369783971,0.15001351202785349
ENSG00000105982.16,RNF32,0.8573563213272194,NA,0.39124799084631245,0.0038359383582845827,0.03557609104013816,0.002644214628914853,NA,20,23,23,0.09432370985359641,0.06603244186003156
ENSG00000115266.11,APC2,-0.8568495480528091,NA,0.39152803845990225,0.005793051745959084,0.03292735440697982,0.0040854225949674035,NA,9,9,9,0.002393998644350619,0.09715107735665487
ENSG00000196365.11,LONP1,0.8567470360638324,NA,0.39158470232728115,0.021603253614326735,0.2896684574424181,4.6774756336836745e-21,NA,10,10,10,0.1807099217431165,0.0467127056362066
ENSG00000128805.14,ARHGAP22,0.8566036624686428,NA,0.39166396094100353,0.018742384736717542,0.12142955018433385,1.0286829215415237e-08,NA,42,47,47,1.888063218310317e-10,0.19716219740494226
ENSG00000104738.16,MCM4,-0.8559236544223927,NA,0.3920400099758258,0.0018409540740795198,0.055729426143062345,0.00011877101324166863,NA,5,6,6,0.019615537192444802,0.08561236377913191
ENSG00000146648.17,EGFR,-0.8548747044788889,NA,0.39262051569074474,0.005267861275641504,0.037934179611786994,0.0020400471209685122,NA,32,37,37,0.0032477282873114104,0.0524434725504222
ENSG00000100364.18,KIAA0930,0.8541526187720322,NA,0.39302043215340454,0.0024144533460490466,0.018968385689473958,0.03005577702070515,NA,13,14,14,0.07386053909965194,0.06585658340206008
ENSG00000276043.4,UHRF1,-0.854047771866727,NA,0.39307852057249903,0.0013077547494277965,0.019955948023672145,0.026221949834150216,NA,16,18,18,0.12021498284200588,0.024556726975307103
ENSG00000100056.11,DGCR14,-0.8533865805484872,NA,0.3934449607822291,0.006877135114018342,0.04653778044575152,0.0005251057596735211,NA,16,19,19,0.16518979184666027,0.072933282609706
ENSG00000118197.13,DDX59,0.8528187112427972,NA,0.3937598459035564,0.040044698275508696,0.21492369587512594,3.0402440061730176e-15,NA,43,44,44,0.009731247798560041,0.09173483523840197
ENSG00000101307.15,SIRPB1,-0.8528151409588687,NA,0.39376182611854127,0.05502589185101957,0.3099577451141303,1.2347540890372909e-23,NA,38,43,43,0.00014205349769404904,0.0646503347772953
ENSG00000108666.9,C17orf75,-0.8525238757137564,NA,0.39392339318819236,0.0008164772862730464,0.02005264237160149,0.025013160211421772,NA,5,5,5,0.19832014565918288,0.04770546274206935
ENSG00000143869.6,GDF7,-0.8507397463116265,NA,0.3949139389695179,0.0013956570902088588,0.020042053734092145,0.023448313920249028,NA,24,24,24,0.24885920887581503,0.030768977205008687
ENSG00000274191.1,RP11-324E6.10,-0.8499510250474964,NA,0.39535231540531734,0.004449870242501549,0.016227855772993943,0.045062736094533415,NA,10,10,10,0.0014627558450945285,0.041398211908059715
ENSG00000170502.12,NUDT9,0.8485281496690548,NA,0.39614390233559893,0.014901932178848765,0.13585175077847175,1.4325072302024745e-09,NA,27,28,28,0.08760067992142928,0.05656632111222354
ENSG00000158985.13,CDC42SE2,-0.8482853011509159,NA,0.39627910157361534,0.0021467761115809923,0.030568385247010332,0.0056820403191111726,NA,13,13,13,0.00019588278443133606,0.024497280943414863
ENSG00000125304.8,TM9SF2,0.8480244149579278,NA,0.39642437382605744,0.0007400592688227831,0.02304291608926609,0.01276578557044118,NA,11,11,11,0.03283498938757192,0.04445186323704977
ENSG00000090432.6,MUL1,0.8479849513782354,NA,0.396446351582904,0.004018520735702009,0.05570462838653478,0.00016742927750236218,NA,20,26,26,0.09178383939433163,0.07810842287404371
ENSG00000112234.8,FBXL4,-0.8479740699074846,NA,0.39645241173824575,0.0015858385894585959,0.031084754145452063,0.005330672088025282,NA,4,5,5,0.17343894007721816,0.0611745613931141
ENSG00000104518.10,GSDMD,0.8478584884516145,NA,0.39651678530958645,0.022148316162559932,0.20918997865618685,3.823191964527239e-15,NA,21,21,21,0.07635778519539109,0.055138025949597366
ENSG00000240694.8,PNMA2,-0.8477887266337831,NA,0.396555642496466,0.01988100080501861,0.155093613401002,4.5728351299826727e-11,NA,28,28,28,1.7682793352250854e-08,0.043221935996722936
ENSG00000259124.1,RP11-187O7.3,-0.8471108511431877,NA,0.3969333373857602,0.07835352674901047,0.061977531478689986,7.027495089527055e-05,NA,77,84,84,0.001166723710617419,0.5397729465427583
ENSG00000205022.9,PABPN1L,0.8469612960559924,NA,0.3970166948695999,0.005828701828332256,0.05870596449869692,0.00010442163206172484,NA,5,6,6,4.9789468276822e-06,0.10096994037723342
ENSG00000233590.1,RP11-153K11.3,-0.8457796838191889,NA,0.3976756610509343,0.04201631053880697,0.2111086472054714,1.0856492892886575e-14,NA,32,33,33,0.148566792359269,0.11539747510330872
ENSG00000166831.8,RBPMS2,-0.8452472773299954,NA,0.3979727909447439,0.0006924050182398668,0.0166963773207934,0.04216116031248579,NA,32,34,34,0.004976977875594403,0.05990122786159925
ENSG00000121236.20,TRIM6,-0.8449526252092383,NA,0.39813729037246615,0.00286232976795325,0.07487446805191045,9.919214480749827e-06,NA,19,20,20,0.21555921635582254,0.05510982479248753
ENSG00000139998.14,RAB15,-0.8443356546944831,NA,0.39848186752342607,0.006652469182962747,0.08467907492498071,2.6071491598445547e-06,NA,23,25,25,1.5143163188602384e-14,0.06795781882447056
ENSG00000184454.6,NCMAP,-0.8436792110416319,NA,0.39884868751048974,0.007565848005572074,0.022194386095008033,0.019345644195019027,NA,52,57,57,0.0064302109271968996,0.07091766185668237
ENSG00000184949.15,FAM227A,0.8434148658107454,NA,0.39899646072809725,0.009586444693884439,0.06608910919739817,4.0563902985456486e-05,NA,23,25,25,2.123601053971949e-06,0.08848525629811352
ENSG00000115310.17,RTN4,0.8424992746172898,NA,0.3995085455585712,0.01159929977275274,0.07534649663942672,9.48832564814908e-06,NA,57,58,58,0.002015566126910082,0.06074297045734413
ENSG00000123179.13,EBPL,0.8423695082033159,NA,0.3995811551345666,0.06433290221681526,0.29534022944296984,1.8292852397761292e-21,NA,52,53,53,0.002347562157963908,0.1170335581806301
ENSG00000132382.14,MYBBP1A,0.842151393404344,NA,0.39970321710110834,0.00792341887938099,0.06829581028901552,2.7175799289498926e-05,NA,34,36,36,0.0033630443096105194,0.0794865575004162
ENSG00000187017.15,ESPN,0.841362594633106,NA,0.4001448338698057,0.004296146417158479,0.03071910156346838,0.0051710008832305315,NA,13,15,15,0.18369176514773822,0.11081381312679488
ENSG00000109775.10,UFSP2,-0.8405967881244641,NA,0.4005738586833537,0.016694638679921714,0.1253874934956846,7.196022981993836e-09,NA,51,55,55,0.01968640884861721,0.10552331133730423
ENSG00000197448.13,GSTK1,-0.8404484111702775,NA,0.40065701528112085,0.0007559731501006031,0.015559144554126922,0.04946682250733337,NA,12,13,13,0.24855235146246013,0.0415046444342911
ENSG00000064547.13,LPAR2,-0.8403944931205471,NA,0.40068723576096155,0.0029348981103701826,0.027774222519295382,0.008409122684730447,NA,22,28,28,0.005527903416461614,0.042664698359620834
ENSG00000216937.13,CCDC7,0.8391421184097825,NA,0.40138956340253873,0.024815699963391998,0.17495744297434854,2.3949842250174786e-12,NA,34,34,34,0.0004858209192717389,0.12078061676513326
ENSG00000166359.10,WDR88,0.838396689404843,NA,0.40180794816028487,0.005309120906656119,0.05329643620688237,0.000228322413585082,NA,6,7,7,0.18414158021984428,0.03641426048411656
ENSG00000187741.14,FANCA,0.8382391556597666,NA,0.40189640014570827,0.0008393937987159187,0.029111346640831863,0.006445101552813364,NA,8,10,10,0.14661688422651406,0.03148466664633274
ENSG00000111731.12,C2CD5,0.8381137955399989,NA,0.4019667956427381,0.0024144604589230586,0.03067722317451118,0.005472592145455612,NA,5,5,5,0.19295679833832247,0.1171587602683054
ENSG00000158792.15,SPATA2L,0.8380615574138662,NA,0.40199613194647854,0.0025867208823893975,0.040539970511751865,0.0014032735616170296,NA,28,30,30,6.200762950315274e-07,0.11859825146533999
ENSG00000197780.9,TAF13,-0.837622063692188,NA,0.40224299719299117,0.00370182981321375,0.0630730714516601,5.7306755970983034e-05,NA,16,16,16,0.005412103313810026,0.06425881098895439
ENSG00000125611.15,CHCHD5,0.8367148441451866,NA,0.40275287321712716,0.014820536224610579,0.050090952853121734,0.00028847838178192703,NA,60,63,63,6.727627984662718e-15,0.09371210307755998
ENSG00000186468.12,RPS23,0.8363390031040985,NA,0.4029642170378799,0.01538280298584023,0.16413807826604376,8.867883412465098e-12,NA,58,59,59,4.805257665447086e-25,0.09660410039515634
ENSG00000005812.10,FBXL3,0.83631730590123,NA,0.4029764198888255,0.005177917007847054,0.040500822628629515,0.0014378182263623132,NA,94,95,95,8.500671261132437e-10,0.2552600953151356
ENSG00000101363.12,MANBAL,0.8361712961649788,NA,0.40305854383852857,0.006580841583744874,0.1284281111773221,3.4713348300292008e-09,NA,12,16,16,1.8846465267438213e-05,0.0683729957871308
ENSG00000070540.12,WIPI1,-0.8356612159516946,NA,0.4033455198546708,0.004010611321974795,0.03646365840039354,0.0023823468468131565,NA,28,29,29,2.1512868224270167e-06,0.06318900127757368
ENSG00000188428.19,BLOC1S5,0.8352922560610244,NA,0.4035531764846514,0.006595442756425122,0.051770886546652316,0.0002813542361292244,NA,26,28,28,8.973088177240541e-05,0.13597441413666506
ENSG00000161542.16,PRPSAP1,0.8348221603161541,NA,0.40381784674762333,0.015283989862806616,0.14604118353524298,2.1375449553751215e-10,NA,21,23,23,0.000511703240681201,0.16289064945032472
ENSG00000101004.14,NINL,0.8338349071011818,NA,0.40437402182974724,0.008848216715237382,0.0807245577296602,3.5848624705801314e-06,NA,11,14,14,0.07324791003866316,0.0700478761942566
ENSG00000127946.16,HIP1,0.8326585759402846,NA,0.40503731312418423,0.004309266190558099,0.05358578991654414,0.00022993428054481185,NA,32,40,40,2.0171402443456965e-07,0.1112683822453922
ENSG00000153774.8,CFDP1,0.8324972008041063,NA,0.40512835753058773,0.0043689869407190765,0.0235470620960412,0.01311483205588815,NA,21,21,21,0.003747955878624377,0.03888376243055547
ENSG00000197746.13,PSAP,-0.8320793346473371,NA,0.4053641655382212,0.01081342319150409,0.10607579272277788,6.472159784428656e-08,NA,14,17,17,0.0037417596434843265,0.054917327444104526
ENSG00000122176.10,FMOD,-0.8319091765683095,NA,0.4054602117365128,0.03999837766038629,0.19197088472896376,5.847184758685728e-14,NA,42,47,47,2.0869317954437615e-06,0.15680568411604867
ENSG00000260805.2,RP11-61J19.5,-0.8306226307436547,NA,0.4061868460733049,0.017187301347494112,0.05343756458276077,0.0002361041167442772,NA,18,20,20,9.537643527501037e-07,0.10457220732981327
ENSG00000130529.15,TRPM4,0.8305389363770246,NA,0.40623414313151096,0.001321476761908932,0.05178975614213022,0.00020865448135685784,NA,5,5,5,0.37183220854844456,0.05943849535587752
ENSG00000144647.5,POMGNT2,0.8305252868122474,NA,0.4062418570360897,0.004996110594854008,0.0628831622925895,6.0767338108071654e-05,NA,35,35,35,0.0020525264322698213,0.03507049496210648
ENSG00000106603.18,COA1,0.8303677680500239,NA,0.406330883396118,0.006210960034396876,0.02936267489581202,0.0070480617458711405,NA,42,47,47,3.401862079015059e-17,0.05714235524167222
ENSG00000156234.7,CXCL13,0.8297851111561365,NA,0.40666029027153283,0.04632296483879851,0.017727788416149286,0.03702826613134879,NA,84,92,92,1.6750096183513727e-05,0.42451868126702
ENSG00000155542.11,SETD9,0.8290398686054261,NA,0.40708184762486066,0.1758398493898029,0.4438926567626856,1.924016692338791e-39,NA,72,75,75,0.006238165142859059,0.36250255425290295
ENSG00000176974.19,SHMT1,0.8283705881198785,NA,0.4074606579797313,0.012419451303603285,0.0837296332456056,1.8482681893698295e-06,NA,19,20,20,3.1647679645720905e-10,0.051810040551872674
ENSG00000158457.5,TSPAN33,-0.8279822990497849,NA,0.4076805244970543,0.18593964597679075,0.2544708004428787,3.4261108342209835e-18,NA,90,96,96,3.8942797055079467e-07,0.3284119204240514
ENSG00000067369.13,TP53BP1,-0.827698479154335,NA,0.40784128065298186,0.0031134613552123683,0.061473766317558826,7.28118445130398e-05,NA,20,20,20,0.0013671252023404847,0.031831403053879014
ENSG00000183828.14,NUDT14,0.8259379223903468,NA,0.40883930714304995,0.0032274768297552627,0.1300801690329625,3.587646192111081e-09,NA,5,7,7,0.24915090748857993,0.042669386654190206
ENSG00000267313.7,KC6,0.8257173436855719,NA,0.40896445145611815,0.011333989856773806,0.04769808228374039,0.000469832071948796,NA,7,7,7,0.0692639229338005,0.08096909137098278
ENSG00000177202.2,SPACA4,0.8252133333089962,NA,0.4092504849706854,0.009669468328185125,0.028298685289583562,0.007712269147312665,NA,58,68,68,0.08881824390650546,0.16499877460461942
ENSG00000117151.12,CTBS,-0.8249301207013164,NA,0.40941126462943167,0.00630357976737873,0.08305770089384187,3.324233977808909e-06,NA,21,22,22,0.010961385483434725,0.058948890611118784
ENSG00000184313.19,MROH7,0.8242236811738131,NA,0.4098124737190487,0.02863135174543795,0.2525364484921865,8.859853885786854e-19,NA,26,29,29,0.03329539451400768,0.1047286461201588
ENSG00000151806.13,GUF1,0.8231804799540926,NA,0.41040536760253565,0.023539627109515633,0.2968619313078669,4.829232751781801e-22,NA,30,30,30,0.12630844270675062,0.04963424456928621
ENSG00000179796.11,LRRC3B,0.8231288003182019,NA,0.4104347524950003,0.007881217528006062,0.029650675661686894,0.005371919065198498,NA,20,21,21,0.07852086099949473,0.09346660854165363
ENSG00000125124.11,BBS2,-0.8230265889500349,NA,0.4104928732661941,0.07459792216540456,0.5496322715838778,1.2513006031935982e-50,NA,12,12,12,2.61933903576063e-07,0.13890751445563476
ENSG00000154518.9,ATP5G3,-0.8221816811409918,NA,0.41097350308960856,0.0015786553411020077,0.06955363209077896,2.3491623632245246e-05,NA,44,45,45,0.004364415472255761,0.021473081914167018
ENSG00000169851.15,PCDH7,0.8218396533611009,NA,0.41116816219256935,0.0031748024091539408,0.031993522572137535,0.004755127739602292,NA,24,25,25,0.20048997782086186,0.0412412421823327
ENSG00000271811.1,RP1-79C4.4,0.8217503235304648,NA,0.4112190117097516,0.010361548950375079,0.022565377092521162,0.016683787978629627,NA,46,47,47,0.0922905506880485,0.06246522301310184
ENSG00000148396.18,SEC16A,-0.8202790862265164,NA,0.41205702593389093,0.004511242614015235,0.11053022239473392,4.567508920634641e-08,NA,32,35,35,1.5658868882201206e-05,0.051023322505144776
ENSG00000053501.12,USE1,0.8202458051432638,NA,0.4120759944882154,0.0008542466049546539,0.017992858703733718,0.03565081546309157,NA,4,4,4,0.3899006570338118,0.020764234418932832
ENSG00000197915.5,HRNR,0.8194851282408203,NA,0.41250968347014627,0.08568356650562536,0.2345282264925554,7.50346573229332e-17,NA,56,60,60,0.022795427552820366,0.20468271344867048
ENSG00000151632.17,AKR1C2,0.8185683129996861,NA,0.41303275186069166,0.00429004486737028,0.08028644287880908,3.80329540034932e-06,NA,10,10,10,0.043527919573551954,0.06556710148271583
ENSG00000131711.14,MAP1B,-0.8182662253499698,NA,0.41320518722023736,0.0027904459693204623,0.11831152044355915,2.011163912372261e-08,NA,13,13,13,0.13947634886866292,0.04657208305760063
ENSG00000182512.4,GLRX5,-0.8180596149392773,NA,0.41332314754189825,0.0030179595802453125,0.18826370335044829,2.231609517835481e-13,NA,14,18,18,0.05226286303914323,0.041413946139619656
ENSG00000249664.1,CTD-2227C6.2,0.8168564125481044,NA,0.4140104893912452,0.10605661826505725,0.3202117131252821,1.583624156998414e-23,NA,15,16,16,0.3466924964081992,0.07164889832314111
ENSG00000259511.2,UBE2Q2L,0.8160801773831236,NA,0.41445428047631316,0.037993745574211174,0.09127619776427807,7.979421034463623e-07,NA,52,52,52,7.179707790405255e-08,0.14856583490498546
ENSG00000235475.1,LINC01372,-0.8158649543211436,NA,0.4145773781358706,0.010063093238290924,0.030681592128316094,0.005567529959475999,NA,16,16,16,0.11895626031967156,0.04676099898509835
ENSG00000103199.13,ZNF500,0.8150967796312882,NA,0.41501691486546355,0.06785535723101793,0.2854874303765861,8.083117918666236e-21,NA,40,42,42,0.00018684167961523175,0.1935795676648166
ENSG00000185615.15,PDIA2,-0.8145842539659215,NA,0.41531032661125855,0.0013845438631572764,0.11654938713077255,1.2603785687291858e-08,NA,7,9,9,0.1754094612128988,0.03186438980042447
ENSG00000178187.7,ZNF454,0.8139689125701026,NA,0.41566276037275607,0.016114322315322428,0.1056606908160848,4.513364892144613e-08,NA,35,38,38,0.0022739231336191177,0.036488003294562865
ENSG00000137968.16,SLC44A5,0.8132970088191489,NA,0.4160477916020898,0.01140375932366373,0.04500706041960749,0.0006625126004370241,NA,12,12,12,0.00020980295371968562,0.038154510911301
ENSG00000164576.11,SAP30L,0.8127268364899842,NA,0.4163746912042027,0.0038273334523398136,0.06526107542179889,3.3368240720593906e-05,NA,42,43,43,7.230538309210267e-10,0.10905373565064637
ENSG00000247317.3,RP11-273G15.2,0.8117662799033204,NA,0.4169257542883328,0.006866094054297389,0.024794779761705424,0.010790554870517602,NA,16,18,18,4.666595229301497e-07,0.03791331371640833
ENSG00000133612.18,AGAP3,0.8112991792024278,NA,0.417193881309206,0.0018954309819846883,0.02218392960285253,0.018009521855637128,NA,14,14,14,0.08568911513513633,0.029246757067878174
ENSG00000167528.12,ZNF641,0.811254990106034,NA,0.4172192521740943,0.014950874788106085,0.09193451359198196,7.400959143988288e-07,NA,8,8,8,0.0005463412929472271,0.057459594571690996
ENSG00000260135.6,RP11-212I21.2,-0.8101098919546932,NA,0.4178770194946019,0.15150725124510345,0.3841430388459843,3.2382007368404966e-30,NA,45,49,49,0.010016733735835252,0.12152005853884205
ENSG00000261115.5,TMEM178B,-0.8097918400700272,NA,0.4180598232078572,0.00731440040827399,0.01804610941841141,0.03442488750451088,NA,28,29,29,0.17298490029720082,0.07312056518625333
ENSG00000148200.16,NR6A1,0.8096318944557277,NA,0.41815177145059623,0.0029679764586321776,0.02262076077518588,0.01655041274881506,NA,8,8,8,0.10180732437924495,0.03591387878067091
ENSG00000243789.10,JMJD7,-0.8095663611616525,NA,0.4181894481403162,0.00488615633746809,0.0465649653665593,0.0005821747616423391,NA,25,25,25,0.05421525742682346,0.03749136387684647
ENSG00000128272.14,ATF4,0.8087975500653487,NA,0.41863160566578006,0.0003206481230116798,0.017225204228585884,0.03895740961586313,NA,3,3,3,0.2361832308975338,0.02305749492061593
ENSG00000205959.3,RP11-689P11.2,0.808551081001923,NA,0.4187734128184012,0.05473352245145745,0.2721872935599988,2.0804005643057888e-19,NA,28,30,30,8.894837032315472e-06,0.13028174306696225
ENSG00000140400.16,MAN2C1,-0.8084881492500595,NA,0.4188096254319499,0.11034504932840664,0.5281858089988478,4.20929277679714e-47,NA,23,25,25,0.030309665038959745,0.11261623193529627
ENSG00000171827.10,ZNF570,0.8083721939151162,NA,0.41887635405882395,0.007055371635526313,0.02169407455208264,0.02031198278878324,NA,38,40,40,0.06256766226103451,0.2290108139820958
ENSG00000130803.14,ZNF317,-0.8082066860842243,NA,0.418971609415245,0.010290327934667142,0.08134070904893984,4.447729762576889e-06,NA,17,17,17,0.0015493118271667874,0.05371387729981262
ENSG00000119965.12,C10orf88,0.8075714369145945,NA,0.4193373351115315,0.029964050758214546,0.10030618856701068,2.502856201988523e-07,NA,39,40,40,3.528515047050353e-06,0.11324726723792936
ENSG00000150967.17,ABCB9,0.807555590581093,NA,0.4193464605630681,0.0002209261553876688,0.027096761539349017,0.008131627819154405,NA,10,11,11,0.22816950840631145,0.02828217136143165
ENSG00000173175.14,ADCY5,-0.8074273455486952,NA,0.4194203175165355,0.00043427080294879816,0.02436610902175993,0.01268625082050823,NA,9,9,9,0.3663556027976109,0.00356062789425753
ENSG00000136213.9,CHST12,-0.8065270414913784,NA,0.4199390223957201,0.002247396492859561,0.04343927513695306,0.0007297722519761466,NA,9,10,10,0.180062009311161,0.046615218052899456
ENSG00000196417.12,ZNF765,-0.8063093279612551,NA,0.42006451334252526,0.01111154006971054,0.1142758450353158,3.0204348729091605e-08,NA,18,21,21,0.1673276289185499,0.07541874415109068
ENSG00000178184.15,PARD6G,0.8062592106638069,NA,0.4200934042721719,0.0028245514515986025,0.018506990109146613,0.030941470767141287,NA,7,7,7,0.025551693291340473,0.0795768274736362
ENSG00000134779.14,TPGS2,0.8061976853370739,NA,0.42012887314176695,0.035079926368406386,0.3244212343792304,3.5577417525859966e-24,NA,11,12,12,0.0022707211870118026,0.18543199148589876
ENSG00000104938.16,CLEC4M,-0.8056889236253789,NA,0.42042223770995046,0.072004920791528,0.07042707800565783,2.036478097033316e-05,NA,68,76,76,0.00018874064164261378,0.1415567804920973
ENSG00000167088.10,SNRPD1,-0.8054327604866918,NA,0.42056999322954947,0.0008518344240940629,0.03925951001347365,0.0016684690578835824,NA,6,6,6,0.0019442926272772905,0.01786105136194369
ENSG00000160282.13,FTCD,-0.805276006063927,NA,0.42066042459771447,0.03791917300583939,0.15250708603727914,4.106566849564489e-11,NA,21,22,22,0.03861652633674392,0.08537589231186225
ENSG00000137766.16,UNC13C,0.8051943311933335,NA,0.4207075472196664,0.027019201842159626,0.08523666761105501,2.464903584483936e-06,NA,27,27,27,0.21342254569856045,0.1300969484441627
ENSG00000133250.13,ZNF414,-0.8042989255491781,NA,0.4212243580542162,0.006428363125018119,0.07636516329896892,5.049362656819014e-06,NA,20,22,22,1.3687424214333301e-05,0.03300789477755072
ENSG00000182087.12,TMEM259,0.8039999123281477,NA,0.4213970256426428,0.00420578113596933,0.015928471390442917,0.045189385882338264,NA,28,38,38,0.01988652858563947,0.07783862781541066
ENSG00000163933.9,RFT1,0.8038000681796265,NA,0.421512450398702,0.02569439887416515,0.13721700141766766,1.1064299131147948e-09,NA,53,56,56,1.8680124829892987e-07,0.10575501452961593
ENSG00000143158.10,MPC2,0.8033209173357727,NA,0.4217892709240163,0.007802188684902612,0.18358230577577586,5.568733200997203e-13,NA,13,14,14,0.06728411136715322,0.02683374513499178
ENSG00000219545.11,UMAD1,0.803221881110997,NA,0.42184650055948614,0.013089534580219598,0.16768624192111278,9.726149208485694e-12,NA,16,22,22,0.017972648740741014,0.08759163536710328
ENSG00000099977.13,DDT,-0.8030831728178206,NA,0.42192666297527803,0.0016697440769244385,0.14339601841829167,2.6467180623004994e-10,NA,6,10,10,0.09550055152833732,0.020018491442449216
ENSG00000164172.18,MOCS2,-0.8024977724186972,NA,0.42226507644357403,0.0012168527445686687,0.01858596950907589,0.02994700277893555,NA,34,35,35,0.12135085387096482,0.03564870339967734
ENSG00000108106.13,UBE2S,-0.8015056787698979,NA,0.422838957844087,0.0004991724509835642,0.028348401096193743,0.00776884599553754,NA,2,5,5,0.4014971126744524,0.05142804794316563
ENSG00000184640.17,SEPT9,-0.8013059885078819,NA,0.4229545248463379,0.002357892816681466,0.033268482626143736,0.003910363453908233,NA,28,36,36,0.1509183730586706,0.15409849498319847
ENSG00000212743.2,RP11-563J2.3,0.8009698767394047,NA,0.4231490850024284,0.010983257960917238,0.03836705590693538,0.0018384595096544898,NA,37,46,46,0.0007596320299010484,0.09364540666782672
ENSG00000079974.17,RABL2B,-0.7999478999856316,NA,0.4237409836639847,0.014597562699079275,0.15207741274543432,1.1878931190915411e-10,NA,4,4,4,0.31705200894107466,0.13856039591853114
ENSG00000230487.7,PSMG3-AS1,0.7982202728197589,NA,0.4247426748929455,0.02299123630111085,0.0879521102304485,1.8653284545827992e-06,NA,18,23,23,0.10354950350577405,0.3166553378047701
ENSG00000051596.9,THOC3,-0.7981584313104055,NA,0.42477855669777675,0.005751497017649501,0.14253825379834284,4.800613231010962e-10,NA,17,19,19,4.804096486112691e-07,0.13508541634862853
ENSG00000227388.2,RP11-112J3.16,0.7969319953107293,NA,0.4254905276562936,0.01887464515756619,0.14067275624251066,7.133041012317594e-10,NA,10,10,10,0.000698233330159717,0.05868850063209439
ENSG00000177453.7,NIM1K,-0.796359240305991,NA,0.4258232620587634,0.03660507032198015,0.018618986722371708,0.030336287824848082,NA,46,46,46,0.11123582775938222,0.1721803103883129
ENSG00000271119.1,CTD-2012J19.3,0.7963233015652238,NA,0.4258441452540255,0.020959299725718007,0.028979186709299318,0.007018892345779825,NA,20,21,21,0.1274771066371424,0.11764011689270795
ENSG00000215784.5,FAM72D,0.7962937355041504,NA,0.4258613258763063,3.566405757450505e-15,0.022773649327167262,0.013617178172326338,NA,1,14,14,0.4258613258763063,3.242312161692841e-07
ENSG00000044459.14,CNTLN,0.795783700966291,NA,0.4261577668932618,0.0030792586309618406,0.07053381348663047,2.1052301384141687e-05,NA,10,10,10,0.1933917966580635,0.03958551620630305
ENSG00000113070.7,HBEGF,0.7953152656555176,NA,0.4264301357309441,0.0005499889881114707,0.025271286305419347,0.01171458419490092,NA,1,1,1,0.4264301357309441,0.0789858951898134
ENSG00000158869.10,FCER1G,-0.7949797013536928,NA,0.4266253099289903,0.001311086313894452,0.03358208378202391,0.0036914456168819546,NA,4,4,4,0.15367749049875745,0.03033818184847575
ENSG00000152253.8,SPC25,-0.7949090529478272,NA,0.42666640778319254,0.04283636897102634,0.3765819192346453,4.4007145694241216e-29,NA,28,28,28,0.03216596415370227,0.04743627720216082
ENSG00000125691.12,RPL23,-0.7945928546489945,NA,0.42685037611835,0.0005804116733151767,0.05416429215525359,0.00021123862867758583,NA,4,15,15,0.03493641518036969,0.028346955235034693
ENSG00000105146.12,AURKC,0.7943895081014926,NA,0.4269687102423151,0.01078015786026333,0.04360201290632198,0.0008402190135799997,NA,21,22,22,0.046743012574549575,0.029548731501032082
ENSG00000162631.18,NTNG1,0.7938617287785651,NA,0.42727593179014134,0.037030556954008476,0.11994082361583258,7.811711039314815e-09,NA,62,64,64,0.002113359764294488,0.17845973033367735
ENSG00000197748.12,CFAP43,-0.7934298398149755,NA,0.4275274311276791,0.01607434386705054,0.1036436519538616,1.8380288628328086e-07,NA,4,5,5,0.39082184733331127,0.07200647046268191
ENSG00000182782.7,HCAR2,-0.7934125475126146,NA,0.4275375026463254,0.005898211024929295,0.08513340246974396,1.533129274458457e-06,NA,25,30,30,0.009860269827309327,0.043306859185026816
ENSG00000094804.9,CDC6,0.7933869819135495,NA,0.4275523930166233,0.004360951566298249,0.020381796522715042,0.024944873938365263,NA,23,24,24,0.18736630234545104,0.11543954932942932
ENSG00000166770.10,ZNF667-AS1,-0.7933633018802602,NA,0.4275661854316495,0.008006571963792794,0.10061784167955733,2.367804628151466e-07,NA,23,23,23,0.1828382080302523,0.16151441937259553
ENSG00000145014.17,TMEM44,0.7932663027483442,NA,0.4276226851971985,0.006481565787654951,0.08311906939648497,1.5531410453624883e-06,NA,29,31,31,0.0005259168784434476,0.08173623677723932
ENSG00000002919.14,SNX11,0.7928581957969528,NA,0.42786044574249127,0.014353579049181525,0.13687878896868338,1.2676619646565154e-09,NA,54,56,56,1.7848219931263206e-05,0.12894335151647396
ENSG00000127774.6,EMC6,-0.7921004620692291,NA,0.42830210069920727,0.004866012017505596,0.018280182342990833,0.031944901360884244,NA,23,27,27,0.022984690114437524,0.08533031279848256
ENSG00000167969.12,ECI1,-0.791505372014652,NA,0.4286491425771769,0.00566914083522529,0.12558198868683812,5.5198268289200674e-09,NA,15,21,21,0.046718420387076506,0.05807516053242395
ENSG00000014216.15,CAPN1,0.7903260376161432,NA,0.4293373844178998,0.003040224827238145,0.05282911711719615,0.0002495108490672228,NA,22,22,22,0.002409889375629821,0.05845057980228214
ENSG00000111581.9,NUP107,-0.7902009911738309,NA,0.4294103972817549,0.05515397845438382,0.3034713504422145,2.2355564936494932e-24,NA,52,54,54,0.004508189514609354,0.08576971615546396
ENSG00000064115.10,TM7SF3,-0.7901281723261869,NA,0.4294529185096896,0.044864843904221255,0.2909072617135911,2.9695373133724185e-21,NA,47,47,47,0.00015736430521603865,0.19834478193380126
ENSG00000085788.13,DDHD2,0.7884335454648332,NA,0.43044315552107626,0.006074304197244405,0.10516765705959503,1.1559200424880236e-07,NA,29,31,31,0.19104125398566696,0.036483388436617976
ENSG00000159267.14,HLCS,-0.7882072463671667,NA,0.4305754911962695,0.0009690218140548787,0.037663773116378994,0.0018105813629753008,NA,5,5,5,0.3965337167948091,0.00879465233046378
ENSG00000178386.12,ZNF223,0.7879310639084681,NA,0.43073702975679895,0.0513642576105878,0.2914632678076218,1.426513841984981e-21,NA,42,43,43,0.16019548073890333,0.07209513178034084
ENSG00000118217.5,ATF6,0.7878861617061907,NA,0.43076329628661925,0.002054687143151107,0.02552847345697637,0.01189152243453874,NA,16,17,17,0.18480310456425608,0.03218841757237042
ENSG00000162302.12,RPS6KA4,-0.786162472672996,NA,0.43177230839644654,0.0022535401005980855,0.032231069289005126,0.004674255065089427,NA,27,28,28,0.13576188191545888,0.0815696304200425
ENSG00000260306.1,RP11-645C24.5,-0.7857494138577313,NA,0.43201430780082883,0.043457520690002596,0.2402842763561039,5.829713146927051e-17,NA,27,31,31,0.08673036016149599,0.19053345976324754
ENSG00000256043.2,CTSO,-0.7856392329692475,NA,0.4320788729202668,0.009072711126422167,0.16128464010691315,1.5386244793056328e-11,NA,23,24,24,0.0031467661588368305,0.0405801114287068
ENSG00000004468.12,CD38,0.7846608410633407,NA,0.43265244789121027,0.005499066332135309,0.06711921092594457,1.9652315743457744e-05,NA,17,17,17,0.010784233514557776,0.034554445890040184
ENSG00000142319.17,SLC6A3,-0.7845171756028315,NA,0.43273670779349804,0.012460095286124776,0.052535380729985016,0.00021225208533260813,NA,21,26,26,0.0027155479451499566,0.1302451387199881
ENSG00000075073.14,TACR2,0.7843224327505063,NA,0.43285093978736466,0.0027711683285942543,0.04718702970118846,0.0004484945606798349,NA,28,32,32,0.045125771182302044,0.07508100792680626
ENSG00000262877.4,RP11-1055B8.4,0.7833574641132419,NA,0.43341722717456743,0.1025507184225293,0.3848725408685623,6.125778142192681e-30,NA,76,84,84,3.830275374445445e-08,0.35301291931405143
ENSG00000112667.12,DNPH1,0.7831070423126222,NA,0.43356425604481275,0.0010842240923178404,0.047474728422379465,0.00036645208087111766,NA,1,1,1,0.43356425604481286,0.08162673990003493
ENSG00000108984.13,MAP2K6,0.7828466826052879,NA,0.43371715028278957,0.0027928854787547383,0.023029326076931988,0.015576376263905588,NA,6,6,6,0.1275737193484127,0.06368580744973164
ENSG00000145002.12,FAM86B2,-0.7828333852088134,NA,0.4337249599132793,0.006185229555796727,0.04148436518100218,0.0012264819849148437,NA,16,22,22,3.5348505662610137e-08,0.20603912410340255
ENSG00000170837.2,GPR27,0.7822624733189274,NA,0.4340603361179036,0.016092525553727963,0.11312652245616188,3.748194062100034e-08,NA,18,21,21,0.001802245781233617,0.10502256728533164
ENSG00000166311.9,SMPD1,0.7819043905332406,NA,0.4342707645494456,0.0036399467492847165,0.06309031947733787,5.970890027041021e-05,NA,8,11,11,0.19619295090466238,0.04970779196959886
ENSG00000116667.12,C1orf21,0.7812472341084822,NA,0.4346570978016717,0.0008228094029980954,0.03317641263089203,0.0037677806122665782,NA,6,7,7,0.18343300145413155,0.06744269290409871
ENSG00000242498.7,ARPIN,0.7793053044260894,NA,0.43579989074682235,0.0038021714351839583,0.17670744072681382,1.5340126576951693e-12,NA,9,11,11,0.10247541180662559,0.07311821705240541
ENSG00000186350.9,RXRA,-0.7788100878539478,NA,0.4360915943948076,0.0005829011442706493,0.022340837984890588,0.015293428839745991,NA,3,3,3,0.034018462512107446,0.031653437118848216
ENSG00000167653.4,PSCA,0.778737799928311,NA,0.4361341844734743,0.10324186317305095,0.4787100059411156,1.091186421420228e-42,NA,27,28,28,1.2392305614847964e-05,0.1684323678005574
ENSG00000077616.10,NAALAD2,-0.778699117726371,NA,0.4361569759589995,0.004554926796697718,0.040869240226539004,0.0012674473397216958,NA,50,52,52,0.004022207942314981,0.02080827123506226
ENSG00000159917.15,ZNF235,0.7783699000932923,NA,0.43635097819515767,0.00267602495855692,0.02009555507529795,0.01983868260815316,NA,13,13,13,0.2491144320962978,0.00969014793939038
ENSG00000163743.13,RCHY1,-0.7780249203908784,NA,0.43655432209273815,0.007132753562774071,0.036697970295485265,0.002090377168886432,NA,25,25,25,0.019426226180654788,0.07084126436945012
ENSG00000148341.17,SH3GLB2,0.7778017532707043,NA,0.4366858941907644,0.02042125578645223,0.14908992152818967,8.8783128366602e-11,NA,53,56,56,9.736366383198006e-06,0.10381688058657383
ENSG00000233895.1,RP1-122P22.2,-0.776887616997605,NA,0.4372250776644623,0.01681099966572864,0.06805060213376357,3.1505793971613645e-05,NA,25,25,25,0.00901837652168692,0.2858579982586193
ENSG00000175137.10,SH3BP5L,-0.7766278612191972,NA,0.4373783588777017,0.014784006542554875,0.1290116884949401,4.5759260331752476e-09,NA,43,48,48,5.716911366977129e-09,0.059266735767868485
ENSG00000280670.2,CCDC163,0.7754766457678478,NA,0.43805806032437433,0.2293559598273591,0.5811283160813775,6.172056046872981e-55,NA,35,35,35,0.00042199404973622417,0.138523581783453
ENSG00000243449.6,C4orf48,0.7753236335166815,NA,0.4381484476405584,0.016658215358803505,0.01737741419174068,0.03754557550043357,NA,59,65,65,4.851745448494577e-11,0.1736856781006344
ENSG00000112992.16,NNT,-0.7750306234253296,NA,0.43832156433571445,0.002801548024536419,0.09299994326817217,7.068212578011152e-07,NA,47,48,48,0.13511678266110963,0.0663577210257972
ENSG00000092200.12,RPGRIP1,0.7749945886673854,NA,0.4383428571647,0.021153378116080722,0.022506780710760853,0.01730030021313624,NA,51,56,56,0.008997145399957263,0.08871459590110747
ENSG00000169519.20,METTL15,-0.7745460123180271,NA,0.43860796933867374,0.005708859394982861,0.06160880063897237,6.889011698702307e-05,NA,10,10,10,0.00928197655577072,0.04739978884343373
ENSG00000167553.15,TUBA1C,-0.7739892715710696,NA,0.43893713565301695,0.001589066070233829,0.027248711713264054,0.008839762380334348,NA,20,23,23,0.013459038267825149,0.04737627664005902
ENSG00000138071.13,ACTR2,-0.7733047515049494,NA,0.43934204440970204,0.0013260996580292928,0.03647373097158052,0.002144737557559725,NA,14,15,15,0.2987456235393141,0.02220474424412466
ENSG00000272338.2,RP11-722E23.2,0.7732502565912496,NA,0.43937428857058247,0.013287620645011322,0.02094970769341948,0.01813141249752352,NA,23,24,24,0.001716031562135223,0.10186030659863887
ENSG00000272360.1,RP11-359I18.5,0.7732446032784033,NA,0.43937763366383453,0.02302920402240046,0.06807733313031894,3.086325170191912e-05,NA,9,10,10,0.3514964901738693,0.1875218366259766
ENSG00000188910.7,GJB3,-0.772637790606927,NA,0.4397367727441912,0.0008464175780290818,0.048656688505598136,0.00046956282199172726,NA,11,12,12,4.884194283309014e-05,0.009270214254085616
ENSG00000245468.3,RP11-367J11.3,-0.7724515833571451,NA,0.43984701235750934,0.022214434444441298,0.12349433622039803,6.466271924168084e-09,NA,26,28,28,0.048562852541496726,0.12624244104735666
ENSG00000173480.10,ZNF417,-0.7718524777966383,NA,0.44020180626287797,0.02409150704097253,0.15917010470405402,4.284005718910203e-11,NA,20,20,20,0.027810173437685156,0.07740814740181533
ENSG00000111671.9,SPSB2,-0.7717815868403813,NA,0.44024379917103684,0.06262938128614638,0.29596593527506604,7.142927425896827e-22,NA,40,46,46,0.0009394782246962177,0.18446579260523815
ENSG00000188295.14,ZNF669,-0.769073128615534,NA,0.4418498992329417,0.016173455636904185,0.1282841124406154,3.1271491534504967e-09,NA,8,8,8,0.11909908515112803,0.06708400226297798
ENSG00000130299.16,GTPBP3,0.769026115993613,NA,0.4418778070297059,0.007200074917700963,0.081214559624659,4.335721789032394e-06,NA,37,43,43,0.03344442913957626,0.17748318788063552
ENSG00000227579.5,RP1-35C21.2,-0.7684560775355737,NA,0.44221627553081333,0.01994513986049357,0.04429177028100615,0.0008065254530019362,NA,52,56,56,0.0027150487217582598,0.4667257941569163
ENSG00000196312.12,MFSD14C,0.7677546505188207,NA,0.4426329613760409,0.00618571992545971,0.04536653126855916,0.0006621829516188261,NA,79,81,81,6.69508297797325e-08,0.05517930094190635
ENSG00000137558.7,PI15,0.767628038128783,NA,0.44270819994763,0.035156370123227046,0.048428808692159805,0.0003853827902609918,NA,68,71,71,0.002384811766056144,0.1961636129829624
ENSG00000189196.4,LINC00994,0.7675039867399188,NA,0.442781923753792,0.013708884486453101,0.056093961573482114,0.0001545215368146644,NA,39,43,43,0.026191948165483384,0.09082644166709916
ENSG00000130921.7,C12orf65,-0.7662279919389312,NA,0.44354065550127086,0.007905139094701325,0.056198350442560434,0.00013393547098286792,NA,17,17,17,0.0014627558450945285,0.06626126541730673
ENSG00000274698.1,RP11-71L14.4,-0.7658304739515961,NA,0.4437771792063967,0.010059531406801145,0.03279755287505617,0.003750653377323951,NA,6,6,6,0.22089715252133735,0.3286493081216136
ENSG00000149292.16,TTC12,-0.7657456020273179,NA,0.44382768743848466,0.14253642783228487,0.4866845535714346,1.086020732935238e-42,NA,12,12,12,3.031740054304875e-12,0.11847649109082747
ENSG00000133401.15,PDZD2,0.7657392559142873,NA,0.4438314642132847,0.00912622250600189,0.03782866901607355,0.0019103377263162077,NA,30,31,31,0.12370115256122374,0.11725618163902482
ENSG00000188895.11,MSL1,0.765641140010567,NA,0.4438898584605018,0.017712391996080677,0.0860718019650597,2.1582295932321358e-06,NA,14,14,14,0.014906909565000862,0.07868443872150595
ENSG00000014164.6,ZC3H3,-0.7647022435119812,NA,0.44444886994696486,0.14802242435752533,0.4210270329244897,3.639376221979451e-36,NA,20,22,22,0.1014972119281595,0.10743553077575613
ENSG00000156136.9,DCK,0.764251478098666,NA,0.44471739474431404,0.003826113632518857,0.04661883968441557,0.0006020623796747591,NA,21,22,22,0.2665415389834628,0.03277488421589677
ENSG00000183281.14,PLGLB1,0.7639851462764857,NA,0.4448760943641088,0.013048033407793546,0.2515359888737181,6.3241791192787e-18,NA,24,33,33,0.001376052422364545,0.20403967332136505
ENSG00000060749.14,QSER1,-0.7639513488433121,NA,0.4448962356103381,0.015148591800334753,0.017621289175539182,0.036901753464456746,NA,67,73,73,3.735630573347885e-06,0.14258007039700368
ENSG00000184956.15,MUC6,0.7638182100570785,NA,0.44497558341329413,0.0013439243657862548,0.038704139702030835,0.0019185196275440827,NA,2,3,3,0.44505953656732533,0.1281835846871418
ENSG00000236383.8,LINC00854,-0.7633430319137418,NA,0.44525884497961377,0.019927847726890126,0.03557932875911151,0.002738301995819968,NA,34,35,35,0.07297952230229726,0.249430315787078
ENSG00000175518.6,UBQLNL,-0.763065482949308,NA,0.4454243440607517,0.09654057933691372,0.06366851991880855,4.155119165351274e-05,NA,122,133,133,0.0031337080437687987,0.251869955817703
ENSG00000137561.4,TTPA,-0.7630039021402547,NA,0.4454610687021292,0.002589882122504582,0.01736684259811396,0.032670750383203544,NA,5,5,5,0.04715149972770154,0.03453416796822169
ENSG00000205786.8,LINC01531,-0.7626988177957928,NA,0.44564303578814013,0.018976537173843164,0.027356062121999425,0.008397008779507305,NA,41,46,46,0.13835955142658646,0.11613108282174035
ENSG00000128298.16,BAIAP2L2,-0.7614834862634307,NA,0.44636833867620374,0.0062109827384034194,0.05203047111337114,0.00024566888242447853,NA,41,42,42,0.028362095583257998,0.07566195816189614
ENSG00000262089.1,RP11-589P10.5,0.7604840086524793,NA,0.4469653244307218,0.005711475966181202,0.05667623915051333,0.00014241594970239652,NA,12,13,13,0.18207660779987755,0.03312458475551272
ENSG00000170540.14,ARL6IP1,-0.7596968546450638,NA,0.44743580931087235,0.0010193445983687232,0.02471770007918261,0.013447327110272387,NA,10,11,11,0.02426828905670177,0.03165714969653858
ENSG00000161509.13,GRIN2C,-0.7593477630289615,NA,0.44764455275846715,0.003332719985028585,0.07365297901122153,8.908152088516308e-06,NA,2,2,2,0.39579239154131907,0.07042183123765121
ENSG00000127561.14,SYNGR3,-0.7591616468734167,NA,0.44775586572633386,0.017515761173179403,0.0652951046372974,2.3009414101163102e-05,NA,17,22,22,0.01417427238647429,0.0938013140020464
ENSG00000143442.21,POGZ,-0.7590772612896437,NA,0.44780634051882573,0.0008803257245272602,0.021025906113923087,0.022489246384254813,NA,10,12,12,0.00028451604275683557,0.021819681499517636
ENSG00000108094.14,CUL2,-0.7588458653616557,NA,0.44794476536291994,0.0011511870787347988,0.02171658380781763,0.01995218413581603,NA,21,22,22,0.10896320309138169,0.010030412708884709
ENSG00000246375.2,RP11-10L7.1,0.7586151311109746,NA,0.44808281858530397,0.054585366244070566,0.2486233784715321,7.514121992338611e-18,NA,20,22,22,0.08436264946443017,0.14044978182132545
ENSG00000167280.16,ENGASE,-0.7579396663292378,NA,0.4484871024845307,0.02790788242041576,0.13181355029236932,2.0374558166877456e-09,NA,47,56,56,0.000354866524989971,0.28550235580663474
ENSG00000125378.15,BMP4,-0.7575851338673782,NA,0.44869938258478514,0.002122389259978775,0.0213750597628183,0.02061530749291022,NA,15,18,18,0.02641816686227675,0.06195624572137221
ENSG00000213096.10,ZNF254,-0.7571990622161748,NA,0.4489306119698464,0.010415324981093627,0.04705196377888271,0.0005542939538774977,NA,67,70,70,0.03974413119832399,0.1682918013117968
ENSG00000112130.16,RNF8,-0.7567209005267013,NA,0.4492170904368068,0.0063142893529549065,0.09616575025147428,2.5661002458912857e-07,NA,5,5,5,0.002313171256425973,0.053991771319337946
ENSG00000070526.14,ST6GALNAC1,0.7556026387349418,NA,0.4498874733767114,0.006437647555874966,0.02230637562205219,0.016049238483670576,NA,57,65,65,0.00018122238772830433,0.0906339025923781
ENSG00000272282.1,LINC02084,-0.7544946442303809,NA,0.4505522601232801,0.009473257655005831,0.06296015486068128,4.6032504799178446e-05,NA,5,6,6,0.3486109314130167,0.14599902577244572
ENSG00000188611.14,ASAH2,-0.7542065904186508,NA,0.4507251808959065,0.012140361867317633,0.09589926382596596,4.7020103456003553e-07,NA,78,85,85,1.7193159443822257e-05,0.057411948114680776
ENSG00000168268.10,NT5DC2,-0.7541633794550527,NA,0.4507511239887283,0.003526786824864321,0.021533520078375955,0.02070333894426633,NA,20,20,20,0.0004950878441582977,0.03013276456770012
ENSG00000129538.13,RNASE1,-0.7539538642925757,NA,0.45087692514748046,0.0057872372860301715,0.12243695280971813,1.0290655952471008e-08,NA,14,14,14,0.056481118255862744,0.09246961386553623
ENSG00000064225.12,ST3GAL6,0.7539163568877345,NA,0.45089944816861693,0.030546657983821765,0.15958382749883993,1.5902976278748118e-11,NA,30,31,31,0.002267563003401811,0.09209622863001367
ENSG00000165650.11,PDZD8,0.7538504480311802,NA,0.4509390276715417,0.006560894998776509,0.12860737823974835,4.733873574842735e-09,NA,14,14,14,0.24554921460774415,0.026891994196102244
ENSG00000270761.1,RP11-385F7.1,0.7537115519646427,NA,0.45102244380018885,0.011766596767153834,0.058576394364341165,5.615899531398145e-05,NA,34,34,34,0.29188116147148024,0.017112122575476608
ENSG00000169660.15,HEXDC,-0.7536759579358409,NA,0.4510438217370568,0.00913167096011578,0.1888319755250205,1.376586879938898e-13,NA,17,19,19,0.024932349633574224,0.03000937313327998
ENSG00000139190.16,VAMP1,0.7522175037388423,NA,0.4519202690605545,0.020844893038850842,0.2543776521892143,3.518975310187799e-18,NA,38,38,38,8.948451292543533e-05,0.035066184191974936
ENSG00000143850.13,PLEKHA6,0.7521176495984635,NA,0.4519803108698093,0.006454297010094106,0.062138045081373924,6.065205240792497e-05,NA,39,42,42,5.807764318365674e-05,0.060915511991456374
ENSG00000217455.8,AC091801.1,0.7513214108955107,NA,0.4524592466552303,0.0009360228568799618,0.026944478885481654,0.009408778848787635,NA,4,6,6,1.615829176882372e-13,0.04879090103197986
ENSG00000140598.13,EFL1,-0.7508880860311276,NA,0.4527200110201719,0.01383849721391892,0.028360348139001564,0.007811966065639494,NA,36,38,38,0.009205034420325615,0.1214362121106657
ENSG00000272711.1,RP11-259N19.1,0.750691067570113,NA,0.4528386000028445,0.031081835385713966,0.07318997343757921,1.2422503146679194e-05,NA,78,85,85,0.004011043486634492,0.1557262617003244
ENSG00000275074.1,NUDT18,0.7500581445713218,NA,0.45321968650350386,0.0131894962225244,0.21560131775170727,1.2194333641730028e-15,NA,24,26,26,0.04817474141505408,0.045024486064001085
ENSG00000183688.4,RFLNB,-0.7499688540155157,NA,0.45327346341640795,0.022309709422396,0.08805474670094203,1.5378877801025063e-06,NA,30,35,35,0.0036991669752155358,0.32608410307451274
ENSG00000172748.13,ZNF596,-0.749424204388121,NA,0.4536015668488229,0.0025834372012587484,0.02776377978585968,0.008764412587735948,NA,6,8,8,0.245046207712177,0.03578945479702403
ENSG00000176531.10,PHLDB3,-0.7486860719103037,NA,0.4540464404302501,0.012212901497817705,0.11927507088979927,7.81330906209366e-09,NA,16,16,16,0.2379421602610372,0.12262667727217973
ENSG00000127337.6,YEATS4,-0.7485390071412811,NA,0.45413510597573514,0.025800503766530695,0.1984815720173946,1.2007947451074791e-14,NA,66,68,68,0.04034661715945809,0.1019936673420304
ENSG00000128284.19,APOL3,0.7482822579351539,NA,0.45428992381039435,0.002685214087538976,0.07790374221784625,5.616257893626744e-06,NA,18,18,18,0.002086666295765118,0.04161006375528719
ENSG00000213523.10,SRA1,-0.7468702178623625,NA,0.4551419048672004,0.018986456846233124,0.22197481230497926,3.673286565707458e-16,NA,36,36,36,0.04707737289204462,0.044658144120806
ENSG00000132906.17,CASP9,-0.7468182319879255,NA,0.4551732886891431,0.05790888332229512,0.2944622007444164,1.9293119719959952e-21,NA,31,31,31,0.3103193744760768,0.04790170198959304
ENSG00000160285.14,LSS,0.7467155315572515,NA,0.4552352924207069,0.025348392709407454,0.018299141089865925,0.03276172671521136,NA,34,37,37,9.444940628370347e-10,0.3103097855268026
ENSG00000204947.8,ZNF425,0.746563858558793,NA,0.45532687124849713,0.010601536441978116,0.05097435914640178,0.00028722577893894893,NA,31,33,33,0.00034135744497035064,0.05835490090665104
ENSG00000196284.15,SUPT3H,0.745901664636925,NA,0.455726819600346,0.006712628591686751,0.05791873969559635,5.507537589122755e-05,NA,17,18,18,0.11523480736875037,0.1958325850310832
ENSG00000120314.18,WDR55,-0.744747527598227,NA,0.45642436139806997,0.002618322833351442,0.07320954195141638,8.230993004315664e-06,NA,45,45,45,0.00014422782835513798,0.021550853344671973
ENSG00000125508.3,SRMS,-0.744668526128617,NA,0.4564721305502629,0.044796498059672826,0.27456996563419217,3.2236698812417756e-20,NA,23,27,27,0.04555502530203117,0.2498524290936785
ENSG00000141433.12,ADCYAP1,-0.7446498055168765,NA,0.45648345059652673,0.03885942536488324,0.05481951025472725,0.0001675736217002166,NA,56,62,62,1.1719465281020036e-05,0.1365896816836085
ENSG00000255837.1,TAS2R20,0.7445568384309165,NA,0.456539668603241,0.01868812113711245,0.2561893144089055,2.2654205447694286e-18,NA,32,47,47,0.0020890328891394897,0.10598618856495504
ENSG00000058085.14,LAMC2,0.7443845425219926,NA,0.45664386772925003,0.0043038720564015686,0.03298137686616945,0.003942003948087127,NA,13,16,16,0.15193730763364513,0.06896075847594985
ENSG00000172350.9,ABCG4,0.7442338910513557,NA,0.4567349879342857,0.011589207203209637,0.016165913133755302,0.04417798486127869,NA,32,40,40,1.559588377931201e-13,0.17827362230043942
ENSG00000137474.19,MYO7A,-0.7441246419526468,NA,0.4568010726731657,0.004081433095646486,0.04218314629024235,0.00094124382599548,NA,13,14,14,0.07457935774373087,0.040317484241511985
ENSG00000198824.5,CHAMP1,0.7440018539734337,NA,0.4568753534883101,0.0010720165907756086,0.021816184980193644,0.017483307392694856,NA,9,9,9,0.3595144130225114,0.051041492184176605
ENSG00000166268.10,MYRFL,-0.7437770674248401,NA,0.4570113561097112,0.08041243583140775,0.23831070979236285,1.4350396750847608e-17,NA,36,37,37,0.05518875317938742,0.11859569539332435
ENSG00000180332.6,KCTD4,-0.7434186278563923,NA,0.4572282698671738,0.0015555125918099762,0.05407215384628911,0.0001878762671869081,NA,3,4,4,0.4259435569228548,0.056926334274813535
ENSG00000089091.16,DZANK1,0.742703258849254,NA,0.45766135631580795,0.008193691238312407,0.10549805310137644,4.570816265489294e-08,NA,5,5,5,0.3608568119938489,0.09910343751284008
ENSG00000069493.14,CLEC2D,0.7425856913647318,NA,0.45773255403214386,0.008109226168529615,0.07383583010029487,1.3156232286745285e-05,NA,63,66,66,0.011200342753253526,0.1204705520636934
ENSG00000144426.18,NBEAL1,-0.7421836861256541,NA,0.45797605142910236,0.0030960837344644002,0.05103351353818277,0.0003368279639880477,NA,22,22,22,1.4258951068020038e-06,0.04156200112641338
ENSG00000188321.13,ZNF559,0.7413201192874853,NA,0.4584993655980565,0.09189520375417118,0.5303490591536075,2.1007602344921278e-50,NA,3,3,3,0.4382627206608839,0.6868767913044203
ENSG00000130270.16,ATP8B3,0.7411078178141098,NA,0.4586280698152473,0.006323294057045647,0.03757903869187736,0.0021836420204094037,NA,10,11,11,0.41094411890364657,0.09030426467372624
ENSG00000244045.12,TMEM199,-0.7405972148697068,NA,0.4589376972304884,0.003723801618922342,0.06348750386495712,5.857703993054015e-05,NA,5,6,6,0.36952569061700313,0.03185356143065732
ENSG00000130684.13,ZNF337,-0.7404185914995522,NA,0.4590460413205085,0.013610558865784751,0.08924446565474874,8.891553123137192e-07,NA,37,37,37,0.004968096177312637,0.050575502136445766
ENSG00000173567.14,ADGRF3,0.739988843304496,NA,0.45930676400124215,0.009996682238848576,0.01604960388944834,0.0461830939662736,NA,13,13,13,0.0038432584012536622,0.11410070779404352
ENSG00000267939.1,CTD-2325M2.1,0.7387805218648598,NA,0.46004028131445773,0.043195470591657195,0.0981590659665512,2.3239705050317093e-07,NA,31,33,33,0.12888480349603257,0.14383505941910038
ENSG00000164406.7,LEAP2,-0.7382401087598213,NA,0.46036855371570695,0.011208502296728583,0.033353845366227666,0.003699084563331388,NA,49,50,50,0.0015857088096028523,0.0611260740443529
ENSG00000136144.11,RCBTB1,-0.7381459299147624,NA,0.4604257757913589,0.009628597508715017,0.07856537607657252,4.9085343202228794e-06,NA,22,22,22,0.11886314804806981,0.04674101376136718
ENSG00000100109.16,TFIP11,-0.7376040139588471,NA,0.4607551155211077,0.017007144522486126,0.05500714018991376,0.00015341105811804534,NA,82,84,84,8.097788198706778e-06,0.08447583624283594
ENSG00000101746.15,NOL4,0.7374201613238794,NA,0.4608668785869344,0.010941663634109682,0.0624960494626094,3.8686889950246724e-05,NA,18,18,18,0.003379671887338846,0.06780168910237355
ENSG00000176386.8,CDC26,0.7373480778439402,NA,0.4609107018969665,0.043940036885300605,0.20979525939335056,5.656183434823346e-15,NA,46,48,48,0.08882365507453649,0.06785153865410111
ENSG00000188690.12,UROS,-0.7369089903799926,NA,0.4611776963901806,0.007587004470731437,0.12467915922874358,8.192371673867962e-09,NA,11,12,12,0.0011496305289026452,0.08617002396177594
ENSG00000226251.5,RP11-15I11.3,-0.7356465487274599,NA,0.46194582646283655,0.03644844436605771,0.23004081253274955,1.3663950988983844e-16,NA,27,28,28,2.3443296490411604e-05,0.05330739740934303
ENSG00000087301.8,TXNDC16,0.7350863831887431,NA,0.46228688668511786,0.00736482317939493,0.033939033084385686,0.0035608074623442922,NA,34,35,35,1.3986780773538404e-06,0.13176547190877688
ENSG00000131899.10,LLGL1,-0.7349121887972813,NA,0.4623929746428017,0.005484230256017891,0.04545622588587545,0.0006883936722731032,NA,43,45,45,3.020930887525112e-08,0.08955693002753476
ENSG00000157426.13,AASDH,0.7347164672929424,NA,0.46251218925716564,0.0314839132006136,0.18042193669897336,1.1200364843467214e-12,NA,54,57,57,0.000165229544686382,0.08593093317187428
ENSG00000124171.8,PARD6B,0.7341918515544008,NA,0.4628318189941487,0.00254781323813988,0.03743242363567295,0.0021242543156178213,NA,16,17,17,0.03518342445087233,0.022923109384095242
ENSG00000225973.3,PIGBOS1,-0.7340637051722975,NA,0.4629099127474443,0.006966235629025442,0.040555839323904185,0.0014445250543055376,NA,13,13,13,0.25887462301238695,0.11850541310526833
ENSG00000275636.1,RP11-521C20.5,-0.7340368159595428,NA,0.462926300249068,0.023234005882639408,0.019585737016029715,0.027608662000253883,NA,30,32,32,0.0024446728882456074,0.3165013798166272
ENSG00000182648.11,LINC01006,0.7333380247524738,NA,0.46335228860731903,0.007729707577570915,0.1541344044530044,6.921875995192657e-11,NA,13,13,13,0.3009552828858475,0.03295539830924731
ENSG00000148408.12,CACNA1B,-0.732631444342767,NA,0.46378324733970777,0.0016619436626162225,0.027626100016812163,0.008398456134205829,NA,22,23,23,0.027452962243225663,0.029737190539403494
ENSG00000108932.11,SLC16A6,0.7326233520110615,NA,0.4637881843211745,0.002371412468586351,0.017408676445855652,0.03770837250321555,NA,12,12,12,1.0878088808008263e-07,0.08104073563547984
ENSG00000168918.13,INPP5D,-0.732362674565619,NA,0.4639472344519797,0.023568342519291564,0.017914171475664434,0.03147383637611624,NA,142,148,148,0.0010996031830824732,0.08830263522872774
ENSG00000146833.15,TRIM4,-0.7315749702227207,NA,0.4644280300737095,0.0977392637728013,0.4413178553648424,5.741928417914133e-36,NA,25,25,25,0.17125031968128113,0.036890579305449776
ENSG00000137806.8,NDUFAF1,0.7311784599474186,NA,0.4646701552017085,0.0012505962731176093,0.01654977480428565,0.04164458784489479,NA,3,3,3,0.37814545049892434,0.051143887602665895
ENSG00000173442.12,EHBP1L1,0.7311127534950989,NA,0.4647102849867475,0.0007739018550052078,0.06600447100632223,3.489471821584741e-05,NA,5,5,5,0.1457357608412084,0.02403336459618296
ENSG00000250786.1,SNHG18,0.730775649247476,NA,0.46491619951165186,0.041670546945805784,0.2175522728082117,2.3181913157813867e-16,NA,31,34,34,0.05471872340322207,0.14747656092180772
ENSG00000186732.13,MPPED1,-0.7297865184088455,NA,0.4655206864209306,0.02948174782001587,0.26889069376417085,6.32462000250442e-20,NA,12,12,12,0.005747586348499538,0.18872253191968624
ENSG00000132256.18,TRIM5,0.729597933048034,NA,0.4656359860282344,0.0033684909364126003,0.027221924783451125,0.009488436954982459,NA,12,13,13,0.09026136313968972,0.04821636567097898
ENSG00000171509.15,RXFP1,0.7291677833438721,NA,0.4658990355379009,0.005776650722521606,0.033078742833149065,0.004099081036551522,NA,30,30,30,0.11986848012632667,0.03679193273772171
ENSG00000159733.13,ZFYVE28,0.7282642502433457,NA,0.46645184194358236,0.0009736749215029921,0.02172096354630536,0.01871684331647828,NA,15,16,16,0.001573600683399503,0.02571331193907065
ENSG00000165113.12,GKAP1,0.7270571982371091,NA,0.4671909172813785,7.865635249256115e-06,0.018578260989021832,0.030038017748067813,NA,24,26,26,0.43993683307207376,0.004149111406158602
ENSG00000108556.7,CHRNE,-0.7269598339761476,NA,0.46725056149680877,0.10270663332917473,0.3572781178493451,3.9352406906030823e-28,NA,15,15,15,0.007403829182392947,0.26468650547957684
ENSG00000075413.17,MARK3,-0.7264317333220986,NA,0.4675741433672729,0.007829704625209604,0.07895909180672621,6.370778719235703e-06,NA,35,38,38,0.006511594600545479,0.16381377305851513
ENSG00000256092.2,RP13-942N8.1,-0.7263209430644778,NA,0.4676420433783435,0.0068562976244652294,0.059655438611012676,7.797022778293852e-05,NA,30,30,30,0.2628809784089863,0.02823404617537148
ENSG00000170627.10,GTSF1,-0.7261750349357096,NA,0.46773147441112706,0.05868894150088713,0.18310799257828975,4.4419570882090694e-13,NA,28,29,29,0.0882413825504013,0.11792577859981256
ENSG00000172006.11,ZNF554,0.7260546600834004,NA,0.4678052625430319,0.004127130000429665,0.08385337217630802,2.9591693071417917e-06,NA,11,11,11,0.42591581070261775,0.019483244136023717
ENSG00000173039.18,RELA,-0.7259558031447323,NA,0.46786586531233265,0.00463771946211214,0.037453218047597416,0.0019262410989940289,NA,53,53,53,7.874231339592225e-08,0.03329625718003944
ENSG00000224383.7,PRR29,0.7256583065971792,NA,0.4680482673639017,0.01450114470145861,0.07315992824445447,1.1112821899168768e-05,NA,16,17,17,0.20573534576700692,0.0695457748475601
ENSG00000137101.12,CD72,0.7255458781545803,NA,0.4681172101106136,0.016013118797595503,0.053743385796513984,0.0002192901390286181,NA,29,29,29,2.0489235744035817e-07,0.24815974297874
ENSG00000169340.9,PDILT,-0.7254548939016806,NA,0.46817300708740817,0.0043977138483086405,0.11354985864718052,2.4432562299405077e-08,NA,28,32,32,1.6032139681370467e-08,0.06785584386081221
ENSG00000149262.16,INTS4,-0.7253308868278354,NA,0.4682490615605549,0.011543459146164838,0.08157574520162461,3.672836844887325e-06,NA,18,18,18,0.014548451406352709,0.10917539321470532
ENSG00000087237.10,CETP,0.72515058486363,NA,0.46835965431863824,0.01096209432295584,0.047472786239109215,0.0003864562426958358,NA,17,18,18,0.012532915503532156,0.07584280538488525
ENSG00000198793.12,MTOR,0.72476361023816,NA,0.4685970637885216,0.0004933041211660669,0.02119827404814515,0.018039159922154758,NA,3,3,3,0.3119709407448553,0.017471020799883927
ENSG00000163684.11,RPP14,0.7228615870731017,NA,0.4697649253835394,0.03437608127543396,0.2345059466604291,1.5120514169248247e-16,NA,22,23,23,0.0012657095121373922,0.17038444450973222
ENSG00000103642.11,LACTB,0.7226072267183453,NA,0.46992122708382456,0.014527326918372187,0.0987768357550072,3.809241226592997e-07,NA,32,32,32,0.015616786774120858,0.04079403162631316
ENSG00000160953.15,MUM1,0.7223473569335631,NA,0.47008094394104694,0.004687004921878792,0.01870733039849151,0.03086202611652353,NA,27,34,34,7.039606634994878e-05,0.06149306347918641
ENSG00000182372.9,CLN8,-0.7219444078836893,NA,0.47032865709345495,0.002586254194921966,0.08057430241572547,4.341271508031807e-06,NA,5,5,5,0.2918933870717366,0.04941112688163109
ENSG00000132305.20,IMMT,0.7217193400318597,NA,0.47046704905215864,0.003521647471067357,0.16656878817127405,6.2974808355405525e-12,NA,10,10,10,0.2549313212554565,0.01796462267468276
ENSG00000117724.12,CENPF,-0.7203840956719499,NA,0.47128853958813943,0.01002791423517527,0.02078221488523352,0.023241148827064358,NA,43,46,46,0.00025990622467526745,0.06863125878004529
ENSG00000175279.21,CENPS,0.7203445317770069,NA,0.4713128927875515,0.002338224500811612,0.017186131292497162,0.03845207350332508,NA,10,10,10,0.14132433763932023,0.04519896959724429
ENSG00000267575.6,CTC-459F4.3,0.7202774665117133,NA,0.47135417579335936,0.010544563036237246,0.1029303579099134,2.0514352843849488e-07,NA,19,19,19,0.08442070774807979,0.02239046160614329
ENSG00000160185.14,UBASH3A,0.7197568502515519,NA,0.47167471657539606,0.009258023409085003,0.11954618928348487,8.636021636819653e-09,NA,12,12,12,0.02857547092929676,0.09108669684060472
ENSG00000188171.15,ZNF626,0.7194431760718945,NA,0.4718679021703437,0.021768815615288102,0.12413866761712515,8.443733412750748e-09,NA,35,38,38,0.25557159127876494,0.06884554098899631
ENSG00000205476.8,CCDC85C,-0.7193594389835596,NA,0.47191948152641316,0.011085962663213895,0.046811029156561976,0.0002831979545684893,NA,44,47,47,1.9991667725791717e-10,0.13211519207353098
ENSG00000006282.20,SPATA20,-0.7182215021625303,NA,0.47262072198228533,0.08233069945173882,0.584670470884614,1.0416362781997307e-56,NA,10,11,11,0.249117810197235,0.22179071816681453
ENSG00000162994.15,CLHC1,0.7182081224059474,NA,0.47262897051433383,0.2196434542699086,0.5054605174650075,1.2410713401598374e-43,NA,39,39,39,0.001773959254617567,0.2749469120490349
ENSG00000197147.13,LRRC8B,0.7178640774116838,NA,0.4728410992153371,0.004652869884111356,0.057528395541050985,0.0001316304765191665,NA,23,23,23,0.11063385110794668,0.07830067381221567
ENSG00000150527.16,CTAGE5,-0.7176712574861714,NA,0.47296000960237405,0.006678955243737857,0.05827670202050315,0.00010830392558746654,NA,26,27,27,0.010845978415527546,0.08193747872787924
ENSG00000180185.11,FAHD1,0.7173466962671553,NA,0.47316020087127997,0.1244492374884602,0.5595711906070063,4.805176145665004e-53,NA,86,90,90,0.0002946593420829194,0.15118216530910325
ENSG00000113734.17,BNIP1,0.7170501813002003,NA,0.47334313379364823,0.015132790862072469,0.15857073846875386,3.883668905426271e-11,NA,10,10,10,0.39633607649324576,0.051136800480282386
ENSG00000248265.1,FLJ12825,-0.7155632171032645,NA,0.47426109288573215,0.021692222220164894,0.13497072771672575,1.3904755639088244e-09,NA,41,45,45,0.11792418239068031,0.15197955825916434
ENSG00000180834.7,MAP6D1,-0.7147615402687041,NA,0.47475640376163375,0.020126262578375062,0.03929525106611094,0.0016708362378910005,NA,53,55,55,5.737286497766763e-07,0.16238940617835862
ENSG00000134873.9,CLDN10,-0.71364760121419,NA,0.47544511511517884,0.023576575356542763,0.01601564639836613,0.04266444662744895,NA,59,63,63,1.766252812477853e-06,0.11005717976661714
ENSG00000152492.13,CCDC50,-0.7131473535212284,NA,0.47575457981297165,0.013362312594325599,0.11449035503155484,2.634627959936958e-08,NA,66,70,70,0.03912978244632052,0.04681841864056503
ENSG00000184232.8,OAF,-0.7130297775140065,NA,0.47582733105586583,0.05938423634113424,0.28466434946161484,1.1794320982761336e-21,NA,36,39,39,0.006686206869562576,0.21372242556670096
ENSG00000167840.13,ZNF232,0.7126375832976503,NA,0.4760700489606252,0.08025243680558866,0.2768572745406633,1.0963667851472951e-20,NA,37,42,42,1.6993011601771576e-09,0.6077556722632864
ENSG00000160796.16,NBEAL2,-0.7125163153622652,NA,0.4761451119884993,0.0013550131370228353,0.03929517931673228,0.0013859297275447984,NA,27,28,28,0.01803487640066635,0.021172826960754797
ENSG00000188282.12,RUFY4,-0.7122562345340849,NA,0.47630611998056605,0.007030518936889002,0.02214976143245626,0.018440553051182838,NA,20,21,21,0.00028133687134566877,0.053851879108998586
ENSG00000039139.9,DNAH5,0.7122309357457577,NA,0.4763217832694626,0.024821382438555133,0.18832499483391216,3.2073755693015886e-13,NA,35,38,38,5.969546566053034e-05,0.0613342976546463
ENSG00000130347.12,RTN4IP1,-0.7118280015878893,NA,0.4765712907334473,0.002299239438059304,0.024979489572986083,0.012450535465277818,NA,22,22,22,0.23176453961860866,0.03890802976303417
ENSG00000009830.11,POMT2,0.7117523205781785,NA,0.4766181623966631,0.004081712734430348,0.0684950538919987,2.710849075981391e-05,NA,13,15,15,0.14776511333007447,0.033418531527167734
ENSG00000144230.16,GPR17,0.7115953333240799,NA,0.47671539766093607,0.0436148162833193,0.26604015771007666,1.463811994261738e-19,NA,45,49,49,9.07392812516087e-16,0.21160799972701666
ENSG00000117984.13,CTSD,0.7113509685731837,NA,0.4768667746911589,0.004554472154734075,0.038077450290214816,0.002002829152114323,NA,31,31,31,0.02366164136415557,0.09266102424285323
ENSG00000272021.1,AC008592.8,0.7110944746457077,NA,0.4770256937098246,0.006119563736580957,0.06149185171450423,6.987674238387789e-05,NA,3,3,3,0.04071850180169534,0.08762256434808173
ENSG00000127419.16,TMEM175,-0.7108988517651366,NA,0.47714691760948547,0.009315020970710127,0.08025095502718059,4.904710137732344e-06,NA,57,61,61,1.7903155856650486e-09,0.10828448097578272
ENSG00000188612.11,SUMO2,0.7105944909305157,NA,0.4773355579389946,0.0010167799919639732,0.016143111442197513,0.045872897385932886,NA,3,3,3,0.43137388178203395,0.026573831242428958
ENSG00000141002.19,TCF25,-0.7097457927078576,NA,0.47786178957587266,0.0011428290209139617,0.018404124773282588,0.03312577366336759,NA,4,4,4,0.30338751433155786,0.04198487103276803
ENSG00000267405.1,CTC-296K1.4,0.7097100921643892,NA,0.477883932493138,0.002967854595917194,0.024123168714548556,0.013942316605959248,NA,10,11,11,0.2498461701844722,0.0700165820217212
ENSG00000172613.7,RAD9A,-0.7096802163854111,NA,0.47790246308769235,0.020518225670843215,0.2469004598282599,1.0042584287806843e-17,NA,36,41,41,0.009821471951246644,0.29421812073016623
ENSG00000230438.6,SERPINB9P1,0.7087452504501828,NA,0.4784825786762755,0.045545793842936375,0.5538877189134227,1.1749167966098943e-50,NA,9,11,11,0.0007272428466850573,0.3015300879877902
ENSG00000157578.13,LCA5L,-0.7086999612861676,NA,0.4785106888785353,0.11436180041465918,0.3296505759736172,1.775361034506001e-25,NA,28,30,30,0.004043339099050739,0.11006196636854104
ENSG00000148459.15,PDSS1,0.7083632294877531,NA,0.47871972078383807,0.0024196260801330758,0.05485704282570026,0.000185818051641481,NA,4,4,4,0.22172520775596416,0.025157241751104988
ENSG00000271889.1,RP11-493E12.1,0.7082937534965099,NA,0.4787628553754355,0.03346882480664186,0.08457499596641385,2.1317213334724047e-06,NA,29,29,29,0.008646766220711111,0.2664060198882328
ENSG00000188157.14,AGRN,0.7082245805919529,NA,0.4788058039026313,0.005150388475275186,0.10141964626526284,1.4937877543937686e-07,NA,14,19,19,0.15336338525868673,0.0690600865181345
ENSG00000129566.12,TEP1,0.7077307930106722,NA,0.47911245109220213,0.004830683335388256,0.0791724417382489,5.7890999400679706e-06,NA,21,30,30,0.001431662020531219,0.08105550059567054
ENSG00000180071.19,ANKRD18A,-0.7074063297741684,NA,0.47931400446981454,0.009138655051930867,0.12267108723854896,4.8806008341003124e-09,NA,40,46,46,0.021693827486025195,0.11228571572387804
ENSG00000130413.15,STK33,0.7069689729307153,NA,0.4795857594612405,0.019521035984626213,0.15035642743156566,1.6141203961466572e-11,NA,9,13,13,4.1403186949025655e-06,0.1114049893256574
ENSG00000163541.11,SUCLG1,0.7068171880806412,NA,0.47968009177411575,0.00018217997237467766,0.03171097435329926,0.004838626129926422,NA,7,9,9,0.314456610070301,0.03884768824288403
ENSG00000163635.17,ATXN7,-0.7064610695978555,NA,0.4799014545128699,0.004999599993130645,0.027817629158753368,0.0077555625625943874,NA,30,34,34,0.006586820716466067,0.11010807723601336
ENSG00000188878.19,FBF1,-0.7062971288345453,NA,0.4800033785797948,0.033228651114690144,0.23921376935620875,6.670655826063807e-17,NA,50,55,55,0.05552614546943254,0.1818419449885562
ENSG00000214194.8,LINC00998,-0.7054748206787785,NA,0.48051479610876413,0.0035294630546297504,0.09188740951745247,9.95511522843036e-07,NA,14,14,14,0.48502988418291315,0.01252277544662973
ENSG00000105520.10,PLPPR2,0.7044192352053009,NA,0.4811717306042408,0.002448463219169956,0.058271367162093725,0.00011697651845747193,NA,19,19,19,0.17647216093922913,0.1035045420196269
ENSG00000104112.8,SCG3,-0.7039164196934172,NA,0.48148482533679915,0.0018442405174814084,0.041053500653196136,0.0012042597191554024,NA,3,3,3,0.11702571236640186,0.04217349271697925
ENSG00000180011.6,ZADH2,-0.7034515239309177,NA,0.4817744066958459,0.0416638763225202,0.20404517463408414,1.6207823351583872e-14,NA,85,93,93,0.00041856152156220257,0.3198539739324128
ENSG00000141279.15,NPEPPS,0.7022049352005627,NA,0.48255136830375844,0.0011733309970357762,0.040822412188016535,0.001216910752996142,NA,13,14,14,0.26862898395918977,0.02906729870275236
ENSG00000116711.9,PLA2G4A,-0.7020255550194286,NA,0.4826632266391868,0.0010685170743864434,0.01792073602522981,0.032625379867079585,NA,3,3,3,0.43237775724917005,0.028139287822534945
ENSG00000223396.2,RP11-134G8.5,0.7008307026530258,NA,0.4834086749680948,0.008843352170061337,0.03527209807369073,0.0027665392009825,NA,25,28,28,0.09499097623892898,0.05663485603012711
ENSG00000212864.3,RNF208,0.7006748089112245,NA,0.48350598052195704,0.005128649130450607,0.04102684935198833,0.0012276979160953467,NA,16,21,21,0.027452962243225663,0.07510227812533751
ENSG00000254343.2,RP11-760H22.2,-0.7005375204761721,NA,0.4835916818417769,0.023985440887478105,0.08580083925589631,2.4283378029770464e-06,NA,68,68,68,4.605012017305316e-18,0.1369470084103062
ENSG00000176890.15,TYMS,0.6998749537410063,NA,0.484005400236295,0.011762087403780134,0.02759990018189629,0.008261504038131973,NA,58,66,66,3.485879190339787e-06,0.11098424765262356
ENSG00000123329.17,ARHGAP9,0.6995000251913079,NA,0.48423959727963783,0.005768445666799618,0.11126430623606086,4.234238448193809e-08,NA,4,13,13,0.03161966686507633,0.3235026256722899
ENSG00000007376.7,RPUSD1,0.6992451186349755,NA,0.4843988583298361,0.00042699481060246567,0.043235633159758674,0.0007720620199359807,NA,2,2,2,0.481424312849109,0.03148440828895505
ENSG00000183426.16,NPIPA1,-0.6979581178828186,NA,0.4852033867509864,0.07384999258789973,0.333741414909014,1.0396365183760416e-24,NA,22,26,26,0.04306574899051203,0.201212781304591
ENSG00000139372.14,TDG,0.6975890357628004,NA,0.48543424037074034,0.00362836270434856,0.028426632775069113,0.0074363807054561686,NA,14,16,16,0.05222776275640597,0.04561977516380106
ENSG00000269994.1,RP11-276H19.2,-0.6975329253026604,NA,0.4854693415678968,0.04410505705584657,0.09612486269240028,4.0144598107781524e-07,NA,53,55,55,0.000542123733395804,0.19470395125296736
ENSG00000131368.7,MRPS25,0.6975155228244538,NA,0.48548022837008853,0.005611145668994679,0.11147812787906274,4.79952566675225e-08,NA,17,19,19,0.03631433417828946,0.08835551206129004
ENSG00000131153.8,GINS2,-0.6970423901533531,NA,0.48577626568454424,0.007665652208028109,0.032832470535241666,0.0038305701091988016,NA,34,38,38,0.006932103300627806,0.10124867125182466
ENSG00000171928.13,TVP23B,-0.696979448763419,NA,0.48581565523291037,0.06369431520121238,0.4490046590748389,2.257604199210413e-38,NA,30,34,34,0.005666452730435888,0.2228657905882153
ENSG00000068078.17,FGFR3,0.6968544914569034,NA,0.4858938602768903,0.004706223989987122,0.11014962430746897,5.055422144619951e-08,NA,12,13,13,0.013146365840615687,0.039411478860627916
ENSG00000198324.13,FAM109A,-0.6966731627392138,NA,0.4860073577116262,0.0025931171338369596,0.01906878339438212,0.027221814250632487,NA,23,25,25,0.03599006117530558,0.30395275017172896
ENSG00000100376.11,FAM118A,-0.6962715337291594,NA,0.4862587967529973,0.25602253333557545,0.5848041213552151,5.886618219973968e-56,NA,30,31,31,0.0014584184687896642,0.14052283841509922
ENSG00000161609.9,CCDC155,-0.6959201090835498,NA,0.48647886313939637,0.009966910053876997,0.04913549048323411,0.0004043033002496165,NA,9,9,9,0.18543167201508304,0.04113718610033615
ENSG00000164344.15,KLKB1,0.6957454089498389,NA,0.48658828251858377,0.05750675991066457,0.22101835205116266,8.940015422721599e-16,NA,49,51,51,7.425902468877931e-07,0.15096668860506934
ENSG00000212916.4,MAP10,0.6954973955091817,NA,0.486743642831598,0.017719317965782647,0.07393169767910407,1.0177078221884449e-05,NA,39,40,40,0.0006832313071219155,0.08857460384429372
ENSG00000205209.7,SCGB2B2,0.6953198141693376,NA,0.4868548996089741,0.003612310512912497,0.02883207139569945,0.007490138516254534,NA,7,7,7,0.3386077720261256,0.030177300063320936
ENSG00000145246.13,ATP10D,-0.6950532729314592,NA,0.4870219165834885,0.008584079725172371,0.11252033096338893,4.316696134223474e-08,NA,11,11,11,0.2134503997314846,0.028854276800827663
ENSG00000205436.7,EXOC3L4,0.6942850942552609,NA,0.48750343686636455,0.009593155884381043,0.08897355913689574,1.5995397219453253e-06,NA,81,83,83,0.0013646179577920584,0.08604051201239593
ENSG00000074855.10,ANO8,-0.6941615400792996,NA,0.48758090877268956,0.002115143902147298,0.06843422813390218,2.455330574195515e-05,NA,10,11,11,0.0763733143011405,0.0909441462975234
ENSG00000138399.17,FASTKD1,-0.6936882484533891,NA,0.4878777372655372,0.005158748445290857,0.07202245145363452,1.574851283890595e-05,NA,47,47,47,0.00012572002615379496,0.06385393194728985
ENSG00000179979.8,CRIPAK,-0.6930336005930681,NA,0.4882884653602383,0.12189711392781846,0.470687805642302,9.768222843009974e-41,NA,39,45,45,0.0005161086193371214,0.3234622295959195
ENSG00000260274.1,RP11-817O13.8,-0.6929491892360297,NA,0.48834143887489034,0.01635591529042056,0.08250910817091645,2.3204752431580484e-06,NA,32,34,34,0.030309665038959745,0.07547053476107818
ENSG00000164219.9,PGGT1B,0.6927976011411338,NA,0.48843657785931316,0.013878699543002693,0.11557595380008208,1.0182801115853359e-08,NA,26,27,27,7.3034158067484055e-06,0.04480918147071457
ENSG00000095383.19,TBC1D2,0.691903671824026,NA,0.48899782460264374,0.004086683314160209,0.030144113503993673,0.005577361779097008,NA,32,35,35,0.025465291041215806,0.07257950330484332
ENSG00000204519.10,ZNF551,-0.6916668281984675,NA,0.489146583275206,0.013328613631967544,0.06554643807256784,4.067812355408405e-05,NA,24,26,26,0.027842484781158583,0.06289305356126172
ENSG00000137817.16,PARP6,-0.6905706813925186,NA,0.48983537742528493,0.002620926713679606,0.052260369462644764,0.00027048939613364754,NA,6,6,6,0.16988456853219625,0.02126446321378644
ENSG00000236882.7,LINC01554,0.690290796091608,NA,0.49001133470255465,0.00549499700534836,0.038618558388580033,0.0016670605450610726,NA,13,14,14,0.0716111799230845,0.05434833280444155
ENSG00000175390.13,EIF3F,0.6894051031318691,NA,0.4905683729349427,0.009024441562278348,0.11953387455566855,1.1585277892757703e-08,NA,31,44,44,0.04948243205304449,0.07065040178026268
ENSG00000084444.13,FAM234B,-0.689363621280311,NA,0.4905944704282441,0.05400143546043196,0.2827735134117653,1.8820400821893232e-20,NA,56,59,59,9.028151052439827e-06,0.08157972988182882
ENSG00000151353.14,TMEM18,-0.6880183675527238,NA,0.49144121483328806,0.0067271758898330885,0.05911662246068775,0.00010117402233015196,NA,26,27,27,0.0016050389210797834,0.05417999969040805
ENSG00000248099.3,INSL3,0.687917810616999,NA,0.4915045399914205,0.00787285602188156,0.0265868451925318,0.009903000929085227,NA,14,20,20,0.10420574713530874,0.08930514774493441
ENSG00000168811.6,IL12A,0.6877246127010725,NA,0.4916262175728807,0.0008455153246355032,0.02877380433593428,0.0070780718030331955,NA,2,2,2,0.48858758014560255,0.022155926688994087
ENSG00000082014.16,SMARCD3,-0.6876439121611077,NA,0.49167704820112434,0.005406191568955882,0.03060631039384546,0.005692881593931258,NA,27,30,30,0.02867469384089955,0.05361152098159643
ENSG00000157637.12,SLC38A10,0.6874594208975215,NA,0.4917932638038389,0.031881894073188435,0.2996460188214734,1.566339906325521e-22,NA,39,42,42,0.00019971247903977153,0.3147125694667605
ENSG00000117500.12,TMED5,0.6866581735125363,NA,0.4922981603162643,0.004127470787957527,0.10894416341929172,6.853588225756448e-08,NA,22,24,24,0.0003213966900184337,0.04651027998027107
ENSG00000167674.14,CTB-50L17.10,0.6866355412752707,NA,0.4923124257874004,0.0013768288810530867,0.033427001670934334,0.0038993524173256467,NA,3,4,4,0.4405652564893088,0.026374302065710085
ENSG00000197841.14,ZNF181,-0.6864961377748934,NA,0.4924002989929337,0.018266255487847445,0.21794365436566487,2.0477221586124478e-15,NA,37,39,39,0.02745689397678786,0.055523962458064915
ENSG00000187715.13,KBTBD12,0.6864730277972607,NA,0.4924148672146623,0.08732035419849828,0.23655789259165302,1.056793200385822e-16,NA,55,57,57,0.0001077501080535567,0.20183202025385225
ENSG00000189007.15,ADAT2,0.6856121969865896,NA,0.4929576880867411,0.02563632918437162,0.2951850512806013,1.9746672864732896e-21,NA,51,53,53,0.09410597375574072,0.049047594831289634
ENSG00000149380.11,P4HA3,0.6850151523110157,NA,0.4933343594784042,0.026475593701156333,0.09153174967680046,7.490795808431505e-07,NA,18,19,19,0.02291778342467855,0.0967355679627748
ENSG00000111364.15,DDX55,0.6846202407230042,NA,0.49358359116128603,0.01840803192498871,0.1820706941730133,1.1220215967885452e-12,NA,30,30,30,0.0002769302901407721,0.04215607332982365
ENSG00000119632.3,IFI27L2,0.684265400672015,NA,0.49380759087740156,0.03053767878585295,0.20784043220554727,1.5510446281167325e-14,NA,76,83,83,0.0007434811927695409,0.08819500705597509
ENSG00000260911.2,RP11-196G11.2,-0.6842100038060114,NA,0.49384256614083344,0.036089113717042015,0.18743630133843173,2.8996332355346615e-13,NA,27,27,27,8.165783569206772e-06,0.07924204930402749
ENSG00000277587.1,CTD-3116E22.8,0.6836464251970285,NA,0.4941984614328595,0.010875375881100852,0.0783014308960353,5.0658006027995255e-06,NA,66,66,66,0.04887380438008713,0.056584259233966636
ENSG00000163041.9,H3F3A,-0.6834278767606413,NA,0.49433650989448474,0.09463205741159474,0.34535568900753577,6.318122183468282e-27,NA,76,82,82,6.32482958960919e-07,0.2627629488156918
ENSG00000049245.12,VAMP3,0.6829568058483877,NA,0.4946341370045031,0.0022152519866983932,0.06246192035379175,6.599386216889927e-05,NA,9,11,11,0.04717071022423385,0.031179016251849725
ENSG00000168803.14,ADAL,0.6829248332755709,NA,0.4946543410529326,0.10333827991522522,0.3522759837390527,7.19413343099381e-28,NA,57,59,59,0.00010960086448586524,0.057722902731364184
ENSG00000164509.13,IL31RA,-0.6824638134367349,NA,0.4949457168839708,0.017557784188194397,0.08920595836680471,1.0636860476580423e-06,NA,53,58,58,1.880263927339747e-05,0.1643061448416482
ENSG00000085978.21,ATG16L1,0.6824608153003787,NA,0.49494761207970506,0.004861738617750511,0.060041679970440485,9.018119965072932e-05,NA,7,9,9,0.22217469517711874,0.05917214061682495
ENSG00000104907.12,TRMT1,0.6824391502484646,NA,0.4949613072071588,0.006672047505473337,0.037109916827583786,0.0020989350153274274,NA,49,54,54,1.6127072807228982e-14,0.07143623926858747
ENSG00000256128.5,LINC00944,0.6821370590295149,NA,0.4951522891985567,0.0033262949794049595,0.08941921757376971,1.4220135722038368e-06,NA,4,4,4,0.24366707789038322,0.1300144581339164
ENSG00000272931.1,RP5-943J3.2,0.6819426965850597,NA,0.49527518589491226,0.005428438393786846,0.039165982268658577,0.001702365258808284,NA,9,9,9,0.01772002394506795,0.13098328110197255
ENSG00000165689.16,SDCCAG3,-0.6817757385710869,NA,0.4953807675903834,0.011343047977697312,0.11748725268389235,1.6981453760666553e-08,NA,19,22,22,0.03560460127858637,0.07169258313519238
ENSG00000130414.11,NDUFA10,0.6813308457336433,NA,0.49566216969854704,0.022486512755900148,0.34771432502581034,4.5147319212816606e-27,NA,50,52,52,0.0005490961385726405,0.04706763073941452
ENSG00000183844.16,FAM3B,-0.6810912238778686,NA,0.4958137698525322,0.004183075152998502,0.06175597452583907,6.619141719542674e-05,NA,8,8,8,0.030753509818517516,0.07604862255892196
ENSG00000170955.9,PRKCDBP,-0.6808993321129447,NA,0.49593519073176495,0.022856716619946857,0.34123097382171313,1.1770701908035845e-25,NA,21,23,23,0.004302157950896413,0.09613580201257532
ENSG00000181031.15,RPH3AL,0.6806627034999414,NA,0.49608494101484024,0.04456836862130177,0.3029382605063878,1.5125982370027718e-22,NA,21,24,24,0.00012420249816759164,0.2415929954008096
ENSG00000153060.7,TEKT5,0.6805969110853602,NA,0.4961265819928916,0.022371655167773764,0.028354436427020936,0.006429980760617777,NA,66,71,71,0.0027233871696883787,0.06413572160478345
ENSG00000168385.17,SEPT2,-0.680328476848053,NA,0.4962964972566871,0.03543977412969149,0.3285565041120248,2.377485009585072e-25,NA,35,35,35,0.36654731317329103,0.08563514947373024
ENSG00000273449.1,RP11-218F10.3,0.6799870269300461,NA,0.4965126753072505,0.08447135883633518,0.3116923791508209,5.2636350110373473e-23,NA,32,35,35,0.2269134187669497,0.1383655975117708
ENSG00000122376.11,FAM35A,-0.6793903111989655,NA,0.49689058722006973,0.004165906393293132,0.052304828705848655,0.0002483036474284643,NA,17,20,20,0.18305949513448228,0.048453730034674486
ENSG00000066027.11,PPP2R5A,0.6793261046977056,NA,0.49693125960386075,0.0017389990013695219,0.04796081963808886,0.0005337450694277588,NA,16,18,18,0.2384342459349642,0.04548277835562948
ENSG00000179774.8,ATOH7,-0.6790438354773123,NA,0.49711008749325625,0.045776757086326156,0.22098412472048212,6.636656730143262e-16,NA,15,15,15,0.10159914602466333,0.07182057260363107
ENSG00000204334.7,ERICH2,0.6782256810481869,NA,0.4976286119382687,0.002198810564233669,0.02931182826954468,0.005963692865603131,NA,13,13,13,0.0008680021153537915,0.02254048981702636
ENSG00000103248.18,MTHFSD,0.6777280267133936,NA,0.4979441527608608,0.03682131462167655,0.17287941350188285,3.324651402701995e-13,NA,81,89,89,8.877678271137003e-06,0.26198295675935457
ENSG00000163155.11,LYSMD1,0.6775040580604662,NA,0.4980861962106955,0.006987478017421363,0.09562353943467117,4.724314541660854e-07,NA,16,23,23,0.06794243379517335,0.14714108252124747
ENSG00000267666.2,AC004156.3,0.6773633415892921,NA,0.49817545121245943,0.02904081861179047,0.09347022126557153,4.979210667829819e-07,NA,11,11,11,9.506328501575103e-05,0.15301881257237732
ENSG00000183520.11,UTP11,0.6770790425278426,NA,0.49835580512322564,0.00230206940677918,0.031982010503413434,0.004132810248524959,NA,12,12,12,0.014574993635707132,0.07434630774049779
ENSG00000185344.13,ATP6V0A2,-0.6768093755400234,NA,0.4985269088109934,0.002706852772787734,0.0331212236386459,0.004041375814553785,NA,32,36,36,0.0001612224425184752,0.05046492594828676
ENSG00000162836.11,ACP6,0.6760748658671364,NA,0.4989931135206189,0.12712531420888495,0.5440018077961214,1.69302093341897e-50,NA,35,43,43,0.010319443505445187,0.19004168802501933
ENSG00000269473.1,CTD-2619J13.19,-0.6759372688403538,NA,0.499080474250162,0.026372460250044506,0.08464121117257367,7.534001015885682e-07,NA,17,18,18,0.00353911744211878,0.06092590125967515
ENSG00000099810.18,MTAP,0.675931528909275,NA,0.49908411872469716,0.0018857637635372071,0.03883151797303008,0.0017254661277020266,NA,7,7,7,0.3685865700575105,0.0343800979887964
ENSG00000138449.10,SLC40A1,-0.6758345436384338,NA,0.49914570006008996,0.004667855809922433,0.01633344293837115,0.044724687379347434,NA,20,20,20,0.25989539136720197,0.04197136731366367
ENSG00000119242.8,CCDC92,-0.675468892904597,NA,0.4993779083152985,0.005253292531571467,0.03263300646077727,0.004392098657330249,NA,32,35,35,3.211951910196548e-19,0.3776309410454751
ENSG00000124678.17,TCP11,0.675404485916908,NA,0.49941881622429163,0.016455146011012754,0.03878828459010114,0.001841537951067676,NA,13,16,16,5.409567496932742e-09,0.1338693415226797
ENSG00000171953.15,ATPAF2,-0.6748353291572026,NA,0.49978039180383094,0.009359545001970443,0.14304165032584668,2.645286150715381e-10,NA,20,20,20,1.4382283373534937e-09,0.11156976361270003
ENSG00000188883.4,KLRG2,-0.6747662425041199,NA,0.4998242908308137,0.0011945983244268917,0.015677693825426584,0.04485819738585356,NA,1,1,1,0.4998242908308137,0.12230732301841585
ENSG00000182196.13,ARL6IP4,0.674598449221411,NA,0.4999309185251223,0.005909657377759826,0.13585777148742045,1.0960560018193521e-09,NA,15,15,15,0.11803247252005858,0.07966942742893468
ENSG00000141556.20,TBCD,0.6738331254062034,NA,0.5004174123469057,0.007775152666757597,0.02217332876275029,0.018701711576600617,NA,20,20,20,0.04250170003746631,0.0652868521632193
ENSG00000183114.7,FAM43B,-0.6738052268895911,NA,0.500435151354359,0.0071561353909516505,0.046712147766764966,0.0005876852300390013,NA,31,33,33,0.0038597130394599616,0.08163147240776876
ENSG00000120697.8,ALG5,-0.6734376605348316,NA,0.5006688960742212,0.0007485326069111473,0.028072135630657757,0.0072826248470145485,NA,48,48,48,0.0005493458063319957,0.027591970504750887
ENSG00000146223.14,RPL7L1,-0.6733061173293381,NA,0.5007525617789472,0.004179935374945804,0.0677108391667881,3.383819501160534e-05,NA,47,49,49,0.0055469770045577,0.16989818524866598
ENSG00000109390.11,NDUFC1,0.6730613195780158,NA,0.5009082807400916,0.0012819994642507312,0.031805880013549295,0.004542459574660578,NA,16,17,17,0.5114886008930919,0.02271400702597244
ENSG00000110079.16,MS4A4A,0.6729858069107093,NA,0.5009563204860927,0.006026052354661658,0.029012096031715364,0.0068282302834900225,NA,65,66,66,0.21532838322831716,0.03214890996369731
ENSG00000164088.17,PPM1M,0.6717673764637639,NA,0.5017318005411686,0.012778054568308548,0.17695271884227476,1.0599096374935753e-12,NA,43,44,44,0.00042243532131065883,0.07824046164459636
ENSG00000196263.7,ZNF471,0.6714497846847849,NA,0.501934038788878,0.0008632304083317545,0.06842407594470898,2.734136472632023e-05,NA,12,12,12,0.06523494891593604,0.012168439483675809
ENSG00000273611.4,ZNHIT3,0.6712373687951273,NA,0.5020693264918528,0.00037038491257136073,0.09767021682545186,4.252863775259001e-07,NA,3,29,29,0.23728497009442917,0.040786550960491615
ENSG00000119383.19,PTPA,-0.6711277901154168,NA,0.5021391247075944,0.0012926649637209093,0.05747121576495012,0.00012546276838993213,NA,11,11,11,0.27542331529829145,0.0115094311879842
ENSG00000116885.18,OSCP1,-0.6709919014715098,NA,0.5022256886833047,0.0074404120231102554,0.08033127400125639,4.836978119268682e-06,NA,12,13,13,1.9601962670408775e-41,0.08584769203050432
ENSG00000255046.1,RP11-297N6.4,-0.6704630960101983,NA,0.5025626242004937,0.06215197500572302,0.11911674678048192,1.4054098049850104e-08,NA,23,26,26,1.0343060333215982e-08,0.30542534234972823
ENSG00000204604.9,ZNF468,0.6702848197158481,NA,0.5026762422735271,0.024360677987485417,0.09453514022374138,6.84857461561554e-07,NA,63,75,75,0.004700936597185873,0.11399306199227904
ENSG00000174226.8,SNX31,-0.6699943244928149,NA,0.5028614081873382,0.1824763632649588,0.3806915730944043,1.3105336940492954e-29,NA,82,85,85,2.814210217520593e-06,0.2331068400478133
ENSG00000006118.14,TMEM132A,-0.6697770318197406,NA,0.5029999372862555,0.002878350554764384,0.02148624355669073,0.020509513722216616,NA,17,18,18,0.16786507386838057,0.04168723937728897
ENSG00000254573.1,AP004550.1,-0.6692732665373201,NA,0.5033211768434656,0.02746296616967532,0.14416767105876796,1.3947216287922977e-10,NA,20,22,22,0.2795520693788863,0.10046012273940176
ENSG00000235098.8,ANKRD65,-0.6688526594817021,NA,0.5035894712896782,0.04802178467583833,0.23276529301307716,9.71308759769946e-17,NA,25,29,29,0.02015369375875252,0.4256197823470306
ENSG00000161265.14,U2AF1L4,0.6687452252726744,NA,0.5036580129188353,0.05803002269338393,0.4292627271656286,1.3160809297174724e-35,NA,18,19,19,0.023034198128370834,0.17008584294099122
ENSG00000103479.15,RBL2,0.6686041403834119,NA,0.5037480307245371,0.06875066932485435,0.4839324068396709,5.810471022865581e-43,NA,60,63,63,2.5969383825269554e-09,0.053371855026908124
ENSG00000237604.1,AP001056.1,-0.6681603914456058,NA,0.5040312156590976,0.055329606717654314,0.03280833324323078,0.00398005907664868,NA,73,84,84,2.1336954947699463e-07,0.2945295984085961
ENSG00000153406.13,NMRAL1,-0.6680911643732158,NA,0.5040754015101243,0.013848483666038533,0.2617293606777088,4.8422941488669035e-19,NA,14,14,14,0.25649481665164353,0.04152137646789908
ENSG00000164306.10,PRIMPOL,0.66785219961481,NA,0.5042279422411007,0.00808078623369871,0.03425197743089365,0.003468633161648909,NA,40,44,44,0.0029695167354111276,0.06251251439095852
ENSG00000128699.13,ORMDL1,0.6669539686324405,NA,0.5048015365940244,0.02489478159495638,0.3262685625261787,1.7503103251296264e-24,NA,27,27,27,0.12209063311649745,0.04647210350654265
ENSG00000100241.20,SBF1,-0.6668843752922521,NA,0.5048459920159274,0.00321047837958226,0.028745637872923824,0.0065085412428365465,NA,13,15,15,0.025755198387407675,0.06192948316097435
ENSG00000103148.15,NPRL3,-0.6662070138738739,NA,0.5052787904193429,0.03931052245710522,0.36948546867288,4.9693847077169566e-29,NA,44,51,51,2.045739042629858e-09,0.13425084051295236
ENSG00000103550.13,KNOP1,-0.6660526335473232,NA,0.5053774586864834,0.07092112569725934,0.3524822320237844,1.847376317757213e-28,NA,64,68,68,0.05274076348125167,0.3513932945274248
ENSG00000171903.16,CYP4F11,0.6652905613731744,NA,0.5058646664074873,0.18661605931104322,0.5107769774225297,6.291414165788615e-45,NA,42,43,43,0.006904635102473965,0.19015686518467464
ENSG00000164164.15,OTUD4,0.6644658634337767,NA,0.5063921903738113,0.012347705552948542,0.026620857430667715,0.008925937550031023,NA,66,72,72,0.0009121647827405416,0.1418745703181876
ENSG00000143184.4,XCL1,-0.6638589117603808,NA,0.5067806161008062,0.03999509412001495,0.059451657457040286,9.868536269837324e-05,NA,86,95,95,0.00022872667061505538,0.1991265241722156
ENSG00000198218.10,QRICH1,0.6629945652976998,NA,0.5073340347677324,0.007754832578849428,0.08691182093344857,1.6973779754529029e-06,NA,25,26,26,8.950486786404221e-13,0.039100761501736685
ENSG00000138658.15,ZGRF1,0.6629676098885264,NA,0.5073512987205366,0.0354397274291991,0.24551975821363464,2.6247353698067077e-17,NA,32,32,32,0.10765884366410333,0.08540350648056788
ENSG00000170846.16,AC093323.3,0.6629557637121278,NA,0.507358885860447,0.008766463612381476,0.03635429214146242,0.002407467890491441,NA,17,19,19,2.292901596483149e-17,0.1337185369593582
ENSG00000143412.9,ANXA9,-0.6619522823484815,NA,0.5080018034523981,0.0016958736900678862,0.035741047142472004,0.0023857912984885953,NA,3,6,6,0.11581072030409902,0.04108594349655188
ENSG00000064313.11,TAF2,-0.6619208659461202,NA,0.5080219384355582,0.013192745445593207,0.14252725373669894,3.8662739175520937e-10,NA,70,72,72,0.028995480110650174,0.09006933287489707
ENSG00000174749.5,C4orf32,0.661437272894207,NA,0.5083319292907416,0.002002840249543559,0.03790672890434695,0.0017632334459240335,NA,9,9,9,0.25787990533532357,0.0372407959137472
ENSG00000182771.18,GRID1,0.661343251594628,NA,0.5083922099587537,0.01248190838056239,0.06115496835885795,7.954478402003215e-05,NA,48,49,49,0.06960641613878014,0.10330072010140504
ENSG00000128185.9,DGCR6L,-0.6613210371508329,NA,0.5084064530397328,0.01055037300596113,0.18807331775725472,4.262960466982936e-13,NA,40,45,45,0.05033371869254793,0.11939982593584625
ENSG00000168329.13,CX3CR1,0.6611698686447544,NA,0.5085033822597154,0.0070947223979430495,0.06369010305333016,4.266982435027277e-05,NA,12,13,13,0.2398856316217871,0.05342899459911059
ENSG00000126458.3,RRAS,0.6608900331284451,NA,0.5086828383106463,0.0005258028061666635,0.017985947021641892,0.03481869569036829,NA,7,8,8,0.1910029819987039,0.013753270280330208
ENSG00000120742.10,SERP1,-0.6608080815237027,NA,0.5087353994365831,0.0011753517114853245,0.05734072822685801,0.00012839073830687983,NA,14,15,15,0.045522396171982206,0.01762756595035441
ENSG00000173621.8,LRFN4,0.6603068215594807,NA,0.5090569534150333,0.03967098827601241,0.15599627644238528,4.465831864122559e-11,NA,53,54,54,3.152229093944314e-06,0.10301065024844433
ENSG00000090266.12,NDUFB2,0.6598853263983927,NA,0.5093274213433734,0.0016636807783523564,0.03527140206549318,0.002728050987152094,NA,19,19,19,0.055726142736766994,0.04300991114854057
ENSG00000005187.11,ACSM3,-0.6595276274710438,NA,0.5095570110826775,0.0031624957322404553,0.06155594121182071,4.941415884833952e-05,NA,47,49,49,0.08885509876889831,0.02597955468587346
ENSG00000167333.12,TRIM68,-0.659505740308946,NA,0.5095710611583053,0.018024917481556324,0.07211548110122458,1.6189497892702412e-05,NA,56,57,57,0.0056573107117747256,0.12165941585697747
ENSG00000269973.1,RP11-95D17.1,0.6594166485862298,NA,0.5096282541029287,0.0683404099601145,0.2763538001707793,4.540867333346382e-20,NA,17,17,17,0.01866831122125016,0.19535098797084066
ENSG00000188243.12,COMMD6,-0.6593607897674822,NA,0.5096641147072195,0.0007838366592963286,0.02162504239011644,0.02034150098916213,NA,7,7,7,0.2536933979480288,0.015684336671581117
ENSG00000267838.2,AC008746.12,0.6593278452056434,NA,0.5096852652884684,0.010007695910915916,0.2304454947010086,3.8343880551268814e-16,NA,20,42,42,0.009557601121361095,0.0968301715551038
ENSG00000260645.1,RP11-250B2.5,0.6587652954500458,NA,0.5100464960683491,0.006442589190387742,0.06312102195692765,5.4931998333584204e-05,NA,10,10,10,0.330580117306554,0.04289438149975906
ENSG00000110090.12,CPT1A,0.658715695753841,NA,0.5100783520074567,0.00436444629674756,0.02209171391311589,0.018868374475285467,NA,7,7,7,0.026223739565461663,0.03475958233352352
ENSG00000124523.15,SIRT5,0.6586152186969636,NA,0.510142887669216,0.007838687488047145,0.09473020052885713,5.42419614267903e-07,NA,25,29,29,8.941287525901415e-05,0.027297200099489903
ENSG00000100191.5,SLC5A4,0.6577383909649199,NA,0.5107062487762057,0.022157244442276423,0.1166769841359196,2.612600139304951e-08,NA,17,17,17,0.09915922579052151,0.07040080474537809
ENSG00000184056.14,VPS33B,-0.6573948860824096,NA,0.5109270389980023,0.003588251884109073,0.09493282516538816,5.019570798901318e-07,NA,24,26,26,0.019692576705225878,0.05865165004359935
ENSG00000053372.4,MRTO4,0.6571511219855602,NA,0.5110837503649788,0.0012022836557982017,0.08217761295041895,4.243937316597772e-06,NA,5,5,5,0.00021032755554722794,0.01965123123319226
ENSG00000101361.16,NOP56,-0.6568936133479091,NA,0.5112493251082425,0.006333825218489171,0.1188991355421646,1.7888955998170476e-08,NA,37,40,40,0.0007285134916066325,0.03260269778545812
ENSG00000104825.16,NFKBIB,-0.656746912525293,NA,0.5113436643754774,0.00322788270306043,0.038560262181959286,0.0017051294324702767,NA,18,18,18,0.07540352251885532,0.061745310011911275
ENSG00000152527.13,PLEKHH2,0.6567281985270582,NA,0.5113556994871655,0.011982137116503703,0.20996496348660493,9.095710214669796e-15,NA,28,29,29,0.0004580817655553417,0.11659346868402128
ENSG00000157833.12,GAREM2,-0.6567246906540531,NA,0.5113579554428909,0.015910392756287448,0.10918422601400557,7.804142453221577e-08,NA,36,38,38,0.027966936782303442,0.20560198132989407
ENSG00000110080.18,ST3GAL4,-0.656547161791582,NA,0.5114721331966997,0.007057284120634503,0.08098549387487368,4.438960475973385e-06,NA,22,23,23,1.3514872718086327e-05,0.06144951568200109
ENSG00000078902.15,TOLLIP,-0.6559191413889807,NA,0.5118761515547046,0.013236901819874795,0.1447078212834646,2.3875226813227065e-10,NA,14,16,16,0.008704737778866711,0.1892469213914473
ENSG00000089818.17,NECAP1,-0.6557829058605671,NA,0.5119638166289412,0.004493364267320775,0.022244580267389014,0.01657089596584555,NA,43,53,53,0.0007327969131414719,0.06416538301975884
ENSG00000125447.16,GGA3,0.6555224458732182,NA,0.5121314396741808,0.006299994518175519,0.15321273440893876,9.009116022217673e-11,NA,18,22,22,0.17094105291879602,0.16503615469679014
ENSG00000175414.6,ARL10,0.6554921147061652,NA,0.5121509616256645,0.0033897278865946934,0.0950074488565051,4.2377823305224266e-07,NA,19,21,21,0.0012450366376319944,0.056346678592664325
ENSG00000213465.7,ARL2,0.6548935671028948,NA,0.5125362822849566,0.003088664791137842,0.05685249593707412,0.00012779378951926086,NA,21,22,22,0.02050638615845693,0.03327450832457577
ENSG00000138119.16,MYOF,-0.654779648898964,NA,0.5126096353167472,0.006643990244104967,0.10998715636338503,6.024529003109961e-08,NA,23,23,23,0.023061144734063576,0.17651685502170444
ENSG00000066933.15,MYO9A,0.6547699767769526,NA,0.5126158635415432,0.0035208499451806373,0.1123699354225304,2.604164306162147e-08,NA,20,21,21,0.14804414462297194,0.022694582423514388
ENSG00000141401.11,IMPA2,-0.6543586358694906,NA,0.5128807771473478,0.0012258513183834724,0.027545376957847204,0.008185866322918341,NA,22,26,26,0.247049825916973,0.08753391126141047
ENSG00000047188.15,YTHDC2,0.6541733486867989,NA,0.513000129923431,0.0061527826633478565,0.08519251728912568,1.9563407643815103e-06,NA,58,63,63,1.958318672180413e-05,0.034526824255489225
ENSG00000283445.1,RP11-63G10.4,-0.6540018993389249,NA,0.5131105819427133,0.026895414172747274,0.05338104010154268,0.0002386831611846096,NA,35,38,38,0.005998750019609215,0.17207447621587918
ENSG00000055955.15,ITIH4,-0.6539485138899621,NA,0.5131449767320231,0.04283055114704368,0.1586601695996084,4.2483297131683426e-11,NA,44,46,46,7.659015369903139e-09,0.12576253202363338
ENSG00000137877.9,SPTBN5,-0.6538159033911133,NA,0.5132304192569654,0.027757979481262598,0.21469305004349826,3.586325874218614e-15,NA,17,18,18,0.09273770267944281,0.12250173369230732
ENSG00000091640.7,SPAG7,0.6529674040247302,NA,0.513777292826566,0.040669766510527616,0.2696022834519849,9.226503508609279e-20,NA,14,14,14,0.2190046020287043,0.08939572593707368
ENSG00000107937.18,GTPBP4,0.6520782247011543,NA,0.5143507105978484,0.004528397235457502,0.026154980892044915,0.010295155605904143,NA,42,51,51,0.021981766552875027,0.04886352044178922
ENSG00000186417.13,GLDN,0.6515243530220222,NA,0.5147080618557438,0.01344142008441583,0.024632163334469524,0.011984874787953242,NA,24,24,24,0.11465813474808548,0.10346480496978228
ENSG00000081985.10,IL12RB2,-0.6511675151104079,NA,0.5149383576468534,0.0070904256139656665,0.056376778218459274,0.00014575761653760934,NA,7,7,7,0.00036979165710398983,0.1294588187723044
ENSG00000171560.14,FGA,0.6504475048673688,NA,0.5154032002524618,0.011899470936734425,0.07370641054455054,1.4179893567030801e-05,NA,34,37,37,5.139514432695337e-07,0.3225533753012261
ENSG00000196476.11,C20orf96,-0.6498075434360802,NA,0.5158165456882354,0.01714525616666937,0.18510255058164346,2.5747030019342444e-13,NA,11,12,12,0.00866014108059066,0.07581309705016466
ENSG00000172301.10,COPRS,-0.6492948637973537,NA,0.5161478049782218,0.005316182721432265,0.08481592365335022,1.1147988481510983e-06,NA,14,16,16,5.851606663463191e-09,0.034029067906031
ENSG00000232229.5,LINC00865,-0.6490163711603654,NA,0.516327794521904,0.07479745868535354,0.2913108109167527,1.950565607528235e-21,NA,63,64,64,0.04873934543086482,0.0960174907883767
ENSG00000185627.17,PSMD13,0.6481410874695717,NA,0.5168937013764169,0.01295363657246478,0.2016114493685246,3.61380306112816e-14,NA,18,20,20,0.2833494478923724,0.03247167335168801
ENSG00000229771.2,RP4-644L1.2,0.6480834287144799,NA,0.516930991406436,0.004374091600254291,0.02664639246482669,0.009851069821002765,NA,7,8,8,0.183948949883322,0.09557132628015892
ENSG00000124784.8,RIOK1,-0.648079715983706,NA,0.5169333926132464,0.008243686089595137,0.03438533908242678,0.0031046741364129226,NA,46,46,46,0.21713158469477167,0.04001416013894831
ENSG00000011295.15,TTC19,0.6479465848125583,NA,0.5170194989509026,0.012968033366723307,0.1951359612030792,2.5614016022419e-14,NA,30,31,31,0.05372572464629775,0.03890591507340427
ENSG00000155508.13,CNOT8,-0.6478166331152762,NA,0.5171035560382569,0.005371530175821367,0.07342574929603135,1.3079512064424035e-05,NA,8,8,8,0.06965786856180194,0.026924800037652564
ENSG00000162078.11,ZG16B,0.6474234289413835,NA,0.5173579366952459,0.02314255405075359,0.20826449936411434,6.7083616073412206e-15,NA,21,25,25,1.9401133814202696e-05,0.09030714248294053
ENSG00000107263.18,RAPGEF1,0.6461357951837614,NA,0.5181914154314713,0.0012113507700293666,0.0452807792440984,0.000570143812240464,NA,5,5,5,0.14472943097297714,0.019300249637368268
ENSG00000112419.14,PHACTR2,0.6460907673247531,NA,0.5182205742925432,0.011546852035649688,0.03163731326358157,0.00497959618033281,NA,41,44,44,0.0001348189297490734,0.12403160712205985
ENSG00000141698.16,NT5C3B,-0.644800869046287,NA,0.5190562386909277,0.03761441022769917,0.4228506410659654,9.780629646529803e-34,NA,29,30,30,0.15657675743081428,0.06650496881806336
ENSG00000188803.14,SHISA6,0.6443002237012194,NA,0.519380770609676,0.05497384229325374,0.08909311094715695,1.290886859741359e-06,NA,55,57,57,3.2388586871298536e-05,0.17519361976235318
ENSG00000181061.13,HIGD1A,0.6442762954600181,NA,0.5193962841679387,0.004838187889334649,0.0189151482025001,0.0301742440016332,NA,35,40,40,3.123850134734127e-05,0.12039836150082862
ENSG00000112308.12,C6orf62,0.6435064422119183,NA,0.5198955359267858,0.009362071275935673,0.16041252212654947,2.9505882374457856e-11,NA,6,6,6,0.44006803282983176,0.06146639455472885
ENSG00000259330.2,INAFM2,-0.6431264627073663,NA,0.5201420447854697,0.004802717906893022,0.05490354255907404,0.00019001441890211453,NA,51,53,53,0.011150823119305878,0.046708423352088906
ENSG00000258701.1,LINC00638,0.6421774819119209,NA,0.5207579520504608,0.022541617423035856,0.11020522254515724,6.322357637967423e-08,NA,22,23,23,7.426011630727313e-07,0.21171942426161414
ENSG00000111843.13,TMEM14C,0.6417171666347221,NA,0.5210568410001029,0.002402721592605769,0.015726980318945233,0.049277910085252376,NA,14,15,15,8.730786835371192e-05,0.06264256234475626
ENSG00000276791.1,CTD-2270P14.5,0.6415250063920005,NA,0.5211816393780426,0.05248270495315645,0.2609499603428786,9.896596430212459e-19,NA,5,6,6,0.3759482609475112,0.15298055315445225
ENSG00000122786.19,CALD1,-0.6412442243101519,NA,0.5213640208315344,0.0005000253873220126,0.020310528690071952,0.024582463637602674,NA,5,5,5,0.31398285464135944,0.019043359099055187
ENSG00000152583.12,SPARCL1,0.6408751912824496,NA,0.5216037754591791,0.003651660861387087,0.054919404789360186,0.00015907540916878312,NA,32,33,33,0.0002045616198859606,0.11472472929203463
ENSG00000162494.5,LRRC38,-0.6403818218105022,NA,0.5219243979945778,0.016987442142809547,0.08404735641688893,2.82722086955328e-06,NA,11,12,12,0.34499142994400733,0.08201893627109832
ENSG00000168028.13,RPSA,-0.6401574425129958,NA,0.5220702473034198,0.030105623566676884,0.2841346126987182,9.09621351896668e-21,NA,37,39,39,0.03754255666319795,0.06267269250408725
ENSG00000187049.9,TMEM216,-0.6400792186885786,NA,0.5221210986787956,0.003682094660007915,0.05563962971065897,0.000125470621154649,NA,10,10,10,0.04156694944740986,0.0664170131251449
ENSG00000138777.19,PPA2,-0.6393732665271834,NA,0.5225801358902502,0.00646484010623353,0.11265523886304175,2.9212843576033985e-08,NA,27,29,29,4.2345789934123806e-08,0.10881054874145048
ENSG00000197024.8,ZNF398,-0.6392428756620314,NA,0.5226649437171238,0.0072171297314174675,0.028621567566470437,0.0065115215898958285,NA,33,34,34,0.14097433403768067,0.09116766740981598
ENSG00000238142.1,RP11-108M9.4,-0.6392088864823416,NA,0.5226870518603706,0.04809105190775663,0.3524418801639955,1.1024073400148635e-26,NA,24,38,38,0.029399081385760552,0.20189572194557928
ENSG00000137509.10,PRCP,-0.6388647829543123,NA,0.5229108998428993,0.006294549979593626,0.05812702837435384,9.95621821793264e-05,NA,22,24,24,0.00801891065332734,0.06935191299912308
ENSG00000143318.12,CASQ1,0.6386704542605326,NA,0.5230373372821332,0.04180325396293031,0.06892237624154836,1.2993975377436219e-05,NA,81,87,87,0.024358811466224574,0.11023510812748737
ENSG00000170604.4,IRF2BP1,-0.6384362194242338,NA,0.5231897599924604,0.007347007513042415,0.08056322791690018,3.7340035291026114e-06,NA,28,30,30,0.0012997686526549294,0.0915061804988358
ENSG00000136250.11,AOAH,-0.637471759860759,NA,0.5238175990680253,0.006033517471181351,0.07398076964664611,1.144531480895085e-05,NA,15,16,16,0.04309414378175455,0.04015945998283086
ENSG00000167695.14,FAM57A,-0.6370734184694506,NA,0.5240770220518355,0.020539831541435162,0.2409999423474015,3.9090339123586576e-17,NA,53,63,63,0.00010696438753744674,0.05943268892086472
ENSG00000221829.9,FANCG,0.6364015847303783,NA,0.524514708249981,0.005804462242380272,0.09589909283275604,2.751490664481645e-07,NA,42,43,43,0.03437122281621652,0.1263405438295854
ENSG00000213160.9,KLHL23,-0.636030284113718,NA,0.524756683466135,0.003720641631327789,0.07999970934166062,2.989891400142238e-06,NA,29,33,33,0.0938248537859723,0.12521462558335145
ENSG00000260077.1,RP11-254F7.2,-0.6359334449096736,NA,0.5248198026088035,0.012185297114195479,0.12439372713632828,4.66821974713832e-09,NA,14,15,15,0.0052456690304226086,0.21556878324726086
ENSG00000112394.16,SLC16A10,0.6354557419444499,NA,0.525131223069048,0.00033101733542484075,0.018585801512539774,0.029366013053572424,NA,3,3,3,0.4844450557436716,0.033754599561435575
ENSG00000160877.5,NACC1,-0.6348271424062593,NA,0.5255411589261835,0.0012736671849918125,0.022329961543066244,0.014850829729729474,NA,7,7,7,2.3452733944331532e-07,0.107473720172634
ENSG00000271382.1,RP11-1060G2.2,-0.6345213408728713,NA,0.5257406439682402,0.02841429401322293,0.04716277236063319,0.0005654426584442713,NA,35,38,38,8.94850566655679e-07,0.18502181226188366
ENSG00000163249.11,CCNYL1,-0.6340768295994558,NA,0.5260306832575887,0.02268901871944428,0.022103319981272046,0.015624073277231473,NA,75,79,79,1.723468340886773e-06,0.1338191380373336
ENSG00000232956.8,SNHG15,0.6340357439593858,NA,0.5260574953670313,0.003461695215941015,0.03949046671842213,0.0017019942021088367,NA,24,25,25,0.3538991230478328,0.05598413995814935
ENSG00000130313.6,PGLS,-0.6334987214717411,NA,0.5264080155042288,0.004115425061316597,0.08698207962604111,1.350628454423073e-06,NA,7,9,9,0.08490690624521831,0.061190842043368485
ENSG00000197608.11,ZNF841,-0.6326527511675676,NA,0.526960430983541,0.002791530276231738,0.028968651426581664,0.006670263840467068,NA,18,19,19,0.1368736922317513,0.02568447100590189
ENSG00000112981.4,NME5,0.6325744945068037,NA,0.5270115472410097,0.021937580493146192,0.14660644811616633,2.801330995997545e-10,NA,31,31,31,0.00028762743991613985,0.5917989484098539
ENSG00000135677.10,GNS,0.6313570201768647,NA,0.5278071118173506,0.004151656428982341,0.101969691769602,2.0398866871725863e-07,NA,15,15,15,0.13904212279132225,0.02425535097057891
ENSG00000131791.7,PRKAB2,-0.6293745524403208,NA,0.5291038738803105,0.004435248229903324,0.13866662786635678,9.698877337775416e-10,NA,13,18,18,0.03260073853358458,0.07046177731240269
ENSG00000101447.14,FAM83D,-0.6290797231426697,NA,0.5292968645388777,0.01116357790676997,0.16648203611232426,2.5613929869803573e-12,NA,38,39,39,0.0275227682711001,0.02570185201387128
ENSG00000131196.17,NFATC1,-0.6288412552265097,NA,0.5294529881036023,0.004029124966194203,0.0521571644051064,0.0002726958715928691,NA,23,26,26,4.011730846057417e-16,0.038626610464944935
ENSG00000156253.6,RWDD2B,0.6287625432872569,NA,0.5295045254945856,0.013719141182914014,0.09784872630258903,3.27983206921413e-07,NA,28,29,29,0.01446337975496149,0.11046584495912627
ENSG00000278192.1,RP5-1056H1.2,0.6279822234487745,NA,0.5300155852854316,0.007465551266791659,0.03690116769804387,0.0024278566494123784,NA,29,31,31,0.20488548811206542,0.042137704857062426
ENSG00000120860.10,WASHC3,0.6275827280658716,NA,0.5302773262769609,0.038356349367457326,0.2501528703300247,2.141609506573747e-18,NA,20,21,21,0.24931281514536618,0.05870930293170356
ENSG00000171462.14,DLK2,-0.6274659383631195,NA,0.5303538568384589,0.012749274709701032,0.04709068413289134,0.0005834353264782493,NA,25,26,26,3.26956046659319e-05,0.07866939230908658
ENSG00000101546.12,RBFA,0.6274566410747051,NA,0.5303599494547968,0.017706664707081127,0.11520843785807945,1.804990313800718e-08,NA,35,37,37,0.12912448366599888,0.2360225173956082
ENSG00000170854.17,RIOX2,0.627258415904019,NA,0.5304898570669833,0.004210645580134515,0.04540105141768848,0.00045179249791475686,NA,34,35,35,0.4155504694387959,0.012887690939384673
ENSG00000196993.8,NPIPB9,-0.6267599582706704,NA,0.530816594528436,0.01680709093112577,0.046450531366063336,0.00032606541357762587,NA,28,29,29,0.1585180108306019,0.04136180324942902
ENSG00000131437.15,KIF3A,-0.6265692995608875,NA,0.5309415977285394,0.009066644843762716,0.02849325135431938,0.0072171876718001215,NA,33,36,36,0.0263979760258287,0.07961566623070654
ENSG00000145439.11,CBR4,-0.6265136665520284,NA,0.530978075688514,0.020222876841371827,0.13914270830822215,5.348430092528328e-10,NA,52,53,53,5.515279510368824e-16,0.07765997097006468
ENSG00000152766.5,ANKRD22,0.6263073686598266,NA,0.5311133540754824,0.0077982994643988664,0.13515965023321475,1.863721052756331e-09,NA,14,15,15,5.750183561432145e-05,0.10697670970656674
ENSG00000175764.14,TTLL11,-0.6262417704782987,NA,0.5311563732830664,0.000792206719538073,0.034277143524559024,0.002847054773410398,NA,6,6,6,0.2880118411046225,0.029087498691942413
ENSG00000250571.6,GLI4,0.6256055823957134,NA,0.5315736763177228,0.0018092728621351137,0.018492968114123255,0.030213871776719574,NA,15,16,16,0.07977094263975648,0.044693447175310284
ENSG00000166847.9,DCTN5,-0.6254425918005261,NA,0.5316806155719576,0.036323582195594326,0.3073987858830477,1.2423534992173955e-23,NA,18,18,18,0.3036171985585071,0.12030325335269824
ENSG00000169592.14,INO80E,0.6253713085745922,NA,0.5317273884151064,0.02411469785397728,0.1302279219085816,2.458307064327408e-09,NA,32,32,32,0.0286756665487026,0.15016427774606356
ENSG00000080845.17,DLGAP4,0.6248088841747246,NA,0.5320964990969437,0.00038251783333137203,0.01783953688158874,0.034999916628960195,NA,2,3,3,0.5414758329558027,0.046015950128586634
ENSG00000006606.8,CCL26,0.6246885213812166,NA,0.532175508244473,0.0035721275323510777,0.03326660441263424,0.00399577259614756,NA,8,8,8,0.06875108214773659,0.05814674523999951
ENSG00000217702.2,RP11-287D1.4,-0.6245996111355381,NA,0.5322338749681715,0.20816493045241752,0.4403455560275937,1.1516692150859005e-35,NA,9,10,10,0.23122696068106652,0.2199625252768519
ENSG00000167930.15,FAM234A,-0.6244288535955334,NA,0.5323459809050273,0.0006527015948797932,0.02317455981984434,0.01631876588891569,NA,11,12,12,0.32444945242560097,0.02495661386992723
ENSG00000102978.12,POLR2C,0.6244179755931487,NA,0.5323531229487225,0.006617550008363574,0.024244601898148397,0.0115367561969346,NA,42,44,44,0.17131471588747837,0.08357193875511543
ENSG00000135837.15,CEP350,0.6244113060013408,NA,0.5323575019491498,0.0013395296186220111,0.028492561534738645,0.007063710446012362,NA,40,43,43,0.28729861613124297,0.035499938653164566
ENSG00000223704.1,LINC01422,0.6239934895542265,NA,0.5326318606947609,0.06346823213594557,0.1121746516968822,2.1370609830542044e-08,NA,74,79,79,8.412935228313962e-07,0.10650377647206616
ENSG00000065485.19,PDIA5,0.6238957465899115,NA,0.5326960538394119,0.008588250653283927,0.06838190698816059,1.802020406665552e-05,NA,33,33,33,0.18591378030783956,0.04125468652938204
ENSG00000125510.15,OPRL1,-0.6238944523939952,NA,0.5326969038348368,0.07226683435275136,0.3381084808784849,1.626540343504113e-26,NA,21,21,21,1.0894879442917712e-08,0.1706639151840279
ENSG00000206075.13,SERPINB5,0.6222615902143913,NA,0.5337698731676424,0.0062958502746391365,0.05345898337277832,0.0001814272309771705,NA,8,8,8,0.32825811142941186,0.026505805137302604
ENSG00000070061.14,IKBKAP,-0.6219839667573244,NA,0.5339524107338756,0.006430287637892017,0.042845656488661066,0.0010244117418161138,NA,33,34,34,0.00045438892282806344,0.05080300647291831
ENSG00000129245.11,FXR2,-0.6212054286041584,NA,0.5344644680920256,0.005432185766395163,0.03779851092684354,0.0019890174982950537,NA,27,29,29,0.04733791186448073,0.0521379607596679
ENSG00000198231.12,DDX42,-0.6210312966673359,NA,0.5345790314375298,0.009492887720884599,0.1613891978045288,2.022306040420671e-11,NA,56,58,58,0.029154667263931212,0.054567460345904914
ENSG00000253686.1,LINC01484,0.6202459794899826,NA,0.535095854282306,0.015364072664389517,0.03832826706937476,0.0018637096004246421,NA,35,40,40,0.02073547770752958,0.4232932937457092
ENSG00000187961.13,KLHL17,0.6194502754498404,NA,0.5356197696128773,0.002141026766321987,0.02940432435934476,0.006868575654141272,NA,11,12,12,0.28932281770789514,0.09734535006998248
ENSG00000263002.7,ZNF234,0.6187703854472683,NA,0.536067634170068,0.006095843170169458,0.0312785756022351,0.005427464139440933,NA,17,18,18,0.0699604257270041,0.020757588499525567
ENSG00000186153.16,WWOX,0.6181123819385801,NA,0.5365012608707731,0.08302680970709317,0.13308968734882715,1.6911934320507236e-09,NA,98,106,106,8.735836340245122e-05,0.20195178881573814
ENSG00000168522.12,FNTA,0.617527751339561,NA,0.536886682553336,0.004416311375359928,0.03874712651669642,0.0013748956613511163,NA,15,15,15,0.18562140975335273,0.09600114992496972
ENSG00000185684.12,EP400NL,0.6174739869219837,NA,0.5369221340989063,0.03664862512525308,0.2530285607465511,4.562190127901402e-18,NA,27,28,28,0.09024922246758442,0.07516327463440166
ENSG00000184530.8,C6orf58,-0.6168817614388586,NA,0.5373127176165982,0.015300813363736534,0.04200593378527548,0.0010773812282765095,NA,29,30,30,0.13787143195581894,0.10375427416006297
ENSG00000140022.9,STON2,-0.6167161248077279,NA,0.5374219835425329,0.005607426935958137,0.02404006984968591,0.014167783823422209,NA,20,20,20,5.229803643502816e-08,0.06526315839728904
ENSG00000196189.12,SEMA4A,-0.6167019268130439,NA,0.5374313500882169,0.019783905251973044,0.16463762495100231,1.1449896600937087e-11,NA,16,17,17,0.0006973101971359292,0.0601188308623557
ENSG00000188629.11,ZNF177,0.615803084383548,NA,0.5380244914751866,0.03293988185691631,0.07891654881583576,4.7293195992885615e-06,NA,39,40,40,5.08772871327696e-08,0.3322916246104034
ENSG00000128274.15,A4GALT,0.6156549541671549,NA,0.5381222733530182,0.004771394152599881,0.08372345124754779,2.2304892321301872e-06,NA,11,12,12,0.023016282432490397,0.06580482369604791
ENSG00000141076.17,UTP4,0.6149455125146407,NA,0.5385907047695533,0.0102105296275049,0.1142058049972328,2.22856596009741e-08,NA,15,16,16,0.006820519641474979,0.23595188752892346
ENSG00000007314.12,SCN4A,-0.6141935326132412,NA,0.5390874465727289,0.00937885190665745,0.015184632947015752,0.049102370257237966,NA,27,30,30,0.001532409737404115,0.19305379194729544
ENSG00000164659.14,KIAA1324L,-0.6139575358666836,NA,0.5392433882828247,0.013543286699352808,0.0168822876936891,0.03668757915729659,NA,40,40,40,8.620214753521564e-06,0.19950766534758801
ENSG00000271579.1,RP11-116D17.3,0.6129651520245137,NA,0.5398993819804507,0.0017167730814013388,0.04328612313934303,0.0009687206307512293,NA,10,11,11,0.3418586718939115,0.032865025300353116
ENSG00000132694.18,ARHGEF11,-0.612425285534138,NA,0.5402564166151924,0.006353597116456015,0.034708144215697456,0.0032023065327725204,NA,43,44,44,0.11212729156902802,0.04798521470242275
ENSG00000233237.6,LINC00472,0.6121754287248402,NA,0.5404216965767896,0.013025431723508087,0.02098915975525792,0.02099982069209058,NA,75,81,81,3.1709605174743667e-07,0.20077456553186687
ENSG00000198039.11,ZNF273,0.6118296803109468,NA,0.5406504504106289,0.01166050654244361,0.09953175755745416,1.9368459362006762e-07,NA,21,22,22,0.06344661640252834,0.0410686821455926
ENSG00000160447.6,PKN3,0.6116481468101455,NA,0.5407705758603913,0.02845600169457796,0.3003478135132696,4.60611305587917e-22,NA,11,12,12,0.0373272048261454,0.17584726779145174
ENSG00000050165.17,DKK3,-0.6115037188686949,NA,0.5408661571221454,0.005481611133832388,0.015793576955401067,0.04871679902529466,NA,44,44,44,0.050987531578538955,0.06418547554278509
ENSG00000132386.10,SERPINF1,-0.6114606287204944,NA,0.540894675474258,0.000899578913420851,0.04043589409790538,0.00140813192592695,NA,12,12,12,0.0103202589651348,0.04112914358922185
ENSG00000188916.8,FAM196A,0.6111933044249038,NA,0.5410716154981476,0.049977249691515735,0.17895396440372335,1.6247131814252927e-12,NA,14,14,14,2.7404091089531203e-07,0.2456156034254766
ENSG00000173809.17,TDRD12,-0.6111739669693989,NA,0.5410844159419705,0.020359105292729045,0.04135173581310792,0.0013188842980081214,NA,11,12,12,5.343360826040867e-14,0.09194656344490112
ENSG00000136235.15,GPNMB,-0.6108666494231263,NA,0.5412878653372408,0.0019552951554734407,0.06367335060546879,5.842076372623971e-05,NA,12,12,12,0.12313772935030012,0.018692795857106453
ENSG00000141391.13,PRELID3A,0.6107316957494988,NA,0.5413772190142377,0.027111261468340836,0.2584438318020564,1.82804411444634e-18,NA,33,34,34,0.0378565928680192,0.1396364884528431
ENSG00000108823.15,SGCA,-0.6105419774264954,NA,0.5415028451644841,0.007145270568496001,0.23144740425354665,2.297358936678125e-16,NA,4,4,4,0.21422658401565986,0.0663637034268428
ENSG00000284237.1,RP11-328D5.4,-0.6103516190496443,NA,0.5416289097663969,0.0099764520861772,0.05653160448202365,0.0001529284287805775,NA,36,37,37,0.03045186976966876,0.4259016673359756
ENSG00000142973.13,CYP4B1,0.6103464570461994,NA,0.5416323285008577,0.0036032317390996948,0.0925754171466476,8.333886944129928e-07,NA,15,15,15,0.04384626481466241,0.06737481353158156
ENSG00000183023.18,SLC8A1,0.6096124102640669,NA,0.5421185887346036,0.004416326964033567,0.016460300448572943,0.043015974449300415,NA,84,85,85,0.0006217606697192686,0.07003445074479069
ENSG00000167526.13,RPL13,0.6087074223296349,NA,0.5427183863769496,0.0010811733677464882,0.028063326106976882,0.0074208894994937,NA,6,7,7,0.046345050388212794,0.017028198382153182
ENSG00000103227.18,LMF1,-0.6084655663903679,NA,0.542878736892594,0.03128729253786919,0.2191409021456952,1.199066431778995e-15,NA,24,25,25,3.5507895534270723e-09,0.23514680774792904
ENSG00000187624.8,C17orf97,0.6084410223991213,NA,0.5428950108806794,0.24155399501248134,0.5909072898018458,9.585816042967379e-57,NA,17,24,24,0.003176723740479061,0.5883093736887216
ENSG00000105928.13,DFNA5,0.6078266397742054,NA,0.5433024588169896,0.0018921492139661637,0.037235562844999966,0.00229633531909918,NA,9,9,9,0.01801828094784305,0.0681531421257998
ENSG00000189339.11,SLC35E2B,-0.6077198532221798,NA,0.5433732933395548,0.015081606907240964,0.06411489447490405,3.408235703690028e-05,NA,6,8,8,0.223666266267177,0.1754775646134249
ENSG00000074695.5,LMAN1,-0.607413435205855,NA,0.5435765745446932,0.003097417176828065,0.1223294452111998,1.0189642504631464e-08,NA,34,34,34,3.2572362695519157e-06,0.023624953340797908
ENSG00000066777.8,ARFGEF1,-0.6072372041960563,NA,0.5436935053456051,0.005021300859990669,0.06768077486221663,2.949821977174953e-05,NA,53,54,54,0.059922470732961454,0.05610371850338308
ENSG00000172543.7,CTSW,0.6072127586938337,NA,0.5437097261363564,0.13322836210592684,0.4756162255003886,1.4430420327907743e-40,NA,47,48,48,0.0950470156993114,0.17945263889371074
ENSG00000176293.19,ZNF135,-0.6066796139485722,NA,0.5440635537253398,0.0010796878270119457,0.04828465013417155,0.000463892021113005,NA,5,5,5,0.4635917783854743,0.04191402385273375
ENSG00000185290.3,NUPR2,0.6064995343430206,NA,0.5441830914724579,0.048042683691103955,0.16567120103386068,1.3005103030469186e-11,NA,71,85,85,0.003133221414805256,0.2785127514267331
ENSG00000144214.9,LYG1,0.6061514133027723,NA,0.5444142129826024,0.028717322293602392,0.10630448048890084,1.1723569434901002e-07,NA,67,68,68,0.0005856161587785199,0.062320547386374714
ENSG00000203791.14,METTL10,0.605471465621326,NA,0.5448657786211939,0.03233626888284229,0.20086437503690535,9.897964137839895e-15,NA,24,24,24,1.0252792921688969e-05,0.05108803486002438
ENSG00000143376.12,SNX27,0.6054411778395282,NA,0.5448858976154913,0.00967011950609986,0.1970258446870534,9.672590398115084e-14,NA,12,12,12,0.21078140693059344,0.032581251962446565
ENSG00000163633.10,C4orf36,0.6041271136643567,NA,0.5457591343631181,0.013044217836533046,0.0281399591569097,0.008330746296995173,NA,29,30,30,0.04191354109218277,0.16270149038515652
ENSG00000178597.6,PSAPL1,0.6037954688072205,NA,0.5459796323825633,0.0013615147182193354,0.03490371218496045,0.002540277185421012,NA,1,1,1,0.5459796323825633,0.056222883644026285
ENSG00000229921.6,KIF25-AS1,-0.6033806857070421,NA,0.5462554679981899,0.08476848948250512,0.2481018609224749,1.7072834287470925e-17,NA,11,12,12,0.2920205755500608,0.2651489707064832
ENSG00000172354.9,GNB2,0.6029432388151877,NA,0.546546450104316,0.0008663957717890641,0.028136253589788558,0.007994736395235713,NA,15,15,15,0.2316423756394328,0.016838011193948125
ENSG00000173905.8,GOLIM4,-0.6025930764151882,NA,0.5467794273905997,0.007873843261807898,0.04768475925402636,0.0004982095542302683,NA,31,35,35,0.059166664066190595,0.17136537149888856
ENSG00000136982.5,DSCC1,0.6024161524824163,NA,0.5468971607761004,0.06526860225342243,0.30940537530171397,2.23916749625746e-23,NA,41,42,42,0.00016074054051649507,0.25854005061896235
ENSG00000163938.16,GNL3,0.6023528626735661,NA,0.546939279796024,0.005157843637559212,0.1409015788277836,5.776858014291116e-10,NA,16,16,16,0.00022820972204663033,0.06949326717256891
ENSG00000178772.6,CPN2,-0.6018753016225672,NA,0.5472571458132698,0.0010386301637154679,0.0923315494957776,6.452585362715971e-07,NA,3,5,5,0.31415430387101007,0.055249634817932665
ENSG00000178026.12,LRRC75B,0.6018578319786814,NA,0.5472687753915539,0.0030655609835694036,0.02928204214998628,0.00625755034538043,NA,32,36,36,7.052244722938292e-09,0.07890472363763963
ENSG00000264520.1,RP4-777O23.2,-0.6012016124921522,NA,0.5477057106126573,0.019631309888867795,0.08100650349386067,3.694310444227565e-06,NA,13,13,13,8.954080905055873e-06,0.14359974123580094
ENSG00000185272.13,RBM11,-0.6010930378627823,NA,0.5477780202457861,0.007090176963661687,0.0374783627134578,0.0019321118885566515,NA,6,7,7,0.054521490919018256,0.10699209990662284
ENSG00000084710.13,EFR3B,0.6009713471793022,NA,0.5478590706505878,0.015221414745988659,0.03446037647406354,0.003112931272364839,NA,42,47,47,1.1862134717496618e-05,0.09158036870019544
ENSG00000214309.4,MBLAC1,0.600952159710975,NA,0.5478718507407957,0.022549521217471565,0.0604985382428771,4.2639322788209305e-05,NA,29,29,29,9.87160686013212e-07,0.2674837425922362
ENSG00000214944.9,ARHGEF28,-0.6008756766490673,NA,0.5479227948524545,0.004781601576920168,0.026477643449124788,0.00961508656022003,NA,37,42,42,0.0006606581148968316,0.07460767440436236
ENSG00000223510.6,CDRT15,-0.6006466182181129,NA,0.5480753809171991,0.07981142743513667,0.275733693695474,7.444468522269178e-20,NA,42,44,44,3.060343841735184e-10,0.12262365076573828
ENSG00000173531.15,MST1,-0.6004928073533126,NA,0.5481778529954069,0.0037286337456786827,0.087916569251604,1.1264980687258722e-06,NA,12,13,13,0.11523975964662583,0.03380497794862266
ENSG00000272010.1,CTD-3025N20.3,-0.6004088947308185,NA,0.5482337613644754,0.05048307823020731,0.2311067104572561,3.9584139793540237e-17,NA,42,42,42,0.3706064651392704,0.02019449509983743
ENSG00000178222.12,RNF212,0.5997697984153293,NA,0.5486596637576505,0.004258142936997099,0.04204090351606126,0.0011976040132953946,NA,10,10,10,0.3651365569412036,0.03771339173128615
ENSG00000136367.13,ZFHX2,-0.5995038689195265,NA,0.548836930869161,0.005787954838483316,0.021235900031748925,0.021437425884101767,NA,42,47,47,0.02991481158569992,0.04182163775865593
ENSG00000156510.12,HKDC1,-0.599061573875047,NA,0.5491318248582928,0.011178778955989666,0.10683610543875337,9.395608596198874e-08,NA,11,11,11,0.09187878911902024,0.040609344938136116
ENSG00000135472.8,FAIM2,-0.5986359072695484,NA,0.549415705864785,0.00829764246391174,0.0649559414328423,4.431140010550139e-05,NA,32,37,37,0.002447138494753519,0.2279220126056805
ENSG00000183726.10,TMEM50A,0.5986167907919262,NA,0.5494284565187333,0.0015771114816788214,0.038954490787022865,0.0015519298278770164,NA,7,9,9,0.0878199664432095,0.06877093370915252
ENSG00000174137.12,FAM53A,0.5979657054077523,NA,0.549862816317183,0.020776083836503152,0.13601968930637545,1.1503115164253287e-09,NA,10,12,12,0.08273600971701073,0.17002523353779272
ENSG00000135446.16,CDK4,0.5975517078484186,NA,0.5501390952511168,0.0012148638355743433,0.0358022120699655,0.0027902369335343915,NA,11,11,11,0.07432447679042851,0.08966132671132382
ENSG00000237489.3,LINC00959,-0.5973731323968013,NA,0.5502582876738356,0.012324906908788288,0.08024717025012346,2.9140365808682165e-06,NA,15,15,15,2.858757663089044e-05,0.21409038323032756
ENSG00000167741.10,GGT6,0.5967813407009187,NA,0.550653377336277,0.0021252604333183668,0.06510091838601419,3.6616692090764916e-05,NA,3,4,4,0.23026430316422752,0.06078295281088035
ENSG00000054179.11,ENTPD2,0.5963485990416992,NA,0.5509423709761934,0.004285366173976661,0.018166776443750813,0.030529520379918507,NA,10,10,10,0.0036668228925932304,0.05436899536449441
ENSG00000170291.14,ELP5,0.5960707947624567,NA,0.5511279336108489,0.011438205868385912,0.12161204406943475,6.870873743377596e-09,NA,7,7,7,0.007941486900674867,0.0777383414045697
ENSG00000166130.14,IKBIP,-0.5960106689345863,NA,0.5511680994100643,0.012113366059254102,0.22226021568259047,1.5415759740525716e-15,NA,17,18,18,0.001915233942258508,0.04210629335855394
ENSG00000134250.19,NOTCH2,-0.5952292008350836,NA,0.5516902736927183,0.008324025430308352,0.0474986797511089,0.00039414544404110016,NA,54,58,58,0.09070983247305536,0.0685624568698876
ENSG00000104324.15,CPQ,-0.5938646424592,NA,0.5526026492470077,0.0012629564288584277,0.05245926131368118,0.00014282541659770627,NA,5,5,5,0.5512329148429029,0.12824787826683187
ENSG00000179242.15,CDH4,0.5934285273056664,NA,0.5528944020359385,0.01671335453041186,0.04657592357439173,0.0004117300361256473,NA,15,17,17,2.3372110838041125e-10,0.09688828189957392
ENSG00000089163.4,SIRT4,-0.5928890979466019,NA,0.5532553745399785,0.016627901774951163,0.08120249767138799,3.1764417124351004e-06,NA,49,55,55,0.008103024640246256,0.10133349607900567
ENSG00000137154.12,RPS6,0.5923395315778106,NA,0.5536232492149562,0.00790172317390711,0.0451881631500543,0.0007255864746684527,NA,44,47,47,2.8176750914599306e-05,0.07494738838055191
ENSG00000172728.15,FUT10,0.590731804281054,NA,0.5547001345429157,0.05455960432472304,0.18529367531473087,3.587347293761677e-13,NA,52,52,52,0.019657585227008036,0.0949462341670775
ENSG00000018236.14,CNTN1,0.5906990918690146,NA,0.5547220565463615,0.01097827365490964,0.15593075517347055,6.809469657589979e-11,NA,49,50,50,0.00016491420686156585,0.0925363280771691
ENSG00000166813.14,KIF7,-0.5906593518388153,NA,0.5547486886308522,0.0001464052682963232,0.021157767216232352,0.02176862999216899,NA,4,7,7,0.08912979540126884,0.015751787266715316
ENSG00000177628.15,GBA,-0.5902062514053779,NA,0.5550523815338892,0.0026644861517923137,0.03733618346276911,0.0021490055719495392,NA,10,10,10,0.03252380586869913,0.044806775458808484
ENSG00000161180.10,CCDC116,0.5899727729641031,NA,0.5552089033771729,0.018857816429904466,0.10968155143652276,7.077669295186045e-08,NA,42,47,47,0.003316143238223307,0.06453829105007967
ENSG00000170871.11,KIAA0232,-0.5896815221697669,NA,0.5554041855094807,9.814675788506882e-05,0.01981371972497383,0.02648074768722686,NA,5,6,6,0.4499839854968617,0.021540410434468527
ENSG00000031691.6,CENPQ,0.5886007550485569,NA,0.5561291272838181,0.04186255275039055,0.2015243019922377,1.2591871634586119e-14,NA,23,23,23,0.0009056336394829743,0.08181770608991297
ENSG00000130300.8,PLVAP,-0.5884885213510046,NA,0.5562044362751235,0.021692492353953423,0.15726201069089454,4.790026534647339e-11,NA,22,23,23,0.000906571073991587,0.10461345834594707
ENSG00000152382.5,TADA1,0.5881818666220302,NA,0.5564102274515371,0.008711229353024505,0.04609293638545735,0.0006416088238367759,NA,20,21,21,0.3061661120179655,0.1319458501083085
ENSG00000162004.16,CCDC78,0.5866754984685484,NA,0.5574216662946521,0.010136130659199497,0.08018313152677008,2.098430131878241e-06,NA,4,4,4,0.23770001035495525,0.08802959199267323
ENSG00000204653.9,ASPDH,-0.5866273059686111,NA,0.5574540395334805,0.005483392014022226,0.09514764674726137,5.05501682733878e-07,NA,4,5,5,0.3606149540274294,0.046985051881135484
ENSG00000275897.1,RP11-94C24.13,0.5861105634983357,NA,0.557801218014901,0.007192132306794763,0.05073565061317782,0.00021912617928347312,NA,9,9,9,0.2426192418431511,0.05824498270966154
ENSG00000186854.10,TRABD2A,0.585614298622772,NA,0.5581347374213954,0.008828486814552824,0.10462848127934704,1.6026711028332118e-07,NA,6,6,6,0.5284849590841822,0.08036342759256485
ENSG00000160471.12,COX6B2,0.585475742816925,NA,0.5582278724477039,0.004410573417565557,0.0453443437183339,0.0006069205437312378,NA,1,2,2,0.5582278724477039,0.13885637463452224
ENSG00000269858.5,EGLN2,-0.5854240587774525,NA,0.5582626155783665,0.0007202965954158373,0.01833822203237916,0.032700503703552784,NA,3,3,3,0.5124153523975226,0.05594753857754165
ENSG00000275401.1,RP4-564F22.7,0.5853446912555332,NA,0.5583159701921092,0.04260910513045262,0.12964486693744648,3.165419093774265e-09,NA,22,23,23,0.023140518297367213,0.1783184797339079
ENSG00000224549.1,RP11-370B11.3,-0.5853099607706778,NA,0.5583393184514617,0.09385206198875581,0.24825819463552345,1.0941145113187792e-17,NA,36,36,36,0.0003213754862706056,0.1611745980030618
ENSG00000237310.1,GS1-124K5.4,-0.584392035802067,NA,0.5589565837623363,0.07581401879659841,0.14559229747223607,9.857832032963914e-11,NA,58,61,61,0.0022284202629740805,0.4283063360784585
ENSG00000116141.15,MARK1,-0.5843209230405081,NA,0.5590044178830764,0.007689944597437118,0.07536247811912024,1.036980866352556e-05,NA,23,23,23,0.00719421432376933,0.03326060685358288
ENSG00000143162.7,CREG1,-0.5833262640988671,NA,0.55967368518325,0.0037199908270519446,0.07808900624764574,6.716096670444596e-06,NA,18,20,20,0.05416704014240309,0.047075682197019
ENSG00000012061.15,ERCC1,-0.5830302382438388,NA,0.5598729444863568,0.004976243475435233,0.06735368100956447,1.3916463873298987e-05,NA,6,8,8,0.04221175560719122,0.12969833293184369
ENSG00000132432.13,SEC61G,0.5830210478973454,NA,0.5598791311926021,0.005008939341709699,0.03968767024529514,0.0014962891324350855,NA,47,47,47,0.01549226759959591,0.04416582282292382
ENSG00000090372.14,STRN4,-0.5822906993345541,NA,0.5603708891321351,0.011971507348431705,0.15973708386849192,1.4827418920157886e-11,NA,27,28,28,0.0009459831718155755,0.04772954837139623
ENSG00000165810.16,BTNL9,0.5817244485811652,NA,0.5607523007820108,0.002855087450046144,0.022869644832564026,0.017001089114454134,NA,22,26,26,0.0010149523892683339,0.04273479552380075
ENSG00000132840.9,BHMT2,-0.5801372311171499,NA,0.5618220783195212,0.01521096055216433,0.1462067365658897,1.6113382991664128e-10,NA,57,59,59,0.00010750523662708074,0.06354132948260124
ENSG00000255142.1,AP006621.6,0.5796957338748123,NA,0.5621198207699566,0.0643163619146555,0.31400372526670506,9.068050458024352e-24,NA,10,11,11,0.13137025054420384,0.09891920537573128
ENSG00000197165.10,SULT1A2,0.5794466321864041,NA,0.5622878467260151,0.09282731216091489,0.248342648673324,3.912486177085162e-18,NA,46,54,54,1.4498292569023398e-05,0.1794252823355878
ENSG00000251432.6,RP11-420A23.1,-0.5789924481487984,NA,0.5625942688032364,0.01192886736484183,0.14532922287380728,3.3852863614467997e-10,NA,38,38,38,0.00858264669169088,0.10858587743141752
ENSG00000143771.11,CNIH4,-0.57882042591108,NA,0.562710347231995,0.013547092923780918,0.2129030231125508,7.029576948964123e-15,NA,31,31,31,0.46976144563100863,0.04089393756415252
ENSG00000274512.5,TBC1D3L,0.578673398963963,NA,0.5628095683164016,0.0002531663855515631,0.3414658840160641,4.969355633940949e-26,NA,3,23,23,0.6587784288609821,0.07301440865643008
ENSG00000114423.18,CBLB,0.5782683198674786,NA,0.5630829794710535,0.006828518010077786,0.04633002782665257,0.0006315782603418128,NA,40,41,41,0.06357717725553816,0.17006767186724187
ENSG00000176595.3,KBTBD11,-0.5779041732711175,NA,0.5633288176015541,0.031832603018037,0.11046461147352303,1.5700313080204288e-08,NA,19,19,19,0.03277150928632562,0.0833324662584054
ENSG00000163608.14,NEPRO,-0.5774553596226829,NA,0.5636318862826717,0.011484892237354546,0.03984059679305413,0.001339867384675848,NA,36,39,39,0.008655903001821993,0.2868183440615688
ENSG00000185619.18,PCGF3,-0.57728599725065,NA,0.5637462713830472,0.08238832772578983,0.5011659161428472,9.089027518478724e-45,NA,24,25,25,6.7061133567844955e-06,0.15232003404702432
ENSG00000166529.14,ZSCAN21,0.5762557231719844,NA,0.5644423457104406,0.02042822474428605,0.13299311193900706,2.054847593920623e-09,NA,17,17,17,0.10563682585476816,0.05668282253770667
ENSG00000274422.1,LL22NC03-2H8.5,0.5757020504944289,NA,0.5648165891438626,0.021501514636284684,0.3407886138604664,1.919796233082481e-25,NA,78,91,91,0.0005694553375507658,0.1604138433766645
ENSG00000147592.8,LACTB2,-0.5757006023380222,NA,0.5648175681512824,0.02751928449275727,0.2278458829088216,2.0062837926343802e-16,NA,70,72,72,0.009850224231788657,0.1376523625873464
ENSG00000111696.11,NT5DC3,0.5750999616382401,NA,0.5652236938902329,0.012418602392386737,0.10740414209130963,5.269533731084745e-08,NA,55,57,57,5.157776459542033e-06,0.10699918168473152
ENSG00000105552.14,BCAT2,0.5744888570897034,NA,0.5656370388034914,0.003204257340280358,0.17650809689684516,1.8403828474648795e-12,NA,9,12,12,0.44130867254832873,0.03801384103610567
ENSG00000099194.5,SCD,0.5743405914301104,NA,0.5657373460730957,0.008509763174303454,0.03810289114862963,0.001987712729433719,NA,11,12,12,0.12174892539645353,0.10198595736711273
ENSG00000130177.14,CDC16,0.5739429212118502,NA,0.5660064270407299,0.05571307513801406,0.32784416464114097,7.28261510675102e-25,NA,11,11,11,0.08948135934938556,0.06575766817624183
ENSG00000127241.16,MASP1,0.5732555539122851,NA,0.5664716744763039,0.010697858817636387,0.06721245168056528,3.1499447698731424e-05,NA,13,13,13,0.17831387230446627,0.044817434533632114
ENSG00000232855.6,AF131217.1,0.5724658173703417,NA,0.5670064373093813,0.015410903258357159,0.03799011926901245,0.0018772684034686726,NA,72,75,75,0.2839885204671174,0.26188135837355936
ENSG00000180817.11,PPA1,0.5718329867374322,NA,0.5674351272852881,0.029768195662567373,0.24617275134616806,8.790491495062279e-19,NA,25,25,25,0.15736574260397995,0.10019024479284336
ENSG00000221866.9,PLXNA4,0.5717937778220609,NA,0.5674616931611296,0.009737776348646674,0.05181277879581607,0.00027928737336099893,NA,56,63,63,8.376375882953176e-26,0.10283300606967184
ENSG00000110786.17,PTPN5,0.5715685927877915,NA,0.5676142780967492,0.08810999196963445,0.3808817023120176,2.7771231874621334e-32,NA,5,6,6,0.47082626300311525,0.17584138705358685
ENSG00000099282.9,TSPAN15,-0.5711539847551883,NA,0.5678952670497892,0.005066586642056793,0.11176210575009192,5.43383612738594e-08,NA,20,20,20,0.021586777884194025,0.04721431111163437
ENSG00000243795.1,LINC02044,0.5710195168280486,NA,0.5679864132049751,0.04921740847529207,0.0837632237821607,1.929169982834758e-06,NA,33,36,36,0.1301767639849089,0.1765850267324506
ENSG00000105355.8,PLIN3,0.5708682224225595,NA,0.5680889731892056,0.0055321478111748975,0.02785349358718722,0.008440735560328433,NA,38,46,46,5.125089368868576e-05,0.07581351170991303
ENSG00000142207.6,URB1,-0.5706203378316,NA,0.5682570292145155,0.018962549915313702,0.17938632449100467,1.055603712557142e-12,NA,64,66,66,0.008484373051479253,0.22449794814289026
ENSG00000183347.14,GBP6,-0.5701653360855613,NA,0.5685655644041419,0.02473516293928845,0.025743059221108016,0.010893035097049959,NA,27,28,28,0.0011043870611206399,0.1167967045420444
ENSG00000089335.20,ZNF302,0.5696568558335106,NA,0.5689104579099196,0.03034576759462767,0.3408084151237585,2.169303001177737e-26,NA,31,31,31,0.017144381470123413,0.06835268626563756
ENSG00000187642.9,PERM1,0.5696377053330518,NA,0.5689234493214043,0.012605038411882027,0.1027386701504142,1.3907494061134766e-07,NA,3,3,3,0.5514819808422851,0.0904184691969984
ENSG00000136999.4,NOV,0.5694636938779905,NA,0.5690415025694759,0.007644650460682577,0.05859688772186177,0.00010669790901021264,NA,41,43,43,0.013629699177233499,0.03564559600739696
ENSG00000168938.5,PPIC,0.5693427849285203,NA,0.5691235367832216,0.001841090155908116,0.015630093026575826,0.042696695987906215,NA,3,3,3,0.5230587522993433,0.0565720680440647
ENSG00000198874.12,TYW1,-0.5693399724239561,NA,0.5691254450764311,0.032142885900188545,0.18990374096665846,2.213790121372992e-13,NA,50,54,54,0.024280562486776642,0.05387577163296538
ENSG00000198719.8,DLL1,0.568939499247776,NA,0.5693971985781747,0.005842123133221669,0.05688398670809764,0.00012270409529745128,NA,7,9,9,0.09666731684718673,0.053351142367042526
ENSG00000173193.13,PARP14,-0.5685631781630979,NA,0.5696526193646781,0.04712527205413382,0.23526172226180275,3.073934027176549e-17,NA,44,45,45,1.5610494740150046e-06,0.1397954294919493
ENSG00000178078.11,STAP2,0.5672534243658731,NA,0.5705420158595721,0.009263811986049319,0.1176803143845753,1.5205685460032656e-08,NA,20,21,21,0.12021498284200588,0.07419655253804082
ENSG00000253309.6,SERPINE3,-0.5667516763621501,NA,0.5708829061522671,0.006217176590418882,0.01817712219156185,0.03264322921196549,NA,16,16,16,0.022311816191043075,0.25977052004264306
ENSG00000197385.5,ZNF860,-0.56642934200192,NA,0.571101953002397,0.011965607474240697,0.036836746301731615,0.0022774872305236717,NA,25,32,32,0.007860422657146534,0.17904130413863867
ENSG00000148814.17,LRRC27,-0.566390601046964,NA,0.5711282826562637,0.03358016218706586,0.21363983013579366,4.1741984954883634e-15,NA,14,15,15,0.016323892379441485,0.3386096772471475
ENSG00000165644.10,COMTD1,0.5658917484760564,NA,0.5714673712217715,0.0032162542637276855,0.03253706276867666,0.003885580793075106,NA,13,14,14,5.554824051407803e-06,0.06018348949791193
ENSG00000265241.6,RBM8A,0.5646075580642408,NA,0.5723407233112829,1.1020052187856737e-05,0.053708348117140654,0.00018388054241720307,NA,2,12,12,0.29789828395068985,0.0076911711341874234
ENSG00000094963.13,FMO2,-0.5645572589927194,NA,0.5723749435969845,0.0022010375868794737,0.05295071057195972,0.00019695533012924768,NA,8,8,8,0.6179443020102803,0.04344585026045555
ENSG00000205710.3,C17orf107,-0.5638438493848871,NA,0.5728604066775667,0.006977085895123584,0.10313291451861127,1.2571307137018225e-07,NA,16,17,17,0.00024285802232801597,0.0869409418169025
ENSG00000089063.14,TMEM230,-0.5638066715703434,NA,0.572885710902755,0.027561700347410987,0.3178708842045523,1.9727626148571302e-24,NA,26,27,27,0.4920896543394101,0.05031644517726517
ENSG00000165985.9,C1QL3,0.5637024170340413,NA,0.5729566721863872,0.16953534592519526,0.5060683095331365,1.5005678998510695e-44,NA,7,7,7,0.4177337714686187,0.14169501832756573
ENSG00000272369.1,RP11-446N19.1,0.5636051213414227,NA,0.5730229006662912,0.03802080100872897,0.12667384868559733,4.322097217099823e-09,NA,28,32,32,3.852244618961667e-24,0.17892537487512486
ENSG00000104497.13,SNX16,0.5635170999539971,NA,0.5730828193222459,0.11949825002213668,0.32443511881692744,2.2787837958616587e-24,NA,85,87,87,0.009736545274575322,0.18018386219956206
ENSG00000128039.10,SRD5A3,0.5627966121862275,NA,0.5735733874913689,0.04729777245068076,0.3218284079854353,6.993911694284535e-24,NA,29,29,29,0.2684637935662114,0.10352623341488837
ENSG00000138386.16,NAB1,-0.562676841688211,NA,0.5736549565274431,0.011489133409942785,0.0376445178310727,0.002118012553963168,NA,51,55,55,0.08362746044823531,0.09631271116413324
ENSG00000124641.15,MED20,-0.5624258502313635,NA,0.5738259107026304,0.0086276224976734,0.0891551842385988,9.520248910541093e-07,NA,24,26,26,0.00010841723279532542,0.03349259000230824
ENSG00000235142.7,RP1-60O19.1,0.5622492025260447,NA,0.5739462426658261,0.004498801944872666,0.11982321725948572,1.4383899344770826e-08,NA,14,15,15,0.04294808565831685,0.026561262477449044
ENSG00000170509.11,HSD17B13,0.5619942084029643,NA,0.5741199650857811,0.05785377130063612,0.2594509923659864,1.1673007591225179e-18,NA,38,38,38,1.562649158964611e-05,0.5114063872652197
ENSG00000168913.6,ENHO,-0.5619408853864005,NA,0.5741562961432751,0.004567772344489407,0.01860626208060101,0.03183093068689355,NA,24,27,27,2.3412257196964763e-07,0.23098678247812
ENSG00000176473.13,WDR25,-0.5615648288059242,NA,0.5744125491128969,0.016680024781084185,0.05660598189666444,0.00012748460378474022,NA,40,43,43,1.6474256086006675e-07,0.10548879842273644
ENSG00000244414.6,CFHR1,-0.5612239721690743,NA,0.5746448628508054,0.057996673270947256,0.10603693004681852,9.830579255121318e-08,NA,38,39,39,0.0008370077149092241,0.2404803004669035
ENSG00000103740.9,ACSBG1,-0.559922651032216,NA,0.5755321979200941,0.008938634239510752,0.09465990868380934,6.685409173295523e-07,NA,40,42,42,7.33523051871898e-06,0.04275311770279088
ENSG00000152133.14,GPATCH11,0.559046812314499,NA,0.5761297724454761,0.0021518318889276944,0.02234362826231345,0.017815653881140862,NA,6,6,6,0.1447103195939602,0.0251638039683466
ENSG00000157800.17,SLC37A3,-0.5588311203445021,NA,0.576276981480999,0.003504158479489742,0.0221056361553172,0.01937486333913306,NA,23,24,24,0.0033558780794384767,0.14603382164738324
ENSG00000258429.1,PDF,-0.5582130266869978,NA,0.5766989265673487,0.005614883284175375,0.07693882542077213,8.160292135376387e-06,NA,10,11,11,0.19266489208111615,0.028179791198772806
ENSG00000163749.17,CCDC158,0.5580889057519175,NA,0.5767836759760787,0.02475883550010319,0.062025625071637086,6.054112256433267e-05,NA,38,40,40,0.05685291350839232,0.41564741520391024
ENSG00000099365.10,STX1B,-0.5578921525171054,NA,0.5769180305338821,0.008349740099976386,0.10373226701475474,1.9238566722582232e-07,NA,13,13,13,0.028854238458281743,0.025379506495435064
ENSG00000146038.11,DCDC2,-0.5577988459316724,NA,0.5769817508556909,0.005274721643635888,0.08183731709721666,3.0335821850058154e-06,NA,5,7,7,0.4328495715159506,0.1318177892786736
ENSG00000107959.15,PITRM1,-0.5575998017258036,NA,0.5771176919033163,0.03834191705692238,0.1815899190482436,6.771935908514181e-13,NA,76,86,86,2.393953494462935e-06,0.10846454575630657
ENSG00000235387.2,SPAAR,-0.5575903779469733,NA,0.5771241284274469,0.03460949434667576,0.1029007876859815,1.8920831354902686e-07,NA,28,29,29,0.11524971973448014,0.0762412426781885
ENSG00000198912.10,C1orf174,0.5575540527642178,NA,0.577148939164377,0.08967866038873472,0.3628599455889723,1.723636101141459e-27,NA,14,15,15,0.011568106907546954,0.1959494865174798
ENSG00000162585.16,FAAP20,0.5575533424447078,NA,0.57714942433007,0.016441419167064007,0.035705411401600474,0.0019010563121053372,NA,44,52,52,1.4767580796897729e-06,0.12742993700894084
ENSG00000125826.20,RBCK1,0.5573492249000658,NA,0.5772888495927719,0.00741253513677216,0.029340420345226118,0.0041034473665061185,NA,23,27,27,0.08879742903831138,0.07896626765983511
ENSG00000268601.1,AC115522.3,0.5569561260702649,NA,0.5775574057776137,0.010760498095880621,0.023022198249206784,0.016485220551538556,NA,24,26,26,0.00026874228222504654,0.231741917451456
ENSG00000166573.5,GALR1,-0.5568298920006656,NA,0.577643658499537,0.015989329330887224,0.029931614740677095,0.006096973419077032,NA,57,58,58,0.07033007682402237,0.1602628825025076
ENSG00000103275.19,UBE2I,-0.5559987179731869,NA,0.5782117311864003,0.0015577654047534764,0.0628773849178391,4.63540817259906e-05,NA,3,3,3,0.4458644983489656,0.07350377372233106
ENSG00000253764.1,RP11-439C15.4,-0.5559855361252356,NA,0.5782207425441388,0.05158849601222697,0.09535690283626283,3.4168773212760966e-07,NA,53,61,61,7.170674334767704e-05,0.14109827216567952
ENSG00000141934.9,PLPP2,0.5553253815008962,NA,0.5786721210412411,0.007538702136104921,0.08145711934127646,3.3985414708260867e-06,NA,14,15,15,0.004020136187345237,0.07527260071197714
ENSG00000086102.18,NFX1,-0.5551563198445096,NA,0.5787877430036561,0.02173461076740452,0.21652671349839836,1.7033685061214265e-15,NA,50,51,51,0.08584469171984879,0.07710513275016398
ENSG00000164080.13,RAD54L2,0.5549274431895915,NA,0.5789442899801702,0.00336774016366677,0.0842768307123146,1.9417593737263584e-06,NA,5,5,5,0.5125072236969396,0.04081887976542814
ENSG00000175643.8,RMI2,0.5545539004198734,NA,0.5791998283427598,0.020659417517734403,0.20483708711897164,1.445582207482844e-14,NA,30,34,34,0.01466339236975667,0.05826571018246163
ENSG00000106992.17,AK1,0.554495464006217,NA,0.5792398091313185,0.0013869753315371033,0.0826860584336189,2.9187539267843566e-06,NA,7,8,8,0.2026165923579606,0.02498573997950399
ENSG00000133067.17,LGR6,-0.5544767975807189,NA,0.5792525805236426,1.2274320109425942e-05,0.024239034053512,0.014050652815563421,NA,1,3,3,0.5792525805236424,0.02148158106231411
ENSG00000083535.15,PIBF1,0.5538336413012183,NA,0.5796927027052943,0.009460715003576614,0.04501397418061477,0.0006571099473527321,NA,29,32,32,0.037426325988363277,0.12319701993418625
ENSG00000272097.1,RP11-421M1.8,0.553510987325841,NA,0.5799135590781924,0.0057968123027699,0.06576467014076384,4.159838262706319e-05,NA,12,14,14,0.09573077052735887,0.03727863168322453
ENSG00000167608.11,TMC4,0.5533155105725411,NA,0.5800473819398625,0.008018303969638875,0.19441627711792508,1.0710552984120222e-13,NA,38,60,60,0.003820416542729569,0.07921561863645232
ENSG00000124614.13,RPS10,-0.5532981217210176,NA,0.5800592870021835,0.0006958524320858783,0.025656842123673324,0.010238126291367364,NA,5,41,41,0.35042777517401713,0.05489416278173232
ENSG00000166582.9,CENPV,0.5527742866160728,NA,0.5804179779210538,0.009302021655704686,0.0878286456153904,1.6258379220054728e-06,NA,51,56,56,0.00014411420408748518,0.05984788730586029
ENSG00000124116.18,WFDC3,0.5521445943923201,NA,0.5808492909386647,0.09626198162784783,0.325241395239818,1.3157350158710454e-24,NA,30,31,31,0.010624343208761183,0.188153028402068
ENSG00000177191.2,B3GNT8,-0.5521301165444588,NA,0.5808592094274079,0.027456319978034844,0.13444619721436776,1.7394149164917178e-09,NA,25,32,32,0.004095064121839847,0.06349061599873264
ENSG00000162852.13,CNST,-0.5519721379174576,NA,0.5809674426291711,0.010960637845516364,0.06327018855667403,4.598069735232422e-05,NA,18,18,18,0.01412734235870569,0.10622664166701264
ENSG00000231595.1,AC005224.2,0.5518704811374991,NA,0.5810370939955627,0.061173125062847736,0.10031219595439043,3.0009472187095465e-07,NA,84,89,89,0.006896506201726417,0.25751619221637073
ENSG00000134864.10,GGACT,0.551813386346701,NA,0.5810762148924076,0.027656661077598423,0.0858105130464097,1.9937386155957325e-07,NA,42,42,42,0.021788175876364665,0.06465360181589581
ENSG00000108963.17,DPH1,0.551631808218082,NA,0.5812006389755571,0.019654296163470922,0.18515840007833773,1.0335415174866573e-13,NA,7,7,7,0.21697530034055357,0.13664327356231235
ENSG00000117697.14,NSL1,0.5512404816132226,NA,0.5814688328818446,0.0014026129755171954,0.035340069470751724,0.0028280380281472104,NA,22,22,22,0.000741762864078217,0.015334011741311963
ENSG00000162601.9,MYSM1,-0.5512069714200757,NA,0.5814918016299649,0.002168569122024992,0.020544154842035,0.02395403959855068,NA,28,28,28,0.010285111614418148,0.04364794291116094
ENSG00000105771.13,SMG9,0.5510414626692841,NA,0.5816052518060759,0.01627635330709436,0.1147130545173508,3.3028452172164444e-08,NA,43,44,44,0.011857863592925297,0.2236485548842854
ENSG00000162384.13,C1orf123,0.5506310542467268,NA,0.5818866163582168,0.0016539177024721729,0.0340040877464816,0.0033409480019126413,NA,8,8,8,0.014855457433034078,0.02551364617675294
ENSG00000174788.9,PCP2,-0.5499005876991865,NA,0.5823875611160552,0.013681660628727714,0.08171856952402806,3.7107084212319746e-06,NA,44,50,50,0.0024589166398813153,0.05808781220440856
ENSG00000099377.13,HSD3B7,-0.5498158012714143,NA,0.5824457196200266,0.025205963482096232,0.15365617291367994,9.603143393295762e-11,NA,43,43,43,0.13618505713054738,0.07269078662439052
ENSG00000258839.3,MC1R,-0.5494390757940236,NA,0.5827041639281177,0.006345006874642016,0.04220192738894899,0.0011236845980540236,NA,19,20,20,0.4175163358963242,0.08881606247010447
ENSG00000010932.16,FMO1,-0.5490100860402983,NA,0.5829985281517291,0.010274311051862784,0.01613539254278851,0.04398648077234569,NA,41,41,41,0.0008201841943501267,0.15877798217718014
ENSG00000196743.8,GM2A,0.5485527232304893,NA,0.5833124377675298,0.01686256873925998,0.09437245838305676,4.047097393903897e-07,NA,54,54,54,2.7252884585480256e-10,0.0585311523891422
ENSG00000142686.7,C1orf216,0.5481345350896015,NA,0.5835995289009827,0.0029992411002526774,0.09059584035512122,7.956365560084619e-07,NA,10,10,10,0.25125651919352854,0.036531695522603935
ENSG00000136866.13,ZFP37,-0.5469025168453377,NA,0.5844457065186833,0.011585369878891858,0.046418034580937136,0.0005705610347386155,NA,38,41,41,0.003902027038159806,0.11811870064698785
ENSG00000144815.15,NXPE3,-0.5467160663114106,NA,0.5845738146157594,0.01595469962672419,0.12219865051902902,7.90954127076717e-09,NA,59,61,61,0.0007839390075722773,0.10891425422091118
ENSG00000123415.15,SMUG1,0.5462980532879694,NA,0.5848610741902235,0.022047757129476014,0.2875546036466983,1.3657935157066262e-21,NA,44,49,49,0.005775042617542977,0.17129074500714045
ENSG00000211584.13,SLC48A1,0.5457563138920791,NA,0.5852334564335641,0.0055573332710620905,0.018604912514289668,0.03193309854261808,NA,49,50,50,0.005545554587015705,0.08728709512275752
ENSG00000259865.1,RP11-488L18.10,-0.5453877255541063,NA,0.5854868806007572,0.010692359670372503,0.13258201009008933,2.5568551253309003e-09,NA,11,12,12,0.16491003017898076,0.04621975946172956
ENSG00000164118.12,CEP44,-0.5450362272353944,NA,0.5857286019279728,0.018264009979549432,0.09892768226001074,3.3040963685400605e-07,NA,61,69,69,0.005569572450008608,0.12358334148422973
ENSG00000011143.16,MKS1,-0.5448057140031315,NA,0.5858871483575103,0.002083084158076246,0.03471548073201064,0.0031000524014670613,NA,11,11,11,0.2047690438373425,0.02558639753575297
ENSG00000168280.16,KIF5C,-0.5446855969226235,NA,0.5859697724793941,0.004862776015640348,0.12410535388105105,2.170907370209844e-09,NA,24,24,24,0.44124976961686446,0.2469894926195865
ENSG00000151893.14,CACUL1,0.5446786914999903,NA,0.5859745226299811,0.009117263633609308,0.09274325169294123,8.508966741981934e-07,NA,52,54,54,0.1948013211282702,0.0717963164327538
ENSG00000106638.15,TBL2,0.5446648690863876,NA,0.5859840309425376,0.004536469478082077,0.0489563445195203,0.00037293941291642634,NA,12,16,16,0.007326232430756014,0.1391186875175511
ENSG00000125458.6,NT5C,-0.5445005810016287,NA,0.5860970487026524,0.003023882113164566,0.07198626220456453,1.6357954739796132e-05,NA,16,16,16,0.43137388178203395,0.0411522550941702
ENSG00000259108.2,LINC01595,-0.5438176872272481,NA,0.5865669362342238,0.062238389913300746,0.234141889682338,9.788003219570291e-17,NA,18,19,19,0.3203256522044463,0.13249999287142233
ENSG00000130311.10,DDA1,0.5430225947226921,NA,0.5871142456870806,0.0014494348176738046,0.049929849843305285,0.0003712901327867916,NA,4,4,4,0.5118965598070672,0.01702151889661443
ENSG00000215252.11,GOLGA8B,0.5424755625507383,NA,0.5874909377232167,0.018221093089959187,0.027169403843324502,0.009290112485161263,NA,37,47,47,0.012927079538648087,0.29254131795442634
ENSG00000196458.10,ZNF605,0.5419245077797428,NA,0.5878705127993957,0.005039967513858969,0.231565127056128,1.1152943651340538e-16,NA,11,16,16,1.2016206849781803e-05,0.0669833040721858
ENSG00000157823.16,AP3S2,0.5414008196368486,NA,0.588231342382769,0.18657746977805226,0.5621649327488635,3.557963342528756e-52,NA,27,29,29,0.42813470466750414,0.16124963668572742
ENSG00000213185.6,FAM24B,0.5409238946164078,NA,0.5885600404435365,0.0036054390599681747,0.016221865437258492,0.04524448744566659,NA,5,5,5,0.12683375413749087,0.03936066381147638
ENSG00000168061.14,SAC3D1,0.5408338357161119,NA,0.588622118810969,0.005092700207593798,0.022168375100688784,0.019091734517152518,NA,23,23,23,0.1997531475570511,0.0738140514587737
ENSG00000162543.5,UBXN10,-0.5401504426969861,NA,0.5890932859457659,0.004120821020523052,0.01716411206342437,0.03898611668044071,NA,32,37,37,0.0041523153076806355,0.09290901456471888
ENSG00000147650.11,LRP12,0.5398851933729744,NA,0.5892762096688821,0.009521035470130966,0.055504219735935584,0.00014829279450452202,NA,55,56,56,0.04063489830608941,0.088634738025187
ENSG00000171224.8,C10orf35,-0.5393670062345127,NA,0.5896336423085276,0.002906209950782815,0.031530650531072284,0.005189267360577597,NA,9,12,12,0.5664988819076384,0.07793366605072079
ENSG00000125629.14,INSIG2,-0.5393477445409312,NA,0.5896469304735779,0.01003943202635257,0.09556268734375878,4.2512380336152797e-07,NA,86,89,89,2.34126156307558e-07,0.09586723043052796
ENSG00000101624.10,CEP76,0.5393323768597118,NA,0.5896575323550095,0.006038946362084609,0.07456616978602996,1.2296485434610388e-05,NA,23,25,25,1.111195376921338e-05,0.03141863027218481
ENSG00000124422.11,USP22,-0.5392682928409906,NA,0.5897017436914418,0.009698607774732476,0.11563615334248932,3.120838348579858e-08,NA,40,43,43,0.3055809315309319,0.029786178773549186
ENSG00000100220.11,RTCB,0.5391119417240943,NA,0.5898096161815849,0.0012128249431150586,0.08548772162698783,2.261288097663448e-06,NA,5,5,5,0.4844593952449324,0.03053700874629244
ENSG00000204070.9,SYS1,-0.5389549236936672,NA,0.5899179579516416,0.0041082476911370215,0.037844505077802564,0.0020371799274713034,NA,28,30,30,0.022862952004651067,0.059316661258285275
ENSG00000262663.1,RP11-497H17.1,-0.5388919505323189,NA,0.5899614117400068,0.02474142595464697,0.059932758443737986,9.85173930587172e-05,NA,30,34,34,0.015292963438320985,0.2231873932390944
ENSG00000123453.17,SARDH,0.5387810148013132,NA,0.5900379650455867,0.05411096685767112,0.3956819773432047,3.012902914714294e-31,NA,16,18,18,1.763206537174222e-06,0.31212166640394684
ENSG00000226816.2,AC005082.12,-0.5375886815576424,NA,0.590861045962469,0.019237789163203477,0.06616216231911891,3.288514776151002e-05,NA,53,55,55,1.8317134803131446e-08,0.08648799004394757
ENSG00000138152.8,BTBD16,0.5374928275360261,NA,0.590927237991062,0.14865475361616304,0.4013453077880566,1.3875302264937254e-31,NA,29,29,29,0.03165319644046768,0.10104527759115868
ENSG00000168395.15,ING5,-0.5374571888207741,NA,0.590951849188238,0.005197661635471378,0.08777392565802855,1.5576036970850754e-06,NA,5,7,7,0.49715352247555344,0.06434934378074787
ENSG00000166261.10,ZNF202,0.5373103191297668,NA,0.5910532786638181,0.012795581501510053,0.13522052913722135,1.3234400862988342e-09,NA,39,41,41,0.009708827652653894,0.098819900081
ENSG00000167785.8,ZNF558,0.5367340342184795,NA,0.5914513433039317,0.003872979501090738,0.04622861024720675,0.00048553528910617167,NA,23,27,27,0.030151360011871478,0.0355569582457337
ENSG00000085063.14,CD59,-0.536719835287629,NA,0.5914611526676963,0.008314095158987088,0.13045843790727765,2.1559847261803815e-09,NA,20,20,20,0.3184152952636462,0.053976823764496515
ENSG00000116857.16,TMEM9,0.5367095611222562,NA,0.5914682506448949,0.015967484523241204,0.15396266019998664,6.070577907174378e-11,NA,23,23,23,0.37295575788442603,0.10158937421360703
ENSG00000184465.15,WDR27,-0.5366905183260102,NA,0.5914814065940199,0.01638154264971131,0.18396580103145024,8.345315522068277e-13,NA,35,36,36,3.560237458585047e-05,0.032018569872473236
ENSG00000092871.16,RFFL,-0.5366179077230492,NA,0.5915315717525469,0.0043480149731283954,0.08837593582425457,1.3649501344367762e-06,NA,9,9,9,0.4498493919948321,0.052153888513615264
ENSG00000133985.2,TTC9,0.5366001696990225,NA,0.5915438268822747,0.01329474067472625,0.1591169888323678,2.50498674216093e-11,NA,16,18,18,0.2527277958821509,0.09794393145306228
ENSG00000228106.5,RP11-452F19.3,0.5364111312693418,NA,0.591674440021163,0.004566338020339499,0.017358437840660164,0.03460871645567288,NA,10,10,10,0.0037566280001806868,0.16848421364345925
ENSG00000138111.14,MFSD13A,-0.5360747622222509,NA,0.5919068816899657,0.039899405825025505,0.14880209423801705,7.016229793281514e-11,NA,65,65,65,5.958501030888424e-09,0.1662822523205324
ENSG00000184619.3,KRBA2,-0.5355015084426664,NA,0.5923031147959668,0.007891202399060151,0.09985022229699517,3.162963151602745e-07,NA,15,20,20,1.597386670439669e-13,0.038510972062871913
ENSG00000104983.8,CCDC61,0.5354591138318142,NA,0.5923324227901292,0.005404125255318798,0.0276410311485097,0.007903295260635206,NA,16,16,16,6.7668556038098e-05,0.0832567767977069
ENSG00000188677.14,PARVB,-0.5352163331040415,NA,0.5925002733548147,0.028641800310196842,0.20449634702262412,6.150461757599753e-15,NA,17,18,18,0.046053918865591084,0.1107302594053442
ENSG00000163785.12,RYK,0.5347012385057328,NA,0.5928564649440293,0.0020517873348795505,0.03706507628260871,0.0021716011212227133,NA,39,39,39,0.1273522854259252,0.0477327934976508
ENSG00000158106.13,RHPN1,-0.5346360818332677,NA,0.5929015282398126,0.008425941729070238,0.07614797184204815,6.62598218721482e-06,NA,23,28,28,0.006192145805351958,0.06820374308061257
ENSG00000186862.17,PDZD7,-0.534529081702972,NA,0.59297553448106,0.012139594879528398,0.03030547664490312,0.005993433476672781,NA,28,30,30,0.03203754403556179,0.22754898748839336
ENSG00000112297.14,AIM1,-0.5338398373531534,NA,0.59345234919121,0.0060498185185061636,0.04955558432611247,0.00038176657753084733,NA,27,29,29,0.010384341256574543,0.037431798781036835
ENSG00000115486.11,GGCX,-0.533166666679499,NA,0.5939182136228881,0.014722558463109148,0.13818915867096188,7.094851828953362e-10,NA,10,10,10,0.24409718840874062,0.05199385888289522
ENSG00000250565.6,ATP6V1E2,0.532840414354024,NA,0.5941440551043214,0.07917631068532541,0.1597038591153709,2.4979942133275246e-11,NA,69,72,72,0.003058536230649501,0.23424149068403366
ENSG00000097046.12,CDC7,0.5308180450240194,NA,0.5955448741806612,0.01126083805067277,0.12301631280423585,9.223085199327464e-09,NA,15,15,15,0.1120103722938196,0.04303103254462128
ENSG00000156381.8,ANKRD9,0.5306009283650782,NA,0.5956953522228103,0.009100208947865895,0.15843163648163328,3.1273596048128096e-11,NA,10,10,10,0.07356569463472244,0.05286968620464128
ENSG00000083099.10,LYRM2,-0.5305148969533018,NA,0.5957549832053679,0.002928797629109382,0.04849020322189573,0.00046039998140428977,NA,15,15,15,0.03874710433708717,0.07088441553338375
ENSG00000122729.18,ACO1,0.5305081455303071,NA,0.5957596629367298,0.040548787614468874,0.22663051136568496,4.4198060910965453e-16,NA,102,107,107,0.0001615143047706387,0.16754105773808614
ENSG00000154265.15,ABCA5,0.5303073695141242,NA,0.595898837972473,0.0019435275234434349,0.08092386490152831,4.2461885211807885e-06,NA,14,14,14,0.01467932265107367,0.025514886272812048
ENSG00000070785.16,EIF2B3,0.5303056388046579,NA,0.595900037739716,0.0023777846482722787,0.026843076370290486,0.008939085648038603,NA,14,14,14,0.00016176089220552942,0.0392299230805567
ENSG00000204920.10,ZNF155,-0.5300749958186043,NA,0.5960599345640852,0.07772244705569545,0.2893119949969797,3.18443919885787e-21,NA,58,59,59,0.021909671338075695,0.2539647238824405
ENSG00000251532.1,CTD-2245E15.3,0.5297917826203938,NA,0.5962563032437507,0.07819546564685972,0.09819848769205997,3.2431001493615354e-07,NA,63,71,71,6.624445749191574e-05,0.29344050436831703
ENSG00000238243.3,OR2W3,-0.5296639259918107,NA,0.5963449635597967,0.021085390464096857,0.0954708969196924,4.3303021398488844e-07,NA,42,42,42,0.20097912156127062,0.0675524707700052
ENSG00000183833.16,MAATS1,0.5293492083339763,NA,0.5965632255114685,0.06047133524585833,0.2441545464101,2.408963995329246e-17,NA,90,92,92,0.004200834853156091,0.24049069360317196
ENSG00000057593.13,F7,-0.5286753104811907,NA,0.5970307072070486,0.011892715409944608,0.04725275719146011,0.00046530796863577156,NA,16,19,19,0.07701639157699568,0.19818681428406146
ENSG00000213672.7,NCKIPSD,-0.5284803887071226,NA,0.5971659551480724,0.012785408960779003,0.1560400301232946,1.2781894141937824e-11,NA,13,14,14,0.16159323222862254,0.02636111658389833
ENSG00000272512.1,RP11-54O7.17,0.5283834757374194,NA,0.5972332041279851,0.12168087311108719,0.3466520733551652,9.712558374560687e-27,NA,19,24,24,0.12128585826914007,0.23033632897004114
ENSG00000105672.14,ETV2,0.5280487631605637,NA,0.5974654913643347,0.019280014945064514,0.05444897716245877,0.00019528872755325614,NA,34,38,38,0.023901851309623565,0.08243953813022771
ENSG00000158161.15,EYA3,0.5278181970566235,NA,0.5976255258571923,0.00842097344390048,0.046156409551711935,0.0005838526089660227,NA,17,18,18,0.00216193915351125,0.0929661787082866
ENSG00000040933.15,INPP4A,0.5274692241351554,NA,0.5978677828293766,0.0022563848204307183,0.017264129105359582,0.03733917341936273,NA,12,12,12,0.008893893371082913,0.08525760716093414
ENSG00000273771.1,RP11-236L14.2,0.5268385863849149,NA,0.5983056846033084,0.002297009638833835,0.015618497312881582,0.048498459233893565,NA,19,22,22,0.008953748588653344,0.0598819287040752
ENSG00000144320.13,LNPK,0.5260410487136815,NA,0.59885968658159,0.012908870737004346,0.015491420362338618,0.048319277405956415,NA,38,40,40,0.0015402054166361763,0.09390025327473324
ENSG00000183092.16,BEGAIN,-0.5260024120259397,NA,0.5988865310961757,0.026353251929318682,0.13774908772365613,1.0294992138494901e-09,NA,29,31,31,6.28651971592289e-05,0.08898437938148981
ENSG00000064545.14,TMEM161A,-0.5258267845389277,NA,0.5990085627861624,0.012277199434449049,0.06354557340392697,5.206031737745943e-05,NA,40,43,43,0.035606922440562475,0.18305107588406008
ENSG00000099814.15,CEP170B,0.5255095406383692,NA,0.5992290227296448,0.003958740394354776,0.1439868659194995,4.1687243574951085e-10,NA,21,26,26,0.00645602328245503,0.050888808014059685
ENSG00000117601.13,SERPINC1,-0.525419606499689,NA,0.5992915266792276,0.08320240753729063,0.06425167976324549,4.6333672915601596e-05,NA,79,83,83,8.049353364957922e-15,0.3284795474956585
ENSG00000185038.14,MROH2A,-0.5246937575671508,NA,0.5997960975378263,0.019545076407365868,0.12319589101721225,1.0682803713221766e-08,NA,80,84,84,0.03836707592733253,0.08328305651318046
ENSG00000163913.11,IFT122,0.5235906816081709,NA,0.6005632641166545,0.02093726177156559,0.16331031982159513,1.584157078037298e-11,NA,25,26,26,0.02196583331061405,0.09226432095696747
ENSG00000165684.4,SNAPC4,0.5234389509475404,NA,0.6006688243523817,0.02272694460364556,0.12624934974887458,3.114650572468311e-09,NA,20,21,21,0.2009025397432952,0.3672893175420128
ENSG00000085982.13,USP40,0.5229344172129641,NA,0.6010198927927832,0.016689445854267064,0.16707223108924135,4.4683708064576746e-12,NA,20,22,22,0.07600237031181635,0.1349344402395808
ENSG00000261064.1,RP11-1000B6.3,-0.5225657927555102,NA,0.6012764503932013,0.016832627699870817,0.06204801397421535,6.490794165384993e-05,NA,12,36,36,0.3299438062502964,0.14123194452245105
ENSG00000186230.6,ZNF749,-0.5223118805028543,NA,0.6014531986110339,0.17813485222947317,0.4725954120828609,3.673831961836942e-41,NA,22,23,23,0.0033049155044294304,0.3904752550751165
ENSG00000132141.13,CCT6B,-0.5221075155433413,NA,0.6015954740051254,0.01622769801251167,0.15444385406973707,2.8844425604320997e-11,NA,20,21,21,0.0046016873295917395,0.08987462631445946
ENSG00000260423.1,RP13-735L24.1,-0.5218981546309334,NA,0.601741243239152,0.034908280254433814,0.14883538062602725,1.2751643128833578e-10,NA,45,49,49,9.858463284690265e-06,0.11700037931012025
ENSG00000100034.13,PPM1F,0.5216416101180563,NA,0.6019198861548999,0.002237125595186186,0.06346188416605272,6.141808698365696e-05,NA,5,5,5,0.3545646613315889,0.0225514418455781
ENSG00000111271.14,ACAD10,-0.5216357242836913,NA,0.6019239849936697,0.003942499928556619,0.02355586771801256,0.015054267364649338,NA,49,55,55,0.020940590575002412,0.09972900427091157
ENSG00000072832.14,CRMP1,-0.521351163319269,NA,0.6021221655380925,0.0026483267465091265,0.0761774580751492,8.360175888141116e-06,NA,4,5,5,0.4276176545676612,0.034786128881212505
ENSG00000136717.14,BIN1,-0.5209381003371869,NA,0.6024098927524335,0.006402314449259986,0.04705346945675081,0.0005236223390696606,NA,17,17,17,0.26768386150045376,0.05454052585270816
ENSG00000271967.1,RP11-134K13.4,-0.5209336655427294,NA,0.6024129822325184,0.005275774228389301,0.04120113480750797,0.0012384473564817102,NA,7,7,7,0.3250871901252076,0.03494502948099139
ENSG00000147813.15,NAPRT,0.5209008906323341,NA,0.6024358149512123,0.050231491509786064,0.424440621130818,6.122363010568241e-35,NA,31,34,34,0.006358949942155367,0.1285703480788347
ENSG00000171291.8,ZNF439,0.5196930443066865,NA,0.6032775356877251,0.015011158778889273,0.03943842296061655,0.001696799364284131,NA,21,21,21,0.16649360635597488,0.08935338248817297
ENSG00000145214.13,DGKQ,0.5192982399098671,NA,0.6035527805819538,0.06998325703562111,0.4461815109425764,3.298625395721926e-37,NA,29,31,31,1.7903155856650486e-09,0.21286217646369188
ENSG00000108509.20,CAMTA2,-0.519194632373313,NA,0.6036250217653298,0.011070578955208226,0.11973469998263656,1.5472393613548213e-08,NA,37,40,40,0.03595708896529152,0.12221680481468924
ENSG00000168495.12,POLR3D,0.5190460462168079,NA,0.6037286314339414,0.008736661193117345,0.014706484952685303,0.049575597749470436,NA,28,35,35,0.00016701604713977096,0.2412044234169018
ENSG00000215915.9,ATAD3C,0.5188792096409217,NA,0.6038449767099883,0.021701737922834197,0.10722374509755282,8.590370296010763e-08,NA,18,24,24,0.031619459054087515,0.16943154717372064
ENSG00000197355.10,UAP1L1,0.5186672269782837,NA,0.6039928196229668,0.0024361787032448016,0.029801433639226438,0.006222354738158435,NA,13,14,14,0.034767019804888236,0.059231442179042276
ENSG00000142396.10,ERVK3-1,0.5186049023686081,NA,0.6040362897223006,0.025850340216044355,0.07734198939932962,5.58970541735377e-06,NA,51,56,56,0.0051381016233055295,0.18513511824576456
ENSG00000142798.17,HSPG2,0.5184844378284292,NA,0.6041203151779785,0.01080335875358443,0.07432129449631385,8.787055092177616e-06,NA,33,33,33,0.004973986249140119,0.044063844991594416
ENSG00000113356.11,POLR3G,0.5184470495948404,NA,0.6041463949847667,0.023454537445901924,0.1798997373193122,6.718883035795838e-13,NA,27,27,27,0.2134699210502199,0.03626348351117302
ENSG00000115718.17,PROC,-0.5179285380684889,NA,0.6045081298771071,0.007553621540391385,0.04099617040232459,0.0010679665434799835,NA,34,35,35,0.0011890774694024377,0.12181918458653446
ENSG00000264443.1,RP4-594I10.3,0.5177774970137595,NA,0.6046135205835717,0.011877570279890235,0.058403198103909426,0.0001158792933937742,NA,23,23,23,0.0878199664432095,0.05932627405483552
ENSG00000092096.16,SLC22A17,0.5173148860819491,NA,0.6049363641822676,0.001059909785676057,0.01910799432390557,0.029524522276855605,NA,2,2,2,0.5932236949403087,0.09658533230719736
ENSG00000254427.1,RP11-430H10.1,0.5169375953686806,NA,0.6051997223293026,0.021100244449241086,0.1018794767938995,2.563664394692296e-07,NA,15,16,16,5.79172619609948e-05,0.14321873895292958
ENSG00000164327.12,RICTOR,-0.5169116567638707,NA,0.605217829997484,0.004485804290185556,0.02319438807116974,0.01607792932913223,NA,40,40,40,0.0020425323281417734,0.05763744614384375
ENSG00000116990.10,MYCL,0.5168407925816462,NA,0.6052673013245242,0.02530789133737291,0.2342754600092773,1.2369081349335911e-16,NA,8,8,8,0.46456095396414776,0.05796304147138926
ENSG00000166548.15,TK2,-0.5165260742064247,NA,0.6054870327376696,0.01905706960352259,0.1688738066706253,5.8381069528642085e-12,NA,26,27,27,0.04587147479801907,0.09035177462937073
ENSG00000092203.13,TOX4,-0.5162342025852114,NA,0.6056908448340705,0.001238042114253725,0.04827202173003228,0.0004726316434057327,NA,30,30,30,0.19511096740650435,0.027242994719758443
ENSG00000127616.17,SMARCA4,0.5159733309008467,NA,0.6058730358640518,0.0010222141812214684,0.01696730957818851,0.040392093006817086,NA,9,10,10,0.04405614450561279,0.0262165806138485
ENSG00000170074.19,FAM153A,0.5152832925401855,NA,0.6063550722236583,0.10205999091140137,0.2041431556893666,1.943702433078109e-14,NA,73,85,85,1.1578139067584807e-07,0.18889213454081472
ENSG00000172057.9,ORMDL3,-0.5150764793398195,NA,0.6064995779970123,0.0023905616250937574,0.01855672136758885,0.031569212062971336,NA,27,29,29,1.8680783556555435e-06,0.2804636947751232
ENSG00000205309.13,NT5M,0.5138079615110657,NA,0.6073862610847167,0.01610475328632472,0.07864028669995422,4.424773246036363e-06,NA,25,26,26,0.01730506199926961,0.1736197676408
ENSG00000108515.17,ENO3,-0.513741262116794,NA,0.6074328993964168,0.0123132426781948,0.034936922594306884,0.002596536703358126,NA,29,35,35,0.08576675536278171,0.07468882163680594
ENSG00000141965.4,FEM1A,-0.5136895717312439,NA,0.6074690440369241,0.016523548643886957,0.06793804419480104,2.9112251330858698e-05,NA,31,38,38,0.006297476625599905,0.1652629221929518
ENSG00000100055.20,CYTH4,0.5133222903089998,NA,0.6077258941879545,0.00853180439667892,0.11565684767394377,2.7673428480843137e-08,NA,30,35,35,2.632005991856623e-09,0.22620821821897774
ENSG00000173281.4,PPP1R3B,0.5132116883904384,NA,0.607803250685981,7.972141340856661e-05,0.06271915693294501,6.0435267258382884e-05,NA,4,6,6,0.5556122888719239,0.017358406977209927
ENSG00000187260.15,WDR86,-0.513152262049274,NA,0.607844816097162,0.0037499131385420733,0.025993101522204663,0.009860435885777407,NA,5,5,5,0.5425325200399516,0.044310580605014215
ENSG00000260604.2,RP1-140K8.5,0.5130529436026581,NA,0.6079142866405695,0.003739925198058903,0.0463798256869566,0.0006271437492748796,NA,3,3,3,0.5576949458289007,0.05056706285937553
ENSG00000072609.17,CHFR,0.5129825322573763,NA,0.6079635395998259,0.001781338475829364,0.024421109273929053,0.013430530306858769,NA,8,8,8,0.5226912218842077,0.0401720972242366
ENSG00000042445.13,RETSAT,0.5129168482887326,NA,0.6080094873480231,0.007725649643177492,0.06156123187338375,5.788808054784702e-05,NA,61,65,65,0.014342123036936967,0.2515581780272694
ENSG00000120149.8,MSX2,0.5128195403879234,NA,0.6080775597545867,0.015415964514703243,0.04841153247000531,0.0004269653067956025,NA,38,44,44,0.058388249678296984,0.15105142014212247
ENSG00000075223.13,SEMA3C,0.5127972309999509,NA,0.6080931669180045,0.0067403434812851,0.02494758843277135,0.0125188622587264,NA,41,44,44,4.901441162805324e-08,0.03311773151109053
ENSG00000228065.10,LINC01515,0.5116604848284585,NA,0.6088886460627981,0.03522318405430603,0.1386832636321812,8.285759574912739e-10,NA,75,75,75,0.00011034843140556554,0.09004574337328328
ENSG00000196072.11,BLOC1S2,0.5110530206768982,NA,0.6093139308088978,0.0034779692561496085,0.05682648541016187,0.0001348201081403266,NA,25,26,26,0.12174892539645353,0.021543672842735048
ENSG00000205307.11,SAP25,0.5107070994778434,NA,0.6095561687392692,0.014719440029168439,0.16896605449583685,6.586133231499314e-12,NA,29,30,30,0.019126795058156038,0.13541407092771562
ENSG00000137074.18,APTX,-0.510474705293024,NA,0.6097189312441863,0.026679191920495813,0.12097241631034003,8.824300614568384e-09,NA,35,39,39,0.033674743095806446,0.0815906139240299
ENSG00000125869.9,LAMP5,-0.5100586495668047,NA,0.6100103734756985,0.0025513434357512686,0.024474795231255973,0.013753603591852835,NA,6,7,7,0.35381712338550086,0.07953176681728066
ENSG00000117054.13,ACADM,0.5098011759826558,NA,0.6101907617336144,0.02933740186564363,0.3511067176772337,2.2080398980944482e-26,NA,37,37,37,0.3362975958504326,0.027604398549355227
ENSG00000100726.14,TELO2,0.5089887335482399,NA,0.610760121252945,0.02185738713025194,0.22429200848018252,4.592451115149305e-16,NA,6,6,6,0.49817889527490744,0.2681163703181338
ENSG00000074660.15,SCARF1,-0.5088696092280217,NA,0.6108436233588262,0.006781555122098322,0.03713785365128984,0.0021002476959288106,NA,21,22,22,3.086674220082918e-08,0.05722790249503601
ENSG00000072736.18,NFATC3,-0.5082409166695436,NA,0.6112843993396387,0.008237973231415261,0.04638660520812507,0.0005392758848404956,NA,52,53,53,0.007777874767584953,0.06915597924826881
ENSG00000143353.11,LYPLAL1,-0.5080216452409037,NA,0.6114381635471667,0.0022404039128969704,0.017457022807583662,0.037257491930854925,NA,35,35,35,0.02253918542810712,0.015267785211317138
ENSG00000134470.20,IL15RA,0.5079596092748453,NA,0.6114816694107101,0.0030941588181103066,0.05209999863392649,0.00028782985321247607,NA,8,10,10,0.08287110105437188,0.036876483492622236
ENSG00000198105.13,ZNF248,0.5078962808592541,NA,0.6115260830840645,0.0031150063568185365,0.07609132125616945,7.078085967154515e-06,NA,58,59,59,0.02162569744800337,0.08528996293477592
ENSG00000124615.17,MOCS1,-0.5078168990608405,NA,0.6115817573813884,0.0027322123536028505,0.02870893629406751,0.007140151531641156,NA,13,13,13,0.30775651282237715,0.022840258020368636
ENSG00000261126.7,RBFADN,0.5073119910636616,NA,0.6119359263229694,0.09827070072654993,0.4040726943165861,2.0481850359451157e-32,NA,23,23,23,0.0002838410341458425,0.09726043856501812
ENSG00000106443.15,PHF14,-0.5072040798193684,NA,0.6120116326976657,0.016031014840140988,0.041713728919601435,0.0006661280371217287,NA,34,35,35,1.6884855541320532e-06,0.05693265699221608
ENSG00000270127.2,RP11-526I2.5,-0.5066570560994202,NA,0.6123954672102605,0.35374465638302455,0.7030059140858627,3.516006733742916e-80,NA,39,43,43,0.01467639692173552,0.3917926224887551
ENSG00000129083.12,COPB1,0.5060833290449681,NA,0.612798153177083,0.0034198087009598356,0.0862468258997288,1.1852339380485216e-06,NA,24,25,25,6.111067110910523e-05,0.09854876951125788
ENSG00000185019.16,UBOX5,0.5060270553841548,NA,0.6128376566783558,0.003501343877521082,0.031460736113457836,0.004313939941851443,NA,12,14,14,0.0004160318086114242,0.06517416904844495
ENSG00000141576.14,RNF157,-0.5058903688549076,NA,0.6129336138280066,0.010005226559071503,0.12525417372489453,3.8723707610142455e-09,NA,21,23,23,0.010138945177156581,0.033449132161363734
ENSG00000145416.13,MARCH1,0.5054105241339961,NA,0.6132705286034998,0.06229589233658221,0.3385132448164703,1.9958045719349323e-25,NA,20,22,22,0.49542497870253255,0.062354252577303926
ENSG00000132970.12,WASF3,0.50532906242123,NA,0.6133277336695071,0.002163007308296987,0.02706099730269189,0.009485473118806728,NA,22,24,24,2.872927572184548e-05,0.040002777086160936
ENSG00000104883.7,PEX11G,-0.5053049987871824,NA,0.6133446323870974,0.00238854439398553,0.05049275262320036,0.00027900873772442346,NA,13,14,14,0.13922161677046677,0.053442115267151855
ENSG00000227471.8,AKR1B15,0.5048285566809759,NA,0.6136792567617522,0.043330427697016644,0.3371438399561448,3.1183431765635893e-25,NA,14,16,16,0.19721673785099947,0.07318200681888005
ENSG00000173113.6,TRMT112,0.504647357711773,NA,0.613806541186649,0.003194279385160518,0.06546629052792133,2.9854407727272618e-05,NA,25,26,26,0.07712914421463099,0.055309738022129226
ENSG00000272426.1,RP11-108M9.6,-0.5044410201107978,NA,0.6139514985848575,0.04725384346695036,0.01835661715893092,0.033363785811701185,NA,71,85,85,0.018942451617961188,0.2633981298095396
ENSG00000187134.13,AKR1C1,-0.5041661261256666,NA,0.614144642022445,0.003158954425835092,0.04891051451042202,0.0004491226968243709,NA,66,77,77,0.03001211454390524,0.03851732011035621
ENSG00000164902.13,PHAX,0.5037798570093587,NA,0.6144160840455418,0.002768745111577259,0.02731664844394569,0.009136456256877952,NA,45,45,45,0.13126985874124525,0.02977641238541012
ENSG00000141252.19,VPS53,-0.5035387253678322,NA,0.6145855607227071,0.06597814356995704,0.4246939888439662,1.4239639173967702e-34,NA,46,55,55,0.00010696438753744674,0.12585658358177468
ENSG00000120256.9,LRP11,-0.5032739368573637,NA,0.6147716880717534,0.013636109226095428,0.05643861759381056,0.0001339826643325413,NA,39,41,41,2.476796974690324e-05,0.12306233774206506
ENSG00000162402.13,USP24,-0.5032273408984284,NA,0.614804444258868,0.0027153328750422166,0.0793985795543536,4.750547148095099e-06,NA,8,8,8,0.5812332339605009,0.025074770489171914
ENSG00000275764.1,RP11-582E3.6,0.5025128226391414,NA,0.6153068349188955,0.03358162281751439,0.23787771047463174,3.621901269024488e-18,NA,87,91,91,0.00898191546148535,0.10242483672371301
ENSG00000132911.4,NMUR2,0.5023080598921609,NA,0.6154508405634947,0.0892958801890516,0.18233116669920435,6.417426222181569e-13,NA,141,146,146,5.575370638623196e-11,0.2268205659217314
ENSG00000164054.15,SHISA5,0.50202718478865,NA,0.6156483986368588,0.0073483782565153585,0.06751231311245086,3.174720523160475e-05,NA,44,45,45,0.0018070639349204378,0.28166728130113106
ENSG00000157734.13,SNX22,-0.5013238435514457,NA,0.6161432273391214,0.007309702177368917,0.02996896305729688,0.0059854967769965295,NA,26,27,27,8.669015105120469e-11,0.1035277986129794
ENSG00000171130.17,ATP6V0E2,0.5011922583495974,NA,0.6162358221770884,0.019150397549066896,0.2143254399399623,4.0053366962078615e-15,NA,13,16,16,0.12591797556222536,0.1003670822731728
ENSG00000274373.1,RP13-714J12.1,0.5009978034162532,NA,0.6163726688279637,0.02229288518573589,0.05334255011100807,0.00020216287844701013,NA,19,20,20,0.18889823727224486,0.13120871188066655
ENSG00000270058.1,RP11-514D23.3,0.5003047761804175,NA,0.6168604915547815,0.0069531787167053894,0.052750057453715686,0.00022280485919251846,NA,8,9,9,0.558467898420528,0.08793486540458784
ENSG00000106477.18,CEP41,0.5002279787050181,NA,0.6169145598076342,0.005008026998117753,0.04561261931209275,0.0006776310790142962,NA,32,40,40,0.04170739872396627,0.13203246207271538
ENSG00000109536.11,FRG1,-0.5002215700486571,NA,0.6169190718317898,0.002614413879536869,0.053075565483025104,0.0002422564644339231,NA,20,29,29,0.008545546609023257,0.023811412028865414
ENSG00000127415.12,IDUA,0.5000907996886194,NA,0.6170111440592679,0.008780703432674647,0.16154016410085922,1.9543029037769227e-11,NA,23,24,24,9.083402739669022e-11,0.047900516326481415
ENSG00000170482.16,SLC23A1,0.49941485487571124,NA,0.6174871563257809,0.01636327020443069,0.14661005805576394,3.0966524362127814e-10,NA,5,5,5,0.3922209501653131,0.11106844807507957
ENSG00000143575.14,HAX1,-0.4992229120475005,NA,0.6176223551585844,0.0043770663786141285,0.03812325237620955,0.0016643742079593745,NA,22,25,25,0.07773219017278786,0.0790666839700212
ENSG00000171824.13,EXOSC10,-0.49867539427612056,NA,0.6180080816047588,0.014918455480537749,0.1562512600687419,6.475809688789031e-11,NA,12,12,12,0.622989474216499,0.02656734711412353
ENSG00000088035.15,ALG6,-0.49850386829385596,NA,0.6181289433863095,0.003261825379802942,0.07733802767639728,6.0884826530074e-06,NA,40,41,41,0.13903021381082153,0.02608087402132939
ENSG00000076650.6,GPATCH1,0.4981945181329052,NA,0.6183469458856163,0.0059420391532261215,0.0571663584208362,0.0001140555383414099,NA,11,11,11,0.1484519777563352,0.03286476759907245
ENSG00000218739.9,CEBPZOS,-0.49724362290108376,NA,0.6190172626428023,0.009057436703494985,0.06279794189951954,6.538456779279138e-05,NA,29,29,29,0.030140262348836787,0.08493420368891394
ENSG00000074935.13,TUBE1,-0.49723605049368097,NA,0.6190226019502628,0.021456022922919864,0.0445565352017105,0.0006751451497209447,NA,72,75,75,0.030441957162006532,0.0996173952946997
ENSG00000183486.12,MX2,0.49717543553729454,NA,0.6190653423045611,0.00960176774744986,0.034377842890905015,0.003321688059076617,NA,26,30,30,0.06448500073160136,0.33970384424933364
ENSG00000124207.16,CSE1L,-0.49691126746933023,NA,0.6192516255089924,0.010389602715632506,0.09324072290394754,6.967001378821293e-07,NA,53,53,53,0.04640632059319177,0.07289909791292466
ENSG00000155530.2,LRGUK,-0.4968950131291074,NA,0.6192630883690133,0.05805215068945531,0.2637906921636182,4.58772781156775e-19,NA,16,16,16,0.02201590162186635,0.20473427404893751
ENSG00000251209.7,LINC00923,-0.49674194045217207,NA,0.6193710425803844,0.018524970668866325,0.045633924153804316,0.0006152875881327236,NA,39,46,46,4.087216311767947e-06,0.1439485671543517
ENSG00000242516.1,LINC00960,0.49673279415429517,NA,0.6193774932493119,0.01129411827123027,0.3590386652888877,1.0401998141460117e-27,NA,17,34,34,0.021517274537991505,0.16420659067540408
ENSG00000265933.5,LINC00668,-0.4962851356215761,NA,0.6196932521036231,0.09121417323900825,0.0420266032189622,0.0010566452424786222,NA,111,133,133,1.2220100016901314e-07,0.43405040552024304
ENSG00000142632.16,ARHGEF19,0.4961986615788602,NA,0.6197542552181599,0.017542140545087247,0.20642556046292135,7.235011599817921e-15,NA,14,14,14,7.866171315689459e-06,0.07211841492389559
ENSG00000130227.16,XPO7,0.49593897300232453,NA,0.6199374682602288,0.005165366471311878,0.01755649816900242,0.037249808740733525,NA,30,30,30,0.00333951622573101,0.034013917877919665
ENSG00000162461.7,SLC25A34,-0.4958155940595433,NA,0.6200245216809646,0.008635090812724922,0.04873732777287354,0.0004531371534348539,NA,23,23,23,0.30792378843629387,0.027894898364474625
ENSG00000172717.15,FAM71D,0.4957265763114337,NA,0.6200873339191131,0.012883054472055355,0.018867314287564555,0.028940288429661738,NA,38,38,38,1.0401882392458786e-06,0.054415531939916495
ENSG00000197496.5,SLC2A10,-0.495538074632258,NA,0.6202203526377772,0.0033160014952427755,0.028287973431970256,0.007466686625495506,NA,14,15,15,0.4381755283732619,0.09533968354816508
ENSG00000206530.10,CFAP44,-0.4953041063425121,NA,0.620385472757846,0.007384088570708042,0.08919598155426055,1.2855346673470562e-06,NA,21,21,21,0.019734279018527867,0.04825270674054663
ENSG00000095321.16,CRAT,-0.4948686174993118,NA,0.6206928643766995,0.011952130660873543,0.11151059102659587,4.134667928531904e-08,NA,46,46,46,0.006022039340812215,0.07559887947072175
ENSG00000135968.20,GCC2,0.4948197852767176,NA,0.6207273369368451,0.025354945253223342,0.2602331039213279,4.436580200860809e-19,NA,24,26,26,2.4095750135029893e-05,0.12602647419419885
ENSG00000277147.4,LINC00869,-0.494641021762177,NA,0.6208535401416966,0.003590429745356049,0.03394909699145756,0.003453576061131855,NA,15,27,27,0.15700609227487772,0.14151114033865927
ENSG00000273265.1,RP11-353K11.1,0.49415492069101796,NA,0.6211967734896419,0.02986025564996605,0.025963064742915504,0.010860689083249584,NA,21,22,22,0.00529748006670391,0.2937495584147209
ENSG00000182973.18,CNOT10,-0.4937886161274409,NA,0.6214554736521647,0.002633769975829014,0.0330125480212239,0.003777892273527011,NA,13,24,24,0.0009522406509218966,0.0581601227809373
ENSG00000103202.12,NME4,-0.4937797379423415,NA,0.6214617443923279,0.0018618332388009918,0.06636794078660799,3.5520566203338343e-05,NA,9,10,10,0.30394175424895786,0.03710008602410612
ENSG00000053747.15,LAMA3,0.49368845614388335,NA,0.6215262191230838,6.646128178279049e-05,0.02362814169440277,0.013526061459572431,NA,5,6,6,0.41355712501955044,0.016263144350064963
ENSG00000269190.5,FBXO17,0.49346167402771207,NA,0.6216864138613287,0.0036959748560404793,0.07744197807294742,7.296925018534189e-06,NA,17,20,20,0.03221064100459518,0.06894524801026057
ENSG00000248485.1,PCP4L1,-0.49336561483427716,NA,0.6217542737239248,0.0017764194286474062,0.015207667179125462,0.049294132778504016,NA,7,7,7,1.6830507333664198e-05,0.05417862216741255
ENSG00000164713.9,BRI3,-0.49266974802636726,NA,0.6222459564727556,0.0016038935295478187,0.06178747389942708,5.270473673795721e-05,NA,8,9,9,0.24712975682298854,0.02804209337044531
ENSG00000165271.16,NOL6,-0.4925073111377762,NA,0.6223607547486252,0.018027439287413002,0.09259717356789132,7.63772249858631e-07,NA,55,59,59,0.00018189731631657342,0.0761728779549671
ENSG00000178252.17,WDR6,-0.49244214111149814,NA,0.6224068146435375,0.05050448785644056,0.2798578076017345,1.873464992730904e-20,NA,45,45,45,0.005519448877766512,0.1343883946247569
ENSG00000112599.8,GUCA1B,-0.4915371533466209,NA,0.6230465810623538,0.02780654528786932,0.0804388442604222,5.105848686519042e-06,NA,35,39,39,8.241617782860417e-05,0.21696326713451208
ENSG00000143867.6,OSR1,0.49116497403198267,NA,0.6233097698177329,0.0024232197450866754,0.07357486021334758,1.1615206428167586e-05,NA,7,7,7,0.504314193001242,0.03447816487582148
ENSG00000221983.7,UBA52,-0.4906236940236339,NA,0.6236926249737602,0.007127260810600703,0.10161860962295204,1.8207192476694747e-07,NA,21,21,21,1.8656908125124058e-08,0.027570552170226043
ENSG00000167136.6,ENDOG,0.49032122678798007,NA,0.6239066087043754,0.022095702349876754,0.0945439268459326,4.652953626368947e-07,NA,37,46,46,0.044364337398217005,0.13253801018448244
ENSG00000225880.5,LINC00115,0.49009133861225335,NA,0.6240692668193757,0.014949712363440368,0.14994833567925753,5.346590466165593e-11,NA,5,5,5,0.4229629303367398,0.28282797963174056
ENSG00000136514.2,RTP4,-0.4900419934837779,NA,0.6241041835124324,0.012175212405652275,0.16386638309087173,1.1768924689676046e-11,NA,15,15,15,2.0331699476621486e-07,0.0490105473122014
ENSG00000130511.15,SSBP4,-0.48981720079305746,NA,0.6242632578688897,0.003879900659707253,0.10003031652871737,3.295848494643601e-07,NA,33,37,37,8.830550518773719e-20,0.03294568709719324
ENSG00000115947.13,ORC4,0.4897582082772824,NA,0.6243050067743351,0.009523726414008341,0.07944680358389421,4.330873655649933e-06,NA,25,27,27,4.4753130301850195e-07,0.21677357135725867
ENSG00000277782.1,RP11-775C24.5,-0.4893890339029101,NA,0.6245662982553026,0.03722742609249084,0.13613529409123692,1.1406524376616215e-09,NA,11,11,11,0.028218684710790528,0.07812922425617527
ENSG00000086504.15,MRPL28,-0.48906336346678575,NA,0.624796838039051,0.007659510570843655,0.08758111839499375,1.5895567844587318e-06,NA,17,19,19,4.0395333620703085e-10,0.1226905390983642
ENSG00000183346.6,C10orf107,-0.4890253921368621,NA,0.6248237200639761,0.11571815583951917,0.3006979718792339,2.3247939442073206e-22,NA,50,52,52,0.00025663547223541783,0.1299817238473095
ENSG00000140463.13,BBS4,0.4885509604450368,NA,0.6251596388253302,0.0021509363185526634,0.05149562928717008,0.00029502774883836334,NA,6,6,6,0.44519295820693616,0.052996930395746836
ENSG00000015676.17,NUDCD3,0.48795388125601463,NA,0.6255825081356836,0.006232782080155917,0.12566211205128344,6.211906526883389e-09,NA,9,9,9,0.3123405995541759,0.020002706299784755
ENSG00000180881.19,CAPS2,0.48781496610670466,NA,0.6256809096655565,0.011663877847362948,0.10266676876325742,1.6888275352470427e-07,NA,37,37,37,0.13540894104482062,0.017474468162290188
ENSG00000028203.17,VEZT,-0.48721237934305467,NA,0.6261078334499133,0.0011838220673908411,0.03927662889220576,0.0013949949125405016,NA,2,2,2,0.6266712894952859,0.12402659650212187
ENSG00000101574.14,METTL4,-0.48683934498348164,NA,0.6263721855904333,0.0027139852215304454,0.04208155214919817,0.0010573267390657436,NA,4,4,4,0.5232946263716756,0.0461268765354829
ENSG00000154928.16,EPHB1,-0.4863495779810044,NA,0.6267193336340482,0.02731394319509904,0.2280764074336052,1.231464728401977e-16,NA,26,26,26,0.11382065273000443,0.19753946052751287
ENSG00000070770.8,CSNK2A2,0.4861231692174391,NA,0.6268798406723772,0.0008099468813843663,0.06171483879466956,6.886846549733825e-05,NA,8,9,9,0.23390180934403404,0.036737415423926834
ENSG00000146072.6,TNFRSF21,0.48560773008528285,NA,0.6272453147093711,0.003494736547550994,0.03645208761053465,0.002372706111558057,NA,25,25,25,0.10793384328084972,0.021354640046021167
ENSG00000221823.10,PPP3R1,-0.4853412347511726,NA,0.6274343101032926,0.003934353601403861,0.0831415018597931,3.492833036342317e-06,NA,62,66,66,3.8680938167732366e-05,0.044929764717174664
ENSG00000149273.14,RPS3,-0.48516730498479926,NA,0.6275576722571228,0.010404345955929959,0.2122793491349332,1.4387911167529024e-15,NA,12,12,12,0.003724532791985652,0.14178276934883238
ENSG00000133710.15,SPINK5,0.48451035384737096,NA,0.6280237180660946,0.03820024503914895,0.2380730715724617,3.686516788140421e-17,NA,25,25,25,0.04759288383143423,0.0832391351558744
ENSG00000169567.11,HINT1,-0.4842657073792862,NA,0.6281973099317617,0.0028265593337030385,0.04005073519671705,0.0010879657552353456,NA,10,10,10,0.42614411620328163,0.041264810015085585
ENSG00000100714.15,MTHFD1,0.48418213161501356,NA,0.6282566168415653,0.006983842850131998,0.10572397322985637,1.405780858754387e-07,NA,26,27,27,0.0020068612298530307,0.07913782135938903
ENSG00000067248.9,DHX29,-0.4837751974251371,NA,0.628545419162929,0.010310884547130562,0.0617924256252214,7.324932692141529e-05,NA,67,73,73,0.003777578693105674,0.05960511066069508
ENSG00000198792.12,TMEM184B,-0.4837048719467503,NA,0.628595335113055,0.0019809814156971136,0.01928084561293842,0.028426710224434194,NA,6,7,7,0.5222317435812833,0.06110538286208465
ENSG00000117122.13,MFAP2,-0.48323868120894065,NA,0.6289262731042438,0.0023030995360463578,0.05314953226767628,0.0001876909745417893,NA,20,20,20,0.32870803924262293,0.031860022875676755
ENSG00000127481.14,UBR4,-0.4826166630582836,NA,0.6293679454642158,0.001891683593444999,0.07271254979757795,1.6750024939554505e-05,NA,6,6,6,0.5485030814612524,0.03395248362855033
ENSG00000121716.20,PILRB,0.4823221689670228,NA,0.6295771012195301,0.12344654937846727,0.5629852570674828,7.178414728246207e-54,NA,22,23,23,0.19087974895815107,0.10970155784893744
ENSG00000169599.12,NFU1,-0.48222290169272447,NA,0.6296476095736281,0.00891627154665121,0.024756855779733727,0.012998892344529436,NA,16,17,17,2.0928203169636422e-05,0.2810712330635199
ENSG00000125755.18,SYMPK,-0.48157686441799485,NA,0.6301065645379481,0.001517149804154099,0.035731798513626394,0.002407328523065529,NA,12,12,12,5.7433047354631417e-05,0.01854242980896349
ENSG00000158113.12,LRRC43,-0.48140725875602175,NA,0.6302270787213791,0.01845146442019107,0.03335938176840581,0.0035667389492357923,NA,29,30,30,0.0055229296967063985,0.14385389411851113
ENSG00000094975.13,SUCO,0.48121647877379103,NA,0.6303626501875994,0.014919304171416358,0.12604276754370886,6.382027159401054e-09,NA,32,33,33,2.5980368720205054e-10,0.04912304090096108
ENSG00000196209.12,SIRPB2,-0.48119330880093036,NA,0.6303791160079676,0.008256675197762043,0.107433956499698,7.860867981892129e-08,NA,24,24,24,0.46493451235068395,0.04615582561182915
ENSG00000271945.1,RP11-354K4.2,-0.481143385205466,NA,0.6304145950055564,0.013189224303622564,0.0598883883415436,9.433815264348602e-05,NA,40,40,40,0.012767446806581763,0.1146871637494217
ENSG00000196975.15,ANXA4,0.48097367926473944,NA,0.6305352056049867,0.0008321041518547847,0.036164430975081735,0.0021576153810808213,NA,13,16,16,0.005140818032435383,0.046242236499740144
ENSG00000137944.17,KYAT3,-0.4806455931097407,NA,0.6307684054832279,0.028671007265673704,0.2416274501494793,4.571564823175504e-17,NA,24,24,24,0.0005111809914461127,0.15637955392714814
ENSG00000184925.11,LCN12,-0.4804201185175728,NA,0.6309286915621994,0.01817157600097902,0.1807535729487842,3.7913968055455063e-13,NA,16,16,16,0.04023736447546697,0.0936458749149462
ENSG00000124767.6,GLO1,0.4803319349105197,NA,0.6309913845226769,0.0029792211367588944,0.020956202965524612,0.02158769728494915,NA,33,33,33,0.08472827214705765,0.4092771860418936
ENSG00000113971.19,NPHP3,0.48009003724614513,NA,0.6311633720764032,0.07674287855154915,0.5309424749992512,1.1800481872707534e-47,NA,11,11,11,0.2956498165140974,0.15392047877537068
ENSG00000104472.9,CHRAC1,-0.4799197478663662,NA,0.631284458619467,0.008622689942663377,0.16216078259928238,1.1113420746882996e-11,NA,4,4,4,0.5874214283579662,0.07501232675731058
ENSG00000138814.16,PPP3CA,-0.4796560578589683,NA,0.6314719784547653,0.0011451760974032744,0.06697138504550001,3.0168690067408397e-05,NA,4,4,4,0.5438050721157762,0.02650493917322566
ENSG00000138030.12,KHK,0.47952221808146867,NA,0.6315671660061415,0.05483879379925448,0.2550902234283041,2.7907666996158048e-18,NA,16,16,16,0.5646371555294627,0.06419939473602708
ENSG00000162604.12,TM2D1,0.4791871938953828,NA,0.6318054637468448,0.0027656446399256978,0.06057168613009856,6.522045310185308e-05,NA,3,3,3,0.2748932021519679,0.05433144055369151
ENSG00000217930.7,PAM16,0.47906855605877735,NA,0.6318898582566113,0.006753700846227049,0.043527516402555234,0.0009151973840592356,NA,4,4,4,0.6127330633803477,0.11775982506991578
ENSG00000170759.10,KIF5B,-0.4783759182653224,NA,0.6323826705410545,0.005846582743114838,0.029274412841963582,0.006713422566135032,NA,68,71,71,0.03452827461168144,0.09125110600630444
ENSG00000075131.9,TIPIN,-0.47832966879671807,NA,0.6324155828896304,0.07982143193385909,0.3237935288049166,4.871660605466766e-24,NA,63,63,63,6.30293753035468e-05,0.08805624999503828
ENSG00000176208.8,ATAD5,0.478128738812871,NA,0.6325585784478931,0.005279373568280562,0.02232910554484241,0.016919629942339975,NA,46,49,49,0.0005228031940583643,0.16302340541307533
ENSG00000173226.16,IQCB1,-0.47691190156530466,NA,0.6334248566644427,0.14154905840625825,0.4487166204386053,1.1158771040916383e-37,NA,45,46,46,0.004650866029175714,0.20140232350581855
ENSG00000007341.18,ST7L,-0.4767705257304758,NA,0.6335255361151759,0.06424958099433309,0.3097527889513084,1.3848162040894223e-23,NA,16,16,16,0.17562220372639126,0.032600262646530716
ENSG00000109832.13,DDX25,0.4767123025093187,NA,0.633567001199163,0.042814080106428294,0.21436822296886054,5.181708846414154e-15,NA,7,7,7,1.5293544240888578e-08,0.13022528168004538
ENSG00000070018.8,LRP6,-0.47635408133597773,NA,0.633822142445749,0.01345115052073607,0.06446476246059178,4.350848472383725e-05,NA,47,56,56,5.083025536082686e-12,0.1244775082679888
ENSG00000166743.9,ACSM1,0.4750026849810449,NA,0.6347850595238871,0.09741628234448987,0.4023877784285875,2.1365898378313987e-32,NA,33,35,35,0.023081077504536435,0.0640017119184517
ENSG00000236849.5,LINC01474,-0.4744473307205225,NA,0.6351809481554301,0.011447591718569352,0.07266535708988296,1.3368523586667098e-05,NA,16,17,17,0.24662992665275418,0.030992790087490087
ENSG00000116922.14,C1orf109,0.4741647157125574,NA,0.6353824525355116,0.006594371115674369,0.06437247043219939,4.560902470834951e-05,NA,32,35,35,4.4194538461512605e-05,0.04877457926402117
ENSG00000188817.7,SNTN,-0.4737621379986906,NA,0.6356695369022356,0.01165106644600385,0.1313810590013296,2.5427004552856064e-09,NA,25,28,28,0.01612079746005653,0.14016533756199584
ENSG00000226380.9,AC058791.1,0.4736109418846408,NA,0.6357773713263053,0.008052158802580875,0.08291701766049886,2.677476752249771e-06,NA,37,41,41,0.006997538051252131,0.1219839810852883
ENSG00000187742.14,SECISBP2,0.47329493358114566,NA,0.6360027762154021,0.0050302261443979195,0.022332942556118528,0.017694783363570433,NA,48,54,54,0.00015398934015914566,0.08607392788161525
ENSG00000133983.14,COX16,0.47318975045837636,NA,0.636077809540339,0.014235180986002096,0.1468875836832057,1.812322037609188e-10,NA,25,26,26,0.006358550013984204,0.05061833061627262
ENSG00000088756.12,ARHGAP28,-0.4730717334992542,NA,0.6361620024435604,0.01600207887968056,0.01704625709044395,0.039887248726916485,NA,41,45,45,0.04181875259194105,0.29387983626449915
ENSG00000140092.14,FBLN5,-0.4722417210610046,NA,0.6367542632685821,0.0011242256462729477,0.02987050496588125,0.0063061551800233295,NA,7,7,7,0.04383079616043623,0.03176162416672472
ENSG00000106245.10,BUD31,-0.47214171193675164,NA,0.6368256411161335,0.0019307625934333675,0.020603197878665137,0.021518419510279208,NA,22,24,24,0.18436903980995656,0.03265307710287549
ENSG00000130513.6,GDF15,-0.47151323425214997,NA,0.6372742711517554,0.0010309333739832965,0.023287511153522362,0.015166527104403518,NA,4,5,5,0.4425649125720491,0.04395537236031033
ENSG00000161798.6,AQP5,0.4715053282971676,NA,0.6372799155546552,0.05209453324846185,0.09989554613559903,2.7299428798377016e-07,NA,106,119,119,2.4825914079688233e-07,0.2812148882266576
ENSG00000162433.14,AK4,-0.47145440942665157,NA,0.6373162692407984,0.0008842545751673722,0.017020176323330853,0.038588072867360386,NA,13,14,14,0.2918525090691563,0.00531235611322925
ENSG00000132692.18,BCAN,0.47136675403812256,NA,0.6373788531226221,0.005837071933051262,0.04670424864663431,0.0005402423113038103,NA,20,22,22,0.0024285473587745215,0.11220358803303278
ENSG00000206127.10,GOLGA8O,-0.47129377946400125,NA,0.6374309572214389,0.08490639285503591,0.09150716321078893,1.0897990567300514e-06,NA,58,83,83,0.007366814604995158,0.2968267314771958
ENSG00000049656.13,CLPTM1L,-0.4707936913054954,NA,0.6377880701073451,0.00247675129407775,0.0347490404742976,0.003127590369056269,NA,45,51,51,0.07245268368763473,0.05760200763898773
ENSG00000134330.18,IAH1,-0.4706218354175055,NA,0.63791081179077,0.0031260178033725512,0.07593140137830252,8.583853185315766e-06,NA,14,14,14,0.20755645987734428,0.04289073499603244
ENSG00000089177.18,KIF16B,-0.47043745470269344,NA,0.638042509905665,0.034479362150052026,0.2256420071126853,6.665751784757513e-16,NA,31,31,31,0.000651929518056025,0.0848971763787057
ENSG00000143156.13,NME7,-0.47033956525136755,NA,0.6381124343131963,0.05851975197166695,0.38238998385503176,1.0505142472903452e-29,NA,88,91,91,0.002549663588372336,0.1094185241489919
ENSG00000064703.11,DDX20,0.4702180681415942,NA,0.6381992266245426,0.0019762804915896,0.024048903942696702,0.014120441946873875,NA,19,20,20,7.243032908012152e-06,0.01918415709082574
ENSG00000160439.15,RDH13,0.47002202925410097,NA,0.6383392788316691,0.0023716546185793357,0.03551517905421107,0.0022923826734890986,NA,16,23,23,0.061348081173611596,0.07808857092758241
ENSG00000140538.16,NTRK3,-0.470015529499158,NA,0.638343922544828,0.00475634018278508,0.01797690830876291,0.03399442405697545,NA,17,19,19,0.00049796316187644,0.12822986349009358
ENSG00000135063.17,FAM189A2,-0.4697421284451338,NA,0.6385392652283257,0.010377113492877163,0.14394347328705373,3.350558684326523e-10,NA,9,9,9,0.5437622751449898,0.2316471860658437
ENSG00000087365.15,SF3B2,0.4697417957543079,NA,0.6385395029483231,0.007644340536303926,0.15887667651363724,2.4041262765088468e-11,NA,9,9,9,0.040330130703843066,0.028084451513990825
ENSG00000120071.13,KANSL1,0.4695579973441789,NA,0.6386708394432612,0.03741970173081567,0.19248857711816286,1.8508345415959149e-13,NA,35,55,55,1.9788870438453324e-11,0.19775940575020648
ENSG00000225873.3,LINC00694,-0.46931376583807705,NA,0.6388453770435605,0.007247423825110295,0.04188991654066361,0.0008481961244438651,NA,40,40,40,0.08608614797947066,0.059542745951145275
ENSG00000243811.8,APOBEC3D,0.46890936842204356,NA,0.6391344195933348,0.00826627423146633,0.13323146365370425,1.9753036044761343e-09,NA,13,13,13,6.28184261490193e-07,0.06276152880798873
ENSG00000236423.5,LINC01134,0.46881694675916386,NA,0.6392004855584762,0.0016762051267269955,0.018798697348664174,0.031103898361263514,NA,27,29,29,0.03899937478034722,0.02485238863248569
ENSG00000124275.14,MTRR,0.46802676196395965,NA,0.6397654517810545,0.0008650854552247195,0.029757200396009167,0.006303492617379454,NA,7,9,9,0.3707858555367072,0.021106429496516203
ENSG00000127554.12,GFER,-0.4669850036553949,NA,0.6405106073266666,0.002724496599542523,0.03325173461659298,0.003655669214646965,NA,8,10,10,0.380930150053603,0.07085835840557173
ENSG00000108187.15,PBLD,0.4669234243393555,NA,0.6405546655300443,0.005886445692758766,0.0856633082151512,1.6470343983412788e-06,NA,15,15,15,0.17769115103438526,0.032923135936102715
ENSG00000188227.12,ZNF793,0.4657959714823675,NA,0.641361548936846,0.006992639634291453,0.09825176502497142,3.596170918382925e-07,NA,7,7,7,0.4122011606577891,0.048683015612430935
ENSG00000188505.4,NCCRP1,-0.46524804273889164,NA,0.641753837820449,0.006284562724961849,0.017925263421872138,0.03391192517851415,NA,11,11,11,0.09092274128584102,0.046589549578466685
ENSG00000112787.12,FBRSL1,-0.46524561234829287,NA,0.6417555780783597,0.0017835976298885311,0.041963656969525504,0.0011223630173834028,NA,11,13,13,0.4688383181825456,0.047001878626983636
ENSG00000180861.9,LINC01559,-0.464693757808196,NA,0.6421507791709898,0.0048390654165178446,0.056541169455617074,9.172588043814151e-05,NA,38,41,41,0.0037907908050109147,0.0622320146120993
ENSG00000007171.16,NOS2,-0.4643492157944588,NA,0.642397568382193,0.08030212688041424,0.4320654721511672,6.582193596199325e-35,NA,16,18,18,0.3448656607982443,0.17954037607537535
ENSG00000239998.5,LILRA2,-0.46423762410005515,NA,0.642477507960753,0.00018290429326745135,0.07429986128767736,1.0405027558079477e-05,NA,2,7,7,0.6407983276853764,0.024505654794467282
ENSG00000170006.11,TMEM154,-0.4634735160685783,NA,0.643024993919337,0.0026644037634464325,0.05793451175632916,0.00011333371553073234,NA,7,11,11,0.012586841979074283,0.10929225602392023
ENSG00000140474.12,ULK3,0.4630274364786129,NA,0.6433447011036619,0.006069049917375856,0.10365265712955,1.395154833855767e-07,NA,15,15,15,0.00529198101230137,0.027339224617843588
ENSG00000074071.14,MRPS34,-0.46301976571635395,NA,0.6433501993501005,0.00157390813553007,0.02584228214923756,0.011184494661513044,NA,19,20,20,0.2081572292168733,0.026558484050736488
ENSG00000085871.8,MGST2,0.46293840250863066,NA,0.6434085200453101,0.004672349062115252,0.04081597395624745,0.0012957750768879481,NA,16,17,17,0.048560676975203644,0.10482717476507916
ENSG00000184293.7,CLECL1,-0.46292813384250375,NA,0.6434158807242587,0.013648453551056455,0.07103511308897753,1.627317271282306e-05,NA,24,24,24,0.07108588354622869,0.04445484690293485
ENSG00000177169.9,ULK1,-0.4624923140096127,NA,0.6437283128337997,0.004153183324240943,0.0312605044381251,0.005087093725490017,NA,27,31,31,0.013875085400846603,0.13481048568989626
ENSG00000197536.11,C5orf56,0.4614852118554234,NA,0.6444505287428764,0.00804103885391581,0.08559715913789634,1.3189863377224087e-06,NA,14,14,14,0.15460902966478138,0.03192265352562301
ENSG00000006007.11,GDE1,-0.46143537680963276,NA,0.6444862753126059,0.006401981927799527,0.027774061382495732,0.007611954667585291,NA,39,44,44,0.0030263375597531384,0.09889894717377046
ENSG00000138744.14,NAAA,-0.4614317653311354,NA,0.6444888658502057,0.04214493051511192,0.30936276517024297,8.253716099531154e-23,NA,40,41,41,0.1541454646305833,0.03248900881165219
ENSG00000128791.11,TWSG1,0.461416508338032,NA,0.6444998098407013,0.002736993981921624,0.062195469477567565,6.268833904799939e-05,NA,28,29,29,0.014373800786697071,0.04365615375642115
ENSG00000274209.4,ANTXRL,-0.46140814782507045,NA,0.644505806951162,0.0034575182117112923,0.07429967837718705,7.43707074164765e-06,NA,3,36,36,0.6374708793625813,0.08898619291769677
ENSG00000196611.4,MMP1,-0.46136836653400565,NA,0.6445343429330513,0.003866786037644978,0.01846912011829425,0.03061198405775961,NA,32,34,34,0.011187064620792784,0.03187740941644828
ENSG00000219481.10,NBPF1,0.46096218656836535,NA,0.6448257345899651,0.04427369392605101,0.16453554539732074,4.265314089709212e-12,NA,81,90,90,0.022239951097062623,0.14485960646863807
ENSG00000174808.11,BTC,-0.46058451713956045,NA,0.6450967218714021,0.0010951822358199134,0.0275509742008721,0.00880426736704903,NA,2,2,2,0.6297470332584891,0.03344343748409453
ENSG00000163389.10,POGLUT1,0.45869504153267365,NA,0.6464531752729499,0.12481003264527298,0.4520368217571274,4.053437325175962e-37,NA,53,55,55,0.21436027448818473,0.10143771750971316
ENSG00000232237.3,ASCL5,-0.45865296981416137,NA,0.6464833919342582,0.04354557056657814,0.13449496699357685,6.832718305580492e-10,NA,15,15,15,0.02754641770781918,0.06699773124542185
ENSG00000110435.11,PDHX,-0.4585696565962021,NA,0.6465432306992169,0.0047003907884076365,0.1199912186506892,1.2765769291969354e-08,NA,31,32,32,0.0879499272511997,0.020645807150610075
ENSG00000150201.14,FXYD4,0.45763184031043436,NA,0.6472169641391461,0.031021607009417886,0.2411377723888105,4.6520974164246626e-17,NA,92,96,96,0.0009546244705511864,0.11453658936702987
ENSG00000118004.17,COLEC11,0.45745830191963593,NA,0.6473416669942038,0.014230145506862652,0.036197375157394726,0.002336437908615673,NA,13,13,13,0.013846505262580508,0.1350297448083834
ENSG00000138381.9,ASNSD1,-0.4573202872643602,NA,0.6474408499358699,0.011729256188523107,0.2040085254133399,2.667685300735781e-14,NA,17,17,17,0.5107992647349037,0.0350904203253092
ENSG00000127311.9,HELB,0.457273070225949,NA,0.647474783456393,0.023214442987751827,0.23856748820607104,1.7735467924060967e-17,NA,13,13,13,0.31106146509341936,0.03448025352681305
ENSG00000166938.12,DIS3L,0.45713640544149275,NA,0.6475730046152626,0.03312645818366511,0.29505954137362955,2.0883093579251518e-21,NA,31,32,32,0.0015210913948862969,0.3147535381942932
ENSG00000188672.17,RHCE,0.45679787664728994,NA,0.6478163321249581,0.03369792887124923,0.14880750047770575,6.685705261306997e-11,NA,14,15,15,0.46366630991848545,0.0974072904592764
ENSG00000091490.10,SEL1L3,-0.4566746475078932,NA,0.6479049160301839,0.0004283922927550144,0.01909375351678548,0.029623503611205207,NA,3,3,3,0.3957014012100327,0.02572282547961926
ENSG00000117477.12,CCDC181,-0.456332811454608,NA,0.64815067273992,0.03490940642248164,0.09956216936282716,1.6355856472471863e-07,NA,39,41,41,0.00924857121067331,0.09579435184844803
ENSG00000182362.13,YBEY,0.4557906575924968,NA,0.6485405228469882,0.23884173636214434,0.6052463364528937,1.7084407896235999e-59,NA,69,74,74,0.002906643839072207,0.13186623775873574
ENSG00000186648.14,CARMIL3,-0.45542699077622273,NA,0.64880208110723,0.002647550411572442,0.032998819436161266,0.00379343927430583,NA,16,18,18,0.06783193404225986,0.08791944835944407
ENSG00000107968.9,MAP3K8,0.45510983308351666,NA,0.6490302242118948,0.0020129240583761686,0.03928560726753935,0.001722077657794138,NA,18,21,21,0.1064128579980611,0.09099940551179524
ENSG00000249388.1,RP11-834C11.6,-0.45460804759816037,NA,0.6493912440895551,0.0090864059078797,0.21683778616382607,4.023917530895871e-15,NA,17,18,18,5.638811939100367e-05,0.238062780475892
ENSG00000100304.12,TTLL12,-0.4545803824787607,NA,0.6494111507244786,0.001048461423530906,0.043173855870468486,0.0008242651974223363,NA,4,4,4,0.05662829091225917,0.026436439162181767
ENSG00000112562.18,SMOC2,-0.4545254728098255,NA,0.6494506621118123,0.002362281362095893,0.06527118627611808,4.322682777545128e-05,NA,23,25,25,0.0003520671607267173,0.058680242307544275
ENSG00000149451.17,ADAM33,0.4541852745057143,NA,0.6496954808115936,0.00092347665722217,0.02400734119505496,0.014533812404185359,NA,19,21,21,0.0017786458743943871,0.030300929916779632
ENSG00000155096.13,AZIN1,0.4539182314809594,NA,0.6498876808957934,0.012470143966481642,0.01801606397829662,0.030697098924284606,NA,107,114,114,5.4873398358474194e-15,0.11492349451561674
ENSG00000177757.2,FAM87B,0.4536829625018633,NA,0.6500570314083899,0.04672654276484639,0.10402408257008627,1.3300613621956667e-07,NA,11,12,12,0.4009838000723305,0.4560441204369515
ENSG00000196821.9,C6orf106,0.4526153714132593,NA,0.6508257281951313,0.00024382086057253875,0.03480990657285007,0.0030777050655888378,NA,4,21,21,0.5561451250011127,0.03179972708524018
ENSG00000105479.15,CCDC114,0.4523558487116456,NA,0.6510126482875721,0.02774146512138015,0.17070060312429491,7.3639815126066e-12,NA,10,10,10,0.30335637580377683,0.04579192922384842
ENSG00000183044.11,ABAT,0.4523046455913867,NA,0.6510495297036099,0.006082440358001396,0.029281846791114376,0.006350241585242619,NA,15,16,16,0.07296473079585492,0.07498660137702304
ENSG00000138175.8,ARL3,0.45224031920807206,NA,0.6510958649675364,0.005455398664734495,0.06399099729981866,3.914752700683518e-05,NA,11,11,11,0.006407596600789348,0.046141067931833465
ENSG00000160226.15,C21orf2,0.4513619775458961,NA,0.651728682509816,0.12356759038176379,0.4621082209876817,3.48201933800795e-40,NA,29,34,34,0.017037061857687826,0.21749769869656216
ENSG00000064651.13,SLC12A2,0.45090847828503366,NA,0.6520555127141702,0.026650703593118098,0.17245126492836912,1.5338265406999209e-12,NA,55,56,56,0.0025349056383412068,0.06970104812521814
ENSG00000113303.11,BTNL8,0.4508974748392298,NA,0.6520634435654475,0.018411308767259767,0.27085096539251996,1.0190952217566498e-19,NA,11,11,11,1.4381053630951041e-05,0.11136565645132968
ENSG00000159921.14,GNE,0.45069098464801044,NA,0.6522122808766475,0.003422548262242948,0.037919937739348535,0.001877012572621464,NA,19,20,20,0.3203219661301696,0.039632581101405655
ENSG00000164818.15,DNAAF5,-0.45020770030247925,NA,0.6525606844572034,0.010935374135347453,0.1539915015240387,6.976503245538165e-11,NA,13,15,15,0.07238691342299934,0.039679470758740086
ENSG00000187105.8,HEATR4,0.449900743151528,NA,0.6527820117142602,0.06811479837833842,0.0912549747794058,5.439400377234829e-07,NA,64,66,66,3.308498920724759e-05,0.5383370326334139
ENSG00000177868.11,SVBP,0.4496878072826814,NA,0.6529355641694059,0.019377229845943294,0.14587191112406014,1.9326606055260116e-10,NA,34,35,35,0.0005707302018126587,0.08274202197937683
ENSG00000171109.18,MFN1,0.44940754510089215,NA,0.6531376894319361,0.015142021462740577,0.17462112188563894,6.68551541394884e-13,NA,18,18,18,0.23628005738414193,0.047623907267684416
ENSG00000134202.10,GSTM3,-0.4493801074211645,NA,0.6531574788723506,0.2153812261317392,0.5658417251490531,1.6561856456546421e-52,NA,39,43,43,0.00013985046537928262,0.16422791846552867
ENSG00000132514.13,CLEC10A,-0.44877617633761513,NA,0.6535931262450099,0.014528843708776079,0.016296209384520796,0.04520146159003288,NA,49,60,60,0.0003013140051475228,0.11116718624203957
ENSG00000104312.7,RIPK2,-0.44844378956483033,NA,0.653832944761116,0.006073351764254541,0.0536511124279311,0.00022870857253273243,NA,46,49,49,1.7539603245243285e-08,0.09367363042385247
ENSG00000126001.15,CEP250,0.4483632855035651,NA,0.6538910341733962,0.005345673885718483,0.028879660012185168,0.007059120090593975,NA,21,23,23,0.0002146088671511598,0.06052906445924585
ENSG00000116237.15,ICMT,0.44817993679306667,NA,0.6540233411481611,0.0017090059318238754,0.04539007116837649,0.0003697905885664751,NA,2,2,2,0.6335811908166922,0.07409967646050122
ENSG00000120341.18,SEC16B,-0.4481010769007288,NA,0.6540802508852837,0.0008173498411500986,0.037695606577628514,0.002110508652692431,NA,4,4,4,0.3336588790851859,0.04096063744070561
ENSG00000126088.13,UROD,0.4475965184889696,NA,0.6544444162199594,0.003685042127332338,0.018173666171239274,0.03415743659567231,NA,23,28,28,0.0031109757540244607,0.1352272859157723
ENSG00000105248.15,CCDC94,-0.44739601540538154,NA,0.6545891522813816,0.0025070981904722752,0.015973330477449088,0.04693021016059677,NA,24,26,26,0.002677935278232106,0.03155914473528065
ENSG00000135297.15,MTO1,0.4472964354406664,NA,0.6546610403503133,0.01806549374907631,0.08121517001604119,3.652112390278162e-06,NA,35,38,38,2.977896509576985e-11,0.12024364538230617
ENSG00000068097.14,HEATR6,0.4471030297342817,NA,0.6548006715884086,0.027223559592079356,0.25098097545472986,2.1956157346727513e-18,NA,11,12,12,0.013733589993779058,0.07632687818993426
ENSG00000165948.10,IFI27L1,-0.4470567733220001,NA,0.6548340686702578,0.004387509449277467,0.04489409553808471,0.0007251017622505745,NA,22,22,22,0.0135521334409812,0.027796237465732943
ENSG00000141404.15,GNAL,-0.44701901515079057,NA,0.6548613305428048,0.007712338255343373,0.09033759947144517,7.223204129678791e-07,NA,18,19,19,0.05705919863841531,0.05313366373418113
ENSG00000176055.9,MBLAC2,-0.4467564533014885,NA,0.655050916210042,0.000671926715929094,0.044894986354120016,0.0006832015183235352,NA,9,9,9,0.4925076151763256,0.010616503492677957
ENSG00000119321.8,FKBP15,0.4465053348364409,NA,0.6552322598632374,0.001843151501175051,0.025642382520971226,0.011707183690563037,NA,8,8,8,0.31977626901692313,0.04741562050682503
ENSG00000143185.3,XCL2,0.44596376607194843,NA,0.6556234196146157,0.037619497453302175,0.1434907814450403,2.2411361427962985e-10,NA,16,18,18,5.252753472052542e-05,0.1563866651473101
ENSG00000101282.8,RSPO4,-0.4456797167068578,NA,0.6558286181910693,0.12360064876141322,0.27794043932704565,1.29072990697014e-20,NA,47,52,52,0.0012353351718956877,0.2316439989106665
ENSG00000197217.12,ENTPD4,-0.44565163660468915,NA,0.6558489047981233,0.003329425595349234,0.08946163221079027,1.027490155352058e-06,NA,11,11,11,0.20207302269513616,0.023553742975756933
ENSG00000130768.14,SMPDL3B,-0.44555488397598264,NA,0.655918806151865,0.009584169800376166,0.0956335591706457,2.849231001479339e-07,NA,27,27,27,0.05874914589235358,0.0956676457075652
ENSG00000169629.11,RGPD8,-0.44544280210042164,NA,0.6559997862703206,0.09914120053979959,0.4147109959049272,9.773054663404083e-33,NA,23,24,24,0.04229565314647076,0.22161560785763934
ENSG00000135773.12,CAPN9,0.44532049551483144,NA,0.6560881584428226,0.015508083151529697,0.15925293768731302,1.531653534001092e-11,NA,77,84,84,7.338445519473038e-06,0.10410847983943536
ENSG00000126602.10,TRAP1,0.44517214443575326,NA,0.6561953554279547,0.09654743688536715,0.5072065075075578,3.934989181931998e-46,NA,46,55,55,6.889620922121601e-06,0.21450563065979875
ENSG00000178188.14,SH2B1,-0.4448137478470558,NA,0.6564543583762249,0.002967313812122191,0.05591445065569608,0.00014528231977150652,NA,26,26,26,0.15928496198006414,0.07487189878572145
ENSG00000171421.12,MRPL36,0.44465391642114305,NA,0.6565698772848443,0.00852724735257776,0.1131899571094436,4.193702096309424e-08,NA,19,19,19,0.10569573615601403,0.03188517344163907
ENSG00000225434.2,LINC01504,0.44458491842549713,NA,0.6566197484453341,0.3328550349671757,0.6532548521494547,3.1982151258881613e-69,NA,14,15,15,0.2698484808583623,0.33405734462999576
ENSG00000169570.9,DTWD2,-0.44412885739508867,NA,0.6569494239190654,0.008936063066923738,0.06333600410864783,5.625181373410277e-05,NA,22,22,22,0.19860336214752872,0.11497365667125747
ENSG00000124143.10,ARHGAP40,-0.44381338953981736,NA,0.6571775070693144,0.026648597326485515,0.13483704047996153,1.5074428833031695e-09,NA,50,52,52,0.005743592159295323,0.060921186442756
ENSG00000140675.12,SLC5A2,-0.44358987809433864,NA,0.6573391250972215,0.05994733349215235,0.09921054765126153,1.632552753012274e-07,NA,25,26,26,0.0009065610142315029,0.09252635790855376
ENSG00000119715.14,ESRRB,0.44341047099068925,NA,0.657468863480883,0.009097359302039577,0.02118421835265244,0.021482015456448955,NA,48,51,51,0.012874823997704215,0.1818083701573556
ENSG00000254087.7,LYN,0.4433117220277944,NA,0.6575402782727914,0.003494594235750751,0.02066718785165687,0.021736743398673455,NA,29,30,30,0.06587879620548392,0.06320942571830615
ENSG00000277531.2,LLNLF-187D8.1,0.44315677312721585,NA,0.6576523429003127,0.00576920722859878,0.05039815507597766,0.000361101846751306,NA,6,6,6,0.16968830893028997,0.03461705684471705
ENSG00000122512.14,PMS2,0.44313976493802765,NA,0.6576646443042633,0.0704928939544885,0.22182985543673014,1.2794396916907208e-15,NA,44,50,50,0.0024516953213085005,0.20911428751533886
ENSG00000267547.1,RP11-686D22.4,-0.44268631399025704,NA,0.6579926430420708,0.003866282991699722,0.042948914106857985,0.0009107694098215744,NA,15,16,16,0.163394746576355,0.039972471615929386
ENSG00000167468.16,GPX4,-0.4423860737694972,NA,0.6582098547288167,0.038581321073166905,0.10913911128650584,1.7250216296373753e-08,NA,92,116,116,8.888021454877682e-09,0.14156682774358215
ENSG00000068615.17,REEP1,-0.44233085181206605,NA,0.6582498087289699,0.01610238135102915,0.15374830170173584,9.84887206465996e-11,NA,21,21,21,0.5239901536096255,0.031870098921919415
ENSG00000066827.15,ZFAT,0.4419034839153024,NA,0.6585590494708142,0.01205902644345303,0.08575987856770183,1.5214128028326338e-06,NA,38,43,43,3.8035375219117654e-11,0.07286674114453746
ENSG00000264727.1,RP11-680C21.1,-0.4412236772324533,NA,0.6590510736705972,0.012387076937642176,0.08226545257095336,3.8125212985050484e-06,NA,31,36,36,0.0002032280972522063,0.10083399417598944
ENSG00000141425.17,RPRD1A,-0.4400822621322603,NA,0.6598775284243139,0.005075622114170347,0.030433304168467932,0.005698605323118779,NA,65,68,68,0.00011724867674770513,0.07225560374190024
ENSG00000267414.1,RP11-456K23.1,-0.43992249463965827,NA,0.6599932430674138,0.006394935518076685,0.035186909726929734,0.002884801902487325,NA,20,20,20,0.04090230752151918,0.08171010770119165
ENSG00000184613.10,NELL2,-0.4398453887116726,NA,0.6600490914112154,0.01801740492467868,0.11004253847954404,5.223837716267464e-08,NA,52,54,54,0.003689045037116434,0.1732984676394869
ENSG00000272777.1,RP11-571L19.8,-0.43936167514562763,NA,0.6603994916122133,0.06405501276721039,0.26784709631282544,1.6874584068870626e-19,NA,62,62,62,0.0051093367677743,0.19431110882327626
ENSG00000140511.11,HAPLN3,0.4392458046815842,NA,0.660483438779225,0.0014591202604235386,0.04524019119244997,0.000740198340296267,NA,5,5,5,0.620377605194639,0.05892917024580936
ENSG00000115816.14,CEBPZ,-0.43898747750982403,NA,0.66067061000093,0.0021610315465226855,0.050005877863288285,0.0003490426384207234,NA,14,14,14,0.17857395298157308,0.02956395159565725
ENSG00000138085.16,ATRAID,-0.43877555213589486,NA,0.660824176602097,0.03381888037162632,0.18729129368947264,2.732634638379417e-13,NA,70,73,73,0.010829106464774387,0.2312525988875738
ENSG00000197150.12,ABCB8,0.4385926297033928,NA,0.6609567384054786,0.0029328793935896793,0.059692705323051036,0.00010181034293894188,NA,18,18,18,0.0019136792064932222,0.03399105375922794
ENSG00000249685.1,RP11-360F5.3,-0.43839850445770856,NA,0.6610974303925405,0.03418618475009227,0.0694422813181655,2.363806028795205e-05,NA,73,74,74,0.03871212864496009,0.10271684643065446
ENSG00000002933.7,TMEM176A,0.4382095802878613,NA,0.6612343644046265,0.022956663119041786,0.2432692620811345,2.431546634652461e-17,NA,24,27,27,0.06981094265616965,0.06435194022459986
ENSG00000089486.16,CDIP1,0.4381607065569383,NA,0.6612697903895945,0.006713142083811121,0.05563040303815405,0.000175971048139574,NA,16,16,16,0.2015923746397591,0.04321926095234351
ENSG00000102468.10,HTR2A,0.4380933689642242,NA,0.6613186010949803,0.013669330897813988,0.022269649669704038,0.01902032540874592,NA,54,56,56,0.0006231119531604716,0.21454104624857007
ENSG00000157259.6,GATAD1,0.4379960517204512,NA,0.6613891455627257,0.03882961645973792,0.1820527367932146,3.142801219686157e-13,NA,68,71,71,0.11573260335986171,0.1817965810892751
ENSG00000151135.9,TMEM263,-0.4375098123383586,NA,0.6617416615175081,0.014902531421388745,0.04203776254515934,0.0010694849395085095,NA,113,124,124,0.00690055226020438,0.08091232082364633
ENSG00000196867.7,ZFP28,0.4371641765216848,NA,0.6619922876928642,0.0014386832515616186,0.036917590019751687,0.00201527189697972,NA,5,5,5,0.594872716890694,0.012936687238341887
ENSG00000162366.7,PDZK1IP1,-0.4367551917311386,NA,0.6622888981623347,0.0030907373251263743,0.03185572150364931,0.0043538778752331714,NA,14,16,16,0.0002639463321994931,0.06061918957103015
ENSG00000242802.6,AP5Z1,0.4365379556712095,NA,0.6624464671101931,0.0015880357339602526,0.02885212304437558,0.005684885899977714,NA,6,6,6,0.3655791854118283,0.03007975900443725
ENSG00000177042.14,TMEM80,-0.4365202426053722,NA,0.6624593156782554,0.03201181409720237,0.1752029673249106,1.6165233087249092e-12,NA,23,25,25,0.002139414542793226,0.07109726263775537
ENSG00000152582.13,SPEF2,0.43628569799929773,NA,0.6626294572145086,0.011470857883211604,0.08826606426976255,1.4552265820640386e-06,NA,72,73,73,0.004626136442758049,0.07141160912430139
ENSG00000164308.16,ERAP2,-0.43617734796244434,NA,0.6627080615411504,0.29415104678277537,0.6816960793408449,2.4296044060653356e-75,NA,63,66,66,0.003943979884875575,0.09889895183156718
ENSG00000197226.12,TBC1D9B,0.4358109179812804,NA,0.6629739217544139,0.03757435879232611,0.14564013306588885,3.355145685216688e-10,NA,41,43,43,7.453584025648524e-05,0.1715741799230723
ENSG00000013561.17,RNF14,0.4356376061022365,NA,0.6630996815333149,0.014589384305478717,0.09422024165662957,5.592042395102982e-07,NA,70,79,79,0.0024185664133737073,0.13806627141420347
ENSG00000101255.10,TRIB3,-0.4353982410550198,NA,0.6632733868872063,0.0004193862026683578,0.054084640190795764,0.00022015443346669097,NA,13,15,15,0.0019503949533476578,0.030103434192477525
ENSG00000281641.2,SAMD12-AS1,-0.4346903610660035,NA,0.6637871957997078,0.007681800415625729,0.05316268322658271,0.00017274044267655132,NA,6,6,6,0.3086378450100745,0.05965436721143545
ENSG00000130653.15,PNPLA7,-0.43393802815288196,NA,0.6643334438340828,0.006699691147203587,0.12979017578863286,3.609605366258788e-09,NA,22,24,24,0.08248961326006961,0.0723006678874905
ENSG00000186281.12,GPAT2,0.4335922997847768,NA,0.6645845274307243,0.02816172651737349,0.06901582939694001,2.5795401811049876e-05,NA,9,10,10,0.5308735778261788,0.07762810692206541
ENSG00000214140.10,PRCD,0.4334594740758076,NA,0.6646810014854626,0.0016908565427575595,0.01751606941110279,0.03777244940941804,NA,12,14,14,0.00018122238772830433,0.11460735413530512
ENSG00000078070.12,MCCC1,-0.4333527029737568,NA,0.6647585555684556,0.00396388743693688,0.11934890334768952,1.914085774715549e-08,NA,12,12,12,0.28449669337284533,0.02255709278448306
ENSG00000173214.5,MFSD4B,-0.43325545916646446,NA,0.6648291925436907,0.06248416426187279,0.2661507420674661,4.631269827473829e-19,NA,83,88,88,0.005861453582947215,0.1566135343351091
ENSG00000226029.1,LINC01772,-0.4325784634835313,NA,0.6653210382096794,0.009216956153552985,0.07480770619837818,6.577253592247096e-06,NA,13,16,16,0.4486236951687209,0.08281675855256829
ENSG00000110442.11,COMMD9,-0.43246777673193226,NA,0.6654014671991184,0.0005542858726095579,0.01554477027160596,0.04655845757189896,NA,8,8,8,0.6260234426077089,0.035415054596326524
ENSG00000166225.8,FRS2,-0.4322619604489576,NA,0.6655510309750579,0.008286366875282664,0.05305355376653676,0.00023409968095381518,NA,44,45,45,1.5266935722069314e-16,0.07344236219083622
ENSG00000100665.11,SERPINA4,-0.4318807397935324,NA,0.6658280937686638,0.0024287535352230127,0.05311243427639332,0.0001625341343209596,NA,8,8,8,0.40017350852839495,0.05572516678067718
ENSG00000103245.13,NARFL,0.4318252981292507,NA,0.6658683913522374,0.003282446819347813,0.26871510916846497,2.5594629699621353e-19,NA,7,9,9,0.082425686445867,0.02221520545900144
ENSG00000258754.7,LINC01579,0.4317882311778257,NA,0.665895333876924,0.00134253696336301,0.03216653540748453,0.004703255718045457,NA,13,14,14,0.0908798449746576,0.05220669066867355
ENSG00000152642.10,GPD1L,0.43104349672842324,NA,0.6664367436972591,0.003910989294996532,0.07923195690477544,6.355905134584791e-06,NA,5,5,5,0.13504185776198405,0.03765311356720152
ENSG00000162636.15,FAM102B,0.4300066833825529,NA,0.6671907795236394,0.003776726123762686,0.04557518360623774,0.0007267905867425041,NA,35,38,38,0.07614173339537263,0.08263973269846205
ENSG00000104973.16,MED25,0.4298975721504903,NA,0.6672701516354884,0.0010970158088519117,0.03055401439766676,0.005739660238115093,NA,7,9,9,0.3584049419122196,0.01608845767786459
ENSG00000169371.13,SNUPN,-0.4294234618610232,NA,0.6676150826822553,0.016178191852696113,0.13055901402143374,3.172740400333575e-09,NA,20,21,21,0.03140276672639168,0.05515069682917165
ENSG00000137225.12,CAPN11,0.42922453843013036,NA,0.6677598270316595,0.028318646008022596,0.05061047189853205,0.00036067623082853097,NA,56,60,60,2.095572786569863e-13,0.17197890669148347
ENSG00000198755.10,RPL10A,-0.4290441990312274,NA,0.667891059604982,0.011146004226282652,0.1674226752127487,3.6107275448251202e-12,NA,29,41,41,3.474872722961601e-05,0.042127080789493565
ENSG00000166435.15,XRRA1,0.4288424676185005,NA,0.6680378711308301,0.3026918447946727,0.7026004824488902,3.562350489536523e-80,NA,20,21,21,0.36978713573790667,0.06548225982458188
ENSG00000135318.11,NT5E,0.42856243355199747,NA,0.6682416890436362,0.005434715521442264,0.13327775582089751,1.3435796651131226e-09,NA,25,28,28,0.6007311265820571,0.037717282592731514
ENSG00000275765.5,RP11-54C4.3,-0.42742094890444143,NA,0.6690727516874364,0.012904949288375768,0.06515193850031338,3.0066655511178388e-05,NA,87,87,87,0.043477823013487904,0.0563838881174881
ENSG00000117143.13,UAP1,-0.4272247673505407,NA,0.6692156233495276,0.0012216944529203494,0.0349338218656208,0.0029442887741653666,NA,10,10,10,0.32967450450774927,0.030534474807711032
ENSG00000075043.18,KCNQ2,-0.4267692395582879,NA,0.6695474133199337,0.007111636549396668,0.08043943268832647,5.053128360806095e-06,NA,12,13,13,2.656138435997796e-06,0.10119406996063487
ENSG00000125651.13,GTF2F1,-0.42674832509620586,NA,0.6695626482070591,0.007463880151639734,0.1242235331881402,6.680332283851976e-09,NA,28,30,30,0.06191146258457541,0.06766341482621738
ENSG00000139835.13,GRTP1,-0.42601560292735585,NA,0.670096476605736,0.028922798593759444,0.14345734892831805,3.0979576848134833e-10,NA,73,80,80,0.0024201147927383746,0.15709050694255644
ENSG00000198887.8,SMC5,0.4259274205843935,NA,0.6701607335328186,0.005576822406213075,0.04142844366178466,0.0011382825399292894,NA,27,27,27,0.06612307506615578,0.04296582732197342
ENSG00000187848.12,P2RX2,-0.4255780093588467,NA,0.670415367090079,0.009933109357693802,0.046629873851437895,0.0005434555346013796,NA,20,24,24,0.009051379486344832,0.13260567674582385
ENSG00000273038.2,RP11-479G22.8,0.4253843323549972,NA,0.6705565255905175,0.036830780846733066,0.17465040614389352,4.007324547385766e-12,NA,80,81,81,0.0021526594315925403,0.0677554709183013
ENSG00000239713.8,APOBEC3G,-0.4253809300010349,NA,0.670559005447747,0.030615690898636323,0.2395879647465953,7.448317339417136e-18,NA,29,32,32,0.004154279826804389,0.14660756466495178
ENSG00000111640.14,GAPDH,-0.424726618939728,NA,0.6710359766633575,0.0012298362765509508,0.015158211884101994,0.04975424408213355,NA,17,18,18,4.988623490315748e-23,0.050362472718307814
ENSG00000142794.18,NBPF3,-0.4247177073788508,NA,0.6710424738132208,0.10611337363013909,0.4844683522740645,2.2593360454311288e-41,NA,21,23,23,0.5863314100531251,0.07779295693350352
ENSG00000001167.14,NFYA,-0.4242567162867882,NA,0.6713786020228055,0.018432648659666415,0.12899051457838556,2.897133967294441e-09,NA,65,68,68,4.876284445071233e-13,0.10552337138160124
ENSG00000152234.15,ATP5A1,-0.42405705582746656,NA,0.6715242033621367,0.0013894897660671553,0.03941423901259182,0.0015616568187691356,NA,72,72,72,0.0063507306833229535,0.02156316439162988
ENSG00000157214.13,STEAP2,0.42393525280253447,NA,0.6716130336318992,0.024722187700082773,0.1595647798056656,2.3063980060409733e-11,NA,35,35,35,4.073139518457814e-06,0.08225754486800492
ENSG00000100243.20,CYB5R3,0.42374746343792397,NA,0.6717499963600371,0.012414162165327869,0.11186800304371873,5.516249376627045e-08,NA,55,60,60,3.5059101877679555e-05,0.08183182470106556
ENSG00000270000.1,RP3-449M8.9,-0.42348189187731256,NA,0.6719437075393341,0.07765362609825818,0.15575447613726665,7.908506747943996e-11,NA,80,89,89,0.00070355073179866,0.2772564863566708
ENSG00000116106.11,EPHA4,-0.42272585307779276,NA,0.6724952908456384,0.004464370465541328,0.08826411970548473,1.44129526532648e-06,NA,22,25,25,0.0013504741385619269,0.04149529275872557
ENSG00000167987.10,VPS37C,-0.42268833206687495,NA,0.6725226696478335,0.0010017706661911178,0.020224189297767484,0.02512033168432976,NA,21,21,21,0.05081073098628341,0.014833560915805831
ENSG00000111224.13,PARP11,0.4224261623264111,NA,0.6727139850697852,0.007055975892001779,0.10655044551063077,1.1059543688142743e-07,NA,14,14,14,0.12998936562022667,0.03956710646989224
ENSG00000174405.13,LIG4,-0.422251612998442,NA,0.672841372230885,0.0046446817911796525,0.04040236934896675,0.0010461704801403675,NA,14,14,14,0.1929383358146899,0.044440365980429525
ENSG00000140104.13,C14orf79,0.4221780221501099,NA,0.6728950820934871,0.06280776503173677,0.3625181557287328,5.352931565641122e-28,NA,21,23,23,0.00645602328245503,0.22141293542918
ENSG00000186300.11,ZNF555,-0.4220080859845947,NA,0.6730191154139334,0.011804110394990325,0.10065928285698628,1.7863266260594328e-07,NA,16,16,16,0.0005107985968976258,0.05247410508392394
ENSG00000169085.11,C8orf46,-0.42190023512916497,NA,0.6730978384086467,0.07188644000380422,0.3863835052993726,1.924973095683294e-30,NA,20,20,20,0.09009391075246323,0.06072244451688885
ENSG00000118514.13,ALDH8A1,0.42162382012201266,NA,0.6732996168814313,0.07621313228958568,0.3994022524093748,7.689395583780412e-32,NA,20,21,21,0.027375564342667125,0.12997006537125766
ENSG00000242220.6,TCP10L,-0.4215017295509463,NA,0.6733887485069303,0.011183954600254866,0.035154513635595366,0.002500909428345369,NA,23,23,23,0.02194737436262168,0.07204089948200243
ENSG00000154451.14,GBP5,-0.4214845813218305,NA,0.6734012678552983,0.0017953091699707106,0.01957473395521678,0.022395500141242468,NA,7,7,7,0.0761962573795185,0.024282601528663697
ENSG00000095397.13,WHRN,-0.42142472876415094,NA,0.6734449649142964,0.010743778468798627,0.11529692297932362,2.8821893422097684e-08,NA,48,50,50,1.4818176695751928e-11,0.07205811005264967
ENSG00000113595.14,TRIM23,-0.42133247106647304,NA,0.673512322424582,0.0006000128920355665,0.031040434261641638,0.005231650772884454,NA,39,40,40,0.12257544586876963,0.019700601941094454
ENSG00000178852.15,EFCAB13,0.4212301818498523,NA,0.6735870070256345,0.06774276728611785,0.32762202693551695,1.9865039963904482e-24,NA,34,34,34,3.0518040888411187e-06,0.2361241074690508
ENSG00000134987.11,WDR36,-0.42073007149569436,NA,0.6739521997724396,0.006919933834048795,0.0505810261847196,0.0003520863517424067,NA,11,11,11,0.04125960719063522,0.05743085689299339
ENSG00000122490.18,PQLC1,0.42064803922841026,NA,0.674012109068124,0.003709974363243758,0.04064997744512707,0.001341312792990487,NA,13,13,13,1.9760118931289567e-16,0.04023933585288708
ENSG00000121578.12,B4GALT4,-0.42021322365486374,NA,0.6743296953880845,0.024944229265022565,0.07363015614597898,1.424682752527002e-05,NA,53,55,55,0.00011184600586369377,0.21095156433474527
ENSG00000170425.3,ADORA2B,-0.420132460418144,NA,0.6743886906957373,0.08880149161049927,0.3086499279353313,4.645994024304013e-23,NA,79,81,81,9.566362633145095e-06,0.1925666153733647
ENSG00000143198.12,MGST3,-0.4195659214499386,NA,0.6748025879771582,0.010804618326619487,0.06438716854006135,5.0688491830263975e-05,NA,81,87,87,1.3684746407722386e-05,0.07545621484394811
ENSG00000226194.5,RP1-137D17.1,-0.4193861174130958,NA,0.674933968274994,0.0055512080729133925,0.04460567078161695,0.0006780072810149205,NA,13,13,13,0.6305737058722052,0.03932432376147331
ENSG00000125247.15,TMTC4,-0.41895656557470007,NA,0.6752478759026364,0.003269906534494395,0.09712303152835627,3.903438805406562e-07,NA,12,12,12,0.22409812235121385,0.0204528025319061
ENSG00000163930.9,BAP1,-0.4189279534326822,NA,0.6752687870736145,0.0010128563192854032,0.02221061151996024,0.017651333954049574,NA,8,9,9,0.12206734574517876,0.022119940944643337
ENSG00000131238.16,PPT1,-0.4186428183842879,NA,0.6754771915869837,0.004728280421608454,0.09385117842352797,3.990941043215667e-07,NA,8,8,8,0.2648539935556363,0.03887695178381784
ENSG00000115523.16,GNLY,0.4184739370359611,NA,0.6756006382860058,0.044992628756127556,0.1564533147306784,2.969688585064089e-11,NA,25,26,26,0.4750794039592956,0.09879810677629658
ENSG00000129187.14,DCTD,-0.41839600299548135,NA,0.6756576084429955,0.006859169306759526,0.1328233930864956,1.5685030883352666e-09,NA,45,47,47,0.017187130059711123,0.047249888259698704
ENSG00000070718.11,AP3M2,-0.41820044599163425,NA,0.6758005697281526,0.05518636623697726,0.2955996389018127,1.7387603889823434e-21,NA,68,71,71,0.001932748810979121,0.2011351887507216
ENSG00000065600.12,TMEM206,0.41810884088149913,NA,0.6758675413551319,0.019751773689816236,0.13092886370275705,1.325704810762107e-09,NA,6,6,6,0.09980027880464266,0.0983618570107983
ENSG00000174953.13,DHX36,0.4172990371797617,NA,0.6764596926744748,0.0026181011782689277,0.0940812829025391,7.774542270325989e-07,NA,22,22,22,0.5875248740926519,0.016534032868224743
ENSG00000163126.14,ANKRD23,0.4172894206037021,NA,0.6764667257893644,0.005012519674894744,0.028478344765296006,0.007031582022853467,NA,7,9,9,2.1286672931868942e-05,0.18410016512454594
ENSG00000085721.12,RRN3,-0.417230246599215,NA,0.6765100035155096,0.004297322125620547,0.08594280326250928,2.214472727173106e-06,NA,11,11,11,0.15727188802413394,0.04909044862733128
ENSG00000255400.1,RP13-631K18.5,0.4171660670726343,NA,0.6765569433073303,0.0073113920157052755,0.035028541875410005,0.003037135135880499,NA,45,47,47,9.186112630539994e-08,0.07133766045422757
ENSG00000138363.14,ATIC,-0.41713322939763225,NA,0.6765809606989117,0.0031321497520409728,0.02727822065099569,0.009202720830541664,NA,19,20,20,4.217831517432371e-05,0.039285715500253886
ENSG00000176022.4,B3GALT6,0.41685647666482,NA,0.6767833900085088,0.005757180039422463,0.06515659427635531,1.9443408431059295e-05,NA,9,12,12,0.2692309738448059,0.05559620140837362
ENSG00000099785.10,MARCH2,-0.416585145343082,NA,0.6769818765290492,0.03433960311333219,0.2922914826098558,3.2245492850323963e-21,NA,51,54,54,0.005837405310066521,0.17932485691389485
ENSG00000118579.12,MED28,-0.4162906127721562,NA,0.6771973608144171,0.05165803519770447,0.27916742789411914,3.811838816245193e-20,NA,32,34,34,0.28514643382234095,0.025868973032482995
ENSG00000068654.15,POLR1A,-0.4162848844374502,NA,0.6772015520088623,0.024357673953687525,0.3044107260951509,1.852220091269536e-23,NA,50,51,51,1.7345616190340184e-08,0.05642645708337742
ENSG00000143036.16,SLC44A3,-0.41596674287148383,NA,0.6774343392148354,0.010861214676316795,0.14530063342050747,4.1278077436128317e-10,NA,19,19,19,0.2702018518632662,0.05269091168328365
ENSG00000111832.12,RWDD1,-0.4152118546046584,NA,0.6779868213743708,0.00022796119333424802,0.01934362573303709,0.027900613358705827,NA,2,2,2,0.39488636865698934,0.04271189804119418
ENSG00000172922.8,RNASEH2C,-0.41486075880301193,NA,0.6782438378526228,0.018065490042671814,0.21847562840109214,7.886906141575488e-16,NA,49,53,53,0.12041260393162945,0.10534176342272003
ENSG00000184903.9,IMMP2L,-0.41465755378064156,NA,0.6783926093417711,0.0017740339548129058,0.04210045217628312,0.0009603783977449811,NA,9,10,10,0.2200090829285093,0.032295305282711816
ENSG00000075340.22,ADD2,-0.41400524576741476,NA,0.6788702650711378,0.01742359736458849,0.1688525754786808,2.453159430885958e-12,NA,24,26,26,1.081260176669038e-05,0.10249818851690104
ENSG00000184436.11,THAP7,0.41364842412799285,NA,0.67913160405824,0.003510184988586317,0.04553391966856205,0.0006080707797571103,NA,11,11,11,0.026765945883356998,0.11366764416429034
ENSG00000160194.17,NDUFV3,0.41333636815115976,NA,0.6793601879416947,0.08664606849117315,0.4778939621824948,1.8454515435399127e-41,NA,14,14,14,0.010218172391188675,0.6021675282555873
ENSG00000260876.5,LINC01229,0.4132649232396593,NA,0.679412526147637,0.0020477027653118783,0.023168679213873663,0.01657830938122537,NA,5,6,6,0.05607853657024044,0.024213195178197068
ENSG00000180953.11,ST20,0.41316229422299544,NA,0.6794877115135661,0.13956052723489953,0.4102047670357304,1.3275941931701845e-32,NA,36,37,37,0.10857733044046008,0.09334817592746668
ENSG00000230606.10,AC159540.1,0.41308065630190605,NA,0.6795475212128818,0.0441576345702472,0.2989048895733744,9.988778113522876e-22,NA,42,47,47,0.004269097778141537,0.16144937457506287
ENSG00000196937.10,FAM3C,-0.4129892836790113,NA,0.6796144651564979,0.00903334037969512,0.1761197103660615,1.6415913390758035e-12,NA,50,52,52,0.13492691704638085,0.1088405668635549
ENSG00000138468.15,SENP7,-0.41298449232729517,NA,0.6796179755991092,0.005201921418657482,0.09205028911399793,9.037501985429796e-07,NA,27,28,28,0.1349259525242951,0.10925041166114126
ENSG00000166928.10,MS4A14,0.41292680063138126,NA,0.6796602446731752,0.10103150931042973,0.3481403994829111,6.46763902934395e-27,NA,42,42,42,4.912711194908972e-19,0.07825326169381341
ENSG00000214842.5,RAD51AP2,0.4117363304019463,NA,0.6805326931475921,0.007157682842428193,0.041937728911546186,0.0012117453477892832,NA,12,13,13,0.02992778404097084,0.0573342005373981
ENSG00000196353.11,CPNE4,-0.4115888188574681,NA,0.6806408283209077,0.01610936430680908,0.0948165227958641,5.230993829357598e-07,NA,57,57,57,0.005766235184750552,0.2200793095849812
ENSG00000163029.15,SMC6,-0.4112015919755253,NA,0.6809247210391545,0.0015354442522358253,0.031088517542083218,0.0053989502821791295,NA,5,5,5,0.0025419447954232394,0.04347293742813217
ENSG00000268087.1,CTC-429P9.2,0.41114331167702867,NA,0.6809674527530076,0.008059259111831507,0.08017636919260596,4.200761099146513e-06,NA,23,24,24,0.018317053623478036,0.10981644708127017
ENSG00000149177.12,PTPRJ,-0.4108595636932767,NA,0.6811755143170183,0.0030376115389566588,0.03685196752096302,0.002242450087580933,NA,22,23,23,0.0939005419431488,0.08597105933999202
ENSG00000214193.10,SH3D21,-0.41025429922535944,NA,0.6816194126858693,0.002371088584553461,0.05488416022182679,0.00015690999333302242,NA,2,2,2,0.3386958742310774,0.06250065410393006
ENSG00000100626.16,GALNT16,0.40995211776174895,NA,0.6818410725433066,0.0006214194588676177,0.04686361468767821,0.0005707314657470452,NA,4,4,4,0.49891679268438116,0.01569007037964371
ENSG00000164114.18,MAP9,0.40979833657353704,NA,0.6819538865531269,0.009670385308283612,0.0744272535263505,1.1394376234633093e-05,NA,65,66,66,0.0004867458786569234,0.04920938775589828
ENSG00000131558.14,EXOC4,-0.4096669946585462,NA,0.682050244722443,0.031139836496056644,0.15383527506211608,4.7825530325177497e-11,NA,65,66,66,0.009910436494172186,0.12596615132428074
ENSG00000178623.11,GPR35,-0.4093762466303274,NA,0.6822635686239891,0.013012969911284387,0.17170456490593314,5.009210162628088e-12,NA,60,69,69,0.04567707259263242,0.05905270861832027
ENSG00000111664.10,GNB3,0.40905681616979045,NA,0.6824979663035703,0.039227250794842586,0.30580215771238795,1.4221481441155468e-22,NA,23,25,25,1.0390834053095972e-16,0.08312855160417608
ENSG00000127993.15,RBM48,-0.4086290221449318,NA,0.6828119290083119,0.007520068862160467,0.08942490183531072,1.4066242526858122e-06,NA,9,10,10,0.3647914950268498,0.06951771080072924
ENSG00000162976.12,PQLC3,0.40848341044740394,NA,0.682918807546053,0.002841400750043353,0.02303821919503396,0.015044746289339503,NA,23,25,25,0.05388501424165516,0.06627164905746212
ENSG00000176476.8,SGF29,-0.40724386532912893,NA,0.683828887058151,0.012411671296775971,0.17411952868012429,3.426222645211937e-12,NA,17,18,18,0.00021456510742706703,0.05804145029204545
ENSG00000137103.16,TMEM8B,0.4069369007220054,NA,0.6840543328657074,0.003981128557512955,0.09579499603932004,4.16798330819552e-07,NA,9,9,9,0.18846838037070668,0.02187633872646744
ENSG00000274265.4,CH17-189H20.1,0.4059109575506865,NA,0.6848080265575849,0.005096705933813362,0.22809728048572825,3.9393680503269925e-17,NA,21,42,42,0.2477704413815186,0.11051159328873424
ENSG00000107736.19,CDH23,0.4057336082032687,NA,0.684938345426531,0.002254318300239499,0.03686765171206968,0.002353222165475693,NA,9,10,10,0.1080242737693073,0.044963218474766566
ENSG00000143224.17,PPOX,0.40566831686251925,NA,0.6849863248111712,0.0041455466717237235,0.02580432442675916,0.010480344699742695,NA,25,26,26,2.744895713870918e-05,0.04489495991364905
ENSG00000132470.13,ITGB4,-0.40563342888610887,NA,0.6850119627845199,0.0008756551045827152,0.0348388686970289,0.0026698087300059525,NA,5,6,6,0.47781437732405974,0.016717585601719143
ENSG00000198208.11,RPS6KL1,-0.4048981900978703,NA,0.6855523488222126,0.007745981603488994,0.12312399066056147,8.606302474731292e-09,NA,14,14,14,0.017618237957453778,0.05301680806113225
ENSG00000151470.12,C4orf33,0.40478180584898393,NA,0.6856379037108385,0.02219264173502439,0.2334308566026021,1.3879707485628662e-16,NA,38,38,38,0.16279617020808623,0.04557890356883276
ENSG00000115507.9,OTX1,0.40454758124513984,NA,0.685810096099222,0.03206742264358611,0.0937953911156466,6.570246543977334e-07,NA,34,34,34,0.00022825437967048648,0.22165327525245768
ENSG00000155254.12,MARVELD1,-0.40436123288970977,NA,0.6859471034751359,0.001176755466622054,0.017888800823575496,0.03493784159745257,NA,22,23,23,8.990676923103548e-05,0.02754623715794824
ENSG00000157315.4,TMED6,-0.4041976179047648,NA,0.6860674052930671,0.03243444045055983,0.24369663097655345,2.278950494747644e-17,NA,12,12,12,0.04955774890329758,0.20954474851385954
ENSG00000144026.11,ZNF514,-0.40364486613365674,NA,0.6864738880361851,0.1166483694930648,0.4318142030439613,9.117536085831294e-37,NA,46,48,48,5.590213261352851e-06,0.32251249205066657
ENSG00000264968.1,RP11-387H17.4,-0.4023046034884244,NA,0.6874598671226135,0.010042033966480991,0.03190339269582464,0.004489051885362162,NA,3,3,3,0.6773328426878091,0.1582791084722634
ENSG00000183617.4,MRPL54,-0.402014572353834,NA,0.6876733017850765,0.03826911639370402,0.2842940140555062,6.0349044220012495e-21,NA,31,37,37,7.570784371837349e-05,0.25653070804586137
ENSG00000170270.4,GON7,-0.40182244192485417,NA,0.6878147047698375,0.027422476875848457,0.01961398425837297,0.02709195005181691,NA,87,96,96,0.00106866840542634,0.1501582530087163
ENSG00000205809.9,KLRC2,0.40154461008754155,NA,0.6880192010623992,0.06309161061242641,0.2278451060341903,1.0165432872337064e-16,NA,41,50,50,0.00415026722481444,0.1379232482422729
ENSG00000112640.14,PPP2R5D,0.40113397924284977,NA,0.6883214849646697,0.005397183343945362,0.09389159067964804,4.6295817118750466e-07,NA,14,14,14,0.05291338844553306,0.04445358068059357
ENSG00000037757.13,MRI1,0.4010140748457364,NA,0.6884097613993255,0.12202696897662926,0.4896049906488154,1.8348175656155462e-42,NA,10,10,10,0.20441077439025734,0.15786179459641753
ENSG00000159322.17,ADPGK,0.40071517769118814,NA,0.6886298349847072,0.003428090843392452,0.03207087974768889,0.004653538216496839,NA,43,45,45,0.2534843629561402,0.04764268659873186
ENSG00000244733.5,RP11-506M13.3,-0.400654566356987,NA,0.6886744654351984,0.0023705709240374453,0.27827656903270936,3.975379201835213e-20,NA,16,20,20,0.006485502869046149,0.06012976848268066
ENSG00000177938.4,CAPZA3,0.40043131764536033,NA,0.6888388613725213,0.008481445639377614,0.1339260556409887,2.0563087709082145e-09,NA,10,10,10,0.00870314782105455,0.047327830799399125
ENSG00000241058.3,NSUN6,0.4003612890620111,NA,0.6888904320651892,0.008483614683541077,0.14093271963497284,3.935376773422794e-10,NA,24,25,25,0.060339426053143345,0.028324696767707838
ENSG00000197302.10,ZNF720,0.4003436762923441,NA,0.6889034027497904,0.04108141605438984,0.07804600049344003,7.641295580916292e-06,NA,48,53,53,3.4654267071805395e-06,0.34463794569457257
ENSG00000126804.13,ZBTB1,0.40029214219407705,NA,0.6889413548606296,0.004406767398727045,0.07705926404687267,7.0722610858905275e-06,NA,9,9,9,0.1358047165436407,0.0445616472671115
ENSG00000103326.11,CAPN15,0.4002878474226912,NA,0.6889445177657065,0.002343058054871263,0.03587347205932292,0.002486451625190302,NA,15,18,18,0.22428934050420757,0.05551916243593489
ENSG00000198467.13,TPM2,0.39990139522544565,NA,0.689229144599834,0.0023985227221927094,0.025103666759053837,0.012345005784422224,NA,28,29,29,0.01276932271383093,0.06633726483298154
ENSG00000107537.13,PHYH,0.3991526953236047,NA,0.6897806964968876,0.023266661950214214,0.1673347962497299,8.881085186309669e-12,NA,86,87,87,0.0014604323632966879,0.11034552963747668
ENSG00000140575.12,IQGAP1,-0.399124352256462,NA,0.6898015794946097,0.012818227062135729,0.2884214215415506,7.502739048262915e-21,NA,43,43,43,0.05339314513064474,0.03249951449650608
ENSG00000185904.11,LINC00839,0.3989762359772491,NA,0.6899107145017714,0.07130180023925939,0.2632615872116098,7.520337898542548e-19,NA,37,40,40,0.012780017471790814,0.21705075968691712
ENSG00000138660.11,AP1AR,-0.3989353887849505,NA,0.689940812656469,0.0023346233167692975,0.03208925600201417,0.004652290031781193,NA,17,17,17,0.11208736563229446,0.08230520728766959
ENSG00000152348.15,ATG10,0.398843919964539,NA,0.6900082130140026,0.14902970616471747,0.4567507583045896,1.6369455415390008e-38,NA,23,24,24,1.5203350166811834e-20,0.12124584421127325
ENSG00000233008.5,LINC01725,0.3988426602705715,NA,0.6900091412581145,0.012969864809645935,0.07660364248145063,7.595815125187013e-06,NA,26,27,27,3.7861670183560023e-06,0.06880749219341561
ENSG00000261672.1,RP11-475B2.1,-0.39867224750900493,NA,0.690134719423473,0.004208447634791891,0.0875292661335272,1.7105347120569436e-06,NA,3,3,3,0.6651135456913129,0.058835308674926014
ENSG00000149243.15,KLHL35,0.39844542210416933,NA,0.6903018816325769,0.004070809920843783,0.06373929283357327,4.937006213517242e-05,NA,19,19,19,0.2106346902348456,0.0514191321611574
ENSG00000198033.11,TUBA3C,-0.39827065690769403,NA,0.6904306876357448,0.009840834697225373,0.12248394140051368,8.865068119593322e-09,NA,23,24,24,0.06636563119831826,0.031173187090445937
ENSG00000196196.2,HRCT1,0.39811185730663634,NA,0.690547734399415,0.028953902550356573,0.14269962566042346,2.8725076594929725e-10,NA,16,16,16,0.017139373383616575,0.14572359083759906
ENSG00000164039.14,BDH2,-0.3981004968615919,NA,0.6905561081507494,0.09825518877393143,0.44225354983926224,4.838709048122686e-36,NA,37,37,37,0.018611810578043134,0.2106074625996476
ENSG00000114857.17,NKTR,0.39755352522445037,NA,0.6909593241597863,0.008853407515616783,0.16238993780961336,2.8056238121189922e-11,NA,21,21,21,0.014003714177683146,0.06543997952844455
ENSG00000240875.5,LINC00886,-0.3974738094128534,NA,0.691018096306323,0.10391341286227597,0.3710086662289949,2.068583416413847e-28,NA,91,94,94,0.00020396476982875223,0.2351576293011949
ENSG00000162669.15,HFM1,-0.3970712757237771,NA,0.6913149011105927,0.013897937707437375,0.13873148340009106,2.3337747510122767e-10,NA,16,16,16,7.27298060663784e-05,0.07084276028192757
ENSG00000261754.2,CTC-523E23.1,-0.3960901327534396,NA,0.6920385372342412,0.006968014268993544,0.032140560530532436,0.0041730224967143955,NA,27,27,27,0.00813330331740687,0.06961968340712714
ENSG00000226742.3,HSBP1L1,0.3958681558338803,NA,0.692202294020226,0.002769404678473043,0.05237152854900323,0.000241713886914444,NA,20,20,20,0.243334622746193,0.05564108043566368
ENSG00000140993.10,TIGD7,0.3957362508799585,NA,0.6922996097434875,0.01752975747334418,0.1151270492783206,2.4939494107612453e-08,NA,36,40,40,0.019695285077758765,0.1648662187728797
ENSG00000168411.13,RFWD3,0.39558860850435473,NA,0.6924085421140379,0.008542578755266761,0.12749358982584896,3.1598422224861448e-09,NA,14,16,16,0.0030405154955198137,0.053071889305295265
ENSG00000027001.9,MIPEP,-0.395019215686115,NA,0.6928287067422487,0.0035078130062075616,0.09796555505888888,2.9034907167565216e-07,NA,13,14,14,0.0009844670724404915,0.06608015294312841
ENSG00000166478.9,ZNF143,0.3949829051849736,NA,0.6928555040845708,0.010303384262706206,0.09238754295753217,5.035404459108139e-07,NA,24,26,26,5.514573602876209e-07,0.0515061804938918
ENSG00000110315.6,RNF141,-0.394921694130796,NA,0.6929006790370588,0.028210526436392613,0.017795097393897962,0.036167993969365465,NA,119,131,131,3.921906135254947e-06,0.15431344434451633
ENSG00000236609.3,ZNF853,-0.3945577672290312,NA,0.6931692867350466,0.0024315331324031484,0.05490580730905404,0.00017280050568176212,NA,18,20,20,0.15121904975049547,0.05752922430240263
ENSG00000120322.3,PCDHB8,0.3945507660821447,NA,0.6931744545299988,0.0049591171680645535,0.04033924540500269,0.001174924863453734,NA,11,11,11,0.15040910397362622,0.022477416646875296
ENSG00000163630.10,SYNPR,0.3944163689776868,NA,0.6932736605688385,0.025806699496406522,0.056423633212951366,0.00014708320155650733,NA,52,56,56,0.012172368678908557,0.08743384107137324
ENSG00000156990.14,RPUSD3,-0.39418801665306086,NA,0.6934422322818182,0.002558816599139274,0.0392639349370737,0.0015316468509889887,NA,1,1,1,0.6934422322818181,0.15722896951020504
ENSG00000178802.17,MPI,-0.39411808287797345,NA,0.6934938610509238,0.0038968796165060812,0.04477662366015178,0.0007698713425646303,NA,10,10,10,0.24031285012189407,0.02258396738758925
ENSG00000152404.15,CWF19L2,0.3939146037775618,NA,0.6936440880542178,0.0033627520384650104,0.05409241798636885,0.00014656823357892966,NA,3,3,3,0.3682491233860017,0.06275625246189451
ENSG00000270972.1,RP11-326C3.15,0.3936786943546176,NA,0.6938182731800615,0.006579657928426177,0.05052072765543097,0.0003072260452870065,NA,5,5,5,0.32213329987408335,0.09039160950438084
ENSG00000171867.16,PRNP,0.39330741335851166,NA,0.694092443475249,0.0002475707015278497,0.023404542403657996,0.013358868236440294,NA,2,2,2,0.6351148205665662,0.014693935403020431
ENSG00000245680.9,ZNF585B,0.39324571894269617,NA,0.6941380052385142,0.0021170417385580308,0.02251370481366712,0.016224139954110938,NA,25,25,25,0.5993820551194957,0.026269065929402025
ENSG00000165272.14,AQP3,0.39225062265777344,NA,0.6948730434974781,0.004769650764361987,0.09187767493846044,2.108081528130728e-07,NA,8,8,8,0.0664818774788376,0.07286746193926166
ENSG00000168397.16,ATG4B,0.3920201882749356,NA,0.6950432972023455,0.00623746491795384,0.05554403052894765,0.00016104366349594418,NA,13,17,17,0.25196031852481493,0.1063507990321782
ENSG00000175395.15,ZNF25,-0.3919879838670551,NA,0.695067092271467,0.004926759345526022,0.10254956478919744,2.086027155079444e-07,NA,95,95,95,0.02859428334077112,0.03397903036744759
ENSG00000164199.16,ADGRV1,0.3917304088550055,NA,0.6952574191137362,0.023463527820524483,0.1859434401740176,4.8946991937251146e-14,NA,17,17,17,0.20528227051368064,0.05904193846054425
ENSG00000205517.12,RGL3,-0.391523470774032,NA,0.6954103433236525,0.00648240703325525,0.1541009702194036,8.81058377632113e-11,NA,10,10,10,0.025440498990529404,0.058789231445811475
ENSG00000267065.2,LINC02080,-0.39141666875429754,NA,0.695489273299436,0.012781362312738057,0.06932222672461404,1.540596643482835e-05,NA,8,8,8,0.42119909106046316,0.1309250380873558
ENSG00000048471.13,SNX29,-0.3912729292666112,NA,0.6955955064081795,0.010812459714484456,0.09248667253815994,8.43082214033067e-07,NA,21,21,21,0.01641018383281157,0.06745054852013974
ENSG00000114859.15,CLCN2,0.3910364291361314,NA,0.6957703088467042,0.030701531793445418,0.01585093749770884,0.04742711188852415,NA,74,82,82,0.001317652065361989,0.3112256949834071
ENSG00000118412.12,CASP8AP2,-0.39090707957391807,NA,0.6958659207873611,0.004075389468654419,0.057647834307178236,0.00012022969525998521,NA,21,24,24,0.033655028604194046,0.08200980362843725
ENSG00000256433.2,RP1-102E24.8,-0.3908803163180408,NA,0.6958857041161604,0.035121181836238566,0.18188555887505106,5.221181541010793e-13,NA,11,12,12,0.16880611839348825,0.22836957190314594
ENSG00000178449.8,COX14,0.39045322010673106,NA,0.6962014405154797,0.0016850161018557453,0.023421669802439,0.014228181893395796,NA,23,24,24,0.024874251590386635,0.020494429874371323
ENSG00000218510.6,LINC00339,0.39042600447637515,NA,0.6962215618074337,0.12763759727269147,0.43995257126198256,4.629170346252053e-37,NA,34,39,39,2.5363698682816617e-05,0.5066977507232391
ENSG00000167315.17,ACAA2,0.3903540579353679,NA,0.6962747549674078,0.04300871538352322,0.20677878803331265,1.6058873350719516e-14,NA,36,36,36,0.018579838558374345,0.07672738154409506
ENSG00000069696.6,DRD4,0.38995602545708913,NA,0.6965690644186832,0.010127097683214535,0.035368157011782406,0.002269152531636345,NA,29,32,32,0.010573238804198274,0.07630169619857673
ENSG00000198909.7,MAP3K3,0.3898086172718512,NA,0.696678071194454,0.0031432100274254972,0.08134230636465667,3.8944925705082635e-06,NA,32,33,33,0.4725621615430833,0.03612594802107685
ENSG00000106113.18,CRHR2,-0.38963844596827807,NA,0.6968039188419584,0.02106920814853273,0.07270118419513835,1.27908365333754e-05,NA,18,20,20,0.0514734787907756,0.09944871455123562
ENSG00000072135.12,PTPN18,0.3895069593681572,NA,0.6969011635094122,0.002069602907608772,0.039053190089431034,0.0014545117950241198,NA,6,6,6,0.31063574219846035,0.022336069996057983
ENSG00000104064.16,GABPB1,-0.38943024523929093,NA,0.6969579019333418,0.006012373495895527,0.0823839340919806,2.4270265404722047e-06,NA,14,14,14,0.6384180874839611,0.03565642173768805
ENSG00000042493.15,CAPG,0.3888281184019022,NA,0.6974032989207082,0.002177074345569547,0.05672368073195087,0.00013753380416962871,NA,6,6,6,0.054769004071672706,0.032593479445847326
ENSG00000136874.10,STX17,0.38879710372183945,NA,0.6974262434989604,0.018024792606576398,0.16011493764597334,2.949735714427203e-11,NA,28,28,28,0.35282211118028783,0.01885142668580193
ENSG00000174473.15,GALNTL6,-0.3887624186599438,NA,0.6974519037437096,0.011393956359555073,0.09759160954045704,4.5145345391769886e-07,NA,19,19,19,0.1770025921767232,0.03197987458458257
ENSG00000112339.14,HBS1L,0.38869403107303724,NA,0.6975024983593807,0.007834196167975592,0.1408522132510057,5.414993761527187e-10,NA,19,19,19,0.027375564342667125,0.06772320113888278
ENSG00000197363.9,ZNF517,-0.38856714016395383,NA,0.6975963785606119,0.0006913824812566469,0.02185940858954182,0.019910427422501827,NA,12,19,19,0.12567169156233826,0.03268265442996439
ENSG00000173272.15,MZT2A,-0.388435553533465,NA,0.6976937377789614,0.052469014848853975,0.2952453189802635,7.889309502982954e-22,NA,45,54,54,0.00011664056124747972,0.12651625395368798
ENSG00000105483.17,CARD8,-0.38788438700781136,NA,0.6981015927072494,0.008780624272948548,0.1183169684339506,2.060832383469725e-08,NA,34,36,36,0.00012553735991517015,0.17093947791830535
ENSG00000185880.12,TRIM69,-0.3875614744498695,NA,0.6983405836551408,0.009970448870132558,0.20961292252363747,7.175277550526007e-15,NA,31,31,31,0.017735966604609577,0.0897648344660683
ENSG00000128604.19,IRF5,-0.3874057517599602,NA,0.6984558463317259,0.03721152135620366,0.3098640307923465,6.164922347819497e-23,NA,7,7,7,0.021668997890559826,0.17964105112631248
ENSG00000131620.17,ANO1,-0.3869490173488942,NA,0.6987939516843136,0.011396752517491298,0.06933221101340539,1.6006827124617545e-05,NA,33,34,34,0.0003348265410418131,0.06307858817759253
ENSG00000258647.5,LINC00930,-0.38687683113834564,NA,0.6988473942147839,0.002972145112890019,0.07732692848521522,6.111625953312592e-06,NA,21,22,22,0.01057247078997306,0.04988562064805567
ENSG00000189042.13,ZNF567,0.38674200883525756,NA,0.6989472129128345,0.011359774141105932,0.07357058634796636,1.2124084120453187e-05,NA,26,28,28,1.977455459858437e-05,0.09546522478079024
ENSG00000206418.3,RAB12,-0.38653780502844254,NA,0.6990984096653132,0.002529136735737763,0.05123798529256312,0.0003196108085036,NA,16,20,20,0.26816638970174833,0.044340942563776575
ENSG00000150051.13,MKX,0.38625145340995404,NA,0.6993104504699095,0.005571327843340246,0.0247378738291393,0.01298854152409303,NA,32,32,32,2.819763353166799e-07,0.07991806675061998
ENSG00000196262.13,PPIA,0.3854437098618049,NA,0.6999087036625025,0.0017488885379935244,0.05440253131439962,0.00019101606630552863,NA,19,19,19,0.3448803338802767,0.04455659076131542
ENSG00000203772.7,SPRN,-0.3854162962427107,NA,0.6999290107597052,0.03828440481071217,0.2094027884084768,1.3491200447877591e-14,NA,33,37,37,1.5923052116929763e-05,0.13729500833185387
ENSG00000175170.14,FAM182B,-0.38535526998930786,NA,0.6999742177488302,0.04698142557538184,0.15862440420741392,4.4144865144160384e-11,NA,36,40,40,0.004300666044090045,0.38673792863985984
ENSG00000180279.6,LINC01869,-0.3853352919000164,NA,0.6999890173360845,0.047842300163839134,0.15935134057740724,2.8712355178892454e-11,NA,7,9,9,0.13298293422954438,0.3322476580674407
ENSG00000162738.5,VANGL2,0.3847886424357112,NA,0.7003940144906798,0.0022285951720514012,0.018708747017226343,0.030942350827780907,NA,20,22,22,1.8649272228088322e-05,0.04909525634380972
ENSG00000277420.1,CH17-408M7.1,-0.38457811663141445,NA,0.7005500098448554,0.0018694795415625585,0.020847002738459863,0.023144849739399256,NA,4,7,7,0.4366742623065486,0.027109766853863185
ENSG00000040531.14,CTNS,-0.3843008708146744,NA,0.7007554626440983,0.006261875417977827,0.08854163296031124,1.3284827052260882e-06,NA,12,12,12,0.10557049625825275,0.07934294527521234
ENSG00000120265.16,PCMT1,0.3840968776472267,NA,0.7009066456040673,0.005309085700700451,0.04616936839262998,0.0006361372823127071,NA,80,82,82,0.006554314363979498,0.1412020351930052
ENSG00000163879.10,DNALI1,-0.38359750071885484,NA,0.7012767927003882,0.005618405566994547,0.05382765813802107,0.00014489091103130563,NA,13,14,14,0.24013626831451707,0.024321664211157033
ENSG00000141458.12,NPC1,-0.38285706847783274,NA,0.7018257447943718,0.020806975432003577,0.14329090732941924,3.393251499945324e-10,NA,41,41,41,3.0763923999473534e-11,0.04193259135401521
ENSG00000196437.10,ZNF569,-0.3826191823647422,NA,0.7020021452015324,0.0026467700160446193,0.020785446027000453,0.02337390839008178,NA,12,13,13,0.339330204517707,0.10679945803240422
ENSG00000128253.13,RFPL2,0.3824641356155169,NA,0.7021171261288754,0.020920254625948945,0.032562991286025265,0.0039441923456008535,NA,56,62,62,0.00011512040932374868,0.23155440968766014
ENSG00000198885.9,ITPRIPL1,-0.3818145932767988,NA,0.7025988935197565,0.02915969312239846,0.1232459311790406,1.1074394812783629e-08,NA,14,14,14,0.03687583995935104,0.08142890989292223
ENSG00000181610.12,MRPS23,-0.3816675276126973,NA,0.7027079891358508,0.006405001207610856,0.13243082663348218,2.239473787200652e-09,NA,23,23,23,0.2551852938603766,0.07617398684226277
ENSG00000171346.15,KRT15,-0.3815139011723555,NA,0.7028219581782258,0.02393211797166169,0.0884992166558085,9.653877301040407e-07,NA,57,63,63,0.03887774179231448,0.14175357391498972
ENSG00000146352.12,CLVS2,-0.3815016572410485,NA,0.702831041727135,0.03992389886138093,0.14035600033827406,1.219645347752349e-10,NA,37,39,39,0.00040173649926700933,0.7656928563026077
ENSG00000133059.16,DSTYK,-0.3814475834093568,NA,0.7028711586222662,0.0008327139206576279,0.04082125732547998,0.0013053692854689835,NA,8,8,8,0.2938256815208644,0.014356367003415771
ENSG00000006042.11,TMEM98,0.3812223325357501,NA,0.7030382791450321,0.006349128896671133,0.05268630038433349,0.00024369460642818927,NA,45,49,49,6.740294856123512e-07,0.06793997450276902
ENSG00000100347.14,SAMM50,0.38120082791015814,NA,0.7030542348360417,0.010174298367075845,0.20761036131928814,2.8521841507981673e-15,NA,12,14,14,0.016450453757877938,0.07854872149976032
ENSG00000263280.1,LA16c-325D7.2,0.3807482222821874,NA,0.7033900829491874,0.0273111342213199,0.15625236482105315,4.947988650106816e-11,NA,8,8,8,0.6628258609635758,0.14506456610173715
ENSG00000165555.9,NOXRED1,0.38074069969377883,NA,0.703395665443897,0.07209503318956115,0.09742456279212376,4.332965143062663e-07,NA,80,85,85,9.446889430507709e-05,0.15767854413771645
ENSG00000077380.15,DYNC1I2,0.3806255452970286,NA,0.7034811232394964,0.015051378015563954,0.11736236883941553,1.8785961692320908e-08,NA,93,99,99,1.420327766268727e-07,0.1757358224982064
ENSG00000213380.14,COG8,0.38037989504119674,NA,0.7036634364756049,0.00047690146827648384,0.019060879382571297,0.028401754392496995,NA,3,3,3,0.054371512273248615,0.014915879418552953
ENSG00000142102.15,PGGHG,-0.3799892038501086,NA,0.703953429233942,0.06695590379476175,0.4441208549927713,2.723273206638408e-36,NA,19,24,24,2.7778284292314265e-07,0.21100934083421985
ENSG00000170100.13,ZNF778,-0.37935848020306684,NA,0.7044216782904098,0.01051396680703114,0.061018846368709224,6.0103626578606834e-05,NA,10,10,10,0.003120330322672351,0.18928830317803072
ENSG00000189241.6,TSPYL1,-0.3787719690762174,NA,0.704857204532709,0.005212649414380587,0.1252060156330519,4.408049778201733e-09,NA,13,13,13,0.002305841560520564,0.03939251096136075
ENSG00000115145.9,STAM2,0.37873260654948465,NA,0.7048864374759085,0.0028687435668862593,0.03288771280123952,0.00415196526463429,NA,15,15,15,0.2537065874834471,0.2122729511725961
ENSG00000143512.12,HHIPL2,-0.3785368791784951,NA,0.7050318026819612,0.04673725592421264,0.10134050263724856,2.525517044610219e-07,NA,38,38,38,0.04011060976952951,0.9451067673354944
ENSG00000259134.5,LINC00924,-0.3784317736009284,NA,0.7051098682273972,0.005782394156250345,0.08506859260965723,2.762319275631501e-06,NA,14,17,17,0.058565946720074674,0.05368027227529597
ENSG00000250305.8,KIAA1456,-0.3774927531240174,NA,0.7058074488993478,0.012613602406141825,0.07463119566635608,1.1009722344732227e-05,NA,22,22,22,0.005563073218570586,0.1228275612425398
ENSG00000143195.12,ILDR2,0.376864558207994,NA,0.7062742612033492,0.011163892832069717,0.03945125447998776,0.0016235028728578114,NA,27,29,29,0.014486854395056582,0.1714640417067651
ENSG00000085514.15,PILRA,0.37652410992086094,NA,0.7065272948759829,0.21815831202005675,0.5616373648519972,1.672193964752271e-52,NA,19,20,20,0.6687563548850975,0.13508950693814356
ENSG00000120645.11,IQSEC3,-0.37650176882743835,NA,0.7065439007317071,0.0009113823221057479,0.042566454534701856,0.0009343880378833297,NA,1,1,1,0.7065439007317071,0.042308478297386085
ENSG00000185043.10,CIB1,-0.3763879048907293,NA,0.7066285365437477,0.018151755281199233,0.28820741127644955,3.635260299366409e-21,NA,16,18,18,0.4316010565864298,0.10159763020558132
ENSG00000167972.13,ABCA3,0.3756453969164977,NA,0.7071805365055499,0.009397678800745712,0.043699894108427416,0.0008601834997023362,NA,56,68,68,1.9401133814202696e-05,0.10887280982313753
ENSG00000232653.8,GOLGA8N,-0.3756388562760286,NA,0.7071853996743185,0.03923670259735848,0.2283121703483888,1.330078829658705e-16,NA,16,37,37,0.2492286688386094,0.1589639975203168
ENSG00000041988.15,THAP3,0.3756186423832678,NA,0.7072004294051841,0.006142282798414493,0.10159467784370743,1.6269334456141102e-07,NA,18,23,23,0.33383632867165647,0.035349630936484334
ENSG00000076662.9,ICAM3,-0.3753452355989619,NA,0.7074037280470129,0.0028639803728188577,0.03029162641835977,0.005926982719857662,NA,13,13,13,0.07247298156322284,0.029982765978465005
ENSG00000176978.13,DPP7,0.37512300669780935,NA,0.7075689874303328,0.011701639613974892,0.13992303915649199,5.49802117369287e-10,NA,15,17,17,1.6952929769756e-08,0.036120543977723366
ENSG00000120725.12,SIL1,-0.37493880489077486,NA,0.7077059786029004,0.02638561608755397,0.17757560136060715,1.0088345379799758e-12,NA,35,38,38,0.016970751886844326,0.11022436197221018
ENSG00000161996.18,WDR90,-0.3748831757724025,NA,0.7077473519257621,0.025527463114147178,0.2830807502391305,2.782164181405483e-20,NA,10,10,10,0.082425686445867,0.07940394355538816
ENSG00000123454.10,DBH,0.37480435471158957,NA,0.7078059753855013,0.03359260213523026,0.15126931344750685,1.1153538660542765e-10,NA,27,29,29,9.474386178216128e-07,0.20188451425893766
ENSG00000272800.1,RP11-438L19.1,0.37472956103115324,NA,0.7078616050674087,0.06817716351178722,0.05563148918906071,0.00015660561816370974,NA,111,112,112,3.972592421922951e-05,0.1441009742422744
ENSG00000100744.14,GSKIP,-0.374596542382508,NA,0.7079605448866984,0.00770112208568197,0.17349340381701464,2.9516900548853957e-12,NA,23,23,23,0.027181267226226328,0.025720651990311198
ENSG00000197183.14,NOL4L,0.3743593496240809,NA,0.7081369820709752,0.0005626379881197838,0.024449541500819832,0.01348079968470773,NA,12,12,12,0.627744028260887,0.01455092775904814
ENSG00000235049.1,LINC00940,0.37390605902342594,NA,0.7084742084396974,0.00827069850382426,0.09873120575201946,3.4663068360248343e-07,NA,42,42,42,0.023295869713712475,0.17991341984849776
ENSG00000170892.10,TSEN34,0.3736501585580368,NA,0.7086646113046956,0.003214966555629608,0.02572845258397457,0.01092636784304708,NA,25,32,32,0.025697909276898336,0.10519213941853063
ENSG00000135052.16,GOLM1,-0.37318122303720636,NA,0.709013570248991,0.00028886792727565383,0.015612404176229862,0.04826436777882552,NA,2,2,2,0.6030731849811786,0.024735638069930763
ENSG00000177239.14,MAN1B1,0.3731663215427335,NA,0.7090246602159642,0.007251980762280043,0.1535533312367245,5.8050463073250745e-11,NA,27,29,29,0.08411528848930179,0.043890363171964035
ENSG00000123892.11,RAB38,0.37293611816410666,NA,0.7091959896490156,0.036678172515455465,0.17841584219672998,2.206240053445223e-12,NA,52,53,53,7.88215927477376e-06,0.15709691288867206
ENSG00000269713.7,NBPF9,-0.3728515258533168,NA,0.7092589513813975,0.0013861097362686983,0.1271247029715972,1.4085959163257544e-09,NA,8,17,17,0.4160706346484677,0.06397274597614222
ENSG00000138074.14,SLC5A6,0.37266364920501144,NA,0.709398794352484,0.002758700793512772,0.042324348208739884,0.0009545568815750435,NA,17,20,20,0.024338648348304407,0.0824339922174414
ENSG00000168275.14,COA6,-0.3726543902169619,NA,0.7094056863849934,0.022893417088713494,0.2864806779095574,8.158244944094571e-21,NA,25,26,26,4.3550619119677364e-06,0.0627364222850343
ENSG00000168234.12,TTC39C,0.37264181564555293,NA,0.7094150464475668,0.0020685974353648376,0.03172224623698884,0.004698781848180962,NA,6,7,7,0.2097620491147585,0.041227932485259286
ENSG00000168116.13,KIAA1586,0.37252487557374026,NA,0.7095020945675493,0.011914577500123733,0.07132090347119907,1.7180911380574292e-05,NA,30,37,37,0.0007237364196520021,0.08268855597100425
ENSG00000260653.5,RP11-114G11.5,0.3723651959656924,NA,0.7096209633661439,0.013552867968141558,0.11994540490387008,1.0604780329717743e-08,NA,11,13,13,0.6323481491621912,0.0215173954587801
ENSG00000108599.14,AKAP10,-0.37216198867941214,NA,0.709772245287893,0.0035743361316020648,0.016031734681212842,0.04553674811030491,NA,24,26,26,0.2594430741555017,0.03548773273712967
ENSG00000016391.10,CHDH,0.37210730470513614,NA,0.709812957872195,0.0011267923206357247,0.0449605387738576,0.0006177111028612322,NA,8,8,8,0.1680512529448992,0.048333857338496655
ENSG00000152240.12,HAUS1,-0.3720526273454475,NA,0.7098536663601831,0.004532152973770413,0.10743622210057872,7.563913430919847e-08,NA,18,19,19,0.128441605812099,0.1850817707265625
ENSG00000162714.12,ZNF496,0.3719406791036676,NA,0.7099370168536348,0.020502300645615677,0.2520959861251417,6.811815318000497e-18,NA,24,24,24,0.20181163971856586,0.042120109391857084
ENSG00000234465.10,PINLYP,0.3716752967390267,NA,0.7101346198060057,0.002937914398424342,0.03424946900058316,0.0035687884257012727,NA,11,12,12,0.08325446294924899,0.02398647212448635
ENSG00000179954.15,SSC5D,0.37133474522694204,NA,0.7103882220448272,0.0022734414853071987,0.03708591605006053,0.0020357070458488146,NA,15,19,19,0.01049255827200872,0.07426271900726797
ENSG00000101353.14,MROH8,0.3712611506593552,NA,0.7104430307358747,0.009220388755606459,0.06152501170301,7.280554984788202e-05,NA,25,27,27,3.217526267741916e-06,0.04771502547290487
ENSG00000186074.18,CD300LF,0.3711501620363209,NA,0.7105256910432919,0.008727623271779658,0.018159696395491254,0.03425870059432952,NA,26,29,29,0.02408196377326989,0.10415483441411523
ENSG00000054219.10,LY75,0.371083994770885,NA,0.7105749716467715,0.042640873245829644,0.3888954202062033,3.376216546111531e-30,NA,13,13,13,0.3708631269283116,0.0615614371906437
ENSG00000187045.16,TMPRSS6,0.37095438736387065,NA,0.7106715052301277,0.0004118694553186417,0.11764040113503657,1.3296663402235304e-08,NA,4,7,7,0.6590083348394238,0.050378509299312535
ENSG00000105879.11,CBLL1,-0.3709060455500087,NA,0.7107075121425626,0.0020023657479781645,0.026927931547337462,0.008635243182172701,NA,15,15,15,0.009327457735242746,0.057385271555202136
ENSG00000074317.10,SNCB,0.3704832317681842,NA,0.71102246823291,0.004524022288233717,0.018918853472266475,0.029755666424928662,NA,12,13,13,0.07409033904440748,0.07828064073928984
ENSG00000144031.11,ANKRD53,0.37005016379472594,NA,0.7113451138709541,0.0031571895429817554,0.016172720973655255,0.042295954676172864,NA,14,20,20,0.14813611901548088,0.094187488144748
ENSG00000256087.6,ZNF432,-0.3699211688389138,NA,0.711441228088608,0.009425264850146657,0.04311256313086504,0.00093947474419904,NA,34,36,36,0.0447845331579082,0.10700671972533923
ENSG00000108784.9,NAGLU,0.3696079807963986,NA,0.7116746037669195,0.01005398212000903,0.13326423219691438,1.937011903682683e-09,NA,28,28,28,8.636374191687484e-10,0.3587113116611109
ENSG00000151640.12,DPYSL4,0.3694653534553907,NA,0.7117808931277654,0.13627240336481344,0.4075155939837533,2.058361417977767e-32,NA,22,22,22,0.17134076306998836,0.190512399351752
ENSG00000241043.1,GVQW1,0.36929310881983246,NA,0.7119092614827213,0.039619681275917445,0.1386267152034451,1.1071911403564366e-09,NA,26,27,27,0.23261942898370014,0.13134961509452922
ENSG00000167711.13,SERPINF2,0.36895897759061996,NA,0.7121583019601221,0.013980387564100482,0.16876771870110532,4.6246516366992785e-12,NA,28,29,29,5.957732749802965e-05,0.15707439688028738
ENSG00000100577.18,GSTZ1,-0.36891568335965075,NA,0.7121905730139639,0.007131067891084571,0.11401300690023575,3.299331811509468e-08,NA,21,22,22,0.17178054156867162,0.04266113995356216
ENSG00000114779.19,ABHD14B,0.36879929606260253,NA,0.7122773294078164,0.012172630893633615,0.04942364023215401,0.0004268586521349214,NA,23,23,23,0.00022820972204663033,0.3006103588892172
ENSG00000104804.7,TULP2,0.3687575657717549,NA,0.7123084365407004,0.01363079399494465,0.024204281647071176,0.013193268927309315,NA,29,31,31,0.012996358036924458,0.26526817045774104
ENSG00000174307.6,PHLDA3,0.3687218387087356,NA,0.7123350690502392,0.0016437071848417273,0.0255419410416516,0.009866445632532974,NA,9,9,9,0.6103485255641607,0.021672395407961002
ENSG00000061794.12,MRPS35,0.36846122596993236,NA,0.7125293517535988,0.0023259250531854295,0.03607550349338863,0.002763358410732152,NA,51,54,54,7.802729231992842e-10,0.03848969394649885
ENSG00000127863.15,TNFRSF19,-0.3683438699270848,NA,0.712616844933242,0.00817501870248745,0.11665774203157335,1.1927327797343569e-08,NA,17,17,17,0.32537235030119127,0.057680853939726585
ENSG00000110169.10,HPX,-0.36805558139670413,NA,0.7128317905273834,0.04053655224510082,0.023862604273267408,0.015050761374107168,NA,75,80,80,0.01991783570485177,0.10259041676768124
ENSG00000101158.13,NELFCD,-0.3676536702722396,NA,0.7131314902681712,0.08408775427138761,0.278301091312762,1.3306190944729636e-20,NA,39,44,44,9.259087129478666e-05,0.17883708217659233
ENSG00000243955.5,GSTA1,-0.36745031711858406,NA,0.7132831448660322,0.035997870432991505,0.3157045569764407,1.9726651203887717e-24,NA,28,30,30,0.2492889112651634,0.040014319396200836
ENSG00000013288.8,MAN2B2,-0.3672982653174539,NA,0.7133965478802444,0.09254337835310601,0.12283653124009546,8.98735876451198e-09,NA,129,139,139,1.2211755497226553e-07,0.2277743481062925
ENSG00000131697.17,NPHP4,-0.36725762587174143,NA,0.7134268585948347,0.02577861321404156,0.2577448484588397,2.613506648635514e-18,NA,18,24,24,0.11921449285075116,0.061313992309598914
ENSG00000186496.10,ZNF396,0.36722593857098557,NA,0.7134504927135803,0.018732505841686835,0.10772550350905713,8.484124636986196e-08,NA,45,48,48,0.028730862102434286,0.05022211705184169
ENSG00000188257.10,PLA2G2A,0.36648110165385167,NA,0.7140061119127263,0.008215260922561515,0.045972193163190116,0.0006849723684138306,NA,23,25,25,0.2848088495000175,0.06726072466513229
ENSG00000145191.12,EIF2B5,-0.3661450056728254,NA,0.7142568760470956,0.002766110291854045,0.0239048169291618,0.013516665502022455,NA,22,22,22,0.16586111109795387,0.043565416444600935
ENSG00000157796.17,WDR19,0.36609629752564404,NA,0.7142932201802021,0.012730448525047407,0.04027575985547573,0.001374848402480957,NA,72,76,76,1.0752624736167246e-07,0.06515932635710113
ENSG00000255284.1,AP006621.5,0.36590370686920864,NA,0.7144369302162039,0.08547042606547486,0.3781991662920464,5.318027960388968e-29,NA,40,46,46,0.0006737219934385035,0.10516909447438262
ENSG00000103723.12,AP3B2,0.3658151782928353,NA,0.7145029931267404,0.03199126858615986,0.26758086641448464,3.191003210100516e-19,NA,11,11,11,0.42753023623734265,0.09170199561753203
ENSG00000254997.3,KRTAP5-9,0.3657436410916262,NA,0.7145563780820191,0.009653545688615482,0.07407452881591442,1.2644657647102873e-05,NA,22,24,24,0.11065266216085817,0.038575738791811816
ENSG00000179314.13,WSCD1,-0.3657350301797732,NA,0.7145628041075622,0.0005896428898141755,0.028378880820671217,0.00774624729465485,NA,4,4,4,0.3421812550873622,0.03369493022429042
ENSG00000242258.1,LINC00996,-0.36567695517837767,NA,0.7146061439999608,0.008755216331731867,0.028569254341424682,0.0072871676588643075,NA,24,29,29,0.003627335329664926,0.229534632342816
ENSG00000255621.1,RP11-377D9.3,-0.36560388710600344,NA,0.714660674146339,0.0038285518423965543,0.017031387853525554,0.03908982279520059,NA,20,22,22,0.06354142867931961,0.03188355121584036
ENSG00000085741.12,WNT11,0.3655841365788969,NA,0.7146754140645287,0.0002728975204552259,0.024622195256683316,0.01351889813334413,NA,3,6,6,0.28779753749661197,0.05877806605207856
ENSG00000184787.18,UBE2G2,-0.3653978676222003,NA,0.7148144327626298,0.0032372519485312262,0.019781748058220902,0.02448248030470732,NA,10,13,13,0.16252571016108464,0.03686357702294482
ENSG00000188199.10,NUTM2B,-0.3653819511516037,NA,0.7148263121912168,0.08408237029400284,0.2380781761569313,7.040997124568741e-17,NA,74,91,91,0.0002643004250000777,0.240378125713165
ENSG00000104969.9,SGTA,-0.3653196703679823,NA,0.7148727967862862,0.008567238911245223,0.03976358228707718,0.001400612059256988,NA,36,40,40,0.004059460359390458,0.08253946591831265
ENSG00000179603.17,GRM8,0.36514840140193966,NA,0.7150006324954619,0.01992247497157544,0.1174954869473638,2.0741046255848123e-08,NA,29,30,30,0.0029055476093556546,0.08058145949219321
ENSG00000273203.1,AC006946.16,-0.36493583971517723,NA,0.7151593003429548,0.005265740858630441,0.09832595658257297,3.7264305988072073e-07,NA,16,16,16,0.059449155093817374,0.05861668321129854
ENSG00000101347.8,SAMHD1,-0.36448400549851373,NA,0.7154966153765312,0.0013564751599725716,0.03098751793591742,0.004761861536018054,NA,11,13,13,0.3312136031502766,0.03827539786327533
ENSG00000125166.12,GOT2,0.3644238366983692,NA,0.7155415383474133,0.009183416497865377,0.2066466562932079,9.697484890214143e-15,NA,14,14,14,0.27921962721343074,0.04999637237486413
ENSG00000182606.14,TRAK1,0.3640325638199182,NA,0.7158336928457717,0.0037738324983581295,0.05816992311540922,0.0001194677768404415,NA,32,33,33,0.0004546478750857166,0.062658535112629
ENSG00000143437.20,ARNT,0.3637459777167929,NA,0.7160477065323967,0.0011912266444377296,0.02496097596110324,0.010547275545988796,NA,5,5,5,0.7093578010626188,0.01072286571376107
ENSG00000055732.12,MCOLN3,-0.3635311068814517,NA,0.7162081800986402,0.012636840506266882,0.1104830732455444,3.308201620345412e-08,NA,39,42,42,1.897488218446032e-07,0.15463314702778747
ENSG00000065000.15,AP3D1,0.36352641227421256,NA,0.7162116863466472,0.0013752991527484974,0.024190382247084075,0.012273758496004313,NA,5,5,5,0.7143656784971246,0.021948032459404902
ENSG00000144182.16,LIPT1,0.3631586344399212,NA,0.7164863861267279,0.03650619516376897,0.2260627845159924,2.837801138537215e-16,NA,58,58,58,0.01220535790607863,0.04801083331070066
ENSG00000259757.1,RP11-129I19.2,-0.362746495337922,NA,0.7167942637194058,0.01848688510805333,0.06161696755972395,7.006718918079256e-05,NA,87,93,93,0.005469680596012923,0.28658193301585017
ENSG00000282890.1,RP11-460M2.1,-0.36272183018216414,NA,0.7168126906305909,0.022545126421602137,0.1571975081686996,1.70985994942973e-11,NA,13,13,13,0.02511755709129525,0.16980137570688372
ENSG00000174780.15,SRP72,0.3626860903950692,NA,0.7168393914997744,0.0017994352716677999,0.061070427328502624,6.337183938275681e-05,NA,13,13,13,0.1510624278706259,0.02638637178790698
ENSG00000150753.11,CCT5,0.36253947421311944,NA,0.7169489307348907,0.001323431536398488,0.05042093402345782,0.000346996445404006,NA,15,17,17,0.2897078786929551,0.019059513556049474
ENSG00000111879.18,FAM184A,-0.3625177328671101,NA,0.7169651745291951,0.002727415321511732,0.030749204639476974,0.00541193932612597,NA,29,29,29,0.08617909124166613,0.059186398640993364
ENSG00000140319.10,SRP14,-0.36249076227217564,NA,0.716985325474055,0.022558536359721573,0.2628538389424305,1.6148851728604723e-19,NA,11,12,12,0.6304722050702396,0.09876665520915344
ENSG00000259087.5,RP11-356O9.2,0.36245003165060646,NA,0.7170157575272764,0.009310037719922313,0.06155034703048848,6.332836156407989e-05,NA,25,25,25,0.015665237870123493,0.04297682295239878
ENSG00000164904.17,ALDH7A1,-0.3624184861158699,NA,0.7170393272134106,0.00929165204583524,0.07410387629309845,1.2318798477750004e-05,NA,61,64,64,0.007751732710334837,0.0375279271088537
ENSG00000134184.12,GSTM1,-0.36235654092672237,NA,0.7170856112093036,0.13514410287101652,0.2222719876402988,1.2462310038110333e-15,NA,50,57,57,0.00013985046537928262,0.31994233635849545
ENSG00000002016.17,RAD52,0.3614561513428363,NA,0.7177584784578821,0.002568360982689722,0.06751164594854936,2.1362526335752953e-05,NA,6,9,9,0.30668010767277876,0.09737035329837193
ENSG00000089685.14,BIRC5,0.36121074040733425,NA,0.7179419137197436,0.007238326713509191,0.01795709227032366,0.0355051705310205,NA,59,62,62,0.00029243522221169497,0.2107615058836006
ENSG00000130638.16,ATXN10,-0.3607904329628022,NA,0.7182561151831703,0.0021548957485263624,0.05280162972676985,0.00022761221462269947,NA,19,22,22,0.3271643777964899,0.049460400822905495
ENSG00000267368.1,UPK3BL,-0.35999092385434,NA,0.7188539209093423,0.11843885791571411,0.17744827418811285,6.010633033409145e-13,NA,37,39,39,0.037788411123878665,0.18730549524097065
ENSG00000164010.13,ERMAP,0.3593787258409858,NA,0.7193117874879359,0.015301627472165062,0.10401056168240186,1.7565912305212127e-07,NA,26,28,28,0.04531226811650478,0.11828195241542422
ENSG00000008735.13,MAPK8IP2,0.35935938337215284,NA,0.7193262554794094,0.0005629087388482922,0.01806086114306876,0.03338045960874758,NA,2,3,3,0.7376981901958808,0.03191262778175585
ENSG00000006194.9,ZNF263,-0.35916914112250115,NA,0.7194685603168505,0.011950448837971948,0.07511960391082248,9.189656222257199e-06,NA,33,33,33,0.06302455774933273,0.08514457121168746
ENSG00000140284.10,SLC27A2,0.359151826077355,NA,0.7194815127842924,0.00386445893499238,0.046613336362875256,0.0005786772866946878,NA,13,14,14,1.2446247454977301e-05,0.12657022527726916
ENSG00000102760.12,RGCC,0.35911965589716555,NA,0.7195055778046691,0.01458733377763783,0.08691869419352166,1.3006886862282342e-06,NA,16,16,16,0.029299101928336724,0.06261978881122182
ENSG00000176485.11,PLA2G16,-0.3590036158035129,NA,0.7195923843290067,0.03426123258063381,0.1871316483051275,1.6528523281935415e-13,NA,10,10,10,0.030314802916065944,0.2597883498336223
ENSG00000165795.23,NDRG2,0.3589291963367243,NA,0.7196480574668019,0.0009252596317052479,0.02304269913373322,0.016300883218473054,NA,17,18,18,0.012445365334747917,0.02218295782657323
ENSG00000173588.14,CEP83,0.35888171195983887,NA,0.7196835812646578,0.00663281040741719,0.0789871209382263,1.4666684256141188e-06,NA,1,1,1,0.7196835812646578,0.23595691345453426
ENSG00000171786.5,NHLH1,-0.35880391731885525,NA,0.7197417819488868,0.006718556071748264,0.029417561820732532,0.0062231187885444395,NA,23,23,23,0.0678397078391161,0.044687609279777066
ENSG00000125445.10,MRPS7,0.3584934734588508,NA,0.7199740512038366,0.011370676287777822,0.23396876500079355,5.0650026273055356e-17,NA,14,16,16,0.05552614546943254,0.047443512021901266
ENSG00000116741.7,RGS2,0.35837252812798115,NA,0.7200645476129215,0.0031953112099145,0.14488076071838096,3.361210319412867e-10,NA,10,13,13,0.014761383915129003,0.02995171566989532
ENSG00000151458.11,ANKRD50,0.3582738240551142,NA,0.7201384050794946,0.02589185073032943,0.04615830130676739,0.0006121985257912245,NA,84,89,89,0.05997460506839137,0.15226064638982206
ENSG00000133466.13,C1QTNF6,0.3581978286725783,NA,0.7201952720549164,0.015553581969048895,0.09655541677189974,2.533096286450459e-07,NA,24,27,27,0.027233160222084603,0.12046159518699112
ENSG00000145979.17,TBC1D7,-0.35799998676858724,NA,0.7203433234502337,0.014743002406152509,0.028193161268156467,0.007686008005477782,NA,55,59,59,0.004237688822043831,0.11077611642632884
ENSG00000250067.11,YJEFN3,-0.35797579882816716,NA,0.7203614247756108,0.016276354889792198,0.19430603358167825,5.4875601490198083e-14,NA,42,44,44,2.1385554508308073e-17,0.04256381788205256
ENSG00000074755.14,ZZEF1,-0.3577809299443088,NA,0.7205072628790754,0.005024897093210019,0.05788879101435345,0.00013185270337644344,NA,51,53,53,0.0008406317841269671,0.12485822398960975
ENSG00000232006.8,AC005537.2,-0.3575135948533781,NA,0.7207073505762547,0.018153039119453127,0.08562220736334446,2.4025926990022666e-06,NA,50,51,51,0.0013917674429538528,0.2331778268079073
ENSG00000158773.14,USF1,-0.35740661645947513,NA,0.7207874242130541,0.002162787725575281,0.02597163833823881,0.009568877929406062,NA,12,13,13,0.049255626331808314,0.046346667894177886
ENSG00000124406.16,ATP8A1,-0.35730918285913393,NA,0.7208603562084208,0.0038178548146315175,0.12528490943158976,4.391685234882593e-09,NA,17,17,17,0.21371986382306685,0.06623562985380738
ENSG00000198815.8,FOXJ3,-0.35659799164323847,NA,0.7213927812018543,0.009413028675926374,0.06509172938604385,3.4907343323686134e-05,NA,32,33,33,6.926645748031445e-05,0.0704837168962539
ENSG00000271590.1,RP11-181E10.3,-0.3562540186936061,NA,0.7216503409987152,0.003117215371925242,0.018887771918429514,0.030746802713620375,NA,14,17,17,0.0017255924941506568,0.05483664761845468
ENSG00000004534.14,RBM6,-0.35598846068207496,NA,0.7218492069114177,0.06995036182925655,0.4691581204204418,2.018766459436534e-39,NA,45,46,46,0.05109712265517104,0.03691261327709111
ENSG00000214357.8,NEURL1B,-0.355879212827191,NA,0.7219310237765608,0.004027568130594212,0.0406617775182784,0.0013063583587273786,NA,30,35,35,0.0008512527414340074,0.0535414560923294
ENSG00000126231.13,PROZ,-0.35552164912828543,NA,0.7221988292226413,0.0609799214348547,0.2995312369248625,3.7454060710625485e-22,NA,33,35,35,0.03751959209977407,0.08810592509539575
ENSG00000122481.16,RWDD3,0.3553821037525729,NA,0.722303354136248,0.017727500847169377,0.1889217700713252,7.847998935157277e-14,NA,24,24,24,0.03552122971831704,0.08838374275973522
ENSG00000131591.17,C1orf159,-0.35518096084006656,NA,0.7224540271211077,0.0007082280312889072,0.1310148516937961,3.349300094461489e-09,NA,5,8,8,0.03477695875801452,0.018024733359673882
ENSG00000114455.13,HHLA2,0.35484887087187744,NA,0.7227028140365526,0.004845296046147634,0.07484741033286832,8.941305703353605e-06,NA,25,25,25,0.0003096824241480244,0.04315535818725245
ENSG00000276045.2,ORAI1,-0.35460843094871214,NA,0.722882959147128,0.004142164553087536,0.06797186092017589,2.152251110963168e-05,NA,6,6,6,0.6051981285185868,0.04058628877544708
ENSG00000125409.12,TEKT3,-0.35443615906068665,NA,0.7230120400795212,0.01116214886616913,0.023774232487249733,0.014691193851251668,NA,23,25,25,0.04226874415035589,0.2252929741388961
ENSG00000185864.16,NPIPB4,0.35428136808462285,NA,0.7231280295302662,0.04231713602805617,0.15294532814563025,1.1584618523771873e-10,NA,53,63,63,0.00033430151247418755,0.347485958093371
ENSG00000250506.7,CDK3,-0.35428097542332004,NA,0.7231283237710686,0.026672220690491907,0.2791033675927698,5.99718276480417e-21,NA,20,22,22,0.02579418697423457,0.3024771211351214
ENSG00000184220.11,CMSS1,-0.35403191655574273,NA,0.7233149643137737,0.0032436860512252337,0.02361942979199632,0.014744869423715862,NA,21,22,22,0.003790779287983968,0.036369112168088996
ENSG00000196228.3,SULT1C3,-0.35386465049652577,NA,0.7234403199348017,0.04121261494529079,0.22813710073757096,2.5103854114859597e-16,NA,15,15,15,0.2675815728881976,0.032266034568646074
ENSG00000204876.4,AC021218.2,0.35385127983347914,NA,0.72345034074449,0.004910148227950411,0.14726270941682074,1.0937203272022749e-10,NA,16,19,19,0.2088971246475234,0.05120946355024638
ENSG00000060491.16,OGFR,0.353829528126467,NA,0.7234666429331003,0.03194262192650531,0.1679665571440025,2.3104944154625574e-12,NA,43,46,46,0.008676595586387285,0.08282386250347805
ENSG00000057468.6,MSH4,0.3529428265857158,NA,0.7241313032892308,0.02507977320427162,0.1519074874182959,1.249998642397916e-10,NA,12,13,13,1.1244695271119773e-05,0.09263624425419087
ENSG00000178093.13,TSSK6,0.35293585898620244,NA,0.72413652693886,0.008866731264946017,0.0785714283231393,4.276537450952985e-06,NA,23,28,28,0.09884155390028768,0.0490104445910762
ENSG00000169762.16,TAPT1,-0.35258395390560443,NA,0.7244003689150476,0.0006465725980793283,0.020678271314136357,0.02323677088498436,NA,3,3,3,0.3989939741647268,0.035260560867957993
ENSG00000120159.11,CAAP1,-0.35242871484375515,NA,0.7245167703137819,0.0028668373512100555,0.017514259424409286,0.034530122939402684,NA,22,24,24,0.301842287926791,0.0346558322739389
ENSG00000137275.13,RIPK1,-0.35226402440493404,NA,0.7246402655086899,0.007361670375482741,0.07235046033800098,1.1081715598336051e-05,NA,37,41,41,0.003724110624712776,0.1658596055754752
ENSG00000196405.12,EVL,-0.35223253513608566,NA,0.724663878948616,0.09892540572696082,0.019390465499266627,0.02605171075964677,NA,198,221,221,0.002050137035049792,0.3926555222503515
ENSG00000118322.12,ATP10B,0.35221496544168823,NA,0.7246770543738643,0.0030736477742993153,0.02504474658751048,0.011994307506828358,NA,20,21,21,0.014982729701585975,0.020795361179393124
ENSG00000221923.8,ZNF880,-0.35203548616454444,NA,0.7248116496488468,0.05332609308098596,0.353056301825715,9.668289121312854e-27,NA,8,9,9,0.5363397593000219,0.05665023841772982
ENSG00000140009.18,ESR2,0.3519918447481322,NA,0.7248443785480121,0.02432569462593684,0.07428131107551189,7.93165811087002e-06,NA,51,53,53,0.0003126628145945677,0.16318299604170325
ENSG00000104728.15,ARHGEF10,0.3519855628202215,NA,0.7248490897239683,0.015032330403020393,0.037510550336316686,0.001958554248578721,NA,33,37,37,0.046321679985610445,0.1541276955639757
ENSG00000173511.9,VEGFB,0.3515456886729771,NA,0.7251790023235305,0.0012608412054312252,0.028290591483010618,0.0082143195351626,NA,7,9,9,0.5196188054342628,0.05946664887605217
ENSG00000076344.15,RGS11,-0.35073798201731,NA,0.7257849279633337,0.01792312957313913,0.13067683509617226,1.5900015971053354e-09,NA,35,42,42,3.968362513637527e-05,0.19410921401995046
ENSG00000167216.16,KATNAL2,0.35015081662590924,NA,0.7262255156703649,0.005734959743277399,0.029537229133011943,0.006275213056936031,NA,18,18,18,0.128441605812099,0.21164851237115145
ENSG00000236682.1,AC068282.3,-0.3501242475840034,NA,0.7262454542633878,0.3763260653453539,0.5651960948471937,5.173039176061739e-53,NA,90,94,94,1.930163204266892e-09,0.2419125211991076
ENSG00000268401.1,CTC-344H19.4,0.3499013954022521,NA,0.7264126997725338,0.006389818723160794,0.019272194638736227,0.02787861188328021,NA,5,5,5,0.4656647088674263,0.11687357833839708
ENSG00000108852.14,MPP2,0.3498569082428319,NA,0.7264460879387409,0.0008518254757105901,0.019732033398370628,0.025538612976537724,NA,5,5,5,0.37834670388818437,0.03265284496790613
ENSG00000145020.15,AMT,0.3495706826657111,NA,0.7266609162176227,0.01599883622505085,0.1851225402112556,5.018517672744497e-13,NA,42,44,44,0.4940639484683379,0.04495538896110213
ENSG00000101187.15,SLCO4A1,0.3488816515120224,NA,0.7271781607044219,0.008373915261853083,0.04561518716021675,0.0006459654894194204,NA,42,50,50,0.0037421580178831036,0.0756542591047323
ENSG00000248714.6,RP11-1079K10.3,-0.3486830447886927,NA,0.7273272746407959,0.014544489534252992,0.02472148080196119,0.012295517287135259,NA,28,31,31,0.0004354963076834834,0.1920151550486638
ENSG00000196705.8,ZNF431,0.34858332269373365,NA,0.7274021498885578,0.010087096088114193,0.06269276142242,5.916586850361821e-05,NA,60,61,61,0.15995242183094194,0.11999315010477815
ENSG00000122085.16,MTERF4,0.3485523394006759,NA,0.7274254138863508,0.07844833247161925,0.3486791116538684,1.1864337116218006e-26,NA,49,55,55,0.033982376690931196,0.10066503803553577
ENSG00000129055.12,ANAPC13,-0.34765666699759135,NA,0.7280980435961939,0.07596704693961565,0.4841459351117572,3.180575861700731e-41,NA,62,64,64,0.10912801265954344,0.034359391119582
ENSG00000143314.12,MRPL24,0.3475454057936035,NA,0.7281816128798863,0.002679806868562236,0.09070556820853064,1.0737687455663383e-06,NA,14,16,16,0.4793915042122422,0.0224669122020838
ENSG00000117834.12,SLC5A9,-0.34740703826895286,NA,0.7282855464713311,0.09094010147666035,0.16704675448843365,2.586344603969797e-12,NA,101,102,102,0.006522370926210909,0.15529840383900415
ENSG00000177192.13,PUS1,-0.3464878967751687,NA,0.7289760785433022,0.006499529865982125,0.050172797768102614,0.0003773676021856501,NA,40,43,43,0.0012542827258265321,0.08574184946141661
ENSG00000139055.6,ERP27,0.34632517725277695,NA,0.7290983492995357,0.004585201469234511,0.0173150575538707,0.036705477152041116,NA,21,22,22,0.03627843155589983,0.06607511198569621
ENSG00000163466.15,ARPC2,0.34606356675234196,NA,0.7292949431900072,0.0028256138926235543,0.01860055651411596,0.03231298163738616,NA,36,36,36,0.038645082799359624,0.0293205879090913
ENSG00000132122.11,SPATA6,0.34602530917076146,NA,0.7293236943186228,0.0036872051500916963,0.048247913350827995,0.0004365054355686423,NA,27,28,28,0.27490169189069313,0.044061580793172135
ENSG00000275198.1,RP11-471B22.3,0.3453473730424077,NA,0.7298332362685811,0.006095477364403731,0.03583086773981845,0.002752465669521936,NA,10,10,10,0.4581041743683689,0.0708364504582809
ENSG00000115677.16,HDLBP,-0.3452825221707004,NA,0.7298819849326452,0.0010737065300757888,0.022004825264230896,0.018597090712253333,NA,6,7,7,0.7070184490068071,0.0252569191299675
ENSG00000230710.1,LINC00332,0.34525489823839167,NA,0.7299027502864579,0.005411694351387213,0.0999166244262823,3.001948333542732e-07,NA,14,14,14,0.12039899226073761,0.06499883526202575
ENSG00000115594.11,IL1R1,-0.3452022823804558,NA,0.7299423030202181,0.012132988741757876,0.096184343527621,3.411859801026791e-07,NA,22,25,25,0.014987445799855356,0.038440640615090914
ENSG00000234817.2,RP3-400B16.1,-0.3449915510255111,NA,0.7301007225598004,0.019995451714683175,0.11608744027089178,1.9982047598149033e-08,NA,32,33,33,0.1766999161670032,0.2919868976856245
ENSG00000100227.17,POLDIP3,-0.3446981526753633,NA,0.7303213070728842,0.000818432182297153,0.030049279659146857,0.006122948673507855,NA,5,6,6,0.2634806408659087,0.037437408189291414
ENSG00000269893.6,SNHG8,-0.3446801479519439,NA,0.7303348442190931,0.009237272618175803,0.14002537426585346,6.298025702985239e-10,NA,15,16,16,0.052460836710733094,0.10687324914765688
ENSG00000172058.15,SERF1A,-0.34447363371580575,NA,0.7304901213371606,0.013150618816279065,0.34872031678621995,1.933813029736094e-26,NA,15,18,18,0.35357057790215474,0.09125248564656256
ENSG00000235314.1,LINC00957,-0.3441768807531093,NA,0.7307132678848144,0.007169402307114868,0.13383788939270316,1.6893945115674526e-09,NA,15,15,15,0.2976418518101108,0.04834273913252843
ENSG00000182667.14,NTM,-0.3439568518207707,NA,0.7308787356973436,0.005943738624219828,0.020671364047125187,0.022927011570638586,NA,25,26,26,0.009951517387129771,0.041593561054506095
ENSG00000273209.1,RP11-107N15.1,0.34373273911561897,NA,0.7310472874933313,0.016254708999666665,0.04295447858376529,0.0008158720481993535,NA,31,33,33,0.0015224925941071544,0.17620405580190687
ENSG00000171135.13,JAGN1,-0.3436472552888243,NA,0.7311115820156231,0.00016222685168811198,0.03739456805224522,0.0018126739386868785,NA,5,8,8,0.23483544350527408,0.013782566636985131
ENSG00000142046.14,TMEM91,-0.34362689737608226,NA,0.7311268939890011,0.005298165704447136,0.04646322150410626,0.0006190307861858515,NA,37,40,40,0.0031357788026380833,0.0380873460945425
ENSG00000226900.1,RP11-432J24.5,-0.3434436517565704,NA,0.7312647249259758,0.02608855137403117,0.04895563845829905,0.00033621524353308905,NA,25,25,25,0.036193716121060066,0.33677585726802745
ENSG00000198369.9,SPRED2,-0.34332800941693153,NA,0.7313517115083845,0.0009805435124662244,0.01662702162600209,0.04242796988446945,NA,6,6,6,0.5022730803585073,0.019786397464891345
ENSG00000168993.14,CPLX1,-0.3432929556917492,NA,0.7313780797282852,0.013873422693368581,0.15088893452124952,9.074768756572552e-11,NA,18,19,19,0.0002687661931709479,0.05421637194076566
ENSG00000227533.5,SLC2A1-AS1,-0.3431001243932351,NA,0.7315231375479334,0.03041981998905779,0.20139461155851515,1.5274567410897002e-14,NA,14,15,15,7.421633567952507e-05,0.034299241115286615
ENSG00000187166.1,H1FNT,-0.34292753767760514,NA,0.7316529744692528,0.01609661977193552,0.06998461899485031,2.1246043700738282e-05,NA,14,14,14,0.008844636462927737,0.04534624218058979
ENSG00000181074.3,OR52N4,-0.3424639115622669,NA,0.7320017982613902,0.03645932382066229,0.04622953672922295,0.0005994269077408674,NA,85,92,92,8.235606745399247e-06,0.1952663902953356
ENSG00000105695.14,MAG,-0.34155099456817933,NA,0.7326888221257034,0.11788026767066664,0.2741392762431049,9.917346243427892e-20,NA,49,53,53,0.024805663432833306,0.4387990334041666
ENSG00000110042.7,DTX4,-0.34098485208011575,NA,0.7331149853932628,0.0043928023943677515,0.07041972025577388,1.836650301309318e-05,NA,55,56,56,0.004424002547204426,0.04102016114455045
ENSG00000151657.11,KIN,0.3408839900142478,NA,0.7331909178642927,0.015718421304729405,0.11467979812997567,3.424124458596978e-08,NA,13,14,14,0.3796423778518069,0.10839435895426283
ENSG00000162927.13,PUS10,0.3405666526372114,NA,0.7334298375040709,0.014280866586858613,0.06098610489390417,8.080667154323135e-05,NA,30,30,30,1.0864564968456586e-12,0.13818391352982695
ENSG00000167766.18,ZNF83,0.3405285631925719,NA,0.7334585163424141,0.03503961314219721,0.3783410692438284,1.6503030234832029e-29,NA,16,17,17,0.21738647506066566,0.08225068504673311
ENSG00000152229.18,PSTPIP2,-0.34011373110160115,NA,0.7337708816116315,0.003953419218343848,0.038022304395601066,0.0018611357681580047,NA,9,10,10,0.01615744850723382,0.08762752005023015
ENSG00000145241.10,CENPC,0.3396030905038947,NA,0.7341554504396595,0.012461759534420058,0.10726545562955744,7.888230585131794e-08,NA,70,71,71,0.059969496965820206,0.15029905975569413
ENSG00000180730.4,SHISA2,0.33899632242308597,NA,0.7346125005940868,0.012946147835358673,0.08030364961539943,4.812413378811324e-06,NA,19,21,21,0.05821188665426061,0.11366739555103594
ENSG00000167780.11,SOAT2,-0.3386278367088751,NA,0.7348901096286027,0.0604684934115743,0.07227233723943191,1.6773023247174998e-05,NA,88,94,94,3.616541863906156e-08,0.19768046732465472
ENSG00000205037.2,RP11-863P13.4,0.33851300986548616,NA,0.734976624728595,0.0021677367009091497,0.0236713590133493,0.01437787657252389,NA,2,2,2,0.5130036076067566,0.06618519153597595
ENSG00000197046.11,SIGLEC15,-0.33847647078655857,NA,0.7350041554258543,0.023503135068438884,0.08177049976519586,3.591605093136412e-06,NA,46,48,48,9.94534516234947e-08,0.1505080832261097
ENSG00000241973.10,PI4KA,0.33840539186900476,NA,0.7350577114501871,0.005674333975036123,0.12181519783771852,6.748014849014363e-09,NA,13,14,14,0.22782163866949623,0.17393822906491788
ENSG00000271743.1,CTD-2541M15.3,-0.338221951425734,NA,0.735195934769196,0.035802695349862024,0.04914677634575335,0.0003028829813746524,NA,24,28,28,0.014254292718505325,0.07091408015092163
ENSG00000183542.5,KLRC4,0.33818138377287166,NA,0.7352265038627763,0.00648670666594298,0.040615382011914,0.0013237987876138482,NA,14,16,16,0.0015701267736080863,0.028132114343530086
ENSG00000021300.13,PLEKHB1,-0.33777639873711957,NA,0.7355316967193757,0.024719405324973402,0.16488163832539166,1.477286381989125e-11,NA,28,28,28,0.10719368852659288,0.06900335622601256
ENSG00000162885.12,B3GALNT2,0.3371541275041642,NA,0.7360007157265676,0.0013597018177925954,0.02850561537090468,0.006943716955123304,NA,11,11,11,0.018733361998869987,0.03497026018932228
ENSG00000169885.9,CALML6,0.3369334011823974,NA,0.7361671054830814,0.028208800735120183,0.14688366085524926,3.114450235201797e-11,NA,33,36,36,0.006853624911562599,0.17025282211925355
ENSG00000110888.17,CAPRIN2,0.3365328401623553,NA,0.7364690913320955,0.008550580846246918,0.07127873168332689,1.908820198615411e-05,NA,39,41,41,0.00034794456184947037,0.06010426606353441
ENSG00000204624.7,DISP3,0.3361905580038576,NA,0.7367271725848467,0.005366751675432838,0.04888172525187838,0.00037488983674367554,NA,6,7,7,0.00758160670346028,0.19553122774679105
ENSG00000025156.12,HSF2,0.33606407505823394,NA,0.7368225484291648,0.0226883510800815,0.04369494788997507,0.0007931421420025598,NA,77,77,77,0.002622316785361628,0.1743578764798848
ENSG00000135778.11,NTPCR,0.33572809842433216,NA,0.7370759149573212,0.05745694737091899,0.33686295514337883,3.568520853666115e-25,NA,30,30,30,0.2852285883737301,0.050257338207106664
ENSG00000124243.17,BCAS4,-0.3356599780341094,NA,0.7371272893570056,0.004808844963985696,0.05364322113948898,0.00014532886713540657,NA,27,29,29,0.15870646520711906,0.208868394864629
ENSG00000138767.12,CNOT6L,0.3355003656645642,NA,0.7372476689236205,0.0031390790293265827,0.08849848469553613,1.1839646918798887e-06,NA,6,7,7,0.725804398659753,0.018889255269255043
ENSG00000148290.9,SURF1,0.3353172439935422,NA,0.7373857871337768,0.03872937119050952,0.2908221110149222,5.977406312737844e-21,NA,81,83,83,1.63509809081234e-08,0.09277729184790996
ENSG00000244607.5,CCDC13,0.3349424543241942,NA,0.7376684959983815,0.021148520049292262,0.19206351796144247,2.2398869728384524e-13,NA,18,18,18,0.0020525264322698213,0.07827421939220061
ENSG00000276529.1,AP001505.10,-0.3349047655074924,NA,0.7376969271418772,0.03970474375335567,0.18404210915230054,4.046821918283498e-13,NA,8,8,8,0.37601038366911566,0.09840978110266156
ENSG00000167562.12,ZNF701,0.3348355092880623,NA,0.7377491725808693,0.0014699731552401125,0.01895423539495102,0.03028170149771357,NA,2,3,3,0.7127809033337484,0.03664847317046067
ENSG00000131778.18,CHD1L,-0.33483255607590356,NA,0.7377514004491001,0.016093601557691052,0.1345542432205119,1.2878951006758454e-09,NA,57,64,64,0.021859524929324445,0.06341404803293398
ENSG00000083845.8,RPS5,0.3347152806160541,NA,0.7378398734458489,0.0038723723568179877,0.09405837002831934,6.511135465106516e-07,NA,16,17,17,0.3118488118861168,0.024105872004532427
ENSG00000161395.13,PGAP3,0.33461252254286755,NA,0.7379173973325914,0.028391162168293512,0.3388044853431201,1.7131293970997874e-25,NA,63,80,80,1.954746525347482e-16,0.2431601118095937
ENSG00000116785.13,CFHR3,-0.3345928758262651,NA,0.7379322197302856,0.0748571249390612,0.22690322765708545,3.2952558143746393e-16,NA,13,13,13,0.4139404682973996,0.12626123025723596
ENSG00000134108.12,ARL8B,0.3345714914549495,NA,0.7379483532063407,0.0006588936615203496,0.019513549977194726,0.026289717629349018,NA,8,8,8,0.3024014118752173,0.02084718227797772
ENSG00000116151.13,MORN1,0.33452333453151883,NA,0.737984685703459,0.01038160844779925,0.07651286650353628,9.364378131147439e-06,NA,14,14,14,0.3601796971256178,0.0667424168300188
ENSG00000084676.15,NCOA1,-0.3344667845270767,NA,0.738027351195984,0.004365689762813308,0.07709704473610426,8.588163609268675e-06,NA,24,26,26,0.2530620000166366,0.20490107250541328
ENSG00000130158.13,DOCK6,0.33443470008337295,NA,0.7380515584245746,0.008758927071995904,0.021614042522817054,0.019824892279557062,NA,35,35,35,0.00017014848328679113,0.15264195635582242
ENSG00000166670.9,MMP10,-0.33386850739464125,NA,0.7384787849803335,0.0013663343301719639,0.021778812981679614,0.01584234367199839,NA,2,2,2,0.3824137014224891,0.053795619196350654
ENSG00000271324.1,RP11-10C24.2,0.3334744219459098,NA,0.7387761939158948,0.015619148239132633,0.02810482247648855,0.007674044810593778,NA,70,73,73,0.12996179981749803,0.10319830955964583
ENSG00000176273.14,SLC35G1,0.33324260878352596,NA,0.738951157245725,0.008010155380780941,0.08831054675936585,1.7611640974904618e-06,NA,14,15,15,3.263090520241043e-05,0.09489146118559542
ENSG00000161980.5,POLR3K,-0.33323421899919814,NA,0.7389574897738319,0.012598683148953571,0.09067453262818992,6.407685394352777e-07,NA,16,19,19,0.2624268503221857,0.07242349223621447
ENSG00000166167.17,BTRC,0.33303456325475234,NA,0.7391081932225876,0.0068916106109543065,0.07963378299350604,3.80247130908508e-06,NA,14,17,17,1.3581114353719618e-05,0.07525718906734953
ENSG00000177508.11,IRX3,-0.3330019110580051,NA,0.7391328405927908,0.0033806134073286294,0.07850391234569648,6.47569407921248e-06,NA,11,14,14,0.016789331503569337,0.03736339252978554
ENSG00000162729.13,IGSF8,-0.33280213576214646,NA,0.7392836459501957,0.013179164551955981,0.03575679585720296,0.002703689409920736,NA,44,51,51,0.004875110428771579,0.10113133515201912
ENSG00000118965.14,WDR35,-0.33279394914157867,NA,0.7392898260385146,0.002316878581172294,0.02164226744987596,0.01984879785014934,NA,31,32,32,0.35694646566632116,0.055301575146691456
ENSG00000081803.15,CADPS2,-0.33259783303357154,NA,0.739437879323046,0.0011686402401555407,0.017664487214604216,0.03251010973627882,NA,3,4,4,0.6921098226688283,0.026098395336208387
ENSG00000270001.1,RP11-218C14.8,0.33242486447032227,NA,0.7395684659233301,0.009248611850843996,0.02995757912000961,0.006118666342289001,NA,16,16,16,0.45888218744012077,0.04747193202791659
ENSG00000176083.17,ZNF683,-0.3323948947612268,NA,0.7395910930087377,0.0010034243274127084,0.01916537914097269,0.02913249193810165,NA,12,13,13,0.4312133760330935,0.025854507913547792
ENSG00000139874.5,SSTR1,0.33220291967054644,NA,0.7397360392598464,0.002195304465620368,0.02932662552804665,0.006428721675089516,NA,14,14,14,0.009681053109251197,0.07699061893564979
ENSG00000138303.17,ASCC1,0.33206051482357046,NA,0.7398435646432043,0.006414699589280839,0.11544382743551387,2.9744293166694392e-08,NA,17,20,20,0.19878138169793436,0.0885814445545871
ENSG00000165501.16,LRR1,0.3318806080471681,NA,0.7399794138133409,0.001336365921514184,0.03228753604414413,0.0043842846920807204,NA,11,11,11,0.11520286919766375,0.021499409349331568
ENSG00000188921.13,HACD4,0.33176704977130717,NA,0.7400651668303343,0.0040996916877342054,0.03144074079806542,0.0051457534803093785,NA,32,32,32,4.6044950539695556e-07,0.05902190402122527
ENSG00000160321.14,ZNF208,0.3316895151161034,NA,0.7401237186296463,0.006136519861672721,0.04857275461702277,0.00035412026019591313,NA,25,25,25,0.4496070740017304,0.052360209574991615
ENSG00000143653.9,SCCPDH,-0.33134306552049037,NA,0.7403853651564107,0.013286610800360723,0.06016168160870955,7.98284080677905e-05,NA,34,35,35,0.3749819178799191,0.05299262613287272
ENSG00000121871.3,SLITRK3,0.33091978399881933,NA,0.740705077646679,0.009578997262014687,0.06570096612100201,3.715685406949167e-05,NA,21,21,21,0.0001682874553588087,0.08709139649955244
ENSG00000263508.5,RP11-963H4.3,0.33026181016255285,NA,0.7412021465533764,0.007232179086700951,0.05993384481415739,6.970368817219015e-05,NA,13,13,13,0.6218395022716698,0.03442755617399148
ENSG00000116176.6,TPSG1,0.32990959968860023,NA,0.7414682697350856,0.011025413925029898,0.07506547069551593,1.0199490472175439e-05,NA,10,10,10,0.08743980038835165,0.13917460164474652
ENSG00000143622.10,RIT1,0.32981559307929453,NA,0.7415393044764489,0.0031830651383756127,0.03997060229045635,0.0015624201520650035,NA,8,8,8,0.35276055886743984,0.02901594307691444
ENSG00000136451.8,VEZF1,0.32955846855122034,NA,0.7417336081743919,0.006368051642705455,0.02860524832772485,0.00764268072634178,NA,28,29,29,0.06954363330367783,0.10733806337576868
ENSG00000168806.7,LCMT2,0.3294877746908927,NA,0.7417870329516134,0.0023953332650886346,0.04920045918101862,0.0004040959564588378,NA,9,9,9,0.17739648354362503,0.03662931987583192
ENSG00000112619.7,PRPH2,0.3293511086891034,NA,0.7418903177358505,0.017328086505138614,0.11531709489251465,1.9133242109918355e-08,NA,30,31,31,0.001834115583026472,0.06836885049229575
ENSG00000171557.16,FGG,-0.32923409479452975,NA,0.741978754213078,0.0067636263625812576,0.06357272424650301,4.249841495077821e-05,NA,20,21,21,0.05459196788413192,0.17152630654042844
ENSG00000255693.1,RP11-766N7.3,-0.3284100029766032,NA,0.7426016807573841,0.021198185664349507,0.1890225809365109,1.942342848517032e-13,NA,9,9,9,0.07663167228781974,0.05953428813966857
ENSG00000174744.13,BRMS1,0.3282977988236441,NA,0.7426865083191716,0.0010799224658218092,0.033262222613515365,0.0036552586107198156,NA,9,9,9,0.6348029303915326,0.04681426407148808
ENSG00000267855.5,NDUFA7,-0.32817151780665127,NA,0.7427819818808825,0.0015944110700971774,0.03470090029298309,0.0028530054314633013,NA,6,6,6,0.5953174515965318,0.1349021198843632
ENSG00000196381.10,ZNF781,0.3280412966346957,NA,0.7428804385030481,0.016530204640066756,0.14714091712910465,2.0427949527686918e-10,NA,67,68,68,0.001439493213915897,0.06396417795721529
ENSG00000188004.9,C1orf204,0.32765029842937327,NA,0.7431760866865594,0.018115792829659118,0.09458416123034342,5.246921062114461e-07,NA,19,20,20,0.043453597836733755,0.25051277640260394
ENSG00000114670.13,NEK11,-0.3274662862157251,NA,0.743315238227601,0.03232469290670681,0.14290263536889472,4.908619179042481e-10,NA,56,59,59,0.1072076433669838,0.12358369575192735
ENSG00000109576.13,AADAT,0.32745766899330214,NA,0.7433217548472452,0.014090726395107476,0.08346140549975938,2.7790699592240798e-06,NA,36,37,37,0.1447229946224987,0.0768100477715831
ENSG00000184117.11,NIPSNAP1,0.32740944630212054,NA,0.7433582227304709,0.0027872682912180695,0.061798025577188616,6.159128688875766e-05,NA,23,23,23,0.20857227493649733,0.02115201547908371
ENSG00000184983.9,NDUFA6,-0.3265720884863795,NA,0.743991557166333,0.01354571821506289,0.18745813679504347,5.56009960700885e-15,NA,19,23,23,0.010914758435442408,0.3030142270245861
ENSG00000167920.8,TMEM99,0.3259352110269208,NA,0.7444733745527915,0.024363414869648884,0.33336362958520194,9.7269062864938e-25,NA,17,18,18,0.12154964744410189,0.0431251647761832
ENSG00000275784.1,RP5-1125A11.6,0.32532091067177193,NA,0.7449382064377988,0.0026461299937023267,0.03745861521769693,0.00181760065139065,NA,10,10,10,0.058151653634031915,0.030415041676066505
ENSG00000183793.13,NPIPA5,0.3249514917956808,NA,0.7452177849158635,0.14481517015507145,0.33700032335061136,3.716065977355808e-25,NA,48,54,54,0.004226828255934763,0.3124977011929565
ENSG00000234630.1,LL22NC03-2H8.4,-0.32471967582620553,NA,0.745393241808892,0.007770400307496069,0.14552630150461007,3.783737939864732e-10,NA,33,36,36,0.06451033458138983,0.0799654642168296
ENSG00000197774.12,EME2,-0.3243087521321512,NA,0.7457042942259424,0.0037277273714897696,0.07956917041380424,4.2233012583863715e-06,NA,9,10,10,0.11565289998554844,0.03415083467239091
ENSG00000205181.5,LINC00654,-0.32417311080174627,NA,0.7458069782639547,0.0025601165924442632,0.021207399106410868,0.020219180797473296,NA,14,15,15,0.05071001541696371,0.12436335654380855
ENSG00000136816.15,TOR1B,-0.32381741665872016,NA,0.7460762694822596,0.023970493931748847,0.13905573022650194,7.004167210287362e-10,NA,30,32,32,0.09718657234533079,0.15886769621355154
ENSG00000162600.11,OMA1,-0.3234726368246305,NA,0.7463373272310323,0.004104387027909571,0.07253554062350191,1.5241124396731458e-05,NA,49,54,54,0.32597272012945133,0.028707610968155908
ENSG00000066135.12,KDM4A,-0.3233521804838494,NA,0.7464285403033739,0.0010909188320399547,0.04266345098856525,0.0010933765763966165,NA,9,11,11,0.004055858536270126,0.018843331476076204
ENSG00000147408.14,CSGALNACT1,0.32318305128385044,NA,0.7465566158874744,0.03421230651982887,0.1616060965763353,1.7880518551650104e-11,NA,30,33,33,0.0040196563588872315,0.08909396396622149
ENSG00000032742.17,IFT88,-0.322925113455931,NA,0.7467519565953118,0.007381630798028808,0.13118215236252745,1.960534311396886e-09,NA,30,30,30,0.5830452335837888,0.00865577060848553
ENSG00000198547.8,C20orf203,-0.3227055602697181,NA,0.7469182407805801,0.017515721433483632,0.07379979999434824,1.275569110822253e-05,NA,30,31,31,0.11328812988910536,0.07630363345703448
ENSG00000120669.15,SOHLH2,0.3226003101001011,NA,0.7469979588495802,0.171887338773562,0.4371584428306564,4.6891459584173286e-36,NA,72,72,72,0.09456094166238758,0.14377394012887906
ENSG00000116560.10,SFPQ,-0.32244991484318425,NA,0.7471118751870337,0.00032287670502257086,0.018295242854850718,0.03363255049927883,NA,7,10,10,0.041040947230656336,0.017679415657761717
ENSG00000077254.14,USP33,-0.32233132469501796,NA,0.7472017047568484,0.013169574912286205,0.01603796313852173,0.04541526813721919,NA,108,113,113,0.011492746883007237,0.0917323983532616
ENSG00000144191.11,CNGA3,0.3221977669879146,NA,0.7473028760523495,0.007890532479670663,0.024436731469272024,0.014010669234696923,NA,35,36,36,0.0005856161587785199,0.10409980770416574
ENSG00000169231.13,THBS3,0.32217067200038174,NA,0.7473234013069684,0.011658609703056596,0.16669427935048414,1.164615018232125e-11,NA,27,29,29,6.946278276839863e-19,0.060290465826768676
ENSG00000132781.17,MUTYH,0.32203721174276984,NA,0.7474245040148376,0.0106390391011978,0.07068443844492182,1.7838033444614734e-05,NA,48,48,48,0.00029796090662820074,0.06596019242391313
ENSG00000111321.10,LTBR,-0.3219225217150356,NA,0.7475113908222899,0.020941155904831463,0.2904853589825138,5.906372682519731e-21,NA,24,27,27,0.0018620274817642659,0.13075925786848852
ENSG00000257949.6,TEN1,-0.32172982268870165,NA,0.7476573828661426,0.030621682783482998,0.2578672055746699,2.0706946877422225e-19,NA,42,45,45,0.02275176826658772,0.11838918538903127
ENSG00000142208.15,AKT1,-0.3214522090405223,NA,0.747867723576457,0.0024496066761042507,0.04789977995326596,0.000481070745975971,NA,8,8,8,0.0013019981174514203,0.025787555520309514
ENSG00000136371.10,MTHFS,0.3214270127434709,NA,0.7478868150911022,0.0016146624924266689,0.029119319636744686,0.006485871983613705,NA,14,14,14,0.5933676935151497,0.02300740603905286
ENSG00000153786.12,ZDHHC7,-0.32124872942332966,NA,0.7480219067636049,0.008934821302051674,0.11519518028750225,2.3445206238183112e-08,NA,18,18,18,0.16036207768691746,0.050468195913442856
ENSG00000101670.11,LIPG,0.3211812249236361,NA,0.7480730593662748,0.01571873613780759,0.1621682728271713,6.414660590858912e-12,NA,10,15,15,0.028342916144474577,0.04020911194500481
ENSG00000171045.14,TSNARE1,0.32099702647256495,NA,0.7482126442982833,0.057899778491522974,0.2963685082250994,6.511108442605443e-22,NA,76,85,85,5.955979777797576e-06,0.13042359941214046
ENSG00000114473.13,IQCG,-0.3205263749356329,NA,0.7485693398381097,0.021888427097287923,0.12761842893984146,4.7495900298344e-09,NA,12,15,15,0.05210914910560768,0.09629615620548714
ENSG00000115419.12,GLS,-0.32036607569313075,NA,0.7486908390879781,0.004496293546585934,0.06395172010880515,3.2224928356495595e-05,NA,18,18,18,0.031433279372774396,0.028609036697204993
ENSG00000091262.15,ABCC6,0.32028001475049217,NA,0.7487560717895503,0.004515948479787239,0.09974088196700442,3.0588351235505304e-07,NA,18,21,21,0.2407146516727291,0.04481929552280768
ENSG00000169914.5,OTUD3,-0.3202307882301178,NA,0.7487933854464531,0.011868954724742474,0.030845063390329587,0.0038250915058108607,NA,32,33,33,0.00016568882814216033,0.12923738218936726
ENSG00000112796.9,ENPP5,0.3200835184092835,NA,0.7489050193462332,0.0007753538461813014,0.017586644679400996,0.035598101551155906,NA,21,21,21,0.016496231564138524,0.011486363499579938
ENSG00000267508.5,ZNF285,0.31975426443772864,NA,0.7491546204348012,0.007411456787742337,0.12142758153231514,5.090875891143132e-09,NA,17,17,17,0.4332009865331975,0.03309072563187518
ENSG00000156886.11,ITGAD,-0.31948336206487526,NA,0.7493600060085099,0.022515387518490686,0.08640890452691513,1.4611932397621372e-06,NA,4,4,4,0.6806187631044038,0.09864064586314576
ENSG00000167965.17,MLST8,0.3194404819786969,NA,0.7493925173245308,0.00658542317007794,0.17127478753733572,3.627555099937197e-12,NA,10,10,10,0.14369701315007163,0.03002351926712753
ENSG00000156219.16,ART3,-0.3192357904673596,NA,0.7495477188204217,0.006137807430000717,0.055559879885530926,0.00014272253429163938,NA,17,17,17,0.20737283591194422,0.03158427561431197
ENSG00000132604.10,TERF2,0.31920049771906445,NA,0.7495744795646917,0.011819603670292856,0.04064984678060856,0.0014426266515124714,NA,42,49,49,0.00020036247646218136,0.19877980856062516
ENSG00000141738.13,GRB7,0.31870712582757815,NA,0.749948610602558,0.0018957260898607243,0.037280623075734536,0.001937068200094413,NA,10,13,13,0.13814691285921318,0.11190481630612542
ENSG00000270091.1,RP11-78O7.2,-0.31870561444203477,NA,0.7499497567984976,0.0031675651598454865,0.024361849424974984,0.012188987208242302,NA,6,6,6,0.021567157747797657,0.05608175205799428
ENSG00000198837.9,DENND4B,-0.3185347297955061,NA,0.7500793548807518,0.003783246839696853,0.05924456393189196,8.47875435167585e-05,NA,3,4,4,0.6424541897982455,0.2314777004242944
ENSG00000176945.16,MUC20,-0.3182848306911703,NA,0.7502688898429672,0.02195260515653186,0.2779194425551755,3.175230573990748e-20,NA,10,20,20,0.014806289943804334,0.1189297959139026
ENSG00000137726.16,FXYD6,-0.3179049555519849,NA,0.750557033475265,0.004166794737824628,0.06247511674546671,6.862603988380419e-05,NA,28,30,30,0.13758096051018176,0.08959308659953526
ENSG00000106066.14,CPVL,0.31764610535149057,NA,0.7507533969724057,0.005334488397502819,0.0936660927311692,6.283710339084735e-07,NA,41,43,43,0.028667121587624543,0.037487377823613895
ENSG00000107643.15,MAPK8,-0.31743273456594284,NA,0.7509152719725861,0.0040224813303441085,0.03360831281475641,0.0038432437981617603,NA,12,12,12,0.0005795946110208361,0.07476819722923732
ENSG00000122375.11,OPN4,-0.3167481767394896,NA,0.7514346897743057,0.034579507026302095,0.14389952022278168,4.708338239530873e-10,NA,24,25,25,0.038187596470536864,0.1364591973307614
ENSG00000132912.12,DCTN4,0.31662580597106355,NA,0.7515275521757393,0.004468206644065698,0.042646589656895134,0.001097700860322298,NA,12,12,12,0.08642609683188587,0.08764302964712213
ENSG00000023041.11,ZDHHC6,-0.31655522162133093,NA,0.7515811175209932,0.01584157478905373,0.12830812812214976,3.4600594911057003e-09,NA,47,49,49,0.008150249583302016,0.11833511345683236
ENSG00000147364.16,FBXO25,-0.3162665240446489,NA,0.7518002179964719,0.001463198666688831,0.02738849282433413,0.009270536387508741,NA,5,5,5,0.11792611545922103,0.037809842189636886
ENSG00000267868.1,RP11-120K24.3,0.31609874624322376,NA,0.751927558344842,0.005319035425768646,0.10555013886298743,1.0725817489610917e-07,NA,10,10,10,0.623245502193239,0.04849603469903281
ENSG00000137845.14,ADAM10,0.31609856328604974,NA,0.7519276972097495,0.0045929734592009405,0.07927439231535942,4.8624262730455764e-06,NA,18,20,20,0.3422983694547803,0.0398511780747191
ENSG00000118526.6,TCF21,-0.3159356474140357,NA,0.7520513539107611,0.004911695049806236,0.047076400495870134,0.0005629770863432236,NA,5,5,5,0.6628317639519619,0.03798092074663845
ENSG00000242515.5,UGT1A10,0.31589585324826697,NA,0.752081559518065,0.0247508494268217,0.1756871125370824,1.6770903947855274e-13,NA,36,36,36,4.591773433206226e-06,0.14707828182530122
ENSG00000067533.5,RRP15,-0.31579139701280035,NA,0.7521608484251562,0.010833135901606318,0.2033113983249457,2.616081776420337e-14,NA,5,5,5,0.7076467913342923,0.09135116988142776
ENSG00000110871.14,COQ5,-0.3155809900432523,NA,0.7523205685980772,0.01685005631793903,0.20367875750776684,1.738783683140489e-14,NA,27,28,28,0.07926408010445096,0.023075108072959358
ENSG00000283267.1,CTB-16J4.1,-0.3151114389656524,NA,0.7526770435961608,0.033943669742681516,0.11331501083922578,2.5425579373641487e-08,NA,61,66,66,0.00036333981204726506,0.16357571440237328
ENSG00000105875.13,WDR91,-0.31499969077151346,NA,0.7527618886516085,0.029473861197691603,0.21866159958161974,9.192238924682027e-16,NA,35,36,36,0.5205183076054352,0.015047445930826684
ENSG00000164099.3,PRSS12,-0.314931232530016,NA,0.752813867193234,0.014015313717393611,0.10923910275729116,7.664662094783549e-08,NA,69,70,70,0.036892390084197424,0.14295923861842608
ENSG00000182931.9,WFDC10B,0.31467894866776275,NA,0.7530054293651589,0.06772590298885242,0.181364089291788,1.1702523281335945e-12,NA,39,42,42,2.4425584911652894e-15,0.1535044476260511
ENSG00000170004.16,CHD3,-0.31466607565758437,NA,0.7530152044045706,0.0031353394880281014,0.0474311904380553,0.000463989008064497,NA,9,9,9,0.14451137409497833,0.0831377122990433
ENSG00000177990.11,DPY19L2,-0.3146516240642927,NA,0.7530261781783295,0.0007734700392660343,0.017703318420322783,0.036490491610268384,NA,7,8,8,0.5550455397215194,0.022500782243104256
ENSG00000274723.1,RP11-618L22.1,-0.31435529100265663,NA,0.7532512087937853,0.06623518889300645,0.10158307419447518,1.8310387758473853e-07,NA,60,61,61,0.002404966413588877,0.2354690246216501
ENSG00000124789.11,NUP153,-0.3141614390284855,NA,0.7533984282442732,0.0036498912777679876,0.01739170215312369,0.03777773599492157,NA,46,49,49,1.2177403396399935e-05,0.06953889428350557
ENSG00000228696.8,ARL17B,-0.3135919972521746,NA,0.753830938431007,0.09118938532953108,0.1994405043254288,1.2846697197180097e-14,NA,44,74,74,4.5139918325933725e-21,0.4355855360016595
ENSG00000172938.3,MRGPRD,-0.31284110302499074,NA,0.7544013859202896,0.017506128232520048,0.0944022377733944,2.9385614838819273e-07,NA,51,54,54,0.014718141983266871,0.07140280068699709
ENSG00000152475.6,ZNF837,0.31269424397328954,NA,0.7545129690791836,0.0013728315815815476,0.025664975455091013,0.01150131782860632,NA,3,3,3,0.3573456976332783,0.030284637454924487
ENSG00000187688.14,TRPV2,0.31263126659485707,NA,0.7545608207118268,0.001462274321227152,0.061916343163605725,7.501160155127928e-05,NA,6,6,6,0.07967332013382897,0.052329262687808326
ENSG00000138286.14,FAM149B1,-0.3121226274630858,NA,0.7549473307150719,0.007311243641649104,0.057055603160106085,0.00011613396566662405,NA,42,42,42,0.014854938513833469,0.13026166166664024
ENSG00000160588.9,MPZL3,-0.3118294460676235,NA,0.7551701443345633,0.005425846316205178,0.12751587153764393,1.6184275207480518e-09,NA,14,14,14,0.10601836698947543,0.02123746131391094
ENSG00000251136.8,RP11-37B2.1,0.3117271622675015,NA,0.7552478833371579,0.04318648312919304,0.30320965641702874,2.422676255634457e-22,NA,38,38,38,9.669414551663576e-07,0.09514491092129214
ENSG00000160293.16,VAV2,-0.31165969052184483,NA,0.7552991654071644,0.010398304439146838,0.05797964609467394,0.00011124287755708492,NA,18,20,20,0.07445700186997135,0.03742933687228637
ENSG00000176018.12,LYSMD3,-0.31149514453687066,NA,0.7554242335182808,0.003772249107904363,0.05509395479605152,0.00018038899795921399,NA,9,10,10,0.5236963313036183,0.030544772776986612
ENSG00000124532.14,MRS2,-0.311372728161906,NA,0.7555172839145694,0.004018236105217029,0.06622685023668459,4.0828618287391496e-05,NA,29,32,32,0.04929895938541441,0.030776315894792218
ENSG00000164220.6,F2RL2,-0.3105581561246072,NA,0.7561365417596642,0.003538335160110354,0.01861131874713711,0.031581935019310836,NA,22,22,22,0.08009937047094921,0.06141956508269219
ENSG00000230510.6,PPP5D1,-0.3100971491206586,NA,0.7564870801564888,0.014198372433300384,0.025921983788197364,0.010727720840693756,NA,12,14,14,0.02701999369066118,0.08767089324199955
ENSG00000180884.9,ZNF792,0.3100094851107806,NA,0.756553743388373,0.005843034790920713,0.0710285707913386,1.375194597334202e-05,NA,8,8,8,0.2730113974895002,0.04177164079926477
ENSG00000156711.16,MAPK13,0.3095383039281499,NA,0.7569120794990805,0.002129324458754308,0.07395397276723495,1.168622325716926e-05,NA,16,17,17,0.030605135274724377,0.0342185197631472
ENSG00000221944.6,TIGD1,0.30808471383994684,NA,0.7580178724861911,0.0027727789735329635,0.052409424276039535,0.00019802256695296408,NA,12,12,12,0.01604795556468438,0.02559049455752163
ENSG00000247982.6,LINC00926,0.30748175071123335,NA,0.7584767115031914,0.0330721440708169,0.12310337725113404,7.981707595198674e-09,NA,27,30,30,2.764975766908008e-07,0.31948183013185605
ENSG00000259820.1,AC083843.1,-0.30721554370278326,NA,0.7586793150873736,0.004193033399133883,0.05293930808023818,0.00022238958449901532,NA,13,16,16,0.13516460065597502,0.04461372450956001
ENSG00000132541.10,RIDA,0.3061741448111454,NA,0.7594720571644165,0.01009062999001158,0.0957594580423758,1.6391305965994613e-07,NA,21,22,22,0.005142070445596624,0.047002369129997584
ENSG00000146067.15,FAM193B,-0.306086317727454,NA,0.7595389251767428,0.0015969804491666678,0.16580954254735913,1.2237608560272687e-11,NA,14,21,21,0.17384625431530676,0.05591485003926661
ENSG00000169136.10,ATF5,-0.30546497728132954,NA,0.7600120401415913,0.03726331545614747,0.13353615727079046,1.5116644740623927e-09,NA,25,27,27,0.0005252445813336857,0.20669713368756604
ENSG00000163558.12,PRKCI,-0.30538760306600843,NA,0.7600709624416302,0.014351104598929453,0.12974438379865608,2.979174164939045e-09,NA,11,12,12,0.0457859613479181,0.20944909017462413
ENSG00000135521.8,LTV1,-0.3051446412661901,NA,0.7602559926631018,0.0011728386107481457,0.021374047033551214,0.021498912696040262,NA,21,22,22,0.029387388411658485,0.023272077998911844
ENSG00000100299.17,ARSA,0.30500540842707047,NA,0.7603620331416723,0.04798081278544418,0.3286238015655171,8.633754720683699e-26,NA,6,6,6,0.09739150316450992,0.35128055319822143
ENSG00000056586.15,RC3H2,-0.30420491099357605,NA,0.7609717836054966,0.00019532776480773534,0.02530112497887649,0.011802984691727643,NA,1,1,1,0.7609717836054966,0.02405005385789357
ENSG00000271862.1,RP11-343L5.2,0.30386489285402213,NA,0.7612308252918722,0.003791203031256532,0.01966319211485081,0.024432758443961883,NA,12,13,13,0.38013697442905003,0.04388359804632717
ENSG00000183087.14,GAS6,0.30385377491660426,NA,0.761239295907485,0.0021868460369014577,0.02732989080528235,0.008866228294789284,NA,4,4,4,0.747984230743918,0.06448607821642219
ENSG00000183549.10,ACSM5,-0.30381397470439664,NA,0.7612696194193176,0.003704658902846828,0.0597895942031389,7.551283286597987e-05,NA,14,17,17,0.540551725443823,0.04318701460854446
ENSG00000100330.15,MTMR3,0.30366447968527827,NA,0.7613835219356617,0.003733385162807129,0.02284441155333148,0.016413517655497305,NA,27,28,28,0.17381645238581422,0.02057597191585718
ENSG00000099917.17,MED15,-0.3036156384992796,NA,0.7614207358948102,0.0065102716324307395,0.15916084406139852,8.190744902006218e-12,NA,9,9,9,0.6428444626549648,0.05762468242168916
ENSG00000258986.6,TMEM179,-0.3032221672676332,NA,0.7617205567306741,0.025392309000050572,0.17438067521872394,2.3524681590652017e-12,NA,11,11,11,0.3773745311058686,0.04922553398288265
ENSG00000255274.9,TMPRSS4-AS1,-0.30297701639213387,NA,0.7619073771448028,0.015384811092683002,0.03302137258494598,0.0040015455306164635,NA,17,23,23,3.5455384966585956e-08,0.19715507601220966
ENSG00000149600.11,COMMD7,-0.30283558187026177,NA,0.7620151654752358,0.0028458140868680578,0.04647083467574128,0.0005676163559694546,NA,9,9,9,0.10506905114773298,0.051231577793107934
ENSG00000177427.12,MIEF2,0.30260211099370293,NA,0.7621931055151221,0.0032422963084776696,0.049490767349752406,0.0003315714006232581,NA,13,15,15,0.07965278363967138,0.03855963461199029
ENSG00000135951.14,TSGA10,0.30233788185627836,NA,0.7623945031560468,0.009341687336278819,0.15808449769043875,5.468265562167818e-11,NA,46,47,47,0.07617813182789472,0.08658881298887644
ENSG00000275052.4,PPP4R3B,-0.30225605209898876,NA,0.7624568777395961,0.006040817055506799,0.07895318252336299,3.0221577608348633e-06,NA,18,18,18,0.3351801849168009,0.053533676885099864
ENSG00000206535.7,LNP1,0.3020496673169292,NA,0.7626142010155708,0.004141080578147901,0.07481621390795122,1.0227178980411818e-05,NA,11,12,12,0.02727177841159923,0.08376578694904896
ENSG00000099940.11,SNAP29,-0.3019581373795216,NA,0.7626839757220036,0.009746576262524342,0.15445104333533466,8.07478555989041e-11,NA,44,45,45,0.6234964112160339,0.09012964253545286
ENSG00000198000.11,NOL8,-0.30194777857151434,NA,0.7626918725252556,0.009359654947517114,0.11270319982007293,2.214353704763253e-08,NA,23,23,23,3.103280036706716e-05,0.09261501135872452
ENSG00000112303.13,VNN2,0.301811268576189,NA,0.7627959401432657,0.014090395542664242,0.16617929310200488,2.32541342729178e-12,NA,16,17,17,0.006224461044344712,0.038450754344439585
ENSG00000197558.11,SSPO,-0.3017642975274286,NA,0.7628317492465355,0.019985741292638682,0.11109152592894922,4.925694569072298e-08,NA,9,9,9,0.12674827772581557,0.11567436770805645
ENSG00000165025.14,SYK,0.30166766983449267,NA,0.762905416454156,0.004888505129549853,0.1082746564526675,9.13264122555575e-08,NA,37,39,39,0.07984757209440076,0.06502102148824968
ENSG00000048544.5,MRPS10,-0.30158806177813685,NA,0.7629661098116671,0.038349916279669605,0.3069337627731513,2.1290689224798053e-23,NA,49,51,51,0.029480759702853434,0.10606511730662203
ENSG00000099330.8,OCEL1,-0.3015817114010615,NA,0.7629709514158983,0.0369000730998544,0.27426952235250096,8.887399337801313e-20,NA,57,64,64,0.00391642574552814,0.17815506962778596
ENSG00000141971.12,MVB12A,-0.30152316527597545,NA,0.7630155881260154,0.006765113523615956,0.12018693033080152,1.798722136459193e-08,NA,31,34,34,0.3947903720145127,0.059689498032983075
ENSG00000124588.19,NQO2,-0.300999271520321,NA,0.7634150500228332,0.1683129254688964,0.3978884803773894,1.1592892469322584e-31,NA,52,57,57,0.0007272428466850573,0.16974281252945753
ENSG00000180694.13,TMEM64,-0.3007387360367039,NA,0.7636137282627835,0.0014013715566698268,0.03145937244744968,0.004510353006481739,NA,36,36,36,0.6162114432816364,0.01614340773808325
ENSG00000004142.11,POLDIP2,-0.3006420304892962,NA,0.7636874776039405,0.0009572566418359237,0.06635377494728296,2.8266984270686965e-05,NA,25,30,30,0.46398581675435924,0.013350857993899387
ENSG00000226124.6,FTCDNL1,0.3005847247232947,NA,0.7637311809947851,0.07799854911397805,0.27562331336020457,8.949813348022892e-21,NA,30,31,31,6.742789715105018e-08,0.10936518791656563
ENSG00000232774.7,FLJ22447,0.3004058677725568,NA,0.763867588431196,0.010580982151034745,0.02535753612908965,0.011678031683597158,NA,25,25,25,0.007054342026862793,0.19322837973339235
ENSG00000196912.12,ANKRD36B,0.3001631706762616,NA,0.7640526960533613,0.04780931611371102,0.3617788105843295,3.9393094691820958e-28,NA,52,59,59,0.0006217426783088716,0.23514036130295285
ENSG00000144339.11,TMEFF2,0.29918293858384193,NA,0.7648004664793244,0.019429193129362633,0.0759355424064598,7.6123324627087635e-06,NA,39,42,42,3.404011363282976e-05,0.05842567428663095
ENSG00000170298.15,LGALS9B,0.2991012344904777,NA,0.7648628043898338,0.00972252418378159,0.184171045023384,4.526616318311896e-13,NA,17,23,23,0.2591828462167868,0.039196193282391815
ENSG00000127364.3,TAS2R4,-0.2989403924645213,NA,0.7649855267538557,0.03935634977538567,0.2210431667535127,3.934272660785929e-16,NA,28,29,29,0.6954688778867555,0.03041070762531004
ENSG00000274712.1,RP11-147L13.15,-0.2989400386808382,NA,0.764985796697087,0.010112650538473572,0.08586705501220257,2.4880854410834988e-06,NA,25,28,28,0.1600321342545239,0.06281358497122733
ENSG00000183397.5,C19orf71,-0.298824005488828,NA,0.7650743336226928,0.0015978704426513725,0.02861945879756838,0.0061624792582303895,NA,5,5,5,0.7243180555038535,0.021480094546754848
ENSG00000176393.10,RNPEP,-0.29845016036278316,NA,0.7653596099267584,0.00866151869242569,0.049571336723254734,0.00041048207476805903,NA,44,48,48,9.706544277246026e-11,0.062399952309369275
ENSG00000110077.14,MS4A6A,-0.2982557014871206,NA,0.7655080115271145,0.00932050662556753,0.03175171324235808,0.005046291037535322,NA,83,85,85,0.04212322257595121,0.11755000621565408
ENSG00000182472.8,CAPN12,0.29817334484900704,NA,0.7655708647214252,0.011569267836308838,0.06753638681721676,3.1118615066198496e-05,NA,20,20,20,0.36705629248681715,0.10338617514569533
ENSG00000091542.8,ALKBH5,-0.2981294894671211,NA,0.765604335037503,0.00803014494001334,0.08778721530342283,1.669075332477886e-06,NA,30,33,33,0.04503319953405392,0.17522331848411574
ENSG00000197599.12,CCDC154,-0.2981098282943169,NA,0.7656193405367309,0.04146793493469051,0.19037511412679475,3.797526025183413e-14,NA,17,18,18,0.07986648746285561,0.1715807989833446
ENSG00000215912.12,TTC34,-0.2980681918275591,NA,0.7656511179736263,0.0014096935532434724,0.033609753595016084,0.003277711997965853,NA,3,6,6,0.13451306733493973,0.055069110738381166
ENSG00000204963.5,PCDHA7,0.29753789955657167,NA,0.7660558776984091,0.004070410510085161,0.023079443513963748,0.01544913207547258,NA,10,12,12,0.031213459856427126,0.09132093543845143
ENSG00000125703.14,ATG4C,-0.2974247044222076,NA,0.7661422851801728,0.015578424398589159,0.04093974109345135,0.0013255410281760975,NA,106,114,114,0.008237009787897242,0.08994413039465167
ENSG00000259803.6,SLC22A31,0.2973240566339926,NA,0.7662191170912527,0.14012294419279678,0.3634227023424973,9.948584963569539e-29,NA,41,44,44,0.000322879478152223,0.22406720015757106
ENSG00000083828.15,ZNF586,0.2967500625527503,NA,0.7666573332107944,0.01627435217115874,0.07692911789380233,7.42872766819807e-06,NA,37,37,37,0.022671088043655658,0.1098420103465344
ENSG00000086589.11,RBM22,-0.29639045297556227,NA,0.7669319153967925,0.003046058472054866,0.03317404669164088,0.0035077812415190987,NA,18,23,23,0.003676715757649218,0.1046598916525292
ENSG00000138801.8,PAPSS1,-0.296209639882479,NA,0.7670699874467689,0.0028404811272364125,0.08196981231888167,3.5291847439114937e-06,NA,24,29,29,0.10121965308607606,0.044682037265674164
ENSG00000143486.15,EIF2D,0.29602965921701363,NA,0.7672074311845696,0.0055181807063435775,0.10011031782296444,2.103976468271698e-07,NA,11,11,11,0.5477359708694067,0.017283373853530813
ENSG00000088002.11,SULT2B1,0.2955882635061197,NA,0.7675445376986254,0.01979239662922837,0.21157223388675012,4.0718908486170036e-15,NA,31,34,34,0.04229700865896557,0.05292041324768575
ENSG00000198917.12,SPOUT1,0.29512084061649074,NA,0.7679015698638854,0.01990910424032995,0.21478339911667416,1.4194273864600989e-15,NA,29,33,33,0.011368045188386485,0.07014742406240193
ENSG00000184221.12,OLIG1,0.2949687445117,NA,0.7680177562317125,0.013420779436718804,0.06434892805276443,2.5053252271551405e-05,NA,11,11,11,2.888333683502544e-11,0.22346960081172024
ENSG00000179532.12,DNHD1,-0.2948556775088567,NA,0.7681041316072016,0.006394928354419878,0.016559866948118538,0.03850562962968549,NA,24,35,35,0.011056173556439912,0.09842421924301224
ENSG00000149231.11,CCDC82,-0.29477256686271686,NA,0.7681676242329889,0.21593829720118618,0.6042671535489187,6.521632471057824e-59,NA,53,64,64,0.0048213787081558025,0.31856209868426616
ENSG00000100031.18,GGT1,-0.29473381338545945,NA,0.7681972305992089,0.03703393535217075,0.4095134343130611,2.4771434562911946e-32,NA,5,7,7,0.5896031634961972,0.07606740782769096
ENSG00000143924.18,EML4,-0.29461206302506443,NA,0.7682902460203954,0.0004544390931513646,0.015256247172911063,0.04856207640355815,NA,4,4,4,0.5492493364951017,0.014665821914783016
ENSG00000243709.1,LEFTY1,0.29322955503767784,NA,0.7693466948103602,0.08159364123213535,0.2956860449169662,8.664692496292947e-23,NA,34,35,35,1.4886721597154747e-06,0.23391825307023245
ENSG00000163072.15,NOSTRIN,0.29314607417855604,NA,0.7694105007620885,0.013037607333210584,0.22191956489204928,1.0709193047154423e-15,NA,7,7,7,0.010822868722753277,0.0823172777535361
ENSG00000273032.1,DGCR9,-0.29312403084647515,NA,0.769427349145699,0.038895968190613056,0.1159558864842815,1.9864315751426267e-08,NA,20,24,24,0.0624597455220988,0.14144287352218696
ENSG00000178295.14,GEN1,0.2929769478800762,NA,0.7695397718796896,0.021554194044267908,0.25831504511244235,2.5590297820876543e-18,NA,26,27,27,0.0467160775884711,0.044671211178203885
ENSG00000160214.12,RRP1,0.29223634030243584,NA,0.770105928187655,0.0006203861508447743,0.018562577174074363,0.031966427944967374,NA,5,5,5,0.7039419233401629,0.012461185022022064
ENSG00000162913.9,C1orf145,0.292208253589452,NA,0.7701274014452657,0.04868309915502712,0.10543858496093228,1.3462955028546786e-07,NA,49,55,55,0.14522756564977873,0.2180432856563994
ENSG00000156509.13,FBXO43,-0.29206087935471386,NA,0.7702400770020748,0.0035520498276878365,0.05727043045248146,0.00013288162618772437,NA,3,3,3,0.7247903452466326,0.04394920255748625
ENSG00000104689.9,TNFRSF10A,-0.2918882774609751,NA,0.7703720466319519,0.0013967176912546395,0.06613551606190929,3.7966207824190856e-05,NA,8,8,8,0.5340022016753878,0.0221389046761504
ENSG00000100908.13,EMC9,-0.2916922571090006,NA,0.7705219298367755,0.053858532416554084,0.3406886465899647,1.8424797258793767e-25,NA,12,12,12,0.00038749469708417386,0.14931026444967366
ENSG00000271943.1,RP11-222K16.1,-0.2913459270056395,NA,0.7707867654559347,0.0031349940797397785,0.028313095187508838,0.006587682115363343,NA,3,3,3,0.010344259122720467,0.0839395322985069
ENSG00000119599.16,DCAF4,-0.29133401215262533,NA,0.7707958771161231,0.02748829855053448,0.23694689826781326,6.218784926844148e-17,NA,32,37,37,0.13414848271765117,0.18849514363307054
ENSG00000135828.11,RNASEL,-0.29123123931042005,NA,0.7708744720309249,0.009561166011091757,0.0568407268049559,0.0001372366343077968,NA,31,32,32,0.06634775388917111,0.06107903400164581
ENSG00000197568.13,HHLA3,-0.2912212857886422,NA,0.7708820840519794,0.004180779364558787,0.06116889668268509,6.441646130210973e-05,NA,7,7,7,0.4774073206270275,0.04988227397373679
ENSG00000176472.10,ZNF575,0.2910351350744527,NA,0.7710244480957561,0.012490758472829539,0.14335246441685298,2.9125016452231045e-10,NA,17,18,18,0.6096764489230578,0.04762293235217741
ENSG00000100429.17,HDAC10,-0.29091009659501427,NA,0.7711200791536452,0.025526807391715443,0.2060303382503305,1.739123726014375e-14,NA,9,13,13,0.09739150316450992,0.14958683882892085
ENSG00000155329.11,ZCCHC10,0.2908975432240405,NA,0.7711296803274672,0.008492171025881989,0.01623684525563884,0.04319352894505082,NA,39,40,40,0.08801842850149667,0.05207594106581274
ENSG00000115540.14,MOB4,0.2908261838115176,NA,0.771184258694224,0.0024128591488469203,0.07687359629586503,6.617673221924672e-06,NA,5,5,5,0.7370995067629145,0.06441359589667113
ENSG00000166037.10,CEP57,0.2906472753103423,NA,0.7713210996345369,0.020736639923925694,0.198516991432621,6.315557357390879e-14,NA,20,20,20,0.24445211549039758,0.033271490065457834
ENSG00000198844.10,ARHGEF15,-0.290439557853284,NA,0.7714799844778598,0.010310126196675234,0.02571749037359795,0.010824985584151587,NA,38,40,40,0.016384851010967965,0.08748022291267045
ENSG00000139651.10,ZNF740,-0.2904085503160466,NA,0.7715037032283045,0.013315141895533528,0.11198101896107936,4.007445570844916e-08,NA,43,47,47,7.768324728670882e-05,0.13399838088023924
ENSG00000167487.11,KLHL26,0.29012927390930554,NA,0.7717173411484866,0.0008872718151878213,0.028634839386393194,0.007385720750328463,NA,17,20,20,0.3853564663481155,0.02498202286964664
ENSG00000165406.15,MARCH8,-0.290000697495775,NA,0.7718157039977055,0.027778573816206638,0.16552170221216952,1.1113205385607574e-11,NA,66,87,87,0.10991583789119008,0.1452691921124256
ENSG00000230943.1,RP11-367G18.1,-0.28987928301756866,NA,0.771908591227979,0.01323977342660309,0.10416672090265887,9.902132147801424e-08,NA,21,22,22,0.10791579050067081,0.08881765419904318
ENSG00000166750.9,SLFN5,-0.2897434831627514,NA,0.7720124877552514,0.022520695812832336,0.19039697636031447,1.730141315030687e-13,NA,38,45,45,0.0009590548214303996,0.1230966175323789
ENSG00000106624.10,AEBP1,-0.2897316199113696,NA,0.7720215641787376,0.0006613598246477255,0.028708452830931187,0.0073546715277007174,NA,3,3,3,0.5146649763895679,0.016984506756039734
ENSG00000254415.3,SIGLEC14,0.289564460659968,NA,0.77214945892258,0.06627800671024955,0.28505661666417026,2.281372603597903e-21,NA,38,42,42,1.73713268290087e-05,0.34966731791062666
ENSG00000141295.13,SCRN2,0.2895179187630338,NA,0.7721850695641348,0.050297171314885945,0.15126931227706406,3.7254643682433103e-11,NA,55,59,59,1.7848219931263206e-05,0.20664198662274208
ENSG00000270547.5,LINC01235,-0.28909147694941595,NA,0.7725113756864651,0.05141508574020706,0.17294529742539416,3.8062549770228224e-12,NA,20,20,20,0.05196403039406868,0.30314821809638354
ENSG00000118231.4,CRYGD,0.28894815483703745,NA,0.77262105239782,0.032388881942655316,0.016515322074373024,0.04047639246947015,NA,39,41,41,0.007271784906552037,0.220801408513228
ENSG00000141293.15,SKAP1,0.2889040665175844,NA,0.772654791733277,0.0014038481167415852,0.025297053761286308,0.011844053040911559,NA,9,9,9,0.05969933183566391,0.015048469912406775
ENSG00000243317.7,C7orf73,0.2885995444618926,NA,0.7728878441419591,0.054605522879813274,0.4107842181332681,9.844691413408164e-33,NA,28,29,29,0.14054641194162854,0.2568998147169121
ENSG00000164877.18,MICALL2,-0.288413921424252,NA,0.7730299125255735,0.0011637528882648207,0.016318218821295548,0.04136440013123973,NA,11,12,12,2.204575146160721e-06,0.03761326700436643
ENSG00000244067.2,GSTA2,0.28796060411015667,NA,0.7733768952673434,0.007112167557346308,0.0773424432507465,5.9497842468079974e-06,NA,29,30,30,0.11927087278805637,0.03902746156492682
ENSG00000156414.18,TDRD9,0.28778347954897776,NA,0.7735124840584271,0.06293101271558801,0.14814674260736607,1.880038125522969e-10,NA,20,22,22,0.15938258736142008,0.10616195893935527
ENSG00000214872.8,SMTNL1,-0.2877479626775993,NA,0.7735396730433678,0.08056039864256954,0.2457251103203851,2.790876823261053e-18,NA,12,12,12,0.5944486466743509,0.07514853107529129
ENSG00000260377.1,RP11-646E18.4,-0.2871269136912983,NA,0.77401514526164,0.015896341191635507,0.12085939781194226,5.990631323343572e-09,NA,21,22,22,0.0001995366812121694,0.08060657412413799
ENSG00000006607.13,FARP2,0.28711869610940005,NA,0.7740214371729388,0.004415424212218076,0.07499922034598401,7.326540448124186e-06,NA,13,15,15,0.22998615955318003,0.11441889828023827
ENSG00000197980.12,LEKR1,-0.28698518708115917,NA,0.7741236623850214,0.03112313148328543,0.1270303521397437,4.404660651229983e-09,NA,35,36,36,0.01838752589161206,0.041591477404301615
ENSG00000197013.9,ZNF429,-0.2869003450148802,NA,0.7741886263061345,0.0264691445588816,0.18550074852156884,1.7620828137276393e-13,NA,15,18,18,0.09321292598092856,0.11877432197667245
ENSG00000100263.13,RHBDD3,0.28671708121710554,NA,0.7743289575505997,0.0050027856238860115,0.021527909551731197,0.020467267828998117,NA,28,28,28,0.0024541015594687922,0.1299153094065154
ENSG00000175970.10,UNC119B,-0.2861029935602098,NA,0.774799238819325,0.010801952075624507,0.07708323195732715,7.699815587216483e-06,NA,39,40,40,0.016109543014660194,0.05273721198399947
ENSG00000103549.21,RNF40,-0.28544277855899786,NA,0.7753049375514213,0.002491331183508717,0.057798559667637375,0.00012848084030887038,NA,3,3,3,0.20316710954545059,0.03770698431123711
ENSG00000137198.9,GMPR,-0.28504471626542194,NA,0.775609883686018,0.0023812173919057593,0.12494938390210115,4.287940523690832e-09,NA,10,13,13,0.16683573574389643,0.055622813304992406
ENSG00000269486.2,CTC-360G5.9,-0.28501493811578577,NA,0.775632697415774,0.02914335447567113,0.1278247500553322,3.86204389002586e-09,NA,19,21,21,0.04965517142481486,0.08341077746559884
ENSG00000120889.12,TNFRSF10B,-0.2842485419452865,NA,0.7762199178294047,9.066681691076808e-05,0.02880293082682799,0.007613761831258499,NA,3,3,3,0.6649619434915885,0.006847912825061853
ENSG00000100151.15,PICK1,-0.28420727515277167,NA,0.7762515404914376,0.0015383094870211984,0.03255583935285409,0.0043292706888019145,NA,20,21,21,7.05967560956487e-05,0.027358863843656368
ENSG00000169813.16,HNRNPF,0.283681377982162,NA,0.7766545669230626,0.0004247071749054546,0.04550548373715877,0.0007023842150054133,NA,5,5,5,0.7543766034627093,0.01473211437160032
ENSG00000158717.10,RNF166,-0.283497773076262,NA,0.776795288502003,0.03981355802419204,0.19242827572818694,1.376078664627456e-13,NA,31,34,34,8.034012665159156e-11,0.13873950900703086
ENSG00000144959.9,NCEH1,0.2833509908624336,NA,0.7769077930790877,0.0038329538542196994,0.08237101638997059,2.772158671017141e-06,NA,9,9,9,0.000856954541851466,0.0528791598925892
ENSG00000261211.1,RP1-80N2.3,-0.28306578885746997,NA,0.7771264060404833,6.485098199582993e-05,0.023669274041385614,0.01551864558727573,NA,6,9,9,0.014377310602621643,0.011419666007988208
ENSG00000129355.6,CDKN2D,0.2828117990055312,NA,0.7773211091294568,0.02096723924485514,0.04190804595400946,0.0009018416548643284,NA,76,82,82,7.76844956576121e-06,0.06377915299033987
ENSG00000172780.16,RAB43,0.2824850033665181,NA,0.7775716441221848,0.012867248976947375,0.10088483813858128,2.5597521120421354e-07,NA,58,58,58,4.155087193590893e-05,0.05168546999856558
ENSG00000103995.13,CEP152,0.28231579590584366,NA,0.7777013746185117,0.001957706402663892,0.01877070238583644,0.03056812005397432,NA,11,11,11,0.05071991444495444,0.0575294342160952
ENSG00000185101.12,ANO9,-0.2823126460183294,NA,0.7777037896799575,0.0036445714492974717,0.06592227144835895,4.042971766270993e-05,NA,13,15,15,0.022548777350899454,0.04186730301672598
ENSG00000136877.14,FPGS,0.2820651292426548,NA,0.7778935708593535,0.006867935312326653,0.10105664178234834,2.2201700791197978e-07,NA,35,35,35,0.5060484206864162,0.041102866606680416
ENSG00000204128.5,C2orf72,0.2818694484667121,NA,0.7780436166483051,0.0056800919932899156,0.07889160084143601,6.516452905720718e-06,NA,35,36,36,0.0009945474031583133,0.06274010154598764
ENSG00000196357.11,ZNF565,0.2816851087003115,NA,0.7781849738511042,0.04214049081450621,0.10492150339059904,8.48446617763159e-08,NA,38,38,38,0.2509849510118711,0.06912556090996719
ENSG00000213983.11,AP1G2,-0.28164693880889285,NA,0.7782142445739124,0.002164870018950311,0.06263256393096371,5.598995824248993e-05,NA,28,33,33,0.005034274017646961,0.026608480649372837
ENSG00000144306.14,SCRN3,-0.28158753269299,NA,0.7782598010002032,0.0030013740807556446,0.04213999121956813,0.0011761309488436118,NA,18,19,19,0.24988939307712732,0.034289525168689335
ENSG00000166669.13,ATF7IP2,0.2814415486523103,NA,0.7783717541785656,0.0029181701878368688,0.05489245949610267,0.0001931083402084626,NA,6,6,6,0.19308150529755652,0.02961407270156566
ENSG00000150054.18,MPP7,-0.28121401761273107,NA,0.7785462538138157,0.009554983588377919,0.06988221163973378,1.59877783073302e-05,NA,39,41,41,5.978858535185987e-09,0.15256910443319566
ENSG00000205464.11,ATP6AP1L,0.28107535199441513,NA,0.7786526056589423,0.09459890301543,0.4631710693192209,3.5319494935136766e-39,NA,21,24,24,9.532948817250725e-05,0.06138923190800007
ENSG00000197816.13,CCDC180,-0.28096950019360256,NA,0.7787337932044738,0.017346798934692743,0.08702952202210515,2.095758763108046e-06,NA,69,72,72,0.0001698026342392063,0.06999476141671444
ENSG00000145217.13,SLC26A1,-0.280644212666099,NA,0.778983301431627,0.01804425724402744,0.2521511331693449,2.3028830504701518e-18,NA,7,7,7,0.016115463884982372,0.10282317230948317
ENSG00000272690.5,LINC02018,0.28029610729201976,NA,0.7792503370683596,0.0008174771793431153,0.052263845354843415,0.000288987336852612,NA,3,5,5,0.11779528324626798,0.048842476249978416
ENSG00000224635.1,RP4-564F22.5,0.2802485876944577,NA,0.7792867919202006,0.14299151506006774,0.3172393044292593,3.3836053757974795e-23,NA,28,28,28,0.005633429761955016,0.2427014118156177
ENSG00000115423.18,DNAH6,0.28023360251009055,NA,0.7792982879658055,0.12805437597483998,0.3830870235564661,1.1589766241890933e-29,NA,42,44,44,0.0023329429743222914,0.26868676724156515
ENSG00000214022.11,REPIN1,0.2798799847117377,NA,0.7795695836747606,0.0035075237877111925,0.026309915037908558,0.010783169373111785,NA,34,35,35,0.035908258170127515,0.12307399998577905
ENSG00000101306.10,MYLK2,-0.2798384761112743,NA,0.7796014308503226,0.047016415639546325,0.12407472538535792,7.391772692827442e-09,NA,40,40,40,0.1000874039947421,0.3956423371842637
ENSG00000133313.14,CNDP2,-0.2793982707480142,NA,0.779939198007918,0.0043133494087438315,0.09069195010662694,1.18516822596747e-06,NA,27,29,29,0.00015039432092994956,0.04874402700025242
ENSG00000044090.8,CUL7,-0.278820300134236,NA,0.7803827347588826,0.010765691278797231,0.097173803752522,1.565989136308527e-07,NA,61,65,65,2.095572786569863e-13,0.14332450850859862
ENSG00000197181.11,PIWIL2,0.2783805603834361,NA,0.7807202405322772,0.011837883749506044,0.11051998363503056,4.419543184997742e-08,NA,6,7,7,0.5886021951421868,0.05586599168177884
ENSG00000006459.10,KDM7A,0.27828269040541215,NA,0.7807953625912044,0.0004534531443489084,0.04629247566171063,0.0006341002355665068,NA,2,2,2,0.27322463162038857,0.03058834487207743
ENSG00000125818.17,PSMF1,-0.278027988063155,NA,0.780990874057058,0.009640119856646895,0.07631063900014136,9.589390787677467e-06,NA,54,64,64,9.004238521481448e-07,0.11257270640030198
ENSG00000167984.17,NLRC3,-0.278023741792205,NA,0.7809941336444837,0.001032165096153434,0.027833105971668458,0.008460826681859756,NA,4,4,4,0.30190871450934953,0.04219021057441654
ENSG00000099338.22,CATSPERG,-0.2779275275628047,NA,0.7810679921135543,0.04246108907201474,0.2010708839497144,1.2491923665072764e-14,NA,36,37,37,0.008797745071518865,0.1188189933072525
ENSG00000104980.7,TIMM44,0.27765606721718716,NA,0.7812763882092884,0.014980008304602385,0.09799879686676503,2.5322508452694296e-07,NA,39,41,41,0.10393648452960537,0.07415423830983803
ENSG00000117682.16,DHDDS,-0.27761312794706067,NA,0.7813093534916222,0.0026471047176454526,0.033077398230381284,0.004121560392944547,NA,16,16,16,0.016127185063078652,0.055856303114723865
ENSG00000272335.1,RP11-53O19.3,-0.2775189808478495,NA,0.7813816333592307,0.007283144703365451,0.08948292302039222,1.4107719962008918e-06,NA,25,25,25,0.06614661723986158,0.06951046618735715
ENSG00000196391.10,ZNF774,-0.2768533514139596,NA,0.7818927131146081,0.00873317610888269,0.13006324471852035,2.1359760136474013e-09,NA,26,27,27,0.05339314513064474,0.04870160614310812
ENSG00000158516.11,CPA2,0.2760347732744485,NA,0.7825213581845674,0.004534365431574426,0.04275658703298761,0.0009252375693959293,NA,21,25,25,0.005455457888190916,0.045825903281555065
ENSG00000164535.14,DAGLB,-0.2759465746595036,NA,0.7825891007338697,0.031367992910556905,0.20495962553093214,5.358350568429336e-15,NA,16,16,16,0.39980199533056393,0.0872928028954663
ENSG00000129484.13,PARP2,0.2758186684310065,NA,0.7826873443666034,0.012110353529738105,0.1406802349663308,5.089015474274138e-10,NA,11,12,12,0.5343760734538838,0.056453466551200586
ENSG00000151348.13,EXT2,-0.27565597422462473,NA,0.7828123133427327,0.0005410567183802938,0.02298845486713081,0.017258930077823368,NA,3,3,3,0.1809208228612309,0.041910518119733835
ENSG00000102466.15,FGF14,-0.27560620615038073,NA,0.7828505424080063,0.001603736690659142,0.05038802705951971,0.0003127593526577481,NA,5,5,5,0.0911613481814547,0.050500753495467884
ENSG00000138785.14,INTS12,-0.2754588164220393,NA,0.7829637620714311,0.0193898704125822,0.10991040105790577,4.9722335053891423e-08,NA,50,51,51,0.014168533611517424,0.09800820771231708
ENSG00000172687.13,ZNF738,0.2752544689105945,NA,0.7831207423271123,0.029577101666210782,0.0547435936301348,0.0001864977500305724,NA,49,50,50,0.000790419833570426,0.3151292192312464
ENSG00000126860.11,EVI2A,-0.275237178775437,NA,0.7831340250562769,0.0024218137431361465,0.05926659577836454,7.438079662388043e-05,NA,24,24,24,0.07415565366902128,0.007829133478686828
ENSG00000196268.11,ZNF493,-0.27516683996976804,NA,0.7831880617982275,0.006983648744449719,0.06788887908002925,2.0737975976359383e-05,NA,42,44,44,0.0334040328645211,0.027238599729627867
ENSG00000176783.14,RUFY1,-0.2751375407582058,NA,0.7832105707905898,0.014610944237998117,0.05085117295814074,0.0003530063008865229,NA,50,57,57,0.000898590017928138,0.0771096368362699
ENSG00000120370.12,GORAB,0.27512889247525335,NA,0.78321721483119,0.0034805503738083443,0.041308440357047456,0.0009171701188722928,NA,7,7,7,0.11195028137251227,0.04562245854774614
ENSG00000283992.1,LYNX1,0.2750786507345966,NA,0.7832558133449875,0.0006256900528308189,0.03297091461588828,0.0041209834886983335,NA,4,7,7,0.7553504919717017,0.032911505960830555
ENSG00000140955.10,ADAD2,-0.27504596794053965,NA,0.7832809223808054,0.04898825805695474,0.13238176477852426,1.7756705927122784e-09,NA,39,41,41,2.8640966353382843e-05,0.13644444535240582
ENSG00000169738.7,DCXR,-0.27497726402391043,NA,0.783333705908203,0.0004286960092246212,0.021369765370191692,0.02160665544180814,NA,3,3,3,0.7284391855636054,0.02755062229513896
ENSG00000182263.13,FIGN,-0.27488930888524427,NA,0.7834012811308968,0.012731621638490863,0.19202706352494395,1.016220474764186e-13,NA,4,5,5,0.3358810585429082,0.18804386558270667
ENSG00000183605.16,SFXN4,0.274776227803592,NA,0.7834881628132184,0.16931577254853344,0.4896034223708031,1.9471337456118074e-42,NA,46,47,47,0.00010231834450443078,0.372633026660021
ENSG00000081870.11,HSPB11,0.2747588632362003,NA,0.7835015044778614,0.002693215690475749,0.01977245088199544,0.02667038427927273,NA,11,11,11,0.023985277570021002,0.07607458680897994
ENSG00000136143.14,SUCLA2,0.2743225365578319,NA,0.7838367668974323,0.002395184210976434,0.060049338484538424,8.176421798532956e-05,NA,12,13,13,0.5757612541922352,0.01610185109108989
ENSG00000149743.13,TRPT1,0.27300401476549047,NA,0.7848501294295512,0.008298550508339305,0.09944642789091332,2.3833366189725518e-07,NA,49,51,51,0.0055654372656676505,0.055993132091729104
ENSG00000163956.10,LRPAP1,-0.2729957468649957,NA,0.7848564849562883,0.01614875819436276,0.1542376011285367,1.0016413994161196e-10,NA,23,24,24,6.208203535278069e-05,0.05697945332047584
ENSG00000129596.4,CDO1,0.27273817453641835,NA,0.7850544877269856,0.009421709569460372,0.2254926284811969,7.983603973434273e-16,NA,24,29,29,0.08996761580164679,0.06060442981876581
ENSG00000180104.15,EXOC3,-0.27232611146917346,NA,0.785371280602187,0.03426568358547763,0.33069842763674395,1.258479043326208e-24,NA,19,20,20,0.032113490296319394,0.08076484012497252
ENSG00000110448.10,CD5,0.2718608766005404,NA,0.785728994527682,0.00719041106352805,0.1408281688306563,5.094873552880044e-10,NA,34,34,34,0.2753255152349149,0.015980873676827885
ENSG00000249790.2,RP11-20D14.6,-0.2718358465502864,NA,0.7857482411387087,0.024043164039892026,0.058952061863615124,0.00011239474873930234,NA,40,43,43,0.14511413786392086,0.1723401967979668
ENSG00000075035.9,WSCD2,0.2715353258107548,NA,0.7859793338282204,0.014891166242544641,0.0293074543718392,0.006639015086523511,NA,74,82,82,0.010328963136416631,0.16366201414934992
ENSG00000125337.16,KIF25,-0.2713555866736195,NA,0.7861175575976943,0.020731485941790077,0.10402807499934713,1.7386140261412107e-07,NA,7,7,7,0.3060715161266706,0.1442514733270771
ENSG00000274292.1,RP11-347I19.7,0.27134236839946735,NA,0.7861277230382968,0.009235457886600577,0.09347940779840404,6.915021472403817e-07,NA,11,11,11,0.01973504526426248,0.06702854296889403
ENSG00000165671.19,NSD1,0.27116987628446115,NA,0.786260380486669,0.00047832127721381893,0.028338379880168425,0.007960158162313269,NA,8,8,8,0.278116298870155,0.00883324731740224
ENSG00000119900.7,OGFRL1,-0.27088780494880743,NA,0.7864773247197971,0.004862824288963162,0.05866655580069756,6.883711292520774e-05,NA,35,35,35,0.018215278308083033,0.06436544708991915
ENSG00000186952.14,TMEM232,-0.2703645463961969,NA,0.7868798126380585,0.01789831061099321,0.09798857741888573,2.1883512161144934e-07,NA,23,23,23,0.31434037757227407,0.0896996785203517
ENSG00000013583.8,HEBP1,-0.27027833097107457,NA,0.7869461345881292,0.020401354347193618,0.2858310748158985,1.775755950575614e-21,NA,9,11,11,0.6663427167993652,0.0490777329598292
ENSG00000271736.1,RP11-85G21.3,0.27007391820009075,NA,0.7871033870283131,0.017039814534603973,0.016221373607941708,0.041958204716432586,NA,25,27,27,0.008400240086148906,0.10676195771111166
ENSG00000163380.15,LMOD3,0.27005702662850006,NA,0.7871163819123286,0.04316706101188967,0.1301404526228308,3.2481825426854067e-09,NA,51,54,54,8.567494154802517e-08,0.13693685319312507
ENSG00000249846.6,LINC02021,0.2699667131616283,NA,0.7871858621266623,0.06927706905660244,0.24013529034177575,5.0336919682431577e-17,NA,16,17,17,0.06381246613941456,0.1952799750120757
ENSG00000118094.11,TREH,0.26989253959029963,NA,0.7872429268174683,0.030055998098848413,0.2503673323927469,2.1494200659133648e-19,NA,35,35,35,0.3281722722717041,0.07635009739648413
ENSG00000111679.16,PTPN6,0.2698665348696368,NA,0.7872629335581434,0.002139262355492451,0.025703134005215424,0.0109267691554255,NA,84,88,88,0.0009394782246962177,0.08303892388299261
ENSG00000186567.12,CEACAM19,0.26984022546935105,NA,0.7872831748470706,0.040178931340540916,0.17416945667764433,2.063351211325497e-12,NA,49,52,52,0.00032450325881062323,0.3509947193116937
ENSG00000197245.5,FAM110D,-0.26981436162095984,NA,0.7873030734881473,0.006007753301138796,0.04013984952514344,0.0014771026120213929,NA,6,6,6,0.7361213839949706,0.05253643963203114
ENSG00000161298.17,ZNF382,-0.26979485154151917,NA,0.7873180838778907,0.0013575732549643113,0.0564595040650263,0.00013646429533544508,NA,1,1,1,0.7873180838778907,0.2000419530266199
ENSG00000134463.14,ECHDC3,-0.26946568881251615,NA,0.7875713423629855,0.026224809917369807,0.24001094279442886,3.5117742765025966e-17,NA,54,59,59,0.000602120037372957,0.2583803619423415
ENSG00000162722.8,TRIM58,-0.26904961533921284,NA,0.7878915022962043,0.02731610436640866,0.1490296611948347,6.0777249802989e-11,NA,20,20,20,0.05480087594157979,0.12514176915143632
ENSG00000198915.11,RASGEF1A,0.2689074166946863,NA,0.7880009294330348,0.06042106779205313,0.15377061721670032,6.673879093913476e-11,NA,24,24,24,0.1086842379167313,0.10461981725895024
ENSG00000153113.23,CAST,-0.26863405657474304,NA,0.7882113019472797,0.006393514590932821,0.10335489036318347,1.0074473768544763e-07,NA,23,26,26,0.003761162431823646,0.1077933856611318
ENSG00000184602.5,SNN,-0.26773607730865473,NA,0.788902477591663,0.0005419397448560197,0.03768023131127418,0.0019179191943099851,NA,1,1,1,0.788902477591663,0.034250594651470116
ENSG00000178202.12,KDELC2,0.26773227705464825,NA,0.7889054030049367,0.00129487215738861,0.05552931848541872,0.00017097751600939166,NA,4,4,4,0.5506986491256907,0.0385450326522556
ENSG00000153820.12,SPHKAP,-0.2676499332874963,NA,0.7889687914854571,0.02498786881709087,0.08496045308609604,1.797210642842809e-06,NA,63,63,63,0.07358177558199298,0.12514310539361614
ENSG00000155629.14,PIK3AP1,0.2674488127231598,NA,0.789123620575411,0.00039400424258868025,0.02144524713285954,0.020952877459805997,NA,1,1,1,0.789123620575411,0.03559286548623725
ENSG00000140199.11,SLC12A6,-0.26741877110972184,NA,0.7891467482923533,0.001663259586625692,0.02880432693974365,0.006868346325538303,NA,10,10,10,0.46383408481784805,0.050713841508787966
ENSG00000198933.9,TBKBP1,-0.2671070834436703,NA,0.7893867138788598,0.007949742270998254,0.15031189736469142,9.095339537592171e-11,NA,13,14,14,0.0635273958218187,0.025491430472624383
ENSG00000076924.11,XAB2,-0.2667152112605335,NA,0.7896884411652838,0.002611294999315843,0.03550465493777034,0.0017954890151239656,NA,11,11,11,0.14435950031474337,0.012230969915001224
ENSG00000168255.19,POLR2J3,-0.2659573183309369,NA,0.7902720805172021,0.017264039908270294,0.05613349775519645,9.675768532720648e-05,NA,19,19,19,0.005769851883733402,0.1335531436198315
ENSG00000171115.3,GIMAP8,-0.26574347710358304,NA,0.7904367769931245,0.0016249217770929344,0.04134205309820408,0.0013324098229945608,NA,8,8,8,0.735345782800785,0.017754042836504526
ENSG00000104205.12,SGK3,-0.2657138356136784,NA,0.790459607047762,0.001975342637781468,0.022438053179072992,0.01640197768229688,NA,14,17,17,0.13029770411274838,0.10441311205701218
ENSG00000087085.13,ACHE,0.2650526417799642,NA,0.7909689092402235,0.005201769231770121,0.042423286645334096,0.001022915639420891,NA,23,23,23,0.027056748277825383,0.11442612871319895
ENSG00000205572.9,SERF1B,0.26495813316956934,NA,0.7910417143152702,0.0027895286140997436,0.11440024721532205,2.163842711529958e-08,NA,17,19,19,0.14145987922291073,0.1789147264535458
ENSG00000163382.11,NAXE,-0.2642596213935599,NA,0.7915798720675502,0.007886129225242972,0.12544400775862335,3.2610121511133834e-09,NA,11,11,11,0.07036276172561887,0.05711781065744271
ENSG00000149488.12,TMC2,0.2642320137334641,NA,0.7916011440109935,0.03789220741224362,0.15697913184752402,4.6382517232986746e-11,NA,65,74,74,0.057955343578706145,0.33707510119261075
ENSG00000073050.11,XRCC1,0.26364844513284175,NA,0.792050825002717,0.006584410452433305,0.060200409913622174,8.167996988908264e-05,NA,5,5,5,0.02029014571663283,0.05561233231269103
ENSG00000276409.4,CCL14,0.2634950877532575,NA,0.7921690092258824,0.0005409847932769201,0.16366292263183185,7.113020504459582e-12,NA,4,7,7,0.6199080209217475,0.03686255134779546
ENSG00000133065.10,SLC41A1,-0.26329938849908413,NA,0.7923198309729753,0.001976939312983992,0.05204887632350909,0.00027335220305129153,NA,19,20,20,0.16658687197969768,0.032048500897039665
ENSG00000166897.14,ELFN2,-0.2631434056157559,NA,0.7924400496236145,0.007918355041921244,0.06069168768089981,8.842365733647592e-05,NA,21,23,23,0.06754964868706678,0.07402011345009864
ENSG00000171298.12,GAA,-0.26303442832726426,NA,0.7925240431942479,0.08940882713964605,0.3386030315995357,1.2230719014851134e-25,NA,38,44,44,1.6124563932432953e-06,0.23581637226416166
ENSG00000204442.3,FAM155A,-0.2628224339432518,NA,0.7926874434503041,0.011141174638901914,0.038189218147451215,0.001816270045381194,NA,31,33,33,0.0006684494570169421,0.048177294121401225
ENSG00000181827.14,RFX7,0.2626977774280493,NA,0.7927835299944381,0.0393733866670036,0.19689847251731984,7.612559929149292e-14,NA,55,58,58,0.00021309106709822706,0.08698656919507536
ENSG00000249628.2,LINC00942,-0.26265246201873155,NA,0.7928184603652355,0.011330562123054916,0.04822132630838788,0.0004729212016235722,NA,4,4,4,0.5632192848848138,0.0919992229134592
ENSG00000112584.13,FAM120B,0.2624761161489844,NA,0.7929543965952524,0.009142377018827435,0.04171141079139309,0.001245924487371692,NA,44,45,45,9.952008301179537e-10,0.036770489092999535
ENSG00000067167.7,TRAM1,-0.2623044112281624,NA,0.7930867613953523,0.0008803633614071991,0.034821804179893584,0.0030119845284607514,NA,13,13,13,0.17693637629056314,0.025750135986686032
ENSG00000172469.15,MANEA,-0.26209558240253567,NA,0.7932477525022414,0.009804091974729964,0.05078558521350012,0.0003081134059252708,NA,24,24,24,0.04709479554223972,0.05616050789290245
ENSG00000198756.10,COLGALT2,0.26206625601373573,NA,0.7932703616184169,0.0070857572777137025,0.03926133229524095,0.0016681714773305444,NA,42,42,42,0.028941475352991585,0.040237834252412265
ENSG00000143199.17,ADCY10,-0.2616860495978047,NA,0.7935634966575044,0.007878786203090401,0.07600526917409826,8.906076588765692e-06,NA,25,29,29,0.0014308287951029148,0.07100264179409704
ENSG00000156931.15,VPS8,0.26110662703058035,NA,0.7940102812780918,0.0318820209848196,0.12258006149682897,4.649600048027878e-09,NA,44,48,48,0.004894732002571591,0.18160226672149385
ENSG00000248994.1,RP11-259O2.1,-0.2609465729888222,NA,0.7941337086279353,0.007851349040299764,0.04871024023672471,0.0004107098578934545,NA,11,11,11,0.2282128576387028,0.04699404184760631
ENSG00000171522.5,PTGER4,0.260787047660435,NA,0.7942567333845347,0.02149724193556094,0.06657493036102538,3.893153856454297e-05,NA,50,53,53,0.08106896437901698,0.13972359596480668
ENSG00000176986.15,SEC24C,0.2607824357324438,NA,0.7942602901455215,0.000945614236248944,0.031035883799579625,0.004797768976972386,NA,6,6,6,0.7174930174865966,0.020465917451230296
ENSG00000180113.15,TDRD6,0.26030675216321086,NA,0.7946271646201281,0.02394933788448645,0.232524364966516,6.354376511291242e-17,NA,9,9,9,0.39082306497261976,0.0768357694965952
ENSG00000125450.10,NUP85,0.2602887562003312,NA,0.7946410450320943,0.07870110379493647,0.4131283022299865,6.389719237117185e-33,NA,12,14,14,0.1512596001335269,0.148199313412367
ENSG00000136152.14,COG3,-0.26025135843644,NA,0.7946698903967508,0.0035602546989100415,0.04865637735185407,0.00044720310584817996,NA,29,31,31,0.16795755579324367,0.057482855011586
ENSG00000214756.7,METTL12,0.2602283946026919,NA,0.7946876028290584,0.003122361749269426,0.01755681200585868,0.03513560643903081,NA,10,11,11,0.0033586495376836225,0.09388636855012752
ENSG00000197417.7,SHPK,-0.2598559174667168,NA,0.7949749161516193,0.008203555362791066,0.11339382873198316,3.3553704162574715e-08,NA,7,8,8,0.26269460907007447,0.08686040684142386
ENSG00000168671.9,UGT3A2,-0.2598008802702403,NA,0.7950173719079013,0.0073121406191381695,0.020926128218030048,0.021842774347144246,NA,21,22,22,0.5500855532398483,0.04580795758056785
ENSG00000137710.14,RDX,-0.2596717733301158,NA,0.7951169675312286,0.017085849088900783,0.12352238338517575,8.29790403576195e-09,NA,61,71,71,0.0007866232148578959,0.15024579355090273
ENSG00000141349.8,G6PC3,0.2593305913576385,NA,0.7953801780568429,0.0034986335694397385,0.06389086850283597,5.811441474784568e-05,NA,28,30,30,0.09034579525720426,0.07189545759086889
ENSG00000259905.5,PWRN1,-0.2593128603331249,NA,0.7953938575884342,0.04284648022626934,0.14471881620005486,2.8984538069831433e-10,NA,51,58,58,0.013046395261058044,0.23294125940446386
ENSG00000184227.7,ACOT1,0.2590075141699302,NA,0.7956294428132307,0.12233401128643527,0.2707304624725876,3.8695432356412016e-20,NA,117,124,124,3.6138938221028014e-05,0.451751017963184
ENSG00000164002.11,EXO5,0.25851418950392085,NA,0.7960100993756763,0.025355704176650208,0.17889706658646193,1.825766100701941e-12,NA,14,14,14,0.015334668430630315,0.1103239557351428
ENSG00000164742.14,ADCY1,-0.25849794678045646,NA,0.7960226333258361,0.01814882495251882,0.06892302496075269,1.319834354631837e-05,NA,37,37,37,1.2573262025610486e-06,0.08113052512348297
ENSG00000174851.15,YIF1A,-0.2584196887599138,NA,0.796083023081962,0.003399319928873973,0.05671142358843311,0.00015819627437059332,NA,6,6,6,0.11386945880783854,0.07987802792822747
ENSG00000179152.19,TCAIM,-0.2582075882359066,NA,0.7962467018883495,0.01289214682690041,0.04194362369115495,0.0009187624614232935,NA,67,69,69,2.4895591033315347e-10,0.12025234470729775
ENSG00000175416.12,CLTB,0.2581307298140695,NA,0.79630601604707,0.0036410049515178565,0.03787317864343112,0.0013418299481990216,NA,17,19,19,0.09522219741039362,0.12833858809450072
ENSG00000203943.8,SAMD13,-0.257959434081582,NA,0.7964382148016395,0.002551157126146791,0.05002625649053076,0.0003427260835146425,NA,25,27,27,0.20069859345651775,0.029110314164283044
ENSG00000213639.9,PPP1CB,-0.2574776826734736,NA,0.7968100413363041,0.002759865974393891,0.09739030190424344,3.8038293504565076e-07,NA,25,25,25,0.17518234059189874,0.020063082118591927
ENSG00000079785.14,DDX1,-0.25673275833911013,NA,0.7973850814073618,0.003959803664929128,0.09415189563894737,7.420592783782415e-07,NA,16,16,16,0.05539494790057094,0.014304660453050353
ENSG00000168546.10,GFRA2,-0.2564153871331936,NA,0.7976301077195371,0.015619495108455,0.2694050579077321,1.8681877696403253e-19,NA,16,20,20,0.20772407178920016,0.024569327850202303
ENSG00000154767.14,XPC,-0.2560279908076315,NA,0.7979292239207235,0.0014395090506893371,0.038609101137347175,0.0017319372058080165,NA,11,11,11,0.3805105126827306,0.040503435926845945
ENSG00000116212.14,LRRC42,0.2559989891869931,NA,0.797951617827575,0.00103780506084439,0.020710710467713875,0.023429913911689908,NA,3,3,3,0.7348566923182127,0.06048415038243636
ENSG00000198771.10,RCSD1,-0.25597928420438854,NA,0.7979668333323074,0.00823393730646573,0.08283299407263668,3.0446392339458664e-06,NA,60,63,63,0.0012089073910410456,0.0428208168425892
ENSG00000101457.12,DNTTIP1,0.25556546312518613,NA,0.7982863893512789,0.003218400643334191,0.08196956568103413,3.072258339173375e-06,NA,17,19,19,0.4817801313116534,0.02078851121697009
ENSG00000261996.1,CTC-281F24.1,-0.2550632745202608,NA,0.798674228884623,0.027454357532207554,0.03847544972475734,0.001779342231067048,NA,27,30,30,0.04733791186448073,0.23510991592093486
ENSG00000155749.12,ALS2CR12,-0.2549799508415795,NA,0.7987385844490944,0.011610125800985305,0.03665203777250811,0.002245756299772205,NA,26,26,26,2.0244280454809072e-06,0.0490498193764396
ENSG00000140043.11,PTGR2,0.25497428547891615,NA,0.798742960177036,0.13978142956076622,0.5053374473432154,9.329681319425553e-44,NA,67,67,67,0.18975915275960853,0.10845595176277954
ENSG00000263063.1,RP11-388C12.1,-0.2546255411282459,NA,0.7990123302793201,0.04827166056362548,0.1284393472593326,3.843370289057377e-09,NA,17,17,17,0.2977735341824742,0.055924701907590066
ENSG00000146729.9,GBAS,-0.2541472371781364,NA,0.7993818110990192,0.009699696358285607,0.0823839959737837,2.8720619300315306e-06,NA,33,37,37,0.12461011199088226,0.08773953453546843
ENSG00000113141.17,IK,-0.2541078509634769,NA,0.7994122382129436,0.002809040396676654,0.04806259050130701,0.0004890914788030784,NA,55,55,55,0.00014422782835513798,0.03054677428674834
ENSG00000236384.7,LINC00479,0.25353762639800154,NA,0.7998527890741275,0.029418414315684933,0.3172386182734333,8.767349843203973e-24,NA,11,13,13,0.4914282567181948,0.08656754604829914
ENSG00000013306.15,SLC25A39,-0.2534363590462003,NA,0.799931034070741,0.00024193044844864875,0.05435611846325264,0.00018599233367093808,NA,12,13,13,0.00031585774949920435,0.01282829618665265
ENSG00000180822.11,PSMG4,0.2534159813095016,NA,0.7999467793281348,0.030959271221126412,0.2257518264417599,2.2030126380577276e-16,NA,25,25,25,0.03425716817973102,0.04682453935028087
ENSG00000134744.13,ZCCHC11,-0.2533905307785582,NA,0.7999664442935511,0.01278152457648251,0.1403838683109289,4.6122153588028524e-10,NA,57,61,61,0.02780738220007326,0.08005704359529615
ENSG00000101639.18,CEP192,0.25249668354060467,NA,0.8006571772349933,0.21922005551548018,0.5892782305104926,7.331698610413905e-58,NA,55,58,58,0.012661100971373004,0.1553180825887263
ENSG00000125912.10,NCLN,0.25236341650597105,NA,0.8007601745660797,0.002016313069731557,0.0972124892069119,4.267723527820076e-07,NA,10,10,10,0.3324003595857604,0.02471987175058798
ENSG00000152467.9,ZSCAN1,0.2521992627849108,NA,0.8008870478750617,0.012806561485816447,0.01790778990616144,0.03367932926369995,NA,10,10,10,0.40354980801175977,0.1185916758670375
ENSG00000157036.12,EXOG,-0.2517114484040569,NA,0.8012641073199835,0.00628298747585624,0.0698650116585654,2.0228399094193094e-05,NA,25,26,26,0.7190192510194586,0.009548128655018868
ENSG00000168487.17,BMP1,-0.25160106135609833,NA,0.8013494381670386,0.0008880049633973402,0.016110040654946582,0.04401590207261731,NA,9,10,10,0.04831755801382687,0.028171213968291888
ENSG00000213171.2,LINGO4,0.2514767711069814,NA,0.8014455192340001,0.0309499255798041,0.16973989843237816,7.817111808475543e-12,NA,15,15,15,0.5302140950193908,0.3618731566233328
ENSG00000168653.10,NDUFS5,-0.2509623410970821,NA,0.801843225025734,0.0696314763799869,0.5314421885477487,3.799125751166228e-48,NA,9,9,9,0.2562955644834225,0.06338828054828262
ENSG00000143379.12,SETDB1,0.25078057417889327,NA,0.8019837612948961,0.0077281592417053424,0.055147976717798926,0.00017510966692987442,NA,30,31,31,0.00028451604275683557,0.08014770780700478
ENSG00000188375.4,H3F3C,-0.25052801699913474,NA,0.8021790409255046,0.009404569661801946,0.043003980999515384,0.0006552929623968778,NA,7,7,7,0.3173523063020185,0.11559462565766665
ENSG00000180481.10,GLIPR1L2,-0.2492469628539581,NA,0.803169754309315,0.15432975731754156,0.5339668714112723,1.6540455090754863e-48,NA,54,55,55,0.030682761762706717,0.028769574287450007
ENSG00000158623.14,COPG2,-0.24911837236009543,NA,0.8032692182859424,0.055117612831828575,0.3089123414693146,3.9678453395282646e-23,NA,23,25,25,0.0010288357975423118,0.08843796765565781
ENSG00000106484.14,MEST,-0.24909025386290465,NA,0.8032909681996643,0.016735168173771138,0.023863309708845187,0.014976688184948088,NA,62,69,69,5.703339111546207e-05,0.06304318618760184
ENSG00000079691.17,CARMIL1,0.24908298173704418,NA,0.8032965932800571,5.6295143556272435e-05,0.10107373062267393,2.305028711256462e-07,NA,2,29,29,0.798847311327708,0.01674768715472039
ENSG00000150316.11,CWC15,0.24882796524152215,NA,0.8034938581735043,0.019135638853776674,0.06317076283932091,5.278848912097505e-05,NA,70,74,74,1.0947480698698954e-05,0.11106329264515433
ENSG00000110455.13,ACCS,-0.24860132555228528,NA,0.8036691830416343,0.2486481329032058,0.634558932344184,2.6921867254986226e-66,NA,84,90,90,0.0129229926277718,0.5703912585686576
ENSG00000103351.12,CLUAP1,-0.24801011910597343,NA,0.8041265774429003,0.013852642712712318,0.1583062618459072,2.639006600126881e-11,NA,20,21,21,0.0773004933193868,0.12249790625721485
ENSG00000196526.10,AFAP1,0.24797618698969115,NA,0.8041528314937232,0.0029450303872829136,0.039022828185714765,0.0017747997908742644,NA,43,46,46,0.0004440051322160251,0.03016911631254212
ENSG00000215374.5,FAM66B,0.24782446333436306,NA,0.804270226241667,0.0016337677802498113,0.024150874614521083,0.014203316690731188,NA,5,5,5,0.25991379593457065,0.021002575444836587
ENSG00000236499.2,LINC00896,0.2472687584998559,NA,0.8047002352908542,0.005233985939340035,0.04254463651347449,0.0008602429017339039,NA,16,19,19,0.34899669617376017,0.04496822442543592
ENSG00000166148.3,AVPR1A,-0.24720604270002677,NA,0.8047487690144344,0.0019013991070138255,0.02235441358988759,0.0179308126943167,NA,13,13,13,0.0001599987263801738,0.028291958362298864
ENSG00000172824.14,CES4A,0.24715534676631806,NA,0.8047880015034021,0.012144552893796668,0.02063072403007983,0.02360277957387564,NA,37,38,38,0.22282750412671726,0.16641543270257142
ENSG00000103852.12,TTC23,0.24677966820274322,NA,0.8050787463482225,0.005546280113393303,0.02698393107341809,0.008236259182437235,NA,19,19,19,0.2673022170789183,0.04616266054008572
ENSG00000125851.9,PCSK2,-0.24665946325562935,NA,0.8051717809562577,0.01834098402473201,0.2210407541156808,2.701528774961774e-16,NA,11,11,11,0.7082097294477788,0.03177251921996011
ENSG00000106069.21,CHN2,-0.24616680505597147,NA,0.8055531107298056,0.029352445331445973,0.07483101153739645,1.0184239440366707e-05,NA,42,42,42,7.147487552635184e-08,0.11851409407269607
ENSG00000146457.14,WTAP,-0.245576480395994,NA,0.8060100976904905,0.005452829213872675,0.06627771468865683,2.6807381889900978e-05,NA,11,11,11,0.055369707551585025,0.2996693840010985
ENSG00000104894.11,CD37,-0.2455467996920271,NA,0.8060330761107145,0.015327338039875158,0.020306916414499197,0.02441980170604266,NA,59,69,69,0.00560782934098614,0.243755560688469
ENSG00000106733.20,NMRK1,0.2454354316971443,NA,0.8061192972764811,0.042049352148350046,0.4699925826792376,1.0046009641248333e-39,NA,68,70,70,4.910751498858716e-05,0.1001541380777006
ENSG00000213023.10,SYT3,0.24531566516689832,NA,0.8062120232232017,0.0019254095982683065,0.06811790129595961,2.65764114125004e-05,NA,9,10,10,0.20827213876793138,0.03296538956362749
ENSG00000094914.12,AAAS,-0.2452885840965781,NA,0.8062329903758344,0.003302124341248108,0.024051439697418183,0.013418550739716343,NA,24,24,24,0.04110914026671457,0.039287812585411065
ENSG00000227345.8,PARG,-0.24526967946581305,NA,0.806247627113215,0.010064873204667363,0.02687876753447184,0.009313277053000576,NA,40,44,44,5.0097637018987566e-05,0.13905869449227606
ENSG00000125999.10,BPIFB1,0.2452090907346456,NA,0.806294537841185,0.005998636200184569,0.08340208568689861,2.700088264959193e-06,NA,11,13,13,0.1128671479016281,0.03620298244009888
ENSG00000260097.2,SPDYE6,-0.24478183771909098,NA,0.8066253575800599,0.03959976648135053,0.09492220616137544,5.888691050637595e-07,NA,39,43,43,0.05485040652175607,0.14953841233060933
ENSG00000272143.1,FGF14-AS2,0.24462810620681363,NA,0.8067443995404029,8.897115341276608e-05,0.031688744414566934,0.004746265489096429,NA,5,7,7,5.898374625988842e-05,0.01613484866832721
ENSG00000177570.13,SAMD12,-0.24445526504297765,NA,0.8068782444010442,0.0027870111019217335,0.06779244522635935,2.5286884762716102e-05,NA,24,25,25,0.32650674149501213,0.019204120352644467
ENSG00000235052.1,RP1-150O5.3,-0.24417616822940955,NA,0.8070943835229549,0.004363263232779222,0.026433829774522927,0.010065036346882009,NA,4,4,4,0.20268642491516364,0.2084764323299812
ENSG00000232859.9,LYRM9,0.24413240711736167,NA,0.8071282744913344,0.024273862059700863,0.24030908711930796,1.6213344962982074e-17,NA,48,52,52,0.0007735861607317328,0.1368513675555264
ENSG00000261794.1,GOLGA8H,0.24371884784614115,NA,0.8074485749950622,0.005283813356271356,0.032324044670538225,0.004599843714035507,NA,9,44,44,0.25015379923628567,0.1020313021759998
ENSG00000168118.11,RAB4A,-0.24357291723161667,NA,0.8075616055584097,0.00104072472717005,0.03599617734493209,0.0025244062040441838,NA,11,11,11,0.19499244608517274,0.024027881523823083
ENSG00000205791.3,LOH12CR2,-0.24342206054062954,NA,0.8076784558378904,0.0007573229251603735,0.026169637004038883,0.010581640633325895,NA,3,3,3,0.5374733244310588,0.029760592183535124
ENSG00000160323.18,ADAMTS13,-0.24307784981492692,NA,0.8079450899673174,0.0005055949767801114,0.015930762264548846,0.04612042632773062,NA,4,4,4,0.685560537526013,0.015606849878078453
ENSG00000092445.11,TYRO3,0.24264504646177876,NA,0.8082803817928415,0.010257607188368632,0.051490528132977435,0.00028977981051381426,NA,20,21,21,0.041088398302041466,0.12356925716742373
ENSG00000272871.1,RP11-408A13.4,-0.24233457286912286,NA,0.8085209267104305,0.04401439169444527,0.2763960511261514,9.830687666466823e-21,NA,19,21,21,0.38563233094766636,0.08479073781373345
ENSG00000197747.8,S100A10,0.2423335937817594,NA,0.8085216853043542,0.009123662136121567,0.08253116909575907,2.3623902810109943e-06,NA,23,25,25,0.009055272610116618,0.02695253165751029
ENSG00000171984.14,C20orf196,-0.24229966948190507,NA,0.8085479698602865,0.006191270805096001,0.0652125066021459,4.378430849973765e-05,NA,5,5,5,0.04480348721083478,0.08969368343677793
ENSG00000154978.12,VOPP1,0.24214265874436774,NA,0.8086696246322174,0.006739216884062387,0.03548602043276432,0.002944405137085857,NA,64,65,65,0.001574922623606375,0.07913281440441162
ENSG00000006837.11,CDKL3,0.2420233411951519,NA,0.808762077130192,0.0019688240712619066,0.028988206832488476,0.007041430056619889,NA,13,13,13,0.36165250918115355,0.055865697473171265
ENSG00000278129.1,ZNF8,-0.24135596826605016,NA,0.8092792362948026,0.02609442275199303,0.05175949665356319,0.00023009481803071895,NA,37,42,42,3.821074522964324e-05,0.110340915302405
ENSG00000183780.12,SLC35F3,0.24132069300343603,NA,0.8093065740438172,0.0037367582017048292,0.14937035546041064,8.597888479719932e-11,NA,32,43,43,7.268285925469988e-06,0.12066183323766645
ENSG00000094755.16,GABRP,-0.24108533844477223,NA,0.8094889759147993,0.01536199488899823,0.07629693725183287,8.917244128403051e-06,NA,24,24,24,0.0026506658879991486,0.0549746731633967
ENSG00000160221.16,C21orf33,-0.24107910379290184,NA,0.8094938079660714,0.35353822302065596,0.5964667504581084,3.9346372208518015e-58,NA,25,30,30,2.160082983097609e-05,0.16650166348419684
ENSG00000086205.16,FOLH1,0.24047021856069803,NA,0.8099657481323325,0.004032041994657782,0.028715254116432214,0.0071489688996908595,NA,12,12,12,0.44989536213607106,0.026384728942330675
ENSG00000153898.12,MCOLN2,0.24046623156846117,NA,0.8099688386335528,0.09865718478438205,0.4445423408150521,3.8494390113596215e-37,NA,26,28,28,0.0003435269119870291,0.1007734966642566
ENSG00000133704.9,IPO8,0.23931970762593172,NA,0.8108576848738711,0.007729933883225572,0.13134447875643546,2.0266901790501813e-09,NA,25,25,25,0.09942842942435408,0.013205291517829029
ENSG00000280789.1,PAGR1,0.2389954331647849,NA,0.8111091239532267,0.008727326727447072,0.048765190623447946,0.00041955740399511203,NA,25,28,28,0.028854238458281743,0.19242411251838493
ENSG00000122873.11,CISD1,0.238914553050831,NA,0.811171840598444,0.0017957714282085969,0.03461780919125783,0.002748990165860325,NA,15,15,15,0.6052911289739599,0.020315580246558846
ENSG00000090316.15,MAEA,-0.23889058750342038,NA,0.8111904243699972,0.05148905160550753,0.2416338696488708,1.5284358409644243e-17,NA,55,61,61,0.0007413556886461785,0.06355966044073408
ENSG00000184840.11,TMED9,-0.23881680852074558,NA,0.8112476359889358,0.001483139148997664,0.05779800902563599,8.670188343032005e-05,NA,10,14,14,0.16387422363187343,0.013766478082143518
ENSG00000100983.9,GSS,0.2386559880963629,NA,0.8113723470410502,0.004596991840731959,0.06434011706003258,4.216487647447987e-05,NA,13,14,14,0.06450604567721466,0.1192416227843451
ENSG00000140534.13,TICRR,0.23860347693558884,NA,0.8114130687893424,0.001230812851932867,0.01901431457983986,0.0286349701549204,NA,9,9,9,0.565803247854199,0.026692691708523772
ENSG00000185414.19,MRPL30,0.23854302957943058,NA,0.8114599455895847,0.011938476281844966,0.09185465331587858,7.233284500067251e-07,NA,28,28,28,0.0041353766832242615,0.04372596772872785
ENSG00000263753.6,LINC00667,-0.23808383831540667,NA,0.8118160695284536,0.0697672630846225,0.30564843894505056,1.5063121607726783e-22,NA,47,53,53,0.01959189630881379,0.040335919581666164
ENSG00000070371.15,CLTCL1,0.23679285281972667,NA,0.8128174965203447,0.0036966521138045334,0.08314765021705194,2.555480696598406e-06,NA,17,19,19,0.06728662587579988,0.037021907394605966
ENSG00000276073.1,RP5-1125A11.7,-0.2367149554262053,NA,0.8128779319148217,0.011012530581001514,0.13982411005990394,4.3070356018338063e-10,NA,20,20,20,0.058151653634031915,0.027678145758135424
ENSG00000106526.10,ACTR3C,-0.23600482874610135,NA,0.8134289232068164,0.014907054707405883,0.13805861273212616,6.021723635290543e-10,NA,27,27,27,0.2294378884143855,0.07612103721295813
ENSG00000198131.13,ZNF544,0.235967365614372,NA,0.8134579936286012,0.004627316868219236,0.04769678144281725,0.00043912049219542215,NA,13,13,13,0.03553838757702669,0.03713418698513245
ENSG00000100296.13,THOC5,-0.23578811282998888,NA,0.8135970927113939,0.04102897799452471,0.3759517027068584,7.871077512986943e-30,NA,28,28,28,0.2529519829552609,0.08559159214158023
ENSG00000213366.12,GSTM2,0.2355698415944387,NA,0.8137664778154021,0.0024796075054736577,0.05316599914061306,0.0002529025350044403,NA,9,11,11,0.017947176866650795,0.041096865705047725
ENSG00000242715.7,CCDC169,0.2350023878390313,NA,0.8142068798895632,0.0846321098691297,0.25930095082115284,5.344672518411675e-19,NA,78,78,78,4.602177284494336e-07,0.05771899967138816
ENSG00000144559.10,TAMM41,-0.23486195529245157,NA,0.814315878960855,0.2118997419608526,0.5693620002847499,4.4366314089968885e-57,NA,84,87,87,5.080204455562661e-07,0.12389015968467285
ENSG00000105559.11,PLEKHA4,0.23475706653418874,NA,0.814397292471457,0.0021363285484567373,0.0398470035103119,0.0015141726960039405,NA,24,27,27,0.6192907878618228,0.035970473326667834
ENSG00000100105.17,PATZ1,0.23464338481057498,NA,0.814485533249701,0.0007072646814498866,0.04830325335742327,0.0004698869031602236,NA,9,10,10,0.5470526185238926,0.031812542961660716
ENSG00000139180.10,NDUFA9,0.23461664755057463,NA,0.814506287293785,0.00027473971396557706,0.03920207458102813,0.0015023874390539288,NA,10,12,12,0.023845722060847906,0.02392560266922324
ENSG00000283696.1,RP11-122G18.12,0.23457202358194473,NA,0.8145409256809959,0.010768962724401993,0.045552604583330825,0.0006007515822825757,NA,17,21,21,0.011877814118662972,0.08860904927566368
ENSG00000100350.14,FOXRED2,-0.23410606062202186,NA,0.8149026409639913,0.005085117176641633,0.06265226554033775,5.0573497812465226e-05,NA,12,13,13,0.0033621509963169963,0.16510629586462966
ENSG00000145882.10,PCYOX1L,0.23394341466807003,NA,0.8150289082066334,0.024387288328332476,0.17942947832627978,1.3617024278580424e-12,NA,16,18,18,0.22639362250487594,0.07423210013947905
ENSG00000196584.2,XRCC2,-0.23384670957087256,NA,0.8151039857363731,0.012862585754574985,0.11173754588966486,5.418840192927852e-08,NA,18,19,19,0.2716472009272993,0.060018456242565826
ENSG00000231106.2,LINC01436,0.23374470334855812,NA,0.8151831806634946,0.016285387184028523,0.3650893376607924,1.2088184984401046e-27,NA,34,37,37,7.547761369536758e-08,0.0532911315096492
ENSG00000149577.15,SIDT2,-0.2335428322688232,NA,0.8153399135842613,0.00554212195676762,0.16099864401195782,1.8297842519718066e-11,NA,24,24,24,0.13907610272945514,0.016722017178870438
ENSG00000156042.17,CFAP70,-0.23347412976497195,NA,0.8153932559668943,0.005452955437568443,0.07532409897071175,5.430253877236408e-06,NA,28,29,29,0.08088382226039104,0.13478945786575622
ENSG00000048162.20,NOP16,0.23338611603904447,NA,0.8154615933268335,0.0011807892796175117,0.033566274146222555,0.003938191046623039,NA,15,15,15,0.048873941086334,0.039211415374342126
ENSG00000197134.11,ZNF257,0.23317819334328577,NA,0.8156230383578363,0.07459960479321637,0.2553595109110717,3.1850165280859073e-18,NA,15,16,16,0.2702701191299125,0.22273974565766336
ENSG00000170624.13,SGCD,-0.23303661289988142,NA,0.8157329753250302,0.01104890910789293,0.1864942830857059,5.733948780983093e-13,NA,22,22,22,0.17278314830014352,0.0241540105502449
ENSG00000242282.6,AC108488.4,-0.23284902695355586,NA,0.8158786410713272,0.009495563588431444,0.21341774952182774,4.65602994351142e-15,NA,24,26,26,0.23678903416220765,0.07113892369504983
ENSG00000120915.13,EPHX2,0.2327988490586351,NA,0.8159176066922941,0.015191925320043268,0.20032711801939398,4.1070350601988253e-14,NA,12,12,12,0.4345143745884217,0.07983773909071197
ENSG00000174482.10,LINGO2,-0.23265760084325945,NA,0.8160272953719897,0.03012244962938715,0.09885500906101362,2.610512017763255e-07,NA,107,111,111,0.002144752806394115,0.2041595325772434
ENSG00000134897.13,BIVM,0.23244360803588354,NA,0.8161934819560994,0.008405903060400942,0.12553576284815846,5.924314274976066e-09,NA,26,26,26,0.22444438180648152,0.029549960090568064
ENSG00000165119.20,HNRNPK,-0.23226454452769568,NA,0.8163325488370001,0.00047068886485420423,0.03443107885519395,0.0032545537130749666,NA,3,3,3,0.8053201745587542,0.02041735767777346
ENSG00000260807.6,RP11-161M6.2,0.23223908583774341,NA,0.8163523214012167,0.016117889015699997,0.07845620543902936,5.198050702003516e-06,NA,40,51,51,2.616404040198218e-05,0.09081601956344433
ENSG00000104231.10,ZFAND1,0.23212258448572293,NA,0.8164428040001263,0.003948917103096504,0.08107439248993396,4.291439528479081e-06,NA,9,9,9,0.125330116193051,0.08625562541769123
ENSG00000128815.19,WDFY4,0.2318577614704337,NA,0.8166484920418541,0.001598775723580462,0.018911366772037856,0.030725373554068944,NA,25,26,26,0.17748347775530027,0.021870839071642768
ENSG00000176915.14,ANKLE2,-0.23184199540305164,NA,0.8166607379452058,0.01752969274890306,0.1318997195499349,1.5951973511836926e-09,NA,18,24,24,0.3049977297759945,0.09348245268993814
ENSG00000004777.18,ARHGAP33,0.2309643589263636,NA,0.8173424909123855,0.0032802390246370948,0.02273216381412221,0.017218722243978864,NA,9,9,9,0.17568968771068627,0.08980318521490042
ENSG00000115107.19,STEAP3,-0.23094130506529592,NA,0.8173604011468242,0.0010642525520054343,0.01954891654164904,0.022643523714254567,NA,10,10,10,0.5494687384564353,0.058392841159897416
ENSG00000131203.12,IDO1,0.23074062964375652,NA,0.8175163072080567,0.02206225344925227,0.06819735580555444,2.8428582562230687e-05,NA,48,48,48,0.08408584831865587,0.29512487705573365
ENSG00000001561.6,ENPP4,-0.23064552003980143,NA,0.8175902010098852,0.006262802717445403,0.01847308601024933,0.03234015418637563,NA,42,45,45,0.0016067172805025172,0.07899817476438895
ENSG00000273136.6,NBPF26,-0.23014173989157763,NA,0.8179816315125142,0.01413559436941855,0.4725557591199098,7.926068377989647e-40,NA,13,23,23,0.15058744770234986,0.5228648066609844
ENSG00000271952.1,LINC01954,-0.22994541192081627,NA,0.8181341880406139,0.055957807506740787,0.044283890402566056,0.0007835611630374057,NA,86,99,99,1.9268827129982418e-05,0.2982700865600002
ENSG00000090615.14,GOLGA3,-0.22989526855994186,NA,0.8181731530125131,0.0036083467103396934,0.032128507675100317,0.004711454773820342,NA,7,7,7,0.3733023703689431,0.08453540056084413
ENSG00000152219.4,ARL14EP,0.22960111407713865,NA,0.8184017410931448,0.011575172780918307,0.16778963071931696,5.5318169462264065e-12,NA,45,45,45,0.12445811194739174,0.04234799482544983
ENSG00000164305.18,CASP3,0.22953953004621197,NA,0.8184496001310281,0.0007847561703090687,0.055143258366524485,0.00016736299714711092,NA,7,10,10,0.017980995865698027,0.01954174170226872
ENSG00000177465.4,ACOT4,-0.2292280840407469,NA,0.8186916457373004,0.01783513368833775,0.19394689636728527,9.949991863358478e-14,NA,4,5,5,0.8054826657594306,0.16394939321965954
ENSG00000169826.7,CSGALNACT2,0.22762717092134982,NA,0.8199360950609194,0.009446018009919167,0.16449203733262488,6.382922419027389e-12,NA,48,51,51,0.0007298804849674919,0.029654334002353087
ENSG00000164756.12,SLC30A8,-0.22733724411074002,NA,0.8201615145541244,0.004056868382513255,0.06805186052527394,2.511753732822828e-05,NA,13,13,13,0.07843906141407361,0.014785776465935237
ENSG00000215386.11,MIR99AHG,0.22728538282295127,NA,0.8202018385225616,0.003277711181177853,0.07299475766336537,5.009349824345012e-06,NA,17,17,17,0.25763970965807614,0.05792547307909453
ENSG00000145736.14,GTF2H2,-0.22693433628145904,NA,0.8204748020016088,0.024878009373541468,0.2931646773984216,2.1251452865503184e-21,NA,32,46,46,0.04386785378394591,0.21007430762991924
ENSG00000152778.8,IFIT5,-0.22652396604065003,NA,0.8207939214136906,0.019780087829131883,0.2347411971946301,4.342611097917956e-17,NA,11,11,11,0.028934105050025822,0.06997065513247927
ENSG00000187630.15,DHRS4L2,-0.22622940843709538,NA,0.8210229988333275,0.06399192961986808,0.20080320113947425,1.8190936701365213e-14,NA,81,91,91,3.091291246790335e-07,0.24812484660817524
ENSG00000162298.18,SYVN1,-0.22595366005072165,NA,0.8212374621615522,0.0026355694137664676,0.04302977747850637,0.0007519773851118452,NA,45,49,49,0.002409889375629821,0.06304921120329772
ENSG00000166342.18,NETO1,0.22577897368212782,NA,0.8213733314129038,0.02248126461558912,0.094169179358296,7.57844971643699e-07,NA,31,31,31,0.08448667936072485,0.21929514255933533
ENSG00000166135.13,HIF1AN,-0.22573054413935886,NA,0.8214110003594872,0.010057100694395037,0.018830463893065662,0.0284170098577738,NA,44,47,47,1.309730855090266e-07,0.0793462386092916
ENSG00000142459.8,EVI5L,0.22558831686546796,NA,0.8215216284296426,0.004848076824656801,0.07525832339410253,9.57274792609006e-06,NA,13,15,15,0.00491543064670427,0.024738649999402475
ENSG00000173239.13,LIPM,-0.22558293889700406,NA,0.821525811622948,0.004622621986718733,0.06472744102216807,4.9483839367491636e-05,NA,18,18,18,0.34648062110662314,0.032084331551061364
ENSG00000214026.10,MRPL23,0.22536832251928474,NA,0.8216927527404145,0.11092332451614739,0.24662188922999376,1.2740051977216689e-17,NA,52,64,64,0.0004911585146940634,0.26941814576523965
ENSG00000121413.12,ZSCAN18,-0.22494266927242282,NA,0.822023874506743,0.00017235483235881745,0.021742452767043327,0.01984429258568022,NA,1,2,2,0.822023874506743,0.02210729290044093
ENSG00000146054.17,TRIM7,0.22486863308263194,NA,0.8220814715593319,0.011443772965735604,0.03904759897264553,0.0017101174773569842,NA,15,16,16,0.19663018808023602,0.10423245787398723
ENSG00000242372.6,EIF6,0.2248518716839395,NA,0.8220945113581271,0.004189381535849674,0.028700655649523937,0.007516573658008864,NA,26,26,26,0.08409857760134652,0.04650849658322118
ENSG00000136169.16,SETDB2,-0.22478192132336483,NA,0.822148930892902,0.009871855764331128,0.054116359152664543,0.0001694991574907834,NA,41,43,43,0.007222683611810296,0.05689723131871355
ENSG00000179913.10,B3GNT3,0.22470466471304268,NA,0.8222090354915892,0.011725982100876279,0.17091516877351762,4.899016258075292e-12,NA,11,12,12,0.09303286990514466,0.12917026722860372
ENSG00000142669.14,SH3BGRL3,-0.22453759867670928,NA,0.8223390141773401,0.00046405515914464646,0.04324488076961206,0.0007953881876313942,NA,4,4,4,0.8076764123326259,0.020710780651215382
ENSG00000134265.12,NAPG,0.22402273182756555,NA,0.8227396152746869,0.03907378167125972,0.23399697800497435,1.4444686287420168e-16,NA,33,35,35,0.0030144463997436753,0.061602028013016626
ENSG00000159648.11,TEPP,-0.22397103253159203,NA,0.8227798433647551,0.034514376328766874,0.13507519365169002,9.40933862962975e-10,NA,9,12,12,0.0206212679887967,0.15642663602379614
ENSG00000121933.18,TMIGD3,0.22351217147874208,NA,0.8231369112555229,0.04076251766251811,0.1987086733189436,4.2439348423638985e-14,NA,29,30,30,0.00887842898666451,0.1814744145326854
ENSG00000128563.13,PRKRIP1,0.22330267711355617,NA,0.8232999438341178,0.010391489138056778,0.047672457934518894,0.0005363863862340146,NA,32,37,37,4.501621681646848e-06,0.10985687325578232
ENSG00000254505.9,CHMP4A,-0.22293681369921245,NA,0.8235846841266519,0.00040669597065440223,0.052601208406019936,0.0002562868906050997,NA,9,13,13,0.35537506023590093,0.032421049175639566
ENSG00000124302.12,CHST8,0.22242113658947077,NA,0.8239860592610038,0.020035812550278326,0.05734017368838853,0.00011153063817569293,NA,24,27,27,0.22366009667327313,0.17496848844327131
ENSG00000089639.10,GMIP,-0.2224013122941024,NA,0.8240014903385012,0.0009473705919078409,0.031636908613307486,0.004375826412230611,NA,31,36,36,0.08161490755146165,0.033286554242134614
ENSG00000118804.8,STBD1,0.22234404545845712,NA,0.8240460667805674,0.015002175095756954,0.1611047025655249,2.060275718894655e-11,NA,20,20,20,0.18421620848506037,0.04713386795667683
ENSG00000133937.4,GSC,-0.22228950669182806,NA,0.8240885202243834,0.0028266479123865026,0.0240716987583629,0.014509173002566482,NA,4,5,5,0.14867543961271096,0.03713620591765023
ENSG00000273399.2,RP11-408A13.3,-0.22222435709174473,NA,0.8241392339066029,0.010017757748591817,0.031833040132962794,0.004735679911276661,NA,18,20,20,7.078116175412441e-06,0.07897804026964735
ENSG00000112874.9,NUDT12,0.22204129089321048,NA,0.8242817400311886,0.0017241205952732747,0.05156284447558211,0.0002553047991678307,NA,6,6,6,0.7364440220489391,0.028712935640066068
ENSG00000158428.3,CATIP,0.2217956034715841,NA,0.8244730021487598,0.007175157351242854,0.04162784537751904,0.0010759875857875344,NA,13,15,15,0.17500157557858276,0.1970606586933666
ENSG00000100418.7,DESI1,0.22145405563413303,NA,0.824738906751936,0.028376804415261334,0.1647364215078096,6.108524250130883e-12,NA,51,51,51,5.539661735244372e-05,0.052836693381565165
ENSG00000139990.17,DCAF5,0.22119909219258832,NA,0.824937416079051,0.0059015915616636135,0.0283394562734267,0.0074745293139142814,NA,21,21,21,0.001940678695190923,0.04527521975108269
ENSG00000139508.14,SLC46A3,-0.2211004904410649,NA,0.8250141883912762,0.007496249354059627,0.03990040068523522,0.0014755639452045672,NA,13,13,13,0.08208376411465901,0.17943651166764715
ENSG00000160305.17,DIP2A,-0.22100604490634818,NA,0.8250877262008238,0.005751894214923697,0.038361467029627984,0.0016595528030703027,NA,10,10,10,0.6194995504254539,0.056399431782525974
ENSG00000189350.12,TOGARAM2,-0.219874990043639,NA,0.8259685147359154,0.09471458885074496,0.3981683284756313,2.6352767059385717e-31,NA,17,17,17,0.23551489055371122,0.16701576604966614
ENSG00000026103.21,FAS,-0.21969558598308359,NA,0.8261082425636939,0.004740745800760679,0.08939127097543792,1.3714905513418829e-06,NA,17,17,17,0.6516700067810774,0.048275448812889074
ENSG00000169220.17,RGS14,-0.21953708237875574,NA,0.8262316967730089,0.022392219588208147,0.17571795460159928,2.52462993229137e-13,NA,36,39,39,0.03976551388509111,0.0969728073516215
ENSG00000198130.15,HIBCH,-0.21902200254970308,NA,0.8266329082949937,0.06016157420018302,0.44154401993600617,5.074104624404672e-36,NA,24,24,24,0.21504087514608394,0.04261782032849335
ENSG00000196981.3,WDR5B,0.2189249968651965,NA,0.8267084740746109,0.00858212894313259,0.10526737619602336,7.33087539012384e-08,NA,20,21,21,0.008351967251569944,0.041686162837775514
ENSG00000163536.12,SERPINI1,-0.21841294774315487,NA,0.8271073782153111,0.00551296688693253,0.08126987579620162,3.4985467966405885e-06,NA,26,29,29,0.05500916737126306,0.07078901544941342
ENSG00000059691.11,GATB,0.21807519620935598,NA,0.8273705228764747,0.012882681079642123,0.14707100471773238,1.1357459183174409e-10,NA,57,58,58,1.0175926476401766e-06,0.04771892276769382
ENSG00000213463.4,SYNJ2BP,0.2180398169463724,NA,0.8273980882379715,0.02673390131068347,0.21713771711466365,3.497228642074933e-16,NA,21,22,22,0.006358550013984204,0.08788749826913006
ENSG00000117597.17,DIEXF,0.21798879037355304,NA,0.8274378454023842,0.0029387854163363467,0.030655049284780026,0.005629671667985947,NA,11,12,12,0.0022636353218086977,0.032196627569885373
ENSG00000197410.12,DCHS2,0.21765129842992062,NA,0.8277008121255462,0.14738288225738028,0.30579604045083675,3.4239010346941323e-23,NA,45,47,47,0.014579153440826364,0.2442230234985601
ENSG00000121039.9,RDH10,0.21739253323404753,NA,0.8279024496845913,0.018191599700731375,0.11688584142648605,2.225194890556669e-08,NA,35,36,36,0.0006336202623234275,0.05391535557178183
ENSG00000168724.14,DNAJC21,0.21720200572274498,NA,0.8280509216558475,0.0087520841089715,0.1869868589566185,8.675214786889317e-14,NA,16,16,16,0.11791107179933168,0.02664011982543536
ENSG00000079246.15,XRCC5,-0.21706620269283555,NA,0.8281567523469562,0.0007076169328331203,0.02594173700051174,0.009357955730026391,NA,19,19,19,0.23112905255558103,0.015218008570889946
ENSG00000177807.8,KCNJ10,-0.21692436579948562,NA,0.8282672885314563,0.007294048198642118,0.08812074342397576,1.7071730762416927e-06,NA,11,11,11,0.030088447241241004,0.039065487850494775
ENSG00000214688.5,C10orf105,-0.216897693606123,NA,0.8282880750582299,0.029634210968030043,0.046927419031950586,0.0005906288429576198,NA,57,60,60,7.415993379224856e-07,0.2306372493888137
ENSG00000120805.13,ARL1,-0.216864119300185,NA,0.8283142408016901,0.0059258080045747575,0.0856588156163297,2.034930735940821e-06,NA,27,27,27,0.0011782766063461478,0.07163654108731239
ENSG00000149089.12,APIP,0.21674113050915106,NA,0.8284100923074667,0.1788635801778809,0.6501207470160217,8.571638408533155e-69,NA,33,33,33,0.20877488533710464,0.08829379507273949
ENSG00000079101.16,CLUL1,0.21647630959822228,NA,0.8286164895689428,0.007888715925942813,0.0349373209783761,0.0028325147619068943,NA,15,17,17,0.0017613141667336331,0.09463087131657943
ENSG00000219073.7,CELA3B,0.21642063487349456,NA,0.8286598830813195,0.0057126104059469236,0.047357747456618686,0.0005606550373950358,NA,12,12,12,0.14544371379961327,0.13717317922027705
ENSG00000138495.6,COX17,-0.21581001254954693,NA,0.8291358433379541,0.003624405001506065,0.03836040317251143,0.001700603658218676,NA,59,59,59,0.0009647814293282837,0.023762348127052583
ENSG00000196116.7,TDRD7,0.2156379513379775,NA,0.8292699707953821,0.0019859423683764995,0.024716211578077005,0.013241238405100948,NA,6,6,6,1.376200781588986e-05,0.042875767621285685
ENSG00000132507.17,EIF5A,-0.2154501291906125,NA,0.8294163901094793,0.012554768202494775,0.1664667559935269,6.533140800617072e-12,NA,29,31,31,0.12048976898652212,0.07507606698537413
ENSG00000136247.14,ZDHHC4,0.2154205020074703,NA,0.8294394869249363,0.007481345316764292,0.15246488693535426,6.121400579759263e-11,NA,2,3,3,0.823489136493045,0.1298977125511651
ENSG00000153885.14,KCTD15,0.21513389711339131,NA,0.8296629265177657,0.001710383533784837,0.08463028775122675,2.984559759389533e-06,NA,15,16,16,0.03895876448404025,0.033549381264446794
ENSG00000240344.8,PPIL3,0.21511448708951633,NA,0.8296780592344156,0.16781469711055252,0.5760854900554364,1.522331546203349e-54,NA,46,47,47,0.14269812287313421,0.19819693102288494
ENSG00000274414.1,RP5-965G21.4,0.21479031224553366,NA,0.829930806335485,0.05805923165010201,0.041851786358134566,0.0011683527158736333,NA,108,116,116,6.200850149008058e-08,0.32753055334860565
ENSG00000136870.10,ZNF189,-0.214586336738524,NA,0.8300898474944796,0.012308639017170976,0.01831217855325201,0.033064117609111,NA,58,58,58,4.039470420158426e-06,0.06912235849908717
ENSG00000145029.13,NICN1,-0.21443197299649588,NA,0.8302102106340479,0.00481515359558975,0.03418979729612147,0.0027827029761826514,NA,25,26,26,0.005519448877766512,0.04841198007127777
ENSG00000114491.13,UMPS,-0.21439359096885222,NA,0.8302401391443137,0.0018160637300067076,0.07140126093737896,1.7377979598306328e-05,NA,10,12,12,0.03761200417403974,0.0241595940567142
ENSG00000110203.8,FOLR3,-0.21404425010616424,NA,0.8305125501289963,0.025198758473260148,0.11948180197206068,1.2048762554081268e-08,NA,18,19,19,0.15392220136703164,0.18906348840591095
ENSG00000263683.1,RP4-777O23.1,0.2135491531653967,NA,0.8308986544930522,0.015611195801695548,0.0262329256889751,0.009818174391348257,NA,28,30,30,1.628022900306708e-07,0.11625847686167648
ENSG00000021488.12,SLC7A9,0.2133708495746465,NA,0.8310377156373546,0.040772306941614156,0.19229682351061286,3.4849611525218225e-14,NA,38,39,39,0.00016157777183355796,0.04854464805825755
ENSG00000198018.6,ENTPD7,-0.21317965332512998,NA,0.831186837801616,0.004632148473037102,0.0901551294852113,1.1294141914077105e-06,NA,30,30,30,0.10753827608001158,0.04753990154740564
ENSG00000266490.1,CTD-2349P21.9,0.21225127146782474,NA,0.8319110089892259,0.008380062553469025,0.05655552286563152,7.473194134101279e-05,NA,4,4,4,0.8303474719210925,0.06355028720602382
ENSG00000170927.14,PKHD1,-0.21216317662403128,NA,0.8319797335538206,0.004698316385521456,0.03392755761603482,0.0033317655458228864,NA,13,14,14,0.023375856764833933,0.11231579980160668
ENSG00000130348.11,QRSL1,0.21197696358167112,NA,0.8321250063308375,0.07748226764860038,0.3853639320949772,7.105161396055499e-30,NA,70,82,82,0.037351136430847524,0.21732530751110685
ENSG00000169550.12,MUC15,-0.21182651414822923,NA,0.8322423825718231,0.07131408778707128,0.21254436142334665,4.5711057679381505e-15,NA,42,44,44,2.1016963934707644e-10,0.0924063901947252
ENSG00000140564.11,FURIN,0.21169153750393976,NA,0.8323476905794753,0.0018062313438369961,0.035156166281690805,0.0023880673493474032,NA,3,5,5,0.31868458841944225,0.09907981908701388
ENSG00000123473.15,STIL,0.21166025762021895,NA,0.8323720953957914,0.003456248993804428,0.021724752063154718,0.020192334563873048,NA,32,38,38,0.00724764417456712,0.06957662094704
ENSG00000101052.12,IFT52,0.2116092451459439,NA,0.8324118960842342,0.0024033414894428207,0.02567129510085379,0.01044616529923482,NA,10,10,10,0.07991280650531442,0.04535400867888955
ENSG00000128045.6,RASL11B,0.21158394862731422,NA,0.8324316329623258,0.0008036718856876887,0.0461826459185072,0.0006255557752952077,NA,3,4,4,0.8052806256938805,0.05228181658528345
ENSG00000261098.1,RP11-819C21.1,0.21147020825674231,NA,0.8325203769067617,0.015666440543466723,0.11204832435196152,3.5510541892922806e-08,NA,42,43,43,0.0007475654036556505,0.17832241377193062
ENSG00000108840.15,HDAC5,0.2111970362030287,NA,0.8327335233645121,0.0029611706576535427,0.04576255868374702,0.0006488074016575013,NA,17,19,19,2.8323055207656693e-05,0.04350515957566529
ENSG00000183255.11,PTTG1IP,-0.21090989920303946,NA,0.8329575794304048,0.02614378976625585,0.15047720858185487,1.0251592295380336e-10,NA,33,43,43,0.07446347427960047,0.06941873843257942
ENSG00000143549.19,TPM3,0.2108753504092654,NA,0.8329845391378581,0.003956491637104109,0.02560400269479212,0.011262420952346659,NA,63,67,67,0.00016298887426292448,0.03908893262385961
ENSG00000107897.18,ACBD5,0.21030201629603873,NA,0.8334319617007417,0.0011102071660502554,0.054320010616426335,0.00017713465275022894,NA,11,11,11,0.01121443651829094,0.01285866026675453
ENSG00000139194.7,RBP5,-0.20963850123725955,NA,0.833949827650504,0.0031688036724157272,0.03288837772333548,0.004130635797478258,NA,13,13,13,0.03201697272809094,0.12667115178800487
ENSG00000114503.10,NCBP2,-0.20961896466657248,NA,0.8339650768143764,0.00985616671637993,0.16802304618543448,2.01250900217863e-12,NA,31,31,31,0.008750408728551652,0.057840175170234674
ENSG00000171444.17,MCC,0.20925833864940344,NA,0.8342465726983196,0.012201469628638193,0.1908077764134186,5.030818249480195e-14,NA,48,50,50,0.01430004179718006,0.06879658962878689
ENSG00000187954.12,CYHR1,-0.2091022638719615,NA,0.8343684074560906,0.0028507402516815225,0.04837495769920715,0.00043177086923311566,NA,14,18,18,0.0996047905183688,0.028239624363120032
ENSG00000165782.10,TMEM55B,-0.20899181598548836,NA,0.834454627450847,0.0046729142018873526,0.03223035982713021,0.004381738226875521,NA,17,20,20,0.0022760895871961834,0.1034692003983239
ENSG00000079931.14,MOXD1,-0.20816133708993906,NA,0.8351029958439694,0.02234261173340943,0.08403386347273191,2.3311123784066214e-06,NA,76,79,79,2.4170773788904536e-06,0.1279555214654598
ENSG00000126217.20,MCF2L,0.2081006133222936,NA,0.8351504082808839,0.013743592030513407,0.14381583396505826,3.029477757477553e-10,NA,7,8,8,0.023088680361853842,0.05821932903134276
ENSG00000165502.6,RPL36AL,0.2075552967412862,NA,0.8355762121821635,0.05535105011804808,0.4124302615819235,1.4412118036351145e-32,NA,32,34,34,0.0014016831853141502,0.07995935892432217
ENSG00000177479.19,ARIH2,0.20744302069486786,NA,0.835663887571394,0.00612175664884878,0.08627299862899106,1.6810131559928269e-06,NA,44,45,45,0.005519448877766512,0.043224079402035764
ENSG00000132436.11,FIGNL1,-0.20729328449217405,NA,0.8357808184487352,0.07383895481185664,0.4508561013992966,3.174089627682866e-38,NA,55,58,58,0.046478535188543404,0.09325536684621016
ENSG00000039650.11,PNKP,-0.207183733305232,NA,0.835866370642902,0.009957805125335884,0.1196960816246112,1.1947514014444194e-08,NA,24,25,25,1.8377171154734977e-05,0.10811562015851102
ENSG00000164610.8,RP9,0.20698412786011014,NA,0.8360222542175548,0.008505849113660242,0.03752236704340107,0.0021382507722440213,NA,16,17,17,0.03738449694934267,0.09861483804246757
ENSG00000148468.16,FAM171A1,-0.20697790276109984,NA,0.8360271158653089,0.02040811012140189,0.1821598373054851,1.2854567441496246e-12,NA,24,24,24,0.4009330653365728,0.03818200893792898
ENSG00000242441.7,GTF2A1L,0.20695961213709266,NA,0.8360414004247319,0.05383614171264797,0.431916312099088,2.4656049322764807e-35,NA,6,6,6,0.2758416988710094,0.3110219021972336
ENSG00000180257.13,ZNF816,-0.20642045363209052,NA,0.8364624951676614,0.003167578734725809,0.01887214578413869,0.03064629289304526,NA,36,45,45,0.0010856597710326393,0.10181026412653936
ENSG00000188372.14,ZP3,-0.20598095023955554,NA,0.8368057917383244,0.10132707006656348,0.4529102592269118,2.552284097955051e-37,NA,18,22,22,0.00020478460685979748,0.3132695587935741
ENSG00000077157.21,PPP1R12B,0.20577064092744454,NA,0.8369700755655599,0.00491741433456526,0.04513390045235929,0.0006609939167808609,NA,60,65,65,0.0021051042903820114,0.1270214174008984
ENSG00000110436.11,SLC1A2,0.20564843557796958,NA,0.8370655399520752,0.01865850608963269,0.21797717348222487,2.464371923602691e-15,NA,52,56,56,0.014588324113888768,0.11862255109876127
ENSG00000073584.18,SMARCE1,-0.2053357694567868,NA,0.8373097994208911,0.012533865150620004,0.12028249691857165,9.432026926815248e-09,NA,65,69,69,0.0016090597064910167,0.05519455240203
ENSG00000169715.14,MT1E,0.2053011447177725,NA,0.8373368497518388,0.0346580485219764,0.1474488704827794,6.546840893517868e-11,NA,55,58,58,7.454737885274456e-05,0.1544600898323804
ENSG00000272138.1,LINC01607,-0.20511547081982137,NA,0.8374819094427783,0.005664661643610483,0.02025980551628675,0.02221291617486986,NA,5,5,5,0.04667677806981671,0.09349828793352563
ENSG00000274825.1,RP4-616B8.5,0.20511508349695812,NA,0.837482212048626,0.009281137406178516,0.112215218295691,1.6019175498111167e-08,NA,13,13,13,0.0275227682711001,0.028098498575496185
ENSG00000178921.13,PFAS,-0.2050695827317397,NA,0.8375177608471372,0.001613854368928828,0.019795024956690367,0.02588426113930308,NA,12,12,12,0.07950906686699966,0.04214184933469026
ENSG00000019169.10,MARCO,0.20498505458709898,NA,0.8375838018033306,0.006269248644402958,0.017984469492872374,0.033128468358921866,NA,28,28,28,0.02234579462086536,0.20115193509334545
ENSG00000029639.10,TFB1M,0.2042724515964662,NA,0.8381405965163837,0.018887809882984004,0.07067628196452988,1.7109335127578274e-05,NA,45,47,47,0.00045154223347620704,0.08601140320991753
ENSG00000204022.9,LIPJ,0.20382102382089748,NA,0.8384933630633724,0.004010409772180052,0.021240363843726344,0.02179460280070394,NA,10,11,11,0.03128229912258575,0.08425570504896195
ENSG00000235358.1,RP11-399E6.1,0.20349580858327687,NA,0.8387475214140454,0.03813192930409954,0.15168509393992471,5.038636820651425e-11,NA,16,16,16,0.0011215869422505408,0.09292158735904643
ENSG00000175634.14,RPS6KB2,0.20329905101103182,NA,0.8389012972239313,0.011959578856635402,0.2072152006363461,5.9030023066351346e-15,NA,42,45,45,0.006965594826374885,0.18645175494659247
ENSG00000100416.12,TRMU,-0.2032685978800461,NA,0.8389250984073611,0.0028472002223801987,0.054498727199934434,0.0002046574183305203,NA,8,10,10,0.002561821763225778,0.07330999979828713
ENSG00000277763.1,CTD-2588E21.1,-0.2032507207393181,NA,0.8389390706716895,0.011290024117194257,0.026854728561642862,0.008680359727351051,NA,18,18,18,0.00443548409225963,0.22027863130470865
ENSG00000196418.12,ZNF124,0.20308632841424845,NA,0.8390675574130101,0.08036836591640996,0.2900069800196941,8.896862519050602e-22,NA,62,62,62,0.00019829892618602516,0.21395758679669255
ENSG00000134375.10,TIMM17A,-0.20291880934038883,NA,0.8391984923902882,0.0030914350039516984,0.07492314233350207,1.091286439828806e-05,NA,14,14,14,0.5814875290373525,0.04410613174361766
ENSG00000091137.11,SLC26A4,-0.20281677363478712,NA,0.8392782469395024,0.03447450840980684,0.04303447701316665,0.0009947103906265207,NA,77,83,83,0.06544669630583129,0.19542366305778305
ENSG00000167543.15,TP53I13,-0.20234415304296657,NA,0.8396476846511668,0.006394170262925627,0.08355407530856047,3.303729505096924e-06,NA,16,16,16,0.24861898180626785,0.04149399043426974
ENSG00000146386.7,ABRACL,-0.20214470327057257,NA,0.8398036010063282,0.004685975546481284,0.06099959214802824,8.090443822682581e-05,NA,50,52,52,3.76566205998778e-08,0.04297435807484371
ENSG00000091536.16,MYO15A,-0.20184708972889065,NA,0.8400362668501722,0.013999960162282995,0.05593215830383983,0.00013541586629042487,NA,25,25,25,0.002167258056438629,0.08884038696320967
ENSG00000162782.15,TDRD5,0.2017367696417471,NA,0.8401225155239088,0.0385981956022379,0.21039403880481508,5.938269118641396e-15,NA,15,18,18,0.02783679536786723,0.11705708455068828
ENSG00000116213.15,WRAP73,0.20157408824713732,NA,0.8402497039737956,0.01866546342454959,0.1836990184608989,8.575825675616745e-13,NA,36,42,42,0.0004304019546508834,0.09435877186670856
ENSG00000161204.11,ABCF3,-0.20148508206303267,NA,0.8403192930366318,0.011800200890436558,0.06581403996418124,2.586607566399584e-05,NA,28,32,32,0.03685236170592923,0.24872775770120206
ENSG00000009950.15,MLXIPL,-0.2014740813601075,NA,0.8403278939706958,0.012485538490650185,0.07066365708665309,1.911800863584168e-05,NA,14,15,15,2.488655572820673e-05,0.13708936197053528
ENSG00000197978.9,GOLGA6L9,-0.20145925764314215,NA,0.8403394839704216,0.04236033384748361,0.2820616397201441,1.80550389578982e-21,NA,42,42,42,6.640256130812386e-05,0.08160768138106878
ENSG00000197969.11,VPS13A,0.20128735055752822,NA,0.8404738929412781,0.019288791364111137,0.1866353610392424,3.018630494173366e-13,NA,21,21,21,0.43741456928421163,0.04935372411847742
ENSG00000171811.13,CFAP46,0.2005439516639832,NA,0.8410551876343886,0.002936197609133458,0.019805232340474446,0.026636436774279692,NA,14,17,17,0.00020325205054768064,0.17728578237694234
ENSG00000275367.1,RP11-266K4.14,-0.2003141804015874,NA,0.8412348729443244,0.0023627161850016667,0.0182714521353315,0.03199332478044438,NA,23,27,27,0.07473462296442814,0.03560330538423282
ENSG00000105287.12,PRKD2,-0.20029619161247786,NA,0.8412489408540866,0.008033543146671616,0.07757137038686185,8.035314662570602e-06,NA,51,52,52,0.02344983395828868,0.07491354254900286
ENSG00000164695.4,CHMP4C,-0.20027822578704085,NA,0.8412629908559839,0.012093516347684036,0.22509681793069308,2.6942362720876275e-16,NA,3,3,3,0.8366793569695626,0.3173735123865473
ENSG00000177380.13,PPFIA3,-0.20015383705857265,NA,0.8413602692574853,0.011492201641348756,0.0153848268567138,0.04513691789124563,NA,38,42,42,0.01084223613107541,0.13276599349371046
ENSG00000101298.13,SNPH,-0.20013645637950678,NA,0.8413738620378768,0.009422165294649287,0.04675813696811426,0.0005983246587100175,NA,46,51,51,1.914454446220678e-06,0.14760652076783892
ENSG00000251615.3,RP11-774O3.3,0.19998085303461838,NA,0.8414955557123134,0.04272729115803995,0.25559440862508515,9.185152315858973e-19,NA,36,39,39,0.24890612881670837,0.13194978346269529
ENSG00000102858.12,MGRN1,-0.19972958303342017,NA,0.8416920759965612,0.09177255493751402,0.5072886836474676,3.0175199930060834e-44,NA,22,24,24,0.13941963629780293,0.08538430416288438
ENSG00000272894.5,RP5-1159O4.1,-0.19914249749146418,NA,0.8421512787325038,0.005243735487861469,0.0946340463676566,4.5387383142230474e-07,NA,30,31,31,9.7746731606391e-12,0.033261989667604984
ENSG00000115604.10,IL18R1,0.19900373416441297,NA,0.8422598235761074,0.003765385554162052,0.0641209670181081,5.164606455040316e-05,NA,16,16,16,0.8093541133540689,0.006562786973149242
ENSG00000136856.17,SLC2A8,-0.19891842835748041,NA,0.8423265538292137,0.004600730437684735,0.02440847156379304,0.012422820357137165,NA,12,13,13,0.26520198706662024,0.05561604434561046
ENSG00000108771.12,DHX58,0.19880974546499577,NA,0.842411572389014,0.028760165913560565,0.1277680352880174,2.783549562287238e-09,NA,25,29,29,0.007308657449529635,0.20773996967985925
ENSG00000181409.11,AATK,0.1985771052731174,NA,0.8425935642790202,0.035163255097349716,0.1321440561321297,1.29708776160133e-09,NA,16,16,16,0.001243025863972273,0.1561441527803946
ENSG00000133962.7,CATSPERB,-0.197829721812087,NA,0.8431782910713937,0.005346987962616288,0.07729187886125996,6.400003364663589e-06,NA,12,13,13,0.018670130141781004,0.17271485129965344
ENSG00000110025.12,SNX15,0.19766581653165818,NA,0.8433065364255876,0.003592197501249973,0.0492569446352833,0.00043154594063102097,NA,9,9,9,0.08734920226261429,0.015535070212826472
ENSG00000174891.12,RSRC1,0.1975709443210127,NA,0.8433807697354804,0.004222488645064601,0.0576348626870305,0.0001312397642936368,NA,17,18,18,1.7353126780620197e-19,0.049560355744795295
ENSG00000143554.13,SLC27A3,-0.19755636696771486,NA,0.8433921759932139,0.007893893204336592,0.093946796238633,6.045332514310475e-07,NA,15,15,15,0.506255529127437,0.05706055371834631
ENSG00000152049.6,KCNE4,0.19714597190694422,NA,0.8437133089256668,0.0055669594705873415,0.02395459432622721,0.013449486410882002,NA,41,47,47,0.003484284395959071,0.05420221250946417
ENSG00000164896.19,FASTK,-0.1970301958043261,NA,0.8438039080879371,0.0085384621857014,0.1133573841299324,2.7754683631591296e-08,NA,17,22,22,0.0029335660923033384,0.05666519672852411
ENSG00000272541.1,XXbac-BPGBPG55C20.1,0.19701095981180136,NA,0.8438189611770697,0.16060270988586295,0.3959261987115429,3.0108607969862146e-32,NA,61,67,67,0.029658771768579145,0.08447543001281385
ENSG00000119411.10,BSPRY,-0.19682338117335363,NA,0.8439657534711948,0.0012596766295714084,0.046273584701728265,0.0004901939576895288,NA,5,5,5,0.6747548392936276,0.0331537076792096
ENSG00000158669.11,GPAT4,-0.19662643461238732,NA,0.8441198825967808,0.0025930744585735614,0.029385539938564895,0.006303190583724774,NA,13,13,13,0.003327551466813486,0.07348178752290573
ENSG00000166866.12,MYO1A,-0.19658292081517334,NA,0.8441539370228932,0.004068712772933017,0.04006891262521416,0.0012609114016420167,NA,28,29,29,0.0004973618784617828,0.09933976096176893
ENSG00000105738.10,SIPA1L3,0.19646213077847366,NA,0.8442484702989068,0.0022600407268530674,0.036689936376489436,0.0024346278877046827,NA,23,25,25,0.1350858247573433,0.02864978579210315
ENSG00000122696.13,SLC25A51,0.19623265990924452,NA,0.8444280660657002,0.07509640707808274,0.3647029534386171,3.761004146317447e-28,NA,28,29,29,0.08164464728786364,0.054144837135757816
ENSG00000177697.17,CD151,-0.19622379547353636,NA,0.8444350039937101,0.06126074412020388,0.3153408045297661,2.2107711805187448e-23,NA,53,65,65,0.011236214702957655,0.2637156776541553
ENSG00000125731.12,SH2D3A,0.19611184623377984,NA,0.8445226243450319,0.0013922239478782517,0.021266087106515542,0.021781578870621484,NA,18,21,21,2.3087436142196688e-11,0.02846253467095448
ENSG00000006071.12,ABCC8,-0.1958260531107496,NA,0.8447463174247557,0.00788155786784167,0.034855925797055605,0.0032212873821400225,NA,42,43,43,0.0464314553191812,0.09208300503265933
ENSG00000272732.1,RP5-1159O4.2,-0.19548711604494037,NA,0.845011623016179,0.0017144548856515558,0.05271646214373635,0.0002171983482975186,NA,7,7,7,0.7513640891566327,0.024153163733018262
ENSG00000188130.13,MAPK12,-0.19544524001437538,NA,0.8450444030214548,0.03777521622864047,0.2520546776726949,6.0256104306413385e-18,NA,15,17,17,0.19809792364903145,0.08581159229848942
ENSG00000162367.11,TAL1,0.19493174382703018,NA,0.8454463828733101,0.008624331600831585,0.03836739589433237,0.0016985169087862756,NA,38,40,40,7.85812015256351e-07,0.07841469138029245
ENSG00000157193.15,LRP8,0.1946951708536205,NA,0.8456315926701494,0.024386918173196857,0.017179841837621092,0.03512304136106114,NA,64,70,70,1.5510017681036297e-06,0.13565121843531433
ENSG00000111860.13,CEP85L,0.19437612774739185,NA,0.8458813807322574,0.010135192071556118,0.10652838080580382,6.414241389811338e-08,NA,26,27,27,0.1519188024502505,0.08087485156263984
ENSG00000228049.7,POLR2J2,0.1940203824299616,NA,0.846159922280908,0.19274750055596862,0.33267275866338064,6.802142944019531e-25,NA,50,54,54,0.01709098001650747,0.3525161498987613
ENSG00000188385.11,JAKMIP3,-0.19358643875498036,NA,0.8464997176236806,0.03192979604442453,0.08944863579638664,1.1388515730431392e-06,NA,38,42,42,0.005301743334723822,0.10393473851766732
ENSG00000130758.7,MAP3K10,0.19326121874834654,NA,0.8467543966803465,0.022208047102355064,0.16818461243126395,1.0593576433281217e-11,NA,27,29,29,0.13616841767263538,0.11347032059320734
ENSG00000109790.16,KLHL5,-0.1930471380018305,NA,0.8469220515704858,0.005184981789799472,0.018718427340195576,0.03058541277783242,NA,89,91,91,0.0028467954607519054,0.08779427078986164
ENSG00000170242.17,USP47,-0.193017458731985,NA,0.8469452950985469,0.005360306284075285,0.057739371879357036,0.0001265842930835787,NA,23,26,26,0.13187215504280558,0.0805212174870756
ENSG00000123607.14,TTC21B,0.1928257585008049,NA,0.8470954296840254,0.010628957989470372,0.054946345545496315,0.00016133435371735815,NA,27,31,31,0.0007343845555076872,0.07373242705313217
ENSG00000120008.15,WDR11,0.1928083058751926,NA,0.8471090983976689,0.017234858296386078,0.21048198897671247,4.014755046949331e-15,NA,47,47,47,0.008105790739119063,0.046354045428890135
ENSG00000138750.14,NUP54,-0.19280121609272308,NA,0.8471146510542038,0.062262537288469554,0.3902036740585773,1.799376240856066e-30,NA,41,41,41,0.07413964404899244,0.17036817410909946
ENSG00000144730.17,IL17RD,-0.1923709806091323,NA,0.8474516219730275,0.01633412765788929,0.20462436063984304,1.7522770539418632e-14,NA,45,45,45,0.008228489645336885,0.1123055959467845
ENSG00000173200.12,PARP15,0.19227399498267878,NA,0.8475275873343223,0.006091828168379368,0.0732627047832834,1.3664118195567666e-05,NA,33,34,34,0.010857308598410364,0.049653235080091264
ENSG00000035115.21,SH3YL1,0.19207450074514454,NA,0.8476838484656162,0.02478986240183031,0.1986889711113805,1.246394266758252e-14,NA,48,52,52,0.14501705733744988,0.07455703988871132
ENSG00000147804.9,SLC39A4,0.1920716709314832,NA,0.8476860650633714,0.0006935700791025708,0.06590656841647259,2.1010752618233144e-05,NA,2,3,3,0.8453127070866422,0.03372318519154386
ENSG00000160948.13,VPS28,-0.19206495209830812,NA,0.8476913279414167,0.0014642338774945715,0.12949987447708386,2.176635826304796e-09,NA,2,3,3,0.8453127070866422,0.04889266035452745
ENSG00000164081.12,TEX264,0.1918492900740082,NA,0.8478602601255826,0.005045510238679749,0.13626154453373576,1.3790588890233555e-09,NA,14,14,14,0.2204119431224053,0.04924966781805458
ENSG00000172954.13,LCLAT1,-0.19158534549199832,NA,0.8480670224710283,0.09982520921324711,0.21364353090504326,1.6451305981803547e-15,NA,65,68,68,0.002611443608139773,0.13347291279448506
ENSG00000254521.6,SIGLEC12,0.19152714848611346,NA,0.8481126128021611,0.1653832851339411,0.4632787306352865,3.3402363488295174e-39,NA,24,26,26,0.009409000969467103,0.14683948576136255
ENSG00000002834.17,LASP1,-0.1915030343491335,NA,0.8481315034674011,0.00017576790622202853,0.08646366525538082,1.746994961463536e-06,NA,3,4,4,0.8054927698338867,0.013468218690309959
ENSG00000261474.1,RP11-452L6.1,0.19142432710381935,NA,0.8481931621890642,0.003202375509552463,0.03597378478910148,0.0025923678588566108,NA,36,38,38,0.760657199226816,0.016738250314351583
ENSG00000136104.19,RNASEH2B,0.19078124754530812,NA,0.8486969811201812,0.06821296802441604,0.27235961302830874,1.2930264725919386e-20,NA,65,69,69,0.0013809306390916614,0.30379979387604616
ENSG00000158747.13,NBL1,-0.1906122788910764,NA,0.8488293694158442,0.004811549946286646,0.060609541874510314,8.346127454021899e-05,NA,18,20,20,0.1110689887491577,0.050128498403177256
ENSG00000110696.9,C11orf58,0.19044153003812062,NA,0.8489631568430582,0.0006020704866332034,0.04430996241822061,0.0006839606078774151,NA,2,2,2,0.6593544193997106,0.053061736659432514
ENSG00000255394.4,C8orf49,-0.18996168067717756,NA,0.8493391581186991,0.00938030427707362,0.13874613329689248,6.576480387865841e-10,NA,6,6,6,0.3031836403694047,0.06950564513824012
ENSG00000129219.13,PLD2,0.18993704248623536,NA,0.8493584650850916,0.009887391338680404,0.10145964489905863,2.504547008785204e-07,NA,25,29,29,0.07511194749921751,0.14569760036373525
ENSG00000223658.7,C1GALT1C1L,0.18989750778233502,NA,0.8493894454380346,0.006553134419839473,0.018716951364045786,0.0300960209949472,NA,24,24,24,0.008098460139879655,0.09298316780671556
ENSG00000281205.1,LINC00950,-0.18989112272004346,NA,0.8493944489495411,0.0046211818122462705,0.0262716428769158,0.009427124431329646,NA,21,21,21,0.0007388574644958899,0.059704910750934925
ENSG00000183208.12,GDPGP1,0.1898884585952527,NA,0.8493965366332457,0.010345650698785243,0.08522802036759831,2.530624820750046e-06,NA,5,5,5,0.6455705927232644,0.0709000556352319
ENSG00000215018.9,COL28A1,-0.18972111337296566,NA,0.8495276752092077,0.005688288362474059,0.08551460500873559,2.043084320368842e-06,NA,6,6,6,0.7865355575209195,0.06437169218393261
ENSG00000280798.1,LINC00294,0.18960813829016437,NA,0.8496162094695763,0.0059627347480074025,0.04694846169674638,0.0004935162920172977,NA,32,36,36,0.14565571916225506,0.08217614360194705
ENSG00000246067.7,RAB30-AS1,0.18960237146441608,NA,0.8496207287616915,0.08674426776047926,0.2926805563768176,2.6138955466494556e-21,NA,44,44,44,0.01266083741013663,0.3025934480002827
ENSG00000196655.11,TRAPPC4,-0.18929166832170255,NA,0.849864224998568,0.04378456177788046,0.25308306828431665,2.843389084678015e-18,NA,30,33,33,0.0010920706442811596,0.20564335231889808
ENSG00000133731.9,IMPA1,0.18899561361002035,NA,0.8500962546704155,0.0044612500655922885,0.05101823986306677,0.00033588638508003164,NA,24,24,24,2.255052317344888e-12,0.016923533626428445
ENSG00000135220.10,UGT2A3,0.18885473436770167,NA,0.8502066718100212,0.008795638004722746,0.043881684852777665,0.0008513036999785984,NA,43,43,43,0.12900246678919272,0.11639840014739335
ENSG00000242616.3,GNG10,-0.18877225451331583,NA,0.8502713185354706,0.02434610505592896,0.24088371608413026,1.8909180264049545e-17,NA,19,19,19,0.14105809376137673,0.14346646891164275
ENSG00000144895.11,EIF2A,0.18873884172265804,NA,0.8502975073684916,0.015528550721950744,0.2162768940028744,1.3301745446156205e-15,NA,21,23,23,0.0020019238567489236,0.06958275425742637
ENSG00000186532.11,SMYD4,-0.1883321106440721,NA,0.8506163150540182,0.007113469107766845,0.13451211582078867,1.468060918446796e-09,NA,8,8,8,0.3950994395541112,0.023584410087069504
ENSG00000151725.11,CENPU,0.18827293259663644,NA,0.8506627025704291,0.033076108564769745,0.30949166478188,3.008290646233797e-23,NA,30,32,32,0.11181572054830932,0.050905798639218486
ENSG00000250312.6,ZNF718,0.18799606983857062,NA,0.8508797320672083,0.12927155674223798,0.4626043476349206,2.2008400808395386e-38,NA,33,38,38,0.0013924496415087364,0.10894734088067592
ENSG00000177025.3,C19orf18,0.18776135858792833,NA,0.8510637283357045,0.025160940674462763,0.0682467077053593,2.1080999678520307e-05,NA,41,42,42,0.008316719586424737,0.14065230024333014
ENSG00000141956.13,PRDM15,0.18761548691703825,NA,0.8511780850279708,0.01941059687705183,0.048719415552283436,0.0003883875344093056,NA,40,42,42,0.001574612017539837,0.1345951485216584
ENSG00000136378.14,ADAMTS7,0.18706487254898244,NA,0.8516097695944416,0.007813663077552413,0.05921460698018813,0.00010598505072299496,NA,57,57,57,0.02896562835204576,0.10500840885764727
ENSG00000184601.10,C14orf180,0.1867984598657774,NA,0.8518186545122357,0.013672872454870928,0.05787285867788726,0.00011850634513561508,NA,51,57,57,0.38790314203257026,0.11066317947954776
ENSG00000183011.13,NAA38,-0.18657387926810506,NA,0.85199474842268,0.007648618994974007,0.0837302543239084,2.903010088968761e-06,NA,13,13,13,0.3156094514585289,0.10794269038343836
ENSG00000035403.17,VCL,0.1864582023267035,NA,0.8520854537279555,0.0013865817342828682,0.048617470018983935,0.0004620886518618798,NA,9,9,9,0.693764601488712,0.023550884150354025
ENSG00000119973.5,PRLHR,0.18615403419174822,NA,0.8523239692243959,0.0427532956417558,0.1428332588577589,5.814404931803898e-10,NA,21,21,21,0.40796730574411055,0.21583956936877904
ENSG00000134539.16,KLRD1,0.186030742540508,NA,0.8524206530529355,0.004692490621927403,0.0409483935567053,0.0013262070523614752,NA,13,15,15,0.00415026722481444,0.055583903238741024
ENSG00000138615.5,CILP,-0.186026932626166,NA,0.8524236407772225,0.0007351701137334014,0.030662167014265364,0.00573090141223863,NA,3,4,4,0.2099318165738312,0.04402574656183609
ENSG00000120647.9,CCDC77,-0.18572194579313253,NA,0.8526628174738804,0.015634563101748877,0.11851740781066653,1.0361404104395008e-08,NA,9,9,9,0.13020869339747682,0.041059302298484236
ENSG00000075234.16,TTC38,-0.18546320749415432,NA,0.8528657357798965,0.018699216290270423,0.18759099045062735,1.821418114023295e-14,NA,25,27,27,0.12941646686745886,0.2562954612239115
ENSG00000106263.17,EIF3B,0.1851243202895362,NA,0.8531315264582573,0.006748325251399939,0.1783855208627649,1.852494440938635e-12,NA,17,17,17,0.0015237199311945856,0.029359341665567182
ENSG00000054654.16,SYNE2,0.18506830433727856,NA,0.853175461615008,0.008466560097684853,0.019981886233446336,0.024616439443591133,NA,32,32,32,0.0002891571845183422,0.039032519737118236
ENSG00000166321.13,NUDT13,0.18465515894610915,NA,0.8534995192151844,0.029688899056826548,0.2920723704838617,2.151016016426316e-22,NA,35,35,35,0.3756640492050889,0.06365883416376314
ENSG00000164484.11,TMEM200A,-0.18433746112711935,NA,0.8537487277101645,0.002598345209174985,0.01862744785060073,0.03013495503513692,NA,4,4,4,0.529682702121244,0.06326589559431975
ENSG00000179859.9,AC025335.1,-0.18385552249874162,NA,0.8541267978213636,0.019727923073645175,0.10566082227949634,1.313058218788561e-07,NA,9,9,9,0.06987156894686596,0.09932859234629708
ENSG00000186283.13,TOR3A,0.18365431349910338,NA,0.8542846517144369,0.005788722526744051,0.12364798285469973,7.2025490194518116e-09,NA,4,4,4,0.8529045260111794,0.07603493609938264
ENSG00000257698.1,RP11-620J15.3,0.1834281922094598,NA,0.8544620569327029,0.0036956531243879766,0.05655341110115405,0.00013805951892403642,NA,27,28,28,0.032585634202922216,0.107424590027891
ENSG00000111254.7,AKAP3,0.18330294207627176,NA,0.8545603260671529,0.07464923172523305,0.3339823483589009,1.5838266221349647e-25,NA,46,56,56,0.007565632306408446,0.19574598391718906
ENSG00000105538.9,RASIP1,0.1831610442417905,NA,0.8546716594320769,0.12800692059103458,0.2865744611259158,6.814126933965591e-21,NA,68,71,71,0.01610295132975612,0.21725020722283533
ENSG00000198075.9,SULT1C4,-0.18305376273320326,NA,0.854755834669641,0.002955600280091348,0.05359421033303098,0.00022592120836006205,NA,26,27,27,0.42360246544349967,0.22359354518649965
ENSG00000184347.14,SLIT3,-0.1830455115585406,NA,0.8547623087763372,0.0023014563482824566,0.02473054650757777,0.012861404724015231,NA,30,32,32,0.07216448738272799,0.11373344415107126
ENSG00000185522.8,LMNTD2,-0.18264946336959695,NA,0.8550730709585708,0.01574742950381379,0.06596936946795391,3.290524390078748e-05,NA,55,63,63,0.001676569678167934,0.15394261131847148
ENSG00000157927.16,RADIL,0.18218499726869067,NA,0.8554375464067139,0.015379785842786448,0.051476224777893896,0.00027932288331078485,NA,56,57,57,9.437968827581185e-07,0.19628600205274285
ENSG00000128829.11,EIF2AK4,0.18198635893261358,NA,0.8555934311350625,0.03225039851742029,0.2621804548656444,1.0520646409024635e-18,NA,44,48,48,0.004431610783093843,0.090238343792185
ENSG00000069248.11,NUP133,-0.18148980053303704,NA,0.8559831382118226,0.0028101207358395604,0.0830718064631604,3.073799283088698e-06,NA,31,32,32,0.665629576401275,0.02302455123268177
ENSG00000203722.7,RAET1G,-0.18133423955461103,NA,0.8561052322173145,0.005044950323352678,0.04163940266128175,0.0011435091118709461,NA,15,16,16,0.12943671187084446,0.03888376567482605
ENSG00000267808.1,AC018755.17,-0.18122642075854564,NA,0.8561898571868845,0.014706873910394233,0.06766178533556863,2.8606952182036506e-05,NA,19,21,21,0.2906335630213256,0.17514526145715914
ENSG00000128606.12,LRRC17,-0.1812113423182648,NA,0.8562016921062936,0.029559071403535222,0.2447019094031717,1.3216775688566584e-17,NA,45,47,47,0.001694267517208788,0.07051759745135429
ENSG00000260193.1,RP11-83N9.5,0.1810865764180014,NA,0.856299620874321,0.009315949409259821,0.016365315651191883,0.04361469324824868,NA,18,19,19,0.039017839723914115,0.1812078636341548
ENSG00000167311.13,ART5,-0.18045749593755386,NA,0.8567934198809517,0.000599772426077183,0.29418149014686595,1.4010893939135057e-21,NA,5,6,6,0.28550434483568643,0.03451389275770273
ENSG00000271538.5,RP11-326I11.4,0.18018326329338064,NA,0.8570086973472746,0.10452789734403327,0.2557384950131779,3.1902145361798247e-18,NA,30,37,37,0.0026097446889915116,0.24151791874991324
ENSG00000151883.17,PARP8,0.18009696316234614,NA,0.8570764466747607,0.015344044937431883,0.13096922375747894,1.9246208883747853e-09,NA,21,22,22,0.003686922042439861,0.0589412431847922
ENSG00000069966.18,GNB5,-0.17989276128927828,NA,0.8572367581509276,0.003618989455821007,0.06816452139001007,2.294043803139112e-05,NA,14,14,14,0.20666295804999402,0.07799789135541645
ENSG00000188897.8,CTD-3088G3.8,-0.17957127244778456,NA,0.857489159299101,0.012543663794627805,0.01563157395293699,0.04655184654046583,NA,22,23,23,0.001202653653516038,0.1684951396938395
ENSG00000226686.7,LINC01535,0.1788105712581233,NA,0.8580864444008018,0.07874241537730593,0.2364184007651878,7.860080455192703e-17,NA,14,15,15,0.30380371986039933,0.13505159557841315
ENSG00000135097.6,MSI1,0.17860506512822324,NA,0.8582478170474926,0.005963854311635845,0.06965192415312205,2.4715809604146937e-05,NA,19,20,20,0.021006028157944185,0.06194140163586016
ENSG00000162779.21,AXDND1,-0.17804474437457124,NA,0.8586878361509848,0.019492611410187308,0.18122638538334696,7.765890309293025e-13,NA,23,25,25,3.259234781819608e-05,0.15949365363928514
ENSG00000197043.13,ANXA6,0.17800598465113268,NA,0.858718275732464,0.0011471189517122708,0.02759446838462833,0.008973512757266287,NA,12,14,14,0.003318795504314659,0.026339019865196208
ENSG00000116783.14,TNNI3K,-0.1779624888604858,NA,0.8587524349895183,0.008342255432790088,0.10319502311133012,1.749308382455875e-07,NA,28,28,28,0.4586105774027105,0.1092228832043204
ENSG00000157870.14,FAM213B,0.17758631706237793,NA,0.8590478711342957,6.214011423093563e-06,0.029003238831244338,0.007411174645756005,NA,1,1,1,0.8590478711342957,0.016476314835641968
ENSG00000168026.18,TTC21A,-0.1772777146106255,NA,0.85929025470349,0.025787907366764964,0.1803539918451718,3.6987605971917795e-13,NA,50,52,52,0.0024988283964110366,0.1617341725556532
ENSG00000228716.6,DHFR,-0.1770232485249128,NA,0.8594901282835116,0.014110049664278562,0.15131570517231752,5.540411984521829e-11,NA,24,26,26,0.06293458556727535,0.08816598719558469
ENSG00000162434.11,JAK1,-0.17695088869087597,NA,0.8595469658678423,0.0013829826961829846,0.05341696045444407,0.0002353333940553793,NA,25,25,25,0.19581789007427286,0.04384032265329276
ENSG00000178573.6,MAF,-0.17691829067106432,NA,0.8595725713702798,0.026263356467008604,0.11973797987711893,1.7241814532344332e-08,NA,68,72,72,0.012945276692693823,0.19723200062530036
ENSG00000092094.10,OSGEP,0.17684625932828751,NA,0.8596291519786484,0.07581009936054794,0.34528913797523786,4.138369755025303e-26,NA,36,47,47,0.027013756628397313,0.10658017126323237
ENSG00000240859.1,AC093627.10,-0.17677281740374493,NA,0.8596868413408345,0.002242772827455341,0.056549551992052874,0.00013550367872665328,NA,11,18,18,0.12394485763185263,0.05349255603640784
ENSG00000177685.16,CRACR2B,-0.17595522585498224,NA,0.8603291181444593,0.0018258611714167192,0.04457280221849198,0.0007730628718647572,NA,20,27,27,0.015878142863353404,0.04759516533628277
ENSG00000116406.18,EDEM3,0.17590180655860524,NA,0.8603710860537572,0.008779252662957605,0.1671045772644509,5.311239808102111e-12,NA,31,32,32,0.0071768982225328334,0.09277057205481176
ENSG00000178381.11,ZFAND2A,-0.17576671417147982,NA,0.8604772207170782,0.1277650567580903,0.39614905836603065,3.0355451633624533e-31,NA,41,47,47,0.10354950350577405,0.15159013294113852
ENSG00000104327.7,CALB1,0.1754412876220937,NA,0.8607329008140813,0.07116168777675465,0.13362562736893116,1.5290867922321542e-09,NA,37,37,37,0.002103442287242063,0.08746634375340515
ENSG00000108774.14,RAB5C,-0.17524949404579465,NA,0.8608835954202358,0.0010088727717953183,0.05292027505760482,0.0002283851700250946,NA,16,16,16,0.6712123612071001,0.018532092059465214
ENSG00000134201.10,GSTM5,-0.17522472303452827,NA,0.8609030586823437,0.009607409075974061,0.1757119269985521,2.4775241238102167e-12,NA,10,11,11,0.26539643618805064,0.044573958605193684
ENSG00000148719.14,DNAJB12,0.1739053462944085,NA,0.8619398509201323,0.0007745139984543149,0.015529293948160041,0.04717699434893747,NA,5,5,5,0.7344332600402792,0.021415388238805004
ENSG00000131067.16,GGT7,0.17389526638900218,NA,0.8619477728264011,0.009871433360620758,0.06754280510918623,2.012725518239516e-05,NA,14,16,16,0.0913729581974686,0.03966443552806831
ENSG00000164707.15,SLC13A4,-0.1737528730753751,NA,0.8620596827490833,0.010017629510452528,0.029462498699193505,0.005174112287973612,NA,29,29,29,0.28956687400072545,0.050815282347652514
ENSG00000091428.17,RAPGEF4,-0.17374605766588763,NA,0.8620650391932786,0.0032056444789564367,0.08318110096376709,3.061673878878328e-06,NA,29,32,32,0.01241316369704386,0.04063073661040549
ENSG00000160401.14,CFAP157,-0.17363449931144717,NA,0.8621527173063761,0.0010581629262683895,0.03090444429064023,0.005642206364430464,NA,1,2,2,0.8621527173063761,0.05604524143078764
ENSG00000132406.11,TMEM128,0.17341997275558904,NA,0.8623213269646246,0.007167378124113425,0.10462049120368992,8.930560656711986e-08,NA,5,6,6,0.05386472373541841,0.1815086007691092
ENSG00000170049.9,KCNAB3,0.17332877092476268,NA,0.8623930100120697,0.01539795054413198,0.10805393115735744,2.607658281415384e-08,NA,51,54,54,0.003971463653300551,0.09015354801662216
ENSG00000189269.12,DRICH1,0.17313108659638313,NA,0.8625483903336251,0.19421943059526492,0.5059369606154853,2.7677300524906166e-44,NA,25,27,27,0.11258080390420473,0.33805166346214083
ENSG00000198168.8,SVIP,0.17295273513840187,NA,0.8626885795395679,0.00042222102687137483,0.07115066990000822,1.470062891554659e-05,NA,5,6,6,0.659806460706628,0.017168991441437364
ENSG00000241635.7,UGT1A1,-0.17270354785518743,NA,0.8628844549148832,0.0041586643533812525,0.07738905228474956,8.027574440774956e-06,NA,34,35,35,0.016666168865306766,0.0627732565692928
ENSG00000187942.11,LDLRAD2,-0.17258672416210175,NA,0.8629762878842788,0.00030407554427055886,0.04004917280860672,0.0015289655542285127,NA,1,1,1,0.8629762878842788,0.08999716191802408
ENSG00000213903.8,LTB4R,-0.1725137033229863,NA,0.863033689171398,0.008817486990296067,0.10760312779834544,2.896265205380249e-08,NA,13,15,15,0.1652640557244286,0.05777477476110554
ENSG00000171564.11,FGB,-0.1723609249516885,NA,0.8631537897624462,0.00931131644524762,0.10841552821339437,9.127046349124508e-08,NA,17,18,18,0.05459196788413192,0.033110212987269835
ENSG00000250266.1,LINC01612,0.1723102572523081,NA,0.8631936208413182,0.03710928048827449,0.14232987288020754,3.3382463397409236e-10,NA,47,47,47,0.000315477230218312,0.15531968316143907
ENSG00000169344.15,UMOD,-0.171783935679753,NA,0.8636073952484746,0.005435869838532209,0.04767870579484289,0.0003882621170384649,NA,21,23,23,0.0003411300566065203,0.061120420967365474
ENSG00000131732.11,ZCCHC9,-0.17167596425111148,NA,0.8636922829904974,0.0010862167188653107,0.029142536749595337,0.005857386786740953,NA,3,3,3,0.7885148588217922,0.03592965870949466
ENSG00000263004.1,RP11-166P13.3,-0.17056701737032332,NA,0.8645642341418185,0.011902878034388381,0.138629768372706,8.141210255863e-10,NA,13,13,13,0.3981259319542755,0.05185762738638183
ENSG00000164124.10,TMEM144,0.17031887095077575,NA,0.8647593712088718,0.004996616393880226,0.061218799171270176,7.317316989907891e-05,NA,14,15,15,0.050802779987705715,0.015778886485914974
ENSG00000172548.14,NIPAL4,0.1701755316369346,NA,0.8648720939556416,0.011591627524328577,0.06725192586175388,2.4827881395392772e-05,NA,52,53,53,7.769263769279713e-09,0.03800930593974311
ENSG00000110274.15,CEP164,0.1697968715292081,NA,0.8651698873613081,0.006982347061906231,0.09597479396624166,4.575637164034751e-07,NA,35,35,35,0.137384262363518,0.10255487700347757
ENSG00000274897.2,PANO1,-0.16972615399927676,NA,0.8652255045694219,0.005205310903153635,0.03870506993020532,0.0019071906764789176,NA,3,5,5,0.7947946552777547,0.060320577121238665
ENSG00000100147.13,CCDC134,-0.16964771302408188,NA,0.8652871968155835,0.005858072620660683,0.036806787673649366,0.002341296435571477,NA,19,20,20,0.0002456530199473886,0.09908126403280333
ENSG00000155393.12,HEATR3,-0.16964020109795686,NA,0.8652931048371725,0.0849379895276804,0.4450255323842206,3.3982143545510134e-36,NA,89,90,90,0.0003503232720098872,0.05431312128824449
ENSG00000104835.14,SARS2,0.1690765874539065,NA,0.865736400292649,0.008881315838854972,0.22837461563703734,2.6777735789595056e-16,NA,8,8,8,0.8242734785090142,0.044552692666905376
ENSG00000198093.10,ZNF649,0.16868530075658408,NA,0.8660441813837342,0.004450680144817339,0.04456696932036867,0.0007079381971387046,NA,24,25,25,0.11650889553800582,0.14725857239991128
ENSG00000159461.14,AMFR,0.16856347035657893,NA,0.8661400157613833,0.004533192997220222,0.0409588534575822,0.0013392703820238542,NA,35,35,35,0.00011452047750984614,0.06612369797850708
ENSG00000110074.10,FOXRED1,-0.16834701550449083,NA,0.8663102885945119,0.04458632754933354,0.4457629197209992,6.74543722272966e-37,NA,37,39,39,0.4048476850602659,0.036111840882316414
ENSG00000155592.15,ZKSCAN2,-0.1683224429358601,NA,0.866329618841706,0.01320453031692327,0.1253317248488807,3.891543636930795e-09,NA,17,17,17,0.02335635770879264,0.08241414386536172
ENSG00000131069.19,ACSS2,-0.1680548767057967,NA,0.8665401075599242,0.0013983383742414688,0.02507142416512744,0.010510178022787512,NA,21,21,21,0.08460728774122717,0.01839078327039188
ENSG00000243566.6,UPK3B,-0.1679318196010553,NA,0.8666369171710705,0.018304068540460863,0.13344998476331466,2.026487688662183e-09,NA,16,21,21,0.004302564916007576,0.06897525246562189
ENSG00000149591.16,TAGLN,-0.16791595895662345,NA,0.8666493949612579,0.000674268239862458,0.057744902373020476,0.00010848700566740464,NA,8,8,8,0.7621154669808492,0.012687004636934252
ENSG00000175224.16,ATG13,0.167584373488118,NA,0.8669102654790238,0.0021780574009933637,0.051422792550872766,0.0002986142671711726,NA,17,17,17,0.6280973844141943,0.038412954086851386
ENSG00000214776.10,RP11-726G1.1,0.16756128553274197,NA,0.8669284301652138,0.1254817895561281,0.3906595263272411,2.451502629749266e-31,NA,28,28,28,0.003934069838730409,0.25985890902731706
ENSG00000189157.13,FAM47E,0.1670965905767864,NA,0.8672940486262483,0.047565127502356794,0.4125888693221792,7.696847864905155e-33,NA,22,23,23,0.15038959102264265,0.04625618083311642
ENSG00000101695.8,RNF125,0.16705308384105322,NA,0.8673282808500613,0.014633452590589676,0.07465939917148585,1.0048155435819698e-05,NA,28,28,28,0.04073920267636737,0.08447472457479488
ENSG00000099956.18,SMARCB1,-0.16705299957599262,NA,0.8673283471522296,0.007190576327275414,0.11339052936580843,4.6833499337625325e-08,NA,27,28,28,0.0012010173455667822,0.03196653568570318
ENSG00000115935.17,WIPF1,0.16656716765763038,NA,0.8677106291509814,0.004019739054878741,0.025741677989132555,0.01140455874200071,NA,59,62,62,0.002211918904659215,0.10311671478030186
ENSG00000136930.12,PSMB7,0.166255997107016,NA,0.8679554932581839,0.001283970510155333,0.030875154326609026,0.005071961277722935,NA,8,9,9,0.38304787522958306,0.025486500585088855
ENSG00000105193.8,RPS16,-0.16613199940205398,NA,0.8680530721776747,0.0040836882967667,0.09649327742150336,3.024532140374155e-07,NA,22,22,22,0.1822911925075379,0.07782809435803659
ENSG00000197782.14,ZNF780A,-0.16595761702571024,NA,0.8681903042786777,0.05491975580635231,0.3298309849316106,8.877210467165213e-26,NA,31,31,31,0.0015772739737402,0.05441457380151782
ENSG00000183077.15,AFMID,-0.16594111152451824,NA,0.8682032936675363,0.0009605326693346241,0.03348837367736169,0.003585838866380818,NA,8,9,9,0.10910102698595214,0.03582167455843153
ENSG00000145321.12,GC,-0.16557175297020932,NA,0.868493978290202,0.00744120618868628,0.06989267836477135,1.973735573407753e-05,NA,15,16,16,0.2133636441565483,0.058978773918837164
ENSG00000123545.5,NDUFAF4,0.16539899486686585,NA,0.8686299447601888,0.009129027332924708,0.1043732698714126,1.566035379325759e-07,NA,48,48,48,0.00420085065658552,0.07232379198784905
ENSG00000196935.8,SRGAP1,0.16539334682035536,NA,0.8686343900294162,0.017738095323730284,0.057983517971354176,9.277186111075021e-05,NA,45,48,48,0.022058676821358238,0.08898380827271526
ENSG00000271079.1,CTAGE15,-0.1651714574144235,NA,0.8688090303582914,0.020337568478082955,0.04551833270035964,0.0006743136846299789,NA,47,53,53,0.0006143491830481995,0.09169201118012298
ENSG00000176402.5,GJC3,-0.1649809170509278,NA,0.86895900221073,0.004626406823755617,0.01631786066782079,0.039370007610425375,NA,21,21,21,0.0849542871052988,0.04555290109749724
ENSG00000167702.11,KIFC2,-0.16439606813628363,NA,0.8694193586383057,0.008153980064377493,0.09453202845196143,7.249985722490805e-07,NA,20,21,21,0.07059381583405837,0.1708889361168663
ENSG00000034533.11,ASTE1,-0.16436373863877649,NA,0.869444807685908,0.005463687130909221,0.028683813387075024,0.0067213651671385955,NA,26,26,26,0.6623630497330218,0.009613254744974877
ENSG00000196151.10,WDSUB1,-0.1642307486297866,NA,0.8695494958284304,0.028230874451036704,0.14666522981778368,3.1064081034527797e-10,NA,22,25,25,0.008750861681632532,0.09846455185711027
ENSG00000076067.12,RBMS2,0.16411922288636038,NA,0.8696372893209561,0.004124997837084253,0.05309003946109623,0.00021641008511652727,NA,28,31,31,0.000675633746379181,0.0378320845372891
ENSG00000183741.11,CBX6,0.16392177121405974,NA,0.8697927279742554,0.006564612233846427,0.03924510205411118,0.0014850232409668153,NA,34,35,35,1.4901046115079188e-10,0.0990825649778888
ENSG00000121380.12,BCL2L14,-0.16355056941483084,NA,0.8700849604756214,0.011140703923876807,0.14677442925932155,1.08031364824693e-10,NA,14,17,17,0.001384582306193363,0.05216446589647115
ENSG00000116985.11,BMP8B,-0.16294175089144972,NA,0.8705642976246766,0.01640605983609751,0.04606671075632921,0.0005956973639668977,NA,35,36,36,9.259827735982357e-08,0.11276698203644638
ENSG00000169062.14,UPF3A,0.16279082433816366,NA,0.8706831330135864,0.023759946958120857,0.10789684233249676,4.130389606764359e-08,NA,24,26,26,0.11968300868887846,0.12412926953600607
ENSG00000151445.15,VIPAS39,0.16219132521853538,NA,0.8711551908269577,0.004817425571619266,0.10388612739318306,1.7588072561749143e-07,NA,21,21,21,0.6703601202878273,0.02736261617181553
ENSG00000189266.11,PNRC2,0.1617935956940179,NA,0.8714683964914874,0.006284159698977508,0.02009215427065263,0.025126746092222332,NA,24,30,30,0.02039000776479826,0.08771887113155723
ENSG00000101751.10,POLI,0.16160208851616464,NA,0.8716192125351089,0.05818495437150482,0.3985963485052967,3.0767300792427408e-31,NA,39,39,39,0.1323367668264584,0.06498211680598191
ENSG00000197077.13,KIAA1671,0.16144483695513728,NA,0.8717430550298384,0.003309235165078559,0.020120845802630342,0.025398399474532925,NA,5,6,6,0.06240244283697895,0.05427684061666116
ENSG00000148908.14,RGS10,0.16128302788598795,NA,0.8718704900439739,0.0004383225512546463,0.016756248362545717,0.042085801146381926,NA,5,6,6,0.42324065999413285,0.026735319120615976
ENSG00000160180.15,TFF3,0.16119625601339768,NA,0.8719388298259659,0.003027452913464528,0.07271091750560246,1.5495187840843852e-05,NA,4,4,4,0.7970160080759343,0.10702984716361733
ENSG00000148690.11,FRA10AC1,-0.16099438601710722,NA,0.8720978222736051,0.03999190644044646,0.19105808310892616,1.2747138554721007e-13,NA,19,19,19,0.11249798204006027,0.06867139872015045
ENSG00000104884.14,ERCC2,-0.1609239226307191,NA,0.8721533203275108,0.006953841476083309,0.07569112451129227,8.045398829179116e-06,NA,9,9,9,0.10834009983294922,0.05257076376348682
ENSG00000136449.13,MYCBPAP,-0.16089335114429626,NA,0.8721773990992325,0.019884226210890463,0.08769033634877693,1.1389314764790876e-06,NA,24,28,28,0.0009209592029211318,0.09710723593725214
ENSG00000108947.4,EFNB3,0.160695014830754,NA,0.8723336159957911,0.025257682244528123,0.1352284675153469,1.6098734430623618e-09,NA,19,19,19,0.06874053635393707,0.08874312215652083
ENSG00000100997.18,ABHD12,-0.16064291898715255,NA,0.8723746494034978,0.00207935980807633,0.09507362205528777,5.236701294749475e-07,NA,17,17,17,0.7830077667135009,0.01435416077739649
ENSG00000146830.9,GIGYF1,-0.1602099819151736,NA,0.8727156665311984,0.021756399645246546,0.18036044271285612,7.276222325163375e-13,NA,28,28,28,0.06784906250131699,0.16950518730159572
ENSG00000137996.12,RTCA,-0.1598861436786397,NA,0.8729707638393733,0.001964507932022407,0.037003364856093394,0.0022126894317146713,NA,47,48,48,0.2564373626528801,0.01834469625869453
ENSG00000043514.15,TRIT1,0.15986761923943582,NA,0.8729853565077565,0.05465645518639609,0.2633327825454235,9.127561926478326e-19,NA,57,59,59,0.022716927247521137,0.28568232924708153
ENSG00000125871.13,MGME1,0.15952973061241643,NA,0.8732515366070415,0.008309387584042363,0.08109173796874329,3.986445950852579e-06,NA,20,20,20,0.19610941653529856,0.04803856885729756
ENSG00000269514.1,RP11-370I10.12,0.15952625467205847,NA,0.8732542749393981,0.003397691730816068,0.01813656427117616,0.0344744366753076,NA,13,14,14,0.37799465852819514,0.016883992801727955
ENSG00000152672.7,CLEC4F,0.15946726872396244,NA,0.8733007440724292,0.02606213550090665,0.1364709193726385,1.1381903973256615e-09,NA,20,20,20,0.005890407915931123,0.0997227033399557
ENSG00000164129.11,NPY5R,0.15929704354406574,NA,0.8734348499284667,0.0032098893116770983,0.02544907145916387,0.011344534299051018,NA,18,20,20,0.054188006908331164,0.02840674432096045
ENSG00000167617.2,CDC42EP5,0.159275140614993,NA,0.8734521056365696,0.0006151590555923711,0.07428170255244765,9.95169686835256e-06,NA,2,8,8,0.19761416418096012,0.034901434276359486
ENSG00000244625.5,MIATNB,-0.15925793998560747,NA,0.8734656567905357,0.013791886160919715,0.08707847051415217,2.010897255815871e-06,NA,22,24,24,0.12032560112782004,0.08092269824070157
ENSG00000167325.14,RRM1,-0.15916936054790964,NA,0.873535442824574,0.013082246107984167,0.12026633040090552,1.7577808304786193e-08,NA,58,61,61,0.08020324314710428,0.05938825118131213
ENSG00000154222.14,CC2D1B,0.15906685382890712,NA,0.8736162024946814,0.020455775280032312,0.09382388534899544,6.445735719140977e-07,NA,24,25,25,0.05780140684984924,0.1463498450482891
ENSG00000065518.7,NDUFB4,-0.15901812911033628,NA,0.8736545906078865,0.0008127487458888655,0.04562590624629664,0.0006074029687882295,NA,1,1,1,0.8736545906078865,0.1144813169635376
ENSG00000175376.8,EIF1AD,-0.15873570608788415,NA,0.8738771054339106,0.006375346332360489,0.02540034573829729,0.011961863271565851,NA,19,20,20,0.0015511220173099025,0.0762261220575937
ENSG00000140950.15,TLDC1,0.1587221165922188,NA,0.8738878125473764,0.04321217880714866,0.1370185255387584,8.568400266666357e-10,NA,71,78,78,3.914294955015234e-05,0.2152270441750751
ENSG00000177414.13,UBE2U,0.1586881935291783,NA,0.8739145405042876,0.05822353242207438,0.3332054733016926,1.9839093534314713e-25,NA,8,8,8,0.5346341404246107,0.09367549565212707
ENSG00000125901.5,MRPS26,0.1585446039321483,NA,0.874027676237354,0.01790624833329565,0.18301770922116725,2.50224343476953e-13,NA,18,21,21,0.03924065759569864,0.07461620895003912
ENSG00000169683.7,LRRC45,0.15845276644415798,NA,0.8741000372974399,0.0023350006272894195,0.022597094939774204,0.0160601499291962,NA,11,15,15,0.13425503789178847,0.03388517447694977
ENSG00000251584.1,RP11-440I14.3,0.1583641827556338,NA,0.8741698356050256,0.04330316738304252,0.2220278722326808,5.432798523625048e-16,NA,10,10,10,0.007905457654161492,0.1452244264280119
ENSG00000163918.10,RFC4,-0.15802596232936506,NA,0.8744363407725811,0.013686791465253598,0.15998666453300706,2.120406437089984e-11,NA,9,9,9,0.33821967175797707,0.059196738298756324
ENSG00000270964.1,RP11-502I4.3,0.1571849510787163,NA,0.87509908816867,0.039509240619526466,0.2529064998210601,7.102698491859362e-19,NA,25,25,25,0.7558024194482692,0.10304481639325867
ENSG00000254271.1,RP11-131N11.4,0.15690099343791472,NA,0.8753228769063442,0.019069773868382947,0.11324662726993315,4.788568511599304e-08,NA,35,35,35,0.1090901709577323,0.04978238197263488
ENSG00000110700.6,RPS13,-0.15686793300393764,NA,0.8753489326830766,0.0019524629986723174,0.03557608290103218,0.0012480805186001526,NA,5,5,5,0.7263383889970514,0.20409557885639493
ENSG00000102970.10,CCL17,0.15674466816783453,NA,0.8754460820557521,0.0016704863362129061,0.03235921427077778,0.00422198571731479,NA,2,2,2,0.8688277590348903,0.04640501959914629
ENSG00000172508.10,CARNS1,0.15617791796770966,NA,0.875892782046963,0.00037432196677845823,0.025416728735794137,0.011789799526385382,NA,4,4,4,0.8672796435044885,0.006983151789120349
ENSG00000144741.17,SLC25A26,0.15591087785698485,NA,0.876103270877882,0.003270087737628435,0.0847910849495677,1.6004902099867882e-06,NA,11,11,11,0.7608834226514254,0.02311589051095898
ENSG00000111711.9,GOLT1B,0.1558470012959435,NA,0.8761536215522417,0.002321208591176453,0.028253968945547527,0.006322622968176194,NA,6,7,7,0.5452412432479066,0.06769457540929599
ENSG00000169857.7,AVEN,0.15578460956643886,NA,0.8762028022926227,0.0042480215406074835,0.09006649409229578,9.022670253037373e-07,NA,12,12,12,0.35669360137881323,0.035260423358460566
ENSG00000117640.17,MTFR1L,-0.1553922364984777,NA,0.876512104202217,0.00630313631094692,0.07019461964510126,1.7713160203680052e-05,NA,40,41,41,0.37206864124505556,0.06546608447303802
ENSG00000182704.7,TSKU,0.1551439078641091,NA,0.8767078677545338,0.005215767268006077,0.018166473770353363,0.03287192632115584,NA,27,30,30,0.0252345591551374,0.025789442826632092
ENSG00000146574.15,CCZ1B,0.15505986536102442,NA,0.8767741222295122,0.24632618890641597,0.5907352786177268,4.135714992451559e-57,NA,53,62,62,0.0019007067879286993,0.2512982757520829
ENSG00000005882.11,PDK2,0.15471352722535622,NA,0.8770471652226182,0.01719078485068043,0.15191048318656852,2.384018288427083e-11,NA,35,37,37,0.02137451540140617,0.07124142552915821
ENSG00000063046.17,EIF4B,0.15470144464876454,NA,0.8770566910416796,0.0028022267689705883,0.08266922962143414,2.315201063418166e-06,NA,37,37,37,2.3996139798177034e-05,0.011014922303205795
ENSG00000142252.10,GEMIN7,0.1543357591298744,NA,0.8773450033708468,0.005308091873415827,0.09463738694181828,4.5925280032823456e-07,NA,25,25,25,0.002205219122711804,0.04134008705713111
ENSG00000268043.7,NBPF12,-0.15425101640923705,NA,0.8774118182149316,0.03285951885228138,0.2618489820631074,8.064811708695784e-19,NA,35,51,51,0.002865780282838305,0.14852211044001104
ENSG00000167981.5,ZNF597,0.154229247840917,NA,0.8774289816413241,0.011056628010000886,0.052643525852936274,0.0002206676969444714,NA,10,10,10,0.04669310234410743,0.041191292909545964
ENSG00000141646.13,SMAD4,-0.1541286643216983,NA,0.8775082874591785,0.003688529011211441,0.05360313533803589,0.00023064787412321405,NA,13,14,14,0.4934060193768013,0.054307517807776616
ENSG00000039123.15,SKIV2L2,-0.1539710103932049,NA,0.8776325933357735,0.0021981030775032086,0.0419546483909286,0.0011795862399946776,NA,13,13,13,0.27156040163940787,0.058740445474277335
ENSG00000135549.14,PKIB,0.153945040977542,NA,0.8776530698101435,0.0044755866650749475,0.02471996768488319,0.012340928145462334,NA,33,36,36,0.011353849598520113,0.07067615233811259
ENSG00000198417.6,MT1F,-0.15353635181240718,NA,0.8779753255390058,0.0019956599995721905,0.03664048956039774,0.002167156879464,NA,4,6,6,0.8742035495765703,0.08167242878583028
ENSG00000127022.14,CANX,-0.15305595759956908,NA,0.8783541473072651,0.004488744210796135,0.10052434610951493,1.2750972239764886e-07,NA,24,29,29,0.08917859821324765,0.0618786381851055
ENSG00000167065.13,DUSP18,0.15254249986874757,NA,0.8787590725825553,0.013197512546488224,0.06661195131468113,2.8244518583119043e-05,NA,15,15,15,0.0010385377657157972,0.07984990670396377
ENSG00000171606.17,ZNF274,0.15231697294406257,NA,0.8789369386407109,0.004709314582993521,0.023597709221829462,0.01597240521361509,NA,7,8,8,0.6266263345309417,0.09464447339840072
ENSG00000140688.16,C16orf58,-0.15219055717112046,NA,0.8790366414946753,0.007022068138839569,0.1110574917093388,2.3448562735737136e-08,NA,29,32,32,0.3361879123058745,0.036616800119524784
ENSG00000161551.14,ZNF577,0.15216278205799388,NA,0.879058547705292,0.019231804288575426,0.1839269817096584,4.779608681914668e-13,NA,51,53,53,0.054386983489001735,0.11150183892899744
ENSG00000105676.13,ARMC6,-0.15212837962839254,NA,0.8790856810037295,0.0046267945865131315,0.059852092498421286,8.807025837959729e-05,NA,24,26,26,0.0005904517888738674,0.041347021672753316
ENSG00000140471.16,LINS1,0.1521071813496118,NA,0.8791024002198959,0.026117955965616012,0.16157625750635524,2.2155007540137393e-11,NA,40,46,46,7.068809959823494e-05,0.07472386964379203
ENSG00000123643.12,SLC36A1,0.15200449624316767,NA,0.8791833893738795,0.08293367470279081,0.40125040809787577,7.590418246249268e-32,NA,53,57,57,0.019038919810038094,0.225167143146532
ENSG00000242866.9,STRC,0.1518634025281051,NA,0.8792946739867398,0.00874398471437785,0.06085350915213372,6.749285880559238e-05,NA,15,17,17,0.00018028990046183,0.17069936040961278
ENSG00000204147.9,ASAH2B,0.15184226664430106,NA,0.879311344662874,0.05030079770374771,0.2695266861682567,2.70027614414872e-20,NA,41,44,44,1.1338951175162146e-05,0.08044969224646284
ENSG00000101194.17,SLC17A9,-0.1517442247438163,NA,0.8793886747415097,0.014330828128262271,0.1829228132741754,5.962651365368976e-13,NA,42,50,50,0.03836609541202767,0.11580951482627805
ENSG00000277494.1,GPIHBP1,0.15157346941495847,NA,0.8795233599342549,0.010178914077856824,0.07438569273703052,1.1100527545352018e-05,NA,10,11,11,0.000929706180713106,0.09336966788618796
ENSG00000111615.13,KRR1,0.15127272702265904,NA,0.8797605823644694,0.010223094946828309,0.10448533369911556,1.1698508045190673e-07,NA,25,26,26,0.003807125071587837,0.062452577840848775
ENSG00000253710.2,ALG11,0.1510004728756413,NA,0.8799753428749431,0.020197786799564268,0.12947956174964126,1.8939667748285842e-09,NA,12,13,13,0.7552597269164756,0.09148452503290204
ENSG00000138115.13,CYP2C8,0.15062603160580537,NA,0.8802707254234672,0.014073261439374415,0.0942012273231092,4.286592303377533e-07,NA,9,9,9,0.40218896213571165,0.06230631460920785
ENSG00000254319.5,RP11-134O21.1,-0.15040085898418235,NA,0.8804483636082663,0.019027869802494574,0.10232959171505347,1.8004507566404128e-07,NA,11,11,11,0.723461055405082,0.06336762995473533
ENSG00000050555.17,LAMC3,0.1501055696645039,NA,0.8806813258178989,0.01653302660818852,0.12132463735696647,6.515492042411398e-09,NA,14,14,14,0.09240482478328275,0.08695979836826308
ENSG00000100036.12,SLC35E4,-0.15007990595173099,NA,0.880701573144642,0.014966343904371565,0.08028517068531553,4.672945716325535e-06,NA,13,13,13,0.6548601717344851,0.05071791540001461
ENSG00000111665.11,CDCA3,-0.14985611709102073,NA,0.8808781341514524,0.0066933063977546135,0.07781400961082434,4.220897308940073e-06,NA,21,23,23,0.0007250296737836496,0.047019588617534885
ENSG00000163214.20,DHX57,-0.14978334727065654,NA,0.880935548083064,0.0027340917851233857,0.06505799284753487,4.723198832534958e-05,NA,7,8,8,0.5769731506609053,0.032230779605374835
ENSG00000065154.11,OAT,-0.14945585586266374,NA,0.8811939399896083,0.016867258608506276,0.12211330155429115,3.4089105611360966e-09,NA,32,32,32,8.232920749722198e-05,0.09594438988548716
ENSG00000126432.13,PRDX5,-0.14935260072423098,NA,0.8812754112913779,0.0012039871240297905,0.029502325287248925,0.0067266375719744,NA,24,25,25,0.2761553635102798,0.029475614437141525
ENSG00000109321.10,AREG,0.14907930263848715,NA,0.8814910574765157,0.003186855516624172,0.016857586360553862,0.039765830228935435,NA,26,28,28,0.1944737931566186,0.11447032680566975
ENSG00000168300.13,PCMTD1,-0.14906076571143564,NA,0.8815056843795878,0.000884030745102505,0.05119103147049868,0.0002644902478932367,NA,11,11,11,0.6327808217314252,0.09826384324956644
ENSG00000138722.9,MMRN1,-0.14889429261627685,NA,0.8816370448464617,0.0007486521719594398,0.02537102427901741,0.011744418656309914,NA,11,11,11,0.8320721491935168,0.01788381950332546
ENSG00000182923.16,CEP63,-0.14861588580711071,NA,0.8818567371599295,0.007503294976908392,0.16695478699693148,2.390833559653769e-12,NA,31,31,31,0.4190514164438236,0.016706550571290883
ENSG00000225783.6,MIAT,-0.14853150681252536,NA,0.8819233228750429,0.009667804699623597,0.1576550885415653,2.7199257274240127e-11,NA,15,16,16,0.15856848814918323,0.04078073524094592
ENSG00000250508.1,RP11-757G1.6,0.14843169157883487,NA,0.8820020908155842,0.0215402857875143,0.14305783550644846,2.260850540486049e-10,NA,43,43,43,0.0034696639428954098,0.045131153438346235
ENSG00000177000.10,MTHFR,-0.1482699350975668,NA,0.8821297413929381,0.010218002847842002,0.04713616322277149,0.0005021000234407887,NA,31,33,33,7.71113509561732e-06,0.08165837183942735
ENSG00000007516.13,BAIAP3,-0.14767486398991406,NA,0.882599369736953,0.006885676557793554,0.032375929619858045,0.003748244513914994,NA,24,27,27,0.07166675569895796,0.3042958138149593
ENSG00000162006.9,MSLNL,0.14761945458780082,NA,0.8826431007747907,0.0017471525611633212,0.03236433252199199,0.004312949541398093,NA,8,9,9,0.21140159561529182,0.02856107851004425
ENSG00000161381.13,PLXDC1,-0.14742771449858602,NA,0.8827944315181404,0.013304544533686968,0.07410450485024679,6.729203473033841e-06,NA,10,15,15,0.0032480960078991364,0.07666460559540461
ENSG00000103269.13,RHBDL1,0.1473300281425325,NA,0.8828715320577182,0.00228981575882953,0.03720046660512698,0.001875532469582564,NA,11,12,12,0.5944350265402034,0.015324344971101612
ENSG00000188785.11,ZNF548,0.1467048448836732,NA,0.8833649943212954,0.0021748240048990453,0.02501694721901725,0.012644491023766607,NA,6,8,8,0.019934100977256553,0.06914276971203534
ENSG00000089094.18,KDM2B,-0.14644660820233812,NA,0.8835688358672968,0.013380602624157854,0.03774587519114548,0.0020164923014547847,NA,18,19,19,0.1684431978349299,0.16731440347767046
ENSG00000115282.19,TTC31,0.1462087758613001,NA,0.8837565778756418,0.005868193776538518,0.05933006262753565,7.833606068723787e-05,NA,19,20,20,0.08568007927171546,0.04844129930579785
ENSG00000159618.15,ADGRG5,-0.14618376181985626,NA,0.883776324040691,0.002955805793126429,0.041991706698602485,0.0008227724372671497,NA,17,17,17,0.009504950071982161,0.028611970794354444
ENSG00000283051.1,LINC01668,-0.1461159605514235,NA,0.8838298469438874,0.023173873476300656,0.0808983027262271,5.301884496167076e-06,NA,10,11,11,0.49752454467525664,0.11063597101259244
ENSG00000112031.15,MTRF1L,0.14582861580044457,NA,0.8840566852390045,0.1914792357133096,0.6120961586531639,9.5614003296236e-61,NA,42,45,45,0.011980685300399137,0.14949212746902174
ENSG00000275329.1,RP11-83N9.6,-0.14568649305135564,NA,0.8841688845810103,0.003965044736349991,0.027418243554472862,0.007662542847452159,NA,3,4,4,0.7494902907557581,0.08926618278755284
ENSG00000173559.12,NABP1,0.14539964095247238,NA,0.8843953481298847,0.008269238720989811,0.0729638861873439,1.4608822702531976e-05,NA,19,20,20,0.12330001519185448,0.1333841301632137
ENSG00000268568.1,AC007228.9,-0.14535512120420555,NA,0.8844304963587055,0.0035342253539088885,0.048973495738522416,0.00041215725068868006,NA,10,11,11,0.28935580632006674,0.011684643107623056
ENSG00000205336.11,ADGRG1,0.14515784523702252,NA,0.8845862479726344,0.003483786719488266,0.10681744645006952,7.086201367036696e-08,NA,10,10,10,0.3203194990880731,0.043839720610468515
ENSG00000108395.13,TRIM37,0.1451061308773042,NA,0.8846270777843565,0.02242454739373486,0.14410811734241535,7.967281068143944e-11,NA,64,65,65,0.0010456160129828562,0.06667804804267295
ENSG00000268707.1,RP11-247A12.7,-0.14485559697792427,NA,0.8848248850513433,0.06104162799236368,0.2408788521326725,5.402577301816893e-17,NA,5,5,5,0.2687838714060846,0.21357598187504745
ENSG00000162688.16,AGL,-0.144619842944736,NA,0.885011029535847,0.003895900678315492,0.08908980403329671,1.066368841144188e-06,NA,38,38,38,0.17258701291757927,0.05964581626091725
ENSG00000165806.19,CASP7,0.1443919486426619,NA,0.8851909742396046,0.019643636540775784,0.3143984084588337,3.257694413714985e-23,NA,44,44,44,0.18180580283539705,0.08526966246891167
ENSG00000161040.16,FBXL13,-0.14386516288795373,NA,0.885606945446664,0.033204337630114295,0.14927615150006582,4.043274954999457e-11,NA,67,73,73,0.004169348250264017,0.10277882443242756
ENSG00000144161.12,ZC3H8,0.14376614026032794,NA,0.8856851412172906,0.0044917973475645835,0.05886905693826505,0.00011376467101875352,NA,15,15,15,0.16764850133287268,0.01423881646744752
ENSG00000119723.16,COQ6,0.1436064189278156,NA,0.8858112716305822,0.012603032217999017,0.06862576916355596,2.197429067284721e-05,NA,24,26,26,0.10402995806212435,0.14124033300922406
ENSG00000182197.10,EXT1,-0.1434039028716351,NA,0.8859712007883547,0.0018755933011606978,0.02813973008880287,0.007459340248676408,NA,39,39,39,0.0021468815915862936,0.0290878900320321
ENSG00000165637.13,VDAC2,-0.1433981248818397,NA,0.8859757637986485,0.014524932587582268,0.1128297162831174,4.098433192263961e-08,NA,49,52,52,0.016826669561952196,0.0630547596710035
ENSG00000139505.11,MTMR6,-0.14276781923877155,NA,0.8864735532066859,0.004189202996422983,0.09649382491183686,4.43547225914048e-07,NA,15,16,16,1.4007672793748467e-09,0.05938890597058516
ENSG00000188015.9,S100A3,-0.14271510068184828,NA,0.8865151901820097,0.008719575560544948,0.0958392871530427,5.610355818618319e-07,NA,11,13,13,0.021278415337848685,0.1782979678589223
ENSG00000196605.7,ZNF846,-0.14258467460926605,NA,0.8866182016914432,0.0013007272756022548,0.04370549909590279,0.0007596287018194943,NA,47,47,47,0.7150906432942268,0.01848313341729955
ENSG00000250673.2,RP11-6L6.2,-0.14250336137131744,NA,0.8866824244781114,0.11403961006004812,0.4290719627933987,2.646470699827639e-35,NA,58,62,62,0.0768676691610253,0.09084822381014222
ENSG00000173826.14,KCNH6,-0.14193358585835275,NA,0.8871324651827085,0.004127024310031434,0.04702442760371349,0.0005224218335941406,NA,6,7,7,0.7712918131243119,0.08589065090751685
ENSG00000168827.14,GFM1,0.14163044104941477,NA,0.8873719208232054,0.013713643529861465,0.28002859188010965,1.845031339107794e-20,NA,29,30,30,0.8742403000700615,0.017921107863796602
ENSG00000213462.4,ERV3-1,-0.1412669317802161,NA,0.887659072214655,0.1440478891656858,0.3998853918002143,4.241946247238557e-32,NA,35,36,36,0.09176226047758661,0.0772696483295536
ENSG00000249915.7,PDCD6,-0.14100730897909655,NA,0.8878641683073039,0.001480158170806961,0.06085637018015003,8.104525583685373e-05,NA,5,6,6,0.46999102893788147,0.034296800260745074
ENSG00000160963.13,COL26A1,-0.14095630615133786,NA,0.8879044602610314,0.07856874316088674,0.3301044804834006,7.7746493251099565e-25,NA,36,39,39,0.2500470218009134,0.09475488745179436
ENSG00000158483.15,FAM86C1,-0.14030795831005946,NA,0.8884166767042168,0.01641791047552931,0.15616929826325124,1.895511807886604e-11,NA,20,25,25,0.1075236619922877,0.05120423482958676
ENSG00000185737.12,NRG3,0.13992162788559204,NA,0.888721912808292,0.006370206064913406,0.07197671061343427,1.5423008272111547e-05,NA,18,18,18,0.15827188837808914,0.03950684972636488
ENSG00000259915.2,RP11-410E4.1,0.13992111192900578,NA,0.8887223204718735,0.007146008632669264,0.0363019727990508,0.002536234603050957,NA,23,23,23,0.5215532168764319,0.3283141709686627
ENSG00000189091.12,SF3B3,0.13974720790260306,NA,0.8888597258367388,0.002218889556890785,0.06191252319154935,5.781110407129269e-05,NA,8,9,9,0.7249504657275836,0.024922583000339726
ENSG00000157978.11,LDLRAP1,0.13962209803199502,NA,0.8889585799402916,0.01327892715051445,0.15350687954222528,6.591088548037354e-11,NA,24,24,24,0.37972637831213074,0.06190600440468962
ENSG00000235194.8,PPP1R3E,0.1395456110728978,NA,0.8890190160686575,0.003399068506249995,0.023499396644463846,0.0158732562118605,NA,25,28,28,0.00014887248099781946,0.10395434181495436
ENSG00000273295.1,AP000350.5,-0.13943255589607445,NA,0.8891083477352961,0.07024230147582856,0.5467140626503293,4.5749550832557665e-52,NA,36,39,39,0.00016966447985734435,0.07809040513015457
ENSG00000070476.14,ZXDC,0.13935866642176098,NA,0.889166732995561,0.03070243224305737,0.17354065395679097,4.1338222555939365e-12,NA,22,25,25,0.10775978980427868,0.1865867105818984
ENSG00000126500.3,FLRT1,0.1391741550947074,NA,0.8893125309710908,0.0034909361378109975,0.04583291046299669,0.0006210267230452193,NA,9,10,10,0.25804142653123463,0.049707376936987735
ENSG00000108231.12,LGI1,-0.13910989257508571,NA,0.8893633110920605,0.005162808169591464,0.05781237963621093,0.0001013336384973706,NA,25,26,26,0.08639106272586945,0.07668417454686438
ENSG00000228672.3,PROB1,-0.13908149291941335,NA,0.8893857525906914,0.008773651179922983,0.022159929543150502,0.01827793102588413,NA,17,17,17,0.0005969041116332448,0.2656951627362666
ENSG00000058729.10,RIOK2,-0.13872843373721383,NA,0.8896647484793382,0.00145407927076025,0.02130671223294125,0.02153080209858392,NA,9,10,10,0.0949604418680774,0.041605603789375785
ENSG00000142235.8,LMTK3,0.13862995299129457,NA,0.8897425727810538,0.0043570473952672314,0.07150468477750681,7.3723513318246294e-06,NA,11,16,16,0.5323630728628017,0.0652123686539267
ENSG00000138095.18,LRPPRC,0.1385210329653743,NA,0.8898286479497437,0.009562994275989094,0.2592832497285875,1.0404078188052192e-18,NA,24,26,26,0.000327345078273841,0.039301030289119986
ENSG00000132300.18,PTCD3,-0.13843441041963267,NA,0.8898971032329688,0.010017856809880116,0.0973962680585044,4.1510045270974643e-07,NA,46,49,49,0.15180944222501408,0.3893635574493741
ENSG00000099290.15,WASHC2A,0.1382908739892958,NA,0.8900105377138244,0.00766333184837236,0.16010263140052766,3.163394261456459e-11,NA,5,6,6,0.011689167475377814,0.04617797843466335
ENSG00000174899.10,PQLC2L,-0.13806926803510047,NA,0.8901856736766953,0.003842167534300351,0.030071461626454986,0.006138074297681301,NA,34,35,35,1.5426258535070998e-05,0.11074345592075507
ENSG00000170734.11,POLH,-0.13795624802259113,NA,0.8902749958529194,0.0029076146524984097,0.01628852816229617,0.04388940073231052,NA,12,12,12,0.0010176672324665775,0.10483904524596876
ENSG00000167384.10,ZNF180,-0.13792351549366924,NA,0.8903008653432162,0.016525587300848375,0.05559455879755257,0.0001639391368533343,NA,35,35,35,0.001484871856764914,0.11078447702895243
ENSG00000007933.12,FMO3,0.1378624322203926,NA,0.8903491415815666,0.13639252989900624,0.13683205618334507,5.852609577711041e-10,NA,138,141,141,0.00010881731168511897,0.3481529912366377
ENSG00000196188.10,CTSE,-0.1376529406866785,NA,0.8905147131240294,0.004443144454763008,0.023565385117962787,0.014169301652584171,NA,77,86,86,0.04172280564535604,0.09332354836681
ENSG00000037474.14,NSUN2,-0.1376174976417811,NA,0.8905427259915675,0.022591951533454443,0.3502314807370801,9.18308332248533e-27,NA,10,12,12,0.031657054106681994,0.060911536759596735
ENSG00000165868.13,HSPA12A,-0.13743363902686628,NA,0.8906880432105596,0.003654496228114889,0.06477694562173364,3.405958700078858e-05,NA,28,34,34,0.04584147863227084,0.0281485476697102
ENSG00000197479.6,PCDHB11,-0.13719264645207707,NA,0.8908785232326992,0.0043002999206433416,0.04157952131175908,0.0008954742549473226,NA,29,31,31,0.294389116428452,0.020125780521266484
ENSG00000107290.13,SETX,0.13689786099517684,NA,0.8911115295975218,0.002816444955790961,0.05407643776825453,0.00021764046758868246,NA,12,12,12,0.008685869980715723,0.03026039018986308
ENSG00000090661.11,CERS4,-0.13682323694229126,NA,0.8911705159511183,0.002553309083603362,0.14830106445260555,1.1243628548487357e-10,NA,1,2,2,0.8911705159511183,0.07306403769683416
ENSG00000148384.12,INPP5E,0.13679154807361654,NA,0.8911955645023125,0.0028981753505111464,0.02810901764620113,0.00793366169050522,NA,18,20,20,0.22364285874722478,0.04343629907978256
ENSG00000162365.11,CYP4A22,0.13632685722457957,NA,0.8915628930872573,0.007494168877667707,0.07399761373734949,1.3312065485956227e-05,NA,15,16,16,0.6463508568071462,0.0331796910031029
ENSG00000136111.12,TBC1D4,0.13578115267827978,NA,0.8919942910425909,0.0023309922461781448,0.03941057637989629,0.0008906760197126363,NA,7,7,7,0.6500991688125883,0.02734006297771874
ENSG00000100994.11,PYGB,0.13568604621714747,NA,0.8920694792009269,0.0052430678507885,0.0826426114294126,3.6528648225088913e-06,NA,10,10,10,0.23873583837674006,0.07153459322698033
ENSG00000225489.6,RP11-390F4.3,-0.13547127829049957,NA,0.8922392714954023,0.017879929290992823,0.1948750169431689,1.2735037077408074e-13,NA,11,12,12,0.034752474372142024,0.10008007601232233
ENSG00000064763.10,FAR2,0.13510408426427065,NA,0.8925295810123561,0.013663764322003153,0.1022007141864221,1.7111933205174588e-07,NA,21,21,21,0.6223786600338255,0.024663945239219446
ENSG00000196511.14,TPK1,-0.1347037085871549,NA,0.8928461408895995,0.007661351415129598,0.028409382140664487,0.00690215680473347,NA,12,12,12,1.0829553223350631e-06,0.0551139001125431
ENSG00000173156.6,RHOD,-0.13464175600169298,NA,0.8928951256685722,0.04286148694963544,0.2697969147118533,5.828381222959411e-20,NA,11,12,12,4.701984307472773e-06,0.5648127873215767
ENSG00000171314.8,PGAM1,-0.13463986081758703,NA,0.8928966241625083,0.001529888489801032,0.05081646265122845,0.00031627460939179903,NA,8,8,8,0.2675329592029658,0.034055334530639664
ENSG00000157500.10,APPL1,0.13445469656856066,NA,0.893043032628053,0.0009244004341088589,0.05501780550593899,0.0001841001231446516,NA,6,6,6,0.3784607627634895,0.016207218475218863
ENSG00000058453.16,CROCC,-0.13406473134095936,NA,0.8933513881412313,0.04197007889751135,0.23243745970399346,2.40635399804792e-16,NA,45,57,57,7.866171315689459e-06,0.23204864456154864
ENSG00000131626.16,PPFIA1,0.1340505025883289,NA,0.8933626394862142,0.05518152338009923,0.3741014690305693,7.06717780909057e-29,NA,34,38,38,0.0017508295332894996,0.07299180031725819
ENSG00000008311.14,AASS,-0.13399083277212817,NA,0.8934098234544461,0.0014764377200036198,0.039513061258310486,0.0015640303404910012,NA,12,12,12,0.17666734448307397,0.1325322714870292
ENSG00000162613.16,FUBP1,0.13396776901799823,NA,0.8934280612427266,0.0010024388380129765,0.025818844872960087,0.01126703451026138,NA,2,3,3,0.8986560270800623,0.0575949149005455
ENSG00000255328.1,RP11-326C3.12,-0.13352148035561576,NA,0.8937809774990656,0.061230317421696795,0.1716712032510194,3.551376062618518e-12,NA,28,29,29,0.16257040453913418,0.1652321612031162
ENSG00000167895.14,TMC8,-0.13335274229344485,NA,0.8939144177073388,0.010024223297401786,0.0856245624506952,2.3785136401732632e-06,NA,44,45,45,0.13316720060842538,0.0627841394527255
ENSG00000186868.15,MAPT,-0.13322598317560866,NA,0.8940146624071489,0.0032827727787287453,0.06278845280274789,5.508778132293196e-05,NA,8,12,12,0.0017083381853204452,0.047217557482315514
ENSG00000124249.6,KCNK15,-0.13307870138335354,NA,0.894131139145146,0.0064623158901375224,0.038564390680568085,0.0015139498605099679,NA,15,18,18,0.05803596644861017,0.08037347600306853
ENSG00000154358.20,OBSCN,-0.1329689528418163,NA,0.8942179344683854,0.004108553850130111,0.042861116627586966,0.001021827274121085,NA,15,15,15,1.3692781327068259e-05,0.0599762450781061
ENSG00000129173.12,E2F8,0.1325901832923945,NA,0.8945174964677695,0.00607139501055639,0.06783593078581927,3.0522734460994305e-05,NA,48,49,49,0.035542855624657206,0.08374407461946144
ENSG00000152503.9,TRIM36,0.13242170629939887,NA,0.8946507467170577,0.003674604047553034,0.02354081810890811,0.014748636638057647,NA,17,18,18,0.11273017744140379,0.14006850182563646
ENSG00000163006.11,CCDC138,0.13219522834144745,NA,0.8948298752311923,0.0015093294543180476,0.023751645677698743,0.014478212818451304,NA,8,8,8,0.2654760444137436,0.09373409138064133
ENSG00000181004.9,BBS12,0.13183794346435282,NA,0.8951124739371765,0.00503331638668811,0.025636873971778502,0.01124894840252556,NA,15,15,15,0.08460053704357925,0.09914709370543932
ENSG00000122547.10,EEPD1,0.13180711823103902,NA,0.8951368561449208,0.0048070112733762755,0.04592806792928531,0.0005782152791286682,NA,25,27,27,0.409065282561882,0.04011331212039927
ENSG00000160294.10,MCM3AP,-0.13167417609984478,NA,0.8952420121255138,0.005662737517551394,0.10331158398968752,1.6888680589612926e-07,NA,8,8,8,0.16327738216684895,0.05838359486894815
ENSG00000115825.9,PRKD3,0.13147177225534584,NA,0.895402115204859,0.009649439572312977,0.12849918387719447,3.042099064219529e-09,NA,24,24,24,0.046665573532637214,0.0529164792650673
ENSG00000099326.8,MZF1,0.13103096605418252,NA,0.8957508112124338,0.0029155039312863114,0.038863180649139684,0.0017439073501659048,NA,16,16,16,0.05212956374292741,0.027701838423537
ENSG00000106153.12,CHCHD2,-0.1309939977118735,NA,0.8957800556224608,0.006617262162865675,0.07603640831835011,7.079983475447702e-06,NA,29,30,30,1.7628998008471e-05,0.029384254136941124
ENSG00000261786.1,RP4-555D20.2,-0.1305457082036728,NA,0.8961346936076969,0.0025745778113816682,0.017911519800309052,0.03326137950871059,NA,2,2,2,0.8902565190960545,0.0501810612149784
ENSG00000237440.8,ZNF737,0.13051758973291547,NA,0.8961569385812276,0.004849886812637791,0.08428030930960087,2.332289948545258e-06,NA,8,8,8,0.0027981191283953147,0.2094028291595421
ENSG00000161981.10,SNRNP25,0.13023878377300355,NA,0.8963775108661747,0.017995901431004692,0.1286178538656938,3.1461450824468506e-09,NA,8,10,10,0.22037881507165002,0.17911762573199425
ENSG00000167723.14,TRPV3,-0.1299422587142288,NA,0.8966121100839733,0.018353920476716294,0.15177219647393847,4.9758329099101856e-11,NA,6,6,6,0.22764499731021337,0.11114008912980798
ENSG00000141127.14,PRPSAP2,0.1298332578924895,NA,0.8966983496136149,0.009087048902073843,0.10727819666285554,9.05250110047124e-08,NA,11,11,11,0.35121478195176614,0.08481279414946781
ENSG00000221955.10,SLC12A8,-0.12979005668462548,NA,0.8967325299858742,0.0015121369973094463,0.040957301245745384,0.0012757255894950332,NA,20,21,21,0.006525014582770453,0.015942425106450886
ENSG00000116957.12,TBCE,0.12977050950311012,NA,0.8967479955872932,0.004573209916378242,0.019947995914662203,0.02589060317123505,NA,13,13,13,0.6398124275361756,0.1676738351690853
ENSG00000171311.12,EXOSC1,0.12973969660744883,NA,0.8967723746272895,0.002884814767157247,0.02485934488041737,0.012223657661968241,NA,26,28,28,5.282237659083506e-05,0.057830961741220877
ENSG00000149054.15,ZNF215,0.12965594242113015,NA,0.896838641097454,0.06832321572753876,0.2718151759895169,1.1708118707028925e-19,NA,70,84,84,0.06089115624668667,0.25938944557333043
ENSG00000185201.16,IFITM2,-0.12911992622063245,NA,0.8972627551463186,0.01022961810723629,0.17299392403629768,4.017286173128337e-12,NA,40,47,47,0.05327924404454476,0.14811836624335398
ENSG00000169271.2,HSPB3,-0.12894373982261076,NA,0.8974021661670306,0.006020086398766412,0.06415336337675527,5.149204968101052e-05,NA,18,19,19,0.09876773495535796,0.07155983167228837
ENSG00000177963.14,RIC8A,-0.1289338616241531,NA,0.8974099825834644,0.004328753913726391,0.08619085280847932,2.111837752443688e-06,NA,18,19,19,0.0921536775763914,0.03033283790407528
ENSG00000273972.1,CTD-2306A12.1,0.1283276373601929,NA,0.897889694470137,0.07769385419541044,0.2756039509300989,8.384661835700877e-20,NA,83,89,89,6.604212042494146e-08,0.09694607771939576
ENSG00000090530.9,P3H2,0.12822758733923223,NA,0.8979688687379408,0.0073236666311611,0.08749895156110304,1.3248782669738958e-06,NA,18,18,18,0.175504010801239,0.033193460669394395
ENSG00000144792.9,ZNF660,-0.12814633663268912,NA,0.8980331669751366,0.037732498176962295,0.19610824124027887,4.2302313721471844e-14,NA,34,35,35,4.03414265919476e-05,0.07740549374765752
ENSG00000126467.10,TSKS,-0.12787945314716387,NA,0.8982443715416112,0.0002462778102421902,0.052472054634134686,0.00020766268060588071,NA,6,8,8,0.4207040468646206,0.015670684947893757
ENSG00000186088.15,GSAP,0.1277601206251245,NA,0.8983388104918929,0.01268426255703705,0.13718001018415055,6.961213890985193e-10,NA,14,15,15,0.11884476921949978,0.10408165223814878
ENSG00000239704.10,CDRT4,-0.1277200769307057,NA,0.8983705011233402,0.03229106766726378,0.30902507530346296,1.0474518723021459e-22,NA,51,53,53,0.09272617460283868,0.08032880422815519
ENSG00000196247.11,ZNF107,-0.12754568013057965,NA,0.8985085208654474,0.06460244905707625,0.40478703788616416,2.6449445737864233e-32,NA,15,15,15,0.1634843967493238,0.17500778068249526
ENSG00000106400.11,ZNHIT1,0.12746615061192346,NA,0.8985714625102691,0.004193625836501123,0.05598397872394429,9.195605278795451e-05,NA,23,23,23,0.07171456785076243,0.11861482176081528
ENSG00000243284.1,VSIG8,-0.12688715755939484,NA,0.8990297112613723,0.00698099596261523,0.07571556789114146,5.81238625333988e-06,NA,1,1,1,0.8990297112613723,0.11973637208670708
ENSG00000073008.14,PVR,-0.12664439186998655,NA,0.8992218601630753,0.002542645244284265,0.07085753168969404,2.049486895994988e-05,NA,15,15,15,0.16650441774923086,0.03714557980196189
ENSG00000172478.17,C2orf54,0.12659717465074155,NA,0.8992592332511967,0.048465090401474384,0.3651677216602721,4.5965631300015895e-28,NA,20,20,20,0.10016742550951534,0.11578798051346705
ENSG00000172061.8,LRRC15,-0.12653602660034896,NA,0.8993076331186065,0.037840665272486335,0.31552103573345663,1.992562306172389e-23,NA,12,16,16,0.015193366512058042,0.3771747410448677
ENSG00000198488.10,B3GNT6,0.1262352031174984,NA,0.8995457461871661,0.01777458800906645,0.23816806330366114,5.0787212594302625e-17,NA,33,34,34,0.1711356005774859,0.11070138475219016
ENSG00000188687.17,SLC4A5,-0.1262000922969757,NA,0.8995735383080747,0.015180019468942745,0.10080852513909164,1.3384872944176164e-07,NA,5,6,6,0.34459993994193283,0.29398763480188383
ENSG00000130560.8,UBAC1,-0.12613739083273065,NA,0.8996231702279232,0.007191939788732837,0.09004292295909906,1.328378251165229e-06,NA,39,44,44,0.05564263742025362,0.06420757523527136
ENSG00000108510.9,MED13,-0.12613725724433625,NA,0.8996232759714627,0.004321140606195244,0.015348284381232875,0.043686880723867824,NA,39,41,41,0.14511884347087003,0.07912252091276173
ENSG00000100731.15,PCNX1,-0.12610622930104837,NA,0.8996478365705334,0.01473520751136971,0.24512232555249974,1.4779813654896288e-17,NA,13,13,13,0.7460565819927545,0.032760901435915125
ENSG00000184207.8,PGP,-0.12610271356369776,NA,0.8996506195072814,0.007210293892878905,0.0653677890820436,4.037794749843218e-05,NA,13,14,14,0.0009425108852880803,0.08594831426156377
ENSG00000248918.2,CTD-2089N3.3,-0.12589049006021685,NA,0.8998186106161674,0.05250596476673371,0.16870382018378935,7.52717186737953e-12,NA,14,14,14,0.025330363470141698,0.14313431928385384
ENSG00000142552.7,RCN3,0.12576214932371535,NA,0.8999202042878176,3.982329959409752e-06,0.028993838535386438,0.006724353940307129,NA,2,3,3,0.7527982904803242,0.007205224705472244
ENSG00000111666.10,CHPT1,-0.12562850518954485,NA,0.900025997836509,0.014636016354402644,0.15353001344634215,5.45610715680897e-11,NA,20,21,21,0.028997637193396916,0.06843897546690234
ENSG00000260230.2,FRRS1L,-0.12560394565588212,NA,0.9000454395131974,0.016182653124101457,0.09739961670398917,2.439544417759501e-07,NA,57,59,59,0.00014096049082351189,0.1002695937571109
ENSG00000188820.12,FAM26F,0.12548077168829866,NA,0.9001429466849282,0.03552318924412321,0.11487584335308525,2.447273017121429e-08,NA,28,31,31,0.17822004173748662,0.7013736943708657
ENSG00000203279.3,RP11-498P14.5,-0.12510522469356336,NA,0.9004402470891574,0.13426755227923248,0.2670385606387237,3.357738030827927e-19,NA,42,43,43,0.025465291041215806,0.08335124539284458
ENSG00000131748.15,STARD3,0.12507848205284053,NA,0.9004614183360777,0.002556416206802678,0.022460754575809518,0.015224262062001274,NA,5,7,7,0.6529746577154463,0.07779340455693294
ENSG00000124191.17,TOX2,-0.12478549434402962,NA,0.9006933714605779,0.021022128183342956,0.10128028835374236,2.299900886640032e-07,NA,38,41,41,0.00015040572634108292,0.1229748004214746
ENSG00000182903.15,ZNF721,-0.12474751743521496,NA,0.9007234377207656,0.006977558089703136,0.045564154262675766,0.0006747532228603249,NA,21,21,21,0.03908760786470131,0.07757174966529694
ENSG00000257261.5,RP11-96H19.1,-0.1246041952172817,NA,0.900836906982628,0.03718695020683734,0.2566709857997255,1.3020688896249635e-18,NA,18,20,20,0.01409622850061665,0.2050602554454235
ENSG00000152254.10,G6PC2,-0.1241521011683805,NA,0.9011948464577043,0.12550325859245384,0.3860421184752028,1.0635693663796877e-30,NA,12,12,12,0.00024600834853076955,0.27328463996541075
ENSG00000164929.16,BAALC,0.12409704471439605,NA,0.9012384380496866,0.0038787724187926663,0.06230626874712108,6.019977927303697e-05,NA,11,11,11,1.6102457318911024e-12,0.05815560333620541
ENSG00000081014.10,AP4E1,0.12390782165232898,NA,0.9013882598943372,0.0005594931955089412,0.04209941382289308,0.0011563067627197278,NA,4,4,4,0.7124973389019553,0.03003964698815109
ENSG00000138376.10,BARD1,0.12379928905939308,NA,0.9014741947329815,0.059017883088234246,0.31441217001946603,1.8749605110986808e-23,NA,54,56,56,0.02430449308299988,0.10219927733974747
ENSG00000158286.12,RNF207,0.12348676618900298,NA,0.9017216531351793,0.02380426930242424,0.2028376616382004,5.516466011868335e-15,NA,14,16,16,2.6614574524375265e-11,0.22362674957815126
ENSG00000123636.17,BAZ2B,-0.123446737406863,NA,0.9017533489731114,0.00372323999459283,0.018772616149251933,0.028741485362835675,NA,43,44,44,0.2885515098924534,0.03040429973403382
ENSG00000171806.11,METTL18,-0.12343528441007244,NA,0.9017624177847093,0.08944133724620312,0.4216494913510748,8.377968996779482e-34,NA,111,111,111,0.27859663958017855,0.03822947468884892
ENSG00000122406.12,RPL5,0.12343490115750881,NA,0.9017627212553115,0.0023449959727980833,0.023723013594958788,0.014168018290520869,NA,36,37,37,0.0011967329431838592,0.10388552916755464
ENSG00000165171.10,WBSCR27,0.12314270228613068,NA,0.901994097052505,0.2200896556508778,0.47680551894236295,8.000471581887861e-41,NA,38,43,43,0.00038198790815860867,0.06961621796708517
ENSG00000205837.7,LINC00487,-0.12280285825267347,NA,0.9022632108361,0.06599915350242418,0.16753197044207827,4.820973087943416e-12,NA,26,29,29,0.0036695279463110665,0.4923882508081283
ENSG00000079332.14,SAR1A,0.12202332962564236,NA,0.9028805419629524,0.006729687627150304,0.13530675408666434,9.85958721774408e-10,NA,6,6,6,0.6641613553772598,0.027117391067692724
ENSG00000164494.11,PDSS2,-0.12196777920536031,NA,0.9029245361833843,0.004821138890651838,0.12673501410134216,6.173430469469311e-09,NA,3,3,3,0.8956528470935295,0.03390319564351504
ENSG00000197580.11,BCO2,0.12191420521928337,NA,0.9029669654112125,0.006652676740315374,0.03542720683084363,0.002896180423778893,NA,18,20,20,9.446452606800963e-07,0.05474161300883335
ENSG00000163161.12,ERCC3,-0.12185850111213226,NA,0.9030110819343633,0.03601394850192523,0.2058944954050462,1.3782734520093657e-14,NA,30,30,30,0.0023695413624183034,0.05885665633710072
ENSG00000168672.3,FAM84B,-0.12171923543192197,NA,0.9031213788386488,0.003394069736957008,0.026724228745101084,0.009860777212568785,NA,28,29,29,0.17013526433973192,0.03815875204301136
ENSG00000124688.13,MAD2L1BP,0.12157217917668195,NA,0.9032378478231025,0.00047188396381097036,0.01977725014147382,0.0256605728170834,NA,2,2,2,0.8476135193908981,0.018144143836184123
ENSG00000100100.12,PIK3IP1,0.12147433840914873,NA,0.9033153391509902,0.0021931066489197706,0.04220451957848358,0.0010154118132659306,NA,4,5,5,0.03022421653183877,0.048737011900363454
ENSG00000126746.17,ZNF384,0.12144050747156145,NA,0.9033421339658011,0.008624245535502634,0.15801562889379278,2.9585690726119044e-11,NA,1,1,1,0.9033421339658011,0.1967343140693014
ENSG00000128228.4,SDF2L1,-0.12134167135769443,NA,0.9034204148792611,0.0023818937216726257,0.028832409312884437,0.007335770773269369,NA,25,28,28,0.0492855210670629,0.03577074636026075
ENSG00000164983.7,TMEM65,-0.12129329042256856,NA,0.903458734249375,0.013951268680725125,0.12598082810498004,3.900265871039303e-09,NA,36,37,37,2.7060023011027716e-06,0.15547150665594145
ENSG00000007541.16,PIGQ,0.12107675522565842,NA,0.9036302403515406,0.0014542172795556179,0.0695238834160474,2.3152823168259405e-05,NA,1,1,1,0.9036302403515406,0.1087091111948948
ENSG00000073605.18,GSDMB,-0.12088376548438506,NA,0.9037831011307895,0.0023789863894036756,0.10749659403630622,8.231458057828037e-08,NA,22,22,22,0.24479584607946947,0.012110270306920608
ENSG00000105755.7,ETHE1,0.12087263415180231,NA,0.9037919179993175,0.02061650996141405,0.12293851688063825,9.593593553425115e-09,NA,32,33,33,0.0038043828539738368,0.06399892745661878
ENSG00000103966.10,EHD4,-0.12079475958559724,NA,0.9038536009559199,0.0027856937296821768,0.0390651320517096,0.0015513343234905715,NA,14,14,14,0.38348620729400285,0.0197243524819231
ENSG00000110583.12,NAA40,0.12053081369136624,NA,0.904062671771793,0.001930483986747946,0.022735382887648262,0.017494548954053734,NA,17,17,17,0.07478328618674851,0.03295311485251072
ENSG00000022556.15,NLRP2,-0.1204782934230539,NA,0.9041042737255598,0.004026601393007914,0.2061642351630236,9.396359214305837e-15,NA,13,37,37,0.004771896459218458,0.08277775959471513
ENSG00000144791.9,LIMD1,0.11982485960648226,NA,0.9046218887043807,0.08391940935525408,0.31970425093706284,5.1816734527540765e-24,NA,32,32,32,0.02598241360039522,0.08585257420237942
ENSG00000197016.11,ZNF470,-0.11933345684815587,NA,0.905011178142251,0.005057519152476593,0.04979729221460821,0.0003285902814656117,NA,17,18,18,0.08634349419695535,0.05127575486751698
ENSG00000196460.12,RFX8,0.11931581116560976,NA,0.9050251574833178,0.015264986211684187,0.07264590430082207,1.4464801380034705e-05,NA,15,16,16,0.055833020495628535,0.06856927928768825
ENSG00000171757.15,LRRC34,-0.11923665702241461,NA,0.9050878656925719,0.0019485797468049698,0.05154722978228323,0.0002733590213512644,NA,5,6,6,0.45171753909217927,0.05589792548789143
ENSG00000146918.19,NCAPG2,-0.11895035732828134,NA,0.9053146855575315,0.04288094323062249,0.02119793669292225,0.02168045495702261,NA,104,108,108,0.0006394389215652391,0.14695417501947994
ENSG00000147894.14,C9orf72,0.1188790206465741,NA,0.905371202980435,0.018787000152090155,0.14679844951277646,8.97478080500482e-11,NA,36,36,36,0.015129050623060936,0.043134281928136405
ENSG00000163864.15,NMNAT3,0.11869164747747593,NA,0.9055196541163729,0.03367954664398659,0.2567295885637953,1.744132448943057e-18,NA,52,57,57,0.032540860595845614,0.04605353523395223
ENSG00000164253.13,WDR41,0.1185667607842102,NA,0.9056186005941105,0.03346139284987936,0.22200156989693468,9.649958449692422e-16,NA,24,29,29,0.0004671396819096193,0.5684885566905593
ENSG00000175899.14,A2M,-0.11784111372674994,NA,0.9061935524395326,0.0185582099541464,0.18495054862209065,6.383938047151734e-13,NA,44,48,48,0.10408477955780868,0.04706763075436676
ENSG00000177294.6,FBXO39,0.11782760178692679,NA,0.9062042588203877,0.03410891759256322,0.05240967384084662,0.0002690173060243899,NA,49,60,60,0.003888828487350324,0.10502274503990436
ENSG00000152952.11,PLOD2,-0.11752740528546586,NA,0.9064421282507812,0.015399676046335839,0.10225140144357683,1.3598105536151688e-07,NA,45,47,47,0.19940317677037567,0.09706318760532816
ENSG00000180376.16,CCDC66,-0.11717622744896194,NA,0.906720404874902,0.031214184753515083,0.22726849648104636,3.711458864324288e-16,NA,36,39,39,2.0739708424220543e-19,0.20281720068125872
ENSG00000130714.15,POMT1,-0.11710970863260776,NA,0.9067731163022638,0.003965059155319431,0.08431258704572421,2.95523224777118e-06,NA,14,14,14,0.43182969742268695,0.06486992894147607
ENSG00000198546.14,ZNF511,-0.1170357446850528,NA,0.9068317279483055,0.0016642970088222978,0.019392814707482532,0.028011682730765708,NA,15,19,19,0.02369533593200057,0.027394281161955646
ENSG00000183891.5,TTC32,-0.11658051481006697,NA,0.907192479348998,0.09959799802485358,0.3290333569009217,4.53622590620796e-26,NA,35,39,39,0.013402131326557288,0.1983346162398633
ENSG00000075407.18,ZNF37A,-0.11608285992495015,NA,0.9075868727699556,0.02342793935285243,0.1553606908629851,4.41364187091809e-11,NA,45,46,46,0.0006761310381448877,0.17735037398719694
ENSG00000172116.21,CD8B,0.11526306013495552,NA,0.908236616910061,0.0011607164155169115,0.01853498647871335,0.03142559940283955,NA,6,6,6,0.09601819287396898,0.030495368766780623
ENSG00000160188.9,RSPH1,0.11514426493739566,NA,0.9083307748596008,0.019234801379172106,0.15163807467439888,7.562022636191586e-11,NA,22,25,25,0.6171053377559144,0.26847338667840265
ENSG00000275830.1,RP11-403A3.3,-0.1149037015023377,NA,0.908521451155541,0.0071883392616782105,0.060277839543351024,7.820756220036937e-05,NA,10,12,12,0.0018038660959606638,0.04513461129839708
ENSG00000148399.12,DPH7,-0.11490006253294914,NA,0.9085243355296583,0.011349413495559015,0.14290844574557618,3.990599039511995e-10,NA,29,31,31,0.12937071378600648,0.046936928168243686
ENSG00000144115.16,THNSL2,0.11481013447435885,NA,0.9085956160299542,0.2963080080518228,0.6766376339292686,2.0938098392140386e-75,NA,35,38,38,0.10123378110361496,0.12353852608794695
ENSG00000143631.10,FLG,-0.11474638989273574,NA,0.9086461429269733,0.03497176354781884,0.15360997569164495,6.615024334049929e-11,NA,9,9,9,0.19947650106475623,0.11352370152393568
ENSG00000243414.5,TICAM2,0.11471175026873476,NA,0.9086736000464706,0.0026567497966469462,0.017319071257789826,0.03769107086153201,NA,20,20,20,0.41913740406776523,0.018209749982591224
ENSG00000260633.1,RP11-375I20.6,-0.11459465634465842,NA,0.9087664154257367,0.03203784955554803,0.2220466729888538,6.19929363423597e-16,NA,19,20,20,0.12433232953598303,0.11792150156730888
ENSG00000117226.11,GBP3,-0.11440662043381628,NA,0.9089154661094884,0.15033818328462162,0.6314962469416643,6.580321534235727e-66,NA,12,12,12,0.002993932724609327,0.11639466007373322
ENSG00000164053.19,ATRIP,-0.114273800222487,NA,0.9090207508215487,0.005243378381705974,0.02896941667978177,0.007492161243292672,NA,12,12,12,0.10479944740214497,0.13149099518584192
ENSG00000228140.1,RP3-467K16.4,-0.11399279843984124,NA,0.9092435022440343,0.0005520792233071108,0.018849988891700063,0.028450097951236725,NA,9,13,13,0.05953918795839426,0.04587201041879318
ENSG00000184470.20,TXNRD2,0.1138519419476967,NA,0.9093551625275745,0.018220271927694116,0.17704228706825995,3.492256068255278e-13,NA,39,41,41,0.007471103434353899,0.09209547314439144
ENSG00000137135.17,ARHGEF39,-0.11379854204980554,NA,0.9093974943619281,0.0023621211138793595,0.03460845890193349,0.0026704488804844217,NA,9,9,9,0.04132136735389898,0.060696355679385236
ENSG00000129910.7,CDH15,-0.11354697407023175,NA,0.9095969239329063,0.06393461607836477,0.1640268879173589,1.8175523112071185e-11,NA,25,27,27,0.0819357620128434,0.16557431684560578
ENSG00000111554.14,MDM1,-0.11354147034359696,NA,0.9096012870552498,0.0028570901055789324,0.06878897743400936,1.7932224939054525e-05,NA,7,7,7,0.5132950056715107,0.1341280800623359
ENSG00000107854.5,TNKS2,0.113525749868948,NA,0.9096137495995198,0.027007601681692243,0.20471875881680787,9.420855969250287e-15,NA,53,53,53,5.561200135750936e-06,0.14322124141608444
ENSG00000261652.2,C15orf65,-0.11342845302973956,NA,0.909690883017565,0.004495673326534026,0.03615327431237091,0.002427552758749089,NA,44,47,47,0.0022989709395447337,0.0895614958734291
ENSG00000130695.14,CEP85,0.11335116978301384,NA,0.9097521509893914,0.005708652084826642,0.14729807854462687,1.15504822792958e-10,NA,22,23,23,0.7156951624885937,0.013331251549840342
ENSG00000213445.9,SIPA1,-0.11330062529734282,NA,0.9097922215181572,0.001940909615759028,0.021676599250581186,0.02073723258521297,NA,13,13,13,0.137336754011114,0.09022492677104132
ENSG00000168038.10,ULK4,-0.11303800110011444,NA,0.9100004277526019,0.08249884592067541,0.3666007656077047,3.6506767031810273e-28,NA,104,105,105,0.3727759728621223,0.05809254400749341
ENSG00000165996.13,HACD1,0.11300368084775655,NA,0.9100276370143215,0.0013902207825848864,0.04079197528416093,0.0012501350548909911,NA,12,14,14,0.16572905645364422,0.041966527007781515
ENSG00000143498.17,TAF1A,0.11298198526299508,NA,0.9100448374330776,0.008560655489414324,0.038946665042006896,0.0016355965427908385,NA,15,16,16,0.03511463528558587,0.20760353579829555
ENSG00000103226.17,NOMO3,-0.11288994671486921,NA,0.9101178067379455,0.11578013050778788,0.2439883490724331,8.434536242427798e-19,NA,67,73,73,0.001368820956416704,0.38257266171765536
ENSG00000189334.8,S100A14,0.11282640712316648,NA,0.9101681821583701,0.013924219439709376,0.20995145492236414,1.0821434277095184e-14,NA,45,46,46,0.00016298887426292448,0.0624018965178593
ENSG00000139988.9,RDH12,0.11262854718516362,NA,0.9103250516663295,0.0016028360162261542,0.042961025266032286,0.0010234813541268257,NA,16,17,17,0.5786196972256253,0.009390408897033969
ENSG00000157617.16,C2CD2,0.11250785101368299,NA,0.9104207450591304,0.004104067599142173,0.06096179442594703,8.146055171057822e-05,NA,5,5,5,0.17869949726529244,0.07402817158505726
ENSG00000177646.18,ACAD9,0.1124884777017625,NA,0.9104361052195801,0.03171156604990868,0.1889193960287527,1.4524315194002016e-14,NA,41,42,42,2.22202611539009e-06,0.06805588604420491
ENSG00000270210.1,RP11-373D23.3,-0.11211734477737134,NA,0.9107303649914371,0.016271125646380898,0.13750678377857986,5.774109653240938e-10,NA,9,10,10,0.0036638600354388477,0.06466767312361348
ENSG00000219200.11,RNASEK,0.11195265529650153,NA,0.9108609460917845,0.0008787268002039849,0.01672868168982121,0.04157448144413027,NA,2,2,2,0.889096319391062,0.033245345742382776
ENSG00000165899.10,OTOGL,0.11173893055768594,NA,0.9110304104832043,0.0025342089885085125,0.016519453532479213,0.04309226321484382,NA,20,21,21,0.0074721342703575975,0.05575823026967199
ENSG00000156411.9,C14orf2,0.11127676533207093,NA,0.9113968795429352,0.008749278044225001,0.09210140259889277,6.724698633349536e-07,NA,23,23,23,0.3049688419897829,0.04611887222568721
ENSG00000163682.15,RPL9,0.11062993938008674,NA,0.9119098050157727,0.10750477543762856,0.6037576483113462,4.0104499643822705e-59,NA,18,19,19,4.839136696851454e-05,0.1576710884394878
ENSG00000115364.13,MRPL19,-0.11061596010057455,NA,0.911920890828158,0.04655577976594917,0.3447705412090082,2.5414995269304048e-26,NA,31,32,32,0.018918165389880583,0.05697484873856647
ENSG00000171103.10,TRMT61B,0.11047400934280337,NA,0.9120334612244655,0.059199502037205386,0.2339684776439705,1.9605455034056446e-16,NA,47,53,53,0.07452000143259198,0.0645337368396595
ENSG00000042317.16,SPATA7,0.11045216326082237,NA,0.9120507858545224,0.005346601729470091,0.05510970544484674,0.00016140307908798484,NA,27,27,27,1.5885557877554985e-05,0.0361526144288059
ENSG00000051009.10,FAM160A2,-0.11030671663070392,NA,0.9121661306716745,0.057988285814507705,0.2768238212085856,4.3130750266474745e-20,NA,92,99,99,0.005626348691054811,0.15100700599481376
ENSG00000169313.9,P2RY12,0.11029409975428726,NA,0.9121761364311348,0.035772076992087495,0.08024886392896166,3.238334307398128e-06,NA,89,93,93,0.0029547851256696636,0.2354629057462137
ENSG00000258227.6,CLEC5A,0.10996833846138485,NA,0.9124344848366908,0.0026461061352203094,0.015756468092978176,0.0485665350443032,NA,6,6,6,0.4575335559317063,0.09337709810986516
ENSG00000251363.2,RP11-129M6.1,-0.10980373990984701,NA,0.9125650249633853,0.008415506629026449,0.022016247969846074,0.01977322208730267,NA,9,9,9,0.041619212766478036,0.05879311935264943
ENSG00000104442.9,ARMC1,0.10970497921545556,NA,0.9126433514120937,0.0006511592235777271,0.07227598495326089,1.6085586499821883e-05,NA,2,2,2,0.8622567636816905,0.036535025086560785
ENSG00000105750.14,ZNF85,0.1095632056665857,NA,0.9127557925524412,0.014407092025570632,0.1208368160985204,6.298543951954267e-09,NA,38,41,41,0.11903864829479706,0.09933298696370553
ENSG00000137563.11,GGH,0.10924536634755133,NA,0.9130078784677881,0.025219549518511877,0.25330652031735545,1.1184458509627466e-18,NA,49,49,49,6.311225245621422e-05,0.040358694787997834
ENSG00000143815.14,LBR,0.10921779241303826,NA,0.9130297484233585,0.0006626629861537362,0.03941481907452821,0.0012256641841881506,NA,10,12,12,0.29609836708934933,0.04093376644536152
ENSG00000157106.16,SMG1,-0.10914661587750643,NA,0.9130862015951848,0.002019654986228789,0.015499536265290903,0.04934980311363135,NA,29,30,30,0.002673692754501664,0.035148680645974664
ENSG00000152291.13,TGOLN2,-0.10890348208396,NA,0.9132790447707609,0.014884063850357074,0.17899650504087716,1.7315965228296875e-12,NA,39,42,42,0.10361849062075197,0.11440033698370902
ENSG00000065457.10,ADAT1,-0.10833163711917307,NA,0.9137326274927446,0.11462533765354554,0.4509467930964549,6.312484242039345e-37,NA,19,21,21,1.6111653091083528e-05,0.21094483113783696
ENSG00000185669.5,SNAI3,0.10831534519339141,NA,0.9137455505266379,0.0029836624860787742,0.04310147078281462,0.00095605447585275,NA,15,22,22,0.1515993392487667,0.047630872560199725
ENSG00000272129.1,RP11-250B2.6,-0.1082862491708288,NA,0.9137686300455976,0.04131300565607552,0.16875775422912967,4.884978651953829e-12,NA,28,29,29,0.056966807722716624,0.09929902637132887
ENSG00000179104.8,TMTC2,0.10821811950355043,NA,0.9138226720790265,0.0034883814615225884,0.04040888457149715,0.0013244417925220668,NA,30,32,32,0.13531187492938837,0.045997732016540144
ENSG00000160284.14,SPATC1L,-0.10792370106606118,NA,0.9140562161955668,0.23297432955565536,0.5137389649671287,9.320127460094468e-47,NA,49,55,55,0.0638963131054067,0.31776552926485085
ENSG00000197140.14,ADAM32,-0.10766711361769665,NA,0.9142597573577351,0.01761710418753048,0.1092020578121162,5.980433038710816e-08,NA,27,27,27,0.2275000442440639,0.18999561759314829
ENSG00000125814.17,NAPB,0.10755905566081925,NA,0.9143454773499531,0.0013547475228036245,0.020375354501014516,0.024779556707734456,NA,50,51,51,0.001555025937534101,0.037065729451410935
ENSG00000162066.14,AMDHD2,0.10752258483561675,NA,0.9143744090755561,0.001091278972277307,0.08949136089209538,1.4279812004343055e-06,NA,12,15,15,0.6659088694480912,0.028997066437527863
ENSG00000178467.17,P4HTM,0.10742960513295405,NA,0.9144481689081689,0.0022498097466093128,0.061868428199031635,7.552461639514519e-05,NA,11,11,11,0.0018070639349204378,0.11044557345680288
ENSG00000183569.17,SERHL2,0.10709409779177326,NA,0.9147143295193011,0.026661822419777017,0.14755040785880533,2.573650833996357e-10,NA,22,26,26,0.0018263325679743255,0.16282156304237266
ENSG00000128040.10,SPINK2,0.10658883789365997,NA,0.9151151742046038,0.0070485795786284795,0.05187925782632356,0.00022342609157518644,NA,18,19,19,0.02831142764368912,0.2526282363317662
ENSG00000273142.1,RP11-458F8.4,0.10606880186704146,NA,0.9155277639795713,0.020749450578751272,0.2705141019795572,1.4737350409726303e-19,NA,38,38,38,0.008169460548586846,0.0389065843637294
ENSG00000175893.11,ZDHHC21,-0.10603749327539949,NA,0.9155526045337188,0.015598644752488332,0.12655145592898182,6.317780801142769e-09,NA,14,14,14,0.0006204208188663375,0.12358316098754972
ENSG00000133460.19,SLC2A11,0.10600918215535134,NA,0.9155750669345061,0.02798094191025706,0.20580444849981372,7.846032712165037e-15,NA,19,22,22,0.15806124197326343,0.28261772653209016
ENSG00000172869.14,DMXL1,-0.10591517843324467,NA,0.9156496511602376,0.004039534105474401,0.056787013121312964,0.00012102906663095245,NA,64,64,64,0.042830914360656946,0.04142787245226152
ENSG00000162882.14,HAAO,-0.10583593314963301,NA,0.9157125263551642,0.0068660109464315465,0.07079141793153745,1.7961175236313758e-05,NA,20,20,20,0.10090990257810657,0.03405671071385116
ENSG00000143643.12,TTC13,0.10576826292295266,NA,0.9157662180271391,0.0042006174728522775,0.10388318684267556,1.742121173373702e-07,NA,12,12,12,0.2001674493356801,0.05679467226869609
ENSG00000131845.14,ZNF304,-0.10523055240876061,NA,0.9161928679868576,0.017687824933673733,0.15897648066740686,6.2004237381976134e-12,NA,10,10,10,0.38537082282136625,0.08633827760528069
ENSG00000118432.12,CNR1,0.10522408746857186,NA,0.9161979977834797,0.0003453061394948668,0.01906990960664659,0.027976152873191197,NA,18,18,18,0.8630068723232097,0.02757558833435972
ENSG00000116127.17,ALMS1,-0.10504575835368225,NA,0.9163394996309266,0.0015204783653309734,0.0340937724771855,0.0030904505750612987,NA,14,14,14,0.4009325306036332,0.015763996950986132
ENSG00000182264.8,IZUMO1,-0.1045541743253429,NA,0.9167295789142165,0.06453807442599135,0.36918268963578826,3.6483513005578393e-28,NA,48,50,50,0.038535482588563694,0.2138168960627471
ENSG00000272983.1,RP11-508N22.12,-0.10441843882700232,NA,0.9168372905997824,0.0025477392776376974,0.03236643301151692,0.004127553876151928,NA,8,8,8,0.7706646805630146,0.06350085239532023
ENSG00000129990.14,SYT5,0.10400730066634302,NA,0.9171635549015814,0.002586886912815154,0.07652089861123175,8.862233643078952e-06,NA,4,7,7,0.6788502261509429,0.07738418842429476
ENSG00000197128.11,ZNF772,0.10390000063879537,NA,0.9172487066016524,0.045183436694923446,0.2557103985684181,1.2912780194545479e-18,NA,30,32,32,0.022671088043655658,0.08686664150480522
ENSG00000180316.12,PNPLA1,0.10362983473489636,NA,0.9174631104319982,0.007706214614647608,0.019767618433351508,0.02447503339444386,NA,33,36,36,7.233900236784785e-06,0.14127972177881706
ENSG00000226051.6,ZNF503-AS1,0.1034841982555027,NA,0.9175786901242584,0.08925168167446859,0.2976024360021145,1.2940784530869624e-21,NA,29,32,32,2.7163355585415786e-06,0.0889216851296596
ENSG00000112319.17,EYA4,0.10317739973061486,NA,0.9178221765702973,0.007281680153714893,0.042227231767661466,0.001103545978003335,NA,17,19,19,0.19194007869369722,0.07378727929050463
ENSG00000141569.10,TRIM65,-0.10307072465113863,NA,0.917906839592696,0.02050057376779648,0.02109001949214001,0.021911328195992983,NA,64,67,67,0.00021160444734487206,0.15351991295173512
ENSG00000007038.10,PRSS21,-0.10261603097583323,NA,0.9182677191295744,0.01619176431581703,0.06062398890409827,7.262369660538225e-05,NA,17,17,17,0.09274886147180512,0.1302780880243331
ENSG00000256061.7,DYX1C1,0.10253507772629451,NA,0.9183319715629603,0.009469737746061201,0.023925685101473644,0.013118962402278616,NA,24,24,24,0.08296689709568472,0.06443004675250462
ENSG00000071246.10,VASH1,-0.10243834425870278,NA,0.9184087494234491,0.00916874375985277,0.04718521154764517,0.0005295002833143841,NA,53,57,57,0.012344192421168756,0.10378114909361713
ENSG00000256250.1,RP11-989F5.1,-0.1022452141907097,NA,0.9185620400462822,0.10536634871400379,0.3562674861756881,4.3909038678686094e-27,NA,20,20,20,0.2179572358295213,0.041316671697340636
ENSG00000112530.11,PACRG,-0.10199876568471286,NA,0.91875765481618,0.03639255185884341,0.19029450633668432,2.772049153049477e-13,NA,11,11,11,0.31381833962601025,0.24227952864798424
ENSG00000273061.1,CDC37L1-AS1,0.10171810718791267,NA,0.9189804292361715,0.0028098971026947837,0.10648867205049174,9.485438813913263e-08,NA,25,29,29,0.18636368036432815,0.0474297619398429
ENSG00000168566.12,SNRNP48,-0.10171621830021471,NA,0.918981928574045,0.006260237483228351,0.030075825413873363,0.006323819826657154,NA,14,16,16,0.11021227909079748,0.14957763617917946
ENSG00000100271.16,TTLL1,-0.10166400574883842,NA,0.9190233733201771,0.013541329818567573,0.03297819498467428,0.0035729983171038744,NA,52,59,59,0.0038692210850100306,0.12267835355856214
ENSG00000264364.2,DYNLL2,0.101423965362896,NA,0.9192139129566547,0.005156778597451365,0.09200832286357916,6.970027136946739e-07,NA,18,19,19,0.6215814303438557,0.07015638692350701
ENSG00000124104.18,SNX21,-0.1014132673385076,NA,0.9192224049594016,0.0035655859775348513,0.06449311873133963,4.609803529917661e-05,NA,9,10,10,0.22444665570900768,0.0655546267226577
ENSG00000173950.15,XXYLT1,-0.101339629118219,NA,0.9192808586158809,0.0072165064901965805,0.09024751190663824,7.347464492883014e-07,NA,16,17,17,0.0016938209175354115,0.061820145178782974
ENSG00000130779.19,CLIP1,0.10128048214632572,NA,0.9193278095066856,0.002178377412212507,0.06675794677769989,2.5405472478532286e-05,NA,11,13,13,0.6782550768477611,0.020378312768832542
ENSG00000163655.15,GMPS,0.1011081021485331,NA,0.9194646464241328,0.0009886604943307427,0.01749797991058675,0.034094771030935056,NA,12,12,12,0.42750312408861524,0.0140765831114532
ENSG00000087077.13,TRIP6,0.10071218364693156,NA,0.9197789394010693,0.010887527412292649,0.1408332300931157,2.368241753274645e-10,NA,15,15,15,0.5686337194325597,0.04060802914588087
ENSG00000099937.10,SERPIND1,0.10054929276283277,NA,0.9199082511215702,0.022303638810381415,0.13049143262670196,3.013372895545235e-09,NA,30,31,31,0.7848020587435908,0.033235197249285836
ENSG00000176840.11,MIR7-3HG,-0.10011395607217229,NA,0.9202538556553194,0.0044065515060816435,0.04139554918168874,0.0012482018147899493,NA,17,22,22,0.004588114785945426,0.04375386132900504
ENSG00000138829.11,FBN2,0.10008763629319141,NA,0.920274750851227,0.011048693246430869,0.02149504705033748,0.020482950977680763,NA,15,17,17,0.22356112762409197,0.35049565828667395
ENSG00000197375.12,SLC22A5,0.09928983419504502,NA,0.9209081496695632,0.019714523477191305,0.1089183075326086,5.728325596817826e-08,NA,66,69,69,0.00031317982733311924,0.0815365322819235
ENSG00000110628.13,SLC22A18,-0.0991938392372743,NA,0.9209843663119418,0.0010722880065708524,0.05481829656097408,0.00017739271856722686,NA,14,14,14,1.2617860197453241e-06,0.03018020707419288
ENSG00000082258.12,CCNT2,0.09915622194371795,NA,0.921014233326626,0.009194249320279964,0.12889284317184838,4.6777230728988574e-09,NA,17,17,17,0.15301104615113992,0.04634545895506492
ENSG00000127366.5,TAS2R5,0.09901525632385336,NA,0.9211261568358462,0.014248827282672287,0.1110788125390743,6.341212486870164e-08,NA,13,14,14,0.7609546651298498,0.07062523844665113
ENSG00000183571.10,PGPEP1L,0.09898865947553111,NA,0.9211472743062292,0.02942110776905889,0.11800740316567886,1.9224437264118986e-08,NA,36,39,39,7.59394021523669e-08,0.09454814282848732
ENSG00000205853.10,RFPL3S,-0.09873323994086522,NA,0.9213500761428928,0.030105727922742097,0.08479224545368523,2.246923382583866e-06,NA,42,48,48,0.005420890984873933,0.11228998007933602
ENSG00000036448.9,MYOM2,0.09817493661165631,NA,0.9217933839913273,0.038917124089983095,0.13459629132008594,1.0832815102263566e-09,NA,10,10,10,0.33634591543062897,0.09441854871722086
ENSG00000013810.18,TACC3,0.09781395590482383,NA,0.9220800253174588,0.0005262441535554374,0.015530229869550716,0.047431616841290165,NA,14,15,15,0.07289909451078389,0.031561561998770256
ENSG00000158270.11,COLEC12,-0.0975518305239702,NA,0.9222881756586654,0.0015709613420109602,0.043854410299530286,0.0007938628858319363,NA,17,19,19,0.008944287709637792,0.05016056665790932
ENSG00000272970.1,RP11-329B9.4,0.09747897932489738,NA,0.9223460267901287,0.008227205726425137,0.061876545322710384,4.550380447673471e-05,NA,6,7,7,0.40189915713239366,0.16166647381701493
ENSG00000167081.16,PBX3,-0.09717977097804453,NA,0.9225836324202427,0.0019154493798394841,0.07987143344913505,1.6511602634908547e-06,NA,5,5,5,0.7494570056782933,0.01762027795044756
ENSG00000149679.11,CABLES2,0.09694920384507981,NA,0.9227667337944974,0.01703244362045228,0.1614569612832802,2.7621133801858396e-11,NA,10,10,10,0.0454905074612595,0.06615398322776521
ENSG00000164825.3,DEFB1,-0.09687816106458695,NA,0.922823152161071,0.007750856265001905,0.046499195681751385,0.0006159483592790143,NA,31,38,38,2.968747175985345e-06,0.11968994797239894
ENSG00000157191.19,NECAP2,-0.0967067813180097,NA,0.9229592543631552,0.0021739664033978098,0.02398758391507003,0.0143508752936675,NA,5,5,5,0.8418156217623637,0.0460708561974894
ENSG00000116288.12,PARK7,-0.0966971120150229,NA,0.9229669333624692,0.002536524146691475,0.13262607992338252,1.2789529889208396e-09,NA,4,4,4,0.9108469099500784,0.02909001592604798
ENSG00000137709.9,POU2F3,0.09669512350956089,NA,0.9229685125601328,0.06601506158385827,0.2027966561870396,1.264527625576808e-14,NA,52,55,55,1.431593942080237e-05,0.189404175310162
ENSG00000115884.10,SDC1,0.09605415574126956,NA,0.9234775612994419,0.007582085664827544,0.17173340253205366,6.210140621494515e-12,NA,20,24,24,0.33481370285562817,0.03554239752110324
ENSG00000157107.13,FCHO2,-0.09581458277320652,NA,0.9236678352696766,0.006176599736917011,0.11750112803037467,2.1509540614846136e-08,NA,14,14,14,0.4903268889444097,0.02116767094098124
ENSG00000261455.1,LINC01003,0.09575148713865346,NA,0.923717947897889,0.028771294272883618,0.23897889212211226,6.275544008392938e-17,NA,38,40,40,2.5183040155433623e-06,0.07537999126463875
ENSG00000113594.9,LIFR,-0.0955406369071164,NA,0.9238854142819974,0.011798037796686707,0.07515381808561104,9.66559410847608e-06,NA,68,74,74,0.00011905382250064477,0.05346005931474308
ENSG00000277144.1,RP11-59H7.4,-0.0953028795330725,NA,0.9240742555302859,0.012072245058412026,0.04171855442296442,0.0010556236971657408,NA,6,6,6,0.16148598283185656,0.30485587648236545
ENSG00000159173.18,TNNI1,0.09522513709003423,NA,0.9241360041969106,0.032118784374823,0.23705545917606466,6.67761141383978e-17,NA,12,12,12,0.03098309566592817,0.057002109117760526
ENSG00000170745.11,KCNS3,0.0951456622597423,NA,0.9241991293232095,0.013329263233810815,0.10189875087495777,2.238804368661777e-07,NA,38,42,42,0.037497338822890504,0.08605408282763996
ENSG00000166819.11,PLIN1,-0.09488470562414153,NA,0.9244064048485168,0.003556958387753482,0.02571296120412842,0.011259513545170607,NA,5,6,6,0.6876928798641244,0.16336446398937232
ENSG00000144488.14,ESPNL,0.09473122234716669,NA,0.9245283176427371,0.039704621543194804,0.3696814791383886,9.288836016611269e-29,NA,13,15,15,0.32785908734398006,0.20390024526624884
ENSG00000138759.18,FRAS1,0.0946038730738435,NA,0.9246294733686009,0.008796886482752283,0.08858142278592966,1.3203256915998094e-06,NA,25,27,27,0.10226231672288243,0.032415604089889624
ENSG00000176399.3,DMRTA1,0.09454053309671862,NA,0.9246797858596038,0.0015549831919232132,0.015737487523844768,0.049573712313959496,NA,11,11,11,0.11177671480114001,0.02321211096038249
ENSG00000008517.16,IL32,0.09402049784769126,NA,0.9250928739335189,0.0035095538790322835,0.06954854234086709,2.0593684946708303e-05,NA,3,4,4,0.8992395550396726,0.08123834498582709
ENSG00000147852.15,VLDLR,-0.09389971200367192,NA,0.925188822615847,0.0009396152886406383,0.031881481104987584,0.004520543273818985,NA,3,3,3,0.7989555950170419,0.032083455116528124
ENSG00000175772.10,LINC01106,0.09374537364680958,NA,0.9253114260000032,0.006242559930338672,0.017131552314126896,0.03883179208651777,NA,31,34,34,0.00014623945149790153,0.1033862021261214
ENSG00000203709.11,C1orf132,0.09288644279279865,NA,0.9259937762645277,0.0051441496398209625,0.034570982142402805,0.0034008755833899256,NA,22,23,23,0.38552142234003905,0.1736424410950171
ENSG00000056558.10,TRAF1,-0.09279008125580541,NA,0.926070331024675,0.001008776590684114,0.06676014043782481,3.088903263961413e-05,NA,6,6,6,0.9217640870364635,0.016022924131752374
ENSG00000100991.11,TRPC4AP,-0.09248520050413299,NA,0.9263125491099822,0.0018046074945509368,0.08191135810582544,4.313925530747821e-06,NA,7,7,7,0.8808657753531475,0.03528428723318889
ENSG00000184860.9,SDR42E1,0.0923163248612505,NA,0.9264467183916687,0.0020344177218277392,0.08552085901067527,2.387730436160153e-06,NA,2,2,2,0.6464026956248132,0.10179805784666912
ENSG00000136108.14,CKAP2,0.0922916888695476,NA,0.9264662915094595,0.04385798460359842,0.3097967132444265,8.735784039198577e-23,NA,47,49,49,0.017860161944964727,0.07337308348791814
ENSG00000198336.9,MYL4,0.09203637143664027,NA,0.9266691419875182,0.03982477078760189,0.15928482436202046,2.7749734849524796e-11,NA,29,30,30,0.036013154946865,0.22270040784000927
ENSG00000213246.6,SUPT4H1,0.0919914202430862,NA,0.9267048563415697,0.002553537575304657,0.06543982114376598,2.8950310031070643e-05,NA,5,5,5,0.816045073312777,0.023942055352133382
ENSG00000272279.1,RP11-157J24.2,0.09156881891022464,NA,0.9270406262415687,0.07668993484114518,0.2654903905867704,3.288547481007291e-19,NA,22,22,22,0.007632662780102575,0.1747240459662954
ENSG00000099821.13,POLRMT,0.09156215187994012,NA,0.9270459235087127,0.00901476586406227,0.03405917923030073,0.0034714726890985705,NA,33,42,42,0.007679510957762602,0.12178287261689165
ENSG00000119725.18,ZNF410,0.09152836456364788,NA,0.927072769160268,0.001742002744958782,0.03534115397827345,0.0027678886607690398,NA,22,22,22,0.5359836122239598,0.024240466897802168
ENSG00000165832.5,TRUB1,-0.09138559909589343,NA,0.9271862041227569,0.006795157107031088,0.08166755767027081,3.8567015513304725e-06,NA,35,37,37,0.30880827069310224,0.035587175301891615
ENSG00000167595.14,PROSER3,0.09132884212916,NA,0.9272313010443578,0.009206822765280539,0.12132189422170048,9.465809354267099e-09,NA,19,25,25,0.2753336993098592,0.06099491391715017
ENSG00000151233.10,GXYLT1,-0.09083573549856912,NA,0.9276231145930424,0.004505422945757744,0.09019770624965504,8.187205806465209e-07,NA,13,13,13,0.9160890599948056,0.030092266392068013
ENSG00000172171.10,TEFM,0.09047596366723915,NA,0.9279089938173866,0.002660077582658721,0.041667432864326004,0.0011452593475285908,NA,6,7,7,0.14682385507216303,0.03858016389883962
ENSG00000171603.16,CLSTN1,-0.0901186284315862,NA,0.9281929461036255,0.008284465384342424,0.04006855995604869,0.0012052873144456635,NA,52,58,58,0.0009605037199482364,0.12009184739576582
ENSG00000065665.20,SEC61A2,0.08986367162797078,NA,0.9283955501521274,0.00619989969362399,0.099141667373572,8.47262042508858e-08,NA,16,17,17,0.2740279798758545,0.04781978738073967
ENSG00000126267.8,COX6B1,0.08972322541439659,NA,0.9285071591651776,0.0011006678592606007,0.038570633655715725,0.0016521914081403116,NA,5,5,5,0.2119208374460655,0.029299121521472637
ENSG00000241954.1,RP1-149A16.17,-0.08967211663895097,NA,0.9285477743507052,0.012355257267238275,0.022366289986415263,0.018272871808849463,NA,11,13,13,0.6270308523374564,0.22261090412037995
ENSG00000175707.8,KDF1,-0.08942717420528637,NA,0.9287424280918409,0.004470014935205595,0.04151961761806101,0.0011062615356914726,NA,31,33,33,0.012062336486845267,0.0419068065286663
ENSG00000172236.16,TPSAB1,0.08927801560273774,NA,0.9288609652982922,0.004978805240894788,0.038444253942354366,0.001607226476476509,NA,8,9,9,0.00017048378573208424,0.10694435141803924
ENSG00000127463.13,EMC1,0.08915964775486834,NA,0.928955034036939,0.0353264743321563,0.3251880280654664,1.336987565640898e-24,NA,22,22,22,0.10244996514758882,0.05823218408828365
ENSG00000118939.17,UCHL3,-0.08909608112118407,NA,0.9290055518225278,0.006781766917688142,0.10482858844495907,1.5069436595673008e-07,NA,16,16,16,0.04521335576193801,0.06572789832797576
ENSG00000182446.13,NPLOC4,-0.0890873332573031,NA,0.9290125039625141,0.01215124340723813,0.22516784048965188,7.659146515534319e-16,NA,18,20,20,0.12488993120522894,0.1450590070780969
ENSG00000106927.11,AMBP,0.08903672546148302,NA,0.9290527233138667,0.001489412220618016,0.04737174903733566,0.0004750413788856701,NA,1,1,1,0.9290527233138667,0.06046813914328365
ENSG00000198951.11,NAGA,-0.0888666135134764,NA,0.9291879170976226,0.0031556006493635427,0.17998701272792478,2.7322809363111293e-13,NA,4,9,9,0.41186295550402285,0.04207329406182855
ENSG00000138821.12,SLC39A8,0.08880023430064435,NA,0.9292406714831195,0.017828442079788363,0.06425381626745337,4.750875248895575e-05,NA,49,51,51,0.0016824486025139253,0.4729405512344656
ENSG00000134545.13,KLRC1,-0.08876435673286161,NA,0.9292691850426362,0.0017605985983797038,0.03447682798626102,0.003348725878125809,NA,5,5,5,0.34827775652597914,0.06788214675390165
ENSG00000180785.8,OR51E1,-0.08862766982618162,NA,0.9293778172696257,0.030984146022524025,0.123548655277291,5.231251517150335e-09,NA,47,49,49,0.402470551465389,0.06482741116807983
ENSG00000189190.9,ZNF600,-0.08856742260852761,NA,0.9294256992995511,0.02658939982239812,0.4562096530833781,1.660789959435564e-37,NA,47,52,52,2.6921753225979466e-10,0.16053753234883322
ENSG00000047579.19,DTNBP1,0.0885669999339616,NA,0.9294260352249497,0.03943805714020976,0.13035847460092176,2.857920283971303e-09,NA,96,99,99,1.2505913768495928e-07,0.2113300058778985
ENSG00000154781.15,CCDC174,-0.08856001063251966,NA,0.9294315900532557,0.010345247564055951,0.05952715756474684,9.111284128552756e-05,NA,29,31,31,0.11406741341444501,0.06633543257223623
ENSG00000265750.1,RP11-799B12.4,0.08844514287488055,NA,0.9295228830270116,0.008429603390589428,0.06495154772645118,4.1725455050847295e-05,NA,12,13,13,0.1985823406377798,0.04570991297396999
ENSG00000255772.5,LINC01479,0.08833999334514138,NA,0.9296064530980201,0.015178875235815095,0.07968181936036307,2.970464503175747e-06,NA,29,29,29,0.026036414841232366,0.11141873010613147
ENSG00000110514.19,MADD,0.08802912296154264,NA,0.9298535292106657,0.010219454727241789,0.08062393033372689,4.53887520330222e-06,NA,24,25,25,1.0698163521601668e-08,0.13769834698069647
ENSG00000100288.19,CHKB,0.08799602444820184,NA,0.929879835917199,0.03180070398782832,0.2261097315285175,4.223247214381581e-16,NA,55,59,59,7.83918323593967e-08,0.1217010855525332
ENSG00000241186.9,TDGF1,-0.08796920936170337,NA,0.9299011486107179,0.008387560960060715,0.1109396360170304,6.107564400463875e-08,NA,5,5,5,0.8901552515813516,0.1072223107840145
ENSG00000265808.3,SEC22B,-0.08794214517866554,NA,0.9299226593377266,0.0008551436746564019,0.01670941168570168,0.0420541514196152,NA,2,2,2,0.9283977576184685,0.04338748101035879
ENSG00000198598.6,MMP17,0.08740113214810782,NA,0.9303526695000659,0.005452361625151081,0.1847040491159358,5.272013912543815e-13,NA,6,7,7,0.18889823727224486,0.03980614886766617
ENSG00000196177.12,ACADSB,-0.08735556105552866,NA,0.9303888914302056,0.006521820747973219,0.02061242439753915,0.02188547541784488,NA,53,53,53,0.013647795729926943,0.07213724512237647
ENSG00000148824.18,MTG1,0.08695646937695756,NA,0.9307061133897276,0.006483556858928877,0.15721280330144566,4.1492072120751727e-11,NA,13,13,13,0.06074903074270229,0.05422249813311916
ENSG00000105497.7,ZNF175,-0.08680341435452954,NA,0.9308277736082049,0.012265964298309517,0.1208711974931811,1.4728028235070566e-08,NA,22,24,24,0.07459016629828122,0.0503620356859803
ENSG00000157368.10,IL34,0.08655825053402018,NA,0.9310226525401146,0.002910111446309589,0.05146830563329808,0.0003137342805041793,NA,11,13,13,0.641409023648363,0.034921148352108584
ENSG00000122674.11,CCZ1,0.08654253236992018,NA,0.9310351469352536,0.3267431908034085,0.6048641482610934,7.377421971374598e-60,NA,82,101,101,9.437968827581185e-07,0.30163238187113645
ENSG00000244219.6,GS1-259H13.2,-0.0862972495167409,NA,0.9312301248888092,0.018359132975123073,0.06025406489529968,8.136022889198109e-05,NA,37,39,39,1.443604242335534e-06,0.12511481148894488
ENSG00000188643.10,S100A16,0.08608737021276941,NA,0.9313969634609254,0.0006138256511259144,0.018231910175317504,0.029779443726612093,NA,3,3,3,0.8991034954550223,0.014479650062522104
ENSG00000248508.6,SRP14-AS1,-0.08606975444978804,NA,0.9314109668308991,0.031220614888089415,0.3156442364171689,2.2216376409910038e-23,NA,24,26,26,0.0042107035149992,0.22478450078723947
ENSG00000153291.15,SLC25A27,-0.08562518574725846,NA,0.9317643766518858,0.007823178414409496,0.14527702831603798,4.012009706236464e-10,NA,38,40,40,0.23234341561253935,0.027671120659382074
ENSG00000205038.11,PKHD1L1,-0.0853963691698299,NA,0.9319462796030211,0.012965266311509023,0.04210331896258086,0.0010104576084149924,NA,15,15,15,0.04758756322649317,0.09225176711939714
ENSG00000251226.1,RP11-469N6.1,0.08528884182148135,NA,0.9320317621464929,0.0660879256482503,0.24638829723189565,1.2955768404521526e-17,NA,7,8,8,0.14294348163783654,0.15256727377740073
ENSG00000110108.9,TMEM109,-0.08503778393876701,NA,0.9322313522479575,0.0018947046383646163,0.01775449566678181,0.0353798329470495,NA,14,14,14,0.019442487474352437,0.0280557661256046
ENSG00000166140.17,ZFYVE19,0.08500800810964765,NA,0.932255024206456,0.012408557759781867,0.2553311463870811,4.373566311675535e-18,NA,41,42,42,0.002214700997046397,0.0724790967890272
ENSG00000189430.12,NCR1,0.0845157945209291,NA,0.9326463455578766,0.0030153270710666087,0.0218152717488812,0.019526567120265025,NA,5,7,7,0.8277495487331811,0.12079106200004415
ENSG00000121350.15,PYROXD1,0.08444773765490035,NA,0.9327004536463089,0.041387040004412776,0.2938741535059583,1.5422306190636565e-21,NA,81,82,82,0.0006578382715421533,0.043085463897206064
ENSG00000154743.17,TSEN2,-0.08443207023202615,NA,0.932712909954531,0.00401775684318236,0.07667239128988852,6.1399559620402915e-06,NA,8,8,8,0.4959794787772731,0.057561842314065234
ENSG00000230939.1,RP11-314C16.1,0.08416263391865744,NA,0.9329271265584477,0.058299134772259974,0.12360682815676427,8.607086689480852e-09,NA,41,43,43,0.01685522694855147,0.3331083038461418
ENSG00000124713.5,GNMT,0.08392649538875442,NA,0.9331148735983873,0.005453815248921998,0.05722038422051711,0.0001293972880949242,NA,18,20,20,0.019899532143774573,0.03884455541698431
ENSG00000169246.16,NPIPB3,-0.08391597256532407,NA,0.9331232400831758,0.011540152692485327,0.02134452287559676,0.021217264297093627,NA,23,27,27,0.07556342316214536,0.12309440764959492
ENSG00000155760.2,FZD7,-0.08364189397796047,NA,0.9333411570425411,0.001653655424777493,0.024564712644864626,0.013395592444054298,NA,9,10,10,0.09705821856297107,0.012919611648308548
ENSG00000129968.15,ABHD17A,-0.0836195379800108,NA,0.9333589322784704,0.0004837219780320271,0.032395688115981536,0.0044051644421158175,NA,2,2,2,0.8753544380694875,0.019252928692402527
ENSG00000136824.18,SMC2,0.08348218788055994,NA,0.9334681399605812,0.0029815824835775187,0.06609315047905358,3.284847973367782e-05,NA,11,11,11,0.7931810402329427,0.03429784261739384
ENSG00000141519.14,CCDC40,-0.08338160058405093,NA,0.9335481181670878,0.023133496123601847,0.2588747346329105,2.8626565568261048e-19,NA,7,8,8,0.003785251908935911,0.14248819709561278
ENSG00000103249.17,CLCN7,-0.0830732509950007,NA,0.9337932949246653,0.027014076465906443,0.2263036235112581,4.762091011740255e-16,NA,31,35,35,0.0002946593420829194,0.09914799103397924
ENSG00000172671.19,ZFAND4,0.08295081022279618,NA,0.9338906525024079,0.014360717169181957,0.04262903512020736,0.0009478161903930113,NA,51,58,58,0.14813157274427072,0.1383102644678057
ENSG00000112249.13,ASCC3,-0.08280829283890692,NA,0.9340039750460165,0.011464881529009839,0.01586248554193836,0.04261342818150517,NA,35,35,35,0.054621908337426514,0.05748293091579645
ENSG00000115239.21,ASB3,0.08256845360418796,NA,0.9341946859719876,0.011933423735952058,0.02682146511122228,0.009462915177226174,NA,45,49,49,6.844733398209315e-05,0.1296007658184502
ENSG00000233569.1,RP11-500B12.1,-0.08175289150114295,NA,0.9348432177495979,0.043787975803473635,0.2529167680795214,3.588405564602388e-18,NA,34,34,34,0.0004969364712278124,0.05735394005463626
ENSG00000167815.11,PRDX2,0.08163158947897185,NA,0.934939680345146,0.0016350113883470932,0.032684148834860816,0.004039783128504941,NA,22,24,24,0.012659307150537601,0.05705949597607341
ENSG00000163444.11,TMEM183A,-0.081400269943257,NA,0.9351236344410899,0.004906690464756136,0.060076023369450074,7.060604773399549e-05,NA,8,8,8,0.2210690010689299,0.03349719857739821
ENSG00000116819.6,TFAP2E,0.08137667877618159,NA,0.9351423952295401,0.04026359906135829,0.21383707740237934,3.1497902795096675e-15,NA,16,16,16,0.7001030249523266,0.059410028686023963
ENSG00000159399.9,HK2,0.0813335325714127,NA,0.9351767071826269,0.0027032836736942097,0.0680556778695086,1.6791559420493387e-05,NA,15,16,16,0.09512836012240619,0.03423655206138529
ENSG00000108107.14,RPL28,-0.080967433055454,NA,0.9354678520995019,0.014064215964114397,0.20097076121798002,1.6596857348607903e-14,NA,8,9,9,0.8050396755732365,0.13583124845863898
ENSG00000183475.12,ASB7,0.0805417674155698,NA,0.9358063785204442,0.009871504196334296,0.024729609349354892,0.011761603598304802,NA,43,49,49,0.0008731140761912626,0.09966179319827603
ENSG00000122783.16,C7orf49,-0.08048082651006057,NA,0.9358548449917313,0.0051373985177010405,0.0979805243833107,1.5226313826293747e-07,NA,16,16,16,0.22271699429362712,0.08124752911838799
ENSG00000100029.17,PES1,-0.07990627675878723,NA,0.9363117976639397,0.003769079129166206,0.09841823455628744,2.6252150241359464e-07,NA,16,16,16,0.3302368453786232,0.03999293450002543
ENSG00000267475.1,CTD-2538C1.2,0.07941341397411615,NA,0.936703799529899,0.005155332020789802,0.05613932064448302,0.0001638996637410953,NA,12,12,12,0.08726932695325605,0.04969390407310414
ENSG00000170634.12,ACYP2,-0.07922547722806449,NA,0.9368532803823999,0.04675148711002801,0.1818406564697872,8.353616897021591e-13,NA,47,47,47,0.0022721574004162253,0.07859155999136093
ENSG00000261390.5,MAFTRR,0.07921200092270747,NA,0.9368639992319056,0.07327275249931181,0.2882436050862587,2.2103428675299e-22,NA,7,7,7,0.9062700900069575,0.1865878896329836
ENSG00000005379.15,TSPOAP1,-0.07907691378424238,NA,0.9369714461310799,0.0044937870085787895,0.07056558345032209,1.843928453392213e-05,NA,9,9,9,0.5028561077102834,0.06801940367220699
ENSG00000186684.12,CYP27C1,-0.07905455140926179,NA,0.9369892330413827,0.0020619517069116753,0.04292587990717616,0.0009961029026480512,NA,7,8,8,0.6494694925548631,0.031757838981350366
ENSG00000129467.13,ADCY4,0.07871837076791988,NA,0.9372566330626874,0.0037799315834229066,0.0773987525503249,7.1615364511211225e-06,NA,11,11,11,0.4017248725290522,0.024809508032698976
ENSG00000162873.14,KLHDC8A,0.07811707268390358,NA,0.9377349266553252,0.003461895394343049,0.0797762782314138,5.1670692192643474e-06,NA,7,8,8,0.700388788499645,0.034501899128272034
ENSG00000130595.17,TNNT3,0.07792973455262936,NA,0.9378839465760022,0.0046193839870825775,0.016696974751527628,0.042480756923415235,NA,14,16,16,0.02366164136415557,0.05445425573659661
ENSG00000196730.12,DAPK1,-0.07704314891657138,NA,0.9385892190820305,0.033235404556101425,0.1682518882446124,8.188238876803225e-12,NA,45,47,47,0.33678360113724026,0.07693805678558971
ENSG00000116874.11,WARS2,0.07666414342056918,NA,0.9388907299633847,0.06512490044433555,0.4795727407817805,3.8138584647473447e-41,NA,26,26,26,0.7010450657467916,0.09364614875766304
ENSG00000170448.11,NFXL1,0.07643090424312067,NA,0.9390762834769203,0.005040276932807864,0.15769277793401493,4.321200813618136e-11,NA,23,24,24,0.11200875806022532,0.018592368009808447
ENSG00000172795.15,DCP2,-0.07638912089053342,NA,0.9391095245881197,0.008602817539072598,0.12140087626451032,1.3102593443977844e-08,NA,39,41,41,0.0746427913785385,0.03795318374457296
ENSG00000250479.8,CHCHD10,-0.07627662989037921,NA,0.9391990183132649,0.003292562906292753,0.017782143888983405,0.03477781995614163,NA,24,28,28,0.00029897487299465164,0.03931475605253037
ENSG00000260778.5,RP11-304L19.13,-0.0762563088944363,NA,0.9392151850362779,0.012170101867006124,0.0884980583873247,9.901921463877138e-07,NA,6,7,7,0.3759482609475112,0.0706272667647538
ENSG00000162819.11,BROX,0.07569129617752496,NA,0.9396647007733612,0.002513135522008376,0.0820780817141121,3.022964890800237e-06,NA,8,8,8,0.13542769297800908,0.161275647216436
ENSG00000187676.7,B3GLCT,-0.07562924105129619,NA,0.9397140720856098,0.028875735237964304,0.11944084433904938,1.8366120001952685e-08,NA,42,47,47,1.0248539779983525e-12,0.07179989020974675
ENSG00000177045.7,SIX5,-0.07533833991854885,NA,0.9399455173026277,0.0038297643659024193,0.0894739860339867,1.0796610756153988e-06,NA,23,23,23,0.20320706646482267,0.042206081168623136
ENSG00000082269.16,FAM135A,-0.07525583635970513,NA,0.940011159270874,0.014991751947447812,0.01856956598830881,0.0311397208644699,NA,50,51,51,0.00014340661574832332,0.155940275209916
ENSG00000033050.7,ABCF2,-0.07505529582049594,NA,0.9401707162162822,0.007175569544427055,0.1953295884252237,1.4258421912118205e-13,NA,24,24,24,0.0014315392510231124,0.0293824634837856
ENSG00000215305.9,VPS16,0.07460576104867453,NA,0.9405283902468852,0.004440126742411515,0.07222005761370084,1.678828990357858e-05,NA,12,12,12,0.09221360141884138,0.0439001267000625
ENSG00000242247.10,ARFGAP3,0.07431847581015844,NA,0.9407569761138219,0.0007553953374560131,0.04758170723039309,0.000470641923321039,NA,7,7,7,0.3341620546088143,0.022857492500311632
ENSG00000119977.20,TCTN3,-0.07417006503046324,NA,0.9408750648694593,0.014732256103442523,0.13957800974756193,5.915894390356163e-10,NA,37,37,37,0.6082579649559563,0.059030968855146825
ENSG00000112855.14,HARS2,0.0741490756757662,NA,0.9408917659632947,0.003468602162932223,0.02839407165849585,0.007439683695892808,NA,34,35,35,0.001374420031814117,0.06643514482536475
ENSG00000078618.21,NRDC,0.07414720792209152,NA,0.940893252124078,0.01031081362933864,0.05652958801620993,6.931975261489798e-05,NA,21,21,21,0.0008177426082967984,0.12478911544430135
ENSG00000116852.14,KIF21B,-0.07398655672752243,NA,0.9410210821189597,0.018559204820621428,0.035453350029263635,0.0027864147083561048,NA,88,89,89,5.61056126568524e-12,0.10484198490550742
ENSG00000100485.11,SOS2,-0.07387614407800702,NA,0.9411089382349518,0.0032636842516632265,0.04583427009424002,0.0006349886371775522,NA,21,23,23,0.0010386843369773362,0.0789270497527451
ENSG00000100023.18,PPIL2,0.07374472762840832,NA,0.9412135081552934,0.019528611983426945,0.23006532900343896,1.0440863098310344e-16,NA,14,14,14,0.16904305896476846,0.08578050683428963
ENSG00000004700.15,RECQL,-0.07359023749887039,NA,0.9413364394236308,0.0034104028630314617,0.10299439549616356,1.2700426791597866e-07,NA,8,8,8,7.385295291202417e-05,0.052834080834982915
ENSG00000137500.9,CCDC90B,0.07349196017292259,NA,0.9414146416282425,0.004301614927995065,0.09380734573916988,7.323731272377418e-07,NA,19,21,21,0.1248063557671952,0.029087504402157887
ENSG00000102606.17,ARHGEF7,-0.07342412895208021,NA,0.9414686172868476,0.022113580118328317,0.22431021493126035,5.040934293827597e-16,NA,18,18,18,0.3115996892248114,0.08018937441092726
ENSG00000234147.1,RP3-460G2.2,-0.07337646764554248,NA,0.9415065432048387,0.08233748487151987,0.22430056732658926,1.0357416750303e-15,NA,41,42,42,1.8407721293662832e-19,0.21154027360432864
ENSG00000133454.15,MYO18B,0.07324218025077336,NA,0.9416134015156047,0.028396448108268132,0.15497954015479362,6.985271996386507e-11,NA,10,11,11,0.43147173749285017,0.20086733901729711
ENSG00000213024.11,NUP62,-0.07311971008099381,NA,0.9417108572637397,0.00301226753572777,0.059498994463766885,0.00010082396335402992,NA,6,7,7,0.6133428371341267,0.031620956933265484
ENSG00000213931.5,HBE1,-0.07306088755727297,NA,0.9417576656504161,0.01699690620630694,0.020669781885541288,0.02300711014708257,NA,18,23,23,0.09845708785688571,0.18804829467004253
ENSG00000164949.7,GEM,-0.07297380175344868,NA,0.9418269650861789,0.003237628556503307,0.0520358707659693,0.0002374947908242797,NA,28,28,28,0.3613039938595435,0.044352905641238685
ENSG00000166822.12,TMEM170A,-0.07283411925329958,NA,0.9419381198105389,0.002299082747865035,0.037021808854863385,0.0020626985924636094,NA,16,16,16,0.6348129567768646,0.033019109187847034
ENSG00000161016.17,RPL8,0.07268183196320412,NA,0.94205930629926,0.03378758613019459,0.28453166821452924,3.1023014632664725e-21,NA,13,18,18,0.32577747623940745,0.03835878147786995
ENSG00000272733.1,KB-208E9.1,0.07252933928095567,NA,0.9421806575780928,0.22913364386165405,0.4624679268097793,3.3159869063570447e-38,NA,40,47,47,0.02159920974067019,0.2998547280180695
ENSG00000129103.17,SUMF2,-0.07249947798237731,NA,0.9422044208872157,0.012100197717346143,0.1873072402255304,3.9629475478206056e-13,NA,19,19,19,0.20693987694594784,0.04226146749662201
ENSG00000074181.8,NOTCH3,-0.07246883577401543,NA,0.942228805689659,0.0031111608822527205,0.026381761473896485,0.010458388327185144,NA,33,35,35,0.00024459721707459066,0.02576521074831868
ENSG00000156603.15,MED19,-0.072332585896818,NA,0.9423372328102169,0.021192225555130482,0.1178510294866264,1.9987370257043852e-08,NA,38,38,38,6.009980817812059e-47,0.028077269166259317
ENSG00000120262.9,CCDC170,0.07203722471927312,NA,0.9425722837490345,0.015484289043697096,0.02685317427349079,0.009827011066879386,NA,20,23,23,0.06273408489544671,0.10436543551068116
ENSG00000062370.16,ZNF112,-0.0720000208064316,NA,0.9426018912945806,0.030003977732740973,0.16206185458313765,1.8321175380600548e-11,NA,16,16,16,0.03611454517765557,0.04504773744016897
ENSG00000149534.8,MS4A2,0.07179359690338982,NA,0.9427661686032284,0.008208667925047042,0.039894494358415404,0.0014530322801568265,NA,17,17,17,0.5599655244538544,0.11540226988191787
ENSG00000139278.9,GLIPR1,0.07166053894643426,NA,0.942872060746562,0.00181051260388712,0.01953961654586717,0.026461107881964745,NA,15,16,16,0.013411629354197301,0.05557011623520845
ENSG00000157653.11,C9orf43,0.07135801717485885,NA,0.9431128218337135,0.021559695766147493,0.11727798745474588,1.2388007364005519e-08,NA,96,98,98,0.00010663983775343668,0.1297066091901552
ENSG00000214046.8,SMIM7,-0.07135357293847008,NA,0.9431163588053312,0.0022979491391690865,0.022725945115707274,0.017454010899709476,NA,18,20,20,0.018704551292967317,0.04336544452864655
ENSG00000137161.16,CNPY3,-0.07111636529632397,NA,0.9433051435255455,0.02280303278654813,0.2793138943050945,9.704881909462756e-21,NA,14,15,15,0.3898885310792797,0.0577637415108813
ENSG00000251369.8,ZNF550,-0.07077500596833616,NA,0.9435768242766039,0.019668300696266537,0.1342864097938651,2.056625008072145e-09,NA,11,14,14,0.5360495462199844,0.19047632079834012
ENSG00000151208.16,DLG5,0.07058364164740653,NA,0.9437291300112859,0.06868189445538488,0.4335621882140155,1.2904465124088267e-35,NA,43,44,44,0.002974612994624853,0.04891213104975139
ENSG00000082153.17,BZW1,0.07042099748303246,NA,0.943858579160204,0.0022530192696761818,0.023356247686572653,0.0145456056395574,NA,10,11,11,0.006926298008275947,0.023775374674753758
ENSG00000152154.10,TMEM178A,-0.0702244116336435,NA,0.9440150446123936,0.014730923521989861,0.044313417822231055,0.0005898532887884907,NA,59,61,61,1.7869961459066815e-08,0.07968128390885107
ENSG00000120868.13,APAF1,-0.07014851697964401,NA,0.9440754508169653,0.0070328803504297105,0.12635393177377513,2.3109699224550017e-09,NA,7,9,9,0.37915202144454596,0.05169645333197294
ENSG00000093072.15,CECR1,0.07008266175448152,NA,0.9441278666825457,0.08608060823182535,0.40878317096328337,2.1019715542761926e-32,NA,18,19,19,0.07186616112205109,0.17185395546763635
ENSG00000134077.15,THUMPD3,0.0697869193757029,NA,0.9443632586190166,0.015730974852388557,0.14885596995663344,2.375227759495982e-11,NA,36,38,38,0.11137530147213258,0.12896813175500094
ENSG00000204977.9,TRIM13,-0.06936729850735789,NA,0.9446972582079363,0.01954464962818943,0.0743003735420462,1.0740990931698244e-05,NA,48,48,48,0.00011045717582953241,0.17077098113882513
ENSG00000139974.15,SLC38A6,0.06936130142000158,NA,0.9447020316939336,0.0010239097015513512,0.016961350903224502,0.03785009452430671,NA,2,2,2,0.9353739901226428,0.06512436113845378
ENSG00000245685.6,AF146191.4,0.06917408470708891,NA,0.9448510510907858,0.002017868125036044,0.04941148650428411,0.0003719956400250444,NA,5,13,13,0.3454416191274873,0.09298917411929723
ENSG00000152926.14,ZNF117,-0.06870197965345287,NA,0.9452268423937756,0.04924581663792933,0.2354121864228517,3.643296945831537e-17,NA,33,33,33,0.09176226047758661,0.10423355841406952
ENSG00000123815.11,COQ8B,0.06867564613144343,NA,0.9452478039960204,0.013472047531713417,0.07696332493953947,8.53194238070792e-06,NA,35,40,40,3.0327421599368286e-07,0.09231319313028348
ENSG00000214279.13,SCART1,-0.06837494548634639,NA,0.9454871657495892,0.004797928522057786,0.09503837364740787,3.8841589609167096e-07,NA,4,4,4,0.8820220367667406,0.05874240078877599
ENSG00000147576.15,ADHFE1,0.06822528581795205,NA,0.9456062986919744,0.016897398377333783,0.2030670094345338,3.901055394556493e-15,NA,27,29,29,0.0012516969622116123,0.0526399760997385
ENSG00000113593.11,PPWD1,0.06796662939792093,NA,0.9458121987163272,0.017455549478293714,0.19288989638362325,1.4928200903704088e-13,NA,50,54,54,0.23123764503889854,0.028495532821532395
ENSG00000155926.13,SLA,-0.06776891547874513,NA,0.9459695887100541,0.0007983145457623436,0.01926312641012848,0.027564950428024308,NA,7,9,9,0.20094821756313075,0.03913201517845211
ENSG00000162415.6,ZSWIM5,-0.06755802605147891,NA,0.9461374693797512,0.0046578976061696555,0.0236919300381475,0.0146739961809008,NA,9,9,9,0.531962803844463,0.08190481914469758
ENSG00000072864.14,NDE1,0.0673189943721107,NA,0.9463277558664873,0.0031899368031548664,0.05540572851881792,0.00013906187525501728,NA,12,13,13,0.27159070126837914,0.028433525732971907
ENSG00000160345.12,C9orf116,0.06725890861790441,NA,0.9463755889500254,0.005666959913172253,0.01914886031795125,0.029055403225085825,NA,41,46,46,0.024519485106977004,0.08225889296265146
ENSG00000137441.7,FGFBP2,0.06707336020952966,NA,0.9465233015968144,0.004078791318449864,0.021034428300029488,0.019809139520407956,NA,35,35,35,0.05656911479986611,0.0344250801327336
ENSG00000134444.13,KIAA1468,0.06666813497312686,NA,0.9468459024608015,0.0008135430426159081,0.02994910301949908,0.006083503449562142,NA,12,12,12,0.018623258728222673,0.028399092391490282
ENSG00000183423.11,LRIT3,-0.06619103390047923,NA,0.9472257350321277,0.01156825532880658,0.061885653150997325,6.46544602971585e-05,NA,12,13,13,0.5326162248351269,0.029163506197123858
ENSG00000183336.8,BOLA2,-0.06617171906904377,NA,0.9472411123249463,0.0406478513645706,0.14830918693191014,1.310826386851473e-10,NA,9,10,10,0.019872976357019168,0.09717718846252624
ENSG00000113272.13,THG1L,0.06605350610054067,NA,0.9473352267211808,0.004696399954213965,0.07431663038401075,8.577007152045669e-06,NA,16,17,17,0.6360683977454489,0.052284159243895664
ENSG00000106686.16,SPATA6L,-0.06507203497984153,NA,0.9481166460813675,0.011395379661426376,0.1761350395496959,2.740502511526273e-12,NA,23,24,24,0.0004833037272031347,0.05085056766188994
ENSG00000013573.16,DDX11,0.0649198571061207,NA,0.9482378102593092,0.25451200066856733,0.7251678522649183,4.146963666776043e-89,NA,33,37,37,0.0009818118365203183,0.0796415085256398
ENSG00000110811.19,P3H3,-0.06472899518066767,NA,0.9483897764104174,0.008957837697261644,0.09860498031104054,2.3483537293401066e-07,NA,35,38,38,0.02526922057725028,0.0876288497402134
ENSG00000188185.11,LINC00265,0.06462788244128992,NA,0.9484702841338021,0.017924135615876687,0.14149185631255262,7.16440395266473e-10,NA,30,30,30,0.002156515227079478,0.11712734809961875
ENSG00000080493.15,SLC4A4,-0.06457851119393906,NA,0.9485095945716634,0.03551820813688908,0.19835571135432803,2.602682974598064e-14,NA,108,117,117,0.0846951940635384,0.129506388120131
ENSG00000182057.4,OGFRP1,0.06445645382052291,NA,0.948606779787753,0.009246123590135387,0.02907059514232224,0.007035340571791999,NA,16,19,19,0.39724197862817323,0.07764158230937182
ENSG00000165792.17,METTL17,0.06413845875109501,NA,0.9488599792178418,0.0015652908403527403,0.0601642952744014,8.603542808549544e-05,NA,8,9,9,0.02025296981998009,0.024605968922026124
ENSG00000256982.1,CTD-2555A7.2,-0.06390655446908947,NA,0.9490446332381074,0.0021025875810721604,0.0425320693314206,0.001104813586357402,NA,2,2,2,0.30474774759857415,0.06504901770293044
ENSG00000156564.8,LRFN2,-0.06302580299240106,NA,0.9497459573460918,0.024727833595813174,0.07707072649707919,6.881805172019771e-06,NA,50,52,52,1.9437888832066786e-05,0.08558618286026992
ENSG00000272566.1,RP11-462G22.2,0.06298757344484328,NA,0.9497763996263102,6.734965523087606e-06,0.0658993479545473,4.0697436392046116e-05,NA,1,4,4,0.9497763996263102,0.003911469590128281
ENSG00000168958.19,MFF,-0.0626789032573406,NA,0.9500221971169157,0.0032065199500812486,0.07957387441772537,5.6250192505073165e-06,NA,10,11,11,0.7054180476026355,0.08837479399193429
ENSG00000142544.6,CTU1,0.062469075200966215,NA,0.9501892882398015,0.005381956869633187,0.04818795198549063,0.00041054369964998544,NA,11,12,12,0.01473864535364644,0.05053532006075386
ENSG00000163945.15,UVSSA,-0.06199665607110457,NA,0.9505654949493869,0.05151633760824495,0.410067778293748,8.73268492121307e-33,NA,40,46,46,0.002267489144348673,0.13345383989386125
ENSG00000127578.6,WFIKKN1,-0.06160185273207273,NA,0.9508799014800015,0.055864419461688665,0.3976920527068846,5.832493979226757e-31,NA,11,16,16,0.0011251041313716397,0.21415529611658785
ENSG00000204237.4,OXLD1,-0.06145012694108386,NA,0.9510007322301964,0.0004739615141536764,0.03081601449030876,0.004409150054494707,NA,5,5,5,0.9448325508353017,0.017124236951429513
ENSG00000197728.9,RPS26,-0.06144776631200946,NA,0.951002612187003,0.3306667949610467,0.6545889379807729,3.3718411456280587e-69,NA,40,40,40,0.008179591188983409,0.21814134095438031
ENSG00000050130.17,JKAMP,0.061143409738114114,NA,0.9512449978298951,0.006113688588565689,0.07266355189502054,1.376283388507597e-05,NA,21,21,21,0.08012473181261962,0.03412928421428045
ENSG00000241945.7,PWP2,-0.060712341311641896,NA,0.9515883028681305,0.30242591812643327,0.5736054671786412,2.2300560606222116e-55,NA,17,20,20,2.160082983097609e-05,0.27984477459246965
ENSG00000173327.7,MAP3K11,-0.060493899723288176,NA,0.9517622742693457,0.00868917784796953,0.11770010035581065,1.4355089270299801e-08,NA,24,25,25,0.008832031722105987,0.07064853889452463
ENSG00000189129.13,PLAC9,0.060188102733533345,NA,0.95200582117984,0.004297316930400591,0.11970256132596645,1.0014680958458364e-08,NA,3,3,3,0.9249406258422987,0.04785140208964592
ENSG00000177409.11,SAMD9L,-0.060177504147401646,NA,0.9520142623274394,0.013667585229203484,0.18276969533102427,5.734761155631454e-13,NA,22,23,23,0.00021957920212577745,0.03722393174284586
ENSG00000087076.8,HSD17B14,0.060036544582110773,NA,0.9521265288036914,0.03475517592979111,0.2102918405486635,1.1199107465941212e-14,NA,56,62,62,1.4036108582736443e-05,0.18697527511965994
ENSG00000100453.12,GZMB,0.059711073771565884,NA,0.9523857518797001,0.009823636199973083,0.044514833440033284,0.0007644966159976237,NA,23,23,23,0.01018427377234907,0.33145002116647604
ENSG00000180902.17,D2HGDH,-0.059684064259547344,NA,0.9524072639857423,0.039660223486715135,0.3756903960826963,2.989684722375266e-29,NA,29,35,35,0.19784761237367277,0.09667101398169696
ENSG00000244509.3,APOBEC3C,0.05960791450140657,NA,0.9524679147191839,0.007139686200224739,0.04852866532289882,0.00042395959543612446,NA,7,9,9,0.6903531649234809,0.08591931851788756
ENSG00000182670.13,TTC3,-0.05941696654527012,NA,0.9526199995846552,0.05600030361107116,0.3575330597233112,1.5201938600080197e-27,NA,69,70,70,0.09403036350809407,0.1375741101875048
ENSG00000139324.11,TMTC3,-0.059285622884010854,NA,0.9527246122486621,0.0054358540330012375,0.09281484313097443,3.9750030262603643e-07,NA,16,18,18,0.5149661369186833,0.12077140162060016
ENSG00000136827.11,TOR1A,0.059141164173593705,NA,0.9528396717340838,0.006372771925707416,0.11437286069345398,2.1048406709719895e-08,NA,27,28,28,0.16077273951710125,0.05547209647040492
ENSG00000176720.4,BOK,-0.05905946303311262,NA,0.9529047460660149,0.006341543948940926,0.10149846765807227,6.470285769029076e-08,NA,7,10,10,0.4039620466767183,0.10097404755378976
ENSG00000273456.1,RP11-686O6.2,-0.058481337372236306,NA,0.953365227669046,0.016609831351228815,0.11892311873157975,1.114506523529392e-08,NA,16,18,18,0.8287427624441184,0.07555667145002755
ENSG00000170092.14,SPDYE5,-0.058472878587950854,NA,0.9533719652727157,0.026513858328614553,0.1788641293997452,1.0929688446466103e-12,NA,7,10,10,0.08701076595889913,0.10854643604214237
ENSG00000170122.5,FOXD4,0.05839525871507989,NA,0.9534337913269404,0.018809819170977127,0.06625138262473318,3.709278020112026e-05,NA,24,28,28,0.0007050371415811826,0.12285239805924875
ENSG00000111275.12,ALDH2,0.05783765232968712,NA,0.9538779461419845,0.009005154153109159,0.057668710245263065,0.00013333064883444993,NA,23,26,26,0.1031468062299654,0.21858500650483784
ENSG00000136098.16,NEK3,-0.05777403572724739,NA,0.9539286201121765,0.016950124134845455,0.11915717584805817,9.844284964579228e-09,NA,16,16,16,0.7964514468794539,0.032611738370140364
ENSG00000145337.4,PYURF,0.057524131307716254,NA,0.9541276839286734,0.00027019947667163954,0.12041918855653645,8.483733462872137e-09,NA,2,3,3,0.9480650407558955,0.013196638472312991
ENSG00000110171.19,TRIM3,-0.05742610121938026,NA,0.9542057715391694,0.005313433709044727,0.0958077028545166,4.706137539145982e-07,NA,12,12,12,0.2775494753794959,0.04619783263655757
ENSG00000242612.6,DECR2,-0.05726393816814742,NA,0.9543349463666694,0.11776583120936865,0.5549567746639763,2.519312098234598e-51,NA,26,27,27,0.2624268503221857,0.17054291536863975
ENSG00000204946.9,ZNF783,-0.057208762365648376,NA,0.9543788982354566,0.01721865219030331,0.14584033438146207,1.1447373214499524e-10,NA,23,23,23,0.09846974162942294,0.08181726977530261
ENSG00000142484.6,TM4SF5,0.056881856547345996,NA,0.9546393072873537,0.0007042059157432065,0.01974100557204356,0.022742057759646002,NA,4,4,4,0.36951945880678705,0.04491033720924141
ENSG00000183161.4,FANCF,-0.05684332570054811,NA,0.9546700007935044,0.00542266604366837,0.08385860691921741,2.975148684290905e-06,NA,6,6,6,0.9300333964615263,0.04773297115853915
ENSG00000063854.12,HAGH,0.05652972550091381,NA,0.9549198158542884,0.030405426803277586,0.34785469653165624,1.0126449447997343e-26,NA,37,39,39,0.22573381609189236,0.0568219247623294
ENSG00000112357.12,PEX7,0.056492595974593954,NA,0.9549493936638267,0.004459257627153334,0.08723167967579479,1.768001894612598e-06,NA,17,17,17,0.13914988062409694,0.03873999608037828
ENSG00000175489.9,LRRC25,-0.05645754849944717,NA,0.9549773129442719,0.0006165811215918667,0.01969205829456861,0.025400219763016343,NA,5,8,8,0.8572200274879417,0.032041762525551964
ENSG00000132953.16,XPO4,-0.05595902295625203,NA,0.9553744509252893,0.004919693133206084,0.048244174821175684,0.0004921763381971116,NA,38,38,38,0.018006695278824113,0.05438299061768255
ENSG00000267454.5,ZNF582-AS1,0.055923861515234284,NA,0.9554024618326069,0.010430851714772099,0.1590254097746776,4.4795839683510254e-11,NA,19,19,19,0.031208396961519693,0.060283397880567385
ENSG00000120696.8,KBTBD7,-0.055794553662562855,NA,0.9555054737348428,0.008273556903428143,0.026685060071440742,0.00861263450467843,NA,43,48,48,0.0006825085415680795,0.13917117297346873
ENSG00000157895.11,C12orf43,0.05561088338729841,NA,0.9556517942342742,0.019914590742036817,0.1830559654307628,3.4727637084888274e-13,NA,16,17,17,0.008103024640246256,0.19355949262639235
ENSG00000174156.14,GSTA3,0.055594912133094934,NA,0.9556645177676485,0.02210301650814773,0.08108172014322992,4.538837306319137e-06,NA,62,65,65,1.5114143553645384e-05,0.15275542637759326
ENSG00000115368.9,WDR75,0.055204921890260626,NA,0.9559752078159853,0.0027294887490635533,0.03063430692111595,0.005332552705384428,NA,4,4,4,0.48280966820348414,0.05848799850985108
ENSG00000142082.14,SIRT3,-0.05509571273142986,NA,0.9560622117033475,0.005333323758052799,0.07797331160862299,5.973080592375625e-06,NA,25,31,31,0.2234868987265466,0.05748890763224743
ENSG00000136051.13,WASHC4,-0.055005135260917555,NA,0.9561343726420797,0.005027307853312554,0.060031270246828985,9.383480342024176e-05,NA,61,64,64,0.0004823052523847,0.04735331623776271
ENSG00000266714.6,MYO15B,0.05500210837502058,NA,0.9561367840970377,0.02051742517491198,0.1767134562410351,1.5032347701167007e-12,NA,76,84,84,4.103163445158798e-05,0.12389744904028815
ENSG00000139675.11,HNRNPA1L2,-0.05481642722142517,NA,0.9562847130493917,0.0012762610984428711,0.024581170379067582,0.013211997766308091,NA,5,5,5,0.07600306000784078,0.02353869982155415
ENSG00000254685.6,FPGT,0.05476246807064966,NA,0.9563277016508688,0.0143797207594651,0.1903540651311947,3.043414055187898e-13,NA,27,28,28,0.10879185964721018,0.09489122191058087
ENSG00000186017.14,ZNF566,-0.05467752148733715,NA,0.9563953778216542,0.0010357308894102233,0.015362282582704704,0.04741664157951711,NA,6,6,6,0.8498302626164332,0.02412736724091308
ENSG00000127995.16,CASD1,0.05462360564978939,NA,0.9564383322424488,0.002699396855561228,0.017040488125706563,0.038468268414417715,NA,29,30,30,0.0033023723901163156,0.029400327504640087
ENSG00000272031.2,ANKRD34A,0.054406087845563875,NA,0.956611628641329,0.00012281919474987064,0.04572320222637947,0.0007086967975369249,NA,1,10,10,0.956611628641329,0.01584477818142936
ENSG00000162825.16,NBPF20,-0.05440608784556389,NA,0.956611628641329,4.418830228978123e-05,0.10236894725679213,1.6409977140306482e-07,NA,1,17,17,0.956611628641329,0.009504005938742559
ENSG00000104361.9,NIPAL2,0.05426808565384235,NA,0.9567215760286332,0.010819879144427037,0.020763275528687942,0.022373143957144227,NA,43,47,47,0.053550976587479315,0.15819224744654067
ENSG00000171943.11,SRGAP2C,-0.05392775684595107,NA,0.956992722072322,6.110109453198292e-05,0.08439811200328193,2.0409145274423978e-06,NA,1,20,20,0.956992722072322,0.0111917787289977
ENSG00000151553.14,FAM160B1,0.05389152401697822,NA,0.9570215897083852,0.009631749258028812,0.07783083941032945,4.871487684846486e-06,NA,55,63,63,0.3023021703316887,0.14255034576753736
ENSG00000172590.18,MRPL52,-0.05382925669774614,NA,0.9570711998307881,0.0037648215642197037,0.022884291767912072,0.017165392027302873,NA,44,48,48,0.0014648632745107742,0.04630969051602458
ENSG00000077420.15,APBB1IP,0.05341745248512511,NA,0.9573992999924035,0.06259625000643604,0.2145934236526222,2.377267089982989e-15,NA,82,86,86,5.633342305509196e-06,0.1071861288334348
ENSG00000160200.17,CBS,-0.0528923270037586,NA,0.9578176980042362,0.10413663671943672,0.3348713025487932,5.322354325882829e-25,NA,17,17,17,0.03823045522937194,0.36633697453902747
ENSG00000186765.11,FSCN2,0.05288990452647021,NA,0.9578196281597982,0.0050787268936513,0.04907540896636164,0.00033473400985217983,NA,21,21,21,0.13425503789178847,0.08354882369443957
ENSG00000240654.6,C1QTNF9,0.052779999187872566,NA,0.9579071976207493,0.016999852662271584,0.10467843152896436,1.5630777584908904e-07,NA,9,9,9,0.6214726195396997,0.061444669116965576
ENSG00000173258.12,ZNF483,0.05262695194079424,NA,0.9580291421784505,0.022195541399768086,0.11785455982117052,1.1233599016163236e-08,NA,38,38,38,0.016295383693441114,0.15662838639268115
ENSG00000108591.9,DRG2,-0.05230431559042088,NA,0.9582862146820822,0.007964065074781104,0.06021091178187968,6.386393432465104e-05,NA,15,16,16,0.05855608938908638,0.06520830244795288
ENSG00000064932.15,SBNO2,-0.05192275499754537,NA,0.9585902428628855,0.00025210837821760043,0.02529713634452956,0.011467568177730592,NA,7,8,8,0.41471753817160717,0.01655125011646228
ENSG00000237753.1,AC079922.3,-0.05170541321431173,NA,0.9587634238902146,0.03027774835402446,0.23629082549956545,1.0831335128427674e-16,NA,30,32,32,0.3242222417284063,0.029848308020943137
ENSG00000173209.22,AHSA2,0.051550548519193905,NA,0.9588868234720929,0.030249964725718254,0.284007186086479,5.103201699879981e-22,NA,29,29,29,0.0010217702563077536,0.03888622536805362
ENSG00000272316.1,XXbac-BPGBPG55C20.2,0.051335509423513594,NA,0.9590581729677194,0.004338800559852977,0.13050012570249114,2.917261909096503e-09,NA,17,22,22,0.017536360605293514,0.06349988588032009
ENSG00000125618.16,PAX8,-0.051024473891057194,NA,0.9593060186008937,0.06432413732656188,0.2512305287450588,1.9977296950329713e-18,NA,9,9,9,0.09735378192255038,0.13657246826092065
ENSG00000146267.11,FAXC,0.05050455968355947,NA,0.9597203159416506,0.0018820606252567098,0.07370523453754822,9.79983904649523e-06,NA,2,2,2,0.9306528175805886,0.037256933951923116
ENSG00000137714.2,FDX1,0.05029206779222381,NA,0.9598896447573614,0.006201563344447539,0.110953392081461,6.366537195446348e-08,NA,28,32,32,0.09106286561108957,0.02178444520087253
ENSG00000115084.13,SLC35F5,0.049992372782069375,NA,0.9601284663615458,0.007844008403541113,0.19996173019777672,2.809148319295589e-14,NA,31,31,31,0.003266238797220408,0.028515236737496674
ENSG00000138621.11,PPCDC,0.04988321079459282,NA,0.9602154564910301,0.015014655814557583,0.2138941146648977,4.281550244388746e-16,NA,25,25,25,0.5784699125550458,0.024362909998307862
ENSG00000167525.13,PROCA1,0.04975103613161103,NA,0.9603207858324264,0.01998928434864613,0.1229102313020492,6.13759938212385e-09,NA,24,24,24,0.001358277294207198,0.07749324430449941
ENSG00000214491.8,SEC14L6,0.04958864723839115,NA,0.9604501936939082,0.039349677004239685,0.25769441261966264,1.4154312718780239e-18,NA,8,8,8,0.4881702898833552,0.14067261255922325
ENSG00000164181.13,ELOVL7,0.04919007226791596,NA,0.9607678228728963,0.01739301527992274,0.09732827101132883,2.5315852191451374e-07,NA,45,55,55,0.04514308227942914,0.11254578068474227
ENSG00000170365.9,SMAD1,-0.0491731166650989,NA,0.9607813351347899,0.0024370119376266996,0.027270529759031308,0.008216084931405916,NA,4,4,4,0.45171882895686544,0.2547092719282593
ENSG00000188725.7,SMIM15,-0.04914480672847293,NA,0.9608038959194287,0.0021664203874382972,0.03806110940828725,0.0019250439205726012,NA,19,19,19,6.429367201872694e-07,0.03210587773271552
ENSG00000167637.16,ZNF283,-0.048727784730481706,NA,0.9611362331582656,0.015439519038213799,0.0882413976697483,1.6819599364136645e-06,NA,38,43,43,0.009776895567094084,0.08645750230280001
ENSG00000144504.15,ANKMY1,-0.048717814920439764,NA,0.9611441784794295,0.010641289279278366,0.07172368036540687,5.1895391094347485e-06,NA,30,36,36,0.013220232952746753,0.0992590319350794
ENSG00000064687.12,ABCA7,0.04863354332954675,NA,0.9612113378724474,0.005680007389809425,0.0912797447868937,1.0419656843718578e-06,NA,13,13,13,0.2792924087292793,0.036886832212572836
ENSG00000165138.17,ANKS6,-0.04844970225377284,NA,0.961357849115097,0.0013785037717822168,0.01964605085771448,0.026826007350721548,NA,5,5,5,0.6416367262619136,0.04941028556371335
ENSG00000272674.3,PCDHB16,0.048421244381078796,NA,0.9613805285937708,0.017279510743072497,0.12784900482880454,5.8298215369504046e-09,NA,44,47,47,0.000964348686713947,0.09002605956275793
ENSG00000065268.10,WDR18,-0.04840746760504875,NA,0.9613915079955359,0.19033233153117415,0.5831758063771764,2.321387444840154e-57,NA,34,37,37,0.003407576192736048,0.5524543053959392
ENSG00000153294.11,ADGRF4,-0.048400588573543936,NA,0.9613969902424885,0.02484750186089512,0.0532015129573736,0.00018484370898706742,NA,61,61,61,0.0005672668701121941,0.08937716773669925
ENSG00000124164.15,VAPB,0.04837406142754874,NA,0.9614181310793557,0.023984899774273157,0.19703163037876034,6.976604627214508e-14,NA,48,50,50,0.06694777723044854,0.05782362171865753
ENSG00000198707.14,CEP290,-0.048326832617604724,NA,0.96145577019619,0.006411458656788302,0.09200921467339164,1.0212369636087143e-06,NA,89,92,92,4.415506988781563e-06,0.024423252244422128
ENSG00000118961.14,LDAH,-0.04831047132473282,NA,0.961468809389029,0.03786665995654585,0.22439555178385556,3.424903601606591e-16,NA,30,30,30,0.49269477300501974,0.07944752704257398
ENSG00000099899.14,TRMT2A,0.04815395596385095,NA,0.9615935454048703,0.002860031195531834,0.018440620746150844,0.02746666190892113,NA,21,23,23,0.0005931819423375255,0.051883957828566696
ENSG00000120675.5,DNAJC15,-0.04813534507840368,NA,0.961608377543305,0.12971916159755104,0.4640453698815177,2.179636996574939e-40,NA,12,12,12,0.6959992495698524,0.09810706081229473
ENSG00000214087.8,ARL16,0.04793778598774754,NA,0.9617658251304272,0.2620129294568865,0.615230334325925,9.513053148164564e-62,NA,16,18,18,0.1540985393064292,0.39174762310624905
ENSG00000123685.8,BATF3,0.047856479083186736,NA,0.9618306242825873,0.0009341027704333466,0.022892015507473242,0.016641098135139684,NA,10,10,10,0.9076168970063183,0.028900991990430107
ENSG00000066926.10,FECH,-0.04775228349400648,NA,0.9619136653950111,0.00883611861120806,0.04482189706974424,0.0007679088436396839,NA,30,32,32,0.017374651057312097,0.1851968828137172
ENSG00000117385.15,P3H1,-0.0477230214295322,NA,0.9619369865562222,0.0009349807207848495,0.01810708868944825,0.03244128058185896,NA,3,3,3,0.6485623764464149,0.03718948001796878
ENSG00000171476.21,HOPX,0.04768589512752553,NA,0.9619665753723681,0.0016433754535473033,0.020384205847239927,0.022578681156644017,NA,5,5,5,0.8396070811284579,0.07253450344922979
ENSG00000122367.19,LDB3,-0.04755735607017641,NA,0.9620690184745153,0.0037649232821017698,0.0861684833104492,1.9148959282792724e-06,NA,14,14,14,0.14651595211646065,0.028042339001271403
ENSG00000111181.12,SLC6A12,0.04721586753558665,NA,0.9623411811616029,0.04387634135681617,0.1941616976121824,1.1237439690907815e-13,NA,6,7,7,0.12953571279954035,0.1490365080440736
ENSG00000245937.7,LINC01184,0.047104312240971724,NA,0.9624300904833528,0.02643139691054008,0.18055431488969534,6.939295102834496e-13,NA,45,45,45,0.06060557711158128,0.1985687077628119
ENSG00000171763.18,SPATA5L1,0.04666385703417903,NA,0.9627811368570762,0.018095247388556956,0.12712536426304502,5.5367235336312634e-09,NA,12,12,12,0.016806283408832445,0.04460658406192075
ENSG00000188660.3,LINC00319,0.046646483726176774,NA,0.9627949836728813,0.020353861934522093,0.07090768742725018,1.8855394956416132e-05,NA,38,43,43,0.005384531278512002,0.1696845015791803
ENSG00000075643.5,MOCOS,-0.0466355840651888,NA,0.9628036708899355,0.02807893927580894,0.15831628053662042,3.9397079260261505e-11,NA,42,45,45,2.3249130929557664e-08,0.09700194940767966
ENSG00000172000.7,ZNF556,-0.04658249394494494,NA,0.9628459846909296,0.007757976951698749,0.02334760569640312,0.015260653297672256,NA,12,13,13,0.02011650620684605,0.10659156780107093
ENSG00000140265.12,ZSCAN29,0.04646030448415955,NA,0.9629433723329387,0.011299677904959466,0.11704585152152275,2.4447241605178926e-08,NA,23,23,23,0.28641179356798796,0.0267769223816329
ENSG00000184381.18,PLA2G6,-0.046369198553872414,NA,0.96301598608898,0.005571663497583888,0.06414170528699142,4.799498152659199e-05,NA,16,16,16,0.3240313654133745,0.05960605463729313
ENSG00000272630.1,RP11-344N10.5,-0.046157379649685394,NA,0.9631848123565482,0.01096774734275673,0.0610001481130296,7.204009341037069e-05,NA,34,36,36,0.08088382226039104,0.045751920700685636
ENSG00000100196.10,KDELR3,0.04596241267383575,NA,0.9633402085711169,0.00577355198481368,0.041742126906863394,0.0010577633666052858,NA,36,41,41,0.024109925952114877,0.09126424329210796
ENSG00000225706.1,PTPRD-AS1,-0.044992228760657275,NA,0.9641135032338132,0.027180640907838286,0.11377949410922808,3.1289043903003416e-08,NA,11,12,12,0.0013572137978912148,0.16065071756458285
ENSG00000189366.9,ALG1L,-0.04484840350982411,NA,0.9642281434599222,0.09880134052195808,0.2875540092580583,8.221847160746018e-21,NA,53,54,54,0.0009185593739660577,0.189145125797838
ENSG00000183662.10,FAM19A1,-0.0448199050872632,NA,0.9642508590694743,0.11879233907509408,0.3220293413708498,5.2058903476322965e-24,NA,45,45,45,0.0023760519941592503,0.5366650371528544
ENSG00000213793.5,ZNF888,-0.04480834292256685,NA,0.9642600750832404,0.003282875529818815,0.06314559476424203,5.283385476746764e-05,NA,26,30,30,0.0020064038650254813,0.05414618430434191
ENSG00000105373.18,GLTSCR2,0.04417162009599897,NA,0.9647676038481936,0.004154227983381867,0.06994946189864673,2.3881038779742825e-05,NA,22,22,22,0.009828843111738391,0.05219839543113406
ENSG00000137976.7,DNASE2B,-0.04395930431705868,NA,0.96493684293885,0.05187405254634628,0.3136269392373345,3.0442777854159516e-23,NA,73,73,73,0.011769652837665005,0.08370743213336403
ENSG00000146425.10,DYNLT1,-0.043751636398861225,NA,0.9651023787000371,0.0009361418463713629,0.06507770740708407,4.5317803978900456e-05,NA,4,4,4,0.9527940855035247,0.033978280324460465
ENSG00000155957.17,TMBIM4,-0.043534107426563384,NA,0.9652757764941484,0.014349442242861998,0.22101235142221184,7.151910766503691e-16,NA,29,29,29,0.27119049643496673,0.018327178268729042
ENSG00000177483.11,RBM44,0.0433293126023571,NA,0.9654390250805978,0.04753787242398369,0.24013994798121044,4.8276982569246876e-17,NA,27,28,28,0.005339408063457167,0.12359808249913246
ENSG00000197616.11,MYH6,-0.04320378260061429,NA,0.9655390898266846,0.03161385859972024,0.046209509754396624,0.0006759430382119742,NA,37,40,40,3.3876611963493914e-08,0.3474821072159154
ENSG00000096872.15,IFT74,0.043122713686516836,NA,0.9656037132347022,0.00440432404261152,0.04596341019569928,0.0006480042182091786,NA,18,18,18,0.9379187772281568,0.05163716462164497
ENSG00000177663.13,IL17RA,-0.04304023143855851,NA,0.9656694635018646,0.022573439533504408,0.1656545182592275,1.0574802024444244e-11,NA,35,44,44,0.020126535444894903,0.10188291596309718
ENSG00000174839.12,DENND6A,-0.042692148917255,NA,0.9659469381217225,0.004053265538047579,0.07159249846577999,1.3560701751950385e-05,NA,35,38,38,0.001655559521951533,0.03237272155171605
ENSG00000132199.18,ENOSF1,-0.04256461819649856,NA,0.9660486005034208,0.02209282419275929,0.22156777112376388,1.1800774414357993e-15,NA,33,37,37,3.2934683472562883e-09,0.06808911010592232
ENSG00000215114.8,UBXN2B,-0.04220253112851724,NA,0.9663372448109773,0.02884451191190462,0.1773911094433348,1.0174277239996363e-12,NA,61,62,62,0.03104342711616225,0.221424791768088
ENSG00000111144.9,LTA4H,-0.04219013977995418,NA,0.966347122878666,0.0014063947136665608,0.027620661509755392,0.008216529096305759,NA,9,9,9,0.9137065187106864,0.01679451616494989
ENSG00000271553.1,RP11-274B21.10,0.04214464575198584,NA,0.9663833896041176,0.10116236507797616,0.4646742199184086,9.947668999801744e-39,NA,41,42,42,0.013335072609434496,0.09931153535900986
ENSG00000079277.19,MKNK1,0.04186984349471146,NA,0.9666024567126373,0.007597214817472966,0.025071444453812392,0.011697794274933249,NA,30,30,30,6.212800900267451e-05,0.06627154838768712
ENSG00000250658.1,RP11-138B4.1,-0.04157772418215422,NA,0.9668353314101971,0.008185191042820965,0.07864440439866541,6.370266594063338e-06,NA,9,9,9,0.9033195271636034,0.06271705581588463
ENSG00000164105.3,SAP30,-0.04147688326192069,NA,0.9669157214766051,0.003208859551589644,0.01991203115683947,0.026977169270957373,NA,47,49,49,8.299261866426009e-06,0.02813358196530401
ENSG00000198522.13,GPN1,-0.041304600191821715,NA,0.9670530657790688,0.002257666650856438,0.039633177431695366,0.0014224064569276936,NA,9,9,9,0.8021809607472832,0.02254186150852289
ENSG00000027847.13,B4GALT7,0.04107795814193634,NA,0.967233746623542,0.016834731086234574,0.14790517968998246,2.182741297062317e-11,NA,23,27,27,0.0011343211678622909,0.03889586854650375
ENSG00000248874.5,C5orf17,-0.040815325429750055,NA,0.9674431216136338,0.010506053480412829,0.05639498012320115,0.00011062908778114805,NA,6,6,6,0.18173264043972814,0.05169422865565998
ENSG00000174373.16,RALGAPA1,-0.0405462522581827,NA,0.967657633368247,0.06103063159108285,0.3357176652591467,5.5658327221708315e-25,NA,68,69,69,0.00012771117767005762,0.10368325594183396
ENSG00000167107.12,ACSF2,-0.040365317221145065,NA,0.9678018805497438,0.0010546854227122108,0.05755899134044705,8.048314341465021e-05,NA,6,6,6,0.8379145268612989,0.012259327962184971
ENSG00000164076.16,CAMKV,0.04016404444282676,NA,0.9679623428647438,0.057380862737437796,0.22178027113690296,1.3555145890502789e-15,NA,16,17,17,0.18072743484644893,0.06373153921906231
ENSG00000168434.12,COG7,-0.040071774902583214,NA,0.9680359040860541,0.002425420649900861,0.01952443141554812,0.025997506108542498,NA,14,15,15,0.4146972825208428,0.03564011713151293
ENSG00000077454.15,LRCH4,-0.04004879068549929,NA,0.968054228128654,0.005462475245182303,0.113392042205724,4.467923475298458e-08,NA,18,19,19,0.004432397145303383,0.15988956054074546
ENSG00000198040.10,ZNF84,0.03982936063273513,NA,0.9682291683977096,0.0005712016095558847,0.05053521442520047,0.0002357398454538837,NA,7,14,14,0.9105566659449892,0.03393180043957535
ENSG00000260804.3,LINC01963,-0.03980436380776409,NA,0.9682490971747924,0.14218919435863128,0.37981861767486896,8.281339371492222e-30,NA,53,57,57,0.0009884929965102986,0.3948194525446911
ENSG00000185339.8,TCN2,-0.03962831841004712,NA,0.968389450340104,0.007020759473745153,0.1105622206107488,6.546001838897929e-08,NA,4,4,4,0.9241938246624724,0.08987902226701082
ENSG00000183784.6,C9orf66,0.03848023706804459,NA,0.9693047883474399,0.028334162770141683,0.14032027700751834,6.655590169082771e-10,NA,36,39,39,0.20712575507709807,0.2312805546510779
ENSG00000174021.10,GNG5,-0.038174950502701796,NA,0.9695481929367175,0.0017255090456620515,0.024172119802549585,0.012226404627922923,NA,26,28,28,0.00236181449089643,0.07210685296940078
ENSG00000139433.9,GLTP,0.037992801008069274,NA,0.9696934218491742,0.02096865183204425,0.16233036300798068,1.3119664354817336e-11,NA,5,5,5,0.9109029492322481,0.0713649424638958
ENSG00000273100.1,RP11-302L19.3,0.0379360649587932,NA,0.9697386580557463,0.021428997932969564,0.15117804774840413,1.3562970636191884e-10,NA,6,6,6,0.005128013721102501,0.09078335074687384
ENSG00000005156.11,LIG3,0.03792002048198687,NA,0.9697514504915739,0.01985393093431803,0.1483500406671569,1.0888099306965335e-10,NA,25,27,27,0.12583112332675533,0.04382645228165978
ENSG00000135976.17,ANKRD36,0.03768928000551217,NA,0.969935423241761,0.03787697561300864,0.13904959267652328,5.634755440646866e-10,NA,87,102,102,0.0017914734692071107,0.18145303289229248
ENSG00000160803.7,UBQLN4,0.03750201130800065,NA,0.9700847364846127,0.0014740352474160692,0.03852301813982302,0.001599538220322708,NA,15,16,16,0.001087823386568691,0.01958796449361369
ENSG00000182612.10,TSPAN10,-0.03745023842432283,NA,0.9701260162710793,0.02750534238641027,0.19260907074446534,1.221574574191275e-13,NA,15,15,15,0.8022694977747102,0.10184581531099048
ENSG00000182628.12,SKA2,-0.03744769143480385,NA,0.970128047050186,0.0036296122881658457,0.05586611695963315,0.00014438950996080663,NA,11,11,11,0.0330687559952068,0.1229280368165346
ENSG00000227066.1,RP3-340N1.2,-0.036818979672076584,NA,0.9706293407183811,0.00518453490853633,0.02832386391630261,0.00631227619043476,NA,11,15,15,0.3093283170759372,0.0296489344597754
ENSG00000119688.20,ABCD4,0.03608887010509443,NA,0.9712114969177337,0.0059663596856234236,0.08600473700166274,7.689831576550355e-07,NA,7,7,7,0.9346704877097266,0.019800034601063592
ENSG00000105698.15,USF2,-0.03606131160553004,NA,0.9712334711156568,0.00171948657310185,0.02090114489743803,0.02243455130222604,NA,7,16,16,0.003981757240801614,0.0439930066620334
ENSG00000159445.12,THEM4,0.03603033095166611,NA,0.9712581740475684,0.01698578507373337,0.13424443540297568,1.7787102147391029e-09,NA,50,51,51,0.15403671230904867,0.02540337295642761
ENSG00000100987.14,VSX1,-0.03602876084086237,NA,0.9712594260018752,0.009908762783927504,0.023556314655573483,0.015169591884689068,NA,8,8,8,0.0194157716914295,0.11138772020749163
ENSG00000005436.13,GCFC2,-0.03590815233533621,NA,0.9713555954375174,0.004782307882095576,0.022124913248565508,0.01748580456495557,NA,19,19,19,0.4899869304663057,0.051063198766652086
ENSG00000233967.6,RP11-250B2.3,0.03578631996045958,NA,0.9714527411710051,0.009210790943145405,0.07858849598500924,6.2255743338436975e-06,NA,25,26,26,0.039134224123217695,0.03039144442411362
ENSG00000234284.6,ZNF879,0.03553389459395493,NA,0.9716540194553803,0.00108250346685854,0.04003812002124394,0.0012558476476811544,NA,2,2,2,0.9620759200849746,0.02770192693759744
ENSG00000180543.4,TSPYL5,-0.03494324866161359,NA,0.972124994209975,0.05817562159209707,0.2957301690343498,1.1807741511417532e-21,NA,23,24,24,0.02965349718940762,0.11162373194923292
ENSG00000138459.8,SLC35A5,-0.03444156760230467,NA,0.9725250369666352,0.007715227164015774,0.09268369558930148,7.917788480127902e-07,NA,40,41,41,0.011231267380320788,0.03928094238221838
ENSG00000157103.10,SLC6A1,-0.03439461184639607,NA,0.9725624800551097,0.0024141694523985456,0.034832346933301755,0.0025103378295976675,NA,6,6,6,0.9449498268295148,0.0192485673469388
ENSG00000155792.9,DEPTOR,-0.03420396242603858,NA,0.9727145068323285,0.012392770294967312,0.11309333114245633,3.2615632717160463e-08,NA,37,37,37,4.605012017305316e-18,0.028075460370306424
ENSG00000278662.4,GOLGA6L10,-0.033922287394226924,NA,0.9729391206435187,0.14742243787729997,0.420598982037405,7.151906284217872e-34,NA,27,28,28,0.04199145140874601,0.16805094092851142
ENSG00000164309.14,CMYA5,-0.03363173499646404,NA,0.9731708157083948,0.002208217716857824,0.027323244854719705,0.008091515292180003,NA,22,22,22,0.33180095161945866,0.1239075987914073
ENSG00000111834.12,RSPH4A,-0.03312877569734923,NA,0.9735718956514416,0.005460703103086308,0.01695740283118681,0.03990221517088995,NA,23,24,24,0.15302303899813502,0.07569742591553866
ENSG00000133661.15,SFTPD,0.032867568619528775,NA,0.9737801953079391,0.01022496824464691,0.06586105832429205,4.010859041495326e-05,NA,37,38,38,3.2638866879732746e-05,0.0635764125259843
ENSG00000283317.1,RP11-122G18.11,0.03284261308681069,NA,0.9738000961982242,0.03659131178104093,0.10624526488054677,7.861384315458815e-08,NA,26,28,28,0.16865637305996695,0.2093683069979557
ENSG00000174586.10,ZNF497,-0.032721154236433826,NA,0.9738969542813071,0.0009432006991716198,0.06433530171287329,2.662320589014345e-05,NA,3,6,6,0.7595566814099262,0.033631305536357084
ENSG00000145949.9,MYLK4,0.03242931007114466,NA,0.9741296887187825,0.09774424594382881,0.3674396434972188,4.633075834421646e-29,NA,19,21,21,0.08795294421733668,0.4233345605487393
ENSG00000225978.3,HAR1A,0.032004021629857715,NA,0.9744688437449407,0.00028040108839082434,0.04469236088754525,0.0006856271832731941,NA,2,3,3,0.9221200903985275,0.02826646517458433
ENSG00000236833.1,AC024560.2,-0.031864650537253555,NA,0.9745799891002928,0.006194742405810972,0.037428072587542834,0.0021458316060382248,NA,6,9,9,0.38338556441485605,0.07894667212599875
ENSG00000227359.1,AC017074.2,0.031718269868484104,NA,0.9746967249685988,0.038919090806171314,0.14012796439382896,2.9658274838110013e-10,NA,21,22,22,0.04305903980537121,0.3144483742138913
ENSG00000182993.3,C12orf60,0.03150465144740006,NA,0.9748670826691932,0.022789236287401475,0.1518502756594294,8.236027711999026e-11,NA,16,16,16,0.3158490602353663,0.045852620234680806
ENSG00000277161.1,PIGW,0.03108116226617294,NA,0.9752048127451338,1.646627138578418e-05,0.05137500909065579,0.000259348540556877,NA,3,47,47,0.962229886853451,0.008178045853340284
ENSG00000054282.15,SDCCAG8,0.03090992468264415,NA,0.9753413749540593,0.03187066196167525,0.08851878584040453,1.4015294240422374e-06,NA,51,55,55,0.0004213172071426917,0.09500971929111844
ENSG00000125895.5,TMEM74B,-0.030857301592842744,NA,0.9753833420861016,0.0008505002564363529,0.017919996733064554,0.03429874803218228,NA,25,29,29,0.0009148151916811761,0.05656004034405085
ENSG00000088833.17,NSFL1C,-0.03073164283505268,NA,0.9754835557412589,0.00619920714140757,0.10821743430163064,7.105654674276062e-08,NA,9,10,10,0.002975716811110787,0.031322450717901525
ENSG00000138185.18,ENTPD1,-0.030711242816689015,NA,0.9754998249216557,0.0034629495516698898,0.05391267944201178,0.0002319291095464647,NA,22,23,23,0.0006754017147621341,0.04394891714194255
ENSG00000134419.15,RPS15A,-0.030629448562781353,NA,0.9755650566060289,0.00339002039804868,0.04003095803523492,0.0015711896864894904,NA,57,63,63,0.00021699864048492802,0.08116230781106311
ENSG00000243725.6,TTC4,0.030627678852651902,NA,0.9755664679682572,0.012446548291988808,0.05935594590744856,9.199543218088337e-05,NA,47,49,49,0.0016096356121165693,0.07645222465770672
ENSG00000257218.5,GATC,-0.030277064226158328,NA,0.9758460882815138,0.04500689312984413,0.2589689167204596,1.1810929293674449e-18,NA,34,35,35,0.00040649285467334127,0.05855527252921153
ENSG00000240563.1,L1TD1,0.03024910194037107,NA,0.9758683887433032,0.05329894372103468,0.2190386778973036,1.267841132402275e-15,NA,37,42,42,1.6336610949891139e-06,0.3721381042268296
ENSG00000121486.11,TRMT1L,0.02988197815996784,NA,0.9761611787762097,0.0018730337978059622,0.02467357287334651,0.012769706627180572,NA,6,7,7,0.6483908995666727,0.03854551593433947
ENSG00000146263.11,MMS22L,0.029838899696798156,NA,0.9761955350966238,0.007659911181837408,0.07003725192085304,2.0447661910136225e-05,NA,53,53,53,1.9065108111990223e-06,0.011135362695861252
ENSG00000163576.17,EFHB,-0.029815416046294167,NA,0.976214264005764,0.23220361630226077,0.4873020748135898,3.809960207649139e-42,NA,30,31,31,0.03297700996783547,0.29622170801683056
ENSG00000103540.16,CCP110,0.02978936635303447,NA,0.9762350394255978,0.003112262057929688,0.03042362523155125,0.005588461119807665,NA,15,17,17,0.14689176570880239,0.023649822007715187
ENSG00000137054.15,POLR1E,-0.02972022201119096,NA,0.9762901842118497,0.010352920567090652,0.07492930074263156,8.27809249005641e-06,NA,46,50,50,0.00471239367630661,0.057843507137304274
ENSG00000196378.11,ZNF34,-0.029709569081428785,NA,0.9762986802683034,0.009007274082640807,0.12979996369305688,2.1130091107840348e-09,NA,9,9,9,0.4014166056700159,0.025297294301572737
ENSG00000185722.16,ANKFY1,-0.029529904347020824,NA,0.9764419691163104,0.007848504149264907,0.046843474718601966,0.0006049300624792393,NA,59,60,60,7.567544212045485e-05,0.09281385285642828
ENSG00000176108.9,CHMP6,-0.029475559991899818,NA,0.9764853107715866,0.004333486576607418,0.03664011108353615,0.0018797021024177024,NA,37,37,37,0.13425503789178847,0.06562431937034642
ENSG00000158683.7,PKD1L1,0.029344123593333212,NA,0.9765901365009308,0.00830386527638503,0.014932877820699988,0.04614103888283395,NA,26,28,28,0.16190700581735917,0.1110235226749466
ENSG00000125910.5,S1PR4,0.029194432736419463,NA,0.9767095213755378,0.0020580011580784386,0.06626542729951301,3.4911007492532045e-05,NA,7,10,10,0.39504948602895296,0.048884414212624315
ENSG00000174038.12,C9orf131,0.029183404520154003,NA,0.9767183168713807,0.0012011809028695988,0.02363555709817974,0.014943543738241628,NA,1,1,1,0.9767183168713807,0.056248626627693483
ENSG00000064012.21,CASP8,-0.02913450408280918,NA,0.9767573171919197,0.0280024059972747,0.20117945476003615,1.0786639300563837e-14,NA,52,55,55,0.0001234067213518145,0.06249330433285472
ENSG00000163703.17,CRELD1,0.029045657359719264,NA,0.9768281766323927,2.5124241649407348e-05,0.10078840982607463,1.8522145039931055e-07,NA,2,4,4,0.8018651794036232,0.011282167441196336
ENSG00000139531.12,SUOX,0.028768407019559204,NA,0.977049297991944,0.01319703877095569,0.16992636491555488,6.814767318732328e-12,NA,7,7,7,0.7714497651624218,0.0332054546687697
ENSG00000180767.9,CHST13,0.02876182698148028,NA,0.9770545459311312,0.06880483025616504,0.21402537622609424,5.127830626022674e-15,NA,12,14,14,0.6749992777031764,0.07697577243820933
ENSG00000240972.1,MIF,0.028652469708871434,NA,0.9771417644646958,0.0502707144601002,0.4823922562136469,7.102675840387347e-41,NA,14,18,18,0.0008289251773296329,0.07920853182250383
ENSG00000019505.7,SYT13,0.028297381042919057,NA,0.977424969389908,0.005405064955634198,0.1408732332504089,6.126367161590608e-10,NA,15,18,18,0.08110706038588562,0.05052279940746434
ENSG00000163607.15,GTPBP8,0.028205081994552343,NA,0.9774985839925999,0.01696507029964201,0.08088785523760693,4.627493258527725e-06,NA,22,23,23,0.021431870731042846,0.12652493356174316
ENSG00000147724.11,FAM135B,0.028134551793570908,NA,0.9775548366272753,0.02210382177389307,0.05621730506164476,0.00013237148045972672,NA,40,45,45,0.10191639626430506,0.10881805231467816
ENSG00000272849.1,RP11-347I19.8,-0.027981996262941133,NA,0.9776765104254168,0.01907557738859289,0.17580137058593687,1.1785973067235059e-12,NA,18,22,22,0.2818987454106263,0.05088255510242971
ENSG00000145700.9,ANKRD31,-0.027938220613570937,NA,0.9777114246900965,0.013872229880398632,0.08546316029370644,2.291926912248217e-06,NA,11,11,11,0.6301852785135097,0.12495496837878227
ENSG00000108179.13,PPIF,-0.027605116039398064,NA,0.9779771012124007,0.0029876162683219014,0.02267067649919392,0.016563667403904168,NA,38,41,41,0.04296863809205329,0.08499972597794837
ENSG00000105072.8,C19orf44,-0.026815727614164606,NA,0.9786067089068907,0.01386255948991637,0.21393197243011888,3.590708027770557e-15,NA,6,6,6,0.4939657090709415,0.07841833336545098
ENSG00000178952.10,TUFM,0.026680708952789366,NA,0.9787143996806418,0.0020453466230577373,0.12992299826870496,9.436230675139934e-10,NA,10,13,13,0.1585180108306019,0.027528741414419643
ENSG00000171860.4,C3AR1,0.026445623157139497,NA,0.9789019048433634,0.001665122284193566,0.05113275514462435,0.00027422655974093446,NA,2,2,2,0.9403663786714546,0.05154709780232127
ENSG00000141452.9,C18orf8,0.02635353580839855,NA,0.9789753543178256,0.0016778939837685434,0.024897669790505436,0.01286935486532378,NA,23,23,23,0.03896027712636121,0.024022367205023456
ENSG00000176887.6,SOX11,-0.025809042016982614,NA,0.9794096497657792,0.0072484967398846745,0.0795889377860611,5.344675716759878e-06,NA,12,13,13,0.46938171444752463,0.04963918982303118
ENSG00000115756.12,HPCAL1,0.025807143026887126,NA,0.9794111644361445,0.003434590146816032,0.04499762634802156,0.0007308731969229256,NA,33,34,34,0.00016270414372895534,0.0405535483832701
ENSG00000186792.16,HYAL3,-0.025562835575551866,NA,0.9796060292905753,0.03216816321559578,0.22328944472125226,4.682150664889863e-16,NA,36,38,38,9.729617609826122e-05,0.0992816998454709
ENSG00000166971.16,AKTIP,0.025400817211098742,NA,0.9797352592791534,0.0014149320036923334,0.018687903461377543,0.029345178077516687,NA,45,50,50,0.0016594815615142006,0.027728962921286827
ENSG00000104413.15,ESRP1,0.02528706284538248,NA,0.9798259929867296,0.005707424631901861,0.022776626078292932,0.017191325410621097,NA,74,80,80,0.0004921718777790201,0.06792698473845983
ENSG00000059122.16,FLYWCH1,0.02523476769812754,NA,0.9798677051666415,0.22572296803958325,0.7035969284625163,1.332353995627831e-83,NA,26,28,28,0.005930317834990006,0.3997208553777313
ENSG00000101276.14,SLC52A3,-0.025156628462005705,NA,0.9799300314704883,0.004712547718494597,0.0999935871817638,1.6681818719117478e-07,NA,8,8,8,0.1504586220990086,0.06840898643488967
ENSG00000239672.7,NME1,-0.02504650509075909,NA,0.9800178695309029,0.011364132345484695,0.22841682303364896,2.1228150598060863e-16,NA,9,11,11,0.5134428881966167,0.054498478210184234
ENSG00000114698.14,PLSCR4,-0.024807124523286966,NA,0.9802088082606567,0.001038120560966773,0.03440579094217703,0.0027037551586656986,NA,13,13,13,0.8290022158410759,0.020592009571936368
ENSG00000283196.1,RP4-614C10.2,-0.024581070942379536,NA,0.9803891179377293,0.00622283407400853,0.029707887881646626,0.006600583605451155,NA,7,13,13,0.9355194309763949,0.10616492084430353
ENSG00000162493.16,PDPN,-0.02456334830652714,NA,0.9804032542868905,0.00026567583757215426,0.0966154685330868,2.0612592885859424e-07,NA,6,7,7,0.24983989078901592,0.01233572101241712
ENSG00000100580.7,TMED8,-0.02439620367596093,NA,0.9805365764536169,0.011578739172492386,0.15722296913231773,4.5390153476223546e-11,NA,19,21,21,0.6132579524369923,0.050515379441606334
ENSG00000197008.9,ZNF138,-0.0243836957333366,NA,0.9805465533799974,0.0033470872808250675,0.048401048760550056,0.00043528362831241833,NA,5,5,5,0.8903611212858091,0.06927470759871737
ENSG00000176125.4,UFSP1,0.023925164287871465,NA,0.9809123018267146,0.0033480705049723537,0.037813074040269984,0.002022385891838363,NA,14,14,14,0.28826976445661034,0.03236554407239607
ENSG00000104826.12,LHB,0.02355820582260465,NA,0.9812050098123338,0.011257662129016834,0.04165170218634955,0.0012429734817814607,NA,35,41,41,0.0009684892214665184,0.11969110459995168
ENSG00000164941.13,INTS8,0.02335868324562428,NA,0.9813641619991348,0.006196468780110124,0.06275821663608487,4.37120072074705e-05,NA,33,33,33,0.00822962520850011,0.06855457684486845
ENSG00000133835.14,HSD17B4,0.02333653931197303,NA,0.9813818254869737,0.006593673216776522,0.16515519814562946,1.2740023891399196e-11,NA,23,23,23,0.1497552062507322,0.02436095063556359
ENSG00000157045.8,NTAN1,0.023231814776149377,NA,0.9814653609296458,0.0021941968391192847,0.06351444133451188,4.025647319310038e-05,NA,5,5,5,0.4232986761445293,0.04553672210566923
ENSG00000041802.10,LSG1,0.023209767905939423,NA,0.9814829470450988,0.11989752537302562,0.4734294585175852,1.37400962637991e-41,NA,17,20,20,0.021903562647334996,0.31747736627213674
ENSG00000039537.13,C6,0.02281149877301943,NA,0.9818006357176986,0.07501953473203814,0.10919242303562998,7.049024793249189e-08,NA,142,148,148,0.005176914089278841,0.3264928209896664
ENSG00000272787.1,KB-226F1.2,-0.022796274335420023,NA,0.9818127799034024,0.0013303555721211756,0.3825968990106655,1.7958400741289785e-30,NA,2,4,4,0.9269172627180995,0.10025353247380968
ENSG00000176148.15,TCP11L1,-0.02268694511793603,NA,0.9818999894435676,0.0065581825193146625,0.1373161977133281,1.173735107824674e-09,NA,29,30,30,8.302990484592866e-06,0.0251176744344063
ENSG00000152223.12,EPG5,-0.02258838723624375,NA,0.9819786071087436,0.027086680954467802,0.14421351984954026,3.511075346066895e-10,NA,54,56,56,0.012928032160967606,0.1496664536550288
ENSG00000269646.1,CTD-2331H12.7,0.022478643774779934,NA,0.9820661474947059,0.013151104500452978,0.03738784941891198,0.0019326468981610426,NA,59,71,71,0.0005805672426770894,0.12933345120405015
ENSG00000132744.7,ACY3,0.022114393457833947,NA,0.9823567049651752,0.0023474833228821546,0.03806183588532123,0.001864567597429626,NA,8,8,8,0.6896316946305945,0.014025706142264088
ENSG00000184206.11,GOLGA6L4,0.021948633517467005,NA,0.9824889301681118,0.07270793171098344,0.23212496355805026,1.8484119795355323e-16,NA,19,20,20,0.0004480058701186271,0.12243193678026057
ENSG00000109667.11,SLC2A9,0.021922499903910226,NA,0.9825097767589153,0.015009886975422427,0.053661650787431237,0.00020764511889589384,NA,23,23,23,0.048806870576931574,0.09821058596486572
ENSG00000054803.3,CBLN4,-0.021865494059873928,NA,0.9825552499417158,0.00036850887854558473,0.04959377884328922,0.0003820249377614845,NA,7,8,8,0.7726980078023532,0.026986258005176175
ENSG00000124882.3,EREG,0.02180910200898053,NA,0.9826002335615759,0.009112914452739911,0.03327393956284793,0.003779209567446922,NA,19,20,20,0.3113663093524002,0.06270974775801579
ENSG00000053524.12,MCF2L2,0.021494365895255434,NA,0.9828512977903587,0.0012542377802217764,0.04225444677856843,0.0008323240153030791,NA,5,5,5,0.9490078426878236,0.03429767093228825
ENSG00000137285.9,TUBB2B,0.02106593289069491,NA,0.9831930604759411,0.0029347461899154547,0.09691851105274163,3.6664059642792893e-07,NA,6,6,6,0.3585110403664591,0.035153531774352216
ENSG00000167642.12,SPINT2,0.020693811208599325,NA,0.9834899059043489,0.0011446644114256016,0.06995604662821217,1.799486541026094e-05,NA,4,4,4,0.18478873410522967,0.027679789137205757
ENSG00000122390.17,NAA60,-0.020022673167577464,NA,0.9840252856176962,0.001404885459115761,0.05258365241339443,0.00025294168146543065,NA,11,11,11,0.4245772805475976,0.017786160816903842
ENSG00000099999.14,RNF215,0.01998523448302463,NA,0.9840551513899617,0.0055278278526014425,0.0379510661435784,0.0018497762668458395,NA,23,23,23,0.0010339414814958608,0.05590495371068746
ENSG00000196565.13,HBG2,0.019915200941329016,NA,0.9841110189525438,0.020724134609502745,0.047126996767496925,0.0005260117836827755,NA,33,33,33,0.07618654259419547,0.2101513185565672
ENSG00000167842.15,MIS12,-0.01983143371513289,NA,0.9841778423317996,0.006197311919683288,0.048158801254552144,0.0004466241077488625,NA,10,10,10,0.00027037828759892546,0.09890639001080856
ENSG00000170175.10,CHRNB1,-0.019724177901711708,NA,0.9842634033536141,0.05216846624956289,0.20476596842381173,1.25846900882255e-14,NA,31,34,34,0.04673379581081776,0.14482111494142738
ENSG00000175106.16,TVP23C,-0.019551290758029857,NA,0.9844013207403108,0.0021293228399761133,0.01745336411320404,0.03286346767809712,NA,14,16,16,0.6599242444853068,0.018581573893545027
ENSG00000198715.11,GLMP,-0.019246744984572906,NA,0.984644267392698,0.014900918071109253,0.13257336696080227,2.0135307564422195e-09,NA,78,80,80,0.00013461407534846542,0.08459217020735885
ENSG00000258811.1,CTD-3051D23.1,-0.01924401451577389,NA,0.984646445588174,0.008920681860090535,0.06871154560751648,2.2102376164397706e-05,NA,4,4,4,0.5109002184609268,0.1232522246246921
ENSG00000242689.2,CNTF,-0.019090519836911384,NA,0.9847688941275925,0.024060498131383404,0.05981470271917187,7.956316748517079e-05,NA,26,27,27,0.018564876783669915,0.14817125810086007
ENSG00000141994.15,DUS3L,0.0190362301840946,NA,0.9848122031331541,0.02265746414807184,0.34563668974363176,7.706618643241543e-27,NA,17,18,18,6.877870409741649e-12,0.052225590736473336
ENSG00000115365.11,LANCL1,0.018777236221627205,NA,0.9850188134853309,0.0022133944505809073,0.0653681387762454,3.0236931498717824e-05,NA,22,22,22,0.014463551888537242,0.019279315936600656
ENSG00000121064.12,SCPEP1,0.01874494335394918,NA,0.9850445749317377,1.3358930260235019e-06,0.02507262554555148,0.012668119324862082,NA,2,3,3,0.6753877276399431,0.0016241796956021502
ENSG00000274245.1,RP11-357P18.2,0.01859240658734195,NA,0.9851662604559183,0.0024056628644623535,0.02005830448124913,0.02306226223468289,NA,16,17,17,0.2867585883040433,0.09646546143455872
ENSG00000118181.10,RPS25,-0.018232573349952038,NA,0.9854533171758687,0.0015651335422665865,0.06179895988801455,6.685553800633899e-05,NA,17,17,17,0.055265887470567786,0.02156021582140244
ENSG00000121691.4,CAT,0.017900340328729544,NA,0.9857183575151749,0.013713808394909219,0.07562107729346805,9.746623491179616e-06,NA,19,20,20,0.6153990615874403,0.046785809582729376
ENSG00000135299.16,ANKRD6,-0.017761557120918585,NA,0.9858290728919233,0.002519136645572722,0.01624399575181155,0.045764535561009935,NA,15,15,15,0.7995325976718093,0.024850891744824136
ENSG00000130175.9,PRKCSH,0.017433265472564283,NA,0.9860909711743959,0.00040218259430354567,0.023131433032003164,0.01661170407854296,NA,3,3,3,0.9471846888657617,0.02635665853232405
ENSG00000184923.12,NUTM2A,-0.01737039700634535,NA,0.9861411253584316,0.08111142353589634,0.44355041403986,4.109272430922238e-36,NA,46,51,51,0.024472277440604526,0.2435709824453183
ENSG00000275491.1,LINC01730,0.01733363163736749,NA,0.9861704554628414,0.07780792750091409,0.2760388253745983,5.462364511406686e-20,NA,4,4,4,0.1864083768447916,0.1286601843843618
ENSG00000101247.17,NDUFAF5,0.01716962003709345,NA,0.9863012983142645,0.03715684577232032,0.04049932134581345,0.001462789881002177,NA,80,85,85,0.034731914771880965,0.15319794506701342
ENSG00000144043.11,TEX261,0.017099724213761262,NA,0.9863570589263798,0.005275332601561614,0.10247490356112976,1.7538092325350512e-07,NA,12,13,13,0.6802748097160287,0.04195534617543792
ENSG00000272128.1,KB-1836B5.4,-0.01698642196305699,NA,0.9864474479144401,1.9315483177237845e-05,0.028683615492655083,0.006218848205233028,NA,3,6,6,0.7460669163479968,0.009321230774711177
ENSG00000160678.11,S100A1,0.01676720719958805,NA,0.9866223310818756,0.03535085249415409,0.20048434658081868,1.848916325049666e-14,NA,20,20,20,0.8790650521279866,0.06077962024249942
ENSG00000128609.14,NDUFA5,0.016513371840119362,NA,0.986824834357196,5.0965731712792676e-05,0.04278233556981542,0.0006121422973000077,NA,1,5,5,0.986824834357196,0.016425744149842682
ENSG00000259495.2,RP11-210M15.2,0.016449902188924895,NA,0.9868754689341894,0.002207687211535442,0.04237433910359426,0.001027286045960041,NA,2,2,2,0.9781987993266453,0.057360367298026585
ENSG00000164323.12,CFAP97,0.016325004660214134,NA,0.9869751093639167,0.0015717750365745915,0.049068589816155236,0.00037505480689385186,NA,18,18,18,3.821691116637101e-05,0.058633526688189226
ENSG00000118096.7,IFT46,0.01621480661730943,NA,0.9870630230443589,0.0038851894282970565,0.11260546942406913,4.1332125750142806e-08,NA,22,24,24,0.4022567363972501,0.020899000228588108
ENSG00000124587.13,PEX6,0.015596788589978188,NA,0.9875560677061054,0.19072849814590676,0.5883400710053077,1.7678409715004965e-56,NA,35,36,36,0.29224305379123194,0.11625037520207605
ENSG00000163320.10,CGGBP1,-0.015538026444106932,NA,0.9876029474341902,0.03312308843852169,0.35012391286253697,4.245685544057937e-27,NA,22,23,23,0.3351788697213002,0.2087780328889181
ENSG00000165233.17,CARD19,-0.0155343727326765,NA,0.9876058623223205,0.01982791844823198,0.16445932999975035,1.6761406679627827e-11,NA,42,42,42,0.014095405858181389,0.04468388166873792
ENSG00000142188.16,TMEM50B,0.015319823773021459,NA,0.9877770272549955,0.056687931052005494,0.3764597200603341,7.14036870394766e-30,NA,23,23,23,0.00040846874720433946,0.06815513279558877
ENSG00000203797.9,DDO,0.014475047755732152,NA,0.9884509861852763,0.011407199744643121,0.1158022639354082,1.8309607092121083e-08,NA,21,23,23,1.2217603289827777e-05,0.054147782218809344
ENSG00000198142.4,SOWAHC,0.014406183734310163,NA,0.9885059259961168,0.0017881200453717977,0.015551208390355856,0.0490769171260267,NA,7,9,9,0.2514800913518257,0.11214517316250988
ENSG00000142494.13,SLC47A1,0.014181204207088884,NA,0.9886854153503614,0.005015196955764552,0.1627278040692548,2.590883082339298e-11,NA,17,21,21,0.6756450865856416,0.06913896453704269
ENSG00000144645.13,OSBPL10,-0.014011026206614527,NA,0.9888211842600215,0.002308365919018749,0.0528925889943477,0.0002268100948134377,NA,4,4,4,0.09949076417213501,0.02882843319161172
ENSG00000150867.13,PIP4K2A,0.013843196554045492,NA,0.9889550799623626,0.0016149409063576836,0.017505895453681426,0.03691228158154662,NA,7,8,8,0.5106183786765683,0.03924617631922473
ENSG00000272799.1,RP11-474N24.6,0.012935479047119627,NA,0.9896792688046916,0.015565215378712523,0.01584014741986573,0.04272528381764567,NA,27,29,29,0.09418985999381235,0.4053095306052497
ENSG00000165629.19,ATP5C1,-0.012277807587955956,NA,0.9902039730019753,0.0004051091996705855,0.06812622127173139,2.4272505955761866e-05,NA,11,13,13,0.0145900200893495,0.0076775774001851295
ENSG00000198015.12,MRPL42,0.012195393195673483,NA,0.9902697252502761,0.011075953676883979,0.1369791512969109,5.341979588250391e-10,NA,26,27,27,0.7342612833722416,0.02918531587122865
ENSG00000154328.15,NEIL2,-0.012057149993641256,NA,0.9903800192572558,0.011027033291128936,0.1004002958411055,1.4713277292383352e-07,NA,30,31,31,0.003495423570872905,0.049487456942587764
ENSG00000112164.5,GLP1R,-0.01140789621480735,NA,0.9908980131616322,0.014126999570245997,0.07152397356580162,1.6245716612132167e-05,NA,15,18,18,0.06494682359904404,0.0610349151435182
ENSG00000154719.13,MRPL39,0.011317736889402859,NA,0.9909699452515051,0.048592560231565704,0.2637805088148897,2.0409370759754717e-19,NA,105,108,108,0.006784624117069974,0.13203102328105612
ENSG00000163683.11,SMIM14,0.011115170626191604,NA,0.9911315595786097,0.004542405230443662,0.050013298285255005,0.00024989809660549126,NA,21,21,21,0.12390548088841333,0.039103955719110496
ENSG00000121005.8,CRISPLD1,0.010553968265161529,NA,0.9915793079911932,0.004142782056977162,0.037283590307577816,0.002161656013632806,NA,10,11,11,0.8964413819620974,0.05819504540255131
ENSG00000259577.1,CERNA1,-0.010379359099890163,NA,0.9917186183171558,0.0037378154677788094,0.02311707271250333,0.015147299362898709,NA,4,4,4,0.7083287216702817,0.06065523455243061
ENSG00000235770.5,LINC00607,-0.010276660063974225,NA,0.9918005559221187,0.00237296080365758,0.02451578687025965,0.01347606000311342,NA,5,5,5,0.874651607069527,0.025944168264038375
ENSG00000148832.15,PAOX,0.010234186131440124,NA,0.9918344434350371,0.005250202817939109,0.039792739235005856,0.0014856467481752704,NA,8,8,8,0.00657849335137876,0.16984122095024642
ENSG00000256576.2,RP13-977J11.2,0.01021313313512096,NA,0.9918512404178983,0.09776464622036689,0.3127870243841515,3.8757187517809663e-23,NA,10,10,10,0.1296046111265411,0.2061015012184416
ENSG00000276085.1,CCL3L3,0.009927089879577643,NA,0.9920794583426825,2.2966530982822804e-07,0.1483582141024091,1.7681964254591517e-10,NA,3,7,7,0.9916587829031523,0.0008434468372271822
ENSG00000133048.12,CHI3L1,-0.009761026676153582,NA,0.9922119511888626,0.010964470955873221,0.08365051043768204,2.9270023191893904e-06,NA,24,31,31,0.0005567503905723556,0.06783833635192313
ENSG00000105185.11,PDCD5,0.009628589423946978,NA,0.9923176158618051,0.014284872538583779,0.12880954848184986,4.161654777545722e-09,NA,35,36,36,6.831183299056824e-09,0.1334779320504782
ENSG00000172766.18,NAA16,0.009471839783173114,NA,0.9924426782765731,0.019692242027331556,0.05478470266689876,0.00019244593942516623,NA,37,37,37,0.0017522039706776337,0.2339698822977725
ENSG00000163959.9,SLC51A,-0.009221533285856691,NA,0.9926423852422835,0.0324888751308577,0.11064597206428847,5.951672991464181e-08,NA,16,16,16,0.029710720253487557,0.08933338184411355
ENSG00000213689.11,TREX1,0.009101875499066858,NA,0.9927378543361156,0.02111841404964853,0.1857550323666774,6.709936535531382e-13,NA,25,25,25,0.6034416048396154,0.12969054709882258
ENSG00000140968.10,IRF8,-0.008757807592384474,NA,0.9930123698599349,0.022643034968829807,0.2912853331064987,4.4062631335124155e-22,NA,7,7,7,0.774258345119821,0.1575608378627886
ENSG00000182957.15,SPATA13,-0.008628606227017959,NA,0.9931154537393306,0.007638953169577703,0.027222605824157083,0.009199009067134709,NA,49,51,51,0.0316598530580524,0.08023597621897523
ENSG00000279968.1,GVQW2,0.008519855424262927,NA,0.9932022211362642,0.03703111587853033,0.1041000989190504,1.4026386758720846e-07,NA,38,38,38,0.013647886583980463,0.1965455674300376
ENSG00000213214.4,ARHGEF35,-0.008327355157138375,NA,0.9933558086779543,0.08874663011835694,0.4236089274433814,1.961034126320123e-34,NA,46,47,47,0.48193963518059313,0.07728390228058186
ENSG00000182586.8,LINC00334,-0.00824906171979161,NA,0.9934182756572069,0.042524378889695374,0.09233625701246753,7.452685960360826e-07,NA,39,41,41,0.00025863371951914796,0.25324817126585303
ENSG00000107371.12,EXOSC3,0.0082243289751206,NA,0.9934380088629329,0.0021446485703848664,0.01678850772517649,0.03945127896100243,NA,19,21,21,0.37194048481779585,0.054880500544886426
ENSG00000131668.13,BARX1,-0.008195199825302995,NA,0.9934612497786061,0.007515439352006822,0.021956131170373996,0.01929459631832541,NA,79,87,87,4.225886524634637e-14,0.11530656156961933
ENSG00000116254.17,CHD5,0.008146496854121187,NA,0.9935001078302164,0.029497019429900743,0.1475500082115191,2.02043622768674e-10,NA,40,44,44,1.0092654641057276e-05,0.2512671779072345
ENSG00000111886.10,GABRR2,-0.007657097510329751,NA,0.9938905798163848,0.014151399360782267,0.04731336311033035,0.0003745404316935689,NA,13,14,14,0.004564375931791099,0.1312467223628382
ENSG00000169169.14,CPT1C,-0.007655394807830285,NA,0.9938919383366033,0.0009261978113377928,0.02701915237085319,0.008875762539914643,NA,8,8,8,0.004888669427264496,0.05368331293753378
ENSG00000137673.8,MMP7,-0.007471714739563998,NA,0.9940384896350277,0.002676052891860109,0.020085897707086273,0.02417868460815369,NA,7,8,8,0.22560461237165141,0.09160929765407028
ENSG00000223891.5,OSER1-AS1,-0.007446242333849786,NA,0.9940588131089031,0.004598409464566961,0.09671603050207672,2.707780093701785e-07,NA,19,19,19,0.00013208082612080783,0.11007991181720003
ENSG00000140459.17,CYP11A1,0.007340099974084303,NA,0.9941435001444823,0.006371711848077623,0.05423561688808401,0.00020209554151631308,NA,4,4,4,0.5157301230196311,0.2971905681581705
ENSG00000223496.2,EXOSC6,-0.006746177047669301,NA,0.9946173703173108,0.14657012485691395,0.4700824823798089,3.0673764981677246e-41,NA,8,8,8,0.7086439624161485,0.17340703623712556
ENSG00000106399.11,RPA3,0.005563705368603607,NA,0.9955608282878387,0.011946562718853183,0.17601555380063166,2.054393495393635e-12,NA,7,8,8,2.7549579350033798e-05,0.2056388212895092
ENSG00000134248.13,LAMTOR5,-0.005524909431581627,NA,0.9955917824912488,0.0030682071058373743,0.03787036948397292,0.0019069630740779421,NA,40,44,44,0.023504305595849227,0.0632927470684861
ENSG00000221947.7,XKR9,0.00528418262059598,NA,0.9957838518915324,0.11527919916989846,0.4402815745612873,1.7169088456808013e-37,NA,114,116,116,0.6321761035087206,0.045733690739272616
ENSG00000171223.5,JUNB,-0.005175466753225075,NA,0.9958705934173345,0.006418885053438763,0.03345665128979965,0.0035810943916603274,NA,23,24,24,6.649081964335819e-09,0.1589550235269659
ENSG00000183250.11,LINC01547,0.004983665197956658,NA,0.9960236269424891,0.017354296069441565,0.10566860104661524,1.3118551523931895e-07,NA,11,11,11,0.5584986365871477,0.0511564830584372
ENSG00000113318.9,MSH3,-0.004980997332448616,NA,0.996025755564768,0.04789574293134578,0.3008026256440225,1.2933227152622455e-22,NA,32,34,34,0.16505770421236587,0.11802901952134605
ENSG00000164938.13,TP53INP1,0.0047005109325638445,NA,0.9962495487099411,0.002520734471536529,0.07210581134084437,1.4557958978378305e-05,NA,9,9,9,0.8444451739295844,0.008707394443502119
ENSG00000162971.10,TYW5,-0.004455114292311346,NA,0.9964453448483814,0.007178003453807379,0.04438104728314715,0.0007540337268834108,NA,26,26,26,0.004805499674915278,0.029735114329906845
ENSG00000205362.11,MT1A,-0.004252197164503136,NA,0.9966072477571174,0.0019122737663012082,0.04794906067524767,0.00045345441418689024,NA,11,12,12,0.28388764530420363,0.05037023850726941
ENSG00000214456.8,PLIN5,0.004211507170915327,NA,0.9966397133840702,0.00580619758432879,0.02831444223301237,0.007732403357018212,NA,16,18,18,0.03736507895927814,0.07718654060464174
ENSG00000168509.19,HFE2,0.0038058250211179256,NA,0.9969633983050449,2.4666152440111475e-05,0.0263337388749432,0.010187170052304715,NA,1,13,13,0.9969633983050449,0.00832138288368808
ENSG00000144199.11,FAHD2B,0.0037962846979849247,NA,0.9969710103265883,0.0028048688518905545,0.07337622181503083,9.375665766573554e-06,NA,33,39,39,0.0008641021739097103,0.04478634978250369
ENSG00000107779.13,BMPR1A,0.00358487876394841,NA,0.9971396867083807,0.0015881078007349634,0.061120218843974665,7.631236784773736e-05,NA,4,4,4,0.5674108376567296,0.06202397276305596
ENSG00000090861.15,AARS,0.0034770017724837757,NA,0.9972257595577345,0.0010282069515859772,0.01692422098020824,0.03800135899271012,NA,4,5,5,0.988968879357909,0.042090007004975415
ENSG00000006744.18,ELAC2,0.003105143888525532,NA,0.9975224576136518,0.025763874292964593,0.2938975927022717,1.4773509178814075e-22,NA,51,59,59,1.8101358980275004e-20,0.1297430437390165
ENSG00000116830.11,TTF2,0.002993417472695387,NA,0.997611601981392,0.016960820704049424,0.21060475820945232,5.458179681142682e-15,NA,9,10,10,0.1479499094759711,0.08901208151171153
ENSG00000162620.15,LRRIQ3,-0.0028647140164574374,NA,0.9977142920414634,0.049474950949242646,0.1945718250139949,6.682373873258845e-14,NA,49,53,53,0.366114859436933,0.034564177212861466
ENSG00000130518.16,KIAA1683,-0.002533688053477625,NA,0.9979784115831962,0.011448757757202964,0.10918931846536334,6.739120784544763e-08,NA,10,10,10,0.12700386187871307,0.07285189168177206
ENSG00000178718.6,RPP25,-0.0025106565123762057,NA,0.9979967880358025,0.021134356058567137,0.17125062660497034,6.441091596113089e-12,NA,20,22,22,0.11413320360922272,0.0965427178681685
ENSG00000116685.15,KIAA2013,-0.00233103078790009,NA,0.998140108207929,0.0004585587726351219,0.03309168343447535,0.00398988033190663,NA,1,1,1,0.998140108207929,0.03411139955800698
ENSG00000272391.5,POM121C,-0.0023255273273858437,NA,0.9981444993222024,0.023068651187588947,0.18121484837611596,1.0664578610001096e-12,NA,21,31,31,3.759936484495741e-05,0.11956734128064855
ENSG00000163468.14,CCT3,0.0020375964255141374,NA,0.9983742343959107,0.007187356029136522,0.13442919615705282,6.024043314216349e-10,NA,36,36,36,0.23145517115598135,0.037644065006093366
ENSG00000135378.3,PRRG4,0.00185872565175603,NA,0.9985169523536496,0.008368533923016721,0.061359311332262315,6.895945862409114e-05,NA,18,18,18,0.1461750203164276,0.16788930260331306
ENSG00000132824.13,SERINC3,-0.0018047868578520566,NA,0.9985599892123271,0.007820145107541424,0.12148920987838505,5.565797692614077e-09,NA,18,19,19,0.0002250839504437477,0.2617480722022807
ENSG00000140470.13,ADAMTS17,0.001791454541461902,NA,0.9985706268445376,0.017656140714311777,0.036934380739917366,0.0018629772544512836,NA,27,34,34,0.022913190705678547,0.15055855479102226
ENSG00000030419.16,IKZF2,0.0016728214788354176,NA,0.998665282191555,0.025291768175504655,0.04776904573652762,0.0004354112599073314,NA,77,80,80,6.2746804256392396e-15,0.19041589536351025
ENSG00000205937.11,RNPS1,-0.0015439309183676738,NA,0.9987681218466976,0.0008801524555060034,0.04593892586877852,0.0006318173158618611,NA,3,3,3,0.8546022421636367,0.03993180058914525
ENSG00000142621.19,FHAD1,0.0014200985951332548,NA,0.9988669256369668,0.04550930881970999,0.2269326411705991,3.9440262888977055e-16,NA,17,18,18,0.3902782207744695,0.027692129040116174
ENSG00000256073.3,URB1-AS1,-0.0012948554103243046,NA,0.9989668551483339,0.022438224732866306,0.10295660535829082,1.3021566965291724e-07,NA,55,57,57,8.242983017578481e-07,0.08293840404723121
ENSG00000165389.6,SPTSSA,0.001133139692386461,NA,0.9990958855276932,0.008238325326175109,0.07699109839174406,7.7630169920192e-06,NA,55,59,59,0.024144607604743476,0.032573359351542486
ENSG00000119326.14,CTNNAL1,-0.000738309272473557,NA,0.9994109144839143,0.0032936555718519334,0.08418327657500675,1.3106572336732544e-06,NA,35,35,35,0.1723132278658983,0.03183756971112752
ENSG00000270074.1,RP11-351I21.11,-0.0005696478247419526,NA,0.9995454868201249,0.0051226997273814984,0.06399633337135821,4.919361554760243e-05,NA,18,24,24,0.0001362749695329781,0.38138416689137294
ENSG00000165392.9,WRN,-0.00031259703577710005,NA,0.9997505836554628,0.014859764223561635,0.17293354124487964,1.384545684216995e-12,NA,15,16,16,0.22167787427791374,0.15905715927155553
ENSG00000136425.12,CIB2,3.612045187383139e-05,NA,0.9999711800491269,0.00841503655745388,0.10091624834717433,1.4960458305300062e-07,NA,21,23,23,0.051393319724799595,0.10205367867943473
ENSG00000162881.6,OXER1,-3.032111200975919e-05,NA,0.9999758072528647,0.006522444944921695,0.07189638147831005,1.064845210381504e-05,NA,9,10,10,0.42249318275168113,0.06372371770418465
