gene,gene_name,zscore,effect_size,pvalue,var_g,pred_perf_r2,pred_perf_pval,pred_perf_qval,n_snps_used,n_snps_in_cov,n_snps_in_model,best_gwas_p,largest_weight
ENSG00000227373.5,RP11-160H22.5,10.675984607488687,NA,1.318522087808344e-26,0.018258701267644374,0.07867353779403953,0.000128712829970383,NA,85,85,85,3.875573492791242e-36,0.07315678868730639
ENSG00000275759.1,RP11-131L12.3,-10.112207577692587,NA,4.8772691089577825e-24,0.03214324552131167,0.16859666466177078,1.3847720465311635e-08,NA,13,13,13,2.449972748881034e-31,0.083395649802582
ENSG00000272911.1,RP11-74E22.6,9.3038527598932,NA,1.3544661994156059e-20,0.05724942721696771,0.08493830044541828,9.808466612273196e-05,NA,21,22,22,1.6320338561944085e-34,0.2335871319187821
ENSG00000275409.1,RP11-131L12.4,-8.90233019249359,NA,5.468630026534665e-19,0.0043174033734231934,0.031064323190535238,0.022099347368433227,NA,8,8,8,5.146596221176917e-28,0.08630696895513061
ENSG00000170209.4,ANKK1,-8.173160649301813,NA,3.0041353303664924e-16,0.017565251835275686,0.12353962178952364,1.5287230124366744e-06,NA,25,25,25,1.6553864285070314e-50,0.05409458242288999
ENSG00000156172.5,C8orf37,7.638926304013566,NA,2.1904062954811252e-14,0.020336139557904222,0.14658137753805608,9.077669884125824e-08,NA,5,5,5,7.110176942387901e-16,0.5643968458858515
ENSG00000115556.13,PLCD4,-7.622572245348039,NA,2.4866985953198115e-14,0.05876908980375627,0.17701645412279074,3.906574105133038e-09,NA,57,57,57,8.318783485885025e-17,0.07823873245094587
ENSG00000198945.7,L3MBTL3,-7.6080291079060105,NA,2.783071709225896e-14,0.08535701582959218,0.3711368732094221,7.181200225440332e-20,NA,25,26,26,1.0529451698637579e-16,0.27208356416742663
ENSG00000142949.16,PTPRF,-7.568130262011692,NA,3.786342225444446e-14,0.005765038372434842,0.0923418029415062,3.5187529179795836e-05,NA,22,22,22,2.9026177245949663e-22,0.04216844312239797
ENSG00000135929.8,CYP27A1,7.399769597977972,NA,1.3642098831949284e-13,0.002333186855560915,0.03924940149500386,0.009901975069766346,NA,47,47,47,7.392626181584575e-15,0.007826760960524828
ENSG00000187824.8,TMEM220,-7.060994221612003,NA,1.6531547047953718e-12,0.06686578063001891,0.4000806887232022,3.9906849423673687e-22,NA,44,44,44,6.320142762240861e-19,0.07111329515356785
ENSG00000185920.15,PTCH1,6.966856442680732,NA,3.241010814665045e-12,0.0028167672098822548,0.02400756237225291,0.03899782262321677,NA,5,5,5,3.815257259016541e-15,0.02488927570295028
ENSG00000125485.17,DDX31,-6.923150477649007,NA,4.417081251103023e-12,0.10317039129267866,0.4566000821664852,1.9268962866094527e-27,NA,17,17,17,1.0259764321043857e-14,0.07857750190252642
ENSG00000156603.15,MED19,-6.598353448185502,NA,4.157491633732031e-11,0.021143596440069502,0.14968736935251106,8.530490933396398e-08,NA,45,46,46,8.791662130935678e-59,0.057991214172599725
ENSG00000238078.1,LINC01352,6.083697437204062,NA,1.1744213663958844e-09,0.026556590532498717,0.0891217751607495,4.484316810857527e-05,NA,11,11,11,5.26457817562236e-13,0.12936207187470178
ENSG00000204084.12,INPP5B,6.043497335980123,NA,1.5080886721419238e-09,0.01010401290574895,0.10650016727654132,7.999883072851758e-06,NA,10,12,12,1.2161332415579046e-14,0.042092546681076565
ENSG00000135913.10,USP37,-6.02766259527955,NA,1.6634786791887782e-09,0.009396989945809023,0.09420646354445322,3.6517360814799015e-05,NA,41,42,42,1.601253867867979e-16,0.02511372067130577
ENSG00000185829.17,ARL17A,-5.86608018869507,NA,4.462180572524187e-09,0.05458359520825562,0.29538625995601475,3.509447584640025e-15,NA,11,26,26,2.50668052335975e-26,0.1831406719631742
ENSG00000206560.11,ANKRD28,5.8539120001088465,NA,4.801427451339108e-09,0.0006723560082337848,0.04316428471243622,0.00715261543850832,NA,14,15,15,3.018902468108388e-16,0.01626527710278398
ENSG00000124915.10,DKFZP434K028,5.788757758849463,NA,7.090887200762964e-09,0.18859339138246778,0.3898573805136277,4.8398278341704226e-21,NA,23,27,27,3.4641673795938577e-12,0.22311147360285244
ENSG00000176681.14,LRRC37A,-5.67422842781173,NA,1.3931513271067127e-08,0.19559176833345487,0.4551330021421896,1.2925120625946856e-26,NA,33,43,43,7.627772354574047e-37,0.4553959823120189
ENSG00000140832.9,MARVELD3,5.503512328579861,NA,3.7229848252033496e-08,0.008949256292805258,0.1152004226703306,4.644335820810562e-06,NA,10,11,11,2.7049946676992947e-12,0.04952903155466255
ENSG00000187122.16,SLIT1,-5.494217152202924,NA,3.924473570243277e-08,0.011672103599009664,0.023551122022346712,0.045651448548385536,NA,23,25,25,9.04472368237692e-26,0.1319759574378831
ENSG00000169230.9,PRELID1,5.465609996283842,NA,4.613176161054139e-08,0.025860213990978407,0.2613107838469209,3.468447631406999e-13,NA,6,6,6,2.690784543320802e-16,0.1298490231625364
ENSG00000139620.12,KANSL2,-5.432562034881587,NA,5.5550632164115467e-08,0.08248751663026971,0.3492724989051678,6.810043017776547e-19,NA,15,18,18,7.0080958718293854e-09,0.047192892355113536
ENSG00000197696.9,NMB,5.380853276848935,NA,7.413360014784089e-08,0.011540518902135113,0.08162641977849465,0.00015594292572255613,NA,15,15,15,1.2256419609542648e-10,0.06360297589704106
ENSG00000171533.11,MAP6,-5.369962728233587,NA,7.87529167379152e-08,0.00940535470605015,0.07957231976565875,0.00018090354563667384,NA,7,7,7,2.564197396271758e-08,0.05494666277639475
ENSG00000227676.3,LINC01068,5.141064685148763,NA,2.731859739797079e-07,0.05113416647507271,0.21731723526355146,9.737596068547832e-11,NA,30,30,30,7.227708087007197e-10,0.09704937771770282
ENSG00000048471.13,SNX29,-5.08580035469283,NA,3.6607898476600935e-07,0.007427502457567366,0.03188021263011965,0.020643284532536374,NA,13,14,14,1.2447778032373712e-22,0.2895102272429713
ENSG00000166788.9,SAAL1,-5.053565414261105,NA,4.3363770083157315e-07,0.0037915098897034634,0.040184999061698604,0.008934056383289429,NA,15,17,17,9.490701093520047e-09,0.0343651978744134
ENSG00000050130.17,JKAMP,4.952932700331105,NA,7.310326331242287e-07,0.013353456397148262,0.096626858888072,3.3623144947509066e-05,NA,48,49,49,3.298536360600882e-15,0.05484472839177764
ENSG00000185324.21,CDK10,4.926372415009966,NA,8.377026671082061e-07,0.01389009119005691,0.20881244210446784,6.315073158303226e-11,NA,11,12,12,4.4257321891557364e-15,0.1347839961678891
ENSG00000124920.13,MYRF,-4.904682119544231,NA,9.357876222346798e-07,0.21691896763142932,0.5622010803687099,1.430834844214088e-36,NA,22,23,23,1.5503588810119418e-07,0.24332418584263285
ENSG00000183735.9,TBK1,-4.898646347991371,NA,9.649915064062164e-07,0.0012106863379171295,0.036438303063670574,0.01248712381150062,NA,14,14,14,1.0195851654143489e-09,0.016360014076187666
ENSG00000144401.14,METTL21A,4.886378689535495,NA,1.0270756152714984e-06,0.024954687910766434,0.08480631478448966,0.0001256895114172029,NA,72,74,74,6.318690471142392e-14,0.14542862501915
ENSG00000149548.14,CCDC15,4.87790225681483,NA,1.0722003013027768e-06,0.03556895526208323,0.06768555301910523,0.00048529489230137986,NA,66,69,69,1.3181727769600038e-10,0.11846602438352152
ENSG00000152359.14,POC5,4.821208989564918,NA,1.4269076794970468e-06,0.004082914484124891,0.05223010456038882,0.002626966641532713,NA,10,10,10,6.32471974591933e-08,0.050831350188201126
ENSG00000165887.11,ANKRD2,4.817269799656577,NA,1.45535842882854e-06,0.022705153472296947,0.024298250536772672,0.03950354165636615,NA,19,20,20,1.5794415037109557e-37,0.14970918369852626
ENSG00000099899.14,TRMT2A,4.719401331044677,NA,2.3653974351666147e-06,0.006268426717279032,0.027317934854992804,0.02988126691688346,NA,37,42,42,1.6121587854582335e-09,0.0679133519407919
ENSG00000100359.20,SGSM3,-4.702403888241479,NA,2.571162594788707e-06,0.0020610168393956066,0.026348284667956325,0.034041282594037284,NA,6,6,6,2.087652404438304e-08,0.0424426146205169
ENSG00000174007.7,CEP19,-4.687146625197644,NA,2.770404875812232e-06,0.06254335554888896,0.1405288198945277,4.979033114519973e-07,NA,59,63,63,4.230424842409664e-26,0.15212313449138987
ENSG00000090487.10,SPG21,-4.6384924206406986,NA,3.5095980362972932e-06,0.0341849567368117,0.204269228608752,2.575640423431801e-10,NA,12,12,12,1.849752776672828e-08,0.05539457575481429
ENSG00000187627.14,RGPD1,-4.567634913627402,NA,4.932581922247405e-06,0.0006777936722441209,0.2866669656607449,9.889690323485493e-15,NA,8,13,13,1.7345616190340184e-08,0.022778540348832053
ENSG00000115590.13,IL1R2,-4.559123863815374,NA,5.1367469474479665e-06,0.00500817471606089,0.08506237598550874,0.0001128851651537658,NA,12,12,12,2.0319181154669033e-06,0.023295837007185124
ENSG00000064270.12,ATP2C2,4.5228858687422555,NA,6.100213752991224e-06,0.029833971663320004,0.13162752329527708,1.1031126220425815e-06,NA,12,12,12,5.261437461224341e-06,0.13150569608190835
ENSG00000184164.14,CRELD2,4.510544087038558,NA,6.466156037208153e-06,0.007300783935515334,0.12164005258972002,2.5072435113473782e-06,NA,13,14,14,1.1950687807659541e-06,0.023741423256850108
ENSG00000111670.14,GNPTAB,4.423872130624383,NA,9.694741450502697e-06,0.017321996947948268,0.04997650041442162,0.0032289035939447822,NA,40,40,40,7.115241862667626e-18,0.0713381352066554
ENSG00000006047.12,YBX2,4.4121053871915725,NA,1.0237026019540992e-05,0.02204868387810945,0.23820314523699626,1.0516993692836242e-11,NA,7,7,7,3.055183077393057e-06,0.23435004946652505
ENSG00000227403.1,LINC01806,-4.405848542234575,NA,1.0537057199444479e-05,0.08871429063837194,0.2997433265635397,2.473838910182344e-15,NA,51,57,57,1.236253267299865e-13,0.2953091019094005
ENSG00000247596.8,TWF2,4.392261283332675,NA,1.1217777028740954e-05,0.0007979957346497619,0.03381871650763875,0.017851132106175983,NA,6,8,8,9.080092963038062e-08,0.02171146801193049
ENSG00000090661.11,CERS4,-4.368461972985379,NA,1.2512459819050047e-05,0.003262161055526077,0.035292066915274437,0.012923978423830541,NA,17,19,19,1.5852266723286612e-09,0.15750514799096146
ENSG00000169609.13,C15orf40,4.338053050996597,NA,1.4375046108373288e-05,0.058769105525985674,0.3120316184445183,4.119400294556533e-16,NA,25,25,25,1.3838083249855909e-15,0.07582937619841854
ENSG00000104341.16,LAPTM4B,4.28144118868355,NA,1.8568680042564506e-05,0.09961453507246035,0.3483827726760568,4.56929424424014e-18,NA,69,75,75,4.149693113309476e-11,0.1083687942063486
ENSG00000054523.17,KIF1B,-4.269811302706325,NA,1.9563841365058454e-05,0.009834447840195559,0.05974580941364381,0.001085815260547643,NA,34,35,35,3.3292140524824513e-09,0.07365965627727689
ENSG00000145476.15,CYP4V2,4.208241200787143,NA,2.5736606799936004e-05,0.04135351343506606,0.311427286058053,7.028103995837716e-16,NA,16,17,17,2.658452767004628e-05,0.2284766839708029
ENSG00000183323.12,CCDC125,4.181226465079067,NA,2.899409049136489e-05,0.010626624862379995,0.06402681701841309,0.00095571163305903,NA,13,13,13,6.58837052157734e-18,0.12120712647190812
ENSG00000140632.16,GLYR1,-4.15593586562548,NA,3.239586983167089e-05,0.0006665647279496396,0.047308617088751136,0.0046050376412869855,NA,6,11,11,4.2081157431479144e-06,0.049778576635243016
ENSG00000196683.10,TOMM7,-4.125622882403974,NA,3.6973270031296416e-05,0.01330270688451735,0.14595742819512153,1.7643664387932836e-07,NA,24,24,24,3.041870216963753e-08,0.040176974736226924
ENSG00000125734.15,GPR108,4.087159381326132,NA,4.366871325503951e-05,0.05276276999795532,0.3235724310398314,1.1905402571748716e-16,NA,25,27,27,1.537109043993421e-05,0.10383532360181323
ENSG00000183527.11,PSMG1,-4.066101791153956,NA,4.780606158247796e-05,0.0059675335421647295,0.20989994363664488,8.571824082570242e-11,NA,17,18,18,7.21646499167476e-07,0.010438856544003169
ENSG00000115561.15,CHMP3,-4.0580153855834915,NA,4.9491508054275805e-05,0.0018001686943391348,0.05008204896499892,0.0026985454223055066,NA,20,20,20,7.364378698162477e-06,0.017721812648219856
ENSG00000131697.17,NPHP4,-4.008073288780676,NA,6.121612503066618e-05,0.29887355964194373,0.6068599186693494,3.086552593892666e-41,NA,15,16,16,1.9687763405192064e-11,0.2524377333346133
ENSG00000205078.5,SYCE1L,3.9962587868429575,NA,6.435138633597403e-05,0.16930933049793553,0.1849061387624049,2.9264564678791387e-09,NA,95,101,101,1.8653233579517234e-54,0.2931023355016485
ENSG00000181856.14,SLC2A4,3.984395076904218,NA,6.765223987169162e-05,0.02218977766740589,0.19220658761185186,1.2137846300346093e-09,NA,9,10,10,3.055183077393057e-06,0.2109909723753444
ENSG00000186446.11,ZNF501,-3.9735717945511047,NA,7.080280334523428e-05,0.015698657005549812,0.09632134247079356,3.662914565174423e-05,NA,9,10,10,3.2577534808991374e-05,0.1635804425278141
ENSG00000181754.6,AMIGO1,-3.964184355726133,NA,7.364732240323145e-05,0.11298993587423459,0.38024007318954856,3.6574383537508015e-20,NA,24,24,24,1.9960582452573518e-09,0.11300041931254436
ENSG00000163239.12,TDRD10,-3.9371405074045445,NA,8.245832960886478e-05,0.03099723267957641,0.16689805778680006,5.6143178400882225e-09,NA,28,30,30,5.336296562920292e-06,0.0597168577681103
ENSG00000117305.14,HMGCL,3.914751848340637,NA,9.049723370425796e-05,0.001387714405322467,0.036705286109514984,0.012131751597074865,NA,13,13,13,2.7952238211461196e-05,0.005651364271297828
ENSG00000101190.12,TCFL5,-3.902227250925384,NA,9.531160978570793e-05,0.004645760181700277,0.042783758755278484,0.005269694277479764,NA,8,8,8,5.264545522701336e-05,0.0992873538194972
ENSG00000197329.11,PELI1,3.899788239564836,NA,9.627685752427882e-05,0.0011388069117787307,0.041404764949250765,0.0077186627799315346,NA,5,5,5,3.872550812633801e-06,0.025877886335172705
ENSG00000176209.11,SMIM19,3.8548410778576314,NA,0.00011580483073981578,0.00878703091227142,0.1864160845638215,3.616123767088189e-09,NA,18,19,19,4.775614402401267e-07,0.05848788311851985
ENSG00000183386.9,FHL3,3.833041650275155,NA,0.00012656851374054267,0.016661232060783477,0.023574879512892884,0.04307507668614119,NA,66,67,67,1.2728868384831946e-23,0.1924204404142016
ENSG00000185519.8,FAM131C,-3.819038630395376,NA,0.0001339727831929525,0.03984436259470962,0.1635389474666186,2.3422133823365522e-08,NA,20,20,20,1.2103863622850395e-05,0.21761201457807144
ENSG00000267302.5,RP11-178C3.2,3.7800602036105313,NA,0.00015679044241520933,0.008133323168837879,0.04657331999557252,0.004186432743703357,NA,16,16,16,4.185117753132038e-07,0.037313423511631284
ENSG00000054938.15,CHRDL2,3.774957048326484,NA,0.00016003523570476828,0.0023141287192185844,0.05057216982361331,0.0010723831754510962,NA,3,3,3,0.00013932198497021967,0.08413386623950697
ENSG00000136235.15,GPNMB,-3.7601459932408696,NA,0.0001698142252440331,0.003864438045757561,0.04241444939920267,0.005609296767083861,NA,6,6,6,1.372630862084568e-05,0.0404726242074778
ENSG00000170430.9,MGMT,-3.759697803878123,NA,0.00017011872598558878,0.0725523015414801,0.43695305406659257,1.1292892053831655e-25,NA,33,34,34,2.0173557717059487e-11,0.094377861716959
ENSG00000008838.19,MED24,-3.678090343200325,NA,0.00023498673290281267,0.0056116044803924655,0.0370812951777962,0.011189622098038742,NA,21,21,21,3.4074633573185624e-07,0.04466624594190207
ENSG00000251396.6,LINC01301,-3.6760404652149936,NA,0.00023688196516560083,0.006965850097983363,0.02395310275598611,0.044798176472448006,NA,11,11,11,3.63649548617818e-07,0.03952685333326342
ENSG00000170775.2,GPR37,-3.670311066510317,NA,0.00024225547607837394,0.035290889235625,0.19207447085329546,5.230265142066212e-10,NA,44,44,44,1.916478157376824e-06,0.08761557773561285
ENSG00000188163.7,FAM166A,-3.6679680376834534,NA,0.0002444857372891896,0.074713378106065,0.38586842366047397,6.3796101313307885e-21,NA,18,19,19,0.00042493177419897893,0.1997145845733178
ENSG00000244752.2,CRYBB2,-3.665941209041361,NA,0.0002464305394947335,0.060970046752700305,0.1483773402909411,1.3408774989448097e-07,NA,67,78,78,0.00023357627159624678,0.15361917674281592
ENSG00000240694.8,PNMA2,3.6636363861888155,NA,0.0002486597155430577,0.009978785745413422,0.04894454539615137,0.003599802738755797,NA,15,15,15,1.0551450551590828e-07,0.19415676979918012
ENSG00000144021.2,CIAO1,-3.617372408441355,NA,0.00029760895527943226,0.009977133627668224,0.14075276928589475,2.3472599618554282e-07,NA,9,9,9,5.651538061170464e-05,0.022999416646099356
ENSG00000189067.12,LITAF,-3.5963679071722043,NA,0.0003226913269167467,0.02548892927982312,0.13462696076938865,7.097601307647241e-07,NA,33,35,35,2.2667767638429152e-05,0.19299780021186466
ENSG00000151773.12,CCDC122,-3.591231795123779,NA,0.00032911875660243873,0.05975331003232352,0.18362755156040697,1.881575009935642e-09,NA,47,50,50,6.552868369779769e-07,0.11853849291085815
ENSG00000122729.18,ACO1,3.590213951692228,NA,0.0003304066465365885,0.002365236874357965,0.034774644720539614,0.012905491861128243,NA,21,21,21,1.3435505710506698e-06,0.14772336778627382
ENSG00000277352.1,KB-68A7.2,-3.5600692854333444,NA,0.00037075695956110107,0.012694723740135513,0.1611200907227923,1.4845081165148655e-08,NA,3,3,3,4.089265208009777e-05,0.09834985501628024
ENSG00000137274.12,BPHL,-3.55587798050953,NA,0.0003767189023366705,0.007375893028603106,0.2500211034175638,2.1003840068409285e-13,NA,27,27,27,6.076996453698189e-05,0.015049994718375427
ENSG00000141258.12,SGSM2,-3.5474172885063777,NA,0.00038902788230106284,0.00493736066879478,0.1140317167334486,5.1182179290376e-06,NA,5,6,6,5.957732749802965e-05,0.09301668389348516
ENSG00000110768.11,GTF2H1,3.545412217928282,NA,0.000391999529245617,0.0211629660155159,0.13633359713225746,6.455319152094546e-07,NA,34,34,34,3.682056679898362e-09,0.06138103960426285
ENSG00000238083.7,LRRC37A2,-3.4987060060194,NA,0.00046752177180904553,0.018985507657718018,0.4057334819575664,2.042968309135148e-22,NA,17,167,167,1.186179735849227e-133,0.2501191585335813
ENSG00000251169.2,LINC01843,3.4882736201352564,NA,0.00048615030025737953,0.012852059935917448,0.06701726444815283,0.0006091620650607576,NA,20,20,20,4.250226339052425e-10,0.11674466401976633
ENSG00000197958.12,RPL12,3.4816327421622706,NA,0.0004983666994806054,0.00891506774362783,0.11490267493680326,4.218018022089289e-06,NA,27,28,28,1.915188380404773e-05,0.04259878718538107
ENSG00000162951.10,LRRTM1,-3.459910623217645,NA,0.0005403547092852646,0.0058987538769068645,0.02902075661219682,0.027069241856529487,NA,10,11,11,0.0005750182333739608,0.2939624444249182
ENSG00000104325.6,DECR1,-3.4475308690573874,NA,0.0005657357539583554,0.031114918899587667,0.28868261804610706,5.463465741047752e-15,NA,92,99,99,7.078437516567632e-05,0.041635424764452866
ENSG00000197768.10,STPG3,-3.436036406385481,NA,0.0005902916438879827,0.0035639533857505564,0.13520557513388032,3.177444406393509e-07,NA,5,5,5,0.0005280415922274502,0.08950193414114925
ENSG00000073711.10,PPP2R3A,-3.4338898229008166,NA,0.0005949859847038449,0.02835544278596961,0.09241307133142418,3.940916787081528e-05,NA,51,52,52,8.560297251930894e-16,0.13261013759127005
ENSG00000213347.10,MXD3,-3.397385062182322,NA,0.0006803316097462175,0.008507915222385832,0.02377459908190608,0.04464387031066299,NA,27,32,32,2.690784543320802e-16,0.11552357322659715
ENSG00000154803.12,FLCN,-3.3917456871676537,NA,0.0006944886787469101,0.08060155350415266,0.3895361893088245,4.3846708839649305e-21,NA,15,17,17,3.0500959658946885e-05,0.1798020795275555
ENSG00000203666.12,EFCAB2,3.3904874269233765,NA,0.0006976845472267478,0.05725132203000634,0.2406325468473464,4.433098300684986e-12,NA,93,97,97,9.98253274897229e-10,0.12523491090970476
ENSG00000055163.19,CYFIP2,-3.3707427581350817,NA,0.000749658237543703,0.022114692194086853,0.1076000643559372,8.060259253343439e-06,NA,49,50,50,0.0002439534063074326,0.07960702196226895
ENSG00000113068.9,PFDN1,-3.3659665122651976,NA,0.0007627596774548716,0.04304176773651262,0.2791593163486574,5.479567030960162e-14,NA,34,35,35,0.0007969359375698706,0.06568475069857649
ENSG00000122642.10,FKBP9,-3.325729309338948,NA,0.0008818752711271193,0.011774361950677957,0.07304471456807116,0.0003515118973613128,NA,37,42,42,2.3955188766584376e-23,0.4251646629569509
ENSG00000160783.19,PMF1,3.324719266213304,NA,0.0008850760657557766,0.006113379074749499,0.06062892201055415,0.0010494621667671527,NA,10,11,11,0.0001373782652209249,0.03561531183400511
ENSG00000150403.17,TMCO3,3.3228487301391314,NA,0.0008910321926409025,0.005059046526309103,0.0670310139106804,0.000639367744285497,NA,12,13,13,6.40314448757131e-05,0.1459802780233799
ENSG00000087303.17,NID2,3.3071374825978253,NA,0.0009425462060200952,0.006647439776080994,0.07578023171289851,0.00024504271128729176,NA,22,22,22,0.00010420400481482173,0.03479827077811542
ENSG00000124664.10,SPDEF,-3.2813340295110955,NA,0.0010331730930372629,0.0017835618757391994,0.05263760119129626,0.002709866145989189,NA,4,12,12,1.586064273532564e-05,0.10041338840430986
ENSG00000110693.17,SOX6,3.2725225266390705,NA,0.0010659237811509246,0.0997271637563113,0.4011642763337489,1.1909846617806535e-21,NA,51,51,51,7.523733467222307e-11,0.0972304949833596
ENSG00000138092.10,CENPO,3.2636406982316712,NA,0.0010999055601665297,0.08638761115080237,0.15329494654629455,8.408890144530713e-08,NA,77,79,79,1.5189069117842417e-27,0.6211576242338165
ENSG00000142039.3,CCDC97,-3.2538950443267822,NA,0.0011383432854756694,0.001237930910295352,0.06443983357354245,0.0006616565608545434,NA,1,2,2,0.0011383432854756694,0.06834493400790337
ENSG00000166823.5,MESP1,-3.2379787301310055,NA,0.001203797839849521,0.001988641394873816,0.03532368820167008,0.01385014946115092,NA,8,8,8,0.0007711264029834007,0.06608341629238497
ENSG00000123179.13,EBPL,-3.2354288691580972,NA,0.0012146014417460515,0.01780428671436127,0.13826493767194606,3.872557607404243e-07,NA,32,32,32,1.305748128971382e-09,0.16416245406179922
ENSG00000128944.13,KNSTRN,3.224869912666552,NA,0.0012602992191872368,0.05527549228765896,0.2075027232966901,2.8491835583796813e-10,NA,29,32,32,2.1880788154571036e-06,0.260217114149624
ENSG00000104938.16,CLEC4M,3.215911358476135,NA,0.0013003098900731082,0.007953868438509652,0.05196143227081648,0.002601235918203216,NA,11,11,11,0.0015493118271667874,0.09830980320281656
ENSG00000235072.2,AC012074.2,3.215607969574691,NA,0.0013016851861827952,0.030423796404462546,0.057174451082472925,0.0017106000926858404,NA,47,49,49,1.1678437041863979e-06,0.09379503532595514
ENSG00000160932.10,LY6E,3.2044693591156252,NA,0.001353116921660851,0.014407847964957027,0.10311004879839218,1.3570481602091164e-05,NA,9,9,9,0.0004339324478867103,0.03116496397178323
ENSG00000254986.7,DPP3,-3.172586075022232,NA,0.0015108776491197442,0.0017693774848064876,0.08549527817413159,9.402177413123696e-05,NA,9,9,9,2.2211073646601697e-05,0.03820984381144453
ENSG00000105329.9,TGFB1,-3.15055358697336,NA,0.0016296135915520277,0.01856866936853573,0.23758063160919324,2.4029739276572027e-12,NA,4,6,6,0.0011383432854756694,0.2600438356138149
ENSG00000141294.9,LRRC46,-3.1482316176500964,NA,0.0016426148313240464,0.05082411078883796,0.10076243958746556,1.6721466014346413e-05,NA,43,46,46,2.987871016651903e-06,0.3188777870682762
ENSG00000151320.10,AKAP6,3.1304647671412873,NA,0.001745299338210966,0.004924913910800309,0.12471546210481697,2.383975562109274e-06,NA,11,12,12,0.001040074643123267,0.020850166476862483
ENSG00000172995.16,ARPP21,-3.127005261510802,NA,0.0017659676689286436,0.0829175969076442,0.1396457940525169,3.364919852325655e-07,NA,44,45,45,1.2762082396525515e-20,0.5485611965871154
ENSG00000196535.15,MYO18A,3.1150975344611087,NA,0.0018388409585672605,0.010545274143087592,0.02505549729180988,0.03730076073008276,NA,16,16,16,0.0007599427341084902,0.059741597742905536
ENSG00000067606.16,PRKCZ,3.1118351172368306,NA,0.001859283128097557,0.0077724140941790015,0.048235360223555734,0.0038157594938666313,NA,7,7,7,1.4767580796897729e-06,0.10758774672584402
ENSG00000188779.10,SKOR1,-3.0910424076291805,NA,0.0019945514542072836,0.03985644022465898,0.1094000674971792,7.3820219486190585e-06,NA,36,39,39,2.359680360001173e-19,0.12333408731033164
ENSG00000101442.9,ACTR5,-3.0895335952114173,NA,0.002004710328464546,0.029299140796991394,0.09978317776490288,2.162850450151361e-05,NA,42,42,42,0.008544420066530478,0.2429433485047363
ENSG00000163412.12,EIF4E3,3.0889398336071183,NA,0.0020087211453524616,0.03715711016116385,0.03246781873080992,0.01801123852873971,NA,51,57,57,6.063018856628453e-08,0.10869638679857464
ENSG00000186652.9,PRG2,-3.0834189603109725,NA,0.0020463683675128186,0.03288781863044555,0.21609084197838369,5.314082661480288e-11,NA,24,25,25,5.928395508544805e-09,0.12159367272134512
ENSG00000132849.19,PATJ,3.082201443336587,NA,0.0020547573446557145,0.009093668196280554,0.023939945288485785,0.04620863540799177,NA,16,17,17,3.5465117838055735e-07,0.05640197350728381
ENSG00000204149.10,AGAP6,-3.075761849817515,NA,0.0020996547501338603,0.01684125742142307,0.18233704400356016,1.004433381025906e-09,NA,20,20,20,0.0002574488645760927,0.03894000714702226
ENSG00000179119.14,SPTY2D1,3.0669683399662118,NA,0.0021624175950409144,0.0058493049571123005,0.14739067371843004,1.4973963207395892e-07,NA,8,8,8,0.0014508520891963193,0.04739674046384516
ENSG00000196152.10,ZNF79,-3.058954337997646,NA,0.0022211100117682614,0.08917055799725954,0.3840785823134547,1.205210219636873e-20,NA,69,76,76,1.915188380404773e-05,0.2263690154833148
ENSG00000132613.14,MTSS1L,3.015100650184628,NA,0.002568939905496335,0.005666483389304144,0.06228986152233984,0.0008785628156202053,NA,8,9,9,2.8810993896431656e-10,0.054384640870548416
ENSG00000104774.12,MAN2B1,2.987977789074945,NA,0.002808299623472109,0.004297721812693223,0.08391048074366503,8.998140504423137e-05,NA,9,9,9,1.6127072807228982e-14,0.048148373894142636
ENSG00000089597.16,GANAB,-2.982443955489575,NA,0.0028595699858978826,0.0039981815044851845,0.0373120261800006,0.01081239841942437,NA,37,38,38,0.000267850039274689,0.06643589068893757
ENSG00000119787.13,ATL2,-2.979691218289832,NA,0.0028853907815335118,0.011775322468587106,0.0694021282302817,0.0004567514020403985,NA,35,36,36,8.416198858804181e-10,0.059159740808521176
ENSG00000179930.5,ZNF648,2.9783847409702378,NA,0.0028977199181348975,0.01835839486741073,0.028913546658127218,0.02837046228261335,NA,56,56,56,3.0845414435974246e-08,0.11801787619360572
ENSG00000204152.10,TIMM23B,-2.9132636823022118,NA,0.003576724417710613,0.03632411773735727,0.10693745417325956,1.0660178444236722e-05,NA,107,119,119,4.060882228984016e-11,0.1472095280142922
ENSG00000203709.11,C1orf132,-2.9053171904086312,NA,0.0036688109499900525,0.008129891086841042,0.07427400915247682,0.00031522714462250647,NA,5,5,5,0.0002763266084380144,0.1393809053335664
ENSG00000183060.15,LYSMD4,2.9011409491831563,NA,0.003718065976455836,0.10747905850763542,0.3456405260990076,1.984256622791356e-18,NA,67,71,71,1.72061079269192e-05,0.16311530468562227
ENSG00000273117.1,AC144652.1,-2.8914737710045033,NA,0.003834395977591855,0.01584087469225816,0.1926401950727276,9.5930583082393e-10,NA,13,14,14,3.0045844731382338e-05,0.11684040284080445
ENSG00000089220.4,PEBP1,2.88568901757664,NA,0.0039055785961543466,0.0007803248572324024,0.04235492731407686,0.007657769598219936,NA,4,5,5,0.0016863015474143936,0.042513484713674436
ENSG00000182871.14,COL18A1,2.8824269954720063,NA,0.003946245685870885,0.003672447655782912,0.030706050038175614,0.02276786245830548,NA,15,16,16,3.521041061251191e-05,0.02657303404219918
ENSG00000117593.9,DARS2,-2.862600944020405,NA,0.0042017939348135405,0.00036515551068842155,0.023735749994549256,0.03978856827110153,NA,10,11,11,0.0071175500409587575,0.01782144604009659
ENSG00000236255.1,AC009404.2,-2.8524421923014613,NA,0.00433847026175039,0.0038130092983063996,0.04533088676690872,0.004846745966233424,NA,13,13,13,0.000502597059381775,0.06131694790828266
ENSG00000173548.8,SNX33,2.8458485429724756,NA,0.004429325651589643,0.011419357553020572,0.05298136631357619,0.0026910029420027745,NA,88,89,89,1.2503056341988818e-11,0.08778237490249423
ENSG00000100395.14,L3MBTL2,2.8454810428396606,NA,0.0044344398890570486,0.01594522826154489,0.156605610019516,8.778557127750333e-08,NA,40,42,42,0.001270132646720516,0.05271493119497614
ENSG00000104447.12,TRPS1,2.839501777700419,NA,0.0045184043342668175,0.008515460517231644,0.028098086644291087,0.030614587722702376,NA,8,8,8,0.0009004445722460362,0.033760503103693384
ENSG00000178467.17,P4HTM,-2.838834025081625,NA,0.004527870172728163,0.01253750634142009,0.08077351382188433,0.00012755729521483195,NA,16,17,17,8.950486786404221e-13,0.1143829653394488
ENSG00000076067.12,RBMS2,2.829404679338886,NA,0.004663468961195814,0.0016382381950761664,0.02922808706196878,0.0273923679162812,NA,10,10,10,0.0005146688593829813,0.035220649002117445
ENSG00000122254.6,HS3ST2,2.824011349543319,NA,0.004742670542619072,0.001637600726481405,0.029438415230857717,0.0252736403425177,NA,2,2,2,0.003358247224736604,0.0976716958051998
ENSG00000250490.1,LINC02145,-2.8212950830094536,NA,0.004783018421210933,0.06333869702370945,0.3449758892359888,5.176622325750221e-18,NA,11,11,11,0.0010396388345760787,0.07899010098267797
ENSG00000185736.15,ADARB2,2.7990351891994636,NA,0.005125555134322344,0.05909144842226055,0.21499727020710985,6.683756347471173e-12,NA,19,19,19,6.272544565859749e-05,0.16469039321599802
ENSG00000231437.3,LINC01750,2.796895872318595,NA,0.005159615902763854,0.0341857046737173,0.1483741312738522,6.7917913712675e-08,NA,6,6,6,0.005737006381210659,0.1920990528740217
ENSG00000204217.13,BMPR2,2.792363103745121,NA,0.005232460304661342,0.03714420698347493,0.19510264552888884,1.0415852708291604e-09,NA,37,39,39,2.407264776640863e-08,0.06806770518319745
ENSG00000112977.15,DAP,2.7848918225315744,NA,0.005354558380490068,0.0036576981671711368,0.0749576558200559,0.00026875991629537056,NA,7,8,8,8.407745880806621e-07,0.06380599788082582
ENSG00000251432.6,RP11-420A23.1,2.753331601376704,NA,0.005899211055167079,0.0017075654026085364,0.029458989001633462,0.025098971577840218,NA,18,19,19,1.799731787915564e-09,0.04156800968698837
ENSG00000188986.6,NELFB,2.7526998788229777,NA,0.005910605332313172,0.007096768560950571,0.10558347304485384,8.154369765857322e-06,NA,7,9,9,0.0005280415922274502,0.0864640332713176
ENSG00000069424.14,KCNAB2,-2.7445010647016526,NA,0.006060295787987856,0.0026196380394130437,0.02335108727715105,0.044252233069954135,NA,3,3,3,0.005025969117283166,0.058382789602053335
ENSG00000126790.11,L3HYPDH,-2.742328352532022,NA,0.006100532479889275,0.022168497790643664,0.12331598773535682,2.5927090208714845e-06,NA,24,24,24,8.444615943171052e-13,0.21051119412644476
ENSG00000180697.8,C3orf22,-2.7270167562137524,NA,0.006390979356389259,0.0036474494962337196,0.036171520612261074,0.01295392319137947,NA,8,8,8,0.0024974229130185215,0.08735120146814011
ENSG00000117472.9,TSPAN1,-2.7238079420194787,NA,0.006453402238376635,0.006662996381176914,0.0281118857477394,0.025515604585714318,NA,9,10,10,9.943201174534907e-05,0.09823834332582143
ENSG00000129595.12,EPB41L4A,2.711609886960804,NA,0.006695734353589934,0.011644138372642257,0.13975598197022554,3.5323438950445426e-07,NA,7,7,7,0.0004331380829469584,0.062335479808237886
ENSG00000158773.14,USF1,2.707957558173256,NA,0.006769867928204602,0.007315043164168098,0.02816523223049425,0.029641644630532406,NA,29,30,30,2.744895713870918e-05,0.07146562464929644
ENSG00000262801.5,U91319.1,-2.7047278242273554,NA,0.00683603752259024,0.04311526481023552,0.17743314549856753,6.57390308716755e-09,NA,42,43,43,9.78630539264975e-11,0.1407632093022708
ENSG00000143028.8,SYPL2,2.6979666749307056,NA,0.0069764424138881245,0.166762869489745,0.4849619631628961,3.651262822678372e-29,NA,63,65,65,0.00012642806623517318,0.12325298457039187
ENSG00000099385.11,BCL7C,2.6930159368255095,NA,0.0070808884265520615,0.0007413802599653078,0.030004841217191974,0.021970627798817536,NA,6,7,7,3.4654267071805395e-06,0.021377428152696498
ENSG00000273270.1,RP11-212P7.2,2.680109513432714,NA,0.007359807747221787,0.03430366656008383,0.2735363576679001,3.0289996385275366e-14,NA,33,34,34,0.0033201096012040483,0.014464306771225963
ENSG00000166866.12,MYO1A,2.67949261164284,NA,0.007373383043835723,0.016101162150692627,0.03126977628815855,0.021439722804119862,NA,26,27,27,0.00045193492177509346,0.06949670123210494
ENSG00000160339.15,FCN2,2.673642851489735,NA,0.0075032312294646365,0.005524774867716719,0.06004844768774133,0.0011439291209644187,NA,31,39,39,0.00024137083009225736,0.09158268438140188
ENSG00000124107.5,SLPI,2.668551443833543,NA,0.007617911145857381,0.00908203478167246,0.039445506715822864,0.009710858932510148,NA,58,62,62,7.963319055647671e-26,0.09872321892334872
ENSG00000272463.1,RP11-532F6.3,-2.6588629780743465,NA,0.00784048429186934,0.01465362877936544,0.10019763058264193,2.4591059499877026e-05,NA,7,12,12,0.007632662780102575,0.17538962050944876
ENSG00000122696.13,SLC25A51,-2.6558924777103816,NA,0.007909883008290059,0.04632888314210992,0.18867062282967992,1.8862826081128086e-09,NA,48,51,51,4.244651254323094e-23,0.08869964268373198
ENSG00000140323.5,DISP2,-2.6415681584828743,NA,0.008252320092707087,0.11707266092279202,0.2808788407628297,2.2875859353497574e-14,NA,37,37,37,2.1213186386592492e-05,0.3318506840117115
ENSG00000110367.11,DDX6,2.6380401951774535,NA,0.00833866973938069,0.03153239722064826,0.18502693431858316,3.258515861749426e-09,NA,66,85,85,5.752965282088486e-06,0.19780673537150964
ENSG00000106003.12,LFNG,-2.6365027293200756,NA,0.008376552632600037,0.00152756572989723,0.024462366425359462,0.037129468474814256,NA,2,2,2,0.007169014506929611,0.05257063402161871
ENSG00000166436.15,TRIM66,2.6298992861074786,NA,0.008541016705683042,0.04093614315822371,0.4044668580503018,9.048531095454097e-23,NA,16,17,17,9.750865602975158e-06,0.06778266535053977
ENSG00000257354.2,RP11-631N16.2,2.6198733891405386,NA,0.008796241804089097,0.006802721832253143,0.029161438992092805,0.0247790922868014,NA,29,30,30,9.456877827127476e-06,0.12189411901424815
ENSG00000277135.1,RP11-327J17.9,2.619677973002051,NA,0.008801283425179919,0.008733655607347516,0.14534929089807774,1.4838377742141954e-07,NA,12,13,13,3.861366122353343e-05,0.09684254972090624
ENSG00000186453.12,FAM228A,2.6186031778038634,NA,0.008829058684214084,0.07507843619826497,0.11140788809103117,5.47412409247236e-06,NA,42,42,42,2.951803438137969e-21,0.14838186650856394
ENSG00000165891.15,E2F7,2.6156592393006126,NA,0.008905538470094173,0.014495062346089748,0.02531393371539167,0.03785138205398145,NA,50,50,50,0.0005895571389575721,0.05677732625311424
ENSG00000196557.12,CACNA1H,2.605377411058331,NA,0.009177310792298424,0.010161859827491945,0.09788417788478054,3.349977743317416e-05,NA,28,34,34,3.591335468179744e-07,0.10298043451526832
ENSG00000214293.8,APTR,2.603111226828162,NA,0.009238197713220096,0.023071705396691518,0.12577386447336386,8.205907921268235e-07,NA,17,20,20,0.0006913750340587623,0.09025396289071523
ENSG00000275212.1,RP3-446N13.5,2.600277710479814,NA,0.009314834504730807,0.004465888808610478,0.07345426614466911,0.0003651877901526093,NA,9,10,10,0.0004050791376329437,0.061368621466031
ENSG00000131165.14,CHMP1A,2.5930842951293873,NA,0.00951194535568683,0.0021286894729110467,0.03598429717371213,0.012742800990028896,NA,3,3,3,0.00044961137388692976,0.05650978403570767
ENSG00000100979.14,PLTP,-2.573876503834765,NA,0.010056616200760328,0.0037448154838100583,0.0790876563078689,0.0002043291890562804,NA,6,7,7,0.0021169124624616812,0.08397404825940835
ENSG00000197054.11,ZNF763,-2.5736687744263373,NA,0.01006265552527423,0.01840568258548054,0.07025239262901066,0.00046390721022987854,NA,64,67,67,1.0418400455637524e-09,0.08927584781987555
ENSG00000132383.11,RPA1,2.571749734304948,NA,0.010118600771084306,0.0043232673906834765,0.07675033755063118,0.00022878724939067753,NA,11,11,11,0.0017523930867036008,0.06777089582791362
ENSG00000166275.15,BORCS7,-2.567369377942939,NA,0.010247338899853567,0.04259582172656419,0.19322550612327996,4.540055413882327e-10,NA,28,28,28,9.252961148461192e-08,0.1050972838750438
ENSG00000241635.7,UGT1A1,2.562844171765139,NA,0.01038186327953901,0.0031911825343866472,0.07314070089856219,0.00038504698502551856,NA,6,8,8,0.002993932724609327,0.04487321056200983
ENSG00000272156.1,RP11-477N3.1,2.5615069527693977,NA,0.010421915520101417,0.04791154996813951,0.12612368491745815,9.593444830579595e-07,NA,47,49,49,1.7939398959338678e-10,0.1180207006623552
ENSG00000182858.13,ALG12,2.5586368610286603,NA,0.010508344734047107,0.010614709248187646,0.07560928077844907,0.0002648201405486987,NA,53,54,54,4.488571623961051e-10,0.09797766297665178
ENSG00000006576.16,PHTF2,-2.557475599654624,NA,0.010543495457670854,0.048646373019469065,0.04813419869045661,0.003997142280067795,NA,72,80,80,7.00585739179893e-08,0.17692640467376464
ENSG00000109511.11,ANXA10,-2.548426713715984,NA,0.010821002024183454,0.04410822883289553,0.2328004875805487,5.824009076112772e-12,NA,42,44,44,1.3249922620442193e-06,0.10420766720387513
ENSG00000139352.3,ASCL1,-2.543621875500427,NA,0.010970977639655063,0.0033707335204949734,0.03054618996898618,0.02229067972531607,NA,5,5,5,0.007367822030538371,0.03797153289697215
ENSG00000064655.18,EYA2,-2.5435120720828444,NA,0.010974426465468359,0.07268686693203634,0.12833929683063186,6.820965414949645e-07,NA,68,75,75,0.0023590578211607517,0.2971149179690877
ENSG00000263082.1,LINC02187,-2.5420637151703827,NA,0.011020008288448187,0.021379192093326775,0.12712600048518707,1.1546236534321823e-06,NA,23,23,23,3.82409515244357e-05,0.04832303387867931
ENSG00000255529.7,POLR2M,-2.53192364108276,NA,0.011343869174548795,0.00177178270170333,0.030201779978238624,0.02208431899174015,NA,3,3,3,0.008664010931556573,0.047212881111977995
ENSG00000104290.10,FZD3,2.525659152280705,NA,0.011548146145317259,0.0666552577631821,0.13174744133122954,6.598271833258353e-07,NA,63,66,66,1.7684260809591757e-08,0.3800410173449608
ENSG00000092036.18,HAUS4,2.5243444112614055,NA,0.011591430316962775,0.026602096449246517,0.2392561710520198,7.0385106257318065e-12,NA,21,23,23,0.0005109952106582428,0.03686661488836643
ENSG00000170571.11,EMB,2.521193855595773,NA,0.011695739868330364,0.012933927298684773,0.09956458837080984,1.607750189971083e-05,NA,36,36,36,7.232672572106841e-17,0.03313997068700025
ENSG00000169967.16,MAP3K2,-2.5193738970548134,NA,0.011756374304023709,0.0058473312600229276,0.023109264809148718,0.04780985890362922,NA,20,22,22,5.053047789773045e-10,0.150625927519134
ENSG00000256269.7,HMBS,2.5031637264725317,NA,0.012308858793951282,0.019939048240894975,0.1606482459563684,2.0166349688502928e-08,NA,16,18,18,9.039157760468181e-06,0.1350797180371099
ENSG00000105341.18,ATP5SL,-2.4978288407515903,NA,0.012495650997274224,0.012749037361445788,0.06629857571072666,0.0004808032514844173,NA,39,40,40,4.126262443877694e-05,0.13060867119995934
ENSG00000168065.15,SLC22A11,2.4957659986306924,NA,0.012568548244630736,0.03994035935402589,0.10763229039066774,1.1575997236829347e-05,NA,27,27,27,0.015193536291787874,0.037322071722147965
ENSG00000258289.8,CHURC1,-2.4930103672063866,NA,0.012666514783815308,0.08574067734778774,0.42834040886988595,2.000354993493619e-24,NA,57,58,58,0.0015863431906830096,0.054685386121066604
ENSG00000166923.10,GREM1,-2.488351851630059,NA,0.012833669409889463,0.003601842997819405,0.2945291200258852,5.7834763608834285e-15,NA,13,19,19,0.0006742450189969112,0.2167593248785253
ENSG00000114544.16,SLC41A3,-2.487730642693611,NA,0.012856106190055018,0.005141784316540894,0.06486183039220872,0.000675489931312642,NA,11,13,13,0.00021993244858055635,0.028540917269965545
ENSG00000171714.10,ANO5,-2.4805473446195747,NA,0.01311808415402712,0.05735277725578679,0.27192337974714165,6.647541993065398e-14,NA,57,57,57,0.00028471237085936444,0.16493639451466927
ENSG00000125885.13,MCM8,-2.479984911917281,NA,0.013138794226364905,0.0032253926206867677,0.0887437573293946,5.9661160302446376e-05,NA,3,4,4,0.011314196408196827,0.0350772804901731
ENSG00000160190.13,SLC37A1,2.477675764183876,NA,0.013224125725134709,0.03260155781022206,0.17406124930901173,8.648202630321231e-09,NA,23,26,26,0.0003827695439747629,0.07643310743635136
ENSG00000167747.13,C19orf48,2.475865439843891,NA,0.013291366130862096,0.0012949152315805178,0.06396076151664394,0.0007863241455825064,NA,10,12,12,0.001121050869341849,0.015419015807944803
ENSG00000153363.12,LINC00467,2.463415681186918,NA,0.013762026074679846,0.014418917958515385,0.0683665848736541,0.0006147846180765841,NA,29,29,29,0.0003842589807383176,0.2188199555525108
ENSG00000173320.11,STOX2,-2.4617042002809706,NA,0.01382786576390214,0.04658242232883845,0.17636401441889454,1.1618219874061175e-08,NA,74,85,85,6.785487995929001e-09,0.16737595285047854
ENSG00000134962.6,KLB,2.4608388387940643,NA,0.01386126147168737,0.009816930547537052,0.08131979837428614,0.00016965791721315352,NA,33,33,33,2.5396393108639566e-12,0.044726775321299324
ENSG00000124733.3,MEA1,-2.4558145433099736,NA,0.014056567833709285,0.0017606379490942394,0.03403558117668155,0.016812275041537702,NA,14,14,14,4.98677392224414e-06,0.10333110357249853
ENSG00000183431.11,SF3A3,2.4533632815813315,NA,0.014152732760337858,0.0058058511315100675,0.06491648851550247,0.0008544380677870428,NA,18,19,19,9.14866713695601e-19,0.4998333033093119
ENSG00000141252.19,VPS53,-2.452941795794033,NA,0.014169326343315228,0.07116254851804976,0.2675735128381191,2.541224813598884e-13,NA,53,65,65,7.227047539557439e-12,0.3748949637417808
ENSG00000136141.14,LRCH1,2.4478730251984913,NA,0.014370228769260081,0.006519678961841594,0.09987243048549622,2.4216028303181162e-05,NA,28,32,32,0.00015749301540258936,0.051202263173683024
ENSG00000142655.12,PEX14,2.4353065559735585,NA,0.01487917802226004,0.02241375502554773,0.2254572683646053,3.1876861672841417e-11,NA,18,18,18,0.0002905524991993933,0.02132382907232741
ENSG00000256092.2,RP13-942N8.1,-2.4348631690261753,NA,0.014897421951916425,0.04047385307949304,0.13896166473103888,3.8876492112834096e-07,NA,82,83,83,0.0001247617273465153,0.1782166415984161
ENSG00000276524.1,RP11-323F24.3,-2.43024222450909,NA,0.015088735006431408,0.11634431345558051,0.023260719123107964,0.04964182622494431,NA,111,121,121,7.157807058484424e-08,0.15057389543180005
ENSG00000261600.1,RP11-575H3.1,2.4292726839415066,NA,0.0151291487742243,0.011990735594548512,0.202163058192766,5.026913728882722e-10,NA,2,4,4,0.014563434490281935,0.243064482069894
ENSG00000162384.13,C1orf123,2.428569340713925,NA,0.015158526157784248,0.01215943627502536,0.06630571804417476,0.0003682308640503773,NA,26,26,26,9.433030753805592e-06,0.0307265149269351
ENSG00000143093.14,STRIP1,-2.4281774480437712,NA,0.015174916594031949,0.011772820190008023,0.03135430024425444,0.022262881427168976,NA,25,25,25,0.018575501417235504,0.11415280451693235
ENSG00000100368.13,CSF2RB,-2.4226681409604343,NA,0.015406994030622604,0.006693814499694202,0.02260954215175872,0.049485081996309466,NA,24,26,26,0.0012133891034798799,0.05926215690760365
ENSG00000065060.16,UHRF1BP1,2.415344518434128,NA,0.0157203325204367,0.0004288777197845355,0.2859863999310765,3.296805829808424e-15,NA,3,29,29,0.002834917897340221,0.05386763387513056
ENSG00000141433.12,ADCYAP1,2.4052975229661806,NA,0.0161593038380128,0.0257550647952326,0.08567093951887708,0.00011448984060008662,NA,60,62,62,0.00959746264523724,0.2119632075297218
ENSG00000178821.12,TMEM52,2.3986741406565737,NA,0.016454550408302373,0.013654804137770035,0.11842576460218812,3.619487436137165e-06,NA,19,19,19,0.0018541057355883944,0.05951385616181839
ENSG00000174579.3,MSL2,2.397925760583245,NA,0.016488206645703704,0.003157245536967233,0.04236214330793959,0.006883127487374936,NA,12,12,12,5.325897072045275e-05,0.044106551365218766
ENSG00000149485.18,FADS1,2.369100477876828,NA,0.01783140846046901,0.008785559493298404,0.08399039030641417,9.994896937231404e-05,NA,4,4,4,0.0007204801400485562,0.05548372598151069
ENSG00000132703.3,APCS,-2.367972719331163,NA,0.017885854681045654,0.003816756954476764,0.0496120847824327,0.003228361877698509,NA,12,12,12,0.0028379311452639924,0.08267944705180784
ENSG00000088448.14,ANKRD10,2.3656181733800787,NA,0.017999997738731878,0.02118137476670312,0.2186102437740668,2.6378647369492753e-11,NA,9,9,9,0.0017397820856790392,0.06296222298988483
ENSG00000179104.8,TMTC2,-2.353925095010503,NA,0.018576353980329238,0.059840008828023455,0.08604208679329654,5.6094160410926975e-05,NA,56,58,58,0.00022042743504128374,0.19632875777178813
ENSG00000142657.20,PGD,-2.3523324542522435,NA,0.01865609230913214,0.02505472804100438,0.07563545456210928,0.0002612952534719628,NA,60,64,64,1.510406331044985e-14,0.07635400525145035
ENSG00000156256.14,USP16,2.3517508810386762,NA,0.018685284334751837,0.0026295336042102316,0.07140387413840525,0.0003072356347324083,NA,7,7,7,0.011192086104042107,0.03927792354604254
ENSG00000182534.13,MXRA7,2.3495013035481955,NA,0.018798578286530945,0.10016717672845425,0.42536292716505897,4.4503861288748944e-24,NA,30,33,33,2.045575709540997e-05,0.11986627350054108
ENSG00000169291.9,SHE,2.3328139459477497,NA,0.019657912404882526,0.002528866937253628,0.0448362720192841,0.004856609215439497,NA,5,6,6,0.004787884934065962,0.037196598737653186
ENSG00000160072.19,ATAD3B,-2.328350167878385,NA,0.0198935174232088,0.02966575016532526,0.2759069321629076,7.82753526306682e-15,NA,38,48,48,0.0005676449278507014,0.30631988058349396
ENSG00000127663.14,KDM4B,-2.3236248104521424,NA,0.02014561149874329,0.0336229775996275,0.1559304829370114,5.7349774990773394e-08,NA,15,16,16,2.657077326508462e-07,0.1213345042137208
ENSG00000177383.4,MAGEF1,2.3211023413784626,NA,0.020281321058856865,0.021433855325874086,0.06630513047070803,0.00046123528123041233,NA,29,29,29,5.737286497766763e-07,0.1363483848949644
ENSG00000235106.9,LINC00094,2.3174942881793084,NA,0.020476821436688178,0.013755252603568503,0.08623418629420175,7.698724121670617e-05,NA,20,21,21,0.0008371744500374273,0.10190042135850423
ENSG00000119446.13,RBM18,-2.313922643661499,NA,0.02067196578540182,0.00535926086095771,0.07574467052858917,0.00025268778197413304,NA,1,1,1,0.02067196578540182,0.1947026041780012
ENSG00000171160.17,MORN4,-2.31211064931739,NA,0.020771586448534052,0.025512340830283867,0.19445117876338625,5.033177615283406e-10,NA,40,42,42,8.759677097126078e-05,0.1252313831275123
ENSG00000079337.15,RAPGEF3,-2.310277252046352,NA,0.020872809496097613,0.005417428271943467,0.0444753344987781,0.004546651089270872,NA,29,29,29,0.005545554587015705,0.10771597376473764
ENSG00000179528.15,LBX2,-2.3011937448316213,NA,0.02138068230827744,0.0031453359723271268,0.024018759196300837,0.041207689200344136,NA,22,23,23,0.07868746577658602,0.023698594334860403
ENSG00000053900.10,ANAPC4,-2.2973295284144863,NA,0.021599978541712986,0.0814963486441928,0.3679725521517169,2.6901239030931896e-19,NA,49,51,51,0.0001553464861905229,0.07300260360772791
ENSG00000198355.4,PIM3,2.2969053459354605,NA,0.02162416996491105,0.0036782026038885795,0.10524219520009988,1.7770334052116024e-05,NA,16,19,19,4.310680512116263e-07,0.03794265125690833
ENSG00000161999.11,JMJD8,2.2843172261091165,NA,0.022352894236834123,0.0037711205168939593,0.09826338807522886,2.4839938862113085e-05,NA,2,3,3,0.015484507261494742,0.07096413858451002
ENSG00000213077.5,FAM106A,-2.2748270034790035,NA,0.02291630966136746,0.005215464293211444,0.2876127640450778,1.2576173534354644e-14,NA,1,5,5,0.022916309661367425,0.10448616880710984
ENSG00000164347.17,GFM2,2.2739722229630686,NA,0.022967656671199318,0.00933098842799445,0.09188296082503362,5.207054002226742e-05,NA,18,18,18,0.00013319189008260696,0.12947753252026073
ENSG00000007129.17,CEACAM21,-2.2732258999351096,NA,0.023012570283488937,0.03476303160706341,0.033671396482099165,0.015595691708615913,NA,37,51,51,7.191039522683348e-07,0.3506105606364963
ENSG00000163832.15,ELP6,-2.27292743367289,NA,0.02303055328225008,0.006196064087839967,0.0634028996351623,0.0006013931740046503,NA,27,27,27,0.01803487640066635,0.011983850736699162
ENSG00000111364.15,DDX55,-2.272552963506267,NA,0.02305313288136211,0.037888211251724965,0.09315508447125237,4.862506587111439e-05,NA,53,55,55,4.502521643100813e-42,0.16651044227666
ENSG00000198870.7,STKLD1,2.2695290616664474,NA,0.023236171995301712,0.005483013450687647,0.022899507008118408,0.04745152500192427,NA,27,30,30,0.00012815931582709527,0.04767214324086946
ENSG00000135517.6,MIP,2.267891811049045,NA,0.023335801589376374,0.005912807591752762,0.067162151093293,0.0007061410985621999,NA,3,3,3,0.002777739055867915,0.1936406389267005
ENSG00000042088.13,TDP1,-2.2659131831468415,NA,0.023456699292780145,0.008710749152340762,0.06645066039387491,0.00046452862385835215,NA,15,15,15,0.0005876443535236766,0.14556373513764784
ENSG00000146215.13,CRIP3,2.2602935828018076,NA,0.023803035997560576,0.008550089305038318,0.06324156846652024,0.0009666445299826381,NA,22,23,23,4.0962643226557685e-10,0.04242207373746828
ENSG00000278730.1,RP11-147L13.11,2.2544862805834076,NA,0.024165592800120244,0.022158513179266166,0.14096230977513471,4.5663516224974366e-07,NA,13,14,14,9.450902039584955e-08,0.061348796586133535
ENSG00000132313.14,MRPL35,-2.253406830080165,NA,0.024233509279486656,0.01928604754498511,0.09391672709792023,1.95098932636779e-05,NA,30,30,30,0.00030458028985344917,0.10620995927788844
ENSG00000184451.5,CCR10,2.250403285938329,NA,0.02442335661150095,0.07099575576675389,0.027888207788632508,0.02780169086852384,NA,68,75,75,1.938960183845025e-05,0.2362747589017847
ENSG00000234719.8,NPIPB2,2.246110710304159,NA,0.024696917495651085,0.12948514482986334,0.2979553700825437,5.784762213336059e-16,NA,11,12,12,0.004238631920429471,0.20422119246937767
ENSG00000181444.12,ZNF467,2.2457274180119082,NA,0.02472147285942405,0.014682930271884144,0.0782958158138521,0.0002370162634409652,NA,44,50,50,0.011087870550966748,0.11879353052630515
ENSG00000243414.5,TICAM2,2.2444350675888574,NA,0.02480442235271253,0.016620800225183453,0.0766062571852898,0.0002928031357922703,NA,68,72,72,0.00010053808078579822,0.07810183677122239
ENSG00000241973.10,PI4KA,2.242343456568607,NA,0.024939183180740187,0.007274712467956494,0.0566647647214073,0.0017238604757263375,NA,36,45,45,7.097213744772008e-07,0.10040136138691327
ENSG00000008323.15,PLEKHG6,2.2409789849833186,NA,0.025027436292938493,0.00451278561000641,0.06717635823454123,0.0005987153036476878,NA,4,6,6,0.010446046036163146,0.12862187688918106
ENSG00000270720.1,RP11-84C13.2,-2.240277485169437,NA,0.0250729139849428,0.00498964770904998,0.11577558564533685,5.831708948821044e-06,NA,26,26,26,1.616244355792671e-11,0.026858791484292342
ENSG00000144214.9,LYG1,2.2391967233432064,NA,0.025143118958775502,0.016737722589357826,0.19644755352845955,6.976113699058516e-10,NA,58,58,58,3.227819739889905e-08,0.05541843149876847
ENSG00000166562.8,SEC11C,2.236651802563741,NA,0.025309106382744473,0.019933962233158173,0.0705025676231769,0.0004825296676651661,NA,91,106,106,0.003317017762549353,0.15619147558726268
ENSG00000180739.13,S1PR5,-2.228240280653394,NA,0.02586449630432294,0.030872670437793612,0.034309686255864245,0.01186589878402653,NA,65,69,69,8.405921112170093e-07,0.3870585502395162
ENSG00000143355.15,LHX9,-2.2199498083127343,NA,0.02642217489267893,0.07074125698797097,0.05965462826266616,0.0012471286054437686,NA,44,47,47,2.5707702848747426e-18,0.8890268183714052
ENSG00000141959.16,PFKL,-2.2192643219336015,NA,0.026468747362551736,0.0049638427022302995,0.03874222378410127,0.0101910796722108,NA,22,23,23,0.00026898846107923014,0.03328214792382582
ENSG00000100321.14,SYNGR1,2.214446577734779,NA,0.026798073803074543,0.016884956150226376,0.2089694624266232,2.3033175199713738e-10,NA,16,19,19,0.004647324928644382,0.049218509383901606
ENSG00000172113.8,NME6,-2.2076470533930306,NA,0.0272688863697605,0.02484307738049036,0.18000723120337872,3.5405907518811674e-09,NA,50,52,52,0.0014517749773598943,0.0225968663421693
ENSG00000112137.17,PHACTR1,-2.2033219919457827,NA,0.027572062006270687,0.008756897301919503,0.028229418995880707,0.02831391771528158,NA,39,40,40,0.014977788081317766,0.07681356960790481
ENSG00000112685.13,EXOC2,2.2004470607065363,NA,0.02777519202800693,0.01078572465194249,0.06831300332836275,0.00034665800170151915,NA,18,23,23,0.0006995961272195669,0.0921314063582313
ENSG00000135587.8,SMPD2,2.1969169063683593,NA,0.028026381186985357,0.01579847802360488,0.0876822970149178,6.394789894183989e-05,NA,21,22,22,8.520555410154478e-05,0.038012615980529484
ENSG00000164715.5,LMTK2,-2.1968099261350735,NA,0.028034023866749105,0.06322746432217626,0.0374149020219167,0.011752366584110016,NA,164,174,174,5.881792414176112e-07,0.20181999854810725
ENSG00000253967.1,RP11-333A23.4,-2.187963420558477,NA,0.02867226694241247,0.015680094794075707,0.12205726683166053,3.194461182650464e-06,NA,10,10,10,5.7780928527129126e-05,0.04683305413595056
ENSG00000158815.10,FGF17,-2.18227362425255,NA,0.029089344414327922,0.005994690788968929,0.05496749861964627,0.0014398741463599526,NA,5,5,5,0.005264648302551468,0.10247470114665236
ENSG00000274512.5,TBC1D3L,2.175511748084354,NA,0.029591788714420357,0.0011610149719272823,0.24101022335467215,2.4847258853456874e-12,NA,3,53,53,0.07620935024328951,0.07581984677911019
ENSG00000146842.16,TMEM209,2.1706042695585683,NA,0.02996109907567995,0.01102763101261095,0.055588911703860135,0.001728442237811828,NA,34,39,39,0.0004283741340241102,0.066310535890419
ENSG00000091136.13,LAMB1,2.170302463806847,NA,0.029983940102872354,0.061757422132148396,0.15464551744739202,5.1619409967568e-08,NA,39,42,42,3.872399571754737e-06,0.2198701083261376
ENSG00000261159.1,RP11-723O4.9,2.162577932064709,NA,0.030573657095519725,0.029460274119603704,0.15314602726834362,6.12401915560225e-08,NA,32,33,33,4.280769670729795e-05,0.06538571177795931
ENSG00000267272.5,LINC01140,-2.1587922301734115,NA,0.030866289554990153,0.02074876726351033,0.07394360615248981,0.00015689062561969578,NA,32,33,33,0.05515026507153966,0.09641922186556888
ENSG00000178297.12,TMPRSS9,-2.1586451126195962,NA,0.030877710026055778,0.04090936349210708,0.18157661378376694,5.9310151670349064e-09,NA,27,33,33,0.00012096520458147916,0.20755492968296232
ENSG00000160051.11,IQCC,-2.140374603972978,NA,0.032324505215800096,0.013312761462036625,0.0663507159444252,0.0007266872586241433,NA,34,35,35,6.659265233916234e-36,0.17555393087134027
ENSG00000171953.15,ATPAF2,-2.140001519898903,NA,0.032354643913738185,0.016113388256471906,0.09358067396377674,3.42719943215277e-05,NA,10,12,12,0.0004373544309921864,0.22631294057413004
ENSG00000170486.10,KRT72,2.137194904236837,NA,0.03258214233745888,0.015341583686442794,0.098334597357929,2.636281126512844e-05,NA,21,22,22,0.01054630106095722,0.03011014018754986
ENSG00000153317.14,ASAP1,2.1347046280888455,NA,0.03278514472741625,0.00317421640359815,0.05759635341300923,0.0012105369274986984,NA,9,9,9,2.805150635970026e-23,0.05837767751251145
ENSG00000177565.16,TBL1XR1,-2.1312674366814233,NA,0.03306711612903173,0.022301356318557404,0.026813461439145685,0.03141416512447853,NA,71,73,73,9.401632117239693e-05,0.14254209812822907
ENSG00000243135.6,UGT1A3,-2.1310111883978315,NA,0.033088220456327685,0.04309883414757536,0.21879831844368364,8.842764008040186e-11,NA,39,41,41,4.591773433206226e-06,0.2158254106874484
ENSG00000274828.1,RP11-567M16.6,-2.128789132208561,NA,0.033271710477606964,0.02835476202407879,0.25846712243433245,7.503169608171129e-13,NA,28,33,33,0.012083252414291378,0.0601485898550513
ENSG00000253678.1,RP11-981G7.3,-2.1245850466211795,NA,0.03362125269352842,0.10506737341051156,0.08565542166668225,9.241698315602582e-05,NA,76,82,82,1.1167766031254573e-05,0.3769391718433927
ENSG00000044524.10,EPHA3,2.122463384267521,NA,0.033798844367428096,0.008726612922981075,0.050855842369233566,0.0025671132762203593,NA,27,27,27,0.000441680021782695,0.061384055229462116
ENSG00000075240.16,GRAMD4,2.1205115297403645,NA,0.033962930243787985,0.010594928200503529,0.14045228562381468,2.1114170600121726e-07,NA,12,13,13,3.8731588974279916e-05,0.1032788155448719
ENSG00000251129.1,RP11-734I18.1,-2.1107139038101224,NA,0.03479691018366819,0.20359154313062872,0.5419725559642417,1.3483379852471851e-34,NA,30,32,32,0.0022878418504421556,0.27410877424188435
ENSG00000163682.15,RPL9,2.10944702284693,NA,0.034906014267220176,0.07565246857206341,0.32352788189509635,6.844806598051111e-17,NA,48,53,53,2.2286433029434222e-10,0.217316491466588
ENSG00000105821.14,DNAJC2,2.106400303351592,NA,0.035169594974314544,0.0018924494292075467,0.032704692113188036,0.017756386058155146,NA,16,18,18,2.1067455077873388e-07,0.03404405544912623
ENSG00000181135.15,ZNF707,2.103626056158478,NA,0.03541107921422588,0.0024712245508089984,0.04180265453426103,0.007116903881873466,NA,6,11,11,9.95686737619807e-06,0.0683255887125753
ENSG00000171916.16,LGALS9C,-2.0996292719637863,NA,0.03576146572716216,0.019433739575320953,0.18908957416306152,3.907848520870405e-10,NA,4,7,7,0.022916309661367425,0.14577607757446234
ENSG00000106261.16,ZKSCAN1,2.0969139118599984,NA,0.03600119678783795,0.006022298925793367,0.03578660235954461,0.014319650167134691,NA,42,45,45,0.000388364540276217,0.1798110326521654
ENSG00000136270.13,TBRG4,-2.095998024767638,NA,0.0360823661650368,0.008105178639020081,0.1161228293400597,3.4350437625971306e-06,NA,31,32,32,1.2254326996084111e-06,0.11038041902236437
ENSG00000182150.15,ERCC6L2,-2.0940626667744646,NA,0.03625439819826696,0.01922266890849758,0.1750397100660871,9.525836010673256e-09,NA,23,24,24,0.007917869013425633,0.1347168944549507
ENSG00000187609.15,EXD3,-2.091531530751036,NA,0.03648044299682487,0.011001212665955998,0.20366469534611809,1.6175241415399352e-10,NA,4,4,4,0.05790616713742764,0.3716371428495084
ENSG00000171700.13,RGS19,-2.0852355323884595,NA,0.0370479260244616,0.012426847948755829,0.10538921340126366,1.4848241022951066e-05,NA,12,13,13,0.0011996267473936909,0.06994158121347517
ENSG00000165923.15,AGBL2,-2.0843402856125466,NA,0.03712922536083997,0.005871123821344751,0.08003907451345146,6.898801492663809e-05,NA,41,41,41,5.748591352113997e-07,0.12884321336874127
ENSG00000224477.5,RP1-81D8.3,-2.083826136983136,NA,0.037175984964209485,0.014701359731558169,0.06629992308889164,0.0006706832022718286,NA,15,15,15,0.0007955836307961955,0.0910338836865841
ENSG00000253309.6,SERPINE3,2.0827107681148207,NA,0.03727759532950625,0.01864099914777804,0.03132796937720606,0.018852404365371958,NA,20,21,21,7.223370745526075e-07,0.1337475418197913
ENSG00000119720.17,NRDE2,2.0794820218997687,NA,0.03757306853680695,0.005902491438431819,0.08492893284748622,0.00010782866058824349,NA,29,32,32,0.025976208553799753,0.1707801916041391
ENSG00000234444.9,ZNF736,2.0744971508211396,NA,0.03803316309411819,0.00720161351470615,0.04832056225234857,0.004309879198325231,NA,19,20,20,2.402653606014913e-05,0.2705983577040772
ENSG00000197818.11,SLC9A8,2.0709753998859393,NA,0.03836109503413046,0.037487687084974866,0.14295234655776345,2.61424062206038e-07,NA,57,58,58,0.002223590222058298,0.5110641124896032
ENSG00000020922.12,MRE11,-2.070854234192184,NA,0.03837242015720021,0.08963894756286502,0.3469438553451025,3.5067138131600766e-18,NA,37,40,40,0.006430294507703893,0.10787685274175264
ENSG00000197951.8,ZNF71,2.067287902908557,NA,0.03870703345746695,0.01646421176413706,0.08823461289378333,6.581149005685288e-05,NA,13,14,14,0.003337689911627028,0.04007734047168593
ENSG00000114554.11,PLXNA1,-2.065568264819315,NA,0.03886926355324854,0.027034595441374227,0.08630764372365493,0.00010851387365015004,NA,108,115,115,0.003995208640831363,0.2812660931929497
ENSG00000196653.11,ZNF502,-2.050252002266403,NA,0.04033984576406197,0.05036164010305577,0.2449408839697033,6.842874237569745e-13,NA,20,20,20,3.2577534808991374e-05,0.14941999382292204
ENSG00000124459.11,ZNF45,-2.049935703489589,NA,0.04037070553798557,0.0024791944971636892,0.03581989170727135,0.01351067174259901,NA,14,15,15,0.00026874228222504654,0.10676976592073928
ENSG00000196511.14,TPK1,2.0488861077682827,NA,0.04047325308925972,0.027145577570355885,0.19110996710898595,2.3881986346475643e-10,NA,14,15,15,0.006780308018173562,0.07525784161849502
ENSG00000063761.15,ADCK1,-2.0475849708997416,NA,0.04060068320927035,0.007715434069670437,0.10936066353076984,8.191114486647249e-06,NA,12,14,14,0.04129270698024719,0.06150728446419317
ENSG00000130511.15,SSBP4,2.0463996303821066,NA,0.0407170684190669,0.006214139357007308,0.06333859081113437,0.0006173711439524473,NA,27,32,32,5.4023317896284676e-05,0.04574391849491267
ENSG00000196961.12,AP2A1,-2.0454725468423547,NA,0.04080829307420796,0.0021765320552921234,0.03887556009182413,0.005641120310855063,NA,8,8,8,0.01962086076108275,0.03559769498327895
ENSG00000173432.10,SAA1,2.041055530843985,NA,0.04124530780161197,0.00177597124187595,0.02451405098738022,0.04196338627156415,NA,29,31,31,6.8436770804272836e-12,0.052804791636410886
ENSG00000250056.5,LINC01018,2.039923596524132,NA,0.041357936124809924,0.00704431225589718,0.10616507850013517,1.5042930636763273e-05,NA,23,24,24,0.0027379116219807416,0.07602643085772805
ENSG00000079950.13,STX7,-2.036273934258828,NA,0.041722855712363706,0.014421666096237505,0.0644179907347573,0.0005983679458575428,NA,34,34,34,0.017507686855941076,0.07477940600659562
ENSG00000267107.6,PCAT19,-2.035241346220606,NA,0.041826594677196065,0.008461540009931637,0.13320188213704814,8.26771245790994e-07,NA,15,15,15,0.016808051460382036,0.10016234480818872
ENSG00000122477.12,LRRC39,2.031498853879455,NA,0.042204415687074004,0.0316015488703548,0.1911738540502888,6.945770803862333e-10,NA,37,39,39,0.014412898425495875,0.04460894095964272
ENSG00000130517.13,PGPEP1,2.030558621244187,NA,0.04229978884973375,0.0007966302121855545,0.028163441816596926,0.029550612431646476,NA,4,4,4,0.03720735169852596,0.0381957067570636
ENSG00000278869.1,CITF22-49E9.3,2.0275658050721073,NA,0.04260458194338191,0.1067436817718839,0.4239875019297738,2.2745741282810423e-23,NA,16,17,17,2.8182266229038803e-07,0.4055697292965023
ENSG00000243708.10,PLA2G4B,-2.0261855992822575,NA,0.042745768798709,0.0066927155554950025,0.0942542902843111,2.3634538409288532e-05,NA,30,32,32,0.04274636383790014,0.039053820473865485
ENSG00000104723.20,TUSC3,2.0207225594314924,NA,0.04330849317892239,0.01642101623337187,0.12557180939629134,9.950122678306995e-07,NA,13,13,13,0.00220170611886031,0.06740426098890821
ENSG00000164978.17,NUDT2,2.016316359724694,NA,0.04376690528866498,0.2040799049223832,0.5564667349218174,8.247108239594072e-35,NA,54,55,55,2.3867736083217166e-08,0.12477617047696575
ENSG00000162704.15,ARPC5,-2.0150965089734085,NA,0.04389453796442652,0.02122239690328708,0.11564649315678195,6.387292404848119e-06,NA,74,79,79,0.00016098524666445323,0.14633600574147862
ENSG00000171467.15,ZNF318,-2.014346898236261,NA,0.04397312533463457,0.001734926166060495,0.03775437084693445,0.010506825742090206,NA,3,3,3,0.03118880590394953,0.05317434390784488
ENSG00000124743.5,KLHL31,2.0135667864644593,NA,0.04405503646225591,0.007764837518506031,0.04159106770909863,0.00779052134648193,NA,25,25,25,0.0006141939255224099,0.05213916361197543
ENSG00000138175.8,ARL3,-2.0120953546546536,NA,0.04420988627379022,0.029995240833455773,0.02574052037687831,0.038749722850201083,NA,61,64,64,1.969477744767825e-06,0.2272680928796993
ENSG00000159917.15,ZNF235,2.0119929863496493,NA,0.04422067632925792,0.009892216881632675,0.054269213968225406,0.002361678331004737,NA,23,26,26,0.06033370549845987,0.19044631401418646
ENSG00000183570.16,PCBP3,2.0110294843660177,NA,0.04432234249764606,0.014131101746024895,0.03247161530295383,0.018153399216488227,NA,30,34,34,0.0014467629949060316,0.153019717617946
ENSG00000187024.13,PTRH1,-2.010606651616542,NA,0.04436702092288671,0.01922626456699812,0.09313108576278686,5.8280642445408935e-05,NA,33,35,35,0.00013710119201619725,0.0806440870178982
ENSG00000242578.1,RP11-469J4.3,2.0035222916261826,NA,0.04512125736188054,0.021940416041099867,0.08435390273168157,4.0631041260852676e-05,NA,6,8,8,0.01331146737074057,0.14756424769018134
ENSG00000110944.8,IL23A,2.002740730192262,NA,0.04520512455857843,0.01616853664683946,0.0603196102078008,0.001113265409195566,NA,20,22,22,0.002777739055867915,0.2781521548155391
ENSG00000135341.17,MAP3K7,2.000384507094815,NA,0.045458760038593955,0.0056767196311892885,0.025342628990754484,0.03935577274399312,NA,19,19,19,0.0006530357402749817,0.07924583817227727
ENSG00000160213.6,CSTB,1.9992106003572039,NA,0.045585572111415874,0.007509349353180298,0.12390290543886827,2.1894889481953945e-06,NA,18,20,20,1.4335114463510252e-05,0.06574986354740023
ENSG00000155367.15,PPM1J,-1.9981532359067373,NA,0.0457000496696015,0.021342808132508162,0.06650269408574656,0.0007366662632870444,NA,14,14,14,6.604422753505528e-08,0.1232663912474666
ENSG00000140511.11,HAPLN3,1.9979453632053243,NA,0.04572258386680145,0.0011662452982350467,0.03888643542328036,0.008956098573340808,NA,4,5,5,0.03693325371906603,0.025881079481438026
ENSG00000159128.14,IFNGR2,1.996747521202276,NA,0.045852617002377985,0.016362409858486755,0.0382362892709866,0.010181969005813484,NA,57,62,62,7.059137059901217e-06,0.2717738947905753
ENSG00000251637.6,RP11-119D9.1,-1.9951139336056538,NA,0.046030455015896005,0.0018055567315157133,0.08536676366577857,9.0628128651665e-05,NA,9,11,11,0.006965594826374885,0.0375132406754429
ENSG00000219626.8,FAM228B,-1.9932704817038935,NA,0.04623183687755239,0.007392429025576834,0.08671800208641595,5.15063367331917e-05,NA,24,24,24,1.0811726551528847e-14,0.009731312576267684
ENSG00000005436.13,GCFC2,1.9920974737524852,NA,0.04636036409970582,0.002023169329292628,0.040319269501353575,0.008038660460965906,NA,2,2,2,0.04362815958720829,0.1509595850223119
ENSG00000151689.12,INPP1,1.989222091812513,NA,0.04667669451195156,0.00254588946676555,0.043756538821808834,0.005608603728927449,NA,45,45,45,0.031248433615842983,0.004537207321513906
ENSG00000265758.1,LINC01900,1.9880452947286111,NA,0.046806680742519126,0.019404437126553133,0.029831799217187836,0.024377087373811317,NA,31,31,31,0.0006369141401990542,0.14301636548769125
ENSG00000153208.16,MERTK,1.9869730417083233,NA,0.04692538436059321,0.02949600689508076,0.11205539599323587,9.233371693427359e-07,NA,11,11,11,2.497062327724563e-13,0.5862915560069373
ENSG00000248441.6,LINC01197,1.9859397310319145,NA,0.04704001641436012,0.00152051596313523,0.05862724966512652,0.001403870002975712,NA,15,17,17,0.05289870626157791,0.03419336137338248
ENSG00000124562.9,SNRPC,1.9843567609786987,NA,0.047216082659498504,0.00044163354014763374,0.06865461111930322,0.00037711095924181136,NA,1,15,15,0.047216082659498504,0.03046636122488522
ENSG00000159398.15,CES5A,-1.9814786099525465,NA,0.04753762580902639,0.017861789424498287,0.04844619052809178,0.004076761300201198,NA,43,47,47,0.004892289465635175,0.09879057534056088
ENSG00000173614.13,NMNAT1,-1.9809059867795544,NA,0.04760181758403674,0.01220409997730467,0.03623067948758698,0.013170818263020044,NA,31,38,38,6.910217911761889e-11,0.12070110273559292
ENSG00000230628.1,RP4-781K5.6,-1.980590953583655,NA,0.04763716426246356,0.026667952292859436,0.17701462899358944,8.107276396249414e-09,NA,28,30,30,2.3739093843224377e-05,0.032934271632796296
ENSG00000113163.15,COL4A3BP,-1.9752791944569825,NA,0.048236472970369586,0.005114783911023308,0.03367220736232235,0.017143811815663813,NA,18,19,19,0.011952023408007315,0.06421284305921518
ENSG00000110713.15,NUP98,1.9721629359500852,NA,0.04859100927873022,0.0047564778571842665,0.1184838497583008,4.2664621261652635e-06,NA,13,14,14,0.0038078275298919872,0.042980565284571566
ENSG00000215790.6,SLC35E2,-1.9716885916146067,NA,0.04864516678423304,0.03217422131820849,0.04575514702870885,0.005002083650135302,NA,35,41,41,8.299696131403132e-26,0.30212127987368115
ENSG00000158161.15,EYA3,-1.9676639389253416,NA,0.049106717616485496,0.007138249252019669,0.059533944654824235,0.0014922606116250007,NA,33,33,33,0.04148075312643915,0.03760197061425062
ENSG00000119522.16,DENND1A,-1.9665753518361875,NA,0.04923218738300277,0.0333495996658046,0.07094758763412866,0.0004939852509344843,NA,60,67,67,0.004026068485613668,0.4559936679309098
ENSG00000071205.11,ARHGAP10,-1.9658874799978834,NA,0.04931160960891717,0.09099193547754458,0.3632013945700237,1.8047340571558764e-19,NA,10,10,10,0.016769921816015273,0.09348386887005247
ENSG00000033327.12,GAB2,1.9608427058548732,NA,0.0498973745553708,0.03361900887315708,0.15510572564215347,6.309435757883662e-08,NA,43,44,44,0.00043047819133813385,0.16706870593548506
ENSG00000178397.12,FAM220A,1.9604225481432382,NA,0.04994642251875518,0.01868565285608301,0.05088050414901372,0.0028643107812077197,NA,32,38,38,0.0015497575249115213,0.1340098399308473
ENSG00000151136.14,BTBD11,-1.9568889388855666,NA,0.05036052730239423,0.017637751376916082,0.14891300296653068,1.4982180984615402e-07,NA,12,12,12,0.019708894555790227,0.062330409027933076
ENSG00000145990.10,GFOD1,-1.9557916998869043,NA,0.05048969704438342,0.018356228800338426,0.12445505662127387,2.3119731482924983e-06,NA,19,21,21,0.012975282034433034,0.049001898466512886
ENSG00000171931.12,FBXW10,-1.9551917971128534,NA,0.050560436415899176,0.016034422107288032,0.08305544027401064,0.00012264592343374367,NA,4,4,4,0.03134005524761736,0.15461447613121934
ENSG00000111615.13,KRR1,-1.9547732589726876,NA,0.050609838783325464,0.013355232106263241,0.036259271629526635,0.01240775879343771,NA,16,16,16,0.0049251470157338755,0.06726730682437908
ENSG00000119227.7,PIGZ,1.9531848927818185,NA,0.05079769052490863,0.0710556516004068,0.316205869853044,3.905966980704856e-16,NA,46,50,50,2.269598369636756e-06,0.21174691377597504
ENSG00000079156.16,OSBPL6,-1.9525852527404888,NA,0.050868760018396936,0.02068466132162622,0.1386354001001099,4.029055427964003e-07,NA,19,19,19,0.009488356469513315,0.09495737359563544
ENSG00000179979.8,CRIPAK,-1.9511439672031765,NA,0.05103992226056298,0.0457599556113793,0.18862077925255455,2.922384783168501e-09,NA,47,50,50,0.0017043017206040008,0.12181753793276298
ENSG00000213424.8,KRT222,-1.9496014400949386,NA,0.05122364162749489,0.00181617573638508,0.036965307645905575,0.0105288108029748,NA,6,6,6,0.04720827460697396,0.01589698947511942
ENSG00000166796.11,LDHC,-1.948456961646361,NA,0.05136030977357727,0.2499096658805068,0.4782480044139066,6.835273239195623e-28,NA,21,23,23,0.026353322109570986,0.2118712423771132
ENSG00000135972.8,MRPS9,1.943441227631497,NA,0.05196287003696451,0.0025437170839959266,0.0404073234621906,0.005611892206491748,NA,44,44,44,0.029224229992385935,0.06785729367425249
ENSG00000251443.1,LINC02160,1.9381316756197675,NA,0.052607159830937396,0.017501495257311848,0.02338285315564,0.042387404596690034,NA,48,52,52,0.0006705402817323397,0.16016557423759373
ENSG00000255198.4,SNHG9,-1.9353883059742523,NA,0.052942663241006806,0.03907823130522298,0.20322774948841504,4.295653405516905e-11,NA,12,18,18,0.002218467823864579,0.15607507853363933
ENSG00000157379.13,DHRS1,-1.934823357681857,NA,0.05301197576440885,0.0057220988697124844,0.1466684294882474,1.919057638975389e-07,NA,38,39,39,0.022529738031895476,0.06934180770685901
ENSG00000005801.16,ZNF195,1.9332842300235924,NA,0.053201193417918735,0.02103137744917675,0.2109174695850005,2.992858003109405e-11,NA,18,18,18,0.051967038255359935,0.04317778331074767
ENSG00000133065.10,SLC41A1,1.9303538757829999,NA,0.05356300579936063,0.009064744155288053,0.0962037121914357,3.363982858829609e-05,NA,11,14,14,0.00023171775369781894,0.03535003042740442
ENSG00000068650.18,ATP11A,-1.9303242423426326,NA,0.05356667512417838,0.008959478039431512,0.08563061454995095,0.0001075212515837088,NA,31,32,32,0.00844861995851113,0.10700080320694244
ENSG00000197980.12,LEKR1,-1.9282191730476341,NA,0.053827870358970485,0.009589538759308035,0.026121416287469626,0.03513521446441902,NA,31,31,31,0.005288651351792855,0.12114494545139197
ENSG00000164284.14,GRPEL2,-1.9272115954801439,NA,0.05395326548271159,0.004763358602714713,0.07562147947624494,0.00018212443055916886,NA,16,17,17,0.00909739089630449,0.06509445270518052
ENSG00000118094.11,TREH,1.9259795152300132,NA,0.05410693170799546,0.1685022154777877,0.490035619153827,1.5345937413414591e-28,NA,48,53,53,4.4400257043917796e-05,0.15406827832938366
ENSG00000174021.10,GNG5,-1.9240920624655284,NA,0.05434304485112677,0.005746907779557034,0.036311439823922036,0.011702222962125345,NA,36,39,39,0.020407811865850042,0.054755451169353216
ENSG00000115468.11,EFHD1,-1.922905599478796,NA,0.05449190642048515,0.1068757833166682,0.3416090230567232,5.837595220076554e-18,NA,28,35,35,0.01893154669894731,0.26270002928043035
ENSG00000114648.11,KLHL18,1.9224868204857504,NA,0.054544530385623916,0.0008395134493738454,0.08263640004546212,4.577884016361593e-05,NA,4,5,5,0.04038668281391566,0.026858721792182173
ENSG00000120549.17,KIAA1217,-1.9219903470218849,NA,0.05460697238552259,0.030271996527670302,0.041608940465336385,0.007783211049235826,NA,78,88,88,4.5310896645529586e-10,0.12812192943489456
ENSG00000129158.10,SERGEF,1.914500562423343,NA,0.05555622733764041,0.05866697117512779,0.16302918584312334,2.5204682517012094e-08,NA,50,55,55,0.0013393724829480402,0.2078908065892016
ENSG00000089006.16,SNX5,1.914383620837696,NA,0.05557115683478207,0.015022022390337515,0.04028930775129156,0.008146375270218017,NA,35,36,36,0.00029443570366452775,0.08994696371008809
ENSG00000169689.14,CENPX,-1.9112453258458721,NA,0.05597306156416661,0.019260179530115246,0.14239566588896552,1.2386227950635506e-07,NA,6,6,6,0.013951556978506864,0.09275032259966223
ENSG00000144681.10,STAC,1.9076335040938288,NA,0.056438601651786234,0.02494594996668656,0.1575858449839832,3.2488469176930055e-08,NA,13,13,13,0.0005910948675072493,0.10283667892606664
ENSG00000187607.15,ZNF286A,1.9074877829031047,NA,0.0564574515966483,0.005866131285155006,0.04185692798721522,0.007378452941425102,NA,12,12,12,0.034499156088875466,0.14749643333861134
ENSG00000203880.11,PCMTD2,-1.9053479359311174,NA,0.056734858174375485,0.03444161483272692,0.18640780948866909,2.792030251606109e-09,NA,18,20,20,1.3444104397405351e-06,0.14867052795613014
ENSG00000168936.10,TMEM129,1.9032946527558146,NA,0.05700210820182968,0.004062053804053591,0.05118833333522605,0.002916728286656866,NA,15,15,15,0.006503329370578991,0.03317883043890931
ENSG00000086205.16,FOLH1,1.902891437592954,NA,0.057054712478300844,0.00373231020173659,0.046072298648047495,0.004992235682404191,NA,34,35,35,0.004237016662022976,0.04660462097721031
ENSG00000172247.3,C1QTNF4,-1.9025461940662212,NA,0.057099785742398226,0.11004299439051263,0.3513810234901867,1.7550114200603007e-18,NA,11,11,11,0.03138310856227189,0.058514742873165715
ENSG00000162650.16,ATXN7L2,1.9013436959964916,NA,0.05725700917242369,0.08058170551613071,0.31960268560436783,2.952856555425142e-16,NA,56,58,58,0.00012642806623517318,0.10827755169050708
ENSG00000186716.20,BCR,-1.901013436559416,NA,0.05730025268428445,0.0034086458741639323,0.07983669417092681,0.00018407050921921925,NA,3,3,3,0.023767206201154998,0.07424440196216726
ENSG00000085832.16,EPS15,1.9010113037488858,NA,0.057300532038486576,0.0061269468272586005,0.02971574710160152,0.0210555873418802,NA,4,4,4,0.08796925058902663,0.16125292027699162
ENSG00000171056.7,SOX7,-1.9001195369635715,NA,0.057417434382806214,0.017754702118339145,0.12201483235889354,1.7189229722637591e-06,NA,12,12,12,6.046634492070506e-05,0.07460890329470977
ENSG00000152049.6,KCNE4,1.8991265432791846,NA,0.057547839932963,0.016923700435817243,0.02652476071713349,0.033890540339946686,NA,36,37,37,0.003730266102745896,0.1357764696717649
ENSG00000137710.14,RDX,-1.8969729749760735,NA,0.05783150497920844,0.010677045671287775,0.08348210751170661,0.0001011606618583885,NA,12,14,14,0.04788816960937409,0.27990604654195544
ENSG00000006695.10,COX10,-1.8909885178716188,NA,0.058625876989715844,0.00988696574155529,0.07069187186930838,0.0003947386031409992,NA,12,13,13,0.00021890060424956776,0.06374600671689415
ENSG00000136732.14,GYPC,1.8874832891992648,NA,0.05909535189724908,0.020718012892949174,0.035927256018340736,0.012534834508381228,NA,79,81,81,2.2594254048135232e-11,0.11906568591890825
ENSG00000080345.17,RIF1,-1.8813061592214213,NA,0.059930283661794016,0.004160652515379644,0.06381593642298694,0.0008781358699827348,NA,18,19,19,6.278667728316298e-05,0.035590447157462554
ENSG00000110076.18,NRXN2,1.875388277746626,NA,0.0607393266109029,0.05439647518726182,0.22189600763452866,2.7994334884678647e-11,NA,61,62,62,0.015193536291787874,0.20451475475350134
ENSG00000148688.13,RPP30,-1.871078499562534,NA,0.061334201219398296,0.01211385361140596,0.045368709788284056,0.004980434889913394,NA,54,55,55,0.001182696868257579,0.3752681174248216
ENSG00000136932.13,TRMO,1.8599179101846717,NA,0.06289714097987154,0.0015057814595227917,0.042625867254534745,0.0066828610667156564,NA,2,2,2,0.04588979159730025,0.034009071607567186
ENSG00000164307.12,ERAP1,1.8587133346263798,NA,0.06306778234157985,0.04818527004505556,0.3439550278123801,4.63864397486458e-18,NA,27,27,27,2.328315568957507e-12,0.07575233383237565
ENSG00000196263.7,ZNF471,1.8576817686506544,NA,0.06321421900114946,0.0028965870183163957,0.03541729705288595,0.01505423526349281,NA,9,9,9,0.01862885970161499,0.02947959660184806
ENSG00000157036.12,EXOG,-1.8572336617648861,NA,0.06327791781071246,0.008143545413501017,0.07633125777324994,0.00024338188637283272,NA,23,27,27,0.0009363892182678375,0.07250190111583922
ENSG00000163939.18,PBRM1,-1.8569080527524768,NA,0.06332423670152866,0.016642317918709026,0.04786964464972422,0.00351104061404118,NA,34,35,35,0.00038648947177959874,0.3409987178716228
ENSG00000172738.11,TMEM217,1.8549451052937298,NA,0.06360406599038247,0.02892097403315244,0.03152687341978665,0.02198637688687716,NA,76,80,80,0.00019389324213427435,0.1132532552130007
ENSG00000119782.13,FKBP1B,1.854682460229768,NA,0.06364158490231366,0.01697124001080585,0.0648966769793428,0.0007017172934704687,NA,37,37,37,2.2634423410218623e-62,0.08304307412415105
ENSG00000167555.13,ZNF528,1.8530201187875668,NA,0.06387947505433311,0.018348889769563635,0.21125560593333306,1.1782642338927355e-10,NA,7,7,7,0.01699332956505607,0.06341670007847146
ENSG00000171109.18,MFN1,-1.8527214717054736,NA,0.06392229080808876,0.008546060633833587,0.08355460551042439,0.00010585211976351844,NA,21,21,21,0.0068797166078932125,0.11175393789284642
ENSG00000138600.9,SPPL2A,1.8508573580861383,NA,0.0641900767476761,0.04257868770370244,0.25280893307169605,2.4372960876130266e-13,NA,23,25,25,0.003384766941025718,0.12181300700208772
ENSG00000164344.15,KLKB1,1.8499670177248986,NA,0.06431830346328006,0.0023017937688655545,0.023299820413570045,0.048091944652716566,NA,27,27,27,0.00031499654881436397,0.04653740979297005
ENSG00000163902.11,RPN1,1.849886784042028,NA,0.06432986908775648,0.00039058429825422365,0.05289628569515144,0.0020843475320332003,NA,4,4,4,0.05512312202986184,0.056035804009691915
ENSG00000156232.7,WHAMM,1.8496877347648701,NA,0.06435856930283629,0.0834236361362892,0.3916892112223936,2.55591798892567e-21,NA,32,32,32,0.002100524921097714,0.07017831361475364
ENSG00000105397.13,TYK2,-1.8493798654842983,NA,0.06440298070745203,0.026036282763951448,0.10214392417689973,2.007327484821333e-05,NA,40,43,43,0.005025920782752404,0.18567421738231446
ENSG00000100744.14,GSKIP,1.8475456858255221,NA,0.06466809321104014,0.012549964817449879,0.13950311227253331,4.281204195772826e-07,NA,49,61,61,0.0044283008220289116,0.07209089506055354
ENSG00000169903.6,TM4SF4,-1.8474742176936705,NA,0.06467844142332732,0.009497659246473803,0.05587468827363468,0.0021509898244439084,NA,32,36,36,0.0007145182155826252,0.0536296666975182
ENSG00000179630.10,LACC1,-1.8469878731521756,NA,0.06474889786775687,0.0655048800704684,0.11620275935812945,5.402893824132389e-06,NA,86,91,91,4.7272892334952416e-07,0.1659354326300588
ENSG00000115944.14,COX7A2L,-1.8454206047135497,NA,0.06497637810900628,0.055443000253712064,0.3294342711514532,1.2831104047713704e-17,NA,38,43,43,8.745906868782284e-06,0.07116630641304858
ENSG00000102595.19,UGGT2,-1.842693389181484,NA,0.06537378978209987,0.04100913658813294,0.2755051776407595,5.870336735265682e-14,NA,38,41,41,0.0012970964370278377,0.08239903940544066
ENSG00000138346.14,DNA2,1.8417665774520646,NA,0.06550930087801239,0.11720969607403135,0.3478598718686697,1.2358313200531986e-18,NA,62,67,67,7.84608961897531e-13,0.11048376913151124
ENSG00000188910.7,GJB3,1.8397798377559078,NA,0.06580056668309281,0.049240039660430925,0.1593847845989458,3.415390971428913e-08,NA,21,22,22,0.004337782635916951,0.2666487403995815
ENSG00000136891.13,TEX10,1.838693407417065,NA,0.06596029362912535,0.001680002787388867,0.04711430579973698,0.0040537436852738536,NA,4,5,5,0.007000649883085847,0.10572474252154364
ENSG00000144134.18,RABL2A,-1.835649961230094,NA,0.06640944296618248,0.028899733568478574,0.12442898731745584,2.03378375263104e-06,NA,72,76,76,8.926993756733101e-06,0.19695126795717716
ENSG00000163002.12,NUP35,-1.8335873798957074,NA,0.06671526697007686,0.012645887707118372,0.044423975665110964,0.005936545818557954,NA,41,42,42,0.0010236036394125649,0.04084852106243005
ENSG00000125877.12,ITPA,1.830413159029159,NA,0.06718818147796778,0.04774165647128186,0.3714954332588572,5.0793468221906073e-20,NA,15,16,16,0.01802152935363795,0.2482997391206392
ENSG00000159685.10,CHCHD6,-1.8298084616618142,NA,0.06727858507056167,0.02034698280654789,0.023040959601425545,0.047621788859993006,NA,25,27,27,0.0008828342425724823,0.20544777247902385
ENSG00000278740.1,RP11-147L13.14,1.829200390756436,NA,0.06736959393895225,0.0035806487150404484,0.031526968335014414,0.02030260949722,NA,11,14,14,0.04129344225941842,0.03841213307147641
ENSG00000156469.8,MTERF3,1.8283940184205312,NA,0.06749043845091889,0.003990802325541351,0.06526925353467017,0.0006462426649568902,NA,3,3,3,0.04878456276798286,0.03338308947341085
ENSG00000166716.9,ZNF592,-1.8270946657712877,NA,0.06768553714992931,0.008648064195296547,0.06368663845313663,0.0008054702467096151,NA,15,15,15,8.579546877636443e-06,0.03893904020794956
ENSG00000164823.9,OSGIN2,1.8238416094989556,NA,0.06817602128786183,0.011029019468285784,0.17116895353105033,8.24805763621864e-09,NA,37,37,37,0.019542447273813168,0.12006027579684797
ENSG00000164334.15,FAM170A,1.820082863584555,NA,0.06874638683409744,0.06327860890850956,0.22136998972663052,2.6004545928847825e-11,NA,19,19,19,0.0003753590279260753,0.234799814115686
ENSG00000251323.2,RP11-452H21.4,1.8183201800157451,NA,0.06901521020216962,0.008976181640574718,0.0487216055109143,0.003828984123336043,NA,19,19,19,0.00010788968263104762,0.09007833258392918
ENSG00000165138.17,ANKS6,1.8157604516526462,NA,0.06940712636426752,0.024944335247341496,0.08776662507528799,6.135639275198885e-05,NA,39,41,41,3.785658048623025e-08,0.239445769232875
ENSG00000132881.11,RSG1,1.8137877102138527,NA,0.06971041531518694,0.0549197875869049,0.2881067789556398,1.1717231138489045e-14,NA,8,11,11,0.04451710544782603,0.1283750648375372
ENSG00000238005.2,RP11-443B7.1,-1.8111734572080647,NA,0.07011400552988961,0.03196546476248622,0.18229416060792672,3.538056277048849e-09,NA,12,16,16,0.019650313124673413,0.08113161371796132
ENSG00000038002.8,AGA,1.811037593889638,NA,0.07013503251053194,0.02913962932093954,0.22600508468353694,7.300780377620249e-12,NA,47,47,47,4.827578036276831e-06,0.4232539218901891
ENSG00000101019.21,UQCC1,1.8078586585016312,NA,0.07062850148092441,0.003450452801377961,0.04094709879016101,0.008740674687107116,NA,6,6,6,0.06391405405737087,0.057690861280403224
ENSG00000268362.5,CTD-2017D11.1,-1.805617883651535,NA,0.07097804725778618,0.16121411115752018,0.4739439355663501,7.518252029266079e-29,NA,29,29,29,0.019950415887133446,0.08658198321982258
ENSG00000257218.5,GATC,1.8052767286577405,NA,0.07103138934092365,0.05013600202181152,0.23729512439315856,1.2143493323040717e-11,NA,32,34,34,0.002464727923932542,0.1465369713013981
ENSG00000054690.13,PLEKHH1,1.8050910972634693,NA,0.07106042797424776,0.04689952553770812,0.17440972463545584,3.4927037896778287e-09,NA,20,20,20,3.498884168695669e-06,0.3689955497070089
ENSG00000148341.17,SH3GLB2,-1.8013568300927152,NA,0.07164665580071153,0.004295836225945568,0.13838858284047542,4.6275342288116865e-07,NA,4,4,4,0.0002725866880970312,0.04549099226103345
ENSG00000002834.17,LASP1,-1.8003483159453302,NA,0.0718056562667033,0.008059404074408794,0.06693481947029431,0.0006987350262831612,NA,3,5,5,0.07557477956068845,0.0792597470383307
ENSG00000127952.16,STYXL1,1.7930043087557477,NA,0.0729722351113318,0.02608620469875156,0.1586491840131004,2.3922189479380743e-08,NA,19,23,23,2.0171402443456965e-07,0.09659835754274837
ENSG00000253199.1,LINC02153,1.7903496150268652,NA,0.07339772479355147,0.09608122360729042,0.3292024088304242,1.7935640104684025e-17,NA,20,21,21,0.0029968092717971265,0.14194021932383813
ENSG00000136250.11,AOAH,1.7843994010016895,NA,0.07435878834522962,0.032007078853910804,0.11259466410293313,4.468471661237171e-06,NA,40,43,43,0.0005483894821718813,0.11554333344249935
ENSG00000160961.11,ZNF333,-1.7821999973236355,NA,0.07471662325188394,0.017003356325133685,0.038295748656895306,0.0110756963378322,NA,39,45,45,9.67918437912989e-05,0.15386178940671508
ENSG00000081791.8,KIAA0141,-1.779789614760191,NA,0.07511039785703982,0.023707308377824383,0.06362067446429162,0.0007804514783151409,NA,38,41,41,9.913875728194534e-35,0.16821849896962196
ENSG00000112299.7,VNN1,-1.7782831965012367,NA,0.07535735472160073,0.009248146071184396,0.13767717789628772,4.003894609689811e-07,NA,5,6,6,0.06546768597742267,0.07782969462127001
ENSG00000213171.2,LINGO4,1.7745819425892535,NA,0.07596694098914376,0.038869393548590175,0.2249258554277163,3.176765277835327e-11,NA,15,16,16,0.00204396831583485,0.2945864882378793
ENSG00000233393.1,AP000688.29,-1.7721157094789146,NA,0.07637535172375609,0.03570753273023499,0.17530914806691306,1.1627927822732957e-08,NA,14,14,14,0.04291126903579967,0.06826057340747507
ENSG00000139405.15,RITA1,-1.7717165739377376,NA,0.07644161701943147,0.01969915502463746,0.17766696059375156,1.9905995066751155e-09,NA,30,30,30,0.006480680188101686,0.06848458855775655
ENSG00000196743.8,GM2A,1.7706483713344634,NA,0.07661919285818401,0.0017500731994642945,0.0340790769145086,0.01721133999759224,NA,2,2,2,5.575370638623196e-11,0.08067780936600875
ENSG00000182141.10,ZNF708,-1.7685232387334027,NA,0.07697347073489019,0.13446469522824273,0.38392869905155375,2.5396804738369087e-20,NA,45,50,50,0.000790419833570426,0.2824929777665873
ENSG00000177875.4,CCDC184,1.7672786540112309,NA,0.07718157289285936,0.0012730230955058787,0.04042262443154191,0.006665443005687536,NA,5,6,6,2.328327557295444e-13,0.07292382646298133
ENSG00000168661.14,ZNF30,-1.7641088197081973,NA,0.0777136598572685,0.0040170707263143144,0.026471426691385004,0.027895346424733816,NA,10,10,10,0.03893741220177794,0.011262451631069004
ENSG00000172340.14,SUCLG2,-1.763457484297177,NA,0.07782336189195596,0.0043441662708181466,0.1015538316797422,2.0838425182912257e-05,NA,8,8,8,0.06639790502381689,0.041445363543910534
ENSG00000181619.11,GPR135,1.7633727819310476,NA,0.07783763726258654,0.03224869747808047,0.022308922352531818,0.0466654125591765,NA,67,68,68,4.924054380048383e-09,0.09727636796199764
ENSG00000099800.7,TIMM13,-1.7631528080473515,NA,0.07787472067030785,0.015458410865998607,0.2369585384958367,1.0028973730101764e-11,NA,27,34,34,2.1551887821744532e-05,0.0946589208777699
ENSG00000198265.11,HELZ,1.7627844542656086,NA,0.07793685031851415,0.002917726431261214,0.04098608426117607,0.008858244645223284,NA,23,26,26,9.361388651057255e-05,0.05284341269134401
ENSG00000175575.12,PAAF1,-1.7614307316246183,NA,0.07816552738352832,0.013828080745629273,0.11765690387485556,4.0984594363965965e-06,NA,12,13,13,0.09575259601812304,0.17728582605585946
ENSG00000106638.15,TBL2,1.7614290091777438,NA,0.07816581869475805,0.003365284939056152,0.026603779093764462,0.03104359183518118,NA,17,20,20,2.488655572820673e-05,0.11071407104038447
ENSG00000008394.12,MGST1,1.7611639856048427,NA,0.07821065170724932,0.008731890719102044,0.05848961457714411,0.0010836862612488797,NA,20,21,21,1.0512454097102298e-08,0.1138992974248554
ENSG00000151748.14,SAV1,-1.76042126316232,NA,0.0783364067329875,0.0076218226811917335,0.05764090942368055,0.0012611777491741082,NA,5,5,5,0.07076143639404324,0.02455208476047313
ENSG00000137806.8,NDUFAF1,1.7562601608922688,NA,0.07904399643840233,0.00675886165276129,0.05127761437978639,0.002388473264294373,NA,25,26,26,5.696186795672222e-06,0.06625484957951717
ENSG00000236008.1,LINC01814,-1.7546872622094196,NA,0.07931281599919673,0.11244124607169076,0.3231686663916241,6.039773670678916e-17,NA,21,21,21,0.0020114562832686386,0.28639557528021103
ENSG00000159450.12,TCHH,1.754643903891884,NA,0.07932023675971392,0.034038065871881594,0.07044526301731809,0.0003279843842021736,NA,42,47,47,0.019983664855649345,0.6111975465692883
ENSG00000254092.1,RP11-369E15.3,1.7506937321929812,NA,0.07999867966448955,0.08503487738008905,0.2762758381914892,1.787672138056841e-14,NA,28,28,28,0.004067857487980328,0.11454534514987125
ENSG00000272823.1,RP11-295M18.6,1.7499527518988651,NA,0.08012646694366861,0.022797721369126212,0.10191397953449534,1.2869251807729214e-05,NA,9,10,10,6.525122145919154e-10,0.11341608472885263
ENSG00000232104.3,RFX3-AS1,1.7452212436943146,NA,0.08094636474167838,0.02006614962305859,0.07956874359799843,0.00015255570446774506,NA,25,30,30,6.4823367455294795e-12,0.0765714584712285
ENSG00000145623.12,OSMR,1.7417463806902944,NA,0.0815528328269199,0.008170564729581607,0.18006743991275348,3.3937861321174927e-09,NA,17,18,18,0.03824149853428794,0.016073344300560472
ENSG00000065621.14,GSTO2,1.7403953265227061,NA,0.08178962559795194,0.05064806265054033,0.134922677386445,5.935980972099231e-07,NA,46,47,47,0.06398801848322658,0.13552521589583938
ENSG00000104957.13,CCDC130,-1.7394709619604911,NA,0.08195195564465034,0.0034456582775008347,0.05234229507864487,0.002412361876249987,NA,18,21,21,4.909666953590296e-06,0.06312621193809154
ENSG00000170846.16,AC093323.3,-1.7388766561052909,NA,0.08205646117611992,0.011917893459053959,0.049590395308359216,0.003409293146266639,NA,24,28,28,0.003765083705155883,0.1170653088333554
ENSG00000134463.14,ECHDC3,-1.7365986520991818,NA,0.08245803761937932,0.02924329168944812,0.19335677071206991,5.796136382036564e-10,NA,51,51,51,0.000602120037372957,0.12547778336327758
ENSG00000204130.12,RUFY2,-1.7359403161563107,NA,0.08257438823437752,0.009146550294063058,0.03887709720922053,0.0094412029094135,NA,26,27,27,0.00023186474315992298,0.1583320663733892
ENSG00000135315.11,CEP162,-1.7331398820632948,NA,0.08307080922759584,0.022614348407635734,0.043529660396057136,0.0060802174729509065,NA,56,58,58,3.995805806561731e-06,0.1935381776560092
ENSG00000197375.12,SLC22A5,1.732944341711619,NA,0.08310556195065377,0.007735823118772234,0.033974153180930104,0.017042752760367753,NA,18,18,18,0.07075214346279633,0.2001417172204435
ENSG00000178401.14,DNAJC22,-1.7328451500533355,NA,0.08312319545007094,0.017160526242006903,0.08943171792665122,7.779676734382677e-05,NA,45,48,48,0.00010375654816103679,0.11987458777408602
ENSG00000196576.14,PLXNB2,-1.7257854193709803,NA,0.08438602390143125,0.012418704484363089,0.055945828566921464,0.0017541271015718287,NA,16,18,18,0.00015503942242573514,0.12279166329702265
ENSG00000143434.15,SEMA6C,-1.723949885203411,NA,0.08471689058755828,0.002853408794850461,0.03075020448355158,0.02130114491429616,NA,16,17,17,8.917473867004417e-05,0.09552464107807368
ENSG00000146250.6,PRSS35,1.722805309011392,NA,0.08492373839503704,0.05474209027573781,0.2707048983933455,8.359412341838396e-14,NA,35,37,37,0.009711386663042009,0.3914561175653272
ENSG00000089351.14,GRAMD1A,-1.721881972549834,NA,0.08509090126513837,0.00533098718700269,0.06441897967485266,0.0008618018259844401,NA,21,22,22,0.0020794664443152173,0.05870396380809378
ENSG00000169612.3,FAM103A1,-1.718582399506247,NA,0.08569043875488778,0.008890754067024054,0.034365213023387166,0.011572367459615084,NA,6,6,6,0.09489133205173611,0.14612753806718293
ENSG00000114200.9,BCHE,1.7177363364597293,NA,0.08584471839159635,0.0038304304926336944,0.053045075508413767,0.0021546352232511548,NA,35,36,36,7.790228794480312e-05,0.09514121392327468
ENSG00000177409.11,SAMD9L,-1.7158665720546487,NA,0.08618646618871,0.012322003452250565,0.02639677023902909,0.036732813423723205,NA,76,79,79,8.594339876542651e-07,0.2373651401981039
ENSG00000102837.6,OLFM4,-1.7093594551120825,NA,0.08738438638430021,0.025469981807712178,0.050704083571105035,0.0023854019893822503,NA,30,30,30,0.008867484423023205,0.15181550101471855
ENSG00000198015.12,MRPL42,-1.7058012087758103,NA,0.0880450980023457,0.009121860527227335,0.03301085525655873,0.018113379855237283,NA,17,19,19,0.007521128553165188,0.08810342898744174
ENSG00000169696.15,ASPSCR1,-1.705673900330295,NA,0.08806881166091086,0.005508229424142133,0.11007760118804737,8.979706175525645e-06,NA,3,3,3,0.09311963450392508,0.07863014873470743
ENSG00000107443.15,CCNJ,1.7049760979649153,NA,0.08819888233222317,0.003195723732444565,0.03449794902424662,0.015336874846887697,NA,15,16,16,1.1258220941572286e-06,0.019923134017419738
ENSG00000172175.12,MALT1,-1.7048401057107858,NA,0.08822424937391221,0.0054033247536378615,0.03071375842018789,0.02131735075006272,NA,20,22,22,0.00821496637664047,0.033790287603024056
ENSG00000161243.8,FBXO27,-1.7025374839679814,NA,0.08865465795828371,0.036676046232037116,0.19798984078265847,2.409732020304161e-10,NA,21,21,21,0.0001819950625273394,0.09650281070544316
ENSG00000123908.11,AGO2,1.7017905533455628,NA,0.08879463799592063,0.004321121834977211,0.025566822915780232,0.037099951783982524,NA,26,26,26,0.028738762103215475,0.12999499886628613
ENSG00000110811.19,P3H3,-1.701458689224972,NA,0.08885688877745183,0.008071348617188145,0.032174929291137966,0.018395180617662883,NA,33,38,38,3.936806701504086e-05,0.1219707152683
ENSG00000148300.11,REXO4,-1.7002129201128644,NA,0.08909088288448568,0.006243848262537472,0.14488393185917406,1.48747421675968e-07,NA,11,12,12,0.021703173966634265,0.04991421559273974
ENSG00000159202.17,UBE2Z,1.699374464658321,NA,0.08924865013659326,0.004772030745261819,0.044982671824715006,0.004963900901707361,NA,12,12,12,4.331219920777518e-12,0.08874283972805658
ENSG00000240045.1,RP11-451G4.2,1.697843315453775,NA,0.08953733815887578,0.005199067780318567,0.03185024391999592,0.021432339636791368,NA,7,7,7,0.021372064537812985,0.054412317772540485
ENSG00000167193.7,CRK,-1.6963243228400888,NA,0.08982447667200237,0.011344761795776353,0.09419121422187,3.38614142159772e-05,NA,54,63,63,1.6939305524691708e-11,0.07401145815943723
ENSG00000188001.9,TPRG1,1.6936876126697984,NA,0.09032465957924098,0.011041626126389793,0.07461788751477585,0.00015133056586705377,NA,15,15,15,0.0050239134119724445,0.2135857231254615
ENSG00000119535.17,CSF3R,-1.6917708652945584,NA,0.09068967067326437,0.01253687619939451,0.0561226851202375,0.0017966867252685304,NA,11,14,14,2.2310699923220253e-28,0.14682941081924872
ENSG00000135100.17,HNF1A,-1.6883607933430982,NA,0.09134199179799017,0.00489381663248474,0.046583560153474826,0.00454264775584057,NA,20,22,22,0.009718052313927812,0.06041804117438459
ENSG00000147813.15,NAPRT,1.6877337870196838,NA,0.09146234291872472,0.025159348572396607,0.08427537210743677,0.00011013588640162212,NA,55,66,66,0.002663643455140877,0.1643074591980702
ENSG00000283240.1,RP11-239A17.1,1.6863375082655523,NA,0.09173081048297359,0.12031522582544643,0.24571414288816898,3.0019108412000966e-12,NA,34,36,36,1.7440827926391505e-06,0.16997997429876158
ENSG00000271868.1,RP11-1293J14.1,-1.6852911688782197,NA,0.09193240872043132,0.00958332718106558,0.03252313268086386,0.019256646608130173,NA,11,11,11,0.057494725115770584,0.051034868627897176
ENSG00000107175.11,CREB3,1.6817624665759627,NA,0.09261490958142624,0.0019119475878054128,0.058233884440824224,0.0015617986117613591,NA,12,12,12,0.0852507885876514,0.026224557648313898
ENSG00000167716.18,WDR81,-1.6805885328556778,NA,0.09284286470069904,0.006160731549552335,0.024666556047013132,0.03831258873937707,NA,11,14,14,1.6320338561944085e-34,0.060121627885984616
ENSG00000154001.13,PPP2R5E,1.6781748369921323,NA,0.09331297252064488,0.011788393768118273,0.08833059970427039,6.086969069318263e-05,NA,44,46,46,0.00013504416528749557,0.1626436489334855
ENSG00000134452.19,FBXO18,-1.6746818765792426,NA,0.09399666516170767,0.021279647531443898,0.11896330471799088,3.1171631492597406e-06,NA,52,52,52,4.301187361842343e-09,0.1189069759037675
ENSG00000149600.11,COMMD7,1.6723215442933925,NA,0.09446093353006742,0.01333465046467255,0.024748647080022442,0.03989797001284275,NA,36,36,36,0.03153397821582493,0.07067997012453836
ENSG00000110911.14,SLC11A2,1.6697166920327855,NA,0.09497542961523482,0.04503536389336638,0.1688820603537282,1.8047084509425304e-08,NA,62,65,65,8.616499186501935e-05,0.12844145597603868
ENSG00000172380.5,GNG12,-1.6688890196466972,NA,0.09513937610508885,0.0016459523731122052,0.03584783528438264,0.013902745528965593,NA,6,7,7,0.023857750706266213,0.01727876597946773
ENSG00000268836.1,LA16c-OS12.2,1.664996905269798,NA,0.09591337324669878,0.050430828594484854,0.13787834302473964,4.048765343788056e-07,NA,18,23,23,0.002020965507258827,0.15563273593689592
ENSG00000203791.14,METTL10,1.66387007614716,NA,0.09613839615228435,0.05828603090779569,0.3603558637406735,4.219518827849626e-19,NA,34,36,36,0.024273943792505952,0.04220804570450137
ENSG00000144895.11,EIF2A,1.6622910681144774,NA,0.09645442782464081,0.0038729960561887378,0.0501745808046082,0.002498544086491561,NA,24,25,25,0.0020019238567489236,0.022671994506276476
ENSG00000151014.5,NOCT,1.6622431604674108,NA,0.09646402930994852,0.008767867982652677,0.06118935781566245,0.0009778536239216362,NA,32,35,35,2.6582895882302044e-06,0.1292226916343349
ENSG00000226266.6,AC009961.3,1.6610563870170079,NA,0.09670212253118231,0.037971377723548194,0.11088403148366638,6.603600857853539e-06,NA,12,12,12,0.07843398662467194,0.4384959604455289
ENSG00000101460.12,MAP1LC3A,-1.658950458912346,NA,0.09712577558180158,0.010660148727513842,0.09264085604176904,2.9923549786370128e-05,NA,28,30,30,0.002965257138094153,0.102483756381447
ENSG00000255974.7,CYP2A6,1.6566524880383555,NA,0.09758975396032347,0.010826291728208419,0.07205200046759752,0.00041222870539163415,NA,48,53,53,1.0455966106811737e-08,0.22201320171671587
ENSG00000244607.5,CCDC13,1.6561002524140747,NA,0.09770151825483105,0.020175939868587775,0.06948525185400914,0.0005063088325860555,NA,40,43,43,0.0007262349941546538,0.1089312483491746
ENSG00000283052.1,RP11-210L7.3,1.6545157713096945,NA,0.09802276155358472,0.025409276654828367,0.050109361298734806,0.0035012431422594076,NA,41,43,43,0.005481624091060106,0.11962590971249587
ENSG00000173273.15,TNKS,1.6527885082769294,NA,0.09837391367923462,0.055408985143158326,0.09570497890842856,4.398666635130605e-05,NA,57,58,58,1.1214632451300673e-08,0.14940339993304985
ENSG00000132855.4,ANGPTL3,1.6500845195296743,NA,0.09892565050599036,0.009137165039261489,0.031995881217883784,0.01771401720673276,NA,30,34,34,0.006003667645804966,0.09898258411115624
ENSG00000093000.18,NUP50,1.649447333605771,NA,0.09905602439052921,0.0026438958574505713,0.02118981850080169,0.044472758570746763,NA,13,14,14,0.10506125067487695,0.051526989169267234
ENSG00000170502.12,NUDT9,-1.6488627836664813,NA,0.09917574905990822,0.0005753439023955915,0.02598583284991182,0.03782988228331851,NA,7,7,7,0.06656602576757663,0.012829540588226994
ENSG00000143994.13,ABHD1,1.6476513317241916,NA,0.0994242403909398,0.003696211300892394,0.062490625509064826,0.0007769593605017022,NA,13,14,14,0.10556315401465438,0.08949413088896141
ENSG00000100068.11,LRP5L,-1.6472030204002976,NA,0.09951632321393099,0.03206923059692295,0.14090592038687166,2.0579751893454045e-07,NA,62,68,68,0.00137123888623188,0.14837292808177868
ENSG00000167377.17,ZNF23,1.6469714062724048,NA,0.09956392323729697,0.032486562033758826,0.18397067294373004,3.219189124801791e-09,NA,28,29,29,2.2940823498856162e-14,0.09561695894088967
ENSG00000189050.15,RNFT1,-1.6463929752562498,NA,0.09968287842472934,0.00507858093795368,0.05819873367447252,0.0013593748008527901,NA,17,17,17,4.185117753132038e-07,0.03717705872361613
ENSG00000162409.10,PRKAA2,-1.6462219953536985,NA,0.09971806239194479,0.003075315388377427,0.02883595870952333,0.02509889838602568,NA,1,1,1,0.09971806239194472,0.11650564559120573
ENSG00000106868.16,SUSD1,1.645065623048746,NA,0.09995627891709837,0.00710141572089114,0.03514550624748999,0.014932120093483462,NA,23,24,24,0.008847250822019342,0.045361171305544165
ENSG00000168291.12,PDHB,1.643603815640272,NA,0.10025806528153523,0.0058174010190899655,0.09579439309974837,3.447159605419608e-05,NA,31,35,35,0.0036552547073540158,0.0267127875549292
ENSG00000108592.16,FTSJ3,1.6395201311573477,NA,0.1011049815965289,0.02677786526462997,0.2775488851930196,6.608679924600256e-15,NA,53,53,53,0.02442616173908152,0.06406811365005571
ENSG00000260302.1,RP11-973H7.1,-1.6388519365339815,NA,0.10124409963013178,0.028292723358542438,0.12308442848328245,1.4726705178655226e-06,NA,16,16,16,0.0014104095048774656,0.07058922472107787
ENSG00000100221.10,JOSD1,1.6375681748791004,NA,0.10151180647239538,0.03017881591239435,0.23713291477901746,7.093081228556836e-12,NA,25,25,25,0.022035046798715548,0.08432430922603706
ENSG00000122591.11,FAM126A,1.631895094324343,NA,0.10270158765409626,0.0168326404678197,0.049071342867063855,0.004068374953554903,NA,36,37,37,8.43538591299468e-10,0.09886299925153376
ENSG00000165055.15,METTL2B,-1.6282891351009985,NA,0.10346359217581318,0.05393642802229837,0.305493299390708,7.335322543616731e-16,NA,66,70,70,1.3874700908888509e-05,0.24483798810163804
ENSG00000182986.12,ZNF320,1.6229636445318691,NA,0.10459717679576451,0.04630270363398134,0.26842476602741544,2.8143080900230528e-14,NA,26,28,28,0.0020064038650254813,0.1320484657045326
ENSG00000158055.15,GRHL3,-1.6202157445027334,NA,0.10518594046623797,0.004819042038367376,0.03774610183394899,0.011487196189609469,NA,3,3,3,0.07258564254407321,0.0944001476001138
ENSG00000171863.12,RPS7,-1.6186684586389783,NA,0.1055186168072525,0.03337315874169683,0.05348572671217127,0.0021455002376166827,NA,71,80,80,0.035578366489183465,0.10231340296734796
ENSG00000087269.15,NOP14,1.6150738568606642,NA,0.10629470164337168,0.0018086232901954218,0.11521639296583115,4.266067935208344e-06,NA,6,6,6,0.08913271040605497,0.01982783273483329
ENSG00000171320.14,ESCO2,1.614467950013833,NA,0.10642596325837293,0.04751546271504292,0.23197339043606835,6.944968752416218e-12,NA,16,16,16,0.060660577290219155,0.03963882376401423
ENSG00000137225.12,CAPN11,-1.6118409490699008,NA,0.10699655480172687,0.010065116803390006,0.10789019221950852,1.067244469801606e-05,NA,5,5,5,0.11817700875528277,0.07062322536119757
ENSG00000267198.1,RP11-798G7.6,-1.6117617509806186,NA,0.10701379440107174,0.049158753431613904,0.14414020947327702,1.9499438993195262e-07,NA,12,15,15,6.078474231849125e-12,0.30315011987248125
ENSG00000144063.3,MALL,-1.6090720389998736,NA,0.10760059040502803,0.024726449562354782,0.0314156341433518,0.02134898153205421,NA,26,28,28,8.409204497573538e-05,0.13545601714001554
ENSG00000042781.12,USH2A,-1.609058347488738,NA,0.10760358389303479,0.0009388424819478092,0.07605364941240983,0.00017839563436091398,NA,11,11,11,0.046698680795945205,0.018248815121045453
ENSG00000100226.15,GTPBP1,1.608929483247989,NA,0.10763176177637487,0.0011213178040835926,0.052627410694442094,0.002427153157928828,NA,7,7,7,0.02276288964109389,0.0226555224238159
ENSG00000044090.8,CUL7,-1.6079911781392193,NA,0.10783711089736732,0.03301261079050451,0.024598955676819592,0.04112061965041882,NA,60,61,61,0.0010176672324665775,0.16793469842393965
ENSG00000173540.12,GMPPB,1.6035749231419012,NA,0.10880778196783343,0.025774859426450806,0.3126154639777917,1.1209076761943682e-16,NA,51,51,51,8.950486786404221e-13,0.052185824599980266
ENSG00000115598.9,IL1RL2,-1.5988424835958588,NA,0.10985560664658664,0.0169005319370881,0.12049884773832532,3.881867049654075e-06,NA,25,26,26,0.0012603210225070926,0.09784891896533522
ENSG00000089154.10,GCN1,1.5978756779902745,NA,0.11007064798454577,0.00460265294692507,0.036139430611518635,0.01221051872023376,NA,21,21,21,7.525893992980921e-06,0.3631581037268456
ENSG00000259363.5,CTD-2054N24.2,1.597134926547352,NA,0.11023563424852488,0.027087902669464058,0.0931329078707272,4.31435602270594e-05,NA,22,25,25,0.017389308941966924,0.1333678550916814
ENSG00000183208.12,GDPGP1,1.5961215243396698,NA,0.11046166393348697,0.05120140527999789,0.03379027335273693,0.015724540520960856,NA,68,73,73,8.405286614339998e-11,0.1611271648600063
ENSG00000122756.14,CNTFR,-1.5955713466003092,NA,0.11058452904909323,0.004669448647259898,0.03861052225527137,0.010943440907634406,NA,48,54,54,0.00012466345833172471,0.05376806307649985
ENSG00000140367.11,UBE2Q2,-1.5922322227837156,NA,0.11133253552428651,0.027372998836779943,0.060034794731675424,0.0009940571724204462,NA,65,72,72,2.6330172249346664e-08,0.2057535864848381
ENSG00000139531.12,SUOX,-1.5912731904104862,NA,0.11154810757554315,0.02103124267594609,0.18760876904454324,2.3315505114757687e-09,NA,36,38,38,2.380399079454002e-05,0.0725742441206392
ENSG00000226251.5,RP11-15I11.3,1.5912314520704163,NA,0.11155749702635544,0.004934670650189976,0.031511939514628155,0.021707238188418874,NA,7,7,7,0.07350945312694752,0.04048409609453342
ENSG00000151006.7,PRSS53,1.5902501769688258,NA,0.11177842426033238,0.10452146044085693,0.4371709620160248,1.765502834600092e-24,NA,19,20,20,0.047457164473022194,0.06874204460006472
ENSG00000221843.4,C2orf16,-1.5894719430701807,NA,0.11195388349077526,0.043907849007415886,0.10473481200405432,1.6480057043091572e-05,NA,44,49,49,0.0016326041650708998,0.23490224504130644
ENSG00000196586.13,MYO6,-1.5886770213941852,NA,0.11213332932828653,0.01814309855826187,0.03521077468305747,0.014288385324960472,NA,57,57,57,0.00013393977216340824,0.12742003788246406
ENSG00000125388.19,GRK4,1.58807075341035,NA,0.11227034084329575,0.00787641753414876,0.02477425089164076,0.036717741778574134,NA,12,12,12,0.0010478773659931505,0.07336302798689696
ENSG00000249915.7,PDCD6,-1.587799503101852,NA,0.11233168388275162,0.002750606112737579,0.024820508095014085,0.03908707971045759,NA,15,17,17,0.0007739957140390107,0.053060740278908836
ENSG00000159228.12,CBR1,-1.587027699945864,NA,0.11250637113623278,0.02001942581688237,0.21702185691928425,3.0033825489188394e-11,NA,66,70,70,0.0056369794974014875,0.17855345100857298
ENSG00000170802.15,FOXN2,1.5839996953333086,NA,0.11319378842898589,0.02181771294268679,0.2080902742356749,3.280254234952184e-10,NA,8,9,9,0.011399752381694795,0.16170689586142806
ENSG00000168993.14,CPLX1,-1.582976188940208,NA,0.11342689164277148,0.008519877342202447,0.0815486279383632,0.00014569936202735544,NA,11,11,11,0.025627201700124905,0.13648608205419138
ENSG00000029639.10,TFB1M,1.5789711974117748,NA,0.11434266369689662,0.011446029868042997,0.040517461231035466,0.0072979280191220125,NA,25,27,27,0.033701749427252535,0.07447202760346651
ENSG00000159658.10,EFCAB14,-1.5783101561170487,NA,0.11449437384687802,0.019381485163674404,0.07836815427690487,0.00024351092967807216,NA,138,144,144,8.8798041596205e-06,0.11725958048262165
ENSG00000276855.1,CTD-3157E16.2,-1.5768263604507755,NA,0.11483548442550238,0.008211175843898754,0.03158889343068394,0.014949049506111487,NA,15,18,18,0.0007726035197592561,0.06977838690617717
ENSG00000272989.1,LINC02012,-1.5760167991731422,NA,0.11502193173150885,0.045575206142109546,0.2575054256667487,6.204334725139134e-13,NA,22,24,24,4.230424842409664e-26,0.2871998905609972
ENSG00000187189.10,TSPYL4,1.5702709752934403,NA,0.11635208362353462,0.011314554501861154,0.039752821059603316,0.008826280312322647,NA,24,25,25,0.01146293527079964,0.16608971981074058
ENSG00000169231.13,THBS3,1.5697155533754208,NA,0.11648130115553444,0.002969595405225336,0.10583736969227447,1.610675051142183e-05,NA,4,4,4,0.03252380586869913,0.028283168574599067
ENSG00000172301.10,COPRS,-1.5666850413460545,NA,0.11718832895840424,0.03252546329423915,0.04892256175501017,0.004187382024810745,NA,53,57,57,9.590384098026654e-13,0.12018385724665265
ENSG00000147804.9,SLC39A4,-1.5662962943260228,NA,0.11727926813993475,0.023134623286114524,0.09690413036055716,2.3553595259997665e-05,NA,41,47,47,0.029481649162022755,0.21732258012007288
ENSG00000147679.11,UTP23,-1.5662216976530685,NA,0.11729672479463586,0.007940876526220293,0.08450757203949881,8.749028908583873e-05,NA,32,34,34,0.03331322964605428,0.08748268277198132
ENSG00000173218.14,VANGL1,1.5661613555636849,NA,0.11731084717160577,0.08342352814651091,0.265806049209729,9.271557960567943e-14,NA,78,84,84,2.5193758315888565e-06,0.2039208761641228
ENSG00000106399.11,RPA3,1.5646718524800298,NA,0.11765987164768837,0.00456588829657691,0.056268532973679126,0.0015146210619622288,NA,16,22,22,0.015787734845010545,0.11616281530876015
ENSG00000118849.9,RARRES1,-1.5637509610494695,NA,0.11787606478948429,0.015404681498294291,0.08326366625204527,0.00010212495746538714,NA,22,22,22,0.009666974989813849,0.31270413660244684
ENSG00000157106.16,SMG1,-1.5637183473150273,NA,0.11788372706584498,0.0030555686349705356,0.06883763495934543,0.0005638413194714825,NA,19,19,19,0.03140282306868355,0.059003251813948575
ENSG00000271889.1,RP11-493E12.1,1.5628734785186624,NA,0.11808235690331609,0.009467287999048987,0.0424569740849389,0.0074379838049474485,NA,15,15,15,0.06569206706204554,0.0290624254504768
ENSG00000134014.16,ELP3,-1.5626701324794994,NA,0.1181302030194005,0.006036227157035829,0.11337987155530088,3.912838561844191e-06,NA,8,8,8,0.13059514192259777,0.10012043583650876
ENSG00000182013.17,PNMAL1,1.5609213441116954,NA,0.11854231055850746,0.036984888412280745,0.17030496610281998,1.5802797967595042e-08,NA,5,5,5,0.008001310711578868,0.07648481519307218
ENSG00000198912.10,C1orf174,1.5603838265555634,NA,0.11866920452657398,0.05309023161929196,0.13250144946357295,5.224514298434336e-07,NA,47,49,49,0.0009563273293089349,0.1339353093602501
ENSG00000135698.9,MPHOSPH6,-1.5597145036706463,NA,0.11882736316297317,0.048504009170951504,0.33314868492860106,4.746965282322248e-17,NA,55,58,58,0.0007526713159923658,0.04746281256584965
ENSG00000171227.6,TMEM37,1.5566664991689974,NA,0.11954968642821431,0.012555071918908787,0.02735636371760025,0.03091895118171628,NA,27,29,29,8.582671586278114e-06,0.0911993683141718
ENSG00000129946.10,SHC2,-1.5515481524548207,NA,0.12077037717160481,0.01750820976429949,0.10755524408617856,8.017722943714157e-06,NA,10,10,10,0.007462192555217131,0.2449066711765118
ENSG00000116353.15,MECR,-1.550557991147484,NA,0.12100764599056552,0.013094447916652038,0.09537093814327592,3.6095905551698825e-05,NA,75,79,79,0.008122141677616839,0.12804505722251944
ENSG00000148337.20,CIZ1,-1.5501396487739045,NA,0.12110800141195874,0.02555096653083666,0.18865420755027135,1.24067801707526e-09,NA,19,21,21,0.005527567117518094,0.14392237123520346
ENSG00000085982.13,USP40,1.5496089639525905,NA,0.12123540014128735,0.009829931589194891,0.13902350350230644,4.126942741671593e-07,NA,22,26,26,0.0019576055605117957,0.15346982303977488
ENSG00000072364.12,AFF4,-1.548797507245069,NA,0.12143040498347608,0.02424173954043987,0.06451264993537484,0.0006651359109394768,NA,51,53,53,0.0030436403081205558,0.07456498365034492
ENSG00000090054.13,SPTLC1,-1.548302422623687,NA,0.1215495014568067,0.015136048279400975,0.0899344018675345,3.865678229502059e-05,NA,29,30,30,1.6556731014415395e-05,0.04767790519384401
ENSG00000269949.1,RP11-738E22.3,1.5443507194440516,NA,0.12250339165638982,0.11685882223695684,0.092111595518532,4.153094413800529e-05,NA,56,60,60,7.130749083766317e-08,0.1464434303705257
ENSG00000250596.1,RP11-440I14.2,1.544307077086945,NA,0.12251395892066358,0.061000923112410496,0.1989858655701835,2.8501827778561636e-10,NA,15,15,15,0.0218902222392637,0.14396125019196412
ENSG00000115524.15,SF3B1,-1.543884171941496,NA,0.12261639519795718,0.0063381362108578775,0.096549989078454,3.899807825599739e-05,NA,32,32,32,0.05757500316973086,0.08102540028961208
ENSG00000149292.16,TTC12,1.5418099550457671,NA,0.1231197822321639,0.1607694933291391,0.2877655910388687,1.1292253979143337e-15,NA,111,124,124,4.621337566252233e-60,0.231231871368575
ENSG00000235263.1,RP13-392I16.1,-1.5412240413437692,NA,0.12326226824675851,0.004985645587758055,0.029260802247496543,0.025679155848503957,NA,8,8,8,0.003728410831300071,0.17664622933314603
ENSG00000162877.12,PM20D1,-1.5411100121216785,NA,0.12329001352009955,0.10092560467054874,0.2082123442886282,1.7599641036858366e-10,NA,34,38,38,0.013073266259009973,0.4639271530169107
ENSG00000011376.9,LARS2,-1.5398879101274945,NA,0.12358767825705777,0.023394589361675683,0.12441852630530364,2.4455792881073222e-06,NA,61,63,63,0.027412852878959112,0.08483228771282754
ENSG00000130487.5,KLHDC7B,-1.5391408018043786,NA,0.12376992593661144,0.032101103465620784,0.02528688799174956,0.03910436116392678,NA,73,78,78,0.0035862440939841774,0.3335966056573449
ENSG00000173226.16,IQCB1,-1.53663371982606,NA,0.12438303031048263,0.05002108205464843,0.20122834655994268,3.098576970877229e-10,NA,66,67,67,0.00046725539744745247,0.1268140119959355
ENSG00000196275.13,GTF2IRD2,-1.5347164692531945,NA,0.12485348859959561,0.03430206521044551,0.2285064740605397,1.7351057389417778e-11,NA,31,44,44,8.627785897109069e-07,0.23012583010031226
ENSG00000150867.13,PIP4K2A,-1.5340498416718527,NA,0.12501739153244312,0.014286621055064258,0.07072570463919928,0.0004201927991740554,NA,42,45,45,4.976459860959207e-05,0.1171998215226245
ENSG00000119943.12,PYROXD2,1.5297520287519288,NA,0.12607811979908196,0.11697298626615837,0.3700649755381456,6.199791977240062e-20,NA,15,16,16,0.0522774554075801,0.14457785800032324
ENSG00000110218.8,PANX1,1.529654065156065,NA,0.12610237931333673,0.005626138326178131,0.06479537439683332,0.0006281483300222077,NA,21,21,21,0.0008848402100907297,0.060212892219304086
ENSG00000167397.14,VKORC1,1.5277359061920421,NA,0.1265781213677246,0.26044599635898896,0.5972648716235968,1.905624440836804e-39,NA,46,49,49,0.047457164473022194,0.13372358360623007
ENSG00000150977.10,RILPL2,1.526690592864099,NA,0.1268379677211723,0.006222741393973621,0.053009712788639834,0.002824694755876479,NA,20,20,20,0.1740816727078861,0.07927612954623411
ENSG00000120306.9,CYSTM1,-1.5234319563460905,NA,0.1276506721027814,0.006541758094987194,0.04842666685111867,0.003449266845406013,NA,50,51,51,3.9777684748358813e-17,0.08168053972875264
ENSG00000135457.9,TFCP2,1.5225832447297898,NA,0.12786300431042363,0.003126180360059249,0.02999879976569121,0.022382048782214618,NA,5,5,5,0.0007719832910590796,0.14667054316679048
ENSG00000180398.11,MCFD2,-1.5198036168794207,NA,0.12856033983188983,0.004869834935005625,0.13274932810343246,9.306346447444002e-07,NA,24,26,26,1.4613506591193133e-08,0.027997266312410108
ENSG00000174652.17,ZNF266,1.518864044930702,NA,0.12879672095915978,0.17609120421064867,0.6311517889220782,6.279631921084036e-45,NA,63,64,64,0.030102915148512602,0.051339569099440985
ENSG00000127586.16,CHTF18,1.5180555582046509,NA,0.1290003933670289,0.0002364631503972696,0.02506902521859879,0.036646046447970315,NA,1,3,3,0.1290003933670289,0.020327004816586672
ENSG00000079277.19,MKNK1,1.5168168203863412,NA,0.1293129390637791,0.025451872603612063,0.06565445948521466,0.0007596515650245822,NA,42,45,45,0.0003359120610756493,0.16540280934425186
ENSG00000136237.18,RAPGEF5,-1.516005952371379,NA,0.1295178472965479,0.018792095147012224,0.10224246733043106,1.0014181493065898e-05,NA,25,26,26,0.015974766469381934,0.1928517522056759
ENSG00000105856.13,HBP1,-1.515432626863654,NA,0.12966288008068969,0.003924381831447471,0.10043589389518208,2.1461825581437168e-05,NA,29,31,31,0.0001816076492044439,0.07624040650844255
ENSG00000133466.13,C1QTNF6,1.5149517667279837,NA,0.1297846193246559,0.030153997668512764,0.18323973552247874,1.1136921941284766e-09,NA,45,51,51,0.008754259497613867,0.09263235816047943
ENSG00000166762.16,CATSPER2,1.51333513803551,NA,0.1301945515314392,0.020267143294257176,0.0375365013996686,0.011060385912542714,NA,34,36,36,0.00027284399747980155,0.3951051952592666
ENSG00000230731.2,RP11-478K15.6,-1.5126739105486973,NA,0.13036250975207123,0.03274231370037143,0.14739879234126815,9.224523446760354e-08,NA,24,25,25,0.0008514907379295495,0.0817080544716383
ENSG00000214562.14,NUTM2D,1.5089087646538009,NA,0.131322099705911,0.0060072529422219075,0.20788519209821835,3.044277669907829e-10,NA,15,19,19,0.01035946142083987,0.18611427533204344
ENSG00000214146.2,LINC02026,1.5079927227273129,NA,0.13155638955116294,0.044501841573781994,0.04615874082851658,0.004232014713880617,NA,33,36,36,3.3814086403218733e-06,0.21796966559891506
ENSG00000141956.13,PRDM15,1.5075230083095035,NA,0.13167665082487678,0.01134148848330907,0.10548595400828717,1.3695566085634489e-05,NA,10,10,10,0.001574612017539837,0.067486440004452
ENSG00000267674.1,RP11-813F20.2,-1.505885335244152,NA,0.13209661176588702,0.06667148406424356,0.241729246376242,2.398447459435665e-12,NA,23,25,25,0.06802038088884912,0.08415273147042952
ENSG00000150316.11,CWC15,1.505517243941752,NA,0.13219114689286762,0.011612172754940319,0.16574096649561754,3.813604187936864e-09,NA,21,23,23,0.0015226912559248391,0.045608598807017016
ENSG00000183762.12,KREMEN1,1.5035610999037605,NA,0.13269441360674206,0.014057619433303952,0.10551983836022234,1.490160607334982e-05,NA,46,46,46,0.014847831907608163,0.041753181513427017
ENSG00000188747.8,NOXA1,1.500631965160143,NA,0.13345077889801987,0.009430888900812529,0.22673865932001164,2.6705642422018642e-11,NA,13,13,13,0.06767544720733182,0.029573906881100544
ENSG00000158022.6,TRIM63,-1.4993714368527666,NA,0.13377729928320076,0.023892994436728862,0.03368782912431438,0.01486277129562922,NA,20,20,20,0.024546079774433335,0.09264724104989328
ENSG00000187800.13,PEAR1,1.4981188462809085,NA,0.13410237540386946,0.012434033596410338,0.10015481592301026,2.7424559312783734e-05,NA,71,82,82,8.951031756071263e-07,0.1653071424284537
ENSG00000198018.6,ENTPD7,-1.495298403576679,NA,0.134836581550837,0.0032881209043265367,0.026096431927065896,0.0318272494908306,NA,45,46,46,0.030017082578808522,0.14418347228141812
ENSG00000231435.1,AC011747.3,-1.49472152693052,NA,0.1349871337293538,0.061421131442672104,0.21854732078112926,7.225082680287494e-11,NA,17,18,18,0.04885584397125428,0.19387557695515653
ENSG00000185290.3,NUPR2,1.494337773069036,NA,0.13508735701756372,0.11183731446312468,0.38295766510849866,8.984677448533578e-21,NA,16,16,16,0.04478831834637358,0.5159889561138723
ENSG00000187010.19,RHD,1.4931684861370094,NA,0.1353930890152349,0.17344373428294468,0.4229836036161164,6.0410406733047174e-24,NA,33,36,36,0.026100425075071283,0.3062994512342421
ENSG00000182648.11,LINC01006,1.4909322056787953,NA,0.13597929488440136,0.03299248704861095,0.14222161053296567,4.247200731571667e-07,NA,57,61,61,0.00975392312709449,0.07675908405050305
ENSG00000154099.17,DNAAF1,-1.4908299342808964,NA,0.1360061505151132,0.00615023483391786,0.03622439751265735,0.01211195553817652,NA,8,10,10,0.11242710720451275,0.027847778413110008
ENSG00000197345.12,MRPL21,-1.490143697983637,NA,0.13618645648163524,0.017216626980692096,0.15980303703866247,5.747645338491688e-08,NA,48,49,49,7.802710533861071e-05,0.04612082927508653
ENSG00000156113.22,KCNMA1,1.487297613110472,NA,0.13693622465971356,0.010066185598885401,0.04338306894525052,0.006887734519053862,NA,51,54,54,0.008724142746759589,0.051974114234552934
ENSG00000005981.12,ASB4,-1.4863235950469968,NA,0.13719354857399219,0.0004520438147970911,0.024364166699993563,0.03996519964915975,NA,1,1,1,0.13719354857399219,0.042375985736269335
ENSG00000244733.5,RP11-506M13.3,-1.4860275499406868,NA,0.13727183400853496,0.010280344313336125,0.3093937523747585,3.143365465259661e-16,NA,20,23,23,0.00022354571226855294,0.26538606033653384
ENSG00000203722.7,RAET1G,1.485295491609204,NA,0.1374655656278651,0.018550463081961982,0.10493998977400304,1.6170025194019017e-05,NA,35,36,36,0.014926100760763807,0.03526852927279864
ENSG00000164615.4,CAMLG,1.48312509059906,NA,0.1380411788904708,0.003548771027669571,0.04435119076709818,0.005401520416324732,NA,1,1,1,0.1380411788904708,0.1420337904781267
ENSG00000160446.18,ZDHHC12,1.4819024738413356,NA,0.13836624672716996,0.0365733742129163,0.22088399784262092,3.181870328209124e-11,NA,63,77,77,0.0003373800557730491,0.28481704457735024
ENSG00000146733.13,PSPH,1.4810828163384406,NA,0.13858450629348756,0.014192834295687,0.2516223239124081,8.192238091596204e-13,NA,15,17,17,0.021636406607190364,0.1778939103956141
ENSG00000183807.7,FAM162B,1.4801165091861945,NA,0.13884215646996212,0.1205700169930092,0.2887955235025144,7.544295833946466e-15,NA,39,43,43,0.001465247950008152,0.12361595424382388
ENSG00000273454.1,RP11-797D24.3,1.479512537808147,NA,0.1390033829303513,0.030297162545363715,0.023279041258416476,0.0469365488257446,NA,32,36,36,7.555868573519469e-07,0.3705398019722392
ENSG00000159200.17,RCAN1,-1.4769884718284303,NA,0.13967872750982954,0.008800209837718067,0.05966143832144731,0.0014239609463573286,NA,16,17,17,0.0001614456138403737,0.02972681387485065
ENSG00000167797.7,CDK2AP2,-1.4734156231121156,NA,0.14063900015436465,0.031982654903234875,0.17437609745517438,1.4010773973156678e-08,NA,58,63,63,1.6441252276688087e-06,0.1808250014273026
ENSG00000133872.13,SARAF,1.4712214543926072,NA,0.14123123691007083,0.010321462746488288,0.022639744517954256,0.048573824051038585,NA,56,57,57,1.0106164262981369e-10,0.3233990770135348
ENSG00000277149.4,TYW1B,1.4657223477620407,NA,0.1427239433733138,0.1683020301859749,0.4266461157740205,2.977448525187761e-24,NA,27,28,28,2.229499246924853e-06,0.10844180988743098
ENSG00000167861.15,HID1,-1.4653332782451354,NA,0.14283001141634918,0.0041568104662234135,0.08303796212446896,0.00011465175160002692,NA,6,6,6,0.047433656376333365,0.07383929669584431
ENSG00000214021.15,TTLL3,-1.4632236498489366,NA,0.14340619149293404,0.004339991209510944,0.04412460014477451,0.005892005435271561,NA,23,24,24,0.001287790521512771,0.04424488681601682
ENSG00000188573.7,FBLL1,1.4617521181187156,NA,0.1438091495482115,0.2581653667661692,0.413049681799784,4.9652768117789095e-23,NA,111,120,120,1.5676084056415952e-06,0.4523795533828068
ENSG00000137699.16,TRIM29,1.461571356571891,NA,0.1438587083497055,0.04060639909687781,0.12505361668515153,1.3263110115642835e-06,NA,35,36,36,0.0372271777378557,0.1146744462322292
ENSG00000171033.12,PKIA,1.461256742477417,NA,0.14394499629726346,0.003339358295616585,0.04380696991526541,0.006371886573497209,NA,1,1,1,0.14394499629726346,0.08219441692315425
ENSG00000172197.10,MBOAT1,1.461074104957858,NA,0.14399510576025337,0.04350075543209699,0.1844321345361834,3.2621151822343773e-09,NA,23,26,26,0.03534368033842451,0.1146980593551766
ENSG00000145214.13,DGKQ,-1.4602007435547126,NA,0.14423491104713254,0.010753141312070485,0.12833831020345482,7.847241602118465e-07,NA,5,5,5,0.00806898642120425,0.07044446304736611
ENSG00000060138.12,YBX3,-1.458855154191451,NA,0.14460497846526513,0.014261883484488959,0.11415904692668473,5.473584373023242e-06,NA,22,28,28,0.1489646788891372,0.16742622615910896
ENSG00000111676.14,ATN1,1.453768005425148,NA,0.14601063665710218,0.0028292915628214763,0.048732945086892465,0.003360927897965792,NA,13,13,13,0.0009394782246962177,0.053801085279905424
ENSG00000272690.5,LINC02018,1.4510624664264609,NA,0.14676246678791197,0.024239881269252295,0.04074039075412195,0.007940997206841945,NA,15,20,20,0.03965562677738975,0.2351141700683437
ENSG00000158856.17,DMTN,-1.4502585089479756,NA,0.14698644463099486,0.13813173341702528,0.4907513415825872,1.0813620180165595e-28,NA,39,43,43,0.005264648302551468,0.2365205646301265
ENSG00000100991.11,TRPC4AP,-1.4500043572002,NA,0.147057304169351,0.008715897793335217,0.044288715771082746,0.004776213253930478,NA,31,33,33,0.07987483846409789,0.12806801445274454
ENSG00000185838.13,GNB1L,-1.4499036720566463,NA,0.14708538321474535,0.08914017280540615,0.02488566399944935,0.035215432258564765,NA,124,191,191,6.56274752424712e-05,0.26423860962861834
ENSG00000196072.11,BLOC1S2,1.4493050381498986,NA,0.1472524147298579,0.019043723574312985,0.20212447608360215,4.190681189730789e-10,NA,47,53,53,0.018298678832917928,0.2050417769418346
ENSG00000137841.11,PLCB2,-1.4486075328239356,NA,0.14744721634071734,0.004669149336983745,0.03823409405454122,0.0104816803528033,NA,40,40,40,0.0165729598489185,0.10267365653405798
ENSG00000261889.1,RP11-473M20.16,1.4473451119832097,NA,0.14780029026909025,0.029264238356335973,0.057492232639843176,0.001085424236864206,NA,20,23,23,1.0004964289442374e-05,0.2872734960547625
ENSG00000174306.21,ZHX3,1.4458081701013672,NA,0.14823101391677462,0.00952289118150157,0.029446628043603457,0.025973952156611458,NA,52,57,57,0.016574361333270157,0.07486200560163864
ENSG00000188191.14,PRKAR1B,1.444209418306163,NA,0.14868007639659772,0.08161511309026645,0.3261514743256456,3.923523717574895e-17,NA,12,13,13,0.05360180767255865,0.20036132285598612
ENSG00000196159.11,FAT4,1.4440972083346353,NA,0.14871163326024803,0.01766327993301012,0.08290125978436394,0.00011072959025501579,NA,34,34,34,0.0059465351384595435,0.12269444170245708
ENSG00000100031.18,GGT1,1.443211438455385,NA,0.14896091829682426,0.020211593986644186,0.11199323053998764,8.95979504833952e-06,NA,15,16,16,7.052244722938292e-09,0.08981501780993563
ENSG00000155229.20,MMS19,-1.43485695821521,NA,0.15132786307458973,0.003272914276721042,0.031428938899070114,0.022127096941819958,NA,31,32,32,2.4635492210062383e-06,0.09923793364031183
ENSG00000273038.2,RP11-479G22.8,-1.4327560451931047,NA,0.15192756671528634,0.057057565981609375,0.19047268130833125,2.0691942418635257e-09,NA,67,70,70,9.394246570703145e-05,0.2195683783312424
ENSG00000119772.16,DNMT3A,1.4265343855103014,NA,0.15371414874043904,0.0012547983913735853,0.030018812735405343,0.024875930185105373,NA,4,5,5,0.010084414302156869,0.0898993444973918
ENSG00000175182.14,FAM131A,-1.4241410794272873,NA,0.15440563691868012,0.04442355047951754,0.17193266085250844,7.584294405560224e-09,NA,70,76,76,0.0029083872823478193,0.1491941375876481
ENSG00000139436.20,GIT2,-1.4241235173174898,NA,0.15441071978823262,0.010673726610323519,0.05502031788811622,0.0018355982332854523,NA,45,48,48,3.784562661084193e-08,0.06765495116163978
ENSG00000145734.18,BDP1,1.4219611242513328,NA,0.15503753696380354,0.002696442513688813,0.041317700353721634,0.006616042032274769,NA,43,47,47,0.07979888485465976,0.006258754421196216
ENSG00000116213.15,WRAP73,-1.421498773120051,NA,0.15517180999319735,0.009122863903685566,0.09074740390087936,5.3851411748218545e-05,NA,20,21,21,1.589753176649908e-05,0.054439624633999296
ENSG00000167525.13,PROCA1,1.4202039997124445,NA,0.15554829957338165,0.004005684327877625,0.03685729099300745,0.01133230097482369,NA,22,24,24,0.0074793111465489455,0.010233299809879894
ENSG00000051596.9,THOC3,1.4197011832165642,NA,0.15569469352129317,0.02598555728588331,0.08035731618825609,0.0001983074899957308,NA,47,50,50,0.009252057447532965,0.2000000293078087
ENSG00000150687.11,PRSS23,1.4195343637414046,NA,0.15574328574819415,0.0009018332410152358,0.028643228092605832,0.026428278034635586,NA,2,2,2,0.15128276579472613,0.043591457442305005
ENSG00000150054.18,MPP7,1.419433766228466,NA,0.15577259398738336,0.02679421144636345,0.17206206016325462,1.6554026674628072e-08,NA,30,31,31,0.1088914354533585,0.05782840249021319
ENSG00000138134.11,STAMBPL1,-1.4187992868146262,NA,0.1559575406823733,0.0016390589419306156,0.06333923173006213,0.0009849781724100193,NA,3,3,3,0.0229294333439955,0.0451049496518672
ENSG00000100097.11,LGALS1,1.41642051932297,NA,0.1566524196885912,0.014200946406856553,0.12459649914508555,1.7830752338083752e-06,NA,12,12,12,0.12737281456676028,0.04773523364624509
ENSG00000175322.11,ZNF519,1.4154051037604594,NA,0.15694975407167544,0.05753369697122524,0.2378782758038707,8.503965827243301e-12,NA,29,34,34,1.119540764979521e-06,0.16505941070500801
ENSG00000021488.12,SLC7A9,-1.4151548092290658,NA,0.15702311110024395,0.012966128616619266,0.053044046020114914,0.0021096490094687547,NA,27,27,27,8.224959494132969e-05,0.03148614835438105
ENSG00000115568.15,ZNF142,1.4146429093246393,NA,0.15717322110255427,0.001228620989213463,0.07416875546251163,0.0003602093322585616,NA,16,16,16,0.13324252159673247,0.010012474044918087
ENSG00000007001.12,UPP2,-1.4135849120984036,NA,0.15748381386495747,0.02471535027485977,0.07748166002942497,0.00024307191708179517,NA,48,64,64,3.934059162634356e-05,0.1932476221042026
ENSG00000136895.18,GARNL3,1.4120473326553207,NA,0.15793602478863533,0.013629022213015804,0.07795510888084943,0.00016317212159888504,NA,27,27,27,0.0005580988267445417,0.1527938276392155
ENSG00000175221.14,MED16,-1.40915534732285,NA,0.1587892379681185,0.013411636601278759,0.18756187894974616,1.0344618621453175e-09,NA,9,11,11,0.05412378685847963,0.07976953284647498
ENSG00000178826.10,TMEM139,-1.4087089571646616,NA,0.15892124525364892,0.00786659769350853,0.03888879250482305,0.009657688521487212,NA,14,16,16,0.006497871333631037,0.06190879742100805
ENSG00000185689.15,C6orf201,1.4083285346279135,NA,0.159033810013405,0.007362928323479663,0.06834410850135672,0.00048617284020520467,NA,28,31,31,7.980060876396741e-17,0.04053119836241493
ENSG00000014123.9,UFL1,1.4081991275907388,NA,0.1590721145333226,0.004709973121162569,0.03529624771837465,0.01062723720026424,NA,12,12,12,0.10030262523380169,0.13604322720241488
ENSG00000072694.20,FCGR2B,-1.405970952754371,NA,0.15973275037334456,0.005343927988490512,0.0848319602457659,9.924160717362264e-05,NA,22,28,28,0.011562402470520159,0.06369248723354504
ENSG00000273139.1,XXbac-B444P24.14,1.4057483585226005,NA,0.15979886159426704,0.04669147757811047,0.028446432895024694,0.029567177525096244,NA,36,38,38,0.002887872644448821,0.13432576880870464
ENSG00000170581.13,STAT2,1.405139414204863,NA,0.1599798257966487,0.05941216619569815,0.2992739548872053,1.641125334304319e-15,NA,59,64,64,0.0004973618784617828,0.1641280068910803
ENSG00000107521.18,HPS1,1.4046909583905554,NA,0.16011319556356585,0.014361898057782072,0.10723542585464686,1.1043228120579229e-05,NA,28,29,29,0.013852690295852909,0.14863302647651802
ENSG00000176974.19,SHMT1,-1.404667099382724,NA,0.16012029353403068,0.05676758944753359,0.3350506827312773,6.801747401540367e-18,NA,76,83,83,6.548104574141489e-20,0.3127798650336333
ENSG00000185163.9,DDX51,-1.403966865345539,NA,0.16032871664309112,0.007462347277154466,0.04125340917791555,0.006314612184237107,NA,16,17,17,0.14791280924385306,0.11071702901755937
ENSG00000095485.16,CWF19L1,-1.403869570081678,NA,0.16035769258160304,0.07527483242855444,0.3175806897775819,1.1970346269364743e-16,NA,23,23,23,0.0001313729771946031,0.06933014188028011
ENSG00000154096.13,THY1,-1.4037543785046096,NA,0.1603920034184788,0.0019391629574676175,0.0708745574076391,0.0004735803060490946,NA,21,30,30,0.012694970676185345,0.0525299913991165
ENSG00000277999.1,RP11-426C22.8,1.4036254520575964,NA,0.16043041188902663,0.09894100178944101,0.508125846743574,6.9313148980539706e-31,NA,13,16,16,0.06805603370252168,0.10482119438881382
ENSG00000106125.14,MINDY4,-1.4025627467822424,NA,0.16074726720382593,0.041111260708156405,0.16879738244194042,1.5618390331303848e-08,NA,38,42,42,6.599675664848974e-05,0.2028994569727649
ENSG00000136982.5,DSCC1,1.4018207651424635,NA,0.16096877600162984,0.02386434712215653,0.15731772991144982,2.3318191326231916e-08,NA,13,13,13,0.06363182758357724,0.05768765739033449
ENSG00000086288.11,NME8,-1.3947685781654255,NA,0.16308563717010316,0.015667190630176717,0.06654799175026688,0.00037954197026267945,NA,12,14,14,0.07196500705105771,0.18051134964984425
ENSG00000182179.12,UBA7,-1.3947640575730431,NA,0.1630870008204055,0.010265633107733744,0.08966991698776569,6.086410090909471e-05,NA,44,44,44,0.005612995239751736,0.09784946442762826
ENSG00000227107.1,AC096574.5,1.3942344192832046,NA,0.16324682732761164,0.010129652277773862,0.05366592927423889,0.0022934014863690453,NA,7,7,7,0.06843543079457948,0.1163596045967455
ENSG00000162688.16,AGL,1.3933692480290656,NA,0.16350816004376045,0.003311866267865666,0.028401527559276732,0.02903199387882203,NA,38,39,39,0.002094751574490139,0.03540531435856281
ENSG00000213221.4,DNLZ,-1.3929329475563037,NA,0.16364006805932363,0.042585607178641516,0.20302469727040914,1.1060992642330048e-10,NA,8,9,9,0.08226043384479245,0.53572707261443
ENSG00000131944.9,FAAP24,-1.3920175186212456,NA,0.16391709306620839,0.0904945069742075,0.03586079364838582,0.01328007043599077,NA,82,87,87,0.00016157777183355796,0.39418588887536055
ENSG00000120370.12,GORAB,1.3898073916316838,NA,0.16458737295047488,0.02367132400201954,0.08912043520640614,7.073896571698343e-05,NA,49,51,51,0.041101933909220914,0.6474848564152813
ENSG00000175581.13,MRPL48,-1.3845191900573819,NA,0.16619953625993467,0.024788021125646344,0.09147038703656356,2.6447705895277804e-05,NA,30,31,31,0.06120624358327918,0.11755415971239334
ENSG00000241839.9,PLEKHO2,-1.38422173765216,NA,0.16629056926100305,0.008409262663510327,0.0410402973577309,0.008391176625715799,NA,50,50,50,1.2785602384993526e-07,0.20683207423955394
ENSG00000148498.15,PARD3,-1.3839277570563666,NA,0.1663805765775488,0.004591452726242053,0.047589441689734016,0.0038969377607731438,NA,39,39,39,0.007500452312011418,0.05833812613262952
ENSG00000115738.9,ID2,1.3815410014541083,NA,0.16711268009125924,0.0010801182330863488,0.0295251669084866,0.025093963919544226,NA,2,5,5,0.1882790990213381,0.05874714911090665
ENSG00000153936.16,HS2ST1,-1.3794889930050154,NA,0.1677440376153423,0.0030974962977631665,0.03352840814925124,0.0161547867835414,NA,42,45,45,1.4847203743635039e-09,0.08727609893989842
ENSG00000103066.12,PLA2G15,1.3791006051537986,NA,0.1678637373072298,0.00817155103482204,0.029026349260131708,0.026755348909066477,NA,15,15,15,0.0033668962915460836,0.07859907450683604
ENSG00000227124.8,ZNF717,-1.3788469432087938,NA,0.16794194959518682,0.0007834973678217668,0.06974846204108623,0.0002013422428196395,NA,5,22,22,0.03828872423189033,0.034825062022621645
ENSG00000046604.12,DSG2,1.3780648313509074,NA,0.1681832725564978,0.003519817601844985,0.06924113662105456,0.0002999177983514388,NA,7,7,7,0.07021962866740286,0.04352966275114256
ENSG00000144746.6,ARL6IP5,1.376365421314027,NA,0.1687085278595113,0.013074702804992294,0.31699256005332666,2.1777023011109e-16,NA,5,8,8,0.054616057172505575,0.13311593604796604
ENSG00000177076.5,ACER2,-1.3757535814924584,NA,0.1688979369743464,0.0002201897158188219,0.027433692315103363,0.027587511517534077,NA,3,4,4,0.19909251886481816,0.04136401725293858
ENSG00000164039.14,BDH2,-1.3756014158221608,NA,0.16894506812813082,0.027117579498308876,0.2156684562669556,1.0369252565302859e-10,NA,44,44,44,0.003870544224968436,0.1137009918250608
ENSG00000143498.17,TAF1A,-1.3734500806738699,NA,0.16961246990597056,0.0024677872521115815,0.05038055264169265,0.002661557182713506,NA,12,13,13,0.0008166616541769423,0.0530083309319982
ENSG00000165730.14,STOX1,1.3722772261703446,NA,0.16997715243647582,0.06348787336866127,0.2343949364927343,1.3464547838560544e-11,NA,21,21,21,0.00013802544608944076,0.25218732123337856
ENSG00000140623.13,SEPT12,1.3720402116453514,NA,0.17005092008736167,0.025814051306103286,0.13452827417956612,7.34134794357651e-07,NA,11,11,11,0.055142793953585664,0.07897824784654248
ENSG00000157927.16,RADIL,-1.3707827232780518,NA,0.1704426982038303,0.10235974537651257,0.15305614921696847,4.1582415026323254e-08,NA,60,66,66,1.2717012167381718e-20,0.18145502018393211
ENSG00000204117.1,RP4-640H8.2,-1.3705091372158988,NA,0.17052802510355092,0.04891094554944761,0.030542114342642476,0.023909823986602755,NA,63,69,69,3.217526267741916e-06,0.3403857041493999
ENSG00000275897.1,RP11-94C24.13,-1.3695946707242226,NA,0.1708134641172877,0.003063456882224387,0.06250329766989597,0.0010009528731212754,NA,6,6,6,0.0691618922011646,0.03495780176564467
ENSG00000217930.7,PAM16,1.3688083804141626,NA,0.17105918059374692,0.0032724768839284407,0.08555643607284523,7.346261162430885e-05,NA,12,13,13,0.006223103848450404,0.10326714714878137
ENSG00000197253.13,TPSB2,-1.368225420299082,NA,0.17124152699418405,0.022255577748794355,0.12918921346293671,8.756156012445387e-07,NA,10,11,11,0.035860136130036704,0.08577731902181884
ENSG00000177570.13,SAMD12,1.3674554234923306,NA,0.17148260036412555,0.024866280188812272,0.1132996885596326,5.8794981771953765e-06,NA,55,58,58,0.000535039495415878,0.06582814054955062
ENSG00000184983.9,NDUFA6,-1.3668489840217348,NA,0.17167264538742,0.018372400704155325,0.1927093958202502,1.691012302512641e-09,NA,32,38,38,1.1781590428636558e-06,0.4403827232730236
ENSG00000253959.1,LINC01863,1.3645541086486783,NA,0.1723932368118941,0.04601407658180746,0.2302617797669689,1.0027014555946206e-11,NA,6,6,6,0.13808409213678494,0.11683301606461595
ENSG00000172803.17,SNX32,-1.364204517988786,NA,0.1725032066493567,0.016944039849481833,0.040957402166205165,0.008057588502109534,NA,22,22,22,0.09548564436050282,0.1465284981641323
ENSG00000256660.5,CLEC12B,-1.362502451921129,NA,0.17303937087999421,0.011924723161670236,0.07638760704975484,0.00022428470285277733,NA,6,7,7,0.15893416025755125,0.11674207081380784
ENSG00000080815.18,PSEN1,1.361820010095845,NA,0.17325469498109958,0.008188183100451132,0.11962726401767433,3.7044789406477516e-06,NA,34,34,34,0.003366379360569769,0.1468100055611688
ENSG00000196704.11,AMZ2,1.360427996121428,NA,0.17369452411533715,0.008536901689661877,0.1314257302933672,1.1665680742040742e-06,NA,12,13,13,0.13535263490081775,0.07596747041518351
ENSG00000088888.17,MAVS,-1.360427188384038,NA,0.173694779574873,0.012144204569842325,0.1662050049367263,2.7686866642346908e-08,NA,7,8,8,0.0003278007730350921,0.11161247731361147
ENSG00000100883.11,SRP54,-1.3593728785143955,NA,0.17402846086494161,0.006701459448272459,0.054362595599135886,0.0020404896395496298,NA,76,81,81,0.00360634023698628,0.05892807079771726
ENSG00000161996.18,WDR90,-1.3569023924255514,NA,0.17481222658641926,0.044795339556704505,0.1891128096579404,2.223182139526251e-09,NA,39,43,43,0.0009425108852880803,0.14270358626690868
ENSG00000066027.11,PPP2R5A,1.3564320552336204,NA,0.17496173991512975,0.00118178986850187,0.09745066949992616,3.0062249306296637e-05,NA,5,6,6,0.011704860567720446,0.016133882131898574
ENSG00000135702.14,CHST5,-1.3561206065178748,NA,0.1750607974256807,0.0043415881328786226,0.03135141837388593,0.020668792344483183,NA,3,3,3,0.01145763483843281,0.1456168481379364
ENSG00000104432.13,IL7,1.3548291934758714,NA,0.1754719831031759,0.022411091164128545,0.03918656158101454,0.008393715933103344,NA,76,78,78,4.572409927232903e-09,0.2442139170242889
ENSG00000127720.7,METTL25,1.349456835759458,NA,0.1771902757368221,0.002644047608686781,0.048762468620594746,0.004170913831275374,NA,16,17,17,0.007278285471996784,0.02962026638120384
ENSG00000021762.19,OSBPL5,1.3471229148631383,NA,0.1779406491444232,0.005605317009057914,0.032612776045318016,0.019543590538521997,NA,20,22,22,0.0028998217139134803,0.06879694530566137
ENSG00000241186.9,TDGF1,-1.3459621755654614,NA,0.17831471530684806,0.005928795673112441,0.029266540738399613,0.0268965953414013,NA,19,20,20,0.15623281709940673,0.0433133936666022
ENSG00000267838.2,AC008746.12,1.344017128562561,NA,0.17894284811030048,0.00471002255900267,0.10971388451434716,7.89490166425574e-06,NA,8,20,20,2.7103060266214095e-05,0.09556256088177192
ENSG00000143740.14,SNAP47,1.342428993993075,NA,0.17945693896780457,0.007379196753177729,0.05262429288294652,0.002800902413644421,NA,25,25,25,2.0706626415102522e-13,0.024989450620083942
ENSG00000205436.7,EXOC3L4,-1.3416409003332117,NA,0.17971245795196245,0.015566849587389854,0.04647446479481634,0.003890932778436924,NA,48,51,51,0.023194640454189064,0.10910960223336724
ENSG00000155254.12,MARVELD1,-1.341030042834591,NA,0.17991069865050702,0.0028326566583047434,0.044330747302223264,0.005060714326262667,NA,4,4,4,0.06957961088505915,0.036787448470766
ENSG00000168216.10,LMBRD1,1.3373507992776774,NA,0.18110815641364875,0.006740368900091399,0.061468973134620165,0.0011889142233401147,NA,20,21,21,0.00023680723942682598,0.0876290884352803
ENSG00000185252.18,ZNF74,1.3372679567424601,NA,0.18113518654179506,0.010492326127511806,0.12194896691670948,2.038891678137969e-06,NA,14,14,14,3.904489372607357e-08,0.055311527662279585
ENSG00000253428.1,LINC01942,-1.3364886735395525,NA,0.18138960016466976,0.02475780700135863,0.17564300523726853,1.1659942532804874e-08,NA,61,66,66,0.0008111978602552036,0.1436333602192944
ENSG00000164346.9,NSA2,1.3355835968134044,NA,0.1816854145311383,0.06932971874006208,0.4401893350120332,6.877811384962479e-27,NA,38,38,38,0.0881214054583323,0.08192405098500995
ENSG00000166922.8,SCG5,-1.3353230774725375,NA,0.18177062871909933,0.009934746028627407,0.17359955668739027,9.121622247168662e-09,NA,7,11,11,0.0032756901281714673,0.07256217698476339
ENSG00000122679.8,RAMP3,1.3346853453924403,NA,0.18197935188238035,0.007508120802660248,0.08589902019514661,8.43542696807621e-05,NA,11,11,11,0.00640324700911261,0.05060704915049265
ENSG00000188312.13,CENPP,1.3340125243080143,NA,0.1821997519906684,0.02199427800016974,0.02246866191532895,0.038373781427068133,NA,31,32,32,0.03930050500938966,0.1396448918833414
ENSG00000197417.7,SHPK,1.3336885917908903,NA,0.18230593511682558,0.025758450729765875,0.18572730683678426,1.7555284704995144e-09,NA,108,115,115,0.0001915652952902835,0.1722110983720786
ENSG00000117834.12,SLC5A9,-1.3325474262761645,NA,0.18268036789037911,0.061139666505267566,0.2734000104972032,2.1087910762243217e-14,NA,62,64,64,6.496584846431314e-05,0.18431879418682948
ENSG00000134072.10,CAMK1,-1.331945554873635,NA,0.18287808002527683,0.0022576373864199376,0.07556148647248617,0.00031303015724770916,NA,2,2,2,0.10663341330709869,0.03854960797917592
ENSG00000144362.11,PHOSPHO2,-1.3296740351847203,NA,0.18362569328425704,0.03968245935893162,0.11497867219335495,6.68729896992337e-06,NA,20,20,20,0.004418751661485954,0.07344001990805545
ENSG00000169629.11,RGPD8,1.3294279651896896,NA,0.18370681670812095,0.21379335303685293,0.4400282332803727,2.064334071266336e-26,NA,21,22,22,4.81103397742294e-06,0.5299178173816151
ENSG00000204792.2,LINC01291,-1.3291155649616506,NA,0.18380984587128668,0.2509585404135395,0.5195311807082515,7.828568899036257e-32,NA,35,40,40,0.07672960640716332,0.2326860266959407
ENSG00000134809.8,TIMM10,-1.329053272886699,NA,0.18383039482778585,0.10883890902041564,0.4445966876733665,1.1971813352032415e-25,NA,41,42,42,2.7239073302031347e-05,0.1547321170025074
ENSG00000095261.13,PSMD5,1.3284302627947857,NA,0.1840360074727614,0.09746092626302123,0.3511725306387885,6.595723473259566e-19,NA,34,34,34,0.00022926638986438873,0.13178776190363764
ENSG00000124767.6,GLO1,1.3274664266434764,NA,0.18435443871966906,0.005102498565236874,0.09236329927883066,4.503478345942853e-05,NA,29,29,29,0.028770136942698296,0.02543640179165195
ENSG00000167646.13,DNAAF3,1.3273699245508568,NA,0.1843863434356252,0.07383552062106513,0.2326620517445856,1.5460593844876385e-11,NA,25,42,42,0.05160038001360219,0.3610510989391999
ENSG00000112992.16,NNT,-1.326164726836427,NA,0.1847851401646209,0.007851156062303962,0.06210673799765683,0.001028616609275618,NA,30,30,30,0.0029303145219066423,0.07287624167804357
ENSG00000130023.15,ERMARD,-1.325766645562064,NA,0.18491700433008695,0.0011635175102990558,0.027685287244348884,0.03145709715358292,NA,17,18,18,0.011574936682652916,0.043581717496693324
ENSG00000171488.14,LRRC8C,-1.3232380635286516,NA,0.1857562215432027,0.008302912942565972,0.03215450205107072,0.020649401289377936,NA,55,57,57,0.0003946770588208143,0.09128776890019667
ENSG00000177595.17,PIDD1,1.3197538207909476,NA,0.18691722419990897,0.007825393054047475,0.15009631140130153,1.6851896692908065e-07,NA,4,4,4,0.17038913605465644,0.056160215443315856
ENSG00000175518.6,UBQLNL,-1.3196983039592332,NA,0.18693576653417443,0.05102517173313853,0.1475675778401821,1.7830344431672015e-07,NA,86,89,89,0.0031337080437687987,0.13563653062024014
ENSG00000013306.15,SLC25A39,1.3189158917884998,NA,0.18719723265845045,0.012664949007436994,0.11350243379028108,6.940747774697928e-06,NA,42,45,45,0.00031585774949920435,0.0779460637378232
ENSG00000152219.4,ARL14EP,1.3164803019675386,NA,0.18801288558106466,0.012309152473900829,0.08182655081928583,0.00012366972657087763,NA,54,54,54,0.03947989596598711,0.07452175136083343
ENSG00000204172.12,AGAP9,1.3149119526919992,NA,0.188539495193627,0.023805985417499908,0.3516895531724452,4.0776121868232973e-19,NA,18,48,48,0.010262270794881283,0.13170048831399994
ENSG00000278344.1,RP11-18C24.8,1.314376084023114,NA,0.18871967464726014,0.0067826824098995665,0.03298294488299554,0.017437690220568045,NA,7,9,9,0.008103024640246256,0.21156732014239416
ENSG00000268043.7,NBPF12,-1.3140971779389257,NA,0.18881350372431938,0.03220767358584619,0.17675579999338986,1.0249905170539662e-08,NA,43,56,56,0.019784579678554726,0.09879803758723356
ENSG00000162600.11,OMA1,-1.3135176362377998,NA,0.18900858208486082,0.008477464874895767,0.14475448073396746,4.8695244119223095e-08,NA,24,24,24,0.02946916326812955,0.07582024484377027
ENSG00000170927.14,PKHD1,-1.312416877968675,NA,0.1893795151881117,0.005597939083695814,0.07714457040660344,0.0002144670654269075,NA,35,35,35,0.004198430199848477,0.033766555279653825
ENSG00000116885.18,OSCP1,-1.3103291431092774,NA,0.19008451261257842,0.00454213500454059,0.02811978259258234,0.028943510122485038,NA,12,12,12,0.006378325250535678,0.05516649418143037
ENSG00000182752.9,PAPPA,1.3097779246842687,NA,0.19027097315945551,0.013874812530579355,0.07131448955365742,0.0004032755044832919,NA,51,53,53,0.0009537676060509776,0.2445178738720893
ENSG00000117748.9,RPA2,-1.309286071496645,NA,0.19043746593200606,0.05952226956274875,0.446707187640971,3.650945649714975e-25,NA,9,10,10,0.1965441625690505,0.6453084297593804
ENSG00000168724.14,DNAJC21,-1.3091857250010903,NA,0.19047144648809966,0.006530574770578799,0.05050568472042038,0.0029279898973817694,NA,19,19,19,4.8773787572826735e-12,0.06865640912629185
ENSG00000146707.14,POMZP3,-1.307889087677217,NA,0.19091093129331638,0.05055318045861446,0.21362706218238006,8.980345160200027e-11,NA,26,31,31,0.010091523062179563,0.24006020147031404
ENSG00000272573.5,MUSTN1,-1.3065096410689103,NA,0.1913793025681486,0.0020880955614280784,0.04759307128097109,0.004446831201315312,NA,6,6,6,0.08800451174443753,0.05447703986223452
ENSG00000166510.13,CCDC68,1.3061942363032317,NA,0.19148651237655667,0.02811422794311265,0.09337687459869806,3.167918392788632e-05,NA,27,29,29,1.9500170189841545e-05,0.13757023746748376
ENSG00000277443.2,MARCKS,1.3061243343955813,NA,0.19151027884143101,0.026820899210994523,0.024373744424458624,0.04205532839963168,NA,99,102,102,3.0322430270752434e-15,0.14473754167951924
ENSG00000260953.1,RP11-426C22.6,1.3049491909796134,NA,0.19191014946103502,0.07794791402861001,0.2763822779922793,3.4200175804063734e-15,NA,9,12,12,0.0006720918736039354,0.08134925429586554
ENSG00000144182.16,LIPT1,1.3025153084144891,NA,0.19274028829389322,0.019777474094006348,0.12646006738190513,1.1876575066079391e-06,NA,45,46,46,4.126615628517658e-09,0.06347618042383757
ENSG00000120708.16,TGFBI,-1.3019848445956554,NA,0.19292156647767134,0.03479966491727777,0.07508918091968084,0.00033621175965022797,NA,74,76,76,2.2737103580241133e-20,0.2623956581664389
ENSG00000150457.8,LATS2,1.3014564666552393,NA,0.19310225634955458,0.00988818222337842,0.03850844564006802,0.01117396810788257,NA,38,43,43,0.0011139817027573998,0.0958914436184317
ENSG00000101224.17,CDC25B,1.3008091915014401,NA,0.19332377500749842,0.008380161791949062,0.07541356082127135,0.00023705709142061163,NA,16,17,17,0.00017153573868720746,0.06228768153166965
ENSG00000123843.12,C4BPB,1.297490435496451,NA,0.19446249390851011,0.0017289529885538219,0.05675202145984658,0.0017017906411409616,NA,5,5,5,0.14051254111084174,0.08687243352890561
ENSG00000253147.5,RP11-369E15.4,1.2968408759073742,NA,0.1946859430577903,0.12147987388719908,0.3702802176802296,4.8941720951228436e-20,NA,22,22,22,0.0018956719182011317,0.23389381569692494
ENSG00000167670.15,CHAF1A,-1.2941276947579219,NA,0.19562131679649097,0.004269705857583403,0.0873958626529737,7.129601511275049e-05,NA,4,4,4,0.0007158813077969014,0.046170119378058136
ENSG00000169885.9,CALML6,-1.2939413353203713,NA,0.195685685223827,0.009558120348306009,0.07205467157058003,0.0004074493577227592,NA,37,42,42,1.4767580796897729e-06,0.07352463479186892
ENSG00000162994.15,CLHC1,1.2933703114594886,NA,0.19588301315272127,0.03401209755190482,0.2531050222573545,1.4329447607976971e-12,NA,9,9,9,0.001773959254617567,0.1621034726373844
ENSG00000171992.12,SYNPO,-1.2931845871065342,NA,0.19594722507951523,0.03621635340771992,0.02579856403352267,0.03592270668772418,NA,51,59,59,0.034691685719444865,0.13308658170911308
ENSG00000172322.13,CLEC12A,-1.2912711107921182,NA,0.1966096844771471,0.05131634193701684,0.3717025766578396,4.5041448815363895e-20,NA,19,20,20,0.15893416025755125,0.12451890931501385
ENSG00000092020.10,PPP2R3C,1.2908864064660195,NA,0.19674306972293232,0.029086661869850906,0.22402729108513275,3.115814685877201e-11,NA,13,13,13,0.13322394243768504,0.08664511440007494
ENSG00000159267.14,HLCS,1.2906503062553576,NA,0.19682496354131285,0.029764705603446934,0.07946747368817228,0.00018851845037559612,NA,84,88,88,0.0002405032676027893,0.1746605975247226
ENSG00000184999.11,SLC22A10,-1.2904733948641869,NA,0.1968863434582251,0.06965174938782225,0.4681458256407629,9.665519119491122e-27,NA,32,32,32,0.1401087587365049,0.03233668072306593
ENSG00000143185.3,XCL2,1.2888022813648212,NA,0.19746683271671928,0.006387396146993426,0.05547957732883968,0.0019064791924945641,NA,10,10,10,3.9404359304919916e-06,0.10908481111408652
ENSG00000110328.5,GALNT18,1.2871606343844881,NA,0.1980383049387141,0.027114790999370912,0.03635940619468932,0.01206035378738769,NA,43,53,53,1.1277214209218577e-10,0.12330168506683925
ENSG00000183186.7,C2CD4C,1.2844248012681332,NA,0.19899335969558618,0.0381368145729183,0.13217576286912774,1.0465367709884741e-06,NA,16,17,17,0.022171290207980483,0.19131709263617686
ENSG00000100304.12,TTLL12,-1.2843646458275308,NA,0.19901439717610359,0.035220998842258676,0.132293227709435,3.263204203555885e-07,NA,37,41,41,7.692369915730801e-08,0.19507245083895056
ENSG00000267659.5,LINC01482,1.2840230985182666,NA,0.19913387346148403,0.018032153176618125,0.16996177849169206,1.0696123343590931e-08,NA,37,39,39,0.0014117922214350583,0.2715615035606109
ENSG00000040531.14,CTNS,1.2832816364639628,NA,0.19939342387304504,0.04468800014843108,0.17070056439290926,1.7781074577025654e-08,NA,58,62,62,4.254607298815787e-09,0.1233964241457705
ENSG00000086506.2,HBQ1,1.2821719587713372,NA,0.19978233060332162,0.004950764862040035,0.06692799150923387,0.000701284903465003,NA,14,16,16,0.02544858310293636,0.08493962560819378
ENSG00000070269.13,TMEM260,-1.280410629422218,NA,0.20040075760189047,0.003435281954600518,0.03776012886341883,0.009914055879547336,NA,11,11,11,0.09701330397343348,0.07777188529292269
ENSG00000230658.1,KLHL7-AS1,1.2801328747054115,NA,0.20049840853182532,0.1329669966955398,0.3639130458589219,6.333793152028309e-20,NA,32,32,32,0.008199660971835032,0.10731840911224493
ENSG00000172071.11,EIF2AK3,1.279221869753062,NA,0.20081893662102157,0.003306804106945701,0.04204930818552973,0.0058602389784637565,NA,42,43,43,0.019666875907818644,0.03788468874995038
ENSG00000132744.7,ACY3,1.2781204339324308,NA,0.20120696505535152,0.0028852150520124846,0.02624008979640624,0.031787081011724685,NA,5,7,7,0.051080848759492314,0.06329892814523662
ENSG00000171119.2,NRTN,-1.2776627570734003,NA,0.20136836228240151,0.010689090028658674,0.04639980061893167,0.0052809471320483786,NA,23,24,24,0.01194487551510051,0.14839705910751072
ENSG00000260645.1,RP11-250B2.5,-1.27546670744674,NA,0.2021441007344822,0.007855976566829927,0.031597374701490176,0.02015960393099217,NA,30,31,31,4.142202957963325e-09,0.04328183159936788
ENSG00000205571.13,SMN2,-1.2721795086267011,NA,0.2033093465346486,0.13083815596134152,0.1091381358530212,4.479740974915612e-06,NA,40,49,49,5.4250596811823475e-24,0.7662175382987668
ENSG00000182919.14,C11orf54,-1.2721476393319486,NA,0.20332066744588217,0.009478476850561105,0.1856174776954997,1.233170555309314e-09,NA,20,21,21,0.00022486850208624517,0.014994179651323129
ENSG00000188185.11,LINC00265,-1.2719666947072255,NA,0.2033849530020322,0.07191080924552387,0.2156300821800672,3.839458998510964e-11,NA,17,17,17,0.020435223292147395,0.08813681248514757
ENSG00000137656.11,BUD13,-1.271249794875956,NA,0.2036397968564413,0.008429849618624474,0.028309569167714058,0.02687891798657477,NA,36,36,36,5.6462016839690384e-05,0.18953680929203728
ENSG00000262655.3,SPON1,-1.270981208053204,NA,0.20373533404341226,0.046809083519822596,0.1803374849941727,5.607772060439956e-09,NA,95,100,100,0.00015929914437089605,0.12017471411218025
ENSG00000136485.14,DCAF7,1.2696392920935917,NA,0.2042131465070448,0.0010942721970562217,0.0255277807241321,0.0376858542013146,NA,41,43,43,0.03638772141321255,0.013365797298060887
ENSG00000188636.3,LDOC1L,1.2681863816710226,NA,0.2047313991333276,0.010550842739972225,0.07721343700129678,0.0002340891948041741,NA,55,59,59,5.1404831364035975e-05,0.045316395623422295
ENSG00000171469.10,ZNF561,1.2681570543026213,NA,0.2047418700340431,0.062465636645834155,0.15258996455124402,6.45686373966378e-08,NA,97,99,99,7.76844956576121e-06,0.2213687480549796
ENSG00000172663.8,TMEM134,1.2677434153203015,NA,0.2048895951648515,0.0034139529516726136,0.07138489779363377,0.0004176041647588131,NA,14,17,17,0.051080848759492314,0.14016293460239215
ENSG00000233927.4,RPS28,1.2673656124259918,NA,0.20502458966583315,0.02254214117944414,0.2317622983698371,6.5926062493755776e-12,NA,4,4,4,0.0013849761285726775,0.15999509081717905
ENSG00000170074.19,FAM153A,1.2656614972726565,NA,0.20563429861542815,0.013747390717548928,0.07316281721476509,0.00035415489060916,NA,13,13,13,3.311976005629767e-07,0.145889603927884
ENSG00000250317.8,SMIM20,1.2623243916959546,NA,0.20683208321117297,0.10564359952656055,0.465045432889282,8.46831881405017e-27,NA,38,41,41,0.009674396695924412,0.1535703610911688
ENSG00000171574.17,ZNF584,1.2603991565842896,NA,0.20752540577516065,0.0667927089796521,0.3207968456278532,1.0749688047224927e-17,NA,42,48,48,0.02253800078967255,0.18120541649985653
ENSG00000137509.10,PRCP,-1.2595807105341474,NA,0.20782065765706004,0.015490226882093089,0.02473306808905397,0.04180767651085556,NA,41,43,43,0.00014532552193595742,0.17570705284705992
ENSG00000137221.14,TJAP1,1.2594873154157802,NA,0.2078543690132877,0.008304845596581104,0.10665403447333853,1.183682753220851e-05,NA,15,15,15,0.018218311815212863,0.07374048577550545
ENSG00000160049.11,DFFA,1.2585631364517182,NA,0.20818816905805693,0.022546745433859955,0.03094332913681155,0.022663831467519872,NA,46,51,51,0.002912871246428025,0.21701294883846656
ENSG00000205336.11,ADGRG1,1.255866224316079,NA,0.2091644761605116,0.022915274895129747,0.026348390669775217,0.024767365373667544,NA,58,61,61,0.00974626511308301,0.10445464568382358
ENSG00000088833.17,NSFL1C,-1.252073421683576,NA,0.21054311140788706,0.008773801427800255,0.027538843592744045,0.031050627747551,NA,32,33,33,0.0019503949533476578,0.04658215134256058
ENSG00000251209.7,LINC00923,1.2512303037265722,NA,0.21085046515191352,0.10029053548789732,0.2372613421494031,4.956314170861408e-12,NA,77,85,85,5.294199204500193e-11,0.18258949778125946
ENSG00000066185.12,ZMYND12,1.2504688598482552,NA,0.21112832387484493,0.005550406651504027,0.059496354828819174,0.001134636025000842,NA,44,45,45,0.013748360466001436,0.037515385074943335
ENSG00000197134.11,ZNF257,1.2503194016969639,NA,0.21118289376869104,0.018887658638357424,0.03337107486862898,0.017214289543098102,NA,14,14,14,0.000790419833570426,0.14910630536107014
ENSG00000133706.17,LARS,1.2502842777364593,NA,0.2111957196465175,0.06515970068287302,0.3051343679701491,2.0104986221051283e-15,NA,103,104,104,0.0016284641226980393,0.0903608886564019
ENSG00000169855.19,ROBO1,-1.249642128890525,NA,0.21143030623717596,0.024872698130184608,0.03140491292361325,0.021195253350005,NA,101,102,102,4.752744363806093e-06,0.4028315682311024
ENSG00000267368.1,UPK3BL,1.2486410231755025,NA,0.21179640081721307,0.09515121920008768,0.09417550197067956,2.322385620126281e-05,NA,63,68,68,0.0012313013816954532,0.24774150821860766
ENSG00000113643.8,RARS,-1.2460532714529766,NA,0.21274483848102743,0.014632555282387057,0.03697271610544338,0.012566321574247698,NA,52,53,53,1.880031637037184e-14,0.17888101327057399
ENSG00000141562.17,NARF,-1.2457907238272448,NA,0.2128412359873998,0.004836737772928698,0.17060150374026234,1.4641596569723433e-08,NA,18,21,21,0.00295139059924161,0.0461873288429526
ENSG00000154380.17,ENAH,1.2450549984072243,NA,0.21311153440168995,0.03795370766570115,0.20354006267370106,1.851007786086976e-10,NA,10,11,11,0.014178190207399114,0.10022697000649
ENSG00000203778.7,FAM229B,1.2432804719000023,NA,0.21376449771927242,0.07301920130132952,0.17870512000909994,6.585371504941774e-09,NA,81,86,86,6.114181778823173e-11,0.3696601831105048
ENSG00000204186.7,ZDBF2,-1.2414575699128363,NA,0.21443676321081473,0.01350605561290726,0.08797454567254638,8.196423149158595e-05,NA,30,30,30,3.444675788055422e-06,0.19192569674625484
ENSG00000147419.17,CCDC25,1.2404771151745786,NA,0.21479897358204458,0.031974603180552896,0.381046771212976,3.368997016243748e-20,NA,14,14,14,3.3120166256611486e-05,0.05027235043102712
ENSG00000055130.15,CUL1,1.2403497265451955,NA,0.21484606724315125,0.0014995914314061836,0.0753609937123252,0.0002852047684280351,NA,2,2,2,0.19910932580686613,0.051407827726026666
ENSG00000166165.12,CKB,1.2400992701782196,NA,0.21493867889533158,0.036911043078744085,0.14404580304375886,6.875908217756809e-08,NA,22,24,24,5.873064353849783e-07,0.10315307400786973
ENSG00000174358.15,SLC6A19,-1.239906815268205,NA,0.2150098628023469,0.04939788199000235,0.14518654133531064,2.7998178721943243e-07,NA,30,34,34,3.094890091301224e-05,0.16269816804552634
ENSG00000272338.2,RP11-722E23.2,-1.2374062574378628,NA,0.2159362968855164,0.007614966813726502,0.04702359877385105,0.004505119377562874,NA,24,24,24,7.977657311781288e-06,0.047032398345366586
ENSG00000114126.17,TFDP2,1.2369714332747548,NA,0.21609768825129783,0.0025595252981078552,0.0506531882068718,0.0027471314740835874,NA,8,8,8,0.17192094910728495,0.046132540257037856
ENSG00000138111.14,MFSD13A,-1.2360006865455895,NA,0.21645830847012748,0.053938650545599626,0.22090420542029712,5.048438188595261e-11,NA,56,57,57,2.0147715357314413e-05,0.09753902122910817
ENSG00000179603.17,GRM8,1.235782237565146,NA,0.21653951919219094,0.04235236401453853,0.1683268126516481,2.553967874217667e-08,NA,39,39,39,0.0013706751443685677,0.20281463911160302
ENSG00000087299.11,L2HGDH,-1.2348966718262948,NA,0.2168689622661485,0.002844931314469362,0.049678603571534086,0.002508107544043193,NA,31,33,33,0.01699411199570745,0.046984911075090376
ENSG00000146038.11,DCDC2,1.2339901315623516,NA,0.21720658154119843,0.03217939072739621,0.026334279485708892,0.03604038069394126,NA,52,72,72,7.35278177011041e-06,0.5770672162482801
ENSG00000167632.14,TRAPPC9,1.2335832822993422,NA,0.21735822568055607,0.00887997018689614,0.03458462416695016,0.012703825901333241,NA,20,21,21,0.05360541151994252,0.04274973903552469
ENSG00000213160.9,KLHL23,1.2335030069751416,NA,0.21738815553866975,0.011356493907370438,0.08508806698531632,0.00012172467437165464,NA,33,35,35,0.0030481653931624325,0.07552231913707642
ENSG00000114654.7,EFCC1,1.232930038642836,NA,0.21760186717383934,0.006640242790782572,0.024585954452099292,0.042409521279711516,NA,26,26,26,4.280769670729795e-05,0.04291215989580284
ENSG00000141076.17,UTP4,1.230940319195565,NA,0.21834518634007394,0.002273305659752041,0.046840476534725166,0.0038145455911529993,NA,5,6,6,0.08685956748815343,0.131062919944675
ENSG00000130312.6,MRPL34,1.2308797561006977,NA,0.2183678400719028,0.019921776690802438,0.2014450963992756,3.337449946628652e-10,NA,8,10,10,0.1323078657880135,0.07751955675301919
ENSG00000134324.11,LPIN1,1.2302486775734953,NA,0.2186039965938138,0.013537541278498218,0.08271258845316612,0.0001210254132717688,NA,7,7,7,0.03308295207914768,0.09821293096959956
ENSG00000075292.18,ZNF638,-1.2301817386020133,NA,0.21862905665144605,0.0012949514051680982,0.05755356746828867,0.0015494635482157365,NA,2,2,2,0.20942216343674047,0.028858474490669844
ENSG00000256124.5,LINC01152,1.2300093902537987,NA,0.21869358849549758,0.02628230839945246,0.06140647159475925,0.0007372497147138294,NA,22,24,24,0.04800205501139928,0.33682819671045466
ENSG00000131507.10,NDFIP1,-1.2298457394643252,NA,0.2187548764035906,0.004697904784041317,0.13302862548605202,9.491892224052958e-07,NA,26,26,26,0.05955685661666642,0.040315084373996855
ENSG00000114859.15,CLCN2,-1.2284722272030306,NA,0.2192697488622446,0.019698635649012402,0.037529967750045135,0.010191625385979885,NA,21,24,24,0.0029083872823478193,0.24145238938559635
ENSG00000215440.11,NPEPL1,-1.2283739580711661,NA,0.2193066191847185,0.021854043463667254,0.1890872871780326,2.287114753898571e-09,NA,36,37,37,0.03364237586898237,0.07139172548852422
ENSG00000119711.12,ALDH6A1,-1.2264773790797552,NA,0.22001908280298244,0.005980264432901077,0.13226394253102206,7.964081745026879e-07,NA,26,26,26,6.21239847431365e-06,0.09586939607250784
ENSG00000155868.7,MED7,1.2260752997821207,NA,0.2201703399195345,0.005896814292034094,0.05369308754105497,0.0019473881313046301,NA,4,5,5,0.18284584612343757,0.10668583570206426
ENSG00000175087.9,PDIK1L,1.2234452457190403,NA,0.22116157290679317,0.003525748305882009,0.0342750773042953,0.014419477056267541,NA,31,31,31,0.024546079774433335,0.05129537289588039
ENSG00000095917.13,TPSD1,-1.2231173935292659,NA,0.2212853599780118,0.04719191869466133,0.3551423253182438,1.6881033137720753e-18,NA,4,5,5,0.1290003933670289,0.19382990291105726
ENSG00000198089.15,SFI1,1.2225151212254222,NA,0.22151288916626866,0.011280373465841823,0.0553584823906771,0.0020241088699048965,NA,21,22,22,0.0005942573219937285,0.06060455682574796
ENSG00000122674.11,CCZ1,1.2221035813867986,NA,0.22166845895052567,0.10044452371083486,0.4694119001101126,7.354383214471428e-29,NA,29,33,33,9.437968827581185e-07,0.15567547868581294
ENSG00000185885.15,IFITM1,-1.2212136803108722,NA,0.22200512586739563,0.008511057109226621,0.03720907411413569,0.01102025004377764,NA,17,19,19,0.14995873596226653,0.058236473179494624
ENSG00000188976.10,NOC2L,-1.2207919792914665,NA,0.22216479141083978,0.005814053414825274,0.03526335019249095,0.013218104228220987,NA,10,11,11,0.0018541057355883944,0.08367172004619655
ENSG00000135968.20,GCC2,1.2201222567539527,NA,0.2224185324894462,0.02814766519656557,0.2608429729037795,2.922201322078275e-13,NA,43,43,43,0.0005445223284809841,0.14574325751213024
ENSG00000104388.14,RAB2A,1.2196656913393153,NA,0.22259163257967507,0.027738785658748922,0.17554164155242266,7.064771328985813e-09,NA,72,76,76,2.679444510732138e-09,0.22301692093664927
ENSG00000188659.9,SAXO2,-1.2182910649154972,NA,0.223113384289923,0.12561003004370247,0.33874848118771056,7.828937696159496e-18,NA,31,36,36,1.8281026811147385e-05,0.1861585514948252
ENSG00000151276.23,MAGI1,-1.2177539103367772,NA,0.22331750370123515,0.007281619895290852,0.03845737299854477,0.010327651614180616,NA,21,22,22,6.581243324287843e-05,0.04580938647977608
ENSG00000232748.3,RP11-196G11.6,-1.215593086945526,NA,0.22413996889763854,0.03295539671494585,0.11186310167807686,6.860755611012576e-06,NA,18,18,18,0.047977916435311734,0.06884425947399156
ENSG00000262468.5,LINC01569,1.2154852048830334,NA,0.22418108827818284,0.0073094826807932264,0.06905255041342417,0.00039132580898276206,NA,14,17,17,6.889620922121601e-06,0.08393469161320602
ENSG00000151632.17,AKR1C2,1.2137252936716114,NA,0.22485264225259716,0.006459470218776837,0.032270053014298174,0.01928555447289697,NA,21,25,25,0.027694784315916467,0.07321382683405972
ENSG00000104899.7,AMH,1.2132290077725294,NA,0.2250422765419804,0.032334969576798864,0.09889812603188937,2.6162250108057198e-05,NA,13,18,18,0.0626019156328887,0.2492651550772617
ENSG00000196693.14,ZNF33B,-1.2131162021232391,NA,0.22508539629432045,0.00240050434520219,0.02407374857443868,0.04123759042641959,NA,28,29,29,0.07098128253729259,0.07428597561163816
ENSG00000259721.1,RP11-758N13.1,-1.2115248002306793,NA,0.22569433572047448,0.0013449003792084407,0.392362547661399,3.6369168494447525e-21,NA,10,23,23,0.0005058471736586026,0.022981944414447758
ENSG00000118785.13,SPP1,-1.2109247924162898,NA,0.22592422977719762,0.025129690667744616,0.15039918057955173,4.505727611842415e-08,NA,40,44,44,0.011028806587169378,0.08014137467356437
ENSG00000172954.13,LCLAT1,-1.2084147496268485,NA,0.22688776916899334,0.03583472346730979,0.1911829179166826,2.8985880523431863e-10,NA,27,27,27,0.08307265386182357,0.07529360630821794
ENSG00000136718.9,IMP4,1.2056088715278936,NA,0.22796833689963159,0.00716100696955543,0.2494543339670003,7.017944895596138e-13,NA,5,5,5,0.14929567255337672,0.03314155953939548
ENSG00000085721.12,RRN3,1.2051743047705017,NA,0.22813601964695163,0.05770338532756529,0.3136481135491449,1.5742359368304803e-17,NA,21,27,27,0.0005954125380081401,0.30345002156091233
ENSG00000099337.4,KCNK6,1.2050665133546576,NA,0.22817762584186296,0.0026638792480644623,0.04063589828991916,0.008161362161014171,NA,20,20,20,0.013006228242768971,0.05777128260349022
ENSG00000158286.12,RNF207,1.201501189432529,NA,0.2295568453737158,0.013439457053940718,0.031886572931314694,0.02087086535602528,NA,26,30,30,3.3994286162180737e-10,0.17437630711531066
ENSG00000141437.8,SLC25A52,1.197063328935712,NA,0.23128187190122862,0.06383759213383736,0.08643882809208177,0.00011408727862965671,NA,88,93,93,1.8779106580369978e-08,0.249345973863593
ENSG00000113716.12,HMGXB3,1.1963740970045116,NA,0.2315506049898285,0.00501352988967513,0.07076685066481955,0.0003999770483863103,NA,20,20,20,0.0019492734414332114,0.06640780298857904
ENSG00000183134.4,PTGDR2,-1.1950290581355383,NA,0.23207567716986643,0.018602836374134107,0.02237758485253797,0.04621918075787905,NA,40,42,42,0.0006694999508380917,0.18570112436862876
ENSG00000153012.11,LGI2,1.1946225618460022,NA,0.23223453014556583,0.04629264380896575,0.09739353822799923,2.5823311972291675e-05,NA,54,61,61,6.415481723628509e-08,0.36702114863988794
ENSG00000101189.6,MRGBP,-1.1928155580781605,NA,0.23294161556901272,0.0031415411247737823,0.043252391805571715,0.006194802934466691,NA,8,8,8,0.032340464250859347,0.10074337516625248
ENSG00000173786.16,CNP,1.1924741626073505,NA,0.233075375858252,0.0020270801939746837,0.14162165421354905,1.9923240919787764e-07,NA,17,18,18,0.06586654661451995,0.06476725442569392
ENSG00000151687.14,ANKAR,-1.1917562235993862,NA,0.23335684532006384,0.004412169805347037,0.026470172226718727,0.027673212692910117,NA,20,20,20,0.2248624651106773,0.08884822132333302
ENSG00000006042.11,TMEM98,1.1910200046431154,NA,0.2336457316841728,0.058025603340004464,0.1338165924702934,9.155552245847626e-07,NA,64,68,68,0.0034941560647405207,0.17509749337099534
ENSG00000168427.8,KLHL30,-1.1898689352351615,NA,0.23409790988944779,0.011632849399576456,0.0464279031432881,0.0033819911839194933,NA,6,6,6,0.10807011302634996,0.0914089270834592
ENSG00000159674.11,SPON2,1.189618643350838,NA,0.2341963148564522,0.005709189264174778,0.028773564580255005,0.025539404934494237,NA,9,9,9,0.010715246837103337,0.06481473178633809
ENSG00000168903.8,BTNL3,1.188892349704715,NA,0.23448203097996012,0.08926483595486333,0.2730598935497807,3.8724252133760766e-14,NA,22,22,22,0.00047349440415780545,0.10992803264711093
ENSG00000260097.2,SPDYE6,-1.187809787370594,NA,0.23490835751982242,0.04388483297509614,0.057467099876303315,0.001605215654863089,NA,34,36,36,4.501621681646848e-06,0.1406359501276471
ENSG00000125630.15,POLR1B,1.186802584886401,NA,0.2353054990133362,0.052644841484628314,0.363194122788654,4.584103928330493e-20,NA,19,22,22,0.0004026819908735738,0.149629173609037
ENSG00000120539.14,MASTL,1.1861086099262381,NA,0.23557941079576994,0.12393436901439599,0.33958203019474026,1.1682332876400534e-17,NA,43,43,43,0.05290970662284417,0.0983324331348286
ENSG00000261308.2,FIGNL2,-1.1856252764118942,NA,0.23577031569019924,0.021243880348019287,0.033576969885232226,0.016979115557701138,NA,20,21,21,0.001268277649893845,0.19230096845027714
ENSG00000182134.15,TDRKH,1.1855309659505775,NA,0.23580757877029979,0.052859926322930614,0.1324618363359245,1.1482123681809813e-06,NA,70,72,72,8.917473867004417e-05,0.2448293810655368
ENSG00000203326.11,ZNF525,1.1853168388129094,NA,0.23589219818037654,0.015536255305232912,0.023978749947788786,0.045635155700870685,NA,17,19,19,0.000525384849018631,0.10269958471414288
ENSG00000126460.10,PRRG2,1.1836883399557259,NA,0.23653645628070286,0.058597044626649074,0.1821453134228456,5.9762948371650625e-09,NA,29,34,34,0.0002676179854339459,0.27378941688757163
ENSG00000103168.16,TAF1C,1.1836561010036204,NA,0.2365492230302415,0.03316590203865202,0.2187384728826972,7.526676038893052e-11,NA,20,24,24,0.0033316813036554345,0.09744283213498986
ENSG00000149089.12,APIP,1.182309209758919,NA,0.23708303258180397,0.11502198857671245,0.4633429973844766,4.225841011095645e-28,NA,81,85,85,0.15533997912595834,0.18315079681961768
ENSG00000142609.17,CFAP74,1.1807054688917251,NA,0.23771974819870734,0.04281070178857101,0.10013087630558397,2.2155706446225646e-05,NA,26,28,28,0.0005676449278507014,0.12076819137976907
ENSG00000279278.1,CH17-264L24.1,1.1803698327078103,NA,0.23785315483293468,0.0002247860350123344,0.030023405914600707,0.02232033159482437,NA,9,10,10,0.0003602170653858148,0.02739398695198806
ENSG00000164124.10,TMEM144,1.1800608735329805,NA,0.23797600477862968,0.01556508751881618,0.029916419575569207,0.021686119635011384,NA,37,39,39,0.0017197385407901635,0.13606707077468785
ENSG00000078814.15,MYH7B,-1.1790054747458438,NA,0.23839599582078197,0.0063007037118983054,0.03831801154494628,0.009594854213212716,NA,44,46,46,0.0003032750611341058,0.12095576970542887
ENSG00000108465.14,CDK5RAP3,-1.17899024574571,NA,0.23840205995743857,0.008165962143471737,0.06127092364057352,0.0009861463592521042,NA,10,11,11,1.3972734194286945e-09,0.12123354850051085
ENSG00000173801.16,JUP,1.1789890250623025,NA,0.2384025460341812,0.004899009191689981,0.039562882964509036,0.010232503052576676,NA,8,8,8,0.19313937409814375,0.067354964527666
ENSG00000152128.13,TMEM163,1.1781233081164022,NA,0.23874745114683815,0.01888610604501539,0.13288627948690668,1.0052477516390171e-06,NA,12,13,13,0.08364622567033218,0.06634661838631051
ENSG00000096872.15,IFT74,-1.1775219193461166,NA,0.2389872540133403,0.018232647621157047,0.03232402022809732,0.01994127429244261,NA,41,41,41,0.11103876549323152,0.2132982393906259
ENSG00000057593.13,F7,1.177116067480809,NA,0.23914918283612008,0.014744665883259973,0.13919720000513225,4.117291406532372e-07,NA,39,42,42,6.40314448757131e-05,0.14164373067074815
ENSG00000183426.16,NPIPA1,-1.1770782366354124,NA,0.2391642807197999,0.09844242989394755,0.20296426361573866,1.9762174805560059e-10,NA,81,84,84,0.008904767567635094,0.2754766669163872
ENSG00000165113.12,GKAP1,-1.1766230845099457,NA,0.23934597974614258,0.027488996229511602,0.08687783232922416,0.0001004605844439833,NA,153,157,157,0.004723573720135149,0.15548803203866726
ENSG00000180155.19,LYNX1,1.1721557811404921,NA,0.24113451796055685,0.08871324138633956,0.3360170073125307,2.8514970635807196e-17,NA,21,21,21,0.032195000939723724,0.14618859498604067
ENSG00000102886.14,GDPD3,-1.171844637518411,NA,0.24125943764626168,0.012530475048701872,0.10240656904392684,1.9402265987238787e-05,NA,12,13,13,0.061360937902652096,0.07126711568064979
ENSG00000114686.8,MRPL3,-1.171015559331756,NA,0.2415925230368755,0.0014979325251267476,0.02502845506199406,0.04000917722451188,NA,45,46,46,0.0005752484315371024,0.04553871575473079
ENSG00000170498.8,KISS1,-1.170082576829163,NA,0.2419677392946471,0.02355737099445601,0.15125955237230412,1.4364886667350645e-07,NA,16,21,21,0.005387456158921396,0.18074229159843114
ENSG00000029153.14,ARNTL2,1.1697479240589215,NA,0.24210242598783172,0.004624675687361676,0.1157176126027303,5.396252910119316e-06,NA,20,20,20,0.006369273155728228,0.026463832862631258
ENSG00000164818.15,DNAAF5,-1.168969246058055,NA,0.2424160222964733,0.10273417481441353,0.3460307630098004,5.583267565418646e-18,NA,39,46,46,0.010204256913322987,0.09316318065479537
ENSG00000255394.4,C8orf49,-1.1683282693041468,NA,0.24267437659296698,0.023435291238992417,0.1377892753519141,4.995776422338852e-07,NA,14,15,15,0.001477648152816833,0.13436367782147007
ENSG00000266256.1,LINC00683,-1.1679493858850403,NA,0.24282718166127404,0.02049160107761299,0.027760297053535558,0.030694610345597437,NA,51,54,54,0.0027797698597345766,0.33347386893609104
ENSG00000073150.13,PANX2,1.1677106695407884,NA,0.24292349156580895,0.03165150061274485,0.02835121025075182,0.028040283825265074,NA,44,49,49,4.2361869186546024e-05,0.15590621496222573
ENSG00000157014.10,TATDN2,-1.16726563595976,NA,0.24310311167196552,0.00583338199611555,0.03010883144395632,0.022577745206423742,NA,12,12,12,6.213339767003038e-05,0.030579472653761517
ENSG00000185946.15,RNPC3,1.1670264944796573,NA,0.243199670170121,0.005655480064871446,0.12491498547680377,2.2478559198308482e-06,NA,13,14,14,0.0811663312462351,0.07243059185621292
ENSG00000171503.11,ETFDH,-1.1667303197317898,NA,0.243319294432631,0.002603113911056323,0.0663694026423381,0.0005045036313825658,NA,17,17,17,0.22101924913519966,0.026010926310503432
ENSG00000218510.6,LINC00339,1.166627206366913,NA,0.24336095137308544,0.09053740449134715,0.4506087582832259,1.5833683012612798e-25,NA,48,51,51,5.52316096523179e-06,0.3482149835822703
ENSG00000270673.1,YTHDF3-AS1,1.1657920272637698,NA,0.2436985414668833,0.00959860216359739,0.04248637075152887,0.0048558621832692885,NA,45,45,45,2.731032529256342e-12,0.1049628351157954
ENSG00000099365.10,STX1B,-1.1657655657773538,NA,0.24370924291295504,0.0029420164593150725,0.023982915891496443,0.0451946220602351,NA,15,17,17,0.028854238458281743,0.032121262721996724
ENSG00000160226.15,C21orf2,1.165499887196653,NA,0.24381670585433646,0.0470229322810124,0.1842239508417969,1.0778839699940142e-09,NA,60,67,67,0.007325271869470537,0.1661661793420342
ENSG00000105971.14,CAV2,1.1644110599347084,NA,0.2442574676249737,0.017567499040916673,0.028854201141844525,0.0278753173538108,NA,91,94,94,3.625439444793237e-15,0.05984354364741563
ENSG00000108433.16,GOSR2,-1.1639710501733909,NA,0.2444357440250533,0.020383698871345786,0.280012853371614,3.152554450415027e-14,NA,19,20,20,0.014285610119521574,0.046539526587094315
ENSG00000197124.11,ZNF682,-1.1613546576277416,NA,0.2454977003214337,0.058365417012356854,0.2827618452873483,7.825222849991438e-15,NA,42,45,45,6.761136407293798e-16,0.08222807479162368
ENSG00000251600.5,RP11-673E1.1,1.1607889563537284,NA,0.24572773519829372,0.062335856020658116,0.2332438784709627,1.385463670742657e-11,NA,107,115,115,0.0023494875595792995,0.1287208692908223
ENSG00000101307.15,SIRPB1,-1.1587614290151336,NA,0.246553443633728,0.0771869957113176,0.3067754789923749,1.5049546015768823e-16,NA,79,89,89,5.0844160055057036e-08,0.1004678164959108
ENSG00000125945.14,ZNF436,-1.158474111141564,NA,0.24667061063240392,0.05249403690756292,0.278116258789688,6.683633516367418e-15,NA,16,16,16,0.08999644740427912,0.2004619613029297
ENSG00000104974.11,LILRA1,1.1561459160208776,NA,0.24762147754713315,0.0014549295305076883,0.02950510784752501,0.02451632485350121,NA,6,6,6,0.20655019260430352,0.04798616704586038
ENSG00000143631.10,FLG,-1.155270021800966,NA,0.24797986817595663,0.059047922338434575,0.08354528216960458,0.00013972651890365432,NA,56,57,57,0.0007763111622369843,0.2849801416670709
ENSG00000025156.12,HSF2,-1.1522908206332494,NA,0.24920158773342804,0.04279078315181567,0.09579979701225906,4.005839300266749e-05,NA,62,64,64,0.00016134795028277348,0.21040894903321825
ENSG00000173039.18,RELA,1.1521240844882892,NA,0.24927008749287338,0.005007382983212807,0.054356231049840636,0.002384707975012785,NA,8,8,8,0.0023879057245674877,0.08175214126229209
ENSG00000111215.11,PRR4,1.1505318005048941,NA,0.24992490422498814,0.0013779163764497306,0.1389087687754705,4.2113573569747256e-07,NA,2,30,30,0.1975444924780826,0.024998752844381987
ENSG00000264364.2,DYNLL2,1.1500875342430017,NA,0.2501078201381317,0.007898457058927898,0.038717880132114836,0.010045331062516514,NA,17,17,17,0.010265001685227976,0.09277335825831763
ENSG00000115129.13,TP53I3,-1.149149578591891,NA,0.2504943077881506,0.014815840117205367,0.024198644024437502,0.041929030642590216,NA,43,43,43,1.1862134717496618e-05,0.07702285904484954
ENSG00000164088.17,PPM1M,1.1424730266481014,NA,0.25325745171696346,0.015376601724577171,0.12139443131293995,2.5287778655432457e-06,NA,12,12,12,0.022214968466824653,0.06723567457217848
ENSG00000185115.5,NSMCE3,1.1418828444749491,NA,0.25350272050196476,0.024759181302207015,0.033255429120705934,0.017326695760074118,NA,19,38,38,0.0005624037007558044,0.2406828638328021
ENSG00000253958.1,CLDN23,-1.140725505884865,NA,0.2539841690574435,0.05182244375750511,0.1523636495392169,9.199467131232369e-08,NA,41,43,43,7.665145883670684e-05,0.14609925887337613
ENSG00000272391.5,POM121C,-1.1399578330240263,NA,0.2543038689669902,0.03122600963652992,0.1151910229268508,5.372370965625283e-06,NA,48,61,61,9.956865619219649e-09,0.13630463961417713
ENSG00000260259.1,LINC02166,-1.1388413805981086,NA,0.2547693188327721,0.02162260208655556,0.14306220020532304,1.9839560977178414e-07,NA,13,15,15,0.0002550500585442083,0.15831520274501393
ENSG00000128218.7,VPREB3,1.1381974588644,NA,0.2550380395475219,0.021679928877408296,0.07880018121322717,0.00015682604282484146,NA,38,42,42,9.2647404573227e-18,0.35931788175397805
ENSG00000132406.11,TMEM128,1.1378904070906306,NA,0.2551662474301286,0.005286786344366368,0.03824238322091133,0.010453077742571662,NA,13,18,18,0.05760876216018208,0.05524045461212384
ENSG00000100336.17,APOL4,1.1358558651700197,NA,0.25601689202251754,0.03812715247069848,0.11753680720451813,1.8001595230025936e-06,NA,40,43,43,0.012828130222300175,0.28664047198747955
ENSG00000006652.13,IFRD1,-1.1357226818943889,NA,0.2560726447427486,0.017674687611613456,0.18069710139803508,1.693063175635716e-09,NA,18,18,18,0.18140165505328298,0.056870797995491315
ENSG00000090316.15,MAEA,1.1335553369666531,NA,0.2569811167038809,0.03937581310606691,0.24818907864703266,1.9947966830667668e-12,NA,16,18,18,3.0499638020572427e-06,0.1304701872987256
ENSG00000120332.15,TNN,-1.1328774455698796,NA,0.2572657227846473,0.009485951290734478,0.16675341677154806,1.3808278650040903e-08,NA,7,8,8,0.13185674989039067,0.06950083085368122
ENSG00000151148.13,UBE3B,1.1328151932141235,NA,0.2572918697891614,0.005230320193508493,0.034506606906510716,0.015013184686804147,NA,8,8,8,6.0388468928275745e-05,0.058289970697096787
ENSG00000214860.4,EVPLL,-1.1322274427261478,NA,0.2575388254726012,0.02049208648112078,0.18694698921029307,1.9336277214404315e-09,NA,28,30,30,3.020930887525112e-08,0.11053609853307007
ENSG00000196268.11,ZNF493,-1.1310409134075954,NA,0.2580378715809668,0.03391544383435173,0.1800839869753521,2.438277384101945e-09,NA,37,43,43,0.0014883710906879323,0.11383412846756012
ENSG00000170500.12,LONRF2,1.1308209503820856,NA,0.25813046015356056,0.013537680803659732,0.06106504602031099,0.0010882725081222157,NA,10,10,10,0.18003583137257806,0.1465481941084274
ENSG00000272079.2,LA16c-380H5.5,-1.1299410400504188,NA,0.2585010693266685,0.01360404855897808,0.11867227601808378,4.384053049378887e-06,NA,15,16,16,0.005930317834990006,0.07944824699571848
ENSG00000196132.11,MYT1,1.1294833667127693,NA,0.2586939823655455,0.01180010948157661,0.09752784077820813,2.5272003649906533e-05,NA,5,5,5,0.0035916738614582846,0.08082773125246331
ENSG00000101405.3,OXT,-1.129201389839025,NA,0.2588128875735347,5.165438972906531e-05,0.26091037287128377,4.0410132887557313e-13,NA,5,7,7,0.0003426240622593552,0.013238150239811194
ENSG00000272727.1,RP11-142A22.4,-1.1288073167819088,NA,0.25897912541627643,0.09882149517610977,0.2519626236406966,1.1344638216335526e-12,NA,22,26,26,0.08873704122751,0.12376604820104592
ENSG00000111581.9,NUP107,-1.1287237356725122,NA,0.2590143932164488,0.02015366927468181,0.21147915721937996,8.083396837650816e-11,NA,16,16,16,0.04288363734596014,0.07204269634497458
ENSG00000198064.13,NPIPB13,-1.126366850949258,NA,0.260010271962657,0.004654261548822955,0.07088008641496192,0.00037039707838172864,NA,3,3,3,0.15577233164335758,0.07790855095970067
ENSG00000159899.14,NPR2,1.1258247868208409,NA,0.26023969028369454,0.07508364702091058,0.3726015091139253,3.13202944695372e-20,NA,11,11,11,0.021704293050263643,0.08667764023493547
ENSG00000270030.1,RP11-326C3.13,-1.1255394084729553,NA,0.2603605275087052,0.00819168816113009,0.09454842809186542,3.837082282246288e-05,NA,2,2,2,0.16257040453913418,0.116018103462462
ENSG00000205959.3,RP11-689P11.2,1.12551050286179,NA,0.260372769123165,0.017951874332591992,0.21267265846721087,2.143397098830786e-11,NA,26,26,26,0.18534504698803245,0.08314292327149415
ENSG00000246067.7,RAB30-AS1,1.1253049243438955,NA,0.26045984374123976,0.02503358668279529,0.032337658564018386,0.018916021093297385,NA,39,41,41,0.06914489300861545,0.2092127275754441
ENSG00000149084.12,HSD17B12,1.1243425581192628,NA,0.26086773046673994,0.023015669786531488,0.2220109446284464,3.3626964997564894e-11,NA,57,58,58,3.3859461047155486e-05,0.0472506255642933
ENSG00000215251.3,FASTKD5,-1.1236733637603855,NA,0.26115162029764916,0.004385218236296534,0.03420541813671762,0.014925204717950103,NA,20,21,21,0.006822326479752444,0.053838912564518726
ENSG00000158435.7,CNOT11,1.123046728899396,NA,0.26141764888305075,0.002892982178745474,0.02306131071072332,0.04942260312712348,NA,13,13,13,0.00010698135158961213,0.1768715775613265
ENSG00000198185.11,ZNF334,1.1212662267461704,NA,0.26217455695844316,0.07424969366416562,0.3365149643340971,1.2793230760349679e-18,NA,59,64,64,4.5942215813998164e-05,0.16026173898570967
ENSG00000166261.10,ZNF202,1.120831364607456,NA,0.26235965071827516,0.0021574910461780003,0.0647569158163478,0.0007528978059615467,NA,20,20,20,0.10215692694314833,0.0265434730029023
ENSG00000076554.15,TPD52,1.1201109788596053,NA,0.26266647268271637,0.003733203145083072,0.04681322675817567,0.0046993261041725605,NA,23,24,24,0.04112242166975366,0.053105767520819615
ENSG00000276409.4,CCL14,-1.1179392786511564,NA,0.2635929279132352,0.004655015387994274,0.05758527025621645,0.0016554359341851238,NA,15,40,40,0.009844912467844033,0.1290223302007096
ENSG00000141391.13,PRELID3A,1.1172227432109696,NA,0.26389909858693616,0.009162441045364036,0.09453435116253324,4.0258417676957893e-05,NA,5,8,8,0.08491279264457599,0.09316411334076337
ENSG00000123297.17,TSFM,-1.1159814407817066,NA,0.26443007892945936,0.021342122531503173,0.2388856524840145,6.745750371719046e-12,NA,35,35,35,4.190702767661567e-06,0.12971325010666976
ENSG00000084072.16,PPIE,1.1159635984997989,NA,0.264437716521256,0.2843298102487125,0.617998467172184,1.0912271420316712e-42,NA,32,34,34,0.017710503229688455,0.09028143172102272
ENSG00000237651.6,C2orf74,1.1149742788934187,NA,0.2648614440472513,0.1857648722002382,0.5425804602660137,3.879934331558338e-34,NA,36,37,37,3.510662481326562e-05,0.3371810092007405
ENSG00000197498.12,RPF2,1.113808960319788,NA,0.2653611521345337,0.006689599093835553,0.07540007507699888,0.00026254542302721817,NA,11,12,12,0.11525626844839587,0.05571701899834229
ENSG00000051620.10,HEBP2,1.1136625464436614,NA,0.2654239827437549,0.010271723408407136,0.03471055911027171,0.013977551996859894,NA,53,55,55,0.007603400920024941,0.2146724220823056
ENSG00000179399.14,GPC5,1.1133640913719989,NA,0.2655520905441886,0.0056098741541397,0.0835782138695399,9.395710356897594e-05,NA,5,6,6,0.050245534002347055,0.0939692975198507
ENSG00000100376.11,FAM118A,-1.1114244696674698,NA,0.266385684485009,0.18179377151650375,0.5241426350551793,6.934222169869341e-32,NA,53,57,57,0.0002064993108984691,0.12314828236129835
ENSG00000010626.14,LRRC23,-1.1095764695763821,NA,0.2671815755596014,0.09055957357363259,0.4337123148602892,1.6346630888123709e-24,NA,34,43,43,0.12986064320735946,0.12949886939150265
ENSG00000268912.1,CTD-2619J13.17,1.1091692990331228,NA,0.26735715413637673,0.02614921714638936,0.0821200782866299,0.0001106826154356528,NA,19,19,19,0.011230021296569857,0.08470338594456116
ENSG00000130332.14,LSM7,-1.1091620511214868,NA,0.2673602802725018,0.003983154613527467,0.1023458671354443,2.2763193942172023e-05,NA,7,10,10,0.18654875540191196,0.03001203501548477
ENSG00000186063.12,AIDA,-1.1085832559682667,NA,0.26761000469267393,0.006947426618026184,0.04498330849161025,0.005522185448022912,NA,29,30,30,0.00031074995843299543,0.09185132971503322
ENSG00000145388.14,METTL14,1.1079625587050732,NA,0.2678779861252386,0.030181873629298,0.07937995791559724,0.00020797304873390238,NA,34,36,36,3.3185258556029526e-09,0.2981375561791592
ENSG00000139178.10,C1RL,-1.1078334748029066,NA,0.2679337402969856,0.00876070273948593,0.1239206329634176,1.8148533079832059e-06,NA,16,17,17,0.0023319983176829043,0.05656017373996605
ENSG00000070367.15,EXOC5,1.1058472872967242,NA,0.26879262365437784,0.00633065150820704,0.1097970680857704,7.396698932963599e-06,NA,35,38,38,5.72064836089299e-06,0.08094670887700445
ENSG00000138131.3,LOXL4,-1.1053872367833195,NA,0.2689918317887383,0.006816314785490342,0.021052949370100923,0.04971637370395229,NA,10,11,11,0.09959667733834844,0.174096336624391
ENSG00000231690.2,LINC00574,-1.1036248513118356,NA,0.26975590638768965,0.05117413045216977,0.05749199318314713,0.0014926161506762954,NA,44,49,49,0.0004270876524682523,0.15536565937770086
ENSG00000198000.11,NOL8,1.102744381239256,NA,0.27013818758018016,0.015077950361392275,0.0637895490202806,0.0010099408308885966,NA,55,58,58,3.103280036706716e-05,0.1165019335341098
ENSG00000089063.14,TMEM230,-1.102708126022094,NA,0.27015393677662836,0.002655762737911161,0.04804400148469709,0.004109080592070454,NA,35,36,36,0.011114178455274223,0.019197614868508184
ENSG00000119431.9,HDHD3,-1.1008738510658729,NA,0.2709515641592368,0.001869223585126552,0.03949302485161158,0.008987155897361161,NA,13,17,17,0.2780137816003133,0.04775426878773768
ENSG00000275152.4,CCL16,1.1001317152098318,NA,0.2712747371597546,0.006395891153091868,0.13423901124094192,3.2770377222299426e-07,NA,8,19,19,0.16689313795543315,0.11284017433745926
ENSG00000138744.14,NAAA,-1.099742255642898,NA,0.2714444381512797,0.038644980861127144,0.22740364284251716,1.5725884833802467e-11,NA,58,59,59,0.004042533190069117,0.04574745908726227
ENSG00000142798.17,HSPG2,1.0987002970408368,NA,0.27189881296658724,0.006448943250011731,0.06003307685162746,0.000990311199654628,NA,42,42,42,4.653177139264405e-12,0.06966230105295458
ENSG00000132677.12,RHBG,1.0985559606944246,NA,0.271961795855171,0.01276151608062113,0.11615860965665872,3.080151097849139e-06,NA,25,25,25,0.021099498003361392,0.05711062805860875
ENSG00000180185.11,FAHD1,1.0970107191800367,NA,0.2726367063178218,0.11825884170130861,0.57668180918712,7.079038182904461e-38,NA,70,74,74,0.21676528763074632,0.028507035630859358
ENSG00000242516.1,LINC00960,1.095951880472802,NA,0.27309983320165554,0.031332815358757725,0.3234591200553606,1.4585144990220494e-16,NA,43,56,56,0.0013712751908214725,0.19548952568388855
ENSG00000178773.14,CPNE7,1.0954681780754891,NA,0.2733115793727562,0.021197947765518494,0.08479872144230803,0.00012673148978438182,NA,24,24,24,0.0002550500585442083,0.14496626640879026
ENSG00000126870.15,WDR60,-1.0954180749911675,NA,0.2733335189765299,0.06645633205785315,0.1982792860617429,5.259998261763303e-10,NA,38,39,39,0.022099458533974357,0.16526586759347914
ENSG00000116670.14,MAD2L2,1.094055165501426,NA,0.27393078436604956,0.008516309850294394,0.05850666513348472,0.0012848223956554495,NA,22,25,25,0.08860607645770166,0.09892195039876286
ENSG00000146285.13,SCML4,-1.0940470729799858,NA,0.2739343333987151,0.05841549287347094,0.2379232487343489,3.0499410832394302e-12,NA,24,24,24,0.05591471361623394,0.06333425767405618
ENSG00000106560.10,GIMAP2,-1.0939930442173371,NA,0.2739580289009135,0.04863372958071896,0.2436707159755139,9.15890867956499e-13,NA,50,56,56,0.06926757569670935,0.13706730370849168
ENSG00000068724.15,TTC7A,-1.093977346605783,NA,0.2739649136963065,0.014334507995213283,0.13987914751241334,3.335840405867158e-07,NA,20,21,21,0.07762210763869343,0.058282013109586785
ENSG00000243694.2,LINC02027,1.0937751010991108,NA,0.27405362686930645,0.015231483154531482,0.07667580547073971,7.834740205296972e-05,NA,26,26,26,0.006137338704317199,0.050117786071359714
ENSG00000279873.2,LINC01126,1.0930871740691848,NA,0.27435552679664954,0.004065129585246604,0.02497438253941909,0.04008939423019325,NA,11,12,12,0.05788950449600068,0.028002309972723318
ENSG00000182446.13,NPLOC4,-1.0922595805748025,NA,0.27471902093932266,0.005110581420371461,0.057696191586569585,0.001769317775208134,NA,14,18,18,0.005557110067315298,0.07025323061462768
ENSG00000099994.10,SUSD2,-1.0916453797173205,NA,0.27498900165824025,0.029589538641737783,0.25036061753674743,2.381672192601638e-12,NA,38,39,39,0.09900547179574953,0.113293067116526
ENSG00000092096.16,SLC22A17,1.0910254937850596,NA,0.2752616649344851,0.048934309510839616,0.2819266179180271,9.297110544600031e-15,NA,26,30,30,0.046957800022529916,0.5106091092284812
ENSG00000064545.14,TMEM161A,-1.0901246813060865,NA,0.27565822548957364,0.004730138955672672,0.04946136944102966,0.003928330101600431,NA,12,13,13,0.04168601883885494,0.2178307582804421
ENSG00000118197.13,DDX59,1.090096230946706,NA,0.2756707564076514,0.017280681956838493,0.16451227634234564,2.7059929127251847e-08,NA,16,19,19,0.0032653563665124177,0.15070850245705691
ENSG00000273476.1,RP11-108L7.14,1.0878296270940122,NA,0.2766703276674163,0.015572119473870976,0.0863546765695488,0.00010256001099371646,NA,12,13,13,1.948783207838498e-05,0.14447916266549266
ENSG00000169247.11,SH3TC2,-1.0876854250133376,NA,0.2767340041996297,0.022167123519939547,0.08819559942592521,9.147829032802488e-05,NA,27,29,29,0.004006893218383989,0.17411397335864592
ENSG00000012171.19,SEMA3B,-1.0865986773367815,NA,0.27721420985867284,0.014311230236920935,0.07506385651671754,0.00012315749003099992,NA,68,69,69,0.010824844032017325,0.2759991229253724
ENSG00000125449.6,ARMC7,-1.0853816780092784,NA,0.27775264382605147,0.021023487019927303,0.028675714193676118,0.025470146347481012,NA,56,58,58,4.456268974421378e-08,0.3932836430794675
ENSG00000116198.12,CEP104,-1.0849955086925172,NA,0.27792364448750373,0.036021230252120284,0.3236557169590283,1.3871220062135244e-16,NA,22,22,22,0.002880745422515454,0.15317960691458152
ENSG00000163864.15,NMNAT3,-1.0849422915648088,NA,0.27794721532348154,0.03450032190475058,0.17268262368481624,1.6245353083825124e-08,NA,43,43,43,3.317329084294438e-13,0.08284074495708188
ENSG00000215808.2,LINC01139,-1.0845561236352923,NA,0.2781182969091984,0.006142820652291507,0.03887521599398568,0.009889701483702813,NA,11,13,13,0.11324204389894696,0.12680777711339458
ENSG00000184307.14,ZDHHC23,-1.0844818264958274,NA,0.27815122053122754,0.010877566972276514,0.08665679834092034,0.00010166530241400676,NA,23,25,25,0.010999931171263187,0.1477583110559526
ENSG00000130303.12,BST2,-1.0836052415307338,NA,0.27853986582933654,0.0355900728193896,0.04221952230716902,0.007416063118463531,NA,37,40,40,0.000916421679207817,0.10322652350625727
ENSG00000172346.14,CSDC2,-1.0806662839120607,NA,0.2798455860365088,0.06038938673607708,0.13237428353573652,3.4792938242993047e-07,NA,32,33,33,0.004787248023370311,0.3398556368142689
ENSG00000145545.11,SRD5A1,1.079858679436978,NA,0.28020511601564047,0.010069176044605272,0.12192527522525692,2.2803026161838055e-06,NA,32,33,33,0.0027379116219807416,0.07281627348451257
ENSG00000174574.15,AKIRIN1,-1.0796279805607985,NA,0.2803078763177512,0.010905764410915182,0.030517638834341963,0.022043857363625283,NA,111,118,118,7.85778030592757e-09,0.43894072613815616
ENSG00000143515.16,ATP8B2,-1.077244000234648,NA,0.2813712728807365,0.00022695080396565887,0.03253749379804334,0.017138869934848717,NA,4,4,4,0.2772171802824551,0.011157120354147268
ENSG00000164733.20,CTSB,1.0761274442222302,NA,0.281870263262871,0.011966083442139399,0.024887573465191482,0.04070963001196376,NA,33,36,36,0.01569181951741025,0.16115225601420685
ENSG00000129151.8,BBOX1,-1.0760717488230045,NA,0.2818951693197216,0.010715645329954867,0.05122095562850453,0.003029462372842536,NA,60,60,60,0.0003745460065417638,0.11241870008825812
ENSG00000108557.18,RAI1,1.0758594506544112,NA,0.2819901192216051,0.0026853770919396626,0.04287927023757144,0.0073048254342574625,NA,8,8,8,2.9360657840113673e-06,0.04649360907919908
ENSG00000168255.19,POLR2J3,1.0750301643859628,NA,0.2823612235746642,0.04444689149754871,0.03567453080290526,0.013485752498523929,NA,41,41,41,0.09588501172484608,0.16573777040801113
ENSG00000100749.7,VRK1,1.0738854154463067,NA,0.2828740408072371,0.00848411059280553,0.059288122465190815,0.0011789466690091564,NA,23,27,27,8.430746210752249e-09,0.12521433061989404
ENSG00000163032.11,VSNL1,-1.072072605223113,NA,0.2836874222830723,0.009200081101500081,0.12227390274173865,1.5640472873033313e-06,NA,27,27,27,0.07437166334215146,0.039238293699046134
ENSG00000228826.2,RP11-344P13.4,1.070577621459961,NA,0.2843593901597872,4.1681687424072866e-07,0.02545658844941847,0.036784752303749266,NA,1,7,7,0.2843593901597872,0.006090901708132781
ENSG00000242485.5,MRPL20,-1.0703890932285913,NA,0.2844442065752477,0.0038757150737868873,0.05032780016076478,0.00252664315605504,NA,5,5,5,0.06598442378013622,0.03826592487350405
ENSG00000113296.14,THBS4,-1.0697019100189207,NA,0.2847535063340424,0.0013205785239134014,0.041932134247960544,0.007561651615660371,NA,1,1,1,0.2847535063340424,0.05260865925993021
ENSG00000185808.13,PIGP,-1.0695948153732453,NA,0.2848017298999118,0.018809224156196645,0.11885257672166395,3.711460860852143e-06,NA,53,56,56,0.043239832314107995,0.16263962496669393
ENSG00000270093.1,AP000473.8,1.0693514274945275,NA,0.28491134538462826,0.009783722596548562,0.1349817900035004,5.381895507573409e-07,NA,14,14,14,0.07507666771540988,0.0286498508949013
ENSG00000177025.3,C19orf18,1.0691294489075518,NA,0.2850113435672923,0.009912504801379302,0.033118785750476734,0.0181333632892375,NA,21,21,21,0.003111011832112688,0.0650030315875885
ENSG00000197580.11,BCO2,-1.0681025863667961,NA,0.28547423933850313,0.0663041863070678,0.4091880731203257,2.2614741275265807e-22,NA,41,44,44,0.1235378444741628,0.15890113525491462
ENSG00000125637.15,PSD4,-1.0677725611899058,NA,0.285623118095371,0.08055782578042393,0.33976379494725456,1.4637275801942287e-17,NA,54,55,55,8.003672405822363e-14,0.08721252042804994
ENSG00000135124.14,P2RX4,1.0673029752836927,NA,0.2858350450074896,0.01783258863665936,0.08979733442251119,5.977238799609618e-05,NA,30,31,31,0.0002194286211086084,0.08564295976215455
ENSG00000226180.3,RP11-278A23.1,-1.0668838671093097,NA,0.2860242807443729,0.010111755710569378,0.032635214812300445,0.016210615015945572,NA,12,12,12,0.004314997370955554,0.15174591742215865
ENSG00000099977.13,DDT,-1.0667098437546005,NA,0.28610288064183065,0.055942151561101036,0.5032405333750835,1.4180067825380541e-30,NA,59,68,68,9.2647404573227e-18,0.12275427631189405
ENSG00000166881.9,NEMP1,-1.0654298467419048,NA,0.2866814562426312,0.01714352534737773,0.06503140271459594,0.0006174170476459659,NA,13,13,13,0.006192222107130652,0.1663712937599498
ENSG00000115446.11,UNC50,1.0653637533772953,NA,0.28671135275511594,0.06408243507154061,0.28654981609616903,1.9587240127043515e-14,NA,41,41,41,0.012343394363392083,0.12566346059832165
ENSG00000048540.14,LMO3,1.0643697273522066,NA,0.2871612420108003,0.04870784421262245,0.17341715510431124,3.0129918916046616e-09,NA,7,8,8,0.023881200941902717,0.110714405144847
ENSG00000188517.14,COL25A1,1.063271430138176,NA,0.2876588774774297,0.0811030509768322,0.07928354021589729,0.0001381031531105854,NA,99,106,106,0.00014996698934193595,0.2890565551150168
ENSG00000009724.16,MASP2,-1.0631637747275502,NA,0.2877076871399721,0.007020632621144548,0.0904363044882548,5.936884715274592e-05,NA,6,6,6,0.004485633996808292,0.08350899464323712
ENSG00000259359.1,RP11-327J17.2,-1.0626325250894335,NA,0.28794863111781566,0.022807376401626993,0.07537965949358512,0.0002433930888460066,NA,52,62,62,5.297707116502743e-08,0.1664418787753262
ENSG00000101188.4,NTSR1,1.061446928916259,NA,0.2884868393267582,0.05053500949196277,0.1831700478823524,1.9621163633630085e-10,NA,22,29,29,0.00014625843486363257,0.10367665900943204
ENSG00000116017.10,ARID3A,1.0607655601939625,NA,0.2887964572466196,0.032079444734369814,0.11101484010349108,8.819814564016713e-06,NA,39,50,50,0.002393998644350619,0.26594165957076776
ENSG00000166946.13,CCNDBP1,-1.0570597893516405,NA,0.29048430125883473,0.006459521174373977,0.09131777222384516,4.0957261796415175e-05,NA,7,7,7,0.10265631559205271,0.13920995739791556
ENSG00000167674.14,CTB-50L17.10,1.0568531872919347,NA,0.2905785959286772,0.0465054128793229,0.1762298390289642,4.098851506176984e-09,NA,52,59,59,2.657077326508462e-07,0.110624269293346
ENSG00000160710.15,ADAR,1.0565082827821588,NA,0.2907360587153879,0.035207581833326514,0.1795027443856966,6.4239701422024154e-09,NA,31,33,33,2.7040269141757355e-08,0.1400823261663041
ENSG00000088766.11,CRLS1,1.0564567224563972,NA,0.29075960300953485,0.005187032146054764,0.09854231600267953,2.7307367223627742e-05,NA,14,14,14,0.09816088523998323,0.03568552441141401
ENSG00000212719.10,C17orf51,1.0559321820052494,NA,0.29099919988758993,0.19769300614044993,0.5592252944591072,1.9386276683416984e-36,NA,35,38,38,0.2306201083502487,0.12934687813013968
ENSG00000183172.8,SMDT1,-1.0551817279706712,NA,0.2913422192206634,0.0007686019018731065,0.10687553062066804,1.0982635678539554e-05,NA,7,17,17,0.2592824555486134,0.008864987549995467
ENSG00000228065.10,LINC01515,1.0545816332678866,NA,0.2916167074692353,0.010457983986247175,0.10251294598359864,1.8545551585197045e-05,NA,18,21,21,0.006366980874001017,0.06843202655295683
ENSG00000143198.12,MGST3,1.053376034734949,NA,0.2921686833732883,0.005966704415995949,0.04909327456368587,0.003789983782250992,NA,15,16,16,0.0034254909738241283,0.03018063386441445
ENSG00000198208.11,RPS6KL1,-1.0530054633462564,NA,0.29233848814564833,0.0011081570942229747,0.03574336163108531,0.014816339725230348,NA,5,5,5,0.028596362714562687,0.01989959934847111
ENSG00000166391.14,MOGAT2,1.051952650896749,NA,0.29282127388679935,0.009338492679761723,0.19307812928727128,6.101241458329834e-10,NA,11,12,12,0.1152778427522571,0.025470771044348247
ENSG00000267939.1,CTD-2325M2.1,1.0515497202236266,NA,0.29300618641450815,0.015685790300345663,0.032439838838601666,0.019837265099164496,NA,21,25,25,0.12888480349603257,0.09211351667577238
ENSG00000101746.15,NOL4,-1.0514483830244759,NA,0.2930527043096882,0.006447343283769563,0.08275645267651434,0.00013291730060727234,NA,20,20,20,9.140825377348672e-16,0.08852595287718877
ENSG00000214279.13,SCART1,-1.0505621158354386,NA,0.29345974823593657,0.011575431961508963,0.03316188213402455,0.0178768119402731,NA,15,15,15,0.014725553331624938,0.13956834367945986
ENSG00000170185.9,USP38,-1.0501416190768804,NA,0.2936530061996927,0.000503422119749195,0.040430389214684656,0.009170907594296224,NA,8,9,9,0.04222850450381459,0.06240683576646055
ENSG00000188906.14,LRRK2,1.0476888586981785,NA,0.29478198234827613,0.05283580590865326,0.22834422310626276,9.860576812822003e-12,NA,116,117,117,3.615191671434542e-06,0.14152849834818498
ENSG00000013364.18,MVP,1.046769561175824,NA,0.29520587233547424,0.008387104930831694,0.12505256078293578,1.8642377307681576e-06,NA,29,30,30,0.0011264298433388334,0.07241289628365999
ENSG00000272966.1,RP11-686O6.1,1.0465280622635986,NA,0.2953172956674608,0.05771655838726092,0.07483611077943797,0.000282565387109976,NA,32,42,42,0.0005271535323522212,0.13002897976443614
ENSG00000121690.10,DEPDC7,1.0458432055949058,NA,0.29563342962261097,0.001859794722263282,0.06685839489596634,0.0007177756941495331,NA,6,7,7,0.2261820093255663,0.045257576407342764
ENSG00000160223.16,ICOSLG,-1.0457148131960974,NA,0.29569272153839943,0.10109173898251053,0.07952005238775846,0.00014626933239746066,NA,55,62,62,1.4804317465679555e-08,0.24898691262419054
ENSG00000164379.6,FOXQ1,1.045068764615916,NA,0.29599118912976174,0.030528929557492694,0.03629733773559059,0.012019545354559557,NA,48,51,51,0.03371062925882679,0.15595639899272093
ENSG00000170745.11,KCNS3,1.0438421740448285,NA,0.2965584156584732,0.20715420657779632,0.3217570764555777,6.663160506111846e-17,NA,83,86,86,2.0936130020251337e-06,0.24105679928097198
ENSG00000134780.9,DAGLA,1.043410841713033,NA,0.29675805438555325,0.002406971690899633,0.050089004144177794,0.003541132646246929,NA,4,4,4,0.2238297140801171,0.05479662813646655
ENSG00000171903.16,CYP4F11,1.0432416722766462,NA,0.2968363776441101,0.006015425574220029,0.03265668268913774,0.015276795690550859,NA,13,13,13,0.018317053623478036,0.07974313900699435
ENSG00000197782.14,ZNF780A,-1.042578368093533,NA,0.29714361226000985,0.04499765626553863,0.3350165217456075,1.4425692232754463e-17,NA,42,43,43,8.038832746358017e-06,0.05376146235664195
ENSG00000231487.1,AP006285.7,1.0421276648259674,NA,0.29735249393061447,0.0004847642148046152,0.1395137772677175,4.1944257719968773e-07,NA,3,9,9,0.05327924404454476,0.04557168430263034
ENSG00000265241.6,RBM8A,1.0409510135650635,NA,0.29789828395068985,0.006017506652043971,0.09432761845820188,2.9304365876499432e-05,NA,1,7,7,0.29789828395068985,0.11573915886961665
ENSG00000015676.17,NUDCD3,1.039987911272995,NA,0.29834551704741674,0.06904708512274507,0.07568729559968493,0.00024122810614304112,NA,90,92,92,0.0029673528354525213,0.7039390840663536
ENSG00000142627.12,EPHA2,1.0388775401368553,NA,0.29886169318087985,0.015888779572315687,0.15078312166145344,1.3795703026773364e-07,NA,31,31,31,0.031018479636699944,0.1091303570629542
ENSG00000176428.5,VPS37D,-1.0377605080983565,NA,0.2993815669002834,0.008750466162810382,0.05672903935818795,0.0013592917940369734,NA,31,34,34,2.163606359795678e-05,0.06771403043219389
ENSG00000197894.10,ADH5,-1.0374072075475016,NA,0.29954612071046494,0.001980986464887597,0.04448193079715024,0.006223117160940348,NA,33,34,34,0.00014534145782948627,0.03696518571666973
ENSG00000142444.6,TIMM29,1.037091743667169,NA,0.29969310263279714,0.0073735450576251135,0.04354458953206725,0.0062335430510201155,NA,17,18,18,0.030041282493581286,0.047312672920452666
ENSG00000100197.20,CYP2D6,-1.036560497431416,NA,0.29994073124212206,0.03852788102049144,0.16389562659283224,1.2566153210328664e-08,NA,56,68,68,2.6848272262712355e-08,0.3719519765978352
ENSG00000166263.13,STXBP4,1.0342827960446828,NA,0.30100397718608174,0.018969853020356506,0.16003672697259816,2.1622263419895068e-08,NA,16,16,16,0.15880914412012204,0.09428655761593098
ENSG00000161267.11,BDH1,-1.0336192824944777,NA,0.3013141813111344,0.013980407974879826,0.06499145704794848,0.0008724432866427246,NA,63,69,69,0.001955844661146546,0.12796106793400774
ENSG00000034677.12,RNF19A,-1.0327071271359132,NA,0.3017409771930647,0.026257737866082348,0.03128877924727005,0.020731775902631186,NA,50,56,56,0.00012523108258240124,0.0890191814065483
ENSG00000176715.15,ACSF3,-1.0324653145388727,NA,0.3018541883283925,0.04722445171887009,0.2979447582418198,1.4363986292617819e-15,NA,28,33,33,8.034012665159156e-11,0.1437900722874648
ENSG00000111328.6,CDK2AP1,-1.0312492000651214,NA,0.30242397392816145,0.013729374851615855,0.13559734259422615,6.708326023473138e-07,NA,9,9,9,0.06581303144742183,0.0733265154600598
ENSG00000180999.10,C1orf105,-1.0310206675571543,NA,0.3025311279749443,0.08365371168541208,0.05501367974344682,0.0021552662164751285,NA,84,87,87,0.00455393551891443,0.3805618425992283
ENSG00000019505.7,SYT13,-1.029986414828182,NA,0.30301638287492616,0.03180497468194386,0.0248777961447441,0.03097190147722973,NA,34,36,36,0.0019276500097345523,0.15604800693159185
ENSG00000212127.5,TAS2R14,1.029893934389281,NA,0.3030597984138418,0.012612677915702104,0.20077772316340672,2.57237135305956e-10,NA,6,10,10,0.1975444924780826,0.073490639742433
ENSG00000117450.13,PRDX1,-1.0266705140483023,NA,0.3045756380782534,0.004027647983755027,0.10885634845584544,9.141097026325599e-06,NA,19,20,20,0.000161231074015791,0.08439978450816905
ENSG00000156795.6,WDYHV1,1.0262546964978099,NA,0.30477154555517205,0.013916184333130417,0.06435825617028171,0.0004346171719559113,NA,60,61,61,0.011409408528935324,0.0256128207508454
ENSG00000113248.5,PCDHB15,1.0255137031905197,NA,0.30512086298367025,0.014693002046646057,0.08082322537249394,0.00017160473275239718,NA,35,38,38,5.924872660619226e-13,0.1245015862790526
ENSG00000263001.5,GTF2I,-1.0243991760609004,NA,0.3056467709841181,0.010239050886376264,0.2351665887651307,3.5013677123370777e-12,NA,7,8,8,0.006219682733365366,0.1189241672844146
ENSG00000105398.3,SULT2A1,1.0233540944468074,NA,0.30614045577006865,0.006870921431697718,0.0793149637726138,0.0001722913174656356,NA,14,18,18,0.2574796654521938,0.04529313157456261
ENSG00000156110.13,ADK,-1.0184316514033411,NA,0.30847286682901587,0.006050695416177547,0.05638819353785965,0.0015779578067804626,NA,29,30,30,0.0028485416148569765,0.040785670290718314
ENSG00000176393.10,RNPEP,1.0184251330142982,NA,0.3084759632214982,0.058543140679301664,0.3400074866219295,8.45672128050243e-19,NA,15,16,16,0.013574749926594501,0.10765570249120564
ENSG00000197747.8,S100A10,-1.017464951970266,NA,0.30893229697081315,0.03200112692878973,0.18471093690240573,3.634218997884663e-09,NA,39,40,40,0.009055272610116618,0.14648521738222695
ENSG00000180828.2,BHLHE22,1.016937945466418,NA,0.3091829506303656,0.01951349677818785,0.0667207120779405,0.0007323004933845175,NA,47,47,47,2.2867871778800553e-10,0.19079198546414627
ENSG00000166913.12,YWHAB,1.0162664082007418,NA,0.3095025403878968,0.0005716622149335187,0.039442633482679366,0.009893407516901659,NA,8,9,9,2.037361171833077e-05,0.027347709175396445
ENSG00000005206.16,SPPL2B,1.0160518870793744,NA,0.3096046786230313,0.017884084251317905,0.0679973778400029,0.0005871795254911173,NA,44,56,56,0.00012096520458147916,0.05679987765312235
ENSG00000197020.10,ZNF100,1.0155669791578512,NA,0.3098356360202401,0.1747099349441419,0.3885205491163457,1.9360435389727273e-21,NA,37,41,41,0.000790419833570426,0.3413843878369585
ENSG00000269155.2,RP3-431P23.5,-1.015225587941006,NA,0.3099983059089022,0.012944545956240013,0.10632643981090707,1.063682331371709e-05,NA,16,19,19,0.00040573634661552574,0.24938928544701655
ENSG00000236700.5,LINC01010,1.0124804937315415,NA,0.31130836868489287,0.004118013075367813,0.3698847747045353,2.3321681545871755e-20,NA,20,24,24,0.0012778402476110822,0.0860163844097146
ENSG00000160688.18,FLAD1,-1.0119932486355143,NA,0.3115412814953883,0.0021202152514617338,0.055326382020393985,0.001843661954818537,NA,12,13,13,2.653623567159245e-11,0.15371912582733638
ENSG00000183255.11,PTTG1IP,-1.011102059753581,NA,0.31196758464563157,0.07791682923289323,0.31407658886051826,4.689621773767129e-16,NA,23,24,24,0.004493082886537047,0.19892117881286825
ENSG00000144369.12,FAM171B,-1.0110483697433619,NA,0.31199327971338275,0.004529192631176717,0.03633525648350488,0.011703232100125105,NA,5,5,5,0.029397839149989353,0.07120839807617825
ENSG00000103510.19,KAT8,1.008179653952624,NA,0.3133682235682742,0.01812550238187915,0.1948023915398814,7.859340920592503e-10,NA,17,17,17,0.047457164473022194,0.06460596964583004
ENSG00000127329.15,PTPRB,1.0074808702261593,NA,0.3137037460686084,0.0055757294516228986,0.025564723491379136,0.038992312474378385,NA,32,34,34,0.0011524247332163479,0.02687337946120965
ENSG00000182362.13,YBEY,1.006302014061173,NA,0.31427031194233046,0.16370326517962508,0.4208300415017101,5.259292108276199e-24,NA,32,34,34,0.004493082886537047,0.08399670291412199
ENSG00000137575.11,SDCBP,1.0058041487971556,NA,0.3145097911823018,0.003873635329788316,0.05533454464230926,0.002144400431715384,NA,23,24,24,0.040952284139847625,0.03268674821270565
ENSG00000179299.16,NSUN7,-1.0053676444161967,NA,0.31471985377809497,0.017697941592482374,0.03965163498066323,0.008146894470270984,NA,12,13,13,0.033736981204776806,0.13213488954536093
ENSG00000091436.16,MAP3K20,1.0048997792022172,NA,0.31494511078613086,0.008364415497350682,0.02407250357116521,0.044826235869114994,NA,47,49,49,0.03770794744376743,0.16752075275453684
ENSG00000041988.15,THAP3,1.0048751017207727,NA,0.31495699487468054,0.011764167329461214,0.09425424514340434,2.8440388687081627e-05,NA,31,32,32,0.0005848040292203565,0.11345039009519585
ENSG00000188372.14,ZP3,1.004689431355411,NA,0.3150464187598141,0.0748409172993682,0.2516156824155568,3.775113417836435e-13,NA,13,16,16,0.006704302027145293,0.17667683525647793
ENSG00000124786.9,SLC35B3,1.0031318487665613,NA,0.31579724979299095,0.005068259518636171,0.06033572797484502,0.0013593837064288558,NA,5,6,6,0.007282791713817728,0.061972382403245374
ENSG00000088930.7,XRN2,1.0018656329197821,NA,0.31640849296381524,0.0030167585985280674,0.02810996159171029,0.02999173868917053,NA,33,34,34,0.03181642059901465,0.057594620380032435
ENSG00000107020.9,PLGRKT,-1.0015512384449665,NA,0.31656038154582544,0.006009071960763759,0.032920523905306136,0.014229399090438138,NA,8,8,8,0.016157901837059143,0.0577533103182677
ENSG00000154889.16,MPPE1,-1.0012216380018553,NA,0.3167196677149723,0.015288622805439982,0.16999440489587794,1.834537589262356e-08,NA,10,11,11,0.32562769016801674,0.14342646512058516
ENSG00000150787.7,PTS,-1.0003757051722244,NA,0.31712872271268266,0.04072691884711866,0.2327282207799386,9.845365849818593e-12,NA,40,46,46,0.0198084990824244,0.09564108899200892
ENSG00000253910.2,PCDHGB2,0.9997891808524456,NA,0.31741254274098596,0.02571734729000038,0.06824326507588836,0.0005535430042920222,NA,29,30,30,2.0389093332481027e-05,0.13775366137181702
ENSG00000103253.17,HAGHL,-0.99974919738973,NA,0.3174318968619808,0.02291830016230125,0.09394916925362584,3.386843642780025e-05,NA,33,37,37,6.9342379235104615e-09,0.2925532217678176
ENSG00000126432.13,PRDX5,-0.9975066020892324,NA,0.31851867079933416,0.002269083122031037,0.06232725322677876,0.0009205040868558908,NA,4,4,4,0.1923591181185852,0.07434355326873121
ENSG00000234155.1,RP11-30P6.6,-0.9973815290387213,NA,0.3185793535379813,0.1255098123398402,0.4107470622890211,3.2909516647466323e-23,NA,36,36,36,0.20665653024707686,0.14593499822860154
ENSG00000254260.1,RP11-369E15.1,0.9971404533049556,NA,0.31869633962778965,0.10627795636207421,0.287845629209364,1.0958351485612387e-14,NA,31,31,31,0.004067857487980328,0.11645825347020347
ENSG00000259998.1,RP11-753D20.4,-0.9968665256601116,NA,0.31882930180021585,0.02703730554080968,0.05652752436882408,0.0017031546845080944,NA,28,29,29,1.2840069326729898e-05,0.07851487373746217
ENSG00000182156.9,ENPP7,0.9967295165437859,NA,0.3188958184950339,0.07483973849823305,0.2406491840769214,1.645848640884362e-12,NA,17,19,19,0.07753195797570715,0.13230924421862614
ENSG00000125124.11,BBS2,-0.9959062258248458,NA,0.3192957100421635,0.08228970734516826,0.3633150499673799,1.7537032796357605e-19,NA,24,25,25,2.61933903576063e-07,0.09817419866095303
ENSG00000184402.14,SS18L1,-0.9942190821093955,NA,0.32011622002103635,0.044156427133947365,0.06860000003050587,0.0004754669167286662,NA,82,94,94,1.2575040277940418e-10,0.14986864204821307
ENSG00000072958.8,AP1M1,-0.9939946038687041,NA,0.3202254945378237,0.014903445651141196,0.2048180708542308,1.5713865630462838e-10,NA,10,10,10,0.09334186816364674,0.04636417754060773
ENSG00000160284.14,SPATC1L,-0.9919371237769645,NA,0.3212281982052574,0.14590279154071106,0.3741294102497987,3.205717724960643e-20,NA,36,40,40,0.10618069715410011,0.1979515010780252
ENSG00000198920.9,KIAA0753,0.9918300112357733,NA,0.32128045511939896,0.0052694342177301646,0.11299416111677395,5.997638082281432e-06,NA,2,2,2,0.26003120300642324,0.09596569057322976
ENSG00000131969.14,ABHD12B,-0.9912714694877028,NA,0.32155304041536537,0.030058179912452868,0.12581012660715082,2.071265754207229e-06,NA,27,29,29,1.1588204006698446e-05,0.16966540987532244
ENSG00000174945.13,AMZ1,-0.991129998085204,NA,0.32162210670717173,0.01153479589596806,0.08000867185021175,0.00012178672274563427,NA,20,22,22,3.886879330965603e-12,0.19927365488347787
ENSG00000264247.1,LINC00909,-0.9907922315919072,NA,0.32178704336202546,0.008223177180424274,0.13422385483634985,6.146769127581405e-07,NA,9,9,9,0.04988532670672436,0.04742983291522666
ENSG00000153066.12,TXNDC11,0.9907432303282989,NA,0.32181097602995723,0.008736565878793684,0.04071132724215742,0.007840085533692078,NA,40,41,41,0.048658726620687806,0.11712868730110622
ENSG00000175764.14,TTLL11,-0.9904628980672971,NA,0.32194791522260213,0.01804654479640206,0.04637235515491478,0.004477523345284569,NA,42,45,45,0.05356786168208862,0.1296175766656603
ENSG00000126464.13,PRR12,0.9884484132628385,NA,0.3229330871367412,0.024083622501009996,0.14017630917973786,1.8532114309713463e-07,NA,13,15,15,0.0002676179854339459,0.1922843743710705
ENSG00000149554.12,CHEK1,-0.9875120345009525,NA,0.3233916861596615,0.004250897493014695,0.029911277234829264,0.025555111982408674,NA,5,5,5,1.6242808454057222e-09,0.04757661267880008
ENSG00000166405.14,RIC3,0.9856487082623165,NA,0.3243055272539116,0.05356723963070361,0.18405665017416634,1.213825044631121e-09,NA,23,24,24,7.974564171973374e-07,0.12025629732128686
ENSG00000144395.17,CCDC150,-0.985308135992251,NA,0.3244727375263736,0.0018309572063906249,0.05963496254004815,0.0011632602758530847,NA,55,57,57,0.0046045820573990615,0.07991569051777962
ENSG00000141759.14,TXNL4A,0.985277670383918,NA,0.32448769791644627,0.003381915049372965,0.03999982625158826,0.007698133343724544,NA,18,19,19,0.05105049755750772,0.0185906824432314
ENSG00000011523.13,CEP68,-0.9847356672818333,NA,0.32475392810444836,0.026202456727802515,0.08392185646075959,6.873542860272755e-05,NA,37,37,37,0.049727449017874334,0.15583032023774648
ENSG00000110888.17,CAPRIN2,-0.9839562836527458,NA,0.32513700798584055,0.02198473604111978,0.027659426686028388,0.0310492304268726,NA,47,47,47,0.000650920615504794,0.13233502868984912
ENSG00000166035.10,LIPC,0.9825611049892669,NA,0.32582349518253473,0.1336818959610893,0.2288434486127211,1.3273021668976105e-12,NA,175,194,194,0.0009212317068390565,0.486832947345445
ENSG00000132359.14,RAP1GAP2,0.979852685495954,NA,0.32715884113979654,0.01774185596574789,0.10160381428621833,1.6229275651693935e-05,NA,29,31,31,0.00032890920227049436,0.07082192509131363
ENSG00000170638.9,TRABD,-0.9788694777967897,NA,0.3276444750022459,0.05964775255546362,0.16890465008446634,1.4124579864220654e-08,NA,58,66,66,0.005160611772271365,0.15269387241993188
ENSG00000138399.17,FASTKD1,-0.9762758990427371,NA,0.3289277599227476,0.030929397525373645,0.16272916184921785,2.08866587134512e-08,NA,31,33,33,4.231151234190833e-05,0.10212918324241947
ENSG00000184206.11,GOLGA6L4,0.9758825774471523,NA,0.3291226568604022,0.10690817473754927,0.3482611634287163,4.640376865643753e-18,NA,27,28,28,0.0038210632257479863,0.2571535689073953
ENSG00000247157.6,LINC01252,0.973340800678765,NA,0.3303839506524462,0.07112186510176341,0.45896434010382503,5.803768521059469e-28,NA,8,15,15,0.02248835112270351,0.16030260501193425
ENSG00000166268.10,MYRFL,-0.9731236186089022,NA,0.3304918667675888,0.037410594119966376,0.13809386593235748,5.211098337191396e-07,NA,25,26,26,0.23692885261364982,0.07039928737603003
ENSG00000223823.1,LINC01342,0.9726247788893654,NA,0.3307398227857532,0.007272326553627414,0.05520694417584365,0.00195455791229772,NA,7,8,8,0.12268931959626114,0.11214958888099318
ENSG00000103356.15,EARS2,-0.9703707560052187,NA,0.3318617200607312,0.009355275744926686,0.13360085793143597,8.066309056780769e-07,NA,46,50,50,0.004633437084163552,0.1720714589881432
ENSG00000113812.13,ACTR8,-0.97010360173805,NA,0.3319948538859189,0.04456731740966743,0.27027807725748043,2.2640508757558935e-14,NA,23,24,24,0.08297599698811169,0.055810812348130456
ENSG00000007376.7,RPUSD1,-0.9680322790598936,NA,0.3330282490715428,0.0072896092737751396,0.09232180085822177,3.3270068301843326e-05,NA,13,13,13,0.0026537493434722046,0.0645235400452891
ENSG00000167637.16,ZNF283,-0.9674720945000747,NA,0.33330808481472873,0.03541313442795856,0.12915504431787253,1.4312447045011925e-06,NA,33,34,34,0.027673939249300613,0.08799740373010154
ENSG00000166897.14,ELFN2,0.9660304383731704,NA,0.3340289502300614,0.03388312385347674,0.03131766006085394,0.01792048805728475,NA,35,38,38,1.2108786590980811e-05,0.13469804350761072
ENSG00000232855.6,AF131217.1,0.9650891680739875,NA,0.33450015187492754,0.00558787883478597,0.024607007580890992,0.042203091379965016,NA,12,12,12,0.26441190519217184,0.11078691085335277
ENSG00000156886.11,ITGAD,0.9647656879052192,NA,0.33466218551790416,0.05067515318828268,0.157576808995683,8.090421417060647e-08,NA,20,21,21,0.11151764782107858,0.17097222731886275
ENSG00000099308.10,MAST3,0.9633663876915237,NA,0.335363688059243,0.0017381125071053954,0.03193434152523003,0.020890918722279,NA,8,8,8,0.06289122479961827,0.018051941886809985
ENSG00000273014.1,RP11-225B17.2,-0.9631317165355731,NA,0.33548142696110694,0.05892865738364016,0.0379717229736669,0.010990104770089932,NA,135,142,142,1.2936204098628997e-09,0.2594432712730764
ENSG00000163697.16,APBB2,-0.962022980286132,NA,0.3360380605531279,0.007529281288398242,0.07042562703312821,0.0004224798464003629,NA,18,18,18,0.00035279237199752837,0.03655567079999074
ENSG00000099991.17,CABIN1,0.961629924890051,NA,0.3362355340028088,0.01005722872947276,0.02741745798221173,0.032501996067995365,NA,29,36,36,0.0076236280041925095,0.07033524215023086
ENSG00000142459.8,EVI5L,0.9614479704878142,NA,0.33632697429288727,0.007654858705555873,0.0813596129347566,0.00015084106505821508,NA,18,20,20,0.00256184996388938,0.04523428758812064
ENSG00000167699.13,GLOD4,0.9611589051267545,NA,0.33647227556457604,0.03002908746740737,0.07414951658193576,0.00037280038616479926,NA,47,58,58,0.00010696438753744674,0.19324730012384608
ENSG00000153993.13,SEMA3D,0.9607259298627148,NA,0.33668998995787125,0.006959798324686281,0.059629250297405824,0.001391141542629945,NA,11,11,11,0.062356019013665435,0.0902520357693073
ENSG00000229291.1,RP4-580N22.2,0.9606857186810775,NA,0.33671021407711454,0.006883808429038868,0.02811456239724304,0.028704494536461667,NA,5,5,5,0.042273945749208106,0.12453236903163753
ENSG00000197362.14,ZNF786,-0.958931748363979,NA,0.33759312956392573,0.09044490960272092,0.3935457999121176,1.709004835181177e-21,NA,40,41,41,0.11133829135591188,0.05827942372299681
ENSG00000162607.12,USP1,-0.9588428416884116,NA,0.3376379230825546,0.00992042217484743,0.03169082449350745,0.02085612997390754,NA,19,21,21,3.5465117838055735e-07,0.14556650675027627
ENSG00000196605.7,ZNF846,-0.9579236330147037,NA,0.3381012683954565,0.07605802565430253,0.3472195049141564,2.087717662985441e-18,NA,112,115,115,0.02673237742405218,0.2207791897183166
ENSG00000150455.13,TIRAP,-0.9568034057756045,NA,0.33866649291086526,0.00771978991502762,0.029500996047965106,0.02661499805729416,NA,12,14,14,0.04172184855340169,0.11478354430877495
ENSG00000123415.15,SMUG1,0.9559096094066483,NA,0.3391179036856119,0.008571744849717185,0.1777916908821879,8.397065801972222e-09,NA,2,4,4,0.31553460898211816,0.1346148601151893
ENSG00000176485.11,PLA2G16,0.9551741243127316,NA,0.3394896489285927,0.038616146891654685,0.22514036767437332,9.736298900114376e-12,NA,55,59,59,0.0013418035504607203,0.2841068296661637
ENSG00000170100.13,ZNF778,-0.9537846356335605,NA,0.3401926681957863,0.010381925126582835,0.10872971119768612,9.943248010713643e-06,NA,15,16,16,0.2763096838281619,0.06749446698496178
ENSG00000153201.15,RANBP2,-0.9528153532508278,NA,0.3406836338576129,0.0009477489777827823,0.03815499909106985,0.010925156616434421,NA,25,39,39,0.03599814466939963,0.019748016368976416
ENSG00000237940.3,LINC01238,0.9519368489222054,NA,0.34112901007633056,0.006971472111498669,0.22205592993167955,4.1598964026052706e-11,NA,15,23,23,0.3580578968840601,0.09102429543602872
ENSG00000254999.3,BRK1,0.9518850364806501,NA,0.3411552891181058,0.0010849081243929927,0.037676864843017216,0.011368972341068585,NA,10,10,10,3.480174354559551e-14,0.032698633667294696
ENSG00000101204.16,CHRNA4,0.9513236330633486,NA,0.34144011355858694,0.07665721074396722,0.3156859986132182,2.872664129670537e-16,NA,47,51,51,0.05398103559550588,0.2880231437896991
ENSG00000224531.5,SMIM13,0.9508790812821732,NA,0.3416657620164415,0.0019169515050007865,0.02964209624267913,0.02408633425043144,NA,13,14,14,0.010311731384936788,0.015250357588366271
ENSG00000085978.21,ATG16L1,0.9490954721659369,NA,0.34257205705743776,0.00772825899975373,0.07235636568812039,0.0002973002331723535,NA,34,34,34,0.016666168865306766,0.0443939855776616
ENSG00000121454.5,LHX4,-0.9487769757518113,NA,0.3427340543924704,0.02170026006681862,0.18782544312442892,2.131244248918736e-09,NA,6,7,7,0.21081761942615118,0.11182259605937467
ENSG00000183726.10,TMEM50A,-0.9487350949745322,NA,0.34275535992081063,0.005078156463565575,0.1006259370708742,1.7136876905906575e-05,NA,21,23,23,0.007293922669332631,0.09723982975443587
ENSG00000261126.7,RBFADN,0.9479823747155767,NA,0.34313842701585684,0.07996282575268662,0.2383856636471177,3.2115004611465884e-12,NA,46,49,49,0.02457689521885646,0.19748979448863915
ENSG00000114395.10,CYB561D2,-0.9479627025621423,NA,0.3431484420440568,0.018268047603822554,0.18311133042157207,5.747621836977105e-09,NA,19,19,19,0.11396444759739632,0.12923543721076702
ENSG00000167914.11,GSDMA,-0.9476172428870375,NA,0.3433243448586025,0.00993519111848205,0.08973626642567754,5.793419776764696e-05,NA,8,8,8,3.4074633573185624e-07,0.18742724714824605
ENSG00000260423.1,RP13-735L24.1,0.9468524469971631,NA,0.3437139721841378,0.19186295680536392,0.4290924150667003,1.4533691649724464e-25,NA,28,31,31,0.003934069838730409,0.20930211716352892
ENSG00000177106.14,EPS8L2,-0.9459210489818481,NA,0.3441888565836093,0.015466163288202295,0.14351291217273712,2.1849657421140427e-07,NA,16,19,19,0.08968644642090534,0.09194436701080877
ENSG00000187867.8,PALM3,-0.9458991048654736,NA,0.3442000501005644,0.004808939615129954,0.17320767455610547,8.437852874852343e-09,NA,33,39,39,0.027320538258785197,0.06597020671360268
ENSG00000107862.4,GBF1,0.9445878877256942,NA,0.3448693130994336,0.002879156010522509,0.04448525518721776,0.0063248410244408065,NA,38,38,38,3.817880347602102e-06,0.06504065633389566
ENSG00000148484.17,RSU1,0.941959232739118,NA,0.3462135122576594,0.01785252706227763,0.16351406222212445,4.1149009628302636e-08,NA,33,37,37,0.008789095227569441,0.08100820505555703
ENSG00000170949.17,ZNF160,0.9416605847190891,NA,0.3463664408941268,0.02245596473759475,0.11537913331454587,1.7859496850150986e-06,NA,33,39,39,2.919428958139418e-09,0.06572848071111922
ENSG00000142166.12,IFNAR1,0.9415800468135866,NA,0.34640768928847787,0.002496071609515306,0.05452251623962075,0.0020018348768965173,NA,25,26,26,7.059137059901217e-06,0.036869449665715
ENSG00000188687.17,SLC4A5,0.9406419676733655,NA,0.34688836747527374,0.0169350059508938,0.05779072306780704,0.0015606952612030355,NA,16,17,17,0.00016822536174509756,0.20050313974893516
ENSG00000154222.14,CC2D1B,-0.9405858912980647,NA,0.34691711483626353,0.009115949631689145,0.03737885834542791,0.01017138361323468,NA,22,28,28,0.014855457433034078,0.18002954651696368
ENSG00000123892.11,RAB38,-0.9382371964455273,NA,0.3481225268009732,0.05797795470705234,0.12897628518271045,1.2695549920126308e-06,NA,24,25,25,0.0003339780729863961,0.19703884066668093
ENSG00000255142.1,AP006621.6,0.937798483021794,NA,0.34834798083978613,0.04055998789702317,0.3568493689480405,1.1203762579591179e-20,NA,13,14,14,0.13137025054420384,0.054112031618909186
ENSG00000163600.12,ICOS,0.9361856657409654,NA,0.34917760215754845,0.003731933302023337,0.038895022440012895,0.008668481440976828,NA,6,6,6,0.20447433794971337,0.09446107978003217
ENSG00000111850.10,SMIM8,0.9361105077083246,NA,0.3492162934675005,0.017253186867240346,0.17191926343814906,5.353965526565571e-09,NA,5,5,5,0.20261063649033573,0.08492079045587854
ENSG00000037474.14,NSUN2,-0.935507450138109,NA,0.34952684569387704,0.01563494816655192,0.17018160137895788,4.561334723911927e-09,NA,22,23,23,0.11716757999574877,0.10517322140459584
ENSG00000067369.13,TP53BP1,0.9353944351869443,NA,0.3495850636909722,0.021780424763753414,0.07121592494420607,0.00039271539896630137,NA,93,96,96,0.00010960086448586524,0.12208248772769426
ENSG00000187764.11,SEMA4D,0.9351889961566963,NA,0.349690908361874,0.0020251271377391446,0.041490976699539536,0.006676220880741192,NA,7,8,8,0.11698052250629892,0.03707317352028226
ENSG00000175175.5,PPM1E,-0.9348706012468891,NA,0.3498549894510219,0.012735482446790153,0.059724426699734774,0.0012796209040642822,NA,8,8,8,0.30300352767899263,0.101383367388202
ENSG00000197016.11,ZNF470,0.9344614290205616,NA,0.3500659232900557,0.004063591366102995,0.06322452620903217,0.0004601130944037704,NA,6,6,6,0.03216933847888885,0.02435956766954509
ENSG00000197978.9,GOLGA6L9,0.9340528107731495,NA,0.3502766520488564,0.07850312394624892,0.18257066213210613,2.7500927770140115e-09,NA,40,40,40,0.008821249241449875,0.1106629262100915
ENSG00000136546.13,SCN7A,-0.9338690464017825,NA,0.3503714475058086,0.005984275216891249,0.04257254662660632,0.007637566310860425,NA,14,14,14,0.011013590334443034,0.1658390528008497
ENSG00000078967.12,UBE2D4,0.9337609802472205,NA,0.35042720138498573,0.006002245810759479,0.02288478304627425,0.047890836252406616,NA,23,26,26,0.08738748479462324,0.08494044879046378
ENSG00000166783.21,KIAA0430,0.9321699584757667,NA,0.35124869820174254,0.00395866756612084,0.02457092044368871,0.0418906426470553,NA,12,12,12,0.11444623820158777,0.14245013037542734
ENSG00000233590.1,RP11-153K11.3,-0.9318070373371226,NA,0.3514362571015275,0.04412458873944579,0.32309750962244105,8.134485242222616e-18,NA,17,17,17,0.148566792359269,0.09022750318992584
ENSG00000029725.16,RABEP1,-0.9317813180958963,NA,0.3514495513015311,0.001835262632450973,0.027001197389420858,0.03312834689276591,NA,7,7,7,0.008837421201429985,0.025424456910806758
ENSG00000181396.12,OGFOD3,0.9314365717574848,NA,0.3516277804243124,0.04481629313040299,0.17064928084907258,1.23326596255873e-08,NA,20,20,20,0.06838056477095009,0.13410486967089386
ENSG00000169660.15,HEXDC,-0.9306980730832877,NA,0.35200976673481976,0.01384078695256305,0.1741987404102747,1.2293282639893116e-08,NA,8,8,8,0.024932349633574224,0.04729607663371969
ENSG00000117280.12,RAB29,-0.9305299556771287,NA,0.3520967616792374,0.0162549892605634,0.2375089080742685,4.088649458614007e-12,NA,11,11,11,0.11869334150719153,0.041397732666597166
ENSG00000124641.15,MED20,0.9296792634145166,NA,0.35253717418268427,0.031986385984077916,0.07977518584850952,8.287186596211911e-05,NA,32,34,34,3.8227664289494734e-05,0.1810472297493193
ENSG00000226328.6,NUP50-AS1,0.9296096542100359,NA,0.3525732270372569,0.0284403451749834,0.15131034116990166,9.989708713397113e-08,NA,58,60,60,0.00014028872428878942,0.10947747272055272
ENSG00000222009.8,BTBD19,0.9275372377741274,NA,0.3536476670282013,0.009122435163173678,0.09030122068423374,6.124236412118814e-05,NA,11,11,11,0.2889929082790288,0.08502741125067381
ENSG00000171840.11,NINJ2,0.9248460941470457,NA,0.3550459700118809,0.03468657374689421,0.04475231904387539,0.00560419183156543,NA,41,44,44,0.0002596528948199699,0.0968865120126614
ENSG00000214941.7,ZSWIM7,0.9246395951465655,NA,0.3551534096898429,0.02623734807555729,0.1476107873218537,6.095924364876064e-08,NA,26,27,27,0.1830073198123573,0.04860944021083174
ENSG00000163281.11,GNPDA2,-0.9242187033753091,NA,0.35537245963097375,0.07216072394245408,0.24243469464288406,2.6161297777838506e-13,NA,35,35,35,0.14738003308451897,0.047201220380452984
ENSG00000250508.1,RP11-757G1.6,-0.9239770027281626,NA,0.35549828942984385,0.10130778276732406,0.2930472214416857,1.9460269581673416e-15,NA,36,36,36,0.0208275159846648,0.12962643173334915
ENSG00000189362.11,NEMP2,0.9239089784412986,NA,0.35553370806588913,0.013730409018205861,0.03413145358512246,0.016291896094908158,NA,33,37,37,0.046585196136131726,0.0742176208463023
ENSG00000168421.12,RHOH,-0.9230322954796855,NA,0.35599037533880196,0.014475741187906756,0.06291995119630239,0.0009225094310857963,NA,31,32,32,0.001439435077776794,0.1316723305843786
ENSG00000115486.11,GGCX,-0.9230149793680251,NA,0.3559993990862501,0.0014908900156711863,0.04133435120229106,0.006850720673809762,NA,5,5,5,0.09305051011007834,0.024242375478484998
ENSG00000206077.10,ZDHHC11B,-0.9203164094561991,NA,0.3574074363821559,0.012351750716653946,0.09813368562834576,3.30260240346023e-05,NA,31,44,44,0.008317632056725952,0.23182073012917384
ENSG00000025708.13,TYMP,0.9194377677394079,NA,0.3578666423884095,0.0038032907379652566,0.08947983310963345,6.537040673511508e-05,NA,8,8,8,0.0019174461932840268,0.07018555697717932
ENSG00000221571.3,RNU6ATAC35P,-0.9171933807478415,NA,0.35904131478398427,0.009875375340279408,0.03200843360882167,0.018769483189894225,NA,29,32,32,0.01703475362978092,0.06263166054184563
ENSG00000221821.3,C6orf226,0.9145904794000383,NA,0.3604066586507422,0.01488688588237023,0.0713855197790591,0.0004721331888693998,NA,44,45,45,0.06761515591188451,0.12451481146182547
ENSG00000167543.15,TP53I13,0.911903513190076,NA,0.3618195120027696,0.010170132728973408,0.08058859945922127,0.00015810896815774742,NA,74,75,75,0.08188510119234232,0.07608122154834797
ENSG00000184254.16,ALDH1A3,-0.9110969696209845,NA,0.362244283009604,0.04496405646303351,0.11280849060736585,5.775317461454016e-06,NA,38,45,45,0.0006772547309101232,0.11929739799910645
ENSG00000146909.7,NOM1,-0.9097003309407747,NA,0.36298056962663605,0.0038795936869759832,0.06079205391023301,0.0011810532661349394,NA,5,5,5,0.004037048338589246,0.08191351445975728
ENSG00000221968.8,FADS3,0.9095400889924408,NA,0.36306510660345315,0.010270564374713364,0.08847945141786291,6.727591760924469e-05,NA,5,5,5,0.3057645933054963,0.05488686835177254
ENSG00000171811.13,CFAP46,0.9094982200317736,NA,0.363087196953374,0.009792249424257646,0.03544564171745867,0.013904868236703984,NA,10,10,10,0.13302364299144584,0.029843901857569976
ENSG00000277587.1,CTD-3116E22.8,0.908837031717196,NA,0.36343615595832024,0.013671069869261246,0.1284468363268157,1.590875857334247e-06,NA,50,50,50,0.04887380438008713,0.0873292316934769
ENSG00000204954.9,C12orf73,0.9071515602137727,NA,0.36432665536233266,0.010983323965601406,0.041939890316932064,0.0073536858651241785,NA,24,25,25,0.037685401612424396,0.17671781392381786
ENSG00000146373.16,RNF217,0.906878331403592,NA,0.36447114100841105,0.0007069212882693631,0.030344247494303124,0.02273418208215284,NA,6,7,7,0.34407469603569885,0.007087098841203922
ENSG00000168028.13,RPSA,-0.9054844734075496,NA,0.36520878180749317,0.00705381755642826,0.1067400984761658,1.3781568382763583e-05,NA,12,13,13,0.008107545706859858,0.05542689780179401
ENSG00000274922.1,RP11-88E10.5,0.9031347224826063,NA,0.36645439759256027,0.02831639637201682,0.2810711340034176,2.3735143026093315e-14,NA,3,3,3,0.018049858608036325,0.13258498448793574
ENSG00000186001.12,LRCH3,0.9024169585232604,NA,0.36683541585308166,0.015373399198886688,0.07340124428557912,0.00017959136221025744,NA,15,19,19,1.9865141288448727e-38,0.2770204902320602
ENSG00000143387.12,CTSK,0.900521309113194,NA,0.36784289044554486,0.02239145548680598,0.18775910677811045,2.055305209969549e-09,NA,17,19,19,0.1452637873040256,0.12190365004699134
ENSG00000135211.5,TMEM60,-0.8994407031579843,NA,0.3684179668819395,0.017031039186374244,0.060010044500464585,0.0011494897556731305,NA,29,29,29,0.0020975575932583516,0.04233203639086914
ENSG00000149743.13,TRPT1,-0.8992617875270323,NA,0.36851323609209696,0.007611191879922912,0.06379351251640006,0.0008689546970110599,NA,12,12,12,0.0023879057245674877,0.04261755594082177
ENSG00000106538.9,RARRES2,-0.8985511495910056,NA,0.36889178879011897,0.014453959492516042,0.062465833612193,0.0010225234399335052,NA,36,40,40,0.0020935708588706798,0.10539552437446224
ENSG00000131849.11,ZNF132,0.8982528710599956,NA,0.3690507520774635,0.008203804296294599,0.027163810086468468,0.028884271622951405,NA,11,11,11,0.056743173518819294,0.035536779691905045
ENSG00000086544.2,ITPKC,0.8972115248614356,NA,0.36960605660734025,0.005317986446916798,0.06925627585826513,0.0002444383381457348,NA,20,22,22,0.02609309084719062,0.04419452093178288
ENSG00000206384.10,COL6A6,-0.8971905922072878,NA,0.3696172244015241,0.0355240244341448,0.04636228967217685,0.004570223281893103,NA,44,48,48,2.9227740922167166e-05,0.21618693425190416
ENSG00000275074.1,NUDT18,-0.8966441930690534,NA,0.3699088083555865,0.019157549835358244,0.1338090863999683,9.748991814443e-07,NA,9,13,13,0.005264648302551468,0.10995463796155916
ENSG00000130414.11,NDUFA10,0.8950232470102738,NA,0.37077466109170343,0.024655900945857217,0.20781024567626255,2.1170150494253216e-10,NA,38,38,38,0.0006976159616421138,0.03290629547757761
ENSG00000257906.1,LINC02156,-0.8935606802741046,NA,0.3715569919793421,0.08259008343801023,0.19734396990669686,5.975343640144598e-10,NA,56,59,59,7.479208662548955e-06,0.2565580514035725
ENSG00000118263.14,KLF7,0.8921936878324859,NA,0.3722891249169309,0.022544375941406847,0.03761550797145777,0.00893191963979085,NA,19,19,19,2.9905124097313685e-07,0.08875961312396798
ENSG00000187546.13,AGMO,-0.8906430106164828,NA,0.373120717234789,0.0018141900815420225,0.039787460214715166,0.008477218948764341,NA,23,23,23,0.02887915014087169,0.030211627589546812
ENSG00000256087.6,ZNF432,-0.890515990445635,NA,0.3731888861466598,0.0027233805361614664,0.0593814469199959,0.001327287046835305,NA,6,7,7,0.23327759326846675,0.028249926613275207
ENSG00000109991.8,P2RX3,0.890268509443423,NA,0.3733217258665352,0.01657025227783344,0.18798306277446789,3.121116721756364e-09,NA,11,11,11,0.05731712594236503,0.0436851326993114
ENSG00000231574.5,LINC02015,0.8887671333016953,NA,0.37412824292196656,0.007269923135162745,0.026972247645157484,0.03433643731105721,NA,7,8,8,0.07328349968648923,0.09990270735419912
ENSG00000135390.17,ATP5G2,0.8881866441406356,NA,0.3744403618150304,0.006468398359155593,0.10618394286191746,1.3478189420468194e-05,NA,16,17,17,0.25339215208839005,0.07461859889343404
ENSG00000273448.1,RP11-166O4.6,-0.8878523754432117,NA,0.37462016529460884,0.018417637414245253,0.17552352887215364,9.978619940100954e-09,NA,70,75,75,0.09978439578186972,0.03387811289159901
ENSG00000143612.19,C1orf43,0.8865195609686982,NA,0.3753376181883019,0.0005265978732336516,0.033475103395044864,0.01706948878964141,NA,11,11,11,0.33996336581478326,0.00331127071718698
ENSG00000189339.11,SLC35E2B,0.8863240813213399,NA,0.3754429160479743,0.06298684480301447,0.08666543920505185,9.02414534128544e-05,NA,62,72,72,1.4767580796897729e-06,0.2537906943064901
ENSG00000108950.11,FAM20A,-0.8861664194840545,NA,0.37552785610482864,0.018820178036308338,0.1012680392306348,1.4301048792899357e-05,NA,31,34,34,0.0012573393696032613,0.08570634035066726
ENSG00000103148.15,NPRL3,-0.8853636895739022,NA,0.37596050956387106,0.013782780005276071,0.2375667917978905,2.474209640780744e-12,NA,26,31,31,0.14227908429948374,0.2230157327163669
ENSG00000147526.19,TACC1,0.8850626602090846,NA,0.3761228369635664,0.005578099267374404,0.04394857444917757,0.0057096650237415895,NA,16,16,16,0.36026196527995524,0.06750774294926214
ENSG00000234840.1,LINC01239,-0.8843467646858327,NA,0.37650905098198284,0.05569911318344445,0.16266868051785213,1.3928984232891259e-08,NA,78,81,81,4.711116759404396e-12,0.2393476786321313
ENSG00000228486.10,LINC01125,0.8841012247931952,NA,0.3766415721034303,0.008996180202031256,0.05998391951447329,0.0011693656044001535,NA,19,22,22,0.015652295095917382,0.07055494107923621
ENSG00000185404.16,SP140L,-0.8835207901489361,NA,0.3769549547338549,0.0017705638882777185,0.03991131949428975,0.006976630448724285,NA,5,5,5,0.12540394072553845,0.06175737506101391
ENSG00000166394.14,CYB5R2,0.8829121881847176,NA,0.3772837178321722,0.023157463818414298,0.06487640346502603,0.0005214537956872592,NA,32,36,36,0.015926098763400946,0.05533437330654671
ENSG00000104518.10,GSDMD,0.88265448718853,NA,0.37742297960495197,0.020287166571742548,0.10997552016337928,6.820820040701128e-06,NA,48,55,55,0.000929706180713106,0.07409749398240696
ENSG00000204147.9,ASAH2B,-0.8815375640310881,NA,0.3780269317348326,0.1167049717609642,0.3124096099232171,4.486625301380171e-16,NA,69,72,72,0.0004850174128706097,0.10061257443927672
ENSG00000160781.15,PAQR6,-0.8799384989429221,NA,0.37889262729616857,0.1054857804304623,0.4214291187615557,5.2362825677711675e-24,NA,22,23,23,0.01688571166450643,0.11740660196010053
ENSG00000139835.13,GRTP1,0.8787457188435014,NA,0.37953916365819795,0.016671207293023304,0.21825273029626668,1.6375521226424248e-11,NA,21,22,22,0.11968300868887846,0.09656610498713937
ENSG00000271780.1,RP11-1017G21.5,0.8781518505959491,NA,0.37986131775726695,0.01170663911230983,0.10863214548900373,7.281176520823898e-06,NA,6,6,6,1.1289862333813686e-08,0.2556463301764728
ENSG00000157326.18,DHRS4,0.8771615187149967,NA,0.38039891417736527,0.0046556398225588175,0.02792443736396693,0.02495650125622602,NA,22,24,24,0.055748328738743955,0.1755121550749957
ENSG00000251287.8,ALG1L2,-0.8767765442539084,NA,0.38060802164146,0.016519779775363466,0.025441999685891097,0.038948093611001114,NA,31,32,32,0.0005224854927649206,0.15630985878820747
ENSG00000128340.14,RAC2,0.8767323565444174,NA,0.38063202769786664,0.0006339956304861047,0.04427574880108519,0.005933443340137835,NA,4,4,4,0.12434687152288898,0.02459207717274127
ENSG00000129103.17,SUMF2,-0.8761592314247544,NA,0.3809434762245206,0.007652354062319384,0.024837384480027817,0.04005082544471058,NA,28,30,30,0.03255602463122832,0.10017745150580748
ENSG00000173200.12,PARP15,-0.8758379285154649,NA,0.3811181475750193,0.019959685965150277,0.09548644233251298,2.7486394126480107e-05,NA,31,32,32,0.00013989415225682843,0.1354154527683483
ENSG00000166037.10,CEP57,-0.8754572556092081,NA,0.3813251581307505,0.015978332146671666,0.107567897388168,1.2493979888450028e-05,NA,24,26,26,3.3975929382404933e-06,0.09176181170634007
ENSG00000113758.13,DBN1,-0.8752669280341958,NA,0.3814286844546704,0.002911941972033633,0.06179734170410079,0.001037092065402049,NA,9,9,9,4.6419332461533715e-06,0.026395312936966682
ENSG00000283787.1,PRR33,0.8750620004445,NA,0.38154017155844067,0.009590605143985305,0.048940280571247816,0.003962797023563936,NA,22,33,33,0.14332415357812253,0.06351233276679841
ENSG00000171495.16,MROH2B,0.8744868311457621,NA,0.38185318869389506,0.10773647077916905,0.35016986377492193,6.513983256224304e-19,NA,32,33,33,0.001183174982068595,0.1367132284153354
ENSG00000101546.12,RBFA,-0.8743103182651957,NA,0.3819492816547101,0.10310092406781993,0.3892983790701209,5.231748301498521e-21,NA,18,19,19,0.15801418742048612,0.09620611608756573
ENSG00000100263.13,RHBDD3,0.874104730157373,NA,0.38206122175840707,0.0026106474056885594,0.024227840352940243,0.04554339991008788,NA,11,11,11,0.0974870500739407,0.06710290392019097
ENSG00000236078.1,LINC01447,-0.8706535676363597,NA,0.3839433383232863,0.04420367240296635,0.2395452306284398,2.2687864145867652e-13,NA,16,16,16,0.2186392938775944,0.04271021314063533
ENSG00000180758.11,GPR157,0.8705537149917658,NA,0.38399787802140173,0.0026413127114311404,0.05163625016762338,0.002886208215040716,NA,7,8,8,0.13472855553449853,0.04471982049056257
ENSG00000198909.7,MAP3K3,-0.8702668874136645,NA,0.3841545701416267,0.016174950859860208,0.05782170350509016,0.0016318059473916515,NA,66,73,73,0.0002170000669844853,0.15071550264907235
ENSG00000253686.1,LINC01484,0.869086109589831,NA,0.38480003366540827,0.0029793989281660122,0.1677499768842685,2.4374662750695115e-08,NA,12,15,15,0.0008111978602552036,0.06154499663198766
ENSG00000139344.7,AMDHD1,0.8688798195329691,NA,0.3849128686199802,0.010369558176596159,0.04342151591744635,0.006617298603878804,NA,26,26,26,0.0005245181715879127,0.06288361200209377
ENSG00000134575.9,ACP2,0.8688438903075405,NA,0.3849325229806153,0.007760529506768775,0.06325193974071197,0.0007563184365667945,NA,10,10,10,0.0018999500095133483,0.21179131780993174
ENSG00000178772.6,CPN2,0.8676418460289657,NA,0.38559043074468013,0.00980021164174822,0.046052854879694884,0.00538857263498067,NA,43,46,46,0.0010341031869000876,0.10205892634957384
ENSG00000229859.9,PGA3,0.8671494221425826,NA,0.38586014442554517,0.02722405747834354,0.02291951817995739,0.04784409739753987,NA,20,26,26,0.004115695247852978,0.284101788226313
ENSG00000113360.16,DROSHA,0.8670712335729952,NA,0.38590298098602893,0.031660177961989985,0.1434363407903105,1.820409781621896e-07,NA,43,44,44,3.4702977187211837e-16,0.10460526055167957
ENSG00000044459.14,CNTLN,0.8668217182063916,NA,0.3860397004411684,0.048982544089595424,0.2598223453499179,6.21850607176456e-14,NA,20,21,21,0.004077793020809065,0.06526507982788851
ENSG00000164061.4,BSN,0.866339276883421,NA,0.386304133218372,0.07331765706888113,0.18465496625487346,2.672510059492185e-09,NA,36,36,36,0.11162061133603572,0.3532350458344921
ENSG00000105376.4,ICAM5,-0.8655856992536585,NA,0.38671740075198646,0.02185057630858061,0.08744221985672627,9.197751226257614e-05,NA,25,27,27,0.0018679571391958729,0.37446318149545416
ENSG00000183908.5,LRRC55,-0.8647873548475548,NA,0.38715551287591554,0.004579905632771238,0.024662259868369996,0.04204110671994593,NA,4,4,4,0.14829339867025837,0.04951555263003258
ENSG00000237361.2,TUSC8,-0.8607817389612359,NA,0.3893582643243876,0.0030647034161044445,0.07187921916952643,0.000272109076923977,NA,4,4,4,0.163965768966443,0.0643395137139184
ENSG00000122550.17,KLHL7,-0.8606489336723746,NA,0.3894314264051292,0.022977199887302478,0.06490903852022499,0.000761805355731973,NA,42,42,42,3.680684898305239e-08,0.27066183086460155
ENSG00000105419.17,MEIS3,-0.8596305384981268,NA,0.3899927355207363,0.019274324492522768,0.025837433654313416,0.037117322946889415,NA,44,49,49,1.0230682735950047e-05,0.06637842961548075
ENSG00000221838.9,AP4M1,0.8574989658130314,NA,0.39116918611897167,0.015566187979502856,0.13203462845592126,8.46083791299406e-07,NA,18,18,18,0.0640900769611993,0.12255286296403944
ENSG00000007402.11,CACNA2D2,-0.8574752146741828,NA,0.39118230689687583,0.04335355265214538,0.11407120248326387,4.995071886620473e-06,NA,76,79,79,0.07269935898132177,0.21985337590123355
ENSG00000140265.12,ZSCAN29,-0.8566992741151047,NA,0.3916111046142988,0.030634808410116107,0.12347302474375225,2.5937427524800804e-06,NA,57,58,58,2.1735763236344726e-06,0.29086749241735377
ENSG00000125505.16,MBOAT7,0.8566168240393321,NA,0.39165668466375114,0.024217054593238453,0.39934128409058,1.4934902959087673e-21,NA,66,83,83,3.95520757723943e-06,0.16583638583479085
ENSG00000088451.10,TGDS,-0.8562827309423406,NA,0.3918414109550581,0.09341314583042608,0.34037792750274554,3.419753435064739e-18,NA,48,50,50,6.659544052008672e-07,0.11116539749182976
ENSG00000196313.11,POM121,0.8561987755047011,NA,0.39188783978899666,0.011287614516875554,0.10665323165220167,1.2811125895094793e-05,NA,21,26,26,0.0013134655823063151,0.0553347164418202
ENSG00000170464.9,DNAJC18,-0.8561848286197923,NA,0.3918955529849769,0.033931367096625704,0.16712544452233555,2.150036633470124e-08,NA,13,15,15,0.0030926614413621777,0.13996869196287934
ENSG00000273384.1,RP5-1098D14.1,-0.8558067095616009,NA,0.392104703337251,0.045294302082487095,0.11697603584429984,4.47208227930869e-06,NA,20,21,21,0.00032310375010294654,0.08559681302177136
ENSG00000234509.1,AP000253.1,0.8555545098475508,NA,0.3922442411025261,0.0024746551236038286,0.1019119601717636,9.7290654426248e-06,NA,3,3,3,0.218038027329982,0.06784102935421647
ENSG00000197077.13,KIAA1671,0.8549678603764953,NA,0.3925689406496511,0.01856514876384239,0.05634751304401505,0.0015823396524811265,NA,45,50,50,6.484091857584506e-09,0.13084877018886445
ENSG00000164221.12,CCDC112,0.8540414991453251,NA,0.3930819960185248,0.016668132843001948,0.1195558671808854,1.1815203245097005e-06,NA,23,27,27,0.00019142323285814745,0.09758152269407303
ENSG00000095932.6,SMIM24,0.8538183296937014,NA,0.39320565675912034,0.1447801884366334,0.3609487600882119,4.850509629758934e-19,NA,9,12,12,0.0005107985968976258,0.18653862870545304
ENSG00000245532.7,NEAT1,-0.8537390120295373,NA,0.3932496132584302,0.04945211645202398,0.20568177452378625,4.291488706147986e-10,NA,30,30,30,2.1730243142872552e-06,0.0859276802524925
ENSG00000128699.13,ORMDL1,0.8535170648866588,NA,0.3933726284050645,0.09185324427646586,0.3756930693086065,4.6112428061487716e-21,NA,52,53,53,0.09379513421150615,0.17309873565674908
ENSG00000158865.12,SLC5A11,-0.8534960530709438,NA,0.39338427550081156,0.021043345014823262,0.13733449547201848,4.5883400463026e-07,NA,20,20,20,0.275034773592581,0.08972615010330047
ENSG00000115091.11,ACTR3,0.8530786938618713,NA,0.39361566588018704,0.0049047207573752645,0.0474476438855389,0.004287555608049765,NA,29,30,30,0.00568120403302303,0.17045798151849814
ENSG00000120860.10,WASHC3,0.8530278777161299,NA,0.3936438447620353,0.008371207584640583,0.07892764782841788,0.0002280104630041937,NA,24,24,24,0.23325235194371974,0.03583371626642617
ENSG00000184281.14,TSSC4,0.8529854688666669,NA,0.3936673625133056,0.003760369236155624,0.07627221058192858,0.00024442468342802866,NA,13,15,15,0.19536371524918894,0.057243482933659974
ENSG00000173272.15,MZT2A,0.8528866560864615,NA,0.3937221622634536,0.08656910921247032,0.3752669431441783,5.586530181602634e-20,NA,54,62,62,8.082560507711101e-09,0.2515737893854849
ENSG00000111860.13,CEP85L,-0.8523362091231363,NA,0.3940275145430595,0.0927929369220283,0.22318867606597545,3.754477467808392e-11,NA,112,118,118,0.00023294163985283697,0.3155109354483865
ENSG00000130475.14,FCHO1,-0.8518082913323414,NA,0.39432050371623106,0.005584275015941089,0.02511099822233663,0.033600556225409306,NA,19,21,21,0.11546744230329871,0.0647179408983895
ENSG00000268555.1,RP11-678G14.3,-0.8498346675104292,NA,0.3954170125707124,0.12677256078061397,0.2935659843184886,7.090589176774455e-15,NA,34,40,40,0.04812626112257561,0.7229811563822088
ENSG00000122678.16,POLM,0.8496509823321744,NA,0.3955191583005129,0.02973745575352242,0.2831539417554076,2.379130911672451e-15,NA,27,27,27,0.008105544956457943,0.16752180694648136
ENSG00000272864.1,RP11-17E13.2,0.849374358476267,NA,0.3956730165037944,0.07125986712032151,0.3464866168060908,4.461968791107469e-18,NA,19,22,22,0.0008899588216195762,0.13927741029541502
ENSG00000166501.12,PRKCB,-0.8486144163532545,NA,0.39609588243536054,0.010028378495092593,0.04212118256143032,0.007377441022243586,NA,37,40,40,2.9209916942298286e-06,0.13807877871507732
ENSG00000087365.15,SF3B2,0.8475433267992342,NA,0.39669234795289543,0.02603085453219702,0.19494040758865053,7.080782381093339e-10,NA,20,23,23,0.014070354274666118,0.042445409133428334
ENSG00000112902.11,SEMA5A,0.8464015764961365,NA,0.3973287593357414,0.006209258268621276,0.03766726832848709,0.011190865661645172,NA,77,82,82,0.00871162449951821,0.07071644121081583
ENSG00000124702.17,KLHDC3,0.8460539318516445,NA,0.3975226585987778,0.016347742945603705,0.034093854221220805,0.014560804096643941,NA,59,66,66,0.004501818270008008,0.1997146678163975
ENSG00000198521.11,ZNF43,0.8450527188414868,NA,0.3980814051516123,0.005771876938321041,0.06480091313141764,0.000809239235073966,NA,18,18,18,0.19372325937375845,0.03307733342940053
ENSG00000198468.7,FLVCR1-AS1,0.8449517047111371,NA,0.39813780433558255,0.12055023708778972,0.4353735772811648,2.9163897413515196e-24,NA,34,34,34,0.048245165479614875,0.05506113571160787
ENSG00000144843.11,ADPRH,-0.8443200509425978,NA,0.3984905845245993,0.013638962723911038,0.07465734498585051,0.00032289286609265937,NA,68,68,68,0.010689450730983794,0.1109453656709292
ENSG00000164506.14,STXBP5,-0.8426759086623783,NA,0.39940972439652467,0.03340797244502579,0.09801574614417716,2.662695407606155e-05,NA,29,30,30,0.010940096143352436,0.1577002878774265
ENSG00000269486.2,CTC-360G5.9,-0.8421596008229053,NA,0.39969862363834385,0.048721010044944266,0.12770512082963806,4.040912713380788e-07,NA,91,94,94,3.586620525533684e-05,0.10094448212682344
ENSG00000172466.15,ZNF24,-0.8414306797855116,NA,0.4001067041639428,0.011043629551727321,0.04714321370418343,0.004670477489664628,NA,28,31,31,0.00782431881931208,0.05080546484866163
ENSG00000167207.11,NOD2,-0.8411201669734791,NA,0.4002806182884894,0.05740855029265693,0.376752659798026,5.810086475690838e-20,NA,17,17,17,0.006136880109582377,0.16154600946550138
ENSG00000114744.8,COMMD2,0.8402401959421892,NA,0.4007737252160295,0.01756512758720461,0.07019757681176618,0.0004409785798359497,NA,59,60,60,0.00018291292675428494,0.06560688598203993
ENSG00000278464.1,RP11-96A15.1,0.839554129436032,NA,0.4011584274398525,0.004396617350654259,0.051559856030767584,0.0029097790628635823,NA,13,13,13,4.66410573062666e-05,0.07415668826218952
ENSG00000272347.1,RP11-43F13.4,-0.839377671480429,NA,0.4012574096149172,0.015304244489911282,0.06023498416715368,0.0007203674903915403,NA,18,20,20,3.094890091301224e-05,0.0928398291823744
ENSG00000228049.7,POLR2J2,0.839295676821007,NA,0.40130340861859726,0.05664537209886768,0.15576923632116144,9.6769015372637e-08,NA,39,42,42,0.11199183661581204,0.1467648583517688
ENSG00000103855.17,CD276,0.837964314221361,NA,0.4020507459752548,0.11699356407144149,0.4020830321143189,1.7748096149729368e-22,NA,66,66,66,6.974925936440288e-10,0.1870538126982492
ENSG00000179256.2,SMCO3,-0.8378240978184405,NA,0.4021295025892331,0.012212710573633344,0.11476785247319116,2.361722542647331e-06,NA,48,48,48,0.0007546650270437985,0.06475344028389646
ENSG00000117245.12,KIF17,-0.8368872790794942,NA,0.40265593143524636,0.019857457899035137,0.05896166201253085,0.0015034740912432233,NA,23,23,23,0.024371486797534127,0.08672685169067032
ENSG00000154917.10,RAB6B,-0.836545532442117,NA,0.40284807274895285,0.008468809822518394,0.06968775747063158,0.0003801175276818328,NA,5,5,5,0.1777594183438217,0.05927819218285187
ENSG00000127399.14,LRRC61,-0.835856439202548,NA,0.40323567092911117,0.15674427082809428,0.4599541129953671,3.93052725936052e-26,NA,28,28,28,0.2294378884143855,0.13507366270868248
ENSG00000073169.13,SELENOO,0.8332019883406256,NA,0.4047308214064983,0.04717468173212819,0.25669320934262396,6.856457686210032e-13,NA,43,48,48,0.0003454054453490602,0.17196872312627792
ENSG00000100567.12,PSMA3,-0.8328709580805445,NA,0.404917510298915,0.0015460469477505462,0.04286963172855652,0.0065812053403241965,NA,8,9,9,0.2877585061345136,0.015692152521686112
ENSG00000153406.13,NMRAL1,-0.8321477892274355,NA,0.40532552999666993,0.019258795114605848,0.1645107836509695,7.849874675488836e-09,NA,11,11,11,0.09902257327879381,0.037701481622239616
ENSG00000196365.11,LONP1,0.8319895950089541,NA,0.4054148176307252,0.006188172357268361,0.10609608652908896,1.3545895386289535e-05,NA,17,18,18,0.028421562588380262,0.039368209513742924
ENSG00000099821.13,POLRMT,-0.8318086583008788,NA,0.4055169559391193,0.025030274872667565,0.17153817284415182,5.114814405485652e-09,NA,21,28,28,0.014591166898526835,0.11057782683474242
ENSG00000186479.4,RGS7BP,-0.8283289458275468,NA,0.40748423431043646,0.011133194122776986,0.048630862965052514,0.004071533515124729,NA,16,17,17,0.25430632240600437,0.1137602688637211
ENSG00000144455.13,SUMF1,0.827158532575766,NA,0.40814721174388136,0.018793453722905227,0.10144752730504647,1.5756666661978554e-05,NA,29,33,33,0.10467479621204057,0.05215982999373371
ENSG00000178445.9,GLDC,-0.8267434789552637,NA,0.40838247200137356,0.0464621509336797,0.3063855631459674,7.018737295817756e-16,NA,12,12,12,0.034752474372142024,0.16447599835713647
ENSG00000182899.14,RPL35A,-0.826652944087982,NA,0.40843379960711823,0.00012794216753639993,0.03701636943054251,0.011051436220136292,NA,1,1,1,0.4084337996071181,0.02674990361597404
ENSG00000112851.14,ERBIN,-0.8265963382635708,NA,0.4084658935200326,0.0020056659973985546,0.05455849902637183,0.002209772437668543,NA,9,9,9,0.15045703218468962,0.020768675034664858
ENSG00000165948.10,IFI27L1,-0.826521555306088,NA,0.40850829565944935,0.017922927557211234,0.1381705045538638,5.453150586600179e-07,NA,21,22,22,0.0006958595158522892,0.05165381556159485
ENSG00000102699.5,PARP4,-0.8264816803545685,NA,0.4085309059362925,0.003995111654166986,0.050626020960614526,0.002066644691359254,NA,8,8,8,0.2534092447624732,0.08430395363881843
ENSG00000127328.21,RAB3IP,0.8262583403889083,NA,0.4086575600769905,0.031262553062345044,0.04905789921562458,0.003075922078042293,NA,49,52,52,0.02803146298537783,0.11336135088030685
ENSG00000277462.1,ZNF670,-0.8258753473320918,NA,0.4088748064981751,0.006552434123563537,0.06329550577139505,0.0008521127192337218,NA,8,8,8,0.027482169046803766,0.043253114775876365
ENSG00000178209.14,PLEC,-0.8256303230367483,NA,0.40901382849128776,0.018624484019022055,0.0616477904044613,0.0011516333476759926,NA,34,37,37,0.002663643455140877,0.08722743234762781
ENSG00000141560.14,FN3KRP,0.825622404960416,NA,0.40901832152210904,0.05999731063924911,0.3951778987590193,1.3693327723553289e-21,NA,27,28,28,0.18480875032797806,0.0998644269020232
ENSG00000117533.14,VAMP4,0.825495935055328,NA,0.40909008954770965,0.03160739379320232,0.0321543403543134,0.019018686385035947,NA,50,56,56,0.0002101501127412879,0.18545214028843174
ENSG00000175920.16,DOK7,-0.8247218209158721,NA,0.40952954029206134,0.009748083416718943,0.0854912076748538,9.762656742676312e-05,NA,5,5,5,0.17245947360961944,0.07887116649721176
ENSG00000069702.10,TGFBR3,-0.8232181106625789,NA,0.4103839716763328,0.007863348351788382,0.031431734833102985,0.021872139219151168,NA,29,30,30,1.1355397574450708e-05,0.09794535204881877
ENSG00000214078.12,CPNE1,-0.8214548924990484,NA,0.41138720748617963,0.09096373911158952,0.30505217992852063,9.774735658878032e-16,NA,51,51,51,0.0020768637926551307,0.03987370346073902
ENSG00000172497.8,ACOT12,0.8214490941550919,NA,0.41139050902711893,0.006022598419480769,0.0892892450163218,3.269540774345397e-05,NA,8,8,8,0.05413398691137037,0.07391234968407939
ENSG00000174886.12,NDUFA11,-0.8207623366790525,NA,0.4117816556772884,0.0009783111962162663,0.023076713339324036,0.04844980754869607,NA,4,5,5,0.09852518094090955,0.02776999020385118
ENSG00000164329.13,PAPD4,0.8192259595182133,NA,0.4126575065542474,0.009665130583791242,0.02376587125344429,0.04543564927230778,NA,44,50,50,0.02669138235819353,0.0612270628297913
ENSG00000120616.15,EPC1,-0.819139396346842,NA,0.4127068869238921,0.002593230991956867,0.02687777582511173,0.0312608981486824,NA,12,12,12,0.17300470928111467,0.1438286094306864
ENSG00000072736.18,NFATC3,0.8191140214973018,NA,0.4127213627902344,0.001600951150468166,0.034721174837637814,0.015872391911577417,NA,10,10,10,0.00011467982744401374,0.04312357590389046
ENSG00000150967.17,ABCB9,-0.81854058601498,NA,0.4130485769889066,0.048969081855843484,0.2911842050532638,3.983630881896881e-15,NA,35,37,37,0.005444489035755399,0.07896065999363583
ENSG00000175265.17,GOLGA8A,-0.8181409888777657,NA,0.41327668624454583,0.015948628370767805,0.11187574481523684,6.5402162676589225e-06,NA,30,39,39,2.0981311015666952e-11,0.15051971633553413
ENSG00000260135.6,RP11-212I21.2,-0.8179726143413991,NA,0.41337282486017046,0.10996335238079254,0.3220349282166286,5.181152768827058e-17,NA,17,18,18,0.12959848902965598,0.2254729010624037
ENSG00000163702.18,IL17RC,-0.8175758994742788,NA,0.41359939375754917,0.002639860662358913,0.02480438481837335,0.04195342258196616,NA,18,21,21,0.14129170903448512,0.05056499121244922
ENSG00000177688.6,SUMO4,0.817431206593087,NA,0.4136820479917014,0.0156536704103419,0.06017928960269332,0.0012031541569692006,NA,45,52,52,0.08019881686269255,0.11063379220915603
ENSG00000178295.14,GEN1,0.8170072793403471,NA,0.4139242681036124,0.027327416398392358,0.3112505792302151,9.654488919957764e-16,NA,10,10,10,0.12859432236993443,0.06068426132408857
ENSG00000126353.3,CCR7,0.8169038650717318,NA,0.41398336884037024,0.004805218471298494,0.0665902171148464,0.0005400478352523034,NA,5,5,5,0.36297418515484103,0.10468810140043408
ENSG00000271119.1,CTD-2012J19.3,0.8150499463081361,NA,0.41504372101540254,0.0010052759073090967,0.06241635345030835,0.000977090867566331,NA,1,2,2,0.41504372101540254,0.05560626920244017
ENSG00000079974.17,RABL2B,-0.8145688848323859,NA,0.4153191270566764,0.011652302414300252,0.058556211116135876,0.0013814775436877026,NA,20,23,23,0.00015595172518120188,0.1080599946154389
ENSG00000170906.15,NDUFA3,0.8137252236766258,NA,0.4158023807999732,0.012503225388708692,0.24078382565752784,4.070690946179273e-12,NA,12,22,22,0.0001899443763009039,0.19756644515029845
ENSG00000145908.12,ZNF300,-0.8136145501364672,NA,0.4158657998375078,0.011102849165602533,0.04191456538092106,0.007521426468876127,NA,17,19,19,0.009645154249865038,0.318187648150105
ENSG00000198538.10,ZNF28,0.8123792047691637,NA,0.41657407489960296,0.045571118178533584,0.07674139943766158,0.00028216432889200787,NA,45,46,46,2.2001044076639575e-08,0.162781391700716
ENSG00000146425.10,DYNLT1,-0.8122817752847479,NA,0.41662996555022247,0.006473205422898418,0.07917548053969242,0.00015768763578563597,NA,8,8,8,2.9172087963974113e-08,0.052739068680186435
ENSG00000138785.14,INTS12,0.8121180793544224,NA,0.4167238800610811,0.009500407400626529,0.04718510721417474,0.0042306110735943,NA,32,32,32,0.0025932020413793892,0.11025463289715516
ENSG00000123427.16,METTL21B,0.8116744422724607,NA,0.4169784632668183,0.005783026210021289,0.07115335093333988,0.0002870188401345528,NA,16,16,16,0.015512507287620231,0.03367895935602547
ENSG00000168237.17,GLYCTK,-0.8103804447490666,NA,0.41772155345974316,0.004476951024539013,0.021863958303300998,0.047211165771188834,NA,58,58,58,7.659015369903139e-09,0.05317257148551991
ENSG00000002933.7,TMEM176A,0.8100087798934482,NA,0.4179351296245547,0.04678729456331581,0.3088371826838221,1.9137403124252478e-16,NA,29,31,31,0.060037326285972616,0.09304288638537936
ENSG00000137860.11,SLC28A2,-0.8091758880694638,NA,0.41841398208507297,0.03009344628761585,0.07261584564338325,0.00021576614473415272,NA,65,68,68,0.042953603096997264,0.2257888381582009
ENSG00000198952.8,SMG5,-0.8074223563360232,NA,0.41942319098354675,0.06035515516119963,0.3974832534012515,1.3709920325907086e-22,NA,15,16,16,0.09520562276858521,0.046320979833789515
ENSG00000253821.1,RP11-246K15.1,0.8072178870109022,NA,0.419540962179188,0.014971757193174097,0.035251861591885154,0.009864375695524777,NA,33,33,33,2.1829635682965348e-07,0.07947455175152816
ENSG00000090382.6,LYZ,-0.8039088075260864,NA,0.421449643094847,0.016702917805017738,0.08880680375383602,5.536566378374453e-05,NA,9,9,9,0.05769515527307136,0.11187667724611636
ENSG00000162104.9,ADCY9,-0.8038742461637978,NA,0.4214696049700616,0.002020099915101754,0.04280639849712956,0.007162639640502278,NA,8,10,10,0.052839588344251065,0.05175609501655043
ENSG00000196456.11,ZNF775,0.8034301552362378,NA,0.42172615137081326,0.005537848751523521,0.06569666415736145,0.0005207968150919045,NA,4,4,4,0.4087879779255963,0.08434331738465364
ENSG00000146833.15,TRIM4,-0.8026696924635243,NA,0.42216567488074097,0.09472337801530137,0.33023876830164817,1.7069984687239247e-17,NA,32,32,32,0.16410995151425456,0.3463556522763697
ENSG00000144908.13,ALDH1L1,0.801967583979362,NA,0.4225717097209929,0.006727184010349984,0.12729694406791994,1.979236941767609e-06,NA,6,6,6,0.398925997627122,0.02265635208571854
ENSG00000110665.11,C11orf21,-0.80065095748255,NA,0.42333374161299786,0.010496644474692193,0.04781580246011002,0.00411684526773909,NA,30,36,36,0.0005846536736949256,0.15389706897571306
ENSG00000152556.15,PFKM,0.8002194899046177,NA,0.42358363958949463,0.0029939671800667,0.04355247056411584,0.006751250698468363,NA,13,13,13,0.017127419131355254,0.02424225199008188
ENSG00000259108.2,LINC01595,-0.7996850254310062,NA,0.4238933111016536,0.180525503770044,0.6294438070000206,6.815410105771545e-46,NA,9,9,9,0.3327134893695701,0.17748876770056693
ENSG00000172009.14,THOP1,0.7979408087343699,NA,0.42490484018879815,0.008096759846623006,0.10646429066111528,8.450702007329394e-06,NA,11,11,11,0.405259000771513,0.04770197604377447
ENSG00000078549.14,ADCYAP1R1,0.7979192092464292,NA,0.42491737528123263,0.13335346197727171,0.42142466785747146,1.5513950213668714e-23,NA,8,8,8,0.36535356722494206,0.1446038609360768
ENSG00000108599.14,AKAP10,-0.7978820746619988,NA,0.42493892654935483,0.01784198599552878,0.09019549751818796,5.127958861441955e-05,NA,34,35,35,0.0494598515884465,0.24662027299087935
ENSG00000251532.1,CTD-2245E15.3,0.7969264405477379,NA,0.42549375389288047,0.025891548906162427,0.10225637549821133,1.200056238377646e-05,NA,11,13,13,0.37288835219262007,0.1252889356314116
ENSG00000004468.12,CD38,-0.7967623039744609,NA,0.42558909175400106,0.017952711876097406,0.031447106123683864,0.02109805571122654,NA,65,68,68,6.349472826858679e-05,0.2352436296536409
ENSG00000225880.5,LINC00115,0.7962773880816248,NA,0.42587082541786636,0.006727413178652825,0.2029832398692908,2.8394498837131017e-10,NA,3,4,4,0.4229629303367398,0.2685775879973621
ENSG00000163866.8,SMIM12,-0.7958142939198699,NA,0.42613998233917916,0.017977867991834363,0.09355822179613996,5.5065912543129835e-05,NA,98,102,102,0.0002200226499522697,0.12986484431115738
ENSG00000282021.1,CTD-2336O2.3,0.7956632020797757,NA,0.42622782053462893,0.1104882413446131,0.31856714124819985,4.117978026727759e-17,NA,14,14,14,0.07091349922666763,0.16850522283368566
ENSG00000122778.9,KIAA1549,-0.7947701349559851,NA,0.4267472264068093,0.04801014837763721,0.26092065782617324,3.890540504264942e-13,NA,11,11,11,0.09943890614212018,0.2914378400297681
ENSG00000173110.7,HSPA6,0.7937096166584663,NA,0.42736450050422314,0.014395932706307752,0.0517283883073956,0.002384465508887368,NA,17,19,19,0.0001235456734158266,0.3370727625264182
ENSG00000188086.13,PRSS45,-0.7930980402110527,NA,0.4277207045708974,0.06239720774240885,0.3444860848000421,7.968079862424565e-19,NA,15,20,20,0.22624452710029463,0.2510407880810003
ENSG00000178449.8,COX14,-0.7912818585844699,NA,0.42877953235062727,0.039070418193761405,0.03546029873021517,0.013860748712549277,NA,56,61,61,8.198018979760534e-14,0.2771464524660027
ENSG00000114988.11,LMAN2L,-0.7912158965071847,NA,0.4288180166844381,0.0021930678659088376,0.04353447035779697,0.00646434247827773,NA,12,12,12,5.651538061170464e-05,0.031082878489280406
ENSG00000180917.17,CMTR2,-0.7909072395629976,NA,0.4289981234632856,0.05680555429812084,0.15653350683923098,4.5385168445953066e-08,NA,49,54,54,2.2582364364083452e-05,0.16564954546225286
ENSG00000007516.13,BAIAP3,-0.7906598368954993,NA,0.42914251903890877,0.0064407065804947235,0.030998586929150532,0.019819178307000914,NA,11,11,11,0.07108562235264022,0.08630190519284961
ENSG00000150627.15,WDR17,0.790530065471937,NA,0.42921827090517395,0.004131944286697267,0.0244855878845907,0.04092501249417072,NA,18,19,19,0.00013940906050609005,0.03137643140955895
ENSG00000163029.15,SMC6,-0.7899517260080725,NA,0.42955596124104034,0.09224452825254806,0.4332303220976567,2.976114923913405e-24,NA,34,34,34,1.7450222224669008e-06,0.04248297589776342
ENSG00000255423.1,EBLN2,-0.7898517919061713,NA,0.4296143280413639,0.006852250782543913,0.0657569448543441,0.0007910110811584302,NA,22,23,23,0.2540839804952273,0.10117913834261573
ENSG00000131467.10,PSME3,0.7894819630005749,NA,0.42983036775234473,0.0013897393796200616,0.02174306392510985,0.04823397675103936,NA,24,25,25,0.1301239651661175,0.018024407066336
ENSG00000169862.18,CTNND2,0.7892323209746157,NA,0.42997623461311474,0.0335968627106213,0.04098839017361069,0.008485935276862111,NA,46,51,51,0.03229355552431325,0.16657951789408573
ENSG00000197487.8,GALP,-0.7891740114503831,NA,0.43001030924840733,0.03686525965953205,0.06129379315770515,0.000987442633287029,NA,24,26,26,9.262980204271608e-07,0.2322931680702273
ENSG00000103550.13,KNOP1,-0.7872153725382641,NA,0.4311557997718155,0.051167800351519556,0.3284349089209999,7.656589419227874e-17,NA,26,26,26,0.08389293951278065,0.14812215356883016
ENSG00000083097.14,DOPEY1,-0.7864993425083278,NA,0.431575004116008,0.03547414385125749,0.27427933728668674,3.373456418468802e-14,NA,23,24,24,0.10607355467251775,0.0715494304698724
ENSG00000109163.6,GNRHR,-0.7857474183466423,NA,0.43201547710466903,0.11463169033394356,0.17909072997715952,3.170832716899377e-09,NA,75,78,78,1.3417584649477033e-06,0.1685372277284483
ENSG00000164241.13,C5orf63,-0.7854872526681862,NA,0.43216794133300684,0.006250431010645064,0.031295300912237284,0.02194312143419811,NA,26,26,26,0.00326137430524458,0.06102527357579445
ENSG00000164713.9,BRI3,0.7848354468302152,NA,0.4325500542621893,0.09650186195678256,0.3611790637034725,3.7402332149694325e-20,NA,15,16,16,0.14155005900806156,0.13660077325632264
ENSG00000179071.4,CCDC89,-0.783741862638923,NA,0.4331915933479189,0.00373736235333989,0.0443868543594372,0.0050707543499693905,NA,5,5,5,0.43329072032573046,0.06267544624143698
ENSG00000122557.9,HERPUD2,-0.7835831718262443,NA,0.43328473327095474,0.0196187994671008,0.17894572927782826,5.696719314977426e-09,NA,9,9,9,0.41042155784262224,0.03761433706816692
ENSG00000229178.1,AC069513.4,0.7826988342135243,NA,0.4338039869894531,0.011989182202214194,0.039583486401418295,0.007912456613511972,NA,7,10,10,0.0030996349177049303,0.12153780890565062
ENSG00000128833.12,MYO5C,-0.7823362210006495,NA,0.43401700538832066,0.0235691970483141,0.14474361555484644,3.5714613645044684e-08,NA,3,3,3,0.29849352440586363,0.4805648471335867
ENSG00000272777.1,RP11-571L19.8,-0.7822492095581811,NA,0.4340681295559773,0.018638047305929474,0.1678733327760706,1.048721169540788e-08,NA,30,31,31,0.20737515572261656,0.0680515678318284
ENSG00000173988.12,LRRC63,0.7817913764136418,NA,0.43433718987241554,0.033946350487448165,0.024619059555501373,0.04240423933755436,NA,32,36,36,0.24460791477204358,0.2800602698940639
ENSG00000109332.19,UBE2D3,-0.7816407798844139,NA,0.43442571380165695,0.0014657840257195978,0.029350283231643126,0.02602981284892921,NA,9,9,9,0.07167689833351149,0.026365296815475232
ENSG00000163684.11,RPP14,0.7808298427361244,NA,0.4349025794935798,0.03606231729666365,0.201742084765714,5.45979160181808e-10,NA,23,24,24,0.005135902131239534,0.11017377124483567
ENSG00000167461.11,RAB8A,-0.7805000146353744,NA,0.43509661892478946,0.0005633536743363508,0.03422457541475968,0.01555319588078956,NA,31,32,32,3.433662077255379e-07,0.03411714845294874
ENSG00000217702.2,RP11-287D1.4,-0.7803656286600318,NA,0.4351756931542732,0.16076901134077598,0.3777540560055813,1.0879735642716451e-20,NA,23,23,23,0.020006268720991625,0.3042697288285136
ENSG00000101574.14,METTL4,-0.7795212231761598,NA,0.4356727406429829,0.01003627631430841,0.12543140869808966,1.891745118373719e-06,NA,10,10,10,0.3562006714070488,0.06167773589634148
ENSG00000276121.1,CTD-2008A1.3,-0.7791302942521036,NA,0.4359029663331303,0.010684104287394518,0.0459440871752172,0.003726240487541417,NA,6,7,7,0.09761713531515316,0.1523101525895357
ENSG00000273136.6,NBPF26,0.7789614204206587,NA,0.43600244112853737,0.003884681571157598,0.5789844819606317,2.2239462139673752e-38,NA,26,38,38,0.0003742718562230897,0.15721699270765618
ENSG00000158955.10,WNT9B,-0.778813538979645,NA,0.4360895611454261,0.015138869638447409,0.05637745388495662,0.001989180703581885,NA,21,26,26,0.018144485749197543,0.1433261413629642
ENSG00000234906.9,APOC2,0.7787285544124735,NA,0.4361396318527513,0.009908693225416123,0.16565671579923774,2.5846046645376267e-08,NA,14,15,15,0.016704601545187207,0.13845054496535247
ENSG00000141556.20,TBCD,0.7787238611083727,NA,0.43614239712260794,0.022220071149309843,0.03272161043919016,0.017155494966916218,NA,52,56,56,0.03344488504941287,0.08677836018582506
ENSG00000172006.11,ZNF554,0.7784830045550315,NA,0.43628432209230217,0.01742432572738375,0.10423258170599008,1.858780410737222e-05,NA,22,28,28,0.0013869915040441406,0.06747810705781122
ENSG00000164880.15,INTS1,0.7782324035739512,NA,0.43643201722661673,0.02077588522817124,0.2002060921666484,8.131949805023562e-10,NA,7,7,7,0.11815197916149803,0.1003996505758714
ENSG00000112139.14,MDGA1,-0.7779547924553604,NA,0.43659566478856027,0.15506973865663082,0.3960147603811212,3.995446344622551e-23,NA,13,14,14,1.875124908651423e-16,0.42290046138883103
ENSG00000160185.14,UBASH3A,0.776063446738671,NA,0.4377115249998841,0.018899535642660805,0.08159974591821878,0.00012759524853570806,NA,25,26,26,0.008575478470377011,0.18793294675066266
ENSG00000148296.6,SURF6,0.7759888471178731,NA,0.43775557105443985,0.003360726560701542,0.05162832127559112,0.0018651640924382087,NA,5,5,5,0.0002558161665681457,0.043489043698877385
ENSG00000124749.16,COL21A1,-0.7759493297576322,NA,0.4377789044287459,0.02784558419331339,0.08470000433629711,0.00012190165125381968,NA,38,39,39,7.144302494770403e-07,0.39412514397904935
ENSG00000163818.16,LZTFL1,0.7756696591561479,NA,0.4379440588541227,0.013719230619367419,0.028773652896994108,0.025403789097837758,NA,34,37,37,0.009441036043836922,0.08365485127671862
ENSG00000165392.9,WRN,-0.7748151431308244,NA,0.43844889984056845,0.008453157519019455,0.13388483764688378,6.768223415262387e-07,NA,28,31,31,0.024377343523206713,0.1138008508403535
ENSG00000140043.11,PTGR2,-0.7741022408841056,NA,0.43887033242208917,0.05766469705410707,0.34399287270104884,7.853192527027833e-18,NA,52,54,54,0.025580592317385336,0.2279829004060599
ENSG00000197774.12,EME2,-0.7739008814866813,NA,0.43898940828537725,0.004046982293756354,0.0235749524268197,0.042781528919523935,NA,7,7,7,0.09233536545087434,0.039464131239979904
ENSG00000140598.13,EFL1,-0.7738963448865632,NA,0.43899209126231153,0.023127506974148407,0.06217405515665497,0.0011410376186291964,NA,56,62,62,6.389014097215779e-05,0.19133602515339715
ENSG00000274184.1,RP11-158H5.8,0.7729923718635447,NA,0.43952689512296617,0.0038334937584433124,0.0384221170931661,0.00860423698893622,NA,10,11,11,0.31272906035112114,0.0303865181323694
ENSG00000186792.16,HYAL3,-0.7727938261123285,NA,0.43964440781367087,0.023001023150793564,0.2129317185019187,1.5156579023167146e-10,NA,8,8,8,0.18072743484644893,0.11089355512464824
ENSG00000169964.7,TMEM42,-0.7724122815911828,NA,0.4398702820684548,0.0058514249533672975,0.06652055788329515,0.0006450128863088341,NA,52,54,54,3.2577534808991374e-05,0.05311673404451028
ENSG00000214530.8,STARD10,-0.7722384280180637,NA,0.4399732254178591,0.0045208417361119035,0.07005534617482116,0.0003190897711061143,NA,7,7,7,0.007772621328105906,0.03445422366037906
ENSG00000132842.13,AP3B1,0.7716797344666165,NA,0.4403041363807404,0.0005738202776558475,0.0936037436068027,3.763959724395932e-05,NA,2,2,2,0.41211333242721504,0.03313166323654575
ENSG00000108823.15,SGCA,-0.7715057236501609,NA,0.44040723112760705,0.03972824899371627,0.33115215350007143,1.9938743053003717e-17,NA,7,8,8,0.45386079020480563,0.16339579996096187
ENSG00000153885.14,KCTD15,0.7713897155813364,NA,0.4404759691569403,0.04523956798929936,0.1780925974923049,3.245885119167291e-09,NA,12,13,13,0.00011562038058227835,0.13649670624816485
ENSG00000198033.11,TUBA3C,-0.7709576303727397,NA,0.4407320458644157,0.02005227187226989,0.10739389712327606,1.353297306805111e-05,NA,11,13,13,0.387575894357556,0.18157368355317188
ENSG00000146243.13,IRAK1BP1,0.7703917002562534,NA,0.44106757524447104,0.05036468640837221,0.2424626478846132,6.690356325509712e-13,NA,35,35,35,0.0008932452454491189,0.3880375755028605
ENSG00000197599.12,CCDC154,0.7701696329884817,NA,0.4411992747478364,0.010895665624171519,0.037524129751182966,0.011903056595269452,NA,20,20,20,0.003440832962964639,0.06760747169201946
ENSG00000231106.2,LINC01436,-0.76868024753482,NA,0.4420831536872991,0.032610197781137065,0.18790685509660335,1.4960293974240664e-09,NA,56,66,66,7.15389760783554e-08,0.1623993075271178
ENSG00000163006.11,CCDC138,-0.7676491299777195,NA,0.4426956657488742,0.006768830127469412,0.043751732862523665,0.005258748662106442,NA,13,13,13,4.195014959098211e-05,0.02467473984703174
ENSG00000184454.6,NCMAP,-0.7674238085824233,NA,0.4428295774099922,0.012620244659594299,0.1174740280529886,3.5082058195068113e-06,NA,53,55,55,0.01213366863383803,0.039380404544692965
ENSG00000108963.17,DPH1,0.7672403571812264,NA,0.4429386222498928,0.01904286918552165,0.11257410022656754,7.518764064249189e-06,NA,15,17,17,2.496418977167106e-05,0.13240586381551256
ENSG00000125848.9,FLRT3,-0.7670961852380517,NA,0.4430243298672739,0.03161085409872567,0.040737884409417766,0.006530152765885815,NA,34,35,35,0.03232688802247684,0.18208270362142875
ENSG00000115718.17,PROC,-0.7666012742460927,NA,0.44331861763434066,0.0033988066012712063,0.0907078607815686,3.9990016523094506e-05,NA,6,6,6,0.293456229965641,0.04563029930502243
ENSG00000171204.12,TMEM126B,0.766199904702986,NA,0.4435573650774062,0.003949662769232778,0.024449278737624067,0.044016259711863945,NA,19,19,19,0.02307919152622328,0.03666711669450366
ENSG00000042493.15,CAPG,0.7656744920660463,NA,0.4438700082997439,0.019925198013049643,0.141447299430013,3.501110756809336e-07,NA,16,16,16,0.07767681208300099,0.20766044453241347
ENSG00000111671.9,SPSB2,-0.7650971389983533,NA,0.4442137033904453,0.07875391085325706,0.3521094943856303,5.02323716571484e-19,NA,12,13,13,0.17312043965389656,0.11735323002042967
ENSG00000008382.15,MPND,-0.7632747804789751,NA,0.44529953923186716,0.006101239749070019,0.04286716875605996,0.005359706747840344,NA,37,41,41,5.755577454380448e-13,0.037368163061848064
ENSG00000186111.9,PIP5K1C,0.7623012603044355,NA,0.4458802218835709,0.0009522605709610746,0.03702742383510698,0.012025708160776308,NA,3,3,3,0.393228895703846,0.03681171340487768
ENSG00000161542.16,PRPSAP1,0.7617186315745187,NA,0.44622795289288963,0.01393894658673867,0.15749034266070588,5.13719043343359e-08,NA,14,15,15,0.012833317701320901,0.07162168044363472
ENSG00000233081.1,RP11-440G5.2,-0.7614069637182148,NA,0.4464140293698957,0.024630202128547565,0.03348917657575258,0.01742279022000884,NA,21,21,21,0.0010565605259670278,0.15844054369187466
ENSG00000160447.6,PKN3,0.7609608733363084,NA,0.4466804375772183,0.24101595799139056,0.5160732437427271,1.0265523125554829e-32,NA,5,5,5,1.1015199356362723e-10,0.5883603213028058
ENSG00000239789.5,MRPS17,0.7604054108888372,NA,0.44701228995542386,0.02531639394054648,0.025862104176810438,0.035808577716422416,NA,75,81,81,6.145373531619292e-08,0.1488106129824717
ENSG00000197816.13,CCDC180,-0.7600718956960693,NA,0.4472116107700165,0.009277749143982855,0.07152418421254092,0.0003390063455016946,NA,26,27,27,0.0056782144739791485,0.04663263627650613
ENSG00000240184.6,PCDHGC3,0.7595153346840771,NA,0.4475443444043413,0.01060828017596101,0.0893982075931781,8.239444669244303e-05,NA,40,42,42,0.05929665246874433,0.1090185981364328
ENSG00000100504.16,PYGL,-0.7590125030484266,NA,0.4478450775124354,0.0022625447308202503,0.06306351265735291,0.0009555156195254927,NA,5,5,5,0.3216937021920391,0.06394271312659629
ENSG00000130309.10,COLGALT1,0.75878840394178,NA,0.4479791434957705,0.012494171424892977,0.15033821278057874,1.1573032461482787e-07,NA,21,23,23,4.745161349601185e-06,0.048854031658493696
ENSG00000111707.11,SUDS3,-0.75825633996104,NA,0.4482975389874686,0.00943730488932269,0.0641884543634917,0.0009086416103749517,NA,21,22,22,4.0357657882433144e-20,0.06551818651400987
ENSG00000140386.12,SCAPER,-0.7581903605854577,NA,0.4483370310429584,0.10785908689191237,0.3050283506515499,1.3297065517180743e-15,NA,67,70,70,0.00023319878664471052,0.2224495063520812
ENSG00000142252.10,GEMIN7,0.7576101713281066,NA,0.44868438926614007,0.04146722630314901,0.04888443667544266,0.0034239033032248604,NA,91,95,95,1.3254052230690886e-11,0.18806782000236213
ENSG00000198829.6,SUCNR1,-0.7573426071084133,NA,0.448844630920748,0.03560849061867659,0.2696994264915262,1.54937404783697e-13,NA,28,30,30,0.0012833800146037735,0.12126846090323552
ENSG00000170899.10,GSTA4,0.7568131623881141,NA,0.449161806005857,0.024347819774265006,0.07243694680571013,0.00043160472607275935,NA,60,63,63,0.00014602446877076824,0.11437116257805838
ENSG00000140988.15,RPS2,0.7564388780515356,NA,0.4493861056700562,0.003628517636298922,0.08327271076446494,0.0001061908412917177,NA,9,9,9,0.002218467823864579,0.07749270315357815
ENSG00000121270.15,ABCC11,0.7562640204969818,NA,0.4494909153944803,0.10152700061541167,0.3886858066395182,8.284273003430555e-21,NA,75,75,75,8.503539900094114e-08,0.09619202063138747
ENSG00000126088.13,UROD,-0.7555008346255516,NA,0.44994853172304916,0.006336374293506213,0.06398061930837448,0.0006527585015650956,NA,7,7,7,0.370151493185751,0.04833563192469801
ENSG00000128655.16,PDE11A,0.7549837063847837,NA,0.45025875866195697,0.02811639571906553,0.09361534141796177,4.692542285959302e-05,NA,62,63,63,0.008715575894925234,0.10554969249579596
ENSG00000133687.15,TMTC1,0.7546886559325342,NA,0.4504358146823497,0.08031730463862394,0.1994352409593584,1.245117712648856e-10,NA,44,47,47,0.012546656227467754,0.1899723730945977
ENSG00000133104.12,SPG20,0.7544674602109567,NA,0.4505685772797384,0.02104628524816421,0.0920388331534423,6.280120003296816e-05,NA,36,38,38,0.0015858216578656713,0.061763627893484885
ENSG00000148965.9,SAA4,-0.7534054095563325,NA,0.4512063330795769,0.005281182208968706,0.027246588003205445,0.02945587393819405,NA,10,10,10,0.014625028711999676,0.06154865645409285
ENSG00000075826.16,SEC31B,-0.7533141087571028,NA,0.4512611825606201,0.01663647899271069,0.03277446321917,0.01921068044456903,NA,97,99,99,0.0021304276738835916,0.13970617020877102
ENSG00000129187.14,DCTD,0.7521775585055294,NA,0.4519442873940215,0.035513421457819154,0.15642785604794315,6.679646139692634e-08,NA,49,54,54,2.0596998169743028e-05,0.11432269135152175
ENSG00000101310.14,SEC23B,0.7515097594791302,NA,0.45234592952274644,0.0022728432263175,0.05482132672294191,0.0021692205932993674,NA,21,21,21,0.0018582300555443111,0.08025216507355723
ENSG00000065183.15,WDR3,0.7503530943439535,NA,0.4530420730659469,0.007203418865056267,0.06947634353697266,0.0004121077417252107,NA,44,44,44,0.18071260104977094,0.07559333585135042
ENSG00000109667.11,SLC2A9,-0.7499715142334062,NA,0.4532718611982113,0.0343761278180877,0.1802614922018476,3.5622158272645244e-09,NA,18,19,19,0.10847937223737396,0.07156336926097442
ENSG00000254990.5,RP11-108O10.2,-0.7496065805463167,NA,0.4534916863564278,0.0020585681910234295,0.07788858935128366,0.0002055769304423044,NA,7,7,7,0.3271081762113157,0.02747515971705791
ENSG00000171421.12,MRPL36,0.7494957441379948,NA,0.45355846280752776,0.010903940574779648,0.19581327016627234,1.1467980597382998e-09,NA,12,12,12,0.42311836160144034,0.021922587523207405
ENSG00000236975.1,RP5-1065P14.2,-0.7494359660192617,NA,0.45359448008668346,0.015741446881691136,0.16030891648193007,4.207874455795442e-08,NA,29,34,34,0.03749106709020518,0.07001256796946187
ENSG00000140545.14,MFGE8,-0.7485067165199019,NA,0.4541545753413915,0.009159621158033085,0.03431839418830654,0.011619039136659128,NA,23,24,24,5.629577644326904e-13,0.07803872885561422
ENSG00000168056.15,LTBP3,-0.7472847183993443,NA,0.4548917148888777,0.020157914556091276,0.14375610548913995,2.4432805528346625e-07,NA,15,15,15,0.38029272552167814,0.18978127409912104
ENSG00000281162.2,LINC01127,0.7471035194487684,NA,0.4550010759311628,0.04410228101672992,0.4171016466574587,2.2904127985259914e-23,NA,16,16,16,0.20197637117061085,0.05132358188236365
ENSG00000187862.11,TTC24,-0.7464330950660024,NA,0.4554058334244224,0.005650936419538075,0.024394710104697875,0.042493386493092894,NA,13,15,15,0.09482940335440807,0.07649417991563243
ENSG00000162746.14,FCRLB,0.7462621487576919,NA,0.45550907181454237,0.05120139192015278,0.24135925160630434,2.3201781489859194e-12,NA,6,6,6,0.03296359676119169,0.08857350563994011
ENSG00000236499.2,LINC00896,0.7455112495208772,NA,0.45596271303563085,0.01985575691089096,0.05528556394720753,0.002141632994437613,NA,18,18,18,0.0024501033204343816,0.08069489061072319
ENSG00000169203.16,NPIPB12,0.7449308691869513,NA,0.4563135126159845,0.023171592264842594,0.12153540407923813,2.0957236986068922e-06,NA,21,25,25,0.004494221851071361,0.06781354642700747
ENSG00000263280.1,LA16c-325D7.2,0.7432108171098856,NA,0.45735405536413865,0.04187082151381544,0.08386131535970556,9.761698956697453e-05,NA,26,26,26,5.353592959087452e-05,0.1339908931798542
ENSG00000054219.10,LY75,0.7427176401428082,NA,0.45765264757210067,0.07777074751610416,0.25916498448972336,4.572755200248344e-13,NA,42,47,47,0.00035965455457187616,0.2225381486487997
ENSG00000106336.12,FBXO24,-0.7417037865526152,NA,0.4582668251136528,0.042447540623268026,0.04814810820426979,0.004127293241090378,NA,82,88,88,0.0010159296819499568,0.1629664520306344
ENSG00000142606.15,MMEL1,0.7416851900407802,NA,0.45827809492194826,0.06095185572546081,0.2416724992679201,5.210717741150231e-12,NA,21,21,21,0.32193108344852883,0.050325633064136184
ENSG00000225331.1,LINC01678,0.7407910540958172,NA,0.45882014017077344,0.009252181761789999,0.04554989997323864,0.0047495116311688755,NA,13,13,13,0.011038190718839623,0.1128421657403794
ENSG00000142961.14,MOB3C,0.740464032832522,NA,0.45901847749928404,0.015282629066852564,0.13699168241288745,5.192427474708139e-07,NA,19,19,19,0.0025347061496708745,0.04848409632372383
ENSG00000099338.22,CATSPERG,-0.7394503054901806,NA,0.45963360500748407,0.0037193263005159136,0.02649228118421781,0.03211465593033689,NA,3,3,3,0.013006228242768971,0.04069913329818847
ENSG00000147852.15,VLDLR,0.7392325120338522,NA,0.4597658218012992,0.031660448421433396,0.06599639700969166,0.0006392712004502812,NA,36,38,38,0.00019953592783682368,0.08062645492914436
ENSG00000236173.1,RP1-182D15.2,-0.7381609227892124,NA,0.460416666012299,0.03017032874698262,0.19983956098436495,3.636713774864517e-10,NA,46,46,46,0.0004270876524682523,0.18371534925715768
ENSG00000162365.11,CYP4A22,0.7380655656731385,NA,0.46047460740487645,0.00263999028517883,0.12937359108972035,1.5110504108958902e-06,NA,10,11,11,0.014152005009804665,0.021366537386490542
ENSG00000139192.11,TAPBPL,-0.7377551833120104,NA,0.46066323180664936,0.04700707024260744,0.31521226535308483,3.6628277250183145e-17,NA,26,26,26,0.10083775026724516,0.06141472198583992
ENSG00000181830.8,SLC35C1,0.7370636175794154,NA,0.4610836628719509,0.004924486024147374,0.170876811251675,1.9796849434607454e-08,NA,9,9,9,0.009219267660320222,0.03926406372005937
ENSG00000069275.12,NUCKS1,-0.7364616066034115,NA,0.46144982446421046,0.0017237962010332242,0.04187212560361051,0.00765276567960738,NA,6,6,6,0.40774054148744243,0.04792449802590162
ENSG00000123329.17,ARHGAP9,-0.7364059337439253,NA,0.4614836946131492,0.0019061799036139944,0.023490623159133892,0.04649677530957008,NA,6,6,6,0.006337652001879984,0.11186223906255004
ENSG00000196378.11,ZNF34,0.7362002736595095,NA,0.4616088257455401,0.02427865480266788,0.12506223571961042,1.766920906262586e-06,NA,11,13,13,0.03620194464229571,0.05859374098514459
ENSG00000224511.1,LINC00365,-0.7350051651080775,NA,0.46233634847217775,0.009468698477946489,0.02618181102550633,0.032573676381347165,NA,27,30,30,0.11751906789279802,0.05218900976448673
ENSG00000134222.16,PSRC1,0.7349682241703606,NA,0.4623588464692445,0.2588637876145752,0.5144278758518266,9.606419358492871e-31,NA,34,35,35,0.024372332022835376,0.1943306028271048
ENSG00000228824.6,MIR4500HG,0.7340453322811952,NA,0.46292110998272273,0.07611562769981267,0.13751456258627898,2.8050208727568673e-07,NA,23,24,24,0.3561906661806753,0.0813087656150901
ENSG00000228549.3,RP11-108M9.3,-0.7334618342533848,NA,0.4632767974883265,0.013557650824091681,0.034147894643761036,0.014395888185051681,NA,19,21,21,0.018942451617961188,0.11410685857306535
ENSG00000254997.3,KRTAP5-9,0.7334241374189034,NA,0.46329978188236376,0.020565916067033965,0.0814838110383256,0.0001760520408542433,NA,30,33,33,0.00017842606600726275,0.0984663472292252
ENSG00000180376.16,CCDC66,0.7325165805363005,NA,0.4638533263581436,0.019023323200774787,0.17313027795863453,5.961735806981314e-09,NA,23,24,24,0.005007461766636027,0.0940883750739252
ENSG00000069974.15,RAB27A,-0.7325094176800041,NA,0.46385769665014276,0.009423552744667912,0.17581169120611864,5.751299040921278e-09,NA,55,56,56,0.09910225675897355,0.04165721107018533
ENSG00000154914.16,USP43,-0.7320231431409882,NA,0.46415444220369917,0.13147376828904647,0.4275868338356187,1.621048671118537e-23,NA,92,101,101,0.0014201382356894526,0.17679788037560815
ENSG00000119913.4,TECTB,-0.7319407472193484,NA,0.46420473419291086,0.17398572950824795,0.1335644327856941,7.316954762317455e-07,NA,130,143,143,8.365718197396055e-10,0.3581888852653602
ENSG00000182957.15,SPATA13,0.7317025525436495,NA,0.46435013810741976,0.06035923981562605,0.034720668479431914,0.013956664888308441,NA,178,191,191,1.4007672793748467e-09,0.15180913669082235
ENSG00000164597.13,COG5,-0.730194209185909,NA,0.4652714817161675,0.0019138461039788712,0.05459551169743936,0.0021812142734067533,NA,4,4,4,0.33596825505043126,0.07087152405665371
ENSG00000152348.15,ATG10,0.7299401222627212,NA,0.4654267859572294,0.19008762332700804,0.4100260245728615,2.3783168132101674e-24,NA,115,124,124,3.176183102097464e-13,0.20550883466622308
ENSG00000157873.17,TNFRSF14,-0.7299161612609013,NA,0.46544143300336027,0.0034047871378702485,0.046337918625057865,0.005122497100853182,NA,22,26,26,0.037549382723850756,0.06281257649253334
ENSG00000179889.18,PDXDC1,-0.7298292653347314,NA,0.46549455349232594,0.009461918529732011,0.11221104372359553,6.362164344410794e-06,NA,9,12,12,0.01785597226024208,0.1291940688214339
ENSG00000188321.13,ZNF559,0.729106857215695,NA,0.46593630037392975,0.042893072454622615,0.3070126391865821,2.201403833263756e-16,NA,8,9,9,0.27412729567193206,0.4913200398084234
ENSG00000055208.18,TAB2,0.7290597663587494,NA,0.465965104143651,0.07250812285577479,0.2544803015434049,5.255860858162458e-14,NA,44,46,46,0.16943473941166487,0.17293836144732425
ENSG00000087884.14,AAMDC,-0.7286024513710916,NA,0.4662448785690787,0.005657732474330995,0.022740442897523118,0.04545299819218376,NA,31,36,36,0.04859526457064915,0.09829183445211699
ENSG00000183798.4,EMILIN3,-0.7282302564289468,NA,0.46647264739822913,0.017118949433260762,0.08433931744218963,0.00010580968929386308,NA,17,18,18,0.017159657950828577,0.06342736186612813
ENSG00000164048.13,ZNF589,0.7278858102503969,NA,0.4666834900739564,0.04149461726577122,0.3055461949482636,1.7557864950711199e-15,NA,6,7,7,0.1911668305759361,0.06685713757864464
ENSG00000165972.12,CCDC38,0.7274960592120644,NA,0.46692212855333737,0.01894726741452437,0.09897239025121077,2.7949927242280248e-05,NA,15,15,15,0.02823611189111219,0.08779550536225647
ENSG00000064012.21,CASP8,0.7273941915047613,NA,0.46698451171702005,0.013029166650708059,0.07489301369953424,0.00015138445594648086,NA,9,9,9,0.008022381563599653,0.12818532479739395
ENSG00000132906.17,CASP9,-0.72693431688946,NA,0.4672661936659597,0.010166349023169284,0.10263083688125796,6.4296323192108784e-06,NA,15,15,15,0.23073882779662747,0.014845715612715443
ENSG00000247011.2,RP11-700H6.1,0.7263423485741232,NA,0.4676289241604962,0.010939064729265502,0.06886247916811215,0.00030894102628260724,NA,12,12,12,0.013607681443698894,0.15453835783814224
ENSG00000067533.5,RRP15,-0.7262357567417909,NA,0.467694255224946,0.01694101480330419,0.17003783601815226,1.181090897825478e-08,NA,35,36,36,0.04913096777150524,0.1596109981961176
ENSG00000196209.12,SIRPB2,-0.7260497569237645,NA,0.4678082682492768,0.03183326087727044,0.22166247606099765,2.3641222921549386e-11,NA,32,36,36,0.0007285134916066325,0.049112087296721375
ENSG00000157168.18,NRG1,0.7234959097298771,NA,0.4693752661349554,0.019512924082845877,0.08072554387883561,0.0001847164818938867,NA,43,43,43,0.0027925933943560265,0.17933443799004342
ENSG00000182993.3,C12orf60,-0.723215721586367,NA,0.4695473613924921,0.008731496816574057,0.08740264368004029,6.545631582683591e-05,NA,37,37,37,0.05852697061679675,0.056455614754296474
ENSG00000131373.14,HACL1,-0.7226003783877303,NA,0.46992543570649026,0.002370505643367731,0.040682658749174296,0.009039212937321022,NA,20,23,23,6.290842270469849e-05,0.06437337993238054
ENSG00000100147.13,CCDC134,0.7224042772013712,NA,0.4700459579853573,0.01616778149436792,0.056911756901013036,0.0014426674954917055,NA,16,29,29,0.0006208600589295932,0.06073949410069715
ENSG00000106009.15,BRAT1,0.7223986228643313,NA,0.470049433350631,0.0025773491914289157,0.031086086950236968,0.02071296089098536,NA,12,12,12,0.32752309739910057,0.01976331711524269
ENSG00000229292.1,RFPL4AL1,-0.722217572435071,NA,0.47016072116412777,0.03373163457047887,0.231607597827552,1.2457335257499276e-11,NA,5,5,5,0.27310253110495675,0.14863880635821924
ENSG00000184428.12,TOP1MT,-0.7216571762238555,NA,0.4705052769149366,0.01912298083453668,0.03011486762703232,0.02134329188345227,NA,24,25,25,0.015807931077337634,0.07251894180278881
ENSG00000151746.13,BICD1,0.7203768117131318,NA,0.47129302311129695,0.014235496153727144,0.0318719957536075,0.018755793802309628,NA,33,33,33,0.00037887591520108027,0.1414155954680176
ENSG00000120832.9,MTERF2,0.7190279197162388,NA,0.47212371724304913,0.010057461981774124,0.12561814846576885,1.7940526253944957e-06,NA,46,47,47,0.0003589622055509401,0.11778838188851992
ENSG00000214226.8,C17orf67,-0.7189838433344987,NA,0.4721508746003287,0.007612557385354039,0.08278389838273602,0.00012067548173480224,NA,18,19,19,0.12260608716653605,0.10783673229513126
ENSG00000081923.11,ATP8B1,0.7184314311944449,NA,0.4724913124919521,0.004899101252944661,0.02453700793542024,0.03984620686047577,NA,15,15,15,9.721912455466399e-05,0.05886245333529425
ENSG00000143753.12,DEGS1,0.7166661365346682,NA,0.47358012545517025,0.0011757805852840749,0.04003208506466758,0.007911064282802877,NA,5,5,5,0.11184710486442882,0.03517045368500655
ENSG00000197860.9,SGTB,0.7166584928310541,NA,0.4735848429998186,0.0035774202297558077,0.037038845990703666,0.010523822077140376,NA,3,3,3,0.002489652689338593,0.07210900122747385
ENSG00000075413.17,MARK3,0.7154657669525957,NA,0.4743212866717732,0.007674626823414285,0.028753911048545883,0.02626336953315954,NA,42,45,45,0.01006871857836373,0.0533968689676329
ENSG00000101447.14,FAM83D,0.7152180937258658,NA,0.4744742903329896,0.03352782553541617,0.1675226477072454,2.33076906191773e-08,NA,65,67,67,0.11279771295192915,0.1299723563391731
ENSG00000242114.5,MTFP1,0.7149871747483998,NA,0.4746169682354845,0.004975187287077611,0.027429928397432888,0.027302901763095053,NA,13,13,13,0.5589969339282109,0.1045201535167042
ENSG00000106290.14,TAF6,-0.7139643934657405,NA,0.4752491972834345,0.01390279764060661,0.06358988650890048,0.0007535944618550253,NA,54,60,60,6.795047301364273e-07,0.2009917767775858
ENSG00000069431.11,ABCC9,0.7139283737965593,NA,0.475271471149889,0.0004813875956007993,0.02242027904967035,0.04555210987772115,NA,2,2,2,0.43782763331788166,0.023637787619350058
ENSG00000100288.19,CHKB,-0.7123231624605992,NA,0.47626468412192513,0.004127558951457926,0.0424437501677648,0.006367916831385265,NA,8,8,8,0.00016891408743895773,0.04567195926104247
ENSG00000161265.14,U2AF1L4,0.7122786764150139,NA,0.47629222573063146,0.08606321729332328,0.5674520707063232,1.082467042730267e-36,NA,18,19,19,0.007946601000155503,0.1327313877864518
ENSG00000130700.6,GATA5,0.7114379485066085,NA,0.47681289007346683,0.025612992956176372,0.04453988971932348,0.005870227572585839,NA,55,61,61,0.0006924083582685361,0.20657561236770475
ENSG00000002016.17,RAD52,0.7113401738584257,NA,0.4768734623176498,0.005602404245966735,0.04855564658101268,0.003710492008971333,NA,34,39,39,0.0027773248168901344,0.05498481963518704
ENSG00000100211.10,CBY1,0.7111389560307364,NA,0.4769981317668466,0.018174772973614445,0.07478767802159686,0.00028402435566557004,NA,47,49,49,0.07646513698342843,0.09295680362514254
ENSG00000178965.13,ERICH3,0.7108493598509275,NA,0.47717758951043865,0.02972040918668854,0.09620670557037883,3.486351017117269e-05,NA,37,40,40,3.195986453556502e-05,0.17158754677349447
ENSG00000138316.10,ADAMTS14,-0.7103174256542006,NA,0.47750731618548126,0.01586872239790141,0.07418255788991564,0.00025426930916169353,NA,13,13,13,5.3344861299934435e-09,0.054450600735351136
ENSG00000078246.16,TULP3,-0.7103150354126792,NA,0.4775087980905809,0.0022775006307986143,0.04558675385391128,0.00520889900820935,NA,36,37,37,3.497867566389778e-14,0.03207658011409531
ENSG00000271425.7,NBPF10,0.7100610925513456,NA,0.47766625225388115,0.0014750042493792324,0.26722637753961564,1.7586709485356226e-13,NA,8,17,17,0.1756370675518154,0.02792690129222234
ENSG00000168803.14,ADAL,0.7096969458970896,NA,0.477892086479792,0.03924845985591027,0.21035211249055855,1.4803613457980658e-10,NA,12,12,12,0.005432016330390531,0.14908402118264136
ENSG00000012048.20,BRCA1,-0.7094536366590612,NA,0.47804301303330454,0.024634328203082985,0.19324800168820008,1.4244870845432762e-09,NA,30,32,32,0.34572772427316445,0.026039716987041824
ENSG00000065054.13,SLC9A3R2,-0.7092675651299282,NA,0.47815845218668696,0.014314260698008927,0.027570954991366355,0.030009574779591968,NA,43,51,51,1.9401133814202696e-05,0.1541041252166486
ENSG00000105983.20,LMBR1,0.7089135809379286,NA,0.4783781067578099,0.01913492890080173,0.1103399736931215,7.769965061588346e-06,NA,25,25,25,0.09432370985359641,0.04362024011958563
ENSG00000204161.13,C10orf128,0.7075639068153684,NA,0.47921611337927406,0.027628005560740215,0.0975342160043504,3.578863423754016e-05,NA,45,45,45,0.05184551585966859,0.13479666646647828
ENSG00000130270.16,ATP8B3,-0.7067892586554245,NA,0.4796974506516569,0.0032301443332298173,0.03546745115536077,0.01424925284214307,NA,9,10,10,0.0033466197865922418,0.02609805158491921
ENSG00000143622.10,RIT1,0.7058177525344415,NA,0.4803014806579452,0.04871495001396542,0.0528922864805646,0.002152499582137789,NA,60,68,68,1.0100200310789118e-14,0.16032930786906036
ENSG00000197050.10,ZNF420,-0.7056832808245697,NA,0.4803851205507115,0.0059940120667547735,0.060178125841653524,0.0009704179898608675,NA,22,22,22,0.0036971456361214756,0.041259683522396985
ENSG00000160714.9,UBE2Q1,0.7056777103917709,NA,0.480388585468545,0.0014812603150892618,0.058857320152242265,0.001299388202095134,NA,7,7,7,0.012907400144016607,0.04992472270074857
ENSG00000185619.18,PCGF3,-0.7049790969365528,NA,0.48082324461435155,0.06284021346096948,0.24547646329773354,2.6346510339482392e-12,NA,24,27,27,6.7061133567844955e-06,0.14155051881145636
ENSG00000205837.7,LINC00487,0.7046896685986453,NA,0.4810033821454769,0.003933837894781691,0.04477881966230198,0.005094237076597517,NA,3,3,3,0.4718876382467645,0.14462187382063274
ENSG00000259915.2,RP11-410E4.1,0.70420310430833,NA,0.48130629808152525,0.005512472779835492,0.026666017973486732,0.03371084696662282,NA,2,2,2,0.4809779230636261,0.11108329954728703
ENSG00000116957.12,TBCE,-0.7037954958944467,NA,0.48156013907986794,0.015692757229609194,0.16063326131536446,4.9432219957226596e-08,NA,13,15,15,0.33107545593418686,0.039805205743458916
ENSG00000198160.14,MIER1,-0.7036821575305953,NA,0.48163073428271563,0.0013594693706744563,0.026589589083162155,0.03421448260103042,NA,5,5,5,0.2114896479545293,0.07117886239759487
ENSG00000165471.6,MBL2,-0.7029345334243975,NA,0.48209654885482967,0.07890790784567349,0.2573515004004853,3.1076539938894437e-13,NA,50,57,57,0.0019111167341797702,0.10174739619045582
ENSG00000259582.3,RP11-461F11.3,0.7023421902252828,NA,0.4824657879916281,0.005760951337661961,0.08639300867297267,0.00010046520787046945,NA,6,7,7,0.20714700232510785,0.0349900690143434
ENSG00000060709.14,RIMBP2,-0.7008735016499452,NA,0.48338196260545085,0.053204642313056785,0.16659901008000969,2.637338753426256e-08,NA,33,36,36,0.015112134424759373,0.20554375679472764
ENSG00000157322.17,CLEC18A,-0.7007439556737882,NA,0.4834628192734465,0.28370084685145214,0.3858581850777937,8.51438824093515e-22,NA,60,64,64,2.8810993896431656e-10,0.19941440994609771
ENSG00000130522.5,JUND,0.6990381168801654,NA,0.48452821020640047,0.005503724123783323,0.09373025603969136,5.35503551156996e-05,NA,23,30,30,0.0021786680894279047,0.07835006875744452
ENSG00000148700.14,ADD3,-0.6988796033037618,NA,0.48462727530027605,0.015187814384540149,0.121525635462035,3.1320105636126057e-06,NA,34,34,34,0.03863266279267398,0.05822964708494077
ENSG00000126216.13,TUBGCP3,-0.6987995541327775,NA,0.48467730722779356,0.006220727817399364,0.09046743077922503,6.874126140713496e-05,NA,12,12,12,0.26798218511889715,0.07019190160691187
ENSG00000074319.12,TSG101,0.6979298452442292,NA,0.4852210686285623,0.0012305885485446228,0.044078062625478864,0.0063304671675717215,NA,21,22,22,0.3791326388391939,0.07836237007257263
ENSG00000226124.6,FTCDNL1,0.697589937411459,NA,0.485433676334767,0.022111999861112987,0.2474388932221188,1.481611131763199e-12,NA,17,24,24,0.12880209563871084,0.07942456761283037
ENSG00000097046.12,CDC7,0.6974534077978127,NA,0.4855190879367325,0.001478576267403098,0.08682517540424206,6.983141544826881e-05,NA,2,2,2,0.38252945392704185,0.03098843444292925
ENSG00000267508.5,ZNF285,0.6963247724924599,NA,0.48622546268780753,0.02605607551986071,0.032253106063305885,0.018733141006055696,NA,30,31,31,0.0003143763228112094,0.11548730271581202
ENSG00000011590.13,ZBTB32,0.6957725478424516,NA,0.48657128382964,0.01321995952583196,0.035138641980888244,0.012911470835572071,NA,46,51,51,0.2792228581424898,0.1706914496651636
ENSG00000189366.9,ALG1L,0.6955723793916995,NA,0.4866966686817069,0.28874578318723937,0.3607131546254648,1.43733957854323e-20,NA,141,148,148,3.219575220386267e-06,0.2610816475958454
ENSG00000196387.9,ZNF140,-0.6949642037440187,NA,0.4870777349815104,0.03381555714500648,0.0263412519915541,0.037023187640153526,NA,41,52,52,0.009051379486344832,0.34121834201574275
ENSG00000131018.22,SYNE1,0.6936241514332852,NA,0.48791794370064057,0.0102494893083606,0.09560476932703213,3.373781775592537e-05,NA,20,21,21,0.0007209260767956819,0.06316624522754845
ENSG00000215788.9,TNFRSF25,0.6933884889316051,NA,0.48806578417876423,0.000662677858869555,0.030968822032663795,0.02169335794931072,NA,3,4,4,0.01861226408932989,0.028618347557482212
ENSG00000163811.11,WDR43,-0.6930719625692984,NA,0.4882643917956121,7.429429194080435e-05,0.027614133831779655,0.02831157907875485,NA,5,6,6,0.007921754290446736,0.033052729322341816
ENSG00000107731.12,UNC5B,0.6920684275251251,NA,0.4888943578761751,0.034477381242022244,0.026689055998315097,0.031065417821965386,NA,49,55,55,0.0011615086697218894,0.07656322874029546
ENSG00000170276.5,HSPB2,-0.6917974651318579,NA,0.4890645287522615,0.005610635847345281,0.04918025220772123,0.00372616293513709,NA,11,13,13,8.941941768539722e-05,0.04691284118122899
ENSG00000198680.4,TUSC1,0.6898579998308862,NA,0.4902834904201554,0.0007577443574395698,0.08056216453051138,0.00016151091527229824,NA,6,8,8,0.001303653852923293,0.10180399765412614
ENSG00000205978.5,NYNRIN,0.6893168415107831,NA,0.49062390189807903,0.0475243898945029,0.27439736988143704,8.125513934365891e-14,NA,18,18,18,0.0034399076779362777,0.15814564941948134
ENSG00000164638.10,SLC29A4,0.6887266910372901,NA,0.49099527628640705,0.056054455711298905,0.2030822953584148,1.5185561845591734e-10,NA,16,17,17,0.17472258516441197,0.34179482665249483
ENSG00000171444.17,MCC,0.6885301795917448,NA,0.4911189720167045,0.011121711585353702,0.10380551736728733,1.651841260649434e-05,NA,16,16,16,0.000442939515990177,0.05432228793873646
ENSG00000183092.16,BEGAIN,0.6885077320447964,NA,0.4911331028732243,0.013860396446262442,0.04643539804092527,0.004607555739458459,NA,11,12,12,0.0004910180331982909,0.12122516737693965
ENSG00000121417.13,ZNF211,-0.6881491106133028,NA,0.491358886685919,0.03911269521062687,0.2004115774703224,3.1294745333152183e-10,NA,31,32,32,0.36537102624165185,0.04295449093129588
ENSG00000248098.11,BCKDHA,-0.6880442620656657,NA,0.49142490862041577,0.0014025071562325652,0.04180814902500268,0.0070309050658367385,NA,3,3,3,0.4622206463186812,0.021400324466070236
ENSG00000225828.1,FAM229A,-0.686913031945665,NA,0.4921375341621672,0.00440136758772444,0.028365408787214306,0.029167457411529964,NA,21,23,23,0.008173611657970873,0.07338883995222932
ENSG00000183087.14,GAS6,0.6867043970909664,NA,0.49226902552380813,0.0216707645549858,0.16900637249391226,2.121134498153256e-08,NA,13,14,14,0.1042862677632134,0.17021338971072086
ENSG00000103245.13,NARFL,0.6860901648170042,NA,0.4926562525602003,0.007406555784125349,0.10300252770188108,1.5472222393257452e-05,NA,24,27,27,0.0026537493434722046,0.07414385237236899
ENSG00000255284.1,AP006621.5,0.6860777639126954,NA,0.4926640720744979,0.029648790130022383,0.4200556737957752,2.3805690540718854e-23,NA,13,16,16,0.002275867253492098,0.05167212537292578
ENSG00000119509.12,INVS,-0.6851338523152606,NA,0.4932594601856787,0.03456448448009017,0.1794123043414584,1.2410319101345166e-09,NA,54,60,60,1.985145818403026e-08,0.1837262926953264
ENSG00000028116.16,VRK2,-0.6850083993997501,NA,0.49333862072519485,0.009519449081671443,0.04159622478372134,0.007798980577058059,NA,18,20,20,0.0002533682283211542,0.15350769899030287
ENSG00000215271.7,HOMEZ,-0.684737843134998,NA,0.4935093643444899,0.004567696263852405,0.0331566279432546,0.016964078562664874,NA,19,21,21,0.00012394356121182062,0.1343222755896581
ENSG00000182154.7,MRPL41,0.6845414735723978,NA,0.49363330976641395,0.010312529705204415,0.09741734112527532,3.4683890527289225e-05,NA,14,15,15,3.360022643024659e-05,0.07833549539656134
ENSG00000084764.10,MAPRE3,-0.6838335990905763,NA,0.4940802474328624,0.0019530082339504393,0.02628303299926714,0.03232244183030875,NA,1,1,1,0.4940802474328625,0.07105611861082192
ENSG00000106392.10,C1GALT1,0.6828797566662581,NA,0.4946828265290233,0.07690557661822936,0.2970309562798264,1.0659355001170574e-15,NA,79,82,82,0.007152514148125125,0.16775633891947378
ENSG00000074071.14,MRPS34,-0.6824979812009243,NA,0.4949241188737349,0.009062040847233973,0.11886275822288354,2.1946205491019455e-06,NA,7,8,8,0.2081572292168733,0.0556392234775817
ENSG00000148459.15,PDSS1,0.6818135749629844,NA,0.49535683938132147,0.006206698342274624,0.0655008685442021,0.0007589452868448668,NA,13,14,14,0.027836507537290084,0.041816092769659835
ENSG00000146830.9,GIGYF1,0.6797299981667952,NA,0.496675437931304,0.014807051188249522,0.05716604699848931,0.0018146359814194227,NA,68,74,74,0.00042963409974262987,0.1072275808799823
ENSG00000226846.1,LINC00348,0.6795610415268435,NA,0.49678244466284294,0.015532154900505754,0.049889546504545836,0.002660481569747811,NA,10,11,11,0.23094822296149609,0.08190206898666197
ENSG00000130943.6,PKDREJ,-0.6785241006268168,NA,0.4974394482194364,0.03309524731560113,0.059176767705998966,0.0014738581406586009,NA,58,66,66,0.0122487099128297,0.2948610376445521
ENSG00000259471.1,LINC01169,-0.6785101408330088,NA,0.4974482962706491,0.03908448796171303,0.20684744492815804,3.668007111513932e-10,NA,11,11,11,0.24082626746707725,0.12085203730240116
ENSG00000153814.11,JAZF1,0.6779482924576117,NA,0.4978044787649417,0.010825339174513317,0.12373345415405662,1.3198930252403084e-06,NA,30,36,36,6.087305753507217e-06,0.16920588919784904
ENSG00000139908.14,TSSK4,-0.6774188356573143,NA,0.49814025088320535,0.005581936696796567,0.05198016502736672,0.0027804407930357216,NA,10,10,10,0.00014921273707049773,0.10159480651079723
ENSG00000095397.13,WHRN,-0.6757075123795673,NA,0.49922636536812626,0.015142719381889058,0.17679091014770662,4.403875797924841e-09,NA,32,36,36,2.0575450584343323e-10,0.18842801273193813
ENSG00000224635.1,RP4-564F22.5,0.6753754835328866,NA,0.49943723758438296,0.05463610205999207,0.27090669043705623,9.804706360549692e-14,NA,19,19,19,0.007999367341345771,0.20101948840397205
ENSG00000245937.7,LINC01184,-0.6750838556841607,NA,0.4996224900531595,0.10195889616846579,0.2599097276042187,5.886542392142386e-13,NA,37,38,38,0.013579190390590653,0.13668757994573247
ENSG00000230724.9,LINC01001,0.673977747483985,NA,0.5003254611141222,0.012728411769957058,0.03618664204310905,0.013584208080532508,NA,4,5,5,0.10819010532705482,0.16811057016352945
ENSG00000276791.1,CTD-2270P14.5,0.6731698319577265,NA,0.500839251469708,0.037443422994215526,0.07397741965962758,0.00032587344350444,NA,28,34,34,7.676082722552466e-08,0.13616056444932306
ENSG00000134917.9,ADAMTS8,0.6727665131070342,NA,0.5010958449400262,0.022618022898892857,0.02565231658790377,0.03594444829598952,NA,35,39,39,2.923003831827891e-09,0.3126210163566039
ENSG00000079308.16,TNS1,0.6722995117869279,NA,0.5013930405080834,0.004888731676385805,0.042221381789759566,0.006843874510284684,NA,16,17,17,0.04839043492199652,0.0684022454102007
ENSG00000173214.5,MFSD4B,-0.6711740716656112,NA,0.5021096441712976,0.020784779975100795,0.051183422903044486,0.0022108152931160393,NA,37,37,37,7.567331137482836e-06,0.16141613167672564
ENSG00000170322.14,NFRKB,-0.6708211989258478,NA,0.5023344410453732,0.03114521786080218,0.1651755323382138,1.5675426263513717e-08,NA,20,22,22,0.0019909038664947293,0.09224204466133144
ENSG00000186532.11,SMYD4,-0.6705878716539924,NA,0.5024831109476862,0.03391059980303545,0.05961227518115478,0.0014664027602417726,NA,41,54,54,4.0930947039037895e-16,0.13837478055379318
ENSG00000130653.15,PNPLA7,0.6694095465663927,NA,0.5032342635066365,0.01137719575682221,0.18053212763491952,1.8909452581781557e-09,NA,14,16,16,0.20793706060195383,0.062447424021439525
ENSG00000186026.6,ZNF284,-0.6691471131457869,NA,0.5034016389274889,0.03637065610470505,0.12243818897971895,1.7036691197992408e-06,NA,24,25,25,0.015638583159249285,0.2671039906040377
ENSG00000112874.9,NUDT12,0.6679471742979757,NA,0.5041673131993964,0.0197504195362396,0.14223767693496428,3.1373932926193647e-07,NA,61,61,61,0.06425375994402922,0.09061584446381198
ENSG00000103811.15,CTSH,0.6677265848576367,NA,0.5043081369109033,0.03249987665871344,0.21043792517027254,1.5700047766357296e-10,NA,13,13,13,0.0924191141455861,0.17053125972219893
ENSG00000124116.18,WFDC3,0.6669013727285316,NA,0.5048351340595247,0.07067177104132247,0.24518679314967864,3.23833998545359e-12,NA,19,19,19,0.2202869909402232,0.03576442282005258
ENSG00000120327.6,PCDHB14,0.6665286498923957,NA,0.5050732575169272,0.005300749898415849,0.028929323854224094,0.0260884988374486,NA,7,7,7,0.40849456277634877,0.04099952653887635
ENSG00000150753.11,CCT5,0.6649229979592303,NA,0.506099745257246,0.000407355292596019,0.057854033287125524,0.0015681998944264651,NA,38,39,39,0.40490671732198447,0.01149038855078711
ENSG00000106327.12,TFR2,-0.6640682881634998,NA,0.5066466055653969,0.004279029924691771,0.08408541613714189,0.00010891239740186996,NA,13,13,13,0.3054899439109462,0.022387088943604368
ENSG00000175773.12,RP11-121M22.1,-0.663019890389451,NA,0.5073178152546552,0.03213926273110443,0.13977152793850414,3.253133108107182e-07,NA,70,76,76,0.0018575353330886517,0.06637072560364493
ENSG00000261241.5,LINC02128,-0.6623511544559876,NA,0.5077462000516225,0.030346721659445183,0.1633626701549191,3.692476075061797e-08,NA,13,13,13,0.030524011580523563,0.1406476727768323
ENSG00000156171.14,DRAM2,0.661843832307503,NA,0.5080713115837128,0.16486283342806599,0.3823669633609071,3.9479200034269666e-21,NA,88,96,96,3.709160690860793e-05,0.3504770621674623
ENSG00000215114.8,UBXN2B,0.6608331080193164,NA,0.5087193479445583,0.06391519470902039,0.2036698634694522,3.9834847614874336e-10,NA,107,109,109,0.015964144129787947,0.3480970518314658
ENSG00000231824.3,AKAIN1,-0.6601767119471327,NA,0.5091404350209168,0.027246765784698257,0.16740712534669475,1.490298655084633e-08,NA,7,7,7,0.25624598044675917,0.07693959299211266
ENSG00000094975.13,SUCO,0.6601211208111359,NA,0.5091761058811464,0.017696050725087703,0.106625479391073,1.319484904187643e-05,NA,59,60,60,0.00406370295848941,0.14187417652171033
ENSG00000113231.13,PDE8B,-0.6583017133388069,NA,0.5103442772652316,0.17952366764203598,0.1744872752924223,1.0102823042002059e-08,NA,100,109,109,1.32489061111865e-06,0.3075827200301929
ENSG00000116580.18,GON4L,0.6581779599224729,NA,0.5104237854376059,0.0038492419356642915,0.12669151941150086,1.056086268247811e-06,NA,5,6,6,0.35276055886743984,0.021108992923924062
ENSG00000132109.9,TRIM21,0.6576533878525305,NA,0.5107608804913673,0.0020025551359946665,0.059270185333550135,0.0014730607822309122,NA,19,26,26,0.0423832559847936,0.03905388413436983
ENSG00000228278.3,ORM2,-0.6564249444582148,NA,0.5115507450551524,0.022435220707532684,0.16717362371930256,1.7632561761444462e-08,NA,69,80,80,3.7030551845357846e-06,0.3382305419192017
ENSG00000179403.11,VWA1,-0.6561917935938646,NA,0.5117007283678099,0.0008779068324122492,0.03462230190417634,0.01364294359944533,NA,4,7,7,0.5596816978877182,0.0428139834663631
ENSG00000179921.14,GPBAR1,0.6556388498089013,NA,0.5120565225867904,0.013865271909862387,0.03120005457912295,0.01807229746202384,NA,20,21,21,0.0014718234910069225,0.2295556115656645
ENSG00000163637.12,PRICKLE2,-0.6549458264760587,NA,0.5125026338007866,0.013973408514611999,0.19823218712794405,4.336707817339209e-10,NA,9,12,12,0.06085835256670704,0.137492366862712
ENSG00000272512.1,RP11-54O7.17,0.6526435356394354,NA,0.5139861119353871,0.027539666366733755,0.16095350281813947,2.2992401103938464e-08,NA,3,3,3,0.4009838000723305,0.08863859228254271
ENSG00000203797.9,DDO,0.6525866778417624,NA,0.5140227764279466,0.004850880239245356,0.05956666105854391,0.001454766281299638,NA,7,10,10,0.07696991056074727,0.04553035712197974
ENSG00000183628.12,DGCR6,-0.6523417708171856,NA,0.5141807191598318,0.016319809797554007,0.05814895287285472,0.0014856615137976807,NA,60,82,82,0.13228289162902895,0.09128434067771027
ENSG00000271009.2,RP11-346C20.3,-0.6519688198324892,NA,0.5144212870607753,0.005906240280390782,0.04527401836734705,0.005391854957442307,NA,9,9,9,3.552974560090135e-10,0.11080205000159482
ENSG00000119138.4,KLF9,-0.6519516021649081,NA,0.5144323945393904,0.001607382542237285,0.023271854877062275,0.047543273186044906,NA,7,7,7,0.4439665168920164,0.02511472101677232
ENSG00000142230.11,SAE1,-0.6515871175602815,NA,0.5146675604596184,0.0064995803969582055,0.11868284642714945,3.3084302940115327e-06,NA,16,16,16,0.014955356797559044,0.31361104426576153
ENSG00000149196.15,HIKESHI,-0.6510582796954488,NA,0.5150088666191281,0.02436564263560928,0.19777377147205955,1.0366182711514538e-09,NA,7,7,7,0.25245388418600656,0.1765278174930124
ENSG00000188677.14,PARVB,-0.6507525287613575,NA,0.5152062485430764,0.14740379790538444,0.5106810547518983,7.866049862495298e-32,NA,25,25,25,1.304589266056657e-07,0.2766903842075605
ENSG00000069696.6,DRD4,-0.6497702998821058,NA,0.5158406062656247,0.005382683929228847,0.05048192118299414,0.0033526472074909587,NA,11,12,12,0.030256271814899753,0.127450733838488
ENSG00000205866.3,FAM99A,-0.6494072515054796,NA,0.5160751781184888,0.00023294844911397823,0.054026366260693265,0.002524636536556026,NA,6,23,23,3.577513537179715e-05,0.015430358997421997
ENSG00000117984.13,CTSD,0.6492009549828168,NA,0.5162084945252765,0.01925046868367411,0.22341677094194654,4.3194619103708906e-11,NA,42,52,52,0.0001750404877165801,0.2101583645425536
ENSG00000149922.10,TBX6,0.6490521442833614,NA,0.5163046725629369,0.02511180040529949,0.0846259636969117,9.044813910691694e-05,NA,40,43,43,0.009966404095231677,0.19019991005271625
ENSG00000153179.12,RASSF3,0.6485382148413912,NA,0.5166369024074287,0.03844274357123405,0.17985639169755233,2.7813285643848155e-09,NA,21,22,22,0.06729365264328104,0.16526830546380775
ENSG00000154719.13,MRPL39,0.647676104457711,NA,0.5171944626199249,0.0016885385515878865,0.046530784286598,0.0040438453322360745,NA,10,12,12,0.00013676879177833092,0.03764216511177002
ENSG00000154767.14,XPC,-0.6472330163517078,NA,0.5174811460494229,0.008576665225986362,0.1089829034854804,7.795984961305524e-06,NA,29,30,30,0.19482738485638984,0.02915043444621308
ENSG00000243566.6,UPK3B,0.6465804816127644,NA,0.5179034937220547,0.05008344919068057,0.1511460726711001,1.1512122665285135e-07,NA,34,40,40,0.0003336402863863444,0.09324974080031803
ENSG00000137941.16,TTLL7,0.6456808082755153,NA,0.51848609204233,0.07267264641216048,0.2635841800057964,1.2961817630679448e-14,NA,40,42,42,0.07998334282226409,0.24794165346275845
ENSG00000166206.14,GABRB3,-0.6451679250619828,NA,0.518818369554481,0.004407818443254818,0.02476591319711453,0.03523549692204121,NA,22,31,31,0.07211945018459211,0.0629413253555613
ENSG00000049323.15,LTBP1,0.644879284684246,NA,0.5190054170301954,0.02446133621211896,0.03647654053744789,0.010964597439539987,NA,67,71,71,1.012565530459665e-12,0.09662125674601026
ENSG00000130935.9,NOL11,-0.6448615660773501,NA,0.5190169003443547,0.005114421281483366,0.03693685135845482,0.0113056964267588,NA,10,10,10,0.009829820873250676,0.13016711635930367
ENSG00000108187.15,PBLD,0.6445068173221614,NA,0.519246838319168,0.011470514408200554,0.127090265549212,9.766686719657595e-07,NA,22,22,22,0.07292818190127126,0.07221284757748354
ENSG00000110675.12,ELMOD1,0.6435474017696154,NA,0.5198689673184821,0.08975490697705818,0.20858157871367752,1.878441088158231e-10,NA,37,38,38,0.12588017465634632,0.2748273800554979
ENSG00000100053.9,CRYBB3,-0.6432903397820657,NA,0.520035723370252,0.013034336697631424,0.11250871478075453,6.5843698483749805e-06,NA,11,14,14,0.020210735419320634,0.11577182245962755
ENSG00000153132.12,CLGN,0.6431839779804164,NA,0.5201047283126639,0.02875516862881841,0.1820502250041344,2.7527886799557044e-09,NA,19,20,20,0.0003528903937385334,0.04621836082271067
ENSG00000184925.11,LCN12,0.6429677143972808,NA,0.5202450494073942,0.0027491716366034834,0.034709274597343305,0.01542020485418964,NA,11,12,12,0.08889767162388312,0.037901215573128484
ENSG00000143126.7,CELSR2,0.6424752647819626,NA,0.5205646446525484,0.146077534495557,0.4268214260728855,1.3537011008961372e-23,NA,21,22,22,0.024372332022835376,0.11904985240553898
ENSG00000011478.11,QPCTL,-0.6410692641712016,NA,0.5214776824564231,0.01066087947300148,0.02405715542207496,0.04172936964472093,NA,9,10,10,0.01344480275770033,0.22301575593596493
ENSG00000139644.12,TMBIM6,0.6402981734671898,NA,0.5219787679990352,0.012386797247339511,0.1719417298948341,6.4861285284260276e-09,NA,56,63,63,1.6998156443597722e-06,0.4128898697882848
ENSG00000172728.15,FUT10,0.6396036137956704,NA,0.5224303324634418,0.05260605025783749,0.2048710309727271,1.8920292141156224e-10,NA,46,47,47,0.15533904331180967,0.11265349898109946
ENSG00000175287.18,PHYHD1,0.6395429089288333,NA,0.5224698089628173,0.018052950062475606,0.04614652759493202,0.005135737638565911,NA,56,58,58,2.447556025425768e-05,0.3936710637466345
ENSG00000107736.19,CDH23,-0.6387544523427331,NA,0.5229826830957176,0.015900768539002304,0.11734075806297722,3.992991905389868e-06,NA,20,21,21,0.011639974537038876,0.13054608088490666
ENSG00000104332.11,SFRP1,-0.6384552654673135,NA,0.5231773653845517,0.019650196798047328,0.13112533550273628,1.2194581049802174e-06,NA,32,33,33,0.0004169872727228224,0.05024125475746871
ENSG00000130489.14,SCO2,-0.6379530033530745,NA,0.5235042732930607,0.021634779177697492,0.10539006896094832,1.0588508214797807e-05,NA,16,18,18,0.0003454054453490602,0.08907049778365718
ENSG00000198624.12,CCDC69,-0.6365787694122793,NA,0.5243992578081296,0.0031821392515319737,0.030473493572500274,0.020712028800330226,NA,8,8,8,0.17368216473476994,0.05351577716088511
ENSG00000137673.8,MMP7,0.63655463661642,NA,0.524414981550188,0.022935637922282884,0.07774040087188087,0.00013042880898536086,NA,19,22,22,2.2891482106065784e-09,0.08813725904960737
ENSG00000230257.2,NFE4,0.6343619272776934,NA,0.5258446503859117,0.018361098010689643,0.0342063194832155,0.012123313078585787,NA,22,27,27,0.00472185863936977,0.17422290761062667
ENSG00000145882.10,PCYOX1L,-0.6327571590362729,NA,0.5268922370295115,0.010140637067463567,0.04220873839458037,0.007151424990628606,NA,25,28,28,0.009034776373175762,0.08366991995983064
ENSG00000117676.13,RPS6KA1,-0.6320946615724125,NA,0.52732502334137,0.05510707736365629,0.3262654586973212,6.58590332498963e-17,NA,18,18,18,0.4717819443403152,0.02749450169563391
ENSG00000204524.6,ZNF805,0.6318096716050023,NA,0.5275112530403351,0.017733102168389553,0.07598503931965196,0.00024174836288187282,NA,30,33,33,0.051096384773461484,0.04298190207584731
ENSG00000283033.1,RP11-219A15.5,-0.6316555018435152,NA,0.5276120108747544,0.11743704062959268,0.4271438102401764,5.9790560693593715e-24,NA,19,20,20,0.37757562830862934,0.2249031205671765
ENSG00000237310.1,GS1-124K5.4,-0.6313787861548591,NA,0.5277928833593872,0.029315324695732465,0.15704108014358084,5.8501227643665384e-08,NA,35,38,38,0.001573681825717536,0.12298911277044468
ENSG00000197380.10,DACT3,0.6300349256194411,NA,0.5286717338390271,0.003975627732134638,0.023157865148723398,0.04771845415806286,NA,5,5,5,0.4702848379602572,0.030450492836846667
ENSG00000129347.19,KRI1,0.629925236315854,NA,0.528743500716446,0.04596042450872987,0.27174907898114825,9.148085463881172e-15,NA,23,23,23,0.011052253839247716,0.1600400543640494
ENSG00000089177.18,KIF16B,-0.6297136584616911,NA,0.5288819446474846,0.01974674526169416,0.1933353924298946,7.162290594324728e-10,NA,18,18,18,0.004509591475311324,0.042590945517065965
ENSG00000005100.12,DHX33,0.6284831457441671,NA,0.5296874842886292,0.026746606348866685,0.08188263021391025,0.00013133910151645953,NA,49,51,51,0.000153319369916341,0.3476786707168692
ENSG00000131378.13,RFTN1,-0.6274460661330346,NA,0.5303668793747053,0.006993371956541157,0.03361659015587345,0.012083576599673984,NA,6,6,6,0.3967461285560201,0.04321664973855758
ENSG00000166260.10,COX11,0.6272598228881674,NA,0.5304889349376978,0.014560337417970734,0.21501171291813306,1.4309254205061004e-10,NA,40,41,41,0.1641761152841097,0.04474347247454828
ENSG00000083312.17,TNPO1,0.6271994457622029,NA,0.53052850648922,0.001538458146740493,0.03917117408285169,0.009964757530274938,NA,6,6,6,0.393878793860997,0.063974535849001
ENSG00000142197.12,DOPEY2,0.6263361194952002,NA,0.5310944998697069,0.2283752262780182,0.5667643004976906,3.0606259376900315e-36,NA,20,20,20,0.030982167419597185,0.15681907341819012
ENSG00000129450.8,SIGLEC9,0.6259026505989103,NA,0.5313787958682759,0.009414900428545625,0.031149664911943938,0.02069218501651971,NA,38,44,44,0.08762505028769144,0.12975997774969447
ENSG00000214026.10,MRPL23,0.6256209956085792,NA,0.5315635641666876,0.13079071766621067,0.2472949061024445,2.6862998072785483e-12,NA,37,53,53,0.0004911585146940634,0.4596146210480042
ENSG00000204764.13,RANBP17,0.6255100911239804,NA,0.5316363274773888,0.14487060587746575,0.22148796016227693,1.934103712375921e-11,NA,118,124,124,0.00835512641207151,0.18095002323514486
ENSG00000188315.7,C3orf62,-0.6248120745652708,NA,0.5320944049256371,0.018666703759972918,0.054313662950517004,0.002228270880002936,NA,27,29,29,0.028884777921432753,0.2294040676014721
ENSG00000272010.1,CTD-3025N20.3,-0.6232032217785323,NA,0.5331509848223772,0.030618526699831384,0.19729665557258488,4.208150168436965e-10,NA,62,63,63,0.06882746536414747,0.09332886046844732
ENSG00000157978.11,LDLRAP1,0.6227326846288707,NA,0.5334602005002603,0.015483411386532477,0.10501676949289164,1.6921580914026277e-05,NA,31,33,33,0.004510083603226606,0.05669850404539435
ENSG00000116586.11,LAMTOR2,-0.6223661399251094,NA,0.5337011398515075,0.001887330156717471,0.025750911846331805,0.036989974870614825,NA,4,4,4,0.0342313386998301,0.06358246212314903
ENSG00000060069.16,CTDP1,-0.6200796006677627,NA,0.5352053817050062,0.059718313715261366,0.211715921167388,1.2265313146925516e-10,NA,18,23,23,2.6858872530538825e-06,0.17370591838947874
ENSG00000249096.6,RP11-290F5.1,0.6199124322356057,NA,0.5353154403099754,0.07630260116584556,0.38457992005055214,3.7123558231805026e-21,NA,28,29,29,0.05053875955817399,0.1612505326570178
ENSG00000162377.5,COA7,-0.619902584528368,NA,0.5353219240962945,0.011878937704835038,0.029417772995144732,0.025439084694473243,NA,65,70,70,0.0009446663128684821,0.14779759326892716
ENSG00000180481.10,GLIPR1L2,-0.6196895919337072,NA,0.535462169314489,0.09949862271413215,0.4074282721862079,1.4155079303813478e-22,NA,61,61,61,0.04097098863789513,0.08340939619724988
ENSG00000133315.10,MACROD1,-0.6195163692896895,NA,0.5355762416131902,0.004862410194971892,0.03873557426906305,0.01060501320225085,NA,15,16,16,0.0279931606132454,0.05029645173308121
ENSG00000170632.13,ARMC10,0.619265403899192,NA,0.5357415315548049,0.004728584565535562,0.02902869720067382,0.0274360298370847,NA,24,26,26,0.003777750905042524,0.09543144138976448
ENSG00000139624.12,CERS5,-0.6188731027071156,NA,0.5359999590482694,0.018221644672425322,0.03145794911595914,0.02039662413336049,NA,46,52,52,0.04990069657955633,0.3238907367346981
ENSG00000148357.16,HMCN2,-0.6186398571294592,NA,0.5361536387742045,0.03455372000312937,0.09964655372053327,2.9344884489142967e-05,NA,28,31,31,0.0008046650232294523,0.08891778625259272
ENSG00000107099.15,DOCK8,-0.6183360577662569,NA,0.5363538378924049,0.10176888015720625,0.2855655402525821,1.4763993560409146e-14,NA,76,84,84,1.3164695716966945e-07,0.8423862877170266
ENSG00000112877.7,CEP72,0.6180457555951628,NA,0.5365451777099013,0.01818671846605359,0.1052366603614746,4.1849201224751926e-06,NA,7,8,8,0.4765402885478709,0.27248014418061217
ENSG00000161649.12,CD300LG,0.6176575375327547,NA,0.5368011081049475,0.0051980381315181335,0.06815192540689018,0.0005685034459153894,NA,24,26,26,0.31429841007724635,0.05112190895986018
ENSG00000136021.18,SCYL2,0.6171469881706134,NA,0.5371377780942022,0.018643804571243375,0.1916041388255532,1.4389170475126312e-09,NA,22,23,23,0.2236335597343312,0.1027910490618912
ENSG00000115523.16,GNLY,-0.6170252162150922,NA,0.5372180934711801,0.019640155825201403,0.09862069340525796,2.2940329247718794e-05,NA,30,32,32,0.23131300294635404,0.07946323107081166
ENSG00000128815.19,WDFY4,-0.6169824516039876,NA,0.5372463005424002,0.011928212795085064,0.09245587309828604,5.594805304363579e-05,NA,53,54,54,0.000642679953505661,0.10897625908068972
ENSG00000255328.1,RP11-326C3.12,-0.6168740953692873,NA,0.5373177744652861,0.039935005333374934,0.23671176920196305,8.531782347708246e-12,NA,7,10,10,0.16257040453913418,0.1386698585310781
ENSG00000100075.9,SLC25A1,-0.6159390649422734,NA,0.5379347375302129,0.004066568838828889,0.024490593143869508,0.04289383665308446,NA,18,19,19,0.005434717090777269,0.05398946567438035
ENSG00000111652.9,COPS7A,0.6145523921962712,NA,0.5388503629887675,0.00598170958852412,0.08483906286110672,0.00011348698901612569,NA,8,8,8,0.006672589919720178,0.07429095163324917
ENSG00000203942.4,C10orf62,0.6141934101684158,NA,0.5390875274758467,0.005296642106632837,0.02978420033144646,0.02390702650777349,NA,7,7,7,0.12627013677927834,0.13167535656063573
ENSG00000131013.3,PPIL4,-0.6136582847080031,NA,0.5394411596764571,0.00489811990544569,0.06841404963761111,0.0005459269064451741,NA,10,11,11,0.2883979453684623,0.101504328674178
ENSG00000137135.17,ARHGEF39,0.6130764435879803,NA,0.5398257952399527,0.014740795583063727,0.07659808272693855,0.00023127331365788414,NA,14,15,15,0.20014358581961555,0.13208913991007135
ENSG00000155792.9,DEPTOR,0.6121539424471991,NA,0.540435910902776,0.007066366712321127,0.06129543190499372,0.0011795869389124136,NA,26,26,26,0.0004909344623013842,0.2374968041635281
ENSG00000179698.13,WDR97,-0.6120410293424745,NA,0.5405106120551757,0.062132414519978627,0.24053182510556725,3.481411736603095e-12,NA,43,55,55,0.002663643455140877,0.2263860100917303
ENSG00000204991.10,SPIRE2,0.6118195616494025,NA,0.5406571458416765,0.012780075452991205,0.02875572015847084,0.02426965587703203,NA,26,30,30,7.406421599850826e-06,0.1228205817471159
ENSG00000153902.13,LGI4,-0.6115560446708602,NA,0.5408315273476074,0.007191608935979034,0.10206026535191104,2.0698228420133032e-05,NA,26,28,28,0.008227568551701607,0.08508759091690235
ENSG00000090612.20,ZNF268,-0.611417761847691,NA,0.5409230468015975,0.00418628628071806,0.033705493012096084,0.016150658060842912,NA,7,13,13,0.06468641692369068,0.03234716048269231
ENSG00000213064.9,SFT2D2,0.6114162934863305,NA,0.5409240186458851,0.058855629572770594,0.26994636330256633,1.7550348172647257e-13,NA,88,92,92,3.9404359304919916e-06,0.10198775333600507
ENSG00000181074.3,OR52N4,-0.6113501532113681,NA,0.5409677949114824,0.030065341151371612,0.02392371509039088,0.04392807022659369,NA,77,78,78,0.06714771275694383,0.17182254201924627
ENSG00000137494.13,ANKRD42,-0.6111948691362882,NA,0.5410705797428367,0.02647233671915803,0.11837355121395145,3.7080274888817415e-06,NA,42,42,42,0.013268035935085208,0.11829085677132407
ENSG00000037757.13,MRI1,-0.6111425456161621,NA,0.54110521565399,0.13782345548408997,0.29034175669624,4.8668859660215556e-15,NA,91,100,100,1.433128993246484e-05,0.1923852360762969
ENSG00000179562.2,GCC1,0.6110527588990972,NA,0.5411646531649288,0.034228378065330675,0.13428970660537967,8.177577100141678e-07,NA,55,56,56,6.91176485013895e-08,0.2232032736849738
ENSG00000077585.13,GPR137B,0.6105803910131156,NA,0.5414774075902187,0.011740422624543619,0.02425752279472428,0.041220928916892115,NA,28,33,33,0.16593928160229243,0.16930253078235896
ENSG00000227471.8,AKR1B15,0.6096309916523894,NA,0.5421062770375538,0.006119860802528533,0.027437593900093538,0.029569279147583376,NA,5,5,5,0.4527841790528131,0.03732653665379743
ENSG00000162852.13,CNST,0.6095183497436946,NA,0.5421809137003443,0.011534810430069521,0.049593583715916864,0.0038048362600911546,NA,26,29,29,1.0408640658469112e-05,0.131030483275648
ENSG00000116157.5,GPX7,0.6093399030042972,NA,0.5422991632116276,0.15716731266677475,0.4515931479309197,1.606565401628121e-25,NA,92,97,97,0.00027309369635248855,0.23349041565361764
ENSG00000005884.17,ITGA3,-0.6087635486583431,NA,0.542681177988884,0.0007268455485887255,0.02489871791809408,0.04149066397631526,NA,2,3,3,0.4714876928470323,0.02994853486699372
ENSG00000120063.9,GNA13,-0.6081967358985755,NA,0.5430569992333365,0.008310392495793573,0.024042873768518217,0.042001705895691535,NA,68,78,78,0.04985352854752061,0.13390210426884347
ENSG00000250506.7,CDK3,-0.6081790412671436,NA,0.5430687336213578,0.002852053827281044,0.05035848337093215,0.0029910175289474656,NA,7,8,8,0.20219391613585402,0.05146475279655541
ENSG00000112195.8,TREML2,0.6081222572530367,NA,0.543106391413126,0.032784048847111336,0.023251927160593055,0.046172077650723814,NA,60,64,64,1.906407955534564e-05,0.10750410691703942
ENSG00000160014.16,CALM3,-0.6079470837320599,NA,0.5432225704703091,0.006079938839391093,0.07645400747630092,0.0002557294270908101,NA,9,9,9,0.04345711448591047,0.1204010684651151
ENSG00000080573.6,COL5A3,-0.607871655628226,NA,0.5432725999127925,6.583260811575452e-05,0.19986416537443905,9.147827434243288e-10,NA,2,4,4,0.44559702188016326,0.011841092060558762
ENSG00000130177.14,CDC16,0.607491074039952,NA,0.5435250644775138,0.010324181274816404,0.1742477255514241,1.0742134497826306e-08,NA,8,10,10,0.00918796252056916,0.02974115505838175
ENSG00000127947.15,PTPN12,-0.6070113002562427,NA,0.543843412867165,0.0019484775221694226,0.2215435849270001,2.305042606665972e-11,NA,9,10,10,0.0104731654093582,0.03644861833109644
ENSG00000142686.7,C1orf216,0.6069030054660242,NA,0.543915283461577,0.002891362175591673,0.03483110918947277,0.014588961580712769,NA,19,19,19,0.3637389250149179,0.06361121740852542
ENSG00000189129.13,PLAC9,-0.6067860130898177,NA,0.5439929315778285,0.010171708071693193,0.15319638707083494,4.174275962632954e-08,NA,22,24,24,0.0005322975825052546,0.060625453585967014
ENSG00000154277.12,UCHL1,0.6058862991013773,NA,0.5445902580276887,0.00600359937544034,0.025520775498789502,0.03893808651072967,NA,13,14,14,0.3666580155664094,0.14104286877021907
ENSG00000144791.9,LIMD1,-0.6058111063051786,NA,0.5446401938063493,0.022401446223457334,0.12436790143442528,1.676058464449086e-06,NA,20,21,21,0.00027564049213235,0.13888257000918966
ENSG00000186088.15,GSAP,0.6057744653225932,NA,0.5446645280254783,0.09143641552279652,0.4410909421298057,3.3603265779627745e-26,NA,46,49,49,0.0006965414832232038,0.25125726339202803
ENSG00000236790.5,LINC00299,0.6056110278697662,NA,0.5447730776199706,0.006147926669589444,0.045474547397048114,0.0057675384166994866,NA,9,9,9,0.33267942813293283,0.032856895491691775
ENSG00000169217.8,CD2BP2,0.605066097217912,NA,0.5451350796407696,0.005238627239404069,0.11148811989408944,8.67080226839998e-06,NA,9,10,10,0.017967313453842674,0.04715328758393167
ENSG00000229896.2,RP11-456H18.2,-0.6050529865946384,NA,0.5451437906091172,0.007326652843631045,0.05122709823660722,0.002584513759701471,NA,16,16,16,3.952168620490458e-15,0.059324511095475325
ENSG00000272983.1,RP11-508N22.12,0.6032625204737496,NA,0.5463340618987755,0.08540170586773672,0.08550233408890652,6.865859125652641e-05,NA,69,69,69,0.039008233410625245,0.11933380729438026
ENSG00000168000.14,BSCL2,-0.6025687230415676,NA,0.5467956325093402,0.053105191688505055,0.2584658858959723,1.3528709332010954e-13,NA,32,35,35,0.008067927638566853,0.5873382134730256
ENSG00000138722.9,MMRN1,-0.6024901751630202,NA,0.5468479011264309,0.021493324993986734,0.13409079706667665,7.731853407690479e-07,NA,53,56,56,0.03126616698343901,0.1140270329328623
ENSG00000175220.11,ARHGAP1,-0.6022954734005421,NA,0.5469774734299401,0.03372422201164676,0.17646473687743922,3.482125164328933e-09,NA,22,23,23,0.0020995946996969785,0.11266772520083823
ENSG00000203668.2,CHML,0.6018405091988872,NA,0.547280307322846,0.047240523250354494,0.04954177247601007,0.002931382182430331,NA,89,99,99,0.010293173889033442,0.0911913713616907
ENSG00000135931.17,ARMC9,-0.6012720953098287,NA,0.547658772277178,0.0060104992916554315,0.051394732868147344,0.0025844657784312225,NA,10,10,10,0.35188060768048235,0.07532597085301278
ENSG00000262223.6,RP11-1055B8.3,-0.6009619051075202,NA,0.5478653596603574,0.013107505830675974,0.03115638909261481,0.021416832062434818,NA,16,18,18,0.28514165226481447,0.17066392998846658
ENSG00000070669.16,ASNS,0.6007730459878099,NA,0.5479911591293954,0.025825241564017734,0.15727435858507308,4.110559117271275e-08,NA,16,16,16,2.818101237136073e-05,0.1610610559183105
ENSG00000260300.5,RP11-505K9.4,0.5996804956059101,NA,0.5487191893574656,0.007638557827391641,0.09153182781200994,6.681442514505173e-05,NA,12,12,12,0.0025445140139115133,0.04287245228126835
ENSG00000113946.3,CLDN16,-0.5993414048029109,NA,0.5489452424470943,0.029804440646098232,0.2314754288623415,1.6162672314244277e-11,NA,21,24,24,0.16723764310029188,0.09105335883849902
ENSG00000241563.3,CORT,-0.5991492455312624,NA,0.5490733648057728,0.019397583315933897,0.05136370040389779,0.002637247709732722,NA,40,43,43,0.0003175620132179704,0.15105363451922793
ENSG00000166847.9,DCTN5,-0.5990865185613924,NA,0.5491151912604174,0.04998359324388565,0.2493126298784592,2.234516228220489e-12,NA,57,59,59,0.004503491109846172,0.07576556855806936
ENSG00000111300.9,NAA25,0.5989491772152151,NA,0.5492067762016131,0.011092692346385167,0.055920238978287136,0.0018001732922672015,NA,61,63,63,0.009556382662265847,0.11953543107778365
ENSG00000166246.13,C16orf71,-0.5984669090190337,NA,0.5495284324306674,0.011496264348401026,0.02802341591591655,0.029096905706237155,NA,45,48,48,0.009654251462939382,0.08011407740058492
ENSG00000113734.17,BNIP1,0.5965169677254286,NA,0.5508299220943284,0.04390014188456555,0.14863799479038484,1.800164973108651e-07,NA,24,27,27,0.05633452582619228,0.07661674936506202
ENSG00000173559.12,NABP1,-0.59509912824599,NA,0.5517772113368699,0.00716293548095174,0.06373842692852184,0.0009741058640105473,NA,6,6,6,0.19182066204709713,0.14208557979251366
ENSG00000205106.4,DKFZp779M0652,0.5949577341830842,NA,0.551871723637789,0.07480735146881595,0.2778781173379348,4.800889475374262e-14,NA,17,17,17,5.2524985755542054e-08,0.11939257509424807
ENSG00000145416.13,MARCH1,0.5949015338119268,NA,0.5519092919664902,0.027894992787582226,0.12768648360918464,6.861130019761846e-07,NA,26,27,27,0.13211478653991446,0.19624974420679653
ENSG00000147316.12,MCPH1,0.5948606423303375,NA,0.551936627533089,0.00406988629760688,0.029030054204245714,0.024878478881999684,NA,11,16,16,0.0016673023973418943,0.09314945412423624
ENSG00000099995.18,SF3A1,-0.5939788050548017,NA,0.5525262891056953,0.006214622116922361,0.13868301550427906,4.58380939427345e-07,NA,23,24,24,0.0003689044695812346,0.19241820543423696
ENSG00000110171.19,TRIM3,-0.5933401514725222,NA,0.5529535329998685,0.008799027654246814,0.10687816664245957,1.5250793433482566e-05,NA,6,6,6,0.29874856156162544,0.08702712659504333
ENSG00000185262.8,UBALD2,0.5932801102814589,NA,0.5529937074424174,0.015126517669604538,0.07826409013357755,0.00022524064290864234,NA,51,54,54,0.00923817735435452,0.11843444409822912
ENSG00000261770.1,CTC-459F4.1,0.5926836009440067,NA,0.5533929183199318,0.12166429111821331,0.3614437430758613,9.687832118999626e-20,NA,32,34,34,0.00021246807341450215,0.43039892938805
ENSG00000173653.7,RCE1,-0.5924506660995434,NA,0.553548847124014,0.003581796017762832,0.03619898576605319,0.012070047410011712,NA,10,10,10,0.19893050810008805,0.03810077940931828
ENSG00000176531.10,PHLDB3,-0.5921295287746916,NA,0.5537638547935453,0.0052660392111988944,0.06629708490515758,0.0005265043587728987,NA,14,17,17,0.09643957244853214,0.04361417954635665
ENSG00000259237.1,RP11-209E8.1,0.5918249253586725,NA,0.5539678304756419,0.15639002069403257,0.4188779286553631,3.3360272509461075e-23,NA,50,52,52,0.016999843437435866,0.22254188191661006
ENSG00000066813.14,ACSM2B,-0.5916771550824301,NA,0.5540667971212467,0.010163923802592175,0.03518517183109115,0.0133622362272014,NA,39,47,47,0.14911150891177674,0.11786405586546525
ENSG00000215845.10,TSTD1,0.5915398463148991,NA,0.5541587651042161,0.02930598762640632,0.03058811535618822,0.022119110182681083,NA,69,81,81,9.174810093951656e-07,0.13939711338475896
ENSG00000105854.12,PON2,0.5914696465774548,NA,0.5542057870434779,0.02643480395863348,0.1761076268938874,1.1770536857830886e-08,NA,41,42,42,0.0019529680395395192,0.06396203150307947
ENSG00000136875.12,PRPF4,-0.5914521239752664,NA,0.5542175245248696,0.09022326619298472,0.4510001294675525,9.280875415898764e-26,NA,11,11,11,0.19220000474583965,0.08725428537660318
ENSG00000100577.18,GSTZ1,0.5913093965306205,NA,0.5543131347598769,0.03555274175904821,0.2718111597264806,7.963444339314694e-15,NA,51,53,53,0.10063270991891617,0.11907932158514314
ENSG00000081665.13,ZNF506,-0.5911657359221045,NA,0.5544093782513075,0.05635464225830687,0.21037641931783327,2.0865113537076901e-10,NA,25,29,29,2.922283897459077e-05,0.15429525257765608
ENSG00000263753.6,LINC00667,0.5906614546151637,NA,0.5547472794235722,0.05156983520450387,0.3423999897256198,2.587828109753076e-19,NA,19,19,19,0.0025564064614141853,0.12836419682843808
ENSG00000105088.8,OLFM2,0.5904950379350009,NA,0.5548588114830859,0.04889025567898984,0.16242556737678024,1.430175145591143e-08,NA,21,25,25,0.0037067065777045853,0.15361283518593571
ENSG00000188897.8,CTD-3088G3.8,0.5902969351030222,NA,0.5549915938149697,0.008327046505068707,0.07431913044226225,0.00029223039984799265,NA,17,17,17,0.020676086480085357,0.09263509427679302
ENSG00000156299.13,TIAM1,-0.5898326840545115,NA,0.5553028280700725,0.013631067729333427,0.10246963729353023,1.6260431837669553e-05,NA,14,14,14,0.0003325300160301742,0.0836426565872239
ENSG00000142856.16,ITGB3BP,-0.5883907430021791,NA,0.5562700497586975,0.17953551117167085,0.4733676514180043,2.373910072610964e-27,NA,46,46,46,0.20014019485695833,0.19535640059807888
ENSG00000197044.10,ZNF441,0.5879943922734007,NA,0.5565360568301319,0.006718589722218207,0.06332569130140214,0.0008908217924494967,NA,13,20,20,0.08283753338929262,0.03904630153167545
ENSG00000165985.9,C1QL3,0.5870665287583177,NA,0.5571590261367789,0.20810175370129924,0.4889753358427323,5.555921211594059e-29,NA,28,30,30,0.029480279404499862,0.15545445731930896
ENSG00000132122.11,SPATA6,0.5870041378474512,NA,0.5572009276948435,0.09318881206024733,0.2550147983461077,2.647460400003063e-13,NA,57,61,61,0.03035837738822202,0.4261792937292754
ENSG00000255455.2,RP11-890B15.3,0.5861590515166415,NA,0.5577686363936795,0.01157602208251416,0.16541027964096786,1.6875345338441958e-08,NA,12,13,13,0.4798359796024658,0.06719747506075424
ENSG00000082258.12,CCNT2,-0.5859682685141665,NA,0.5578968387608583,0.002374277703879634,0.032700785025935146,0.01410009000912996,NA,6,6,6,0.45357864523717895,0.02951990724660065
ENSG00000165916.8,PSMC3,-0.58569464954504,NA,0.5580807302610955,0.018757311860060445,0.1654742472716806,2.621510639199025e-08,NA,34,35,35,1.2125023783831336e-08,0.05588881003865008
ENSG00000109066.13,TMEM104,0.5851906419484647,NA,0.5584195365196089,0.005884019897519809,0.0380100337364573,0.010249689192298472,NA,22,24,24,0.00952506160975334,0.08372719121181334
ENSG00000215915.9,ATAD3C,-0.5833143591880797,NA,0.5596816978877182,0.001659415854274792,0.11105018266260176,6.922573922910761e-06,NA,1,5,5,0.5596816978877182,0.09069899951196304
ENSG00000101158.13,NELFCD,-0.5814055634348615,NA,0.5609671487626973,0.0534652693910614,0.2288994329061016,1.4036997526520548e-12,NA,14,15,15,0.0017511918791481122,0.14746627558821904
ENSG00000142875.19,PRKACB,0.5812169233922019,NA,0.5610942632211764,0.007946404593878078,0.12711042281400428,1.8677507018957093e-06,NA,40,40,40,0.01254415155620018,0.06846383924784255
ENSG00000108010.11,GLRX3,-0.5797298354511266,NA,0.5620968202045065,0.0010588376484088537,0.11188574646802177,6.782621285522556e-06,NA,20,20,20,0.42033654553862787,0.0046982210157220676
ENSG00000078369.17,GNB1,-0.5796017050458246,NA,0.5621832429570724,0.0008141821957910617,0.05340302038528795,0.0023512956330236463,NA,13,16,16,0.03477695875801452,0.050824110409293084
ENSG00000189159.15,HN1,-0.5796005108411763,NA,0.5621840484670602,0.0029407342839236116,0.057218025382069625,0.0013699111258398758,NA,32,35,35,0.06986969269063187,0.07475435642432146
ENSG00000156885.5,COX6A2,0.5790339553766667,NA,0.5625662619824234,0.046494500683005605,0.03503921836895147,0.010597752081498426,NA,29,30,30,0.032182992254104086,0.3320175548102913
ENSG00000237248.4,LINC00987,-0.5786512969654641,NA,0.5628244845724041,0.10517317436549738,0.2905900953295778,7.615780092384869e-17,NA,23,24,24,0.00020830513938658213,0.28994842814266103
ENSG00000157259.6,GATAD1,-0.5785280911191376,NA,0.5629076375598869,0.016303642933646334,0.10581771598823712,9.344042079615075e-06,NA,18,19,19,0.02902911473758079,0.12781087854996187
ENSG00000177697.17,CD151,-0.5783099045947304,NA,0.5630549085987716,0.08109329277144449,0.4460623479467529,2.595697707312771e-26,NA,23,29,29,0.00010076636471112749,0.06319679369456672
ENSG00000256053.7,APOPT1,-0.5780581530998351,NA,0.5632248583359347,0.020238232732361153,0.13024946071559296,1.0816326373159133e-06,NA,19,21,21,0.00445634031810463,0.12811757547045896
ENSG00000127311.9,HELB,0.5778850714567384,NA,0.5633417148098179,0.010173484378874866,0.10654373327774193,9.855068074851262e-06,NA,10,10,10,0.40888285762255416,0.05071489101403797
ENSG00000175164.13,ABO,0.5763707532755034,NA,0.5643646085003917,0.04869617246467938,0.15314004434209186,1.1824418370899572e-07,NA,29,31,31,0.0005531353167312601,0.11730713328033032
ENSG00000231887.6,PRH1,0.575882836242159,NA,0.5646943776874774,0.04457342507125307,0.26556457052922744,2.476937499943577e-13,NA,40,64,64,0.18142046409159684,0.20389414156535995
ENSG00000183496.5,MEX3B,0.5748221874237059,NA,0.5654115595501239,1.1182549464257647e-06,0.031320421861795615,0.018543759417464875,NA,1,2,2,0.5654115595501237,0.001498578449895413
ENSG00000156398.12,SFXN2,0.5746133720265585,NA,0.5655528063871993,0.016042683926015874,0.18309534422796667,2.8373296025719047e-09,NA,5,5,5,0.24728105200815398,0.135542898621317
ENSG00000183230.16,CTNNA3,-0.5745110650853921,NA,0.5656220149986154,0.02809717711258756,0.03740249276226623,0.0094326725411549,NA,158,162,162,4.524867172600199e-05,0.11763205724273736
ENSG00000118596.11,SLC16A7,-0.5741933139534877,NA,0.5658369932567471,0.03254142439855892,0.22137029620640505,5.4581672862312604e-11,NA,79,81,81,0.004455353408068184,0.04725020295089743
ENSG00000160124.9,CCDC58,0.5737588051194988,NA,0.5661310288011934,0.004253911141877459,0.06901619829510709,0.0004813399481737554,NA,12,13,13,0.17592080039981406,0.03978069428025331
ENSG00000128313.2,APOL5,-0.5729396630863316,NA,0.5666855480100503,0.10795118418440285,0.3351422359492969,2.1212387070870433e-17,NA,43,49,49,0.00014639490211004492,0.14717672572821705
ENSG00000283632.2,EXOC3L2,0.5726748122446871,NA,0.5668648948143226,0.01773873801778312,0.1744638349805352,7.0620009480492725e-09,NA,46,48,48,0.00042414097199670354,0.12338518095771635
ENSG00000271553.1,RP11-274B21.10,-0.5724948450558367,NA,0.5669867771970316,0.04674796522523448,0.1728392847502302,1.1961945584675542e-08,NA,52,54,54,0.013335072609434496,0.08660653747899287
ENSG00000249476.1,CTD-2587M2.1,0.5724456499356967,NA,0.5670200966696566,0.007760888513762146,0.10834308099885982,8.191521469711803e-06,NA,21,21,21,0.1970255073988446,0.04436035824374171
ENSG00000178904.18,DPY19L3,-0.5721625853140231,NA,0.5672118323694844,0.004860229126001869,0.05224153656370757,0.002617728429413241,NA,22,22,22,0.0804459214089866,0.025866330228972414
ENSG00000124568.10,SLC17A1,0.5719397664070129,NA,0.5673627820798522,1.2375506737109363e-06,0.1375884466303572,1.768480069858255e-07,NA,1,17,17,0.5673627820798522,0.002458567889191599
ENSG00000167723.14,TRPV3,-0.5715448752714749,NA,0.5676303501824125,0.15110324685820775,0.3891691177017161,5.4043038077481434e-21,NA,26,27,27,0.005632869244880498,0.3602874081316798
ENSG00000109670.13,FBXW7,0.5714354165601119,NA,0.5677045272890402,0.020649792568984984,0.024294085913046274,0.04286519250962527,NA,45,48,48,6.035066378855153e-05,0.12976169386847458
ENSG00000157388.15,CACNA1D,0.5710623251441741,NA,0.5679573957609778,0.02288458323045746,0.0665498231401427,0.0004692052295592132,NA,43,48,48,0.00020841224063654983,0.1961395203625938
ENSG00000164535.14,DAGLB,-0.5704828026277636,NA,0.5683502829402438,0.03470512881923418,0.15720852761778084,5.4922282210884096e-08,NA,22,23,23,0.001001361348971017,0.07907225513318775
ENSG00000125844.15,RRBP1,0.5698475127829369,NA,0.5687811268325951,0.00905048597916638,0.11816523376258105,3.554105094323056e-06,NA,29,30,30,0.018356150745312615,0.1761359906760968
ENSG00000221944.6,TIGD1,0.5697580352437772,NA,0.5688418216722888,0.004083794621437881,0.06182360890660419,0.0010212701395792218,NA,7,8,8,0.14539088121347754,0.0542921913750635
ENSG00000070601.9,FRMPD1,-0.569633174919006,NA,0.5689265227068843,0.00738070764833065,0.06212271792663941,0.0009675871218862393,NA,17,17,17,0.2102975135711017,0.03046736243480468
ENSG00000067365.14,METTL22,-0.5695430248286105,NA,0.568987681233966,0.02112662586272825,0.07230184970270613,0.0004025941855061922,NA,23,24,24,0.062272926294089766,0.12778917193276984
ENSG00000112701.17,SENP6,0.5687762044716144,NA,0.5695080250907705,0.0018921722171193747,0.06777458692721078,0.0003979302536391817,NA,3,3,3,0.594744857949459,0.19223484046975214
ENSG00000076053.10,RBM7,0.5680702977518133,NA,0.5699872352471071,0.01223522741122872,0.04791701820514861,0.0030160305801025713,NA,32,34,34,0.005660178580206874,0.12977643705894532
ENSG00000109270.12,LAMTOR3,-0.5677718699271705,NA,0.5701898830631875,0.05645871854354762,0.03545645745351746,0.014167361051879337,NA,160,165,165,0.0015902844323379347,0.19566323411427025
ENSG00000174373.16,RALGAPA1,0.5672918744095258,NA,0.5705158966942286,0.019192087681784282,0.14841864472498464,8.726271089937369e-08,NA,41,42,42,0.3593442914726429,0.03795035636481232
ENSG00000133985.2,TTC9,0.5667954300015696,NA,0.5708531758348658,0.03517363778725054,0.20540876873552175,3.272237296815592e-10,NA,21,22,22,0.16167970637574824,0.10999979738770656
ENSG00000087085.13,ACHE,0.5664915788351004,NA,0.5710596559703831,0.1174079253110115,0.2787040082537736,2.9295123899769264e-14,NA,58,62,62,0.0006488657525904733,0.16386081824786547
ENSG00000125166.12,GOT2,0.5663463270825725,NA,0.5711583734365419,0.0052608432614883885,0.03152578773502162,0.021464023058622068,NA,25,26,26,0.3573100177009365,0.06372647545031691
ENSG00000070018.8,LRP6,-0.5660932652232749,NA,0.5713303812974562,0.004161584137260134,0.06254868405733613,0.0009243624675053693,NA,9,10,10,0.12511468490125346,0.03548468217382262
ENSG00000101115.12,SALL4,-0.5660409978331488,NA,0.5713659108675243,0.015371092931755634,0.08114745302940958,0.00015494242166277876,NA,27,31,31,2.3302883844078817e-06,0.21554388550393072
ENSG00000162551.13,ALPL,-0.5657554893656925,NA,0.5715600082337632,0.006365955205236758,0.03762272381097709,0.009721287697777572,NA,29,30,30,0.0008549940695514668,0.06491603002779814
ENSG00000152932.7,RAB3C,0.5657359975955256,NA,0.5715732604772515,0.01613572015153199,0.03022915886075398,0.022496735906184968,NA,38,39,39,0.0023884252049745035,0.1972325785102528
ENSG00000262165.2,RP11-81A22.5,-0.564878691111959,NA,0.5721562783883407,0.027954655663984942,0.04843875646794675,0.0023843129903216623,NA,16,18,18,0.03386593977719607,0.2730046503117572
ENSG00000104497.13,SNX16,0.5645122230470637,NA,0.5724055840115088,0.06204232258283949,0.2693292699783265,1.3636232536712826e-13,NA,67,68,68,0.11864469140516586,0.09112662333792436
ENSG00000125454.11,SLC25A19,0.5641600776897934,NA,0.5726451945947393,0.00738589315290141,0.11526502384195515,6.292117440128332e-06,NA,10,10,10,0.5375098565295356,0.0306092238394112
ENSG00000119632.3,IFI27L2,0.5641591813743725,NA,0.5726458045362002,0.008725592932667264,0.07567375503290716,0.00026934932333315425,NA,35,35,35,0.016220462884794853,0.040331649959229714
ENSG00000182544.8,MFSD5,-0.5639035428735876,NA,0.5728197787857165,0.001799865629138302,0.023204635464084213,0.04767556902356941,NA,7,7,7,0.08103906275554382,0.029601808433480214
ENSG00000258572.1,RP11-1070N10.3,0.5616852045059204,NA,0.5743305166545447,0.004856035524582604,0.09359153381737544,2.2961076656174663e-05,NA,1,1,1,0.5743305166545447,0.1072640144971217
ENSG00000168234.12,TTC39C,-0.560678701569223,NA,0.5750165890734273,0.004724174839293899,0.02846064953251172,0.02920365286201993,NA,15,17,17,0.008146970345350727,0.18775046286103092
ENSG00000198130.15,HIBCH,-0.5601346107361158,NA,0.5753876243096003,0.0929971440273376,0.4517371741016554,2.0995746065382664e-25,NA,72,78,78,5.435679558701044e-05,0.061292881543655926
ENSG00000134744.13,ZCCHC11,-0.5599567345723566,NA,0.5755089490393352,0.022248065772909803,0.09511635166834648,2.7406099291285397e-05,NA,69,76,76,1.5510017681036297e-06,0.07695597812170157
ENSG00000116396.14,KCNC4,-0.5597892218388371,NA,0.5756232161907249,0.002606361198258191,0.0224396293018306,0.04872102250374345,NA,8,8,8,0.03806391331556437,0.045594007515066405
ENSG00000174327.6,SLC16A13,-0.5592383415201558,NA,0.5759990692926976,0.002985399410175525,0.038798951482379884,0.010546817773881141,NA,11,11,11,0.12006136479270152,0.05197994483598167
ENSG00000241043.1,GVQW1,0.5590408417839879,NA,0.5761338470733913,0.02932391715083516,0.04881450272881938,0.0031788736833028896,NA,42,44,44,0.0018782886471157129,0.09082337311492474
ENSG00000066926.10,FECH,0.5589938824375053,NA,0.5761658952631723,0.01679981337920621,0.08317595392722978,0.00012749637952327628,NA,28,30,30,0.04116188555767235,0.32598401174179903
ENSG00000169976.6,SF3B5,-0.5585680437052744,NA,0.5764565544122295,0.008631179517523214,0.11755348667738655,3.2256919127938547e-06,NA,31,33,33,0.001843659608623523,0.12265922158829115
ENSG00000187741.14,FANCA,0.5559304851642602,NA,0.5782583771242629,0.054207329653515615,0.2318126951515909,6.3254697371135176e-12,NA,22,22,22,7.406421599850826e-06,0.12060766434190147
ENSG00000115459.17,ELMOD3,-0.5547884404502269,NA,0.5790393747321119,0.004296131197203978,0.028194649583131462,0.027923218220877653,NA,25,25,25,0.09305051011007834,0.05068322422096432
ENSG00000124422.11,USP22,-0.5541786261758221,NA,0.5794566045052998,0.005111683930435754,0.06850878327757623,0.0006175748139218763,NA,13,16,16,0.06841534219780555,0.04956286679864698
ENSG00000248636.6,RP11-768F21.1,0.553624810808623,NA,0.5798356424964719,0.1289942408795689,0.3504914304168725,4.883454024884597e-19,NA,14,14,14,0.12239068536674537,0.0587474195890486
ENSG00000284237.1,RP11-328D5.4,-0.553512412564948,NA,0.5799125834164809,0.034698335976874425,0.0852648143083582,0.00011278866583079023,NA,41,42,42,0.0006916555035588979,0.20324440261269935
ENSG00000100055.20,CYTH4,0.553285961973693,NA,0.580067612090985,0.0036061437523629853,0.09278371366904574,5.7650807739468246e-05,NA,17,18,18,0.1207114810507637,0.16854891294565436
ENSG00000119414.11,PPP6C,-0.5532259003134719,NA,0.5801087337221784,0.002926122848541694,0.04568051873254491,0.005261072732787158,NA,35,36,36,2.1202081974684923e-18,0.06250448506239732
ENSG00000132952.11,USPL1,-0.5516235417449692,NA,0.5812063037668478,0.02508129807646607,0.026083220829908424,0.03719654345894463,NA,80,91,91,8.624339614544564e-05,0.21260737858615048
ENSG00000165929.12,TC2N,0.5512157814496164,NA,0.5814857629680531,0.030229813934228033,0.16802338563900612,4.37770593949713e-09,NA,13,14,14,0.048799975266484164,0.06352529224141809
ENSG00000164251.4,F2RL1,0.5506851401930267,NA,0.5818495329053142,0.037900656737986246,0.17677341112859565,6.041349826658817e-09,NA,49,54,54,0.0037748959787981813,0.13444702393952035
ENSG00000171723.15,GPHN,0.5505068464785733,NA,0.5819717822715402,0.018115964499711888,0.055147009837392784,0.0022341752813291654,NA,28,29,29,0.016750314199626682,0.08269410524293078
ENSG00000270127.2,RP11-526I2.5,-0.5495700730026405,NA,0.5826142900778922,0.16143166146564802,0.447540348059152,2.803246102523486e-26,NA,20,20,20,0.005490537753781265,0.25344276937215904
ENSG00000158806.13,NPM2,-0.5493876329806113,NA,0.5827394593019277,0.02350604392143392,0.0768918440342935,0.00021170017210277568,NA,21,22,22,0.005264648302551468,0.10834048506357576
ENSG00000223784.1,LINP1,0.5483731156813959,NA,0.583435732420992,0.029043345844163418,0.07361860210508672,0.0003766683538399554,NA,42,44,44,0.006368140730987994,0.15351697019581426
ENSG00000188725.7,SMIM15,-0.5480163930228134,NA,0.583680646759936,0.0029529527510825564,0.04034339511458419,0.007851594223523207,NA,15,16,16,0.3553812346357619,0.18051985163368264
ENSG00000064115.10,TM7SF3,0.5469255056251308,NA,0.5844299120871816,0.032109843501413896,0.22084580363499995,1.4107875775932715e-11,NA,52,53,53,0.18412823219431762,0.11050360387655003
ENSG00000071894.16,CPSF1,0.5466182264533567,NA,0.5846410445234331,0.3262321937164806,0.6455313463950642,1.1855128836854333e-46,NA,24,27,27,0.028073426042660606,0.2443875036896666
ENSG00000144026.11,ZNF514,-0.5464522436605668,NA,0.584755106549651,0.10157483653672376,0.4073124367892248,1.6092861379360726e-22,NA,29,33,33,0.003993454398696002,0.15672440946761207
ENSG00000032742.17,IFT88,-0.5461281411753801,NA,0.5849778569659374,0.011098500926183103,0.06624361848129612,0.0006352849982223593,NA,37,39,39,0.008948876525427214,0.07297113133606224
ENSG00000171055.14,FEZ2,-0.5461252542500261,NA,0.5849798412804221,0.0054910501463860985,0.03261870562312304,0.017348385701826608,NA,13,15,15,0.0031673276189305394,0.06229097405469261
ENSG00000142677.3,IL22RA1,0.5460029321398349,NA,0.5850639216786497,0.012816363896544692,0.09123138389510398,6.290730842361292e-05,NA,22,22,22,0.0008274301389999912,0.07665646964512406
ENSG00000133121.20,STARD13,0.5448332109176319,NA,0.5858682350018276,0.01077531902947446,0.09438506538463316,2.706895642623489e-05,NA,7,8,8,0.4651640599673008,0.02675596505162604
ENSG00000174996.11,KLC2,0.5447103348872522,NA,0.5859527557013108,0.004455140269467821,0.0512986758922897,0.002058942247107781,NA,19,19,19,0.006104048615638821,0.12006798176389487
ENSG00000254343.2,RP11-760H22.2,-0.5444056631583859,NA,0.5861623495985226,0.018193903555658506,0.06089607804019029,0.0012259138481546595,NA,54,54,54,1.1671779679302007e-05,0.12992335213194078
ENSG00000124659.6,TBCC,0.5431811706535679,NA,0.5870050695672109,0.012991537768005613,0.028714580038820114,0.027530265451039898,NA,26,26,26,0.00027183727009601,0.1596128609672163
ENSG00000227634.2,LINC01714,0.5430219652227134,NA,0.5871146791030213,0.013635558738069164,0.06895261308702548,0.0005201104824258897,NA,26,30,30,1.367329698614777e-05,0.16918425798109685
ENSG00000275342.4,PRAG1,-0.5430193122299506,NA,0.5871165057121037,0.004050987887012039,0.024581466143309368,0.03895891345273143,NA,8,8,8,0.07016113558402856,0.026814900150266927
ENSG00000125629.14,INSIG2,0.5427824360585214,NA,0.5872796076656747,0.011549170931210124,0.04769017479170725,0.004442866857198507,NA,39,39,39,0.051899461287422975,0.12047441782901268
ENSG00000125746.16,EML2,0.5424254980790519,NA,0.5875254182239085,0.0019491073952828204,0.04544904888133211,0.0051436906746346435,NA,18,18,18,0.3694333329787586,0.05953650431306565
ENSG00000152292.16,SH2D6,0.5411801309078206,NA,0.5883834311278016,0.07753599451900213,0.15713714199054318,5.350979504554284e-08,NA,39,39,39,0.054769004071672706,0.1936990566320127
ENSG00000122643.18,NT5C3A,-0.5411035843185927,NA,0.5884361878372248,0.02136580572637515,0.07808605098149023,0.00021794442993867724,NA,61,64,64,0.0028657735879633224,0.2555638448437553
ENSG00000104147.8,OIP5,0.5406900916556471,NA,0.5887212090813175,0.0119299026471106,0.029564954996515732,0.02497335527513785,NA,12,12,12,0.23086199872325763,0.05465957399679089
ENSG00000189190.9,ZNF600,-0.5406750025147311,NA,0.5887316112590281,0.007689436058846977,0.2680222328639743,1.62558075333392e-13,NA,10,11,11,0.37843346414399814,0.08212413943672524
ENSG00000161328.10,LRRC56,-0.5406305908290828,NA,0.5887622283551306,0.021315821113066645,0.045979753235068144,0.00457332056156267,NA,24,26,26,0.008428260316991261,0.24854518526375965
ENSG00000050748.17,MAPK9,-0.5381182548037847,NA,0.5904954104576592,0.00909168892532716,0.09585814772180017,3.422061427060894e-05,NA,13,17,17,0.008999743497406143,0.09532685301260307
ENSG00000137877.9,SPTBN5,-0.5373980803463976,NA,0.5909926690479507,0.045849619198849764,0.20565393782203176,1.8727964817001046e-10,NA,24,25,25,1.316355889058279e-10,0.1135001298914783
ENSG00000184465.15,WDR27,0.5371427130487457,NA,0.5911690386487387,0.008930572662221928,0.13824219345221564,2.6995056648223576e-07,NA,34,34,34,0.2583227510788634,0.02740707309884463
ENSG00000198732.10,SMOC1,0.5359761497792436,NA,0.5919750339590346,0.006637259933138682,0.09569034894783544,3.529344199483021e-05,NA,16,18,18,0.12070637375159181,0.10764917231652596
ENSG00000164163.10,ABCE1,-0.5357536417482858,NA,0.5921288252220129,0.0003055769459155424,0.06499532239506386,0.0007197020149417785,NA,2,2,2,0.5897992318814419,0.028154396799572188
ENSG00000131941.7,RHPN2,0.5355648658981702,NA,0.5922593161309737,0.01823533488041941,0.14360289989344766,1.544351083344705e-07,NA,35,35,35,0.0010865671990356923,0.07360750401304554
ENSG00000171928.13,TVP23B,-0.5351853054620902,NA,0.592521726412226,0.014474018296987416,0.21766361066616288,3.642529949637197e-11,NA,9,9,9,4.362236144018241e-06,0.031415439133932424
ENSG00000136783.9,NIPSNAP3A,0.5348116971963676,NA,0.592780073704963,0.006487476552547265,0.09503182892349768,2.915804220801717e-05,NA,13,14,14,0.0014874842589301755,0.07140493930724061
ENSG00000111877.17,MCM9,0.534287718106131,NA,0.5931424882554109,0.005212146648007766,0.06948380075147725,0.0005304990937797429,NA,23,23,23,0.13292291948173765,0.0898059151221387
ENSG00000196981.3,WDR5B,-0.5340823309245958,NA,0.5932845737163419,0.025920260982784243,0.11772454965184415,4.117086226480563e-06,NA,42,44,44,4.454623992624669e-14,0.25235086755860464
ENSG00000054983.16,GALC,-0.5332746415689107,NA,0.5938434788706027,0.14855865639693994,0.5267216157652908,1.8920865333060527e-32,NA,79,80,80,3.4949566062417264e-05,0.09193753461483534
ENSG00000224943.1,RP11-180D21.3,0.533247460170413,NA,0.5938622920533437,0.0015507895057021068,0.03120345955759476,0.02147023524749057,NA,12,12,12,0.19281214887137155,0.08660837077418349
ENSG00000164010.13,ERMAP,-0.5327384180469841,NA,0.594214668013206,0.02014747717387979,0.13158568673491516,1.0006240397571717e-06,NA,29,29,29,0.03381062029908486,0.09375927500419357
ENSG00000170425.3,ADORA2B,-0.532621108968409,NA,0.5942958868280794,0.06361420962510711,0.23979033350434015,7.596312280097835e-12,NA,24,25,25,0.02585094688486573,0.13510566609643154
ENSG00000111832.12,RWDD1,-0.532302170095031,NA,0.5945167294678035,0.00507825994490218,0.02575303390360091,0.03863168750305557,NA,42,43,43,0.00022622342848447398,0.04430217807990031
ENSG00000127124.14,HIVEP3,0.5321849522665827,NA,0.5945979039572296,0.005515213741139495,0.03129521171426232,0.019533558484962056,NA,8,8,8,0.3956224912597651,0.03750035935521887
ENSG00000261672.1,RP11-475B2.1,0.5317960451045131,NA,0.5948672622279045,0.011018051192602324,0.0877511661345643,8.141464890497747e-05,NA,7,7,7,0.25272077372343693,0.1289129474516338
ENSG00000112304.10,ACOT13,0.5317935946821768,NA,0.5948689595744466,0.005715608838039642,0.06952989379084135,0.0004211278043397093,NA,53,58,58,0.0029483820831065722,0.03620823916435376
ENSG00000176953.12,NFATC2IP,0.5315359422795719,NA,0.5950474413203515,0.012732923616777338,0.055728632751304734,0.001974712501518391,NA,25,25,25,0.021220159935564798,0.10264026555046013
ENSG00000132740.8,IGHMBP2,0.531375977781998,NA,0.5951582647076028,0.33317602737159135,0.5900360154436,9.557031039099142e-39,NA,83,97,97,0.00023792632130174515,0.234992162723406
ENSG00000165650.11,PDZD8,0.5311033344386354,NA,0.5953471736977562,0.0032982316068731867,0.08527703712333955,7.975710645506539e-05,NA,51,52,52,0.007492223796486913,0.044640770500896286
ENSG00000101363.12,MANBAL,0.5304145423261531,NA,0.5958245454822748,0.011708347769822271,0.06937762707328186,0.00032925826119301917,NA,9,9,9,0.015134663201428334,0.10592558158312812
ENSG00000104915.14,STX10,-0.5299954471734094,NA,0.596115087429601,0.0016800644371598552,0.055713446506820835,0.0021185980999934247,NA,6,7,7,0.5325010699255961,0.10436763979665946
ENSG00000167800.9,TBX10,-0.5295632947065261,NA,0.5964147490809671,0.013100517234525093,0.081253239595258,7.421751011152851e-05,NA,29,30,30,0.4185215830647,0.08223810822032879
ENSG00000133328.3,HRASLS2,-0.5292705124824078,NA,0.5966178080827818,0.007735690180140762,0.035241028056620494,0.011513821616026338,NA,8,9,9,0.07999262822268877,0.06906050892002392
ENSG00000114857.17,NKTR,0.5292687282480122,NA,0.5966190456343612,0.0013739816344265996,0.057449893630597035,0.0015595982745132387,NA,14,14,14,0.5493982500204893,0.013107097112982968
ENSG00000141380.13,SS18,-0.5279282786792192,NA,0.5975491164603759,0.006031681035203412,0.04674495001662973,0.0042891305440820645,NA,17,17,17,0.320948648356295,0.03606902478019924
ENSG00000103269.13,RHBDL1,0.5279213072983331,NA,0.5975539552745119,0.008810825725967588,0.08375951229016983,0.00013653563843525778,NA,8,9,9,0.0036814680129373858,0.09985967251831873
ENSG00000011275.18,RNF216,0.5275748793527254,NA,0.5977944322782844,0.034362583824478765,0.03744932869722256,0.012313888013076587,NA,49,56,56,0.0023884176481544497,0.2930818278973063
ENSG00000100299.17,ARSA,0.5275500619013526,NA,0.597811661289426,0.12097585944352615,0.4162177155073981,1.3961827000286558e-23,NA,18,18,18,3.1357655299438564e-05,0.4838543656019028
ENSG00000119559.15,C19orf25,-0.5269810909464311,NA,0.5982067196611764,0.0023326303821794587,0.03329677872716515,0.017843052311693468,NA,12,15,15,3.286521614985317e-05,0.06474180723376445
ENSG00000235142.7,RP1-60O19.1,0.5266602334916545,NA,0.5984295555548125,0.19392020632142593,0.5059745632227886,2.9787335081001565e-30,NA,58,62,62,0.12968219723999475,0.1713998535220527
ENSG00000182253.14,SYNM,-0.526569522591183,NA,0.5984925612148186,0.010260249234195227,0.08516064510836173,9.944508363683904e-05,NA,10,11,11,0.48243099088359676,0.11547666881658072
ENSG00000145736.14,GTF2H2,-0.5265645355557935,NA,0.5984960251796989,0.0029525664507314164,0.22975650769519276,2.074917296033562e-11,NA,11,19,19,0.06977867039451245,0.04311385565501224
ENSG00000197177.15,ADGRA1,-0.5263802435636438,NA,0.5986240396710891,0.02006065716910967,0.050266024301427376,0.0030176684077047352,NA,15,17,17,0.24988870617987424,0.09494783230061256
ENSG00000119147.9,C2orf40,0.5263255310179259,NA,0.5986620469618862,0.005486216657274012,0.07254868411715548,0.0003109390431023092,NA,9,9,9,0.01964364388219917,0.07918535701245323
ENSG00000104472.9,CHRAC1,-0.5262948467843568,NA,0.5986833629284962,0.013286466489492103,0.08322786746045749,0.00011091049352776304,NA,19,22,22,0.4773633148811106,0.0997003198535822
ENSG00000165312.6,OTUD1,-0.5257604833921773,NA,0.5990546339097749,0.06562200295797802,0.27714855508074604,2.369994443333141e-14,NA,32,34,34,0.24553986077931833,0.0960633701094248
ENSG00000095209.11,TMEM38B,-0.5257207022058693,NA,0.5990822777010723,0.0031743227400994776,0.02496352283447305,0.03217032717805195,NA,22,23,23,0.00038373200497873234,0.13528787394426536
ENSG00000118961.14,LDAH,-0.525355533042918,NA,0.5993360593362291,0.03242421501995171,0.228948972922802,2.1531089415285698e-11,NA,20,20,20,0.028147410483455645,0.0859991075749279
ENSG00000136457.9,CHAD,-0.5251529205367472,NA,0.5994768899662787,0.004453678765649342,0.11363514234358027,4.556548651649662e-06,NA,5,5,5,0.3508145990288185,0.03642328545023179
ENSG00000143771.11,CNIH4,0.5242660018085348,NA,0.600093540191304,0.03378938750952752,0.3431604580270146,1.0423251217332823e-17,NA,79,79,79,2.5658229741156018e-05,0.11445843671507272
ENSG00000128309.16,MPST,0.5228085594842931,NA,0.6011074824989631,0.013903787599804589,0.1299828500977271,4.4068450788231355e-07,NA,32,32,32,0.005206667303126976,0.08179567039011769
ENSG00000248144.5,ADH1C,-0.5226023814734574,NA,0.6012509829341056,0.011433989378835812,0.17375617344716696,1.4236688412668002e-08,NA,18,19,19,2.024117710809207e-08,0.18073210348926289
ENSG00000117174.10,ZNHIT6,0.5217353932945986,NA,0.601854578145379,0.002579071099290609,0.06929579174374081,0.0005649226074391216,NA,35,36,36,0.31580120944102463,0.021321639782000808
ENSG00000166965.12,RCCD1,-0.5213248938900978,NA,0.6021404621856861,0.02199988787021398,0.07761330923561201,0.00022137401675109507,NA,49,50,50,0.005418896817119948,0.12558311243567286
ENSG00000185104.19,FAF1,0.5211428196121503,NA,0.6022672837387046,0.013148540019876167,0.034219441657155895,0.01640325222680198,NA,43,46,46,0.00373215343950301,0.07942805249480757
ENSG00000244067.2,GSTA2,0.5211238395318883,NA,0.6022805047680706,0.03188880669018694,0.2537322543558614,7.436906851029703e-13,NA,42,43,43,0.3246394642990589,0.060265740908291586
ENSG00000148468.16,FAM171A1,0.5202679485444641,NA,0.6028768319831299,0.02864900757290171,0.07099023204205693,0.000452826816745987,NA,22,26,26,0.010848639470356771,0.11224418053426864
ENSG00000120451.10,SNX19,0.5200928095443426,NA,0.6029988897922933,0.09074264263364898,0.5102245939918781,1.9512282740900618e-30,NA,16,16,16,0.269526912761721,0.04802143509344934
ENSG00000181240.13,SLC25A41,0.5197966493913785,NA,0.6032053149159112,0.010465140680384675,0.4199245904798902,4.444572479167131e-23,NA,29,38,38,0.012281518220106214,0.3957170911915406
ENSG00000141576.14,RNF157,-0.5194384828998889,NA,0.6034550012269745,0.00899069168010999,0.07208014727726271,0.00043225164223674066,NA,14,17,17,0.12704946772397038,0.11602589706541915
ENSG00000108001.13,EBF3,-0.5185921572258125,NA,0.6040451793633481,0.024722776597457814,0.17673653851834073,9.707863571374825e-09,NA,41,42,42,1.1283023149327337e-09,0.1517090473584548
ENSG00000042445.13,RETSAT,0.5179860794271431,NA,0.6044679818729058,0.0041295421577674275,0.06306130600941705,0.001027310676236424,NA,16,18,18,0.00547072014730579,0.07812987832367342
ENSG00000237232.7,ZNF295-AS1,-0.5176845344926921,NA,0.6046783903948121,0.04603467434476409,0.2866699008988008,1.0292353272046902e-14,NA,35,37,37,0.0019012416018974368,0.24493574562898665
ENSG00000226442.2,AC006037.2,0.5176526328690167,NA,0.6047006522608931,0.03398907700624958,0.1074400824044556,1.3001023740252255e-05,NA,81,88,88,0.002955150019746128,0.13817010560017925
ENSG00000131386.17,GALNT15,0.5164979121854887,NA,0.6055066967587073,0.033695868466344175,0.10619179012983394,1.4154021355242072e-05,NA,38,43,43,6.290842270469849e-05,0.28431834569440506
ENSG00000101282.8,RSPO4,-0.5156901278594991,NA,0.6060708507273378,0.028753759087194193,0.05924587028355152,0.001308510808572831,NA,51,65,65,0.0020031969491693426,0.11709242358282992
ENSG00000120254.15,MTHFD1L,-0.515377230847718,NA,0.6062894401652557,0.008299880437681711,0.024278850913871018,0.04475012051144961,NA,45,46,46,0.060127739735653045,0.10338995797491032
ENSG00000139211.6,AMIGO2,-0.5151737485773225,NA,0.6064316115278215,0.01859905466542735,0.13792823209613486,3.9195820539583774e-07,NA,34,35,35,0.003489472064281025,0.2566133528637178
ENSG00000160856.20,FCRL3,-0.5148465917925799,NA,0.6066602244841066,0.009399303082294249,0.08330063734999632,0.000107398328525709,NA,27,30,30,0.053648481329122116,0.02785882723457984
ENSG00000159445.12,THEM4,0.5144292503743726,NA,0.6069519131972103,0.05994959765648898,0.2544169312446566,6.404001720442754e-13,NA,47,49,49,0.021278415337848685,0.2884746664838518
ENSG00000043514.15,TRIT1,-0.5136056541613853,NA,0.6075277256661709,0.013975344523852205,0.17202361223560295,6.729084825239956e-09,NA,9,10,10,0.46028254167972116,0.06712305910593935
ENSG00000167740.9,CYB5D2,0.5127063852028418,NA,0.6081567225089355,0.0189628652902807,0.06734715232989942,0.0004932157437977089,NA,38,41,41,0.0001719828262858536,0.10699176561092777
ENSG00000167136.6,ENDOG,0.5124136820530192,NA,0.6083615173505855,0.023866699243670117,0.21431781620683465,8.840416174775154e-11,NA,9,9,9,0.4906358850871335,0.0462307258385868
ENSG00000243232.4,PCDHAC2,0.5123395916253709,NA,0.6084133608773069,0.00477427677270578,0.032342091139453834,0.019300844116638384,NA,14,14,14,4.829512454931909e-06,0.04881226380762056
ENSG00000189233.11,NUGGC,-0.5122372584775274,NA,0.6084849700071867,0.01194304244654193,0.14664969071531436,1.3232821152619062e-07,NA,26,27,27,0.006560718018570668,0.07801393114937344
ENSG00000157510.13,AFAP1L1,0.5122194687831115,NA,0.6084974189913133,0.01757912239589563,0.03773410298281439,0.009305199228933315,NA,57,61,61,0.012239292629137494,0.11729451864985035
ENSG00000180279.6,LINC01869,-0.5117260978219732,NA,0.6088427184104548,0.049159454646913646,0.1956296492000843,8.547008881168282e-10,NA,27,29,29,0.008365145312715727,0.3185299612744377
ENSG00000136717.14,BIN1,-0.511419877385992,NA,0.6090570791737168,0.0012400068777986208,0.03109600879205545,0.020172385336663518,NA,2,2,2,0.5785608408846834,0.03586385371673252
ENSG00000089163.4,SIRT4,-0.5112668402011477,NA,0.6091642210134284,0.002197006188943456,0.0392370711680012,0.009375338895742623,NA,10,11,11,0.5214678278872134,0.01877643239344544
ENSG00000139921.12,TMX1,0.5110825431327376,NA,0.6092932591278739,0.049141284554376816,0.1933500156790106,4.919915747280611e-10,NA,83,90,90,4.885389977101354e-06,0.07712362550243923
ENSG00000253433.1,NCRNA00250,0.5106654090818467,NA,0.6095853661260832,0.03703582960550314,0.13490426216625082,4.901027297747625e-07,NA,98,100,100,0.00040576747527608674,0.15268645678702206
ENSG00000111834.12,RSPH4A,0.5102317635504117,NA,0.6098891016131956,0.012035641288067006,0.028852642126418106,0.027255224813927326,NA,45,46,46,0.09267954161990555,0.054400288731177616
ENSG00000087077.13,TRIP6,0.5102248625576329,NA,0.6098939357735981,0.014670669937697818,0.08370965445803563,0.00013817127904755045,NA,41,42,42,0.001939623192362825,0.10350831489634978
ENSG00000282692.1,CTD-3212A4.2,0.5083314086153948,NA,0.6112209468084409,0.02531385990175237,0.038132596594127884,0.008564410867347045,NA,17,18,18,0.0017025422487715826,0.08376247903548209
ENSG00000179242.15,CDH4,-0.5081197422526614,NA,0.6113693708470016,0.012035705722638072,0.039006624966205085,0.009733455327543536,NA,20,25,25,0.00039837716146293005,0.2948583101312461
ENSG00000014164.6,ZC3H3,-0.5078159699329136,NA,0.6115824090370623,0.21527120854881582,0.4814014461561091,1.5044762861994925e-28,NA,22,28,28,0.014555816229729002,0.14260522769272888
ENSG00000203727.3,SAMD5,0.5072772882046229,NA,0.6119602720608431,0.025607612777718506,0.07926706594467563,0.0001353359708141636,NA,37,38,38,1.9558570968325979e-10,0.0884196100472094
ENSG00000260693.1,AC026150.8,0.5072026512516903,NA,0.6120126349535453,0.0022006207279713255,0.1171565451135428,2.81516953001809e-06,NA,16,50,50,2.7318600608113252e-08,0.05332393725598625
ENSG00000163161.12,ERCC3,-0.5061450579562253,NA,0.6127548214428895,0.019249042214283994,0.09180858599210924,5.2116809939050785e-05,NA,29,30,30,0.0022104965018852427,0.07297347821298389
ENSG00000067066.16,SP100,0.5057167940944259,NA,0.6130554769443491,0.006328139290221012,0.05183080679858089,0.003052672986184665,NA,22,22,22,0.030447589816695035,0.14440243402793124
ENSG00000112294.12,ALDH5A1,0.5039625399871462,NA,0.6142877010636445,0.029891644575382532,0.25176546262011795,1.0579660676938195e-12,NA,39,59,59,0.0006668911371996923,0.1383587482632801
ENSG00000033030.13,ZCCHC8,0.5032417187509219,NA,0.6147943367848429,0.003425375351845782,0.06048747067568964,0.0013718917177903292,NA,24,26,26,0.009860269827309327,0.15902696261357385
ENSG00000276529.1,AP001505.10,-0.5032359687470521,NA,0.6147983789662893,0.031228423215544376,0.2259427230286735,4.306560313714363e-11,NA,9,11,11,0.22675624530515215,0.07889158945697773
ENSG00000014914.20,MTMR11,0.5027584638949514,NA,0.6151340997661656,0.012956191333547877,0.1143831502553362,5.1800986628088015e-06,NA,5,7,7,0.0010019605547047323,0.09447837997533516
ENSG00000198467.13,TPM2,0.5022611305854576,NA,0.6154838471158073,0.03052800920746141,0.14175670377900915,3.6684647655409344e-07,NA,32,33,33,0.03198885592976285,0.08730880987036753
ENSG00000166006.12,KCNC2,0.5013851473346486,NA,0.6161000907298585,0.025634061271381584,0.14644139521830105,1.8698447142206947e-07,NA,17,18,18,0.09051335175363585,0.02465086716637836
ENSG00000196912.12,ANKRD36B,0.5011094339550449,NA,0.6162941077849846,0.012923537898719143,0.1732381887032627,6.227954693281875e-09,NA,10,14,14,0.08735284238212535,0.08501623893361701
ENSG00000128310.2,GALR3,0.5001283628169848,NA,0.6169846961584401,0.054077150851791614,0.18009582808679847,4.249647888698908e-09,NA,29,34,34,9.512485930036227e-07,0.15311476193102966
ENSG00000089685.14,BIRC5,0.49978841733799434,NA,0.6172240671697069,0.013541660377200612,0.09136013174254076,3.1571014986210664e-05,NA,8,14,14,0.07227372968741529,0.11016691308458712
ENSG00000124257.6,NEURL2,0.49902239441871643,NA,0.617763607663192,0.002943420045085531,0.032534208124648516,0.016617016867201025,NA,1,1,1,0.617763607663192,0.07402343023022609
ENSG00000197261.11,C6orf141,0.4986831891742536,NA,0.6180025893571981,0.02872792924026453,0.2171472601815592,1.130238991883967e-10,NA,25,27,27,0.0017094358891624234,0.045837040542221416
ENSG00000152217.16,SETBP1,-0.4984843353891677,NA,0.6181427074473943,0.024072975713047284,0.06350467078710917,0.0008680832215406383,NA,91,95,95,0.025663181531678483,0.10979303879128284
ENSG00000273381.1,RP11-305L7.7,0.4983795565129801,NA,0.6182165432418032,0.10005405613106894,0.09139830976757683,4.715071259776757e-05,NA,149,151,151,1.1716206925646156e-05,0.2725261865954022
ENSG00000166272.16,WBP1L,0.4972729254766822,NA,0.6189966015745586,0.00267438354100321,0.034559640687610985,0.01414272816069391,NA,10,11,11,0.00042547888100190047,0.05081559382477658
ENSG00000115274.14,INO80B,-0.49718449913374424,NA,0.6190589513688727,0.00689959394697179,0.08956457255119965,6.788100590838394e-05,NA,7,7,7,0.28964896275485996,0.14095334220390565
ENSG00000224914.3,LINC00863,0.4968612427678058,NA,0.619286904145616,0.03404646727983188,0.08675969650764424,9.248637692569372e-05,NA,43,46,46,0.0014944746572074315,0.37629833880807934
ENSG00000272541.1,XXbac-BPGBPG55C20.1,-0.4967330897926755,NA,0.6193772847420522,0.04133822717359798,0.232532874371528,8.620452159541358e-12,NA,29,36,36,0.0011568067005701388,0.15247286253209716
ENSG00000240972.1,MIF,0.49651909373470293,NA,0.6195282194736913,0.03233068468632694,0.22791198860678386,1.7654922252643836e-12,NA,12,18,18,0.06799328710977522,0.07535734838210563
ENSG00000132436.11,FIGNL1,-0.4963364084412154,NA,0.6196570829286417,0.062160753500802114,0.2779154122963617,1.042583185861344e-14,NA,34,34,34,0.14116479629767156,0.06550288915094495
ENSG00000156162.16,DPY19L4,-0.4954342449838971,NA,0.6202936267183845,0.00759313219328123,0.05441273932262127,0.0014996210490007258,NA,19,20,20,0.06630098136815157,0.057119258969608476
ENSG00000188672.17,RHCE,0.49448065533592034,NA,0.6209667648933378,0.09368313930402593,0.25196697542144353,1.7681626593299055e-13,NA,60,66,66,0.07704173276282955,0.0755722294460331
ENSG00000254685.6,FPGT,0.4943610329882134,NA,0.6210512286341223,0.018100071236874134,0.16562798773210338,2.6906864261786365e-08,NA,40,43,43,0.2759924839897102,0.15704665803195636
ENSG00000164266.10,SPINK1,0.4940531993610905,NA,0.6212686088077541,0.016857392203309354,0.023886434956279047,0.047297520249580616,NA,39,43,43,0.0035903636777317176,0.07742520633814683
ENSG00000183309.11,ZNF623,0.4940350082919221,NA,0.6212814556703772,0.005411075419354703,0.03864012770454886,0.010974458355101774,NA,30,32,32,0.03974527932234325,0.06972965445762104
ENSG00000198270.12,TMEM116,-0.49401320207281657,NA,0.621296855769536,0.03744037014885628,0.2768248589443094,8.782497495757495e-14,NA,65,68,68,0.03570247376701315,0.10850366996403114
ENSG00000179774.8,ATOH7,-0.4939431355743736,NA,0.6213463396119507,0.05463402372933335,0.30232876557426386,7.634961787524457e-17,NA,48,49,49,7.84608961897531e-13,0.11508150046386707
ENSG00000116649.9,SRM,-0.4935172354643681,NA,0.6216471646205205,0.0014538789309693015,0.043066942825706465,0.004462965524571079,NA,15,16,16,0.0002905524991993933,0.0986277674219256
ENSG00000141933.9,TPGS1,-0.49318920521746024,NA,0.6218789045534778,0.04633733268532801,0.09401066319778956,4.977628011032446e-05,NA,30,33,33,0.04726523988758669,0.20447520934590216
ENSG00000100603.13,SNW1,0.49282965790452454,NA,0.6221329530727633,0.002494373893699984,0.060689923538198735,0.0011754510172809838,NA,15,15,15,0.2048325606700674,0.0619730477835876
ENSG00000217442.3,SYCE3,0.49145748147052515,NA,0.6231029174414783,0.052360568795133455,0.09833110323870804,2.0688239951775767e-05,NA,21,23,23,0.007657244230469534,0.3453156420546225
ENSG00000273073.1,RP11-109E12.1,-0.4908164164146942,NA,0.6235562979855529,0.03470642623428489,0.2100038015803134,2.1484382516526204e-10,NA,14,16,16,1.8069595259254759e-06,0.10249568100464518
ENSG00000134193.14,REG4,0.49042180110502703,NA,0.6238354527887908,0.00821739254082865,0.0333424286142856,0.01582832169894649,NA,12,12,12,0.2688394538974733,0.04213427744075341
ENSG00000003056.7,M6PR,0.4901665431695238,NA,0.6240160535766415,0.0013450896164339198,0.02914963569644722,0.0223918055746056,NA,10,11,11,0.027895413829128312,0.022206862222509047
ENSG00000101474.11,APMAP,-0.48992545091995643,NA,0.6241866525717056,0.03528270263722527,0.12742097735013344,1.3557028289655956e-06,NA,144,148,148,3.734349608897335e-07,0.1620328762993304
ENSG00000197728.9,RPS26,0.4894412064452825,NA,0.6245293690977851,0.35414215222253403,0.7179082319452202,4.3040692984049276e-58,NA,52,53,53,2.2648623709620437e-05,0.3194449448527686
ENSG00000275491.1,LINC01730,-0.4893647367598431,NA,0.6245834967618871,0.05984547511806665,0.22785056848292945,1.8381599164154443e-11,NA,9,9,9,5.18913087713234e-08,0.15030132314186925
ENSG00000163131.10,CTSS,0.4888010689650068,NA,0.6249825411487844,0.025475256761975117,0.2602114670214299,1.050239666965474e-13,NA,24,26,26,0.3289542671626896,0.01530887614855571
ENSG00000113318.9,MSH3,-0.4887856285119713,NA,0.6249934736494405,0.047516642811074865,0.3516085140085153,2.5185252030124348e-18,NA,34,35,35,0.12529938555450026,0.09061922028361832
ENSG00000003147.17,ICA1,0.4885758803341537,NA,0.6251419924961408,0.30413895627021237,0.6183502123299752,6.8064724903845705e-43,NA,8,8,8,0.30858777162952233,0.1368312822187784
ENSG00000085377.13,PREP,0.4872368305209954,NA,0.6260905077120825,0.009917295923102257,0.03968925018187238,0.009836467687680263,NA,39,42,42,0.08937660909264923,0.19078692070414452
ENSG00000178700.7,DHFR2,-0.48712798221066017,NA,0.6261676375773507,0.004320121015248066,0.034433683139010164,0.013153697040465923,NA,8,8,8,0.3204945738070101,0.040721335022038216
ENSG00000187624.8,C17orf97,0.486975503120812,NA,0.6262756910711544,0.16629526649402004,0.5255418459751364,9.853088421486686e-33,NA,10,11,11,0.21831842573868276,0.6465133749869528
ENSG00000041982.15,TNC,0.4869223479574273,NA,0.6263133610803836,0.0324073164415971,0.15209254869087638,6.080266078931471e-08,NA,43,43,43,0.0485380967122977,0.11018267343942297
ENSG00000119673.14,ACOT2,-0.48664819304871804,NA,0.6265076647032726,0.0388174554900301,0.27070030909015,7.16217345211277e-14,NA,39,40,40,4.18263782957284e-07,0.21813137199812305
ENSG00000164253.13,WDR41,-0.48649382592047585,NA,0.626617081748892,0.02435815853673718,0.06726769312054544,0.0005510946716300895,NA,60,63,63,3.6901303105476967e-06,0.11573688912599366
ENSG00000198087.7,CD2AP,-0.4861220669717987,NA,0.6268806221260877,0.004776347536529596,0.05388932102905555,0.002332243768556277,NA,16,17,17,0.0038766547705574718,0.042122902243843165
ENSG00000070718.11,AP3M2,-0.48578240869984773,NA,0.6271214479342954,0.03972577372035223,0.1499722774464892,6.27480649106633e-08,NA,40,45,45,0.014533116975483788,0.08711660383499094
ENSG00000134365.12,CFHR4,0.4856542521695267,NA,0.6272123242949448,0.03126335880575877,0.22339336579906025,4.452334861531029e-11,NA,30,30,30,0.002867550462259788,0.044636799148518036
ENSG00000170035.15,UBE2E3,-0.4855273150452711,NA,0.6273023415452068,0.0035226901158094803,0.02328505033456029,0.04584961652927078,NA,32,32,32,0.04733555626755722,0.03787014813825984
ENSG00000111181.12,SLC6A12,0.4853459298610688,NA,0.6274309801743329,0.0011501843270319725,0.07499342132576674,0.00033115188147934293,NA,1,1,1,0.6274309801743329,0.05012293270364847
ENSG00000230438.6,SERPINB9P1,-0.48493485765962036,NA,0.6277225550723566,0.011155536459267739,0.3969045197021295,1.8173315907798068e-21,NA,17,19,19,0.13443321997673408,0.14120007351161026
ENSG00000265912.1,RP11-583F2.2,-0.48458280831940215,NA,0.6279723110663398,0.015883707344856713,0.11789147754872857,3.1360163786944493e-06,NA,25,28,28,0.06540799154512833,0.2629098762331127
ENSG00000121988.17,ZRANB3,0.48417388922782156,NA,0.6282624659221518,0.01204764757039067,0.028056958441327873,0.029558369828598444,NA,29,30,30,0.03574577815930833,0.0633386112586871
ENSG00000272733.1,KB-208E9.1,-0.48356272428322605,NA,0.6286962345374505,0.10785557805291104,0.2699812050535427,3.569824810367059e-14,NA,57,64,64,9.2647404573227e-18,0.2321099378202601
ENSG00000136866.13,ZFP37,0.4830697219515259,NA,0.6290462317735088,0.0692866999068229,0.17731950790820414,1.9695479293807467e-09,NA,41,42,42,1.3789072553305159e-05,0.5046389307691429
ENSG00000141456.14,PELP1,0.4820214426443785,NA,0.6297907138941347,0.0008179489474763403,0.030415120757614444,0.022016724962173783,NA,3,3,3,0.35071594462700273,0.0433717460039483
ENSG00000174137.12,FAM53A,0.4818835854530334,NA,0.6298886473119636,0.002688999646895939,0.07308032628617513,0.00031800515847295736,NA,1,1,1,0.6298886473119635,0.09828306803406636
ENSG00000101220.17,C20orf27,0.481614040064889,NA,0.6300801505041805,0.019754535752682878,0.08091071824245345,0.00017643558982272827,NA,54,63,63,0.00017153573868720746,0.2135742665486607
ENSG00000161692.17,DBF4B,-0.4815859542798275,NA,0.6301001059673182,0.09226875158025219,0.3498501186226265,2.1700335210287813e-18,NA,36,43,43,7.627772354574047e-37,0.22916062304970716
ENSG00000151893.14,CACUL1,0.48147393803439426,NA,0.6301796982400353,0.01394603386557241,0.04194064117619857,0.007785707677164777,NA,22,23,23,0.23244537217940686,0.06665062094216594
ENSG00000197497.10,ZNF665,0.4813574677217249,NA,0.6302624598677928,0.016810712228683748,0.03928962686245231,0.006495708223941037,NA,6,7,7,0.30561509169603507,0.2511757502306863
ENSG00000170298.15,LGALS9B,0.48092932626702367,NA,0.6305667290568364,0.00662965453299184,0.031943599611372275,0.020380870841091768,NA,3,6,6,0.6121762947313618,0.06563259024375973
ENSG00000168765.16,GSTM4,0.4800688391855567,NA,0.631178444701781,0.06072387579804925,0.10875926055591324,7.559133131500018e-06,NA,46,50,50,0.11806252956398763,0.2682070616667525
ENSG00000173531.15,MST1,-0.4796713354135502,NA,0.6314611133663979,0.02707181636665293,0.11550113292362968,6.386622805304364e-06,NA,32,34,34,0.0239228290509409,0.2422855066294581
ENSG00000138771.14,SHROOM3,0.47929081569161885,NA,0.6317317550105161,0.01421284920794202,0.13712276798122855,6.670037036537811e-07,NA,34,35,35,0.18421620848506037,0.07395173611960258
ENSG00000125520.13,SLC2A4RG,0.478793888176402,NA,0.6320852650986464,0.0033049086955408025,0.10145030730700402,1.4063090635389292e-05,NA,14,14,14,0.04906571346481625,0.03359455229401633
ENSG00000179750.15,APOBEC3B,-0.47874716831275266,NA,0.6321185055469902,0.01539364266997242,0.08764470133018669,9.217068041261509e-05,NA,7,11,11,0.0001264279436457557,0.09525675314298317
ENSG00000145949.9,MYLK4,0.47797685695235986,NA,0.6326666771148501,0.049616372664383304,0.15862854424434558,3.5149701225832815e-08,NA,30,32,32,0.06424127950518177,0.2449951115686282
ENSG00000108588.13,CCDC47,0.4775800237941094,NA,0.6329491516652102,0.000570321242791039,0.06102338405952445,0.0010289873244442574,NA,3,3,3,0.17803828958537626,0.030276914930751117
ENSG00000188611.14,ASAH2,-0.4762798088044783,NA,0.6338750481369535,0.05475820437464222,0.29491029411405545,7.248269341844827e-15,NA,32,36,36,0.014344932965614225,0.07427687025770968
ENSG00000115687.13,PASK,-0.4762216768767638,NA,0.6339164578846825,0.011272140167239793,0.04583379616444109,0.004632702955258172,NA,26,26,26,0.07959349152748829,0.15353180068086314
ENSG00000101000.5,PROCR,-0.47591492788104295,NA,0.6341349867122348,0.01625230688431154,0.12923099588396894,5.763888126722927e-07,NA,31,31,31,0.23586827929802812,0.2214539850538278
ENSG00000119737.5,GPR75,0.4758748998265951,NA,0.634163505161836,0.0037901316145605673,0.06842980194870871,0.0005086675673844443,NA,6,6,6,0.2974847798397241,0.05934220490522039
ENSG00000204839.8,MROH6,-0.4758499002929646,NA,0.634181316643833,0.04550468132323363,0.1205759061567806,2.462660636655227e-06,NA,48,51,51,2.346523587062235e-09,0.5017038134953813
ENSG00000141698.16,NT5C3B,-0.4749903465009534,NA,0.6347938539721573,0.13954720052878905,0.4631540230472169,1.529314745416653e-26,NA,36,36,36,0.5332219152139714,0.056033900390299485
ENSG00000236320.3,SLFN14,0.4745507715739828,NA,0.6351072016243844,0.00852537992115293,0.07348938680290577,0.0003821388797703695,NA,5,5,5,0.46094440256469693,0.05791158256797412
ENSG00000184009.9,ACTG1,-0.47404433533754975,NA,0.6354682918933723,0.01691868165742955,0.13592922740881247,3.7025840394459326e-07,NA,19,22,22,0.0004586624505173048,0.1562876981479731
ENSG00000140859.15,KIFC3,0.47337104706886457,NA,0.6359484823050061,0.007212437754551084,0.1398969844608702,1.560361058574996e-07,NA,13,13,13,0.009504950071982161,0.052565739693791344
ENSG00000143156.13,NME7,-0.47302376470779134,NA,0.6361962245623212,0.01898087493669893,0.1983538927599372,2.606758112040733e-10,NA,43,43,43,0.0018738708671195408,0.06309294048223904
ENSG00000146205.13,ANO7,0.47270258194026865,NA,0.6364253842723113,0.006732472915904927,0.0796670880379869,0.00017205943983513038,NA,7,8,8,0.07959349152748829,0.07327037618942714
ENSG00000070731.10,ST6GALNAC2,0.47235649910639704,NA,0.6366723487992803,0.04027760367192585,0.0379224781173926,0.011230444091166256,NA,35,35,35,0.0005768032439369131,0.3720145291908664
ENSG00000112159.11,MDN1,-0.47182200036222494,NA,0.6370538461434572,0.05678583355373466,0.23820119484760555,2.2532910735554658e-12,NA,43,45,45,0.0011054688720439894,0.0753217796873246
ENSG00000169359.13,SLC33A1,-0.47180628314701734,NA,0.6370650657291859,0.0035369578295939156,0.040468507667540635,0.007754578922767869,NA,40,40,40,0.00020218154087153325,0.08694802926574279
ENSG00000277782.1,RP11-775C24.5,-0.4715481988383865,NA,0.6372493086750282,0.04178912384053955,0.1988505473866499,7.91743965473123e-10,NA,6,6,6,0.4305841092258579,0.0903041014027027
ENSG00000112290.12,WASF1,-0.4715334354454965,NA,0.6372598487424472,0.002566721659801152,0.029921921642600564,0.026133260381336888,NA,25,25,25,0.06267899616733989,0.045419771647143635
ENSG00000099956.18,SMARCB1,-0.46987048294368555,NA,0.6384475539264365,0.01206408652342604,0.036971739186967306,0.012528663899768502,NA,17,19,19,0.13943728327041055,0.07219317589918588
ENSG00000236849.5,LINC01474,0.4675206440003922,NA,0.6401274257470548,0.024975838502786205,0.11158220080895023,3.59560045695073e-06,NA,24,26,26,0.21146415753994663,0.07554964996062659
ENSG00000109654.14,TRIM2,-0.4668091353376256,NA,0.6406364393324757,0.0626854865784317,0.0987095176830712,2.170214102809308e-05,NA,49,53,53,0.001972572622973146,0.3660704268674177
ENSG00000198715.11,GLMP,0.4662825871293085,NA,0.6410132410154326,0.09472929626065693,0.5192002862713005,5.642315258837932e-32,NA,27,29,29,0.09520562276858521,0.1002424871980667
ENSG00000143502.14,SUSD4,0.4660574619098515,NA,0.6411743704813768,0.05571353203715185,0.3045237714933213,4.3856150846661384e-16,NA,28,30,30,0.01528366461557233,0.08952173434827246
ENSG00000198598.6,MMP17,0.4656408307322482,NA,0.6414726116030238,0.007979308527136544,0.0572472529438663,0.001603668257123492,NA,3,4,4,0.5488139204683741,0.13393373528733948
ENSG00000065029.14,ZNF76,0.4652501268383486,NA,0.6417523455225609,0.006362684819258226,0.07639288183788484,0.0002353235216337965,NA,28,37,37,0.2746945305137033,0.07646145418734725
ENSG00000137103.16,TMEM8B,0.46462380418985044,NA,0.6422008824864719,0.005399743765525473,0.04036894685350642,0.00732902134938716,NA,4,4,4,0.38068141657498333,0.04097049688503559
ENSG00000106484.14,MEST,-0.46444824785475475,NA,0.642326629464324,0.0138609404340044,0.06632997677864289,0.0006627969737050366,NA,22,27,27,0.056913361262663366,0.06255232102489915
ENSG00000178252.17,WDR6,-0.46407245652420914,NA,0.6425958346397556,0.023415789156245856,0.12264307772249385,2.038782039018396e-06,NA,15,15,15,0.03174249869470298,0.08096143323459655
ENSG00000169432.14,SCN9A,-0.4636397385791593,NA,0.6429058784219066,0.025211648301207548,0.12899760563482993,1.442455062131366e-06,NA,25,25,25,0.006018923565203145,0.018747655729886337
ENSG00000132600.16,PRMT7,-0.4631789236905332,NA,0.6432361221512318,0.06484985010925197,0.25781313122491045,6.229306262245517e-13,NA,29,29,29,0.0001305889300902977,0.1510035258890748
ENSG00000134779.14,TPGS2,-0.46312272627786416,NA,0.6432764009409964,0.006063992856746055,0.06092698477633444,0.0011813039161424513,NA,27,27,27,0.19796557495609912,0.04594826946204535
ENSG00000144891.17,AGTR1,0.4628884347859654,NA,0.6434443377201066,0.01573352495674049,0.12312672264896307,2.628272954132991e-06,NA,25,26,26,0.026799059176266366,0.07472900291319794
ENSG00000278690.1,RP11-104J23.2,0.46255643478384695,NA,0.6436823417469925,0.00028900106963948243,0.08602146686129901,0.00010723532653968337,NA,4,16,16,0.5381440384201877,0.02358821024872986
ENSG00000175643.8,RMI2,-0.4620670686828142,NA,0.6440332249607776,0.02066511608221657,0.1654347409932382,8.212194199724425e-09,NA,10,10,10,0.17177108192133483,0.09886464003006798
ENSG00000233942.1,AC004012.1,-0.4620644171312685,NA,0.6440351263812608,0.08241583864801372,0.2283011799329129,1.1460920716164272e-11,NA,30,30,30,0.0002452842267184966,0.21444008124743005
ENSG00000198553.8,KCNRG,0.4617196636111173,NA,0.6442823680421126,0.07781802256057406,0.07222405606279493,0.0003911666428544296,NA,62,63,63,0.0003931730275418355,0.1764769826766287
ENSG00000158457.5,TSPAN33,-0.4604296798584908,NA,0.6452078351288653,0.11923252966267825,0.3954797041380478,1.7879172984928946e-21,NA,70,75,75,0.00011731960282743401,0.2367797058215506
ENSG00000136856.17,SLC2A8,0.4603807310596508,NA,0.6452429630750343,0.049771875379535147,0.3318050364930211,2.0887076975716486e-17,NA,20,22,22,0.00035859822626746913,0.0952917128875436
ENSG00000213853.9,EMP2,0.460304265200694,NA,0.6452978401340402,0.016947959479598422,0.05479097778526097,0.0019284828191797703,NA,47,55,55,0.0009811280407857521,0.2667380877028945
ENSG00000213214.4,ARHGEF35,0.46020630709913274,NA,0.6453681442984665,0.11306789917509955,0.4503891215416814,2.997203244988589e-25,NA,45,47,47,0.0001720241057503658,0.20679982874278505
ENSG00000099974.7,DDTL,-0.46004841148208,NA,0.6454814720658356,0.027775707022913924,0.5147231139280422,1.9810103281480083e-31,NA,19,23,23,0.09550055152833732,0.08849656487064501
ENSG00000198246.7,SLC29A3,-0.45991464970952073,NA,0.6455774844844396,0.019437450370828516,0.17820136932830513,3.1686893129062674e-09,NA,11,13,13,0.0059237506521265535,0.056023136359012966
ENSG00000129965.13,INS-IGF2,0.45953392499481294,NA,0.6458507959413791,0.0004605719884708204,0.035801779555546205,0.014227145100402684,NA,10,10,10,0.510637415721325,0.010865116603341256
ENSG00000136104.19,RNASEH2B,-0.45861094233244226,NA,0.6465135774060666,0.03465892461005197,0.22582946104460705,2.5197533047935015e-11,NA,15,15,15,0.0824430959937767,0.10992576980770473
ENSG00000176101.11,SSNA1,0.45847078568695443,NA,0.6466142465642108,0.0026231864639371825,0.0936480550545768,4.862412594135418e-05,NA,4,4,4,0.4590940082119507,0.04916948308184378
ENSG00000123200.16,ZC3H13,-0.4584240536697026,NA,0.646647813823064,0.0067542436281432285,0.09608239186840983,4.0496446260198974e-05,NA,24,24,24,0.13428067170725805,0.10986070936467698
ENSG00000176623.11,RMDN1,0.4580491059981381,NA,0.6469171619607281,0.006810734063769668,0.22006934489913912,3.86575734816925e-11,NA,13,17,17,0.15054862536211028,0.08403385598243587
ENSG00000070540.12,WIPI1,-0.4579003318087438,NA,0.6470240484981623,0.0068391585195444315,0.04678426561744221,0.0046321755398568394,NA,22,25,25,0.08168601349902607,0.04837283874927382
ENSG00000174567.7,GOLT1A,0.4570925558506276,NA,0.647604520673824,0.016287158744159043,0.1144829691612728,5.865363784263363e-06,NA,63,65,65,0.14885456171907865,0.10640528931388858
ENSG00000144230.16,GPR17,-0.45705932249709247,NA,0.6476284069347362,0.14176569255641228,0.2547621609842213,7.766813366674979e-13,NA,128,135,135,5.053047789773045e-10,0.4056031919869839
ENSG00000150281.6,CTF1,0.4566429193419001,NA,0.6479277247937398,0.0032330339209391086,0.05265759096862427,0.0021816447990816567,NA,5,6,6,0.5955386365947689,0.04858983546492853
ENSG00000151692.14,RNF144A,0.4552906935632835,NA,0.6489001206308564,0.020529967813234296,0.08431289285414134,9.976653030231343e-05,NA,40,47,47,3.197828170266546e-05,0.14356156953429092
ENSG00000111817.16,DSE,-0.45429440024421486,NA,0.6496169459585837,0.015158685075525837,0.058496263137821185,0.0015463841201998215,NA,25,25,25,0.0001754505931405645,0.23400991391309264
ENSG00000148290.9,SURF1,0.4539853513288879,NA,0.6498393702314941,0.01795530912659705,0.05618430634429249,0.0019541597304889038,NA,38,42,42,0.008070090875413162,0.12892018246920472
ENSG00000116783.14,TNNI3K,0.4534795718955362,NA,0.650203449908777,0.014935395773487504,0.05170774112202784,0.002787691610467402,NA,21,21,21,1.854530922031242e-06,0.2175919152946824
ENSG00000056558.10,TRAF1,0.4532250730049876,NA,0.6503866796822,0.0016558022099944678,0.058057234839207675,0.0015181559007457145,NA,23,23,23,0.5034381998808282,0.01961862136343481
ENSG00000105497.7,ZNF175,0.45246447012009644,NA,0.6509344115216056,0.01588163069518247,0.04529902656220359,0.005083305221290608,NA,57,61,61,0.06256321163697892,0.11601718983283647
ENSG00000185442.12,FAM174B,0.4522785677858945,NA,0.6510683137776796,0.020290695265768547,0.05280917869902471,0.002390555669274134,NA,26,27,27,0.0034067687839392643,0.10805731904885812
ENSG00000133460.19,SLC2A11,0.4509461762230139,NA,0.6520283418204225,0.023940846271367403,0.22845797602863396,2.0369655644111524e-11,NA,49,55,55,0.0012010173455667822,0.07908297353846552
ENSG00000115604.10,IL18R1,-0.4508345378026807,NA,0.6521088068639997,0.014585050507572367,0.1113335938079932,8.585994612637662e-06,NA,22,23,23,0.4562532684172472,0.04674588764553786
ENSG00000183207.13,RUVBL2,0.4507743720098449,NA,0.6521521739291036,0.0029853261408801126,0.10182785261674214,1.3136445967099535e-05,NA,11,13,13,0.6129695171712033,0.033814204482142965
ENSG00000008118.9,CAMK1G,0.4507542671283865,NA,0.6521666656433622,0.27419458229139243,0.10570792416213798,1.3580142723028054e-05,NA,210,222,222,2.3514589041781555e-19,0.512731594863261
ENSG00000073969.18,NSF,-0.4506265295986135,NA,0.6522587426577008,0.00202660401380599,0.05355636707812449,0.0019840835589456525,NA,20,29,29,0.012057491120597324,0.028548271198008957
ENSG00000176386.8,CDC26,0.45042677542765297,NA,0.6524027420355465,0.004306113988584668,0.04521948430796914,0.004856348578661708,NA,11,11,11,0.3503893659792433,0.032691596485248116
ENSG00000132623.15,ANKEF1,-0.45040246609662565,NA,0.6524202671024684,0.004263479766666585,0.030488916265829308,0.022450139215531392,NA,16,18,18,0.0627069898357752,0.0650631873775121
ENSG00000196843.15,ARID5A,0.4503079423315615,NA,0.6524884129365166,0.0004367402276827863,0.025072123222327544,0.033163255449428115,NA,7,8,8,0.6443629748716175,0.005100621555430445
ENSG00000270972.1,RP11-326C3.15,-0.4503042645625084,NA,0.6524910644409423,0.032766642690728015,0.13501437794623972,5.462985320480278e-07,NA,7,8,8,0.16257040453913418,0.13239201538906709
ENSG00000010270.13,STARD3NL,0.4498751019097025,NA,0.6528005013647014,0.005046760852797493,0.026288352433198173,0.03309748294037525,NA,29,31,31,0.027845566965284577,0.13709449313039745
ENSG00000112667.12,DNPH1,0.44932619742221624,NA,0.6531963621971149,0.005862764132015319,0.04820824024199312,0.0039269945451767905,NA,28,32,32,0.120071195833119,0.1394154745571502
ENSG00000133019.11,CHRM3,-0.4488883997877992,NA,0.6535121646092236,0.048359330573537286,0.0952461776532249,4.049509223820764e-05,NA,58,63,63,1.2750300713761686e-07,0.1597559395103662
ENSG00000204060.6,FOXO6,0.4486522448592508,NA,0.6536825391698138,0.1005256318461688,0.2691315170432085,8.557858409125263e-14,NA,51,52,52,0.1812122823949317,0.29197668532971804
ENSG00000099219.13,ERMP1,0.44715259270368674,NA,0.6547648879422504,0.008884628268975545,0.1415873249562178,1.6281884265456814e-07,NA,14,14,14,0.05686898630769379,0.23812949040089446
ENSG00000017797.12,RALBP1,0.446156541701765,NA,0.6554841724121638,0.009422125168358664,0.038676938472492726,0.0077951819707387324,NA,54,59,59,0.00015604093106765508,0.06445811056765872
ENSG00000196584.2,XRCC2,0.4461394188352482,NA,0.6554965402506236,0.014374185821032675,0.11626440808061207,3.885890444597258e-06,NA,10,10,10,0.010337375566537133,0.08030594218625624
ENSG00000130202.9,NECTIN2,0.4455466743330244,NA,0.6559247375522208,0.12007986918927456,0.4812453357196873,5.325276726594955e-28,NA,55,62,62,0.016704601545187207,0.3980661417818924
ENSG00000006007.11,GDE1,0.4454155120783187,NA,0.6560195041579446,0.0007799150635594482,0.07374720798636714,0.00037673462530645726,NA,29,31,31,0.008653811929554294,0.02358027545940053
ENSG00000159403.15,C1R,0.4446300042272115,NA,0.6565871606406468,0.006321792843987924,0.08032998219878264,0.0001821825896394277,NA,21,25,25,0.02665760109096323,0.11616791406978047
ENSG00000185745.9,IFIT1,0.44429820460216934,NA,0.6568269991265291,0.01151211537840077,0.04283476716000647,0.0068277331222325885,NA,53,54,54,0.014292318067799912,0.09637502620726747
ENSG00000033050.7,ABCF2,0.4441456738301573,NA,0.6569372665392441,0.0012984031596931316,0.07779388652003327,0.00019165147994840162,NA,6,7,7,0.31858723006709944,0.032416239358175516
ENSG00000139197.10,PEX5,-0.44349247696755223,NA,0.6574095595153937,0.030953120689808388,0.26388124802865043,9.54787307164306e-14,NA,28,29,29,0.0006911824981976392,0.04392954995544023
ENSG00000167280.16,ENGASE,-0.4434875543357425,NA,0.6574131193363788,0.01136583377295,0.030865391109458164,0.017180317648295664,NA,15,15,15,0.02787025197929227,0.18579410011451306
ENSG00000165806.19,CASP7,-0.44344029979326144,NA,0.6574472920441283,0.10097542622022676,0.3884515186544069,1.0391347331380811e-20,NA,52,55,55,0.016089312919460533,0.12052969536041284
ENSG00000134285.10,FKBP11,-0.44327869633460915,NA,0.6575641629985727,0.010193280702232518,0.2202947431396017,8.104237729156858e-11,NA,28,33,33,0.013459038267825149,0.07299149778105928
ENSG00000133106.14,EPSTI1,-0.44310075685191963,NA,0.6576928577827772,0.04655363457055682,0.1817978820098546,4.899436803796234e-09,NA,24,27,27,0.001274472484846126,0.08771229708843584
ENSG00000186529.15,CYP4F3,0.4420732978646368,NA,0.6584361661615856,0.06538604289145172,0.10800176873208316,1.1194275418254788e-05,NA,146,155,155,1.8272886908468804e-07,0.2439804542743237
ENSG00000134548.9,SPX,-0.44192176346435375,NA,0.6585458213072424,0.038071842827478206,0.15228133364386595,6.457221230335599e-08,NA,89,104,104,0.026189410148173557,0.1911640710748654
ENSG00000136710.9,CCDC115,-0.44192004219203024,NA,0.6585470669172122,0.005876013515444306,0.0943520169410224,3.6559624102355563e-05,NA,10,11,11,0.14929567255337672,0.03904274408221031
ENSG00000162620.15,LRRIQ3,0.4409667532169935,NA,0.6592370662044224,0.07027003914964089,0.22000356947093425,6.84156612836727e-11,NA,41,45,45,1.439921031364244e-07,0.06468862058063353
ENSG00000143450.16,OAZ3,0.440934006615617,NA,0.6592607736512395,0.010943209851215548,0.04666014835878938,0.004107810358649695,NA,28,29,29,0.004317203288149393,0.06436270018745997
ENSG00000159363.17,ATP13A2,0.4405980260686022,NA,0.6595040321272914,0.011771995249609916,0.1513624293126574,8.9212933943319e-08,NA,4,4,4,0.64468652962323,0.32801835230718673
ENSG00000166435.15,XRRA1,0.4402539700105671,NA,0.6597531748004655,0.1528367519305323,0.5585998865183023,4.610519107943813e-35,NA,32,33,33,0.03875025054434193,0.07988515228023342
ENSG00000083838.15,ZNF446,-0.44020466761686133,NA,0.6597888794298297,0.021071345773215226,0.09986784486751067,2.493573231888032e-05,NA,37,44,44,0.0012785345669466112,0.21898869110689195
ENSG00000119844.15,AFTPH,0.43938986006010405,NA,0.6603790725272298,0.012429780300775187,0.07420198365619124,0.00030682435957285264,NA,32,32,32,0.0003667720019181901,0.17334098817929933
ENSG00000237372.2,UNQ6494,-0.43835764504844804,NA,0.6611270447149865,0.03482466785164051,0.1287719924019074,1.5035921765034572e-06,NA,22,22,22,0.048071094017382646,0.1308916321099832
ENSG00000007908.15,SELE,0.4376531096986805,NA,0.6616377653726392,0.11927596286299279,0.2679187737121689,1.4808282946895804e-13,NA,104,109,109,0.0002728854306535987,0.13186806250596605
ENSG00000153531.13,ADPRHL1,-0.4371338081327322,NA,0.6620143101179636,0.007886848039073163,0.022555461930349508,0.04996483418552262,NA,13,13,13,0.08603880229745266,0.08424913454034448
ENSG00000151806.13,GUF1,0.4370585309279351,NA,0.6620689005964197,0.020189116953148192,0.19609234890388946,9.955092106996523e-10,NA,27,29,29,0.12876167236448924,0.08114606122942411
ENSG00000186448.14,ZNF197,0.4370031204154191,NA,0.6621090850425396,0.09056170380903074,0.21815658636539345,6.988813831409916e-11,NA,75,78,78,2.4530429943099115e-07,0.17182469115848445
ENSG00000101751.10,POLI,-0.4364966987225848,NA,0.6624763939134526,0.047726385310379975,0.12784933753963687,7.018765252929863e-07,NA,106,109,109,1.836132387981281e-08,0.2951563271491036
ENSG00000105672.14,ETV2,0.4363487768150259,NA,0.6625836973553525,0.13917789936128047,0.2627532801693872,2.1403669621510844e-13,NA,65,73,73,3.716329214971947e-05,0.4624384790426771
ENSG00000260850.1,RP11-437L7.1,-0.43579686118393085,NA,0.6629841213921968,0.01420388349300118,0.04502980731057549,0.004679127237792179,NA,35,37,37,0.007336879251385804,0.046402998977905945
ENSG00000112996.10,MRPS30,0.43526537033400714,NA,0.6633698179511005,0.003167086909258312,0.061069797498802224,0.0011791952236459846,NA,6,6,6,0.13511678266110963,0.20604631657490724
ENSG00000175701.10,LINC00116,-0.4350031287707025,NA,0.6635601564031,0.00974446531117355,0.029259160257467894,0.02561667123506052,NA,18,18,18,0.0020970829765097933,0.08732882434706844
ENSG00000167965.17,MLST8,0.433988509474124,NA,0.6642967851634609,0.005280089793003755,0.07671852645141246,0.00024025608290717936,NA,7,7,7,0.18979619416534288,0.09939000437592847
ENSG00000272563.1,RP11-480C16.1,-0.43299832586786774,NA,0.6650159860597558,0.03208086310724996,0.03385039718704785,0.011136101600415234,NA,40,40,40,8.926993756733101e-06,0.23955887274684404
ENSG00000100429.17,HDAC10,-0.43287443588120483,NA,0.665105992899029,0.021755568640393057,0.2781493262907285,1.5131900203984703e-14,NA,5,6,6,0.579568063007316,0.11787583591849665
ENSG00000183346.6,C10orf107,-0.4321354640607182,NA,0.6656429607104646,0.012012031186437297,0.031226978881719214,0.017155891203274574,NA,15,15,15,0.0006075853718696112,0.03493755471327265
ENSG00000103932.11,RPAP1,-0.4319244075237016,NA,0.665796354707999,0.009333170626823506,0.09178999227739107,6.148276655587614e-05,NA,56,58,58,0.034937814331864075,0.19591715911739424
ENSG00000183291.15,SELENOF,0.431358554616938,NA,0.6662076805135886,0.001802653364303202,0.0877540835643757,8.438138621078017e-05,NA,26,26,26,0.10697992039352681,0.033764071984946645
ENSG00000154822.17,PLCL2,0.43090605711449165,NA,0.666536679066233,0.018114365713985017,0.06453191533443961,0.0006614653844072058,NA,41,45,45,4.780187332562706e-06,0.07616036926538275
ENSG00000087087.18,SRRT,0.4306131666518642,NA,0.6667496659135803,0.00804028737229884,0.07026113160318412,0.00039846716277038615,NA,17,17,17,0.07263517142258308,0.07842131433164372
ENSG00000256576.2,RP13-977J11.2,-0.4300979028448677,NA,0.6671244254976794,0.07389705412902978,0.17406675173532415,1.1919836136676703e-08,NA,17,18,18,0.0005538922181513098,0.2520399263637104
ENSG00000102606.17,ARHGEF7,0.43002314656847146,NA,0.6671788038311981,0.006513209547449305,0.0672289119703486,0.0005881898758654567,NA,13,13,13,0.005067625323560891,0.058721315812546235
ENSG00000122376.11,FAM35A,0.4298989896875164,NA,0.6672691204354,0.02328454613516499,0.11690816855981458,2.650117783901853e-06,NA,56,62,62,8.849987823276364e-06,0.22794366149328624
ENSG00000165271.16,NOL6,-0.42974601768195203,NA,0.6673804049246473,0.006875582440821031,0.11656820871030725,3.421587876961716e-06,NA,29,29,29,0.007395511528569657,0.08906114499696056
ENSG00000100105.17,PATZ1,0.4295456238234406,NA,0.6675261990611794,0.00928004647352995,0.0877859550445452,4.23395917046576e-05,NA,15,17,17,0.00014466632739040426,0.06410312388883928
ENSG00000204876.4,AC021218.2,0.42938119055056323,NA,0.6676458398813776,0.23423932712063641,0.6041257833118386,4.738840295091494e-41,NA,33,37,37,0.018183669508124875,0.4173901980654087
ENSG00000273295.1,AP000350.5,0.42914603190758843,NA,0.6678169548025445,0.046976643768641156,0.4348526453021852,3.8813765011516866e-25,NA,18,22,22,0.016331489322454682,0.11229159000874372
ENSG00000166402.8,TUB,0.42877505174912783,NA,0.6680869363595808,0.01297327751616546,0.06721850490288313,0.0006361750013649709,NA,10,14,14,0.0004734922891832735,0.09247389303365147
ENSG00000138449.10,SLC40A1,0.42850121473864844,NA,0.6682862493484008,0.0017873802941949539,0.042143570813978716,0.0074151235207896,NA,8,9,9,0.4741524804420102,0.14302776898882036
ENSG00000135541.20,AHI1,-0.42741731893062634,NA,0.6690753951523505,0.07912571117478902,0.3595446220879169,5.051483214468483e-19,NA,17,17,17,9.573319520890357e-06,0.3439938032063056
ENSG00000178662.15,CSRNP3,-0.42577109428386317,NA,0.6702746516983396,0.006748279184337408,0.033349859173603086,0.016550345395564634,NA,27,28,28,0.18376193362334647,0.03938690769874816
ENSG00000131778.18,CHD1L,0.42546165122111174,NA,0.670500171531194,0.01363310637070088,0.06696881012627683,0.0006701665235675512,NA,23,25,25,0.17007138610998596,0.08130163365827298
ENSG00000198917.12,SPOUT1,0.4254343721263375,NA,0.670520053759677,0.006010346503646127,0.05036519053596671,0.002624242511346761,NA,10,10,10,0.30831359622299126,0.01554823886200019
ENSG00000133983.14,COX16,0.4249862711208697,NA,0.6708466828991818,0.0051814365199540895,0.066343231197844,0.0007313114180438557,NA,12,15,15,0.31906223143277757,0.020581944173139258
ENSG00000162882.14,HAAO,0.42461089290758924,NA,0.6711203509316054,0.0015395919163169627,0.02911433543056615,0.02603811822616373,NA,14,14,14,0.0702993270312504,0.0587256874885704
ENSG00000259807.1,RP11-426C22.4,-0.4243861554217438,NA,0.671284215803871,0.006920063246206013,0.035239647870302114,0.0141763636061808,NA,11,13,13,0.18358542994714633,0.03954595682718184
ENSG00000164976.8,KIAA1161,0.4240691145089074,NA,0.6715154092822995,0.001783599294935614,0.03226790284712229,0.01896929125269202,NA,16,18,18,1.1803138755146092e-11,0.04693339115367512
ENSG00000004777.18,ARHGAP33,0.42402175754153215,NA,0.6715499457339706,0.007264367740223371,0.07324348793913374,0.00034519473054211725,NA,12,13,13,0.15051867611242628,0.04315092463609289
ENSG00000100997.18,ABHD12,-0.42394039524860616,NA,0.671609283181783,0.0567789839871877,0.2807649637913538,4.0498566326679314e-14,NA,57,59,59,1.8688407685616632e-10,0.0949600329767345
ENSG00000049246.14,PER3,0.42371184565294756,NA,0.6717759751472436,0.002006301181780362,0.025586065632272847,0.03708013026625062,NA,6,6,6,0.6754207068517913,0.2083500384547159
ENSG00000139651.10,ZNF740,-0.4234197023769855,NA,0.6719890724783759,0.008973960324968309,0.08727911587852667,7.790913169337875e-05,NA,16,17,17,5.638811939100367e-05,0.03926559256041609
ENSG00000263961.6,C1orf186,0.42338411547132404,NA,0.6720150323464718,0.0003502209884332686,0.11307530076335247,4.1907744450856944e-06,NA,10,16,16,0.6336473292102585,0.00410516955575469
ENSG00000265728.1,RP11-883A18.3,0.423358972264522,NA,0.6720333740008365,0.012408708054491447,0.042190399115733926,0.007009649107981871,NA,23,24,24,0.22323011307330354,0.11283307147189338
ENSG00000101181.17,MTG2,0.4230551572693635,NA,0.6722550186637392,0.020945102759309712,0.21591702517085268,6.113370666017238e-11,NA,18,18,18,0.0454905074612595,0.06419126189330653
ENSG00000177963.14,RIC8A,-0.4222579674949631,NA,0.672836734515972,0.0056205644423948636,0.09857287127214727,3.125394210597862e-05,NA,12,13,13,0.05272514531799217,0.05800908185541605
ENSG00000151640.12,DPYSL4,0.42194464713940755,NA,0.6730654205550508,0.11325829069903474,0.24875264367943345,2.5140747864505093e-12,NA,84,88,88,0.009540224703801373,0.2373623015881545
ENSG00000256433.2,RP1-102E24.8,0.4217061994289487,NA,0.6732394788626935,0.01038933534362139,0.13361253136654755,2.3073228178896714e-07,NA,25,26,26,0.0026683501500957903,0.14209141832854874
ENSG00000164111.14,ANXA5,-0.420785744421648,NA,0.6739115422448908,0.009323970200891672,0.18909025612468167,2.603362382089946e-09,NA,34,34,34,0.0496318324375079,0.08376213628874879
ENSG00000051009.10,FAM160A2,0.4204210432210647,NA,0.6741778981557338,0.007765097370535061,0.12091363651638877,2.0064478051573385e-06,NA,20,21,21,0.004123001322160837,0.13175921970695947
ENSG00000005810.17,MYCBP2,0.4201960469321395,NA,0.6743422423407028,0.0067495923588922965,0.0382203882852951,0.0112778294333259,NA,24,25,25,0.009352818820076336,0.05810122719034001
ENSG00000224982.3,TMEM233,0.4200637450766254,NA,0.6744388869257884,0.05516670509732634,0.2191120790198225,6.925829543563961e-11,NA,21,21,21,0.008547128786483872,0.0699548899254484
ENSG00000133958.13,UNC79,0.41985073794583666,NA,0.6745944968276683,0.014483551737426863,0.02904852973055867,0.028423942068645926,NA,16,18,18,0.012376252223628962,0.08730165492255007
ENSG00000273749.4,CYFIP1,-0.4195327609294272,NA,0.6748268171609784,4.249898995013869e-05,0.028981177560237194,0.023218395547413968,NA,5,17,17,0.0459703132976367,0.003313497713910761
ENSG00000127995.16,CASD1,-0.4193649869613834,NA,0.6749494086515035,0.023669653866242625,0.05357267156468852,0.0019043505875511442,NA,38,38,38,0.06401327661837636,0.12309770073079285
ENSG00000114520.10,SNX4,0.4191378463012632,NA,0.6751153927919138,0.004572254652165318,0.05404117222373387,0.0019461375053888273,NA,22,23,23,3.7279096083113e-05,0.1455991033146784
ENSG00000197780.9,TAF13,-0.41839098272095826,NA,0.6756612783514153,0.0014504075190797559,0.027489772886728662,0.030105682466009382,NA,6,6,6,0.2314320686670106,0.04315321880487133
ENSG00000277210.3,RP11-14C10.6,-0.4179082906670602,NA,0.6760141706688938,0.028452914270746896,0.2086907127631309,2.2780056735565086e-10,NA,10,10,10,0.4042533800416046,0.09565453265708103
ENSG00000135297.15,MTO1,-0.4176267658620722,NA,0.6762200240867446,0.06463588134894162,0.2869724101437269,9.33545987026842e-15,NA,30,32,32,0.31207706613391817,0.1137611794376872
ENSG00000249267.6,LINC00939,-0.41642819381799145,NA,0.6770967012435578,0.03158692971746707,0.2329162213239026,1.1744870717807231e-11,NA,74,79,79,0.0001102890314704729,0.21685162277867068
ENSG00000253301.5,LINC01606,0.4160511279948226,NA,0.6773725908155768,0.18155173300323285,0.41877932485586894,2.0719446808160663e-23,NA,79,82,82,0.039211659592944675,0.16679736645574905
ENSG00000129204.16,USP6,0.4159331404850402,NA,0.6774589281993793,0.024129965296496116,0.08370816119583413,0.00010375374373909674,NA,12,13,13,0.08072482879906512,0.20558944618386235
ENSG00000067208.14,EVI5,0.41587583265785655,NA,0.6775008647422083,0.005754402684582949,0.11898713409586842,2.2710481901020718e-06,NA,30,30,30,0.3799126879936825,0.02397941157170817
ENSG00000148841.15,ITPRIP,0.41493589759955296,NA,0.6781888300324777,0.009840954740042256,0.05476228813903068,0.002329061462460749,NA,52,52,52,0.005499149924316415,0.1856524107817253
ENSG00000105875.13,WDR91,0.414328997807185,NA,0.678633179922208,0.023698421327403,0.09745337139841342,1.335223768913336e-05,NA,32,36,36,0.026817366896281804,0.06252192606276423
ENSG00000189308.10,LIN54,0.41418830392013506,NA,0.6787362068148997,0.010727178936330671,0.07484398929097864,0.00032940592809861907,NA,20,22,22,0.016376901547544485,0.13384446475495776
ENSG00000100003.17,SEC14L2,-0.41377356862518677,NA,0.6790399428464229,0.010312051520001121,0.18293006493484454,1.9430244687044917e-09,NA,24,24,24,0.07417701710300466,0.14828694648848206
ENSG00000250786.1,SNHG18,-0.41375174737503645,NA,0.6790559253268866,0.14732742616338035,0.3858216640790074,1.1417172006481384e-20,NA,36,42,42,0.01268595704064506,0.14620087061194328
ENSG00000244045.12,TMEM199,-0.41322024244048977,NA,0.6794452586254964,0.011270989472512417,0.0727408332173572,0.00037666053226823466,NA,31,34,34,1.455139868307062e-16,0.1350770752270624
ENSG00000172785.18,CBWD1,0.4129236872039972,NA,0.6796625258220099,0.014909858155193668,0.35600711220019937,3.348558100456257e-19,NA,11,18,18,0.23443816168897713,0.16480409620319858
ENSG00000241644.2,INMT,0.4127063574643501,NA,0.6798217664213927,0.016962151556337474,0.14836749348048794,1.7686955903284707e-07,NA,36,39,39,4.5191635747172274e-05,0.08823466855985197
ENSG00000174514.12,MFSD4A,-0.4121573754554959,NA,0.6802240769641876,0.023298295214992954,0.1156428218646837,4.849351061113856e-06,NA,30,35,35,0.04061489723148967,0.13549244941067434
ENSG00000187037.8,GPR141,0.41201853910264413,NA,0.680325834850325,0.01788685826153876,0.07136394345337217,0.00045292097904179533,NA,36,38,38,0.03313032970004775,0.11787087595799225
ENSG00000158716.8,DUSP23,0.41186783380412373,NA,0.6804362984792243,0.0015694801576963966,0.06470368803591647,0.0007572405958695994,NA,11,12,12,0.0250182347895125,0.04068850158751592
ENSG00000182903.15,ZNF721,-0.4111206947182444,NA,0.6809840360154298,0.015441401448647883,0.1867395989293889,3.613983377754976e-10,NA,8,8,8,3.157316203296281e-06,0.1427936945972058
ENSG00000162482.4,AKR7A3,0.41070077066795063,NA,0.6812919617672576,0.011456655512028601,0.16474814939300372,2.1384329311885813e-08,NA,20,22,22,0.0741025373168492,0.09990113934521017
ENSG00000256713.7,PGA5,-0.4105669780629714,NA,0.6813900815921048,0.017798740287102627,0.0244827757393577,0.043711843253938266,NA,31,36,36,0.5024119959762052,0.22382970993729084
ENSG00000135002.11,RFK,0.4103685650392791,NA,0.6815356021818035,0.014597913813315334,0.03812570655974045,0.010006434329088262,NA,78,81,81,2.879725450528958e-07,0.08788555747033107
ENSG00000102858.12,MGRN1,-0.4103285628388962,NA,0.6815649421338266,0.011730765678545502,0.09272235994146592,2.961224839102353e-05,NA,13,15,15,0.4345542546984831,0.06144442419180687
ENSG00000248174.5,RP11-148L24.1,0.41026561616933693,NA,0.6816111118758679,0.017873338177150307,0.056007367750667565,0.002076787725221593,NA,24,24,24,0.007063602776160007,0.09073038033302584
ENSG00000165678.20,GHITM,-0.40941574076058207,NA,0.6822345900083219,0.006062106094586841,0.16099923029179855,1.661911803426566e-08,NA,39,41,41,0.010808038253517276,0.06056197971123814
ENSG00000203999.8,LINC01270,0.409061044608746,NA,0.6824948632801695,0.022225215750916585,0.17468401947273615,7.0197633851642965e-09,NA,17,20,20,0.17627203022993254,0.16643101095246338
ENSG00000205791.3,LOH12CR2,0.40859493958332105,NA,0.6828369449336511,0.00581357281616976,0.030381899458894624,0.02124388986446608,NA,15,20,20,0.0001340815816472117,0.14421141306169186
ENSG00000143748.17,NVL,0.4084105901416003,NA,0.6829722598110908,0.004960008490424772,0.030245496631539432,0.02212200821139717,NA,4,4,4,0.5955846957023087,0.06438449989428548
ENSG00000129521.13,EGLN3,0.4083094801343476,NA,0.6830464801923639,0.028720848135387767,0.1066546911620809,1.0537736230552713e-05,NA,44,48,48,0.0010343016357785518,0.1791360225041642
ENSG00000138639.17,ARHGAP24,-0.408216899729403,NA,0.6831144420574644,0.016013330631010656,0.13856911527750118,2.6049690467553035e-07,NA,11,11,11,0.08748423328760446,0.03846477076534285
ENSG00000282849.1,RP11-121P12.1,0.4076956626850675,NA,0.6834971221574332,0.005981814058047622,0.06718292893201311,0.0006305514091011825,NA,13,13,13,0.016357964545984625,0.03133445842996347
ENSG00000101639.18,CEP192,0.40755475189768714,NA,0.6836005895451337,0.21993062060055324,0.5533586260279207,3.993719098380164e-36,NA,46,47,47,0.01341674751720861,0.061679484553029476
ENSG00000004059.10,ARF5,0.40714539760452084,NA,0.6839012022145017,0.0064089509828378025,0.06114674611060865,0.0012461659233821373,NA,41,41,41,0.16400198621148676,0.08607079549725075
ENSG00000127324.8,TSPAN8,0.40673348263316206,NA,0.6842037459161656,0.03058742420152629,0.15672493033276946,4.5754727744599404e-08,NA,31,32,32,0.19290165915525015,0.07257106330542896
ENSG00000166446.14,CDYL2,-0.4059524243822326,NA,0.6847775574822361,0.004210372779525306,0.02614218851259939,0.03696194584266495,NA,13,13,13,0.6292063194476518,0.06294746547392772
ENSG00000106948.16,AKNA,-0.4047758211717998,NA,0.6856423031985437,0.002192009626999334,0.05785224576618352,0.0016439257924009158,NA,4,4,4,0.0643172918346583,0.033216309140390705
ENSG00000125551.18,PLGLB2,-0.4045913158916903,NA,0.6857779429293178,0.0016200614283135868,0.059491483462904615,0.0012584417743225324,NA,14,16,16,0.12696185995696804,0.026533485154500703
ENSG00000112053.13,SLC26A8,0.4044370298861616,NA,0.6858913746240505,0.026051340679101292,0.037700397391802636,0.010423445575062494,NA,37,39,39,0.0005777501272937772,0.21744536381999408
ENSG00000105393.15,BABAM1,0.40441414540906206,NA,0.6859081999869467,0.005609242700302421,0.0936382320972996,4.1745952481480936e-05,NA,10,10,10,0.5886426658374491,0.046430605258924784
ENSG00000100347.14,SAMM50,0.4041791462709301,NA,0.686080987502037,0.0030207887180004373,0.09834861194831487,2.075335441463708e-05,NA,7,7,7,0.4816069192530058,0.06759278840673236
ENSG00000105186.15,ANKRD27,0.40408902935772095,NA,0.6861472520034109,0.007116463859506869,0.04282590598841842,0.006648634040744582,NA,12,12,12,0.013147684357760144,0.04228421844598414
ENSG00000258701.1,LINC00638,0.40257635773716927,NA,0.6872599050652849,0.011808567678594582,0.1277245354361814,1.5307334391735518e-06,NA,7,7,7,0.632493023940397,0.08785267743845399
ENSG00000105136.20,ZNF419,-0.40202058411517944,NA,0.6876688774617089,0.008670640498740514,0.09748256838692716,3.140204779517101e-05,NA,28,28,28,0.07717735970857824,0.02111465385182171
ENSG00000110880.10,CORO1C,-0.40158738457644294,NA,0.6879877156955523,0.013780526504987761,0.1195396914040162,4.308607227304482e-06,NA,16,17,17,0.09353748445099759,0.11808155696896422
ENSG00000267250.1,RP11-118B18.2,0.4010188684264139,NA,0.6884062321711282,0.04387478855689739,0.21959785243813787,6.510272388502013e-11,NA,42,42,42,0.008342144281262738,0.15998161565324034
ENSG00000166546.13,BEAN1,0.4001508307002782,NA,0.689045427244642,0.02415247719327296,0.07542059540635962,0.0002574747258643882,NA,40,43,43,0.0021739681838758565,0.15839507741809902
ENSG00000151360.9,ALLC,0.3995659881445002,NA,0.689476211732629,0.019744601314679873,0.1246268871533925,1.876772448650432e-06,NA,34,34,34,0.1519162806981002,0.1159712490008156
ENSG00000196839.12,ADA,0.3994477865975727,NA,0.6895632890964289,0.00659773973824658,0.041227937009932,0.007601906535930239,NA,11,11,11,0.11968998106623019,0.061996580707558674
ENSG00000271715.1,CTD-2256P15.5,-0.3984314128950276,NA,0.6903122064140137,0.025121719739499844,0.034525873972730214,0.01322502941014764,NA,37,40,40,0.006194565432707085,0.1309460708013993
ENSG00000113593.11,PPWD1,0.39819290437389976,NA,0.6904879959383936,0.006101941868048768,0.06813578859722717,0.0004989468685176064,NA,19,19,19,0.5973915327605697,0.022271732392727357
ENSG00000271387.1,RP11-382D12.2,0.39787491603170827,NA,0.6907223909718863,0.007626297707632997,0.04653695824632721,0.005215048626508129,NA,8,8,8,0.00016098524666445323,0.13732241396773331
ENSG00000196411.9,EPHB4,0.3977765623681614,NA,0.6907948952654639,0.012846687820951948,0.11281231196230103,1.8387981881575291e-06,NA,19,20,20,0.02553206060487625,0.20462958786477134
ENSG00000122481.16,RWDD3,-0.397668621747323,NA,0.690874470131184,0.015031004682014673,0.27767354259597643,5.873715200816263e-14,NA,23,23,23,2.3754252010627352e-09,0.05731513895537047
ENSG00000117114.19,ADGRL2,0.3975387712636545,NA,0.6909702016849897,0.017921009560735113,0.06840501240559121,0.0003555031492155429,NA,46,48,48,0.015352771329261867,0.1279489720978592
ENSG00000169087.10,HSPBAP1,-0.3975070772482619,NA,0.6909935686736156,0.008309536880400453,0.0700989488760824,0.0005519806509200833,NA,22,22,22,0.06846838586601185,0.12290721799110492
ENSG00000140400.16,MAN2C1,-0.39732230639706934,NA,0.6911298002006081,0.11626672715664671,0.4491992319126205,4.324120734664434e-25,NA,43,45,45,0.0018776340069963828,0.08937588682274257
ENSG00000183336.8,BOLA2,0.39720921568144313,NA,0.6912131869064477,0.0020129513907424517,0.07994353053854261,0.0001313409188425344,NA,3,3,3,0.019872976357019168,0.024403925843548432
ENSG00000230555.2,RP11-517P14.2,-0.39713564744517665,NA,0.6912674339794497,0.01996087107742875,0.06778312133122029,0.0004934066090858722,NA,29,31,31,0.006541839866471953,0.15050614412904167
ENSG00000164330.16,EBF1,-0.3970866982997142,NA,0.6913035285306233,0.013309065986216739,0.030132645597476738,0.0213563505463397,NA,21,21,21,0.1645116515193885,0.0811453637164557
ENSG00000167759.12,KLK13,-0.39703293910434534,NA,0.6913431707670556,0.01422133852638,0.05877526737630076,0.0008136261768592705,NA,11,11,11,0.526516189844004,0.5567154898169344
ENSG00000089123.15,TASP1,-0.39641313728961114,NA,0.691800276086495,0.004468620165420998,0.09073882236539356,3.898480135024612e-05,NA,13,14,14,0.062060823779821694,0.042848221060499736
ENSG00000157637.12,SLC38A10,-0.3962032067943008,NA,0.6919551258011059,0.015693006244774387,0.048072370662346466,0.004069176878268195,NA,25,27,27,0.021108447942101764,0.15808274823856575
ENSG00000108448.20,TRIM16L,-0.3960966540699229,NA,0.6920337265471066,0.014982687990319717,0.04117692074431767,0.007865230896028459,NA,12,12,12,0.01640186036624437,0.1415353212333791
ENSG00000100599.15,RIN3,0.3952348729045544,NA,0.6926695584933826,0.02361543291487853,0.10729637854045608,8.372026078475888e-06,NA,36,36,36,0.0008007504442172095,0.15153082937166584
ENSG00000163322.13,FAM175A,0.39511158732856455,NA,0.6927605377131465,0.010344463510796792,0.028359729715702383,0.02719844531769769,NA,13,15,15,0.5650428126897884,0.08493922148753281
ENSG00000095383.19,TBC1D2,-0.395083321418296,NA,0.6927813973104051,0.02614408546012633,0.14568997855992213,2.686999538330691e-07,NA,37,40,40,0.0028874097289801983,0.0821621254437069
ENSG00000198131.13,ZNF544,0.39450968318985896,NA,0.6932047795582662,0.006609374570593292,0.038818407725113684,0.00855251621419803,NA,10,10,10,0.01707510426169967,0.2771076251201148
ENSG00000099875.14,MKNK2,-0.39418077390647177,NA,0.6934475791899588,0.001669660956864547,0.03273013907647235,0.017209858025422815,NA,5,5,5,0.4335505366399628,0.03644794981601013
ENSG00000267467.3,APOC4,0.39323855127366586,NA,0.6941432986845606,0.028162922269901303,0.2477433040184364,1.175805192971141e-12,NA,30,34,34,0.003097401463646326,0.295298616638814
ENSG00000041357.15,PSMA4,0.3928045517088768,NA,0.694463842572252,0.0013273098680129632,0.02946679978175017,0.024786360123103108,NA,25,25,25,0.3567148427361517,0.010725850202231286
ENSG00000113971.19,NPHP3,0.3925841650878124,NA,0.6946266368963253,0.047517819014117224,0.2468946075940925,3.1354745353306844e-13,NA,14,14,14,0.2956498165140974,0.10592715265476436
ENSG00000213799.11,ZNF845,0.39172638349016586,NA,0.6952603936811738,0.046699367893049154,0.18343560593801156,4.5552983837398155e-09,NA,15,20,20,0.000525384849018631,0.07995815923306418
ENSG00000104219.12,ZDHHC2,-0.39134656039970517,NA,0.6955410873226511,0.027330822275815757,0.13855290247586896,4.3093972101892146e-07,NA,26,26,26,0.07935188531333316,0.21338492758182034
ENSG00000136802.11,LRRC8A,0.3910159737019728,NA,0.6957854286668937,0.009534004328417695,0.08759174692702741,7.364210534214032e-05,NA,11,11,11,0.00029919375187525667,0.041033133398593234
ENSG00000144792.9,ZNF660,-0.3909352915825317,NA,0.6958450667684057,0.0295809612985605,0.18852238110151304,2.2992382829166898e-10,NA,15,15,15,0.011007100541728038,0.10087128718809987
ENSG00000121716.20,PILRB,0.39086525864391924,NA,0.695896834800495,0.06836745465680392,0.4147544204939447,2.1251485753574108e-23,NA,40,44,44,0.2381080694173462,0.045499576438905814
ENSG00000166704.11,ZNF606,0.3904682540941007,NA,0.6961903255513926,0.008079705745472576,0.036038764199494984,0.013443046423491109,NA,38,45,45,0.030824083681179608,0.3001353300785858
ENSG00000126231.13,PROZ,-0.3899516154014468,NA,0.6965723255167307,0.0885470480407412,0.4412672605275559,1.0510567845512887e-24,NA,73,79,79,0.0037833028186620215,0.2705194010671681
ENSG00000231742.5,LINC01273,0.3896794925781067,NA,0.6967735626705776,0.049432369634093906,0.18718462448400425,2.241013546346564e-09,NA,12,12,12,0.007431312154864698,0.094168732495419
ENSG00000272333.5,KMT2B,-0.3896212148335064,NA,0.696816662335789,0.003384055736188844,0.041307213423873584,0.00785065089139573,NA,16,18,18,0.0032330854046170926,0.1120645664565723
ENSG00000116857.16,TMEM9,0.38950311766939794,NA,0.6969040048222548,0.045264479648022715,0.11037656731122693,8.482439807600206e-06,NA,53,55,55,0.03603852198040611,0.13626012466101745
ENSG00000176170.13,SPHK1,-0.3894195189154333,NA,0.6969658353490217,0.010276463840148615,0.029066357746145736,0.02466173492141081,NA,19,19,19,9.61505056720748e-05,0.07176988102029004
ENSG00000256162.2,SMLR1,0.3892784736119814,NA,0.6970701585170467,0.02116091417168176,0.16341705002239004,6.825430007868171e-09,NA,54,57,57,0.03883332141251173,0.0949565132693424
ENSG00000101017.13,CD40,0.38923439911251434,NA,0.6971027590857299,0.004190019837225196,0.04022433904462255,0.009244559673200894,NA,5,5,5,0.11452493087735163,0.07471867101026472
ENSG00000109445.10,ZNF330,-0.38850854611695157,NA,0.6976397309111411,0.008323478138120382,0.07270707032140737,0.0003961503486981135,NA,15,16,16,0.004355716313036593,0.06489507547486234
ENSG00000139842.14,CUL4A,0.3883371703707734,NA,0.6977665334392856,0.0010127486957213216,0.0503005809491419,0.0036628337161380142,NA,24,28,28,0.07701639157699568,0.03360756781786973
ENSG00000172354.9,GNB2,-0.3880041402042727,NA,0.6980129697265571,0.001976942680136081,0.05008178076974376,0.0031614385791319025,NA,18,18,18,0.011893200724510429,0.02213804791668591
ENSG00000273760.1,CH17-360D5.3,0.3876604058634606,NA,0.6982673603062093,0.01602415521587538,0.10421807819873924,1.4991981804432834e-05,NA,3,6,6,0.1388878763595069,0.1187806286723105
ENSG00000105755.7,ETHE1,-0.38744019642440675,NA,0.698430350512822,0.09655371929865617,0.3023533795224062,3.259677672191952e-16,NA,59,69,69,0.005635523903113984,0.14872553281890524
ENSG00000234630.1,LL22NC03-2H8.4,-0.3868616055923767,NA,0.6988586665264555,0.018881507762977423,0.03897855918843255,0.008566888023596739,NA,33,40,40,0.054845016700807464,0.4724335529469095
ENSG00000143674.10,MAP3K21,0.38609152787851536,NA,0.699428884099371,0.009971187564243977,0.028602996394775964,0.028406617512199733,NA,26,29,29,0.014409724083373184,0.2783449406423645
ENSG00000267673.6,FDX2,-0.38541737233900136,NA,0.6999282136193199,0.029573034126935682,0.034109064441863714,0.016407459642039244,NA,47,48,48,4.829070454896742e-10,0.2400585993196828
ENSG00000064419.13,TNPO3,0.38523579963768667,NA,0.7000627219975748,0.004080813913859321,0.025541971836849784,0.038893368162110656,NA,20,21,21,0.12027119246927556,0.031159447352404
ENSG00000112584.13,FAM120B,0.3851368186376116,NA,0.7001360507151771,0.011008875945747867,0.02687489211578013,0.030842006442263026,NA,66,67,67,0.0056860193747998965,0.03249816000434999
ENSG00000111321.10,LTBR,-0.3846821398978341,NA,0.7004729291337632,0.006830026299361171,0.16470288922441334,3.005281412618933e-08,NA,10,12,12,0.3568584838355068,0.05295505868003994
ENSG00000186806.5,VSIG10L,-0.38467665952293406,NA,0.7004769899867147,0.046731800156292524,0.21512988998721655,1.0535634404557856e-11,NA,6,7,7,0.039023197528893216,0.10582288458699313
ENSG00000058453.16,CROCC,-0.3846509229603912,NA,0.7004960604016724,0.012733100390923362,0.10918738594729648,6.93670080997559e-06,NA,3,4,4,0.7056138115290744,0.13487600464023314
ENSG00000166012.16,TAF1D,0.3846248953030415,NA,0.7005153467056133,0.005071394337026314,0.026935736437101825,0.03314535453125038,NA,37,38,38,1.3333474363007002e-08,0.3339222630899879
ENSG00000006282.20,SPATA20,-0.38447492654900595,NA,0.7006264762175681,0.1561750561025977,0.37262924673607895,4.745579596757749e-20,NA,49,53,53,0.00015542762265239457,0.19429633578648295
ENSG00000129071.9,MBD4,0.3842775562507797,NA,0.7007727408817889,0.012147864112377756,0.049556256338549376,0.003275414461687446,NA,11,13,13,0.542751101525065,0.14067294301379185
ENSG00000272848.1,RP1-137D17.2,0.3839285451009435,NA,0.7010314087653275,0.035709015011530634,0.08084960145370534,8.449330478065085e-05,NA,27,27,27,0.0024481334904057454,0.10976521784856412
ENSG00000185627.17,PSMD13,0.3835357546757244,NA,0.7013225648977768,0.0046657741341919,0.0989245427296353,2.7453058490513268e-05,NA,20,20,20,0.18377734582912197,0.04941756683579725
ENSG00000154240.16,CEP112,0.3826444220197732,NA,0.7019834284024107,0.010050858007632169,0.02755520087572576,0.03083929214460421,NA,41,44,44,0.0007359262879382449,0.07289852869179443
ENSG00000164440.14,TXLNB,0.3821226421245741,NA,0.7023703979095965,0.031489023089169337,0.07309420524686894,0.00032129331019596684,NA,26,29,29,0.23455231264693965,0.12866772803851406
ENSG00000177951.17,BET1L,-0.38187365533999534,NA,0.7025550820789364,0.0018918226804758658,0.03082528153076385,0.02298779008071269,NA,4,4,4,0.5627180422457377,0.039433929373730366
ENSG00000254852.8,NPIPA2,-0.3818227817723784,NA,0.7025928193453285,0.006562063111181191,0.024035163522232655,0.034416185850062515,NA,3,3,3,0.004226828255934763,0.11549407761597053
ENSG00000183617.4,MRPL54,-0.3816679156657522,NA,0.70270770126395,0.0036925950548162374,0.13795777031197545,5.463515419477355e-07,NA,2,2,2,0.3321128251382188,0.0726540152042884
ENSG00000180902.17,D2HGDH,-0.38086947030175555,NA,0.7033001072923328,0.02776455809837548,0.3654360550912786,1.68412519510498e-19,NA,10,12,12,0.2176364202739648,0.058538755676464
ENSG00000182263.13,FIGN,-0.3808065565262133,NA,0.7033467937901894,0.007430592862512415,0.17399053855239546,1.0525852962765828e-08,NA,4,4,4,0.3358810585429082,0.0971446542347221
ENSG00000148824.18,MTG1,-0.3807859305225809,NA,0.7033620999959249,0.0011826289100274265,0.02733468014592357,0.030142976254100007,NA,2,2,2,0.6618567794330852,0.05265632681793533
ENSG00000143036.16,SLC44A3,-0.38008102404407257,NA,0.7038852713010757,0.10319239888737967,0.3989846991167997,1.6754406678439535e-21,NA,41,41,41,0.3626008339116945,0.17744491045458147
ENSG00000175893.11,ZDHHC21,-0.38007389108771245,NA,0.703890565994063,0.011031604475507547,0.0747860905249497,0.00019099536657916496,NA,18,18,18,0.17626676993049506,0.06583790283030945
ENSG00000154217.14,PITPNC1,0.37958530936934687,NA,0.7042532674708759,0.005728196283170483,0.11286785388306728,6.046001170535455e-06,NA,6,10,10,0.0029945203763127306,0.060174154594191974
ENSG00000086666.18,ZFAND6,0.37944686819913903,NA,0.7043560523125274,0.0020986851905909856,0.024615132742785442,0.0394678918514966,NA,7,7,7,0.09799438320784079,0.04168141185879613
ENSG00000085514.15,PILRA,0.3790199531335535,NA,0.7046730469111789,0.17411503845932166,0.4973155459439269,4.002931523391331e-29,NA,16,17,17,0.00042963409974262987,0.05391330294373944
ENSG00000100554.11,ATP6V1D,0.3784271830687851,NA,0.705113277845068,0.005453938621362225,0.06410629805222545,0.000936097262777876,NA,93,93,93,0.0016435495747527545,0.07668624841150205
ENSG00000267726.1,CTD-2526M8.2,0.37835421609045894,NA,0.7051674748622566,0.047610985810512034,0.32467398107456635,6.144884286341303e-17,NA,30,30,30,0.0016877090002310295,0.2771561306139406
ENSG00000082701.14,GSK3B,0.37828616748762756,NA,0.7052180200509016,0.013819885651108416,0.04613408827157733,0.00518232504177002,NA,42,42,42,1.3236491694534045e-06,0.0892261226251036
ENSG00000197969.11,VPS13A,0.3778907952434494,NA,0.7055117206574376,0.007495036690582274,0.034452419736910336,0.01653277260488362,NA,15,15,15,0.6590345459088065,0.06194667068856032
ENSG00000134243.11,SORT1,0.3776977030817286,NA,0.705655174308723,0.25318080443096447,0.5783493996773488,3.569735598985056e-37,NA,29,31,31,0.003446632351100473,0.1683585092654302
ENSG00000213672.7,NCKIPSD,-0.376937234037938,NA,0.7062202500606947,0.04202277032613044,0.2290472214611929,2.8796921644520224e-11,NA,12,12,12,0.11534239199277484,0.08482238105717038
ENSG00000158805.11,ZNF276,0.3765527550764532,NA,0.7065060034939522,0.004638881823012038,0.03522095302487549,0.014404289781185197,NA,22,22,22,0.09884089613036733,0.03165660099447495
ENSG00000167384.10,ZNF180,0.3755245508906021,NA,0.7072703911975762,0.01778006065934393,0.12336898738099206,1.6029750097932991e-06,NA,16,16,16,0.006288054564308174,0.040300984866531366
ENSG00000266472.5,MRPS21,0.3753710492737037,NA,0.7073845327335253,0.0029702070516771607,0.07557922177517229,0.0002929420719397291,NA,9,11,11,0.0881658507697184,0.10167635257079727
ENSG00000053371.12,AKR7A2,0.37494883935567447,NA,0.707698515711921,0.023419262905526,0.030037036906039056,0.01951906524134165,NA,61,65,65,6.422331390571365e-08,0.1357972027077142
ENSG00000128891.15,C15orf57,-0.37491509928483097,NA,0.7077236091864474,0.09576400604554208,0.4572286794503073,4.1481610758191214e-26,NA,29,30,30,0.0022789419218544266,0.10080213942693303
ENSG00000140968.10,IRF8,0.3748972901815576,NA,0.7077368544638485,0.020383408971731194,0.09749321600191628,3.445570990002374e-05,NA,47,53,53,0.03464732855282255,0.2117839280761542
ENSG00000222011.8,FAM185A,0.3747932034699285,NA,0.7078142693031801,0.014168524834761333,0.04582135707691737,0.0045925278306541495,NA,28,34,34,8.250990292062778e-06,0.1564887441039105
ENSG00000163961.4,RNF168,-0.37398760786800944,NA,0.7084135358096681,0.011824208472854463,0.11125551951148968,7.015861880782142e-06,NA,19,22,22,5.958902456778814e-16,0.3026273895258185
ENSG00000083828.15,ZNF586,-0.37379496954133434,NA,0.7085568623855566,0.011705556075040953,0.1168762076300114,3.4505579379693634e-06,NA,8,8,8,0.3793481753967882,0.039076219231900564
ENSG00000186854.10,TRABD2A,0.3733009486654533,NA,0.7089244704671153,0.051264882611401705,0.15325620085524136,8.698446809346672e-08,NA,35,36,36,0.21775637477928234,0.08705393867311831
ENSG00000156218.12,ADAMTSL3,-0.3731915828258796,NA,0.7090058603395644,0.013999420835498395,0.05520799107148773,0.0020823233748017795,NA,26,28,28,0.04914020943536963,0.06584862164287186
ENSG00000281538.1,RP4-669P10.20,0.3731325450667678,NA,0.7090497975205277,0.0043217729074219845,0.12638821905312456,1.4406158622331068e-06,NA,24,29,29,0.14667145081499183,0.03702183800514292
ENSG00000263874.2,LINC00672,0.37304039118190246,NA,0.7091183823751317,0.028543766094853405,0.1701391187259197,6.983597802008773e-09,NA,18,51,51,1.4697959005791265e-09,0.14923050678068014
ENSG00000085741.12,WNT11,-0.37263531759839674,NA,0.7094198833793515,0.005799466476638126,0.08030059785271071,0.00018157512300714316,NA,4,4,4,0.002652366269410556,0.2778780132263466
ENSG00000183020.13,AP2A2,0.37253442045627977,NA,0.7094949893837577,0.010675458076703247,0.023698752127224075,0.04711979522887928,NA,17,30,30,0.0768644672010885,0.09313583093083427
ENSG00000184986.10,TMEM121,0.372521012188678,NA,0.7095049704677364,0.010701258717179862,0.09641543457714292,1.9266514603737588e-05,NA,12,12,12,0.6242205488140408,0.07576174733564378
ENSG00000276085.1,CCL3L3,-0.372411996126175,NA,0.7095861236276486,3.080295381959244e-06,0.03404715381257254,0.01455924614058341,NA,1,9,9,0.7095861236276487,0.0025262305973087857
ENSG00000152894.14,PTPRK,-0.37239719327259474,NA,0.709597143343603,0.004261194839819384,0.03243956220635751,0.017681476973523694,NA,25,27,27,0.04926497024229569,0.06172803511409145
ENSG00000100027.14,YPEL1,-0.3706447733331887,NA,0.710902129290137,0.00949263878160064,0.08149684092103755,0.0001336106759287243,NA,8,8,8,0.3855412003752937,0.2288109932580712
ENSG00000260805.2,RP11-61J19.5,0.37038495952750433,NA,0.711095678782508,0.007917870511103715,0.06382686749509378,0.0008770453159132281,NA,14,14,14,0.15636942567570533,0.046296790420915085
ENSG00000112378.11,PERP,-0.3702639866979141,NA,0.7111858044057311,0.009682656220638491,0.09084762501697397,5.817665896158206e-05,NA,19,20,20,0.3021047575348188,0.053662983845865785
ENSG00000111696.11,NT5DC3,0.3698795611115334,NA,0.7114722310091673,0.11558489780888727,0.36679099888531225,9.21297380075038e-20,NA,28,32,32,5.157776459542033e-06,0.4071347560877805
ENSG00000240344.8,PPIL3,0.3692765060591293,NA,0.7119216354147224,0.15624819678870694,0.5155276108965116,2.5531358113295213e-31,NA,57,61,61,1.646642649010281e-08,0.2140773937367886
ENSG00000196663.15,TECPR2,-0.36920875738291914,NA,0.7119721288587636,0.004485710561880799,0.026549716608368717,0.030518964687810513,NA,10,11,11,0.0007530783964381354,0.10492662462596852
ENSG00000187815.9,ZFP69,-0.369137225129046,NA,0.712025443593899,0.045291031180704905,0.06326784990994029,0.0010102440181061607,NA,49,52,52,6.0329697701050937e-05,0.49488177646047204
ENSG00000108561.8,C1QBP,-0.3689609220564271,NA,0.7121568525883308,0.0007848008729638559,0.10100145878168228,2.4394926719835958e-05,NA,4,4,4,0.5060853248171369,0.026118756506701136
ENSG00000166938.12,DIS3L,0.36845956481705844,NA,0.712530590176826,0.015408859627879133,0.19806541457367344,7.138162811255587e-10,NA,21,22,22,0.1355899606336536,0.07258220534980213
ENSG00000218739.9,CEBPZOS,-0.3683580206632101,NA,0.7126062948464815,0.07322246889016736,0.030186847304782195,0.02410880387813352,NA,60,64,64,0.030140262348836787,0.1826274798295965
ENSG00000168385.17,SEPT2,-0.3682685802152613,NA,0.71267297813144,0.014503914683690569,0.045842575430203834,0.005071294530037339,NA,21,23,23,0.0907389235440331,0.2321194529357761
ENSG00000110841.13,PPFIBP1,-0.3676721150090509,NA,0.7131177353051203,0.008458956680914544,0.04565062620979704,0.005258741474308354,NA,25,27,27,0.47825294971788657,0.05992588584252366
ENSG00000120071.13,KANSL1,-0.36740219904219024,NA,0.7133190315223046,0.026853232485843842,0.1067780345426679,7.938211583776303e-06,NA,13,20,20,0.017897781023894034,0.2784828737925853
ENSG00000169592.14,INO80E,0.36733380594522197,NA,0.7133700404627688,0.016368448506020827,0.18075077439774967,5.7452446753024455e-09,NA,15,15,15,0.25170000520459435,0.07705142823293239
ENSG00000141295.13,SCRN2,0.36704939013149634,NA,0.7135821772119024,0.025735041455843044,0.2356697895648492,9.489119595605939e-12,NA,25,26,26,0.0028882839320015213,0.05569323206665883
ENSG00000144043.11,TEX261,0.36642625219400793,NA,0.7140470334634719,0.01261437423997333,0.2236977187957086,3.60422983772235e-11,NA,19,20,20,0.007344148782276393,0.06815702659527577
ENSG00000004700.15,RECQL,0.36574681815713755,NA,0.7145540071530785,0.0025675175085186014,0.029019856743615888,0.02753206841272984,NA,28,28,28,0.2974758249242594,0.03560035186070702
ENSG00000104081.13,BMF,0.36558274071545943,NA,0.7146764558084929,0.017048004012279065,0.03171023363544331,0.020991432011131725,NA,46,47,47,0.005964371721950941,0.1178149259579018
ENSG00000149182.14,ARFGAP2,-0.36557461247136225,NA,0.7146825219921483,0.006517695696064638,0.027228287014331796,0.03041190666623794,NA,27,27,27,0.0005739277341797271,0.05605508198572156
ENSG00000142156.14,COL6A1,-0.36545161386561054,NA,0.7147743191878103,0.02009617102778375,0.06808415790346581,0.0006244909653570211,NA,21,23,23,0.02590372532584143,0.1950633219414424
ENSG00000146648.17,EGFR,0.36530314261374747,NA,0.71488513280678,0.005390961517590219,0.02487225459065126,0.04122131185718768,NA,31,33,33,0.0024255048632231668,0.17412840606082686
ENSG00000260710.1,RP11-616M22.7,-0.36490331453699465,NA,0.7151835800281654,0.028248455446413856,0.15469198686772154,9.824626414613193e-08,NA,8,8,8,0.18099879644289074,0.12839707882039444
ENSG00000196199.13,MPHOSPH8,0.3642557471446784,NA,0.7156670418665875,0.0054353117708515995,0.09773447664858452,3.332357355210531e-05,NA,5,6,6,0.2226929343176135,0.06025128634960501
ENSG00000104936.17,DMPK,0.3639428352992589,NA,0.7159006969449272,0.009452343398117858,0.1399010827617604,3.8787433015795394e-07,NA,25,25,25,0.36430959532866836,0.03598661334537349
ENSG00000134330.18,IAH1,-0.36389809411548824,NA,0.7159341079055853,0.017344679027059783,0.1397628126598278,3.1315111076633895e-07,NA,56,57,57,0.042219223035488876,0.060796768649265524
ENSG00000186399.10,GOLGA8R,0.3631915518226103,NA,0.7164617980548915,0.001118193886232387,0.02885939381544642,0.023450476452643837,NA,8,39,39,0.5810143163588333,0.054644016389479314
ENSG00000137968.16,SLC44A5,0.3629919903061771,NA,0.716610867663788,0.1262172301910607,0.3122489145459441,2.0761101488725866e-16,NA,46,48,48,0.00592250009285017,0.12735056061919633
ENSG00000144649.8,FAM198A,0.3629160951282402,NA,0.716667563114841,0.09974511090203994,0.35421441501527096,1.587170810975008e-19,NA,36,36,36,4.366975342176377e-06,0.08675968078538934
ENSG00000272695.1,GAS6-AS2,-0.3627832917198872,NA,0.716766774085424,0.039538450490554156,0.08068332098673647,0.00015128626186598494,NA,24,25,25,0.0024250852843722645,0.23961160761154976
ENSG00000162878.12,PKDCC,0.3625243115988906,NA,0.7169602592925999,0.005305794213849531,0.042537154728891004,0.0066633868626825325,NA,25,25,25,0.020680600443570556,0.02137088555448588
ENSG00000196235.13,SUPT5H,0.3624947781183422,NA,0.7169823250422309,0.023191391786827695,0.16655852433477175,2.3553798418205745e-08,NA,24,24,24,0.03221064100459518,0.14846331951136704
ENSG00000206535.7,LNP1,-0.3624631523606041,NA,0.7170059542852054,0.005627092720386447,0.04159686391504109,0.008004962290670327,NA,38,38,38,0.0785252725428661,0.05175963130971602
ENSG00000185608.8,MRPL40,-0.36223642645257825,NA,0.7171753608940733,0.007222151710835831,0.0959868421013386,3.3321903242056516e-05,NA,26,32,32,0.015073154503495757,0.17523143875042518
ENSG00000005020.12,SKAP2,-0.3621099801206184,NA,0.717269845970163,0.011882697018323483,0.047084527858792496,0.003527002486805701,NA,24,24,24,0.004605423657624895,0.07621234414786189
ENSG00000100522.8,GNPNAT1,-0.3620679713636585,NA,0.7173012373249488,0.019813492599096424,0.18031140179337649,5.800478481856358e-09,NA,32,33,33,0.0012736996527989042,0.057544547318602174
ENSG00000188997.7,KCTD21,0.3619132222775411,NA,0.7174168788443818,0.018658372186646566,0.07903126024500465,0.00016387563658514548,NA,42,43,43,0.009325358421383398,0.2183601446283149
ENSG00000021852.12,C8B,-0.36128917430632485,NA,0.717883285619952,0.003509047679838217,0.11332462087432885,5.022364355399863e-06,NA,11,12,12,0.1042264317473722,0.031187197734441043
ENSG00000007933.12,FMO3,0.36122715365829094,NA,0.7179296449366398,0.011343631287565228,0.03819767873050922,0.010960216991686896,NA,60,60,60,0.01571045747186235,0.06429139460880898
ENSG00000128039.10,SRD5A3,0.36031790750839954,NA,0.7186094091938299,0.14408333084154767,0.29589158429241874,4.273851776648323e-15,NA,88,96,96,0.005295593204530433,0.3327350799204795
ENSG00000133433.10,GSTT2B,-0.3602921561014287,NA,0.7186286645267008,0.10633419136795087,0.4812038543240055,5.229055963421866e-28,NA,79,92,92,9.2647404573227e-18,0.203623714965016
ENSG00000174775.16,HRAS,0.35890295207943074,NA,0.7196676911273572,0.004181226792988167,0.07640904206166503,0.00022714173616763638,NA,10,10,10,0.062195623993053076,0.0550058979293862
ENSG00000174840.8,PDE12,-0.35883401016353544,NA,0.7197192683268882,0.0014610582554717465,0.040697917440310316,0.007368635277850605,NA,18,18,18,0.2538472890307666,0.028857156738089997
ENSG00000237440.8,ZNF737,-0.3585493423199048,NA,0.7199322490851343,0.02273525361449997,0.09109584311657316,4.37726446840939e-05,NA,21,23,23,0.046718578332112966,0.12257567538068807
ENSG00000251580.1,RP11-539L10.3,0.35837372342692886,NA,0.7200636532205285,0.027999730858678046,0.09188130681012638,4.937573129869351e-05,NA,35,40,40,4.5127632764554644e-05,0.11562799549427895
ENSG00000011132.11,APBA3,0.3580770957103136,NA,0.7202856191269187,0.03761537047127268,0.12943769109398856,1.180353945089274e-06,NA,38,43,43,2.877404059144397e-05,0.12132414065740114
ENSG00000169085.11,C8orf46,-0.3574800837656902,NA,0.7207324333928047,0.022042571597341035,0.2589279060757113,8.732574140168778e-13,NA,23,23,23,0.02528771208441962,0.04400360635173686
ENSG00000164414.17,SLC35A1,0.357035866777215,NA,0.7210649551075832,0.002522599985607061,0.02764792909344039,0.031422594600832014,NA,6,6,6,0.46245017281796463,0.05068455218917872
ENSG00000233967.6,RP11-250B2.3,-0.3565358370848809,NA,0.721439318905946,0.018369243093135666,0.1935772867972608,1.0850005211168044e-09,NA,46,47,47,0.006509537971106778,0.06340629635808777
ENSG00000164406.7,LEAP2,-0.35610903976660446,NA,0.7217589076635286,0.009295558346111734,0.042873602960484966,0.006660748262295006,NA,20,20,20,0.0030436403081205558,0.04648914816393845
ENSG00000174106.2,LEMD3,0.3559052003276782,NA,0.7219115611763142,0.01349789069725521,0.052086309963736935,0.002767659853715279,NA,36,38,38,0.059668337041200094,0.23892957747591065
ENSG00000197822.10,OCLN,-0.3558582727595,NA,0.7219467063763545,0.019244981345854922,0.08140213252087987,0.0001290433222145589,NA,34,35,35,0.035137373044202135,0.12866683429723233
ENSG00000013288.8,MAN2B2,0.3557169277891769,NA,0.7220525666169015,0.027693229700126804,0.21472962329410133,5.677608072024528e-11,NA,37,41,41,0.03436945755911703,0.17012129249428182
ENSG00000164144.15,ARFIP1,0.35569099877950955,NA,0.7220719867127589,0.015539099836147884,0.09686488101691322,1.299889190486934e-05,NA,48,50,50,0.0004304719990555983,0.07252501153952454
ENSG00000127578.6,WFIKKN1,-0.35516936305372915,NA,0.7224627151683118,0.05495706276400552,0.1847404797170324,1.2714089820260239e-09,NA,29,33,33,0.06167913157118623,0.1955195462090128
ENSG00000196510.12,ANAPC7,0.3549380094427287,NA,0.722636032535964,0.01650863170510901,0.03873387185637315,0.009787350554522768,NA,75,77,77,3.2321196602405566e-06,0.11073392889565138
ENSG00000091138.12,SLC26A3,-0.3547795462485835,NA,0.7227547526361247,0.028778336978127074,0.06316641450540297,0.0010470824100231207,NA,13,14,14,0.13185289882019532,0.10807459981623152
ENSG00000139668.8,WDFY2,-0.3546681349209597,NA,0.7228382256299184,0.0035482950273546298,0.026742913565011787,0.034548303236968406,NA,38,39,39,0.2722026977752767,0.02920792573087575
ENSG00000188266.13,HYKK,0.3544308376442397,NA,0.7230160274684478,0.014901406050684352,0.023175111770460263,0.042231924333874314,NA,26,28,28,0.02001148131912911,0.08564263471335369
ENSG00000163053.10,SLC16A14,0.35407504400293394,NA,0.7232826441489288,0.010144457851071272,0.07069982467326276,0.0003106733485939662,NA,21,21,21,0.2871177569855653,0.04722005610958548
ENSG00000128789.20,PSMG2,0.35344063123133246,NA,0.7237581295269386,0.005744356453246016,0.07056956356219328,0.0004299376149513906,NA,26,27,27,0.01341674751720861,0.10287551796308983
ENSG00000106049.8,HIBADH,0.3532563563074866,NA,0.7238962615422966,0.006071043265246714,0.06710512459336854,0.0006229442392046514,NA,39,39,39,0.4090737049047407,0.07746213087427317
ENSG00000112697.15,TMEM30A,0.3532416933949876,NA,0.7239072532105805,0.0034527350263145787,0.02395588335987028,0.044283545420519724,NA,36,37,37,0.0066416676215253125,0.027893060705093425
ENSG00000006607.13,FARP2,-0.35254337787063955,NA,0.7244307930345517,0.009201706068220518,0.06113511032402522,0.0007368937262656983,NA,31,34,34,0.08238445855047792,0.0880254603696482
ENSG00000168275.14,COA6,-0.3525076998942704,NA,0.7244575449241362,0.004813235626529237,0.048950555884513566,0.003072497730796393,NA,13,14,14,0.16884247222200355,0.050623221402202205
ENSG00000221955.10,SLC12A8,-0.35215394114462983,NA,0.7247228168199333,0.14352773075498582,0.5290861639002807,9.996269396351815e-33,NA,39,41,41,0.006525014582770453,0.08718374418913133
ENSG00000160613.12,PCSK7,0.3515619271691074,NA,0.7251668222861043,0.0038405045694589494,0.0423845640033947,0.006249535216691959,NA,45,47,47,0.4974031208588112,0.06375697123980376
ENSG00000282851.1,BISPR,-0.35123806388412826,NA,0.7254097561234325,0.027958585993568694,0.028386086946896268,0.030155056469090013,NA,43,45,45,0.000916421679207817,0.12733105377340956
ENSG00000113303.11,BTNL8,0.35096242698868707,NA,0.7256165365226386,0.04760680227076801,0.05293074158490264,0.0026283879523229035,NA,47,54,54,1.2025988020368835e-07,0.3062342589629649
ENSG00000156928.4,MALSU1,-0.35072803682706866,NA,0.7257923897200174,0.0011038280702320318,0.051512384139275585,0.0029348870244629713,NA,6,6,6,0.2664361653227276,0.012453716524656641
ENSG00000238198.1,RP11-31F15.2,0.35055301351754226,NA,0.7259237118640969,0.019499672948223364,0.09067343068058813,5.693555797860218e-05,NA,23,23,23,7.172418353555853e-05,0.13749165767652394
ENSG00000135916.15,ITM2C,0.3505506740307497,NA,0.7259254672644208,0.0017740507995150446,0.11087284624809192,9.611427499309603e-06,NA,7,9,9,0.503213074454203,0.06339281343427455
ENSG00000175785.12,PRIMA1,-0.3500665258446027,NA,0.7262887718680227,0.008627338403696764,0.040110784718597886,0.009166550270276642,NA,14,15,15,0.12577422004897676,0.12501404607874966
ENSG00000238142.1,RP11-108M9.4,0.3499687620114076,NA,0.7263621412842687,0.053278312516960906,0.1221846722576658,1.14344368947486e-06,NA,57,65,65,0.009767330804760109,0.14023532061192853
ENSG00000162981.13,FAM84A,0.34968550358607625,NA,0.7265747341222717,0.08402365737918907,0.2357022625726708,3.323955895203207e-12,NA,53,56,56,0.0036108223814146833,0.05994669899807197
ENSG00000169727.12,GPS1,0.34882148967780074,NA,0.7272233291215409,0.028753384475280776,0.0673283010644839,0.0006142964386600122,NA,79,91,91,0.00010313786891294531,0.276844185131797
ENSG00000250067.11,YJEFN3,0.3480880546716287,NA,0.7277740550343021,0.015505788377837755,0.18253809267188387,1.6235666053971196e-09,NA,29,30,30,0.03816429669262693,0.06310669181010561
ENSG00000164323.12,CFAP97,-0.3478401111605325,NA,0.7279602641063998,0.0033288998811562185,0.04459364276449945,0.0058704478652058575,NA,26,31,31,0.00822306289536703,0.047104261393452064
ENSG00000110274.15,CEP164,-0.3476437115638131,NA,0.7281077743719102,0.009560882275351753,0.20540986933899,3.0745883464661414e-10,NA,10,11,11,0.0030236015523841964,0.10783962546661004
ENSG00000132141.13,CCT6B,-0.34735414063331127,NA,0.7283252814014729,0.01157592224566594,0.1551167862666693,4.204850620737301e-08,NA,23,23,23,0.010066478108947464,0.04978440353003338
ENSG00000162817.6,C1orf115,-0.34726562245740633,NA,0.7283917749200923,0.05178950066001621,0.21526751445131612,4.941777858806437e-11,NA,45,48,48,0.03435554111884412,0.16695569823795026
ENSG00000281920.1,RP11-418H16.1,-0.3467509652845013,NA,0.728778418101156,0.07714904508464408,0.05734599464977876,0.001779007907052397,NA,75,80,80,0.004748202105877095,0.3505852048682016
ENSG00000172613.7,RAD9A,0.34650369572115436,NA,0.7289642072612925,0.011119022064788733,0.08522800376650799,0.00011906854938712029,NA,22,23,23,2.7915529099868184e-07,0.2647610076774197
ENSG00000137675.4,MMP27,0.34634897021544014,NA,0.7290804703536414,0.22235076097088727,0.4341383645172204,1.6639949082574252e-24,NA,48,51,51,0.00019776015856655645,0.37591201816969255
ENSG00000169016.16,E2F6,0.3462759382475671,NA,0.7291353498469435,0.004708052466766241,0.059684131572485685,0.0015015263542484886,NA,17,18,18,0.010251163376558481,0.052650752284425666
ENSG00000159261.10,CLDN14,-0.3456165956123683,NA,0.7296308722436726,0.019059113943946212,0.12983486222190446,1.0600589808090358e-06,NA,48,51,51,0.008226885032424363,0.05475887004314317
ENSG00000169902.13,TPST1,0.3455889613048993,NA,0.7296516429995948,0.005372325793504153,0.07904654566078008,0.00011928229084319104,NA,11,11,11,0.024280562486776642,0.06519877628542846
ENSG00000137462.6,TLR2,0.3449348813870142,NA,0.7301433265292303,0.01666536467211337,0.06258366354984785,0.0007786655174531245,NA,57,60,60,0.015764084340570684,0.0979245658723608
ENSG00000136379.11,ABHD17C,-0.344677085699081,NA,0.7303371466324253,0.005742918092854767,0.05507642084146399,0.0019087839775933195,NA,13,13,13,0.5019350284242543,0.03817052473365345
ENSG00000226380.9,AC058791.1,-0.3446157135356199,NA,0.7303832909786772,0.0018582477025286504,0.037339199555394234,0.010636889357304226,NA,9,9,9,0.3129549947122615,0.06307340713262262
ENSG00000239642.5,MEIKIN,0.3439696883056693,NA,0.7308690819633701,0.041674851852296385,0.10717125432904047,2.493415697977474e-06,NA,41,41,41,0.0008856387816304957,0.24874964058552398
ENSG00000140575.12,IQGAP1,-0.3426885369325403,NA,0.7318327873285322,0.014803846224236642,0.26075062549566697,4.697510356935237e-13,NA,23,23,23,0.04156532754933036,0.041443295014142206
ENSG00000163293.11,NIPAL1,0.34265658358418755,NA,0.7318568286332419,0.0459737035353812,0.3230077653286561,9.76626345303159e-17,NA,25,25,25,0.04381181593431892,0.18229726439563984
ENSG00000010030.13,ETV7,-0.3412885357538669,NA,0.7328863775330776,0.0071132855198826105,0.025743750664995367,0.03259511456389706,NA,20,23,23,0.11644746754462544,0.09779913851117353
ENSG00000204514.9,ZNF814,-0.34126696693887876,NA,0.7329026133856149,0.004353754626664723,0.07981420399051523,0.00010371720215427036,NA,10,10,10,0.2173406971346552,0.1311840538315619
ENSG00000114796.15,KLHL24,-0.341195742336863,NA,0.7329562283127772,0.011359141883491686,0.0693381128695796,0.00044336428243252725,NA,52,54,54,0.03491245185302699,0.04719468725082166
ENSG00000081014.10,AP4E1,-0.3411335945129395,NA,0.7330030116822099,0.0024580719148137027,0.1017191803063688,1.80469501452412e-05,NA,1,1,1,0.7330030116822099,0.1895163394351202
ENSG00000167103.11,PIP5KL1,0.3400242057872331,NA,0.7338382992461071,0.0634640548157742,0.11690529562413902,5.0259037606839915e-06,NA,32,35,35,0.009051726462629457,0.3027577320713841
ENSG00000188322.4,SBK1,0.339893676345698,NA,0.7339365989891237,0.00729043038768651,0.026403534843828663,0.03619265353294318,NA,19,21,21,7.785653732210113e-06,0.07471146167099668
ENSG00000269713.7,NBPF9,0.33983364701271057,NA,0.7339818076336366,0.0011964965203281749,0.028168793317230795,0.02873569155648781,NA,1,11,11,0.7339818076336366,0.3263357587396468
ENSG00000198670.11,LPA,-0.3394103840101922,NA,0.7343005970746214,0.06405072434010334,0.2497594500213257,8.677239261901137e-13,NA,70,80,80,0.05168135362555754,0.4079427769885632
ENSG00000229986.1,AP001042.1,0.3393857429472779,NA,0.7343191574211902,0.022882228356518264,0.027750617123345988,0.03200584308755915,NA,111,120,120,4.089450673276551e-05,0.2825472214451237
ENSG00000152270.8,PDE3B,-0.33872037656367354,NA,0.7348203888780249,0.004902958625892799,0.04892385140012857,0.003528010578630318,NA,19,19,19,9.19682306188687e-06,0.10699983348669828
ENSG00000272047.1,GTF2H5,0.3383871593277387,NA,0.7350714493800009,0.023403746862157467,0.07711670093793138,0.0002376829966966042,NA,72,77,77,0.0008008021726871477,0.17689138991276587
ENSG00000181027.10,FKRP,-0.33812248150061736,NA,0.7352708894564748,0.033284438967788724,0.2172856764289965,8.335983066792141e-11,NA,35,36,36,0.02280604028004738,0.09386424755425042
ENSG00000181656.6,GPR88,-0.3378264020713706,NA,0.7354940124238849,0.0634186093767801,0.2730243993935483,9.731883954448334e-14,NA,17,17,17,0.6064551532622119,0.06996111423765655
ENSG00000131400.7,NAPSA,0.33779632552427075,NA,0.7355166791058287,0.005743554640829985,0.058101362812294124,0.0015611740896132632,NA,34,43,43,0.00461320388403182,0.09838637249814736
ENSG00000183833.16,MAATS1,0.3377840427764003,NA,0.7355259358576209,0.15097893387413208,0.43357436089311896,1.2894392956847915e-24,NA,47,48,48,1.873771846721324e-08,0.12259224375659115
ENSG00000136381.12,IREB2,-0.3375095456516608,NA,0.7357328174789636,0.010662398683251098,0.02644087960748684,0.031594196330357066,NA,47,50,50,7.899589754819562e-07,0.11004747092432562
ENSG00000233569.1,RP11-500B12.1,0.336036711610089,NA,0.736843182669072,0.02471890427261646,0.0379368742948818,0.01133906881968805,NA,52,62,62,0.019830576680278253,0.12901232135479582
ENSG00000164366.3,CCDC127,0.3359363075939195,NA,0.7369188969949391,0.018124083635374374,0.03948480948610198,0.009665754000235872,NA,20,28,28,0.00020716457228111887,0.14480587278376528
ENSG00000141293.15,SKAP1,0.33590594589136163,NA,0.7369417931541298,0.006696597054384035,0.05694792364635984,0.0018843232303175038,NA,35,36,36,0.02923404797974539,0.07717343211072207
ENSG00000168653.10,NDUFS5,-0.33584724155227585,NA,0.7369860635304781,0.03959894748737826,0.282055360283518,1.8691338515756748e-14,NA,22,23,23,0.04618536780724024,0.04931784566082055
ENSG00000223891.5,OSER1-AS1,-0.3356807434684427,NA,0.7371116285512042,0.060579942172851675,0.2279908802072773,1.6376359081435722e-11,NA,65,73,73,0.00013208082612080783,0.3010860065668407
ENSG00000103227.18,LMF1,-0.33540847511261546,NA,0.7373169756545634,0.013524407045425457,0.05131932091310381,0.0023114394246603106,NA,8,8,8,0.033103401245744964,0.22715556573808945
ENSG00000143194.12,MAEL,0.3342753030335359,NA,0.7381718249435085,0.017962204558488522,0.06491871819287845,0.0007041893057791874,NA,19,19,19,0.23206376922508887,0.042484780529258886
ENSG00000273582.1,RP11-426C22.7,-0.33418880901276615,NA,0.7382370881484912,0.1813681636446269,0.4375703627748658,2.448741385710933e-24,NA,49,50,50,0.03692097979920487,0.26908170854719515
ENSG00000163945.15,UVSSA,0.3337176251252505,NA,0.7385926483935944,0.0655233696310218,0.36227518075360493,1.870629138910443e-19,NA,23,24,24,0.0010709875800913873,0.07337819953729448
ENSG00000110395.6,CBL,-0.33352338477415194,NA,0.7387392404556046,0.007311182267505359,0.03163304911048598,0.02027601939316569,NA,12,13,13,5.140378411500365e-05,0.07785293796589117
ENSG00000167920.8,TMEM99,0.3333653322427128,NA,0.7388585287889271,0.0541534436491008,0.3480884124735796,1.3903278115409306e-18,NA,10,10,10,0.6192546169616033,0.11359198843859515
ENSG00000166928.10,MS4A14,0.3329711174694875,NA,0.7391560852461206,0.15536388559988085,0.3068528742561487,5.505799861990429e-16,NA,100,102,102,0.0020305631810542475,0.1645832637075429
ENSG00000227388.2,RP11-112J3.16,0.3328343692961081,NA,0.7392593129857955,0.03025867686191834,0.10131325509577056,1.6585302740212132e-05,NA,26,27,27,0.017139373383616575,0.06491495480664082
ENSG00000133665.12,DYDC2,-0.33237041721002775,NA,0.7396095736904043,0.07896767012627633,0.21371862343086248,7.527141455321306e-11,NA,42,44,44,0.010923690807024287,0.1763516436976889
ENSG00000259820.1,AC083843.1,-0.33178110300545566,NA,0.7400545544191115,0.008222010468578839,0.12745939200443404,1.3716086559043649e-06,NA,8,8,8,0.3898070400987569,0.10555587667556143
ENSG00000226383.6,LINC01876,-0.3316403053939503,NA,0.7401608810873297,0.030261356660957115,0.051149408875498535,0.0026657642177006923,NA,60,62,62,1.0920461984379342e-14,0.12455027599009752
ENSG00000168952.15,STXBP6,0.3313603845476235,NA,0.7403722847241111,0.04240355611471502,0.025977281929885045,0.03457544758991378,NA,56,60,60,0.0038995063790111216,0.18736888551227907
ENSG00000143353.11,LYPLAL1,-0.33058382477360887,NA,0.7409588658475104,0.006876702177935748,0.0691853929040185,0.000556982013692982,NA,64,65,65,0.04087252977313234,0.09526357446794688
ENSG00000189306.10,RRP7A,-0.33041606305265714,NA,0.741085605903391,0.018928507266021938,0.13030695525917713,6.625031328259175e-07,NA,36,43,43,0.021333166318348425,0.2436438580852786
ENSG00000164308.16,ERAP2,0.3303280123682897,NA,0.7411521289473155,0.2982006643302255,0.6082385951008046,3.636974571650417e-43,NA,64,66,66,3.822837599454044e-05,0.1594299511131171
ENSG00000204920.10,ZNF155,0.3300855365931442,NA,0.7413353314654272,0.12144314021314093,0.13699282124175174,7.451727271513487e-07,NA,77,83,83,0.009709606710279413,0.3443258091496578
ENSG00000142794.18,NBPF3,-0.3299823947976444,NA,0.741413264672055,0.1369265325613777,0.5654632992224864,1.4759764656631794e-36,NA,22,26,26,0.14917656315751116,0.09834920795809396
ENSG00000142494.13,SLC47A1,0.32995620101378803,NA,0.741433056931097,0.007875945797116996,0.1244392527224793,1.249875440123473e-06,NA,14,15,15,0.24963915543751103,0.04439894469596488
ENSG00000159173.18,TNNI1,-0.3290329203673334,NA,0.7421308052968272,0.07939160204681277,0.3809843043790671,5.4799028728784946e-21,NA,30,33,33,0.0064425728744642976,0.08597330858926154
ENSG00000174197.16,MGA,0.32848367425578723,NA,0.7425459861677319,0.004312747895454474,0.037529228735651086,0.009438441187456306,NA,4,5,5,0.6833113360005764,0.0730140345702834
ENSG00000173209.22,AHSA2,0.3282819396572123,NA,0.742698498273803,0.018619426689110305,0.21625815733466305,4.442459833256052e-11,NA,25,25,25,0.0020822453480399184,0.04289648480831215
ENSG00000235358.1,RP11-399E6.1,0.32766581371909764,NA,0.7431643542810134,0.12385426904487583,0.3724432940749425,1.2567495107636628e-20,NA,43,43,43,0.24246250826890903,0.2626345300888954
ENSG00000134030.13,CTIF,-0.32661257209258265,NA,0.7439609334583628,0.011729426981458409,0.08611011964902539,8.832754818829989e-05,NA,17,20,20,0.16787856149620106,0.06832692872263424
ENSG00000105656.12,ELL,0.3265210532664698,NA,0.7440301631891808,0.008331824920796507,0.10445210598874098,1.150983778498376e-05,NA,13,19,19,0.000916421679207817,0.17257886379898496
ENSG00000171509.15,RXFP1,-0.3248053525532555,NA,0.7453283932604315,0.018831472914805684,0.04975440885137149,0.003333463727748697,NA,63,67,67,0.0011741625776620233,0.27329618707652825
ENSG00000004534.14,RBM6,-0.3245788807694257,NA,0.7454998132325109,0.0347932517768243,0.21293681804300965,4.57445679843993e-11,NA,47,47,47,0.12895108960835167,0.029547262907163863
ENSG00000142546.13,NOSIP,-0.32456476241693594,NA,0.7455105000477362,0.01006471554220105,0.030360865150957067,0.021672600144732396,NA,30,39,39,0.003972445957209288,0.1248323303229101
ENSG00000134755.14,DSC2,-0.32402476592130397,NA,0.7459192843912114,0.004389256454235208,0.02680317648319764,0.025733731029792282,NA,12,12,12,0.6453037897079239,0.0238416950226005
ENSG00000228262.8,LINC01320,0.32251244641972204,NA,0.7470645102019198,0.06524011836191995,0.26384879913013226,2.939785475644183e-14,NA,15,15,15,0.5412830399945655,0.09293242797498796
ENSG00000178201.4,VN1R1,-0.32206979732326535,NA,0.7473998184342359,0.010835567170261524,0.0896483419773889,6.208573500646548e-05,NA,27,29,29,0.003111011832112688,0.0473123379360982
ENSG00000162819.11,BROX,0.32206504732929403,NA,0.7474034168305717,0.01520862497473336,0.03438877965077875,0.015855206029239916,NA,57,59,59,0.00024120941572229422,0.12929217322297573
ENSG00000136273.11,HUS1,0.3210721412618459,NA,0.7481557215809072,0.004595630001320971,0.07304320039302975,0.0003855294328043123,NA,5,5,5,0.71056613003159,0.06886845624087158
ENSG00000182472.8,CAPN12,-0.32081012963998656,NA,0.7483542824899447,0.007975943645886396,0.06650520299912217,0.000730686988863611,NA,6,6,6,0.6529738409959607,0.07201160426646945
ENSG00000254415.3,SIGLEC14,0.32014248056157063,NA,0.7488603240515191,0.06329740059141319,0.2966000704610011,1.6388604435792864e-16,NA,34,38,38,0.0021066445677801553,0.3335957026891995
ENSG00000111530.12,CAND1,0.31999552956027555,NA,0.7489717194220257,0.0019554210371852346,0.05690325637742572,0.0015438023885937355,NA,17,17,17,0.3663362802429243,0.012035842249908186
ENSG00000179588.8,ZFPM1,0.3194693950868407,NA,0.7493705956033565,0.021296088393148414,0.03963034692479322,0.00811381476724718,NA,42,45,45,0.006702937821810605,0.20513238550225746
ENSG00000157823.16,AP3S2,0.31884357981005607,NA,0.7498451296857584,0.0847645756443703,0.37890808335882203,1.4629588017658933e-20,NA,23,23,23,0.5431889495463245,0.042249891372196584
ENSG00000063127.15,SLC6A16,-0.3187693807342425,NA,0.7499013985616372,0.007969474408591803,0.10378568048169244,1.5702587207900854e-05,NA,14,15,15,0.1403489580033575,0.0364419249317346
ENSG00000171914.16,TLN2,0.3186635999358378,NA,0.7499816197408303,0.021697393914560006,0.03231007793573723,0.017262752249877816,NA,55,56,56,3.276447963928091e-09,0.14885054046454424
ENSG00000187474.4,FPR3,-0.318465851272132,NA,0.7501315940118464,0.0018167981659572034,0.02919543366118978,0.024578287511262675,NA,3,4,4,0.22472000769914358,0.10235132240058416
ENSG00000120158.11,RCL1,0.3180415023320431,NA,0.7504534557368618,0.007364194907202684,0.06939924247051961,0.0004737700391749298,NA,23,26,26,0.004535998915189814,0.17011270536213174
ENSG00000116874.11,WARS2,0.31765694720940824,NA,0.7507451720260279,0.03178977439461745,0.11622344521502526,5.436587912267472e-06,NA,51,52,52,0.16936739580006754,0.0895633906514451
ENSG00000180447.6,GAS1,-0.31748273831450313,NA,0.7508773353510168,0.0020661493134434454,0.026648300698757538,0.03467918881148262,NA,9,9,9,0.21506530874435348,0.1018304774952822
ENSG00000159733.13,ZFYVE28,-0.31652316226028016,NA,0.7516054472576879,0.0891162236875729,0.2417378157498221,5.15847892565336e-12,NA,32,35,35,0.07236326551399534,0.20200002885037413
ENSG00000092094.10,OSGEP,-0.31624044107999855,NA,0.7518200140563245,0.005405956234278357,0.033697261512015936,0.016765813403925717,NA,8,9,9,0.027013756628397313,0.03032433320996755
ENSG00000125912.10,NCLN,-0.31614690389760497,NA,0.7518910068559141,0.013903925394693355,0.033718781419354485,0.01667780575802141,NA,55,63,63,6.751614179044314e-05,0.13276382974494028
ENSG00000144357.16,UBR3,0.3160451970683133,NA,0.7519682026320715,0.0066178298468227694,0.03132283995042879,0.02020354507157473,NA,34,34,34,0.00036235539664319693,0.06068704740798625
ENSG00000166743.9,ACSM1,0.3155391660381798,NA,0.7523523185123285,0.04479220213005265,0.1776943209488999,7.494894291099389e-09,NA,36,36,36,0.3624950141600387,0.04862297565389506
ENSG00000275709.1,RP11-96O20.5,0.3150224171564955,NA,0.7527446333532284,0.018856421105591444,0.08622230625263683,0.0001088364334955442,NA,14,15,15,0.0009453305632032883,0.26314775038465754
ENSG00000176401.5,EID2B,0.31262585992029396,NA,0.7545649288690288,0.027450705246225532,0.0270482685825517,0.031651779265647904,NA,56,60,60,0.06895123187297962,0.10328350001003936
ENSG00000112249.13,ASCC3,-0.31210271678002194,NA,0.7549624619010767,0.009134623939660264,0.10845141944051892,8.795907247114467e-06,NA,63,63,63,4.56860319500744e-11,0.04952401332570403
ENSG00000025434.18,NR1H3,0.3116997094561424,NA,0.7552687487853511,0.007085987630513301,0.04744811405337253,0.003441965914664577,NA,21,21,21,0.0018999500095133483,0.11073440169437933
ENSG00000178386.12,ZNF223,0.3116062007992516,NA,0.7553398211717117,0.05804753024393028,0.2692605229714497,3.454016717432544e-14,NA,22,22,22,0.03185360797330254,0.04248466832835804
ENSG00000099917.17,MED15,-0.3115054257641327,NA,0.7554164187753429,0.01040988745009826,0.2095827476346794,2.876370546860085e-11,NA,6,6,6,0.6649297498150408,0.06277320823645016
ENSG00000162999.12,DUSP19,-0.31137776522383775,NA,0.7555134551034692,0.028406043350454227,0.06450904924712787,0.0009123227860165074,NA,50,53,53,5.665847977497124e-12,0.2588271015207021
ENSG00000085719.12,CPNE3,0.31045380408788614,NA,0.756215884092415,0.002522588806142945,0.10929641502621824,7.0333845868489075e-06,NA,25,28,28,0.017202183757618932,0.022944270512775162
ENSG00000225697.12,SLC26A6,-0.30990559475073354,NA,0.7566327481339614,0.010703581058059256,0.06480470231298753,0.0006660496039147399,NA,12,12,12,0.054126332998824446,0.055078779449409206
ENSG00000176783.14,RUFY1,0.3097796760762359,NA,0.7567285080012589,0.03555157658097198,0.15537749155020675,3.466234522864168e-08,NA,44,45,45,0.010851671852808536,0.101236354377525
ENSG00000174080.10,CTSF,0.30922480028264343,NA,0.7571505298603161,0.004161337086021225,0.095982145015627,2.628646128327243e-05,NA,6,7,7,0.5897300205868132,0.07730079113664008
ENSG00000188282.12,RUFY4,0.30871180132979475,NA,0.7575407658804565,0.08352501465764736,0.04670891022357435,0.004947594119542574,NA,98,101,101,2.48401590954257e-05,0.36511900219780813
ENSG00000169851.15,PCDH7,-0.30867282682086267,NA,0.7575704161432981,0.030424508495352102,0.16393362075987394,3.017057397277578e-08,NA,13,13,13,0.0006461978550919106,0.1307697574407509
ENSG00000198420.9,TCAF1,0.3086460179634897,NA,0.757590811467315,0.014547705851901523,0.04737335718302512,0.004212298409689931,NA,83,85,85,1.0808658161257935e-05,0.1308807402774176
ENSG00000170627.10,GTSF1,0.3085481395718164,NA,0.7576652756600418,0.08216082147018208,0.12361085870680327,1.8084011144150482e-06,NA,48,51,51,0.004176897897464933,0.24484739400395625
ENSG00000103248.18,MTHFSD,0.3079051871661263,NA,0.7581544786404051,0.012761546460338162,0.052308714940137516,0.002556318967310617,NA,11,11,11,0.14634362180992325,0.19024762985999205
ENSG00000205362.11,MT1A,-0.3073032024068928,NA,0.7586125983806191,0.004908327580432845,0.058468337701342535,0.0016131961578509026,NA,14,14,14,0.31082129414409354,0.09260738333657174
ENSG00000145692.14,BHMT,0.30692939663047675,NA,0.7588971130401237,0.005131800820372831,0.057236717062972266,0.0016841197403376887,NA,49,52,52,0.11557227462391174,0.03208466737394548
ENSG00000184227.7,ACOT1,0.306540166071154,NA,0.7591934026518923,0.06274402099701872,0.2735204848779351,1.0217198238539064e-13,NA,29,31,31,0.0007949935657051086,0.11110040264125527
ENSG00000135318.11,NT5E,0.3064164462159845,NA,0.7592875879358285,0.010384022598375729,0.11808059281639804,3.3307788621359002e-06,NA,11,11,11,0.09988584121614741,0.08916242757463727
ENSG00000154252.11,GAL3ST2,0.30615029579291836,NA,0.7594902146707402,0.15632886542482655,0.40507623328176395,5.625938926940626e-22,NA,23,24,24,0.2176364202739648,0.21734858653558803
ENSG00000149313.10,AASDHPPT,-0.3061200552973168,NA,0.7595132385340803,0.006197829883659955,0.09148555201019963,6.0134573225314394e-05,NA,41,43,43,0.1414847597843594,0.0335736090887151
ENSG00000174953.13,DHX36,-0.3058950515412174,NA,0.7596845537846694,0.0007895190644802352,0.024500740803259084,0.04388176147723879,NA,25,25,25,0.33619938277282024,0.02024983658576211
ENSG00000185332.6,TMEM105,0.3057189300617966,NA,0.7598186588643407,0.09172668626512716,0.3373914532654723,6.953395979820139e-18,NA,41,45,45,7.529778986139478e-05,0.11991590681988334
ENSG00000138658.15,ZGRF1,-0.3052513453119888,NA,0.7601747293375566,0.06670358735550093,0.1397506099884062,4.809997104923265e-07,NA,75,78,78,0.0035361864265723007,0.2195295399550116
ENSG00000197841.14,ZNF181,-0.3048194087532883,NA,0.7605036985187797,0.011581978685090994,0.08035957436003642,0.00014426305989084692,NA,37,39,39,0.004779163438331201,0.12862223134248768
ENSG00000127415.12,IDUA,-0.3046496587305297,NA,0.7606329944708443,0.01315609715976607,0.05461020781649312,0.0021079464770159093,NA,21,23,23,0.05459997666385491,0.1965806198058256
ENSG00000198252.11,STYX,-0.30455889736683184,NA,0.7607021287334693,0.001311196411798605,0.046873691953388266,0.00415938557176141,NA,8,8,8,0.7143540256467954,0.013269650718530016
ENSG00000205307.11,SAP25,-0.30437470010697104,NA,0.760842440363561,0.04862561014422319,0.10391687583918234,1.524811405182393e-05,NA,132,137,137,0.00042963409974262987,0.2332883516357561
ENSG00000198663.16,C6orf89,-0.30432653328715487,NA,0.7608791325708395,0.00744066411227411,0.025432489202723337,0.037739340623549035,NA,93,96,96,7.233900236784785e-06,0.10428138467484352
ENSG00000153113.23,CAST,-0.3042412894612548,NA,0.7609440703772765,0.007435398457290431,0.14999594124739266,1.0035263643736225e-07,NA,12,13,13,3.6453211284947876e-06,0.08991061378119254
ENSG00000196821.9,C6orf106,0.3042028416074628,NA,0.7609733600794022,0.001358165076981447,0.043352043864255216,0.006754126566312749,NA,4,18,18,0.3091878157932574,0.06041729777653041
ENSG00000124593.15,RP11-298J23.10,-0.30404708787078205,NA,0.7610920172953661,0.00023407159815691205,0.03374919224972196,0.01755876014421781,NA,5,5,5,0.6782004229866915,0.014604437197471728
ENSG00000106565.17,TMEM176B,-0.3039787554895964,NA,0.7611440764403316,0.02999179290973368,0.2201501618812716,3.0411767179845674e-11,NA,60,62,62,0.000255141612083242,0.12063044954165568
ENSG00000024862.17,CCDC28A,0.30388945488714114,NA,0.761212111891578,0.005557776215816816,0.0352460959876694,0.01451624761374001,NA,14,14,14,0.19629706501252997,0.039714408086229655
ENSG00000256427.1,RP11-118B22.4,-0.3035213712425811,NA,0.7614925632670919,0.006308165821955848,0.048954436613029166,0.003909209001913067,NA,13,13,13,0.3250374913513082,0.06563567486627807
ENSG00000152240.12,HAUS1,0.3028437655021312,NA,0.7620089285409628,0.01036755139085611,0.0701997364508298,0.00027872721800760875,NA,8,8,8,0.08288693748740776,0.11920111449382648
ENSG00000001461.16,NIPAL3,-0.30264465726591433,NA,0.7621606778982427,0.0036572378903883635,0.06361609653999438,0.0007865285012300867,NA,12,12,12,0.09416775788883937,0.031716663557137044
ENSG00000144647.5,POMGNT2,-0.3026086038222789,NA,0.7621881568299573,0.016535265033166397,0.12308606107756676,1.2333161790618402e-06,NA,12,12,12,2.536444838861584e-05,0.02254190036031841
ENSG00000181404.15,WASHC1,0.3018214480082411,NA,0.7627881797632096,0.029499279176280827,0.43467592887347095,1.0877354994132495e-24,NA,28,32,32,0.0600255923442169,0.2483104261879791
ENSG00000243896.3,OR2A7,0.3003957577729873,NA,0.7638752991646528,0.02534285439318265,0.09280390591779032,4.140629672006741e-05,NA,16,16,16,0.3478154838363853,0.11257268486694634
ENSG00000173890.16,GPR160,0.3002624479178793,NA,0.7639769746289147,0.0033676764344065017,0.10960722233171086,1.0096731772639808e-05,NA,10,18,18,0.35090757674448525,0.08107215031738525
ENSG00000236682.1,AC068282.3,-0.2999787911520127,NA,0.7641933332659645,0.2014872392884559,0.5187302822116509,1.4847535220754911e-31,NA,49,49,49,1.930163204266892e-09,0.10777306928423684
ENSG00000124713.5,GNMT,0.2996130165390199,NA,0.7644723543035516,0.03158310707074817,0.3036251036276465,3.2355121185508366e-17,NA,54,58,58,3.8227664289494734e-05,0.1447159950042651
ENSG00000131626.16,PPFIA1,-0.29901818615496634,NA,0.7649261694802711,0.01792596821550796,0.20734266890628028,8.373642852172891e-11,NA,11,12,12,0.00036829549474985554,0.03574480373884647
ENSG00000260274.1,RP11-817O13.8,-0.2986801537198086,NA,0.7651841012477266,0.030030807090841133,0.09748554709939697,2.0416283341385503e-05,NA,75,76,76,0.014037469674413224,0.05602792319145787
ENSG00000137804.12,NUSAP1,0.29838112491658997,NA,0.7654122934515925,0.0017709567076443146,0.023237412906294302,0.049261992575224886,NA,7,7,7,0.41704047056690075,0.01742920060735041
ENSG00000160695.14,VPS11,0.2977013861432573,NA,0.7659310853842486,0.006228948083806064,0.032420653161911464,0.01906445162808731,NA,25,25,25,0.00036317600958282015,0.044386519544541286
ENSG00000179023.8,KLHDC7A,0.2971374826371832,NA,0.7663615489223451,0.013556296958535824,0.06219787639409158,0.0007600346097843427,NA,25,26,26,0.0353956212411368,0.09853623609125972
ENSG00000243709.1,LEFTY1,0.297083498349732,NA,0.7664027623598644,0.04756515848530808,0.08879023383829547,5.9083901630027966e-05,NA,29,31,31,0.0012908945658332617,0.1738067577388944
ENSG00000226479.3,TMEM185B,-0.29665008250703845,NA,0.7667336706730151,0.007315195254561532,0.14445584623818356,3.1798932906385263e-07,NA,13,13,13,0.06392383211995335,0.04508069214092165
ENSG00000133962.7,CATSPERB,0.2963390347203588,NA,0.7669711785258102,0.0741062686384993,0.05227784259228811,0.0027072248975435922,NA,65,68,68,0.006132393743045972,0.2547472747883047
ENSG00000160588.9,MPZL3,-0.29561948107394626,NA,0.7675206945041333,0.023325892445235474,0.1828709053128528,4.509636939970314e-09,NA,30,33,33,1.6781978089820373e-05,0.13716159950315845
ENSG00000232653.8,GOLGA8N,-0.29531818824568135,NA,0.7677508235846162,0.0253209165937951,0.15768752329006575,3.8449080675579895e-08,NA,34,43,43,0.03630948587578636,0.11389039053553135
ENSG00000134184.12,GSTM1,0.2951515060794213,NA,0.76787814511748,0.03277853588757628,0.11336397715552445,5.340646097969774e-06,NA,19,20,20,0.12970187098768846,0.27900458584328464
ENSG00000197558.11,SSPO,0.29472890715649597,NA,0.7682009788188873,0.044764241297139226,0.15655491573762256,6.673007824338149e-08,NA,55,56,56,0.05849139910440603,0.11165844739710676
ENSG00000244414.6,CFHR1,-0.2946346643577144,NA,0.768272978694218,0.17931442568002157,0.4841899229075089,2.0647118052533342e-29,NA,28,28,28,0.0012678237894527932,0.23368818443763856
ENSG00000262877.4,RP11-1055B8.4,0.2945077179379283,NA,0.768369966733003,0.04163137004079649,0.1788272481941017,2.785914168351948e-09,NA,22,28,28,0.09311963450392508,0.15472737999228992
ENSG00000140479.16,PCSK6,0.2944908851275458,NA,0.7683828274016113,0.00017583019649805877,0.02665336912213364,0.0322720024489891,NA,7,9,9,0.4071681241244609,0.00887716679216388
ENSG00000175772.10,LINC01106,-0.29437774704318587,NA,0.7684692692505972,0.03003591500304734,0.09404349214274467,2.406352087549469e-05,NA,43,46,46,0.09924395844211638,0.1876036912148512
ENSG00000161860.7,SYCE2,-0.29380559685744945,NA,0.768906458076883,0.005093409061193719,0.1214239827050116,2.0474929936125096e-06,NA,12,13,13,0.012659307150537601,0.06511611445153273
ENSG00000259203.1,RP11-209K10.2,-0.2932404445075479,NA,0.7693383719039655,0.006348760208882259,0.07107083731381945,0.0003877804680625985,NA,13,13,13,0.657096749312204,0.03577427502853114
ENSG00000188818.12,ZDHHC11,-0.2932166359481696,NA,0.7693565690052752,0.007179179994015928,0.0685784488380951,0.0004804748097510456,NA,33,54,54,0.017946483252944418,0.0787542058601597
ENSG00000039319.16,ZFYVE16,-0.29282910892364067,NA,0.7696527773360166,0.013695402654482672,0.03240988919167888,0.0192159412761187,NA,36,39,39,0.006465428862714649,0.1260910306397051
ENSG00000163093.11,BBS5,0.2926532034919981,NA,0.7697872426778533,0.004301786800863879,0.05904506006644598,0.0009380261981455279,NA,6,6,6,0.684552000442556,0.03852227146217017
ENSG00000080166.15,DCT,0.2924130530237867,NA,0.7699708292808993,0.013856212751305545,0.12320689080373826,1.3276709430867234e-06,NA,42,45,45,3.858686924562363e-06,0.09409915647652364
ENSG00000186501.14,TMEM222,0.2920212696500839,NA,0.7702703615861711,0.0025110569538471755,0.026984531140261888,0.0296602852086066,NA,29,31,31,0.16842131303121344,0.08778463561636395
ENSG00000274979.1,RP11-1143G9.5,-0.2915677890164297,NA,0.7706171064269544,0.02918969777042961,0.3224218875335732,8.909220494206192e-17,NA,29,30,30,3.930155125566476e-08,0.11459152990137468
ENSG00000132507.17,EIF5A,-0.2914050683370292,NA,0.7707415387010668,0.011181314298054607,0.12313775284793373,1.7855425838908661e-06,NA,34,39,39,0.014712995799712936,0.104109682665645
ENSG00000225765.1,LINC01831,0.2908795851706849,NA,0.77114341521647,0.01565317612265154,0.0792156090674386,0.0002115837840897926,NA,15,15,15,0.07925103031831797,0.16043311961316672
ENSG00000075131.9,TIPIN,0.29061879961641557,NA,0.7713428803669519,0.0072724873339402975,0.03423097020505838,0.015321915924888619,NA,32,32,32,0.05787453041876812,0.028334187708889062
ENSG00000102781.13,KATNAL1,0.2899119369539066,NA,0.7718836092589683,0.04257619252430285,0.0247984311723164,0.03773946835041241,NA,100,111,111,6.734345169956279e-09,0.15537332447439425
ENSG00000137207.11,YIPF3,0.2896408918536629,NA,0.7720909800989565,0.0013470042956672105,0.06623737688070057,0.0007279043585177257,NA,14,16,16,0.11523480736875037,0.056976270566747776
ENSG00000170889.13,RPS9,0.2896019903085225,NA,0.7721207441798807,0.0010708841931458542,0.040055585851089134,0.006996393240107014,NA,16,16,16,0.014635374691097568,0.004539313915620145
ENSG00000130560.8,UBAC1,-0.28946392631964707,NA,0.7722263814499053,0.010264424886194879,0.0736788578917973,0.0003623803465676666,NA,22,24,24,0.05524196835646615,0.05339139247829472
ENSG00000167077.12,MEI1,0.28945062126545673,NA,0.7722365618047548,0.023896640858818693,0.1452425846010643,2.173765689938972e-07,NA,29,29,29,5.539661735244372e-05,0.10638153023660743
ENSG00000089335.20,ZNF302,0.28929765375660627,NA,0.7723536076255804,0.01858694418770393,0.3115124342451785,3.3261572715169937e-16,NA,20,21,21,0.3386077720261256,0.05858818620049544
ENSG00000214290.8,COLCA2,0.2891137335069624,NA,0.7724943443464772,0.0069413091795663216,0.08095251466616799,0.0001561295978031506,NA,11,14,14,0.11658156545773239,0.14672441540117462
ENSG00000168393.12,DTYMK,0.2890928234374849,NA,0.7725103453130411,0.0031804638238474596,0.07977232716391726,0.00017003174829700865,NA,3,3,3,0.7176074331732745,0.07849400153668144
ENSG00000267452.1,LINC02073,-0.2890594799623725,NA,0.7725358608673979,0.07955986730684003,0.24573487025060006,5.937407375118689e-13,NA,65,68,68,0.04574222705662156,0.2412889210422726
ENSG00000146147.14,MLIP,0.2884196014480448,NA,0.7730255651517033,0.1402366269292672,0.4944937589239544,5.868782419792406e-30,NA,20,20,20,0.21185054271572623,0.12053024025226194
ENSG00000141622.13,RNF165,-0.28811262570619844,NA,0.7732605283021677,0.016072863151482042,0.04249984400176027,0.006740235525879009,NA,40,43,43,4.385764558327902e-05,0.2600076261029565
ENSG00000146409.10,SLC18B1,-0.28800441779189656,NA,0.7733433569756707,0.008150098028649432,0.04300975736603454,0.005335027193880407,NA,19,20,20,0.013519897372755213,0.32950039847860285
ENSG00000272374.1,RP3-329A5.8,-0.28723488151578214,NA,0.7739324795029187,0.0013400976744436556,0.028393388705522826,0.027100112547016008,NA,3,7,7,0.5440210602077277,0.032401392393864414
ENSG00000170382.11,LRRN2,-0.2872113165536234,NA,0.7739505218398443,0.005480013253185767,0.06120895388926631,0.000935355332809142,NA,22,23,23,0.08620303272204659,0.07169346724469901
ENSG00000141519.14,CCDC40,0.2869390477148455,NA,0.7741589912924987,0.1178797922328677,0.3901125897866005,1.5560811022409686e-21,NA,36,37,37,0.00032337200258432636,0.2470909304706247
ENSG00000138660.11,AP1AR,0.2864388188016609,NA,0.7745420465237018,0.0028175945078141914,0.032934520996254636,0.018125610682374636,NA,41,41,41,0.21233124784350932,0.03625677108807286
ENSG00000196655.11,TRAPPC4,0.2852780786954391,NA,0.7754311060328515,0.007170169028787945,0.04791533408416522,0.004312480867900617,NA,20,23,23,0.0012958349149579517,0.34987136697651616
ENSG00000106789.12,CORO2A,0.28508977529110996,NA,0.7755753632915909,0.006109332626449363,0.052911495079251615,0.0020533583148377287,NA,22,25,25,0.1587381373825455,0.08335011558911368
ENSG00000102547.18,CAB39L,0.2849372261258148,NA,0.7756922352821605,0.023359428932385223,0.1442063572336203,1.2208585921023516e-07,NA,61,63,63,0.06073469075598708,0.06780165248850963
ENSG00000180822.11,PSMG4,0.2849069058549287,NA,0.7757154650569156,0.01160965579176031,0.0527424559503161,0.0027585489122851177,NA,26,28,28,2.9287065893145682e-06,0.054553234198173414
ENSG00000155275.18,TRMT44,0.2848932505441032,NA,0.7757259270934548,0.014091577046107867,0.08327299599719004,0.00012736790438971262,NA,16,19,19,0.274072221790428,0.10130940973707084
ENSG00000157426.13,AASDH,-0.2838988932249124,NA,0.7764878646951127,0.009411117698805087,0.0719537638115637,0.0004376331333194958,NA,15,15,15,0.20785498737812624,0.10444683717951553
ENSG00000031691.6,CENPQ,-0.2838754609235665,NA,0.7765058225596104,0.03095495093331643,0.1284390414487771,2.887215360052011e-07,NA,44,44,44,0.3132662089055219,0.08382169422269475
ENSG00000124406.16,ATP8A1,-0.2826820523590966,NA,0.7774205754808552,0.013851572656685558,0.07287338510294725,0.0003621159119621643,NA,43,43,43,1.6206289567314712e-12,0.0974342085966756
ENSG00000138496.16,PARP9,0.28267083860604647,NA,0.7774291723375585,0.014271392392261315,0.1081708786256715,8.388243805250297e-06,NA,28,30,30,0.029697757130152862,0.08491258521789087
ENSG00000130758.7,MAP3K10,-0.28257602246006386,NA,0.7775018628124294,0.02007692637032242,0.2513672008994877,1.6144605639103406e-12,NA,7,7,7,0.5549829312988741,0.15526906303594576
ENSG00000131558.14,EXOC4,-0.28238053256334633,NA,0.7776517406215336,0.016753244046201612,0.14856514290220352,5.7815012162756324e-08,NA,73,75,75,0.0026022949290968453,0.13117121341313034
ENSG00000177239.14,MAN1B1,-0.28200820354200623,NA,0.7779372199839397,0.019877112760334638,0.04894560499646016,0.002710000551623177,NA,45,49,49,0.000396254159871481,0.06361477596871888
ENSG00000223387.6,LINC02068,0.28106107835165073,NA,0.7786635532961164,0.08087817126757,0.3375120269094098,1.539228702900017e-17,NA,78,81,81,0.22644675381589452,0.07934859774816243
ENSG00000108784.9,NAGLU,0.28105940931105666,NA,0.7786648334242582,0.030582732956646895,0.1602467931841961,5.112651078094294e-08,NA,19,20,20,0.018174678974939518,0.6652956806060638
ENSG00000100726.14,TELO2,0.2807426727152165,NA,0.7789077763267594,0.03512117469447822,0.3265100755553632,1.3155935083291172e-16,NA,5,5,5,0.5503677472674355,0.2095086636914934
ENSG00000151651.15,ADAM8,-0.28048988093223953,NA,0.7791016878627841,0.005843667853230006,0.027089707929343426,0.03126365424339733,NA,14,14,14,0.04414260210694617,0.09655811354884188
ENSG00000196391.10,ZNF774,-0.2803607696055741,NA,0.7792007318923929,0.02879006857999224,0.2021795241242819,3.865586137952057e-10,NA,20,20,20,0.43203853443205054,0.07406736629366135
ENSG00000130024.14,PHF10,-0.279087658248729,NA,0.780177554276052,0.04223693067052398,0.06097241505250129,0.0012447160124450145,NA,41,42,42,2.402202451962683e-07,0.1864606523004014
ENSG00000092820.17,EZR,0.27896363389740564,NA,0.7802727332370207,0.01628311372366891,0.19308347511102905,1.8613427843424832e-10,NA,25,25,25,0.13224468670189649,0.10978032074532257
ENSG00000145934.16,TENM2,0.2788324461778202,NA,0.7803734131050764,0.1833718610859812,0.3429215056921814,7.95555541576121e-18,NA,98,105,105,2.8081050868606506e-06,0.3409701479424748
ENSG00000178852.15,EFCAB13,0.27880657594103536,NA,0.7803932676240333,0.14719223091202638,0.4464516624933367,5.9170725085877825e-25,NA,63,67,67,6.586374912016678e-115,0.3076177081059093
ENSG00000084676.15,NCOA1,0.27822080112098213,NA,0.7808428680052246,0.007219427035697782,0.10140933644978936,2.363336871496608e-05,NA,25,25,25,0.06806976980361223,0.06419276461508773
ENSG00000249746.1,RP11-254I22.3,-0.27818841181929316,NA,0.780867729940233,0.01608713515258627,0.0622178112919862,0.0008132224625527491,NA,33,34,34,0.001032910613753663,0.09577680683800104
ENSG00000128918.14,ALDH1A2,-0.27805064737083107,NA,0.7809734800379331,0.02316136694152169,0.05600747888831495,0.0017796506845085098,NA,15,15,15,0.47767957005774075,0.08199335551402437
ENSG00000130957.4,FBP2,-0.2779481209344028,NA,0.7810521835279172,0.039594407424731005,0.14440856416616826,2.2252625774195986e-07,NA,16,17,17,0.2136483485454027,0.0930442154220529
ENSG00000141994.15,DUS3L,-0.277839419412494,NA,0.7811356297158474,0.015735695250176252,0.26844343851011704,1.689761876996411e-13,NA,26,28,28,0.015604298421733746,0.059122523314417426
ENSG00000185168.5,LINC00482,-0.2778039207693648,NA,0.7811628812735033,0.025170586449672745,0.06873090856536143,0.0006132800899500188,NA,40,44,44,0.0022277023227817204,0.14084223402332965
ENSG00000070159.13,PTPN3,-0.27765977895537103,NA,0.781273538656783,0.005807839303947329,0.14197740914437873,3.407972599064852e-07,NA,8,8,8,0.36469621851748835,0.049994804076636895
ENSG00000104537.16,ANXA13,-0.2774180957747442,NA,0.7814590882901746,0.1336266719491065,0.4292149619032821,4.190527871482653e-24,NA,63,68,68,0.05039651261082875,0.16336379781012195
ENSG00000172890.11,NADSYN1,0.2774072422221366,NA,0.7814674212791181,0.007335469782886838,0.1421352283891574,4.0611673123500266e-07,NA,29,32,32,0.0758900377693061,0.04800702624615323
ENSG00000160207.8,HSF2BP,-0.277365716645064,NA,0.781499303437986,0.01071119617961322,0.03539192882671452,0.01156391580311159,NA,8,8,8,0.6981948525284141,0.10258010969671752
ENSG00000118579.12,MED28,0.27657128855693763,NA,0.7821093134176431,0.03619425845788188,0.1174791060058938,3.7286399057401878e-06,NA,39,43,43,3.682242836520337e-05,0.1044543477988356
ENSG00000152778.8,IFIT5,-0.2763489666047623,NA,0.7822800496919868,0.018399611624654227,0.1203399899822864,2.0137035024128024e-06,NA,9,9,9,0.6449994594279773,0.05667394114870231
ENSG00000123454.10,DBH,0.27632824609512563,NA,0.7822959629269104,0.05891274653976841,0.23908609012136006,2.4647689148085512e-12,NA,27,30,30,0.046461265285847826,0.2288235992974839
ENSG00000232710.1,RP4-669P10.16,0.2750066745593477,NA,0.7833111103959406,0.029737755341055883,0.22019395810997303,6.57182402574899e-11,NA,45,62,62,2.6848272262712355e-08,0.13798541530675076
ENSG00000260261.1,RP11-480A16.1,-0.2738413479945651,NA,0.7842065465888132,0.02549736600957669,0.07093788023175424,0.000414135828726478,NA,42,51,51,0.0001103361392881612,0.3442351697940624
ENSG00000186468.12,RPS23,-0.27380190271854005,NA,0.7842368613208528,0.007550824339662823,0.15574659881787947,5.3490760651955815e-08,NA,23,25,25,0.6081008773276888,0.01605107751634749
ENSG00000128250.5,RFPL1,0.2737652151821459,NA,0.7842650569513299,0.011460256765427801,0.04007700470485826,0.008221893799697911,NA,10,11,11,0.04293918545349588,0.07758974507380059
ENSG00000196591.11,HDAC2,-0.27353437166575106,NA,0.7844424746094465,0.0015737439555376048,0.08455012579970704,0.00011677475984131831,NA,7,7,7,0.031955212341884455,0.020528269367596563
ENSG00000144231.10,POLR2D,0.27305465564543085,NA,0.7848112021494655,0.011343469430036033,0.061495611671598886,0.000997743592313768,NA,27,28,28,8.77960726879221e-05,0.044868704283179565
ENSG00000198890.7,PRMT6,-0.27293299009484084,NA,0.7849047264896047,0.29656816534125563,0.7204871234242515,3.9691898315733565e-59,NA,19,19,19,0.5737405703453811,0.12299048567090555
ENSG00000225434.2,LINC01504,0.2728048180955559,NA,0.7850032556977511,0.0070447391570144565,0.04094127641855915,0.007310056735886299,NA,9,9,9,0.6792402925599084,0.06748356663088044
ENSG00000196247.11,ZNF107,-0.2727738373707216,NA,0.785027071917967,0.1661708727125696,0.4401469535717805,4.231998308872216e-25,NA,19,20,20,0.0015810185391275725,0.15570195481637789
ENSG00000059145.18,UNKL,-0.2726621827259697,NA,0.7851129073316988,0.037270635118037895,0.032870172953748264,0.015753493850396486,NA,49,59,59,0.00013381077722238887,0.2802735283427125
ENSG00000256969.1,RP11-320N7.2,0.27225849210324954,NA,0.7854232695689565,0.018991939501842435,0.1971694172944303,7.510007126228098e-10,NA,3,3,3,0.6608406856693725,0.2036374224941542
ENSG00000138750.14,NUP54,-0.27222355382697333,NA,0.7854501321433043,0.02827099989568684,0.20773968931626555,1.746554779010071e-10,NA,19,20,20,0.4368775594295058,0.07027514026413105
ENSG00000213793.5,ZNF888,0.27148736727995343,NA,0.786016214445552,0.04310066944465915,0.22585304038814025,1.7996937544786624e-11,NA,10,10,10,0.034925429388886674,0.07086675592175337
ENSG00000196476.11,C20orf96,-0.27079314614146766,NA,0.7865501315877235,0.017975488740590115,0.0916257828284518,4.669700503169002e-05,NA,49,56,56,0.0012353351718956877,0.07220622382271104
ENSG00000125618.16,PAX8,0.26991670204457685,NA,0.7872243375509101,0.10669856800477351,0.3152850631609334,7.218527253224726e-17,NA,7,8,8,0.20230498887365378,0.09866983095603343
ENSG00000145246.13,ATP10D,-0.2698339260355547,NA,0.7872880213741357,0.006018971173763843,0.06225302573141477,0.0010410564950534067,NA,81,82,82,1.0417943603970367e-07,0.10003396090549503
ENSG00000180257.13,ZNF816,0.26973362083246577,NA,0.7873651932102771,0.09796192785404963,0.1330851577077153,7.310708032971811e-07,NA,44,50,50,5.514321960073548e-05,0.08356280437801998
ENSG00000182923.16,CEP63,-0.2696908444682125,NA,0.7873981047061722,0.012558827842625134,0.030079803069637926,0.020653659649240902,NA,29,30,30,0.3475351321847794,0.08247868579695422
ENSG00000148935.10,GAS2,-0.2694088635627589,NA,0.7876150661023401,0.011328861152597437,0.2595362079597906,2.109103684049889e-13,NA,24,31,31,0.6187798569500677,0.039852032828397374
ENSG00000172007.5,RAB33B,-0.26938728079756774,NA,0.7876316729658617,0.006307855583278885,0.06576494942654257,0.0007279696211932069,NA,18,20,20,0.10024532990382791,0.14681688734790305
ENSG00000100324.13,TAB1,0.2692438415684525,NA,0.7877420447657952,0.011058600840425295,0.03393673705721173,0.015888761296220785,NA,42,45,45,0.00026228792362865727,0.4121611944142687
ENSG00000136147.17,PHF11,-0.26871561430864527,NA,0.7881485351188382,0.01980975518296809,0.16922103437454947,2.1002028531814312e-08,NA,36,37,37,1.1251398079785814e-08,0.0297714229913038
ENSG00000188690.12,UROS,-0.26859327625505314,NA,0.7882426869952712,0.06437059274973392,0.370685641979482,1.4555132429246007e-19,NA,70,72,72,0.05915083896278231,0.04128272202315585
ENSG00000158863.21,FAM160B2,-0.2684473560868857,NA,0.7883549918111892,0.01674393636658409,0.2018765232064396,5.125340719591538e-10,NA,50,52,52,0.0010182728792816336,0.07171950752291831
ENSG00000106823.12,ECM2,0.26811667441376275,NA,0.7886095112524991,0.020593216576228833,0.20237681383762746,6.331505167268189e-10,NA,25,25,25,0.678544716009916,0.026079960305881576
ENSG00000078043.15,PIAS2,-0.2677692015263085,NA,0.788876978888988,0.014996661114728072,0.048294742092832896,0.0034851525858892213,NA,25,25,25,0.03864748200022943,0.2397135498384709
ENSG00000198677.10,TTC37,-0.26772723718424657,NA,0.7889092826722413,0.005030079680056795,0.1316626535357968,1.0828210886696722e-06,NA,9,10,10,0.44672953258871373,0.05313742580069437
ENSG00000188234.13,AGAP4,-0.267715563023053,NA,0.7889182694038867,0.0015681362593893302,0.3387037830076117,1.13948828400378e-17,NA,7,12,12,0.07401918944973188,0.04068001434287657
ENSG00000198040.10,ZNF84,-0.267073221005984,NA,0.7894127854747021,0.0006015423106484302,0.09774585736306113,2.741941141287089e-05,NA,12,24,24,0.5901422181611768,0.022610385083835952
ENSG00000100348.9,TXN2,-0.26704961214965345,NA,0.7894309627037059,0.00250583049539222,0.04211977640366569,0.006660868949217204,NA,4,6,6,0.10809817853576105,0.12738939058030074
ENSG00000090372.14,STRN4,0.2670249307117675,NA,0.7894499658707858,0.010171413884321866,0.04131209117607977,0.00831277193792002,NA,48,49,49,1.2394870388319302e-07,0.16474448099267555
ENSG00000113569.15,NUP155,-0.26659522740376773,NA,0.7897808306666468,0.01149646308708532,0.034401963123352565,0.016523313445447902,NA,60,62,62,0.007513205438784768,0.08748762685457992
ENSG00000134265.12,NAPG,-0.26641406728155803,NA,0.7899203324766124,0.08319880989910124,0.4047753349878114,8.229574509767913e-23,NA,36,39,39,0.026428202526241402,0.1495853936794737
ENSG00000161920.9,MED11,0.26615307641725316,NA,0.7901213195467762,0.0028812873919975618,0.02791831387673195,0.029108311232440436,NA,8,9,9,0.13303721472230923,0.12117994110277823
ENSG00000172782.11,FADS6,0.26614429435055953,NA,0.7901280827921007,0.058005157953844574,0.31758805997839995,3.726534894564243e-17,NA,17,18,18,4.456268974421378e-08,0.15215493769332716
ENSG00000203724.10,C1orf53,0.26599886413263085,NA,0.7902400838115633,0.009542492567154054,0.10587608752097363,4.642570358884718e-06,NA,11,11,11,0.00019872346538025984,0.18003003599509682
ENSG00000141127.14,PRPSAP2,-0.2659707899892413,NA,0.7902617052138745,0.033793821410810554,0.16123852615654988,5.4399092100283386e-08,NA,42,43,43,0.07628003993884384,0.0640177500245025
ENSG00000172543.7,CTSW,0.265962709207141,NA,0.7902679286871408,0.06207091327258121,0.3240997071553641,7.576897712451161e-17,NA,20,20,20,0.09052876787576511,0.11641866417104026
ENSG00000259905.5,PWRN1,0.26534156230118205,NA,0.7907463495069207,0.013331229402439356,0.050253537304906136,0.00275403300420668,NA,29,31,31,0.03685158649461384,0.050767226085502666
ENSG00000163389.10,POGLUT1,0.2653241025486904,NA,0.7907597985272568,0.028339517842553688,0.1667840773150729,2.695293206350109e-08,NA,31,31,31,0.21436027448818473,0.0937479585977274
ENSG00000142864.14,SERBP1,0.26508047202286134,NA,0.7909474704520914,0.0021824767670767815,0.04494725856189534,0.005760054986915095,NA,69,70,70,0.0002710920434915406,0.12636752223323156
ENSG00000181381.13,DDX60L,0.26500019749889325,NA,0.7910093096706393,0.045943651696773904,0.19389032080383894,9.44068214997113e-10,NA,37,38,38,1.966791368303344e-13,0.07790146456035517
ENSG00000260778.5,RP11-304L19.13,-0.26482331324520475,NA,0.791145576522841,0.009244002839729065,0.023242659505714948,0.0478511427610799,NA,28,29,29,1.0004964289442374e-05,0.06985785911916326
ENSG00000238102.1,RP11-19D2.1,0.26481888613941085,NA,0.7911489871274859,0.2845461952494275,0.5835731089596433,4.0129827661840405e-39,NA,61,65,65,0.13324853021158672,0.2403905023926201
ENSG00000078808.16,SDF4,0.2645640138200172,NA,0.7913453453338053,0.00818299791828581,0.030112694003482782,0.024507957012768963,NA,22,28,28,0.03807334376716641,0.07697635244935072
ENSG00000154134.14,ROBO3,0.2644287566224948,NA,0.7914495552834183,0.006417000537133174,0.0764555956224407,0.00023313814669518693,NA,37,37,37,2.0974187048619353e-05,0.10037069906486584
ENSG00000165389.6,SPTSSA,0.2638813128025384,NA,0.7918713756446119,0.040994366897443554,0.23189362385906945,1.3517086699116407e-11,NA,13,13,13,0.08962268912717754,0.16110490561148985
ENSG00000107854.5,TNKS2,-0.2631077377847565,NA,0.7924675401184937,0.00995141214418146,0.07026086585012951,0.00033910771735008396,NA,20,21,21,2.236188450156785e-09,0.05449084147077921
ENSG00000062524.15,LTK,0.2630921284009064,NA,0.7924795709196248,0.010830028393719604,0.08825067548699375,5.802425073343098e-05,NA,11,12,12,0.1514822992907502,0.0760577437327516
ENSG00000173040.12,EVC2,0.26287230073332235,NA,0.792649006489041,0.07675665778847943,0.07118147437444176,0.00046941452013659924,NA,62,68,68,2.0401035934870074e-07,0.1879372751534007
ENSG00000131187.9,F12,0.2626160497486501,NA,0.792846528251328,0.07497985846678258,0.4464378185550599,4.885793251422635e-26,NA,13,18,18,0.0006244763693940396,0.22380967155986128
ENSG00000104450.12,SPAG1,0.26257350965574155,NA,0.7928793200233822,0.005611647744913263,0.04676783656847477,0.004316765530211148,NA,22,23,23,0.09757500395595506,0.03861832300059812
ENSG00000178381.11,ZFAND2A,-0.2625255260419089,NA,0.792916308340039,0.029334719302698226,0.15193073433178014,1.0051640991051374e-07,NA,25,28,28,0.0021161683429425098,0.1157582271822642
ENSG00000272129.1,RP11-250B2.6,-0.26132538147356704,NA,0.7938415948424883,0.007066827118405926,0.10768490177660628,1.1144151468391697e-05,NA,30,31,31,0.5705681818609901,0.031027493867983806
ENSG00000099785.10,MARCH2,-0.2607156672330363,NA,0.7943117831012746,0.01633897112585944,0.2125121215869014,1.504838433126484e-10,NA,10,11,11,0.005837405310066521,0.05316854883319781
ENSG00000034239.10,EFCAB1,-0.26043240196259204,NA,0.7945302518636772,0.022397031042891567,0.1557112767811312,6.888502423603024e-08,NA,7,10,10,0.012150225771562856,0.09603316316154456
ENSG00000169062.14,UPF3A,0.259725807519143,NA,0.7950752840926836,0.016329611091535273,0.10015677318335847,2.1797165339938248e-05,NA,32,33,33,0.0869247897454405,0.09393713016419138
ENSG00000275395.4,FCGBP,0.25965281533916784,NA,0.7951315923780943,0.04138678920457354,0.17176031174206452,7.355145733539819e-09,NA,47,48,48,0.12931822918486216,0.0459909195286688
ENSG00000101311.15,FERMT1,0.2590923163619404,NA,0.7955640130919268,0.007783684535555883,0.06068184623069765,0.001313394294151735,NA,13,13,13,0.14392812252901352,0.03321313729794103
ENSG00000130695.14,CEP85,0.25907748740840186,NA,0.7955754543705102,0.0026784370682330855,0.02542417641693461,0.03809857493684292,NA,19,19,19,0.024546079774433335,0.08225321614952892
ENSG00000267586.6,LINC00907,-0.2589049047754619,NA,0.7957086137269459,0.11346628085669208,0.33447026789712203,2.4441296494431313e-17,NA,27,28,28,0.029597082894189632,0.11379056445697268
ENSG00000103154.9,NECAB2,-0.2588415448387236,NA,0.795757501763876,4.720276469487749e-05,0.0959682059359112,1.7831055985929488e-05,NA,3,4,4,0.8046162355069835,0.00716889652066004
ENSG00000165171.10,WBSCR27,0.25795677513912185,NA,0.7964402669062952,0.11883944488457754,0.3792448282626568,3.570821692234781e-20,NA,29,29,29,0.09503962566200007,0.10331569570940204
ENSG00000168610.14,STAT3,-0.25784898719281835,NA,0.7965234561066276,0.0008334773216245475,0.04414969020469673,0.004393142197150721,NA,15,16,16,0.018843105331089845,0.04340719241432103
ENSG00000109956.12,B3GAT1,-0.2573796636644952,NA,0.7968857002540651,0.008901109063839355,0.18919671013036296,2.7855304972281253e-10,NA,11,13,13,0.046823737711659645,0.21155086642897447
ENSG00000118004.17,COLEC11,-0.2573481501887446,NA,0.796910025282888,0.027811957177523182,0.10788470371389024,1.2619057366549727e-05,NA,72,78,78,0.020535252489862273,0.14227877113536475
ENSG00000129467.13,ADCY4,0.2571959732201891,NA,0.7970274923835501,0.00880602693095032,0.04569938429630079,0.0036739317287446116,NA,18,18,18,0.3478178405989959,0.05161452182382805
ENSG00000083290.19,ULK2,0.2571721525642176,NA,0.7970458802300204,0.018592521266328696,0.15759343992614291,5.4903755324953316e-08,NA,7,8,8,0.22712006186994604,0.16259040418499285
ENSG00000164483.16,SAMD3,-0.2569672074541848,NA,0.7972040878819512,0.0065783479683313864,0.0456300633930641,0.004861473110063132,NA,37,39,39,0.14849678355832224,0.05275996455089338
ENSG00000116151.13,MORN1,-0.2563567134014807,NA,0.7976754089352873,0.008651961768068763,0.12963531627784794,5.473497271829046e-07,NA,7,7,7,0.031619459054087515,0.060480572172188815
ENSG00000156049.6,GNA14,-0.2563267431702528,NA,0.7976985488191556,0.023545131341670647,0.08975665354595673,7.212437703910515e-05,NA,24,27,27,0.0011752444458202932,0.24318086632176794
ENSG00000173406.15,DAB1,-0.2560589614155042,NA,0.797905309823236,0.0013610947726200343,0.03297082301085897,0.017907790179801382,NA,7,7,7,0.5593924062712397,0.04407384426602392
ENSG00000277258.4,PCGF2,-0.25562733865323906,NA,0.7982386064127054,0.0029059326839275972,0.03884249788314804,0.009697835527063898,NA,4,6,6,3.231930748262136e-12,0.09668623873223386
ENSG00000170075.8,GPR37L1,0.2554693303857683,NA,0.7983606286777157,0.017551848431376162,0.13021469427316168,4.4547893136807814e-07,NA,22,23,23,0.1651351540375322,0.1018482015722168
ENSG00000281005.1,LINC00921,0.2552913409249499,NA,0.7984980873666507,0.008591681498852996,0.030398861579548263,0.02297327669374938,NA,17,19,19,1.0004964289442374e-05,0.0712997846605883
ENSG00000176472.10,ZNF575,0.25521144718435496,NA,0.7985597901795146,0.010263801211424173,0.08994689537760422,2.7464777720575555e-05,NA,5,6,6,0.4748190563773662,0.14646177878034358
ENSG00000198039.11,ZNF273,-0.2551342334994451,NA,0.7986194243514801,0.010761738941753715,0.041341288842551636,0.007124805100531146,NA,27,28,28,0.7672644684655099,0.22003918779168227
ENSG00000099377.13,HSD3B7,-0.2548370355554353,NA,0.7988489691479307,0.007382000561277904,0.054417828002582935,0.0015034158965439475,NA,37,37,37,0.023902385576241594,0.055947609370947976
ENSG00000152291.13,TGOLN2,0.25474756125436687,NA,0.7989180792237046,0.030970337263655563,0.2976552187520564,5.386627050565901e-16,NA,20,20,20,0.04141479639797704,0.07785153826989867
ENSG00000133027.17,PEMT,-0.25438085121743725,NA,0.7992013430240709,0.0029331111848491754,0.0453776202928828,0.0042729614925837356,NA,3,3,3,0.5135692012726782,0.06943867948875063
ENSG00000079246.15,XRCC5,-0.25435239821503225,NA,0.7992233225448276,0.029231375446176308,0.14229703178551695,2.4565549736658354e-07,NA,80,95,95,0.002011591862787723,0.16528894435008182
ENSG00000152749.7,GPR180,0.2541437731975667,NA,0.799384487122883,0.10543827797819227,0.33374071060664673,5.258061974040198e-18,NA,24,26,26,0.0024731114651155898,0.18688751543256066
ENSG00000056736.9,IL17RB,0.2540219746790291,NA,0.7994785814524842,0.0080244597438812,0.09539058553712773,1.9216352225771516e-05,NA,28,29,29,4.776988563114996e-09,0.048436506760937484
ENSG00000251136.8,RP11-37B2.1,0.25394969264822953,NA,0.7995344236497456,0.004494695833797928,0.08606853793825918,5.8502392905145495e-05,NA,17,17,17,0.11542972318042168,0.046470273556749084
ENSG00000006194.9,ZNF263,-0.25363079127842186,NA,0.7997808062884452,0.041390733217352524,0.058812437511826986,0.0012977356633134735,NA,67,77,77,0.00193601567228174,0.08254790760025475
ENSG00000119242.8,CCDC92,0.2531051112536431,NA,0.8001869892437555,0.004981187203331547,0.15200225843510565,1.0272095942045856e-07,NA,14,15,15,0.001861902690501734,0.030425332000676937
ENSG00000237767.1,LINC01370,0.25302640566504797,NA,0.8002478082092215,0.03116635653253831,0.13548729316927408,5.793268552965883e-07,NA,17,17,17,0.33677751466484174,0.07397236733195682
ENSG00000143971.7,ETAA1,-0.2529265448998201,NA,0.8003249763715188,0.010763761482170389,0.023055480673256468,0.04516313753326813,NA,29,29,29,4.624006164179912e-05,0.022699561264499846
ENSG00000254827.5,SLC22A18AS,0.25289548985600707,NA,0.8003489747890696,0.0994826107297497,0.18341473774574396,4.612826284590742e-09,NA,89,101,101,0.010281852940064758,0.20284092122370434
ENSG00000077420.15,APBB1IP,-0.25288098061143766,NA,0.8003601871678967,0.022702400325642025,0.0938135281677822,2.210272851883907e-05,NA,49,50,50,0.018153615000625775,0.04983324896251395
ENSG00000264443.1,RP4-594I10.3,0.25264138898829097,NA,0.8005453434877834,0.00353349307760278,0.0943972877234087,3.635314844146546e-05,NA,6,6,6,0.6764762613342307,0.04230471116384585
ENSG00000221890.3,NPTXR,0.25259817750690733,NA,0.8005787384982817,0.09805982307641231,0.3190072699907903,3.552851541112806e-18,NA,17,17,17,0.2692825377831968,0.7529282624598344
ENSG00000151725.11,CENPU,0.2522119855141745,NA,0.8008772143752103,0.07289916289380348,0.029736093577206826,0.026198878644256324,NA,141,150,150,1.831054082645176e-06,0.14399843169848134
ENSG00000125733.17,TRIP10,-0.25216602887967504,NA,0.8009127347767676,0.004803427948519315,0.10270897848790074,1.0750771678895724e-05,NA,5,5,5,0.7419412975397419,0.0507561633498048
ENSG00000141404.15,GNAL,0.25206610724056455,NA,0.8009899667599366,0.025835132384169103,0.04078589010086359,0.00788201697854113,NA,19,21,21,0.11745188785722423,0.19839466902931835
ENSG00000111726.12,CMAS,-0.2516107130130591,NA,0.8013419771965915,0.00419155454261912,0.02363892792119857,0.045823458030525066,NA,30,31,31,0.13476837143760448,0.06903455394347888
ENSG00000121413.12,ZSCAN18,0.25067346999146956,NA,0.8020665737688827,0.013575856916313796,0.04814566700269469,0.004149624800478296,NA,36,37,37,0.2820862806253187,0.11179472100573852
ENSG00000175354.18,PTPN2,-0.25024948428702526,NA,0.8023944194139457,0.018168619321012415,0.022916293803655084,0.04851808197678519,NA,71,75,75,0.0005283469796877387,0.2301419227251381
ENSG00000180992.6,MRPL14,-0.24941687042924113,NA,0.8030383367068107,0.01917810866336416,0.22603364323547434,1.9680585121096497e-11,NA,36,36,36,0.004021740041973643,0.0835789294533989
ENSG00000105677.11,TMEM147,0.24900586303535902,NA,0.8033562461881599,0.04809141883601854,0.5835613229619735,3.9129560833789967e-38,NA,4,4,4,0.7934586883904009,0.08906772084565348
ENSG00000255121.2,RP11-110I1.12,0.24864437290075095,NA,0.8036358815355503,0.020769486931969904,0.1053647350551972,1.2296020611944154e-05,NA,12,12,12,0.22524239337666596,0.24264382933821185
ENSG00000160408.14,ST6GALNAC6,-0.24857859574179011,NA,0.8036867670076272,0.008376668392653093,0.050723969095143775,0.003194939894973857,NA,39,40,40,0.016284372493539256,0.09390503537171367
ENSG00000101457.12,DNTTIP1,0.24856413636741367,NA,0.803697952948777,0.030031835317932618,0.20507018611256428,8.553307307945344e-11,NA,17,17,17,0.6568007780814127,0.09136064722658783
ENSG00000100439.10,ABHD4,0.24797964823042465,NA,0.8041501534428552,0.018714319113344615,0.10943260747589464,2.3521020107084166e-06,NA,18,18,18,0.06418269799022738,0.12835913916712344
ENSG00000137996.12,RTCA,0.2479003328535844,NA,0.8042115223644888,0.019003298850220098,0.11799176339365472,1.0421423099899894e-06,NA,57,58,58,0.03573768008567679,0.1084761094777148
ENSG00000156510.12,HKDC1,0.24777763580105722,NA,0.8043064594956553,0.019979114657922684,0.16457676903320215,3.514177659253245e-08,NA,11,11,11,0.012713160015035207,0.04098870497427436
ENSG00000135269.17,TES,-0.24738238890973382,NA,0.8046123023190508,0.004913489516330343,0.09061616687757644,5.374808256072597e-05,NA,14,14,14,0.38134092916026785,0.039204716549613966
ENSG00000151892.14,GFRA1,0.2473459535729322,NA,0.8046404975606385,0.0013746321583634402,0.07896643815788904,0.00018276136966349267,NA,2,2,2,0.8023439565685052,0.03074066444104985
ENSG00000115275.11,MOGS,0.24727696692155898,NA,0.8046938831151982,0.01689724482985753,0.1005779513242986,1.8766973559109617e-05,NA,17,17,17,0.008956860452567699,0.0935743315196453
ENSG00000257940.1,RP11-248E9.6,0.2472747048740095,NA,0.8046956336238018,0.004075462586747318,0.04162105444014868,0.006629498315160457,NA,16,16,16,0.667707381560327,0.018312818731706648
ENSG00000250673.2,RP11-6L6.2,-0.24723973562619803,NA,0.8047226950580032,0.0478409231862756,0.2480812427890491,2.20836425866771e-12,NA,22,22,22,0.0012606852642179569,0.17979212891919266
ENSG00000120328.6,PCDHB12,-0.24707130099063457,NA,0.8048530437982779,0.043085096553797386,0.0795866510608851,0.00016762841837200603,NA,69,74,74,0.042875556451338885,0.1274216967527925
ENSG00000269893.6,SNHG8,-0.24703354806236122,NA,0.804882260900779,0.006931392261432936,0.11248401832278282,5.535852045470808e-06,NA,18,18,18,0.47093433256507233,0.03416960908827621
ENSG00000100380.13,ST13,0.24665876914204396,NA,0.8051723181849653,0.01337509389056839,0.20359560331758916,3.4870743969769154e-10,NA,11,13,13,0.07081516915194845,0.059287669239426466
ENSG00000102763.17,VWA8,-0.24649945942823404,NA,0.8052956228457364,0.00036076345517755,0.026107435447403283,0.037441414827019286,NA,15,15,15,0.10302374483072696,0.006144044554621817
ENSG00000143106.12,PSMA5,0.24627762387609206,NA,0.8054673301555142,0.010654207877743915,0.05362832139691446,0.0021287634765836086,NA,60,70,70,1.4063885491063863e-06,0.06601984827704907
ENSG00000174307.6,PHLDA3,0.245873630988259,NA,0.8057800567495059,0.015087971777397909,0.03756252941171266,0.01157994861385872,NA,32,33,33,0.0005757979071711082,0.11288503412161767
ENSG00000260743.1,RP11-255C15.3,0.24570725360032733,NA,0.8059088567483672,0.019191625321843746,0.039786161913224836,0.005969338856718675,NA,17,17,17,0.0036270725521370274,0.1304604574004804
ENSG00000070476.14,ZXDC,-0.2456792676422634,NA,0.8059305224176017,0.016842717320159517,0.15261358589142127,5.797419786375599e-08,NA,24,26,26,0.0172831391168125,0.06084991254990212
ENSG00000182372.9,CLN8,-0.24566810982780202,NA,0.8059391604166783,0.0006682519892312338,0.03625870666978244,0.01200350352434326,NA,3,3,3,0.7032585254969077,0.02795749165417822
ENSG00000250305.8,KIAA1456,0.24497663430074473,NA,0.8064745233274914,0.024412664375117885,0.17610258554949668,5.603723459813727e-09,NA,33,34,34,0.0039009866806455984,0.13270924025484795
ENSG00000225489.6,RP11-390F4.3,-0.24486606987175624,NA,0.8065601343319232,0.17185530261988644,0.41207474578450015,2.9782104166219984e-24,NA,29,30,30,0.013125592669605095,0.27923631320113873
ENSG00000150594.6,ADRA2A,-0.24446653160289922,NA,0.8068695196221921,0.004291740999187615,0.030077251919589137,0.023298755402496457,NA,11,11,11,0.03533021710704723,0.03051910286245495
ENSG00000164930.11,FZD6,0.2438279274128613,NA,0.807364090037587,0.00860419158691372,0.09838315611900156,2.488092190523712e-05,NA,5,5,5,0.7645952085441121,0.045017992662000315
ENSG00000198203.9,SULT1C2,-0.2429056623969478,NA,0.8080784789674661,0.02607689441631357,0.09080520053897348,4.840729709277141e-05,NA,8,8,8,0.0457185571942271,0.13191754555363025
ENSG00000113552.15,GNPDA1,0.24290268194149742,NA,0.8080807878959415,0.0067620371915526065,0.054324039563995966,0.0021683308347099414,NA,8,9,9,0.09883500071894874,0.12979084689491524
ENSG00000242247.10,ARFGAP3,0.2423701297324119,NA,0.8084933774824148,0.0012232161143373968,0.029526186224466306,0.026010727563735583,NA,18,18,18,0.07086240349607233,0.03698821900519983
ENSG00000172818.9,OVOL1,-0.24234621888676766,NA,0.8085119034250365,0.007621633263123007,0.035909252472274354,0.01292207728395257,NA,8,8,8,0.4311504393202469,0.04955102981434269
ENSG00000143162.7,CREG1,0.2416918653284552,NA,0.8090189332542542,0.02590150183086299,0.031181972446456936,0.021870861946684854,NA,70,82,82,0.005235799410286306,0.1850119669082376
ENSG00000213057.5,C1orf220,-0.24166728886177866,NA,0.8090379780425572,0.013552474372818058,0.08775099432510168,9.343561174713296e-05,NA,54,55,55,0.06556011346397353,0.06206144282946927
ENSG00000125445.10,MRPS7,0.24123490999277342,NA,0.8093730554388305,0.03475210022749931,0.34586389571214804,2.559123852415196e-19,NA,9,10,10,0.5417259031263999,0.047767649900912534
ENSG00000197548.12,ATG7,-0.2395273993173818,NA,0.8106966531232905,0.0025626161266684307,0.030898777447514007,0.02348265793969381,NA,14,15,15,0.045801582800284416,0.05708262908681101
ENSG00000131781.12,FMO5,-0.23905175865564374,NA,0.8110654483482123,0.0046536085557838955,0.054241564442822035,0.002285910302805313,NA,14,16,16,0.022524874670516132,0.10074316937361606
ENSG00000136169.16,SETDB2,-0.23867161759676428,NA,0.8113602266575535,0.00911858591184039,0.09724382090358333,3.28465583343364e-05,NA,24,25,25,0.00011045717582953241,0.04877116424345245
ENSG00000120645.11,IQSEC3,-0.23860688595072305,NA,0.8114104251252632,0.01722935810261033,0.12086631755219547,2.882958670703916e-06,NA,19,21,21,0.035190566407131224,0.11369147996969063
ENSG00000274523.4,RCC1L,0.23849507180260263,NA,0.8114971372276516,0.010005632758613076,0.03403872236338258,0.012293945834763578,NA,19,22,22,3.0782238662657623e-10,0.2513598716834977
ENSG00000227359.1,AC017074.2,0.23806629201661897,NA,0.8118296782627109,0.010121009723451955,0.10564961304815436,1.2832355259647533e-05,NA,5,5,5,0.45639405757964535,0.06451084534036065
ENSG00000178999.12,AURKB,-0.23739328611547655,NA,0.8123516977928616,0.006519809718156179,0.03793599678362882,0.010308819742326456,NA,21,21,21,0.1620430932531226,0.04789904541591581
ENSG00000141664.9,ZCCHC2,-0.23694469870194407,NA,0.8126996926281148,0.00559881615887604,0.03812124929692093,0.009420319653288198,NA,22,24,24,0.09000451525760626,0.05093729214795548
ENSG00000135476.11,ESPL1,-0.23668293852511713,NA,0.8129027720170852,0.1142114037646632,0.21506797149177706,4.6425051539084935e-11,NA,67,69,69,0.017805935379488134,0.2257694857940529
ENSG00000164684.13,ZNF704,-0.23647811951540199,NA,0.8130616839522803,0.013046816148947715,0.064327783769064,0.0007919469271671709,NA,9,10,10,0.0947005343684506,0.06003050142349035
ENSG00000212916.4,MAP10,-0.2364513283858978,NA,0.8130824708258386,0.004971738923374356,0.06843789925908643,0.0005910327142897207,NA,8,8,8,0.2758347126306502,0.12937324349205534
ENSG00000134905.16,CARS2,0.23632795116629193,NA,0.8131781992343616,0.03203296958220116,0.17668257455418548,6.593971928608704e-09,NA,45,47,47,0.01389405083645316,0.09144956545728387
ENSG00000273972.1,CTD-2306A12.1,-0.2361590543092484,NA,0.8133092508640343,0.008868801639231538,0.15159260178742626,9.767718358405523e-08,NA,28,36,36,0.0001147188586732664,0.06500990831148731
ENSG00000166750.9,SLFN5,-0.2360674352268443,NA,0.813380342769846,0.09014569459971893,0.3822324775994655,6.207044390983818e-21,NA,32,34,34,0.038601314010423854,0.1396652348654887
ENSG00000260257.2,RP5-1085F17.3,0.23576266483161842,NA,0.813616840681779,0.0022295524842347353,0.10758579390027803,1.4064521538682275e-05,NA,2,2,2,0.8159046500542857,0.06549598037395525
ENSG00000106605.10,BLVRA,-0.2356242138049443,NA,0.8137242825148062,0.0011839361113899867,0.039460219419597035,0.00955379511990318,NA,9,9,9,0.09126265876800033,0.03914183313372552
ENSG00000272787.1,KB-226F1.2,-0.23514769933781038,NA,0.8140940977246489,0.027250062430502167,0.4871681482443321,2.0108416914289626e-28,NA,35,40,40,0.00016966447985734435,0.1416094600660522
ENSG00000085465.12,OVGP1,-0.23505107141376444,NA,0.8141690941578233,0.004033415267603577,0.06301486344668089,0.0008611793807366832,NA,17,18,18,0.5503066316731944,0.055347639403724516
ENSG00000105251.10,SHD,0.23493610195578307,NA,0.814258328339092,0.00408130151674785,0.09565892725050668,4.3597307995904296e-05,NA,12,14,14,0.16389122302667403,0.03458680518814345
ENSG00000138688.15,KIAA1109,0.2345360973017914,NA,0.8145688129397504,0.0017587602125401294,0.061117868879964336,0.0011720428898930513,NA,10,10,10,0.32749291461689567,0.019433050987259025
ENSG00000120519.14,SLC10A7,0.2343959842912398,NA,0.8146775758958749,0.005752819419140498,0.036546277515348266,0.012998208532837171,NA,24,24,24,0.004863079338637115,0.048067377330481116
ENSG00000111450.13,STX2,-0.23425625478373607,NA,0.8147860447145175,0.06621594353189182,0.32437884379837345,6.128558755603967e-17,NA,25,27,27,1.499100475511924e-08,0.057418971728259265
ENSG00000258227.6,CLEC5A,-0.2339913225389927,NA,0.8149917152988065,0.010917649003234279,0.03885390632457378,0.008222775861998644,NA,22,27,27,0.3425141863020993,0.19498649122726547
ENSG00000127337.6,YEATS4,0.23398174454667803,NA,0.8149991510662723,0.05351259162569,0.3207891097505449,8.519692811844402e-17,NA,35,38,38,1.6256607082032777e-06,0.10972949261672517
ENSG00000274897.2,PANO1,0.2337405728107304,NA,0.8151863875433605,0.019463100462254357,0.11021579897036787,5.1158954627246946e-06,NA,26,29,29,0.02914476653611088,0.1139330430838296
ENSG00000183765.20,CHEK2,0.2335448761079506,NA,0.8153383267083529,0.10106919265551792,0.3122980070834049,3.4542812920395086e-16,NA,37,38,38,8.994054557649642e-05,0.22225973339864388
ENSG00000236039.2,AC017060.1,0.23338162582670471,NA,0.8154650797440525,0.03260572987258832,0.04252604246662988,0.006628978513799994,NA,26,28,28,0.0027178305699925745,0.09065858452149053
ENSG00000196458.10,ZNF605,-0.23319187137823533,NA,0.8156124175797896,0.003030632391759379,0.044650492096171814,0.0041883514320175865,NA,15,20,20,0.07915427177033961,0.040830629034140975
ENSG00000149289.10,ZC3H12C,0.23292665264992213,NA,0.8158183617698773,0.0054690278703837985,0.031443692764941085,0.021080979206336344,NA,38,39,39,0.09980968191501448,0.11531372536477495
ENSG00000100350.14,FOXRED2,0.2328830454430488,NA,0.8158522242880774,0.017937221368003305,0.1604800297298999,5.5980711919903934e-08,NA,35,37,37,0.00026126924014794966,0.0901119713844024
ENSG00000120029.12,C10orf76,0.23287566383272332,NA,0.8158579564001767,0.008642194308625504,0.037797260630209335,0.010463016610728156,NA,42,43,43,0.007674398737778249,0.09709735665582092
ENSG00000092200.12,RPGRIP1,0.2325680321104796,NA,0.816096853347192,0.06711362754949256,0.1996967349947558,1.2080717807186546e-10,NA,20,25,25,0.00837013232077023,0.10434350521661076
ENSG00000136425.12,CIB2,-0.23253165888241623,NA,0.8161251007620303,0.0670442290848944,0.3120218340193113,4.3898002758662815e-16,NA,28,31,31,0.04686624255004233,0.4248473127260604
ENSG00000100908.13,EMC9,-0.2324866774737311,NA,0.8161600336122908,0.07254429026752138,0.3842242482651141,9.0343539602087e-21,NA,7,7,7,0.37366067561665006,0.19472644739554887
ENSG00000115998.7,C2orf42,0.23237636624622374,NA,0.8162457035648674,0.011262213417859358,0.15124830958271498,9.045631803354668e-08,NA,10,10,10,0.21833982722270706,0.09128470248816706
ENSG00000124596.16,OARD1,0.23143828037674727,NA,0.8169743288585705,0.005319328756574988,0.03456241319306132,0.013700599213973864,NA,16,18,18,0.015336551383995936,0.05818467265512646
ENSG00000070214.15,SLC44A1,0.23103802499855444,NA,0.8172852613714607,0.0025095469391090827,0.0430098330365207,0.006634930793835263,NA,16,18,18,0.009953343668593144,0.0573425612559241
ENSG00000141543.9,EIF4A3,0.23089864543555919,NA,0.8173935430905888,0.0009992174915721638,0.06793137932156675,0.0006364064651995396,NA,9,9,9,0.3212353916232632,0.03169007982153207
ENSG00000254531.1,FLJ20021,0.23066244496809152,NA,0.8175770513538747,0.004195756031341926,0.027046578048538224,0.030281755256950062,NA,11,11,11,0.008681772596724884,0.06626276784863445
ENSG00000152527.13,PLEKHH2,-0.23017488445106424,NA,0.8179558772329983,0.007653311675358566,0.08248278207184223,0.00013837786784971624,NA,9,9,9,0.09223683291301697,0.1152982653465326
ENSG00000172572.6,PDE3A,0.2296774793992759,NA,0.8183423959526919,0.006110403699370897,0.03355483404627802,0.016731699406290854,NA,12,13,13,0.13521897640661798,0.10639692628929204
ENSG00000004897.11,CDC27,0.22794687648516776,NA,0.8196875396907264,0.001697646101754095,0.06467789127298901,0.0009205481875292435,NA,2,3,3,0.4382836046239368,0.16666758120040787
ENSG00000155957.17,TMBIM4,-0.22764100636959536,NA,0.8199253383049409,0.08281535542833654,0.41868710009068455,8.611651486958645e-23,NA,40,40,40,0.013322260356720036,0.06505048595374367
ENSG00000065457.10,ADAT1,0.2275372448446196,NA,0.820006011428542,0.020531729911110203,0.18563849966202015,2.270135158805297e-09,NA,13,13,13,0.021895997630350793,0.06362647062364972
ENSG00000114771.13,AADAC,-0.22697378520809486,NA,0.8204441265898691,0.0034250544379199393,0.04330227370795008,0.006364938201612831,NA,29,30,30,0.16397324301895688,0.038666839491095235
ENSG00000161981.10,SNRNP25,0.2267536625670403,NA,0.8206152970531402,0.01191748181061179,0.1601712538941972,3.445536069956278e-08,NA,13,16,16,0.03545966996785436,0.18197606683227374
ENSG00000171853.15,TRAPPC12,0.22636821852338615,NA,0.8209150443396669,0.0013566598644789332,0.042834844715774256,0.005978652121961303,NA,27,27,27,0.30530459185768477,0.07997442675001873
ENSG00000146457.14,WTAP,0.22598169760297174,NA,0.8212156553426446,0.017922164024104976,0.17595304165698644,7.374993685905416e-09,NA,18,20,20,0.0033986651642993492,0.4620133526828368
ENSG00000160200.17,CBS,0.22568474183514053,NA,0.8214466261945089,0.13504161476125032,0.3429421250670288,1.0021894469089395e-17,NA,46,54,54,0.008575478470377011,0.2551986948448106
ENSG00000116032.5,GRIN3B,-0.2252727734984303,NA,0.821767078931601,0.026168828543253794,0.13543105364666694,7.075172236231461e-07,NA,14,19,19,0.13790392557301676,0.23263843330016384
ENSG00000105287.12,PRKD2,0.2246525324481667,NA,0.8222495942787077,0.021379924134205596,0.19372949992431807,1.064994157948962e-09,NA,12,12,12,0.06111252794986017,0.08013285778270532
ENSG00000124469.11,CEACAM8,-0.22464000314258975,NA,0.8222593421216229,0.006755749780207636,0.038423563018303256,0.010976321869728162,NA,12,13,13,0.09499682916483809,0.101320118821521
ENSG00000168300.13,PCMTD1,-0.22413356141560942,NA,0.8226533784818425,0.0038450311753906877,0.051816935671880684,0.002015871260478465,NA,30,34,34,0.005049337743856631,0.04193969668367673
ENSG00000159714.10,ZDHHC1,-0.2238606025815593,NA,0.8228657723226412,0.024099761562426943,0.024271900123532558,0.03890216004467746,NA,27,30,30,3.0364370869304426e-05,0.6174847201036471
ENSG00000091490.10,SEL1L3,0.22329656902201558,NA,0.8233046973838964,0.01625844758111583,0.12013358406531564,2.90653905555815e-06,NA,31,33,33,0.043615289773774046,0.15258004217446772
ENSG00000197070.13,ARRDC1,-0.2232921694405483,NA,0.8233081213099962,0.003708700479052059,0.0539877832830697,0.0021414729117345244,NA,21,24,24,0.512429205456365,0.0672107003488124
ENSG00000126005.16,MMP24-AS1,-0.22309481811535306,NA,0.8234617112762969,0.032568711669998654,0.2660293452012745,2.014587734230629e-13,NA,40,41,41,0.018680220785544432,0.06375580207756089
ENSG00000102854.15,MSLN,0.222709209937195,NA,0.8237618328862316,0.05770882685711343,0.12223649321691885,2.664589583869633e-06,NA,22,23,23,0.0026537493434722046,0.15822741398779727
ENSG00000133488.14,SEC14L4,0.22225118201030328,NA,0.8241183527931746,0.031679706636718756,0.0696828477498005,0.00042085141016649937,NA,64,64,64,0.00833178094551956,0.28144380339685704
ENSG00000278662.4,GOLGA6L10,-0.22189222026020122,NA,0.8243977869134459,0.12830268716982346,0.2798270886353555,2.5865529341500042e-14,NA,26,27,27,2.95106366392975e-06,0.18322668860843191
ENSG00000205560.12,CPT1B,-0.2217250912796765,NA,0.8245278962255085,0.0747205272342113,0.3346437008950626,2.0184066554264893e-17,NA,35,38,38,0.00018748864917909262,0.19116941958090067
ENSG00000082269.16,FAM135A,-0.22168333614211527,NA,0.8245604032032875,0.0030278460127897604,0.03866176896569023,0.008960629963088405,NA,50,52,52,0.00791371130748635,0.02102179789238394
ENSG00000058668.14,ATP2B4,-0.22132860726683745,NA,0.8248365768881267,0.0029796500084885297,0.04161739681562316,0.005741501786469043,NA,9,10,10,0.5993066567459194,0.03891667578774125
ENSG00000012124.16,CD22,-0.22131490212366087,NA,0.8248472474440399,0.08518202228118418,0.31931658446655314,2.1050923020038188e-17,NA,8,8,8,0.5871186927897492,0.4688677518889729
ENSG00000134202.10,GSTM3,-0.22095481801903044,NA,0.825127613462187,0.20128487128952355,0.5004228670113459,2.267679077403389e-31,NA,51,54,54,0.014672377304343063,0.2240301627199384
ENSG00000154263.17,ABCA10,0.22068539569280662,NA,0.8253374036696113,0.017114473430663104,0.12024676638197715,2.7857245702217382e-06,NA,46,47,47,0.006791532084885745,0.14981071927564765
ENSG00000142188.16,TMEM50B,0.21988695516939638,NA,0.8259591959620733,0.013816832803562655,0.1336596532726433,4.27079735565261e-07,NA,26,26,26,0.021109327132290596,0.04919785485439089
ENSG00000115425.13,PECR,-0.21986584721326966,NA,0.8259756354438735,0.0027709948646008377,0.04397568816978982,0.005809427555872411,NA,17,18,18,0.04839043492199652,0.0680871175833336
ENSG00000197429.10,IPP,0.21972761536182364,NA,0.8260832962610442,0.008120854753392276,0.11276687176081583,7.333480815118187e-06,NA,17,17,17,0.0013714294952178023,0.16595010312535755
ENSG00000134901.12,KDELC1,-0.21956734542124784,NA,0.8262081253683983,0.004014235855970875,0.039746398672441036,0.00953126530598015,NA,17,17,17,0.14460839207760512,0.0783920731822967
ENSG00000108639.7,SYNGR2,0.2192896777994464,NA,0.8264244021539139,0.0026256133932391155,0.1180318272583256,4.286645534082152e-06,NA,12,13,13,0.2650673827023322,0.032156700368410625
ENSG00000243317.7,C7orf73,0.2192587969814373,NA,0.8264484562011458,0.012042034088054546,0.15582918134445045,7.353837990028773e-08,NA,13,14,14,0.15864732608951104,0.09273277681705784
ENSG00000189157.13,FAM47E,0.21879869709275881,NA,0.8268068618556864,0.0749002351868188,0.3113168894022977,1.0275505162986887e-15,NA,43,46,46,0.13509214670072364,0.05244881957522925
ENSG00000172292.14,CERS6,0.2187089466820495,NA,0.8268767792618353,0.01006125157966791,0.08336110051784026,0.00012621459379743503,NA,26,29,29,6.282697335787821e-06,0.1508963002911062
ENSG00000112769.18,LAMA4,0.21834316793057676,NA,0.8271617425816633,0.014976954302005218,0.07372201235261128,0.00029127894283899786,NA,31,32,32,0.0006909382900470378,0.3180275133284993
ENSG00000263004.1,RP11-166P13.3,-0.21816434042053762,NA,0.8273010680932947,0.0232100955706335,0.17439944014121572,6.740946406047847e-09,NA,11,11,11,0.6014789347414784,0.04515999387780106
ENSG00000136213.9,CHST12,-0.21765744407785076,NA,0.8276960233913715,0.018804918038463247,0.08707821296286929,6.776987896891463e-05,NA,25,25,25,0.4592272241285347,0.07323761151209708
ENSG00000154945.6,ANKRD40,0.21751317366528813,NA,0.8278084416499145,0.03198165073494951,0.03885406686049043,0.009503796407707923,NA,53,61,61,0.001265422938370014,0.29636681654582203
ENSG00000141434.11,MEP1B,0.21744138789580703,NA,0.8278643798059006,0.035619336163628515,0.022309878254058387,0.0399609988924072,NA,33,33,33,0.019282402539984075,0.2673584000390343
ENSG00000120314.18,WDR55,-0.21728662192288875,NA,0.8279849822095549,0.0064428997012698505,0.12502476122436273,1.980569099302143e-06,NA,46,48,48,0.044034176802260794,0.1592431297596962
ENSG00000172456.17,FGGY,0.21724475008208546,NA,0.828017611814451,0.030326973814629992,0.03931020534872784,0.009784512790682931,NA,67,70,70,0.14668243235213116,0.1798002033618316
ENSG00000183747.11,ACSM2A,-0.21708674494572514,NA,0.8281407436612573,0.02362071557210688,0.03826099824763305,0.009638448641213077,NA,66,79,79,0.0030263375597531384,0.20300527551837413
ENSG00000164002.11,EXO5,0.2169401660017867,NA,0.8282549749653856,0.020776856365279373,0.12258761010047416,2.850720729122994e-06,NA,12,12,12,0.0007099467410630291,0.13847302732891265
ENSG00000125651.13,GTF2F1,-0.21654700393596368,NA,0.8285613903533733,0.005438580208392385,0.15550737717176932,6.089008534490941e-08,NA,8,9,9,0.04589469267718429,0.04471357125693373
ENSG00000188959.9,C9orf152,0.2165337551922511,NA,0.8285717163691378,0.08729052212080056,0.35362272957830504,8.477292159066978e-19,NA,24,25,25,0.2700261103158078,0.1109736925926946
ENSG00000186638.16,KIF24,0.2160768092162975,NA,0.8289278762810892,0.014284035217103825,0.044463838043322365,0.006340672625175179,NA,15,15,15,1.610258265320549e-05,0.11731943876526955
ENSG00000168702.17,LRP1B,-0.2155765379386968,NA,0.8293178457953058,0.09008638812005548,0.31320875799916903,4.512514717577643e-16,NA,16,16,16,0.018602360648584646,0.04858910765147851
ENSG00000164086.9,DUSP7,-0.2150347231384662,NA,0.8297402465945228,0.00883575220736046,0.048168462826542836,0.004230464770181367,NA,25,26,26,0.0001866004917316457,0.15017778501721382
ENSG00000157578.13,LCA5L,0.21479727263441373,NA,0.8299253793934884,0.012167375775402261,0.04513399957815607,0.005333007758704889,NA,26,26,26,0.004043339099050739,0.06963712528250035
ENSG00000213689.11,TREX1,-0.21458437958400362,NA,0.8300913735355595,0.01436422295405852,0.1059317101529852,9.741041883102906e-06,NA,14,14,14,0.6700357939826456,0.052509098474804665
ENSG00000079332.14,SAR1A,-0.2144473992588375,NA,0.8301981820254573,0.00769331697235032,0.07114418965222358,0.00044680937660242703,NA,36,37,37,0.09757237574955978,0.03386621655485318
ENSG00000160145.15,KALRN,0.21417260799986737,NA,0.8304124561190516,0.01298231639440378,0.07373532660414786,0.00032843493615652833,NA,23,23,23,0.0003220543609889898,0.07510432970806365
ENSG00000090238.11,YPEL3,-0.21399371144617443,NA,0.8305519611371853,0.007504280155978155,0.06778438822416283,0.0005861472448239184,NA,21,21,21,0.1186697746612336,0.056082286338909854
ENSG00000168297.15,PXK,-0.2139872880821413,NA,0.8305569702291471,0.061350598787562056,0.13489310923559242,5.097810655972207e-07,NA,127,130,130,0.029397360013973927,0.23111695504077126
ENSG00000122085.16,MTERF4,0.21384346613553099,NA,0.8306691278044529,0.0020625658329392737,0.0280207713407518,0.028610125316203074,NA,5,5,5,0.4004233252221947,0.17889275123451095
ENSG00000145113.21,MUC4,0.2136342236572686,NA,0.8308323088447696,0.14688876986074811,0.3065823621621933,4.0594812046401677e-16,NA,97,107,107,0.0004767287372980209,0.17895017955026973
ENSG00000172164.13,SNTB1,0.21319280218536435,NA,0.8311765822462656,0.017995539836234035,0.21661765527416785,1.0157258488037336e-10,NA,16,19,19,0.009830214718344128,0.08321348031877497
ENSG00000152382.5,TADA1,0.21182305765014567,NA,0.8322450792743474,0.005198438216178607,0.050439017283130265,0.003129274664467022,NA,34,34,34,0.2558540369295923,0.03464509657199675
ENSG00000216937.13,CCDC7,-0.21132794655180984,NA,0.8326313771303304,0.01590386689223569,0.13903965217853195,4.943981232857798e-07,NA,67,68,68,0.038321905215181064,0.09801675449201644
ENSG00000237927.1,RP3-393E18.2,0.21130470067678203,NA,0.8326495151279022,0.01337580477515388,0.05859909282194922,0.00112661060149769,NA,29,32,32,0.014619187194963409,0.07035680159570687
ENSG00000142632.16,ARHGEF19,0.21117920277289198,NA,0.8327474385848566,0.11344565867488852,0.4441094383382318,4.924841368417333e-25,NA,12,15,15,0.03166552725921577,0.2565619342263103
ENSG00000141101.12,NOB1,-0.21112611727306702,NA,0.8327888608997335,0.006125329926349489,0.06215159722294145,0.0010761933521944984,NA,23,24,24,0.08685956748815343,0.07427566802855716
ENSG00000203546.7,RP11-176H8.1,0.21108794695652708,NA,0.8328186452684867,0.06881552075191759,0.02793128790412799,0.027780569020774363,NA,71,77,77,4.107615010173288e-11,0.308408041611299
ENSG00000136824.18,SMC2,0.21098233500138133,NA,0.832901055723329,0.020668961423850003,0.1506745952318007,1.0186867967588001e-07,NA,47,48,48,0.04980810629494437,0.08496108947509899
ENSG00000121101.15,TEX14,-0.2104972550540832,NA,0.8332795938218949,0.036039234513082906,0.07152365870236256,0.00044309747289902684,NA,36,37,37,0.00046186169510064364,0.06713980541987666
ENSG00000060491.16,OGFR,0.21047225278114054,NA,0.8332991057010972,0.01720887590531274,0.04147459722930055,0.007161669215406811,NA,55,59,59,0.006975450268083856,0.12800447388454173
ENSG00000094963.13,FMO2,0.20997937302983163,NA,0.8336837720851162,0.04154799265530179,0.1755456797953455,9.702018354431534e-09,NA,45,45,45,0.001436957407375429,0.08439677282725185
ENSG00000160294.10,MCM3AP,-0.20997297776758536,NA,0.8336887635083807,0.006282425738473159,0.041229093316842484,0.007652802937740333,NA,43,45,45,0.01813891911358736,0.0824714884563293
ENSG00000196357.11,ZNF565,0.20970901864152547,NA,0.8338947861941758,0.021857966953695834,0.13914340003242148,4.975121665079951e-07,NA,11,11,11,0.15876576196129888,0.054042577802043947
ENSG00000173327.7,MAP3K11,0.20966551851462695,NA,0.8339287395646706,0.007866255168961172,0.039112348838934205,0.00864798621349087,NA,21,23,23,0.14591791913729546,0.19605041818152533
ENSG00000109193.10,SULT1E1,-0.20948090329373453,NA,0.834072841646883,0.0024327440833436793,0.08335087260653351,0.00011623781363193611,NA,30,31,31,0.027777201522434725,0.04236576915460392
ENSG00000246705.4,H2AFJ,-0.2090703040673038,NA,0.8343933563407717,0.036720558186090116,0.232300491609773,6.175294423489249e-12,NA,29,31,31,4.5928859987544037e-20,0.03733660705531102
ENSG00000093072.15,CECR1,0.20906669679238468,NA,0.8343961723098166,0.0047278742305629125,0.09593666128670113,4.4176655393269595e-05,NA,9,9,9,0.7844365070870178,0.051302294395421735
ENSG00000227306.1,AP006285.6,0.20874257760930787,NA,0.8346492001104462,0.002875195340810548,0.16188302908663513,1.6873168402090043e-08,NA,11,22,22,0.0005917063179604669,0.05091609326294179
ENSG00000162636.15,FAM102B,-0.20835351551884043,NA,0.8349529490319179,0.006901450907899914,0.05886285233704421,0.0015639180909627413,NA,15,16,16,0.041268283041306385,0.07359521190753343
ENSG00000006459.10,KDM7A,0.20831443370780547,NA,0.8349834623819141,0.014790017651555066,0.08128963621919562,0.00017705984044577837,NA,43,50,50,0.01861855457175108,0.10155214171301358
ENSG00000110717.12,NDUFS8,0.20827254652976993,NA,0.8350161663142271,0.0011604548053956516,0.0852184544657389,0.00010280757315959241,NA,1,1,1,0.8350161663142273,0.10296269303820188
ENSG00000038532.14,CLEC16A,0.20814198626216238,NA,0.8351181046882745,0.002543645891561588,0.08518387245807245,0.00010590775049564744,NA,6,6,6,0.5895833444972012,0.027997461431823304
ENSG00000170085.17,SIMC1,0.20812547316164595,NA,0.8351309979246153,0.002521037026538246,0.03436624344185496,0.013149938809818256,NA,10,10,10,0.43449930620432475,0.02590234308725916
ENSG00000130723.18,PRRC2B,-0.20812496855012835,NA,0.8351313919201021,0.0015489578942033907,0.04691732317999744,0.004603915964979212,NA,11,13,13,0.0008046650232294523,0.04646180849934897
ENSG00000171124.12,FUT3,0.2081111561375528,NA,0.8351421765259549,0.008974378685367365,0.16791487983619718,2.3058878319243468e-08,NA,6,10,10,0.2078883819322236,0.14211305558497786
ENSG00000204178.9,TMEM57,-0.2080346930699086,NA,0.835201878753052,0.0016597471855545748,0.06280782783229627,0.0007138037781670013,NA,12,12,12,0.6277902227430308,0.014734345915811416
ENSG00000135185.11,TMEM243,-0.20796277591791132,NA,0.8352580324039861,0.004317059912983108,0.05251143728813227,0.0029606837469699034,NA,6,6,6,0.5213362538621342,0.1232470313323944
ENSG00000150961.14,SEC24D,0.2079247643898605,NA,0.8352877125347774,0.007193904765824416,0.048223716296278266,0.0039024324093250976,NA,40,42,42,0.024354964728471953,0.043744979096364066
ENSG00000163517.14,HDAC11,0.2077381244542897,NA,0.8354334479821621,0.007805042697745607,0.03872184455110507,0.010169812580776184,NA,27,28,28,1.229657180105222e-12,0.10877152876088712
ENSG00000119977.20,TCTN3,-0.20751810182781785,NA,0.8356052571406957,0.007518812707185758,0.06185577469215945,0.0011516594459482356,NA,40,41,41,0.05069130757305585,0.16343307029877924
ENSG00000151948.11,GLT1D1,0.20733192582616664,NA,0.8357506425991598,0.1288661811740651,0.4440638820231443,1.0287204277252506e-25,NA,10,11,11,0.28122267969059556,0.1766143095168754
ENSG00000242612.6,DECR2,0.20699330308349126,NA,0.8360150886073412,0.04312279427102027,0.3714398939266135,8.397144057664188e-20,NA,13,14,14,0.027052320913351767,0.08292896117096434
ENSG00000177990.11,DPY19L2,-0.2069488218264145,NA,0.836049827436181,0.0032767219062588395,0.04043152221147744,0.009034546262020505,NA,8,10,10,0.8327082131644167,0.02114439888930996
ENSG00000085788.13,DDHD2,0.20677325166125096,NA,0.8361869467795866,0.03017330755973401,0.11018903841525596,8.981239069106596e-06,NA,33,40,40,0.2442040630297222,0.10727736817197092
ENSG00000086619.13,ERO1B,-0.20572270659960054,NA,0.8370075206222843,0.021383321554395283,0.18978716437123586,7.254594615058992e-10,NA,38,41,41,8.22678160316041e-05,0.08541720592592622
ENSG00000140876.11,NUDT7,0.2056556431690879,NA,0.837059909458769,0.034821622552536444,0.07914018417061018,0.00022697438124534404,NA,62,64,64,1.2913648526857062e-06,0.18815681058926573
ENSG00000111886.10,GABRR2,0.20556781895179232,NA,0.8371285173692414,0.0028544466832025783,0.024846716245370982,0.04089544407631303,NA,3,3,3,0.44399486503341434,0.032657754861275284
ENSG00000283141.1,RP11-109A6.5,-0.20499658110788285,NA,0.8375747961856888,0.06686861238978314,0.11163824724800256,8.573773911152639e-06,NA,101,112,112,1.719211206975346e-07,0.1417557449338423
ENSG00000135951.14,TSGA10,0.20488239834329658,NA,0.8376640075926713,0.05891776225768171,0.23455870502934315,1.0255728995785074e-11,NA,56,56,56,0.033651800275652184,0.08659737534906531
ENSG00000197888.2,UGT2B17,0.20408042673924418,NA,0.8382906496514392,0.141935797057479,0.326740997581343,5.072431670120921e-17,NA,62,64,64,0.0019370927594065694,0.3780047014128575
ENSG00000174564.12,IL20RB,-0.20404664585530308,NA,0.8383170475065886,0.009411241545491115,0.1889053282665719,5.908982272943267e-10,NA,8,26,26,0.010244933807528295,0.08414306966014001
ENSG00000251230.5,MIR3945HG,-0.20364615332055794,NA,0.838630023688068,0.044645102106659944,0.0881257531722322,8.792575194221769e-05,NA,31,36,36,0.05053875955817399,0.2032971862754044
ENSG00000075234.16,TTC38,-0.2035894929980462,NA,0.8386743045567115,0.045429421535214315,0.2848666314111276,2.5665885826144673e-16,NA,20,20,20,0.004541925426821121,0.10411454885881877
ENSG00000172469.15,MANEA,0.20354256197004467,NA,0.8387109822265298,0.01592889736336376,0.07692313451946317,0.00027664856915884527,NA,48,57,57,0.0009812496092424297,0.2446431228828003
ENSG00000102924.11,CBLN1,0.20328006572304436,NA,0.8389161354944317,0.05247310325861842,0.18745759710215495,2.973582949238103e-09,NA,23,24,24,0.010704810407659467,0.06116723085769865
ENSG00000136874.10,STX17,-0.2027851971871166,NA,0.8393029284905472,0.018889302599628427,0.1174178264896585,4.487695900986869e-06,NA,80,80,80,3.785658048623025e-08,0.053847480802224935
ENSG00000134201.10,GSTM5,0.20249311352241625,NA,0.8395312415179325,0.06453605252304058,0.2373371916255311,1.0912303716637996e-12,NA,33,38,38,0.013096988256344293,0.12467491057168195
ENSG00000155592.15,ZKSCAN2,0.20243645954475648,NA,0.8395755277948083,0.02480691754232983,0.12402037282266234,1.4320297721777442e-06,NA,35,36,36,0.0033039803660152986,0.07521026205953453
ENSG00000119946.10,CNNM1,-0.2024140605877555,NA,0.8395930371452589,0.07475851827074517,0.20755995896110027,1.7325467327684766e-10,NA,65,66,66,0.03294007129827951,0.20058494954892572
ENSG00000164332.7,UBLCP1,-0.2024106700054515,NA,0.8395956875833461,0.010886661677326978,0.023301821623747183,0.046151203713395816,NA,51,53,53,7.966675829431475e-07,0.1168057027283882
ENSG00000070010.18,UFD1L,-0.20233380121652328,NA,0.8396557768548394,0.001511706287977446,0.03558383681407134,0.013280758875821287,NA,18,18,18,0.5886781249748043,0.035261453093200085
ENSG00000163568.14,AIM2,0.20153299216272766,NA,0.8402818345973326,0.0696852906539985,0.04914921769690511,0.0035394766192158463,NA,94,103,103,0.00011711230634156237,0.3263221659469257
ENSG00000239713.8,APOBEC3G,-0.20105621407290722,NA,0.8406546189247666,0.02371951855928306,0.1838075584275376,1.9930557132662925e-09,NA,10,10,10,0.2509231924513078,0.2173832884614596
ENSG00000167799.9,NUDT8,-0.20085163119534366,NA,0.8408145896080255,0.09324660669023496,0.4299752288980683,2.997657253840084e-25,NA,20,21,21,0.01632209467797485,0.07424331237717283
ENSG00000188199.10,NUTM2B,-0.20081480925437722,NA,0.8408433827014159,0.04294023714044954,0.16918806382741114,1.1292524819076844e-08,NA,51,62,62,7.465704119326269e-06,0.3617335584780582
ENSG00000171792.10,RHNO1,0.20077648305320947,NA,0.8408733522844193,0.0006775520029334819,0.03322955246332781,0.01624689166703526,NA,4,4,4,0.6320939578310553,0.06007708953455861
ENSG00000119878.5,CRIPT,0.20050560332589967,NA,0.8410851761574989,0.0018838621643446033,0.028893710451564768,0.025738346868841917,NA,6,6,6,0.6266326298324766,0.05445718463332716
ENSG00000183281.14,PLGLB1,-0.20029754290031737,NA,0.8412478840944043,0.007698675013474543,0.3699871399931803,1.7831910719371973e-19,NA,28,37,37,0.05439937805849211,0.1037534539129928
ENSG00000250312.6,ZNF718,0.20007228959737602,NA,0.8414240448927337,0.15708145243172675,0.457914895983158,7.935091037568259e-28,NA,26,28,28,0.13852595092490572,0.10967025462422413
ENSG00000270020.1,RP11-463O9.9,0.19906871485342514,NA,0.8422089933555034,0.016714464483033036,0.15948895146199352,6.04110167275948e-08,NA,3,3,3,0.11629719564950508,0.3193548121768824
ENSG00000140474.12,ULK3,0.19889712916612332,NA,0.842343215244806,0.01634052359859156,0.11439696471502757,4.369390886971971e-06,NA,43,44,44,0.024508487199276494,0.129490980618039
ENSG00000260201.2,RP11-143N13.2,-0.1987382184819121,NA,0.8424675262736864,0.016493896035760066,0.09656044953790728,9.810689202970557e-06,NA,13,17,17,0.1150562795867206,0.1491765491810738
ENSG00000183549.10,ACSM5,-0.19859342899455182,NA,0.8425807941350281,0.02980253104522896,0.1667818132267782,1.117365102234534e-08,NA,50,53,53,0.05624774031591678,0.09328721237545252
ENSG00000160539.4,PLPP7,-0.19706460620482547,NA,0.843776980437204,0.018330777596908612,0.03132862985612316,0.015959260177821944,NA,18,18,18,0.04733285477210309,0.07593523512020348
ENSG00000172172.7,MRPL13,0.19673912140145167,NA,0.8440316939016838,0.0008824513674479338,0.0302485157972375,0.02378034266265697,NA,8,8,8,0.3128967433210019,0.022934858842380442
ENSG00000165215.6,CLDN3,-0.19651890867297644,NA,0.844204034232163,0.007001915220618708,0.057774558264722935,0.0016169982888479802,NA,15,16,16,0.29746670436223677,0.05121066953965851
ENSG00000277147.4,LINC00869,0.19643535249625996,NA,0.8442694279500023,0.002748227593016723,0.04624386379913367,0.004489494121149028,NA,5,12,12,0.17921240305693398,0.17922472020048058
ENSG00000105479.15,CCDC114,0.19625044405917103,NA,0.8444141469812426,0.019596134170659956,0.048660983627862114,0.003082805941963737,NA,23,23,23,0.3076805857026994,0.07387043935618141
ENSG00000136689.18,IL1RN,0.19609310208937056,NA,0.8445372951866807,0.0157948569937936,0.025214190551645917,0.039302379949335116,NA,48,49,49,0.0002670536541508696,0.05668919503375992
ENSG00000105717.13,PBX4,-0.19527042903277692,NA,0.845181245652818,0.001715653607437263,0.059736710858852675,0.0011317145862449645,NA,9,10,10,0.1353875082636367,0.024650108036637808
ENSG00000180113.15,TDRD6,0.19488567053836844,NA,0.8454824523615059,0.01129662647854407,0.16268663803368094,2.2774463717713388e-08,NA,16,16,16,0.31166086008571336,0.1065424063078554
ENSG00000005812.10,FBXL3,0.19483678473054442,NA,0.8455207240463649,0.00147277543775379,0.04090632489736541,0.008294743945279614,NA,2,2,2,0.6462897953650375,0.19412228707305806
ENSG00000163041.9,H3F3A,-0.19481250839421307,NA,0.8455397296219551,0.04638314647226729,0.3424781118576574,8.893671216404052e-18,NA,20,20,20,0.01009068895907829,0.11436983549452845
ENSG00000129055.12,ANAPC13,-0.19479468886509504,NA,0.8455536803182924,0.06393159378948958,0.4762635740692546,1.4595914515879416e-28,NA,27,27,27,0.7793684414457682,0.01675573454604039
ENSG00000196712.17,NF1,-0.1947221570863675,NA,0.8456104650804909,0.012773462945904082,0.17131231098664992,1.3884548874709907e-08,NA,16,16,16,0.3731019147323352,0.02302331633613008
ENSG00000218819.4,TDRD15,-0.1946975699117765,NA,0.8456297144369745,0.052453767037106365,0.17110917462093087,3.7787227365891445e-09,NA,19,19,19,0.2861379221655753,0.0675822751155623
ENSG00000184381.18,PLA2G6,-0.19466062948412635,NA,0.8456586353573875,0.021783903813580866,0.23338096889254986,4.2679234196233165e-12,NA,21,23,23,0.09548012278243914,0.1060621947244512
ENSG00000144120.12,TMEM177,0.19389881797806285,NA,0.8462551092519797,0.028456235423740865,0.2454318660204924,9.746506090281057e-13,NA,14,15,15,0.03769211806047617,0.06021260605768099
ENSG00000149231.11,CCDC82,0.19361663906159102,NA,0.8464760686445948,0.06758642040753546,0.24434983698206414,3.4166752701982303e-12,NA,50,53,53,3.3975929382404933e-06,0.21208927402194586
ENSG00000102934.9,PLLP,-0.19357369613491351,NA,0.846509696039197,0.0036845864879847313,0.05534682804373305,0.0019727326375470803,NA,8,8,8,0.47019436519124813,0.05542507315451254
ENSG00000250387.2,LINC02197,0.19278405231982623,NA,0.8471280936046592,0.007893342523090943,0.042814641356242765,0.006623932615661252,NA,14,17,17,0.009234130622684978,0.11027197559926236
ENSG00000116199.11,FAM20B,-0.19254926942994494,NA,0.8473119784347657,0.008956745681340146,0.07622193718496321,0.00022286196305815626,NA,15,16,16,0.11253894139709653,0.08226326124639104
ENSG00000079335.18,CDC14A,0.19230289029020456,NA,0.8475049545285336,0.058097249345892284,0.3138261891324952,5.950741065835474e-16,NA,10,10,10,0.47270973487291723,0.15694105183716767
ENSG00000183914.14,DNAH2,-0.19204819410134988,NA,0.8477044545499828,0.014629818059612016,0.05897151284852877,0.0014596953800162492,NA,23,27,27,0.055801932015053866,0.07761394637696825
ENSG00000160948.13,VPS28,-0.19204542223908533,NA,0.8477066257652702,0.00876971070754169,0.18488864628226584,1.154987327702288e-09,NA,2,3,3,0.8453127070866422,0.1283906990336991
ENSG00000135372.8,NAT10,0.19195019732113383,NA,0.8477812166803669,0.0038835134253308646,0.08365233635826283,0.00010280908002741744,NA,8,8,8,0.10002821450201317,0.08717178768982943
ENSG00000134077.15,THUMPD3,-0.19159878694386373,NA,0.8480564927878055,0.0037262881556966235,0.02467775449998285,0.04327635671024547,NA,16,17,17,0.23255127837099643,0.038967244232131035
ENSG00000160194.17,NDUFV3,-0.19153148012234808,NA,0.8481092194703898,0.06787168077430655,0.2761873530814216,5.1636522014524567e-14,NA,32,36,36,0.13119366773954336,0.4594574409884734
ENSG00000271303.1,SRXN1,-0.19147263685605495,NA,0.8481553165469884,0.0017795511073054467,0.023298590026413074,0.047369981545641766,NA,14,15,15,0.36194916235405306,0.02483620644221323
ENSG00000093217.9,XYLB,-0.19139729362592367,NA,0.8482143402464811,0.009744875212403109,0.12757244257294148,4.913141148971532e-07,NA,39,40,40,0.03561553905347923,0.05128456736002954
ENSG00000136111.12,TBC1D4,-0.19106148200605502,NA,0.8484774245827587,0.019217513783793043,0.053514472956666885,0.0023660788189549713,NA,46,49,49,0.04986670735682621,0.09183722335193883
ENSG00000214872.8,SMTNL1,-0.19088145526018555,NA,0.8486184695876609,0.06291791549560377,0.2790640265396129,5.957763373337978e-14,NA,27,27,27,0.0790593389556503,0.08204233452453498
ENSG00000177479.19,ARIH2,-0.19055475005171174,NA,0.8488744446960481,0.005128954227817833,0.06360711627956489,0.0010105639659829429,NA,13,14,14,0.5811075966782067,0.01591913702595179
ENSG00000166801.15,FAM111A,-0.19046105339676817,NA,0.8489478594193655,0.009532491010666479,0.1436210432846243,2.323166728729024e-07,NA,15,15,15,0.1311050345845511,0.11048821526429324
ENSG00000182054.9,IDH2,0.19030084640299813,NA,0.8490733904373708,0.004245280217113708,0.12712681251204552,1.4880462572085943e-06,NA,8,8,8,0.058284142839772145,0.026969674051749846
ENSG00000116176.6,TPSG1,0.1902180826931636,NA,0.8491382418694489,0.035479275459798815,0.05403985724156405,0.00250807046651595,NA,69,76,76,0.038562399030980736,0.16312184437624508
ENSG00000114529.12,C3orf52,-0.1902154454734422,NA,0.8491403083411588,0.003249438414526517,0.030365164696072176,0.023011506280162138,NA,3,3,3,0.7332795815634441,0.06870404395353462
ENSG00000180096.11,SEPT1,-0.18980420841266743,NA,0.8494625580092413,0.012913956742399889,0.029916658056674282,0.02426725156431458,NA,35,36,36,8.165783569206772e-06,0.25369450560636353
ENSG00000177868.11,SVBP,0.18959647083648984,NA,0.8496253529157618,0.015090272881899318,0.10998419853583484,6.414864516975681e-06,NA,24,24,24,0.014953652994366745,0.05234718549878793
ENSG00000005700.14,IBTK,-0.18945505826637685,NA,0.8497361754671398,0.0021392959633854142,0.05727826408175129,0.0014624321496374995,NA,15,16,16,0.07215443935413682,0.04100034567266087
ENSG00000011295.15,TTC19,-0.18900045649595262,NA,0.850092459006544,0.02042917444754037,0.11477089998387205,5.815701013486356e-06,NA,27,28,28,1.79134363448254e-09,0.07280885013322673
ENSG00000204604.9,ZNF468,0.18859388527943435,NA,0.8504111256536102,0.024468316499007325,0.0863235628693293,8.4737417047695e-05,NA,22,22,22,0.09145053370505828,0.07907095752498967
ENSG00000081307.12,UBA5,0.18840995151762932,NA,0.8505552992151086,0.004258158918599878,0.033415435617752155,0.016813588613225162,NA,14,15,15,0.06772882557087435,0.07046682745636525
ENSG00000127838.13,PNKD,0.18779399806307948,NA,0.8510381409145619,0.003991491038052162,0.04501956478331666,0.005849157829729963,NA,7,7,7,0.6933793095371686,0.05192637351125305
ENSG00000152683.14,SLC30A6,0.1871550984133608,NA,0.851539028991688,0.002812520735207106,0.02737511159708559,0.0313811865775964,NA,15,15,15,0.09886857421022209,0.03891996678413756
ENSG00000107779.13,BMPR1A,0.18715073816322153,NA,0.8515424475706859,0.003624853744647321,0.024301635597514637,0.03933879324955468,NA,9,9,9,0.7751998848920569,0.021913759974961304
ENSG00000185988.11,PLK5,0.18709965599495598,NA,0.851582497872373,0.018448565118264586,0.06493359399542463,0.0008322422401259602,NA,15,21,21,0.01277067625957081,0.10957076059309513
ENSG00000147576.15,ADHFE1,0.1870980342464349,NA,0.8515837693892252,0.024362566939628245,0.20558798104878626,1.0139857818615658e-10,NA,35,35,35,0.03157982636956269,0.051700508437115864
ENSG00000149300.9,C11orf52,-0.18658099745227139,NA,0.8519891669328399,0.002386770202641501,0.05142696403147595,0.002737470281533618,NA,5,5,5,0.8698790300450461,0.06916626118982462
ENSG00000184293.7,CLECL1,-0.18656692511615933,NA,0.8520002012992112,0.03456870941110624,0.09628336953611227,3.696429054011274e-05,NA,46,49,49,0.009892960596171441,0.0963456014457261
ENSG00000140104.13,C14orf79,-0.1860965753277269,NA,0.8523690274977809,0.03184706926244186,0.2412711765016018,1.6141150757013282e-12,NA,29,34,34,0.0004184849956746033,0.08798439119774049
ENSG00000119326.14,CTNNAL1,0.18599524252737554,NA,0.8524484921470799,0.012221867684092027,0.1262063193932257,1.741524121567935e-06,NA,25,25,25,0.47217170707125833,0.1084113672926466
ENSG00000131981.15,LGALS3,-0.18535057963355472,NA,0.8529540684389287,0.006433236006016937,0.043483925882438594,0.006366546684662222,NA,15,16,16,0.10568407020737863,0.1800164101255857
ENSG00000158669.11,GPAT4,0.18532346800459987,NA,0.8529753320346556,0.0024473770411982286,0.08957650301165415,5.698132213006592e-05,NA,8,8,8,0.0006226111797584533,0.02420204893471489
ENSG00000166140.17,ZFYVE19,-0.18528863605620977,NA,0.8530026508180945,0.0707711527179913,0.3739124396354806,1.6776320638402067e-20,NA,40,40,40,2.1213186386592492e-05,0.0884042293754974
ENSG00000250371.1,RP11-22A3.2,-0.1851686805144272,NA,0.8530967335957244,0.02581631004536409,0.05368371915050234,0.0020805176355196482,NA,56,57,57,0.005454316871354663,0.11736032274235347
ENSG00000112234.8,FBXL4,-0.18512249749568818,NA,0.8531329561283518,0.011690553255191721,0.056906208627665426,0.0013452877289155307,NA,72,76,76,2.8802727180920553e-07,0.09222000241851773
ENSG00000130948.9,HSD17B3,-0.1849469536592073,NA,0.8532706425115664,0.017105355337058058,0.20712481086453904,2.5765272605627084e-10,NA,39,41,41,0.05867859291155244,0.04474599996731728
ENSG00000073670.13,ADAM11,0.1849087443803202,NA,0.8533006122418441,0.005443922528497816,0.033861772841679884,0.016313248379010745,NA,7,8,8,0.21111670743364896,0.03780235649402197
ENSG00000243955.5,GSTA1,-0.18366314737165887,NA,0.8542777211804182,0.02467436574642973,0.1310587368459943,1.0767048275626014e-06,NA,96,99,99,0.011987933190772744,0.11799688833041913
ENSG00000148110.15,MFSD14B,-0.18336451114243082,NA,0.8545120197379625,0.004491623264576359,0.05490177831877153,0.002241971197864398,NA,14,15,15,0.17776774215438207,0.032790264811974106
ENSG00000116791.13,CRYZ,-0.1832785264158188,NA,0.8545794824438878,0.04900100962547482,0.31111711045026874,1.4128593130743254e-16,NA,67,69,69,0.0001566619174755761,0.21020539313294856
ENSG00000229474.6,PATL2,-0.1830655422658774,NA,0.8547465921296797,0.012444171433228282,0.06059042973395306,0.001332276009551225,NA,16,16,16,0.16472172794299278,0.1823990032526276
ENSG00000187116.13,LILRA5,-0.18266801403306807,NA,0.8550585145391303,0.0014826049575153402,0.03829455589480625,0.010625491883835393,NA,20,39,39,0.052284977086345864,0.05191372306988001
ENSG00000153904.18,DDAH1,-0.18221385382636873,NA,0.8554149012136727,0.10958874899186394,0.4804377864082831,7.81617775012256e-29,NA,37,39,39,0.2493638121780668,0.03268413293172133
ENSG00000122873.11,CISD1,-0.1810456858490356,NA,0.8563317163676065,0.018580403575315534,0.17510148961493782,4.738096450581154e-09,NA,27,27,27,0.019691197566436874,0.1004395064572524
ENSG00000188385.11,JAKMIP3,0.18086059183435604,NA,0.856477001829561,0.03973169388702639,0.11098950696949936,8.163550455122003e-06,NA,23,26,26,0.015130592904288392,0.0940851668398151
ENSG00000269190.5,FBXO17,-0.18080024547855345,NA,0.8565243704213408,0.007008921715971524,0.08954599307824479,5.033581686558674e-05,NA,23,25,25,0.05732087430450946,0.08100746995607194
ENSG00000126262.4,FFAR2,0.18030354556924305,NA,0.8569142723269672,0.0025667627467869,0.035495910406396734,0.01382831574537235,NA,2,2,2,0.8264223496289504,0.06617992133854794
ENSG00000224714.2,RP11-179K3.2,-0.18019550891553365,NA,0.8569990840907128,0.019369119598250512,0.1260054312381206,1.6442803329585864e-06,NA,29,29,29,0.18096793053700455,0.042354540971417866
ENSG00000168807.16,SNTB2,0.18004709307840308,NA,0.8571155973230884,0.006313896254335943,0.0958773172012584,1.9803300222811177e-05,NA,20,20,20,0.19266489208111615,0.02489817162346928
ENSG00000161016.17,RPL8,-0.17998097727826573,NA,0.8571675022581161,0.015613820661145444,0.21209402234661448,1.5187054479680808e-10,NA,16,18,18,0.1163013801269315,0.05262342642291646
ENSG00000237494.1,RP11-753B14.1,0.17973832435377624,NA,0.8573580048930337,0.013099497519338577,0.12720038482572715,1.1749499308580707e-06,NA,12,12,12,0.8205572168388945,0.08912944203906295
ENSG00000133059.16,DSTYK,-0.17898218686181153,NA,0.8579516886613184,0.010157813463041157,0.0671001442690658,0.0005687349035057487,NA,51,52,52,0.028148128440076085,0.12069599668918375
ENSG00000125775.14,SDCBP2,-0.17897399816444648,NA,0.8579581184836191,0.015175954101186722,0.12872613850801615,1.4366102802983571e-06,NA,26,33,33,0.004822198795643601,0.16882561791127682
ENSG00000187486.5,KCNJ11,0.1786880560390837,NA,0.8581826481420771,0.00628357201355448,0.09200360846381626,3.016811657149245e-05,NA,6,6,6,0.4724915440408688,0.04949990018412967
ENSG00000077522.12,ACTN2,0.17851320534776996,NA,0.8583199513903537,0.043098185507661056,0.02792142983147876,0.02548823137587317,NA,76,76,76,0.029745874063171914,0.19633945275576495
ENSG00000129167.9,TPH1,0.17816565211561478,NA,0.8585928837522574,0.006696447521365908,0.0354573924316961,0.013790516162299494,NA,6,9,9,0.06023670386546144,0.2816347205068805
ENSG00000126249.7,PDCD2L,0.17791818508323304,NA,0.8587872290676694,0.0023194317563882045,0.02557924215151613,0.0340705298653933,NA,10,11,11,0.7099210009983351,0.03960803287134889
ENSG00000173517.10,PEAK1,0.17727632990995457,NA,0.8592913423096202,0.009471629551052104,0.07676617058384771,0.00020200749621762217,NA,24,25,25,0.007506388903370574,0.07602273823286278
ENSG00000242866.9,STRC,-0.17659977621380304,NA,0.859822769877334,0.08100300966658551,0.11252965115004876,4.637989927869802e-06,NA,66,67,67,0.0003309367664761867,0.5256461545077057
ENSG00000112031.15,MTRF1L,0.17505767743779027,NA,0.8610343131887921,0.07274469873471111,0.4032026145118631,1.082519780614855e-22,NA,8,8,8,0.5534320099455838,0.104860617989669
ENSG00000027847.13,B4GALT7,-0.1746190219198658,NA,0.8613790009003284,0.004505097438689149,0.1367858594426299,3.5862549278229367e-07,NA,12,17,17,0.3814386487025795,0.06023440064234651
ENSG00000112787.12,FBRSL1,0.17455808356152466,NA,0.8614268872697208,0.0026600598965841184,0.04549578860181407,0.0055436286423130535,NA,7,16,16,0.2687588954005192,0.04165523638068472
ENSG00000166130.14,IKBIP,-0.17453544236932092,NA,0.861444679222646,0.023928682649304242,0.2755375967766449,2.8395310174299605e-14,NA,16,16,16,0.22724846177064817,0.07762785784737405
ENSG00000188130.13,MAPK12,0.17378584086653384,NA,0.8620337724169829,0.00916200181867077,0.04889496559783559,0.003834575957680909,NA,18,18,18,0.007657244230469534,0.05527487918593324
ENSG00000159339.13,PADI4,0.17369533912529353,NA,0.8621049006851819,0.022385023367834905,0.20263592903908406,1.1531344206724241e-10,NA,15,19,19,0.46431148630246466,0.05111186985766645
ENSG00000015532.9,XYLT2,0.17366595737772558,NA,0.8621279929987009,0.010847774746707364,0.027755385318660904,0.029275427059041768,NA,23,24,24,0.0691618922011646,0.13313329753484848
ENSG00000153246.12,PLA2R1,-0.17363065745096354,NA,0.8621557368063962,0.007887525302275536,0.04665575983065398,0.0042136269853842645,NA,32,32,32,9.578520231630346e-13,0.14824726752839792
ENSG00000183793.13,NPIPA5,-0.17349352376439692,NA,0.8622635179810783,0.10628034147558485,0.3606289839185009,6.137651254771092e-19,NA,7,8,8,0.004226828255934763,0.4448605174992893
ENSG00000139354.10,GAS2L3,-0.1732151754788447,NA,0.8624822956347963,0.02322923969619604,0.12998754077536606,3.0078990716096486e-07,NA,23,25,25,0.10960481940894976,0.12193476058918988
ENSG00000134278.15,SPIRE1,-0.17300714188955807,NA,0.8626458138615262,0.1808104772497739,0.5292982673190582,2.9747939842914746e-32,NA,32,34,34,0.06110078480212468,0.2523208746408029
ENSG00000091640.7,SPAG7,0.1729920183659687,NA,0.8626577014587347,0.013459802640608753,0.05066602691977471,0.003037651911657762,NA,20,20,20,0.06610442556566204,0.07745434702486148
ENSG00000164078.12,MST1R,0.17292270285667477,NA,0.8627121861737205,0.019875857711917504,0.02695174830488109,0.03328400628019914,NA,18,19,19,0.016114643472655555,0.369583685709209
ENSG00000104825.16,NFKBIB,-0.17248294326053437,NA,0.8630578697067803,0.04193261710003118,0.3273132939391409,1.5001265779831413e-17,NA,20,20,20,0.23200355680304297,0.07846504682864734
ENSG00000168038.10,ULK4,-0.17241195818800856,NA,0.8631136716779477,0.027535729587465134,0.1562929411751726,7.351558360699391e-08,NA,28,31,31,0.7422914597101433,0.013376881335090232
ENSG00000171806.11,METTL18,-0.17228179023880802,NA,0.8632159995876355,0.030144809960690154,0.1501833958205288,9.015115134316149e-08,NA,55,55,55,0.33831212941968536,0.047751363779206975
ENSG00000196418.12,ZNF124,0.17201131982045437,NA,0.8634286297137984,0.06418710783340315,0.17836812635880653,2.108025122294569e-09,NA,18,18,18,0.2022629253378897,0.13055810333829712
ENSG00000130702.15,LAMA5,-0.17149322189191754,NA,0.8638359596417522,0.08270446971923112,0.2824222068642589,2.0813326263763973e-14,NA,47,49,49,0.00030193562504253615,0.0932684348020404
ENSG00000162971.10,TYW5,0.17112227720061732,NA,0.8641276195543762,0.0047105072351931905,0.038730637924898566,0.0084815895365499,NA,5,6,6,0.058878947468680054,0.13324414478688404
ENSG00000111186.12,WNT5B,0.17062519646155191,NA,0.8645184845365205,0.0041748659130616955,0.022517024073011985,0.0480020057778747,NA,15,16,16,0.11742156197111989,0.1125663847778171
ENSG00000167720.12,SRR,-0.16997520018794354,NA,0.865029640206354,0.06895437110014471,0.21780246106138426,7.144280211790452e-12,NA,23,23,23,7.955225785534698e-06,0.1969638323644616
ENSG00000123213.22,NLN,-0.1698657675033062,NA,0.8651157033942556,0.010149455123799288,0.030395544387757118,0.01971961340856474,NA,36,37,37,0.0028492097162713757,0.0762287437865137
ENSG00000152253.8,SPC25,-0.1695732065755193,NA,0.8653457953960765,0.009045257019929736,0.05231119121152452,0.0021813631332972447,NA,15,15,15,0.00017911519155764497,0.06397051166950601
ENSG00000170448.11,NFXL1,-0.16943720019840638,NA,0.8654527649674992,0.005565088225848052,0.04669068470525759,0.003188151794617145,NA,29,31,31,0.0021246468739170602,0.06839998368030188
ENSG00000157315.4,TMED6,-0.16931610142514827,NA,0.8655480117222301,0.15898671305675824,0.3775975069887313,4.419995084773612e-20,NA,23,23,23,0.0001773023865790641,0.5396888879240377
ENSG00000170667.14,RASA4B,-0.16887701369531233,NA,0.8658933799069093,0.029948188409025262,0.08919344473422923,5.727334870849379e-05,NA,10,10,10,0.0200380458235532,0.2285410755360164
ENSG00000010932.16,FMO1,-0.16881446557172622,NA,0.865942579750436,0.03813098395519619,0.14766431127240748,6.03041112684484e-08,NA,35,36,36,0.0003005339639617429,0.14153053771897978
ENSG00000110074.10,FOXRED1,0.16861742097516247,NA,0.8660975768172006,0.13948687007590865,0.4948462439799085,2.5906391083503796e-30,NA,71,75,75,0.0006793545689999728,0.10483146061988463
ENSG00000166126.10,AMN,0.16826770691242615,NA,0.8663726777478037,0.08886471618170368,0.10456219390628224,1.6101511047699242e-05,NA,87,90,90,0.00039964479295869236,0.3504564326324805
ENSG00000105877.17,DNAH11,-0.16808871873487236,NA,0.8665134842251996,0.07363247567938619,0.28669046294274964,2.5283346471958615e-14,NA,13,13,13,0.02282384225545071,0.15440745642659315
ENSG00000251226.1,RP11-469N6.1,-0.16769215587264816,NA,0.8668254675102558,0.09657860377280941,0.08328432945251135,0.00011957371255682812,NA,39,45,45,0.0009469519900496398,0.3972319312302787
ENSG00000120915.13,EPHX2,0.1673939009213033,NA,0.8670601238295814,0.014383818300408345,0.2455337776018319,3.965654463777053e-13,NA,29,30,30,0.015497520974133764,0.050163802567757605
ENSG00000198218.10,QRICH1,-0.16735628838348895,NA,0.8670897168602573,0.008118232055208223,0.1477955428083205,1.575338855784861e-07,NA,23,23,23,0.14408913912640825,0.08161774353451984
ENSG00000136521.12,NDUFB5,-0.16707263526349247,NA,0.8673128972549264,0.006140142528693145,0.1152628777091914,5.493195727532223e-06,NA,13,13,13,0.06016413507473628,0.08945229484176083
ENSG00000246523.7,RP11-736K20.6,-0.16665215905309502,NA,0.8676437505347234,0.011983731185845312,0.04271508557494959,0.006495545558811702,NA,25,26,26,0.005370646811310373,0.03446321337513553
ENSG00000168283.13,BMI1,-0.16607921864792122,NA,0.8680946081448069,0.0033781679864074224,0.06007285701043275,0.0009192780993420484,NA,7,7,7,0.4918859838735976,0.034614742568621085
ENSG00000122417.15,ODF2L,0.1659338005406268,NA,0.8682090472280772,0.004429193312207763,0.032917408220274225,0.017216667214882662,NA,13,13,13,0.03637966989730614,0.02594401619281393
ENSG00000131844.15,MCCC2,-0.16529598958116098,NA,0.868711015252753,0.0009104834048702122,0.08399262056584246,7.172362175633788e-05,NA,4,8,8,0.003445196187814815,0.038627880886486665
ENSG00000166526.16,ZNF3,0.16488962874681862,NA,0.8690308557234051,0.009240314091761218,0.051318962404817536,0.0031271748140285893,NA,24,24,24,0.0010159296819499568,0.06816997900486843
ENSG00000185761.10,ADAMTSL5,0.16422434234512392,NA,0.8695545388367413,3.2321936927894924e-06,0.04759431935294546,0.004399048977716685,NA,2,4,4,0.8454800487467793,0.0019457686750982888
ENSG00000251049.2,RP11-685F15.1,0.16418079967818194,NA,0.8695888156357559,0.00917032133628127,0.0684036210223299,0.000388179033928268,NA,15,16,16,0.10410671458136143,0.04547701884352282
ENSG00000163993.6,S100P,0.163889078835637,NA,0.8698184646778404,0.009808617388787662,0.0566435563198277,0.0017865896587815646,NA,13,15,15,0.19886308067506753,0.050855879563585164
ENSG00000140284.10,SLC27A2,-0.16382316599167193,NA,0.8698703542348432,0.008557512147952476,0.1684082117414354,2.175092131993666e-08,NA,20,21,21,0.17316248989675243,0.04448576214082052
ENSG00000272382.1,CTD-2035E11.4,-0.16323454775432258,NA,0.8703337658187806,0.024755920364721545,0.04716757538972189,0.004519846839402459,NA,62,63,63,0.08971944332179654,0.16217353946710952
ENSG00000134121.9,CHL1,0.16301170382482302,NA,0.8705092196129194,0.029813706120719666,0.09059509912397844,5.545129231935684e-05,NA,19,20,20,0.0456385104443331,0.07156669353147367
ENSG00000184470.20,TXNRD2,0.16255984848831778,NA,0.870865002654475,0.03367567923612996,0.22024295084432965,6.527345298268694e-11,NA,61,65,65,0.040528088858614225,0.04766483637347802
ENSG00000013583.8,HEBP1,0.16255352662284012,NA,0.8708699805670631,0.0035977663185011682,0.11601471729457613,4.916907812217183e-06,NA,9,9,9,0.514501913234674,0.03986263021914303
ENSG00000185043.10,CIB1,0.1622062052590845,NA,0.8711434734238459,0.02116076258296465,0.3078926334568365,4.182465237559843e-17,NA,8,8,8,0.4316010565864298,0.07040281438177776
ENSG00000120992.17,LYPLA1,0.1616004846222829,NA,0.8716204756559394,0.002921742928252642,0.02321788671890964,0.04534185026392675,NA,9,9,9,0.2223429637068075,0.1259430208411366
ENSG00000158445.9,KCNB1,0.16135916337469244,NA,0.871810528051762,0.06620652129412065,0.2888733578138585,1.0446389914315723e-14,NA,17,17,17,0.022570470991472733,0.16977497827504806
ENSG00000178149.16,DALRD3,0.16128502288979626,NA,0.8718689188303365,0.01070912556755359,0.058002144149748185,0.0013017981409331387,NA,26,27,27,0.6120267875655745,0.057396410899512834
ENSG00000272432.1,RP3-465N24.6,-0.1609656778512551,NA,0.8721204331934541,0.021657988699838884,0.0607508602698703,0.001121965612669102,NA,5,5,5,0.7315056681019638,0.20384349004956967
ENSG00000213903.8,LTB4R,0.16063864531287445,NA,0.8723780155878421,0.02034625922490037,0.20191694015099176,1.4890050664679257e-10,NA,11,12,12,0.03751602819680214,0.08739288971722145
ENSG00000184923.12,NUTM2A,-0.16050156389751802,NA,0.872485989785644,0.040455488135409244,0.2580791579844666,1.7463110055573902e-13,NA,15,21,21,0.15626585532569845,0.1719958207612839
ENSG00000260306.1,RP11-645C24.5,-0.16012267579456946,NA,0.8727844389373423,0.020364217469629048,0.10245718002561544,1.3099818287388754e-05,NA,16,23,23,0.3122791124379366,0.2356588647646295
ENSG00000282097.1,RP4-781K5.7,-0.15987544725029795,NA,0.8729791899694324,0.08126594385136594,0.29188320340617724,1.3170188535470656e-15,NA,20,23,23,0.08393287676280783,0.07537494938152367
ENSG00000138670.17,RASGEF1B,-0.15960775904360974,NA,0.8731900665107314,0.013901321669005906,0.02684707687245412,0.03377726155214189,NA,27,29,29,0.014536363302808001,0.05515783635393082
ENSG00000265494.1,RP11-131K5.2,-0.15959562328332869,NA,0.8731996269032685,0.017161786617347276,0.08826994991038009,7.284033442424643e-05,NA,34,37,37,0.021019442286644298,0.14994026658744866
ENSG00000102445.18,RUBCNL,0.15950971399603195,NA,0.8732673056407375,0.0027888849162926214,0.02475173424156996,0.04052669308827176,NA,14,17,17,0.0013688345483908433,0.05169129550828182
ENSG00000164647.8,STEAP1,0.15942673591710396,NA,0.8733326760732057,0.014421161028649019,0.04156589789700001,0.0045038550898676855,NA,63,63,63,0.0015735697730535404,0.07768528732854206
ENSG00000104804.7,TULP2,0.1592337133696716,NA,0.8734847432831427,0.1993022500467917,0.393818947069974,7.6203831453921015e-22,NA,13,14,14,0.6093464396963932,0.27889407917094305
ENSG00000198189.10,HSD17B11,-0.15872908659575483,NA,0.8738823209044368,0.0034460309072214938,0.04134036648631291,0.008642145477945444,NA,11,11,11,0.18874416428937046,0.06186967906071225
ENSG00000022556.15,NLRP2,0.15823046863079074,NA,0.8742751956779198,3.2270625965653295e-06,0.04324504615834117,0.006028139490246622,NA,1,2,2,0.8742751956779198,0.016947773052882472
ENSG00000198933.9,TBKBP1,0.1573230033654001,NA,0.8749902919322262,0.04132931015128351,0.27784411375534984,2.2092126989130332e-14,NA,10,10,10,0.47824747591398087,0.055646280595455636
ENSG00000104731.13,KLHDC4,0.15727734871530483,NA,0.8750262711842813,0.008395257893621867,0.029814602045281306,0.02431427195586237,NA,11,12,12,0.1291062009797184,0.05430493874819793
ENSG00000267534.2,S1PR2,0.15666881122629955,NA,0.8755058685247376,0.028824873872614107,0.2225214994280131,5.2135312136510814e-11,NA,10,12,12,8.405921112170093e-07,0.15430889075424048
ENSG00000092758.15,COL9A3,0.15660032003869326,NA,0.8755598503025932,0.011289355572485907,0.23018536544220786,3.7836477383566496e-12,NA,28,31,31,0.014942449579454838,0.10139628941610077
ENSG00000205209.7,SCGB2B2,0.1554656941820633,NA,0.8764541971560638,0.0032375014316121348,0.05213673048610282,0.002613403156902725,NA,9,10,10,0.701517153522933,0.03554693879829597
ENSG00000117640.17,MTFR1L,0.15542800274922322,NA,0.8764839094117172,0.005425993787000207,0.03123309946718905,0.021340843977420844,NA,45,48,48,1.5946821430432696e-05,0.046847030757545205
ENSG00000002919.14,SNX11,-0.1553969473550793,NA,0.8765083905914051,0.00815380666626088,0.10216993882802647,1.7757397946013964e-05,NA,46,46,46,0.14845599579238122,0.01556959305651426
ENSG00000111879.18,FAM184A,-0.1548229955059389,NA,0.8769608620058409,0.11286022890813849,0.4655842859126245,3.5272989595894953e-28,NA,14,14,14,0.7798547291553048,0.04144420868442067
ENSG00000189164.14,ZNF527,0.15479892539714163,NA,0.8769798384077493,0.0028792203777398243,0.03907867480225052,0.009940953204849426,NA,4,4,4,0.5993820551194957,0.14288161316732972
ENSG00000135226.17,UGT2B28,-0.1547506913236109,NA,0.8770178654185452,0.057737906937473375,0.15353172128183235,6.046226910199117e-08,NA,26,27,27,0.11452019442738627,0.08948733150692569
ENSG00000175489.9,LRRC25,0.15463070712650556,NA,0.8771124603677798,0.0006412918193166488,0.03863515322637348,0.010285248172475277,NA,6,7,7,0.14872690233007604,0.0292176783771048
ENSG00000099330.8,OCEL1,-0.15456423519921522,NA,0.8771648672629901,0.0257455414019603,0.235821534658628,1.0948489595946744e-11,NA,42,45,45,0.01775589542577094,0.10541011557517936
ENSG00000225783.6,MIAT,-0.15433374609680797,NA,0.8773465905234772,0.022477833607684,0.13880435845233755,4.2148088911622185e-07,NA,13,13,13,0.006742286285166097,0.1957074105159055
ENSG00000156931.15,VPS8,-0.15391504299390632,NA,0.8776767228486713,0.025086395526338484,0.13722168016383351,3.62429813181164e-07,NA,29,31,31,0.02582349760522243,0.13848865107453384
ENSG00000260911.2,RP11-196G11.2,0.15389184082435325,NA,0.8776950175468734,0.028663137100422006,0.11909362146623145,4.292222100399986e-06,NA,74,75,75,0.07629189923043375,0.1338926739538092
ENSG00000165280.15,VCP,-0.1537247024649412,NA,0.8778268065421397,0.000876707603256313,0.02963264836231775,0.025544854902655557,NA,8,8,8,0.19375040270291,0.010319405348246342
ENSG00000108861.8,DUSP3,-0.15325136280891627,NA,0.8782000543524288,0.0028853562718215136,0.04755320242469111,0.0035006348609743308,NA,10,10,10,0.23138489261570327,0.09247571547118856
ENSG00000115525.17,ST3GAL5,0.1528722022181727,NA,0.878499057626825,0.030454748394967406,0.075342969149839,0.0001388151292160991,NA,38,41,41,0.016835695748197176,0.14734287002852414
ENSG00000100209.9,HSCB,-0.15268478046750142,NA,0.8786468634550271,0.006847729858197792,0.13137003083543292,4.795623573480643e-07,NA,25,25,25,0.4808078725970758,0.04765427003346154
ENSG00000152669.8,CCNO,0.15258250500414114,NA,0.8787275224175344,0.018212660337232657,0.09085008645845144,6.05351720016201e-05,NA,29,29,29,0.06079337953050106,0.09544790595757167
ENSG00000155158.20,TTC39B,-0.15245402140776343,NA,0.8788288520588731,0.04846731775532105,0.18525690125652047,2.9813558570323517e-09,NA,17,21,21,0.0006945391386730354,0.18757856366627285
ENSG00000186204.14,CYP4F12,0.15206407496201935,NA,0.8791363986659155,0.015077762556765094,0.2112900620657046,1.6588541233343012e-10,NA,54,62,62,0.08142241784783646,0.0511120810522468
ENSG00000150672.16,DLG2,0.15182131788135922,NA,0.8793278678024542,0.0065072349150949,0.04673945820633574,0.004300950047164606,NA,20,20,20,0.16969720087015894,0.04403286092665299
ENSG00000180884.9,ZNF792,-0.1512316164228291,NA,0.8797930108113982,0.025595051171730072,0.023956029595836544,0.04210754290129819,NA,30,31,31,0.003135694010250015,0.28229330003655784
ENSG00000087157.18,PGS1,-0.1509638281089146,NA,0.880004249808159,0.003820371992643532,0.04528117652281475,0.005331095881229224,NA,9,11,11,0.0012727334268105238,0.10380736757163693
ENSG00000250436.1,RP11-622A1.2,-0.15076598956346401,NA,0.8801603159348437,0.008718224260039771,0.0930604802381415,2.5981023109385754e-05,NA,34,35,35,0.10271827259426335,0.10008702958864656
ENSG00000057019.15,DCBLD2,-0.15046718453508862,NA,0.8803960389019373,0.0032186974446216615,0.03015827945252068,0.02418032623127823,NA,9,9,9,0.00019455724609105537,0.08927684676119911
ENSG00000167216.16,KATNAL2,0.14985383753752377,NA,0.8808799326640333,0.0025064626750209516,0.03824059107627553,0.010464861488428862,NA,8,8,8,0.007365424350844795,0.05846534689737965
ENSG00000061918.12,GUCY1B3,-0.14945791205197828,NA,0.8811923176093117,0.0022310631200211347,0.0453527026834126,0.005575079288403236,NA,4,4,4,0.009976066664937805,0.05019254017122205
ENSG00000064787.13,BCAS1,-0.14914401362789012,NA,0.8814399963975641,0.023442239513481733,0.07122024733002617,0.0003576924575374857,NA,21,24,24,0.032329795427768586,0.13791044267990346
ENSG00000042317.16,SPATA7,0.1488907805005054,NA,0.8816398162192626,0.01856670297073148,0.19019707129580488,7.962650535214546e-10,NA,14,14,14,0.00024020202742604807,0.04938202644960056
ENSG00000143195.12,ILDR2,0.14881146515358815,NA,0.881702403492748,0.01876455047563126,0.0716988115072792,0.00037451986135106754,NA,22,22,22,0.06728411136715322,0.1003858962942468
ENSG00000115364.13,MRPL19,-0.1487500015880578,NA,0.8817509045386522,0.016358320170401765,0.22306158656846264,1.7259697020294272e-11,NA,17,17,17,0.4946392914674552,0.05923623055373145
ENSG00000272398.5,CD24,-0.14826902169063783,NA,0.882130462219254,0.007589770055175558,0.056135542178820684,0.0017831266915514547,NA,19,20,20,0.06949355039881217,0.1083383953013781
ENSG00000137960.5,GIPC2,0.14784953481368343,NA,0.8824615157571065,0.0032650331189113253,0.14312649055235316,3.1302792324608914e-07,NA,27,27,27,0.2775179848291568,0.06917168491711483
ENSG00000205464.11,ATP6AP1L,0.1474039553784238,NA,0.8828131836865968,0.0413945742477456,0.4037446843855812,2.806499636643723e-22,NA,24,24,24,0.14056776502779755,0.040689114454179484
ENSG00000172795.15,DCP2,-0.1466982544918071,NA,0.8833701964129477,0.04556521371260909,0.1364779238857367,6.87357395214599e-07,NA,78,80,80,0.04208124433993638,0.3335971661394547
ENSG00000078618.21,NRDC,0.1465897533654903,NA,0.8834558419373286,0.01999945588954677,0.1410353836012533,3.510053629028561e-07,NA,22,23,23,0.0929533366502415,0.2756638872681742
ENSG00000176915.14,ANKLE2,-0.14637660375114422,NA,0.8836240958660253,0.0038654012808827755,0.07557961572119118,0.00028396582557342983,NA,2,3,3,0.8681423788568371,0.05383114999042801
ENSG00000118972.1,FGF23,0.1461871150653077,NA,0.8837736769737178,0.059559355841867806,0.0293928783077112,0.024463611751628863,NA,103,116,116,0.011581895739915296,0.1909881875866466
ENSG00000138035.14,PNPT1,-0.1456446986388708,NA,0.884201879780219,0.0009270445961750323,0.049571518171747264,0.0031542478359428104,NA,3,3,3,0.7772107913519226,0.023008482861310048
ENSG00000148719.14,DNAJB12,0.1454008059474313,NA,0.8843944283723615,0.0028844694921231102,0.027993763603360537,0.02592025583635128,NA,12,12,12,0.5491875269313573,0.026736945760420176
ENSG00000129925.10,TMEM8A,-0.14536680647532746,NA,0.8844212708446483,0.007377181008289984,0.13783634625357918,4.652517316158661e-07,NA,13,15,15,0.4421948099329004,0.07449941638315928
ENSG00000228697.2,RP5-968D22.3,-0.1451986653311604,NA,0.8845540196791,0.006222136111606557,0.08549699841040577,0.00011632695468212715,NA,11,11,11,0.016551293217683047,0.060040425488868274
ENSG00000065268.10,WDR18,-0.14440635613195726,NA,0.8851795979509005,0.12896868927273875,0.4255460371007255,1.7483609588709907e-24,NA,15,16,16,8.960528478061674e-15,0.3866180805002537
ENSG00000059573.8,ALDH18A1,-0.14439697784026076,NA,0.8851870031353128,0.042720695602798384,0.3024777549046232,2.474326156156567e-15,NA,47,47,47,0.19979750555883324,0.058192086446353423
ENSG00000197147.13,LRRC8B,0.1443707056955495,NA,0.8852077479130959,0.015854993220497823,0.1308626504514259,1.2391457096427765e-06,NA,29,30,30,9.95877821892796e-06,0.04721118401790148
ENSG00000198836.8,OPA1,-0.14427280573777468,NA,0.8852850515018325,0.005932874046187346,0.10286030610271954,1.7531378561770993e-05,NA,19,20,20,0.06963955856088186,0.08581921583708409
ENSG00000080618.13,CPB2,0.14398690074433015,NA,0.8855108135367288,0.003983856123992295,0.13481705520132498,7.065470251152737e-07,NA,44,49,49,0.01704523673691516,0.06990345803698879
ENSG00000271079.1,CTAGE15,-0.14365012803109037,NA,0.8857767546808444,0.05906651725377133,0.08730957916633107,4.755463377223765e-05,NA,29,30,30,0.06967326449620816,0.2348373187211977
ENSG00000117643.14,MAN1C1,-0.14355866761242347,NA,0.8858489809509279,0.01615397903467016,0.12529399649767298,1.7274569659771233e-06,NA,15,17,17,0.03156233660314685,0.0673455320426412
ENSG00000127366.5,TAS2R5,-0.1434010858794077,NA,0.8859734254308786,0.013001686444592426,0.02817686356336468,0.027552197711284025,NA,11,14,14,0.44600705705274346,0.044596059125656666
ENSG00000174891.12,RSRC1,-0.14308482347845952,NA,0.8862231907174124,0.00209408079903459,0.029173439266196574,0.025790794892037432,NA,14,15,15,0.0002844162190440568,0.025169344005598043
ENSG00000173193.13,PARP14,-0.14253621070357378,NA,0.8866564793430036,0.006096269541738855,0.05255132641838922,0.0025243841062533444,NA,9,10,10,0.670923417799063,0.031251751560865765
ENSG00000138668.18,HNRNPD,0.1421050174047423,NA,0.8869970550835,0.008447167959641441,0.09292195639625588,4.153012158855898e-05,NA,67,68,68,0.013138843740054036,0.07921739834710334
ENSG00000251615.3,RP11-774O3.3,0.1420211030858234,NA,0.8870633367911184,0.034440973547877694,0.18729860909420204,1.5828741804390354e-09,NA,15,18,18,0.2944782153506543,0.10956380236147027
ENSG00000152439.12,ZNF773,-0.14190261893589418,NA,0.887156925641595,0.02382415447909162,0.1045413836240319,1.1694994216205168e-05,NA,22,23,23,0.3793481753967882,0.0626730304217147
ENSG00000157045.8,NTAN1,0.14139527734793897,NA,0.8875576849203995,0.01598356866426841,0.06314920139699078,0.0008750234114240953,NA,12,13,13,0.2980344697711488,0.0768755962677749
ENSG00000127463.13,EMC1,-0.14130730690834006,NA,0.8876271774596257,0.013638069950611922,0.1052705858538842,1.6292173077007197e-05,NA,34,34,34,0.010980740712099394,0.1051547288114894
ENSG00000162415.6,ZSWIM5,-0.14033787392649907,NA,0.8883930413412825,0.003516878046973208,0.030652400189404624,0.02038770276249077,NA,8,8,8,0.6224608297877886,0.019059900130367388
ENSG00000183605.16,SFXN4,0.14032050679013602,NA,0.8884067625430672,0.08169306080921634,0.3265100500714139,4.3719835718359726e-17,NA,53,55,55,1.1795635108224247e-07,0.2162603548601248
ENSG00000198794.11,SCAMP5,0.14013141501444257,NA,0.8885561598831764,0.14047063742756385,0.4698849730955025,1.7884380914200023e-29,NA,16,16,16,0.24031285012189407,0.08206775721562125
ENSG00000112079.8,STK38,-0.13994223341960435,NA,0.888705632149016,0.02144114991369666,0.1737399637179547,9.715306020021547e-09,NA,62,62,62,0.37997683084723166,0.02423757396088817
ENSG00000272369.1,RP11-446N19.1,0.13928516035366295,NA,0.8892248158961957,0.01408730460256371,0.06378983780566236,0.000901839985282034,NA,24,24,24,0.5299283742368622,0.12343893806017392
ENSG00000148483.8,TMEM236,0.13900993301428777,NA,0.8894422998493424,0.020499142812351837,0.09892618597870813,2.1116021846690712e-05,NA,17,20,20,0.00016945147016456805,0.1333986295548785
ENSG00000105255.10,FSD1,0.13898870549274359,NA,0.8894590741294572,0.0029436752463871717,0.04141251596245859,0.0069722349444176395,NA,4,4,4,0.2429521643906919,0.042889160803421415
ENSG00000169894.17,MUC3A,0.13871211397737335,NA,0.8896776450782187,0.27273237214650686,0.4759241586167417,1.744238164395989e-27,NA,23,23,23,0.28826976445661034,0.09326968634321328
ENSG00000005421.8,PON1,0.13869384128031956,NA,0.8896920850094463,0.03342342149042128,0.3529803926414693,1.3394968994190062e-18,NA,19,19,19,0.2825838155934798,0.16131313735631345
ENSG00000167065.13,DUSP18,0.13861013540882172,NA,0.8897582337323617,0.014809994476797378,0.061936666127350576,0.0008734589032172986,NA,6,6,6,0.6220954937446523,0.1411942014677633
ENSG00000050327.14,ARHGEF5,0.13841840859019186,NA,0.8899097491040819,0.003650696635353074,0.03561212878137575,0.014212232018253772,NA,16,17,17,3.9538238862679894e-10,0.032801756084489146
ENSG00000243725.6,TTC4,0.13841176999451088,NA,0.8899149954390221,0.023835053042516787,0.18704872503599945,6.454513073198045e-10,NA,22,23,23,0.3362519165360155,0.09960223109138276
ENSG00000041802.10,LSG1,0.13794844359716607,NA,0.8902811639116466,0.059149371493482435,0.4217156073890913,1.7294237939616413e-23,NA,12,12,12,0.06869740501345473,0.2428848841667081
ENSG00000102452.15,NALCN,-0.13788510390243258,NA,0.8903312233141618,0.0029716786751184596,0.04788558751474306,0.004542072986170688,NA,9,9,9,0.005015122986680711,0.028427597593115174
ENSG00000142102.15,PGGHG,-0.1377763238431884,NA,0.8904171967216039,0.005709073989982616,0.09324330447011224,4.485701451109002e-05,NA,4,8,8,0.16662290282264414,0.06329580388878121
ENSG00000187105.8,HEATR4,-0.1374738200118855,NA,0.890656284858185,0.04597908745688267,0.1917265586888432,2.9430315679835393e-10,NA,25,27,27,4.446094322716231e-07,0.14016092591858642
ENSG00000259803.6,SLC22A31,-0.13701171051470715,NA,0.8910215387552646,0.1037233877952965,0.337269900877449,8.113964552657986e-18,NA,34,34,34,0.0010674335927496875,0.2691660608201765
ENSG00000274695.1,RP11-21K12.3,-0.13625266214978315,NA,0.8916215449285031,0.05021359886530538,0.17084927536113054,6.254390826416478e-09,NA,34,39,39,0.025007552677962078,0.11124394136145634
ENSG00000250266.1,LINC01612,-0.1349913683269542,NA,0.8926186989404425,0.0291059351060073,0.10759443301373613,1.2640924053873356e-05,NA,51,54,54,0.00517674988133677,0.24282731463107926
ENSG00000176532.3,PRR15,0.13493551506650026,NA,0.8926628593636093,0.08519523138077117,0.15742873093239718,4.8028795979215897e-08,NA,74,81,81,0.00018591604144296302,0.4221178325520149
ENSG00000170260.8,ZNF212,-0.13490512967109677,NA,0.8926868837395533,0.002923020992111296,0.0831465593284077,0.00012202072297621867,NA,1,1,1,0.8926868837395533,0.07609389215896359
ENSG00000147874.10,HAUS6,0.1346488232341936,NA,0.8928895377161282,0.004417668600353041,0.026338760051371046,0.03508197384806494,NA,6,6,6,0.5520468653078736,0.03853445510682807
ENSG00000085265.10,FCN1,-0.13443276104293822,NA,0.893060377182394,0.022733823132319,0.04361077423404744,0.005957161565591067,NA,39,47,47,0.18339641058730494,0.2324879616991223
ENSG00000108179.13,PPIF,0.13421674967334926,NA,0.8932311814246788,0.029208873995837152,0.2733414927635711,2.4687646573268124e-14,NA,11,11,11,0.3260044852717835,0.11521358664638708
ENSG00000140092.14,FBLN5,0.13400972642043232,NA,0.8933948832418904,0.0042439603238436634,0.04046726279163858,0.008415991760604462,NA,27,28,28,0.02807219808521011,0.04969963981237808
ENSG00000163521.15,GLB1L,-0.13396152995999147,NA,0.8934329948212631,0.007848961503032135,0.024569614332361243,0.04369844432005171,NA,14,14,14,1.19703049810485e-08,0.08739765856324251
ENSG00000110871.14,COQ5,0.13379499616305177,NA,0.8935646841034601,0.011335512197725219,0.07170588113230174,0.0002130182651348491,NA,52,53,53,0.007919201235981782,0.08011318683832483
ENSG00000067167.7,TRAM1,0.13346851619376865,NA,0.8938228619091455,0.0057242903827792214,0.04151412009375032,0.0075353259516791485,NA,46,49,49,0.00031600642497982083,0.060723667855701886
ENSG00000151353.14,TMEM18,0.13318091734015475,NA,0.8940503021539558,0.031332244136963706,0.1505999257277891,1.1641940977971182e-07,NA,32,34,34,0.3245642236994789,0.11511285179393
ENSG00000185522.8,LMNTD2,0.13302703438611824,NA,0.8941720001564992,0.016606625304592518,0.0712058205222908,0.00033016177952952853,NA,16,16,16,0.0016228636918893043,0.17886130488177726
ENSG00000183287.13,CCBE1,0.13289790318197164,NA,0.8942741252135185,0.005698540092656965,0.027263494091143682,0.01998582928127933,NA,30,33,33,0.0006255238468173859,0.3313066575760525
ENSG00000005882.11,PDK2,0.13284923857327388,NA,0.8943126126937436,0.003502532981577121,0.04134777542722682,0.007207284709414373,NA,10,10,10,0.3850953987144855,0.024081340725760302
ENSG00000110900.14,TSPAN11,0.13261079141124182,NA,0.8945011974911841,0.02100264728178593,0.07511586728324625,0.00028785651273643487,NA,29,29,29,0.11216903329415198,0.1846764314686105
ENSG00000066230.10,SLC9A3,-0.13212401748653146,NA,0.8948861992365774,0.13556815963451083,0.2970731441746936,2.917599967222445e-15,NA,37,42,42,0.004530042180931982,0.3651197910122776
ENSG00000124587.13,PEX6,-0.13210769569162809,NA,0.894899108984422,0.1325468390223287,0.4562904115382142,1.9120333009905156e-26,NA,46,56,56,0.008835130468167354,0.5422920471085897
ENSG00000271324.1,RP11-10C24.2,-0.13208343518266855,NA,0.8949182979213404,0.013434799144939523,0.08499137487491283,8.982598971497117e-05,NA,16,18,18,0.08915506880353018,0.06516223085342934
ENSG00000259207.7,ITGB3,0.13160655090026613,NA,0.8952955037314356,0.023023716641219983,0.03489754488578626,0.011262020186318831,NA,38,47,47,1.7848219931263206e-05,0.2680833466320656
ENSG00000131899.10,LLGL1,0.1315921588435643,NA,0.895306887925283,0.00669948306763501,0.12979586503733784,9.841980880054209e-07,NA,15,15,15,0.11176640102666979,0.019572481958346828
ENSG00000187994.13,RINL,0.131543588413016,NA,0.8953453075548408,0.024622799816903906,0.17068212346052922,1.1483691607170228e-08,NA,12,12,12,0.17469850216331184,0.09583133278305486
ENSG00000162961.13,DPY30,0.1314525237220474,NA,0.8954173411724553,0.011207366543087717,0.039751196807971054,0.007537942262780477,NA,55,59,59,0.03948007862684303,0.13362366946279805
ENSG00000175213.2,ZNF408,0.1314188716094728,NA,0.8954439607464848,0.0377829888042984,0.08946692493908934,8.018763885462607e-05,NA,60,62,62,8.481352913407064e-06,0.07736742538167721
ENSG00000276850.4,CH17-360D5.2,-0.13128303049232798,NA,0.8955514153060982,0.04473771410882081,0.170059342376804,1.3108333745373984e-08,NA,34,46,46,0.0006299679490418382,0.13303673548309886
ENSG00000124564.17,SLC17A3,0.13075759822251393,NA,0.8959670666401569,0.0007063916589218587,0.17617193882297538,1.0868012403776074e-08,NA,16,81,81,0.5346277085737716,0.07551876706173717
ENSG00000213462.4,ERV3-1,0.1297343071836619,NA,0.8967766387278817,0.016531833361855024,0.04687520689576466,0.0047219417505848325,NA,46,48,48,0.0012619456390832726,0.14514962477904916
ENSG00000106976.20,DNM1,-0.12944455799038027,NA,0.897005892056682,0.06048184396804324,0.17841397842600962,4.3280100736837905e-09,NA,30,36,36,0.012405963994615531,0.38934245104814896
ENSG00000077458.12,FAM76B,-0.12943307748384572,NA,0.8970149757599352,0.005869095550071392,0.03340302894473795,0.012767419550819894,NA,15,15,15,0.3313940988879731,0.07577346725781271
ENSG00000068097.14,HEATR6,0.12913536525159452,NA,0.8972505388545227,0.016107848243426877,0.14854571113499432,1.6325987786494152e-07,NA,10,11,11,0.4174732333661121,0.11550723215989217
ENSG00000189068.9,VSTM1,0.1291057080369163,NA,0.8972740054517345,0.038448832791760486,0.09553395613323884,4.228082226103848e-05,NA,20,32,32,0.001546584344736586,0.1239032473856638
ENSG00000120341.18,SEC16B,0.12888839370708124,NA,0.8974459605447973,0.04784590651525536,0.23744468349779926,5.7416333192543965e-12,NA,61,64,64,0.00015024598042775726,0.18764282807843646
ENSG00000260804.3,LINC01963,-0.1278723780642583,NA,0.8982499706741615,0.02236340905325347,0.19502581167323416,2.1011929460720443e-10,NA,12,12,12,0.05642208560706641,0.15057619783668244
ENSG00000100505.13,TRIM9,-0.12716707708076921,NA,0.8988081624709384,0.06075641507808037,0.2995513538240179,1.9733439773182712e-15,NA,8,8,8,0.03687838240586599,0.3035593789016197
ENSG00000254521.6,SIGLEC12,0.12716115462170574,NA,0.8988128498567751,0.039680353294543835,0.18153923477205933,5.431926185809788e-09,NA,23,25,25,0.009409000969467103,0.08860299158474906
ENSG00000239704.10,CDRT4,-0.1269611866119556,NA,0.8989711184865327,0.028000734790363795,0.10154299978966967,1.680830049762881e-05,NA,56,59,59,0.002979624735368795,0.08740980427785018
ENSG00000169607.12,CKAP2L,-0.12649224703294357,NA,0.899342285725049,0.007681719514380394,0.02633013090497217,0.036311483520794614,NA,52,52,52,0.0003058238627629574,0.06222760829393693
ENSG00000164695.4,CHMP4C,-0.1257215452204051,NA,0.8999523465669187,0.05428392653018038,0.3786791580049033,4.3116983247758843e-20,NA,39,40,40,0.21225150525545255,0.6115121948136223
ENSG00000070413.19,DGCR2,0.12535157119962526,NA,0.9002452262003126,0.01299190666730678,0.04024830336487141,0.009245998031937779,NA,31,34,34,0.2559015729207663,0.06901701781702026
ENSG00000196151.10,WDSUB1,0.12527185233635682,NA,0.9003083351990889,0.011739517096063436,0.0951131781276861,4.2139888330972026e-05,NA,3,4,4,0.8646531111400848,0.058930496773571366
ENSG00000269973.1,RP11-95D17.1,0.12507956189041256,NA,0.9004605634637112,0.005848766254236913,0.029843900350476776,0.02491947107410999,NA,12,13,13,0.403302646150554,0.030948230262355325
ENSG00000001460.17,STPG1,-0.12507728176876934,NA,0.900462368562165,0.0069915927529732545,0.025183123048325474,0.038409673528331925,NA,13,15,15,0.48023467601452585,0.14978562496081396
ENSG00000172482.4,AGXT,-0.12474229492259545,NA,0.9007275723871007,0.006700202480336406,0.035007814352914286,0.012912462300448542,NA,41,44,44,0.015210812616888333,0.05553419976553412
ENSG00000253764.1,RP11-439C15.4,0.12443041585577398,NA,0.900974492108623,0.019429957622213334,0.20671912064285192,1.6160227588505125e-10,NA,27,27,27,0.002332377247440573,0.11307514385308405
ENSG00000128604.19,IRF5,0.12397528866612299,NA,0.9013348408837285,0.046097377104073675,0.1946277621084244,1.1709751751000294e-09,NA,29,31,31,2.4868699936568806e-06,0.16506206978616472
ENSG00000104044.15,OCA2,-0.12370925094467385,NA,0.9015454867362432,8.734809508594903e-05,0.07875812633164381,0.00010486315736920296,NA,3,10,10,0.36059898408378677,0.03616640126494355
ENSG00000000460.16,C1orf112,-0.12370218284787309,NA,0.9015510832750988,0.023765008793800703,0.2425385038878687,4.348849824884112e-12,NA,54,54,54,0.048050955766211746,0.016265748850985823
ENSG00000138621.11,PPCDC,0.12365630448327022,NA,0.901587410011718,0.027058274109232852,0.22717848725219064,2.3821354104261545e-11,NA,15,15,15,0.018825643708463968,0.0615161936802292
ENSG00000184903.9,IMMP2L,0.12364943330154365,NA,0.9015928506682271,0.002213701840241814,0.02846938209993475,0.0230002972578204,NA,8,8,8,0.36776574198173206,0.022562322763339228
ENSG00000172638.12,EFEMP2,0.1232424046422823,NA,0.9019151474462487,0.005842046440491765,0.08442160126616963,0.00012595375623873116,NA,10,10,10,0.11344443820047054,0.05638873814966599
ENSG00000040487.12,PQLC2,-0.12307340667825702,NA,0.9020489695560217,0.010621235343121012,0.09262098446143968,4.9675479856847794e-05,NA,15,16,16,0.07457869801702828,0.05814325041827501
ENSG00000008517.16,IL32,-0.12300283677869259,NA,0.9021048516026569,0.018922735831945262,0.10118560547041808,1.7057700810603725e-05,NA,38,41,41,0.020257698695858355,0.19251957448288728
ENSG00000163312.10,HELQ,-0.12125015028729273,NA,0.9034929029148154,0.016662615723603294,0.02267926289088354,0.04746155319077331,NA,44,45,45,0.03141251523320778,0.1257320920667798
ENSG00000145365.10,TIFA,0.1210372707127842,NA,0.9036615144354041,0.006792578383089045,0.060733076854251736,0.0012190339270563295,NA,8,8,8,0.3037101134196992,0.06501267779353799
ENSG00000197272.2,IL27,-0.12074261951233124,NA,0.9038949004364837,0.0669973626966666,0.4618903535442092,3.031012532379073e-26,NA,51,53,53,0.08759906574364533,0.18641525131205705
ENSG00000185989.10,RASA3,0.12071288640989603,NA,0.90391845176043,0.02777255712454731,0.15290929276804366,1.1574555637897027e-07,NA,14,18,18,0.3400689210242217,0.058452690577607436
ENSG00000149179.13,C11orf49,-0.12060359378071278,NA,0.904005022198694,0.03834938971911183,0.12399489595217585,1.8558570926321999e-06,NA,26,26,26,0.0007369938789462109,0.13286208114982173
ENSG00000165424.6,ZCCHC24,-0.12009751717490103,NA,0.904405899164364,0.012985829218412305,0.16451220112925727,1.7599713778297994e-08,NA,5,6,6,0.0003868504273440475,0.0639087253503754
ENSG00000185480.11,PARPBP,0.12006010383539753,NA,0.9044355362508523,0.003453063119614379,0.0716395900995781,0.00046659752497907244,NA,3,3,3,0.8974430326419607,0.11194616321832496
ENSG00000072840.12,EVC,0.11963134387858286,NA,0.904775189201237,0.10957122815995354,0.2081663623097203,1.2968798401627234e-10,NA,76,81,81,2.7435266851818263e-07,0.13339712996225606
ENSG00000158623.14,COPG2,-0.11942512129868356,NA,0.9049385597975077,0.02800981428270946,0.1009281407329314,2.2772727060878633e-05,NA,66,73,73,4.654024430799754e-06,0.1342212000435121
ENSG00000171357.5,LURAP1,-0.1192276155370598,NA,0.9050950286573203,0.18139344069143354,0.39811696878345615,9.51288309230561e-22,NA,21,22,22,0.04495923716425491,0.8321861786573961
ENSG00000126246.9,IGFLR1,-0.11892265445755011,NA,0.9053366334637312,0.0070899034643235785,0.06063647210558284,0.0011963605574171205,NA,27,28,28,0.0032330854046170926,0.044953293639478066
ENSG00000010278.12,CD9,-0.11889228331073465,NA,0.905360695424304,0.003158413370776722,0.0511875306821338,0.0028565840478501662,NA,11,12,12,0.0841222004359719,0.013445213500837758
ENSG00000125901.5,MRPS26,0.11825310184064557,NA,0.9058671158948433,0.01673637945952434,0.12609794050202075,2.0392525580446803e-06,NA,24,25,25,0.002009759021208471,0.05132888821447716
ENSG00000174788.9,PCP2,-0.11743959288337932,NA,0.9065117105494317,0.0038649830040703367,0.05040780589555013,0.0032368022420012736,NA,17,22,22,0.14435950031474337,0.03554425277477327
ENSG00000183891.5,TTC32,-0.11680038535576757,NA,0.9070182383732269,0.052421235989447756,0.2317658184996149,8.89501602767078e-12,NA,17,18,18,0.37676478148124837,0.09658073480081736
ENSG00000124215.16,CDH26,0.11641096338993868,NA,0.907326846940179,0.004790335912533444,0.027348536864904058,0.027945288852356347,NA,20,22,22,0.018144474077537272,0.03973427155174731
ENSG00000065320.8,NTN1,0.11598474550500365,NA,0.9076646315190569,0.044102531556832594,0.24123698845612335,5.6512454374113495e-12,NA,37,37,37,0.00014492779834817039,0.2516543290386728
ENSG00000239839.6,DEFA3,-0.1157783738012667,NA,0.9078281904415412,0.06501268129651244,0.08664494261642347,8.497020391506816e-05,NA,44,49,49,0.0017150108182201595,0.23471229201005
ENSG00000169507.9,SLC38A11,0.11548697555578215,NA,0.9080591434028051,0.006435163792445728,0.03704704654591135,0.01269075875316013,NA,31,31,31,1.7172510960261513e-09,0.058540356475882085
ENSG00000124226.10,RNF114,-0.11524476846199563,NA,0.9082511149409831,0.025137450317771814,0.04038957994203513,0.008321749276422428,NA,33,35,35,4.240861769038622e-05,0.11053542427397743
ENSG00000170892.10,TSEN34,-0.11427379054713772,NA,0.9090207584911201,0.005831922167502283,0.08459220562947757,0.00012438722038775012,NA,16,17,17,0.7875365134253968,0.0579849236810876
ENSG00000117425.13,PTCH2,-0.11419443022041428,NA,0.9090836670679531,0.006487573623574843,0.034431971124190865,0.015628439724839654,NA,19,19,19,0.0002064508828574598,0.1292065483955664
ENSG00000177455.12,CD19,0.11412903793911836,NA,0.9091355036659544,0.01301483433286007,0.04339148799804594,0.006971685743817864,NA,11,11,11,8.788360989787451e-06,0.3045443199869235
ENSG00000137076.20,TLN1,0.11409899273097747,NA,0.9091593206949411,0.003880871943186528,0.15223147530549938,1.1946539460923678e-07,NA,13,14,14,0.14045290518602002,0.016737463380598082
ENSG00000116406.18,EDEM3,-0.113895848002028,NA,0.9093203569643163,0.0015897098796020274,0.03685862138942779,0.01020630125058885,NA,18,18,18,0.16217808531455968,0.007301448050241749
ENSG00000163918.10,RFC4,-0.11357478690222791,NA,0.9095748751344785,0.008177556158850161,0.052810116471948436,0.0015911492663750106,NA,12,12,12,0.0004320451837305024,0.0237247836214989
ENSG00000163576.17,EFHB,0.11350645259397571,NA,0.9096290477140504,0.13031040220726064,0.3682084431643312,9.438209774186359e-20,NA,33,34,34,0.0011109122550509167,0.2317839875734497
ENSG00000213639.9,PPP1CB,-0.11345250801511665,NA,0.9096718130152066,0.014549801408827598,0.15380812714746336,4.566995458412182e-08,NA,39,40,40,0.13073763630771756,0.04880217119789667
ENSG00000165568.17,AKR1E2,0.11329101991511509,NA,0.909799836474595,0.054227890382125346,0.1904595238415744,1.5384601196889118e-09,NA,27,29,29,0.036086023116159514,0.16849469594308894
ENSG00000258484.3,SPESP1,-0.11285893610245243,NA,0.9101423925076799,0.02725894695013957,0.08092471392845255,0.00013224105800938856,NA,16,16,16,0.3805673351001547,0.08135600453792004
ENSG00000161395.13,PGAP3,-0.11236682303957995,NA,0.9105325600723104,0.021061944200040598,0.3246183177587699,4.833638963289649e-17,NA,10,10,10,0.19004184895194332,0.09932066707603468
ENSG00000057704.12,TMCC3,0.11235395908562852,NA,0.9105427594361675,0.027694831625973533,0.14273975486653645,1.0556251533236307e-07,NA,8,8,8,0.18830503832526801,0.22078245808693572
ENSG00000183077.15,AFMID,0.11182941975679041,NA,0.9109586602365172,0.006858727229013107,0.08211289753615805,0.00014628488174435182,NA,14,14,14,0.036415402088899713,0.2580786046118289
ENSG00000233421.4,LINC01783,-0.11173947340092608,NA,0.9110299800524727,0.02798206255020252,0.03620273112493549,0.013142579773270095,NA,42,47,47,0.00224182335406522,0.08193146925506484
ENSG00000189180.15,ZNF33A,-0.11154749590634253,NA,0.911182204287081,0.004083900578225098,0.09422880073484732,3.6085527054208414e-05,NA,27,28,28,0.8665541497896251,0.03163113664723305
ENSG00000242441.7,GTF2A1L,0.1112924222061735,NA,0.911384464280252,0.19364868621675652,0.41591966886783344,7.407921528494881e-23,NA,37,41,41,0.0003084978462128195,0.43218996962083983
ENSG00000100714.15,MTHFD1,0.1110648959875107,NA,0.9115648854187954,3.116215213699019e-06,0.022395133337541475,0.04232727540040978,NA,1,2,2,0.9115648854187955,0.003677519310306213
ENSG00000119688.20,ABCD4,0.11091775934086959,NA,0.9116815625821105,0.0028874118272864207,0.0270975192845405,0.03222100893635353,NA,9,9,9,0.3518223040919348,0.016308146363665992
ENSG00000240038.6,AMY2B,-0.11036455931210279,NA,0.9121202589607933,0.00786532655014707,0.10227238184807247,1.6232220689366158e-05,NA,43,43,43,0.0025217661734853684,0.05845839916645261
ENSG00000221829.9,FANCG,-0.1102223548454097,NA,0.9122330336865374,0.01915376871094377,0.12576624360639815,1.738906606087995e-06,NA,22,23,23,0.017139373383616575,0.2833632358172451
ENSG00000133597.10,ADCK2,-0.11000862665635817,NA,0.9124025333595871,0.006695911472813176,0.08183330575779223,0.0001446041450582079,NA,8,8,8,0.7204042826655401,0.058191701915859415
ENSG00000165832.5,TRUB1,0.10979279265610095,NA,0.9125737071155491,0.004770000252527536,0.03624120328540087,0.012262394650050452,NA,15,16,16,0.32637880190777235,0.07670987794286882
ENSG00000130518.16,KIAA1683,0.10960726216375831,NA,0.9127208509899687,0.005202381953002648,0.0323762826480711,0.02038722453923817,NA,12,14,14,0.013382697704225625,0.15470885268651366
ENSG00000108107.14,RPL28,0.10957334762744332,NA,0.9127477488667162,0.008720877243036829,0.0909901124062326,6.708547464126844e-05,NA,8,11,11,0.2521641814825766,0.11380120686775375
ENSG00000139182.13,CLSTN3,0.10943270283165998,NA,0.9128592963906083,0.018328927832945832,0.10963127084568564,9.674641755831688e-06,NA,12,13,13,0.5508508610237033,0.4483907893555261
ENSG00000169599.12,NFU1,0.10939204852114044,NA,0.9128915402617649,0.0021332456092381024,0.08408870097025098,0.00011681921860523864,NA,9,9,9,0.5043285396517245,0.028356792281200926
ENSG00000075239.13,ACAT1,-0.1093634241468037,NA,0.9129142429991557,0.004135451737879386,0.0912438962472165,6.916406242329288e-05,NA,7,7,7,0.23808397693923455,0.03590105062846771
ENSG00000109171.14,SLAIN2,0.10928839059169251,NA,0.912973754404764,0.003092035749450531,0.049847252088916764,0.0036716002289222415,NA,18,18,18,0.6593082878374014,0.01806076779982855
ENSG00000059122.16,FLYWCH1,0.10892491675388798,NA,0.9132620435152127,0.2184088197559036,0.6051090755659116,3.958635589947392e-40,NA,12,15,15,0.04669310234410743,0.3420315250748445
ENSG00000264016.2,CTC-297N7.9,-0.10839391932361989,NA,0.9136832243943174,0.02465811248256771,0.029366312479484895,0.025498610149915068,NA,101,105,105,3.4700605020172034e-06,0.18734902728302846
ENSG00000183091.19,NEB,0.1079723968977265,NA,0.914017588261665,0.011759887533238273,0.05555391876580467,0.0020120427687909084,NA,7,8,8,0.2425644106261654,0.12389005446607647
ENSG00000134884.13,ARGLU1,0.10779936347232977,NA,0.914154847824258,0.004324767010963136,0.07817620593770222,0.00017016377694163603,NA,8,8,8,0.16040515012234524,0.0497828407954415
ENSG00000132199.18,ENOSF1,0.1076657373004469,NA,0.9142608491535642,0.030692602930635915,0.33211008782972123,4.0810871448594945e-17,NA,11,12,12,0.6458451011181443,0.060711574165329386
ENSG00000198756.10,COLGALT2,-0.10713982872958093,NA,0.9146780502432589,0.04370020039848421,0.2247514204140325,2.4241635360360344e-11,NA,41,43,43,0.0005427282221727427,0.10830408688760287
ENSG00000124588.19,NQO2,-0.10677469617157256,NA,0.9149677222217506,0.05838361523576411,0.30858576946568544,2.7392270604604537e-16,NA,28,29,29,0.0010795101897273858,0.09126641168721183
ENSG00000162639.15,HENMT1,-0.10668481366664405,NA,0.9150390307794005,0.003791509079204329,0.030187954314854163,0.023893827040405168,NA,6,6,6,0.8145759272252587,0.1019615174597416
ENSG00000225975.6,LINC01534,0.10654550325037979,NA,0.9151495544713,0.026227411285092917,0.11264032525828158,6.830893524433501e-06,NA,33,33,33,0.3028177805820479,0.05616202146821564
ENSG00000160678.11,S100A1,-0.10649193224272999,NA,0.9151920561489089,0.026022896818254704,0.1390013151483674,1.6564151416671385e-07,NA,10,12,12,0.1146822247008898,0.10603520772229166
ENSG00000116191.17,RALGPS2,-0.10635849462074777,NA,0.9152979227266967,0.00738759369793549,0.0736138941715245,0.00023286282532809481,NA,28,29,29,0.06380118303679069,0.05768938725624871
ENSG00000247982.6,LINC00926,0.10634471269631546,NA,0.9153088570987316,0.012059135843095193,0.1427700138205661,3.5016790726811906e-07,NA,11,11,11,0.0014014655507953236,0.06213715700761836
ENSG00000109180.14,OCIAD1,0.10618705343095416,NA,0.9154339427338091,0.01443653464432238,0.1316390172515239,8.522596451361184e-07,NA,69,72,72,0.06719387212191041,0.06943208908050559
ENSG00000124440.15,HIF3A,-0.10523317439671498,NA,0.9161907874945209,0.0015991941828614076,0.04833988732410468,0.002880223682578384,NA,2,2,2,0.7773192877629473,0.10314838933971046
ENSG00000140995.16,DEF8,0.10485515842431457,NA,0.9164907411415373,0.02078274713808832,0.15007079984640398,1.371947257306057e-07,NA,26,32,32,1.3701554318910044e-06,0.20579993501720145
ENSG00000283633.1,AC005301.9,0.10385278880112007,NA,0.9172861735120456,0.011247854496147859,0.02653680969399434,0.031135790336413168,NA,31,48,48,0.0037692750748716604,0.2984356103603019
ENSG00000103888.16,CEMIP,-0.10383227125831415,NA,0.9173024561157199,0.011652080304324373,0.05593046730774967,0.0017202828482768403,NA,19,20,20,0.21864589947419888,0.12550770004291936
ENSG00000164494.11,PDSS2,0.10377770298315454,NA,0.9173457613530589,0.0025761966103919186,0.039741727389262606,0.009163736115301992,NA,12,12,12,0.7214672456939184,0.033577092022607724
ENSG00000141504.11,SAT2,-0.10375624249251286,NA,0.9173627924082767,0.0052018542330585,0.04913979025942344,0.003559657948285458,NA,15,16,16,0.008626227888229815,0.06928143396195352
ENSG00000244693.1,CTAGE8,0.103521434353971,NA,0.9175491387304512,0.18814746378070768,0.06577764424947287,0.0006548855595571423,NA,91,100,100,4.724506486984822e-05,0.5172442816753126
ENSG00000172296.12,SPTLC3,-0.10327556957474592,NA,0.9177442645788139,0.026677063294952327,0.3007434008757034,1.5399079897135131e-15,NA,5,5,5,0.8002637752594403,0.054715856343166766
ENSG00000146574.15,CCZ1B,-0.10327550319073286,NA,0.9177443172638773,0.12238991175444966,0.4243382499892741,4.6323335365234365e-24,NA,58,65,65,9.437968827581185e-07,0.2934989410502372
ENSG00000127472.10,PLA2G5,0.10324650873601898,NA,0.917767328481611,0.02328749979679993,0.0678152306424998,0.00045503941199415344,NA,36,39,39,0.00021032755554722794,0.18605707450319509
ENSG00000151208.16,DLG5,-0.10302481523590931,NA,0.9179432760353886,0.1244677348545275,0.4512046736919629,7.041860352764319e-26,NA,28,28,28,1.1096859112538243e-07,0.12116319086829555
ENSG00000163347.5,CLDN1,0.10280712060993663,NA,0.9181160537842021,0.005263421381719768,0.05571628178339341,0.0018327102818171746,NA,10,10,10,0.8025116625036938,0.05194166816614599
ENSG00000185304.14,RGPD2,0.10277328881029205,NA,0.9181429054245549,0.0212586961250715,0.15034231356488814,1.1379675042854967e-07,NA,32,43,43,3.519225589102281e-06,0.14563988642279949
ENSG00000122512.14,PMS2,0.10276081468248006,NA,0.9181528059203699,0.10264484907811017,0.3173376971081341,9.949006310311743e-17,NA,37,39,39,0.00020706645877106267,0.20787291922361034
ENSG00000122515.14,ZMIZ2,-0.10270267415920069,NA,0.9181989511983605,0.002389823166278436,0.027072915180669392,0.02959898309439285,NA,8,9,9,0.0025458355641860093,0.02353101600350969
ENSG00000189007.15,ADAT2,0.10260485014334648,NA,0.9182765933023549,0.036915931008018835,0.09260913637269294,2.643750734985111e-05,NA,67,69,69,1.0646141307686857e-06,0.08565901889786634
ENSG00000274341.1,RP11-227G15.10,-0.1020067431339398,NA,0.918751322759578,0.010271502552341308,0.045880058295363166,0.003808513743198271,NA,14,14,14,4.607552024505754e-05,0.2176909626231994
ENSG00000105695.14,MAG,0.10129889596834128,NA,0.9193131925769787,0.1518207379283047,0.25447513442960146,7.335620161919604e-13,NA,47,48,48,0.0046139780874358115,0.33479117969215505
ENSG00000177483.11,RBM44,-0.1009744092059611,NA,0.9195707748235278,0.025745142440385668,0.10777295834111256,7.759561886096036e-06,NA,8,8,8,0.009483048030087591,0.10005628221948668
ENSG00000165478.6,HEPACAM,0.10084932094407639,NA,0.9196700739354535,0.012998539989899974,0.1080767054783997,7.2808032974375275e-06,NA,22,23,23,0.0007337795144321681,0.08624037360095695
ENSG00000142178.7,SIK1,0.10082677575240742,NA,0.9196879711717627,0.011546875891947146,0.025848223231502647,0.03719963421185965,NA,6,6,6,0.03705319859217308,0.09775539877112346
ENSG00000153037.13,SRP19,0.10069219693968327,NA,0.9197948058317084,0.0017002780466991423,0.0744132700961643,0.00031399111230775837,NA,15,15,15,2.0315182231908984e-07,0.030276602573484787
ENSG00000197372.9,ZNF675,0.10000548325240936,NA,0.9203399722651109,0.15453566000218277,0.2005037736719641,6.980899520780496e-10,NA,83,89,89,0.05263900900584757,0.17798253584436846
ENSG00000100612.13,DHRS7,-0.09980919165425887,NA,0.9204958106080935,0.0268878202816825,0.21800311009477516,3.866567658963027e-11,NA,36,36,36,0.18886722268335154,0.20126650755167144
ENSG00000169826.7,CSGALNACT2,0.09947288363573713,NA,0.9207628168233702,0.006827555944688538,0.18234518300664065,2.5347489082461e-09,NA,31,34,34,0.0011289130472922357,0.02712346042483992
ENSG00000103479.15,RBL2,0.0990415859930265,NA,0.9211052515561937,0.015058493898361284,0.2100017903251577,2.0639732171921431e-10,NA,61,65,65,0.008647904818361467,0.13073447992822745
ENSG00000215252.11,GOLGA8B,0.09862172924741393,NA,0.921438616681948,0.011621324820383664,0.05657855926334303,0.001228522174382186,NA,20,22,22,0.1213391933339387,0.1603501551157752
ENSG00000226174.6,TEX22,-0.09846901724466356,NA,0.9215598730275982,0.004527622736746086,0.04339098495488742,0.006517424974858422,NA,4,4,4,0.7138850537408576,0.04240504434075058
ENSG00000072832.14,CRMP1,-0.09837060001759419,NA,0.9216380192156358,0.07380567416800227,0.12544281168368535,1.5787665404990851e-06,NA,87,93,93,1.297605582616837e-08,0.21540599838858526
ENSG00000103260.8,METRN,0.09812689380359513,NA,0.9218315324095283,0.016177823046378603,0.026385543697598605,0.03630396142983315,NA,30,32,32,0.007139995459960481,0.12865885651340234
ENSG00000175003.12,SLC22A1,-0.0981037085784346,NA,0.9218499427146801,0.010483389807918315,0.024364326128943643,0.03688404309899182,NA,33,37,37,0.045691293417484034,0.09387448267840494
ENSG00000182022.17,CHST15,0.0979009939046464,NA,0.9220109107581835,0.08317905220362964,0.2500171730584622,7.568126780123904e-13,NA,23,24,24,0.2381611927728743,0.19213068533832064
ENSG00000187566.5,NHLRC1,0.09787549962797008,NA,0.9220311550238363,0.003246970503318336,0.026256895166846282,0.034058147386974734,NA,4,4,4,0.2223083180423956,0.06854953953395386
ENSG00000127364.3,TAS2R4,-0.09731710010397832,NA,0.922474576536986,0.06843140535824466,0.3253223367734632,1.767708769034284e-17,NA,47,48,48,0.00379185626752012,0.033720426449898554
ENSG00000197535.14,MYO5A,0.09629643438282823,NA,0.9232851428785303,0.0046885784818183306,0.02689862380415061,0.030866759610601393,NA,5,6,6,0.8044657809887312,0.09917087636101396
ENSG00000110719.9,TCIRG1,-0.09625411760068087,NA,0.9233187506700765,0.006027401555039132,0.036826025516578535,0.012729078284545552,NA,27,31,31,7.802710533861071e-05,0.16949624810199349
ENSG00000090565.15,RAB11FIP3,0.0962182040548171,NA,0.9233472731485398,0.004325667482301877,0.05643859435136634,0.001955520653124483,NA,8,8,8,0.07767211846211028,0.08073009707609488
ENSG00000132938.19,MTUS2,0.09618424801135958,NA,0.9233742410724936,0.012168674525002874,0.1962137871554228,6.822661366221615e-10,NA,30,31,31,0.4299781894233987,0.11240437268967436
ENSG00000159263.15,SIM2,0.09600680804291978,NA,0.9235151655063387,0.00398462416559722,0.06357986746460283,0.0008423286992559148,NA,5,5,5,0.4539516148805546,0.2360983050826029
ENSG00000143850.13,PLEKHA6,-0.09579858014972899,NA,0.9236805450509109,0.006343262242316956,0.06094542412753187,0.0005642459751004338,NA,6,7,7,0.021946657782585328,0.06369521440177765
ENSG00000125971.16,DYNLRB1,-0.09574985694080028,NA,0.9237192426586551,0.013849905204814644,0.034150964282082606,0.017056348238664438,NA,57,61,61,0.0003032750611341058,0.19278232313730886
ENSG00000157216.15,SSBP3,-0.09561982369241119,NA,0.9238225203121995,0.007691611643162275,0.11397153036622468,4.633496394302612e-06,NA,3,3,3,0.06975006565545401,0.1873367897969956
ENSG00000248265.1,FLJ12825,-0.09554701702418807,NA,0.9238803468672141,0.0766613460130814,0.2890473155925793,2.672233941012995e-15,NA,38,39,39,0.15717094201030055,0.19972933235276036
ENSG00000166685.11,COG1,-0.09536447491736606,NA,0.9240253323494625,0.007544355969015514,0.04408465273977849,0.005371712508343452,NA,42,42,42,0.0020766311132537703,0.18966414451178745
ENSG00000134369.15,NAV1,0.09510751896176067,NA,0.9242294258833702,0.014724109405820475,0.02408826948619343,0.04412075052418082,NA,30,30,30,5.545117905760839e-15,0.21670795966200648
ENSG00000121350.15,PYROXD1,-0.09504905395225964,NA,0.9242758638399254,0.11208762180789618,0.4695996915729299,4.9061071526936185e-27,NA,71,72,72,0.018347993108606228,0.02062959760325489
ENSG00000149054.15,ZNF215,-0.09467848575112879,NA,0.9245702070832627,0.10954241677964975,0.4088950277021409,9.326712278244579e-23,NA,30,31,31,0.02725385157127232,0.11135110851055376
ENSG00000111144.9,LTA4H,0.09465173940310664,NA,0.9245914521740528,0.018578400538566506,0.12338537387575806,2.4360747121879045e-06,NA,50,51,51,2.557113403138719e-08,0.06562004660754513
ENSG00000153822.13,KCNJ16,0.0942871167431884,NA,0.9248810836713074,0.014579222767188614,0.09469503190110667,4.63021907502056e-05,NA,27,27,27,0.23488105060538256,0.045240354607539834
ENSG00000187097.12,ENTPD5,-0.09379938932522991,NA,0.9252685167953753,0.0036144735920390827,0.13683465387763266,3.2681935662539127e-07,NA,18,20,20,0.13969752819961986,0.029567266051561587
ENSG00000265750.1,RP11-799B12.4,0.09379837424192042,NA,0.925269323159573,0.008460675003505624,0.035806917823602964,0.012954986122474236,NA,40,42,42,0.16566868065940188,0.12467024701132877
ENSG00000182584.4,ACTL10,0.09337509328620172,NA,0.9256055767329718,0.008427282040725154,0.02302683364398616,0.04922901559283803,NA,15,15,15,0.08084591501558312,0.04852977105162857
ENSG00000271736.1,RP11-85G21.3,-0.092360539068733,NA,0.9264115906342374,0.04526783506575008,0.12781643972286727,8.627883733144293e-07,NA,38,42,42,0.05426237649824158,0.1943090238188828
ENSG00000103351.12,CLUAP1,0.09232388846287795,NA,0.9264407091736375,0.023151320335319008,0.16112162965002852,3.6121293974348505e-08,NA,13,13,13,0.32627133903434924,0.14608617520574102
ENSG00000072201.13,LNX1,0.09130106866589272,NA,0.9272533688644482,0.002042927323998335,0.027822274725483563,0.029027032673305288,NA,7,7,7,0.5180540088524975,0.040305410397248935
ENSG00000099949.18,LZTR1,0.09124655484637678,NA,0.9272966837967105,0.011378681682623319,0.052678854822592665,0.0026861989764376303,NA,23,25,25,0.006927375307187429,0.07610076318267436
ENSG00000165688.11,PMPCA,-0.09119588799125129,NA,0.9273369422476633,0.010353925036819507,0.2306867401897941,3.8365440595068636e-12,NA,8,10,10,0.05924775264987675,0.0664074093943466
ENSG00000182670.13,TTC3,0.09107800015167639,NA,0.9274306133125696,0.052494780662636104,0.2648033638513049,2.7627688226490207e-13,NA,76,79,79,0.015575683069183237,0.31864862677049866
ENSG00000115750.16,TAF1B,-0.09094705133689987,NA,0.9275346635179476,0.018992607085270306,0.1776526687774145,8.194774848072328e-09,NA,46,48,48,0.007528973555988187,0.04460349446208376
ENSG00000175376.8,EIF1AD,0.09039562989964374,NA,0.9279728293122186,0.012194644090823652,0.049539079966278834,0.0037150286343142,NA,25,27,27,0.0015511220173099025,0.040915073466822084
ENSG00000026751.16,SLAMF7,-0.09034255502991628,NA,0.9280150043664328,0.002988338553270657,0.028326334408316983,0.02868020358235395,NA,20,21,21,0.0026722918091547916,0.1235980620185849
ENSG00000147894.14,C9orf72,-0.08979091645427495,NA,0.9284533666517405,0.006386316973943369,0.08545994834855676,0.0001226490603761789,NA,13,14,14,0.00938054672347741,0.08070779462170524
ENSG00000185684.12,EP400NL,0.08977192486327142,NA,0.9284684587995814,0.0045263519257123085,0.07769362488578753,0.00019281962465602872,NA,11,13,13,2.8473654295492367e-08,0.07615740079858982
ENSG00000139370.11,SLC15A4,0.08976745886666183,NA,0.9284720078204111,0.01641703397403188,0.17305998418864812,9.06017497547757e-09,NA,21,21,21,0.1104029157400486,0.10475855881475712
ENSG00000125447.16,GGA3,-0.08930008408806607,NA,0.9288434272454618,0.003635712995726582,0.12447230785937208,2.315577157992753e-06,NA,15,16,16,0.5133516593425309,0.04814951845101848
ENSG00000137285.9,TUBB2B,-0.08929405433461969,NA,0.928848219149265,0.07781763991445698,0.2641753775372494,1.0942771396354552e-13,NA,7,8,8,0.005641146102601589,0.13137203714818613
ENSG00000007341.18,ST7L,-0.08922762873330152,NA,0.9289010083924526,0.0714537642544557,0.18712532106522914,3.186089598364789e-09,NA,18,20,20,1.1790673203944854e-06,0.1074087294627366
ENSG00000226067.6,LINC00623,-0.08889062761797469,NA,0.9291688321433943,2.420376056309944e-07,0.059687004553285024,0.0013479257837415025,NA,2,7,7,0.9283977576184685,0.0011396826409968339
ENSG00000134531.9,EMP1,0.08884429406348453,NA,0.9292056552797185,0.006114930973447598,0.0991941395986922,3.070767379461068e-05,NA,16,17,17,0.017144958981701323,0.0686448988559578
ENSG00000133048.12,CHI3L1,0.08876674628994022,NA,0.9292672859484815,0.014068442588110725,0.09517743956800184,2.5408718851467973e-05,NA,12,12,12,0.3096699615197829,0.05766401200969139
ENSG00000176945.16,MUC20,0.08869943317860493,NA,0.9293207830194143,0.054147146436008556,0.26567340777674303,6.848141588770029e-14,NA,27,30,30,0.0605839222198539,0.14688371394561725
ENSG00000261390.5,MAFTRR,0.08826979163212219,NA,0.9296622479988844,0.046965752993660244,0.2766804244260137,1.7163607952969656e-14,NA,18,18,18,0.01930041877215757,0.058865483068489925
ENSG00000213471.9,TTLL13P,-0.0874441771627477,NA,0.9303184555414582,0.021103442466978893,0.0899970695081821,7.546388210786613e-05,NA,28,29,29,0.006003645820455869,0.1588006808064522
ENSG00000117266.15,CDK18,-0.08740211127892095,NA,0.9303518912449534,0.00696912844726792,0.05717825347345864,0.001648505303264441,NA,6,7,7,0.4250264820605669,0.08903059269697355
ENSG00000170092.14,SPDYE5,-0.08718875972147508,NA,0.9305214737745349,0.009586326052028648,0.05219207378900098,0.002740126609402046,NA,7,8,8,0.3726274021992432,0.05192330099826837
ENSG00000138629.15,UBL7,-0.08689723852275522,NA,0.9307531945581651,0.00430764377925419,0.1545138490154116,5.3106651661504275e-08,NA,3,3,3,0.7368540146561872,0.1725344351167374
ENSG00000223496.2,EXOSC6,-0.08671199516281208,NA,0.9309004415723222,0.10554200553927996,0.3193285087865178,1.6132500777078786e-16,NA,34,38,38,0.08685956748815343,0.12265286373630425
ENSG00000117602.11,RCAN3,-0.08631416209158174,NA,0.9312166807702498,0.06361165946457159,0.2430394749539941,6.133423186094671e-13,NA,20,22,22,0.07704173276282955,0.12189235542547468
ENSG00000170748.6,RBMXL2,0.08626588428784818,NA,0.9312550577413289,0.04541289833105992,0.10732809601750634,1.2717206459906599e-05,NA,61,66,66,0.018111143321491982,0.17584923347845596
ENSG00000172116.21,CD8B,-0.08619212914024389,NA,0.9313136874602669,0.009210421151288447,0.042727590678561515,0.006717127077915228,NA,11,14,14,0.5508952467896724,0.12842555849846807
ENSG00000165238.16,WNK2,0.08616944583224088,NA,0.931331719035613,0.006388320611726386,0.031930281763321265,0.017484548343425492,NA,24,24,24,0.054572459958712655,0.14444420997038174
ENSG00000165868.13,HSPA12A,-0.08606216095745131,NA,0.9314170031631351,0.009697682219087667,0.030020488765742644,0.025625270721346658,NA,28,29,29,0.4989206900390746,0.0897113453065206
ENSG00000186230.6,ZNF749,-0.08556825810844501,NA,0.9318096322426205,0.15701937974078933,0.4865264015228537,2.405916137134845e-28,NA,12,14,14,0.2358348785016806,0.3002042685623155
ENSG00000270091.1,RP11-78O7.2,-0.08556068821827958,NA,0.9318156500716381,0.01157118571611728,0.10921182824649936,5.126945178781738e-06,NA,25,26,26,0.01640186036624437,0.11869114653105575
ENSG00000153714.5,LURAP1L,-0.08555292167242994,NA,0.9318218242399052,0.004039633791792732,0.024258956595071983,0.035414740655080754,NA,6,6,6,0.5832707679594438,0.05368463776660992
ENSG00000167766.18,ZNF83,-0.08550544121393723,NA,0.9318595698527558,0.021405444242794613,0.21784787072074446,5.692094816575302e-11,NA,20,21,21,0.0017022085534073544,0.0648160148166305
ENSG00000105072.8,C19orf44,0.0852714935581363,NA,0.9320455538152946,0.010581061511041196,0.058754021608661576,0.0012929673490172714,NA,16,17,17,0.2505644154509804,0.03973319618691356
ENSG00000086300.15,SNX10,-0.085267949240583,NA,0.9320483715092849,0.016019653523612357,0.15515863701094504,9.844135339234019e-08,NA,9,13,13,0.009671458190689597,0.07498066911727867
ENSG00000183784.6,C9orf66,-0.08514930642973084,NA,0.9321426917474662,0.09820689369914494,0.2670196666911188,9.11079200897106e-14,NA,14,15,15,0.1334009417816348,0.10807705631282148
ENSG00000166974.12,MAPRE2,0.08498455269399645,NA,0.93227367144143,0.016336313700063578,0.09450485766363748,2.1313770583133897e-05,NA,13,13,13,0.8373407217048492,0.05019988928192317
ENSG00000023902.13,PLEKHO1,0.0846077953387871,NA,0.9325732015092846,0.005898490993738062,0.021978522192285185,0.04663391560201817,NA,10,13,13,0.13882524146354794,0.11876611920927573
ENSG00000162714.12,ZNF496,0.08460455006123285,NA,0.9325757816151328,0.0183417334038782,0.0540764198329781,0.0017138483034900998,NA,25,26,26,0.0755529113991332,0.10074943307261452
ENSG00000147601.13,TERF1,-0.08407387716898922,NA,0.9329976940927484,0.019775489259712543,0.04525601034358018,0.005293483428529062,NA,62,64,64,8.831690108257937e-07,0.21040751707857655
ENSG00000072756.16,TRNT1,0.08401798291185154,NA,0.9330421340244704,0.00503059378087896,0.07837450704120694,0.00017820987144891146,NA,8,9,9,0.00010877400722993089,0.05931481901698469
ENSG00000117151.12,CTBS,-0.08333375307534899,NA,0.9335861625499378,0.0033507907869334904,0.08483044128524002,6.736944504100818e-05,NA,10,10,10,0.020795951149977163,0.032758089253287444
ENSG00000181264.8,TMEM136,0.08319950741036004,NA,0.9336929044127944,0.005261904990178475,0.061841019857185875,0.0009909937528544354,NA,14,15,15,0.15509217267485273,0.037925380469741005
ENSG00000124228.14,DDX27,0.08307328476645852,NA,0.9337932680717589,0.000826494187459263,0.04223794857008209,0.006625126532997052,NA,2,2,2,0.7766407825751404,0.04481186946533282
ENSG00000165660.7,FAM175B,-0.0830234275352803,NA,0.9338329114400211,0.0020891371041332147,0.029753090984122786,0.019542157509099826,NA,12,13,13,0.5413983564542237,0.03741546763898882
ENSG00000198826.10,ARHGAP11A,0.08296637377389791,NA,0.9338782772426846,0.00762379394448189,0.05799368938481622,0.0014853161095202527,NA,20,25,25,0.3549208536338744,0.0764009128126269
ENSG00000167468.16,GPX4,0.08296310318231774,NA,0.933880877831673,0.009297204492448051,0.12066080897090894,3.3045051283237066e-06,NA,8,10,10,0.012223130674082847,0.053949912105252594
ENSG00000172650.13,AGAP5,-0.08277095613217632,NA,0.9340336635091523,0.00873241151534813,0.059777364082125674,0.0012110839704733715,NA,14,16,16,0.0028485416148569765,0.10169888081648512
ENSG00000221947.7,XKR9,-0.08254344592471645,NA,0.9342145713335561,0.3247917757645364,0.6752669629857455,1.1403959688009928e-50,NA,42,43,43,0.002897327764027863,0.15903429801914745
ENSG00000111725.10,PRKAB1,-0.08243878204433003,NA,0.9342977973778592,0.03270900660144592,0.1925078762153566,3.39725331395614e-10,NA,2,2,2,0.8660595588634785,0.44846072689888056
ENSG00000135778.11,NTPCR,-0.08222315371678988,NA,0.9344692617789134,0.02859721434684165,0.18290135152207287,1.8253827044403791e-09,NA,4,4,4,0.9320683349617782,0.1664000055916067
ENSG00000121898.12,CPXM2,-0.08192931371752776,NA,0.93470292381677,0.0403518158426577,0.28605046422232355,6.646169924874468e-15,NA,43,46,46,0.004166636797677178,0.22172467562725984
ENSG00000152056.16,AP1S3,-0.0818148975046339,NA,0.9347939092951898,0.007782070270062764,0.03077395524086448,0.022592052756461357,NA,18,19,19,0.3910232827875858,0.04272712693279763
ENSG00000183682.7,BMP8A,-0.08168003576266049,NA,0.9349011544566904,0.009249280509177407,0.06550989875443539,0.0008089998427843314,NA,31,33,33,0.5002883341715494,0.08302406494430495
ENSG00000171097.13,KYAT1,-0.08158130130850423,NA,0.9349796711164927,0.005063341234651345,0.12078528290191225,3.417395600283678e-06,NA,10,10,10,0.7425849432284428,0.028932395789000486
ENSG00000183111.11,ARHGEF37,0.08154224389677649,NA,0.9350107309403034,0.04544719140812993,0.13341442671491138,5.147824729182105e-07,NA,44,46,46,0.07158301124445536,0.06792035076278406
ENSG00000148396.18,SEC16A,-0.08140684358280753,NA,0.9351184067849437,0.004530735962451338,0.14570993672400048,1.7444828001466956e-07,NA,8,9,9,0.29427649227560615,0.0351137566223988
ENSG00000115423.18,DNAH6,0.08083605074465781,NA,0.9355723375233191,0.031106686063828142,0.21472950849407052,1.678657926564298e-11,NA,34,35,35,0.3259383150551073,0.09067069814863099
ENSG00000172273.12,HINFP,-0.08080282274508567,NA,0.935598763186753,0.004370310482191167,0.0911079527307874,4.7129092549808145e-05,NA,11,11,11,0.5468087060803994,0.039804006818680224
ENSG00000188257.10,PLA2G2A,0.08037183470765323,NA,0.9359415270673085,0.038864795606983235,0.1822751879969025,2.3190900737490727e-09,NA,28,30,30,0.004800917491542866,0.15079944819543073
ENSG00000257949.6,TEN1,-0.08029524796253638,NA,0.936002437588996,0.027891751209533105,0.2284020383029626,2.329999649142439e-11,NA,4,5,5,0.30096274772503784,0.09703133104471873
ENSG00000188629.11,ZNF177,0.08027253002668924,NA,0.9360205055567637,0.009431568211540942,0.028171139472293383,0.02681776031996329,NA,19,19,19,0.006583926879079094,0.1690882232439233
ENSG00000180104.15,EXOC3,0.0802444458434991,NA,0.9360428414395083,0.02162795101018265,0.1543340121750979,8.562395441518747e-08,NA,12,13,13,0.00014414083371139648,0.07820745952411551
ENSG00000176148.15,TCP11L1,0.08014214436280578,NA,0.9361242041699774,0.0038960731562146162,0.09104301491254914,5.6495689184851346e-05,NA,30,30,30,0.8857495121853829,0.02516360088155801
ENSG00000167693.16,NXN,0.08002107295663605,NA,0.9362204959175262,0.012401150483728127,0.11464139154478985,6.364329554580911e-06,NA,2,2,2,0.8975836307925028,0.08093641365970937
ENSG00000144115.16,THNSL2,0.07983677661742822,NA,0.9363670741550878,0.15368779386369746,0.4571764641415645,4.46055170315379e-27,NA,25,27,27,0.050031535734859404,0.07181654763958133
ENSG00000111231.8,GPN3,0.0795097966888641,NA,0.9366271396531987,0.003134045524104714,0.023717003413931785,0.0397961840727965,NA,20,23,23,3.784562661084193e-08,0.06527428416760106
ENSG00000088881.20,EBF4,0.07942837333433024,NA,0.9366919012717739,0.008657490821338293,0.11635402194070882,2.2422896611627127e-06,NA,7,7,7,0.6063526193352279,0.047633701858896434
ENSG00000205795.4,CYS1,0.07940598757536663,NA,0.9367097062857055,0.0009588034875320527,0.0318398706664506,0.019439743704290614,NA,2,3,3,0.5852107782480577,0.03833141484871985
ENSG00000197568.13,HHLA3,0.0792585297468249,NA,0.9368269909572243,0.05165924455074366,0.2307631387442685,9.84951893798312e-12,NA,44,47,47,7.031407594677286e-10,0.13799133243924436
ENSG00000174839.12,DENND6A,0.07908608764410019,NA,0.936964149302406,0.001243351294854952,0.025150050886936545,0.03383890110330025,NA,1,1,1,0.936964149302406,0.05932327768611952
ENSG00000214087.8,ARL16,0.07860736861724514,NA,0.9373449263691188,0.11284039539643255,0.5439344991298342,6.400607801773292e-35,NA,36,36,36,0.03344488504941287,0.2704104809061696
ENSG00000176055.9,MBLAC2,-0.07815208958202693,NA,0.9377070723682384,0.0038064615581348397,0.099741392220885,3.069113493295683e-05,NA,11,12,12,0.14964427277643827,0.06850683529833057
ENSG00000176102.11,CSTF3,0.07736191452904212,NA,0.9383356377511965,0.024450634789930422,0.06825036777913071,0.0006089351819944228,NA,23,24,24,0.12462570317071626,0.2318968277366116
ENSG00000205517.12,RGL3,-0.07649843855125306,NA,0.9390225561925367,0.017661269217073394,0.1962854359364552,6.523568915735511e-10,NA,10,10,10,0.019757881253975613,0.0808651771399123
ENSG00000142082.14,SIRT3,-0.0763531708740403,NA,0.9391381250227417,0.0022536811329732344,0.04140928018743363,0.007323173515463049,NA,19,21,21,0.0027610257740277168,0.02736115690927271
ENSG00000115084.13,SLC35F5,0.07631932157494256,NA,0.9391650542800835,0.009140218426677801,0.050676990417547495,0.0027075607741217428,NA,40,42,42,0.0025096436464277705,0.1010506123726469
ENSG00000144161.12,ZC3H8,0.075752267617254,NA,0.9396161918723822,0.004800768694101726,0.03894890659612982,0.00967525013311725,NA,15,16,16,0.18033123289285513,0.0639260351494127
ENSG00000236384.7,LINC00479,0.07524965152962369,NA,0.9400160800983001,0.10980917392306484,0.34501223563638456,4.115622962656048e-18,NA,8,9,9,0.11438077098076874,0.2150490753204878
ENSG00000058729.10,RIOK2,0.07490674607633559,NA,0.9402889090470052,0.003124084516143354,0.038608602259765805,0.009859962634584956,NA,23,25,25,0.029193858124092836,0.10582418360266402
ENSG00000273492.5,AP000230.1,0.07387124002435225,NA,0.9411128404413089,0.005226192334009704,0.0353764040224675,0.01380340908147172,NA,19,20,20,0.09378964439323188,0.07754526296832029
ENSG00000277559.1,RP11-434E6.4,0.07362852890413824,NA,0.9413059699614484,0.0435847782935752,0.16959096077550012,1.5788276469575238e-08,NA,33,35,35,0.007363216166909544,0.19535098331393508
ENSG00000083123.14,BCKDHB,0.07351856077042836,NA,0.9413934746822461,0.0013506732058683267,0.026908684095089574,0.03264255833467872,NA,27,27,27,0.4047613646867476,0.01107091831949446
ENSG00000137054.15,POLR1E,-0.07350599724923428,NA,0.9414034718726245,0.006390309873329917,0.07876555139795709,0.00019111899086550048,NA,26,27,27,0.1402803019243221,0.025936704768524
ENSG00000160182.2,TFF1,0.07340201210303357,NA,0.9414862164900111,0.01665327179686953,0.04666547422700045,0.0043110023332697395,NA,19,20,20,0.6285666137608044,0.2535391947394628
ENSG00000228106.5,RP11-452F19.3,0.07318625895938174,NA,0.9416579008253391,0.012883537357539315,0.09167190258020533,4.226382935983949e-05,NA,9,9,9,0.5266302568181349,0.08614940057715166
ENSG00000013573.16,DDX11,0.07307275219764268,NA,0.9417482242733373,0.23537259050302922,0.6900031676480566,3.3492005774992276e-52,NA,74,79,79,0.0344873721096465,0.09349129772617393
ENSG00000197122.11,SRC,0.07305271844336945,NA,0.9417641662891886,0.02347317317288893,0.14159956228993345,3.631280345559245e-07,NA,12,14,14,0.3085091604649729,0.1293613350779962
ENSG00000116698.21,SMG7,0.07301114126659335,NA,0.941797251725581,0.006659420181225978,0.05414418667066165,0.002388199517919701,NA,10,10,10,0.7770288542920606,0.02817058027694085
ENSG00000130669.17,PAK4,0.07270205616114206,NA,0.9420432123014899,0.0016647662328874526,0.028212805376650288,0.02675231159382944,NA,3,3,3,0.6641209540844858,0.030108781932889163
ENSG00000176108.9,CHMP6,0.07252796008152823,NA,0.9421817551294401,0.015295005638316525,0.15017453684777182,2.889725572276312e-08,NA,10,12,12,0.2770264256719941,0.1545056049366561
ENSG00000187595.15,ZNF385C,0.07244487505347186,NA,0.942247873460036,0.006276770882614801,0.0399273090384046,0.00894208898323887,NA,30,31,31,0.0003844264325991631,0.061546342613853076
ENSG00000125534.9,PPDPF,0.0707412350410815,NA,0.943603702208746,0.02024011400262081,0.12322131823994167,2.5941343798107238e-06,NA,14,16,16,0.31199279150098025,0.20499087829304985
ENSG00000166896.7,ATP23,0.07056550732739303,NA,0.943743563116458,0.08616789463462829,0.3409365458952199,8.839446683015484e-18,NA,37,43,43,2.6442764849192517e-05,0.07848118543665984
ENSG00000177646.18,ACAD9,0.07051111995047674,NA,0.9437868501401083,0.012803491378102279,0.06056980247102711,0.00044479099512055175,NA,17,17,17,0.352715719212638,0.10701909275535333
ENSG00000109182.11,CWH43,0.06997633343417156,NA,0.9442124966348586,0.10605165429148483,0.32424544177293235,3.432642326552746e-17,NA,22,23,23,0.02693988111212764,0.15416781496269533
ENSG00000125450.10,NUP85,0.0690613176122109,NA,0.9449408115540546,0.08918934230114034,0.4076161282867667,2.318135411258909e-22,NA,12,13,13,0.032894665971227983,0.2090575075028231
ENSG00000131791.7,PRKAB2,0.06904958632398016,NA,0.9449501494765804,0.0033635024448532046,0.1064767465158186,1.0428311124720731e-05,NA,5,6,6,0.7079234633956764,0.02079201839470081
ENSG00000114670.13,NEK11,-0.06886745560331041,NA,0.9450951236600995,0.01871596425052184,0.04020930630735452,0.007422626373631619,NA,49,50,50,0.026461068076831157,0.08179128856615975
ENSG00000118513.18,MYB,0.0685136331856709,NA,0.9453767678648047,0.012150277678453877,0.10753105657326817,1.2270360099016804e-05,NA,10,12,12,0.34797157242194654,0.1673172237016475
ENSG00000091428.17,RAPGEF4,-0.06844620804947246,NA,0.9454304393461299,0.0009249418618757564,0.03779270841936788,0.011085584733557018,NA,9,10,10,0.010768242305827198,0.07702230282499578
ENSG00000113273.15,ARSB,-0.06795713140748405,NA,0.9458197595350577,0.08762594893798406,0.3165217817701309,2.0136562763239507e-16,NA,29,30,30,0.002949525126887459,0.22178550774416225
ENSG00000205809.9,KLRC2,-0.06782957427314548,NA,0.9459213011048953,0.017459141612571547,0.037659587989719336,0.011506639456886205,NA,18,18,18,0.07942871845770384,0.05481674861273337
ENSG00000171798.17,KNDC1,0.0673605008925053,NA,0.9462947134574312,0.006834414170920119,0.08014267553536993,0.00017703765441232617,NA,10,11,11,0.43013205288208967,0.06084753290431786
ENSG00000123975.4,CKS2,0.06732314963178164,NA,0.94632444795339,0.0021079886585897182,0.03673657919024613,0.01074625182109576,NA,4,4,4,0.2310257422055607,0.06385786235026218
ENSG00000108352.11,RAPGEFL1,-0.0671155268753875,NA,0.9464897331072817,0.007556878843349213,0.04220569599933869,0.007139630258767665,NA,16,17,17,1.548559818405476e-05,0.07192226129016507
ENSG00000078140.13,UBE2K,-0.06710571586379936,NA,0.9464975435536521,0.011504680615469314,0.13788802170194975,4.566619368395778e-07,NA,21,21,21,6.933480138101487e-06,0.02441737480034414
ENSG00000033122.18,LRRC7,-0.06709769541882117,NA,0.9465039285520068,0.0025928957528699747,0.055956445602889635,0.0016529465337744092,NA,6,8,8,0.01224667900048243,0.04521018434386145
ENSG00000164663.14,USP49,-0.06649520467056838,NA,0.9469835753804826,0.0029154016914988206,0.05673395880849691,0.00125402300359927,NA,4,4,4,0.7558966712135506,0.048572729227896
ENSG00000281404.1,LINC01176,0.06631301226441759,NA,0.9471286237396734,0.026126529331081963,0.21208277015751573,2.6377435377708933e-11,NA,13,14,14,0.20034670140200306,0.130471134785719
ENSG00000131845.14,ZNF304,-0.06610691374417531,NA,0.9472927065225423,0.03441572393949343,0.18505851528540931,3.344486525202224e-09,NA,6,6,6,0.6610958710107524,0.14290907855256826
ENSG00000266904.5,LINC00663,0.06609069525432534,NA,0.9473056187672269,0.011550720660530533,0.08595349091119905,0.00010601865599183804,NA,34,37,37,4.632697066680129e-11,0.2372562873173905
ENSG00000157191.19,NECAP2,0.06588268656818783,NA,0.9474712247489769,0.029886526420517496,0.042683131055599975,0.007236547862264992,NA,81,87,87,0.002955625132136482,0.209583588610885
ENSG00000110203.8,FOLR3,-0.06566547945556342,NA,0.9476441564742174,0.05266011887985131,0.15025238868932442,1.129732498469264e-07,NA,61,65,65,0.07429443183066234,0.20419831396864827
ENSG00000239672.7,NME1,0.06537366040258209,NA,0.9478764951613445,0.0021789953308798465,0.09334913140164293,3.823478855121015e-05,NA,13,13,13,0.11693183971661981,0.03130861777433322
ENSG00000002726.20,AOC1,-0.06518395893223956,NA,0.9480275328821324,0.18553036638238252,0.44942271130812544,3.7035622417771015e-25,NA,18,20,20,0.0006366499112004701,0.1382269278408421
ENSG00000115339.13,GALNT3,-0.06478924981675735,NA,0.9483418008706815,0.021745540130508882,0.10362006085576582,1.7260259932234517e-05,NA,24,24,24,0.15757375954851172,0.06746599920230137
ENSG00000119899.12,SLC17A5,-0.06452128326663664,NA,0.9485551608221411,0.00470549323700962,0.18206502129719374,3.666398001767072e-09,NA,47,49,49,0.7234339398119052,0.011900621004791487
ENSG00000163320.10,CGGBP1,0.06451578396749132,NA,0.9485595395050909,0.02146898163965658,0.17019973660325208,1.0334872001591631e-08,NA,24,26,26,0.07786132979022495,0.2220008187569012
ENSG00000108946.14,PRKAR1A,-0.06427908671939433,NA,0.9487480053922478,0.0024839041764714966,0.05126910890571635,0.0027691691026885032,NA,15,16,16,0.799838974109593,0.01825358362939647
ENSG00000180353.10,HCLS1,-0.06422319838125518,NA,0.948792505885833,0.0023768920721947504,0.07200880761184818,0.0004373629203323913,NA,23,24,24,0.3921348435632629,0.039802083237569695
ENSG00000100065.14,CARD10,0.0635821599122243,NA,0.9493029373229904,0.003699232472174895,0.051008945914491406,0.003078536920683609,NA,7,7,7,0.18427088444888695,0.06013608107764048
ENSG00000204120.14,GIGYF2,0.06346533421934451,NA,0.9493959628587068,0.002219995389014324,0.058197100929682284,0.0012096439448428663,NA,7,8,8,0.5531547491060975,0.023634630885112654
ENSG00000005379.15,TSPOAP1,-0.06316991856226921,NA,0.9496311984326823,0.009151552880346765,0.1298238748624078,4.3609877178324653e-07,NA,11,11,11,0.13426588608215664,0.0589625081924001
ENSG00000124207.16,CSE1L,0.06306241975181122,NA,0.9497167994017074,0.030631536155789348,0.3282960765504873,4.003762770720812e-17,NA,118,126,126,2.5344547882671955e-07,0.12145718163208
ENSG00000215012.8,C22orf29,0.06304232686326865,NA,0.9497327993708725,0.007973186270470889,0.09446951722728114,4.3929310993253745e-05,NA,12,13,13,0.5667773068531655,0.03968806598975515
ENSG00000103121.8,CMC2,-0.06209283911889717,NA,0.9504888995514805,0.018730947334455444,0.07613773173924702,0.0001991696946321688,NA,60,67,67,0.005028375220726652,0.07737615042912585
ENSG00000125755.18,SYMPK,-0.06161123090694598,NA,0.9508724329653911,0.010945930911414166,0.13512318011734284,3.4998613575934125e-07,NA,4,4,4,0.5453217260467103,0.0594367142872837
ENSG00000149418.10,ST14,0.06160071270305808,NA,0.9508808093673278,0.010619759748560751,0.05129510749229329,0.001998921425577465,NA,9,9,9,0.6743933075846704,0.11475878597043332
ENSG00000162174.12,ASRGL1,-0.06156479309445378,NA,0.9509094147749207,0.0031100966990134328,0.11553435416547825,5.477930885948005e-06,NA,14,17,17,0.01817760134795654,0.05556765232134305
ENSG00000186567.12,CEACAM19,-0.06142139945326655,NA,0.9510236102336005,0.0122665083582214,0.05649643911865353,0.0015309539297791894,NA,30,33,33,0.12388183623530769,0.2283991006157263
ENSG00000100867.14,DHRS2,0.06130356558280213,NA,0.9511174512208361,0.13614136377073757,0.3333302561679213,1.6221623255632662e-17,NA,23,24,24,0.026728813321573525,0.08956159159742859
ENSG00000228696.8,ARL17B,0.06123906298017429,NA,0.951168820336742,0.10015512380785777,0.29584286581826696,2.9933304673611123e-15,NA,7,13,13,0.012195986611976704,0.4556197012292844
ENSG00000121577.13,POPDC2,-0.060971216077312596,NA,0.9513821326357962,0.019111690309143135,0.20672254867300824,3.500345349078564e-10,NA,9,9,9,0.6435339477491263,0.026643071007974098
ENSG00000151553.14,FAM160B1,-0.06056029809960815,NA,0.9517093929848776,0.01636098959107277,0.16378596947277238,3.7008602140011664e-08,NA,15,16,16,0.7633462055770893,0.04270069419580827
ENSG00000111254.7,AKAP3,0.060438607985174274,NA,0.9518063101186663,0.011403699254765951,0.1646043010652521,1.4012684034343814e-08,NA,12,13,13,0.8570278833535394,0.07786922122192262
ENSG00000255274.9,TMPRSS4-AS1,0.06040193458088294,NA,0.9518355178999577,0.018819559972825764,0.14247355567759698,2.875591727191465e-07,NA,7,7,7,0.5374817003563461,0.07717688748783266
ENSG00000250934.1,RP11-71E19.1,0.060242552281058126,NA,0.9519624554174902,0.002210800954393127,0.031083149733927062,0.022452307078108472,NA,7,7,7,0.655786606916932,0.09275823557246007
ENSG00000088179.8,PTPN4,-0.059650091274072045,NA,0.9524343222974792,0.009648749713500661,0.0946427452090534,4.368082723684735e-05,NA,22,25,25,0.025733974949711972,0.12197713136477195
ENSG00000110455.13,ACCS,-0.05961071034499603,NA,0.9524656879184782,0.05584509695725049,0.35046405199483605,4.3615012299634725e-19,NA,15,17,17,0.36935535679295295,0.2090447283422502
ENSG00000110080.18,ST3GAL4,0.059457835377741346,NA,0.9525874485232931,0.03354958006235899,0.231205470402838,1.2359552911373984e-11,NA,11,12,12,0.5657509426308307,0.1167231176821824
ENSG00000249198.1,RP11-772C9.1,-0.059437319413633505,NA,0.9526037889950477,0.09651756816742033,0.2646451681307028,2.0176814454650589e-13,NA,30,30,30,0.00011742864055798464,0.060149982014678284
ENSG00000105793.15,GTPBP10,0.05900702409542089,NA,0.9529465134432714,0.007581166974875344,0.03839633077491953,0.010660682363285066,NA,33,35,35,0.0008668322042626273,0.14976484691880132
ENSG00000254605.1,RP11-626H12.2,-0.05884340800600524,NA,0.9530768337504101,0.003092018262869916,0.025043260844163008,0.03554569963065701,NA,2,2,2,0.9401922661113484,0.06569552899115462
ENSG00000143190.21,POU2F1,-0.05882953282293144,NA,0.9530878853992849,0.016975761161311605,0.032716356475108795,0.017054929200084674,NA,38,39,39,0.03461297997372486,0.13855497895776905
ENSG00000234378.1,AC098828.2,0.05877405454604505,NA,0.9531320741990696,0.050764594752407764,0.2327987555784221,5.187085583458748e-12,NA,12,12,12,0.18782171207261256,0.13975908622326966
ENSG00000272279.1,RP11-157J24.2,-0.05750148081455536,NA,0.9541457265427878,0.1041770049703988,0.3223260891582727,1.5330862542593132e-16,NA,30,32,32,0.059634611662243854,0.17769301216972244
ENSG00000196990.8,FAM163B,0.05699579403655749,NA,0.954548545569274,0.054599206420752305,0.22651008552106694,3.322625719091568e-11,NA,15,17,17,0.046461265285847826,0.2375150432476143
ENSG00000157303.10,SUSD3,-0.056988252949363716,NA,0.9545545527225019,0.008484795250613098,0.09045403358155736,4.823007998096032e-05,NA,14,14,14,0.00562357036213757,0.09085653238004096
ENSG00000109929.9,SC5D,-0.056624943252248504,NA,0.9548439645775844,0.014104784369535434,0.09429266029406908,4.708078873419912e-05,NA,31,32,32,0.0019367248356717177,0.14740431507010496
ENSG00000140950.15,TLDC1,0.05650706635635038,NA,0.9549378663831963,0.01175136609848168,0.12014402989413007,3.3576215338420582e-06,NA,31,38,38,0.027523740739299363,0.04307454542143595
ENSG00000168566.12,SNRNP48,-0.05640263077966761,NA,0.9550210612344683,0.018817459364569415,0.16122684264525655,4.446313217902914e-08,NA,40,42,42,8.973088177240541e-05,0.08119343638569754
ENSG00000137074.18,APTX,0.056077988884064206,NA,0.955279678666136,0.028848253558061376,0.1695081115405045,1.2945153138520628e-08,NA,38,39,39,0.31777314551806934,0.04190151881875604
ENSG00000163491.16,NEK10,0.05549336562773972,NA,0.955745415269622,0.0951471097085924,0.19659455472884294,1.1789986459876049e-09,NA,34,34,34,0.000337269124408062,0.3440595489090168
ENSG00000186480.12,INSIG1,0.0554232559290338,NA,0.9558012687575232,0.002638899397190006,0.04877658670593649,0.003703148205568675,NA,11,12,12,1.9680925447623393e-06,0.027485748989902182
ENSG00000183729.3,NPBWR1,-0.05478382408291778,NA,0.9563106875595184,0.13178790985231337,0.3320151655997766,1.800948343142016e-17,NA,27,27,27,0.018669268528518846,0.14109762383415528
ENSG00000134317.17,GRHL1,-0.05429803539752703,NA,0.9566977147718525,0.003305745349658778,0.04821184827824458,0.004159968025242081,NA,2,2,2,0.0024586605487100883,0.08720313242040195
ENSG00000151470.12,C4orf33,-0.05424847751821298,NA,0.9567371980450805,0.04848107013229483,0.2787891576887422,1.8061004689120538e-14,NA,23,23,23,0.7235795729363563,0.08601770472483426
ENSG00000140105.17,WARS,-0.054056455381677256,NA,0.9568901850619685,0.023868962761027734,0.1357733947819524,6.225239040680608e-07,NA,85,94,94,0.1253213312140476,0.09300618701227918
ENSG00000248333.8,CDK11B,-0.053777805403929374,NA,0.957112192647381,0.00023990604906594485,0.08078703502449207,0.0001473186895887446,NA,4,9,9,0.02015369375875252,0.031697934923860326
ENSG00000214944.9,ARHGEF28,0.053492863270167536,NA,0.9573392167951496,0.08868354445063655,0.4192695948941626,1.0609063893336524e-23,NA,21,21,21,0.31275506047811064,0.05835276116931672
ENSG00000183569.17,SERHL2,-0.053412097992846796,NA,0.9574035661687847,0.021693631351283618,0.12817541829088774,1.2903095350195291e-06,NA,9,11,11,0.09099132261450135,0.09742669940586783
ENSG00000161944.16,ASGR2,-0.05318370020534278,NA,0.9575855425860041,0.005488435179276895,0.14509138905827085,2.810399676732079e-07,NA,8,8,8,0.16018856273439264,0.06648722162381736
ENSG00000109472.13,CPE,0.05295934865570994,NA,0.9577642973068444,0.0742828015076765,0.07629974128868558,0.00024319078837078224,NA,66,68,68,0.0014524316091199436,0.10119375094432516
ENSG00000274173.1,RP4-568C11.4,-0.052913562714718226,NA,0.9578007780520159,0.029347978114745685,0.14413049016953758,3.133628575118684e-07,NA,26,26,26,0.00037146308373261415,0.03942315972213205
ENSG00000273449.1,RP11-218F10.3,-0.052834171031053145,NA,0.9578640349668599,0.03723277506763209,0.1422275350684289,1.1614084240015087e-07,NA,31,33,33,0.07187696697564924,0.08256087339340998
ENSG00000186153.16,WWOX,0.052602202200835654,NA,0.9580488622994041,0.013078773542832375,0.07262736328140172,0.00035536104945929365,NA,15,15,15,0.5478072669904357,0.03566107189157963
ENSG00000203772.7,SPRN,0.05225779604693854,NA,0.9583232812158264,0.1071214405064358,0.2040619306642959,2.671488556963521e-10,NA,73,76,76,4.936938328890179e-07,0.32935879056021344
ENSG00000126217.20,MCF2L,-0.052165741968171676,NA,0.9583966296993338,0.064141092934548,0.25967656362843955,1.3721921083968056e-13,NA,36,37,37,0.21845988181494802,0.2803499012515369
ENSG00000036448.9,MYOM2,0.052130264678516086,NA,0.9584248980182299,0.034981587379469395,0.15836414631453136,6.958988902536809e-08,NA,11,11,11,0.33462134719029357,0.05787897905083386
ENSG00000177042.14,TMEM80,-0.05207467440080905,NA,0.9584691924793526,0.009409886138197644,0.13946313647207784,5.17197858421734e-07,NA,7,7,7,0.866306513702614,0.043336799139787406
ENSG00000134545.13,KLRC1,-0.05207292296934896,NA,0.9584705880260522,0.01611147030218714,0.02816332702595245,0.02967194670509118,NA,13,14,14,0.9038044133152943,0.059817349157151034
ENSG00000174989.12,FBXW8,-0.05206789546977227,NA,0.9584745939559671,0.021060449217605984,0.10090025368230694,2.4289405537951182e-05,NA,24,27,27,0.5596372083631385,0.07432982572413159
ENSG00000274414.1,RP5-965G21.4,0.05124305536993527,NA,0.9591318436671533,0.013708129316214169,0.04406567503865177,0.004832234016180082,NA,28,29,29,0.6293566224398828,0.10743774112451696
ENSG00000120662.15,MTRF1,0.051114093094747154,NA,0.95923460600727,0.006519589113805894,0.03490190395227572,0.014769950237831004,NA,26,29,29,1.203835364877924e-05,0.06776102341615638
ENSG00000204977.9,TRIM13,-0.051107529893680906,NA,0.9592398358486104,0.0042784577931815415,0.061506837139408126,0.0011840494329740244,NA,8,8,8,0.12116610743196343,0.02893860357614722
ENSG00000162777.16,DENND2D,-0.05109033821279381,NA,0.959253534928843,0.04629086908548513,0.11072096091783144,3.560828998355278e-06,NA,39,40,40,0.06832338715964402,0.181566601289046
ENSG00000171763.18,SPATA5L1,-0.050913979083801394,NA,0.9593940662594618,0.002718990856037231,0.06891116511927955,0.0005251979173993171,NA,6,6,6,0.9145699647073849,0.020462883799866702
ENSG00000105392.15,CRX,-0.05069545008646341,NA,0.9595682022941854,0.010032229762576304,0.026050669118854,0.03455075391782051,NA,22,25,25,0.12333401864151529,0.07902530271624418
ENSG00000140691.16,ARMC5,0.05061659945758731,NA,0.9596310353260095,0.007103399517717629,0.03692206957995448,0.012632057649342722,NA,46,49,49,0.09178018905702098,0.09110386726977104
ENSG00000275223.1,RP1-63M2.7,-0.04873396895048128,NA,0.96113130471986,0.01872170074806185,0.02520255397749097,0.036363012108250915,NA,16,16,16,0.32027402066671007,0.3984673582424889
ENSG00000105499.13,PLA2G4C,-0.04871666500389921,NA,0.9611450948919451,0.013377550786716118,0.03845343392677578,0.011267056706952924,NA,18,20,20,0.3836280911287606,0.16947257785509687
ENSG00000075391.16,RASAL2,-0.04850631615454137,NA,0.9613127308055756,0.004214864509958754,0.06236125076033764,0.0008071981878281077,NA,5,5,5,0.011099319069348714,0.0976869441595332
ENSG00000174125.7,TLR1,-0.047452122236000364,NA,0.9621528882381714,0.015221605762403733,0.04064643176093609,0.008661174261396598,NA,36,42,42,0.12929264028410797,0.19560842536290604
ENSG00000186377.7,CYP4X1,-0.047265199421231766,NA,0.9623018639077099,0.0012148582455902132,0.03328467659178653,0.01679730613455351,NA,8,8,8,0.8646955419749944,0.007874178012986559
ENSG00000100987.14,VSX1,0.04697125724338366,NA,0.9625361356314069,0.009178469752604604,0.027636394317742827,0.0281738003072015,NA,11,12,12,0.46311537066360087,0.1003870899261092
ENSG00000068903.19,SIRT2,-0.046583895471458026,NA,0.9628448676472102,0.017752251393284985,0.15149135095805802,1.1511771849177966e-07,NA,15,15,15,0.19302067319406258,0.1015874931212873
ENSG00000155542.11,SETD9,0.046520348563973565,NA,0.9628955158339826,0.06411130031123166,0.2601541958404855,4.130379744303045e-13,NA,47,50,50,0.04992959712259724,0.1602525654467077
ENSG00000257261.5,RP11-96H19.1,-0.04607677087187768,NA,0.9632490604984895,0.010168101302497998,0.07661753402380769,0.00012069566724843448,NA,1,1,1,0.9632490604984895,0.1570898210786544
ENSG00000272209.1,RP3-500L14.2,0.04527347937870279,NA,0.9638893261465142,0.012101315944999025,0.03994068616755308,0.00902351750184858,NA,11,12,12,0.10251861996371335,0.05667880363738239
ENSG00000232229.5,LINC00865,-0.045203816373977766,NA,0.9639448523352008,0.01345758104413677,0.10566152575673213,1.2814046087198715e-05,NA,18,19,19,0.00020975893052683445,0.08698644892682171
ENSG00000137364.4,TPMT,0.04492517197494876,NA,0.9641669527621533,0.0016044967472842522,0.05473949748912728,0.002216589221045925,NA,3,3,3,0.9677525391708043,0.053851241242782295
ENSG00000076344.15,RGS11,0.04452196422600915,NA,0.9644883444134764,0.0017571849575812493,0.04029056459090415,0.009280027655013458,NA,4,5,5,0.7258008433449974,0.02483247086945653
ENSG00000081051.7,AFP,0.044293077861582694,NA,0.9646707893274823,0.042889892428633,0.2559591549363945,1.0864276986822713e-12,NA,30,30,30,0.049981728688337466,0.048717298792904117
ENSG00000110047.17,EHD1,0.04425038582028668,NA,0.9647048192826307,0.002394475640316718,0.02440522398963644,0.043091003214938105,NA,8,8,8,0.5792162858366154,0.05837372774778705
ENSG00000116667.12,C1orf21,-0.04415087428968099,NA,0.9647841404738975,0.10956177100134121,0.3369333243195502,2.6514128341532767e-19,NA,61,72,72,8.955151220007025e-05,0.21016448974450844
ENSG00000163710.7,PCOLCE2,0.04353299333247936,NA,0.9652766645706905,0.006899685769533986,0.025306306737822512,0.04064951683463404,NA,3,3,3,0.6117661609893046,0.07911317800600587
ENSG00000146477.5,SLC22A3,0.04327966685677855,NA,0.9654785995305346,0.047549049144228125,0.19021928072479355,2.135197334060626e-09,NA,52,56,56,0.0036540905264007832,0.09550319875764897
ENSG00000166321.13,NUDT13,0.043222589315118576,NA,0.9655240982435661,0.014294954468900126,0.08833650065352618,2.8075472864630357e-05,NA,27,27,27,0.5728954601159268,0.08729734028555798
ENSG00000133816.13,MICAL2,-0.04315450969866541,NA,0.9655783672821363,0.05608385773999403,0.26972908539614554,3.890333044736254e-14,NA,38,43,43,3.576474137752488e-05,0.29142992281748753
ENSG00000112599.8,GUCA1B,0.042673424649037284,NA,0.9659618643236223,0.09312465668354329,0.2747261159782736,4.0793285783788805e-14,NA,52,54,54,0.00523826524129639,0.16083921581598928
ENSG00000163235.15,TGFA,-0.042580907965517945,NA,0.9660356149213501,0.028860446995963417,0.1076664560426824,9.624093555663457e-06,NA,23,23,23,0.0025044477039231675,0.09401177763734103
ENSG00000048544.5,MRPS10,0.04247131562712186,NA,0.966122977923676,0.02136245828226455,0.32820820495115777,4.356238530812822e-17,NA,31,31,31,0.1452910568948901,0.01124141380005592
ENSG00000033867.16,SLC4A7,-0.04231416497339543,NA,0.9662482533842367,0.0257555454816657,0.105782542316688,1.5828455100097356e-05,NA,36,39,39,0.008303492986452067,0.04165462312150616
ENSG00000116985.11,BMP8B,0.04187113962475097,NA,0.9666014234566074,0.09089533421022394,0.08629023615956599,9.728219508449175e-05,NA,105,109,109,8.449767547620596e-12,0.26659606305954425
ENSG00000132970.12,WASF3,0.041348990090367424,NA,0.9670176779967405,0.10775918678803337,0.18544240864356856,8.715215423206638e-10,NA,64,71,71,0.01616635901432078,0.13698293250838645
ENSG00000112175.7,BMP5,0.04133259571771166,NA,0.9670307476403831,0.022403936782688955,0.037469386985580035,0.010071849510772198,NA,62,63,63,0.0292359024146326,0.1157640484369748
ENSG00000186910.3,SERPINA11,0.041231621681947314,NA,0.9671112446432959,0.012631631098978751,0.0985306633101998,2.727873783648765e-05,NA,29,31,31,0.3736445080907441,0.07946751956026786
ENSG00000251584.1,RP11-440I14.3,-0.04090290762190899,NA,0.9673732994419831,0.011815476703811147,0.1117061510501526,2.656627234651421e-06,NA,7,7,7,0.45322763783188713,0.06693664356038692
ENSG00000147471.11,PROSC,0.04066210229409013,NA,0.9675652745805997,0.0021424042005261466,0.02709529715370033,0.030360173288016337,NA,24,24,24,0.08137745178006155,0.05789257189874284
ENSG00000100580.7,TMED8,0.04051170890219511,NA,0.9676851723516326,0.04102843726116552,0.25374669653621124,4.918971237911088e-13,NA,34,35,35,0.01711513951553702,0.4337922323133913
ENSG00000189269.12,DRICH1,0.04029636172743526,NA,0.9678568543458153,0.13358169512400123,0.4148096566018992,4.4279482457025814e-23,NA,27,30,30,0.05687314475153931,0.32195249930842834
ENSG00000136108.14,CKAP2,-0.039467917470628826,NA,0.968517331727279,0.023798643609298453,0.2569021319821661,2.7830893062044204e-13,NA,16,17,17,0.7786819274937035,0.03646240077981233
ENSG00000168778.11,TCTN2,0.039339264588477585,NA,0.9686199022169876,0.05574884281629597,0.14257054958146892,1.066005255366423e-07,NA,72,75,75,2.410440699644461e-06,0.16416863468120405
ENSG00000164022.16,AIMP1,-0.03915412194881332,NA,0.9687675109456454,0.00965503172578129,0.03630422274450448,0.012149320568132059,NA,19,20,20,0.020643572099246926,0.0824833441171826
ENSG00000140682.18,TGFB1I1,-0.03894459250963277,NA,0.9689345638358383,0.005717845636518716,0.07780482277563375,0.00023451714510864185,NA,11,11,11,0.004494221851071361,0.09564278852474173
ENSG00000120675.5,DNAJC15,-0.038777423663083295,NA,0.9690678446005511,0.17515459979044223,0.4940154172430714,9.1742366423113e-30,NA,24,24,24,0.7930916212321901,0.0947372997022078
ENSG00000114547.9,ROPN1B,-0.03868496980184182,NA,0.9691415568002146,0.019493204206179327,0.04218699587183395,0.005680402339462835,NA,14,15,15,0.002255330748019365,0.042722611991440715
ENSG00000198515.13,CNGA1,0.03843771326760784,NA,0.9693386923484173,0.03215231557532024,0.30618261000357105,5.242541212050718e-16,NA,9,9,9,0.6467020116709309,0.049913723394628746
ENSG00000112297.14,AIM1,0.038394259909503924,NA,0.9693733375380486,0.06548358015890564,0.4183634263544185,7.16516516823527e-23,NA,9,9,9,0.7327521611207962,0.0981004329480892
ENSG00000142149.8,HUNK,0.03826051831890717,NA,0.9694799695388683,0.042989569592093685,0.19414682836994912,3.1940327195469566e-10,NA,18,18,18,0.0003561047503555394,0.13639823043763016
ENSG00000164488.11,DACT2,-0.03820368318464925,NA,0.9695252842847573,0.09165451762627348,0.34235047140292496,1.5988409620668968e-18,NA,19,20,20,0.1585054109989381,0.2552295542345381
ENSG00000105607.12,GCDH,-0.03776017262930573,NA,0.9698788993472176,0.0022175968050343053,0.06921010059944341,0.00044400579538016513,NA,6,6,6,0.8752812967769147,0.03761415829772948
ENSG00000187630.15,DHRS4L2,-0.03733708636154558,NA,0.9702162354567778,0.021444509679150327,0.09717087608087696,1.6181398878066512e-05,NA,68,70,70,9.561820725795817e-07,0.08287790125526652
ENSG00000237753.1,AC079922.3,-0.03730524484084381,NA,0.970241623627176,0.028551656133621175,0.22429364661488285,2.636633611687199e-11,NA,19,20,20,0.061599952782173235,0.026649555138242527
ENSG00000104689.9,TNFRSF10A,0.037012634781735394,NA,0.9704749315449798,0.02181257284278312,0.18105975974903846,6.0044949103624846e-09,NA,27,30,30,0.00041245416870500003,0.05042581402599988
ENSG00000131037.14,EPS8L1,-0.0364313248644007,NA,0.9709384371216426,0.00016684840064950604,0.18558542621055,1.8307156045680943e-09,NA,2,14,14,0.9592891454929324,0.022980785417583603
ENSG00000182612.10,TSPAN10,0.03556062725776034,NA,0.9716327033475164,0.09950483898071116,0.4521065669123223,2.316176879554797e-25,NA,18,18,18,0.3643451133641089,0.08758539417629788
ENSG00000241945.7,PWP2,-0.03537333058607238,NA,0.9717820505079932,0.22799654414297563,0.5999496833481033,6.6882559764080895e-40,NA,15,15,15,0.15979747795603716,0.40280211522658704
ENSG00000273142.1,RP11-458F8.4,-0.03531232345287362,NA,0.9718306967657786,0.011427079564038536,0.2562530479677134,4.82737043146286e-13,NA,27,30,30,0.025605218885378707,0.029625881180684627
ENSG00000149534.8,MS4A2,-0.035217262084511244,NA,0.9719064976160571,0.03775697297773546,0.10289891017111688,1.7914213718275314e-05,NA,62,67,67,0.019442487474352437,0.3802730381815568
ENSG00000226816.2,AC005082.12,0.03520404464020162,NA,0.9719170370754208,0.005722153027088899,0.040035307259631205,0.009195027253657971,NA,4,4,4,0.4451534090157938,0.028607178470550214
ENSG00000069998.12,HDHD5,0.03517994091898568,NA,0.9719362571569423,0.021610566628998955,0.0854932758519799,7.998729269788303e-05,NA,48,68,68,0.011249927438409007,0.10203215383481436
ENSG00000223510.6,CDRT15,-0.035043266830074256,NA,0.9720452401031173,0.14525417043081634,0.19421226932687352,2.8436018879195644e-10,NA,104,115,115,5.854579404455356e-05,0.25910314068308565
ENSG00000145781.8,COMMD10,0.03492006355518115,NA,0.972143481965426,0.0025867524797225762,0.026184538617384085,0.03664523320906525,NA,12,13,13,0.2389361778509268,0.036420606199047294
ENSG00000117226.11,GBP3,0.03484870936283588,NA,0.9722003797432665,0.15465307959430988,0.4755190739016996,2.80075957633056e-28,NA,22,22,22,0.8383243440043514,0.2619111094745949
ENSG00000183513.8,COA5,-0.03443013244119248,NA,0.9725341554970304,0.01149208840486134,0.04580541083645325,0.005128045254064674,NA,46,47,47,0.008328764380498633,0.08559504344837512
ENSG00000140543.14,DET1,-0.03440172291589918,NA,0.9725568095982734,0.013815641655618032,0.08536279814501825,0.00012431780352685612,NA,19,22,22,0.0022868249741312316,0.11628320913390805
ENSG00000277791.4,PSMB3,-0.033890060604272784,NA,0.9729648191255645,0.0003111241512894274,0.04204394553594088,0.0073981850201306895,NA,7,22,22,0.00877399622385857,0.04044595860073951
ENSG00000073050.11,XRCC1,0.03386548849360628,NA,0.9729844135857479,0.02212984865378906,0.121753713416791,3.0627732163315037e-06,NA,36,38,38,0.05139162293300146,0.5384205589460205
ENSG00000189350.12,TOGARAM2,-0.03375641268894246,NA,0.9730713937549802,0.032380441121255536,0.10622082288574396,1.2161375704923599e-05,NA,37,46,46,0.033411478963300184,0.09951361921332944
ENSG00000108479.11,GALK1,0.033652852429970126,NA,0.9731539759665767,0.058071652993404235,0.3301185348496694,1.7024376929891775e-17,NA,10,11,11,0.001509856299550888,0.11582038830573035
ENSG00000005156.11,LIG3,0.03333663060694623,NA,0.9734061429834258,0.009266030878738018,0.1347873312257948,5.550277715215418e-07,NA,11,11,11,0.45362360938950363,0.029763461267209367
ENSG00000174456.13,C12orf76,0.032969541159504484,NA,0.9736988770641354,0.007208309377176165,0.09911376720020412,2.4528745328568672e-05,NA,15,16,16,0.7011386169611142,0.04104869470797799
ENSG00000172594.12,SMPDL3A,-0.03261118913130094,NA,0.973984646940904,0.024095394085252908,0.05039380788711152,0.0035294553472370992,NA,76,77,77,0.0005375288421817021,0.12936585284393545
ENSG00000103852.12,TTC23,0.03234742400763194,NA,0.9741949900848292,0.005768371610216568,0.05104249261923673,0.002252453423729128,NA,7,7,7,0.9638748539929327,0.04910950184909287
ENSG00000111863.12,ADTRP,0.031810407601197646,NA,0.9746232467723431,0.013120792800896395,0.03298563166116677,0.018131209418048383,NA,82,89,89,0.07551248361678356,0.21171113266048935
ENSG00000155393.12,HEATR3,0.031740223431035545,NA,0.9746792173750451,0.008961521670832775,0.13261788828315715,4.248599924369501e-07,NA,8,8,8,0.027927606786110032,0.0304313065511967
ENSG00000198874.12,TYW1,-0.03143196658644713,NA,0.9749250480901739,0.04344141113016725,0.08387407915173295,0.00010281243803558681,NA,56,60,60,1.2185759300497158e-09,0.12999329033043938
ENSG00000077238.13,IL4R,0.031380799977324104,NA,0.9749658530084659,0.011457726544737708,0.1941414403958294,7.671203062123712e-10,NA,18,19,19,0.37740187928063806,0.0648886226126223
ENSG00000171236.9,LRG1,0.031281813979148865,NA,0.9750447936525299,0.0002367121911359777,0.13328435978564332,3.813367660883849e-07,NA,1,2,2,0.9750447936525299,0.021282668454686
ENSG00000092421.16,SEMA6A,-0.031201849146034674,NA,0.9751085652284781,0.00029556713605098043,0.021052541820450167,0.049597259783225774,NA,9,9,9,0.9725075428902739,0.03760257229924902
ENSG00000172478.17,C2orf54,0.030529984582917235,NA,0.9756443802826726,0.18513624793559935,0.5364338101558951,2.751263363114774e-34,NA,32,35,35,0.07362452495818914,0.18701660606535836
ENSG00000274265.4,CH17-189H20.1,0.030423699897917003,NA,0.9757291438169096,0.00610027100917805,0.04410794507691843,0.0060798379794877976,NA,14,32,32,0.2339200749630329,0.08884718260668974
ENSG00000187244.10,BCAM,-0.02968775409985182,NA,0.9763160784309243,0.0010761921390437918,0.02525748597155375,0.038226243475981234,NA,6,6,6,0.13364117705384132,0.041638998357455576
ENSG00000167981.5,ZNF597,-0.02937656685442774,NA,0.9765642616786412,0.030754651313727833,0.1001002149069742,2.1744172682208028e-05,NA,25,26,26,0.03442456196293031,0.08759690872648575
ENSG00000139163.15,ETNK1,-0.029310792382929444,NA,0.9766167195246186,0.0034892933607784497,0.10440227868347783,1.2567373185132773e-05,NA,4,6,6,0.014307693431570298,0.07593466687407209
ENSG00000112357.12,PEX7,0.02895309745058402,NA,0.9769019977078585,0.024219583057450114,0.1728668201876155,3.272645774991672e-09,NA,25,27,27,0.0902060838847296,0.07416213312939028
ENSG00000126746.17,ZNF384,0.028923583507078635,NA,0.9769255365695996,0.003011849804856377,0.13758355474135944,4.0101826160712354e-07,NA,2,2,2,0.9033421339658011,0.06987452587345744
ENSG00000106733.20,NMRK1,0.028867515349548727,NA,0.9769702538145483,0.021164526181056506,0.2201292256837598,5.711758202617746e-11,NA,6,6,6,0.749900958060254,0.08179349280429972
ENSG00000251061.2,RP11-789C1.2,0.0285066361743783,NA,0.9772580752797068,0.02140255135059299,0.37166220779896186,7.450184118766949e-20,NA,15,18,18,0.09540914707175312,0.08401088208337182
ENSG00000105364.13,MRPL4,-0.028484025700458125,NA,0.9772761085049292,0.022647632290408892,0.058268764783784226,0.0011858470451913865,NA,63,64,64,3.394282719016154e-06,0.20989812032748967
ENSG00000116785.13,CFHR3,0.02787812440272446,NA,0.9777593558592702,0.1648092747761268,0.5120776217878306,2.170056614123636e-31,NA,14,15,15,0.053580439833114335,0.1588553543157469
ENSG00000158483.15,FAM86C1,0.02779297970861343,NA,0.9778272651823369,0.009138213424498326,0.16286755346774534,7.224377684308323e-09,NA,7,9,9,0.8468568888009188,0.025136969030996638
ENSG00000162836.11,ACP6,0.02754683512563689,NA,0.978023584976386,0.04691336625134657,0.3069121681087357,1.185058873948702e-15,NA,41,47,47,0.10489680616004878,0.10421204699627763
ENSG00000180953.11,ST20,-0.027539080935892427,NA,0.9780297695783551,0.06110433926451227,0.2814841536669929,3.3934734671082767e-14,NA,48,51,51,0.12682619198060618,0.1997218858596727
ENSG00000147654.14,EBAG9,0.026960178171390098,NA,0.9784914956924982,0.005854269872232657,0.0437073677199708,0.006628934551357053,NA,29,29,29,0.029811672823212884,0.13161254711717746
ENSG00000085063.14,CD59,-0.02664726769811827,NA,0.9787410724580017,0.0021358406244383547,0.026932593178104067,0.033034306022868984,NA,19,20,20,0.016830067542551997,0.0461169029867596
ENSG00000099968.17,BCL2L13,-0.02572507970035076,NA,0.9794766197661199,0.0005960125655051978,0.023005912236093225,0.046152953602847935,NA,1,1,1,0.9794766197661199,0.038729816191048885
ENSG00000155530.2,LRGUK,-0.02561983387082345,NA,0.979560566120518,0.043346629766348004,0.15041872168887746,1.3723166413567453e-07,NA,19,19,19,0.2544224130095565,0.23372706518013026
ENSG00000213995.11,NAXD,-0.025548576043392217,NA,0.9796174030364599,0.006317060046000643,0.09012423407638827,3.840720775083889e-05,NA,10,10,10,0.15569312082393086,0.05623569306982778
ENSG00000260633.1,RP11-375I20.6,0.0254814714350426,NA,0.9796709273419736,0.0125057450211212,0.1431498184578306,3.554139897305467e-07,NA,19,19,19,0.5367461668240265,0.0233467871012752
ENSG00000114248.9,LRRC31,0.02546554859136787,NA,0.9796836278117714,0.021875716535596647,0.07311080736088191,0.0003994721636727777,NA,56,57,57,0.020067279379096133,0.16877789854132594
ENSG00000256771.3,ZNF253,-0.024387845723602464,NA,0.9805432431512231,0.00765879350267196,0.12995229597492738,1.0019849605391566e-06,NA,7,12,12,0.00019188620586972673,0.1005359520116514
ENSG00000103202.12,NME4,0.024182249561157054,NA,0.9807072367888451,0.04396180046525401,0.2601843565164834,7.054680977792045e-13,NA,27,27,27,0.006302212940279085,0.09975724157831337
ENSG00000100243.20,CYB5R3,0.02404650835186602,NA,0.9808155111184045,0.012981281813983475,0.1242834382748377,1.7846687228103374e-06,NA,54,65,65,0.16668672028957676,0.2414199503158336
ENSG00000151292.17,CSNK1G3,-0.023877445530693847,NA,0.9809503650125476,0.01080141313852783,0.10227564705488897,1.6195336137309695e-05,NA,14,14,14,0.018007031507564695,0.07246851457209663
ENSG00000162086.14,ZNF75A,-0.02382074070271688,NA,0.9809955960542392,0.0004241981204683859,0.08966666680219865,5.98930276238755e-05,NA,7,8,8,0.9521840597096665,0.01222876473335347
ENSG00000128487.16,SPECC1,0.023719844538039703,NA,0.981076076806142,0.007004637769556178,0.0710889226995015,0.000456772270884856,NA,13,14,14,0.24963915543751103,0.04240245226757961
ENSG00000049089.13,COL9A2,-0.02336495490383487,NA,0.9813591593052358,0.009655539400750231,0.04998350557374437,0.0036013248694249976,NA,13,13,13,1.495284036426895e-05,0.05701843878806005
ENSG00000123643.12,SLC36A1,0.023065907197688598,NA,0.9815977005617136,0.014289050515491033,0.22705190970567676,1.0627061548799221e-11,NA,33,33,33,0.04779667207114399,0.03884579399819869
ENSG00000109861.15,CTSC,-0.022947771148977593,NA,0.9816919345479843,0.017091813153673342,0.11355065014692504,2.6801057636165365e-06,NA,19,19,19,0.03284722567775194,0.06933573562674858
ENSG00000117791.15,MARC2,-0.022717232187855346,NA,0.9818758300845737,0.013869430486678148,0.15999822701283306,5.0197952747827616e-08,NA,22,23,23,0.07785725008496194,0.04800449591051455
ENSG00000219438.8,FAM19A5,0.02194666333006772,NA,0.9824905017716539,0.035437487935779576,0.10667907702134767,1.1735231731419984e-05,NA,22,25,25,0.00028767628258504185,0.33726946700596144
ENSG00000112339.14,HBS1L,0.021784527067065986,NA,0.9826198368709813,0.004167019610270996,0.11570821055244525,3.5422251332420563e-06,NA,24,24,24,0.0012778402476110822,0.033677947103583024
ENSG00000163687.13,DNASE1L3,-0.0216541836651241,NA,0.9827238113320703,0.005358458467179434,0.02619528266163356,0.03171266508743939,NA,20,22,22,0.00899850712112075,0.03777121480500016
ENSG00000180011.6,ZADH2,0.021110783054506414,NA,0.983157283178993,0.012365385195057057,0.10894918069813114,7.6929057569209e-06,NA,7,7,7,0.10383925164138838,0.055955779936547725
ENSG00000153060.7,TEKT5,0.020148164340182968,NA,0.9839251783435005,0.026879516897799577,0.12397264433758855,7.942670480026534e-07,NA,12,12,12,0.6345981263957241,0.11359157656686593
ENSG00000114405.10,C3orf14,0.019965221496709824,NA,0.9840711162573711,0.036076082569340834,0.048637826677153655,0.0036450258461715314,NA,39,42,42,0.006889976663404841,0.18421892510786889
ENSG00000160221.16,C21orf33,0.019847948484887714,NA,0.9841646680450299,0.2524850824331605,0.562189234219888,9.140201262494731e-36,NA,14,14,14,0.6022748257182864,0.15815133876268192
ENSG00000168958.19,MFF,-0.018879075632442305,NA,0.9849375717931396,0.0024790293569452106,0.06130600350114169,0.0009482562458768892,NA,8,8,8,0.05746258675179265,0.08487768690054537
ENSG00000175634.14,RPS6KB2,0.018466059057518445,NA,0.9852670538948777,0.02062821674611532,0.22330255118695666,2.567889883213731e-11,NA,17,19,19,0.11320565780616833,0.07038800955020008
ENSG00000109738.10,GLRB,-0.0181039456856433,NA,0.9855559302662898,0.029801799895311114,0.025694229038767467,0.03868292244473948,NA,27,29,29,0.12941607524729537,0.09360770831147412
ENSG00000230623.4,RP11-469A15.2,-0.01809224796929201,NA,0.9855652621651477,0.0010396438815893844,0.03221355581573145,0.018309845102211952,NA,6,6,6,0.43939515275836194,0.012250070906196264
ENSG00000073417.14,PDE8A,-0.018091439709259416,NA,0.9855659069578152,0.02177518438475539,0.05010543338229924,0.0033784032725051034,NA,39,41,41,3.995026606639638e-06,0.20163602134624
ENSG00000233415.1,RP11-101E14.3,0.01676189381042029,NA,0.986626569957348,0.049746998753803964,0.14142465978849209,3.313899717135527e-07,NA,56,59,59,2.6694499939286962e-05,0.14366046706749944
ENSG00000071794.15,HLTF,0.016736266259900733,NA,0.9866470149163077,0.003970559884926433,0.09272819020178932,4.734690316503576e-05,NA,17,17,17,0.2679893950720048,0.04491614659301886
ENSG00000152484.13,USP12,-0.015568123709998508,NA,0.9875789361947266,0.007079137099741374,0.04698760189727152,0.0047076159042358,NA,32,34,34,0.13151648105448063,0.038222714980997205
ENSG00000105808.17,RASA4,-0.01536865546863267,NA,0.9877380697854474,0.01869092084420139,0.07074557476241483,0.0004460115174514417,NA,8,8,8,0.6772819899019846,0.16186975747689702
ENSG00000197977.3,ELOVL2,-0.015321939974349514,NA,0.9877753389687851,0.008919630725697476,0.08552443996823292,9.197352784477572e-05,NA,22,22,22,0.37140229711094674,0.06824001718456049
ENSG00000216588.8,IGSF23,-0.014993112963117778,NA,0.9880376748253977,0.030362513078352454,0.18303985698627356,5.921015613664699e-10,NA,24,26,26,0.01081763237522306,0.06924849689847358
ENSG00000160963.13,COL26A1,-0.014809069088014435,NA,0.9881845042895493,0.02199354193880239,0.26216741472553506,6.474036692133637e-14,NA,33,36,36,0.4901720740433002,0.013583444433646294
ENSG00000167395.10,ZNF646,-0.014511901698259829,NA,0.9884215840818074,0.03807044308905021,0.15069184200007288,8.350638189567465e-08,NA,34,36,36,0.047457164473022194,0.10160613523742447
ENSG00000134250.19,NOTCH2,-0.01428038783903672,NA,0.9886062862746183,0.011992998720290545,0.1302627667498124,5.828197059378118e-07,NA,43,53,53,0.6767743495689308,0.052445286862240134
ENSG00000166359.10,WDR88,-0.014015762597405624,NA,0.9888174055379774,0.05703629913464475,0.08162403195805087,0.00013029753621448514,NA,24,26,26,0.0043502485818315015,0.12164355572826632
ENSG00000183741.11,CBX6,0.013963642423943717,NA,0.98885898735046,0.006598160049280482,0.11869319891005407,2.981012808529065e-06,NA,12,12,12,0.31211484338365736,0.06344137038842672
ENSG00000240875.5,LINC00886,-0.013963334957391453,NA,0.9888592326493597,0.02395624801196864,0.11799970404761845,3.396408036709091e-06,NA,43,43,43,0.013523285552359208,0.11182417897071477
ENSG00000167608.11,TMC4,0.013681964275381615,NA,0.9890837125254373,0.04142249183342025,0.15825585258635005,3.8186775254170355e-08,NA,19,35,35,0.0009079223426826681,0.1325040807525619
ENSG00000153291.15,SLC25A27,-0.013486733852003878,NA,0.9892394694938688,0.0061553646755708276,0.12840322169848506,1.3823053272293852e-06,NA,16,17,17,0.0038766547705574718,0.07941932370079532
ENSG00000153786.12,ZDHHC7,0.013374236291946945,NA,0.9893292214651165,0.00623402225436717,0.041084419554090784,0.008545397936736414,NA,25,26,26,0.00015689116117402317,0.08404352256299114
ENSG00000130348.11,QRSL1,-0.013296963357082851,NA,0.9893908708647436,0.06015855470555271,0.40408457963967376,4.742840065033813e-22,NA,31,33,33,0.48558604336131783,0.21189755346925745
ENSG00000112699.10,GMDS,-0.013218445777162009,NA,0.9894535133240259,0.015966534176307598,0.030358856195704324,0.02121105686590579,NA,23,26,26,0.05644622911621404,0.2725473935581235
ENSG00000276073.1,RP5-1125A11.7,-0.01309600942222117,NA,0.9895511949459256,0.017017438602523124,0.09309065103800354,5.342242168692527e-05,NA,16,16,16,0.164161225780609,0.05638974875484154
ENSG00000093134.14,VNN3,-0.012629953705104297,NA,0.9899230228418168,0.0008042902319026427,0.026397296770913625,0.033910835145100675,NA,3,3,3,0.022405663286180728,0.018533983572700467
ENSG00000070081.15,NUCB2,-0.012588922025038205,NA,0.9899557587832662,0.011952776614094199,0.2694182559931398,1.797882392623473e-13,NA,43,44,44,0.0002635474395353343,0.10380351048018986
ENSG00000184117.11,NIPSNAP1,-0.01258503732480854,NA,0.9899588580800791,0.012313523518335945,0.11273168102641212,4.094177111946052e-06,NA,44,46,46,0.0035349027754015164,0.10528974998838717
ENSG00000197013.9,ZNF429,-0.012542104441617557,NA,0.9899931108613325,0.007007249339597276,0.093501090646571,4.24804415287288e-05,NA,41,41,41,0.27410239903979816,0.0407300481105307
ENSG00000156273.15,BACH1,-0.012501444522402205,NA,0.9900255502398524,0.0025700328747707093,0.032064776166747126,0.019194604784594952,NA,8,8,8,0.19507341282119273,0.04097975518545461
ENSG00000151474.21,FRMD4A,-0.012429870700197394,NA,0.9900826534506539,0.001430369966886665,0.031151582309688005,0.0205205945951482,NA,2,2,2,0.9399743908352766,0.05233811360946004
ENSG00000148690.11,FRA10AC1,0.012318757420394545,NA,0.9901713022336909,0.009816316002491391,0.0716339791855526,0.00045605662822157305,NA,33,35,35,0.030681657146557597,0.07142390367059467
ENSG00000114698.14,PLSCR4,0.011898070994498279,NA,0.990506936830162,0.03120079692362352,0.17368226430500952,5.763334188299316e-09,NA,47,48,48,0.0010137476593370467,0.17345798309023785
ENSG00000100890.15,KIAA0391,-0.011771238580454684,NA,0.9906081273684954,0.0018836529227886324,0.04468500643539484,0.005614216883519593,NA,15,15,15,0.2959480651627626,0.036827736659623946
ENSG00000170113.15,NIPA1,-0.01146509671694768,NA,0.9908523767486801,0.005559294808996291,0.2293169567581064,1.0781879347544637e-11,NA,18,53,53,0.26062621539054576,0.20560449555035076
ENSG00000137760.14,ALKBH8,0.011302165208781287,NA,0.9909823688604503,0.02116494258586459,0.09856494208432684,3.0329800928512183e-05,NA,24,25,25,0.23364610321307355,0.10016342157139582
ENSG00000213965.3,NUDT19,0.011088932705328113,NA,0.9911524931204463,0.024774043898265555,0.16859553079563613,1.1461074427998072e-08,NA,11,11,11,0.782569885948322,0.10020539790784484
ENSG00000139055.6,ERP27,0.01096846849083723,NA,0.9912486038120027,0.030213849290223253,0.032000441299886766,0.014570199601848391,NA,49,49,49,2.4169249637405845e-08,0.10166810903455764
ENSG00000242616.3,GNG10,0.010857779445754882,NA,0.9913369156331178,0.044687747000150456,0.3273478948928911,5.70744374824639e-17,NA,26,28,28,0.0012003770440797534,0.1027481655805298
ENSG00000108231.12,LGI1,0.010754327617336414,NA,0.9914194534306202,0.021467485549350795,0.15063829170257356,1.0330556619865137e-07,NA,19,21,21,0.11217827198973854,0.241680567599897
ENSG00000172586.7,CHCHD1,-0.010595099762265765,NA,0.9915464916395195,0.006232744782415637,0.0252314314529215,0.03678783970325731,NA,24,26,26,0.07821566024654952,0.11630564103962747
ENSG00000267313.7,KC6,0.01057280529544211,NA,0.9915642790540876,0.003771604658765331,0.040240062464066084,0.008812578192876579,NA,20,20,20,7.948176632365262e-09,0.048127832324904286
ENSG00000122783.16,C7orf49,0.009936790173815296,NA,0.9920717190094017,0.02028657207598874,0.14246364299966094,1.380224427044195e-07,NA,75,75,75,0.04021762221592039,0.09875491851115796
ENSG00000035115.21,SH3YL1,-0.009910124895788698,NA,0.9920929937755059,0.0033686014199374305,0.034280148944462775,0.01592370878929101,NA,15,16,16,0.21499858416961137,0.03711653676969985
ENSG00000184985.16,SORCS2,-0.009653800787554128,NA,0.9922975010389113,0.03738624055693153,0.027846353747575214,0.02323103163260542,NA,42,54,54,0.08124234161551971,0.2558568739419852
ENSG00000273611.4,ZNHIT3,-0.009548630343575901,NA,0.9923814110447342,0.000478056586697335,0.11157863143316173,7.361689065214737e-06,NA,5,23,23,0.962229886853451,0.03308154832873058
ENSG00000281655.1,RP11-817J15.3,-0.00951872007934263,NA,0.9924052748982457,0.24162319634693086,0.4595936389638819,1.651027940245457e-27,NA,27,29,29,0.00019776015856655645,0.2710667960718715
ENSG00000165792.17,METTL17,0.009235996772097627,NA,0.9926308455413458,0.004530638840014868,0.03001810483947578,0.023578297135377083,NA,11,12,12,0.12229783907273455,0.052344797693229035
ENSG00000170054.14,SERPINA9,-0.009130963986324103,NA,0.992714646045667,0.005988012824554536,0.029843745086228037,0.02461609721038628,NA,3,3,3,0.9880794766107578,0.0797926250401209
ENSG00000160392.13,C19orf47,0.009010783127070503,NA,0.9928105325528238,0.008271072003967215,0.0989067360451781,3.105811720430634e-05,NA,16,17,17,0.5140116165643597,0.10018480680184988
ENSG00000274529.5,SEBOX,0.00868339633033495,NA,0.9930717391995311,0.01878711823317053,0.09956784580684314,1.5892197058295906e-05,NA,20,24,24,0.8057921696752202,0.0945644349819828
ENSG00000151611.13,MMAA,0.008498251568200133,NA,0.9932194578954538,0.009389556007736131,0.04521668642646883,0.003343003477345543,NA,21,24,24,0.0002345352077762062,0.05765114456371395
ENSG00000198522.13,GPN1,0.008426379923881141,NA,0.9932768011175698,0.0020567932668183473,0.04079179503839976,0.0066722946749036074,NA,7,7,7,0.9637251987122136,0.027213526111038874
ENSG00000117115.12,PADI2,0.008115615107614101,NA,0.9935247470844498,0.04826658919094752,0.21165082135261104,5.116889709360122e-11,NA,26,30,30,0.14607729759842772,0.07586662146982642
ENSG00000140319.10,SRP14,-0.008083536145920797,NA,0.993550341553158,0.01287811499309777,0.1367119656190615,1.6715488364151236e-07,NA,35,37,37,0.026483781945507975,0.1227837820864383
ENSG00000260418.1,RP3-406A7.7,0.007875634876042826,NA,0.993716217485208,0.011001008293004755,0.023957574623920518,0.044767807661977764,NA,94,102,102,0.009999056474951537,0.19504966123781733
ENSG00000251369.8,ZNF550,-0.0076670903601791735,NA,0.9938826069098105,0.0477570669498769,0.3512850455373612,1.7222058778001355e-19,NA,10,11,11,0.47718768349695084,0.2775806444905217
ENSG00000137709.9,POU2F3,0.007551835295715458,NA,0.9939745644838588,0.09218280097529073,0.2529364225581415,8.923299411055394e-13,NA,27,27,27,0.003469844593373384,0.5850211944516461
ENSG00000138792.9,ENPEP,-0.007388850724537424,NA,0.9941046037281696,0.012230763947925067,0.02513746760032189,0.04092354542399405,NA,34,34,34,0.0428716633889468,0.09305468988069816
ENSG00000079739.15,PGM1,-0.007144460140459119,NA,0.994299594053296,0.0017367641220800548,0.1122790875743838,6.777669425170576e-06,NA,4,5,5,0.9702801286719318,0.022149850597737625
ENSG00000158717.10,RNF166,0.007133076655309709,NA,0.9943086765289113,0.03170273243410041,0.1265940521373127,1.0036656073661712e-06,NA,47,50,50,0.0008089391387346804,0.18200444450259215
ENSG00000197008.9,ZNF138,-0.007112143999654963,NA,0.9943253779480244,0.005619031948151517,0.02945549002117898,0.02547677890232541,NA,27,28,28,0.16417589843937996,0.013229846154448985
ENSG00000149573.8,MPZL2,0.006583504752260399,NA,0.9947471611474517,0.007493230195222322,0.12361049660223655,1.6010007287087837e-06,NA,7,7,7,0.6039203651612262,0.024584215314372902
ENSG00000197415.11,VEPH1,-0.006404868558288808,NA,0.9948896892028791,0.008245665336052144,0.06349293515012815,0.0009401583122640912,NA,18,19,19,0.14657214789700543,0.0868169891205367
ENSG00000128536.15,CDHR3,0.006353018938131775,NA,0.9949310583725979,0.009897485071470986,0.1696807153022249,7.2900808815857275e-09,NA,18,19,19,0.03695017110409943,0.14369227477778515
ENSG00000057149.15,SERPINB3,-0.0056156429126553616,NA,0.995519388770701,0.011626926277374362,0.024638398454412902,0.04187329414515197,NA,8,8,8,0.6343075999578229,0.06804893117195726
ENSG00000196793.13,ZNF239,-0.005436072756017138,NA,0.99566266283861,0.02537312013363286,0.14018583791338346,2.8257665378242457e-07,NA,22,22,22,0.3952002194925833,0.06907519839065898
ENSG00000268707.1,RP11-247A12.7,-0.00452745866989054,NA,0.9963876229686385,0.06999903928763557,0.22213069413162345,1.4690831787357302e-11,NA,15,17,17,0.021033952802157266,0.24898033410380715
ENSG00000160439.15,RDH13,-0.004490999220343157,NA,0.9964167131047776,0.05136737853752908,0.2077583308637245,7.175214621664894e-11,NA,21,42,42,0.006780721983829971,0.2047959774547872
ENSG00000197746.13,PSAP,-0.004468083769863186,NA,0.9964349968054751,0.0022228687775179253,0.04481447546702464,0.005680383409861353,NA,21,23,23,0.0006923999220800785,0.036475769850132025
ENSG00000113742.12,CPEB4,-0.004225878252646008,NA,0.9966282470218714,0.05693542929629468,0.027600568914210886,0.03121617753318132,NA,84,96,96,0.03526898146202666,0.2528792495382665
ENSG00000120784.15,ZFP30,-0.00418908102664189,NA,0.9966576067005021,0.018023856191040532,0.12039266833334665,3.2039261089017447e-06,NA,4,4,4,0.5993820551194957,0.19680178965250447
ENSG00000144559.10,TAMM41,-0.003965319337064963,NA,0.9968361412135963,0.12678491194665645,0.4004148475398112,6.570935474315292e-22,NA,19,21,21,0.04453052818989102,0.16900583290235974
ENSG00000187634.11,SAMD11,-0.0038954915944486856,NA,0.9968918552609949,0.0010054197466182607,0.029483081118182874,0.027223399888194517,NA,1,2,2,0.9968918552609949,0.08931852134002682
ENSG00000010379.15,SLC6A13,-0.0036805012191167136,NA,0.9970633915311788,0.015034100111566487,0.3274856447640259,2.5333221517502972e-18,NA,7,8,8,0.8257875532169889,0.061100581846920264
ENSG00000162851.7,TFB2M,0.0033451479074145273,NA,0.9973309631088332,0.0018966648800176123,0.035574616660076636,0.011578834788566065,NA,7,7,7,0.9657303230332229,0.023122124551034025
ENSG00000167757.13,KLK11,0.003337453993018955,NA,0.9973371019300736,0.007765335564255068,0.06084787377088576,0.0010502322080597273,NA,8,11,11,0.3894043705163447,0.07873212641464973
ENSG00000160305.17,DIP2A,-0.0025211690275510922,NA,0.9979884002887958,0.03134104491813429,0.1877591199780663,2.818954559106791e-09,NA,24,25,25,0.03717267233564,0.21973407852053414
ENSG00000139998.14,RAB15,0.0024671292640533653,NA,0.9980315176476428,0.003023218908015211,0.0284030850674246,0.028278484369955236,NA,12,12,12,0.02407949919065118,0.028581067351686487
ENSG00000120262.9,CCDC170,0.002415493020021619,NA,0.9980727172867538,0.015762340766710077,0.13019869171790374,7.067395672487329e-07,NA,9,9,9,0.24846897114272437,0.117432473829401
ENSG00000204947.8,ZNF425,0.0023278464976133773,NA,0.9981426488970926,0.009497622832987876,0.07490420363167498,0.00022554960500964364,NA,10,10,10,0.7849813700493944,0.05438581402299387
ENSG00000076258.9,FMO4,0.0020835871445018667,NA,0.9983375391891981,0.03140286396961127,0.3544169989146669,6.72923759637976e-19,NA,12,12,12,0.0922905506880485,0.03774179642755784
ENSG00000162076.12,FLYWCH2,0.001973619916871908,NA,0.9984252801617366,0.02107963995520159,0.056283047908142994,0.0016551911171801866,NA,21,21,21,0.03365090356472888,0.11897541237709178
ENSG00000173610.12,UGT2A1,-0.001799233242103114,NA,0.9985644203493954,0.09697006269921095,0.21640154985490465,7.456196387132895e-11,NA,47,53,53,0.02863957382017372,0.282694589800954
ENSG00000198885.9,ITPRIPL1,0.0015584044206414496,NA,0.9987565736765859,0.009569682955095807,0.052525697347321834,0.002167440825391737,NA,2,2,2,0.9294739723581974,0.14932516098454726
ENSG00000255837.1,TAS2R20,-0.0013698855901010437,NA,0.9989069897794468,9.508653394128714e-05,0.17538697317896088,8.399865347256963e-09,NA,2,12,12,0.992770201402152,0.012372021150619021
ENSG00000280670.2,CCDC163,-0.0008301114384979282,NA,0.9993376669755439,0.15166425770541503,0.5208120206890474,7.390885686350184e-33,NA,35,36,36,0.0004706623418829175,0.16534615136077493
ENSG00000006744.18,ELAC2,0.000682037311546017,NA,0.9994558130014163,0.0044552577695694895,0.08794267516433467,7.035954879686866e-05,NA,19,19,19,0.0023120083689877943,0.04419682674443018
ENSG00000240006.1,LINC02004,0.00019066836201653793,NA,0.9998478686586352,0.00728747337023118,0.14614390981808986,1.1706343628153837e-07,NA,2,3,3,0.9988560604996708,0.06223882880650537
ENSG00000125337.16,KIF25,-4.413055915673074e-05,NA,0.9999647889082007,0.009127683244672747,0.11056674343833643,8.184433186084363e-06,NA,16,16,16,0.768180648621333,0.016549648603687937
