gene,gene_name,zscore,effect_size,pvalue,var_g,pred_perf_r2,pred_perf_pval,pred_perf_qval,n_snps_used,n_snps_in_cov,n_snps_in_model,best_gwas_p,largest_weight
ENSG00000120088.14,CRHR1,11.666571679835863,NA,1.888824651701477e-31,0.0010954214781853711,0.0813622319916778,0.0003943935681871786,NA,8,15,15,7.627772354574047e-37,0.014177874558598097
ENSG00000225190.10,PLEKHM1,-8.981240098342141,NA,2.6773189278024314e-19,0.002685285429938971,0.05998655498972048,0.003053224789755087,NA,8,8,8,7.627772354574047e-37,0.024580832037055383
ENSG00000117595.10,IRF6,8.626069560674988,NA,6.3496409473007794e-18,0.005339713703981857,0.04982771197350321,0.005640801695217836,NA,11,11,11,4.0654593789181986e-21,0.09733928422881984
ENSG00000163354.14,DCST2,-8.310355296104213,NA,9.541595319490254e-17,0.004973269852801932,0.09473468084422093,0.0001241783825482092,NA,4,4,4,9.933095757240995e-30,0.057878310230064976
ENSG00000196670.13,ZFP62,-8.237187804897886,NA,1.763056186455398e-16,0.0032183955337718247,0.10242987769749147,7.100058428392864e-05,NA,8,9,9,1.6383214203554685e-28,0.044876752820606235
ENSG00000161618.9,ALDH16A1,7.507944253551327,NA,6.006307031197296e-14,0.042413442535802634,0.1999380639669913,9.0784460103999e-09,NA,31,35,35,2.318178651151659e-17,0.0862204363723141
ENSG00000108379.9,WNT3,-7.143056788581805,NA,9.12778925065251e-13,0.00034241512841255337,0.13263206689502965,3.60357724208408e-06,NA,2,7,7,2.4103082674993838e-14,0.02634918399103645
ENSG00000129933.20,MAU2,7.085491426893089,NA,1.3855174755739588e-12,0.0020790782380713754,0.06995724609842432,0.0014592015737604016,NA,20,22,22,3.2649514582423505e-17,0.016427775822410545
ENSG00000170222.11,ADPRM,-6.975029088590803,NA,3.058075355918474e-12,0.03221542764801135,0.19782717047380927,2.2695262720147203e-08,NA,72,72,72,6.320142762240861e-19,0.12375537911604058
ENSG00000178927.17,C17orf62,-6.6364306254889485,NA,3.2137008298355875e-11,0.0016819578282363775,0.03810277959505357,0.01959707044965417,NA,8,8,8,3.5234287451187714e-12,0.02635076318445789
ENSG00000228696.8,ARL17B,-6.143953020095922,NA,8.04926586125615e-10,0.08346561802146987,0.2895455725920259,1.7725311930231205e-12,NA,14,16,16,3.0515177282809025e-115,0.4631855035137353
ENSG00000198945.7,L3MBTL3,-6.107560166120178,NA,1.0116568106770952e-09,0.0054753379545359766,0.02738101048990633,0.049142423943752435,NA,15,15,15,1.2814779192593433e-14,0.07113263082782846
ENSG00000205078.5,SYCE1L,6.053824090609053,NA,1.4144706925247796e-09,0.14639739226945903,0.4083602875886443,1.7254419183490772e-19,NA,8,8,8,7.879785111990382e-11,0.3147703401164569
ENSG00000169925.16,BRD3,-5.953370946756826,NA,2.626750004621154e-09,0.0017506698315730845,0.052453276039219,0.005449354777008164,NA,14,18,18,9.126987783631535e-20,0.01767654761976595
ENSG00000205015.1,LINC02138,5.883581243384379,NA,4.014828769430821e-09,0.004686414993896556,0.04584169925034808,0.009689585575006222,NA,6,7,7,2.897277025276496e-09,0.10165492218126572
ENSG00000170954.11,ZNF415,-5.826602568696269,NA,5.6567106427541206e-09,0.029260150194504914,0.1902264203659624,1.349001458916868e-08,NA,5,5,5,2.6921753225979466e-10,0.11565660144975493
ENSG00000105576.15,TNPO2,-5.823150409778121,NA,5.774853859146816e-09,0.00025432927732198235,0.03443722017973249,0.025820755968156105,NA,2,2,2,1.0418400455637524e-09,0.01546266186177979
ENSG00000188848.15,BEND4,-5.716491551229045,NA,1.0874587428892668e-08,0.005088196825894158,0.04955406585959615,0.006251657220521975,NA,18,20,20,1.093330352666726e-17,0.06614618780252123
ENSG00000065883.14,CDK13,-5.7054813836138925,NA,1.160147377031776e-08,0.005150349904379678,0.03627467620720482,0.02112388305854245,NA,19,19,19,5.292207702958857e-17,0.05952914067945921
ENSG00000033800.13,PIAS1,5.619947107683984,NA,1.9101592879037872e-08,0.006140059757792691,0.033823525666021245,0.02720397640067958,NA,59,61,61,2.8977507556668356e-33,0.08124418324365335
ENSG00000122687.17,MRM2,5.589454804276906,NA,2.2778364119154107e-08,0.02793527916376242,0.311223812128726,9.153874586074589e-14,NA,9,10,10,9.484893620019952e-10,0.07516729038299225
ENSG00000255455.2,RP11-890B15.3,-5.542448417272806,NA,2.982712849439214e-08,0.011931938315219359,0.15168566279935503,1.5135460269976725e-06,NA,19,20,20,2.580008405588365e-11,0.09973253989061973
ENSG00000126790.11,L3HYPDH,-5.502414028379731,NA,3.746259193996092e-08,0.041591518010245264,0.32651266470111895,3.362973780169652e-15,NA,33,33,33,1.4572785391272353e-12,0.03365589035635747
ENSG00000101104.12,PABPC1L,5.482298113489588,NA,4.198359814028989e-08,0.02129651219729669,0.2111831217911103,2.7980525323124225e-09,NA,13,13,13,2.462873661252275e-09,0.03089079754526185
ENSG00000147905.17,ZCCHC7,5.352768850340017,NA,8.66184689723794e-08,0.010462304135163596,0.02951920285213049,0.0391286282724542,NA,18,20,20,2.1751718787383802e-16,0.09467295635111514
ENSG00000145476.15,CYP4V2,5.189607763743994,NA,2.1073751575252406e-07,0.019946152845063368,0.20685009041053584,8.54383937381701e-09,NA,19,20,20,7.425902468877931e-07,0.07917820397058882
ENSG00000100024.14,UPB1,5.18384279893131,NA,2.173601588645678e-07,0.011791283483721837,0.11654567803629258,2.6157789905914418e-05,NA,7,7,7,1.412185896817767e-15,0.08297616247602073
ENSG00000124140.13,SLC12A5,5.143783173510478,NA,2.6926028810047717e-07,0.0027331871813051113,0.14138663217745062,4.015020040322973e-06,NA,27,29,29,7.161887689027182e-20,0.07156892978773656
ENSG00000187676.7,B3GLCT,-5.094414185808614,NA,3.4982124022957466e-07,0.00343122551470847,0.03870254682417155,0.018676280189493424,NA,11,11,11,1.0248539779983525e-12,0.06323511702455009
ENSG00000104343.19,UBE2W,5.076862801879584,NA,3.8371773721794713e-07,0.0020966885104714826,0.03544134856425706,0.024908463800179692,NA,32,32,32,1.5637308881166573e-14,0.014753962083683243
ENSG00000090487.10,SPG21,-5.075106508207952,NA,3.872790099834365e-07,0.030484944981501765,0.24582303177111206,9.134087409641441e-11,NA,9,9,9,1.849752776672828e-08,0.08151240520857059
ENSG00000159210.9,SNF8,-4.932671815207997,NA,8.111237579944514e-07,0.00497202652154218,0.09212325998927877,0.0001320733154701327,NA,11,11,11,1.3558350780754754e-07,0.05215498885997355
ENSG00000140718.20,FTO,4.844031990185634,NA,1.2723043391670652e-06,0.006575820365340837,0.13136409542649635,8.342209960308794e-06,NA,13,16,16,9.650879798769706e-11,0.2135690766252145
ENSG00000016391.10,CHDH,-4.835788988318494,NA,1.326185478736067e-06,0.00395110185348687,0.04519256234358392,0.010196533926068356,NA,17,18,18,8.984272983632719e-11,0.09312174601088824
ENSG00000033178.12,UBA6,-4.8166744825299,NA,1.4597052647225447e-06,0.006265573430832277,0.12761989879479735,8.703836076479679e-06,NA,40,40,40,4.430902286494684e-08,0.033704588269189636
ENSG00000177082.12,WDR73,4.735173194964487,NA,2.188681138306077e-06,0.012453044746247281,0.09350535517614493,0.00021555388466464382,NA,19,19,19,1.0202582326153357e-09,0.05451466402500499
ENSG00000253641.5,LINCR-0001,-4.710281102408056,NA,2.4737536196881405e-06,0.01674471058695184,0.05707903737247985,0.0027741587020408765,NA,16,17,17,2.9403521578740544e-07,0.044978612948225735
ENSG00000120071.13,KANSL1,-4.631340666913299,NA,3.6330552656785524e-06,0.021206748857474814,0.136959449897242,3.0640611347908288e-06,NA,43,54,54,3.6384857348468097e-127,0.5044410901271621
ENSG00000128944.13,KNSTRN,4.617481289612162,NA,3.884256906571455e-06,0.17996015312854519,0.5253584129000992,6.64206900384577e-28,NA,13,13,13,2.0310414674382666e-06,0.10845029840290847
ENSG00000065060.16,UHRF1BP1,4.565284726414573,NA,4.988168464174205e-06,0.0032451328307514884,0.15180551157650274,4.6782946253573636e-07,NA,3,20,20,2.3690146187502217e-06,0.15044292250309468
ENSG00000119787.13,ATL2,-4.563820514855486,NA,5.02310270904777e-06,0.015434453163439374,0.1494818680459203,1.6510583255199845e-06,NA,15,15,15,1.2340317771929064e-08,0.09448828033385437
ENSG00000105928.13,DFNA5,4.56029506854956,NA,5.10817920957058e-06,0.03826655217082732,0.27017839014693845,1.2235279108358464e-11,NA,19,19,19,1.7750762595671438e-08,0.0496130720090552
ENSG00000037042.8,TUBG2,-4.477328535362831,NA,7.558288896731928e-06,0.010147804571641357,0.2862844763670837,8.352849078762332e-13,NA,31,31,31,1.2344483907863145e-07,0.07436001574906219
ENSG00000271904.1,CTC-498M16.4,-4.4541910618120895,NA,8.421008686527266e-06,0.09391489974320558,0.2986823381730054,4.223708124171999e-13,NA,23,23,23,6.853813597261409e-15,0.09641872805955062
ENSG00000105976.14,MET,-4.4469031482574986,NA,8.711709137347698e-06,0.009724288803620945,0.08536186917031728,0.000221972149370371,NA,34,35,35,3.718734696142259e-08,0.11467772777767868
ENSG00000188613.6,NANOS1,-4.444437890184351,NA,8.812196027341653e-06,0.004520182093395757,0.090250744504687,0.0001777326518177084,NA,5,5,5,2.1171568935459225e-06,0.04600346714777486
ENSG00000197054.11,ZNF763,-4.411422068889123,NA,1.026939159837267e-05,0.005547196108258223,0.11919694434413572,2.103904752786652e-05,NA,24,26,26,1.0299531723409691e-05,0.09340866927729813
ENSG00000238083.7,LRRC37A2,-4.407462588282164,NA,1.0458865877505152e-05,0.026758187821685566,0.6228346025797691,9.020466502204679e-37,NA,17,430,430,3.323412047845522e-127,0.11304030893434938
ENSG00000204084.12,INPP5B,4.399826677002624,NA,1.0833737320865181e-05,0.023982465124417568,0.2384040955977337,2.2582949154899908e-10,NA,48,49,49,1.2161332415579046e-14,0.06468052829968951
ENSG00000170571.11,EMB,-4.399021946096062,NA,1.0873983103900026e-05,0.0012851847871395755,0.042023996690439866,0.011353643763986716,NA,29,30,30,7.232672572106841e-17,0.024133700577532332
ENSG00000231106.2,LINC01436,-4.396055211018312,NA,1.1023590604696458e-05,0.01964248754829678,0.14151924111518172,2.132029137452937e-06,NA,15,16,16,7.15389760783554e-08,0.05030707269265293
ENSG00000030066.13,NUP160,4.395377011810323,NA,1.1058065978738616e-05,0.0049504408112166,0.049245777082614114,0.006659123501035329,NA,17,17,17,2.4147237063821022e-06,0.0317638348525578
ENSG00000213347.10,MXD3,-4.373863295847582,NA,1.2206683538318213e-05,0.023079108425719384,0.16427598291927367,4.4014155128966074e-07,NA,13,13,13,2.690784543320802e-16,0.06137663428868416
ENSG00000184164.14,CRELD2,4.322101154921154,NA,1.5455029808319167e-05,0.012938696901776642,0.1350818921730595,6.823518441032792e-06,NA,30,31,31,7.113726149952967e-07,0.07880367300428635
ENSG00000110900.14,TSPAN11,-4.282064580656553,NA,1.8516722036563643e-05,0.14775734877919822,0.44536185196332895,2.727693517660648e-21,NA,79,83,83,1.953968867188317e-06,0.15126784426259715
ENSG00000275759.1,RP11-131L12.3,-4.257546161015145,NA,2.0668299311012806e-05,0.02771387227563359,0.041189499270756366,0.01463257732956165,NA,59,64,64,2.449972748881034e-31,0.12921178728274088
ENSG00000143771.11,CNIH4,-4.210925481814707,NA,2.5432663494136748e-05,0.015114020367618225,0.06870204869797905,0.0011298274779687127,NA,30,31,31,1.9117006132652927e-06,0.05075443345778529
ENSG00000110768.11,GTF2H1,4.147143967554805,NA,3.366483913541285e-05,0.005230827906384019,0.15273052333380996,9.850374822890313e-07,NA,27,31,31,6.696281863719216e-09,0.024513950156706956
ENSG00000144535.19,DIS3L2,4.127226714879742,NA,3.6716437003584265e-05,0.0005239926771980526,0.04879279640028635,0.008225892865050767,NA,3,3,3,3.286953221501059e-05,0.01492112476785554
ENSG00000100225.17,FBXO7,4.0960098836740215,NA,4.203319927007164e-05,0.032085461825377956,0.1926936691104278,2.3274409580578523e-08,NA,92,98,98,3.3731234799526765e-13,0.10540047602852808
ENSG00000090382.6,LYZ,-4.0623953239478565,NA,4.8571729927996816e-05,0.03776414699847749,0.15802713045006975,7.421299633648832e-07,NA,45,48,48,4.901141244216163e-14,0.10708189036121897
ENSG00000177302.14,TOP3A,4.056914124913215,NA,4.972535467983297e-05,0.022260917202921705,0.07957963012583215,0.0004686851141559949,NA,13,16,16,4.1674752969931067e-07,0.11155408552462953
ENSG00000137574.10,TGS1,-3.997405347199439,NA,6.40405852210928e-05,0.011071376807649318,0.04335042678001851,0.013066783765000627,NA,23,24,24,1.9709701764840512e-10,0.4552375219777728
ENSG00000125734.15,GPR108,3.9145212949980253,NA,9.058374339772913e-05,0.07028387917385592,0.3065512105394612,1.7672498616803275e-16,NA,25,29,29,1.537109043993421e-05,0.12889554976090373
ENSG00000145868.16,FBXO38,-3.8999374469919363,NA,9.621754406157127e-05,0.004198066136136093,0.09894677883077106,9.18812713004198e-05,NA,19,20,20,3.659763299071434e-07,0.03133774441982279
ENSG00000238078.1,LINC01352,3.884725966018277,NA,0.00010244537282997796,0.07771837656601596,0.2223613696952869,2.0091436351336613e-09,NA,62,65,65,6.525122145919154e-10,0.18538016320845452
ENSG00000143801.16,PSEN2,3.8660709824833317,NA,0.00011060275942629161,0.001605282317508646,0.03190986914687804,0.03255851115965719,NA,4,4,4,2.663280241238406e-06,0.03843748013570188
ENSG00000172992.11,DCAKD,3.8656787566736863,NA,0.00011078067470613628,0.014800100824814526,0.1694753845472247,3.5018683150256204e-07,NA,28,40,40,2.085697046498451e-09,0.13499894956304756
ENSG00000196653.11,ZNF502,-3.829232710429028,NA,0.00012854341231418717,0.009339690452339173,0.13717733355926434,4.055564778848044e-06,NA,7,7,7,3.2577534808991374e-05,0.1444439525485696
ENSG00000143603.18,KCNN3,-3.8164284258176435,NA,0.00013539732715344742,0.005904526747363584,0.14973291557417015,1.4125183293207736e-06,NA,17,19,19,1.0100200310789118e-14,0.037547679926219546
ENSG00000131979.18,GCH1,-3.7977447925297496,NA,0.00014601854701157223,0.0017972089851577635,0.04036454494852063,0.01592870615991261,NA,2,2,2,0.00013321996270784342,0.09886627899692993
ENSG00000203666.12,EFCAB2,3.7868408480785303,NA,0.00015257475509322595,0.07035849883043555,0.4033565568812679,4.464166474464665e-19,NA,59,65,65,3.468961428864515e-10,0.12731833650405994
ENSG00000135437.9,RDH5,-3.7751200404419363,NA,0.0001599306289880023,0.03088395266593638,0.17133094537783394,2.719757015752841e-07,NA,20,21,21,8.415488915670883e-05,0.22067937008946434
ENSG00000128298.16,BAIAP2L2,3.774465188271264,NA,0.0001603512970363385,0.0028498496952641355,0.038532053174635934,0.01782435967226156,NA,5,6,6,3.4083764799017315e-06,0.06745346455103884
ENSG00000146267.11,FAXC,3.7577889662724386,NA,0.00017142135491440643,0.00013482131457408008,0.07156930608979796,0.0008661182812342512,NA,5,6,6,1.7850097890214266e-05,0.0070106237807434
ENSG00000053900.10,ANAPC4,-3.7034141292224456,NA,0.00021271720618985752,0.019742074393643436,0.13390889914411402,7.926971833747518e-06,NA,48,52,52,6.197005478180835e-05,0.08004147751815589
ENSG00000095397.13,WHRN,-3.6975705605648193,NA,0.00021767272502256127,0.0040575696707235345,0.08315480476510549,0.00020638633172235477,NA,47,48,48,4.590081845816226e-09,0.03038222453857904
ENSG00000204219.9,TCEA3,3.685715010722837,NA,0.00022806144657454473,0.03742886673141321,0.2547102327382467,7.391315295198499e-12,NA,16,17,17,0.00017459971618756577,0.05333907775338845
ENSG00000267289.1,CTD-2623N2.11,3.6619991847481637,NA,0.00025025465630205154,0.01787304236463415,0.16013315002260045,6.158516622932872e-07,NA,5,5,5,8.050346935415176e-09,0.1044188515576926
ENSG00000066056.13,TIE1,3.6432036865499735,NA,0.0002692655912700826,0.005363874709637707,0.08774426990517868,0.00028691448106244,NA,12,14,14,1.8721798746767034e-12,0.026746914246941318
ENSG00000149292.16,TTC12,-3.602581684275017,NA,0.00031507234541982686,0.09240542241207941,0.4605836552863389,2.1108722929324366e-22,NA,36,38,38,1.852627186075948e-12,0.18519940912115104
ENSG00000148356.13,LRSAM1,3.583419687043282,NA,0.0003391250673530123,9.73448328517043e-05,0.03001604853546635,0.04029146843569957,NA,4,4,4,0.00015145764275239745,0.008961298647180177
ENSG00000148143.12,ZNF462,3.577528612085465,NA,0.00034685826107601933,0.0032671098606830928,0.05688822712292669,0.004362979433118519,NA,31,31,31,5.981201232293082e-05,0.02935810796887367
ENSG00000114054.13,PCCB,-3.5695289204747778,NA,0.00035762373744115507,0.001824825230095693,0.04397033161244754,0.0111611994688935,NA,14,14,14,3.686028958337749e-08,0.032262684165987834
ENSG00000089154.10,GCN1,3.564830250474856,NA,0.00036409175142867165,0.0018575474526197056,0.054144757068149266,0.005299530281275129,NA,6,6,6,7.525893992980921e-06,0.029145399362712706
ENSG00000130940.14,CASZ1,3.549676197852066,NA,0.0003857052527493039,0.03185196585178821,0.059209336029871815,0.003654248871678864,NA,42,44,44,2.5222870514085443e-20,0.09648665936788994
ENSG00000100461.17,RBM23,-3.5480931321833973,NA,0.000388030990307287,0.007986895097536034,0.06835898808968746,0.0015120737732918074,NA,23,23,23,8.523415411494447e-21,0.09166940393318226
ENSG00000270697.1,RP11-381K20.4,-3.5337450269257666,NA,0.00040971612149694897,0.007274827920660445,0.04427769753948009,0.011685314988200224,NA,22,25,25,2.1603317087119808e-07,0.03336138999861368
ENSG00000167523.13,SPATA33,3.524389997324635,NA,0.00042445901345668566,0.012423287471949056,0.11442154755966112,3.314701852201521e-05,NA,29,30,30,6.200762950315274e-07,0.0921560219358806
ENSG00000181754.6,AMIGO1,-3.521177247205647,NA,0.00042963533104955223,0.004619934634391814,0.208438953375116,3.002417074562186e-09,NA,29,31,31,6.891249809816083e-05,0.02045544283003313
ENSG00000164307.12,ERAP1,3.4939216736455876,NA,0.000475980644291075,0.09330825927502755,0.4709617991000855,2.942243439982299e-23,NA,50,51,51,4.566153563263092e-12,0.15428255697749876
ENSG00000100416.12,TRMU,3.4884380922722875,NA,0.00048585131572966543,0.009880979686657979,0.027870289995846117,0.04823360373813813,NA,45,51,51,0.0005630202780331385,0.3538737669348483
ENSG00000072736.18,NFATC3,-3.445972565265808,NA,0.0005690081231431701,0.0032632031295519942,0.15238483360248606,9.894679422448999e-07,NA,5,6,6,1.6871265029455123e-06,0.07771073188175334
ENSG00000251396.6,LINC01301,3.4442521124003034,NA,0.0005726414666597108,0.01570211227129047,0.06067778143783228,0.0016762868184061336,NA,31,31,31,9.414250440717562e-08,0.09165092832655006
ENSG00000273674.4,CTD-2378E12.1,-3.4415024723307295,NA,0.0005784931849302137,0.019808277140628248,0.11605090592794927,2.0660939215614114e-05,NA,13,13,13,2.935413509170661e-11,0.12408265764437618
ENSG00000197958.12,RPL12,3.420172843338656,NA,0.0006258135950968984,0.04464127042764004,0.3520016045715016,1.6415417464490573e-15,NA,67,72,72,6.868531957521491e-07,0.18812326285386147
ENSG00000028116.16,VRK2,-3.416810093891813,NA,0.0006335946033702219,0.0019584481866157704,0.07382415933544488,0.0010331749737625684,NA,11,11,11,1.8390139772921612e-05,0.06753000775732866
ENSG00000154537.4,FAM27C,3.415526032143093,NA,0.000636589443457796,0.0019248284924156377,0.03465674524804113,0.02675304626955401,NA,3,5,5,0.0006298393699396475,0.09630097066234666
ENSG00000101443.17,WFDC2,-3.4120485659362574,NA,0.000644766247415494,0.002968878120618498,0.03047148538160639,0.033531371856214666,NA,23,23,23,6.867727000235356e-05,0.10674384069004283
ENSG00000144554.10,FANCD2,3.4021536165259936,NA,0.0006685704643427607,0.01780517623372493,0.08463203917393257,0.0003778690825389061,NA,35,37,37,5.513025635546567e-09,0.3817776156708118
ENSG00000213077.5,FAM106A,3.3740606899075227,NA,0.0007406803589374567,0.01706071643529317,0.10990272707573563,6.069920969649968e-05,NA,28,34,34,2.0360569169509609e-10,0.30633188161961344
ENSG00000184708.17,EIF4ENIF1,3.352893753765664,NA,0.0007997139887025049,0.005020523175048892,0.08922743279966205,0.0002831722611977603,NA,21,22,22,1.2562904080226452e-09,0.10048397292912213
ENSG00000182858.13,ALG12,3.3250924312235637,NA,0.0008838922653301111,0.014318047117960812,0.1962140560100792,2.0798789802715163e-08,NA,27,31,31,7.495063342520458e-08,0.08565801987046069
ENSG00000136811.16,ODF2,-3.320517677366518,NA,0.0008985066875346367,0.002461862666275524,0.03700804492078704,0.01854540609755652,NA,13,13,13,0.0005642099955262916,0.043477378137113366
ENSG00000267107.6,PCAT19,-3.3120794558145117,NA,0.0009260524046862481,0.010921112868514798,0.02751417844792493,0.04642478906258216,NA,46,53,53,9.26448877817563e-05,0.06355574478046874
ENSG00000269893.6,SNHG8,3.302011743509845,NA,0.0009599405105438732,0.001931335340430374,0.10045057908683812,0.00010558780946991,NA,6,6,6,0.0006552539959499998,0.01172769953712849
ENSG00000164334.15,FAM170A,3.2576083743283104,NA,0.0011235534686151484,0.03468789008353887,0.1658677611105633,2.564174121399693e-07,NA,5,5,5,0.0003753590279260753,0.13671438024901786
ENSG00000010278.12,CD9,3.257204755616323,NA,0.0011251523921273498,0.002898575742465109,0.0488739104781962,0.007736470748620592,NA,49,50,50,4.259284297936706e-07,0.05676767701042059
ENSG00000214954.8,LRRC69,3.2534930080075326,NA,0.0011399553065781847,0.007867529317609366,0.037161053159892966,0.02060950410242433,NA,5,6,6,2.735260090545561e-07,0.05696276347129527
ENSG00000204909.7,SPINK9,3.2356192891187936,NA,0.001213791560311582,0.06580244591580148,0.12153810412657876,1.290912769054136e-05,NA,73,79,79,3.4041204556066144e-06,0.10467493265522447
ENSG00000103710.10,RASL12,3.229765215207893,NA,0.0012389191299643954,0.007778391936906949,0.05891414317172364,0.003523492755396056,NA,13,13,13,1.849752776672828e-08,0.0319977460865029
ENSG00000186564.5,FOXD2,3.204616813717379,NA,0.0013524239867423607,0.014751000265263221,0.030859623857064374,0.037872526102575695,NA,27,28,28,4.185274788467753e-06,0.07529111807835492
ENSG00000187824.8,TMEM220,3.186828604189145,NA,0.0014384198693156475,0.032555747356379894,0.19531546320734636,1.995128630727984e-08,NA,43,48,48,7.328461164519503e-11,0.0876977828951915
ENSG00000164978.17,NUDT2,3.1732203278162285,NA,0.0015075806950264345,0.03555276021806017,0.2670119197150056,1.9886579192638398e-11,NA,17,17,17,1.610258265320549e-05,0.1973221629014148
ENSG00000165996.13,HACD1,-3.1725804290853477,NA,0.0015109070274645486,0.021312968115007505,0.06476829110239646,0.0020562738992145565,NA,40,45,45,8.904654585054295e-12,0.09800707485590768
ENSG00000054523.17,KIF1B,-3.116018998577128,NA,0.0018331046199521828,0.002527800146621501,0.052958869838085176,0.0053516405323974095,NA,15,15,15,2.368142931422467e-07,0.036605627463191175
ENSG00000005108.15,THSD7A,-3.0964677815358645,NA,0.0019584114296066425,0.0027188921657345672,0.051573529735214375,0.0058803121770486,NA,21,21,21,4.25687696879985e-05,0.02712607892244217
ENSG00000122692.8,SMU1,-3.065607884032382,NA,0.0021722799311695187,0.008039183010631354,0.1118323815654236,3.221764868303785e-05,NA,18,18,18,7.353320464277373e-05,0.11531713833075576
ENSG00000058866.14,DGKG,3.0569708174675903,NA,0.0022358604241913284,0.00205338109042729,0.07882013500278612,0.0005289776716759625,NA,10,10,10,0.0004320451837305024,0.08915973964855528
ENSG00000271830.1,RP11-1C8.7,-3.048406371458083,NA,0.002300585906174911,0.008057326278846685,0.09604577177968897,5.5697529613790525e-05,NA,19,19,19,0.00048221316929787406,0.0105784756065304
ENSG00000139697.13,SBNO1,3.039772272109986,NA,0.0023675709325339336,0.00012744416613549687,0.04308441282144431,0.011128639274735149,NA,1,1,1,0.0023675709325339384,0.03382877686654076
ENSG00000064726.9,BTBD1,3.033042559249791,NA,0.002421014533879914,0.007978381031500496,0.1543403262530839,1.0004144176732814e-06,NA,28,28,28,1.5023611207847253e-16,0.04742515461419269
ENSG00000135441.7,BLOC1S1,3.0215499261373675,NA,0.0025148416424854883,0.005064248646466948,0.12128814363974665,2.2111025328125955e-05,NA,6,6,6,8.415488915670883e-05,0.1034783497904283
ENSG00000144746.6,ARL6IP5,3.021088484111634,NA,0.00251867745114097,0.00792668213769402,0.17564905659628482,1.8394075026248266e-07,NA,18,20,20,1.6799977283332704e-09,0.10864221606251576
ENSG00000138772.12,ANXA3,-3.001321352033199,NA,0.002688107185834333,0.00822994765638311,0.028175370907499105,0.04364825989523433,NA,13,13,13,1.7910176722327167e-05,0.07598920046141829
ENSG00000243709.1,LEFTY1,3.0005487442111987,NA,0.0026949361625434047,0.016684485713923586,0.11094484921129187,2.801656362307891e-05,NA,23,25,25,1.0148350174801651e-10,0.10012458982079826
ENSG00000151690.14,MFSD6,2.9960397045994624,NA,0.0027351081832583204,0.017233012782974115,0.15607961857919328,4.819091756238131e-07,NA,45,51,51,4.626189620040482e-07,0.2358970092076447
ENSG00000132535.18,DLG4,2.9906745008026396,NA,0.0027836203420503022,0.0002555090826849815,0.030977985325450905,0.03509909399018591,NA,9,9,9,3.055183077393057e-06,0.017652384684492563
ENSG00000282787.1,RP11-151A10.3,-2.9884369289490276,NA,0.002804083685886407,0.04078593757617552,0.09739834145386513,0.00012529575552079614,NA,33,36,36,3.140606217125848e-08,0.18310383862899754
ENSG00000176681.14,LRRC37A,2.978552039971183,NA,0.0028961384488906702,0.16368011831582854,0.4173315157494256,4.785521301269139e-21,NA,31,64,64,7.627772354574047e-37,0.3815362331757814
ENSG00000198121.13,LPAR1,-2.9665046289953567,NA,0.0030120582687188776,0.007211181488194199,0.05673890750180024,0.0046596466910115856,NA,29,31,31,8.092784523813894e-09,0.0817470398533317
ENSG00000179152.19,TCAIM,-2.966402959695366,NA,0.0030130542866512963,0.0058528537307834675,0.03266167853973556,0.03143194111158835,NA,11,11,11,9.181090036372304e-17,0.04491378216514919
ENSG00000204149.10,AGAP6,-2.9467020911741,NA,0.00321182469155541,0.012657042316161021,0.12475896270271562,7.583105958971159e-06,NA,30,32,32,0.0002574488645760927,0.05470777978018923
ENSG00000131242.17,RAB11FIP4,-2.94158060865551,NA,0.003265418423185634,0.0038318743154209965,0.09023063553392158,0.0001958538708927559,NA,10,13,13,0.0019687300458594223,0.09699164239978196
ENSG00000113119.12,TMCO6,-2.937806795606209,NA,0.0033054294401000835,0.007428902428827409,0.10320744366756099,7.154252092966891e-05,NA,7,7,7,4.829512454931909e-06,0.07031889832608089
ENSG00000277863.1,RP11-282A11.4,2.937637284035219,NA,0.0033072370843077086,0.02780412912393585,0.20532115621952854,4.565521833298786e-09,NA,9,11,11,0.0006681777456795137,0.08796275483670822
ENSG00000128272.14,ATF4,-2.9370979890531053,NA,0.003312994030283406,0.005685645729880654,0.07613724964671466,0.0009133007485332643,NA,8,8,8,0.0013869502299240957,0.0404540693728904
ENSG00000082438.15,COBLL1,-2.92487159514558,NA,0.0034459838162999943,0.00299972820224922,0.05551540476402703,0.003312004152648101,NA,23,23,23,2.673632350557257e-07,0.052789179888606375
ENSG00000075399.13,VPS9D1,-2.9208786308055976,NA,0.0034904577550627807,0.006560746685610462,0.15157944120111766,1.428603368620665e-06,NA,16,17,17,0.0005702637009202341,0.04240485078756339
ENSG00000117245.12,KIF17,2.9064421028770826,NA,0.003655645430063503,0.005525633870483608,0.13766676677728307,2.3491557313520103e-06,NA,11,13,13,4.385791059167327e-06,0.03151603981680806
ENSG00000084628.9,NKAIN1,2.8869455148520133,NA,0.0038900158710675377,0.1437311316091969,0.4689119862778716,1.0567736380773485e-22,NA,27,31,31,7.737104204002407e-07,0.14657428800695102
ENSG00000169738.7,DCXR,2.880223518220898,NA,0.003973933280539102,0.004905063351590445,0.07128056834212393,0.00102731802779983,NA,8,8,8,0.001243025863972273,0.03503965217185681
ENSG00000249203.1,RP11-473L15.3,-2.8651273659403222,NA,0.00416841546975297,0.006782891593554169,0.048030742458259966,0.00778120998022738,NA,5,5,5,0.00012352024580062823,0.054730587251430214
ENSG00000185829.17,ARL17A,-2.8590466213616432,NA,0.004249163306994863,0.04947591617692822,0.16399478607029658,5.70650856456924e-07,NA,40,78,78,3.323412047845522e-127,0.3637416177274898
ENSG00000180423.4,HARBI1,2.856684944833842,NA,0.004280905250170147,0.004923091368968863,0.029748861963723224,0.039162793884060965,NA,17,18,18,8.31397049844933e-07,0.06640281120331146
ENSG00000144021.2,CIAO1,-2.8547597008983985,NA,0.004306940274422519,0.0043787061031401436,0.10405621556855528,5.3209628991390885e-05,NA,6,6,6,5.651538061170464e-05,0.05040953564415026
ENSG00000251189.1,CTD-2196P11.2,-2.850307650422147,NA,0.004367695944126189,0.07037024082183305,0.08739941651678196,0.00027012043647746853,NA,58,60,60,4.372204536196481e-14,0.3733351987008105
ENSG00000170703.15,TTLL6,2.837366811095979,NA,0.004548732039211251,0.06238508531783395,0.2108657607355332,5.823757031879784e-09,NA,27,27,27,2.8824001435954508e-08,0.11748996284823612
ENSG00000234224.2,TMEM229A,-2.8353445264504047,NA,0.00457762899552967,0.04655049394188958,0.21438594363356925,8.643858435299289e-10,NA,45,48,48,3.0629392465432317e-06,0.23492529116986785
ENSG00000125124.11,BBS2,-2.8347090679061298,NA,0.004586743500986254,0.031573307901284695,0.053104266978950064,0.005517233541647474,NA,101,103,103,2.61933903576063e-07,0.1180571194949915
ENSG00000278376.1,RP11-158I9.8,2.833163124071089,NA,0.004608985944837243,0.03330128161366536,0.3150518253226616,5.805762234589633e-14,NA,37,42,42,1.0454372209337106e-10,0.07404220828025615
ENSG00000196683.10,TOMM7,-2.8202624315292124,NA,0.00479843891798604,0.00936989416067473,0.0872005430979612,0.00040332294436734237,NA,25,26,26,3.041870216963753e-08,0.0662555607944466
ENSG00000106392.10,C1GALT1,2.8097001832409774,NA,0.004958767026408432,0.01894737924758838,0.3218678571873881,2.0986174314252877e-15,NA,10,10,10,4.186377996866288e-05,0.05109002479039889
ENSG00000188163.7,FAM166A,-2.807907220260183,NA,0.004986459073948379,0.04209165707089295,0.07659376337269685,0.0007326060491935246,NA,26,33,33,0.00042493177419897893,0.15640780217383804
ENSG00000056736.9,IL17RB,2.8016054107540125,NA,0.005084902606402635,0.0037834454745951773,0.041926551926401545,0.013526884521587805,NA,12,12,12,1.368659106538767e-05,0.04976496314893274
ENSG00000067208.14,EVI5,2.7957857416199956,NA,0.005177371149748976,0.0016874642610974432,0.03844076852787578,0.019773735128136655,NA,43,43,43,0.00018632303714220003,0.016786419187452974
ENSG00000278730.1,RP11-147L13.11,2.782072990001225,NA,0.005401289102640029,0.003927259787734143,0.030159586098200613,0.033713817580586086,NA,8,8,8,9.450902039584955e-08,0.08188391293451129
ENSG00000120451.10,SNX19,-2.76221372048068,NA,0.005741088439496677,0.056248638935612195,0.42729111275816894,2.0021811834109355e-20,NA,25,27,27,1.8546886574743163e-13,0.09134765182712434
ENSG00000104866.10,PPP1R37,-2.761560914225182,NA,0.005752578454232337,0.0013867538443480805,0.02881120945947093,0.03638514026355947,NA,35,35,35,1.3254052230690886e-11,0.061884578358200534
ENSG00000272823.1,RP11-295M18.6,2.7608597380192235,NA,0.005764942920925262,0.046142854827128335,0.1232027677617068,1.2030795674288789e-05,NA,93,97,97,6.525122145919154e-10,0.1625487807916293
ENSG00000265971.1,RP11-269G24.6,-2.7534903120492364,NA,0.005896351530013036,0.0024196357592491374,0.03121034095233425,0.03617138632511314,NA,5,5,5,0.014828993358566049,0.034320207240214874
ENSG00000136448.11,NMT1,-2.744068297515268,NA,0.006068291132213347,0.007811680461326373,0.11597124088190193,3.165666386699441e-05,NA,18,22,22,7.589481185883964e-07,0.08345393142436393
ENSG00000100814.17,CCNB1IP1,2.741061617730237,NA,0.006124102162093721,0.08635909456119016,0.17320823145983535,9.076361486487404e-08,NA,56,65,65,0.00013723198119091172,0.1665153201017772
ENSG00000181061.13,HIGD1A,-2.7395185893555527,NA,0.006152923517191113,0.009088736593748857,0.23672714386233806,4.3480226178546845e-10,NA,35,35,35,1.4758577843918026e-05,0.08086005227924349
ENSG00000088756.12,ARHGAP28,-2.721532639650335,NA,0.006497996781785444,0.01875237524234922,0.0614940065097483,0.002210253436611247,NA,35,36,36,2.706736919786427e-09,0.14131624470847662
ENSG00000204815.9,TTC25,-2.716379547393903,NA,0.006600020656610176,0.004437112520265591,0.055008374040009314,0.00514890684122779,NA,25,25,25,0.018843105331089845,0.02687161822094572
ENSG00000271780.1,RP11-1017G21.5,2.71191366103485,NA,0.006689601458259021,0.030130227587667997,0.20995157128197645,8.979005908208994e-10,NA,9,9,9,5.480702444658709e-14,0.2425518728869704
ENSG00000188778.5,ADRB3,-2.704902620903042,NA,0.006832441532335725,0.016303550354713224,0.1111681394044795,3.878976975558627e-05,NA,17,19,19,1.1321718921179347e-07,0.0649713750355589
ENSG00000152208.12,GRID2,-2.7048615814750554,NA,0.006833285659877414,0.036045201564632506,0.21814440136993546,1.4433065062695238e-10,NA,15,16,16,0.005275949850974418,0.033234562845959915
ENSG00000185561.9,TLCD2,-2.7009738851696827,NA,0.006913676684320185,0.015432384929661808,0.1434649800380052,1.635932497720934e-06,NA,10,14,14,0.01854097890399019,0.15445120235058238
ENSG00000263508.5,RP11-963H4.3,2.7003363676957117,NA,0.006926940257045665,0.10187120264792218,0.028732120111344312,0.04431978864881789,NA,76,85,85,6.320142762240861e-19,0.2403228705941142
ENSG00000180535.3,BHLHA15,2.699763582848634,NA,0.006938876554453563,0.03917990114471917,0.18588252192995766,1.0730579944906092e-08,NA,12,12,12,5.881792414176112e-07,0.08083947911875371
ENSG00000272989.1,LINC02012,-2.693862144552282,NA,0.007062937050533692,0.01454140171378216,0.09300229803254552,0.000219504260020267,NA,24,25,25,5.958902456778814e-16,0.10664686156748483
ENSG00000151834.15,GABRA2,2.6883328121115286,NA,0.007180978537995065,0.00535588367177646,0.08569059390060423,0.00018834365115325439,NA,32,33,33,1.0417943603970367e-07,0.05600481529662012
ENSG00000127952.16,STYXL1,2.657389051204234,NA,0.00787485063540505,0.06998530351333895,0.3045659978514502,2.7833802765587755e-13,NA,28,31,31,7.297571330904333e-06,0.2794091951294985
ENSG00000154124.4,OTULIN,-2.656631653581019,NA,0.00789256268477283,0.007065024384916809,0.10594535699660296,6.112984407869547e-05,NA,41,42,42,3.517261672821415e-05,0.05602777039182679
ENSG00000231533.1,RP1-232L24.3,-2.651307801513681,NA,0.00801807332283092,0.03277843955869902,0.044462427417907416,0.011751655913481329,NA,44,46,46,1.8046426384309934e-08,0.1863585636507649
ENSG00000223802.7,CERS1,-2.649607003500217,NA,0.008058544902526608,0.013149936302653532,0.06022538038506917,0.0032468513524889137,NA,42,46,46,6.761136407293798e-16,0.0865551688488188
ENSG00000108654.13,DDX5,2.6420748299073447,NA,0.008239984842633823,0.0001598775780287879,0.12467577349319382,9.165620835711956e-06,NA,6,7,7,1.107516106542355e-05,0.029710923760551938
ENSG00000185477.4,GPRIN3,2.636822332727915,NA,0.008368665009000131,0.0032669091765147734,0.02840901106157533,0.0433007262949194,NA,5,5,5,0.0001250005634687991,0.03180856404672102
ENSG00000144231.10,POLR2D,-2.630674725504641,NA,0.008521555291177749,0.013205412559414948,0.1146914704318936,1.2984319015011884e-05,NA,26,28,28,5.053047789773045e-10,0.11246085586796087
ENSG00000230131.5,RP11-282I1.1,2.627681783570509,NA,0.008596889460985874,0.002612506069438981,0.05314670399208213,0.0049579845080794755,NA,2,2,2,0.005421022360495474,0.05606487421469069
ENSG00000223704.1,LINC01422,2.6254800254057864,NA,0.008652688558793219,0.013544959861846808,0.06690465704645647,0.001537269236268999,NA,26,26,26,0.0013251251186698863,0.050488016293138864
ENSG00000196950.13,SLC39A10,2.6243603590353852,NA,0.008681188213840927,0.0013152613017305215,0.029010216467141407,0.04158291360481451,NA,11,11,11,8.647582500517624e-06,0.07628098766497271
ENSG00000117305.14,HMGCL,-2.6204106036088737,NA,0.008782395282193114,0.009717014152289382,0.0329893617355565,0.03155885181243005,NA,38,40,40,8.169929308372327e-05,0.10724877866376342
ENSG00000239961.2,LILRA4,2.61164780326451,NA,0.009010702861928498,0.006890773885964929,0.11144121126846523,4.619601076980926e-05,NA,25,53,53,3.95520757723943e-06,0.19562332091982654
ENSG00000145241.10,CENPC,-2.610363691730488,NA,0.009044600857511381,0.003960195840260226,0.11911751649620615,1.589455517363732e-05,NA,46,47,47,0.00012616218835774997,0.02537079798088099
ENSG00000111237.18,VPS29,-2.6076187343456474,NA,0.009117444388142144,0.007271503362502757,0.20371965321956154,8.783330980972738e-09,NA,19,19,19,3.129076614229263e-05,0.020440106003582263
ENSG00000186510.11,CLCNKA,-2.5982353203850814,NA,0.009370425345170815,0.014501368910023738,0.1277186548921709,7.892260627624839e-06,NA,12,12,12,7.96562532814057e-05,0.06516279178694437
ENSG00000072364.12,AFF4,-2.590709676681232,NA,0.009577825496858441,0.0017744349220400366,0.04791854078031355,0.008018816549990782,NA,4,4,4,0.008083303570366913,0.017263687328158875
ENSG00000149571.11,KIRREL3,2.5864554258077272,NA,0.009696871155028135,0.002500486172547829,0.05443194671876074,0.004626734799286241,NA,3,3,3,0.012740123937168418,0.04034017753195613
ENSG00000145824.12,CXCL14,-2.5832560957229176,NA,0.009787264273086686,0.008449794615094545,0.05460349276666165,0.004726788089963188,NA,44,49,49,0.0003670646896730486,0.05976352866997784
ENSG00000163728.10,TTC14,2.5829623521343517,NA,0.009795601155002324,0.003160927772223105,0.093807301483777,0.00017420981472280337,NA,23,24,24,0.0017182255401625491,0.025586684688840445
ENSG00000077463.14,SIRT6,-2.581402746209243,NA,0.009839971188456155,0.0013527337390238715,0.044571734570532026,0.011208237212271585,NA,8,13,13,0.00544498064716494,0.046762378105091575
ENSG00000253649.3,PRSS51,2.5726316232566337,NA,0.010092857004373897,0.00879605438689281,0.05914265788742944,0.003649218793254758,NA,18,18,18,3.4728399441864906e-12,0.05525611056460738
ENSG00000151773.12,CCDC122,-2.5604115086581833,NA,0.010454828528630174,0.003679522377695733,0.1186306759768916,1.5280065734189213e-05,NA,18,21,21,4.6058058593040256e-05,0.028732371068778306
ENSG00000273270.1,RP11-212P7.2,2.553509752305299,NA,0.010664329213447002,0.025348379662751042,0.3011444587495605,1.2464798720526216e-13,NA,53,54,54,0.0033201096012040483,0.08370396003384134
ENSG00000188177.13,ZC3H6,-2.5480984144778636,NA,0.010831191069229829,0.0045054456888111195,0.0507985944106356,0.00764193222495335,NA,7,8,8,4.81103397742294e-06,0.08878302743342338
ENSG00000134864.10,GGACT,2.5430549550487522,NA,0.010988794452801981,0.01864777362687215,0.12519082581924545,9.206416749975453e-06,NA,30,30,30,0.0002032855896169473,0.07400264718190913
ENSG00000176209.11,SMIM19,2.534002640080039,NA,0.011276788211572023,0.037745792949375856,0.3130315515116328,3.165699599041955e-15,NA,22,22,22,3.188215248604166e-08,0.06677744068204976
ENSG00000272542.1,RP11-255P5.2,2.5332062028827065,NA,0.011302444312242815,0.04229970756369762,0.12050418671786685,1.979929168264729e-05,NA,25,26,26,4.4761215992264444e-06,0.17531996818437265
ENSG00000138346.14,DNA2,2.5307807009339016,NA,0.011380897987354833,0.025467134867171656,0.2674081012757363,8.529484166283231e-12,NA,20,21,21,0.0013307125131047873,0.09889195938530408
ENSG00000205593.11,DENND6B,-2.5295983864804055,NA,0.011419315314906186,0.021505492252284514,0.11707201829442107,2.74740868766537e-05,NA,96,109,109,9.868431581536467e-06,0.17007356838703633
ENSG00000169410.9,PTPN9,-2.51513110993055,NA,0.011898812506636736,0.003444986801565227,0.05314441222743438,0.006241735774305268,NA,4,4,4,0.002342264080413567,0.06943453553644614
ENSG00000170627.10,GTSF1,-2.5109244256316723,NA,0.012041547301159939,0.02352250429466718,0.06902799313751883,0.0016337383546304793,NA,30,30,30,1.1335635618266007e-06,0.1924992857442424
ENSG00000187741.14,FANCA,2.510239181130266,NA,0.012064941169851705,0.054786240857422286,0.033753389694650006,0.02908612403222875,NA,66,74,74,1.1059359021391566e-06,0.28298426696222306
ENSG00000170291.14,ELP5,2.5097879960624616,NA,0.012080366364520772,0.002074315308360608,0.06766502047543346,0.0008856340717466758,NA,3,3,3,0.0044782900792780375,0.02467829120984876
ENSG00000213853.9,EMP2,2.490442542769377,NA,0.012758412300949984,0.002693338313904973,0.05773903983755264,0.003973025866729481,NA,16,17,17,0.0009811280407857521,0.048124421967572564
ENSG00000266904.5,LINC00663,-2.4847838039014594,NA,0.012963013405279541,0.01687144558958709,0.1037591595036742,8.506233013586532e-05,NA,24,33,33,0.00019705666043569496,0.42335639818437903
ENSG00000183060.15,LYSMD4,2.483318853900396,NA,0.013016451827223283,0.12167339181549836,0.33169717335430643,4.39058285052739e-15,NA,25,27,27,0.00025484761173762756,0.14224368715896826
ENSG00000039650.11,PNKP,-2.482311213118006,NA,0.013053321547997628,0.019605667587618635,0.2222995183093802,1.6134091189288728e-09,NA,12,14,14,0.008877238506390184,0.08470483074285487
ENSG00000179698.13,WDR97,-2.477309193253912,NA,0.013237716839462975,0.00815816512555725,0.3621311116789414,3.0114187956343837e-16,NA,21,24,24,2.346523587062235e-09,0.15284587504979236
ENSG00000099800.7,TIMM13,2.4740137435204033,NA,0.013360455703570275,0.010785236234008648,0.11657086347562927,2.6023361677360625e-05,NA,37,43,43,0.00012096520458147916,0.042002648504829584
ENSG00000023191.16,RNH1,2.4691077553137677,NA,0.013545042412929071,0.005137103638535152,0.06643319020328184,0.001499468008611764,NA,22,24,24,0.015817737637856984,0.07394342946763058
ENSG00000156958.14,GALK2,2.4688010775930453,NA,0.013556655563647723,0.0051705333224320305,0.048908474215262975,0.006855462378913732,NA,22,22,22,0.0027382862351526915,0.04473944305794823
ENSG00000175110.11,MRPS22,-2.462866162823085,NA,0.013783135492914744,0.038096003401261014,0.2196832115410864,3.3898133620972575e-10,NA,50,56,56,0.00011090009885853323,0.13423129983413892
ENSG00000174165.7,ZDHHC24,-2.4588028973501896,NA,0.013940112770486757,0.03429331906212108,0.13333915289074666,6.395698296243147e-06,NA,52,52,52,1.2771055151225522e-14,0.2519421954975706
ENSG00000127554.12,GFER,2.453278273172968,NA,0.014156078097231278,0.0033918181387019705,0.07744851368164055,0.0005738790004212815,NA,14,16,16,0.0002946593420829194,0.061594030096783714
ENSG00000185250.15,PPIL6,2.4439004341449118,NA,0.014529435698126442,0.0029484638075950977,0.07561152312291948,0.0006530530740892343,NA,13,14,14,0.002657531721221428,0.02909938264558278
ENSG00000275142.1,RP5-999L4.2,-2.4393770379105297,NA,0.014712608758062429,0.009602697504006334,0.0920081478726836,0.0001393966484159153,NA,4,4,4,0.00043742631682953487,0.07468010230586371
ENSG00000172086.7,KRCC1,-2.4390548607166975,NA,0.014725732502351208,0.0016160516378419425,0.038471619103049234,0.01716728135807287,NA,22,25,25,0.0011130680932388206,0.05169685769628888
ENSG00000155085.15,AK9,-2.43885568261292,NA,0.014733851093743387,0.025670563685757635,0.22692049355995186,9.446276352457758e-10,NA,28,30,30,0.0002049460095820509,0.05617532903363846
ENSG00000035720.7,STAP1,-2.4352368670703592,NA,0.014882044189242417,0.04725589352824222,0.2544353208816171,1.9675809555433323e-11,NA,12,12,12,6.918406722744804e-05,0.08804582993719091
ENSG00000160953.15,MUM1,-2.420424502512541,NA,0.01550239803074352,0.009140885353785305,0.11898754084055364,1.5903830487352685e-05,NA,28,33,33,0.001796691420683743,0.0716839637447778
ENSG00000206177.6,HBM,-2.417764190438992,NA,0.015616193199314038,0.11256268786110166,0.05449055258618462,0.004213979146748926,NA,59,72,72,1.4368801017031524e-08,0.36399615185027656
ENSG00000275395.4,FCGBP,2.393384940689163,NA,0.01669371636065388,0.01592404634769589,0.1623109923311773,4.731958906885749e-07,NA,47,48,48,0.0011294687187488341,0.1449353538504519
ENSG00000147533.16,GOLGA7,-2.3910536138163034,NA,0.016800099387221424,0.01373355176288114,0.2358176499582417,1.855779022426669e-10,NA,13,13,13,0.007830063486956142,0.039289482351530604
ENSG00000107882.11,SUFU,-2.383220635692778,NA,0.01716190493151174,0.030283854936927156,0.12417295178326755,1.3456437366156834e-05,NA,38,39,39,9.252961148461192e-08,0.20678141499523306
ENSG00000136235.15,GPNMB,-2.381270701392897,NA,0.01725302819501954,0.04475084349159923,0.2815159212487285,1.4112371201437179e-12,NA,15,15,15,1.372630862084568e-05,0.0372045687489796
ENSG00000275198.1,RP11-471B22.3,2.3744931913262075,NA,0.01757306030891998,0.03144182392545394,0.0963262459721728,0.00013353395272512278,NA,27,29,29,6.937622218878169e-10,0.09542120160482433
ENSG00000174456.13,C12orf76,2.3740194981898117,NA,0.017595621287802586,0.003362415666807258,0.09330895261588584,0.00023072263348645255,NA,24,26,26,3.2321196602405566e-06,0.04549933594180256
ENSG00000138777.19,PPA2,-2.3702123052904573,NA,0.017777873578697156,0.010468845456462705,0.12002863008697755,1.933004860121676e-05,NA,22,23,23,0.0029267613854755893,0.06006336869151955
ENSG00000128513.14,POT1,2.352587309073997,NA,0.018643312468627677,0.0037100648440756235,0.05810414924669701,0.003293117766421673,NA,12,12,12,6.171826800959253e-05,0.013866191807986298
ENSG00000142252.10,GEMIN7,2.347569209639466,NA,0.018896362196580106,0.009830679927469324,0.07635027086076697,0.0005200293316068944,NA,34,35,35,1.3254052230690886e-11,0.08308164643312088
ENSG00000169609.13,C15orf40,2.347464322713714,NA,0.01890168326459544,0.07189410551015024,0.2833409753254693,4.149361067364399e-12,NA,29,31,31,1.5023611207847253e-16,0.06475799545507369
ENSG00000104738.16,MCM4,-2.3336217403411865,NA,0.019615537192444802,0.005692335474278311,0.08746933191428594,0.0003093977131595245,NA,1,3,3,0.019615537192444802,0.14809233286579085
ENSG00000170584.10,NUDCD2,-2.333135548925671,NA,0.019641032212648405,0.01022359105491686,0.05137447984686146,0.006816417490367573,NA,46,48,48,4.427082950587126e-13,0.15806396589911545
ENSG00000119227.7,PIGZ,2.3254816508132876,NA,0.02004621995762672,0.02336074533440394,0.3596785731023865,3.064903067909746e-16,NA,15,18,18,4.0460935025106056e-07,0.1131556676133931
ENSG00000105323.16,HNRNPUL1,-2.3237609163954156,NA,0.02013831154533199,0.006031863966644058,0.14612449187912752,1.7221381822013203e-06,NA,16,16,16,0.0011383432854756694,0.08444043310052506
ENSG00000167670.15,CHAF1A,-2.323192366109742,NA,0.020168820694699944,0.13264713238458392,0.2764473795617977,5.66124851362261e-12,NA,98,102,102,7.570784371837349e-05,0.2324612168373049
ENSG00000100068.11,LRP5L,2.3175507683603027,NA,0.02047374847101948,0.04273509912099359,0.14140842128139833,2.0053896626621132e-06,NA,38,41,41,9.382546070425342e-08,0.13749923811194115
ENSG00000127946.16,HIP1,2.3153895902960357,NA,0.0205916206965518,0.007281681894645214,0.12810211325083645,1.1525840633370933e-05,NA,50,61,61,2.0171402443456965e-07,0.08719742315950904
ENSG00000101337.15,TM9SF4,-2.311210552146929,NA,0.020821227798355314,0.0020315426020120647,0.09717329744928184,0.00016063421008291127,NA,11,11,11,0.006851899118457065,0.011195248068394902
ENSG00000100490.9,CDKL1,2.2984286887962346,NA,0.021537402246107066,0.010390847336894353,0.04366026942748991,0.009529038603201492,NA,25,25,25,0.009598293559582848,0.024496601562744573
ENSG00000204172.12,AGAP9,2.296058903288038,NA,0.021672513676212517,0.010377232959109651,0.21115332022128644,3.0199232158954423e-10,NA,4,16,16,0.02008611298561071,0.08954760083627075
ENSG00000204152.10,TIMM23B,2.292374955209414,NA,0.021884015940129654,0.042628865162211295,0.2796503809324872,4.338506535732368e-12,NA,63,63,63,2.2617303261334185e-11,0.0764852538119866
ENSG00000115649.15,CNPPD1,-2.2886673267872637,NA,0.022098688790442352,0.032453939980537,0.30723476600660155,2.0564365938599e-13,NA,24,25,25,0.0028273457528223893,0.2053117501236826
ENSG00000180822.11,PSMG4,2.2862971337470555,NA,0.022236881456673435,0.013511512717091759,0.15421727664756188,8.633258048708578e-07,NA,18,22,22,0.013971282461603101,0.11354554389483065
ENSG00000267057.5,LINC01905,-2.2854475435144854,NA,0.022286598945252645,0.007296373628130426,0.036919879284097824,0.02295219118559816,NA,13,13,13,6.261002782482479e-07,0.12350802525425265
ENSG00000172058.15,SERF1A,-2.278724345808996,NA,0.022683456579487758,0.042953472264040476,0.4306767698775053,9.261604600481763e-21,NA,30,38,38,1.9606686069832386e-05,0.40929987172354587
ENSG00000121335.11,PRB2,2.2768681111111126,NA,0.022794102674931333,0.003708242204782267,0.07058949361989575,0.0013732339881594431,NA,16,19,19,0.0001774141676511121,0.060198342872391314
ENSG00000086232.12,EIF2AK1,-2.272240604463197,NA,0.02307198204224849,0.02226217585466176,0.034996495817792066,0.023768700153153608,NA,40,48,48,0.00015183040383469863,0.3417444197263921
ENSG00000185681.12,MORN5,2.2690711750847683,NA,0.023263997935468895,0.0002481770240314552,0.04237275099278247,0.014214880210854697,NA,2,3,3,0.023252654157356386,0.027587379625766077
ENSG00000118849.9,RARRES1,-2.2605539168573467,NA,0.023786894127358085,0.0029835273081221633,0.03624660864323341,0.022125599627306987,NA,7,7,7,0.012175464475015078,0.018830724575870903
ENSG00000151917.17,BEND6,-2.253293660774106,NA,0.024240639199145844,0.013818809228472761,0.31491879774568177,1.2657428335109435e-13,NA,54,56,56,0.005471599289286289,0.05253196803045864
ENSG00000140025.15,EFCAB11,2.246953995197139,NA,0.024642967381178,0.02977058081574525,0.19574080073302527,1.7169092656165437e-08,NA,24,26,26,0.0012639709729969856,0.10827743727694857
ENSG00000166275.15,BORCS7,-2.2391272383347327,NA,0.02514763843670043,0.008932223998627711,0.10944204793180698,5.2971228015164975e-05,NA,41,42,42,8.277696460917156e-07,0.08026911506554561
ENSG00000141013.16,GAS8,2.2379640949195645,NA,0.02522339665890397,0.005056726410510648,0.027184079780560852,0.0492697424052302,NA,7,8,8,0.0006882351169292269,0.08886575217335034
ENSG00000152684.10,PELO,2.2371374523345975,NA,0.02527735781456652,0.022793687717693786,0.06426910006067549,0.002108600214030602,NA,76,78,78,2.702005557872841e-06,0.06098105222772467
ENSG00000186716.20,BCR,-2.2303039181797555,NA,0.025727273241269163,0.0121356006741816,0.21012733630083785,1.2029536319558788e-09,NA,25,27,27,0.00016829307212328672,0.14049681513107268
ENSG00000169855.19,ROBO1,-2.2220409652548625,NA,0.02628053726721627,0.00594821674505722,0.028654221038769436,0.04145705343743256,NA,14,14,14,0.00018094506995047145,0.03212848978395358
ENSG00000068028.17,RASSF1,-2.220488402100446,NA,0.026385632102651838,0.002612169346202897,0.031070413030096927,0.02763127932475055,NA,2,3,3,0.016053059843323513,0.1582267202887045
ENSG00000064309.14,CDON,2.217620793284601,NA,0.026580698916385908,0.006850992633699791,0.13003133552347962,5.276406514844388e-06,NA,7,8,8,1.5293544240888578e-08,0.04467647832944433
ENSG00000130958.11,SLC35D2,2.2155093688521696,NA,0.026725122001096627,0.0029042021428128035,0.03269312001975808,0.03199081716608715,NA,17,18,18,2.288077243268777e-16,0.11004632989223703
ENSG00000081059.19,TCF7,-2.2092988023944984,NA,0.027153864445275785,0.009016125332505839,0.06400043286205964,0.002223637975887565,NA,29,30,30,0.001102010336726702,0.0936529351221602
ENSG00000163864.15,NMNAT3,2.2088379910678912,NA,0.027185911515943188,0.004781127941246422,0.0492115586021901,0.00736699573137376,NA,36,36,36,1.73245257869493e-11,0.06419460793604205
ENSG00000169246.16,NPIPB3,-2.2012620212061567,NA,0.027717479859505963,0.03314578754451114,0.0701329642836924,0.0014498948867381384,NA,28,31,31,0.002797863673343597,0.32478206893854794
ENSG00000162576.16,MXRA8,-2.1881669751947457,NA,0.02865744174218953,0.004404074711945288,0.09220972037265396,0.0001895584365554069,NA,7,8,8,0.0005676449278507014,0.09468958480071857
ENSG00000123297.17,TSFM,-2.1880163723683372,NA,0.028668409744438857,0.005996133015842395,0.16474818820137693,2.822351186243214e-07,NA,18,18,18,0.02727044768438427,0.02836138039936112
ENSG00000102882.11,MAPK3,-2.187852351117139,NA,0.028680359087057343,0.013083738670216942,0.18847097333975046,4.5773154704029406e-08,NA,18,22,22,0.0009007599067491807,0.07483939248937205
ENSG00000099956.18,SMARCB1,2.1860110513806794,NA,0.028814796805044163,0.03799327678876975,0.0892529281895212,0.0003182230920404217,NA,90,103,103,7.052244722938292e-09,0.19076541503137975
ENSG00000068024.16,HDAC4,2.174843129410865,NA,0.029641873845273243,0.007101436640996084,0.04085021174483629,0.0165837905972583,NA,24,24,24,1.508222079959499e-05,0.06669172477541642
ENSG00000136877.14,FPGS,2.172718923724297,NA,0.02980147861801187,0.007583826857078653,0.035775931099143295,0.022894793901214117,NA,70,72,72,0.00026025692550730805,0.13892585266932594
ENSG00000213413.2,PVRIG,2.1710895049672447,NA,0.029924407223032738,0.04075047695656128,0.2621056241800356,3.227508034369773e-11,NA,43,44,44,0.00010211800887762315,0.10279991753586804
ENSG00000177683.13,THAP5,-2.1703596067765645,NA,0.02997961430494783,0.0227907482785005,0.2534100608520928,2.8567890706291376e-11,NA,13,14,14,7.065036100046443e-06,0.1326277366974822
ENSG00000164175.14,SLC45A2,-2.1703588017587276,NA,0.029979675242130688,0.029373720113721673,0.042959816988540296,0.013321125611835755,NA,41,42,42,1.5894454012865288e-12,0.13240780504763094
ENSG00000151414.14,NEK7,-2.166639268109489,NA,0.03026237073620015,0.002595454404783101,0.03775835926328752,0.01888571957179564,NA,59,59,59,2.4899901232765272e-12,0.04329069881715118
ENSG00000103342.12,GSPT1,-2.161623883021784,NA,0.03064717902318626,0.0031009697284306715,0.059775936881923286,0.00282753972689446,NA,9,9,9,5.13761345971179e-07,0.05238394374478916
ENSG00000094916.15,CBX5,-2.1577409633809674,NA,0.03094797719042701,0.003224670720322712,0.07053530090830633,0.0009345943775606727,NA,5,5,5,0.032057381141023446,0.11047733686189593
ENSG00000128973.12,CLN6,-2.157473050575776,NA,0.030968824736225593,0.05059679162682982,0.11709024290172446,3.1807503009983034e-05,NA,140,160,160,4.8306447302076446e-32,0.14644180733491408
ENSG00000167434.9,CA4,-2.1533676414054064,NA,0.031289796599763324,0.0008002636069993745,0.0610937785505502,0.002878342985101954,NA,2,3,3,0.029228820784326603,0.04545718260531645
ENSG00000164106.7,SCRG1,2.149139913276432,NA,0.03162331064673515,0.04974621744901562,0.3805000908069247,6.200625639719349e-18,NA,27,28,28,1.558849223330297e-06,0.08292487150448599
ENSG00000115556.13,PLCD4,2.146891972581971,NA,0.031801882845076235,0.0015765277085802087,0.03591594533011707,0.023628338051330692,NA,5,6,6,3.273070422040709e-14,0.020381321025261048
ENSG00000182986.12,ZNF320,2.1450705088145474,NA,0.03194720995434911,0.041141325758337455,0.3159158280288039,2.3731163209168556e-15,NA,3,3,3,0.019328401991870962,0.23327416005097865
ENSG00000271653.1,RP11-259K5.1,-2.143390150912401,NA,0.032081783290895,0.007974054044203524,0.04682823368520304,0.00970026674115963,NA,23,26,26,1.1755496203303794e-08,0.0682714060276803
ENSG00000131470.14,PSMC3IP,-2.1387613761417077,NA,0.03245499902131829,0.04350400408478159,0.02717026021000156,0.049862898333396334,NA,58,63,63,3.2031391946547776e-07,0.3302454656181352
ENSG00000112584.13,FAM120B,2.1383952951418332,NA,0.03248467401235717,0.010133909973832322,0.04125596041188298,0.015300979811784602,NA,52,52,52,1.107353231784443e-05,0.02623356395642457
ENSG00000100523.14,DDHD1,-2.137776883533633,NA,0.03253485603811746,0.02343819633930177,0.18450419127220136,3.11583396782343e-08,NA,41,42,42,0.002085820130516736,0.07948637264860596
ENSG00000099889.13,ARVCF,-2.1351014041688368,NA,0.03275272797568691,0.008075488491886842,0.09462960472245886,0.00019736091020920607,NA,52,55,55,1.6121587854582335e-09,0.0370376848942617
ENSG00000171772.15,SYCE1,-2.131536123176744,NA,0.03304499977935658,0.01776738342770895,0.06887771686467878,0.0015802312324778936,NA,39,42,42,0.00014470154502392823,0.1158155530764899
ENSG00000198860.11,TSEN15,2.1311887899359756,NA,0.033073592162871694,0.0024983040951802307,0.13592704520055576,4.554267998880816e-06,NA,9,9,9,0.015621309704556368,0.021536994927166483
ENSG00000104332.11,SFRP1,-2.1282184106821265,NA,0.0333189790639772,0.018328921425703262,0.03387151904019574,0.029715986165001238,NA,33,33,33,0.007830063486956142,0.08963912389764432
ENSG00000166965.12,RCCD1,-2.1225506927086006,NA,0.03379152050580574,0.01426136822501987,0.1625599355424919,1.9000631972605523e-07,NA,12,12,12,0.020209619626305277,0.07027659182984583
ENSG00000157103.10,SLC6A1,-2.1167260345746177,NA,0.03428310595375493,0.00031503494681961816,0.04636310060920483,0.009783662712988028,NA,3,3,3,0.025515644566819182,0.02707691814447528
ENSG00000117906.13,RCN2,-2.1164908332503494,NA,0.034303084017732854,0.002143280131785377,0.062262636337338736,0.0026089022127957625,NA,22,23,23,0.0013864458599712865,0.02296490953231444
ENSG00000261824.6,LINC00662,2.107461401248016,NA,0.035077604097880036,0.0031016299475666496,0.04188946339659146,0.011728586426401556,NA,8,8,8,0.016438644104200022,0.1003121718044957
ENSG00000085382.11,HACE1,-2.104366768719946,NA,0.035346465872501474,0.004252224115036082,0.1187756252555734,1.5639024372478845e-05,NA,21,22,22,0.0216000795244544,0.01568461300472624
ENSG00000079337.15,RAPGEF3,-2.1028427837386006,NA,0.035479514719700254,0.02238145228875551,0.2525580909232249,4.947494924684576e-11,NA,28,29,29,0.00015999199324232235,0.12097927700389703
ENSG00000272630.1,RP11-344N10.5,2.0917774605069157,NA,0.03645842752785493,0.039745925404367416,0.029243445214743688,0.04303765454994836,NA,31,33,33,0.0154847306788816,0.3082484184637133
ENSG00000274414.1,RP5-965G21.4,-2.090445289746829,NA,0.0365778181368589,0.017492981773099017,0.07460771017581146,0.0010460868341177927,NA,39,44,44,0.002201434347094763,0.12747242695278005
ENSG00000276093.1,RP5-1017F8.2,-2.09001233019708,NA,0.036616692101600214,0.08979852403123276,0.4232877900910905,8.158466690790737e-20,NA,15,17,17,0.003989727824937094,0.14253359700131946
ENSG00000163462.17,TRIM46,-2.089755808060028,NA,0.03663974095238192,0.0014098424200373553,0.02762246259046227,0.04967977290338395,NA,12,12,12,5.5550830634910914e-08,0.027842342616579342
ENSG00000241767.2,LINC01324,2.0880130012382736,NA,0.03679666191464556,0.042823939330298405,0.2324634274574073,1.677439506949512e-10,NA,23,25,25,0.008662512545746317,0.12700793991436196
ENSG00000108349.16,CASC3,2.0831122570103155,NA,0.03724099239698783,0.0033592092608266512,0.13483663420631192,3.9784118508365826e-06,NA,5,6,6,6.837005032212524e-05,0.08904745841040497
ENSG00000272463.1,RP11-532F6.3,-2.0830992541721263,NA,0.037242177359938386,0.04350446005834272,0.2104423076760843,3.082973717233703e-09,NA,8,8,8,0.007632662780102575,0.23732442909913185
ENSG00000229453.2,SPINK8,-2.0815749060278503,NA,0.03738131550153602,0.015303750865137165,0.03313355949189143,0.026603158587259108,NA,57,59,59,0.0003270366221715076,0.16648094401026006
ENSG00000101019.21,UQCC1,2.080941079433752,NA,0.03743929947733873,0.004164497060159061,0.07421687762759585,0.0008572902309009737,NA,31,31,31,0.006117527105783961,0.017338945162523645
ENSG00000227082.1,CH17-437K3.1,-2.077827745457735,NA,0.03772522737454697,0.006855683180268382,0.05323070124908733,0.004035258202055607,NA,2,13,13,0.04324888381892079,0.2073520155404569
ENSG00000065243.19,PKN2,2.074926642197675,NA,0.0379933340814077,0.006927466244557775,0.035193033730466734,0.024526437450322125,NA,132,140,140,8.647391550549679e-23,0.14008833389182884
ENSG00000089060.11,SLC8B1,2.074733123786905,NA,0.03801127567685135,0.001535287384031545,0.047224581047186784,0.008201429021072997,NA,5,6,6,0.028304590788120802,0.02739023506870596
ENSG00000010438.16,PRSS3,2.0723657000318685,NA,0.03823134958934164,0.022155526379708412,0.14351208151453015,8.18970625020257e-07,NA,30,31,31,6.386485445376607e-06,0.07845715956494398
ENSG00000140479.16,PCSK6,2.0696804393003854,NA,0.038482279702551025,0.007831443721026971,0.055637766692605985,0.004481048116269629,NA,37,44,44,8.734776526928841e-06,0.0712302703764197
ENSG00000112365.4,ZBTB24,-2.066981935486119,NA,0.03873585617578609,0.012683084703239731,0.04200580238603899,0.013126824144130252,NA,49,55,55,7.313875187266428e-06,0.04258468448138809
ENSG00000137225.12,CAPN11,-2.0654485953356727,NA,0.038880574599037,0.011570718838363771,0.028895766447480008,0.040276452476008535,NA,13,14,14,0.00038747575430499956,0.05096994139118062
ENSG00000104213.12,PDGFRL,2.0606869763474807,NA,0.03933291291750357,0.01647027929263842,0.059321992319539475,0.0035318543462582656,NA,19,20,20,0.004101931742904893,0.3129811801861909
ENSG00000175806.14,MSRA,2.055231881968394,NA,0.03985661310128044,0.0027218687917012676,0.06100648125932475,0.0029270468707798137,NA,15,17,17,0.000352963042670976,0.04232811678921322
ENSG00000122218.14,COPA,-2.0491341665622027,NA,0.040448997352064295,0.008670244090148504,0.15652949033403485,3.6375407583913963e-07,NA,8,8,8,0.00038164537426061204,0.01840632289057952
ENSG00000176208.8,ATAD5,2.044064840543558,NA,0.04094714197886067,0.006127320913306481,0.06856045171289413,0.0015117259641520644,NA,38,39,39,0.0002502758166956473,0.03600415953770026
ENSG00000269949.1,RP11-738E22.3,2.043658633287234,NA,0.040987282518302755,0.06341945570038438,0.16760105553622484,2.6735985041660926e-07,NA,22,22,22,7.135478959204242e-08,0.1250679978421298
ENSG00000129559.12,NEDD8,-2.0341997031532224,NA,0.04193146447926593,0.005307251219039284,0.0609758152079668,0.0026806422011976844,NA,41,42,42,3.091291246790335e-07,0.0857252800163105
ENSG00000214078.12,CPNE1,-2.03348935160265,NA,0.042003108300966395,0.02211309855903574,0.2660587518958991,1.0941344620695638e-11,NA,47,48,48,0.007767046471001552,0.04225805601549837
ENSG00000185437.13,SH3BGR,2.033192518797091,NA,0.04203307659674679,0.020103013417181084,0.13425975700949389,2.496772570975013e-06,NA,20,20,20,0.003065771758310386,0.10003388949260404
ENSG00000159479.16,MED8,-2.031988807619552,NA,0.042154789028508166,0.008185537309745899,0.0716741530538757,0.0013291747100762981,NA,28,29,29,2.2437480867642697e-05,0.16618087386501515
ENSG00000072952.18,MRVI1,-2.031154434686606,NA,0.04223933095445368,0.00358021108641621,0.07019320348984814,0.0014649422534953422,NA,10,10,10,0.001301834813531169,0.0430866673820965
ENSG00000198089.15,SFI1,2.0300968753406217,NA,0.042346693088015336,0.005495610747768541,0.12815946496918135,1.0199691602889077e-05,NA,16,16,16,6.789642499105564e-05,0.020303820285397157
ENSG00000270074.1,RP11-351I21.11,2.026597625200162,NA,0.042703579633429196,0.002181379833659213,0.17145136440811146,1.0051017281339002e-07,NA,8,19,19,0.016005541581633156,0.049985119826571216
ENSG00000105486.13,LIG1,-2.0222267982612205,NA,0.04315292699082352,0.005342130762825183,0.10188206932594564,0.00010296422115937464,NA,28,34,34,0.013934058253395205,0.055238345794770737
ENSG00000226067.6,LINC00623,-2.021298408508301,NA,0.04324888381892079,0.0006326817599954974,0.3537262576217209,1.6279076567564991e-16,NA,1,4,4,0.04324888381892079,0.06348041198791504
ENSG00000173960.13,UBXN2A,2.018467295128007,NA,0.04354261695134626,0.005830665407075494,0.04718553105260194,0.008096705207730185,NA,11,11,11,0.0003796584813274679,0.15935306352249612
ENSG00000166796.11,LDHC,-2.0115734706646897,NA,0.04426491829126122,0.20247929285162714,0.3719451629101018,2.6819883826877743e-17,NA,40,44,44,0.026353322109570986,0.2315427932433987
ENSG00000099994.10,SUSD2,-2.0093731451162546,NA,0.04449757602160626,0.0032915812154139966,0.040102938254509085,0.015220865468375963,NA,23,24,24,0.00016829307212328672,0.05677621695456182
ENSG00000100239.15,PPP6R2,-2.0078838630011493,NA,0.04465563435680925,0.047998254353491115,0.16943015374148293,2.2528591706897472e-08,NA,159,184,184,4.310680512116263e-07,0.12142068020861956
ENSG00000149527.17,PLCH2,2.007250882761259,NA,0.04472295618493204,0.003828636209108764,0.15701972326888575,1.0337413233661527e-06,NA,7,8,8,0.03319536931782073,0.041543604553531614
ENSG00000161281.10,COX7A1,2.005318260144286,NA,0.04492903392069852,0.004112200819214491,0.03474078868334432,0.024641067549681088,NA,16,16,16,3.716329214971947e-05,0.05521060192923203
ENSG00000143537.13,ADAM15,-2.004877641450858,NA,0.044976129523426306,0.028171102422307248,0.10626481720392024,4.61181015713433e-05,NA,53,61,61,1.5864608393244265e-17,0.5754907873337185
ENSG00000214944.9,ARHGEF28,-2.004249828502441,NA,0.045043305324687234,0.005823977487934064,0.03299637784953873,0.02621907247258714,NA,9,10,10,0.005617059520761507,0.04910858811402286
ENSG00000228261.1,RP11-127L20.3,2.000003533609009,NA,0.04549988233177535,0.04380401409658753,0.15630373003876147,8.559392702503388e-07,NA,14,16,16,0.05239811379308894,0.0658931432307004
ENSG00000188039.13,NWD1,-1.9909474329486216,NA,0.04648666670690667,0.010986251221682043,0.2424302876912075,2.0507770686104498e-10,NA,12,15,15,9.534452605326436e-06,0.15030120280514958
ENSG00000272942.1,CTA-246H3.12,1.9891973489533636,NA,0.04667942441998096,0.020835318821780902,0.061587054454912964,0.0021170796366172195,NA,38,43,43,0.00023357627159624678,0.20691644669739226
ENSG00000262246.5,CORO7,-1.9889665263158052,NA,0.04670489782046434,0.005646936715996481,0.18865103291720284,7.244339399506301e-09,NA,24,25,25,0.0008034963304025855,0.0538257473393132
ENSG00000147324.10,MFHAS1,-1.982601219589221,NA,0.0474119910479411,0.015022218383654693,0.042794374105394786,0.012228089311979832,NA,57,58,58,5.059864647152804e-06,0.12690682271042872
ENSG00000160223.16,ICOSLG,1.980674154923486,NA,0.04762782694088567,0.01674231268411879,0.1355557294790586,3.4823887751357323e-06,NA,29,35,35,0.005384531278512002,0.09595095432483268
ENSG00000177627.9,C12orf54,1.9805473135919198,NA,0.047642062402617806,0.04401027612904544,0.05469670382348157,0.005310732851958364,NA,51,52,52,5.585877347139571e-06,0.328579002757903
ENSG00000198677.10,TTC37,-1.9800993884265499,NA,0.047692361873679624,0.00588098629722587,0.11183892278328086,1.7404228141435534e-05,NA,12,12,12,0.011787452573979805,0.022872511551006128
ENSG00000167088.10,SNRPD1,-1.9791629481165938,NA,0.04779766306738388,0.0012644123764703394,0.06395747642124129,0.00228562454787638,NA,9,9,9,0.024428369699220943,0.024088380959838653
ENSG00000197561.6,ELANE,-1.9784402081169887,NA,0.04787906755584159,0.022538463741603187,0.033166024043535004,0.02932790784586253,NA,21,23,23,0.007475918637973168,0.1570566151612223
ENSG00000124357.12,NAGK,-1.9781325183113343,NA,0.04791375897404676,0.0033341147863211558,0.06987501629269287,0.0014256573897753195,NA,10,12,12,0.007344148782276393,0.04836927400689152
ENSG00000250490.1,LINC02145,-1.9767673347410075,NA,0.048067935612758746,0.06555952208272267,0.2429973883668404,1.3153780232398775e-10,NA,50,53,53,1.2853253833845563e-09,0.1355582561626343
ENSG00000243789.10,JMJD7,-1.9757950466221696,NA,0.04817799468792298,0.020985927888724432,0.11409767070591972,4.288590629845076e-05,NA,19,21,21,1.316355889058279e-10,0.10462849864145007
ENSG00000034239.10,EFCAB1,-1.9713157127500034,NA,0.04868777520495072,0.021417353132752406,0.2298799229559049,9.934237919930704e-10,NA,14,15,15,0.01194490781343294,0.07496863789443438
ENSG00000197937.12,ZNF347,-1.9669337543810579,NA,0.04919084849279805,0.1049199824480927,0.15326423715804247,1.3315197513239705e-06,NA,162,197,197,2.6921753225979466e-10,0.1755103881356198
ENSG00000170430.9,MGMT,-1.9662872567934875,NA,0.0492654379910824,0.28063313994697686,0.3449153564902284,1.3729833821959709e-15,NA,186,207,207,8.275238678701493e-09,0.3498288714923579
ENSG00000168014.16,C2CD3,1.9649261810361454,NA,0.049422782015398965,0.001406614553878883,0.032659687335472934,0.02781568433682731,NA,7,7,7,0.03786994644434119,0.03383862889604578
ENSG00000001084.10,GCLC,-1.9622672127517236,NA,0.049731382329614424,0.005683207567778879,0.0969110624613246,0.00015134521634565425,NA,36,36,36,0.0005097703632282152,0.028139973429939732
ENSG00000126581.12,BECN1,-1.9610746448471676,NA,0.04987031599111976,0.015391923616557637,0.08084898403813001,0.00031344169759794325,NA,110,116,116,0.0015355775330943696,0.2133486977708187
ENSG00000169689.14,CENPX,-1.957865213227961,NA,0.050245830759152635,0.03586604696768054,0.25360314071089995,4.842511535015364e-11,NA,19,19,19,0.013951556978506864,0.1208308321589005
ENSG00000128928.8,IVD,-1.9562200652128192,NA,0.050439235802235284,0.02344762495346392,0.21542206472737696,3.567872802107015e-09,NA,11,11,11,2.1880788154571036e-06,0.12171125953188887
ENSG00000143248.12,RGS5,-1.9470971334413236,NA,0.05152309062071428,0.003474906997988676,0.034937543181549034,0.023118824595546685,NA,14,15,15,0.0303212900989904,0.022253373067253498
ENSG00000204052.4,LRRC73,-1.9466825278723163,NA,0.051572807589203976,0.0028683431286903958,0.057326316583946026,0.004298067091693042,NA,39,46,46,3.961958507301194e-06,0.05525549205006603
ENSG00000152492.13,CCDC50,-1.946033000946045,NA,0.05165077560705124,0.000993197966173664,0.1079475379159054,3.491341685433265e-05,NA,1,1,1,0.05165077560705124,0.04351854247659116
ENSG00000242715.7,CCDC169,-1.9432731341938616,NA,0.051983165758164744,0.03620105289480986,0.09236704619005832,0.0001972721347988354,NA,122,124,124,2.6653434282217518e-05,0.32932011248734605
ENSG00000258289.8,CHURC1,-1.9413125360438948,NA,0.05222037989092192,0.04796547122031795,0.36135673889023495,2.125146998368415e-16,NA,48,52,52,0.0004099445329858169,0.049893115150267266
ENSG00000261159.1,RP11-723O4.9,1.9374848435563012,NA,0.05268610432264221,0.05042435007726313,0.2276233711159847,1.0908677124781968e-09,NA,69,69,69,2.4870736082050394e-06,0.10467572919954518
ENSG00000160072.19,ATAD3B,-1.9343500289838436,NA,0.05307010599827701,0.033195029940496466,0.14854025001812493,3.313508350827493e-07,NA,17,20,20,0.02015369375875252,0.19613398255432074
ENSG00000197535.14,MYO5A,-1.9319965052432815,NA,0.05335993722793313,0.0035813659834618636,0.12156767942412215,2.0387426094982448e-05,NA,22,24,24,1.9554487786142156e-05,0.03385607295877613
ENSG00000171133.2,OR2K2,-1.9276118222239664,NA,0.05390342727246645,0.08529804455089549,0.02907972090701097,0.03985740516777487,NA,91,94,94,1.2857228332353019e-17,0.21036090250040634
ENSG00000272354.1,RP11-307L14.2,1.9269518696914494,NA,0.05398562839447767,0.1497734746888223,0.039138011010979815,0.017780170609213698,NA,106,112,112,9.943588193905385e-17,0.5188013332009355
ENSG00000086504.15,MRPL28,1.9211290904704912,NA,0.054715434971450636,0.011672703157660473,0.09745367611351202,0.00016051681399918523,NA,55,62,62,9.024034584500266e-05,0.05833999816747036
ENSG00000231437.3,LINC01750,1.9152986731018964,NA,0.055454424729111586,0.05179707306291128,0.13976948555554278,4.2207860766020534e-06,NA,50,59,59,0.000274748664649482,0.20207272375405155
ENSG00000115616.2,SLC9A2,-1.910719009501874,NA,0.056040700561597344,0.0032589820010879875,0.061281403644729074,0.0028367115924519824,NA,4,4,4,0.03804603190639246,0.03783756929875996
ENSG00000110921.13,MVK,1.9065284193577736,NA,0.05658168211895454,0.003636759823364752,0.06288192686001062,0.0024281053401100177,NA,13,13,13,1.9448699513340102e-05,0.16237639686522898
ENSG00000273344.1,PAXIP1-AS1,1.9045900148183346,NA,0.05683338556816875,0.01938767375867722,0.07907010692478189,0.0007175364728723863,NA,37,38,38,6.62535794180994e-05,0.0504710600484949
ENSG00000066923.17,STAG3,1.9042446906981219,NA,0.056878323821015576,0.03432926254415408,0.18234481183946916,4.287787846217227e-08,NA,71,72,72,0.00010211800887762315,0.054009421286483034
ENSG00000176399.3,DMRTA1,1.8995100559910807,NA,0.057497445715834254,0.0017243365803047315,0.04019934883032803,0.016259764995331574,NA,4,4,4,0.0154762428122692,0.030621386045422774
ENSG00000167555.13,ZNF528,1.8992375947455657,NA,0.05753324380715312,0.014440147392349235,0.10153885985274944,8.455822101322627e-05,NA,38,41,41,5.6473464269165246e-05,0.059829367922746075
ENSG00000164123.6,C4orf45,-1.8917463419156781,NA,0.05852478564022837,0.056737761023163955,0.14473502322688528,2.0268635125481813e-06,NA,36,37,37,0.0053993128320125455,0.12305289195606142
ENSG00000174939.10,ASPHD1,1.8889413667567772,NA,0.05889968570971393,0.0020049822442437877,0.029243005329330708,0.04232733108824086,NA,12,12,12,0.01746629412345409,0.12253690628687837
ENSG00000134222.16,PSRC1,-1.8877351398249675,NA,0.05906151639758009,0.007658741599825681,0.07844912038859247,0.0006472627699421643,NA,37,38,38,3.593361372611031e-10,0.05250135759627952
ENSG00000175662.17,TOM1L2,-1.8862197523011066,NA,0.05926534784780734,0.00429517828174703,0.0914383089202594,0.00011769284119630845,NA,21,23,23,0.0023409412729404775,0.03318418300756683
ENSG00000031081.10,ARHGAP31,-1.8851698308627918,NA,0.059406912562608154,0.01263072123537774,0.09506755550512824,0.00014504964561801065,NA,50,51,51,0.00072486051139775,0.2391497218607844
ENSG00000107819.13,SFXN3,-1.8770331852238797,NA,0.060513545725853046,0.019455200821785132,0.10974392033034064,4.995927762836926e-05,NA,44,47,47,1.4823001604010768e-06,0.07094955983218358
ENSG00000174652.17,ZNF266,1.8766100529116152,NA,0.060571558538645286,0.21945954813953167,0.6903278495430212,1.8100696343510777e-45,NA,37,37,37,0.030102915148512602,0.030606536363413667
ENSG00000119888.10,EPCAM,-1.8733561034144164,NA,0.06101922737427958,0.01933338752868938,0.17622308257293184,3.3489662064681754e-08,NA,12,12,12,0.02049902253354938,0.09106763725409672
ENSG00000140623.13,SEPT12,1.8732642049541395,NA,0.06103191018330243,0.15059724915217704,0.3427333374562581,1.7715582243760292e-15,NA,31,34,34,1.3292504480177146e-05,0.2280854158087369
ENSG00000233200.1,RP11-324I22.2,-1.8715714549429228,NA,0.06126591563023639,0.025249086451712553,0.038293867138613116,0.016189952085311297,NA,12,13,13,0.00204680699008706,0.2742082314420333
ENSG00000158220.13,ESYT3,-1.8686115180352898,NA,0.06167688213208565,0.00011268118000729921,0.047399549853514224,0.008469998281010587,NA,3,3,3,0.04795159507725138,0.0109200126971162
ENSG00000153714.5,LURAP1L,-1.8675091704586995,NA,0.061830517398555815,0.09312430219774508,0.3169440370491459,5.845763353372288e-15,NA,18,18,18,0.0358641126373019,0.05378603050470638
ENSG00000114021.11,NIT2,1.8673336569572656,NA,0.061855008093655316,0.0040193870899494335,0.04840136983668697,0.008456405948316209,NA,31,31,31,7.747166011814399e-05,0.06732299054049594
ENSG00000256229.7,ZNF486,1.8569949696333208,NA,0.0633118697655242,0.025078380579872793,0.07945900449466725,0.0006732248778383508,NA,52,60,60,9.199122140606511e-18,0.09327790866898032
ENSG00000116001.15,TIA1,-1.8551246095081573,NA,0.06357843428245702,0.004910360410776452,0.07931118369270923,0.0005719751333912755,NA,23,27,27,0.00031325974839524826,0.1395311106980129
ENSG00000131653.12,TRAF7,1.8540726526072222,NA,0.06372876657723262,0.002409751981667918,0.037486459218120084,0.021074671942430283,NA,12,12,12,0.002218467823864579,0.10522941443233327
ENSG00000233569.1,RP11-500B12.1,1.853439969831839,NA,0.06381932286386321,0.07460172645711431,0.05883521583933486,0.003266468747883353,NA,53,56,56,1.365703433465875e-08,0.13660061706205456
ENSG00000169629.11,RGPD8,1.852401990001713,NA,0.06396811976697213,0.0905649682173498,0.3118135814417725,1.0469930158692221e-13,NA,60,66,66,3.247097498179411e-05,0.15016614656737792
ENSG00000242689.2,CNTF,-1.8506154718790933,NA,0.06422489227278595,0.024018399823945973,0.04413852157365565,0.012138642408923126,NA,147,156,156,3.701729795308389e-18,0.245272418203528
ENSG00000049245.12,VAMP3,-1.8444381719738983,NA,0.06511930859541874,0.009646162639442821,0.1987489149493296,5.2926559862924205e-09,NA,44,51,51,6.49036518260196e-05,0.04620767012253954
ENSG00000123427.16,METTL21B,1.8428471091939713,NA,0.06535133641913414,0.05784773069075758,0.3528995915722297,1.4251812222517113e-15,NA,35,35,35,0.0002277680751358161,0.061633311169392115
ENSG00000088888.17,MAVS,-1.839463447908601,NA,0.06584704936960237,0.0012794557668633667,0.04899574170642152,0.007906398206331537,NA,5,6,6,0.044929069576535134,0.04992622908725185
ENSG00000092036.18,HAUS4,1.8391639681835292,NA,0.06589107262021213,0.037976907194666426,0.30179173261516223,4.539001973640963e-14,NA,24,25,25,0.0003083907285578485,0.07508502876199122
ENSG00000274828.1,RP11-567M16.6,-1.838708916783653,NA,0.06595801119652762,0.05777611435956703,0.2366369861921516,9.323734312269696e-11,NA,41,46,46,0.012083252414291378,0.08342843214500922
ENSG00000260657.2,RP11-315D16.4,-1.8362407079152727,NA,0.06632206454535393,0.12364744372885504,0.29010100505767444,1.2901873473745159e-12,NA,41,41,41,2.4673515360898382e-20,0.10890103892248612
ENSG00000165917.9,RAPSN,-1.8354023051691446,NA,0.06644610242547912,0.0027144264624036447,0.027373036314968503,0.04878134511964785,NA,9,9,9,0.03138310856227189,0.01791728631899031
ENSG00000085721.12,RRN3,-1.8346036786077744,NA,0.0665644332351836,0.009191465671919155,0.13279712712257727,7.774474799962808e-06,NA,11,11,11,0.0027557672376793425,0.4729157555837141
ENSG00000161649.12,CD300LG,-1.8344080791785735,NA,0.06659344123305637,0.014409962497697054,0.08768290289173057,0.0002468559013737236,NA,15,16,16,0.018174678974939518,0.30601513972094424
ENSG00000130193.7,THEM6,-1.8314173592025789,NA,0.06703827223569642,0.005225322532176834,0.13321587545059285,3.3570103723112204e-06,NA,13,13,13,0.024621171198239516,0.07164474406842307
ENSG00000196581.10,AJAP1,1.8278764535727003,NA,0.06756809565177314,0.005597455839859619,0.03375322796394994,0.02854326812552965,NA,55,57,57,0.0009563273293089349,0.05965418025601313
ENSG00000167797.7,CDK2AP2,-1.8273668641000755,NA,0.06764462801152488,0.009973751088953407,0.09322727416802727,0.0002131989199517373,NA,54,66,66,1.6119244380879134e-10,0.13371022623640386
ENSG00000072422.16,RHOBTB1,1.8273071260696072,NA,0.06765360439656738,0.039932424548401534,0.09783774869893816,7.882609368973541e-05,NA,93,98,98,8.16375344187123e-05,0.24107683636212746
ENSG00000117280.12,RAB29,-1.8263724399468042,NA,0.06779418031835754,0.010171261376779228,0.07362177968208204,0.0008797688123283453,NA,36,43,43,0.0002481504648003294,0.11664359075061227
ENSG00000105929.15,ATP6V0A4,1.826264229284131,NA,0.06781047060838281,0.0032826922143566364,0.04366762636837576,0.010375135045493731,NA,7,7,7,0.0638338590552226,0.2775287419971648
ENSG00000149485.18,FADS1,1.826042696612624,NA,0.0678438307057704,0.011018857774267875,0.13921215505920048,2.2773671205968454e-06,NA,15,16,16,1.0885232814741466e-05,0.038014460171411066
ENSG00000168658.18,VWA3B,1.8247887735708739,NA,0.068032910637768,0.009997639623780606,0.2079496416662885,3.3742758297134848e-09,NA,20,20,20,0.010195990087123526,0.07394679092942186
ENSG00000011021.21,CLCN6,-1.8241403506027702,NA,0.06813085664996944,0.006691110708745304,0.05035725603885505,0.006585524525787954,NA,29,32,32,0.017314480987220476,0.1028040147601089
ENSG00000153885.14,KCTD15,1.8191149514283729,NA,0.06889389447554731,0.005004785325037292,0.14995810121645853,1.958720292800177e-06,NA,17,19,19,0.006194296044331434,0.04580788787632377
ENSG00000138111.14,MFSD13A,-1.8186317055505676,NA,0.06896763733467705,0.009801566603517924,0.09242882482185732,0.000181379929240935,NA,36,39,39,1.3264781853000257e-05,0.04024235762725186
ENSG00000182150.15,ERCC6L2,-1.8172800292696083,NA,0.06917424627837503,0.024096982176133663,0.06733901982710147,0.001619977458081052,NA,91,93,93,2.6476815049697403e-15,0.21250270487396927
ENSG00000267939.1,CTD-2325M2.1,1.8168201701596987,NA,0.06924465332096594,0.01683533639271223,0.057163092936582935,0.004577863705814269,NA,19,19,19,0.0013849761285726775,0.1238940369085221
ENSG00000005801.16,ZNF195,1.8146180486191337,NA,0.06958262688538153,0.005885428834420671,0.08543282195178252,0.00029416616144378537,NA,17,18,18,0.04831215587230363,0.1288154300083721
ENSG00000112667.12,DNPH1,-1.813961345692203,NA,0.06968367703112577,0.004519553392623968,0.06930042370509037,0.001533254809752311,NA,26,28,28,0.008175264566537785,0.10175429390588714
ENSG00000182004.12,SNRPE,-1.812618447532718,NA,0.06989069054131164,0.0007674498453450462,0.033916190591059686,0.028872607479923432,NA,6,6,6,0.06260944370882421,0.01064339304625326
ENSG00000270638.1,RP3-466P17.1,-1.8101522484228558,NA,0.07027218037744153,0.04441669608732721,0.05732621233892461,0.003009377839332619,NA,43,44,44,0.018501157477088307,0.1447621866751012
ENSG00000237310.1,GS1-124K5.4,-1.8098273996781984,NA,0.07032255747955635,0.08632281485227453,0.23817026193202565,2.2083789333556174e-10,NA,105,111,111,6.787475682808014e-05,0.3088160478557816
ENSG00000134215.15,VAV3,-1.8096875951412525,NA,0.07034424729534496,0.034645866292636045,0.058805376861692724,0.0036886754754805774,NA,80,83,83,0.0002493376291504759,0.2024302890721396
ENSG00000174574.15,AKIRIN1,-1.8081849553436808,NA,0.07057771933900503,0.024935930703493592,0.2326483488754656,6.913872199050519e-10,NA,25,27,27,0.009182171672118666,0.1215864345397223
ENSG00000135972.8,MRPS9,1.806229378270413,NA,0.07088251779054686,0.00702333019478457,0.07771402857139861,0.0005843400516937662,NA,55,55,55,0.013760207076253535,0.0140568452388752
ENSG00000197016.11,ZNF470,1.805689939100749,NA,0.07096678506241393,0.029014257258143758,0.17371481237055045,4.5241699789668285e-08,NA,15,16,16,0.015530489369503877,0.03652578185332698
ENSG00000225383.7,SFTA1P,1.8056153273150644,NA,0.0709784468375605,0.01071200619649712,0.10768846459265784,5.794666941801138e-05,NA,26,26,26,8.232532379912744e-08,0.051465518656817255
ENSG00000134013.15,LOXL2,1.805518200984658,NA,0.07099362997578591,0.0010997090266739343,0.04935324987113777,0.007559859379218392,NA,14,14,14,0.049559740595158684,0.007945045345981836
ENSG00000187630.15,DHRS4L2,-1.8040373242616152,NA,0.07122545596394145,0.03472004174734656,0.2159946101559716,2.2060162794671863e-09,NA,63,68,68,0.00014921273707049773,0.08236388310317012
ENSG00000101190.12,TCFL5,-1.8022184499097813,NA,0.07151104303779238,0.053546788279522,0.3632521625466664,7.077058126824753e-17,NA,43,46,46,0.00039837716146293005,0.17750567947125007
ENSG00000103522.15,IL21R,-1.7988954179888712,NA,0.07203522554353231,0.27811753854686305,0.14277728919551216,3.001258429331475e-06,NA,138,152,152,1.2312415078310602e-07,0.4166385951625071
ENSG00000071967.11,CYBRD1,1.798076844877812,NA,0.07216483104638631,0.016004873602287136,0.1340689641588731,4.592905431260738e-06,NA,54,57,57,6.0159786048538906e-05,0.0604941226725885
ENSG00000161010.14,MRNIP,1.7953843906691924,NA,0.07259247769440592,0.026145882912248182,0.28763245781589863,1.832799614625788e-12,NA,20,20,20,0.023910846178104326,0.07169283357133907
ENSG00000143458.11,GABPB2,1.7933544754567867,NA,0.07291626197751677,0.006093471488913463,0.05151516675341556,0.0058735899682041785,NA,15,15,15,0.00013267573173500244,0.1190351391287516
ENSG00000198064.13,NPIPB13,-1.7925779397201542,NA,0.0730404364305852,0.10682578900969181,0.04782715230597808,0.008825205851973555,NA,52,57,57,3.763612395298306e-05,0.7414322858287488
ENSG00000121289.17,CEP89,-1.791166563045417,NA,0.07326657017649983,0.008029053592897337,0.03798361269058576,0.01964762561174972,NA,41,44,44,8.224959494132969e-05,0.08570942180016565
ENSG00000188596.10,CFAP54,-1.7907381724092908,NA,0.07333532101638986,0.011595851541921462,0.030878475618397405,0.03613641805436113,NA,51,52,52,0.005296197402160912,0.13644665105173331
ENSG00000107020.9,PLGRKT,-1.79013493064621,NA,0.07343222253671942,0.029501282936989285,0.033560859794728816,0.02930916821420664,NA,48,54,54,1.0180517926998165e-05,0.1526688659795604
ENSG00000143674.10,MAP3K21,1.787661632715223,NA,0.07383061531980933,0.0070887164497263795,0.1640841595026173,2.166329497156284e-07,NA,9,9,9,0.013775112747182607,0.03690404554389249
ENSG00000178809.11,TRIM73,-1.7829949323856515,NA,0.07458712825165038,0.04403959595712777,0.056833334720510775,0.004576990192786131,NA,19,25,25,2.7378038567158386e-05,0.301928233426516
ENSG00000162989.4,KCNJ3,1.7765046353239728,NA,0.07564977859028978,0.0022327206740112675,0.13850884115676776,3.2724189512454067e-06,NA,9,9,9,3.480762145447051e-21,0.016106461549855417
ENSG00000171467.15,ZNF318,-1.7759169971123132,NA,0.07574659899057004,0.008137575709228446,0.05189328242794635,0.005929972139885104,NA,30,32,32,0.0063477421469525725,0.17211065792732144
ENSG00000178187.7,ZNF454,1.774353590210912,NA,0.07600468137182918,0.0062982300176631515,0.08071749759459136,0.0005479064198058042,NA,6,6,6,0.05950056098480895,0.05316000392943357
ENSG00000155506.16,LARP1,-1.77429113433511,NA,0.07601500627793895,0.0006586183493956607,0.032606417693469544,0.0307667939055742,NA,7,7,7,0.00018438241767934312,0.014509464805757072
ENSG00000161036.12,LRWD1,1.7700949215478192,NA,0.07671132941775492,0.0053332568512345895,0.07295086289466489,0.0008099740060239893,NA,11,11,11,0.07460549839973467,0.06448635281877754
ENSG00000095485.16,CWF19L1,-1.7689402077896725,NA,0.07690385332196224,0.2497824694721624,0.2405340515634548,3.5308169813251317e-10,NA,161,178,178,5.9735417517791224e-05,0.2129778165339516
ENSG00000260306.1,RP11-645C24.5,-1.7623168201964305,NA,0.07801578355431846,0.06532573047696012,0.1899849301111448,3.131400100676931e-08,NA,37,40,40,6.622964403849355e-07,0.2916885715178101
ENSG00000084774.13,CAD,1.762117549003874,NA,0.07804943885681698,0.0028641050087514,0.03717568880938727,0.020172936949842044,NA,18,19,19,4.269637327776328e-05,0.12956769114153047
ENSG00000137857.17,DUOX1,-1.7619655645993633,NA,0.0780751157461377,0.003515139294258873,0.04984989477367264,0.004059762886056804,NA,10,10,10,0.05549670456908745,0.013676384045120006
ENSG00000164615.4,CAMLG,1.7603001657325033,NA,0.07835692609959696,0.03632654927037314,0.3770133635930879,6.085125801951779e-18,NA,25,25,25,0.01982971889703477,0.2260342818771947
ENSG00000066382.16,MPPED2,-1.7552950163599759,NA,0.07920885849808823,0.0009764785675501206,0.03156297062814098,0.032559449235242226,NA,17,17,17,0.00013693839935238227,0.046844105636010734
ENSG00000130943.6,PKDREJ,-1.7532751354346587,NA,0.07955479138146544,0.012641102304749085,0.07451983925023352,0.0010261192186667512,NA,15,15,15,0.0122487099128297,0.053970002873316686
ENSG00000203722.7,RAET1G,1.7531445689343124,NA,0.07957719492039028,0.028844017582818453,0.08291630522890114,0.00025704745623576243,NA,32,33,33,0.004103552812209222,0.05445045957704722
ENSG00000153989.7,NUS1,1.75199556350708,NA,0.07977457078321727,0.0005261519864072654,0.03353455446426215,0.02829542311567759,NA,1,1,1,0.07977457078321727,0.06344955673591185
ENSG00000140323.5,DISP2,-1.7485858743494678,NA,0.0803626297676737,0.0037878866543353405,0.23640147829526545,4.839595466946352e-10,NA,11,12,12,0.03297532571757803,0.044689258061394406
ENSG00000186446.11,ZNF501,-1.748224363900393,NA,0.08042518434257934,0.01154496912710359,0.0423466491945116,0.015018471880330671,NA,64,65,65,3.2577534808991374e-05,0.08887335787455766
ENSG00000112144.15,ICK,-1.747912085110546,NA,0.08047925186836995,0.0013530197817890762,0.03821779446405233,0.02097512653296601,NA,5,5,5,0.05736685517446367,0.03918757650621568
ENSG00000182013.17,PNMAL1,1.7447141381004383,NA,0.08103464105346914,0.019747693388617243,0.28935405354523,1.4816290416685376e-12,NA,110,122,122,5.0071158254212e-06,0.15746851904715056
ENSG00000150403.17,TMCO3,1.7438936996750318,NA,0.08117762744854803,0.007095145466555587,0.16453095099649104,2.935464860213055e-07,NA,6,6,6,0.06079210033597585,0.09689546395157267
ENSG00000136051.13,WASHC4,1.7436048667420818,NA,0.08122801410098389,0.0036568750544131987,0.0805886739333863,0.0003909667013707332,NA,44,48,48,0.0002577025722252855,0.045189647202511625
ENSG00000140403.12,DNAJA4,1.7418604760227367,NA,0.08153286138387672,0.001996055436911065,0.05803332077863041,0.003820735355023368,NA,5,5,5,0.04629739208540076,0.04161455239009074
ENSG00000171160.17,MORN4,-1.7394577145578491,NA,0.08195428395320448,0.013044690569609973,0.2224619170067835,7.945450801409536e-10,NA,32,36,36,5.225935162042579e-05,0.037039393490991
ENSG00000259362.2,RP11-307C19.1,1.7388843717157827,NA,0.08205510373480757,0.006942489548679209,0.030405754482024587,0.03695864524431942,NA,6,6,6,0.002198268282148644,0.04880642164898582
ENSG00000108592.16,FTSJ3,1.7336865339866618,NA,0.08297371710359365,0.07337190000017803,0.4278798390376839,2.0986022190713076e-20,NA,69,72,72,2.9198108672255734e-09,0.11815116541672945
ENSG00000215915.9,ATAD3C,1.7332207348640332,NA,0.08305644297503911,0.040874624013632704,0.30577410351863,2.4998731640369063e-13,NA,8,12,12,0.006853624911562599,0.13711919639564268
ENSG00000213689.11,TREX1,-1.731219001317611,NA,0.08341271159721185,0.054820572227156465,0.13825597449103488,3.2825071470761916e-06,NA,57,60,60,0.002789839710173681,0.26113897155838706
ENSG00000245468.3,RP11-367J11.3,-1.7287319926071156,NA,0.0838570726869559,0.014800741457228931,0.11259830800046434,4.738879648963858e-05,NA,6,6,6,0.017050673831609436,0.0983729359321689
ENSG00000184178.15,SCFD2,1.7246787012100815,NA,0.08458539147422223,0.007313838654581951,0.10598101182924163,7.222627132905232e-05,NA,37,37,37,0.00010929430802470863,0.04209983382540079
ENSG00000100441.9,KHNYN,-1.7200195391137687,NA,0.08542888994029273,0.00030883233051460867,0.04820993672909077,0.008307689214626445,NA,29,32,32,0.005630223953847198,0.010814895478125856
ENSG00000182993.3,C12orf60,1.7153224087494257,NA,0.08628613231260258,0.057498931205269554,0.196957283072076,1.9206105358289524e-08,NA,23,23,23,5.387705805400368e-16,0.0981050770593474
ENSG00000225206.8,MIR137HG,1.7112859214093856,NA,0.08702834400536412,0.0008989334158396523,0.037651250747810304,0.018128587870089287,NA,19,19,19,8.08169154976577e-18,0.033883259358341716
ENSG00000145725.19,PPIP5K2,-1.70579853145326,NA,0.08804559665240942,0.007953890657176005,0.08508007606044139,0.00034087843626601737,NA,47,57,57,0.0041654886786972045,0.1356646105046647
ENSG00000161981.10,SNRNP25,-1.702838251399398,NA,0.08859834227964831,0.005576504749365,0.03841918122554095,0.019781222655409776,NA,46,53,53,3.5507895534270723e-09,0.16734857208607642
ENSG00000160284.14,SPATC1L,-1.7026928993848054,NA,0.08862555438254711,0.028844640900264076,0.1393357670215571,3.011135094449462e-06,NA,20,22,22,9.444940628370347e-10,0.20145052218065645
ENSG00000023228.13,NDUFS1,1.701779873063839,NA,0.08879664084639537,0.008370363511038854,0.15518722788173042,8.548887143158719e-07,NA,36,38,38,0.0018673269123105267,0.16465237362957535
ENSG00000214575.9,CPEB1,-1.6963517151010548,NA,0.08981929209717864,0.004868433147040491,0.03624294741399445,0.014911934532231412,NA,14,15,15,0.00022645430608022097,0.07577859230524467
ENSG00000007541.16,PIGQ,-1.696071612983109,NA,0.08987231881479513,0.0068795708464375075,0.1737277734043743,2.3479759703578352e-07,NA,44,45,45,3.968362513637527e-05,0.05487298064415829
ENSG00000275074.1,NUDT18,1.6938747178168065,NA,0.09028909208724473,0.008961906560788047,0.11132302794582083,5.02591466726365e-05,NA,39,41,41,5.624390644392297e-05,0.05451226067910234
ENSG00000188486.3,H2AFX,1.692958686225977,NA,0.0904633313627584,0.002809767455762163,0.031215286381815314,0.035991040008678025,NA,13,16,16,3.8138190106707433e-06,0.06427421881015383
ENSG00000184271.16,POU6F1,1.6920920984486822,NA,0.0906284147971124,0.009689809510789559,0.07501755275240933,0.0008096067041255778,NA,36,42,42,8.412591064943619e-08,0.2425014013912427
ENSG00000133026.12,MYH10,1.6902523807914225,NA,0.09097968106341155,0.0017770264107192292,0.07336210117610455,0.0011910037224172698,NA,42,43,43,0.00549782325145257,0.0275571870398352
ENSG00000152689.17,RASGRP3,-1.68927059603356,NA,0.09116758556712881,0.0016194292557860173,0.08254891203956638,0.0004247946040266855,NA,14,16,16,0.007705746046807673,0.022787152697219083
ENSG00000196502.11,SULT1A1,-1.6890234964500999,NA,0.09121492725262136,0.011417304379689132,0.1321217775197872,8.488080778627601e-06,NA,43,44,44,4.489643549218472e-06,0.06368397643432494
ENSG00000272079.2,LA16c-380H5.5,-1.6877921525354644,NA,0.09145113453596804,0.05448741842916967,0.389594827630578,6.070042951498099e-19,NA,4,5,5,0.005930317834990006,0.19522211795148794
ENSG00000109270.12,LAMTOR3,1.6865267809487718,NA,0.09169438128101744,0.0020053978380349695,0.13748653951616954,3.4828326662542467e-06,NA,10,10,10,0.04273515482357775,0.009421718167998043
ENSG00000168661.14,ZNF30,-1.682525999596862,NA,0.09246688764906041,0.030102878545425638,0.04888619560771838,0.008480278016517299,NA,28,30,30,0.01651010811801889,0.16159379444591732
ENSG00000015133.18,CCDC88C,1.6813075155494257,NA,0.09270319884229124,0.0017194953793146736,0.05279957953887317,0.0057009969157806074,NA,8,8,8,0.012259959632888742,0.02496090738636621
ENSG00000164880.15,INTS1,1.6778395745043941,NA,0.09337842133226247,0.035403633148398554,0.2917750956553013,4.2201986937293685e-13,NA,38,38,38,6.880169493002089e-27,0.06824316917586454
ENSG00000234719.8,NPIPB2,1.6763726586150616,NA,0.09366522095351518,0.3766530419676915,0.66553322893557,1.2925502932708507e-40,NA,110,116,116,3.701523960932584e-27,0.5129053869194384
ENSG00000149634.4,SPATA25,-1.6739231543230442,NA,0.09414570296848924,0.0033410616524282683,0.0907647437914926,0.0002868768655025613,NA,4,5,5,0.0807224487280044,0.04606777665053237
ENSG00000183513.8,COA5,1.6737097128282157,NA,0.09418766397163067,0.00531059306529603,0.17422892650457905,2.312120155964222e-07,NA,15,15,15,0.06889258955660993,0.008513687039147122
ENSG00000131626.16,PPFIA1,-1.673646145440631,NA,0.09420016374242184,0.007695224263856337,0.09763077737313007,0.00013776560529853607,NA,18,20,20,0.0003348265410418131,0.038889112505903066
ENSG00000108587.15,GOSR1,1.668979288044982,NA,0.09512148460976133,0.007848791910095375,0.10903852725939248,6.0287020235227835e-05,NA,14,15,15,0.04865492674208057,0.012648356747501751
ENSG00000138771.14,SHROOM3,-1.6646028914860271,NA,0.09599200811364285,0.0026954196477319246,0.055449954151983616,0.005005787300533856,NA,10,11,11,0.05053500562244591,0.06180366137191106
ENSG00000255529.7,POLR2M,-1.6645037552373887,NA,0.09601180124384023,0.007394415537451556,0.1622137097516756,1.4760859123243337e-07,NA,24,26,26,0.0006101710938883978,0.09146390494193762
ENSG00000178226.10,PRSS36,1.6636563715546573,NA,0.0961811196587177,0.026748379941547308,0.20187056806390424,9.1486643027002e-09,NA,17,19,19,3.530704695213726e-06,0.0939204529181035
ENSG00000112306.7,RPS12,1.6635682281530875,NA,0.09619874558244328,0.003483662287094999,0.10447195648532503,9.056873470853151e-05,NA,43,47,47,0.0015198123715597974,0.02067941162868353
ENSG00000283033.1,RP11-219A15.5,1.6585468193330395,NA,0.0972071456493377,0.03397388049608812,0.1744611510251711,1.8913996635641195e-07,NA,12,14,14,0.0522736515184682,0.10239597442047654
ENSG00000265519.1,CTD-3157E16.1,-1.6562197468859834,NA,0.09767732567938615,0.017428061372948653,0.1253023631363546,1.0298301125494806e-05,NA,28,31,31,0.00014411420408748518,0.08615764287177911
ENSG00000151689.12,INPP1,1.653021553397436,NA,0.09832647712035227,0.009647137518382379,0.15605398957658234,9.596584218632277e-07,NA,31,31,31,0.06078126087763929,0.02839260322355312
ENSG00000110665.11,C11orf21,-1.6497272311084077,NA,0.0989987380032581,0.025610327553968693,0.05991453563381794,0.003012293704907887,NA,31,37,37,0.00015612046488541103,0.08852734278258319
ENSG00000134463.14,ECHDC3,-1.6495776514179108,NA,0.09902934906253956,0.03343719580149126,0.2306275273710549,4.85975266961203e-10,NA,23,25,25,0.000602120037372957,0.12056649336227
ENSG00000268362.5,CTD-2017D11.1,-1.6470885875528063,NA,0.09953983853489572,0.07900342357656637,0.16503316926065265,4.742488288675789e-07,NA,41,41,41,0.02173007316256857,0.11605339509209893
ENSG00000148180.19,GSN,1.6456980182023266,NA,0.09982594725483149,0.009421040974183021,0.16478391868179504,2.440354310643809e-07,NA,25,26,26,1.2764945591156698e-06,0.08761456133080107
ENSG00000128268.11,MGAT3,1.64511575393772,NA,0.09994594238603857,0.0036875288565335024,0.09348708896668036,0.00022100983500016275,NA,16,16,16,1.7627383277990291e-06,0.03369617510728591
ENSG00000188659.9,SAXO2,-1.6451084619254628,NA,0.09994744587932969,0.020449276094459436,0.2384356553456966,2.6881781209213894e-10,NA,30,34,34,0.003355053489531855,0.08817808957492436
ENSG00000147419.17,CCDC25,-1.6400755444632709,NA,0.10098946055090278,0.03484909711522258,0.21909979358266254,2.0301527693512387e-09,NA,101,103,103,0.0030623345981529216,0.08151693058757316
ENSG00000104660.17,LEPROTL1,1.6390270076913775,NA,0.1012076351055806,0.0056163932966463844,0.08067735488467914,0.000462467321692805,NA,31,32,32,0.000183437085492739,0.09906058631670868
ENSG00000145736.14,GTF2H2,1.6389088477092424,NA,0.10123224479394491,0.006947826520614427,0.2166741913708337,4.153741128479694e-09,NA,21,26,26,0.016333554014450708,0.11199306014907136
ENSG00000239332.5,LINC01119,1.6387723550813746,NA,0.1012606786342296,0.015826257022915437,0.07130231436340431,0.0008785887412794277,NA,23,23,23,0.00942588282107319,0.21864383261253875
ENSG00000115084.13,SLC35F5,1.635612258220063,NA,0.10192076321566693,0.011462665454025566,0.05292636223026363,0.005394383636483492,NA,51,55,55,8.003672405822363e-14,0.03594843181938626
ENSG00000249776.5,RP11-133F8.2,-1.6341349468817892,NA,0.1022305183210396,0.08748875885914997,0.06047862379548461,0.003076060404677159,NA,50,52,52,6.133466609014779e-09,0.756858397030394
ENSG00000145730.20,PAM,1.634108976560066,NA,0.10223597033878333,0.005373629609374555,0.05210321706847873,0.00503539328693335,NA,32,37,37,0.045117437259192955,0.06465971513758867
ENSG00000039068.18,CDH1,1.6339327690345518,NA,0.10227296815781463,0.01838774067758257,0.1743376777360281,8.707124386057321e-08,NA,15,15,15,0.001041018009050041,0.13079696618627912
ENSG00000214063.10,TSPAN4,1.6305847892396903,NA,0.10297796086631329,0.007215675495891421,0.081152589042548,0.0005271448520791979,NA,20,29,29,0.0006229961467369757,0.0977833450768966
ENSG00000169006.6,NTSR2,-1.628573242666704,NA,0.10340339246771822,0.011576965720651776,0.12905509271513013,8.965906555197466e-06,NA,30,34,34,0.000412468671752069,0.07110450397712871
ENSG00000150281.6,CTF1,-1.627935174658089,NA,0.1035386320197705,0.002094273918649159,0.046078434603516974,0.009945585760734135,NA,8,8,8,0.0009007599067491807,0.036876080776275896
ENSG00000143748.17,NVL,1.6204467113417569,NA,0.10513635260091336,0.017983325581287783,0.035178344135347143,0.026433165058614157,NA,61,62,62,0.0008166616541769423,0.07861592682677472
ENSG00000196821.9,C6orf106,1.6197291084344356,NA,0.1052904804776888,0.0001054664965335732,0.2961106993916878,8.289784191122455e-13,NA,5,26,26,0.08323517486552016,0.013474100937660804
ENSG00000256060.2,TRAPPC2B,-1.6179651532763801,NA,0.1056701076541631,0.0692455558059819,0.14799668470452926,2.327127474674036e-06,NA,89,96,96,0.01862885970161499,0.2522912937078563
ENSG00000119280.16,C1orf198,1.6175590264705326,NA,0.10575766526701316,0.01287818073334843,0.04107863692921489,0.016277862713790902,NA,116,126,126,6.597849656960073e-13,0.08342374666709261
ENSG00000187068.2,C3orf70,1.6148869437269653,NA,0.10633518017645589,0.0033110616889280202,0.09538647812136553,0.0001646055292488694,NA,20,20,20,0.10042388160007519,0.03285348586523184
ENSG00000166582.9,CENPV,-1.610067088126598,NA,0.10738321110968523,0.0722862526643536,0.4740164882247572,1.4608791383571138e-24,NA,11,12,12,0.07270285558187031,0.0663131532347078
ENSG00000138600.9,SPPL2A,1.6073764800028834,NA,0.10797180635183637,0.009750900651273944,0.13015056980894318,7.5393988446642346e-06,NA,60,60,60,0.017076122401334794,0.06916965993702713
ENSG00000273033.2,LINC02035,-1.6072911029268206,NA,0.10799052509488252,0.004185051043416296,0.09610883911341014,0.00015259701534082098,NA,26,31,31,0.0011061403845454073,0.11854481535774118
ENSG00000143398.19,PIP5K1A,-1.6053488608480877,NA,0.10841705191495325,0.02249333699693208,0.13636581073968254,4.834797336397975e-06,NA,54,61,61,5.78314425821215e-06,0.3765898643827209
ENSG00000054654.16,SYNE2,1.605183306819822,NA,0.10845347004196541,0.0015917686502018875,0.09095783938833857,0.00026261736758122597,NA,3,3,3,0.031168926828488767,0.03303887275556861
ENSG00000177595.17,PIDD1,-1.6051124149168776,NA,0.10846906761056627,0.013354388763403793,0.10742935866414244,6.117716527066625e-05,NA,37,48,48,3.8271060902426335e-06,0.10255590631693287
ENSG00000215440.11,NPEPL1,-1.6047278526519335,NA,0.10855370956444506,0.005415097575496386,0.10603957468024347,3.500887435723033e-05,NA,9,12,12,0.0010419507229514958,0.069776380515736
ENSG00000254333.1,NDST1-AS1,-1.6031899261515425,NA,0.10889272888642265,0.13406422530412376,0.17270023613432667,1.0218421092454717e-07,NA,60,66,66,0.000741814899874688,0.3498007349357436
ENSG00000065621.14,GSTO2,1.6021526170122085,NA,0.10912186504101165,0.0965716653021487,0.2726858673624479,4.1796696391067344e-12,NA,66,68,68,9.609579124041068e-05,0.11293924163088012
ENSG00000079931.14,MOXD1,1.5955106117242,NA,0.11059809891019073,0.011714121198179099,0.03300873197613682,0.03173346222811698,NA,19,20,20,5.79783724070517e-07,0.0770708891201425
ENSG00000139304.12,PTPRQ,1.5941062749522803,NA,0.11091223371566447,0.009548643500078493,0.06100468529874735,0.002624927144480009,NA,18,19,19,0.00039007863959914326,0.252136690785508
ENSG00000184058.12,TBX1,1.5925903420587297,NA,0.11125212155481694,0.01044083035593699,0.04859872592645858,0.007920922914367488,NA,16,22,22,0.0016190028608893178,0.14490248348143206
ENSG00000176715.15,ACSF3,1.5907906186720304,NA,0.11165670492405716,0.006360165652187853,0.05966754226195604,0.002752299039973254,NA,10,10,10,0.01612214424894805,0.03360039348013601
ENSG00000140988.15,RPS2,1.5897986173267888,NA,0.11188020565565245,0.0006458951812598531,0.05609490357090522,0.0043019738838235965,NA,5,5,5,0.11222334280084412,0.054371939545787916
ENSG00000143228.12,NUF2,-1.588834571998178,NA,0.11209774579936614,0.08330614348212577,0.02916879434320554,0.03280354420106225,NA,104,117,117,0.0007190165446743003,0.2417266236789024
ENSG00000074410.13,CA12,1.588731458125248,NA,0.11212103353498092,0.053341473713650445,0.10808359010471724,3.012654269589551e-05,NA,49,50,50,1.5002837605830652e-13,0.20269344850730786
ENSG00000204381.11,LAYN,-1.5871963122527477,NA,0.11246818973849947,0.005872694560251741,0.038945061607084094,0.014452175154744878,NA,26,27,27,0.07881322709002495,0.11379832551964553
ENSG00000160213.6,CSTB,1.5844417562019666,NA,0.11309322601291416,0.005598025243208196,0.12359787557428822,1.2025524741840787e-05,NA,22,25,25,0.03314356492310503,0.028918963516544268
ENSG00000239467.5,AC007405.6,1.584155081892478,NA,0.11315843222054472,0.008077767516288633,0.11263774302181748,4.055726446703874e-05,NA,12,12,12,7.982860373742429e-11,0.07000253571988085
ENSG00000137713.15,PPP2R1B,-1.5840362366325842,NA,0.11318547314473729,0.03628865035872325,0.16553341357193455,3.296634348739091e-07,NA,59,67,67,1.8409234074298176e-05,0.11868962069015912
ENSG00000134905.16,CARS2,-1.5823450517033386,NA,0.11357082129913437,0.0126256836359466,0.15438892822752606,9.188379361801981e-07,NA,18,21,21,0.013531461722346413,0.04887790575406213
ENSG00000167984.17,NLRC3,-1.5787056578605043,NA,0.11440358647077005,0.13606327490317632,0.3680018813257921,1.1348794750267078e-16,NA,10,12,12,5.353592959087452e-05,0.2720437409645741
ENSG00000182366.9,FAM87A,1.5782857633739384,NA,0.11449997505380431,0.004586338390219862,0.07695416628152424,0.0007318781912309492,NA,7,9,9,0.02554292062982259,0.09882467278613986
ENSG00000277144.1,RP11-59H7.4,1.5764747685037404,NA,0.11491642914250806,0.048646587472533906,0.09254733873791048,7.338316093138473e-05,NA,45,46,46,0.009434566267461477,0.18659070586844206
ENSG00000101460.12,MAP1LC3A,-1.5751164551161678,NA,0.11522956649156749,0.002573286944101938,0.11249292164099604,4.220274043877745e-05,NA,28,28,28,0.002965257138094153,0.01595565968582154
ENSG00000138449.10,SLC40A1,1.5726513094932701,NA,0.11579957993461083,0.004461500094870397,0.07766538677687804,0.0007921957388233753,NA,38,39,39,0.000806599454191003,0.11961025927763255
ENSG00000085719.12,CPNE3,1.571925699327854,NA,0.1159677836804552,0.0027071244575527925,0.07938974816036695,0.0004935678875694537,NA,12,12,12,0.061534556564190344,0.033969374392460935
ENSG00000086544.2,ITPKC,1.5706345210256145,NA,0.11626756661166107,0.007013072244272214,0.03247437387636646,0.03284439929346816,NA,32,41,41,0.05917301433549493,0.08236815467440442
ENSG00000266490.1,CTD-2349P21.9,1.569136884236582,NA,0.11661604697950419,0.052632545172465225,0.3087190810267425,1.5922927546307065e-13,NA,17,18,18,0.0025579046320850602,0.1827233206887134
ENSG00000107566.13,ERLIN1,1.5663606704635844,NA,0.11726420487159715,0.022200640059296846,0.03298284996640045,0.030380046199067975,NA,86,88,88,2.4162290227470498e-05,0.11429983748079632
ENSG00000172167.7,MTBP,-1.5660639853897356,NA,0.11733363836350431,0.005784228380008158,0.08020949180325618,0.00045100776029506737,NA,7,7,7,0.05282077973342101,0.029492111064496025
ENSG00000266489.1,RP11-178F10.3,-1.5643362082993142,NA,0.11773863311127562,0.0985123799043141,0.4176957192272645,7.411695362051521e-21,NA,5,5,5,0.04698657152430584,0.20731308410486374
ENSG00000071054.16,MAP4K4,-1.5639166544767897,NA,0.11783714278271563,0.0037221384768382493,0.09111384339403393,0.0001593908887253663,NA,34,34,34,2.8993840985494284e-13,0.030839404356771963
ENSG00000237651.6,C2orf74,1.5638801272550573,NA,0.11784572229734988,0.09475471242189913,0.5532131896929103,2.264881599531336e-29,NA,28,28,28,0.0003874992575121114,0.3625072980809457
ENSG00000101236.16,RNF24,-1.5619882246023746,NA,0.11829076290876082,0.00877142363283702,0.10041759251888924,7.935670131830277e-05,NA,23,23,23,0.006342658577333923,0.1815583647241588
ENSG00000168903.8,BTNL3,1.5610283581714677,NA,0.11851706001625935,0.04023051011215685,0.2425193965952497,2.5707986808125417e-10,NA,40,42,42,0.002986956315166474,0.17964136864090258
ENSG00000140511.11,HAPLN3,1.556413976699945,NA,0.11960968376210523,0.005233705937251569,0.03646018964019578,0.020976275653541352,NA,14,17,17,0.010230598883741442,0.06504143432751032
ENSG00000003987.13,MTMR7,1.5547309727950362,NA,0.12001015480728744,0.017682020014144834,0.12677350488407266,4.174162019564743e-06,NA,139,142,142,1.9648988297204425e-08,0.11867317480504877
ENSG00000203663.3,OR2L2,-1.5512453497719805,NA,0.12084289802073128,0.059619703738291785,0.2293467438811999,4.388236556218272e-10,NA,34,36,36,4.05127988870579e-06,0.15566743350023896
ENSG00000136932.13,TRMO,1.5497596784772545,NA,0.12119920823960849,0.023008679432128528,0.16309347533793722,2.6621137444470443e-07,NA,29,30,30,4.348483712119731e-05,0.13785909413306602
ENSG00000131069.19,ACSS2,-1.5486947298049927,NA,0.12145512138994335,2.4453494974273107e-05,0.030561829627545924,0.03639303246004423,NA,1,2,2,0.12145512138994335,0.0071068235787999515
ENSG00000174080.10,CTSF,1.5470074435504608,NA,0.12186145075325623,0.049429468002147404,0.11364419379139712,3.3397308221014255e-05,NA,80,81,81,1.6119244380879134e-10,0.1657419579401819
ENSG00000155097.11,ATP6V1C1,-1.5466332367737223,NA,0.1219517104104788,0.00025823232418282084,0.032605682982102153,0.02423842457803791,NA,14,16,16,0.0011741153898311724,0.01096636662774522
ENSG00000198185.11,ZNF334,1.5421004041177997,NA,0.12304919678349271,0.02639912813284263,0.1910956906207214,1.8529798349609672e-08,NA,26,29,29,0.06039334520807323,0.06892995551290898
ENSG00000116954.7,RRAGC,-1.5391072670832289,NA,0.1237781112263182,0.005315951106569227,0.029769839033098117,0.03779600669656047,NA,14,15,15,0.00022048327950524425,0.0946766561585656
ENSG00000166896.7,ATP23,1.538805852385038,NA,0.12385170070461243,0.024925788779620494,0.29283240605368144,9.271847381518018e-13,NA,22,23,23,4.454147227550592e-05,0.05905007583707261
ENSG00000087191.12,PSMC5,1.538012404732036,NA,0.12404558177422255,0.001925532370777043,0.10695315209709952,3.066895895348944e-05,NA,17,18,18,0.0019753058878696707,0.02682565178258895
ENSG00000104823.8,ECH1,-1.5350824961485563,NA,0.12476356528390734,0.005151467127661213,0.04388253672382807,0.010575951653172372,NA,28,29,29,0.03062409872232267,0.08338491764177132
ENSG00000214293.8,APTR,1.5344221511717464,NA,0.12492583156805483,0.09532497182685937,0.32203284448771263,2.444875648430098e-14,NA,27,29,29,1.0959773621045154e-05,0.12528354316318685
ENSG00000101191.16,DIDO1,-1.5301487820279507,NA,0.1259799057617804,0.0056668239741573916,0.05795250391049845,0.00240228734602985,NA,21,23,23,0.006963220209189851,0.032083948637932354
ENSG00000115306.15,SPTBN1,1.529657014151865,NA,0.1261016489766833,0.026534758641527618,0.21781147858924005,2.3261281708708847e-09,NA,49,51,51,0.0028673785347605773,0.28127446180141674
ENSG00000233232.6,NPIPB7,-1.5296297021609826,NA,0.1261084130825205,0.05315778015780204,0.06921412150304518,0.0010390938287308255,NA,26,26,26,0.00021456510742706703,0.18998345054815235
ENSG00000163635.17,ATXN7,1.5282679302732352,NA,0.12644602886098685,0.01869867994380952,0.08133708887280684,0.0005201974057381708,NA,62,67,67,0.002653260512681203,0.11373052605294108
ENSG00000152931.7,PART1,1.5262181032389157,NA,0.1269555564292131,0.02210195076618362,0.06741506872875186,0.001881172603447423,NA,36,36,36,1.6400917709413583e-07,0.13902166554413406
ENSG00000196247.11,ZNF107,-1.5259890036138375,NA,0.12701260309183002,0.01950916104370911,0.12224755712050747,2.0332159979281688e-05,NA,12,14,14,0.019994690824218373,0.14262255815383645
ENSG00000175643.8,RMI2,1.5223553133357126,NA,0.12792007536014255,0.09738526776956752,0.4518139954888506,7.131722810877409e-22,NA,29,29,29,0.0027233871696883787,0.10496049104728393
ENSG00000104228.12,TRIM35,1.521710494305157,NA,0.1280816369279219,0.03356468804962203,0.2423379314001859,1.9426573406579973e-10,NA,19,20,20,1.7684260809591757e-08,0.12082404429796728
ENSG00000164530.13,PI16,1.5208477987700944,NA,0.12829803624644132,0.07753535242591275,0.19121802289799372,3.2616219278336243e-08,NA,81,83,83,9.185157547577428e-14,0.16182706982968215
ENSG00000159200.17,RCAN1,-1.5173812034946854,NA,0.1291704668129636,0.010786748635277198,0.03155881342602988,0.03295702215379417,NA,27,28,28,8.753747980127983e-05,0.07247040056208118
ENSG00000127540.11,UQCR11,-1.5172500947159047,NA,0.12920355289162888,0.009577700263402295,0.03019355251231573,0.032232277390727364,NA,74,88,88,2.489776000296531e-05,0.07968555894670044
ENSG00000165934.12,CPSF2,1.517029384852854,NA,0.12925926520325554,0.006643448465719614,0.1640936663535358,3.8453897165853683e-07,NA,29,30,30,9.027251070578904e-06,0.031984125128262285
ENSG00000273409.2,RP11-480C22.1,1.5153654004560202,NA,0.12967989444085984,0.008201880347689046,0.029304492088822843,0.03834377765397823,NA,41,43,43,0.0002757131901486741,0.06297653810519664
ENSG00000173825.6,TIGD3,-1.5144540401508235,NA,0.1299107220811438,0.027236098814532067,0.03776809854720753,0.02147049761417703,NA,52,53,53,0.0019789137783427415,0.1106902486210355
ENSG00000174792.10,C4orf26,-1.512920938398377,NA,0.13029974261076743,0.06689130289410733,0.249770762942657,2.466750413528225e-11,NA,51,54,54,2.485811948056418e-05,0.2260790095461924
ENSG00000168765.16,GSTM4,-1.511901070126432,NA,0.130559031782751,0.006973517897575763,0.1296724838844113,6.981869402397473e-06,NA,9,9,9,0.10953049744510318,0.037908977139189656
ENSG00000164080.13,RAD54L2,1.5095353649670822,NA,0.13116202479060876,0.024534804175527176,0.07819781683813869,0.0007960328462415807,NA,61,62,62,0.0001866004917316457,0.1139026141128896
ENSG00000114742.13,WDR48,-1.5080349555377077,NA,0.13154558083139375,0.016362690784645022,0.051355356245807865,0.005900266100153778,NA,31,31,31,0.001695510019717543,0.09877781396087147
ENSG00000259384.6,GH1,-1.504988111580086,NA,0.1323271332359005,0.054066171711971825,0.02786304030622092,0.045981654729195666,NA,41,46,46,0.0019753058878696707,0.6259127313668433
ENSG00000083099.10,LYRM2,1.5020992605338255,NA,0.13307147583982393,0.02512714334841346,0.2409529497249083,2.336581129502242e-10,NA,77,77,77,2.1007494445785375e-07,0.045254172667576274
ENSG00000243708.10,PLA2G4B,-1.4976685241515322,NA,0.13421939355744048,0.0545274819486323,0.18558119443737425,5.398995896054374e-08,NA,109,117,117,5.696186795672222e-06,0.2739969816844963
ENSG00000248964.6,RP11-94H18.1,1.4975196620929658,NA,0.13425809336820962,0.002962025985761156,0.0603843523053179,0.0024621905660990443,NA,2,2,2,0.09650917717060352,0.06188147691872796
ENSG00000186204.14,CYP4F12,1.4963857379059835,NA,0.13455316396780093,0.02854024937688207,0.16286951218645124,1.8146724173222136e-07,NA,21,22,22,0.09837298907074571,0.06603221223801341
ENSG00000125885.13,MCM8,-1.494959818307187,NA,0.13492492915569143,0.020589808506773603,0.13450319869384786,3.0117858685731517e-06,NA,23,25,25,0.011314196408196827,0.14722209816747042
ENSG00000140876.11,NUDT7,-1.4912703531219145,NA,0.13589052928657389,0.03674353115262252,0.09177597528646812,0.00021185965704815683,NA,26,26,26,0.0005988612560062012,0.2734010262355209
ENSG00000122376.11,FAM35A,-1.4909192460099954,NA,0.13598269776062583,0.011050444743667526,0.1710696397972887,2.1304187224659148e-07,NA,18,22,22,0.009118128191141606,0.07770326428281234
ENSG00000109047.7,RCVRN,1.4889141932097159,NA,0.1365099655768863,0.22543994984827828,0.4908285529900891,4.0199269448874367e-25,NA,27,28,28,0.021737683931194386,0.1917382441583299
ENSG00000247157.6,LINC01252,1.486068872203192,NA,0.13726090478343486,0.05612565055905723,0.24692786307187145,6.460733160197906e-11,NA,25,34,34,0.04871004255910144,0.20358822817718372
ENSG00000005471.15,ABCB4,1.4831502411342177,NA,0.13803449808102738,0.04371802725612339,0.12843705811148778,5.441699165277042e-06,NA,55,58,58,4.6295955346434184e-15,0.202496600822346
ENSG00000184985.16,SORCS2,-1.4817868764460593,NA,0.1383970121139184,0.06018698606922594,0.16584957753790966,3.594796411134001e-07,NA,82,96,96,7.348952867594448e-06,0.21105632892140264
ENSG00000181396.12,OGFOD3,1.4817635256376687,NA,0.13840322739766023,0.013733188656196469,0.0821290836704323,0.00044088017128075086,NA,5,5,5,0.03183798359950212,0.07897604010178999
ENSG00000271387.1,RP11-382D12.2,-1.4810984966768976,NA,0.13858032842376478,0.026935439369881256,0.028244729708518563,0.04100548985098832,NA,32,35,35,0.00019193050902626695,0.3627807819503724
ENSG00000120539.14,MASTL,1.4809991931016029,NA,0.13860678850907382,0.06586833089268493,0.2629857385109486,4.3991239844787856e-11,NA,116,121,121,0.028143462004139076,0.23027769231505546
ENSG00000085117.11,CD82,-1.47992004442662,NA,0.1388945857216594,0.025682887762488463,0.24410788251813445,2.052616664438327e-10,NA,28,29,29,0.017450665677941738,0.16665822289993132
ENSG00000125630.15,POLR1B,1.4761872960826312,NA,0.13989361898206687,0.06253477904435766,0.2881704628765305,7.834533608869961e-13,NA,19,20,20,0.04456962778394535,0.16859940963167316
ENSG00000042980.12,ADAM28,-1.4733861142275662,NA,0.14064695232539265,0.004065789297583083,0.030910515302383212,0.03722820319270407,NA,46,47,47,0.0021303341013313923,0.08615668180550476
ENSG00000160741.16,CRTC2,1.469803226735625,NA,0.141615054999556,0.0035752315145786695,0.05726751047128845,0.004366777257354885,NA,23,25,25,0.0006240489729886758,0.05417478493017583
ENSG00000271425.7,NBPF10,1.466145729385425,NA,0.14260858987540376,0.0002579390809000819,0.3031029811591937,8.053423077991783e-14,NA,9,19,19,0.05032930497840169,0.008631292966654729
ENSG00000132199.18,ENOSF1,1.464630282496845,NA,0.14302181535671726,0.0018373383939685965,0.0875472416673572,0.0003609282262984417,NA,8,10,10,0.00175643156023818,0.03563806173092182
ENSG00000105258.8,POLR2I,1.4638374785854191,NA,0.1432383594445242,0.007346200701117725,0.04212344869706194,0.01453970044137455,NA,50,51,51,4.0835769543494655e-17,0.0943709534768759
ENSG00000196208.13,GREB1,1.4637812796500684,NA,0.14325371899576334,0.009428844733118825,0.10196589925802887,8.942929489901307e-05,NA,29,34,34,0.0360634180151611,0.14433280857513142
ENSG00000133488.14,SEC14L4,1.4618710925899927,NA,0.14377653785191055,0.03464251661909485,0.048922903802109854,0.007497792011434642,NA,32,33,33,0.011525012870339125,0.7203561547354107
ENSG00000133065.10,SLC41A1,1.4597464226342907,NA,0.14435977828139174,0.005740031931841105,0.09709026963876408,0.00013589853008802308,NA,12,16,16,0.01935847099390376,0.02877283878548465
ENSG00000214530.8,STARD10,1.4588748151295667,NA,0.14459956603095694,0.018332331910417995,0.2194115764139195,2.799321186984985e-09,NA,24,26,26,0.007772621328105906,0.04181400255884871
ENSG00000188312.13,CENPP,1.4544764145633864,NA,0.14581426780767945,0.031290280345422694,0.20505346883692285,3.6503590724661133e-09,NA,18,18,18,0.08917503147016018,0.07036285742455388
ENSG00000166869.2,CHP2,-1.452502353289403,NA,0.14636197531213116,0.010117764967075654,0.0742485488846354,0.001113745760269546,NA,8,8,8,0.016906061683592523,0.08248644428638223
ENSG00000108515.17,ENO3,-1.4522156015726728,NA,0.14644166594861208,0.028321820906718656,0.03544351186584068,0.0215814561264239,NA,50,50,50,0.00023176305528249983,0.06171281283919545
ENSG00000177981.10,ASB8,1.4512062790254838,NA,0.14672242897938698,0.020566684042402705,0.21463656218543664,3.473017517859873e-09,NA,55,56,56,0.0011800896913959724,0.11812289566735723
ENSG00000185885.15,IFITM1,-1.4490754707139073,NA,0.14731650735327964,0.002423383656032066,0.08459995738005946,0.00038210210280846345,NA,7,7,7,0.22007194453695278,0.04030728087287397
ENSG00000227533.5,SLC2A1-AS1,-1.447170462458835,NA,0.14784918708819356,0.10876707913126424,0.29628561295013345,6.417829411756253e-13,NA,31,32,32,7.421633567952507e-05,0.12032423048981232
ENSG00000114767.6,RRP9,1.4460988690384222,NA,0.14814947291264544,0.0023969110105029065,0.050354697223547684,0.007625221287641373,NA,6,6,6,0.016053059843323513,0.05828614475568385
ENSG00000133313.14,CNDP2,1.4449984420430817,NA,0.1484583232472754,0.008869739024920624,0.16614677217859705,1.985139463959349e-07,NA,22,24,24,0.00032957371120341154,0.04341060707952287
ENSG00000141959.16,PFKL,1.4428617341176295,NA,0.14905942448855378,0.07066728123306684,0.2259979330944542,1.267614862013216e-09,NA,58,66,66,0.011038190718839623,0.20955514698562894
ENSG00000198633.10,ZNF534,-1.442861194448274,NA,0.1490595765433097,0.001483360478332149,0.3422527184728544,6.063934297706617e-15,NA,9,12,12,0.02436911728347897,0.058175700906058087
ENSG00000175166.16,PSMD2,-1.438695159662765,NA,0.15023691134384723,0.006594479130175968,0.11699134005152655,2.5666493514438708e-05,NA,29,30,30,0.0029348680982946578,0.032700568793698606
ENSG00000273073.1,RP11-109E12.1,-1.4382979140808694,NA,0.15034954349337326,0.049447852936028824,0.2384112177153822,3.8650960667832117e-10,NA,29,34,34,3.1952847412214095e-06,0.4485059907012529
ENSG00000272087.1,RP11-379F4.7,1.4330255760763015,NA,0.15185052834669444,0.049567813252097886,0.08666297753677905,0.0004073266549488636,NA,59,59,59,2.171343798484589e-05,0.08965175348916002
ENSG00000226070.1,RP11-552E20.4,-1.43007031998297,NA,0.152696837613111,0.013400533346859648,0.04316213340733941,0.012912737802704952,NA,45,47,47,0.06301072065418986,0.09245189928360406
ENSG00000240654.6,C1QTNF9,-1.4291038891335837,NA,0.15297437587152676,0.03341134822854301,0.21711542636861048,2.0150202108140117e-09,NA,16,22,22,0.02504509643797249,0.07515330053604688
ENSG00000170802.15,FOXN2,1.4281255665943695,NA,0.15325571985998998,0.012226137486735778,0.2959983088030393,1.968413547852392e-13,NA,19,21,21,0.006175581464431298,0.09468357943849252
ENSG00000116649.9,SRM,-1.4274700494697246,NA,0.15344445219663397,0.0065536621985208664,0.04551748016373674,0.009012719045397778,NA,57,60,60,5.762435310289521e-06,0.07980055959694551
ENSG00000214435.7,AS3MT,-1.4267357220716597,NA,0.1536560849173798,0.044637884295577884,0.16203099115817274,1.8594096236533588e-07,NA,30,33,33,9.108129791548402e-06,0.0947201415816587
ENSG00000172987.12,HPSE2,-1.4264770320843225,NA,0.15373069205322257,0.013372822092330806,0.08085747027028511,0.00046501585910035703,NA,11,11,11,0.018331487146731155,0.07016390177991955
ENSG00000185290.3,NUPR2,1.4264053401901151,NA,0.15375137312982867,0.11958341263622274,0.41607623728393495,6.751254447299531e-20,NA,33,38,38,8.130442115778668e-06,0.33556888156787523
ENSG00000174891.12,RSRC1,1.42632204651668,NA,0.15377540364653153,0.007873197437526378,0.0504272392312457,0.005795586433420865,NA,44,44,44,5.261806120659383e-17,0.037761462256862985
ENSG00000128284.19,APOL3,-1.4251159219193934,NA,0.15412369490711433,0.0011624955465748222,0.03231370910454926,0.033916947887357614,NA,7,7,7,0.0761424043877499,0.05415736421974938
ENSG00000166260.10,COX11,-1.4229493126519206,NA,0.15475084950370754,0.011258354911776583,0.17265035516492186,2.709284826204965e-07,NA,25,25,25,0.15805650092197732,0.014367240196267969
ENSG00000015592.16,STMN4,1.4227065771296175,NA,0.1548212331848629,0.11226857649959723,0.4108450909597434,1.3673317505981704e-21,NA,9,9,9,5.475072686434619e-06,0.31678907468367634
ENSG00000105974.11,CAV1,-1.4213154135115322,NA,0.15522508455137995,0.02813891343599694,0.07554270130453232,0.0008988310384156637,NA,81,84,84,9.15595093559905e-06,0.16661380326518296
ENSG00000107833.10,NPM3,-1.4149517294788854,NA,0.1570826493840794,0.010316170350735737,0.056763310107174884,0.003984436310414911,NA,25,25,25,1.309730855090266e-07,0.08667623842963294
ENSG00000267108.1,RP11-861E21.1,1.4133945474374168,NA,0.15753974792746994,0.03931106707620973,0.25761418289691324,4.9221056626512756e-11,NA,16,17,17,0.0005283469796877387,0.1936337006564556
ENSG00000134020.7,PEBP4,-1.408090688799607,NA,0.1591042178222396,0.04512936023423644,0.15731681045160906,6.605828773081927e-07,NA,55,60,60,2.86595120547482e-15,0.12788905970598174
ENSG00000183137.14,CEP57L1,1.4072442160026009,NA,0.15935498449434693,0.015407603424350158,0.027804892924055868,0.04742827993431272,NA,56,59,59,9.501342131633989e-06,0.14387447843426213
ENSG00000157045.8,NTAN1,-1.4071036224378162,NA,0.15939666412922804,0.0011890480651712326,0.07702734127420911,0.0006724755336753838,NA,2,2,2,0.15727188802413394,0.05432954244461005
ENSG00000164627.17,KIF6,1.406012460241705,NA,0.1597204248012446,0.005154226165407388,0.12697717569433306,1.0788852351956313e-05,NA,15,15,15,0.010434174564254058,0.053904377863993706
ENSG00000102781.13,KATNAL1,-1.405907423902517,NA,0.15975161654218217,0.008672134583946611,0.11345217995492365,3.7008945427317375e-05,NA,36,41,41,8.55394245046796e-06,0.03650873509603525
ENSG00000257218.5,GATC,1.4044440709448818,NA,0.16018665521132924,0.13026159663931108,0.4694923806520525,1.0816976155722694e-22,NA,37,39,39,0.00020214588504984996,0.05644740002193248
ENSG00000278611.1,CTC-543D15.8,-1.4040621684927312,NA,0.16030033782287156,0.07977680592335581,0.4239095826199733,3.427620165619333e-20,NA,10,10,10,0.03192887557832289,0.10559003722889823
ENSG00000084636.17,COL16A1,-1.40362647207411,NA,0.1604301079886855,0.03261462252324523,0.3249645326266992,6.173555048627274e-15,NA,28,31,31,6.659265233916234e-36,0.16236338661820965
ENSG00000099958.14,DERL3,1.403370891342,NA,0.16050626847012583,0.005691577334097228,0.10816640160160287,4.5350706680818895e-05,NA,22,24,24,0.00029897487299465164,0.18273901043777255
ENSG00000226816.2,AC005082.12,1.3998308298292812,NA,0.16156398330859523,0.013016675215773573,0.024919648463930855,0.04633362115131158,NA,20,21,21,0.02149137607189536,0.10990063856463768
ENSG00000143376.12,SNX27,1.3997720229001251,NA,0.16158159822950113,0.012360267349539624,0.20636040852115853,6.368334165849901e-09,NA,17,18,18,0.017481878352593617,0.02262569151221201
ENSG00000183955.12,KMT5A,1.3983595880567838,NA,0.16200511219767777,0.006231026596560463,0.04270300310130587,0.014107172640045898,NA,36,36,36,2.6639761697429373e-06,0.05942640336295753
ENSG00000277767.1,RP11-365P13.5,1.3982011916705466,NA,0.1620526590357072,0.055945793737652155,0.10178720243010457,5.7901265372783786e-05,NA,59,66,66,5.0839348125198494e-05,0.16557897072179684
ENSG00000174775.16,HRAS,1.3962844356551485,NA,0.16262885885770872,0.005230421311806855,0.1316402472764589,6.8441524444837536e-06,NA,21,21,21,0.013341473914157222,0.04227064280423602
ENSG00000130489.14,SCO2,-1.3955224121013499,NA,0.1628583611348451,0.006879204185877958,0.042784608157026165,0.011056640604374907,NA,6,7,7,0.0058002258335645126,0.0938862241427168
ENSG00000196275.13,GTF2IRD2,-1.3946732280588208,NA,0.16311440163878077,0.06581342002228666,0.4211867500022784,2.4387404278142078e-19,NA,17,24,24,0.03800706281465633,0.2702888845598563
ENSG00000236255.1,AC009404.2,-1.3940782697072112,NA,0.16329397039948146,0.007909557618319301,0.06436230796132428,0.0014127697443086801,NA,12,12,12,0.005290567135735433,0.05758677791334181
ENSG00000120805.13,ARL1,1.3927721181968817,NA,0.16368871230310977,0.0026211938304562567,0.1640775837930363,2.587298785311555e-07,NA,12,14,14,0.022304813468950174,0.07265238283741944
ENSG00000272143.1,FGF14-AS2,-1.3924070594813012,NA,0.16379916794133764,0.008339402585138017,0.15490732093322138,4.831259823875745e-07,NA,7,8,8,0.04154572590220589,0.05512892183610423
ENSG00000185904.11,LINC00839,1.391573275914658,NA,0.16405165606618277,0.06339351389222242,0.07976818076069453,0.0005723594857426157,NA,58,65,65,0.0002965809068962413,0.20326424086352524
ENSG00000270001.1,RP11-218C14.8,-1.390869759880534,NA,0.1642649242982529,0.01444824629480004,0.1562267239858814,1.026907413573288e-06,NA,18,18,18,1.8688407685616632e-10,0.02026770910702411
ENSG00000001460.17,STPG1,1.390317132455951,NA,0.16443259762998186,0.009637214895160805,0.13051556925182964,3.532322255564396e-06,NA,13,14,14,0.04279283814448555,0.061179705393835764
ENSG00000170113.15,NIPA1,-1.3895618303988235,NA,0.16466197316089115,1.0060739010666058e-05,0.14233703351882845,2.409721936605849e-06,NA,3,14,14,0.00041762751879462337,0.009679999073808702
ENSG00000273038.2,RP11-479G22.8,-1.3888448018950477,NA,0.16487994836953568,0.025439202781356626,0.15493226618555486,8.769744338397587e-07,NA,35,37,37,9.394246570703145e-05,0.03063833705748937
ENSG00000140350.15,ANP32A,1.3878370296428357,NA,0.165186676234227,0.010288744724476176,0.06469284723117485,0.002364800317120672,NA,24,27,27,0.00048434689900663614,0.13995011658264306
ENSG00000267924.1,RP11-255H23.4,1.3864310578442922,NA,0.16561531833639165,0.03646075574886586,0.04621658625609695,0.009490224382923296,NA,43,44,44,0.034496428575364536,0.5372356418857743
ENSG00000160862.12,AZGP1,-1.3864171967711554,NA,0.16561954835814063,0.012079166795237243,0.13255771286306525,4.3727546710604336e-06,NA,14,14,14,0.08898461330923199,0.11573843066291095
ENSG00000281721.1,LINC01080,1.3841516152033053,NA,0.16631203515292392,0.141582359352754,0.4491743361581098,9.9003989479734e-22,NA,9,10,10,0.01032252837218418,0.26408869699229154
ENSG00000179134.15,SAMD4B,1.3831184269209924,NA,0.16662855643215146,0.005307740622289366,0.035239442123334415,0.0221894205433032,NA,33,35,35,0.08106476930572709,0.09660693757735313
ENSG00000008283.15,CYB561,1.3827313095706595,NA,0.16674726790312944,0.02442583838154979,0.4048138010751071,4.456855069860947e-19,NA,23,25,25,0.015155118838231557,0.04083949043803152
ENSG00000128311.13,TST,-1.3811616235713333,NA,0.16722927151157885,0.008325000753583079,0.23677680536825876,1.1643923898275307e-10,NA,4,7,7,0.149899628232729,0.19586066243286185
ENSG00000118579.12,MED28,-1.3797694870380306,NA,0.1676576302704592,0.009098149761318956,0.07985701240088007,0.0005885768256149151,NA,28,31,31,9.605884318590494e-06,0.09540644890071504
ENSG00000172456.17,FGGY,-1.37835551617402,NA,0.1680935505021135,0.013323197665617192,0.09500408457159014,0.00017196369641802613,NA,19,21,21,0.16106621457589865,0.14027151333468818
ENSG00000164048.13,ZNF589,1.37672924566855,NA,0.16859597324341213,0.1285607567620798,0.19852268126851627,1.1997587416298554e-08,NA,63,69,69,0.002789839710173681,0.9330882063154624
ENSG00000263603.1,CTD-2349P21.5,-1.3764958986297917,NA,0.16866815622778897,0.034574853811931136,0.05456449331753982,0.004536198533759904,NA,29,29,29,0.0025579046320850602,0.4637163214520702
ENSG00000136878.12,USP20,1.3741086241683713,NA,0.1694079624613778,0.0003758346323673504,0.034814414875993814,0.02441440424250093,NA,4,5,5,7.678688101965196e-06,0.02689379861629017
ENSG00000161011.19,SQSTM1,1.3684646606509894,NA,0.1711666764577482,0.005957953384369794,0.02830863308813645,0.04443532230744498,NA,37,40,40,0.035895896121664626,0.05251490220832175
ENSG00000198093.10,ZNF649,-1.3669349916672868,NA,0.17164568286108395,0.01770553559045887,0.08958133350988495,0.00024254471312929238,NA,60,61,61,0.007766936440796974,0.09612620602794904
ENSG00000136698.8,CFC1,1.3666228511984169,NA,0.1717435508626609,0.003617844352430926,0.0731945558776665,0.0011753412102012454,NA,7,10,10,0.010005711507323179,0.04690682462135222
ENSG00000050438.16,SLC4A8,1.3635075153375509,NA,0.1727226175569594,0.00851875968308951,0.10966336890791176,4.941551809116008e-05,NA,53,53,53,0.0007250020015911842,0.0684748938053962
ENSG00000064102.14,INTS13,-1.3567314568150675,NA,0.1748665534866043,0.004220641975855745,0.11124641121029832,5.4389484869571865e-05,NA,12,12,12,0.027457630185145215,0.024807169545554016
ENSG00000166788.9,SAAL1,-1.3553249456705363,NA,0.17531405057293625,0.02986261334581649,0.1642055883274594,1.813773735670414e-07,NA,25,27,27,0.036500217731249215,0.11043002981413713
ENSG00000242485.5,MRPL20,-1.3551828817372644,NA,0.1753592972509478,0.003341045787967589,0.036972606136324464,0.018388034258790147,NA,15,16,16,0.06598442378013622,0.06653933469908711
ENSG00000228570.7,NUTM2E,-1.3531154115297248,NA,0.17601876288194696,0.11003975697722493,0.4430595257617928,3.5652765270388046e-22,NA,72,86,86,9.984421732515324e-06,0.31030796655515824
ENSG00000069275.12,NUCKS1,1.3515662491266214,NA,0.17651411335990397,0.011509490003795425,0.09136626376278796,0.0001892888094507368,NA,40,44,44,0.0019921657263834553,0.1227471512755964
ENSG00000070413.19,DGCR2,1.3514145366018844,NA,0.17656267980938578,0.006152960615128976,0.21183728030610255,3.726291725655457e-09,NA,62,65,65,0.01182797350889291,0.04116361841139683
ENSG00000263874.2,LINC00672,1.3492452207921009,NA,0.17725821424345523,0.009814638719413613,0.25885813739985297,5.5238049448939255e-12,NA,6,9,9,0.02204258443021799,0.14029799717458258
ENSG00000105143.12,SLC1A6,-1.3477754872045282,NA,0.1777306043135619,0.010465592008021328,0.029822834040892695,0.03512392229438612,NA,101,107,107,0.00011987929949750732,0.12553629898592722
ENSG00000270170.1,NCBP2-AS2,-1.3469067981500014,NA,0.17801025180111474,0.0038648462476620258,0.03180204953774205,0.027634297125023046,NA,27,28,28,0.022275327976260587,0.12050606837944478
ENSG00000164010.13,ERMAP,-1.3421931796455153,NA,0.17953336733723524,0.03312074665124093,0.09083186464381866,0.0002423054817066832,NA,53,55,55,0.013748360466001436,0.08059177229464133
ENSG00000137414.5,FAM8A1,-1.341098552788589,NA,0.1798884571269871,0.008180314292267817,0.09033863767526662,0.0001751081072175537,NA,31,32,32,0.00024435904708505594,0.058265102948356615
ENSG00000100336.17,APOL4,1.3408985622281737,NA,0.17995338910634717,0.02011877500910607,0.1756319569878205,1.8509777779092e-07,NA,31,31,31,0.15204223685938628,0.1665667515027162
ENSG00000196993.8,NPIPB9,-1.3396029850729332,NA,0.1803744528319604,0.015732414807824002,0.051588572181566365,0.006080608278425936,NA,24,24,24,0.0015730057574294344,0.11754652964439866
ENSG00000205611.4,LINC01597,-1.3371678797831812,NA,0.18116784396706287,0.028620291670212274,0.12133712152516185,1.5970094628312687e-05,NA,9,19,19,0.005913830348535893,0.13804667843078786
ENSG00000164144.15,ARFIP1,-1.3370739240641238,NA,0.18119850786782843,0.006098275774772045,0.07609706836050444,0.0008837278393900796,NA,9,10,10,0.09727632993388292,0.023649613888251743
ENSG00000134324.11,LPIN1,1.3354781828535096,NA,0.1817198911831973,0.05055876717587307,0.2572929199114952,5.6660544554197845e-11,NA,42,46,46,0.041301839459568154,0.16609782904053158
ENSG00000175575.12,PAAF1,-1.3353231578295386,NA,0.1817706024302741,0.011281935566868653,0.16267748947263075,2.446666100124678e-07,NA,23,25,25,0.09575259601812304,0.11729425961121955
ENSG00000186529.15,CYP4F3,1.3330649975583944,NA,0.1825104747393902,0.07039719170808205,0.24965990288532064,6.434015188181465e-11,NA,38,39,39,0.09837298907074571,0.07850441624107338
ENSG00000181817.5,LSM10,-1.3316248676265448,NA,0.18298348913540985,0.013056309527956025,0.09625543702689188,0.00013666102595492118,NA,78,81,81,2.253722896977803e-23,0.18246363492518464
ENSG00000136243.16,NUPL2,-1.3312274989784638,NA,0.18311416569325512,0.06665780337676139,0.3085651380894189,2.0806340445164765e-13,NA,27,28,28,8.786474676200439e-05,0.0922290274184789
ENSG00000170144.20,HNRNPA3,-1.3299877282098964,NA,0.18352231463597557,0.001550879637240055,0.037008276744200604,0.01761296233706475,NA,8,8,8,7.934232281810366e-05,0.02048868405406376
ENSG00000256073.3,URB1-AS1,-1.3281168559098189,NA,0.18413950581800054,0.00544927658302417,0.027866074051983183,0.042969054430551816,NA,7,7,7,0.015319270091361076,0.09136338948728953
ENSG00000204792.2,LINC01291,-1.3266795494262724,NA,0.18461470871394514,0.18411525417936367,0.4664031820626636,3.811307712852402e-23,NA,30,35,35,9.2340007665341e-05,0.2403464721212238
ENSG00000136982.5,DSCC1,1.323520216123583,NA,0.1856624378947439,0.06787567435718843,0.21337084323054584,3.3377053505747476e-09,NA,33,35,35,0.01350148277066087,0.3056652930605375
ENSG00000124181.14,PLCG1,1.3226130703862011,NA,0.18596408539553821,0.005342593692263786,0.035586084805476266,0.02233430037742324,NA,23,25,25,0.014223403388633532,0.12079335062523147
ENSG00000196873.15,CBWD3,-1.3217977704979362,NA,0.18623550095816233,0.005644785095736208,0.0873366268342316,0.00034758533214059446,NA,11,11,11,0.08368432039449251,0.07292199349945476
ENSG00000178248.11,LINC01658,1.3217593012240267,NA,0.18624831471364311,0.013583693994230626,0.13108325703188176,9.422690605473226e-06,NA,12,13,13,0.059927300008195544,0.10689005867425257
ENSG00000241837.6,ATP5O,1.3214578519329867,NA,0.1863487472124764,0.005021696329589813,0.1910909974330218,2.322402065681481e-08,NA,16,16,16,0.0012835369111027326,0.06990338064885937
ENSG00000135766.8,EGLN1,1.3205124227499825,NA,0.18666399116604604,0.00425035168420017,0.10786731227002082,5.013280430082289e-05,NA,24,24,24,0.001861908704362262,0.02442800845557592
ENSG00000167840.13,ZNF232,1.320206931321051,NA,0.18676593841722577,0.030788547078492122,0.132061562058908,6.2144366123094275e-06,NA,14,16,16,0.003089010397187368,0.2177946835318929
ENSG00000249937.5,RP11-454P21.1,-1.3199950327916412,NA,0.18683667641451884,0.024003329326410115,0.14796862392638307,1.3215042560558444e-06,NA,41,41,41,0.001969933081281369,0.17864874203182238
ENSG00000162341.16,TPCN2,-1.3199493182263125,NA,0.1868519398837064,0.006323613876916401,0.029854122923381618,0.03822937327454733,NA,25,29,29,0.01139080793859279,0.06668902627372225
ENSG00000175711.8,B3GNTL1,-1.3196092386887242,NA,0.18696551671133554,0.10333943657030562,0.2938564307076268,2.8321305048235303e-13,NA,31,33,33,0.008723129464760906,0.11085297874171253
ENSG00000253678.1,RP11-981G7.3,1.3193441420426106,NA,0.18705408675945612,0.03296958220224738,0.09214894098508238,0.0001739850684907047,NA,12,13,13,0.0009075256739189495,0.08507124782836596
ENSG00000022355.16,GABRA1,-1.3191997337089756,NA,0.18710234730488018,0.0026417230869067963,0.05622501128123602,0.0048334296797591285,NA,48,50,50,0.02754136766910737,0.07665706579421963
ENSG00000119203.13,CPSF3,-1.311274452468618,NA,0.18976505639320718,0.0451379430725932,0.0790454896440554,0.0006697821519185892,NA,91,97,97,1.3795846666058493e-05,0.13418939253571344
ENSG00000165997.4,ARL5B,-1.3097673154321154,NA,0.19027456326985603,0.010248444174771533,0.04374061934874655,0.013068378233124942,NA,54,55,55,0.007054331933853314,0.12718820990653587
ENSG00000142185.16,TRPM2,1.306323208709788,NA,0.19144266779245234,0.0010878242358851528,0.08271081546010206,0.00045779707893359883,NA,4,4,4,0.00011329473309758856,0.04198544302969635
ENSG00000175322.11,ZNF519,1.3021619247993947,NA,0.1928610380062039,0.004107855944348988,0.06909272920858799,0.0011448738597623516,NA,12,12,12,0.10510759990346107,0.02539915119675051
ENSG00000275438.1,LA16c-360A4.1,-1.3011326636196274,NA,0.19321304898377145,0.028676035243957815,0.13131672582359716,9.030612948875966e-06,NA,13,13,13,0.02554205608205563,0.1562635621703954
ENSG00000233878.1,AC073133.1,1.3008428793771365,NA,0.19331224131584468,0.006299187255532976,0.041336472200661854,0.012720945609076505,NA,17,20,20,0.0734600310899893,0.08081573461067207
ENSG00000173041.11,ZNF680,-1.3004618858807218,NA,0.19344271122859247,0.016496988854388262,0.22302078280551246,1.3221899498842496e-10,NA,38,38,38,0.012120092145204108,0.04561013584564308
ENSG00000121406.8,ZNF549,-1.296614344247017,NA,0.19476391445971164,0.03801438684731829,0.08613099688189146,0.00035063163540953506,NA,65,71,71,0.003337689911627028,0.10710970801962097
ENSG00000249476.1,CTD-2587M2.1,-1.2964657394551453,NA,0.19481507614851845,0.006240049304278147,0.027595900863922173,0.04812610719988813,NA,12,13,13,0.00521557605809663,0.1181953762500138
ENSG00000277149.4,TYW1B,1.2956156194165005,NA,0.195107945177171,0.13721711738319337,0.2050118710191879,2.740959407693186e-10,NA,43,46,46,9.500457891828078e-19,0.19362065149959287
ENSG00000116752.5,BCAS2,1.2943894927618915,NA,0.1955309181563395,0.0005351450086592571,0.026277896658296225,0.0489109979265116,NA,3,3,3,0.11131973639182137,0.01739524017410294
ENSG00000263001.5,GTF2I,-1.2943447433622361,NA,0.1955463679177164,0.0032595014508593517,0.05632498179565616,0.004028555665156163,NA,7,9,9,1.0423704514297173e-05,0.09305845338275094
ENSG00000128699.13,ORMDL1,1.2926963653138972,NA,0.19611609537066133,0.020002185052286913,0.16029928371586474,6.119398437629476e-07,NA,20,20,20,0.03383876090241116,0.06420203622231017
ENSG00000262877.4,RP11-1055B8.4,1.2926816746644259,NA,0.1961211783491027,0.03299677696592715,0.05961111873410626,0.003344861810707528,NA,34,40,40,0.03950428753608081,0.18177308776794712
ENSG00000173011.11,TADA2B,-1.290922098534261,NA,0.19673069172868185,0.0003705553192589228,0.030994924129364894,0.03291296923586814,NA,4,4,4,0.17309163325042676,0.02819636143125893
ENSG00000151651.15,ADAM8,1.2898212253944679,NA,0.19711273660359785,0.015042512701595933,0.07672140628023738,0.0006085209470243939,NA,21,24,24,0.00014470154502392823,0.12870296148305896
ENSG00000198520.10,C1orf228,1.2891188376871876,NA,0.19735677552365427,0.007578605163406896,0.08808263048982641,0.00037019126590762667,NA,15,15,15,0.06243172581336734,0.05576534836545132
ENSG00000140287.10,HDC,-1.2880805611178987,NA,0.19771792125218257,0.021137797842714745,0.12740403818403911,8.099144396501891e-06,NA,20,21,21,0.00016116958408442876,0.3848793895950514
ENSG00000054983.16,GALC,1.2875018822059159,NA,0.19791941398369461,0.0015377006664148724,0.02811879953749674,0.04140171889022347,NA,23,27,27,4.0395471916795174e-05,0.06852028389855656
ENSG00000146733.13,PSPH,1.2867859196155718,NA,0.19816891596793562,0.055681688525509594,0.20078395498192766,3.495187362033436e-09,NA,40,42,42,6.145373531619292e-08,0.5807497118896345
ENSG00000198721.12,ECI2,1.2844323604802854,NA,0.19899071621294573,0.013509935256233212,0.14416971706858053,2.339929517480542e-06,NA,50,54,54,0.001104202210364483,0.047548432919008767
ENSG00000185163.9,DDX51,-1.283821886820207,NA,0.19920428363358833,0.012578071794925233,0.13112401111978486,6.715268767349684e-06,NA,36,42,42,0.08055187378562195,0.06267221298773225
ENSG00000246375.2,RP11-10L7.1,1.2833238062893784,NA,0.19937865560780887,0.1967564542071042,0.5401248651567169,7.872185409858612e-28,NA,22,23,23,0.004252929104896283,0.1838068063570321
ENSG00000167272.10,POP5,-1.280779651030722,NA,0.20027107344960904,0.0037707973224066385,0.07512988885328317,0.0008592600625511576,NA,10,10,10,0.19249326478622653,0.037731999009504656
ENSG00000136048.13,DRAM1,-1.2806404729987024,NA,0.2003199771680777,0.007422927873226013,0.04767515158225609,0.008413149252895815,NA,10,10,10,3.2679043634357775e-05,0.20244431135023047
ENSG00000147912.12,FBXO10,1.2800207138061526,NA,0.20053785106629196,0.0005844970095067407,0.11444308163875995,3.0411159627974024e-05,NA,1,1,1,0.20053785106629196,0.03343752594405679
ENSG00000268087.1,CTC-429P9.2,1.2799723958984843,NA,0.200554844301031,0.003231652243927449,0.02834755849948503,0.04348617797827662,NA,23,26,26,0.06643338586846607,0.02473287681609338
ENSG00000165084.15,C8orf34,1.2766753409599287,NA,0.2017168907203587,0.0018036387808172006,0.02824464964912133,0.04322168930772676,NA,25,27,27,0.01504606187900066,0.033769947551717916
ENSG00000257259.1,RP11-767I20.1,-1.2765072872266907,NA,0.2017762524493385,0.00852062914661527,0.05589482690075018,0.004723022282708261,NA,9,10,10,0.010497712055583837,0.08147704841144061
ENSG00000107147.12,KCNT1,-1.274923895077628,NA,0.20233618052132252,0.0017984196460551366,0.10486351534980312,4.643828084414481e-05,NA,20,21,21,0.038810002226785045,0.04809323614435381
ENSG00000176840.11,MIR7-3HG,-1.274296197599882,NA,0.2025584635779496,0.013162949821001593,0.2255211925562081,1.0928453486270615e-09,NA,35,36,36,0.0007108242770973492,0.11366599397803955
ENSG00000165406.15,MARCH8,-1.2726879477852957,NA,0.20312879605266776,0.0034136334553765647,0.1177295972644016,1.9093410309585016e-05,NA,17,19,19,0.013082330399285634,0.04622981438799558
ENSG00000115129.13,TP53I3,-1.272095833381415,NA,0.20333907142337249,0.0032879274341963667,0.07642906255882129,0.0006664522190543651,NA,3,3,3,0.19271880062580515,0.06862850951705811
ENSG00000178665.14,ZNF713,-1.2718623998882155,NA,0.20342201332837717,0.010871680661571795,0.040888297756332265,0.01584460612076571,NA,44,44,44,6.145373531619292e-08,0.1089169863179919
ENSG00000143469.18,SYT14,1.2716238572189829,NA,0.20350679603216848,0.0642260441393485,0.17038957147933936,7.634185252275716e-08,NA,38,42,42,3.302480589662715e-27,0.12554692992559
ENSG00000025423.11,HSD17B6,1.2710036397771698,NA,0.20372735375955464,0.013232590991030989,0.04450230725899373,0.0106520434499242,NA,28,34,34,0.04707724042118325,0.15467085621541185
ENSG00000167554.14,ZNF610,-1.2689241524750674,NA,0.2044681171491186,0.02124613320438165,0.06484166231947898,0.0016432169946796243,NA,109,112,112,5.6473464269165246e-05,0.08495415024455906
ENSG00000257585.1,LINC00609,1.2659948275631991,NA,0.2055149340907385,0.018463781122871236,0.05487881016509338,0.005241817446927957,NA,55,58,58,3.233041112871735e-11,0.15167829163680902
ENSG00000069974.15,RAB27A,1.265689780606564,NA,0.20562416848737475,0.024045253495765292,0.2566196760714274,7.815915270061144e-11,NA,21,21,21,0.1841398870677884,0.11953550999346865
ENSG00000095002.13,MSH2,1.2649187502797978,NA,0.20590045514112365,0.0024337927262647824,0.07793988354320462,0.0006547863740010479,NA,7,7,7,0.007275607832130206,0.03527379561709347
ENSG00000146007.10,ZMAT2,1.2632056174440354,NA,0.20651529458025242,0.008498133929895464,0.09851059326642726,7.869784880841205e-05,NA,47,55,55,2.5552551382149312e-06,0.1063469223004968
ENSG00000188176.11,SMTNL2,-1.2628487751634527,NA,0.20664353203932873,0.024375373106841455,0.03412064298489745,0.02694915056489891,NA,36,41,41,0.003933063406229943,0.14277905958191042
ENSG00000162746.14,FCRLB,1.2623769219613326,NA,0.20681318941650118,0.006510365811694773,0.05966862259764519,0.0035790646637427963,NA,16,17,17,0.023689238681834132,0.053905739445433636
ENSG00000254239.1,GS1-39E22.2,1.260263815466174,NA,0.2075742086544411,0.038249318007204255,0.14280699734743169,2.673532487616296e-06,NA,31,31,31,0.022861224297859258,0.5260943664245948
ENSG00000213937.3,CLDN9,-1.2583424230602898,NA,0.20826794499664925,0.02941569360393568,0.16435065153725262,4.2840753322306883e-07,NA,18,19,19,7.676082722552466e-08,0.09200867066612144
ENSG00000196172.9,ZNF681,1.2583036533655965,NA,0.20828196042979452,0.032946117579453066,0.12365888253375892,1.0759870100176055e-05,NA,35,39,39,0.008481170217286374,0.2140267961463679
ENSG00000117505.12,DR1,-1.2567222022449491,NA,0.20885424562574828,0.0008872049279652029,0.03342129204954543,0.028668999004467812,NA,52,53,53,0.09695427534355706,0.030117793525232438
ENSG00000113262.14,GRM6,1.2562152995175293,NA,0.20903792118175635,0.006862310352344513,0.04444655523236697,0.011879381450113613,NA,24,25,25,0.0008596997243724426,0.14783105201370006
ENSG00000273218.1,LLNLR-246C6.1,1.2550935217644057,NA,0.20944481190802922,0.03027676149126512,0.04111627566046252,0.015097909451298469,NA,71,74,74,0.00011987929949750732,0.21911539626001766
ENSG00000228421.2,AC005013.5,1.2540909714358732,NA,0.20980894162873853,0.021066512817420575,0.04635866668736549,0.008950486622374364,NA,16,16,16,0.008208252667517372,0.1591712200822202
ENSG00000157837.15,SPPL3,-1.2519730722025726,NA,0.21057967622311702,0.0123753751785795,0.08295893005397388,0.000382975834449597,NA,52,52,52,1.5294131332336217e-05,0.06984085673448412
ENSG00000270806.1,C17orf50,1.250509489774052,NA,0.21111349091171117,0.0009911289238604623,0.13705204280493846,1.011884034508944e-06,NA,2,19,19,0.06667063092036689,0.07813498096749473
ENSG00000214562.14,NUTM2D,1.2471480428802626,NA,0.2123432198521077,0.010973221093518427,0.052878264955122455,0.00624221461777324,NA,27,29,29,0.04757164450379833,0.057556474634466864
ENSG00000117748.9,RPA2,-1.246568757701852,NA,0.21255566325474395,0.10786267001254678,0.5758049096795476,6.637849686134332e-33,NA,18,19,19,0.1965441625690505,0.8105950826920253
ENSG00000110011.13,DNAJC4,1.2448768561760815,NA,0.21317701938478328,0.005861380775741913,0.07866829759540647,0.0006968298951902416,NA,51,55,55,0.0055654372656676505,0.07679090274675943
ENSG00000154252.11,GAL3ST2,1.2444648580885471,NA,0.21332852528770574,0.0068197171751515975,0.03734749248553682,0.02080712018269186,NA,16,16,16,0.16042439883481696,0.02838486940942512
ENSG00000152219.4,ARL14EP,1.244013663666755,NA,0.21349453417418118,0.019202936672725886,0.13538664814123932,3.970478737612354e-06,NA,67,69,69,0.00013693839935238227,0.13225639983063495
ENSG00000251635.1,RP11-213G21.2,-1.243506692556954,NA,0.21368117629339656,0.016182117253874133,0.060888012420638474,0.0022334591280082253,NA,15,15,15,0.022260856048076285,0.05666526569060374
ENSG00000106565.17,TMEM176B,1.2423152483815636,NA,0.21412027150934854,0.0029767979579290145,0.03163252344885645,0.03554338417747768,NA,17,17,17,0.022704462825742573,0.05114991980212577
ENSG00000197345.12,MRPL21,-1.2406026169468118,NA,0.2147525847404277,0.07411628452151588,0.5274761966516053,2.6847903475557605e-27,NA,37,38,38,0.04793054403905564,0.08995947385926155
ENSG00000187607.15,ZNF286A,1.2401123772473825,NA,0.2149338315600099,0.007335066672911467,0.09795504347397888,0.00013372100163897252,NA,8,9,9,0.18864313057602067,0.0972836572833547
ENSG00000163701.18,IL17RE,-1.2400347281464967,NA,0.21496254936777326,0.020196882343655347,0.059561932531876624,0.0033221395325006607,NA,17,19,19,0.14839349125409088,0.16285673650701715
ENSG00000267268.1,AC007204.2,-1.2396658311478452,NA,0.21509902031635342,0.01952403757360259,0.027839263649569127,0.04788149602921827,NA,19,19,19,0.004643481685028694,0.08861378728542434
ENSG00000055955.15,ITIH4,-1.2385660487243249,NA,0.21550624788278117,0.06587339859507502,0.2263909225430797,5.807366791611568e-10,NA,43,44,44,7.608112765469277e-12,0.14369132546761676
ENSG00000156232.7,WHAMM,1.2385322546031905,NA,0.21551876996299646,0.012742069040522965,0.06881733053380126,0.0009807089154207401,NA,13,13,13,0.028241665860756743,0.32573882703472284
ENSG00000055483.19,USP36,1.2383187775311613,NA,0.21559788391193802,0.009465633832324929,0.16165209164053448,3.916854121251232e-07,NA,6,6,6,0.1863359526628432,0.08092133063858065
ENSG00000171227.6,TMEM37,-1.2376563740601074,NA,0.215843501764043,0.0026565204690068155,0.057983387994189825,0.003135057960287953,NA,9,9,9,0.10138389819337748,0.022381335925177912
ENSG00000130783.13,CCDC62,1.237587541710812,NA,0.21586903621146447,0.023486705066967987,0.0315188300618096,0.030734803152540964,NA,21,21,21,0.07508392550315585,0.2682048453438081
ENSG00000129347.19,KRI1,1.237450845591147,NA,0.21591975224622173,0.07011789229044721,0.4260089663823564,5.77332476029249e-20,NA,34,35,35,0.011052253839247716,0.1838723393548972
ENSG00000161640.15,SIGLEC11,1.2371167727980847,NA,0.21604373369528784,0.009621643393505153,0.08050117214135695,0.0006972158896079408,NA,4,4,4,0.15140448084839,0.07308194243306823
ENSG00000162881.6,OXER1,-1.2364636680553127,NA,0.21628626266134865,0.01462779220044538,0.14835521224331952,1.061526625939848e-06,NA,12,12,12,0.10440426575885631,0.03912281236078966
ENSG00000131165.14,CHMP1A,-1.2359255699658682,NA,0.21648623138081002,0.0007459910241074204,0.05412747620226895,0.00564604592241839,NA,5,5,5,0.00830047974731498,0.036523488894222834
ENSG00000105185.11,PDCD5,1.2357240620172754,NA,0.21656115026529543,0.024830782771664117,0.17663104657498058,1.4123504893751975e-07,NA,53,57,57,0.00010923918180254936,0.10618092647069008
ENSG00000270087.5,RP11-399K21.11,-1.2353485590369715,NA,0.21670080875331432,0.07383332874232795,0.029754488845841705,0.03904020408379669,NA,77,80,80,7.15031156065551e-06,0.42726786725584176
ENSG00000273100.1,RP11-302L19.3,-1.2350822260497483,NA,0.2167999036034336,0.04146693491893583,0.22208051871984744,1.6628779992963215e-09,NA,15,16,16,0.014455081235149672,0.1135076832253588
ENSG00000011376.9,LARS2,-1.2341642158752848,NA,0.217141718684005,0.04891916564082788,0.2965016552614813,3.9711040665229215e-13,NA,31,31,31,0.08284448699413749,0.07760974171973499
ENSG00000245532.7,NEAT1,-1.231751355983494,NA,0.21804197932511438,0.006876684120942433,0.1645623682702669,4.18231480771326e-07,NA,13,13,13,0.028335694500421223,0.031951029766442256
ENSG00000185324.21,CDK10,1.2313784389689029,NA,0.21818135716472642,0.021568091166503385,0.13751335992290256,4.392669134966525e-06,NA,53,56,56,1.3078350759595295e-08,0.1854111893481412
ENSG00000272915.1,RP11-62J1.4,1.230269454054538,NA,0.21859621888661118,0.019469372063921096,0.036416707676648015,0.02039371755845556,NA,24,24,24,0.0077931520177290554,0.06655467200217255
ENSG00000187010.19,RHD,1.2302430408467857,NA,0.21860610674529446,0.2229508179866706,0.4337499268030176,5.532701940340364e-22,NA,34,38,38,0.021329697943525107,0.3091968846261726
ENSG00000070756.15,PABPC1,-1.229737149631648,NA,0.2187955505607042,0.0032540765089521,0.04947874220921143,0.007471808071003664,NA,37,40,40,0.0006869168271995666,0.062394977920762325
ENSG00000163281.11,GNPDA2,-1.2295555861869212,NA,0.21886357035145942,0.013517085209741129,0.21513566163551612,3.2372006492703268e-09,NA,30,31,31,0.12876167236448924,0.1236818140990423
ENSG00000183291.15,SELENOF,1.2245559851480152,NA,0.22074256024253336,0.008427108620169694,0.17224329371318076,1.612348630215207e-07,NA,24,27,27,0.003517742705139319,0.04102864731046362
ENSG00000183828.14,NUDT14,1.2240440557534276,NA,0.22093560848084226,0.06668812579788008,0.4730072867169499,4.6173750265603747e-23,NA,32,40,40,0.11451143377015632,0.07585988342033306
ENSG00000245937.7,LINC01184,-1.2239553427448937,NA,0.22096907439897728,0.02832088036631638,0.20526602469769076,6.8592427262555e-09,NA,43,43,43,8.269000841227823e-05,0.1814745877472846
ENSG00000171793.13,CTPS1,-1.2237551438023062,NA,0.22104461040209133,0.01689239767109675,0.07592080104988533,0.0008487206905696782,NA,38,43,43,1.988194779232667e-06,0.10579823088391473
ENSG00000162728.4,KCNJ9,-1.2201446114633674,NA,0.22241005950450643,0.008231395607587535,0.04760275027031794,0.0086996499700754,NA,25,26,26,0.015635930126634525,0.058951657182251316
ENSG00000104524.13,PYCRL,1.2200286782637588,NA,0.22245400354848943,0.004763692304594695,0.1115660475996045,3.3178157321894044e-05,NA,22,25,25,9.95686737619807e-06,0.047763056730402924
ENSG00000169231.13,THBS3,1.220021381676877,NA,0.22245676950026638,0.003246351115053523,0.0283883166840944,0.04305773145990287,NA,10,10,10,0.03252380586869913,0.05993024885612504
ENSG00000183889.12,AC138969.4,1.21791122746466,NA,0.2232577091670146,0.011191113533700874,0.031204696806308937,0.0342395426093791,NA,8,9,9,0.06094165457792353,0.10125178864423533
ENSG00000112149.9,CD83,-1.2166182926779376,NA,0.22374947953446667,0.044658382723368695,0.06112971660183979,0.0013119505185273928,NA,68,72,72,0.00034495804011519684,0.4670246939362074
ENSG00000182698.11,RESP18,-1.21506979641885,NA,0.2243394720836921,0.03570475890236257,0.2452089121433212,3.199288734588795e-11,NA,20,24,24,1.5062854257248296e-06,0.0964356694145834
ENSG00000138757.14,G3BP2,-1.2141263457340277,NA,0.22469948090074132,0.0017769689662515448,0.0978111188241608,0.0001321201198095912,NA,27,28,28,0.0039060815151981767,0.023707753461788574
ENSG00000167977.8,KCTD5,-1.214040991544986,NA,0.2247320713278751,0.0020696909965529356,0.027722429153246908,0.04995222983172019,NA,9,11,11,0.07986648746285561,0.06806727914352191
ENSG00000005020.12,SKAP2,1.2129426440459499,NA,0.22515175007500665,0.012601217553696323,0.09415283846401017,0.00019282224677455637,NA,43,43,43,0.0072235135268460164,0.2062068149562757
ENSG00000119147.9,C2orf40,1.2116280233557812,NA,0.2256548024402244,0.03081833312053807,0.11638099333710265,2.296109484581384e-05,NA,84,86,86,0.0001054884778653622,0.1485869035174216
ENSG00000235209.1,CTA-150C2.13,1.2042317422755455,NA,0.22850002049643836,0.03396812099074954,0.09924420517192184,9.875483243483304e-05,NA,65,68,68,2.123601053971949e-06,0.14888058403539212
ENSG00000166436.15,TRIM66,1.203280553519841,NA,0.22886777174573836,0.045682849554377666,0.37351388329823176,1.5239516702464068e-17,NA,39,52,52,3.318025617761154e-05,0.13157665631120613
ENSG00000134815.18,DHX34,1.2030950947707924,NA,0.22893952338190748,0.011809527908715253,0.10008077587751286,8.220657316948435e-05,NA,46,47,47,4.742715761111162e-20,0.03768860275108698
ENSG00000197497.10,ZNF665,-1.2029724164365894,NA,0.22898699487093532,0.00995584782764464,0.03026600305780652,0.039287123326910485,NA,19,25,25,2.101910273809146e-05,0.061730616888275164
ENSG00000205531.12,NAP1L4,1.199108930450117,NA,0.23048559204638774,0.002004210722783987,0.032304345360419186,0.03256074698104881,NA,7,7,7,3.577513537179715e-05,0.03214959724496618
ENSG00000151229.12,SLC2A13,1.1990786566472695,NA,0.2304973623348655,0.0055686739127603704,0.1343795368834078,6.835098024700874e-06,NA,24,24,24,0.14880390387191267,0.025642611406291656
ENSG00000219626.8,FAM228B,-1.1988468095761249,NA,0.23058751737071337,0.051307819946402586,0.17356854140151806,2.2036792486511803e-08,NA,52,52,52,1.568963867004495e-64,0.1866454733096701
ENSG00000213699.8,SLC35F6,1.1986155823852453,NA,0.230677456324211,0.0151736546628023,0.03535556886743686,0.023010697485129863,NA,26,28,28,4.009141721097011e-05,0.169124854359087
ENSG00000255837.1,TAS2R20,1.1975214082617138,NA,0.23110338833818567,0.016649899877569513,0.200271010586178,1.4225081312245583e-08,NA,5,29,29,0.1975444924780826,0.11833574383351088
ENSG00000178585.14,CTNNBIP1,-1.197385521217969,NA,0.23115632442239642,0.0021280884874561386,0.06853940095392927,0.0011695152951184116,NA,4,5,5,0.2741291786733401,0.055541896387852015
ENSG00000168036.16,CTNNB1,1.1973225346845187,NA,0.23118086434442797,0.0132540033793033,0.10974324325689612,3.27809129240586e-05,NA,18,19,19,5.049505238512614e-07,0.05392244145184965
ENSG00000141971.12,MVB12A,-1.1962342827183174,NA,0.23160514594034654,0.005542687213226221,0.08367245387052541,0.00033729131837652114,NA,20,25,25,0.0004244154957063933,0.1093904727698694
ENSG00000214113.10,LYRM4,-1.1954667740043572,NA,0.23190471028894977,0.008983221325438358,0.12811381039647646,4.260869913991684e-06,NA,19,19,19,0.01600669169507411,0.13162057454868478
ENSG00000154328.15,NEIL2,1.1941945030213212,NA,0.23240189286109447,0.011302244941578641,0.10004019368116604,9.398442832284632e-05,NA,20,20,20,0.052118886702615226,0.05983770164331394
ENSG00000134548.9,SPX,1.193405558404037,NA,0.23271057915358595,0.0020042300504716434,0.03640243457708189,0.023244651963151924,NA,5,5,5,0.10091800185192368,0.023818041601025398
ENSG00000188234.13,AGAP4,1.1933526494618907,NA,0.23273129096563316,0.0007086880791111246,0.518184084814702,2.2999964577613848e-29,NA,6,16,16,0.042303108919986,0.034544347195618816
ENSG00000243646.9,IL10RB,1.193074279518134,NA,0.23284028361302045,0.01821218566747805,0.2445788253948648,6.58334423513927e-11,NA,12,12,12,0.015319270091361076,0.1511657643494581
ENSG00000112874.9,NUDT12,1.1916621223354933,NA,0.23339375577154542,0.003986017006272833,0.13385881785241827,5.7912805854443765e-06,NA,29,31,31,0.06425375994402922,0.0429835810078461
ENSG00000090924.14,PLEKHG2,-1.191586752695712,NA,0.2334233218819285,0.005210675915919958,0.03533497463578557,0.0240792328716788,NA,27,28,28,0.07162818686517348,0.04415660479755152
ENSG00000239521.7,GATS,1.1914298917945252,NA,0.23348486401554724,0.0032643097300742215,0.03757613050154879,0.01887223508804206,NA,17,17,17,9.87160686013212e-07,0.04311165822502589
ENSG00000268836.1,LA16c-OS12.2,1.190285462307634,NA,0.23393421271228299,0.09082313606513986,0.22463155984816197,1.176884491684866e-09,NA,22,22,22,0.00735560484831887,0.411108550713956
ENSG00000267605.5,CTD-3220F14.1,1.1892782043119134,NA,0.23433020919203296,0.03449883250689635,0.07050851448090709,0.0011156004122331283,NA,24,26,26,0.04965517142481486,0.3155481017650344
ENSG00000187688.14,TRPV2,1.1888326321861251,NA,0.23450553419112896,0.07545064151494135,0.34723317141221177,1.4772331067747526e-15,NA,39,40,40,0.002240684459503722,0.30429862500435145
ENSG00000137824.15,RMDN3,-1.1882644362281765,NA,0.2347292443318899,0.026367852805922083,0.1295313584347033,4.697728336357319e-06,NA,54,59,59,6.919578017137475e-07,0.14960608388323768
ENSG00000164346.9,NSA2,1.1880990138241843,NA,0.23479440284528552,0.10951218131782922,0.5039452388987296,1.7377727012489522e-25,NA,32,33,33,0.051354248376258536,0.08837845021237306
ENSG00000204677.10,FAM153C,-1.1879734765493037,NA,0.2348438594846456,0.0012998003967852763,0.042838417628952435,0.011745931638664992,NA,10,10,10,0.10676667150056363,0.047451955827355737
ENSG00000107185.9,RGP1,-1.1878999625021474,NA,0.23487282448823232,0.0020436922654892484,0.10787214000899717,7.014604655115611e-05,NA,4,4,4,0.2180279160798867,0.05479526829588178
ENSG00000113580.14,NR3C1,-1.1859916834954585,NA,0.23562558383736876,0.0023595663063894017,0.08904885350429423,0.0002937351721600216,NA,16,17,17,0.18845976816693388,0.043293516386660666
ENSG00000057468.6,MSH4,1.1859008208614006,NA,0.23566146897589535,0.04737121038621055,0.1858963627753486,3.5718613360619615e-08,NA,47,50,50,0.07303926605589876,0.07278049516064855
ENSG00000251417.2,RP11-1348G14.4,-1.1831943157873546,NA,0.23673214522955988,0.017409295219047168,0.11008796253252492,5.000264372356964e-05,NA,7,7,7,0.11940267697174305,0.03926783147848967
ENSG00000180185.11,FAHD1,1.1828685141195954,NA,0.23686126182023481,0.030726225263584213,0.4358615256315447,1.595979547047859e-22,NA,62,64,64,0.21676528763074632,0.05177272842978778
ENSG00000246067.7,RAB30-AS1,1.1822016321808966,NA,0.23712570517850018,0.027386302805822854,0.12606350656864582,1.229927421038771e-05,NA,32,32,32,0.08086927113604389,0.23565034676548016
ENSG00000148218.15,ALAD,-1.181348230140599,NA,0.23746441488820103,0.01257943190978331,0.045450429215082286,0.010339568856283109,NA,52,55,55,0.000123331372470653,0.06877184400944965
ENSG00000232956.8,SNHG15,-1.1812341464449676,NA,0.2375097198502062,0.029953815703331776,0.11794811980812706,2.8938573834258705e-05,NA,63,64,64,0.0011745824298829556,0.08291523948002949
ENSG00000182325.10,FBXL6,-1.178914477065493,NA,0.23843223240965206,0.004054186610736591,0.05249286511238957,0.006299498419141034,NA,7,10,10,0.1163013801269315,0.0404155566445548
ENSG00000259865.1,RP11-488L18.10,-1.1782681149751584,NA,0.23868973500284596,0.018742289268922095,0.17981666861631218,7.137775194910571e-08,NA,46,50,50,0.2188652598798163,0.05816843145911455
ENSG00000256269.7,HMBS,1.1756467999220812,NA,0.23973604579907004,0.009137857097338905,0.06589627946581314,0.0020801291887143952,NA,15,16,16,0.035271283941801714,0.10684899845329786
ENSG00000112280.15,COL9A1,1.1742163886873438,NA,0.24030836324497395,0.013222705692180413,0.05003311773861265,0.0072741762887879,NA,40,43,43,0.0014060528745138063,0.08518330600182045
ENSG00000145416.13,MARCH1,1.173413297802982,NA,0.24063010714995636,0.004753361871743238,0.04696109096147458,0.009644039081406007,NA,114,117,117,9.211941895776859e-09,0.132820396104157
ENSG00000114857.17,NKTR,1.170993114642423,NA,0.2416015447757882,0.0021468915873623907,0.08615448424007653,0.00031770540799835943,NA,11,12,12,0.003100394914258125,0.018507577710497804
ENSG00000163162.8,RNF149,1.170955914225092,NA,0.24161649816489794,0.03694382404870895,0.19211554987201965,2.578006787848775e-08,NA,56,57,57,3.7785613423218096e-05,0.11552998345727553
ENSG00000231742.5,LINC01273,1.170563355238283,NA,0.2417743341459727,0.064950330680012,0.17906409995348213,9.1578966370323e-08,NA,28,33,33,0.0022659332124198976,0.16682664212555445
ENSG00000228140.1,RP3-467K16.4,1.1684098154512994,NA,0.24264149757769504,0.015200572045837609,0.13143184290383605,5.745468586682533e-06,NA,45,52,52,0.000717179572412848,0.08414089522940563
ENSG00000224944.1,CASC6,-1.1664987798808615,NA,0.24341284161143772,0.008282075864867828,0.1453085047557313,1.3754631455273723e-06,NA,10,11,11,0.0023179347721430698,0.041948419146877365
ENSG00000135643.4,KCNMB4,1.1647646936648295,NA,0.24411425392722153,0.015096728234050534,0.15219066989352367,7.942545671555977e-07,NA,52,54,54,0.08725466823512339,0.08097903441191727
ENSG00000143891.16,GALM,1.1647398705623275,NA,0.2441243048000573,0.028936828561337273,0.1911809374627356,1.2690409641940472e-08,NA,13,14,14,0.1280107646398473,0.11206339041159302
ENSG00000174720.15,LARP7,1.164546462074876,NA,0.24420262583896335,0.009410906306056677,0.06521822748932292,0.0017505077660072872,NA,62,64,64,0.0018108794934566872,0.10848216195262096
ENSG00000260947.1,RP11-384P7.7,-1.1641981424492567,NA,0.24434372285950245,0.02208506597410933,0.16039703275273975,4.6928270140084e-07,NA,18,18,18,1.5956742530064416e-06,0.050105165403465136
ENSG00000241852.9,C8orf58,-1.1639644030634886,NA,0.2444384378992308,0.0014740073354517589,0.04662283691917345,0.00879771675843738,NA,10,11,11,8.189984864138296e-06,0.01845759377796723
ENSG00000173272.15,MZT2A,1.163775192295705,NA,0.244515128086378,0.003232193032605963,0.037716593221871215,0.015278476661003222,NA,5,9,9,0.007559063073367564,0.19632417635817814
ENSG00000187609.15,EXD3,-1.161868709665452,NA,0.24528879893603361,0.00481775976943529,0.07852100858605901,0.0007611643316947283,NA,6,7,7,0.032765763059766244,0.11089009237612776
ENSG00000230658.1,KLHL7-AS1,1.161124147427006,NA,0.24559141598002743,0.338095458103401,0.6436537177973299,1.294313705955777e-38,NA,35,35,35,0.0819995272909019,0.20490156591476688
ENSG00000203999.8,LINC01270,1.1581506667072223,NA,0.2468025565586297,0.011395755577358252,0.03863324801966213,0.01725388561504171,NA,10,11,11,0.12491038497554864,0.09700147200357244
ENSG00000115350.11,POLE4,1.1573254158191808,NA,0.24713943340338795,0.017499146348353874,0.11896677069238876,1.3324403335543319e-05,NA,33,36,36,5.867820449247659e-06,0.06986247646857183
ENSG00000196072.11,BLOC1S2,1.1571597313731783,NA,0.2472071064866409,0.011502628739015568,0.1963968168648956,8.161697764723223e-10,NA,20,21,21,0.16405572738566565,0.018636174091271468
ENSG00000157379.13,DHRS1,-1.1568396177537819,NA,0.24733789224064118,0.05022307792850034,0.23835914046198034,3.139809330082932e-10,NA,18,18,18,0.022529738031895476,0.15042859863658364
ENSG00000149541.9,B3GAT3,1.1556433961841412,NA,0.24782704979394277,0.0049837992248575845,0.1726256273243688,4.712480726713166e-08,NA,9,9,9,0.15286626328080613,0.04582170200909391
ENSG00000133706.17,LARS,-1.1556272892314818,NA,0.24783364084709014,0.05441264219356701,0.2779847508211711,5.000036756230057e-12,NA,36,36,36,2.036401691008257e-72,0.08037774716276876
ENSG00000182674.5,KCNB2,-1.1548471881007412,NA,0.24815300937091944,0.013336932359023036,0.08089424481518286,0.0005542983386408711,NA,96,105,105,0.0013107619456869345,0.0923491529094756
ENSG00000175264.7,CHST1,1.154699790353248,NA,0.24821338541710747,0.0029517596953581664,0.055783098608631,0.005073210203871747,NA,14,15,15,2.585515826000529e-07,0.05704222143090449
ENSG00000212127.5,TAS2R14,-1.1534124895092586,NA,0.24874111754398287,0.0013766014673635067,0.19782243426903032,2.5570824956862486e-08,NA,10,43,43,0.20954536970494075,0.1172231256946504
ENSG00000138363.14,ATIC,-1.1520988718013454,NA,0.24928044669828653,0.030314333648139794,0.16712078860145554,2.515888510941898e-07,NA,24,25,25,0.025139797324518782,0.10931924345138956
ENSG00000100197.20,CYP2D6,1.1512670560804337,NA,0.24962238583522212,0.006333956381548961,0.35450612832918765,1.9856271776654167e-16,NA,12,30,30,0.010914758435442408,0.07773148276811881
ENSG00000182621.17,PLCB1,1.1498542953205024,NA,0.2502038880582269,0.0004227913769358733,0.10357179439013572,5.3365891713810296e-05,NA,2,2,2,0.21157419616683826,0.017015717146699437
ENSG00000161265.14,U2AF1L4,1.1496595146643094,NA,0.2502841352897287,0.020713706738896005,0.2268116083599464,5.943564095463018e-10,NA,17,22,22,0.15046017819776658,0.1159628364503744
ENSG00000100156.10,SLC16A8,-1.145509124599728,NA,0.25199831782437876,0.014588156449463797,0.10482180758966976,7.168873565102874e-05,NA,28,29,29,9.512485930036227e-07,0.042798883928765935
ENSG00000213533.11,TMEM110,1.1453168166200436,NA,0.2520779422865197,0.011261111047992538,0.03580512307706432,0.02443941656431166,NA,35,36,36,1.2050732213730077e-07,0.07778454931788638
ENSG00000257086.1,RP11-783K16.13,-1.14439948565768,NA,0.2524580014336244,0.07349901972906753,0.16178003276073558,6.253681618710693e-07,NA,26,29,29,1.4819604920255448e-06,0.20924391009092555
ENSG00000106399.11,RPA3,1.1438783208898238,NA,0.2526741028852132,0.007627455782594637,0.11174919364841547,4.0915355770530295e-05,NA,16,16,16,0.0030412528381707276,0.0538433177551585
ENSG00000263528.7,IKBKE,1.1438729134203294,NA,0.2526763457728767,0.013542880572146273,0.08126456824608234,0.0004884757324709085,NA,34,44,44,0.13298404182329657,0.0742027689463038
ENSG00000133661.15,SFTPD,1.141753855173102,NA,0.2535563480850268,0.04931980993391396,0.2563040310831617,1.7881092122501915e-11,NA,37,39,39,0.0018495952852731754,0.09540650789028264
ENSG00000277526.4,RP11-378A12.1,-1.141432666559659,NA,0.2536899172713786,0.024844885010073446,0.1192914206206921,1.8543091210052327e-05,NA,5,6,6,0.08717821061459477,0.16124847725675076
ENSG00000111077.17,TNS2,1.1408553593772437,NA,0.2539301188125356,0.010365832917831927,0.3510890982968439,1.3188230149580536e-15,NA,39,40,40,0.04886629969966795,0.05533337799264016
ENSG00000105072.8,C19orf44,1.1403630008151944,NA,0.2541351006208451,0.038240952876392384,0.17957087403691332,3.1288440433566106e-08,NA,42,45,45,0.00033908094883865534,0.11129012146156927
ENSG00000244486.8,SCARF2,1.1402668378488734,NA,0.25417514922850715,0.016479272934081465,0.0682847557323423,0.0016702636751312885,NA,34,37,37,3.904489372607357e-08,0.09632935234037464
ENSG00000203791.14,METTL10,1.1402296038582789,NA,0.25419065709970956,0.030383843348524665,0.18350644324655352,3.896936948905087e-08,NA,69,72,72,0.0016851681321281193,0.09754533491836556
ENSG00000105792.19,CFAP69,-1.1395743770375848,NA,0.2544636653036024,0.00835584109749126,0.11246643986555616,3.266936412332583e-05,NA,63,65,65,0.0710352267176455,0.05874341442770265
ENSG00000265912.1,RP11-583F2.2,-1.1372669226859666,NA,0.25542671797803806,0.010021835964712712,0.031567331204648955,0.03291604056803656,NA,20,21,21,0.004472522484715739,0.2024547231688968
ENSG00000140830.8,TXNL4B,-1.1371168311794373,NA,0.2554894486878112,0.02201030161719042,0.14408263082368675,2.002065004078289e-06,NA,15,19,19,4.4691366837723605e-05,0.14276541710088314
ENSG00000100360.14,IFT27,1.1356685067984416,NA,0.25609532574625893,0.03835684363146544,0.19030092571533408,4.226376144144935e-08,NA,80,86,86,2.6914459561976788e-14,0.11493639868645257
ENSG00000183426.16,NPIPA1,-1.1348662605865918,NA,0.25643135835226283,0.12799556786839558,0.39265017864369217,7.535107182303016e-19,NA,58,66,66,0.0006078586455927361,0.3949997164326108
ENSG00000107290.13,SETX,1.1346537280047204,NA,0.25652043202658237,0.03796257752645851,0.09373814889106316,0.0001366248110766211,NA,117,132,132,3.2000748383621432e-09,0.35276609347564536
ENSG00000153113.23,CAST,-1.1337303605420201,NA,0.256907670275516,0.03596266415491482,0.3051872234358927,3.027071217873367e-14,NA,26,27,27,0.01841028123334372,0.11046762855031687
ENSG00000129673.9,AANAT,-1.1330895180762384,NA,0.2571766627142653,0.009238033808536172,0.11549482399440487,2.7293732419258168e-05,NA,15,17,17,3.483818308347534e-05,0.1044747794678324
ENSG00000213967.10,ZNF726,1.1320071771289542,NA,0.2576314170262668,0.005179289182504845,0.05062886579918872,0.005625514292298618,NA,5,5,5,0.12182066703781477,0.05725927654604609
ENSG00000163702.18,IL17RC,1.1310446705209742,NA,0.2580362903072171,0.001892061470374461,0.03258289184214369,0.029247497956361355,NA,18,19,19,0.051832575365414524,0.06592206518388931
ENSG00000234177.5,LINC01114,-1.1298688221931499,NA,0.25853150311400075,0.024746770258658,0.19682275179014028,1.5326093621200048e-08,NA,44,48,48,0.012263785961247506,0.07651920790873049
ENSG00000130244.12,FAM98C,1.128796598947452,NA,0.25898364771685956,0.003943136854248809,0.09671137678222293,4.688549209468076e-05,NA,3,5,5,0.001439493213915897,0.11473286563590615
ENSG00000093183.13,SEC22C,1.1287688249562366,NA,0.2589953669746883,0.005046507730503217,0.0633383469766927,0.0019229366545530366,NA,24,26,26,0.0007262349941546538,0.040383900811492165
ENSG00000123384.13,LRP1,-1.1277364360644333,NA,0.2594312449663506,0.0006167508252144387,0.030215648909504955,0.03764304322009985,NA,5,5,5,0.09834554314656517,0.03279571645764219
ENSG00000166478.9,ZNF143,-1.1274334851363768,NA,0.25955924820499277,0.024538639219080848,0.10066350890123726,6.7531115046965e-05,NA,26,28,28,3.2020154363258946e-07,0.14659067479287666
ENSG00000048471.13,SNX29,1.126828270411227,NA,0.25981509529371294,0.00930892821917188,0.030074278427198207,0.040128750644497696,NA,34,34,34,0.008156886329860526,0.36013250059821145
ENSG00000237667.5,LINC01115,1.1255987484763557,NA,0.2603353980843567,0.024646481152269445,0.08836418239115071,0.00035379410436403596,NA,40,41,41,0.11282528265935353,0.18758930370761276
ENSG00000242110.7,AMACR,-1.124954091983707,NA,0.26060848844898943,0.06625864123738127,0.4299787349967981,1.9645570833628195e-20,NA,29,35,35,5.6064216809754514e-05,0.09493184657215696
ENSG00000162994.15,CLHC1,1.1235796307683135,NA,0.2611914013459393,0.03525452420464542,0.24649259737742785,5.012881381786362e-11,NA,6,6,6,6.58669831971088e-06,0.11710989584827122
ENSG00000183281.14,PLGLB1,1.1228425035257965,NA,0.2615043902154256,0.019126812432239973,0.08705301124910729,0.0002755831195306895,NA,63,73,73,0.05313477790173011,0.13886332208926885
ENSG00000123739.10,PLA2G12A,-1.1223859789930162,NA,0.26169836336047436,0.050068588508092024,0.20736596688235515,8.511088361168887e-09,NA,75,80,80,0.0043468959458367136,0.508817286708176
ENSG00000103510.19,KAT8,1.1207019828395197,NA,0.2624147379056051,0.013508245836588094,0.15341265021737058,1.4169614406869664e-06,NA,25,25,25,0.029145453503852742,0.08499655265243385
ENSG00000247400.3,DNAJC3-AS1,-1.1192166855479795,NA,0.26304770880155903,0.024096375928960946,0.06942845590083939,0.0015742170186059431,NA,45,46,46,0.002310761703153214,0.10185635675679547
ENSG00000171425.9,ZNF581,1.116425747523005,NA,0.264239937416447,0.0008323443309878821,0.027192042488622472,0.047259192747866184,NA,3,3,3,0.25999781289660895,0.058984967141041324
ENSG00000175548.8,ALG10B,-1.1159484544152165,NA,0.26444419923830376,0.011099888306270896,0.0875511148738961,0.00034032011992823067,NA,18,18,18,0.0004526449975034574,0.09306483090045704
ENSG00000095383.19,TBC1D2,-1.1155820204306606,NA,0.26460109176024726,0.03834283594233423,0.3338963460626396,1.4199507883665121e-14,NA,34,38,38,0.0004697802008364483,0.06769707863176642
ENSG00000116761.11,CTH,1.114801160220874,NA,0.2649356391881764,0.008390185202512744,0.0339629888027865,0.02942673410978375,NA,27,27,27,1.259021262298267e-07,0.1194438512766472
ENSG00000144119.3,C1QL2,-1.1143985579016582,NA,0.2651082417290773,0.01552626530966881,0.126556885414821,1.3791801615342594e-05,NA,52,54,54,0.001454677466322664,0.06561859746227333
ENSG00000064607.16,SUGP2,1.1139400846602334,NA,0.2653048914225433,0.00332720070779904,0.04202113330519098,0.010725918327021888,NA,30,31,31,0.0013611816469749904,0.04870669022313435
ENSG00000088854.12,C20orf194,-1.1138905339048522,NA,0.26532615089364,0.0016210252065616921,0.05165728759954677,0.005449045050094002,NA,5,5,5,0.22240919420752392,0.04038270767938501
ENSG00000149089.12,APIP,-1.1129735852543168,NA,0.26571977430896265,0.19818905107975082,0.6456585935720626,1.3245954009821152e-38,NA,40,41,41,0.20877488533710464,0.19405324409204955
ENSG00000117222.13,RBBP5,-1.1127608334406236,NA,0.2658111608512064,0.007148291496925706,0.06112795191339983,0.002304265771984155,NA,30,33,33,1.6076024919489056e-05,0.09260584201573742
ENSG00000163964.14,PIGX,1.1127112876060075,NA,0.26583244613793633,0.0056075860907436855,0.07824662093041203,0.0006395151008542172,NA,17,22,22,0.0028703048172979443,0.06387947212753359
ENSG00000185201.16,IFITM2,-1.1113882924543983,NA,0.26640124950398303,0.007619496140176898,0.1393732518981586,3.954360426425464e-06,NA,18,23,23,0.10819010532705482,0.2163461301050893
ENSG00000272010.1,CTD-3025N20.3,-1.111344209599768,NA,0.2664202167215617,0.026246905432336112,0.2002806976004738,1.2885415836766814e-08,NA,42,42,42,6.029091466375177e-18,0.04611728408611092
ENSG00000091704.9,CPA1,1.1112210730856702,NA,0.2664732027202874,0.02912315939531043,0.03693431288260854,0.021903277522447157,NA,24,26,26,6.652001539697289e-06,0.3090606634352053
ENSG00000159199.13,ATP5G1,-1.1110768245471607,NA,0.2665352825062448,0.0018317347061131558,0.03367818953637177,0.028913559400344825,NA,32,32,32,4.983074999750984e-09,0.02478337542956406
ENSG00000198203.9,SULT1C2,-1.1108271927201483,NA,0.26664273927393467,0.05676187660437213,0.27890506095588474,1.720319699613914e-12,NA,7,9,9,0.10912972579548633,0.2288148354813309
ENSG00000119673.14,ACOT2,-1.1107129681971106,NA,0.2666919184150959,0.07931235053985704,0.17458412838319282,6.483225100970127e-08,NA,51,58,58,0.025580592317385336,0.7800337698920906
ENSG00000078487.17,ZCWPW1,1.109910302320932,NA,0.2670376806037924,0.022829347842387722,0.23819173066732624,2.762325938136563e-10,NA,34,36,36,1.443604242335534e-06,0.05998757089328635
ENSG00000008130.15,NADK,-1.107811818826111,NA,0.26794309476994005,0.0017842904195506171,0.040572203531510885,0.013623311479921196,NA,22,24,24,0.05365915351201429,0.025409798043410318
ENSG00000139971.15,C14orf37,1.107561283031962,NA,0.26805133203341447,0.00034606245686457087,0.038994877260757184,0.019623296176568838,NA,10,11,11,0.004833406155227047,0.02340839947998324
ENSG00000198182.12,ZNF607,-1.106609291354759,NA,0.26846288841751675,0.03219500309863266,0.15948427580959507,2.0463244719102534e-07,NA,39,40,40,9.883333240216091e-05,0.05268654051730759
ENSG00000152076.18,CCDC74B,-1.1017160108418034,NA,0.2705851540786094,0.006998344651981096,0.05099205048995244,0.006630912071249564,NA,31,32,32,0.21987371866686034,0.05123817587317566
ENSG00000257315.2,ZBED6,1.101493004859341,NA,0.27068214729095397,0.009646335008569592,0.033593647116150274,0.02848098685243447,NA,13,13,13,0.005989291518747028,0.06362977496796073
ENSG00000198468.7,FLVCR1-AS1,1.0990058565141525,NA,0.2717655113917973,0.2608977611748037,0.4844384427791338,2.9909026471129974e-24,NA,46,46,46,0.0038775628497381386,0.1340084795833698
ENSG00000143867.6,OSR1,-1.0989875045499682,NA,0.27177351624817125,0.00854019723723468,0.026977889323076168,0.04511410938071471,NA,34,34,34,0.031113695897201678,0.07393704040085974
ENSG00000237292.1,LINC01732,-1.0984380210361138,NA,0.2720132676483019,0.008180863322817452,0.0353744032223225,0.025414281331368083,NA,24,25,25,1.096274854234335e-06,0.13511164073180826
ENSG00000025708.13,TYMP,1.0983992669552989,NA,0.27203018234633836,0.005213902492722826,0.05709141407958032,0.0042600610061654135,NA,12,13,13,0.0058002258335645126,0.0835256694438656
ENSG00000150687.11,PRSS23,-1.0978864144013354,NA,0.2722540910027985,0.030790800689419282,0.03019982887801276,0.03326730146010808,NA,60,61,61,0.0008751325135054069,0.1405921906521132
ENSG00000170100.13,ZNF778,-1.0963211237993138,NA,0.2729382683078796,0.025364422957057358,0.08520897139705368,0.00014228798628382886,NA,11,13,13,0.05892339149484277,0.6691059910955883
ENSG00000175287.18,PHYHD1,-1.0960811302201772,NA,0.27304327166915565,0.0224787318240096,0.11153009860072197,4.4208961295748435e-05,NA,52,61,61,9.736366383198006e-06,0.11035964720440528
ENSG00000121413.12,ZSCAN18,-1.0938406093592394,NA,0.2740248901110478,0.0022456620716856225,0.05570763027096929,0.004487889079455225,NA,9,11,11,0.030824083681179608,0.0505534466182322
ENSG00000171777.15,RASGRP4,-1.0936917066574097,NA,0.27409021280620816,0.0003312657000054407,0.030008031762123445,0.03759514317049989,NA,1,1,1,0.27409021280620816,0.02764314940193379
ENSG00000242265.5,PEG10,-1.0923081260768341,NA,0.2746976897949137,0.0023809521920398037,0.06711090483051434,0.0017938591429362985,NA,12,12,12,0.05320707276344877,0.045078731838938006
ENSG00000100220.11,RTCB,1.0916740894317627,NA,0.2749763778609421,0.0005134057357076578,0.030035980248494205,0.038300819104982335,NA,1,1,1,0.2749763778609421,0.03625658329113611
ENSG00000109501.13,WFS1,1.0912958744436705,NA,0.2751427125073198,0.017809521223663468,0.03614828869078075,0.021678679893082267,NA,76,82,82,2.1252162048502027e-05,0.1114845503283562
ENSG00000100242.15,SUN2,-1.091283588257408,NA,0.27514811698371167,0.005570226566899806,0.12554745591744487,1.3215142727282887e-05,NA,43,46,46,0.0001264279436457557,0.05036448216750192
ENSG00000245975.2,RP11-30K9.6,-1.0903728571824958,NA,0.27554893327832863,0.03328863656910424,0.10834756361674887,5.284858872182749e-05,NA,19,20,20,0.035546259178727696,0.3451368633030302
ENSG00000034533.11,ASTE1,-1.0896324476232981,NA,0.2758750838829328,0.010487443472131878,0.03630410935516405,0.020384434795686083,NA,26,26,26,0.18780952579012866,0.20686419955013374
ENSG00000106571.12,GLI3,1.0892047304375192,NA,0.27606361336797836,0.0015217159880594488,0.043126163094765406,0.011682342442567543,NA,3,4,4,0.24514582173040078,0.029696822950928983
ENSG00000152749.7,GPR180,-1.0889766006242807,NA,0.27616420451299895,0.04780481103701924,0.32446633686819937,1.1799028895661431e-14,NA,18,19,19,0.02234636854140369,0.06552693457593205
ENSG00000185838.13,GNB1L,-1.0865467045258321,NA,0.27723718951361,0.01941004888406534,0.10652189709278073,7.436641684726932e-05,NA,24,28,28,0.009427400437451048,0.11061560949163984
ENSG00000186642.15,PDE2A,1.0855806585331014,NA,0.2776645607060618,0.0012675175194770743,0.027115656943163587,0.04721103983574945,NA,9,10,10,0.12196977230164845,0.039500830323943435
ENSG00000197880.8,MDS2,-1.085109172122863,NA,0.27787330543976585,0.06231412640753996,0.043170195045831014,0.01284746839302562,NA,66,72,72,2.7276998447000607e-08,0.17453664828778134
ENSG00000130159.13,ECSIT,1.0849543021179713,NA,0.27794189551162474,0.00035354652076270384,0.03935412392765302,0.015669918646164877,NA,5,6,6,0.1864051584335874,0.07128694067486695
ENSG00000164520.11,RAET1E,1.0843926984446235,NA,0.27819071974126086,0.052532111444866324,0.09015108863839216,0.0003108202857260588,NA,49,55,55,2.432737315199329e-05,0.2357008316331821
ENSG00000181856.14,SLC2A4,-1.0835225958066574,NA,0.27857652693317436,0.004880680099795946,0.06591103724060174,0.00180176561787232,NA,12,13,13,0.007941486900674867,0.04696049686959644
ENSG00000129932.7,DOHH,-1.0834967189377442,NA,0.27858800641825243,0.003788577539252211,0.051170124871798194,0.005930327596020008,NA,16,21,21,0.00031257299342045424,0.061930591064801775
ENSG00000205937.11,RNPS1,-1.0823991165574551,NA,0.27907522067829604,9.705439605580528e-05,0.0432290502228926,0.013419926465437779,NA,3,7,7,0.11045026967437771,0.020644010877056102
ENSG00000051596.9,THOC3,1.0821510692714646,NA,0.2791854065140996,0.001413473180791778,0.3152844108609082,8.657285489978466e-14,NA,14,16,16,0.07319410302440613,0.03691811197264228
ENSG00000175920.16,DOK7,1.0821157008529318,NA,0.27920112003594866,0.0701148494081564,0.1873560104491769,3.123458845411143e-08,NA,65,79,79,1.1955376930498896e-11,0.3505894864032111
ENSG00000151806.13,GUF1,1.081439566332711,NA,0.2795016295087617,0.034572031910478945,0.2602119953353082,3.11544235671509e-11,NA,18,18,18,0.24907972274031187,0.06400224810489376
ENSG00000132406.11,TMEM128,1.0809550771865413,NA,0.27971709695867986,0.043999023941466694,0.1963826740920372,1.6586327671731778e-08,NA,73,84,84,0.0010043870752069104,0.23630599793588214
ENSG00000254427.1,RP11-430H10.1,1.0801544301169566,NA,0.28007341710057343,0.08874945742604336,0.3520393950372963,2.314289093696116e-16,NA,13,13,13,0.1579885927956325,0.36452005229097656
ENSG00000130332.14,LSM7,-1.0799429173084387,NA,0.28016760028307075,0.023131779190353134,0.27165455586972714,2.306096139403766e-12,NA,9,11,11,0.0013869915040441406,0.09871699277197707
ENSG00000271751.1,RP11-110I1.14,-1.0794274186626853,NA,0.28039723349255685,0.054511408728358336,0.1531126756668203,6.364928993607254e-07,NA,18,18,18,4.8452475235496883e-20,0.11503363609286105
ENSG00000170448.11,NFXL1,-1.0790436551270668,NA,0.280568267181176,0.01584998528146571,0.16570951833520167,3.421367777519861e-07,NA,20,22,22,2.472897280090378e-11,0.1689828946989308
ENSG00000170209.4,ANKK1,1.077996825141686,NA,0.28103517297716407,0.0046034335282615696,0.07091594772111523,0.001036257534147726,NA,16,19,19,7.894781989472489e-06,0.10135927808898626
ENSG00000226091.7,LINC00937,-1.0777930164317815,NA,0.2811261367907828,0.005185029442797251,0.06775317212684538,0.001618158301390264,NA,32,48,48,0.01570793769193152,0.05511099058239402
ENSG00000078618.21,NRDC,-1.0768990900691302,NA,0.2815253496661577,0.005959195820372649,0.037707292600500486,0.017752493894938437,NA,7,7,7,0.0657317325424513,0.2022834797985373
ENSG00000131196.17,NFATC1,1.0764867095159885,NA,0.2817096416638921,0.004811267361893454,0.08018566784381563,0.000672600306938617,NA,12,18,18,2.417384004685063e-10,0.04258350556378299
ENSG00000266256.1,LINC00683,1.0752725755600558,NA,0.2822527107067281,0.006138858420587296,0.03197059567415543,0.03071308505694172,NA,21,24,24,8.945591637534648e-06,0.2456256168769932
ENSG00000236485.1,LINC01945,-1.0748824549545604,NA,0.28242735804881325,0.013934138177404933,0.15012652533403778,1.3033863838333721e-06,NA,24,31,31,0.005898591298651817,0.1503155359525666
ENSG00000141098.12,GFOD2,-1.0730074119961122,NA,0.28326779056459883,0.0033437472122734447,0.03245533934941909,0.03167110290852854,NA,23,23,23,8.700254737145469e-05,0.06537600106019788
ENSG00000026652.13,AGPAT4,1.0729659988208686,NA,0.2832863718977947,0.009296494609413222,0.1066636565025394,5.049970961928947e-05,NA,58,63,63,0.0005832568844999118,0.09781505941127457
ENSG00000213930.11,GALT,-1.0715784727291837,NA,0.28390940673508247,0.0037538070818437354,0.06033263444861989,0.0031224713035167754,NA,9,10,10,0.049222858716023374,0.09440845937404484
ENSG00000173273.15,TNKS,1.0704186212153715,NA,0.2844309211849634,0.018986025236773056,0.1043535859132516,7.123807843049869e-05,NA,39,42,42,0.00012844346725411228,0.12254345738893108
ENSG00000260176.1,CTD-3126B10.4,-1.0698826620332538,NA,0.28467212817787746,0.07731464448643761,0.21655643331128074,1.7955767397855051e-09,NA,26,31,31,0.054712052272264944,0.1254466427548198
ENSG00000163803.12,PLB1,-1.0696592645286584,NA,0.2847727084772469,0.0015380587921582354,0.07294976435055382,0.0009990617049394769,NA,11,13,13,0.003872589886129588,0.027387631294408386
ENSG00000177663.13,IL17RA,-1.0685311692472454,NA,0.28528097820223763,0.032002494566296724,0.187062718306716,2.012181629354696e-08,NA,63,72,72,0.015701130921757088,0.12373203777278212
ENSG00000256422.5,RP11-886D15.1,1.0666425268077318,NA,0.2861332891249979,0.047160546726811595,0.12811024148567055,6.108948677626159e-06,NA,24,25,25,0.09717616542531325,0.10106113829441477
ENSG00000269983.1,RP11-497H16.9,-1.066338839762316,NA,0.28627049810628136,0.03666609724148164,0.2453589483491159,1.4462428049415489e-11,NA,5,9,9,0.11792807656865195,0.3957970640003859
ENSG00000186496.10,ZNF396,-1.0640810858426453,NA,0.2872919683672738,0.004536256952504782,0.040923530325072635,0.015154709984663563,NA,20,20,20,0.012937405810925319,0.18256575343586626
ENSG00000213221.4,DNLZ,-1.0629269014364355,NA,0.28781510229858576,0.1116916035986758,0.3821175491859492,4.091485312870071e-18,NA,41,43,43,0.026353919649512093,0.42319149878985907
ENSG00000105136.20,ZNF419,1.0628900842258662,NA,0.2878318002631506,0.06721891193911564,0.23401690989835255,6.495859098395287e-10,NA,63,67,67,0.015530489369503877,0.15155777847117374
ENSG00000203756.7,TMEM244,1.06132601740546,NA,0.28854176588493685,0.02185672205657611,0.16033672051997272,5.619716644916765e-07,NA,13,13,13,0.10085351924061374,0.04650656373817793
ENSG00000109775.10,UFSP2,-1.060774460678975,NA,0.28879241137134715,0.06525810907279109,0.4080581004972538,6.955837966993474e-19,NA,11,11,11,0.00344796075898751,0.14012865621153806
ENSG00000093072.15,CECR1,1.0607215654820348,NA,0.2888164563939176,0.04634084471438097,0.2180378041196888,2.8999334249829714e-09,NA,50,56,56,0.0023500943139687118,0.26221763674465604
ENSG00000065809.13,FAM107B,1.0594543682114874,NA,0.2893929004382779,0.003642761317631262,0.15294938825881155,1.3652338391270076e-06,NA,38,44,44,8.719452796951761e-05,0.043722740470711036
ENSG00000158864.12,NDUFS2,1.055806319014429,NA,0.2910567106815505,0.009488639838501489,0.03736867700121542,0.0199073955641442,NA,32,33,33,0.045925950671039883,0.1963329089289565
ENSG00000161542.16,PRPSAP1,1.0552277755026906,NA,0.29132116387915963,0.07804562914086956,0.15490782548136425,1.2159060122517709e-06,NA,79,83,83,5.5996150126225474e-05,0.16633851890538934
ENSG00000125965.8,GDF5,-1.0535018987177969,NA,0.2921110245293843,0.015206284259631662,0.09193491194926187,0.0001986681380050205,NA,45,45,45,0.00041158077451827865,0.07850644667892648
ENSG00000187815.9,ZFP69,-1.0534628373788446,NA,0.2921289178823594,0.05048187688749916,0.1612465738380231,4.048682472974804e-07,NA,24,25,25,7.85778030592757e-09,0.0872088906750867
ENSG00000230876.6,LINC00486,-1.0530752386076256,NA,0.29230651036898436,0.018578205921270224,0.12630545164476056,6.273686797922143e-06,NA,26,28,28,0.005713577677618485,0.2006811447009539
ENSG00000248174.5,RP11-148L24.1,1.0527909712596952,NA,0.29243680388843596,0.08298811180014165,0.19751251741578585,1.7447534046261352e-08,NA,68,70,70,0.005569572450008608,0.3359312519861502
ENSG00000058262.9,SEC61A1,-1.0519576967147009,NA,0.29281895876204567,0.003875216086800864,0.0289285843865515,0.04286589961311205,NA,34,37,37,0.0005913679960470526,0.043470208678797334
ENSG00000164946.19,FREM1,1.0499449467313378,NA,0.29374342500987494,0.020244545743529976,0.03556265866142928,0.0247267370857386,NA,37,40,40,0.012166802928108266,0.3877277769414378
ENSG00000090238.11,YPEL3,1.0494028786712561,NA,0.2939927338756969,0.0022746805412635083,0.0983420359968169,0.0001553083268363654,NA,8,8,8,0.06326573233596845,0.046817407051686286
ENSG00000185339.8,TCN2,1.049179845792526,NA,0.2940953527283571,0.036425622248819976,0.09025032729838048,9.619359545888556e-05,NA,51,52,52,2.7628180247841447e-05,0.25163237601372085
ENSG00000092020.10,PPP2R3C,-1.048811361658196,NA,0.2942649472490453,0.0115756844562729,0.12421353583382308,1.683849108734581e-05,NA,12,13,13,0.13322394243768504,0.031119926623391136
ENSG00000197506.7,SLC28A3,-1.0477843772347755,NA,0.29473796195693114,0.01398725876758379,0.07577178277718942,0.0008940349825178578,NA,40,41,41,6.902281908178903e-06,0.1099895099947212
ENSG00000104497.13,SNX16,1.0476950366068465,NA,0.29477913508223597,0.019045292961915795,0.2091698672903544,6.013426561538381e-09,NA,31,31,31,0.23814629841664314,0.031246954867572136
ENSG00000182774.10,RPS17,1.0470047579629544,NA,0.29509738376340167,0.0037502738564619284,0.06521691039983059,0.0021562883612178587,NA,24,24,24,0.0015718937243522008,0.03409377509997651
ENSG00000106823.12,ECM2,-1.045296323956667,NA,0.29588603613159703,0.0018696667129628423,0.039544869407859486,0.015553629266956496,NA,10,10,10,0.05354637233310486,0.024716013218798287
ENSG00000108960.7,MMD,-1.0449427697636178,NA,0.29604942090499886,0.00436340828373547,0.14506416850144888,1.993499759344124e-06,NA,5,6,6,0.24208422942395835,0.06942715962292187
ENSG00000143919.14,CAMKMT,-1.0446484690853608,NA,0.2961854694355518,0.0031815198795692827,0.06917287968052449,0.0008717251401058318,NA,8,8,8,0.10011565553758218,0.07369759791499683
ENSG00000177710.5,SLC35G5,-1.0434349162056116,NA,0.296746909330841,0.026398669566352947,0.09183989337129776,0.0002098116730587002,NA,13,14,14,0.0026597238800433924,0.1613461391517813
ENSG00000134545.13,KLRC1,-1.0425383649523852,NA,0.2971621480350982,0.05980382627318308,0.20552336130173784,1.2267756957139792e-08,NA,18,18,18,0.16870576065854792,0.09240001739024134
ENSG00000127337.6,YEATS4,1.0418571611365437,NA,0.29747790793387774,0.017069041319332116,0.1015910093802208,0.0001047100876302917,NA,37,37,37,0.002982965545071092,0.05165964958255922
ENSG00000167815.11,PRDX2,-1.0413982699555464,NA,0.29769074514420035,0.0008278263722656359,0.12520082606040314,1.6691210358706928e-05,NA,11,13,13,0.0850205310405456,0.06602907490681892
ENSG00000243667.6,WDR92,-1.040452274349907,NA,0.29812982612527605,0.006095141720686123,0.08044756983748115,0.0006616790140197023,NA,26,26,26,1.3412280919745432e-07,0.016405654474523367
ENSG00000169291.9,SHE,1.0394182205200193,NA,0.29861027369439685,0.0010091027327602574,0.051597776369899664,0.005274809525928715,NA,1,1,1,0.29861027369439674,0.049455824191805865
ENSG00000113971.19,NPHP3,1.0393587183627566,NA,0.2986379356222094,0.04809605754837089,0.4357991204776692,1.3518714750138084e-21,NA,37,37,37,0.0009988679452962181,0.10182078456856272
ENSG00000179979.8,CRIPAK,1.0385297536799905,NA,0.2990234905389998,0.03266266451959575,0.13699921565802087,3.0833856456893488e-06,NA,24,26,26,3.6704664240292165e-08,0.2292561618480413
ENSG00000162882.14,HAAO,-1.0380195733686641,NA,0.2992609425928565,0.020102019146756963,0.1544625630692467,9.401245985977431e-07,NA,43,46,46,0.06978975111707199,0.06394108517009238
ENSG00000172461.10,FUT9,-1.0358170325869052,NA,0.3002875098475749,0.0008256319783459844,0.03696743511695927,0.018782053303854775,NA,4,5,5,0.291133816638924,0.013942760359771936
ENSG00000267575.6,CTC-459F4.3,1.0355589964421694,NA,0.3004079295892502,0.03497865537272192,0.06874796893065169,0.001572289827419991,NA,30,31,31,0.0006154024470312161,0.20292272372780035
ENSG00000272097.1,RP11-421M1.8,-1.035003931391776,NA,0.3006670752002375,0.007741721274629091,0.03359791783418155,0.027334800688235163,NA,4,4,4,0.19178734716922452,0.05291131417117185
ENSG00000168803.14,ADAL,1.034394382266986,NA,0.30095182959046995,0.059584519202864034,0.2648656522001517,2.0786177315810915e-12,NA,64,65,65,0.014378138230309822,0.10505660738495824
ENSG00000139344.7,AMDHD1,1.0315209669435095,NA,0.30229658106959345,0.04196227546160991,0.10783313222577416,4.9021458394345116e-05,NA,16,17,17,0.04473512184115471,0.05338172369429724
ENSG00000180953.11,ST20,1.029746542013563,NA,0.3031290012633201,0.11197557897188734,0.3656228917221805,1.3719580059509202e-16,NA,33,34,34,0.00013830561251008003,0.11731954764395898
ENSG00000174695.9,TMEM167A,-1.0296300127668885,NA,0.30318372086308265,0.010226975315436673,0.060599273604490585,0.0033127202628804747,NA,41,42,42,1.0530037103979719e-05,0.04304663723447953
ENSG00000041357.15,PSMA4,1.0293274393844418,NA,0.3033258334001824,0.0038784737276143233,0.12468374576694075,1.0731996198216701e-05,NA,18,18,18,0.037722464510374726,0.10789131285826173
ENSG00000270972.1,RP11-326C3.15,-1.02869146133262,NA,0.30362468360986883,0.03951107837549807,0.10905667211044437,5.626486238105153e-05,NA,21,23,23,3.3675894094159398e-09,0.12242752764803415
ENSG00000272130.1,RP11-360I2.1,-1.0286558289992416,NA,0.3036414332601589,0.05568768655424857,0.2005667565054176,1.2732453529564606e-08,NA,58,69,69,0.006346599400889341,0.4574943847482795
ENSG00000134531.9,EMP1,-1.027858207767817,NA,0.3040165308525088,0.016248654338340836,0.030152208665774977,0.03744267018594985,NA,42,46,46,8.54353582511882e-05,0.06838376393662292
ENSG00000146243.13,IRAK1BP1,1.0265686002560606,NA,0.30462364580979107,0.008734545528187554,0.07656734321989295,0.0004758141733989838,NA,25,25,25,0.17288167295352252,0.028999655880400956
ENSG00000224531.5,SMIM13,1.0258498542877357,NA,0.30496236246828445,0.0010146677879674499,0.05458276073205295,0.004592818869390154,NA,17,18,18,0.08937708102281973,0.01894199198783451
ENSG00000026508.17,CD44,1.0244398681532991,NA,0.3056275591826051,0.007292559562543022,0.02838615566875305,0.039579577354472935,NA,22,24,24,0.15372194574029455,0.11085043604375228
ENSG00000268912.1,CTD-2619J13.17,1.0224567137844964,NA,0.3065647898463566,0.025868294703988284,0.1411346402233501,3.0722717052226244e-06,NA,10,10,10,0.06013432172923121,0.0938649257426976
ENSG00000130312.6,MRPL34,1.021722541748248,NA,0.30691223903261766,0.023646823731966502,0.3570636364387193,5.203452434025811e-18,NA,30,32,32,0.0004244154957063933,0.06686241131015631
ENSG00000111674.8,ENO2,-1.0209378780078262,NA,0.3072838718138575,0.001764183849178701,0.13677234665617974,4.94865630384255e-06,NA,19,24,24,0.0023928894392188974,0.040312865854661664
ENSG00000075826.16,SEC31B,-1.0207037577983122,NA,0.30739481361786913,0.012569237545288103,0.12711741351611566,1.1453141669910915e-05,NA,57,58,58,0.10753827608001158,0.0559284991898836
ENSG00000206187.3,RP11-1084I9.1,1.0201842570767639,NA,0.3076410824766814,0.004618722315256032,0.05804167524240849,0.002868055510621757,NA,6,6,6,0.27043622681309853,0.07522349456827725
ENSG00000178222.12,RNF212,1.0194879236361336,NA,0.30797138350627706,0.01531893285970944,0.035570077182689376,0.02541423939931971,NA,14,15,15,3.6704664240292165e-08,0.07835632337460434
ENSG00000141279.15,NPEPPS,-1.0194715481838867,NA,0.30797915391356223,0.0035284444972320233,0.10090701871763903,0.00010794792599140659,NA,23,23,23,0.0013113900118172568,0.040911330060919085
ENSG00000254872.3,RP13-870H17.3,-1.019122060110543,NA,0.3081450223788147,0.0026347408607695906,0.0421796795776854,0.012883835832814262,NA,11,20,20,0.010573238804198274,0.04188581110712406
ENSG00000125877.12,ITPA,1.0191162896627752,NA,0.30814776155272217,0.011278613230035072,0.17557218403486075,4.6527875875178106e-08,NA,17,18,18,0.00010840196261852234,0.1574679455688578
ENSG00000157322.17,CLEC18A,-1.0164437066598102,NA,0.3094181414879289,0.1565419898666642,0.4422535405307044,7.108562995442012e-22,NA,8,11,11,0.112199768419976,0.15314069809394046
ENSG00000138107.12,ACTR1A,-1.016014237555041,NA,0.3096226066882761,0.004422319268575466,0.028312463856257426,0.04730661629638378,NA,58,59,59,4.274929202838542e-07,0.06334877181082528
ENSG00000271344.1,RP11-274B21.9,-1.015764446644105,NA,0.30974157025466187,0.01129337019277508,0.1569058623292402,7.64001037537348e-07,NA,29,32,32,0.011917175947012209,0.20877786915243512
ENSG00000100614.17,PPM1A,1.0145185052898624,NA,0.310335403870574,0.0004867830585689051,0.04288857203070925,0.013319937458799941,NA,4,4,4,0.23793860494263286,0.03821381096529747
ENSG00000107736.19,CDH23,1.0142641875314502,NA,0.31045670768335576,0.004859564836333074,0.06530323738831471,0.0020855989646613024,NA,12,12,12,0.049210675261750415,0.0367586692702336
ENSG00000106404.13,CLDN15,-1.013908450103829,NA,0.3106264388838913,0.027381586071409406,0.22414897993644475,6.374953983489776e-10,NA,32,32,32,0.08356628948648702,0.04385431620613562
ENSG00000126775.8,ATG14,-1.0125372525928427,NA,0.31128124429474213,0.021569808610106635,0.17047285416807928,7.091460206193932e-08,NA,57,64,64,0.012949439222597326,0.1480277049541547
ENSG00000105607.12,GCDH,-1.0115471150651452,NA,0.3117546429269433,0.02870680298419028,0.2999482311438293,6.987232330625781e-13,NA,44,53,53,2.3452733944331532e-07,0.11669184738716668
ENSG00000103540.16,CCP110,-1.0112948713403005,NA,0.31187532000683327,0.0046631810253795975,0.05290867572389297,0.005765568495037524,NA,57,63,63,0.03140282306868355,0.07940638483090015
ENSG00000172803.17,SNX32,-1.0105795727078337,NA,0.3122176967564031,0.0101607765502142,0.25162611441421484,6.179000111058528e-11,NA,5,5,5,0.04138510683703703,0.07658638431589701
ENSG00000183207.13,RUVBL2,1.0100040068517542,NA,0.3124933703549213,0.010179392055952814,0.14724576307693174,2.1549482936578516e-06,NA,45,48,48,0.0016592286615598566,0.11494430482301407
ENSG00000128266.8,GNAZ,-1.0094720877705055,NA,0.3127482813793214,0.026881752292624704,0.1953526875027664,1.2800605508823157e-08,NA,82,92,92,0.0006298934474452717,0.07459498599859958
ENSG00000271952.1,LINC01954,-1.0088546608515083,NA,0.3130443419314243,0.0436057802163648,0.03747140435389697,0.02092935933427693,NA,47,51,51,4.3192650721921265e-11,0.20608582135918574
ENSG00000072756.16,TRNT1,-1.008831200087226,NA,0.3130555951708819,0.00576195293847878,0.0675368974927251,0.0013766002315201125,NA,8,9,9,0.015574141747559382,0.15658280556248644
ENSG00000214776.10,RP11-726G1.1,1.00584491296942,NA,0.31449017861168327,0.031739501381773214,0.14310325343693067,2.158704448734498e-06,NA,19,21,21,0.003934069838730409,0.08623623734093654
ENSG00000255328.1,RP11-326C3.12,-1.005558336330264,NA,0.31462807419695205,0.16804788137484564,0.3678458732428096,1.6826091775234194e-16,NA,23,30,30,0.022548777350899454,0.3253408089712917
ENSG00000182600.9,C2orf82,1.0052093345016588,NA,0.3147960613456947,0.04289545392015,0.2323503895003313,6.263716793127897e-10,NA,23,23,23,0.01993672426742363,0.03207319473099392
ENSG00000186523.14,FAM86B1,1.0038458263184025,NA,0.31545293193180335,0.06333937040144573,0.06453104565975565,0.0024730676688364066,NA,46,52,52,0.0199114037341618,0.26457653528640074
ENSG00000238243.3,OR2W3,-1.0031094866004848,NA,0.31580803800035495,0.004537877343205668,0.0359388564679556,0.021952251130731897,NA,31,32,32,0.08157636757739552,0.039449993554820435
ENSG00000278740.1,RP11-147L13.14,1.002867725146623,NA,0.31592468672762986,0.06190817889692844,0.28282324814120136,3.1786281554595886e-12,NA,22,26,26,9.450902039584955e-08,0.1723263408556337
ENSG00000261019.1,RP11-111K18.2,-1.0027790858957346,NA,0.315967461822079,0.02876357296230342,0.15866801454940374,7.015191051200154e-07,NA,14,14,14,0.2667857425332695,0.02852428064524305
ENSG00000151575.14,TEX9,-1.0015877419535582,NA,0.31654274371088453,0.02165366501632993,0.12267019993915775,1.3102982778916948e-05,NA,67,68,68,6.532651803870355e-10,0.09357015134185513
ENSG00000186026.6,ZNF284,-1.0013851194026788,NA,0.3166406554062695,0.01562463553944653,0.05524321532118261,0.0036027080485150813,NA,17,18,18,0.003097401463646326,0.1560235555598139
ENSG00000236209.1,AC104135.2,-0.9973387991881391,NA,0.3186000868721578,0.098800397018979,0.3059764076721996,2.2941587646127427e-13,NA,31,34,34,0.020822447536982473,0.1179670494314824
ENSG00000166682.10,TMPRSS5,-0.9964435744772479,NA,0.31903467006237907,0.11586386798881952,0.4443236557342149,8.19158258956957e-22,NA,22,23,23,2.2911935553274926e-24,0.15692402495604865
ENSG00000175664.9,TEX26,-0.9949250818319465,NA,0.3197727029943992,0.0024938734402031896,0.05387365907577165,0.005863771931601835,NA,8,9,9,1.7154243007422943e-06,0.0209908456639237
ENSG00000173193.13,PARP14,-0.9933920755858466,NA,0.3205189218726846,0.013570444848431971,0.13329881153036816,6.036792608149495e-06,NA,47,47,47,0.00013989415225682843,0.07573237796460308
ENSG00000099977.13,DDT,0.993031225304403,NA,0.3206947377147724,0.012383375273354374,0.16366827815182572,3.989946271538746e-07,NA,21,25,25,0.19617756212165638,0.12424253858197802
ENSG00000124107.5,SLPI,0.9927875924576748,NA,0.32081347774290037,0.011459808574821222,0.06709321675570919,0.0016687269693653,NA,5,5,5,0.08356705576228791,0.08963350697213689
ENSG00000132005.8,RFX1,-0.9927222135795906,NA,0.3208453465194796,0.0057366210430936405,0.03914421113078833,0.017228500059380942,NA,17,17,17,1.6351739692751223e-09,0.1181412268766817
ENSG00000144895.11,EIF2A,0.9922865596557209,NA,0.321057757788599,0.06918892759604173,0.4318431126933039,4.89652450694765e-21,NA,25,26,26,7.17991344772343e-06,0.15519380761298054
ENSG00000180071.19,ANKRD18A,-0.989824843923711,NA,0.32225973935438124,0.01860277353176832,0.12337754086888375,1.3432073199173105e-05,NA,16,18,18,0.002656679892460753,0.07104546602075963
ENSG00000178202.12,KDELC2,0.9896342589826008,NA,0.3223529185370757,0.0028306397231020407,0.07873010720929154,0.0006891276213323315,NA,13,13,13,0.01672695508913782,0.09761025151762397
ENSG00000169684.13,CHRNA5,0.9891443876363553,NA,0.32259250295455233,0.24151247298893463,0.4100186917583798,3.364286526730086e-19,NA,59,62,62,0.0014173999259782038,0.2489030455581641
ENSG00000006695.10,COX10,-0.9888533473751898,NA,0.3227348988079898,0.007252661484339016,0.035015414365115974,0.019873876004616712,NA,49,58,58,3.13169951229222e-05,0.045004816923568065
ENSG00000167914.11,GSDMA,-0.9868407698796541,NA,0.32372070448526513,0.018339633438535563,0.07616877036890507,0.0006872777933445313,NA,14,17,17,0.013879464975354028,0.1189610755649152
ENSG00000197608.11,ZNF841,-0.9864784178486853,NA,0.3238984008487604,0.0007987447849705544,0.0321358976860104,0.03313122502187138,NA,10,10,10,0.290553082090093,0.017909175042650112
ENSG00000272316.1,XXbac-BPGBPG55C20.2,0.9863032405614327,NA,0.3239843300524642,0.031676615816692386,0.40129694909937336,5.446233081915325e-19,NA,37,42,42,0.012985824948151767,0.035037156862148436
ENSG00000164088.17,PPM1M,0.9860878376501374,NA,0.32409001136785087,0.00958169854260329,0.17014111199186646,2.252677979289159e-07,NA,18,20,20,0.06243927049277757,0.03883907858752054
ENSG00000138311.15,ZNF365,0.9859035299485303,NA,0.32418045452497646,0.0018577466598151508,0.06338297642701891,0.002310606965921455,NA,13,14,14,0.248388102133975,0.04048121494211966
ENSG00000188707.5,ZBED6CL,0.9855851139945909,NA,0.3243367457778866,0.04996093990209077,0.22069026318548013,1.387034978034515e-09,NA,10,12,12,0.14258433016175825,0.1059418133817986
ENSG00000075290.7,WNT8B,0.9844178688252101,NA,0.3249100957902262,0.032563368506766305,0.16450199656567574,1.485277384981003e-07,NA,16,16,16,0.2406293511153057,0.1165081149388527
ENSG00000139190.16,VAMP1,0.9841969567187312,NA,0.32501868184824345,0.007078131260214986,0.09882870329389308,0.00011645045593064133,NA,18,18,18,0.10083775026724516,0.0259630691057004
ENSG00000171574.17,ZNF584,0.9835711961345681,NA,0.32532639331677926,0.0108470237820564,0.09512888564268447,0.00013604792595380339,NA,26,28,28,0.039078598114165676,0.028754323585193888
ENSG00000196378.11,ZNF34,0.9833039693222263,NA,0.32545785713799313,0.015663524284146708,0.10886317693557312,4.942845072193286e-05,NA,28,31,31,0.1163013801269315,0.03569770713952921
ENSG00000009413.15,REV3L,-0.9816265012914966,NA,0.32628388663617114,0.010392371825598108,0.0431415173701723,0.010919331068776492,NA,27,27,27,0.005861453582947215,0.1968532600797689
ENSG00000182667.14,NTM,-0.9814386218439897,NA,0.32637648820496035,0.014971783722949059,0.18657526164368826,3.50058535446009e-08,NA,22,25,25,1.6045527079566334e-09,0.0919125202976571
ENSG00000148296.6,SURF6,0.9809197673684207,NA,0.32663230864465287,0.026257077803432963,0.1484754835149975,1.4266996254377026e-06,NA,13,14,14,0.00024404326654136772,0.12123175043846872
ENSG00000184497.12,TMEM255B,-0.9806292560185923,NA,0.32677560171433084,0.00537777327240857,0.05809806507838002,0.0014888373728846438,NA,6,7,7,0.15638896848734446,0.052483409288762266
ENSG00000131711.14,MAP1B,0.9802487485304806,NA,0.32696334662537185,0.022561797420958728,0.1301252572335479,7.880349739329303e-06,NA,71,75,75,0.001342508742593915,0.1085551433093796
ENSG00000089220.4,PEBP1,0.9802124957052957,NA,0.32698123766352216,0.012756688684103578,0.2845786408219184,1.5428616742848627e-12,NA,36,39,39,2.8195005219315162e-09,0.06432622071715283
ENSG00000144867.11,SRPRB,0.9779927531364601,NA,0.3280779082972315,0.00491434712045705,0.0397012562258674,0.016767492150802185,NA,20,20,20,0.16222030787972097,0.030896876554209942
ENSG00000135052.16,GOLM1,-0.9776377197771289,NA,0.3282535347099158,0.014959065569471255,0.08827786512377005,0.0002926468750646513,NA,43,43,43,2.0044821514593396e-05,0.10270178374564427
ENSG00000149084.12,HSD17B12,0.9774478791027856,NA,0.3283474693149657,0.08384774565433252,0.5742702767355001,5.5681782270616755e-31,NA,55,56,56,6.682005912339894e-07,0.08832191794412378
ENSG00000171766.15,GATM,-0.9769890299446438,NA,0.32857458334301803,0.0025971452496450853,0.03541212613420011,0.022925627891513516,NA,17,17,17,1.7984461870410385e-10,0.06070934584771245
ENSG00000006652.13,IFRD1,-0.9756705845835462,NA,0.3292277336372582,0.016023244975140932,0.124340099029722,4.320295165612897e-06,NA,16,16,16,0.18140165505328298,0.05627058269411223
ENSG00000071894.16,CPSF1,0.9754064527657125,NA,0.32935868411706803,0.14759363993231883,0.6094051887758574,4.021201680808471e-35,NA,31,37,37,0.009378065597934792,0.2119905969123921
ENSG00000163131.10,CTSS,-0.9745867164973127,NA,0.32976530535815485,0.0017485081338331047,0.07674695725360148,0.0007322306994338674,NA,18,18,18,0.2544908328202421,0.0568167402607744
ENSG00000196678.13,ERI2,0.9728032651376667,NA,0.33065108960294665,0.009988255886282106,0.060770579949568124,0.0030579860805964045,NA,52,58,58,0.01261756035498998,0.10396404075790308
ENSG00000275764.1,RP11-582E3.6,-0.9721780760063989,NA,0.3309619655064009,0.09668448581104935,0.11563434509556855,3.433522569927143e-05,NA,186,196,196,4.0915787052307255e-09,0.3536810547704965
ENSG00000203797.9,DDO,0.9713793464843825,NA,0.3313594095215908,0.005609314660050462,0.11338684044116287,3.592686702102552e-05,NA,3,5,5,0.30764729022951465,0.04466362288594602
ENSG00000183793.13,NPIPA5,0.9693305505987053,NA,0.332380291074713,0.10116215030006896,0.4451177941439456,8.063749494789294e-22,NA,23,28,28,0.004226828255934763,0.6194853763526195
ENSG00000238290.1,RP11-431K24.1,0.967691812573335,NA,0.3331983083160984,0.08445023988715447,0.2237703746439796,1.7519943078243057e-09,NA,23,25,25,4.663274722727004e-06,0.15239264131779334
ENSG00000214026.10,MRPL23,0.9640018343925476,NA,0.33504500618971333,0.008340666153131315,0.06617514023668669,0.0010653056231340486,NA,1,1,1,0.33504500618971333,0.12359133784680902
ENSG00000124275.14,MTRR,-0.9636947863841662,NA,0.3351989689841737,0.009604880255763233,0.14119192436035966,3.59039130042485e-06,NA,37,46,46,0.01691143785433447,0.12759921844767544
ENSG00000123360.11,PDE1B,-0.9635174265726372,NA,0.3352879231090222,0.004019432345125407,0.05023171080162053,0.006389744996141203,NA,25,34,34,0.00032279903614739906,0.04994460590219036
ENSG00000165887.11,ANKRD2,-0.9626693877731991,NA,0.3357134638017458,0.005916483898542114,0.02884216909344474,0.0444437874202728,NA,34,34,34,0.06521949564247981,0.05161648349385541
ENSG00000129946.10,SHC2,-0.9624482087920583,NA,0.33582450720778767,0.006281899721901849,0.27724638677979513,7.478688219272934e-13,NA,14,17,17,0.003492712580095851,0.08264733771210363
ENSG00000174945.13,AMZ1,-0.9621050346758084,NA,0.33599684534217056,0.01737441752482798,0.06532831763681536,0.0022486360554568575,NA,19,21,21,2.9738414380808143e-12,0.21074842121768514
ENSG00000132669.12,RIN2,0.9620381999755613,NA,0.33603041558885605,0.0030531438198045484,0.08815092180483261,0.0003625046169831252,NA,14,16,16,0.1046920862490086,0.09345090274859932
ENSG00000137267.5,TUBB2A,0.9613929347829511,NA,0.33635463536699206,0.0013713166886272913,0.0518885670802995,0.006061828603152185,NA,29,31,31,0.03505144903257208,0.027158534795720283
ENSG00000181031.15,RPH3AL,0.9602841734886168,NA,0.33691221314179887,0.002556963451201302,0.05247398814447176,0.005072314781680066,NA,1,1,1,0.33691221314179887,0.07728011267502251
ENSG00000154889.16,MPPE1,-0.9597762211989659,NA,0.33716785236899605,0.009461643224750788,0.17175696506242566,2.197391878423626e-07,NA,5,5,5,0.32562769016801674,0.14207379443575038
ENSG00000132466.18,ANKRD17,-0.9575982258691038,NA,0.33826539412899237,0.005697020858632865,0.02902063104537355,0.04139077445270458,NA,14,14,14,0.0071126171008794,0.06945508548501506
ENSG00000108187.15,PBLD,0.9573427239092889,NA,0.33839429760446227,0.0061103665524519625,0.09145628237356067,0.00015452175866950362,NA,20,21,21,0.1314009131312607,0.07015982955702446
ENSG00000100030.14,MAPK1,0.9559630434577796,NA,0.33909090603840764,0.00015944700581372673,0.034749467229643824,0.02697015371343081,NA,6,7,7,0.2945935272849055,0.059484070411038724
ENSG00000099949.18,LZTR1,-0.9559358812974118,NA,0.3391046295948116,0.009364556500458825,0.15139136927942545,1.2350056704694228e-06,NA,13,15,15,0.0016136353603429983,0.07316867017454096
ENSG00000110025.12,SNX15,-0.9557983577092164,NA,0.33917411822363397,0.027405789902626414,0.07575078741980593,0.0009816411798852758,NA,54,57,57,7.874231339592225e-08,0.21348630276976446
ENSG00000214941.7,ZSWIM7,-0.9551591262505192,NA,0.3394972323010296,0.004495646262280936,0.0608879111724392,0.002995000833130705,NA,17,17,17,0.07270285558187031,0.027606630962415148
ENSG00000117450.13,PRDX1,-0.9543911136309506,NA,0.3398857027277048,0.009305901070704465,0.03826687895048616,0.018926663016252523,NA,42,42,42,2.865897260727677e-06,0.06105379840422611
ENSG00000173540.12,GMPPB,0.9535023975920713,NA,0.3403355819744909,0.10975941203569872,0.34831557736179913,2.8990600278259875e-17,NA,40,40,40,0.0679766682285569,0.21541862135612172
ENSG00000204278.12,TMEM235,0.9522074862140059,NA,0.34099176510256346,0.003769009255720353,0.052738734949350025,0.0019450854967210788,NA,15,16,16,0.05710335450294639,0.18296450231577954
ENSG00000153406.13,NMRAL1,-0.9512130861501344,NA,0.34149621676050823,0.03094646284132686,0.2667309534007503,2.5856962557307612e-11,NA,17,18,18,0.02232287627676123,0.10801107975067363
ENSG00000170175.10,CHRNB1,0.9509634536060114,NA,0.3416229284331993,0.011056235758371455,0.11525620735561412,2.1264912946718977e-05,NA,17,17,17,0.02023507820467802,0.07774830834740719
ENSG00000140873.15,ADAMTS18,0.949899873714308,NA,0.3421631310159575,0.21873556972726677,0.4875687272923188,6.899758925751249e-25,NA,59,60,60,0.019340123550689804,0.08085345223293151
ENSG00000136197.12,C7orf25,0.9495987062856268,NA,0.3423161960884874,0.0037820694335033564,0.05865403308078835,0.003416809860723569,NA,30,30,30,0.15599512608581975,0.0293605891598864
ENSG00000168275.14,COA6,0.9480585055010295,NA,0.3430996708449465,0.014417584443028453,0.26126938888979995,6.811959539893063e-12,NA,27,28,28,0.019465449508803113,0.14366493881980374
ENSG00000239713.8,APOBEC3G,-0.9472705705778293,NA,0.3435009230251932,0.018849336807485018,0.21812713430475333,2.063764641354553e-09,NA,26,28,28,1.7627383277990291e-06,0.16068558600135496
ENSG00000160949.16,TONSL,-0.9458542898776104,NA,0.3442229105865654,0.012113129353143294,0.12942223329885227,5.631873121255601e-06,NA,9,12,12,0.022564258858087254,0.07253713632042967
ENSG00000228623.5,ZNF883,0.9439914817234717,NA,0.3451740012475497,0.009871783621374575,0.049814234052643964,0.007675539401433934,NA,33,33,33,0.09252718436157377,0.10021936795171127
ENSG00000018189.12,RUFY3,0.94386010773494,NA,0.34524113982640037,8.715427059810036e-05,0.03281511908787282,0.030057306305954788,NA,10,11,11,0.016079452942514103,0.011572003944809402
ENSG00000005206.16,SPPL2B,0.9422806031430997,NA,0.34604899622287344,0.0032817296765703914,0.07669841477987861,0.0008296669543186628,NA,21,27,27,0.000296931292257801,0.04303643664953877
ENSG00000164929.16,BAALC,0.9414531375608445,NA,0.3464726936381902,0.0072193122198092,0.07708201193648444,0.0005812569782200847,NA,24,24,24,0.004556857468515621,0.04843868717748207
ENSG00000277494.1,GPIHBP1,0.940266283780968,NA,0.34708098947994404,0.0322455643441918,0.20123225463775046,1.3784998836414018e-08,NA,61,61,61,0.0011476595428731,0.16271170823684727
ENSG00000164989.16,CCDC171,-0.939606045799884,NA,0.34741967397999896,0.01204553963432185,0.1041920341030742,7.887492279699369e-05,NA,31,36,36,0.002922426022401966,0.06086591110560419
ENSG00000198420.9,TCAF1,0.9392828368341606,NA,0.3475855481990239,0.0038548432119167586,0.0763870731337975,0.0007728726466378679,NA,43,44,44,0.03804030163019596,0.0699282879069686
ENSG00000165322.17,ARHGAP12,-0.9376279655608426,NA,0.3484356344941739,0.0011696570208023288,0.07374770970730518,0.0006508569024064433,NA,16,18,18,0.005161491482338994,0.04824383580579032
ENSG00000111664.10,GNB3,-0.9369266939402539,NA,0.348796267030966,0.024726691074717175,0.2905365715399802,9.21503115402684e-13,NA,8,8,8,0.0029244645265872156,0.13142581906163575
ENSG00000268654.1,MIMT1,0.9350854279295496,NA,0.3497442756747242,0.027182018344557766,0.07114241833867523,0.0008899447569208748,NA,52,58,58,2.994790777903931e-07,0.38812055043227656
ENSG00000156795.6,WDYHV1,0.9347527473444621,NA,0.34991573646670304,0.011026679544698775,0.08696321190205815,0.00029808467299834835,NA,35,36,36,0.038476023279707595,0.03788939996086008
ENSG00000020426.10,MNAT1,-0.9332407492560061,NA,0.35069567956394476,0.006629610403601175,0.040349881859570884,0.017793464662886022,NA,22,22,22,0.010596316836819497,0.18905735276703764
ENSG00000048544.5,MRPS10,-0.933079573259205,NA,0.35077888491153664,0.0036638231522032084,0.09981905039383172,0.00010927406393881042,NA,29,29,29,0.02163248709100591,0.07064350611231465
ENSG00000100577.18,GSTZ1,-0.9328756955498148,NA,0.35088415247835814,0.010981253999977313,0.12196174695196843,1.2110460652818954e-05,NA,10,11,11,0.17178054156867162,0.07343597063716141
ENSG00000105467.8,SYNGR4,-0.932724810945079,NA,0.35096207116691935,0.02429175998179396,0.05254373418722222,0.005969645917838253,NA,40,47,47,0.024320789616077983,0.08429654834548103
ENSG00000185917.13,SETD4,0.9325846342840345,NA,0.3510344699668111,0.05334948669765413,0.1473134972221782,1.3862957699364205e-06,NA,57,58,58,3.505576868696994e-08,0.18311725991702574
ENSG00000167377.17,ZNF23,0.9321678612293075,NA,0.35124978188372236,0.022064444051214938,0.1409549589750124,1.2861420094258283e-06,NA,21,21,21,0.0005647112619978833,0.15621012553051153
ENSG00000127328.21,RAB3IP,-0.9316090483670734,NA,0.3515386052304633,0.0053699602995414,0.08318379214683297,0.0004043746114526468,NA,13,13,13,0.17445546326231476,0.08833357179065307
ENSG00000204764.13,RANBP17,0.9308871366892212,NA,0.35191194911639834,0.021484026024064733,0.13230928050735494,6.853128247816812e-06,NA,26,27,27,0.008368755923222716,0.062157708226500276
ENSG00000128789.20,PSMG2,0.9306877821860083,NA,0.3520150915272454,0.02949829603937866,0.07429197147054246,0.00101564431088278,NA,79,83,83,0.04605237137786743,0.2664118106505862
ENSG00000196396.9,PTPN1,0.930116464523767,NA,0.35231078695700935,0.009910337139227537,0.08982884205760062,0.00023207103750995996,NA,27,30,30,5.905568949455513e-06,0.0608929317570037
ENSG00000139343.10,SNRPF,-0.9295238408345857,NA,0.3526176757660796,0.001395616151653279,0.038227056699570834,0.019561254080083603,NA,14,14,14,0.11797506679714645,0.04885368803775218
ENSG00000104731.13,KLHDC4,0.9290478403162555,NA,0.3528642939933907,0.01583601738947215,0.1978016637091464,5.484682194668685e-09,NA,13,14,14,0.044857871535554344,0.15923712834380388
ENSG00000049239.12,H6PD,-0.9289666360222032,NA,0.35290637723295126,0.013535269712535044,0.23795789988813384,3.906007263433231e-10,NA,28,30,30,4.439951680813101e-08,0.09610636677451743
ENSG00000134184.12,GSTM1,-0.9285939696191825,NA,0.35309954824680223,0.039500632794882626,0.048685329277955734,0.005858439133185817,NA,34,40,40,0.0003786169970356357,0.2431485423324599
ENSG00000084072.16,PPIE,0.9275137304475785,NA,0.35365986621173606,0.11772371559691505,0.5474052476619352,4.053548935290524e-29,NA,10,10,10,0.10266033297992004,0.056103542755478866
ENSG00000144026.11,ZNF514,-0.9274638258967838,NA,0.35368576517986705,0.10529327896294752,0.3285309856019367,5.860433969249732e-15,NA,25,29,29,5.590213261352851e-06,0.2440832753624448
ENSG00000144648.15,ACKR2,-0.9267763141537725,NA,0.3540426852068409,0.04978167189067986,0.04382393380203515,0.011951782964703892,NA,59,61,61,0.00025579191068544367,0.2314619193263758
ENSG00000143631.10,FLG,0.9265735541792285,NA,0.35414799098788796,0.04610993453256691,0.2241851320808108,1.6276413339503364e-09,NA,14,21,21,0.04780775566355462,0.2462602490574592
ENSG00000226266.6,AC009961.3,0.9261789887387741,NA,0.35435296991039555,0.02544967406742573,0.02766059450899941,0.047392471284424906,NA,14,15,15,0.07843398662467194,0.214151571877431
ENSG00000274184.1,RP11-158H5.8,0.9259560171039467,NA,0.354468838036718,0.024734350617086266,0.1092552165091344,2.240556024269197e-05,NA,47,47,47,0.00016377438075081214,0.11163864219785112
ENSG00000168385.17,SEPT2,-0.9255321316711199,NA,0.3546891778176702,0.017880222046874138,0.3423909826849121,1.1723649770705028e-15,NA,31,35,35,0.22740808186481276,0.08370909267478388
ENSG00000158163.14,DZIP1L,-0.9252874136522605,NA,0.35481642399668567,0.0023638527950851076,0.04398463858601597,0.012355440890810462,NA,11,11,11,0.015830169032672876,0.02436814344509914
ENSG00000117601.13,SERPINC1,0.9248005819050146,NA,0.35506964788265793,0.012572078034350304,0.04244050569505485,0.01407682355232906,NA,41,42,42,0.1055841035849433,0.046440750577825735
ENSG00000126457.21,PRMT1,-0.924556869288041,NA,0.35519645700802926,0.0029782183529311473,0.046168244029374916,0.008842722708335174,NA,4,4,4,0.004888669427264496,0.13851131330638386
ENSG00000122756.14,CNTFR,-0.9244891577055677,NA,0.35523169393155585,0.016925579057806957,0.12966369085977192,1.0253562440657834e-05,NA,63,64,64,4.178925828336363e-07,0.13881178057292665
ENSG00000118804.8,STBD1,-0.9241998121030064,NA,0.35538229344938876,0.07029049222721029,0.2054734463522374,4.29537420915021e-09,NA,36,37,37,0.039163989869132054,0.1127389827146885
ENSG00000136270.13,TBRG4,-0.9236859487552942,NA,0.3556498499582814,0.005663402211537537,0.06015201287644285,0.002911696635121812,NA,15,17,17,0.000225581992495717,0.03577583101976914
ENSG00000135390.17,ATP5G2,0.9226990553200934,NA,0.35616405829550324,0.024146857174417148,0.21503456021387965,2.6606032692578196e-09,NA,16,17,17,0.06292653580650731,0.07315410776821181
ENSG00000136895.18,GARNL3,-0.922554919726031,NA,0.3562391975298296,0.003419079992513168,0.06586350254549894,0.0021643709219934504,NA,20,21,21,0.0018035068837466948,0.04312846209000632
ENSG00000261701.6,HPR,-0.9206196721339539,NA,0.3572490278578587,0.09763661711881613,0.4399573468569978,5.856978997028037e-22,NA,9,9,9,0.029217450880709022,0.5305998537428754
ENSG00000114850.6,SSR3,0.9204320054867274,NA,0.35734704986077814,0.002746073203220082,0.027093564783975697,0.041819488983024886,NA,8,8,8,0.00796808879894498,0.05692005658229474
ENSG00000100300.17,TSPO,0.9175136091911816,NA,0.35887356482088983,0.0010980217590334039,0.1088141237586659,5.447035446786264e-05,NA,4,5,5,4.636781671609852e-06,0.06042262291785237
ENSG00000107902.13,LHPP,-0.9150880852251613,NA,0.360145389413163,0.01762427134091988,0.2582889981295673,4.9045871650695156e-11,NA,71,75,75,2.3787890158745504e-08,0.05451217827088042
ENSG00000064115.10,TM7SF3,-0.9149121637115706,NA,0.3602377438716219,0.0220453557989796,0.19374825374816204,1.6770683681848092e-08,NA,41,42,42,0.00015736430521603865,0.09976496692012546
ENSG00000122432.17,SPATA1,0.9143670816840933,NA,0.360523992887848,0.040742802472077844,0.04033901134000952,0.013479342783947612,NA,49,51,51,0.0003257166382636916,0.26538161083489464
ENSG00000063761.15,ADCK1,0.9127378011431198,NA,0.36138045784927275,0.011818350965519673,0.12784548739615342,3.4777169676838326e-06,NA,14,15,15,0.13117324025345126,0.0877281624666748
ENSG00000162601.9,MYSM1,0.9121271638953415,NA,0.361701780322238,0.0017284009285227836,0.058586120589050335,0.0031266148202704603,NA,21,21,21,0.3205911224256002,0.004954525733846564
ENSG00000125503.12,PPP1R12C,-0.9119698355191519,NA,0.36178459684596687,0.0031134279424051047,0.05378955603437581,0.0051675280341560645,NA,29,39,39,0.061348081173611596,0.11771686214099306
ENSG00000168350.7,DEGS2,-0.9118227023959569,NA,0.36186205741509736,0.024000356518563984,0.0868714183987114,0.0002670737337337647,NA,47,48,48,7.340397777142278e-07,0.24824211010052674
ENSG00000175895.3,PLEKHF2,-0.9117538961303087,NA,0.361898285132764,0.003379920741914012,0.03212740893869308,0.033031597991724976,NA,9,9,9,0.34415406869714904,0.02467843421004401
ENSG00000197008.9,ZNF138,-0.9111792060065455,NA,0.3622009584274707,0.045017806247337436,0.16350519051211593,4.198063708755793e-08,NA,63,63,63,0.0015810185391275725,0.2976078073320082
ENSG00000042429.11,MED17,0.9108217688134695,NA,0.3623892906162939,0.05195341849670032,0.07880867884485121,0.0005004633528103008,NA,55,61,61,0.013076240364381257,0.1961556244762868
ENSG00000166529.14,ZSCAN21,0.9098573623087086,NA,0.362897738372677,0.03048001223044167,0.04805694658806749,0.008353455991382458,NA,25,25,25,0.10563682585476816,0.34153381742254896
ENSG00000273841.4,TAF9,0.9097174199101251,NA,0.36297155492539,0.0022187202832092768,0.051951833570606384,0.005723253835007584,NA,19,24,24,2.888452953700988e-10,0.0385506270383453
ENSG00000100077.14,GRK3,-0.909661037165589,NA,0.3630012982452667,0.0001351324465550714,0.03148848674048186,0.0269792522231578,NA,2,2,2,0.3566490997429089,0.007751314943508322
ENSG00000106948.16,AKNA,0.9094732204311502,NA,0.3631003873146881,0.011470172927706856,0.0918907118116305,0.00019456161975494744,NA,44,51,51,9.655204306608344e-09,0.08834209420445865
ENSG00000103642.11,LACTB,0.9094458292146879,NA,0.36311483989155624,0.05708749152397559,0.20982460157187596,3.5645459117435055e-09,NA,36,36,36,0.16539924775268156,0.07502213289937915
ENSG00000163902.11,RPN1,0.9088964199039505,NA,0.3634048037528326,0.0053889592933476895,0.07145495058080402,0.0010357144489600756,NA,22,23,23,0.02145782836841261,0.04096759206050008
ENSG00000116750.13,UCHL5,0.908673950336555,NA,0.36352225856791676,0.0036674090045508995,0.07703979111205632,0.0007877303940000268,NA,51,51,51,0.0014269059096314544,0.048181312912751226
ENSG00000224790.2,AP000704.5,-0.9080986199741586,NA,0.3638261195322203,0.09603222603960615,0.2909920380613468,3.4319548835674743e-13,NA,22,22,22,0.16951513400131935,0.11187137598478536
ENSG00000163125.15,RPRD2,0.9053525380350508,NA,0.36527865132817383,0.005114187132290862,0.07933325823742232,0.000615529940352921,NA,37,51,51,0.03693642522622097,0.037935990476720687
ENSG00000112981.4,NME5,0.905272534720188,NA,0.3653210230551259,0.003046725053272922,0.031264188674577184,0.023545083280157083,NA,3,3,3,0.20554213666292775,0.2603853795328126
ENSG00000126464.13,PRR12,0.9044959475609098,NA,0.36573248222004695,0.0036970861413213813,0.07609037050953986,0.0008044453693992857,NA,8,9,9,0.0012397005326146957,0.08706191430338744
ENSG00000185989.10,RASA3,-0.9043367255655954,NA,0.36581687852476086,0.01809863042648276,0.09375468596935987,0.00017079390257363335,NA,59,68,68,0.0005783634975848232,0.07630820484032373
ENSG00000184635.14,ZNF93,0.9042086013189458,NA,0.36588480015828173,0.08137493623702939,0.1200804562379829,1.2290083595782195e-05,NA,68,78,78,3.108902876180249e-25,0.16444667542147054
ENSG00000204352.2,C9orf129,0.9028797849287582,NA,0.3665897005272293,0.013782752256828165,0.02843071280886488,0.041570497804921606,NA,37,40,40,0.0005135745001035493,0.06721027493859091
ENSG00000186522.14,SEPT10,-0.9014943406636722,NA,0.3673255414961444,0.00917671256232765,0.24689129034274399,2.159969824098936e-10,NA,21,23,23,0.044289314785900695,0.06513140197724264
ENSG00000130695.14,CEP85,0.9002976570559474,NA,0.36796186760730265,0.002973516641972143,0.03250671780386046,0.025601592455008152,NA,21,24,24,0.003740081203451393,0.02683209353553823
ENSG00000063854.12,HAGH,0.898155554068865,NA,0.3691026249955104,0.007613114744065218,0.11551650557711145,2.964896788997207e-05,NA,28,31,31,2.3113437075266542e-06,0.04824384030284856
ENSG00000169918.9,OTUD7A,0.8981177816074503,NA,0.3691227600885161,0.00016496898418887535,0.3085572384543125,2.2007288511871074e-13,NA,2,88,88,0.275754773421401,0.016913219882596916
ENSG00000118514.13,ALDH8A1,0.8978828624529138,NA,0.3692480020789679,0.08769892822003027,0.4130318724935201,2.783912876226745e-19,NA,90,91,91,0.08863504721597637,0.043811419740472
ENSG00000257354.2,RP11-631N16.2,0.897733986488688,NA,0.3693273857083599,0.009069583031352973,0.11203631701755863,4.27286682021774e-05,NA,30,31,31,0.16088628676253858,0.14830174334647744
ENSG00000254533.1,AF186192.1,-0.8976162926347429,NA,0.36939014992510866,0.003989939604121813,0.03525057729917023,0.02577764171254987,NA,4,5,5,0.3605479458673625,0.02347028002122021
ENSG00000138430.15,OLA1,0.8973772045933076,NA,0.36951767210358566,0.002479317226621781,0.08125808047707979,0.00042315180116801607,NA,33,33,33,3.765511722088893e-07,0.026888085638311736
ENSG00000196071.4,OR2L13,-0.8961729436124588,NA,0.37016040371251757,0.1372345839505347,0.38202725316851743,3.4612766631788024e-17,NA,22,23,23,0.10118581678764821,0.1609881058264484
ENSG00000281731.2,RP11-384K6.8,-0.8958189396987676,NA,0.37034947275477303,0.07514821266077215,0.22485358610092446,1.2107000243325407e-09,NA,25,25,25,0.024354964728471953,0.116066233911605
ENSG00000139197.10,PEX5,-0.8954257102846824,NA,0.3705595619466926,0.06117661757814294,0.39527502225503575,1.548432622423758e-19,NA,19,19,19,0.007749486845645414,0.03994658681217352
ENSG00000261474.1,RP11-452L6.1,-0.8951491991214033,NA,0.37070733682557744,0.0016400273125161994,0.03302226750176969,0.02999194822973798,NA,6,6,6,0.21802787153768044,0.03994849509613576
ENSG00000139220.16,PPFIA2,0.8948236650142479,NA,0.37088135774694486,0.006028875403770907,0.08788991163107954,0.00032410531895653814,NA,24,25,25,0.0006541871483913928,0.09494733127816016
ENSG00000249096.6,RP11-290F5.1,0.8946159743656715,NA,0.37099240952652957,0.005927229657058543,0.027798337753680888,0.042988617274021236,NA,15,16,16,3.393227383033453e-08,0.06715064733013297
ENSG00000155542.11,SETD9,0.8946057769949757,NA,0.37099786257197565,0.13392859422881526,0.4484404113302608,1.129910427906096e-25,NA,39,42,42,0.022473393183556567,0.31721097199364817
ENSG00000160695.14,VPS11,0.8927418673354678,NA,0.3719954239673715,0.008602771701086044,0.2097458904300606,6.436552113557988e-09,NA,18,21,21,4.65457425744472e-05,0.035251745538123734
ENSG00000197362.14,ZNF786,-0.8925360233053383,NA,0.37210569323370346,0.05977271430228912,0.19848530532839292,7.209492653454501e-09,NA,83,93,93,0.00034135744497035064,0.21092997732569327
ENSG00000132383.11,RPA1,0.8919946258225712,NA,0.37239581295441715,0.011976776324721806,0.05952673469253445,0.003102934073565749,NA,26,27,27,6.625409641018213e-13,0.08788088059427725
ENSG00000077616.10,NAALAD2,0.8919638452879222,NA,0.372412311589699,0.027045989247483006,0.1673694923469062,3.3124683579297235e-07,NA,30,32,32,0.000154673775226163,0.10176328578730996
ENSG00000164104.11,HMGB2,0.8917186167371993,NA,0.37254377241384184,0.0038376709714069033,0.040574515242121814,0.015229107611044353,NA,16,16,16,0.0783586039095682,0.06648350024560007
ENSG00000096063.15,SRPK1,0.8913540697177382,NA,0.37273924998764696,0.003550742198774191,0.09515164223205293,0.0001784010448744826,NA,15,16,16,4.985780813097795e-05,0.021177395014737255
ENSG00000173083.14,HPSE,-0.8899464703671687,NA,0.3734946297525036,0.055533390437462096,0.13753454638251736,5.825945158366031e-06,NA,97,101,101,0.02403603901733606,0.1431143866905965
ENSG00000188343.12,FAM92A,-0.8898851729069401,NA,0.37352754618406914,0.004904809138404708,0.1010855131772415,0.0001230257038962589,NA,49,52,52,0.04004990178243005,0.0758900669234166
ENSG00000136881.11,BAAT,0.8894282551523648,NA,0.3737729653224441,0.11194070312233194,0.22575928297387074,1.6547344980574442e-09,NA,82,83,83,8.234638107923585e-07,0.18558234101729454
ENSG00000241360.1,PDXP,-0.8887156828633932,NA,0.37415590042319513,0.026626968347048707,0.08612134613636327,0.00033177708597913934,NA,133,137,137,1.5748161699768707e-08,0.1211000820801068
ENSG00000083857.13,FAT1,-0.8885970912335659,NA,0.3742196549040425,0.007657466130787157,0.13463340035861726,4.785506995697167e-06,NA,38,42,42,0.0021900336995786082,0.11821923186791528
ENSG00000149328.14,GLB1L2,-0.8883765673644731,NA,0.3743382256936528,0.011255993096265791,0.03969288488846808,0.014244559871741403,NA,65,77,77,4.662005075039532e-07,0.2254416288711607
ENSG00000187535.13,IFT140,-0.8883154283407728,NA,0.3743711029028923,0.004881236295875646,0.033946474836549126,0.028371171858737606,NA,23,30,30,0.08757611605847236,0.04380341268794576
ENSG00000124422.11,USP22,-0.8876282625181681,NA,0.37474074575659533,0.0015936519427823303,0.07430904815946436,0.0009655538090846961,NA,6,8,8,0.2594430741555017,0.041275387814720114
ENSG00000131142.13,CCL25,0.8866740725328507,NA,0.37525440127335397,0.014787536083047968,0.045563209940492184,0.010804992367494382,NA,12,13,13,0.03325491561236022,0.15684054878349246
ENSG00000231133.6,HAR1B,0.8863548200572883,NA,0.3754263569868337,0.024480431786087862,0.17852328479902926,1.2496674070724262e-07,NA,27,28,28,0.000897306814172514,0.3321707125578939
ENSG00000171931.12,FBXW10,0.8856779331168206,NA,0.3757911026843548,0.0036740740611082394,0.08390268738122235,0.0004108308917931884,NA,7,8,8,0.25680742296880343,0.03883519885470518
ENSG00000093167.17,LRRFIP2,-0.8849925847136613,NA,0.3761606307560065,0.01397423660191793,0.2978955339943982,8.08249576563981e-14,NA,27,30,30,0.013515419999077316,0.1111520159938894
ENSG00000271553.1,RP11-274B21.10,0.8844426441381815,NA,0.3764573113870212,0.03645461933715395,0.20040554629867344,1.1802761286169929e-08,NA,64,65,65,0.0010513657544583763,0.1102366669685597
ENSG00000183020.13,AP2A2,0.8841832344899265,NA,0.3765973071874361,0.0009846570874748617,0.050870515856623874,0.006944893299245515,NA,16,27,27,0.20888252747232894,0.03147553170331671
ENSG00000216937.13,CCDC7,0.883632144334407,NA,0.37689482100225913,0.010718792657727782,0.030288926413217693,0.03877738370426389,NA,32,33,33,5.242462531833201e-22,0.2240775247552413
ENSG00000120327.6,PCDHB14,-0.8832754788890722,NA,0.377087449132135,0.013508215838564167,0.07344382460714183,0.0009985368401701966,NA,27,32,32,0.07339236434036783,0.12801249638748038
ENSG00000151376.16,ME3,0.8825313242107478,NA,0.3774895481406899,0.005046917228167452,0.07126700562334433,0.0011173478331126146,NA,49,51,51,0.0008751325135054069,0.07529965637793958
ENSG00000175792.11,RUVBL1,0.8824490670625715,NA,0.3775340114557443,0.009304925609965167,0.13851076860246184,3.1956178768701637e-06,NA,52,53,53,4.155087193590893e-05,0.031625673789994924
ENSG00000250312.6,ZNF718,0.8824106194164475,NA,0.37755479507016787,0.16365564098481977,0.4004466090352491,1.448581179149231e-18,NA,35,38,38,2.3392076249483466e-10,0.14119728614008706
ENSG00000139719.9,VPS33A,0.8814025763312221,NA,0.3780999637250313,0.010143418988580077,0.10681306217530066,2.644520678253579e-05,NA,22,22,22,0.03657048042407787,0.2376364400217204
ENSG00000131941.7,RHPN2,-0.8811003942188667,NA,0.37826348390588704,0.006003844972912296,0.10901451151395876,3.7012567322389645e-05,NA,10,11,11,0.11272382311756877,0.02370664260452971
ENSG00000235180.1,LINC00601,0.8801207898898761,NA,0.37879387777253415,0.011219947533428148,0.049452046635096884,0.008179780594101262,NA,21,24,24,0.05399788521407449,0.054622253648144235
ENSG00000110148.9,CCKBR,-0.878473721728464,NA,0.37968669233651087,3.483603404421439e-05,0.052686700412989666,0.004924086193674443,NA,5,6,6,0.04889434125538889,0.0052511832157319215
ENSG00000188157.14,AGRN,-0.8784589771537431,NA,0.3796946906626196,0.004255992941115579,0.05919547764805853,0.0034132966524973237,NA,18,20,20,0.05007178521495574,0.06607036463088209
ENSG00000197157.10,SND1,-0.8780326173488165,NA,0.3799260181515933,0.005983266105691382,0.14588829061740355,3.8044082012180466e-07,NA,30,30,30,2.0485662609550614e-27,0.037486243605704885
ENSG00000198948.11,MFAP3L,-0.8769440040218774,NA,0.38051705345845344,0.005648056372714257,0.042255094498026766,0.013800200392437257,NA,36,37,37,1.2282692815028428e-10,0.08315080083749239
ENSG00000038002.8,AGA,0.8759919522594699,NA,0.3810344088170823,0.02317590046569097,0.2632699800141701,2.3957443644966405e-12,NA,35,35,35,1.3175716519948171e-05,0.1012546334633168
ENSG00000167995.15,BEST1,0.8738865742219346,NA,0.38218002688440433,0.0019736213095139076,0.1016697468744489,5.4151557349932974e-05,NA,8,8,8,0.17369814998692423,0.03549072330899193
ENSG00000114547.9,ROPN1B,0.8737333556757392,NA,0.3822634814223961,0.008241711512580102,0.09045264351194468,0.00017737304356781508,NA,6,6,6,0.05856335506243718,0.05103810662729953
ENSG00000068745.14,IP6K2,0.8731575478400799,NA,0.3825772102956284,0.014145301058338545,0.16709619368107406,3.8544247503643366e-07,NA,13,13,13,0.05967043631906277,0.12888618933570198
ENSG00000148468.16,FAM171A1,0.8728141308460695,NA,0.3827643961399205,0.004758820858036835,0.03228484414058155,0.033480685319288515,NA,68,74,74,5.1298220572685465e-05,0.037708134338926544
ENSG00000166664.13,CHRFAM7A,0.87275183165486,NA,0.3827983594906885,0.021873371305892023,0.0803135657391031,0.0006144909971920801,NA,34,62,62,0.008190950391491588,0.09329536953092478
ENSG00000162039.14,MEIOB,0.8711931721896655,NA,0.38364868736932356,0.012208093969033593,0.1106374629433192,4.7434260209197587e-05,NA,55,57,57,0.00014744263791175176,0.06812095367292192
ENSG00000271119.1,CTD-2012J19.3,0.8698991081593257,NA,0.3843555428943568,0.023193178430570772,0.1059085553744604,6.300696002282171e-05,NA,19,22,22,0.13119674273119697,0.12268449993793913
ENSG00000105251.10,SHD,0.8691794008125557,NA,0.38474901258943284,0.024376908603550344,0.07606870561962945,0.0008684189486411383,NA,35,37,37,0.0002544729854008839,0.05251222605696023
ENSG00000104691.14,UBXN8,-0.8687981401779021,NA,0.38495755055755254,0.00784951306970463,0.04800239433647515,0.009407055404410707,NA,10,12,12,0.04855030336917948,0.0664106412238475
ENSG00000154262.12,ABCA6,-0.8683972204724965,NA,0.3851769159617995,0.05255122084764766,0.295632092200775,8.683406226109921e-13,NA,29,29,29,0.06589509685529983,0.058835849882759764
ENSG00000188554.13,NBR1,-0.8683500782458767,NA,0.3852027151075377,0.0010604200042814988,0.06223792696467249,0.0025006816457115283,NA,20,21,21,0.31886324507486596,0.014864460619889937
ENSG00000121766.15,ZCCHC17,0.8663074313641973,NA,0.38632159207841776,0.005903109076122478,0.10879760873188726,5.013952064538505e-05,NA,31,33,33,5.8079440782811705e-11,0.11857112650108675
ENSG00000170142.11,UBE2E1,-0.8660790153366045,NA,0.3864468320845462,0.002830844550438127,0.032535365588483044,0.03257559534845001,NA,14,14,14,5.321623630240053e-12,0.032803718992042166
ENSG00000125656.8,CLPP,-0.8658070303405663,NA,0.3865959931786421,0.007974238632715458,0.055984245646069526,0.002974585662932277,NA,47,49,49,0.0007108242770973492,0.10131639387560328
ENSG00000183801.7,OLFML1,0.8651026188622137,NA,0.3869824674459943,0.012833753054294706,0.07897700475603626,0.0007261820365388438,NA,43,45,45,0.009724305064892533,0.29464917032451204
ENSG00000161798.6,AQP5,0.863666452890072,NA,0.3877711474248674,0.0582755245076342,0.1873147525790556,5.5955927551367645e-09,NA,14,16,16,0.005521083806520032,0.3491168289679976
ENSG00000002933.7,TMEM176A,0.8625155701282984,NA,0.38840386878256905,0.009453626065732608,0.17669035323541138,1.6908677601339232e-07,NA,5,6,6,0.05121613754810285,0.04009234774704375
ENSG00000227888.4,FAM66A,0.8621070794120584,NA,0.38862859602764555,0.21485537909774322,0.3909069010077851,7.346859555720227e-18,NA,71,80,80,5.284950809545279e-09,0.28225862079503045
ENSG00000182919.14,C11orf54,-0.8609043672960733,NA,0.38929071612695865,0.009812427225955222,0.1558155114662936,6.387191897629709e-07,NA,18,19,19,0.1691618630270486,0.014359847248090843
ENSG00000103932.11,RPAP1,0.8572964668383075,NA,0.39128106065712687,0.04377757342775162,0.3750863952854858,3.2824545244108573e-18,NA,14,14,14,8.070217216345036e-06,0.07159647571402272
ENSG00000100325.14,ASCC2,0.8568998625131128,NA,0.39150022878344803,0.004852190629540126,0.08616550795851566,0.00022238969953846362,NA,11,11,11,0.03645756485191555,0.04725041510653535
ENSG00000113812.13,ACTR8,0.8559337874612514,NA,0.3920344047299711,0.11658200335796981,0.1308873742945297,4.352389015499063e-06,NA,110,118,118,1.8498797107384861e-09,0.2782110841776993
ENSG00000224848.1,RP11-535M15.1,0.8549145526400455,NA,0.3925984535622803,0.06388065812682908,0.16725076225418772,2.520783708321989e-07,NA,10,10,10,0.20289323711907492,0.1032763016514054
ENSG00000011198.7,ABHD5,-0.8542085556579477,NA,0.3929894435214074,0.0036270172184792596,0.03945280426215729,0.01916601413297293,NA,13,14,14,0.0004088027443770465,0.07163820724963423
ENSG00000142937.11,RPS8,0.8540835233286382,NA,0.3930587125755385,0.002848436290771946,0.07254783025943712,0.00024419057402797314,NA,11,11,11,0.011557194546915228,0.04775855770706762
ENSG00000196937.10,FAM3C,0.8532998358514968,NA,0.39349305108825827,0.000702273241043677,0.03670814913586002,0.0213637686611657,NA,29,31,31,0.08543128792370709,0.02144754403264853
ENSG00000140545.14,MFGE8,0.8518177458574396,NA,0.3943152553889574,0.009523240944990009,0.12652752772053175,1.1481394055992112e-05,NA,23,23,23,0.018516703990616713,0.02152547244066805
ENSG00000188493.14,C19orf54,-0.8516186238997374,NA,0.3944257994521567,0.004815948951242481,0.1361214067498485,4.305431165185056e-06,NA,9,9,9,0.21728559504316836,0.08260226674458238
ENSG00000144488.14,ESPNL,0.8509671296915519,NA,0.39478761240303417,0.014327251727134123,0.06770590182054245,0.0018195841279047191,NA,8,9,9,0.32172164401204173,0.11926207849654165
ENSG00000125388.19,GRK4,0.8501307524449527,NA,0.3952523958780121,0.018616291996812823,0.08855234737184912,0.0002897289476043725,NA,33,34,34,0.020659176571738595,0.09918109127247136
ENSG00000154114.12,TBCEL,0.8493988802420668,NA,0.39565937603588663,0.0023610112207266215,0.030620545761796267,0.035471065674086505,NA,25,27,27,0.0372271777378557,0.039629730619120784
ENSG00000269416.5,LINC01224,0.8485161269262498,NA,0.39615059501182304,0.04581966808415872,0.2419123583446903,6.522749363889086e-11,NA,32,35,35,0.3030217148230453,0.042707830816500966
ENSG00000197978.9,GOLGA6L9,0.8480367330876,NA,0.39641751385752666,0.030083137669468657,0.11635473001997546,2.913054198437752e-05,NA,18,18,18,0.17470543145214057,0.09252906148000956
ENSG00000104886.11,PLEKHJ1,-0.8448564119427651,NA,0.39819101352625186,0.004306233474842417,0.08105145354865596,0.0004222999464882744,NA,31,43,43,2.579913234667064e-07,0.10033444859481754
ENSG00000156574.9,NODAL,-0.8442206793314462,NA,0.3985461009479545,0.013700504955833638,0.09084618558546448,0.0002797404140893818,NA,17,20,20,0.04338798958931556,0.10475980118989688
ENSG00000157911.9,PEX10,-0.8441332836788911,NA,0.39859493055344064,0.0021224385997446107,0.028626080356629,0.043116642259664516,NA,4,5,5,0.1460164198724786,0.041703094374318656
ENSG00000243335.9,KCTD7,0.8441142451381328,NA,0.3986055682244314,0.0384048963803334,0.2463562557143021,9.061191740783113e-11,NA,55,56,56,0.09366097618372918,0.0994526774536622
ENSG00000254938.1,RP11-688I9.4,-0.8431191404388807,NA,0.3991618149964137,0.014989120634630449,0.07506690090797198,0.0007588063659838852,NA,13,13,13,0.13794373592465636,0.0893511422825031
ENSG00000272566.1,RP11-462G22.2,0.8430207571835381,NA,0.3992168349437454,0.01480909677684968,0.10854244129864317,5.218671738971804e-05,NA,2,3,3,0.3985257439780435,0.16788645615302394
ENSG00000110455.13,ACCS,0.8427976147359643,NA,0.3993416422558441,0.04530434109219464,0.27996399030816754,1.7582171484699309e-12,NA,34,35,35,0.00262945170447844,0.061198653350295125
ENSG00000141560.14,FN3KRP,0.8424127738226589,NA,0.3995569453822768,0.07501977069735502,0.4801854869025065,1.1875660580888817e-23,NA,49,53,53,0.01131034940572734,0.11156457467758843
ENSG00000278703.1,RP11-706P11.2,-0.8422602009902225,NA,0.3996423231161955,0.00705598375410135,0.037042340122949054,0.0208513673590694,NA,13,13,13,2.4549638008994955e-05,0.3303372669762927
ENSG00000120868.13,APAF1,-0.840157166988573,NA,0.4008202707528944,0.028027461032306772,0.09927435680716573,0.00013693215097649312,NA,69,75,75,3.7813553300380312e-06,0.1855262287047543
ENSG00000162461.7,SLC25A34,-0.8398618079133184,NA,0.4009858736103853,0.06511324971679344,0.37321650328654665,5.853837529931919e-17,NA,26,28,28,0.0020592250658140582,0.14925292964044876
ENSG00000154217.14,PITPNC1,0.8388130754457024,NA,0.40157421213451383,0.0026202791037200543,0.0370934051449407,0.019097569402359963,NA,43,45,45,0.004020330563036271,0.0966341815018122
ENSG00000144285.17,SCN1A,-0.8378438071205451,NA,0.4021184317285401,0.008874231459702054,0.030033423788954364,0.03859199276477389,NA,61,62,62,0.00020637155394648274,0.11581136384997685
ENSG00000197858.10,GPAA1,0.8375488035543067,NA,0.40228415652194227,0.003823651227435404,0.1035675717241133,8.933178445788304e-05,NA,9,10,10,0.3695563101029763,0.019691846333672592
ENSG00000144909.7,OSBPL11,0.8374840230080717,NA,0.4023205539138761,0.0031170289226896157,0.07353417611502425,0.0009436671917246943,NA,10,11,11,0.2807203932456841,0.06353595587814942
ENSG00000103404.14,USP31,-0.8368367897956003,NA,0.40268431472913213,0.010909447035903703,0.03455724964613085,0.026579653193429673,NA,49,54,54,0.02284155643016091,0.10798435977073924
ENSG00000180398.11,MCFD2,-0.8362256062267974,NA,0.40302799568530856,0.011577936788293644,0.27390281469322353,6.805720239749382e-12,NA,24,24,24,0.00029770915236155323,0.07390782414648109
ENSG00000151498.11,ACAD8,-0.8343467742623959,NA,0.40408560117553294,0.005470414001476659,0.03134213444056777,0.03623188418343437,NA,23,27,27,0.029117035250135953,0.11206135718333647
ENSG00000185278.15,ZBTB37,0.8342555633587287,NA,0.4041369865647101,0.0006551042065315188,0.045835630472888016,0.010535263681848338,NA,38,39,39,0.1055841035849433,0.004861403474995011
ENSG00000180376.16,CCDC66,0.8337017178449481,NA,0.40444908987285166,0.023903437546028927,0.19842045870805172,1.411513118289145e-08,NA,22,22,22,0.21182109462631726,0.12623869012758848
ENSG00000273036.2,FAM95C,-0.8336732843145643,NA,0.4044651166407611,0.0475707541437366,0.24569287090036904,3.683401273636333e-11,NA,30,32,32,0.002656679892460753,0.166303953288258
ENSG00000166971.16,AKTIP,0.8334951660229705,NA,0.40456552296601545,0.0041326040119736614,0.029199356457793608,0.04259672727434386,NA,14,14,14,0.137173505225426,0.05558123164932226
ENSG00000272716.1,RP11-563N4.1,0.8317932844112294,NA,0.40552563516909756,0.027872648250058703,0.026772795662154996,0.048895653629086544,NA,24,24,24,0.17361525727397842,0.10794430081598076
ENSG00000258702.1,RP11-433J8.1,0.8308978863345896,NA,0.4060313178165781,0.01963391439110606,0.18640546964447685,2.3052708441447924e-08,NA,13,14,14,1.2871181063579954e-05,0.1556626279223312
ENSG00000213512.1,GBP7,0.8299438942787389,NA,0.4065705059503566,0.059941805457963605,0.079755862117702,0.0005874435074731603,NA,39,41,41,2.545744648816635e-16,0.17173921192377803
ENSG00000100997.18,ABHD12,0.829875250942535,NA,0.4066093190479424,0.0016411562008592498,0.06415814271556883,0.0019722569984634707,NA,33,35,35,0.010976814801496435,0.008884753734191439
ENSG00000144485.10,HES6,0.8288463460707248,NA,0.40719135909275017,0.006523621416286055,0.10876582128235604,5.897084272879131e-05,NA,4,4,4,0.046699601820706794,0.049851277322005984
ENSG00000214279.13,SCART1,0.8270090361280698,NA,0.4082319398590837,0.003090534783855654,0.05299761048732973,0.005451560361066934,NA,9,9,9,0.29222442765892453,0.04330910380183781
ENSG00000156171.14,DRAM2,0.8266984309340989,NA,0.40840801093090795,0.02961826223459397,0.3782361079249607,1.2578306035926119e-17,NA,7,7,7,0.20161038756581828,0.06863097110580547
ENSG00000161243.8,FBXO27,0.8263052210051859,NA,0.4086309725512729,0.010508271678480475,0.13961518184675475,3.538028725387095e-06,NA,21,23,23,0.04255393420929792,0.09589753546566897
ENSG00000205560.12,CPT1B,-0.825599062449871,NA,0.4090315671601089,0.055123573921471755,0.4156200770874584,2.46774585445165e-21,NA,23,24,24,0.00018748864917909262,0.13720531529876628
ENSG00000218510.6,LINC00339,0.8247120676407056,NA,0.4095350788422705,0.02606861110889007,0.13581056945227446,5.626568154441746e-06,NA,17,17,17,0.0031854128198875,0.24972956430539325
ENSG00000169783.12,LINGO1,0.8239328202154999,NA,0.4099777306650423,0.0021127518097619415,0.04341992663873241,0.013437261192885852,NA,48,48,48,0.08706089726824762,0.05783345678027301
ENSG00000145002.12,FAM86B2,0.8231955984132547,NA,0.4103967715264355,0.0003976923687382904,0.05516459383206232,0.005280559857160146,NA,5,8,8,0.06844067524063306,0.03565147892574895
ENSG00000112619.7,PRPH2,0.822869298241706,NA,0.410582323527094,0.031102105176441512,0.2031279602220122,1.4226191205313167e-08,NA,22,22,22,0.0002644973901297217,0.052276553130275294
ENSG00000020922.12,MRE11,-0.8226898988178591,NA,0.41068436101263817,0.023152363555074017,0.29773203669267073,3.833959041578623e-13,NA,24,25,25,0.0008131706452238163,0.11383672718176208
ENSG00000121236.20,TRIM6,0.8217069811694762,NA,0.41124368497130026,0.027034447549439247,0.09109376695463924,0.0001813790425177981,NA,34,37,37,2.8363882837203593e-05,0.1923158019460218
ENSG00000111554.14,MDM1,0.8205599436910398,NA,0.41189697183871044,0.01437227059488038,0.04853008374562962,0.007106780523928877,NA,70,79,79,1.7394011826403665e-06,0.0882979760883048
ENSG00000196187.11,TMEM63A,-0.8197182888912461,NA,0.41237672153716676,0.0019449121671903506,0.03648573320847225,0.021166510380691374,NA,16,16,16,0.23400050254333615,0.08101262963196708
ENSG00000122674.11,CCZ1,0.8188629517392073,NA,0.4128646095014674,0.13169670299289232,0.3914056457978992,4.1352768854895175e-18,NA,20,26,26,9.437968827581185e-07,0.2135093248854202
ENSG00000174529.7,TMEM81,-0.8187487676667186,NA,0.41292976644961854,0.0034543270113710457,0.02740456953290749,0.046955454835412976,NA,7,7,7,0.0641855110905192,0.07237839730283148
ENSG00000185742.6,C11orf87,0.8184808680535324,NA,0.41308266213118705,0.0008898089567608413,0.08299296718647188,0.000407459016028461,NA,15,15,15,0.038846584441767355,0.09757092720795013
ENSG00000168229.3,PTGDR,-0.8171286752015785,NA,0.4138548973477487,0.008711811206675035,0.07006670931499874,0.0015474383394696435,NA,7,7,7,0.004347795839798936,0.05664466895890879
ENSG00000145592.13,RPL37,0.8165150608286462,NA,0.41420561319156735,0.004500530493292762,0.07513670122697932,0.0008396065521662648,NA,22,22,22,1.4103242892880493e-07,0.08952248954485932
ENSG00000170322.14,NFRKB,-0.8160210201340492,NA,0.41448811353846093,0.014335965982174246,0.054590405316228836,0.004006038940738862,NA,21,23,23,0.0019909038664947293,0.061079980800271876
ENSG00000183798.4,EMILIN3,-0.8145329529219297,NA,0.4153397022844918,0.05230511292960177,0.12126038256904585,2.358389554975459e-05,NA,43,45,45,0.0008442841668954845,0.23881391906423374
ENSG00000130304.16,SLC27A1,0.8141916696714796,NA,0.41553515694513476,0.00547188265712646,0.12306457927340245,9.510186678135258e-06,NA,16,17,17,0.09404227901434897,0.08194981551853794
ENSG00000159871.14,LYPD5,-0.8135186536494047,NA,0.41592075582785026,0.0023343113519047123,0.04035843618952021,0.01253952402256666,NA,10,10,10,0.020748741137600037,0.09197489359329293
ENSG00000139187.9,KLRG1,-0.813314796577535,NA,0.4160375956999225,0.0222180766915406,0.16631063724797124,4.063701699148205e-07,NA,20,20,20,0.0010758357414110832,0.09165996384642744
ENSG00000148814.17,LRRC27,-0.8131819488422485,NA,0.4161137472788955,0.020050553386273987,0.22299711503228625,7.504688138884649e-10,NA,37,42,42,0.0007282077931742889,0.11321014559456292
ENSG00000183439.7,TRIM61,-0.8128742375686393,NA,0.4162901665220531,0.007057270123974542,0.11864106103793283,2.5249573994030622e-05,NA,2,2,2,0.41664914152657073,0.08654239071387508
ENSG00000213023.10,SYT3,0.8107650915382442,NA,0.4175005849897785,0.0007299917011209242,0.04768044136413234,0.009599291233254864,NA,15,16,16,0.17631510809889805,0.013690422455825205
ENSG00000160321.14,ZNF208,-0.8106266216451797,NA,0.41758012400704847,0.0072309877256329135,0.048853944539318316,0.008299774156982454,NA,29,30,30,0.09321292598092856,0.038521147927281535
ENSG00000118690.12,ARMC2,0.8092046897257822,NA,0.4183974178297142,0.006290071695349458,0.08561931129214202,0.0003717041203946769,NA,27,29,29,2.1273215499692812e-05,0.12080394522343114
ENSG00000163046.15,ANKRD30BL,0.8083139754848936,NA,0.41890985928229274,0.009544770375417852,0.4568240902986738,8.764239642387139e-24,NA,15,21,21,0.31990045647353826,0.015906021644830248
ENSG00000165055.15,METTL2B,-0.8067889952672821,NA,0.41978806039905914,0.018210632300707658,0.045110372682937314,0.011598119495035156,NA,24,25,25,0.03527304718871955,0.23095193508156697
ENSG00000164385.8,LINC01600,0.8054249677511977,NA,0.4205744885761483,0.026625292745351817,0.1424877150700523,2.281170885884992e-06,NA,11,11,11,0.3008439934214371,0.04110635267649722
ENSG00000215018.9,COL28A1,-0.8049731505370821,NA,0.4208351737858824,0.0553696702406531,0.3192685074122953,7.306726004958732e-14,NA,65,69,69,0.005531364721527923,0.10372399827102724
ENSG00000254054.2,RP11-156K13.3,0.8047321460707628,NA,0.4209742650396322,0.009859728456519619,0.0696316855300456,0.0010287280250023086,NA,22,23,23,0.10486084681026878,0.15173580419592508
ENSG00000248100.2,RP11-709A23.1,0.8041089927945837,NA,0.4213340314400452,0.0155566277450815,0.0509733852317041,0.005407011547888353,NA,14,14,14,1.8121331796085186e-05,0.21116699989548895
ENSG00000168491.9,CCDC110,-0.8030112442783511,NA,0.42196823549463025,0.014216422229205172,0.08600218086583848,0.0002782039242970882,NA,16,18,18,0.39881475107428077,0.40631070140643344
ENSG00000149177.12,PTPRJ,0.8023498423825677,NA,0.4223506183249638,0.007318736998931918,0.05312901339396355,0.005979195878798883,NA,29,30,30,0.06361932779464143,0.04237106537156533
ENSG00000165480.15,SKA3,0.8019746422245366,NA,0.4225676267444143,0.010718528632243601,0.08680571496986432,0.00031686515866974883,NA,47,52,52,0.10463206537822757,0.28019628060827634
ENSG00000281538.1,RP4-669P10.20,-0.8019240646302711,NA,0.42259688482929725,0.09533586834053684,0.11940953394289905,1.9867370028106014e-05,NA,87,115,115,1.2183585938402934e-09,0.9009337436455649
ENSG00000214872.8,SMTNL1,-0.8017552013000846,NA,0.42269457734381144,0.08929714471905839,0.21478706205564613,1.724317894195348e-09,NA,41,42,42,2.2651319902770907e-06,0.1104126910032151
ENSG00000120332.15,TNN,0.8014724899583955,NA,0.42285816396618237,0.007090276882778899,0.08159232604763647,0.0005321691247703716,NA,11,11,11,0.0900316835701208,0.11812653162457035
ENSG00000272505.1,RP11-981G7.6,-0.8005380060451316,NA,0.42339915264007744,0.03227512645391137,0.2801485001095753,6.221613889083401e-13,NA,23,24,24,2.1541331974092022e-07,0.0890164832409017
ENSG00000122971.8,ACADS,-0.7989594157422261,NA,0.42431394501242314,0.023636287173398815,0.2292702098728271,9.698381350277967e-10,NA,52,52,52,0.003687795256254569,0.07981436601896275
ENSG00000231887.6,PRH1,0.7982486015415785,NA,0.424726238536556,0.010730996795939321,0.18594709785228064,3.82978550256473e-08,NA,11,18,18,0.00888362660674264,0.09255568896094042
ENSG00000083535.15,PIBF1,-0.7979264614768368,NA,0.42491316648243505,0.02438235226225572,0.1521516631846229,1.3917743930242786e-06,NA,56,64,64,0.0002637367818519448,0.03208691831629788
ENSG00000149743.13,TRPT1,0.7978220934563628,NA,0.42497373833324636,0.019493786711147522,0.18120122793684515,3.07836643468281e-08,NA,26,26,26,0.08322229693988054,0.16099796521967144
ENSG00000153310.19,FAM49B,-0.7972567808127335,NA,0.4253019152998696,0.01516767131164724,0.0526663908071503,0.0059568264873587524,NA,71,73,73,0.00025017658572376247,0.06898102969873471
ENSG00000107815.7,TWNK,0.7969448129064846,NA,0.4254830831813966,0.03778304814624729,0.044491760093913035,0.011360913792083179,NA,91,94,94,0.042751834934753645,0.16008120646746105
ENSG00000137261.13,KIAA0319,0.7969075441360474,NA,0.4255047291385964,0.000258663476622585,0.042929300388494435,0.012949866445022723,NA,1,2,2,0.4255047291385964,0.023299784565438145
ENSG00000140525.17,FANCI,-0.7967525440447002,NA,0.4255947611503881,0.0018110257547342369,0.0347266453906946,0.028070938942569332,NA,8,12,12,0.10247541180662559,0.047111550390314984
ENSG00000197375.12,SLC22A5,0.7960995042349126,NA,0.4259742023058586,0.013040720111283415,0.04581202977487376,0.00996525654855453,NA,29,29,29,9.760947315169426e-05,0.12178368325534752
ENSG00000272983.1,RP11-508N22.12,0.7954159672146659,NA,0.4263715748625896,0.04490249627385974,0.07858056439107698,0.0005499928421758257,NA,65,65,65,0.04821088190984926,0.23172089186110145
ENSG00000100348.9,TXN2,-0.7953213996851557,NA,0.426426568481198,0.017071612939992695,0.09893200675060454,4.386314966172752e-05,NA,65,67,67,0.0012133891034798799,0.12450614064963528
ENSG00000243749.1,TMEM35B,0.7935067603261191,NA,0.4274826321534947,0.0020178576027673877,0.04141983499622685,0.014889207136389969,NA,13,14,14,1.0475472271766147e-06,0.08197035341131799
ENSG00000111666.10,CHPT1,0.7932086434235902,NA,0.4276562724893035,0.02101978271782877,0.20477375086988586,8.179588793930717e-09,NA,35,35,35,0.00017493976666242282,0.07381545718372505
ENSG00000267467.3,APOC4,0.7929113784439582,NA,0.42782945750602874,0.004805097589765647,0.0270595156656707,0.04705009418871852,NA,9,9,9,0.3455557565528675,0.02077140701241481
ENSG00000204866.8,IGFL2,0.7926683590228922,NA,0.4279710696755745,0.02249931718825791,0.1385011573200897,3.3628624460039984e-06,NA,12,12,12,0.35612672391868616,0.0456138336798799
ENSG00000167965.17,MLST8,0.7890086367305614,NA,0.43010695865020643,0.002987371725853314,0.08451108610047918,0.0002590282863791401,NA,9,10,10,0.14785712215377456,0.01983441438994275
ENSG00000167395.10,ZNF646,0.7887954769594807,NA,0.4302315535163108,0.010131022880773452,0.11698647244523842,3.0005325060246168e-05,NA,13,15,15,0.07624950918336504,0.06945696180854834
ENSG00000197580.11,BCO2,-0.7879493407887092,NA,0.43072633856022824,0.00980494291598392,0.156364049546721,5.058348985782778e-07,NA,20,22,22,0.36955472026738045,0.059866472710747076
ENSG00000256574.6,OR13A1,-0.7876049815925041,NA,0.4309277999008958,0.011204030481469854,0.06551297808738751,0.0018906467275356554,NA,5,5,5,0.360266440455033,0.1509263363969121
ENSG00000197128.11,ZNF772,-0.7845961432171044,NA,0.43269039205193627,0.03413086749747678,0.1022946476894975,5.1866257410801124e-05,NA,52,56,56,0.014599871746251492,0.12671943606406227
ENSG00000123992.18,DNPEP,0.7839284492987751,NA,0.4330820954155966,0.009024862987698053,0.07113292778992437,0.001345181201642099,NA,34,34,34,0.12208012602339406,0.18221967077474066
ENSG00000175183.9,CSRP2,-0.7836532841432686,NA,0.4332435810306208,0.011545816212172617,0.07311729648661314,0.0011133671486113835,NA,61,61,61,0.07132971440068321,0.059663983605164915
ENSG00000251350.1,LVCAT1,-0.7834697720340915,NA,0.4333512977667654,0.10706828127977347,0.2969542856179366,5.213009344880572e-13,NA,47,48,48,0.00014842540822638376,0.4342821319680945
ENSG00000172113.8,NME6,-0.7824758131118823,NA,0.43393499435932115,0.0021142726234631096,0.030625095300945062,0.03806843036934795,NA,11,11,11,0.005084661311058124,0.0326894212422386
ENSG00000165959.11,CLMN,0.7803563582122426,NA,0.4351811482964958,0.002933966071066799,0.08905462222342325,0.0002414062477651672,NA,49,53,53,2.3061468095754468e-07,0.031437627853838516
ENSG00000277758.4,ABC7-42404400C24.1,-0.7801680320902308,NA,0.4352919762745253,0.0021870883200381026,0.11489960937963135,3.289025536631925e-05,NA,5,8,8,0.07257065075254089,0.06255241797018096
ENSG00000162836.11,ACP6,0.7800528273884044,NA,0.4353597810798707,0.19833347613711377,0.5547121904715407,9.199947672818592e-30,NA,60,67,67,0.06719597413414385,0.2147871326948424
ENSG00000248712.7,CCDC153,-0.7779314241452017,NA,0.43660944166746374,0.004179980827547407,0.03479130358709122,0.023996765994269417,NA,21,23,23,0.0005527569830925717,0.031237676483344412
ENSG00000273264.1,RP11-131L23.2,0.7750871380367829,NA,0.43828817122116515,0.019242310968227663,0.042699673226385036,0.012971901562531677,NA,26,29,29,4.025422008083955e-06,0.1194504082629837
ENSG00000138400.12,MDH1B,-0.7747195473577699,NA,0.43850539782884224,0.008443520070772674,0.08209723008017877,0.0004390942724120628,NA,15,15,15,0.01937741467668967,0.059523909493150715
ENSG00000135823.13,STX6,-0.7740719252483369,NA,0.43888825868523973,0.017295205495110162,0.1493426821922599,1.2962724423924072e-06,NA,35,37,37,4.947699450151852e-11,0.05982806780374
ENSG00000170632.13,ARMC10,0.773663485888721,NA,0.4391298183468323,0.035886086472108995,0.08377020561977808,0.0004151765293205097,NA,89,91,91,2.4767328221088486e-06,0.1901468915350928
ENSG00000260464.1,RP4-561L24.3,0.7735981456265384,NA,0.43916846904143547,0.012644104849644306,0.03752067811890146,0.019808639874884588,NA,46,47,47,0.03481915970483211,0.04513650416078977
ENSG00000232310.6,RP11-557H15.4,-0.7711992636960385,NA,0.44058883057124065,0.004336989023400864,0.03426211552169535,0.026198397994169426,NA,29,30,30,0.07150958269607786,0.058452747941407736
ENSG00000184227.7,ACOT1,-0.7694226809489721,NA,0.4416424284002902,0.04289704876020562,0.09579773378335957,0.00017503371162015026,NA,23,28,28,0.0005324764134045649,0.15555471932433312
ENSG00000101181.17,MTG2,-0.7691023501721415,NA,0.4418325531389864,0.03897260967003627,0.0747869530610941,0.001019195924920414,NA,72,78,78,4.979161946460884e-05,0.2523384036826921
ENSG00000144711.13,IQSEC1,-0.7687381633904825,NA,0.4420487644750172,0.01578888878148744,0.030294719350072025,0.039211502338634095,NA,78,82,82,2.338444043776659e-05,0.11629738852679825
ENSG00000245685.6,AF146191.4,-0.7685200581400726,NA,0.4421782787411046,0.04323508763532572,0.1649301508329023,2.6183650088338864e-07,NA,45,68,68,0.0001999295533764022,0.060277031620411724
ENSG00000027001.9,MIPEP,-0.7684358192445387,NA,0.4422283069104104,0.006280028941002014,0.05114567942394085,0.00625767914614169,NA,24,25,25,0.002041365554020698,0.07198268155841257
ENSG00000100056.11,DGCR14,-0.7679705781328896,NA,0.44250466469779215,0.004136315212892817,0.08219950280871471,0.00028800969257064025,NA,3,4,4,0.005434717090777269,0.08473304448525512
ENSG00000254901.7,BORCS8,0.7671856020838995,NA,0.4429711720502584,0.0035468645560544953,0.03588260139797728,0.023826919031762067,NA,38,44,44,0.0023870162365866618,0.027346342963996885
ENSG00000174227.15,PIGG,0.7664116551119802,NA,0.44343140000852066,0.0023007981383732544,0.03008161667930665,0.04029444380774547,NA,11,11,11,0.07963779860554299,0.03206586323857679
ENSG00000040275.16,SPDL1,0.7654166213195036,NA,0.44402349856147416,0.001110915561163192,0.1034991662079075,7.443420059492007e-05,NA,18,20,20,0.15514666847818284,0.02681464623546372
ENSG00000006283.17,CACNA1G,0.7653763049737042,NA,0.4440474984638846,0.006859828559626959,0.05084245529773515,0.0060963922155693115,NA,18,20,20,0.1731416894933232,0.12320841083078805
ENSG00000135541.20,AHI1,-0.7646635258358291,NA,0.44447193076374847,0.013143004851199165,0.23758953009091985,2.806902722180774e-10,NA,20,21,21,9.573319520890357e-06,0.1508738754879429
ENSG00000162877.12,PM20D1,-0.7643763248406281,NA,0.44464301321137367,0.12201807308005759,0.22172659471959028,1.125560339961852e-09,NA,29,33,33,3.8990622932542176e-05,0.13311981180692642
ENSG00000230310.1,CTD-2192J16.11,0.7638551772774789,NA,0.44495355094967215,0.023621775263899504,0.11225184550975716,4.477316537952867e-05,NA,36,42,42,4.988047623797792e-08,0.12827940393916304
ENSG00000163959.9,SLC51A,-0.7638303450304987,NA,0.4449683509004576,0.03495027518977796,0.20059121078830086,3.455073690839993e-09,NA,11,14,14,0.00844739215875175,0.23984058639739425
ENSG00000185019.16,UBOX5,0.7622310901694797,NA,0.4459220934327399,0.010241766873751125,0.11334446983732666,3.918665297727121e-05,NA,33,36,36,0.011892589425311647,0.06126721028787219
ENSG00000196284.15,SUPT3H,0.7620808094496745,NA,0.4460117756777039,0.04471436941094048,0.09114635422712616,0.0002652190696233419,NA,65,67,67,0.0014514784465426884,0.09163785363657058
ENSG00000171103.10,TRMT61B,0.7617535366414494,NA,0.4462071161123695,0.03698212116468785,0.23031496037611146,7.565493254431169e-10,NA,37,37,37,0.007090573436929504,0.051291534373749885
ENSG00000261770.1,CTC-459F4.1,0.7615863783754214,NA,0.44630690722715816,0.19703979828760682,0.429302239838372,2.448230529741873e-21,NA,54,56,56,0.009511779389694542,0.08582092799436883
ENSG00000173611.17,SCAI,-0.7606739975227617,NA,0.446851809550712,0.0009197560340856224,0.054202473488571684,0.005333511512854523,NA,11,11,11,0.006511660347197547,0.016664074145489056
ENSG00000160226.15,C21orf2,0.7604854356441569,NA,0.4469644717681197,0.014252435383412292,0.031397317486021856,0.031787125435662734,NA,62,69,69,0.0018410896478815017,0.21309474485158167
ENSG00000117407.16,ARTN,-0.7604662891435766,NA,0.4469759123499084,0.017566994078681314,0.07669826440327084,0.0006989497641865607,NA,10,10,10,0.023267496210877342,0.05502262500005888
ENSG00000072041.16,SLC6A15,0.7603074818366744,NA,0.4470708106791589,0.0017996209686106158,0.040840749021636494,0.016111794943256645,NA,4,4,4,0.323945749326085,0.031927382904430965
ENSG00000104964.14,AES,-0.760166259810759,NA,0.4471552102149028,0.0014113441082454622,0.031392160928267916,0.03239131261132195,NA,11,12,12,0.16226142823771184,0.03913065255458822
ENSG00000091640.7,SPAG7,0.7599147115558493,NA,0.44730556725241455,0.0067941894428651586,0.2378171541777415,1.5361620271146482e-10,NA,18,19,19,0.013009214981175788,0.038123431631478126
ENSG00000260475.1,RP11-85A1.3,-0.7595097161135308,NA,0.4475477041198138,0.08174246828508323,0.12329169392117426,8.282036452338707e-06,NA,55,58,58,0.0010453184311732745,0.5409664865771666
ENSG00000163406.10,SLC15A2,-0.7594896566313742,NA,0.44755969912979043,0.004813452520189991,0.04304050498777175,0.011359418751041713,NA,34,34,34,0.00031384046742930237,0.058849280770395515
ENSG00000153140.8,CETN3,0.7591334094557508,NA,0.44777275542903505,0.0023141529491421346,0.04902340934321208,0.008467963393400006,NA,13,13,13,0.00726288556973513,0.060030956029801526
ENSG00000198453.12,ZNF568,-0.7587421374056078,NA,0.4480068250206344,0.026199773954495655,0.09324257085971903,0.0001798059181298495,NA,40,42,42,0.11483291144223133,0.13741261629109444
ENSG00000176623.11,RMDN1,0.7586536116127195,NA,0.4480597932013518,0.04809008063322036,0.4604273796057845,1.692495297228275e-22,NA,64,64,64,0.0006629785606663685,0.06474192386094864
ENSG00000142599.17,RERE,0.7582653501949592,NA,0.4482921460515916,0.028682826430952522,0.04728144144904831,0.010074667579095302,NA,73,79,79,0.00019384319786020518,0.16236592810607806
ENSG00000145949.9,MYLK4,-0.7579204499741781,NA,0.44849860702065614,0.018100777702746856,0.10428951071964113,6.49614107469248e-05,NA,16,17,17,0.4079157065593456,0.07971072912024643
ENSG00000099866.14,MADCAM1,-0.7575633447139051,NA,0.44871243093339175,0.005553287724915456,0.16893936405780524,1.8556281875242702e-07,NA,24,27,27,6.944269186686443e-09,0.09316049514127336
ENSG00000237352.3,LINC01358,0.757528309861017,NA,0.4487334118684273,0.06209910283825898,0.059033265187924185,0.0035856560012631797,NA,48,50,50,0.0007598566710246934,0.3198440388186565
ENSG00000137074.18,APTX,0.7567981667420531,NA,0.44917079131689186,0.004377999078165661,0.09778841186280426,6.487312823795522e-05,NA,19,20,20,0.006484885236047593,0.03134206364166073
ENSG00000125912.10,NCLN,-0.7566575872322376,NA,0.44925503076715545,2.4397943051104115e-06,0.06384315722327204,0.002223796522427309,NA,3,4,4,0.3426398316282766,0.0008943077410918909
ENSG00000183067.5,IGSF5,-0.7560789732990904,NA,0.4496018478931967,0.003997568552401841,0.05518690855715544,0.004778703743025286,NA,11,11,11,0.0020994369017940553,0.046164189928734216
ENSG00000083807.9,SLC27A5,-0.7548211514699773,NA,0.450356300919054,0.012028961033794954,0.09124283444943612,0.00024307729816908091,NA,23,25,25,0.035505080239319864,0.1084431466767882
ENSG00000117411.16,B4GALT2,-0.7543739416693562,NA,0.45062471416415506,0.0034178005907071394,0.098163951542885,0.00015119140530802622,NA,32,33,33,8.898782893324318e-09,0.05550576418957235
ENSG00000184221.12,OLIG1,0.7542992468399243,NA,0.4506695544812781,0.006787930256981316,0.04137417748480034,0.013966244888277322,NA,67,70,70,0.00040846874720433946,0.10748182711236977
ENSG00000135778.11,NTPCR,0.7542156536090239,NA,0.45071973962511225,0.09705634986818232,0.4881114883497817,1.9681131321750718e-25,NA,29,29,29,1.0393142574667439e-10,0.19755383129857088
ENSG00000233670.6,PIRT,-0.7535165745803583,NA,0.45113955514441395,0.004880214305154246,0.0565098304003165,0.004149810215502184,NA,23,23,23,0.0025917949110946695,0.05339259670533028
ENSG00000181027.10,FKRP,-0.7524614776250214,NA,0.4517735877192822,0.015125799956323734,0.1502412954438707,8.470893867333094e-07,NA,17,20,20,0.019992442010315508,0.08134459293273492
ENSG00000196335.12,STK31,0.7495940517493842,NA,0.4534992343975811,0.07729049156371072,0.2700423526950357,1.849823245516857e-11,NA,28,29,29,1.2652139586604121e-05,0.25940360887329056
ENSG00000176531.10,PHLDB3,-0.7488347863267064,NA,0.4539567902370417,0.0334682552019616,0.2435462813845199,1.7413592706186785e-10,NA,11,12,12,0.17750807632987464,0.1086274689114618
ENSG00000273203.1,AC006946.16,0.7483467100135818,NA,0.45425105689668566,0.022205723594989932,0.07962142711887407,0.0006801941209598129,NA,21,24,24,0.0001484065878586678,0.22111749396989694
ENSG00000144802.11,NFKBIZ,-0.747497503001441,NA,0.4547633095068312,0.07550332320041409,0.1457646829908307,2.511415431107876e-06,NA,134,138,138,3.268857251910289e-07,0.2805883874960912
ENSG00000121053.5,EPX,-0.7464902867836604,NA,0.4553712969770837,0.006502658255291811,0.04023588635288138,0.013695425475177759,NA,11,11,11,0.20675099070008018,0.08202362651894689
ENSG00000136560.13,TANK,0.7463836927925891,NA,0.4554356672353639,0.0030142982942083334,0.09734241757541996,0.00016406162257345168,NA,7,7,7,0.38298598260874595,0.0243746908578537
ENSG00000177352.9,CCDC71,-0.7462670972462374,NA,0.4555060831238702,0.015034067262492077,0.07413757774888066,0.0008186468676665144,NA,20,20,20,0.004896925055167177,0.028881553951821355
ENSG00000164816.7,DEFA5,0.7458880686283282,NA,0.4557350333154887,0.03326927354856572,0.053199626291369234,0.005395213183063579,NA,55,57,57,0.0008487109112336742,0.10463839580727682
ENSG00000087301.8,TXNDC16,0.7454347154062012,NA,0.4560089639044178,0.0035466486605336537,0.12261179623147535,1.9481505297478964e-05,NA,24,24,24,0.35487292668984016,0.037100978163468135
ENSG00000134072.10,CAMK1,-0.7450998480891099,NA,0.4562113609559222,0.008225239877389157,0.0605291693894475,0.003154579246378597,NA,47,49,49,0.01978293056045444,0.1325574076948304
ENSG00000261126.7,RBFADN,0.7440880217165546,NA,0.4568232254425453,0.1536232929484609,0.4679391049071663,6.00506491039449e-23,NA,37,37,37,0.042642208572666346,0.09985397937318033
ENSG00000183876.8,ARSI,0.743684674809641,NA,0.45706726301468625,0.005226593628057524,0.06579600062652965,0.0019747863104588627,NA,9,9,9,0.4103088791163574,0.02831318544705085
ENSG00000161526.14,SAP30BP,-0.7433666386062369,NA,0.45725973655047625,0.013719374833250886,0.030793606689129963,0.034304241527881765,NA,46,49,49,0.02410479769542978,0.14101059065349755
ENSG00000176222.8,ZNF404,-0.7421720019166889,NA,0.45798312972325916,0.04802060921151483,0.3221069863269569,3.6079715855208225e-14,NA,53,54,54,0.16650441774923086,0.08953619068089247
ENSG00000196510.12,ANAPC7,0.7415053844451904,NA,0.45838706824443665,0.00037932368458742314,0.031648052690225435,0.025903147241789784,NA,1,1,1,0.45838706824443665,0.09905738814669764
ENSG00000161692.17,DBF4B,-0.7412437480226153,NA,0.4585456620675722,0.03968345250354414,0.2718922933017839,1.3744069858865652e-11,NA,18,20,20,6.06640923512881e-07,0.1987963600531836
ENSG00000188763.4,FZD9,0.7403274157304293,NA,0.45910134955079873,0.0027715107209616867,0.029417031514365324,0.040342864886447095,NA,5,5,5,0.39129492544363065,0.024846294171023717
ENSG00000259134.5,LINC00924,0.7402844885875993,NA,0.4591273909232585,0.019740314247188646,0.02634844475238234,0.04942217929074498,NA,39,45,45,0.0040245147446441336,0.12646233338758547
ENSG00000167644.11,C19orf33,-0.7388076755436864,NA,0.46002379034666596,0.0417393141805186,0.15816878042920318,2.7554106923005066e-07,NA,21,21,21,9.883333240216091e-05,0.062238843192468175
ENSG00000132481.6,TRIM47,-0.7379309254953913,NA,0.4605564251220744,0.02128920387046278,0.1903423860746891,2.0814628081699364e-08,NA,40,42,42,0.00018122238772830433,0.22900086472763465
ENSG00000120328.6,PCDHB12,0.7361249732178012,NA,0.46165464603269113,0.01888703542359419,0.07508300522983401,0.0008584596522694226,NA,14,17,17,0.03930503137662547,0.026887492476718903
ENSG00000136059.14,VILL,-0.7357573528094343,NA,0.4618783793632021,0.08007141084412653,0.3674638712001091,1.3240865034967343e-16,NA,33,34,34,0.0650356616384993,0.20713247592153936
ENSG00000002016.17,RAD52,0.7353161841232551,NA,0.4621469539820541,0.008369574945119591,0.04882324479520391,0.00765890572760208,NA,23,28,28,0.03005958362077718,0.0971584481484796
ENSG00000182118.7,FAM89A,0.7350509518176677,NA,0.4623084640165016,0.051662684581271275,0.21225991148131812,4.643527047498162e-09,NA,45,47,47,0.15318610983251504,0.30114054214622304
ENSG00000171097.13,KYAT1,-0.7348163455540961,NA,0.4624513509363464,0.015228710474071268,0.17394364524818062,1.1382949895132244e-07,NA,20,21,21,7.243437980103201e-06,0.12788725644238413
ENSG00000271743.1,CTD-2541M15.3,-0.7347050648862462,NA,0.46251913502923603,0.06887070983174515,0.1660066645517986,9.168537995800632e-08,NA,64,71,71,0.005501917107772288,0.12275175652212868
ENSG00000214402.6,LCNL1,0.7347013086629869,NA,0.46252142314406863,0.04280151342214046,0.2275281825420315,9.290534206306008e-11,NA,14,16,16,0.1372568133862503,0.14498597623669215
ENSG00000050393.11,MCUR1,-0.7344155268054366,NA,0.462695526547484,0.04114532942031848,0.20227899692019166,1.4340883419382748e-08,NA,55,60,60,0.00034495804011519684,0.12379276903638728
ENSG00000277587.1,CTD-3116E22.8,0.7343135708410025,NA,0.46275764878399495,0.03792936531031341,0.16587917132230567,6.531871531855765e-08,NA,56,57,57,0.081404974954925,0.06672720594287596
ENSG00000159228.12,CBR1,-0.7342834803560688,NA,0.4627759839433282,0.01141952143653142,0.1306897700863863,1.0048575939489123e-05,NA,60,64,64,4.907413101780882e-05,0.08715043706955766
ENSG00000176386.8,CDC26,0.7331852632053273,NA,0.46344544227944406,0.01590554694517561,0.17226928137164635,3.86824826514996e-08,NA,5,5,5,0.05473584005998668,0.0635895405156536
ENSG00000119632.3,IFI27L2,0.7329999390369802,NA,0.46355846657706345,0.013775913318480987,0.15841650899939216,5.099610709683355e-07,NA,43,43,43,0.0021533294009543993,0.034126120837080366
ENSG00000170873.18,MTSS1,-0.731523486534441,NA,0.4644594641185328,0.00909616835029057,0.04519033470985887,0.010650701835369971,NA,128,131,131,0.04942071879466426,0.12322357699536332
ENSG00000224429.7,LINC00539,0.7311811467703381,NA,0.4646685142832516,0.008029488319778184,0.05617937350975667,0.0031870747758599807,NA,11,11,11,0.2073782058727086,0.03759902345872005
ENSG00000145439.11,CBR4,-0.7310947322409707,NA,0.4647212916864598,0.013942710211429354,0.051323770282663335,0.004305646490659104,NA,24,24,24,1.2282692815028428e-10,0.16467490715820554
ENSG00000104970.10,KIR3DX1,0.7294377682569724,NA,0.4657339219817027,0.004397218060767961,0.07451178888428364,0.0009946389875569916,NA,5,18,18,0.08158745204806889,0.11543396702146715
ENSG00000181404.15,WASHC1,-0.7293775852363675,NA,0.46577072504673456,0.010857153125137747,0.18185864935698576,7.374909310062303e-08,NA,17,19,19,0.002303318385556771,0.05275965056051249
ENSG00000261478.1,RP11-429B14.4,-0.7292683821399285,NA,0.4658375089483976,0.0326867971520897,0.1515365372326935,7.84153572255947e-07,NA,13,13,13,4.984224187162317e-12,0.11121989986964284
ENSG00000055950.16,MRPL43,0.7284877239752214,NA,0.46631508068966565,0.008533631020050801,0.0990869040346711,9.524238194042932e-05,NA,20,22,22,1.4823001604010768e-06,0.046310534940175854
ENSG00000169515.5,CCDC8,0.7275849598794085,NA,0.46686769010365337,0.005010940472010787,0.13918287930540335,3.940588733865538e-06,NA,16,16,16,0.06253972004036176,0.04444199931211625
ENSG00000159322.17,ADPGK,0.7268971615173065,NA,0.467288956150575,0.0022866433884766316,0.03749171712307367,0.02157911305643313,NA,7,8,8,0.46488823170550153,0.02409231787476773
ENSG00000138758.11,SEPT11,-0.7262237184810252,NA,0.4677016338979022,0.008341023497550039,0.13680349521984786,5.449995150762644e-06,NA,55,57,57,0.08559241058818125,0.056573370622985765
ENSG00000140254.12,DUOXA1,-0.7259285745765268,NA,0.4678825581432413,0.016482119792290684,0.1530611502531818,1.167306460018106e-06,NA,41,41,41,0.03834573225154944,0.139241682370066
ENSG00000185972.5,CCIN,0.7252784363527998,NA,0.4682812318909976,0.034949710410957444,0.12277986857920335,1.7719377670967566e-05,NA,23,26,26,1.8367834418358257e-05,0.23497856564506014
ENSG00000156381.8,ANKRD9,-0.7251465504915688,NA,0.46836212906792196,0.01473243402598486,0.10576804886476968,5.8867797149905774e-05,NA,19,19,19,0.19375510401498008,0.04985030581022835
ENSG00000143437.20,ARNT,0.7248191801741805,NA,0.4685629674603593,0.01849431469109023,0.18207113085442608,2.0092348105668767e-08,NA,18,18,18,0.15700609227487772,0.116101378317219
ENSG00000198026.7,ZNF335,-0.7245748085239965,NA,0.4687129180747249,0.004714586151458745,0.037406132754128206,0.02178216717280794,NA,29,32,32,0.00036528826259238215,0.18178151029434408
ENSG00000151835.14,SACS,0.7245300525883365,NA,0.46874038395759,0.012298369527819441,0.02768507368957793,0.0457873339739772,NA,43,46,46,0.0017151990281657943,0.11809921437968053
ENSG00000164219.9,PGGT1B,-0.7245054744021381,NA,0.4687554675108506,0.005501012420167291,0.03699599556278093,0.023007759113126643,NA,30,32,32,4.208000133900488e-06,0.07036654319334806
ENSG00000104442.9,ARMC1,0.7237239543022544,NA,0.4692352238962424,0.014901720561111675,0.2128298018201068,5.6326132182927905e-09,NA,10,10,10,0.0016876361981372206,0.08508056563660564
ENSG00000170890.13,PLA2G1B,-0.7217298455799547,NA,0.47046058879605834,0.025777226062881332,0.026806355827595853,0.0479962045946566,NA,15,19,19,0.015126583261068433,0.18064994216905933
ENSG00000134014.16,ELP3,0.721337717048238,NA,0.47070175656272983,0.03716574206156309,0.28525000183838045,2.0070547125244894e-12,NA,28,29,29,1.7684260809591757e-08,0.3108569655997209
ENSG00000248487.8,ABHD14A,-0.7195328560300406,NA,0.47181266564327873,0.0027420765954467292,0.03631940278132509,0.021475639712844663,NA,19,19,19,0.0014876505792278834,0.055133369183432535
ENSG00000273233.1,RP11-713D19.1,-0.7194671123503351,NA,0.4718531587629057,0.01958082181854652,0.03486614717271297,0.022195979767114515,NA,48,50,50,0.0002352732664345312,0.12557972766779468
ENSG00000150764.13,DIXDC1,0.719044918647355,NA,0.4721132436993706,0.002288602703120059,0.029823626447651214,0.04164794478799853,NA,36,39,39,8.941941768539722e-05,0.09456021191355073
ENSG00000171368.11,TPPP,-0.7189098255175116,NA,0.472196482101675,0.0023747714751962265,0.04554472218045412,0.008578846775335259,NA,19,21,21,0.03204195774108449,0.0360984565582157
ENSG00000115602.16,IL1RL1,-0.7179722363669713,NA,0.47277440572443963,0.04892591870470979,0.28994096164477784,1.0856572094506646e-12,NA,38,38,38,0.25830924465270333,0.07193269174357682
ENSG00000085788.13,DDHD2,0.7174634230786445,NA,0.47308819771917554,0.006433857043459737,0.0388939077996222,0.018900993176728453,NA,24,26,26,0.0011625846300946444,0.086902993343121
ENSG00000184897.5,H1FX,0.7172977282001234,NA,0.47319040871032314,0.009557892199297842,0.058833568637225664,0.003505584817885609,NA,20,21,21,0.03398707905925168,0.0735444898796079
ENSG00000103356.15,EARS2,-0.7162613868919359,NA,0.473829964575736,0.02275158363400951,0.27672943833137226,4.2994520460692274e-12,NA,32,39,39,0.0727598087306365,0.16207212081738706
ENSG00000162383.11,SLC1A7,-0.7159195452430229,NA,0.4740410290141438,0.06868964857248888,0.3100094902217692,2.2356743632412826e-13,NA,46,49,49,0.0008200544451706118,0.25781218751592305
ENSG00000249437.7,NAIP,0.7153864045544153,NA,0.47437031097143556,0.02630174869010614,0.03205428120864956,0.03250607813332067,NA,22,23,23,0.0913097012714794,0.10750543654363788
ENSG00000184923.12,NUTM2A,0.7151357258815605,NA,0.47452518024760615,0.05770191614226454,0.3549274376033256,1.7347183440107723e-16,NA,66,75,75,5.07435439837129e-08,0.2596149373277867
ENSG00000154258.16,ABCA9,0.7141733136265186,NA,0.475120016395294,0.02200049307335203,0.09862400992042916,0.0001120456932344166,NA,33,36,36,0.0002741286341072197,0.06380471260516991
ENSG00000085644.13,ZNF213,0.7138990173349536,NA,0.47528962504136196,0.009592085753019718,0.028557035352469413,0.03990557156659184,NA,26,26,26,1.9401133814202696e-05,0.11918228147547627
ENSG00000176927.15,EFCAB5,-0.7138813055843675,NA,0.4753005780848336,0.010711188294244499,0.029208813283256186,0.04091617012225556,NA,11,11,11,0.024922314802905354,0.07178276997457733
ENSG00000204947.8,ZNF425,0.7137921059699459,NA,0.4753557417194435,0.007762125318144902,0.08999694865264564,0.0002714878604005314,NA,18,21,21,0.25902148405013825,0.07395872921291008
ENSG00000087116.14,ADAMTS2,-0.7136967162505,NA,0.4754147373813975,0.14758738740526622,0.23431451727416586,4.2084928416417883e-10,NA,56,63,63,0.0016011360026664343,0.20967261835872586
ENSG00000070761.7,CFAP20,0.7130756188650186,NA,0.4757989655700927,0.007328386352863059,0.03090762796474418,0.032885677699830286,NA,32,38,38,0.004231070191352997,0.09714664197382343
ENSG00000220205.8,VAMP2,-0.7128124695505765,NA,0.4759618084236955,0.004832506187867889,0.1260249214756976,8.988932797742147e-06,NA,18,20,20,0.21893490065505583,0.01853477006670656
ENSG00000162377.5,COA7,-0.7119902048197584,NA,0.4764708416036785,0.00935364117383973,0.12302273414881094,1.67534253968245e-05,NA,64,66,66,0.03459091993642359,0.04169308941002426
ENSG00000143001.4,TMEM61,0.7106620732127883,NA,0.47729366747456625,0.007352435214286059,0.04188285719967445,0.01415685475817252,NA,17,17,17,0.036853804497300274,0.0732915653731191
ENSG00000250673.2,RP11-6L6.2,-0.7098551848787156,NA,0.4777939436320321,0.03524876596207606,0.046923715638482466,0.009764630618915934,NA,73,76,76,3.3283663852985224e-07,0.4287586221393254
ENSG00000272732.1,RP5-1159O4.2,-0.70985003766998,NA,0.47779713585604666,0.01949266962922902,0.09923828616224196,2.610325385128908e-05,NA,25,25,25,0.033131214529246916,0.13096197458874104
ENSG00000154479.12,CCDC173,-0.7096551911984141,NA,0.4779179853817995,0.0398761152142878,0.05426111419830347,0.004203104349046271,NA,80,85,85,0.0030481653931624325,0.16882734148747333
ENSG00000182534.13,MXRA7,0.7096184722427333,NA,0.4779407614320472,0.0864234278773075,0.3942894002929244,8.473971282608721e-18,NA,38,40,40,0.11082743781135068,0.14653442938100636
ENSG00000172954.13,LCLAT1,-0.7095013268042488,NA,0.4780134284238433,0.008218608002235743,0.03152927519463195,0.03502940095159382,NA,21,21,21,4.091980541759986e-05,0.07219549541084795
ENSG00000227066.1,RP3-340N1.2,-0.7094403359716588,NA,0.47805126430103173,0.05929809549099417,0.14779350639174868,6.814374003257643e-07,NA,11,12,12,0.03378144007795541,0.11352506933369574
ENSG00000145545.11,SRD5A1,-0.7082880512743179,NA,0.4787663957290147,0.003421419346437447,0.08446601529037563,0.000473346014048525,NA,49,52,52,0.1123742034549622,0.07137912197703287
ENSG00000142156.14,COL6A1,-0.7079607461629465,NA,0.4789696344718851,0.006225393424836279,0.054644602870916235,0.004899218572985782,NA,20,20,20,0.05622632647232791,0.07760791376640812
ENSG00000083444.16,PLOD1,-0.7079240770780391,NA,0.478992406921275,0.006834010718496458,0.06947537869874583,0.001285810624774074,NA,24,25,25,1.6656069732890945e-13,0.10027552112474676
ENSG00000180113.15,TDRD6,0.7065509566664745,NA,0.4798455755841464,0.05766737431151833,0.2870789844517743,5.909180457520019e-13,NA,63,64,64,0.0030483117703943153,0.14214236283035894
ENSG00000177096.8,FAM109B,0.7063480014150703,NA,0.4799717491835309,0.007725209237783227,0.030240365602766082,0.039857383524883716,NA,20,27,27,0.029080411983471516,0.1088132388054746
ENSG00000085063.14,CD59,-0.7047714193308814,NA,0.4809524975189955,0.007713946401456319,0.1455250729559101,9.849218868276665e-07,NA,11,13,13,0.28587832805277813,0.03006410174697633
ENSG00000221995.5,TIAF1,-0.7044814200190773,NA,0.481133016873614,0.009634768283471935,0.15363781266639875,7.142280805441406e-07,NA,34,35,35,0.025451607382758583,0.034522920815925916
ENSG00000260088.1,RP11-92G12.3,0.7044077025905513,NA,0.4811789105265766,0.09827232469551017,0.4430024235428063,4.030038742205697e-21,NA,21,23,23,0.13106167848462416,0.1601106806603952
ENSG00000197568.13,HHLA3,-0.7039431717604504,NA,0.48146816448420915,0.017058949731126954,0.18633374978765013,4.005290560836105e-08,NA,20,21,21,0.12789058143142312,0.08349079722723078
ENSG00000278311.4,GGNBP2,0.7038158616457629,NA,0.4815474544366857,0.0008706541765097947,0.051445447887931664,0.006669047682739682,NA,11,55,55,0.3141628435601921,0.03832436011567104
ENSG00000276073.1,RP5-1125A11.7,0.7036643240560448,NA,0.48164184275311495,0.017197807096402475,0.07462813897366051,0.0007129655955128363,NA,27,28,28,0.020961646295007963,0.11054785581540227
ENSG00000078043.15,PIAS2,0.7034650082437666,NA,0.48176600604755904,0.0026490592984666356,0.029486186756537306,0.03974180537091515,NA,14,16,16,0.08869859533625339,0.04630196824627464
ENSG00000166558.10,SLC38A8,-0.7025680348338758,NA,0.48232498886455943,0.01876667600042118,0.056372333624221366,0.0032899134779069005,NA,26,26,26,4.9961002265080056e-06,0.08660385289543804
ENSG00000106066.14,CPVL,-0.7014047066277599,NA,0.48305048555139163,0.027165223528122576,0.08236594118420469,0.00045653162050503655,NA,68,75,75,3.824348292332434e-05,0.11567488563399005
ENSG00000272886.5,DCP1A,0.7005937509011129,NA,0.4835565794060568,0.0019010625698786209,0.029517238703662033,0.038442323305224735,NA,16,18,18,0.2700830598009032,0.005783758660784598
ENSG00000197943.9,PLCG2,-0.6997857741856196,NA,0.4840611001830851,0.007741643549968879,0.1379925888619049,3.262769548196766e-06,NA,8,8,8,0.38876362402945364,0.11900306915660198
ENSG00000221953.5,C1orf229,0.6996010628229805,NA,0.4841764786349956,0.017138861745993935,0.08450116457624601,0.0003919050341247242,NA,12,13,13,0.11909908515112803,0.06863017456545506
ENSG00000232504.4,ST3GAL5-AS1,-0.698847320991559,NA,0.48464745189081926,0.004977943464767022,0.034571801889548726,0.026031254254789,NA,31,33,33,7.433849511683905e-09,0.03928160516690265
ENSG00000164941.13,INTS8,-0.6988004219075319,NA,0.4846767648406045,0.011142138083758125,0.06051110254082464,0.0028285763218770924,NA,26,28,28,0.09844509104541646,0.1676670980370395
ENSG00000273295.1,AP000350.5,0.6984467473181696,NA,0.48489785010513886,0.09783534369777397,0.5859698081287416,1.9313718659246944e-33,NA,23,27,27,0.09550055152833732,0.09775937635018853
ENSG00000140332.15,TLE3,0.6979067125335909,NA,0.4852355362239281,0.0036125362778428854,0.047103569967452436,0.00911106318293264,NA,27,30,30,0.0018887853487038067,0.05161052575063535
ENSG00000111275.12,ALDH2,-0.6977145699343563,NA,0.4853557145393598,0.0031321390578247657,0.031924837710848475,0.03081630394929418,NA,55,55,55,1.60166045212924e-10,0.06130364382696619
ENSG00000145358.6,DDIT4L,0.6970970031364431,NA,0.48574208956277565,0.004155257093843599,0.028248685675063525,0.04520671800263077,NA,9,10,10,0.08610561987349322,0.1267628415477897
ENSG00000175544.13,CABP4,0.6953049934356289,NA,0.4868641855923983,0.015698645704504344,0.033905180962953,0.027314192951330172,NA,18,20,20,0.001200624897673526,0.3196972099284176
ENSG00000267079.1,RP11-820I16.1,0.6952292977271045,NA,0.4869116145002761,0.03421455219414651,0.1243908829748874,1.6492043365385966e-05,NA,25,26,26,3.185183378909016e-05,0.1271497862788532
ENSG00000272279.1,RP11-157J24.2,0.6943246304599228,NA,0.48747864796934237,0.17803240918808705,0.3792804999918375,1.9130272451362632e-17,NA,57,62,62,0.06790774634750986,0.23559398959567865
ENSG00000157870.14,FAM213B,-0.6939905150379455,NA,0.48768815719712866,0.001968973345056672,0.12520115036758822,1.1356389647189015e-05,NA,10,12,12,0.0005277008018313471,0.16912426684771106
ENSG00000198130.15,HIBCH,-0.6936477843879907,NA,0.4879031191394796,0.06320195795463046,0.2520147837359064,6.186612615071034e-11,NA,37,37,37,0.05592242478479501,0.1307819089349173
ENSG00000140022.9,STON2,-0.69341174785149,NA,0.48805119185684165,0.0038526317231362787,0.09106431535923296,0.00015508431666400206,NA,9,9,9,0.16023216767536386,0.042593565492083145
ENSG00000182648.11,LINC01006,0.6932431819568257,NA,0.48815695307556817,0.028300810559721994,0.1390759522219674,1.943556043984443e-07,NA,25,25,25,0.031495416510860526,0.04923790526039792
ENSG00000182087.12,TMEM259,0.6926282020142283,NA,0.4885429071391667,0.002065381544444372,0.043481216389693315,0.011901313097419805,NA,10,10,10,0.02489612069100878,0.0724911627358907
ENSG00000075043.18,KCNQ2,-0.6914957254977587,NA,0.4892540660156467,0.004548998835238984,0.032986603193790064,0.02900640314377025,NA,55,58,58,0.011080367411928964,0.0633062559602659
ENSG00000258586.1,RP5-1021I20.2,-0.6910073075627762,NA,0.48956094877278955,0.09087940884305432,0.35833932589487905,3.3335519440964424e-16,NA,34,38,38,0.10933685551788762,0.33227855368520104
ENSG00000164008.14,C1orf50,-0.6909939879249521,NA,0.4895693192188355,0.027279989608266997,0.1647958209142584,3.646803567488456e-07,NA,17,17,17,0.016609043450566102,0.05028241195620807
ENSG00000112110.9,MRPL18,0.6902559984013482,NA,0.49003321356484697,0.00930614155393833,0.11950425561037148,1.1358925363067783e-05,NA,75,82,82,0.0016905849310877425,0.05051381998980956
ENSG00000137033.11,IL33,0.690150525016418,NA,0.4900995326039165,0.006132110442233439,0.20881072879209314,5.430438182033921e-09,NA,41,42,42,0.019558294984262797,0.08922971680985944
ENSG00000100528.11,CNIH1,0.6895418592202336,NA,0.4904823408103315,0.02142384585970796,0.18180796249452352,6.048321229451525e-08,NA,36,41,41,0.015179969170633915,0.11393838296713933
ENSG00000121057.12,AKAP1,-0.6880734343134368,NA,0.4914065387104769,0.0028608172060359417,0.09902837621799278,0.00012964567384510977,NA,8,8,8,0.03736671313926707,0.05363313981568847
ENSG00000204653.9,ASPDH,-0.6878328033457878,NA,0.4915580762537427,0.0009552213342623459,0.03950835810019868,0.01755292503027662,NA,13,15,15,0.047569800306484805,0.02305438196183236
ENSG00000197451.11,HNRNPAB,0.6870154863425745,NA,0.4920729695480368,0.0015052740985222247,0.0434670279319119,0.012862500265641076,NA,20,23,23,0.0894604418743414,0.04416707815485376
ENSG00000152990.13,ADGRA3,-0.6869563417438597,NA,0.492110240680389,0.0037390272120809784,0.11235099030325896,4.27267465158428e-05,NA,23,23,23,0.34939617643727894,0.03556184801449768
ENSG00000205581.10,HMGN1,0.6863454374546826,NA,0.492495302625506,0.005686066185022661,0.03816138847071561,0.019224399861810036,NA,34,34,34,2.6079329014603057e-09,0.04031705241079345
ENSG00000255284.1,AP006621.5,-0.6863288354656834,NA,0.49250576935725543,0.16353560072899068,0.34960106616832193,8.280546651649766e-16,NA,60,68,68,0.00047694290443651304,0.3066298980254901
ENSG00000174990.4,CA5A,0.6863238645974233,NA,0.4925089032666812,0.00923198822539743,0.08795155862358937,0.000326021802822719,NA,8,8,8,0.005047986314155207,0.13915567134980866
ENSG00000233760.1,AC004947.2,0.6859803580906932,NA,0.4927254946037566,0.11198780174973871,0.26331282616306906,3.4047019404028763e-11,NA,62,62,62,0.007684560839566796,0.17975082106849471
ENSG00000130414.11,NDUFA10,-0.6854002456033785,NA,0.49309138911575834,0.028982233971288608,0.08699221924668972,0.0002748067077265855,NA,101,111,111,5.561651543941135e-07,0.28117949133763714
ENSG00000103168.16,TAF1C,0.6853348585179464,NA,0.4931326398567091,0.043732503339244846,0.39653237409664654,3.0306113388361035e-18,NA,15,16,16,0.11242710720451275,0.06943489898256516
ENSG00000175497.16,DPP10,0.6830584785128508,NA,0.49456989113663274,0.007552300634857727,0.21543573635288707,2.8608470335050607e-09,NA,28,29,29,0.07802576805818354,0.14166837166789634
ENSG00000130803.14,ZNF317,0.6826431220535287,NA,0.4948323785483385,0.02591507795644276,0.05203782127075776,0.005138530690443647,NA,59,63,63,0.02673237742405218,0.1570332931100133
ENSG00000226995.7,LINC00658,0.6820906984046656,NA,0.4951816018576042,0.08965941942660761,0.03420134310463485,0.026123921784591227,NA,55,60,60,0.004240971370890023,1.0873542805068022
ENSG00000198791.11,CNOT7,-0.6808470145632141,NA,0.4959682977861104,0.014916135034605106,0.07150467706819683,0.0014068541590908795,NA,63,63,63,4.4022758227243103e-07,0.1689059797149932
ENSG00000146587.17,RBAK,0.6801312501664124,NA,0.49642135887222383,0.041632013900371814,0.13934648947367767,1.931765340902893e-06,NA,40,43,43,5.18506572968013e-06,0.6214870176974838
ENSG00000197372.9,ZNF675,0.6799826809026516,NA,0.4965154271784922,0.006425749267014742,0.0836262902132581,0.0003407662137217625,NA,13,13,13,0.37042063264647873,0.06965169237854217
ENSG00000183346.6,C10orf107,-0.6783726574587764,NA,0.4975354409985865,0.013745599551519643,0.2362009864890368,2.491454867943473e-10,NA,17,17,17,0.2682114753754046,0.054989092673851166
ENSG00000159915.12,ZNF233,0.6782648472234742,NA,0.4976037829009682,0.013570583856309715,0.17497698889358107,1.993592330669227e-07,NA,55,57,57,1.3254052230690886e-11,0.16694840755045912
ENSG00000141524.15,TMC6,-0.6769919267604722,NA,0.49841107665705275,0.003323751011211183,0.09334424978610724,0.00023436255741561356,NA,26,27,27,0.12043590033882842,0.10386128562601993
ENSG00000197360.9,ZNF98,-0.6761419261677117,NA,0.4989505396972762,0.03973819007422713,0.02962553830449505,0.039566802609510905,NA,33,35,35,0.046208967197428404,0.1369507906254147
ENSG00000157578.13,LCA5L,0.6754182035012922,NA,0.499410103391725,0.04549284160216072,0.2357318871645955,5.663425245487288e-10,NA,48,50,50,4.179220670992278e-05,0.08564949922486219
ENSG00000171703.16,TCEA2,0.6753556028675417,NA,0.4994498653373425,0.0006470088316117093,0.03430671265710043,0.02590610324385721,NA,5,5,5,0.48688932186413003,0.023995308327839318
ENSG00000196932.11,TMEM26,0.6752521479555605,NA,0.49951558031499044,0.049682061305978506,0.05611783337608205,0.00244998614969393,NA,41,43,43,1.0130029915248858e-05,0.16969979474948493
ENSG00000134077.15,THUMPD3,-0.675082701612913,NA,0.49962322323306996,0.03392137560475445,0.13112229276875814,5.375167342659786e-06,NA,57,65,65,1.3205678738964494e-06,0.16686042365915446
ENSG00000085365.17,SCAMP1,-0.6750346422195435,NA,0.4996537558081754,7.810949359818036e-07,0.031438753618712165,0.03596096825619398,NA,1,4,4,0.4996537558081754,0.0017201434616556939
ENSG00000251632.1,LINC02172,0.6748414967350216,NA,0.4997764729023013,0.05468902361011052,0.15345630000963936,1.137176182298709e-06,NA,62,63,63,8.206879068705856e-21,0.13099780650836662
ENSG00000274213.1,RP11-670E13.6,0.6746094372179827,NA,0.4999239356072446,0.028174549752156483,0.04337125748090855,0.008736853098435037,NA,26,27,27,0.00017075543599483691,0.2208738307109956
ENSG00000119686.9,FLVCR2,-0.6741468584818074,NA,0.5002179511058187,0.0398749103649869,0.03828809005507527,0.01592737548035917,NA,64,70,70,0.012874823997704215,0.1870691567933804
ENSG00000110628.13,SLC22A18,0.6734058515913166,NA,0.5006891269048463,0.01167937992196098,0.2076952056593604,7.0716453663516135e-09,NA,6,6,6,2.3627400578416177e-09,0.1101588738530005
ENSG00000152642.10,GPD1L,0.6729188904095322,NA,0.5009988935523804,0.00412790805242474,0.054561988644305184,0.00367595828781184,NA,13,16,16,0.1285329131807156,0.20100616446628566
ENSG00000177600.8,RPLP2,-0.672635688060814,NA,0.5011790914467877,2.3055465831875293e-05,0.04586024977102477,0.010370459820581615,NA,6,7,7,0.5296149797248344,0.011857363651317784
ENSG00000137193.13,PIM1,0.6713343721057473,NA,0.502007542679431,0.03912812569616278,0.11235012690184636,3.5708778842675816e-05,NA,76,83,83,2.1071290931142518e-05,0.2442019478994476
ENSG00000147408.14,CSGALNACT1,-0.6713181294335121,NA,0.502017887759464,0.03287894966104101,0.2639087844392467,3.9587142773737456e-11,NA,52,55,55,0.0029968092717971265,0.10682379345618076
ENSG00000228569.1,AC073133.2,0.6710484733764424,NA,0.5021896502095207,0.06838995780787926,0.12277928046488848,1.565669579325704e-05,NA,52,59,59,0.04558522446944296,0.18494420697957156
ENSG00000213523.10,SRA1,-0.6708064616006337,NA,0.5023438305868005,0.008462804438664793,0.14503203530871575,1.3734999993600053e-06,NA,26,26,26,0.048705326029525285,0.05555533477230383
ENSG00000114115.9,RBP1,-0.6707909511999166,NA,0.5023537127754258,0.02793401857627692,0.0423085842651626,0.012581895701915405,NA,42,46,46,0.00033652122985024105,0.15717230793472262
ENSG00000132953.16,XPO4,-0.6701498135382439,NA,0.5027622927068716,0.008861763105161088,0.0867084620301144,0.0002862507528367372,NA,41,46,46,0.02729550802719163,0.07446034048872976
ENSG00000163703.17,CRELD1,-0.6700586757220413,NA,0.5028203866623812,0.00030832582394087074,0.02766143404884663,0.048877236204841364,NA,8,11,11,0.16683551626105697,0.029934303181703113
ENSG00000226562.3,CYP4F26P,0.6689939042434597,NA,0.5034993664612512,0.020486308654695785,0.13405415070967067,5.359200548146246e-06,NA,16,16,16,0.24868181055468952,0.07192670902144803
ENSG00000010361.13,FUZ,0.6687208948597478,NA,0.5036735360900244,0.001958021717863581,0.02645682743866969,0.032635193893099074,NA,19,22,22,0.1980596164642242,0.04944114399824573
ENSG00000184492.6,FOXD4L1,0.667573471256758,NA,0.5044058964227589,0.007966233124632276,0.08398444727899207,0.0004138840344998667,NA,19,25,25,0.04305903980537121,0.1311054922144437
ENSG00000072609.17,CHFR,-0.6673279885793625,NA,0.5045626523185907,0.028689554062708116,0.08637285123342821,0.00034828339222504033,NA,68,79,79,1.2016206849781803e-05,0.2118872957589088
ENSG00000113593.11,PPWD1,0.6666289946683153,NA,0.5050091438855535,0.03004376045218019,0.23644501419915595,5.37814868139198e-10,NA,58,58,58,0.010685405425152228,0.19419136872557494
ENSG00000185043.10,CIB1,-0.6644921910033472,NA,0.5063753452854682,0.013533022491682159,0.09473287708547433,0.00019590591378114606,NA,16,17,17,0.1850443674025094,0.0799331465023277
ENSG00000256427.1,RP11-118B22.4,0.6642689180083196,NA,0.5065182107101887,0.07524357570641574,0.28339212042695083,6.016215188925867e-13,NA,33,33,33,0.006990507184169791,0.10700953784002563
ENSG00000164162.12,ANAPC10,-0.6642570347023075,NA,0.5065258150609762,0.00880311341217234,0.12316360975967565,1.1730845813782612e-05,NA,16,16,16,0.0020244858717174494,0.09769341108116007
ENSG00000088035.15,ALG6,-0.6641377894415003,NA,0.506602125667028,0.008146565102356776,0.06332968772435428,0.001741069285537804,NA,20,21,21,0.015466450306374335,0.06482245095302233
ENSG00000262165.2,RP11-81A22.5,-0.6636376251779857,NA,0.5069222699469913,0.015837313929383853,0.12424104372487987,1.026977970601344e-05,NA,10,10,10,0.000153319369916341,0.2835085858807437
ENSG00000136783.9,NIPSNAP3A,0.6635552026435504,NA,0.506975037022305,0.025972418405324365,0.13230560441345074,6.649052541966524e-06,NA,68,71,71,0.0008118626454999172,0.11167599914514732
ENSG00000178950.16,GAK,0.6626776587345856,NA,0.5075370213269621,0.0007009461573967236,0.03171293089187052,0.0351810304079757,NA,6,6,6,0.37941562076172286,0.011246870189829531
ENSG00000090273.13,NUDC,-0.661261390552587,NA,0.5084446972709429,0.00934555601428478,0.03872989070391473,0.01355046942053637,NA,21,21,21,0.0651124660450024,0.13720267583297188
ENSG00000177414.13,UBE2U,-0.6610516009713504,NA,0.5085792222264526,0.12549947446673815,0.2671820859180887,5.444651159072713e-12,NA,41,41,41,0.18532759897233286,0.18739630939116936
ENSG00000100211.10,CBY1,-0.6603042332096741,NA,0.5090586140955778,0.009746733806990582,0.11685740429619634,2.214701164472992e-05,NA,53,55,55,6.510454736984449e-06,0.07252923841510538
ENSG00000163913.11,IFT122,0.6595358683340825,NA,0.5095517210593253,0.013436908196105107,0.1915840116607386,2.6187599114785538e-08,NA,38,38,38,0.3249090769119327,0.04863881325652655
ENSG00000198912.10,C1orf174,0.6582082278241949,NA,0.5104043385434303,0.06590099403468447,0.2830025689850305,3.8281073414252996e-12,NA,21,23,23,0.0082509952664688,0.1781338657962128
ENSG00000237489.3,LINC00959,-0.6577190966602896,NA,0.5107186490066,0.057852879444063816,0.09433648070427522,6.038894142070256e-05,NA,51,60,60,5.7852376394939317e-11,0.1763910265409863
ENSG00000097007.17,ABL1,0.6571264605394644,NA,0.5110996061447665,0.00018866919404255783,0.036037981495708325,0.02439530981977335,NA,8,8,8,0.301100869498234,0.008176539196002138
ENSG00000157851.16,DPYSL5,-0.6566138399643328,NA,0.5114292475444142,0.0067422975553446994,0.1901991730688742,4.2846961179870084e-08,NA,13,14,14,0.2122374378500076,0.02511056796699429
ENSG00000215114.8,UBXN2B,0.6564620918324862,NA,0.5115268506893507,0.002432991888712313,0.15433973623255834,7.671144452282966e-07,NA,5,5,5,0.4029402525216984,0.020030163955246903
ENSG00000122729.18,ACO1,0.6553613221922847,NA,0.5122351476359972,0.021439394238218813,0.032307887863075466,0.030673341540352107,NA,46,47,47,0.036831909392788714,0.1904802526000317
ENSG00000130517.13,PGPEP1,0.6539836632192125,NA,0.5131223308424328,0.021396058637183794,0.2486544901983013,3.06272541205486e-11,NA,20,20,20,0.03720735169852596,0.08000678503591853
ENSG00000268555.1,RP11-678G14.3,-0.6536537272419453,NA,0.5133349213528379,0.07642268688702916,0.18595842558285464,5.240624092527637e-08,NA,23,24,24,0.03371761480170842,0.14066508543832176
ENSG00000233927.4,RPS28,0.6530828389633381,NA,0.5137028750525379,0.02288422200873115,0.2867048739090111,1.241324208870784e-15,NA,42,47,47,0.0004357937376945985,0.12510769556819215
ENSG00000142405.21,NLRP12,-0.6529097646016037,NA,0.5138144534991219,0.035335934178191176,0.05107991788429905,0.006759100862360029,NA,26,35,35,0.0009079223426826681,0.12848703334714992
ENSG00000164111.14,ANXA5,0.6526510039104086,NA,0.5139812961558607,0.03312259767333263,0.444060962081316,2.170911443124174e-21,NA,47,50,50,0.004142989105364193,0.06525113605672406
ENSG00000230805.6,AL132709.1,0.6523787014956459,NA,0.5141569006188871,0.00893125943614055,0.11042540447261052,5.334406774234635e-05,NA,12,12,12,0.24532396830202452,0.07437345757923136
ENSG00000272361.2,GS1-166A23.2,0.6519095245685911,NA,0.5144595402043229,0.028861219754638335,0.08653679000344831,0.0003228391940923408,NA,18,19,19,1.0788771037344495e-05,0.20890925802904306
ENSG00000164535.14,DAGLB,0.6513488230470232,NA,0.5148213385739102,0.003681664953066401,0.04434147696692367,0.01145803410963642,NA,10,11,11,0.0024516953213085005,0.04303690527998669
ENSG00000240859.1,AC093627.10,-0.6506955544039211,NA,0.5152430335026799,0.009340106504618223,0.1257451879814959,7.235270486985492e-06,NA,17,20,20,0.10218741903441075,0.14066288923476786
ENSG00000170949.17,ZNF160,-0.6505690454559317,NA,0.5153247176945248,0.015070419463960235,0.2046721559544775,6.760970886174507e-09,NA,21,25,25,2.6921753225979466e-10,0.0764591811835963
ENSG00000080371.5,RAB21,-0.6488462969590401,NA,0.5164377293291501,0.009175251600919724,0.051142365545880815,0.0070011276175227025,NA,76,79,79,0.008610094081482564,0.19034427146338076
ENSG00000228716.6,DHFR,0.6488353954806567,NA,0.5164447763844178,0.05671798212569765,0.35164797758909017,1.4457422944120524e-15,NA,54,55,55,0.00013008278706883202,0.0984509793461575
ENSG00000196652.11,ZKSCAN5,0.6486410014858174,NA,0.5165704470879877,0.004461489598015936,0.02758739432193157,0.049724504620093465,NA,2,2,2,0.22598959419311226,0.08686741903865193
ENSG00000172661.17,WASHC2C,-0.6477722967683348,NA,0.5171322358836874,0.020607737308028177,0.0719746918350481,0.0011127706671809462,NA,26,27,27,0.05128348158946696,0.08318128158608687
ENSG00000167671.11,UBXN6,0.6476360391854178,NA,0.5172203819593268,0.002668180937729073,0.1182190414175596,9.769640599497748e-06,NA,5,5,5,0.07569230879766359,0.03505923948268004
ENSG00000197045.12,GMFB,0.647269936759594,NA,0.5174572549526926,0.008500774145684443,0.051414501199104456,0.005760448266791654,NA,42,46,46,0.019618548727689616,0.06539552761547862
ENSG00000155666.11,KDM8,-0.6469977693117529,NA,0.5176333871840781,0.004848055355758515,0.1218617402592666,1.6351202447774033e-05,NA,6,8,8,0.4656698477082224,0.03681834604284958
ENSG00000152910.18,CNTNAP4,-0.6458535289728934,NA,0.5183742176379711,0.047195541419968796,0.22157981825040568,2.757902330586987e-09,NA,98,99,99,8.896058847951042e-26,0.17559017980140276
ENSG00000168395.15,ING5,-0.644812850521457,NA,0.5190484732563183,0.007602523285363925,0.14293826169073107,2.0271747050926153e-06,NA,14,16,16,0.004191974471477235,0.042866742241948017
ENSG00000008838.19,MED24,-0.6447729863467034,NA,0.5190743102605839,0.004410996797775922,0.119407358408905,6.851743490559107e-06,NA,11,11,11,0.0049858444004120366,0.035551282798699776
ENSG00000115523.16,GNLY,-0.6437134705763112,NA,0.5197612531879636,0.03364778254365432,0.13329773893442878,2.73527606868254e-06,NA,24,24,24,0.39089764154501616,0.055542933820862624
ENSG00000086619.13,ERO1B,0.6429614654747094,NA,0.5202491042666402,0.039805991322479084,0.3237964697904183,1.5078190226433282e-14,NA,33,33,33,0.3004634326702197,0.0884522841206586
ENSG00000139192.11,TAPBPL,-0.6425588625027199,NA,0.5205103833770182,0.07328079106581126,0.2242699912474792,5.077889978640436e-10,NA,70,80,80,0.0005606681501763104,0.14381682592772047
ENSG00000119685.19,TTLL5,0.6414185961349506,NA,0.5212507540877851,0.0034370138266158375,0.05397221950502863,0.004682947764791817,NA,10,10,10,0.18489977133183733,0.046119980523423205
ENSG00000157890.17,MEGF11,-0.6396563534412949,NA,0.5223960370080021,0.0013909734295474176,0.027497608451537054,0.04868585725077637,NA,11,11,11,0.00022049796673642043,0.04487005387861116
ENSG00000167011.8,NAT16,-0.6396001549489883,NA,0.5224325817173543,0.1344066452621761,0.0778612872932211,0.0006706505711699966,NA,107,114,114,0.0017575277059197673,0.560130918466373
ENSG00000237753.1,AC079922.3,-0.6392709514633248,NA,0.5226466822724671,0.10640110189122992,0.42066705174631397,4.145498545065314e-20,NA,22,25,25,0.013173920759394874,0.07240753720385934
ENSG00000117114.19,ADGRL2,0.6390572865472021,NA,0.5227856653576042,0.004368808190815946,0.05156873654420238,0.005374806223048693,NA,25,25,25,0.08879957518021335,0.03887000336547269
ENSG00000103245.13,NARFL,0.6384955286576808,NA,0.5231511637736899,0.0023502735012027073,0.0775607927329414,0.0006463538619226798,NA,3,4,4,0.4767501259062824,0.03148640944303134
ENSG00000146530.11,VWDE,-0.6381249569880612,NA,0.5233923418405291,0.01721321439969869,0.12182753038518986,1.349525920861253e-05,NA,18,18,18,0.16672126833372802,0.10962088722173743
ENSG00000113396.12,SLC27A6,-0.638087530513104,NA,0.5234167031744186,0.014028117951818896,0.17875617242611738,9.80531871189734e-08,NA,21,22,22,0.030602269584699873,0.07102779683651368
ENSG00000120549.17,KIAA1217,0.6380040048157918,NA,0.5234710731337475,0.0041674643725543485,0.09970207414508124,0.00011275313617765388,NA,5,5,5,0.12209598768787334,0.07347463734595866
ENSG00000198937.8,CCDC167,-0.6378077912837419,NA,0.5235988071615737,0.009044038707352353,0.10423125383962246,9.84596624568058e-05,NA,12,12,12,0.04720431787938309,0.04397981766304312
ENSG00000101310.14,SEC23B,0.6366083018401606,NA,0.5243800162602645,0.00680761210451569,0.12003595073196968,1.0332656768987609e-05,NA,23,23,23,0.06170831606742534,0.05207327951531045
ENSG00000133059.16,DSTYK,0.6364592803920655,NA,0.5244771133356979,0.009607075834207921,0.06355617807148932,0.0016685709935421505,NA,52,53,53,0.000705932964408754,0.05100989475406266
ENSG00000233276.3,GPX1,0.6360472477513711,NA,0.5247456270812019,0.009561979104563065,0.14355020886966013,1.796859701512069e-06,NA,31,33,33,0.002789839710173681,0.1009089423207106
ENSG00000101639.18,CEP192,0.6359969338250002,NA,0.524778420521429,0.17974267785992326,0.5708772443062551,4.151526749850506e-31,NA,36,38,38,0.01341674751720861,0.07472970935224041
ENSG00000005075.15,POLR2J,-0.6357822708010259,NA,0.5249183446478096,0.006461651318233679,0.08371326512661056,0.0004625551929980231,NA,23,27,27,0.004005869883365925,0.061448761392825624
ENSG00000152292.16,SH2D6,-0.6357584549455709,NA,0.5249338697502256,0.052531402547879635,0.1792857608413191,1.18031857098439e-07,NA,43,43,43,0.021856256789207898,0.21429223182153195
ENSG00000114648.11,KLHL18,0.6355832829333449,NA,0.5250480682702872,0.005835114330903663,0.04901623149810305,0.005615437025180371,NA,35,35,35,0.0030227978251136634,0.07860052042339963
ENSG00000163138.18,PACRGL,-0.6349756557773617,NA,0.5254442924255135,0.016598070638736265,0.1486690042286066,2.1456552846540882e-06,NA,16,16,16,0.062250846151875656,0.1448521297104001
ENSG00000173517.10,PEAK1,0.6344207319277102,NA,0.5258062831677444,0.007181623829088008,0.10813514337615984,5.3540576240766243e-05,NA,29,30,30,0.00012750959607661763,0.02763721533684892
ENSG00000280798.1,LINC00294,0.6336530495860758,NA,0.5263072717310903,0.0020832222132664345,0.09138219736026368,0.00021228577248310213,NA,7,7,7,0.36072049206532253,0.02389295926887311
ENSG00000146918.19,NCAPG2,0.6330392960270835,NA,0.5267079819133538,0.012109229408578295,0.05739751676877074,0.003272239735632991,NA,6,6,6,0.23217108938687592,0.16510163428994853
ENSG00000188004.9,C1orf204,0.6330320389788092,NA,0.5267127208593229,0.03387210733186997,0.1889294264696103,1.3490660439684983e-08,NA,29,32,32,0.006435088091561384,0.16045493995991494
ENSG00000153002.11,CPB1,-0.6330027143101647,NA,0.5267318704672725,0.01834477389468432,0.04230716127486665,0.012285010933827558,NA,16,18,18,0.06659109462141292,0.0630342839182733
ENSG00000147679.11,UTP23,-0.632422812355143,NA,0.5271106313026592,0.0044868089780274465,0.0832554733148574,0.0004226722693403672,NA,10,11,11,0.47645646373637474,0.017578391238388964
ENSG00000134253.9,TRIM45,-0.6316300228732112,NA,0.5276286636315439,0.014955187110390714,0.06229086845028984,0.0023265380425980396,NA,41,45,45,0.014669007385325202,0.06735325652708994
ENSG00000172243.17,CLEC7A,-0.6315547442149146,NA,0.5276778664471693,0.005506295421202627,0.08141056198365101,0.0004344678772295588,NA,63,67,67,5.9557699474150997e-05,0.05284095509805623
ENSG00000271234.1,RP5-894D12.4,-0.6311007822891483,NA,0.527974629672706,0.015475558678263102,0.07007751693941619,0.0013347951369809985,NA,13,14,14,0.049138918535833485,0.09540029214182948
ENSG00000108384.14,RAD51C,-0.6309438200485316,NA,0.5280772585496927,0.007153267024738168,0.15705026751729553,6.802969404531271e-07,NA,23,23,23,0.35584894809046075,0.03808741429343054
ENSG00000204186.7,ZDBF2,-0.6308839686386756,NA,0.5281163947338257,0.001936280745363612,0.0610291808527626,0.0032009813981814443,NA,13,13,13,0.0036301771985478752,0.020386007103210105
ENSG00000131738.10,KRT33B,0.630519031096569,NA,0.5283550553852557,0.006624496154683924,0.028388081304212723,0.04506432661185522,NA,9,11,11,0.15657675743081428,0.1368668771393598
ENSG00000186792.16,HYAL3,-0.6292930211625812,NA,0.5291572394012507,0.041046923973480996,0.3969733631715828,3.370503998051801e-18,NA,16,18,18,0.016114643472655555,0.10812782194582038
ENSG00000178796.12,RIIAD1,-0.6291570178364126,NA,0.5292462651755672,0.006841444531236999,0.037806773026426314,0.020913082203696386,NA,23,23,23,6.337216669115689e-09,0.045746743036294835
ENSG00000272512.1,RP11-54O7.17,0.6263691129343161,NA,0.5310728638701303,0.0052224870064907225,0.0489863716140461,0.008177403436415044,NA,4,5,5,0.4009838000723305,0.07133674242853569
ENSG00000196365.11,LONP1,0.6256913901527464,NA,0.53151738163734,0.0261031155911325,0.2784789938000488,5.772179575125215e-12,NA,22,23,23,0.1807099217431165,0.08911957611487333
ENSG00000183826.16,BTBD9,-0.6252140450929283,NA,0.5318305850047832,0.002668285009500423,0.047691214723413804,0.009054334480947642,NA,30,31,31,5.360737096049454e-05,0.06221049142261911
ENSG00000115339.13,GALNT3,0.6248844408706777,NA,0.5320469048278001,0.029320473333679056,0.06916180610176015,0.0014160652460443585,NA,68,72,72,7.821145294256694e-05,0.08014230712980715
ENSG00000116791.13,CRYZ,0.6237372362793826,NA,0.5328001645420104,0.09547588628624579,0.263947590278615,1.151656624019296e-11,NA,89,95,95,0.00030641616764232494,0.268116762953074
ENSG00000196646.11,ZNF136,-0.6234652485121183,NA,0.5329788320323863,0.010734555056661415,0.0412575977730942,0.015019190251186941,NA,20,22,22,6.325797504027967e-08,0.14562741849969008
ENSG00000145979.17,TBC1D7,-0.6230781078755666,NA,0.5332331951594247,0.03607075519743313,0.279210988088707,5.721592388630397e-12,NA,25,26,26,0.2741305386242977,0.07015299526724818
ENSG00000161940.10,BCL6B,-0.6230248186375212,NA,0.5332682126085009,0.03381443631285644,0.08046063412212144,0.0006583893485241914,NA,47,58,58,0.04733791186448073,0.2525855679813999
ENSG00000114349.9,GNAT1,-0.6228430810217163,NA,0.5333876448589863,0.002271924617017567,0.039650057729036035,0.016719162779023578,NA,21,21,21,0.2034435388436262,0.006916542373228578
ENSG00000232653.8,GOLGA8N,0.6227523216512156,NA,0.5334472941273374,0.027930133863090206,0.18008400378846467,6.487833315668258e-08,NA,37,43,43,0.012110566372269543,0.07322655934535267
ENSG00000136938.8,ANP32B,-0.6222749791946103,NA,0.5337610707031766,0.004727212523619023,0.0394339477547065,0.01491652886884634,NA,31,34,34,1.376200781588986e-05,0.052357998281085484
ENSG00000042493.15,CAPG,0.6220220785693499,NA,0.533927350330939,0.009915641547886732,0.09382626863430543,0.00022315499177436309,NA,39,39,39,0.2444145292018678,0.05335433751671883
ENSG00000173209.22,AHSA2,-0.6217784071849985,NA,0.5340875865702388,0.1060513101027698,0.5435908607786522,3.4928917861547575e-28,NA,29,29,29,1.0864564968456586e-12,0.1505329346700642
ENSG00000172247.3,C1QTNF4,-0.6216894182243901,NA,0.5341461110100755,0.007259125946898387,0.032846301257774116,0.02732404909210563,NA,38,38,38,0.001170416608476987,0.33681984887512245
ENSG00000140450.8,ARRDC4,0.6206276789804226,NA,0.5348446236580876,0.05096999286930737,0.02785556964055759,0.0420908129233934,NA,108,114,114,0.004403385810086514,0.19371007486965244
ENSG00000137103.16,TMEM8B,0.6205225175451786,NA,0.5349138338801058,0.013465846934698888,0.27499311520679426,1.069882632183846e-12,NA,19,22,22,0.15378525889661068,0.05975292121512225
ENSG00000106012.17,IQCE,-0.6201668801631797,NA,0.5351479240759139,0.026517776515977164,0.09347783564261353,0.00022413110182818241,NA,59,60,60,1.3904725530253812e-05,0.39905852762317184
ENSG00000167384.10,ZNF180,-0.6197765466936539,NA,0.535404911616771,0.04124705617482758,0.0665408701750905,0.0020213391823048197,NA,51,53,53,0.06355301409469491,0.25185259205889665
ENSG00000267065.2,LINC02080,-0.6195446568332003,NA,0.5355576125822319,0.08320321643041707,0.18748184516577784,4.896854037224297e-08,NA,36,39,39,0.012212256750850544,0.5444085819616926
ENSG00000106477.18,CEP41,0.6181125052309463,NA,0.5365011796041295,0.0027482549904790992,0.07833199670881884,0.0005956780848323456,NA,17,19,19,0.005448187096030377,0.02620492351397349
ENSG00000157259.6,GATAD1,-0.617782887089294,NA,0.536718465462193,0.008598054549951458,0.11912410202486635,1.9305794897209127e-05,NA,37,41,41,0.0003878684676745357,0.08197281638701752
ENSG00000112339.14,HBS1L,0.6177114870649275,NA,0.5367655385316739,0.054147579975427504,0.4460341249789829,3.3097548953401597e-21,NA,89,90,90,0.0013087185722439666,0.08502250770207945
ENSG00000261098.1,RP11-819C21.1,-0.6176716455838963,NA,0.5367918063832584,0.007996955348439264,0.07237642329768862,0.0012251008533060812,NA,30,35,35,0.04865927142657404,0.046970242402705836
ENSG00000225554.1,RP11-527D7.1,0.6168534056131467,NA,0.5373314223822874,0.01152892385594206,0.1199132548763079,2.484824791053505e-05,NA,34,36,36,0.06770455186841849,0.04727825799801672
ENSG00000196388.8,INCA1,0.6166041808820624,NA,0.5374958361899715,0.02990278419467953,0.02946152127450932,0.042517046755942464,NA,45,47,47,0.001312504232940838,0.19103134702291896
ENSG00000144792.9,ZNF660,-0.6165305661188553,NA,0.5375444047581732,0.0702550571748688,0.2310963256436488,2.4304774548284185e-10,NA,79,82,82,3.2577534808991374e-05,0.1796123041750982
ENSG00000272002.1,RP11-557L19.1,-0.6158813215750533,NA,0.5379728501118252,0.07179418297596846,0.11718275835293918,2.2818387251667542e-05,NA,76,93,93,0.00042072812192938503,0.25159094297328993
ENSG00000186020.12,ZNF529,0.615512185883316,NA,0.5382165242180417,0.005433324202609238,0.06184933979194841,0.0029027071418782128,NA,19,19,19,0.28402699120465824,0.023871066948448236
ENSG00000101605.12,MYOM1,-0.6152258956955577,NA,0.5384055484193253,0.010475148005297006,0.08945750904442154,0.00025557271945989143,NA,22,23,23,0.0002623319915677809,0.2031185064130254
ENSG00000124784.8,RIOK1,0.6145979530191593,NA,0.5388202665898905,0.01663157967839045,0.1117151998292,2.9186612452315003e-05,NA,32,34,34,0.19106225338228922,0.1491250250116166
ENSG00000167553.15,TUBA1C,0.6142734352276548,NA,0.5390346537190736,0.032825085266536234,0.19193157093738286,1.361636675406968e-08,NA,28,32,32,2.9506182635552636e-12,0.07049249224482845
ENSG00000156170.12,NDUFAF6,0.6141210669703231,NA,0.5391353279483811,0.004192878628771789,0.04829465197019233,0.008495513387282645,NA,17,17,17,0.3049144434621619,0.06121086146112631
ENSG00000270127.2,RP11-526I2.5,-0.6139295926267594,NA,0.5392618540871066,0.22842776627112982,0.584508563040527,4.698592817566357e-32,NA,23,24,24,0.05665918988711296,0.2676397419547103
ENSG00000223768.1,LINC00205,-0.6130641344904307,NA,0.5398339338522403,0.07293911121446334,0.4602858821118508,2.020928266337864e-22,NA,30,30,30,0.39394307538379825,0.0740183397394094
ENSG00000101751.10,POLI,0.612690318288462,NA,0.5400811254250532,0.011802916553383534,0.09296029598968078,0.00022263965430265937,NA,37,39,39,2.833254747671145e-06,0.05198431545261907
ENSG00000133731.9,IMPA1,0.6120372975667986,NA,0.5405130810147859,0.015395371731609035,0.17806360424794124,9.491930447085099e-08,NA,38,41,41,1.1912699285050672e-05,0.054306488499289166
ENSG00000198874.12,TYW1,-0.611973606479346,NA,0.5405552201947752,0.10742665767769276,0.452906162893769,1.1868928239439986e-21,NA,64,71,71,2.631269358099824e-15,0.061526912891476215
ENSG00000104783.11,KCNN4,0.6118856116134123,NA,0.5406134418981272,0.0441796296972415,0.24673743277600854,1.6193852789166626e-10,NA,34,34,34,0.09301407211522404,0.09516946549896864
ENSG00000135999.11,EPC2,-0.6113107892973088,NA,0.5409938495466163,0.012974927617542122,0.04431614823306895,0.009261845989542092,NA,30,33,33,4.061884653163431e-09,0.12647300996031136
ENSG00000167325.14,RRM1,0.6112824238238601,NA,0.5410126247974713,0.020835471303811432,0.1771255029543207,4.731686147569415e-08,NA,17,18,18,0.0953629502953661,0.05412123928698587
ENSG00000159387.7,IRX6,0.6111022686800183,NA,0.5411318780011145,0.043150291064193484,0.1985270482711292,1.3825726037298667e-08,NA,30,33,33,0.009605528547188043,0.05389587411066468
ENSG00000135678.11,CPM,0.6099102324274979,NA,0.5419212738696868,0.022577553600648954,0.14428809965936404,2.733450884768775e-06,NA,73,76,76,0.00030770266343342726,0.1051366279162323
ENSG00000214688.5,C10orf105,-0.6093518847372,NA,0.5422912229941103,0.0013741653971980682,0.05837046811613111,0.0034241406293219483,NA,3,3,3,0.3058326055605547,0.03330374555083389
ENSG00000134551.12,PRH2,0.6093260614421218,NA,0.5423083359982386,0.000897226248249873,0.20414826764024305,9.509881523408302e-09,NA,9,47,47,0.0001709787829028322,0.06360413744346513
ENSG00000135773.12,CAPN9,0.609233103080539,NA,0.5423699413970922,0.048724829918998666,0.2821398733325134,4.922153664692428e-12,NA,82,87,87,1.6262906152671043e-08,0.10572316964888692
ENSG00000164182.10,NDUFAF2,-0.6091254963297773,NA,0.5424412589387088,0.006344536194007321,0.057529031972722425,0.004373881861075357,NA,40,42,42,0.0003746799225914986,0.12706010661210226
ENSG00000217702.2,RP11-287D1.4,-0.6083743751741455,NA,0.5429392028062613,0.25880145250751574,0.4714102575207283,4.167749927392782e-24,NA,52,59,59,0.13662687339845225,0.4352892535897283
ENSG00000127399.14,LRRC61,-0.6083171477558085,NA,0.5429771501493146,0.07442482667815735,0.3893470494980859,9.527071406856832e-18,NA,26,26,26,0.11215096166268905,0.07743994256663769
ENSG00000116863.10,ADPRHL2,0.608227761458302,NA,0.5430364245995041,0.0016597082670802925,0.05300191835484914,0.0046113721314459425,NA,4,4,4,6.378400310447195e-07,0.02209039196235989
ENSG00000167766.18,ZNF83,0.6062963353025672,NA,0.5443179916948935,0.02249372617296534,0.2581233562505477,4.815855693889886e-13,NA,7,7,7,0.3830088340551152,0.14586920464183248
ENSG00000168476.11,REEP4,0.6060868917090726,NA,0.5444570549593699,0.002888913294842628,0.040103007759049285,0.01660409341212996,NA,13,14,14,0.002792438651698294,0.03694065186844995
ENSG00000105875.13,WDR91,-0.604135800514083,NA,0.5457533594015872,0.005187226507784951,0.03408795268718988,0.026672588081015358,NA,17,18,18,0.4326628794973082,0.047612175139185
ENSG00000137804.12,NUSAP1,0.6036435058997842,NA,0.5460806814785973,0.05470460009083701,0.16785754163609834,1.7382701523108455e-07,NA,19,19,19,0.058059514786505284,0.08524846275439556
ENSG00000228857.2,AC104653.1,-0.6034639759698249,NA,0.5462000734577173,0.03426838474833677,0.1813176470925593,5.814961158361976e-08,NA,53,55,55,0.03245309412423108,0.05617402497125865
ENSG00000260645.1,RP11-250B2.5,0.6033474561281829,NA,0.5462775690445733,0.016743573230790683,0.0413870305885553,0.015989901656255728,NA,33,34,34,0.0007714234818297989,0.056461078350920964
ENSG00000259363.5,CTD-2054N24.2,0.6030396244961653,NA,0.5464823294221366,0.12560437068716768,0.2297892932815924,7.50296886769622e-10,NA,46,48,48,0.019807440502619282,0.21519898432453724
ENSG00000110074.10,FOXRED1,-0.6016414997022049,NA,0.5474127983698936,0.045435762145318366,0.2792175230687038,4.527078338057379e-12,NA,70,72,72,0.02733131917861481,0.2268746039108881
ENSG00000128218.7,VPREB3,0.6015211858745758,NA,0.5474929052825144,0.08283114123611024,0.17777627921952585,1.4654602367867935e-07,NA,55,61,61,0.01174414327709745,0.20129469612083764
ENSG00000251372.5,LINC00499,-0.6011732078148233,NA,0.5477246273919705,0.06951277846366231,0.29112486071252197,3.4586721248219787e-13,NA,11,11,11,0.0003494256969560761,0.4199887646502215
ENSG00000047346.12,FAM214A,0.6000578058298939,NA,0.5484677115188232,0.009547362886095565,0.06942424259061379,0.0015428158861918366,NA,73,75,75,3.107326196775754e-29,0.09986812638546567
ENSG00000159267.14,HLCS,-0.5996411429205214,NA,0.5487454212597489,0.025868927558171106,0.12216230082429864,1.6062466204428567e-05,NA,44,50,50,1.6948676526738775e-05,0.0926556664233501
ENSG00000151883.17,PARP8,0.5990677305498988,NA,0.5491277194456757,0.007497892377664973,0.035405048407275104,0.023725132261257626,NA,36,36,36,7.281097531114934e-10,0.10463793267039223
ENSG00000276791.1,CTD-2270P14.5,0.5984811698021826,NA,0.5495189196484369,0.11832639056044147,0.5355993921359484,3.1005931404478404e-29,NA,21,23,23,0.07108562235264022,0.23564586993452175
ENSG00000180089.5,TMEM86B,-0.5982191184103919,NA,0.5496937363201211,0.01415083028669257,0.19251745299250686,3.528728593415754e-08,NA,24,37,37,0.02245151362087966,0.08751777454034324
ENSG00000166268.10,MYRFL,-0.5981779072993345,NA,0.5497212310906161,0.204578731365291,0.4565978368479702,2.5853182883674282e-23,NA,68,68,68,0.0050020430159405755,0.2314396162592684
ENSG00000137975.7,CLCA2,-0.5972149984920868,NA,0.5503638467456546,0.004468588655821877,0.05908243857567608,0.0032998279582559997,NA,22,22,22,0.11839911791223034,0.0826022427482467
ENSG00000186198.3,SLC51B,0.5970197055354548,NA,0.550494224345339,0.0021082282699207626,0.04197211396177165,0.011986072712067924,NA,4,4,4,0.5013609504236756,0.04494380824933022
ENSG00000108963.17,DPH1,0.5963905785649402,NA,0.550914332933333,0.0058172812403080995,0.13402350592480206,6.819682710861043e-06,NA,5,5,5,0.21697530034055357,0.0636865460933524
ENSG00000241231.1,RP11-275H4.1,-0.5961082464897596,NA,0.5511029154968908,0.1410577183000815,0.457668678008681,2.8582247208265203e-22,NA,19,19,19,0.2192556589210779,0.08803867185434798
ENSG00000141540.10,TTYH2,-0.596055873865131,NA,0.551137901069317,0.0025474348471457974,0.03742362048100613,0.01753917062873465,NA,26,31,31,0.12367489214470956,0.054674517012802896
ENSG00000248905.8,FMN1,0.5955421672808031,NA,0.5514811214186051,0.04351402220827563,0.12404385413587812,7.797300521363691e-06,NA,73,100,100,0.0020755195682242737,0.2278305342821857
ENSG00000236682.1,AC068282.3,-0.5950360912256121,NA,0.5518193463093473,0.2887957411060837,0.5676605609893765,1.7252367286383784e-31,NA,38,39,39,0.006362702094569455,0.11473779718132295
ENSG00000188674.10,C2orf80,0.5949727171092852,NA,0.5518617081954376,0.001379594577110793,0.09206009921334776,0.0002581491409887361,NA,7,7,7,0.09451474515481982,0.04470545964374184
ENSG00000136514.2,RTP4,0.5942846812539848,NA,0.5523217226635917,0.04433592192615836,0.0592428266397937,0.0033746547387338032,NA,62,63,63,3.214818890163844e-08,0.15113359937249907
ENSG00000108468.14,CBX1,-0.5930910430222918,NA,0.5531202244697563,0.011141805655030635,0.04440231020717948,0.006970735606956342,NA,21,21,21,2.8924552815432956e-07,0.11522987756263732
ENSG00000146872.17,TLK2,0.5927848549072361,NA,0.5533251446640701,0.006481000065769977,0.06628822022266735,0.0017855651254480398,NA,27,27,27,0.03531439094362257,0.1177861563923224
ENSG00000146223.14,RPL7L1,0.5925105214269863,NA,0.5535087773429196,0.0020894978803137772,0.09112225963471172,0.00020174504214530865,NA,4,5,5,0.5445687375595496,0.020655464389896024
ENSG00000166557.12,TMED3,-0.5922580399400983,NA,0.5536778091668377,0.010398237220514394,0.09519111940109357,4.0248662160215085e-05,NA,25,26,26,0.1070133666907265,0.4875720424714009
ENSG00000140470.13,ADAMTS17,0.5918155677185565,NA,0.5539740973403285,0.01388217789530357,0.10010881882164588,0.00010855612502298453,NA,26,31,31,0.009715122150735476,0.08020805330459566
ENSG00000142102.15,PGGHG,-0.591087464554127,NA,0.5544618185410328,0.06982350751348487,0.5348491963987758,5.516631677627401e-28,NA,74,87,87,0.002275867253492098,0.257720477691155
ENSG00000283458.1,RP11-1I2.1,0.5908578214434901,NA,0.5546156889463867,0.07070111206978603,0.03508212330387328,0.016608303820754126,NA,61,63,63,1.4908341387483922e-18,0.2446472968508568
ENSG00000132740.8,IGHMBP2,0.5902234005729413,NA,0.5550408857366536,0.02034463714890241,0.2399125581627646,2.127194662805256e-10,NA,56,56,56,7.802710533861071e-05,0.017282477300360196
ENSG00000123179.13,EBPL,0.5901803763501758,NA,0.5550697268752081,0.03925192687483105,0.2338470237447907,4.789775417231403e-10,NA,94,100,100,0.002347562157963908,0.05948333438218215
ENSG00000013810.18,TACC3,0.5900886523642636,NA,0.5551312161760145,0.009681470108185462,0.05990155281115377,0.0031655273232848572,NA,23,23,23,0.127368916807251,0.0317774078159931
ENSG00000160439.15,RDH13,-0.5898123021088588,NA,0.5553164940954405,0.009952219959022728,0.15729437159803192,4.6194086051225177e-07,NA,10,16,16,0.005018073858640549,0.16123449853192418
ENSG00000151348.13,EXT2,-0.5896247415624327,NA,0.5554422605166305,0.01596635557923285,0.037913541807357634,0.017546401057480426,NA,47,47,47,0.022482186784655,0.12228544292508448
ENSG00000198467.13,TPM2,0.589547918547108,NA,0.5554937772616519,0.039314860667155394,0.33036050400727435,6.4076593089980265e-15,NA,18,18,18,1.8367834418358257e-05,0.0712528861942904
ENSG00000145781.8,COMMD10,-0.5887067476586,NA,0.5560580106397879,0.013600829330578101,0.16214871918165974,5.688593037204299e-07,NA,125,126,126,0.010455626472871326,0.029441758544480293
ENSG00000162782.15,TDRD5,-0.5867364462833562,NA,0.557380726003114,0.03189436467604398,0.2509380915045235,9.665790286973455e-11,NA,34,35,35,0.0004847293879724354,0.1979467068249532
ENSG00000127804.12,METTL16,-0.5853788390560694,NA,0.5582930141166529,0.01209187778586044,0.11524461313365005,3.514434068470769e-05,NA,23,28,28,0.0007251825174293394,0.11283055484612275
ENSG00000151725.11,CENPU,0.5849726629208917,NA,0.5585660983266296,0.01914128422206878,0.18970197623630314,4.940050649512988e-08,NA,28,29,29,0.003301242407246853,0.076864198227958
ENSG00000104936.17,DMPK,-0.5846380814256145,NA,0.5587910960909127,0.0014720302118148814,0.026530035368814184,0.03754037144110209,NA,7,8,8,3.6279997691699705e-08,0.058254716523146774
ENSG00000175782.9,SLC35E3,-0.584605739182156,NA,0.5588128477814653,0.05358368966973689,0.058596290318542986,0.003926513981679162,NA,77,81,81,0.009009577144496123,0.10095777415676276
ENSG00000131379.9,C3orf20,0.5841136430947556,NA,0.5591438564332691,0.033992995382059604,0.13967209565575445,4.327901367209253e-06,NA,28,28,28,0.05638226607064812,0.12958764181526253
ENSG00000250486.3,FAM218A,0.583544753391321,NA,0.5595266389339832,0.008253540522261266,0.028254094909827325,0.0440622904154494,NA,18,19,19,0.13161433317078877,0.19405953380487895
ENSG00000181830.8,SLC35C1,0.583205729046783,NA,0.5597548149259438,0.00666340580961354,0.03807959462565415,0.015757431391493857,NA,34,34,34,0.0008926554080079827,0.06570997470049736
ENSG00000169371.13,SNUPN,0.5831691387034238,NA,0.5597794442857352,0.00528068144431835,0.08100433412013969,0.000633799780947909,NA,8,8,8,0.41867101320598277,0.03334218890956397
ENSG00000075413.17,MARK3,-0.5828291176602901,NA,0.5600083412946615,0.002711505842561292,0.028045641403892645,0.035500993971535826,NA,29,30,30,0.39824431902922286,0.026246369490950255
ENSG00000088298.12,EDEM2,0.5825164598978596,NA,0.5602188577950804,0.0038627411926534117,0.03873465324387842,0.020171964649380238,NA,7,12,12,0.35142738217259883,0.033953449737819094
ENSG00000258768.2,CTD-2292M16.8,0.5809438618996022,NA,0.561278289478703,0.002763161431656063,0.05188018034793433,0.0067806644954446675,NA,15,18,18,0.09608388625968677,0.042833540031814575
ENSG00000267795.5,SMIM22,-0.5796896380723295,NA,0.5621239322672167,0.02110191517746613,0.12714869753037136,1.296447738647246e-05,NA,23,23,23,1.3292504480177146e-05,0.04114657748307906
ENSG00000135698.9,MPHOSPH6,-0.5794649767759842,NA,0.5622754719672081,0.007519494273403405,0.09258143821070357,0.00015325778584904487,NA,42,44,44,4.981723099734512e-05,0.15578374988187144
ENSG00000143369.14,ECM1,-0.5781270541068008,NA,0.5631783429140589,0.0037818977502504423,0.06067340124259761,0.0031176306801158843,NA,3,3,3,5.78314425821215e-06,0.05708730523321566
ENSG00000225331.1,LINC01678,0.5776202437428347,NA,0.5635205364806772,0.18526137602677045,0.2112395775867322,6.015391907707731e-09,NA,126,157,157,2.160082983097609e-05,0.3421143281376872
ENSG00000141497.13,ZMYND15,-0.577246096836282,NA,0.5637732212217365,0.001579316648707501,0.031475216519194896,0.035183370149395495,NA,4,4,4,0.007403829182392947,0.053152542561078285
ENSG00000164823.9,OSGIN2,-0.5767117834617518,NA,0.5641341709895271,0.017353174237361334,0.0696874062307629,0.0013876990368083349,NA,26,26,26,1.4478361201620153e-06,0.0544449716145677
ENSG00000119705.9,SLIRP,0.5761525054802288,NA,0.5645121044929209,0.0016031643826705008,0.03439828812865876,0.022716634523100958,NA,5,5,5,0.0010816943634976474,0.06476064089001365
ENSG00000100162.14,CENPM,0.5760982224820447,NA,0.5645487928514601,0.04083649041058417,0.15710958330254096,7.880025330343644e-07,NA,7,7,7,0.00019091631349120664,0.23721633961752564
ENSG00000247982.6,LINC00926,0.5760286821338524,NA,0.5645957949020497,0.006648638114034519,0.12734893299747907,1.4135234603085293e-05,NA,24,26,26,0.08555352785923197,0.05336088078538792
ENSG00000177868.11,SVBP,-0.5758167626380141,NA,0.5647390420750922,0.02894239723924761,0.1561389295740752,1.1707139490066985e-06,NA,33,33,33,0.005025705141504672,0.06758701951418994
ENSG00000120925.15,RNF170,-0.5751100593139589,NA,0.5652168651443944,0.0006820888483936662,0.033676742080325416,0.02909079518043105,NA,5,6,6,0.19033183552242305,0.024815941274357017
ENSG00000095917.13,TPSD1,-0.5745931614718738,NA,0.5655664781031191,0.03490287058207725,0.21406714724872855,4.660598086509171e-09,NA,13,16,16,0.00735560484831887,0.1531325917679504
ENSG00000143252.14,SDHC,0.5738732815849649,NA,0.5660535545621803,0.011459226651547735,0.054417763089996456,0.005189641743367396,NA,98,103,103,0.0016970170396831206,0.12905639982396902
ENSG00000102543.14,CDADC1,-0.5736499063492244,NA,0.5662047329463131,0.005747940093618871,0.0721125150931608,0.0012059736624621738,NA,22,23,23,0.006360255612365743,0.06910095817240072
ENSG00000104412.7,EMC2,-0.5727477526300956,NA,0.5668154996757461,0.001946609677031558,0.0766629874661389,0.0009004205858922172,NA,59,62,62,0.05502103099282819,0.09962685490030712
ENSG00000146834.13,MEPCE,-0.572454048403399,NA,0.5670144083863145,0.008457848346220265,0.10057900267539573,4.0510446296860806e-05,NA,32,34,34,0.28464107100384173,0.03608147212051692
ENSG00000183317.16,EPHA10,0.571621930554379,NA,0.5675781347559159,0.0021771710982699615,0.04708336265905709,0.008295882496577155,NA,12,12,12,0.03149494580709123,0.014369109641667169
ENSG00000236834.1,LINC00421,-0.5715658625730701,NA,0.5676161282053827,0.01092844088216988,0.0292870053312505,0.033842542434073516,NA,34,36,36,0.008634849275497156,0.4881205290631542
ENSG00000065600.12,TMEM206,-0.570777426328063,NA,0.5681505266187815,0.01047426690445127,0.24020414327616946,3.62765348161982e-10,NA,28,31,31,0.0021187534974572196,0.15390319657315787
ENSG00000174032.16,SLC25A30,0.5697713487036499,NA,0.5688327906254543,0.0038644662685668706,0.07359254575117809,0.0010434369354545693,NA,9,9,9,0.34682275298986776,0.03451694599624943
ENSG00000126266.3,FFAR1,-0.5696797998809282,NA,0.5688948931998516,0.01682252687099109,0.17703999926026562,3.8701669807323945e-08,NA,18,20,20,3.072990607246727e-05,0.1480782043667284
ENSG00000177943.13,MAMDC4,-0.569169549007816,NA,0.5692410836033843,0.007172879447981074,0.08689653882826688,0.00028697972077157006,NA,42,44,44,0.0007218556743973682,0.10843256336796483
ENSG00000078674.17,PCM1,-0.5687913912684451,NA,0.5694977175312113,0.02862287148835018,0.27732443326605616,9.388654516491031e-13,NA,43,44,44,0.00027284071339508335,0.09997764445498176
ENSG00000182362.13,YBEY,0.5687633067202132,NA,0.5695167791028276,0.11833007594384223,0.4294032118421788,4.6367703036569546e-20,NA,38,41,41,0.14429366737420005,0.12207172658745526
ENSG00000196118.11,CCDC189,0.5686100487382277,NA,0.5696208038720281,0.011121730926556878,0.10679860595534396,7.03229862736389e-05,NA,32,34,34,0.08642095690356393,0.14616071962246086
ENSG00000204954.9,C12orf73,0.568322196716807,NA,0.5698162096506079,0.06132440874168166,0.1678325977061796,2.7050974348563387e-07,NA,93,99,99,5.157776459542033e-06,0.14894372106964668
ENSG00000134962.6,KLB,0.5671955524113756,NA,0.5705813294285577,0.04165439887552243,0.18677994742437684,5.125105992856549e-08,NA,35,36,36,7.1459773719324675e-09,0.08372910214085727
ENSG00000006744.18,ELAC2,-0.5666526480882804,NA,0.5709501979518643,0.039912521964904815,0.3024952979028516,5.862824063840041e-13,NA,14,21,21,0.42477116957549554,0.12194671268023433
ENSG00000115486.11,GGCX,-0.565040177395618,NA,0.5720464367943165,0.01726895943890707,0.18505049111490934,1.8262573649857232e-08,NA,25,25,25,0.2061277200725432,0.0385409622985724
ENSG00000148484.17,RSU1,0.5638603968973644,NA,0.5728491441640171,0.011070050131254974,0.054958339589806685,0.00474717226796716,NA,15,17,17,0.01634650081383485,0.09942123244468284
ENSG00000104231.10,ZFAND1,-0.5636818113817473,NA,0.5729706980029112,0.027896730038936494,0.1104384793874778,5.094287175268404e-05,NA,59,61,61,0.0039032568764899695,0.11807247530420148
ENSG00000049759.17,NEDD4L,0.5628480379742997,NA,0.5735383659295916,0.005181130176494123,0.10066261395921274,0.0001197800662176482,NA,26,26,26,0.06872790493277085,0.09560732923919088
ENSG00000184281.14,TSSC4,-0.5627512397333225,NA,0.5736042875029318,0.0034624251130183107,0.05199166600769664,0.006911974759131993,NA,10,10,10,0.02838636541244268,0.0752752119204893
ENSG00000176907.4,C8orf4,-0.5624567905474195,NA,0.5738048354690293,0.008935764958477269,0.04278582242770266,0.013031695533580141,NA,15,15,15,0.0001272404648604848,0.08159909872745445
ENSG00000141527.16,CARD14,0.5618306398636129,NA,0.5742314141834841,0.008777915586166321,0.0335470838614971,0.02972588097200012,NA,9,9,9,0.17766595842664656,0.09619711863311428
ENSG00000106682.14,EIF4H,0.5610963285920727,NA,0.5747318708548437,0.00820788352562049,0.04874728579674559,0.008082469800457612,NA,27,34,34,9.500457891828078e-19,0.1424518603792601
ENSG00000115840.13,SLC25A12,0.5606378882772965,NA,0.5750444172094586,0.0002531056732660753,0.08914450232651717,0.00023800875380660698,NA,8,9,9,0.10992453215460686,0.017891772062691318
ENSG00000237765.6,FAM200B,0.5592853393773841,NA,0.5759669992048168,0.010515744427774386,0.18751974216029654,3.207996305688755e-08,NA,18,18,18,0.17484481807824614,0.11547914970911273
ENSG00000101752.11,MIB1,0.5586164529302556,NA,0.576423508879448,0.014194449086841233,0.20080598357405535,9.573605085746697e-09,NA,10,10,10,0.18504808217364666,0.12788321603112004
ENSG00000143363.15,PRUNE1,0.5583662739558493,NA,0.5765942978840468,0.01703008827337375,0.057285899167781686,0.004186221619573143,NA,25,27,27,0.022795427552820366,0.15709299884227673
ENSG00000213809.8,KLRK1,-0.5581362951136406,NA,0.5767513179666426,0.016702470710599583,0.10536928768705164,6.44792496620258e-05,NA,31,38,38,0.1687443119172528,0.07923659271061377
ENSG00000105642.15,KCNN1,0.5577620889405225,NA,0.5770068536097936,0.002077115896708238,0.10697723717352914,5.6666289802980444e-05,NA,15,16,16,0.000906571073991587,0.023964204081595625
ENSG00000144214.9,LYG1,0.5574061800773082,NA,0.5772499439892379,0.018507328611040087,0.04549274912955795,0.010694983996274105,NA,20,21,21,0.016640716453775007,0.18300298483886526
ENSG00000112394.16,SLC16A10,0.557059645652771,NA,0.5774866778470507,3.786381255690658e-05,0.03221593981108307,0.029608204283061088,NA,1,2,2,0.5774866778470507,0.01432490024007781
ENSG00000064225.12,ST3GAL6,-0.5564610780393064,NA,0.5778956949930597,0.015827933594628096,0.04092811007366382,0.01603852007689087,NA,29,31,31,0.0007848097809467714,0.17507647481117536
ENSG00000143740.14,SNAP47,-0.55636475818964,NA,0.5779615256341597,0.0049407749177272815,0.04175885388837408,0.012151426374694484,NA,64,65,65,0.012146988142129398,0.044361082074474735
ENSG00000273032.1,DGCR9,0.5553744908890575,NA,0.578638536962996,0.005299360597734235,0.10643935282757444,4.0912861972443255e-05,NA,26,26,26,0.0624597455220988,0.0960375320283913
ENSG00000117266.15,CDK18,-0.5549677449469933,NA,0.578916722955304,0.008655004455515296,0.09282528225288894,0.00018384461246640584,NA,86,102,102,0.00290407450960574,0.07829944924348467
ENSG00000136371.10,MTHFS,0.5546400704598754,NA,0.5791408752380467,0.004590896806736179,0.038196826914126236,0.01755768527984282,NA,6,6,6,0.17874340127672528,0.06615832010925532
ENSG00000256537.4,SMIM10L1,0.5537553029265693,NA,0.5797463216294909,0.0012032461752879162,0.16066852634020656,4.5774636314508295e-07,NA,12,39,39,0.003278426436756119,0.10944321105259353
ENSG00000113734.17,BNIP1,0.5536119605734018,NA,0.579844438734253,0.03671959515894133,0.09268629019405447,0.0002344194471586773,NA,64,72,72,0.002911729851879854,0.10662356510983943
ENSG00000162384.13,C1orf123,0.5535865586545765,NA,0.5798618270294962,0.031049861561528305,0.21889647848485447,1.4728700606970589e-09,NA,14,15,15,0.008740149447930601,0.09881951352138384
ENSG00000198964.13,SGMS1,0.5534227741227657,NA,0.5799739478082839,0.013082390009979822,0.04999867817332178,0.006788528502711294,NA,68,81,81,0.00017872726172413696,0.09248264703193408
ENSG00000083123.14,BCKDHB,0.5533141494248269,NA,0.5800483138286932,0.009998667520486958,0.14164866198814635,2.3283252355201942e-06,NA,98,98,98,0.4050143064317735,0.03464571305914767
ENSG00000184709.7,LRRC26,-0.5531296827379651,NA,0.5801746125986585,0.011745828261613401,0.05917542201645034,0.0036881758507757976,NA,15,17,17,0.03319761469000587,0.05692769274504515
ENSG00000120860.10,WASHC3,0.5529352101719921,NA,0.5803077760467839,0.013819043822632777,0.1646267824483685,3.8571006791893933e-07,NA,8,9,9,0.028997637193396916,0.18460182241721548
ENSG00000175970.10,UNC119B,0.5525998288834929,NA,0.5805374591939233,0.011043915639180703,0.06216877828369013,0.0030178536655883913,NA,23,23,23,0.0001754103762564151,0.14128419446082446
ENSG00000136908.17,DPM2,0.5524199864822829,NA,0.5806606403352721,0.022596142286102575,0.2240018759682464,2.142123996944401e-10,NA,49,51,51,0.00013164855469926623,0.1362898012964273
ENSG00000273117.1,AC144652.1,-0.5518710168408149,NA,0.5810367269417456,0.02030772506854226,0.033087973581384204,0.03136289900126093,NA,35,35,35,0.07767701267023726,0.14017836024555458
ENSG00000205959.3,RP11-689P11.2,0.5514400706084884,NA,0.5813320382416458,0.007798284462739757,0.08193347451165585,0.00048525535598183166,NA,10,11,11,0.06622356863352112,0.10071029923339073
ENSG00000135363.11,LMO2,-0.5505997049637563,NA,0.5819081111657152,0.02421008185791855,0.05998638917911815,0.003498882927445062,NA,50,57,57,0.002911172890895675,0.11401450367041445
ENSG00000115604.10,IL18R1,-0.5502713349178923,NA,0.5821332821794358,0.0784070359304173,0.3593879307799386,2.4336661868140856e-16,NA,45,46,46,0.2972067640502357,0.028057918003983755
ENSG00000119661.14,DNAL1,0.5491461734753682,NA,0.5829051401538501,0.006278059912379793,0.09066611827142608,0.0002591147771493404,NA,32,33,33,6.161599311916071e-09,0.1159956199519034
ENSG00000169676.5,DRD5,-0.5487577506207778,NA,0.5831717080796691,0.009321547673723365,0.07883750500545036,0.0006647730013383983,NA,54,58,58,0.007777582826392154,0.060738750649027874
ENSG00000267002.2,RP11-242D8.1,-0.5485417911696422,NA,0.5833199419192845,0.002733036893897385,0.08297547552413262,0.00028192275292178204,NA,5,5,5,0.25817089474911015,0.10667447980909632
ENSG00000111615.13,KRR1,0.5482004128279468,NA,0.5835542986816712,0.011702605823512378,0.16133311995033595,6.765413074932421e-07,NA,14,14,14,0.3457490982953889,0.035788838793216836
ENSG00000224877.3,NDUFAF8,-0.547185515451445,NA,0.5842512862713738,0.006354518470381718,0.0669891607424385,0.0014543768114313488,NA,23,25,25,0.1463901267570787,0.16529209842266576
ENSG00000233895.1,RP1-122P22.2,0.5469337486876819,NA,0.584424248742887,0.11252184712302976,0.051666995272699,0.0058641729699389356,NA,94,100,100,0.00028359130524560356,0.4511893215330378
ENSG00000081665.13,ZNF506,-0.5468227638805055,NA,0.5845005022990846,0.04208044930340951,0.2599880417802499,2.319926547281315e-11,NA,13,13,13,0.041862500709117144,0.10597667888186478
ENSG00000108591.9,DRG2,-0.5467203870247039,NA,0.584570845753682,0.003106146765095955,0.0491281358344245,0.007446935582741699,NA,11,11,11,0.18821154111318705,0.014060519262201348
ENSG00000181381.13,DDX60L,0.5467102478888483,NA,0.5845778125996108,0.005722207526292114,0.06003961464179298,0.002833510190500497,NA,54,59,59,0.032374474389961265,0.14098078590178575
ENSG00000256980.4,KHDC1L,-0.5465136436061976,NA,0.5847129118001849,0.020601588955386163,0.09168650200560932,0.00021736810239002792,NA,11,11,11,0.0144367113348056,0.11005314880492624
ENSG00000280670.2,CCDC163,0.5462494598660167,NA,0.5848944719661822,0.01737247158744023,0.1426093741333133,9.043051175374088e-07,NA,19,19,19,0.0061227456151776724,0.022590944448600242
ENSG00000249526.1,CTB-35F21.1,-0.5459373658124272,NA,0.5851089922362229,0.0004891244561673837,0.060057323457762726,0.002592163016722145,NA,7,9,9,0.443774493435376,0.016999628608897473
ENSG00000224635.1,RP4-564F22.5,0.5447510939284423,NA,0.5859247188277561,0.13405427622973168,0.4682256832236832,8.516112624481018e-23,NA,8,9,9,0.23554524701283408,0.2707564904481196
ENSG00000237190.3,CDKN2AIPNL,-0.5442074537277223,NA,0.5862987231788096,0.0007342028125175004,0.07895253294802536,0.0006528990534749957,NA,1,1,1,0.5862987231788097,0.09283533600532567
ENSG00000263155.5,MYZAP,-0.5441775184820044,NA,0.5863193207360683,0.0077503551603053614,0.06518371906952862,0.002041052892025811,NA,10,10,10,0.3239771811159944,0.041791274759934924
ENSG00000101079.20,NDRG3,-0.5437189878057177,NA,0.5866348640582542,0.0008718499488865774,0.03125988107405599,0.036093612615921006,NA,23,23,23,0.006606552951178297,0.018533872739451743
ENSG00000100678.18,SLC8A3,0.5436895034625923,NA,0.5866551567513435,0.007732167625355897,0.031758690029485434,0.0230579219094992,NA,38,39,39,0.0013239406033154109,0.037044815615351744
ENSG00000124767.6,GLO1,0.5431440564404011,NA,0.587030621062409,0.006311921919450569,0.05260078741953934,0.005717180770158418,NA,41,42,42,0.0013348987771962088,0.13535712855833634
ENSG00000197170.9,PSMD12,-0.5427372720305786,NA,0.587310707902861,0.0018166334769001268,0.034637536820642634,0.02417047550608456,NA,13,13,13,2.5963010822716303e-06,0.052271793184529694
ENSG00000093000.18,NUP50,0.5425619327233367,NA,0.5874314548906268,0.012658891731787704,0.14056673803394829,3.6576164685804534e-06,NA,40,43,43,0.07216027538163343,0.04242695617192783
ENSG00000170776.21,AKAP13,0.5425558480868624,NA,0.587435645266998,0.017721011194767433,0.11044596072324513,4.122435542956985e-05,NA,40,40,40,0.11269186650186272,0.11242679941523598
ENSG00000122952.16,ZWINT,0.5423990667797522,NA,0.5875436224176465,0.035262683774852525,0.11894171570360786,1.4814216572035864e-05,NA,92,93,93,0.004064718222513021,0.1627059120221004
ENSG00000153363.12,LINC00467,0.542332222734156,NA,0.5875896614989521,0.015479818748175743,0.05964225257808039,0.003046335886094716,NA,50,51,51,0.004780861810228051,0.2398630525941613
ENSG00000131408.13,NR1H2,-0.5421591939713034,NA,0.5877088434448179,0.002939360461959281,0.04276710193719453,0.011554662052113005,NA,28,31,31,1.8377171154734977e-05,0.07785013145149307
ENSG00000044459.14,CNTLN,0.5418788666313857,NA,0.5879019562154213,0.00015484692530428766,0.041369809374550114,0.014639290030172974,NA,6,10,10,0.19410266048359726,0.019769759754255045
ENSG00000156973.13,PDE6D,-0.5412320675970419,NA,0.5883476370631368,0.005198137919282087,0.08653639578278417,0.00035266301888648945,NA,20,21,21,0.007745397465681125,0.028633012186085726
ENSG00000226124.6,FTCDNL1,0.5408401504425179,NA,0.5886177659176657,0.09681296856855715,0.2709826054573758,6.14789559704959e-13,NA,13,13,13,0.27720637549075355,0.2431843634862757
ENSG00000221923.8,ZNF880,-0.5405659310233449,NA,0.5888068056736059,0.3218763997623614,0.5620411110383611,1.2570015618983526e-30,NA,108,117,117,6.283248867665111e-06,0.1609709846245241
ENSG00000152061.23,RABGAP1L,0.5405061699054985,NA,0.5888480071579127,0.0018970357484448478,0.0450579337899175,0.007936142129891266,NA,11,11,11,0.4666892358499388,0.012487917307353208
ENSG00000090432.6,MUL1,-0.5397119447736071,NA,0.5893957011346269,0.07370067207027728,0.18952508872708712,2.1879527225770884e-08,NA,80,90,90,6.94213547638531e-05,0.29770858170236186
ENSG00000141698.16,NT5C3B,-0.5394839174165726,NA,0.5895529911433872,0.007394141794358008,0.2425095524295975,2.8072311675920147e-10,NA,23,23,23,3.2031391946547776e-07,0.032749605323771164
ENSG00000260259.1,LINC02166,-0.53899692140761,NA,0.5898889788101691,0.016288795461190216,0.10960265018412724,2.369285065448912e-05,NA,27,29,29,6.200762950315274e-07,0.049891521332966766
ENSG00000080031.9,PTPRH,0.5383341696760048,NA,0.590346365328833,0.0048222986021748335,0.11191872787994106,3.1314106966634645e-05,NA,3,9,9,0.13834499126757588,0.24058742622012785
ENSG00000232229.5,LINC00865,-0.5379429932225166,NA,0.5906164055249117,0.10841885675087679,0.5667584189006055,6.9441701691241275e-31,NA,30,30,30,0.056352201191614375,0.06182513142442241
ENSG00000234584.1,AC019186.1,0.5379027131377291,NA,0.5906442152371874,0.00696038171444014,0.027030957860197304,0.0495447466127384,NA,20,20,20,2.9314327590938003e-05,0.09005132039186055
ENSG00000124813.20,RUNX2,0.536922488880158,NA,0.5913211560522719,0.018723520652586263,0.1220853943805792,1.3302991164333435e-05,NA,55,55,55,0.20062661889724454,0.059907839332473865
ENSG00000122678.16,POLM,0.5365972254479099,NA,0.5915458610648592,0.004686439822138816,0.057172808470144734,0.004115609464616157,NA,17,18,18,0.2879567272766702,0.057314318360690474
ENSG00000196151.10,WDSUB1,0.5357270957395618,NA,0.5921471742973308,0.07194581475962132,0.3086112659269992,2.1803000119537284e-14,NA,65,69,69,0.0004470034453969964,0.09988086239566267
ENSG00000133466.13,C1QTNF6,-0.5352167748396858,NA,0.5924999679335923,0.028531531019463312,0.21059296066692887,3.378984069393914e-09,NA,32,32,32,1.0142214890243908e-07,0.07456537204569443
ENSG00000104331.8,IMPAD1,0.5348728896402265,NA,0.5927377560563738,0.010251032830160782,0.08103208630162367,0.0006324527238595937,NA,51,52,52,4.804809954593491e-10,0.14494673991346144
ENSG00000099284.13,H2AFY2,0.5348317171850238,NA,0.5927662287247788,0.01518777695972281,0.0386404583064855,0.016390025639666808,NA,18,18,18,0.049210675261750415,0.10425878757559476
ENSG00000157542.9,KCNJ6,0.5345566626766841,NA,0.59295645779846,0.0007845894091196095,0.04054941421418908,0.015920840062299147,NA,16,17,17,0.07086097064505525,0.03980725408018383
ENSG00000066230.10,SLC9A3,-0.5345053284170609,NA,0.5929919639268706,0.24443626347130948,0.3564792724714552,1.8268600214432936e-16,NA,94,113,113,0.00020716457228111887,0.34096201816071003
ENSG00000015171.19,ZMYND11,-0.5337824329793898,NA,0.5934920690777088,0.002908348748165033,0.07631161214400513,0.0007949752985422602,NA,13,13,13,0.026090945361949645,0.060773150833312
ENSG00000141295.13,SCRN2,-0.5337328650688448,NA,0.5935263676487561,0.006371579032844115,0.09188817702948078,0.00025730081991908143,NA,12,14,14,0.3543072575784162,0.0987699712501493
ENSG00000215041.9,NEURL4,-0.5326749227452164,NA,0.5942586282872802,0.002663664151731646,0.03722749357230836,0.02075270537046888,NA,44,49,49,1.2228825698133568e-08,0.10271060600145393
ENSG00000283361.1,RP11-569D9.5,-0.5322080693806645,NA,0.594581894729376,0.03865005617587391,0.17854063081014684,1.0895691269693827e-07,NA,48,50,50,0.0024201147927383746,0.18579253289815087
ENSG00000130656.4,HBZ,0.532060040969534,NA,0.5946844118220839,0.01383418825108285,0.04356354506125633,0.013035114765239395,NA,14,15,15,0.00735560484831887,0.08361214695046247
ENSG00000058085.14,LAMC2,-0.5319937166148226,NA,0.5947303473808592,0.12287476801953172,0.1855165411960848,2.107294915579981e-08,NA,122,131,131,0.005529727045450054,0.28554116272773955
ENSG00000198642.6,KLHL9,0.5319025136990742,NA,0.5947935162192419,0.03493341508026186,0.12452014277711125,2.077108449345449e-06,NA,76,84,84,0.0019447917471686847,0.1485718204822225
ENSG00000197363.9,ZNF517,-0.5316096671903044,NA,0.5949963678818433,0.011018762374168989,0.07619601756023152,0.0009475778632239439,NA,23,32,32,0.02364683128170082,0.13329927466760616
ENSG00000178952.10,TUFM,0.5315559506606176,NA,0.5950335801790023,0.008294932898323885,0.11582326548746437,2.911252045578117e-05,NA,16,17,17,0.15928496198006414,0.0485133620611141
ENSG00000100099.20,HPS4,0.5315307639523382,NA,0.5950510287173552,0.02711039406696536,0.1304120218489954,7.200921629439881e-06,NA,66,69,69,0.031001572732831863,0.20601300324779187
ENSG00000271926.1,CTD-2376I4.1,0.5312659562655566,NA,0.5952344930707083,0.012526611663648653,0.0984759923048604,9.792572661040084e-05,NA,4,5,5,0.24066614482226034,0.20263256690403866
ENSG00000135632.11,SMYD5,-0.5310729063717214,NA,0.5953682583793865,0.00501496134856358,0.14127519819929546,3.250584120098497e-06,NA,14,16,16,0.15596227035460686,0.051576554758446976
ENSG00000256576.2,RP13-977J11.2,-0.5307306726491993,NA,0.5956054276697893,0.02731556802074308,0.1829151899980057,9.067500890353024e-08,NA,26,26,26,0.0005538922181513098,0.09301421532278242
ENSG00000120370.12,GORAB,0.530497473123232,NA,0.5957670605222407,0.019442216178070702,0.10392504844851276,7.00053822038024e-05,NA,52,52,52,0.048050955766211746,0.22388804469455967
ENSG00000244733.5,RP11-506M13.3,-0.5302758376916757,NA,0.5959206967230894,0.014030921155313375,0.06392860139340745,0.002429932920524877,NA,33,36,36,0.0002643004250000777,0.15704992361121564
ENSG00000177984.6,LCN15,0.530151821397773,NA,0.5960066718690296,0.09328733283075047,0.2698408414234374,1.01713676656256e-11,NA,29,33,33,1.4709986996258206e-14,0.1502021514383236
ENSG00000275765.5,RP11-54C4.3,0.5300344458886733,NA,0.5960880484522886,0.025586513595389063,0.13723601759276094,4.860531983099847e-06,NA,55,56,56,0.00030708996791196,0.11893156887826452
ENSG00000167695.14,FAM57A,0.5287562377383843,NA,0.5969745593141548,0.03337061225912956,0.13369961322451546,4.955023052156309e-06,NA,42,57,57,0.00873963584904745,0.12438681198505458
ENSG00000145882.10,PCYOX1L,0.5275789930834938,NA,0.5977915764261147,0.004051754603549486,0.07249686156107532,0.0006353974221716842,NA,15,15,15,3.659763299071434e-07,0.07077676386772977
ENSG00000107959.15,PITRM1,-0.5275474674824168,NA,0.5978134624250576,0.016390135376855353,0.15857372478948115,8.390754438621483e-07,NA,28,29,29,0.0018407489213850506,0.07469917845492857
ENSG00000108823.15,SGCA,-0.5270013916359623,NA,0.5981926220746321,0.08784985087559657,0.3713485298639004,1.0032478265610104e-16,NA,12,12,12,0.14124264806190556,0.184829383918674
ENSG00000129038.15,LOXL1,-0.5260122383355604,NA,0.5988797037896404,0.0384443873992921,0.11924821619010513,1.4470970252478875e-05,NA,29,29,29,0.0009166124130553758,0.13251463866691593
ENSG00000101152.10,DNAJC5,0.5252467543151257,NA,0.5994116667088534,0.0010346545348103773,0.0633728881627772,0.002294080819609385,NA,22,22,22,0.02611820756208658,0.05199724168544626
ENSG00000151552.11,QDPR,0.5252262642073593,NA,0.5994259089770063,0.00438067697111673,0.04303887608947227,0.012656348391968105,NA,40,41,41,0.1688824866762686,0.02271145767856309
ENSG00000251580.1,RP11-539L10.3,-0.5250394853263517,NA,0.5995557423446518,0.022466603909291526,0.16384938224892107,2.973009105486833e-07,NA,24,27,27,3.549867118022461e-05,0.07886968870477286
ENSG00000121350.15,PYROXD1,-0.5249811778944731,NA,0.599596275499799,0.01422599560964644,0.08811526952405109,0.0002867334122645406,NA,91,96,96,0.15373669755096117,0.09328183038446386
ENSG00000089597.16,GANAB,-0.5238365433842765,NA,0.6003922339141334,0.001219962529504048,0.08898064177430598,0.00031258680194435826,NA,4,5,5,0.44105820714177046,0.06693393297326422
ENSG00000140386.12,SCAPER,-0.5225959331945896,NA,0.6012554712024625,0.0063341592736040385,0.09180167689199717,0.0001862661844674679,NA,20,22,22,0.0038982126411295647,0.04425635224286746
ENSG00000170891.10,CYTL1,-0.522288760006205,NA,0.6014692939441273,0.010961889483021762,0.09843329665969668,0.00011046597153504925,NA,20,24,24,0.0015565222026125616,0.08988812004561499
ENSG00000124788.17,ATXN1,-0.5222542595101571,NA,0.6014933118248846,0.04028121300004712,0.08301385594148156,0.00048384829228941223,NA,119,125,125,0.004830044344642618,0.14242128205796167
ENSG00000181781.9,ODF3L2,0.5218493794820099,NA,0.6017752056202135,0.0009754281522789481,0.050542015923405584,0.007404206277652256,NA,8,9,9,0.15622745628527943,0.08418257882064363
ENSG00000135828.11,RNASEL,-0.5218052639548679,NA,0.6018059242277701,0.009430668440494498,0.09555296531062604,0.00013173963531748216,NA,22,22,22,0.08991760744953008,0.04168627425870111
ENSG00000092094.10,OSGEP,0.521687621365211,NA,0.601887844796074,0.0666417668777817,0.5014966117323751,3.981305826589961e-25,NA,12,13,13,0.4860084073467057,0.07907680659561242
ENSG00000271967.1,RP11-134K13.4,-0.5212983351932085,NA,0.6021589605628637,0.011668235378916064,0.11921731016413,2.314943052501149e-05,NA,11,11,11,0.4047311820446392,0.09962381541731134
ENSG00000236975.1,RP5-1065P14.2,-0.5208525284902978,NA,0.6024695072636016,0.03644672018251267,0.1257255780727865,1.1630293320644162e-05,NA,35,38,38,0.0012894531571037199,0.16450785682035446
ENSG00000166912.16,MTMR10,-0.5205063097967724,NA,0.6027107312129849,0.0006337856975018066,0.10041526041328162,0.00010427903331351844,NA,8,34,34,0.531422936760122,0.038373537745078526
ENSG00000119977.20,TCTN3,-0.5203514998317111,NA,0.6028186073680739,0.0024014818457557536,0.05689722613118544,0.004547034989490533,NA,2,2,2,0.04399457315585062,0.15816461084397293
ENSG00000260219.2,RP11-347C12.10,-0.5195605076727577,NA,0.6033699296601803,0.005784380660364334,0.061953820387237665,0.002604420563719763,NA,8,10,10,0.08038969767246551,0.15192077906960325
ENSG00000166535.19,A2ML1,-0.5194602724028934,NA,0.6034398099229628,0.027548478780362082,0.09540064587111388,0.00016284788988509268,NA,39,45,45,0.08750486588326858,0.12456104461138053
ENSG00000197728.9,RPS26,-0.5194320339278251,NA,0.6034594973833889,0.29312196779529376,0.6106142954475318,8.817575834236773e-35,NA,93,100,100,0.0005146688593829813,0.2830123718134537
ENSG00000140043.11,PTGR2,-0.5192883423586365,NA,0.6035596815607934,0.041343408815946156,0.402766502324625,7.398311153484111e-20,NA,27,27,27,0.49062088467799647,0.18339163282228804
ENSG00000198673.10,FAM19A2,0.5188166998635818,NA,0.6038885711678541,0.0013907229708931981,0.03905591236439178,0.016683805668361116,NA,16,16,16,0.00921005002242095,0.0708647828705948
ENSG00000161551.14,ZNF577,0.5183788164556807,NA,0.6041939916652432,0.04111223356272606,0.17042558507384467,1.7559252262270232e-07,NA,111,119,119,0.030856444101713038,0.28571556487148386
ENSG00000137877.9,SPTBN5,-0.5180758177105069,NA,0.604405371680262,0.0799144807490138,0.3207853503433735,1.0184619702302056e-14,NA,34,36,36,0.04274636383790014,0.2541469490653307
ENSG00000130812.10,ANGPTL6,-0.517376434375248,NA,0.6048934068433632,0.009453951964516039,0.057806655293206374,0.003574108426262317,NA,6,6,6,0.20581527254494092,0.13297972339250255
ENSG00000196381.10,ZNF781,0.5170346441891617,NA,0.6051319749702069,0.01258424569198812,0.07579678704931436,0.0003606253004272377,NA,18,18,18,0.07470877568518021,0.09105468892110784
ENSG00000115593.14,SMYD1,-0.5166602311013876,NA,0.6053933621372558,0.031831367185981174,0.09107967585368552,0.0002220829653252329,NA,18,22,22,0.014429800494675578,0.2952586485545781
ENSG00000107099.15,DOCK8,0.5165396814655779,NA,0.605477531624647,0.004231079431331385,0.03725531265319894,0.008406170634177404,NA,20,23,23,0.023339387572370057,0.14385800268370186
ENSG00000153208.16,MERTK,0.5156679646547289,NA,0.6060863327524219,0.00934824210647153,0.113843029458593,2.4560017551887564e-05,NA,16,16,16,0.10682628811977318,0.2839098128420399
ENSG00000139899.10,CBLN3,0.5154597620947967,NA,0.6062317805218362,0.04829208730335674,0.2934617013162035,7.053254875282358e-13,NA,24,26,26,3.091291246790335e-07,0.1564033173750427
ENSG00000007516.13,BAIAP3,-0.5142899320408931,NA,0.607049299662004,0.03439457111828573,0.2759256013951334,1.9418111866573542e-12,NA,57,61,61,7.676082722552466e-08,0.21519315670039804
ENSG00000063046.17,EIF4B,0.5139941466921599,NA,0.6072560830156417,0.008575816771412049,0.09203134269363718,0.000267844380937429,NA,63,64,64,2.674639759406768e-12,0.09046709494809313
ENSG00000136870.10,ZNF189,0.5139346722932729,NA,0.6072976653278389,0.008287880399302176,0.11677695369277953,1.7228128219283798e-05,NA,12,12,12,0.5208492921974559,0.022666251634687332
ENSG00000171067.10,C11orf24,0.5138305495614731,NA,0.6073704671725946,0.015740022326601107,0.22770754181258376,1.2168117965011156e-09,NA,17,17,17,0.20292194852104928,0.05372714257678024
ENSG00000101160.13,CTSZ,0.5136264041967055,NA,0.6075132154076499,0.0034890080705063326,0.06295707253225319,0.0025857096806971105,NA,17,17,17,0.038700363798252195,0.033162946149859165
ENSG00000168300.13,PCMTD1,0.5136103295986989,NA,0.6075244561737035,0.004986288500344866,0.1075617475474522,4.928622205789539e-05,NA,13,13,13,0.05755736973915245,0.08384861374274721
ENSG00000105671.11,DDX49,0.5135834401210522,NA,0.6075432598577735,0.0019322173054174068,0.055994491852355166,0.004439511410537966,NA,17,19,19,0.012165013829615434,0.0475193060646891
ENSG00000146830.9,GIGYF1,0.5127652619942755,NA,0.6081155320514758,0.00667869304749516,0.12111939534935436,2.1735797791204682e-05,NA,19,21,21,0.001939623192362825,0.21263933589067086
ENSG00000163634.11,THOC7,-0.5125646261909941,NA,0.608255902826417,0.011646770152152368,0.19458406797179406,2.6025133059667984e-08,NA,53,55,55,0.02299807744012167,0.06133129199134976
ENSG00000067221.13,STOML1,-0.5119230938229333,NA,0.6087048348083057,0.00801443472804906,0.09380541116225713,0.00013883452618520932,NA,97,99,99,6.974925936440288e-10,0.12323016263998812
ENSG00000163956.10,LRPAP1,-0.5116829433453871,NA,0.6088729254213415,0.0025637626885675665,0.058914682726213176,0.002955842619060674,NA,4,5,5,0.09447493428881099,0.05239061594673435
ENSG00000188404.8,SELL,-0.5112661022994609,NA,0.6091647376411521,0.015588511832701938,0.17452578656555154,1.2817053920516947e-07,NA,18,19,19,0.20271401635217923,0.041775818329763716
ENSG00000273998.1,RP4-777L9.2,-0.5100653327149652,NA,0.6100056915186841,0.018996835677991725,0.050350684661247404,0.0068664945763467575,NA,17,18,18,0.0005234577153361244,0.12727370464696486
ENSG00000169715.14,MT1E,0.5100362003932106,NA,0.6100261006216698,0.010333337886466742,0.04014686070370501,0.016323307005771514,NA,16,16,16,0.011025444474677392,0.11160332576165916
ENSG00000163040.14,CCDC74A,0.5098194261894944,NA,0.6101779746983279,0.003401456950384022,0.10740582399784288,5.415177116683623e-05,NA,16,18,18,0.21085422774631746,0.024506058257196747
ENSG00000108556.7,CHRNE,-0.5089589207150005,NA,0.6107810185623777,0.06524742125871269,0.2384434602749494,2.3803338455029177e-10,NA,27,28,28,0.003240229570338661,0.20411821947969785
ENSG00000152223.12,EPG5,-0.5089340757104818,NA,0.6107984339138408,0.016956117159065018,0.10472837426207927,6.714797438179229e-05,NA,25,27,27,0.008314701941277912,0.06391775543323401
ENSG00000282142.1,CH17-174L20.1,-0.5087912227524677,NA,0.6108985723794602,0.017243436103426678,0.03672866124353938,0.02257552579564652,NA,12,13,13,0.08717821061459477,0.09171176266945444
ENSG00000171045.14,TSNARE1,0.5085765716151356,NA,0.6110490543207416,0.026924816396770492,0.14805928680532882,9.332834934762636e-07,NA,34,38,38,0.06474962782338192,0.2926205582474802
ENSG00000188130.13,MAPK12,-0.5076231269006227,NA,0.6117176686012468,0.03578176049994611,0.3018558523240108,1.7591082596183576e-13,NA,21,25,25,0.0019174461932840268,0.09701447531194814
ENSG00000177990.11,DPY19L2,0.5070546597440859,NA,0.6121164669112591,0.041808812106175236,0.03884198002127542,0.0199313172994614,NA,117,125,125,0.0007482502864958588,0.21824207967095965
ENSG00000144455.13,SUMF1,0.5063203877757091,NA,0.6126317528649219,0.07330784394065337,0.28220329696578017,5.346707969533203e-12,NA,44,50,50,0.05219055891716858,0.20979361435610772
ENSG00000151632.17,AKR1C2,0.5059526060299715,NA,0.6128899210483783,0.05904805803618137,0.20974593825912488,1.079181934493286e-09,NA,28,33,33,0.001459125923862282,0.1506863828817846
ENSG00000065457.10,ADAT1,0.5059291999102795,NA,0.6129063528414838,0.016275264266701815,0.16603728419995215,3.0213671591305744e-07,NA,18,18,18,0.40289235257809175,0.08793167424953931
ENSG00000185483.11,ROR1,0.5056439614214041,NA,0.6131066143881734,0.08185711672702292,0.044165196695304984,0.010621191447162144,NA,89,95,95,0.0077344617115169415,0.555318282513106
ENSG00000272138.1,LINC01607,0.5055166554050988,NA,0.6131960033037822,0.0057682207690804965,0.03175247449513753,0.028733171060349463,NA,3,3,3,0.1739168133349599,0.09490859960332848
ENSG00000205364.3,MT1M,-0.505195559998072,NA,0.6134214885079814,1.1155456316183811e-05,0.04200565595538014,0.012561804821244414,NA,2,3,3,0.4278499643150867,0.0035485129828402118
ENSG00000272864.1,RP11-17E13.2,-0.5048553860777593,NA,0.6136604112624688,0.07834644601617885,0.34412973575489136,2.7713284653095714e-15,NA,34,35,35,3.319784758535141e-07,0.06580014937894205
ENSG00000135631.16,RAB11FIP5,0.5032445783706222,NA,0.6147923265119948,0.003503042135872225,0.02873510439404953,0.03736522468812025,NA,47,50,50,0.00016822536174509756,0.0416912655010851
ENSG00000162753.11,SLC9C2,0.5026328303868879,NA,0.6152224426978892,0.007653015100635809,0.13759352661702678,3.7433487504356462e-06,NA,26,26,26,0.406368495551518,0.13086168711410295
ENSG00000104979.8,C19orf53,0.5024287214972816,NA,0.6153659798181741,0.0098126545297957,0.1485297225030663,1.4883090201436463e-06,NA,23,26,26,0.013017002509441862,0.0848048042959212
ENSG00000185519.8,FAM131C,0.5004406999838684,NA,0.6167648012802979,0.0595812141801688,0.21250170108227573,1.8935462876499974e-09,NA,54,56,56,0.012797610771258938,0.1702077716184524
ENSG00000106153.12,CHCHD2,0.499876098594849,NA,0.6171623229315641,0.002587864371065743,0.13159422034700752,7.239834771635628e-06,NA,13,14,14,0.07802725784171187,0.043493296645755984
ENSG00000203546.7,RP11-176H8.1,0.4994688106924827,NA,0.6174491537827707,0.012919704172980797,0.1096768572246122,5.379633951551425e-05,NA,8,8,8,0.21664652420963015,0.03916729866472428
ENSG00000099282.9,TSPAN15,-0.4981183718166102,NA,0.6184006121955548,0.0034409593214491355,0.23543828776989895,3.9002452682770086e-10,NA,29,31,31,0.04792529930242601,0.0331388642546718
ENSG00000011422.11,PLAUR,-0.49802415776384845,NA,0.6184670150806115,2.2374123661367157e-05,0.05976437694495632,0.0027040583324691872,NA,5,7,7,0.6419397774815147,0.0040753146638946415
ENSG00000070950.9,RAD18,-0.496884633380888,NA,0.6192704084070209,0.014101892611923517,0.03766720553222375,0.02057192596399031,NA,17,21,21,0.0390528236746491,0.12669803394213935
ENSG00000180914.10,OXTR,-0.4959609898007771,NA,0.6199219342600217,0.03462931618353815,0.11135680519243336,5.106636235640268e-05,NA,24,26,26,0.02665293663212935,0.12080628516588585
ENSG00000272541.1,XXbac-BPGBPG55C20.1,-0.49595346772056864,NA,0.6199272414610562,0.05314055720506708,0.22030533598141275,2.5985214608613933e-09,NA,56,67,67,0.0011568067005701388,0.18351521519461675
ENSG00000104219.12,ZDHHC2,-0.49578092279258035,NA,0.6200489859095603,0.028439403147740565,0.08224157891983125,0.0005307482196601582,NA,173,181,181,1.4244776275613678e-06,0.16951882960568793
ENSG00000140400.16,MAN2C1,-0.49566950081037336,NA,0.6201276086942517,0.03475048862399037,0.4518978174933602,7.190847142815669e-22,NA,13,13,13,0.47749049791793086,0.04941171741212706
ENSG00000183155.4,RABIF,0.49476081258192195,NA,0.6207689691600626,0.0019378239246758756,0.034948524000020624,0.02768937612592303,NA,27,29,29,0.5187031913452291,0.07415840328651073
ENSG00000110274.15,CEP164,0.49469290361765367,NA,0.6208169115155859,0.005064505982162691,0.05344904675395143,0.004729743432067671,NA,28,30,30,0.04645555351780586,0.036357481908033305
ENSG00000009830.11,POMT2,-0.4937604024287176,NA,0.6214754013306627,0.008339956025643275,0.11798781158055252,2.320883145656935e-05,NA,51,53,53,0.06515319732058317,0.06681187631122165
ENSG00000198218.10,QRICH1,-0.49247792051959727,NA,0.6223815268264556,0.0036795310471509487,0.04694879018257605,0.009614945860196074,NA,11,12,12,0.10479944740214497,0.0420319340273196
ENSG00000206562.11,METTL6,0.4920680406096485,NA,0.62267124438507,0.003114933518904305,0.03874626975258807,0.01950346067957167,NA,20,21,21,0.2654910367485218,0.029562253915287936
ENSG00000180902.17,D2HGDH,-0.49182571786421264,NA,0.6228425541272851,0.05783641760882734,0.2990226892706373,1.536898259886729e-13,NA,18,19,19,0.004191974471477235,0.09757205662186974
ENSG00000180096.11,SEPT1,-0.4915970628963416,NA,0.6230042201755059,0.028526846885368468,0.1198747308905826,2.822543315770003e-06,NA,24,25,25,3.4654267071805395e-06,0.373722101127336
ENSG00000135362.13,PRR5L,0.49092461209141997,NA,0.6234797687275404,0.0038950283623201466,0.09107021687671003,0.00022649360858669322,NA,34,34,34,0.0022293299582607337,0.029171137857994908
ENSG00000075131.9,TIPIN,-0.4902245531888231,NA,0.6239750081856495,0.1268846976571998,0.2929530788786393,1.6695546570314717e-13,NA,62,65,65,0.0014466068512180537,0.11457381157458266
ENSG00000146833.15,TRIM4,-0.49015401662549285,NA,0.6240249169728699,0.0690986898356214,0.3579088512888145,2.85989090591792e-17,NA,58,60,60,0.0008697332922256931,0.14920416565844033
ENSG00000115935.17,WIPF1,0.4901081963845027,NA,0.6240573384258601,0.008315705111827458,0.22940100204356825,5.427435668131736e-10,NA,12,12,12,0.21968623488202288,0.039522404605397035
ENSG00000116783.14,TNNI3K,-0.48989595120876006,NA,0.624207528210541,0.0439556643980042,0.2611571389157467,1.892874326158689e-11,NA,39,42,42,2.0876263463114536e-05,0.17564263481714512
ENSG00000188629.11,ZNF177,0.4883603412270396,NA,0.6252946276506859,0.014410886993028685,0.1092483974948641,4.3286074043587e-05,NA,4,4,4,0.21400341676904422,0.25461567485863057
ENSG00000185627.17,PSMD13,-0.48795801786521154,NA,0.6255795780415186,0.01852483759063988,0.2493576231058721,3.8944769723497365e-11,NA,42,47,47,0.0370767208209558,0.10464087648962156
ENSG00000180921.6,FAM83H,0.4878260591721905,NA,0.6256730515690436,0.02338048049568085,0.2311871125739896,4.538952908555636e-10,NA,15,17,17,0.3404076901848627,0.1721410621067468
ENSG00000122507.20,BBS9,0.48781266618768415,NA,0.6256825388856035,0.018414000484618963,0.11183430578795167,3.228138735724947e-05,NA,44,45,45,8.303752981131288e-07,0.06799289075408227
ENSG00000169519.20,METTL15,-0.4872824571057802,NA,0.6260581779506247,0.01199654616118545,0.060508905683388375,0.002774554528412079,NA,48,49,49,0.0026364223858187028,0.0516379858081813
ENSG00000264278.1,RP11-162A12.2,-0.4867454520973623,NA,0.6264387306862624,0.0013370464797780477,0.027898118650698224,0.0449182391521228,NA,13,14,14,0.2903062912751524,0.031536636304964984
ENSG00000184465.15,WDR27,-0.4866010450779554,NA,0.6265410828095627,0.010822853510593082,0.10272055934923464,7.217911499117866e-05,NA,35,36,36,4.3224728985966045e-05,0.05032194739974428
ENSG00000238266.1,LINC00707,0.4864587627247928,NA,0.6266419360564317,0.006811002015372938,0.04583027009494745,0.009277689222719012,NA,9,10,10,0.009396000174064766,0.05579457860351182
ENSG00000164344.15,KLKB1,0.48572258448829503,NA,0.6271638688424583,0.030767076646725254,0.20144579819904745,4.3517851297272806e-09,NA,16,17,17,0.00822306289536703,0.10210424412812713
ENSG00000185860.13,CCDC190,-0.4857152172074145,NA,0.6271690930123659,0.015355065030685316,0.03231707412126455,0.033325437062547036,NA,33,35,35,0.03555778739035607,0.21389469660679866
ENSG00000114796.15,KLHL24,0.4853326547444636,NA,0.6274403953506005,0.003388894120217847,0.09297436041585744,0.00017109474247304694,NA,54,55,55,0.11776544751097473,0.06332068669697352
ENSG00000011260.13,UTP18,0.48498207439919905,NA,0.6276890611241419,0.011429110026196825,0.12118515573768247,1.5998865239122715e-05,NA,17,17,17,0.006078690156943983,0.03333405798088759
ENSG00000230438.6,SERPINB9P1,-0.4840230244854913,NA,0.628369528839891,0.04404535977210116,0.4124699357424511,2.0420152236218359e-22,NA,28,31,31,0.004282178961956039,0.2540813979647493
ENSG00000179639.10,FCER1A,0.48393859992019056,NA,0.6284294451256819,0.015932641660558952,0.07016854813959546,0.001527655671204186,NA,15,16,16,0.14123971513346703,0.06763509703506093
ENSG00000165474.5,GJB2,-0.48384623066796467,NA,0.628495002576337,0.00801723573550036,0.05692067136635694,0.003776436536600453,NA,18,18,18,0.08309373356495989,0.08097230286839383
ENSG00000137955.15,RABGGTB,-0.4831205490182022,NA,0.6290101442493807,0.003446365113274053,0.06505141972098813,0.0022570971462416625,NA,14,15,15,0.07303926605589876,0.0608877670081498
ENSG00000186567.12,CEACAM19,0.48294264000063625,NA,0.6291364646028368,0.026494419566340643,0.2287427254459895,3.102727846275148e-10,NA,40,43,43,0.004114643620295574,0.2731245518018125
ENSG00000109794.13,FAM149A,0.48292490911338803,NA,0.6291490546210297,0.024565799789181886,0.33858426110411444,4.357676490156623e-15,NA,15,15,15,0.08019739637627613,0.04539465459812952
ENSG00000141252.19,VPS53,-0.481348740756231,NA,0.6302686612732691,0.007472506295372045,0.13330872828266693,5.1813274954808345e-06,NA,34,35,35,0.22379254284895223,0.04249154218288377
ENSG00000150593.17,PDCD4,0.47952511008639526,NA,0.6315651091324945,0.0023319051768080964,0.03744108724217958,0.02019005520545586,NA,12,12,12,0.2331949117784008,0.03112316369991228
ENSG00000011295.15,TTC19,0.478576285246725,NA,0.6322400924940199,0.003020815895933675,0.10795249665787242,5.6503016971571945e-05,NA,21,21,21,0.21002250393316857,0.10966760503589404
ENSG00000205181.5,LINC00654,-0.4774350021240226,NA,0.6330523946323178,0.049823057700462844,0.12116413186958233,1.5632488294075172e-05,NA,51,55,55,2.312617881709063e-05,0.3785342419826656
ENSG00000104980.7,TIMM44,0.4766145796584058,NA,0.6336365994927269,0.01337102447524819,0.15979118045339633,1.0595162172409784e-07,NA,15,18,18,1.0962274327748689e-08,0.046799508954254034
ENSG00000070778.12,PTPN21,-0.4762702263088594,NA,0.6338818740612657,0.011987840890692466,0.03869456744026155,0.018048446485977074,NA,59,62,62,0.0003946442278292635,0.09073603477867516
ENSG00000255142.1,AP006621.6,0.4762528580380412,NA,0.6338942461267094,0.01271126934835265,0.08646924611938671,0.0002175827593197361,NA,7,8,8,0.030739253125971908,0.07978070880462662
ENSG00000181016.9,LSMEM1,0.475619395534317,NA,0.6343455549443577,0.012244540454543564,0.18639066097647766,4.162961944789932e-08,NA,6,6,6,0.5853973581494873,0.175261520773074
ENSG00000179630.10,LACC1,-0.47517881988381866,NA,0.6346595221857578,0.025650668085860574,0.2573705168133377,2.4699453696340327e-11,NA,31,32,32,0.00026102920571847673,0.033532723900403766
ENSG00000114331.13,ACAP2,0.47472472092794643,NA,0.6349831953283276,0.005908753402298586,0.08393660471028302,0.00032875979375736715,NA,14,14,14,0.00417675954867104,0.023263599826034115
ENSG00000126602.10,TRAP1,0.474714269399121,NA,0.6349906458020302,0.0028347228597296248,0.0642678537265914,0.002259240445813201,NA,2,2,2,0.5026917876434243,0.06460865335900648
ENSG00000136682.14,CBWD2,-0.47471296153267195,NA,0.6349915781299169,0.0012430974587375305,0.10006417481322433,8.341728404192594e-05,NA,6,9,9,0.5186840372272501,0.0402479796186219
ENSG00000272674.3,PCDHB16,0.47455166137035554,NA,0.6351065672737448,0.014089495510693127,0.0434653305098182,0.012854100365377815,NA,41,50,50,0.000964348686713947,0.18801269363631604
ENSG00000204128.5,C2orf72,0.47451417511655636,NA,0.6351332920798709,0.012093811436371334,0.032612700078896786,0.032067268640082365,NA,54,57,57,7.125011386660181e-07,0.15017002987937733
ENSG00000139531.12,SUOX,-0.47437019695107885,NA,0.6352359418200362,0.01606810004620867,0.14329217234460562,1.945241545808308e-06,NA,25,26,26,2.2648623709620437e-05,0.07677888109890489
ENSG00000113088.5,GZMK,0.4743078342390904,NA,0.6352804057113595,0.013869471166635824,0.03384118060426505,0.028873016259149092,NA,17,17,17,2.0712522561862225e-05,0.09352804697654167
ENSG00000134744.13,ZCCHC11,-0.47426613423120034,NA,0.6353101380677515,0.01651296334336611,0.19285820812665835,3.167360880258939e-09,NA,75,76,76,0.0009446663128684821,0.037374641423351215
ENSG00000196357.11,ZNF565,0.47396657247472535,NA,0.6355237446838987,0.01133210491272899,0.06681066798146146,0.0016229918655426912,NA,31,32,32,0.041755381775817696,0.022401822901083918
ENSG00000138316.10,ADAMTS14,-0.4733264615782633,NA,0.6359802861631891,0.02689042294030869,0.34567363838225057,2.4285833243324237e-16,NA,17,18,18,0.19129526232977523,0.05123144309910007
ENSG00000136104.19,RNASEH2B,-0.473172255041999,NA,0.6360902904149561,0.05636261789566028,0.3021866000312358,1.7651256653766101e-13,NA,24,24,24,0.03760278054756595,0.12906617844248108
ENSG00000171763.18,SPATA5L1,0.47306197367088354,NA,0.636168965282875,0.015405371207237242,0.04949456306618948,0.007979986254444542,NA,58,59,59,0.03834573225154944,0.1271845459897139
ENSG00000159263.15,SIM2,0.47237393703053493,NA,0.6366599041397147,0.014005681195301007,0.04455982836191298,0.009809472433800507,NA,21,22,22,0.0002405032676027893,0.14759016518029486
ENSG00000181444.12,ZNF467,0.47237211303995036,NA,0.6366612058346863,0.06346031224979043,0.030654504572572305,0.03547260759263747,NA,124,140,140,3.897753336375042e-06,0.3894714789568087
ENSG00000188672.17,RHCE,0.47233154978505404,NA,0.636690154182324,0.07268759800867297,0.32387579042753445,3.8774121588864646e-14,NA,13,14,14,0.46366630991848545,0.08552313899730901
ENSG00000198743.6,SLC5A3,0.47221690416336065,NA,0.6367719751054073,1.8186719506502513e-05,0.04489341725127348,0.008541441304723202,NA,1,3,3,0.6367719751054073,0.01891589011232326
ENSG00000186340.14,THBS2,-0.47165177145020515,NA,0.6371753668745159,0.04259986102665081,0.22881538039415555,1.451355924249067e-10,NA,69,71,71,0.0004270876524682523,0.08836961147177802
ENSG00000032742.17,IFT88,-0.4705203461770946,NA,0.6379833013730128,0.0025432365243220653,0.04197459950563912,0.015178906697361532,NA,7,7,7,0.6132872931586008,0.01606574460942296
ENSG00000116017.10,ARID3A,-0.4703201323303494,NA,0.6381263160232689,0.0017687677095264785,0.09277303852312918,0.00024312891092763213,NA,10,10,10,0.07439181895285674,0.03057152151718497
ENSG00000135446.16,CDK4,-0.46983152812131357,NA,0.6384753871733297,0.0026080550363649178,0.045343233753057335,0.008852963433550711,NA,13,14,14,0.00048319249884192525,0.02860670656193475
ENSG00000142856.16,ITGB3BP,-0.469770528200478,NA,0.6385189726813654,0.10987507171215984,0.3693119998995541,4.7749831898712437e-17,NA,21,21,21,0.15561387116477132,0.08387398891479747
ENSG00000249743.5,RP11-60A8.1,-0.4695859230274804,NA,0.6386508839082653,0.007796329609059031,0.06050646522888638,0.002751196411871641,NA,38,40,40,0.04738595026710373,0.03374544409332374
ENSG00000259330.2,INAFM2,-0.46929090878758345,NA,0.6388617126297629,0.0033782317186918593,0.030959232425735405,0.03227035176082113,NA,9,9,9,0.07042889100424962,0.11954151240893833
ENSG00000131558.14,EXOC4,-0.46922263286645094,NA,0.6389105094351577,0.010376628379507164,0.12699122722417758,6.2613647450542256e-06,NA,58,61,61,1.5635610249342885e-05,0.08654596460744926
ENSG00000167601.11,AXL,0.4690920024332711,NA,0.6390038753711795,0.003002085089534276,0.04249488296069419,0.01398031872284804,NA,13,14,14,0.31305688035243184,0.1084612461022699
ENSG00000165714.10,BORCS5,0.4685799403197641,NA,0.6393699184352695,0.007034410167598036,0.03675989966207888,0.02255036759055544,NA,26,32,32,0.23617493144310342,0.10010271781977867
ENSG00000146453.12,PNLDC1,-0.46821847767126445,NA,0.6396283596984058,0.08171319037825918,0.2858253055937765,1.9504047123237408e-13,NA,24,25,25,0.09781344129609762,0.056412453325879686
ENSG00000157111.12,TMEM171,0.46811870441845527,NA,0.639699704028287,0.006027864666696911,0.2704946234591694,2.935911800429412e-12,NA,8,10,10,0.41120369836523796,0.0999826484335755
ENSG00000152092.15,ASTN1,0.46777338305937954,NA,0.6399466568597384,0.00027094919662665087,0.0618953639752154,0.002581851846139929,NA,21,21,21,0.5658298247979783,0.004246814131159093
ENSG00000253773.2,C8orf37-AS1,0.46731068516006086,NA,0.6402776127880467,0.036995952170282155,0.03129031560474546,0.03651996466746673,NA,46,49,49,0.006172367371022582,0.1132318761010504
ENSG00000181240.13,SLC25A41,0.4670498891168311,NA,0.6404641850435578,0.00021731633933712096,0.2411800633167059,1.5979535605042275e-10,NA,3,5,5,0.14661134550811256,0.012506053528210949
ENSG00000165091.15,TMC1,-0.46594616977714604,NA,0.6412540321377893,0.010799737528819945,0.07721440854484625,0.0005288012216534928,NA,8,8,8,0.2952819640802259,0.12971401224710571
ENSG00000109944.10,C11orf63,0.46577675284668757,NA,0.6413753068009628,0.01066024367137582,0.033726769007603886,0.02624463218597991,NA,27,28,28,0.06525073557894344,0.14993857644250402
ENSG00000100739.10,BDKRB1,0.4654880982380734,NA,0.6415819580766786,0.004250417309329468,0.027700183101557287,0.04616431301624877,NA,12,12,12,0.10198346757879373,0.08205546452034944
ENSG00000119715.14,ESRRB,0.4649974716757455,NA,0.6419332671855287,0.05333238527864657,0.10730545767916566,4.4911858144878275e-05,NA,67,71,71,0.03637117272215948,0.5567319424586104
ENSG00000071794.15,HLTF,-0.46425299891692917,NA,0.642466493845052,0.005979367459278704,0.10697973293039824,4.622377370895383e-05,NA,22,23,23,0.10953903543801059,0.05049002156817485
ENSG00000142794.18,NBPF3,-0.46419277892407446,NA,0.6425096343181007,0.13350048717790103,0.5676624016196913,2.084551264709057e-31,NA,19,23,23,0.5863314100531251,0.11071010490838146
ENSG00000144741.17,SLC25A26,-0.46326346885100844,NA,0.643175527444362,0.12116575167672997,0.4545825613063938,9.157284729159391e-23,NA,93,97,97,6.08393375502254e-05,0.3011163405565946
ENSG00000251600.5,RP11-673E1.1,0.46255349890782044,NA,0.6436844465796855,0.09260066391932037,0.3665673198505565,1.9162702567932987e-16,NA,45,52,52,0.052992643320149316,0.08824395665428768
ENSG00000173542.8,MOB1B,0.4624693591634914,NA,0.6437447705339087,0.007781676435803186,0.031409481475985684,0.03337217416935025,NA,56,57,57,0.005315494232307756,0.10020254279384644
ENSG00000170248.13,PDCD6IP,0.46226514027067345,NA,0.6438911949452526,0.0025494937597469796,0.02805110241028523,0.04625452470344504,NA,13,13,13,0.13989907587759123,0.031248540482148406
ENSG00000230387.2,RP4-737E23.2,-0.4616480293168902,NA,0.6443337458635138,0.03165462391569312,0.1788591144380993,8.032876108857443e-08,NA,29,29,29,0.00010365983344242393,0.06001951441853159
ENSG00000235098.8,ANKRD65,-0.46154620532038343,NA,0.6444067793822157,0.010703912361999982,0.2036489162645807,1.0266062001371645e-08,NA,8,8,8,0.25136079947520495,0.10293516844098824
ENSG00000198929.12,NOS1AP,-0.4611581005034597,NA,0.6446851800112074,0.002140200729307548,0.059071323763319736,0.003037184922178512,NA,31,31,31,0.00022217813673237592,0.057686708836138224
ENSG00000178372.7,CALML5,0.4606741979712339,NA,0.6450323693576465,0.009908780013523976,0.1223759225634363,1.694169406549175e-05,NA,11,12,12,0.5644750849843,0.0820101327765688
ENSG00000140931.19,CMTM3,0.46059336127677963,NA,0.6450903754420989,0.010487148347520556,0.06097996246307726,0.002783657672005644,NA,60,62,62,7.504397814473831e-08,0.10051652761491976
ENSG00000037757.13,MRI1,0.4605150908635147,NA,0.6451465420950748,0.05167326439346234,0.3185604387059467,4.6103571132642867e-14,NA,8,10,10,0.4637397936361288,0.2929308190947764
ENSG00000177697.17,CD151,-0.46029310536066936,NA,0.645305849349648,0.028138077972523157,0.29218398070916496,7.08451306839419e-13,NA,15,19,19,0.019948843469366897,0.06439860168680663
ENSG00000233393.1,AP000688.29,-0.45921484963413234,NA,0.6460798879129281,0.0385566305443446,0.059462394550072135,0.003458699314675477,NA,91,93,93,1.6948676526738775e-05,0.1688619769275441
ENSG00000126870.15,WDR60,-0.45833575807090843,NA,0.646711237854898,0.016564799301378184,0.14091551759925008,4.071315185503616e-06,NA,19,19,19,0.00012909829523134424,0.11447918915906917
ENSG00000163041.9,H3F3A,-0.4574442994264464,NA,0.647351729469622,0.046587586449254786,0.3721615479823604,3.3960270572123746e-17,NA,10,11,11,0.06667094950576928,0.09465670248400032
ENSG00000205212.3,CCDC144NL,0.45716230390281076,NA,0.6475543908860255,0.024574890788501308,0.03937005352398276,0.016113033188048582,NA,24,26,26,0.07500141171260076,0.12660357237392908
ENSG00000165813.18,CCDC186,0.4566519407736887,NA,0.6479212394276626,0.0030432638711806004,0.07585110351923105,0.0008809527464301224,NA,5,5,5,0.633083548785905,0.08040563623834715
ENSG00000139624.12,CERS5,0.456596413563996,NA,0.6479611574932489,0.051886139579528145,0.25158292932578696,5.6131950641668124e-11,NA,38,39,39,0.058650569720694684,0.11510638151205525
ENSG00000125618.16,PAX8,0.4559722605579417,NA,0.648409925684551,0.12144326827686172,0.3466942384341446,1.6643173139494038e-15,NA,21,21,21,0.009776767171125852,0.12639796256548705
ENSG00000272024.1,RP11-546K22.3,0.4555326231960794,NA,0.6487261031660843,0.0355918170409029,0.06105772623486001,0.002668197098803087,NA,41,42,42,0.013373128551537506,0.230883082939823
ENSG00000010310.8,GIPR,0.45401116788370166,NA,0.649820788714381,0.009365750249676421,0.0510116948146295,0.005013880271688747,NA,20,20,20,0.28900196208178885,0.09025670316516812
ENSG00000224924.6,LINC00320,0.45277406527788683,NA,0.6507114404487712,0.01970477334602614,0.30412054100640656,9.527936558988156e-14,NA,67,68,68,0.01093743009398962,0.08640607826120596
ENSG00000230124.6,ACBD6,0.450797518706542,NA,0.6521354898195592,0.009319633496068305,0.04094862576020643,0.014889178873367437,NA,40,41,41,0.074341757621573,0.3212368744443203
ENSG00000104870.12,FCGRT,0.45078307484985053,NA,0.6521459009126727,0.002071031970547667,0.09396095281012236,0.00021169660915205517,NA,8,10,10,0.0016592286615598566,0.02009130285981191
ENSG00000188643.10,S100A16,-0.4507389060845608,NA,0.6521777380606584,0.008102382615920521,0.0699348521722613,0.001264739882429924,NA,22,22,22,0.021610940798095484,0.09340299806934144
ENSG00000166435.15,XRRA1,0.4500580254728952,NA,0.6526686016271274,0.428120684406144,0.5777009574716362,1.081792066364768e-32,NA,102,106,106,7.589162499578444e-05,0.394997193531532
ENSG00000112530.11,PACRG,-0.4500512630876773,NA,0.6526734775516232,0.006513307777089761,0.09086964350372813,0.0002065004542807987,NA,33,34,34,0.07831215066918637,0.0940168708279859
ENSG00000171469.10,ZNF561,0.4498361238616172,NA,0.6528286084651417,0.028824796926660935,0.17890071954807324,9.860332443119756e-09,NA,18,20,20,0.00021425419109147293,0.0852120994472162
ENSG00000163866.8,SMIM12,-0.4498172257494816,NA,0.6528422360857289,0.0019780165784971295,0.03082034541283488,0.03055876650326196,NA,27,28,28,0.0007672256416768844,0.04686778753944055
ENSG00000172478.17,C2orf54,0.4488314231418368,NA,0.6535532688994492,0.007731338213294453,0.04615873736240394,0.00938452769216074,NA,10,10,10,0.4033079118189097,0.059546427279763274
ENSG00000040199.18,PHLPP2,0.44820241189802074,NA,0.6540071222156545,0.004289068483758659,0.12789288910029326,1.3126654198194561e-05,NA,16,17,17,0.003064694450618685,0.04714211505811753
ENSG00000111450.13,STX2,0.4481773865719709,NA,0.65402518149978,0.008492375392217292,0.04080374148390418,0.016298701392277983,NA,35,35,35,1.499100475511924e-08,0.04787727363806543
ENSG00000178467.17,P4HTM,-0.4480137631928993,NA,0.6541432637174986,0.0011241196734483737,0.06050360538068938,0.002066186020463166,NA,7,7,7,0.06425557981757349,0.020459866089654388
ENSG00000125868.15,DSTN,-0.44738195238737205,NA,0.654599304362405,0.0023279245946973637,0.030166920453068936,0.038457335760014415,NA,19,19,19,0.09108107215986831,0.09443365149530167
ENSG00000187848.12,P2RX2,0.4470029288242229,NA,0.6548729452118542,0.02375699710915751,0.1050733171471946,7.218828022516299e-05,NA,27,32,32,0.0005538922181513098,0.16347090307622295
ENSG00000112137.17,PHACTR1,0.4467846313624512,NA,0.6550305688661173,0.003397867608609079,0.03647968348749898,0.017161932949743355,NA,47,49,49,0.1636606354372926,0.21820853520574646
ENSG00000276855.1,CTD-3157E16.2,0.4466896939583508,NA,0.655099124073717,0.005836878537223387,0.08118225404244388,0.0005535052014362284,NA,7,9,9,0.41286037912357654,0.04889639304827617
ENSG00000274002.1,RP11-66N24.6,-0.4464138813119495,NA,0.6552983075145064,0.00962449085994682,0.03369522531962742,0.02730400443155281,NA,21,22,22,7.348127992636705e-08,0.2762576914839637
ENSG00000171564.11,FGB,0.4460735512214192,NA,0.6555441172779601,0.03807172897663737,0.0980581405317048,0.00014433758487944216,NA,57,59,59,0.033788998067544096,0.11037331332170602
ENSG00000136643.11,RPS6KC1,0.44578656554222107,NA,0.6557514270488468,0.0011272417738099447,0.06520419956670273,0.0023200599690694976,NA,1,1,1,0.6557514270488468,0.06563061749352984
ENSG00000127995.16,CASD1,-0.4455267947766738,NA,0.655939100460091,0.012357849711533395,0.10380464644970244,5.905470085061149e-05,NA,107,111,111,0.0011962107635288335,0.13605594432454732
ENSG00000105650.21,PDE4C,0.445415896734054,NA,0.6560192262305768,0.006215889489619357,0.041094578982537884,0.011133215382004829,NA,14,14,14,0.14701901748864515,0.04483512413694809
ENSG00000155034.18,FBXL18,-0.4453279821459192,NA,0.6560827488668204,0.01756866105626433,0.038695087033114084,0.012807377693541469,NA,47,54,54,0.000250235048332058,0.1929569450733749
ENSG00000283071.1,RP11-736N17.11,-0.4451304116014419,NA,0.6562255124267775,0.018858061370081412,0.2287724850030976,7.354236555631546e-10,NA,6,6,6,0.05637009681169123,0.07972071158516954
ENSG00000233725.7,LINC00284,0.4449221351310423,NA,0.656376025633951,0.06356232258642727,0.04889296569780315,0.008019303719973227,NA,78,82,82,1.0212059881005478e-05,0.2989866628623234
ENSG00000178078.11,STAP2,0.4443555037265665,NA,0.6567855784241564,0.015952816268356963,0.13841082215188472,3.3821789319968806e-06,NA,8,8,8,0.002870421031315816,0.0903442935318975
ENSG00000165271.16,NOL6,0.4436717696099396,NA,0.657279908617071,0.008441934787361018,0.07520924061877908,0.0007632367657070603,NA,29,30,30,0.00420048403091051,0.06573964640471941
ENSG00000183336.8,BOLA2,0.44300796962469186,NA,0.6577599701981895,0.017232853752153304,0.12990401558548675,9.12445338843698e-06,NA,6,6,6,0.006487557347320182,0.06895034080333902
ENSG00000133103.16,COG6,-0.44270007858178945,NA,0.6579826856073715,0.018832706562530287,0.21800427716715698,2.8248958521351384e-09,NA,26,28,28,0.001008262893467563,0.11062756312195164
ENSG00000064012.21,CASP8,0.44143419050728333,NA,0.6588986945322507,0.005128996667134512,0.05405305794910071,0.005147861002867757,NA,15,15,15,0.002255481327816837,0.02587854199708164
ENSG00000234409.6,CCDC188,-0.44124286436696875,NA,0.6590371845585836,0.017958373808928327,0.06606894172926903,0.0017186872490077927,NA,22,32,32,0.0005216867019721523,0.17844807255372724
ENSG00000171759.9,PAH,0.4410616924513204,NA,0.6591683353014535,0.010867508717224812,0.06723446256271465,0.0012963341891859953,NA,11,11,11,0.5912183318220467,0.1376139164547654
ENSG00000119943.12,PYROXD2,0.44072029632053444,NA,0.6594155011803986,0.05391091822028091,0.4492822397254637,1.1104144736048926e-21,NA,46,46,46,0.22647421534410717,0.04361182038057507
ENSG00000122512.14,PMS2,0.4404309471230259,NA,0.6596250149493046,0.0077736010705444815,0.051980565853087,0.0038813897673365453,NA,15,16,16,0.17384489616969045,0.1085476431527775
ENSG00000160323.18,ADAMTS13,0.4402855155835185,NA,0.6597303300081316,0.021148564819931583,0.16533146165299584,4.209151071738789e-07,NA,27,34,34,0.0002558161665681457,0.06900370102647307
ENSG00000100084.14,HIRA,-0.439435143837885,NA,0.6603462663825441,0.0006287275298701787,0.03380708775291499,0.029476528079457262,NA,10,11,11,0.5989115898409529,0.025817251678708658
ENSG00000170906.15,NDUFA3,0.43893882209190493,NA,0.6607058657105617,0.0006490981955466721,0.10988308763674874,5.605667176734448e-05,NA,10,16,16,0.09064353560956107,0.0381676528818375
ENSG00000185684.12,EP400NL,0.43859247096313175,NA,0.6609568534473571,0.011399219968583023,0.14072268148773226,3.267490425783067e-06,NA,7,7,7,0.5480597381802654,0.09096207402216944
ENSG00000239672.7,NME1,-0.4382448258885828,NA,0.6612088172019647,0.003218651963481043,0.10433649987844128,8.608331270933252e-05,NA,15,18,18,0.0006742338493405961,0.04742039183152903
ENSG00000103056.11,SMPD3,-0.4379784051764607,NA,0.6614019377190701,0.0031320162531949724,0.03657394016860367,0.01922493677109012,NA,27,29,29,1.1899804561212081e-05,0.07607215411885493
ENSG00000161277.10,THAP8,0.43738118673807186,NA,0.6618349256148812,0.015918542371210136,0.035141429918538344,0.025149031622329072,NA,55,56,56,9.837203678408661e-08,0.1923866954132956
ENSG00000170482.16,SLC23A1,-0.4366278077591655,NA,0.6623812924209362,0.004659856540235175,0.045356131754946565,0.008245615715714954,NA,5,5,5,0.3807968794696107,0.057861544822835786
ENSG00000054282.15,SDCCAG8,0.435898069645071,NA,0.6629106857429763,0.013970933042858043,0.1123574148445942,3.9005543962048545e-05,NA,30,33,33,0.18930301454523812,0.06870620459268413
ENSG00000282375.1,RP11-43A14.2,0.43563835742402046,NA,0.663099136333448,0.00183784987442184,0.0305316826052487,0.03743283136795263,NA,8,10,10,0.527164683153851,0.05619961598975167
ENSG00000273449.1,RP11-218F10.3,0.4353032551205917,NA,0.6633423224594024,0.04226971531579963,0.20844786748676164,4.71554461736448e-09,NA,31,32,32,0.008033618862912302,0.06478280109316499
ENSG00000161996.18,WDR90,-0.43446260418554455,NA,0.6639525449056312,0.004043823141092499,0.09285513180920654,0.00021410117834652994,NA,17,23,23,0.03545966996785436,0.05362522349602298
ENSG00000043514.15,TRIT1,0.43414597905027497,NA,0.6641824386153965,0.003924172290174954,0.08040958348604313,0.0006744329636138197,NA,15,17,17,0.017713771541251873,0.0599117501529457
ENSG00000162623.15,TYW3,-0.43408681644236213,NA,0.6642253986322746,0.02831013423568022,0.23472318238093545,2.2991271022586007e-10,NA,20,22,22,0.0024340084347204334,0.06222594432435818
ENSG00000273487.1,RP4-621B10.8,-0.4335599406923166,NA,0.6646080299958148,0.013303746263664616,0.03127419099959094,0.03602471652297005,NA,18,19,19,0.002832110670610808,0.04541644979425893
ENSG00000222014.5,RAB6C,-0.43353759328901303,NA,0.6646242612152231,0.0082777949857602,0.3809428301534067,6.265408642973725e-18,NA,34,40,40,0.002975395788288594,0.1615686393807214
ENSG00000004142.11,POLDIP2,-0.4332673163876156,NA,0.6648205794118736,0.0036121193392647907,0.17564977239036456,9.076959358649594e-08,NA,6,8,8,0.24380641836803985,0.03654088086533837
ENSG00000079819.18,EPB41L2,0.43289655426325835,NA,0.6650899234040756,0.006792521584667174,0.09303039995775432,0.00023100110920136339,NA,22,23,23,0.0013951146618083829,0.0478897307814499
ENSG00000112599.8,GUCA1B,-0.4328134145747871,NA,0.6651503270288,0.05270445073301761,0.1822975874649433,3.089588759878426e-08,NA,56,56,56,8.241617782860417e-05,0.10391224641404977
ENSG00000103544.14,C16orf62,-0.4322531111092236,NA,0.6655574619632343,0.004062047347480534,0.1410005844772846,3.7971022639759775e-06,NA,19,20,20,0.08389293951278065,0.11938720524570927
ENSG00000120647.9,CCDC77,-0.432184926175147,NA,0.6656070141127035,0.018246020154315666,0.12843310744887296,8.360874212141611e-06,NA,7,7,7,0.48870511448854637,0.1040112217045734
ENSG00000036257.12,CUL3,-0.43196557365444044,NA,0.6657664344355592,0.0027728646060364544,0.041631206564133036,0.01204350566216185,NA,36,36,36,0.39841529712826107,0.030404646889991737
ENSG00000116991.10,SIPA1L2,-0.4316941848528618,NA,0.6659636944260687,0.0034977513743300586,0.06137880421877569,0.0026227109866059357,NA,31,33,33,0.002219783624761311,0.06810342639164782
ENSG00000281920.1,RP11-418H16.1,0.4316299092254515,NA,0.6660104167977163,0.02570194915961173,0.04224806540909201,0.014707108808006903,NA,30,30,30,0.013103919451745853,0.1154694971337939
ENSG00000111671.9,SPSB2,0.4306168239685646,NA,0.6667470061858864,0.09283777268772268,0.3508100662316529,5.302098039711253e-16,NA,37,38,38,0.016662334203471754,0.13046349175122446
ENSG00000229178.1,AC069513.4,-0.43057234458545085,NA,0.6667793534219991,0.030074946059582486,0.1666741657955818,1.978670063344411e-07,NA,30,38,38,0.005495783400449344,0.3114696426740297
ENSG00000177084.16,POLE,0.4299974553288137,NA,0.6671974922549659,0.007119296273463336,0.06833769516149897,0.0016321626977933905,NA,23,24,24,1.2016206849781803e-05,0.046555174907578184
ENSG00000269486.2,CTC-360G5.9,0.4289569701101399,NA,0.6679545395377207,0.03332849000653593,0.09218958243044692,0.00019529599814823202,NA,54,57,57,0.02203593183556407,0.16917360367216044
ENSG00000131475.6,VPS25,0.42887188233551804,NA,0.6680164635621317,0.002089200246239612,0.06797936751586325,0.001716090050109646,NA,7,7,7,0.518069368805613,0.09783478724945532
ENSG00000021300.13,PLEKHB1,-0.42882956254288346,NA,0.6680472633272472,0.0013693736053762102,0.07154779401592254,0.0013850385642245099,NA,4,4,4,0.48804082123451464,0.04379544905691825
ENSG00000154319.14,FAM167A,-0.4287892346629403,NA,0.6680766139257182,0.025303348283532007,0.13563378744912055,4.86585716138753e-06,NA,50,58,58,0.0023325251377631505,0.09479801506599704
ENSG00000232859.9,LYRM9,0.42821425901622356,NA,0.6684951359222469,0.010714863580580346,0.19970048992143646,5.892645284602636e-09,NA,16,16,16,0.296451347513659,0.030373108468256964
ENSG00000274422.1,LL22NC03-2H8.5,-0.42732390411734184,NA,0.6691434242663363,0.0006555129754652544,0.055153186494601984,0.0047143342414666355,NA,11,16,16,0.3152008340126389,0.028366573150467162
ENSG00000244219.6,GS1-259H13.2,0.42731710175103954,NA,0.6691483781793817,0.02066240957378602,0.09524219194951172,0.00011625045224046528,NA,26,27,27,0.0007319709752716485,0.17972623487301298
ENSG00000167311.13,ART5,-0.4271254445765489,NA,0.6692879609641561,0.046268847179354575,0.10022606938535733,0.00012468627827193565,NA,58,62,62,0.07066936905767411,0.2586722980205274
ENSG00000185880.12,TRIM69,-0.42697453230083254,NA,0.6693978775219845,0.031246576394091355,0.23845646855526384,9.46557188541512e-11,NA,54,60,60,5.2597593380221205e-05,0.17979428697442906
ENSG00000253507.5,CTD-2501M5.1,-0.42644496797595477,NA,0.6697836403218008,0.02546978417159526,0.09954508199087993,0.0001045277071100782,NA,24,24,24,0.0064709324274490766,0.18140122605225176
ENSG00000168237.17,GLYCTK,0.4244044618667807,NA,0.6712708672755051,0.03436562073688948,0.16740424977874768,2.6611821794791287e-07,NA,34,34,34,0.00197175633173802,0.1245366659185312
ENSG00000268401.1,CTC-344H19.4,0.42419461705326095,NA,0.6714238862409021,0.008565766180348358,0.09423610105595814,8.371392407039105e-05,NA,9,9,9,0.09244012434597121,0.07686665281758986
ENSG00000143036.16,SLC44A3,0.4241306596560727,NA,0.6714705267225118,0.008234793997122833,0.1590672807572742,6.29700642388649e-08,NA,5,5,5,0.051880444263658204,0.18405476121410272
ENSG00000115998.7,C2orf42,0.4240051468690756,NA,0.6715620597163181,0.018054755823202713,0.046191100683152415,0.00894695231363636,NA,75,77,77,2.0928203169636422e-05,0.09065237197525823
ENSG00000205571.13,SMN2,0.42383044280931487,NA,0.671689474649763,0.04278145744581549,0.062417236601729965,0.002769694741591711,NA,10,13,13,0.6087855313008816,0.5736582714478142
ENSG00000146285.13,SCML4,-0.4235868277132446,NA,0.6718671634392042,0.06090752260787965,0.03118642933246593,0.034805426143196795,NA,81,86,86,0.0024850901182057483,0.5980315601655841
ENSG00000135899.17,SP110,0.4230958809130328,NA,0.6722253075537614,0.003602126625692359,0.04552454272641127,0.009877998289790848,NA,16,16,16,0.0001145533137630177,0.03623544377225417
ENSG00000150471.16,ADGRL3,-0.42306768457476573,NA,0.672245878951891,0.010542586401426766,0.029872967574688818,0.033568979882961064,NA,64,66,66,1.402279538081089e-05,0.059386248798873525
ENSG00000129991.12,TNNI3,-0.4225271542486538,NA,0.6726402848398219,0.022378087595332358,0.10445788456420547,7.59029799866346e-05,NA,21,37,37,0.0056772099686316175,0.09825107441631868
ENSG00000164105.3,SAP30,0.4221416726145014,NA,0.6729216122112576,0.014516371981665683,0.05676863979757961,0.0040909828125666745,NA,41,42,42,0.0009621410600347335,0.06614085904156441
ENSG00000146433.8,TMEM181,-0.4213573473342008,NA,0.6734941599591296,0.006762392472714483,0.13773644625619766,3.3920808652405023e-06,NA,13,16,16,0.27232561640553843,0.06621820712063825
ENSG00000176148.15,TCP11L1,0.4200527953116322,NA,0.6744468858108639,0.03213057777962573,0.08513563733025947,0.00032096627876459816,NA,89,97,97,6.406309368951986e-06,0.10669997053492457
ENSG00000104983.8,CCDC61,-0.419473487082485,NA,0.6748701272404766,0.019370100711009877,0.031175188442216274,0.03104862595658665,NA,49,50,50,1.3254052230690886e-11,0.08723147455111142
ENSG00000255864.5,RP11-444D3.1,-0.41909838143849154,NA,0.6751442335436133,0.01477526646628847,0.05331088798498248,0.005668917607294054,NA,23,23,23,0.02562211032053163,0.11506172665456425
ENSG00000177301.14,KCNA2,0.41882978554532135,NA,0.6753405349346349,0.013410745199867229,0.08744444577682163,0.0001927544497124449,NA,86,93,93,0.12230164411180315,0.20067953495938856
ENSG00000163629.12,PTPN13,0.41880286249211673,NA,0.6753602126738304,0.031048537715373838,0.23145342454800344,3.968589605641842e-10,NA,86,86,86,0.08760067992142928,0.17736354523283873
ENSG00000004866.20,ST7,-0.4187714458885561,NA,0.6753831749760209,0.0024586921247947064,0.08754389943935703,0.000388737455881244,NA,3,3,3,0.4008944654031118,0.059342178416494
ENSG00000078246.16,TULP3,-0.41838376359993873,NA,0.675666555668567,0.00938935032199411,0.07285395155233082,0.0006966168514714225,NA,46,52,52,8.187434134358436e-06,0.0634954508167249
ENSG00000109917.10,ZPR1,0.41829800586743043,NA,0.6757292474496717,0.007157042682444262,0.1206039180531936,2.3470387614823567e-05,NA,17,17,17,0.013717227245189723,0.052956332797732764
ENSG00000162244.10,RPL29,-0.41813259709968703,NA,0.6758501731630133,0.005415530585437218,0.17442285584349207,9.808479991177171e-08,NA,23,24,24,0.007637419497561218,0.07584797456808602
ENSG00000186918.13,ZNF395,0.4179940785444339,NA,0.6759514466307334,0.006963043859062517,0.07219386240452799,0.0013016717131680336,NA,12,13,13,0.03544839805970533,0.11616135530640165
ENSG00000115825.9,PRKD3,-0.41789605159193277,NA,0.6760231194850258,0.01393659151054822,0.13773755512857536,4.422163693285828e-06,NA,26,27,27,0.07636292830824491,0.13066358058354785
ENSG00000177706.8,FAM20C,-0.41749371960741166,NA,0.6763173171034398,0.007757846899589925,0.03493942640183662,0.025113256142534363,NA,15,21,21,0.012929236017994306,0.2725983153629675
ENSG00000119866.20,BCL11A,-0.41723406221220044,NA,0.6765072128819802,0.0014793564859977907,0.031159639527571968,0.034013954799944415,NA,5,7,7,0.6096131624763572,0.05092110404192143
ENSG00000173210.19,ABLIM3,-0.41716492338219463,NA,0.6765577797940655,0.1152713119869867,0.2698398456726403,1.7307162473682483e-11,NA,129,135,135,1.7676269622539869e-06,0.197363353414142
ENSG00000121101.15,TEX14,0.41703692809756093,NA,0.6766513971207129,0.02980330156786653,0.1656477951246087,2.851456656572488e-07,NA,22,22,22,0.05442785412185824,0.07129093059332803
ENSG00000258733.5,CTD-2341M24.1,-0.41695263560835993,NA,0.6767130524141117,0.0015860389050169298,0.027206354305416642,0.04944025052105433,NA,2,2,2,0.6770500090862623,0.05204896567394643
ENSG00000134809.8,TIMM10,-0.4168065510683428,NA,0.6768199103066141,0.020480047709451034,0.2367129782777976,2.0580146325761338e-10,NA,16,16,16,0.4086374686802956,0.029040653296517175
ENSG00000162062.14,C16orf59,0.41645561009454407,NA,0.6770766431329658,0.007993131420705981,0.03989725049791075,0.015169601157690638,NA,23,25,25,0.11222334280084412,0.0709435665650903
ENSG00000159423.16,ALDH4A1,-0.4164457867637944,NA,0.6770838299853593,0.006923160711120986,0.08299219078558857,0.0003140076602237246,NA,8,8,8,0.01540670764555722,0.04656193870733008
ENSG00000186166.8,CCDC84,0.4162105367349902,NA,0.6772559501693991,0.0017944580939432766,0.03141396774893699,0.02980330696540724,NA,24,27,27,1.0454372209337106e-10,0.04327454545404663
ENSG00000100376.11,FAM118A,-0.4161648652158462,NA,0.6772893675932521,0.22559485538988755,0.4991453859215073,2.4307043175664864e-25,NA,43,48,48,1.0344450428429523e-06,0.14074958927474032
ENSG00000170889.13,RPS9,0.41598889694894703,NA,0.6774181278676972,0.011809296048839037,0.3078585282838585,3.149142264802975e-13,NA,30,34,34,0.11931641589407199,0.07611776569149953
ENSG00000180279.6,LINC01869,-0.4158977703417397,NA,0.6774848111343204,0.0649224134821788,0.3118109937139913,2.079109824234981e-14,NA,2,2,2,0.2564761805926761,0.4576885107374935
ENSG00000173226.16,IQCB1,-0.4150740526851657,NA,0.678087693547103,0.0739818782912691,0.2508557640745569,6.040671136989441e-11,NA,78,81,81,0.004650866029175714,0.14406437915574036
ENSG00000067533.5,RRP15,-0.4148371105579496,NA,0.6782611506807275,0.04120065033716038,0.2789449288097607,1.3889943439148335e-12,NA,5,6,6,0.5973265478072182,0.18398741434004426
ENSG00000183605.16,SFXN4,0.4145809217920849,NA,0.6784487167964532,0.08977107107532328,0.3440047210535928,1.6042490130119912e-15,NA,11,11,11,0.4809214585222562,0.24709346632946744
ENSG00000228049.7,POLR2J2,0.41401331450750056,NA,0.6788643559084024,0.101127592894931,0.29882295255752306,1.370095320436468e-13,NA,25,30,30,0.044748295386326006,0.159616231135558
ENSG00000141480.17,ARRB2,0.4138471044390302,NA,0.6789860842675973,0.008641726328301694,0.123230475772305,1.825491531490699e-05,NA,51,52,52,0.0007638817260829262,0.04641591625686431
ENSG00000166532.15,RIMKLB,-0.4136327959534901,NA,0.6791430511386719,0.03347067702203167,0.035005086416540585,0.026368640133932027,NA,72,83,83,0.00628569762053262,0.23377178139643884
ENSG00000132517.14,SLC52A1,0.41360674470123704,NA,0.6791621329162911,0.05288082725210844,0.06672428453968972,0.0020527334473732593,NA,50,53,53,0.0011526402291567215,0.1483957304602497
ENSG00000059378.12,PARP12,-0.4135462320888298,NA,0.6792064574221696,0.01745456993731288,0.054459276640057945,0.005434601106634628,NA,59,62,62,1.1347944607995133e-06,0.15264610294761286
ENSG00000266173.6,STRADA,0.41302019164706094,NA,0.679591820221489,0.0004022271466457665,0.028246485183175886,0.04571869318876238,NA,11,13,13,0.00683842580791987,0.013379823799672777
ENSG00000125827.8,TMX4,-0.412550164090303,NA,0.6799362203558108,0.004688769727276294,0.08784064696755839,0.00032368263175144987,NA,26,27,27,4.187645304199221e-05,0.130007328039146
ENSG00000103485.17,QPRT,0.41253014006706434,NA,0.6799508939075736,0.021570503591215685,0.21833996375703868,2.981281681975072e-09,NA,14,14,14,0.006663604121122666,0.0969134295051732
ENSG00000159461.14,AMFR,0.41210842834373385,NA,0.6802599513030954,0.023904280987445285,0.06892030986931738,0.0017142958586803347,NA,70,71,71,7.3772277362540196e-09,0.10946145533183714
ENSG00000257139.1,RP11-320P7.2,-0.4120411828220765,NA,0.6803092381007094,0.09335391306162763,0.3144602477512005,3.4188702314476646e-14,NA,51,54,54,0.002493098802787327,0.09945359985373252
ENSG00000107593.16,PKD2L1,0.4117455739457613,NA,0.6805259172714153,0.014266775036571701,0.14237072483545876,3.27938116146213e-06,NA,12,13,13,0.0020147723145472977,0.13534971527369702
ENSG00000085514.15,PILRA,0.41152054001585175,NA,0.6806908831983642,0.13390725815455207,0.5334023194638544,5.777451934115534e-29,NA,58,61,61,0.27112705352954125,0.0908291559226834
ENSG00000122696.13,SLC25A51,-0.41103938780089205,NA,0.6810436533478482,0.16562479376291409,0.3820206316753933,7.49787285755263e-18,NA,44,46,46,2.024763441470523e-21,0.2803538539750037
ENSG00000103249.17,CLCN7,0.4109668134897356,NA,0.6810968692833604,0.0026572430689569986,0.052930134487204884,0.005940446326882487,NA,7,7,7,0.13623282203221276,0.02537720734442164
ENSG00000265817.2,FSBP,0.410948337537753,NA,0.681110417237861,0.0085604568916769,0.0667743953429076,0.0017520731554109105,NA,14,14,14,0.00014439210124270977,0.057078393573786725
ENSG00000173950.15,XXYLT1,0.410830761270445,NA,0.6811966353904575,0.018344239062209135,0.07523518004343349,0.0008797399063598043,NA,13,15,15,0.03322216468913604,0.09909932710044206
ENSG00000139155.8,SLCO1C1,-0.4104141937895207,NA,0.6815021359772364,0.008346108738078449,0.033262865409599066,0.0280997965612382,NA,61,63,63,0.0014923770647223642,0.05150493111236271
ENSG00000166401.14,SERPINB8,-0.40947821622681463,NA,0.6821887499120525,0.003084740929321415,0.028873372453867507,0.040745947938302725,NA,19,20,20,0.056903487323439264,0.0529162045498201
ENSG00000099940.11,SNAP29,-0.4092284990764005,NA,0.6823719817891059,0.00701888195712745,0.15011016341219896,1.2971391880417571e-06,NA,35,35,35,0.36791767179888535,0.12546906049955067
ENSG00000066735.14,KIF26A,0.40813503862151523,NA,0.6831745371895364,0.0027960213697670083,0.037830773980953705,0.02061606702115917,NA,16,16,16,0.139215433147281,0.027092141145538626
ENSG00000160961.11,ZNF333,-0.4078703601764484,NA,0.6833688542617837,0.003179633761217497,0.09577827717555204,0.00013394333729521352,NA,15,16,16,0.17404530830034615,0.0109577667544845
ENSG00000254319.5,RP11-134O21.1,-0.40777895636299893,NA,0.6834359644166188,0.03453372996341191,0.13378769003508906,6.865164901491505e-06,NA,18,18,18,0.20867949612144365,0.09872020687853852
ENSG00000175567.8,UCP2,-0.4069464467765325,NA,0.6840473214767906,0.007388066792518515,0.036200609855414886,0.024884615615932696,NA,15,16,16,0.0040358625719667356,0.0369577148980028
ENSG00000164398.12,ACSL6,0.40694592478214187,NA,0.6840477048706792,0.004630986279944722,0.05285147909292468,0.005880177445785753,NA,38,38,38,8.469459717304017e-05,0.3273858894699864
ENSG00000243566.6,UPK3B,-0.4058689656536666,NA,0.6848388819641524,0.026609528684812964,0.14473163674130454,2.4197139187235323e-06,NA,15,15,15,0.00714275584356568,0.06911333540841554
ENSG00000197599.12,CCDC154,-0.4055446033993586,NA,0.685077239215968,0.023795902191275357,0.20971219861295368,1.2066205825920908e-10,NA,14,14,14,0.13623282203221276,0.1078299604486307
ENSG00000156265.15,MAP3K7CL,-0.40545338517036783,NA,0.6851442764828096,0.038665108611162194,0.09852401025642728,0.0001469625824764015,NA,39,39,39,0.29965922294843494,0.13772196572880396
ENSG00000152936.10,LMNTD1,0.4054078011155461,NA,0.685177777628728,0.004435344552318201,0.0939879158839088,0.00012715042088675093,NA,16,17,17,0.6140537195994804,0.06421316798631564
ENSG00000278765.1,RP5-890E16.5,0.40391204549575777,NA,0.686277398274767,0.012386491072248602,0.027004606408646332,0.04845971113477562,NA,37,38,38,0.23751006123305263,0.09878037657469893
ENSG00000173456.4,RNF26,0.4034578053218452,NA,0.686611469412074,0.002166708204469338,0.04940933153750928,0.008249657053953289,NA,6,7,7,0.5253836002943525,0.04673732696379821
ENSG00000171560.14,FGA,-0.40336110401869973,NA,0.6866825963352532,0.04420613837817777,0.061986980004598624,0.0029180399144257533,NA,50,52,52,0.033788998067544096,0.07543752208635186
ENSG00000204138.12,PHACTR4,0.4024191452432026,NA,0.6873755824073478,0.010360961552601577,0.07228611137991547,0.0005387011264009104,NA,44,48,48,0.0006237836973631468,0.09226082547937642
ENSG00000112276.13,BVES,-0.40183691211297556,NA,0.6878040547085797,0.0029150214673883644,0.05500509545199577,0.004795016610651698,NA,12,12,12,0.29226561378175286,0.03912744400737175
ENSG00000173480.10,ZNF417,0.4015302218276592,NA,0.6880297920677305,0.014288785746288916,0.0825665237231467,0.0004909030175419142,NA,33,35,35,0.0675467146133828,0.04528084680555959
ENSG00000184154.13,LRTOMT,-0.4009006001160392,NA,0.6884933080711706,0.002970301927220818,0.03286364222223413,0.024690582408921972,NA,11,13,13,0.022025341080332415,0.1270608423770597
ENSG00000181513.14,ACBD4,-0.40055164366305346,NA,0.6887502538457007,0.005847457103228152,0.10854303037630876,5.808164402033916e-05,NA,14,14,14,0.0032882463311529383,0.0289483920563124
ENSG00000151952.15,TMEM132D,-0.40048216025121025,NA,0.6888014205901415,0.0036746858001296782,0.035453820026914794,0.02593519831006669,NA,19,23,23,0.000321318360466934,0.045756257488090236
ENSG00000094963.13,FMO2,-0.4004137762322689,NA,0.6888517791451577,0.029709704982618,0.12482606518901655,1.4082740349172296e-05,NA,29,33,33,0.09625122257697954,0.08681597931311105
ENSG00000148600.14,CDHR1,0.4003112335647298,NA,0.6889272949945509,0.04248961390773176,0.2315373954140249,6.999799803486088e-10,NA,53,56,56,0.0015092439452465821,0.14000297347775656
ENSG00000127364.3,TAS2R4,-0.3993255401560219,NA,0.6896533506003066,0.11937707967790426,0.3924344366290072,1.4285990258106983e-18,NA,84,89,89,0.00379185626752012,0.05246264036781053
ENSG00000178882.14,RFLNA,-0.3982678036839741,NA,0.6904327906021929,0.02130820417831447,0.04099485342132776,0.015298219686736675,NA,38,47,47,6.598256059759568e-05,0.1427540678913412
ENSG00000171503.11,ETFDH,-0.3976108631019295,NA,0.6909170517640465,0.0520475005648768,0.3011228677398681,5.480875634617765e-13,NA,45,49,49,0.1035935266237279,0.14061190163637
ENSG00000068976.13,PYGM,-0.3965838669448654,NA,0.6916743513426709,0.003584086626888229,0.12180949244334935,1.9931674121332004e-05,NA,5,6,6,0.33673419181902986,0.07326873613130634
ENSG00000164610.8,RP9,0.39649368099470395,NA,0.6917408685585261,0.03042971639358089,0.2238256930528987,8.705008898497853e-10,NA,14,15,15,0.02566853254692873,0.16128495294958756
ENSG00000198643.6,FAM3D,0.39619577295817615,NA,0.691960609411182,0.011981300578413845,0.0843213573365429,0.0003697639141475545,NA,22,22,22,0.07099686213217965,0.16205410061199965
ENSG00000070031.3,SCT,0.3958890926178019,NA,0.6921868479237983,0.05733170702526319,0.04567396099558412,0.011047745173572009,NA,32,37,37,0.05680278012493424,0.2801862498456734
ENSG00000101158.13,NELFCD,-0.3958349318973951,NA,0.6922268052168825,0.03652831093723993,0.17686209856252985,1.1260248409921331e-07,NA,28,33,33,0.14078423013574876,0.14636183446369794
ENSG00000245680.9,ZNF585B,-0.3952665294782818,NA,0.6926461980785359,0.010626462408877758,0.05595914302888455,0.0047154107687029075,NA,18,19,19,0.11743767357806316,0.08504191982838574
ENSG00000160886.13,LY6K,-0.39474324861668425,NA,0.6930323815405433,0.023684647013304368,0.12101784609518412,2.356340328034823e-05,NA,14,14,14,0.05035904426704087,0.07124099279528955
ENSG00000151327.12,FAM177A1,0.39473173586463933,NA,0.6930408788968972,0.004164808477912474,0.09504712641015384,0.00021202711836475465,NA,35,36,36,0.0003898393838580872,0.021236791742445475
ENSG00000147439.12,BIN3,-0.3942022471346368,NA,0.6934317267705707,0.005841419122569391,0.04513501956914637,0.00960099099677569,NA,13,16,16,0.11523048801859682,0.08178611818833728
ENSG00000137500.9,CCDC90B,0.39413468051403705,NA,0.6934816076794144,0.019373173410047993,0.23029896238339045,4.5377762257294003e-10,NA,20,20,20,0.4075514824206684,0.0501828151278297
ENSG00000250786.1,SNHG18,-0.39413106615114557,NA,0.6934842760122901,0.06746034902234857,0.03566512295613903,0.02389666746077496,NA,131,141,141,0.006194565432707085,0.1383937877449712
ENSG00000172340.14,SUCLG2,-0.3940015704355617,NA,0.6935798797877424,0.000456289737719085,0.02658045382825908,0.04896871249691207,NA,10,11,11,0.06855193526118579,0.023666520070277915
ENSG00000182446.13,NPLOC4,-0.3936129497704515,NA,0.6938668189677268,0.008139644141963448,0.12643207538042747,9.490065865790241e-06,NA,16,16,16,0.03183798359950212,0.04574500119797268
ENSG00000135976.17,ANKRD36,0.39342540185209585,NA,0.6940053112156759,0.011392975307380156,0.0794030777170464,0.000583602973615749,NA,23,27,27,0.14202735119752355,0.0482554076556053
ENSG00000228741.2,SPATA13,0.39252843891876066,NA,0.6946678027154911,0.04439141419891976,0.2021893948049769,1.1475780995032608e-08,NA,47,52,52,0.09998451682683782,0.17197795402282676
ENSG00000167468.16,GPX4,0.3909777803432342,NA,0.6958136599590558,0.0037667419761993034,0.108017018897479,5.052033288627276e-05,NA,14,18,18,0.4520237612294069,0.04660726471201185
ENSG00000145020.15,AMT,0.39044151754881534,NA,0.6962100925242054,0.029569745830127905,0.31988901466507785,5.0485211624846574e-14,NA,27,27,27,0.0679766682285569,0.060921598434294524
ENSG00000249381.1,LINC00500,0.38971655113149767,NA,0.6967461562980859,0.06899321214072604,0.2621160093420765,5.667351901854997e-12,NA,38,43,43,2.812714361170288e-11,0.22225235270880345
ENSG00000144559.10,TAMM41,-0.3887240725801007,NA,0.697480272837162,0.025944898373078194,0.1593962827467537,4.6848909396316156e-07,NA,23,28,28,0.26166492676911457,0.12316877449932108
ENSG00000242612.6,DECR2,0.3883375371778014,NA,0.6977662620262988,0.03207582286250382,0.29427289723104305,5.639685588014775e-13,NA,10,10,10,0.5337038498547364,0.0907097004550529
ENSG00000166173.10,LARP6,-0.3880136139975017,NA,0.6980059588510859,0.0026801415016600187,0.10363381328236004,7.591062450261592e-05,NA,27,27,27,0.5343124780947746,0.018284676080028976
ENSG00000151470.12,C4orf33,0.38752975980126414,NA,0.6983640576104047,0.07362243262725793,0.33267461214274746,3.909852680451212e-15,NA,26,30,30,0.0004915219272170308,0.2214352595084096
ENSG00000171121.16,KCNMB3,-0.38533422788969296,NA,0.6999898055484722,0.0028570695742038193,0.0275422360295924,0.048409401203146574,NA,6,6,6,0.3749437054962993,0.1499924334840032
ENSG00000105325.13,FZR1,0.38490257681935097,NA,0.700309596691017,0.0017475163784661104,0.031720881801130286,0.034088327611922466,NA,17,18,18,0.00806022390387105,0.03074910288874973
ENSG00000167004.12,PDIA3,0.3847260683183275,NA,0.7004403793239511,0.008173700870911314,0.034735407742998645,0.027752635454751932,NA,29,29,29,0.0016905629183439621,0.1006850039083543
ENSG00000226194.5,RP1-137D17.1,-0.3842907779775719,NA,0.7007629423463217,0.02119943293623918,0.05524941409840487,0.005071531301723172,NA,26,26,26,0.35835943263396386,0.06937926877605573
ENSG00000242498.7,ARPIN,0.38356451111256457,NA,0.7013012476835199,0.005269328000014205,0.08222546352115545,0.0005068849410696138,NA,22,24,24,0.07695848300030667,0.05260435053304005
ENSG00000103550.13,KNOP1,-0.3835471532944418,NA,0.7013141150467874,0.15667701909286424,0.4858451191489328,1.2667486792485432e-23,NA,57,64,64,0.23574849478632154,0.11852484460941387
ENSG00000176945.16,MUC20,0.3834697521339131,NA,0.7013714936263247,0.04306010866168655,0.31019136729008306,1.5326650772777093e-13,NA,12,21,21,0.014806289943804334,0.1250079391015001
ENSG00000161905.12,ALOX15,-0.38339104553015385,NA,0.7014298416958743,0.01214473415835916,0.12903753318393366,1.0856748992653276e-05,NA,21,21,21,0.5165192037223274,0.050413370013663215
ENSG00000197619.13,ZNF615,0.3831957420348978,NA,0.7015746348886631,0.013984466800326882,0.07948517638712634,0.0007293664441338258,NA,47,48,48,3.820434314100405e-05,0.053273089845086566
ENSG00000118181.10,RPS25,-0.38316077087601647,NA,0.7016005627871083,0.00125599161532301,0.07461002577556715,0.0010569528332118317,NA,9,9,9,0.003137033974396967,0.08166076642773401
ENSG00000102931.7,ARL2BP,-0.383041914670416,NA,0.7016886863306312,0.002409743348441966,0.04542249952515038,0.010055166244784568,NA,2,2,2,0.07617422285631212,0.06698369296652179
ENSG00000237807.3,RP11-400K9.4,0.3828027674085648,NA,0.7018660094153821,0.011395542081506312,0.09427842885805317,0.0001738067398708781,NA,38,40,40,0.25314209636877527,0.050079994824124736
ENSG00000264880.1,RP11-805F19.1,0.38272860067970926,NA,0.7019210059135845,0.04406647387979763,0.23326378172567944,6.412972655168064e-10,NA,8,14,14,0.0009418003701195069,0.1200078889332276
ENSG00000226686.7,LINC01535,0.38222569460062517,NA,0.7022939646119564,0.31520098885077996,0.6049253662347065,7.551864297476588e-35,NA,25,25,25,0.08006774478541988,0.21077047413883912
ENSG00000111254.7,AKAP3,-0.3821640976332299,NA,0.7023396502881083,0.09745485074117385,0.28016997878753075,1.2894219146217759e-12,NA,67,75,75,4.688843997491512e-06,0.14220086487847367
ENSG00000249685.1,RP11-360F5.3,-0.38118875078391434,NA,0.7030631957048197,0.006675281879931422,0.047776173142632127,0.009478499155630793,NA,36,36,36,0.5600939393739928,0.020978635242399905
ENSG00000189306.10,RRP7A,0.38097929795008706,NA,0.703218610043959,0.0039298801585915,0.3478879071935145,1.5754522002899446e-15,NA,8,18,18,0.15523703058301516,0.08284293597684142
ENSG00000237491.8,RP11-206L10.9,0.3799356198499939,NA,0.70399320562108,0.035632774316068705,0.1324149810386783,6.19430961176365e-06,NA,18,20,20,0.3683188311531962,0.3143241104163887
ENSG00000158296.13,SLC13A3,-0.3797943362629764,NA,0.7040980869040184,0.00582805344422847,0.09840092980695347,0.0001166346812113414,NA,34,39,39,0.0014866981383126348,0.04623630242943565
ENSG00000188747.8,NOXA1,0.3797129205989414,NA,0.7041585280395709,0.015305808845993012,0.12478027370153598,1.4020610790100236e-05,NA,35,38,38,8.177966409813884e-09,0.1418360878298315
ENSG00000185105.5,MYADML2,-0.3796065959034317,NA,0.7042374638864941,0.001965162471538647,0.05344429523847042,0.005987225461323563,NA,9,10,10,0.2152583338917411,0.028238524408852893
ENSG00000119950.20,MXI1,0.3796062391595421,NA,0.7042377287398396,0.004652790915419926,0.03566525244739761,0.02320296574173746,NA,52,58,58,0.0081534667959802,0.05737573622644706
ENSG00000162139.9,NEU3,0.37936862721228415,NA,0.7044141442663852,0.0011052388875270856,0.028337429220611356,0.04531743923025335,NA,8,8,8,0.6198481589582165,0.008094720077721308
ENSG00000156787.16,TBC1D31,-0.3789051158946396,NA,0.704758325051861,0.0035726307957308903,0.03050106269957784,0.038997297389883334,NA,14,14,14,0.24696451162902322,0.026894925334175555
ENSG00000089225.19,TBX5,-0.3786614445392972,NA,0.7049392877046183,0.02538146092812966,0.057556422045909036,0.003369987440234045,NA,45,47,47,0.002808959523389436,0.06126639879634242
ENSG00000184277.12,TM2D3,-0.37830255057863954,NA,0.7052058508882126,0.0076082730637693705,0.06380511419457836,0.002380403004851289,NA,40,41,41,0.019779431302871908,0.03158785627386085
ENSG00000125510.15,OPRL1,0.37792948903018797,NA,0.7054829752030267,0.0006924686347966168,0.03135184338255724,0.03744056294582372,NA,3,4,4,0.6737057666346191,0.0514876102109033
ENSG00000185088.13,RPS27L,-0.37699668568370154,NA,0.7061760679527842,0.007816239000508401,0.11268025453459035,3.7062414872653815e-05,NA,23,23,23,0.00035936183750344235,0.06592205106364711
ENSG00000126878.12,AIF1L,-0.3768064220322555,NA,0.7063174678469346,0.0032401294499073544,0.03315722903713094,0.02166052350909891,NA,31,33,33,0.09644666728026006,0.05695124657988974
ENSG00000144843.11,ADPRH,0.37586921344605634,NA,0.7070141291849961,0.00809268673581406,0.04112602544177037,0.015536555681330506,NA,30,30,30,0.06996668674080432,0.09059458858463476
ENSG00000164347.17,GFM2,0.3757901373874517,NA,0.707072920540633,0.013166468941545353,0.14711112850258448,1.2289601230496222e-06,NA,22,23,23,0.1497542624451827,0.09771976652141053
ENSG00000181798.2,LINC00471,0.3757365144939106,NA,0.7071127890073616,0.08317500590822335,0.16303667725929594,4.375648136712497e-07,NA,47,52,52,0.001863021575630408,0.25336692692133195
ENSG00000156042.17,CFAP70,0.37562098237910924,NA,0.707198689531217,0.003066459314861129,0.03305937357728805,0.028229624266179414,NA,102,105,105,0.25632797497213333,0.14664384811885522
ENSG00000106605.10,BLVRA,-0.374918438907892,NA,0.7077211253972405,0.0062307965759530425,0.03699382399630992,0.02330181744164381,NA,32,38,38,0.0707736860064636,0.08760755178264024
ENSG00000043039.6,BARX2,-0.3730369667664718,NA,0.709120931016701,0.0053118067905028035,0.0377863386509422,0.02160787180381771,NA,11,13,13,0.34253576670873287,0.2254531443235052
ENSG00000138646.8,HERC5,0.37297679062160377,NA,0.7091657180020037,0.009834932424409467,0.060052660093558585,0.003562509761964217,NA,21,24,24,0.007040743378687275,0.17053090852597916
ENSG00000186891.13,TNFRSF18,0.37245739554482754,NA,0.709552327232449,0.003225023076035384,0.052640008035171514,0.005626159060630912,NA,3,3,3,0.6864965346376841,0.04702895670229151
ENSG00000197563.10,PIGN,-0.37209320294280684,NA,0.7098234568628596,0.007473719502415123,0.0704185042003964,0.0009293680311120631,NA,29,29,29,0.1561327947717019,0.11274164254916055
ENSG00000135686.12,KLHL36,-0.3713585721287751,NA,0.7103704775600947,0.013688046172032833,0.13011154722253726,5.842439656518829e-06,NA,35,38,38,0.01899002483373879,0.05511242932856605
ENSG00000018699.11,TTC27,-0.3709186057787915,NA,0.710698156720764,0.019385207078278344,0.10446102594815973,5.519876143031818e-05,NA,42,43,43,0.018099400554643173,0.17021491188396695
ENSG00000130518.16,KIAA1683,-0.3707687220612076,NA,0.7108097996796761,0.08121375174628084,0.2065049432306483,1.6793243029593167e-09,NA,65,73,73,2.7306939309800927e-06,0.3050504445142296
ENSG00000164654.15,MIOS,-0.3691930581152522,NA,0.7119838297856305,0.004678812115849525,0.05295344289914058,0.0050888201121956685,NA,17,17,17,0.05199869439017884,0.05213417184508242
ENSG00000105287.12,PRKD2,0.36914156642176105,NA,0.7120222078823245,0.031114501296805763,0.18331861686678574,1.809429241995266e-08,NA,24,24,24,0.021339781789923355,0.07052539754098297
ENSG00000100129.17,EIF3L,-0.3684499922108495,NA,0.7125377267640696,0.004028404313267206,0.10785977286610886,5.308212883699846e-05,NA,8,9,9,0.08821840843373666,0.0911161987205747
ENSG00000184983.9,NDUFA6,-0.36812994610694744,NA,0.7127763426179964,0.012662412836857427,0.2677652448492953,8.296242354598562e-12,NA,12,13,13,0.06142312124307125,0.22039199266759915
ENSG00000138381.9,ASNSD1,-0.3680824583948225,NA,0.7128117502908763,0.01812209013684978,0.1934387235432559,2.3186225754047542e-08,NA,25,26,26,0.09753334510618095,0.04819283064772911
ENSG00000188732.10,FAM221A,0.3675488481305075,NA,0.7132096620182204,0.10902007394021479,0.4414468146146374,7.451873817665185e-22,NA,26,26,26,3.5387173567609028e-06,0.14465441545300242
ENSG00000149054.15,ZNF215,0.36750722826494336,NA,0.7132407011215942,0.003928193465120957,0.05570174726935262,0.004709566151983435,NA,11,11,11,0.07513375045736836,0.07437515236979537
ENSG00000184986.10,TMEM121,-0.36728956455677236,NA,0.7134030372582931,0.00573938362488512,0.04110392874972014,0.015663937289489886,NA,7,11,11,7.426011630727313e-07,0.07571594327995215
ENSG00000147421.17,HMBOX1,-0.3665725226965548,NA,0.7139379072198146,0.0026068146527156184,0.09495568396387813,0.00014407638919614575,NA,10,10,10,0.007258307545269881,0.1560410771970723
ENSG00000077348.8,EXOSC5,-0.366517255776601,NA,0.7139791388467676,0.003997081222711472,0.1140328139696882,2.467828368143589e-05,NA,18,19,19,0.01638126533002166,0.035607756741190134
ENSG00000168374.10,ARF4,0.36610319961327553,NA,0.7142880700702954,0.004677694588561293,0.1481647238173239,1.5607880211039462e-06,NA,30,30,30,0.4464036404369748,0.02810553851090026
ENSG00000171853.15,TRAPPC12,0.3659150208199934,NA,0.7144284875313975,0.004204670988378992,0.03228123401826505,0.031050376567498705,NA,23,24,24,0.013846505262580508,0.021642394899294717
ENSG00000258711.2,RP11-218E20.3,0.3653877277555188,NA,0.7148220007529245,0.018113812283131844,0.11331755306864008,3.836066125773096e-05,NA,20,26,26,0.0011799998154248422,0.10313296152243352
ENSG00000120341.18,SEC16B,-0.3647430866513216,NA,0.715303192575871,0.004067461553320564,0.10750328841644716,6.0281899065771336e-05,NA,4,4,4,0.3081946784743038,0.09467289520197378
ENSG00000166130.14,IKBIP,0.3645304572400046,NA,0.7154619344508821,0.011901737520353256,0.04933349119896289,0.007714775403968505,NA,15,15,15,0.11478068133997073,0.07499345997831622
ENSG00000172543.7,CTSW,0.36445923359156585,NA,0.7155151103518966,0.011961215584380567,0.040226492683004544,0.017508196649920205,NA,22,24,24,0.2704623461763198,0.13594812082025445
ENSG00000167460.14,TPM4,-0.36433403087675603,NA,0.7156085906161223,0.03534144351690744,0.029359196370949518,0.039062312767956166,NA,82,96,96,1.4528815306829144e-05,0.3246676776409367
ENSG00000272899.3,RP11-309L24.4,-0.36397721924832577,NA,0.7158750207304873,0.002863748002762744,0.055768979763770016,0.004914248531264163,NA,17,17,17,1.717379945336877e-06,0.05505228408982832
ENSG00000245832.6,MIR4300HG,0.36385158385703864,NA,0.7159688405184694,0.0797796427473091,0.2709720109717005,1.130252522493548e-11,NA,51,51,51,6.249519603077055e-05,0.1594892468207019
ENSG00000138744.14,NAAA,-0.3636183876856019,NA,0.7161429940216142,0.01748897253981911,0.24072995934168925,2.9264681950447706e-10,NA,20,21,21,0.2992521904944875,0.0654274378435476
ENSG00000130311.10,DDA1,0.3635707969166307,NA,0.71617853715368,0.0009531993015112765,0.04178999861700467,0.014976393519864543,NA,13,18,18,0.009934155177412463,0.02640353487216057
ENSG00000132436.11,FIGNL1,-0.3631980547539171,NA,0.7164569406396152,0.040703047512420085,0.1920142969177118,3.0755736926794813e-08,NA,36,37,37,0.013432623002227936,0.09789399697526012
ENSG00000178750.2,STX19,-0.361975230155005,NA,0.7173705405705328,0.03886000036293118,0.050280274152728316,0.006582045039395781,NA,26,26,26,0.023001522220114385,0.3103513553048988
ENSG00000116903.7,EXOC8,-0.36170168990759183,NA,0.7175749640817024,0.018225735999655716,0.039476704896573726,0.01892592227979944,NA,76,80,80,3.5478355888050656e-08,0.06608197531426696
ENSG00000205403.12,CFI,0.3609113127225534,NA,0.7181657464531166,0.005713455112219691,0.04424394495168173,0.010244269829715186,NA,22,24,24,0.003178312666764561,0.06293583703081332
ENSG00000168936.10,TMEM129,0.3608706521681239,NA,0.7181961435145554,0.015584388496019105,0.1818012404399606,1.0932088992063225e-07,NA,38,41,41,0.0005161086193371214,0.06613420669174376
ENSG00000248265.1,FLJ12825,0.36049784738270735,NA,0.7184748661077176,0.0470823734174976,0.12241430319186505,1.7605978678472324e-05,NA,44,48,48,0.007242707885423065,0.1974653902955986
ENSG00000176894.9,PXMP2,-0.3604026734307364,NA,0.7185460276646959,0.0032164955124017627,0.061639664664295025,0.003044534039877624,NA,36,37,37,0.11630925059038151,0.01992225241372676
ENSG00000230487.7,PSMG3-AS1,0.3595861832756849,NA,0.7191566175309524,0.01680950585964175,0.18284530606375893,6.828376144746442e-08,NA,11,11,11,0.10354950350577405,0.15832739736034435
ENSG00000102763.17,VWA8,-0.3594588178913222,NA,0.7192518804302442,0.024253886448289005,0.04309397300716418,0.012078815565927005,NA,36,37,37,3.198090169636941e-06,0.11843403881771628
ENSG00000069943.9,PIGB,-0.3592435313946178,NA,0.7194129138140315,0.027490785854149873,0.14649869598142778,1.849637906935061e-06,NA,43,45,45,0.053612545962023785,0.05336109522506651
ENSG00000167653.4,PSCA,0.3589315787541622,NA,0.7196462751593642,0.0511034996320308,0.16462120346775616,3.6344191638891506e-07,NA,31,32,32,0.050754799558309284,0.17974475095906187
ENSG00000198848.12,CES1,-0.3582328820825292,NA,0.7201690415662483,0.07406230111383513,0.08168140445803075,0.00029032416156507643,NA,55,55,55,0.000805720831198189,0.4211612214541594
ENSG00000178209.14,PLEC,0.35809461872935205,NA,0.7202725060326041,0.0039047452628573473,0.08375051181443248,0.0003973951832020699,NA,8,8,8,0.06627258569899236,0.0469055926279597
ENSG00000121716.20,PILRB,0.35784923849239686,NA,0.7204561402241589,0.1150417591168503,0.6384296796600467,2.6360278224803195e-37,NA,38,39,39,0.3353278965390504,0.06631534031741583
ENSG00000196584.2,XRCC2,0.3576268960932472,NA,0.7206225476103159,0.05443455484479617,0.14931189520401406,1.6838015197133538e-06,NA,19,19,19,0.011314681212912852,0.15368696045244484
ENSG00000165568.17,AKR1E2,-0.357303519333588,NA,0.720864595606596,0.018768437286415765,0.07009382784390265,0.0010929242597031564,NA,29,31,31,0.01154230385402829,0.2691881831350606
ENSG00000164122.8,ASB5,0.35697586552104116,NA,0.7211098735094189,0.03707053245716281,0.12959049245425422,5.976532875004789e-06,NA,21,22,22,0.06551167070495201,0.1474220869203156
ENSG00000109466.13,KLHL2,-0.35634319125211805,NA,0.7215835674081621,0.0020207385022549844,0.02977117774299311,0.040117413339157255,NA,25,27,27,0.03111449709546689,0.06811559928387144
ENSG00000256043.2,CTSO,-0.356273095857698,NA,0.7216360555876867,0.009614556143617576,0.11068869541716887,4.3527862379267855e-05,NA,18,19,19,0.2123097042879034,0.08304799552515689
ENSG00000184575.11,XPOT,-0.35592655929870964,NA,0.7218955651164913,0.005392115709298234,0.045341704858911404,0.010651821967624051,NA,26,27,27,0.09069129907397969,0.0905615660187004
ENSG00000089091.16,DZANK1,0.35564740027716113,NA,0.7221046411633152,0.006443650246326261,0.04162699187119403,0.015544399758177443,NA,25,25,25,0.03242098194673559,0.03291424070662961
ENSG00000125337.16,KIF25,0.3556037201178481,NA,0.7221373572811448,0.09754480143355228,0.30243772257219154,4.5140805657475486e-13,NA,21,22,22,0.00040573634661552574,0.3014941306363975
ENSG00000131669.9,NINJ1,0.35499824960096465,NA,0.7225909025604631,0.0042010134288962405,0.0585372444688599,0.00392438097208055,NA,15,15,15,0.28838901259852123,0.05972889955875025
ENSG00000162365.11,CYP4A22,0.3548382948897024,NA,0.7227107375700965,0.009854464457293854,0.07248059488629734,0.0012780196833600767,NA,18,19,19,0.18384097062583782,0.07178682923443545
ENSG00000105750.14,ZNF85,0.354596342216589,NA,0.7228920168089554,0.03149996021865768,0.09429442182631492,0.00012514623200581644,NA,35,38,38,0.2718084277202436,0.25226079698050113
ENSG00000197712.11,FAM114A1,-0.354552910193076,NA,0.7229245592170273,0.0037013321444854907,0.11472406983957445,2.7205056204715494e-05,NA,12,12,12,0.630647082245614,0.05503089507044876
ENSG00000213648.10,SULT1A4,0.35415539783039035,NA,0.7232224274576212,0.02293212137262185,0.03796593389611437,0.016784591936618153,NA,20,20,20,0.017470380981403882,0.12493701187135155
ENSG00000182253.14,SYNM,0.35375804848678244,NA,0.7235202154544019,0.030929887683666647,0.1584118281034321,8.496342685398648e-07,NA,42,56,56,0.00025484761173762756,0.1605399702610254
ENSG00000179776.17,CDH5,0.3530803916409964,NA,0.7240281726029207,0.0024965794063262284,0.04818838962317625,0.0067038876315116385,NA,10,11,11,0.4542063594670189,0.1189208944464914
ENSG00000261889.1,RP11-473M20.16,0.3529696064816984,NA,0.7241112263659897,0.04218064947172942,0.0528404253993949,0.005404085387658135,NA,46,50,50,5.353592959087452e-05,0.18580547768517305
ENSG00000104518.10,GSDMD,0.352867829158582,NA,0.7241875299688175,0.018976129644559324,0.1653986031787464,1.9530118549300393e-07,NA,26,33,33,9.95686737619807e-06,0.0846298807399081
ENSG00000163428.3,LRRC58,0.3527611002305058,NA,0.7242675487891566,0.009322993347123248,0.13238516634583106,8.46913088564052e-06,NA,38,38,38,0.011681668339392694,0.0693140794668015
ENSG00000170469.10,SPATA24,-0.35248706551719966,NA,0.7244730170476184,0.02361237041742631,0.07448801854893325,0.001102718715728553,NA,59,62,62,6.41778256447561e-05,0.2841087504641322
ENSG00000117899.10,MESDC2,-0.3523689302498078,NA,0.7245615997142052,0.010265052816090262,0.07565117353083953,0.0005805314585380132,NA,18,18,18,0.08945947481751966,0.04444804835671092
ENSG00000187624.8,C17orf97,0.35194183789718075,NA,0.7248818818256801,0.016447769315163153,0.3247765471684025,5.140203073814182e-15,NA,5,7,7,0.01200773688703318,0.1756773959059573
ENSG00000196313.11,POM121,0.351589374699497,NA,0.7251462348266826,0.01192596474892947,0.11743375090913236,2.0557231732241116e-05,NA,24,26,26,0.021538441263054958,0.0889981907685103
ENSG00000273329.1,RP11-448A19.1,-0.3514561456988785,NA,0.7252461672287422,0.007748119740611105,0.06971418428607734,0.0014556463805384856,NA,15,15,15,0.02446152500402033,0.0459073754768355
ENSG00000197124.11,ZNF682,-0.350824092390385,NA,0.7257203214739699,0.014813513952852964,0.036887176797507235,0.01736260353478828,NA,41,42,42,1.4460382761518511e-06,0.16055402465910099
ENSG00000087008.15,ACOX3,-0.3508194521999318,NA,0.725723802844688,0.002915108020179632,0.04129700748816849,0.013975789214098745,NA,14,14,14,0.502163724239663,0.018892186720094527
ENSG00000166140.17,ZFYVE19,0.35077126261435604,NA,0.725759958120735,0.0128840406018662,0.13535322469560193,6.133866329077984e-06,NA,9,9,9,0.2912987160998728,0.059446836856420784
ENSG00000069696.6,DRD4,-0.34982720213222457,NA,0.7264683830334158,0.045301955121386836,0.08939831977083015,0.00028183075452099435,NA,82,102,102,0.0016228636918893043,0.16633340729727306
ENSG00000100429.17,HDAC10,-0.34927127766762484,NA,0.72688565939107,0.03128502043343053,0.1960131106575181,2.2005580768754475e-09,NA,14,14,14,0.579568063007316,0.10262262006271387
ENSG00000182670.13,TTC3,-0.3490857048401032,NA,0.7270249682176939,0.0020437625377862354,0.06290931648983754,0.0018672288723954613,NA,6,7,7,0.7209529975850446,0.03290578197182314
ENSG00000103051.18,COG4,-0.3490714314530204,NA,0.7270356835697438,0.027563330807223146,0.06303455271600021,0.0025230814626536467,NA,44,53,53,0.00020036247646218136,0.2568693824002135
ENSG00000277782.1,RP11-775C24.5,-0.3488917581821755,NA,0.7271705728922533,0.010985891984359423,0.12875127167678024,2.658785339003294e-06,NA,4,4,4,0.41209077408521344,0.10896229353422723
ENSG00000184984.9,CHRM5,-0.3488232619004825,NA,0.7272219985552508,0.09872687821043553,0.2788125224030486,1.7898368017468295e-12,NA,48,54,54,0.099271873243498,0.13454764180821896
ENSG00000267666.2,AC004156.3,0.34847615511219104,NA,0.7274826184002987,0.03163989219575828,0.13483268343927535,1.950227248501526e-06,NA,9,10,10,0.007679510957762602,0.12044917852984745
ENSG00000182557.7,SPNS3,-0.3484358736267455,NA,0.7275128651822028,0.019109700346903555,0.11747235604097303,2.1853828559064687e-05,NA,21,22,22,0.0001915652952902835,0.15478357682573876
ENSG00000182264.8,IZUMO1,-0.3482916926366917,NA,0.7276211320708184,0.14883758973072853,0.0366728496197232,0.02137698601584466,NA,103,117,117,2.318178651151659e-17,0.31360330033289513
ENSG00000163382.11,NAXE,-0.3480183088484782,NA,0.7278264335066718,0.06269164956211526,0.2928614566662286,1.3683421205814256e-12,NA,59,60,60,0.009069924643580854,0.07353289279372867
ENSG00000117984.13,CTSD,-0.3479709448787307,NA,0.7278620041376498,0.01316725126187947,0.09122953086260817,0.00014723346405518602,NA,26,39,39,0.0006826572006604056,0.089611383513259
ENSG00000126070.19,AGO3,0.3478882669269939,NA,0.7279240971899152,0.0006250171147188676,0.05873695300117995,0.003968566566615961,NA,8,8,8,0.3583487654606301,0.0108298880106899
ENSG00000117308.14,GALE,0.3477659897320723,NA,0.7280159334627194,0.018583839883991385,0.03569922912990468,0.024428284200845862,NA,73,74,74,0.0004916406378851628,0.12128016733752188
ENSG00000259478.2,RP11-753A21.1,-0.34655595427470787,NA,0.7289249407993335,0.008426257273360549,0.06930474698286017,0.0010677370623166037,NA,12,12,12,0.3758792038600939,0.0965280661177786
ENSG00000142867.12,BCL10,-0.3460404197385484,NA,0.7293123384618259,0.003951768065697107,0.055768711608396214,0.0042974978299302035,NA,2,3,3,0.7323017696083043,0.20781000591416632
ENSG00000259905.5,PWRN1,-0.34595165675371214,NA,0.7293790462522118,0.10437078991431697,0.16639584809137395,1.9423916812121057e-07,NA,71,76,76,0.171000815826872,0.1241883373019112
ENSG00000115677.16,HDLBP,-0.34560569127274354,NA,0.7296390682414307,0.011521293121921676,0.1678698124473101,2.675632601610185e-07,NA,13,13,13,0.6895140347276935,0.03812682219055062
ENSG00000156990.14,RPUSD3,0.34494416612840567,NA,0.730136346246987,0.006083907974332099,0.1521491293741518,1.3965329271827654e-06,NA,26,29,29,1.948712369643768e-05,0.15852685682807885
ENSG00000070614.14,NDST1,-0.34478815555707304,NA,0.7302536381918341,0.011529730993697054,0.1748137200539176,9.921061918833057e-08,NA,42,43,43,0.003230883960907218,0.0653809917208782
ENSG00000175161.13,CADM2,0.34401365502316855,NA,0.730836016926394,0.019571472241765604,0.17415336656103828,1.4783528169361407e-07,NA,44,47,47,0.005789140311175623,0.04055946898557936
ENSG00000106771.12,TMEM245,-0.34363375995966167,NA,0.7311217323625585,0.008555293884143368,0.11193109636371963,3.854966266103809e-05,NA,41,42,42,0.15394027230397503,0.07965415952087196
ENSG00000136144.11,RCBTB1,-0.3424682853632566,NA,0.7319985072347797,0.04243445823244342,0.3246048638897268,3.966430368575042e-16,NA,45,47,47,0.0017883922727165123,0.13023021558428896
ENSG00000260423.1,RP13-735L24.1,0.3424215075740361,NA,0.732033705010635,0.017949285187166472,0.053126137276548815,0.005891479484688452,NA,33,36,36,0.0046898295185591795,0.20471189218545732
ENSG00000188321.13,ZNF559,0.34238035778329984,NA,0.7320646684858096,0.06662939875079667,0.3278749737603567,3.078077484188574e-14,NA,21,21,21,0.04788045633580514,0.5352070442981265
ENSG00000161180.10,CCDC116,0.34156484085067107,NA,0.7326784003803125,0.03756668528310547,0.048195923686389884,0.008017651248257106,NA,48,51,51,3.238561433766411e-05,0.2890889811525058
ENSG00000068654.15,POLR1A,0.3411156594371081,NA,0.7330165129552583,0.015542085531371002,0.21312668465824053,2.8372674351725146e-09,NA,52,54,54,0.014342123036936967,0.04612353812523151
ENSG00000142513.5,ACPT,-0.3410750540098547,NA,0.7330470804554703,0.012547362417469305,0.14009136063097793,1.7522579906312026e-06,NA,25,27,27,0.001121050869341849,0.16557218719195474
ENSG00000156052.10,GNAQ,-0.3409386550802981,NA,0.7331497637773038,0.00527754533375336,0.08431293685517642,0.00044433491804636506,NA,35,35,35,0.0005787066173556673,0.04262325661448619
ENSG00000158483.15,FAM86C1,-0.34084114432334894,NA,0.7332231743806354,0.0033244947967674137,0.04772596935583423,0.008976900333755885,NA,1,1,1,0.7332231743806354,0.25574810641113266
ENSG00000169245.5,CXCL10,0.34074859343429104,NA,0.7332928532231479,0.010190808765919225,0.035675933116910974,0.0223900453936609,NA,6,6,6,0.19767912435185986,0.324792192605283
ENSG00000123643.12,SLC36A1,0.34015083270013946,NA,0.7337429426072598,0.0021970142168332304,0.027990198976564275,0.048251359367104764,NA,17,19,19,0.17398456256822936,0.027765397891079586
ENSG00000171928.13,TVP23B,-0.3398537652726746,NA,0.7339666562836862,0.032198120801065905,0.25309816926590245,3.782245529240989e-11,NA,17,19,19,0.30765339516318846,0.07084247046898083
ENSG00000073050.11,XRCC1,0.3397985595778054,NA,0.7340082327316735,0.02484067140327214,0.19195181067919168,4.094411842538004e-08,NA,15,18,18,0.0025793566973809634,0.13174050116313646
ENSG00000186468.12,RPS23,-0.33963679453877466,NA,0.7341300655182055,0.04624249003428637,0.3926850355593347,3.497360148238082e-19,NA,33,34,34,1.5203350166811834e-20,0.045567408951433866
ENSG00000105855.9,ITGB8,0.33895870175275805,NA,0.7346408415910572,0.0009034741285132992,0.0293615085098678,0.0352453846521972,NA,5,5,5,0.578202953855254,0.049341140754674544
ENSG00000241186.9,TDGF1,-0.338905011118444,NA,0.7346812892927873,0.08481804957934419,0.3614287521849269,4.9919469102070615e-17,NA,23,24,24,0.026365549784489246,0.24089874525286026
ENSG00000073111.13,MCM2,-0.33777726985737716,NA,0.7355310402066431,0.005435607601317157,0.050489455076577525,0.005683983128823314,NA,10,10,10,0.13284491014111724,0.19876600543748293
ENSG00000169026.12,MFSD7,-0.3370099710429062,NA,0.7361093835501225,0.008278356886982887,0.04476765931783031,0.011664746239773928,NA,57,64,64,0.007277833947492971,0.11544144996856093
ENSG00000137274.12,BPHL,0.337007252924506,NA,0.7361114325690801,0.037111886654991294,0.1371989642437581,5.154244465630943e-06,NA,45,50,50,0.0839185232096587,0.11216755970308656
ENSG00000235615.2,AJ239322.1,0.3366515841437882,NA,0.7363795651386057,0.024803591828697586,0.35697130777145675,4.166885944533491e-16,NA,16,32,32,0.04703200671964451,0.16741067625303865
ENSG00000125755.18,SYMPK,0.33646125940155375,NA,0.7365230608740136,0.012576171706337737,0.09340749979849464,0.0002160590912033,NA,32,36,36,8.540910884995669e-05,0.16012293065015842
ENSG00000165171.10,WBSCR27,0.33575676940995297,NA,0.7370542924924666,0.1340583959541758,0.4438323663491136,4.394648917013297e-21,NA,28,29,29,0.48922741155287786,0.09692965914918693
ENSG00000177042.14,TMEM80,-0.33559518902401086,NA,0.737176152417481,0.17131602349850464,0.5202163747395205,1.1189137956408815e-27,NA,23,26,26,0.004042310369760513,0.19501581930652134
ENSG00000115041.12,KCNIP3,-0.33555420669543473,NA,0.7372070613253165,0.016135057980576684,0.17441924473048326,1.8585729981940238e-07,NA,30,32,32,0.0007549855987265398,0.1451236534389522
ENSG00000228549.3,RP11-108M9.3,0.3355268992461932,NA,0.7372276568632454,0.013897125869231128,0.04963551104667832,0.0076949580075952595,NA,13,17,17,0.43532223595410746,0.1094637773027792
ENSG00000188906.14,LRRK2,-0.3351809323067602,NA,0.7374886047548164,0.016386768505046702,0.051223404377361365,0.005242088068211594,NA,44,46,46,4.002444363408325e-07,0.1114383963345277
ENSG00000168288.12,MMADHC,-0.334387114003176,NA,0.7380874618822714,0.006456142441452974,0.0276615118378991,0.04502094691232599,NA,38,40,40,0.004516718592266289,0.2575352461734058
ENSG00000127084.17,FGD3,-0.3343167196573129,NA,0.7381405751091252,0.007105887106218533,0.0522991609864475,0.005509519226711081,NA,33,35,35,0.08143044218014758,0.04471523277339549
ENSG00000272970.1,RP11-329B9.4,0.3330358314549965,NA,0.7391072359324977,0.02539035600043474,0.0468878824732313,0.009294813907162231,NA,22,22,22,0.3503338019182056,0.10680182836926548
ENSG00000172785.18,CBWD1,0.3328935827711997,NA,0.7392146136532458,0.0633552139977927,0.1875505388474847,1.575478618418735e-08,NA,40,47,47,0.0025099540161346483,0.09932458242430443
ENSG00000276070.4,CCL4L2,-0.33250720122379834,NA,0.739506302958424,0.004030658624630462,0.233840010226172,7.175867642695252e-10,NA,9,43,43,0.2285350312640173,0.0996028723316318
ENSG00000254997.3,KRTAP5-9,0.33209692789919676,NA,0.7398160698007668,0.017057353198269162,0.10598314322965788,5.741842087862854e-05,NA,11,12,12,0.010854393482751457,0.05789020189499613
ENSG00000160307.9,S100B,-0.3318100202313012,NA,0.7400327175023379,0.002540512824993917,0.027217720790461208,0.049256938484532616,NA,29,32,32,0.2463631286792054,0.03648885342739863
ENSG00000133704.9,IPO8,0.33135181133989244,NA,0.7403787597472152,0.004288137193567441,0.09921711535032132,0.00014408778464269258,NA,20,20,20,0.4513426350994969,0.016653569459237717
ENSG00000226567.1,LINC00606,0.33108948131717514,NA,0.740576896690883,0.019925154728256036,0.06633919542801475,0.0009806499399799915,NA,11,12,12,0.0006906653049753153,0.2092339141036532
ENSG00000168818.9,STX18,-0.330833522039737,NA,0.7407702384211698,0.004163108766394599,0.03408068263248981,0.028850373208456695,NA,10,14,14,0.08726130298769387,0.09695351087933883
ENSG00000173281.4,PPP1R3B,-0.3306393422156718,NA,0.7409169252664285,0.00555569496278937,0.08465556063349547,0.0002838907031208715,NA,9,11,11,0.08760426215509856,0.05574732431333991
ENSG00000066468.22,FGFR2,0.33022677252136834,NA,0.7412286189074873,0.0005071183854455806,0.028253734990396538,0.04591395787101884,NA,6,7,7,7.776283630936848e-08,0.03521961390443516
ENSG00000111897.6,SERINC1,-0.33006244876422786,NA,0.7413527762341832,0.003403866893200387,0.09116138387744538,0.00028468338091753844,NA,9,9,9,0.1269500479371131,0.08798605050016317
ENSG00000251504.1,LINC01099,0.3300426252329454,NA,0.7413677546615354,0.10034603212422218,0.1228807937892575,1.7942441438829564e-05,NA,87,90,90,0.0018977379444159162,0.14719138313798474
ENSG00000146909.7,NOM1,0.3298619281527505,NA,0.7415042917697678,0.006777057695586973,0.09072316852329364,0.0001429058311909892,NA,16,16,16,0.2088971246475234,0.03721824195168464
ENSG00000197536.11,C5orf56,0.32951523009354483,NA,0.7417662842018229,0.069938739042898,0.11441858710233498,3.271707118282804e-05,NA,87,91,91,0.00019588278443133606,0.21701339054227972
ENSG00000106077.18,ABHD11,-0.32921915985377326,NA,0.7419900419515564,0.005449592610083894,0.05432635427501732,0.004449917470719754,NA,20,21,21,0.5136285217528337,0.02982453508525775
ENSG00000121933.18,TMIGD3,-0.32914261016871227,NA,0.7420478986147505,0.005234132628182283,0.12720751650363935,1.3502940762320916e-05,NA,56,60,60,0.17059057788012755,0.06756945597437611
ENSG00000255693.1,RP11-766N7.3,-0.32910314758898745,NA,0.742077725213973,0.008926746295784129,0.11043628310633223,4.764520996879162e-05,NA,30,31,31,0.00042496159944200966,0.12721841828188668
ENSG00000140263.13,SORD,-0.32900934545166755,NA,0.7421486242815365,0.007652540987953168,0.08647973936196965,0.0003527189658201387,NA,7,10,10,0.030811313964347126,0.1702130410205882
ENSG00000184428.12,TOP1MT,0.3288762659353826,NA,0.7422492143750063,0.011188301611080757,0.03748244187362089,0.02043772653083047,NA,30,33,33,0.07074510008778533,0.05486891093329766
ENSG00000136273.11,HUS1,-0.3283237271603001,NA,0.7426669059365966,0.021161533765570815,0.028598417385586907,0.04562249866336858,NA,46,49,49,0.0035842926291158672,0.14085377386930562
ENSG00000109381.19,ELF2,-0.3283025059274348,NA,0.7426829496346335,0.0006213575806070476,0.038289045792704215,0.019133756278334774,NA,7,7,7,0.5361072369068904,0.018868730358402263
ENSG00000184381.18,PLA2G6,-0.3279481641967132,NA,0.7429508559402419,0.0025518783810850954,0.04127662920122189,0.015483554765483838,NA,10,10,10,0.06586109711383603,0.054772585064813833
ENSG00000139998.14,RAB15,0.3269693159811573,NA,0.7436910930760832,0.0025085528756736836,0.0640038242724493,0.0025392257896083357,NA,28,30,30,0.0013037404807637132,0.19983270402330933
ENSG00000198105.13,ZNF248,0.3268507281563947,NA,0.7437807891849644,0.014027344902536003,0.08779022839262156,0.0002617075947132365,NA,20,21,21,0.018167444949654644,0.11854056369885385
ENSG00000152348.15,ATG10,-0.32667783248101423,NA,0.7439115682769335,0.1739569167812747,0.3139477743126504,3.0923885760932e-14,NA,62,63,63,0.00013934657055422403,0.2472563943002021
ENSG00000100330.15,MTMR3,-0.32662948061563113,NA,0.7439481431744022,0.008834985070077746,0.03278473962382825,0.028657687444083545,NA,36,37,37,0.0608255471221918,0.11726928696416357
ENSG00000214694.10,ARHGEF33,-0.3265536254639236,NA,0.7440055236012246,0.003722442297201967,0.05694057033707159,0.004339901403322761,NA,4,4,4,0.3480647141386486,0.09342634311654438
ENSG00000162669.15,HFM1,-0.32641507597697433,NA,0.7441103326592098,0.02096755511880121,0.12450069161124523,1.5232989939660126e-05,NA,28,28,28,0.0005944533731738338,0.08296614811400517
ENSG00000122417.15,ODF2L,-0.32636610105044445,NA,0.7441473820423719,0.011087369428376423,0.04316539407724862,0.013095267284117092,NA,32,33,33,0.01168250752363687,0.06667076002304928
ENSG00000267868.1,RP11-120K24.3,0.3259332180385081,NA,0.7444748824669116,0.017202140415779096,0.05609249189267383,0.0050039286329049,NA,36,38,38,0.26023483592150276,0.15479908775829754
ENSG00000196655.11,TRAPPC4,0.3255549762581317,NA,0.7447610815477129,0.07777494815628241,0.36853653091775096,1.4524651709084901e-16,NA,35,39,39,0.3376855393966567,0.16004807778311975
ENSG00000124164.15,VAPB,-0.3243392833343644,NA,0.7456811819293214,0.044924948284163206,0.31388118797195713,7.523139106899984e-14,NA,35,38,38,0.00012224599170421012,0.07033063921763857
ENSG00000170745.11,KCNS3,0.3243008251679699,NA,0.7457102950210877,0.018062980744077646,0.06292132618444646,0.001933817294505231,NA,40,41,41,0.006719807848606508,0.054248716419551236
ENSG00000105373.18,GLTSCR2,0.32420493479733886,NA,0.7457828862607143,0.00905417025725083,0.058333019965136526,0.0030201406926515613,NA,27,28,28,0.03745756014216518,0.15730452167108813
ENSG00000254087.7,LYN,-0.32400268990151654,NA,0.7459359977468947,0.007875992825146477,0.11470285927742127,3.1646962612421904e-05,NA,38,39,39,0.0008001554450409416,0.03476199374927735
ENSG00000100764.13,PSMC1,0.32348100659221835,NA,0.7463309895296983,0.038160226635838346,0.08736777890241855,0.0002985783159594204,NA,88,93,93,1.4631751417169915e-05,0.1590254611329744
ENSG00000250506.7,CDK3,-0.32343365643662375,NA,0.7463668439346165,0.045285783437640025,0.311362706175705,1.5008836667781e-13,NA,18,18,18,0.17150715432238517,0.16797706555274428
ENSG00000147576.15,ADHFE1,0.3225938109958143,NA,0.7470028814581199,0.049033880915802026,0.3391569545611798,1.4174227500660771e-15,NA,22,23,23,0.11100820144870903,0.06891177202422871
ENSG00000271892.1,CTD-2228A4.1,0.3223111733369381,NA,0.7472169693326705,0.018831253253919197,0.2741851354535511,9.109504680927137e-12,NA,18,19,19,0.4823664445188359,0.11090411608005052
ENSG00000175093.4,SPSB4,-0.32165700548003157,NA,0.7477125527725543,0.010640846471595515,0.06105087556231005,0.003228525994566341,NA,14,17,17,0.03878563784415862,0.1865110917109964
ENSG00000178033.5,FAM26E,0.3213210302263008,NA,0.7479671209165398,0.004960240058803725,0.06389992479223437,0.0021415195149960074,NA,20,20,20,0.40972290756948115,0.05211993224659383
ENSG00000163389.10,POGLUT1,0.32130167435647383,NA,0.7479817876790277,0.027473802351806836,0.2378301693570406,4.164477948315392e-10,NA,25,25,25,0.17479814462002563,0.04650642517199325
ENSG00000062194.15,GPBP1,0.32129258431402224,NA,0.7479886756207271,0.0012998235869757866,0.028352493641171227,0.04381147914115865,NA,15,18,18,0.30667401553525775,0.10460353049581314
ENSG00000128891.15,C15orf57,-0.32122590904745196,NA,0.7480391991403776,0.04585155972801907,0.33739123943015514,9.671336948730845e-15,NA,34,34,34,6.54922077947859e-06,0.0747188681617228
ENSG00000137693.13,YAP1,0.3205750307218154,NA,0.7485324622865474,0.0017474099834007305,0.08309103224209105,0.0004365839131827229,NA,14,14,14,0.2377698889778045,0.01412703679291381
ENSG00000256538.1,RP11-847H18.3,-0.32042902813829893,NA,0.7486431233655456,0.03262346252793076,0.049891879467614884,0.006588047235994232,NA,38,39,39,0.04748587282788617,0.10012987852814154
ENSG00000189129.13,PLAC9,-0.32019306272980824,NA,0.7488219817389166,0.024627841820573638,0.13322294508093552,5.488280566551354e-06,NA,41,41,41,0.0014175438029601765,0.11914690005931952
ENSG00000180481.10,GLIPR1L2,-0.31998147731511983,NA,0.7489823719209643,0.11219175241340368,0.4509995754645682,2.4270543944369818e-21,NA,47,48,48,0.08899498193526469,0.15951469342201574
ENSG00000263753.6,LINC00667,0.3197651157407348,NA,0.74914639385227,0.03524423354663656,0.2482633000696457,1.4463416019161597e-10,NA,42,50,50,0.0020426911090628565,0.0547056366230122
ENSG00000110871.14,COQ5,-0.31940229285872884,NA,0.7494214723648567,0.004049024776045444,0.0684582339253856,0.0016243980390379439,NA,28,30,30,0.6816981742933637,0.02281342004046844
ENSG00000130177.14,CDC16,0.31929640793372605,NA,0.7495017562995108,0.0012948028355011796,0.03707376496943638,0.021128373923180847,NA,3,3,3,0.6946362943732621,0.05846497020305254
ENSG00000112245.10,PTP4A1,-0.31901556872380765,NA,0.7497147069968073,0.0007103678867265218,0.04098664037360293,0.011892457520228423,NA,3,3,3,0.7306114050184871,0.012598450244541006
ENSG00000050426.15,LETMD1,0.3189559457578766,NA,0.7497599194935315,0.008134428221790592,0.031617413986972306,0.031199038895306917,NA,18,19,19,0.43413772051541055,0.0978975410666718
ENSG00000164308.16,ERAP2,-0.3187557064513907,NA,0.7499117686005263,0.209572697032865,0.6025467524709038,4.338764724592728e-34,NA,31,33,33,0.351144538919842,0.09095413281301687
ENSG00000266498.1,RP11-45M22.5,0.3186261951923371,NA,0.7500099870923608,0.00017748052588729477,0.02970550417906915,0.036395093364842465,NA,1,1,1,0.7500099870923609,0.0629501948095039
ENSG00000196715.5,VKORC1L1,-0.31825332328995176,NA,0.7502927875740866,0.013552879711534465,0.045394911649252,0.0104426730439874,NA,37,38,38,0.0015810185391275725,0.21244800569229527
ENSG00000007171.16,NOS2,-0.317206473844391,NA,0.7510869379761687,0.06994042697913022,0.3475518460166774,4.0438223610548006e-16,NA,34,34,34,0.00012236718680866244,0.22778291612852156
ENSG00000246898.1,LINC00920,-0.31686340189515183,NA,0.7513472531897797,0.22237886427588824,0.4712811290210872,3.025831526934633e-23,NA,114,122,122,2.1147578275157796e-08,0.3329565969856677
ENSG00000126214.21,KLC1,-0.3155123705863249,NA,0.7523726600006135,0.001728254529643329,0.059665020840841534,0.003199289187525751,NA,12,12,12,0.00771831925528062,0.07683521990734489
ENSG00000114988.11,LMAN2L,-0.31529230963016774,NA,0.7525397234887883,0.007491803002630595,0.0418689169613965,0.014682573008315212,NA,48,50,50,0.09858186070719428,0.09613307676219243
ENSG00000235750.9,KIAA0040,-0.31485613859786116,NA,0.7528708853290348,0.0015447569507374193,0.03530207705300928,0.02105215921599182,NA,34,34,34,0.6745709179313253,0.03996926343870079
ENSG00000204977.9,TRIM13,-0.3146860819541824,NA,0.7530000127659771,0.015710497937090038,0.06743480160701201,0.0014880856015958444,NA,47,48,48,0.10726823497137401,0.08753303907810696
ENSG00000165695.9,AK8,0.3143038491561775,NA,0.7532902750500406,0.02980066305950869,0.18172751059113668,5.4576699960723363e-08,NA,46,57,57,0.00819280264425579,0.12885678793983218
ENSG00000272849.1,RP11-347I19.8,0.31418346362233546,NA,0.7533817013775255,0.007716094174302569,0.10361808757163958,5.8880038001793165e-05,NA,10,10,10,0.6407088447727648,0.10974482421706967
ENSG00000116133.11,DHCR24,-0.3140711824144052,NA,0.7534669760228399,0.005481115855546779,0.07839198242807452,0.0005563763830109185,NA,25,26,26,0.01039499889948499,0.044783449797818384
ENSG00000259511.2,UBE2Q2L,-0.313844998542794,NA,0.7536387658962638,0.030102348816627107,0.03210235578630585,0.030176460025855237,NA,20,20,20,1.9173698278960997e-10,0.20703541670581704
ENSG00000142273.10,CBLC,-0.3134247123821476,NA,0.7539580116019565,0.01195043681460431,0.034106494122155134,0.026173733158975476,NA,10,10,10,0.3508602395637902,0.2286247313240693
ENSG00000166199.12,ALKBH3,0.3133845443887408,NA,0.7539885250623715,0.03425850138973224,0.12370283637224032,1.796375220531963e-05,NA,40,42,42,9.189906987025373e-05,0.9329159165628348
ENSG00000251410.1,AC007106.1,-0.3133154510127136,NA,0.7540410124760893,0.06697409772398283,0.09225683553903416,0.0001082188506767832,NA,89,92,92,6.33742838960225e-08,0.28488625222754266
ENSG00000134202.10,GSTM3,0.31267105361881736,NA,0.7545305895239904,0.056421074215125204,0.4757637455937677,5.1963867995047005e-23,NA,18,21,21,0.0004580198389930206,0.12348954200351535
ENSG00000231768.1,LINC01354,0.31257422277981084,NA,0.7546041647023548,0.028466247561491225,0.07430291628503914,0.0007287405290312157,NA,87,96,96,2.627012557143351e-06,0.209174263010161
ENSG00000145217.13,SLC26A1,-0.3125330352191541,NA,0.7546354610075829,0.00790199707047114,0.14165403606896532,2.661551521929544e-06,NA,4,4,4,0.6748880403637965,0.047826069819422376
ENSG00000203880.11,PCMTD2,0.3124758301814964,NA,0.7546789288366345,0.013308677515890481,0.1442332085936166,2.8038373630490714e-06,NA,13,18,18,3.151480166978572e-07,0.16439138202899312
ENSG00000151893.14,CACUL1,-0.3122402341489262,NA,0.7548579570638034,0.0015775835400257928,0.05409954780661312,0.003845518079608695,NA,2,2,2,0.753191623586857,0.04287566410183236
ENSG00000154678.16,PDE1C,-0.3118737623243813,NA,0.7551364633131741,2.2791566515673966e-06,0.09774534855623346,0.00011218052151972632,NA,2,3,3,0.7488212893430266,0.002487427159643655
ENSG00000205106.4,DKFZp779M0652,0.3114355015280848,NA,0.755469568559089,0.03259979293562358,0.048133451824092566,0.008953742534505659,NA,51,52,52,6.2593775043343335e-06,0.07396601750913495
ENSG00000143147.14,GPR161,-0.31133429390123973,NA,0.7555464990645463,0.008531894043153973,0.04174119831262396,0.014498666246660775,NA,25,26,26,0.07218426570303565,0.1328976858060575
ENSG00000187778.13,MCRS1,-0.31070535188064324,NA,0.7560246282902867,0.0022059473251259407,0.09596779974177712,0.00018454023172681525,NA,29,30,30,0.5891313738235595,0.018550798403466854
ENSG00000213639.9,PPP1CB,0.31024028301194767,NA,0.756378239295411,0.012435891021617643,0.05032166009504515,0.006098286228243683,NA,58,61,61,0.003954561820499648,0.1565129725304983
ENSG00000111215.11,PRR4,0.3099429207760434,NA,0.7566043627904797,0.004039777791027443,0.09787095651607994,0.00012694885926503065,NA,18,70,70,0.14277798823289797,0.03565001057732313
ENSG00000087338.4,GMCL1,0.3099311594713558,NA,0.756613306881044,0.00810689546880852,0.03092490059172472,0.036633241721181965,NA,7,7,7,0.16947489611754674,0.11921788050316925
ENSG00000282021.1,CTD-2336O2.3,0.3099026996520494,NA,0.7566349497850096,0.0926810824459359,0.23516843279527194,1.3123740741502245e-10,NA,29,34,34,0.06545459293140378,0.1374821630454593
ENSG00000167925.15,GHDC,0.3098319954165864,NA,0.7566887192230332,0.009987169982771552,0.027518077504022336,0.048623482928900015,NA,47,48,48,1.519528140448203e-07,0.1521940138751259
ENSG00000152952.11,PLOD2,0.3096006941253031,NA,0.756864628376831,0.007234904509751918,0.05581315857068727,0.004598637926068262,NA,40,42,42,0.1491538118702928,0.18625301007909675
ENSG00000164733.20,CTSB,-0.309423015597067,NA,0.7569997649267801,0.0013241277829969325,0.06118833313206967,0.001941192981213266,NA,20,22,22,9.746979025134693e-08,0.03979201922716631
ENSG00000157823.16,AP3S2,0.3092087880389503,NA,0.757162709367433,0.0114496256643763,0.2170888995845098,2.442685550959033e-09,NA,9,10,10,0.5431889495463245,0.08687629863879917
ENSG00000197165.10,SULT1A2,0.30878987912770395,NA,0.7574813684572448,0.09796134151154459,0.2827235608876805,5.335086395085832e-12,NA,30,33,33,4.189071747502667e-06,0.07806447103133925
ENSG00000122375.11,OPN4,0.3083535242880646,NA,0.7578133422928404,0.06753000737082204,0.16375210513372676,4.5807781575101917e-07,NA,104,107,107,2.6640301476059668e-05,0.3934262958183448
ENSG00000234147.1,RP3-460G2.2,0.3082974638337,NA,0.757855995692984,0.06669320733269565,0.22100573594568265,2.756071483586774e-09,NA,29,29,29,0.45145767385610247,0.07898774913299704
ENSG00000244414.6,CFHR1,-0.30802347663786034,NA,0.7580644684939235,0.011479213775925243,0.11689803565258665,1.785582957221313e-05,NA,6,7,7,0.16187682356198474,0.044950886584605165
ENSG00000173535.13,TNFRSF10C,-0.3079433654266632,NA,0.7581254272534739,0.007982161783687162,0.031709832378896415,0.029171939883257118,NA,9,9,9,0.007951807946550211,0.05955302773985824
ENSG00000119599.16,DCAF4,0.307828590842512,NA,0.7582127649196053,0.012445217144145477,0.1315197811273373,7.4947066742602524e-06,NA,24,24,24,0.0010303445739026132,0.07741305402927275
ENSG00000236383.8,LINC00854,-0.30748758394004005,NA,0.7584722721623323,0.014003541221336957,0.10199008251438242,5.446008757487861e-05,NA,22,22,22,0.12208493329060399,0.043628020633610924
ENSG00000273136.6,NBPF26,0.30719630658595115,NA,0.7586939566243586,0.0006253352852916592,0.4865212931106728,3.4108389531161537e-25,NA,2,5,5,0.5815661361438543,0.065875207963693
ENSG00000138658.15,ZGRF1,-0.3066770154952501,NA,0.7590892262681723,0.01775531713318957,0.14580843955317713,1.8473678327140518e-06,NA,43,44,44,0.030713926001649815,0.1358580054936102
ENSG00000115761.15,NOL10,0.3065365064774924,NA,0.7591961885711441,0.004260928655330898,0.07546132026649181,0.0007242839749813897,NA,5,5,5,0.2568964946554616,0.037005181046655546
ENSG00000064652.10,SNX24,-0.30645361792091946,NA,0.759259289535298,0.012390384425334392,0.1007189448231402,8.822789521276513e-05,NA,22,22,22,0.09861806479256874,0.05243498483408387
ENSG00000115128.6,SF3B6,0.3061355599237157,NA,0.7595014339258079,0.006665882901599819,0.05564506463093343,0.004020740676080192,NA,26,27,27,0.015725686562599605,0.2190274849319163
ENSG00000162600.11,OMA1,0.30582066567721544,NA,0.7597411929128017,0.0068022723964778565,0.14811706157609167,1.400937582199009e-06,NA,21,21,21,0.58074325511225,0.09277612385698926
ENSG00000095464.9,PDE6C,-0.3057667471954755,NA,0.7597822485051969,0.050143294776805,0.05403940011535762,0.004827890670431164,NA,23,25,25,0.0013961812941521423,0.3084916851502777
ENSG00000148604.13,RGR,-0.3052618759003409,NA,0.7601667096292803,0.07477784634738077,0.3201132597986345,4.778702104588823e-14,NA,10,11,11,0.3294146557563453,0.11326987268960224
ENSG00000161328.10,LRRC56,0.30522299331847036,NA,0.760196321299828,0.014137480329418937,0.15925894543974187,7.781449705120757e-07,NA,20,21,21,0.010573238804198274,0.08948547744174842
ENSG00000218672.1,AC008060.7,0.30512469649689106,NA,0.7602711824301815,0.12574218676393084,0.4919347445460274,2.4513371388116023e-25,NA,13,14,14,0.1822554739861706,0.3551867586630765
ENSG00000267838.2,AC008746.12,-0.30511681936636753,NA,0.7602771816114201,0.002794278509479334,0.20302271951229975,6.639991309658149e-09,NA,7,19,19,0.34133942944541984,0.043311587936731365
ENSG00000138029.13,HADHB,-0.30507095061040235,NA,0.7603121153014976,0.0027865241522431593,0.08662912202333116,0.00032077191516480935,NA,9,9,9,0.0640545184536758,0.021651263903501698
ENSG00000137203.10,TFAP2A,0.3048998683011719,NA,0.7604424160694037,0.07863570706829244,0.11061895594055636,4.038129586505012e-05,NA,57,61,61,0.0003123822394771496,0.3847627709371077
ENSG00000120063.9,GNA13,0.30489843333404987,NA,0.7604435090066995,0.002332413918103223,0.033730744159876896,0.029788909121256774,NA,22,22,22,0.10047076810341223,0.05364456712438428
ENSG00000267723.1,CTD-2189E23.1,-0.30326740234458194,NA,0.761686086269064,0.023749963292496748,0.10552147201177407,7.410935707727094e-05,NA,4,4,4,0.6623030214877744,0.1047710770541282
ENSG00000187954.12,CYHR1,-0.3031833715490945,NA,0.7617501205880661,0.0009849224379096034,0.03915450691273916,0.019533539869549414,NA,15,20,20,0.028073426042660606,0.021951966531338504
ENSG00000110218.8,PANX1,-0.30292598573397694,NA,0.7619462674670286,0.009348382620299672,0.0767961568268833,0.0007033810256909048,NA,25,26,26,0.2961266370503933,0.058179685711950736
ENSG00000127472.10,PLA2G5,0.3028476789342155,NA,0.762005946029729,0.0233631590403982,0.06943502765891359,0.001097868719790725,NA,46,51,51,0.002429278307512711,0.2060841157873552
ENSG00000185532.15,PRKG1,0.3014074926567496,NA,0.7631037815081374,0.032059540172714285,0.15240880038190402,7.48974266613039e-07,NA,58,66,66,0.0050769791525627555,0.20785054633791575
ENSG00000133460.19,SLC2A11,0.3013707622967076,NA,0.7631317868313376,0.014598754744440376,0.1782581953229592,1.33682996155561e-07,NA,8,12,12,0.5499039332746088,0.16551231738918498
ENSG00000050820.16,BCAR1,-0.30065868835844534,NA,0.7636747738688177,0.002587724470226279,0.06431838882811564,0.002081142363308725,NA,19,19,19,0.15122869414941986,0.06161801029919425
ENSG00000241935.8,HOGA1,-0.3004027796644778,NA,0.7638699436788896,0.005959661664155005,0.2866115642080357,1.967520070506525e-12,NA,13,16,16,0.001020047800724094,0.06493550756158338
ENSG00000100804.18,PSMB5,0.300166027466011,NA,0.7640505170713876,0.006545007686506438,0.15444044483175534,5.711606893603533e-07,NA,20,22,22,0.0042038163341906794,0.0575749271032472
ENSG00000137135.17,ARHGEF39,-0.29990357092051967,NA,0.7642507104378389,0.03504169606804648,0.20328672824735766,9.971785372994197e-09,NA,23,24,24,0.4246363373941512,0.1372029479701809
ENSG00000197020.10,ZNF100,0.29923227107606776,NA,0.7647628279219392,0.04511660508167632,0.333154415879621,2.0393095332239275e-15,NA,27,30,30,0.07949608649434768,0.1462596458903299
ENSG00000165929.12,TC2N,0.29905871852717064,NA,0.7648952434690212,0.03598355472298086,0.13804468552217994,3.2161746522573495e-06,NA,27,31,31,0.03332692261645561,0.09962769637144722
ENSG00000175170.14,FAM182B,0.29849740793627894,NA,0.7653235541661694,0.14498846858767966,0.3634808450338853,7.683751039430162e-17,NA,46,50,50,0.008187425799510564,0.6718746615886046
ENSG00000198755.10,RPL10A,-0.2983947988671759,NA,0.7654018582635033,0.002556634698776294,0.02867515373252997,0.03762811764321679,NA,4,14,14,0.2005288794376383,0.0447413463399116
ENSG00000189171.14,S100A13,0.2982701505051128,NA,0.7654969844399644,0.03956312167144117,0.4031113520314474,5.745801479156888e-20,NA,14,14,14,5.336296562920292e-06,0.1126073446260309
ENSG00000254139.1,CTD-2339F6.1,0.2978958541110819,NA,0.7657826523221275,0.0157202586529674,0.09723300622419433,0.00014691515964847395,NA,8,9,9,0.5008134948043022,0.051719282610732734
ENSG00000123146.19,ADGRE5,0.297454027604197,NA,0.7661199010561978,0.006318014547259507,0.18729039191823305,2.4271614014887994e-08,NA,19,22,22,0.13556104240256664,0.0893220869017375
ENSG00000176909.11,MAMSTR,-0.2973772840116189,NA,0.7661784844052083,0.045263915165567936,0.04418751536501932,0.00983787536403276,NA,74,77,77,3.517563863441412e-17,0.2907948276809069
ENSG00000126215.13,XRCC3,-0.2972590021517725,NA,0.7662687792190903,0.012508103443884198,0.1281617867317515,1.0371747750963573e-05,NA,51,52,52,0.019427217382647056,0.10940028532869994
ENSG00000166743.9,ACSM1,0.2969863278297032,NA,0.7664769472988381,0.07339064336028653,0.10450562126294434,5.403413367341384e-05,NA,48,57,57,0.018628143076972112,0.6551746321106847
ENSG00000219481.10,NBPF1,-0.2968833381823218,NA,0.7665555771939253,0.029661000965469416,0.2152131495976882,2.981167497586945e-09,NA,43,49,49,0.08099584582311795,0.1963159220359477
ENSG00000123810.7,B9D2,-0.2963740595485072,NA,0.7669444334003364,0.00933443054096993,0.03905592216421381,0.01913371218503309,NA,35,38,38,2.1938481107611137e-08,0.10048474352506297
ENSG00000268043.7,NBPF12,0.29636360730867073,NA,0.7669524147513612,0.00023945233718220736,0.1227599199812866,9.159672731526976e-06,NA,2,4,4,0.48433336449204933,0.018154514864069483
ENSG00000256433.2,RP1-102E24.8,-0.29626800318294605,NA,0.7670254193981695,0.01283818493289518,0.028495725530101143,0.04581736410078069,NA,25,28,28,0.13030642606836326,0.10159628439246622
ENSG00000151779.12,NBAS,-0.29603120437741176,NA,0.7672062511787603,0.021867483696898844,0.17630947508529293,9.83348084817171e-08,NA,79,80,80,3.664084244064604e-05,0.04696920822350925
ENSG00000112406.4,HECA,-0.29599085739953995,NA,0.7672370634761487,0.0027976134186754415,0.049988989813492535,0.0067488343369657535,NA,17,17,17,0.42939552609634957,0.03933438498322536
ENSG00000138778.11,CENPE,-0.294903835925248,NA,0.7680673415534547,0.017059541724724063,0.048387438909421335,0.009215806746306048,NA,17,18,18,0.018611810578043134,0.2171509110072111
ENSG00000042286.14,AIFM2,-0.2944761254656421,NA,0.7683941041877937,0.03509120168822038,0.20029757569242745,4.850651811601334e-09,NA,51,56,56,0.0022675666063388315,0.10974524835731604
ENSG00000174718.11,KIAA1551,-0.2944132015731513,NA,0.7684421803159442,0.026275788733940823,0.0598100949982987,0.0028817086509656696,NA,43,46,46,7.034059571793747e-06,0.12386109452581985
ENSG00000273899.4,NOL12,-0.29422946302528946,NA,0.7685825683042194,0.00837377559220887,0.03132802845236487,0.03616540414981287,NA,42,43,43,0.0002212694036196204,0.041388753682809865
ENSG00000105705.15,SUGP1,0.29364720891777824,NA,0.7690274977519014,0.01110790201439719,0.08422243400382394,0.0004590669593113653,NA,41,44,44,0.03720735169852596,0.15284380097788502
ENSG00000023516.8,AKAP11,0.2934949982568222,NA,0.7691438220703539,0.010392155506773425,0.28929970604263266,4.871629563078263e-13,NA,43,45,45,0.002289522419381931,0.03671922878160724
ENSG00000213714.1,FAM209B,0.29322328232856026,NA,0.7693514891027193,0.013388608195266213,0.029532450092641882,0.041276663693715625,NA,15,16,16,0.26723965695266694,0.12914842975247015
ENSG00000146707.14,POMZP3,-0.2931953208526476,NA,0.7693728604369601,0.13860123183635714,0.3738081224165265,3.1898727885097475e-17,NA,30,31,31,0.027781038057159736,0.15212816975106158
ENSG00000267127.7,RP11-795F19.5,0.2928670824483848,NA,0.769623750585298,0.044745798040080845,0.10189545928675488,8.97203444296424e-05,NA,19,19,19,0.1265036004014067,0.11970048637154268
ENSG00000169857.7,AVEN,0.2924305301079171,NA,0.769957468228468,0.029137420992611,0.13971556063721946,4.072257423398657e-06,NA,42,46,46,0.021572845309685913,0.08760407949106848
ENSG00000077454.15,LRCH4,0.2921962212708306,NA,0.7701366006204081,0.004005209720619209,0.13977698007985628,3.2564902101958746e-06,NA,16,16,16,0.4523938211143498,0.04502475997322631
ENSG00000213965.3,NUDT19,-0.2917623610905783,NA,0.7704683251863116,0.027505352407218416,0.07273784885779802,0.0007430466343523064,NA,45,49,49,3.967846364241287e-05,0.22035103820691948
ENSG00000179399.14,GPC5,-0.291072326968906,NA,0.7709960039218317,0.009185564654570634,0.02866721563969516,0.04347764171291636,NA,39,39,39,1.266503089841465e-07,0.13067809622782994
ENSG00000155868.7,MED7,-0.2910315416972273,NA,0.7710271963089063,0.025830989162957167,0.1785926637466182,1.1174808360852974e-07,NA,69,71,71,0.001908825047987976,0.13845255280484028
ENSG00000160117.14,ANKLE1,0.2907566522519441,NA,0.7712374401397313,0.039753617883914315,0.06013913957491221,0.003226736420082013,NA,31,34,34,0.12980250885881467,0.1115204541737095
ENSG00000147894.14,C9orf72,-0.2906376343688064,NA,0.7713284738602054,0.02378796720149923,0.3056113189014077,9.783360215178887e-14,NA,20,23,23,0.09479483450241342,0.0954969921007708
ENSG00000275358.1,RP5-1025A1.3,0.2901975579604616,NA,0.7716651043357649,0.14116993092558783,0.15033921697107933,1.7013642468008356e-06,NA,138,139,139,1.8688407685616632e-10,0.3744198832258427
ENSG00000144120.12,TMEM177,-0.29007853215588536,NA,0.7717561588986521,0.005153765332375402,0.0717247867489484,0.0012902388174279448,NA,11,11,11,0.3303206356196281,0.06363196096673376
ENSG00000146282.17,RARS2,-0.28999269654024307,NA,0.7718218249677089,0.033193825605556594,0.028667751016694783,0.0456611326154848,NA,64,66,66,0.005902673934796352,0.3404654119257011
ENSG00000142675.17,CNKSR1,-0.2898118565115801,NA,0.7719601767795291,0.09911583001015255,0.4654525091229443,4.8057153996730564e-23,NA,53,62,62,0.16273107233002226,0.16754468837165898
ENSG00000283154.2,IQCJ-SCHIP1,-0.2896853416279024,NA,0.7720569714059142,0.013833710099173526,0.17930773252657084,2.4532467433936634e-08,NA,10,10,10,0.7487679084111079,0.03225788030072521
ENSG00000109832.13,DDX25,0.2886161893806611,NA,0.7728751051644616,0.007657076799674424,0.15229722020118938,6.498855968537414e-07,NA,18,19,19,0.015846070126610493,0.1114505663513139
ENSG00000124785.8,NRN1,0.2884271603477353,NA,0.7730197797357503,0.0011663663125311028,0.060905692097272326,0.002845053253954027,NA,10,10,10,0.20737747555211716,0.016541238589390158
ENSG00000234465.10,PINLYP,-0.2874735559885702,NA,0.7737497470628878,0.028241338980151614,0.25463293463989795,2.7959477234170626e-11,NA,19,20,20,0.17750807632987464,0.09823203335265507
ENSG00000116874.11,WARS2,-0.2874142486163054,NA,0.773795152427826,0.09285109840277372,0.33541631918733544,9.15454994349405e-15,NA,53,64,64,0.0021595227664659563,0.25385705668481323
ENSG00000112053.13,SLC26A8,0.2867801033791127,NA,0.7742806985325921,0.023056645574303786,0.14240385998050048,2.5284676697108063e-06,NA,22,22,22,0.020497529310701982,0.08853667501229512
ENSG00000114354.13,TFG,-0.2861826484739828,NA,0.7747382327402228,0.004839566002559597,0.08829492045386836,7.468781221447407e-05,NA,15,15,15,0.3339402989338941,0.02596597840880328
ENSG00000198951.11,NAGA,-0.28600293620072326,NA,0.7748758726868653,0.009238629490260816,0.15616728771789298,6.705724226249389e-07,NA,17,19,19,0.14667145081499183,0.0488621393901524
ENSG00000134779.14,TPGS2,-0.2859387514108094,NA,0.7749250329310016,0.002991400879480673,0.059722611618546924,0.0026485605492589143,NA,8,8,8,0.0012097408610551935,0.027688371479901542
ENSG00000112562.18,SMOC2,0.28572045102348526,NA,0.7750922397365553,0.015510146296920534,0.11731846968208864,2.1403105383482524e-05,NA,33,36,36,0.35835943263396386,0.033443849861341496
ENSG00000111321.10,LTBR,-0.2856782727735703,NA,0.7751245472968571,0.024426660074063345,0.2531645278926563,7.692460140223792e-11,NA,50,53,53,1.6599882578355796e-15,0.07158855298209132
ENSG00000228793.1,RP1-223B1.1,0.2850835196136896,NA,0.7755801558332467,0.1253874971011465,0.4746999489832063,1.6974498091331856e-24,NA,40,45,45,0.00606575135655911,0.1485868738665088
ENSG00000141314.12,RHBDL3,-0.28489786474588524,NA,0.7757223919113977,0.07095711835745602,0.14452267829256507,1.941084822640584e-06,NA,118,124,124,6.4602118144809096e-12,0.1703753754244592
ENSG00000273142.1,RP11-458F8.4,-0.2847341927692063,NA,0.775847792440045,0.007709783928750588,0.1057952045675674,5.126694303265487e-05,NA,28,29,29,4.677615334576944e-10,0.045700254902231056
ENSG00000134201.10,GSTM5,-0.2846948002652276,NA,0.7758779746603348,0.10704750499594548,0.5372965000085731,1.3406687495230751e-27,NA,13,15,15,0.017947176866650795,0.10677102576786666
ENSG00000166987.14,MBD6,-0.28441146564191905,NA,0.776095073344348,0.002210605261726156,0.040595552432976335,0.01530420312764733,NA,8,8,8,0.015512507287620231,0.11057754225433304
ENSG00000115275.11,MOGS,-0.2843805441663445,NA,0.7761187672779314,0.004248689047407321,0.05646798984337858,0.0022842990947795857,NA,8,9,9,0.19497651033185281,0.06474809724959099
ENSG00000104537.16,ANXA13,0.2843308080037438,NA,0.7761568786172681,0.008493509664260924,0.07818550324951032,0.0008004963882149854,NA,5,5,5,0.2986619257239074,0.06985440293603187
ENSG00000204241.7,RP11-713P17.3,-0.2832997213929176,NA,0.7769470908366364,0.029310530857295798,0.1573512106651349,3.812091690049855e-07,NA,23,24,24,0.0011115438350171333,0.08886842922768498
ENSG00000174373.16,RALGAPA1,-0.28268684463335536,NA,0.7774169015635058,0.012056358253330712,0.15260771721538074,2.2159112364493503e-07,NA,18,18,18,0.00451946354630637,0.062466037713974874
ENSG00000105499.13,PLA2G4C,-0.2821422872302645,NA,0.7778344092699907,0.028154951241978032,0.19173658813924144,1.2540896694388617e-08,NA,38,39,39,0.3493331620818241,0.1527639554313183
ENSG00000068097.14,HEATR6,0.2819328541366569,NA,0.7779949969965441,0.029245271489838673,0.18409653983335095,1.7432765009956752e-08,NA,37,39,39,0.0016373015092216033,0.08215607316428268
ENSG00000197150.12,ABCB8,-0.281840612875169,NA,0.7780657281510603,0.013571891373431517,0.138197306447014,5.042425318710588e-06,NA,44,49,49,0.08568911513513633,0.052284290308283014
ENSG00000112796.9,ENPP5,0.2818231986753357,NA,0.778079081670674,0.005093880743726667,0.10122317268023297,5.8935390678008496e-05,NA,9,9,9,0.35693766064582644,0.02566320509873421
ENSG00000141580.15,WDR45B,0.28148219476873765,NA,0.7783405827616859,0.004134160839100059,0.037777043160916735,0.0212114703321416,NA,6,7,7,0.3202021983199994,0.08330767790214602
ENSG00000104728.15,ARHGEF10,0.2810568547100757,NA,0.7786667927645881,0.021616818320658003,0.16675819692018828,4.117224583348153e-07,NA,60,69,69,0.0026096975681292513,0.12653633198172018
ENSG00000179520.10,SLC17A8,0.28037933227059,NA,0.7791864918587168,0.001290666964609555,0.04306749154632945,0.01387461304519368,NA,14,18,18,0.011223861484316257,0.02744980912628501
ENSG00000266970.1,RP11-806H10.4,0.279410658571012,NA,0.7799296923309689,0.004428454445540362,0.06750447103451848,0.0018916654177606293,NA,7,11,11,0.23284852070200046,0.04656756097838785
ENSG00000141956.13,PRDM15,0.2793715469198731,NA,0.7799597043927085,0.022765216514215376,0.060832118185183234,0.003151746303286063,NA,19,19,19,0.21027581565284825,0.1080115039051042
ENSG00000156253.6,RWDD2B,0.2789670182924783,NA,0.7802701359355687,0.032199183795229826,0.2640929810252237,1.0950161649793681e-11,NA,25,25,25,0.19507341282119273,0.04467237329534261
ENSG00000186088.15,GSAP,-0.27832308602233574,NA,0.7807643558795637,0.014607723117296733,0.17150386959945255,1.666259907034948e-07,NA,21,27,27,0.0008047717241627363,0.05630887441690161
ENSG00000268038.1,LINC01785,-0.27822160661631984,NA,0.7808422497121704,0.022216044507689235,0.04586772582745755,0.010354124086745528,NA,67,67,67,0.0037620630522559938,0.11997058447233702
ENSG00000087365.15,SF3B2,0.2776332492527535,NA,0.7812939059392495,0.02044613323239621,0.16364731046390393,1.1581366463351814e-07,NA,41,42,42,0.014070354274666118,0.15272759900148042
ENSG00000106733.20,NMRK1,0.2772969265231192,NA,0.7815521193481643,0.18799395865685614,0.5442520656014151,1.8674695848302117e-28,NA,32,32,32,0.0001490843931094567,0.358701743441313
ENSG00000131697.17,NPHP4,-0.27718783678284886,NA,0.7816358786998623,0.014868908690451847,0.3336595114558312,8.108645733786866e-15,NA,25,25,25,1.505906641465851e-07,0.04470706260364498
ENSG00000198826.10,ARHGAP11A,0.2767477786687439,NA,0.7819737820311095,0.0022320319653514656,0.1217373509560448,1.6514928655302483e-05,NA,3,11,11,0.7795340261365875,0.06558069783130256
ENSG00000149554.12,CHEK1,0.27669774030503297,NA,0.7820122071310326,0.035314298794144286,0.1111591421589126,4.691987193124135e-05,NA,43,43,43,1.4283487846999099e-05,0.0816693145212669
ENSG00000168411.13,RFWD3,0.27632138008788426,NA,0.7823012360019739,0.04882896021972939,0.3179659595721764,6.954380665716977e-14,NA,30,33,33,0.0030405154955198137,0.18961988680730096
ENSG00000136891.13,TEX10,-0.2762333508010223,NA,0.782368843143415,0.010499876018459963,0.035992166169636804,0.013790285601006737,NA,29,30,30,1.0743857460441745e-05,0.2996309191287806
ENSG00000138152.8,BTBD16,-0.27613546840330383,NA,0.7824440194769444,0.003638631375915124,0.07116488217426624,0.0012738252817216364,NA,8,10,10,0.10202136366083948,0.033952824404188835
ENSG00000167920.8,TMEM99,0.2757269766378494,NA,0.7827577741477112,0.00802715883559486,0.1221862331900892,1.4733087197140992e-05,NA,22,22,22,0.19447809741322786,0.03013596216369993
ENSG00000270964.1,RP11-502I4.3,-0.2751501836463217,NA,0.783200857924305,0.012525344778536923,0.03777775997849827,0.019984485588587644,NA,22,23,23,0.011363702972055524,0.03857711895259813
ENSG00000143207.19,RFWD2,0.27452501059484785,NA,0.7836811859578344,0.003104491910617172,0.04754856122111259,0.009802429551579782,NA,31,31,31,0.0127079899541651,0.008971159191945691
ENSG00000198515.13,CNGA1,-0.2743693437381072,NA,0.783800799517465,0.07660892260352076,0.1504985350638707,8.981648517164042e-07,NA,59,59,59,0.020356001767166496,0.08890387159924287
ENSG00000137494.13,ANKRD42,-0.27436151651756285,NA,0.7838068140457577,0.004698214775228832,0.1016120893407717,0.00010703944698096425,NA,48,49,49,0.00116705311753264,0.015737404717765253
ENSG00000141854.9,MISP3,0.27347052490465196,NA,0.7844915468106269,0.026242789898003195,0.2975411942941021,1.3970055741397314e-13,NA,5,6,6,0.3487983066878607,0.1308478893220022
ENSG00000040531.14,CTNS,0.2734385674079679,NA,0.7845161094544305,0.00534752561597137,0.08500227816450595,0.0003703606210565942,NA,12,12,12,0.38688847654288505,0.08550822577330895
ENSG00000118961.14,LDAH,0.2730492630079575,NA,0.784815347405489,0.11206548671293048,0.37858543137341605,8.000258080173898e-19,NA,50,51,51,0.07170866741402025,0.16948664947047454
ENSG00000150477.14,KIAA1328,-0.2724370581987977,NA,0.7852859815830182,0.0021575708059806417,0.07517593639026587,0.0008420971601640344,NA,9,10,10,0.0968642520550774,0.03699383026684119
ENSG00000150722.10,PPP1R1C,-0.27229458729392647,NA,0.7853955177600334,0.0323698992066917,0.04689227843080674,0.009692147114085165,NA,37,38,38,0.003583780974260557,0.2476527217091428
ENSG00000139668.8,WDFY2,-0.27191917635794016,NA,0.785684166010279,0.0034767206821054953,0.12981141933778656,6.078718166866727e-06,NA,11,11,11,0.6099713788787149,0.025848378343953458
ENSG00000110395.6,CBL,0.27177701808746385,NA,0.7857934772223176,0.011693535263753333,0.056325100955839175,0.0044780228196941215,NA,40,44,44,6.693137260501622e-05,0.06554773082995738
ENSG00000108465.14,CDK5RAP3,0.27172264086835224,NA,0.7858352911700698,0.011627142534708207,0.1487060074507777,3.933391369464239e-07,NA,30,31,31,0.09373751564680705,0.09456824805007573
ENSG00000131055.4,COX4I2,0.27165688353255163,NA,0.7858858568062997,0.005708499600370048,0.06832503383441013,0.0014681560341304961,NA,12,12,12,0.20116797997410496,0.06103781897695248
ENSG00000145014.17,TMEM44,-0.27147226629840393,NA,0.7860278273594605,0.0039125122493699665,0.0981320851938392,0.0001334922742835967,NA,18,20,20,0.0013460320280291134,0.05221237790182254
ENSG00000177483.11,RBM44,-0.2703616408082294,NA,0.7868820477611799,0.016862880532805012,0.08963049062315777,0.00017860806787577726,NA,10,10,10,0.3217084005560925,0.16594698283566858
ENSG00000165233.17,CARD19,0.26956482043762864,NA,0.7874950679202642,0.011199940764721427,0.08053425565475414,0.00047677142157090657,NA,35,37,37,0.03391541832344157,0.096808130564772
ENSG00000188199.10,NUTM2B,-0.2691160230716436,NA,0.7878404005143084,0.00916426102334171,0.3316125095335842,6.589898456913815e-15,NA,22,26,26,0.2495725791681942,0.08034831193394112
ENSG00000198890.7,PRMT6,-0.2687990006324132,NA,0.7880843624298994,0.025320738621319495,0.3109748436325515,2.0320829702470525e-13,NA,19,19,19,0.5737405703453811,0.021233446497705758
ENSG00000186230.6,ZNF749,-0.2683224037538478,NA,0.7884511626089247,0.23166770488900656,0.5046297677241646,1.644597423741137e-25,NA,38,45,45,0.13189942313581512,0.4074710652744901
ENSG00000120669.15,SOHLH2,0.26823181951015335,NA,0.7885208836832722,0.15494390555344179,0.5958384010143064,3.562225731117119e-33,NA,112,113,113,0.5551275711677992,0.17342055733756487
ENSG00000090316.15,MAEA,0.26774149253238794,NA,0.7888983089892962,0.0009912038690861294,0.026486570235570325,0.049729323615392736,NA,16,18,18,0.10537021891351846,0.025596932412779
ENSG00000177000.10,MTHFR,-0.26746829702652314,NA,0.7891086205665213,0.002045513746411117,0.08048566361528099,0.0006595146296259962,NA,2,2,2,0.7403892672791873,0.05633736174671095
ENSG00000205572.9,SERF1B,0.2674641385034514,NA,0.7891118220027767,0.01903915104922243,0.09141083277132096,0.00018295278151918038,NA,9,10,10,0.051438922519467765,0.3841671182456883
ENSG00000115594.11,IL1R1,-0.26712285845293743,NA,0.7893745683581084,0.010901222948318455,0.06129540064300035,0.0030803505563518963,NA,79,79,79,3.215784147202898e-05,0.14067538653540934
ENSG00000162585.16,FAAP20,-0.266418172923808,NA,0.789917170864502,0.0013530089796050734,0.03246940268137112,0.031453479478297124,NA,10,13,13,0.22543481038755186,0.05136754780874325
ENSG00000185046.18,ANKS1B,0.26616348723643224,NA,0.7901133019870427,0.005519842227053899,0.06589714514314829,0.002125767392829079,NA,32,33,33,0.053980753320057036,0.03613157708990772
ENSG00000186532.11,SMYD4,0.2661146943411252,NA,0.7901508784682066,0.021047715570768052,0.1721888467116241,1.6110685506080788e-07,NA,13,13,13,0.05365563533899181,0.044432133742648434
ENSG00000140575.12,IQGAP1,0.26534474259558527,NA,0.7907438997741995,0.03850367607960309,0.4289368928100252,3.4097939762606005e-21,NA,68,71,71,7.275533858309532e-05,0.06385490238820088
ENSG00000164002.11,EXO5,-0.26445101143132993,NA,0.7914324086383114,0.016925279968668973,0.030721811278568958,0.03344110987171255,NA,19,20,20,0.23511580791531428,0.07747562898353863
ENSG00000250241.5,RP11-9G1.3,0.2642485255129922,NA,0.7915884215218736,0.0035705391732079577,0.07356831365663782,0.0010783294505020977,NA,20,20,20,0.048758838873275624,0.04524491361339164
ENSG00000268266.1,AC003005.2,0.26387723201200836,NA,0.7918745202337414,0.060869989096387536,0.16775133527959765,3.164447896363153e-07,NA,25,26,26,0.0034867252476208244,0.1452116014784175
ENSG00000178449.8,COX14,0.26290899651840394,NA,0.7926207219650031,0.011757235257217408,0.07510608738783205,0.0010606242545169614,NA,67,68,68,0.0001438615920822101,0.1287470432688975
ENSG00000105479.15,CCDC114,-0.2624366013960131,NA,0.7929848574093012,0.013221894728495692,0.06875826326278686,0.0013744554756580966,NA,54,56,56,0.06444910652209422,0.057063655227866016
ENSG00000001561.6,ENPP4,0.26237141065070774,NA,0.7930351118156531,0.000812981793408194,0.08040821569584433,0.0004139753879750222,NA,8,8,8,0.46549583712401976,0.02229873776651075
ENSG00000156931.15,VPS8,0.2623402434353664,NA,0.7930591383810405,0.06661202999018276,0.3984835599694048,2.6418328837758684e-18,NA,29,30,30,4.561214254895636e-05,0.12199300472212575
ENSG00000232677.6,LINC00665,0.2622850163970464,NA,0.7931017129604346,0.0416611004795163,0.3074442776897403,1.004995868863502e-13,NA,50,52,52,0.008227568551701607,0.11834544250823135
ENSG00000188611.14,ASAH2,-0.26227189632394865,NA,0.7931118273286448,0.10936829986073732,0.4230762442844169,7.147434171951149e-22,NA,26,27,27,0.07248659189583836,0.11585561623614365
ENSG00000233821.1,ENOX1-AS1,-0.2621297517093515,NA,0.7932214099680677,0.01241218565221782,0.053246078288082144,0.0044258081485569175,NA,8,8,8,0.1736613553931191,0.08946920493989836
ENSG00000066405.12,CLDN18,0.26191897775282913,NA,0.7933839081030871,0.009788650887360459,0.04323618321378897,0.011394853695623021,NA,31,32,32,0.0018729606425189488,0.04219845817230382
ENSG00000198756.10,COLGALT2,-0.26170898873705745,NA,0.7935458100017885,0.021190019502377797,0.2827769785474727,4.085707167164525e-12,NA,64,67,67,0.31227677186038005,0.05133618886019012
ENSG00000114770.16,ABCC5,-0.26153351604255426,NA,0.793681106580779,0.013899042449233763,0.1513410421996646,1.462102947972129e-06,NA,54,56,56,0.001331023744317664,0.1005642185733139
ENSG00000100263.13,RHBDD3,-0.2615280421427107,NA,0.7936853272799169,0.005291633827828257,0.11036178399673724,2.8764132441159132e-05,NA,10,10,10,0.5122161355458664,0.03625642198726683
ENSG00000101198.14,NKAIN4,0.261430577220347,NA,0.7937604794862582,0.023397225630466943,0.2142868916605497,1.9548471944772365e-09,NA,23,26,26,0.00030193562504253615,0.18972849430903
ENSG00000111364.15,DDX55,-0.2611685170982095,NA,0.7939625554872675,0.0207219597852078,0.10148823899687028,7.110722609792013e-05,NA,22,22,22,1.184633828843512e-06,0.09935969284123873
ENSG00000102967.11,DHODH,0.26107010821819293,NA,0.7940384426884882,0.033568693642572506,0.22687410288845186,1.5024197749280169e-09,NA,15,15,15,0.013983400607892356,0.10371867452900244
ENSG00000166770.10,ZNF667-AS1,0.26085501491058066,NA,0.7942043169165929,0.006439687023658007,0.0969595173445324,0.00015167358722832614,NA,23,24,24,0.16000310255437133,0.05421794716933558
ENSG00000219435.5,TEX40,0.2605590322784183,NA,0.7944325860506514,0.01801727507661591,0.2806513726144847,3.223564235983167e-12,NA,10,10,10,0.24183791641702856,0.10364262919704276
ENSG00000101213.6,PTK6,0.2603061489846661,NA,0.7946276298549029,0.0024259955517657228,0.03986153820362587,0.015256726932298946,NA,2,2,2,0.41154042812583,0.06750383952331153
ENSG00000250565.6,ATP6V1E2,0.2602371806787011,NA,0.794680825952629,0.04421742928997435,0.04570379122210549,0.009362657187745965,NA,45,47,47,4.593986224002222e-05,0.2612315278861147
ENSG00000275636.1,RP11-521C20.5,0.2600875700823123,NA,0.7947962257167676,0.03015795245814619,0.08647311809553959,0.0002967998263913487,NA,19,20,20,0.07042889100424962,0.056902496398945124
ENSG00000174448.8,STARD6,0.2599946753710331,NA,0.7948678808410014,0.02095374295621034,0.04861296725817421,0.008126728802921658,NA,23,23,23,0.0012264924488836779,0.06471543146904507
ENSG00000147813.15,NAPRT,0.25923387289163197,NA,0.7954547973693933,0.13388634590157755,0.4329988157468787,4.238332807245186e-21,NA,20,20,20,0.02336849202858239,0.20891904868450828
ENSG00000171695.10,LKAAEAR1,0.2591337373312017,NA,0.7955320549774297,0.018258643477669805,0.048788159458561874,0.008598406242606044,NA,17,20,20,0.008676595586387285,0.10461946794551072
ENSG00000235021.1,RP11-439E19.7,-0.2587928376628495,NA,0.7957950843889988,0.054164252915200196,0.07592285385954108,0.0008298926466949722,NA,49,54,54,0.008747520115361871,0.1349294158184359
ENSG00000150361.11,KLHL1,-0.258369183508431,NA,0.7961219973691404,0.024753489766580816,0.17389885148059744,1.7653925121207108e-07,NA,20,21,21,2.3729944310236315e-05,0.12015260301346205
ENSG00000198252.11,STYX,0.25817001658721106,NA,0.7962756970118409,0.0041306074949019715,0.05935249641145954,0.003538395265846108,NA,21,23,23,0.0015820536761684827,0.03142205190294292
ENSG00000269713.7,NBPF9,0.25778500963320206,NA,0.7965728341685906,0.009396608140916089,0.2124795401886545,3.92397688789546e-09,NA,21,43,43,0.1183662962752296,0.30617335841847404
ENSG00000157637.12,SLC38A10,-0.257626242640998,NA,0.7966953745011347,0.014639173230298345,0.1671395909242845,1.1618324036111818e-07,NA,41,46,46,0.0886802818534566,0.12845753961700904
ENSG00000204740.10,MALRD1,-0.25686079146614976,NA,0.7972862391331034,0.03908124371731138,0.06944203795040829,0.0014276412520111905,NA,39,42,42,1.6986979111525704e-06,0.11115510733733124
ENSG00000100364.18,KIAA0930,-0.2565654264161646,NA,0.7975142674647189,0.01158289213207825,0.02569217797208637,0.04474190999716153,NA,41,46,46,0.01764581738798994,0.1460411220003155
ENSG00000132122.11,SPATA6,-0.25634869143323386,NA,0.7976816026443053,0.028324813691915415,0.14912316959506255,1.5078971666436003e-06,NA,85,87,87,0.009838481918398662,0.1808356821766818
ENSG00000141391.13,PRELID3A,0.25604763874661984,NA,0.7979140526521641,0.002352064172794715,0.026757646780508727,0.049827523107464564,NA,5,6,6,0.29962289650573404,0.060964607715604587
ENSG00000100478.14,AP4S1,0.2556792371556443,NA,0.7981985287443705,0.01001186146176189,0.05602556940785736,0.004280231453978539,NA,64,74,74,0.00045876100935640857,0.18796361969806555
ENSG00000104064.16,GABPB1,-0.2545387202718106,NA,0.799079394420383,0.011316059051175463,0.12860425506454884,1.0243645030561282e-05,NA,12,12,12,0.0863210944769974,0.030565033892769933
ENSG00000086288.11,NME8,-0.25443859176119,NA,0.7991567398026544,0.005100017761779103,0.0364195440060821,0.023272680251745892,NA,33,33,33,0.09032879495798275,0.09356000378733548
ENSG00000055732.12,MCOLN3,-0.2544304483487807,NA,0.7991630303588484,0.012747267395885081,0.12127653907356625,1.3594102323135105e-05,NA,31,32,32,0.06933454059625496,0.05195998178327625
ENSG00000258847.1,CTD-2014B16.3,-0.25436693625067114,NA,0.7992120921088601,0.008798459487023486,0.07283056699586574,0.0011149729968306988,NA,12,12,12,0.0008412452710208775,0.10188418121784296
ENSG00000188171.15,ZNF626,0.2540975549991972,NA,0.7994201922257471,0.00485127124509512,0.057651243853235376,0.0036143966984849016,NA,15,16,16,0.11275500256963047,0.08204936389519928
ENSG00000103066.12,PLA2G15,0.254022083266053,NA,0.7994784975632769,0.004137921541511939,0.05584512033260015,0.005087558042598021,NA,19,19,19,5.879922519470812e-05,0.13833655961439995
ENSG00000121988.17,ZRANB3,-0.2539353396429191,NA,0.7995455123278388,0.003270482235402681,0.08824916819329405,0.00021501652295265295,NA,8,8,8,0.012545500819042009,0.031925714364501964
ENSG00000243244.5,STON1,0.2534860018422242,NA,0.7998926769324044,0.03106511511675666,0.2268692388856939,1.5095242896066746e-09,NA,57,61,61,0.0029201595117776583,0.0908225776505617
ENSG00000143416.20,SELENBP1,-0.25293421308048497,NA,0.8003190506577633,0.006051105747643644,0.11263837912767953,2.230578197412597e-05,NA,18,19,19,0.5979450071048942,0.053834017696579535
ENSG00000151208.16,DLG5,0.25261283501772686,NA,0.8005674107335901,0.009959824950089492,0.10672410269563032,3.014522219808703e-05,NA,22,22,22,0.21292915327132678,0.04516445072101523
ENSG00000281404.1,LINC01176,-0.25241748788637774,NA,0.8007183843097532,0.00656496153409816,0.09625608010326618,0.0001854761534854009,NA,5,5,5,0.27662871107337883,0.1401599189874713
ENSG00000163812.13,ZDHHC3,-0.25227562453896857,NA,0.8008280277344102,0.004696149879129783,0.03114368672550443,0.035668560657869094,NA,8,8,8,0.7008388052031651,0.07752292137333197
ENSG00000153291.15,SLC25A27,0.25137124731170035,NA,0.8015270954791223,0.13555487784636444,0.3925301023726022,5.4069513782138704e-18,NA,106,109,109,0.0002119637738513058,0.20376436023992384
ENSG00000260019.1,LINC01992,0.25114206074812023,NA,0.8017042779396775,0.003869472333492899,0.027956798148643658,0.0412218228793639,NA,4,4,4,0.6207889156144417,0.07211144190593856
ENSG00000271303.1,SRXN1,-0.25110018253326416,NA,0.8017366547844018,0.0025167504947339672,0.13481291043187754,3.114440405761149e-06,NA,1,1,1,0.8017366547844018,0.07725350021328928
ENSG00000186897.4,C1QL4,0.25087183154070536,NA,0.801913203269849,0.00775456567416883,0.04460426919527342,0.011302310118316916,NA,11,13,13,0.37954882035456416,0.058570432783057236
ENSG00000054219.10,LY75,0.2508589412987832,NA,0.8019231696008395,0.01793543269395899,0.12528725912879668,1.1211465297793024e-05,NA,58,60,60,0.0004470034453969964,0.0575193345179338
ENSG00000168843.13,FSTL5,0.24986860309480455,NA,0.8026889642906201,0.037535754234053066,0.027869386475543732,0.04026870032851414,NA,106,108,108,0.0010011356719578457,0.17309741045606022
ENSG00000124201.14,ZNFX1,0.24978816488578467,NA,0.802751172740224,0.0064345014196327335,0.030610294717534518,0.03517312511831185,NA,21,22,22,0.0019282243855505206,0.3623358338159696
ENSG00000162688.16,AGL,0.24876554527638398,NA,0.8035421442821121,0.0030211715157189645,0.06281355921355078,0.002210275481352344,NA,13,13,13,0.1882523218575214,0.02794732065234336
ENSG00000100154.14,TTC28,0.24804115054143547,NA,0.8041025679082776,0.010788934328599738,0.058380404905269134,0.004029038541976639,NA,46,61,61,8.097788198706778e-06,0.07687854141868633
ENSG00000104369.4,JPH1,0.24799216271674934,NA,0.8041404706824936,0.008268531713787502,0.15993348874667462,2.492168059778408e-07,NA,30,31,31,0.017997236751725154,0.03593317808270485
ENSG00000166927.12,MS4A7,0.24766071176724744,NA,0.8043969324258902,0.0027868422434616453,0.04321592663018423,0.013487180722500271,NA,10,10,10,0.019442487474352437,0.04875432962356455
ENSG00000232855.6,AF131217.1,-0.24743071633294655,NA,0.8045749048580648,0.007015053718855087,0.052599990144659485,0.004678234995579632,NA,7,8,8,0.7963377792149968,0.020380362679077092
ENSG00000204991.10,SPIRE2,-0.24689172186673725,NA,0.8049920230460055,0.006950976775722272,0.12085854267720846,2.3523898695910792e-05,NA,41,45,45,0.017716057387860924,0.10210243104516813
ENSG00000197245.5,FAM110D,-0.24638107265318762,NA,0.805387256559982,0.010481350203955716,0.09480753220789362,0.00018122416403522362,NA,9,9,9,0.7361213839949706,0.04654605152966655
ENSG00000239704.10,CDRT4,-0.24625486418961418,NA,0.8054849473599597,0.01019536399276168,0.05449953943686925,0.0041543089508402214,NA,22,22,22,0.3821283418144057,0.14196054594363544
ENSG00000006282.20,SPATA20,-0.2460985825028384,NA,0.8056059203406113,0.15549911729682064,0.5274208980396449,1.7841217743328127e-27,NA,52,62,62,0.011971693602979049,0.17109798445336247
ENSG00000225231.1,AC091814.2,-0.2448362762362058,NA,0.8065832042010066,0.04995150430153235,0.1765677128895444,6.091262130335282e-08,NA,9,9,9,0.0001709787829028322,0.7035789359413097
ENSG00000173638.18,SLC19A1,0.2438223392357615,NA,0.8073684181712886,0.015466253969441372,0.05730758526874779,0.0033083635918387025,NA,22,26,26,0.0008186671796666434,0.07656547002710458
ENSG00000170509.11,HSD17B13,0.2435432703261939,NA,0.8075845690612964,0.035841764265149484,0.19207201411251795,1.7716590988470185e-08,NA,14,14,14,0.012852940215769755,0.05875050568509056
ENSG00000076604.14,TRAF4,0.24309398086014536,NA,0.8079325939627836,0.002603739715083604,0.053763941259127285,0.0049136248483612616,NA,9,10,10,0.06192131970492001,0.04520362938704177
ENSG00000163364.9,LINC01116,0.2425595986335972,NA,0.8083465822055113,0.00445600193454306,0.07025443374488759,0.0008893579290138828,NA,3,3,3,0.22259142351932004,0.2513692478430274
ENSG00000185670.7,ZBTB3,-0.24190550493358165,NA,0.8088533844815277,0.004504025313519936,0.056345951555451274,0.004023930006633667,NA,8,8,8,0.1994284789424865,0.030184970666305717
ENSG00000090097.21,PCBP4,0.24168678655268214,NA,0.8090228688884044,0.00828648526023382,0.05383638567598259,0.005676699244282811,NA,119,119,119,0.0001866004917316457,0.11588731895934877
ENSG00000187764.11,SEMA4D,0.24158547997508373,NA,0.8091013741757718,0.028381926154659003,0.15260487055114058,1.2221312910085595e-06,NA,103,108,108,0.00015398934015914566,0.07783713964541525
ENSG00000101307.15,SIRPB1,-0.24086410529789293,NA,0.8096604430035452,0.24902467277673868,0.516094697691171,2.4585029487772555e-26,NA,39,47,47,4.55415990504541e-05,0.09342854818751152
ENSG00000148655.14,C10orf11,-0.24050916892684468,NA,0.8099355560663637,0.018718116043156492,0.06688738815642417,0.002045550773839876,NA,25,27,27,0.04148863485338358,0.07575405812949268
ENSG00000114744.8,COMMD2,-0.24048462489132516,NA,0.8099545811469773,0.02689651076992551,0.14160579647579102,1.7995370125449989e-06,NA,50,51,51,0.12659333092278954,0.20199637894661346
ENSG00000011600.11,TYROBP,0.2398938666073381,NA,0.8104125357849883,0.0004359116514961514,0.043833806043993416,0.01246138027567693,NA,6,6,6,0.16559955451119046,0.03253977739750418
ENSG00000274712.1,RP11-147L13.15,0.23972519394599834,NA,0.8105433024121389,0.10319461294223431,0.16415925908408802,1.6324346906599266e-07,NA,101,111,111,0.0002741286341072197,0.23962725735765905
ENSG00000182134.15,TDRKH,-0.23924810471922808,NA,0.8109132033530128,0.008368448283331687,0.08177572019488295,0.0005972390376899561,NA,16,17,17,0.09754650660904428,0.033100502232177746
ENSG00000173253.15,DMRT2,-0.23916194797908016,NA,0.8109800076444809,0.002558463398789421,0.06291138121607928,0.0023469858628541737,NA,28,35,35,0.0018109088049392983,0.07755317893257888
ENSG00000123505.15,AMD1,-0.2385473882493328,NA,0.8114565654274353,0.02345316538099107,0.0335005846635122,0.0286912662173055,NA,110,119,119,3.4553473467613613e-06,0.10208621455594348
ENSG00000276085.1,CCL3L3,0.23851986016467078,NA,0.8114779136022312,0.005167720161745474,0.19838526022014105,1.3461807216507628e-08,NA,6,41,41,0.34829292011859314,0.1680741949097978
ENSG00000204140.9,CLPSL1,0.23812793784907335,NA,0.8117818666211869,0.0005730935477348967,0.06921780258419563,0.0010287919204259727,NA,5,13,13,0.8058718229499282,0.03736209166380125
ENSG00000132382.14,MYBBP1A,-0.23806839636156166,NA,0.8118280461507711,0.008603089033734315,0.03405136540294474,0.02744898504519701,NA,37,42,42,0.004725440565415858,0.10380290688796244
ENSG00000169826.7,CSGALNACT2,0.23800951822258487,NA,0.8118737118403795,0.048725894957863766,0.3566375502755533,1.5725752845755676e-16,NA,44,44,44,0.1268729643576244,0.028972986446259213
ENSG00000185736.15,ADARB2,0.23752385960224937,NA,0.8122504114538842,0.02660896226803878,0.10968218981985273,5.315941847510141e-05,NA,57,58,58,2.611473991945704e-07,0.0886682452459903
ENSG00000182307.12,C8orf33,0.23749605402654483,NA,0.8122719800791129,0.020060844956568184,0.13827458852352528,4.5725757205090245e-06,NA,42,50,50,0.028073426042660606,0.14932789595248985
ENSG00000250125.1,RP11-707A18.1,0.23745846010210714,NA,0.8123011416966508,0.013195976766800576,0.06943775879408352,0.0015870987791667115,NA,20,21,21,0.09267116587854976,0.08858039743481197
ENSG00000159086.14,PAXBP1,0.23743130064110346,NA,0.812322209460003,0.002296864225283783,0.029566740158311462,0.03949958358051932,NA,18,18,18,0.416601099712815,0.11812719089846475
ENSG00000265750.1,RP11-799B12.4,0.23733436415362877,NA,0.8123974048058099,0.046837697238510216,0.18526486060017533,2.8480431171864576e-08,NA,30,33,33,0.43487933186492267,0.15125777810938298
ENSG00000181264.8,TMEM136,-0.23685522979067278,NA,0.8127691031907545,0.001684167668272,0.030346424151189808,0.038163925828368785,NA,7,8,8,0.3559969663705549,0.01767508900530427
ENSG00000139629.15,GALNT6,0.23673309072040064,NA,0.8128638618495398,0.020912808246266346,0.2043796773618277,5.803343234683365e-09,NA,23,23,23,7.768324728670882e-05,0.07619379309126073
ENSG00000129467.13,ADCY4,-0.2366163181779761,NA,0.8129544595788317,0.007660092136939928,0.051453113606545565,0.0063523059531141925,NA,27,27,27,0.015799825050492624,0.1002090705174376
ENSG00000215845.10,TSTD1,0.23647969789286025,NA,0.8130604593147526,0.031226056358930113,0.2741381785101312,2.68477982637956e-12,NA,48,48,48,0.05355667333405846,0.2488532519246744
ENSG00000149231.11,CCDC82,0.23643754126982708,NA,0.8130931681132886,0.06047678786123507,0.4523434087277966,9.479872101690514e-22,NA,7,7,7,0.37527306549700445,0.15209545843958727
ENSG00000012223.12,LTF,0.2352878109857117,NA,0.8139853550247655,0.021266668027747952,0.029050229054922383,0.04455472444547644,NA,18,18,18,0.3794523358569052,0.08098953472418638
ENSG00000243317.7,C7orf73,0.2352433845349966,NA,0.8140198346551288,0.01662824729060516,0.26247978211512124,2.960804282872424e-11,NA,34,36,36,0.0069353977224246525,0.1299688870259437
ENSG00000163002.12,NUP35,0.23512459861917798,NA,0.8141120268744664,0.023135618176102855,0.061068691217803776,0.003040086105798485,NA,34,35,35,0.009071852454176773,0.10937029004713107
ENSG00000014824.13,SLC30A9,0.23343462597549425,NA,0.8154239281077148,0.00937207725906066,0.03904363470651776,0.016339392115998462,NA,93,95,95,5.028127869169875e-14,0.08666671950229353
ENSG00000185149.5,NPY2R,-0.23329603371711527,NA,0.8155315382806596,0.03875051816398232,0.2878651693137532,1.229328148311232e-12,NA,21,22,22,0.04856918934466872,0.4619682290348439
ENSG00000225643.1,RP11-70P17.1,-0.2329306710559359,NA,0.8158152413546563,0.0014448779958708205,0.05231596106960852,0.005588906312869014,NA,4,5,5,0.6940783766476395,0.047590515383496776
ENSG00000100219.16,XBP1,-0.23253266735111186,NA,0.8161243175829656,0.006048605208153339,0.053965020431955016,0.005803809877098122,NA,19,23,23,0.010192966957464245,0.17356857133885314
ENSG00000158023.9,WDR66,0.23214874335901298,NA,0.8164224870885906,0.004438302857692638,0.04482429210317829,0.011517902837886762,NA,15,15,15,0.2380875337912831,0.119346242610955
ENSG00000115085.13,ZAP70,0.2320133203035408,NA,0.8165276679614344,0.023941754658883693,0.1375440625838733,5.528031563767143e-06,NA,11,11,11,0.4678848418696788,0.07960187149008921
ENSG00000225978.3,HAR1A,0.23194286910041087,NA,0.8165823875658987,0.01646764321096103,0.1650049362222224,3.567646472927583e-07,NA,63,65,65,0.000897306814172514,0.1418559274678837
ENSG00000125863.18,MKKS,0.23188972189129992,NA,0.8166236677118548,0.004858394903038077,0.08333948912360889,0.0003405344087996805,NA,35,42,42,0.04016113195153184,0.041039126181153386
ENSG00000177807.8,KCNJ10,0.2317993959868935,NA,0.8166938262131831,0.002523618117710616,0.13809410837455185,4.4247855628816464e-06,NA,5,5,5,0.04495658662445394,0.03445133055675477
ENSG00000174446.12,SNAPC5,-0.23174434748715536,NA,0.8167365845486072,0.010537631301112835,0.05951799686573395,0.003332271063335141,NA,100,101,101,3.631253014531574e-07,0.1017228565555894
ENSG00000165948.10,IFI27L1,0.2313044122524542,NA,0.8170783191418731,0.007738395700808099,0.12169090061727705,1.622043338194618e-05,NA,7,9,9,0.19365561759594718,0.07238148898043162
ENSG00000178252.17,WDR6,-0.23126518687766945,NA,0.8171087904697346,0.014945046919202974,0.17362945223871776,2.1720272759500026e-07,NA,15,15,15,0.0018070639349204378,0.12076388487697565
ENSG00000091542.8,ALKBH5,0.23098160381952348,NA,0.8173290936492936,0.012536163491458283,0.1593115326173095,7.560368803793611e-07,NA,15,18,18,0.07427849442735426,0.12217483533630268
ENSG00000250899.3,RP11-253E3.3,-0.23091406197221587,NA,0.8173815660621617,0.03290604059595782,0.06553910266194643,0.0018062930363173608,NA,66,94,94,0.00487212001682523,0.28135050483627844
ENSG00000172986.12,GXYLT2,-0.23047829766989955,NA,0.8177201255384442,0.03265927534649998,0.04342040137967504,0.012450760584121498,NA,43,47,47,0.018657903277421832,0.11086977942627267
ENSG00000204822.6,MRPL53,0.23020515060402108,NA,0.8179323597300734,0.010881242695333292,0.02909294486832604,0.04372582709520249,NA,8,10,10,0.05806267200357164,0.2140176502422607
ENSG00000031691.6,CENPQ,-0.2299688019268432,NA,0.8181160124894182,0.02697495360823559,0.3029797614211498,1.0535076725619733e-13,NA,47,47,47,0.3611804505735404,0.033134301452530365
ENSG00000188266.13,HYKK,-0.22897035178739877,NA,0.8188919598478454,0.008165903446205401,0.07327253386450751,0.0010989616590722734,NA,27,29,29,0.13315223275645405,0.0377427794038757
ENSG00000270020.1,RP11-463O9.9,0.2285695645490471,NA,0.8192034823279696,0.026646964697226095,0.4467820937735622,2.209744291704284e-21,NA,18,27,27,0.018026356503711413,0.2073619579708053
ENSG00000177700.5,POLR2L,-0.2283003823345299,NA,0.8194127273466759,0.0010361599745291143,0.060923371692293136,0.002982186881626346,NA,4,4,4,0.8048432685588758,0.016882977342532784
ENSG00000248508.6,SRP14-AS1,0.22755247598560904,NA,0.8199941693117458,0.018084141652703133,0.2994445383864109,1.4616379749357098e-13,NA,16,17,17,0.06927493649457099,0.14152622230724038
ENSG00000141994.15,DUS3L,-0.22658437562601738,NA,0.820746942773164,0.022692391389401184,0.08549218435028859,0.0003676771762287381,NA,44,49,49,0.0006373324324627123,0.08085082503607173
ENSG00000272335.1,RP11-53O19.3,0.22638063674365871,NA,0.8209053866859954,0.006221550629547955,0.04440395832530823,0.010220066523147456,NA,12,12,12,0.4187047233345651,0.04065575467913468
ENSG00000138376.10,BARD1,-0.22563031827120916,NA,0.8214889582752001,0.007273688525282511,0.12188473621922033,1.6618075600032618e-05,NA,7,7,7,0.5364160864095024,0.06313361857368001
ENSG00000114125.13,RNF7,0.2252201853755065,NA,0.8218079871488382,0.0028949296321594082,0.06307756462401176,0.002220857570585248,NA,27,29,29,0.00039862094941432084,0.07158591413728334
ENSG00000132840.9,BHMT2,0.22504184151222623,NA,0.8219467241638028,0.021355913580322773,0.1101878345005054,4.326190139141562e-05,NA,21,22,22,3.1952860651199934e-05,0.153165854636322
ENSG00000104872.10,PIH1D1,-0.22492190794531147,NA,0.822040025852305,0.00155392504357889,0.03099636422149636,0.03620162665338232,NA,9,12,12,0.17116550553759513,0.10276261119396184
ENSG00000148300.11,REXO4,0.22465150071228696,NA,0.8222503969717408,0.04017135704843292,0.11105605239023664,2.62934439350248e-05,NA,82,87,87,0.0005828137101944581,0.30524806644186314
ENSG00000090861.15,AARS,-0.22456036668684665,NA,0.822321300199948,0.002112262830493967,0.028340208022666662,0.04681484969565716,NA,7,7,7,0.6423190329463504,0.03213203140607383
ENSG00000013306.15,SLC25A39,-0.22430648484634944,NA,0.822518830586288,0.0015135717408963395,0.2261148141219269,1.57510498932021e-09,NA,18,19,19,0.007624325976206916,0.1865606428882622
ENSG00000059691.11,GATB,-0.2242567874019847,NA,0.8225574985339723,0.006119848043687518,0.1090751248698619,3.265643732887093e-05,NA,32,34,34,0.12371755662401965,0.09749882357607408
ENSG00000125611.15,CHCHD5,0.2242018909475654,NA,0.8226002121614018,0.00490453121541689,0.035251402840678216,0.024693638138188225,NA,12,12,12,0.0004026819908735738,0.04360007615403686
ENSG00000256053.7,APOPT1,0.2240381589994006,NA,0.8227276112235606,0.01292707199473559,0.19654436602697545,2.278105810169547e-08,NA,34,35,35,0.0008280972955824031,0.06335514292441599
ENSG00000137860.11,SLC28A2,0.22349470132199462,NA,0.8231505065787166,0.022087656459747224,0.07846605758537377,0.0007709053731117707,NA,53,56,56,0.019339012820921854,0.03676743121891158
ENSG00000138756.17,BMP2K,-0.22300131648991117,NA,0.8235344818923,0.009527844613138995,0.03313025630394845,0.02889441926838659,NA,32,33,33,7.299397826585412e-05,0.1611750574363038
ENSG00000006194.9,ZNF263,-0.22274952955702212,NA,0.8237304506296542,0.023070752307337482,0.14360122277473414,2.943624825008625e-06,NA,24,28,28,5.353592959087452e-05,0.1737908532889596
ENSG00000079785.14,DDX1,-0.22270786305909576,NA,0.82376288121631,0.001166195286742011,0.04336710110602315,0.011183781190552407,NA,6,6,6,0.7699904666469084,0.012680738551057991
ENSG00000162366.7,PDZK1IP1,0.22263899294114234,NA,0.8238164860530477,0.00851521272259797,0.09144297755425733,0.00019941587903099078,NA,2,2,2,0.17500074148471256,0.16291214882860944
ENSG00000175356.12,SCUBE2,0.22251832089310783,NA,0.8239104127385654,0.006568322388042823,0.05071732807324869,0.006483392261638671,NA,19,21,21,0.04377492288472013,0.06332346193290532
ENSG00000270750.1,RP11-461L13.3,-0.22204594371873823,NA,0.8242781180120669,0.0026706758265864165,0.029273853092501387,0.04250848555622478,NA,18,18,18,0.0010866806768463565,0.12196226339313244
ENSG00000077585.13,GPR137B,-0.22203687152279325,NA,0.8242851803192854,0.010175899023273881,0.12456381211108575,1.5196282312082653e-05,NA,46,51,51,8.22678160316041e-05,0.12643685165469168
ENSG00000168653.10,NDUFS5,0.2220022121803923,NA,0.8243121612303966,0.0030377530890134436,0.11270372766643055,4.355796707183172e-05,NA,17,18,18,0.013689307972576796,0.020819329189867668
ENSG00000165650.11,PDZD8,0.22177649461183782,NA,0.8244878784021608,0.008259488110765304,0.2085995689198054,2.1715187610880538e-09,NA,53,56,56,0.5618721437320755,0.05082598582529973
ENSG00000100139.13,MICALL1,-0.22145944378412433,NA,0.8247347117693131,0.01335655583464635,0.21029579441920807,3.489901565979846e-09,NA,27,27,27,0.00047074689663290515,0.07803054355992113
ENSG00000103148.15,NPRL3,-0.22133543509002926,NA,0.824831260890866,0.03442662441773246,0.3731471849599626,2.953045602197721e-17,NA,17,19,19,0.48675100017017736,0.11891649375768655
ENSG00000103067.13,ESRP2,-0.22112414247986908,NA,0.8249957725241344,0.014072571766503292,0.06500214633158917,0.0021304511169645923,NA,12,12,12,8.700254737145469e-05,0.1194427902359828
ENSG00000100299.17,ARSA,-0.22092089919106628,NA,0.8251540242389086,0.0591094747868841,0.3234217212455607,9.19313632757774e-15,NA,18,19,19,5.174014858179419e-05,0.24123435617901245
ENSG00000176978.13,DPP7,-0.22088726190517327,NA,0.8251802159893311,0.004383742016628441,0.10234856614102428,5.913924673890224e-05,NA,12,13,13,0.17399698225319338,0.05363467425565385
ENSG00000170801.9,HTRA3,-0.2207759726344492,NA,0.8252668730241357,0.030096181695445465,0.034616047917344385,0.02784140053404476,NA,28,29,29,0.00407352785057753,0.1654598283045812
ENSG00000124251.10,TP53TG5,0.2204386385320849,NA,0.8255295562106727,0.002829071704127507,0.05910464840339921,0.003398491248860237,NA,30,32,32,0.4457513733044689,0.032349550182072626
ENSG00000179456.10,ZBTB18,0.2204230790026022,NA,0.825541672939494,0.00038895544701300167,0.047062220644016016,0.01018781224539227,NA,12,12,12,0.7398064786752675,0.010491719906151002
ENSG00000166928.10,MS4A14,-0.22025295709623796,NA,0.8256741552990887,0.01748355868455339,0.23004610654540014,8.589030834573219e-10,NA,28,28,28,0.3778550574255215,0.016551245614791606
ENSG00000255775.1,RP3-454B23.1,-0.220213619500127,NA,0.825704790141506,0.004253864809904656,0.0368096957641968,0.019713699712791456,NA,4,6,6,0.01577593150267148,0.037990991323021764
ENSG00000110315.6,RNF141,-0.21974166098294676,NA,0.8260723567874848,0.007810877917103112,0.042702404352626816,0.011104405360310552,NA,52,54,54,2.7238337900360537e-09,0.09618220351134338
ENSG00000225916.1,AC007879.4,-0.21909997646589802,NA,0.8265721691033199,0.004815285655725614,0.05947128179236023,0.0030038881014523666,NA,5,5,5,0.7510115064917177,0.11488672937551893
ENSG00000148290.9,SURF1,0.21897945953556672,NA,0.8266660483823713,0.09115854536659249,0.41247246144730704,3.4918089219464446e-19,NA,44,49,49,0.1676086331565424,0.1222687325867611
ENSG00000099840.13,IZUMO4,0.21890940910366818,NA,0.826720616825601,0.008722390666676693,0.0509356297917827,0.007053659756699551,NA,29,30,30,0.00031257299342045424,0.11302192090220407
ENSG00000160948.13,VPS28,-0.2188110038351445,NA,0.8267972747586119,0.004907905861178391,0.10681157144597182,1.8296380643893703e-05,NA,3,5,5,0.34031562016116834,0.08554573858246578
ENSG00000021488.12,SLC7A9,0.21865557085067344,NA,0.8269183607773385,0.058191407833504495,0.2797429598358782,2.508290432593437e-12,NA,38,38,38,3.967846364241287e-05,0.04460035460062916
ENSG00000100288.19,CHKB,-0.21852510104938433,NA,0.8270200030554193,0.023708167511874864,0.21485625426656146,3.877233902621957e-09,NA,35,36,36,0.007332902049274453,0.07294901755901255
ENSG00000185619.18,PCGF3,0.21824217971528115,NA,0.8272404223957821,0.0463299105856778,0.22118634651834296,9.984204970053009e-10,NA,32,35,35,1.7903155856650486e-09,0.09394902570870643
ENSG00000249664.1,CTD-2227C6.2,0.21790553723467534,NA,0.8275027127251985,0.08215258773286094,0.1830125217264247,5.7731081991039466e-08,NA,33,34,34,0.15431851371341623,0.7234884048970739
ENSG00000187049.9,TMEM216,-0.21782360625426891,NA,0.8275665510269883,0.015861094439585065,0.0925340929651799,0.00021374936075590025,NA,26,27,27,3.6203035372686067e-09,0.07608474922479902
ENSG00000157895.11,C12orf43,-0.21672429960772513,NA,0.828423209695487,0.003168893628299826,0.037759863148438384,0.01604170293861765,NA,20,20,20,0.02455244373094877,0.08450972799523969
ENSG00000266714.6,MYO15B,-0.21655822327030647,NA,0.8285526460739994,0.001361360929432337,0.12774646004367024,9.182386023631264e-06,NA,2,5,5,0.6938530421283684,0.033948758474518094
ENSG00000118004.17,COLEC11,0.21651936347242046,NA,0.8285829332493037,0.11632507944585335,0.3190187374478735,4.813902544321885e-14,NA,15,15,15,0.004280564735707475,0.10804729422509453
ENSG00000145194.17,ECE2,0.2164066818535944,NA,0.8286707583053441,0.002943010361605495,0.044139226074543285,0.012175884076241808,NA,4,4,4,0.8208573100447476,0.01962808245135721
ENSG00000215866.7,LINC01356,0.21570597291232071,NA,0.8292169451127493,0.004280554328352719,0.04328075838201841,0.013938241153629988,NA,4,4,4,0.008327189126288955,0.12026523578980725
ENSG00000105053.10,VRK3,-0.21507894142056683,NA,0.8297057720141225,0.013124059963108198,0.0261814852245083,0.0453362991481917,NA,24,27,27,0.14878015624886978,0.10536995622633802
ENSG00000160075.11,SSU72,-0.21491710779722087,NA,0.8298319464501092,0.0023889161775428663,0.09015372221701816,0.00023415079896922856,NA,11,17,17,0.013877408728402296,0.014772068121829424
ENSG00000185615.15,PDIA2,-0.21487528147600493,NA,0.8298645572753407,0.0009971466714514465,0.06785048596265163,0.0017413803588882835,NA,2,3,3,0.4709718869167143,0.08432598764650985
ENSG00000060558.3,GNA15,0.21476377823491324,NA,0.8299514946988826,0.010554170984276539,0.057906852945254925,0.003553379572248728,NA,13,22,22,0.0002588161436743246,0.07181040275798588
ENSG00000140451.12,PIF1,0.21401585966009123,NA,0.8305346894862933,0.014773376827870853,0.1010556031967644,7.536698326754418e-05,NA,13,16,16,0.01544748967644279,0.1102221597177268
ENSG00000168675.18,LDLRAD4,0.21388440775083137,NA,0.8306371996951777,0.007315043541058799,0.22223070207279935,1.3321642602234625e-09,NA,22,24,24,0.001667484427318285,0.17107141271753706
ENSG00000100106.19,TRIOBP,0.2128931145230681,NA,0.831410333095058,0.013088083748104828,0.15205709076180346,1.4421631182643319e-06,NA,49,54,54,0.05031056081694071,0.0943855494612942
ENSG00000246363.2,RP11-13A1.1,0.21281904652973327,NA,0.8314681070629548,0.0011051942983366335,0.07770106235598294,0.0006111958170918014,NA,2,2,2,0.6700812446077073,0.06984218674115597
ENSG00000205837.7,LINC00487,0.21268911679771269,NA,0.8315694560905624,0.058684412407652445,0.08924891163135781,0.0001926600613687693,NA,62,66,66,0.016193707984713424,0.20366276641687955
ENSG00000107951.14,MTPAP,0.2125480603513118,NA,0.8316794874547151,0.005206717686541585,0.10449262789754199,8.092901076134475e-05,NA,4,4,4,0.7239274577010404,0.055541669009294393
ENSG00000104765.15,BNIP3L,-0.2123175715739628,NA,0.8318592877865392,0.0007984440800781656,0.02950716971911812,0.03883705584927071,NA,7,7,7,0.7984374152780036,0.009365818165642784
ENSG00000141759.14,TXNL4A,0.2120219632811947,NA,0.8320898996105432,0.004043923168633163,0.08242162758103339,0.0004158409085270229,NA,46,51,51,0.027330169261172692,0.16018159589473488
ENSG00000101290.13,CDS2,-0.21062755845186248,NA,0.8331779061634138,0.02368040176310177,0.2575709975096386,2.7621226486327122e-11,NA,69,80,80,0.001784978934127113,0.20334032969788185
ENSG00000262370.5,RP11-473M20.9,0.21035051118894288,NA,0.8333941148198233,0.027371103193019518,0.04732351488904192,0.007977822510535488,NA,34,37,37,0.010455332346232405,0.20196179642434053
ENSG00000138722.9,MMRN1,-0.20925033979596974,NA,0.8342528166494046,0.04541880886442911,0.2193957288801598,2.963304898627159e-10,NA,2,2,2,0.8200247571704129,0.4265333395386104
ENSG00000235314.1,LINC00957,-0.20921681655971627,NA,0.834278985194486,0.009159109475697775,0.13549470216761333,3.922788999544542e-06,NA,17,17,17,0.27202710615199766,0.02942610197514435
ENSG00000056558.10,TRAF1,0.20912272237006188,NA,0.8343524369607107,0.027405336025283916,0.3042825271180697,4.027941161448681e-14,NA,49,49,49,0.29447014464845833,0.0908054701530542
ENSG00000176410.7,DNAJC30,-0.20854713026988234,NA,0.8348017868606158,0.002535783279810908,0.135646033402645,3.0437865738589734e-06,NA,5,6,6,0.006219682733365366,0.029945120838900937
ENSG00000127578.6,WFIKKN1,-0.20830519474563713,NA,0.8349906757913672,0.09953772343672349,0.496346523882714,1.2743043997735768e-24,NA,11,11,11,0.2702058916302579,0.1023795609166984
ENSG00000008517.16,IL32,0.20805906912447003,NA,0.8351828458699091,0.029107497421176777,0.14410451164455967,2.9331162515705602e-06,NA,31,32,32,0.046862283559898084,0.24605970176687855
ENSG00000189120.4,SP6,-0.20784572618371902,NA,0.8353494278343372,0.03227539701053571,0.0325818336693839,0.03240949712848691,NA,33,33,33,0.1129050996980317,0.09491867015993068
ENSG00000227078.1,LINC02094,0.20784076764416765,NA,0.8353532996381184,0.009212459512384863,0.030057012887112725,0.036783353181776376,NA,16,19,19,0.005666452730435888,0.14701434770762795
ENSG00000166068.12,SPRED1,0.20773303613655145,NA,0.8354374212102487,0.011740960294861512,0.028623721723784593,0.04475417653163215,NA,44,51,51,0.007847303510819123,0.0616251556872262
ENSG00000113048.16,MRPS27,-0.2076172526123674,NA,0.8355278322554024,0.0070072847400214295,0.14485312574362916,2.0388949498090167e-06,NA,28,28,28,0.06272607317439208,0.041804375428612116
ENSG00000165282.13,PIGO,0.20682178582731292,NA,0.8361490413620345,0.011446627586162562,0.09169649535770162,0.00020745016753812256,NA,19,20,20,0.021704293050263643,0.04476452175138167
ENSG00000235319.1,AC012360.4,-0.20653125163061783,NA,0.8363759556450558,0.03246895882462923,0.03982990222023822,0.017326280682517906,NA,23,25,25,0.0008065390464476593,0.10509710422584577
ENSG00000225924.2,RP1-111D6.4,-0.20540319478731311,NA,0.8372571244131722,0.0023251734948071656,0.04496763994834427,0.012010924979858407,NA,3,3,3,0.7746237513013152,0.022767685245166088
ENSG00000160349.9,LCN1,0.2051127134719955,NA,0.83748406369149,0.026648456747324398,0.15201273972033325,9.407919066538929e-07,NA,43,49,49,0.030871173118061125,0.101812504322438
ENSG00000152778.8,IFIT5,-0.20502637788775732,NA,0.8375515161973087,0.028421936980708398,0.15035352449707926,1.136423424868245e-06,NA,25,25,25,0.028024548196735687,0.05316446705992398
ENSG00000105426.16,PTPRS,-0.20492990159788232,NA,0.8376268928744535,0.0017484897464666025,0.15486624069881996,9.281079394731148e-07,NA,4,4,4,0.4053862592451918,0.05820039386731871
ENSG00000158161.15,EYA3,0.20485471925604012,NA,0.8376856336779854,0.0032649007780389816,0.047218852890124605,0.006484861509791922,NA,5,6,6,0.023070814217660753,0.0810941858068308
ENSG00000138750.14,NUP54,-0.20457648926866734,NA,0.837903025741866,0.018113483679845166,0.26061669962496764,3.3132791400929666e-12,NA,52,53,53,0.5307475950492891,0.06359969514758212
ENSG00000085491.15,SLC25A24,0.2036210052029125,NA,0.8386496772458328,0.01956116979475937,0.08541172050942654,0.0003905050175807834,NA,32,33,33,0.1653068823562156,0.3019023487276411
ENSG00000155066.15,PROM2,-0.20358771047461605,NA,0.8386756976330654,0.015955095151662654,0.07267117665453389,0.0011444933288550735,NA,13,16,16,0.30596753371608987,0.14934791217391707
ENSG00000139433.9,GLTP,-0.2034803785582078,NA,0.8387595805221811,0.00416107801805664,0.1832878389866542,2.7372200172201645e-08,NA,12,12,12,0.22355427987091347,0.01753878626621293
ENSG00000231439.4,WASIR2,0.2030626771706376,NA,0.8390860432471761,0.09217055414143514,0.2468054478461356,2.5720983180222982e-11,NA,33,39,39,1.412676209277776e-06,0.24215755483696605
ENSG00000114166.7,KAT2B,0.20295108455293387,NA,0.8391732653392389,0.0013800902722435845,0.06688250580234772,0.0017445006015254494,NA,12,12,12,0.023867353696374438,0.0331679113420001
ENSG00000184517.11,ZFP1,-0.20270986969665003,NA,0.8393618084339617,0.015210130473826421,0.1182223381924373,1.2120659324432213e-05,NA,13,13,13,0.32687237447556583,0.42650565174020016
ENSG00000155508.13,CNOT8,0.20255408307625328,NA,0.8394835823332094,0.010677331694543156,0.1008958183220714,5.610217863537055e-05,NA,40,40,40,0.00017323104343855026,0.05975737633795275
ENSG00000089250.18,NOS1,-0.20238669519148444,NA,0.8396144288880413,0.07234843322024198,0.2591143336498995,2.086878167706345e-11,NA,50,55,55,3.8421251895131494e-19,0.19195339145551188
ENSG00000272690.5,LINC02018,0.2017660340244584,NA,0.8400996363284428,0.016389600332830483,0.03017561831718097,0.03261343668933379,NA,17,20,20,0.10502054222523774,0.09516802277480182
ENSG00000127993.15,RBM48,0.20145273349533793,NA,0.8403445849200714,0.0036959438683182707,0.03913768300272144,0.01596925605894103,NA,20,20,20,8.594339876542651e-07,0.02319029720098632
ENSG00000132554.19,RGS22,0.20130784443062025,NA,0.8404578691551088,0.0003927122834125553,0.032084884043053034,0.03159930365070601,NA,10,10,10,0.7672252989717078,0.015589198184032566
ENSG00000109854.13,HTATIP2,-0.20120880073184066,NA,0.8405353102317142,0.026485968132409613,0.3427855467104824,1.5000797311577618e-15,NA,8,9,9,0.07987403821456344,0.11266042362282187
ENSG00000115816.14,CEBPZ,-0.20098922994065246,NA,0.8407069954939909,0.011836735447806557,0.044559088307577335,0.009447510579289876,NA,28,30,30,0.032262078384352355,0.07513966439608362
ENSG00000124713.5,GNMT,-0.2005253298844616,NA,0.8410697498967693,0.21590681702476833,0.5185534144961785,2.660439390256834e-28,NA,14,14,14,0.007159599085394353,0.19136096451801296
ENSG00000188372.14,ZP3,0.19940671025393644,NA,0.8419446118657135,0.11132377431277272,0.41534444417778377,1.0584367595235553e-19,NA,14,16,16,0.004302564916007576,0.2647097595126827
ENSG00000123545.5,NDUFAF4,0.19867251127426303,NA,0.8425189281852182,0.003999221757801492,0.09338233860896528,0.00020610517462129309,NA,58,58,58,0.02490896097730224,0.03798385158184005
ENSG00000013725.14,CD6,0.19866507636581815,NA,0.842524744461648,0.007435064835575267,0.051127488448530815,0.007214874551998358,NA,11,14,14,0.0020305631810542475,0.0995493614116536
ENSG00000106617.13,PRKAG2,-0.19834378229598632,NA,0.8427760987492153,0.0010550524666975121,0.053113259940488496,0.00400545089631596,NA,24,26,26,0.050744908935281045,0.024194005394897543
ENSG00000179115.10,FARSA,-0.1982715769736824,NA,0.8428325885123652,0.001398883476033835,0.053144038356949516,0.0062589447598579775,NA,15,16,16,2.3452733944331532e-07,0.032453278333263405
ENSG00000240344.8,PPIL3,0.19806945632595085,NA,0.8429907217025842,0.12864048010917872,0.5215202355470719,1.9560715523673235e-26,NA,30,31,31,0.5170900454572014,0.13335603106576438
ENSG00000144649.8,FAM198A,0.19776783842251583,NA,0.8432267103604826,0.03435545612991465,0.13587946863979652,6.244446926361178e-06,NA,101,106,106,2.5451826075892977e-05,0.18265224439028552
ENSG00000079246.15,XRCC5,-0.19768841846698154,NA,0.843288851615883,0.009694485605551943,0.22071954789351572,2.5595016988396635e-09,NA,8,10,10,0.7443015117862948,0.08837456681467877
ENSG00000115368.9,WDR75,-0.19634247171085947,NA,0.8443421206624473,0.036110087781343655,0.1521277384692892,1.0961633568664377e-06,NA,149,152,152,0.032507474582710645,0.31786657072537816
ENSG00000163930.9,BAP1,-0.1961411371115736,NA,0.8444996987957822,0.0014273407421006318,0.06397853892762098,0.002401616026903618,NA,8,8,8,9.908630447848056e-05,0.054558592353705714
ENSG00000205809.9,KLRC2,0.19599302810168046,NA,0.8446156229404596,0.19093369175052444,0.5148185289364197,1.9744770180927513e-26,NA,22,22,22,0.553862437603934,0.2492878834946828
ENSG00000269973.1,RP11-95D17.1,-0.19587200059291682,NA,0.8447103530348774,0.007360721878183641,0.07488362102312092,0.0009234107792283998,NA,31,39,39,0.013720485637417023,0.10739587289482803
ENSG00000197614.10,MFAP5,-0.19573870610059915,NA,0.8448146872847784,0.0030164672451490526,0.037845140954861536,0.020529895613628838,NA,3,3,3,0.7759659872069642,0.06961370967067138
ENSG00000141542.10,RAB40B,-0.19546101782709194,NA,0.8450320523259306,0.004641487424322591,0.03776348645833977,0.02201603083225556,NA,24,26,26,0.08443749188290901,0.13097381337403946
ENSG00000182628.12,SKA2,-0.1950222113011157,NA,0.8453755593624499,0.00843267172532502,0.08324703173935183,0.0004896311113604738,NA,31,31,31,0.07913268336551213,0.04312823474916421
ENSG00000261617.1,LINC02177,-0.19474528270478642,NA,0.8455923600638566,0.07044376288415395,0.20210129578769234,1.3730106788677422e-08,NA,57,59,59,9.930464209090495e-05,0.18421283552176534
ENSG00000180176.14,TH,-0.19452101064520513,NA,0.8457679458056859,0.012912425008409275,0.1418177690597699,1.137400230372247e-06,NA,3,3,3,0.5959987222505077,0.07887537928892857
ENSG00000185823.3,NPAP1,-0.19438386975460778,NA,0.8458753191077202,0.02643991385784332,0.03928144482890162,0.016079826723416953,NA,55,58,58,0.393165213240651,0.15047293536083264
ENSG00000138095.18,LRPPRC,-0.193742165731977,NA,0.8463777738530648,0.006805831679470391,0.16875137595021442,1.3646459003192046e-07,NA,11,11,11,0.01310636498343464,0.03186805449699975
ENSG00000196912.12,ANKRD36B,0.19347167015075684,NA,0.8465895908304618,0.00020304089246465796,0.042777693263145324,0.009385449356345357,NA,1,3,3,0.8465895908304618,0.0213067591588409
ENSG00000204572.9,KRTAP5-10,0.193426294685857,NA,0.8466251240823552,0.00512899220530624,0.04260388340921556,0.013442108571845048,NA,5,9,9,0.03295183223245312,0.3259539971500717
ENSG00000173531.15,MST1,0.1932348269252022,NA,0.8467750647603428,0.014257144467749621,0.1815164370420434,3.8896469503016233e-08,NA,18,19,19,0.04338047139983685,0.031028061593163327
ENSG00000183172.8,SMDT1,0.1932240340797635,NA,0.8467835169310447,0.008396590854554853,0.2473493011669242,1.673129672192311e-10,NA,28,36,36,4.636781671609852e-06,0.060055755535225006
ENSG00000137944.17,KYAT3,-0.19319849007956746,NA,0.8468035212023199,0.05977184796565846,0.25257343324000336,1.0596689082839857e-10,NA,51,51,51,0.14697737727921828,0.10272088409449694
ENSG00000203883.6,SOX18,0.19294941178756567,NA,0.8469985870422719,0.006541124406064543,0.1300691475020814,1.0523850346325207e-05,NA,9,12,12,0.28722539940808556,0.06444570713667731
ENSG00000047579.19,DTNBP1,0.19276081863421177,NA,0.8471462901404195,0.009090136304876997,0.06258482826596264,0.002336646179638553,NA,33,33,33,0.00021854255445534688,0.05519795297559478
ENSG00000257261.5,RP11-96H19.1,0.19260161988121835,NA,0.8472709762007299,0.0076207522055546885,0.08896314929535426,0.0002869157985913492,NA,6,7,7,0.5598906089680891,0.05377479287738958
ENSG00000161091.12,MFSD12,-0.19257624040282803,NA,0.8472908540162005,0.0034334216008690506,0.122792698339106,1.2735674548568535e-05,NA,12,13,13,0.010861344919510945,0.0156188962453994
ENSG00000179889.18,PDXDC1,-0.19246915751508636,NA,0.8473747249687558,0.007054495920991966,0.09022937011776316,0.00029102168791084784,NA,6,8,8,0.6462261039495951,0.4524048365854231
ENSG00000165879.8,FRAT1,-0.19194874676824225,NA,0.8477823529278322,0.004375271574065064,0.03265595032264673,0.03120752290770288,NA,7,7,7,0.6370927616752178,0.06440558772914587
ENSG00000088827.12,SIGLEC1,-0.19182574537142907,NA,0.847878703564303,0.0069034824090273205,0.08139330612725917,0.0006160213306962785,NA,4,4,4,0.8115649873279486,0.09930895246926948
ENSG00000173898.11,SPTBN2,-0.19176729653130367,NA,0.84792448906848,0.0007738219495839199,0.034023152063457685,0.028162714500583826,NA,24,26,26,0.10445932024426055,0.03604938182847508
ENSG00000167608.11,TMC4,-0.19146413834109585,NA,0.8481619742199156,0.0058475113278663,0.1076295662351346,3.095152396248343e-05,NA,2,4,4,0.8478165221261669,0.06808015699079338
ENSG00000001626.14,CFTR,0.19132632774867236,NA,0.8482699355170139,0.012747240212504651,0.03616909890926269,0.012657319901615643,NA,34,35,35,2.133202279091272e-12,0.07254053563775748
ENSG00000176155.18,CCDC57,0.19068592615467206,NA,0.8487716656697505,0.010307666745498293,0.2510808768940547,5.262477129331325e-11,NA,66,69,69,0.1622149714063903,0.03161704967537888
ENSG00000122694.15,GLIPR2,-0.1904710244552273,NA,0.8489400466715565,0.004243690885263019,0.13208207456481902,3.0204884416621913e-06,NA,14,17,17,0.14307673099487128,0.039065758513155815
ENSG00000125970.11,RALY,0.1903489167222684,NA,0.8490357242882177,0.002222050955280675,0.0803624401090498,0.0006882199734434053,NA,24,24,24,0.19793276780772717,0.0926651035893674
ENSG00000184432.9,COPB2,-0.18998449397958195,NA,0.8493212812510856,0.003571162538896366,0.06480964778662379,0.0018681902119066305,NA,18,19,19,0.4278023504580626,0.02545834374558396
ENSG00000171298.12,GAA,-0.18996253606670527,NA,0.8493384878204245,0.05316872383961682,0.30304659518949706,1.4174467685963213e-13,NA,26,26,26,0.026080220223003006,0.18901081027145766
ENSG00000104112.8,SCG3,-0.18986453418421398,NA,0.8494152845272332,0.015097186114351539,0.1657881468444026,9.873481933136476e-08,NA,34,35,35,0.0027523949627038737,0.16714880040066318
ENSG00000073792.15,IGF2BP2,-0.18976473867980473,NA,0.8494934882291215,0.0015647627372811729,0.0327080312156819,0.027945565021561026,NA,4,4,4,0.8264480590949985,0.05666803107653279
ENSG00000138829.11,FBN2,-0.18959376447541768,NA,0.849627473815594,0.00777428283303253,0.035241872933857166,0.025477587333993117,NA,30,30,30,0.12445425462598782,0.10421804844970056
ENSG00000150201.14,FXYD4,-0.18943191203570106,NA,0.8497543150450468,0.004529835219751946,0.05552478666404674,0.0034859448938933373,NA,12,13,13,0.2745857008926781,0.07390014384446847
ENSG00000186153.16,WWOX,0.1889349556603169,NA,0.8501437962843192,0.027754224908014463,0.2456960484767229,1.0871705822256743e-10,NA,49,53,53,0.0029145002522275804,0.0637270083233789
ENSG00000174405.13,LIG4,0.18855230270475018,NA,0.8504437190578226,0.016710635442481487,0.10068097558910324,0.00010370584388378083,NA,52,53,53,1.4198227617218348e-05,0.08985149316939653
ENSG00000164818.15,DNAAF5,-0.18839871998759744,NA,0.8505641030336719,0.01756710515320236,0.0415437629326572,0.015914281349919214,NA,30,41,41,2.471025703051271e-06,0.4204434291650191
ENSG00000166321.13,NUDT13,0.18832732162334867,NA,0.8506200689737466,0.01687372556062871,0.1007938269127912,5.8233165751323965e-05,NA,194,196,196,0.37516017787386746,0.031639746839681016
ENSG00000122691.12,TWIST1,-0.18758167719846622,NA,0.8512045907418064,0.0005448567462025641,0.03528640053593031,0.0248450412793731,NA,12,14,14,0.16808829399530556,0.06754765174446997
ENSG00000116288.12,PARK7,0.18732226023263715,NA,0.8514079707515411,0.006509099554457476,0.09402907795825388,0.00015840231866708738,NA,65,73,73,3.895519413271343e-09,0.1272329550382855
ENSG00000144218.18,AFF3,-0.18672882349737113,NA,0.8518732556807385,0.0048604653087128535,0.1340627046689722,6.7854077103175125e-06,NA,12,12,12,0.09963369340983882,0.017487119907936253
ENSG00000157326.18,DHRS4,-0.18635561120733202,NA,0.8521658997360616,0.03253763289490764,0.0622204350911272,0.0021501865907636933,NA,59,63,63,0.005535014583571335,0.10644883213135807
ENSG00000227455.2,RP11-300M24.1,0.18617322538647116,NA,0.8523089199200921,0.04227644841271499,0.2532035409505714,1.1055244578730215e-10,NA,59,63,63,0.01206058544111001,0.10409210235109667
ENSG00000272777.1,RP11-571L19.8,0.18612916739605193,NA,0.8523434692876029,0.007360905621679651,0.03301110569561707,0.03027681575527835,NA,13,14,14,0.12819797721492435,0.25820000746639205
ENSG00000248184.1,RP11-231C18.1,-0.18590901644448854,NA,0.8525161113674353,0.09274842397495162,0.3513013026509861,1.3185887098734086e-15,NA,58,64,64,0.01472597110708006,0.10618658489830883
ENSG00000059122.16,FLYWCH1,0.1858320876558508,NA,0.8525764404863017,0.1839866373956917,0.5862418131521043,2.655912284647566e-33,NA,34,36,36,0.007461407071159729,0.3018048150879355
ENSG00000136238.17,RAC1,-0.18541177529068523,NA,0.8529060732016893,0.01946777889730293,0.2189639441243241,3.232034224479407e-09,NA,27,29,29,0.03321394678853404,0.10309605574167474
ENSG00000151503.12,NCAPD3,0.18482818358151876,NA,0.853363801393574,0.05685821209524522,0.052672896147705914,0.005965183947505816,NA,89,97,97,4.04265644904729e-05,0.3501191553093709
ENSG00000212916.4,MAP10,0.1847467735925878,NA,0.8534276575769867,0.0050402776926529586,0.05001728888188086,0.007417066526129877,NA,17,18,18,0.0013486775740485669,0.12389284821770018
ENSG00000198547.8,C20orf203,-0.18395063952337412,NA,0.8540521779796069,0.019152757091333465,0.20312766848938127,7.938498198524e-09,NA,9,9,9,0.022361715168406678,0.07192729798441054
ENSG00000141682.11,PMAIP1,0.1839137802834225,NA,0.8540810941061263,0.002390820646385702,0.06681592210260895,0.0016734220816000608,NA,11,14,14,0.3137851799943978,0.11664588992683728
ENSG00000276529.1,AP001505.10,-0.18372681120283646,NA,0.8542277746357749,0.01588280265171633,0.1620267510058688,4.3427376166624956e-07,NA,27,30,30,0.13246110008452167,0.09265642309690944
ENSG00000075886.10,TUBA3D,0.18362508688863638,NA,0.8543075812648379,0.0021633417904125337,0.031809782259335666,0.02923322564862992,NA,13,15,15,0.03404588548799765,0.021735644143405463
ENSG00000240682.9,ISY1,0.18356027378278383,NA,0.8543584304116977,0.0029908854782263123,0.07429499329805136,0.0009608701757772152,NA,9,10,10,0.08445249686678256,0.12292486093470295
ENSG00000270171.1,RP11-338N10.1,-0.18347021577904024,NA,0.854429086457063,0.14092136940937244,0.40418099018928794,3.4594804910340397e-19,NA,63,72,72,0.00018393927509616,0.15855479303745035
ENSG00000172020.12,GAP43,0.18315511568849704,NA,0.8546763110515161,0.0012671005239168563,0.05174756425250656,0.0049001597087509965,NA,10,10,10,0.17361472962972158,0.02282290355128204
ENSG00000132600.16,PRMT7,0.18260322825413053,NA,0.8551093511550398,0.010475778857447757,0.06311666683500944,0.002533907519012737,NA,34,36,36,0.0031973475862194173,0.05257145868445645
ENSG00000106628.10,POLD2,0.181898131586188,NA,0.855662670815975,0.010464991973652495,0.10697840039016854,1.6497403787344898e-05,NA,15,15,15,0.5781903632791938,0.23816853619240455
ENSG00000271855.1,RP11-214N9.1,-0.18112615065891435,NA,0.8562685588088641,0.014770874681589378,0.057846996120264324,0.002883102641313875,NA,14,15,15,0.13975419987555437,0.10652403255826028
ENSG00000125787.11,GNRH2,0.18099562098158806,NA,0.8563710132002897,0.030159189620675153,0.04893615837620025,0.0065942636178377935,NA,45,49,49,0.003376464786697472,0.7211047241403313
ENSG00000177409.11,SAMD9L,0.18065573907033372,NA,0.8566378021557506,0.03474085590319758,0.09402481850881808,0.00015232363267208562,NA,144,148,148,1.8300209413796912e-05,0.21157206709292825
ENSG00000183760.10,ACP7,-0.18046165836772438,NA,0.8567901523818318,0.020496932682456767,0.1282999683789408,9.093208769179174e-06,NA,47,49,49,0.03221064100459518,0.09673205415875784
ENSG00000134265.12,NAPG,0.18042884206609733,NA,0.8568159131776906,0.006357428596254074,0.13494869757541195,4.839980854845058e-06,NA,48,53,53,0.47639899802500774,0.12598339314641868
ENSG00000229654.1,RP1-60O19.2,-0.17926863518106328,NA,0.8577267733761518,0.037520382427964925,0.06606096293444516,0.0020296880041609693,NA,43,44,44,0.07892283336798751,0.14207306616127094
ENSG00000122515.14,ZMIZ2,0.17925624071044996,NA,0.8577365051052797,0.0014002793172392149,0.043198538419341015,0.010260533738446051,NA,7,8,8,0.19575103057426735,0.040384925900722485
ENSG00000102858.12,MGRN1,-0.17914359532578453,NA,0.8578249515334222,0.07827088944578164,0.5139750690718807,2.2944948981698852e-26,NA,36,38,38,0.0005325542860359004,0.06358260005554639
ENSG00000139278.9,GLIPR1,-0.1788652414542834,NA,0.8580435159047165,0.0237458808627643,0.05694849614793281,0.003965923789105579,NA,69,71,71,0.00021050256437609043,0.09266997113417504
ENSG00000124608.4,AARS2,0.17842023517781228,NA,0.8583929588885172,0.015273020485051834,0.06547082266253297,0.0015987181294393551,NA,32,34,34,0.0020169232241091994,0.14345556538054233
ENSG00000184206.11,GOLGA6L4,0.17840943425029276,NA,0.8584014407058301,0.3074062541724848,0.2881778787237059,4.736462937509968e-13,NA,80,86,86,1.9173698278960997e-10,0.5556310249181861
ENSG00000155530.2,LRGUK,0.1781327663746776,NA,0.8586187096876451,0.002597804858104208,0.04044434200253318,0.01702350587401104,NA,8,8,8,0.5335237743897028,0.029310564204159582
ENSG00000180817.11,PPA1,0.17786722395431434,NA,0.8588272518521574,0.007193476911247146,0.07492641307174233,0.0010813124817653542,NA,35,40,40,0.0013920446567837646,0.0300534886359838
ENSG00000100243.20,CYB5R3,0.17757292189857274,NA,0.8590583917330181,0.020225025277336987,0.15548000043455878,7.341425598205339e-07,NA,26,26,26,0.09099132261450135,0.07817375802637312
ENSG00000168582.4,CRYGA,0.17727277395594399,NA,0.8592941353169147,0.015686362319480857,0.03476380205323235,0.020759748975290343,NA,13,15,15,0.2691026617654153,0.13026059833644166
ENSG00000145506.13,NKD2,-0.17725531316268126,NA,0.8593078498401197,0.002941325223976617,0.05424795000942835,0.004719729454477915,NA,12,13,13,0.6503138083457388,0.027852612424056185
ENSG00000149922.10,TBX6,0.17700140290220978,NA,0.8595072876218186,0.01854862293777233,0.12000874314076955,1.1669657421684626e-05,NA,17,17,17,0.10574366976851023,0.11787449941538525
ENSG00000143194.12,MAEL,0.17689613411200025,NA,0.8595899752671528,0.0528157422127432,0.34134201021935606,1.2116767417615021e-15,NA,23,26,26,0.06720470340801832,0.1327162173700167
ENSG00000204514.9,ZNF814,0.17610794723670856,NA,0.8602091375144088,0.007708077659070758,0.1405882463077192,1.3086703924105292e-06,NA,12,12,12,0.3609031781564207,0.07981123438772325
ENSG00000112308.12,C6orf62,-0.17590591838734762,NA,0.8603678556554584,0.009236616634828694,0.18301123600218305,8.730845633377089e-08,NA,12,16,16,0.014143864294760054,0.062098256734445426
ENSG00000068831.18,RASGRP2,0.17471884836641524,NA,0.8613005567294945,0.005115667246630628,0.028760167285376732,0.03822374469575408,NA,34,34,34,0.07220127067227393,0.08355857365230199
ENSG00000091262.15,ABCC6,-0.17466980276155816,NA,0.8613390968646628,0.01771599709244217,0.10630363599738113,6.24113925833894e-05,NA,36,40,40,0.05927117863168972,0.08842552097901354
ENSG00000259495.2,RP11-210M15.2,-0.17399332001224962,NA,0.8618707120169419,0.06137407753724478,0.4076844016203638,3.045615327302879e-20,NA,9,9,9,0.08945947481751966,0.08679842622594411
ENSG00000109756.8,RAPGEF2,-0.17392696148907655,NA,0.8619228633525593,0.0017802958813550695,0.045947247153292486,0.010374317368273258,NA,3,3,3,0.1742952911929848,0.05149611496685953
ENSG00000160285.14,LSS,0.17366863953781533,NA,0.8621258849748278,0.0042089727556487875,0.10283361953529302,8.9059200324279e-05,NA,12,12,12,9.444940628370347e-10,0.03390509517329075
ENSG00000127311.9,HELB,0.1735730102781928,NA,0.862201044690216,0.014410416729384288,0.1374397379032624,4.5002310959737156e-06,NA,25,25,25,0.07883647024349183,0.049731253983195764
ENSG00000188690.12,UROS,0.17327990646955485,NA,0.862431417087367,0.04088329556915676,0.4452944755436077,4.398309113849011e-21,NA,20,20,20,0.4985478281265454,0.02433903536587424
ENSG00000128791.11,TWSG1,0.17324328929829017,NA,0.8624601981075157,0.015280516578440604,0.0616606078638642,0.002902564430338194,NA,84,90,90,6.435074235834786e-10,0.06636813471042526
ENSG00000197646.7,PDCD1LG2,0.17301563274160267,NA,0.8626391397804308,0.0064494869646440035,0.029946948657156587,0.038809089731402166,NA,8,8,8,0.021370246747636896,0.06918771357689399
ENSG00000148384.12,INPP5E,0.17266125343372637,NA,0.8629177015724765,0.04262682822982927,0.29451093954040364,6.378076061123927e-13,NA,52,59,59,0.006869706807538119,0.17666480572944934
ENSG00000183549.10,ACSM5,-0.17261168384463332,NA,0.8629566673785685,0.015790775610106184,0.033638503567427966,0.029461188510900363,NA,32,33,33,0.24785824338078322,0.05528445025168704
ENSG00000174307.6,PHLDA3,0.17247988004966475,NA,0.8630602777088774,0.0018723710508687461,0.094136161036529,0.00018397138904358972,NA,5,5,5,0.8261170886148818,0.047471397691785364
ENSG00000177370.4,TIMM22,-0.17204952080955255,NA,0.8633985974332203,0.0016399938457424116,0.0439546522496766,0.011657418341887969,NA,18,24,24,0.005290006353610578,0.0916128455003365
ENSG00000128626.11,MRPS12,0.17193054946461053,NA,0.8634921291902494,0.004423900116684786,0.052209505570009515,0.0059981075707274435,NA,51,53,53,0.07162818686517348,0.02952067220800517
ENSG00000272908.1,RP11-121A8.1,0.17127992212772372,NA,0.8640036669902112,0.00031829153816911464,0.08737564455043292,0.00021263205791507864,NA,1,2,2,0.8640036669902112,0.03890472781552312
ENSG00000117834.12,SLC5A9,-0.17108635775811,NA,0.8641558626500414,0.010818869299446768,0.11114480582017376,4.470508626627533e-05,NA,11,12,12,0.796320989335327,0.035106330940723636
ENSG00000187134.13,AKR1C1,0.17104717636856193,NA,0.8641866707797131,0.14578026087754417,0.2588314518658561,9.362746398892069e-12,NA,86,94,94,0.0005255377386008869,0.2854674530378863
ENSG00000175773.12,RP11-121M22.1,-0.17089374554192566,NA,0.8643073146544349,0.07899196573051506,0.15395620953110853,8.993879654658813e-07,NA,77,84,84,3.0607021132066315e-09,0.3059075323626478
ENSG00000151360.9,ALLC,-0.17078518845116616,NA,0.8643926758661162,0.06274655862713877,0.15146775047838015,3.562904623757983e-07,NA,38,43,43,0.050835028237827304,0.2795073420020661
ENSG00000214946.14,TBC1D26,0.17024294477509103,NA,0.8648190795870747,0.010489510765556763,0.18170154671480868,4.7020288558143744e-08,NA,10,12,12,0.2614570268194568,0.0996169150997178
ENSG00000134897.13,BIVM,0.17015494385584445,NA,0.8648882845146018,0.005963748809659617,0.08846145508279013,0.0002979709733225442,NA,28,35,35,0.33098789500593073,0.025136419385459748
ENSG00000273381.1,RP11-305L7.7,-0.16931796312875852,NA,0.865546547438053,0.015161444750420593,0.05020151046198605,0.007367584519300833,NA,22,23,23,0.0007415239283983844,0.07250756201966603
ENSG00000108448.20,TRIM16L,0.16926925883615657,NA,0.8655848549363065,0.03498579336279659,0.13670887357075656,4.611319292106657e-06,NA,11,12,12,0.07866271816630017,0.06511413194957551
ENSG00000182093.14,WRB,0.16901674395927574,NA,0.8657834710992354,0.002744510238296641,0.043757504663166163,0.012290030887455585,NA,14,15,15,1.621674809923182e-08,0.02568755074172412
ENSG00000121691.4,CAT,-0.16873901154369428,NA,0.8660019319644038,0.0019250377178597316,0.032721701773493886,0.030029218308620508,NA,13,13,13,0.5684787390277664,0.035512044957252444
ENSG00000155393.12,HEATR3,-0.16828783539579237,NA,0.866356843331185,0.11353986213176376,0.4170415506249402,4.678474662669506e-20,NA,42,43,43,0.1313851849085262,0.07104707963861416
ENSG00000268707.1,RP11-247A12.7,-0.1681307404748074,NA,0.8664804261685362,0.11765815395673074,0.3575929707715631,8.072495899853575e-17,NA,9,10,10,0.16282752329584416,0.3125497928804902
ENSG00000027847.13,B4GALT7,-0.16804796780970274,NA,0.8665455427683968,0.018899088569857454,0.19038414799399084,7.553012685884526e-09,NA,24,27,27,0.26498796112538003,0.15638262783774307
ENSG00000155275.18,TRMT44,0.16767318957968919,NA,0.8668403891614254,0.009321656792765544,0.05789705639178104,0.004198275511924133,NA,16,16,16,0.0004440051322160251,0.052689145442690384
ENSG00000136856.17,SLC2A8,0.16737497907044302,NA,0.8670750112599337,0.002089784970155887,0.10784941147669716,4.1650533229484496e-05,NA,5,6,6,0.8390634670102703,0.030321233214464387
ENSG00000127947.15,PTPN12,-0.16730712087686822,NA,0.8671284014633646,0.010101767976371764,0.050129408287661374,0.007480044174244911,NA,15,16,16,0.029211061394780677,0.06273033514326554
ENSG00000065665.20,SEC61A2,0.16672244047632823,NA,0.8675884477185165,0.002268479721530847,0.09451708245825784,6.689145368185857e-05,NA,19,19,19,0.502883465483249,0.01870032296699536
ENSG00000259129.5,LINC00648,-0.16672093686325548,NA,0.8675896308698656,0.06422403721950547,0.10814669040854218,6.645013546171371e-05,NA,35,38,38,0.12523512286631394,0.09883101191776836
ENSG00000188511.12,C22orf34,0.16637625323819338,NA,0.8678608606592193,0.018707604091346863,0.17284434984968006,7.125453238525862e-08,NA,31,32,32,7.495063342520458e-08,0.06387508229305383
ENSG00000175115.11,PACS1,0.16571607243204864,NA,0.8683803969741973,0.0011654296152666902,0.09415576825795953,0.00015442979247363018,NA,7,7,7,0.673508204505456,0.013516854797768268
ENSG00000125450.10,NUP85,0.1643672811508844,NA,0.8694420190940796,0.05326392536565355,0.4398182359051676,8.078366942643947e-21,NA,12,13,13,0.39198979751661656,0.09314185464313228
ENSG00000136875.12,PRPF4,-0.1641703729196805,NA,0.8695970236191922,0.0033576612057406993,0.04770353722603611,0.007836738400932613,NA,10,10,10,0.2719221733342727,0.022813315929264853
ENSG00000263033.2,RP11-396B14.2,-0.16391724636623786,NA,0.8697962901010857,0.02546855587915811,0.1026757984823012,6.592619797353816e-05,NA,18,21,21,0.09447906985691105,0.12373325615978575
ENSG00000041802.10,LSG1,0.1638834375999575,NA,0.8698229056905055,0.08352848536409849,0.4135467043927514,3.646599547750403e-19,NA,9,10,10,0.26788280434948586,0.2591113699714261
ENSG00000272274.1,LINC00551,0.16348045129790673,NA,0.8701401636904225,0.014208043188206797,0.15071932275508784,1.0192392958968436e-06,NA,2,2,2,0.8406071058223458,0.1168407254789715
ENSG00000133983.14,COX16,0.16336420788166064,NA,0.8702316822351465,0.009668448265745117,0.15746209647888235,4.05099215340328e-07,NA,15,15,15,0.42832776692357044,0.04897307054230215
ENSG00000235830.1,SRGAP3-AS4,0.1627046805882642,NA,0.8707509615259499,0.07863779075976379,0.030827702159112107,0.035894719960434064,NA,59,68,68,0.0004172382992471731,0.35747956308854273
ENSG00000179218.13,CALR,0.16237949105648358,NA,0.8710070202644158,0.004894241429586726,0.07345930318406871,0.0008645379106481707,NA,17,20,20,0.09327856535658595,0.055023069291645854
ENSG00000236790.5,LINC00299,-0.1623000616561284,NA,0.8710695661293695,0.016403429296004697,0.1469070364379809,1.9186121012927675e-06,NA,29,32,32,9.759286321992434e-06,0.15147866391220746
ENSG00000164659.14,KIAA1324L,0.16217863072131036,NA,0.871165187229415,0.004318605320704031,0.0361247534547832,0.02076844289833036,NA,43,43,43,0.000683670072011101,0.19515115319641127
ENSG00000228067.1,LINC01740,-0.16179813509980082,NA,0.8714648216679493,0.029226746806905124,0.07528857771296628,0.0007963483473054423,NA,10,10,10,0.5797340142552065,0.10768289835451827
ENSG00000163933.9,RFT1,-0.1613175724572309,NA,0.8718432837004418,0.02004442371955257,0.10755362359517726,4.853215054925567e-05,NA,22,22,22,0.6287246788253307,0.08300907929781398
ENSG00000102606.17,ARHGEF7,0.16011288446308072,NA,0.8727921517833221,0.012025646816658452,0.13744976793498356,1.962031533129639e-06,NA,9,9,9,0.44138547232935077,0.07321080183125431
ENSG00000113851.14,CRBN,-0.159491389095097,NA,0.873281741989939,0.00932652494516707,0.04798326372041705,0.007757609658160304,NA,47,53,53,0.00013762186724570745,0.07330170338406787
ENSG00000114395.10,CYB561D2,0.15901961122273173,NA,0.8736534229107951,0.0017647805505311772,0.052181151104498384,0.0053910396956267405,NA,7,7,7,0.659297909493289,0.157168634871482
ENSG00000168813.16,ZNF507,0.15899679913551112,NA,0.8736713956726121,0.005489205659549216,0.11395734012173715,3.53330253368188e-05,NA,27,27,27,7.699652108064123e-06,0.09507209212907757
ENSG00000157214.13,STEAP2,0.15879902055318074,NA,0.87382722050496,0.002870113026286001,0.2307910464083853,7.941306772789375e-10,NA,9,9,9,0.7219899898513314,0.00911092403176848
ENSG00000179954.15,SSC5D,0.15879472496517913,NA,0.8738306049463708,0.005104970230484328,0.09992590170574034,7.783432618041165e-05,NA,4,4,4,0.8392359937570697,0.08136991936885524
ENSG00000167723.14,TRPV3,0.1587495501936704,NA,0.8738661977378206,0.004091312516533793,0.06476544835933386,0.0019582129706617268,NA,13,13,13,0.10780029364544161,0.10007127422807048
ENSG00000175518.6,UBQLNL,-0.1586556093393888,NA,0.8739402136994062,0.08756577710436389,0.11376599059207805,3.3890390991944844e-05,NA,108,118,118,0.011056173556439912,0.2708042279333946
ENSG00000173145.11,NOC3L,0.1582635185660829,NA,0.874249153766959,0.0327445914602859,0.2068225759110552,6.492121029385562e-09,NA,64,66,66,0.00021607002885535963,0.05751728393872405
ENSG00000197417.7,SHPK,0.15825209626157943,NA,0.8742581540305051,0.09686143650651013,0.3283415857455549,1.7488569496553068e-14,NA,29,31,31,4.4837967686848795e-05,0.19562438935446547
ENSG00000112031.15,MTRF1L,0.15809225657780102,NA,0.8743841022371608,0.05346382615585802,0.36513312500177614,1.2239179626178238e-16,NA,19,20,20,0.009449069830945584,0.0613560731155486
ENSG00000137269.14,LRRC1,0.15753426918058208,NA,0.8748238021589143,0.011171458815619154,0.09665600254971356,0.00011052708270454748,NA,82,84,84,0.01709882302967116,0.24811056198659315
ENSG00000106049.8,HIBADH,0.1574788535130306,NA,0.8748674723983514,0.0055061104457221795,0.038117006928902,0.0188982976118131,NA,20,21,21,0.5031768510313861,0.04371026887828181
ENSG00000104129.9,DNAJC17,-0.15714977357201357,NA,0.8751268112332109,0.005951537035128338,0.04043033955669897,0.016086602333368928,NA,6,8,8,0.1253179231239908,0.09669934234425023
ENSG00000139173.9,TMEM117,-0.15668304127670007,NA,0.8754946530900314,0.002239196610652627,0.06375686245199899,0.0016082145249372115,NA,4,4,4,0.1759308108896076,0.06876247538846912
ENSG00000167895.14,TMC8,0.15663898132451518,NA,0.8755293790859083,0.008710589196044498,0.12278299481853185,1.9431626293802275e-05,NA,27,38,38,0.02269191923003935,0.08556873552587496
ENSG00000197226.12,TBC1D9B,0.15636213846245714,NA,0.8757475791772139,0.03607564074046095,0.07927978029609893,0.00043423936738496853,NA,32,39,39,2.0006527351063115e-06,0.2776527218659666
ENSG00000068885.14,IFT80,-0.15606886572040168,NA,0.8759787391603753,0.004020194774584006,0.07646896531547223,0.0007449915914873024,NA,25,25,25,0.45686835105358403,0.030607638101596026
ENSG00000248518.1,RP11-231C18.2,-0.15605530433501952,NA,0.8759894286117703,0.021277463343994545,0.13234189146868386,5.848564192069878e-06,NA,7,7,7,0.7077485938324423,0.036184398076081085
ENSG00000272021.1,AC008592.8,-0.15588740394238093,NA,0.8761217741236578,0.06855444707815375,0.17825827870628702,1.1388716211278019e-07,NA,32,32,32,0.01970668637750389,0.2745829517790449
ENSG00000174950.10,CD164L2,0.15585797317725175,NA,0.8761449729354145,0.01887533829093438,0.09670287204497822,7.263834024206818e-05,NA,33,34,34,0.221618019066967,0.06492681014300783
ENSG00000185803.8,SLC52A2,0.15580757338946774,NA,0.8761847008343587,0.0024964666499759933,0.1079907209735127,6.148881161188278e-05,NA,13,13,13,0.002663643455140877,0.03455322033324599
ENSG00000180767.9,CHST13,-0.1557147703107861,NA,0.8762578541673609,0.011524058068882851,0.03609772564893948,0.02306067248996547,NA,14,15,15,1.2896552256968703e-06,0.10368531086425654
ENSG00000105668.7,UPK1A,0.15564642777903498,NA,0.8763117268058929,0.013473195224852214,0.03927732217822634,0.01665303741376925,NA,12,12,12,0.008227568551701607,0.056437376585680675
ENSG00000035687.9,ADSS,-0.15555147335080163,NA,0.8763865778607699,0.007872010042086028,0.16091175083112347,7.338858763060445e-07,NA,22,24,24,0.032921194786501275,0.1345516399359434
ENSG00000197894.10,ADH5,-0.15512337303808785,NA,0.8767240561992597,0.00435413732019944,0.1367556946318482,5.839135599116486e-06,NA,24,25,25,0.12263739887615072,0.010175988246791758
ENSG00000203778.7,FAM229B,0.15506128532063676,NA,0.8767730028044843,0.003749547252882108,0.06608461976252328,0.0015291792821407759,NA,6,7,7,0.5605650232333772,0.02367126477422338
ENSG00000124466.8,LYPD3,-0.15483348190825647,NA,0.8769525947539427,0.007238243310554793,0.0649732404507177,0.0018609801100939113,NA,6,6,6,0.7238085632895392,0.028527661654972624
ENSG00000143924.18,EML4,-0.15440970799068918,NA,0.8772866995889443,0.02732189005309077,0.08020258417330893,0.0005427447872942344,NA,48,50,50,0.003929846178390491,0.2141927824825832
ENSG00000187546.13,AGMO,0.15438276726288785,NA,0.8773079404924731,0.01804244866861359,0.12740202585341187,1.1187383884403976e-05,NA,15,16,16,5.67149434750593e-05,0.07160681001570604
ENSG00000242441.7,GTF2A1L,0.1541506222818334,NA,0.8774909744385687,0.06806844981127533,0.2663856920425826,1.8145464506979907e-11,NA,7,7,7,0.39064245172306367,0.3345607197984537
ENSG00000186862.17,PDZD7,-0.1538498458218663,NA,0.8777281303878435,0.002614561886055199,0.09339397276382433,0.00016320946283278768,NA,27,30,30,0.19131373062490953,0.07898039570794511
ENSG00000011590.13,ZBTB32,0.15376090865973238,NA,0.8777982575837078,0.03145633199779043,0.07053654304742152,0.0015623115101947975,NA,16,16,16,0.2509849510118711,0.05261095565173159
ENSG00000198663.16,C6orf89,0.1537250757225121,NA,0.8778265122238804,0.002508189918321195,0.035678546727200285,0.02527224320918049,NA,10,10,10,1.875124908651423e-16,0.04058962002568047
ENSG00000206535.7,LNP1,-0.15356762450850162,NA,0.8779506659722625,0.005321600864967697,0.08884843111141864,0.00023281411416812843,NA,11,11,11,0.189911177227154,0.11326509530673222
ENSG00000205863.10,C1QTNF9B,0.15307712134492713,NA,0.878337457744203,0.004140259752523975,0.035980022558393734,0.02195131597513269,NA,26,26,26,0.003004538218772316,0.03166165965643858
ENSG00000176014.12,TUBB6,0.1525868296179285,NA,0.8787241118099738,0.021631019158915698,0.03927047358624637,0.01754040230122379,NA,48,51,51,0.010669917114416533,0.10476078065380433
ENSG00000166159.10,LRTM2,0.15244148952946468,NA,0.8788387355336705,0.0005678099544109208,0.04926747089589795,0.00556475060916164,NA,6,9,9,6.681111835081658e-08,0.028450416685019606
ENSG00000196312.12,MFSD14C,-0.1523752956557399,NA,0.878890940749231,0.0069868557494151586,0.0494996423094598,0.007533969030048923,NA,51,51,51,1.673923774202718e-06,0.053679320948072456
ENSG00000163586.9,FABP1,0.1514995007665077,NA,0.8795817046228431,0.1053900428530175,0.42849785346895175,1.9090980594696008e-20,NA,11,15,15,0.1238422713508084,0.223609878208212
ENSG00000124588.19,NQO2,-0.15146283713134193,NA,0.8796106242577058,0.040077574518198454,0.3242825483173713,2.4679112604511105e-14,NA,19,21,21,0.0027966718313673206,0.11561007891295486
ENSG00000172965.14,MIR4435-2HG,-0.15142675166922592,NA,0.8796390879965856,0.006576154078993861,0.12827915648108906,1.183149328909628e-05,NA,27,27,27,0.252154948398996,0.068859940268253
ENSG00000100167.19,SEPT3,-0.15133832739345274,NA,0.8797088365621542,0.0007495773328237161,0.046536705398961986,0.00902823794650592,NA,19,21,21,0.08519929564210613,0.034616429363102635
ENSG00000148824.18,MTG1,0.15107505184008738,NA,0.8799165123451803,0.28933104620245576,0.4866534749959647,2.4880964280292192e-24,NA,142,158,158,3.932546248900148e-06,0.5739147020620776
ENSG00000183628.12,DGCR6,0.15032667179871434,NA,0.8805068910333265,0.01663233672564457,0.03895618431802654,0.01634157488704448,NA,12,14,14,0.4892581905238941,0.08794058087886286
ENSG00000169908.11,TM4SF1,-0.15027295607336155,NA,0.8805492686123585,0.0029575582145649746,0.028369802782769744,0.043824843555316594,NA,10,10,10,0.44954136068853967,0.07084139101136737
ENSG00000243321.3,LINC01998,-0.15022137293842305,NA,0.8805899640634257,0.04131607345675224,0.033688997117579465,0.02844737955640256,NA,57,59,59,0.0006491046173368658,0.14586137821366635
ENSG00000130653.15,PNPLA7,0.15005192918939983,NA,0.8807236454353202,0.035886030000766296,0.2440970484379457,1.7677354943087295e-10,NA,91,101,101,0.0007218556743973682,0.17539280184346515
ENSG00000260804.3,LINC01963,0.1498674682439084,NA,0.8808691783754845,0.011581178829307485,0.2293856998352385,7.959911740210087e-10,NA,11,12,12,0.30510520378412664,0.12305249611445145
ENSG00000236882.7,LINC01554,-0.14984924530541127,NA,0.8808835558259782,0.009373994909800773,0.13163034863189246,9.102470283091632e-06,NA,8,8,8,0.24048106965524385,0.12714186595019866
ENSG00000230156.2,LINC00443,0.14969459983988836,NA,0.8810055688764128,0.028470810410793114,0.24574732305663546,1.420088478959613e-10,NA,5,5,5,0.19651103233582445,0.15013084339046232
ENSG00000273293.1,RP11-445N20.3,0.14948073194797679,NA,0.8811743122240352,0.02592567166142444,0.0562923341787764,0.004462643387355868,NA,46,50,50,0.03545502332104748,0.14185702720418475
ENSG00000267454.5,ZNF582-AS1,-0.14926403652767442,NA,0.8813452920145441,0.0317434625553331,0.16029014490474264,2.989937007758107e-07,NA,26,27,27,2.994790777903931e-07,0.1195026597047732
ENSG00000162714.12,ZNF496,0.14867121722199658,NA,0.8818130741179546,0.015970671928226505,0.1520901663842704,1.4148680617757912e-06,NA,6,6,6,0.2186282699917358,0.08646843965265756
ENSG00000224939.1,LINC00184,0.14838149699735412,NA,0.8820417016814384,0.05043707377812627,0.20456812709882766,4.996739153528744e-09,NA,44,44,44,0.0005864876839449514,0.05854236378165297
ENSG00000272871.1,RP11-408A13.4,-0.14811122459052298,NA,0.8822549912069022,0.01790565749843166,0.1929075379170748,3.3691129160656936e-08,NA,15,15,15,0.37816099617428456,0.05500220175299503
ENSG00000104894.11,CD37,0.1473956375975242,NA,0.8828197486097215,0.0016052081151827575,0.03289359823992526,0.029476095026726136,NA,19,19,19,9.593583303657494e-06,0.04220511331294869
ENSG00000271811.1,RP1-79C4.4,0.14704004726024075,NA,0.8831004107016538,0.062355773117690964,0.2767917173020509,6.218180110587494e-12,NA,39,41,41,0.10108426274192231,0.1630852313717251
ENSG00000111912.19,NCOA7,0.14653374529692365,NA,0.8835000525221471,0.008663277891302676,0.13712956306186522,4.357733162128485e-06,NA,44,44,44,0.02607362695542744,0.04829231876380646
ENSG00000011638.10,TMEM159,-0.14647832893597137,NA,0.8835437963931653,0.023635486479922335,0.0321986622579185,0.03349936050243578,NA,59,69,69,0.011321601309028663,0.2460303616451396
ENSG00000109534.16,GAR1,-0.14624504145876624,NA,0.8837279498242057,0.0183723683898961,0.1671041445569272,3.623399732190905e-07,NA,27,29,29,8.83418184092554e-05,0.06865624947625779
ENSG00000126005.16,MMP24-AS1,0.14617228910673394,NA,0.8837853806616119,0.012128587851070294,0.23249694110641536,1.0048227395178376e-10,NA,11,11,11,0.07987483846409789,0.04343869219513452
ENSG00000259820.1,AC083843.1,-0.1458597656772568,NA,0.8840320941615045,0.0031734058149838996,0.06776213704172583,0.0017459748043308302,NA,15,15,15,0.5168205412420435,0.055657253765197034
ENSG00000145777.14,TSLP,0.1457302456606272,NA,0.8841343436704677,0.0269960791785845,0.144652569461791,3.0306135979522517e-06,NA,11,12,12,0.5936559861634201,0.1285019128697226
ENSG00000105509.10,HAS1,0.14515417542389186,NA,0.8845891453740057,0.0476250569349424,0.18949951937833506,5.177592308155606e-08,NA,76,81,81,3.971330084795448e-14,0.34001969658356085
ENSG00000104723.20,TUSC3,0.1450823378540078,NA,0.884645863088653,0.0009004984715732191,0.06761254222362048,0.0017518096152390093,NA,7,7,7,0.0010458765717853463,0.03404481661607402
ENSG00000226180.3,RP11-278A23.1,-0.1449765217842481,NA,0.8847294088293891,0.056688356377064826,0.05189236490285259,0.006724535426192342,NA,40,48,48,0.004042948337090484,0.22459304622347653
ENSG00000127022.14,CANX,0.1443470009460943,NA,0.8852264655145443,0.002807968780093046,0.09401309288907347,0.0001660799203111673,NA,7,7,7,0.10320904895980067,0.038987447111080924
ENSG00000263667.1,RP3-416J7.4,0.14400212639931956,NA,0.8854987905152232,0.0019823461311920454,0.05450758564852595,0.004901268327300985,NA,5,10,10,0.8593938722509958,0.08275973576404065
ENSG00000079257.7,LXN,-0.1439294199732007,NA,0.885556203778727,0.015603293775372304,0.1317576511127445,6.3194734863552735e-06,NA,32,33,33,0.8615860556018105,0.023818341923726557
ENSG00000105677.11,TMEM147,-0.14366752895831691,NA,0.8857630132803272,0.00741198767160049,0.059850396983953724,0.002202070382536737,NA,68,72,72,0.005452011473918798,0.06285373800294078
ENSG00000128833.12,MYO5C,-0.14336016897170456,NA,0.886005738540355,0.0164601921975624,0.039681126221894035,0.016367743988222914,NA,68,72,72,6.086759936122591e-05,0.09047569088317327
ENSG00000167720.12,SRR,0.14329747867481457,NA,0.8860552470096814,0.0860158761450263,0.33425831708339543,2.170637544219884e-15,NA,54,59,59,4.254607298815787e-09,0.16362447230596364
ENSG00000185340.15,GAS2L1,0.14269182572219272,NA,0.8865335727826141,0.0014963964388184803,0.11162021775981977,4.7886344392993624e-05,NA,3,3,3,0.5523649493933154,0.02614793842884784
ENSG00000256092.2,RP13-942N8.1,0.1426143671856239,NA,0.88659475009911,0.0421863972607228,0.1424528798640266,2.36881259780148e-06,NA,83,86,86,0.0012415696958154277,0.09947716277260922
ENSG00000116688.16,MFN2,-0.14244654822464028,NA,0.8867272970548628,0.009996989466089673,0.17089351357321636,2.0775584724017728e-07,NA,8,8,8,0.7705970417042401,0.038586266753606296
ENSG00000189157.13,FAM47E,0.14207881850613996,NA,0.8870177488177778,0.11400676699055945,0.3654191045479823,3.970134183103096e-16,NA,82,85,85,0.010902042138407586,0.17105535437931538
ENSG00000188729.6,OSTN,0.14202200813931457,NA,0.8870626219090181,0.011191897295439651,0.0717852071391591,0.001069509813494553,NA,17,18,18,0.5403996703199138,0.08199357096300791
ENSG00000185608.8,MRPL40,0.1418153807848272,NA,0.8872258347527462,0.0016839494262780369,0.0766201658908909,0.0007474720900912819,NA,3,5,5,0.5840612566854972,0.06441082982471108
ENSG00000198961.9,PJA2,-0.14173546949877067,NA,0.8872889571469356,0.0008010333255379887,0.11500893922358935,1.6618494687397215e-05,NA,7,7,7,0.723421699937933,0.03474420931211948
ENSG00000272733.1,KB-208E9.1,0.14165353465741842,NA,0.8873536787016648,0.07043928935577379,0.2392976516087565,6.811132277803689e-11,NA,22,23,23,0.3708373155785517,0.2801910964335429
ENSG00000129480.12,DTD2,0.141642703601298,NA,0.8873622343708587,0.04140093487044103,0.08504095866045065,0.000420517990276628,NA,81,87,87,5.7688652522089876e-08,0.3166136206113443
ENSG00000162174.12,ASRGL1,0.14145072332893702,NA,0.8875138856286943,0.0058652145445688055,0.08574009723397809,0.00042419264847114326,NA,24,25,25,1.1026839886648233e-11,0.08157499264902685
ENSG00000064300.8,NGFR,0.14119942374188796,NA,0.8877124013024231,0.003986224275141484,0.05225882901463327,0.006245748696936258,NA,15,16,16,0.12338280258248077,0.1019163322517493
ENSG00000158887.15,MPZ,-0.14066411005201476,NA,0.8881352991545167,0.018373240646287828,0.11980770947171812,1.956343658275561e-05,NA,14,16,16,0.0021532366245648905,0.18486103984316735
ENSG00000153157.12,SYCP2L,-0.14048762824292133,NA,0.8882747267816918,0.011950423174426374,0.05966730245158546,0.0030184727168534853,NA,15,18,18,0.17454493668216764,0.08420384530715283
ENSG00000137868.18,STRA6,-0.14030756868326755,NA,0.8884169845364233,0.007968807693893038,0.04309305973268823,0.012309730999835457,NA,20,20,20,6.974925936440288e-10,0.052502972302991786
ENSG00000177646.18,ACAD9,0.13887990270957135,NA,0.8895450523651741,0.03982457669010207,0.039175603505169514,0.0016925229444351814,NA,20,21,21,0.5387713906603792,0.2778053494532288
ENSG00000197558.11,SSPO,-0.1384837408725439,NA,0.889858118707447,0.07332008726809115,0.30586058830710955,1.3913048086329426e-13,NA,11,12,12,0.05849139910440603,0.20030913481362056
ENSG00000228408.6,RP1-111D6.3,0.13832162505832848,NA,0.889986235459978,0.04117247698694164,0.2353284158429749,1.8213128170835933e-10,NA,12,12,12,0.47424775297174804,0.08707032694664621
ENSG00000144182.16,LIPT1,-0.13824684922380484,NA,0.8900453302134612,0.012408728138278296,0.13639853749606642,5.548977436100297e-06,NA,43,44,44,0.37992326479864524,0.045854749359033616
ENSG00000267368.1,UPK3BL,0.138219081059268,NA,0.8900672753309071,0.13565106938420862,0.2517858178917309,1.3106849590838e-11,NA,70,73,73,0.011904643593028142,0.16926275415611272
ENSG00000112357.12,PEX7,0.1376569064151104,NA,0.89051157876793,0.015136044438174547,0.09865749839302564,0.00010599625262979838,NA,17,19,19,0.11102404369504619,0.07701380516124279
ENSG00000089685.14,BIRC5,0.13715578184327995,NA,0.8909076614972784,0.014326026070074122,0.15161527245818526,6.858967056063463e-07,NA,3,4,4,0.8814541215053648,0.09052550212421864
ENSG00000262874.1,C19orf84,-0.1368799069703076,NA,0.891125721246345,0.018547780436401665,0.0607453446944586,0.0031974320517903364,NA,22,23,23,0.41779942615020493,0.10015337855757103
ENSG00000092295.11,TGM1,0.1368406729128291,NA,0.8911567336877817,0.044025117605269184,0.11452925240027008,2.531630901494123e-05,NA,38,40,40,0.012848055785832133,0.2519397747295851
ENSG00000092203.13,TOX4,-0.13557762792008804,NA,0.8921551924589266,0.0047130843616876635,0.09849537894804054,6.251654185778405e-05,NA,23,25,25,0.04996696458828154,0.02060807654959309
ENSG00000172780.16,RAB43,-0.1352848532001723,NA,0.8923866603750503,0.010707487256693848,0.027276536099778287,0.044181219762570965,NA,33,33,33,0.11234863540255913,0.3435254739104766
ENSG00000264364.2,DYNLL2,-0.13522703073125608,NA,0.8924323759476982,0.003795436248107456,0.062458541280391335,0.0022591954322637264,NA,13,13,13,0.0038403177360953654,0.03983571175415085
ENSG00000137563.11,GGH,0.13512108071373338,NA,0.8925161430272053,0.014781178914970121,0.11431892613586014,3.039488343901672e-05,NA,47,47,47,0.23531136204407255,0.016971203930815706
ENSG00000261706.1,LINC00165,-0.13490460303451335,NA,0.8926873001284625,0.027455746759023125,0.15883492185643544,6.00524323313921e-07,NA,47,52,52,0.011021248753114688,0.09229287207695556
ENSG00000160200.17,CBS,-0.13468452607579914,NA,0.8928613081076525,0.07624678431033292,0.29789283556851515,4.135473958646262e-13,NA,24,29,29,0.4770916812097705,0.27399823743821816
ENSG00000178852.15,EFCAB13,-0.13346677477851263,NA,0.8938242390368951,0.029519027086920887,0.0855013286353918,0.00028107801007336264,NA,67,68,68,0.030193370686561874,0.12928749955805385
ENSG00000100744.14,GSKIP,0.1333513344300272,NA,0.8939155310762933,0.01055393364932429,0.08748337341752009,0.00029977009897728084,NA,67,70,70,0.021483705161359938,0.1590325526451744
ENSG00000133328.3,HRASLS2,0.13260988521619607,NA,0.8945019142005862,0.04357558129488304,0.05658618512960086,0.004110206858345866,NA,33,34,34,0.04086627548907087,0.18229789605979346
ENSG00000237412.6,PRSS56,-0.13248027672371318,NA,0.8946044224069657,0.008659412539612853,0.12390630271317825,1.4676469437452374e-05,NA,4,6,6,0.2567846708671129,0.16415652278431667
ENSG00000151151.5,IPMK,0.13193207310550156,NA,0.8950380196894286,0.008814156397961695,0.05722964327133834,0.003676444379687985,NA,32,33,33,0.0005509288433042412,0.09379176686155716
ENSG00000169896.16,ITGAM,0.13172300664745015,NA,0.8952033874057336,0.0018006380445117463,0.03976672239856974,0.01792050115148686,NA,7,9,9,0.26699491080470084,0.07263708708121683
ENSG00000187908.16,DMBT1,0.13165710518619717,NA,0.8952555151917173,0.00945736964159748,0.07030536259154048,0.0013147227798411274,NA,42,43,43,0.46986659646853535,0.3660149149482278
ENSG00000230368.2,FAM41C,0.13114331476801197,NA,0.8956619367998779,0.02291925454571058,0.09315445085520488,0.00016839118544629018,NA,7,8,8,0.5753228805489528,0.2363384859635206
ENSG00000139675.11,HNRNPA1L2,-0.13099376140648178,NA,0.8957802425561499,0.00581309378334403,0.0986278788825642,0.00012721553764687276,NA,9,10,10,0.22175149223222723,0.04984267686239912
ENSG00000163348.3,PYGO2,-0.13073527812957766,NA,0.8959847239284588,0.0025816402983909956,0.09502589367767744,0.0001711182824262968,NA,1,1,1,0.8959847239284588,0.10923038979138652
ENSG00000066294.14,CD84,-0.12981356725367812,NA,0.8967139286302869,0.0009500581959367973,0.04198680291148707,0.012588781425215068,NA,7,9,9,0.020079914172590575,0.02628490311368641
ENSG00000221947.7,XKR9,0.1295885709250784,NA,0.8968919460744411,0.08161223026981579,0.3342455867966955,1.0534859136315273e-15,NA,23,25,25,0.012729808985248775,0.05793670570064645
ENSG00000175390.13,EIF3F,0.1295070317053944,NA,0.8969564613133649,0.00691384007400475,0.15055851664573533,1.203097952918322e-06,NA,13,23,23,0.3244779012953932,0.08682899431320805
ENSG00000168291.12,PDHB,0.12946704117817318,NA,0.8969881027582286,0.01265712108746788,0.07901406558617631,0.0006254268907700287,NA,43,44,44,0.07812708580178443,0.09637775036822306
ENSG00000100341.11,PNPLA5,0.12936725285165213,NA,0.8970670583413771,0.0036283290197697687,0.07143003128202331,0.0012344754574459382,NA,18,22,22,0.0007971948408889119,0.03874656592336796
ENSG00000010282.14,HHATL,-0.1290320430946882,NA,0.8973322940359846,0.0030356391432336477,0.0683076227184023,0.0016450191707770064,NA,19,19,19,0.022445133228915986,0.019647334543305743
ENSG00000232388.4,LINC00493,-0.12886624004283262,NA,0.8974634904252192,0.00783059996368421,0.05402062334525298,0.004906528166359962,NA,31,32,32,0.0053143210263929585,0.11330966780156837
ENSG00000225056.1,RP11-218C14.5,0.12859103373590577,NA,0.8976812614436706,0.04207222029264737,0.08092968785611526,0.0005272451909185132,NA,42,45,45,0.03019916357176739,0.12371241209165836
ENSG00000260911.2,RP11-196G11.2,-0.12825311187124908,NA,0.8979486698836753,0.017195913984618567,0.09348124303847044,9.67875034771818e-05,NA,71,73,73,0.011502746220340343,0.051830143924837806
ENSG00000141349.8,G6PC3,-0.12808625174031738,NA,0.8980807159481101,0.0036263916443631562,0.0840500507045892,0.00035051997736792757,NA,9,9,9,0.14209621016355126,0.031475754494624184
ENSG00000129422.14,MTUS1,0.12773406377685248,NA,0.8983594318968252,0.007425276611747052,0.2884654082490652,3.5806296735517776e-14,NA,23,24,24,0.0032634966828832728,0.08657774901506728
ENSG00000177469.12,PTRF,-0.1276571448198018,NA,0.8984203060046341,0.00021490252847021274,0.04663117474503285,0.010245962825322016,NA,3,4,4,0.880998579877294,0.008634951847467699
ENSG00000103326.11,CAPN15,-0.12733435764319945,NA,0.8986757681577281,0.0027089920489358644,0.029932672748816162,0.03941305046411537,NA,11,15,15,0.00735560484831887,0.06835122491625355
ENSG00000268658.5,LINC00664,-0.12733313522519707,NA,0.8986767356310509,0.010149164745176888,0.15918525489221716,6.214697736890347e-07,NA,17,18,18,0.6274951739840061,0.045880896367005417
ENSG00000188152.12,NUTM2G,0.1272894394139814,NA,0.898711318443536,0.013994231895048075,0.057315749418233614,0.0033866080718189576,NA,45,47,47,0.6816882496204932,0.061389245831133324
ENSG00000117335.19,CD46,0.12713046426304497,NA,0.8988371400858552,0.016309917143038442,0.2956913170351089,7.938180278459859e-13,NA,41,43,43,0.24759992384584928,0.039029809400275575
ENSG00000188878.19,FBF1,-0.12631577197970464,NA,0.899481972023661,0.031013886656168964,0.23666534857196456,1.0304085446143941e-10,NA,42,46,46,3.483818308347534e-05,0.10368647484931487
ENSG00000109771.15,LRP2BP,0.12620505353982478,NA,0.8995696112074998,0.009569104149039602,0.05082896114524208,0.0074797511641962406,NA,17,17,17,0.0018969470743940744,0.1917385123068149
ENSG00000166923.10,GREM1,-0.12617406014267543,NA,0.8995941442512124,0.039760252959570135,0.28959101545508514,9.86967674519007e-13,NA,22,35,35,0.02426385329478339,0.13351302732095996
ENSG00000237166.1,LINC01792,0.12559977313629442,NA,0.9000487425450994,0.008315264983074454,0.1778778955846261,1.473081516442219e-07,NA,9,9,9,2.88343562060129e-09,0.061566685493239987
ENSG00000113318.9,MSH3,0.12542872523761708,NA,0.9001841482318571,0.02544780890371881,0.13433317013638466,4.5990083453182815e-06,NA,64,64,64,0.13716909347088552,0.05953892537927701
ENSG00000221983.7,UBA52,-0.12499591260294617,NA,0.9005267862321917,0.0021958834605119533,0.10775232769003637,5.550950860067481e-05,NA,11,11,11,0.09883468403123871,0.020894158246972855
ENSG00000001617.11,SEMA3F,0.12465093844747334,NA,0.9007998997981612,0.010519714604545883,0.03417875443105882,0.02628904204491769,NA,38,39,39,0.10657310603305815,0.15681343687016366
ENSG00000143321.18,HDGF,0.12462596787280701,NA,0.9008196692793329,0.007272772078891481,0.035869228804502315,0.023565087234190082,NA,48,51,51,0.03219398408115153,0.2426056920973326
ENSG00000196214.10,ZNF766,-0.12434592636471627,NA,0.901041385461222,0.001996655348988247,0.049363914567473466,0.00812020959954146,NA,10,13,13,0.20935415632917986,0.03339788528744737
ENSG00000130348.11,QRSL1,-0.12367141921317082,NA,0.901575442064267,0.10303593586002927,0.4156366272377081,2.1229379505174147e-19,NA,26,27,27,0.49550086588311293,0.1767423465260818
ENSG00000189366.9,ALG1L,0.1236523858608716,NA,0.9015905128076295,0.15178563665457967,0.2761743254529662,8.845828298238148e-12,NA,99,105,105,4.027199308917831e-05,0.149949758433043
ENSG00000250790.4,RP11-46H11.3,0.12345161953932646,NA,0.9017494831643911,0.009157285408991488,0.10769494217800517,2.324049410240872e-05,NA,15,17,17,0.29796584595612274,0.06429532318799533
ENSG00000182923.16,CEP63,-0.1233465005372695,NA,0.901832719838411,0.012649768831057971,0.0415269306277193,0.013790069731544298,NA,37,41,41,0.0029750401596129418,0.05346123604633237
ENSG00000213672.7,NCKIPSD,-0.1231579233923949,NA,0.9019820441116772,0.03081381530328052,0.31009431159004325,1.4394535618077664e-13,NA,19,20,20,0.10479944740214497,0.0746138988266448
ENSG00000254081.1,LINC01299,-0.12305573457952676,NA,0.9020629634803097,0.0358208760210547,0.2639193824763226,2.5294388399121877e-11,NA,71,72,72,0.10681193212077869,0.07362858637073606
ENSG00000196569.11,LAMA2,0.12284431908055651,NA,0.9022303784665471,0.011179652965356474,0.11104756455975068,4.0873211357597466e-05,NA,24,24,24,1.177208911097986e-06,0.1287333070593783
ENSG00000171903.16,CYP4F11,0.1226986411660972,NA,0.9023457399286515,0.028146939076020613,0.1286209904619554,7.174733362031441e-06,NA,31,35,35,3.855638121695617e-06,0.1964875110510624
ENSG00000007933.12,FMO3,-0.12260380071654395,NA,0.9024208446171802,0.014093428308870613,0.07951170014158808,0.0004382449453935732,NA,21,21,21,0.49613908378514404,0.049201393917567005
ENSG00000118939.17,UCHL3,0.12258195513178,NA,0.9024381443831092,0.03334245588210765,0.2405957547754668,2.2293179575394955e-10,NA,20,20,20,0.20312064142831787,0.06033049539190963
ENSG00000168038.10,ULK4,0.12248070443140015,NA,0.9025183265640049,0.03748170653932649,0.16653287591706087,2.3660667094670397e-07,NA,66,70,70,9.563004439999415e-07,0.06691504360372741
ENSG00000164253.13,WDR41,-0.1222703395672857,NA,0.9026849213166671,0.017796750082011432,0.1094055104558672,4.7701966849083945e-05,NA,55,58,58,0.00018840112124874538,0.05627386662490626
ENSG00000171130.17,ATP6V0E2,-0.12225832226695559,NA,0.9026944383356694,0.014755434300584395,0.34442981692720137,2.3205961712109147e-15,NA,51,53,53,0.060037326285972616,0.035565482120737464
ENSG00000197841.14,ZNF181,-0.121835608854534,NA,0.9030292122249426,0.02354756465954244,0.1994958324674358,6.140891816890876e-09,NA,15,15,15,0.6121892179273465,0.056725013156784285
ENSG00000134153.9,EMC7,-0.12142216247453942,NA,0.9033566636356931,0.007715339345233969,0.027483036596678497,0.048455817150359945,NA,44,48,48,0.00025836571006793374,0.1333411755592401
ENSG00000120438.11,TCP1,-0.12113771399635362,NA,0.90358195767119,0.0029928690350270177,0.11799003743006785,1.602489769723437e-05,NA,7,9,9,0.8393055284253599,0.0466208985810936
ENSG00000184110.14,EIF3C,0.12110703343377481,NA,0.903606258310181,0.008680974488027161,0.06610616561594618,0.002034060943063601,NA,10,12,12,0.0012997114225003759,0.07751704475509316
ENSG00000160194.17,NDUFV3,0.12084610246398211,NA,0.903812933177333,0.014484459977261284,0.11683112354929535,2.7684550384161462e-05,NA,29,34,34,0.008575478470377011,0.057965935278257635
ENSG00000103852.12,TTC23,0.12072286344277465,NA,0.903910549032685,0.05608681016271902,0.25303988514357395,8.32724236834769e-11,NA,43,49,49,0.000505762601295485,0.11874405691841004
ENSG00000188385.11,JAKMIP3,0.12069064175681278,NA,0.9039360716060402,0.06612225337399646,0.4351287408082842,1.187241049235814e-20,NA,39,45,45,0.052412360857492214,0.17197828129085455
ENSG00000230606.10,AC159540.1,0.12051687212093704,NA,0.9040737150364001,0.023938782346495796,0.22114815726006135,1.9739987429635948e-09,NA,58,62,62,0.4678848418696788,0.09138141108507856
ENSG00000116830.11,TTF2,-0.11977266497644742,NA,0.9046632362222458,0.01080376382570996,0.17472848487929554,5.845913210341303e-08,NA,10,10,10,0.4572641257561074,0.08789880909470417
ENSG00000163161.12,ERCC3,0.11957022064343241,NA,0.9048236109248607,0.009773536862418235,0.08424528063142417,0.0002791470683108813,NA,21,21,21,0.12349148150330697,0.02921832304796833
ENSG00000110400.10,NECTIN1,0.11908455319183721,NA,0.9052083684221829,0.0008987462010765553,0.07172605058674908,0.0010570767990695249,NA,10,10,10,0.6636407360715546,0.008326976153554743
ENSG00000251575.2,C5orf64-AS1,-0.11899358122944038,NA,0.9052804410875127,0.025988212784834364,0.1814645454848154,7.378417050255492e-08,NA,37,37,37,0.003435268853713872,0.12110842676447856
ENSG00000163945.15,UVSSA,0.11883867005449934,NA,0.9054031714791508,0.020339043958503562,0.24166743735005405,1.6872923500510195e-10,NA,36,40,40,0.020198362102492515,0.38286282395841903
ENSG00000111850.10,SMIM8,0.1188193222291517,NA,0.9054185002040134,0.06406408091557586,0.14528451927230146,6.654959451851572e-07,NA,163,169,169,4.0364984909162773e-05,0.1909355206097469
ENSG00000183688.4,RFLNB,0.11878848537221336,NA,0.9054429314305931,0.09463847414222884,0.313261743020149,6.743977103418528e-14,NA,58,61,61,7.227047539557439e-12,0.2516875435095707
ENSG00000064666.14,CNN2,0.11852144062324117,NA,0.905654507666671,0.00015259493884079497,0.10009965281268368,8.517532880891644e-05,NA,5,8,8,0.8386401785821583,0.0041913584029970525
ENSG00000277159.1,RP11-88E10.4,-0.11841394626194113,NA,0.9057396760044841,0.003659735424074709,0.03910831508292637,0.014281485868669903,NA,12,13,13,0.7958814730503218,0.05640173108821352
ENSG00000151726.13,ACSL1,0.11823664902324747,NA,0.9058801518908547,0.01624818737498987,0.05132159676185594,0.006499001965044973,NA,82,98,98,5.499684836701276e-11,0.09974778877793036
ENSG00000079332.14,SAR1A,-0.11768549611784608,NA,0.9063168593335887,0.01887499620529529,0.15463744124340922,3.947436400159864e-07,NA,14,14,14,0.02881299846840506,0.09190623655102216
ENSG00000169752.16,NRG4,-0.11762937496563977,NA,0.9063613286662224,0.028090641490323677,0.2597139854175557,9.86670170371713e-12,NA,24,25,25,0.44573537139626773,0.12028287423248175
ENSG00000117122.13,MFAP2,-0.1175724633343148,NA,0.9064064246592574,0.0162394028911034,0.10784711172528737,4.027371463493318e-05,NA,24,25,25,0.11639346856267198,0.12888188023652114
ENSG00000159685.10,CHCHD6,0.11717505954129716,NA,0.9067213303550556,0.0024456498622868477,0.03911146970866933,0.013393753374381432,NA,32,34,34,0.07664480628967694,0.04718333449961636
ENSG00000238142.1,RP11-108M9.4,-0.11679757450146604,NA,0.9070204658648185,0.056087889194795106,0.19616949349949686,9.582486668918416e-09,NA,25,29,29,1.2103863622850395e-05,0.14851927992177996
ENSG00000198892.6,SHISA4,0.11672961591623891,NA,0.9070743205959555,0.013855483128186713,0.12950463719220548,9.294645694771472e-06,NA,23,27,27,0.1355838705453552,0.10132852080950476
ENSG00000183891.5,TTC32,0.11654086753069484,NA,0.9072238991336694,0.034606529923855954,0.2642285109494379,1.6526949198114825e-12,NA,44,47,47,0.02781641653423001,0.03292940783649338
ENSG00000112167.9,SAYSD1,0.11621382452874335,NA,0.907483080602008,0.02216343372914676,0.053747627659267584,0.005561210582121894,NA,79,83,83,0.00194582165134258,0.1026625078923408
ENSG00000152926.14,ZNF117,0.11603286998152362,NA,0.9076264912543495,0.025208981782476127,0.11332671905889312,3.2683411388226035e-05,NA,45,47,47,0.03931101413900897,0.22436911579079552
ENSG00000172922.8,RNASEH2C,-0.11537583382082803,NA,0.9081472328479624,0.009066520567046994,0.17300108814873924,2.4599053895906914e-07,NA,23,24,24,0.04360426105741737,0.05342250521951631
ENSG00000235049.1,LINC00940,0.11534223968150052,NA,0.9081738593335877,0.09998278739127929,0.2316111969774103,3.238046268790902e-10,NA,233,275,275,1.0861269782448149e-13,0.3264965574650341
ENSG00000148399.12,DPH7,0.1152467287686408,NA,0.9082495611950154,0.004460802983349862,0.16290240877581272,4.804949772717188e-07,NA,8,9,9,0.79430500568969,0.021325953062444947
ENSG00000188086.13,PRSS45,-0.11517984123790699,NA,0.9083025766863286,0.034029399494942165,0.06548020810338094,0.001351736897869035,NA,19,20,20,0.0011059999123790235,0.1906525165443469
ENSG00000088836.12,SLC4A11,-0.11435805232338443,NA,0.9089539651815768,0.12943533084918118,0.21811769059586836,1.8618136055922024e-09,NA,118,126,126,1.4919766282471496e-06,0.3211152349501168
ENSG00000104341.16,LAPTM4B,0.11350793318904609,NA,0.9096278739557919,0.010986313320983055,0.15160264276509575,4.798950761632413e-07,NA,70,75,75,0.038169377232315255,0.12237777018622314
ENSG00000102890.14,ELMO3,0.11333894920864906,NA,0.9097618391642082,0.0038537160032189248,0.04787137005021122,0.009179729532733036,NA,5,5,5,0.681463538293549,0.06775251899840494
ENSG00000196268.11,ZNF493,0.11328710389371448,NA,0.9098029410210364,0.02690857606643459,0.09521223793208576,7.488666982748147e-05,NA,71,77,77,0.005075872375823249,0.06410917740507671
ENSG00000125812.15,GZF1,0.11304290557907636,NA,0.9099965394666284,0.009594019419666762,0.03226439959163499,0.0310667017151503,NA,19,21,21,0.22899516210432724,0.17704210367045295
ENSG00000163682.15,RPL9,0.11303121931525649,NA,0.9100058043760029,0.0717563589950136,0.5202723685446016,3.01661011442336e-26,NA,13,13,13,0.2957101548674719,0.13331959575842048
ENSG00000124299.13,PEPD,0.11267795446032475,NA,0.9102858797153823,0.011756982136705053,0.1805442775538127,9.818057338572325e-08,NA,15,15,15,0.08488041075427989,0.059391215266653974
ENSG00000164125.15,FAM198B,-0.11266159756597302,NA,0.910298848053917,0.008398293116580852,0.08437319379014843,0.00042446595817664985,NA,43,44,44,0.027980437198425388,0.062103162771736165
ENSG00000066651.18,TRMT11,0.11237692650038363,NA,0.9105245494139724,0.015061892572854655,0.1322023903882944,8.19478578486972e-06,NA,40,40,40,4.99636154058392e-12,0.0585864764876506
ENSG00000138231.12,DBR1,-0.11158876663849047,NA,0.9111494793134056,0.012305534918024866,0.033105209383329566,0.029339004781263025,NA,25,26,26,0.1186699435861412,0.2059225687994084
ENSG00000119328.11,FAM206A,0.11132973129403138,NA,0.91135487978223,0.0014973062446913016,0.03582498237787024,0.02544228580663325,NA,9,9,9,0.012231770018608045,0.05505337371294507
ENSG00000036448.9,MYOM2,0.11076578795917165,NA,0.9118020756171676,0.025312815405309063,0.22685747678607115,2.785887340248976e-10,NA,23,24,24,0.0009038563775218821,0.06269797229679915
ENSG00000225706.1,PTPRD-AS1,-0.11060261338886965,NA,0.9119314750192394,0.09921454835448952,0.19039685267117126,4.02527664998764e-08,NA,106,114,114,3.04495388382681e-07,0.3411102623452066
ENSG00000256124.5,LINC01152,-0.11018271434318687,NA,0.9122644707551893,0.009205253794623513,0.10142239430701587,4.5183774493817574e-05,NA,10,11,11,0.5586794754046317,0.07900702190110652
ENSG00000183454.16,GRIN2A,0.11014866815918083,NA,0.9122914713356293,0.008554511556128064,0.0689587794963476,0.0007269228095185759,NA,49,50,50,0.005426188097706164,0.07028349599183584
ENSG00000178802.17,MPI,-0.10986925842829023,NA,0.9125130631315496,0.013507420551752903,0.13886851804762054,3.869407489174038e-06,NA,15,16,16,0.11413320360922272,0.0614459057705177
ENSG00000133805.15,AMPD3,-0.10985382918380984,NA,0.9125252998185285,0.021361876324873713,0.2915355352271523,9.468924589870732e-13,NA,19,19,19,4.3795975778733676e-05,0.06892119118009743
ENSG00000213462.4,ERV3-1,-0.1097743518307993,NA,0.9125883323643376,0.16179315284096235,0.5210162670627655,3.2042710723686343e-27,NA,40,44,44,0.5927760078744029,0.0875087690260602
ENSG00000136731.12,UGGT1,0.10961151157355349,NA,0.9127174807577821,0.0006017987500929018,0.027452510177209042,0.04926527100282901,NA,3,3,3,0.7965995525263907,0.055506810367147726
ENSG00000074527.11,NTN4,-0.10792026322662253,NA,0.914058943266934,0.011590666802444216,0.032260647464636825,0.032103153163696566,NA,40,40,40,0.0014086662917830654,0.11637840272112088
ENSG00000178343.4,SHISA3,-0.10789317270262658,NA,0.9140804329017248,0.04970869129625503,0.11577445969076965,2.102719204161953e-05,NA,68,70,70,0.01251222843861914,0.21776465016391566
ENSG00000123104.11,ITPR2,0.10785166540071549,NA,0.9141133588082179,0.009670628232381184,0.054942484195367104,0.004649619582182788,NA,65,69,69,0.0011765517830039718,0.12330330928670588
ENSG00000255274.9,TMPRSS4-AS1,-0.10699489650322296,NA,0.914793028514542,0.08816967154407741,0.10881641433501896,6.389720461668761e-05,NA,26,28,28,0.004207818896490286,0.1799335340267102
ENSG00000037474.14,NSUN2,0.10691525972055822,NA,0.9148562070764078,0.10634126712571193,0.6107002601797271,2.5922143728295076e-35,NA,18,20,20,0.22042231320557282,0.1324465110907249
ENSG00000168481.8,LGI3,-0.10657687797833647,NA,0.9151246627883312,0.000841325639397631,0.07827153620572419,0.0008214973294278492,NA,17,19,19,0.34584933265228246,0.03065657889084087
ENSG00000165475.13,CRYL1,0.10628043580549468,NA,0.915359853631009,0.01462839169231287,0.03709403898153908,0.020578702773423992,NA,57,61,61,0.008948876525427214,0.11236451007866304
ENSG00000183569.17,SERHL2,-0.1058833539859878,NA,0.9156749014112336,0.014784937952485226,0.1026857955075388,0.00010359699821795075,NA,13,13,13,0.4000034117002068,0.09475235947993026
ENSG00000103351.12,CLUAP1,-0.10559343367830361,NA,0.9159049347901356,0.08555429719811987,0.4379376877337233,4.3789516796500666e-21,NA,9,9,9,0.34690537086387474,0.2817213386057184
ENSG00000205116.3,TMEM88B,-0.10529897892154622,NA,0.9161385731750764,0.0077871093001627995,0.033490384516894935,0.029557658941210513,NA,17,22,22,0.013877408728402296,0.10497843872164447
ENSG00000136872.17,ALDOB,0.10511897585992372,NA,0.9162814021651924,0.018947831021185788,0.059356084360167385,0.0031734205893255234,NA,15,15,15,0.0013594563567210882,0.11289235561497145
ENSG00000158109.14,TPRG1L,0.10509765858253299,NA,0.9162983171965688,0.0010151288141438813,0.05574023539522948,0.004575940926013474,NA,10,11,11,0.10343214753990736,0.017686659898961617
ENSG00000272720.1,CTA-228A9.3,0.10507485510242129,NA,0.9163164115558439,0.02141974178874022,0.10484031658702003,3.782098607311751e-05,NA,34,38,38,0.035297512220132304,0.12147676663504693
ENSG00000129562.10,DAD1,-0.10478907572947357,NA,0.9165431786276259,0.015761543692499477,0.25823967278680365,3.583546919515178e-11,NA,11,11,11,0.0776670239384982,0.07221934980923721
ENSG00000176273.14,SLC35G1,-0.10423505090611088,NA,0.9169828188615465,0.0013298476341640675,0.03873874787000193,0.015664993220305894,NA,18,18,18,0.7603313735816657,0.0159732485005792
ENSG00000145214.13,DGKQ,-0.10377070335992383,NA,0.917351316253098,0.0024360454407330507,0.05698967857498316,0.0034829297149498537,NA,44,47,47,2.7689400101513186e-06,0.12692855466800487
ENSG00000175395.15,ZNF25,0.10337119323618783,NA,0.9176683741115542,0.0031289760792320613,0.07076531561296358,0.0010856972293075851,NA,113,115,115,0.23897992133068124,0.027058276314014897
ENSG00000212694.8,LINC01089,-0.10324292123741569,NA,0.9177701756760542,0.011832318627246019,0.08695663100620847,0.0003034734617521789,NA,19,20,20,0.29885328970690683,0.03626816512515128
ENSG00000116147.16,TNR,0.10303427864263573,NA,0.9179357652988084,0.006834364572273829,0.04610276452809657,0.010235398959750274,NA,27,27,27,0.06774996780837297,0.09898473525142312
ENSG00000143190.21,POU2F1,-0.10286805778741837,NA,0.9180676893690849,0.001184759657419127,0.09552231128613836,0.00019034614261513228,NA,1,1,1,0.9180676893690849,0.05043701642574792
ENSG00000103021.9,CCDC113,0.10267136001537061,NA,0.9182238048878173,0.003017948768116659,0.0787030072117943,0.0006236281074660518,NA,26,26,26,0.39643100545925525,0.028590641218643825
ENSG00000189269.12,DRICH1,-0.10260845194415968,NA,0.9182737345693219,0.04192564976501857,0.20979991375710855,3.909726590199072e-09,NA,9,9,9,0.0004055331496017845,0.3012398227131537
ENSG00000141127.14,PRPSAP2,-0.1017566572411727,NA,0.918949829515473,0.06831448642706442,0.4549768535813984,1.4684893797892715e-22,NA,39,42,42,0.0013046308896077045,0.09495460994710796
ENSG00000070476.14,ZXDC,-0.10147460021674017,NA,0.91917371955601,0.022140858296111128,0.2725809795761559,6.997807319455304e-12,NA,22,23,23,0.3478513873080237,0.038392441002288086
ENSG00000006071.12,ABCC8,-0.10116695121554166,NA,0.9194179311945199,0.006608444807427599,0.08970905315679553,0.00026466614103836517,NA,27,27,27,0.06143173942714859,0.04881407005575602
ENSG00000107521.18,HPS1,0.10109247385532441,NA,0.9194770524331327,0.00260446512733781,0.07991004718601594,0.0006191038655853772,NA,16,16,16,0.585150790054348,0.013327042742098762
ENSG00000163918.10,RFC4,-0.10071433683115494,NA,0.9197772300995007,0.02295879818176917,0.1326095301556806,3.166637736267448e-06,NA,13,15,15,0.4519518986888328,0.07185174435962825
ENSG00000214413.7,BBIP1,-0.10029149092076138,NA,0.920112912694846,0.013607147224997625,0.08465727329947806,0.00031232670284636556,NA,30,30,30,0.018588312837725596,0.1006149985350169
ENSG00000227877.6,MRLN,-0.10028104860845678,NA,0.9201212026621279,0.004557324281930458,0.1144928357763666,3.719929027416674e-05,NA,2,2,2,0.916454151947362,0.06648600712225726
ENSG00000144115.16,THNSL2,0.10004429731021554,NA,0.9203091576635727,0.30782146354974166,0.6480133791254595,2.5332054812662924e-41,NA,56,60,60,0.1215771901205849,0.10090121296577237
ENSG00000278662.4,GOLGA6L10,-0.0999315299370138,NA,0.9203986843638539,0.23970380516201165,0.3438368241553315,3.087891674549643e-15,NA,50,57,57,2.4335166280628836e-16,0.3343112905646176
ENSG00000165555.9,NOXRED1,-0.09992657110642957,NA,0.9204026212326415,0.0036835113844828227,0.036488325329790135,0.023370192503106218,NA,22,22,22,0.676595032796725,0.014024229619102916
ENSG00000262223.6,RP11-1055B8.3,-0.09975261442549992,NA,0.9205407285413071,0.023046975797218566,0.16200258699116926,5.663283916483263e-07,NA,44,50,50,0.0199977022936651,0.13419203735681828
ENSG00000203965.12,EFCAB7,-0.09946830945724977,NA,0.9207664484787237,0.018066592196855365,0.1154452380056034,2.2339000725440928e-05,NA,36,39,39,0.023014717000726,0.07127794270250615
ENSG00000106526.10,ACTR3C,-0.09930165862609756,NA,0.9208987615346942,0.007143331742620369,0.029847514961046238,0.037453339254852835,NA,16,16,16,0.09341736007735701,0.07128643068679369
ENSG00000168827.14,GFM1,0.09894078051417902,NA,0.9211852895726546,0.015662916595761307,0.15340631153834022,9.044453378061184e-07,NA,40,43,43,0.07895299326632377,0.03820698650870269
ENSG00000144791.9,LIMD1,0.09820446194725836,NA,0.9217699394715936,0.0015983308403527178,0.06570654849672053,0.0021216344183183824,NA,4,4,4,0.9147986550778,0.017765735810669776
ENSG00000078699.21,CBFA2T2,0.09784514813992917,NA,0.9220552563260181,0.007079988524205983,0.12337465400056435,4.547887600182266e-06,NA,33,35,35,0.025593737582751224,0.06434743714312023
ENSG00000122733.12,PHF24,0.09783934594353186,NA,0.9220598637026273,0.0015072526744607318,0.031948383997591014,0.035289992164586365,NA,64,64,64,3.1866847731675386e-07,0.02225554609014345
ENSG00000197253.13,TPSB2,0.0977233287613467,NA,0.9221519905454908,0.07165641516408998,0.14101873251814265,9.743393063642411e-07,NA,36,40,40,1.412676209277776e-06,0.507570324541417
ENSG00000263280.1,LA16c-325D7.2,-0.09755336761677728,NA,0.9222869550578157,0.08381165361517226,0.3207315457755173,6.3273404185064685e-15,NA,16,17,17,1.9401133814202696e-05,0.2315915779854245
ENSG00000136425.12,CIB2,-0.09673789920022102,NA,0.922934541752,0.017921683678133668,0.19463584062050665,1.3866518729395205e-08,NA,10,11,11,0.17258153478057103,0.09785590260010334
ENSG00000221955.10,SLC12A8,-0.0967136292211618,NA,0.9229538160185629,0.004356987998614101,0.055495021039276636,0.0048897045415348716,NA,58,60,60,0.0607985949389903,0.043449985712655764
ENSG00000174136.11,RGMB,0.09669907249740324,NA,0.9229653764200003,0.015788404478814102,0.15238876608795987,1.244714784613307e-06,NA,24,24,24,0.3616378279619411,0.07577883561992525
ENSG00000109919.9,MTCH2,-0.09662737540387674,NA,0.9230223157871758,0.0070774597045812244,0.08189833564622358,0.00036455894076837966,NA,32,33,33,2.3087504377024857e-07,0.06799896087061011
ENSG00000114841.17,DNAH1,0.09632275214560133,NA,0.9232642415028198,0.003818969477217044,0.07265831375146996,0.0007810010140450304,NA,42,43,43,1.9288624392306273e-05,0.10453024973630946
ENSG00000131591.17,C1orf159,-0.09622412769438103,NA,0.9233425685970502,0.012741631965379573,0.167786451969634,2.059343126306141e-07,NA,7,11,11,0.574725016514806,0.12096479986687288
ENSG00000111816.7,FRK,-0.09595210835411229,NA,0.9235586089801026,0.006840527894980974,0.05696038307515231,0.0040419336007857295,NA,21,23,23,0.09577235876634071,0.08886710615884423
ENSG00000182149.20,IST1,-0.09587820072125001,NA,0.9236173081096376,0.0034532963258164595,0.11000567468266433,4.396608733327736e-05,NA,26,26,26,4.4691366837723605e-05,0.018249514959844646
ENSG00000103199.13,ZNF500,-0.0957700651747581,NA,0.9237031925791157,0.015743711680160984,0.097053169611186,0.00015976064922455118,NA,9,9,9,0.006223103848450404,0.09688245712412394
ENSG00000141569.10,TRIM65,-0.09546662931556865,NA,0.9239441951161266,0.010020363038057997,0.14588260860153965,1.5776299217301028e-06,NA,9,10,10,0.3766335358219547,0.05882873598353214
ENSG00000166750.9,SLFN5,-0.095226711650595,NA,0.9241347535625846,0.02083278883163149,0.18841531683598986,3.335666167815003e-08,NA,12,12,12,0.7150519797212411,0.06989459558422248
ENSG00000283440.1,RP11-445H22.3,0.09522643247229202,NA,0.9241349753069594,0.0031334474096948064,0.15549569235888447,4.155308508830769e-07,NA,3,4,4,0.7894242178125718,0.05503792091147289
ENSG00000129596.4,CDO1,0.09480710890182245,NA,0.9244680402227152,0.00637369858941246,0.05126590288668503,0.006903404445698264,NA,32,36,36,0.0350350901397097,0.14004909516832967
ENSG00000133597.10,ADCK2,-0.09461624653549028,NA,0.9246196448609683,0.0035914150924101626,0.08250783075347813,0.0005306039690933729,NA,8,8,8,0.7237500791563751,0.04439923064137337
ENSG00000275491.1,LINC01730,0.09460541947146282,NA,0.9246282450309681,0.09189342074984827,0.3442186404135854,3.150205153074968e-15,NA,9,9,9,0.21497353874322822,0.1517322714935589
ENSG00000160282.13,FTCD,0.09414787795431473,NA,0.9249916881455935,0.04060521896392717,0.13134718999382627,4.010955077485313e-06,NA,27,29,29,0.00014487385185528795,0.09275842899302927
ENSG00000139865.16,TTC6,0.09379023917765965,NA,0.9252757855132732,0.008554828439001502,0.039157148855946906,0.016185924512160617,NA,28,29,29,0.006166113610775648,0.0916964691059738
ENSG00000146729.9,GBAS,-0.09365070366455507,NA,0.9253866308676687,0.008711698127490206,0.0683769531707603,0.0012802933617249808,NA,27,28,28,0.016764792060394405,0.04039279931990099
ENSG00000122025.14,FLT3,0.09351390685954031,NA,0.9254953020310241,0.0231322089645291,0.21663084296680085,2.4399449115331084e-09,NA,20,20,20,0.2707174636181482,0.04014941749702385
ENSG00000132970.12,WASF3,0.09311914764060823,NA,0.9258089059109155,0.009063475538083583,0.07587784504312077,0.0009681043639604422,NA,23,23,23,2.5442479276142887e-05,0.03647367420884615
ENSG00000166451.13,CENPN,-0.0929920463374142,NA,0.9259098799460649,0.01621969589122052,0.09274188692328944,0.0001098514984829263,NA,26,26,26,0.2442311489433141,0.054282197311848836
ENSG00000196236.12,XPNPEP3,0.09280966578250253,NA,0.9260547719734863,0.010522431945992571,0.1444639445699263,1.3124108119588509e-06,NA,15,15,15,0.09709073259531548,0.045776286332052364
ENSG00000203279.3,RP11-498P14.5,0.09270528943832967,NA,0.9261376947468669,0.016971554243698603,0.030132619414633556,0.036401203725344805,NA,22,22,22,0.28726799964187366,0.030984802480666363
ENSG00000143198.12,MGST3,0.09269961418862607,NA,0.9261422035256547,0.0017846299561161169,0.0940910653753023,0.0002100069815514077,NA,5,5,5,0.29877395131269757,0.020296461981244254
ENSG00000022556.15,NLRP2,-0.09238606615632237,NA,0.926391309676961,0.011395407307657875,0.2888451138785901,1.1660212780867316e-13,NA,27,45,45,0.001546584344736586,0.09866410576987952
ENSG00000197312.11,DDI2,-0.09237241324505607,NA,0.9264021567411733,0.004050059679025327,0.07289614940984017,0.0010128872078937054,NA,24,25,25,0.005023363370262689,0.03957613219414
ENSG00000255267.3,RP11-430H10.2,0.09211492505620217,NA,0.9266067303892391,0.02862838672443435,0.03759710384054405,0.02209147467344012,NA,27,29,29,0.002058895264583942,0.22487202411382806
ENSG00000099785.10,MARCH2,0.09202716244352656,NA,0.9266764586497391,0.022071087719701413,0.3068545969746475,1.1246840880089744e-13,NA,18,19,19,0.0050251809450824565,0.05259086891993232
ENSG00000101474.11,APMAP,0.09176403044929242,NA,0.9268855229851789,0.0016179103986644573,0.08994402556947062,0.00027235546941064187,NA,11,11,11,0.8631897858429207,0.009203572247277756
ENSG00000108107.14,RPL28,-0.09170703346895213,NA,0.9269308090440193,0.0048615357973697,0.16711845469821499,1.428563766291812e-07,NA,6,6,6,0.39312891571151276,0.0953103176424791
ENSG00000014164.6,ZC3H3,-0.09129801542762965,NA,0.9272557948639305,0.004510267207266877,0.04883587117943687,0.008224746550759351,NA,16,17,17,0.10610004872701032,0.05593635677673542
ENSG00000143502.14,SUSD4,0.09129099945600756,NA,0.9272613695193883,0.0012652821960588082,0.16170065378133364,2.41870637454773e-07,NA,14,14,14,0.0069224368555359855,0.01453527036976747
ENSG00000119718.10,EIF2B2,-0.09127467534482721,NA,0.9272743401237938,0.0189375994987422,0.07618481428079106,0.0006415829694893618,NA,34,35,35,0.006350441414796058,0.19153138083618232
ENSG00000097046.12,CDC7,0.09118334850368266,NA,0.9273469057987686,0.006753407577906966,0.1874294986756624,2.2506475011426517e-08,NA,9,9,9,0.2749070373735816,0.023429158429223627
ENSG00000215117.5,LINC00588,0.09117530125384128,NA,0.9273532999404646,0.04078218383272662,0.17911785017295628,1.1931032943265125e-07,NA,50,51,51,0.15833760290664167,0.08548465914381911
ENSG00000175893.11,ZDHHC21,-0.09089323949302329,NA,0.9275774220604551,0.0014467928560551629,0.03590142507684791,0.02354992879421331,NA,7,7,7,0.4394658003236508,0.04086510436850487
ENSG00000121879.3,PIK3CA,-0.0908572115983061,NA,0.9276060497090709,0.003539455560357925,0.04004119011646392,0.017192384499225128,NA,19,19,19,0.7734153700271817,0.09480984251661684
ENSG00000263154.1,RP11-1055B8.2,-0.08904369737188932,NA,0.9290471825418469,0.0029738478330052745,0.04377820890473432,0.012068801441061249,NA,2,2,2,0.1152453724305582,0.07884586299754079
ENSG00000243725.6,TTC4,-0.08862058818763148,NA,0.9293834454536898,0.06658682689559094,0.20733877982137444,1.5570170669319463e-10,NA,56,60,60,0.15626811841182164,0.07948570056503465
ENSG00000130717.12,UCK1,0.08836522259797822,NA,0.9295864014829267,0.008761433930358685,0.17498230515814342,1.843089330407999e-07,NA,12,13,13,0.2695781019108596,0.07042038308305698
ENSG00000133433.10,GSTT2B,-0.08807155461909381,NA,0.9298198046309405,0.13481243195805037,0.5272567781071138,9.860889322721445e-27,NA,60,74,74,7.052244722938292e-09,0.1791187041918729
ENSG00000123453.17,SARDH,-0.08802530460702235,NA,0.9298565640358658,0.005645095707023282,0.027276770411440908,0.047365889433581686,NA,18,19,19,0.3944539157731821,0.09075238697944896
ENSG00000146205.13,ANO7,-0.08724060795068939,NA,0.9304802619083653,0.050107858942850476,0.1960496890777592,2.1074029439804788e-08,NA,32,44,44,0.07959349152748829,0.12553542135118267
ENSG00000081019.13,RSBN1,0.08697933660203479,NA,0.9306879368523867,0.0020186071970451974,0.04491275555392205,0.011997131553478237,NA,10,10,10,0.7786929679617521,0.016842754708590296
ENSG00000213015.8,ZNF580,-0.08662578841449496,NA,0.93096896675856,0.0031200999340989834,0.03965330257312835,0.015896980425676145,NA,14,16,16,0.0022883304614960305,0.039168906691214006
ENSG00000111665.11,CDCA3,0.08657213079233674,NA,0.9310116191135148,0.01836678770414931,0.11775252353568585,1.0802175364916755e-05,NA,25,30,30,0.2636513023238558,0.05580548076551056
ENSG00000251138.6,RP11-81H3.2,-0.08626030940917244,NA,0.931259489331795,0.0088465849137584,0.0892195216828622,0.00027567255444315233,NA,33,33,33,0.017926713582470048,0.19013446994644806
ENSG00000241945.7,PWP2,-0.0860432159559555,NA,0.9314320632236132,0.29556476699465695,0.5728257065831129,3.1511201700602675e-31,NA,44,50,50,0.13384553496614582,0.35626922383689985
ENSG00000105248.15,CCDC94,0.08586668758878183,NA,0.9315723931269857,0.019342762890309503,0.21751378894802254,2.683933608341856e-09,NA,21,22,22,0.01194487551510051,0.05060572065847502
ENSG00000116237.15,ICMT,-0.08544548690228011,NA,0.9319072320426798,0.01299424678155549,0.1512205144975114,2.3637632177888308e-07,NA,18,20,20,0.031188768562158187,0.18642303078949
ENSG00000205669.2,ACOT6,0.08542199576683883,NA,0.9319259069789786,0.012507246607587109,0.03835645188268253,0.021000152407012328,NA,11,12,12,0.026935552547409577,0.08035225488102528
ENSG00000187905.10,LRRC74B,-0.08527763396409237,NA,0.9320406722612139,0.01391121097796214,0.18959217869049647,2.942439389691124e-08,NA,9,11,11,0.14162119468134202,0.14595722136381667
ENSG00000185897.6,FFAR3,-0.08522874209462095,NA,0.9320795408216331,0.006185355433136411,0.034658630843488684,0.025916770964622214,NA,10,10,10,0.1254288112329958,0.1934308404892421
ENSG00000177239.14,MAN1B1,0.08486823030425819,NA,0.9323661491806894,0.006577762391981471,0.059791953469744835,0.0032114491461604877,NA,13,13,13,0.06725469201309103,0.03530858255022707
ENSG00000227733.9,RP4-565E6.1,0.084701931166247,NA,0.9324983606385218,0.02035400944595086,0.04779424788703154,0.006628990029093227,NA,10,10,10,0.20681726886626317,0.20725672533820894
ENSG00000198046.11,ZNF667,-0.08467024157868962,NA,0.9325235547662172,0.021982637440685716,0.25547176002746685,5.990505606974534e-11,NA,26,28,28,0.015530489369503877,0.12320976500171545
ENSG00000164124.10,TMEM144,-0.08452656457077036,NA,0.9326377829410164,0.0010730555462714142,0.03824035529512039,0.01814040874676995,NA,18,19,19,0.6630090147143224,0.0325873922805946
ENSG00000100350.14,FOXRED2,-0.08450613932117418,NA,0.9326540218313188,0.0150825556737196,0.17615605546635174,2.8746380405800684e-08,NA,11,11,11,0.5967947517363854,0.08117908466125075
ENSG00000235162.8,C12orf75,-0.08419749064684104,NA,0.9328994132794186,0.0033083907149141726,0.034245498706123555,0.023466560654945904,NA,29,29,29,0.12216938684234253,0.009002017719523612
ENSG00000127951.6,FGL2,-0.08409813696847844,NA,0.9329784058821885,0.005455658834369694,0.08108680925091932,0.0006215440191371295,NA,30,30,30,0.3017872561283508,0.05515643863539833
ENSG00000176920.11,FUT2,-0.08398910626598252,NA,0.933065093104829,0.007217176123769079,0.08852274227472297,0.00026740092141976145,NA,9,10,10,0.0232317529903067,0.04478175006780758
ENSG00000143374.16,TARS2,0.08373326182929505,NA,0.9332685108832789,0.011796290426938371,0.07303507038749202,0.0009121492837270539,NA,14,16,16,0.2477704413815186,0.057524394771362286
ENSG00000188997.7,KCTD21,0.08365216645090036,NA,0.9333329894187407,0.008934005706295,0.13578486930962674,3.880211057779918e-06,NA,32,33,33,0.06743581560672908,0.025432973574535063
ENSG00000232112.3,TMA7,0.08340505410360521,NA,0.9335294699229222,0.008191782866387762,0.1656297861376806,2.513861150024633e-07,NA,44,45,45,0.5697061995097294,0.018322393949231745
ENSG00000120910.14,PPP3CC,0.08310727612031489,NA,0.9337662403561405,0.017634838284787516,0.08365110569333535,0.0003587614684525812,NA,46,49,49,0.0017499928488900615,0.08478052237201562
ENSG00000141519.14,CCDC40,0.08263301589485253,NA,0.934143348152066,0.016800282022941343,0.050520443602205034,0.0064502396733781605,NA,38,41,41,0.0886802818534566,0.06985510219898755
ENSG00000262681.2,RP11-311F12.1,-0.08228875984700208,NA,0.9344170924493526,0.01198230641516851,0.1284688549527625,1.0260894561471714e-05,NA,9,9,9,0.8893747311514003,0.06700962404817748
ENSG00000183250.11,LINC01547,0.08187251805105639,NA,0.934748088471029,0.0019638825402991337,0.03379276421692358,0.018319064510659944,NA,16,16,16,0.5584986365871477,0.022487399138937228
ENSG00000115364.13,MRPL19,0.08175172106185662,NA,0.9348441485094923,0.14683793191735567,0.5522272548012099,3.598197550875278e-30,NA,28,32,32,0.3259322973452743,0.08203208221106584
ENSG00000121864.9,ZNF639,0.08166183501442996,NA,0.9349156282011521,0.007328048107110384,0.052234314756854236,0.005763839240231982,NA,10,11,11,0.20749018179261802,0.0639982109746218
ENSG00000245729.2,RP11-480D4.1,-0.08160261072969369,NA,0.9349627251590236,0.006900006900738907,0.06514968984683119,0.00232965361660798,NA,5,5,5,0.4442989540613761,0.04397068497881567
ENSG00000120322.3,PCDHB8,-0.08154691017679701,NA,0.9350070201455494,0.03968839440099405,0.06702245288590547,0.0011104079853854485,NA,47,53,53,0.0020757920040914966,0.3654067475419324
ENSG00000180992.6,MRPL14,0.08130055517491824,NA,0.9352029324877377,0.0027824258832123655,0.10353866566617094,9.941954219705728e-05,NA,17,18,18,2.216045146125789e-06,0.014466468332858425
ENSG00000137496.17,IL18BP,-0.08124673714275013,NA,0.9352457314786663,0.00411830926566709,0.04300076603680792,0.01327014535446069,NA,21,21,21,0.11989501468503065,0.09358824275810752
ENSG00000103226.17,NOMO3,0.08053641790088595,NA,0.9358106329947974,0.013794793625849122,0.060189100249677774,0.002132641297169227,NA,8,9,9,0.4993559711666211,0.12618892366569506
ENSG00000154310.16,TNIK,-0.08045629576475191,NA,0.9358743544286691,0.001577144603253222,0.08043969954202923,0.0006715258472405479,NA,4,4,4,0.5818829845725497,0.032888092803223336
ENSG00000261390.5,MAFTRR,0.08043590955519991,NA,0.9358905677227749,0.04302707606570602,0.2336374305689455,7.714518962529231e-10,NA,20,22,22,0.0294911500257772,0.07825351180623275
ENSG00000100731.15,PCNX1,0.07998001207644222,NA,0.9362531530881325,0.021611272738823604,0.17004029365472928,8.139210319062929e-08,NA,50,51,51,0.14205166095617738,0.06160957145411356
ENSG00000251432.6,RP11-420A23.1,0.07985210198047131,NA,0.9363548851996316,0.01644649208108499,0.09789138731232876,0.0001370568535154362,NA,25,25,25,0.020538634025053296,0.08208988938578908
ENSG00000168826.15,ZBTB49,0.07978858485315046,NA,0.9364054033454408,0.006534101566052334,0.048545047733242634,0.008548875010453512,NA,9,10,10,0.7018959630689383,0.08407858690225457
ENSG00000126088.13,UROD,-0.07963180079456608,NA,0.9365301021448086,0.0029921410916600878,0.059769495568252826,0.0036014177620191713,NA,19,21,21,0.07356770939304043,0.0647866382984033
ENSG00000082684.14,SEMA5B,0.07890833816792682,NA,0.9371055310254393,0.00662908188118374,0.07073343442547089,0.0013001818750878436,NA,48,49,49,0.01568939482782376,0.050199724200974835
ENSG00000120915.13,EPHX2,0.07864033122015769,NA,0.9373187071822442,0.008268704456069857,0.13109674550599354,2.551977387687466e-06,NA,10,10,10,0.0014514103001723965,0.04139837789312348
ENSG00000233208.5,LINC00642,0.07846193526177184,NA,0.9374606081027108,0.01466858105344183,0.031441352447342766,0.034444872087834,NA,15,17,17,0.34619820830481574,0.1360002767082682
ENSG00000153774.8,CFDP1,-0.07844888026272176,NA,0.9374709924764509,0.002422939023043914,0.04882453513722602,0.008678967972890273,NA,14,15,15,0.7205484126350938,0.03754176553853855
ENSG00000198231.12,DDX42,-0.07814350778672813,NA,0.9377138987736571,0.026847188611487244,0.2171333265212036,1.1743796707051851e-09,NA,37,37,37,0.695277555931771,0.038826071651243715
ENSG00000272894.5,RP5-1159O4.1,0.07791426067145282,NA,0.9378962555211477,0.012725532772973863,0.11674225586353625,1.5685632975403198e-05,NA,31,35,35,0.02173946056654865,0.13091719197842985
ENSG00000122085.16,MTERF4,-0.07782945292051555,NA,0.9379637174603516,0.05565581206388692,0.3262743287804077,1.727593320650698e-14,NA,37,39,39,0.1429806972651174,0.10040846223768166
ENSG00000124532.14,MRS2,-0.07738963646596926,NA,0.9383135849597829,0.038697875731808024,0.14347575609776292,3.425536960040253e-06,NA,63,92,92,0.00045646235659312437,0.1220116037730842
ENSG00000066557.5,LRRC40,0.07577551677808618,NA,0.9395976948900465,0.00844658148438814,0.031096823341944475,0.02633114002168501,NA,108,109,109,2.0707890670865574e-06,0.11770154058199522
ENSG00000108829.9,LRRC59,-0.07508315602025772,NA,0.9401485495400281,0.0015173746244896847,0.028191327585356783,0.04601784322458292,NA,8,10,10,0.6347375905890416,0.0771730728085137
ENSG00000269978.1,RP11-338N10.3,-0.07489680654198226,NA,0.9402968174327497,0.017767399251503935,0.17123106678158026,2.746456163707368e-07,NA,8,10,10,0.4606471133867268,0.048385907108264896
ENSG00000215012.8,C22orf29,0.07482489082935632,NA,0.9403540373103834,0.008497869079282176,0.23908202140091114,1.12040601246529e-10,NA,16,16,16,0.7428306943397207,0.0758294419738961
ENSG00000163347.5,CLDN1,0.07478453641391616,NA,0.9403861455149654,0.022122699744488092,0.05465542272210579,0.0048765092073840425,NA,63,70,70,0.006049689661463626,0.2464112198523851
ENSG00000223685.5,LINC00571,0.0745869736045585,NA,0.940543338809049,0.01221564921968145,0.02974571672877525,0.03552513029193512,NA,26,28,28,0.14578654286705334,0.04252931055316925
ENSG00000099256.18,PRTFDC1,0.07423320984686954,NA,0.9408248211040747,0.004060013739331399,0.10094881424890992,3.659021546136321e-05,NA,5,5,5,0.23772488074434972,0.0467577710862672
ENSG00000103479.15,RBL2,0.07414288614725878,NA,0.9408966909360754,0.012826901561928441,0.3366146794388932,4.6440455721703995e-15,NA,25,25,25,0.2596874068605811,0.0252512501946088
ENSG00000205307.11,SAP25,0.0735353644945698,NA,0.9413801034429763,0.013089789315367958,0.21434405332681566,4.639973479307885e-09,NA,7,7,7,0.8105106367790934,0.04785350548242343
ENSG00000100726.14,TELO2,0.07326627451656165,NA,0.94159422858472,0.00913784921738085,0.1352146216537012,6.235439532320213e-06,NA,18,20,20,0.05162413423824353,0.0437368650085091
ENSG00000131899.10,LLGL1,0.07321152929467904,NA,0.9416377919596237,0.002664262711617574,0.07888820582289181,0.0007282034109209049,NA,17,18,18,0.00450361230321481,0.04496364629807671
ENSG00000162073.13,PAQR4,-0.07316261603406625,NA,0.941676714713468,0.010302597958273329,0.030246123914637664,0.039183516226087074,NA,65,74,74,7.676082722552466e-08,0.05019589448272968
ENSG00000004534.14,RBM6,-0.07300206676636332,NA,0.9418044728593536,0.012990133095749572,0.26538456856977416,7.231955352387337e-12,NA,36,36,36,0.1565139678331304,0.017457524006379267
ENSG00000101166.15,PRELID3B,0.07298113320945229,NA,0.9418211309866913,0.0008905464690582546,0.0425434126794872,0.01163153846843584,NA,3,3,3,0.8948544561071706,0.05294799878361536
ENSG00000228392.1,RP11-343J18.1,0.0728161484003067,NA,0.941952420504496,0.00033632515479801534,0.06763344123302523,0.0014974643274247336,NA,1,2,2,0.941952420504496,0.02766563122316271
ENSG00000160221.16,C21orf33,-0.07265464290412026,NA,0.9420809428265307,0.3304455778647292,0.6100454123946429,1.3838722309059743e-35,NA,40,46,46,2.160082983097609e-05,0.15841884995121602
ENSG00000153898.12,MCOLN2,0.07248023734864507,NA,0.9422197324095785,0.03271473220477718,0.17054783964818135,1.793668124143647e-07,NA,27,27,27,0.19898965628792242,0.1830982655191604
ENSG00000167526.13,RPL13,-0.07238434454987953,NA,0.9422960433501262,0.005834813734985209,0.031297467447670126,0.03309931622246405,NA,25,26,26,1.6863453609105804e-09,0.06020857300600309
ENSG00000205710.3,C17orf107,-0.0719590549670217,NA,0.9426344927409529,0.007613100849636241,0.029065091507923236,0.04270099528138288,NA,35,36,36,0.00024285802232801597,0.15685427470242536
ENSG00000221914.9,PPP2R2A,-0.07188421066652552,NA,0.9426940556023415,0.0026782144792818286,0.14202062905496712,3.180649516556936e-06,NA,7,7,7,0.6755187986390783,0.04219238861459791
ENSG00000134250.19,NOTCH2,0.0716869632368429,NA,0.9428510312981153,0.01457305436380532,0.04414550358084306,0.012264829946483754,NA,71,90,90,0.010443093166195055,0.2545409430966415
ENSG00000237094.11,RP4-669L17.10,0.07143667328155755,NA,0.9430502230951531,0.0009586144142368835,0.05102741640117316,0.005461111461811365,NA,3,4,4,0.4186322982539047,0.07079445889439571
ENSG00000115252.18,PDE1A,-0.07139124573389317,NA,0.9430863767255053,0.019171043160278584,0.22304230160997307,4.0452491827383873e-10,NA,22,23,23,0.17130852172172106,0.11629534847646793
ENSG00000170092.14,SPDYE5,0.0713691497872199,NA,0.9431039618837419,0.01304591096998144,0.06731782488891114,0.0013144277145263198,NA,13,15,15,0.30641889468433214,0.06504880142574683
ENSG00000165269.12,AQP7,0.07102288974157991,NA,0.9433795381105163,0.01890126817232852,0.09452353615992316,0.0002023651960450473,NA,3,3,3,0.7275783635759023,0.2103112861803064
ENSG00000163576.17,EFHB,0.07100452972046581,NA,0.9433941503969161,0.04963306465705654,0.3391218640812469,1.8631732667478524e-15,NA,28,29,29,0.170547768657198,0.12469176190132875
ENSG00000135426.15,TESPA1,-0.07095211312668766,NA,0.9434358675714165,0.009676940656896902,0.03700173241011813,0.023262878539433682,NA,29,29,29,0.0005146688593829813,0.07918119153882408
ENSG00000154263.17,ABCA10,0.07060587309055606,NA,0.9437114360310453,0.026643589782119927,0.13252332095645233,8.038310503208154e-06,NA,40,41,41,0.0008463104263739002,0.15473175004590708
ENSG00000188820.12,FAM26F,0.07010822207187044,NA,0.9441075225405327,0.03464907624017879,0.13931423805228382,3.941829487607464e-06,NA,36,36,36,0.1904766077887442,0.34773251948909906
ENSG00000142632.16,ARHGEF19,0.06992929294127924,NA,0.9442499377984859,0.031354658061962595,0.18349753726172285,7.056031618953307e-08,NA,11,13,13,0.5529837590054474,0.08259459194856754
ENSG00000163412.12,EIF4E3,0.06968753505009577,NA,0.9444423632498956,0.007361261631347405,0.21106027435866828,6.849136776613195e-09,NA,3,3,3,0.6590498412859984,0.06250152321633574
ENSG00000132530.16,XAF1,-0.06949978301180283,NA,0.9445918053689295,0.003024084114543287,0.03086093662124892,0.02488832406079199,NA,5,6,6,0.02373212502244992,0.06227534910647192
ENSG00000160867.14,FGFR4,0.06930132271998296,NA,0.9447497728927184,0.06012005308394905,0.09395437582202099,9.554453208805498e-05,NA,89,103,103,0.0039389087412642345,0.34243884599195146
ENSG00000037637.10,FBXO42,0.06884129155426046,NA,0.9451159501239756,0.002367689627071313,0.09375601280371516,0.00021095103174516853,NA,9,9,9,0.8020476530181718,0.010493735663564414
ENSG00000188000.3,OR7D2,0.06883906284956724,NA,0.9451177241644945,0.027953596157710658,0.04594557172613304,0.010093871898181131,NA,17,17,17,5.021335185221439e-05,0.1784476163630143
ENSG00000138399.17,FASTKD1,-0.06877842646886233,NA,0.9451659905989438,0.018578902049536463,0.11863153694090292,1.313355556659984e-05,NA,10,10,10,0.23160372626787873,0.08130233802125766
ENSG00000160294.10,MCM3AP,-0.06870084131778349,NA,0.9452277485133165,0.0023140327265383336,0.06043560794179255,0.00339576433740241,NA,25,29,29,0.00303014170774254,0.02437278956978672
ENSG00000161714.11,PLCD3,-0.06845868199990206,NA,0.945420509864414,0.01021301903672176,0.02885005225438054,0.04097513576254641,NA,24,28,28,2.5144248730510543e-12,0.33625471845682625
ENSG00000269190.5,FBXO17,0.06835226854311986,NA,0.9455052171009094,0.0061716778478694174,0.03169409200865037,0.032162067271252245,NA,49,49,49,0.03221064100459518,0.07278662126315305
ENSG00000248197.1,LINC00290,0.06821815876812184,NA,0.9456119720371732,0.008123244323552636,0.12004823247419168,1.7839801183695775e-05,NA,5,5,5,0.05097314201655608,0.06277640777311855
ENSG00000170852.10,KBTBD2,0.0680201450501394,NA,0.945769597991288,0.00804502774503497,0.10937327464297186,5.705480190893181e-05,NA,25,25,25,0.07670077531887491,0.051233451756936985
ENSG00000124380.10,SNRNP27,0.06798133343167607,NA,0.9458004936674401,0.04006682993970723,0.23331190828462475,7.55645703684641e-11,NA,53,54,54,0.06875837967135039,0.055551442009768866
ENSG00000114491.13,UMPS,-0.067979410893735,NA,0.9458020240903966,0.014711629532456225,0.07558098695289604,0.0007621236435281693,NA,9,10,10,0.07881221223221521,0.0709123980723247
ENSG00000145041.15,DCAF1,-0.06789730205585422,NA,0.9458673864463275,0.005794648407305361,0.046963309020191885,0.008514050538162456,NA,9,9,9,0.16417528404715076,0.20742506155273646
ENSG00000196418.12,ZNF124,-0.06787394141595397,NA,0.9458859826409405,0.06063874730315423,0.2682258106448993,2.1487736301740317e-11,NA,7,7,7,0.44152809553985095,0.1622596777157682
ENSG00000120896.13,SORBS3,0.0672051047423655,NA,0.9464184213179413,0.006307715689251725,0.031473193839769736,0.03530872060537142,NA,43,48,48,4.293482316482745e-07,0.03873377338322792
ENSG00000116221.15,MRPL37,0.06711843845047301,NA,0.9464874152330089,0.007642658078947543,0.13451844967155266,6.68112058526806e-06,NA,34,38,38,0.00025748235970437237,0.033659127150018266
ENSG00000168028.13,RPSA,0.06697343662554421,NA,0.9466028502093085,0.004299328235684291,0.0490652751418602,0.00620919314594791,NA,9,9,9,0.25548373582991546,0.022601737605787955
ENSG00000111581.9,NUP107,-0.06689514170857709,NA,0.9466651807316504,0.014111843257583039,0.2477292217452945,1.0509717510984591e-10,NA,6,7,7,0.6681332312396175,0.06779005962564942
ENSG00000272636.3,DOC2B,0.06686046911719852,NA,0.9466927836589285,0.0029026719982059405,0.1080940313230098,6.692189473431701e-05,NA,32,41,41,0.01015850649932669,0.061107006106057564
ENSG00000173156.6,RHOD,-0.06673813516747545,NA,0.9467901744999299,0.017368214916486147,0.12823795381136985,4.7997660858855915e-06,NA,2,4,4,0.2963034617103526,0.3705760548984824
ENSG00000225506.2,CYP4A22-AS1,0.06671719228660279,NA,0.9468068473412983,0.04468258945287991,0.09069215540116772,0.00022973400301494126,NA,48,55,55,3.7332526750019096e-07,0.17978952563792105
ENSG00000241058.3,NSUN6,0.06624384475187917,NA,0.9471836903479747,0.016354645760123424,0.21491304689864052,3.7136944279100375e-09,NA,28,29,29,0.06319428726867898,0.057711238040036465
ENSG00000204604.9,ZNF468,0.06619852521568327,NA,0.9472197709083566,0.016155346748935526,0.14556248791531262,1.7547875257320972e-06,NA,33,36,36,0.0017022085534073544,0.06075717132401166
ENSG00000141076.17,UTP4,0.06614335197072635,NA,0.9472636965171425,0.041374474216226524,0.2565301445235887,7.63440135225993e-12,NA,30,33,33,0.014636901534664001,0.2721253074732713
ENSG00000162878.12,PKDCC,-0.06568711220851298,NA,0.9476269332199002,0.013169973819370637,0.10286296095560052,4.398080523313102e-05,NA,27,28,28,3.557437220109728e-05,0.04966985440336845
ENSG00000116977.18,LGALS8,-0.06499339956143857,NA,0.9481792555319005,0.008165824645291385,0.06582917634873736,0.0018816147219327185,NA,35,37,37,0.007175729773840805,0.26060985864664765
ENSG00000145782.12,ATG12,-0.06460105693226019,NA,0.9484916431594381,0.0076312913823530955,0.12724078673320302,7.317337278383385e-06,NA,23,25,25,0.5677792342359771,0.06301385479828941
ENSG00000205464.11,ATP6AP1L,-0.06451009809753946,NA,0.9485640667421328,0.06291058829117965,0.3604204535252548,1.6748283080832336e-16,NA,28,32,32,0.012141031263112986,0.07029369835303621
ENSG00000166938.12,DIS3L,0.06436149646002307,NA,0.9486823878062958,0.04082360912690322,0.2743352342580254,6.887011300011082e-12,NA,44,46,46,0.07279547054645136,0.10525867790016398
ENSG00000183921.7,SDR42E2,-0.06430711954851387,NA,0.9487256846110301,0.010864115046451888,0.05309125007192203,0.004362925371229718,NA,42,45,45,1.159346148486782e-06,0.10843657370556373
ENSG00000257949.6,TEN1,0.06419748025646109,NA,0.9488129837222672,0.05804591955073282,0.2611342245282929,1.5680468582346315e-11,NA,34,34,34,9.61505056720748e-05,0.09936820127098484
ENSG00000249846.6,LINC02021,-0.06416715945402049,NA,0.9488371264447537,0.014583843605357662,0.1351932369114879,3.097531669353399e-06,NA,2,2,2,0.9251508729672234,0.08747039515759845
ENSG00000162852.13,CNST,-0.06403698906722056,NA,0.9489407742193893,0.0018071833155818195,0.05073789999054267,0.005696681449227993,NA,11,14,14,0.4977894726041159,0.0657997356110454
ENSG00000242616.3,GNG10,0.06403476790880673,NA,0.9489425428175237,0.028460267023544747,0.2808988809771457,1.6141648199800245e-12,NA,12,13,13,0.4050012267181565,0.0982548050745764
ENSG00000163013.11,FBXO41,0.06399803778709355,NA,0.948971789225764,0.0012488336899376677,0.032967183612149314,0.027375158837111762,NA,24,25,25,0.1994074353876496,0.015099334992304118
ENSG00000026103.21,FAS,0.06374685720988206,NA,0.9491717939348197,0.04016970043349753,0.26671144470981284,2.8054844675543882e-12,NA,29,29,29,0.008764594872801481,0.056748311000999474
ENSG00000226363.3,HAGLROS,0.06304400306930767,NA,0.9497314646070603,0.0251070144961807,0.15697423448565165,7.236958426706037e-07,NA,26,27,27,0.026633063504076855,0.08052213005581699
ENSG00000254470.2,AP5B1,0.06274363845727902,NA,0.949970647365023,0.00439055712204427,0.0988387838245196,0.00011892653418701982,NA,10,10,10,0.5452000931501236,0.04075916041191858
ENSG00000229352.1,AC007563.3,0.06251437483227283,NA,0.9501532148693341,0.029890975045098474,0.07466070634845197,0.0007688353838415764,NA,15,16,16,0.0009884929965102986,0.3037428916179352
ENSG00000176533.12,GNG7,0.0625046150010751,NA,0.9501609868887823,0.004931273708288276,0.08847605275961007,0.0002635439553315085,NA,14,15,15,0.3058137435410526,0.054570274443350664
ENSG00000213471.9,TTLL13P,0.06232592915052586,NA,0.9503032801363742,0.011049128941855273,0.03521637627833872,0.023632882105183845,NA,10,11,11,0.34466484399440644,0.05716769118851489
ENSG00000136869.13,TLR4,-0.06208089894678564,NA,0.9504984080861376,0.007021029325620486,0.12571941502072034,1.3133715991791364e-05,NA,13,13,13,0.26982198823121506,0.09883125025767926
ENSG00000013573.16,DDX11,0.061752416570423074,NA,0.9507599971971871,0.2799834244846268,0.7019015116628529,1.2826314268205423e-45,NA,38,41,41,0.001364237381730293,0.07701120914967555
ENSG00000075539.13,FRYL,0.06165649490265748,NA,0.9508363860534162,0.0029424008478183827,0.03352912144710987,0.029215217301068068,NA,26,27,27,0.050828656331313754,0.04369277307952346
ENSG00000178996.13,SNX18,-0.06142032878009352,NA,0.9510244628973304,0.003550349666855461,0.1255983169817411,6.953730342302265e-06,NA,14,16,16,0.24408435021771124,0.031369330179249026
ENSG00000050327.14,ARHGEF5,-0.060484053978029105,NA,0.9517701156788166,0.04704932950898467,0.2331030326132172,2.032918092951559e-10,NA,7,8,8,0.7589074928706241,0.21824623211232624
ENSG00000178586.4,OR6B3,0.05998211241596185,NA,0.9521698812596631,0.02441074259080838,0.08294989338168171,0.0004243170215775214,NA,30,31,31,0.028488839622890845,0.2856850087161117
ENSG00000230563.2,RP5-828H9.1,0.059875718730649466,NA,0.9522546188353544,0.11279903768276395,0.2643481904630379,1.3118536441261578e-11,NA,40,41,41,0.007646186829590616,0.4045696558476776
ENSG00000198189.10,HSD17B11,-0.05984604225597763,NA,0.9522782548505919,0.0026389505590630694,0.03645609422262003,0.0232410661706192,NA,11,11,11,0.6433626798537951,0.14061262578352635
ENSG00000132507.17,EIF5A,-0.05964130081122162,NA,0.9524413236070256,0.009507275498390609,0.22785661538519314,5.686436485515762e-10,NA,13,13,13,0.11863528977439344,0.07275774838863877
ENSG00000197147.13,LRRC8B,0.05963851359851723,NA,0.9524435435294556,0.015706166111609993,0.06806626642471847,0.001648634349722063,NA,62,63,63,6.421013912184257e-05,0.2239768521769127
ENSG00000103202.12,NME4,-0.05915769970304695,NA,0.9528265013499092,0.004779366666069141,0.12438965796446436,1.732197810375905e-05,NA,10,11,11,0.015484507261494742,0.0373352326972461
ENSG00000136111.12,TBC1D4,-0.05898254594703917,NA,0.9529660102222586,0.012715430204700754,0.08607301682775995,0.0003308925777675906,NA,69,69,69,0.001970080341159096,0.06382835071859176
ENSG00000185522.8,LMNTD2,-0.05808601645863699,NA,0.9536801128356543,0.009910268852042443,0.02848394602533373,0.041124037716597436,NA,13,13,13,0.04354359559784602,0.0677643084347504
ENSG00000180537.12,RNF182,-0.057947022421921575,NA,0.9537908275463876,0.002188545853709734,0.03567853982556999,0.02496333167059047,NA,13,15,15,0.7273623726033565,0.03031805506818825
ENSG00000156414.18,TDRD9,0.05783892868276633,NA,0.9538769294615257,0.0013825273829169522,0.058984750358110925,0.003346764133471157,NA,11,12,12,0.7156355481209367,0.024152954842637582
ENSG00000125247.15,TMTC4,0.05718908350542588,NA,0.9543945740298364,0.0006919373670366755,0.030267080942185918,0.038938731463496704,NA,18,18,18,0.6144074328624267,0.08652300075136676
ENSG00000197134.11,ZNF257,-0.05676009246271194,NA,0.954736304260692,0.04578766458150958,0.1471098270411032,2.043023595955204e-06,NA,23,24,24,0.000790419833570426,0.11326633653200854
ENSG00000264247.1,LINC00909,-0.05661393912048446,NA,0.9548527305423625,0.03377513650473092,0.33506844272679537,6.525317607833758e-15,NA,21,23,23,3.570984931259634e-05,0.27818503243531684
ENSG00000126603.8,GLIS2,-0.0563547177306263,NA,0.9550592296081913,0.006339948257346569,0.12935146827856725,5.466906170180177e-06,NA,8,8,8,0.045254292959791255,0.09939761762149196
ENSG00000140104.13,C14orf79,0.056245858862372204,NA,0.9551459488714691,0.01673593291064081,0.22254375838282628,1.4914638511768635e-09,NA,18,20,20,0.5679757780653694,0.1260706840042694
ENSG00000139168.7,ZCRB1,-0.056089300287160915,NA,0.9552706676548992,0.0007158616365728344,0.030920420441799525,0.03581610400575981,NA,4,4,4,0.26140143737560506,0.023394425353090543
ENSG00000149679.11,CABLES2,0.05601774318232501,NA,0.9553276723393874,0.0289868915451926,0.06916553486990701,0.001490296498343807,NA,55,60,60,0.0015671089345061465,0.3238245619637964
ENSG00000189143.9,CLDN4,0.0560042752792983,NA,0.9553384013284022,0.01980866075235887,0.0512270782603518,0.006536504057980823,NA,21,26,26,0.021109939920076766,0.07418893819782665
ENSG00000165502.6,RPL36AL,0.056004069662853734,NA,0.9553385651295088,0.040225033725812834,0.4252049200545879,4.970780936867964e-21,NA,15,15,15,0.1341723659606295,0.08722911761551454
ENSG00000226690.7,AC005281.1,0.055925787440199104,NA,0.9554009275679615,0.0027945745077626346,0.04125119794595948,0.007799014905154576,NA,4,4,4,0.6161390503434547,0.05308515914594334
ENSG00000273492.5,AP000230.1,-0.0559237678776726,NA,0.9554025364278331,0.1207199581864099,0.346602424937215,3.0574601449469398e-15,NA,50,52,52,0.020598019941275712,0.22175481861213275
ENSG00000203710.10,CR1,0.05587951552535296,NA,0.9554377895705477,0.004724135913551733,0.057055425476929975,0.0037867087576128854,NA,21,21,21,0.7746646746089747,0.03818601466953519
ENSG00000260588.1,RP11-930P14.2,-0.05585175088757599,NA,0.9554599080039489,0.004272290984434983,0.06867994611719905,0.0015215605880255804,NA,5,5,5,0.8712656750309269,0.04196399201083457
ENSG00000155749.12,ALS2CR12,-0.054708945713560074,NA,0.9563703423896007,0.006532020900608789,0.050756192572379344,0.00671363513703894,NA,12,12,12,0.2948124286005751,0.039357978249846735
ENSG00000196352.14,CD55,0.05449017288682203,NA,0.9565446378591668,0.0064038746688705635,0.0653640248443514,0.002025498887714983,NA,58,58,58,0.03593937941920535,0.09861370716007482
ENSG00000146540.14,C7orf50,0.05422189893644428,NA,0.9567583735188498,0.011876151538609317,0.21413940922239885,4.332000019914488e-09,NA,6,7,7,0.5829606840181702,0.18546128101370984
ENSG00000042317.16,SPATA7,0.054044397881090805,NA,0.9568997915128982,0.05336693901327083,0.3570103741015761,5.604284790079855e-16,NA,16,17,17,0.07693300491874232,0.07675409493583082
ENSG00000113273.15,ARSB,-0.05403135249928927,NA,0.9569101850355229,0.020906517422527124,0.1491960320141717,1.9195620255545364e-06,NA,38,41,41,0.023710334477793416,0.07920500195207178
ENSG00000084092.6,NOA1,-0.05400163971126229,NA,0.9569338578490899,0.00014083349022952422,0.057623275527657086,0.0018433648510736685,NA,3,3,3,0.9312289152717995,0.006726863785102346
ENSG00000214193.10,SH3D21,-0.05390739265566622,NA,0.9570089467447829,0.010005173357378836,0.08352128909294207,0.0003101390005712481,NA,10,10,10,6.378400310447195e-07,0.06214080681586224
ENSG00000120008.15,WDR11,0.05381733006755648,NA,0.957080702131076,0.003950430507007599,0.09455266575696772,0.0001923772065326043,NA,37,37,37,0.9094310469375443,0.05494086134631363
ENSG00000128039.10,SRD5A3,0.05357313126037879,NA,0.9572752639082447,0.010141734921360118,0.205954871236066,1.2688402143088301e-08,NA,3,3,3,0.7306524162033906,0.15044228586451158
ENSG00000227124.8,ZNF717,0.05303910852397197,NA,0.9577007474552772,0.00873271645246114,0.11466274994334635,3.258145700017976e-05,NA,14,21,21,0.5329486869086641,0.10649062457860743
ENSG00000169299.13,PGM2,0.05294063248469452,NA,0.957779209731082,0.008916688659105075,0.06465489769945706,0.0023531863949870584,NA,33,33,33,0.15905872155502543,0.0480357834366372
ENSG00000185745.9,IFIT1,-0.052707860181708845,NA,0.9579646762138719,0.012007304523319419,0.1288019461582595,4.606648634778872e-06,NA,11,11,11,0.44829355756581235,0.06075300372749572
ENSG00000072786.12,STK10,-0.052606893412473474,NA,0.9580451244294351,0.001001469561968592,0.0330367766482,0.0308117374407374,NA,12,13,13,0.05766769555016801,0.01921593641119911
ENSG00000076258.9,FMO4,-0.05193107004054419,NA,0.9585836173569996,0.029021766962288913,0.2189000755514022,1.1311817528052585e-09,NA,100,103,103,0.01521941225495647,0.11357556042190298
ENSG00000230839.1,RP5-968J1.1,0.05164348485175057,NA,0.9588127696478476,0.03538099566020177,0.1875118754555103,5.637368499300586e-08,NA,22,26,26,0.08924263967572961,0.14229719234252844
ENSG00000161179.13,YDJC,0.05144023048723677,NA,0.9589747278978384,0.002615799672288032,0.17690634459143836,1.2313738466583205e-07,NA,13,13,13,0.653072967987893,0.034554812104184464
ENSG00000175106.16,TVP23C,-0.05125295026724392,NA,0.9591239590420845,0.013631358534992978,0.1139764170723912,3.4930053000533926e-05,NA,28,29,29,0.04614657475157391,0.11526610482263215
ENSG00000170955.9,PRKCDBP,0.05120344142370797,NA,0.9591634095844013,0.009775550991107947,0.1270604847470492,7.843300615789065e-06,NA,20,22,22,0.005626348691054811,0.15525246005572998
ENSG00000115091.11,ACTR3,-0.05102684697242953,NA,0.9593041276192051,0.01977057557134786,0.04007510150286838,0.01657580437598169,NA,113,125,125,0.0011387952478339946,0.20741812394095932
ENSG00000100151.15,PICK1,0.05090264640992856,NA,0.9594030967154732,0.017789320087609434,0.2568063847682803,4.22257406573971e-11,NA,13,13,13,0.49754660968907893,0.027919859773086118
ENSG00000067560.10,RHOA,0.05045024975057198,NA,0.9597635938281952,0.0005697653545897303,0.04685450952669306,0.008906751555086214,NA,16,16,16,0.24554354412234136,0.006125831327425991
ENSG00000183542.5,KLRC4,0.050253702522912135,NA,0.9599202171552204,0.02210861600557532,0.10444973288440686,6.922254709678305e-05,NA,15,16,16,0.0046898295185591795,0.059600615347420165
ENSG00000120675.5,DNAJC15,-0.0497563244490248,NA,0.9603165715848734,0.12363734543968392,0.6100174769880102,3.5312291608552787e-36,NA,53,53,53,0.796054640861384,0.09261698309834268
ENSG00000214087.8,ARL16,0.049597303141580396,NA,0.9604432957702063,0.031827036308361444,0.2273200539649495,1.176693319523722e-09,NA,15,15,15,0.5174030098766209,0.12976295942473232
ENSG00000146574.15,CCZ1B,0.049544249588649746,NA,0.9604855744042191,0.13711154421300514,0.3998328870175258,9.366050728747495e-19,NA,53,59,59,9.437968827581185e-07,0.16125656767839372
ENSG00000283608.1,RP1-111D6.5,0.04953073400943728,NA,0.9604963450527052,0.028808193465142927,0.1595836291843337,3.183843790974718e-07,NA,5,5,5,0.8335810115515727,0.11405994139773537
ENSG00000196724.12,ZNF418,-0.049397485567349374,NA,0.9606025319441928,0.006912544125883827,0.05156316294940193,0.003262089733464809,NA,11,11,11,0.0034867252476208244,0.0493501534207847
ENSG00000122481.16,RWDD3,-0.04938415251039192,NA,0.9606131572166539,0.0768200329463502,0.3924892949004307,3.772575969432262e-18,NA,64,68,68,0.0008539290039148828,0.1118167130909677
ENSG00000117226.11,GBP3,-0.0490062681513473,NA,0.9609143006811467,0.1278677538311494,0.4514142578131827,9.757541921125548e-22,NA,28,28,28,0.4808820616180002,0.05894928089286465
ENSG00000089335.20,ZNF302,0.048997737797705505,NA,0.960921098751963,0.06391165383801037,0.24842113326672066,1.0690011248356652e-10,NA,68,74,74,0.010502997741052076,0.10221787972137884
ENSG00000254531.1,FLJ20021,0.04875627745311842,NA,0.961113526244186,0.006397027987999388,0.029465425138588783,0.04152659861153697,NA,57,59,59,0.000976572646156712,0.06505513410108989
ENSG00000000457.13,SCYL3,-0.048417766713406744,NA,0.9613833001203582,0.0035846449570759373,0.044695369462610136,0.011339152517491869,NA,17,18,18,0.17665936453023834,0.03280601290020898
ENSG00000154079.5,SDHAF4,-0.04840797374138936,NA,0.9613911046300456,0.01592254104040441,0.18053470826046805,1.0894194677154794e-07,NA,44,46,46,4.695875644952999e-08,0.07226947455262854
ENSG00000260807.6,RP11-161M6.2,-0.04814292050721421,NA,0.9616023402250384,0.0034452013286672798,0.06815483236737174,0.0014728054979105266,NA,12,12,12,0.02128547223067859,0.19758391608912806
ENSG00000170577.7,SIX2,0.04788620642751882,NA,0.9618069324559411,0.03522574627407361,0.0449339619882816,0.008788331502391158,NA,31,33,33,0.10587213454434957,0.3729736190175279
ENSG00000226237.1,GAS1RR,0.04733464134969541,NA,0.9622465192106286,0.09244994878575291,0.15434481804586722,8.374713110201937e-07,NA,92,97,97,2.369276812384917e-08,0.25132790340940164
ENSG00000253288.1,RP11-238K6.1,0.04682509680428697,NA,0.9626526266111893,0.016116186133558967,0.04219340107451741,0.013855135342988163,NA,61,64,64,0.0003689912555510649,0.07290447920765818
ENSG00000163064.6,EN1,-0.04674248535384286,NA,0.9627184689172954,0.006451848241870442,0.04029116730130907,0.011386595759929731,NA,22,23,23,0.00010402313141845769,0.13866470917981555
ENSG00000259915.2,RP11-410E4.1,0.04647317345276264,NA,0.9629331154606593,0.02955930561301855,0.2103737955523667,2.967496313404444e-09,NA,64,65,65,0.22928371921769386,0.053386036314305975
ENSG00000260077.1,RP11-254F7.2,0.04607823589389782,NA,0.9632478928202666,0.029015324168165393,0.10897233541641488,1.7224040007892168e-05,NA,15,16,16,0.14100204583864018,0.31315469578776445
ENSG00000164692.17,COL1A2,0.046048483467258906,NA,0.9632716066503821,0.022937756350518347,0.09340056393742176,0.00019096280049248798,NA,36,38,38,0.07815203887317473,0.1043898295890928
ENSG00000067365.14,METTL22,-0.046033276221080645,NA,0.9632837274239284,0.017409167037203497,0.10335903809030997,9.194747340013935e-05,NA,16,16,16,0.03532654041140338,0.13590442519213455
ENSG00000159063.12,ALG8,-0.04589967186408357,NA,0.9633902157176573,0.024350045912519474,0.05020617557062048,0.00666799329982421,NA,34,36,36,0.002105158140573293,0.28577148280062203
ENSG00000006712.14,PAF1,-0.04579161018516874,NA,0.963476345900067,0.0015565687941384862,0.058317603413052824,0.0031328444722526555,NA,3,3,3,0.9108450786084695,0.11293931221277123
ENSG00000101412.12,E2F1,0.04556013905557132,NA,0.9636608405855237,0.04371169955891957,0.28900858070317725,5.016939314733396e-13,NA,33,34,34,0.0015162450872031699,0.09049799583334972
ENSG00000145088.8,EAF2,0.04526778843806738,NA,0.9638938622096288,0.004747968139465354,0.06575137593288334,0.001985640234089823,NA,16,17,17,0.015498699896305557,0.07122838985681658
ENSG00000116906.11,GNPAT,-0.04523973632491377,NA,0.963916221650902,0.018518342095531302,0.13621196735266547,3.1181344929397564e-06,NA,34,34,34,0.07268601995441158,0.10075546879229896
ENSG00000131845.14,ZNF304,-0.04521184134245222,NA,0.9639384558764691,0.03616537880777972,0.2054793319624589,8.757722294901852e-09,NA,27,29,29,0.11419817683464886,0.06713002270028348
ENSG00000263627.1,PPP4R1-AS1,0.0450180499697275,NA,0.9640929217438321,0.11799257911888537,0.338380504135658,4.680201571405949e-15,NA,26,28,28,0.10786143759472859,0.15634967454292986
ENSG00000249926.2,RP11-495K9.6,-0.044771455593682556,NA,0.9642894774061327,0.033328948754904025,0.1172402592861292,1.9717490194522697e-05,NA,9,9,9,0.28874760673602096,0.18754081818878465
ENSG00000183117.18,CSMD1,-0.04409914737672895,NA,0.9648253724199295,0.0008920573644278357,0.03974309942934647,0.01834033219203746,NA,5,5,5,0.4640138603652848,0.05179242829730922
ENSG00000154781.15,CCDC174,-0.04392448992383576,NA,0.9649645940006293,0.07028764495436227,0.343173994842903,1.5229263267102877e-15,NA,38,39,39,0.007981817092692469,0.111170300344474
ENSG00000165699.13,TSC1,-0.04369887819343135,NA,0.965144433436193,0.0012072797642088257,0.032879220913014685,0.03047016005840407,NA,10,10,10,0.617074867604702,0.011215851676107644
ENSG00000105146.12,AURKC,-0.042779962595873765,NA,0.9658769368966288,0.01444895123617984,0.1540703465594492,6.620644843823085e-07,NA,6,6,6,0.07796003932482982,0.10314463790317972
ENSG00000142188.16,TMEM50B,0.04271139165911938,NA,0.9659315986267922,0.04092558619995774,0.2696727853148741,1.2737372725539689e-11,NA,47,49,49,0.00042084936355612384,0.12274030718755699
ENSG00000263063.1,RP11-388C12.1,0.04247950114440607,NA,0.96611645271473,0.023562376197991113,0.13836382557463253,3.4291245256513813e-06,NA,11,11,11,0.6974445427999343,0.06423117140520236
ENSG00000184293.7,CLECL1,-0.042454061362786684,NA,0.9661367324289695,0.03276442887312667,0.18355297913930324,6.615596249792672e-08,NA,20,20,20,0.5973236109438029,0.06892424048922925
ENSG00000223496.2,EXOSC6,-0.04244437001261354,NA,0.9661444580439777,0.08775762280505184,0.6071932992698572,3.084824536067326e-35,NA,10,10,10,0.112199768419976,0.1109966468007298
ENSG00000275874.1,PICSAR,-0.04236410806675316,NA,0.9662084402616798,0.005454095938185022,0.03170672120752468,0.031794512721059584,NA,8,10,10,0.4029909383329012,0.055583218235944976
ENSG00000164199.16,ADGRV1,0.042325969550501136,NA,0.9662388431250226,0.0037555515666411405,0.10609766530480176,7.825181511918354e-05,NA,16,16,16,0.25313769011549003,0.034382044203952335
ENSG00000204237.4,OXLD1,-0.04181902553364177,NA,0.9666429680968125,0.0011646220837582752,0.046857107686413234,0.010110999861770454,NA,6,6,6,0.8977177939513732,0.023659662333235708
ENSG00000061337.15,LZTS1,-0.041373350992008145,NA,0.9669982574283753,0.002402878539870872,0.04657603466509865,0.009236045919819762,NA,12,13,13,0.16126936323702945,0.06939825433009418
ENSG00000212123.3,PRR22,0.041340879912354855,NA,0.9670241434541617,0.0025612034201981156,0.12629666665907266,8.331569987237503e-06,NA,8,9,9,0.9295196921061994,0.03020602313497297
ENSG00000186409.14,CCDC30,-0.041280228139891836,NA,0.9670724952916794,0.0007588756798022757,0.033765789799769914,0.028243882643567964,NA,10,12,12,0.6829339633464164,0.020585489496284592
ENSG00000111142.13,METAP2,0.0411555952947894,NA,0.9671718534780153,0.0015069431092416584,0.03177705561521443,0.033781568070725784,NA,7,8,8,0.33161930332512934,0.03822987093149138
ENSG00000125818.17,PSMF1,-0.041016792892718486,NA,0.9672825083352468,0.003102356261408365,0.05021584895900714,0.006077655862179492,NA,7,7,7,0.7656885546745574,0.045486193497066944
ENSG00000135480.15,KRT7,-0.040931221025849444,NA,0.9673507275170546,0.021086930559589642,0.16824042663188876,2.17114576455189e-07,NA,23,23,23,0.00039868975378994564,0.17223339097538448
ENSG00000227467.3,LINC01537,-0.04090469230446158,NA,0.9673718766620679,0.04285975841514736,0.12157166665830675,1.7143947303080995e-05,NA,51,55,55,0.002454049269073677,0.16605842041182567
ENSG00000006607.13,FARP2,0.04084457726702806,NA,0.9674198014707284,0.0028865741010848088,0.02659836526452881,0.04717091857049871,NA,5,6,6,0.7179533914975349,0.06377005343000569
ENSG00000241043.1,GVQW1,-0.040467308937679074,NA,0.9677205693709796,0.04052978740937831,0.2135241050403544,2.1829943065893127e-09,NA,12,12,12,0.13357216468343014,0.11570707870966873
ENSG00000166800.9,LDHAL6A,0.040247546202432156,NA,0.9678957719278832,0.029407093108064844,0.14428215882543904,2.0518769766833977e-06,NA,23,24,24,0.026353322109570986,0.05059343425772221
ENSG00000119878.5,CRIPT,-0.039844128413671825,NA,0.9682173947591937,0.010789000570732645,0.09739964559897443,9.477905091529449e-05,NA,18,18,18,0.006963898597037325,0.07605372897408383
ENSG00000169914.5,OTUD3,-0.03962748138541649,NA,0.9683901176649545,0.03380544338893932,0.2347164438574002,2.255278397990066e-10,NA,10,10,10,0.0002985677997661243,0.1907056100749981
ENSG00000242247.10,ARFGAP3,-0.03959776149182624,NA,0.968413812111717,0.02408049928245185,0.16294980473197715,2.714211869339783e-07,NA,29,30,30,0.7932583305839233,0.07510903597897099
ENSG00000131044.16,TTLL9,0.039342196926907116,NA,0.9686175643592709,0.005213242619763745,0.06612416810512597,0.001588903307690922,NA,25,25,25,0.02458393519813887,0.08970991026344706
ENSG00000115687.13,PASK,-0.03905249031423464,NA,0.9688485392851002,0.0024670074498856966,0.07887712230414325,0.0006990815125285723,NA,15,15,15,0.569861865678986,0.06464308755858739
ENSG00000135951.14,TSGA10,0.03890888066843674,NA,0.9689630361824482,0.014217239606288744,0.06873853842933955,0.0011414377834691204,NA,37,37,37,0.0011938865207288866,0.13301215089276444
ENSG00000184925.11,LCN12,-0.038842095953846134,NA,0.9690162824242836,0.023649756527263765,0.2053606043621135,3.873271129877422e-09,NA,15,15,15,0.1372568133862503,0.056369463027436235
ENSG00000160999.10,SH2B2,-0.038769452626225415,NA,0.9690741997888677,0.003476855521262754,0.042909619377335305,0.012259270889983544,NA,3,3,3,0.6255374248569294,0.04195597456857805
ENSG00000263956.6,NBPF11,0.03740153692784849,NA,0.970164847238464,0.011311501765743399,0.1304709824689847,7.254755651964153e-06,NA,10,17,17,0.36037113195305914,0.20192973734491645
ENSG00000274512.5,TBC1D3L,0.03739860653877259,NA,0.9701671837160013,0.0013663241180044113,0.33011357481424275,4.137651357114529e-15,NA,1,7,7,0.9701671837160013,0.06558227177724632
ENSG00000237232.7,ZNF295-AS1,-0.03727639172866697,NA,0.9702646290786006,0.06139799396168854,0.2979159729687801,1.002083833611308e-12,NA,12,12,12,0.5454134250022876,0.3411101903727898
ENSG00000136108.14,CKAP2,-0.03718855196347369,NA,0.9703346665092847,0.04044488287300496,0.3037378132241988,8.320203882370998e-14,NA,27,27,27,0.08788894032491838,0.0968951364790994
ENSG00000261402.1,RP11-378I6.1,0.03694810249386823,NA,0.9705263856661205,0.03413419325958944,0.12679775640161473,2.0769983692733656e-06,NA,45,47,47,0.0027780600756600357,0.07895660262825173
ENSG00000136824.18,SMC2,-0.036571536238297654,NA,0.9708266391333384,0.06748579963780726,0.3272697679630013,5.5208547795431e-15,NA,52,54,54,0.012267580277082992,0.19228344976194994
ENSG00000100987.14,VSX1,0.03656795183804462,NA,0.970829497159236,0.0317311900229036,0.1911127428279985,1.4999638377958892e-08,NA,18,18,18,0.41445821457173004,0.06825411193859916
ENSG00000126217.20,MCF2L,-0.03595584639159553,NA,0.9713175656446116,0.07317612415934605,0.3904498676857471,5.827968615152619e-18,NA,26,28,28,0.0034150366214561064,0.1149185829160551
ENSG00000177963.14,RIC8A,-0.035925314390236426,NA,0.971341910928317,0.007983184529444402,0.08778325984686483,0.0003672264795774538,NA,37,42,42,0.05272514531799217,0.044738326470392296
ENSG00000158865.12,SLC5A11,-0.03591216885479923,NA,0.9713523927842898,0.0014122764528889473,0.04876879184244235,0.00773601135327525,NA,10,10,10,0.35905194690328457,0.013639880508724318
ENSG00000159212.12,CLIC6,0.0358908815817576,NA,0.9713693666283059,0.005675463727327886,0.028890504524917888,0.0421934634843365,NA,16,16,16,0.16132410387517904,0.0928749709337066
ENSG00000171314.8,PGAM1,-0.035816408508593085,NA,0.9714287493635231,0.002430578669476072,0.039450624793731764,0.016556910812546153,NA,10,10,10,0.03129634101615527,0.045356049267401916
ENSG00000110756.17,HPS5,-0.03581348181757151,NA,0.9714310830279157,0.0017002149138706114,0.06334587153372229,0.0024704097707126025,NA,10,11,11,0.027780581705301004,0.034018744742315435
ENSG00000079101.16,CLUL1,-0.035569243764152596,NA,0.9716258327166813,0.017079115186886793,0.0664555095584142,0.002021242037592502,NA,10,10,10,0.014068105106885881,0.13631351054634558
ENSG00000185187.12,SIGIRR,0.035242457998963014,NA,0.9718864066566678,0.029353672041868655,0.2946250658625598,4.992554671886755e-14,NA,7,8,8,0.7730546459643697,0.17756516892086865
ENSG00000080345.17,RIF1,0.03513871506035611,NA,0.971969130308227,0.002735066553573101,0.04131092256130492,0.013803695896835723,NA,9,9,9,0.5527149816365691,0.02053817154453181
ENSG00000128040.10,SPINK2,-0.03471119829050694,NA,0.9723100313648927,0.014562130909653245,0.07911246984039055,0.0004887858851788757,NA,18,19,19,0.3644495684674762,0.2258685943038065
ENSG00000125991.19,ERGIC3,0.034535666637357826,NA,0.9724500014387366,0.01205854820004853,0.18953694365962093,3.914140719250676e-08,NA,15,15,15,0.002965257138094153,0.08167557967973922
ENSG00000116199.11,FAM20B,0.03450272128914208,NA,0.9724762723668762,0.0028513776160305373,0.13246195906488195,1.0717580925131826e-06,NA,12,12,12,0.13901021867985947,0.015780836013606185
ENSG00000176165.10,FOXG1,-0.03369579836726189,NA,0.9731197294888418,0.00033948719181097284,0.033503302873946664,0.02703223204483246,NA,1,1,1,0.9731197294888418,0.028053652896246374
ENSG00000260778.5,RP11-304L19.13,0.03336580318056663,NA,0.9733828795789194,0.0065769813526042505,0.09073577953877217,0.0002825159778999147,NA,10,11,11,0.8498556160678473,0.05188235635205076
ENSG00000133739.15,LRRCC1,-0.033194493833070014,NA,0.9735194889891648,0.021427753487194154,0.2796819667327826,4.373597651772094e-12,NA,38,38,38,8.576224973877085e-05,0.09573703172733583
ENSG00000184470.20,TXNRD2,0.03319191132502962,NA,0.9735215483976294,0.008654670186828847,0.11379369230411025,3.8135469424099466e-05,NA,12,13,13,0.037367889786526366,0.04921140098006134
ENSG00000214491.8,SEC14L6,-0.03309423256201268,NA,0.9735994419811591,0.04055324401606961,0.186422399581108,2.350576117828957e-08,NA,15,16,16,0.022809602559742768,0.11286929694635595
ENSG00000229921.6,KIF25-AS1,0.03236101069498057,NA,0.9741841551492261,0.17703438478148106,0.4261887730976103,2.0025716355978853e-20,NA,29,31,31,0.00040573634661552574,0.1939715468930743
ENSG00000211456.10,SACM1L,-0.031926995998636444,NA,0.974530269916406,0.005268767617188275,0.08253638486165585,0.0005081379436741047,NA,61,63,63,0.019375189530526693,0.07145610703662197
ENSG00000066422.4,ZBTB11,0.03137827496528384,NA,0.9749678666849357,0.004998020492523774,0.06730688433528131,0.0013660075079175136,NA,22,22,22,0.2879047028894737,0.0551265295601527
ENSG00000244509.3,APOBEC3C,0.03135631562112631,NA,0.9749853790891941,0.031010974491341547,0.05741023546790616,0.003986379259783698,NA,47,58,58,0.0010478171933373066,0.22259026849327976
ENSG00000117682.16,DHDDS,0.031198454152694014,NA,0.9751112727231233,0.002053311033991137,0.027989863113677838,0.0418302305645658,NA,26,26,26,0.5490449209159034,0.0604238238423891
ENSG00000104899.7,AMH,-0.031090804043120653,NA,0.9751971234363033,0.0738547818830596,0.19690752740120185,2.5042675584836867e-08,NA,48,61,61,0.00031257299342045424,0.2370408225721492
ENSG00000089006.16,SNX5,0.031012270073434874,NA,0.9752597542766545,0.003674213762934442,0.04824516233958545,0.009400804772658523,NA,32,36,36,0.01633272385298888,0.0539318661607002
ENSG00000165806.19,CASP7,0.030866275874237924,NA,0.975376185054701,0.03223277014561249,0.1435464176468207,3.395524860696694e-06,NA,72,74,74,0.028134062784170216,0.13018689276460996
ENSG00000095906.16,NUBP2,-0.030732416573198643,NA,0.9754829386790015,0.0009016966095777498,0.06157380850804948,0.0019590426878333808,NA,6,8,8,0.28794769556133304,0.03664167138669452
ENSG00000145692.14,BHMT,0.030700481809431475,NA,0.9755084069164844,0.023961782607054866,0.08274575543193677,0.0003369869094437878,NA,21,21,21,0.224543857693434,0.11709947093136415
ENSG00000204446.4,C9orf170,-0.03025744398494431,NA,0.9758617358000176,0.004402612909701946,0.03416244158976441,0.02446267440679374,NA,7,7,7,0.8384517949490639,0.1225725627506632
ENSG00000170091.10,HMP19,-0.03003748572164609,NA,0.9760371573661872,0.0006782174364133631,0.038418806399003504,0.018242539560830728,NA,23,25,25,0.0002328749994860859,0.03329641992067265
ENSG00000171606.17,ZNF274,0.029931354833602833,NA,0.9761217995051762,0.0008794272920245197,0.0354941158647626,0.02525008837749813,NA,2,2,2,0.9006025604520731,0.03399211291628485
ENSG00000198732.10,SMOC1,-0.02959475117665463,NA,0.9763902514359237,0.010949751011742268,0.05924670979600601,0.0036085737907843776,NA,32,35,35,0.00016824156497642937,0.4490389991103443
ENSG00000074219.13,TEAD2,0.029117628635471567,NA,0.9767707761407961,0.012727141163801477,0.13854962155144804,2.9277865517255813e-06,NA,22,22,22,0.2409216119049833,0.08329003591335997
ENSG00000176783.14,RUFY1,-0.028584296585383417,NA,0.9771961364771572,0.00356589677210064,0.041907533572821516,0.014415001706017885,NA,7,7,7,0.09444934868744047,0.032940328857643565
ENSG00000226751.2,AF127936.5,-0.02845372782743482,NA,0.9773002729157054,0.041854348447139283,0.11763510660202005,1.8453809484502166e-05,NA,68,79,79,0.030267660920555123,0.15843798336412687
ENSG00000174226.8,SNX31,-0.028445419956279607,NA,0.9773068989558042,0.11014790386323745,0.4143799124367445,1.8340101711479353e-19,NA,5,5,5,0.9705741715139248,0.11568802355581945
ENSG00000115009.11,CCL20,-0.02824164654941453,NA,0.9774694213160036,0.028140981368683468,0.13059398354092175,9.984296138695556e-06,NA,19,19,19,0.10269943371598422,0.15877647972483605
ENSG00000120162.9,MOB3B,-0.028094080898629137,NA,0.9775871149703481,0.0013630012195637719,0.11193379622990172,4.026073327728861e-05,NA,5,5,5,0.9117686309069137,0.01482069914296644
ENSG00000225489.6,RP11-390F4.3,-0.0278757459578965,NA,0.9777612528464372,0.00842811347458005,0.04710551999092207,0.009421538284883256,NA,7,8,8,0.05400357703802987,0.048792765903802535
ENSG00000272426.1,RP11-108M9.6,-0.027765786722318966,NA,0.9778489536762063,0.016715552417341937,0.13799144357075385,3.6706243216448264e-06,NA,10,12,12,0.43734091060131786,0.13272187780936262
ENSG00000181458.10,TMEM45A,-0.027512719313788587,NA,0.9780507951428458,0.010444318849181997,0.0913867897168486,0.00024698440452304284,NA,20,21,21,0.3606552879392805,0.041421930301831895
ENSG00000225880.5,LINC00115,-0.027485015446698353,NA,0.9780728912746797,0.012860965124092908,0.06270571441988057,0.002590631439797155,NA,10,11,11,0.002912835005405185,0.09830560352023424
ENSG00000170074.19,FAM153A,0.026715032477635105,NA,0.9786870232284783,0.0030235563654137927,0.2992135487187825,2.661771181387369e-13,NA,29,33,33,0.21687509009608763,0.06719309852591382
ENSG00000272755.1,RP11-326G21.1,0.026687512718360583,NA,0.9787089729934951,1.1195813055974886e-05,0.2757584859079363,1.1540876830748407e-11,NA,3,15,15,0.974659616723566,0.0035792313358573103
ENSG00000234394.8,RP11-561O23.5,-0.026635098109925585,NA,0.9787507789393204,0.0033988695650002615,0.05419048343538427,0.005256913616643875,NA,4,4,4,0.9648560640274194,0.06650805910810823
ENSG00000271538.5,RP11-326I11.4,0.02661301894565007,NA,0.9787683893210288,0.01854592930209312,0.07868637600641143,0.00027419733592871985,NA,17,21,21,0.013042981996519256,0.09785933136850626
ENSG00000103227.18,LMF1,-0.026019953525624695,NA,0.9792414232263422,0.008814961242589358,0.1630349504411037,4.575091991588042e-07,NA,6,6,6,0.39903049777172384,0.1638842319957114
ENSG00000010932.16,FMO1,-0.02575130357765101,NA,0.9794557030686261,0.047678787686403934,0.050377149082887325,0.006665327664003515,NA,40,41,41,0.04043281632775031,0.2309177075820289
ENSG00000009844.15,VTA1,-0.02526797423346153,NA,0.9798412186304561,0.00574807926990749,0.12684463969989218,6.0731104388733565e-06,NA,26,29,29,0.022499642143428717,0.06794329857059851
ENSG00000124587.13,PEX6,0.0247698769034996,NA,0.9802385184320066,0.08821007660839757,0.4508327609303858,5.827124020955954e-22,NA,31,32,32,0.1974547337294965,0.08130707300694319
ENSG00000172500.12,FIBP,0.024661321179429496,NA,0.9803251069173899,0.010076410833360801,0.14012748260760666,3.7295589146626717e-06,NA,49,51,51,4.9338605628779787e-08,0.06066811171735233
ENSG00000112041.12,TULP1,0.024502041015828452,NA,0.9804521557096448,0.09283087801562832,0.36932164113627175,2.2987573357325643e-16,NA,35,42,42,0.005067715226015171,0.1254247363043828
ENSG00000254415.3,SIGLEC14,0.02415881312629353,NA,0.9807259308968996,0.06407883264855652,0.1874174422832804,1.6666215156134534e-08,NA,31,34,34,0.0021066445677801553,0.2304118399117223
ENSG00000125409.12,TEKT3,0.024040303398338472,NA,0.9808204605242283,0.01684014805243169,0.13302218816672912,6.9213646149536e-06,NA,39,42,42,0.1684256971896192,0.10788486727866534
ENSG00000162620.15,LRRIQ3,-0.023255990193203673,NA,0.9814460769476966,0.03533562697147724,0.23893255019404686,3.8267452430774204e-10,NA,32,33,33,0.03077999104741059,0.05168946480649101
ENSG00000272391.5,POM121C,-0.023150861298754346,NA,0.9815299350918255,0.0008761501001178758,0.029406714469958788,0.041823721992151376,NA,2,2,2,0.9801508913875161,0.022427035470348838
ENSG00000218739.9,CEBPZOS,0.022609240124726475,NA,0.9819619731590499,0.006731353694197532,0.13087859353204054,8.786785367180396e-06,NA,6,6,6,0.839827963710549,0.0529400570483244
ENSG00000122008.15,POLK,0.022269036390535794,NA,0.9822333481355033,0.0015993903555100752,0.07408270940946883,0.00111371688537326,NA,15,16,16,0.09344195265783946,0.05714048482163379
ENSG00000148690.11,FRA10AC1,0.021439754129770592,NA,0.9828948616358503,0.11686895107795206,0.4333204961069684,4.808048144252867e-21,NA,63,63,63,0.018201954856613547,0.33971402763641084
ENSG00000125871.13,MGME1,0.02143576318525044,NA,0.9828980452172307,0.023099885787512146,0.1467780952540116,1.3986081878857642e-06,NA,29,29,29,0.07566923477578413,0.11554703230773115
ENSG00000100413.16,POLR3H,0.02134646003443915,NA,0.982969282522235,0.003247975894036212,0.07879813817192817,0.0007403277376724189,NA,22,24,24,0.11485497220462436,0.02384300953495005
ENSG00000169885.9,CALML6,0.021305080401940305,NA,0.9830022911853019,0.007701388395477028,0.11673572360974074,1.9350507162097118e-05,NA,9,9,9,0.06484135685372278,0.08855707250133386
ENSG00000109472.13,CPE,-0.020916393296868317,NA,0.9833123495249748,0.0008546591164602428,0.04132944147208702,0.014277429890124862,NA,31,35,35,0.3304608299846965,0.033087145293765496
ENSG00000203697.11,CAPN8,-0.020882348745485703,NA,0.9833395072152351,0.03473683765835141,0.11999990488669675,1.7113963602641446e-05,NA,13,13,13,0.11520790291743031,0.15679708985059695
ENSG00000155660.10,PDIA4,0.020672777751999695,NA,0.9835066845852972,0.00570785301560552,0.0426861386486956,0.013931923608016329,NA,25,26,26,0.013829747989194235,0.09917236992355227
ENSG00000164118.12,CEP44,-0.020664589580639544,NA,0.9835132164054788,0.0014236552799034418,0.04097668366830979,0.013681383975451052,NA,9,9,9,0.7036586879614946,0.016932576440232258
ENSG00000134160.13,TRPM1,-0.020210836082696915,NA,0.983875183708008,6.138854480435678e-06,0.467760936891329,1.1958081656949282e-22,NA,1,7,7,0.983875183708008,0.006027905570000372
ENSG00000014216.15,CAPN1,0.02009168240852898,NA,0.9839702352840227,0.0011798707102507232,0.04707854115906311,0.009815852581217284,NA,6,6,6,0.6801213027951003,0.031375954716008736
ENSG00000072864.14,NDE1,0.02001788427726645,NA,0.9840291058336686,0.014896746211355887,0.40986875396629996,4.3126670842813113e-19,NA,8,8,8,0.592360657942645,0.14687040641856464
ENSG00000170275.14,CRTAP,0.019579164543358743,NA,0.9843790849336664,0.006507144494822641,0.1622515016019872,5.841959111986321e-07,NA,16,16,16,0.6284013744341214,0.07207763751942921
ENSG00000257431.1,RP11-263K4.3,-0.019326763647329468,NA,0.9845804336106393,0.08122286565241216,0.253378423515677,9.779165201496542e-11,NA,88,90,90,0.0196539926899769,0.2698324746405242
ENSG00000162971.10,TYW5,0.019219899390959146,NA,0.9846656831159415,0.014111653882004962,0.11628813338504562,3.0683868271233054e-05,NA,21,21,21,9.518569993770543e-05,0.022766283709878453
ENSG00000243795.1,LINC02044,-0.019118843085093474,NA,0.9847462995689142,0.1430101861847187,0.2456599030467536,1.2635009971806207e-10,NA,53,54,54,0.09973109070279779,0.3368516549874268
ENSG00000161204.11,ABCF3,0.01882956635110638,NA,0.9849770674636384,0.011278817169388628,0.1541238959783961,5.8000813847036336e-08,NA,13,16,16,0.05623474977304464,0.20144256676607172
ENSG00000137513.9,NARS2,0.01870398735490178,NA,0.9850772473629769,0.03309900132179332,0.17760475312361526,1.1968933215802267e-07,NA,51,54,54,0.008747905622500883,0.1344070788485294
ENSG00000281005.1,LINC00921,0.01839114525553648,NA,0.9853268163119363,0.12537029331225868,0.19184425546327635,3.1863341283430696e-08,NA,83,89,89,0.0014728471239277001,0.21776577063429933
ENSG00000198077.10,CYP2A7,-0.0183824201715345,NA,0.9853337767450838,0.032923577576290795,0.19784458565062726,1.7338805752145446e-08,NA,15,18,18,0.06644293360440592,0.04376590736506166
ENSG00000005156.11,LIG3,-0.018147431655024436,NA,0.9855212391818946,0.04808776216465434,0.2597942835178287,6.178415513236054e-12,NA,9,13,13,0.12176587378414858,0.07239745773561318
ENSG00000163743.13,RCHY1,0.017941674521714187,NA,0.9856853828962924,0.005406291243673041,0.05502172885947927,0.00364439589562529,NA,24,24,24,0.09723104612806369,0.038772737494425384
ENSG00000076344.15,RGS11,-0.017927231055684726,NA,0.9856969052616393,0.016301194184609805,0.15768505974466013,6.304685665063884e-07,NA,42,52,52,0.00030296531748239295,0.12192500359852525
ENSG00000173699.15,SPATA3,0.016902891264162497,NA,0.9865140862020961,0.06807118290797833,0.2593521817877416,4.9418685345001006e-11,NA,18,19,19,3.531324089709364e-05,0.08208362369489385
ENSG00000163749.17,CCDC158,-0.016752262879299897,NA,0.9866342532497863,0.061291980193299574,0.03464421313346104,0.026916263566955458,NA,71,76,76,0.010603259146732756,0.22466122644556566
ENSG00000168079.16,SCARA5,-0.01670370005810537,NA,0.9866729953541518,0.014295599248198749,0.05207469367128942,0.005990153626972194,NA,17,21,21,0.10677384689850113,0.09411790448274013
ENSG00000086991.12,NOX4,-0.016670828194904588,NA,0.9866992196547569,0.020895152517445094,0.1139831602951463,3.847206019950626e-05,NA,25,25,25,0.17111214917559825,0.02287596481126483
ENSG00000237461.1,RP11-554F20.1,-0.016599765607824293,NA,0.9867559115510222,0.021563564793112305,0.0401660794760184,0.01773410013964153,NA,70,74,74,0.2724531566335048,0.1866050783343072
ENSG00000130669.17,PAK4,0.016385900062947746,NA,0.9869265283604229,0.015262057088516984,0.18136495127663305,7.228926123854842e-08,NA,35,36,36,0.15534535147517722,0.040363404443200364
ENSG00000084207.15,GSTP1,0.016345326864183225,NA,0.9869588967543401,0.008181134788344969,0.1953380907823096,1.2198466658031002e-08,NA,25,26,26,0.2911588799261724,0.0378407420425127
ENSG00000103248.18,MTHFSD,-0.016074548219407524,NA,0.9871749184707203,0.018886557796083937,0.14840303707043598,1.6324798133811047e-06,NA,28,32,32,0.009061617122943835,0.07755056273641099
ENSG00000171729.13,TMEM51,0.015856641331817332,NA,0.9873487608540347,0.0022541778739008883,0.04230307861499235,0.014775139224666976,NA,11,14,14,0.0012246207514575104,0.040624808089873614
ENSG00000136378.14,ADAMTS7,0.01557166668714837,NA,0.987576109650588,0.0019437004791065349,0.04500691351433665,0.010941143509788174,NA,7,7,7,0.07665567993336862,0.03922203565322281
ENSG00000162769.12,FLVCR1,-0.0154437544902359,NA,0.987678156546253,0.024663510837674506,0.2111122576121389,3.6788075774561793e-09,NA,8,9,9,0.21185573461158613,0.10923685271247867
ENSG00000099330.8,OCEL1,-0.01527401072815391,NA,0.9878135764997427,0.02117761577735759,0.21873267232997848,1.0332535443208439e-09,NA,18,19,19,0.08973378108604162,0.0551617663418776
ENSG00000157978.11,LDLRAP1,-0.01511129708528942,NA,0.9879433882208499,0.031398348485765344,0.4644051994686634,1.8648609122182686e-22,NA,41,43,43,0.007293922669332631,0.0766775960879152
ENSG00000058453.16,CROCC,-0.01463351604858662,NA,0.9883245601721015,0.012979172643134019,0.15580842837603934,7.218121188500651e-07,NA,46,51,51,0.0839065420778967,0.130655455502368
ENSG00000198039.11,ZNF273,0.014377143405321747,NA,0.9885290944268097,0.0030891035261591277,0.07726758051719426,0.0005831700235948534,NA,10,12,12,0.07492635366624133,0.01598372759470163
ENSG00000130724.8,CHMP2A,0.01396051049232483,NA,0.9888614860267868,0.0005670638298465633,0.03348784497291432,0.02715451740183835,NA,1,1,1,0.9888614860267868,0.033601724153810145
ENSG00000260563.3,RP13-516M14.1,0.013843222975526481,NA,0.9889550588830907,0.0035765114644483536,0.05046479666807675,0.005675065095878731,NA,6,6,6,0.45807380305401535,0.07128699520189921
ENSG00000164039.14,BDH2,-0.01370358792650643,NA,0.9890664609653985,0.007863535665653947,0.1091150872365944,2.0610031340640946e-05,NA,7,7,7,0.08776246251073118,0.12720327105744375
ENSG00000189350.12,TOGARAM2,0.013528135392898205,NA,0.9892064388569685,0.018130239768669267,0.07536962208881921,0.0007751693871251058,NA,32,35,35,0.1348477506313102,0.08764507608931571
ENSG00000281406.1,BLACAT1,-0.013521520113409895,NA,0.9892117166036103,0.010734735679137377,0.05944228039618365,0.003337725927083611,NA,24,24,24,0.07120462145406782,0.07051817322442308
ENSG00000154518.9,ATP5G3,-0.013181922934004286,NA,0.9894826517979711,0.0005610093764621362,0.049640729018984565,0.008146090870837447,NA,8,8,8,0.1551870476782874,0.03194387599202137
ENSG00000113621.14,TXNDC15,0.013100934101458564,NA,0.9895472659574579,0.017630686179979,0.16343038936798412,2.9036613974624555e-07,NA,25,28,28,0.036392578617326435,0.04828627193553405
ENSG00000129437.9,KLK14,-0.013096367680929361,NA,0.9895509091213456,0.073435443791409,0.16463777009722902,1.8887489331143587e-07,NA,94,102,102,0.00026367610014922194,0.34736616890723826
ENSG00000213923.11,CSNK1E,0.012687480000986816,NA,0.9898771271758778,0.009550269726598368,0.11763885526670455,2.877960256090603e-05,NA,26,29,29,0.003916057998986358,0.05532001986185581
ENSG00000127463.13,EMC1,0.012444426361584462,NA,0.9900710406113482,0.03466080551521329,0.2394439421615569,4.894877337325831e-11,NA,26,26,26,0.19052840968997597,0.06800458553595562
ENSG00000169242.11,EFNA1,-0.012263241206010567,NA,0.9902155944183094,0.002472742062764815,0.049831104018337666,0.007568019190489948,NA,11,11,11,0.00027457072562558807,0.028095008712545853
ENSG00000166341.7,DCHS1,-0.01202484429369483,NA,0.9904057936079451,0.017840190337468396,0.19493832592428292,2.3303552952973308e-08,NA,30,31,31,0.02793760889925156,0.14853847648509544
ENSG00000272564.1,RP11-548P2.2,0.011843101347269068,NA,0.9905507931729681,0.007767835459476285,0.10972780318147976,3.118608508770104e-05,NA,25,25,25,0.4725821868143584,0.03505136421735403
ENSG00000273403.1,RP11-329B9.3,0.011668062064240214,NA,0.990690444664441,0.0025606414795893346,0.04237110921561272,0.01334986526809928,NA,4,4,4,0.45979193242973737,0.05989736708352005
ENSG00000243678.11,NME2,-0.011171296752599263,NA,0.991086780189149,0.006603551421119926,0.2248937380813336,8.161511109346605e-10,NA,16,16,16,0.8587249861431967,0.04155645853952962
ENSG00000241258.6,CRCP,-0.011044340268075197,NA,0.9911880705589969,0.015708617803572536,0.12702080751419784,8.711507879331364e-06,NA,21,22,22,0.2830553752855802,0.08040496234877392
ENSG00000134285.10,FKBP11,0.010690707632393675,NA,0.9914702119163601,0.01358283614996115,0.17474049933357733,1.1053423639373168e-07,NA,18,18,18,0.002361350790429719,0.041498303774450206
ENSG00000068615.17,REEP1,0.010603273350002575,NA,0.9915399704263738,0.0022423206498970805,0.08037603779866917,0.0005774007245559952,NA,42,42,42,0.011739498882174714,0.05164713786037448
ENSG00000205810.8,KLRC3,-0.010377733243243682,NA,0.991719915493208,0.008137038986091364,0.054485724732375326,0.004625784304946174,NA,19,19,19,0.19785014464484152,0.03609153356846816
ENSG00000167792.11,NDUFV1,-0.010278423848738484,NA,0.9917991486998096,0.0019099782684853992,0.1234552740294476,1.8695226789782066e-05,NA,19,20,20,4.643997475873568e-12,0.014701234330674412
ENSG00000099817.11,POLR2E,-0.0100823428531482,NA,0.9919555905915624,0.0032246075326547922,0.1850241212499445,1.429379220802337e-08,NA,7,10,10,0.0143570230932306,0.06167823182770485
ENSG00000104825.16,NFKBIB,0.009817900852984411,NA,0.9921665743356328,0.007010361866563281,0.02738153006871092,0.04994135191999613,NA,39,41,41,0.02264717184378354,0.08912779431956669
ENSG00000143322.19,ABL2,-0.009671196918198448,NA,0.9922836215827878,0.013406603989624935,0.17864875143652564,1.023449686878441e-07,NA,18,19,19,0.10831112003325953,0.07459998451071037
ENSG00000226578.1,RP11-258F22.1,0.009576146191801766,NA,0.9923594575779856,0.06173655608557653,0.033118310775785545,0.028857640618463926,NA,138,140,140,0.012956249245043367,0.354872070691498
ENSG00000180104.15,EXOC3,-0.009573428800385109,NA,0.9923616256432599,0.031238268841190797,0.19869631791570194,1.4105419731755402e-08,NA,17,19,19,0.3094286280064482,0.1476242944664466
ENSG00000171109.18,MFN1,0.009502475073156415,NA,0.9924182359516852,0.02210580671788398,0.2460306708934575,9.845234523921873e-11,NA,17,19,19,0.48312755015869313,0.056032847229383516
ENSG00000258839.3,MC1R,0.00948903854601466,NA,0.9924289562659093,0.03142367332043863,0.18110290585112426,6.413675245223777e-08,NA,13,15,15,0.00044961137388692976,0.1495950602839133
ENSG00000119913.4,TECTB,-0.009373235216005634,NA,0.9925213498458346,0.01986008149939078,0.09408366607061718,0.00011856916302983704,NA,15,15,15,0.9425160363910362,0.09182414509517517
ENSG00000260633.1,RP11-375I20.6,-0.008227515033755697,NA,0.9934354668419435,0.022494942672828654,0.18114929598278973,8.97922649787317e-08,NA,12,12,12,0.8896462443294568,0.059634285202730175
ENSG00000184182.18,UBE2F,0.0076805734045178155,NA,0.9938718493136498,0.00754793017856012,0.12825562096466833,1.0705386137808333e-05,NA,59,60,60,0.056299158168500125,0.06481154393996362
ENSG00000164764.10,SBSPON,0.007408314820232531,NA,0.9940890740517703,0.023073136584688,0.03932451892140368,0.017709829818982715,NA,39,41,41,0.1817597422976327,0.048961325351983685
ENSG00000065268.10,WDR18,-0.0070555341888522,NA,0.9943705449087772,0.0740261725873348,0.4955210736715359,3.5006582657476326e-25,NA,25,26,26,0.46408464649062875,0.2840930989129159
ENSG00000124116.18,WFDC3,0.006696582672643932,NA,0.9946569400096131,0.1429206318877435,0.4160053149202578,4.790359435239139e-20,NA,45,48,48,0.009647885282308878,0.08302226494889835
ENSG00000259577.1,CERNA1,-0.006554793389581898,NA,0.9947700690061667,0.024201527485125822,0.19566124425370285,1.272341759891133e-08,NA,54,57,57,1.2068712276223318e-23,0.08331244129372772
ENSG00000257534.1,RP11-834C11.10,0.006060878006769685,NA,0.9951641486203963,0.0584345725477515,0.1283285771017875,3.815821042475853e-06,NA,27,30,30,9.93191144006271e-08,0.268603518977076
ENSG00000241328.1,LINC02070,0.005439454292860928,NA,0.9956599648024604,0.007211761250558975,0.1019241171267185,9.00531606655597e-05,NA,33,33,33,0.7320217344735429,0.01471050829118233
ENSG00000164587.11,RPS14,0.005421489449570148,NA,0.9956742984622077,0.0022590511166191117,0.09424449210220157,9.432322810518189e-05,NA,7,7,7,0.701543004701692,0.03294595795106428
ENSG00000003989.17,SLC7A2,-0.005248315480394318,NA,0.9958124693321061,0.010545417338865843,0.03836792171468914,0.017979197339338213,NA,25,26,26,0.02030604494643024,0.10588009540232042
ENSG00000231081.1,RP4-760C5.3,0.005186009989786312,NA,0.9958621812445538,0.026156517709127806,0.053481170495019104,0.005830008795080961,NA,15,19,19,0.016227901104314785,0.0964677862718701
ENSG00000055044.10,NOP58,-0.004930216831391737,NA,0.9960662720450411,0.0012417297559704523,0.05223020118623405,0.005772460991932296,NA,12,12,12,0.8688995020299546,0.018967658367106056
ENSG00000060749.14,QSER1,-0.004883110467536123,NA,0.996103857033035,0.0004862192423840297,0.08477022377479683,0.00047727099885280615,NA,5,6,6,0.5045645482020309,0.06850553168837621
ENSG00000006042.11,TMEM98,-0.004475228891621938,NA,0.9964292958801361,0.01771978956177783,0.17338685144010327,1.2481537263021358e-07,NA,101,107,107,1.3698290147084912e-14,0.04710676923604517
ENSG00000259153.1,RP6-65G23.3,-0.003837587365582992,NA,0.9969380558058523,0.006883767777236828,0.060955498114885924,0.0029866267170597025,NA,44,44,44,9.067519696830596e-05,0.25487487461153124
ENSG00000151366.12,NDUFC2,0.003655053033748321,NA,0.9970836961088092,0.0010386482890845582,0.08842411541260721,0.00031761601223502463,NA,6,6,6,0.8275916390735047,0.018277556867146303
ENSG00000147724.11,FAM135B,0.0035432335832187253,NA,0.9971729145440755,0.0011201736659171373,0.030279997817718632,0.03718779083842898,NA,4,5,5,0.049693323118113406,0.07967740098060877
ENSG00000140563.14,MCTP2,0.0033545413272339513,NA,0.9973234682862376,0.011003964960095314,0.10002441346060227,0.00011371545996411185,NA,24,24,24,7.317949704395624e-05,0.07936484154401988
ENSG00000197857.13,ZNF44,0.003240203717723489,NA,0.9974146960035899,0.0003904065889567671,0.03166253822407583,0.03270576813763275,NA,1,1,1,0.9974146960035899,0.09336418153012947
ENSG00000269473.1,CTD-2619J13.19,0.0028442907411102827,NA,0.9977305873911548,0.012515661214257397,0.1027125922583711,9.316934186525927e-05,NA,10,10,10,0.1708129358414836,0.0539967106591492
ENSG00000205426.10,KRT81,0.0025342778724862063,NA,0.9979779409772265,0.09739870032657619,0.23404155266259405,8.10787551093218e-10,NA,63,65,65,2.3996139798177034e-05,0.3646239349194894
ENSG00000187288.10,CIDEC,-0.0025076645912130322,NA,0.9979991752359909,0.02043095059385604,0.07699619444006724,0.0008541486329919398,NA,16,17,17,0.0588070206149008,0.1433165918431081
ENSG00000122359.17,ANXA11,0.0024350687159850957,NA,0.9980570981871136,0.006650298177716624,0.22360412399349375,1.33313089431793e-09,NA,5,7,7,0.6232951367242572,0.0451269689353547
ENSG00000185523.6,SPATA45,-0.0023914448341557553,NA,0.9980919049075508,0.07004129964410674,0.1669049282770016,2.6282804366338765e-07,NA,27,27,27,0.000741762864078217,0.2186270468880788
ENSG00000251518.1,LINC02110,-0.0023883204346754395,NA,0.9980943978105388,0.013529333615627668,0.04387678147820582,0.009703693160670214,NA,17,20,20,0.11661844142421064,0.06186720552262427
ENSG00000111981.4,ULBP1,0.0022018242664897723,NA,0.9982431998316702,0.005779842588588483,0.0750544544838131,0.0002976541524065551,NA,16,17,17,0.9764385519239552,0.05609936761504025
ENSG00000143178.12,TBX19,-0.0020442767897533086,NA,0.9983689042475249,0.031110241084471617,0.11532402983828945,3.7244885076128386e-05,NA,38,38,38,0.0020192122914524106,0.2157946918431312
ENSG00000227456.7,LINC00310,-0.002008537063375115,NA,0.9983974203648596,0.0007253477735625982,0.031199101983892717,0.03610560265868246,NA,1,1,1,0.9983974203648596,0.042514775771423534
ENSG00000178295.14,GEN1,-0.0019720621739734434,NA,0.9984265230583262,0.03442922235372738,0.1540139608045696,1.1435550685406857e-06,NA,50,50,50,0.036902694006507024,0.08722090324016624
ENSG00000239389.7,PCDHA13,0.001154194875879829,NA,0.9990790859328461,0.003634106941650085,0.04721755113464599,0.009651741431546177,NA,21,26,26,0.4226210992663496,0.33051955768774105
ENSG00000274265.4,CH17-189H20.1,-0.0009363541030324997,NA,0.9992528976269174,7.628747862438345e-05,0.13986485442914992,4.391789186461816e-06,NA,1,10,10,0.9992528976269174,0.028623936136889933
ENSG00000171806.11,METTL18,0.00048438058085759143,NA,0.9996135202280939,0.015991669059284216,0.20028125836590047,2.035921567313392e-08,NA,21,21,21,0.9538174756641714,0.016154706064382626
