fname	trait1	trait2	dice (mean)	dice (std)	pi1 (mean)	pi1 (std)	pi2 (mean)	pi2 (std)	pi12 (mean)	pi12 (std)	nc1@p9 (mean)	nc1@p9 (std)	nc2@p9 (mean)	nc2@p9 (std)	nc12@p9 (mean)	nc12@p9 (std)	rho_zero (mean)	rho_zero (std)	rho_beta (mean)	rho_beta (std)	rg (mean)	rg (std)	fraction_concordant_within_shared (mean)	fraction_concordant_within_shared (std)	best_vs_min_AIC	best_vs_min_BIC	best_vs_max_AIC	best_vs_max_BIC
/media/kame/Data/_workings/projects/StressNSSIGenetics/1_GlobalRg/results/MiXeR/bi/combined/SESA_vs_PTSD.fit.json	SESA_z.csv.gz	PTSD_z.csv.gz	0.5698701842154126	0.19577716314593602	0.001322993036062771	0.0009533931351834596	0.00555517995201195	0.01430881504719869	0.0021858465805679695	0.0009515675091278028	4219.179170738562	3040.481958591604	17716.11709535953	45632.48086683566	6970.919809682897	3034.659824069636	0.052105700296112625	0.00446618090941725	0.8572979167144436	0.12585227613099068	0.5176528405094856	0.0850151522277387	0.8603064238445564	0.1035872078103114	-1.107049444405129	-10.569041382356351	-1.3898087207984644	-10.851800658749687
/media/kame/Data/_workings/projects/StressNSSIGenetics/1_GlobalRg/results/MiXeR/bi/combined/SESA_vs_PTSD.test.json	SESA_z.csv.gz	PTSD_z.csv.gz	0.5698701842154126	0.19577716314593602	0.001322993036062771	0.0009533931351834596	0.00555517995201195	0.01430881504719869	0.0021858465805679695	0.0009515675091278028	4219.179170738562	3040.481958591604	17716.11709535953	45632.48086683566	6970.919809682897	3034.659824069636	0.05201292285236696	0.0017935548916543358	0.8572979167144436	0.12585227613099068	0.5176528405094856	0.0850151522277387	0.8603064238445564	0.1035872078103114				
