fname	trait1	trait2	dice (mean)	dice (std)	pi1 (mean)	pi1 (std)	pi2 (mean)	pi2 (std)	pi12 (mean)	pi12 (std)	nc1@p9 (mean)	nc1@p9 (std)	nc2@p9 (mean)	nc2@p9 (std)	nc12@p9 (mean)	nc12@p9 (std)	rho_zero (mean)	rho_zero (std)	rho_beta (mean)	rho_beta (std)	rg (mean)	rg (std)	fraction_concordant_within_shared (mean)	fraction_concordant_within_shared (std)	best_vs_min_AIC	best_vs_min_BIC	best_vs_max_AIC	best_vs_max_BIC
/media/kame/Data/_workings/projects/StressNSSIGenetics/1_GlobalRg/results/MiXeR/bi/combined/SESA_vs_ADHD.fit.json	SESA_z.csv.gz	ADHD_z.csv.gz	0.6283047900376649	0.04602824189431424	0.0018648444177627398	0.00016766112758126106	7.683180177345616e-05	0.00010630911405614687	0.0016439951988680014	0.00014346272055500901	5947.206455075641	534.690900065958	245.02558128166888	339.03216982926256	5242.892525345817	457.5193563713226	0.010723854034863834	0.002813285636106621	0.1896555321487942	0.025008307478884932	0.12616486881186179	0.013500225317521297	0.5607571620029848	0.008111083419015022	4.629674825273105	-4.655400442454456	-1.0988247083150782	-10.38389997604264
/media/kame/Data/_workings/projects/StressNSSIGenetics/1_GlobalRg/results/MiXeR/bi/combined/SESA_vs_ADHD.test.json	SESA_z.csv.gz	ADHD_z.csv.gz	0.6282360905496943	0.04722298034585998	0.001868545621732017	0.0001712184643147868	7.637051609971781e-05	0.00010905133907534569	0.0016464177808537918	0.00014679037335051708	5959.010026423457	546.0356620112374	243.55448744115333	347.77744540298283	5250.618421987172	468.1316294366748	0.008887603794715811	0.0008115069767098375	0.188904069145046	0.02543694384747071	0.1256283648488463	0.013641546064544976	0.560514245299888	0.008250582898833354				
