dice,dice_low,dice_high,pi1,pi1_low,pi1_high,pi2,pi2_low,pi2_high,pi12,pi12_low,pi12_high,nc1,nc1_low,nc1_high,nc2,nc2_low,nc2_high,nc12,nc12_low,nc12_high,rho_0,rho_0_low,rho_0_high,rho_b,rho_b_low,rho_b_high,rg,rg_low,rg_high,concordant,concordant_low,concordant_high,min_AIC,max_AIC,min_BIC,max_BIC
0.283461317285219,0.21545469371561,0.351467940854828,0.00290536395482213,0.00264976938529033,0.00316095852435393,0.000142139922367848,-8.62249417320611e-05,0.000370504786467756,0.000603475661808608,0.000444307308824922,0.000762644014792294,9265.54467594231,8450.42376863067,10080.6655832539,453.300798596467,-274.981400685769,1181.5829978787,1924.55430447915,1416.94785361823,2432.16075534007,0.0114776628386047,0.00760316455523119,0.0153521611219782,0.859632935480214,0.667367288159455,1.05189858280097,0.31859131052809,0.283828732887878,0.353353888168301,0.843902805646474,0.703391245703095,0.984414365589853,-0.915929299889831,-0.906355884601362,-10.3622636944034,-10.3526902791149
