dice,dice_low,dice_high,pi1,pi1_low,pi1_high,pi2,pi2_low,pi2_high,pi12,pi12_low,pi12_high,nc1,nc1_low,nc1_high,nc2,nc2_low,nc2_high,nc12,nc12_low,nc12_high,rho_0,rho_0_low,rho_0_high,rho_b,rho_b_low,rho_b_high,rg,rg_low,rg_high,concordant,concordant_low,concordant_high,min_AIC,max_AIC,min_BIC,max_BIC
0.46595038092797,0.0639336791492038,0.867967082706737,0.000731161581497882,-0.000867715347606269,0.00233003851060203,0.00669357477636547,-1.83462525431711e-06,0.0133889841779853,0.00277767803513286,0.00117305601601833,0.00438230005424739,2331.75960191053,-2767.24549635259,7430.76470017364,21346.5910283766,-5.85083401660813,42699.0328907698,8858.33937851093,3741.01251781591,13975.666239206,0.0138245457107287,0.00988668996560634,0.017762401455851,0.604858393618158,0.0767251163622801,1.13299167087404,0.257178841905585,0.227002954717381,0.287354729093789,0.733902956136302,0.4668653682113,1.0009405440613,-0.8517694968672,-1.21507458680426,-10.3063846572565,-10.6696897471936
