fname	trait1	trait2	dice (mean)	dice (std)	pi1 (mean)	pi1 (std)	pi2 (mean)	pi2 (std)	pi12 (mean)	pi12 (std)	nc1@p9 (mean)	nc1@p9 (std)	nc2@p9 (mean)	nc2@p9 (std)	nc12@p9 (mean)	nc12@p9 (std)	rho_zero (mean)	rho_zero (std)	rho_beta (mean)	rho_beta (std)	rg (mean)	rg (std)	fraction_concordant_within_shared (mean)	fraction_concordant_within_shared (std)	best_vs_min_AIC	best_vs_min_BIC	best_vs_max_AIC	best_vs_max_BIC
/media/kame/Data/_workings/projects/StressNSSIGenetics/1_GlobalRg/results/MiXeR/bi/combined/SESA_vs_OCD.fit.json	SESA_z.csv.gz	OCD_z.csv.gz	0.28346131728521884	0.03469725692326998	0.002905363954822133	0.00013040539261826575	0.00014213992236784755	0.00011651268576525953	0.0006034756618086079	8.120834335902361e-05	9265.54467594231	415.8780139345089	453.300798596467	371.5725506542019	1924.5543044791516	258.9828830923045	0.011477662838604675	0.0019767848384558613	0.8596329354802139	0.09809471802079538	0.3185913105280897	0.01773600900010783	0.8439028056464736	0.07168957139968311	-0.9159292998898309	-10.362263694403378	-0.9063558846013621	-10.35269027911491
/media/kame/Data/_workings/projects/StressNSSIGenetics/1_GlobalRg/results/MiXeR/bi/combined/SESA_vs_OCD.test.json	SESA_z.csv.gz	OCD_z.csv.gz	0.28346131728521884	0.03469725692326998	0.002905363954822133	0.00013040539261826575	0.00014213992236784755	0.00011651268576525953	0.0006034756618086079	8.120834335902361e-05	9265.54467594231	415.8780139345089	453.300798596467	371.5725506542019	1924.5543044791516	258.9828830923045	0.00547412223633037	0.00035788597943496397	0.8596329354802139	0.09809471802079538	0.3185913105280897	0.01773600900010783	0.8439028056464736	0.07168957139968311				
