dice,dice_low,dice_high,pi1,pi1_low,pi1_high,pi2,pi2_low,pi2_high,pi12,pi12_low,pi12_high,nc1,nc1_low,nc1_high,nc2,nc2_low,nc2_high,nc12,nc12_low,nc12_high,rho_0,rho_0_low,rho_0_high,rho_b,rho_b_low,rho_b_high,rg,rg_low,rg_high,concordant,concordant_low,concordant_high,min_AIC,max_AIC,min_BIC,max_BIC
0.887660738303479,0.813084756868929,0.962236719738029,0.000597708347620553,0.000279867239043586,0.00091554945619752,0.000136783385306734,-8.63778910986396e-05,0.000359944661712107,0.00291113126901019,0.00260083781172431,0.00322142472629606,1906.16166655132,892.529282738252,2919.79405036438,436.218176859622,-275.469174063296,1147.90552778254,9283.93731387014,8294.37527075225,10273.499356988,0.0266173711153123,0.0217082393925428,0.0315265028380818,0.232479024674476,0.203694743966003,0.261263305382949,0.206476578321259,0.191275940066208,0.22167721657631,0.574692603248192,0.56525252960217,0.584132676894214,22.9108262168535,-0.0499655976018403,13.4460813512837,-9.51471046317156
