dice,dice_low,dice_high,pi1,pi1_low,pi1_high,pi2,pi2_low,pi2_high,pi12,pi12_low,pi12_high,nc1,nc1_low,nc1_high,nc2,nc2_low,nc2_high,nc12,nc12_low,nc12_high,rho_0,rho_0_low,rho_0_high,rho_b,rho_b_low,rho_b_high,rg,rg_low,rg_high,concordant,concordant_low,concordant_high,min_AIC,max_AIC,min_BIC,max_BIC
0.749916696604498,0.554720139788214,0.945113253420783,0.000147228933388041,-0.00019027654738757,0.000484734414163652,0.00222596509530462,-1.39607739033458e-05,0.00446589096451258,0.0033616106832427,0.00300251579231952,0.00372070557416588,469.530248571472,-606.814112798998,1545.87460994194,7098.86243456743,-44.522537046515,14242.2474061814,10720.56873185,9575.37322227224,11865.7642414277,0.033436379728668,0.0302250698529616,0.0366476896043743,0.679595295025896,0.51655462896308,0.842635961088711,0.51588764804965,0.495734013019889,0.536041283079411,0.741136216477738,0.653243073500288,0.829029359455187,-0.218070659693331,-0.9931156989187,-9.67791581965023,-10.4529608588756
