fname	trait1	trait2	dice (mean)	dice (std)	pi1 (mean)	pi1 (std)	pi2 (mean)	pi2 (std)	pi12 (mean)	pi12 (std)	nc1@p9 (mean)	nc1@p9 (std)	nc2@p9 (mean)	nc2@p9 (std)	nc12@p9 (mean)	nc12@p9 (std)	rho_zero (mean)	rho_zero (std)	rho_beta (mean)	rho_beta (std)	rg (mean)	rg (std)	fraction_concordant_within_shared (mean)	fraction_concordant_within_shared (std)	best_vs_min_AIC	best_vs_min_BIC	best_vs_max_AIC	best_vs_max_BIC
/media/kame/Data/_workings/projects/StressNSSIGenetics/1_GlobalRg/results/MiXeR/bi/combined/SESA_vs_ASD.fit.json	SESA_z.csv.gz	ASD_z.csv.gz	0.8866699671388416	0.04761803358503222	0.0002062184936558186	0.0001828529617025574	0.0006592325603406128	0.00049997195319432	0.0033026211229749227	0.00020217481752112445	657.6548396982118	583.1394317987039	2102.3695601144477	1594.468899963933	10532.444140723246	644.7590846521477	0.009419364454046087	0.001975231545341868	0.20276267619390037	0.016444616984427313	0.18015151654492556	0.012058146888166955	0.5650013651418981	0.005348463201580614	3.503845938667655	-5.911572592858095	-1.068104771221988	-10.483523302747738
/media/kame/Data/_workings/projects/StressNSSIGenetics/1_GlobalRg/results/MiXeR/bi/combined/SESA_vs_ASD.test.json	SESA_z.csv.gz	ASD_z.csv.gz	0.8849290508152459	0.04823071874619444	0.0002131289201181663	0.00018504019398201923	0.0006660136663381217	0.0005120631842268396	0.0032938835653321618	0.00020371317163328883	679.6929960573922	590.114770763855	2123.9952984209817	1633.0292466402957	10504.579049823617	649.6650754248428	0.007768361361047959	0.00048016372694908803	0.203546928295133	0.0165032517356284	0.18052257654506598	0.012259599093051424	0.5652563982344876	0.0053675695696383825				
