fname	trait1	trait2	dice (mean)	dice (std)	pi1 (mean)	pi1 (std)	pi2 (mean)	pi2 (std)	pi12 (mean)	pi12 (std)	nc1@p9 (mean)	nc1@p9 (std)	nc2@p9 (mean)	nc2@p9 (std)	nc12@p9 (mean)	nc12@p9 (std)	rho_zero (mean)	rho_zero (std)	rho_beta (mean)	rho_beta (std)	rg (mean)	rg (std)	fraction_concordant_within_shared (mean)	fraction_concordant_within_shared (std)	best_vs_min_AIC	best_vs_min_BIC	best_vs_max_AIC	best_vs_max_BIC
/media/kame/Data/_workings/projects/StressNSSIGenetics/1_GlobalRg/results/MiXeR/bi/combined/SESA_vs_ANX.fit.json	SESA_z.csv.gz	ANX_z.csv.gz	0.5827438300928868	0.2258552808314674	0.0007232952274263108	0.0008305381813498216	0.013624180671675928	0.036664515027057344	0.002785544389204431	0.0008596235380907625	2306.6728808592984	2648.683174994425	43449.101953992926	116927.41676687989	8883.42609956216	2741.439771582478	0.017319296634817027	0.005413023029423272	0.9496902281921642	0.06463705314256629	0.5848542351604842	0.16143426420792736	0.923127130588707	0.06725145771880826	-1.1844858953496442	-10.627212792670033	-1.362944464152679	-10.805671361473067
/media/kame/Data/_workings/projects/StressNSSIGenetics/1_GlobalRg/results/MiXeR/bi/combined/SESA_vs_ANX.test.json	SESA_z.csv.gz	ANX_z.csv.gz	0.5827438300928868	0.2258552808314674	0.0007232952274263108	0.0008305381813498216	0.013624180671675928	0.036664515027057344	0.002785544389204431	0.0008596235380907625	2306.6728808592984	2648.683174994425	43449.101953992926	116927.41676687989	8883.42609956216	2741.439771582478	0.014603207256181649	0.004201115965204234	0.9496902281921642	0.06463705314256629	0.5848542351604842	0.16143426420792736	0.923127130588707	0.06725145771880826				
