fname	trait1	trait2	dice (mean)	dice (std)	pi1 (mean)	pi1 (std)	pi2 (mean)	pi2 (std)	pi12 (mean)	pi12 (std)	nc1@p9 (mean)	nc1@p9 (std)	nc2@p9 (mean)	nc2@p9 (std)	nc12@p9 (mean)	nc12@p9 (std)	rho_zero (mean)	rho_zero (std)	rho_beta (mean)	rho_beta (std)	rg (mean)	rg (std)	fraction_concordant_within_shared (mean)	fraction_concordant_within_shared (std)	best_vs_min_AIC	best_vs_min_BIC	best_vs_max_AIC	best_vs_max_BIC
/media/kame/Data/_workings/projects/StressNSSIGenetics/1_GlobalRg/results/MiXeR/bi/combined/SESA_vs_TS.fit.json	SESA_z.csv.gz	TS_z.csv.gz	0.49582497742919107	0.22916855154097776	0.0015360737037402052	0.0009182218982380327	0.0033458071109208455	0.004596062022095089	0.001972765912890536	0.0009078388891652812	4898.718284131931	2928.31677987617	10670.169295612543	14657.378098342539	6291.38069628953	2895.2041523602193	0.0034846288046301243	0.0029164322279164145	0.44219662783349645	0.2499692420943594	0.18162099410958946	0.0222344288190597	0.661878370260181	0.11997113225652997	-0.8737807088822592	-10.316434850254868	-0.9483389886154328	-10.390993129988042
/media/kame/Data/_workings/projects/StressNSSIGenetics/1_GlobalRg/results/MiXeR/bi/combined/SESA_vs_TS.test.json	SESA_z.csv.gz	TS_z.csv.gz	0.49582497742919107	0.22916855154097776	0.0015360737037402052	0.0009182218982380327	0.0033458071109208455	0.004596062022095089	0.001972765912890536	0.0009078388891652812	4898.718284131931	2928.31677987617	10670.169295612543	14657.378098342539	6291.38069628953	2895.2041523602193	0.0016534732246382688	0.0006293897017804925	0.44219662783349645	0.2499692420943594	0.18162099410958946	0.0222344288190597	0.661878370260181	0.11997113225652997				
