fname	trait1	trait2	dice (mean)	dice (std)	pi1 (mean)	pi1 (std)	pi2 (mean)	pi2 (std)	pi12 (mean)	pi12 (std)	nc1@p9 (mean)	nc1@p9 (std)	nc2@p9 (mean)	nc2@p9 (std)	nc12@p9 (mean)	nc12@p9 (std)	rho_zero (mean)	rho_zero (std)	rho_beta (mean)	rho_beta (std)	rg (mean)	rg (std)	fraction_concordant_within_shared (mean)	fraction_concordant_within_shared (std)	best_vs_min_AIC	best_vs_min_BIC	best_vs_max_AIC	best_vs_max_BIC
/media/kame/Data/_workings/projects/StressNSSIGenetics/1_GlobalRg/results/MiXeR/bi/combined/SESA_vs_MDD.fit.json	SESA_z.csv.gz	MDD_z.csv.gz	0.7499166966044982	0.09959008000830843	0.0001472289333880412	0.00017219667386510757	0.0022259650953046174	0.001142819321024471	0.0033616106832427004	0.0001832116790424395	469.5302485714716	549.1552864135048	7098.8624345674325	3644.5841691907895	10720.568731849988	584.2834232539554	0.033436379728667955	0.001638423405972643	0.6795952950258958	0.08318401329735488	0.5158876480496496	0.010282466851918916	0.7411362164777375	0.04484344029461725	-0.21807065969333053	-9.677915819650226	-0.9931156989187002	-10.452960858875596
/media/kame/Data/_workings/projects/StressNSSIGenetics/1_GlobalRg/results/MiXeR/bi/combined/SESA_vs_MDD.test.json	SESA_z.csv.gz	MDD_z.csv.gz	0.7480750905095352	0.1018448008589033	0.00015068925148796223	0.0001759910053458356	0.002253212708587528	0.0011661586893657793	0.0033666677388752074	0.00018660573950617627	480.5656067731785	561.2558522622926	7185.7582528233825	3719.0161382787733	10736.69627236482	595.1074781223333	0.02266201472234771	0.000358735006153358	0.6813628144322471	0.08497815010850093	0.515827130144347	0.010546116204078424	0.7420610389178194	0.04582212179021012				
