dice,dice_low,dice_high,pi1,pi1_low,pi1_high,pi2,pi2_low,pi2_high,pi12,pi12_low,pi12_high,nc1,nc1_low,nc1_high,nc2,nc2_low,nc2_high,nc12,nc12_low,nc12_high,rho_0,rho_0_low,rho_0_high,rho_b,rho_b_low,rho_b_high,rg,rg_low,rg_high,concordant,concordant_low,concordant_high,min_AIC,max_AIC,min_BIC,max_BIC
0.495824977429191,0.0466546164088747,0.944995338449507,0.00153607370374021,-0.000263641216806339,0.00333578862428675,0.00334580711092085,-0.00566247445238553,0.0123540886742272,0.00197276591289054,0.000193401690126585,0.00375213013565449,4898.71828413193,-840.782604425362,10638.2191726892,10670.1692956125,-18058.2917771388,39398.6303683639,6291.38069628953,616.7805576635,11965.9808349156,0.00348462880463012,-0.00223157836208605,0.0092008359713463,0.442196627833496,-0.0477430866714479,0.932136342338441,0.181620994109589,0.138041513624232,0.225200474594946,0.661878370260181,0.426734951037382,0.89702178948298,-0.873780708882259,-0.948338988615433,-10.3164348502549,-10.390993129988
