fname	trait1	trait2	dice (mean)	dice (std)	pi1 (mean)	pi1 (std)	pi2 (mean)	pi2 (std)	pi12 (mean)	pi12 (std)	nc1@p9 (mean)	nc1@p9 (std)	nc2@p9 (mean)	nc2@p9 (std)	nc12@p9 (mean)	nc12@p9 (std)	rho_zero (mean)	rho_zero (std)	rho_beta (mean)	rho_beta (std)	rg (mean)	rg (std)	fraction_concordant_within_shared (mean)	fraction_concordant_within_shared (std)	best_vs_min_AIC	best_vs_min_BIC	best_vs_max_AIC	best_vs_max_BIC
/media/kame/Data/_workings/projects/StressNSSIGenetics/1_GlobalRg/results/MiXeR/bi/combined/SESA_vs_BIP.fit.json	SESA_z.csv.gz	BIP_z.csv.gz	0.7475116452329208	0.07173075261236553	0.0012363194976613072	0.0002610112572565617	0.0002940786390727921	0.0001923855553549425	0.002272520118969434	0.00024744653336545273	3942.7671429277725	832.3953565337735	937.8510957454489	613.5399853049805	7247.331837493688	789.1358691909605	0.010791771072655765	0.0027866810288180114	0.18642932002944412	0.024470747111687438	0.13985015420027327	0.011761803360408041	0.5597114951851512	0.007957318112632722	6.845226892322534	-2.615283846102498	-0.4432565921160858	-9.903767330541118
/media/kame/Data/_workings/projects/StressNSSIGenetics/1_GlobalRg/results/MiXeR/bi/combined/SESA_vs_BIP.test.json	SESA_z.csv.gz	BIP_z.csv.gz	0.7475116452329208	0.07173075261236553	0.0012363194976613072	0.0002610112572565617	0.0002940786390727921	0.0001923855553549425	0.002272520118969434	0.00024744653336545273	3942.7671429277725	832.3953565337735	937.8510957454489	613.5399853049805	7247.331837493688	789.1358691909605	0.006544060135313434	0.0005223835050976546	0.18642932002944412	0.024470747111687438	0.13985015420027327	0.011761803360408041	0.5597114951851512	0.007957318112632722				
