dice,dice_low,dice_high,pi1,pi1_low,pi1_high,pi2,pi2_low,pi2_high,pi12,pi12_low,pi12_high,nc1,nc1_low,nc1_high,nc2,nc2_low,nc2_high,nc12,nc12_low,nc12_high,rho_0,rho_0_low,rho_0_high,rho_b,rho_b_low,rho_b_high,rg,rg_low,rg_high,concordant,concordant_low,concordant_high,min_AIC,max_AIC,min_BIC,max_BIC
0.81352761233762,0.739843682507499,0.88721154216774,0.00105442060845179,0.000692683968850726,0.00141615724805285,6.80523072146958e-05,-7.04058227239875e-05,0.000206510437153379,0.00245441900817895,0.00214355761406599,0.00276528040229192,3362.67035963913,2209.05000526461,4516.29071401366,217.026748663342,-224.532384251844,658.585881578527,7827.42862078233,6836.05536085085,8818.8018807138,0.0279685294350226,0.0239373676686268,0.0319996912014184,0.357540529643602,0.327219187888135,0.387861871399069,0.294575741342105,0.276117595506769,0.313033887177441,0.616401623130011,0.606037032232412,0.62676621402761,1.95935225976573,-1.15008934501384,-7.3756105492747,-10.4850521540543
