fname	trait1	trait2	dice (mean)	dice (std)	pi1 (mean)	pi1 (std)	pi2 (mean)	pi2 (std)	pi12 (mean)	pi12 (std)	nc1@p9 (mean)	nc1@p9 (std)	nc2@p9 (mean)	nc2@p9 (std)	nc12@p9 (mean)	nc12@p9 (std)	rho_zero (mean)	rho_zero (std)	rho_beta (mean)	rho_beta (std)	rg (mean)	rg (std)	fraction_concordant_within_shared (mean)	fraction_concordant_within_shared (std)	best_vs_min_AIC	best_vs_min_BIC	best_vs_max_AIC	best_vs_max_BIC
/media/kame/Data/_workings/projects/StressNSSIGenetics/1_GlobalRg/results/MiXeR/bi/combined/SESA_vs_SCZ.fit.json	SESA_z.csv.gz	SCZ_z.csv.gz	0.8876607383034789	0.03804897011966835	0.0005977083476205527	0.00016216383090661573	0.00013678338530673378	0.00011385779408437416	0.0029111312690101882	0.00015831298841116062	1906.1616665513181	517.1593794964622	436.21817685962213	363.10579128720315	9283.937313870141	504.8785934274959	0.02661737111531227	0.0025046590422293357	0.23247902467447576	0.014685857504323078	0.20647657832125912	0.007755427681148313	0.5746926032481922	0.004816364105113185	22.910826216853458	13.446081351283734	-0.04996559760184027	-9.51471046317156
/media/kame/Data/_workings/projects/StressNSSIGenetics/1_GlobalRg/results/MiXeR/bi/combined/SESA_vs_SCZ.test.json	SESA_z.csv.gz	SCZ_z.csv.gz	0.8876607383034789	0.03804897011966835	0.0005977083476205527	0.00016216383090661573	0.00013678338530673378	0.00011385779408437416	0.0029111312690101882	0.00015831298841116062	1906.1616665513181	517.1593794964622	436.21817685962213	363.10579128720315	9283.937313870141	504.8785934274959	0.02149573928715175	0.0005543919819965211	0.23247902467447576	0.014685857504323078	0.20647657832125912	0.007755427681148313	0.5746926032481922	0.004816364105113185				
