dice,dice_low,dice_high,pi1,pi1_low,pi1_high,pi2,pi2_low,pi2_high,pi12,pi12_low,pi12_high,nc1,nc1_low,nc1_high,nc2,nc2_low,nc2_high,nc12,nc12_low,nc12_high,rho_0,rho_0_low,rho_0_high,rho_b,rho_b_low,rho_b_high,rg,rg_low,rg_high,concordant,concordant_low,concordant_high,min_AIC,max_AIC,min_BIC,max_BIC
0.886669967138842,0.793338621312178,0.980001312965505,0.000206218493655819,-0.000152173311281194,0.000564610298592831,0.000659232560340613,-0.000320712467920254,0.00163917758860148,0.00330262112297492,0.00290635848063352,0.00369888376531633,657.654839698212,-485.298446627248,1800.60812602367,2102.36956011445,-1022.78948381486,5227.52860404376,10532.4441407232,9268.71633480504,11796.1719466415,0.00941936445404609,0.00554791062517603,0.0132908182829161,0.2027626761939,0.170531226904423,0.234994125483378,0.180151516544926,0.156517548644118,0.203785484445733,0.565001365141898,0.5545183772668,0.575484353016996,3.50384593866765,-1.06810477122199,-5.91157259285809,-10.4835233027477
