dice,dice_low,dice_high,pi1,pi1_low,pi1_high,pi2,pi2_low,pi2_high,pi12,pi12_low,pi12_high,nc1,nc1_low,nc1_high,nc2,nc2_low,nc2_high,nc12,nc12_low,nc12_high,rho_0,rho_0_low,rho_0_high,rho_b,rho_b_low,rho_b_high,rg,rg_low,rg_high,concordant,concordant_low,concordant_high,min_AIC,max_AIC,min_BIC,max_BIC
0.628304790037665,0.538089435924809,0.718520144150521,0.00186484441776274,0.00153622860770347,0.00219346022782201,7.68318017734562e-05,-0.000131534061776592,0.000285197665323504,0.001643995198868,0.00136280826658018,0.00192518213115582,5947.20645507564,4899.21229094636,6995.20061920492,245.025581281669,-419.477471583686,909.528634147023,5242.89252534582,4346.15458685803,6139.63046383361,0.0107238540348638,0.00520981418809486,0.0162378938816328,0.189655532148794,0.14063924949018,0.238671814807409,0.126164868811862,0.0997044271895201,0.152625310434204,0.560757162002985,0.544859438501715,0.576654885504254,4.6296748252731,-1.09882470831508,-4.65540044245446,-10.3838999760426
