dice,dice_low,dice_high,pi1,pi1_low,pi1_high,pi2,pi2_low,pi2_high,pi12,pi12_low,pi12_high,nc1,nc1_low,nc1_high,nc2,nc2_low,nc2_high,nc12,nc12_low,nc12_high,rho_0,rho_0_low,rho_0_high,rho_b,rho_b_low,rho_b_high,rg,rg_low,rg_high,concordant,concordant_low,concordant_high,min_AIC,max_AIC,min_BIC,max_BIC
0.747511645232921,0.606919370112684,0.888103920353157,0.00123631949766131,0.000724737433438446,0.00174790156188417,0.000294078639072792,-8.29970494228952e-05,0.000671154327568479,0.00227252011896943,0.00178752491357315,0.00275751532436572,3942.76714292777,2311.27224412158,5574.26204173397,937.851095745449,-264.687275452313,2140.38946694321,7247.33183749369,5700.62553387941,8794.03814110797,0.0107917710726558,0.00532987625617246,0.0162536658891391,0.186429320029444,0.138466655690537,0.234391984368352,0.139850154200273,0.116797019613874,0.162903288786673,0.559711495185151,0.544115151684391,0.575307838685911,6.84522689232253,-0.443256592116086,-2.6152838461025,-9.90376733054112
