fname	trait1	trait2	dice (mean)	dice (std)	pi1 (mean)	pi1 (std)	pi2 (mean)	pi2 (std)	pi12 (mean)	pi12 (std)	nc1@p9 (mean)	nc1@p9 (std)	nc2@p9 (mean)	nc2@p9 (std)	nc12@p9 (mean)	nc12@p9 (std)	rho_zero (mean)	rho_zero (std)	rho_beta (mean)	rho_beta (std)	rg (mean)	rg (std)	fraction_concordant_within_shared (mean)	fraction_concordant_within_shared (std)	best_vs_min_AIC	best_vs_min_BIC	best_vs_max_AIC	best_vs_max_BIC
/media/kame/Data/_workings/projects/StressNSSIGenetics/1_GlobalRg/results/MiXeR/bi/combined/SESA_vs_SelfHarm.fit.json	SESA_z.csv.gz	SelfHarm_z.csv.gz	0.46595038092797025	0.2051105621320237	0.0007311615814978819	0.0008157535352572196	0.006693574776365474	0.003416025204908057	0.0027776780351328597	0.0008186847036298625	2331.7596019105285	2601.5332133995494	21346.591028376577	10894.10299101693	8858.339378510933	2610.8810513750136	0.013824545710728674	0.002009110074042006	0.6048583936181584	0.2694557537019788	0.2571788419055851	0.015395860810308217	0.7339029561363022	0.13624366730867468	-0.8517694968672004	-10.306384657256519	-1.2150745868042576	-10.669689747193576
/media/kame/Data/_workings/projects/StressNSSIGenetics/1_GlobalRg/results/MiXeR/bi/combined/SESA_vs_SelfHarm.test.json	SESA_z.csv.gz	SelfHarm_z.csv.gz	0.46595038092797025	0.2051105621320237	0.0007311615814978819	0.0008157535352572196	0.006693574776365474	0.003416025204908057	0.0027776780351328597	0.0008186847036298625	2331.7596019105285	2601.5332133995494	21346.591028376577	10894.10299101693	8858.339378510933	2610.8810513750136	0.008486537399719518	0.0004709720659579586	0.6048583936181584	0.2694557537019788	0.2571788419055851	0.015395860810308217	0.7339029561363022	0.13624366730867468				
