dice,dice_low,dice_high,pi1,pi1_low,pi1_high,pi2,pi2_low,pi2_high,pi12,pi12_low,pi12_high,nc1,nc1_low,nc1_high,nc2,nc2_low,nc2_high,nc12,nc12_low,nc12_high,rho_0,rho_0_low,rho_0_high,rho_b,rho_b_low,rho_b_high,rg,rg_low,rg_high,concordant,concordant_low,concordant_high,min_AIC,max_AIC,min_BIC,max_BIC
0.582743830092887,0.140067479663211,1.02542018052256,0.000723295227426311,-0.00090455960801934,0.00235115006287196,0.0136241806716759,-0.0582382687813565,0.0854866301247083,0.00278554438920443,0.00110068225454654,0.00447040652386233,2306.6728808593,-2884.74614212977,7498.09190384837,43449.1019539929,-185728.634909092,272626.838817078,8883.42609956216,3510.2041472605,14256.6480518638,0.017319296634817,0.00670977149714741,0.0279288217724866,0.949690228192164,0.823001604032734,1.07637885235159,0.584854235160484,0.268443077312947,0.901265393008022,0.923127130588707,0.791314273459843,1.05493998771757,-1.18448589534964,-1.36294446415268,-10.62721279267,-10.8056713614731
