dice,dice_low,dice_high,pi1,pi1_low,pi1_high,pi2,pi2_low,pi2_high,pi12,pi12_low,pi12_high,nc1,nc1_low,nc1_high,nc2,nc2_low,nc2_high,nc12,nc12_low,nc12_high,rho_0,rho_0_low,rho_0_high,rho_b,rho_b_low,rho_b_high,rg,rg_low,rg_high,concordant,concordant_low,concordant_high,min_AIC,max_AIC,min_BIC,max_BIC
0.569870184215413,0.186146944449378,0.953593423981447,0.00132299303606277,-0.00054565750889681,0.00319164358102235,0.00555517995201195,-0.0224900975404975,0.0336004574445214,0.00218584658056797,0.000320774262677476,0.00405091889845846,4219.17917073856,-1740.16546810098,10178.5238095781,17716.1170953595,-71723.5454036384,107155.779594357,6970.9198096829,1022.98655450641,12918.8530648594,0.0521057002961126,0.0433519857136548,0.0608594148785704,0.857297916714444,0.610627455497702,1.10396837793119,0.517652840509486,0.351023142143118,0.684282538875853,0.860306423844556,0.657275496536346,1.06333735115277,-1.10704944440513,-1.38980872079846,-10.5690413823564,-10.8518006587497
