fname	trait1	trait2	dice (mean)	dice (std)	pi1 (mean)	pi1 (std)	pi2 (mean)	pi2 (std)	pi12 (mean)	pi12 (std)	nc1@p9 (mean)	nc1@p9 (std)	nc2@p9 (mean)	nc2@p9 (std)	nc12@p9 (mean)	nc12@p9 (std)	rho_zero (mean)	rho_zero (std)	rho_beta (mean)	rho_beta (std)	rg (mean)	rg (std)	fraction_concordant_within_shared (mean)	fraction_concordant_within_shared (std)	best_vs_min_AIC	best_vs_min_BIC	best_vs_max_AIC	best_vs_max_BIC
/media/kame/Data/_workings/projects/StressNSSIGenetics/1_GlobalRg/results/MiXeR/bi/combined/SESA_vs_AN.fit.json	SESA_z.csv.gz	AN_z.csv.gz	0.8135276123376196	0.037593841750061655	0.0010544206084517889	0.00018455951000054228	6.80523072146958e-05	7.064190302994046e-05	0.0024544190081789525	0.0001586027520984529	3362.6703596391344	588.5818134563918	217.02674866334155	225.28527189550283	7827.428620782326	505.80268363850587	0.027968529435022583	0.0020567151869366343	0.35754052964360183	0.01547007232421795	0.294575741342105	0.00941742134455942	0.6164016231300108	0.005288056580407594	1.9593522597657285	-7.375610549274695	-1.1500893450138392	-10.485052154054264
/media/kame/Data/_workings/projects/StressNSSIGenetics/1_GlobalRg/results/MiXeR/bi/combined/SESA_vs_AN.test.json	SESA_z.csv.gz	AN_z.csv.gz	0.8104822457478054	0.03608595063934375	0.0010703801193217104	0.00017538768778339284	7.074024841146587e-05	7.147324073439493e-05	0.002446633612191961	0.0001589544706425554	3413.5671021026774	559.3318021551395	225.59890679301157	227.93650484297348	7802.600084509737	506.9243551173339	0.02479879521540713	0.0004919417211741293	0.3579191573339085	0.015781378703264647	0.2938891297889077	0.009161162400749817	0.6165313821267048	0.005394308096732918				
