PANEL	FILE	ID	CHR	P0	P1	HSQ	BEST.GWAS.ID	BEST.GWAS.Z	EQTL.ID	EQTL.R2	EQTL.Z	EQTL.GWAS.Z	NSNP	NWGT	MODEL	MODELCV.R2	MODELCV.PV	TWAS.Z	TWAS.P
Ovary	/media/kame/Data/_workings/resource/GTEv8//GTExv8.EUR.Ovary/ENSG00000177757.2.wgt.RDat	ENSG00000177757.2	1	817370	817371	0.2181	rs1891910	-4.64	rs3094315	0.182371	5.18	-0.146306	151	9	enet	0.16	7.6e-07	0.0797	0.936
Ovary	/media/kame/Data/_workings/resource/GTEv8//GTExv8.EUR.Ovary/ENSG00000225880.5.wgt.RDat	ENSG00000225880.5	1	827521	827522	0.3182	rs1891910	-4.64	rs3094315	0.224834	5.65	-0.146306	154	11	enet	0.21	1.4e-08	-0.67582	0.499
Ovary	/media/kame/Data/_workings/resource/GTEv8//GTExv8.EUR.Ovary/ENSG00000272512.1.wgt.RDat	ENSG00000272512.1	1	998050	998051	0.3502	rs1891910	-4.64	rs3128117	0.130295	-5.12	-0.839866	181	24	enet	0.22	4.9e-09	-1.22713	0.22
Ovary	/media/kame/Data/_workings/resource/GTEv8//GTExv8.EUR.Ovary/ENSG00000260179.1.wgt.RDat	ENSG00000260179.1	1	1251333	1251334	0.1751	rs1891910	-4.64	rs1320565	-0.001007	3.38	0.620042	230	13	enet	-0.0036	0.48	0.70188	0.483
Ovary	/media/kame/Data/_workings/resource/GTEv8//GTExv8.EUR.Ovary/ENSG00000240731.1.wgt.RDat	ENSG00000240731.1	1	1318677	1318678	0.2222	rs1891910	-4.64	rs1240707	0.113912	4.09	0.80767	250	24	enet	0.07	0.00097	0.05668	0.955
Ovary	/media/kame/Data/_workings/resource/GTEv8//GTExv8.EUR.Ovary/ENSG00000127054.20.wgt.RDat	ENSG00000127054.20	1	1324690	1324691	0.2028	rs1891910	-4.64	rs4970432	0.185954	5.49	0.148021	250	8	enet	0.16	5.7e-07	-0.29111	0.771
Ovary	/media/kame/Data/_workings/resource/GTEv8//GTExv8.EUR.Ovary/ENSG00000242485.5.wgt.RDat	ENSG00000242485.5	1	1407312	1407313	0.2458	rs1891910	-4.64	rs2765023	0.04489	4.13	-0.969071	273	27	enet	0.084	0.00033	-0.2155	0.829
Ovary	/media/kame/Data/_workings/resource/GTEv8//GTExv8.EUR.Ovary/ENSG00000235098.8.wgt.RDat	ENSG00000235098.8	1	1421768	1421769	0.3336	rs1891910	-4.64	rs12089560	0.380096	-7.34	0.791504	280	17	enet	0.31	7.9e-13	-0.51821	0.604
Ovary	/media/kame/Data/_workings/resource/GTEv8//GTExv8.EUR.Ovary/ENSG00000225905.1.wgt.RDat	ENSG00000225905.1	1	1422468	1422469	0.1502	rs1891910	-4.64	rs12089560	0.123672	-4.47	0.791504	282	11	enet	0.028	0.027	-1.24389	0.214
Ovary	/media/kame/Data/_workings/resource/GTEv8//GTExv8.EUR.Ovary/ENSG00000160072.19.wgt.RDat	ENSG00000160072.19	1	1471768	1471769	0.5512	rs1891910	-4.64	rs2031709	0.327833	-6.92	2.149189	282	44	enet	0.22	4.4e-09	-2.23487	0.0254
Ovary	/media/kame/Data/_workings/resource/GTEv8//GTExv8.EUR.Ovary/ENSG00000272106.1.wgt.RDat	ENSG00000272106.1	1	1615794	1615795	0.2476	rs3128317	-4.81	rs4648727	-0.002149	4.09	-0.936839	287	40	enet	0.031	0.022	0.23209	0.816
Ovary	/media/kame/Data/_workings/resource/GTEv8//GTExv8.EUR.Ovary/ENSG00000215914.4.wgt.RDat	ENSG00000215914.4	1	1699941	1699942	0.3306	rs3128317	-4.81	rs7520934	0.188958	-5.72	0.827892	299	11	enet	0.19	7.8e-08	-1.25512	0.209
Ovary	/media/kame/Data/_workings/resource/GTEv8//GTExv8.EUR.Ovary/ENSG00000231050.1.wgt.RDat	ENSG00000231050.1	1	1891470	1891471	0.2939	rs3128317	-4.81	rs2748987	0.14597	-5.58	-0.075466	316	9	enet	0.18	1.2e-07	0.17899	0.858
Ovary	/media/kame/Data/_workings/resource/GTEv8//GTExv8.EUR.Ovary/ENSG00000182873.5.wgt.RDat	ENSG00000182873.5	1	2184388	2184389	0.3848	rs34241773	10.5	rs2503701	0.198751	-5.45	0.746835	378	28	enet	0.11	4.5e-05	-0.594	0.553
Ovary	/media/kame/Data/_workings/resource/GTEv8//GTExv8.EUR.Ovary/ENSG00000162585.16.wgt.RDat	ENSG00000162585.16	1	2212719	2212720	0.4929	rs34241773	10.5	rs2460002	0.059978	4.57	0.281704	375	54	enet	0.14	5e-06	-0.96564	0.334
Ovary	/media/kame/Data/_workings/resource/GTEv8//GTExv8.EUR.Ovary/ENSG00000228037.1.wgt.RDat	ENSG00000228037.1	1	2581559	2581560	0.2973	rs34241773	10.5	rs10797432	0.101004	4.56	-0.594238	368	19	enet	0.065	0.0015	-0.06324	0.95
Ovary	/media/kame/Data/_workings/resource/GTEv8//GTExv8.EUR.Ovary/ENSG00000116198.12.wgt.RDat	ENSG00000116198.12	1	3857213	3857214	0.4821	rs10915459	4.37	rs6683156	0.295846	6.75	-1.139753	572	10	enet	0.38	8.4e-16	-1.03003	0.303
Ovary	/media/kame/Data/_workings/resource/GTEv8//GTExv8.EUR.Ovary/ENSG00000169598.15.wgt.RDat	ENSG00000169598.15	1	3857266	3857267	0.3596	rs10915459	4.37	rs4073324	0.159868	-5.12	-3.490787	572	12	enet	0.13	6.2e-06	1.03751	0.299
Ovary	/media/kame/Data/_workings/resource/GTEv8//GTExv8.EUR.Ovary/ENSG00000131697.17.wgt.RDat	ENSG00000131697.17	1	5992361	5992362	0.186	rs11588889	-6.71	rs6659420	0.090749	-4.76	-1.789692	507	11	enet	0.085	3e-04	2.9275	0.00342
Ovary	/media/kame/Data/_workings/resource/GTEv8//GTExv8.EUR.Ovary/ENSG00000049245.12.wgt.RDat	ENSG00000049245.12	1	7771268	7771269	0.3352	rs9434618	-5.83	rs11120917	0.00452	2.86	3.91349	457	69	enet	0.017	0.071	0.5875	0.557
Ovary	/media/kame/Data/_workings/resource/GTEv8//GTExv8.EUR.Ovary/ENSG00000232912.5.wgt.RDat	ENSG00000232912.5	1	8424644	8424645	0.1933	rs9434618	-5.83	rs301806	0.079017	-4.37	0.50321	303	25	enet	0.15	1.7e-06	-0.23099	0.817
Ovary	/media/kame/Data/_workings/resource/GTEv8//GTExv8.EUR.Ovary/ENSG00000226849.1.wgt.RDat	ENSG00000226849.1	1	11068470	11068471	0.2006	rs12741973	-3.56	rs7556039	-0.005325	-3.39	0.076204	361	4	enet	0.0083	0.15	-0.20556	0.837
Ovary	/media/kame/Data/_workings/resource/GTEv8//GTExv8.EUR.Ovary/ENSG00000116663.10.wgt.RDat	ENSG00000116663.10	1	11664123	11664124	0.5117	rs1148471	6.54	rs12139487	0.335636	6.97	0.445253	457	4	enet	0.26	1.1e-10	0.34566	0.73
Ovary	/media/kame/Data/_workings/resource/GTEv8//GTExv8.EUR.Ovary/ENSG00000215910.7.wgt.RDat	ENSG00000215910.7	1	11761786	11761787	0.3042	rs1148471	6.54	rs1537516	0.055177	3.8	1.311121	485	23	enet	-0.0068	0.79	2.21883	0.0265
Ovary	/media/kame/Data/_workings/resource/GTEv8//GTExv8.EUR.Ovary/ENSG00000242349.5.wgt.RDat	ENSG00000242349.5	1	11843703	11843704	0.2669	rs1148471	6.54	rs198405	0.194776	-5.44	-1.945979	475	14	enet	0.15	1.4e-06	1.92937	0.0537
Ovary	/media/kame/Data/_workings/resource/GTEv8//GTExv8.EUR.Ovary/ENSG00000142621.19.wgt.RDat	ENSG00000142621.19	1	15247271	15247272	0.2537	rs578771	3.77	rs536364	0.011486	3.62	-0.140931	551	20	enet	0.029	0.026	-0.76592	0.444
Ovary	/media/kame/Data/_workings/resource/GTEv8//GTExv8.EUR.Ovary/ENSG00000228140.1.wgt.RDat	ENSG00000228140.1	1	15409432	15409433	0.3968	rs578771	3.77	rs2294490	0.119822	-5	0.264633	520	48	enet	0.14	3e-06	-0.96499	0.335
Ovary	/media/kame/Data/_workings/resource/GTEv8//GTExv8.EUR.Ovary/ENSG00000132906.17.wgt.RDat	ENSG00000132906.17	1	15526533	15526534	0.4587	rs578771	3.77	rs4233532	0.272031	-6.36	0.85681	506	23	enet	0.19	7.5e-08	-0.78911	0.43
Ovary	/media/kame/Data/_workings/resource/GTEv8//GTExv8.EUR.Ovary/ENSG00000162461.7.wgt.RDat	ENSG00000162461.7	1	15736404	15736405	0.4066	rs11801060	-4.15	rs3817269	0.332382	-7.11	0.208752	445	52	enet	0.24	6.3e-10	-0.52528	0.599
Ovary	/media/kame/Data/_workings/resource/GTEv8//GTExv8.EUR.Ovary/ENSG00000186510.11.wgt.RDat	ENSG00000186510.11	1	16018874	16018875	0.2038	rs11801060	-4.15	rs1763601	0.084497	5.08	-2.560824	385	12	enet	0.18	1.9e-07	-2.41872	0.0156
Ovary	/media/kame/Data/_workings/resource/GTEv8//GTExv8.EUR.Ovary/ENSG00000142632.16.wgt.RDat	ENSG00000142632.16	1	16212608	16212609	0.3435	rs11801060	-4.15	rs6697459	0.223662	-5.58	0.862626	334	16	enet	0.24	7.9e-10	-0.35709	0.721
Ovary	/media/kame/Data/_workings/resource/GTEv8//GTExv8.EUR.Ovary/ENSG00000237276.8.wgt.RDat	ENSG00000237276.8	1	16228026	16228027	0.3425	rs11801060	-4.15	rs12751725	0.233678	5.79	0.088121	323	23	enet	0.26	1.4e-10	0.24755	0.804
Ovary	/media/kame/Data/_workings/resource/GTEv8//GTExv8.EUR.Ovary/ENSG00000037637.10.wgt.RDat	ENSG00000037637.10	1	16352453	16352454	0.1374	rs11801060	-4.15	rs872222	-0.000288	-3.27	-0.745601	270	33	enet	0.021	0.047	-0.45529	0.649
Ovary	/media/kame/Data/_workings/resource/GTEv8//GTExv8.EUR.Ovary/ENSG00000215908.10.wgt.RDat	ENSG00000215908.10	1	16657231	16657232	0.3257	rs1883911	-2.49	rs4920608	-0.001726	-3.68	0.534528	256	35	enet	0.11	2.8e-05	0.01522	0.988
Ovary	/media/kame/Data/_workings/resource/GTEv8//GTExv8.EUR.Ovary/ENSG00000186715.10.wgt.RDat	ENSG00000186715.10	1	16770236	16770237	0.2657	rs12026071	-3.06	rs2871776	0.256829	6	-0.061599	291	16	enet	0.25	3.6e-10	-0.70323	0.482
Ovary	/media/kame/Data/_workings/resource/GTEv8//GTExv8.EUR.Ovary/ENSG00000235241.1.wgt.RDat	ENSG00000235241.1	1	16889094	16889095	0.4718	rs12026071	-3.06	rs3738814	0.268037	6.65	-0.089226	339	57	enet	0.38	4.6e-16	-0.38876	0.697
Ovary	/media/kame/Data/_workings/resource/GTEv8//GTExv8.EUR.Ovary/ENSG00000238142.1.wgt.RDat	ENSG00000238142.1	1	16889648	16889649	0.4861	rs12026071	-3.06	rs149565	0.026398	4.65	-0.017537	340	71	enet	0.21	6.6e-09	-0.75288	0.452
Ovary	/media/kame/Data/_workings/resource/GTEv8//GTExv8.EUR.Ovary/ENSG00000058453.16.wgt.RDat	ENSG00000058453.16	1	16921949	16921950	0.2656	rs12026071	-3.06	rs149565	0.110866	4.93	-0.017537	352	14	enet	0.09	2e-04	-0.0725	0.942
Ovary	/media/kame/Data/_workings/resource/GTEv8//GTExv8.EUR.Ovary/ENSG00000272084.1.wgt.RDat	ENSG00000272084.1	1	19075510	19075511	0.247	rs10158092	-4.44	rs12062540	0.213013	-5.76	-0.038263	506	11	enet	0.2	3e-08	0.38624	0.699
Ovary	/media/kame/Data/_workings/resource/GTEv8//GTExv8.EUR.Ovary/ENSG00000127463.13.wgt.RDat	ENSG00000127463.13	1	19251537	19251538	0.2679	rs6693503	6.81	rs710865	0.11123	-4.63	-1.153899	505	5	enet	0.048	0.0057	0.96949	0.332
Ovary	/media/kame/Data/_workings/resource/GTEv8//GTExv8.EUR.Ovary/ENSG00000040487.12.wgt.RDat	ENSG00000040487.12	1	19312325	19312326	0.1875	rs6693503	6.81	rs214336	0.20335	-5.42	2.901291	486	27	enet	0.15	1.4e-06	-1.67088	0.0947
Ovary	/media/kame/Data/_workings/resource/GTEv8//GTExv8.EUR.Ovary/ENSG00000178828.6.wgt.RDat	ENSG00000178828.6	1	19815277	19815278	0.2401	rs6693503	6.81	rs17396847	0.127277	4.79	-0.866964	558	43	enet	0.026	0.034	0.15832	0.874
Ovary	/media/kame/Data/_workings/resource/GTEv8//GTExv8.EUR.Ovary/ENSG00000169914.5.wgt.RDat	ENSG00000169914.5	1	19882512	19882513	0.481	rs6693503	6.81	rs10916668	0.037807	4.32	-0.08721	542	24	enet	0.071	0.00091	-0.32923	0.742
Ovary	/media/kame/Data/_workings/resource/GTEv8//GTExv8.EUR.Ovary/ENSG00000162543.5.wgt.RDat	ENSG00000162543.5	1	20186084	20186085	0.274	rs3820329	5.41	rs12076947	-0.00366	4.09	-0.134277	599	10	enet	-0.0036	0.48	-0.16275	0.871
Ovary	/media/kame/Data/_workings/resource/GTEv8//GTExv8.EUR.Ovary/ENSG00000158825.5.wgt.RDat	ENSG00000158825.5	1	20588947	20588948	0.1968	rs12080654	4.37	rs6701759	0.036894	-4.09	1.093987	487	20	enet	0.038	0.013	-1.00321	0.316
Ovary	/media/kame/Data/_workings/resource/GTEv8//GTExv8.EUR.Ovary/ENSG00000117242.7.wgt.RDat	ENSG00000117242.7	1	20651765	20651766	0.3372	rs12080654	4.37	rs623817	0.299656	6.6	-0.660615	465	17	enet	0.24	4.9e-10	-0.44474	0.657
Ovary	/media/kame/Data/_workings/resource/GTEv8//GTExv8.EUR.Ovary/ENSG00000227001.3.wgt.RDat	ENSG00000227001.3	1	21427966	21427967	0.7189	rs3026886	7.03	rs4654947	0.478268	-8.4	-0.444609	380	28	enet	0.46	3.2e-20	0.36953	0.712
Ovary	/media/kame/Data/_workings/resource/GTEv8//GTExv8.EUR.Ovary/ENSG00000142794.18.wgt.RDat	ENSG00000142794.18	1	21440127	21440128	0.491	rs3026886	7.03	rs4654947	0.291265	7.21	-0.444609	382	18	enet	0.39	2.7e-16	-0.39491	0.693
Ovary	/media/kame/Data/_workings/resource/GTEv8//GTExv8.EUR.Ovary/ENSG00000218510.6.wgt.RDat	ENSG00000218510.6	1	22024530	22024531	0.6292	rs7520656	5.84	rs11586488	0.549136	8.75	0.309111	520	6	enet	0.52	7e-24	0.98181	0.326
Ovary	/media/kame/Data/_workings/resource/GTEv8//GTExv8.EUR.Ovary/ENSG00000169641.13.wgt.RDat	ENSG00000169641.13	1	23177807	23177808	0.22	rs10917325	5.25	rs12567682	0.039743	4.64	-0.103496	366	24	enet	0.1	7.3e-05	-1.4216	0.155
Ovary	/media/kame/Data/_workings/resource/GTEv8//GTExv8.EUR.Ovary/ENSG00000125945.14.wgt.RDat	ENSG00000125945.14	1	23368385	23368386	0.3338	rs10917325	5.25	rs3795308	0.320166	6.84	-1.139394	310	26	enet	0.32	2e-13	-2.20882	0.0272
Ovary	/media/kame/Data/_workings/resource/GTEv8//GTExv8.EUR.Ovary/ENSG00000249087.6.wgt.RDat	ENSG00000249087.6	1	23368996	23368997	0.5386	rs10917325	5.25	rs3795308	0.389268	7.73	-1.139394	310	23	enet	0.41	1.3e-17	-1.06276	0.288
Ovary	/media/kame/Data/_workings/resource/GTEv8//GTExv8.EUR.Ovary/ENSG00000117305.14.wgt.RDat	ENSG00000117305.14	1	23838619	23838620	0.1924	rs6700245	-4.58	rs2473375	0.023753	4.43	-3.484409	363	32	enet	0.0053	0.19	-2.7843	0.00536
Ovary	/media/kame/Data/_workings/resource/GTEv8//GTExv8.EUR.Ovary/ENSG00000142677.3.wgt.RDat	ENSG00000142677.3	1	24143120	24143121	0.3358	rs6700245	-4.58	rs7513249	0.098668	-4.8	0.12416	412	9	enet	0.074	0.00076	-0.18653	0.852
Ovary	/media/kame/Data/_workings/resource/GTEv8//GTExv8.EUR.Ovary/ENSG00000185436.11.wgt.RDat	ENSG00000185436.11	1	24187958	24187959	0.6689	rs2280437	-4.78	rs4489498	0.259011	6.12	-1.364523	397	32	enet	0.24	9.2e-10	-0.71698	0.473
Ovary	/media/kame/Data/_workings/resource/GTEv8//GTExv8.EUR.Ovary/ENSG00000001460.17.wgt.RDat	ENSG00000001460.17	1	24416933	24416934	0.4811	rs6700245	-4.58	rs10489442	0.410631	-7.68	-1.947025	417	20	enet	0.41	1.2e-17	1.60735	0.108
Ovary	/media/kame/Data/_workings/resource/GTEv8//GTExv8.EUR.Ovary/ENSG00000261349.1.wgt.RDat	ENSG00000261349.1	1	25267135	25267136	0.7645	rs3767880	-5.16	rs1053438	0.336393	7.38	-0.732823	345	31	enet	0.48	3.3e-21	0.05402	0.957
Ovary	/media/kame/Data/_workings/resource/GTEv8//GTExv8.EUR.Ovary/ENSG00000187010.19.wgt.RDat	ENSG00000187010.19	1	25272392	25272393	0.8066	rs3767880	-5.16	rs3091242	0.321904	6.75	-0.62936	346	40	enet	0.5	1.2e-22	0.22906	0.819
Ovary	/media/kame/Data/_workings/resource/GTEv8//GTExv8.EUR.Ovary/ENSG00000224183.1.wgt.RDat	ENSG00000224183.1	1	25294642	25294643	0.5673	rs3767880	-5.16	rs3091242	0.292268	6.4	-0.62936	359	46	enet	0.39	2.8e-16	0.65564	0.512
Ovary	/media/kame/Data/_workings/resource/GTEv8//GTExv8.EUR.Ovary/ENSG00000183726.10.wgt.RDat	ENSG00000183726.10	1	25338213	25338214	0.2469	rs3767880	-5.16	rs742393	0.114553	4.48	-0.192632	371	36	enet	0.0069	0.16	0.70581	0.48
Ovary	/media/kame/Data/_workings/resource/GTEv8//GTExv8.EUR.Ovary/ENSG00000188672.17.wgt.RDat	ENSG00000188672.17	1	25430191	25430192	0.3952	rs3767880	-5.16	rs9689	0.247575	-6.58	-0.625972	370	17	enet	0.25	1.9e-10	0.25066	0.802
Ovary	/media/kame/Data/_workings/resource/GTEv8//GTExv8.EUR.Ovary/ENSG00000204178.9.wgt.RDat	ENSG00000204178.9	1	25430857	25430858	0.1447	rs3767880	-5.16	rs35260034	-0.005194	-3.87	0.023339	370	2	enet	0.0061	0.18	-0.01783	0.986
Ovary	/media/kame/Data/_workings/resource/GTEv8//GTExv8.EUR.Ovary/ENSG00000157978.11.wgt.RDat	ENSG00000157978.11	1	25543579	25543580	0.2223	rs3767880	-5.16	rs12096438	0.181134	5.22	0.417264	333	6	enet	0.15	2.1e-06	0.29887	0.765
Ovary	/media/kame/Data/_workings/resource/GTEv8//GTExv8.EUR.Ovary/ENSG00000236782.6.wgt.RDat	ENSG00000236782.6	1	26171820	26171821	0.1652	rs3767880	-5.16	rs12145714	0.175099	-5.16	0.060351	438	10	enet	0.12	1.6e-05	-0.15643	0.876
Ovary	/media/kame/Data/_workings/resource/GTEv8//GTExv8.EUR.Ovary/ENSG00000142675.17.wgt.RDat	ENSG00000142675.17	1	26177402	26177403	0.6095	rs3767880	-5.16	rs12145714	0.489358	-8.28	0.060351	436	18	enet	0.5	1.3e-22	-0.33024	0.741
Ovary	/media/kame/Data/_workings/resource/GTEv8//GTExv8.EUR.Ovary/ENSG00000158062.20.wgt.RDat	ENSG00000158062.20	1	26318362	26318363	0.2207	rs12084041	-3.39	rs11577318	0.063021	4.66	0.202723	392	35	enet	0.092	0.00017	0.23733	0.812
Ovary	/media/kame/Data/_workings/resource/GTEv8//GTExv8.EUR.Ovary/ENSG00000117748.9.wgt.RDat	ENSG00000117748.9	1	27914745	27914746	0.22	rs17340684	-7.88	rs10902662	0.053761	4.37	0.041186	232	19	enet	0.1	7e-05	0.4155	0.678
Ovary	/media/kame/Data/_workings/resource/GTEv8//GTExv8.EUR.Ovary/ENSG00000130770.17.wgt.RDat	ENSG00000130770.17	1	28236108	28236109	0.324	rs7523070	-4.3	rs490633	0.198183	-5.96	1.583673	243	33	enet	0.19	6e-08	-0.51923	0.604
Ovary	/media/kame/Data/_workings/resource/GTEv8//GTExv8.EUR.Ovary/ENSG00000270605.1.wgt.RDat	ENSG00000270605.1	1	28241452	28241453	0.513	rs7523070	-4.3	rs490633	0.48215	-8.2	1.583673	246	18	enet	0.44	7.5e-19	-1.56993	0.116
Ovary	/media/kame/Data/_workings/resource/GTEv8//GTExv8.EUR.Ovary/ENSG00000204138.12.wgt.RDat	ENSG00000204138.12	1	28369581	28369582	0.3793	rs797397	-4.82	rs10794514	0.118769	-5.28	-0.162525	278	48	enet	0.11	4.5e-05	2.23379	0.0255
Ovary	/media/kame/Data/_workings/resource/GTEv8//GTExv8.EUR.Ovary/ENSG00000121766.15.wgt.RDat	ENSG00000121766.15	1	31296981	31296982	0.2366	rs2050256	12.51	rs1107427	-0.007208	-3	-0.35411	413	39	enet	-0.0067	0.77	-0.27431	0.784
Ovary	/media/kame/Data/_workings/resource/GTEv8//GTExv8.EUR.Ovary/ENSG00000279179.1.wgt.RDat	ENSG00000279179.1	1	33162850	33162851	0.323	rs4653051	5.38	rs923879	0.075253	3.88	-2.18186	374	30	enet	0.078	0.00053	-0.96256	0.336
Ovary	/media/kame/Data/_workings/resource/GTEv8//GTExv8.EUR.Ovary/ENSG00000184389.9.wgt.RDat	ENSG00000184389.9	1	33321097	33321098	0.2106	rs4653051	5.38	rs11554674	0.198711	5.62	0.571559	434	16	enet	0.12	2.2e-05	0.82816	0.408
Ovary	/media/kame/Data/_workings/resource/GTEv8//GTExv8.EUR.Ovary/ENSG00000116885.18.wgt.RDat	ENSG00000116885.18	1	36450450	36450451	0.229	rs537958	15.31	rs883805	0.112458	4.55	-0.449399	373	6	enet	0.076	0.00063	-0.77062	0.441
Ovary	/media/kame/Data/_workings/resource/GTEv8//GTExv8.EUR.Ovary/ENSG00000233621.1.wgt.RDat	ENSG00000233621.1	1	37474410	37474411	0.5425	rs573744	9.24	rs2492301	0.322209	-6.76	0.172145	438	27	enet	0.3	1.8e-12	0.25143	0.801
Ovary	/media/kame/Data/_workings/resource/GTEv8//GTExv8.EUR.Ovary/ENSG00000204084.12.wgt.RDat	ENSG00000204084.12	1	37947056	37947057	0.3894	rs573744	9.24	rs28411034	0.225788	-6.05	-0.148324	458	22	enet	0.31	5.8e-13	1.0947	0.274
Ovary	/media/kame/Data/_workings/resource/GTEv8//GTExv8.EUR.Ovary/ENSG00000183431.11.wgt.RDat	ENSG00000183431.11	1	37990920	37990921	0.3049	rs573744	9.24	rs12138115	0.213878	6.27	2.442771	467	31	enet	0.21	1e-08	3.08965	0.002
Ovary	/media/kame/Data/_workings/resource/GTEv8//GTExv8.EUR.Ovary/ENSG00000168653.10.wgt.RDat	ENSG00000168653.10	1	39026317	39026318	0.5964	rs1569053	-5.06	rs4147753	0.405439	-7.51	0.24168	398	8	enet	0.35	1.5e-14	-0.84712	0.397
Ovary	/media/kame/Data/_workings/resource/GTEv8//GTExv8.EUR.Ovary/ENSG00000183682.7.wgt.RDat	ENSG00000183682.7	1	39491645	39491646	0.2549	rs1180280	-5.77	rs1727098	-0.004464	3.45	-0.372307	372	70	enet	0.0034	0.23	1.35892	0.174
Ovary	/media/kame/Data/_workings/resource/GTEv8//GTExv8.EUR.Ovary/ENSG00000237624.1.wgt.RDat	ENSG00000237624.1	1	39514955	39514956	0.6351	rs1180280	-5.77	rs1180342	0.285222	6.54	-3.556084	368	25	enet	0.3	1.6e-12	-2.50808	0.0121
Ovary	/media/kame/Data/_workings/resource/GTEv8//GTExv8.EUR.Ovary/ENSG00000228060.1.wgt.RDat	ENSG00000228060.1	1	39570479	39570480	0.1307	rs12730176	-6.61	rs6600289	0.055733	-4.09	1.193308	382	7	enet	0.015	0.084	-0.7908	0.429
Ovary	/media/kame/Data/_workings/resource/GTEv8//GTExv8.EUR.Ovary/ENSG00000084072.16.wgt.RDat	ENSG00000084072.16	1	39692181	39692182	0.8558	rs12730176	-6.61	rs12074147	0.586232	9.05	1.136932	381	43	enet	0.58	1.8e-27	0.90585	0.365
Ovary	/media/kame/Data/_workings/resource/GTEv8//GTExv8.EUR.Ovary/ENSG00000198754.5.wgt.RDat	ENSG00000198754.5	1	39771347	39771348	0.4846	rs12730176	-6.61	rs1185303	0.028089	3.68	0.864527	377	51	enet	0.043	0.0086	0.96826	0.333
Ovary	/media/kame/Data/_workings/resource/GTEv8//GTExv8.EUR.Ovary/ENSG00000187815.9.wgt.RDat	ENSG00000187815.9	1	40477214	40477215	0.4348	rs12730176	-6.61	rs7511983	0.063781	5.07	-0.570175	428	32	enet	0.13	1.1e-05	0.31109	0.756
Ovary	/media/kame/Data/_workings/resource/GTEv8//GTExv8.EUR.Ovary/ENSG00000238287.1.wgt.RDat	ENSG00000238287.1	1	40508660	40508661	0.4391	rs12730176	-6.61	rs4660411	0.247569	-6.2	-0.434816	434	50	enet	0.24	4.2e-10	-0.05471	0.956
Ovary	/media/kame/Data/_workings/resource/GTEv8//GTExv8.EUR.Ovary/ENSG00000164008.14.wgt.RDat	ENSG00000164008.14	1	42767268	42767269	0.3143	rs841860	7.71	rs11210712	0.09611	-4.71	0.687418	413	30	enet	0.12	1.4e-05	-0.25651	0.798
Ovary	/media/kame/Data/_workings/resource/GTEv8//GTExv8.EUR.Ovary/ENSG00000228452.1.wgt.RDat	ENSG00000228452.1	1	42776789	42776790	0.173	rs841860	7.73	rs3768027	0.13854	5.33	-1.193197	414	20	enet	0.18	9.1e-08	0.28987	0.772
Ovary	/media/kame/Data/_workings/resource/GTEv8//GTExv8.EUR.Ovary/ENSG00000243710.7.wgt.RDat	ENSG00000243710.7	1	43172863	43172864	0.6107	rs841860	10.4	rs3120045	0.440061	7.86	0.698671	461	16	enet	0.44	6.2e-19	0.96073	0.337
Ovary	/media/kame/Data/_workings/resource/GTEv8//GTExv8.EUR.Ovary/ENSG00000179178.10.wgt.RDat	ENSG00000179178.10	1	43269993	43269994	0.3149	rs11590627	-10.18	rs2784466	0.159247	-4.84	1.682466	449	17	enet	0.061	0.0021	-1.95128	0.051
Ovary	/media/kame/Data/_workings/resource/GTEv8//GTExv8.EUR.Ovary/ENSG00000159479.16.wgt.RDat	ENSG00000159479.16	1	43389807	43389808	0.1084	rs11590627	-10.18	rs839752	0.041024	3.74	-2.981289	454	9	enet	0.017	0.069	-5.42898	5.67e-08
Ovary	/media/kame/Data/_workings/resource/GTEv8//GTExv8.EUR.Ovary/ENSG00000070785.16.wgt.RDat	ENSG00000070785.16	1	44986721	44986722	0.3124	rs12137389	-3.35	rs263966	0.144956	4.78	0.505403	317	9	enet	0.038	0.012	0.32119	0.748
Ovary	/media/kame/Data/_workings/resource/GTEv8//GTExv8.EUR.Ovary/ENSG00000126088.13.wgt.RDat	ENSG00000126088.13	1	45012146	45012147	0.2073	rs12137389	-3.35	rs7525733	0.228872	-5.7	0.309445	321	12	enet	0.19	5.9e-08	-0.27059	0.787
Ovary	/media/kame/Data/_workings/resource/GTEv8//GTExv8.EUR.Ovary/ENSG00000280670.2.wgt.RDat	ENSG00000280670.2	1	45500051	45500052	0.7896	rs518216	6.26	rs4660862	0.682172	9.89	0.22885	282	20	enet	0.72	1.5e-39	0.09329	0.926
Ovary	/media/kame/Data/_workings/resource/GTEv8//GTExv8.EUR.Ovary/ENSG00000132763.14.wgt.RDat	ENSG00000132763.14	1	45500079	45500080	0.1127	rs518216	6.26	rs4233496	0.033614	3.78	0.367321	282	10	enet	0.066	0.0014	0.7616	0.446
Ovary	/media/kame/Data/_workings/resource/GTEv8//GTExv8.EUR.Ovary/ENSG00000086015.20.wgt.RDat	ENSG00000086015.20	1	45786986	45786987	0.1231	rs518216	6.26	rs4626927	0.032695	3.71	-0.551494	305	19	enet	0.061	0.002	-0.8098	0.418
Ovary	/media/kame/Data/_workings/resource/GTEv8//GTExv8.EUR.Ovary/ENSG00000232022.7.wgt.RDat	ENSG00000232022.7	1	46432128	46432129	0.1081	rs324423	-5.42	rs3766246	0.071987	4.03	-2.812211	339	6	enet	0.019	0.058	-1.86948	0.0616
Ovary	/media/kame/Data/_workings/resource/GTEv8//GTExv8.EUR.Ovary/ENSG00000117834.12.wgt.RDat	ENSG00000117834.12	1	48222684	48222685	0.3636	rs12403496	4.94	rs1056042	0.246522	6.13	-0.411394	483	30	enet	0.19	4.4e-08	-0.46557	0.642
Ovary	/media/kame/Data/_workings/resource/GTEv8//GTExv8.EUR.Ovary/ENSG00000272491.1.wgt.RDat	ENSG00000272491.1	1	48229560	48229561	0.4042	rs12403496	4.94	rs1056042	0.331648	6.78	-0.406975	482	37	enet	0.23	1.6e-09	-0.68114	0.496
Ovary	/media/kame/Data/_workings/resource/GTEv8//GTExv8.EUR.Ovary/ENSG00000154222.14.wgt.RDat	ENSG00000154222.14	1	52366192	52366193	0.1641	rs2783192	-3.66	rs6657731	-0.000154	3.84	-0.503151	255	31	enet	0.015	0.083	-0.0306	0.976
Ovary	/media/kame/Data/_workings/resource/GTEv8//GTExv8.EUR.Ovary/ENSG00000134744.13.wgt.RDat	ENSG00000134744.13	1	52553486	52553487	0.3954	rs2783192	-3.66	rs4272565	0.306107	7.02	-0.18628	259	57	enet	0.33	7.6e-14	-0.48368	0.629
Ovary	/media/kame/Data/_workings/resource/GTEv8//GTExv8.EUR.Ovary/ENSG00000116171.17.wgt.RDat	ENSG00000116171.17	1	52927228	52927229	0.205	rs2788032	4.8	rs2788032	0.007643	3.54	4.80455	429	13	enet	0.016	0.077	2.48089	0.0131
Ovary	/media/kame/Data/_workings/resource/GTEv8//GTExv8.EUR.Ovary/ENSG00000235563.1.wgt.RDat	ENSG00000235563.1	1	53114575	53114576	0.2599	rs2788032	4.8	rs17107710	0.038765	3.85	-0.083974	487	38	enet	0.0059	0.18	-0.53306	0.594
Ovary	/media/kame/Data/_workings/resource/GTEv8//GTExv8.EUR.Ovary/ENSG00000162383.11.wgt.RDat	ENSG00000162383.11	1	53142631	53142632	0.3448	rs2788032	4.8	rs1769309	0.022502	-4.38	0.122946	478	20	enet	0.1	6.5e-05	-0.35675	0.721
Ovary	/media/kame/Data/_workings/resource/GTEv8//GTExv8.EUR.Ovary/ENSG00000162384.13.wgt.RDat	ENSG00000162384.13	1	53220616	53220617	0.2423	rs2788032	4.8	rs370493	0.151348	4.97	-2.435884	479	5	enet	0.052	0.0042	-1.55802	0.119
Ovary	/media/kame/Data/_workings/resource/GTEv8//GTExv8.EUR.Ovary/ENSG00000174332.5.wgt.RDat	ENSG00000174332.5	1	53738105	53738106	0.3385	rs2788032	4.8	rs797913	0.311449	6.71	0.181938	490	22	enet	0.33	1.7e-13	1.10559	0.269
Ovary	/media/kame/Data/_workings/resource/GTEv8//GTExv8.EUR.Ovary/ENSG00000058799.14.wgt.RDat	ENSG00000058799.14	1	53889833	53889834	0.3714	rs12033075	-4.25	rs6678619	-0.006178	-3.32	0.359426	495	45	enet	-0.0069	0.8	-0.34334	0.731
Ovary	/media/kame/Data/_workings/resource/GTEv8//GTExv8.EUR.Ovary/ENSG00000243725.6.wgt.RDat	ENSG00000243725.6	1	54715821	54715822	0.2949	rs1105690	-5.07	rs3766415	0.124095	4.39	-0.339645	527	35	enet	0.079	0.00051	-0.99663	0.319
Ovary	/media/kame/Data/_workings/resource/GTEv8//GTExv8.EUR.Ovary/ENSG00000162402.13.wgt.RDat	ENSG00000162402.13	1	55215112	55215113	0.3604	rs12565309	-4.05	rs1180967	-0.006851	3.5	-0.15586	616	25	enet	0.056	0.0031	0.5108	0.609
Ovary	/media/kame/Data/_workings/resource/GTEv8//GTExv8.EUR.Ovary/ENSG00000173406.15.wgt.RDat	ENSG00000173406.15	1	58343402	58343403	0.2447	rs11207177	-5.97	rs11207128	-0.000837	3.59	-1.435704	608	5	enet	-0.0064	0.72	-1.43542	0.151
Ovary	/media/kame/Data/_workings/resource/GTEv8//GTExv8.EUR.Ovary/ENSG00000237352.3.wgt.RDat	ENSG00000237352.3	1	58933642	58933643	0.2099	rs11207327	-4.17	rs232812	-0.001607	3.76	-0.102554	486	14	enet	0.0027	0.24	-0.31153	0.755
Ovary	/media/kame/Data/_workings/resource/GTEv8//GTExv8.EUR.Ovary/ENSG00000116641.17.wgt.RDat	ENSG00000116641.17	1	62688367	62688368	0.2173	rs6692004	-3.79	rs1168114	0.144971	-5.16	-0.549682	532	15	enet	0.15	2.1e-06	0.55195	0.581
Ovary	/media/kame/Data/_workings/resource/GTEv8//GTExv8.EUR.Ovary/ENSG00000142856.16.wgt.RDat	ENSG00000142856.16	1	63529185	63529186	0.837	rs12024843	-3.87	rs217448	0.711047	9.89	-0.684972	488	10	enet	0.72	2.4e-39	-0.62815	0.53
Ovary	/media/kame/Data/_workings/resource/GTEv8//GTExv8.EUR.Ovary/ENSG00000244256.3.wgt.RDat	ENSG00000244256.3	1	63655742	63655743	0.2998	rs12024843	-3.87	rs17265922	-0.005285	3.27	-0.505943	460	33	enet	-0.0017	0.38	0.11633	0.907
Ovary	/media/kame/Data/_workings/resource/GTEv8//GTExv8.EUR.Ovary/ENSG00000152760.9.wgt.RDat	ENSG00000152760.9	1	66752459	66752460	0.3089	rs6689313	-6.26	rs512691	0.055265	4.46	-3.877601	558	35	enet	0.083	0.00036	-3.26716	0.00109
Ovary	/media/kame/Data/_workings/resource/GTEv8//GTExv8.EUR.Ovary/ENSG00000197568.13.wgt.RDat	ENSG00000197568.13	1	70354804	70354805	0.2041	rs2782762	-6.02	rs10493473	0.046855	-4.18	0.245305	409	24	enet	0.065	0.0015	1.04646	0.295
Ovary	/media/kame/Data/_workings/resource/GTEv8//GTExv8.EUR.Ovary/ENSG00000162620.15.wgt.RDat	ENSG00000162620.15	1	74198186	74198187	0.3755	rs1353674	7.37	rs11806946	0.437145	-7.82	0.046394	357	17	enet	0.41	1.3e-17	-0.08509	0.932
Ovary	/media/kame/Data/_workings/resource/GTEv8//GTExv8.EUR.Ovary/ENSG00000116783.14.wgt.RDat	ENSG00000116783.14	1	74235400	74235401	0.2893	rs1353674	7.15	rs518769	0.108498	-5.17	0.574477	357	33	enet	0.062	0.0019	-0.21618	0.829
Ovary	/media/kame/Data/_workings/resource/GTEv8//GTExv8.EUR.Ovary/ENSG00000272864.1.wgt.RDat	ENSG00000272864.1	1	74699332	74699333	0.4581	rs1011542	6.05	rs6662846	0.313453	-6.81	-1.905308	374	13	enet	0.22	5.9e-09	0.59209	0.554
Ovary	/media/kame/Data/_workings/resource/GTEv8//GTExv8.EUR.Ovary/ENSG00000116791.13.wgt.RDat	ENSG00000116791.13	1	74733150	74733151	0.5661	rs975152	7.18	rs17552114	0.28514	-6.35	-1.189068	379	44	enet	0.26	1.3e-10	0.16764	0.867
Ovary	/media/kame/Data/_workings/resource/GTEv8//GTExv8.EUR.Ovary/ENSG00000137955.15.wgt.RDat	ENSG00000137955.15	1	75786698	75786699	0.1959	rs1414403	7.52	rs12043473	0.002408	-3.73	-0.148928	456	31	enet	0.028	0.027	1.00642	0.314
Ovary	/media/kame/Data/_workings/resource/GTEv8//GTExv8.EUR.Ovary/ENSG00000057468.6.wgt.RDat	ENSG00000057468.6	1	75796881	75796882	0.3526	rs1414403	7.52	rs1146607	0.18674	-5.61	-0.233782	458	37	enet	0.18	1.4e-07	0.63369	0.526
Ovary	/media/kame/Data/_workings/resource/GTEv8//GTExv8.EUR.Ovary/ENSG00000153898.12.wgt.RDat	ENSG00000153898.12	1	84997112	84997113	0.3855	rs12031476	-5.46	rs632545	0.145417	-5.1	-0.233053	581	42	enet	0.14	3e-06	0.60169	0.547
Ovary	/media/kame/Data/_workings/resource/GTEv8//GTExv8.EUR.Ovary/ENSG00000097096.8.wgt.RDat	ENSG00000097096.8	1	85201045	85201046	0.2508	rs562080	-5.21	rs10782543	0.028599	4.25	-0.094622	577	16	enet	0.029	0.025	-1.13564	0.256
Ovary	/media/kame/Data/_workings/resource/GTEv8//GTExv8.EUR.Ovary/ENSG00000171502.14.wgt.RDat	ENSG00000171502.14	1	86156942	86156943	0.5084	rs6686918	5.97	rs4912453	0.502542	-8.34	-0.318068	481	7	enet	0.48	3.1e-21	0.15079	0.88
Ovary	/media/kame/Data/_workings/resource/GTEv8//GTExv8.EUR.Ovary/ENSG00000122417.15.wgt.RDat	ENSG00000122417.15	1	86396341	86396342	0.3578	rs6686918	5.97	rs12072655	0.287341	-6.89	0.003354	442	12	enet	0.27	2.8e-11	0.17989	0.857
Ovary	/media/kame/Data/_workings/resource/GTEv8//GTExv8.EUR.Ovary/ENSG00000279778.1.wgt.RDat	ENSG00000279778.1	1	87808371	87808372	0.2722	rs608410	9.84	rs2491294	0.054419	-5.22	-0.206775	452	16	enet	0.019	0.056	0.55316	0.58
Ovary	/media/kame/Data/_workings/resource/GTEv8//GTExv8.EUR.Ovary/ENSG00000137944.17.wgt.RDat	ENSG00000137944.17	1	88988354	88988355	0.4826	rs12732279	-3.6	rs10801690	0.306551	-6.73	0.716942	355	16	enet	0.27	3.3e-11	0.08187	0.935
Ovary	/media/kame/Data/_workings/resource/GTEv8//GTExv8.EUR.Ovary/ENSG00000117226.11.wgt.RDat	ENSG00000117226.11	1	89022893	89022894	0.5323	rs12732279	-3.6	rs17433780	0.445079	-7.9	-0.012787	341	10	enet	0.42	4.6e-18	-0.18064	0.857
Ovary	/media/kame/Data/_workings/resource/GTEv8//GTExv8.EUR.Ovary/ENSG00000213512.1.wgt.RDat	ENSG00000213512.1	1	89176039	89176040	0.5374	rs12732279	-3.6	rs674903	0.501163	8.33	0.768764	354	14	enet	0.46	2.9e-20	0.5064	0.613
Ovary	/media/kame/Data/_workings/resource/GTEv8//GTExv8.EUR.Ovary/ENSG00000225492.6.wgt.RDat	ENSG00000225492.6	1	89407678	89407679	0.4159	rs7538578	-4.65	rs10801736	0.241351	-5.86	-0.341558	362	11	enet	0.22	2.6e-09	0.31073	0.756
Ovary	/media/kame/Data/_workings/resource/GTEv8//GTExv8.EUR.Ovary/ENSG00000171488.14.wgt.RDat	ENSG00000171488.14	1	89633071	89633072	0.1943	rs7538578	-4.65	rs1011702	0.082129	4.42	3.322487	363	18	enet	0.062	0.0019	3.79224	0.000149
Ovary	/media/kame/Data/_workings/resource/GTEv8//GTExv8.EUR.Ovary/ENSG00000162669.15.wgt.RDat	ENSG00000162669.15	1	91404868	91404869	0.4284	rs6687904	7.5	rs4658219	0.141961	4.96	0.524212	526	27	enet	0.066	0.0013	-1.135	0.256
Ovary	/media/kame/Data/_workings/resource/GTEv8//GTExv8.EUR.Ovary/ENSG00000069712.12.wgt.RDat	ENSG00000069712.12	1	92166984	92166985	0.1652	rs6699855	4.19	rs4261159	0.019465	4.03	2.803205	396	54	enet	0.011	0.11	1.73888	0.0821
Ovary	/media/kame/Data/_workings/resource/GTEv8//GTExv8.EUR.Ovary/ENSG00000223745.7.wgt.RDat	ENSG00000223745.7	1	93345886	93345887	0.5285	rs10518536	-7.82	rs546	0.551378	-8.78	1.042794	301	36	enet	0.52	7.7e-24	-0.25768	0.797
Ovary	/media/kame/Data/_workings/resource/GTEv8//GTExv8.EUR.Ovary/ENSG00000230439.2.wgt.RDat	ENSG00000230439.2	1	93775443	93775444	0.5728	rs10518536	-7.82	rs2818164	0.469782	8.39	0.087718	434	31	enet	0.49	1.1e-21	-0.3523	0.725
Ovary	/media/kame/Data/_workings/resource/GTEv8//GTExv8.EUR.Ovary/ENSG00000226026.5.wgt.RDat	ENSG00000226026.5	1	95233981	95233982	0.2214	rs12081011	6.29	rs6680551	-0.006603	3.67	-3.195574	490	35	enet	0.019	0.059	-1.285	0.199
Ovary	/media/kame/Data/_workings/resource/GTEv8//GTExv8.EUR.Ovary/ENSG00000122481.16.wgt.RDat	ENSG00000122481.16	1	95234154	95234155	0.316	rs12081011	6.29	rs6678964	0.07776	4.71	0.526128	490	29	enet	0.18	1.8e-07	0.11287	0.91
Ovary	/media/kame/Data/_workings/resource/GTEv8//GTExv8.EUR.Ovary/ENSG00000228852.6.wgt.RDat	ENSG00000228852.6	1	95278939	95278940	0.2519	rs12081011	6.29	rs6666528	0.082924	4.34	-2.203955	469	36	enet	0.049	0.0054	-0.78875	0.43
Ovary	/media/kame/Data/_workings/resource/GTEv8//GTExv8.EUR.Ovary/ENSG00000156876.9.wgt.RDat	ENSG00000156876.9	1	100132954	100132955	0.1782	rs10493931	-4.62	rs12036260	0.033538	4.14	-0.983312	449	17	enet	0.026	0.034	-0.46077	0.645
Ovary	/media/kame/Data/_workings/resource/GTEv8//GTExv8.EUR.Ovary/ENSG00000122477.12.wgt.RDat	ENSG00000122477.12	1	100178272	100178273	0.3437	rs10493931	-4.62	rs834575	0.169083	5.19	2.012812	439	20	enet	0.11	3.7e-05	2.07973	0.0376
Ovary	/media/kame/Data/_workings/resource/GTEv8//GTExv8.EUR.Ovary/ENSG00000137996.12.wgt.RDat	ENSG00000137996.12	1	100266206	100266207	0.1901	rs10493931	-4.62	rs10783127	0.126274	4.91	0.005203	409	11	enet	0.065	0.0015	0.01125	0.991
Ovary	/media/kame/Data/_workings/resource/GTEv8//GTExv8.EUR.Ovary/ENSG00000243480.7.wgt.RDat	ENSG00000243480.7	1	103616810	103616811	0.2411	rs2149604	5.84	rs17014930	0.000309	3.05	-0.597867	182	19	enet	0.021	0.05	-0.34165	0.733
Ovary	/media/kame/Data/_workings/resource/GTEv8//GTExv8.EUR.Ovary/ENSG00000215869.4.wgt.RDat	ENSG00000215869.4	1	104072982	104072983	0.3038	rs12410233	9.38	rs2149604	0.072886	5.27	5.844107	310	29	enet	0.14	5.3e-06	4.41667	1e-05
Ovary	/media/kame/Data/_workings/resource/GTEv8//GTExv8.EUR.Ovary/ENSG00000162636.15.wgt.RDat	ENSG00000162636.15	1	108560088	108560089	0.4617	rs11185272	3.94	rs7354892	0.250078	5.91	-0.927958	344	38	enet	0.19	3.6e-08	-0.41678	0.677
Ovary	/media/kame/Data/_workings/resource/GTEv8//GTExv8.EUR.Ovary/ENSG00000273382.1.wgt.RDat	ENSG00000273382.1	1	109089801	109089802	0.2252	rs3820667	6.23	rs839878	0.02328	3.85	-0.417443	408	37	enet	-0.00084	0.35	0.19548	0.845
Ovary	/media/kame/Data/_workings/resource/GTEv8//GTExv8.EUR.Ovary/ENSG00000143028.8.wgt.RDat	ENSG00000143028.8	1	109466627	109466628	0.6307	rs3820667	6.23	rs2039694	0.557491	-8.89	2.13858	421	21	enet	0.54	4.4e-25	-1.76691	0.0772
Ovary	/media/kame/Data/_workings/resource/GTEv8//GTExv8.EUR.Ovary/ENSG00000162650.16.wgt.RDat	ENSG00000162650.16	1	109483478	109483479	0.2922	rs3820667	6.23	rs749056	0.178228	-5.85	3.605189	411	22	enet	0.21	1e-08	-1.69961	0.0892
Ovary	/media/kame/Data/_workings/resource/GTEv8//GTExv8.EUR.Ovary/ENSG00000134201.10.wgt.RDat	ENSG00000134201.10	1	109712254	109712255	0.3411	rs3820667	6.23	rs3754446	0.274701	-6.52	0.048008	435	5	enet	0.27	6.1e-11	-0.56848	0.57
Ovary	/media/kame/Data/_workings/resource/GTEv8//GTExv8.EUR.Ovary/ENSG00000134202.10.wgt.RDat	ENSG00000134202.10	1	109741037	109741038	0.4069	rs3820667	6.23	rs1332018	0.216163	-6.09	0.324625	441	16	enet	0.24	4.3e-10	0.16921	0.866
Ovary	/media/kame/Data/_workings/resource/GTEv8//GTExv8.EUR.Ovary/ENSG00000156171.14.wgt.RDat	ENSG00000156171.14	1	111140215	111140216	0.4124	rs17028134	-4.53	rs325926	0.142189	-5.53	0.746861	567	45	enet	0.21	1.3e-08	-0.37224	0.71
Ovary	/media/kame/Data/_workings/resource/GTEv8//GTExv8.EUR.Ovary/ENSG00000162777.16.wgt.RDat	ENSG00000162777.16	1	111204534	111204535	0.2916	rs11811128	-4.7	rs630505	0.185473	5.38	0.186262	555	15	enet	0.12	1.7e-05	-0.19353	0.847
Ovary	/media/kame/Data/_workings/resource/GTEv8//GTExv8.EUR.Ovary/ENSG00000116489.12.wgt.RDat	ENSG00000116489.12	1	112619796	112619797	0.14	rs974442	-6.98	rs910697	0.120192	4.35	0.322523	331	18	enet	0.043	0.0081	0.0204	0.984
Ovary	/media/kame/Data/_workings/resource/GTEv8//GTExv8.EUR.Ovary/ENSG00000238198.1.wgt.RDat	ENSG00000238198.1	1	113073104	113073105	0.1596	rs4534375	4.5	rs2798686	0.11559	-4.68	-1.037191	337	13	enet	0.092	0.00018	1.25746	0.209
Ovary	/media/kame/Data/_workings/resource/GTEv8//GTExv8.EUR.Ovary/ENSG00000116874.11.wgt.RDat	ENSG00000116874.11	1	119140394	119140395	0.3798	rs12756653	-2.42	rs1057991	0.213318	-6.51	-0.082134	415	18	enet	0.32	2.5e-13	0.0595	0.953
Ovary	/media/kame/Data/_workings/resource/GTEv8//GTExv8.EUR.Ovary/ENSG00000231365.5.wgt.RDat	ENSG00000231365.5	1	119140458	119140459	0.4808	rs12756653	-2.42	rs10923754	0.325831	-6.99	-0.04811	415	19	enet	0.31	5.7e-13	-0.00223	0.998
Ovary	/media/kame/Data/_workings/resource/GTEv8//GTExv8.EUR.Ovary/ENSG00000186364.11.wgt.RDat	ENSG00000186364.11	1	145845628	145845629	0.1581	rs3766526	4.11	rs2231375	0.041032	3.97	1.525186	108	16	enet	0.085	3e-04	0.66939	0.503
Ovary	/media/kame/Data/_workings/resource/GTEv8//GTExv8.EUR.Ovary/ENSG00000198483.12.wgt.RDat	ENSG00000198483.12	1	145885865	145885866	0.3531	rs3766526	4.11	rs6670984	0.32727	6.89	0.638016	108	8	enet	0.31	8.1e-13	0.73349	0.463
Ovary	/media/kame/Data/_workings/resource/GTEv8//GTExv8.EUR.Ovary/ENSG00000233396.7.wgt.RDat	ENSG00000233396.7	1	146052565	146052566	0.1461	rs3766526	4.11	rs16827043	0.017854	3.63	-0.036408	108	14	enet	0.0043	0.21	0.38674	0.699
Ovary	/media/kame/Data/_workings/resource/GTEv8//GTExv8.EUR.Ovary/ENSG00000271425.7.wgt.RDat	ENSG00000271425.7	1	146144803	146144804	0.5643	rs3766526	4.11	rs16827043	0.347271	7.03	-0.036408	108	14	enet	0.28	9.5e-12	-0.37821	0.705
Ovary	/media/kame/Data/_workings/resource/GTEv8//GTExv8.EUR.Ovary/ENSG00000225603.3.wgt.RDat	ENSG00000225603.3	1	147050816	147050817	0.4856	rs6593757	2.84	rs12737860	0.341549	6.91	0.313149	308	16	enet	0.32	4.3e-13	0.41552	0.678
Ovary	/media/kame/Data/_workings/resource/GTEv8//GTExv8.EUR.Ovary/ENSG00000227242.4.wgt.RDat	ENSG00000227242.4	1	147056592	147056593	0.7208	rs6593757	2.84	rs12737860	0.415559	7.64	0.313149	314	63	enet	0.44	6.3e-19	-0.07955	0.937
Ovary	/media/kame/Data/_workings/resource/GTEv8//GTExv8.EUR.Ovary/ENSG00000131791.7.wgt.RDat	ENSG00000131791.7	1	147172549	147172550	0.1738	rs6593757	2.84	rs10900321	0.139299	-4.92	-0.097271	374	11	enet	0.078	0.00053	0.1059	0.916
Ovary	/media/kame/Data/_workings/resource/GTEv8//GTExv8.EUR.Ovary/ENSG00000237188.3.wgt.RDat	ENSG00000237188.3	1	147172770	147172771	0.1494	rs6593757	2.84	rs11800580	0.091504	4.98	1.381785	374	29	enet	0.058	0.0026	0.90081	0.368
Ovary	/media/kame/Data/_workings/resource/GTEv8//GTExv8.EUR.Ovary/ENSG00000131778.18.wgt.RDat	ENSG00000131778.18	1	147242640	147242641	0.2291	rs6593757	2.84	rs11240113	-0.007347	3.53	0.057939	401	26	enet	-0.0073	0.97	-0.84673	0.397
Ovary	/media/kame/Data/_workings/resource/GTEv8//GTExv8.EUR.Ovary/ENSG00000278811.4.wgt.RDat	ENSG00000278811.4	1	147517874	147517875	0.4919	rs4950495	-2.98	rs11800580	0.235436	6.16	1.381785	487	103	enet	0.26	7.7e-11	0.56302	0.573
Ovary	/media/kame/Data/_workings/resource/GTEv8//GTExv8.EUR.Ovary/ENSG00000162836.11.wgt.RDat	ENSG00000162836.11	1	147670495	147670496	0.5071	rs4950495	-2.98	rs11579007	0.294384	7.08	0.498301	409	10	enet	0.39	2.3e-16	0.59827	0.55
Ovary	/media/kame/Data/_workings/resource/GTEv8//GTExv8.EUR.Ovary/ENSG00000263956.6.wgt.RDat	ENSG00000263956.6	1	148152321	148152322	0.1942	rs4950495	-2.98	rs4950574	0.089638	-4.66	-0.044806	164	5	enet	0.12	2e-05	-0.00508	0.996
Ovary	/media/kame/Data/_workings/resource/GTEv8//GTExv8.EUR.Ovary/ENSG00000231551.8.wgt.RDat	ENSG00000231551.8	1	148402515	148402516	0.1016	rs35878762	3.61	rs481176	0.016236	3.81	0.057332	44	6	enet	0.0073	0.16	0.03967	0.968
Ovary	/media/kame/Data/_workings/resource/GTEv8//GTExv8.EUR.Ovary/ENSG00000159164.9.wgt.RDat	ENSG00000159164.9	1	149917881	149917882	0.2539	rs35938158	-3.64	rs16835135	0.138263	-4.98	-0.466454	134	6	enet	0.12	2.1e-05	0.38669	0.699
Ovary	/media/kame/Data/_workings/resource/GTEv8//GTExv8.EUR.Ovary/ENSG00000014914.20.wgt.RDat	ENSG00000014914.20	1	149936866	149936867	0.238	rs35938158	-3.64	rs7531664	0.009472	3.4	-0.234648	137	18	enet	0.066	0.0014	0.2693	0.788
Ovary	/media/kame/Data/_workings/resource/GTEv8//GTExv8.EUR.Ovary/ENSG00000266472.5.wgt.RDat	ENSG00000266472.5	1	150293719	150293720	0.1471	rs35938158	-3.64	rs4971010	0.005286	-3.7	-1.794233	247	5	enet	0.0059	0.18	1.41493	0.157
Ovary	/media/kame/Data/_workings/resource/GTEv8//GTExv8.EUR.Ovary/ENSG00000237781.3.wgt.RDat	ENSG00000237781.3	1	150557723	150557724	0.2416	rs2091219	-4.89	rs9659073	0.031404	3.61	0.317572	284	28	enet	0.1	6.4e-05	2.07089	0.0384
Ovary	/media/kame/Data/_workings/resource/GTEv8//GTExv8.EUR.Ovary/ENSG00000163131.10.wgt.RDat	ENSG00000163131.10	1	150765956	150765957	0.2043	rs6676190	-5.99	rs12402939	0.097463	4.54	0.304482	297	27	enet	0.066	0.0014	0.3877	0.698
Ovary	/media/kame/Data/_workings/resource/GTEv8//GTExv8.EUR.Ovary/ENSG00000143387.12.wgt.RDat	ENSG00000143387.12	1	150808322	150808323	0.2417	rs6676190	-5.99	rs7521445	0.095141	-4.29	0.028528	289	20	enet	0.067	0.0013	-0.00968	0.992
Ovary	/media/kame/Data/_workings/resource/GTEv8//GTExv8.EUR.Ovary/ENSG00000143418.19.wgt.RDat	ENSG00000143418.19	1	150975003	150975004	0.2281	rs6676190	-5.99	rs2272214	0.159023	5.32	0.833347	300	18	enet	0.16	9.2e-07	-0.00561	0.996
Ovary	/media/kame/Data/_workings/resource/GTEv8//GTExv8.EUR.Ovary/ENSG00000143434.15.wgt.RDat	ENSG00000143434.15	1	151146663	151146664	0.2895	rs6676190	-5.99	rs6664387	0.087735	4.93	-0.963278	300	19	enet	0.12	1.7e-05	-2.55739	0.0105
Ovary	/media/kame/Data/_workings/resource/GTEv8//GTExv8.EUR.Ovary/ENSG00000143442.21.wgt.RDat	ENSG00000143442.21	1	151459464	151459465	0.2514	rs6676190	-5.99	rs35118469	0.012157	3.95	-0.686509	334	24	enet	0.013	0.099	0.17636	0.86
Ovary	/media/kame/Data/_workings/resource/GTEv8//GTExv8.EUR.Ovary/ENSG00000143376.12.wgt.RDat	ENSG00000143376.12	1	151612399	151612400	0.2303	rs12569193	-5.8	rs12122920	0.016819	3.46	-0.100468	324	13	enet	0.042	0.009	-0.96538	0.334
Ovary	/media/kame/Data/_workings/resource/GTEv8//GTExv8.EUR.Ovary/ENSG00000159445.12.wgt.RDat	ENSG00000159445.12	1	151909807	151909808	0.2249	rs3007680	-3.99	rs3007711	0.086572	-4.69	0.568948	326	8	enet	0.1	8.9e-05	-0.31303	0.754
Ovary	/media/kame/Data/_workings/resource/GTEv8//GTExv8.EUR.Ovary/ENSG00000229021.2.wgt.RDat	ENSG00000229021.2	1	151994530	151994531	0.229	rs3007680	-3.99	rs6587640	0.023011	-3.82	-1.096128	341	11	enet	0.00039	0.31	0.7985	0.425
Ovary	/media/kame/Data/_workings/resource/GTEv8//GTExv8.EUR.Ovary/ENSG00000237975.6.wgt.RDat	ENSG00000237975.6	1	152168124	152168125	0.7853	rs3007680	-3.99	rs1552991	0.497708	8.29	-0.508729	372	46	enet	0.6	4.9e-29	-0.23585	0.814
Ovary	/media/kame/Data/_workings/resource/GTEv8//GTExv8.EUR.Ovary/ENSG00000197915.5.wgt.RDat	ENSG00000197915.5	1	152224192	152224193	0.6023	rs3007680	-3.99	rs1552991	0.236074	-5.99	-0.508729	381	36	enet	0.3	1.5e-12	0.50242	0.615
Ovary	/media/kame/Data/_workings/resource/GTEv8//GTExv8.EUR.Ovary/ENSG00000143631.10.wgt.RDat	ENSG00000143631.10	1	152325202	152325203	0.5792	rs4845488	4.33	rs1552991	0.353748	7.04	-0.508729	395	40	enet	0.4	4.4e-17	0.11484	0.909
Ovary	/media/kame/Data/_workings/resource/GTEv8//GTExv8.EUR.Ovary/ENSG00000196805.7.wgt.RDat	ENSG00000196805.7	1	153070839	153070840	0.3302	rs4845488	4.33	rs11586313	0.151012	-5.83	-0.022833	486	49	enet	0.24	8.6e-10	-1.3008	0.193
Ovary	/media/kame/Data/_workings/resource/GTEv8//GTExv8.EUR.Ovary/ENSG00000244094.1.wgt.RDat	ENSG00000244094.1	1	153113514	153113515	0.2408	rs4845488	4.33	rs454245	0.103381	-4.5	1.436564	483	19	enet	0.085	3e-04	-1.01421	0.31
Ovary	/media/kame/Data/_workings/resource/GTEv8//GTExv8.EUR.Ovary/ENSG00000160678.11.wgt.RDat	ENSG00000160678.11	1	153627925	153627926	0.1806	rs11264824	-4.3	rs3818632	0.175118	5.09	0.053258	398	18	enet	0.13	9.4e-06	0.03338	0.973
Ovary	/media/kame/Data/_workings/resource/GTEv8//GTExv8.EUR.Ovary/ENSG00000272030.1.wgt.RDat	ENSG00000272030.1	1	153634396	153634397	0.2834	rs11264824	-4.3	rs913861	0.273289	6.4	0.069721	398	10	enet	0.24	7.2e-10	0.07646	0.939
Ovary	/media/kame/Data/_workings/resource/GTEv8//GTExv8.EUR.Ovary/ENSG00000143552.9.wgt.RDat	ENSG00000143552.9	1	154155115	154155116	0.1564	rs2229238	6.19	rs6427268	0.080954	4.3	-0.269646	322	27	enet	0.051	0.0045	-0.16558	0.868
Ovary	/media/kame/Data/_workings/resource/GTEv8//GTExv8.EUR.Ovary/ENSG00000143595.12.wgt.RDat	ENSG00000143595.12	1	154321089	154321090	0.3046	rs2229238	6.19	rs4414034	0.035256	-3.91	-0.137067	376	37	enet	0.067	0.0012	2.26665	0.0234
Ovary	/media/kame/Data/_workings/resource/GTEv8//GTExv8.EUR.Ovary/ENSG00000169231.13.wgt.RDat	ENSG00000169231.13	1	155207980	155207981	0.188	rs4845681	13.15	rs2066981	-0.00688	-3.39	-1.6519	334	25	enet	-0.0071	0.87	-0.4147	0.678
Ovary	/media/kame/Data/_workings/resource/GTEv8//GTExv8.EUR.Ovary/ENSG00000163468.14.wgt.RDat	ENSG00000163468.14	1	156367872	156367873	0.4413	rs2758609	-4.91	rs12122180	0.321881	-7.26	-0.197134	409	27	enet	0.34	3.1e-14	0.30539	0.76
Ovary	/media/kame/Data/_workings/resource/GTEv8//GTExv8.EUR.Ovary/ENSG00000243284.1.wgt.RDat	ENSG00000243284.1	1	159862656	159862657	0.5233	rs4656879	4.77	rs4133290	0.411527	7.57	0.285162	511	10	enet	0.39	1.4e-16	0.13057	0.896
Ovary	/media/kame/Data/_workings/resource/GTEv8//GTExv8.EUR.Ovary/ENSG00000272668.1.wgt.RDat	ENSG00000272668.1	1	159866953	159866954	0.5986	rs4656879	4.77	rs4133290	0.453137	7.93	0.28066	512	11	enet	0.56	2e-26	0.29347	0.769
Ovary	/media/kame/Data/_workings/resource/GTEv8//GTExv8.EUR.Ovary/ENSG00000018625.14.wgt.RDat	ENSG00000018625.14	1	160115772	160115773	0.217	rs4656879	4.77	rs1131891	0.001425	3.85	0.505625	506	29	enet	0.077	0.00059	-0.40963	0.682
Ovary	/media/kame/Data/_workings/resource/GTEv8//GTExv8.EUR.Ovary/ENSG00000122223.12.wgt.RDat	ENSG00000122223.12	1	160862854	160862855	0.1749	rs2307420	-4.94	rs11265493	0.022305	3.78	-0.362646	460	8	enet	-0.00084	0.35	0.22985	0.818
Ovary	/media/kame/Data/_workings/resource/GTEv8//GTExv8.EUR.Ovary/ENSG00000162755.13.wgt.RDat	ENSG00000162755.13	1	161098360	161098361	0.4034	rs7519821	5.2	rs4489574	0.022615	4.41	-0.418158	410	39	enet	0.17	4.6e-07	-0.95321	0.34
Ovary	/media/kame/Data/_workings/resource/GTEv8//GTExv8.EUR.Ovary/ENSG00000143252.14.wgt.RDat	ENSG00000143252.14	1	161314256	161314257	0.343	rs7519821	5.2	rs16832823	0.003686	-3.38	0.285119	418	52	enet	0.073	0.00082	-2.66801	0.00763
Ovary	/media/kame/Data/_workings/resource/GTEv8//GTExv8.EUR.Ovary/ENSG00000232995.7.wgt.RDat	ENSG00000232995.7	1	163321888	163321889	0.2784	rs2791150	-4.88	rs10494390	0.11273	-4.88	0.239393	611	20	enet	0.12	2.5e-05	-0.05272	0.958
Ovary	/media/kame/Data/_workings/resource/GTEv8//GTExv8.EUR.Ovary/ENSG00000143149.12.wgt.RDat	ENSG00000143149.12	1	165698862	165698863	0.3743	rs10800097	-4.1	rs12408101	0.379278	-7.29	2.047455	592	9	enet	0.28	1.1e-11	-1.67267	0.0944
Ovary	/media/kame/Data/_workings/resource/GTEv8//GTExv8.EUR.Ovary/ENSG00000224358.1.wgt.RDat	ENSG00000224358.1	1	165769180	165769181	0.4685	rs10800097	-4.1	rs7524755	0.256102	6	-0.409603	572	33	enet	0.2	2.6e-08	-0.64264	0.52
Ovary	/media/kame/Data/_workings/resource/GTEv8//GTExv8.EUR.Ovary/ENSG00000225171.2.wgt.RDat	ENSG00000225171.2	1	166868747	166868748	0.2172	rs12409833	8.49	rs6718	0.202882	5.41	-0.063503	577	27	enet	0.14	4.1e-06	0.46137	0.645
Ovary	/media/kame/Data/_workings/resource/GTEv8//GTExv8.EUR.Ovary/ENSG00000143196.4.wgt.RDat	ENSG00000143196.4	1	168729263	168729264	0.3017	rs10429892	4.13	rs731949	0.120334	-4.35	-0.555951	576	30	enet	0.062	0.0019	0.85212	0.394
Ovary	/media/kame/Data/_workings/resource/GTEv8//GTExv8.EUR.Ovary/ENSG00000143156.13.wgt.RDat	ENSG00000143156.13	1	169367966	169367967	0.4036	rs2038024	4.2	rs10800408	0.429954	-7.94	-1.356847	585	30	enet	0.41	2.9e-17	1.14288	0.253
Ovary	/media/kame/Data/_workings/resource/GTEv8//GTExv8.EUR.Ovary/ENSG00000117477.12.wgt.RDat	ENSG00000117477.12	1	169460668	169460669	0.3221	rs2038024	4.2	rs11800843	0.043454	-5.24	0.827236	574	38	enet	0.18	1.4e-07	-1.93998	0.0524
Ovary	/media/kame/Data/_workings/resource/GTEv8//GTExv8.EUR.Ovary/ENSG00000171806.11.wgt.RDat	ENSG00000171806.11	1	169794965	169794966	0.3455	rs1360294	-4.99	rs12135361	0.335345	-6.97	0.000156	555	33	enet	0.29	3.6e-12	0.05769	0.954
Ovary	/media/kame/Data/_workings/resource/GTEv8//GTExv8.EUR.Ovary/ENSG00000271811.1.wgt.RDat	ENSG00000271811.1	1	170667380	170667381	0.2666	rs4656207	3.05	rs659580	0.113079	-5.26	-0.796289	449	5	enet	0.11	4.6e-05	0.37466	0.708
Ovary	/media/kame/Data/_workings/resource/GTEv8//GTExv8.EUR.Ovary/ENSG00000094963.13.wgt.RDat	ENSG00000094963.13	1	171185207	171185208	0.2711	rs235864	-3.91	rs1795240	0.060912	4.88	2.457984	542	26	enet	0.043	0.0083	1.86297	0.0625
Ovary	/media/kame/Data/_workings/resource/GTEv8//GTExv8.EUR.Ovary/ENSG00000034971.16.wgt.RDat	ENSG00000034971.16	1	171652682	171652683	0.2749	rs6687624	-6.32	rs4916401	0.009734	-3.46	2.857908	537	76	enet	0.056	0.0029	-0.5384	0.59
Ovary	/media/kame/Data/_workings/resource/GTEv8//GTExv8.EUR.Ovary/ENSG00000117533.14.wgt.RDat	ENSG00000117533.14	1	171742246	171742247	0.2005	rs6687624	-6.32	rs10913582	0.114916	4.56	0.55833	509	13	enet	0.08	0.00044	-0.56022	0.575
Ovary	/media/kame/Data/_workings/resource/GTEv8//GTExv8.EUR.Ovary/ENSG00000076321.10.wgt.RDat	ENSG00000076321.10	1	173714940	173714941	0.122	rs12354141	12.19	rs2227612	0.016237	3.29	1.41215	269	32	enet	-0.0064	0.73	-5.57652	2.45e-08
Ovary	/media/kame/Data/_workings/resource/GTEv8//GTExv8.EUR.Ovary/ENSG00000213057.5.wgt.RDat	ENSG00000213057.5	1	178542751	178542752	0.2064	rs178397	-5.77	rs4652302	0.139604	4.58	0.343796	339	15	enet	0.13	7.3e-06	0.8261	0.409
Ovary	/media/kame/Data/_workings/resource/GTEv8//GTExv8.EUR.Ovary/ENSG00000162779.21.wgt.RDat	ENSG00000162779.21	1	179365719	179365720	0.3535	rs12133376	-4.29	rs17369088	0.266796	-6.18	-0.008148	475	18	enet	0.3	3e-12	-0.52832	0.597
Ovary	/media/kame/Data/_workings/resource/GTEv8//GTExv8.EUR.Ovary/ENSG00000162782.15.wgt.RDat	ENSG00000162782.15	1	179591612	179591613	0.21	rs6657364	3.72	rs3765547	0.059843	4.28	1.273505	476	30	enet	0.028	0.028	-0.00492	0.996
Ovary	/media/kame/Data/_workings/resource/GTEv8//GTExv8.EUR.Ovary/ENSG00000179930.5.wgt.RDat	ENSG00000179930.5	1	182061711	182061712	0.2029	rs16857762	8.03	rs2485925	0.103213	4.36	1.475519	485	20	enet	0.014	0.087	1.3201	0.187
Ovary	/media/kame/Data/_workings/resource/GTEv8//GTExv8.EUR.Ovary/ENSG00000224810.1.wgt.RDat	ENSG00000224810.1	1	182069252	182069253	0.5018	rs16857762	8.03	rs2485925	0.094963	5.35	1.475519	485	55	enet	0.21	1.2e-08	1.83353	0.0667
Ovary	/media/kame/Data/_workings/resource/GTEv8//GTExv8.EUR.Ovary/ENSG00000224468.3.wgt.RDat	ENSG00000224468.3	1	183141281	183141282	0.2149	rs512189	-4.31	rs4233192	0.055576	3.99	0.318405	427	42	enet	0.025	0.035	-0.73948	0.46
Ovary	/media/kame/Data/_workings/resource/GTEv8//GTExv8.EUR.Ovary/ENSG00000116406.18.wgt.RDat	ENSG00000116406.18	1	184754912	184754913	0.1641	rs2001270	3.31	rs3895196	0.087936	4.34	-1.397783	422	26	enet	0.057	0.0028	-0.43761	0.662
Ovary	/media/kame/Data/_workings/resource/GTEv8//GTExv8.EUR.Ovary/ENSG00000000971.15.wgt.RDat	ENSG00000000971.15	1	196651877	196651878	0.1474	rs11586178	-4.11	rs2027368	0.136935	4.53	0.311412	256	22	enet	0.096	0.00012	-0.30052	0.764
Ovary	/media/kame/Data/_workings/resource/GTEv8//GTExv8.EUR.Ovary/ENSG00000116785.13.wgt.RDat	ENSG00000116785.13	1	196774794	196774795	0.2956	rs12406509	3.6	rs7542235	0.236007	-6.03	0.112113	242	25	enet	0.26	1.3e-10	0.06812	0.946
Ovary	/media/kame/Data/_workings/resource/GTEv8//GTExv8.EUR.Ovary/ENSG00000260088.1.wgt.RDat	ENSG00000260088.1	1	200669506	200669507	0.5209	rs16846948	3.55	rs3806358	0.491901	-8.26	-0.462816	527	28	enet	0.56	3.5e-26	0.65527	0.512
Ovary	/media/kame/Data/_workings/resource/GTEv8//GTExv8.EUR.Ovary/ENSG00000118197.13.wgt.RDat	ENSG00000118197.13	1	200669968	200669969	0.285	rs16846948	3.55	rs12126676	0.20503	-5.52	-0.014674	526	2	enet	0.14	4.1e-06	0.30815	0.758
Ovary	/media/kame/Data/_workings/resource/GTEv8//GTExv8.EUR.Ovary/ENSG00000232237.3.wgt.RDat	ENSG00000232237.3	1	201127183	201127184	0.6123	rs2078570	-3.33	rs1325311	0.294938	-7.04	-0.059703	655	21	enet	0.32	3.4e-13	-0.56465	0.572
Ovary	/media/kame/Data/_workings/resource/GTEv8//GTExv8.EUR.Ovary/ENSG00000116857.16.wgt.RDat	ENSG00000116857.16	1	201171573	201171574	0.4918	rs2078570	-3.33	rs7542768	0.407924	7.53	0.193876	666	13	enet	0.35	1.3e-14	0.39055	0.696
Ovary	/media/kame/Data/_workings/resource/GTEv8//GTExv8.EUR.Ovary/ENSG00000214796.8.wgt.RDat	ENSG00000214796.8	1	202861619	202861620	0.256	rs4245713	6.47	rs10800873	0.241818	-5.9	-0.536295	450	7	enet	0.21	7.9e-09	0.18281	0.855
Ovary	/media/kame/Data/_workings/resource/GTEv8//GTExv8.EUR.Ovary/ENSG00000229657.2.wgt.RDat	ENSG00000229657.2	1	204946607	204946608	0.2384	rs1110303	-6.87	rs12737855	0.069253	4.13	0.77651	573	29	enet	0.029	0.025	-0.34407	0.731
Ovary	/media/kame/Data/_workings/resource/GTEv8//GTExv8.EUR.Ovary/ENSG00000117222.13.wgt.RDat	ENSG00000117222.13	1	205122014	205122015	0.2281	rs1110303	-6.87	rs4951191	-0.006141	3.43	0.991004	592	16	enet	0.022	0.046	0.25669	0.797
Ovary	/media/kame/Data/_workings/resource/GTEv8//GTExv8.EUR.Ovary/ENSG00000162877.12.wgt.RDat	ENSG00000162877.12	1	205850131	205850132	0.5338	rs6676552	4.31	rs708727	0.453103	-8.16	2.037678	375	18	enet	0.46	4.3e-20	-1.42256	0.155
Ovary	/media/kame/Data/_workings/resource/GTEv8//GTExv8.EUR.Ovary/ENSG00000263528.7.wgt.RDat	ENSG00000263528.7	1	206470494	206470495	0.1628	rs4240844	-2.86	rs11119389	-0.000205	-3.73	0.004279	334	18	enet	0.022	0.044	-0.55672	0.578
Ovary	/media/kame/Data/_workings/resource/GTEv8//GTExv8.EUR.Ovary/ENSG00000143486.15.wgt.RDat	ENSG00000143486.15	1	206612458	206612459	0.2735	rs4240844	-2.86	rs3813972	0.200535	5.51	0.425272	360	3	enet	0.14	5e-06	-0.11515	0.908
Ovary	/media/kame/Data/_workings/resource/GTEv8//GTExv8.EUR.Ovary/ENSG00000123843.12.wgt.RDat	ENSG00000123843.12	1	207088841	207088842	0.1828	rs4240844	-2.86	rs3813948	-0.005356	3.56	0.900231	398	36	enet	0.068	0.0012	0.66632	0.505
Ovary	/media/kame/Data/_workings/resource/GTEv8//GTExv8.EUR.Ovary/ENSG00000117335.19.wgt.RDat	ENSG00000117335.19	1	207752056	207752057	0.1814	rs2782933	-7.03	rs10449303	0.114316	-4.74	-0.061644	475	29	enet	0.11	3.9e-05	-1.03014	0.303
Ovary	/media/kame/Data/_workings/resource/GTEv8//GTExv8.EUR.Ovary/ENSG00000284237.1.wgt.RDat	ENSG00000284237.1	1	207959291	207959292	0.2949	rs2782933	-7.03	rs560311	0.231025	-5.76	-0.143524	535	15	enet	0.22	4.5e-09	0.07448	0.941
Ovary	/media/kame/Data/_workings/resource/GTEv8//GTExv8.EUR.Ovary/ENSG00000054392.12.wgt.RDat	ENSG00000054392.12	1	210328251	210328252	0.2733	rs2743891	11.1	rs6697682	0.026669	3.97	0.201002	526	25	enet	0.061	0.002	-0.36642	0.714
Ovary	/media/kame/Data/_workings/resource/GTEv8//GTExv8.EUR.Ovary/ENSG00000143473.12.wgt.RDat	ENSG00000143473.12	1	211134179	211134180	0.2846	rs17017569	-7.48	rs11119575	0.197474	5.66	0.692688	473	12	enet	0.13	6.8e-06	0.51813	0.604
Ovary	/media/kame/Data/_workings/resource/GTEv8//GTExv8.EUR.Ovary/ENSG00000153363.12.wgt.RDat	ENSG00000153363.12	1	211382802	211382803	0.3497	rs17017569	-7.48	rs17017441	0.090919	-4.46	-0.004669	431	41	enet	0.036	0.015	-1.55744	0.119
Ovary	/media/kame/Data/_workings/resource/GTEv8//GTExv8.EUR.Ovary/ENSG00000065600.12.wgt.RDat	ENSG00000065600.12	1	212414900	212414901	0.2604	rs10494953	-4.22	rs612414	0.167456	5.46	-0.647566	463	23	enet	0.14	3.1e-06	-0.81912	0.413
Ovary	/media/kame/Data/_workings/resource/GTEv8//GTExv8.EUR.Ovary/ENSG00000117697.14.wgt.RDat	ENSG00000117697.14	1	212791781	212791782	0.2069	rs11586518	-7.05	rs6691852	0.030859	3.51	-0.756696	415	19	enet	0.019	0.06	-0.9165	0.359
Ovary	/media/kame/Data/_workings/resource/GTEv8//GTExv8.EUR.Ovary/ENSG00000203705.10.wgt.RDat	ENSG00000203705.10	1	212791827	212791828	0.1577	rs11586518	-7.05	rs4951458	0.069547	4.6	-0.063259	415	22	enet	0.096	0.00012	-0.54815	0.584
Ovary	/media/kame/Data/_workings/resource/GTEv8//GTExv8.EUR.Ovary/ENSG00000198468.7.wgt.RDat	ENSG00000198468.7	1	212858087	212858088	0.5243	rs11586518	-7.05	rs963328	0.367743	-7.44	-0.809363	413	23	enet	0.28	2e-11	0.69974	0.484
Ovary	/media/kame/Data/_workings/resource/GTEv8//GTExv8.EUR.Ovary/ENSG00000174606.13.wgt.RDat	ENSG00000174606.13	1	213015825	213015826	0.2345	rs11586518	-7.05	rs3002284	0.250706	5.96	-1.5879	417	39	enet	0.17	4.5e-07	-1.71272	0.0868
Ovary	/media/kame/Data/_workings/resource/GTEv8//GTExv8.EUR.Ovary/ENSG00000082482.13.wgt.RDat	ENSG00000082482.13	1	215005774	215005775	0.3299	rs7524233	-4.7	rs2841612	0.265677	6.13	-1.56495	392	18	enet	0.27	3.3e-11	-1.46641	0.143
Ovary	/media/kame/Data/_workings/resource/GTEv8//GTExv8.EUR.Ovary/ENSG00000228063.1.wgt.RDat	ENSG00000228063.1	1	219173842	219173843	0.1564	rs2820463	3.86	rs17526679	0.059097	-3.77	0.641144	481	7	enet	-0.0073	0.92	-0.44361	0.657
Ovary	/media/kame/Data/_workings/resource/GTEv8//GTExv8.EUR.Ovary/ENSG00000136628.17.wgt.RDat	ENSG00000136628.17	1	220046657	220046658	0.2136	rs1511695	-5.56	rs12035921	-0.007323	3.09	-3.750743	418	57	enet	-0.0073	0.91	-0.94406	0.345
Ovary	/media/kame/Data/_workings/resource/GTEv8//GTExv8.EUR.Ovary/ENSG00000117791.15.wgt.RDat	ENSG00000117791.15	1	220748224	220748225	0.1978	rs2807857	6.98	rs2807880	0.002699	3.37	0.947917	399	24	enet	-0.0019	0.39	-0.52937	0.597
Ovary	/media/kame/Data/_workings/resource/GTEv8//GTExv8.EUR.Ovary/ENSG00000272823.1.wgt.RDat	ENSG00000272823.1	1	220829210	220829211	0.4026	rs2807857	6.98	rs2131887	0.234786	5.88	1.615324	393	12	enet	0.29	6.3e-12	1.36979	0.171
Ovary	/media/kame/Data/_workings/resource/GTEv8//GTExv8.EUR.Ovary/ENSG00000238078.1.wgt.RDat	ENSG00000238078.1	1	220829254	220829255	0.3893	rs2807857	6.98	rs2131887	0.161238	5.49	1.615324	393	17	enet	0.19	7.9e-08	0.03721	0.97
Ovary	/media/kame/Data/_workings/resource/GTEv8//GTExv8.EUR.Ovary/ENSG00000272750.1.wgt.RDat	ENSG00000272750.1	1	222661511	222661512	0.276	rs291906	-3.56	rs2133189	0.183328	5.97	-0.241146	325	12	enet	0.14	2.7e-06	-0.11318	0.91
Ovary	/media/kame/Data/_workings/resource/GTEv8//GTExv8.EUR.Ovary/ENSG00000228106.5.wgt.RDat	ENSG00000228106.5	1	222815021	222815022	0.2245	rs17163580	-3.04	rs28362013	0.102959	5.04	0.017192	353	22	enet	0.15	2e-06	-0.2302	0.818
Ovary	/media/kame/Data/_workings/resource/GTEv8//GTExv8.EUR.Ovary/ENSG00000203697.11.wgt.RDat	ENSG00000203697.11	1	223665733	223665734	0.365	rs6703104	-4.87	rs2000319	0.185962	5.19	-0.488311	389	65	enet	0.13	7.4e-06	1.14829	0.251
Ovary	/media/kame/Data/_workings/resource/GTEv8//GTExv8.EUR.Ovary/ENSG00000143771.11.wgt.RDat	ENSG00000143771.11	1	224356849	224356850	0.2861	rs7535882	-4.82	rs12740255	0.152232	-5.14	0.553384	350	23	enet	0.089	0.00023	0.33684	0.736
Ovary	/media/kame/Data/_workings/resource/GTEv8//GTExv8.EUR.Ovary/ENSG00000163041.9.wgt.RDat	ENSG00000163041.9	1	226061876	226061877	0.2691	rs7534366	7.93	rs3768543	0.24842	5.91	-0.369177	384	7	enet	0.12	2.2e-05	-0.21339	0.831
Ovary	/media/kame/Data/_workings/resource/GTEv8//GTExv8.EUR.Ovary/ENSG00000162913.9.wgt.RDat	ENSG00000162913.9	1	228213439	228213440	0.2852	rs7541048	4.34	rs3768331	0.161901	4.93	-0.250519	326	22	enet	0.098	0.00011	-0.13907	0.889
Ovary	/media/kame/Data/_workings/resource/GTEv8//GTExv8.EUR.Ovary/ENSG00000269890.1.wgt.RDat	ENSG00000269890.1	1	228274176	228274177	0.1371	rs7541048	4.34	rs708108	0.107441	4.37	0.530713	331	14	enet	0.037	0.014	1.13045	0.258
Ovary	/media/kame/Data/_workings/resource/GTEv8//GTExv8.EUR.Ovary/ENSG00000181218.5.wgt.RDat	ENSG00000181218.5	1	228457872	228457873	0.1421	rs2639760	5.47	rs728727	0.074081	3.93	0.428925	340	12	enet	0.059	0.0024	1.09459	0.274
Ovary	/media/kame/Data/_workings/resource/GTEv8//GTExv8.EUR.Ovary/ENSG00000135773.12.wgt.RDat	ENSG00000135773.12	1	230747383	230747384	0.5322	rs12063832	-5.51	rs1316409	0.286994	6.62	-0.567044	690	59	enet	0.28	1.5e-11	-0.76265	0.446
Ovary	/media/kame/Data/_workings/resource/GTEv8//GTExv8.EUR.Ovary/ENSG00000162946.21.wgt.RDat	ENSG00000162946.21	1	231626814	231626815	0.3481	rs4658939	-4.75	rs4575071	0.161058	4.92	0.121245	483	5	enet	0.03	0.024	0.09773	0.922
Ovary	/media/kame/Data/_workings/resource/GTEv8//GTExv8.EUR.Ovary/ENSG00000135778.11.wgt.RDat	ENSG00000135778.11	1	232950604	232950605	0.2557	rs1294263	-5.35	rs4141442	0.079412	4.65	0.986246	589	19	enet	0.05	0.005	0.74634	0.455
Ovary	/media/kame/Data/_workings/resource/GTEv8//GTExv8.EUR.Ovary/ENSG00000238005.2.wgt.RDat	ENSG00000238005.2	1	234970061	234970062	0.4097	rs479457	-6.23	rs7412124	0.273313	6.27	-0.042957	445	14	enet	0.26	1.1e-10	-0.45106	0.652
Ovary	/media/kame/Data/_workings/resource/GTEv8//GTExv8.EUR.Ovary/ENSG00000119285.10.wgt.RDat	ENSG00000119285.10	1	236604503	236604504	0.16	rs12030605	5.85	rs2298099	0.000689	-3.67	0.421422	621	15	enet	0.0091	0.14	-0.65442	0.513
Ovary	/media/kame/Data/_workings/resource/GTEv8//GTExv8.EUR.Ovary/ENSG00000077522.12.wgt.RDat	ENSG00000077522.12	1	236686453	236686454	0.1679	rs12030605	5.85	rs4351629	0.015243	3.82	-1.931185	646	13	enet	0.016	0.073	-1.21889	0.223
Ovary	/media/kame/Data/_workings/resource/GTEv8//GTExv8.EUR.Ovary/ENSG00000215808.2.wgt.RDat	ENSG00000215808.2	1	238486022	238486023	0.5431	rs10732303	7.37	rs12035663	0.339256	6.93	-1.27326	542	36	enet	0.33	7e-14	-1.66942	0.095
Ovary	/media/kame/Data/_workings/resource/GTEv8//GTExv8.EUR.Ovary/ENSG00000054282.15.wgt.RDat	ENSG00000054282.15	1	243256033	243256034	0.2553	rs12085924	4.23	rs2490395	0.202835	5.82	-0.416716	284	20	enet	0.19	6.8e-08	0.30983	0.757
Ovary	/media/kame/Data/_workings/resource/GTEv8//GTExv8.EUR.Ovary/ENSG00000035687.9.wgt.RDat	ENSG00000035687.9	1	244452133	244452134	0.259	rs751715	4.19	rs484459	0.00679	-3.32	-0.528818	460	24	enet	-0.0025	0.42	0.86339	0.388
Ovary	/media/kame/Data/_workings/resource/GTEv8//GTExv8.EUR.Ovary/ENSG00000272195.1.wgt.RDat	ENSG00000272195.1	1	244971087	244971088	0.254	rs1196366	6.6	rs2291426	0.200421	-5.87	6.291535	462	23	enet	0.11	3.9e-05	-3.70418	0.000212
Ovary	/media/kame/Data/_workings/resource/GTEv8//GTExv8.EUR.Ovary/ENSG00000203666.12.wgt.RDat	ENSG00000203666.12	1	245002120	245002121	0.2103	rs1196366	6.6	rs2291426	0.10122	4.84	6.291535	471	27	enet	0.067	0.0013	3.16076	0.00157
Ovary	/media/kame/Data/_workings/resource/GTEv8//GTExv8.EUR.Ovary/ENSG00000260855.1.wgt.RDat	ENSG00000260855.1	1	246772300	246772301	0.1546	rs1778541	-4.82	rs6694274	0.051468	4.19	-0.879531	433	10	enet	0.053	0.0038	-1.0728	0.283
Ovary	/media/kame/Data/_workings/resource/GTEv8//GTExv8.EUR.Ovary/ENSG00000227953.6.wgt.RDat	ENSG00000227953.6	1	246776012	246776013	0.3247	rs1778541	-4.82	rs10127783	0.148294	-5.12	0.384908	436	26	enet	0.2	2.9e-08	-0.71835	0.473
Ovary	/media/kame/Data/_workings/resource/GTEv8//GTExv8.EUR.Ovary/ENSG00000223519.7.wgt.RDat	ENSG00000223519.7	1	246830058	246830059	0.2541	rs1778541	-4.82	rs6694274	0.005883	3.73	-0.879531	430	3	enet	0.047	0.006	-1.20549	0.228
Ovary	/media/kame/Data/_workings/resource/GTEv8//GTExv8.EUR.Ovary/ENSG00000188295.14.wgt.RDat	ENSG00000188295.14	1	247104371	247104372	0.3042	rs1778541	-4.82	rs2270616	0.295502	6.44	-1.558566	474	13	enet	0.23	1.2e-09	-1.23731	0.216
Ovary	/media/kame/Data/_workings/resource/GTEv8//GTExv8.EUR.Ovary/ENSG00000196418.12.wgt.RDat	ENSG00000196418.12	1	247172015	247172016	0.4641	rs1778541	-4.82	rs4925715	0.198813	-6.33	-0.050799	466	17	enet	0.26	9.5e-11	0.26895	0.788
Ovary	/media/kame/Data/_workings/resource/GTEv8//GTExv8.EUR.Ovary/ENSG00000162714.12.wgt.RDat	ENSG00000162714.12	1	247331845	247331846	0.2917	rs1778541	-4.82	rs2153631	0.178097	5.19	0.660451	456	7	enet	0.095	0.00014	0.66671	0.505
Ovary	/media/kame/Data/_workings/resource/GTEv8//GTExv8.EUR.Ovary/ENSG00000233970.1.wgt.RDat	ENSG00000233970.1	2	693234	693235	0.1553	rs12987038	-5.79	rs4263142	0.011521	4.17	0.577733	483	13	enet	0.024	0.038	0.9037	0.366
Ovary	/media/kame/Data/_workings/resource/GTEv8//GTExv8.EUR.Ovary/ENSG00000272342.1.wgt.RDat	ENSG00000272342.1	2	740163	740164	0.5034	rs12987038	-5.79	rs12617997	0.429361	7.71	1.002729	471	34	enet	0.43	1.1e-18	0.8039	0.421
Ovary	/media/kame/Data/_workings/resource/GTEv8//GTExv8.EUR.Ovary/ENSG00000223751.1.wgt.RDat	ENSG00000223751.1	2	742487	742488	0.3616	rs12987038	-5.79	rs12617997	0.217326	5.87	1.002729	470	21	enet	0.26	1.5e-10	1.1393	0.255
Ovary	/media/kame/Data/_workings/resource/GTEv8//GTExv8.EUR.Ovary/ENSG00000171853.15.wgt.RDat	ENSG00000171853.15	2	3379674	3379675	0.2967	rs1729903	-4.67	rs7585524	0.011606	4.14	0.213213	606	42	enet	0.11	4.5e-05	-0.4265	0.67
Ovary	/media/kame/Data/_workings/resource/GTEv8//GTExv8.EUR.Ovary/ENSG00000225234.1.wgt.RDat	ENSG00000225234.1	2	3482408	3482409	0.4604	rs17437576	-4.54	rs10178877	0.20364	5.41	-0.443929	582	33	enet	0.2	2.3e-08	-1.3319	0.183
Ovary	/media/kame/Data/_workings/resource/GTEv8//GTExv8.EUR.Ovary/ENSG00000182551.13.wgt.RDat	ENSG00000182551.13	2	3517746	3517747	0.2815	rs6738683	3.8	rs11680305	0.209005	5.76	1.879025	575	15	enet	0.17	3.6e-07	2.0992	0.0358
Ovary	/media/kame/Data/_workings/resource/GTEv8//GTExv8.EUR.Ovary/ENSG00000234171.2.wgt.RDat	ENSG00000234171.2	2	3558616	3558617	0.6746	rs6738683	3.8	rs4583476	0.497571	-8.3	0.130656	580	3	enet	0.39	2e-16	-0.1216	0.903
Ovary	/media/kame/Data/_workings/resource/GTEv8//GTExv8.EUR.Ovary/ENSG00000239300.5.wgt.RDat	ENSG00000239300.5	2	9505444	9505445	0.228	rs16867116	5.6	rs6432017	0.024363	-4	-0.10494	462	22	enet	0.0087	0.14	-1.1469	0.251
Ovary	/media/kame/Data/_workings/resource/GTEv8//GTExv8.EUR.Ovary/ENSG00000115750.16.wgt.RDat	ENSG00000115750.16	2	9843353	9843354	0.2162	rs4233874	5.78	rs2303914	0.128474	-4.62	-0.835737	490	6	enet	0.088	0.00025	0.895	0.371
Ovary	/media/kame/Data/_workings/resource/GTEv8//GTExv8.EUR.Ovary/ENSG00000172059.10.wgt.RDat	ENSG00000172059.10	2	10042848	10042849	0.2865	rs4233874	5.78	rs4444493	-0.003475	-3.1	0.002104	578	21	enet	-0.0014	0.37	-0.3548	0.723
Ovary	/media/kame/Data/_workings/resource/GTEv8//GTExv8.EUR.Ovary/ENSG00000243819.4.wgt.RDat	ENSG00000243819.4	2	10690343	10690344	0.2465	rs1686476	-6.5	rs16856412	0.015157	-4.02	-0.293898	624	24	enet	0.038	0.012	2.1714	0.0299
Ovary	/media/kame/Data/_workings/resource/GTEv8//GTExv8.EUR.Ovary/ENSG00000178295.14.wgt.RDat	ENSG00000178295.14	2	17753857	17753858	0.1604	rs12710642	8.01	rs12710648	0.065081	4.13	1.519668	475	12	enet	0.028	0.028	0.2032	0.839
Ovary	/media/kame/Data/_workings/resource/GTEv8//GTExv8.EUR.Ovary/ENSG00000118965.14.wgt.RDat	ENSG00000118965.14	2	19990130	19990131	0.3707	rs1010415	3.29	rs1370585	0.025095	-4.61	-0.088498	601	14	enet	0.12	1.4e-05	-0.0683	0.946
Ovary	/media/kame/Data/_workings/resource/GTEv8//GTExv8.EUR.Ovary/ENSG00000115884.10.wgt.RDat	ENSG00000115884.10	2	20225432	20225433	0.2173	rs10167494	-3.69	rs3771240	-0.005659	-3.81	0.180453	598	21	enet	-0.0073	0.92	0.3356	0.737
Ovary	/media/kame/Data/_workings/resource/GTEv8//GTExv8.EUR.Ovary/ENSG00000173960.13.wgt.RDat	ENSG00000173960.13	2	23927284	23927285	0.1335	rs2081302	5.64	rs583168	0.080271	4.38	-1.082405	376	11	enet	0.079	0.00049	-0.5073	0.612
Ovary	/media/kame/Data/_workings/resource/GTEv8//GTExv8.EUR.Ovary/ENSG00000219626.8.wgt.RDat	ENSG00000219626.8	2	24076525	24076526	0.2668	rs2081302	5.64	rs10188977	0.141064	-5.51	1.427067	315	18	enet	0.15	1.9e-06	-1.0589	0.29
Ovary	/media/kame/Data/_workings/resource/GTEv8//GTExv8.EUR.Ovary/ENSG00000176732.6.wgt.RDat	ENSG00000176732.6	2	24123476	24123477	0.1614	rs2081302	5.64	rs1134516	0.063997	-3.76	1.302578	302	18	enet	0.0066	0.17	-0.9673	0.333
Ovary	/media/kame/Data/_workings/resource/GTEv8//GTExv8.EUR.Ovary/ENSG00000186453.12.wgt.RDat	ENSG00000186453.12	2	24175068	24175069	0.5107	rs2081302	5.64	rs6713263	0.225061	5.93	1.797477	280	53	enet	0.24	8.3e-10	0.0504	0.96
Ovary	/media/kame/Data/_workings/resource/GTEv8//GTExv8.EUR.Ovary/ENSG00000224165.5.wgt.RDat	ENSG00000224165.5	2	24971389	24971390	0.1421	rs713587	10.96	rs13387729	0.12759	-4.81	6.347764	322	11	enet	0.064	0.0015	-8.1166	4.8e-16
Ovary	/media/kame/Data/_workings/resource/GTEv8//GTExv8.EUR.Ovary/ENSG00000084764.10.wgt.RDat	ENSG00000084764.10	2	26970611	26970612	0.1185	rs3769142	-4.17	rs714513	0.094596	4.42	1.592942	358	15	enet	0.056	0.003	2.0478	0.0406
Ovary	/media/kame/Data/_workings/resource/GTEv8//GTExv8.EUR.Ovary/ENSG00000138030.12.wgt.RDat	ENSG00000138030.12	2	27086746	27086747	0.1519	rs3769142	-5.04	rs2011616	0.197405	5.8	0.286081	310	19	enet	0.22	5.7e-09	0.6517	0.515
Ovary	/media/kame/Data/_workings/resource/GTEv8//GTExv8.EUR.Ovary/ENSG00000138028.15.wgt.RDat	ENSG00000138028.15	2	27119114	27119115	0.1098	rs3769142	-4.54	rs7605526	0.124915	4.61	-0.012818	312	27	enet	0.084	0.00034	-0.4718	0.637
Ovary	/media/kame/Data/_workings/resource/GTEv8//GTExv8.EUR.Ovary/ENSG00000138085.16.wgt.RDat	ENSG00000138085.16	2	27212286	27212287	0.1972	rs4665385	-4.63	rs2580761	0.169586	5.23	0.021343	312	25	enet	0.15	2.2e-06	0.2492	0.803
Ovary	/media/kame/Data/_workings/resource/GTEv8//GTExv8.EUR.Ovary/ENSG00000138074.14.wgt.RDat	ENSG00000138074.14	2	27212864	27212865	0.1849	rs4665385	-4.63	rs12475843	0.146631	-4.65	-0.074962	312	9	enet	0.11	5.8e-05	-0.1357	0.892
Ovary	/media/kame/Data/_workings/resource/GTEv8//GTExv8.EUR.Ovary/ENSG00000115234.10.wgt.RDat	ENSG00000115234.10	2	27370495	27370496	0.1726	rs4233716	-5.69	rs2304714	-0.004979	3.53	1.111327	300	20	enet	0.016	0.076	2.2924	0.0219
Ovary	/media/kame/Data/_workings/resource/GTEv8//GTExv8.EUR.Ovary/ENSG00000084734.8.wgt.RDat	ENSG00000084734.8	2	27496841	27496842	0.0822	rs4233716	-5.69	rs2280737	-0.001876	3.54	-0.235604	286	30	enet	-0.0069	0.8	0.2272	0.82
Ovary	/media/kame/Data/_workings/resource/GTEv8//GTExv8.EUR.Ovary/ENSG00000205334.2.wgt.RDat	ENSG00000205334.2	2	27715731	27715732	0.2296	rs6751559	-7.74	rs17006242	0.008026	-3.34	-2.379145	296	29	enet	0.014	0.091	2.7135	0.00666
Ovary	/media/kame/Data/_workings/resource/GTEv8//GTExv8.EUR.Ovary/ENSG00000172954.13.wgt.RDat	ENSG00000172954.13	2	30447225	30447226	0.2235	rs4952192	5	rs1723167	0.214552	5.61	-1.526925	479	15	enet	0.18	1.1e-07	-1.7174	0.0859
Ovary	/media/kame/Data/_workings/resource/GTEv8//GTExv8.EUR.Ovary/ENSG00000218739.9.wgt.RDat	ENSG00000218739.9	2	37196487	37196488	0.201	rs10165975	-4.17	rs10206380	0.064141	4.54	0.091727	505	40	enet	0.11	3.6e-05	0.5806	0.561
Ovary	/media/kame/Data/_workings/resource/GTEv8//GTExv8.EUR.Ovary/ENSG00000115816.14.wgt.RDat	ENSG00000115816.14	2	37231629	37231630	0.2228	rs10165975	-4.17	rs3755195	0.193723	-5.74	1.282622	479	8	enet	0.098	0.00011	-0.9619	0.336
Ovary	/media/kame/Data/_workings/resource/GTEv8//GTExv8.EUR.Ovary/ENSG00000232973.11.wgt.RDat	ENSG00000232973.11	2	38073446	38073447	0.226	rs6724418	6.76	rs17021897	0.068276	-4.25	0.844498	586	25	enet	0.18	1.5e-07	2.0341	0.0419
Ovary	/media/kame/Data/_workings/resource/GTEv8//GTExv8.EUR.Ovary/ENSG00000231367.5.wgt.RDat	ENSG00000231367.5	2	38515739	38515740	0.3283	rs6724418	6.76	rs17022114	0.002783	-3.75	-0.057594	442	32	enet	-0.0068	0.78	-0.2441	0.807
Ovary	/media/kame/Data/_workings/resource/GTEv8//GTExv8.EUR.Ovary/ENSG00000143891.16.wgt.RDat	ENSG00000143891.16	2	38665909	38665910	0.2367	rs6724418	6.76	rs6756847	0.012041	-3.5	0.425044	362	26	enet	-0.0023	0.41	-0.5139	0.607
Ovary	/media/kame/Data/_workings/resource/GTEv8//GTExv8.EUR.Ovary/ENSG00000188010.12.wgt.RDat	ENSG00000188010.12	2	38875961	38875962	0.2456	rs6724418	6.76	rs12712612	0.00728	-3.77	0.813434	319	41	enet	0.046	0.0067	-0.0938	0.925
Ovary	/media/kame/Data/_workings/resource/GTEv8//GTExv8.EUR.Ovary/ENSG00000152527.13.wgt.RDat	ENSG00000152527.13	2	43637272	43637273	0.4618	rs17425397	-9.82	rs17414174	0.219583	-5.73	-0.025277	471	36	enet	0.13	6.5e-06	-1.185	0.236
Ovary	/media/kame/Data/_workings/resource/GTEv8//GTExv8.EUR.Ovary/ENSG00000138095.18.wgt.RDat	ENSG00000138095.18	2	43996004	43996005	0.2461	rs17425397	-9.82	rs7568481	0.088149	4.57	1.971228	505	19	enet	0.066	0.0013	0.7655	0.444
Ovary	/media/kame/Data/_workings/resource/GTEv8//GTExv8.EUR.Ovary/ENSG00000138079.13.wgt.RDat	ENSG00000138079.13	2	44275457	44275458	0.3759	rs17425397	-9.82	rs9284745	0.111742	4.11	0.578874	476	29	enet	0.024	0.039	-0.8312	0.406
Ovary	/media/kame/Data/_workings/resource/GTEv8//GTExv8.EUR.Ovary/ENSG00000250565.6.wgt.RDat	ENSG00000250565.6	2	46542556	46542557	0.5475	rs12621059	-5.67	rs4142759	0.104107	-4.86	1.271117	663	40	enet	0.2	2.8e-08	-1.4914	0.136
Ovary	/media/kame/Data/_workings/resource/GTEv8//GTExv8.EUR.Ovary/ENSG00000279254.1.wgt.RDat	ENSG00000279254.1	2	46668869	46668870	0.3974	rs12621059	-5.67	rs1869836	0.185585	-5.57	-2.096965	642	31	enet	0.19	3.8e-08	0.8864	0.375
Ovary	/media/kame/Data/_workings/resource/GTEv8//GTExv8.EUR.Ovary/ENSG00000180398.11.wgt.RDat	ENSG00000180398.11	2	46941854	46941855	0.325	rs12621059	-5.67	rs11890177	0.19535	-5.25	1.235421	546	36	enet	0.16	7.9e-07	-0.9855	0.324
Ovary	/media/kame/Data/_workings/resource/GTEv8//GTExv8.EUR.Ovary/ENSG00000095002.13.wgt.RDat	ENSG00000095002.13	2	47402968	47402969	0.3746	rs12621059	-5.67	rs1421	0.291095	6.38	0.102937	474	8	enet	0.26	1.1e-10	0.3167	0.751
Ovary	/media/kame/Data/_workings/resource/GTEv8//GTExv8.EUR.Ovary/ENSG00000242441.7.wgt.RDat	ENSG00000242441.7	2	48617797	48617798	0.6848	rs4538253	-7.12	rs2140551	0.552545	-8.75	-0.219739	518	21	enet	0.53	1.4e-24	0.1109	0.912
Ovary	/media/kame/Data/_workings/resource/GTEv8//GTExv8.EUR.Ovary/ENSG00000138039.14.wgt.RDat	ENSG00000138039.14	2	48755729	48755730	0.3897	rs4538253	-7.12	rs4952923	0.09352	4.41	-4.900735	550	12	enet	0.039	0.011	-2.8005	0.0051
Ovary	/media/kame/Data/_workings/resource/GTEv8//GTExv8.EUR.Ovary/ENSG00000068781.21.wgt.RDat	ENSG00000068781.21	2	48768953	48768954	0.4904	rs4538253	-7.12	rs2140551	0.369241	-7.2	-0.219739	549	6	enet	0.28	2.4e-11	0.1541	0.878
Ovary	/media/kame/Data/_workings/resource/GTEv8//GTExv8.EUR.Ovary/ENSG00000282890.1.wgt.RDat	ENSG00000282890.1	2	48809339	48809340	0.4222	rs4538253	-7.12	rs2140551	0.370041	-7.21	-0.219739	569	14	enet	0.34	4.2e-14	-0.3772	0.706
Ovary	/media/kame/Data/_workings/resource/GTEv8//GTExv8.EUR.Ovary/ENSG00000179915.22.wgt.RDat	ENSG00000179915.22	2	51225574	51225575	0.2041	rs13032214	6.61	rs6545190	-0.000811	3.83	3.714454	477	19	enet	0.041	0.0095	3.0457	0.00232
Ovary	/media/kame/Data/_workings/resource/GTEv8//GTExv8.EUR.Ovary/ENSG00000170634.12.wgt.RDat	ENSG00000170634.12	2	53970840	53970841	0.3157	rs10176342	-5.36	rs10865279	0.13752	-5.03	-0.506755	456	28	enet	0.091	0.00019	0.1037	0.917
Ovary	/media/kame/Data/_workings/resource/GTEv8//GTExv8.EUR.Ovary/ENSG00000233266.1.wgt.RDat	ENSG00000233266.1	2	54051333	54051334	0.3427	rs10176342	-5.36	rs1833497	0.052236	4.25	-0.510828	452	22	enet	0.1	9e-05	-0.5355	0.592
Ovary	/media/kame/Data/_workings/resource/GTEv8//GTExv8.EUR.Ovary/ENSG00000237887.1.wgt.RDat	ENSG00000237887.1	2	54529342	54529343	0.1709	rs10176342	-5.36	rs1215147	0.032866	3.79	-0.354447	548	41	enet	0.033	0.019	0.6692	0.503
Ovary	/media/kame/Data/_workings/resource/GTEv8//GTExv8.EUR.Ovary/ENSG00000203327.2.wgt.RDat	ENSG00000203327.2	2	55216125	55216126	0.3907	rs723975	5.26	rs4435493	0.117736	5.09	-0.009703	491	20	enet	0.2	1.7e-08	0.6818	0.495
Ovary	/media/kame/Data/_workings/resource/GTEv8//GTExv8.EUR.Ovary/ENSG00000162994.15.wgt.RDat	ENSG00000162994.15	2	55232353	55232354	0.6685	rs723975	5.26	rs4435493	0.404102	7.51	-0.009703	492	27	enet	0.37	2.3e-15	0.0626	0.95
Ovary	/media/kame/Data/_workings/resource/GTEv8//GTExv8.EUR.Ovary/ENSG00000162927.13.wgt.RDat	ENSG00000162927.13	2	61018160	61018161	0.1289	rs7591402	9.81	rs7590126	0.047477	4.31	0.462239	321	25	enet	0.094	0.00015	-0.8685	0.385
Ovary	/media/kame/Data/_workings/resource/GTEv8//GTExv8.EUR.Ovary/ENSG00000212978.6.wgt.RDat	ENSG00000212978.6	2	61144968	61144969	0.4305	rs7591402	9.81	rs6741734	0.149094	5.35	0.062111	312	52	enet	0.25	2.4e-10	-4.1601	3.18e-05
Ovary	/media/kame/Data/_workings/resource/GTEv8//GTExv8.EUR.Ovary/ENSG00000237651.6.wgt.RDat	ENSG00000237651.6	2	61145067	61145068	0.6871	rs7591402	9.81	rs720201	0.683619	9.71	1.63456	312	21	enet	0.66	1.2e-33	1.3731	0.17
Ovary	/media/kame/Data/_workings/resource/GTEv8//GTExv8.EUR.Ovary/ENSG00000271889.1.wgt.RDat	ENSG00000271889.1	2	61162104	61162105	0.1982	rs7591402	9.81	rs1177283	0.163017	-5.52	1.381181	309	16	enet	0.15	1.2e-06	-0.7686	0.442
Ovary	/media/kame/Data/_workings/resource/GTEv8//GTExv8.EUR.Ovary/ENSG00000173209.22.wgt.RDat	ENSG00000173209.22	2	61177417	61177418	0.5841	rs7591402	9.81	rs2167565	0.48774	-8.22	-0.456334	303	28	enet	0.45	1e-19	-0.1599	0.873
Ovary	/media/kame/Data/_workings/resource/GTEv8//GTExv8.EUR.Ovary/ENSG00000273302.1.wgt.RDat	ENSG00000273302.1	2	61199978	61199979	0.1763	rs7591402	9.81	rs7594191	0.166719	-5.46	-5.248037	301	19	enet	0.14	3.2e-06	2.6156	0.00891
Ovary	/media/kame/Data/_workings/resource/GTEv8//GTExv8.EUR.Ovary/ENSG00000270820.5.wgt.RDat	ENSG00000270820.5	2	61471187	61471188	0.1576	rs7591402	9.81	rs1177283	0.024578	-4.15	1.381181	297	26	enet	0.082	0.00038	-0.1492	0.881
Ovary	/media/kame/Data/_workings/resource/GTEv8//GTExv8.EUR.Ovary/ENSG00000186889.9.wgt.RDat	ENSG00000186889.9	2	62506340	62506341	0.3372	rs4328619	-5.16	rs7570024	-0.005795	3.72	3.917971	329	29	enet	0.18	1.2e-07	0.3376	0.736
Ovary	/media/kame/Data/_workings/resource/GTEv8//GTExv8.EUR.Ovary/ENSG00000233716.1.wgt.RDat	ENSG00000233716.1	2	63233576	63233577	0.0823	rs9309355	-14.52	rs6546024	0.00351	3.65	-0.030921	244	15	enet	0.0069	0.17	-0.1044	0.917
Ovary	/media/kame/Data/_workings/resource/GTEv8//GTExv8.EUR.Ovary/ENSG00000011523.13.wgt.RDat	ENSG00000011523.13	2	65056365	65056366	0.4622	rs3770720	4.82	rs1009358	0.313723	-6.87	1.77307	429	17	enet	0.24	4.1e-10	-1.3755	0.169
Ovary	/media/kame/Data/_workings/resource/GTEv8//GTExv8.EUR.Ovary/ENSG00000204929.12.wgt.RDat	ENSG00000204929.12	2	65436710	65436711	0.3777	rs1673441	4.35	rs10190233	0.382308	7.56	0.160697	516	12	enet	0.37	9.1e-16	-0.0162	0.987
Ovary	/media/kame/Data/_workings/resource/GTEv8//GTExv8.EUR.Ovary/ENSG00000281920.1.wgt.RDat	ENSG00000281920.1	2	65623271	65623272	0.4623	rs1843136	-5.31	rs10190233	0.44317	7.98	0.160697	545	20	enet	0.46	3.3e-20	0.3726	0.709
Ovary	/media/kame/Data/_workings/resource/GTEv8//GTExv8.EUR.Ovary/ENSG00000235885.7.wgt.RDat	ENSG00000235885.7	2	67086445	67086446	0.2234	rs961328	5.71	rs2683681	0.01056	3.84	-0.470275	525	2	enet	0.0028	0.24	-0.3136	0.754
Ovary	/media/kame/Data/_workings/resource/GTEv8//GTExv8.EUR.Ovary/ENSG00000236780.5.wgt.RDat	ENSG00000236780.5	2	67215318	67215319	0.2397	rs961328	5.71	rs4671796	0.069941	4.84	3.125017	560	8	enet	0.033	0.019	3.063	0.00219
Ovary	/media/kame/Data/_workings/resource/GTEv8//GTExv8.EUR.Ovary/ENSG00000281195.1.wgt.RDat	ENSG00000281195.1	2	71373937	71373938	0.1429	rs10490413	-5.87	rs2216373	0.186486	-5.3	-0.280259	471	9	enet	0.16	7.2e-07	0.3999	0.689
Ovary	/media/kame/Data/_workings/resource/GTEv8//GTExv8.EUR.Ovary/ENSG00000144035.3.wgt.RDat	ENSG00000144035.3	2	73642392	73642393	0.2898	rs1018342	3.76	rs4852940	0.14599	-5.34	0.2066	354	35	enet	0.13	9.3e-06	0.4571	0.648
Ovary	/media/kame/Data/_workings/resource/GTEv8//GTExv8.EUR.Ovary/ENSG00000163016.9.wgt.RDat	ENSG00000163016.9	2	73644918	73644919	0.2521	rs1018342	3.76	rs6546856	0.052214	4.24	-1.299971	355	21	enet	0.082	0.00038	-0.6691	0.503
Ovary	/media/kame/Data/_workings/resource/GTEv8//GTExv8.EUR.Ovary/ENSG00000257800.1.wgt.RDat	ENSG00000257800.1	2	74120679	74120680	0.655	rs7593050	3.43	rs828842	0.338762	7.09	-1.119878	360	19	enet	0.37	2e-15	-1.2249	0.221
Ovary	/media/kame/Data/_workings/resource/GTEv8//GTExv8.EUR.Ovary/ENSG00000217702.2.wgt.RDat	ENSG00000217702.2	2	74130582	74130583	0.662	rs7593050	3.43	rs2122290	0.428749	7.91	-0.843566	361	16	enet	0.38	5.4e-16	-0.776	0.438
Ovary	/media/kame/Data/_workings/resource/GTEv8//GTExv8.EUR.Ovary/ENSG00000159374.17.wgt.RDat	ENSG00000159374.17	2	74648337	74648338	0.1987	rs2075007	-3.23	rs34242711	-0.001514	-3.19	0.903959	385	36	enet	-0.0065	0.73	-0.5019	0.616
Ovary	/media/kame/Data/_workings/resource/GTEv8//GTExv8.EUR.Ovary/ENSG00000204792.2.wgt.RDat	ENSG00000204792.2	2	74918147	74918148	0.6992	rs3771853	3.21	rs7575416	0.408283	8	-1.72837	453	38	enet	0.45	2e-19	-1.733	0.0831
Ovary	/media/kame/Data/_workings/resource/GTEv8//GTExv8.EUR.Ovary/ENSG00000236209.1.wgt.RDat	ENSG00000236209.1	2	74924845	74924846	0.6403	rs3771853	3.21	rs12713820	0.422239	7.99	-1.640839	453	10	enet	0.41	1.6e-17	-1.9207	0.0548
Ovary	/media/kame/Data/_workings/resource/GTEv8//GTExv8.EUR.Ovary/ENSG00000230836.1.wgt.RDat	ENSG00000230836.1	2	74940257	74940258	0.617	rs3771853	3.21	rs7575416	0.437013	8.05	-1.72837	457	29	enet	0.46	3.4e-20	-1.777	0.0756
Ovary	/media/kame/Data/_workings/resource/GTEv8//GTExv8.EUR.Ovary/ENSG00000270696.1.wgt.RDat	ENSG00000270696.1	2	75660461	75660462	0.2373	rs1440882	3.44	rs17689863	0.203277	5.38	0.055064	533	25	enet	0.16	7.6e-07	-0.1797	0.857
Ovary	/media/kame/Data/_workings/resource/GTEv8//GTExv8.EUR.Ovary/ENSG00000271452.1.wgt.RDat	ENSG00000271452.1	2	75669988	75669989	0.1915	rs1440882	3.44	rs389616	0.000583	3.9	0.881336	532	37	enet	0.024	0.037	1.2374	0.216
Ovary	/media/kame/Data/_workings/resource/GTEv8//GTExv8.EUR.Ovary/ENSG00000115486.11.wgt.RDat	ENSG00000115486.11	2	85561546	85561547	0.2733	rs6750610	-5.78	rs1254900	0.097763	-4.67	0.577839	466	11	enet	0.11	3.4e-05	-0.6069	0.544
Ovary	/media/kame/Data/_workings/resource/GTEv8//GTExv8.EUR.Ovary/ENSG00000168887.10.wgt.RDat	ENSG00000168887.10	2	85612065	85612066	0.1763	rs6750610	-5.78	rs2679722	-0.007348	-3.21	-0.043966	468	20	enet	-0.0053	0.6	0.8444	0.398
Ovary	/media/kame/Data/_workings/resource/GTEv8//GTExv8.EUR.Ovary/ENSG00000068654.15.wgt.RDat	ENSG00000068654.15	2	86106154	86106155	0.3262	rs17027163	-5.61	rs2288121	0.308019	-7.3	0.117161	453	27	enet	0.31	9.2e-13	-0.2168	0.828
Ovary	/media/kame/Data/_workings/resource/GTEv8//GTExv8.EUR.Ovary/ENSG00000132305.20.wgt.RDat	ENSG00000132305.20	2	86195588	86195589	0.1526	rs17027163	-5.61	rs2366958	0.071329	-4.01	0.000139	454	26	enet	0.059	0.0023	-0.4628	0.643
Ovary	/media/kame/Data/_workings/resource/GTEv8//GTExv8.EUR.Ovary/ENSG00000273080.1.wgt.RDat	ENSG00000273080.1	2	86195770	86195771	0.2238	rs17027163	-5.61	rs6735014	0.044394	4.53	-0.191681	454	18	enet	0.091	0.00019	-0.1732	0.863
Ovary	/media/kame/Data/_workings/resource/GTEv8//GTExv8.EUR.Ovary/ENSG00000132313.14.wgt.RDat	ENSG00000132313.14	2	86199354	86199355	0.2348	rs17027163	-5.61	rs17438451	0.092027	-4.72	1.784855	449	17	enet	0.077	0.00056	-0.6408	0.522
Ovary	/media/kame/Data/_workings/resource/GTEv8//GTExv8.EUR.Ovary/ENSG00000115561.15.wgt.RDat	ENSG00000115561.15	2	86563478	86563479	0.1764	rs17027163	-5.61	rs1584054	0.062535	-4.25	0.303335	334	19	enet	0.041	0.0099	-0.8776	0.38
Ovary	/media/kame/Data/_workings/resource/GTEv8//GTExv8.EUR.Ovary/ENSG00000183281.14.wgt.RDat	ENSG00000183281.14	2	87021851	87021852	0.536	rs6740863	-4.06	rs10203656	0.231632	5.87	-0.499254	126	45	enet	0.15	2.1e-06	0.0401	0.968
Ovary	/media/kame/Data/_workings/resource/GTEv8//GTExv8.EUR.Ovary/ENSG00000231259.4.wgt.RDat	ENSG00000231259.4	2	87053068	87053069	0.6829	rs7585722	-4.02	rs17041053	0.411693	-7.56	-2.090995	116	24	enet	0.37	1.5e-15	1.9307	0.0535
Ovary	/media/kame/Data/_workings/resource/GTEv8//GTExv8.EUR.Ovary/ENSG00000144026.11.wgt.RDat	ENSG00000144026.11	2	95165412	95165413	0.6094	rs2008501	3.63	rs3112989	0.044345	-3.96	0.565212	113	41	enet	0.18	1.2e-07	-0.1783	0.858
Ovary	/media/kame/Data/_workings/resource/GTEv8//GTExv8.EUR.Ovary/ENSG00000155066.15.wgt.RDat	ENSG00000155066.15	2	95274452	95274453	0.0738	rs17119922	4.54	rs3112985	-0.006749	-3.32	0.43915	121	16	enet	-0.00034	0.33	-0.7855	0.432
Ovary	/media/kame/Data/_workings/resource/GTEv8//GTExv8.EUR.Ovary/ENSG00000237510.7.wgt.RDat	ENSG00000237510.7	2	95792219	95792220	0.5819	rs17119922	4.54	rs2315667	0.040225	-4.4	2.467106	107	47	enet	0.23	1.5e-09	-3.0915	0.00199
Ovary	/media/kame/Data/_workings/resource/GTEv8//GTExv8.EUR.Ovary/ENSG00000188383.8.wgt.RDat	ENSG00000188383.8	2	97081097	97081098	0.1144	rs17119645	4.3	rs10874468	0.041233	3.9	0.045155	128	20	enet	0.072	0.00085	0.3012	0.763
Ovary	/media/kame/Data/_workings/resource/GTEv8//GTExv8.EUR.Ovary/ENSG00000135976.17.wgt.RDat	ENSG00000135976.17	2	97113495	97113496	0.3724	rs17119645	4.3	rs12989766	0.197083	-5.78	0.272084	121	11	enet	0.17	3.5e-07	0.4821	0.63
Ovary	/media/kame/Data/_workings/resource/GTEv8//GTExv8.EUR.Ovary/ENSG00000230606.10.wgt.RDat	ENSG00000230606.10	2	97433526	97433527	0.538	rs10207116	3.35	rs1800649	0.398998	8.1	0.630642	124	16	enet	0.48	2.6e-21	1.2841	0.199
Ovary	/media/kame/Data/_workings/resource/GTEv8//GTExv8.EUR.Ovary/ENSG00000196912.12.wgt.RDat	ENSG00000196912.12	2	97589964	97589965	0.489	rs10207116	3.35	rs6718109	0.462265	8	-0.180489	118	8	enet	0.46	2.2e-20	-0.5127	0.608
Ovary	/media/kame/Data/_workings/resource/GTEv8//GTExv8.EUR.Ovary/ENSG00000115073.7.wgt.RDat	ENSG00000115073.7	2	97664106	97664107	0.5193	rs10171740	3.48	rs11692435	0.299676	6.5	-2.273275	143	23	enet	0.3	1.6e-12	-0.5417	0.588
Ovary	/media/kame/Data/_workings/resource/GTEv8//GTExv8.EUR.Ovary/ENSG00000135951.14.wgt.RDat	ENSG00000135951.14	2	99154953	99154954	0.2277	rs1607255	8.38	rs11683188	0.206948	-5.59	-0.272815	297	12	enet	0.19	6.5e-08	0.546	0.585
Ovary	/media/kame/Data/_workings/resource/GTEv8//GTExv8.EUR.Ovary/ENSG00000144182.16.wgt.RDat	ENSG00000144182.16	2	99154964	99154965	0.2897	rs1607255	8.38	rs11123761	0.29285	-6.85	-0.041558	297	30	enet	0.3	2.1e-12	0.0542	0.957
Ovary	/media/kame/Data/_workings/resource/GTEv8//GTExv8.EUR.Ovary/ENSG00000144214.9.wgt.RDat	ENSG00000144214.9	2	99304741	99304742	0.1948	rs1607255	8.38	rs12479064	0.044993	4.33	0.474399	311	23	enet	0.12	2.4e-05	0.4829	0.629
Ovary	/media/kame/Data/_workings/resource/GTEv8//GTExv8.EUR.Ovary/ENSG00000144218.18.wgt.RDat	ENSG00000144218.18	2	100142738	100142739	0.1681	rs4641958	-6.6	rs11695782	0.110627	-4.06	-0.580924	457	27	enet	0.076	0.00063	-0.4582	0.647
Ovary	/media/kame/Data/_workings/resource/GTEv8//GTExv8.EUR.Ovary/ENSG00000170485.16.wgt.RDat	ENSG00000170485.16	2	100820151	100820152	0.1676	rs870321	7.63	rs7582332	-0.006143	3.14	0.053793	508	38	enet	-0.0068	0.79	-2.0619	0.0392
Ovary	/media/kame/Data/_workings/resource/GTEv8//GTExv8.EUR.Ovary/ENSG00000212283.1.wgt.RDat	ENSG00000212283.1	2	101273048	101273049	0.4212	rs2136435	3.52	rs750783	0.311886	6.88	-1.129672	407	15	enet	0.3	2.5e-12	-0.8647	0.387
Ovary	/media/kame/Data/_workings/resource/GTEv8//GTExv8.EUR.Ovary/ENSG00000163162.8.wgt.RDat	ENSG00000163162.8	2	101308700	101308701	0.1422	rs2136435	3.52	rs13025261	0.071876	4.31	-0.671059	404	12	enet	0.036	0.015	-0.1042	0.917
Ovary	/media/kame/Data/_workings/resource/GTEv8//GTExv8.EUR.Ovary/ENSG00000135972.8.wgt.RDat	ENSG00000135972.8	2	105037982	105037983	0.3727	rs17652317	-6.12	rs12611937	0.340247	-7.06	-1.731799	475	15	enet	0.32	2.5e-13	2.135	0.0328
Ovary	/media/kame/Data/_workings/resource/GTEv8//GTExv8.EUR.Ovary/ENSG00000119147.9.wgt.RDat	ENSG00000119147.9	2	106063245	106063246	0.4855	rs11675026	5.89	rs4420718	0.008624	3.7	-0.484478	479	12	enet	0.0083	0.15	-0.373	0.709
Ovary	/media/kame/Data/_workings/resource/GTEv8//GTExv8.EUR.Ovary/ENSG00000198203.9.wgt.RDat	ENSG00000198203.9	2	108288638	108288639	0.4179	rs3820957	3.81	rs13410305	0.345451	7.06	-0.551963	327	23	enet	0.31	6.4e-13	-1.0236	0.306
Ovary	/media/kame/Data/_workings/resource/GTEv8//GTExv8.EUR.Ovary/ENSG00000135968.20.wgt.RDat	ENSG00000135968.20	2	108448560	108448561	0.2496	rs3820957	3.81	rs7596199	0.186655	-5.54	-0.026016	357	16	enet	0.16	5.8e-07	0.0409	0.967
Ovary	/media/kame/Data/_workings/resource/GTEv8//GTExv8.EUR.Ovary/ENSG00000186148.13.wgt.RDat	ENSG00000186148.13	2	109933160	109933161	0.1164	rs10793770	-4.43	rs12104935	-0.002215	3.59	-2.535508	150	29	enet	0.0038	0.22	-2.1654	0.0304
Ovary	/media/kame/Data/_workings/resource/GTEv8//GTExv8.EUR.Ovary/ENSG00000184115.17.wgt.RDat	ENSG00000184115.17	2	110435165	110435166	0.4442	rs10793770	-4.43	rs4443010	0.096499	4.55	-0.084115	156	18	enet	0.077	0.00058	0.3177	0.751
Ovary	/media/kame/Data/_workings/resource/GTEv8//GTExv8.EUR.Ovary/ENSG00000153208.16.wgt.RDat	ENSG00000153208.16	2	111898478	111898479	0.3604	rs10169022	3.33	rs13419523	0.028764	4.36	0.113189	309	9	enet	-0.005	0.57	0.6407	0.522
Ovary	/media/kame/Data/_workings/resource/GTEv8//GTExv8.EUR.Ovary/ENSG00000144161.12.wgt.RDat	ENSG00000144161.12	2	112255135	112255136	0.2327	rs12463408	4.16	rs11123130	0.125371	5.23	0.11761	345	8	enet	0.18	1.9e-07	0.3956	0.692
Ovary	/media/kame/Data/_workings/resource/GTEv8//GTExv8.EUR.Ovary/ENSG00000169629.11.wgt.RDat	ENSG00000169629.11	2	112434487	112434488	0.4493	rs17042509	7.55	rs7599551	0.432443	-7.86	-0.191681	401	17	enet	0.42	7.7e-18	0.1701	0.865
Ovary	/media/kame/Data/_workings/resource/GTEv8//GTExv8.EUR.Ovary/ENSG00000125630.15.wgt.RDat	ENSG00000125630.15	2	112541914	112541915	0.4674	rs17042509	7.55	rs13412193	0.251503	6.55	1.1759	394	18	enet	0.22	5.2e-09	1.3349	0.182
Ovary	/media/kame/Data/_workings/resource/GTEv8//GTExv8.EUR.Ovary/ENSG00000243389.1.wgt.RDat	ENSG00000243389.1	2	112614212	112614213	0.206	rs17042509	7.55	rs12469092	-0.001098	3.72	-0.664413	445	13	enet	0.034	0.018	-0.1904	0.849
Ovary	/media/kame/Data/_workings/resource/GTEv8//GTExv8.EUR.Ovary/ENSG00000237753.1.wgt.RDat	ENSG00000237753.1	2	112645689	112645690	0.314	rs17042509	7.55	rs4849088	0.120264	5	0.166139	474	12	enet	0.11	5e-05	-0.0149	0.988
Ovary	/media/kame/Data/_workings/resource/GTEv8//GTExv8.EUR.Ovary/ENSG00000189223.14.wgt.RDat	ENSG00000189223.14	2	113211521	113211522	0.6788	rs17042509	7.55	rs11123172	0.402994	-7.62	-0.240077	455	43	enet	0.38	5.3e-16	-0.0283	0.977
Ovary	/media/kame/Data/_workings/resource/GTEv8//GTExv8.EUR.Ovary/ENSG00000125618.16.wgt.RDat	ENSG00000125618.16	2	113278949	113278950	0.4077	rs17042509	7.55	rs11123172	0.194803	-5.58	-0.240077	458	48	enet	0.15	1.6e-06	-0.2415	0.809
Ovary	/media/kame/Data/_workings/resource/GTEv8//GTExv8.EUR.Ovary/ENSG00000136682.14.wgt.RDat	ENSG00000136682.14	2	113437690	113437691	0.3819	rs17046611	4.94	rs6542129	0.018356	-4.51	-0.248744	425	19	enet	0.23	1e-09	-1.3219	0.186
Ovary	/media/kame/Data/_workings/resource/GTEv8//GTExv8.EUR.Ovary/ENSG00000225398.3.wgt.RDat	ENSG00000225398.3	2	113541936	113541937	0.3162	rs17046611	4.94	rs4849261	0.214279	5.9	-0.208436	407	16	enet	0.14	4.5e-06	-0.0496	0.96
Ovary	/media/kame/Data/_workings/resource/GTEv8//GTExv8.EUR.Ovary/ENSG00000231943.7.wgt.RDat	ENSG00000231943.7	2	113542671	113542672	0.1835	rs17046611	4.94	rs4544450	0.12141	4.73	-0.039571	407	3	enet	0.07	0.001	-0.0959	0.924
Ovary	/media/kame/Data/_workings/resource/GTEv8//GTExv8.EUR.Ovary/ENSG00000146556.14.wgt.RDat	ENSG00000146556.14	2	113588549	113588550	0.4356	rs17046611	4.94	rs4849261	0.369339	-7.45	-0.208436	358	30	enet	0.34	5.3e-14	0.2148	0.83
Ovary	/media/kame/Data/_workings/resource/GTEv8//GTExv8.EUR.Ovary/ENSG00000236397.3.wgt.RDat	ENSG00000236397.3	2	113601260	113601261	0.4997	rs17046611	4.94	rs4849261	0.4499	7.9	-0.208436	352	23	enet	0.44	5e-19	-0.0156	0.988
Ovary	/media/kame/Data/_workings/resource/GTEv8//GTExv8.EUR.Ovary/ENSG00000279267.1.wgt.RDat	ENSG00000279267.1	2	113607907	113607908	0.1829	rs17046611	4.94	rs2900745	0.129636	-4.55	-0.008941	349	8	enet	0.079	0.00049	0.1215	0.903
Ovary	/media/kame/Data/_workings/resource/GTEv8//GTExv8.EUR.Ovary/ENSG00000240356.6.wgt.RDat	ENSG00000240356.6	2	113627089	113627090	0.342	rs17046611	4.94	rs6748854	0.135753	-5.54	0.471258	334	34	enet	0.28	9.7e-12	-1.1454	0.252
Ovary	/media/kame/Data/_workings/resource/GTEv8//GTExv8.EUR.Ovary/ENSG00000144134.18.wgt.RDat	ENSG00000144134.18	2	113627228	113627229	0.2369	rs17046611	4.94	rs2044686	0.013251	-4.63	-0.045282	333	20	enet	0.085	3e-04	-1.1679	0.243
Ovary	/media/kame/Data/_workings/resource/GTEv8//GTExv8.EUR.Ovary/ENSG00000115084.13.wgt.RDat	ENSG00000115084.13	2	113756822	113756823	0.1638	rs17046611	4.94	rs3748905	0.071429	-4.17	-0.000911	318	15	enet	0.05	0.0049	-0.1017	0.919
Ovary	/media/kame/Data/_workings/resource/GTEv8//GTExv8.EUR.Ovary/ENSG00000236255.1.wgt.RDat	ENSG00000236255.1	2	117833936	117833937	0.2153	rs4849629	-4.29	rs13020250	0.080509	-4.98	1.240161	465	34	enet	0.12	1.6e-05	-1.1627	0.245
Ovary	/media/kame/Data/_workings/resource/GTEv8//GTExv8.EUR.Ovary/ENSG00000226856.5.wgt.RDat	ENSG00000226856.5	2	118186385	118186386	0.3108	rs4849629	-4.29	rs11123476	0.108443	-4.1	1.237672	454	31	enet	0.15	1.9e-06	-0.0728	0.942
Ovary	/media/kame/Data/_workings/resource/GTEv8//GTExv8.EUR.Ovary/ENSG00000186132.14.wgt.RDat	ENSG00000186132.14	2	119366827	119366828	0.2578	rs2077344	5.22	rs1530562	0.144384	4.77	-0.010189	446	11	enet	0.038	0.012	0.0205	0.984
Ovary	/media/kame/Data/_workings/resource/GTEv8//GTExv8.EUR.Ovary/ENSG00000136732.14.wgt.RDat	ENSG00000136732.14	2	126655932	126655933	0.3474	rs6750543	-6.69	rs11893837	-0.000699	3.06	0.617709	430	61	enet	-0.0067	0.78	-0.2382	0.812
Ovary	/media/kame/Data/_workings/resource/GTEv8//GTExv8.EUR.Ovary/ENSG00000186684.12.wgt.RDat	ENSG00000186684.12	2	127220077	127220078	0.2615	rs800861	-3.43	rs12475915	0.027528	4.06	-0.019005	466	26	enet	0.016	0.073	-0.7515	0.452
Ovary	/media/kame/Data/_workings/resource/GTEv8//GTExv8.EUR.Ovary/ENSG00000163161.12.wgt.RDat	ENSG00000163161.12	2	127294175	127294176	0.1561	rs705048	-7.03	rs4662718	0.047139	-4.2	0.004538	453	11	enet	0.056	0.003	0.1644	0.869
Ovary	/media/kame/Data/_workings/resource/GTEv8//GTExv8.EUR.Ovary/ENSG00000236682.1.wgt.RDat	ENSG00000236682.1	2	127389129	127389130	0.6864	rs705048	-7.03	rs2139142	0.538576	8.61	-0.49781	436	31	enet	0.5	2.6e-22	-0.162	0.871
Ovary	/media/kame/Data/_workings/resource/GTEv8//GTExv8.EUR.Ovary/ENSG00000144231.10.wgt.RDat	ENSG00000144231.10	2	127858156	127858157	0.1405	rs705048	-7.03	rs2304518	-0.004149	-3.32	-0.329879	368	32	enet	-0.0066	0.75	0.8086	0.419
Ovary	/media/kame/Data/_workings/resource/GTEv8//GTExv8.EUR.Ovary/ENSG00000225449.3.wgt.RDat	ENSG00000225449.3	2	129979662	129979663	0.247	rs17637334	-2.66	rs1922633	0.055539	-4.69	-0.199277	256	12	enet	0.057	0.0028	0.0882	0.93
Ovary	/media/kame/Data/_workings/resource/GTEv8//GTExv8.EUR.Ovary/ENSG00000180178.10.wgt.RDat	ENSG00000180178.10	2	130051130	130051131	0.1862	rs4622658	-2.57	rs12474222	0.216017	5.51	-0.192598	238	12	enet	0.16	8.4e-07	-0.2124	0.832
Ovary	/media/kame/Data/_workings/resource/GTEv8//GTExv8.EUR.Ovary/ENSG00000136718.9.wgt.RDat	ENSG00000136718.9	2	130342349	130342350	0.102	rs1430707	-4.62	rs11542416	0.073633	4.19	-1.013889	140	19	enet	0.027	0.029	-0.9008	0.368
Ovary	/media/kame/Data/_workings/resource/GTEv8//GTExv8.EUR.Ovary/ENSG00000273073.1.wgt.RDat	ENSG00000273073.1	2	131463614	131463615	0.4841	rs9677376	-5.03	rs6731616	0.284984	6.86	-0.987178	169	21	enet	0.32	3.9e-13	-0.4679	0.64
Ovary	/media/kame/Data/_workings/resource/GTEv8//GTExv8.EUR.Ovary/ENSG00000173272.15.wgt.RDat	ENSG00000173272.15	2	131492742	131492743	0.5279	rs9677376	-5.03	rs6731616	0.355296	-7.34	-0.987178	164	10	enet	0.33	1e-13	0.9302	0.352
Ovary	/media/kame/Data/_workings/resource/GTEv8//GTExv8.EUR.Ovary/ENSG00000152117.17.wgt.RDat	ENSG00000152117.17	2	131492812	131492813	0.4939	rs9677376	-5.03	rs10171879	0.476051	-8.16	-3.781857	164	13	enet	0.46	6.9e-20	3.1756	0.0015
Ovary	/media/kame/Data/_workings/resource/GTEv8//GTExv8.EUR.Ovary/ENSG00000197927.12.wgt.RDat	ENSG00000197927.12	2	131722374	131722375	0.4689	rs4309618	-3.84	rs13418321	0.207411	-5.76	0.174181	122	27	enet	0.31	6.7e-13	-0.7564	0.449
Ovary	/media/kame/Data/_workings/resource/GTEv8//GTExv8.EUR.Ovary/ENSG00000213222.3.wgt.RDat	ENSG00000213222.3	2	131724278	131724279	0.1685	rs4309618	-3.84	rs6725622	0.003173	3.81	-1.461399	122	12	enet	0.075	0.00066	-1.4983	0.134
Ovary	/media/kame/Data/_workings/resource/GTEv8//GTExv8.EUR.Ovary/ENSG00000176771.16.wgt.RDat	ENSG00000176771.16	2	133568462	133568463	0.3419	rs17770239	-5.84	rs6749561	0.198573	-5.37	0.004779	529	28	enet	0.091	0.00019	-0.5366	0.592
Ovary	/media/kame/Data/_workings/resource/GTEv8//GTExv8.EUR.Ovary/ENSG00000224043.7.wgt.RDat	ENSG00000224043.7	2	134877642	134877643	0.2214	rs3791331	-2.09	rs1984559	-0.003504	-3.29	0.010977	374	23	enet	0.0099	0.13	0.2043	0.838
Ovary	/media/kame/Data/_workings/resource/GTEv8//GTExv8.EUR.Ovary/ENSG00000231890.7.wgt.RDat	ENSG00000231890.7	2	135985175	135985176	0.1435	rs13012539	-5.3	rs6745996	0.029062	3.96	-0.180172	302	4	enet	0.032	0.021	-0.2593	0.795
Ovary	/media/kame/Data/_workings/resource/GTEv8//GTExv8.EUR.Ovary/ENSG00000115866.10.wgt.RDat	ENSG00000115866.10	2	135985876	135985877	0.221	rs13012539	-5.3	rs3806502	0.073809	4.58	-0.030397	302	22	enet	0.11	4.2e-05	0.2385	0.812
Ovary	/media/kame/Data/_workings/resource/GTEv8//GTExv8.EUR.Ovary/ENSG00000080345.17.wgt.RDat	ENSG00000080345.17	2	151409882	151409883	0.2984	rs3845844	6.64	rs2444256	0.174275	-5.48	0.248429	401	26	enet	0.17	3.2e-07	-0.5075	0.612
Ovary	/media/kame/Data/_workings/resource/GTEv8//GTExv8.EUR.Ovary/ENSG00000226383.6.wgt.RDat	ENSG00000226383.6	2	156254949	156254950	0.605	rs707124	16.98	rs1528454	0.374665	7.23	2.670474	326	14	enet	0.38	4.8e-16	2.9835	0.00285
Ovary	/media/kame/Data/_workings/resource/GTEv8//GTExv8.EUR.Ovary/ENSG00000123612.15.wgt.RDat	ENSG00000123612.15	2	157629004	157629005	0.2497	rs4233672	-7.98	rs2848649	0.028174	-3.81	-0.216035	326	9	enet	0.0026	0.25	0.2411	0.809
Ovary	/media/kame/Data/_workings/resource/GTEv8//GTExv8.EUR.Ovary/ENSG00000196151.10.wgt.RDat	ENSG00000196151.10	2	159286798	159286799	0.3929	rs888628	3.51	rs714156	0.229456	-5.81	-0.170454	421	14	enet	0.21	6.6e-09	0.2164	0.829
Ovary	/media/kame/Data/_workings/resource/GTEv8//GTExv8.EUR.Ovary/ENSG00000123636.17.wgt.RDat	ENSG00000123636.17	2	159615559	159615560	0.2598	rs888628	3.51	rs10176194	0.07627	4.53	0.009499	479	46	enet	0.023	0.043	0.3443	0.731
Ovary	/media/kame/Data/_workings/resource/GTEv8//GTExv8.EUR.Ovary/ENSG00000226266.6.wgt.RDat	ENSG00000226266.6	2	159712434	159712435	0.2397	rs888628	3.51	rs12991516	0.057642	4.29	-0.005682	464	38	enet	0.083	0.00035	0.955	0.34
Ovary	/media/kame/Data/_workings/resource/GTEv8//GTExv8.EUR.Ovary/ENSG00000241399.6.wgt.RDat	ENSG00000241399.6	2	159798254	159798255	0.1312	rs2925755	4.08	rs6432565	0.035159	-4.05	-0.104565	441	12	enet	-0.0033	0.46	-0.2492	0.803
Ovary	/media/kame/Data/_workings/resource/GTEv8//GTExv8.EUR.Ovary/ENSG00000054219.10.wgt.RDat	ENSG00000054219.10	2	159904748	159904749	0.3067	rs4619557	4.68	rs7601374	0.093402	-5.17	-0.424525	444	15	enet	0.083	0.00037	0.755	0.45
Ovary	/media/kame/Data/_workings/resource/GTEv8//GTExv8.EUR.Ovary/ENSG00000115221.10.wgt.RDat	ENSG00000115221.10	2	160271887	160271888	0.2464	rs10192369	6.18	rs1563575	0.145844	4.75	1.489519	427	7	enet	0.11	4.4e-05	1.1564	0.248
Ovary	/media/kame/Data/_workings/resource/GTEv8//GTExv8.EUR.Ovary/ENSG00000206869.1.wgt.RDat	ENSG00000206869.1	2	164687776	164687777	0.1856	rs510806	7.25	rs7569506	-0.003856	-3.42	-2.307596	355	5	enet	-0.0045	0.54	1.0685	0.285
Ovary	/media/kame/Data/_workings/resource/GTEv8//GTExv8.EUR.Ovary/ENSG00000232411.1.wgt.RDat	ENSG00000232411.1	2	165839097	165839098	0.2266	rs17187636	-6.89	rs16851176	0.148293	4.8	1.181678	427	12	enet	0.12	1.3e-05	-0.2168	0.828
Ovary	/media/kame/Data/_workings/resource/GTEv8//GTExv8.EUR.Ovary/ENSG00000152254.10.wgt.RDat	ENSG00000152254.10	2	168901239	168901240	0.3733	rs540524	-5.4	rs3931	0.282218	6.3	0.09323	567	10	enet	0.26	1.1e-10	0.1847	0.853
Ovary	/media/kame/Data/_workings/resource/GTEv8//GTExv8.EUR.Ovary/ENSG00000152253.8.wgt.RDat	ENSG00000152253.8	2	168913370	168913371	0.3538	rs540524	-5.4	rs580507	0.178891	5.22	-0.749168	567	39	enet	0.18	1.4e-07	0.2514	0.802
Ovary	/media/kame/Data/_workings/resource/GTEv8//GTExv8.EUR.Ovary/ENSG00000138399.17.wgt.RDat	ENSG00000138399.17	2	169573874	169573875	0.213	rs6725137	-4.07	rs2276611	0.090322	4.84	0.14364	429	31	enet	0.1	8e-05	-0.2475	0.804
Ovary	/media/kame/Data/_workings/resource/GTEv8//GTExv8.EUR.Ovary/ENSG00000138382.14.wgt.RDat	ENSG00000138382.14	2	169824930	169824931	0.2141	rs12469771	-4.57	rs1559935	0.024629	3.84	0.165756	466	9	enet	0.018	0.065	0.1122	0.911
Ovary	/media/kame/Data/_workings/resource/GTEv8//GTExv8.EUR.Ovary/ENSG00000071967.11.wgt.RDat	ENSG00000071967.11	2	171522246	171522247	0.4559	rs7580132	-5.61	rs3821083	0.177012	-6.16	-2.851933	353	31	enet	0.21	1.3e-08	2.4842	0.013
Ovary	/media/kame/Data/_workings/resource/GTEv8//GTExv8.EUR.Ovary/ENSG00000077380.15.wgt.RDat	ENSG00000077380.15	2	171687408	171687409	0.2179	rs7580132	-5.61	rs6737308	0.07341	4.2	0.420601	372	7	enet	0.016	0.077	-0.1423	0.887
Ovary	/media/kame/Data/_workings/resource/GTEv8//GTExv8.EUR.Ovary/ENSG00000172878.13.wgt.RDat	ENSG00000172878.13	2	171999582	171999583	0.1504	rs7580132	-5.61	rs788171	0.012779	-3.93	0.441745	459	15	enet	0.012	0.1	0.9546	0.34
Ovary	/media/kame/Data/_workings/resource/GTEv8//GTExv8.EUR.Ovary/ENSG00000091428.17.wgt.RDat	ENSG00000091428.17	2	172735273	172735274	0.42	rs6751505	-5.43	rs7604728	0.293468	6.44	1.027793	490	10	enet	0.3	2.9e-12	0.876	0.381
Ovary	/media/kame/Data/_workings/resource/GTEv8//GTExv8.EUR.Ovary/ENSG00000260868.1.wgt.RDat	ENSG00000260868.1	2	174025279	174025280	0.2531	rs9646736	11.26	rs6736641	-7.2e-05	-3.53	0.121469	404	28	enet	0.074	0.00071	-1.2165	0.224
Ovary	/media/kame/Data/_workings/resource/GTEv8//GTExv8.EUR.Ovary/ENSG00000154518.9.wgt.RDat	ENSG00000154518.9	2	175184213	175184214	0.1072	rs2646143	-3.1	rs268214	0.053886	4.37	-0.705843	352	14	enet	0.002	0.26	-0.7978	0.425
Ovary	/media/kame/Data/_workings/resource/GTEv8//GTExv8.EUR.Ovary/ENSG00000144320.13.wgt.RDat	ENSG00000144320.13	2	176002838	176002839	0.1937	rs921084	3.91	rs747051	0.041408	-4.17	-0.983789	448	9	enet	0.064	0.0016	0.7521	0.452
Ovary	/media/kame/Data/_workings/resource/GTEv8//GTExv8.EUR.Ovary/ENSG00000128652.11.wgt.RDat	ENSG00000128652.11	2	176136611	176136612	0.2395	rs921084	3.91	rs711830	0.088201	4.77	-0.802299	460	14	enet	0.13	8.9e-06	-0.7843	0.433
Ovary	/media/kame/Data/_workings/resource/GTEv8//GTExv8.EUR.Ovary/ENSG00000170166.5.wgt.RDat	ENSG00000170166.5	2	176151221	176151222	0.2564	rs921084	3.91	rs2592394	0.06223	4.7	0.727158	454	22	enet	0.056	0.0029	0.2026	0.839
Ovary	/media/kame/Data/_workings/resource/GTEv8//GTExv8.EUR.Ovary/ENSG00000272729.1.wgt.RDat	ENSG00000272729.1	2	176165715	176165716	0.2327	rs921084	3.91	rs17395735	0.053603	3.97	-0.154622	454	15	enet	0.029	0.025	0.0806	0.936
Ovary	/media/kame/Data/_workings/resource/GTEv8//GTExv8.EUR.Ovary/ENSG00000226363.3.wgt.RDat	ENSG00000226363.3	2	176178424	176178425	0.4666	rs921084	3.91	rs2071581	0.35628	-7.14	0.250596	461	17	enet	0.32	4.1e-13	-0.6703	0.503
Ovary	/media/kame/Data/_workings/resource/GTEv8//GTExv8.EUR.Ovary/ENSG00000280374.1.wgt.RDat	ENSG00000280374.1	2	177318470	177318471	0.3655	rs1405718	7.41	rs10930785	0.217678	5.81	1.540416	471	16	enet	0.18	1.5e-07	1.3116	0.19
Ovary	/media/kame/Data/_workings/resource/GTEv8//GTExv8.EUR.Ovary/ENSG00000213963.6.wgt.RDat	ENSG00000213963.6	2	177348474	177348475	0.207	rs1405718	7.41	rs10930785	0.126277	4.52	1.540416	469	10	enet	0.05	0.0048	0.7895	0.43
Ovary	/media/kame/Data/_workings/resource/GTEv8//GTExv8.EUR.Ovary/ENSG00000128655.16.wgt.RDat	ENSG00000128655.16	2	178108338	178108339	0.1935	rs1405718	7.41	rs16865995	-0.007274	3.25	2.309727	477	25	enet	-0.0073	0.97	2.2204	0.0264
Ovary	/media/kame/Data/_workings/resource/GTEv8//GTExv8.EUR.Ovary/ENSG00000079150.17.wgt.RDat	ENSG00000079150.17	2	178478599	178478600	0.1341	rs1434093	-4.29	rs3769866	-0.000252	4.07	1.19601	462	21	enet	0.02	0.054	1.5629	0.118
Ovary	/media/kame/Data/_workings/resource/GTEv8//GTExv8.EUR.Ovary/ENSG00000188738.14.wgt.RDat	ENSG00000188738.14	2	185738894	185738895	0.2201	rs12622713	3.9	rs17331619	0.095955	4.55	0.008674	289	28	enet	0.061	0.002	-1.4488	0.147
Ovary	/media/kame/Data/_workings/resource/GTEv8//GTExv8.EUR.Ovary/ENSG00000226747.6.wgt.RDat	ENSG00000226747.6	2	185740478	185740479	0.4462	rs12622713	3.9	rs2193612	0.518528	8.47	0.113454	288	25	enet	0.51	4.3e-23	-1.0141	0.311
Ovary	/media/kame/Data/_workings/resource/GTEv8//GTExv8.EUR.Ovary/ENSG00000231646.5.wgt.RDat	ENSG00000231646.5	2	185788208	185788209	0.0973	rs12622713	3.9	rs2112031	0.028401	-3.71	1.348992	289	18	enet	0.01	0.12	-1.4743	0.14
Ovary	/media/kame/Data/_workings/resource/GTEv8//GTExv8.EUR.Ovary/ENSG00000259915.2.wgt.RDat	ENSG00000259915.2	2	186356772	186356773	0.1372	rs2595380	-3.87	rs6754898	0.090067	4.51	-0.126188	292	39	enet	0.069	0.0011	0.5003	0.617
Ovary	/media/kame/Data/_workings/resource/GTEv8//GTExv8.EUR.Ovary/ENSG00000138381.9.wgt.RDat	ENSG00000138381.9	2	189661384	189661385	0.1748	rs10497704	4.47	rs256546	0.109361	-5.01	0.996938	290	28	enet	0.085	0.00032	-0.4544	0.65
Ovary	/media/kame/Data/_workings/resource/GTEv8//GTExv8.EUR.Ovary/ENSG00000273240.1.wgt.RDat	ENSG00000273240.1	2	189764455	189764456	0.1779	rs10497704	4.47	rs1233284	0.119953	-4.7	0.57423	314	12	enet	0.1	7.8e-05	-0.6005	0.548
Ovary	/media/kame/Data/_workings/resource/GTEv8//GTExv8.EUR.Ovary/ENSG00000253559.1.wgt.RDat	ENSG00000253559.1	2	189764854	189764855	0.1291	rs10497704	4.47	rs256546	0.072913	-4.07	0.996938	314	10	enet	0.029	0.026	-1.143	0.253
Ovary	/media/kame/Data/_workings/resource/GTEv8//GTExv8.EUR.Ovary/ENSG00000128699.13.wgt.RDat	ENSG00000128699.13	2	189783572	189783573	0.1765	rs10497704	4.47	rs4667295	0.083015	4.48	0.273908	311	8	enet	0.057	0.0027	0.5649	0.572
Ovary	/media/kame/Data/_workings/resource/GTEv8//GTExv8.EUR.Ovary/ENSG00000151689.12.wgt.RDat	ENSG00000151689.12	2	190343469	190343470	0.2079	rs1558471	-3.47	rs3791815	0.13996	4.59	1.339214	339	9	enet	0.092	0.00018	1.4364	0.151
Ovary	/media/kame/Data/_workings/resource/GTEv8//GTExv8.EUR.Ovary/ENSG00000189362.11.wgt.RDat	ENSG00000189362.11	2	190534721	190534722	0.1499	rs11887698	3.73	rs12621493	0.024779	3.96	-0.418055	370	16	enet	0.025	0.035	0.0224	0.982
Ovary	/media/kame/Data/_workings/resource/GTEv8//GTExv8.EUR.Ovary/ENSG00000138378.17.wgt.RDat	ENSG00000138378.17	2	191151595	191151596	0.2229	rs2138913	-6.53	rs7574570	0.180975	-5.36	-5.501779	384	20	enet	0.16	6.9e-07	4.0944	4.23e-05
Ovary	/media/kame/Data/_workings/resource/GTEv8//GTExv8.EUR.Ovary/ENSG00000280083.1.wgt.RDat	ENSG00000280083.1	2	191156069	191156070	0.1853	rs2138913	-6.53	rs7574570	0.165804	-4.93	-5.501779	384	15	enet	0.11	3.1e-05	4.2316	2.32e-05
Ovary	/media/kame/Data/_workings/resource/GTEv8//GTExv8.EUR.Ovary/ENSG00000128641.18.wgt.RDat	ENSG00000128641.18	2	191245184	191245185	0.1891	rs2138913	-6.53	rs10168266	-0.007106	3.5	-0.024841	383	22	enet	0.055	0.0033	-4.054	5.03e-05
Ovary	/media/kame/Data/_workings/resource/GTEv8//GTExv8.EUR.Ovary/ENSG00000196950.13.wgt.RDat	ENSG00000196950.13	2	195575976	195575977	0.2566	rs6724756	-6.44	rs1898771	0.227899	-6.06	-0.693397	334	11	enet	0.23	1.1e-09	0.7578	0.449
Ovary	/media/kame/Data/_workings/resource/GTEv8//GTExv8.EUR.Ovary/ENSG00000118997.13.wgt.RDat	ENSG00000118997.13	2	196068811	196068812	0.1501	rs6724756	-6.44	rs12475846	0.10455	-4.93	0.060326	387	13	enet	0.038	0.012	0.1388	0.89
Ovary	/media/kame/Data/_workings/resource/GTEv8//GTExv8.EUR.Ovary/ENSG00000081320.10.wgt.RDat	ENSG00000081320.10	2	196176502	196176503	0.1624	rs4850693	3.33	rs1489802	-0.003653	3.41	-0.867933	369	35	enet	0.003	0.24	0.0794	0.937
Ovary	/media/kame/Data/_workings/resource/GTEv8//GTExv8.EUR.Ovary/ENSG00000162944.10.wgt.RDat	ENSG00000162944.10	2	197676044	197676045	0.199	rs3849361	3.4	rs11684176	0.063761	4.35	0.200288	314	31	enet	0.04	0.011	0.2066	0.836
Ovary	/media/kame/Data/_workings/resource/GTEv8//GTExv8.EUR.Ovary/ENSG00000226124.6.wgt.RDat	ENSG00000226124.6	2	199851172	199851173	0.2647	rs6726276	5.84	rs4530349	0.151726	5.26	0.246332	312	22	enet	0.12	1.8e-05	0.242	0.809
Ovary	/media/kame/Data/_workings/resource/GTEv8//GTExv8.EUR.Ovary/ENSG00000138356.13.wgt.RDat	ENSG00000138356.13	2	200585867	200585868	0.3043	rs893355	-7.48	rs2348114	-0.006876	-3.4	1.994107	476	53	enet	0.043	0.0085	-1.2385	0.216
Ovary	/media/kame/Data/_workings/resource/GTEv8//GTExv8.EUR.Ovary/ENSG00000240344.8.wgt.RDat	ENSG00000240344.8	2	200889302	200889303	0.6477	rs893355	-7.48	rs7583529	0.604369	-9.29	0.147259	449	17	enet	0.57	4e-27	0.1284	0.898
Ovary	/media/kame/Data/_workings/resource/GTEv8//GTExv8.EUR.Ovary/ENSG00000064012.21.wgt.RDat	ENSG00000064012.21	2	201233442	201233443	0.1743	rs17468821	-5.65	rs2348125	-0.004699	-3.29	0.769987	352	18	enet	0.0057	0.18	-0.3831	0.702
Ovary	/media/kame/Data/_workings/resource/GTEv8//GTExv8.EUR.Ovary/ENSG00000155749.12.wgt.RDat	ENSG00000155749.12	2	201357397	201357398	0.2424	rs17468821	-5.65	rs7577057	0.049917	-4.31	0.01312	348	23	enet	0.024	0.039	-0.2849	0.776
Ovary	/media/kame/Data/_workings/resource/GTEv8//GTExv8.EUR.Ovary/ENSG00000234842.1.wgt.RDat	ENSG00000234842.1	2	201549630	201549631	0.2361	rs17468821	-5.65	rs12693942	0.107804	-4.85	0.435554	400	11	enet	0.071	0.00095	-0.7842	0.433
Ovary	/media/kame/Data/_workings/resource/GTEv8//GTExv8.EUR.Ovary/ENSG00000138380.17.wgt.RDat	ENSG00000138380.17	2	202912226	202912227	0.2136	rs4675290	5.58	rs17406900	0.00226	-3.6	0.792104	242	44	enet	0.014	0.085	-1.2289	0.219
Ovary	/media/kame/Data/_workings/resource/GTEv8//GTExv8.EUR.Ovary/ENSG00000279220.1.wgt.RDat	ENSG00000279220.1	2	206203375	206203376	0.276	rs12478085	-7.95	rs1024809	0.132718	5.27	-0.192503	422	8	enet	0.14	3.7e-06	-0.0233	0.981
Ovary	/media/kame/Data/_workings/resource/GTEv8//GTExv8.EUR.Ovary/ENSG00000229150.1.wgt.RDat	ENSG00000229150.1	2	208112510	208112511	0.4354	rs2952769	-7.69	rs1020581	0.313846	6.82	-1.553826	371	15	enet	0.34	3.8e-14	-1.3428	0.179
Ovary	/media/kame/Data/_workings/resource/GTEv8//GTExv8.EUR.Ovary/ENSG00000115020.16.wgt.RDat	ENSG00000115020.16	2	208266266	208266267	0.2524	rs7603124	-4.93	rs6725418	0.035023	4.35	0.100748	371	25	enet	0.07	0.00098	-0.0783	0.938
Ovary	/media/kame/Data/_workings/resource/GTEv8//GTExv8.EUR.Ovary/ENSG00000078018.19.wgt.RDat	ENSG00000078018.19	2	209424057	209424058	0.1055	rs731953	3.09	rs1470498	0.076517	-4.37	0.457348	327	17	enet	0.027	0.031	-0.207	0.836
Ovary	/media/kame/Data/_workings/resource/GTEv8//GTExv8.EUR.Ovary/ENSG00000021826.14.wgt.RDat	ENSG00000021826.14	2	210477681	210477682	0.3505	rs13399140	6	rs10932339	0.099723	4.87	0.505943	347	15	enet	0.13	9.4e-06	-1.2516	0.211
Ovary	/media/kame/Data/_workings/resource/GTEv8//GTExv8.EUR.Ovary/ENSG00000138376.10.wgt.RDat	ENSG00000138376.10	2	214809710	214809711	0.2771	rs7586962	5.31	rs3768708	0.162338	-5.47	-1.368555	435	24	enet	0.2	3.5e-08	0.3356	0.737
Ovary	/media/kame/Data/_workings/resource/GTEv8//GTExv8.EUR.Ovary/ENSG00000138363.14.wgt.RDat	ENSG00000138363.14	2	215311816	215311817	0.6818	rs1525351	-4.17	rs16853782	0.095654	-5.19	-1.827865	468	55	enet	0.25	2.5e-10	0.9432	0.346
Ovary	/media/kame/Data/_workings/resource/GTEv8//GTExv8.EUR.Ovary/ENSG00000241520.1.wgt.RDat	ENSG00000241520.1	2	216483935	216483936	0.1949	rs2738278	-4.15	rs16856232	-0.001217	3.98	0.000211	497	23	enet	-0.0064	0.72	0.7486	0.454
Ovary	/media/kame/Data/_workings/resource/GTEv8//GTExv8.EUR.Ovary/ENSG00000231035.1.wgt.RDat	ENSG00000231035.1	2	217761290	217761291	0.2424	rs2571438	-4.73	rs929936	0.013367	-3.48	0.037361	481	41	enet	0.028	0.027	-0.8787	0.38
Ovary	/media/kame/Data/_workings/resource/GTEv8//GTExv8.EUR.Ovary/ENSG00000261338.2.wgt.RDat	ENSG00000261338.2	2	218255318	218255319	0.2616	rs4674332	-8.43	rs4996257	0.092908	-5.71	-1.095214	444	14	enet	0.21	1.2e-08	0.0799	0.936
Ovary	/media/kame/Data/_workings/resource/GTEv8//GTExv8.EUR.Ovary/ENSG00000127838.13.wgt.RDat	ENSG00000127838.13	2	218270391	218270392	0.3322	rs4674332	-8.43	rs1567869	0.060156	-4.05	-1.306506	432	22	enet	0.039	0.011	1.5493	0.121
Ovary	/media/kame/Data/_workings/resource/GTEv8//GTExv8.EUR.Ovary/ENSG00000135926.14.wgt.RDat	ENSG00000135926.14	2	218292585	218292586	0.3404	rs4674332	-8.43	rs6753621	0.025508	-3.76	0.222021	431	28	enet	0.038	0.012	0.4074	0.684
Ovary	/media/kame/Data/_workings/resource/GTEv8//GTExv8.EUR.Ovary/ENSG00000272555.1.wgt.RDat	ENSG00000272555.1	2	218818689	218818690	0.1157	rs13023540	18.87	rs10190834	-0.007344	-3.07	-0.923268	377	45	enet	0.03	0.024	-3.8004	0.000144
Ovary	/media/kame/Data/_workings/resource/GTEv8//GTExv8.EUR.Ovary/ENSG00000261428.2.wgt.RDat	ENSG00000261428.2	2	222569718	222569719	0.4938	rs4673048	-4.05	rs7571732	0.186646	-5.41	0.357181	461	12	enet	0.12	1.4e-05	0.2058	0.837
Ovary	/media/kame/Data/_workings/resource/GTEv8//GTExv8.EUR.Ovary/ENSG00000228446.2.wgt.RDat	ENSG00000228446.2	2	224500099	224500100	0.1461	rs1542789	5.15	rs1965506	0.018867	3.76	3.440931	455	29	enet	-0.0022	0.41	2.2906	0.022
Ovary	/media/kame/Data/_workings/resource/GTEv8//GTExv8.EUR.Ovary/ENSG00000135899.17.wgt.RDat	ENSG00000135899.17	2	230225728	230225729	0.2426	rs11682404	-5.39	rs7580900	0.072941	-4.26	0.020704	462	27	enet	0.051	0.0046	0.9638	0.335
Ovary	/media/kame/Data/_workings/resource/GTEv8//GTExv8.EUR.Ovary/ENSG00000185404.16.wgt.RDat	ENSG00000185404.16	2	230327183	230327184	0.3544	rs11682404	-5.39	rs7559665	0.089701	-4.81	-0.133622	475	41	enet	0.15	1.4e-06	0.3209	0.748
Ovary	/media/kame/Data/_workings/resource/GTEv8//GTExv8.EUR.Ovary/ENSG00000135931.17.wgt.RDat	ENSG00000135931.17	2	231198545	231198546	0.1193	rs11682404	-5.39	rs6437001	0.071046	-4.06	-0.025998	405	10	enet	0.023	0.043	-0.116	0.908
Ovary	/media/kame/Data/_workings/resource/GTEv8//GTExv8.EUR.Ovary/ENSG00000156966.6.wgt.RDat	ENSG00000156966.6	2	231395542	231395543	0.1269	rs745962	4.68	rs6437001	-0.001762	-3.81	-0.025998	382	22	enet	0.0034	0.23	-0.0695	0.945
Ovary	/media/kame/Data/_workings/resource/GTEv8//GTExv8.EUR.Ovary/ENSG00000283312.1.wgt.RDat	ENSG00000283312.1	2	231495298	231495299	0.6079	rs745962	4.68	rs13020024	0.208487	-6.15	0.042382	372	32	enet	0.46	3.3e-20	-0.1993	0.842
Ovary	/media/kame/Data/_workings/resource/GTEv8//GTExv8.EUR.Ovary/ENSG00000181798.2.wgt.RDat	ENSG00000181798.2	2	231514338	231514339	0.3723	rs745962	4.68	rs13020024	0.12033	-5.02	0.042382	359	30	enet	0.18	9.3e-08	0.3586	0.72
Ovary	/media/kame/Data/_workings/resource/GTEv8//GTExv8.EUR.Ovary/ENSG00000237641.1.wgt.RDat	ENSG00000237641.1	2	231789886	231789887	0.1498	rs3103295	-4.68	rs3856544	-0.003493	-3.46	2.156007	349	30	enet	0.0041	0.21	-3.5482	0.000388
Ovary	/media/kame/Data/_workings/resource/GTEv8//GTExv8.EUR.Ovary/ENSG00000144488.14.wgt.RDat	ENSG00000144488.14	2	238100156	238100157	0.8529	rs10199579	-3.53	rs12479385	0.542345	8.71	-0.774106	492	28	enet	0.66	1.5e-33	-0.5682	0.57
Ovary	/media/kame/Data/_workings/resource/GTEv8//GTExv8.EUR.Ovary/ENSG00000186235.10.wgt.RDat	ENSG00000186235.10	2	238231612	238231613	0.5129	rs4663943	-4.34	rs7558862	0.161099	5.52	2.303801	489	66	enet	0.23	1.1e-09	0.9315	0.352
Ovary	/media/kame/Data/_workings/resource/GTEv8//GTExv8.EUR.Ovary/ENSG00000283635.1.wgt.RDat	ENSG00000283635.1	2	238289126	238289127	0.2746	rs4663943	-4.34	rs7582286	0.101058	4.2	0.343481	463	7	enet	0.097	0.00012	1.0112	0.312
Ovary	/media/kame/Data/_workings/resource/GTEv8//GTExv8.EUR.Ovary/ENSG00000065802.11.wgt.RDat	ENSG00000065802.11	2	238426741	238426742	0.3215	rs6716943	4.4	rs561264	0.175687	-5.12	0.548652	440	20	enet	0.18	1.8e-07	0.1647	0.869
Ovary	/media/kame/Data/_workings/resource/GTEv8//GTExv8.EUR.Ovary/ENSG00000130414.11.wgt.RDat	ENSG00000130414.11	2	240025401	240025402	0.589	rs1437731	5.3	rs8369	0.227861	-6.41	-0.997441	569	57	enet	0.31	9.2e-13	0.5371	0.591
Ovary	/media/kame/Data/_workings/resource/GTEv8//GTExv8.EUR.Ovary/ENSG00000178623.11.wgt.RDat	ENSG00000178623.11	2	240605430	240605431	0.4896	rs2352821	5.1	rs4676411	0.357723	-7.1	-0.001754	498	9	enet	0.25	3.2e-10	-0.0144	0.988
Ovary	/media/kame/Data/_workings/resource/GTEv8//GTExv8.EUR.Ovary/ENSG00000122085.16.wgt.RDat	ENSG00000122085.16	2	241102331	241102332	0.6397	rs10048694	-2.43	rs740393	0.121883	-6.27	0.150069	438	16	enet	0.36	3e-15	0.1362	0.892
Ovary	/media/kame/Data/_workings/resource/GTEv8//GTExv8.EUR.Ovary/ENSG00000146205.13.wgt.RDat	ENSG00000146205.13	2	241188508	241188509	0.3325	rs10048694	-2.43	rs2289796	0.062455	-5.12	-0.361195	400	30	enet	0.17	3.6e-07	0.2899	0.772
Ovary	/media/kame/Data/_workings/resource/GTEv8//GTExv8.EUR.Ovary/ENSG00000168385.17.wgt.RDat	ENSG00000168385.17	2	241315099	241315100	0.7563	rs4675794	-2.85	rs11681497	0.33112	7.13	-0.841336	369	36	enet	0.37	2.6e-15	-0.4203	0.674
Ovary	/media/kame/Data/_workings/resource/GTEv8//GTExv8.EUR.Ovary/ENSG00000223374.1.wgt.RDat	ENSG00000223374.1	2	241351714	241351715	0.2754	rs35512023	2.86	rs11681497	0.182881	5.12	-0.841336	366	15	enet	0.13	8.6e-06	-0.7252	0.468
Ovary	/media/kame/Data/_workings/resource/GTEv8//GTExv8.EUR.Ovary/ENSG00000006607.13.wgt.RDat	ENSG00000006607.13	2	241356242	241356243	0.4333	rs35512023	2.86	rs6707518	0.232387	-6.03	-0.85587	365	35	enet	0.28	1.8e-11	1.1711	0.242
Ovary	/media/kame/Data/_workings/resource/GTEv8//GTExv8.EUR.Ovary/ENSG00000235351.1.wgt.RDat	ENSG00000235351.1	2	241724987	241724988	0.3465	rs35512023	2.86	rs7588212	0.019222	4.62	0.543786	229	25	enet	0.086	0.00028	0.2199	0.826
Ovary	/media/kame/Data/_workings/resource/GTEv8//GTExv8.EUR.Ovary/ENSG00000180902.17.wgt.RDat	ENSG00000180902.17	2	241734578	241734579	0.3929	rs35512023	2.86	rs7582582	0.250303	6.17	-0.372009	222	20	enet	0.26	6.6e-11	-0.1533	0.878
Ovary	/media/kame/Data/_workings/resource/GTEv8//GTExv8.EUR.Ovary/ENSG00000233806.7.wgt.RDat	ENSG00000233806.7	2	241881362	241881363	0.5671	rs35512023	2.86	rs6737774	0.05983	4.34	0.23749	165	28	enet	0.16	4.9e-07	0.3851	0.7
Ovary	/media/kame/Data/_workings/resource/GTEv8//GTExv8.EUR.Ovary/ENSG00000237940.3.wgt.RDat	ENSG00000237940.3	2	241970682	241970683	0.445	rs35512023	2.86	rs11510409	0.006671	-3.65	-1.181744	133	36	enet	0.14	3e-06	0.3037	0.761
Ovary	/media/kame/Data/_workings/resource/GTEv8//GTExv8.EUR.Ovary/ENSG00000280119.1.wgt.RDat	ENSG00000280119.1	2	242001208	242001209	0.3791	rs35512023	2.86	rs28528975	-0.003266	-3.03	1.145601	123	36	enet	0.046	0.0064	0.4746	0.635
Ovary	/media/kame/Data/_workings/resource/GTEv8//GTExv8.EUR.Ovary/ENSG00000261186.2.wgt.RDat	ENSG00000261186.2	2	242088456	242088457	0.5225	rs35512023	2.86	rs4973686	0.249617	6.31	0.702521	89	22	enet	0.31	8.9e-13	0.1417	0.887
Ovary	/media/kame/Data/_workings/resource/GTEv8//GTExv8.EUR.Ovary/ENSG00000227110.6.wgt.RDat	ENSG00000227110.6	3	8611923	8611924	0.2019	rs11718408	3.99	rs9312023	0.14776	-4.74	-0.457716	720	5	enet	0.16	1.1e-06	0.602	0.547
Ovary	/media/kame/Data/_workings/resource/GTEv8//GTExv8.EUR.Ovary/ENSG00000163703.17.wgt.RDat	ENSG00000163703.17	3	9933821	9933822	0.3066	rs7626117	-8.58	rs6792811	0.12476	4.36	-3.222597	490	37	enet	0.068	0.0011	-1.59989	0.11
Ovary	/media/kame/Data/_workings/resource/GTEv8//GTExv8.EUR.Ovary/ENSG00000180385.8.wgt.RDat	ENSG00000180385.8	3	9987120	9987121	0.1806	rs7626117	-8.58	rs7648104	0.03347	3.74	-6.914105	523	75	enet	-0.0048	0.56	-4.65234	3.28e-06
Ovary	/media/kame/Data/_workings/resource/GTEv8//GTExv8.EUR.Ovary/ENSG00000206567.9.wgt.RDat	ENSG00000206567.9	3	10011208	10011209	0.2022	rs7626117	-8.58	rs263411	0.04094	-3.42	-0.426627	524	14	enet	0.019	0.056	-3.29642	0.000979
Ovary	/media/kame/Data/_workings/resource/GTEv8//GTExv8.EUR.Ovary/ENSG00000186162.10.wgt.RDat	ENSG00000186162.10	3	10026364	10026365	0.206	rs7626117	-8.58	rs6800204	0.11445	4.43	-5.424344	526	30	enet	0.094	0.00015	-4.35482	1.33e-05
Ovary	/media/kame/Data/_workings/resource/GTEv8//GTExv8.EUR.Ovary/ENSG00000231177.4.wgt.RDat	ENSG00000231177.4	3	10284418	10284419	0.3806	rs7626117	-8.58	rs2075355	0.08722	5.16	0.32346	616	9	enet	0.16	6.9e-07	-0.0442	0.965
Ovary	/media/kame/Data/_workings/resource/GTEv8//GTExv8.EUR.Ovary/ENSG00000240288.7.wgt.RDat	ENSG00000240288.7	3	10287944	10287945	0.4039	rs7626117	-8.58	rs2075355	0.20321	6.23	0.32346	613	26	enet	0.27	3.7e-11	-0.10573	0.916
Ovary	/media/kame/Data/_workings/resource/GTEv8//GTExv8.EUR.Ovary/ENSG00000157017.15.wgt.RDat	ENSG00000157017.15	3	10291450	10291451	0.2365	rs7626117	-8.58	rs242728	0.00315	4.28	-1.233091	614	14	enet	0.038	0.012	-0.93074	0.352
Ovary	/media/kame/Data/_workings/resource/GTEv8//GTExv8.EUR.Ovary/ENSG00000157103.10.wgt.RDat	ENSG00000157103.10	3	10992723	10992724	0.4815	rs13353463	5.53	rs2675156	0.22605	-5.88	0.039253	524	7	enet	0.11	5e-05	0.15926	0.873
Ovary	/media/kame/Data/_workings/resource/GTEv8//GTExv8.EUR.Ovary/ENSG00000197548.12.wgt.RDat	ENSG00000197548.12	3	11272308	11272309	0.2031	rs13353463	5.53	rs6442241	0.18211	-5.34	1.668716	507	13	enet	0.083	0.00035	-1.66745	0.0954
Ovary	/media/kame/Data/_workings/resource/GTEv8//GTExv8.EUR.Ovary/ENSG00000144559.10.wgt.RDat	ENSG00000144559.10	3	11846918	11846919	0.4773	rs2618405	6.92	rs4684812	0.31204	-6.87	-0.254598	491	8	enet	0.26	1.2e-10	0.05743	0.954
Ovary	/media/kame/Data/_workings/resource/GTEv8//GTExv8.EUR.Ovary/ENSG00000157152.16.wgt.RDat	ENSG00000157152.16	3	12004401	12004402	0.3067	rs2618405	6.92	rs217049	0.15653	5	2.009062	552	18	enet	0.081	0.00043	1.56384	0.118
Ovary	/media/kame/Data/_workings/resource/GTEv8//GTExv8.EUR.Ovary/ENSG00000157150.4.wgt.RDat	ENSG00000157150.4	3	12159350	12159351	0.1514	rs2618405	6.92	rs310746	0.03677	3.6	0.415376	511	28	enet	-0.0032	0.45	-0.07263	0.942
Ovary	/media/kame/Data/_workings/resource/GTEv8//GTExv8.EUR.Ovary/ENSG00000225526.4.wgt.RDat	ENSG00000225526.4	3	12561058	12561059	0.1936	rs11716141	5.81	rs2633442	0.01911	4.16	0.916927	464	22	enet	-0.0037	0.48	0.61559	0.538
Ovary	/media/kame/Data/_workings/resource/GTEv8//GTExv8.EUR.Ovary/ENSG00000144596.12.wgt.RDat	ENSG00000144596.12	3	14556074	14556075	0.2906	rs4684187	3.53	rs1077535	0.0141	-4.24	-0.26435	613	8	enet	0.058	0.0026	0.27591	0.783
Ovary	/media/kame/Data/_workings/resource/GTEv8//GTExv8.EUR.Ovary/ENSG00000131379.9.wgt.RDat	ENSG00000131379.9	3	14675098	14675099	0.3654	rs4684187	3.53	rs4684236	0.17247	-5.19	0.03507	622	7	enet	0.061	0.002	-0.0022	0.998
Ovary	/media/kame/Data/_workings/resource/GTEv8//GTExv8.EUR.Ovary/ENSG00000249786.7.wgt.RDat	ENSG00000249786.7	3	15449993	15449994	0.2424	rs2470550	-8.51	rs7649122	0.07377	5.73	1.035819	372	11	enet	0.12	2.7e-05	0.93628	0.349
Ovary	/media/kame/Data/_workings/resource/GTEv8//GTExv8.EUR.Ovary/ENSG00000206561.12.wgt.RDat	ENSG00000206561.12	3	15521750	15521751	0.1642	rs2470550	-8.51	rs6442533	0.0032	3.41	-0.100826	378	41	enet	0.015	0.084	-0.21707	0.828
Ovary	/media/kame/Data/_workings/resource/GTEv8//GTExv8.EUR.Ovary/ENSG00000154822.17.wgt.RDat	ENSG00000154822.17	3	16802650	16802651	0.2988	rs748832	11.53	rs17042262	0.00292	-3.35	-0.739657	481	53	enet	0.065	0.0014	1.16212	0.245
Ovary	/media/kame/Data/_workings/resource/GTEv8//GTExv8.EUR.Ovary/ENSG00000232953.1.wgt.RDat	ENSG00000232953.1	3	19943309	19943310	0.2097	rs11714225	4.75	rs1133328	0.17887	5.39	0.278169	377	9	enet	0.11	5.4e-05	-0.00149	0.999
Ovary	/media/kame/Data/_workings/resource/GTEv8//GTExv8.EUR.Ovary/ENSG00000163576.17.wgt.RDat	ENSG00000163576.17	3	19947024	19947025	0.7169	rs11714225	4.75	rs1133328	0.5761	8.97	0.278169	377	13	enet	0.52	8.9e-24	0.15635	0.876
Ovary	/media/kame/Data/_workings/resource/GTEv8//GTExv8.EUR.Ovary/ENSG00000231304.2.wgt.RDat	ENSG00000231304.2	3	20174243	20174244	0.2347	rs11714225	4.75	rs4241501	0.09785	4.92	-1.415951	440	12	enet	0.14	3.5e-06	-1.35105	0.177
Ovary	/media/kame/Data/_workings/resource/GTEv8//GTExv8.EUR.Ovary/ENSG00000173705.8.wgt.RDat	ENSG00000173705.8	3	33219214	33219215	0.1599	rs2228428	-5.39	rs9637517	0.00546	3.53	-0.293209	352	13	enet	0.01	0.12	-0.65351	0.513
Ovary	/media/kame/Data/_workings/resource/GTEv8//GTExv8.EUR.Ovary/ENSG00000271324.1.wgt.RDat	ENSG00000271324.1	3	33794144	33794145	0.1997	rs1002489	-5.71	rs9853874	0.15531	4.78	0.689821	353	24	enet	0.1	6.6e-05	0.26634	0.79
Ovary	/media/kame/Data/_workings/resource/GTEv8//GTExv8.EUR.Ovary/ENSG00000271643.1.wgt.RDat	ENSG00000271643.1	3	33796949	33796950	0.2049	rs1002489	-5.71	rs9853874	0.18675	5.15	0.689821	352	10	enet	0.18	1.9e-07	0.80594	0.42
Ovary	/media/kame/Data/_workings/resource/GTEv8//GTExv8.EUR.Ovary/ENSG00000144681.10.wgt.RDat	ENSG00000144681.10	3	36380343	36380344	0.272	rs17244786	-5.7	rs17244786	0.12633	5.24	-5.703235	472	18	enet	0.042	0.0088	-4.61132	4e-06
Ovary	/media/kame/Data/_workings/resource/GTEv8//GTExv8.EUR.Ovary/ENSG00000272334.1.wgt.RDat	ENSG00000272334.1	3	36973671	36973672	0.1798	rs9843434	4.69	rs749072	0.04194	4.05	-0.909578	389	11	enet	0.013	0.094	-0.68404	0.494
Ovary	/media/kame/Data/_workings/resource/GTEv8//GTExv8.EUR.Ovary/ENSG00000235257.8.wgt.RDat	ENSG00000235257.8	3	37861779	37861780	0.244	rs2073714	-3.35	rs9826388	-0.00692	3.36	-0.042291	419	29	enet	0.016	0.073	1.17754	0.239
Ovary	/media/kame/Data/_workings/resource/GTEv8//GTExv8.EUR.Ovary/ENSG00000144677.14.wgt.RDat	ENSG00000144677.14	3	37861959	37861960	0.2181	rs2073714	-3.35	rs9877943	0.13315	5	-0.384481	418	18	enet	0.085	0.00031	-0.20658	0.836
Ovary	/media/kame/Data/_workings/resource/GTEv8//GTExv8.EUR.Ovary/ENSG00000157036.12.wgt.RDat	ENSG00000157036.12	3	38496126	38496127	0.2815	rs7374540	4.26	rs2070488	0.25592	6.73	-0.100202	438	19	enet	0.2	2.8e-08	-0.23647	0.813
Ovary	/media/kame/Data/_workings/resource/GTEv8//GTExv8.EUR.Ovary/ENSG00000168028.13.wgt.RDat	ENSG00000168028.13	3	39406688	39406689	0.3152	rs11129839	-5.69	rs11129823	0.28229	-6.28	0.698216	417	24	enet	0.26	8.3e-11	-0.99812	0.318
Ovary	/media/kame/Data/_workings/resource/GTEv8//GTExv8.EUR.Ovary/ENSG00000114857.17.wgt.RDat	ENSG00000114857.17	3	42600613	42600614	0.1742	rs3774389	-5.55	rs4549	0.01547	-3.85	0.049688	470	28	enet	0.03	0.024	0.91919	0.358
Ovary	/media/kame/Data/_workings/resource/GTEv8//GTExv8.EUR.Ovary/ENSG00000230084.5.wgt.RDat	ENSG00000230084.5	3	42654387	42654388	0.1467	rs3774389	-5.55	rs33984028	0.07902	4.13	0.197276	462	28	enet	-0.00085	0.35	0.31084	0.756
Ovary	/media/kame/Data/_workings/resource/GTEv8//GTExv8.EUR.Ovary/ENSG00000181061.13.wgt.RDat	ENSG00000181061.13	3	42804530	42804531	0.235	rs4683364	5.7	rs502399	-0.00248	3.6	-3.595256	439	31	enet	0.073	0.00076	-2.84213	0.00448
Ovary	/media/kame/Data/_workings/resource/GTEv8//GTExv8.EUR.Ovary/ENSG00000011376.9.wgt.RDat	ENSG00000011376.9	3	45388505	45388506	0.2816	rs9856266	-4.66	rs13083568	0.11929	-4.33	-0.004966	509	9	enet	0.057	0.0029	-0.27749	0.781
Ovary	/media/kame/Data/_workings/resource/GTEv8//GTExv8.EUR.Ovary/ENSG00000144791.9.wgt.RDat	ENSG00000144791.9	3	45555393	45555394	0.5236	rs9856266	-4.66	rs1318992	0.31476	6.67	0.100293	517	40	enet	0.29	5.9e-12	0.52708	0.598
Ovary	/media/kame/Data/_workings/resource/GTEv8//GTExv8.EUR.Ovary/ENSG00000163820.14.wgt.RDat	ENSG00000163820.14	3	45995823	45995824	0.17	rs9856266	-4.66	rs3796376	0.0436	-3.98	-1.679522	449	20	enet	0.033	0.019	1.23878	0.215
Ovary	/media/kame/Data/_workings/resource/GTEv8//GTExv8.EUR.Ovary/ENSG00000241186.9.wgt.RDat	ENSG00000241186.9	3	46574533	46574534	0.6405	rs9855938	-3.72	rs3806702	0.54927	8.75	-0.083806	374	6	enet	0.54	1.2e-24	-0.31591	0.752
Ovary	/media/kame/Data/_workings/resource/GTEv8//GTExv8.EUR.Ovary/ENSG00000163827.12.wgt.RDat	ENSG00000163827.12	3	46580098	46580099	0.3152	rs9855938	-3.72	rs3806702	0.19545	5.52	-0.083806	371	21	enet	0.22	2.6e-09	-1.16829	0.243
Ovary	/media/kame/Data/_workings/resource/GTEv8//GTExv8.EUR.Ovary/ENSG00000178038.16.wgt.RDat	ENSG00000178038.16	3	46693703	46693704	0.3854	rs9855938	-3.72	rs7634963	0.24727	-5.97	-2.96541	346	26	enet	0.21	1.1e-08	2.25108	0.0244
Ovary	/media/kame/Data/_workings/resource/GTEv8//GTExv8.EUR.Ovary/ENSG00000188086.13.wgt.RDat	ENSG00000188086.13	3	46744754	46744755	0.5728	rs9855938	-3.72	rs4075012	0.39365	7.56	-0.588534	336	14	enet	0.38	7.8e-16	-0.42838	0.668
Ovary	/media/kame/Data/_workings/resource/GTEv8//GTExv8.EUR.Ovary/ENSG00000260236.1.wgt.RDat	ENSG00000260236.1	3	47380998	47380999	0.2082	rs9855938	-3.72	rs11719795	0.05802	-3.67	-3.21448	144	23	enet	0.04	0.011	1.1188	0.263
Ovary	/media/kame/Data/_workings/resource/GTEv8//GTExv8.EUR.Ovary/ENSG00000164048.13.wgt.RDat	ENSG00000164048.13	3	48241099	48241100	0.2634	rs876597	3.59	rs936426	0.30018	6.57	2.813737	244	20	enet	0.27	2.9e-11	2.52958	0.0114
Ovary	/media/kame/Data/_workings/resource/GTEv8//GTExv8.EUR.Ovary/ENSG00000229759.1.wgt.RDat	ENSG00000229759.1	3	48256585	48256586	0.5185	rs876597	3.59	rs6796490	0.33739	7.32	1.307135	248	18	enet	0.42	2.9e-18	1.11597	0.264
Ovary	/media/kame/Data/_workings/resource/GTEv8//GTExv8.EUR.Ovary/ENSG00000228638.1.wgt.RDat	ENSG00000228638.1	3	48291374	48291375	0.1863	rs876597	3.59	rs6796490	0.12043	-4.51	1.307135	252	36	enet	0.09	0.00021	-2.75032	0.00595
Ovary	/media/kame/Data/_workings/resource/GTEv8//GTExv8.EUR.Ovary/ENSG00000172113.8.wgt.RDat	ENSG00000172113.8	3	48301684	48301685	0.1051	rs876597	3.59	rs6796490	0.08984	-3.87	1.307135	255	15	enet	0.084	0.00032	-1.87568	0.0607
Ovary	/media/kame/Data/_workings/resource/GTEv8//GTExv8.EUR.Ovary/ENSG00000213689.11.wgt.RDat	ENSG00000213689.11	3	48465810	48465811	0.1768	rs876597	3.59	rs11797	0.08364	-4.53	0.257305	254	17	enet	0.071	0.00096	0.1364	0.892
Ovary	/media/kame/Data/_workings/resource/GTEv8//GTExv8.EUR.Ovary/ENSG00000213672.7.wgt.RDat	ENSG00000213672.7	3	48686363	48686364	0.1613	rs876597	3.59	rs4858828	0.20097	-5.4	0.525878	261	16	enet	0.17	2.6e-07	-0.08292	0.934
Ovary	/media/kame/Data/_workings/resource/GTEv8//GTExv8.EUR.Ovary/ENSG00000178252.17.wgt.RDat	ENSG00000178252.17	3	49007154	49007155	0.1212	rs2633958	-3.12	rs11713297	0.06983	3.72	-2.301878	260	36	enet	0.081	0.00043	-0.86703	0.386
Ovary	/media/kame/Data/_workings/resource/GTEv8//GTExv8.EUR.Ovary/ENSG00000198218.10.wgt.RDat	ENSG00000198218.10	3	49094362	49094363	0.205	rs2633958	-3.12	rs17080528	0.05278	-3.79	-1.491996	253	49	enet	0.11	5.6e-05	0.33844	0.735
Ovary	/media/kame/Data/_workings/resource/GTEv8//GTExv8.EUR.Ovary/ENSG00000185909.14.wgt.RDat	ENSG00000185909.14	3	49171610	49171611	0.0832	rs9812791	-2.55	rs4955420	0.09147	4.43	1.280632	262	14	enet	0.12	2.1e-05	0.40666	0.684
Ovary	/media/kame/Data/_workings/resource/GTEv8//GTExv8.EUR.Ovary/ENSG00000233276.3.wgt.RDat	ENSG00000233276.3	3	49358599	49358600	0.1711	rs9812791	-2.55	rs4554002	-0.00608	3.33	-0.104251	277	37	enet	-0.0017	0.38	-0.11634	0.907
Ovary	/media/kame/Data/_workings/resource/GTEv8//GTExv8.EUR.Ovary/ENSG00000235908.1.wgt.RDat	ENSG00000235908.1	3	49367005	49367006	0.3265	rs9812791	-2.55	rs6785549	0.02379	-3.48	1.098104	281	46	enet	0.034	0.017	-0.60223	0.547
Ovary	/media/kame/Data/_workings/resource/GTEv8//GTExv8.EUR.Ovary/ENSG00000145020.15.wgt.RDat	ENSG00000145020.15	3	49422752	49422753	0.2036	rs2230593	7.15	rs11710434	0.16198	-5.78	-0.945635	288	41	enet	0.15	2.3e-06	0.47693	0.633
Ovary	/media/kame/Data/_workings/resource/GTEv8//GTExv8.EUR.Ovary/ENSG00000145029.13.wgt.RDat	ENSG00000145029.13	3	49429325	49429326	0.083	rs2230593	7.15	rs7653408	0.0197	-3.53	-0.526753	288	24	enet	0.0023	0.25	0.39295	0.694
Ovary	/media/kame/Data/_workings/resource/GTEv8//GTExv8.EUR.Ovary/ENSG00000164062.12.wgt.RDat	ENSG00000164062.12	3	49674001	49674002	0.1234	rs2230593	7.15	rs11130216	0.04917	-3.4	-0.073989	316	31	enet	0.014	0.089	-0.32665	0.744
Ovary	/media/kame/Data/_workings/resource/GTEv8//GTExv8.EUR.Ovary/ENSG00000164068.15.wgt.RDat	ENSG00000164068.15	3	49689501	49689502	0.1327	rs2230593	7.15	rs11720705	0.09802	4.24	1.667876	313	57	enet	0.089	0.00023	1.21702	0.224
Ovary	/media/kame/Data/_workings/resource/GTEv8//GTExv8.EUR.Ovary/ENSG00000173540.12.wgt.RDat	ENSG00000173540.12	3	49723950	49723951	0.2115	rs2230593	7.15	rs7637711	0.14499	5.18	1.77541	313	36	enet	0.15	1.3e-06	0.8632	0.388
Ovary	/media/kame/Data/_workings/resource/GTEv8//GTExv8.EUR.Ovary/ENSG00000185614.4.wgt.RDat	ENSG00000185614.4	3	49803253	49803254	0.1001	rs2230593	7.15	rs11130216	0.03607	4.15	-0.073989	313	16	enet	0.021	0.048	-0.09436	0.925
Ovary	/media/kame/Data/_workings/resource/GTEv8//GTExv8.EUR.Ovary/ENSG00000004534.14.wgt.RDat	ENSG00000004534.14	3	49940006	49940007	0.233	rs2230593	7.15	rs3774745	0.15865	5.64	0.208229	308	40	enet	0.18	1.2e-07	-0.03043	0.976
Ovary	/media/kame/Data/_workings/resource/GTEv8//GTExv8.EUR.Ovary/ENSG00000001617.11.wgt.RDat	ENSG00000001617.11	3	50155044	50155045	0.1179	rs2230593	7.15	rs2236953	0.01046	-4.26	2.707436	306	14	enet	0.049	0.0052	-2.2388	0.0252
Ovary	/media/kame/Data/_workings/resource/GTEv8//GTExv8.EUR.Ovary/ENSG00000186792.16.wgt.RDat	ENSG00000186792.16	3	50299467	50299468	0.4384	rs2230593	7.15	rs13100173	0.30605	-6.98	1.329628	276	15	enet	0.28	1.1e-11	-1.0067	0.314
Ovary	/media/kame/Data/_workings/resource/GTEv8//GTExv8.EUR.Ovary/ENSG00000164081.12.wgt.RDat	ENSG00000164081.12	3	51671174	51671175	0.0865	rs904145	3.74	rs1480360	0.03334	3.98	1.551341	234	17	enet	0.044	0.0079	1.39746	0.162
Ovary	/media/kame/Data/_workings/resource/GTEv8//GTExv8.EUR.Ovary/ENSG00000164088.17.wgt.RDat	ENSG00000164088.17	3	52245792	52245793	0.1245	rs11715796	5.28	rs4082828	0.08784	4.17	0.77477	325	20	enet	0.063	0.0018	0.96029	0.337
Ovary	/media/kame/Data/_workings/resource/GTEv8//GTExv8.EUR.Ovary/ENSG00000163938.16.wgt.RDat	ENSG00000163938.16	3	52681155	52681156	0.1066	rs2581790	5.34	rs2590838	0.03118	3.96	-4.27297	385	6	enet	0.026	0.033	-3.27183	0.00107
Ovary	/media/kame/Data/_workings/resource/GTEv8//GTExv8.EUR.Ovary/ENSG00000055955.15.wgt.RDat	ENSG00000055955.15	3	52830738	52830739	0.2368	rs11130367	11.74	rs6445538	0.11564	5.38	-0.609804	387	11	enet	0.098	0.00011	-1.08973	0.276
Ovary	/media/kame/Data/_workings/resource/GTEv8//GTExv8.EUR.Ovary/ENSG00000163935.13.wgt.RDat	ENSG00000163935.13	3	53046067	53046068	0.3123	rs11130367	11.74	rs2564921	0.21799	-5.9	-0.112892	362	17	enet	0.18	9e-08	0.11352	0.91
Ovary	/media/kame/Data/_workings/resource/GTEv8//GTExv8.EUR.Ovary/ENSG00000242142.1.wgt.RDat	ENSG00000242142.1	3	53065090	53065091	0.3881	rs11130367	11.74	rs2336725	0.37441	-7.52	-0.205153	358	10	enet	0.37	2e-15	0.16779	0.867
Ovary	/media/kame/Data/_workings/resource/GTEv8//GTExv8.EUR.Ovary/ENSG00000163933.9.wgt.RDat	ENSG00000163933.9	3	53130461	53130462	0.3888	rs11130367	11.74	rs2336725	0.31306	7.13	-0.205153	371	22	enet	0.34	4.7e-14	-0.19211	0.848
Ovary	/media/kame/Data/_workings/resource/GTEv8//GTExv8.EUR.Ovary/ENSG00000113812.13.wgt.RDat	ENSG00000113812.13	3	53882201	53882202	0.198	rs13080668	9.84	rs2241806	0.16723	-5.31	0.974748	507	8	enet	0.18	1.1e-07	-0.84249	0.4
Ovary	/media/kame/Data/_workings/resource/GTEv8//GTExv8.EUR.Ovary/ENSG00000180376.16.wgt.RDat	ENSG00000180376.16	3	56557160	56557161	0.3777	rs13089169	9.01	rs6791987	0.04586	-4.77	-0.83057	434	36	enet	0.094	0.00015	1.15074	0.25
Ovary	/media/kame/Data/_workings/resource/GTEv8//GTExv8.EUR.Ovary/ENSG00000163681.14.wgt.RDat	ENSG00000163681.14	3	57755449	57755450	0.1614	rs7622687	-5.64	rs7624585	0.20906	-5.43	1.004539	365	29	enet	0.18	9e-08	-1.4597	0.144
Ovary	/media/kame/Data/_workings/resource/GTEv8//GTExv8.EUR.Ovary/ENSG00000244161.1.wgt.RDat	ENSG00000244161.1	3	58170573	58170574	0.2306	rs7622687	-5.64	rs3732631	0.01095	-3.99	-0.100055	451	15	enet	0.0033	0.23	-0.29416	0.769
Ovary	/media/kame/Data/_workings/resource/GTEv8//GTExv8.EUR.Ovary/ENSG00000163687.13.wgt.RDat	ENSG00000163687.13	3	58214696	58214697	0.187	rs7622687	-5.64	rs12494813	0.05286	-3.71	-0.163278	448	15	enet	0.038	0.012	-0.36507	0.715
Ovary	/media/kame/Data/_workings/resource/GTEv8//GTExv8.EUR.Ovary/ENSG00000272360.1.wgt.RDat	ENSG00000272360.1	3	58491290	58491291	0.2499	rs7622687	-5.64	rs4681686	0.12478	-4.53	-0.931691	420	17	enet	0.087	0.00026	0.93696	0.349
Ovary	/media/kame/Data/_workings/resource/GTEv8//GTExv8.EUR.Ovary/ENSG00000241684.5.wgt.RDat	ENSG00000241684.5	3	64684908	64684909	0.3891	rs6772478	-5.98	rs13084009	-0.00621	-3.39	0.214675	671	75	enet	0.12	1.6e-05	-2.27883	0.0227
Ovary	/media/kame/Data/_workings/resource/GTEv8//GTExv8.EUR.Ovary/ENSG00000172340.14.wgt.RDat	ENSG00000172340.14	3	67654613	67654614	0.3568	rs1490270	9.05	rs1490271	0.02349	-4.15	0.563393	410	2	enet	-0.00079	0.35	-0.55088	0.582
Ovary	/media/kame/Data/_workings/resource/GTEv8//GTExv8.EUR.Ovary/ENSG00000241316.6.wgt.RDat	ENSG00000241316.6	3	67654696	67654697	0.1697	rs1490270	9.05	rs6548962	0.01	3.72	1.866274	410	26	enet	0.015	0.08	0.64156	0.521
Ovary	/media/kame/Data/_workings/resource/GTEv8//GTExv8.EUR.Ovary/ENSG00000172986.12.wgt.RDat	ENSG00000172986.12	3	72888072	72888073	0.3098	rs17010036	-4.04	rs4677214	0.26854	-6.22	0.826104	435	8	enet	0.16	5.4e-07	-0.94588	0.344
Ovary	/media/kame/Data/_workings/resource/GTEv8//GTExv8.EUR.Ovary/ENSG00000242960.1.wgt.RDat	ENSG00000242960.1	3	72929043	72929044	0.1997	rs17010036	-4.04	rs1123121	-0.00525	3.36	0.460904	453	25	enet	0.0011	0.29	-0.87388	0.382
Ovary	/media/kame/Data/_workings/resource/GTEv8//GTExv8.EUR.Ovary/ENSG00000244026.6.wgt.RDat	ENSG00000244026.6	3	75435109	75435110	0.4106	rs7430900	-2.37	rs35491846	0.02544	3.61	-1.006726	142	23	enet	0.13	8.4e-06	-0.27092	0.786
Ovary	/media/kame/Data/_workings/resource/GTEv8//GTExv8.EUR.Ovary/ENSG00000242516.1.wgt.RDat	ENSG00000242516.1	3	75672390	75672391	0.3106	rs7632524	-4.1	rs11708170	0.0797	-4.19	0.768724	166	15	enet	0.045	0.0074	0.06932	0.945
Ovary	/media/kame/Data/_workings/resource/GTEv8//GTExv8.EUR.Ovary/ENSG00000227124.8.wgt.RDat	ENSG00000227124.8	3	75785582	75785583	0.2478	rs7632524	-4.1	rs17028554	0.21545	5.57	0.084564	160	14	enet	0.18	1.5e-07	-0.15027	0.881
Ovary	/media/kame/Data/_workings/resource/GTEv8//GTExv8.EUR.Ovary/ENSG00000281392.1.wgt.RDat	ENSG00000281392.1	3	87089128	87089129	0.2038	rs9841244	6.17	rs12638524	0.0236	-3.63	-0.892783	335	21	enet	0.016	0.076	-0.35022	0.726
Ovary	/media/kame/Data/_workings/resource/GTEv8//GTExv8.EUR.Ovary/ENSG00000163320.10.wgt.RDat	ENSG00000163320.10	3	88149741	88149742	0.3995	rs6551305	4.59	rs12629581	0.2268	5.77	0.034399	294	28	enet	0.21	7e-09	0.12179	0.903
Ovary	/media/kame/Data/_workings/resource/GTEv8//GTExv8.EUR.Ovary/ENSG00000178750.2.wgt.RDat	ENSG00000178750.2	3	94028609	94028610	0.2077	rs8178616	-4.55	rs8178591	0.16801	5.44	0.42956	184	12	enet	0.15	2.3e-06	0.86261	0.388
Ovary	/media/kame/Data/_workings/resource/GTEv8//GTExv8.EUR.Ovary/ENSG00000256628.3.wgt.RDat	ENSG00000256628.3	3	101676474	101676475	0.1458	rs2926539	-5.14	rs2081577	0.0117	-3.7	-0.254353	341	24	enet	0.0012	0.28	-0.27574	0.783
Ovary	/media/kame/Data/_workings/resource/GTEv8//GTExv8.EUR.Ovary/ENSG00000138472.10.wgt.RDat	ENSG00000138472.10	3	108953894	108953895	0.5121	rs7611135	5.89	rs7641406	0.31826	6.72	-0.299254	385	11	enet	0.29	5.9e-12	-0.30919	0.757
Ovary	/media/kame/Data/_workings/resource/GTEv8//GTExv8.EUR.Ovary/ENSG00000163607.15.wgt.RDat	ENSG00000163607.15	3	112991153	112991154	0.1557	rs7622601	-3.04	rs10934211	0.08552	-4.73	0.022699	460	9	enet	0.13	1.1e-05	-0.23239	0.816
Ovary	/media/kame/Data/_workings/resource/GTEv8//GTExv8.EUR.Ovary/ENSG00000243795.1.wgt.RDat	ENSG00000243795.1	3	113167818	113167819	0.3785	rs7622601	-3.04	rs2700201	0.14976	5.39	0.244932	462	22	enet	0.19	7.2e-08	0.33011	0.741
Ovary	/media/kame/Data/_workings/resource/GTEv8//GTExv8.EUR.Ovary/ENSG00000206530.10.wgt.RDat	ENSG00000206530.10	3	113441609	113441610	0.1458	rs7622601	-3.04	rs2254267	0.03968	-3.99	-0.276741	434	19	enet	0.068	0.0011	-0.273	0.785
Ovary	/media/kame/Data/_workings/resource/GTEv8//GTExv8.EUR.Ovary/ENSG00000163389.10.wgt.RDat	ENSG00000163389.10	3	119468937	119468938	0.2548	rs2873951	4.61	rs17203132	0.1752	5.37	0.315082	510	12	enet	0.12	1.8e-05	-0.5507	0.582
Ovary	/media/kame/Data/_workings/resource/GTEv8//GTExv8.EUR.Ovary/ENSG00000173226.16.wgt.RDat	ENSG00000173226.16	3	121835078	121835079	0.4838	rs11711698	3.9	rs10934559	0.14325	5.99	-0.267542	420	21	enet	0.23	2.4e-09	-0.56863	0.57
Ovary	/media/kame/Data/_workings/resource/GTEv8//GTExv8.EUR.Ovary/ENSG00000196981.3.wgt.RDat	ENSG00000196981.3	3	122416050	122416051	0.201	rs11711698	3.9	rs10934586	0.09855	4.22	0.458936	461	12	enet	0.079	5e-04	1.29752	0.194
Ovary	/media/kame/Data/_workings/resource/GTEv8//GTExv8.EUR.Ovary/ENSG00000272758.5.wgt.RDat	ENSG00000272758.5	3	122416206	122416207	0.3572	rs11711698	3.9	rs9879508	0.05905	-4.65	-0.81621	461	51	enet	0.11	5.2e-05	0.32429	0.746
Ovary	/media/kame/Data/_workings/resource/GTEv8//GTExv8.EUR.Ovary/ENSG00000173193.13.wgt.RDat	ENSG00000173193.13	3	122680617	122680618	0.3262	rs6764971	-6.63	rs6770902	0.14896	5.03	-0.006671	546	33	enet	0.063	0.0018	-0.82749	0.408
Ovary	/media/kame/Data/_workings/resource/GTEv8//GTExv8.EUR.Ovary/ENSG00000221955.10.wgt.RDat	ENSG00000221955.10	3	125212863	125212864	0.216	rs10460829	-6.09	rs9823713	-0.00134	3.55	0.000396	485	7	enet	0.0033	0.23	0.07591	0.939
Ovary	/media/kame/Data/_workings/resource/GTEv8//GTExv8.EUR.Ovary/ENSG00000241278.1.wgt.RDat	ENSG00000241278.1	3	125848222	125848223	0.3079	rs2138214	-4.84	rs7644324	0.01969	3.85	2.193636	389	27	enet	0.065	0.0014	1.33395	0.182
Ovary	/media/kame/Data/_workings/resource/GTEv8//GTExv8.EUR.Ovary/ENSG00000171084.15.wgt.RDat	ENSG00000171084.15	3	125916619	125916620	0.6905	rs2138214	-4.84	rs9821905	0.47246	8.06	1.742694	409	64	enet	0.49	1.2e-21	1.28106	0.2
Ovary	/media/kame/Data/_workings/resource/GTEv8//GTExv8.EUR.Ovary/ENSG00000189366.9.wgt.RDat	ENSG00000189366.9	3	125937038	125937039	0.6524	rs2138214	-4.84	rs883207	0.39196	-7.48	0.871703	424	15	enet	0.36	6.9e-15	-0.72497	0.468
Ovary	/media/kame/Data/_workings/resource/GTEv8//GTExv8.EUR.Ovary/ENSG00000114544.16.wgt.RDat	ENSG00000114544.16	3	126101560	126101561	0.4658	rs2138214	-4.84	rs1806651	0.1912	-6.2	4.281242	454	4	enet	0.23	2e-09	-3.21098	0.00132
Ovary	/media/kame/Data/_workings/resource/GTEv8//GTExv8.EUR.Ovary/ENSG00000070476.14.wgt.RDat	ENSG00000070476.14	3	126475918	126475919	0.3232	rs2138214	-4.84	rs3231	0.19726	-5.94	0.121796	532	18	enet	0.18	1.3e-07	-0.12338	0.902
Ovary	/media/kame/Data/_workings/resource/GTEv8//GTExv8.EUR.Ovary/ENSG00000248557.1.wgt.RDat	ENSG00000248557.1	3	126624791	126624792	0.129	rs2138214	-4.84	rs4679241	0.00756	3.71	-0.775905	544	20	enet	0.022	0.045	-0.53671	0.591
Ovary	/media/kame/Data/_workings/resource/GTEv8//GTExv8.EUR.Ovary/ENSG00000163870.14.wgt.RDat	ENSG00000163870.14	3	127598221	127598222	0.2264	rs9647334	5.13	rs2720251	0.12875	-4.85	3.230815	451	20	enet	0.15	1.1e-06	-4.3318	1.48e-05
Ovary	/media/kame/Data/_workings/resource/GTEv8//GTExv8.EUR.Ovary/ENSG00000242551.2.wgt.RDat	ENSG00000242551.2	3	128677004	128677005	0.2666	rs11916893	5.05	rs6806687	0.22657	5.7	1.536553	349	5	enet	0.11	4e-05	0.9572	0.338
Ovary	/media/kame/Data/_workings/resource/GTEv8//GTExv8.EUR.Ovary/ENSG00000261159.1.wgt.RDat	ENSG00000261159.1	3	128860525	128860526	0.2941	rs11916893	5.05	rs13081864	0.15149	5.58	1.180257	350	19	enet	0.064	0.0017	1.70492	0.0882
Ovary	/media/kame/Data/_workings/resource/GTEv8//GTExv8.EUR.Ovary/ENSG00000231305.3.wgt.RDat	ENSG00000231305.3	3	128871539	128871540	0.1846	rs11916893	5.05	rs13081864	0.13639	5.16	1.180257	351	7	enet	0.14	2.6e-06	1.91068	0.056
Ovary	/media/kame/Data/_workings/resource/GTEv8//GTExv8.EUR.Ovary/ENSG00000177646.18.wgt.RDat	ENSG00000177646.18	3	128879595	128879596	0.316	rs11916893	5.05	rs10934869	0.083	4.82	0.035428	347	39	enet	0.087	0.00027	0.26373	0.792
Ovary	/media/kame/Data/_workings/resource/GTEv8//GTExv8.EUR.Ovary/ENSG00000169714.16.wgt.RDat	ENSG00000169714.16	3	129183921	129183922	0.1368	rs11916893	5.05	rs11712682	-0.00266	3.48	-0.281536	306	33	enet	0.012	0.1	0.45766	0.647
Ovary	/media/kame/Data/_workings/resource/GTEv8//GTExv8.EUR.Ovary/ENSG00000270773.1.wgt.RDat	ENSG00000270773.1	3	129345410	129345411	0.502	rs11916893	5.05	rs7427129	0.13047	4.94	0.467316	289	14	enet	0.055	0.0033	0.5245	0.6
Ovary	/media/kame/Data/_workings/resource/GTEv8//GTExv8.EUR.Ovary/ENSG00000251474.6.wgt.RDat	ENSG00000251474.6	3	129399654	129399655	0.2363	rs11916893	5.05	rs3138360	0.08747	4.59	-1.26806	276	32	enet	0.044	0.0077	-0.58154	0.561
Ovary	/media/kame/Data/_workings/resource/GTEv8//GTExv8.EUR.Ovary/ENSG00000163913.11.wgt.RDat	ENSG00000163913.11	3	129440179	129440180	0.1784	rs11916893	5.05	rs4429625	0.14797	-5.19	-0.963843	272	8	enet	0.13	1.1e-05	0.86513	0.387
Ovary	/media/kame/Data/_workings/resource/GTEv8//GTExv8.EUR.Ovary/ENSG00000170893.3.wgt.RDat	ENSG00000170893.3	3	129974304	129974305	0.3378	rs1708933	5.01	rs2301570	0.07188	4.47	-0.72436	313	34	enet	0.17	3.6e-07	-1.57665	0.115
Ovary	/media/kame/Data/_workings/resource/GTEv8//GTExv8.EUR.Ovary/ENSG00000228252.9.wgt.RDat	ENSG00000228252.9	3	130212822	130212823	0.3347	rs1708933	5.01	rs9757129	0.14002	-5.77	-0.252254	329	15	enet	0.26	8.7e-11	0.25094	0.802
Ovary	/media/kame/Data/_workings/resource/GTEv8//GTExv8.EUR.Ovary/ENSG00000129048.6.wgt.RDat	ENSG00000129048.6	3	132597236	132597237	0.1543	rs17353336	5.4	rs1006599	0.0255	3.98	1.014029	432	5	enet	0.029	0.025	1.04222	0.297
Ovary	/media/kame/Data/_workings/resource/GTEv8//GTExv8.EUR.Ovary/ENSG00000113971.19.wgt.RDat	ENSG00000113971.19	3	132722441	132722442	0.7244	rs17353336	5.4	rs12486323	0.43104	-7.78	-0.138896	401	26	enet	0.41	1.5e-17	0.21894	0.827
Ovary	/media/kame/Data/_workings/resource/GTEv8//GTExv8.EUR.Ovary/ENSG00000091513.14.wgt.RDat	ENSG00000091513.14	3	133745955	133745956	0.3055	rs2692692	5.11	rs4072371	-0.00729	3.55	2.949013	485	27	enet	0.031	0.021	1.51257	0.13
Ovary	/media/kame/Data/_workings/resource/GTEv8//GTExv8.EUR.Ovary/ENSG00000260633.1.wgt.RDat	ENSG00000260633.1	3	134349232	134349233	0.3187	rs2692692	5.11	rs4533618	0.2573	6.55	-0.001434	442	14	enet	0.26	6.7e-11	-0.0084	0.993
Ovary	/media/kame/Data/_workings/resource/GTEv8//GTExv8.EUR.Ovary/ENSG00000182923.16.wgt.RDat	ENSG00000182923.16	3	134486026	134486027	0.2022	rs6779053	4.21	rs1515367	-0.00541	3.8	0.129901	468	17	enet	-0.0026	0.42	0.03145	0.975
Ovary	/media/kame/Data/_workings/resource/GTEv8//GTExv8.EUR.Ovary/ENSG00000129055.12.wgt.RDat	ENSG00000129055.12	3	134486715	134486716	0.2986	rs6779053	4.21	rs11915964	0.20773	-5.89	0.075776	469	35	enet	0.13	1.2e-05	-0.15664	0.876
Ovary	/media/kame/Data/_workings/resource/GTEv8//GTExv8.EUR.Ovary/ENSG00000158163.14.wgt.RDat	ENSG00000158163.14	3	138115817	138115818	0.3004	rs1199335	-3.75	rs7622521	0.06258	-5.02	-0.04975	351	18	enet	0.12	1.7e-05	-0.05124	0.959
Ovary	/media/kame/Data/_workings/resource/GTEv8//GTExv8.EUR.Ovary/ENSG00000118017.3.wgt.RDat	ENSG00000118017.3	3	138132386	138132387	0.7549	rs1199335	-3.75	rs9864090	0.38522	-7.47	-1.250238	361	17	enet	0.38	4.7e-16	1.41805	0.156
Ovary	/media/kame/Data/_workings/resource/GTEv8//GTExv8.EUR.Ovary/ENSG00000244578.1.wgt.RDat	ENSG00000244578.1	3	138944019	138944020	0.4372	rs13043	4.36	rs3892677	-0.00303	-3.16	-0.024547	305	33	enet	0.1	8.5e-05	0.76081	0.447
Ovary	/media/kame/Data/_workings/resource/GTEv8//GTExv8.EUR.Ovary/ENSG00000272656.1.wgt.RDat	ENSG00000272656.1	3	139349326	139349327	0.2829	rs295507	-6.51	rs4894411	0.16881	4.92	2.848721	420	23	enet	0.23	1.6e-09	-0.06151	0.951
Ovary	/media/kame/Data/_workings/resource/GTEv8//GTExv8.EUR.Ovary/ENSG00000163864.15.wgt.RDat	ENSG00000163864.15	3	139678016	139678017	0.2095	rs295507	-6.51	rs4683683	0.03331	-3.86	-2.083877	523	32	enet	0.007	0.16	2.1721	0.0298
Ovary	/media/kame/Data/_workings/resource/GTEv8//GTExv8.EUR.Ovary/ENSG00000177311.11.wgt.RDat	ENSG00000177311.11	3	141324212	141324213	0.2905	rs7628066	-4.14	rs9846396	0.04842	3.77	-0.615006	401	29	enet	0.11	4.9e-05	0.58469	0.559
Ovary	/media/kame/Data/_workings/resource/GTEv8//GTExv8.EUR.Ovary/ENSG00000261051.1.wgt.RDat	ENSG00000261051.1	3	146061678	146061679	0.3166	rs11924340	-3.76	rs7651139	0.21883	-5.57	0.161019	426	23	enet	0.12	2e-05	-0.03197	0.974
Ovary	/media/kame/Data/_workings/resource/GTEv8//GTExv8.EUR.Ovary/ENSG00000144895.11.wgt.RDat	ENSG00000144895.11	3	150552353	150552354	0.4136	rs4681618	4.81	rs2090916	0.3331	-7.02	-0.133339	434	11	enet	0.31	5.8e-13	0.1632	0.87
Ovary	/media/kame/Data/_workings/resource/GTEv8//GTExv8.EUR.Ovary/ENSG00000244265.1.wgt.RDat	ENSG00000244265.1	3	150761936	150761937	0.2916	rs4681618	4.81	rs7649218	-0.00735	-2.82	-0.175764	412	28	enet	-0.0073	0.97	1.42379	0.155
Ovary	/media/kame/Data/_workings/resource/GTEv8//GTExv8.EUR.Ovary/ENSG00000240602.7.wgt.RDat	ENSG00000240602.7	3	151770427	151770428	0.1509	rs17204376	-4.81	rs2272476	0.16407	4.88	0.135755	448	9	enet	0.11	4.7e-05	0.12689	0.899
Ovary	/media/kame/Data/_workings/resource/GTEv8//GTExv8.EUR.Ovary/ENSG00000114790.12.wgt.RDat	ENSG00000114790.12	3	154121002	154121003	0.1612	rs6440914	-6.11	rs7426835	0.09244	-4.6	1.511888	391	25	enet	0.088	0.00025	-0.98034	0.327
Ovary	/media/kame/Data/_workings/resource/GTEv8//GTExv8.EUR.Ovary/ENSG00000243926.1.wgt.RDat	ENSG00000243926.1	3	156674340	156674341	0.2706	rs10936033	-4.46	rs9289971	0.09751	-5.21	2.070875	431	11	enet	0.17	2.4e-07	-1.01668	0.309
Ovary	/media/kame/Data/_workings/resource/GTEv8//GTExv8.EUR.Ovary/ENSG00000240875.5.wgt.RDat	ENSG00000240875.5	3	156817061	156817062	0.5057	rs10936033	-4.46	rs1430410	0.31246	6.65	-0.390075	444	32	enet	0.23	1.8e-09	-0.39191	0.695
Ovary	/media/kame/Data/_workings/resource/GTEv8//GTExv8.EUR.Ovary/ENSG00000244515.1.wgt.RDat	ENSG00000244515.1	3	157163931	157163932	0.2402	rs7651446	-3.91	rs6799567	0.16918	-5.14	-0.581778	419	46	enet	0.11	2.9e-05	0.40447	0.686
Ovary	/media/kame/Data/_workings/resource/GTEv8//GTExv8.EUR.Ovary/ENSG00000168827.14.wgt.RDat	ENSG00000168827.14	3	158644277	158644278	0.2161	rs6779266	8.9	rs4680449	0.08869	5.39	-2.675156	388	25	enet	0.17	3.9e-07	-1.03229	0.302
Ovary	/media/kame/Data/_workings/resource/GTEv8//GTExv8.EUR.Ovary/ENSG00000272087.1.wgt.RDat	ENSG00000272087.1	3	158693767	158693768	0.1717	rs827117	8.43	rs7631310	0.09503	-4.43	-3.29483	393	11	enet	0.073	0.00079	2.25994	0.0238
Ovary	/media/kame/Data/_workings/resource/GTEv8//GTExv8.EUR.Ovary/ENSG00000118849.9.wgt.RDat	ENSG00000118849.9	3	158732695	158732696	0.1812	rs827117	8.43	rs4680460	0.03218	-4.62	-2.784951	399	7	enet	0.023	0.043	1.91376	0.0557
Ovary	/media/kame/Data/_workings/resource/GTEv8//GTExv8.EUR.Ovary/ENSG00000272247.1.wgt.RDat	ENSG00000272247.1	3	158801863	158801864	0.2771	rs827117	8.43	rs9846998	0.0741	3.95	-3.919657	405	33	enet	0.078	0.00055	-0.38776	0.698
Ovary	/media/kame/Data/_workings/resource/GTEv8//GTExv8.EUR.Ovary/ENSG00000121858.10.wgt.RDat	ENSG00000121858.10	3	172523506	172523507	0.3789	rs606797	-4.51	rs7639187	-0.00593	3.6	0.072465	473	23	enet	0.0042	0.21	-0.00195	0.998
Ovary	/media/kame/Data/_workings/resource/GTEv8//GTExv8.EUR.Ovary/ENSG00000163728.10.wgt.RDat	ENSG00000163728.10	3	180602129	180602130	0.1724	rs7431270	5.25	rs7636793	0.11919	4.94	3.135054	236	15	enet	0.14	5.1e-06	3.071	0.00213
Ovary	/media/kame/Data/_workings/resource/GTEv8//GTExv8.EUR.Ovary/ENSG00000242068.1.wgt.RDat	ENSG00000242068.1	3	180773913	180773914	0.3157	rs7431270	5.25	rs6443712	0.15545	-5.38	1.648087	230	10	enet	0.17	2.3e-07	-1.56734	0.117
Ovary	/media/kame/Data/_workings/resource/GTEv8//GTExv8.EUR.Ovary/ENSG00000053524.12.wgt.RDat	ENSG00000053524.12	3	183428777	183428778	0.4268	rs13068114	-5.47	rs6775401	0.2435	-6.07	0.741091	412	40	enet	0.21	1.4e-08	0.29473	0.768
Ovary	/media/kame/Data/_workings/resource/GTEv8//GTExv8.EUR.Ovary/ENSG00000161204.11.wgt.RDat	ENSG00000161204.11	3	184186022	184186023	0.3413	rs13068114	-5.47	rs6791636	0.02981	3.86	-0.152018	484	23	enet	0.083	0.00035	0.62053	0.535
Ovary	/media/kame/Data/_workings/resource/GTEv8//GTExv8.EUR.Ovary/ENSG00000156931.15.wgt.RDat	ENSG00000156931.15	3	184812142	184812143	0.301	rs7626092	3.86	rs7625123	0.10035	5.23	-0.076803	418	29	enet	0.23	1.2e-09	-0.90312	0.366
Ovary	/media/kame/Data/_workings/resource/GTEv8//GTExv8.EUR.Ovary/ENSG00000187068.2.wgt.RDat	ENSG00000187068.2	3	185153013	185153014	0.21	rs7643981	4.65	rs6773358	0.03918	-3.97	-1.340079	372	18	enet	0.063	0.0017	1.3501	0.177
Ovary	/media/kame/Data/_workings/resource/GTEv8//GTExv8.EUR.Ovary/ENSG00000163918.10.wgt.RDat	ENSG00000163918.10	3	186807057	186807058	0.4355	rs6776796	-5	rs1354091	0.24888	-5.97	0.129464	571	26	enet	0.21	9.5e-09	0.15471	0.877
Ovary	/media/kame/Data/_workings/resource/GTEv8//GTExv8.EUR.Ovary/ENSG00000136514.2.wgt.RDat	ENSG00000136514.2	3	187368331	187368332	0.2694	rs1568302	6.27	rs9028	-0.00295	-4.07	0.195591	573	11	enet	0.0095	0.13	-0.29228	0.77
Ovary	/media/kame/Data/_workings/resource/GTEv8//GTExv8.EUR.Ovary/ENSG00000152492.13.wgt.RDat	ENSG00000152492.13	3	191329076	191329077	0.4579	rs1916636	-5.09	rs9841435	0.29577	-6.5	0.805288	467	22	enet	0.25	2.3e-10	-0.61635	0.538
Ovary	/media/kame/Data/_workings/resource/GTEv8//GTExv8.EUR.Ovary/ENSG00000188958.9.wgt.RDat	ENSG00000188958.9	3	191330535	191330536	0.3449	rs1916636	-5.09	rs2293377	0.15569	-4.92	3.736715	466	34	enet	0.12	2.3e-05	-3.17406	0.0015
Ovary	/media/kame/Data/_workings/resource/GTEv8//GTExv8.EUR.Ovary/ENSG00000223812.5.wgt.RDat	ENSG00000223812.5	3	191557323	191557324	0.1668	rs1916636	-5.09	rs9843456	-0.00727	3.27	-5.055289	478	27	enet	-0.007	0.84	-2.04937	0.0404
Ovary	/media/kame/Data/_workings/resource/GTEv8//GTExv8.EUR.Ovary/ENSG00000236297.1.wgt.RDat	ENSG00000236297.1	3	193579464	193579465	0.1929	rs997552	6.15	rs7650473	0.11207	4.11	-0.272795	462	25	enet	0.092	0.00018	0.0807	0.936
Ovary	/media/kame/Data/_workings/resource/GTEv8//GTExv8.EUR.Ovary/ENSG00000127249.14.wgt.RDat	ENSG00000127249.14	3	193593110	193593111	0.3212	rs997552	6.15	rs366284	0.18632	6.26	0.24649	471	21	enet	0.3	1.4e-12	-0.46894	0.639
Ovary	/media/kame/Data/_workings/resource/GTEv8//GTExv8.EUR.Ovary/ENSG00000145014.17.wgt.RDat	ENSG00000145014.17	3	194633688	194633689	0.2489	rs2153519	5.27	rs6437394	0.22783	5.73	0.13431	542	10	enet	0.16	9.1e-07	0.15048	0.88
Ovary	/media/kame/Data/_workings/resource/GTEv8//GTExv8.EUR.Ovary/ENSG00000041802.10.wgt.RDat	ENSG00000041802.10	3	194672476	194672477	0.6878	rs2153519	5.27	rs3821402	0.50495	8.42	0.156027	536	2	enet	0.46	3.1e-20	0.15231	0.879
Ovary	/media/kame/Data/_workings/resource/GTEv8//GTExv8.EUR.Ovary/ENSG00000224769.1.wgt.RDat	ENSG00000224769.1	3	195614946	195614947	0.5738	rs903310	3.87	rs4677617	0.30538	6.55	0.876244	304	39	enet	0.31	8.1e-13	1.05054	0.293
Ovary	/media/kame/Data/_workings/resource/GTEv8//GTExv8.EUR.Ovary/ENSG00000271662.1.wgt.RDat	ENSG00000271662.1	3	195651471	195651472	0.5148	rs903310	3.87	rs1806440	0.26033	-6.82	0.781116	289	31	enet	0.31	9e-13	-0.42847	0.668
Ovary	/media/kame/Data/_workings/resource/GTEv8//GTExv8.EUR.Ovary/ENSG00000229178.1.wgt.RDat	ENSG00000229178.1	3	195657926	195657927	0.3961	rs9847298	2.7	rs4677617	0.0694	5.45	0.876244	286	27	enet	0.23	2.4e-09	0.20445	0.838
Ovary	/media/kame/Data/_workings/resource/GTEv8//GTExv8.EUR.Ovary/ENSG00000215837.7.wgt.RDat	ENSG00000215837.7	3	195658095	195658096	0.6133	rs9847298	2.7	rs6773702	0.00412	-4.67	0.412067	286	57	enet	0.19	5.4e-08	0.06569	0.948
Ovary	/media/kame/Data/_workings/resource/GTEv8//GTExv8.EUR.Ovary/ENSG00000207650.1.wgt.RDat	ENSG00000207650.1	3	195699400	195699401	0.4169	rs9842342	-4.77	rs9820939	-0.00233	3.82	-0.050452	288	22	enet	0.049	0.0053	0.40351	0.687
Ovary	/media/kame/Data/_workings/resource/GTEv8//GTExv8.EUR.Ovary/ENSG00000283426.1.wgt.RDat	ENSG00000283426.1	3	195701617	195701618	0.7162	rs9842342	-4.7	rs9820939	0.12783	6.27	-0.050452	287	31	enet	0.28	1.3e-11	0.91284	0.361
Ovary	/media/kame/Data/_workings/resource/GTEv8//GTExv8.EUR.Ovary/ENSG00000176945.16.wgt.RDat	ENSG00000176945.16	3	195720881	195720882	0.8381	rs9842342	-5.56	rs2140357	0.27234	6.84	-1.545088	299	30	enet	0.59	1.3e-28	-1.03244	0.302
Ovary	/media/kame/Data/_workings/resource/GTEv8//GTExv8.EUR.Ovary/ENSG00000145113.21.wgt.RDat	ENSG00000145113.21	3	195812276	195812277	0.6083	rs9842342	-5.87	rs6797622	0.04203	4.63	1.5077	308	24	enet	0.27	3.7e-11	-0.88187	0.378
Ovary	/media/kame/Data/_workings/resource/GTEv8//GTExv8.EUR.Ovary/ENSG00000231443.2.wgt.RDat	ENSG00000231443.2	3	195937242	195937243	0.3428	rs9842342	-4.96	rs12490036	0.09959	4.22	-1.07818	286	28	enet	0.033	0.019	-0.32517	0.745
Ovary	/media/kame/Data/_workings/resource/GTEv8//GTExv8.EUR.Ovary/ENSG00000185485.14.wgt.RDat	ENSG00000185485.14	3	195990304	195990305	0.3489	rs9842342	-4.8	rs2140357	0.10062	-4.78	-1.711568	292	21	enet	0.22	4.4e-09	1.42666	0.154
Ovary	/media/kame/Data/_workings/resource/GTEv8//GTExv8.EUR.Ovary/ENSG00000231464.1.wgt.RDat	ENSG00000231464.1	3	195996737	195996738	0.6153	rs9842342	-4.8	rs9881504	0.25257	-6.11	-0.038835	294	48	enet	0.33	7.9e-14	-0.09746	0.922
Ovary	/media/kame/Data/_workings/resource/GTEv8//GTExv8.EUR.Ovary/ENSG00000213123.10.wgt.RDat	ENSG00000213123.10	3	196318298	196318299	0.3017	rs2089979	5.25	rs6762272	0.01856	4.13	-1.862425	367	15	enet	0.014	0.087	-1.6709	0.0947
Ovary	/media/kame/Data/_workings/resource/GTEv8//GTExv8.EUR.Ovary/ENSG00000119227.7.wgt.RDat	ENSG00000119227.7	3	196968870	196968871	0.3616	rs4857596	-10.57	rs4347982	0.0607	4.56	1.514587	462	14	enet	0.079	0.00051	0.43993	0.66
Ovary	/media/kame/Data/_workings/resource/GTEv8//GTExv8.EUR.Ovary/ENSG00000214135.8.wgt.RDat	ENSG00000214135.8	3	197627905	197627906	0.3246	rs4857596	-10.57	rs9917735	0.14404	4.9	-0.269721	366	37	enet	0.19	5.8e-08	-0.59602	0.551
Ovary	/media/kame/Data/_workings/resource/GTEv8//GTExv8.EUR.Ovary/ENSG00000114473.13.wgt.RDat	ENSG00000114473.13	3	197960141	197960142	0.1332	rs2567346	-5.63	rs9809736	0.11006	4.93	0.317636	199	4	enet	0.097	0.00012	0.23423	0.815
Ovary	/media/kame/Data/_workings/resource/GTEv8//GTExv8.EUR.Ovary/ENSG00000250312.6.wgt.RDat	ENSG00000250312.6	4	124479	124480	0.5229	rs1135945	3.89	rs9996597	0.34138	7.07	0.378198	149	27	enet	0.34	3.8e-14	-0.21963	0.826158
Ovary	/media/kame/Data/_workings/resource/GTEv8//GTExv8.EUR.Ovary/ENSG00000275426.1.wgt.RDat	ENSG00000275426.1	4	149737	149738	0.5912	rs1135945	3.89	rs28716466	0.28715	-6.56	-0.142333	157	28	enet	0.22	3e-09	-0.61255	0.540171
Ovary	/media/kame/Data/_workings/resource/GTEv8//GTExv8.EUR.Ovary/ENSG00000242686.4.wgt.RDat	ENSG00000242686.4	4	656212	656213	0.2145	rs11248044	-6.48	rs10023472	0.05131	-4.44	-2.147919	381	13	enet	0.12	2.4e-05	2.07137	0.038325
Ovary	/media/kame/Data/_workings/resource/GTEv8//GTExv8.EUR.Ovary/ENSG00000185619.18.wgt.RDat	ENSG00000185619.18	4	705747	705748	0.7995	rs11248044	-6.48	rs10034650	0.40053	-7.47	0.395822	385	36	enet	0.55	2.2e-25	-1.07955	0.280341
Ovary	/media/kame/Data/_workings/resource/GTEv8//GTExv8.EUR.Ovary/ENSG00000168993.14.wgt.RDat	ENSG00000168993.14	4	826197	826198	0.6441	rs11248044	-6.48	rs7336	0.17035	-6.08	-0.077052	399	27	enet	0.3	2.6e-12	-2.43397	0.014934
Ovary	/media/kame/Data/_workings/resource/GTEv8//GTExv8.EUR.Ovary/ENSG00000145214.13.wgt.RDat	ENSG00000145214.13	4	986894	986895	0.2333	rs11248044	-6.48	rs10004503	0.03636	-4.44	0.119123	400	20	enet	0.1	7e-05	-0.11092	0.911681
Ovary	/media/kame/Data/_workings/resource/GTEv8//GTExv8.EUR.Ovary/ENSG00000127415.12.wgt.RDat	ENSG00000127415.12	4	986996	986997	0.3203	rs11248044	-6.48	rs4690326	0.06873	-4.53	-0.026419	400	19	enet	0.073	0.00081	-0.43032	0.666962
Ovary	/media/kame/Data/_workings/resource/GTEv8//GTExv8.EUR.Ovary/ENSG00000145217.13.wgt.RDat	ENSG00000145217.13	4	993439	993440	0.7315	rs11248044	-6.48	rs3796622	0.53533	8.61	-0.306797	401	6	enet	0.51	2.7e-23	-0.19296	0.846994
Ovary	/media/kame/Data/_workings/resource/GTEv8//GTExv8.EUR.Ovary/ENSG00000178222.12.wgt.RDat	ENSG00000178222.12	4	1113561	1113562	0.1866	rs11248044	-6.48	rs935971	0.15039	4.88	0.214785	385	23	enet	0.035	0.015	0.25917	0.795504
Ovary	/media/kame/Data/_workings/resource/GTEv8//GTExv8.EUR.Ovary/ENSG00000273179.1.wgt.RDat	ENSG00000273179.1	4	1167777	1167778	0.2063	rs11248044	-6.48	rs2127908	0.02444	4	-0.392403	383	24	enet	0.031	0.021	0.16937	0.865507
Ovary	/media/kame/Data/_workings/resource/GTEv8//GTExv8.EUR.Ovary/ENSG00000196810.4.wgt.RDat	ENSG00000196810.4	4	1249299	1249300	0.1854	rs11248044	-6.48	rs1250105	0.14367	-5.09	0.92532	407	7	enet	0.062	0.0018	-0.73107	0.464734
Ovary	/media/kame/Data/_workings/resource/GTEv8//GTExv8.EUR.Ovary/ENSG00000090316.15.wgt.RDat	ENSG00000090316.15	4	1289850	1289851	0.2055	rs11248044	-6.48	rs4045131	0.05422	3.96	-1.807153	388	27	enet	0.084	0.00034	-1.48758	0.136862
Ovary	/media/kame/Data/_workings/resource/GTEv8//GTExv8.EUR.Ovary/ENSG00000163945.15.wgt.RDat	ENSG00000163945.15	4	1347265	1347266	0.3907	rs17728127	-5.53	rs4130791	0.11973	5.43	-0.010442	376	36	enet	0.12	2.2e-05	0.89258	0.372081
Ovary	/media/kame/Data/_workings/resource/GTEv8//GTExv8.EUR.Ovary/ENSG00000179979.8.wgt.RDat	ENSG00000179979.8	4	1391551	1391552	0.6847	rs4532184	-5.51	rs4130791	0.42483	7.76	-0.010442	349	38	enet	0.43	2.2e-18	-0.01022	0.991842
Ovary	/media/kame/Data/_workings/resource/GTEv8//GTExv8.EUR.Ovary/ENSG00000168936.10.wgt.RDat	ENSG00000168936.10	4	1721357	1721358	0.2334	rs1250114	-4.69	rs2403293	0.1777	-5.32	0.148832	271	10	enet	0.15	1.7e-06	0.02859	0.977188
Ovary	/media/kame/Data/_workings/resource/GTEv8//GTExv8.EUR.Ovary/ENSG00000068078.17.wgt.RDat	ENSG00000068078.17	4	1793306	1793307	0.1627	rs6814036	-3.64	rs2403293	0.10453	-4.32	0.148832	279	12	enet	0.043	0.0081	0.00508	0.995951
Ovary	/media/kame/Data/_workings/resource/GTEv8//GTExv8.EUR.Ovary/ENSG00000159733.13.wgt.RDat	ENSG00000159733.13	4	2418662	2418663	0.4518	rs3775068	-10.34	rs3128818	0.2236	5.67	-0.004089	345	12	enet	0.22	5.3e-09	1.14331	0.25291
Ovary	/media/kame/Data/_workings/resource/GTEv8//GTExv8.EUR.Ovary/ENSG00000125388.19.wgt.RDat	ENSG00000125388.19	4	2963607	2963608	0.3768	rs3775068	-10.34	rs3021140	0.29362	-6.49	-4.368582	378	37	enet	0.26	8.3e-11	3.01998	0.002528
Ovary	/media/kame/Data/_workings/resource/GTEv8//GTExv8.EUR.Ovary/ENSG00000261643.1.wgt.RDat	ENSG00000261643.1	4	3504456	3504457	0.3133	rs2798303	-8.05	rs1054662	0.22376	5.62	-0.853633	334	10	enet	0.14	2.7e-06	-0.44642	0.655294
Ovary	/media/kame/Data/_workings/resource/GTEv8//GTExv8.EUR.Ovary/ENSG00000132406.11.wgt.RDat	ENSG00000132406.11	4	4248211	4248212	0.3605	rs10017186	3.29	rs2920172	0.12305	-4.5	0.71019	369	54	enet	0.097	0.00012	-0.98052	0.326828
Ovary	/media/kame/Data/_workings/resource/GTEv8//GTExv8.EUR.Ovary/ENSG00000247708.7.wgt.RDat	ENSG00000247708.7	4	4542130	4542131	0.314	rs1533095	-3.79	rs12648481	0.09318	5.05	-2.844155	511	20	enet	0.22	5.2e-09	-1.35493	0.175439
Ovary	/media/kame/Data/_workings/resource/GTEv8//GTExv8.EUR.Ovary/ENSG00000179010.14.wgt.RDat	ENSG00000179010.14	4	6640090	6640091	0.4179	rs12644113	5.05	rs4642308	0.03306	-3.72	0.284911	526	11	enet	0.002	0.26	-0.00699	0.994425
Ovary	/media/kame/Data/_workings/resource/GTEv8//GTExv8.EUR.Ovary/ENSG00000251580.1.wgt.RDat	ENSG00000251580.1	4	6670998	6670999	0.5786	rs12644113	5.05	rs1054909	0.20924	-6.16	1.743523	544	5	enet	0.19	7.7e-08	-1.41392	0.157384
Ovary	/media/kame/Data/_workings/resource/GTEv8//GTExv8.EUR.Ovary/ENSG00000245468.3.wgt.RDat	ENSG00000245468.3	4	7103384	7103385	0.5163	rs744356	4.44	rs7655574	0.21974	-5.86	1.97241	648	24	enet	0.12	1.4e-05	-0.64567	0.518495
Ovary	/media/kame/Data/_workings/resource/GTEv8//GTExv8.EUR.Ovary/ENSG00000272620.1.wgt.RDat	ENSG00000272620.1	4	7754089	7754090	0.3592	rs757240	-5.28	rs6828807	0.09518	-4.49	0.934247	738	71	enet	0.045	0.0074	-0.30943	0.756997
Ovary	/media/kame/Data/_workings/resource/GTEv8//GTExv8.EUR.Ovary/ENSG00000155275.18.wgt.RDat	ENSG00000155275.18	4	8438868	8438869	0.2791	rs11942146	-4.52	rs2631731	0.17408	5.38	0.733492	486	9	enet	0.14	2.9e-06	1.59738	0.110182
Ovary	/media/kame/Data/_workings/resource/GTEv8//GTExv8.EUR.Ovary/ENSG00000155269.11.wgt.RDat	ENSG00000155269.11	4	8558724	8558725	0.2761	rs9760810	-4.32	rs3822202	0.08729	4.4	0.836908	403	30	enet	0.017	0.07	0.90077	0.367711
Ovary	/media/kame/Data/_workings/resource/GTEv8//GTExv8.EUR.Ovary/ENSG00000271057.1.wgt.RDat	ENSG00000271057.1	4	9021160	9021161	0.3257	rs9760810	-4.32	rs1815182	0.18372	5.43	-0.722194	135	5	enet	0.12	1.5e-05	-0.61883	0.536026
Ovary	/media/kame/Data/_workings/resource/GTEv8//GTExv8.EUR.Ovary/ENSG00000250342.1.wgt.RDat	ENSG00000250342.1	4	9052050	9052051	0.3371	rs9760810	-4.32	rs7686755	0.28605	6.47	-0.412264	113	7	enet	0.22	4.1e-09	-0.55584	0.578323
Ovary	/media/kame/Data/_workings/resource/GTEv8//GTExv8.EUR.Ovary/ENSG00000249767.1.wgt.RDat	ENSG00000249767.1	4	9079022	9079023	0.1996	rs9760810	-4.32	rs7686755	0.19881	-5.33	-0.412264	97	5	enet	0.12	1.6e-05	0.76713	0.443002
Ovary	/media/kame/Data/_workings/resource/GTEv8//GTExv8.EUR.Ovary/ENSG00000250942.1.wgt.RDat	ENSG00000250942.1	4	9677307	9677308	0.3068	rs6849736	-3.22	rs10001694	0.04914	3.78	0.908277	353	50	enet	0.019	0.057	1.42199	0.155028
Ovary	/media/kame/Data/_workings/resource/GTEv8//GTExv8.EUR.Ovary/ENSG00000261490.1.wgt.RDat	ENSG00000261490.1	4	10073018	10073019	0.159	rs6849736	-3.22	rs3756215	-0.00184	3.59	-0.258217	567	52	enet	0.0063	0.17	-0.53746	0.590948
Ovary	/media/kame/Data/_workings/resource/GTEv8//GTExv8.EUR.Ovary/ENSG00000163145.12.wgt.RDat	ENSG00000163145.12	4	15339817	15339818	0.3972	rs12508186	8.9	rs4336218	0.14313	4.56	1.558077	485	53	enet	0.089	0.00022	1.23674	0.216185
Ovary	/media/kame/Data/_workings/resource/GTEv8//GTExv8.EUR.Ovary/ENSG00000048342.15.wgt.RDat	ENSG00000048342.15	4	15469864	15469865	0.2386	rs12508186	8.9	rs17385047	0.02248	-3.85	4.63714	488	20	enet	0.12	2.7e-05	-3.48614	0.00049
Ovary	/media/kame/Data/_workings/resource/GTEv8//GTExv8.EUR.Ovary/ENSG00000118579.12.wgt.RDat	ENSG00000118579.12	4	17614630	17614631	0.2745	rs13130097	-5.57	rs1006722	0.24254	-5.89	0.34139	416	25	enet	0.21	1.3e-08	-0.83155	0.405664
Ovary	/media/kame/Data/_workings/resource/GTEv8//GTExv8.EUR.Ovary/ENSG00000178177.15.wgt.RDat	ENSG00000178177.15	4	18021875	18021876	0.3078	rs6841071	6.18	rs13144223	0.07006	-4.46	-0.101523	312	11	enet	0.13	1.1e-05	-0.64576	0.518437
Ovary	/media/kame/Data/_workings/resource/GTEv8//GTExv8.EUR.Ovary/ENSG00000163138.18.wgt.RDat	ENSG00000163138.18	4	20696281	20696282	0.2094	rs1364839	-4.54	rs9762164	0.02109	4.33	-1.887686	474	17	enet	0.021	0.049	-0.79016	0.429432
Ovary	/media/kame/Data/_workings/resource/GTEv8//GTExv8.EUR.Ovary/ENSG00000281501.1.wgt.RDat	ENSG00000281501.1	4	25160640	25160641	0.5456	rs1996182	6.63	rs16876882	0.3427	-6.98	0.502977	548	31	enet	0.3	2.3e-12	-0.342	0.732355
Ovary	/media/kame/Data/_workings/resource/GTEv8//GTExv8.EUR.Ovary/ENSG00000240005.5.wgt.RDat	ENSG00000240005.5	4	26860598	26860599	0.3909	rs6856464	6.73	rs4505809	0.29638	6.53	-0.107664	366	21	enet	0.27	3.6e-11	0.75548	0.449962
Ovary	/media/kame/Data/_workings/resource/GTEv8//GTExv8.EUR.Ovary/ENSG00000250064.1.wgt.RDat	ENSG00000250064.1	4	28435448	28435449	0.3	rs6448587	-5.81	rs3907987	0.17188	4.99	0.78408	411	16	enet	0.17	3.3e-07	0.64808	0.516931
Ovary	/media/kame/Data/_workings/resource/GTEv8//GTExv8.EUR.Ovary/ENSG00000249228.1.wgt.RDat	ENSG00000249228.1	4	29046590	29046591	0.1811	rs6448587	-5.81	rs2471719	0.01699	-3.97	-1.261703	409	18	enet	0.067	0.0013	-0.71938	0.471907
Ovary	/media/kame/Data/_workings/resource/GTEv8//GTExv8.EUR.Ovary/ENSG00000169299.13.wgt.RDat	ENSG00000169299.13	4	37826632	37826633	0.362	rs12505080	-5.46	rs4832960	0.12205	5.42	-0.151077	665	16	enet	0.11	3e-05	-0.61264	0.540113
Ovary	/media/kame/Data/_workings/resource/GTEv8//GTExv8.EUR.Ovary/ENSG00000249863.2.wgt.RDat	ENSG00000249863.2	4	37868291	37868292	0.4361	rs28571127	5.44	rs1834340	0.09221	4.62	0.08719	653	69	enet	0.057	0.0028	-1.24888	0.211709
Ovary	/media/kame/Data/_workings/resource/GTEv8//GTExv8.EUR.Ovary/ENSG00000065882.15.wgt.RDat	ENSG00000065882.15	4	37891086	37891087	0.3927	rs28571127	5.44	rs10011664	0.07804	-4.53	-1.029165	664	6	enet	-0.00062	0.34	0.43701	0.662107
Ovary	/media/kame/Data/_workings/resource/GTEv8//GTExv8.EUR.Ovary/ENSG00000231160.9.wgt.RDat	ENSG00000231160.9	4	38664882	38664883	0.2529	rs4833071	6.27	rs10019144	0.03702	5.29	0.622081	583	24	enet	0.067	0.0012	0.3172	0.751094
Ovary	/media/kame/Data/_workings/resource/GTEv8//GTExv8.EUR.Ovary/ENSG00000197712.11.wgt.RDat	ENSG00000197712.11	4	38867676	38867677	0.2645	rs4833071	6.27	rs11730661	0.25088	5.98	-0.340738	505	34	enet	0.27	6.2e-11	-0.25778	0.796579
Ovary	/media/kame/Data/_workings/resource/GTEv8//GTExv8.EUR.Ovary/ENSG00000249685.1.wgt.RDat	ENSG00000249685.1	4	39133912	39133913	0.3616	rs11940694	-7	rs3796510	0.24755	-6	0.512613	453	33	enet	0.21	1.3e-08	0.58407	0.559172
Ovary	/media/kame/Data/_workings/resource/GTEv8//GTExv8.EUR.Ovary/ENSG00000163682.15.wgt.RDat	ENSG00000163682.15	4	39458585	39458586	0.6403	rs11940694	-7	rs2249563	0.49507	8.28	0.066223	374	10	enet	0.44	2.7e-19	0.62567	0.531533
Ovary	/media/kame/Data/_workings/resource/GTEv8//GTExv8.EUR.Ovary/ENSG00000205794.4.wgt.RDat	ENSG00000205794.4	4	40057198	40057199	0.2406	rs13434517	6.07	rs3775078	0.09252	-4.25	-0.267067	420	30	enet	0.071	0.00089	0.41708	0.676623
Ovary	/media/kame/Data/_workings/resource/GTEv8//GTExv8.EUR.Ovary/ENSG00000179299.16.wgt.RDat	ENSG00000179299.16	4	40749896	40749897	0.2813	rs7680372	-4.98	rs1545077	0.1381	4.75	-1.425677	485	20	enet	0.15	1.7e-06	-0.79014	0.429449
Ovary	/media/kame/Data/_workings/resource/GTEv8//GTExv8.EUR.Ovary/ENSG00000151806.13.wgt.RDat	ENSG00000151806.13	4	44678556	44678557	0.242	rs7673477	10.4	rs12641939	0.02485	4.55	0.402454	371	15	enet	0.1	9.6e-05	0.20794	0.835277
Ovary	/media/kame/Data/_workings/resource/GTEv8//GTExv8.EUR.Ovary/ENSG00000163281.11.wgt.RDat	ENSG00000163281.11	4	44726594	44726595	0.2165	rs7673477	10.4	rs6828324	0.02111	-3.77	0.558814	374	35	enet	0.015	0.079	0.39892	0.689955
Ovary	/media/kame/Data/_workings/resource/GTEv8//GTExv8.EUR.Ovary/ENSG00000145246.13.wgt.RDat	ENSG00000145246.13	4	47485287	47485288	0.1876	rs1372491	9.24	rs6840205	0.00381	3.7	-0.015447	399	23	enet	0.017	0.067	-0.84643	0.397314
Ovary	/media/kame/Data/_workings/resource/GTEv8//GTExv8.EUR.Ovary/ENSG00000198515.13.wgt.RDat	ENSG00000198515.13	4	48016671	48016672	0.2652	rs13140873	-3.74	rs3113878	0.20475	5.59	0.002292	407	22	enet	0.14	3.1e-06	-0.02447	0.980476
Ovary	/media/kame/Data/_workings/resource/GTEv8//GTExv8.EUR.Ovary/ENSG00000075539.13.wgt.RDat	ENSG00000075539.13	4	48780321	48780322	0.1005	rs11725992	2.62	rs7678379	0.0874	4.41	-0.52747	227	8	enet	0.043	0.0081	-0.82365	0.410138
Ovary	/media/kame/Data/_workings/resource/GTEv8//GTExv8.EUR.Ovary/ENSG00000109180.14.wgt.RDat	ENSG00000109180.14	4	48805211	48805212	0.0852	rs11725992	2.62	rs9291326	0.09904	-4.36	-1.300331	221	10	enet	0.052	0.004	0.90641	0.36472
Ovary	/media/kame/Data/_workings/resource/GTEv8//GTExv8.EUR.Ovary/ENSG00000145216.15.wgt.RDat	ENSG00000145216.15	4	53377642	53377643	0.166	rs301113	-3.7	rs2668535	-0.00355	-3.74	1.300048	446	22	enet	0.017	0.068	0.28697	0.774136
Ovary	/media/kame/Data/_workings/resource/GTEv8//GTExv8.EUR.Ovary/ENSG00000128039.10.wgt.RDat	ENSG00000128039.10	4	55346108	55346109	0.4926	rs11727248	5.63	rs12500524	0.02226	4.72	0.02021	402	35	enet	0.32	4.1e-13	-0.17193	0.863489
Ovary	/media/kame/Data/_workings/resource/GTEv8//GTExv8.EUR.Ovary/ENSG00000273257.1.wgt.RDat	ENSG00000273257.1	4	55387948	55387949	0.322	rs11727248	5.63	rs12641893	0.0062	-2.98	0.489851	392	39	enet	-0.0066	0.74	-1.42087	0.155354
Ovary	/media/kame/Data/_workings/resource/GTEv8//GTExv8.EUR.Ovary/ENSG00000157426.13.wgt.RDat	ENSG00000157426.13	4	56387507	56387508	0.2503	rs6838426	5.38	rs13124696	0.16303	5.09	-0.100684	443	29	enet	0.12	2.6e-05	0.225	0.821981
Ovary	/media/kame/Data/_workings/resource/GTEv8//GTExv8.EUR.Ovary/ENSG00000249693.2.wgt.RDat	ENSG00000249693.2	4	56530608	56530609	0.3745	rs2412772	-3.37	rs10013766	0.08762	4.71	0.242255	447	41	enet	0.14	3.4e-06	0.99849	0.31804
Ovary	/media/kame/Data/_workings/resource/GTEv8//GTExv8.EUR.Ovary/ENSG00000280285.1.wgt.RDat	ENSG00000280285.1	4	56665693	56665694	0.3801	rs11573037	-3.99	rs3860708	0.20301	5.45	-0.388334	498	19	enet	0.2	3.3e-08	-1.04264	0.297116
Ovary	/media/kame/Data/_workings/resource/GTEv8//GTExv8.EUR.Ovary/ENSG00000269949.1.wgt.RDat	ENSG00000269949.1	4	56961372	56961373	0.3462	rs10024454	5.39	rs13125082	0.17753	-5.4	-2.415168	541	18	enet	0.11	4.5e-05	2.3739	0.017601
Ovary	/media/kame/Data/_workings/resource/GTEv8//GTExv8.EUR.Ovary/ENSG00000250075.5.wgt.RDat	ENSG00000250075.5	4	67468250	67468251	0.3201	rs1038432	6.04	rs3806810	0.09048	4.22	-1.881018	415	18	enet	0.051	0.0043	-1.58999	0.111837
Ovary	/media/kame/Data/_workings/resource/GTEv8//GTExv8.EUR.Ovary/ENSG00000033178.12.wgt.RDat	ENSG00000033178.12	4	67701178	67701179	0.135	rs1038432	6.04	rs354883	0.08962	-4.19	0.433813	402	33	enet	0.046	0.0066	-3.53925	0.000401
Ovary	/media/kame/Data/_workings/resource/GTEv8//GTExv8.EUR.Ovary/ENSG00000250656.2.wgt.RDat	ENSG00000250656.2	4	67717387	67717388	0.3062	rs1038432	6.04	rs1843593	0.23099	5.77	-1.558587	399	9	enet	0.22	4.1e-09	-1.59354	0.111039
Ovary	/media/kame/Data/_workings/resource/GTEv8//GTExv8.EUR.Ovary/ENSG00000270228.1.wgt.RDat	ENSG00000270228.1	4	67724261	67724262	0.2985	rs1038432	6.04	rs3796715	0.13674	4.64	-1.72283	399	29	enet	0.14	2.7e-06	-1.20608	0.227788
Ovary	/media/kame/Data/_workings/resource/GTEv8//GTExv8.EUR.Ovary/ENSG00000109163.6.wgt.RDat	ENSG00000109163.6	4	67754359	67754360	0.2321	rs1038432	6.04	rs3796715	0.14792	4.73	-1.72283	390	32	enet	0.16	5.4e-07	-3.46721	0.000526
Ovary	/media/kame/Data/_workings/resource/GTEv8//GTExv8.EUR.Ovary/ENSG00000227725.3.wgt.RDat	ENSG00000227725.3	4	68038543	68038544	0.6138	rs1038432	6.04	rs3796715	0.44421	7.94	-1.72283	302	18	enet	0.41	1.5e-17	-2.20044	0.027776
Ovary	/media/kame/Data/_workings/resource/GTEv8//GTExv8.EUR.Ovary/ENSG00000169116.11.wgt.RDat	ENSG00000169116.11	4	74933094	74933095	0.1508	rs2201331	2.56	rs1497216	0.05483	-4.38	-0.505981	401	12	enet	0.035	0.016	1.15146	0.249543
Ovary	/media/kame/Data/_workings/resource/GTEv8//GTExv8.EUR.Ovary/ENSG00000260265.1.wgt.RDat	ENSG00000260265.1	4	75084716	75084717	0.4836	rs2867918	6.99	rs6853754	0.43582	7.82	1.827416	407	10	enet	0.39	9.7e-17	1.88555	0.059356
Ovary	/media/kame/Data/_workings/resource/GTEv8//GTExv8.EUR.Ovary/ENSG00000138769.10.wgt.RDat	ENSG00000138769.10	4	75630715	75630716	0.1896	rs6838240	7.79	rs1871114	0.1704	5.02	2.971136	441	11	enet	0.11	4.3e-05	2.77333	0.005549
Ovary	/media/kame/Data/_workings/resource/GTEv8//GTExv8.EUR.Ovary/ENSG00000138744.14.wgt.RDat	ENSG00000138744.14	4	75940948	75940949	0.4827	rs6838240	7.79	rs6826085	0.50254	8.69	-0.665555	449	62	enet	0.55	7.4e-26	-0.46591	0.641283
Ovary	/media/kame/Data/_workings/resource/GTEv8//GTExv8.EUR.Ovary/ENSG00000138750.14.wgt.RDat	ENSG00000138750.14	4	76148514	76148515	0.4405	rs6838240	7.79	rs7664821	0.4409	7.82	-0.04073	483	15	enet	0.41	1.4e-17	0.01992	0.984109
Ovary	/media/kame/Data/_workings/resource/GTEv8//GTExv8.EUR.Ovary/ENSG00000118804.8.wgt.RDat	ENSG00000118804.8	4	76306025	76306026	0.2072	rs17324276	-4.54	rs6857452	0.13341	4.59	-0.423509	498	10	enet	0.019	0.059	-0.59237	0.553605
Ovary	/media/kame/Data/_workings/resource/GTEv8//GTExv8.EUR.Ovary/ENSG00000163749.17.wgt.RDat	ENSG00000163749.17	4	76421867	76421868	0.155	rs17324276	-4.54	rs1511817	0.03066	3.31	-0.013045	519	22	enet	0.032	0.02	-0.17773	0.858938
Ovary	/media/kame/Data/_workings/resource/GTEv8//GTExv8.EUR.Ovary/ENSG00000138767.12.wgt.RDat	ENSG00000138767.12	4	77819614	77819615	0.1324	rs9307270	3.91	rs4304001	0.05432	-3.95	-0.718582	434	21	enet	0.041	0.0097	1.24723	0.212315
Ovary	/media/kame/Data/_workings/resource/GTEv8//GTExv8.EUR.Ovary/ENSG00000138669.9.wgt.RDat	ENSG00000138669.9	4	81215116	81215117	0.27	rs10034545	-6.5	rs6837293	0.18278	-5.11	-0.1057	359	14	enet	0.17	2.2e-07	-1.1075	0.268076
Ovary	/media/kame/Data/_workings/resource/GTEv8//GTExv8.EUR.Ovary/ENSG00000145287.10.wgt.RDat	ENSG00000145287.10	4	83137074	83137075	0.3344	rs6820949	2.94	rs7356196	0.15228	-5.37	0.000695	450	18	enet	0.15	1.4e-06	-0.0036	0.997126
Ovary	/media/kame/Data/_workings/resource/GTEv8//GTExv8.EUR.Ovary/ENSG00000138678.10.wgt.RDat	ENSG00000138678.10	4	83535913	83535914	0.1688	rs13116667	2.85	rs781443	0.13449	-4.55	0.830738	407	7	enet	0.074	0.00072	-1.26978	0.204163
Ovary	/media/kame/Data/_workings/resource/GTEv8//GTExv8.EUR.Ovary/ENSG00000138639.17.wgt.RDat	ENSG00000138639.17	4	85475113	85475114	0.1921	rs10034520	-3.41	rs7677064	0.06712	4.08	-1.031609	420	33	enet	0.13	6.5e-06	-0.8539	0.39316
Ovary	/media/kame/Data/_workings/resource/GTEv8//GTExv8.EUR.Ovary/ENSG00000163629.12.wgt.RDat	ENSG00000163629.12	4	86594314	86594315	0.2383	rs2869619	-3.64	rs1344260	0.05645	-4.49	-2.035387	324	25	enet	0.07	0.001	0.37873	0.704892
Ovary	/media/kame/Data/_workings/resource/GTEv8//GTExv8.EUR.Ovary/ENSG00000170509.11.wgt.RDat	ENSG00000170509.11	4	87322905	87322906	0.3989	rs2869619	-3.64	rs4693811	0.19568	5.78	0.028199	416	36	enet	0.24	5.6e-10	-0.10073	0.919768
Ovary	/media/kame/Data/_workings/resource/GTEv8//GTExv8.EUR.Ovary/ENSG00000246375.2.wgt.RDat	ENSG00000246375.2	4	88284941	88284942	0.7365	rs3844296	-4.48	rs7682161	0.38784	7.66	0.225788	462	39	enet	0.56	4.6e-26	0.98015	0.327011
Ovary	/media/kame/Data/_workings/resource/GTEv8//GTExv8.EUR.Ovary/ENSG00000185477.4.wgt.RDat	ENSG00000185477.4	4	89308009	89308010	0.2641	rs746880	-6.74	rs17838994	0.00502	-3.19	-0.097796	453	76	enet	0.041	0.0098	2.23857	0.025184
Ovary	/media/kame/Data/_workings/resource/GTEv8//GTExv8.EUR.Ovary/ENSG00000247775.2.wgt.RDat	ENSG00000247775.2	4	89836407	89836408	0.1483	rs3775483	-6.88	rs356222	0.02711	4.02	0.560268	381	15	enet	0.037	0.013	1.40904	0.158822
Ovary	/media/kame/Data/_workings/resource/GTEv8//GTExv8.EUR.Ovary/ENSG00000138696.10.wgt.RDat	ENSG00000138696.10	4	94757967	94757968	0.2471	rs902980	4.54	rs1560909	0.18332	-5.15	-0.728175	430	6	enet	0.18	1.8e-07	0.1794	0.857627
Ovary	/media/kame/Data/_workings/resource/GTEv8//GTExv8.EUR.Ovary/ENSG00000272777.1.wgt.RDat	ENSG00000272777.1	4	99068124	99068125	0.2967	rs10516441	-5.61	rs6827292	0.08044	6	-0.990694	499	26	enet	0.12	2.1e-05	-0.92552	0.354694
Ovary	/media/kame/Data/_workings/resource/GTEv8//GTExv8.EUR.Ovary/ENSG00000187758.7.wgt.RDat	ENSG00000187758.7	4	99291027	99291028	0.1858	rs10516441	-5.61	rs17028973	-0.00732	3.44	-0.821992	485	22	enet	-0.0051	0.58	-0.26854	0.788285
Ovary	/media/kame/Data/_workings/resource/GTEv8//GTExv8.EUR.Ovary/ENSG00000248144.5.wgt.RDat	ENSG00000248144.5	4	99353026	99353027	0.1658	rs10516441	-5.61	rs1229966	0.06095	4.42	-1.119347	503	20	enet	-0.00077	0.35	1.08945	0.275957
Ovary	/media/kame/Data/_workings/resource/GTEv8//GTExv8.EUR.Ovary/ENSG00000248713.1.wgt.RDat	ENSG00000248713.1	4	99654647	99654648	0.2951	rs10516441	-5.61	rs6858032	0.02425	-4.16	2.532392	437	19	enet	0.0054	0.19	-1.47636	0.139846
Ovary	/media/kame/Data/_workings/resource/GTEv8//GTExv8.EUR.Ovary/ENSG00000109270.12.wgt.RDat	ENSG00000109270.12	4	99894489	99894490	0.2569	rs881980	4.39	rs4235455	-0.00592	-3.42	-0.540716	417	27	enet	0.0058	0.18	-0.42524	0.670663
Ovary	/media/kame/Data/_workings/resource/GTEv8//GTExv8.EUR.Ovary/ENSG00000254531.1.wgt.RDat	ENSG00000254531.1	4	101347779	101347780	0.2479	rs2659534	4.91	rs2850329	0.14627	-4.75	2.288599	358	16	enet	0.06	0.0022	-2.66371	0.007728
Ovary	/media/kame/Data/_workings/resource/GTEv8//GTExv8.EUR.Ovary/ENSG00000248971.2.wgt.RDat	ENSG00000248971.2	4	102730170	102730171	0.126	rs13152048	4.5	rs10516496	0.0536	-4.26	1.455275	343	16	enet	0.048	0.0056	-0.97183	0.331134
Ovary	/media/kame/Data/_workings/resource/GTEv8//GTExv8.EUR.Ovary/ENSG00000230069.3.wgt.RDat	ENSG00000230069.3	4	102730720	102730721	0.2036	rs13152048	4.5	rs223490	0.09206	-4.64	1.842907	340	44	enet	0.043	0.0085	-0.36217	0.717224
Ovary	/media/kame/Data/_workings/resource/GTEv8//GTExv8.EUR.Ovary/ENSG00000164039.14.wgt.RDat	ENSG00000164039.14	4	103099882	103099883	0.4335	rs2198199	-2.9	rs6830624	0.29818	7.07	-1.316226	324	25	enet	0.31	5.5e-13	-0.76786	0.442568
Ovary	/media/kame/Data/_workings/resource/GTEv8//GTExv8.EUR.Ovary/ENSG00000138778.11.wgt.RDat	ENSG00000138778.11	4	103198408	103198409	0.1834	rs3796972	-3.03	rs223391	0.12128	4.27	0.394744	324	4	enet	0.03	0.024	0.47872	0.632137
Ovary	/media/kame/Data/_workings/resource/GTEv8//GTExv8.EUR.Ovary/ENSG00000138777.19.wgt.RDat	ENSG00000138777.19	4	105474080	105474081	0.1467	rs2189234	10.69	rs1994636	0.10928	-4.67	2.960794	397	12	enet	0.09	0.00021	-1.77473	0.075943
Ovary	/media/kame/Data/_workings/resource/GTEv8//GTExv8.EUR.Ovary/ENSG00000138802.11.wgt.RDat	ENSG00000138802.11	4	109433817	109433818	0.1496	rs3113684	3.92	rs7673816	0.03932	3.84	0.411505	379	26	enet	0.019	0.057	0.32109	0.748141
Ovary	/media/kame/Data/_workings/resource/GTEv8//GTExv8.EUR.Ovary/ENSG00000138660.11.wgt.RDat	ENSG00000138660.11	4	112231736	112231737	0.1924	rs7663969	4.47	rs7665603	0.05817	-4.18	0.141821	374	21	enet	0.025	0.035	-0.09007	0.928232
Ovary	/media/kame/Data/_workings/resource/GTEv8//GTExv8.EUR.Ovary/ENSG00000138658.15.wgt.RDat	ENSG00000138658.15	4	112636962	112636963	0.3033	rs7663969	4.47	rs9991830	0.27943	6.48	-0.39487	464	18	enet	0.28	1.2e-11	-0.15901	0.873662
Ovary	/media/kame/Data/_workings/resource/GTEv8//GTExv8.EUR.Ovary/ENSG00000269893.6.wgt.RDat	ENSG00000269893.6	4	118278708	118278709	0.2346	rs4240320	-8.34	rs3805189	0.03136	4.08	-0.013472	279	25	enet	0.061	0.002	0.0891	0.929003
Ovary	/media/kame/Data/_workings/resource/GTEv8//GTExv8.EUR.Ovary/ENSG00000260404.3.wgt.RDat	ENSG00000260404.3	4	118591772	118591773	0.2541	rs4240320	-8.34	rs6811780	0.23023	-5.8	0.54938	337	6	enet	0.16	6.2e-07	-0.65269	0.513959
Ovary	/media/kame/Data/_workings/resource/GTEv8//GTExv8.EUR.Ovary/ENSG00000280551.1.wgt.RDat	ENSG00000280551.1	4	119042023	119042024	0.1963	rs7679385	-3.19	rs10518313	0.04801	4.29	-1.053451	410	16	enet	0.095	0.00014	-2.35872	0.018338
Ovary	/media/kame/Data/_workings/resource/GTEv8//GTExv8.EUR.Ovary/ENSG00000250412.1.wgt.RDat	ENSG00000250412.1	4	119334328	119334329	0.1822	rs7679385	-3.19	rs9995277	0.06411	4.54	-0.031971	436	30	enet	0.076	0.00065	-0.6457	0.518471
Ovary	/media/kame/Data/_workings/resource/GTEv8//GTExv8.EUR.Ovary/ENSG00000249244.1.wgt.RDat	ENSG00000249244.1	4	119395334	119395335	0.3155	rs4320122	3.18	rs1546505	0.17119	5.5	0.219066	440	51	enet	0.15	1.5e-06	-0.07078	0.943576
Ovary	/media/kame/Data/_workings/resource/GTEv8//GTExv8.EUR.Ovary/ENSG00000283050.1.wgt.RDat	ENSG00000283050.1	4	119454637	119454638	0.303	rs4320122	3.18	rs10518329	0.14506	5.42	-0.01041	414	25	enet	0.19	3.7e-08	0.31196	0.755069
Ovary	/media/kame/Data/_workings/resource/GTEv8//GTExv8.EUR.Ovary/ENSG00000245958.6.wgt.RDat	ENSG00000245958.6	4	119454790	119454791	0.3532	rs4320122	3.18	rs7664440	0.49901	-8.43	0.478405	414	69	enet	0.48	2.5e-21	-0.3845	0.700607
Ovary	/media/kame/Data/_workings/resource/GTEv8//GTExv8.EUR.Ovary/ENSG00000138738.10.wgt.RDat	ENSG00000138738.10	4	120922869	120922870	0.3094	rs4833680	3.02	rs13116962	0.19933	-5.52	0.187873	450	9	enet	0.09	0.00021	-0.35197	0.724858
Ovary	/media/kame/Data/_workings/resource/GTEv8//GTExv8.EUR.Ovary/ENSG00000170917.13.wgt.RDat	ENSG00000170917.13	4	122922967	122922968	0.2545	rs6534362	-5.56	rs7667362	0.04928	4.01	-0.340406	333	2	enet	0.067	0.0013	-0.35156	0.725169
Ovary	/media/kame/Data/_workings/resource/GTEv8//GTExv8.EUR.Ovary/ENSG00000251432.6.wgt.RDat	ENSG00000251432.6	4	128292750	128292751	0.2984	rs10518534	3.56	rs10016718	0.19304	6.07	-0.001105	289	17	enet	0.26	7.2e-11	-0.29586	0.767337
Ovary	/media/kame/Data/_workings/resource/GTEv8//GTExv8.EUR.Ovary/ENSG00000137463.4.wgt.RDat	ENSG00000137463.4	4	139280337	139280338	0.1234	rs4546191	-5.01	rs13147688	0.084	-4.36	0.622934	389	24	enet	0.028	0.028	-0.29354	0.769106
Ovary	/media/kame/Data/_workings/resource/GTEv8//GTExv8.EUR.Ovary/ENSG00000172007.5.wgt.RDat	ENSG00000172007.5	4	139454034	139454035	0.1468	rs706350	4.8	rs747004	0.10551	-4.2	0.572287	411	15	enet	0.038	0.012	-0.52531	0.599366
Ovary	/media/kame/Data/_workings/resource/GTEv8//GTExv8.EUR.Ovary/ENSG00000109458.8.wgt.RDat	ENSG00000109458.8	4	143336761	143336762	0.1491	rs893929	5.8	rs13111543	0.0239	3.55	1.03192	283	15	enet	0.0057	0.18	-0.18894	0.850137
Ovary	/media/kame/Data/_workings/resource/GTEv8//GTExv8.EUR.Ovary/ENSG00000251600.5.wgt.RDat	ENSG00000251600.5	4	143912330	143912331	0.3746	rs6844670	-4.46	rs1450250	0.06572	-4.27	-0.56759	249	61	enet	0.099	9.8e-05	1.65581	0.097759
Ovary	/media/kame/Data/_workings/resource/GTEv8//GTExv8.EUR.Ovary/ENSG00000279845.1.wgt.RDat	ENSG00000279845.1	4	146180850	146180851	0.2515	rs7680105	5.28	rs1991979	0.12444	-5.57	0.502032	364	20	enet	0.18	1.1e-07	0.12033	0.904224
Ovary	/media/kame/Data/_workings/resource/GTEv8//GTExv8.EUR.Ovary/ENSG00000250673.2.wgt.RDat	ENSG00000250673.2	4	146214514	146214515	0.5523	rs7680105	5.28	rs6537402	0.43354	8.15	-0.02311	355	39	enet	0.46	5e-20	-0.01035	0.991741
Ovary	/media/kame/Data/_workings/resource/GTEv8//GTExv8.EUR.Ovary/ENSG00000151617.15.wgt.RDat	ENSG00000151617.15	4	147480916	147480917	0.1526	rs7658486	3.73	rs2714888	0.13793	-4.66	-0.075904	365	9	enet	0.038	0.013	0.05977	0.95234
Ovary	/media/kame/Data/_workings/resource/GTEv8//GTExv8.EUR.Ovary/ENSG00000251688.1.wgt.RDat	ENSG00000251688.1	4	147567605	147567606	0.2707	rs7658486	3.73	rs5342	0.08317	-4.85	-1.05196	343	17	enet	0.11	3e-05	0.98893	0.322697
Ovary	/media/kame/Data/_workings/resource/GTEv8//GTExv8.EUR.Ovary/ENSG00000164144.15.wgt.RDat	ENSG00000164144.15	4	152779936	152779937	0.2439	rs11721759	4.01	rs4504228	0.14613	-5.32	1.779634	382	14	enet	0.17	2.6e-07	-1.42551	0.154011
Ovary	/media/kame/Data/_workings/resource/GTEv8//GTExv8.EUR.Ovary/ENSG00000109654.14.wgt.RDat	ENSG00000109654.14	4	153152341	153152342	0.3267	rs11721759	4.01	rs7662206	0.04089	-4.4	0.712337	437	21	enet	0.11	4.9e-05	-0.01255	0.989986
Ovary	/media/kame/Data/_workings/resource/GTEv8//GTExv8.EUR.Ovary/ENSG00000164114.18.wgt.RDat	ENSG00000164114.18	4	155376969	155376970	0.2763	rs7440685	5.03	rs12651030	0.15429	-5.35	-0.044588	444	46	enet	0.13	1e-05	0.38176	0.70264
Ovary	/media/kame/Data/_workings/resource/GTEv8//GTExv8.EUR.Ovary/ENSG00000248429.5.wgt.RDat	ENSG00000248429.5	4	158172251	158172252	0.4378	rs1032334	-2.33	rs8370	0.39457	-7.36	0.027903	300	22	enet	0.43	1.5e-18	0.20764	0.835508
Ovary	/media/kame/Data/_workings/resource/GTEv8//GTExv8.EUR.Ovary/ENSG00000251073.1.wgt.RDat	ENSG00000251073.1	4	158182824	158182825	0.2493	rs1032334	-2.33	rs10461245	0.1284	-5.54	-0.400339	296	35	enet	0.2	1.7e-08	-0.08463	0.932557
Ovary	/media/kame/Data/_workings/resource/GTEv8//GTExv8.EUR.Ovary/ENSG00000164124.10.wgt.RDat	ENSG00000164124.10	4	158203619	158203620	0.4842	rs1032334	-2.33	rs8370	0.42431	-7.64	0.027903	294	20	enet	0.47	1.9e-20	0.14149	0.887483
Ovary	/media/kame/Data/_workings/resource/GTEv8//GTExv8.EUR.Ovary/ENSG00000251429.1.wgt.RDat	ENSG00000251429.1	4	158270377	158270378	0.2874	rs12504074	2.2	rs8370	0.19304	-5.56	0.027903	286	33	enet	0.25	2.1e-10	0.04287	0.965804
Ovary	/media/kame/Data/_workings/resource/GTEv8//GTExv8.EUR.Ovary/ENSG00000171503.11.wgt.RDat	ENSG00000171503.11	4	158672255	158672256	0.3194	rs12502731	-2.85	rs7679484	0.13818	-4.89	-0.112274	267	44	enet	0.13	8.6e-06	-0.89758	0.36941
Ovary	/media/kame/Data/_workings/resource/GTEv8//GTExv8.EUR.Ovary/ENSG00000273449.1.wgt.RDat	ENSG00000273449.1	4	163529770	163529771	0.5041	rs6828820	5.88	rs10034495	0.39561	7.54	0.470714	395	24	enet	0.34	5.1e-14	0.50402	0.614244
Ovary	/media/kame/Data/_workings/resource/GTEv8//GTExv8.EUR.Ovary/ENSG00000109472.13.wgt.RDat	ENSG00000109472.13	4	165361193	165361194	0.2474	rs11727868	-9.46	rs2322291	0.18258	-5.25	-2.317993	435	16	enet	0.1	7.5e-05	1.37236	0.169951
Ovary	/media/kame/Data/_workings/resource/GTEv8//GTExv8.EUR.Ovary/ENSG00000137601.16.wgt.RDat	ENSG00000137601.16	4	169612628	169612629	0.3174	rs4692750	4.87	rs4334719	0.16213	5.65	0.325225	339	24	enet	0.2	3.3e-08	0.17888	0.858032
Ovary	/media/kame/Data/_workings/resource/GTEv8//GTExv8.EUR.Ovary/ENSG00000109576.13.wgt.RDat	ENSG00000109576.13	4	170091698	170091699	0.2125	rs1881617	6.58	rs6553487	0.07038	-4.46	-0.1957	353	17	enet	0.078	0.00053	0.34479	0.730256
Ovary	/media/kame/Data/_workings/resource/GTEv8//GTExv8.EUR.Ovary/ENSG00000248174.5.wgt.RDat	ENSG00000248174.5	4	174220397	174220398	0.5119	rs954926	5.67	rs1992021	0.42976	7.81	1.713047	432	17	enet	0.44	7.8e-19	1.07871	0.280718
Ovary	/media/kame/Data/_workings/resource/GTEv8//GTExv8.EUR.Ovary/ENSG00000150627.15.wgt.RDat	ENSG00000150627.15	4	176065833	176065834	0.2757	rs17680980	5.6	rs17062462	0.03416	3.73	-0.086088	489	30	enet	-0.00051	0.34	-0.01769	0.985889
Ovary	/media/kame/Data/_workings/resource/GTEv8//GTExv8.EUR.Ovary/ENSG00000038002.8.wgt.RDat	ENSG00000038002.8	4	177442502	177442503	0.5559	rs6817133	-5.67	rs4690522	0.46795	-8.23	-1.057059	439	19	enet	0.44	5.3e-19	1.19408	0.232447
Ovary	/media/kame/Data/_workings/resource/GTEv8//GTExv8.EUR.Ovary/ENSG00000151725.11.wgt.RDat	ENSG00000151725.11	4	184734132	184734133	0.4964	rs3756095	6.55	rs4610379	0.16085	-5.78	-0.483317	525	54	enet	0.17	3.7e-07	-0.89795	0.369215
Ovary	/media/kame/Data/_workings/resource/GTEv8//GTExv8.EUR.Ovary/ENSG00000109794.13.wgt.RDat	ENSG00000109794.13	4	186104418	186104419	0.3443	rs13141433	4.97	rs11733307	0.02856	-4.06	-1.521152	588	38	enet	0.12	2.2e-05	0.51914	0.603661
Ovary	/media/kame/Data/_workings/resource/GTEv8//GTExv8.EUR.Ovary/ENSG00000279943.1.wgt.RDat	ENSG00000279943.1	4	186191489	186191490	0.3168	rs13141433	4.97	rs7687961	0.12218	4.63	3.297266	578	28	enet	0.065	0.0014	1.2134	0.224977
Ovary	/media/kame/Data/_workings/resource/GTEv8//GTExv8.EUR.Ovary/ENSG00000145476.15.wgt.RDat	ENSG00000145476.15	4	186191519	186191520	0.4953	rs13141433	4.97	rs3736455	0.35733	7.41	2.386504	578	13	enet	0.34	3.6e-14	2.94681	0.003211
Ovary	/media/kame/Data/_workings/resource/GTEv8//GTExv8.EUR.Ovary/ENSG00000164344.15.wgt.RDat	ENSG00000164344.15	4	186226437	186226438	0.3106	rs13141433	4.97	rs4253239	0.13472	5.38	0.695841	566	11	enet	0.14	3.7e-06	0.76328	0.445295
Ovary	/media/kame/Data/_workings/resource/GTEv8//GTExv8.EUR.Ovary/ENSG00000272218.1.wgt.RDat	ENSG00000272218.1	4	186892551	186892552	0.3294	rs4522917	-6.07	rs1367935	0.00561	-3.49	0.796573	491	15	enet	0.014	0.088	-0.96022	0.336944
Ovary	/media/kame/Data/_workings/resource/GTEv8//GTExv8.EUR.Ovary/ENSG00000250658.1.wgt.RDat	ENSG00000250658.1	4	187309681	187309682	0.2234	rs4522917	-6.07	rs7654811	0.09949	-4.62	-0.024458	432	8	enet	0.098	0.00011	-0.25331	0.80003
Ovary	/media/kame/Data/_workings/resource/GTEv8//GTExv8.EUR.Ovary/ENSG00000245685.6.wgt.RDat	ENSG00000245685.6	4	189940270	189940271	0.3447	rs2251432	-3.56	rs1138726	0.23972	5.92	0.027592	100	26	enet	0.28	1.3e-11	-0.33423	0.738204
Ovary	/media/kame/Data/_workings/resource/GTEv8//GTExv8.EUR.Ovary/ENSG00000225138.7.wgt.RDat	ENSG00000225138.7	5	473235	473236	0.8272	rs2115275	6.92	rs2278254	0.0737	5.52	1.11087	321	34	enet	0.5	1.5e-22	1.34007	0.18
Ovary	/media/kame/Data/_workings/resource/GTEv8//GTExv8.EUR.Ovary/ENSG00000066230.10.wgt.RDat	ENSG00000066230.10	5	524331	524332	0.7765	rs2115275	6.92	rs2278254	0.06543	5.33	1.11087	341	29	enet	0.38	7.7e-16	1.44498	0.148
Ovary	/media/kame/Data/_workings/resource/GTEv8//GTExv8.EUR.Ovary/ENSG00000112877.7.wgt.RDat	ENSG00000112877.7	5	612271	612272	0.1696	rs2115275	6.92	rs3749615	0.09551	-4.61	-0.85305	361	19	enet	0.12	2.4e-05	0.75692	0.449
Ovary	/media/kame/Data/_workings/resource/GTEv8//GTExv8.EUR.Ovary/ENSG00000028310.17.wgt.RDat	ENSG00000028310.17	5	892641	892642	0.2858	rs326057	3.67	rs326057	0.01029	3.32	3.67146	365	15	enet	-0.0057	0.64	1.67946	0.0931
Ovary	/media/kame/Data/_workings/resource/GTEv8//GTExv8.EUR.Ovary/ENSG00000249201.2.wgt.RDat	ENSG00000249201.2	5	1178604	1178605	0.432	rs326057	3.67	rs4246740	0.44731	-7.86	-0.03534	360	22	enet	0.43	2.1e-18	0.1046	0.917
Ovary	/media/kame/Data/_workings/resource/GTEv8//GTExv8.EUR.Ovary/ENSG00000142319.17.wgt.RDat	ENSG00000142319.17	5	1445429	1445430	0.3246	rs16883175	-4.3	rs2550948	0.20129	5.62	-1.45214	527	9	enet	0.13	9.7e-06	-1.61534	0.106
Ovary	/media/kame/Data/_workings/resource/GTEv8//GTExv8.EUR.Ovary/ENSG00000185986.11.wgt.RDat	ENSG00000185986.11	5	1594619	1594620	0.5112	rs16883175	-4.3	rs6870653	0.22118	-6.08	-0.08625	562	46	enet	0.22	3.5e-09	-0.01658	0.987
Ovary	/media/kame/Data/_workings/resource/GTEv8//GTExv8.EUR.Ovary/ENSG00000271119.1.wgt.RDat	ENSG00000271119.1	5	1594625	1594626	0.2457	rs16883175	-4.3	rs4415117	0.03312	-3.86	-0.22466	562	8	enet	0.027	0.029	0.0737	0.941
Ovary	/media/kame/Data/_workings/resource/GTEv8//GTExv8.EUR.Ovary/ENSG00000232615.4.wgt.RDat	ENSG00000232615.4	5	1614835	1614836	0.698	rs16883175	-4.3	rs7734561	0.4132	7.57	0.81505	569	11	enet	0.31	9.2e-13	0.75408	0.451
Ovary	/media/kame/Data/_workings/resource/GTEv8//GTExv8.EUR.Ovary/ENSG00000188002.10.wgt.RDat	ENSG00000188002.10	5	1634004	1634005	0.7625	rs16883175	-4.3	rs7734561	0.32408	-6.97	0.81505	573	23	enet	0.53	5.6e-24	-0.6533	0.514
Ovary	/media/kame/Data/_workings/resource/GTEv8//GTExv8.EUR.Ovary/ENSG00000171421.12.wgt.RDat	ENSG00000171421.12	5	1801365	1801366	0.3153	rs16883175	-4.3	rs13174204	-0.00172	3.42	-0.65264	609	47	enet	0.034	0.017	-0.06034	0.952
Ovary	/media/kame/Data/_workings/resource/GTEv8//GTExv8.EUR.Ovary/ENSG00000261037.1.wgt.RDat	ENSG00000261037.1	5	6022282	6022283	0.4472	rs252609	-7.06	rs4701724	0.17357	-5.01	3.27957	609	31	enet	0.071	9e-04	-3.20339	0.00136
Ovary	/media/kame/Data/_workings/resource/GTEv8//GTExv8.EUR.Ovary/ENSG00000250490.1.wgt.RDat	ENSG00000250490.1	5	6339883	6339884	0.6182	rs16877577	-8.25	rs4701724	0.20096	-6.23	3.27957	633	35	enet	0.3	3.4e-12	-1.80228	0.0715
Ovary	/media/kame/Data/_workings/resource/GTEv8//GTExv8.EUR.Ovary/ENSG00000037474.14.wgt.RDat	ENSG00000037474.14	5	6633290	6633291	0.6709	rs16877577	-8.25	rs6887702	0.60254	9.17	-0.003	626	13	enet	0.59	5.6e-28	-0.0806	0.936
Ovary	/media/kame/Data/_workings/resource/GTEv8//GTExv8.EUR.Ovary/ENSG00000248677.1.wgt.RDat	ENSG00000248677.1	5	6707710	6707711	0.3034	rs16877577	-8.25	rs1003098	0.05716	4.47	0.00416	627	29	enet	0.065	0.0015	-0.65614	0.512
Ovary	/media/kame/Data/_workings/resource/GTEv8//GTExv8.EUR.Ovary/ENSG00000250786.1.wgt.RDat	ENSG00000250786.1	5	9546199	9546200	0.4942	rs16883661	5.73	rs1398337	0.18598	5.28	0.47813	687	39	enet	0.17	2.8e-07	1.26708	0.205
Ovary	/media/kame/Data/_workings/resource/GTEv8//GTExv8.EUR.Ovary/ENSG00000271980.1.wgt.RDat	ENSG00000271980.1	5	10267145	10267146	0.6281	rs7703985	6.9	rs10067744	0.4352	-7.91	0.58778	605	16	enet	0.47	9.8e-21	-0.41316	0.679
Ovary	/media/kame/Data/_workings/resource/GTEv8//GTExv8.EUR.Ovary/ENSG00000271715.1.wgt.RDat	ENSG00000271715.1	5	10269917	10269918	0.4623	rs7703985	6.9	rs6892818	0.26168	-6.11	0.57698	605	23	enet	0.17	2.6e-07	-1.16655	0.243
Ovary	/media/kame/Data/_workings/resource/GTEv8//GTExv8.EUR.Ovary/ENSG00000038382.18.wgt.RDat	ENSG00000038382.18	5	14143701	14143702	0.2054	rs10513151	-8.54	rs30607	0.1725	5	0.25911	591	9	enet	0.15	1.5e-06	0.3804	0.704
Ovary	/media/kame/Data/_workings/resource/GTEv8//GTExv8.EUR.Ovary/ENSG00000183666.16.wgt.RDat	ENSG00000183666.16	5	21341832	21341833	0.3383	rs6893407	-3.74	rs4568331	0.0454	4.72	0.26649	257	20	enet	0.11	3.2e-05	0.02476	0.98
Ovary	/media/kame/Data/_workings/resource/GTEv8//GTExv8.EUR.Ovary/ENSG00000113360.16.wgt.RDat	ENSG00000113360.16	5	31532195	31532196	0.5368	rs7734842	-6.47	rs4867343	-0.00597	4.25	1.72608	669	55	enet	0.061	0.0021	0.4561	0.648
Ovary	/media/kame/Data/_workings/resource/GTEv8//GTExv8.EUR.Ovary/ENSG00000249572.1.wgt.RDat	ENSG00000249572.1	5	33440618	33440619	0.4623	rs6450949	7.77	rs3756663	0.3668	-7.37	-0.59635	465	5	enet	0.34	4.7e-14	0.7719	0.44
Ovary	/media/kame/Data/_workings/resource/GTEv8//GTExv8.EUR.Ovary/ENSG00000113407.13.wgt.RDat	ENSG00000113407.13	5	33440695	33440696	0.2314	rs6450949	7.77	rs11745439	0.03101	-4.03	0.01218	465	48	enet	0.087	0.00027	0.07713	0.939
Ovary	/media/kame/Data/_workings/resource/GTEv8//GTExv8.EUR.Ovary/ENSG00000242110.7.wgt.RDat	ENSG00000242110.7	5	34008107	34008108	0.2944	rs17488958	-5.56	rs10941112	0.24254	-5.91	0.85389	391	29	enet	0.16	5.2e-07	-1.0208	0.307
Ovary	/media/kame/Data/_workings/resource/GTEv8//GTExv8.EUR.Ovary/ENSG00000250629.1.wgt.RDat	ENSG00000250629.1	5	38783579	38783580	0.3389	rs4869585	4.29	rs451298	-0.00553	-3.72	0.1166	459	43	enet	0.081	0.00042	-0.03118	0.975
Ovary	/media/kame/Data/_workings/resource/GTEv8//GTExv8.EUR.Ovary/ENSG00000249740.2.wgt.RDat	ENSG00000249740.2	5	38845828	38845829	0.231	rs4869585	4.29	rs451298	0.01634	-4.36	0.1166	443	26	enet	0.031	0.021	-0.3846	0.701
Ovary	/media/kame/Data/_workings/resource/GTEv8//GTExv8.EUR.Ovary/ENSG00000171495.16.wgt.RDat	ENSG00000171495.16	5	41071302	41071303	0.3488	rs12659224	3.84	rs1078375	0.17111	6.25	-1.34571	444	7	enet	0.24	9.1e-10	-1.39025	0.164
Ovary	/media/kame/Data/_workings/resource/GTEv8//GTExv8.EUR.Ovary/ENSG00000177721.4.wgt.RDat	ENSG00000177721.4	5	43043169	43043170	0.3062	rs12520489	3.26	rs3756416	-0.00176	3.36	1.22921	323	43	enet	0.087	0.00026	0.777	0.437
Ovary	/media/kame/Data/_workings/resource/GTEv8//GTExv8.EUR.Ovary/ENSG00000177738.3.wgt.RDat	ENSG00000177738.3	5	43067418	43067419	0.1699	rs12520489	3.26	rs230819	0.07295	-3.8	0.7374	324	35	enet	0.026	0.033	-0.13333	0.894
Ovary	/media/kame/Data/_workings/resource/GTEv8//GTExv8.EUR.Ovary/ENSG00000248240.1.wgt.RDat	ENSG00000248240.1	5	43515273	43515274	0.1595	rs10069201	-3.81	rs12520489	0.0271	3.72	3.26021	249	18	enet	0.043	0.0086	1.73866	0.0821
Ovary	/media/kame/Data/_workings/resource/GTEv8//GTExv8.EUR.Ovary/ENSG00000280159.1.wgt.RDat	ENSG00000280159.1	5	54643556	54643557	0.2319	rs7734716	-5.64	rs1006885	-0.00154	-3.64	-0.30699	570	4	enet	0.012	0.1	0.01847	0.985
Ovary	/media/kame/Data/_workings/resource/GTEv8//GTExv8.EUR.Ovary/ENSG00000155542.11.wgt.RDat	ENSG00000155542.11	5	56909259	56909260	0.4863	rs1848507	6.19	rs185220	0.47094	-8.09	-1.0777	492	27	enet	0.4	7.6e-17	0.76727	0.443
Ovary	/media/kame/Data/_workings/resource/GTEv8//GTExv8.EUR.Ovary/ENSG00000240436.1.wgt.RDat	ENSG00000240436.1	5	62576270	62576271	0.2426	rs10514933	16.41	rs1402916	0.03449	-3.61	-0.92601	380	28	enet	0.041	0.01	-1.50079	0.133
Ovary	/media/kame/Data/_workings/resource/GTEv8//GTExv8.EUR.Ovary/ENSG00000113593.11.wgt.RDat	ENSG00000113593.11	5	65563238	65563239	0.2925	rs16875218	-4.68	rs245560	0.12569	-4.29	-0.14078	411	31	enet	0.058	0.0027	-0.16551	0.869
Ovary	/media/kame/Data/_workings/resource/GTEv8//GTExv8.EUR.Ovary/ENSG00000113595.14.wgt.RDat	ENSG00000113595.14	5	65625974	65625975	0.2063	rs16875218	-4.68	rs3213798	0.05082	-3.76	0.06849	384	38	enet	-0.0018	0.39	-1.1772	0.239
Ovary	/media/kame/Data/_workings/resource/GTEv8//GTExv8.EUR.Ovary/ENSG00000134057.14.wgt.RDat	ENSG00000134057.14	5	69167009	69167010	0.1422	rs2010352	-10.1	rs2930949	0.03327	3.74	-1.85881	313	41	enet	0.094	0.00015	1.97212	0.0486
Ovary	/media/kame/Data/_workings/resource/GTEv8//GTExv8.EUR.Ovary/ENSG00000183323.12.wgt.RDat	ENSG00000183323.12	5	69332808	69332809	0.2661	rs2010352	-10.1	rs11745591	0.1754	5.95	-1.95458	233	28	enet	0.16	1.1e-06	1.07428	0.283
Ovary	/media/kame/Data/_workings/resource/GTEv8//GTExv8.EUR.Ovary/ENSG00000273841.4.wgt.RDat	ENSG00000273841.4	5	69369641	69369642	0.1855	rs2010352	-10.1	rs10038816	0.02183	-3.63	-8.62185	225	25	enet	0.03	0.024	5.50746	3.64e-08
Ovary	/media/kame/Data/_workings/resource/GTEv8//GTExv8.EUR.Ovary/ENSG00000197822.10.wgt.RDat	ENSG00000197822.10	5	69492291	69492292	0.2939	rs2010352	-10.1	rs2583707	-0.00615	3.86	-0.04297	186	39	enet	0.034	0.018	-3.075	0.00211
Ovary	/media/kame/Data/_workings/resource/GTEv8//GTExv8.EUR.Ovary/ENSG00000250138.4.wgt.RDat	ENSG00000250138.4	5	69631962	69631963	0.8077	rs2010352	-10.1	rs28703202	0.33471	6.91	-0.16955	125	31	enet	0.33	1.4e-13	-1.53882	0.124
Ovary	/media/kame/Data/_workings/resource/GTEv8//GTExv8.EUR.Ovary/ENSG00000253203.6.wgt.RDat	ENSG00000253203.6	5	69679258	69679259	0.3644	rs2010352	-10.1	rs28431145	0.04898	4.28	-0.75067	107	34	enet	0.13	8.3e-06	-2.70447	0.00684
Ovary	/media/kame/Data/_workings/resource/GTEv8//GTExv8.EUR.Ovary/ENSG00000198237.8.wgt.RDat	ENSG00000198237.8	5	69875270	69875271	0.4794	rs299085	-9.09	rs28431145	0.01761	2.97	-0.75067	41	21	enet	0.16	5.9e-07	3.39573	0.000684
Ovary	/media/kame/Data/_workings/resource/GTEv8//GTExv8.EUR.Ovary/ENSG00000131711.14.wgt.RDat	ENSG00000131711.14	5	72107233	72107234	0.3057	rs1217823	4.45	rs17375040	0.01638	4.57	-1.66173	451	36	enet	0.11	4.5e-05	-0.81015	0.418
Ovary	/media/kame/Data/_workings/resource/GTEv8//GTExv8.EUR.Ovary/ENSG00000164347.17.wgt.RDat	ENSG00000164347.17	5	74767370	74767371	0.4109	rs4703642	5.73	rs6867972	0.03812	3.63	0.17446	474	72	enet	0.022	0.045	0.97333	0.33
Ovary	/media/kame/Data/_workings/resource/GTEv8//GTExv8.EUR.Ovary/ENSG00000164346.9.wgt.RDat	ENSG00000164346.9	5	74768930	74768931	0.6208	rs4703642	5.73	rs1048167	0.60311	9.15	1.21358	474	20	enet	0.6	5.4e-29	1.30724	0.191
Ovary	/media/kame/Data/_workings/resource/GTEv8//GTExv8.EUR.Ovary/ENSG00000272040.1.wgt.RDat	ENSG00000272040.1	5	75608816	75608817	0.143	rs253407	8.73	rs9293663	0.07708	-3.89	0.78709	358	16	enet	0.025	0.036	-0.63912	0.523
Ovary	/media/kame/Data/_workings/resource/GTEv8//GTExv8.EUR.Ovary/ENSG00000152359.14.wgt.RDat	ENSG00000152359.14	5	75717480	75717481	0.2079	rs253407	8.73	rs4704235	0.10021	5.12	3.15418	385	10	enet	0.076	6e-04	3.64551	0.000267
Ovary	/media/kame/Data/_workings/resource/GTEv8//GTExv8.EUR.Ovary/ENSG00000181104.6.wgt.RDat	ENSG00000181104.6	5	76716042	76716043	0.2972	rs11747915	4.88	rs250736	-0.00728	-3.38	-0.06139	573	42	enet	-1.7e-05	0.32	-0.44089	0.659
Ovary	/media/kame/Data/_workings/resource/GTEv8//GTExv8.EUR.Ovary/ENSG00000164253.13.wgt.RDat	ENSG00000164253.13	5	77620610	77620611	0.2042	rs4262083	6.17	rs7729808	-0.00548	3.18	-0.91441	526	7	enet	0.0023	0.25	-0.17638	0.86
Ovary	/media/kame/Data/_workings/resource/GTEv8//GTExv8.EUR.Ovary/ENSG00000253558.1.wgt.RDat	ENSG00000253558.1	5	78044137	78044138	0.1811	rs4262083	6.17	rs11746090	-0.00156	4.01	-0.82018	430	15	enet	0.094	0.00015	0.67657	0.499
Ovary	/media/kame/Data/_workings/resource/GTEv8//GTExv8.EUR.Ovary/ENSG00000245556.2.wgt.RDat	ENSG00000245556.2	5	78360506	78360507	0.2424	rs1443097	5.53	rs876606	0.05563	-4.32	-0.05893	436	18	enet	0.1	9e-05	-0.55651	0.578
Ovary	/media/kame/Data/_workings/resource/GTEv8//GTExv8.EUR.Ovary/ENSG00000145692.14.wgt.RDat	ENSG00000145692.14	5	79111778	79111779	0.216	rs10058261	5.08	rs2607145	0.0232	4.48	-0.13108	413	42	enet	0.091	2e-04	-0.91388	0.361
Ovary	/media/kame/Data/_workings/resource/GTEv8//GTExv8.EUR.Ovary/ENSG00000132837.14.wgt.RDat	ENSG00000132837.14	5	79236037	79236038	0.1627	rs10058261	5.08	rs6453450	0.09191	-4.46	0.3994	422	31	enet	0.063	0.0017	-0.21535	0.829
Ovary	/media/kame/Data/_workings/resource/GTEv8//GTExv8.EUR.Ovary/ENSG00000113296.14.wgt.RDat	ENSG00000113296.14	5	79991310	79991311	0.2724	rs16876942	4.5	rs404375	0.14348	4.76	-0.45961	493	8	enet	0.078	0.00051	-0.02613	0.979
Ovary	/media/kame/Data/_workings/resource/GTEv8//GTExv8.EUR.Ovary/ENSG00000249655.1.wgt.RDat	ENSG00000249655.1	5	80631589	80631590	0.1422	rs401758	4.63	rs17475899	-0.00706	-3.89	0.07647	475	28	enet	0.0094	0.13	-0.1709	0.864
Ovary	/media/kame/Data/_workings/resource/GTEv8//GTExv8.EUR.Ovary/ENSG00000228716.6.wgt.RDat	ENSG00000228716.6	5	80654982	80654983	0.3233	rs401758	4.63	rs2035256	0.10798	5.1	0.38756	479	55	enet	0.17	2.2e-07	-0.53506	0.593
Ovary	/media/kame/Data/_workings/resource/GTEv8//GTExv8.EUR.Ovary/ENSG00000113318.9.wgt.RDat	ENSG00000113318.9	5	80655151	80655152	0.3634	rs401758	4.63	rs1232027	0.09962	-5	-0.18553	479	45	enet	0.22	2.9e-09	-0.73177	0.464
Ovary	/media/kame/Data/_workings/resource/GTEv8//GTExv8.EUR.Ovary/ENSG00000251450.1.wgt.RDat	ENSG00000251450.1	5	80952979	80952980	0.2073	rs13179530	-10.87	rs4704690	0.17602	5	0.34556	470	14	enet	0.092	0.00018	0.66157	0.508
Ovary	/media/kame/Data/_workings/resource/GTEv8//GTExv8.EUR.Ovary/ENSG00000248794.1.wgt.RDat	ENSG00000248794.1	5	81242598	81242599	0.6495	rs13179530	-10.87	rs11950033	0.49883	8.46	-0.41756	446	11	enet	0.52	1.6e-23	0.76157	0.446
Ovary	/media/kame/Data/_workings/resource/GTEv8//GTExv8.EUR.Ovary/ENSG00000247572.7.wgt.RDat	ENSG00000247572.7	5	81301559	81301560	0.7712	rs13179530	-10.87	rs2270823	0.36866	7.17	-0.36765	463	28	enet	0.59	2.5e-28	-0.9283	0.353
Ovary	/media/kame/Data/_workings/resource/GTEv8//GTExv8.EUR.Ovary/ENSG00000152348.15.wgt.RDat	ENSG00000152348.15	5	81972024	81972025	0.5606	rs959978	-10.7	rs17245188	0.53164	8.59	0.39449	389	21	enet	0.48	2.3e-21	0.47211	0.637
Ovary	/media/kame/Data/_workings/resource/GTEv8//GTExv8.EUR.Ovary/ENSG00000186468.12.wgt.RDat	ENSG00000186468.12	5	82278576	82278577	0.1849	rs959978	-10.7	rs6894520	0.1802	-5.3	0.32352	432	19	enet	0.15	1.5e-06	-0.4091	0.682
Ovary	/media/kame/Data/_workings/resource/GTEv8//GTExv8.EUR.Ovary/ENSG00000205464.11.wgt.RDat	ENSG00000205464.11	5	82279461	82279462	0.6458	rs959978	-10.7	rs226202	0.59248	9.05	0.38814	432	18	enet	0.57	4.3e-27	0.30994	0.757
Ovary	/media/kame/Data/_workings/resource/GTEv8//GTExv8.EUR.Ovary/ENSG00000249664.1.wgt.RDat	ENSG00000249664.1	5	83013108	83013109	0.3017	rs7702166	-4.41	rs1478486	0.19182	5.73	0.13639	396	14	enet	0.16	5.8e-07	0.62482	0.532
Ovary	/media/kame/Data/_workings/resource/GTEv8//GTExv8.EUR.Ovary/ENSG00000247828.7.wgt.RDat	ENSG00000247828.7	5	88269070	88269071	0.1997	rs10044618	-9.74	rs780404	0.19242	5.42	-3.49202	271	18	enet	0.16	4.8e-07	-3.59264	0.000327
Ovary	/media/kame/Data/_workings/resource/GTEv8//GTExv8.EUR.Ovary/ENSG00000248309.7.wgt.RDat	ENSG00000248309.7	5	88883466	88883467	0.1805	rs10044618	-9.74	rs301706	0.09808	4.64	-1.00797	268	8	enet	0.055	0.0033	-1.33838	0.181
Ovary	/media/kame/Data/_workings/resource/GTEv8//GTExv8.EUR.Ovary/ENSG00000081189.15.wgt.RDat	ENSG00000081189.15	5	88904256	88904257	0.159	rs10044618	-9.74	rs304151	0.08039	4.03	-1.2443	266	13	enet	0.096	0.00013	-0.81058	0.418
Ovary	/media/kame/Data/_workings/resource/GTEv8//GTExv8.EUR.Ovary/ENSG00000237187.8.wgt.RDat	ENSG00000237187.8	5	93585647	93585648	0.1772	rs10866759	5.12	rs12515593	0.01855	3.38	0.33784	248	1	enet	0.00012	0.32	0.33784	0.735
Ovary	/media/kame/Data/_workings/resource/GTEv8//GTExv8.EUR.Ovary/ENSG00000153113.23.wgt.RDat	ENSG00000153113.23	5	96525266	96525267	0.6259	rs27038	7.01	rs26484	0.33319	7.01	-2.1495	460	33	enet	0.31	9.5e-13	-1.29804	0.194
Ovary	/media/kame/Data/_workings/resource/GTEv8//GTExv8.EUR.Ovary/ENSG00000248734.2.wgt.RDat	ENSG00000248734.2	5	96784776	96784777	0.5434	rs27038	7.01	rs469783	0.4047	-7.64	0.42009	495	20	enet	0.38	5.5e-16	-1.13334	0.257
Ovary	/media/kame/Data/_workings/resource/GTEv8//GTExv8.EUR.Ovary/ENSG00000272109.1.wgt.RDat	ENSG00000272109.1	5	96804352	96804353	0.3801	rs27038	7.01	rs3822683	0.20042	5.54	3.41986	494	25	enet	0.26	1.3e-10	1.31964	0.187
Ovary	/media/kame/Data/_workings/resource/GTEv8//GTExv8.EUR.Ovary/ENSG00000164307.12.wgt.RDat	ENSG00000164307.12	5	96808099	96808100	0.3223	rs27038	7.01	rs17482078	0.04066	4.47	-0.38367	494	31	enet	0.13	8.8e-06	-0.57851	0.563
Ovary	/media/kame/Data/_workings/resource/GTEv8//GTExv8.EUR.Ovary/ENSG00000174136.11.wgt.RDat	ENSG00000174136.11	5	98768649	98768650	0.2222	rs6867815	2.91	rs34490	0.05236	-4.26	0.53982	343	47	enet	0.081	0.00041	-0.05591	0.955
Ovary	/media/kame/Data/_workings/resource/GTEv8//GTExv8.EUR.Ovary/ENSG00000175749.11.wgt.RDat	ENSG00000175749.11	5	103032375	103032376	0.2369	rs7708778	-4.64	rs1826673	0.22238	6.42	1.47883	302	15	enet	0.2	1.5e-08	1.24214	0.214
Ovary	/media/kame/Data/_workings/resource/GTEv8//GTExv8.EUR.Ovary/ENSG00000249476.1.wgt.RDat	ENSG00000249476.1	5	109326368	109326369	0.3239	rs10043540	6.44	rs246105	0.28186	6.35	0.80357	371	28	enet	0.22	4.9e-09	0.62588	0.531
Ovary	/media/kame/Data/_workings/resource/GTEv8//GTExv8.EUR.Ovary/ENSG00000186952.14.wgt.RDat	ENSG00000186952.14	5	110738955	110738956	0.2365	rs7714521	-4.65	rs244929	0.07799	5.06	-0.4448	323	21	enet	0.061	0.002	-0.60111	0.548
Ovary	/media/kame/Data/_workings/resource/GTEv8//GTExv8.EUR.Ovary/ENSG00000145777.14.wgt.RDat	ENSG00000145777.14	5	111070061	111070062	0.3257	rs184941	-3.86	rs3806932	0.03223	-4.29	0.01635	373	29	enet	0.11	3e-05	-0.28585	0.775
Ovary	/media/kame/Data/_workings/resource/GTEv8//GTExv8.EUR.Ovary/ENSG00000129595.12.wgt.RDat	ENSG00000129595.12	5	112419315	112419316	0.2244	rs6882143	-7.55	rs7702830	0.10936	4.91	0.43568	408	19	enet	0.19	7e-08	2.49461	0.0126
Ovary	/media/kame/Data/_workings/resource/GTEv8//GTExv8.EUR.Ovary/ENSG00000279522.1.wgt.RDat	ENSG00000279522.1	5	112894932	112894933	0.2335	rs6882143	-7.55	rs434157	0.06452	4.29	-2.05043	476	17	enet	0.15	1.8e-06	-3.36092	0.000777
Ovary	/media/kame/Data/_workings/resource/GTEv8//GTExv8.EUR.Ovary/ENSG00000232633.4.wgt.RDat	ENSG00000232633.4	5	113323027	113323028	0.2665	rs2546108	-5.27	rs6594752	0.04777	3.9	0.2466	541	40	enet	0.055	0.0033	1.00829	0.313
Ovary	/media/kame/Data/_workings/resource/GTEv8//GTExv8.EUR.Ovary/ENSG00000171444.17.wgt.RDat	ENSG00000171444.17	5	113488829	113488830	0.3454	rs729455	-4.85	rs7731890	0.05723	5.05	-0.11322	557	28	enet	0.1	7.5e-05	0.39585	0.692
Ovary	/media/kame/Data/_workings/resource/GTEv8//GTExv8.EUR.Ovary/ENSG00000047188.15.wgt.RDat	ENSG00000047188.15	5	113513682	113513683	0.3653	rs729455	-4.85	rs7722276	0.12783	5.3	-0.00259	558	32	enet	0.062	0.0018	0.04859	0.961
Ovary	/media/kame/Data/_workings/resource/GTEv8//GTExv8.EUR.Ovary/ENSG00000263432.2.wgt.RDat	ENSG00000263432.2	5	123022782	123022783	0.1716	rs3776181	-8.22	rs7700661	-0.00334	-3.86	0.21115	443	27	enet	0.018	0.064	-1.05372	0.292
Ovary	/media/kame/Data/_workings/resource/GTEv8//GTExv8.EUR.Ovary/ENSG00000168938.5.wgt.RDat	ENSG00000168938.5	5	123036740	123036741	0.2882	rs3776181	-8.22	rs17388251	0.25016	-6.25	-0.63864	435	12	enet	0.23	2.4e-09	0.18844	0.851
Ovary	/media/kame/Data/_workings/resource/GTEv8//GTExv8.EUR.Ovary/ENSG00000250539.1.wgt.RDat	ENSG00000250539.1	5	123402343	123402344	0.1336	rs3776181	-8.22	rs13163506	0.01894	-3.65	0.42162	473	14	enet	0.0018	0.27	-0.02502	0.98
Ovary	/media/kame/Data/_workings/resource/GTEv8//GTExv8.EUR.Ovary/ENSG00000279118.1.wgt.RDat	ENSG00000279118.1	5	126496494	126496495	0.2293	rs3734173	8.04	rs6888676	0.04711	-4.41	-0.21966	423	24	enet	0.018	0.062	-0.21432	0.83
Ovary	/media/kame/Data/_workings/resource/GTEv8//GTExv8.EUR.Ovary/ENSG00000164904.17.wgt.RDat	ENSG00000164904.17	5	126595417	126595418	0.3588	rs3734173	8.04	rs2973600	-0.00176	-3.38	0.26989	387	29	enet	0.015	0.083	0.2384	0.812
Ovary	/media/kame/Data/_workings/resource/GTEv8//GTExv8.EUR.Ovary/ENSG00000173926.5.wgt.RDat	ENSG00000173926.5	5	127030807	127030808	0.1255	rs3734173	8.04	rs11241912	0.04698	4.65	1.22883	339	22	enet	0.048	0.0058	0.60651	0.544
Ovary	/media/kame/Data/_workings/resource/GTEv8//GTExv8.EUR.Ovary/ENSG00000245937.7.wgt.RDat	ENSG00000245937.7	5	128083171	128083172	0.3402	rs3805648	-3.94	rs790155	0.29613	-6.51	0.2175	374	6	enet	0.2	3.3e-08	-0.27308	0.785
Ovary	/media/kame/Data/_workings/resource/GTEv8//GTExv8.EUR.Ovary/ENSG00000138829.11.wgt.RDat	ENSG00000138829.11	5	128659184	128659185	0.3213	rs3805648	-3.94	rs10053477	0.25043	6.15	-0.51984	451	30	enet	0.23	1.7e-09	-0.23442	0.815
Ovary	/media/kame/Data/_workings/resource/GTEv8//GTExv8.EUR.Ovary/ENSG00000224431.1.wgt.RDat	ENSG00000224431.1	5	132199455	132199456	0.1392	rs7733814	5.76	rs11955347	0.07157	4.29	0.30698	392	18	enet	0.012	0.1	-0.63218	0.527
Ovary	/media/kame/Data/_workings/resource/GTEv8//GTExv8.EUR.Ovary/ENSG00000131435.12.wgt.RDat	ENSG00000131435.12	5	132257670	132257671	0.2459	rs7733814	5.76	rs1295686	0.08711	-4.11	0.90759	396	38	enet	0.032	0.02	-1.07548	0.282
Ovary	/media/kame/Data/_workings/resource/GTEv8//GTExv8.EUR.Ovary/ENSG00000072682.18.wgt.RDat	ENSG00000072682.18	5	132295314	132295315	0.2761	rs7733814	5.76	rs11955347	0.08377	4.98	0.30698	403	45	enet	0.067	0.0012	-1.09089	0.275
Ovary	/media/kame/Data/_workings/resource/GTEv8//GTExv8.EUR.Ovary/ENSG00000197536.11.wgt.RDat	ENSG00000197536.11	5	132410635	132410636	0.1761	rs7733814	5.76	rs2070727	0.10861	-4.37	0.65346	425	21	enet	0.12	2e-05	-2.11334	0.0346
Ovary	/media/kame/Data/_workings/resource/GTEv8//GTExv8.EUR.Ovary/ENSG00000131437.15.wgt.RDat	ENSG00000131437.15	5	132737637	132737638	0.2969	rs2288386	-3.8	rs2243250	0.07431	-4.4	0.06152	414	60	enet	0.077	0.00058	-2.42893	0.0151
Ovary	/media/kame/Data/_workings/resource/GTEv8//GTExv8.EUR.Ovary/ENSG00000113558.18.wgt.RDat	ENSG00000113558.18	5	134177037	134177038	0.2322	rs329312	5.95	rs17167275	0.00629	3.41	-0.13705	437	21	enet	0.013	0.094	0.09386	0.925
Ovary	/media/kame/Data/_workings/resource/GTEv8//GTExv8.EUR.Ovary/ENSG00000120733.13.wgt.RDat	ENSG00000120733.13	5	138352595	138352596	0.2022	rs11743323	6.2	rs217272	0.08157	4.53	0.38332	292	22	enet	0.081	0.00042	-0.13683	0.891
Ovary	/media/kame/Data/_workings/resource/GTEv8//GTExv8.EUR.Ovary/ENSG00000253404.1.wgt.RDat	ENSG00000253404.1	5	138753308	138753309	0.5054	rs11743323	6.2	rs311602	0.50477	8.74	-0.14044	305	36	enet	0.53	1.9e-24	-0.18995	0.849
Ovary	/media/kame/Data/_workings/resource/GTEv8//GTExv8.EUR.Ovary/ENSG00000120725.12.wgt.RDat	ENSG00000120725.12	5	139293556	139293557	0.0871	rs13178336	-4.09	rs10515505	0.04704	3.52	-1.23242	264	15	enet	-0.0029	0.44	-0.70319	0.482
Ovary	/media/kame/Data/_workings/resource/GTEv8//GTExv8.EUR.Ovary/ENSG00000170464.9.wgt.RDat	ENSG00000170464.9	5	139444490	139444491	0.2269	rs4912894	-6.44	rs11242465	0.18722	5.58	-0.8859	270	10	enet	0.13	9e-06	-0.77367	0.439
Ovary	/media/kame/Data/_workings/resource/GTEv8//GTExv8.EUR.Ovary/ENSG00000283602.1.wgt.RDat	ENSG00000283602.1	5	140594569	140594570	0.304	rs11558407	-7.91	rs12517200	0.26987	6.44	-0.04778	328	38	enet	0.24	5.5e-10	-0.22475	0.822
Ovary	/media/kame/Data/_workings/resource/GTEv8//GTExv8.EUR.Ovary/ENSG00000113119.12.wgt.RDat	ENSG00000113119.12	5	140639426	140639427	0.2485	rs11558407	-7.91	rs7721577	0.22061	5.82	-2.95043	343	13	enet	0.18	9e-08	-1.95914	0.0501
Ovary	/media/kame/Data/_workings/resource/GTEv8//GTExv8.EUR.Ovary/ENSG00000120322.3.wgt.RDat	ENSG00000120322.3	5	141177789	141177790	0.4373	rs4151701	4.56	rs2910326	0.19141	-5.24	-0.63965	442	5	enet	0.1	8.1e-05	0.93059	0.352
Ovary	/media/kame/Data/_workings/resource/GTEv8//GTExv8.EUR.Ovary/ENSG00000272674.3.wgt.RDat	ENSG00000272674.3	5	141181398	141181399	0.4501	rs4151701	4.56	rs1528587	0.37073	-7.52	-0.55314	442	12	enet	0.35	2.1e-14	0.25097	0.802
Ovary	/media/kame/Data/_workings/resource/GTEv8//GTExv8.EUR.Ovary/ENSG00000177839.6.wgt.RDat	ENSG00000177839.6	5	141187418	141187419	0.2215	rs4151701	4.56	rs2204704	0.14489	5.52	-1.17267	441	13	enet	0.15	1.8e-06	-0.38784	0.698
Ovary	/media/kame/Data/_workings/resource/GTEv8//GTExv8.EUR.Ovary/ENSG00000279375.1.wgt.RDat	ENSG00000279375.1	5	141191950	141191951	0.2962	rs4151701	4.56	rs2740584	0.06872	-5	-0.21394	439	27	enet	0.14	4.9e-06	-0.0952	0.924
Ovary	/media/kame/Data/_workings/resource/GTEv8//GTExv8.EUR.Ovary/ENSG00000120324.8.wgt.RDat	ENSG00000120324.8	5	141192352	141192353	0.2761	rs4151701	4.56	rs1528587	0.07466	-5.37	-0.55314	438	18	enet	0.15	1.2e-06	-0.70951	0.478
Ovary	/media/kame/Data/_workings/resource/GTEv8//GTExv8.EUR.Ovary/ENSG00000197479.6.wgt.RDat	ENSG00000197479.6	5	141199581	141199582	0.31	rs4151701	4.56	rs12654953	0.11854	5.35	0.31594	442	39	enet	0.19	4e-08	0.07281	0.942
Ovary	/media/kame/Data/_workings/resource/GTEv8//GTExv8.EUR.Ovary/ENSG00000146001.5.wgt.RDat	ENSG00000146001.5	5	141234332	141234333	0.177	rs4151701	4.56	rs246674	0.05585	-4.21	0.08509	464	16	enet	0.07	0.00099	-0.10363	0.917
Ovary	/media/kame/Data/_workings/resource/GTEv8//GTExv8.EUR.Ovary/ENSG00000271871.1.wgt.RDat	ENSG00000271871.1	5	141952418	141952419	0.2208	rs6888135	12.29	rs164086	0.19903	5.87	3.50564	527	17	enet	0.2	2.4e-08	3.03348	0.00242
Ovary	/media/kame/Data/_workings/resource/GTEv8//GTExv8.EUR.Ovary/ENSG00000133706.17.wgt.RDat	ENSG00000133706.17	5	146182659	146182660	0.2142	rs4305683	3.68	rs2063002	0.19542	5.44	1.88671	427	30	enet	0.17	2.3e-07	1.79934	0.072
Ovary	/media/kame/Data/_workings/resource/GTEv8//GTExv8.EUR.Ovary/ENSG00000164296.6.wgt.RDat	ENSG00000164296.6	5	150000319	150000320	0.2903	rs4705407	-6.49	rs2569075	-0.00576	-3.31	-3.18	563	20	enet	0.0026	0.25	3.50148	0.000463
Ovary	/media/kame/Data/_workings/resource/GTEv8//GTExv8.EUR.Ovary/ENSG00000113716.12.wgt.RDat	ENSG00000113716.12	5	150001167	150001168	0.386	rs4705407	-6.49	rs4705409	0.05887	-4.43	-3.38429	563	34	enet	0.025	0.034	1.63603	0.102
Ovary	/media/kame/Data/_workings/resource/GTEv8//GTExv8.EUR.Ovary/ENSG00000145908.12.wgt.RDat	ENSG00000145908.12	5	150904982	150904983	0.2393	rs10074582	-3.93	rs13360680	0.03965	-3.8	0.34657	529	52	enet	0.066	0.0014	0.00762	0.994
Ovary	/media/kame/Data/_workings/resource/GTEv8//GTExv8.EUR.Ovary/ENSG00000197083.11.wgt.RDat	ENSG00000197083.11	5	150946288	150946289	0.5727	rs10074582	-3.93	rs7724558	0.35951	8.13	0.32682	531	13	enet	0.5	2.5e-22	0.24591	0.806
Ovary	/media/kame/Data/_workings/resource/GTEv8//GTExv8.EUR.Ovary/ENSG00000123643.12.wgt.RDat	ENSG00000123643.12	5	151437045	151437046	0.6378	rs890832	-3.88	rs357629	0.24368	-6.56	-0.08814	630	27	enet	0.28	1.5e-11	-0.11255	0.91
Ovary	/media/kame/Data/_workings/resource/GTEv8//GTExv8.EUR.Ovary/ENSG00000086570.12.wgt.RDat	ENSG00000086570.12	5	151568943	151568944	0.5684	rs3864271	7.42	rs7723079	0.12376	4.89	-0.20766	592	75	enet	0.26	1e-10	-0.1792	0.858
Ovary	/media/kame/Data/_workings/resource/GTEv8//GTExv8.EUR.Ovary/ENSG00000260581.1.wgt.RDat	ENSG00000260581.1	5	151652274	151652275	0.4545	rs3864271	7.42	rs2288810	0.22042	5.63	0.6924	569	23	enet	0.23	2.1e-09	1.12004	0.263
Ovary	/media/kame/Data/_workings/resource/GTEv8//GTExv8.EUR.Ovary/ENSG00000213433.5.wgt.RDat	ENSG00000213433.5	5	151766377	151766378	0.4258	rs3864271	7.42	rs2915868	0.3487	-7.09	1.75455	557	31	enet	0.37	2.3e-15	-1.16967	0.242
Ovary	/media/kame/Data/_workings/resource/GTEv8//GTExv8.EUR.Ovary/ENSG00000275765.5.wgt.RDat	ENSG00000275765.5	5	151771507	151771508	0.2799	rs3864271	7.42	rs2915868	0.15225	-5.63	1.75455	555	51	enet	0.19	4.2e-08	-2.21696	0.0266
Ovary	/media/kame/Data/_workings/resource/GTEv8//GTExv8.EUR.Ovary/ENSG00000254226.5.wgt.RDat	ENSG00000254226.5	5	151949570	151949571	0.1438	rs3864271	7.42	rs2964584	0.03972	3.91	-0.32987	527	74	enet	0.0015	0.27	2.3902	0.0168
Ovary	/media/kame/Data/_workings/resource/GTEv8//GTExv8.EUR.Ovary/ENSG00000055147.18.wgt.RDat	ENSG00000055147.18	5	154038904	154038905	0.2358	rs11954986	-4.82	rs12521748	-0.00735	-3.53	-0.3132	549	38	enet	0.012	0.1	-1.22265	0.221
Ovary	/media/kame/Data/_workings/resource/GTEv8//GTExv8.EUR.Ovary/ENSG00000164574.15.wgt.RDat	ENSG00000164574.15	5	154190729	154190730	0.1579	rs11954986	-4.82	rs7737215	0.14929	4.64	2.89267	497	18	enet	0.078	0.00055	1.0426	0.297
Ovary	/media/kame/Data/_workings/resource/GTEv8//GTExv8.EUR.Ovary/ENSG00000135074.15.wgt.RDat	ENSG00000135074.15	5	157575774	157575775	0.155	rs13154298	7.49	rs11740603	0.02166	4.02	0.12357	528	38	enet	0.025	0.034	-0.45609	0.648
Ovary	/media/kame/Data/_workings/resource/GTEv8//GTExv8.EUR.Ovary/ENSG00000188573.7.wgt.RDat	ENSG00000188573.7	5	168529115	168529116	0.5232	rs2059090	5.31	rs6555817	0.23615	6.06	0.50736	607	47	enet	0.19	6.6e-08	0.97429	0.33
Ovary	/media/kame/Data/_workings/resource/GTEv8//GTExv8.EUR.Ovary/ENSG00000040275.16.wgt.RDat	ENSG00000040275.16	5	169583633	169583634	0.4807	rs3734099	-11.03	rs17071366	0.13275	-5.18	-0.48062	623	58	enet	0.099	1e-04	1.07262	0.283
Ovary	/media/kame/Data/_workings/resource/GTEv8//GTExv8.EUR.Ovary/ENSG00000113734.17.wgt.RDat	ENSG00000113734.17	5	173144577	173144578	0.3422	rs11746792	5.26	rs6867969	0.02077	3.51	0.21899	564	62	enet	0.088	0.00025	-0.31114	0.756
Ovary	/media/kame/Data/_workings/resource/GTEv8//GTExv8.EUR.Ovary/ENSG00000248469.1.wgt.RDat	ENSG00000248469.1	5	176062020	176062021	0.353	rs17572757	4.74	rs17078193	0.10601	-4.75	0.3712	312	23	enet	0.088	0.00024	-0.60168	0.547
Ovary	/media/kame/Data/_workings/resource/GTEv8//GTExv8.EUR.Ovary/ENSG00000251623.1.wgt.RDat	ENSG00000251623.1	5	176137156	176137157	0.359	rs2913896	4.17	rs17607568	0.28302	-6.44	-1.90248	319	15	enet	0.27	4.3e-11	0.46708	0.64
Ovary	/media/kame/Data/_workings/resource/GTEv8//GTExv8.EUR.Ovary/ENSG00000251667.1.wgt.RDat	ENSG00000251667.1	5	176308062	176308063	0.1444	rs2913896	4.17	rs1834906	0.03553	4.02	1.40357	329	14	enet	0.021	0.05	0.9887	0.323
Ovary	/media/kame/Data/_workings/resource/GTEv8//GTExv8.EUR.Ovary/ENSG00000087206.16.wgt.RDat	ENSG00000087206.16	5	177022601	177022602	0.214	rs11952102	-8.19	rs11738681	0.03878	-3.58	-0.0392	393	24	enet	0.025	0.035	-0.12013	0.904
Ovary	/media/kame/Data/_workings/resource/GTEv8//GTExv8.EUR.Ovary/ENSG00000213347.10.wgt.RDat	ENSG00000213347.10	5	177312756	177312757	0.1772	rs11952102	-8.19	rs4397143	0.06404	-4.34	-0.02571	310	39	enet	0.058	0.0027	-2.05473	0.0399
Ovary	/media/kame/Data/_workings/resource/GTEv8//GTExv8.EUR.Ovary/ENSG00000184840.11.wgt.RDat	ENSG00000184840.11	5	177592157	177592158	0.2466	rs11952102	-8.19	rs424727	0.14604	-4.69	-0.19505	241	24	enet	0.065	0.0015	0.87234	0.383
Ovary	/media/kame/Data/_workings/resource/GTEv8//GTExv8.EUR.Ovary/ENSG00000027847.13.wgt.RDat	ENSG00000027847.13	5	177600099	177600100	0.26	rs11952102	-8.19	rs4958980	0.00455	3.55	0.03383	239	28	enet	0.0036	0.22	-0.47967	0.631
Ovary	/media/kame/Data/_workings/resource/GTEv8//GTExv8.EUR.Ovary/ENSG00000246596.6.wgt.RDat	ENSG00000246596.6	5	177672208	177672209	0.2091	rs11952102	-8.19	rs189243	0.16737	5.11	-0.19967	242	19	enet	0.14	3.6e-06	0.56695	0.571
Ovary	/media/kame/Data/_workings/resource/GTEv8//GTExv8.EUR.Ovary/ENSG00000170074.19.wgt.RDat	ENSG00000170074.19	5	177783397	177783398	0.3155	rs11952102	-8.19	rs729459	0.22465	5.68	-0.21578	296	24	enet	0.2	2.6e-08	-0.13899	0.889
Ovary	/media/kame/Data/_workings/resource/GTEv8//GTExv8.EUR.Ovary/ENSG00000249684.5.wgt.RDat	ENSG00000249684.5	5	177951412	177951413	0.2971	rs335466	-4.59	rs6898048	0.01888	4.14	0.17869	343	12	enet	0.021	0.05	0.33772	0.736
Ovary	/media/kame/Data/_workings/resource/GTEv8//GTExv8.EUR.Ovary/ENSG00000204677.10.wgt.RDat	ENSG00000204677.10	5	178006404	178006405	0.2332	rs2672818	3.38	rs189243	0.15878	4.82	-0.19967	367	22	enet	0.12	2.1e-05	0.02913	0.977
Ovary	/media/kame/Data/_workings/resource/GTEv8//GTExv8.EUR.Ovary/ENSG00000225051.5.wgt.RDat	ENSG00000225051.5	5	179679265	179679266	0.2936	rs6895117	-4.71	rs7718486	0.00117	-3.49	0.32845	463	26	enet	0.0048	0.2	0.93855	0.348
Ovary	/media/kame/Data/_workings/resource/GTEv8//GTExv8.EUR.Ovary/ENSG00000161010.14.wgt.RDat	ENSG00000161010.14	5	179858886	179858887	0.1917	rs4282280	3.77	rs2241349	0.02897	-3.77	0.66046	432	22	enet	0.032	0.02	0.25872	0.796
Ovary	/media/kame/Data/_workings/resource/GTEv8//GTExv8.EUR.Ovary/ENSG00000113269.13.wgt.RDat	ENSG00000113269.13	5	180072117	180072118	0.2478	rs4282280	3.77	rs11739898	0.05324	-4.54	0.67267	408	23	enet	0.071	0.00094	-0.09633	0.923
Ovary	/media/kame/Data/_workings/resource/GTEv8//GTExv8.EUR.Ovary/ENSG00000248275.1.wgt.RDat	ENSG00000248275.1	5	181261211	181261212	0.5194	rs2619758	-11	rs1279912	0.43547	-7.83	-0.40624	185	9	enet	0.38	6.4e-16	0.5577	0.577
Ovary	/media/kame/Data/_workings/resource/GTEv8//GTExv8.EUR.Ovary/ENSG00000238035.8.wgt.RDat	ENSG00000238035.8	5	181306501	181306502	0.1669	rs2619758	-11	rs1279912	0.0071	3.77	-0.40624	169	16	enet	-0.0069	0.8	-0.59182	0.554
Ovary	/media/kame/Data/_workings/resource/GTEv8//GTExv8.EUR.Ovary/ENSG00000272463.1.wgt.RDat	ENSG00000272463.1	6	711404	711405	0.2254	rs2788213	5.11	rs2244443	0.24619	-5.92	2.667901	622	9	enet	0.23	1.1e-09	-2.329533	0.0198
Ovary	/media/kame/Data/_workings/resource/GTEv8//GTExv8.EUR.Ovary/ENSG00000218027.2.wgt.RDat	ENSG00000218027.2	6	1515288	1515289	0.3038	rs226443	3.91	rs2816291	0.03065	4.44	0.056602	717	19	enet	0.082	0.00039	-0.03755	0.97
Ovary	/media/kame/Data/_workings/resource/GTEv8//GTExv8.EUR.Ovary/ENSG00000272279.1.wgt.RDat	ENSG00000272279.1	6	1528910	1528911	0.6591	rs226443	3.91	rs4367416	0.2664	6.52	0.368763	703	30	enet	0.25	1.9e-10	-0.054352	0.957
Ovary	/media/kame/Data/_workings/resource/GTEv8//GTExv8.EUR.Ovary/ENSG00000145949.9.wgt.RDat	ENSG00000145949.9	6	2750965	2750966	0.3409	rs9328087	5.2	rs4959699	0.06001	-4.64	-0.590049	579	24	enet	0.17	4.3e-07	-0.222703	0.824
Ovary	/media/kame/Data/_workings/resource/GTEv8//GTExv8.EUR.Ovary/ENSG00000230438.6.wgt.RDat	ENSG00000230438.6	6	2881406	2881407	0.2836	rs318497	-4.68	rs318477	-0.00344	3.75	-0.002793	659	69	enet	0.22	2.6e-09	-0.697759	0.485
Ovary	/media/kame/Data/_workings/resource/GTEv8//GTExv8.EUR.Ovary/ENSG00000124588.19.wgt.RDat	ENSG00000124588.19	6	2993930	2993931	0.8886	rs318497	-4.68	rs4149360	0.44093	-7.87	-0.117188	673	45	enet	0.43	1.7e-18	-0.476519	0.634
Ovary	/media/kame/Data/_workings/resource/GTEv8//GTExv8.EUR.Ovary/ENSG00000272277.1.wgt.RDat	ENSG00000272277.1	6	3068893	3068894	0.2136	rs318497	-4.68	rs11242820	0.20482	5.66	1.150653	649	10	enet	0.17	2.8e-07	1.250382	0.211
Ovary	/media/kame/Data/_workings/resource/GTEv8//GTExv8.EUR.Ovary/ENSG00000180822.11.wgt.RDat	ENSG00000180822.11	6	3231402	3231403	0.2505	rs4342462	-8.88	rs1127485	0.09441	-4.61	-1.98146	604	21	enet	0.087	0.00027	1.412	0.158
Ovary	/media/kame/Data/_workings/resource/GTEv8//GTExv8.EUR.Ovary/ENSG00000185689.15.wgt.RDat	ENSG00000185689.15	6	4079221	4079222	0.3287	rs4342462	-8.88	rs649725	0.20431	-5.6	-1.579171	628	29	enet	0.18	8.6e-08	1.708858	0.0875
Ovary	/media/kame/Data/_workings/resource/GTEv8//GTExv8.EUR.Ovary/ENSG00000198721.12.wgt.RDat	ENSG00000198721.12	6	4135596	4135597	0.3405	rs11242954	-5.84	rs649725	0.15082	-5.61	-1.555912	634	41	enet	0.12	2.3e-05	1.244502	0.213
Ovary	/media/kame/Data/_workings/resource/GTEv8//GTExv8.EUR.Ovary/ENSG00000214113.10.wgt.RDat	ENSG00000214113.10	6	5260938	5260939	0.3498	rs797151	-7.56	rs200868	-0.00256	-3.5	0.436096	619	50	enet	-0.0055	0.61	0.657828	0.511
Ovary	/media/kame/Data/_workings/resource/GTEv8//GTExv8.EUR.Ovary/ENSG00000096696.13.wgt.RDat	ENSG00000096696.13	6	7541574	7541575	0.2211	rs9392903	-5.8	rs7749911	-0.00698	-3.68	-2.04603	578	32	enet	0.01	0.12	0.245632	0.806
Ovary	/media/kame/Data/_workings/resource/GTEv8//GTExv8.EUR.Ovary/ENSG00000230939.1.wgt.RDat	ENSG00000230939.1	6	8784177	8784178	0.3304	rs10484331	4.87	rs1335639	-0.00381	4.32	-0.647755	398	12	enet	0.075	0.00066	-0.03495	0.972
Ovary	/media/kame/Data/_workings/resource/GTEv8//GTExv8.EUR.Ovary/ENSG00000153157.12.wgt.RDat	ENSG00000153157.12	6	10886830	10886831	0.2796	rs9791189	-5.78	rs1225744	0.0528	4.3	-0.661789	470	19	enet	0.055	0.0034	-0.820188	0.412
Ovary	/media/kame/Data/_workings/resource/GTEv8//GTExv8.EUR.Ovary/ENSG00000215022.7.wgt.RDat	ENSG00000215022.7	6	13295585	13295586	0.2027	rs365178	-5.11	rs442614	0.03572	-4.22	-1.069032	521	26	enet	0.07	0.001	1.197978	0.231
Ovary	/media/kame/Data/_workings/resource/GTEv8//GTExv8.EUR.Ovary/ENSG00000010017.12.wgt.RDat	ENSG00000010017.12	6	13711563	13711564	0.2393	rs365178	-5.11	rs204236	-0.00712	3.95	-0.088688	529	31	enet	0.014	0.088	0.737104	0.461
Ovary	/media/kame/Data/_workings/resource/GTEv8//GTExv8.EUR.Ovary/ENSG00000112294.12.wgt.RDat	ENSG00000112294.12	6	24494851	24494852	0.2594	rs16888503	-4.28	rs760904	0.03589	3.78	-1.252674	594	3	enet	-0.0054	0.61	-1.239267	0.215
Ovary	/media/kame/Data/_workings/resource/GTEv8//GTExv8.EUR.Ovary/ENSG00000124678.17.wgt.RDat	ENSG00000124678.17	6	35148609	35148610	0.1503	rs7772251	7.95	rs6938946	0.07413	4.53	1.597365	398	13	enet	0.029	0.026	1.733078	0.0831
Ovary	/media/kame/Data/_workings/resource/GTEv8//GTExv8.EUR.Ovary/ENSG00000065029.14.wgt.RDat	ENSG00000065029.14	6	35258981	35258982	0.1456	rs7772251	7.95	rs2076169	0.01012	-3.5	0.037835	405	28	enet	0.03	0.024	-0.918085	0.359
Ovary	/media/kame/Data/_workings/resource/GTEv8//GTExv8.EUR.Ovary/ENSG00000112041.12.wgt.RDat	ENSG00000112041.12	6	35512937	35512938	0.1862	rs7772251	7.95	rs9470080	0.0745	4.66	-1.894694	404	9	enet	0.13	6.3e-06	-1.572971	0.116
Ovary	/media/kame/Data/_workings/resource/GTEv8//GTExv8.EUR.Ovary/ENSG00000156711.16.wgt.RDat	ENSG00000156711.16	6	36127808	36127809	0.3793	rs1475774	4.32	rs3752525	0.27043	6.15	0.47001	364	44	enet	0.16	7.3e-07	0.069825	0.944
Ovary	/media/kame/Data/_workings/resource/GTEv8//GTExv8.EUR.Ovary/ENSG00000246982.6.wgt.RDat	ENSG00000246982.6	6	36197204	36197205	0.3469	rs17656051	3.44	rs6906612	0.17039	5.27	1.331772	401	26	enet	0.071	9e-04	0.655113	0.512
Ovary	/media/kame/Data/_workings/resource/GTEv8//GTExv8.EUR.Ovary/ENSG00000198937.8.wgt.RDat	ENSG00000198937.8	6	37499921	37499922	0.268	rs6923013	-8.23	rs2776881	0.15154	-5.05	-1.334661	482	6	enet	0.095	0.00014	0.822384	0.411
Ovary	/media/kame/Data/_workings/resource/GTEv8//GTExv8.EUR.Ovary/ENSG00000164627.17.wgt.RDat	ENSG00000164627.17	6	39725404	39725405	0.4287	rs2475487	5.56	rs6933563	0.27483	6.42	2.462926	520	12	enet	0.26	6.6e-11	3.275953	0.00105
Ovary	/media/kame/Data/_workings/resource/GTEv8//GTExv8.EUR.Ovary/ENSG00000001167.14.wgt.RDat	ENSG00000001167.14	6	41072944	41072945	0.2554	rs6910730	-4.49	rs6926079	0.11899	4.48	0.044306	564	43	enet	0.079	0.00049	0.744787	0.456
Ovary	/media/kame/Data/_workings/resource/GTEv8//GTExv8.EUR.Ovary/ENSG00000124596.16.wgt.RDat	ENSG00000124596.16	6	41075697	41075698	0.1729	rs6910730	-4.49	rs2057000	0.10595	4.64	0.06834	562	14	enet	0.054	0.0035	0.314194	0.753
Ovary	/media/kame/Data/_workings/resource/GTEv8//GTExv8.EUR.Ovary/ENSG00000161912.17.wgt.RDat	ENSG00000161912.17	6	41101021	41101022	0.4254	rs6910730	-4.49	rs878998	0.31192	6.56	-0.000936	566	20	enet	0.31	6.6e-13	0.248348	0.804
Ovary	/media/kame/Data/_workings/resource/GTEv8//GTExv8.EUR.Ovary/ENSG00000112599.8.wgt.RDat	ENSG00000112599.8	6	42194915	42194916	0.2214	rs2281466	-4.28	rs7764278	0.06633	4.91	-0.324644	412	8	enet	0.033	0.019	-0.27902	0.78
Ovary	/media/kame/Data/_workings/resource/GTEv8//GTExv8.EUR.Ovary/ENSG00000048544.5.wgt.RDat	ENSG00000048544.5	6	42217864	42217865	0.515	rs2281466	-4.28	rs3749921	0.43826	-7.9	0.036321	414	9	enet	0.4	4.8e-17	0.066689	0.947
Ovary	/media/kame/Data/_workings/resource/GTEv8//GTExv8.EUR.Ovary/ENSG00000112619.7.wgt.RDat	ENSG00000112619.7	6	42722573	42722574	0.2305	rs3823423	5.79	rs12204274	0.08928	-4.14	-1.140338	364	4	enet	0.056	0.0029	0.117718	0.906
Ovary	/media/kame/Data/_workings/resource/GTEv8//GTExv8.EUR.Ovary/ENSG00000124713.5.wgt.RDat	ENSG00000124713.5	6	42960757	42960758	0.299	rs3823423	5.79	rs2395943	0.28916	6.36	-0.081283	365	8	enet	0.26	1.2e-10	0.038077	0.97
Ovary	/media/kame/Data/_workings/resource/GTEv8//GTExv8.EUR.Ovary/ENSG00000124587.13.wgt.RDat	ENSG00000124587.13	6	42979219	42979220	0.6316	rs3823423	5.79	rs9986447	0.44108	7.93	0.151041	365	15	enet	0.47	1e-20	-0.160065	0.873
Ovary	/media/kame/Data/_workings/resource/GTEv8//GTExv8.EUR.Ovary/ENSG00000112667.12.wgt.RDat	ENSG00000112667.12	6	43229483	43229484	0.4057	rs3823423	5.79	rs16896344	0.19835	-5.54	1.140989	357	18	enet	0.15	1.1e-06	-0.024834	0.98
Ovary	/media/kame/Data/_workings/resource/GTEv8//GTExv8.EUR.Ovary/ENSG00000153291.15.wgt.RDat	ENSG00000153291.15	6	46652914	46652915	0.2277	rs9381497	-5.21	rs2270450	0.20733	5.61	-0.26018	497	4	enet	0.15	1.9e-06	-0.206745	0.836
Ovary	/media/kame/Data/_workings/resource/GTEv8//GTExv8.EUR.Ovary/ENSG00000180113.15.wgt.RDat	ENSG00000180113.15	6	46687874	46687875	0.535	rs9381497	-5.21	rs2270450	0.43009	-7.72	-0.26018	505	19	enet	0.43	1.7e-18	0.348248	0.728
Ovary	/media/kame/Data/_workings/resource/GTEv8//GTExv8.EUR.Ovary/ENSG00000164393.8.wgt.RDat	ENSG00000164393.8	6	47656435	47656436	0.2391	rs10456568	-4.22	rs16876142	0.20746	-5.51	-0.510226	448	31	enet	0.21	7.8e-09	1.111943	0.266
Ovary	/media/kame/Data/_workings/resource/GTEv8//GTExv8.EUR.Ovary/ENSG00000031691.6.wgt.RDat	ENSG00000031691.6	6	49463377	49463378	0.3045	rs9473701	-3.35	rs9473547	0.05726	-4.66	0.267941	347	32	enet	0.048	0.0057	-0.522018	0.602
Ovary	/media/kame/Data/_workings/resource/GTEv8//GTExv8.EUR.Ovary/ENSG00000096093.15.wgt.RDat	ENSG00000096093.15	6	52362122	52362123	0.3053	rs2268740	5.63	rs764031	-0.00447	-3.69	0.902062	530	49	enet	0.021	0.049	0.255897	0.798
Ovary	/media/kame/Data/_workings/resource/GTEv8//GTExv8.EUR.Ovary/ENSG00000065308.4.wgt.RDat	ENSG00000065308.4	6	52576914	52576915	0.2461	rs2268740	5.63	rs4712009	0.03595	4.23	-0.753694	572	30	enet	0.08	0.00045	0.176305	0.86
Ovary	/media/kame/Data/_workings/resource/GTEv8//GTExv8.EUR.Ovary/ENSG00000170899.10.wgt.RDat	ENSG00000170899.10	6	52995377	52995378	0.2296	rs2268740	5.63	rs2817110	-0.00517	-3.51	-0.016649	529	48	enet	-0.0011	0.36	-0.065115	0.948
Ovary	/media/kame/Data/_workings/resource/GTEv8//GTExv8.EUR.Ovary/ENSG00000151917.17.wgt.RDat	ENSG00000151917.17	6	56955125	56955126	0.2668	rs3800018	-4.67	rs9382669	0.28616	-6.7	2.321696	279	12	enet	0.26	1.2e-10	-1.926904	0.054
Ovary	/media/kame/Data/_workings/resource/GTEv8//GTExv8.EUR.Ovary/ENSG00000168116.13.wgt.RDat	ENSG00000168116.13	6	57046531	57046532	0.2942	rs3800018	-4.67	rs12214882	0.05541	-4.04	-2.804867	249	37	enet	0.0029	0.24	1.416074	0.157
Ovary	/media/kame/Data/_workings/resource/GTEv8//GTExv8.EUR.Ovary/ENSG00000272541.1.wgt.RDat	ENSG00000272541.1	6	57856467	57856468	0.6483	rs12663198	2.43	rs2012049	0.65429	9.53	0.833416	89	16	enet	0.65	8.8e-33	0.757493	0.449
Ovary	/media/kame/Data/_workings/resource/GTEv8//GTExv8.EUR.Ovary/ENSG00000272316.1.wgt.RDat	ENSG00000272316.1	6	57913910	57913911	0.3237	rs12663198	2.43	rs6918757	0.28874	-6.52	0.950673	99	15	enet	0.26	1.5e-10	-0.461899	0.644
Ovary	/media/kame/Data/_workings/resource/GTEv8//GTExv8.EUR.Ovary/ENSG00000239650.4.wgt.RDat	ENSG00000239650.4	6	57930290	57930291	0.3077	rs12663198	2.43	rs6918757	0.19135	-5.52	0.950673	99	12	enet	0.16	5.8e-07	-0.348304	0.728
Ovary	/media/kame/Data/_workings/resource/GTEv8//GTExv8.EUR.Ovary/ENSG00000215190.9.wgt.RDat	ENSG00000215190.9	6	57961500	57961501	0.8195	rs12663198	2.43	rs6918757	0.68164	9.68	0.950673	100	17	enet	0.69	1.9e-36	0.525464	0.599
Ovary	/media/kame/Data/_workings/resource/GTEv8//GTExv8.EUR.Ovary/ENSG00000225096.1.wgt.RDat	ENSG00000225096.1	6	57965629	57965630	0.1203	rs12663198	2.43	rs1891828	0.14994	4.81	0.943041	100	9	enet	0.081	0.00043	0.674557	0.5
Ovary	/media/kame/Data/_workings/resource/GTEv8//GTExv8.EUR.Ovary/ENSG00000256980.4.wgt.RDat	ENSG00000256980.4	6	73225769	73225770	0.2842	rs583443	9.07	rs1891494	0.20523	5.55	0.056254	387	28	enet	0.19	5.4e-08	-0.485979	0.627
Ovary	/media/kame/Data/_workings/resource/GTEv8//GTExv8.EUR.Ovary/ENSG00000146243.13.wgt.RDat	ENSG00000146243.13	6	78867471	78867472	0.1338	rs7738508	-4.04	rs1044309	0.12325	4.61	1.100992	375	14	enet	0.074	0.00072	0.780261	0.435
Ovary	/media/kame/Data/_workings/resource/GTEv8//GTExv8.EUR.Ovary/ENSG00000083097.14.wgt.RDat	ENSG00000083097.14	6	83067665	83067666	0.2409	rs159040	5.85	rs12213255	0.19255	-5.74	1.488986	351	19	enet	0.17	3.3e-07	-1.333114	0.182
Ovary	/media/kame/Data/_workings/resource/GTEv8//GTExv8.EUR.Ovary/ENSG00000065833.8.wgt.RDat	ENSG00000065833.8	6	83431070	83431071	0.1293	rs3778203	-5.22	rs12190945	0.06224	4.4	-4.532511	318	14	enet	0.03	0.024	-3.855105	0.000116
Ovary	/media/kame/Data/_workings/resource/GTEv8//GTExv8.EUR.Ovary/ENSG00000135324.5.wgt.RDat	ENSG00000135324.5	6	84033755	84033756	0.4075	rs1883896	4.83	rs17729906	0.09103	5.15	0.008981	370	14	enet	0.044	0.0077	-0.000974	0.999
Ovary	/media/kame/Data/_workings/resource/GTEv8//GTExv8.EUR.Ovary/ENSG00000234155.1.wgt.RDat	ENSG00000234155.1	6	85390185	85390186	0.1599	rs10944063	6.15	rs4400191	0.23252	5.79	-0.039663	438	7	enet	0.15	1.7e-06	-0.012548	0.99
Ovary	/media/kame/Data/_workings/resource/GTEv8//GTExv8.EUR.Ovary/ENSG00000203875.10.wgt.RDat	ENSG00000203875.10	6	85678735	85678736	0.3503	rs17443200	3.74	rs1059307	0.40326	-7.48	-0.342685	325	25	enet	0.31	8.9e-13	0.599836	0.549
Ovary	/media/kame/Data/_workings/resource/GTEv8//GTExv8.EUR.Ovary/ENSG00000111850.10.wgt.RDat	ENSG00000111850.10	6	87322674	87322675	0.1727	rs1590429	6.7	rs9353482	0.06695	4.1	-0.321161	402	29	enet	0.055	0.0034	0.658577	0.51
Ovary	/media/kame/Data/_workings/resource/GTEv8//GTExv8.EUR.Ovary/ENSG00000203872.6.wgt.RDat	ENSG00000203872.6	6	87344848	87344849	0.1945	rs1590429	6.7	rs1145712	0.09482	4.62	2.479087	407	19	enet	0.084	0.00033	1.808548	0.0705
Ovary	/media/kame/Data/_workings/resource/GTEv8//GTExv8.EUR.Ovary/ENSG00000272514.5.wgt.RDat	ENSG00000272514.5	6	87407982	87407983	0.1609	rs1590429	6.7	rs6926547	0.06713	-3.89	1.726413	421	18	enet	0.041	0.01	-1.078221	0.281
Ovary	/media/kame/Data/_workings/resource/GTEv8//GTExv8.EUR.Ovary/ENSG00000083099.10.wgt.RDat	ENSG00000083099.10	6	89638752	89638753	0.4402	rs7760960	3.87	rs3818132	0.06802	-4.33	1.799457	487	31	enet	0.027	0.029	-0.65515	0.512
Ovary	/media/kame/Data/_workings/resource/GTEv8//GTExv8.EUR.Ovary/ENSG00000217653.1.wgt.RDat	ENSG00000217653.1	6	89814708	89814709	0.1775	rs7760960	3.87	rs292228	-0.00722	3.22	0.460444	426	3	enet	0.0016	0.27	0.450358	0.652
Ovary	/media/kame/Data/_workings/resource/GTEv8//GTExv8.EUR.Ovary/ENSG00000123545.5.wgt.RDat	ENSG00000123545.5	6	96897880	96897881	0.3213	rs1206149	-6.03	rs394490	0.04813	4.88	0.425069	405	35	enet	0.13	1.2e-05	0.966704	0.334
Ovary	/media/kame/Data/_workings/resource/GTEv8//GTExv8.EUR.Ovary/ENSG00000146267.11.wgt.RDat	ENSG00000146267.11	6	99350061	99350062	0.3127	rs2252933	6.82	rs17533909	0.13547	-5.33	0.261811	473	31	enet	0.12	2.8e-05	0.613834	0.539
Ovary	/media/kame/Data/_workings/resource/GTEv8//GTExv8.EUR.Ovary/ENSG00000228506.1.wgt.RDat	ENSG00000228506.1	6	99424921	99424922	0.4563	rs2252933	6.82	rs6923983	0.49566	8.31	-3.191829	470	8	enet	0.46	4.9e-20	-3.346526	0.000818
Ovary	/media/kame/Data/_workings/resource/GTEv8//GTExv8.EUR.Ovary/ENSG00000219755.1.wgt.RDat	ENSG00000219755.1	6	99575711	99575712	0.4049	rs4840096	-6.58	rs170710	0.43674	-8.15	-1.61023	441	38	enet	0.45	1.1e-19	1.712694	0.0868
Ovary	/media/kame/Data/_workings/resource/GTEv8//GTExv8.EUR.Ovary/ENSG00000279170.1.wgt.RDat	ENSG00000279170.1	6	99587610	99587611	0.1445	rs4840096	-6.58	rs170710	0.09395	-4.84	-1.61023	435	14	enet	0.055	0.0034	1.715117	0.0863
Ovary	/media/kame/Data/_workings/resource/GTEv8//GTExv8.EUR.Ovary/ENSG00000112249.13.wgt.RDat	ENSG00000112249.13	6	100881371	100881372	0.1335	rs3798514	7.68	rs9322294	0.05027	3.85	0.741104	285	16	enet	0.059	0.0023	-1.899815	0.0575
Ovary	/media/kame/Data/_workings/resource/GTEv8//GTExv8.EUR.Ovary/ENSG00000130348.11.wgt.RDat	ENSG00000130348.11	6	106629577	106629578	0.474	rs12199744	-3.09	rs2054365	0.31127	-6.94	-0.135192	502	26	enet	0.32	4.6e-13	0.116447	0.907
Ovary	/media/kame/Data/_workings/resource/GTEv8//GTExv8.EUR.Ovary/ENSG00000164494.11.wgt.RDat	ENSG00000164494.11	6	107459563	107459564	0.1977	rs7757683	3.94	rs2500561	0.07303	-4.22	-0.161371	427	4	enet	0.02	0.053	0.580627	0.561
Ovary	/media/kame/Data/_workings/resource/GTEv8//GTExv8.EUR.Ovary/ENSG00000271730.1.wgt.RDat	ENSG00000271730.1	6	108998481	108998482	0.1571	rs2274776	4.63	rs911475	-0.00692	3.2	-1.581095	412	35	enet	0.005	0.2	-1.587131	0.112
Ovary	/media/kame/Data/_workings/resource/GTEv8//GTExv8.EUR.Ovary/ENSG00000203799.12.wgt.RDat	ENSG00000203799.12	6	109165830	109165831	0.437	rs9386797	4.57	rs1113665	0.23987	6.33	0.188362	423	20	enet	0.18	9.7e-08	-0.009423	0.992
Ovary	/media/kame/Data/_workings/resource/GTEv8//GTExv8.EUR.Ovary/ENSG00000260273.1.wgt.RDat	ENSG00000260273.1	6	109382794	109382795	0.143	rs9386797	4.57	rs9487069	0.09258	4.56	2.755411	384	13	enet	0.031	0.021	2.567759	0.0102
Ovary	/media/kame/Data/_workings/resource/GTEv8//GTExv8.EUR.Ovary/ENSG00000173214.5.wgt.RDat	ENSG00000173214.5	6	111259347	111259348	0.2763	rs10499059	4.6	rs11153279	0.02614	4.14	-2.613572	384	31	enet	0.057	0.0027	-0.80184	0.423
Ovary	/media/kame/Data/_workings/resource/GTEv8//GTExv8.EUR.Ovary/ENSG00000271789.1.wgt.RDat	ENSG00000271789.1	6	111297125	111297126	0.1444	rs10499059	4.6	rs7776346	0.04933	4.22	-1.700174	395	7	enet	0.074	0.00074	-1.858428	0.0631
Ovary	/media/kame/Data/_workings/resource/GTEv8//GTExv8.EUR.Ovary/ENSG00000009413.15.wgt.RDat	ENSG00000009413.15	6	111483228	111483229	0.1574	rs10499059	4.6	rs12208141	0.03504	3.69	0.367132	424	15	enet	0.087	0.00026	0.895725	0.37
Ovary	/media/kame/Data/_workings/resource/GTEv8//GTExv8.EUR.Ovary/ENSG00000255389.1.wgt.RDat	ENSG00000255389.1	6	111599874	111599875	0.615	rs1794821	4.01	rs7766190	0.1029	5.16	0.456745	435	38	enet	0.35	1.3e-14	0.173688	0.862
Ovary	/media/kame/Data/_workings/resource/GTEv8//GTExv8.EUR.Ovary/ENSG00000056972.18.wgt.RDat	ENSG00000056972.18	6	111606277	111606278	0.1628	rs1794821	4.01	rs1883136	0.06105	-4.26	0.34587	435	10	enet	0.012	0.11	-0.65941	0.51
Ovary	/media/kame/Data/_workings/resource/GTEv8//GTExv8.EUR.Ovary/ENSG00000203778.7.wgt.RDat	ENSG00000203778.7	6	112087598	112087599	0.3163	rs1276588	-6.51	rs6916947	0.02285	4.04	0.097004	497	48	enet	0.047	0.006	0.160172	0.873
Ovary	/media/kame/Data/_workings/resource/GTEv8//GTExv8.EUR.Ovary/ENSG00000237021.2.wgt.RDat	ENSG00000237021.2	6	116254295	116254296	0.2281	rs1204850	9.11	rs11752488	0.16326	5.22	-0.296102	369	11	enet	0.15	1.1e-06	-0.187923	0.851
Ovary	/media/kame/Data/_workings/resource/GTEv8//GTExv8.EUR.Ovary/ENSG00000217330.1.wgt.RDat	ENSG00000217330.1	6	118589069	118589070	0.1125	rs6900050	6.08	rs9401073	0.02011	-3.77	0.974195	366	48	enet	0.0062	0.18	-1.725474	0.0844
Ovary	/media/kame/Data/_workings/resource/GTEv8//GTExv8.EUR.Ovary/ENSG00000111879.18.wgt.RDat	ENSG00000111879.18	6	119149386	119149387	0.3514	rs1392089	5.31	rs4945630	0.20527	-5.95	-0.065972	416	29	enet	0.24	6.9e-10	-0.497724	0.619
Ovary	/media/kame/Data/_workings/resource/GTEv8//GTExv8.EUR.Ovary/ENSG00000279453.1.wgt.RDat	ENSG00000279453.1	6	122439222	122439223	0.1579	rs9388103	4.75	rs155458	0.08339	4.53	-0.047104	432	16	enet	0.055	0.0034	0.192875	0.847
Ovary	/media/kame/Data/_workings/resource/GTEv8//GTExv8.EUR.Ovary/ENSG00000111906.17.wgt.RDat	ENSG00000111906.17	6	125302077	125302078	0.2852	rs4355630	-4.38	rs1040803	0.05088	-4.35	-0.40629	420	13	enet	0.025	0.036	0.265629	0.791
Ovary	/media/kame/Data/_workings/resource/GTEv8//GTExv8.EUR.Ovary/ENSG00000135547.8.wgt.RDat	ENSG00000135547.8	6	125747663	125747664	0.1576	rs9375421	5.35	rs9491471	0.18249	5.6	-0.015149	330	27	enet	0.16	9.2e-07	0.213011	0.831
Ovary	/media/kame/Data/_workings/resource/GTEv8//GTExv8.EUR.Ovary/ENSG00000237742.6.wgt.RDat	ENSG00000237742.6	6	125749189	125749190	0.172	rs9375421	5.35	rs3799712	0.15769	5.44	-0.426501	327	10	enet	0.2	2.7e-08	-0.254213	0.799
Ovary	/media/kame/Data/_workings/resource/GTEv8//GTExv8.EUR.Ovary/ENSG00000198945.7.wgt.RDat	ENSG00000198945.7	6	130013698	130013699	0.2373	rs9375683	8.34	rs6569648	0.06026	4.34	-6.298733	561	21	enet	0.012	0.11	-5.058423	4.23e-07
Ovary	/media/kame/Data/_workings/resource/GTEv8//GTExv8.EUR.Ovary/ENSG00000256162.2.wgt.RDat	ENSG00000256162.2	6	130827405	130827406	0.1676	rs2326972	-5.12	rs6908154	0.1132	5.06	2.000742	465	8	enet	0.072	0.00089	0.55669	0.578
Ovary	/media/kame/Data/_workings/resource/GTEv8//GTExv8.EUR.Ovary/ENSG00000118507.15.wgt.RDat	ENSG00000118507.15	6	131135665	131135666	0.1835	rs11759748	-5.16	rs3777478	0.1386	-4.79	0.650558	414	11	enet	0.034	0.017	-0.7365	0.461
Ovary	/media/kame/Data/_workings/resource/GTEv8//GTExv8.EUR.Ovary/ENSG00000112299.7.wgt.RDat	ENSG00000112299.7	6	132714048	132714049	0.1913	rs4895936	-5.24	rs4897612	0.09458	4.54	-0.189302	515	13	enet	0.011	0.11	0.023786	0.981
Ovary	/media/kame/Data/_workings/resource/GTEv8//GTExv8.EUR.Ovary/ENSG00000112306.7.wgt.RDat	ENSG00000112306.7	6	132814440	132814441	0.2063	rs4895936	-5.24	rs531156	0.05741	4	-0.086546	543	20	enet	0.067	0.0013	-0.212207	0.832
Ovary	/media/kame/Data/_workings/resource/GTEv8//GTExv8.EUR.Ovary/ENSG00000223542.1.wgt.RDat	ENSG00000223542.1	6	133439463	133439464	0.5032	rs4273707	-3.35	rs12110683	0.33712	-6.85	0.879552	419	24	enet	0.28	2.1e-11	-0.669419	0.503
Ovary	/media/kame/Data/_workings/resource/GTEv8//GTExv8.EUR.Ovary/ENSG00000234567.1.wgt.RDat	ENSG00000234567.1	6	133456554	133456555	0.4966	rs4273707	-3.35	rs12110683	0.2514	-6.19	0.879552	417	20	enet	0.22	4.7e-09	-0.6588	0.51
Ovary	/media/kame/Data/_workings/resource/GTEv8//GTExv8.EUR.Ovary/ENSG00000227954.6.wgt.RDat	ENSG00000227954.6	6	133891711	133891712	0.6533	rs6921560	5.6	rs12110683	0.49994	-8.38	0.879552	427	32	enet	0.48	1.9e-21	-0.878495	0.38
Ovary	/media/kame/Data/_workings/resource/GTEv8//GTExv8.EUR.Ovary/ENSG00000118514.13.wgt.RDat	ENSG00000118514.13	6	134950121	134950122	0.3769	rs17063789	-4.36	rs4475342	0.34552	-7.44	-1.058348	391	25	enet	0.37	1.5e-15	1.008889	0.313
Ovary	/media/kame/Data/_workings/resource/GTEv8//GTExv8.EUR.Ovary/ENSG00000232876.1.wgt.RDat	ENSG00000232876.1	6	135055032	135055033	0.2236	rs9389295	-3.9	rs9399129	0.29967	-6.63	-0.994061	358	20	enet	0.28	2.1e-11	1.087005	0.277
Ovary	/media/kame/Data/_workings/resource/GTEv8//GTExv8.EUR.Ovary/ENSG00000234084.1.wgt.RDat	ENSG00000234084.1	6	135301567	135301568	0.3803	rs7769840	-4.96	rs2207000	0.15128	-6.06	2.610931	331	19	enet	0.24	5.2e-10	-0.254778	0.799
Ovary	/media/kame/Data/_workings/resource/GTEv8//GTExv8.EUR.Ovary/ENSG00000135541.20.wgt.RDat	ENSG00000135541.20	6	135497775	135497776	0.3793	rs7769840	-4.96	rs2207000	0.2495	-6.06	2.610931	356	15	enet	0.19	6.3e-08	-2.098855	0.0358
Ovary	/media/kame/Data/_workings/resource/GTEv8//GTExv8.EUR.Ovary/ENSG00000231028.8.wgt.RDat	ENSG00000231028.8	6	135497800	135497801	0.1904	rs7769840	-4.96	rs2143681	0.06867	-4.23	-4.446934	356	27	enet	0.085	0.00031	3.209572	0.00133
Ovary	/media/kame/Data/_workings/resource/GTEv8//GTExv8.EUR.Ovary/ENSG00000112357.12.wgt.RDat	ENSG00000112357.12	6	136822563	136822564	0.2563	rs10484797	3.82	rs7764028	0.13361	5.04	0.287016	382	15	enet	0.19	4.2e-08	-0.094728	0.925
Ovary	/media/kame/Data/_workings/resource/GTEv8//GTExv8.EUR.Ovary/ENSG00000225177.5.wgt.RDat	ENSG00000225177.5	6	138692571	138692572	0.2274	rs2473500	-3.73	rs6570262	0.13879	-4.77	-0.723617	443	4	enet	0.08	0.00045	0.254129	0.799
Ovary	/media/kame/Data/_workings/resource/GTEv8//GTExv8.EUR.Ovary/ENSG00000189007.15.wgt.RDat	ENSG00000189007.15	6	143450672	143450673	0.232	rs3088203	5.29	rs2496589	0.04486	4.29	0.349611	512	26	enet	0.043	0.0086	-0.298344	0.765
Ovary	/media/kame/Data/_workings/resource/GTEv8//GTExv8.EUR.Ovary/ENSG00000118495.18.wgt.RDat	ENSG00000118495.18	6	144064598	144064599	0.2129	rs17073267	-5.04	rs74671	0.00142	-3.86	0.310043	426	25	enet	-0.0068	0.78	-1.534252	0.125
Ovary	/media/kame/Data/_workings/resource/GTEv8//GTExv8.EUR.Ovary/ENSG00000112425.14.wgt.RDat	ENSG00000112425.14	6	145735568	145735569	0.1899	rs552965	2.58	rs430561	0.05578	4.38	0.023891	300	9	enet	0.018	0.063	-0.109257	0.913
Ovary	/media/kame/Data/_workings/resource/GTEv8//GTExv8.EUR.Ovary/ENSG00000270638.1.wgt.RDat	ENSG00000270638.1	6	145735855	145735856	0.0999	rs552965	2.58	rs12197582	0.01786	3.75	-0.946639	300	14	enet	0.025	0.035	-1.344063	0.179
Ovary	/media/kame/Data/_workings/resource/GTEv8//GTExv8.EUR.Ovary/ENSG00000235652.7.wgt.RDat	ENSG00000235652.7	6	145809777	145809778	0.2769	rs1555084	2.4	rs702322	0.28435	6.52	-0.045911	267	39	enet	0.25	1.8e-10	0.011133	0.991
Ovary	/media/kame/Data/_workings/resource/GTEv8//GTExv8.EUR.Ovary/ENSG00000120253.13.wgt.RDat	ENSG00000120253.13	6	149749441	149749442	0.1647	rs9479658	-6.7	rs9322188	0.05938	4.68	-1.040884	453	23	enet	0.053	0.004	-0.031062	0.975
Ovary	/media/kame/Data/_workings/resource/GTEv8//GTExv8.EUR.Ovary/ENSG00000231760.4.wgt.RDat	ENSG00000231760.4	6	149799149	149799150	0.5261	rs9479658	-6.7	rs10872656	0.49116	8.27	-0.150642	465	41	enet	0.49	1e-21	0.319981	0.749
Ovary	/media/kame/Data/_workings/resource/GTEv8//GTExv8.EUR.Ovary/ENSG00000112031.15.wgt.RDat	ENSG00000112031.15	6	153002684	153002685	0.6931	rs1007783	-4.27	rs766127	0.58709	9.22	-0.032641	538	23	enet	0.57	5.1e-27	0.178846	0.858
Ovary	/media/kame/Data/_workings/resource/GTEv8//GTExv8.EUR.Ovary/ENSG00000235381.1.wgt.RDat	ENSG00000235381.1	6	155256458	155256459	0.3423	rs9397831	4.63	rs6907595	0.19194	5.29	-1.436516	498	22	enet	0.12	2.2e-05	-0.931102	0.352
Ovary	/media/kame/Data/_workings/resource/GTEv8//GTExv8.EUR.Ovary/ENSG00000112110.9.wgt.RDat	ENSG00000112110.9	6	159789811	159789812	0.2614	rs1867350	-6.48	rs9347340	0.16617	5.73	-0.216547	559	21	enet	0.17	3e-07	0.016773	0.987
Ovary	/media/kame/Data/_workings/resource/GTEv8//GTExv8.EUR.Ovary/ENSG00000146453.12.wgt.RDat	ENSG00000146453.12	6	159800248	159800249	0.2788	rs1867350	-6.48	rs6910976	0.12347	5.05	-0.021029	559	27	enet	0.11	4.4e-05	-0.090906	0.928
Ovary	/media/kame/Data/_workings/resource/GTEv8//GTExv8.EUR.Ovary/ENSG00000146477.5.wgt.RDat	ENSG00000146477.5	6	160348267	160348268	0.2207	rs1867350	-6.48	rs9364554	0.25458	6.19	-0.701238	540	9	enet	0.24	6.3e-10	-0.548027	0.584
Ovary	/media/kame/Data/_workings/resource/GTEv8//GTExv8.EUR.Ovary/ENSG00000112530.11.wgt.RDat	ENSG00000112530.11	6	162727131	162727132	0.3297	rs977024	5.15	rs13202339	0.25983	6.14	0.063916	528	17	enet	0.21	6.6e-09	0.227505	0.82
Ovary	/media/kame/Data/_workings/resource/GTEv8//GTExv8.EUR.Ovary/ENSG00000224999.1.wgt.RDat	ENSG00000224999.1	6	169297958	169297959	0.1288	rs3800550	5.02	rs9505962	0.10495	-4.49	-1.743666	615	8	enet	0.068	0.0012	1.36956	0.171
Ovary	/media/kame/Data/_workings/resource/GTEv8//GTExv8.EUR.Ovary/ENSG00000184465.15.wgt.RDat	ENSG00000184465.15	6	169702047	169702048	0.1787	rs3800550	5.02	rs6459659	0.03147	-4.68	-0.58485	445	14	enet	0.061	0.002	0.250791	0.802
Ovary	/media/kame/Data/_workings/resource/GTEv8//GTExv8.EUR.Ovary/ENSG00000130023.15.wgt.RDat	ENSG00000130023.15	6	169751621	169751622	0.3057	rs3800550	5.02	rs4236176	0.22014	5.96	-0.08535	431	15	enet	0.21	8.8e-09	-0.712342	0.476
Ovary	/media/kame/Data/_workings/resource/GTEv8//GTExv8.EUR.Ovary/ENSG00000236173.1.wgt.RDat	ENSG00000236173.1	6	169810101	169810102	0.3125	rs3800550	5.02	rs7753759	0.06009	-5.08	-1.474255	438	13	enet	0.1	8.1e-05	0.482938	0.629
Ovary	/media/kame/Data/_workings/resource/GTEv8//GTExv8.EUR.Ovary/ENSG00000261003.1.wgt.RDat	ENSG00000261003.1	6	170414138	170414139	0.3172	rs4710807	4.95	rs9459998	0.15405	4.95	-0.293829	289	22	enet	0.15	1.3e-06	-0.655357	0.512
Ovary	/media/kame/Data/_workings/resource/GTEv8//GTExv8.EUR.Ovary/ENSG00000073067.13.wgt.RDat	ENSG00000073067.13	7	983198	983199	0.4843	rs1106296	6.07	rs4723327	0.285	-6.44	-0.869426	353	13	enet	0.32	2.5e-13	0.46903	0.639
Ovary	/media/kame/Data/_workings/resource/GTEv8//GTExv8.EUR.Ovary/ENSG00000229043.2.wgt.RDat	ENSG00000229043.2	7	1160484	1160485	0.599	rs1106296	6.07	rs4075937	0.459	8.25	0.088093	395	17	enet	0.43	8.8e-19	0.05393	0.957
Ovary	/media/kame/Data/_workings/resource/GTEv8//GTExv8.EUR.Ovary/ENSG00000178381.11.wgt.RDat	ENSG00000178381.11	7	1160758	1160759	0.2227	rs1106296	6.07	rs4075937	0.0986	4.94	0.088093	396	16	enet	0.11	3.2e-05	-0.13708	0.891
Ovary	/media/kame/Data/_workings/resource/GTEv8//GTExv8.EUR.Ovary/ENSG00000164880.15.wgt.RDat	ENSG00000164880.15	7	1504366	1504367	0.4989	rs11773627	12.98	rs10807961	0.334	-7.05	-1.425211	371	27	enet	0.26	1.2e-10	1.47077	0.141
Ovary	/media/kame/Data/_workings/resource/GTEv8//GTExv8.EUR.Ovary/ENSG00000231476.1.wgt.RDat	ENSG00000231476.1	7	1620653	1620654	0.3038	rs11773627	12.98	rs10429121	0.224	-6.05	0.081491	343	8	enet	0.2	2.8e-08	0.39328	0.694
Ovary	/media/kame/Data/_workings/resource/GTEv8//GTExv8.EUR.Ovary/ENSG00000122687.17.wgt.RDat	ENSG00000122687.17	7	2242197	2242198	0.1799	rs11773627	12.98	rs7787274	0.07	4.74	5.929074	410	12	enet	0.032	0.02	3.82575	0.00013
Ovary	/media/kame/Data/_workings/resource/GTEv8//GTExv8.EUR.Ovary/ENSG00000106263.17.wgt.RDat	ENSG00000106263.17	7	2354085	2354086	0.2328	rs11773627	12.98	rs10232413	0.0122	-3.48	-0.02666	405	24	enet	-0.0013	0.37	1.05876	0.29
Ovary	/media/kame/Data/_workings/resource/GTEv8//GTExv8.EUR.Ovary/ENSG00000198286.9.wgt.RDat	ENSG00000198286.9	7	3043944	3043945	0.5061	rs12535865	-9.79	rs4534049	0.236	-5.89	0.131811	597	13	enet	0.23	1.3e-09	0.47611	0.634
Ovary	/media/kame/Data/_workings/resource/GTEv8//GTExv8.EUR.Ovary/ENSG00000217455.8.wgt.RDat	ENSG00000217455.8	7	3174653	3174654	0.7048	rs12535865	-9.79	rs4534049	0.181	-6.58	0.131811	589	29	enet	0.38	5.6e-16	0.59873	0.549
Ovary	/media/kame/Data/_workings/resource/GTEv8//GTExv8.EUR.Ovary/ENSG00000146555.18.wgt.RDat	ENSG00000146555.18	7	3301447	3301448	0.3191	rs12535865	-9.79	rs10270339	0.0875	-5.18	0.73933	568	13	enet	0.13	5.9e-06	-0.24694	0.805
Ovary	/media/kame/Data/_workings/resource/GTEv8//GTExv8.EUR.Ovary/ENSG00000283991.1.wgt.RDat	ENSG00000283991.1	7	4134836	4134837	0.3315	rs12701284	10.58	rs4236342	0.187	-5.64	2.389961	552	13	enet	0.16	5.3e-07	-2.30285	0.0213
Ovary	/media/kame/Data/_workings/resource/GTEv8//GTExv8.EUR.Ovary/ENSG00000196204.11.wgt.RDat	ENSG00000196204.11	7	4973987	4973988	0.5112	rs4720629	-7.16	rs12671224	0.2	-5.58	0.362349	350	22	enet	0.1	6.3e-05	-1.00387	0.315
Ovary	/media/kame/Data/_workings/resource/GTEv8//GTExv8.EUR.Ovary/ENSG00000011275.18.wgt.RDat	ENSG00000011275.18	7	5781738	5781739	0.2224	rs4720629	-7.16	rs3801009	0.0841	4.03	0.199827	338	11	enet	0.047	0.0061	-0.02535	0.98
Ovary	/media/kame/Data/_workings/resource/GTEv8//GTExv8.EUR.Ovary/ENSG00000122512.14.wgt.RDat	ENSG00000122512.14	7	6009124	6009125	0.3974	rs10255662	-5.84	rs2286680	0.249	-6.14	-0.415206	342	30	enet	0.27	5.7e-11	0.35444	0.723
Ovary	/media/kame/Data/_workings/resource/GTEv8//GTExv8.EUR.Ovary/ENSG00000157999.5.wgt.RDat	ENSG00000157999.5	7	6031375	6031376	0.2426	rs10255662	-5.84	rs852376	0.00758	3.46	-0.707579	336	27	enet	0.063	0.0018	-1.3654	0.172
Ovary	/media/kame/Data/_workings/resource/GTEv8//GTExv8.EUR.Ovary/ENSG00000164535.14.wgt.RDat	ENSG00000164535.14	7	6448011	6448012	0.3334	rs10255662	-5.84	rs3828944	0.314	6.84	-0.42214	302	6	enet	0.3	3e-12	-0.28545	0.775
Ovary	/media/kame/Data/_workings/resource/GTEv8//GTExv8.EUR.Ovary/ENSG00000187953.10.wgt.RDat	ENSG00000187953.10	7	6710127	6710128	0.3798	rs10255662	-5.84	rs9639027	0.214	-5.57	0.58666	315	10	enet	0.17	2.9e-07	0.00236	0.998
Ovary	/media/kame/Data/_workings/resource/GTEv8//GTExv8.EUR.Ovary/ENSG00000146574.15.wgt.RDat	ENSG00000146574.15	7	6826769	6826770	0.3852	rs7780273	4.1	rs10242703	0.35	-7.05	-0.380384	400	10	enet	0.34	4.3e-14	-0.10131	0.919
Ovary	/media/kame/Data/_workings/resource/GTEv8//GTExv8.EUR.Ovary/ENSG00000106392.10.wgt.RDat	ENSG00000106392.10	7	7156933	7156934	0.496	rs7780273	4.1	rs13226913	0.231	6.67	2.718991	465	16	enet	0.34	5.1e-14	1.67491	0.094
Ovary	/media/kame/Data/_workings/resource/GTEv8//GTExv8.EUR.Ovary/ENSG00000272732.1.wgt.RDat	ENSG00000272732.1	7	7552439	7552440	0.3313	rs6463731	-4.4	rs6977800	0.0922	-4.86	0.260676	711	28	enet	0.17	2.7e-07	-0.50741	0.612
Ovary	/media/kame/Data/_workings/resource/GTEv8//GTExv8.EUR.Ovary/ENSG00000234141.1.wgt.RDat	ENSG00000234141.1	7	7950708	7950709	0.3325	rs6463808	-7.4	rs7806407	-0.00291	-3.86	0.126738	703	32	enet	0.022	0.045	-0.47568	0.634
Ovary	/media/kame/Data/_workings/resource/GTEv8//GTExv8.EUR.Ovary/ENSG00000106415.12.wgt.RDat	ENSG00000106415.12	7	7968793	7968794	0.3403	rs6463808	-7.4	rs2348768	-0.0037	-3.39	-0.524263	708	60	enet	0.021	0.049	-1.46255	0.144
Ovary	/media/kame/Data/_workings/resource/GTEv8//GTExv8.EUR.Ovary/ENSG00000005108.15.wgt.RDat	ENSG00000005108.15	7	11832197	11832198	0.5502	rs10486137	5.3	rs12699309	0.395	7.45	-0.730819	680	30	enet	0.38	6.8e-16	-1.04821	0.295
Ovary	/media/kame/Data/_workings/resource/GTEv8//GTExv8.EUR.Ovary/ENSG00000146530.11.wgt.RDat	ENSG00000146530.11	7	12403940	12403941	0.1502	rs1100135	-5.64	rs6968600	0.0658	-4.22	0.198814	612	13	enet	0.07	0.00099	-0.63185	0.527
Ovary	/media/kame/Data/_workings/resource/GTEv8//GTExv8.EUR.Ovary/ENSG00000272537.1.wgt.RDat	ENSG00000272537.1	7	16471183	16471184	0.1579	rs11770436	5.94	rs10464287	0.137	-5.04	0.002197	609	5	enet	0.08	0.00047	0.14079	0.888
Ovary	/media/kame/Data/_workings/resource/GTEv8//GTExv8.EUR.Ovary/ENSG00000071189.21.wgt.RDat	ENSG00000071189.21	7	17940500	17940501	0.3159	rs780085	-7.68	rs2537590	-0.00662	3.51	1.149532	511	31	enet	0.022	0.044	0.44314	0.658
Ovary	/media/kame/Data/_workings/resource/GTEv8//GTExv8.EUR.Ovary/ENSG00000105849.5.wgt.RDat	ENSG00000105849.5	7	19709086	19709087	0.1716	rs10278688	5.04	rs2072185	0.0906	4.85	1.26471	527	12	enet	0.0093	0.13	1.38861	0.165
Ovary	/media/kame/Data/_workings/resource/GTEv8//GTExv8.EUR.Ovary/ENSG00000105866.13.wgt.RDat	ENSG00000105866.13	7	21428033	21428034	0.2957	rs6947026	7.27	rs10276352	-2.76e-05	4.21	1.71311	675	28	enet	0.051	0.0045	4.1353	3.54e-05
Ovary	/media/kame/Data/_workings/resource/GTEv8//GTExv8.EUR.Ovary/ENSG00000105877.17.wgt.RDat	ENSG00000105877.17	7	21543214	21543215	0.4476	rs6947026	7.27	rs10258022	0.12	-4.78	-4.765257	702	22	enet	0.04	0.01	-2.19697	0.028
Ovary	/media/kame/Data/_workings/resource/GTEv8//GTExv8.EUR.Ovary/ENSG00000196683.10.wgt.RDat	ENSG00000196683.10	7	22822851	22822852	0.2721	rs11770879	6.99	rs4722189	0.251	-6.02	3.731876	500	12	enet	0.19	6e-08	-3.6318	0.000281
Ovary	/media/kame/Data/_workings/resource/GTEv8//GTExv8.EUR.Ovary/ENSG00000230658.1.wgt.RDat	ENSG00000230658.1	7	23105702	23105703	0.6041	rs11770879	6.99	rs10256524	0.567	9.12	1.623744	431	24	enet	0.56	4.5e-26	1.44415	0.149
Ovary	/media/kame/Data/_workings/resource/GTEv8//GTExv8.EUR.Ovary/ENSG00000122550.17.wgt.RDat	ENSG00000122550.17	7	23105757	23105758	0.1789	rs11770879	6.99	rs10256996	0.127	4.42	-0.006137	431	2	enet	0.1	6.5e-05	0.02719	0.978
Ovary	/media/kame/Data/_workings/resource/GTEv8//GTExv8.EUR.Ovary/ENSG00000136243.16.wgt.RDat	ENSG00000136243.16	7	23181826	23181827	0.2774	rs11770879	6.99	rs7808488	0.228	-5.96	0.694674	429	21	enet	0.16	4.6e-07	-0.7237	0.469
Ovary	/media/kame/Data/_workings/resource/GTEv8//GTExv8.EUR.Ovary/ENSG00000226816.2.wgt.RDat	ENSG00000226816.2	7	23206012	23206013	0.1014	rs11770879	6.99	rs7808488	0.115	4.79	0.694674	433	4	enet	0.075	0.00069	1.26113	0.207
Ovary	/media/kame/Data/_workings/resource/GTEv8//GTExv8.EUR.Ovary/ENSG00000105928.13.wgt.RDat	ENSG00000105928.13	7	24758112	24758113	0.2886	rs17327167	6.61	rs754555	0.101	-5.19	4.158523	613	13	enet	0.056	0.0029	-2.96756	0.003
Ovary	/media/kame/Data/_workings/resource/GTEv8//GTExv8.EUR.Ovary/ENSG00000235574.1.wgt.RDat	ENSG00000235574.1	7	27492764	27492765	0.2921	rs16874272	4.52	rs735664	0.0655	-4.22	-0.946275	454	66	enet	0.081	0.00043	0.10354	0.918
Ovary	/media/kame/Data/_workings/resource/GTEv8//GTExv8.EUR.Ovary/ENSG00000234336.6.wgt.RDat	ENSG00000234336.6	7	28180321	28180322	0.2481	rs887620	3.71	rs13233942	0.0734	-4.16	0.323249	555	8	enet	-0.0036	0.48	0.70019	0.484
Ovary	/media/kame/Data/_workings/resource/GTEv8//GTExv8.EUR.Ovary/ENSG00000272568.5.wgt.RDat	ENSG00000272568.5	7	28979966	28979967	0.3092	rs10241267	5.47	rs13227954	0.0718	-4.11	-0.527642	705	24	enet	0.0047	0.2	0.65092	0.515
Ovary	/media/kame/Data/_workings/resource/GTEv8//GTExv8.EUR.Ovary/ENSG00000106069.21.wgt.RDat	ENSG00000106069.21	7	29122273	29122274	0.3986	rs10241267	5.47	rs10228072	0.157	-5.44	-0.313218	723	52	enet	0.12	2.8e-05	-0.80912	0.418
Ovary	/media/kame/Data/_workings/resource/GTEv8//GTExv8.EUR.Ovary/ENSG00000223813.2.wgt.RDat	ENSG00000223813.2	7	29563669	29563670	0.5141	rs10241267	5.47	rs17754241	0.143	5.75	-0.616037	628	62	enet	0.28	2.3e-11	0.38955	0.697
Ovary	/media/kame/Data/_workings/resource/GTEv8//GTExv8.EUR.Ovary/ENSG00000106086.18.wgt.RDat	ENSG00000106086.18	7	30027403	30027404	0.1871	rs2058640	-5.4	rs10488085	-0.00735	3.79	-2.713342	414	33	enet	0.024	0.039	-2.66807	0.00763
Ovary	/media/kame/Data/_workings/resource/GTEv8//GTExv8.EUR.Ovary/ENSG00000281404.1.wgt.RDat	ENSG00000281404.1	7	30390884	30390885	0.3547	rs7810588	4.92	rs6961625	0.272	-6.36	0.970952	432	21	enet	0.24	5.6e-10	-1.01247	0.311
Ovary	/media/kame/Data/_workings/resource/GTEv8//GTExv8.EUR.Ovary/ENSG00000244480.1.wgt.RDat	ENSG00000244480.1	7	30524534	30524535	0.41	rs7794503	-5.41	rs38478	0.0693	4.9	-0.985998	459	14	enet	0.1	8.4e-05	0.31562	0.752
Ovary	/media/kame/Data/_workings/resource/GTEv8//GTExv8.EUR.Ovary/ENSG00000264520.1.wgt.RDat	ENSG00000264520.1	7	30525730	30525731	0.1864	rs7794503	-5.41	rs38417	0.084	4.68	-0.748353	459	21	enet	0.077	0.00056	-0.35198	0.725
Ovary	/media/kame/Data/_workings/resource/GTEv8//GTExv8.EUR.Ovary/ENSG00000226874.1.wgt.RDat	ENSG00000226874.1	7	30544052	30544053	0.3221	rs7794503	-5.41	rs38487	0.079	4.84	0.003624	459	7	enet	0.025	0.036	-0.29943	0.765
Ovary	/media/kame/Data/_workings/resource/GTEv8//GTExv8.EUR.Ovary/ENSG00000196295.11.wgt.RDat	ENSG00000196295.11	7	30585971	30585972	0.6967	rs12670991	5.63	rs38487	0.634	9.34	0.003624	465	31	enet	0.63	1.2e-31	-0.08512	0.932
Ovary	/media/kame/Data/_workings/resource/GTEv8//GTExv8.EUR.Ovary/ENSG00000154678.16.wgt.RDat	ENSG00000154678.16	7	32299328	32299329	0.2447	rs716500	12.88	rs12216602	0.0787	4.98	-0.422978	544	47	enet	0.091	2e-04	1.35193	0.176
Ovary	/media/kame/Data/_workings/resource/GTEv8//GTExv8.EUR.Ovary/ENSG00000105778.18.wgt.RDat	ENSG00000105778.18	7	32495425	32495426	0.1904	rs716500	12.88	rs3801332	0.0205	-3.52	0.048401	486	20	enet	0.002	0.26	0.86364	0.388
Ovary	/media/kame/Data/_workings/resource/GTEv8//GTExv8.EUR.Ovary/ENSG00000231952.3.wgt.RDat	ENSG00000231952.3	7	32812756	32812757	0.095	rs716500	12.88	rs4563788	0.0861	4.36	1.257603	389	12	enet	0.05	0.0048	2.94994	0.00318
Ovary	/media/kame/Data/_workings/resource/GTEv8//GTExv8.EUR.Ovary/ENSG00000122643.18.wgt.RDat	ENSG00000122643.18	7	33062796	33062797	0.1756	rs4723212	10.49	rs4720093	0.0281	3.67	-0.906943	339	34	enet	0.0029	0.24	-0.40909	0.682
Ovary	/media/kame/Data/_workings/resource/GTEv8//GTExv8.EUR.Ovary/ENSG00000271122.1.wgt.RDat	ENSG00000271122.1	7	35695213	35695214	0.2038	rs12701423	-3.65	rs3816422	0.258	-6.03	0.036986	540	48	enet	0.19	6.8e-08	-0.48635	0.627
Ovary	/media/kame/Data/_workings/resource/GTEv8//GTExv8.EUR.Ovary/ENSG00000164543.5.wgt.RDat	ENSG00000164543.5	7	43582757	43582758	0.171	rs1181592	8.43	rs2330918	0.0519	-3.92	7.207041	429	55	enet	0.008	0.15	-2.86981	0.00411
Ovary	/media/kame/Data/_workings/resource/GTEv8//GTExv8.EUR.Ovary/ENSG00000106603.18.wgt.RDat	ENSG00000106603.18	7	43729716	43729717	0.2535	rs1181592	8.43	rs10268054	0.037	4.27	5.448837	406	54	enet	0.09	0.00021	-0.08598	0.931
Ovary	/media/kame/Data/_workings/resource/GTEv8//GTExv8.EUR.Ovary/ENSG00000241057.2.wgt.RDat	ENSG00000241057.2	7	43973322	43973323	0.4281	rs1181592	8.43	rs10229021	0.339	6.92	0.579717	362	3	enet	0.28	2e-11	0.45943	0.646
Ovary	/media/kame/Data/_workings/resource/GTEv8//GTExv8.EUR.Ovary/ENSG00000239556.3.wgt.RDat	ENSG00000239556.3	7	43990206	43990207	0.4038	rs1181592	8.43	rs10229021	0.173	5.36	0.579717	359	50	enet	0.12	2.1e-05	0.10684	0.915
Ovary	/media/kame/Data/_workings/resource/GTEv8//GTExv8.EUR.Ovary/ENSG00000272655.2.wgt.RDat	ENSG00000272655.2	7	44019169	44019170	0.2064	rs1181592	8.43	rs4640970	0.163	5.03	0.271869	349	6	enet	0.13	1.2e-05	-0.14527	0.884
Ovary	/media/kame/Data/_workings/resource/GTEv8//GTExv8.EUR.Ovary/ENSG00000122678.16.wgt.RDat	ENSG00000122678.16	7	44082539	44082540	0.4066	rs1181592	8.43	rs28745596	0.0863	4.88	0.450086	349	29	enet	0.18	9.4e-08	-2.65141	0.00802
Ovary	/media/kame/Data/_workings/resource/GTEv8//GTExv8.EUR.Ovary/ENSG00000106633.15.wgt.RDat	ENSG00000106633.15	7	44198169	44198170	0.4556	rs3217972	9.48	rs17832252	0.0976	-4.81	1.272085	361	37	enet	0.19	7.1e-08	-1.08866	0.276
Ovary	/media/kame/Data/_workings/resource/GTEv8//GTExv8.EUR.Ovary/ENSG00000015676.17.wgt.RDat	ENSG00000015676.17	7	44490879	44490880	0.2148	rs7795102	-4.77	rs7799558	0.0872	4.66	0.269805	348	28	enet	0.13	6.5e-06	-1.27247	0.203
Ovary	/media/kame/Data/_workings/resource/GTEv8//GTExv8.EUR.Ovary/ENSG00000136270.13.wgt.RDat	ENSG00000136270.13	7	45112046	45112047	0.2183	rs3735486	-5.7	rs1992292	0.101	4.2	-3.49278	440	8	enet	0.045	0.0071	-3.33932	0.00084
Ovary	/media/kame/Data/_workings/resource/GTEv8//GTExv8.EUR.Ovary/ENSG00000214765.8.wgt.RDat	ENSG00000214765.8	7	45768984	45768985	0.194	rs1042009	3.95	rs9993	0.0869	4.32	0.416619	402	30	enet	0.0031	0.23	0.45299	0.651
Ovary	/media/kame/Data/_workings/resource/GTEv8//GTExv8.EUR.Ovary/ENSG00000272556.2.wgt.RDat	ENSG00000272556.2	7	45769104	45769105	0.5739	rs1042009	3.95	rs9993	0.389	-7.69	0.416619	402	14	enet	0.4	3.1e-17	-1.05776	0.29
Ovary	/media/kame/Data/_workings/resource/GTEv8//GTExv8.EUR.Ovary/ENSG00000279104.1.wgt.RDat	ENSG00000279104.1	7	49762763	49762764	0.334	rs2162179	-5.93	rs4917090	0.119	-4.36	-0.510281	405	51	enet	0.099	1e-04	-0.93176	0.351
Ovary	/media/kame/Data/_workings/resource/GTEv8//GTExv8.EUR.Ovary/ENSG00000188730.4.wgt.RDat	ENSG00000188730.4	7	49773660	49773661	0.2589	rs2162179	-5.93	rs1978165	0.135	4.8	3.399089	404	17	enet	0.033	0.019	2.72157	0.0065
Ovary	/media/kame/Data/_workings/resource/GTEv8//GTExv8.EUR.Ovary/ENSG00000132436.11.wgt.RDat	ENSG00000132436.11	7	50450389	50450390	0.541	rs2045369	5.65	rs12719019	0.363	7.39	-1.471467	505	32	enet	0.42	7.9e-18	-0.93801	0.348
Ovary	/media/kame/Data/_workings/resource/GTEv8//GTExv8.EUR.Ovary/ENSG00000132437.17.wgt.RDat	ENSG00000132437.17	7	50565456	50565457	0.2372	rs2045369	5.65	rs10278338	0.0561	-4.17	0.035076	539	17	enet	0.05	0.0049	1.00773	0.314
Ovary	/media/kame/Data/_workings/resource/GTEv8//GTExv8.EUR.Ovary/ENSG00000132432.13.wgt.RDat	ENSG00000132432.13	7	54759973	54759974	0.3727	rs11976065	5.84	rs17649242	0.225	-5.98	-0.011134	490	12	enet	0.16	5.7e-07	0.33436	0.738
Ovary	/media/kame/Data/_workings/resource/GTEv8//GTExv8.EUR.Ovary/ENSG00000226278.1.wgt.RDat	ENSG00000226278.1	7	55764796	55764797	0.7738	rs12114015	-5.41	rs11982736	0.575	8.93	2.006637	353	12	enet	0.59	5.4e-28	1.51488	0.13
Ovary	/media/kame/Data/_workings/resource/GTEv8//GTExv8.EUR.Ovary/ENSG00000178665.14.wgt.RDat	ENSG00000178665.14	7	55887474	55887475	0.3049	rs12114015	-5.41	rs7456530	0.247	-6.09	1.230418	319	34	enet	0.18	1.4e-07	-1.39297	0.164
Ovary	/media/kame/Data/_workings/resource/GTEv8//GTExv8.EUR.Ovary/ENSG00000146733.13.wgt.RDat	ENSG00000146733.13	7	56051603	56051604	0.2542	rs12114015	-5.41	rs11982736	0.103	4.66	2.006637	277	7	enet	0.12	2.7e-05	1.90207	0.0572
Ovary	/media/kame/Data/_workings/resource/GTEv8//GTExv8.EUR.Ovary/ENSG00000129103.17.wgt.RDat	ENSG00000129103.17	7	56064001	56064002	0.2121	rs12114015	-5.41	rs12155441	0.136	4.63	-0.247342	279	12	enet	0.028	0.028	-0.2397	0.811
Ovary	/media/kame/Data/_workings/resource/GTEv8//GTExv8.EUR.Ovary/ENSG00000106153.12.wgt.RDat	ENSG00000106153.12	7	56106575	56106576	0.2578	rs12114015	-5.41	rs6593298	0.146	5.16	0.912437	269	8	enet	0.13	5.6e-06	1.59882	0.11
Ovary	/media/kame/Data/_workings/resource/GTEv8//GTExv8.EUR.Ovary/ENSG00000185290.3.wgt.RDat	ENSG00000185290.3	7	56116399	56116400	0.7985	rs12114015	-5.41	rs11982736	0.517	8.52	2.006637	276	14	enet	0.56	2.1e-26	1.80992	0.0703
Ovary	/media/kame/Data/_workings/resource/GTEv8//GTExv8.EUR.Ovary/ENSG00000234444.9.wgt.RDat	ENSG00000234444.9	7	64307458	64307459	0.1682	rs13235532	-5.18	rs623892	0.0632	-4.73	0.000318	305	21	enet	0.076	0.00063	-0.71381	0.475
Ovary	/media/kame/Data/_workings/resource/GTEv8//GTExv8.EUR.Ovary/ENSG00000228014.1.wgt.RDat	ENSG00000228014.1	7	64469184	64469185	0.2543	rs6972180	5.16	rs1608780	0.092	4.64	1.99021	322	16	enet	0.044	0.0077	1.02057	0.307
Ovary	/media/kame/Data/_workings/resource/GTEv8//GTExv8.EUR.Ovary/ENSG00000228653.2.wgt.RDat	ENSG00000228653.2	7	64500824	64500825	0.1549	rs6972180	5.16	rs6967116	0.14	4.8	0.659871	328	18	enet	0.094	0.00015	1.13148	0.258
Ovary	/media/kame/Data/_workings/resource/GTEv8//GTExv8.EUR.Ovary/ENSG00000196247.11.wgt.RDat	ENSG00000196247.11	7	64666082	64666083	0.5099	rs6972180	5.16	rs6973516	0.268	6.27	0.194686	284	35	enet	0.28	1.5e-11	-0.34529	0.73
Ovary	/media/kame/Data/_workings/resource/GTEv8//GTExv8.EUR.Ovary/ENSG00000271550.1.wgt.RDat	ENSG00000271550.1	7	64687392	64687393	0.3444	rs6972180	5.16	rs10234472	0.23	5.68	0.196656	278	35	enet	0.24	5.9e-10	0.34007	0.734
Ovary	/media/kame/Data/_workings/resource/GTEv8//GTExv8.EUR.Ovary/ENSG00000182722.5.wgt.RDat	ENSG00000182722.5	7	64853353	64853354	0.4531	rs6972180	5.16	rs7809177	0.398	7.5	1.697375	266	13	enet	0.38	6.4e-16	1.02596	0.305
Ovary	/media/kame/Data/_workings/resource/GTEv8//GTExv8.EUR.Ovary/ENSG00000213640.3.wgt.RDat	ENSG00000213640.3	7	64862998	64862999	0.6193	rs6972180	5.16	rs1880656	0.531	8.61	1.413721	262	28	enet	0.56	1.7e-26	1.05314	0.292
Ovary	/media/kame/Data/_workings/resource/GTEv8//GTExv8.EUR.Ovary/ENSG00000198039.11.wgt.RDat	ENSG00000198039.11	7	64870171	64870172	0.2142	rs6972180	5.16	rs517258	0.111	-4.85	-0.02207	262	21	enet	0.034	0.017	0.21031	0.833
Ovary	/media/kame/Data/_workings/resource/GTEv8//GTExv8.EUR.Ovary/ENSG00000189316.3.wgt.RDat	ENSG00000189316.3	7	64890099	64890100	0.1704	rs6972180	5.16	rs13236784	0.212	5.47	0.05836	254	9	enet	0.19	6.9e-08	0.04165	0.967
Ovary	/media/kame/Data/_workings/resource/GTEv8//GTExv8.EUR.Ovary/ENSG00000213462.4.wgt.RDat	ENSG00000213462.4	7	65006742	65006743	0.1335	rs6972180	5.16	rs2140724	0.158	-4.96	-0.277258	253	11	enet	0.15	1.7e-06	-0.91829	0.358
Ovary	/media/kame/Data/_workings/resource/GTEv8//GTExv8.EUR.Ovary/ENSG00000234585.6.wgt.RDat	ENSG00000234585.6	7	65038359	65038360	0.5991	rs6972180	5.16	rs6965753	0.519	8.48	-0.19036	245	45	enet	0.55	8.5e-26	0.41354	0.679
Ovary	/media/kame/Data/_workings/resource/GTEv8//GTExv8.EUR.Ovary/ENSG00000227113.2.wgt.RDat	ENSG00000227113.2	7	65075022	65075023	0.1445	rs6972180	5.16	rs2418470	0.176	5.37	-0.09796	231	8	enet	0.15	1.6e-06	0.11879	0.905
Ovary	/media/kame/Data/_workings/resource/GTEv8//GTExv8.EUR.Ovary/ENSG00000226002.1.wgt.RDat	ENSG00000226002.1	7	65084102	65084103	0.3841	rs6972180	5.16	rs4718222	0.268	6.85	-0.009686	231	29	enet	0.28	1.3e-11	0.484	0.628
Ovary	/media/kame/Data/_workings/resource/GTEv8//GTExv8.EUR.Ovary/ENSG00000164669.12.wgt.RDat	ENSG00000164669.12	7	65141224	65141225	0.5375	rs6972180	5.16	rs6965753	0.591	-9.08	-0.19036	212	29	enet	0.56	1.5e-26	0.37802	0.705
Ovary	/media/kame/Data/_workings/resource/GTEv8//GTExv8.EUR.Ovary/ENSG00000228409.6.wgt.RDat	ENSG00000228409.6	7	65751141	65751142	0.1834	rs420880	3.45	rs4718222	0.0847	-4.44	-0.009686	199	35	enet	0.068	0.0012	0.12611	0.9
Ovary	/media/kame/Data/_workings/resource/GTEv8//GTExv8.EUR.Ovary/ENSG00000224316.1.wgt.RDat	ENSG00000224316.1	7	65773619	65773620	0.205	rs420880	3.45	rs4718262	0.163	4.99	0.728971	202	9	enet	0.12	1.8e-05	1.15621	0.248
Ovary	/media/kame/Data/_workings/resource/GTEv8//GTExv8.EUR.Ovary/ENSG00000231234.2.wgt.RDat	ENSG00000231234.2	7	66423892	66423893	0.1714	rs420880	3.45	rs4149463	0.0506	-3.99	1.648904	237	41	enet	0.067	0.0013	-0.98116	0.327
Ovary	/media/kame/Data/_workings/resource/GTEv8//GTExv8.EUR.Ovary/ENSG00000179406.7.wgt.RDat	ENSG00000179406.7	7	66493565	66493566	0.1127	rs420880	3.45	rs9791713	0.0972	-4.35	-0.132627	240	7	enet	0.023	0.042	0.18663	0.852
Ovary	/media/kame/Data/_workings/resource/GTEv8//GTExv8.EUR.Ovary/ENSG00000237310.1.wgt.RDat	ENSG00000237310.1	7	66493705	66493706	0.2907	rs420880	3.45	rs709609	0.299	6.86	-0.290542	240	53	enet	0.34	2.3e-14	0.02027	0.984
Ovary	/media/kame/Data/_workings/resource/GTEv8//GTExv8.EUR.Ovary/ENSG00000229180.6.wgt.RDat	ENSG00000229180.6	7	66592396	66592397	0.2354	rs6972813	-2.99	rs9986881	0.126	-4.29	0.322258	244	86	enet	0.069	0.0011	1.08073	0.28
Ovary	/media/kame/Data/_workings/resource/GTEv8//GTExv8.EUR.Ovary/ENSG00000226824.6.wgt.RDat	ENSG00000226824.6	7	66654537	66654538	0.5463	rs6972813	-2.99	rs6958520	0.497	8.35	0.584311	233	53	enet	0.48	1.8e-21	0.49385	0.621
Ovary	/media/kame/Data/_workings/resource/GTEv8//GTExv8.EUR.Ovary/ENSG00000232546.1.wgt.RDat	ENSG00000232546.1	7	66848495	66848496	0.1435	rs6972813	-2.99	rs11028	0.0744	-4.04	0.23361	210	9	enet	0.058	0.0025	-0.12703	0.899
Ovary	/media/kame/Data/_workings/resource/GTEv8//GTExv8.EUR.Ovary/ENSG00000230295.1.wgt.RDat	ENSG00000230295.1	7	66880707	66880708	0.2195	rs11760794	-4.49	rs11028	0.154	-4.99	0.23361	213	7	enet	0.14	3.9e-06	-0.1466	0.883
Ovary	/media/kame/Data/_workings/resource/GTEv8//GTExv8.EUR.Ovary/ENSG00000273142.1.wgt.RDat	ENSG00000273142.1	7	66902856	66902857	0.5205	rs11760794	-4.49	rs11028	0.282	-6.86	0.23361	226	34	enet	0.31	7e-13	0.65581	0.512
Ovary	/media/kame/Data/_workings/resource/GTEv8//GTExv8.EUR.Ovary/ENSG00000198874.12.wgt.RDat	ENSG00000198874.12	7	66995172	66995173	0.309	rs4993699	5.47	rs6972813	0.0196	4.06	-2.993565	253	36	enet	0.11	3.3e-05	-0.14817	0.882
Ovary	/media/kame/Data/_workings/resource/GTEv8//GTExv8.EUR.Ovary/ENSG00000126524.9.wgt.RDat	ENSG00000126524.9	7	66995600	66995601	0.1614	rs4993699	5.47	rs11766621	0.00528	3.45	-0.017973	253	13	enet	-0.0027	0.43	0.29427	0.769
Ovary	/media/kame/Data/_workings/resource/GTEv8//GTExv8.EUR.Ovary/ENSG00000106610.14.wgt.RDat	ENSG00000106610.14	7	67305986	67305987	0.4382	rs7782163	11.09	rs6956666	0.255	-6.25	-0.967407	365	35	enet	0.22	5.1e-09	0.50245	0.615
Ovary	/media/kame/Data/_workings/resource/GTEv8//GTExv8.EUR.Ovary/ENSG00000273448.1.wgt.RDat	ENSG00000273448.1	7	67333046	67333047	0.4727	rs7797476	-10.46	rs7804537	0.372	7.39	-2.394162	365	22	enet	0.38	8e-16	-2.19636	0.0281
Ovary	/media/kame/Data/_workings/resource/GTEv8//GTExv8.EUR.Ovary/ENSG00000235475.1.wgt.RDat	ENSG00000235475.1	7	67335975	67335976	0.1617	rs7797476	-10.46	rs13230948	0.107	4.3	-0.897428	366	6	enet	0.0039	0.22	-1.22923	0.219
Ovary	/media/kame/Data/_workings/resource/GTEv8//GTExv8.EUR.Ovary/ENSG00000234215.2.wgt.RDat	ENSG00000234215.2	7	69597447	69597448	0.1497	rs2938486	2.74	rs13237811	0.059	3.61	-0.423343	276	27	enet	0.0073	0.16	-0.20522	0.837
Ovary	/media/kame/Data/_workings/resource/GTEv8//GTExv8.EUR.Ovary/ENSG00000277149.4.wgt.RDat	ENSG00000277149.4	7	72828197	72828198	0.4829	rs1592903	5.66	rs13224992	0.52	8.76	0.898403	106	13	enet	0.54	3.5e-25	1.08787	0.277
Ovary	/media/kame/Data/_workings/resource/GTEv8//GTExv8.EUR.Ovary/ENSG00000196313.11.wgt.RDat	ENSG00000196313.11	7	72879364	72879365	0.1464	rs1592903	5.66	rs1880948	0.0733	3.95	0.843482	117	31	enet	0.046	0.0066	0.02422	0.981
Ovary	/media/kame/Data/_workings/resource/GTEv8//GTExv8.EUR.Ovary/ENSG00000225969.1.wgt.RDat	ENSG00000225969.1	7	73735037	73735038	0.2522	rs17145717	8.84	rs4324825	0.065	-4.4	-0.418956	273	32	enet	0.095	0.00014	-0.18008	0.857
Ovary	/media/kame/Data/_workings/resource/GTEv8//GTExv8.EUR.Ovary/ENSG00000165171.10.wgt.RDat	ENSG00000165171.10	7	73842534	73842535	0.463	rs17145717	8.84	rs1127155	0.448	8.19	0.59532	293	42	enet	0.43	1.2e-18	0.50552	0.613
Ovary	/media/kame/Data/_workings/resource/GTEv8//GTExv8.EUR.Ovary/ENSG00000263001.5.wgt.RDat	ENSG00000263001.5	7	74657666	74657667	0.2241	rs6956055	-4.02	rs35005436	0.159	5.49	-1.03922	148	8	enet	0.2	1.6e-08	-1.24908	0.212
Ovary	/media/kame/Data/_workings/resource/GTEv8//GTExv8.EUR.Ovary/ENSG00000196275.13.wgt.RDat	ENSG00000196275.13	7	74851550	74851551	0.4957	rs6956055	-4.02	rs2267812	0.459	8.3	-1.774287	96	12	enet	0.5	1.5e-22	-0.54897	0.583
Ovary	/media/kame/Data/_workings/resource/GTEv8//GTExv8.EUR.Ovary/ENSG00000123965.13.wgt.RDat	ENSG00000123965.13	7	74894115	74894116	0.4511	rs6956055	-4.02	rs2267812	0.315	6.68	-1.774287	90	14	enet	0.39	1.4e-16	-1.90997	0.0561
Ovary	/media/kame/Data/_workings/resource/GTEv8//GTExv8.EUR.Ovary/ENSG00000205583.13.wgt.RDat	ENSG00000205583.13	7	75359256	75359257	0.5076	rs3757602	5.12	rs12535096	0.104	5.09	-0.842681	158	26	enet	0.24	6.3e-10	-0.9016	0.367
Ovary	/media/kame/Data/_workings/resource/GTEv8//GTExv8.EUR.Ovary/ENSG00000278416.1.wgt.RDat	ENSG00000278416.1	7	75359549	75359550	0.4874	rs3757602	5.12	rs17207196	0.159	-4.84	0.02488	158	27	enet	0.32	3.7e-13	-0.98993	0.322
Ovary	/media/kame/Data/_workings/resource/GTEv8//GTExv8.EUR.Ovary/ENSG00000170092.14.wgt.RDat	ENSG00000170092.14	7	75493624	75493625	0.3312	rs10954732	9.02	rs17207196	0.308	-6.61	0.02488	201	4	enet	0.27	4.1e-11	-0.02537	0.98
Ovary	/media/kame/Data/_workings/resource/GTEv8//GTExv8.EUR.Ovary/ENSG00000127946.16.wgt.RDat	ENSG00000127946.16	7	75738961	75738962	0.2665	rs9800948	10.45	rs4385415	0.00939	3.93	1.098699	263	12	enet	-0.0064	0.72	-0.04744	0.962
Ovary	/media/kame/Data/_workings/resource/GTEv8//GTExv8.EUR.Ovary/ENSG00000106178.6.wgt.RDat	ENSG00000106178.6	7	75823355	75823356	0.3794	rs9800948	10.45	rs4732439	0.182	5.47	0.176133	287	21	enet	0.16	9.3e-07	1.34727	0.178
Ovary	/media/kame/Data/_workings/resource/GTEv8//GTExv8.EUR.Ovary/ENSG00000127952.16.wgt.RDat	ENSG00000127952.16	7	76048003	76048004	0.5117	rs9800948	10.45	rs7788926	0.271	6.38	4.038271	312	31	enet	0.39	2.4e-16	1.31271	0.189
Ovary	/media/kame/Data/_workings/resource/GTEv8//GTExv8.EUR.Ovary/ENSG00000146701.11.wgt.RDat	ENSG00000146701.11	7	76048050	76048051	0.1751	rs9800948	10.45	rs4732542	0.03	-3.84	9.08398	312	22	enet	0.044	0.0075	-9.10486	8.64e-20
Ovary	/media/kame/Data/_workings/resource/GTEv8//GTExv8.EUR.Ovary/ENSG00000146700.8.wgt.RDat	ENSG00000146700.8	7	76409694	76409695	0.5517	rs9800948	10.45	rs17149199	0.306	6.55	3.248803	217	25	enet	0.34	2.5e-14	1.89908	0.0576
Ovary	/media/kame/Data/_workings/resource/GTEv8//GTExv8.EUR.Ovary/ENSG00000188372.14.wgt.RDat	ENSG00000188372.14	7	76424906	76424907	0.5942	rs9800948	10.45	rs17718122	0.249	6.44	-1.003056	219	22	enet	0.39	2.5e-16	0.47118	0.638
Ovary	/media/kame/Data/_workings/resource/GTEv8//GTExv8.EUR.Ovary/ENSG00000146707.14.wgt.RDat	ENSG00000146707.14	7	76625682	76625683	0.5177	rs9800948	10.45	rs17718122	0.279	6.58	-1.003056	160	19	enet	0.34	4.4e-14	-1.85193	0.064
Ovary	/media/kame/Data/_workings/resource/GTEv8//GTExv8.EUR.Ovary/ENSG00000241350.1.wgt.RDat	ENSG00000241350.1	7	77011550	77011551	0.5715	rs7810561	-5.46	rs2245368	0.352	7.06	0.310787	253	32	enet	0.37	2.5e-15	-0.04068	0.968
Ovary	/media/kame/Data/_workings/resource/GTEv8//GTExv8.EUR.Ovary/ENSG00000233448.2.wgt.RDat	ENSG00000233448.2	7	77039943	77039944	0.381	rs7810561	-5.46	rs2539499	0.144	-5.36	-0.150471	256	23	enet	0.19	3.7e-08	-1.02024	0.308
Ovary	/media/kame/Data/_workings/resource/GTEv8//GTExv8.EUR.Ovary/ENSG00000205482.9.wgt.RDat	ENSG00000205482.9	7	77060511	77060512	0.3957	rs7810561	-5.46	rs3912067	0.00811	4.1	-0.746565	264	53	enet	0.25	4e-10	0.17306	0.863
Ovary	/media/kame/Data/_workings/resource/GTEv8//GTExv8.EUR.Ovary/ENSG00000127951.6.wgt.RDat	ENSG00000127951.6	7	77199847	77199848	0.1698	rs7810561	-5.46	rs3108424	-0.00283	3.51	-0.714979	303	25	enet	0.022	0.044	-0.04872	0.961
Ovary	/media/kame/Data/_workings/resource/GTEv8//GTExv8.EUR.Ovary/ENSG00000214293.8.wgt.RDat	ENSG00000214293.8	7	77696264	77696265	0.128	rs7810561	-5.46	rs10270542	0.0121	-4.16	0.20491	512	9	enet	0.075	0.00066	0.49352	0.622
Ovary	/media/kame/Data/_workings/resource/GTEv8//GTExv8.EUR.Ovary/ENSG00000153956.15.wgt.RDat	ENSG00000153956.15	7	82443797	82443798	0.1462	rs757133	6.37	rs3757631	0.00733	-3.82	-0.005095	498	29	enet	0.02	0.051	-0.29389	0.769
Ovary	/media/kame/Data/_workings/resource/GTEv8//GTExv8.EUR.Ovary/ENSG00000186472.19.wgt.RDat	ENSG00000186472.19	7	83162929	83162930	0.2221	rs916853	4.84	rs7782629	0.0232	4.4	0.910943	430	16	enet	0.058	0.0025	1.7388	0.0821
Ovary	/media/kame/Data/_workings/resource/GTEv8//GTExv8.EUR.Ovary/ENSG00000224046.1.wgt.RDat	ENSG00000224046.1	7	87152359	87152360	0.2122	rs17766292	6.22	rs4148743	0.0604	-4.05	-0.076909	463	12	enet	0.027	0.03	-0.04422	0.965
Ovary	/media/kame/Data/_workings/resource/GTEv8//GTExv8.EUR.Ovary/ENSG00000005471.15.wgt.RDat	ENSG00000005471.15	7	87480434	87480435	0.2576	rs17766292	6.22	rs4148807	0.196	-5.37	0.009065	437	24	enet	0.16	6.9e-07	0.46918	0.639
Ovary	/media/kame/Data/_workings/resource/GTEv8//GTExv8.EUR.Ovary/ENSG00000008277.14.wgt.RDat	ENSG00000008277.14	7	87934142	87934143	0.2568	rs3789236	4.81	rs2022163	0.226	-5.97	-0.825149	368	16	enet	0.19	5.8e-08	0.76893	0.442
Ovary	/media/kame/Data/_workings/resource/GTEv8//GTExv8.EUR.Ovary/ENSG00000157214.13.wgt.RDat	ENSG00000157214.13	7	90167589	90167590	0.372	rs2023739	5.63	rs194534	0.317	-6.89	-1.434234	490	31	enet	0.25	2.6e-10	1.38829	0.165
Ovary	/media/kame/Data/_workings/resource/GTEv8//GTExv8.EUR.Ovary/ENSG00000225498.1.wgt.RDat	ENSG00000225498.1	7	90312495	90312496	0.2733	rs2023739	5.63	rs3810891	0.105	-5.19	-0.056872	470	56	enet	0.13	6.5e-06	-0.62653	0.531
Ovary	/media/kame/Data/_workings/resource/GTEv8//GTExv8.EUR.Ovary/ENSG00000105793.15.wgt.RDat	ENSG00000105793.15	7	90335222	90335223	0.4127	rs12671169	5.34	rs917660	0.102	-5.19	-1.780878	470	25	enet	0.11	5.5e-05	0.35886	0.72
Ovary	/media/kame/Data/_workings/resource/GTEv8//GTExv8.EUR.Ovary/ENSG00000177409.11.wgt.RDat	ENSG00000177409.11	7	93148368	93148369	0.3036	rs3731283	4.92	rs12666302	0.216	-5.9	0.018265	350	17	enet	0.24	6.3e-10	-0.0318	0.975
Ovary	/media/kame/Data/_workings/resource/GTEv8//GTExv8.EUR.Ovary/ENSG00000005421.8.wgt.RDat	ENSG00000005421.8	7	95324706	95324707	0.6642	rs1234476	5.82	rs6973380	0.477	8.48	1.953796	437	26	enet	0.53	1.7e-24	2.23263	0.0256
Ovary	/media/kame/Data/_workings/resource/GTEv8//GTExv8.EUR.Ovary/ENSG00000233942.1.wgt.RDat	ENSG00000233942.1	7	95471834	95471835	0.4478	rs1234476	5.82	rs342	0.13	-5.08	0.512144	468	30	enet	0.13	9.2e-06	-0.17421	0.862
Ovary	/media/kame/Data/_workings/resource/GTEv8//GTExv8.EUR.Ovary/ENSG00000005981.12.wgt.RDat	ENSG00000005981.12	7	95478443	95478444	0.5268	rs1234476	5.82	rs11764079	0.425	7.78	1.569378	471	26	enet	0.39	1.4e-16	1.58725	0.112
Ovary	/media/kame/Data/_workings/resource/GTEv8//GTExv8.EUR.Ovary/ENSG00000231170.5.wgt.RDat	ENSG00000231170.5	7	95596681	95596682	0.3094	rs1234476	5.82	rs3807892	0.231	6.28	2.610217	503	15	enet	0.21	1.3e-08	2.67785	0.00741
Ovary	/media/kame/Data/_workings/resource/GTEv8//GTExv8.EUR.Ovary/ENSG00000070669.16.wgt.RDat	ENSG00000070669.16	7	97872541	97872542	0.4898	rs4729368	5.83	rs17595064	0.13	5.13	-0.461535	364	30	enet	0.17	3.8e-07	1.18487	0.236
Ovary	/media/kame/Data/_workings/resource/GTEv8//GTExv8.EUR.Ovary/ENSG00000183444.10.wgt.RDat	ENSG00000183444.10	7	97967073	97967074	0.2858	rs4729368	5.83	rs17169233	0.268	6.1	-1.391924	345	13	enet	0.21	1.1e-08	-1.89939	0.0575
Ovary	/media/kame/Data/_workings/resource/GTEv8//GTExv8.EUR.Ovary/ENSG00000272950.1.wgt.RDat	ENSG00000272950.1	7	98322852	98322853	0.3312	rs2394824	4.82	rs4729421	0.115	-5.43	-0.996539	332	22	enet	0.16	5.3e-07	-0.05334	0.957
Ovary	/media/kame/Data/_workings/resource/GTEv8//GTExv8.EUR.Ovary/ENSG00000244219.6.wgt.RDat	ENSG00000244219.6	7	99598065	99598066	0.1797	rs7788746	4.97	rs12535424	0.0126	-3.88	-0.564689	309	32	enet	-0.00035	0.33	-0.79506	0.427
Ovary	/media/kame/Data/_workings/resource/GTEv8//GTExv8.EUR.Ovary/ENSG00000146833.15.wgt.RDat	ENSG00000146833.15	7	99919599	99919600	0.4333	rs7788746	4.97	rs474229	0.304	-6.86	0.659127	267	34	enet	0.31	9.3e-13	-0.58604	0.558
Ovary	/media/kame/Data/_workings/resource/GTEv8//GTExv8.EUR.Ovary/ENSG00000166529.14.wgt.RDat	ENSG00000166529.14	7	100049773	100049774	0.1302	rs7788746	4.97	rs11558476	0.0143	-3.74	0.337771	268	8	enet	0.029	0.025	0.41596	0.677
Ovary	/media/kame/Data/_workings/resource/GTEv8//GTExv8.EUR.Ovary/ENSG00000106290.14.wgt.RDat	ENSG00000106290.14	7	100119566	100119567	0.1582	rs7788746	4.97	rs2405442	0.000805	-3.83	0.768874	275	8	enet	0.02	0.053	-0.95297	0.341
Ovary	/media/kame/Data/_workings/resource/GTEv8//GTExv8.EUR.Ovary/ENSG00000242294.6.wgt.RDat	ENSG00000242294.6	7	100336411	100336412	0.4259	rs7788746	4.97	rs11761253	0.382	7.37	0.35291	302	13	enet	0.35	9.5e-15	0.38981	0.697
Ovary	/media/kame/Data/_workings/resource/GTEv8//GTExv8.EUR.Ovary/ENSG00000121716.20.wgt.RDat	ENSG00000121716.20	7	100352175	100352176	0.6149	rs7788746	4.97	rs11761253	0.51	8.45	0.35291	291	26	enet	0.48	3.2e-21	0.38252	0.702
Ovary	/media/kame/Data/_workings/resource/GTEv8//GTExv8.EUR.Ovary/ENSG00000085514.15.wgt.RDat	ENSG00000085514.15	7	100373444	100373445	0.5522	rs7788746	4.97	rs11761253	0.484	8.28	0.35291	299	11	enet	0.44	3.9e-19	0.37849	0.705
Ovary	/media/kame/Data/_workings/resource/GTEv8//GTExv8.EUR.Ovary/ENSG00000146830.9.wgt.RDat	ENSG00000146830.9	7	100689447	100689448	0.2	rs11760595	-3.41	rs4729598	0.208	5.46	0.659911	318	17	enet	0.11	6e-05	0.90432	0.366
Ovary	/media/kame/Data/_workings/resource/GTEv8//GTExv8.EUR.Ovary/ENSG00000146828.17.wgt.RDat	ENSG00000146828.17	7	100826819	100826820	0.1353	rs11760595	-3.41	rs314376	0.0614	4.14	0.193488	352	14	enet	0.034	0.018	0.25975	0.795
Ovary	/media/kame/Data/_workings/resource/GTEv8//GTExv8.EUR.Ovary/ENSG00000087077.13.wgt.RDat	ENSG00000087077.13	7	100867137	100867138	0.1774	rs11760595	-3.41	rs314358	0.00314	-3.88	0.094637	358	18	enet	-0.0044	0.53	0.20827	0.835
Ovary	/media/kame/Data/_workings/resource/GTEv8//GTExv8.EUR.Ovary/ENSG00000087085.13.wgt.RDat	ENSG00000087085.13	7	100896973	100896974	0.2496	rs11760595	-3.41	rs13245899	0.0933	5.12	0.43605	355	28	enet	0.17	2.8e-07	0.21499	0.83
Ovary	/media/kame/Data/_workings/resource/GTEv8//GTExv8.EUR.Ovary/ENSG00000214253.8.wgt.RDat	ENSG00000214253.8	7	101252315	101252316	0.4542	rs191137	-3.33	rs10241107	0.136	-5.2	-0.963088	395	65	enet	0.055	0.0034	-0.54962	0.583
Ovary	/media/kame/Data/_workings/resource/GTEv8//GTExv8.EUR.Ovary/ENSG00000160963.13.wgt.RDat	ENSG00000160963.13	7	101362819	101362820	0.3953	rs11767486	-3.27	rs10228118	0.173	-5.66	-0.022302	384	25	enet	0.23	1.6e-09	-0.83022	0.406
Ovary	/media/kame/Data/_workings/resource/GTEv8//GTExv8.EUR.Ovary/ENSG00000160999.10.wgt.RDat	ENSG00000160999.10	7	102285090	102285091	0.1357	rs4989124	4.59	rs2023482	0.175	5.23	0.083461	230	12	enet	0.13	1.2e-05	0.22811	0.82
Ovary	/media/kame/Data/_workings/resource/GTEv8//GTExv8.EUR.Ovary/ENSG00000161036.12.wgt.RDat	ENSG00000161036.12	7	102464928	102464929	0.5717	rs4989124	4.59	rs4543479	0.37	8.03	1.716304	242	24	enet	0.41	1.4e-17	1.5658	0.117
Ovary	/media/kame/Data/_workings/resource/GTEv8//GTExv8.EUR.Ovary/ENSG00000170667.14.wgt.RDat	ENSG00000170667.14	7	102517780	102517781	0.3308	rs4989124	4.59	rs4543479	0.0289	4.7	1.716304	238	24	enet	0.11	5.9e-05	0.61774	0.537
Ovary	/media/kame/Data/_workings/resource/GTEv8//GTExv8.EUR.Ovary/ENSG00000168255.19.wgt.RDat	ENSG00000168255.19	7	102572655	102572656	0.3945	rs4989124	4.59	rs4729791	0.177	5.26	1.589304	225	26	enet	0.22	6e-09	1.31977	0.187
Ovary	/media/kame/Data/_workings/resource/GTEv8//GTExv8.EUR.Ovary/ENSG00000267368.1.wgt.RDat	ENSG00000267368.1	7	102642790	102642791	0.4829	rs4989124	4.59	rs11760934	0.183	5.4	0.148954	206	26	enet	0.31	7.1e-13	1.15368	0.249
Ovary	/media/kame/Data/_workings/resource/GTEv8//GTExv8.EUR.Ovary/ENSG00000228049.7.wgt.RDat	ENSG00000228049.7	7	102671628	102671629	0.4762	rs4989124	4.59	rs11981219	0.279	6.35	0.690774	207	37	enet	0.32	2.3e-13	0.50112	0.616
Ovary	/media/kame/Data/_workings/resource/GTEv8//GTExv8.EUR.Ovary/ENSG00000233297.4.wgt.RDat	ENSG00000233297.4	7	102690468	102690469	0.3626	rs4989124	4.59	rs1129271	0.0683	4.33	-0.622203	204	24	enet	0.043	0.0083	-2.64901	0.00807
Ovary	/media/kame/Data/_workings/resource/GTEv8//GTExv8.EUR.Ovary/ENSG00000128606.12.wgt.RDat	ENSG00000128606.12	7	102912990	102912991	0.1185	rs4989124	4.59	rs7778418	0.0757	3.89	-0.014129	170	11	enet	0.014	0.087	0.15726	0.875
Ovary	/media/kame/Data/_workings/resource/GTEv8//GTExv8.EUR.Ovary/ENSG00000241764.3.wgt.RDat	ENSG00000241764.3	7	107744435	107744436	0.3104	rs7357192	-6.11	rs2237679	0.198	5.69	-0.620296	435	4	enet	0.095	0.00014	-0.4384	0.661
Ovary	/media/kame/Data/_workings/resource/GTEv8//GTExv8.EUR.Ovary/ENSG00000177683.13.wgt.RDat	ENSG00000177683.13	7	108569452	108569453	0.2529	rs40899	-4.99	rs40947	0.277	6.53	-4.466474	452	12	enet	0.15	1.7e-06	-3.78578	0.000153
Ovary	/media/kame/Data/_workings/resource/GTEv8//GTExv8.EUR.Ovary/ENSG00000184903.9.wgt.RDat	ENSG00000184903.9	7	111562516	111562517	0.191	rs2074128	-8	rs3801786	-0.00293	3.17	0.019807	317	14	enet	-0.0055	0.61	2.98734	0.00281
Ovary	/media/kame/Data/_workings/resource/GTEv8//GTExv8.EUR.Ovary/ENSG00000181016.9.wgt.RDat	ENSG00000181016.9	7	112481017	112481018	0.1686	rs2074128	-8	rs2074796	0.0772	4.49	0.852201	407	19	enet	0.081	0.00042	1.17177	0.241
Ovary	/media/kame/Data/_workings/resource/GTEv8//GTExv8.EUR.Ovary/ENSG00000279086.1.wgt.RDat	ENSG00000279086.1	7	116211510	116211511	0.4753	rs6958700	-7.87	rs4428611	0.304	6.62	-0.447758	365	18	enet	0.2	1.5e-08	-0.57541	0.565
Ovary	/media/kame/Data/_workings/resource/GTEv8//GTExv8.EUR.Ovary/ENSG00000077063.10.wgt.RDat	ENSG00000077063.10	7	117874138	117874139	0.3997	rs7807677	10.28	rs916784	0.206	5.69	8.356688	343	6	enet	0.15	1.3e-06	8.53914	1.35e-17
Ovary	/media/kame/Data/_workings/resource/GTEv8//GTExv8.EUR.Ovary/ENSG00000128534.7.wgt.RDat	ENSG00000128534.7	7	118184031	118184032	0.0894	rs7807677	10.28	rs2041527	0.0733	-4.29	-2.58548	341	20	enet	0.042	0.0088	4.7792	1.76e-06
Ovary	/media/kame/Data/_workings/resource/GTEv8//GTExv8.EUR.Ovary/ENSG00000225546.5.wgt.RDat	ENSG00000225546.5	7	119907374	119907375	0.1049	rs2896296	2.94	rs1404078	0.0141	3.52	-0.776587	197	30	enet	-0.00071	0.34	-0.14619	0.884
Ovary	/media/kame/Data/_workings/resource/GTEv8//GTExv8.EUR.Ovary/ENSG00000196937.10.wgt.RDat	ENSG00000196937.10	7	121396363	121396364	0.2465	rs17143296	-3.29	rs4727922	0.192	-5.27	0.007337	362	17	enet	0.099	9.7e-05	-0.00249	0.998
Ovary	/media/kame/Data/_workings/resource/GTEv8//GTExv8.EUR.Ovary/ENSG00000272686.1.wgt.RDat	ENSG00000272686.1	7	123749067	123749068	0.1176	rs10252309	-4.99	rs608447	0.055	3.92	-0.189872	349	36	enet	0.059	0.0024	1.20099	0.23
Ovary	/media/kame/Data/_workings/resource/GTEv8//GTExv8.EUR.Ovary/ENSG00000128594.7.wgt.RDat	ENSG00000128594.7	7	128032106	128032107	0.1957	rs4731367	6.12	rs17716738	0.127	-5.03	0.820022	386	16	enet	0.12	2.5e-05	-0.85588	0.392
Ovary	/media/kame/Data/_workings/resource/GTEv8//GTExv8.EUR.Ovary/ENSG00000165055.15.wgt.RDat	ENSG00000165055.15	7	128476728	128476729	0.4035	rs1006023	4.93	rs7806863	0.34	-6.92	-0.506381	373	12	enet	0.19	7.9e-08	0.41794	0.676
Ovary	/media/kame/Data/_workings/resource/GTEv8//GTExv8.EUR.Ovary/ENSG00000280828.1.wgt.RDat	ENSG00000280828.1	7	128533651	128533652	0.4519	rs1006023	4.93	rs2402923	0.328	6.83	-1.192892	362	25	enet	0.28	1.3e-11	-1.76642	0.0773
Ovary	/media/kame/Data/_workings/resource/GTEv8//GTExv8.EUR.Ovary/ENSG00000281896.1.wgt.RDat	ENSG00000281896.1	7	128617864	128617865	0.4517	rs1006023	4.93	rs2402923	0.356	7.09	-1.192892	351	10	enet	0.26	1.6e-10	-1.08411	0.278
Ovary	/media/kame/Data/_workings/resource/GTEv8//GTExv8.EUR.Ovary/ENSG00000243302.3.wgt.RDat	ENSG00000243302.3	7	128651184	128651185	0.4826	rs1006023	4.93	rs2402923	0.305	6.63	-1.192892	355	29	enet	0.26	9.5e-11	-0.42411	0.671
Ovary	/media/kame/Data/_workings/resource/GTEv8//GTExv8.EUR.Ovary/ENSG00000230715.3.wgt.RDat	ENSG00000230715.3	7	128652840	128652841	0.4244	rs1006023	4.93	rs2402923	0.404	7.58	-1.192892	355	8	enet	0.35	1.9e-14	-0.97385	0.33
Ovary	/media/kame/Data/_workings/resource/GTEv8//GTExv8.EUR.Ovary/ENSG00000229413.2.wgt.RDat	ENSG00000229413.2	7	128653967	128653968	0.4066	rs1006023	4.93	rs2402923	0.359	7.15	-1.192892	354	16	enet	0.3	1.5e-12	-0.74162	0.458
Ovary	/media/kame/Data/_workings/resource/GTEv8//GTExv8.EUR.Ovary/ENSG00000243679.1.wgt.RDat	ENSG00000243679.1	7	128654019	128654020	0.3101	rs1006023	4.93	rs2402923	0.292	6.51	-1.192892	354	8	enet	0.26	1.3e-10	-1.16376	0.245
Ovary	/media/kame/Data/_workings/resource/GTEv8//GTExv8.EUR.Ovary/ENSG00000281490.1.wgt.RDat	ENSG00000281490.1	7	128658790	128658791	0.7053	rs1006023	4.93	rs2402923	0.547	8.72	-1.192892	353	21	enet	0.55	1.8e-25	-0.79608	0.426
Ovary	/media/kame/Data/_workings/resource/GTEv8//GTExv8.EUR.Ovary/ENSG00000271553.1.wgt.RDat	ENSG00000271553.1	7	128667042	128667043	0.3491	rs1006023	4.93	rs13224451	0.153	5.5	-0.459074	353	28	enet	0.23	1.7e-09	0.92365	0.356
Ovary	/media/kame/Data/_workings/resource/GTEv8//GTExv8.EUR.Ovary/ENSG00000205085.10.wgt.RDat	ENSG00000205085.10	7	128672265	128672266	0.1821	rs1006023	4.93	rs339072	0.0129	3.75	-0.407408	356	34	enet	0.0072	0.16	-0.60594	0.545
Ovary	/media/kame/Data/_workings/resource/GTEv8//GTExv8.EUR.Ovary/ENSG00000128596.16.wgt.RDat	ENSG00000128596.16	7	128790756	128790757	0.1913	rs11771587	-5.07	rs1006023	0.0792	-4.06	4.930986	332	28	enet	0.056	0.003	-5.12343	3e-07
Ovary	/media/kame/Data/_workings/resource/GTEv8//GTExv8.EUR.Ovary/ENSG00000236753.5.wgt.RDat	ENSG00000236753.5	7	131328221	131328222	0.3303	rs4480053	4.54	rs17744792	0.133	5.01	-0.153111	478	7	enet	0.11	5.4e-05	-0.07513	0.94
Ovary	/media/kame/Data/_workings/resource/GTEv8//GTExv8.EUR.Ovary/ENSG00000243317.7.wgt.RDat	ENSG00000243317.7	7	135662495	135662496	0.2047	rs12536271	-4.82	rs11763242	0.0757	-4.87	-0.58134	457	18	enet	0.085	0.00031	0.58776	0.557
Ovary	/media/kame/Data/_workings/resource/GTEv8//GTExv8.EUR.Ovary/ENSG00000273219.1.wgt.RDat	ENSG00000273219.1	7	135704536	135704537	0.3289	rs12536271	-4.82	rs3110823	0.136	5.31	-0.336125	459	27	enet	0.12	1.4e-05	-0.63708	0.524
Ovary	/media/kame/Data/_workings/resource/GTEv8//GTExv8.EUR.Ovary/ENSG00000164707.15.wgt.RDat	ENSG00000164707.15	7	135729257	135729258	0.2393	rs12536271	-4.82	rs11763242	0.0835	4.57	-0.58134	465	10	enet	0.11	5.9e-05	-0.58834	0.556
Ovary	/media/kame/Data/_workings/resource/GTEv8//GTExv8.EUR.Ovary/ENSG00000090266.12.wgt.RDat	ENSG00000090266.12	7	140696820	140696821	0.1611	rs11971702	-7.4	rs2364399	-0.0033	-3.48	1.456558	358	61	enet	0.02	0.054	-0.3659	0.714
Ovary	/media/kame/Data/_workings/resource/GTEv8//GTExv8.EUR.Ovary/ENSG00000228775.7.wgt.RDat	ENSG00000228775.7	7	141738319	141738320	0.3269	rs12111651	-6.87	rs12540335	0.386	7.64	-0.207673	440	20	enet	0.36	7.6e-15	-0.12557	0.9
Ovary	/media/kame/Data/_workings/resource/GTEv8//GTExv8.EUR.Ovary/ENSG00000127364.3.wgt.RDat	ENSG00000127364.3	7	141778441	141778442	0.4034	rs12111651	-6.87	rs17464232	0.347	7.24	-0.22294	482	32	enet	0.28	1.2e-11	-0.23323	0.816
Ovary	/media/kame/Data/_workings/resource/GTEv8//GTExv8.EUR.Ovary/ENSG00000244292.1.wgt.RDat	ENSG00000244292.1	7	141911216	141911217	0.1255	rs12111651	-6.87	rs1285895	0.0273	-4.16	-0.307725	475	10	enet	0.00088	0.29	0.29793	0.766
Ovary	/media/kame/Data/_workings/resource/GTEv8//GTExv8.EUR.Ovary/ENSG00000273234.1.wgt.RDat	ENSG00000273234.1	7	144142008	144142009	0.4697	rs13228908	3.64	rs1731353	0.382	7.61	-0.325114	274	56	enet	0.32	3.4e-13	-0.42035	0.674
Ovary	/media/kame/Data/_workings/resource/GTEv8//GTExv8.EUR.Ovary/ENSG00000213214.4.wgt.RDat	ENSG00000213214.4	7	144188394	144188395	0.3119	rs13228908	3.64	rs1731353	0.382	-7.28	-0.325114	294	43	enet	0.39	9.4e-17	-0.12842	0.898
Ovary	/media/kame/Data/_workings/resource/GTEv8//GTExv8.EUR.Ovary/ENSG00000170356.8.wgt.RDat	ENSG00000170356.8	7	144252956	144252957	0.351	rs13228908	3.64	rs1635085	0.118	-4.83	0.28887	303	42	enet	0.2	2.7e-08	0.20833	0.835
Ovary	/media/kame/Data/_workings/resource/GTEv8//GTExv8.EUR.Ovary/ENSG00000204959.4.wgt.RDat	ENSG00000204959.4	7	144286965	144286966	0.4147	rs13228908	3.64	rs1635079	0.094	-4.9	-0.065517	327	26	enet	0.21	1.3e-08	0.79144	0.429
Ovary	/media/kame/Data/_workings/resource/GTEv8//GTExv8.EUR.Ovary/ENSG00000050327.14.wgt.RDat	ENSG00000050327.14	7	144355287	144355288	0.1674	rs13228908	3.64	rs1635085	0.169	-5.05	0.28887	338	5	enet	0.13	5.8e-06	-0.33029	0.741
Ovary	/media/kame/Data/_workings/resource/GTEv8//GTExv8.EUR.Ovary/ENSG00000244479.6.wgt.RDat	ENSG00000244479.6	7	144356180	144356181	0.2283	rs13228908	3.64	rs1635085	0.126	-4.55	0.28887	338	10	enet	0.046	0.0065	-0.23857	0.811
Ovary	/media/kame/Data/_workings/resource/GTEv8//GTExv8.EUR.Ovary/ENSG00000197362.14.wgt.RDat	ENSG00000197362.14	7	149090781	149090782	0.2558	rs2290971	-4.13	rs6959224	0.201	-5.42	0.73835	376	17	enet	0.18	8.8e-08	-0.68609	0.493
Ovary	/media/kame/Data/_workings/resource/GTEv8//GTExv8.EUR.Ovary/ENSG00000204947.8.wgt.RDat	ENSG00000204947.8	7	149126345	149126346	0.3019	rs2290971	-4.13	rs11525060	0.0713	-4.71	0.668764	373	16	enet	0.093	0.00016	0.06712	0.946
Ovary	/media/kame/Data/_workings/resource/GTEv8//GTExv8.EUR.Ovary/ENSG00000244560.6.wgt.RDat	ENSG00000244560.6	7	149285280	149285281	0.2528	rs2290971	-4.13	rs10952803	0.0475	4.24	0.442062	382	7	enet	0.022	0.046	0.27938	0.78
Ovary	/media/kame/Data/_workings/resource/GTEv8//GTExv8.EUR.Ovary/ENSG00000197558.11.wgt.RDat	ENSG00000197558.11	7	149776041	149776042	0.3109	rs6966081	2.74	rs6960187	0.162	5.62	-0.366334	284	17	enet	0.083	0.00037	-0.62386	0.533
Ovary	/media/kame/Data/_workings/resource/GTEv8//GTExv8.EUR.Ovary/ENSG00000204934.10.wgt.RDat	ENSG00000204934.10	7	149871795	149871796	0.3381	rs6966081	2.74	rs6464035	0.206	-5.81	-0.092899	253	9	enet	0.14	3.5e-06	-0.18377	0.854
Ovary	/media/kame/Data/_workings/resource/GTEv8//GTExv8.EUR.Ovary/ENSG00000279536.1.wgt.RDat	ENSG00000279536.1	7	149881580	149881581	0.3146	rs6966081	2.74	rs4015699	0.159	5.25	-0.489596	253	17	enet	0.13	6.8e-06	-0.40512	0.685
Ovary	/media/kame/Data/_workings/resource/GTEv8//GTExv8.EUR.Ovary/ENSG00000127399.14.wgt.RDat	ENSG00000127399.14	7	150322638	150322639	0.4506	rs11972506	2.37	rs11764936	0.297	6.61	-1.07673	345	17	enet	0.26	1.1e-10	-1.04686	0.295
Ovary	/media/kame/Data/_workings/resource/GTEv8//GTExv8.EUR.Ovary/ENSG00000188707.5.wgt.RDat	ENSG00000188707.5	7	150329788	150329789	0.3852	rs11972506	2.32	rs3735167	0.21	-5.99	-1.201808	350	7	enet	0.17	3.6e-07	1.15174	0.249
Ovary	/media/kame/Data/_workings/resource/GTEv8//GTExv8.EUR.Ovary/ENSG00000261305.1.wgt.RDat	ENSG00000261305.1	7	150341770	150341771	0.2702	rs11972506	2.28	rs11767726	0.204	5.43	-0.457612	350	5	enet	0.11	4.3e-05	-0.48946	0.625
Ovary	/media/kame/Data/_workings/resource/GTEv8//GTExv8.EUR.Ovary/ENSG00000106560.10.wgt.RDat	ENSG00000106560.10	7	150685699	150685700	0.2669	rs10952303	-3.54	rs16884586	0.00153	-4.26	0.644165	478	9	enet	0.00049	0.3	-0.67379	0.5
Ovary	/media/kame/Data/_workings/resource/GTEv8//GTExv8.EUR.Ovary/ENSG00000241134.3.wgt.RDat	ENSG00000241134.3	7	150749735	150749736	0.3622	rs2487151	4.23	rs9657894	0.111	-5.12	0.985763	506	14	enet	0.12	1.4e-05	-0.96503	0.335
Ovary	/media/kame/Data/_workings/resource/GTEv8//GTExv8.EUR.Ovary/ENSG00000241735.1.wgt.RDat	ENSG00000241735.1	7	152436894	152436895	0.3197	rs6945852	-4.71	rs4376425	-0.00719	-3.01	-0.107629	277	50	enet	0.016	0.073	0.23968	0.811
Ovary	/media/kame/Data/_workings/resource/GTEv8//GTExv8.EUR.Ovary/ENSG00000261455.1.wgt.RDat	ENSG00000261455.1	7	152463785	152463786	0.2652	rs6945852	-4.71	rs10257415	0.149	-4.7	0.02128	256	19	enet	0.15	1.2e-06	-0.75856	0.448
Ovary	/media/kame/Data/_workings/resource/GTEv8//GTExv8.EUR.Ovary/ENSG00000196584.2.wgt.RDat	ENSG00000196584.2	7	152676164	152676165	0.3554	rs6945852	-4.71	rs17813864	0.261	6.23	-0.036298	328	37	enet	0.21	9e-09	0.1269	0.899
Ovary	/media/kame/Data/_workings/resource/GTEv8//GTExv8.EUR.Ovary/ENSG00000214106.7.wgt.RDat	ENSG00000214106.7	7	154928497	154928498	0.5293	rs11764641	4.76	rs11543936	0.267	6.27	1.343116	663	50	enet	0.22	2.7e-09	-0.69036	0.49
Ovary	/media/kame/Data/_workings/resource/GTEv8//GTExv8.EUR.Ovary/ENSG00000272760.1.wgt.RDat	ENSG00000272760.1	7	154951225	154951226	0.3476	rs11764641	4.76	rs4960563	0.138	4.49	0.30281	673	16	enet	0.037	0.013	0.83923	0.401
Ovary	/media/kame/Data/_workings/resource/GTEv8//GTExv8.EUR.Ovary/ENSG00000233878.1.wgt.RDat	ENSG00000233878.1	7	156445587	156445588	0.207	rs2305944	-5.02	rs6459698	0.111	4.25	-0.353897	481	4	enet	0.025	0.034	-0.51176	0.609
Ovary	/media/kame/Data/_workings/resource/GTEv8//GTExv8.EUR.Ovary/ENSG00000126870.15.wgt.RDat	ENSG00000126870.15	7	158856577	158856578	0.3904	rs394862	-5.22	rs2657381	0.217	-6.21	1.028188	399	28	enet	0.3	2.1e-12	0.13506	0.893
Ovary	/media/kame/Data/_workings/resource/GTEv8//GTExv8.EUR.Ovary/ENSG00000272240.1.wgt.RDat	ENSG00000272240.1	8	234886	234887	0.2031	rs3736436	-4.95	rs2906330	0.111	-5.15	0.62415	324	10	enet	0.11	3.1e-05	-0.1453	0.884
Ovary	/media/kame/Data/_workings/resource/GTEv8//GTExv8.EUR.Ovary/ENSG00000273402.1.wgt.RDat	ENSG00000273402.1	8	237044	237045	0.2706	rs3736436	-4.95	rs11774528	0.0981	4.82	0.06585	325	14	enet	0.047	0.0059	-0.4444	0.657
Ovary	/media/kame/Data/_workings/resource/GTEv8//GTExv8.EUR.Ovary/ENSG00000147364.16.wgt.RDat	ENSG00000147364.16	8	406427	406428	0.2671	rs3736436	-4.95	rs1128051	0.154	-5.03	-0.91737	406	16	enet	0.12	1.4e-05	0.5864	0.558
Ovary	/media/kame/Data/_workings/resource/GTEv8//GTExv8.EUR.Ovary/ENSG00000253982.1.wgt.RDat	ENSG00000253982.1	8	1764501	1764502	0.5664	rs10866924	8.41	rs6558533	0.447	-7.9	0.85789	728	14	enet	0.38	3.8e-16	-0.8883	0.374
Ovary	/media/kame/Data/_workings/resource/GTEv8//GTExv8.EUR.Ovary/ENSG00000253696.2.wgt.RDat	ENSG00000253696.2	8	1971396	1971397	0.3394	rs10503173	5.92	rs3779831	0.0274	-3.76	-0.09189	624	1	enet	-0.0051	0.58	0.0919	0.927
Ovary	/media/kame/Data/_workings/resource/GTEv8//GTExv8.EUR.Ovary/ENSG00000176595.3.wgt.RDat	ENSG00000176595.3	8	1973877	1973878	0.2805	rs10503173	5.92	rs3779831	0.0868	-4.43	-0.09189	623	8	enet	0.094	0.00015	-0.0742	0.941
Ovary	/media/kame/Data/_workings/resource/GTEv8//GTExv8.EUR.Ovary/ENSG00000253764.1.wgt.RDat	ENSG00000253764.1	8	1974636	1974637	0.3722	rs10503173	5.92	rs3779831	0.153	-4.92	-0.09189	623	39	enet	0.21	1.3e-08	-0.5859	0.558
Ovary	/media/kame/Data/_workings/resource/GTEv8//GTExv8.EUR.Ovary/ENSG00000036448.9.wgt.RDat	ENSG00000036448.9	8	2045039	2045040	0.5066	rs10503173	5.92	rs2280902	0.237	6.22	0.25766	626	28	enet	0.28	1.9e-11	1.4233	0.155
Ovary	/media/kame/Data/_workings/resource/GTEv8//GTExv8.EUR.Ovary/ENSG00000253853.1.wgt.RDat	ENSG00000253853.1	8	2727317	2727318	0.3052	rs12681200	4.05	rs6558685	0.085	-4.51	0.09635	596	37	enet	0.13	1.1e-05	-0.8347	0.404
Ovary	/media/kame/Data/_workings/resource/GTEv8//GTExv8.EUR.Ovary/ENSG00000254319.5.wgt.RDat	ENSG00000254319.5	8	2728450	2728451	0.4647	rs12681200	4.05	rs4875853	0.198	5.64	-0.00864	597	35	enet	0.16	7.1e-07	-0.1815	0.856
Ovary	/media/kame/Data/_workings/resource/GTEv8//GTExv8.EUR.Ovary/ENSG00000271743.1.wgt.RDat	ENSG00000271743.1	8	6617197	6617198	0.4062	rs10086142	-5.01	rs2912063	0.17	-5.42	0.45261	888	56	enet	0.13	9.4e-06	-0.6084	0.543
Ovary	/media/kame/Data/_workings/resource/GTEv8//GTExv8.EUR.Ovary/ENSG00000253893.2.wgt.RDat	ENSG00000253893.2	8	8226613	8226614	0.3727	rs11991607	-6.14	rs2948286	0.311	-7.16	-1.61726	320	15	enet	0.27	4e-11	1.8212	0.0686
Ovary	/media/kame/Data/_workings/resource/GTEv8//GTExv8.EUR.Ovary/ENSG00000233609.3.wgt.RDat	ENSG00000233609.3	8	8961199	8961200	0.1657	rs9693857	9.34	rs11780774	0.0525	-4.71	-2.15459	709	22	enet	0.089	0.00022	-0.6078	0.543
Ovary	/media/kame/Data/_workings/resource/GTEv8//GTExv8.EUR.Ovary/ENSG00000154328.15.wgt.RDat	ENSG00000154328.15	8	11769638	11769639	0.4491	rs11787217	6.23	rs8191513	0.189	-6.33	0.51631	472	22	enet	0.26	1.6e-10	0.3429	0.732
Ovary	/media/kame/Data/_workings/resource/GTEv8//GTExv8.EUR.Ovary/ENSG00000227203.3.wgt.RDat	ENSG00000227203.3	8	11790004	11790005	0.4779	rs11787217	6.23	rs3729848	0.0123	3.86	-1.08812	465	28	enet	0.074	0.00071	-0.7797	0.436
Ovary	/media/kame/Data/_workings/resource/GTEv8//GTExv8.EUR.Ovary/ENSG00000164733.20.wgt.RDat	ENSG00000164733.20	8	11869447	11869448	0.323	rs11787217	6.23	rs2409836	0.00531	4.15	2.62132	417	18	enet	0.055	0.0032	1.0159	0.31
Ovary	/media/kame/Data/_workings/resource/GTEv8//GTExv8.EUR.Ovary/ENSG00000255495.1.wgt.RDat	ENSG00000255495.1	8	12194466	12194467	0.3535	rs3779663	5.3	rs4841679	-0.000914	-3.52	-0.33505	202	25	enet	0.039	0.012	0.2895	0.772
Ovary	/media/kame/Data/_workings/resource/GTEv8//GTExv8.EUR.Ovary/ENSG00000254527.1.wgt.RDat	ENSG00000254527.1	8	12206388	12206389	0.1884	rs3779663	5.3	rs28592224	0.139	-5.12	-1.62935	205	10	enet	0.1	8.6e-05	1.017	0.309
Ovary	/media/kame/Data/_workings/resource/GTEv8//GTExv8.EUR.Ovary/ENSG00000227888.4.wgt.RDat	ENSG00000227888.4	8	12362018	12362019	0.1307	rs12548697	-4.72	rs7816040	0.0893	-4.46	0.13801	174	13	enet	0.1	9.4e-05	0.0822	0.934
Ovary	/media/kame/Data/_workings/resource/GTEv8//GTExv8.EUR.Ovary/ENSG00000255556.2.wgt.RDat	ENSG00000255556.2	8	12380264	12380265	0.2475	rs12548697	-4.72	rs11998678	0.043	3.6	-0.02679	179	13	enet	0.017	0.07	-0.9424	0.346
Ovary	/media/kame/Data/_workings/resource/GTEv8//GTExv8.EUR.Ovary/ENSG00000270074.1.wgt.RDat	ENSG00000270074.1	8	12412826	12412827	0.4061	rs12548697	-4.72	rs2078772	0.2	-5.4	-0.03278	185	22	enet	0.14	3e-06	0.7806	0.435
Ovary	/media/kame/Data/_workings/resource/GTEv8//GTExv8.EUR.Ovary/ENSG00000185053.13.wgt.RDat	ENSG00000185053.13	8	15238338	15238339	0.2012	rs17120569	-5.86	rs2410277	0.0108	3.49	0.05206	726	16	enet	0.032	0.02	0.4737	0.636
Ovary	/media/kame/Data/_workings/resource/GTEv8//GTExv8.EUR.Ovary/ENSG00000104723.20.wgt.RDat	ENSG00000104723.20	8	15417214	15417215	0.4222	rs7812857	3.57	rs11784308	0.208	-6.08	-3.1668	823	13	enet	0.22	5.5e-09	2.0535	0.04
Ovary	/media/kame/Data/_workings/resource/GTEv8//GTExv8.EUR.Ovary/ENSG00000253944.1.wgt.RDat	ENSG00000253944.1	8	17801344	17801345	0.2162	rs2739726	-5.85	rs547624	0.00143	3.73	-1.2487	874	42	enet	0.091	0.00019	-1.4017	0.161
Ovary	/media/kame/Data/_workings/resource/GTEv8//GTExv8.EUR.Ovary/ENSG00000253671.1.wgt.RDat	ENSG00000253671.1	8	17808940	17808941	0.2427	rs2739726	-5.85	rs398950	0.207	5.6	-1.71608	868	17	enet	0.18	1.5e-07	-1.5522	0.121
Ovary	/media/kame/Data/_workings/resource/GTEv8//GTExv8.EUR.Ovary/ENSG00000104613.11.wgt.RDat	ENSG00000104613.11	8	19817139	19817140	0.247	rs6999473	4.64	rs1492639	0.00171	-3.53	-1.12526	667	33	enet	-0.0024	0.41	0.632	0.527
Ovary	/media/kame/Data/_workings/resource/GTEv8//GTExv8.EUR.Ovary/ENSG00000197181.11.wgt.RDat	ENSG00000197181.11	8	22275296	22275297	0.2877	rs12541504	-4.38	rs4872466	0.175	5.91	-0.67579	479	20	enet	0.21	1e-08	-1.5734	0.116
Ovary	/media/kame/Data/_workings/resource/GTEv8//GTExv8.EUR.Ovary/ENSG00000147439.12.wgt.RDat	ENSG00000147439.12	8	22669147	22669148	0.3196	rs17088737	-7.41	rs746011	0.21	5.86	-0.82256	512	14	enet	0.11	5.8e-05	-0.5667	0.571
Ovary	/media/kame/Data/_workings/resource/GTEv8//GTExv8.EUR.Ovary/ENSG00000228451.3.wgt.RDat	ENSG00000228451.3	8	26382896	26382897	0.3766	rs424422	8.31	rs17310286	0.207	-5.63	2.60518	663	9	enet	0.22	2.8e-09	-2.1199	0.034
Ovary	/media/kame/Data/_workings/resource/GTEv8//GTExv8.EUR.Ovary/ENSG00000120907.17.wgt.RDat	ENSG00000120907.17	8	26867272	26867273	0.2549	rs4291226	-8.58	rs3808585	0.0619	-4.27	-1.7847	649	14	enet	0.034	0.018	1.0276	0.304
Ovary	/media/kame/Data/_workings/resource/GTEv8//GTExv8.EUR.Ovary/ENSG00000120915.13.wgt.RDat	ENSG00000120915.13	8	27490778	27490779	0.3989	rs4291226	-8.58	rs13269963	0.179	5.82	0.37481	636	22	enet	0.088	0.00025	0.2518	0.801
Ovary	/media/kame/Data/_workings/resource/GTEv8//GTExv8.EUR.Ovary/ENSG00000134014.16.wgt.RDat	ENSG00000134014.16	8	28089672	28089673	0.2374	rs1001866	-4.51	rs4732838	0.155	5.53	0.08307	565	13	enet	0.17	2.2e-07	-0.4925	0.622
Ovary	/media/kame/Data/_workings/resource/GTEv8//GTExv8.EUR.Ovary/ENSG00000104660.17.wgt.RDat	ENSG00000104660.17	8	30095397	30095398	0.1752	rs17472697	-5.91	rs4733354	0.112	4.4	-2.53103	375	15	enet	0.024	0.038	-2.5201	0.0117
Ovary	/media/kame/Data/_workings/resource/GTEv8//GTExv8.EUR.Ovary/ENSG00000248159.1.wgt.RDat	ENSG00000248159.1	8	30237381	30237382	0.1712	rs17472697	-5.91	rs4733400	0.0491	4.32	-0.94732	345	14	enet	0.042	0.009	-0.4465	0.655
Ovary	/media/kame/Data/_workings/resource/GTEv8//GTExv8.EUR.Ovary/ENSG00000254152.1.wgt.RDat	ENSG00000254152.1	8	30350346	30350347	0.3261	rs17472697	-5.91	rs7000773	0.279	6.75	0.07086	348	13	enet	0.27	5.8e-11	0.3524	0.725
Ovary	/media/kame/Data/_workings/resource/GTEv8//GTExv8.EUR.Ovary/ENSG00000127589.4.wgt.RDat	ENSG00000127589.4	8	30351872	30351873	0.2729	rs17472697	-5.91	rs9642755	0.226	6.21	0.03179	347	13	enet	0.21	7.1e-09	0.15	0.881
Ovary	/media/kame/Data/_workings/resource/GTEv8//GTExv8.EUR.Ovary/ENSG00000172728.15.wgt.RDat	ENSG00000172728.15	8	33473384	33473385	0.173	rs4400340	-3.34	rs2037213	0.126	5.43	0.47973	251	20	enet	0.14	2.6e-06	0.58	0.562
Ovary	/media/kame/Data/_workings/resource/GTEv8//GTExv8.EUR.Ovary/ENSG00000156675.15.wgt.RDat	ENSG00000156675.15	8	37899466	37899467	0.1974	rs17429645	5.61	rs4994	0.151	5.05	-0.20502	210	11	enet	0.11	4.8e-05	0.0464	0.963
Ovary	/media/kame/Data/_workings/resource/GTEv8//GTExv8.EUR.Ovary/ENSG00000169490.16.wgt.RDat	ENSG00000169490.16	8	38996823	38996824	0.231	rs10094572	2.83	rs6474516	0.136	-4.7	0.15932	303	4	enet	0.1	7.2e-05	-0.0616	0.951
Ovary	/media/kame/Data/_workings/resource/GTEv8//GTExv8.EUR.Ovary/ENSG00000168615.11.wgt.RDat	ENSG00000168615.11	8	38996868	38996869	0.1704	rs10094572	2.83	rs4733965	0.0356	4.25	0.82952	303	6	enet	-0.0037	0.48	0.5447	0.586
Ovary	/media/kame/Data/_workings/resource/GTEv8//GTExv8.EUR.Ovary/ENSG00000197140.14.wgt.RDat	ENSG00000197140.14	8	39106989	39106990	0.3644	rs10094572	2.83	rs9650347	0.331	7.06	-0.13662	282	20	enet	0.34	2.5e-14	-0.1388	0.89
Ovary	/media/kame/Data/_workings/resource/GTEv8//GTExv8.EUR.Ovary/ENSG00000070718.11.wgt.RDat	ENSG00000070718.11	8	42152945	42152946	0.3417	rs2974342	5.04	rs4581040	0.108	-4.7	-0.57033	350	41	enet	0.19	4.9e-08	-1.3837	0.166
Ovary	/media/kame/Data/_workings/resource/GTEv8//GTExv8.EUR.Ovary/ENSG00000176209.11.wgt.RDat	ENSG00000176209.11	8	42541711	42541712	0.299	rs2974342	5.04	rs2923428	0.291	6.39	4.94208	253	12	enet	0.23	1.3e-09	4.4161	1.01e-05
Ovary	/media/kame/Data/_workings/resource/GTEv8//GTExv8.EUR.Ovary/ENSG00000168522.12.wgt.RDat	ENSG00000168522.12	8	43034193	43034194	0.2543	rs2974342	5.04	rs922632	0.0132	-4.54	0.7712	192	9	enet	0.038	0.012	-1.1923	0.233
Ovary	/media/kame/Data/_workings/resource/GTEv8//GTExv8.EUR.Ovary/ENSG00000034239.10.wgt.RDat	ENSG00000034239.10	8	48735310	48735311	0.4794	rs182914	5.39	rs12548278	0.21	5.5	-2.50775	292	10	enet	0.15	1.1e-06	-2.2386	0.0252
Ovary	/media/kame/Data/_workings/resource/GTEv8//GTExv8.EUR.Ovary/ENSG00000274295.1.wgt.RDat	ENSG00000274295.1	8	53394214	53394215	0.391	rs3808627	4.53	rs10958369	0.0123	-3.6	0.29895	441	48	enet	0.021	0.051	-0.5057	0.613
Ovary	/media/kame/Data/_workings/resource/GTEv8//GTExv8.EUR.Ovary/ENSG00000254254.5.wgt.RDat	ENSG00000254254.5	8	56446030	56446031	0.309	rs7341548	7	rs2670049	0.0722	-4.67	6.19239	425	46	enet	0.1	6.5e-05	-1.1161	0.264
Ovary	/media/kame/Data/_workings/resource/GTEv8//GTExv8.EUR.Ovary/ENSG00000181195.10.wgt.RDat	ENSG00000181195.10	8	56446733	56446734	0.3056	rs7341548	7	rs2670049	0.161	-5.37	6.19239	425	19	enet	0.15	2.1e-06	-2.5922	0.00954
Ovary	/media/kame/Data/_workings/resource/GTEv8//GTExv8.EUR.Ovary/ENSG00000246430.6.wgt.RDat	ENSG00000246430.6	8	56559822	56559823	0.1889	rs7341548	7	rs1440745	0.00246	-3.25	-0.58223	391	13	enet	-0.0022	0.4	3.9612	7.46e-05
Ovary	/media/kame/Data/_workings/resource/GTEv8//GTExv8.EUR.Ovary/ENSG00000241431.1.wgt.RDat	ENSG00000241431.1	8	56588384	56588385	0.2526	rs7341548	7	rs17785796	0.0251	-3.77	-0.07407	401	21	enet	0.06	0.0022	-1.0167	0.309
Ovary	/media/kame/Data/_workings/resource/GTEv8//GTExv8.EUR.Ovary/ENSG00000137563.11.wgt.RDat	ENSG00000137563.11	8	63039170	63039171	0.384	rs1560506	-8.87	rs17279558	0.149	5.4	0.03942	405	36	enet	0.18	9.6e-08	-0.8563	0.392
Ovary	/media/kame/Data/_workings/resource/GTEv8//GTExv8.EUR.Ovary/ENSG00000169085.11.wgt.RDat	ENSG00000169085.11	8	66460002	66460003	0.4766	rs7837333	3.64	rs2719008	0.401	-7.7	-0.19448	295	14	enet	0.4	3.7e-17	-0.3762	0.707
Ovary	/media/kame/Data/_workings/resource/GTEv8//GTExv8.EUR.Ovary/ENSG00000221947.7.wgt.RDat	ENSG00000221947.7	8	70669364	70669365	0.442	rs4738088	4.42	rs7814274	0.549	-8.8	-0.00331	308	34	enet	0.5	3.7e-22	0.1103	0.912
Ovary	/media/kame/Data/_workings/resource/GTEv8//GTExv8.EUR.Ovary/ENSG00000164764.10.wgt.RDat	ENSG00000164764.10	8	73124087	73124088	0.4493	rs13266042	-6.18	rs2981108	-6.64e-05	3.54	0.46294	573	83	enet	0.0069	0.16	1.1905	0.234
Ovary	/media/kame/Data/_workings/resource/GTEv8//GTExv8.EUR.Ovary/ENSG00000121005.8.wgt.RDat	ENSG00000121005.8	8	74984514	74984515	0.1997	rs10957752	4.47	rs10216950	0.167	-5.02	-0.01485	375	10	enet	0.07	0.00099	-0.0472	0.962
Ovary	/media/kame/Data/_workings/resource/GTEv8//GTExv8.EUR.Ovary/ENSG00000254352.1.wgt.RDat	ENSG00000254352.1	8	78724135	78724136	0.3146	rs17485419	9.83	rs1384804	0.326	-6.77	-0.72385	316	22	enet	0.31	7.6e-13	0.2285	0.819
Ovary	/media/kame/Data/_workings/resource/GTEv8//GTExv8.EUR.Ovary/ENSG00000104432.13.wgt.RDat	ENSG00000104432.13	8	78805522	78805523	0.2278	rs1460173	-4.89	rs1441438	0.22	-5.67	-0.81208	318	24	enet	0.16	8.3e-07	1.5372	0.124
Ovary	/media/kame/Data/_workings/resource/GTEv8//GTExv8.EUR.Ovary/ENSG00000272425.1.wgt.RDat	ENSG00000272425.1	8	81277569	81277570	0.2731	rs3824088	-6.77	rs3735701	0.0124	3.32	-0.50041	405	1	enet	-0.0071	0.84	-0.5004	0.617
Ovary	/media/kame/Data/_workings/resource/GTEv8//GTExv8.EUR.Ovary/ENSG00000251521.2.wgt.RDat	ENSG00000251521.2	8	81631133	81631134	0.1772	rs3824088	-6.77	rs10102367	0.0189	4.34	0.25752	344	27	enet	0.084	0.00032	-1.5611	0.119
Ovary	/media/kame/Data/_workings/resource/GTEv8//GTExv8.EUR.Ovary/ENSG00000280193.1.wgt.RDat	ENSG00000280193.1	8	81696367	81696368	0.3381	rs3824088	-6.77	rs2957023	0.0221	3.65	-0.77533	341	24	enet	0.043	0.0086	-1.1098	0.267
Ovary	/media/kame/Data/_workings/resource/GTEv8//GTExv8.EUR.Ovary/ENSG00000104497.13.wgt.RDat	ENSG00000104497.13	8	81842865	81842866	0.3062	rs3824088	-6.77	rs10106226	0.28	6.35	0.79993	314	26	enet	0.25	3e-10	0.5386	0.59
Ovary	/media/kame/Data/_workings/resource/GTEv8//GTExv8.EUR.Ovary/ENSG00000133739.15.wgt.RDat	ENSG00000133739.15	8	85107146	85107147	0.3257	rs6991900	-4.52	rs16913600	0.237	-6.12	0.2904	258	29	enet	0.23	2e-09	-0.4521	0.651
Ovary	/media/kame/Data/_workings/resource/GTEv8//GTExv8.EUR.Ovary/ENSG00000164879.6.wgt.RDat	ENSG00000164879.6	8	85373435	85373436	0.1144	rs6991900	-4.52	rs16913721	0.0196	-3.69	0.16863	203	15	enet	-0.003	0.44	-0.4525	0.651
Ovary	/media/kame/Data/_workings/resource/GTEv8//GTExv8.EUR.Ovary/ENSG00000176623.11.wgt.RDat	ENSG00000176623.11	8	86514356	86514357	0.2541	rs16916239	6.64	rs4484676	0.079	5.04	-0.87374	440	19	enet	0.073	0.00081	-0.0742	0.941
Ovary	/media/kame/Data/_workings/resource/GTEv8//GTExv8.EUR.Ovary/ENSG00000156103.15.wgt.RDat	ENSG00000156103.15	8	88328024	88328025	0.1693	rs6982579	4.78	rs10100297	0.0485	4.35	-0.04183	295	15	enet	0.082	4e-04	0.9051	0.365
Ovary	/media/kame/Data/_workings/resource/GTEv8//GTExv8.EUR.Ovary/ENSG00000251136.8.wgt.RDat	ENSG00000251136.8	8	89757726	89757727	0.4201	rs16900627	6.71	rs9297722	0.0849	-5.24	-0.1025	379	21	enet	0.23	1.7e-09	0.408	0.683
Ovary	/media/kame/Data/_workings/resource/GTEv8//GTExv8.EUR.Ovary/ENSG00000104320.13.wgt.RDat	ENSG00000104320.13	8	90003227	90003228	0.1102	rs16900627	6.71	rs1805890	0.0176	4.18	-0.00203	376	6	enet	0.053	0.0037	1.9111	0.056
Ovary	/media/kame/Data/_workings/resource/GTEv8//GTExv8.EUR.Ovary/ENSG00000254251.1.wgt.RDat	ENSG00000254251.1	8	90859239	90859240	0.1552	rs10112439	9.25	rs10087552	0.0153	-3.67	-0.27124	317	37	enet	0.05	0.0048	-0.5982	0.55
Ovary	/media/kame/Data/_workings/resource/GTEv8//GTExv8.EUR.Ovary/ENSG00000156170.12.wgt.RDat	ENSG00000156170.12	8	94895766	94895767	0.3388	rs7815085	8.21	rs1453377	0.223	-5.82	0.01819	456	34	enet	0.2	2.9e-08	-0.3121	0.755
Ovary	/media/kame/Data/_workings/resource/GTEv8//GTExv8.EUR.Ovary/ENSG00000253878.5.wgt.RDat	ENSG00000253878.5	8	94950036	94950037	0.221	rs7815085	8.21	rs7017149	-0.00726	-3.52	0.62388	499	34	enet	0.019	0.06	0.0872	0.93
Ovary	/media/kame/Data/_workings/resource/GTEv8//GTExv8.EUR.Ovary/ENSG00000164919.10.wgt.RDat	ENSG00000164919.10	8	99894061	99894062	0.1604	rs17424879	3.24	rs2061565	0.0769	-4.01	-0.07529	351	18	enet	0.0051	0.19	-0.0192	0.985
Ovary	/media/kame/Data/_workings/resource/GTEv8//GTExv8.EUR.Ovary/ENSG00000132554.19.wgt.RDat	ENSG00000132554.19	8	100131267	100131268	0.1265	rs6994682	3.84	rs2061565	0.108	-4.51	-0.07529	363	7	enet	0.033	0.018	0.0284	0.977
Ovary	/media/kame/Data/_workings/resource/GTEv8//GTExv8.EUR.Ovary/ENSG00000156509.13.wgt.RDat	ENSG00000156509.13	8	100145799	100145800	0.1434	rs6994682	3.84	rs2453635	0.0673	4.14	0.54907	366	14	enet	-0.0063	0.71	0.4823	0.63
Ovary	/media/kame/Data/_workings/resource/GTEv8//GTExv8.EUR.Ovary/ENSG00000164924.17.wgt.RDat	ENSG00000164924.17	8	100953387	100953388	0.201	rs2135126	4.68	rs1447016	0.032	-3.58	-1.38625	477	21	enet	0.028	0.029	0.9439	0.345
Ovary	/media/kame/Data/_workings/resource/GTEv8//GTExv8.EUR.Ovary/ENSG00000253669.3.wgt.RDat	ENSG00000253669.3	8	102805516	102805517	0.2242	rs2033559	-8.11	rs529802	0.0102	-4.3	1.30696	491	27	enet	0.071	0.00092	-1.0389	0.299
Ovary	/media/kame/Data/_workings/resource/GTEv8//GTExv8.EUR.Ovary/ENSG00000164934.13.wgt.RDat	ENSG00000164934.13	8	103414713	103414714	0.2452	rs4424225	-3.4	rs827593	0.121	-5.33	-0.14306	413	19	enet	0.17	2.7e-07	1.3428	0.179
Ovary	/media/kame/Data/_workings/resource/GTEv8//GTExv8.EUR.Ovary/ENSG00000176406.22.wgt.RDat	ENSG00000176406.22	8	103500747	103500748	0.2871	rs4424225	-3.4	rs16870060	0.00109	-3.44	-0.38169	394	21	enet	0.012	0.1	0.0642	0.949
Ovary	/media/kame/Data/_workings/resource/GTEv8//GTExv8.EUR.Ovary/ENSG00000147650.11.wgt.RDat	ENSG00000147650.11	8	104589023	104589024	0.3389	rs10808393	-4.44	rs3018438	0.0851	5.06	-0.16876	433	8	enet	0.05	0.0047	-0.661	0.509
Ovary	/media/kame/Data/_workings/resource/GTEv8//GTExv8.EUR.Ovary/ENSG00000251003.7.wgt.RDat	ENSG00000251003.7	8	106060523	106060524	0.1586	rs12541635	-9.74	rs1603363	-0.00607	3.63	-8.40708	413	17	enet	0.019	0.057	-4.6339	3.59e-06
Ovary	/media/kame/Data/_workings/resource/GTEv8//GTExv8.EUR.Ovary/ENSG00000064313.11.wgt.RDat	ENSG00000064313.11	8	119832862	119832863	0.2483	rs6469890	8.66	rs11988416	0.00188	3.6	-0.97899	455	28	enet	0.034	0.017	0.0715	0.943
Ovary	/media/kame/Data/_workings/resource/GTEv8//GTExv8.EUR.Ovary/ENSG00000279347.1.wgt.RDat	ENSG00000279347.1	8	119840384	119840385	0.1794	rs6469890	8.66	rs7832755	0.025	3.86	-5.93721	454	20	enet	0.042	0.0092	-2.8742	0.00405
Ovary	/media/kame/Data/_workings/resource/GTEv8//GTExv8.EUR.Ovary/ENSG00000136982.5.wgt.RDat	ENSG00000136982.5	8	119856009	119856010	0.7001	rs6469890	8.66	rs7815122	0.506	-8.71	-0.8075	449	10	enet	0.53	3.6e-24	1.3298	0.184
Ovary	/media/kame/Data/_workings/resource/GTEv8//GTExv8.EUR.Ovary/ENSG00000245330.4.wgt.RDat	ENSG00000245330.4	8	119874487	119874488	0.2189	rs6469890	8.66	rs4870991	0.0605	-4.34	-0.45615	451	11	enet	0.045	0.0071	0.7005	0.484
Ovary	/media/kame/Data/_workings/resource/GTEv8//GTExv8.EUR.Ovary/ENSG00000155792.9.wgt.RDat	ENSG00000155792.9	8	119928399	119928400	0.3198	rs6469890	8.66	rs4501620	-0.00272	-3.95	0.28597	440	17	enet	-0.0044	0.53	-0.9658	0.334
Ovary	/media/kame/Data/_workings/resource/GTEv8//GTExv8.EUR.Ovary/ENSG00000156787.16.wgt.RDat	ENSG00000156787.16	8	123041967	123041968	0.1755	rs10089389	4.69	rs1713733	0.035	4.1	0.34964	469	17	enet	0.028	0.027	0.7414	0.458
Ovary	/media/kame/Data/_workings/resource/GTEv8//GTExv8.EUR.Ovary/ENSG00000249859.9.wgt.RDat	ENSG00000249859.9	8	127794532	127794533	0.2401	rs418269	-3.87	rs2648882	0.049	4.11	-0.03657	618	22	enet	0.073	0.00078	-0.4444	0.657
Ovary	/media/kame/Data/_workings/resource/GTEv8//GTExv8.EUR.Ovary/ENSG00000153317.14.wgt.RDat	ENSG00000153317.14	8	130443659	130443660	0.2899	rs7839155	9.94	rs9643254	0.0993	4.99	0.73642	542	24	enet	0.071	0.00091	0.277	0.782
Ovary	/media/kame/Data/_workings/resource/GTEv8//GTExv8.EUR.Ovary/ENSG00000104472.9.wgt.RDat	ENSG00000104472.9	8	140511297	140511298	0.4428	rs938724	10.56	rs4961323	0.174	-4.97	0.37258	380	16	enet	0.14	3.3e-06	-1.9123	0.0558
Ovary	/media/kame/Data/_workings/resource/GTEv8//GTExv8.EUR.Ovary/ENSG00000280303.2.wgt.RDat	ENSG00000280303.2	8	140636280	140636281	0.1485	rs938724	10.56	rs11166986	0.0386	4.2	-9.66461	367	18	enet	-0.00011	0.32	-5.2605	1.44e-07
Ovary	/media/kame/Data/_workings/resource/GTEv8//GTExv8.EUR.Ovary/ENSG00000253210.1.wgt.RDat	ENSG00000253210.1	8	141129960	141129961	0.3842	rs938724	10.56	rs1510585	0.288	-6.71	0.06071	431	13	enet	0.28	1e-11	-0.1344	0.893
Ovary	/media/kame/Data/_workings/resource/GTEv8//GTExv8.EUR.Ovary/ENSG00000171045.14.wgt.RDat	ENSG00000171045.14	8	142403239	142403240	0.2737	rs4129585	4.95	rs12679140	0.114	5.74	-0.5017	436	18	enet	0.12	2.6e-05	-0.3895	0.697
Ovary	/media/kame/Data/_workings/resource/GTEv8//GTExv8.EUR.Ovary/ENSG00000261693.1.wgt.RDat	ENSG00000261693.1	8	142403651	142403652	0.3376	rs4129585	4.95	rs6583623	0.177	-4.99	4.44515	437	21	enet	0.089	0.00022	-3.6273	0.000286
Ovary	/media/kame/Data/_workings/resource/GTEv8//GTExv8.EUR.Ovary/ENSG00000253741.1.wgt.RDat	ENSG00000253741.1	8	142726972	142726973	0.1499	rs4129585	4.95	rs3758081	0.091	4.77	-0.62261	400	6	enet	0.081	0.00041	-0.5511	0.582
Ovary	/media/kame/Data/_workings/resource/GTEv8//GTExv8.EUR.Ovary/ENSG00000180155.19.wgt.RDat	ENSG00000180155.19	8	142777809	142777810	0.2732	rs439747	4.81	rs2572925	0.177	5.49	2.14198	403	27	enet	0.14	3.6e-06	1.2171	0.224
Ovary	/media/kame/Data/_workings/resource/GTEv8//GTExv8.EUR.Ovary/ENSG00000014164.6.wgt.RDat	ENSG00000014164.6	8	143541452	143541453	0.3681	rs11136344	4.73	rs896945	0.31	-6.87	0.49812	349	11	enet	0.24	4.6e-10	-0.5314	0.595
Ovary	/media/kame/Data/_workings/resource/GTEv8//GTExv8.EUR.Ovary/ENSG00000254859.1.wgt.RDat	ENSG00000254859.1	8	143549728	143549729	0.7049	rs11136344	4.73	rs896945	0.545	-8.73	0.49812	347	8	enet	0.55	2.1e-25	-0.624	0.533
Ovary	/media/kame/Data/_workings/resource/GTEv8//GTExv8.EUR.Ovary/ENSG00000104518.10.wgt.RDat	ENSG00000104518.10	8	143553206	143553207	0.4665	rs11136344	4.73	rs4873802	0.063	-4.74	-1.32623	345	34	enet	0.14	5.4e-06	0.4431	0.658
Ovary	/media/kame/Data/_workings/resource/GTEv8//GTExv8.EUR.Ovary/ENSG00000204839.8.wgt.RDat	ENSG00000204839.8	8	143572970	143572971	0.3635	rs11136344	4.73	rs3793368	0.223	5.67	-2.93536	341	15	enet	0.22	4.2e-09	-1.7159	0.0862
Ovary	/media/kame/Data/_workings/resource/GTEv8//GTExv8.EUR.Ovary/ENSG00000255050.1.wgt.RDat	ENSG00000255050.1	8	143573489	143573490	0.5182	rs11136344	4.73	rs1809148	0.423	-7.62	0.22713	341	17	enet	0.42	3.7e-18	0.3849	0.7
Ovary	/media/kame/Data/_workings/resource/GTEv8//GTExv8.EUR.Ovary/ENSG00000147813.15.wgt.RDat	ENSG00000147813.15	8	143578356	143578357	0.6022	rs11136344	4.73	rs1809148	0.327	-7.54	0.22713	342	28	enet	0.43	1.6e-18	0.964	0.335
Ovary	/media/kame/Data/_workings/resource/GTEv8//GTExv8.EUR.Ovary/ENSG00000104524.13.wgt.RDat	ENSG00000104524.13	8	143609772	143609773	0.2438	rs11136344	4.73	rs11136255	-0.00689	3.2	0.79755	343	39	enet	0.00011	0.32	2.197	0.028
Ovary	/media/kame/Data/_workings/resource/GTEv8//GTExv8.EUR.Ovary/ENSG00000254812.1.wgt.RDat	ENSG00000254812.1	8	143633755	143633756	0.336	rs11136344	4.73	rs2242086	0.208	-5.55	-0.33453	343	27	enet	0.12	2.2e-05	-0.1256	0.9
Ovary	/media/kame/Data/_workings/resource/GTEv8//GTExv8.EUR.Ovary/ENSG00000181097.5.wgt.RDat	ENSG00000181097.5	8	143696153	143696154	0.2707	rs11136344	4.73	rs3204171	0.132	-4.92	-0.14731	327	37	enet	0.056	0.003	-0.1425	0.887
Ovary	/media/kame/Data/_workings/resource/GTEv8//GTExv8.EUR.Ovary/ENSG00000178209.14.wgt.RDat	ENSG00000178209.14	8	143976733	143976734	0.1521	rs11136344	4.73	rs7002002	0.0371	-4.3	1.79603	288	10	enet	0.0077	0.15	-1.9254	0.0542
Ovary	/media/kame/Data/_workings/resource/GTEv8//GTExv8.EUR.Ovary/ENSG00000178685.13.wgt.RDat	ENSG00000178685.13	8	144012771	144012772	0.3188	rs11136344	4.73	rs4073455	0.0214	4.04	0.5984	283	28	enet	0.09	2e-04	-2.0852	0.0371
Ovary	/media/kame/Data/_workings/resource/GTEv8//GTExv8.EUR.Ovary/ENSG00000179698.13.wgt.RDat	ENSG00000179698.13	8	144107725	144107726	0.6153	rs11136344	4.73	rs13264654	0.235	-5.83	1.42274	255	34	enet	0.34	2.3e-14	-1.895	0.0581
Ovary	/media/kame/Data/_workings/resource/GTEv8//GTExv8.EUR.Ovary/ENSG00000261587.2.wgt.RDat	ENSG00000261587.2	8	144354913	144354914	0.1591	rs11136344	4.73	rs4313195	0.123	4.62	0.0404	226	8	enet	0.069	0.001	0.1388	0.89
Ovary	/media/kame/Data/_workings/resource/GTEv8//GTExv8.EUR.Ovary/ENSG00000071894.16.wgt.RDat	ENSG00000071894.16	8	144409348	144409349	0.8619	rs11136344	4.73	rs2280836	0.722	-10.03	-0.77262	219	40	enet	0.73	3.2e-41	0.528	0.598
Ovary	/media/kame/Data/_workings/resource/GTEv8//GTExv8.EUR.Ovary/ENSG00000160949.16.wgt.RDat	ENSG00000160949.16	8	144444443	144444444	0.1482	rs11136344	4.73	rs2958516	0.0634	3.82	0.16594	215	20	enet	0.033	0.019	-0.9644	0.335
Ovary	/media/kame/Data/_workings/resource/GTEv8//GTExv8.EUR.Ovary/ENSG00000196378.11.wgt.RDat	ENSG00000196378.11	8	144787344	144787345	0.1968	rs2954675	3.75	rs2958483	0.145	-5.07	-0.19401	203	22	enet	0.12	1.8e-05	0.1318	0.895
Ovary	/media/kame/Data/_workings/resource/GTEv8//GTExv8.EUR.Ovary/ENSG00000161016.17.wgt.RDat	ENSG00000161016.17	8	144792586	144792587	0.0829	rs2954675	3.75	rs11784860	0.119	4.64	0.45928	200	5	enet	0.084	0.00032	0.1967	0.844
Ovary	/media/kame/Data/_workings/resource/GTEv8//GTExv8.EUR.Ovary/ENSG00000172785.18.wgt.RDat	ENSG00000172785.18	9	179146	179147	0.2886	rs17664774	3.54	rs3008110	0.172233	5.73	0.3375	451	35	enet	0.2	1.9e-08	0.36272	0.717
Ovary	/media/kame/Data/_workings/resource/GTEv8//GTExv8.EUR.Ovary/ENSG00000107249.21.wgt.RDat	ENSG00000107249.21	9	4348391	4348392	0.2551	rs7870193	14.31	rs4317631	0.03458	-3.81	0.3235	849	19	enet	-0.00026	0.33	0.49632	0.62
Ovary	/media/kame/Data/_workings/resource/GTEv8//GTExv8.EUR.Ovary/ENSG00000197646.7.wgt.RDat	ENSG00000197646.7	9	5510569	5510570	0.3855	rs7023227	-4.63	rs10815237	0.143693	5.36	0.5519	429	15	enet	0.12	2.1e-05	0.26843	0.788
Ovary	/media/kame/Data/_workings/resource/GTEv8//GTExv8.EUR.Ovary/ENSG00000225706.1.wgt.RDat	ENSG00000225706.1	9	8858129	8858130	0.6282	rs2890841	7.37	rs2217711	0.41795	7.59	-0.4249	742	17	enet	0.44	6.1e-19	0.47441	0.635
Ovary	/media/kame/Data/_workings/resource/GTEv8//GTExv8.EUR.Ovary/ENSG00000272871.1.wgt.RDat	ENSG00000272871.1	9	14590064	14590065	0.7037	rs16931853	4.92	rs1343706	0.417906	7.83	-1.1932	691	30	enet	0.5	1.2e-22	-0.48953	0.624
Ovary	/media/kame/Data/_workings/resource/GTEv8//GTExv8.EUR.Ovary/ENSG00000164946.19.wgt.RDat	ENSG00000164946.19	9	14910994	14910995	0.3673	rs16931853	4.92	rs12348103	0.133061	5.44	0.0698	697	32	enet	0.14	4.1e-06	-0.31629	0.752
Ovary	/media/kame/Data/_workings/resource/GTEv8//GTExv8.EUR.Ovary/ENSG00000215237.6.wgt.RDat	ENSG00000215237.6	9	14993311	14993312	0.4563	rs16931853	4.92	rs10961825	0.394054	7.7	0.1051	649	11	enet	0.4	3.5e-17	0.10664	0.915
Ovary	/media/kame/Data/_workings/resource/GTEv8//GTExv8.EUR.Ovary/ENSG00000164989.16.wgt.RDat	ENSG00000164989.16	9	15553085	15553086	0.2455	rs3866794	-3.76	rs1891210	0.05868	-4.13	-0.2654	453	27	enet	0.14	3.9e-06	0.64792	0.517
Ovary	/media/kame/Data/_workings/resource/GTEv8//GTExv8.EUR.Ovary/ENSG00000107295.9.wgt.RDat	ENSG00000107295.9	9	17579081	17579082	0.1262	rs10810738	6.11	rs10738485	0.036503	-4.15	0.227	544	8	enet	0.0069	0.17	-0.34823	0.728
Ovary	/media/kame/Data/_workings/resource/GTEv8//GTExv8.EUR.Ovary/ENSG00000273226.1.wgt.RDat	ENSG00000273226.1	9	19375450	19375451	0.2992	rs1556000	5.38	rs10119465	0.229129	5.79	0.3863	545	8	enet	0.16	4.9e-07	0.59466	0.552
Ovary	/media/kame/Data/_workings/resource/GTEv8//GTExv8.EUR.Ovary/ENSG00000176399.3.wgt.RDat	ENSG00000176399.3	9	22446840	22446841	0.2223	rs1329406	4.61	rs693370	0.201208	5.31	0.9333	430	18	enet	0.14	3.4e-06	-0.59481	0.552
Ovary	/media/kame/Data/_workings/resource/GTEv8//GTExv8.EUR.Ovary/ENSG00000234840.1.wgt.RDat	ENSG00000234840.1	9	22646199	22646200	0.1968	rs1329406	4.61	rs593899	0.024206	-4.61	0.0785	421	19	enet	0.092	0.00018	1.00883	0.313
Ovary	/media/kame/Data/_workings/resource/GTEv8//GTExv8.EUR.Ovary/ENSG00000096872.15.wgt.RDat	ENSG00000096872.15	9	26956372	26956373	0.5007	rs2077592	-4.78	rs7035447	0.143033	6.17	-0.026	625	53	enet	0.22	4.1e-09	-0.00804	0.994
Ovary	/media/kame/Data/_workings/resource/GTEv8//GTExv8.EUR.Ovary/ENSG00000184434.7.wgt.RDat	ENSG00000184434.7	9	27005692	27005693	0.3395	rs2077592	-4.78	rs10757635	0.164959	5.6	-1.1096	649	42	enet	0.14	4.3e-06	-0.78182	0.434
Ovary	/media/kame/Data/_workings/resource/GTEv8//GTExv8.EUR.Ovary/ENSG00000254396.1.wgt.RDat	ENSG00000254396.1	9	27102629	27102630	0.2266	rs765888	4.61	rs17755911	0.004215	4.08	-0.1107	648	13	enet	0.0048	0.2	-0.11961	0.905
Ovary	/media/kame/Data/_workings/resource/GTEv8//GTExv8.EUR.Ovary/ENSG00000147894.14.wgt.RDat	ENSG00000147894.14	9	27573865	27573866	0.5221	rs2039995	-3.15	rs13691	0.137839	-5.12	0.5759	715	30	enet	0.21	9.8e-09	-0.37363	0.709
Ovary	/media/kame/Data/_workings/resource/GTEv8//GTExv8.EUR.Ovary/ENSG00000241043.1.wgt.RDat	ENSG00000241043.1	9	32567126	32567127	0.3256	rs10970862	-7.92	rs637421	0.08099	4.41	1.14	515	50	enet	0.047	0.0061	0.39085	0.696
Ovary	/media/kame/Data/_workings/resource/GTEv8//GTExv8.EUR.Ovary/ENSG00000137074.18.wgt.RDat	ENSG00000137074.18	9	33025167	33025168	0.3229	rs4879592	-6.8	rs3818644	0.210328	5.53	-0.4626	478	60	enet	0.072	0.00085	0.05604	0.955
Ovary	/media/kame/Data/_workings/resource/GTEv8//GTExv8.EUR.Ovary/ENSG00000086102.18.wgt.RDat	ENSG00000086102.18	9	33290510	33290511	0.2969	rs3843935	-4.51	rs12683296	0.00176	3.64	1.1126	454	27	enet	0.071	0.00089	1.58702	0.113
Ovary	/media/kame/Data/_workings/resource/GTEv8//GTExv8.EUR.Ovary/ENSG00000165271.16.wgt.RDat	ENSG00000165271.16	9	33473929	33473930	0.2298	rs307652	-6.78	rs3758280	0.239293	5.9	0.8543	403	5	enet	0.18	1.1e-07	1.13768	0.255
Ovary	/media/kame/Data/_workings/resource/GTEv8//GTExv8.EUR.Ovary/ENSG00000260947.1.wgt.RDat	ENSG00000260947.1	9	33697458	33697459	0.326	rs307652	-6.78	rs16933401	0.28353	6.43	-0.6805	324	17	enet	0.21	6.3e-09	-0.17715	0.859
Ovary	/media/kame/Data/_workings/resource/GTEv8//GTExv8.EUR.Ovary/ENSG00000235481.2.wgt.RDat	ENSG00000235481.2	9	33818794	33818795	0.2448	rs307652	-6.78	rs12376762	0.090438	4.11	0.3714	304	22	enet	0.094	0.00014	0.61812	0.536
Ovary	/media/kame/Data/_workings/resource/GTEv8//GTExv8.EUR.Ovary/ENSG00000164978.17.wgt.RDat	ENSG00000164978.17	9	34329505	34329506	0.6643	rs307652	-6.78	rs10972063	0.243086	7.04	0.0325	337	15	enet	0.44	4.4e-19	2.2492	0.0245
Ovary	/media/kame/Data/_workings/resource/GTEv8//GTExv8.EUR.Ovary/ENSG00000230074.1.wgt.RDat	ENSG00000230074.1	9	34678099	34678100	0.6407	rs7037232	5.97	rs928150	0.238835	-6.5	3.3637	362	22	enet	0.27	3e-11	-1.37558	0.169
Ovary	/media/kame/Data/_workings/resource/GTEv8//GTExv8.EUR.Ovary/ENSG00000221829.9.wgt.RDat	ENSG00000221829.9	9	35080015	35080016	0.2625	rs7040391	-6.07	rs10972309	0.060381	4.49	0.1368	340	44	enet	0.057	0.0029	-1.81581	0.0694
Ovary	/media/kame/Data/_workings/resource/GTEv8//GTExv8.EUR.Ovary/ENSG00000165282.13.wgt.RDat	ENSG00000165282.13	9	35096600	35096601	0.1442	rs7040391	-6.07	rs527459	0.00494	-3.67	0.2301	333	24	enet	-0.0073	0.91	-1.70257	0.0886
Ovary	/media/kame/Data/_workings/resource/GTEv8//GTExv8.EUR.Ovary/ENSG00000137135.17.wgt.RDat	ENSG00000137135.17	9	35675759	35675760	0.3746	rs7040391	-6.07	rs34080245	0.14937	-4.83	-0.8633	406	4	enet	0.1	9.3e-05	0.79986	0.424
Ovary	/media/kame/Data/_workings/resource/GTEv8//GTExv8.EUR.Ovary/ENSG00000137103.16.wgt.RDat	ENSG00000137103.16	9	35816143	35816144	0.599	rs7040391	-6.07	rs10738948	0.270978	7	0.5545	421	58	enet	0.22	5.2e-09	1.12472	0.261
Ovary	/media/kame/Data/_workings/resource/GTEv8//GTExv8.EUR.Ovary/ENSG00000137106.17.wgt.RDat	ENSG00000137106.17	9	37422665	37422666	0.1569	rs10973282	9.9	rs10814535	0.062083	4.19	0.1895	459	18	enet	0.082	0.00038	1.56717	0.117
Ovary	/media/kame/Data/_workings/resource/GTEv8//GTExv8.EUR.Ovary/ENSG00000230188.1.wgt.RDat	ENSG00000230188.1	9	37490892	37490893	0.4241	rs10973282	9.9	rs2277161	0.300092	6.79	-0.1435	432	24	enet	0.26	1.2e-10	-0.10282	0.918
Ovary	/media/kame/Data/_workings/resource/GTEv8//GTExv8.EUR.Ovary/ENSG00000122696.13.wgt.RDat	ENSG00000122696.13	9	37904352	37904353	0.3535	rs7047872	6.14	rs7873455	0.22023	5.82	0.0804	526	40	enet	0.24	6.5e-10	-0.07731	0.938
Ovary	/media/kame/Data/_workings/resource/GTEv8//GTExv8.EUR.Ovary/ENSG00000135063.17.wgt.RDat	ENSG00000135063.17	9	69324571	69324572	0.2395	rs11144066	4.31	rs10869992	0.153883	4.95	-0.3263	492	20	enet	0.1	7.5e-05	0.11472	0.909
Ovary	/media/kame/Data/_workings/resource/GTEv8//GTExv8.EUR.Ovary/ENSG00000165072.9.wgt.RDat	ENSG00000165072.9	9	70043580	70043581	0.1252	rs2975920	-3.84	rs1180105	0.053256	3.43	-0.0407	410	23	enet	0.038	0.012	-0.77728	0.437
Ovary	/media/kame/Data/_workings/resource/GTEv8//GTExv8.EUR.Ovary/ENSG00000204706.14.wgt.RDat	ENSG00000204706.14	9	70175887	70175888	0.165	rs2975920	-3.84	rs867595	0.050518	4.05	-0.1036	430	22	enet	0.043	0.0087	-0.1969	0.844
Ovary	/media/kame/Data/_workings/resource/GTEv8//GTExv8.EUR.Ovary/ENSG00000236801.1.wgt.RDat	ENSG00000236801.1	9	70217194	70217195	0.2273	rs2975920	-3.84	rs10780871	0.042135	4.47	-0.3745	439	43	enet	0.042	0.0089	-1.30401	0.192
Ovary	/media/kame/Data/_workings/resource/GTEv8//GTExv8.EUR.Ovary/ENSG00000225434.2.wgt.RDat	ENSG00000225434.2	9	72305429	72305430	0.8786	rs1444842	-3.7	rs4745183	0.715245	9.92	0.4135	362	17	enet	0.68	1.4e-35	0.49755	0.619
Ovary	/media/kame/Data/_workings/resource/GTEv8//GTExv8.EUR.Ovary/ENSG00000106733.20.wgt.RDat	ENSG00000106733.20	9	75088216	75088217	0.7067	rs7032677	-7.45	rs3752955	0.440569	7.85	0.1511	438	47	enet	0.49	4.9e-22	-0.18374	0.854
Ovary	/media/kame/Data/_workings/resource/GTEv8//GTExv8.EUR.Ovary/ENSG00000134996.11.wgt.RDat	ENSG00000134996.11	9	75088542	75088543	0.2421	rs7032677	-7.45	rs4744735	0.000242	3.31	-2.0679	440	30	enet	-0.0067	0.77	-1.21508	0.224
Ovary	/media/kame/Data/_workings/resource/GTEv8//GTExv8.EUR.Ovary/ENSG00000135002.11.wgt.RDat	ENSG00000135002.11	9	76394516	76394517	0.2381	rs1934128	7.68	rs10521470	0.004406	-3.72	1.485	658	15	enet	0.0011	0.29	1.02819	0.304
Ovary	/media/kame/Data/_workings/resource/GTEv8//GTExv8.EUR.Ovary/ENSG00000197969.11.wgt.RDat	ENSG00000197969.11	9	77177352	77177353	0.2271	rs7047853	-5.08	rs10781432	0.18422	5.1	-0.3963	524	11	enet	0.14	3.6e-06	-0.72614	0.468
Ovary	/media/kame/Data/_workings/resource/GTEv8//GTExv8.EUR.Ovary/ENSG00000233926.1.wgt.RDat	ENSG00000233926.1	9	81689712	81689713	0.2852	rs11139328	-5.42	rs7041897	0.032364	-4.1	-1.179	377	10	enet	0.0044	0.21	0.03143	0.975
Ovary	/media/kame/Data/_workings/resource/GTEv8//GTExv8.EUR.Ovary/ENSG00000254473.1.wgt.RDat	ENSG00000254473.1	9	83708317	83708318	0.2567	rs11140416	-7.16	rs17080575	0.26561	6.11	-1.0089	519	12	enet	0.13	1.1e-05	-0.71273	0.476
Ovary	/media/kame/Data/_workings/resource/GTEv8//GTExv8.EUR.Ovary/ENSG00000226237.1.wgt.RDat	ENSG00000226237.1	9	86948698	86948699	0.3677	rs1331433	4.32	rs13296748	0.123959	-5.07	-2.1312	542	16	enet	0.11	3.8e-05	2.18005	0.0293
Ovary	/media/kame/Data/_workings/resource/GTEv8//GTExv8.EUR.Ovary/ENSG00000187764.11.wgt.RDat	ENSG00000187764.11	9	89498129	89498130	0.3305	rs7863857	-4.33	rs13283164	0.078756	-4.72	-1.5676	465	23	enet	0.11	3.5e-05	0.7945	0.427
Ovary	/media/kame/Data/_workings/resource/GTEv8//GTExv8.EUR.Ovary/ENSG00000229694.6.wgt.RDat	ENSG00000229694.6	9	91119061	91119062	0.3128	rs6479363	-5.04	rs12337100	0.067459	-4.54	-0.2919	557	12	enet	0.16	5e-07	0.26753	0.789
Ovary	/media/kame/Data/_workings/resource/GTEv8//GTExv8.EUR.Ovary/ENSG00000235641.4.wgt.RDat	ENSG00000235641.4	9	91159572	91159573	0.5269	rs6479363	-5.04	rs12337100	0.094689	-4.99	-0.2919	563	34	enet	0.23	2.3e-09	0.35195	0.725
Ovary	/media/kame/Data/_workings/resource/GTEv8//GTExv8.EUR.Ovary/ENSG00000234537.1.wgt.RDat	ENSG00000234537.1	9	92132397	92132398	0.5455	rs1746787	4.17	rs7048339	0.273174	6.27	0.0228	454	24	enet	0.22	4.4e-09	-0.54094	0.589
Ovary	/media/kame/Data/_workings/resource/GTEv8//GTExv8.EUR.Ovary/ENSG00000188312.13.wgt.RDat	ENSG00000188312.13	9	92325636	92325637	0.2985	rs1972214	-4.86	rs3858097	0.228192	6.1	0.2703	408	8	enet	0.18	1.7e-07	0.62813	0.53
Ovary	/media/kame/Data/_workings/resource/GTEv8//GTExv8.EUR.Ovary/ENSG00000131669.9.wgt.RDat	ENSG00000131669.9	9	93134287	93134288	0.306	rs7853605	8.89	rs10821076	0.270685	6.19	0.7123	430	14	enet	0.22	2.8e-09	0.68702	0.492
Ovary	/media/kame/Data/_workings/resource/GTEv8//GTExv8.EUR.Ovary/ENSG00000227603.1.wgt.RDat	ENSG00000227603.1	9	93437120	93437121	0.4027	rs7853605	8.89	rs7036984	0.27743	6.63	4.1354	490	15	enet	0.23	1.1e-09	4.84931	1.24e-06
Ovary	/media/kame/Data/_workings/resource/GTEv8//GTExv8.EUR.Ovary/ENSG00000232063.1.wgt.RDat	ENSG00000232063.1	9	94332475	94332476	0.4825	rs1410972	6.74	rs9409575	0.154214	5.68	-0.9959	416	45	enet	0.26	1.3e-10	1.08345	0.279
Ovary	/media/kame/Data/_workings/resource/GTEv8//GTExv8.EUR.Ovary/ENSG00000268926.2.wgt.RDat	ENSG00000268926.2	9	95772322	95772323	0.2498	rs10512249	8.21	rs10817721	0.011726	3.76	-0.2195	492	9	enet	0.022	0.045	-0.48782	0.626
Ovary	/media/kame/Data/_workings/resource/GTEv8//GTExv8.EUR.Ovary/ENSG00000175611.11.wgt.RDat	ENSG00000175611.11	9	95875699	95875700	0.5233	rs10512249	8.21	rs12001	0.302602	7.09	-0.212	523	15	enet	0.42	3.5e-18	-0.68179	0.495
Ovary	/media/kame/Data/_workings/resource/GTEv8//GTExv8.EUR.Ovary/ENSG00000188152.12.wgt.RDat	ENSG00000188152.12	9	96928309	96928310	0.1428	rs920769	-5.57	rs10978609	0.013228	4.1	-0.8125	231	15	enet	0.042	0.0089	-0.34247	0.732
Ovary	/media/kame/Data/_workings/resource/GTEv8//GTExv8.EUR.Ovary/ENSG00000196312.12.wgt.RDat	ENSG00000196312.12	9	97013599	97013600	0.131	rs920769	-5.57	rs10978752	0.059233	-3.93	0.1287	227	21	enet	0.039	0.012	-0.78319	0.434
Ovary	/media/kame/Data/_workings/resource/GTEv8//GTExv8.EUR.Ovary/ENSG00000159712.10.wgt.RDat	ENSG00000159712.10	9	97221234	97221235	0.1575	rs920769	-5.57	rs6478095	0.114955	-4.83	0.0193	292	18	enet	0.043	0.0084	0.1157	0.908
Ovary	/media/kame/Data/_workings/resource/GTEv8//GTExv8.EUR.Ovary/ENSG00000203279.3.wgt.RDat	ENSG00000203279.3	9	97238699	97238700	0.1789	rs920769	-5.57	rs4313271	0.164278	-5.24	0.0343	302	20	enet	0.11	3.2e-05	-0.1087	0.913
Ovary	/media/kame/Data/_workings/resource/GTEv8//GTExv8.EUR.Ovary/ENSG00000204291.10.wgt.RDat	ENSG00000204291.10	9	98943178	98943179	0.2981	rs411102	4.74	rs2295924	0.020337	3.85	0.4349	555	12	enet	0.01	0.12	0.46118	0.645
Ovary	/media/kame/Data/_workings/resource/GTEv8//GTExv8.EUR.Ovary/ENSG00000136824.18.wgt.RDat	ENSG00000136824.18	9	104094259	104094260	0.1592	rs1352928	5.57	rs10991186	0.107575	4.96	0.337	502	11	enet	0.089	0.00023	0.16514	0.869
Ovary	/media/kame/Data/_workings/resource/GTEv8//GTExv8.EUR.Ovary/ENSG00000136783.9.wgt.RDat	ENSG00000136783.9	9	104747687	104747688	0.288	rs2297408	7.5	rs10820722	0.232684	-5.73	1.0863	603	13	enet	0.2	3.1e-08	-0.8944	0.371
Ovary	/media/kame/Data/_workings/resource/GTEv8//GTExv8.EUR.Ovary/ENSG00000226334.1.wgt.RDat	ENSG00000226334.1	9	104927552	104927553	0.446	rs2297408	7.5	rs2487031	0.160001	5.27	-0.2805	581	34	enet	0.17	2.1e-07	-0.31853	0.75
Ovary	/media/kame/Data/_workings/resource/GTEv8//GTExv8.EUR.Ovary/ENSG00000186051.6.wgt.RDat	ENSG00000186051.6	9	105662456	105662457	0.1725	rs12555370	3.82	rs9299115	0.020493	3.7	-0.0595	402	23	enet	0.029	0.025	1.62181	0.105
Ovary	/media/kame/Data/_workings/resource/GTEv8//GTExv8.EUR.Ovary/ENSG00000070061.14.wgt.RDat	ENSG00000070061.14	9	108934115	108934116	0.4934	rs4978793	-5.59	rs9299166	0.281309	6.56	-0.0564	608	27	enet	0.31	7.6e-13	0.36243	0.717
Ovary	/media/kame/Data/_workings/resource/GTEv8//GTExv8.EUR.Ovary/ENSG00000119328.11.wgt.RDat	ENSG00000119328.11	9	108934180	108934181	0.2126	rs4978793	-5.59	rs11791687	0.028491	-3.76	-0.2684	608	27	enet	0.026	0.032	0.08568	0.932
Ovary	/media/kame/Data/_workings/resource/GTEv8//GTExv8.EUR.Ovary/ENSG00000260230.2.wgt.RDat	ENSG00000260230.2	9	109167290	109167291	0.3002	rs4978793	-5.59	rs10116353	0.202103	5.73	-1.6295	597	10	enet	0.2	3.1e-08	-1.24625	0.213
Ovary	/media/kame/Data/_workings/resource/GTEv8//GTExv8.EUR.Ovary/ENSG00000136810.12.wgt.RDat	ENSG00000136810.12	9	110256639	110256640	0.4437	rs7028791	-10.1	rs1049927	0.410429	-7.61	0.0179	643	17	enet	0.38	4.5e-16	0.14619	0.884
Ovary	/media/kame/Data/_workings/resource/GTEv8//GTExv8.EUR.Ovary/ENSG00000173258.12.wgt.RDat	ENSG00000173258.12	9	111525158	111525159	0.2692	rs3780520	7.61	rs7027778	0.195984	-5.27	0.2291	491	34	enet	0.14	3.2e-06	1.53885	0.124
Ovary	/media/kame/Data/_workings/resource/GTEv8//GTExv8.EUR.Ovary/ENSG00000106853.18.wgt.RDat	ENSG00000106853.18	9	111599854	111599855	0.2738	rs3780520	7.61	rs16916245	0.068372	-4.95	-0.6378	495	17	enet	0.07	0.001	-0.00217	0.998
Ovary	/media/kame/Data/_workings/resource/GTEv8//GTExv8.EUR.Ovary/ENSG00000204173.10.wgt.RDat	ENSG00000204173.10	9	111631288	111631289	0.3736	rs3780520	7.61	rs10817197	0.091636	-5.01	0.5781	501	34	enet	0.32	2.2e-13	0.52967	0.596
Ovary	/media/kame/Data/_workings/resource/GTEv8//GTExv8.EUR.Ovary/ENSG00000242616.3.wgt.RDat	ENSG00000242616.3	9	111661334	111661335	0.3369	rs3780520	7.61	rs4979034	0.220241	-6.24	-0.5165	502	15	enet	0.28	1.5e-11	-0.05275	0.958
Ovary	/media/kame/Data/_workings/resource/GTEv8//GTExv8.EUR.Ovary/ENSG00000213529.3.wgt.RDat	ENSG00000213529.3	9	112362713	112362714	0.1071	rs7852336	-8.37	rs7048129	0.020029	-3.7	-8.0398	454	7	enet	-0.0068	0.78	5.23016	1.69e-07
Ovary	/media/kame/Data/_workings/resource/GTEv8//GTExv8.EUR.Ovary/ENSG00000176386.8.wgt.RDat	ENSG00000176386.8	9	113273437	113273438	0.3306	rs10759611	6.35	rs10817474	0.180511	-5.81	-0.9338	606	18	enet	0.2	2.7e-08	0.82381	0.41
Ovary	/media/kame/Data/_workings/resource/GTEv8//GTExv8.EUR.Ovary/ENSG00000136875.12.wgt.RDat	ENSG00000136875.12	9	113275342	113275343	0.3533	rs10759611	6.35	rs17763934	0.193308	5.42	-0.8287	606	7	enet	0.19	4.9e-08	-0.3269	0.744
Ovary	/media/kame/Data/_workings/resource/GTEv8//GTExv8.EUR.Ovary/ENSG00000119431.9.wgt.RDat	ENSG00000119431.9	9	113376998	113376999	0.4668	rs10759611	6.35	rs3747815	0.214052	-5.51	2.2985	585	27	enet	0.19	7.1e-08	-1.06954	0.285
Ovary	/media/kame/Data/_workings/resource/GTEv8//GTExv8.EUR.Ovary/ENSG00000095397.13.wgt.RDat	ENSG00000095397.13	9	114505449	114505450	0.3401	rs11787779	-7.13	rs7036626	0.166079	-5.5	-0.0464	671	18	enet	0.15	2.3e-06	0.14688	0.883
Ovary	/media/kame/Data/_workings/resource/GTEv8//GTExv8.EUR.Ovary/ENSG00000106780.8.wgt.RDat	ENSG00000106780.8	9	120714469	120714470	0.2149	rs2269066	4.84	rs10760112	0.103365	-4.55	1.9308	319	31	enet	0.055	0.0032	-1.68189	0.0926
Ovary	/media/kame/Data/_workings/resource/GTEv8//GTExv8.EUR.Ovary/ENSG00000226752.9.wgt.RDat	ENSG00000226752.9	9	120824827	120824828	0.8687	rs2269066	4.84	rs4837796	0.679622	9.81	0.9235	335	10	enet	0.7	7.1e-38	1.2306	0.218
Ovary	/media/kame/Data/_workings/resource/GTEv8//GTExv8.EUR.Ovary/ENSG00000095261.13.wgt.RDat	ENSG00000095261.13	9	120842983	120842984	0.1457	rs2269066	4.84	rs4837796	0.192322	5.25	0.9235	349	9	enet	0.16	6e-07	1.26023	0.208
Ovary	/media/kame/Data/_workings/resource/GTEv8//GTExv8.EUR.Ovary/ENSG00000056558.10.wgt.RDat	ENSG00000056558.10	9	120929172	120929173	0.2807	rs2269066	4.84	rs10760121	0.060282	-3.89	-0.3326	329	37	enet	0.12	2.3e-05	0.99947	0.318
Ovary	/media/kame/Data/_workings/resource/GTEv8//GTExv8.EUR.Ovary/ENSG00000136848.16.wgt.RDat	ENSG00000136848.16	9	121567056	121567057	0.4457	rs10119203	4.26	rs10985387	0.284449	6.38	0.2516	431	48	enet	0.18	1.3e-07	0.11826	0.906
Ovary	/media/kame/Data/_workings/resource/GTEv8//GTExv8.EUR.Ovary/ENSG00000261534.1.wgt.RDat	ENSG00000261534.1	9	121819451	121819452	0.1738	rs3793621	-5.86	rs10985529	-0.001865	4.16	-0.5142	466	12	enet	0.0099	0.13	0.48067	0.631
Ovary	/media/kame/Data/_workings/resource/GTEv8//GTExv8.EUR.Ovary/ENSG00000136930.12.wgt.RDat	ENSG00000136930.12	9	124415443	124415444	0.2252	rs16927096	4.73	rs7027515	0.181091	-5.97	1.4814	379	18	enet	0.18	1.4e-07	-1.90164	0.0572
Ovary	/media/kame/Data/_workings/resource/GTEv8//GTExv8.EUR.Ovary/ENSG00000136950.13.wgt.RDat	ENSG00000136950.13	9	124862129	124862130	0.1666	rs391957	11.41	rs4838239	0.085825	4.71	0.488	265	9	enet	0.12	2.4e-05	0.60277	0.547
Ovary	/media/kame/Data/_workings/resource/GTEv8//GTExv8.EUR.Ovary/ENSG00000136933.16.wgt.RDat	ENSG00000136933.16	9	125200541	125200542	0.1096	rs391957	11.41	rs7038668	-0.000337	-3.09	-1.1462	317	18	enet	0.01	0.12	3.54289	0.000396
Ovary	/media/kame/Data/_workings/resource/GTEv8//GTExv8.EUR.Ovary/ENSG00000165219.21.wgt.RDat	ENSG00000165219.21	9	125261793	125261794	0.2037	rs391957	11.41	rs1250505	0.094067	4.6	-1.0062	316	20	enet	0.053	0.0039	-3.48595	0.00049
Ovary	/media/kame/Data/_workings/resource/GTEv8//GTExv8.EUR.Ovary/ENSG00000197958.12.wgt.RDat	ENSG00000197958.12	9	127451404	127451405	0.1719	rs2779728	4.33	rs13292096	0.145888	-4.78	-4.1122	360	21	enet	0.069	0.0011	4.07632	4.58e-05
Ovary	/media/kame/Data/_workings/resource/GTEv8//GTExv8.EUR.Ovary/ENSG00000167103.11.wgt.RDat	ENSG00000167103.11	9	127930796	127930797	0.2481	rs7023913	-4.97	rs7860034	0.09869	4.09	1.2423	341	24	enet	0.057	0.0028	-0.09626	0.923
Ovary	/media/kame/Data/_workings/resource/GTEv8//GTExv8.EUR.Ovary/ENSG00000273186.1.wgt.RDat	ENSG00000273186.1	9	128431597	128431598	0.1734	rs7023913	-4.97	rs2275260	0.09284	4.17	-3.2728	285	27	enet	0.07	0.00097	-3.64187	0.000271
Ovary	/media/kame/Data/_workings/resource/GTEv8//GTExv8.EUR.Ovary/ENSG00000136811.16.wgt.RDat	ENSG00000136811.16	9	128455185	128455186	0.1179	rs7023913	-4.97	rs2072400	0.138743	4.54	-1.9779	274	10	enet	0.11	3e-05	-2.32503	0.0201
Ovary	/media/kame/Data/_workings/resource/GTEv8//GTExv8.EUR.Ovary/ENSG00000167136.6.wgt.RDat	ENSG00000167136.6	9	128818473	128818474	0.456	rs10513496	7	rs2417126	0.174428	-5.54	0.1479	310	36	enet	0.13	1e-05	-1.02276	0.306
Ovary	/media/kame/Data/_workings/resource/GTEv8//GTExv8.EUR.Ovary/ENSG00000175287.18.wgt.RDat	ENSG00000175287.18	9	128920894	128920895	0.2807	rs11564100	6.45	rs7850015	0.177155	-5.33	0.579	342	37	enet	0.17	3.5e-07	-1.39527	0.163
Ovary	/media/kame/Data/_workings/resource/GTEv8//GTExv8.EUR.Ovary/ENSG00000268707.1.wgt.RDat	ENSG00000268707.1	9	129170433	129170434	0.3453	rs11564100	6.45	rs3118634	0.273571	6.13	-0.054	386	38	enet	0.25	1.7e-10	0.11992	0.905
Ovary	/media/kame/Data/_workings/resource/GTEv8//GTExv8.EUR.Ovary/ENSG00000136816.15.wgt.RDat	ENSG00000136816.15	9	129803152	129803153	0.5563	rs885345	6.59	rs16931454	0.042014	4.11	-0.0046	469	91	enet	0.12	1.9e-05	-1.37789	0.168
Ovary	/media/kame/Data/_workings/resource/GTEv8//GTExv8.EUR.Ovary/ENSG00000125485.17.wgt.RDat	ENSG00000125485.17	9	132670033	132670034	0.6212	rs3739905	-7.74	rs3739905	0.512083	8.7	-7.736	533	12	enet	0.51	8.1e-23	-7.41511	1.22e-13
Ovary	/media/kame/Data/_workings/resource/GTEv8//GTExv8.EUR.Ovary/ENSG00000175164.13.wgt.RDat	ENSG00000175164.13	9	133275213	133275214	0.4424	rs1108581	4.78	rs8176732	0.36409	-7.2	0.0786	564	19	enet	0.35	2e-14	-0.01885	0.985
Ovary	/media/kame/Data/_workings/resource/GTEv8//GTExv8.EUR.Ovary/ENSG00000148296.6.wgt.RDat	ENSG00000148296.6	9	133336397	133336398	0.421	rs1108581	4.78	rs886090	0.215428	-5.8	-0.7107	579	17	enet	0.2	2.9e-08	0.71076	0.477
Ovary	/media/kame/Data/_workings/resource/GTEv8//GTExv8.EUR.Ovary/ENSG00000148290.9.wgt.RDat	ENSG00000148290.9	9	133356675	133356676	0.3665	rs1108581	4.78	rs3118667	0.18001	5.65	0.0566	572	25	enet	0.17	2.3e-07	0.01332	0.989
Ovary	/media/kame/Data/_workings/resource/GTEv8//GTExv8.EUR.Ovary/ENSG00000160323.18.wgt.RDat	ENSG00000160323.18	9	133414357	133414358	0.4471	rs1108581	4.78	rs17150554	0.157284	5.18	0.5106	571	34	enet	0.24	4.2e-10	-0.03621	0.971
Ovary	/media/kame/Data/_workings/resource/GTEv8//GTExv8.EUR.Ovary/ENSG00000123454.10.wgt.RDat	ENSG00000123454.10	9	133636359	133636360	0.3792	rs11789898	9.75	rs7040170	0.140878	4.87	0.9035	582	29	enet	0.24	4.9e-10	-0.24329	0.808
Ovary	/media/kame/Data/_workings/resource/GTEv8//GTExv8.EUR.Ovary/ENSG00000225756.1.wgt.RDat	ENSG00000225756.1	9	133657312	133657313	0.5889	rs11789898	9.75	rs7040170	0.202711	5.46	0.9035	583	47	enet	0.36	4.3e-15	-0.83026	0.406
Ovary	/media/kame/Data/_workings/resource/GTEv8//GTExv8.EUR.Ovary/ENSG00000235106.9.wgt.RDat	ENSG00000235106.9	9	134025438	134025439	0.3672	rs11789898	9.75	rs2810492	0.042155	4.06	2.6225	578	22	enet	0.0075	0.16	1.14359	0.253
Ovary	/media/kame/Data/_workings/resource/GTEv8//GTExv8.EUR.Ovary/ENSG00000130560.8.wgt.RDat	ENSG00000130560.8	9	135961379	135961380	0.3005	rs10776844	7.69	rs6569	0.104062	3.99	-0.2106	434	25	enet	0.041	0.01	-0.34112	0.733
Ovary	/media/kame/Data/_workings/resource/GTEv8//GTExv8.EUR.Ovary/ENSG00000213221.4.wgt.RDat	ENSG00000213221.4	9	136363788	136363789	0.5925	rs7854618	3.51	rs11145958	0.099566	5.17	-1.4285	372	14	enet	0.23	1.5e-09	-1.52068	0.128
Ovary	/media/kame/Data/_workings/resource/GTEv8//GTExv8.EUR.Ovary/ENSG00000187796.13.wgt.RDat	ENSG00000187796.13	9	136373680	136373681	0.2309	rs7854618	3.51	rs17567909	0.138584	4.78	0.7007	370	16	enet	0.069	0.001	0.23584	0.814
Ovary	/media/kame/Data/_workings/resource/GTEv8//GTExv8.EUR.Ovary/ENSG00000148384.12.wgt.RDat	ENSG00000148384.12	9	136439822	136439823	0.1851	rs7854618	3.51	rs10870164	0.188385	-5.28	-0.534	367	15	enet	0.073	0.00077	0.09445	0.925
Ovary	/media/kame/Data/_workings/resource/GTEv8//GTExv8.EUR.Ovary/ENSG00000148396.18.wgt.RDat	ENSG00000148396.18	9	136477688	136477689	0.193	rs7854618	3.51	rs10870070	-0.004207	-3.48	0.1371	372	21	enet	0.0073	0.16	0.9058	0.365
Ovary	/media/kame/Data/_workings/resource/GTEv8//GTExv8.EUR.Ovary/ENSG00000233016.6.wgt.RDat	ENSG00000233016.6	9	136728183	136728184	0.5955	rs7390663	-4.15	rs6874	0.424238	-7.73	0.915	383	32	enet	0.46	2.7e-20	0.26586	0.79
Ovary	/media/kame/Data/_workings/resource/GTEv8//GTExv8.EUR.Ovary/ENSG00000184925.11.wgt.RDat	ENSG00000184925.11	9	136949550	136949551	0.4691	rs1142749	-5.2	rs11793787	0.398263	-7.51	0.157	382	17	enet	0.37	1.2e-15	0.17017	0.865
Ovary	/media/kame/Data/_workings/resource/GTEv8//GTExv8.EUR.Ovary/ENSG00000107317.12.wgt.RDat	ENSG00000107317.12	9	136975091	136975092	0.3594	rs1142749	-5.16	rs11793787	0.068417	-4.21	0.157	379	11	enet	0.07	0.001	0.89948	0.368
Ovary	/media/kame/Data/_workings/resource/GTEv8//GTExv8.EUR.Ovary/ENSG00000214402.6.wgt.RDat	ENSG00000214402.6	9	136982992	136982993	0.1599	rs1142749	-5.17	rs884218	0.050145	3.67	0.0388	374	9	enet	0.012	0.1	0.20469	0.838
Ovary	/media/kame/Data/_workings/resource/GTEv8//GTExv8.EUR.Ovary/ENSG00000180539.7.wgt.RDat	ENSG00000180539.7	9	137027463	137027464	0.274	rs1142749	-5.24	rs3750517	0.041036	-3.92	0.7373	363	23	enet	0.041	0.0098	0.80172	0.423
Ovary	/media/kame/Data/_workings/resource/GTEv8//GTExv8.EUR.Ovary/ENSG00000107281.9.wgt.RDat	ENSG00000107281.9	9	137046202	137046203	0.2234	rs1142749	-5.24	rs11145987	0.067904	-4.57	-0.8968	365	19	enet	0.097	0.00012	0.27534	0.783
Ovary	/media/kame/Data/_workings/resource/GTEv8//GTExv8.EUR.Ovary/ENSG00000268996.3.wgt.RDat	ENSG00000268996.3	9	137086816	137086817	0.2299	rs1142749	-5.19	rs7853336	0.137619	5.43	-0.4755	364	7	enet	0.11	4e-05	-0.60165	0.547
Ovary	/media/kame/Data/_workings/resource/GTEv8//GTExv8.EUR.Ovary/ENSG00000188163.7.wgt.RDat	ENSG00000188163.7	9	137247769	137247770	0.2818	rs3125786	6.27	rs28455773	0.143374	4.92	-2.4325	356	18	enet	0.078	0.00053	-2.85736	0.00427
Ovary	/media/kame/Data/_workings/resource/GTEv8//GTExv8.EUR.Ovary/ENSG00000197768.10.wgt.RDat	ENSG00000197768.10	9	137251367	137251368	0.2069	rs3125786	6.27	rs9330201	0.011961	4.09	-2.221	358	13	enet	0.07	0.00097	-1.6811	0.0927
Ovary	/media/kame/Data/_workings/resource/GTEv8//GTExv8.EUR.Ovary/ENSG00000182154.7.wgt.RDat	ENSG00000182154.7	9	137551198	137551199	0.3283	rs3125786	6.27	rs13301653	0.176742	-5.48	0.4582	326	18	enet	0.062	0.0019	-0.3075	0.758
Ovary	/media/kame/Data/_workings/resource/GTEv8//GTExv8.EUR.Ovary/ENSG00000197070.13.wgt.RDat	ENSG00000197070.13	9	137605653	137605654	0.2086	rs3125786	6.27	rs950078	0.038604	3.86	-0.0975	321	31	enet	0.088	0.00023	-0.26786	0.789
Ovary	/media/kame/Data/_workings/resource/GTEv8//GTExv8.EUR.Ovary/ENSG00000159247.13.wgt.RDat	ENSG00000159247.13	9	138150074	138150075	0.2913	rs3125786	6.27	rs2739260	0.092019	4.5	0.765	168	7	enet	0.048	0.0056	0.06984	0.944
Ovary	/media/kame/Data/_workings/resource/GTEv8//GTExv8.EUR.Ovary/ENSG00000261456.5.wgt.RDat	ENSG00000261456.5	10	74162	74163	0.2834	rs3922851	6.78	rs2379078	0.15969	5.1	0.05886	172	10	enet	0.098	0.00011	-1.40568	0.16
Ovary	/media/kame/Data/_workings/resource/GTEv8//GTExv8.EUR.Ovary/ENSG00000047056.14.wgt.RDat	ENSG00000047056.14	10	1049537	1049538	0.1621	rs11253452	4.61	rs3817043	-0.005915	3.62	2.54968	512	36	enet	-0.0038	0.49	1.25983	0.208
Ovary	/media/kame/Data/_workings/resource/GTEv8//GTExv8.EUR.Ovary/ENSG00000107959.15.wgt.RDat	ENSG00000107959.15	10	3172840	3172841	0.2088	rs11251582	-6.12	rs17135436	0.071535	4.13	-0.26275	727	23	enet	0.072	0.00085	-1.29449	0.195
Ovary	/media/kame/Data/_workings/resource/GTEv8//GTExv8.EUR.Ovary/ENSG00000165568.17.wgt.RDat	ENSG00000165568.17	10	4786628	4786629	0.321	rs313477	5.34	rs11252774	0.022544	-4.51	0.27686	665	10	enet	0.053	0.0037	0.07851	0.937
Ovary	/media/kame/Data/_workings/resource/GTEv8//GTExv8.EUR.Ovary/ENSG00000196139.13.wgt.RDat	ENSG00000196139.13	10	5035353	5035354	0.4999	rs313477	5.34	rs7908994	0.193576	5.33	0.54473	648	39	enet	0.3	1.6e-12	0.60928	0.542
Ovary	/media/kame/Data/_workings/resource/GTEv8//GTExv8.EUR.Ovary/ENSG00000057608.16.wgt.RDat	ENSG00000057608.16	10	5842131	5842132	0.2332	rs626344	5.87	rs1858446	0.200962	-5.51	0.27602	694	18	enet	0.12	1.8e-05	-1.2985	0.194
Ovary	/media/kame/Data/_workings/resource/GTEv8//GTExv8.EUR.Ovary/ENSG00000151655.18.wgt.RDat	ENSG00000151655.18	10	7703268	7703269	0.2658	rs10795560	-5.29	rs7907897	0.009541	-4.17	-0.27286	609	16	enet	0.019	0.056	-0.09494	0.924
Ovary	/media/kame/Data/_workings/resource/GTEv8//GTExv8.EUR.Ovary/ENSG00000134463.14.wgt.RDat	ENSG00000134463.14	10	11742365	11742366	0.8539	rs10795892	4.04	rs3829154	0.211778	-5.57	-0.26575	470	44	enet	0.48	1.6e-21	-1.24666	0.213
Ovary	/media/kame/Data/_workings/resource/GTEv8//GTExv8.EUR.Ovary/ENSG00000225778.5.wgt.RDat	ENSG00000225778.5	10	11894699	11894700	0.3415	rs10795892	4.04	rs3780864	0.002469	3.44	1.24814	408	21	enet	0.025	0.035	0.19083	0.849
Ovary	/media/kame/Data/_workings/resource/GTEv8//GTExv8.EUR.Ovary/ENSG00000228330.1.wgt.RDat	ENSG00000228330.1	10	13142976	13142977	0.2484	rs1890876	-7.11	rs10906306	-0.00613	-3.81	0.13459	640	18	enet	-0.0014	0.37	-0.02431	0.981
Ovary	/media/kame/Data/_workings/resource/GTEv8//GTExv8.EUR.Ovary/ENSG00000165623.9.wgt.RDat	ENSG00000165623.9	10	13234333	13234334	0.3581	rs1890876	-7.11	rs4465274	0.249857	6.56	0.09147	676	23	enet	0.24	6.8e-10	0.44798	0.654
Ovary	/media/kame/Data/_workings/resource/GTEv8//GTExv8.EUR.Ovary/ENSG00000239665.8.wgt.RDat	ENSG00000239665.8	10	13631142	13631143	0.4481	rs1890876	-7.11	rs10906433	0.041273	-4.23	1.13615	706	40	enet	0.076	6e-04	-1.53645	0.124
Ovary	/media/kame/Data/_workings/resource/GTEv8//GTExv8.EUR.Ovary/ENSG00000152465.17.wgt.RDat	ENSG00000152465.17	10	15168692	15168693	0.2012	rs10906845	9.52	rs10906845	0.033817	-4.24	9.52387	527	18	enet	0.093	0.00016	-5.05892	4.22e-07
Ovary	/media/kame/Data/_workings/resource/GTEv8//GTExv8.EUR.Ovary/ENSG00000148484.17.wgt.RDat	ENSG00000148484.17	10	16817527	16817528	0.5008	rs11254160	-7.87	rs2603804	0.296214	6.54	0.91545	648	5	enet	0.28	1.9e-11	0.46	0.646
Ovary	/media/kame/Data/_workings/resource/GTEv8//GTExv8.EUR.Ovary/ENSG00000107614.21.wgt.RDat	ENSG00000107614.21	10	17202053	17202054	0.2514	rs11254160	-7.87	rs17381591	0.13499	-4.82	1.84825	649	16	enet	0.07	0.00097	-1.15457	0.248
Ovary	/media/kame/Data/_workings/resource/GTEv8//GTExv8.EUR.Ovary/ENSG00000204832.9.wgt.RDat	ENSG00000204832.9	10	17386935	17386936	0.6513	rs11254514	-5.19	rs1838428	0.030503	5.04	-1.29946	552	28	enet	0.11	4.1e-05	-0.24517	0.806
Ovary	/media/kame/Data/_workings/resource/GTEv8//GTExv8.EUR.Ovary/ENSG00000240291.1.wgt.RDat	ENSG00000240291.1	10	18545559	18545560	0.3477	rs7477742	-10.63	rs10828851	0.251998	6.29	1.09256	594	21	enet	0.22	2.7e-09	-0.35653	0.721
Ovary	/media/kame/Data/_workings/resource/GTEv8//GTExv8.EUR.Ovary/ENSG00000204740.10.wgt.RDat	ENSG00000204740.10	10	19048770	19048771	0.3091	rs11008895	-7	rs11010193	0.04615	4.02	0.35566	550	34	enet	0.11	3.8e-05	-0.00422	0.997
Ovary	/media/kame/Data/_workings/resource/GTEv8//GTExv8.EUR.Ovary/ENSG00000168267.6.wgt.RDat	ENSG00000168267.6	10	23192326	23192327	0.188	rs12769114	-3.64	rs6482261	0.008064	-3.54	-1.67958	335	19	enet	0.00017	0.31	1.05001	0.294
Ovary	/media/kame/Data/_workings/resource/GTEv8//GTExv8.EUR.Ovary/ENSG00000179133.12.wgt.RDat	ENSG00000179133.12	10	23343955	23343956	0.4003	rs12769114	-3.64	rs2036920	0.194353	5.79	1.02055	347	14	enet	0.2	3.2e-08	0.56257	0.574
Ovary	/media/kame/Data/_workings/resource/GTEv8//GTExv8.EUR.Ovary/ENSG00000148459.15.wgt.RDat	ENSG00000148459.15	10	26697658	26697659	0.297	rs1748329	4.96	rs4749114	-0.007062	-3.72	-0.23054	438	26	enet	0.017	0.067	0.62932	0.529
Ovary	/media/kame/Data/_workings/resource/GTEv8//GTExv8.EUR.Ovary/ENSG00000283709.1.wgt.RDat	ENSG00000283709.1	10	26944417	26944418	0.2636	rs1748329	4.96	rs12779247	0.110637	5.13	-2.60848	442	32	enet	0.13	5.6e-06	-3.43285	0.000597
Ovary	/media/kame/Data/_workings/resource/GTEv8//GTExv8.EUR.Ovary/ENSG00000120539.14.wgt.RDat	ENSG00000120539.14	10	27155266	27155267	0.1774	rs1748329	4.96	rs7477806	0.015472	-4.18	-1.7779	450	28	enet	0.057	0.0029	0.5538	0.58
Ovary	/media/kame/Data/_workings/resource/GTEv8//GTExv8.EUR.Ovary/ENSG00000230445.4.wgt.RDat	ENSG00000230445.4	10	27259454	27259455	0.2946	rs2637317	5.49	rs1328602	0.22318	-6.3	-0.22047	446	14	enet	0.14	4.2e-06	0.96431	0.335
Ovary	/media/kame/Data/_workings/resource/GTEv8//GTExv8.EUR.Ovary/ENSG00000230500.1.wgt.RDat	ENSG00000230500.1	10	27744785	27744786	0.2331	rs2815496	6.31	rs2484204	0.017743	-3.52	0.20942	464	25	enet	0.047	0.0061	1.07216	0.284
Ovary	/media/kame/Data/_workings/resource/GTEv8//GTExv8.EUR.Ovary/ENSG00000224597.9.wgt.RDat	ENSG00000224597.9	10	29409401	29409402	0.2241	rs7089591	-5.68	rs7893339	0.040126	-4.12	0.02008	717	13	enet	0.0035	0.23	-0.79301	0.428
Ovary	/media/kame/Data/_workings/resource/GTEv8//GTExv8.EUR.Ovary/ENSG00000237135.1.wgt.RDat	ENSG00000237135.1	10	30921234	30921235	0.3188	rs623635	-6.05	rs1690627	0.029774	-4.34	0.03119	452	15	enet	0.11	2.9e-05	-0.29672	0.767
Ovary	/media/kame/Data/_workings/resource/GTEv8//GTExv8.EUR.Ovary/ENSG00000183621.15.wgt.RDat	ENSG00000183621.15	10	31031936	31031937	0.1897	rs623635	-6.05	rs11008280	0.026675	-3.71	0.12866	419	27	enet	0.022	0.045	-0.2105	0.833
Ovary	/media/kame/Data/_workings/resource/GTEv8//GTExv8.EUR.Ovary/ENSG00000273038.2.wgt.RDat	ENSG00000273038.2	10	32889310	32889311	0.1567	rs7901189	-9.64	rs2490485	0.126265	-4.9	0.50326	447	10	enet	0.026	0.033	-0.17228	0.863
Ovary	/media/kame/Data/_workings/resource/GTEv8//GTExv8.EUR.Ovary/ENSG00000226386.1.wgt.RDat	ENSG00000226386.1	10	34815766	34815767	0.4391	rs9787643	-6.12	rs2492456	0.163942	5.85	-2.11686	321	14	enet	0.23	1.1e-09	-1.16354	0.245
Ovary	/media/kame/Data/_workings/resource/GTEv8//GTExv8.EUR.Ovary/ENSG00000233200.1.wgt.RDat	ENSG00000233200.1	10	35230597	35230598	0.4185	rs9787643	-6.12	rs2504352	0.32385	7.05	-1.1491	311	38	enet	0.32	3.2e-13	-1.68749	0.0915
Ovary	/media/kame/Data/_workings/resource/GTEv8//GTExv8.EUR.Ovary/ENSG00000271335.5.wgt.RDat	ENSG00000271335.5	10	35336400	35336401	0.3884	rs9787643	-6.12	rs731544	0.344905	7.4	-1.89674	331	15	enet	0.38	4.6e-16	-1.61358	0.107
Ovary	/media/kame/Data/_workings/resource/GTEv8//GTExv8.EUR.Ovary/ENSG00000175395.15.wgt.RDat	ENSG00000175395.15	10	37976632	37976633	0.1582	rs7101183	-3.93	rs7077099	0.09155	4.83	-0.17139	260	18	enet	0.089	0.00023	0.00469	0.996
Ovary	/media/kame/Data/_workings/resource/GTEv8//GTExv8.EUR.Ovary/ENSG00000276805.2.wgt.RDat	ENSG00000276805.2	10	38403188	38403189	0.4542	rs7101183	-3.93	rs1208586	0.069149	4.31	-0.08187	122	29	enet	0.21	1.4e-08	0.86228	0.389
Ovary	/media/kame/Data/_workings/resource/GTEv8//GTExv8.EUR.Ovary/ENSG00000215146.4.wgt.RDat	ENSG00000215146.4	10	42367973	42367974	0.3222	rs11239623	5.13	rs7086623	0.158802	6.53	-0.17243	182	30	enet	0.19	4.8e-08	-0.68389	0.494
Ovary	/media/kame/Data/_workings/resource/GTEv8//GTExv8.EUR.Ovary/ENSG00000182632.15.wgt.RDat	ENSG00000182632.15	10	42475348	42475349	0.584	rs788247	-4.53	rs2801023	0.262741	6.14	2.12255	236	7	enet	0.26	8.5e-11	1.78408	0.0744
Ovary	/media/kame/Data/_workings/resource/GTEv8//GTExv8.EUR.Ovary/ENSG00000169826.7.wgt.RDat	ENSG00000169826.7	10	43138485	43138486	0.5258	rs788247	-4.53	rs2075912	0.483398	8.17	0.48096	388	20	enet	0.45	8.2e-20	0.31715	0.751
Ovary	/media/kame/Data/_workings/resource/GTEv8//GTExv8.EUR.Ovary/ENSG00000230869.1.wgt.RDat	ENSG00000230869.1	10	45678691	45678692	0.3345	rs17441991	4.39	rs11592181	0.17613	5.5	2.82608	232	18	enet	0.19	7.2e-08	1.21129	0.226
Ovary	/media/kame/Data/_workings/resource/GTEv8//GTExv8.EUR.Ovary/ENSG00000265018.6.wgt.RDat	ENSG00000265018.6	10	48031639	48031640	0.5677	rs7898026	5.16	rs769008	0.168528	-5	0.00299	153	66	enet	0.22	3.7e-09	3.04548	0.00232
Ovary	/media/kame/Data/_workings/resource/GTEv8//GTExv8.EUR.Ovary/ENSG00000270025.2.wgt.RDat	ENSG00000270025.2	10	48060015	48060016	0.4926	rs7898026	5.16	rs769009	0.158557	-5.18	-0.00625	185	10	enet	0.13	1e-05	-0.04714	0.962
Ovary	/media/kame/Data/_workings/resource/GTEv8//GTExv8.EUR.Ovary/ENSG00000279822.1.wgt.RDat	ENSG00000279822.1	10	48445819	48445820	0.1787	rs7898026	5.16	rs1919710	-0.004693	-3.53	2.66072	468	6	enet	0.0024	0.25	-1.40397	0.16
Ovary	/media/kame/Data/_workings/resource/GTEv8//GTExv8.EUR.Ovary/ENSG00000128805.14.wgt.RDat	ENSG00000128805.14	10	48656264	48656265	0.3596	rs7898026	5.16	rs7069220	0.052992	4.65	1.67001	599	16	enet	0.079	0.00048	0.59261	0.553
Ovary	/media/kame/Data/_workings/resource/GTEv8//GTExv8.EUR.Ovary/ENSG00000197444.9.wgt.RDat	ENSG00000197444.9	10	49762378	49762379	0.1678	rs2229760	6.69	rs11101224	0.052105	3.72	3.25172	335	34	enet	0.062	0.0019	0.22712	0.82
Ovary	/media/kame/Data/_workings/resource/GTEv8//GTExv8.EUR.Ovary/ENSG00000204149.10.wgt.RDat	ENSG00000204149.10	10	49982189	49982190	0.54	rs10776583	6.6	rs1258191	0.208245	-6	3.13492	354	18	enet	0.16	7.9e-07	-2.81888	0.00482
Ovary	/media/kame/Data/_workings/resource/GTEv8//GTExv8.EUR.Ovary/ENSG00000235618.7.wgt.RDat	ENSG00000235618.7	10	50067802	50067803	0.2697	rs10776583	6.6	rs2338056	0.221868	-5.63	0.03036	356	13	enet	0.17	3.1e-07	0.34827	0.728
Ovary	/media/kame/Data/_workings/resource/GTEv8//GTExv8.EUR.Ovary/ENSG00000188611.14.wgt.RDat	ENSG00000188611.14	10	50248609	50248610	0.7113	rs717721	5.23	rs4497350	0.511919	-8.41	0.32654	308	25	enet	0.45	7.7e-20	0.32504	0.745
Ovary	/media/kame/Data/_workings/resource/GTEv8//GTExv8.EUR.Ovary/ENSG00000231345.3.wgt.RDat	ENSG00000231345.3	10	50655966	50655967	0.3208	rs11006233	-4.75	rs4935737	0.229799	5.8	2.85784	428	12	enet	0.23	1.5e-09	2.41892	0.0156
Ovary	/media/kame/Data/_workings/resource/GTEv8//GTExv8.EUR.Ovary/ENSG00000204147.9.wgt.RDat	ENSG00000204147.9	10	50739317	50739318	0.3575	rs11006233	-4.75	rs5004104	0.272198	6.2	0.38576	454	5	enet	0.2	2.9e-08	0.27647	0.782
Ovary	/media/kame/Data/_workings/resource/GTEv8//GTExv8.EUR.Ovary/ENSG00000223502.1.wgt.RDat	ENSG00000223502.1	10	51068552	51068553	0.1854	rs11006233	-4.75	rs9415720	0.033727	3.87	2.81456	460	17	enet	0.024	0.038	1.56575	0.117
Ovary	/media/kame/Data/_workings/resource/GTEv8//GTExv8.EUR.Ovary/ENSG00000254271.1.wgt.RDat	ENSG00000254271.1	10	60734341	60734342	0.1952	rs1934759	-9.65	rs2028563	0.157848	-5.25	0.54272	427	13	enet	0.15	2.2e-06	-0.10086	0.92
Ovary	/media/kame/Data/_workings/resource/GTEv8//GTExv8.EUR.Ovary/ENSG00000183346.6.wgt.RDat	ENSG00000183346.6	10	61662960	61662961	0.3465	rs4979770	5.67	rs12761488	0.132298	4.39	-0.90108	420	32	enet	0.093	0.00016	-0.41709	0.677
Ovary	/media/kame/Data/_workings/resource/GTEv8//GTExv8.EUR.Ovary/ENSG00000182010.10.wgt.RDat	ENSG00000182010.10	10	62268706	62268707	0.1971	rs4979770	5.67	rs10995090	0.085792	-5.04	0.61541	457	17	enet	0.14	2.8e-06	-0.87303	0.383
Ovary	/media/kame/Data/_workings/resource/GTEv8//GTExv8.EUR.Ovary/ENSG00000179774.8.wgt.RDat	ENSG00000179774.8	10	68232102	68232103	0.1837	rs4379726	-6.86	rs731063	0.157563	-5.39	0.75084	385	9	enet	0.15	1.2e-06	-0.32439	0.746
Ovary	/media/kame/Data/_workings/resource/GTEv8//GTExv8.EUR.Ovary/ENSG00000108187.15.wgt.RDat	ENSG00000108187.15	10	68333048	68333049	0.1119	rs4379726	-6.86	rs7084597	0.009312	3.43	-2.31856	382	61	enet	-0.0033	0.46	-0.88275	0.377
Ovary	/media/kame/Data/_workings/resource/GTEv8//GTExv8.EUR.Ovary/ENSG00000138346.14.wgt.RDat	ENSG00000138346.14	10	68472120	68472121	0.4994	rs534611	-6.31	rs10998195	0.178546	-6.5	-2.17902	385	23	enet	0.26	8.1e-11	3.07046	0.00214
Ovary	/media/kame/Data/_workings/resource/GTEv8//GTExv8.EUR.Ovary/ENSG00000165730.14.wgt.RDat	ENSG00000165730.14	10	68827540	68827541	0.4927	rs10823277	-4.58	rs12268631	0.215396	5.63	0.92293	397	41	enet	0.2	2.2e-08	1.03383	0.301
Ovary	/media/kame/Data/_workings/resource/GTEv8//GTExv8.EUR.Ovary/ENSG00000180817.11.wgt.RDat	ENSG00000180817.11	10	70233910	70233911	0.4411	rs885821	-5.84	rs12355080	0.000372	4.05	0.41088	696	22	enet	0.013	0.099	0.94995	0.342
Ovary	/media/kame/Data/_workings/resource/GTEv8//GTExv8.EUR.Ovary/ENSG00000107742.12.wgt.RDat	ENSG00000107742.12	10	72089031	72089032	0.3558	rs11000090	4.47	rs1678627	0.305882	-6.78	-0.10232	480	9	enet	0.17	2.1e-07	0.0928	0.926
Ovary	/media/kame/Data/_workings/resource/GTEv8//GTExv8.EUR.Ovary/ENSG00000138303.17.wgt.RDat	ENSG00000138303.17	10	72217133	72217134	0.2495	rs11000090	4.47	rs1245509	0.019189	3.85	-1.86573	417	39	enet	0.014	0.091	0.55488	0.579
Ovary	/media/kame/Data/_workings/resource/GTEv8//GTExv8.EUR.Ovary/ENSG00000148719.14.wgt.RDat	ENSG00000148719.14	10	72355229	72355230	0.2827	rs11000090	4.47	rs7088870	0.085357	4.57	0.07594	353	59	enet	0.07	0.001	0.21132	0.833
Ovary	/media/kame/Data/_workings/resource/GTEv8//GTExv8.EUR.Ovary/ENSG00000166321.13.wgt.RDat	ENSG00000166321.13	10	73110374	73110375	0.128	rs4746136	1.43	rs6480664	0.085713	-4.66	-0.21605	219	107	enet	0.087	0.00026	0.20435	0.838
Ovary	/media/kame/Data/_workings/resource/GTEv8//GTExv8.EUR.Ovary/ENSG00000166348.18.wgt.RDat	ENSG00000166348.18	10	73625952	73625953	0.0674	rs11000828	2.68	rs4746150	0.026544	-3.54	2.4881	248	10	enet	0.015	0.082	-1.24105	0.215
Ovary	/media/kame/Data/_workings/resource/GTEv8//GTExv8.EUR.Ovary/ENSG00000242338.6.wgt.RDat	ENSG00000242338.6	10	73730468	73730469	0.24	rs11000828	2.68	rs2633311	0.080478	-4.05	-0.07155	244	9	enet	0.075	0.00067	0.4618	0.644
Ovary	/media/kame/Data/_workings/resource/GTEv8//GTExv8.EUR.Ovary/ENSG00000250959.2.wgt.RDat	ENSG00000250959.2	10	73730561	73730562	0.1342	rs11000828	2.68	rs12570126	0.045137	3.99	0.29304	244	14	enet	0.052	0.0042	0.0599	0.952
Ovary	/media/kame/Data/_workings/resource/GTEv8//GTExv8.EUR.Ovary/ENSG00000236842.1.wgt.RDat	ENSG00000236842.1	10	75430762	75430763	0.3386	rs9416063	5.25	rs7072873	0.014943	3.82	2.27039	372	43	enet	0.03	0.023	1.14854	0.251
Ovary	/media/kame/Data/_workings/resource/GTEv8//GTExv8.EUR.Ovary/ENSG00000148655.14.wgt.RDat	ENSG00000148655.14	10	75431452	75431453	0.251	rs9416063	5.25	rs7078507	0.206099	-5.57	1.67989	372	6	enet	0.17	3.5e-07	-1.97472	0.0483
Ovary	/media/kame/Data/_workings/resource/GTEv8//GTExv8.EUR.Ovary/ENSG00000228748.2.wgt.RDat	ENSG00000228748.2	10	77782865	77782866	0.2321	rs1866593	-5.38	rs2673436	0.01408	-3.71	0.76221	535	34	enet	0.029	0.025	-0.9606	0.337
Ovary	/media/kame/Data/_workings/resource/GTEv8//GTExv8.EUR.Ovary/ENSG00000151208.16.wgt.RDat	ENSG00000151208.16	10	77926525	77926526	0.5473	rs1866593	-5.38	rs2579178	0.403816	7.78	-0.08063	513	21	enet	0.4	3.5e-17	0.24021	0.81
Ovary	/media/kame/Data/_workings/resource/GTEv8//GTExv8.EUR.Ovary/ENSG00000244733.5.wgt.RDat	ENSG00000244733.5	10	79660890	79660891	0.2781	rs2802372	-4.51	rs1650187	0.236788	-5.88	-0.80982	334	15	enet	0.15	1.4e-06	-0.4693	0.639
Ovary	/media/kame/Data/_workings/resource/GTEv8//GTExv8.EUR.Ovary/ENSG00000278616.1.wgt.RDat	ENSG00000278616.1	10	79684094	79684095	0.2949	rs2802372	-4.51	rs1650198	0.242649	-5.84	1.5737	330	12	enet	0.21	9.1e-09	-1.43513	0.151
Ovary	/media/kame/Data/_workings/resource/GTEv8//GTExv8.EUR.Ovary/ENSG00000188199.10.wgt.RDat	ENSG00000188199.10	10	79703226	79703227	0.2902	rs2802372	-4.51	rs10885307	0.303192	-6.55	1.28654	322	19	enet	0.26	1.1e-10	-0.98896	0.323
Ovary	/media/kame/Data/_workings/resource/GTEv8//GTExv8.EUR.Ovary/ENSG00000228570.7.wgt.RDat	ENSG00000228570.7	10	79841357	79841358	0.2655	rs1885553	-4.48	rs10885307	0.268448	6.23	1.795	315	19	enet	0.2	1.7e-08	0.80209	0.422
Ovary	/media/kame/Data/_workings/resource/GTEv8//GTExv8.EUR.Ovary/ENSG00000242600.8.wgt.RDat	ENSG00000242600.8	10	79920177	79920178	0.4412	rs1885553	-4.48	rs1983775	0.293489	6.47	-0.21922	302	43	enet	0.3	1.6e-12	-0.04301	0.966
Ovary	/media/kame/Data/_workings/resource/GTEv8//GTExv8.EUR.Ovary/ENSG00000273372.1.wgt.RDat	ENSG00000273372.1	10	79968212	79968213	0.1591	rs1885553	-4.48	rs2256573	0.053203	-4.54	-3.15561	309	16	enet	0.053	0.004	-0.0995	0.921
Ovary	/media/kame/Data/_workings/resource/GTEv8//GTExv8.EUR.Ovary/ENSG00000133661.15.wgt.RDat	ENSG00000133661.15	10	79982613	79982614	0.1539	rs1885553	-4.48	rs721917	0.038564	4.22	0.34271	305	6	enet	0.03	0.024	0.82813	0.408
Ovary	/media/kame/Data/_workings/resource/GTEv8//GTExv8.EUR.Ovary/ENSG00000230091.6.wgt.RDat	ENSG00000230091.6	10	80078911	80078912	0.6933	rs1885553	-4.48	rs3824727	0.385933	7.41	-0.05743	345	10	enet	0.55	1.3e-25	-1.02582	0.305
Ovary	/media/kame/Data/_workings/resource/GTEv8//GTExv8.EUR.Ovary/ENSG00000151224.12.wgt.RDat	ENSG00000151224.12	10	80289683	80289684	0.2411	rs1885553	-4.48	rs9420359	0.157241	4.82	-0.00547	501	7	enet	0.1	6.7e-05	-0.01266	0.99
Ovary	/media/kame/Data/_workings/resource/GTEv8//GTExv8.EUR.Ovary/ENSG00000148600.14.wgt.RDat	ENSG00000148600.14	10	84194634	84194635	0.1892	rs1209474	-6.89	rs1572129	-0.002891	-3.74	-0.74378	542	44	enet	0.025	0.035	-1.68416	0.0922
Ovary	/media/kame/Data/_workings/resource/GTEv8//GTExv8.EUR.Ovary/ENSG00000182771.18.wgt.RDat	ENSG00000182771.18	10	86366492	86366493	0.4372	rs12357176	4.55	rs10788490	0.142549	6.15	0.33294	475	34	enet	0.21	1.2e-08	0.45036	0.652
Ovary	/media/kame/Data/_workings/resource/GTEv8//GTExv8.EUR.Ovary/ENSG00000107779.13.wgt.RDat	ENSG00000107779.13	10	86756600	86756601	0.3579	rs6586019	-2.53	rs2353786	0.193259	-5.66	-0.33002	333	36	enet	0.16	6.7e-07	0.12218	0.903
Ovary	/media/kame/Data/_workings/resource/GTEv8//GTExv8.EUR.Ovary/ENSG00000122376.11.wgt.RDat	ENSG00000122376.11	10	87094160	87094161	0.2374	rs2871690	3.2	rs4933426	0.045163	-3.64	0.22133	245	20	enet	-0.00067	0.34	-0.55456	0.579
Ovary	/media/kame/Data/_workings/resource/GTEv8//GTExv8.EUR.Ovary/ENSG00000184923.12.wgt.RDat	ENSG00000184923.12	10	87225447	87225448	0.2355	rs2755427	3.66	rs7906971	0.086424	4.52	-0.0022	271	5	enet	0.045	0.0069	0.0265	0.979
Ovary	/media/kame/Data/_workings/resource/GTEv8//GTExv8.EUR.Ovary/ENSG00000152778.8.wgt.RDat	ENSG00000152778.8	10	89414585	89414586	0.2724	rs7908760	-5.23	rs304493	0.127747	-5.2	0.05944	556	15	enet	0.093	0.00017	-0.11079	0.912
Ovary	/media/kame/Data/_workings/resource/GTEv8//GTExv8.EUR.Ovary/ENSG00000235100.3.wgt.RDat	ENSG00000235100.3	10	89699670	89699671	0.2166	rs7908760	-5.23	rs745215	0.096905	4.5	0.29236	500	17	enet	0.085	3e-04	0.00591	0.995
Ovary	/media/kame/Data/_workings/resource/GTEv8//GTExv8.EUR.Ovary/ENSG00000232229.5.wgt.RDat	ENSG00000232229.5	10	89829509	89829510	0.6063	rs17387573	-4.17	rs1125326	0.525092	8.53	-0.5363	483	35	enet	0.5	2.4e-22	-0.77323	0.439
Ovary	/media/kame/Data/_workings/resource/GTEv8//GTExv8.EUR.Ovary/ENSG00000228701.1.wgt.RDat	ENSG00000228701.1	10	91798290	91798291	0.5948	rs1891275	-7.68	rs2066276	0.504107	8.38	0.23242	304	33	enet	0.48	1.7e-21	0.11568	0.908
Ovary	/media/kame/Data/_workings/resource/GTEv8//GTExv8.EUR.Ovary/ENSG00000107854.5.wgt.RDat	ENSG00000107854.5	10	91798311	91798312	0.1764	rs1891275	-7.68	rs1770474	0.160899	4.98	-4.51859	304	7	enet	0.12	2.7e-05	-2.1009	0.0356
Ovary	/media/kame/Data/_workings/resource/GTEv8//GTExv8.EUR.Ovary/ENSG00000138119.16.wgt.RDat	ENSG00000138119.16	10	93482316	93482317	0.3271	rs8181419	-5.84	rs4919163	0.007197	3.83	-0.93559	570	33	enet	0.11	2.9e-05	-0.70445	0.481
Ovary	/media/kame/Data/_workings/resource/GTEv8//GTExv8.EUR.Ovary/ENSG00000138207.13.wgt.RDat	ENSG00000138207.13	10	93601743	93601744	0.35	rs8181419	-5.84	rs17108968	0.281205	6.55	-0.05377	552	19	enet	0.25	3.9e-10	-0.08527	0.932
Ovary	/media/kame/Data/_workings/resource/GTEv8//GTExv8.EUR.Ovary/ENSG00000176273.14.wgt.RDat	ENSG00000176273.14	10	93893972	93893973	0.341	rs8181419	-5.84	rs7917744	0.208549	-5.68	0.14809	474	13	enet	0.22	6e-09	0.24908	0.803
Ovary	/media/kame/Data/_workings/resource/GTEv8//GTExv8.EUR.Ovary/ENSG00000138193.15.wgt.RDat	ENSG00000138193.15	10	94030811	94030812	0.2405	rs8181419	-5.84	rs1223585	0.174775	-5.14	-0.02478	418	18	enet	0.13	1.2e-05	1.33381	0.182
Ovary	/media/kame/Data/_workings/resource/GTEv8//GTExv8.EUR.Ovary/ENSG00000119969.14.wgt.RDat	ENSG00000119969.14	10	94501433	94501434	0.2032	rs12217597	4.98	rs11188019	0.152591	4.81	0.01883	338	31	enet	0.092	0.00018	-0.34505	0.73
Ovary	/media/kame/Data/_workings/resource/GTEv8//GTExv8.EUR.Ovary/ENSG00000235677.1.wgt.RDat	ENSG00000235677.1	10	96560184	96560185	0.3229	rs7077344	5.89	rs7919721	-0.003034	3.81	0.87013	469	24	enet	0.046	0.0065	3.6711	0.000242
Ovary	/media/kame/Data/_workings/resource/GTEv8//GTExv8.EUR.Ovary/ENSG00000155629.14.wgt.RDat	ENSG00000155629.14	10	96720513	96720514	0.3937	rs10882873	-5.9	rs1992057	0.279813	6.26	-0.24207	507	28	enet	0.25	3.7e-10	-0.53765	0.591
Ovary	/media/kame/Data/_workings/resource/GTEv8//GTExv8.EUR.Ovary/ENSG00000187122.16.wgt.RDat	ENSG00000187122.16	10	97185919	97185920	0.4773	rs4919096	-12.39	rs1468069	0.309763	6.89	-9.76681	428	17	enet	0.38	5.1e-16	-6.94023	3.91e-12
Ovary	/media/kame/Data/_workings/resource/GTEv8//GTExv8.EUR.Ovary/ENSG00000171160.17.wgt.RDat	ENSG00000171160.17	10	97633499	97633500	0.4121	rs4919096	-12.39	rs7920031	0.390036	-7.48	2.02682	464	10	enet	0.34	4e-14	-1.86569	0.0621
Ovary	/media/kame/Data/_workings/resource/GTEv8//GTExv8.EUR.Ovary/ENSG00000230928.1.wgt.RDat	ENSG00000230928.1	10	98252022	98252023	0.2648	rs508001	4.06	rs7096493	0.1518	-5.02	0.15555	519	26	enet	0.11	5.7e-05	-1.12165	0.262
Ovary	/media/kame/Data/_workings/resource/GTEv8//GTExv8.EUR.Ovary/ENSG00000119943.12.wgt.RDat	ENSG00000119943.12	10	98415183	98415184	0.3982	rs508001	4.06	rs4400721	0.385009	7.31	1.17001	488	18	enet	0.3	2.2e-12	0.93566	0.349
Ovary	/media/kame/Data/_workings/resource/GTEv8//GTExv8.EUR.Ovary/ENSG00000119946.10.wgt.RDat	ENSG00000119946.10	10	99329098	99329099	0.1499	rs2490287	-5.34	rs4456193	0.10338	-4.85	0.29312	414	18	enet	0.084	0.00033	-0.03254	0.974
Ovary	/media/kame/Data/_workings/resource/GTEv8//GTExv8.EUR.Ovary/ENSG00000233690.1.wgt.RDat	ENSG00000233690.1	10	99697948	99697949	0.1809	rs2490287	-5.34	rs3740078	0.091399	4.79	-2.29023	449	10	enet	0.048	0.0058	-1.31266	0.189
Ovary	/media/kame/Data/_workings/resource/GTEv8//GTExv8.EUR.Ovary/ENSG00000107554.16.wgt.RDat	ENSG00000107554.16	10	100009918	100009919	0.4214	rs9888058	-5.1	rs11190346	0.30846	6.81	0.41295	428	35	enet	0.34	4.1e-14	0.50411	0.614
Ovary	/media/kame/Data/_workings/resource/GTEv8//GTExv8.EUR.Ovary/ENSG00000095485.16.wgt.RDat	ENSG00000095485.16	10	100267679	100267680	0.3136	rs9888058	-5.1	rs11597086	0.180943	5.25	-2.84254	392	21	enet	0.13	1.1e-05	-2.86907	0.00412
Ovary	/media/kame/Data/_workings/resource/GTEv8//GTExv8.EUR.Ovary/ENSG00000196072.11.wgt.RDat	ENSG00000196072.11	10	100286711	100286712	0.2182	rs9888058	-5.1	rs6584356	0.149132	-4.84	-0.72003	401	40	enet	0.1	6.9e-05	0.93678	0.349
Ovary	/media/kame/Data/_workings/resource/GTEv8//GTExv8.EUR.Ovary/ENSG00000075826.16.wgt.RDat	ENSG00000075826.16	10	100519863	100519864	0.235	rs9888058	-5.1	rs2495747	0.150946	-5.72	0.71078	420	23	enet	0.14	5.2e-06	-0.96999	0.332
Ovary	/media/kame/Data/_workings/resource/GTEv8//GTExv8.EUR.Ovary/ENSG00000138111.14.wgt.RDat	ENSG00000138111.14	10	102461394	102461395	0.3437	rs10883782	8.04	rs11593526	0.335646	7.06	-1.81828	338	14	enet	0.33	1.2e-13	-1.58088	0.114
Ovary	/media/kame/Data/_workings/resource/GTEv8//GTExv8.EUR.Ovary/ENSG00000166275.15.wgt.RDat	ENSG00000166275.15	10	102854222	102854223	0.0993	rs10883782	8.04	rs4919690	0.112995	-4.79	0.96846	344	11	enet	0.12	1.9e-05	-2.41835	0.0156
Ovary	/media/kame/Data/_workings/resource/GTEv8//GTExv8.EUR.Ovary/ENSG00000214435.7.wgt.RDat	ENSG00000214435.7	10	102869515	102869516	0.4831	rs10883782	8.04	rs7096169	0.369563	-7.2	4.36611	344	11	enet	0.35	1.2e-14	-3.12067	0.0018
Ovary	/media/kame/Data/_workings/resource/GTEv8//GTExv8.EUR.Ovary/ENSG00000138172.10.wgt.RDat	ENSG00000138172.10	10	103452401	103452402	0.1715	rs4917391	-7.89	rs2281860	0.127181	4.57	-2.0151	360	15	enet	0.096	0.00013	-0.89467	0.371
Ovary	/media/kame/Data/_workings/resource/GTEv8//GTExv8.EUR.Ovary/ENSG00000183128.7.wgt.RDat	ENSG00000183128.7	10	103479239	103479240	0.1587	rs4917391	-7.89	rs11191865	0.011119	-3.49	-0.05671	366	3	enet	0.0064	0.17	0.03281	0.974
Ovary	/media/kame/Data/_workings/resource/GTEv8//GTExv8.EUR.Ovary/ENSG00000148834.12.wgt.RDat	ENSG00000148834.12	10	104235355	104235356	0.2077	rs11599236	6.11	rs966645	0.011443	4.11	-1.1994	422	35	enet	0.19	5.5e-08	-0.93832	0.348
Ovary	/media/kame/Data/_workings/resource/GTEv8//GTExv8.EUR.Ovary/ENSG00000065621.14.wgt.RDat	ENSG00000065621.14	10	104268872	104268873	0.2571	rs11599236	6.11	rs156697	0.251292	-6.12	-1.17998	419	12	enet	0.19	6.6e-08	2.04473	0.0409
Ovary	/media/kame/Data/_workings/resource/GTEv8//GTExv8.EUR.Ovary/ENSG00000150593.17.wgt.RDat	ENSG00000150593.17	10	110871794	110871795	0.2891	rs10749041	4.29	rs12220858	-0.005688	-3.36	0.36862	511	39	enet	0.056	0.003	0.57203	0.567
Ovary	/media/kame/Data/_workings/resource/GTEv8//GTExv8.EUR.Ovary/ENSG00000270589.1.wgt.RDat	ENSG00000270589.1	10	110910595	110910596	0.3087	rs10749041	4.29	rs11195295	0.00833	-3.62	-0.33267	503	47	enet	0.074	0.00072	-0.60346	0.546
Ovary	/media/kame/Data/_workings/resource/GTEv8//GTExv8.EUR.Ovary/ENSG00000232934.7.wgt.RDat	ENSG00000232934.7	10	112420006	112420007	0.4955	rs17129806	-3.11	rs2419627	0.236825	6.12	-0.70468	456	17	enet	0.23	1.2e-09	-0.50342	0.615
Ovary	/media/kame/Data/_workings/resource/GTEv8//GTExv8.EUR.Ovary/ENSG00000165806.19.wgt.RDat	ENSG00000165806.19	10	113679161	113679162	0.4479	rs3127080	-4.88	rs2227309	0.016879	-4.45	-1.14976	596	20	enet	0.24	6.7e-10	0.40467	0.686
Ovary	/media/kame/Data/_workings/resource/GTEv8//GTExv8.EUR.Ovary/ENSG00000165650.11.wgt.RDat	ENSG00000165650.11	10	117375466	117375467	0.2882	rs181676	5.65	rs363230	0.216467	-5.53	-0.39369	538	20	enet	0.17	3.2e-07	0.44207	0.658
Ovary	/media/kame/Data/_workings/resource/GTEv8//GTExv8.EUR.Ovary/ENSG00000183605.16.wgt.RDat	ENSG00000183605.16	10	119165666	119165667	0.7463	rs494469	-4.74	rs10749291	0.56277	8.79	0.70482	485	25	enet	0.5	2e-22	0.28893	0.773
Ovary	/media/kame/Data/_workings/resource/GTEv8//GTExv8.EUR.Ovary/ENSG00000120008.15.wgt.RDat	ENSG00000120008.15	10	120851345	120851346	0.4506	rs10788079	-4.29	rs11199598	0.31566	-6.68	-0.25515	630	25	enet	0.32	2e-13	0.39893	0.69
Ovary	/media/kame/Data/_workings/resource/GTEv8//GTExv8.EUR.Ovary/ENSG00000226864.2.wgt.RDat	ENSG00000226864.2	10	121928311	121928312	0.5466	rs4751881	-5.37	rs6585776	0.123596	-5.35	0.37068	629	55	enet	0.31	1.3e-12	0.48295	0.629
Ovary	/media/kame/Data/_workings/resource/GTEv8//GTExv8.EUR.Ovary/ENSG00000276742.1.wgt.RDat	ENSG00000276742.1	10	121956781	121956782	0.5083	rs4751881	-5.37	rs6585775	0.118271	-5.14	-1.15778	615	43	enet	0.22	4.7e-09	0.69031	0.49
Ovary	/media/kame/Data/_workings/resource/GTEv8//GTExv8.EUR.Ovary/ENSG00000138152.8.wgt.RDat	ENSG00000138152.8	10	122271305	122271306	0.4447	rs4751881	-5.37	rs9630110	0.303273	-6.75	0.19027	597	21	enet	0.27	2.7e-11	1.03805	0.299
Ovary	/media/kame/Data/_workings/resource/GTEv8//GTExv8.EUR.Ovary/ENSG00000107679.14.wgt.RDat	ENSG00000107679.14	10	122374695	122374696	0.3978	rs4751881	-5.37	rs10788284	0.281898	-6.45	-0.08077	614	43	enet	0.2	2.5e-08	0.6454	0.519
Ovary	/media/kame/Data/_workings/resource/GTEv8//GTExv8.EUR.Ovary/ENSG00000254636.1.wgt.RDat	ENSG00000254636.1	10	122454652	122454653	0.433	rs4751881	-5.37	rs2736911	0.398585	7.46	1.63363	612	12	enet	0.36	3.3e-15	2.15223	0.0314
Ovary	/media/kame/Data/_workings/resource/GTEv8//GTExv8.EUR.Ovary/ENSG00000182022.17.wgt.RDat	ENSG00000182022.17	10	124093606	124093607	0.3733	rs10899	5.79	rs6588740	0.011144	-3.9	0.34993	527	33	enet	0.052	0.004	0.2099	0.834
Ovary	/media/kame/Data/_workings/resource/GTEv8//GTExv8.EUR.Ovary/ENSG00000203791.14.wgt.RDat	ENSG00000203791.14	10	124791869	124791870	0.2846	rs1124734	5.53	rs1055256	0.187103	5.58	1.59478	559	22	enet	0.12	2.2e-05	2.5296	0.0114
Ovary	/media/kame/Data/_workings/resource/GTEv8//GTExv8.EUR.Ovary/ENSG00000188916.8.wgt.RDat	ENSG00000188916.8	10	127196157	127196158	0.1787	rs2766032	7.07	rs10829972	0.080928	4.41	1.76207	698	18	enet	0.081	0.00041	0.45587	0.648
Ovary	/media/kame/Data/_workings/resource/GTEv8//GTExv8.EUR.Ovary/ENSG00000170430.9.wgt.RDat	ENSG00000170430.9	10	129467183	129467184	0.3817	rs7905095	6.7	rs12243040	0.113205	-5.59	0.42033	592	20	enet	0.23	1.4e-09	-1.59827	0.11
Ovary	/media/kame/Data/_workings/resource/GTEv8//GTExv8.EUR.Ovary/ENSG00000188385.11.wgt.RDat	ENSG00000188385.11	10	132104670	132104671	0.2262	rs7912273	5.03	rs11592585	0.192224	5.38	0.0544	482	22	enet	0.17	2.8e-07	0.97317	0.33
Ovary	/media/kame/Data/_workings/resource/GTEv8//GTExv8.EUR.Ovary/ENSG00000151640.12.wgt.RDat	ENSG00000151640.12	10	132186899	132186900	0.8617	rs7912273	5.03	rs2637656	0.576002	9.01	0.22003	443	47	enet	0.61	3.5e-30	0.02945	0.977
Ovary	/media/kame/Data/_workings/resource/GTEv8//GTExv8.EUR.Ovary/ENSG00000232903.2.wgt.RDat	ENSG00000232903.2	10	132965288	132965289	0.273	rs7912273	5.03	rs9419130	0.09418	5.1	0.01181	416	28	enet	0.21	1.1e-08	0.48783	0.626
Ovary	/media/kame/Data/_workings/resource/GTEv8//GTExv8.EUR.Ovary/ENSG00000230306.1.wgt.RDat	ENSG00000230306.1	10	133344905	133344906	0.1794	rs9419288	4	rs2275723	-0.007353	3.6	-0.22866	363	23	enet	-0.0071	0.87	0.03434	0.973
Ovary	/media/kame/Data/_workings/resource/GTEv8//GTExv8.EUR.Ovary/ENSG00000165828.14.wgt.RDat	ENSG00000165828.14	10	133347145	133347146	0.2326	rs9419288	4	rs2492654	-0.004683	-3.65	0.20294	362	19	enet	0.0082	0.15	0.46545	0.642
Ovary	/media/kame/Data/_workings/resource/GTEv8//GTExv8.EUR.Ovary/ENSG00000148824.18.wgt.RDat	ENSG00000148824.18	10	133394093	133394094	0.3659	rs9419288	4	rs2814206	0.278975	6.3	-0.71786	336	17	enet	0.27	5.8e-11	-0.60856	0.543
Ovary	/media/kame/Data/_workings/resource/GTEv8//GTExv8.EUR.Ovary/ENSG00000177963.14.wgt.RDat	ENSG00000177963.14	11	207510	207511	0.2298	rs11246226	-2.87	rs7930823	0.00917	4.32	0.8121	281	9	enet	0.022	0.044	0.6508	0.5152
Ovary	/media/kame/Data/_workings/resource/GTEv8//GTExv8.EUR.Ovary/ENSG00000185627.17.wgt.RDat	ENSG00000185627.17	11	236545	236546	0.1996	rs11246226	-2.87	rs2272563	0.125584	4.74	0.50567	295	15	enet	0.056	0.0029	0.5138	0.607382
Ovary	/media/kame/Data/_workings/resource/GTEv8//GTExv8.EUR.Ovary/ENSG00000142102.15.wgt.RDat	ENSG00000142102.15	11	289137	289138	0.5053	rs11246226	-2.87	rs2242565	0.212782	-6.18	0.03218	318	8	enet	0.3	2.8e-12	-0.3576	0.720679
Ovary	/media/kame/Data/_workings/resource/GTEv8//GTExv8.EUR.Ovary/ENSG00000255328.1.wgt.RDat	ENSG00000255328.1	11	327170	327171	0.5826	rs11246226	-2.87	rs7395319	0.272289	-6.7	0.13134	333	17	enet	0.2	2.9e-08	-0.3114	0.755481
Ovary	/media/kame/Data/_workings/resource/GTEv8//GTExv8.EUR.Ovary/ENSG00000185187.12.wgt.RDat	ENSG00000185187.12	11	417396	417397	0.6132	rs11246226	-2.87	rs11748	0.304876	-7.52	0.37817	375	20	enet	0.45	1.8e-19	-0.151	0.880014
Ovary	/media/kame/Data/_workings/resource/GTEv8//GTExv8.EUR.Ovary/ENSG00000174915.11.wgt.RDat	ENSG00000174915.11	11	448267	448268	0.2315	rs11246226	-2.87	rs6598023	0.049841	-4.54	-0.32799	387	11	enet	0.031	0.021	0.6856	0.492972
Ovary	/media/kame/Data/_workings/resource/GTEv8//GTExv8.EUR.Ovary/ENSG00000174775.16.wgt.RDat	ENSG00000174775.16	11	537286	537287	0.2395	rs11246226	-2.87	rs2246614	0.085228	-4.85	-0.21338	431	16	enet	0.042	0.009	1.0428	0.297057
Ovary	/media/kame/Data/_workings/resource/GTEv8//GTExv8.EUR.Ovary/ENSG00000161328.10.wgt.RDat	ENSG00000161328.10	11	537526	537527	0.2656	rs11246226	-2.87	rs7114673	0.17009	-5.17	-0.06356	431	20	enet	0.095	0.00014	-0.2373	0.81241
Ovary	/media/kame/Data/_workings/resource/GTEv8//GTExv8.EUR.Ovary/ENSG00000177042.14.wgt.RDat	ENSG00000177042.14	11	695532	695533	0.6524	rs11246226	-2.87	rs11246262	0.315865	-6.7	0.04253	479	45	enet	0.33	7.5e-14	-0.164	0.869748
Ovary	/media/kame/Data/_workings/resource/GTEv8//GTExv8.EUR.Ovary/ENSG00000255284.1.wgt.RDat	ENSG00000255284.1	11	777577	777578	0.6203	rs11246226	-2.87	rs12224894	0.410058	7.96	1.43205	430	18	enet	0.41	1.4e-17	0.9919	0.321237
Ovary	/media/kame/Data/_workings/resource/GTEv8//GTExv8.EUR.Ovary/ENSG00000279672.1.wgt.RDat	ENSG00000279672.1	11	779616	779617	0.684	rs11246226	-2.87	rs4963153	0.507143	8.74	0.16198	432	17	enet	0.5	3.2e-22	0.9379	0.348304
Ovary	/media/kame/Data/_workings/resource/GTEv8//GTExv8.EUR.Ovary/ENSG00000255142.1.wgt.RDat	ENSG00000255142.1	11	781644	781645	0.4163	rs868903	-2.97	rs4131364	0.216845	6.51	0.86651	433	21	enet	0.23	1.9e-09	1.1237	0.261144
Ovary	/media/kame/Data/_workings/resource/GTEv8//GTExv8.EUR.Ovary/ENSG00000177666.16.wgt.RDat	ENSG00000177666.16	11	818901	818902	0.327	rs11246226	-2.87	rs7107156	0.024985	4.73	0.17494	425	35	enet	0.031	0.021	0.9784	0.327883
Ovary	/media/kame/Data/_workings/resource/GTEv8//GTExv8.EUR.Ovary/ENSG00000177697.17.wgt.RDat	ENSG00000177697.17	11	832883	832884	0.4489	rs11246226	-2.87	rs7947690	0.358098	-7.57	0.24708	419	16	enet	0.3	1.5e-12	-0.199	0.842278
Ovary	/media/kame/Data/_workings/resource/GTEv8//GTExv8.EUR.Ovary/ENSG00000177700.5.wgt.RDat	ENSG00000177700.5	11	842544	842545	0.2519	rs11246226	-2.87	rs11819881	-0.001847	-3.61	0.09834	416	29	enet	-0.006	0.67	0.5039	0.614316
Ovary	/media/kame/Data/_workings/resource/GTEv8//GTExv8.EUR.Ovary/ENSG00000214063.10.wgt.RDat	ENSG00000214063.10	11	842807	842808	0.2048	rs11246226	-2.87	rs11246328	0.022187	3.79	-0.77546	416	25	enet	0.12	1.4e-05	-0.8092	0.418376
Ovary	/media/kame/Data/_workings/resource/GTEv8//GTExv8.EUR.Ovary/ENSG00000110628.13.wgt.RDat	ENSG00000110628.13	11	2899790	2899791	0.3523	rs6578314	-5.97	rs450208	0.159998	5.72	0.18598	483	30	enet	0.17	2e-07	0.3405	0.733491
Ovary	/media/kame/Data/_workings/resource/GTEv8//GTExv8.EUR.Ovary/ENSG00000236710.1.wgt.RDat	ENSG00000236710.1	11	3085442	3085443	0.3022	rs6578314	-5.97	rs7108415	0.007106	-3.7	-0.04935	424	25	enet	0.075	0.00067	1.3033	0.192485
Ovary	/media/kame/Data/_workings/resource/GTEv8//GTExv8.EUR.Ovary/ENSG00000223756.6.wgt.RDat	ENSG00000223756.6	11	3380960	3380961	0.4494	rs6578314	-5.97	rs7102231	0.143027	-5.57	0.68655	412	21	enet	0.061	0.002	0.8615	0.388966
Ovary	/media/kame/Data/_workings/resource/GTEv8//GTExv8.EUR.Ovary/ENSG00000189398.5.wgt.RDat	ENSG00000189398.5	11	3391751	3391752	0.3635	rs6578314	-5.97	rs2412166	0.103648	-4.76	0.24967	413	27	enet	0.12	1.5e-05	-0.9849	0.324693
Ovary	/media/kame/Data/_workings/resource/GTEv8//GTExv8.EUR.Ovary/ENSG00000166492.9.wgt.RDat	ENSG00000166492.9	11	3422495	3422496	0.4326	rs6578314	-5.97	rs7102231	0.129842	-4.89	0.68655	409	34	enet	0.12	1.3e-05	-0.5731	0.566608
Ovary	/media/kame/Data/_workings/resource/GTEv8//GTExv8.EUR.Ovary/ENSG00000167311.13.wgt.RDat	ENSG00000167311.13	11	3642315	3642316	0.3814	rs11600857	5	rs7128137	0.383548	-7.41	-1.4441	380	4	enet	0.3	1.7e-12	1.5814	0.11378
Ovary	/media/kame/Data/_workings/resource/GTEv8//GTExv8.EUR.Ovary/ENSG00000167325.14.wgt.RDat	ENSG00000167325.14	11	4094706	4094707	0.2449	rs11600857	5	rs12806698	0.092606	4.79	0.3322	504	7	enet	0.074	0.00072	-0.0657	0.947586
Ovary	/media/kame/Data/_workings/resource/GTEv8//GTExv8.EUR.Ovary/ENSG00000225101.4.wgt.RDat	ENSG00000225101.4	11	4474812	4474813	0.3063	rs10836536	-3.76	rs11032361	0.183517	-5.27	-0.01621	627	6	enet	0.12	1.6e-05	0.2815	0.778294
Ovary	/media/kame/Data/_workings/resource/GTEv8//GTExv8.EUR.Ovary/ENSG00000167333.12.wgt.RDat	ENSG00000167333.12	11	4608258	4608259	0.2147	rs10836536	-3.76	rs2566229	0.119597	4.5	0.65727	693	17	enet	0.087	0.00027	0.0162	0.987041
Ovary	/media/kame/Data/_workings/resource/GTEv8//GTExv8.EUR.Ovary/ENSG00000167332.7.wgt.RDat	ENSG00000167332.7	11	4697853	4697854	0.2334	rs10836536	-3.76	rs7939206	-0.005209	-3.35	0.00277	708	34	enet	-0.0062	0.7	0.623	0.533295
Ovary	/media/kame/Data/_workings/resource/GTEv8//GTExv8.EUR.Ovary/ENSG00000213931.5.wgt.RDat	ENSG00000213931.5	11	5281950	5281951	0.2301	rs16934565	-4.46	rs2736534	0.122574	5.03	0.13213	908	21	enet	0.08	0.00044	-0.2315	0.816939
Ovary	/media/kame/Data/_workings/resource/GTEv8//GTExv8.EUR.Ovary/ENSG00000175518.6.wgt.RDat	ENSG00000175518.6	11	5516704	5516705	0.456	rs16934565	-4.46	rs7131665	0.156306	5.39	-0.16512	873	42	enet	0.15	1.9e-06	-0.1975	0.843475
Ovary	/media/kame/Data/_workings/resource/GTEv8//GTExv8.EUR.Ovary/ENSG00000224295.2.wgt.RDat	ENSG00000224295.2	11	5524954	5524955	0.272	rs16934565	-4.46	rs7131665	0.032009	4.26	-0.16512	878	25	enet	0.054	0.0036	-0.196	0.844607
Ovary	/media/kame/Data/_workings/resource/GTEv8//GTExv8.EUR.Ovary/ENSG00000267940.1.wgt.RDat	ENSG00000267940.1	11	6203252	6203253	0.2228	rs10160336	3.19	rs2880829	0.00476	-3.49	-0.90397	596	28	enet	0.037	0.014	0.1819	0.855675
Ovary	/media/kame/Data/_workings/resource/GTEv8//GTExv8.EUR.Ovary/ENSG00000170955.9.wgt.RDat	ENSG00000170955.9	11	6320646	6320647	0.2684	rs10160336	3.19	rs2682121	0.174569	5.1	-0.57646	617	11	enet	0.051	0.0043	-0.2864	0.774587
Ovary	/media/kame/Data/_workings/resource/GTEv8//GTExv8.EUR.Ovary/ENSG00000130413.15.wgt.RDat	ENSG00000130413.15	11	8594288	8594289	0.2198	rs2073685	8.35	rs2311390	0.039899	-4.45	-0.32095	498	13	enet	0.045	0.007	2.3114	0.02081
Ovary	/media/kame/Data/_workings/resource/GTEv8//GTExv8.EUR.Ovary/ENSG00000166436.15.wgt.RDat	ENSG00000166436.15	11	8671865	8671866	0.7131	rs2073685	8.35	rs10840106	0.473279	8.13	3.40727	486	29	enet	0.55	1.6e-25	1.3618	0.173271
Ovary	/media/kame/Data/_workings/resource/GTEv8//GTExv8.EUR.Ovary/ENSG00000166452.11.wgt.RDat	ENSG00000166452.11	11	8911138	8911139	0.1906	rs2073685	8.35	rs10734639	0.082662	-4.45	-0.49522	352	21	enet	0.13	8.8e-06	0.3662	0.714218
Ovary	/media/kame/Data/_workings/resource/GTEv8//GTExv8.EUR.Ovary/ENSG00000254860.5.wgt.RDat	ENSG00000254860.5	11	8964773	8964774	0.7193	rs2073685	8.35	rs3815991	0.416711	7.73	2.3157	344	17	enet	0.4	8.4e-17	2.4101	0.015949
Ovary	/media/kame/Data/_workings/resource/GTEv8//GTExv8.EUR.Ovary/ENSG00000184014.7.wgt.RDat	ENSG00000184014.7	11	9265389	9265390	0.2035	rs3763869	-6.22	rs10840202	0.01354	3.48	-0.48397	373	22	enet	0.11	4.6e-05	2.3192	0.020383
Ovary	/media/kame/Data/_workings/resource/GTEv8//GTExv8.EUR.Ovary/ENSG00000166471.10.wgt.RDat	ENSG00000166471.10	11	9314779	9314780	0.163	rs3763869	-6.22	rs1353730	0.114934	-4.39	-1.44948	374	3	enet	0.056	0.0031	1.052	0.292821
Ovary	/media/kame/Data/_workings/resource/GTEv8//GTExv8.EUR.Ovary/ENSG00000133805.15.wgt.RDat	ENSG00000133805.15	11	10308312	10308313	0.2932	rs11042714	7.99	rs4909932	0.214057	-5.61	1.13234	494	5	enet	0.19	3.8e-08	-1.1193	0.263019
Ovary	/media/kame/Data/_workings/resource/GTEv8//GTExv8.EUR.Ovary/ENSG00000262655.3.wgt.RDat	ENSG00000262655.3	11	13962688	13962689	0.4569	rs3814236	-6.28	rs11023059	0.308816	6.86	-1.45202	419	29	enet	0.35	1.2e-14	-2.0814	0.037394
Ovary	/media/kame/Data/_workings/resource/GTEv8//GTExv8.EUR.Ovary/ENSG00000272034.1.wgt.RDat	ENSG00000272034.1	11	17074743	17074744	0.2211	rs11024039	3.95	rs1541533	0.193845	5.36	0.14109	482	12	enet	0.18	1.5e-07	0.0949	0.924424
Ovary	/media/kame/Data/_workings/resource/GTEv8//GTExv8.EUR.Ovary/ENSG00000070081.15.wgt.RDat	ENSG00000070081.15	11	17208152	17208153	0.2652	rs4756908	4.5	rs7930058	0.260789	-6.13	0.71092	534	40	enet	0.16	5.6e-07	0.0417	0.966755
Ovary	/media/kame/Data/_workings/resource/GTEv8//GTExv8.EUR.Ovary/ENSG00000166788.9.wgt.RDat	ENSG00000166788.9	11	18106090	18106091	0.1905	rs12793095	-6.86	rs11024460	0.124406	-4.65	2.09131	425	12	enet	0.095	0.00014	-1.8892	0.058871
Ovary	/media/kame/Data/_workings/resource/GTEv8//GTExv8.EUR.Ovary/ENSG00000166796.11.wgt.RDat	ENSG00000166796.11	11	18412306	18412307	0.4658	rs2403254	-5.8	rs2643856	0.351379	7.05	-2.11496	443	7	enet	0.29	4e-12	-2.4443	0.014513
Ovary	/media/kame/Data/_workings/resource/GTEv8//GTExv8.EUR.Ovary/ENSG00000109854.13.wgt.RDat	ENSG00000109854.13	11	20363684	20363685	0.5337	rs1401793	-5.65	rs10833312	0.281715	-6.77	0.32099	704	30	enet	0.28	2.4e-11	-0.0913	0.927227
Ovary	/media/kame/Data/_workings/resource/GTEv8//GTExv8.EUR.Ovary/ENSG00000171714.10.wgt.RDat	ENSG00000171714.10	11	22193175	22193176	0.4873	rs11026326	3.84	rs6483831	0.363962	7.14	-3.20455	372	50	enet	0.39	1e-16	-3.0323	0.002427
Ovary	/media/kame/Data/_workings/resource/GTEv8//GTExv8.EUR.Ovary/ENSG00000198168.8.wgt.RDat	ENSG00000198168.8	11	22830298	22830299	0.2957	rs337449	3.89	rs10766971	0.204117	-6.18	-0.21521	437	3	enet	0.26	8.5e-11	0.2884	0.773041
Ovary	/media/kame/Data/_workings/resource/GTEv8//GTExv8.EUR.Ovary/ENSG00000245573.7.wgt.RDat	ENSG00000245573.7	11	27506837	27506838	0.1171	rs2172229	5.71	rs7113071	-0.006753	-3.19	1.26541	385	24	enet	0.0031	0.24	-0.0843	0.932817
Ovary	/media/kame/Data/_workings/resource/GTEv8//GTExv8.EUR.Ovary/ENSG00000152219.4.wgt.RDat	ENSG00000152219.4	11	30323050	30323051	0.2925	rs2021807	-5	rs1782507	0.215925	-5.75	0.05989	386	11	enet	0.19	4.4e-08	-0.0183	0.985417
Ovary	/media/kame/Data/_workings/resource/GTEv8//GTExv8.EUR.Ovary/ENSG00000176148.15.wgt.RDat	ENSG00000176148.15	11	33039416	33039417	0.3908	rs3898926	-3.01	rs1033716	0.116333	-4.93	-0.81781	307	29	enet	0.098	0.00011	0.6538	0.513273
Ovary	/media/kame/Data/_workings/resource/GTEv8//GTExv8.EUR.Ovary/ENSG00000213713.3.wgt.RDat	ENSG00000213713.3	11	33076147	33076148	0.2564	rs3898926	-3.01	rs4561187	0.025829	-3.91	-2.74346	306	25	enet	0.072	0.00089	1.4802	0.138826
Ovary	/media/kame/Data/_workings/resource/GTEv8//GTExv8.EUR.Ovary/ENSG00000280798.1.wgt.RDat	ENSG00000280798.1	11	33076460	33076461	0.2205	rs3898926	-3.01	rs4561187	0.179532	-5.15	-2.74346	306	8	enet	0.12	1.3e-05	2.7901	0.005269
Ovary	/media/kame/Data/_workings/resource/GTEv8//GTExv8.EUR.Ovary/ENSG00000085063.14.wgt.RDat	ENSG00000085063.14	11	33736444	33736445	0.3564	rs2038602	5.21	rs7046	0.244112	5.99	-0.39865	440	20	enet	0.24	6.8e-10	-1.2927	0.196129
Ovary	/media/kame/Data/_workings/resource/GTEv8//GTExv8.EUR.Ovary/ENSG00000121691.4.wgt.RDat	ENSG00000121691.4	11	34438924	34438925	0.4077	rs7951306	-4.7	rs7928060	0.039666	-4.84	-0.66335	605	61	enet	0.2	2.2e-08	-0.428	0.66867
Ovary	/media/kame/Data/_workings/resource/GTEv8//GTExv8.EUR.Ovary/ENSG00000149089.12.wgt.RDat	ENSG00000149089.12	11	34916498	34916499	0.6461	rs7119850	-3.34	rs1117050	0.59011	9.01	-1.11787	685	27	enet	0.62	1.6e-30	-0.63	0.528711
Ovary	/media/kame/Data/_workings/resource/GTEv8//GTExv8.EUR.Ovary/ENSG00000149090.11.wgt.RDat	ENSG00000149090.11	11	35530299	35530300	0.2556	rs7119850	-3.34	rs2942399	0.032211	-3.52	-0.10173	596	5	enet	0.017	0.067	0.237	0.812673
Ovary	/media/kame/Data/_workings/resource/GTEv8//GTExv8.EUR.Ovary/ENSG00000149084.12.wgt.RDat	ENSG00000149084.12	11	43680679	43680680	0.6324	rs770770	6.64	rs1061810	0.494826	-8.28	-1.69845	488	31	enet	0.47	1.7e-20	1.3178	0.187587
Ovary	/media/kame/Data/_workings/resource/GTEv8//GTExv8.EUR.Ovary/ENSG00000283375.1.wgt.RDat	ENSG00000283375.1	11	43856403	43856404	0.4731	rs11037589	6.58	rs1061810	0.34944	-7.13	-1.69845	507	55	enet	0.36	5e-15	0.3091	0.757214
Ovary	/media/kame/Data/_workings/resource/GTEv8//GTExv8.EUR.Ovary/ENSG00000110455.13.wgt.RDat	ENSG00000110455.13	11	44065924	44065925	0.6409	rs11037589	6.58	rs178525	0.413038	-7.65	0.14245	524	49	enet	0.49	4.4e-22	-0.011	0.991236
Ovary	/media/kame/Data/_workings/resource/GTEv8//GTExv8.EUR.Ovary/ENSG00000254427.1.wgt.RDat	ENSG00000254427.1	11	45355370	45355371	0.3762	rs6485625	-5.44	rs3758726	0.216707	-5.7	-0.07027	509	23	enet	0.29	7.4e-12	0.403	0.686945
Ovary	/media/kame/Data/_workings/resource/GTEv8//GTExv8.EUR.Ovary/ENSG00000175220.11.wgt.RDat	ENSG00000175220.11	11	46700598	46700599	0.1962	rs9734613	-4.49	rs10769205	0.243205	-5.83	1.73134	238	41	enet	0.21	7.9e-09	-1.6714	0.094642
Ovary	/media/kame/Data/_workings/resource/GTEv8//GTExv8.EUR.Ovary/ENSG00000165912.15.wgt.RDat	ENSG00000165912.15	11	47186442	47186443	0.1324	rs3729989	5.72	rs12576839	0.046337	3.87	0.92712	292	22	enet	0.055	0.0033	0.8242	0.409801
Ovary	/media/kame/Data/_workings/resource/GTEv8//GTExv8.EUR.Ovary/ENSG00000025434.18.wgt.RDat	ENSG00000025434.18	11	47248299	47248300	0.0921	rs3729989	5.72	rs11039183	0.026178	-3.83	-0.5093	295	9	enet	0.0057	0.18	0.791	0.428943
Ovary	/media/kame/Data/_workings/resource/GTEv8//GTExv8.EUR.Ovary/ENSG00000149177.12.wgt.RDat	ENSG00000149177.12	11	47980557	47980558	0.0861	rs17726787	5.1	rs1039481	0.025748	3.81	-0.00263	235	10	enet	0.048	0.0055	-0.1605	0.872497
Ovary	/media/kame/Data/_workings/resource/GTEv8//GTExv8.EUR.Ovary/ENSG00000255304.1.wgt.RDat	ENSG00000255304.1	11	48496347	48496348	0.1621	rs1503185	-4.23	rs4882141	0.056326	3.89	0.10426	189	13	enet	0.028	0.027	-1.9672	0.049157
Ovary	/media/kame/Data/_workings/resource/GTEv8//GTExv8.EUR.Ovary/ENSG00000254832.1.wgt.RDat	ENSG00000254832.1	11	48512272	48512273	0.1375	rs1503185	-4.23	rs4882141	0.008726	3.59	0.10426	193	24	enet	0.039	0.011	-2.8543	0.004313
Ovary	/media/kame/Data/_workings/resource/GTEv8//GTExv8.EUR.Ovary/ENSG00000086205.16.wgt.RDat	ENSG00000086205.16	11	49208669	49208670	0.1178	rs12797853	3.32	rs7111215	0.043138	4.47	0.05474	168	17	enet	0.088	0.00025	-0.274	0.784084
Ovary	/media/kame/Data/_workings/resource/GTEv8//GTExv8.EUR.Ovary/ENSG00000134809.8.wgt.RDat	ENSG00000134809.8	11	57530802	57530803	0.6338	rs7117205	16.44	rs2729371	0.46854	8.08	-0.82629	377	22	enet	0.43	1.4e-18	-0.3444	0.730518
Ovary	/media/kame/Data/_workings/resource/GTEv8//GTExv8.EUR.Ovary/ENSG00000214872.8.wgt.RDat	ENSG00000214872.8	11	57542640	57542641	0.4558	rs7117205	16.44	rs2729382	0.496295	8.3	-0.1921	378	15	enet	0.46	6.1e-20	-0.4579	0.646989
Ovary	/media/kame/Data/_workings/resource/GTEv8//GTExv8.EUR.Ovary/ENSG00000156603.15.wgt.RDat	ENSG00000156603.15	11	57712322	57712323	0.1594	rs7117205	16.44	rs2866833	0.050724	4.32	-2.17404	385	32	enet	0.035	0.016	0.4907	0.623669
Ovary	/media/kame/Data/_workings/resource/GTEv8//GTExv8.EUR.Ovary/ENSG00000242689.2.wgt.RDat	ENSG00000242689.2	11	58622672	58622673	0.1783	rs7938062	7.15	rs11229439	0.134286	5.02	1.01595	413	17	enet	0.11	4.5e-05	1.0352	0.300559
Ovary	/media/kame/Data/_workings/resource/GTEv8//GTExv8.EUR.Ovary/ENSG00000166928.10.wgt.RDat	ENSG00000166928.10	11	60396013	60396014	0.2638	rs7930400	3.5	rs2120181	0.1599	-5.97	-0.32372	449	5	enet	0.17	2.4e-07	0.4253	0.670631
Ovary	/media/kame/Data/_workings/resource/GTEv8//GTExv8.EUR.Ovary/ENSG00000110448.10.wgt.RDat	ENSG00000110448.10	11	61102394	61102395	0.4437	rs11230664	-10.54	rs678060	0.285461	6.63	0.19461	363	13	enet	0.29	3.7e-12	0.5239	0.600341
Ovary	/media/kame/Data/_workings/resource/GTEv8//GTExv8.EUR.Ovary/ENSG00000256713.7.wgt.RDat	ENSG00000256713.7	11	61241041	61241042	0.187	rs11230664	-10.54	rs4939474	0.100452	-3.92	-0.27824	383	17	enet	0.0027	0.24	0.2799	0.779581
Ovary	/media/kame/Data/_workings/resource/GTEv8//GTExv8.EUR.Ovary/ENSG00000187049.9.wgt.RDat	ENSG00000187049.9	11	61391686	61391687	0.1594	rs11230664	-10.54	rs2957858	0.064752	4.61	0.17468	365	6	enet	0.049	0.0052	0.192	0.847775
Ovary	/media/kame/Data/_workings/resource/GTEv8//GTExv8.EUR.Ovary/ENSG00000011347.9.wgt.RDat	ENSG00000011347.9	11	61581147	61581148	0.2734	rs11230664	-10.54	rs12282853	-0.007314	4.09	0.35673	354	28	enet	-0.0052	0.59	-0.6504	0.515425
Ovary	/media/kame/Data/_workings/resource/GTEv8//GTExv8.EUR.Ovary/ENSG00000134825.15.wgt.RDat	ENSG00000134825.15	11	61792635	61792636	0.1726	rs11230664	-10.54	rs174579	0.099768	4.64	-3.64456	408	16	enet	0.052	0.0041	-3.1972	0.001388
Ovary	/media/kame/Data/_workings/resource/GTEv8//GTExv8.EUR.Ovary/ENSG00000133316.15.wgt.RDat	ENSG00000133316.15	11	62841617	62841618	0.1788	rs2509973	-6.32	rs631310	0.046665	3.86	-1.76822	313	9	enet	0.07	0.001	-2.358	0.018373
Ovary	/media/kame/Data/_workings/resource/GTEv8//GTExv8.EUR.Ovary/ENSG00000149781.12.wgt.RDat	ENSG00000149781.12	11	64206677	64206678	0.2398	rs6591843	4.77	rs2096706	0.00267	-3.81	0.02996	340	51	enet	0.024	0.038	0.646	0.518275
Ovary	/media/kame/Data/_workings/resource/GTEv8//GTExv8.EUR.Ovary/ENSG00000257086.1.wgt.RDat	ENSG00000257086.1	11	64249493	64249494	0.3031	rs6591843	4.77	rs12794145	0.287848	6.47	0.43713	342	13	enet	0.27	5.3e-11	0.066	0.947351
Ovary	/media/kame/Data/_workings/resource/GTEv8//GTExv8.EUR.Ovary/ENSG00000168071.21.wgt.RDat	ENSG00000168071.21	11	64340222	64340223	0.1376	rs6591843	4.77	rs11231740	0.024206	3.64	1.02393	354	18	enet	0.018	0.065	-0.4162	0.677251
Ovary	/media/kame/Data/_workings/resource/GTEv8//GTExv8.EUR.Ovary/ENSG00000254614.2.wgt.RDat	ENSG00000254614.2	11	65181685	65181686	0.5692	rs612392	-3.22	rs3953797	0.372791	-7.23	-0.44387	326	19	enet	0.32	1.8e-13	0.338	0.73536
Ovary	/media/kame/Data/_workings/resource/GTEv8//GTExv8.EUR.Ovary/ENSG00000172922.8.wgt.RDat	ENSG00000172922.8	11	65720946	65720947	0.2366	rs612392	-3.22	rs2004649	0.060989	4.34	-0.20613	326	15	enet	0.045	0.0072	0.2891	0.772471
Ovary	/media/kame/Data/_workings/resource/GTEv8//GTExv8.EUR.Ovary/ENSG00000214659.4.wgt.RDat	ENSG00000214659.4	11	65726938	65726939	0.2878	rs7128537	-4.17	rs36008241	0.234336	-6.07	0.0083	330	53	enet	0.22	6.1e-09	-0.1391	0.889363
Ovary	/media/kame/Data/_workings/resource/GTEv8//GTExv8.EUR.Ovary/ENSG00000172803.17.wgt.RDat	ENSG00000172803.17	11	65833640	65833641	0.5272	rs3814739	-4.39	rs2231884	0.381494	7.43	-1.22863	348	48	enet	0.35	1.3e-14	-1.1745	0.240198
Ovary	/media/kame/Data/_workings/resource/GTEv8//GTExv8.EUR.Ovary/ENSG00000172543.7.wgt.RDat	ENSG00000172543.7	11	65879808	65879809	0.2278	rs3814739	-4.39	rs583887	0.166618	-4.9	-0.47675	348	26	enet	0.17	4.5e-07	0.9922	0.32112
Ovary	/media/kame/Data/_workings/resource/GTEv8//GTExv8.EUR.Ovary/ENSG00000255320.1.wgt.RDat	ENSG00000255320.1	11	66246238	66246239	0.2576	rs560556	8.31	rs2236652	0.200899	5.63	0.21077	326	7	enet	0.16	7.5e-07	0.2353	0.813967
Ovary	/media/kame/Data/_workings/resource/GTEv8//GTExv8.EUR.Ovary/ENSG00000254461.1.wgt.RDat	ENSG00000254461.1	11	66259841	66259842	0.1598	rs560556	8.31	rs2276133	0.056812	-4.12	1.48578	327	10	enet	0.13	6.9e-06	1.995	0.046038
Ovary	/media/kame/Data/_workings/resource/GTEv8//GTExv8.EUR.Ovary/ENSG00000255517.6.wgt.RDat	ENSG00000255517.6	11	66478095	66478096	0.1461	rs560556	8.31	rs17495838	0.095274	-4.18	3.60505	283	11	enet	0.033	0.019	-3.0954	0.001966
Ovary	/media/kame/Data/_workings/resource/GTEv8//GTExv8.EUR.Ovary/ENSG00000254986.7.wgt.RDat	ENSG00000254986.7	11	66480012	66480013	0.1197	rs560556	8.31	rs17495838	0.000616	-3.54	3.60505	281	13	enet	-6e-04	0.34	-1.1798	0.238075
Ovary	/media/kame/Data/_workings/resource/GTEv8//GTExv8.EUR.Ovary/ENSG00000248746.5.wgt.RDat	ENSG00000248746.5	11	66546394	66546395	0.0815	rs1253440	8.65	rs678397	0.011134	-3.75	8.20211	262	26	enet	0.024	0.038	-2.2437	0.024854
Ovary	/media/kame/Data/_workings/resource/GTEv8//GTExv8.EUR.Ovary/ENSG00000173156.6.wgt.RDat	ENSG00000173156.6	11	67056817	67056818	0.6605	rs1253440	8.65	rs11227678	0.432712	-7.76	0.08051	245	12	enet	0.36	4.4e-15	0.1731	0.86254
Ovary	/media/kame/Data/_workings/resource/GTEv8//GTExv8.EUR.Ovary/ENSG00000084207.15.wgt.RDat	ENSG00000084207.15	11	67583594	67583595	0.2395	rs1138272	4.58	rs1695	0.063902	-4.04	-0.93571	249	37	enet	0.15	1.3e-06	1.2705	0.203899
Ovary	/media/kame/Data/_workings/resource/GTEv8//GTExv8.EUR.Ovary/ENSG00000167792.11.wgt.RDat	ENSG00000167792.11	11	67606851	67606852	0.2626	rs1138272	4.58	rs12790798	0.13396	4.93	-0.45257	252	25	enet	0.098	0.00011	-0.3954	0.69255
Ovary	/media/kame/Data/_workings/resource/GTEv8//GTExv8.EUR.Ovary/ENSG00000167799.9.wgt.RDat	ENSG00000167799.9	11	67629929	67629930	0.1477	rs1138272	4.58	rs2514022	0.058298	4.1	-0.74781	251	5	enet	0.06	0.0022	-0.6205	0.534914
Ovary	/media/kame/Data/_workings/resource/GTEv8//GTExv8.EUR.Ovary/ENSG00000255306.1.wgt.RDat	ENSG00000255306.1	11	68030460	68030461	0.2819	rs1138272	4.58	rs3751084	0.118037	5.08	1.26633	267	27	enet	0.11	3.4e-05	0.9422	0.346081
Ovary	/media/kame/Data/_workings/resource/GTEv8//GTExv8.EUR.Ovary/ENSG00000110075.14.wgt.RDat	ENSG00000110075.14	11	68460730	68460731	0.1797	rs7115050	-4.31	rs7936582	0.063554	3.7	-0.01352	350	18	enet	0.062	0.0019	-1.8521	0.064017
Ovary	/media/kame/Data/_workings/resource/GTEv8//GTExv8.EUR.Ovary/ENSG00000197345.12.wgt.RDat	ENSG00000197345.12	11	68903834	68903835	0.5664	rs921670	-7.76	rs619727	0.553919	-8.78	1.26759	416	17	enet	0.54	9.7e-25	-1.3611	0.173498
Ovary	/media/kame/Data/_workings/resource/GTEv8//GTExv8.EUR.Ovary/ENSG00000132740.8.wgt.RDat	ENSG00000132740.8	11	68903841	68903842	0.474	rs921670	-7.76	rs619727	0.400133	7.62	1.26759	416	43	enet	0.37	2.5e-15	1.3471	0.17795
Ovary	/media/kame/Data/_workings/resource/GTEv8//GTExv8.EUR.Ovary/ENSG00000261625.1.wgt.RDat	ENSG00000261625.1	11	69002047	69002048	0.1792	rs921670	-7.76	rs11603763	-0.002475	-3.97	2.07668	430	23	enet	0.019	0.057	0.6223	0.533745
Ovary	/media/kame/Data/_workings/resource/GTEv8//GTExv8.EUR.Ovary/ENSG00000261070.1.wgt.RDat	ENSG00000261070.1	11	69171563	69171564	0.2024	rs921670	-7.76	rs3884627	0.009115	-3.42	-0.05507	460	18	enet	-0.0054	0.61	-1.0198	0.307831
Ovary	/media/kame/Data/_workings/resource/GTEv8//GTExv8.EUR.Ovary/ENSG00000172927.7.wgt.RDat	ENSG00000172927.7	11	69294137	69294138	0.2576	rs921670	-7.76	rs3018667	0.008922	3.8	-1.0436	456	39	enet	0.038	0.013	-0.6864	0.492475
Ovary	/media/kame/Data/_workings/resource/GTEv8//GTExv8.EUR.Ovary/ENSG00000131626.16.wgt.RDat	ENSG00000131626.16	11	70270699	70270700	0.3626	rs515458	4.56	rs7129635	0.134871	-6.12	1.48742	444	11	enet	0.1	7.5e-05	-1.3745	0.169302
Ovary	/media/kame/Data/_workings/resource/GTEv8//GTExv8.EUR.Ovary/ENSG00000254682.1.wgt.RDat	ENSG00000254682.1	11	71448673	71448674	0.3996	rs4539348	-2.36	rs12791871	0.385743	-7.4	0.18964	309	25	enet	0.3	1.8e-12	-0.3976	0.690894
Ovary	/media/kame/Data/_workings/resource/GTEv8//GTExv8.EUR.Ovary/ENSG00000172890.11.wgt.RDat	ENSG00000172890.11	11	71453108	71453109	0.2589	rs4539348	-2.36	rs12791871	0.141555	-5.3	0.18964	308	23	enet	0.096	0.00013	-0.1923	0.847497
Ovary	/media/kame/Data/_workings/resource/GTEv8//GTExv8.EUR.Ovary/ENSG00000175581.13.wgt.RDat	ENSG00000175581.13	11	73787315	73787316	0.4253	rs11235971	3.14	rs1792174	0.195784	-6.13	-0.70319	327	28	enet	0.18	1.3e-07	0.3128	0.754447
Ovary	/media/kame/Data/_workings/resource/GTEv8//GTExv8.EUR.Ovary/ENSG00000254974.1.wgt.RDat	ENSG00000254974.1	11	74486050	74486051	0.1768	rs11236122	-4.38	rs601904	0.156769	-5.53	-0.69438	402	15	enet	0.096	0.00012	0.9086	0.363568
Ovary	/media/kame/Data/_workings/resource/GTEv8//GTExv8.EUR.Ovary/ENSG00000278879.1.wgt.RDat	ENSG00000278879.1	11	74832509	74832510	0.3316	rs11236122	-4.38	rs12577127	0.272885	6.61	0.17431	453	8	enet	0.26	1.3e-10	0.1976	0.843346
Ovary	/media/kame/Data/_workings/resource/GTEv8//GTExv8.EUR.Ovary/ENSG00000241170.2.wgt.RDat	ENSG00000241170.2	11	74876285	74876286	0.3914	rs11236122	-4.38	rs4245439	0.188829	-6.43	0.4754	449	23	enet	0.17	2e-07	-0.1957	0.844821
Ovary	/media/kame/Data/_workings/resource/GTEv8//GTExv8.EUR.Ovary/ENSG00000166435.15.wgt.RDat	ENSG00000166435.15	11	74949199	74949200	0.8132	rs11236122	-4.38	rs2119028	0.642473	9.59	0.39439	451	13	enet	0.64	2.1e-32	0.2221	0.824251
Ovary	/media/kame/Data/_workings/resource/GTEv8//GTExv8.EUR.Ovary/ENSG00000178301.3.wgt.RDat	ENSG00000178301.3	11	77589390	77589391	0.1893	rs11237146	5.3	rs7119934	0.187748	-5.5	0.21268	363	7	enet	0.14	4.6e-06	-0.4819	0.629876
Ovary	/media/kame/Data/_workings/resource/GTEv8//GTExv8.EUR.Ovary/ENSG00000087884.14.wgt.RDat	ENSG00000087884.14	11	77821108	77821109	0.1204	rs2844337	4.28	rs9651740	-0.00618	-3.38	-1.0423	351	21	enet	-0.0057	0.64	0.5488	0.583146
Ovary	/media/kame/Data/_workings/resource/GTEv8//GTExv8.EUR.Ovary/ENSG00000255449.1.wgt.RDat	ENSG00000255449.1	11	77870090	77870091	0.2122	rs11237465	4.02	rs12418734	0.047341	-4.19	0.35202	350	48	enet	0.038	0.013	-0.4036	0.686506
Ovary	/media/kame/Data/_workings/resource/GTEv8//GTExv8.EUR.Ovary/ENSG00000254459.1.wgt.RDat	ENSG00000254459.1	11	77872173	77872174	0.19	rs11237465	4.02	rs7106113	0.099751	-4.98	0.41846	348	26	enet	0.064	0.0015	0.1409	0.887922
Ovary	/media/kame/Data/_workings/resource/GTEv8//GTExv8.EUR.Ovary/ENSG00000151366.12.wgt.RDat	ENSG00000151366.12	11	78080218	78080219	0.211	rs11237465	4.02	rs632663	0.093968	-4.53	-0.8953	361	10	enet	0.12	2.8e-05	0.3077	0.758284
Ovary	/media/kame/Data/_workings/resource/GTEv8//GTExv8.EUR.Ovary/ENSG00000159063.12.wgt.RDat	ENSG00000159063.12	11	78139659	78139660	0.1662	rs11237465	4.02	rs10793282	0.099046	4.06	-0.46116	340	17	enet	0.05	0.005	0.2123	0.831892
Ovary	/media/kame/Data/_workings/resource/GTEv8//GTExv8.EUR.Ovary/ENSG00000246174.7.wgt.RDat	ENSG00000246174.7	11	78139770	78139771	0.5792	rs11237465	4.02	rs977978	0.466339	-8.34	-0.3331	340	16	enet	0.48	3.1e-21	0.1764	0.859948
Ovary	/media/kame/Data/_workings/resource/GTEv8//GTExv8.EUR.Ovary/ENSG00000137513.9.wgt.RDat	ENSG00000137513.9	11	78574873	78574874	0.0984	rs504245	-7.01	rs4945300	0.124743	-4.38	1.37506	446	11	enet	0.086	0.00028	-1.517	0.129276
Ovary	/media/kame/Data/_workings/resource/GTEv8//GTExv8.EUR.Ovary/ENSG00000137500.9.wgt.RDat	ENSG00000137500.9	11	83286126	83286127	0.1563	rs11601610	4.94	rs513438	0.079615	-4.34	-0.48458	386	12	enet	0.077	0.00059	0.563	0.573408
Ovary	/media/kame/Data/_workings/resource/GTEv8//GTExv8.EUR.Ovary/ENSG00000279742.1.wgt.RDat	ENSG00000279742.1	11	85854942	85854943	0.1844	rs2374721	3.69	rs7124956	0.04763	-4.07	0.05536	379	13	enet	-0.0029	0.44	0.0296	0.976401
Ovary	/media/kame/Data/_workings/resource/GTEv8//GTExv8.EUR.Ovary/ENSG00000073921.17.wgt.RDat	ENSG00000073921.17	11	86069881	86069882	0.2177	rs2374721	3.69	rs7127620	0.069883	-4.35	-0.97525	481	23	enet	0.15	2.3e-06	2.2244	0.026121
Ovary	/media/kame/Data/_workings/resource/GTEv8//GTExv8.EUR.Ovary/ENSG00000271318.1.wgt.RDat	ENSG00000271318.1	11	86821727	86821728	0.2336	rs12801911	4.95	rs2446228	-0.000906	3.64	-0.15579	602	13	enet	0.025	0.034	0.244	0.807201
Ovary	/media/kame/Data/_workings/resource/GTEv8//GTExv8.EUR.Ovary/ENSG00000123892.11.wgt.RDat	ENSG00000123892.11	11	88175466	88175467	0.2135	rs16915202	-5.11	rs7395213	0.017068	4.19	0.19646	540	17	enet	0.03	0.023	-0.1185	0.905681
Ovary	/media/kame/Data/_workings/resource/GTEv8//GTExv8.EUR.Ovary/ENSG00000077616.10.wgt.RDat	ENSG00000077616.10	11	90131514	90131515	0.2576	rs10830452	-3.32	rs7109578	0.080746	4.5	-1.68538	255	18	enet	0.054	0.0036	-1.5033	0.132767
Ovary	/media/kame/Data/_workings/resource/GTEv8//GTExv8.EUR.Ovary/ENSG00000280385.1.wgt.RDat	ENSG00000280385.1	11	90193613	90193614	0.6874	rs7952184	-3.74	rs3758756	0.519777	8.5	1.94348	270	37	enet	0.51	6.8e-23	2.0166	0.043734
Ovary	/media/kame/Data/_workings/resource/GTEv8//GTExv8.EUR.Ovary/ENSG00000280367.1.wgt.RDat	ENSG00000280367.1	11	90223364	90223365	0.5681	rs1792602	-3.75	rs3824897	0.298896	-6.7	0.23572	277	32	enet	0.23	1.4e-09	1.1034	0.269837
Ovary	/media/kame/Data/_workings/resource/GTEv8//GTExv8.EUR.Ovary/ENSG00000279684.1.wgt.RDat	ENSG00000279684.1	11	93288902	93288903	0.4166	rs11020080	5.01	rs7122184	0.306174	-6.62	0.51185	433	23	enet	0.28	1.5e-11	-0.1745	0.861509
Ovary	/media/kame/Data/_workings/resource/GTEv8//GTExv8.EUR.Ovary/ENSG00000279696.1.wgt.RDat	ENSG00000279696.1	11	93729804	93729805	0.2132	rs644306	-4.8	rs6483270	0.015583	3.81	-0.59185	411	17	enet	0.026	0.032	0.7281	0.46656
Ovary	/media/kame/Data/_workings/resource/GTEv8//GTExv8.EUR.Ovary/ENSG00000182919.14.wgt.RDat	ENSG00000182919.14	11	93741962	93741963	0.3924	rs644306	-4.8	rs675441	0.33162	6.93	-0.07437	407	20	enet	0.34	4e-14	-0.5786	0.56283
Ovary	/media/kame/Data/_workings/resource/GTEv8//GTExv8.EUR.Ovary/ENSG00000166012.16.wgt.RDat	ENSG00000166012.16	11	93742897	93742898	0.1808	rs644306	-4.8	rs625359	0.008392	3.66	2.29687	408	23	enet	0.067	0.0013	1.5987	0.109889
Ovary	/media/kame/Data/_workings/resource/GTEv8//GTExv8.EUR.Ovary/ENSG00000181333.11.wgt.RDat	ENSG00000181333.11	11	94021360	94021361	0.4471	rs644306	-4.8	rs1138800	0.418109	-7.63	0.00274	406	17	enet	0.37	1.2e-15	-0.405	0.685449
Ovary	/media/kame/Data/_workings/resource/GTEv8//GTExv8.EUR.Ovary/ENSG00000255893.1.wgt.RDat	ENSG00000255893.1	11	94473569	94473570	0.5744	rs10831196	4.44	rs535801	0.62214	9.26	-1.24469	422	32	enet	0.58	2.2e-27	-1.1536	0.248645
Ovary	/media/kame/Data/_workings/resource/GTEv8//GTExv8.EUR.Ovary/ENSG00000020922.12.wgt.RDat	ENSG00000020922.12	11	94492905	94492906	0.4682	rs10831196	4.44	rs535801	0.470917	8.06	-1.24469	422	55	enet	0.4	3.3e-17	-1.8594	0.062973
Ovary	/media/kame/Data/_workings/resource/GTEv8//GTExv8.EUR.Ovary/ENSG00000087053.18.wgt.RDat	ENSG00000087053.18	11	95925314	95925315	0.1854	rs10831371	-6.59	rs3017756	0.000965	-3.86	-0.1147	604	28	enet	-0.005	0.57	-0.8748	0.381696
Ovary	/media/kame/Data/_workings/resource/GTEv8//GTExv8.EUR.Ovary/ENSG00000149231.11.wgt.RDat	ENSG00000149231.11	11	96389922	96389923	0.4926	rs7111633	-5.66	rs11021552	0.475506	8.03	0.30369	544	21	enet	0.42	6.5e-18	0.1014	0.919218
Ovary	/media/kame/Data/_workings/resource/GTEv8//GTExv8.EUR.Ovary/ENSG00000165895.17.wgt.RDat	ENSG00000165895.17	11	100738442	100738443	0.2681	rs10750594	-9.17	rs492237	0.0881	4.73	0.58508	527	32	enet	0.17	3.7e-07	0.5067	0.612356
Ovary	/media/kame/Data/_workings/resource/GTEv8//GTExv8.EUR.Ovary/ENSG00000187151.7.wgt.RDat	ENSG00000187151.7	11	101916521	101916522	0.3997	rs1372415	-4.52	rs2282612	0.305908	6.51	-1.35483	422	13	enet	0.28	2.4e-11	-1.0251	0.305319
Ovary	/media/kame/Data/_workings/resource/GTEv8//GTExv8.EUR.Ovary/ENSG00000254987.1.wgt.RDat	ENSG00000254987.1	11	103895270	103895271	0.1818	rs590320	6.33	rs1917459	0.030718	4.49	0.3282	520	19	enet	0.13	6.2e-06	0.419	0.675224
Ovary	/media/kame/Data/_workings/resource/GTEv8//GTExv8.EUR.Ovary/ENSG00000170962.12.wgt.RDat	ENSG00000170962.12	11	104164378	104164379	0.1499	rs10502034	3.97	rs11226082	0.000562	3.21	0.80819	435	42	enet	0.027	0.031	0.9761	0.329037
Ovary	/media/kame/Data/_workings/resource/GTEv8//GTExv8.EUR.Ovary/ENSG00000261098.1.wgt.RDat	ENSG00000261098.1	11	107316270	107316271	0.3726	rs17106517	-4.08	rs7111266	0.203377	6.05	0.07451	471	23	enet	0.19	6.4e-08	-0.2332	0.815613
Ovary	/media/kame/Data/_workings/resource/GTEv8//GTExv8.EUR.Ovary/ENSG00000137760.14.wgt.RDat	ENSG00000137760.14	11	107565745	107565746	0.1716	rs17106517	-4.08	rs650218	0.015659	3.5	0.00303	463	34	enet	0.057	0.0027	-0.2596	0.795154
Ovary	/media/kame/Data/_workings/resource/GTEv8//GTExv8.EUR.Ovary/ENSG00000110675.12.wgt.RDat	ENSG00000110675.12	11	107591090	107591091	0.2413	rs17106517	-4.08	rs608701	0.002254	-3.33	0.03519	460	22	enet	0.077	0.00057	1.1186	0.263309
Ovary	/media/kame/Data/_workings/resource/GTEv8//GTExv8.EUR.Ovary/ENSG00000075239.13.wgt.RDat	ENSG00000075239.13	11	108121750	108121751	0.1307	rs683312	5.18	rs10890819	0.047306	-4.19	0.11524	366	14	enet	0.021	0.049	-0.7628	0.445582
Ovary	/media/kame/Data/_workings/resource/GTEv8//GTExv8.EUR.Ovary/ENSG00000271584.2.wgt.RDat	ENSG00000271584.2	11	111179640	111179641	0.4215	rs11213707	-6.23	rs7950087	0.303494	6.74	-0.684	471	26	enet	0.29	6.5e-12	-0.3883	0.697801
Ovary	/media/kame/Data/_workings/resource/GTEv8//GTExv8.EUR.Ovary/ENSG00000137713.15.wgt.RDat	ENSG00000137713.15	11	111766426	111766427	0.2612	rs574568	4.9	rs574568	0.119931	-5.09	4.90283	369	20	enet	0.15	1.1e-06	-1.9214	0.054682
Ovary	/media/kame/Data/_workings/resource/GTEv8//GTExv8.EUR.Ovary/ENSG00000137720.7.wgt.RDat	ENSG00000137720.7	11	111878934	111878935	0.1244	rs574568	4.9	rs498547	0.009842	3.62	4.18968	340	17	enet	0.006	0.18	1.9594	0.050065
Ovary	/media/kame/Data/_workings/resource/GTEv8//GTExv8.EUR.Ovary/ENSG00000149292.16.wgt.RDat	ENSG00000149292.16	11	113314528	113314529	0.653	rs4245150	19.1	rs2236709	0.364644	7.17	4.24788	522	35	enet	0.47	1.7e-20	0.3139	0.753564
Ovary	/media/kame/Data/_workings/resource/GTEv8//GTExv8.EUR.Ovary/ENSG00000270179.1.wgt.RDat	ENSG00000270179.1	11	113368576	113368577	0.2603	rs4245150	19.1	rs719802	0.108211	4.75	-0.63788	511	25	enet	0.14	2.5e-06	-0.255	0.79875
Ovary	/media/kame/Data/_workings/resource/GTEv8//GTExv8.EUR.Ovary/ENSG00000170209.4.wgt.RDat	ENSG00000170209.4	11	113387790	113387791	0.4094	rs4245150	19.1	rs6589371	0.130417	5.26	2.76164	512	41	enet	0.16	7.7e-07	3.5063	0.000454
Ovary	/media/kame/Data/_workings/resource/GTEv8//GTExv8.EUR.Ovary/ENSG00000137634.9.wgt.RDat	ENSG00000137634.9	11	114595761	114595762	0.2681	rs10891679	-4.14	rs661223	-0.00101	3.44	-0.08582	582	6	enet	0.0098	0.13	-1.3155	0.188355
Ovary	/media/kame/Data/_workings/resource/GTEv8//GTExv8.EUR.Ovary/ENSG00000254851.1.wgt.RDat	ENSG00000254851.1	11	117135527	117135528	0.5672	rs4938355	4.57	rs8521	0.519664	8.48	0.29751	540	16	enet	0.48	2e-21	0.3603	0.718621
Ovary	/media/kame/Data/_workings/resource/GTEv8//GTExv8.EUR.Ovary/ENSG00000168092.13.wgt.RDat	ENSG00000168092.13	11	117144266	117144267	0.1653	rs4938355	4.57	rs12420361	0.023959	-4.09	0.30982	544	21	enet	0.011	0.11	2.013	0.044112
Ovary	/media/kame/Data/_workings/resource/GTEv8//GTExv8.EUR.Ovary/ENSG00000280143.1.wgt.RDat	ENSG00000280143.1	11	117206356	117206357	0.3733	rs4938355	4.57	rs4938344	0.327279	-6.94	0.29748	531	30	enet	0.3	3e-12	-0.6633	0.50714
Ovary	/media/kame/Data/_workings/resource/GTEv8//GTExv8.EUR.Ovary/ENSG00000110274.15.wgt.RDat	ENSG00000110274.15	11	117314556	117314557	0.3494	rs7930469	5.35	rs2305827	0.06226	-4.22	0.19059	526	38	enet	0.057	0.0028	1.2697	0.204201
Ovary	/media/kame/Data/_workings/resource/GTEv8//GTExv8.EUR.Ovary/ENSG00000137731.13.wgt.RDat	ENSG00000137731.13	11	117828697	117828698	0.3333	rs7930469	5.35	rs7947524	0.160474	5.57	-2.20768	682	34	enet	0.069	0.0011	0.6356	0.525053
Ovary	/media/kame/Data/_workings/resource/GTEv8//GTExv8.EUR.Ovary/ENSG00000278376.1.wgt.RDat	ENSG00000278376.1	11	118791253	118791254	0.5561	rs7933243	-9.32	rs582200	0.380965	7.39	4.64227	365	38	enet	0.46	2e-20	3.5674	0.000361
Ovary	/media/kame/Data/_workings/resource/GTEv8//GTExv8.EUR.Ovary/ENSG00000256269.7.wgt.RDat	ENSG00000256269.7	11	119084865	119084866	0.4304	rs6589706	9.17	rs1786690	0.278	6.71	2.81141	377	19	enet	0.25	3e-10	2.2628	0.023649
Ovary	/media/kame/Data/_workings/resource/GTEv8//GTExv8.EUR.Ovary/ENSG00000181264.8.wgt.RDat	ENSG00000181264.8	11	120325128	120325129	0.3152	rs633621	-6.99	rs7929360	0.054142	4.26	-0.05353	551	31	enet	0.058	0.0027	0.2537	0.799707
Ovary	/media/kame/Data/_workings/resource/GTEv8//GTExv8.EUR.Ovary/ENSG00000259571.1.wgt.RDat	ENSG00000259571.1	11	122116131	122116132	0.1723	rs17246639	3.78	rs6589900	0.00222	3.61	-0.02147	404	15	enet	0.036	0.014	-0.7219	0.470349
Ovary	/media/kame/Data/_workings/resource/GTEv8//GTExv8.EUR.Ovary/ENSG00000166250.11.wgt.RDat	ENSG00000166250.11	11	123195280	123195281	0.5572	rs3134404	7.18	rs10892977	0.331889	-6.88	-0.24605	609	30	enet	0.35	8e-15	0.4636	0.642949
Ovary	/media/kame/Data/_workings/resource/GTEv8//GTExv8.EUR.Ovary/ENSG00000110002.15.wgt.RDat	ENSG00000110002.15	11	124115361	124115362	0.1945	rs2027767	-6.6	rs3919865	0.095548	4.2	-1.89185	600	31	enet	0.076	0.00062	0.2965	0.766858
Ovary	/media/kame/Data/_workings/resource/GTEv8//GTExv8.EUR.Ovary/ENSG00000149548.14.wgt.RDat	ENSG00000149548.14	11	124954120	124954121	0.2486	rs1940171	-10.79	rs12276686	0.04987	4.2	3.65674	506	38	enet	0.14	2.6e-06	3.5178	0.000435
Ovary	/media/kame/Data/_workings/resource/GTEv8//GTExv8.EUR.Ovary/ENSG00000149557.12.wgt.RDat	ENSG00000149557.12	11	125496309	125496310	0.2874	rs2439471	7.56	rs653921	0.016352	-3.48	-1.16495	526	26	enet	0.0033	0.23	1.1626	0.244998
Ovary	/media/kame/Data/_workings/resource/GTEv8//GTExv8.EUR.Ovary/ENSG00000149554.12.wgt.RDat	ENSG00000149554.12	11	125625215	125625216	0.184	rs666051	6.86	rs665390	0.048737	-4.37	-2.02055	530	9	enet	0.095	0.00014	1.4353	0.151199
Ovary	/media/kame/Data/_workings/resource/GTEv8//GTExv8.EUR.Ovary/ENSG00000109832.13.wgt.RDat	ENSG00000109832.13	11	125903369	125903370	0.1776	rs616975	-6.04	rs2236681	0.071088	4.44	0.29577	556	5	enet	0.025	0.035	0.9218	0.356608
Ovary	/media/kame/Data/_workings/resource/GTEv8//GTExv8.EUR.Ovary/ENSG00000110074.10.wgt.RDat	ENSG00000110074.10	11	126269144	126269145	0.4969	rs616975	-6.04	rs574198	0.380559	-7.48	0.15894	644	27	enet	0.37	1.1e-15	-0.3238	0.746101
Ovary	/media/kame/Data/_workings/resource/GTEv8//GTExv8.EUR.Ovary/ENSG00000110080.18.wgt.RDat	ENSG00000110080.18	11	126355639	126355640	0.2442	rs616975	-6.04	rs1783991	-0.00661	3.04	-0.42617	696	42	enet	-0.00073	0.34	0.6165	0.537563
Ovary	/media/kame/Data/_workings/resource/GTEv8//GTExv8.EUR.Ovary/ENSG00000170322.14.wgt.RDat	ENSG00000170322.14	11	129895589	129895590	0.4102	rs982125	-3.75	rs1940114	0.053245	-4.48	-1.56328	462	41	enet	0.12	2.5e-05	-0.1622	0.871163
Ovary	/media/kame/Data/_workings/resource/GTEv8//GTExv8.EUR.Ovary/ENSG00000120451.10.wgt.RDat	ENSG00000120451.10	11	130916508	130916509	0.4952	rs3751039	7.36	rs12418278	0.247191	6.73	0.88418	642	9	enet	0.25	3.8e-10	0.5336	0.593634
Ovary	/media/kame/Data/_workings/resource/GTEv8//GTExv8.EUR.Ovary/ENSG00000251226.1.wgt.RDat	ENSG00000251226.1	11	134735595	134735596	0.5524	rs10750581	-6.08	rs7121326	0.221677	7.13	0.764	560	22	enet	0.3	1.7e-12	0.5313	0.595205
Ovary	/media/kame/Data/_workings/resource/GTEv8//GTExv8.EUR.Ovary/ENSG00000120645.11.wgt.RDat	ENSG00000120645.11	12	66764	66765	0.37	rs11837473	3.97	rs2368834	0.083335	-4.88	-0.330279	255	10	enet	0.22	3e-09	0.47887	0.632
Ovary	/media/kame/Data/_workings/resource/GTEv8//GTExv8.EUR.Ovary/ENSG00000256540.1.wgt.RDat	ENSG00000256540.1	12	182398	182399	0.318	rs11837473	3.97	rs2291919	0.162454	-5.23	0.585931	317	12	enet	0.12	2e-05	-0.06167	0.951
Ovary	/media/kame/Data/_workings/resource/GTEv8//GTExv8.EUR.Ovary/ENSG00000120647.9.wgt.RDat	ENSG00000120647.9	12	389454	389455	0.421	rs12310089	-5.99	rs10774154	0.19102	-5.96	0.60199	390	31	enet	0.27	5.5e-11	0.89272	0.372
Ovary	/media/kame/Data/_workings/resource/GTEv8//GTExv8.EUR.Ovary/ENSG00000139044.10.wgt.RDat	ENSG00000139044.10	12	460363	460364	0.309	rs12310089	-5.99	rs7295693	0.197805	-5.49	-0.600248	415	9	enet	0.15	1.8e-06	0.29503	0.768
Ovary	/media/kame/Data/_workings/resource/GTEv8//GTExv8.EUR.Ovary/ENSG00000177406.4.wgt.RDat	ENSG00000177406.4	12	630890	630891	0.376	rs12310089	-5.99	rs2061317	0.301828	6.74	-0.323569	457	8	enet	0.27	2.7e-11	-0.36793	0.713
Ovary	/media/kame/Data/_workings/resource/GTEv8//GTExv8.EUR.Ovary/ENSG00000111254.7.wgt.RDat	ENSG00000111254.7	12	4649046	4649047	0.62	rs7135778	4.24	rs10774255	0.314569	-7.1	0.483554	691	12	enet	0.4	8.9e-17	-0.2194	0.826
Ovary	/media/kame/Data/_workings/resource/GTEv8//GTExv8.EUR.Ovary/ENSG00000130035.6.wgt.RDat	ENSG00000130035.6	12	4720340	4720341	0.638	rs7135778	4.24	rs1468556	0.327696	-7.02	0.10586	701	50	enet	0.36	6.6e-15	0.01322	0.989
Ovary	/media/kame/Data/_workings/resource/GTEv8//GTExv8.EUR.Ovary/ENSG00000215039.6.wgt.RDat	ENSG00000215039.6	12	6450893	6450894	0.29	rs3764909	-3.63	rs2240867	0.083468	-5.04	-0.057573	415	45	enet	0.14	5.3e-06	0.86106	0.389
Ovary	/media/kame/Data/_workings/resource/GTEv8//GTExv8.EUR.Ovary/ENSG00000139192.11.wgt.RDat	ENSG00000139192.11	12	6451718	6451719	0.472	rs3764909	-3.63	rs2041387	0.523492	8.55	-1.638061	415	10	enet	0.47	1.3e-20	-1.30098	0.193
Ovary	/media/kame/Data/_workings/resource/GTEv8//GTExv8.EUR.Ovary/ENSG00000139190.16.wgt.RDat	ENSG00000139190.16	12	6470986	6470987	0.251	rs3764909	-3.63	rs2041387	0.10052	-4.75	-1.638061	398	25	enet	0.12	1.6e-05	0.61383	0.539
Ovary	/media/kame/Data/_workings/resource/GTEv8//GTExv8.EUR.Ovary/ENSG00000111639.7.wgt.RDat	ENSG00000111639.7	12	6493354	6493355	0.492	rs3764909	-3.63	rs3180589	0.294596	-6.77	1.112891	376	46	enet	0.25	2.7e-10	-1.5455	0.122
Ovary	/media/kame/Data/_workings/resource/GTEv8//GTExv8.EUR.Ovary/ENSG00000269892.1.wgt.RDat	ENSG00000269892.1	12	6742984	6742985	0.366	rs3764909	-3.63	rs2072374	0.010288	3.88	-0.073071	258	33	enet	0.082	0.00038	0.58822	0.556
Ovary	/media/kame/Data/_workings/resource/GTEv8//GTExv8.EUR.Ovary/ENSG00000111671.9.wgt.RDat	ENSG00000111671.9	12	6889357	6889358	0.583	rs3764909	-3.63	rs5446	0.328797	6.78	-0.210457	205	4	enet	0.37	9.4e-16	0.0111	0.991
Ovary	/media/kame/Data/_workings/resource/GTEv8//GTExv8.EUR.Ovary/ENSG00000150045.11.wgt.RDat	ENSG00000150045.11	12	9827480	9827481	0.17	rs4764299	4.89	rs4764299	0.000607	-3.1	4.892665	275	47	enet	0.015	0.084	-1.4404	0.15
Ovary	/media/kame/Data/_workings/resource/GTEv8//GTExv8.EUR.Ovary/ENSG00000172322.13.wgt.RDat	ENSG00000172322.13	12	9971414	9971415	0.292	rs4764299	4.89	rs7313235	0.128996	5.03	-0.970442	337	6	enet	0.12	2e-05	-0.94309	0.346
Ovary	/media/kame/Data/_workings/resource/GTEv8//GTExv8.EUR.Ovary/ENSG00000205809.9.wgt.RDat	ENSG00000205809.9	12	10442262	10442263	0.266	rs4764299	4.89	rs4548707	0.092018	-4.16	-0.170084	489	24	enet	0.14	5.3e-06	-0.09752	0.922
Ovary	/media/kame/Data/_workings/resource/GTEv8//GTExv8.EUR.Ovary/ENSG00000231887.6.wgt.RDat	ENSG00000231887.6	12	10884254	10884255	0.455	rs11053854	4.7	rs10492099	0.372621	7.29	0.400918	366	29	enet	0.37	1.7e-15	0.80774	0.419
Ovary	/media/kame/Data/_workings/resource/GTEv8//GTExv8.EUR.Ovary/ENSG00000212128.2.wgt.RDat	ENSG00000212128.2	12	10909561	10909562	0.176	rs11053854	4.7	rs10492099	0.012364	3.6	0.405526	354	13	enet	-0.0052	0.59	0.32122	0.748
Ovary	/media/kame/Data/_workings/resource/GTEv8//GTExv8.EUR.Ovary/ENSG00000134551.12.wgt.RDat	ENSG00000134551.12	12	10929235	10929236	0.173	rs11053854	4.7	rs1548803	0.174254	-5.21	0.503454	354	13	enet	0.11	3.5e-05	-0.42208	0.673
Ovary	/media/kame/Data/_workings/resource/GTEv8//GTExv8.EUR.Ovary/ENSG00000212127.5.wgt.RDat	ENSG00000212127.5	12	10939262	10939263	0.419	rs11053854	4.7	rs10772397	0.265566	6.87	0.660531	365	25	enet	0.25	1.6e-10	0.55475	0.579
Ovary	/media/kame/Data/_workings/resource/GTEv8//GTExv8.EUR.Ovary/ENSG00000255837.1.wgt.RDat	ENSG00000255837.1	12	10997874	10997875	0.245	rs11053854	4.7	rs10772397	0.25337	6.08	0.750381	379	11	enet	0.23	1.2e-09	0.60075	0.548
Ovary	/media/kame/Data/_workings/resource/GTEv8//GTExv8.EUR.Ovary/ENSG00000256436.1.wgt.RDat	ENSG00000256436.1	12	11031406	11031407	0.22	rs11053854	4.7	rs12322464	0.08867	-4.39	0.342656	388	12	enet	0.073	8e-04	-0.31964	0.749
Ovary	/media/kame/Data/_workings/resource/GTEv8//GTExv8.EUR.Ovary/ENSG00000256019.1.wgt.RDat	ENSG00000256019.1	12	11049255	11049256	0.364	rs4763701	-4.73	rs7974964	0.358244	7.09	-0.112734	391	8	enet	0.3	1.8e-12	-0.0132	0.989
Ovary	/media/kame/Data/_workings/resource/GTEv8//GTExv8.EUR.Ovary/ENSG00000256274.1.wgt.RDat	ENSG00000256274.1	12	11079170	11079171	0.572	rs4763701	-4.73	rs7974964	0.516859	8.6	-0.090179	385	29	enet	0.52	6.8e-24	-0.04357	0.965
Ovary	/media/kame/Data/_workings/resource/GTEv8//GTExv8.EUR.Ovary/ENSG00000255374.3.wgt.RDat	ENSG00000255374.3	12	11092312	11092313	0.547	rs4763701	-4.73	rs2597963	0.404126	8.04	-0.011861	382	40	enet	0.45	8.4e-20	0.09581	0.924
Ovary	/media/kame/Data/_workings/resource/GTEv8//GTExv8.EUR.Ovary/ENSG00000111215.11.wgt.RDat	ENSG00000111215.11	12	11121179	11121180	0.474	rs4763701	-4.73	rs7132674	0.33964	7.43	1.288579	362	14	enet	0.36	3.7e-15	0.89	0.373
Ovary	/media/kame/Data/_workings/resource/GTEv8//GTExv8.EUR.Ovary/ENSG00000256537.4.wgt.RDat	ENSG00000256537.4	12	11171221	11171222	0.281	rs4763701	-4.73	rs10772397	0.038586	-4.19	1.017428	355	11	enet	0.016	0.076	-1.00826	0.313
Ovary	/media/kame/Data/_workings/resource/GTEv8//GTExv8.EUR.Ovary/ENSG00000247157.6.wgt.RDat	ENSG00000247157.6	12	11548029	11548030	0.594	rs4763701	-4.73	rs7132674	0.336532	6.86	1.288579	446	5	enet	0.28	1.8e-11	1.05246	0.293
Ovary	/media/kame/Data/_workings/resource/GTEv8//GTExv8.EUR.Ovary/ENSG00000013583.8.wgt.RDat	ENSG00000013583.8	12	13000272	13000273	0.284	rs4763904	5.3	rs3825272	0.236551	5.81	-0.393635	599	17	enet	0.27	5.1e-11	-0.36406	0.716
Ovary	/media/kame/Data/_workings/resource/GTEv8//GTExv8.EUR.Ovary/ENSG00000111348.8.wgt.RDat	ENSG00000111348.8	12	14961727	14961728	0.187	rs1117152	8.1	rs12815808	0.018978	3.85	-1.233465	385	23	enet	0.043	0.0085	-0.13727	0.891
Ovary	/media/kame/Data/_workings/resource/GTEv8//GTExv8.EUR.Ovary/ENSG00000123094.15.wgt.RDat	ENSG00000123094.15	12	25959065	25959066	0.247	rs10505967	4.23	rs16930139	0.010864	3.82	-0.226884	563	50	enet	0.044	0.008	0.13914	0.889
Ovary	/media/kame/Data/_workings/resource/GTEv8//GTExv8.EUR.Ovary/ENSG00000152944.8.wgt.RDat	ENSG00000152944.8	12	27022545	27022546	0.177	rs3782294	-6.33	rs17487041	0.01661	3.98	0.194673	521	22	enet	0.051	0.0046	1.7186	0.0857
Ovary	/media/kame/Data/_workings/resource/GTEv8//GTExv8.EUR.Ovary/ENSG00000256377.5.wgt.RDat	ENSG00000256377.5	12	27710769	27710770	0.292	rs1965281	-6.15	rs2033024	0.073786	4.34	1.526823	540	48	enet	-0.0036	0.48	-1.57662	0.115
Ovary	/media/kame/Data/_workings/resource/GTEv8//GTExv8.EUR.Ovary/ENSG00000087494.15.wgt.RDat	ENSG00000087494.15	12	27972704	27972705	0.298	rs1965281	-6.15	rs10492357	-0.004636	2.87	-0.025554	484	47	enet	0.0098	0.13	0.28092	0.779
Ovary	/media/kame/Data/_workings/resource/GTEv8//GTExv8.EUR.Ovary/ENSG00000247934.4.wgt.RDat	ENSG00000247934.4	12	28190737	28190738	0.159	rs1965281	-6.15	rs11049520	0.089722	-5.08	-1.615929	441	15	enet	0.13	6.9e-06	0.67352	0.501
Ovary	/media/kame/Data/_workings/resource/GTEv8//GTExv8.EUR.Ovary/ENSG00000275476.1.wgt.RDat	ENSG00000275476.1	12	29277881	29277882	0.524	rs7312184	-3.81	rs10843391	0.404106	7.51	0.072865	598	10	enet	0.35	1.4e-14	0.20697	0.836
Ovary	/media/kame/Data/_workings/resource/GTEv8//GTExv8.EUR.Ovary/ENSG00000257176.2.wgt.RDat	ENSG00000257176.2	12	29317847	29317848	0.679	rs7312184	-3.81	rs10843391	0.531757	8.55	0.072865	597	22	enet	0.49	8.1e-22	0.17734	0.859
Ovary	/media/kame/Data/_workings/resource/GTEv8//GTExv8.EUR.Ovary/ENSG00000013573.16.wgt.RDat	ENSG00000013573.16	12	31073847	31073848	0.935	rs33234	-5.57	rs4356315	0.715731	-9.95	0.050881	448	16	enet	0.67	5.1e-35	0.02145	0.983
Ovary	/media/kame/Data/_workings/resource/GTEv8//GTExv8.EUR.Ovary/ENSG00000233381.3.wgt.RDat	ENSG00000233381.3	12	31616438	31616439	0.446	rs4931599	-5.85	rs3850967	0.06695	-4.72	-0.314245	455	31	enet	0.22	4e-09	0.7535	0.451
Ovary	/media/kame/Data/_workings/resource/GTEv8//GTExv8.EUR.Ovary/ENSG00000139160.13.wgt.RDat	ENSG00000139160.13	12	31647159	31647160	0.339	rs4931599	-5.85	rs17499863	0.010363	3.66	0.442408	470	39	enet	0.0098	0.13	1.87408	0.0609
Ovary	/media/kame/Data/_workings/resource/GTEv8//GTExv8.EUR.Ovary/ENSG00000257718.1.wgt.RDat	ENSG00000257718.1	12	38906450	38906451	0.186	rs11170524	-7.28	rs7302680	0.017705	3.62	0.551223	326	7	enet	0.015	0.081	-1.45331	0.146
Ovary	/media/kame/Data/_workings/resource/GTEv8//GTExv8.EUR.Ovary/ENSG00000139116.18.wgt.RDat	ENSG00000139116.18	12	39443389	39443390	0.133	rs11170524	-7.28	rs1398541	0.056953	4.08	-0.52141	331	28	enet	0.0036	0.22	-0.44074	0.659
Ovary	/media/kame/Data/_workings/resource/GTEv8//GTExv8.EUR.Ovary/ENSG00000018236.14.wgt.RDat	ENSG00000018236.14	12	40692441	40692442	0.208	rs1627086	-6.1	rs1348513	0.152438	-4.81	0.761943	556	10	enet	0.084	0.00034	-1.82715	0.0677
Ovary	/media/kame/Data/_workings/resource/GTEv8//GTExv8.EUR.Ovary/ENSG00000015153.14.wgt.RDat	ENSG00000015153.14	12	42238348	42238349	0.119	rs1234025	-3.34	rs3229	0.09066	-4.18	-0.017624	421	17	enet	0.064	0.0016	-0.11082	0.912
Ovary	/media/kame/Data/_workings/resource/GTEv8//GTExv8.EUR.Ovary/ENSG00000134283.17.wgt.RDat	ENSG00000134283.17	12	42238446	42238447	0.172	rs1234025	-3.34	rs4768411	0.115515	-4.82	0.010021	421	10	enet	0.018	0.062	-0.07178	0.943
Ovary	/media/kame/Data/_workings/resource/GTEv8//GTExv8.EUR.Ovary/ENSG00000257225.1.wgt.RDat	ENSG00000257225.1	12	42460665	42460666	0.422	rs12822496	-3.31	rs12658	0.322439	7.03	0.045819	416	51	enet	0.35	2.2e-14	0.01978	0.984
Ovary	/media/kame/Data/_workings/resource/GTEv8//GTExv8.EUR.Ovary/ENSG00000258181.1.wgt.RDat	ENSG00000258181.1	12	47248123	47248124	0.464	rs215360	-5.56	rs855155	0.378506	7.26	0.052515	468	16	enet	0.33	1.1e-13	0.33972	0.734
Ovary	/media/kame/Data/_workings/resource/GTEv8//GTExv8.EUR.Ovary/ENSG00000134291.11.wgt.RDat	ENSG00000134291.11	12	47963568	47963569	0.194	rs7397928	5.56	rs11168327	-0.006063	-3.4	0.11633	505	16	enet	-0.0072	0.87	0.32264	0.747
Ovary	/media/kame/Data/_workings/resource/GTEv8//GTExv8.EUR.Ovary/ENSG00000240399.1.wgt.RDat	ENSG00000240399.1	12	48055590	48055591	0.3	rs7397928	5.56	rs1859445	0.193706	-5.98	1.953858	516	31	enet	0.24	4.5e-10	-1.08972	0.276
Ovary	/media/kame/Data/_workings/resource/GTEv8//GTExv8.EUR.Ovary/ENSG00000258234.1.wgt.RDat	ENSG00000258234.1	12	48284209	48284210	0.15	rs10875867	-7.33	rs2634679	0.008908	3.88	1.462477	489	6	enet	0.0041	0.21	-0.04045	0.968
Ovary	/media/kame/Data/_workings/resource/GTEv8//GTExv8.EUR.Ovary/ENSG00000187166.1.wgt.RDat	ENSG00000187166.1	12	48328979	48328980	0.32	rs10875867	-7.33	rs2732480	0.091446	-5.19	-0.158423	480	6	enet	0.095	0.00014	0.51422	0.607
Ovary	/media/kame/Data/_workings/resource/GTEv8//GTExv8.EUR.Ovary/ENSG00000257735.1.wgt.RDat	ENSG00000257735.1	12	48350944	48350945	0.119	rs10875867	-7.33	rs1793958	0.064976	4.24	0.072844	467	11	enet	0.041	0.0098	-1.07135	0.284
Ovary	/media/kame/Data/_workings/resource/GTEv8//GTExv8.EUR.Ovary/ENSG00000177627.9.wgt.RDat	ENSG00000177627.9	12	48482502	48482503	0.324	rs10875867	-7.33	rs1489110	0.072351	4.21	-0.016582	449	18	enet	0.046	0.0068	0.91943	0.358
Ovary	/media/kame/Data/_workings/resource/GTEv8//GTExv8.EUR.Ovary/ENSG00000197376.2.wgt.RDat	ENSG00000197376.2	12	48507353	48507354	0.229	rs10875867	-7.33	rs1489110	0.068741	4.3	-0.016582	434	4	enet	0.069	0.0011	-0.04759	0.962
Ovary	/media/kame/Data/_workings/resource/GTEv8//GTExv8.EUR.Ovary/ENSG00000139620.12.wgt.RDat	ENSG00000139620.12	12	48682237	48682238	0.384	rs10875867	-7.33	rs2162317	0.20541	5.46	-5.790731	378	16	enet	0.14	2.5e-06	-4.37137	1.23e-05
Ovary	/media/kame/Data/_workings/resource/GTEv8//GTExv8.EUR.Ovary/ENSG00000239617.1.wgt.RDat	ENSG00000239617.1	12	48903812	48903813	0.135	rs7969099	7.48	rs11168785	0.078417	3.99	0.434175	337	24	enet	0.018	0.061	0.30542	0.76
Ovary	/media/kame/Data/_workings/resource/GTEv8//GTExv8.EUR.Ovary/ENSG00000139537.10.wgt.RDat	ENSG00000139537.10	12	48904109	48904110	0.272	rs7969099	7.48	rs11168790	0.217314	-5.92	0.592577	337	41	enet	0.16	5.2e-07	-1.49541	0.135
Ovary	/media/kame/Data/_workings/resource/GTEv8//GTExv8.EUR.Ovary/ENSG00000258017.1.wgt.RDat	ENSG00000258017.1	12	49131170	49131171	0.221	rs11169058	8.05	rs1039225	0.299764	-6.5	0.660133	309	19	enet	0.24	4.3e-10	-0.32211	0.747
Ovary	/media/kame/Data/_workings/resource/GTEv8//GTExv8.EUR.Ovary/ENSG00000135436.8.wgt.RDat	ENSG00000135436.8	12	49605638	49605639	0.193	rs11169058	8.05	rs4898506	0.103758	4.8	0.45312	324	8	enet	0.14	4.7e-06	-0.3064	0.759
Ovary	/media/kame/Data/_workings/resource/GTEv8//GTExv8.EUR.Ovary/ENSG00000110881.11.wgt.RDat	ENSG00000110881.11	12	50057547	50057548	0.251	rs376401	-4.79	rs11169270	0.113206	-5.12	0.521478	315	15	enet	0.094	0.00015	-1.00324	0.316
Ovary	/media/kame/Data/_workings/resource/GTEv8//GTExv8.EUR.Ovary/ENSG00000272368.2.wgt.RDat	ENSG00000272368.2	12	50123363	50123364	0.144	rs376401	-4.79	rs4459386	0.066427	4.48	-1.068107	309	12	enet	0.053	0.0039	-1.8983	0.0577
Ovary	/media/kame/Data/_workings/resource/GTEv8//GTExv8.EUR.Ovary/ENSG00000139624.12.wgt.RDat	ENSG00000139624.12	12	50167532	50167533	0.195	rs376401	-4.79	rs3184122	0.089636	-4.4	-0.153082	307	8	enet	0.08	0.00046	-0.1738	0.862
Ovary	/media/kame/Data/_workings/resource/GTEv8//GTExv8.EUR.Ovary/ENSG00000123268.8.wgt.RDat	ENSG00000123268.8	12	50763709	50763710	0.124	rs4761815	6.07	rs10783387	0.050455	4.04	-0.531056	309	11	enet	0.045	0.0074	-0.15447	0.877
Ovary	/media/kame/Data/_workings/resource/GTEv8//GTExv8.EUR.Ovary/ENSG00000257851.2.wgt.RDat	ENSG00000257851.2	12	51713605	51713606	0.224	rs11169953	-6.22	rs7970638	-0.005676	-3.28	-1.114381	438	14	enet	-0.007	0.83	1.15871	0.247
Ovary	/media/kame/Data/_workings/resource/GTEv8//GTExv8.EUR.Ovary/ENSG00000170442.11.wgt.RDat	ENSG00000170442.11	12	52249299	52249300	0.246	rs636299	6.99	rs1732290	0.002163	3.5	0.71525	735	68	enet	0.004	0.22	0.84155	0.4
Ovary	/media/kame/Data/_workings/resource/GTEv8//GTExv8.EUR.Ovary/ENSG00000257605.2.wgt.RDat	ENSG00000257605.2	12	53300313	53300314	0.135	rs7309494	5.51	rs2016266	0.131157	-5.05	0.179712	419	12	enet	0.11	5.4e-05	-0.54242	0.588
Ovary	/media/kame/Data/_workings/resource/GTEv8//GTExv8.EUR.Ovary/ENSG00000135390.17.wgt.RDat	ENSG00000135390.17	12	53677407	53677408	0.355	rs7309494	5.51	rs11170631	0.229569	6.29	0.962255	415	17	enet	0.21	8.9e-09	1.00271	0.316
Ovary	/media/kame/Data/_workings/resource/GTEv8//GTExv8.EUR.Ovary/ENSG00000248265.1.wgt.RDat	ENSG00000248265.1	12	54058253	54058254	0.413	rs1485394	4.18	rs6580976	0.08849	-5.02	-0.965243	419	14	enet	0.095	0.00013	0.91902	0.358
Ovary	/media/kame/Data/_workings/resource/GTEv8//GTExv8.EUR.Ovary/ENSG00000135426.15.wgt.RDat	ENSG00000135426.15	12	54984745	54984746	0.152	rs1249949	6.35	rs7297842	0.027027	3.86	-1.211878	424	33	enet	0.055	0.0033	-0.34298	0.732
Ovary	/media/kame/Data/_workings/resource/GTEv8//GTExv8.EUR.Ovary/ENSG00000135437.9.wgt.RDat	ENSG00000135437.9	12	55720366	55720367	0.153	rs17528736	5.06	rs2069391	0.058966	-3.85	3.369668	305	23	enet	0.037	0.014	-2.08811	0.0368
Ovary	/media/kame/Data/_workings/resource/GTEv8//GTExv8.EUR.Ovary/ENSG00000139531.12.wgt.RDat	ENSG00000139531.12	12	55997179	55997180	0.244	rs17528736	5.06	rs705699	0.105169	-4.67	0.032408	290	32	enet	0.13	1.1e-05	-1.09877	0.272
Ovary	/media/kame/Data/_workings/resource/GTEv8//GTExv8.EUR.Ovary/ENSG00000197728.9.wgt.RDat	ENSG00000197728.9	12	56041852	56041853	0.791	rs17528736	5.06	rs11171739	0.681228	10.02	-0.169374	286	25	enet	0.72	8.5e-40	-0.0348	0.972
Ovary	/media/kame/Data/_workings/resource/GTEv8//GTExv8.EUR.Ovary/ENSG00000257303.1.wgt.RDat	ENSG00000257303.1	12	56300141	56300142	0.158	rs35075600	5.08	rs10876882	0.076423	-4.39	0.673029	254	28	enet	0.1	7.4e-05	-0.83701	0.403
Ovary	/media/kame/Data/_workings/resource/GTEv8//GTExv8.EUR.Ovary/ENSG00000198056.13.wgt.RDat	ENSG00000198056.13	12	56752372	56752373	0.337	rs2255074	4.5	rs2277339	-0.005947	-3.59	-1.527423	334	58	enet	0.027	0.03	0.33255	0.739
Ovary	/media/kame/Data/_workings/resource/GTEv8//GTExv8.EUR.Ovary/ENSG00000273805.1.wgt.RDat	ENSG00000273805.1	12	57896482	57896483	0.172	rs17492255	8.07	rs10877020	0.043451	3.87	0.244801	393	35	enet	0.025	0.037	-0.70146	0.483
Ovary	/media/kame/Data/_workings/resource/GTEv8//GTExv8.EUR.Ovary/ENSG00000257698.1.wgt.RDat	ENSG00000257698.1	12	57936174	57936175	0.171	rs17492255	8.07	rs4354731	0.089211	-5.33	1.444712	403	24	enet	0.14	3.4e-06	-0.17218	0.863
Ovary	/media/kame/Data/_workings/resource/GTEv8//GTExv8.EUR.Ovary/ENSG00000166896.7.wgt.RDat	ENSG00000166896.7	12	57941540	57941541	0.483	rs17492255	8.07	rs10877041	0.45874	-7.99	-1.5694	405	19	enet	0.4	4.6e-17	1.11738	0.264
Ovary	/media/kame/Data/_workings/resource/GTEv8//GTExv8.EUR.Ovary/ENSG00000177990.11.wgt.RDat	ENSG00000177990.11	12	63668848	63668849	0.331	rs488736	4.58	rs12320510	0.062665	4.63	-0.125668	313	17	enet	0.1	6.9e-05	-0.68537	0.493
Ovary	/media/kame/Data/_workings/resource/GTEv8//GTExv8.EUR.Ovary/ENSG00000255642.1.wgt.RDat	ENSG00000255642.1	12	63822156	63822157	0.219	rs488736	4.58	rs10506464	0.136781	5.31	-0.086382	283	8	enet	0.14	3.7e-06	-0.81456	0.415
Ovary	/media/kame/Data/_workings/resource/GTEv8//GTExv8.EUR.Ovary/ENSG00000239335.4.wgt.RDat	ENSG00000239335.4	12	66130768	66130769	0.554	rs17178802	-4.85	rs1168765	0.478473	-8.45	0.052813	478	17	enet	0.5	2.1e-22	-0.00864	0.993
Ovary	/media/kame/Data/_workings/resource/GTEv8//GTExv8.EUR.Ovary/ENSG00000127311.9.wgt.RDat	ENSG00000127311.9	12	66302544	66302545	0.263	rs903586	4.1	rs3741605	0.211354	-6.07	-0.430228	500	21	enet	0.18	1e-07	0.51581	0.606
Ovary	/media/kame/Data/_workings/resource/GTEv8//GTExv8.EUR.Ovary/ENSG00000111581.9.wgt.RDat	ENSG00000111581.9	12	68686733	68686734	0.331	rs11177186	-6.33	rs10748108	0.179067	-5.35	0.117038	524	27	enet	0.15	1.9e-06	-0.66109	0.509
Ovary	/media/kame/Data/_workings/resource/GTEv8//GTExv8.EUR.Ovary/ENSG00000127337.6.wgt.RDat	ENSG00000127337.6	12	69359702	69359703	0.444	rs618470	-7.65	rs6581889	0.25519	-6	-0.883675	524	47	enet	0.11	3.7e-05	-1.75249	0.0797
Ovary	/media/kame/Data/_workings/resource/GTEv8//GTExv8.EUR.Ovary/ENSG00000121749.15.wgt.RDat	ENSG00000121749.15	12	71839706	71839707	0.252	rs4073007	7.92	rs11831622	0.014027	3.61	-0.007029	407	20	enet	-0.0072	0.89	-0.68566	0.493
Ovary	/media/kame/Data/_workings/resource/GTEv8//GTExv8.EUR.Ovary/ENSG00000273987.1.wgt.RDat	ENSG00000273987.1	12	75334485	75334486	0.154	rs1405451	6.15	rs12369556	-0.007135	3.73	0.174049	433	35	enet	0.0031	0.23	0.69	0.49
Ovary	/media/kame/Data/_workings/resource/GTEv8//GTExv8.EUR.Ovary/ENSG00000173401.9.wgt.RDat	ENSG00000173401.9	12	75334638	75334639	0.122	rs1405451	6.15	rs7975661	-0.006359	3.33	0.224686	433	42	enet	0.0023	0.25	0.61607	0.538
Ovary	/media/kame/Data/_workings/resource/GTEv8//GTExv8.EUR.Ovary/ENSG00000180881.19.wgt.RDat	ENSG00000180881.19	12	75390927	75390928	0.183	rs1405451	6.15	rs7963723	0.139151	5.06	0.373336	466	22	enet	0.096	0.00013	0.25315	0.8
Ovary	/media/kame/Data/_workings/resource/GTEv8//GTExv8.EUR.Ovary/ENSG00000180481.10.wgt.RDat	ENSG00000180481.10	12	75391069	75391070	0.655	rs1405451	6.15	rs11180495	0.673519	-9.68	0.185841	466	17	enet	0.66	1.5e-33	-0.23227	0.816
Ovary	/media/kame/Data/_workings/resource/GTEv8//GTExv8.EUR.Ovary/ENSG00000257497.2.wgt.RDat	ENSG00000257497.2	12	75489819	75489820	0.367	rs1405451	6.15	rs7969930	0.292322	-6.71	0.510942	503	33	enet	0.29	3.6e-12	-0.83695	0.403
Ovary	/media/kame/Data/_workings/resource/GTEv8//GTExv8.EUR.Ovary/ENSG00000111615.13.wgt.RDat	ENSG00000111615.13	12	75511620	75511621	0.135	rs1405451	6.15	rs15513	0.071809	4.27	0.63029	520	17	enet	0.089	0.00023	0.23734	0.812
Ovary	/media/kame/Data/_workings/resource/GTEv8//GTExv8.EUR.Ovary/ENSG00000139220.16.wgt.RDat	ENSG00000139220.16	12	81759552	81759553	0.242	rs2066955	6.88	rs10862355	0.026441	3.49	-2.473644	383	32	enet	0.042	0.0093	0.69648	0.486
Ovary	/media/kame/Data/_workings/resource/GTEv8//GTExv8.EUR.Ovary/ENSG00000257431.1.wgt.RDat	ENSG00000257431.1	12	82512676	82512677	0.575	rs10506863	-5.49	rs9669522	0.269652	6.16	2.123216	360	74	enet	0.21	8e-09	-0.70984	0.478
Ovary	/media/kame/Data/_workings/resource/GTEv8//GTExv8.EUR.Ovary/ENSG00000198707.14.wgt.RDat	ENSG00000198707.14	12	88142215	88142216	0.193	rs17330765	-3.59	rs2468244	0.091554	4.7	0.02351	289	20	enet	0.065	0.0015	0.1024	0.918
Ovary	/media/kame/Data/_workings/resource/GTEv8//GTExv8.EUR.Ovary/ENSG00000258302.2.wgt.RDat	ENSG00000258302.2	12	89561128	89561129	0.274	rs12582424	-3.59	rs7305095	0.139745	4.72	0.080416	360	51	enet	0.068	0.0012	-0.12446	0.901
Ovary	/media/kame/Data/_workings/resource/GTEv8//GTExv8.EUR.Ovary/ENSG00000139330.5.wgt.RDat	ENSG00000139330.5	12	91057982	91057983	0.173	rs10777264	-5.6	rs1920750	0.099107	4.51	0.49733	385	18	enet	0.072	0.00083	0.64601	0.518
Ovary	/media/kame/Data/_workings/resource/GTEv8//GTExv8.EUR.Ovary/ENSG00000258100.1.wgt.RDat	ENSG00000258100.1	12	91362195	91362196	0.313	rs10777264	-5.6	rs544968	0.223524	-6.06	-0.217293	371	43	enet	0.21	1.4e-08	0.12062	0.904
Ovary	/media/kame/Data/_workings/resource/GTEv8//GTExv8.EUR.Ovary/ENSG00000120802.13.wgt.RDat	ENSG00000120802.13	12	98515897	98515898	0.218	rs7978994	4.62	rs829863	0.032641	4.24	-1.095416	440	23	enet	0.081	0.00041	-0.69234	0.489
Ovary	/media/kame/Data/_workings/resource/GTEv8//GTExv8.EUR.Ovary/ENSG00000166130.14.wgt.RDat	ENSG00000166130.14	12	98645112	98645113	0.349	rs4762219	-6.15	rs12581119	0.17461	5.75	-0.148581	438	5	enet	0.16	7.8e-07	0.06261	0.95
Ovary	/media/kame/Data/_workings/resource/GTEv8//GTExv8.EUR.Ovary/ENSG00000120868.13.wgt.RDat	ENSG00000120868.13	12	98645140	98645141	0.283	rs4762219	-6.15	rs1439124	0.152969	5.09	0.341985	438	20	enet	0.17	4.2e-07	1.12361	0.261
Ovary	/media/kame/Data/_workings/resource/GTEv8//GTExv8.EUR.Ovary/ENSG00000111666.10.wgt.RDat	ENSG00000111666.10	12	101696946	101696947	0.301	rs10860794	8.61	rs10778139	0.146092	-4.87	-1.294284	465	23	enet	0.065	0.0015	-1.13732	0.255
Ovary	/media/kame/Data/_workings/resource/GTEv8//GTExv8.EUR.Ovary/ENSG00000120860.10.wgt.RDat	ENSG00000120860.10	12	102062148	102062149	0.194	rs10860794	8.61	rs4272832	0.131101	-4.5	-1.00962	436	26	enet	0.042	0.0094	1.31553	0.188
Ovary	/media/kame/Data/_workings/resource/GTEv8//GTExv8.EUR.Ovary/ENSG00000075188.8.wgt.RDat	ENSG00000075188.8	12	102120123	102120124	0.287	rs10860794	8.61	rs12367909	-0.006518	3.42	0.717188	427	11	enet	0.0098	0.13	0.63873	0.523
Ovary	/media/kame/Data/_workings/resource/GTEv8//GTExv8.EUR.Ovary/ENSG00000257681.1.wgt.RDat	ENSG00000257681.1	12	103768857	103768858	0.461	rs12817542	6.24	rs11111796	0.17622	5.9	-1.079378	616	18	enet	0.25	2.2e-10	-0.51059	0.61
Ovary	/media/kame/Data/_workings/resource/GTEv8//GTExv8.EUR.Ovary/ENSG00000111696.11.wgt.RDat	ENSG00000111696.11	12	103841196	103841197	0.408	rs12817542	5.9	rs12368209	0.1744	5.37	0.104796	610	30	enet	0.058	0.0026	0.19854	0.843
Ovary	/media/kame/Data/_workings/resource/GTEv8//GTExv8.EUR.Ovary/ENSG00000214198.8.wgt.RDat	ENSG00000214198.8	12	103930105	103930106	0.176	rs7309088	-5.52	rs6539116	0.068348	4.23	-0.091939	614	14	enet	0.0073	0.16	-0.19301	0.847
Ovary	/media/kame/Data/_workings/resource/GTEv8//GTExv8.EUR.Ovary/ENSG00000136051.13.wgt.RDat	ENSG00000136051.13	12	105107323	105107324	0.164	rs4964134	4.62	rs2440713	0.036579	4.73	1.579646	648	13	enet	0.06	0.0023	1.42544	0.154
Ovary	/media/kame/Data/_workings/resource/GTEv8//GTExv8.EUR.Ovary/ENSG00000189046.10.wgt.RDat	ENSG00000189046.10	12	109093487	109093488	0.164	rs7313797	13.27	rs11114066	-0.007353	-3.61	0.492004	440	25	enet	-0.0019	0.39	-0.24927	0.803
Ovary	/media/kame/Data/_workings/resource/GTEv8//GTExv8.EUR.Ovary/ENSG00000122965.10.wgt.RDat	ENSG00000122965.10	12	113966370	113966371	0.449	rs4554940	6.59	rs7314142	0.0213	-4.63	-0.112169	642	93	enet	0.059	0.0023	0.77175	0.44
Ovary	/media/kame/Data/_workings/resource/GTEv8//GTExv8.EUR.Ovary/ENSG00000174989.12.wgt.RDat	ENSG00000174989.12	12	116910955	116910956	0.144	rs9658498	14.07	rs2270794	0.154543	4.95	-0.023673	443	17	enet	0.083	0.00037	0.15202	0.879
Ovary	/media/kame/Data/_workings/resource/GTEv8//GTExv8.EUR.Ovary/ENSG00000275759.1.wgt.RDat	ENSG00000275759.1	12	118428280	118428281	0.367	rs17512609	11.58	rs17512574	0.268795	-6.54	11.038999	447	47	enet	0.3	3.5e-12	-7.08288	1.41e-12
Ovary	/media/kame/Data/_workings/resource/GTEv8//GTExv8.EUR.Ovary/ENSG00000275409.1.wgt.RDat	ENSG00000275409.1	12	118430146	118430147	0.28	rs17512609	11.58	rs17619932	0.140286	-5.68	9.421401	448	39	enet	0.17	2.3e-07	-5.54095	3.01e-08
Ovary	/media/kame/Data/_workings/resource/GTEv8//GTExv8.EUR.Ovary/ENSG00000111725.10.wgt.RDat	ENSG00000111725.10	12	119667752	119667753	0.257	rs2555296	-8.97	rs278108	0.035776	3.69	1.343088	462	26	enet	0.016	0.075	1.52837	0.126
Ovary	/media/kame/Data/_workings/resource/GTEv8//GTExv8.EUR.Ovary/ENSG00000257218.5.wgt.RDat	ENSG00000257218.5	12	120446437	120446438	0.386	rs10774542	-8.05	rs7027	0.256492	5.98	-1.276447	388	10	enet	0.2	1.8e-08	-1.04241	0.297
Ovary	/media/kame/Data/_workings/resource/GTEv8//GTExv8.EUR.Ovary/ENSG00000110871.14.wgt.RDat	ENSG00000110871.14	12	120534349	120534350	0.256	rs10774542	-8.05	rs2235217	0.158683	5.8	-0.209808	404	21	enet	0.22	5.5e-09	0.01187	0.991
Ovary	/media/kame/Data/_workings/resource/GTEv8//GTExv8.EUR.Ovary/ENSG00000122971.8.wgt.RDat	ENSG00000122971.8	12	120725734	120725735	0.137	rs2859263	3.94	rs11065286	-0.000251	-4	0.056851	445	10	enet	-0.0031	0.45	-0.23952	0.811
Ovary	/media/kame/Data/_workings/resource/GTEv8//GTExv8.EUR.Ovary/ENSG00000139714.12.wgt.RDat	ENSG00000139714.12	12	121672630	121672631	0.167	rs2707068	5.04	rs12313273	0.101503	4.6	-0.65461	361	8	enet	0.029	0.025	0.29874	0.765
Ovary	/media/kame/Data/_workings/resource/GTEv8//GTExv8.EUR.Ovary/ENSG00000274292.1.wgt.RDat	ENSG00000274292.1	12	121800796	121800797	0.181	rs2707068	5.04	rs921286	0.180736	-5.22	-0.195081	342	7	enet	0.077	0.00056	0.22246	0.824
Ovary	/media/kame/Data/_workings/resource/GTEv8//GTExv8.EUR.Ovary/ENSG00000158023.9.wgt.RDat	ENSG00000158023.9	12	121918297	121918298	0.288	rs2707068	5.04	rs830123	0.011199	3.77	0.498369	343	20	enet	0.0067	0.17	0.17149	0.864
Ovary	/media/kame/Data/_workings/resource/GTEv8//GTExv8.EUR.Ovary/ENSG00000158113.12.wgt.RDat	ENSG00000158113.12	12	122167737	122167738	0.36	rs2707068	5.04	rs4758680	0.061945	4.58	-0.85006	338	21	enet	0.12	2.4e-05	-0.96648	0.334
Ovary	/media/kame/Data/_workings/resource/GTEv8//GTExv8.EUR.Ovary/ENSG00000256092.2.wgt.RDat	ENSG00000256092.2	12	123363867	123363868	0.421	rs7358562	-4.67	rs2280424	0.178862	-5.71	0.700944	342	15	enet	0.15	1.2e-06	-0.73663	0.461
Ovary	/media/kame/Data/_workings/resource/GTEv8//GTExv8.EUR.Ovary/ENSG00000188026.12.wgt.RDat	ENSG00000188026.12	12	123533717	123533718	0.187	rs10846581	-4.7	rs1050448	0.017596	-4.14	-0.955362	370	10	enet	0.0055	0.19	0.57533	0.565
Ovary	/media/kame/Data/_workings/resource/GTEv8//GTExv8.EUR.Ovary/ENSG00000111364.15.wgt.RDat	ENSG00000111364.15	12	123602098	123602099	0.318	rs10846600	6.45	rs7971779	0.211708	-6.47	-0.400804	373	24	enet	0.27	3.4e-11	0.6045	0.546
Ovary	/media/kame/Data/_workings/resource/GTEv8//GTExv8.EUR.Ovary/ENSG00000168778.11.wgt.RDat	ENSG00000168778.11	12	123671112	123671113	0.347	rs10846600	6.45	rs7306549	0.17569	5.38	-2.06611	383	39	enet	0.18	1.5e-07	-0.4175	0.676
Ovary	/media/kame/Data/_workings/resource/GTEv8//GTExv8.EUR.Ovary/ENSG00000119242.8.wgt.RDat	ENSG00000119242.8	12	123972830	123972831	0.294	rs10846600	6.45	rs1054852	0.076505	4.07	0.767321	426	30	enet	0.072	0.00088	0.79048	0.429
Ovary	/media/kame/Data/_workings/resource/GTEv8//GTExv8.EUR.Ovary/ENSG00000178882.14.wgt.RDat	ENSG00000178882.14	12	124149594	124149595	0.265	rs12230272	8.96	rs3863383	0.041851	4.27	-0.109533	465	27	enet	0.089	0.00022	0.42797	0.669
Ovary	/media/kame/Data/_workings/resource/GTEv8//GTExv8.EUR.Ovary/ENSG00000081760.16.wgt.RDat	ENSG00000081760.16	12	125065378	125065379	0.206	rs748548	13.36	rs2086673	0.124326	-5.02	-0.19708	544	10	enet	0.12	1.3e-05	0.11037	0.912
Ovary	/media/kame/Data/_workings/resource/GTEv8//GTExv8.EUR.Ovary/ENSG00000279233.1.wgt.RDat	ENSG00000279233.1	12	125138244	125138245	0.459	rs748548	13.36	rs12581512	0.39681	7.61	-0.423943	540	20	enet	0.37	2.3e-15	-0.64889	0.516
Ovary	/media/kame/Data/_workings/resource/GTEv8//GTExv8.EUR.Ovary/ENSG00000256250.1.wgt.RDat	ENSG00000256250.1	12	130810605	130810606	0.647	rs7301892	-4.9	rs1554807	0.458546	8.04	-0.083627	646	16	enet	0.43	8.6e-19	-0.09091	0.928
Ovary	/media/kame/Data/_workings/resource/GTEv8//GTExv8.EUR.Ovary/ENSG00000256299.1.wgt.RDat	ENSG00000256299.1	12	130812621	130812622	0.489	rs7301892	-4.9	rs1554807	0.311476	6.74	-0.083627	645	15	enet	0.26	8.8e-11	-0.23273	0.816
Ovary	/media/kame/Data/_workings/resource/GTEv8//GTExv8.EUR.Ovary/ENSG00000111450.13.wgt.RDat	ENSG00000111450.13	12	130839265	130839266	0.614	rs11608663	-6.59	rs2001483	0.366026	-7.27	0.275072	639	44	enet	0.41	1.2e-17	-1.60231	0.109
Ovary	/media/kame/Data/_workings/resource/GTEv8//GTExv8.EUR.Ovary/ENSG00000280319.1.wgt.RDat	ENSG00000280319.1	12	131436446	131436447	0.215	rs11608663	-6.59	rs10848379	0.12096	-5.23	0.292137	567	11	enet	0.11	3.1e-05	-0.18024	0.857
Ovary	/media/kame/Data/_workings/resource/GTEv8//GTExv8.EUR.Ovary/ENSG00000249926.2.wgt.RDat	ENSG00000249926.2	12	131662595	131662596	0.443	rs11608663	-6.59	rs7484918	-0.006297	4.08	0.955702	488	26	enet	0.092	0.00018	2.12812	0.0333
Ovary	/media/kame/Data/_workings/resource/GTEv8//GTExv8.EUR.Ovary/ENSG00000185684.12.wgt.RDat	ENSG00000185684.12	12	132084282	132084283	0.363	rs10902536	-3.45	rs7973039	0.275495	-6.62	-0.34195	335	6	enet	0.24	5.2e-10	0.60799	0.543
Ovary	/media/kame/Data/_workings/resource/GTEv8//GTExv8.EUR.Ovary/ENSG00000256576.2.wgt.RDat	ENSG00000256576.2	12	132189694	132189695	0.505	rs2091731	3.13	rs10902506	0.329411	-7.07	-0.000874	326	31	enet	0.35	2.1e-14	-0.26608	0.79
Ovary	/media/kame/Data/_workings/resource/GTEv8//GTExv8.EUR.Ovary/ENSG00000256312.1.wgt.RDat	ENSG00000256312.1	12	132190212	132190213	0.344	rs2091731	3.13	rs7961948	0.17411	-5.62	0.029665	326	19	enet	0.14	3.6e-06	0.03904	0.969
Ovary	/media/kame/Data/_workings/resource/GTEv8//GTExv8.EUR.Ovary/ENSG00000204583.9.wgt.RDat	ENSG00000204583.9	12	132610396	132610397	0.409	rs2091731	3.13	rs10870477	0.18319	-5.24	0.792082	274	2	enet	0.13	5.7e-06	-0.72823	0.466
Ovary	/media/kame/Data/_workings/resource/GTEv8//GTExv8.EUR.Ovary/ENSG00000177084.16.wgt.RDat	ENSG00000177084.16	12	132687358	132687359	0.204	rs2091731	3.13	rs14302	0.077833	-3.7	-0.127874	267	26	enet	0.0087	0.14	-0.70009	0.484
Ovary	/media/kame/Data/_workings/resource/GTEv8//GTExv8.EUR.Ovary/ENSG00000072609.17.wgt.RDat	ENSG00000072609.17	12	132909185	132909186	0.137	rs2091731	3.13	rs1009320	0.038068	3.82	-0.011487	231	9	enet	0.0033	0.23	0.11173	0.911
Ovary	/media/kame/Data/_workings/resource/GTEv8//GTExv8.EUR.Ovary/ENSG00000196458.10.wgt.RDat	ENSG00000196458.10	12	132956305	132956306	0.21	rs12319236	2.11	rs3741486	0.031072	3.81	-1.029178	208	15	enet	0.024	0.039	-0.67477	0.5
Ovary	/media/kame/Data/_workings/resource/GTEv8//GTExv8.EUR.Ovary/ENSG00000256223.5.wgt.RDat	ENSG00000256223.5	12	133130574	133130575	0.149	rs12319236	2.11	rs3741486	-0.000568	-3.02	-1.029178	163	13	enet	-0.0016	0.38	-0.24575	0.806
Ovary	/media/kame/Data/_workings/resource/GTEv8//GTExv8.EUR.Ovary/ENSG00000196199.13.wgt.RDat	ENSG00000196199.13	13	19633680	19633681	0.249	rs7994946	-4.02	rs9508811	0.07841	4.63	-0.43951	291	40	enet	0.083	0.00036	-0.42455	0.671165
Ovary	/media/kame/Data/_workings/resource/GTEv8//GTExv8.EUR.Ovary/ENSG00000032742.17.wgt.RDat	ENSG00000032742.17	13	20567068	20567069	0.217	rs9509242	-3.5	rs9509289	0.00937	3.49	-0.47154	505	42	enet	-0.0049	0.56	-0.50862	0.611016
Ovary	/media/kame/Data/_workings/resource/GTEv8//GTExv8.EUR.Ovary/ENSG00000238286.1.wgt.RDat	ENSG00000238286.1	13	20607267	20607268	0.369	rs9509242	-3.5	rs7334222	0.30171	6.68	-0.00626	509	13	enet	0.34	4.4e-14	0.00526	0.9958
Ovary	/media/kame/Data/_workings/resource/GTEv8//GTExv8.EUR.Ovary/ENSG00000222726.1.wgt.RDat	ENSG00000222726.1	13	20612160	20612161	0.216	rs9509242	-3.5	rs4770056	0.14256	5.42	-0.00908	509	14	enet	0.15	1.8e-06	-0.24485	0.806573
Ovary	/media/kame/Data/_workings/resource/GTEv8//GTExv8.EUR.Ovary/ENSG00000235438.7.wgt.RDat	ENSG00000235438.7	13	21260014	21260015	0.311	rs6490650	-3.29	rs9580040	0.13558	5.33	0.12257	439	10	enet	0.13	8.5e-06	-0.46724	0.64033
Ovary	/media/kame/Data/_workings/resource/GTEv8//GTExv8.EUR.Ovary/ENSG00000180776.15.wgt.RDat	ENSG00000180776.15	13	21459369	21459370	0.208	rs658520	5.88	rs9509716	0.16597	4.95	0.42042	523	11	enet	0.13	7.8e-06	0.30569	0.759843
Ovary	/media/kame/Data/_workings/resource/GTEv8//GTExv8.EUR.Ovary/ENSG00000027001.9.wgt.RDat	ENSG00000027001.9	13	23889418	23889419	0.524	rs7998301	5.44	rs11617019	0.49743	8.68	-0.71543	763	16	enet	0.49	4e-22	-0.96679	0.333649
Ovary	/media/kame/Data/_workings/resource/GTEv8//GTExv8.EUR.Ovary/ENSG00000205822.10.wgt.RDat	ENSG00000205822.10	13	24408156	24408157	0.324	rs6490975	6.06	rs943049	0.19401	5.43	-0.81771	707	12	enet	0.13	1.2e-05	-0.60301	0.546499
Ovary	/media/kame/Data/_workings/resource/GTEv8//GTExv8.EUR.Ovary/ENSG00000273628.1.wgt.RDat	ENSG00000273628.1	13	24933005	24933006	0.236	rs6490975	6.06	rs4360794	-0.00196	3.5	-0.66297	519	20	enet	0.0065	0.17	-0.8674	0.385721
Ovary	/media/kame/Data/_workings/resource/GTEv8//GTExv8.EUR.Ovary/ENSG00000261485.1.wgt.RDat	ENSG00000261485.1	13	28138192	28138193	0.345	rs2027576	-7.71	rs9551447	0.0178	4.19	0.1898	532	28	enet	0.03	0.023	-0.39041	0.696232
Ovary	/media/kame/Data/_workings/resource/GTEv8//GTExv8.EUR.Ovary/ENSG00000120669.15.wgt.RDat	ENSG00000120669.15	13	36214614	36214615	0.372	rs17191516	-5.26	rs943893	0.1326	5.25	0.29733	538	46	enet	0.11	4.4e-05	2.36297	0.018129
Ovary	/media/kame/Data/_workings/resource/GTEv8//GTExv8.EUR.Ovary/ENSG00000242715.7.wgt.RDat	ENSG00000242715.7	13	36297839	36297840	0.185	rs9566159	5.98	rs1328650	0.00698	-4.13	-0.07083	527	5	enet	-0.007	0.83	-0.00746	0.994049
Ovary	/media/kame/Data/_workings/resource/GTEv8//GTExv8.EUR.Ovary/ENSG00000120664.10.wgt.RDat	ENSG00000120664.10	13	36346493	36346494	0.215	rs9566159	5.98	rs9601953	-0.00672	-3.64	0.28193	512	20	enet	0.014	0.09	0.94289	0.345739
Ovary	/media/kame/Data/_workings/resource/GTEv8//GTExv8.EUR.Ovary/ENSG00000120693.13.wgt.RDat	ENSG00000120693.13	13	36920764	36920765	0.31	rs9547713	6.28	rs622085	0.26232	6.08	0.09813	482	20	enet	0.2	1.6e-08	0.40516	0.68536
Ovary	/media/kame/Data/_workings/resource/GTEv8//GTExv8.EUR.Ovary/ENSG00000133107.14.wgt.RDat	ENSG00000133107.14	13	37870424	37870425	0.294	rs1924307	4.97	rs1333353	0.08561	4.57	0.62786	567	78	enet	0.16	1e-06	-0.20233	0.839659
Ovary	/media/kame/Data/_workings/resource/GTEv8//GTExv8.EUR.Ovary/ENSG00000176268.5.wgt.RDat	ENSG00000176268.5	13	40863901	40863902	0.22	rs9525438	-4.49	rs12857052	0.2059	-5.43	-3.05957	338	11	enet	0.17	4.1e-07	2.73913	0.00616
Ovary	/media/kame/Data/_workings/resource/GTEv8//GTExv8.EUR.Ovary/ENSG00000023516.8.wgt.RDat	ENSG00000023516.8	13	42272152	42272153	0.206	rs9525560	5.43	rs34149529	0.04759	4.4	-0.1868	510	21	enet	0.063	0.0017	0.12538	0.900225
Ovary	/media/kame/Data/_workings/resource/GTEv8//GTExv8.EUR.Ovary/ENSG00000120675.5.wgt.RDat	ENSG00000120675.5	13	43023202	43023203	0.425	rs12863816	-7.04	rs17553284	0.3329	-7.04	0.12898	601	26	enet	0.32	3.4e-13	-0.16034	0.872611
Ovary	/media/kame/Data/_workings/resource/GTEv8//GTExv8.EUR.Ovary/ENSG00000151773.12.wgt.RDat	ENSG00000151773.12	13	43874926	43874927	0.485	rs9533799	-6.16	rs12866387	0.22769	-6.53	4.36522	524	39	enet	0.25	2.2e-10	-2.90012	0.00373
Ovary	/media/kame/Data/_workings/resource/GTEv8//GTExv8.EUR.Ovary/ENSG00000179630.10.wgt.RDat	ENSG00000179630.10	13	43879283	43879284	0.189	rs9533799	-6.16	rs11617551	0.01471	-4.01	-3.51423	524	27	enet	0.028	0.028	2.14208	0.032187
Ovary	/media/kame/Data/_workings/resource/GTEv8//GTExv8.EUR.Ovary/ENSG00000235903.7.wgt.RDat	ENSG00000235903.7	13	46052805	46052806	0.228	rs9316187	4.69	rs1326398	0.09127	-4.4	1.80039	509	27	enet	0.027	0.029	-0.73569	0.461919
Ovary	/media/kame/Data/_workings/resource/GTEv8//GTExv8.EUR.Ovary/ENSG00000276968.1.wgt.RDat	ENSG00000276968.1	13	48042183	48042184	0.128	rs1172484	-4.28	rs7991892	0.0201	3.48	0.19181	363	26	enet	-0.00021	0.33	0.15507	0.87677
Ovary	/media/kame/Data/_workings/resource/GTEv8//GTExv8.EUR.Ovary/ENSG00000236577.1.wgt.RDat	ENSG00000236577.1	13	49488969	49488970	0.127	rs1885684	2.93	rs17476884	0.02685	3.56	-0.90207	397	15	enet	0.017	0.068	-0.66847	0.503832
Ovary	/media/kame/Data/_workings/resource/GTEv8//GTExv8.EUR.Ovary/ENSG00000123179.13.wgt.RDat	ENSG00000123179.13	13	49691474	49691475	0.422	rs2066613	3.11	rs3809325	0.24361	5.98	0.48117	396	34	enet	0.25	2.9e-10	1.28615	0.19839
Ovary	/media/kame/Data/_workings/resource/GTEv8//GTExv8.EUR.Ovary/ENSG00000136104.19.wgt.RDat	ENSG00000136104.19	13	50909677	50909678	0.489	rs201789	6.41	rs9535526	0.32486	-6.77	0.74672	530	15	enet	0.31	9e-13	-0.14052	0.888249
Ovary	/media/kame/Data/_workings/resource/GTEv8//GTExv8.EUR.Ovary/ENSG00000233672.6.wgt.RDat	ENSG00000233672.6	13	50910763	50910764	0.55	rs201789	6.41	rs2441	0.4285	-7.79	-0.10283	530	5	enet	0.4	9e-17	0.04186	0.966609
Ovary	/media/kame/Data/_workings/resource/GTEv8//GTExv8.EUR.Ovary/ENSG00000123191.14.wgt.RDat	ENSG00000123191.14	13	52012124	52012125	0.454	rs11148233	-3.37	rs3742290	0.24489	-6.02	-0.74338	350	27	enet	0.18	1.1e-07	0.34176	0.732534
Ovary	/media/kame/Data/_workings/resource/GTEv8//GTExv8.EUR.Ovary/ENSG00000253710.2.wgt.RDat	ENSG00000253710.2	13	52012397	52012398	0.129	rs11148233	-3.37	rs3742290	0.07723	4.39	-0.74338	350	19	enet	0.1	6.4e-05	-0.4777	0.632861
Ovary	/media/kame/Data/_workings/resource/GTEv8//GTExv8.EUR.Ovary/ENSG00000272281.6.wgt.RDat	ENSG00000272281.6	13	52334276	52334277	0.326	rs11148233	-3.37	rs9536040	0.19114	6.5	-1.46078	361	53	enet	0.3	2.9e-12	-0.90259	0.366745
Ovary	/media/kame/Data/_workings/resource/GTEv8//GTExv8.EUR.Ovary/ENSG00000136108.14.wgt.RDat	ENSG00000136108.14	13	52455428	52455429	0.121	rs2236363	-3.9	rs1056335	0.1193	4.69	-0.43609	359	16	enet	0.1	8.2e-05	-0.3441	0.730769
Ovary	/media/kame/Data/_workings/resource/GTEv8//GTExv8.EUR.Ovary/ENSG00000280296.1.wgt.RDat	ENSG00000280296.1	13	52500194	52500195	0.313	rs2408694	4.49	rs7334137	0.08064	5.42	0.15	366	49	enet	0.12	2.4e-05	0.19083	0.848658
Ovary	/media/kame/Data/_workings/resource/GTEv8//GTExv8.EUR.Ovary/ENSG00000139675.11.wgt.RDat	ENSG00000139675.11	13	52640785	52640786	0.156	rs9527046	4.7	rs9526975	0.13835	-4.61	-0.00453	405	9	enet	0.036	0.014	-0.05188	0.958621
Ovary	/media/kame/Data/_workings/resource/GTEv8//GTExv8.EUR.Ovary/ENSG00000228444.2.wgt.RDat	ENSG00000228444.2	13	75631270	75631271	0.266	rs7991792	4.4	rs4885299	0.03256	4.26	-0.73113	560	34	enet	0.058	0.0026	-0.40795	0.683313
Ovary	/media/kame/Data/_workings/resource/GTEv8//GTExv8.EUR.Ovary/ENSG00000261105.5.wgt.RDat	ENSG00000261105.5	13	75635993	75635994	0.534	rs7991792	4.4	rs9593109	0.49626	8.31	-0.95168	562	7	enet	0.42	6.9e-18	-0.98024	0.326967
Ovary	/media/kame/Data/_workings/resource/GTEv8//GTExv8.EUR.Ovary/ENSG00000139746.15.wgt.RDat	ENSG00000139746.15	13	79406220	79406221	0.197	rs7994255	9.38	rs314690	-0.00288	-3.11	6.18041	389	11	enet	0.036	0.014	-3.41781	0.000631
Ovary	/media/kame/Data/_workings/resource/GTEv8//GTExv8.EUR.Ovary/ENSG00000227354.6.wgt.RDat	ENSG00000227354.6	13	79406308	79406309	0.795	rs7994255	9.38	rs1155848	0.48822	8.57	0.29258	388	22	enet	0.51	3.4e-23	0.73586	0.461818
Ovary	/media/kame/Data/_workings/resource/GTEv8//GTExv8.EUR.Ovary/ENSG00000080166.15.wgt.RDat	ENSG00000080166.15	13	94479681	94479682	0.338	rs9516336	6.26	rs9556392	0.15838	5.72	-3.7327	565	25	enet	0.14	3.3e-06	-3.28121	0.001034
Ovary	/media/kame/Data/_workings/resource/GTEv8//GTExv8.EUR.Ovary/ENSG00000125257.13.wgt.RDat	ENSG00000125257.13	13	95301445	95301446	0.275	rs11568650	-5.91	rs10508011	-0.00385	-3.48	-1.00339	708	43	enet	0.014	0.086	0.44442	0.656737
Ovary	/media/kame/Data/_workings/resource/GTEv8//GTExv8.EUR.Ovary/ENSG00000102595.19.wgt.RDat	ENSG00000102595.19	13	96053481	96053482	0.156	rs913427	11.52	rs10508027	-0.00633	-3.67	1.17756	329	25	enet	0.018	0.065	-1.65227	0.098479
Ovary	/media/kame/Data/_workings/resource/GTEv8//GTExv8.EUR.Ovary/ENSG00000260992.1.wgt.RDat	ENSG00000260992.1	13	99087818	99087819	0.343	rs7998284	-4.23	rs17724332	0.13917	5.51	0.78886	545	25	enet	0.11	3.1e-05	-0.89648	0.369995
Ovary	/media/kame/Data/_workings/resource/GTEv8//GTExv8.EUR.Ovary/ENSG00000102452.15.wgt.RDat	ENSG00000102452.15	13	101416491	101416492	0.387	rs9585714	-7.42	rs946025	0.22275	-5.64	0.57197	659	15	enet	0.1	6.7e-05	-0.05058	0.959658
Ovary	/media/kame/Data/_workings/resource/GTEv8//GTExv8.EUR.Ovary/ENSG00000198542.13.wgt.RDat	ENSG00000198542.13	13	101452592	101452593	0.371	rs9585714	-7.42	rs946025	0.1204	-5.77	0.57197	635	16	enet	0.12	1.3e-05	-0.02762	0.977965
Ovary	/media/kame/Data/_workings/resource/GTEv8//GTExv8.EUR.Ovary/ENSG00000250878.3.wgt.RDat	ENSG00000250878.3	13	102880098	102880099	0.223	rs10508103	-4.59	rs16960708	0.01166	-3.7	-1.45884	698	25	enet	0.00022	0.31	1.39252	0.163765
Ovary	/media/kame/Data/_workings/resource/GTEv8//GTExv8.EUR.Ovary/ENSG00000134905.16.wgt.RDat	ENSG00000134905.16	13	110713276	110713277	0.435	rs625053	-5.56	rs9555724	0.25938	-6.08	1.22038	677	9	enet	0.21	9.1e-09	-1.37131	0.170277
Ovary	/media/kame/Data/_workings/resource/GTEv8//GTExv8.EUR.Ovary/ENSG00000277767.1.wgt.RDat	ENSG00000277767.1	13	110916003	110916004	0.388	rs9521996	-5.54	rs9559901	0.28946	-6.42	-2.30056	640	13	enet	0.26	8.2e-11	0.69582	0.486539
Ovary	/media/kame/Data/_workings/resource/GTEv8//GTExv8.EUR.Ovary/ENSG00000102606.17.wgt.RDat	ENSG00000102606.17	13	111114918	111114919	0.308	rs1177401	6.17	rs9559900	0.01196	-4.26	-0.52972	583	9	enet	0.051	0.0045	0.26058	0.794418
Ovary	/media/kame/Data/_workings/resource/GTEv8//GTExv8.EUR.Ovary/ENSG00000057593.13.wgt.RDat	ENSG00000057593.13	13	113105787	113105788	0.294	rs9805651	4	rs6042	0.1638	-5.09	0.36264	444	9	enet	0.11	4.8e-05	-0.18185	0.855703
Ovary	/media/kame/Data/_workings/resource/GTEv8//GTExv8.EUR.Ovary/ENSG00000153531.13.wgt.RDat	ENSG00000153531.13	13	113453523	113453524	0.284	rs9805651	4	rs7330442	0.00344	-3.96	0.50187	390	17	enet	-0.0069	0.81	0.47001	0.638347
Ovary	/media/kame/Data/_workings/resource/GTEv8//GTExv8.EUR.Ovary/ENSG00000276916.1.wgt.RDat	ENSG00000276916.1	13	113511746	113511747	0.295	rs9805651	4	rs2265155	0.10077	-4.05	-1.45527	377	13	enet	0.052	0.004	1.20106	0.22973
Ovary	/media/kame/Data/_workings/resource/GTEv8//GTExv8.EUR.Ovary/ENSG00000276248.1.wgt.RDat	ENSG00000276248.1	13	113527259	113527260	0.322	rs9805651	4	rs2260722	0.28019	-6.69	-1.46464	376	10	enet	0.24	6.2e-10	1.14709	0.251344
Ovary	/media/kame/Data/_workings/resource/GTEv8//GTExv8.EUR.Ovary/ENSG00000130177.14.wgt.RDat	ENSG00000130177.14	13	114234886	114234887	0.272	rs11620090	-3.68	rs7994556	0.11706	4.79	0.64531	234	19	enet	0.11	4.1e-05	0.20751	0.835612
Ovary	/media/kame/Data/_workings/resource/GTEv8//GTExv8.EUR.Ovary/ENSG00000169062.14.wgt.RDat	ENSG00000169062.14	13	114281583	114281584	0.178	rs11620090	-3.68	rs9525253	0.15373	-4.74	-2.38838	217	5	enet	0.084	0.00032	1.95698	0.050349
Ovary	/media/kame/Data/_workings/resource/GTEv8//GTExv8.EUR.Ovary/ENSG00000129484.13.wgt.RDat	ENSG00000129484.13	14	20343685	20343686	0.3523	rs1760897	-6.36	rs3093942	0.1418	5.55	0.46778	617	7	enet	0.14	3.5e-06	1.3429	0.179
Ovary	/media/kame/Data/_workings/resource/GTEv8//GTExv8.EUR.Ovary/ENSG00000092094.10.wgt.RDat	ENSG00000092094.10	14	20455104	20455105	0.3689	rs1760897	-6.36	rs883037	0.237897	-6.26	-0.53877	650	17	enet	0.19	4.1e-08	0.38	0.704
Ovary	/media/kame/Data/_workings/resource/GTEv8//GTExv8.EUR.Ovary/ENSG00000100461.17.wgt.RDat	ENSG00000100461.17	14	22917801	22917802	0.4252	rs1570342	8.52	rs2295680	0.258799	-6.07	3.06898	570	44	enet	0.19	4.6e-08	-2.626	0.00864
Ovary	/media/kame/Data/_workings/resource/GTEv8//GTExv8.EUR.Ovary/ENSG00000092036.18.wgt.RDat	ENSG00000092036.18	14	22957160	22957161	0.3848	rs1570342	8.52	rs2145542	0.36265	7.11	2.32605	565	11	enet	0.29	4.2e-12	2.3331	0.0196
Ovary	/media/kame/Data/_workings/resource/GTEv8//GTExv8.EUR.Ovary/ENSG00000279656.1.wgt.RDat	ENSG00000279656.1	14	23024216	23024217	0.7374	rs1570342	8.52	rs8013143	0.608398	-9.16	0.25725	531	10	enet	0.56	2.1e-26	-0.1888	0.85
Ovary	/media/kame/Data/_workings/resource/GTEv8//GTExv8.EUR.Ovary/ENSG00000259431.5.wgt.RDat	ENSG00000259431.5	14	23556192	23556193	0.2347	rs1884544	4.9	rs12890629	0.171584	4.99	0.29948	432	8	enet	0.09	0.00021	-0.1421	0.887
Ovary	/media/kame/Data/_workings/resource/GTEv8//GTExv8.EUR.Ovary/ENSG00000187630.15.wgt.RDat	ENSG00000187630.15	14	23969873	23969874	0.2238	rs222629	3.84	rs8020121	0.152654	-5.09	0.74466	486	20	enet	0.071	0.00096	-1.9583	0.0502
Ovary	/media/kame/Data/_workings/resource/GTEv8//GTExv8.EUR.Ovary/ENSG00000092295.11.wgt.RDat	ENSG00000092295.11	14	24264431	24264432	0.3041	rs10141091	3.77	rs941504	0.037341	-4.38	0.05813	493	18	enet	0.12	2.3e-05	0.2021	0.84
Ovary	/media/kame/Data/_workings/resource/GTEv8//GTExv8.EUR.Ovary/ENSG00000157379.13.wgt.RDat	ENSG00000157379.13	14	24299832	24299833	0.4062	rs10141091	3.77	rs12895335	0.233039	-6.12	2.22466	489	14	enet	0.28	2e-11	-2.6892	0.00716
Ovary	/media/kame/Data/_workings/resource/GTEv8//GTExv8.EUR.Ovary/ENSG00000139899.10.wgt.RDat	ENSG00000139899.10	14	24430953	24430954	0.7997	rs10141091	3.77	rs2273629	0.551225	-8.89	1.27799	551	14	enet	0.53	4.3e-24	-0.9574	0.338
Ovary	/media/kame/Data/_workings/resource/GTEv8//GTExv8.EUR.Ovary/ENSG00000100445.17.wgt.RDat	ENSG00000100445.17	14	24442903	24442904	0.4423	rs10141091	3.77	rs10140911	-0.000296	-3.75	0.66505	551	22	enet	0.04	0.011	-1.9326	0.0533
Ovary	/media/kame/Data/_workings/resource/GTEv8//GTExv8.EUR.Ovary/ENSG00000168952.15.wgt.RDat	ENSG00000168952.15	14	25050296	25050297	0.2355	rs7141066	-3.57	rs961483	0.153685	5.16	-0.40431	547	33	enet	0.093	0.00016	-0.1861	0.852
Ovary	/media/kame/Data/_workings/resource/GTEv8//GTExv8.EUR.Ovary/ENSG00000203546.7.wgt.RDat	ENSG00000203546.7	14	31428187	31428188	0.4823	rs1034233	5.43	rs12893465	0.205443	6.57	1.23549	309	28	enet	0.32	3.3e-13	1.9633	0.0496
Ovary	/media/kame/Data/_workings/resource/GTEv8//GTExv8.EUR.Ovary/ENSG00000151327.12.wgt.RDat	ENSG00000151327.12	14	35044906	35044907	0.154	rs10483454	-4.35	rs4594164	0.084931	5.03	0.74987	371	10	enet	0.13	6.3e-06	1.5066	0.132
Ovary	/media/kame/Data/_workings/resource/GTEv8//GTExv8.EUR.Ovary/ENSG00000100890.15.wgt.RDat	ENSG00000100890.15	14	35121845	35121846	0.1653	rs17836188	-4.72	rs3809449	0.059429	4.21	0.79211	367	14	enet	0.089	0.00023	0.6031	0.546
Ovary	/media/kame/Data/_workings/resource/GTEv8//GTExv8.EUR.Ovary/ENSG00000092020.10.wgt.RDat	ENSG00000092020.10	14	35122516	35122517	0.1321	rs17836188	-4.72	rs17103120	0.168366	4.93	0.70464	367	6	enet	0.099	1e-04	1.1038	0.27
Ovary	/media/kame/Data/_workings/resource/GTEv8//GTExv8.EUR.Ovary/ENSG00000174373.16.wgt.RDat	ENSG00000174373.16	14	35809303	35809304	0.4581	rs12434102	4.93	rs4982299	0.509893	8.4	0.57187	400	31	enet	0.49	8.2e-22	0.3504	0.726
Ovary	/media/kame/Data/_workings/resource/GTEv8//GTExv8.EUR.Ovary/ENSG00000183032.11.wgt.RDat	ENSG00000183032.11	14	36875003	36875004	0.3118	rs34029522	-8.05	rs7151191	0.156486	5.03	-0.20685	549	26	enet	0.13	6.2e-06	-0.1492	0.881
Ovary	/media/kame/Data/_workings/resource/GTEv8//GTExv8.EUR.Ovary/ENSG00000258636.1.wgt.RDat	ENSG00000258636.1	14	41604855	41604856	0.2176	rs10138982	-5.02	rs7148091	0.184384	-5.43	1.841	345	11	enet	0.17	3.5e-07	-1.8171	0.0692
Ovary	/media/kame/Data/_workings/resource/GTEv8//GTExv8.EUR.Ovary/ENSG00000165502.6.wgt.RDat	ENSG00000165502.6	14	49620684	49620685	0.6229	rs4900914	-4.04	rs2985697	0.51249	-9.14	0.03464	381	16	enet	0.59	5.2e-28	-0.0384	0.969
Ovary	/media/kame/Data/_workings/resource/GTEv8//GTExv8.EUR.Ovary/ENSG00000197776.7.wgt.RDat	ENSG00000197776.7	14	49693104	49693105	0.2012	rs4900914	-4.04	rs9989177	-0.006597	3.11	-0.46342	382	33	enet	-0.0046	0.54	-1.3861	0.166
Ovary	/media/kame/Data/_workings/resource/GTEv8//GTExv8.EUR.Ovary/ENSG00000282885.1.wgt.RDat	ENSG00000282885.1	14	49862315	49862316	0.1462	rs1955926	-5.23	rs4900959	0.001211	-3.7	-1.61271	374	20	enet	0.0064	0.17	0.4525	0.651
Ovary	/media/kame/Data/_workings/resource/GTEv8//GTExv8.EUR.Ovary/ENSG00000012983.11.wgt.RDat	ENSG00000012983.11	14	50561125	50561126	0.2037	rs1955926	-5.23	rs17717642	-0.006829	3.11	-0.31109	459	57	enet	0.0029	0.24	-0.7936	0.427
Ovary	/media/kame/Data/_workings/resource/GTEv8//GTExv8.EUR.Ovary/ENSG00000258808.1.wgt.RDat	ENSG00000258808.1	14	51397134	51397135	0.3841	rs17124656	5.35	rs7145011	0.000617	-3.79	-0.05902	678	42	enet	0.084	0.00034	0.5028	0.615
Ovary	/media/kame/Data/_workings/resource/GTEv8//GTExv8.EUR.Ovary/ENSG00000258893.1.wgt.RDat	ENSG00000258893.1	14	51436037	51436038	0.274	rs17124656	5.35	rs4898715	0.009537	-3.12	-2.00273	663	58	enet	-0.0032	0.45	1.3157	0.188
Ovary	/media/kame/Data/_workings/resource/GTEv8//GTExv8.EUR.Ovary/ENSG00000168229.3.wgt.RDat	ENSG00000168229.3	14	52267712	52267713	0.6221	rs17124656	5.35	rs11157908	0.379198	7.6	-0.00568	562	15	enet	0.43	1e-18	0.0186	0.985
Ovary	/media/kame/Data/_workings/resource/GTEv8//GTExv8.EUR.Ovary/ENSG00000261208.1.wgt.RDat	ENSG00000261208.1	14	52286796	52286797	0.4398	rs17124656	5.35	rs11623990	0.305566	6.67	0.11581	556	10	enet	0.29	3.9e-12	-0.0657	0.948
Ovary	/media/kame/Data/_workings/resource/GTEv8//GTExv8.EUR.Ovary/ENSG00000237356.5.wgt.RDat	ENSG00000237356.5	14	53169053	53169054	0.3234	rs879851	4.37	rs7143991	0.1406	5.13	-2.20833	400	7	enet	0.11	3.1e-05	-1.8788	0.0603
Ovary	/media/kame/Data/_workings/resource/GTEv8//GTExv8.EUR.Ovary/ENSG00000100528.11.wgt.RDat	ENSG00000100528.11	14	54441430	54441431	0.3107	rs11850812	-4.96	rs7150062	0.068547	4.21	2.79504	436	46	enet	0.039	0.011	2.0855	0.037
Ovary	/media/kame/Data/_workings/resource/GTEv8//GTExv8.EUR.Ovary/ENSG00000126775.8.wgt.RDat	ENSG00000126775.8	14	55411857	55411858	0.1178	rs1952885	-5.55	rs2341883	0.000195	3.24	3.11981	431	21	enet	0.039	0.012	-1.1763	0.239
Ovary	/media/kame/Data/_workings/resource/GTEv8//GTExv8.EUR.Ovary/ENSG00000126790.11.wgt.RDat	ENSG00000126790.11	14	59484429	59484430	0.2207	rs17834238	7.88	rs1268584	0.217923	-5.75	6.92494	455	22	enet	0.2	2.3e-08	-4.8536	1.21e-06
Ovary	/media/kame/Data/_workings/resource/GTEv8//GTExv8.EUR.Ovary/ENSG00000100714.15.wgt.RDat	ENSG00000100714.15	14	64388030	64388031	0.2629	rs17179998	6.25	rs1076991	0.227867	-6.33	-0.25416	495	13	enet	0.22	4.4e-09	0.0834	0.934
Ovary	/media/kame/Data/_workings/resource/GTEv8//GTExv8.EUR.Ovary/ENSG00000258289.8.wgt.RDat	ENSG00000258289.8	14	64914360	64914361	0.6001	rs1270077	7.41	rs10151701	0.494764	8.29	-2.65813	490	19	enet	0.49	9.3e-22	-2.4233	0.0154
Ovary	/media/kame/Data/_workings/resource/GTEv8//GTExv8.EUR.Ovary/ENSG00000100554.11.wgt.RDat	ENSG00000100554.11	14	67359995	67359996	0.0903	rs181575	-3.34	rs8005668	0.014199	3.88	0.48498	389	29	enet	0.024	0.038	0.9445	0.345
Ovary	/media/kame/Data/_workings/resource/GTEv8//GTExv8.EUR.Ovary/ENSG00000100568.10.wgt.RDat	ENSG00000100568.10	14	67674830	67674831	0.2052	rs961700	-4.88	rs6573790	-0.005261	3	0.59003	354	39	enet	-0.0069	0.8	-0.5191	0.604
Ovary	/media/kame/Data/_workings/resource/GTEv8//GTExv8.EUR.Ovary/ENSG00000259062.2.wgt.RDat	ENSG00000259062.2	14	68979681	68979682	0.2065	rs761899	6.79	rs761898	0.018842	-4.14	5.08517	605	28	enet	0.002	0.26	-1.2841	0.199
Ovary	/media/kame/Data/_workings/resource/GTEv8//GTExv8.EUR.Ovary/ENSG00000006432.15.wgt.RDat	ENSG00000006432.15	14	70809533	70809534	0.3117	rs8011370	-4.13	rs7144786	0.042332	4.15	1.13818	429	31	enet	0.049	0.0053	0.3454	0.73
Ovary	/media/kame/Data/_workings/resource/GTEv8//GTExv8.EUR.Ovary/ENSG00000100731.15.wgt.RDat	ENSG00000100731.15	14	70907404	70907405	0.3666	rs8011370	-4.13	rs2526847	0.239261	-6.44	0.11617	404	36	enet	0.21	6.1e-09	-0.2572	0.797
Ovary	/media/kame/Data/_workings/resource/GTEv8//GTExv8.EUR.Ovary/ENSG00000119599.16.wgt.RDat	ENSG00000119599.16	14	72926331	72926332	0.1897	rs11621058	3.58	rs11629006	0.146462	4.61	0.0394	459	13	enet	0.054	0.0034	-0.1133	0.91
Ovary	/media/kame/Data/_workings/resource/GTEv8//GTExv8.EUR.Ovary/ENSG00000259015.1.wgt.RDat	ENSG00000259015.1	14	72960594	72960595	0.1499	rs11621058	3.58	rs17781739	0.142067	-5.41	-0.16007	444	6	enet	0.14	2.5e-06	-0.0829	0.934
Ovary	/media/kame/Data/_workings/resource/GTEv8//GTExv8.EUR.Ovary/ENSG00000258695.2.wgt.RDat	ENSG00000258695.2	14	73530151	73530152	0.6385	rs177377	-3.4	rs1074501	0.064201	5	0.13299	354	41	enet	0.3	1.6e-12	-0.0617	0.951
Ovary	/media/kame/Data/_workings/resource/GTEv8//GTExv8.EUR.Ovary/ENSG00000184227.7.wgt.RDat	ENSG00000184227.7	14	73537113	73537114	0.3634	rs177377	-3.4	rs4519287	0.226208	5.72	0.05449	355	23	enet	0.25	2.5e-10	-0.3357	0.737
Ovary	/media/kame/Data/_workings/resource/GTEv8//GTExv8.EUR.Ovary/ENSG00000258408.1.wgt.RDat	ENSG00000258408.1	14	73539780	73539781	0.4582	rs177377	-3.4	rs8018967	0.060704	-4.87	0.4657	355	57	enet	0.21	9e-09	-0.4352	0.663
Ovary	/media/kame/Data/_workings/resource/GTEv8//GTExv8.EUR.Ovary/ENSG00000187105.8.wgt.RDat	ENSG00000187105.8	14	73558946	73558947	0.3015	rs177377	-3.4	rs8018967	0.110958	-4.68	0.4657	361	24	enet	0.13	1.2e-05	-0.1279	0.898
Ovary	/media/kame/Data/_workings/resource/GTEv8//GTExv8.EUR.Ovary/ENSG00000177465.4.wgt.RDat	ENSG00000177465.4	14	73591705	73591706	0.1938	rs177377	-3.4	rs12590145	0.003977	3.74	-0.11188	375	13	enet	0.0025	0.25	-0.2802	0.779
Ovary	/media/kame/Data/_workings/resource/GTEv8//GTExv8.EUR.Ovary/ENSG00000259065.1.wgt.RDat	ENSG00000259065.1	14	73787359	73787360	0.5673	rs887592	4.52	rs17182607	0.572812	8.9	-0.73051	387	24	enet	0.52	1.4e-23	-0.8137	0.416
Ovary	/media/kame/Data/_workings/resource/GTEv8//GTExv8.EUR.Ovary/ENSG00000156030.13.wgt.RDat	ENSG00000156030.13	14	73790284	73790285	0.2012	rs887592	4.52	rs12433186	0.104581	4.42	-1.40868	384	10	enet	0.0018	0.27	-1.4084	0.159
Ovary	/media/kame/Data/_workings/resource/GTEv8//GTExv8.EUR.Ovary/ENSG00000258586.1.wgt.RDat	ENSG00000258586.1	14	73830134	73830135	0.2245	rs887592	4.52	rs17182607	0.274359	6.18	-0.73051	383	3	enet	0.24	5.2e-10	-0.7531	0.451
Ovary	/media/kame/Data/_workings/resource/GTEv8//GTExv8.EUR.Ovary/ENSG00000140043.11.wgt.RDat	ENSG00000140043.11	14	73851843	73851844	0.504	rs887592	4.52	rs8020267	0.126651	5.25	-0.68932	384	53	enet	0.26	6.8e-11	0.2946	0.768
Ovary	/media/kame/Data/_workings/resource/GTEv8//GTExv8.EUR.Ovary/ENSG00000119723.16.wgt.RDat	ENSG00000119723.16	14	73949925	73949926	0.1468	rs887592	4.52	rs6574151	0.085282	4.43	-0.50953	405	24	enet	0.066	0.0014	-0.2123	0.832
Ovary	/media/kame/Data/_workings/resource/GTEv8//GTExv8.EUR.Ovary/ENSG00000187097.12.wgt.RDat	ENSG00000187097.12	14	74019351	74019352	0.3119	rs887592	4.52	rs2302117	0.24181	5.94	-0.44036	391	10	enet	0.21	1.1e-08	-0.9054	0.365
Ovary	/media/kame/Data/_workings/resource/GTEv8//GTExv8.EUR.Ovary/ENSG00000119636.15.wgt.RDat	ENSG00000119636.15	14	74019399	74019400	0.3174	rs887592	4.52	rs2109750	0.019014	-4.22	0.09871	391	34	enet	0.14	5.5e-06	-0.3809	0.703
Ovary	/media/kame/Data/_workings/resource/GTEv8//GTExv8.EUR.Ovary/ENSG00000119718.10.wgt.RDat	ENSG00000119718.10	14	75002910	75002911	0.1775	rs28756972	5.92	rs91144	0.152423	-5.64	-2.52912	413	18	enet	0.13	7.9e-06	1.4908	0.136
Ovary	/media/kame/Data/_workings/resource/GTEv8//GTExv8.EUR.Ovary/ENSG00000156127.6.wgt.RDat	ENSG00000156127.6	14	75522424	75522425	0.259	rs12883497	-4.28	rs6574257	0.002506	3.8	0.83779	428	58	enet	-4.7e-05	0.32	-0.9313	0.352
Ovary	/media/kame/Data/_workings/resource/GTEv8//GTExv8.EUR.Ovary/ENSG00000119685.19.wgt.RDat	ENSG00000119685.19	14	75633624	75633625	0.3554	rs2111782	3.25	rs2215910	0.007527	-3.62	-0.1141	459	53	enet	0.11	4.9e-05	1.317	0.188
Ovary	/media/kame/Data/_workings/resource/GTEv8//GTExv8.EUR.Ovary/ENSG00000258819.1.wgt.RDat	ENSG00000258819.1	14	77076343	77076344	0.19	rs11159248	-5.06	rs2160664	0.000292	-3.73	0.40873	529	2	enet	0.0026	0.25	-0.3351	0.738
Ovary	/media/kame/Data/_workings/resource/GTEv8//GTExv8.EUR.Ovary/ENSG00000100577.18.wgt.RDat	ENSG00000100577.18	14	77320884	77320885	0.2585	rs11159248	-5.06	rs4903575	0.047	-4.44	-0.79189	526	13	enet	0.069	0.0011	0.6095	0.542
Ovary	/media/kame/Data/_workings/resource/GTEv8//GTExv8.EUR.Ovary/ENSG00000165555.9.wgt.RDat	ENSG00000165555.9	14	77423516	77423517	0.209	rs11159248	-5.06	rs11844594	0.105358	-4.76	0.12695	555	10	enet	0.02	0.055	-0.1862	0.852
Ovary	/media/kame/Data/_workings/resource/GTEv8//GTExv8.EUR.Ovary/ENSG00000239272.1.wgt.RDat	ENSG00000239272.1	14	77683988	77683989	0.4019	rs9788561	5.71	rs1030151	0.226725	6.1	0.01079	622	22	enet	0.24	9.5e-10	-0.2133	0.831
Ovary	/media/kame/Data/_workings/resource/GTEv8//GTExv8.EUR.Ovary/ENSG00000185070.10.wgt.RDat	ENSG00000185070.10	14	85530143	85530144	0.2712	rs8010355	4.3	rs17121151	0.000667	3.68	0.70562	508	12	enet	0.015	0.079	0.551	0.582
Ovary	/media/kame/Data/_workings/resource/GTEv8//GTExv8.EUR.Ovary/ENSG00000042317.16.wgt.RDat	ENSG00000042317.16	14	88384923	88384924	0.1069	rs17124276	-7.07	rs17772222	0.076129	-4.01	0.1811	442	7	enet	0.023	0.041	0.0561	0.955
Ovary	/media/kame/Data/_workings/resource/GTEv8//GTExv8.EUR.Ovary/ENSG00000258983.2.wgt.RDat	ENSG00000258983.2	14	88499333	88499334	0.341	rs17124276	-7.07	rs3179969	0.341168	7.35	0.03056	445	33	enet	0.37	2.4e-15	0.1894	0.85
Ovary	/media/kame/Data/_workings/resource/GTEv8//GTExv8.EUR.Ovary/ENSG00000222990.1.wgt.RDat	ENSG00000222990.1	14	88513497	88513498	0.2081	rs17124276	-7.07	rs17772222	0.292282	6.42	0.1811	438	15	enet	0.22	4.5e-09	0.1754	0.861
Ovary	/media/kame/Data/_workings/resource/GTEv8//GTExv8.EUR.Ovary/ENSG00000100784.10.wgt.RDat	ENSG00000100784.10	14	91060331	91060332	0.2726	rs961196	-6.17	rs10130644	0.020667	-3.34	-0.47366	395	11	enet	-0.0074	0.99	-1.346	0.178
Ovary	/media/kame/Data/_workings/resource/GTEv8//GTExv8.EUR.Ovary/ENSG00000260711.2.wgt.RDat	ENSG00000260711.2	14	91759797	91759798	0.3305	rs17565434	-4.44	rs12891090	0.246541	6.06	-0.18109	448	11	enet	0.17	3.3e-07	-0.6683	0.504
Ovary	/media/kame/Data/_workings/resource/GTEv8//GTExv8.EUR.Ovary/ENSG00000165929.12.wgt.RDat	ENSG00000165929.12	14	91867535	91867536	0.4689	rs17565434	-4.44	rs1884841	0.263074	6.51	0.0119	457	26	enet	0.21	9.1e-09	-0.6359	0.525
Ovary	/media/kame/Data/_workings/resource/GTEv8//GTExv8.EUR.Ovary/ENSG00000100815.12.wgt.RDat	ENSG00000100815.12	14	92033252	92033253	0.3708	rs17565434	-4.44	rs10146335	0.039818	4.88	2.20759	502	54	enet	0.19	6.2e-08	1.6982	0.0895
Ovary	/media/kame/Data/_workings/resource/GTEv8//GTExv8.EUR.Ovary/ENSG00000183648.9.wgt.RDat	ENSG00000183648.9	14	92121916	92121917	0.3353	rs17565434	-4.44	rs3814833	0.06733	-4.48	-0.07901	527	44	enet	0.041	0.0097	1.6878	0.0915
Ovary	/media/kame/Data/_workings/resource/GTEv8//GTExv8.EUR.Ovary/ENSG00000089737.16.wgt.RDat	ENSG00000089737.16	14	94081244	94081245	0.3062	rs7147317	-4.08	rs10131610	0.156059	4.88	-0.10489	706	25	enet	0.091	0.00019	0.063	0.95
Ovary	/media/kame/Data/_workings/resource/GTEv8//GTExv8.EUR.Ovary/ENSG00000119632.3.wgt.RDat	ENSG00000119632.3	14	94130252	94130253	0.2671	rs7147317	-4.08	rs2064931	0.017013	-3.7	-0.26113	749	15	enet	-0.0031	0.45	0.0697	0.944
Ovary	/media/kame/Data/_workings/resource/GTEv8//GTExv8.EUR.Ovary/ENSG00000188488.13.wgt.RDat	ENSG00000188488.13	14	94578705	94578706	0.2267	rs1243518	-6.86	rs12887091	0.122106	-5.2	-1.52563	791	13	enet	0.071	0.00096	1.2367	0.216
Ovary	/media/kame/Data/_workings/resource/GTEv8//GTExv8.EUR.Ovary/ENSG00000182512.4.wgt.RDat	ENSG00000182512.4	14	95533629	95533630	0.2163	rs10131361	-5.17	rs910792	0.031909	4.2	-0.00425	691	43	enet	0.055	0.0031	1.1402	0.254
Ovary	/media/kame/Data/_workings/resource/GTEv8//GTExv8.EUR.Ovary/ENSG00000100744.14.wgt.RDat	ENSG00000100744.14	14	96363870	96363871	0.4734	rs11624031	-5.29	rs1899588	0.112521	5.45	2.9495	557	26	enet	0.2	1.7e-08	1.3279	0.184
Ovary	/media/kame/Data/_workings/resource/GTEv8//GTExv8.EUR.Ovary/ENSG00000140105.17.wgt.RDat	ENSG00000140105.17	14	100376804	100376805	0.1552	rs2145859	5.87	rs12882382	0.010925	3.53	0.15453	426	20	enet	-0.002	0.4	-0.1753	0.861
Ovary	/media/kame/Data/_workings/resource/GTEv8//GTExv8.EUR.Ovary/ENSG00000259031.1.wgt.RDat	ENSG00000259031.1	14	100540129	100540130	0.3709	rs2145504	4.91	rs4074038	0.1659	-5.18	0.14267	406	21	enet	0.21	9.9e-09	0.1085	0.914
Ovary	/media/kame/Data/_workings/resource/GTEv8//GTExv8.EUR.Ovary/ENSG00000183092.16.wgt.RDat	ENSG00000183092.16	14	100587412	100587413	0.4137	rs2145504	4.91	rs6575784	0.287083	-6.59	0.20747	424	32	enet	0.33	9.6e-14	0.514	0.607
Ovary	/media/kame/Data/_workings/resource/GTEv8//GTExv8.EUR.Ovary/ENSG00000271780.1.wgt.RDat	ENSG00000271780.1	14	101948346	101948347	0.371	rs1052780	7.52	rs2448241	0.208488	5.97	0.41576	335	29	enet	0.14	4.4e-06	0.926	0.354
Ovary	/media/kame/Data/_workings/resource/GTEv8//GTExv8.EUR.Ovary/ENSG00000022976.15.wgt.RDat	ENSG00000022976.15	14	102317376	102317377	0.2697	rs1052780	7.52	rs7158731	0.166642	4.93	-4.42245	343	23	enet	0.12	2.2e-05	-2.8772	0.00401
Ovary	/media/kame/Data/_workings/resource/GTEv8//GTExv8.EUR.Ovary/ENSG00000156381.8.wgt.RDat	ENSG00000156381.8	14	102509798	102509799	0.4196	rs1052780	7.52	rs4906203	0.173853	5.92	-1.35391	324	17	enet	0.23	1.6e-09	-1.384	0.166
Ovary	/media/kame/Data/_workings/resource/GTEv8//GTExv8.EUR.Ovary/ENSG00000259775.1.wgt.RDat	ENSG00000259775.1	14	103332366	103332367	0.3206	rs6575967	5.62	rs11850831	0.105813	4.7	0.95619	354	21	enet	0.14	4.4e-06	2.1522	0.0314
Ovary	/media/kame/Data/_workings/resource/GTEv8//GTExv8.EUR.Ovary/ENSG00000075413.17.wgt.RDat	ENSG00000075413.17	14	103385391	103385392	0.1762	rs6575967	5.62	rs11627052	0.054072	4.17	0.5427	357	25	enet	0.06	0.0023	0.863	0.388
Ovary	/media/kame/Data/_workings/resource/GTEv8//GTExv8.EUR.Ovary/ENSG00000166166.12.wgt.RDat	ENSG00000166166.12	14	103529183	103529184	0.2014	rs6575967	5.62	rs11627052	0.172608	4.97	0.5427	352	13	enet	0.13	7.3e-06	-0.1891	0.85
Ovary	/media/kame/Data/_workings/resource/GTEv8//GTExv8.EUR.Ovary/ENSG00000126214.21.wgt.RDat	ENSG00000126214.21	14	103561895	103561896	0.1538	rs6575967	5.62	rs861544	0.152999	-4.78	-0.07311	359	16	enet	0.11	6.2e-05	0.0034	0.997
Ovary	/media/kame/Data/_workings/resource/GTEv8//GTExv8.EUR.Ovary/ENSG00000166170.9.wgt.RDat	ENSG00000166170.9	14	103562830	103562831	0.1704	rs6575967	5.62	rs12884809	0.20101	5.78	-1.83157	359	28	enet	0.18	1.6e-07	-1.8257	0.0679
Ovary	/media/kame/Data/_workings/resource/GTEv8//GTExv8.EUR.Ovary/ENSG00000269958.1.wgt.RDat	ENSG00000269958.1	14	103696352	103696353	0.1912	rs6575967	5.62	rs12884809	0.135868	5.4	-1.83157	351	19	enet	0.12	2.1e-05	-1.3825	0.167
Ovary	/media/kame/Data/_workings/resource/GTEv8//GTExv8.EUR.Ovary/ENSG00000126215.13.wgt.RDat	ENSG00000126215.13	14	103715503	103715504	0.1479	rs6575967	5.62	rs12884809	0.12135	5.02	-1.83157	344	8	enet	0.1	9.2e-05	-1.591	0.112
Ovary	/media/kame/Data/_workings/resource/GTEv8//GTExv8.EUR.Ovary/ENSG00000185100.10.wgt.RDat	ENSG00000185100.10	14	104724185	104724186	0.478	rs3809456	-4.95	rs7151424	0.274797	-6.27	0.01515	363	19	enet	0.19	4.7e-08	-0.0816	0.935
Ovary	/media/kame/Data/_workings/resource/GTEv8//GTExv8.EUR.Ovary/ENSG00000258701.1.wgt.RDat	ENSG00000258701.1	14	104821200	104821201	0.5267	rs3809456	-4.95	rs10142116	0.360456	-7.35	-0.329	357	20	enet	0.38	8.7e-16	-0.3131	0.754
Ovary	/media/kame/Data/_workings/resource/GTEv8//GTExv8.EUR.Ovary/ENSG00000258811.1.wgt.RDat	ENSG00000258811.1	14	104842662	104842663	0.5019	rs3809456	-4.95	rs10142116	0.249861	-6.67	-0.329	347	11	enet	0.28	1.7e-11	0.1926	0.847
Ovary	/media/kame/Data/_workings/resource/GTEv8//GTExv8.EUR.Ovary/ENSG00000140104.13.wgt.RDat	ENSG00000140104.13	14	104985774	104985775	0.3843	rs3809456	-4.95	rs2582574	0.224722	6.3	-0.03216	314	6	enet	0.26	1.1e-10	0.0825	0.934
Ovary	/media/kame/Data/_workings/resource/GTEv8//GTExv8.EUR.Ovary/ENSG00000185024.16.wgt.RDat	ENSG00000185024.16	14	105315588	105315589	0.1622	rs7159216	-3.53	rs8008683	-0.004836	3.02	0.06037	190	24	enet	0.0026	0.25	-0.5282	0.597
Ovary	/media/kame/Data/_workings/resource/GTEv8//GTExv8.EUR.Ovary/ENSG00000211959.2.wgt.RDat	ENSG00000211959.2	14	106422217	106422218	0.1653	rs12888661	-2.53	rs8021840	0.063245	-3.97	-1.12361	64	24	enet	0.033	0.018	2.2092	0.0272
Ovary	/media/kame/Data/_workings/resource/GTEv8//GTExv8.EUR.Ovary/ENSG00000260780.1.wgt.RDat	ENSG00000260780.1	15	24206783	24206784	0.209	rs11636636	4.06	rs11632392	-0.00582	3.89	-0.025719	332	28	enet	0.032	0.02	0.38005	0.704
Ovary	/media/kame/Data/_workings/resource/GTEv8//GTExv8.EUR.Ovary/ENSG00000261621.1.wgt.RDat	ENSG00000261621.1	15	24235077	24235078	0.295	rs11636636	4.06	rs11632341	0.00397	3.7	-0.409933	329	37	enet	0.16	5.8e-07	-0.24045	0.81
Ovary	/media/kame/Data/_workings/resource/GTEv8//GTExv8.EUR.Ovary/ENSG00000260760.1.wgt.RDat	ENSG00000260760.1	15	24441126	24441127	0.341	rs8036523	-3.84	rs12592162	0.25383	-6.13	-0.527186	337	13	enet	0.24	4.5e-10	0.71675	0.474
Ovary	/media/kame/Data/_workings/resource/GTEv8//GTExv8.EUR.Ovary/ENSG00000259905.5.wgt.RDat	ENSG00000259905.5	15	24493136	24493137	0.392	rs8036523	-3.84	rs1110961	0.16827	-5.91	-0.157562	322	25	enet	0.29	8.1e-12	0.13788	0.89
Ovary	/media/kame/Data/_workings/resource/GTEv8//GTExv8.EUR.Ovary/ENSG00000185823.3.wgt.RDat	ENSG00000185823.3	15	24675867	24675868	0.337	rs8036523	-3.84	rs8043122	0.10589	-4.54	-0.865828	331	10	enet	0.077	0.00057	1.15557	0.248
Ovary	/media/kame/Data/_workings/resource/GTEv8//GTExv8.EUR.Ovary/ENSG00000166206.14.wgt.RDat	ENSG00000166206.14	15	26939538	26939539	0.468	rs3212331	4.64	rs17560758	0.10844	4.96	-0.007659	460	26	enet	0.16	5.7e-07	-1.40799	0.159
Ovary	/media/kame/Data/_workings/resource/GTEv8//GTExv8.EUR.Ovary/ENSG00000206149.10.wgt.RDat	ENSG00000206149.10	15	28590188	28590189	0.429	rs12161975	-1.56	rs8036234	0.27881	-6.29	0.412625	113	7	enet	0.21	7.1e-09	-0.49037	0.624
Ovary	/media/kame/Data/_workings/resource/GTEv8//GTExv8.EUR.Ovary/ENSG00000169857.7.wgt.RDat	ENSG00000169857.7	15	34039175	34039176	0.444	rs2291732	-5.5	rs4779652	0.30162	-6.55	-0.432383	550	28	enet	0.29	6.3e-12	-0.20399	0.838
Ovary	/media/kame/Data/_workings/resource/GTEv8//GTExv8.EUR.Ovary/ENSG00000140199.11.wgt.RDat	ENSG00000140199.11	15	34338059	34338060	0.119	rs4984236	3.87	rs426634	0.07266	-4.59	-0.638674	444	3	enet	0.046	0.0066	0.55647	0.578
Ovary	/media/kame/Data/_workings/resource/GTEv8//GTExv8.EUR.Ovary/ENSG00000182117.5.wgt.RDat	ENSG00000182117.5	15	34343176	34343177	0.226	rs4984236	3.87	rs11631094	0.05277	5	0.077564	440	13	enet	0.15	1.1e-06	-0.02535	0.98
Ovary	/media/kame/Data/_workings/resource/GTEv8//GTExv8.EUR.Ovary/ENSG00000279092.1.wgt.RDat	ENSG00000279092.1	15	34420272	34420273	0.414	rs2290321	7.59	rs12437802	0.0572	-4.33	-0.538937	423	22	enet	0.21	9e-09	0.40728	0.684
Ovary	/media/kame/Data/_workings/resource/GTEv8//GTExv8.EUR.Ovary/ENSG00000259917.1.wgt.RDat	ENSG00000259917.1	15	34490570	34490571	0.62	rs2290321	7.59	rs7494784	0.07366	-4.8	-0.453354	403	40	enet	0.25	2e-10	0.76152	0.446
Ovary	/media/kame/Data/_workings/resource/GTEv8//GTExv8.EUR.Ovary/ENSG00000261559.1.wgt.RDat	ENSG00000261559.1	15	34494419	34494420	0.239	rs2290321	7.59	rs8039908	0.09098	-5.08	-0.038626	403	30	enet	0.08	0.00045	-0.44829	0.654
Ovary	/media/kame/Data/_workings/resource/GTEv8//GTExv8.EUR.Ovary/ENSG00000215252.11.wgt.RDat	ENSG00000215252.11	15	34583650	34583651	0.472	rs7173632	7.96	rs8041207	0.21619	-5.63	0.60431	400	31	enet	0.22	5.2e-09	0.6786	0.497
Ovary	/media/kame/Data/_workings/resource/GTEv8//GTExv8.EUR.Ovary/ENSG00000104081.13.wgt.RDat	ENSG00000104081.13	15	40108891	40108892	0.215	rs17672041	4.75	rs12164905	-0.00072	3.45	0.493322	454	31	enet	0.0057	0.18	0.62805	0.53
Ovary	/media/kame/Data/_workings/resource/GTEv8//GTExv8.EUR.Ovary/ENSG00000140323.5.wgt.RDat	ENSG00000140323.5	15	40358234	40358235	0.737	rs17672041	4.75	rs2289328	0.41375	7.63	-1.895248	397	18	enet	0.5	1.4e-22	-2.54919	0.0108
Ovary	/media/kame/Data/_workings/resource/GTEv8//GTExv8.EUR.Ovary/ENSG00000128944.13.wgt.RDat	ENSG00000128944.13	15	40382720	40382721	0.477	rs17672041	4.75	rs17671250	0.32847	6.76	4.682765	392	20	enet	0.19	3.7e-08	4.43516	9.2e-06
Ovary	/media/kame/Data/_workings/resource/GTEv8//GTExv8.EUR.Ovary/ENSG00000128928.8.wgt.RDat	ENSG00000128928.8	15	40405794	40405795	0.23	rs17672041	4.75	rs17672041	0.15638	-5.23	4.750311	385	15	enet	0.17	3.8e-07	-4.03164	5.54e-05
Ovary	/media/kame/Data/_workings/resource/GTEv8//GTExv8.EUR.Ovary/ENSG00000128891.15.wgt.RDat	ENSG00000128891.15	15	40565056	40565057	0.502	rs17672041	4.75	rs11630273	0.34549	-8.07	0.609381	333	45	enet	0.47	9.1e-21	0.38824	0.698
Ovary	/media/kame/Data/_workings/resource/GTEv8//GTExv8.EUR.Ovary/ENSG00000166140.17.wgt.RDat	ENSG00000166140.17	15	40807085	40807086	0.344	rs17672041	4.75	rs3743034	0.25069	-6.18	0.554306	288	9	enet	0.16	9.3e-07	-0.62978	0.529
Ovary	/media/kame/Data/_workings/resource/GTEv8//GTExv8.EUR.Ovary/ENSG00000247556.6.wgt.RDat	ENSG00000247556.6	15	41283989	41283990	0.235	rs16971976	-4.74	rs11070327	0.18204	-5.66	-0.524263	268	4	enet	0.12	1.7e-05	0.71066	0.477
Ovary	/media/kame/Data/_workings/resource/GTEv8//GTExv8.EUR.Ovary/ENSG00000103932.11.wgt.RDat	ENSG00000103932.11	15	41544268	41544269	0.241	rs1197659	-4.95	rs2297379	0.08184	-4.76	-0.392966	362	19	enet	0.0093	0.13	0.07343	0.941
Ovary	/media/kame/Data/_workings/resource/GTEv8//GTExv8.EUR.Ovary/ENSG00000243789.10.wgt.RDat	ENSG00000243789.10	15	41828084	41828085	0.226	rs1197659	-4.95	rs2412640	0.15229	-4.87	1.359099	408	7	enet	0.09	2e-04	-1.29674	0.195
Ovary	/media/kame/Data/_workings/resource/GTEv8//GTExv8.EUR.Ovary/ENSG00000243708.10.wgt.RDat	ENSG00000243708.10	15	41837774	41837775	0.154	rs1197659	-4.95	rs2303518	0.08075	4.48	-0.690804	402	10	enet	0.1	8.3e-05	-1.17641	0.239
Ovary	/media/kame/Data/_workings/resource/GTEv8//GTExv8.EUR.Ovary/ENSG00000092531.9.wgt.RDat	ENSG00000092531.9	15	42491243	42491244	0.217	rs12594951	6.43	rs1058846	0.10101	4.37	0.076502	358	16	enet	0.049	0.0054	-0.1713	0.864
Ovary	/media/kame/Data/_workings/resource/GTEv8//GTExv8.EUR.Ovary/ENSG00000168806.7.wgt.RDat	ENSG00000168806.7	15	43330604	43330605	0.144	rs2412752	-3.65	rs3742970	0.05459	-4.32	-0.053952	264	7	enet	0.038	0.013	-0.42468	0.671
Ovary	/media/kame/Data/_workings/resource/GTEv8//GTExv8.EUR.Ovary/ENSG00000168803.14.wgt.RDat	ENSG00000168803.14	15	43330673	43330674	0.372	rs2412752	-3.65	rs478104	0.39754	-7.61	-0.558843	264	34	enet	0.39	2.5e-16	0.09753	0.922
Ovary	/media/kame/Data/_workings/resource/GTEv8//GTExv8.EUR.Ovary/ENSG00000242866.9.wgt.RDat	ENSG00000242866.9	15	43618799	43618800	0.204	rs2412822	3.67	rs10163069	0.10304	4.25	0.092464	255	13	enet	0.09	2e-04	-0.17137	0.864
Ovary	/media/kame/Data/_workings/resource/GTEv8//GTExv8.EUR.Ovary/ENSG00000249839.1.wgt.RDat	ENSG00000249839.1	15	43684338	43684339	0.255	rs2412822	3.67	rs2927071	0.20778	-5.69	0.095548	261	9	enet	0.18	1.4e-07	0.27405	0.784
Ovary	/media/kame/Data/_workings/resource/GTEv8//GTExv8.EUR.Ovary/ENSG00000166763.7.wgt.RDat	ENSG00000166763.7	15	43718183	43718184	0.307	rs2412822	3.67	rs11070410	0.27696	6.47	0.078394	259	8	enet	0.26	9e-11	0.07775	0.938
Ovary	/media/kame/Data/_workings/resource/GTEv8//GTExv8.EUR.Ovary/ENSG00000205771.6.wgt.RDat	ENSG00000205771.6	15	43747093	43747094	0.141	rs2412822	3.67	rs694461	0.07581	4.41	0.029623	255	13	enet	0.054	0.0035	0.43674	0.662
Ovary	/media/kame/Data/_workings/resource/GTEv8//GTExv8.EUR.Ovary/ENSG00000185880.12.wgt.RDat	ENSG00000185880.12	15	44728987	44728988	0.228	rs12438755	4.32	rs7182487	0.15219	-4.87	0.000399	233	18	enet	0.09	0.00021	-0.13257	0.895
Ovary	/media/kame/Data/_workings/resource/GTEv8//GTExv8.EUR.Ovary/ENSG00000259479.6.wgt.RDat	ENSG00000259479.6	15	44881604	44881605	0.403	rs12438755	4.32	rs16975231	0.2214	5.59	0.268638	289	21	enet	0.34	5.5e-14	-0.04656	0.963
Ovary	/media/kame/Data/_workings/resource/GTEv8//GTExv8.EUR.Ovary/ENSG00000259539.1.wgt.RDat	ENSG00000259539.1	15	45153216	45153217	0.274	rs2412957	4.98	rs16939752	0.14763	5.07	0.385823	301	45	enet	0.15	1.4e-06	-1.86752	0.0618
Ovary	/media/kame/Data/_workings/resource/GTEv8//GTExv8.EUR.Ovary/ENSG00000137860.11.wgt.RDat	ENSG00000137860.11	15	45252229	45252230	0.343	rs12438755	4.32	rs1346267	0.30079	-6.94	-0.161133	340	68	enet	0.26	1.1e-10	0.17496	0.861
Ovary	/media/kame/Data/_workings/resource/GTEv8//GTExv8.EUR.Ovary/ENSG00000259520.5.wgt.RDat	ENSG00000259520.5	15	45279250	45279251	0.468	rs11857175	-5.46	rs11854365	0.49876	-8.46	-0.142811	332	38	enet	0.51	4.5e-23	-0.20429	0.838
Ovary	/media/kame/Data/_workings/resource/GTEv8//GTExv8.EUR.Ovary/ENSG00000259433.2.wgt.RDat	ENSG00000259433.2	15	45332633	45332634	0.319	rs11857175	-5.46	rs1153860	0.36804	-7.32	-0.153285	323	27	enet	0.35	1.4e-14	-0.56652	0.571
Ovary	/media/kame/Data/_workings/resource/GTEv8//GTExv8.EUR.Ovary/ENSG00000275709.1.wgt.RDat	ENSG00000275709.1	15	45586303	45586304	0.157	rs11857175	-5.46	rs3959644	0.0112	-3.48	2.79948	391	11	enet	-0.006	0.67	-2.73273	0.00628
Ovary	/media/kame/Data/_workings/resource/GTEv8//GTExv8.EUR.Ovary/ENSG00000137872.16.wgt.RDat	ENSG00000137872.16	15	47184100	47184101	0.279	rs1435742	-6.42	rs1865648	0.19973	-5.73	-1.846668	426	16	enet	0.14	4.1e-06	3.15076	0.00163
Ovary	/media/kame/Data/_workings/resource/GTEv8//GTExv8.EUR.Ovary/ENSG00000259705.1.wgt.RDat	ENSG00000259705.1	15	48645950	48645951	0.208	rs11070641	8.6	rs6493333	0.0625	4.26	-0.055645	343	13	enet	0.068	0.0012	1.77099	0.0766
Ovary	/media/kame/Data/_workings/resource/GTEv8//GTExv8.EUR.Ovary/ENSG00000259531.2.wgt.RDat	ENSG00000259531.2	15	49366684	49366685	0.26	rs11631040	4.66	rs17396612	0.19109	5.39	0.606662	324	20	enet	0.11	6.1e-05	0.65631	0.512
Ovary	/media/kame/Data/_workings/resource/GTEv8//GTExv8.EUR.Ovary/ENSG00000244879.6.wgt.RDat	ENSG00000244879.6	15	50355408	50355409	0.796	rs12442475	5.32	rs12903381	0.59284	9.14	-0.377665	423	16	enet	0.58	2.2e-27	-0.39226	0.695
Ovary	/media/kame/Data/_workings/resource/GTEv8//GTExv8.EUR.Ovary/ENSG00000273674.4.wgt.RDat	ENSG00000273674.4	15	50908598	50908599	0.163	rs12914634	6.75	rs11857728	0.16116	-4.89	0.078069	476	31	enet	0.028	0.027	1.73322	0.0831
Ovary	/media/kame/Data/_workings/resource/GTEv8//GTExv8.EUR.Ovary/ENSG00000225973.3.wgt.RDat	ENSG00000225973.3	15	55318929	55318930	0.176	rs4774791	3	rs1528472	0.01968	3.66	-0.223917	443	18	enet	0.014	0.089	-0.39271	0.695
Ovary	/media/kame/Data/_workings/resource/GTEv8//GTExv8.EUR.Ovary/ENSG00000069943.9.wgt.RDat	ENSG00000069943.9	15	55319161	55319162	0.347	rs4774791	3	rs8036345	0.25893	6.09	-0.222457	443	12	enet	0.19	3.8e-08	0.35569	0.722
Ovary	/media/kame/Data/_workings/resource/GTEv8//GTExv8.EUR.Ovary/ENSG00000166450.12.wgt.RDat	ENSG00000166450.12	15	55743089	55743090	0.193	rs4774791	3	rs4774222	0.17351	5.28	-0.221774	390	9	enet	0.15	1.5e-06	0.00634	0.995
Ovary	/media/kame/Data/_workings/resource/GTEv8//GTExv8.EUR.Ovary/ENSG00000151575.14.wgt.RDat	ENSG00000151575.14	15	56244008	56244009	0.256	rs8035474	-6.49	rs1553737	0.16381	-5.01	0.609168	356	35	enet	0.097	0.00012	-1.27489	0.202
Ovary	/media/kame/Data/_workings/resource/GTEv8//GTExv8.EUR.Ovary/ENSG00000274667.1.wgt.RDat	ENSG00000274667.1	15	56730610	56730611	0.184	rs4313751	-6.67	rs17819940	0.03375	-3.86	0.411543	275	24	enet	0.055	0.0034	0.45346	0.65
Ovary	/media/kame/Data/_workings/resource/GTEv8//GTExv8.EUR.Ovary/ENSG00000247982.6.wgt.RDat	ENSG00000247982.6	15	57300364	57300365	0.278	rs1007049	-9.92	rs2544129	0.33739	6.95	1.447633	549	23	enet	0.29	5.1e-12	0.44742	0.655
Ovary	/media/kame/Data/_workings/resource/GTEv8//GTExv8.EUR.Ovary/ENSG00000263155.5.wgt.RDat	ENSG00000263155.5	15	57591940	57591941	0.268	rs1007049	-9.92	rs4646644	-0.00642	-3.38	0.718716	633	13	enet	0.014	0.089	-0.66706	0.505
Ovary	/media/kame/Data/_workings/resource/GTEv8//GTExv8.EUR.Ovary/ENSG00000128915.11.wgt.RDat	ENSG00000128915.11	15	60479159	60479160	0.148	rs341365	8.87	rs6494166	0.06354	-4.09	-1.060504	571	16	enet	0.0065	0.17	0.88188	0.378
Ovary	/media/kame/Data/_workings/resource/GTEv8//GTExv8.EUR.Ovary/ENSG00000103671.9.wgt.RDat	ENSG00000103671.9	15	64387747	64387748	0.139	rs12593770	-8.98	rs6494488	0.01777	3.53	-2.252275	287	8	enet	0.0081	0.15	-0.93739	0.349
Ovary	/media/kame/Data/_workings/resource/GTEv8//GTExv8.EUR.Ovary/ENSG00000090487.10.wgt.RDat	ENSG00000090487.10	15	64990309	64990310	0.261	rs6494509	6.13	rs6494509	0.16899	-5.27	6.12805	304	11	enet	0.15	1.5e-06	-4.98722	6.13e-07
Ovary	/media/kame/Data/_workings/resource/GTEv8//GTExv8.EUR.Ovary/ENSG00000074603.18.wgt.RDat	ENSG00000074603.18	15	65517703	65517704	0.221	rs2946662	5.37	rs11071846	0.16476	-5.05	-0.499272	318	8	enet	0.16	7.8e-07	0.54125	0.588
Ovary	/media/kame/Data/_workings/resource/GTEv8//GTExv8.EUR.Ovary/ENSG00000166938.12.wgt.RDat	ENSG00000166938.12	15	66293216	66293217	0.284	rs7174069	8.6	rs4776774	0.23437	5.83	0.350831	489	17	enet	0.31	9.8e-13	0.21123	0.833
Ovary	/media/kame/Data/_workings/resource/GTEv8//GTExv8.EUR.Ovary/ENSG00000075131.9.wgt.RDat	ENSG00000075131.9	15	66386745	66386746	0.532	rs7174069	8.6	rs12914520	0.31075	6.65	-0.565844	519	71	enet	0.26	7.4e-11	0.6609	0.509
Ovary	/media/kame/Data/_workings/resource/GTEv8//GTExv8.EUR.Ovary/ENSG00000174446.12.wgt.RDat	ENSG00000174446.12	15	66497812	66497813	0.199	rs7174069	8.6	rs11637156	-0.00718	3.26	-0.31026	559	37	enet	-0.0064	0.72	-0.90555	0.365
Ovary	/media/kame/Data/_workings/resource/GTEv8//GTExv8.EUR.Ovary/ENSG00000103599.19.wgt.RDat	ENSG00000103599.19	15	67254799	67254800	0.13	rs2286664	14.79	rs3825977	0.05467	-3.79	1.514003	480	42	enet	0.043	0.0087	-6.54604	5.91e-11
Ovary	/media/kame/Data/_workings/resource/GTEv8//GTExv8.EUR.Ovary/ENSG00000259673.5.wgt.RDat	ENSG00000259673.5	15	67521683	67521684	0.196	rs2286664	14.79	rs4423371	0.17915	5.55	-0.200584	418	32	enet	0.13	7.5e-06	0.36973	0.712
Ovary	/media/kame/Data/_workings/resource/GTEv8//GTExv8.EUR.Ovary/ENSG00000270964.1.wgt.RDat	ENSG00000270964.1	15	67542603	67542604	0.426	rs2286664	14.79	rs4776952	0.12759	5.78	0.280274	408	28	enet	0.22	2.6e-09	1.87268	0.0611
Ovary	/media/kame/Data/_workings/resource/GTEv8//GTExv8.EUR.Ovary/ENSG00000137764.19.wgt.RDat	ENSG00000137764.19	15	67542708	67542709	0.344	rs2286664	14.79	rs4776943	0.29619	-6.74	13.386323	408	36	enet	0.23	2e-09	-11.95339	6.23e-33
Ovary	/media/kame/Data/_workings/resource/GTEv8//GTExv8.EUR.Ovary/ENSG00000188779.10.wgt.RDat	ENSG00000188779.10	15	67819703	67819704	0.241	rs2286664	14.79	rs4776943	0.21309	-5.8	13.386323	338	18	enet	0.18	1.8e-07	-12.16703	4.66e-34
Ovary	/media/kame/Data/_workings/resource/GTEv8//GTExv8.EUR.Ovary/ENSG00000260657.2.wgt.RDat	ENSG00000260657.2	15	68275116	68275117	0.486	rs2278076	12.02	rs16951723	0.35902	7.2	-1.040589	464	22	enet	0.34	4.7e-14	-0.73365	0.463
Ovary	/media/kame/Data/_workings/resource/GTEv8//GTExv8.EUR.Ovary/ENSG00000166173.10.wgt.RDat	ENSG00000166173.10	15	70854158	70854159	0.186	rs1348318	3.93	rs11630263	0.09569	-4.91	-0.334168	381	17	enet	0.055	0.0032	0.27441	0.784
Ovary	/media/kame/Data/_workings/resource/GTEv8//GTExv8.EUR.Ovary/ENSG00000271072.1.wgt.RDat	ENSG00000271072.1	15	72450656	72450657	0.368	rs11635651	-2.65	rs12902245	-0.0069	-3.26	1.211233	272	65	enet	0.014	0.085	0.20809	0.835
Ovary	/media/kame/Data/_workings/resource/GTEv8//GTExv8.EUR.Ovary/ENSG00000140474.12.wgt.RDat	ENSG00000140474.12	15	74843196	74843197	0.133	rs3743487	-4.15	rs936228	0.04673	3.86	0.301944	289	5	enet	0.017	0.068	0.20764	0.836
Ovary	/media/kame/Data/_workings/resource/GTEv8//GTExv8.EUR.Ovary/ENSG00000198794.11.wgt.RDat	ENSG00000198794.11	15	74957464	74957465	0.176	rs3743487	-4.15	rs7163390	0.06615	4.83	-0.024734	264	11	enet	0.0099	0.13	0.09641	0.923
Ovary	/media/kame/Data/_workings/resource/GTEv8//GTExv8.EUR.Ovary/ENSG00000140400.16.wgt.RDat	ENSG00000140400.16	15	75368153	75368154	0.441	rs7163332	-3.8	rs4886703	0.41301	7.62	-0.507407	231	27	enet	0.44	4.2e-19	-0.8296	0.407
Ovary	/media/kame/Data/_workings/resource/GTEv8//GTExv8.EUR.Ovary/ENSG00000260274.1.wgt.RDat	ENSG00000260274.1	15	75368198	75368199	0.337	rs7163332	-3.8	rs11632813	0.16139	-5.01	0.838536	231	45	enet	0.13	6.5e-06	-0.8516	0.394
Ovary	/media/kame/Data/_workings/resource/GTEv8//GTExv8.EUR.Ovary/ENSG00000169371.13.wgt.RDat	ENSG00000169371.13	15	75626468	75626469	0.215	rs11072572	-5.72	rs8043292	0.01648	3.63	0.018559	220	34	enet	0.085	0.00032	0.84591	0.398
Ovary	/media/kame/Data/_workings/resource/GTEv8//GTExv8.EUR.Ovary/ENSG00000140386.12.wgt.RDat	ENSG00000140386.12	15	76905443	76905444	0.117	rs932046	-4.8	rs11855534	0.15457	5.15	-1.592726	232	32	enet	0.13	6.4e-06	-1.10058	0.271
Ovary	/media/kame/Data/_workings/resource/GTEv8//GTExv8.EUR.Ovary/ENSG00000173517.10.wgt.RDat	ENSG00000173517.10	15	77420143	77420144	0.282	rs6495249	8.2	rs17466480	0.06802	-5.29	0.565014	326	19	enet	0.055	0.0033	-0.32161	0.748
Ovary	/media/kame/Data/_workings/resource/GTEv8//GTExv8.EUR.Ovary/ENSG00000259362.2.wgt.RDat	ENSG00000259362.2	15	77525539	77525540	0.125	rs6495249	8.2	rs11630540	0.02155	3.74	1.508381	302	11	enet	0.02	0.053	0.55868	0.576
Ovary	/media/kame/Data/_workings/resource/GTEv8//GTExv8.EUR.Ovary/ENSG00000260776.5.wgt.RDat	ENSG00000260776.5	15	77926845	77926846	0.764	rs6495249	8.2	rs7175950	0.3263	6.77	0.447969	424	45	enet	0.48	4.2e-21	0.80404	0.421
Ovary	/media/kame/Data/_workings/resource/GTEv8//GTExv8.EUR.Ovary/ENSG00000136425.12.wgt.RDat	ENSG00000136425.12	15	78131496	78131497	0.199	rs6495249	8.2	rs8036417	-0.00481	3.69	-0.040343	407	22	enet	-0.0019	0.39	-0.27968	0.78
Ovary	/media/kame/Data/_workings/resource/GTEv8//GTExv8.EUR.Ovary/ENSG00000140403.12.wgt.RDat	ENSG00000140403.12	15	78264156	78264157	0.272	rs6495249	8.2	rs3743084	0.03006	-4.32	0.269506	400	15	enet	0.051	0.0045	-0.79748	0.425
Ovary	/media/kame/Data/_workings/resource/GTEv8//GTExv8.EUR.Ovary/ENSG00000259562.2.wgt.RDat	ENSG00000259562.2	15	78291220	78291221	0.376	rs6495249	8.2	rs876364	0.10233	-5.39	-0.798825	392	23	enet	0.23	1.2e-09	0.00576	0.995
Ovary	/media/kame/Data/_workings/resource/GTEv8//GTExv8.EUR.Ovary/ENSG00000136371.10.wgt.RDat	ENSG00000136371.10	15	79897378	79897379	0.592	rs7180958	-9.69	rs7167420	0.39366	-7.45	-1.54968	572	32	enet	0.41	2e-17	0.70033	0.484
Ovary	/media/kame/Data/_workings/resource/GTEv8//GTExv8.EUR.Ovary/ENSG00000180953.11.wgt.RDat	ENSG00000180953.11	15	79915255	79915256	0.679	rs7180958	-9.69	rs4778733	0.41163	-7.6	-0.03178	570	22	enet	0.53	1.4e-24	0.15986	0.873
Ovary	/media/kame/Data/_workings/resource/GTEv8//GTExv8.EUR.Ovary/ENSG00000278600.1.wgt.RDat	ENSG00000278600.1	15	79922454	79922455	0.254	rs7180958	-9.69	rs8026997	0.06771	-3.91	0.322132	573	12	enet	-0.0068	0.79	-0.15706	0.875
Ovary	/media/kame/Data/_workings/resource/GTEv8//GTExv8.EUR.Ovary/ENSG00000277782.1.wgt.RDat	ENSG00000277782.1	15	80999980	80999981	0.189	rs906428	-4.45	rs7178551	0.22778	-5.68	0.717519	459	4	enet	0.2	2.5e-08	-0.3873	0.699
Ovary	/media/kame/Data/_workings/resource/GTEv8//GTExv8.EUR.Ovary/ENSG00000259343.5.wgt.RDat	ENSG00000259343.5	15	81324376	81324377	0.278	rs7168398	-6.01	rs7176010	-0.00584	3.54	0.06934	392	59	enet	0.017	0.069	-0.56227	0.574
Ovary	/media/kame/Data/_workings/resource/GTEv8//GTExv8.EUR.Ovary/ENSG00000188659.9.wgt.RDat	ENSG00000188659.9	15	82262809	82262810	0.428	rs4778956	7.11	rs9972386	0.29254	6.46	-1.283414	322	15	enet	0.33	1.2e-13	-0.95129	0.341
Ovary	/media/kame/Data/_workings/resource/GTEv8//GTExv8.EUR.Ovary/ENSG00000278662.4.wgt.RDat	ENSG00000278662.4	15	82349474	82349475	0.294	rs4778956	7.11	rs4778672	0.21766	-5.72	-2.033605	322	12	enet	0.17	4.5e-07	0.973	0.331
Ovary	/media/kame/Data/_workings/resource/GTEv8//GTExv8.EUR.Ovary/ENSG00000259429.5.wgt.RDat	ENSG00000259429.5	15	82355141	82355142	0.163	rs4778956	7.11	rs8033050	0.01152	4.1	-2.102989	329	10	enet	0.0043	0.21	-1.07132	0.284
Ovary	/media/kame/Data/_workings/resource/GTEv8//GTExv8.EUR.Ovary/ENSG00000197978.9.wgt.RDat	ENSG00000197978.9	15	82430019	82430020	0.221	rs4778956	7.11	rs17507216	0.10336	5.01	-0.474691	325	9	enet	0.11	4.4e-05	0.18131	0.856
Ovary	/media/kame/Data/_workings/resource/GTEv8//GTExv8.EUR.Ovary/ENSG00000255769.7.wgt.RDat	ENSG00000255769.7	15	82513949	82513950	0.281	rs6603042	-7.99	rs3902959	0.04477	-4.39	-2.876971	309	12	enet	0.042	0.0091	1.34333	0.179
Ovary	/media/kame/Data/_workings/resource/GTEv8//GTExv8.EUR.Ovary/ENSG00000103723.12.wgt.RDat	ENSG00000103723.12	15	82709913	82709914	0.275	rs965263	-8.14	rs17158396	0.2143	5.99	1.195223	260	14	enet	0.16	7.4e-07	1.10091	0.271
Ovary	/media/kame/Data/_workings/resource/GTEv8//GTExv8.EUR.Ovary/ENSG00000169609.13.wgt.RDat	ENSG00000169609.13	15	83011640	83011641	0.307	rs12441907	-11.15	rs6603038	0.258	-6.07	1.968183	318	10	enet	0.23	1.3e-09	0.62898	0.529
Ovary	/media/kame/Data/_workings/resource/GTEv8//GTExv8.EUR.Ovary/ENSG00000280038.1.wgt.RDat	ENSG00000280038.1	15	84169895	84169896	0.5	rs7237	-6.46	rs3762168	0.16278	5.85	0.107037	211	16	enet	0.28	1.2e-11	1.22857	0.219
Ovary	/media/kame/Data/_workings/resource/GTEv8//GTExv8.EUR.Ovary/ENSG00000259511.2.wgt.RDat	ENSG00000259511.2	15	84172489	84172490	0.439	rs7237	-6.46	rs3825877	0.11032	-5.4	-0.380837	211	30	enet	0.19	6.4e-08	2.67951	0.00737
Ovary	/media/kame/Data/_workings/resource/GTEv8//GTExv8.EUR.Ovary/ENSG00000259726.1.wgt.RDat	ENSG00000259726.1	15	84186751	84186752	0.516	rs7237	-6.46	rs2279924	0.19054	5.79	-0.000642	205	32	enet	0.34	2.9e-14	3.95344	7.7e-05
Ovary	/media/kame/Data/_workings/resource/GTEv8//GTExv8.EUR.Ovary/ENSG00000225151.10.wgt.RDat	ENSG00000225151.10	15	84230135	84230136	0.27	rs7237	-6.46	rs4842939	0.00327	-4.19	-4.398537	199	34	enet	0.11	3.2e-05	4.85811	1.19e-06
Ovary	/media/kame/Data/_workings/resource/GTEv8//GTExv8.EUR.Ovary/ENSG00000184206.11.wgt.RDat	ENSG00000184206.11	15	84235772	84235773	0.475	rs7237	-6.46	rs3762169	0.16051	6.03	0.116754	201	40	enet	0.24	7.5e-10	1.50571	0.132
Ovary	/media/kame/Data/_workings/resource/GTEv8//GTExv8.EUR.Ovary/ENSG00000259683.1.wgt.RDat	ENSG00000259683.1	15	84389728	84389729	0.386	rs7237	-6.46	rs9806472	0.01746	-4.09	-0.820293	237	17	enet	0.11	4.7e-05	-0.67345	0.501
Ovary	/media/kame/Data/_workings/resource/GTEv8//GTExv8.EUR.Ovary/ENSG00000244056.3.wgt.RDat	ENSG00000244056.3	15	84394071	84394072	0.159	rs7237	-6.46	rs9806472	-0.00197	-3.5	-0.820293	242	15	enet	0.029	0.025	-0.67114	0.502
Ovary	/media/kame/Data/_workings/resource/GTEv8//GTExv8.EUR.Ovary/ENSG00000259570.1.wgt.RDat	ENSG00000259570.1	15	84394511	84394512	0.175	rs7237	-6.46	rs12906879	0.02879	3.74	0.081599	241	14	enet	0.062	0.0019	-0.29146	0.771
Ovary	/media/kame/Data/_workings/resource/GTEv8//GTExv8.EUR.Ovary/ENSG00000230373.8.wgt.RDat	ENSG00000230373.8	15	84516813	84516814	0.552	rs7237	-6.46	rs4842947	0.27713	6.95	-1.068927	316	12	enet	0.28	1.8e-11	-0.83173	0.406
Ovary	/media/kame/Data/_workings/resource/GTEv8//GTExv8.EUR.Ovary/ENSG00000259728.5.wgt.RDat	ENSG00000259728.5	15	84570923	84570924	0.336	rs7237	-6.46	rs11633344	0.076	-4.75	-1.622686	322	49	enet	0.1	8.3e-05	1.06216	0.288
Ovary	/media/kame/Data/_workings/resource/GTEv8//GTExv8.EUR.Ovary/ENSG00000176700.19.wgt.RDat	ENSG00000176700.19	15	84632278	84632279	0.314	rs7237	-6.46	rs1057946	0.18174	5.05	0.049255	338	11	enet	0.11	5.4e-05	-1.1172	0.264
Ovary	/media/kame/Data/_workings/resource/GTEv8//GTExv8.EUR.Ovary/ENSG00000177082.12.wgt.RDat	ENSG00000177082.12	15	84654342	84654343	0.363	rs7237	-6.46	rs11635597	0.21421	-6.27	-4.81592	345	36	enet	0.24	9.2e-10	4.39183	1.12e-05
Ovary	/media/kame/Data/_workings/resource/GTEv8//GTExv8.EUR.Ovary/ENSG00000259295.6.wgt.RDat	ENSG00000259295.6	15	85191437	85191438	0.337	rs3748375	-6.37	rs11637142	0.15634	5.85	-5.989711	509	10	enet	0.21	1.1e-08	-3.78195	0.000156
Ovary	/media/kame/Data/_workings/resource/GTEv8//GTExv8.EUR.Ovary/ENSG00000229212.7.wgt.RDat	ENSG00000229212.7	15	85234794	85234795	0.147	rs3748375	-6.37	rs2342120	0.0206	4.59	0.629173	526	15	enet	0.0081	0.15	0.08484	0.932
Ovary	/media/kame/Data/_workings/resource/GTEv8//GTExv8.EUR.Ovary/ENSG00000218052.5.wgt.RDat	ENSG00000218052.5	15	85330333	85330334	0.351	rs182517	-3.64	rs12438724	0.03238	-4.87	0.291042	575	39	enet	0.059	0.0024	0.15727	0.875
Ovary	/media/kame/Data/_workings/resource/GTEv8//GTExv8.EUR.Ovary/ENSG00000259762.1.wgt.RDat	ENSG00000259762.1	15	85752900	85752901	0.165	rs11857256	4.83	rs2002909	0.07098	-4.23	0.001226	558	10	enet	0.047	0.0062	-0.33403	0.738
Ovary	/media/kame/Data/_workings/resource/GTEv8//GTExv8.EUR.Ovary/ENSG00000259416.2.wgt.RDat	ENSG00000259416.2	15	85756236	85756237	0.323	rs11857256	4.83	rs2002909	0.22875	-6.09	0.001226	560	16	enet	0.27	2.6e-11	-0.03111	0.975
Ovary	/media/kame/Data/_workings/resource/GTEv8//GTExv8.EUR.Ovary/ENSG00000181026.14.wgt.RDat	ENSG00000181026.14	15	88621295	88621296	0.253	rs7402984	-6.55	rs4500694	-0.00673	-3.5	-1.455549	457	13	enet	-0.0067	0.77	1.31296	0.189
Ovary	/media/kame/Data/_workings/resource/GTEv8//GTExv8.EUR.Ovary/ENSG00000140534.13.wgt.RDat	ENSG00000140534.13	15	89575481	89575482	0.193	rs150353	7.21	rs4932231	0.1666	5.33	0.895849	394	18	enet	0.13	1.2e-05	0.97104	0.332
Ovary	/media/kame/Data/_workings/resource/GTEv8//GTExv8.EUR.Ovary/ENSG00000157823.16.wgt.RDat	ENSG00000157823.16	15	89894637	89894638	0.636	rs208829	5.18	rs7111	0.35011	7.09	0.180409	412	15	enet	0.31	8.9e-13	0.67149	0.502
Ovary	/media/kame/Data/_workings/resource/GTEv8//GTExv8.EUR.Ovary/ENSG00000259291.2.wgt.RDat	ENSG00000259291.2	15	90082206	90082207	0.299	rs893615	-4.04	rs3743114	0.00254	3.32	-0.738503	421	28	enet	-0.00095	0.35	-0.26959	0.787
Ovary	/media/kame/Data/_workings/resource/GTEv8//GTExv8.EUR.Ovary/ENSG00000185043.10.wgt.RDat	ENSG00000185043.10	15	90233702	90233703	0.403	rs893615	-4.04	rs9744242	0.14665	-5.59	0.786455	397	16	enet	0.26	1.1e-10	0.08633	0.931
Ovary	/media/kame/Data/_workings/resource/GTEv8//GTExv8.EUR.Ovary/ENSG00000183208.12.wgt.RDat	ENSG00000183208.12	15	90233807	90233808	0.152	rs893615	-4.04	rs1533327	-0.00121	3.78	0.293162	397	30	enet	-0.00073	0.34	-0.65571	0.512
Ovary	/media/kame/Data/_workings/resource/GTEv8//GTExv8.EUR.Ovary/ENSG00000196391.10.wgt.RDat	ENSG00000196391.10	15	90352244	90352245	0.296	rs11073953	3.94	rs11910	-0.00266	3.61	-0.122722	386	28	enet	0.043	0.0085	0.11378	0.909
Ovary	/media/kame/Data/_workings/resource/GTEv8//GTExv8.EUR.Ovary/ENSG00000140575.12.wgt.RDat	ENSG00000140575.12	15	90388217	90388218	0.363	rs17514846	15.72	rs8032687	0.41577	7.64	-0.207433	395	19	enet	0.42	5e-18	-0.10674	0.915
Ovary	/media/kame/Data/_workings/resource/GTEv8//GTExv8.EUR.Ovary/ENSG00000166965.12.wgt.RDat	ENSG00000166965.12	15	90955795	90955796	0.487	rs17514846	15.72	rs7163044	0.02514	-3.79	-0.412186	475	35	enet	0.13	9e-06	-1.28521	0.199
Ovary	/media/kame/Data/_workings/resource/GTEv8//GTExv8.EUR.Ovary/ENSG00000258725.1.wgt.RDat	ENSG00000258725.1	15	90972859	90972860	0.276	rs17514846	15.72	rs2290202	0.20399	-5.63	-1.856797	476	9	enet	0.13	6.6e-06	2.8171	0.00485
Ovary	/media/kame/Data/_workings/resource/GTEv8//GTExv8.EUR.Ovary/ENSG00000260337.3.wgt.RDat	ENSG00000260337.3	15	92596461	92596462	0.277	rs206350	6.62	rs285718	0.09729	-4.26	1.094344	659	34	enet	0.014	0.091	-1.28029	0.2
Ovary	/media/kame/Data/_workings/resource/GTEv8//GTExv8.EUR.Ovary/ENSG00000253954.3.wgt.RDat	ENSG00000253954.3	15	92711807	92711808	0.294	rs206350	6.62	rs13167	0.02298	-3.74	-0.81172	658	16	enet	-0.0026	0.42	0.90442	0.366
Ovary	/media/kame/Data/_workings/resource/GTEv8//GTExv8.EUR.Ovary/ENSG00000185442.12.wgt.RDat	ENSG00000185442.12	15	92809883	92809884	0.294	rs206350	6.62	rs1496727	0.09963	-5.15	3.524652	657	17	enet	0.096	0.00013	-2.11358	0.0346
Ovary	/media/kame/Data/_workings/resource/GTEv8//GTExv8.EUR.Ovary/ENSG00000273923.1.wgt.RDat	ENSG00000273923.1	15	95225863	95225864	0.438	rs17491052	5.88	rs4420482	0.27136	6.5	1.367874	543	20	enet	0.23	1.9e-09	1.20128	0.23
Ovary	/media/kame/Data/_workings/resource/GTEv8//GTExv8.EUR.Ovary/ENSG00000248441.6.wgt.RDat	ENSG00000248441.6	15	95327128	95327129	0.542	rs17491052	5.88	rs4420482	0.3876	7.59	1.367874	510	39	enet	0.35	2.1e-14	1.53302	0.125
Ovary	/media/kame/Data/_workings/resource/GTEv8//GTExv8.EUR.Ovary/ENSG00000259134.5.wgt.RDat	ENSG00000259134.5	15	95433094	95433095	0.256	rs17491052	5.88	rs1424741	0.1694	-5.02	0.395898	511	18	enet	0.099	9.9e-05	-0.66266	0.508
Ovary	/media/kame/Data/_workings/resource/GTEv8//GTExv8.EUR.Ovary/ENSG00000261616.1.wgt.RDat	ENSG00000261616.1	15	99139576	99139577	0.238	rs892465	4.48	rs260113	0.07623	4.47	0.462573	541	23	enet	0.083	0.00035	0.49603	0.62
Ovary	/media/kame/Data/_workings/resource/GTEv8//GTExv8.EUR.Ovary/ENSG00000103852.12.wgt.RDat	ENSG00000103852.12	15	99251222	99251223	0.253	rs12593522	4.53	rs4965225	0.10609	-5.12	0.390104	542	19	enet	0.19	8.4e-08	-0.29588	0.767
Ovary	/media/kame/Data/_workings/resource/GTEv8//GTExv8.EUR.Ovary/ENSG00000183060.15.wgt.RDat	ENSG00000183060.15	15	99733560	99733561	0.278	rs12593522	4.53	rs325380	0.09821	4.86	2.315451	503	14	enet	0.11	3.9e-05	2.87233	0.00407
Ovary	/media/kame/Data/_workings/resource/GTEv8//GTExv8.EUR.Ovary/ENSG00000182397.14.wgt.RDat	ENSG00000182397.14	15	99806926	99806927	0.417	rs12593522	4.53	rs11855419	0.25885	-6.06	1.178634	537	13	enet	0.21	1e-08	-0.89949	0.368
Ovary	/media/kame/Data/_workings/resource/GTEv8//GTExv8.EUR.Ovary/ENSG00000259363.5.wgt.RDat	ENSG00000259363.5	15	99807022	99807023	0.611	rs12593522	4.53	rs12101368	0.4052	-7.5	-1.448345	536	26	enet	0.38	5.7e-16	1.97266	0.0485
Ovary	/media/kame/Data/_workings/resource/GTEv8//GTExv8.EUR.Ovary/ENSG00000259430.1.wgt.RDat	ENSG00000259430.1	15	100372938	100372939	0.188	rs4465593	7.22	rs1000290	0.028	-4.72	1.468429	557	17	enet	0.14	3e-06	0.29658	0.767
Ovary	/media/kame/Data/_workings/resource/GTEv8//GTExv8.EUR.Ovary/ENSG00000270127.2.wgt.RDat	ENSG00000270127.2	15	100550152	100550153	0.796	rs4465593	7.22	rs12460	0.54319	-8.67	0.277979	591	15	enet	0.62	2.1e-30	-0.51438	0.607
Ovary	/media/kame/Data/_workings/resource/GTEv8//GTExv8.EUR.Ovary/ENSG00000259205.2.wgt.RDat	ENSG00000259205.2	15	100558953	100558954	0.801	rs4465593	7.22	rs12460	0.53698	-8.61	0.277979	593	23	enet	0.57	3e-27	-0.49609	0.62
Ovary	/media/kame/Data/_workings/resource/GTEv8//GTExv8.EUR.Ovary/ENSG00000140471.16.wgt.RDat	ENSG00000140471.16	15	100603213	100603214	0.415	rs4465593	7.22	rs8029054	0.14501	5.5	1.256034	591	31	enet	0.082	0.00038	0.73967	0.46
Ovary	/media/kame/Data/_workings/resource/GTEv8//GTExv8.EUR.Ovary/ENSG00000185418.15.wgt.RDat	ENSG00000185418.15	15	101724603	101724604	0.305	rs2073595	-5.05	rs507903	0.14966	4.81	0.227998	382	33	enet	0.072	0.00086	-0.19219	0.848
Ovary	/media/kame/Data/_workings/resource/GTEv8//GTExv8.EUR.Ovary/ENSG00000259658.4.wgt.RDat	ENSG00000259658.4	15	101746869	101746870	0.264	rs2073595	-5.05	rs8031873	0.23147	5.89	0.543612	367	13	enet	0.2	1.5e-08	0.54459	0.586
Ovary	/media/kame/Data/_workings/resource/GTEv8//GTExv8.EUR.Ovary/ENSG00000259236.1.wgt.RDat	ENSG00000259236.1	15	101781988	101781989	0.29	rs2073595	-5.05	rs12900200	0.00297	3.94	-2.118826	352	22	enet	0.0013	0.28	-0.83973	0.401
Ovary	/media/kame/Data/_workings/resource/GTEv8//GTExv8.EUR.Ovary/ENSG00000185596.16.wgt.RDat	ENSG00000185596.16	15	101961602	101961603	0.265	rs9964	4.76	rs1513981	0.14225	5.08	0.000406	191	19	enet	0.14	5e-06	0.20448	0.838
Ovary	/media/kame/Data/_workings/resource/GTEv8//GTExv8.EUR.Ovary/ENSG00000161981.10.wgt.RDat	ENSG00000161981.10	16	53009	53010	0.1765	rs419949	-2.73	rs216590	0.180501	5.37	0.473484	231	9	enet	0.13	7.7e-06	0.97865	0.328
Ovary	/media/kame/Data/_workings/resource/GTEv8//GTExv8.EUR.Ovary/ENSG00000103148.15.wgt.RDat	ENSG00000103148.15	16	138859	138860	0.3259	rs7190358	5.26	rs2562189	0.195189	-5.59	0.634312	271	17	enet	0.16	4.7e-07	-0.332824	0.739
Ovary	/media/kame/Data/_workings/resource/GTEv8//GTExv8.EUR.Ovary/ENSG00000268836.1.wgt.RDat	ENSG00000268836.1	16	186293	186294	0.3536	rs7190358	5.26	rs11639642	0.253783	6.27	0.876824	298	24	enet	0.23	1.7e-09	0.789273	0.43
Ovary	/media/kame/Data/_workings/resource/GTEv8//GTExv8.EUR.Ovary/ENSG00000103202.12.wgt.RDat	ENSG00000103202.12	16	396724	396725	0.3308	rs681971	-5.99	rs390499	0.080887	-5.69	0.75093	378	12	enet	0.15	1.5e-06	-0.482296	0.63
Ovary	/media/kame/Data/_workings/resource/GTEv8//GTExv8.EUR.Ovary/ENSG00000242612.6.wgt.RDat	ENSG00000242612.6	16	401825	401826	0.4027	rs681971	-5.99	rs12921002	0.13903	5.56	-0.134671	381	23	enet	0.27	2.6e-11	0.379219	0.705
Ovary	/media/kame/Data/_workings/resource/GTEv8//GTExv8.EUR.Ovary/ENSG00000197562.9.wgt.RDat	ENSG00000197562.9	16	589356	589357	0.3848	rs12446849	-6.25	rs2269556	0.202793	5.93	-0.174788	463	11	enet	0.22	3.8e-09	-0.387995	0.698
Ovary	/media/kame/Data/_workings/resource/GTEv8//GTExv8.EUR.Ovary/ENSG00000127578.6.wgt.RDat	ENSG00000127578.6	16	630931	630932	0.655	rs12446849	-6.25	rs2269556	0.481078	8.36	-0.174788	454	12	enet	0.49	1.3e-21	-0.189851	0.849
Ovary	/media/kame/Data/_workings/resource/GTEv8//GTExv8.EUR.Ovary/ENSG00000130731.15.wgt.RDat	ENSG00000130731.15	16	636365	636366	0.2582	rs12446849	-6.25	rs7205124	0.077962	4.69	-0.993656	454	39	enet	0.13	1.1e-05	-0.61222	0.54
Ovary	/media/kame/Data/_workings/resource/GTEv8//GTExv8.EUR.Ovary/ENSG00000161996.18.wgt.RDat	ENSG00000161996.18	16	649324	649325	0.3319	rs12446849	-6.25	rs4984913	0.136432	5.17	-1.649801	447	20	enet	0.076	0.00061	0.793948	0.427
Ovary	/media/kame/Data/_workings/resource/GTEv8//GTExv8.EUR.Ovary/ENSG00000140983.13.wgt.RDat	ENSG00000140983.13	16	668085	668086	0.3277	rs12446849	-6.25	rs4984681	0.102136	4.84	0.083881	441	24	enet	0.023	0.041	-0.119248	0.905
Ovary	/media/kame/Data/_workings/resource/GTEv8//GTExv8.EUR.Ovary/ENSG00000103269.13.wgt.RDat	ENSG00000103269.13	16	675665	675666	0.3909	rs12446849	-6.25	rs4984913	0.219869	6.06	-1.649801	438	22	enet	0.18	2e-07	-1.052764	0.292
Ovary	/media/kame/Data/_workings/resource/GTEv8//GTExv8.EUR.Ovary/ENSG00000103245.13.wgt.RDat	ENSG00000103245.13	16	741328	741329	0.5095	rs12446849	-6.25	rs2071951	0.463704	8.03	0.711539	453	32	enet	0.42	8e-18	0.539763	0.589
Ovary	/media/kame/Data/_workings/resource/GTEv8//GTExv8.EUR.Ovary/ENSG00000277010.1.wgt.RDat	ENSG00000277010.1	16	1223638	1223639	0.2755	rs12446849	-6.25	rs2235643	0.001427	-3.57	-1.23626	438	50	enet	-0.0015	0.37	1.515635	0.13
Ovary	/media/kame/Data/_workings/resource/GTEv8//GTExv8.EUR.Ovary/ENSG00000059145.18.wgt.RDat	ENSG00000059145.18	16	1414750	1414751	0.1864	rs12446849	-6.25	rs173164	0.00525	-3.18	1.159891	480	37	enet	-0.0072	0.89	-0.440061	0.66
Ovary	/media/kame/Data/_workings/resource/GTEv8//GTExv8.EUR.Ovary/ENSG00000279930.1.wgt.RDat	ENSG00000279930.1	16	1437153	1437154	0.7131	rs12448994	-6.2	rs941439	0.140284	-5.84	0.113329	477	27	enet	0.36	6.7e-15	-0.159518	0.873
Ovary	/media/kame/Data/_workings/resource/GTEv8//GTExv8.EUR.Ovary/ENSG00000197599.12.wgt.RDat	ENSG00000197599.12	16	1444555	1444556	0.6779	rs12443534	-5.79	rs941439	0.137999	-5.81	0.113329	466	34	enet	0.28	1.9e-11	-0.241986	0.809
Ovary	/media/kame/Data/_workings/resource/GTEv8//GTExv8.EUR.Ovary/ENSG00000103249.17.wgt.RDat	ENSG00000103249.17	16	1475579	1475580	0.3504	rs12443534	-5.79	rs34470360	0.143981	-4.97	-0.209663	474	24	enet	0.099	1e-04	0.009641	0.992
Ovary	/media/kame/Data/_workings/resource/GTEv8//GTExv8.EUR.Ovary/ENSG00000131634.13.wgt.RDat	ENSG00000131634.13	16	1528687	1528688	0.1333	rs8055439	3.8	rs8048206	0.135931	4.81	-0.417617	484	9	enet	0.11	4.9e-05	-0.168516	0.866
Ovary	/media/kame/Data/_workings/resource/GTEv8//GTExv8.EUR.Ovary/ENSG00000187535.13.wgt.RDat	ENSG00000187535.13	16	1612109	1612110	0.3466	rs7187438	5.37	rs2235639	0.028265	4.08	-0.76478	468	36	enet	0.062	0.0019	-1.403941	0.16
Ovary	/media/kame/Data/_workings/resource/GTEv8//GTExv8.EUR.Ovary/ENSG00000063854.12.wgt.RDat	ENSG00000063854.12	16	1826939	1826940	0.3406	rs7187438	5.37	rs10500323	0.241553	5.89	0.887694	467	18	enet	0.14	4.3e-06	0.492136	0.623
Ovary	/media/kame/Data/_workings/resource/GTEv8//GTExv8.EUR.Ovary/ENSG00000180185.11.wgt.RDat	ENSG00000180185.11	16	1827194	1827195	0.3767	rs7187438	5.37	rs3743854	0.323067	7.28	1.163652	467	11	enet	0.32	2e-13	1.059371	0.289
Ovary	/media/kame/Data/_workings/resource/GTEv8//GTExv8.EUR.Ovary/ENSG00000162039.14.wgt.RDat	ENSG00000162039.14	16	1872177	1872178	0.4187	rs7187438	5.37	rs1742462	0.067066	-4.84	1.103315	450	21	enet	0.16	1e-06	-0.133346	0.894
Ovary	/media/kame/Data/_workings/resource/GTEv8//GTExv8.EUR.Ovary/ENSG00000255513.1.wgt.RDat	ENSG00000255513.1	16	1964094	1964095	0.7248	rs7187438	5.37	rs338791	0.431735	7.78	0.623462	442	7	enet	0.43	1.1e-18	0.561116	0.575
Ovary	/media/kame/Data/_workings/resource/GTEv8//GTExv8.EUR.Ovary/ENSG00000255198.4.wgt.RDat	ENSG00000255198.4	16	1964958	1964959	0.5789	rs7187438	5.37	rs30254	0.309367	6.65	-3.050402	441	8	enet	0.25	1.8e-10	-2.812392	0.00492
Ovary	/media/kame/Data/_workings/resource/GTEv8//GTExv8.EUR.Ovary/ENSG00000167962.13.wgt.RDat	ENSG00000167962.13	16	2009822	2009823	0.1886	rs7187438	5.37	rs6600181	-0.002867	3.18	-0.257378	411	31	enet	-0.0043	0.52	-0.463629	0.643
Ovary	/media/kame/Data/_workings/resource/GTEv8//GTExv8.EUR.Ovary/ENSG00000261613.2.wgt.RDat	ENSG00000261613.2	16	2555997	2555998	0.7395	rs7187438	5.37	rs11642783	0.53834	8.63	1.222888	289	15	enet	0.53	5.4e-24	1.40974	0.159
Ovary	/media/kame/Data/_workings/resource/GTEv8//GTExv8.EUR.Ovary/ENSG00000205918.9.wgt.RDat	ENSG00000205918.9	16	2643295	2643296	0.3804	rs3094481	5.08	rs11642783	0.205669	-5.58	1.222888	306	11	enet	0.14	4.3e-06	-1.239137	0.215
Ovary	/media/kame/Data/_workings/resource/GTEv8//GTExv8.EUR.Ovary/ENSG00000260176.1.wgt.RDat	ENSG00000260176.1	16	2645213	2645214	0.2723	rs3094481	5.08	rs11642783	0.139075	-4.57	1.222888	308	32	enet	0.051	0.0045	-1.500079	0.134
Ovary	/media/kame/Data/_workings/resource/GTEv8//GTExv8.EUR.Ovary/ENSG00000276791.1.wgt.RDat	ENSG00000276791.1	16	2777318	2777319	0.5128	rs3094481	5.08	rs4398107	0.32616	-6.98	-0.814746	304	22	enet	0.31	8.8e-13	0.539259	0.59
Ovary	/media/kame/Data/_workings/resource/GTEv8//GTExv8.EUR.Ovary/ENSG00000172460.15.wgt.RDat	ENSG00000172460.15	16	2842709	2842710	0.2235	rs3094481	5.08	rs11076866	-0.000477	3.81	-0.586506	306	23	enet	-0.0034	0.46	-0.792866	0.428
Ovary	/media/kame/Data/_workings/resource/GTEv8//GTExv8.EUR.Ovary/ENSG00000059122.16.wgt.RDat	ENSG00000059122.16	16	2911936	2911937	0.8578	rs3094481	5.08	rs9928222	0.656367	9.53	0.392995	339	13	enet	0.67	6.9e-35	0.008071	0.994
Ovary	/media/kame/Data/_workings/resource/GTEv8//GTExv8.EUR.Ovary/ENSG00000281005.1.wgt.RDat	ENSG00000281005.1	16	3263742	3263743	0.3066	rs4149795	4.27	rs224243	0.20255	-5.48	-1.841045	392	30	enet	0.22	5e-09	1.576564	0.115
Ovary	/media/kame/Data/_workings/resource/GTEv8//GTExv8.EUR.Ovary/ENSG00000262118.1.wgt.RDat	ENSG00000262118.1	16	3369245	3369246	0.1533	rs4149795	4.27	rs190081	0.121672	4.25	-0.043224	361	15	enet	0.092	0.00018	-0.041398	0.967
Ovary	/media/kame/Data/_workings/resource/GTEv8//GTExv8.EUR.Ovary/ENSG00000103351.12.wgt.RDat	ENSG00000103351.12	16	3500923	3500924	0.4718	rs1124285	-4.04	rs12933120	0.402137	7.33	-0.025285	361	9	enet	0.32	1.9e-13	-0.151905	0.879
Ovary	/media/kame/Data/_workings/resource/GTEv8//GTExv8.EUR.Ovary/ENSG00000167984.17.wgt.RDat	ENSG00000167984.17	16	3577399	3577400	0.7197	rs1124285	-4.04	rs12924990	0.287398	-7.19	-0.940609	357	19	enet	0.44	7.7e-19	-1.077769	0.281
Ovary	/media/kame/Data/_workings/resource/GTEv8//GTExv8.EUR.Ovary/ENSG00000126602.10.wgt.RDat	ENSG00000126602.10	16	3717596	3717597	0.4075	rs1124285	-4.04	rs2072379	0.380734	-7.28	-0.38214	390	12	enet	0.36	3.5e-15	0.600414	0.548
Ovary	/media/kame/Data/_workings/resource/GTEv8//GTExv8.EUR.Ovary/ENSG00000153406.13.wgt.RDat	ENSG00000153406.13	16	4495762	4495763	0.2078	rs444985	-4.5	rs3859155	0.146879	5.13	-1.237074	418	14	enet	0.098	0.00011	-0.382571	0.702
Ovary	/media/kame/Data/_workings/resource/GTEv8//GTExv8.EUR.Ovary/ENSG00000102858.12.wgt.RDat	ENSG00000102858.12	16	4616492	4616493	0.5403	rs444985	-4.5	rs841225	0.378082	-7.47	-0.097511	414	29	enet	0.37	1.2e-15	-0.440424	0.66
Ovary	/media/kame/Data/_workings/resource/GTEv8//GTExv8.EUR.Ovary/ENSG00000103199.13.wgt.RDat	ENSG00000103199.13	16	4767623	4767624	0.4072	rs444985	-4.5	rs12599765	0.260115	6.42	1.477956	384	13	enet	0.26	7.1e-11	1.902913	0.0571
Ovary	/media/kame/Data/_workings/resource/GTEv8//GTExv8.EUR.Ovary/ENSG00000140623.13.wgt.RDat	ENSG00000140623.13	16	4788395	4788396	0.2768	rs3743840	-4.46	rs1982514	0.149837	-5.53	-2.209735	385	11	enet	0.12	2e-05	2.001854	0.0453
Ovary	/media/kame/Data/_workings/resource/GTEv8//GTExv8.EUR.Ovary/ENSG00000175643.8.wgt.RDat	ENSG00000175643.8	16	11249648	11249649	0.701	rs3784924	4.15	rs7191700	0.439945	7.83	-1.366535	511	25	enet	0.49	1.1e-21	0.033265	0.973
Ovary	/media/kame/Data/_workings/resource/GTEv8//GTExv8.EUR.Ovary/ENSG00000263080.1.wgt.RDat	ENSG00000263080.1	16	11345210	11345211	0.2977	rs3784924	4.15	rs1345879	0.108131	-4.32	-2.050264	502	66	enet	0.063	0.0018	2.429269	0.0151
Ovary	/media/kame/Data/_workings/resource/GTEv8//GTExv8.EUR.Ovary/ENSG00000262703.1.wgt.RDat	ENSG00000262703.1	16	11349320	11349321	0.394	rs3784924	4.15	rs243327	0.106614	4.85	0.316969	504	12	enet	0.066	0.0013	0.390024	0.697
Ovary	/media/kame/Data/_workings/resource/GTEv8//GTExv8.EUR.Ovary/ENSG00000262636.1.wgt.RDat	ENSG00000262636.1	16	11381117	11381118	0.2145	rs3784924	4.15	rs11640138	0.083837	4.61	0.804486	501	11	enet	0.06	0.0022	0.953712	0.34
Ovary	/media/kame/Data/_workings/resource/GTEv8//GTExv8.EUR.Ovary/ENSG00000234719.8.wgt.RDat	ENSG00000234719.8	16	11976642	11976643	0.8062	rs1960156	9.05	rs2869492	0.660914	9.53	1.877553	453	37	enet	0.64	1.4e-32	1.594299	0.111
Ovary	/media/kame/Data/_workings/resource/GTEv8//GTExv8.EUR.Ovary/ENSG00000048471.13.wgt.RDat	ENSG00000048471.13	16	11976736	11976737	0.1511	rs1960156	9.05	rs12445569	0.090667	4.59	1.423636	453	13	enet	0.054	0.0036	1.735555	0.0826
Ovary	/media/kame/Data/_workings/resource/GTEv8//GTExv8.EUR.Ovary/ENSG00000183426.16.wgt.RDat	ENSG00000183426.16	16	14937413	14937414	0.677	rs2966129	-2.86	rs3198697	0.235075	-5.83	-0.454937	103	29	enet	0.35	1.2e-14	-1.508775	0.131
Ovary	/media/kame/Data/_workings/resource/GTEv8//GTExv8.EUR.Ovary/ENSG00000261819.1.wgt.RDat	ENSG00000261819.1	16	14990159	14990160	0.51	rs2966129	-2.86	rs4500751	0.032784	-4.04	-0.430672	106	25	enet	0.17	3e-07	-0.779721	0.436
Ovary	/media/kame/Data/_workings/resource/GTEv8//GTExv8.EUR.Ovary/ENSG00000275910.1.wgt.RDat	ENSG00000275910.1	16	15016389	15016390	0.5598	rs12923446	2.99	rs1125972	0.061255	-3.8	0.546267	112	27	enet	0.13	9.7e-06	-0.303845	0.761
Ovary	/media/kame/Data/_workings/resource/GTEv8//GTExv8.EUR.Ovary/ENSG00000260735.1.wgt.RDat	ENSG00000260735.1	16	15094410	15094411	0.483	rs4781673	3.42	rs7192563	0.331046	6.93	-2.023072	102	13	enet	0.39	9.6e-17	-1.672952	0.0943
Ovary	/media/kame/Data/_workings/resource/GTEv8//GTExv8.EUR.Ovary/ENSG00000188599.17.wgt.RDat	ENSG00000188599.17	16	15123497	15123498	0.1644	rs4781673	3.42	rs7192563	0.045514	3.98	-2.023072	102	13	enet	0.015	0.084	-1.467589	0.142
Ovary	/media/kame/Data/_workings/resource/GTEv8//GTExv8.EUR.Ovary/ENSG00000183793.13.wgt.RDat	ENSG00000183793.13	16	15381046	15381047	0.7016	rs4781673	3.42	rs3198697	0.383236	7.35	-0.454937	237	26	enet	0.39	1.5e-16	0.450966	0.652
Ovary	/media/kame/Data/_workings/resource/GTEv8//GTExv8.EUR.Ovary/ENSG00000263335.1.wgt.RDat	ENSG00000263335.1	16	15726673	15726674	0.4298	rs4781673	3.42	rs16967494	0.375213	7.29	-0.005784	457	26	enet	0.33	9.9e-14	-0.220057	0.826
Ovary	/media/kame/Data/_workings/resource/GTEv8//GTExv8.EUR.Ovary/ENSG00000091262.15.wgt.RDat	ENSG00000091262.15	16	16223521	16223522	0.4542	rs215105	2.88	rs2239322	0.067702	4.05	0.675503	356	60	enet	0.041	0.0097	-0.616389	0.538
Ovary	/media/kame/Data/_workings/resource/GTEv8//GTExv8.EUR.Ovary/ENSG00000227827.3.wgt.RDat	ENSG00000227827.3	16	16356223	16356224	0.2598	rs215105	2.88	rs2856553	0.317825	6.64	0.112381	309	4	enet	0.29	3.6e-12	0.211951	0.832
Ovary	/media/kame/Data/_workings/resource/GTEv8//GTExv8.EUR.Ovary/ENSG00000103550.13.wgt.RDat	ENSG00000103550.13	16	19717693	19717694	0.5407	rs226865	-5.85	rs2239973	0.51481	8.38	-0.49419	445	31	enet	0.45	8.8e-20	-0.632033	0.527
Ovary	/media/kame/Data/_workings/resource/GTEv8//GTExv8.EUR.Ovary/ENSG00000005189.19.wgt.RDat	ENSG00000005189.19	16	20806676	20806677	0.2592	rs858186	4.2	rs2239946	0.185621	-5.46	-0.31125	392	33	enet	0.13	5.8e-06	0.369741	0.712
Ovary	/media/kame/Data/_workings/resource/GTEv8//GTExv8.EUR.Ovary/ENSG00000260306.1.wgt.RDat	ENSG00000260306.1	16	21795758	21795759	0.4653	rs2113143	4.97	rs12920623	0.023207	-4.51	1.796913	136	19	enet	0.2	2.4e-08	-0.797764	0.425
Ovary	/media/kame/Data/_workings/resource/GTEv8//GTExv8.EUR.Ovary/ENSG00000248124.7.wgt.RDat	ENSG00000248124.7	16	21820409	21820410	0.1736	rs2113143	4.97	rs4783452	0.048467	-4.23	4.014541	141	19	enet	0.04	0.011	-3.33018	0.000868
Ovary	/media/kame/Data/_workings/resource/GTEv8//GTExv8.EUR.Ovary/ENSG00000283213.1.wgt.RDat	ENSG00000283213.1	16	22813679	22813680	0.0991	rs2269738	-4.8	rs7404739	-0.00717	-3.68	0.5835	339	4	enet	-0.0054	0.61	-0.433308	0.665
Ovary	/media/kame/Data/_workings/resource/GTEv8//GTExv8.EUR.Ovary/ENSG00000259782.2.wgt.RDat	ENSG00000259782.2	16	23447281	23447282	0.12	rs11074583	-7.46	rs26762	0.046507	-3.92	-1.454232	442	6	enet	0.015	0.08	0.459986	0.646
Ovary	/media/kame/Data/_workings/resource/GTEv8//GTExv8.EUR.Ovary/ENSG00000166501.12.wgt.RDat	ENSG00000166501.12	16	23836000	23836001	0.1316	rs1034600	9.65	rs7204714	-0.007353	3.31	0.760233	481	15	enet	-0.0048	0.56	1.138254	0.255
Ovary	/media/kame/Data/_workings/resource/GTEv8//GTExv8.EUR.Ovary/ENSG00000158865.12.wgt.RDat	ENSG00000158865.12	16	24845840	24845841	0.5063	rs766181	5.15	rs200528	0.552814	8.85	-0.840038	386	10	enet	0.52	7.8e-24	-0.874659	0.382
Ovary	/media/kame/Data/_workings/resource/GTEv8//GTExv8.EUR.Ovary/ENSG00000262700.1.wgt.RDat	ENSG00000262700.1	16	25093386	25093387	0.2524	rs766181	5.15	rs6497784	0.122311	-4.5	1.023539	388	36	enet	0.036	0.015	-0.163206	0.87
Ovary	/media/kame/Data/_workings/resource/GTEv8//GTExv8.EUR.Ovary/ENSG00000155592.15.wgt.RDat	ENSG00000155592.15	16	25257930	25257931	0.2137	rs9930029	4.1	rs4787701	0.00221	-3.84	-0.161046	425	36	enet	0.02	0.053	-0.349616	0.727
Ovary	/media/kame/Data/_workings/resource/GTEv8//GTExv8.EUR.Ovary/ENSG00000259954.1.wgt.RDat	ENSG00000259954.1	16	27453392	27453393	0.1329	rs233467	5.34	rs4787973	0.122977	-5.1	3.847549	519	29	enet	0.14	5.2e-06	-3.765475	0.000166
Ovary	/media/kame/Data/_workings/resource/GTEv8//GTExv8.EUR.Ovary/ENSG00000176046.8.wgt.RDat	ENSG00000176046.8	16	28539173	28539174	0.1484	rs4255791	4.47	rs149299	0.104249	-4.91	0.488078	207	12	enet	0.13	8e-06	-0.285704	0.775
Ovary	/media/kame/Data/_workings/resource/GTEv8//GTExv8.EUR.Ovary/ENSG00000176476.8.wgt.RDat	ENSG00000176476.8	16	28581054	28581055	0.2876	rs4255791	4.47	rs151228	0.162938	-4.9	0.000855	188	9	enet	0.15	1.3e-06	-1.209224	0.227
Ovary	/media/kame/Data/_workings/resource/GTEv8//GTExv8.EUR.Ovary/ENSG00000197165.10.wgt.RDat	ENSG00000197165.10	16	28597108	28597109	0.2891	rs4255791	4.47	rs149299	0.129071	5.38	0.488078	187	32	enet	0.2	3.5e-08	1.209799	0.226
Ovary	/media/kame/Data/_workings/resource/GTEv8//GTExv8.EUR.Ovary/ENSG00000278725.1.wgt.RDat	ENSG00000278725.1	16	28602339	28602340	0.6181	rs4255791	4.47	rs151227	0.381751	7.5	0.764733	186	18	enet	0.43	1.7e-18	1.400992	0.161
Ovary	/media/kame/Data/_workings/resource/GTEv8//GTExv8.EUR.Ovary/ENSG00000270424.1.wgt.RDat	ENSG00000270424.1	16	28750594	28750595	0.1155	rs4255791	4.47	rs28698667	0.11226	4.85	0.436353	197	26	enet	0.07	0.001	0.612655	0.54
Ovary	/media/kame/Data/_workings/resource/GTEv8//GTExv8.EUR.Ovary/ENSG00000196993.8.wgt.RDat	ENSG00000196993.8	16	28751786	28751787	0.3714	rs4255791	4.47	rs33957528	0.038372	4.07	-0.524905	197	35	enet	0.02	0.051	-0.010328	0.992
Ovary	/media/kame/Data/_workings/resource/GTEv8//GTExv8.EUR.Ovary/ENSG00000178952.10.wgt.RDat	ENSG00000178952.10	16	28846407	28846408	0.2776	rs17855750	-3.4	rs8049439	0.176843	6.29	1.078396	182	23	enet	0.19	8.4e-08	1.240807	0.215
Ovary	/media/kame/Data/_workings/resource/GTEv8//GTExv8.EUR.Ovary/ENSG00000103472.9.wgt.RDat	ENSG00000103472.9	16	29074975	29074976	0.2427	rs8045689	3.22	rs8053800	0.155137	5.27	-0.311933	151	13	enet	0.12	1.6e-05	0.08171	0.935
Ovary	/media/kame/Data/_workings/resource/GTEv8//GTExv8.EUR.Ovary/ENSG00000260953.1.wgt.RDat	ENSG00000260953.1	16	29264478	29264479	0.1692	rs8045689	3.22	rs252321	0.043723	3.56	0.358535	161	20	enet	0.084	0.00034	0.211028	0.833
Ovary	/media/kame/Data/_workings/resource/GTEv8//GTExv8.EUR.Ovary/ENSG00000277999.1.wgt.RDat	ENSG00000277999.1	16	29272219	29272220	0.4592	rs8045689	3.22	rs3851775	0.334227	-6.95	-1.130229	162	16	enet	0.31	5.6e-13	0.778805	0.436
Ovary	/media/kame/Data/_workings/resource/GTEv8//GTExv8.EUR.Ovary/ENSG00000183336.8.wgt.RDat	ENSG00000183336.8	16	29454963	29454964	0.2843	rs8045689	3.22	rs7201384	0.072851	3.84	-2.376656	164	37	enet	0.072	0.00088	-0.256579	0.798
Ovary	/media/kame/Data/_workings/resource/GTEv8//GTExv8.EUR.Ovary/ENSG00000214725.8.wgt.RDat	ENSG00000214725.8	16	29863833	29863834	0.2062	rs9924308	-2.72	rs889695	0.133516	-4.44	-1.272436	159	27	enet	0.076	6e-04	1.523965	0.128
Ovary	/media/kame/Data/_workings/resource/GTEv8//GTExv8.EUR.Ovary/ENSG00000169592.14.wgt.RDat	ENSG00000169592.14	16	29995293	29995294	0.247	rs3087438	-3.26	rs12921753	0.282786	-6.75	-0.380263	201	31	enet	0.32	3.1e-13	0.248126	0.804
Ovary	/media/kame/Data/_workings/resource/GTEv8//GTExv8.EUR.Ovary/ENSG00000149927.17.wgt.RDat	ENSG00000149927.17	16	30023269	30023270	0.1658	rs1557672	-4.12	rs12921753	0.018707	-3.83	-0.380263	213	22	enet	0.059	0.0023	0.029186	0.977
Ovary	/media/kame/Data/_workings/resource/GTEv8//GTExv8.EUR.Ovary/ENSG00000149922.10.wgt.RDat	ENSG00000149922.10	16	30091886	30091887	0.2046	rs1557672	-4.12	rs3809624	0.153629	-4.85	-1.870886	223	15	enet	0.048	0.0055	1.838684	0.066
Ovary	/media/kame/Data/_workings/resource/GTEv8//GTExv8.EUR.Ovary/ENSG00000090238.11.wgt.RDat	ENSG00000090238.11	16	30096243	30096244	0.1705	rs1557672	-4.12	rs7205802	0.042409	4.22	1.002095	223	6	enet	0.042	0.0093	0.616497	0.538
Ovary	/media/kame/Data/_workings/resource/GTEv8//GTExv8.EUR.Ovary/ENSG00000261367.1.wgt.RDat	ENSG00000261367.1	16	30107674	30107675	0.2566	rs1557672	-4.12	rs8061772	0.247161	6.01	0.980279	224	14	enet	0.19	3.9e-08	1.41727	0.156
Ovary	/media/kame/Data/_workings/resource/GTEv8//GTExv8.EUR.Ovary/ENSG00000273724.1.wgt.RDat	ENSG00000273724.1	16	30336399	30336400	0.1569	rs11642862	-4.64	rs8046445	0.019267	-3.65	0.536914	207	6	enet	0.014	0.091	-0.74856	0.454
Ovary	/media/kame/Data/_workings/resource/GTEv8//GTExv8.EUR.Ovary/ENSG00000180096.11.wgt.RDat	ENSG00000180096.11	16	30395990	30395991	0.4266	rs11642862	-4.64	rs8046445	0.145547	-5.24	0.536914	199	30	enet	0.17	4e-07	-1.118437	0.263
Ovary	/media/kame/Data/_workings/resource/GTEv8//GTExv8.EUR.Ovary/ENSG00000196118.11.wgt.RDat	ENSG00000196118.11	16	30762709	30762710	0.3483	rs11642862	-4.64	rs885107	0.206838	-6	-0.173125	205	11	enet	0.18	1.4e-07	0.316124	0.752
Ovary	/media/kame/Data/_workings/resource/GTEv8//GTExv8.EUR.Ovary/ENSG00000099377.13.wgt.RDat	ENSG00000099377.13	16	30988270	30988271	0.1449	rs11642862	-4.64	rs729482	0.024041	4.19	-0.491592	232	9	enet	0.037	0.013	-0.315223	0.753
Ovary	/media/kame/Data/_workings/resource/GTEv8//GTExv8.EUR.Ovary/ENSG00000099365.10.wgt.RDat	ENSG00000099365.10	16	31010660	31010661	0.1613	rs11642862	-4.64	rs4889609	0.15602	4.78	-0.382857	230	19	enet	0.15	2.4e-06	-0.30784	0.758
Ovary	/media/kame/Data/_workings/resource/GTEv8//GTExv8.EUR.Ovary/ENSG00000260911.2.wgt.RDat	ENSG00000260911.2	16	31043149	31043150	0.2724	rs11642862	-4.64	rs35468353	0.281953	6.48	-0.385964	240	27	enet	0.25	2.1e-10	-0.111443	0.911
Ovary	/media/kame/Data/_workings/resource/GTEv8//GTExv8.EUR.Ovary/ENSG00000103510.19.wgt.RDat	ENSG00000103510.19	16	31115753	31115754	0.2173	rs11642862	-4.64	rs2032915	0.094866	-5.19	-0.983984	242	21	enet	0.12	1.7e-05	0.881497	0.378
Ovary	/media/kame/Data/_workings/resource/GTEv8//GTExv8.EUR.Ovary/ENSG00000278133.1.wgt.RDat	ENSG00000278133.1	16	31122234	31122235	0.1028	rs11642862	-4.64	rs889555	0.028616	-4.25	1.182352	245	8	enet	0.037	0.014	-0.624241	0.532
Ovary	/media/kame/Data/_workings/resource/GTEv8//GTExv8.EUR.Ovary/ENSG00000197302.10.wgt.RDat	ENSG00000197302.10	16	31713228	31713229	0.2067	rs11574631	-1.85	rs17839518	0.040219	-3.87	-1.037283	209	15	enet	0.061	0.0021	1.422713	0.155
Ovary	/media/kame/Data/_workings/resource/GTEv8//GTExv8.EUR.Ovary/ENSG00000102910.13.wgt.RDat	ENSG00000102910.13	16	48244295	48244296	0.5204	rs17614940	5.36	rs8053839	0.365727	-7.15	0.313391	230	2	enet	0.32	4.2e-13	-0.24343	0.808
Ovary	/media/kame/Data/_workings/resource/GTEv8//GTExv8.EUR.Ovary/ENSG00000155393.12.wgt.RDat	ENSG00000155393.12	16	50065940	50065941	0.3024	rs7192812	-7.82	rs2287197	0.216829	-6.07	-0.037966	374	32	enet	0.2	3.2e-08	0.251765	0.801
Ovary	/media/kame/Data/_workings/resource/GTEv8//GTExv8.EUR.Ovary/ENSG00000103460.16.wgt.RDat	ENSG00000103460.16	16	52547801	52547802	0.4767	rs2193094	10.86	rs9933242	0.274514	-6.26	-6.238746	474	26	enet	0.22	3.6e-09	5.99796	2e-09
Ovary	/media/kame/Data/_workings/resource/GTEv8//GTExv8.EUR.Ovary/ENSG00000103479.15.wgt.RDat	ENSG00000103479.15	16	53433976	53433977	0.5065	rs8050560	6.9	rs16952252	0.388163	-7.46	-0.067313	383	17	enet	0.34	4.6e-14	0.000876	0.999
Ovary	/media/kame/Data/_workings/resource/GTEv8//GTExv8.EUR.Ovary/ENSG00000279344.1.wgt.RDat	ENSG00000279344.1	16	53481549	53481550	0.363	rs17218700	4.53	rs16952252	0.333557	6.92	-0.067313	388	21	enet	0.33	9.9e-14	-0.034715	0.972
Ovary	/media/kame/Data/_workings/resource/GTEv8//GTExv8.EUR.Ovary/ENSG00000166971.16.wgt.RDat	ENSG00000166971.16	16	53504410	53504411	0.3494	rs17218700	4.45	rs3095635	0.101689	4.86	0.559855	399	30	enet	0.084	0.00032	0.609057	0.542
Ovary	/media/kame/Data/_workings/resource/GTEv8//GTExv8.EUR.Ovary/ENSG00000103546.18.wgt.RDat	ENSG00000103546.18	16	55655603	55655604	0.2273	rs11866301	-5.78	rs243835	-0.004763	-3.24	-0.895935	600	32	enet	0.014	0.091	1.370554	0.171
Ovary	/media/kame/Data/_workings/resource/GTEv8//GTExv8.EUR.Ovary/ENSG00000228695.10.wgt.RDat	ENSG00000228695.10	16	55760565	55760566	0.6233	rs11866301	-5.78	rs11860456	0.099162	5.84	-0.081822	547	35	enet	0.45	1.9e-19	0.671122	0.502
Ovary	/media/kame/Data/_workings/resource/GTEv8//GTExv8.EUR.Ovary/ENSG00000198848.12.wgt.RDat	ENSG00000198848.12	16	55833336	55833337	0.311	rs11866301	-5.78	rs13333135	0.096879	5.21	-0.55654	511	17	enet	0.1	7.2e-05	-0.374285	0.708
Ovary	/media/kame/Data/_workings/resource/GTEv8//GTExv8.EUR.Ovary/ENSG00000274031.1.wgt.RDat	ENSG00000274031.1	16	56466150	56466151	0.4568	rs9927884	-5.27	rs7188330	0.250807	6.4	0.041199	459	25	enet	0.22	3.6e-09	0.160348	0.873
Ovary	/media/kame/Data/_workings/resource/GTEv8//GTExv8.EUR.Ovary/ENSG00000125124.11.wgt.RDat	ENSG00000125124.11	16	56520282	56520283	0.2053	rs9927884	-5.27	rs8060037	0.12192	-4.55	0.665833	481	22	enet	0.087	0.00026	-0.401707	0.688
Ovary	/media/kame/Data/_workings/resource/GTEv8//GTExv8.EUR.Ovary/ENSG00000172775.16.wgt.RDat	ENSG00000172775.16	16	57186115	57186116	0.2284	rs9927884	-5.27	rs12599485	0.097463	-4.65	-0.146092	533	17	enet	-0.0054	0.61	0.61779	0.537
Ovary	/media/kame/Data/_workings/resource/GTEv8//GTExv8.EUR.Ovary/ENSG00000088682.13.wgt.RDat	ENSG00000088682.13	16	57447528	57447529	0.2238	rs1108645	4.47	rs637718	0.030446	3.91	1.106864	575	24	enet	0.053	0.0037	1.145735	0.252
Ovary	/media/kame/Data/_workings/resource/GTEv8//GTExv8.EUR.Ovary/ENSG00000278893.1.wgt.RDat	ENSG00000278893.1	16	64983226	64983227	0.3016	rs7205753	5.27	rs35176	0.228718	6.01	0.459726	442	17	enet	0.16	7.4e-07	0.212171	0.832
Ovary	/media/kame/Data/_workings/resource/GTEv8//GTExv8.EUR.Ovary/ENSG00000261656.5.wgt.RDat	ENSG00000261656.5	16	66479130	66479131	0.2551	rs152168	6.51	rs11075634	0.071761	4.57	-0.200252	485	29	enet	0.13	7.4e-06	-0.221	0.825
Ovary	/media/kame/Data/_workings/resource/GTEv8//GTExv8.EUR.Ovary/ENSG00000102890.14.wgt.RDat	ENSG00000102890.14	16	67199110	67199111	0.1587	rs152168	6.51	rs12923138	0.143005	4.7	4.649848	252	7	enet	0.081	0.00042	3.991624	6.56e-05
Ovary	/media/kame/Data/_workings/resource/GTEv8//GTExv8.EUR.Ovary/ENSG00000132600.16.wgt.RDat	ENSG00000132600.16	16	68310973	68310974	0.2255	rs9788810	-4.17	rs9788810	0.095094	4.3	-4.172894	302	51	enet	0.1	7.7e-05	-0.516684	0.605
Ovary	/media/kame/Data/_workings/resource/GTEv8//GTExv8.EUR.Ovary/ENSG00000168802.12.wgt.RDat	ENSG00000168802.12	16	69132513	69132514	0.2507	rs8061932	-4.69	rs9783747	0.001685	-3.76	-1.628687	322	28	enet	0.055	0.0031	0.271872	0.786
Ovary	/media/kame/Data/_workings/resource/GTEv8//GTExv8.EUR.Ovary/ENSG00000157322.17.wgt.RDat	ENSG00000157322.17	16	69950704	69950705	0.3745	rs775212	3.98	rs1808417	0.248571	-6.68	0.777478	209	22	enet	0.38	5.2e-16	-0.940218	0.347
Ovary	/media/kame/Data/_workings/resource/GTEv8//GTExv8.EUR.Ovary/ENSG00000226232.8.wgt.RDat	ENSG00000226232.8	16	69996187	69996188	0.6956	rs775212	3.98	rs929843	0.478478	8.51	-1.222893	197	11	enet	0.51	8.4e-23	-1.077352	0.281
Ovary	/media/kame/Data/_workings/resource/GTEv8//GTExv8.EUR.Ovary/ENSG00000255185.5.wgt.RDat	ENSG00000255185.5	16	70065944	70065945	0.4918	rs775212	3.98	rs4985407	0.356972	7.31	-0.023707	188	28	enet	0.37	9.2e-16	-0.239862	0.81
Ovary	/media/kame/Data/_workings/resource/GTEv8//GTExv8.EUR.Ovary/ENSG00000261556.9.wgt.RDat	ENSG00000261556.9	16	70246609	70246610	0.3218	rs6499335	-6.31	rs4985407	0.44095	7.96	-0.023707	201	6	enet	0.41	9.9e-18	0.038228	0.97
Ovary	/media/kame/Data/_workings/resource/GTEv8//GTExv8.EUR.Ovary/ENSG00000223496.2.wgt.RDat	ENSG00000223496.2	16	70251929	70251930	0.5704	rs6499335	-6.31	rs8058224	0.560868	8.95	0.005317	202	16	enet	0.57	1.4e-26	-0.199253	0.842
Ovary	/media/kame/Data/_workings/resource/GTEv8//GTExv8.EUR.Ovary/ENSG00000103051.18.wgt.RDat	ENSG00000103051.18	16	70523564	70523565	0.2194	rs6499335	-6.31	rs7192865	0.18339	-5.23	0.464132	159	7	enet	0.1	7.1e-05	0.159499	0.873
Ovary	/media/kame/Data/_workings/resource/GTEv8//GTExv8.EUR.Ovary/ENSG00000102967.11.wgt.RDat	ENSG00000102967.11	16	72008587	72008588	0.1943	rs7184543	-7.03	rs7186207	0.080541	-4.78	-0.237896	350	19	enet	0.14	3.7e-06	1.520518	0.128
Ovary	/media/kame/Data/_workings/resource/GTEv8//GTExv8.EUR.Ovary/ENSG00000214331.8.wgt.RDat	ENSG00000214331.8	16	74360858	74360859	0.4082	rs11647652	4.98	rs9923084	0.125861	-4.44	-0.33614	364	6	enet	0.097	0.00012	0.349108	0.727
Ovary	/media/kame/Data/_workings/resource/GTEv8//GTExv8.EUR.Ovary/ENSG00000168411.13.wgt.RDat	ENSG00000168411.13	16	74666880	74666881	0.1478	rs12919626	4.73	rs12598791	0.009249	-3.63	1.184633	356	15	enet	-0.0037	0.48	-0.571273	0.568
Ovary	/media/kame/Data/_workings/resource/GTEv8//GTExv8.EUR.Ovary/ENSG00000280152.1.wgt.RDat	ENSG00000280152.1	16	75249563	75249564	0.3675	rs9936747	4.41	rs7195938	0.045363	-4.57	-1.101419	383	13	enet	0.16	5e-07	0.119694	0.905
Ovary	/media/kame/Data/_workings/resource/GTEv8//GTExv8.EUR.Ovary/ENSG00000261783.1.wgt.RDat	ENSG00000261783.1	16	75381259	75381260	0.3498	rs9936747	4.41	rs166013	0.224404	6.17	0.028269	355	21	enet	0.2	1.8e-08	0.015145	0.988
Ovary	/media/kame/Data/_workings/resource/GTEv8//GTExv8.EUR.Ovary/ENSG00000153774.8.wgt.RDat	ENSG00000153774.8	16	75433484	75433485	0.1423	rs9936747	4.41	rs9921522	0.06176	3.81	0.590637	348	11	enet	0.023	0.042	-0.046939	0.963
Ovary	/media/kame/Data/_workings/resource/GTEv8//GTExv8.EUR.Ovary/ENSG00000065457.10.wgt.RDat	ENSG00000065457.10	16	75623299	75623300	0.5653	rs1477401	-2.39	rs3863448	0.325417	7.28	0.317496	390	20	enet	0.3	2.2e-12	0.468645	0.639
Ovary	/media/kame/Data/_workings/resource/GTEv8//GTExv8.EUR.Ovary/ENSG00000205078.5.wgt.RDat	ENSG00000205078.5	16	77206440	77206441	0.2429	rs7186803	12.6	rs8061864	0.187961	5.65	5.670581	720	19	enet	0.17	3.9e-07	5.574561	2.48e-08
Ovary	/media/kame/Data/_workings/resource/GTEv8//GTExv8.EUR.Ovary/ENSG00000261390.5.wgt.RDat	ENSG00000261390.5	16	79770562	79770563	0.5952	rs9922228	4.57	rs4404082	0.458759	-8.09	-0.117745	779	26	enet	0.41	9.5e-18	0.064043	0.949
Ovary	/media/kame/Data/_workings/resource/GTEv8//GTExv8.EUR.Ovary/ENSG00000103168.16.wgt.RDat	ENSG00000103168.16	16	84187069	84187070	0.743	rs244797	-4.64	rs2278043	0.407662	-7.9	-1.539919	963	70	enet	0.42	8.4e-18	1.350438	0.177
Ovary	/media/kame/Data/_workings/resource/GTEv8//GTExv8.EUR.Ovary/ENSG00000140955.10.wgt.RDat	ENSG00000140955.10	16	84191137	84191138	0.3305	rs244797	-4.64	rs3759975	0.048061	4.82	0.06019	965	32	enet	-0.0022	0.41	0.303202	0.762
Ovary	/media/kame/Data/_workings/resource/GTEv8//GTExv8.EUR.Ovary/ENSG00000261286.1.wgt.RDat	ENSG00000261286.1	16	84467360	84467361	0.5146	rs2646141	7.75	rs416476	0.263123	6.68	-0.18466	890	14	enet	0.37	1e-15	-0.767898	0.443
Ovary	/media/kame/Data/_workings/resource/GTEv8//GTExv8.EUR.Ovary/ENSG00000140950.15.wgt.RDat	ENSG00000140950.15	16	84554032	84554033	0.3965	rs2646141	7.75	rs429313	0.009129	-3.84	-0.617513	859	35	enet	0.051	0.0043	-2.211744	0.027
Ovary	/media/kame/Data/_workings/resource/GTEv8//GTExv8.EUR.Ovary/ENSG00000131149.18.wgt.RDat	ENSG00000131149.18	16	85169524	85169525	0.266	rs2646141	7.75	rs774206	-0.001826	4.14	-0.602001	547	39	enet	0.023	0.04	0.275806	0.783
Ovary	/media/kame/Data/_workings/resource/GTEv8//GTExv8.EUR.Ovary/ENSG00000270020.1.wgt.RDat	ENSG00000270020.1	16	86523896	86523897	0.6564	rs5020073	-6.42	rs9935567	0.320213	6.81	0.330079	926	14	enet	0.27	2.5e-11	0.27725	0.782
Ovary	/media/kame/Data/_workings/resource/GTEv8//GTExv8.EUR.Ovary/ENSG00000226180.3.wgt.RDat	ENSG00000226180.3	16	87696146	87696147	0.3252	rs1816113	5.32	rs4417557	0.33694	6.84	0.021302	488	13	enet	0.35	1.3e-14	0.155363	0.877
Ovary	/media/kame/Data/_workings/resource/GTEv8//GTExv8.EUR.Ovary/ENSG00000261744.1.wgt.RDat	ENSG00000261744.1	16	88531052	88531053	0.4925	rs488251	-6.44	rs12935557	0.239026	-6.24	1.120016	385	17	enet	0.23	1.2e-09	-1.706182	0.088
Ovary	/media/kame/Data/_workings/resource/GTEv8//GTExv8.EUR.Ovary/ENSG00000174177.12.wgt.RDat	ENSG00000174177.12	16	88706462	88706463	0.3485	rs488251	-6.44	rs881633	0.138384	4.82	-2.063432	389	14	enet	0.12	2.5e-05	-1.721174	0.0852
Ovary	/media/kame/Data/_workings/resource/GTEv8//GTExv8.EUR.Ovary/ENSG00000180422.3.wgt.RDat	ENSG00000180422.3	16	89159145	89159146	0.4199	rs488251	-6.44	rs12599126	0.061599	-4.86	1.851303	417	46	enet	0.13	9.1e-06	-0.519947	0.603
Ovary	/media/kame/Data/_workings/resource/GTEv8//GTExv8.EUR.Ovary/ENSG00000129910.7.wgt.RDat	ENSG00000129910.7	16	89171766	89171767	0.374	rs488251	-6.44	rs11646135	0.060114	4.78	0.441212	421	23	enet	0.09	0.00021	0.553447	0.58
Ovary	/media/kame/Data/_workings/resource/GTEv8//GTExv8.EUR.Ovary/ENSG00000259803.6.wgt.RDat	ENSG00000259803.6	16	89201663	89201664	0.4658	rs12924572	-7.53	rs11646135	0.214171	5.61	0.441212	414	21	enet	0.11	3.4e-05	0.424115	0.671
Ovary	/media/kame/Data/_workings/resource/GTEv8//GTExv8.EUR.Ovary/ENSG00000274627.1.wgt.RDat	ENSG00000274627.1	16	89516796	89516797	0.5091	rs12924572	-7.53	rs2056309	0.415451	7.87	-0.961901	422	23	enet	0.38	3.1e-16	-1.920964	0.0547
Ovary	/media/kame/Data/_workings/resource/GTEv8//GTExv8.EUR.Ovary/ENSG00000185324.21.wgt.RDat	ENSG00000185324.21	16	89680736	89680737	0.497	rs12924572	-7.53	rs11538871	0.294609	-7.11	-3.657135	417	29	enet	0.42	5.8e-18	4.367082	1.26e-05
Ovary	/media/kame/Data/_workings/resource/GTEv8//GTExv8.EUR.Ovary/ENSG00000260259.1.wgt.RDat	ENSG00000260259.1	16	89686568	89686569	0.138	rs12924572	-7.53	rs459920	0.012396	3.86	-5.507632	416	7	enet	0.0039	0.22	0.04327	0.965
Ovary	/media/kame/Data/_workings/resource/GTEv8//GTExv8.EUR.Ovary/ENSG00000187741.14.wgt.RDat	ENSG00000187741.14	16	89816656	89816657	0.2904	rs12924572	-7.53	rs7195066	0.127136	4.92	1.103796	361	10	enet	0.12	1.7e-05	1.459559	0.144
Ovary	/media/kame/Data/_workings/resource/GTEv8//GTExv8.EUR.Ovary/ENSG00000204991.10.wgt.RDat	ENSG00000204991.10	16	89818178	89818179	0.3779	rs12924572	-7.53	rs7195066	0.285963	6.34	1.103796	360	16	enet	0.18	1.2e-07	0.733781	0.463
Ovary	/media/kame/Data/_workings/resource/GTEv8//GTExv8.EUR.Ovary/ENSG00000140995.16.wgt.RDat	ENSG00000140995.16	16	89947924	89947925	0.1906	rs12924572	-7.53	rs3803684	0.17666	-5.2	0.161385	298	10	enet	0.059	0.0024	0.603778	0.546
Ovary	/media/kame/Data/_workings/resource/GTEv8//GTExv8.EUR.Ovary/ENSG00000222019.7.wgt.RDat	ENSG00000222019.7	16	90047772	90047773	0.3725	rs12924572	-7.53	rs9936215	0.062457	-4.39	0.332876	257	30	enet	0.08	0.00044	1.201428	0.23
Ovary	/media/kame/Data/_workings/resource/GTEv8//GTExv8.EUR.Ovary/ENSG00000187624.8.wgt.RDat	ENSG00000187624.8	17	410326	410327	0.8753	rs11654845	4.23	rs11150882	0.667996	9.59	0.51589	326	7	enet	0.63	1.8e-31	0.48173	0.63
Ovary	/media/kame/Data/_workings/resource/GTEv8//GTExv8.EUR.Ovary/ENSG00000141252.19.wgt.RDat	ENSG00000141252.19	17	721716	721717	0.6325	rs2083811	-4.75	rs4968124	0.374196	-7.92	0.38936	444	15	enet	0.47	1.4e-20	-0.18615	0.852
Ovary	/media/kame/Data/_workings/resource/GTEv8//GTExv8.EUR.Ovary/ENSG00000167711.13.wgt.RDat	ENSG00000167711.13	17	1742835	1742836	0.4665	rs4790152	-8.1	rs7213134	0.168944	5.14	-0.09862	433	38	enet	0.18	1.5e-07	1.4295	0.153
Ovary	/media/kame/Data/_workings/resource/GTEv8//GTExv8.EUR.Ovary/ENSG00000132383.11.wgt.RDat	ENSG00000132383.11	17	1829701	1829702	0.2263	rs4790152	-8.1	rs7406953	0.162904	4.93	-0.14736	437	13	enet	0.055	0.0032	-0.38501	0.7
Ovary	/media/kame/Data/_workings/resource/GTEv8//GTExv8.EUR.Ovary/ENSG00000108958.4.wgt.RDat	ENSG00000108958.4	17	1858445	1858446	0.2084	rs4790082	-6.85	rs7503251	-0.002796	3.31	-0.03623	435	49	enet	0.0021	0.26	-1.20368	0.229
Ovary	/media/kame/Data/_workings/resource/GTEv8//GTExv8.EUR.Ovary/ENSG00000167720.12.wgt.RDat	ENSG00000167720.12	17	2303382	2303383	0.1886	rs2240730	-13	rs12450028	0.239217	-5.83	-0.19271	406	12	enet	0.17	4.3e-07	0.90761	0.364
Ovary	/media/kame/Data/_workings/resource/GTEv8//GTExv8.EUR.Ovary/ENSG00000221882.2.wgt.RDat	ENSG00000221882.2	17	3278973	3278974	0.2622	rs12943691	-7.64	rs231683	0.116364	-5.37	-0.06999	540	28	enet	0.1	7.7e-05	0.03595	0.971
Ovary	/media/kame/Data/_workings/resource/GTEv8//GTExv8.EUR.Ovary/ENSG00000280268.1.wgt.RDat	ENSG00000280268.1	17	3441843	3441844	0.3326	rs12943691	-7.64	rs7217270	-0.000323	-3.71	-3.65535	532	37	enet	-0.0065	0.74	1.5392	0.124
Ovary	/media/kame/Data/_workings/resource/GTEv8//GTExv8.EUR.Ovary/ENSG00000108381.10.wgt.RDat	ENSG00000108381.10	17	3472373	3472374	0.3125	rs12943691	-7.64	rs11868916	0.025597	4.3	0.00806	533	20	enet	0.023	0.042	0.36824	0.713
Ovary	/media/kame/Data/_workings/resource/GTEv8//GTExv8.EUR.Ovary/ENSG00000196689.11.wgt.RDat	ENSG00000196689.11	17	3597097	3597098	0.278	rs2976234	5.58	rs7215977	-0.006051	3.97	-0.66491	533	2	enet	-0.0073	0.96	-0.60391	0.546
Ovary	/media/kame/Data/_workings/resource/GTEv8//GTExv8.EUR.Ovary/ENSG00000197417.7.wgt.RDat	ENSG00000197417.7	17	3636321	3636322	0.4805	rs2976234	5.58	rs17707155	0.340551	6.94	0.00407	527	20	enet	0.36	4.5e-15	0.32857	0.742
Ovary	/media/kame/Data/_workings/resource/GTEv8//GTExv8.EUR.Ovary/ENSG00000040531.14.wgt.RDat	ENSG00000040531.14	17	3636467	3636468	0.3658	rs2976234	5.58	rs3826496	0.111404	-4.68	0.01659	527	35	enet	0.029	0.026	-0.60654	0.544
Ovary	/media/kame/Data/_workings/resource/GTEv8//GTExv8.EUR.Ovary/ENSG00000262165.2.wgt.RDat	ENSG00000262165.2	17	4807012	4807013	0.3378	rs2585278	-6.5	rs11654690	0.276593	-6.27	0.98716	436	12	enet	0.27	2.9e-11	-0.753	0.451
Ovary	/media/kame/Data/_workings/resource/GTEv8//GTExv8.EUR.Ovary/ENSG00000108515.17.wgt.RDat	ENSG00000108515.17	17	4948091	4948092	0.216	rs2585278	-6.5	rs238238	0.15809	5.04	0.00337	442	15	enet	0.13	1.1e-05	-0.02999	0.976
Ovary	/media/kame/Data/_workings/resource/GTEv8//GTExv8.EUR.Ovary/ENSG00000108509.20.wgt.RDat	ENSG00000108509.20	17	4987651	4987652	0.3339	rs2585278	-6.5	rs2243107	0.009475	-4.29	1.31822	426	28	enet	0.071	9e-04	-0.98572	0.324
Ovary	/media/kame/Data/_workings/resource/GTEv8//GTExv8.EUR.Ovary/ENSG00000234327.7.wgt.RDat	ENSG00000234327.7	17	5111467	5111468	0.346	rs2585278	-6.5	rs2585266	0.07805	4.97	0.28672	433	42	enet	0.2	3.2e-08	1.1327	0.257
Ovary	/media/kame/Data/_workings/resource/GTEv8//GTExv8.EUR.Ovary/ENSG00000129204.16.wgt.RDat	ENSG00000129204.16	17	5116437	5116438	0.3858	rs2585278	-6.5	rs2585266	0.06172	5.59	0.28672	431	38	enet	0.22	4.2e-09	1.55069	0.121
Ovary	/media/kame/Data/_workings/resource/GTEv8//GTExv8.EUR.Ovary/ENSG00000167840.13.wgt.RDat	ENSG00000167840.13	17	5123115	5123116	0.425	rs2585278	-6.5	rs2585266	0.090611	5.9	0.28672	435	24	enet	0.17	4.6e-07	0.86474	0.387
Ovary	/media/kame/Data/_workings/resource/GTEv8//GTExv8.EUR.Ovary/ENSG00000262855.1.wgt.RDat	ENSG00000262855.1	17	5127009	5127010	0.3655	rs2585278	-6.5	rs2585266	0.098983	5.2	0.28672	436	39	enet	0.21	7.6e-09	1.18471	0.236
Ovary	/media/kame/Data/_workings/resource/GTEv8//GTExv8.EUR.Ovary/ENSG00000161929.14.wgt.RDat	ENSG00000161929.14	17	5234859	5234860	0.2906	rs2585278	-6.5	rs2439945	0.050155	5.59	0.13675	468	9	enet	0.087	0.00027	-1.44416	0.149
Ovary	/media/kame/Data/_workings/resource/GTEv8//GTExv8.EUR.Ovary/ENSG00000263164.1.wgt.RDat	ENSG00000263164.1	17	5241542	5241543	0.2019	rs2585278	-6.5	rs1065483	-0.001269	3.59	-2.77355	465	37	enet	-0.001	0.36	-1.39079	0.164
Ovary	/media/kame/Data/_workings/resource/GTEv8//GTExv8.EUR.Ovary/ENSG00000198920.9.wgt.RDat	ENSG00000198920.9	17	6640756	6640757	0.2332	rs356055	-5.01	rs2165844	0.131911	-4.59	-2.04144	565	11	enet	0.038	0.013	1.74126	0.0816
Ovary	/media/kame/Data/_workings/resource/GTEv8//GTExv8.EUR.Ovary/ENSG00000261996.1.wgt.RDat	ENSG00000261996.1	17	6655008	6655009	0.2704	rs356055	-5.01	rs8078571	0.02398	3.88	1.16483	561	17	enet	0.013	0.098	0.51643	0.606
Ovary	/media/kame/Data/_workings/resource/GTEv8//GTExv8.EUR.Ovary/ENSG00000274114.2.wgt.RDat	ENSG00000274114.2	17	6657033	6657034	0.6164	rs356055	-5.01	rs218663	0.34413	7.37	1.31127	559	16	enet	0.35	9.8e-15	0.36544	0.715
Ovary	/media/kame/Data/_workings/resource/GTEv8//GTExv8.EUR.Ovary/ENSG00000132530.16.wgt.RDat	ENSG00000132530.16	17	6755447	6755448	0.3782	rs356055	-5.01	rs955461	0.126564	5.21	-2.53162	531	24	enet	0.11	5.9e-05	-1.42085	0.155
Ovary	/media/kame/Data/_workings/resource/GTEv8//GTExv8.EUR.Ovary/ENSG00000262089.1.wgt.RDat	ENSG00000262089.1	17	6995188	6995189	0.2897	rs11078677	5.02	rs2070590	0.254369	-6.14	-0.3307	483	15	enet	0.17	2.1e-07	0.34125	0.733
Ovary	/media/kame/Data/_workings/resource/GTEv8//GTExv8.EUR.Ovary/ENSG00000108839.11.wgt.RDat	ENSG00000108839.11	17	6996064	6996065	0.2042	rs11078677	5.02	rs2070590	0.080084	-4.03	-0.3307	485	7	enet	0.003	0.24	0.34795	0.728
Ovary	/media/kame/Data/_workings/resource/GTEv8//GTExv8.EUR.Ovary/ENSG00000170175.10.wgt.RDat	ENSG00000170175.10	17	7445060	7445061	0.2343	rs11078677	5.02	rs3829603	0.134832	-5.06	0.93056	472	14	enet	0.11	4.8e-05	-0.44701	0.655
Ovary	/media/kame/Data/_workings/resource/GTEv8//GTExv8.EUR.Ovary/ENSG00000129194.7.wgt.RDat	ENSG00000129194.7	17	7590169	7590170	0.2799	rs11078677	5.02	rs9916791	0.014938	-3.59	-0.1726	472	23	enet	0.016	0.077	-0.34935	0.727
Ovary	/media/kame/Data/_workings/resource/GTEv8//GTExv8.EUR.Ovary/ENSG00000141504.11.wgt.RDat	ENSG00000141504.11	17	7627875	7627876	0.3232	rs11078677	5.02	rs858520	0.222794	5.82	-0.85596	488	28	enet	0.15	1.4e-06	-0.65715	0.511
Ovary	/media/kame/Data/_workings/resource/GTEv8//GTExv8.EUR.Ovary/ENSG00000129244.8.wgt.RDat	ENSG00000129244.8	17	7646626	7646627	0.255	rs11078677	5.02	rs16957160	0.000637	3.65	-0.66412	487	52	enet	0.0072	0.16	0.2866	0.774
Ovary	/media/kame/Data/_workings/resource/GTEv8//GTExv8.EUR.Ovary/ENSG00000132510.10.wgt.RDat	ENSG00000132510.10	17	7839903	7839904	0.1666	rs11078677	5.02	rs1132554	0.036216	-3.89	-0.09573	511	21	enet	0.058	0.0025	0.21892	0.827
Ovary	/media/kame/Data/_workings/resource/GTEv8//GTExv8.EUR.Ovary/ENSG00000170043.11.wgt.RDat	ENSG00000170043.11	17	7932099	7932100	0.1693	rs8069158	3.93	rs7225505	-0.006879	3.33	-2.06504	500	34	enet	-0.0057	0.64	-1.21781	0.223
Ovary	/media/kame/Data/_workings/resource/GTEv8//GTExv8.EUR.Ovary/ENSG00000178971.13.wgt.RDat	ENSG00000178971.13	17	8248043	8248044	0.3694	rs6503137	-4.31	rs3027237	0.006233	3.5	1.60925	447	10	enet	-0.0028	0.43	2.04175	0.0412
Ovary	/media/kame/Data/_workings/resource/GTEv8//GTExv8.EUR.Ovary/ENSG00000109047.7.wgt.RDat	ENSG00000109047.7	17	9905620	9905621	0.4109	rs11870073	-5.47	rs12450747	0.140546	-5.17	0.04608	630	30	enet	0.15	2.4e-06	0.75422	0.451
Ovary	/media/kame/Data/_workings/resource/GTEv8//GTExv8.EUR.Ovary/ENSG00000109063.14.wgt.RDat	ENSG00000109063.14	17	10657308	10657309	0.3694	rs421541	-7.64	rs9894468	-0.007271	-4.21	-1.15032	517	49	enet	0.097	0.00012	0.54291	0.587
Ovary	/media/kame/Data/_workings/resource/GTEv8//GTExv8.EUR.Ovary/ENSG00000263508.5.wgt.RDat	ENSG00000263508.5	17	10849540	10849541	0.2248	rs421541	-7.64	rs9904211	0.036094	-3.81	-6.36553	477	34	enet	0.019	0.057	4.6449	3.4e-06
Ovary	/media/kame/Data/_workings/resource/GTEv8//GTExv8.EUR.Ovary/ENSG00000006740.16.wgt.RDat	ENSG00000006740.16	17	12789538	12789539	0.3043	rs237304	-7.33	rs1990220	0.14439	5.17	-1.74364	554	18	enet	0.16	5.5e-07	-1.95308	0.0508
Ovary	/media/kame/Data/_workings/resource/GTEv8//GTExv8.EUR.Ovary/ENSG00000006744.18.wgt.RDat	ENSG00000006744.18	17	13018186	13018187	0.4097	rs237304	-7.33	rs1044569	0.191862	-6.26	0.68492	565	30	enet	0.24	8e-10	-0.38682	0.699
Ovary	/media/kame/Data/_workings/resource/GTEv8//GTExv8.EUR.Ovary/ENSG00000141028.6.wgt.RDat	ENSG00000141028.6	17	14024513	14024514	0.32	rs11078240	5.77	rs10445254	0.267142	-6.3	0.11807	597	11	enet	0.22	2.7e-09	-0.1532	0.878
Ovary	/media/kame/Data/_workings/resource/GTEv8//GTExv8.EUR.Ovary/ENSG00000236088.9.wgt.RDat	ENSG00000236088.9	17	14069494	14069495	0.3236	rs11078240	5.77	rs17607653	0.026454	-4	-0.68033	584	18	enet	0.048	0.0059	2.22964	0.0258
Ovary	/media/kame/Data/_workings/resource/GTEv8//GTExv8.EUR.Ovary/ENSG00000125409.12.wgt.RDat	ENSG00000125409.12	17	15341640	15341641	0.4766	rs8067758	6.16	rs230963	0.249965	-6.32	-0.18426	472	25	enet	0.23	1.7e-09	0.07259	0.942
Ovary	/media/kame/Data/_workings/resource/GTEv8//GTExv8.EUR.Ovary/ENSG00000239704.10.wgt.RDat	ENSG00000239704.10	17	15475727	15475728	0.3502	rs8067758	6.16	rs2938158	0.189651	-6.01	0.44002	409	9	enet	0.22	3.8e-09	-0.14526	0.885
Ovary	/media/kame/Data/_workings/resource/GTEv8//GTExv8.EUR.Ovary/ENSG00000223878.1.wgt.RDat	ENSG00000223878.1	17	15506865	15506866	0.1918	rs8067758	6.16	rs12943480	0.093229	-5.03	-0.18696	398	12	enet	0.14	2.6e-06	0.10848	0.914
Ovary	/media/kame/Data/_workings/resource/GTEv8//GTExv8.EUR.Ovary/ENSG00000175106.16.wgt.RDat	ENSG00000175106.16	17	15563594	15563595	0.1583	rs8067758	6.16	rs2938158	0.042944	-3.8	0.44002	380	37	enet	0.068	0.0012	-0.91684	0.359
Ovary	/media/kame/Data/_workings/resource/GTEv8//GTExv8.EUR.Ovary/ENSG00000214946.14.wgt.RDat	ENSG00000214946.14	17	15732246	15732247	0.3463	rs1476776	-3.67	rs498213	0.184986	-5.59	1.10124	343	10	enet	0.13	6.6e-06	-1.06916	0.285
Ovary	/media/kame/Data/_workings/resource/GTEv8//GTExv8.EUR.Ovary/ENSG00000170425.3.wgt.RDat	ENSG00000170425.3	17	15944916	15944917	0.6053	rs2779195	4.23	rs1045599	0.61498	9.27	-1.12789	292	21	enet	0.54	1.2e-24	-1.07256	0.283
Ovary	/media/kame/Data/_workings/resource/GTEv8//GTExv8.EUR.Ovary/ENSG00000214941.7.wgt.RDat	ENSG00000214941.7	17	15993829	15993830	0.1449	rs16959749	-6.02	rs11870608	0.108743	-4.57	-0.75977	273	25	enet	0.075	0.00069	0.75908	0.448
Ovary	/media/kame/Data/_workings/resource/GTEv8//GTExv8.EUR.Ovary/ENSG00000166582.9.wgt.RDat	ENSG00000166582.9	17	16353498	16353499	0.1906	rs16959749	-6.02	rs566401	0.038106	-3.55	-2.50037	281	7	enet	0.022	0.046	2.18418	0.0289
Ovary	/media/kame/Data/_workings/resource/GTEv8//GTExv8.EUR.Ovary/ENSG00000170315.13.wgt.RDat	ENSG00000170315.13	17	16380797	16380798	0.1406	rs16959749	-6.02	rs178837	0.009285	-3.87	-1.13841	290	21	enet	0.013	0.099	-0.63092	0.528
Ovary	/media/kame/Data/_workings/resource/GTEv8//GTExv8.EUR.Ovary/ENSG00000187688.14.wgt.RDat	ENSG00000187688.14	17	16417561	16417562	0.3672	rs16959749	-6.02	rs3813769	0.28962	-6.45	-0.16357	305	5	enet	0.25	2.1e-10	-0.15977	0.873
Ovary	/media/kame/Data/_workings/resource/GTEv8//GTExv8.EUR.Ovary/ENSG00000154803.12.wgt.RDat	ENSG00000154803.12	17	17237181	17237182	0.576	rs9896285	7.68	rs1708618	0.358841	-7.43	4.16969	396	24	enet	0.35	8.5e-15	-3.32526	0.000883
Ovary	/media/kame/Data/_workings/resource/GTEv8//GTExv8.EUR.Ovary/ENSG00000197815.4.wgt.RDat	ENSG00000197815.4	17	17858226	17858227	0.0964	rs1242513	-8.17	rs854814	0.096649	-4.48	0.03641	410	13	enet	0.076	0.00063	0.31369	0.754
Ovary	/media/kame/Data/_workings/resource/GTEv8//GTExv8.EUR.Ovary/ENSG00000175662.17.wgt.RDat	ENSG00000175662.17	17	17972421	17972422	0.2294	rs1242513	-9.81	rs854786	0.11811	-5.06	0.36191	370	33	enet	0.13	5.7e-06	0.02075	0.983
Ovary	/media/kame/Data/_workings/resource/GTEv8//GTExv8.EUR.Ovary/ENSG00000131899.10.wgt.RDat	ENSG00000131899.10	17	18225586	18225587	0.1755	rs4925112	7.57	rs854779	0.039003	3.63	-0.5833	274	15	enet	0.038	0.013	-0.55284	0.58
Ovary	/media/kame/Data/_workings/resource/GTEv8//GTExv8.EUR.Ovary/ENSG00000176974.19.wgt.RDat	ENSG00000176974.19	17	18363562	18363563	0.4353	rs4925144	5.82	rs4925159	0.320153	6.74	0.52884	250	21	enet	0.23	1.8e-09	-0.76595	0.444
Ovary	/media/kame/Data/_workings/resource/GTEv8//GTExv8.EUR.Ovary/ENSG00000233327.10.wgt.RDat	ENSG00000233327.10	17	18523294	18523295	0.7009	rs4925144	5.82	rs584300	0.281326	6.35	2.31492	280	33	enet	0.37	2e-15	1.11324	0.266
Ovary	/media/kame/Data/_workings/resource/GTEv8//GTExv8.EUR.Ovary/ENSG00000213077.5.wgt.RDat	ENSG00000213077.5	17	18526845	18526846	0.6583	rs4925144	5.82	rs584300	0.292724	6.56	2.31492	279	37	enet	0.27	3.5e-11	1.67429	0.0941
Ovary	/media/kame/Data/_workings/resource/GTEv8//GTExv8.EUR.Ovary/ENSG00000273018.5.wgt.RDat	ENSG00000273018.5	17	18534061	18534062	0.6596	rs4925144	5.82	rs584300	0.26681	6.26	2.31492	277	34	enet	0.36	4.7e-15	1.18904	0.234
Ovary	/media/kame/Data/_workings/resource/GTEv8//GTExv8.EUR.Ovary/ENSG00000154874.15.wgt.RDat	ENSG00000154874.15	17	18625607	18625608	0.2182	rs4925144	5.82	rs9913139	0.010528	-4.15	1.47495	239	16	enet	0.033	0.018	-0.58366	0.559
Ovary	/media/kame/Data/_workings/resource/GTEv8//GTExv8.EUR.Ovary/ENSG00000108448.20.wgt.RDat	ENSG00000108448.20	17	18697997	18697998	0.2712	rs1563632	5.12	rs1969051	0.106175	-5.07	0.04506	201	21	enet	0.097	0.00012	-0.25944	0.795
Ovary	/media/kame/Data/_workings/resource/GTEv8//GTExv8.EUR.Ovary/ENSG00000171928.13.wgt.RDat	ENSG00000171928.13	17	18780994	18780995	0.3665	rs1563632	5.12	rs4123417	0.272019	-6.25	0.34884	166	25	enet	0.3	3.4e-12	-0.50958	0.61
Ovary	/media/kame/Data/_workings/resource/GTEv8//GTExv8.EUR.Ovary/ENSG00000141127.14.wgt.RDat	ENSG00000141127.14	17	18856298	18856299	0.2545	rs6846	-3.14	rs1037037	0.208035	-5.71	-0.07354	151	25	enet	0.19	3.6e-08	0.26915	0.788
Ovary	/media/kame/Data/_workings/resource/GTEv8//GTExv8.EUR.Ovary/ENSG00000279825.1.wgt.RDat	ENSG00000279825.1	17	19030856	19030857	0.1896	rs6846	-3.14	rs4924980	0.035426	3.77	-0.12452	177	37	enet	0.061	0.002	-0.12697	0.899
Ovary	/media/kame/Data/_workings/resource/GTEv8//GTExv8.EUR.Ovary/ENSG00000265185.5.wgt.RDat	ENSG00000265185.5	17	19061911	19061912	0.1671	rs6846	-3.14	rs4924967	0.075632	4.87	-0.11268	193	9	enet	0.1	7.9e-05	-0.16412	0.87
Ovary	/media/kame/Data/_workings/resource/GTEv8//GTExv8.EUR.Ovary/ENSG00000228157.4.wgt.RDat	ENSG00000228157.4	17	19092973	19092974	0.3145	rs6846	-3.14	rs16960499	0.133931	5.03	-0.47831	203	24	enet	0.16	9.3e-07	-0.8873	0.375
Ovary	/media/kame/Data/_workings/resource/GTEv8//GTExv8.EUR.Ovary/ENSG00000262319.1.wgt.RDat	ENSG00000262319.1	17	19143688	19143689	0.2903	rs6846	-3.14	rs4924967	0.206019	-5.42	-0.11268	218	11	enet	0.16	9.9e-07	0.12315	0.902
Ovary	/media/kame/Data/_workings/resource/GTEv8//GTExv8.EUR.Ovary/ENSG00000128482.15.wgt.RDat	ENSG00000128482.15	17	19411124	19411125	0.2889	rs6846	-3.14	rs4924967	0.045268	4.64	-0.11268	270	43	enet	0.16	5.8e-07	-0.82988	0.407
Ovary	/media/kame/Data/_workings/resource/GTEv8//GTExv8.EUR.Ovary/ENSG00000227078.1.wgt.RDat	ENSG00000227078.1	17	19419034	19419035	0.1321	rs6846	-3.14	rs12937053	0.029922	4.18	-0.11916	271	16	enet	0.03	0.023	0.10632	0.915
Ovary	/media/kame/Data/_workings/resource/GTEv8//GTExv8.EUR.Ovary/ENSG00000235979.8.wgt.RDat	ENSG00000235979.8	17	19492990	19492991	0.1931	rs1006553	2.99	rs4924967	0.042751	4.36	-0.11268	247	14	enet	0.12	2.5e-05	-0.26649	0.79
Ovary	/media/kame/Data/_workings/resource/GTEv8//GTExv8.EUR.Ovary/ENSG00000231625.4.wgt.RDat	ENSG00000231625.4	17	19615788	19615789	0.1603	rs1006553	2.99	rs2453594	0.176833	5.12	-1.15123	262	21	enet	0.16	5.1e-07	-1.2372	0.216
Ovary	/media/kame/Data/_workings/resource/GTEv8//GTExv8.EUR.Ovary/ENSG00000072210.18.wgt.RDat	ENSG00000072210.18	17	19648135	19648136	0.1694	rs1006553	2.99	rs4925042	0.033897	-4.21	-0.3491	269	16	enet	0.069	0.0011	0.32073	0.748
Ovary	/media/kame/Data/_workings/resource/GTEv8//GTExv8.EUR.Ovary/ENSG00000262681.2.wgt.RDat	ENSG00000262681.2	17	19719058	19719059	0.1146	rs1006553	2.99	rs2013441	0.014658	3.76	-0.03748	285	17	enet	0.022	0.045	-0.14621	0.884
Ovary	/media/kame/Data/_workings/resource/GTEv8//GTExv8.EUR.Ovary/ENSG00000154898.15.wgt.RDat	ENSG00000154898.15	17	20321163	20321164	0.2172	rs2958471	-1.74	rs16941857	0.177285	5.21	0.81701	171	10	enet	0.13	1.1e-05	0.54275	0.587
Ovary	/media/kame/Data/_workings/resource/GTEv8//GTExv8.EUR.Ovary/ENSG00000189423.11.wgt.RDat	ENSG00000189423.11	17	20415546	20415547	0.2628	rs2958471	-1.74	rs16941857	0.114845	4.16	0.81701	166	8	enet	0.098	0.00011	0.43897	0.661
Ovary	/media/kame/Data/_workings/resource/GTEv8//GTExv8.EUR.Ovary/ENSG00000230528.7.wgt.RDat	ENSG00000230528.7	17	20436336	20436337	0.2945	rs2958471	-1.74	rs1682297	0.002313	-3.17	-0.06481	169	24	enet	0.04	0.011	0.03908	0.969
Ovary	/media/kame/Data/_workings/resource/GTEv8//GTExv8.EUR.Ovary/ENSG00000266369.1.wgt.RDat	ENSG00000266369.1	17	20855945	20855946	0.2576	rs959511	-3.5	rs12602584	0.222667	5.63	0.41205	190	12	enet	0.18	9.6e-08	0.36112	0.718
Ovary	/media/kame/Data/_workings/resource/GTEv8//GTExv8.EUR.Ovary/ENSG00000205212.3.wgt.RDat	ENSG00000205212.3	17	20896139	20896140	0.3437	rs959511	-3.5	rs16962541	0.186917	5.64	0.38326	199	21	enet	0.19	4.7e-08	0.44212	0.658
Ovary	/media/kame/Data/_workings/resource/GTEv8//GTExv8.EUR.Ovary/ENSG00000007171.16.wgt.RDat	ENSG00000007171.16	17	27800498	27800499	0.4445	rs3182380	4.02	rs3751972	0.29908	6.59	-0.4248	298	17	enet	0.25	1.6e-10	-0.62296	0.533
Ovary	/media/kame/Data/_workings/resource/GTEv8//GTExv8.EUR.Ovary/ENSG00000232859.9.wgt.RDat	ENSG00000232859.9	17	27893382	27893383	0.1826	rs3182380	4.02	rs4796222	0.13492	-4.8	-0.30056	306	10	enet	0.11	6.2e-05	0.24494	0.807
Ovary	/media/kame/Data/_workings/resource/GTEv8//GTExv8.EUR.Ovary/ENSG00000167525.13.wgt.RDat	ENSG00000167525.13	17	28711853	28711854	0.3716	rs11080075	-7.85	rs550816	0.206409	-5.93	2.47269	306	25	enet	0.25	3.3e-10	-0.07492	0.94
Ovary	/media/kame/Data/_workings/resource/GTEv8//GTExv8.EUR.Ovary/ENSG00000126653.17.wgt.RDat	ENSG00000126653.17	17	30115520	30115521	0.098	rs4794873	3.83	rs3110095	-0.005789	-3.57	-0.36462	326	1	enet	-0.0072	0.9	0.36462	0.715
Ovary	/media/kame/Data/_workings/resource/GTEv8//GTExv8.EUR.Ovary/ENSG00000264943.1.wgt.RDat	ENSG00000264943.1	17	30624412	30624413	0.1649	rs4794873	3.83	rs7209032	-0.003743	4.1	1.7307	293	7	enet	0.03	0.023	2.42766	0.0152
Ovary	/media/kame/Data/_workings/resource/GTEv8//GTExv8.EUR.Ovary/ENSG00000250462.8.wgt.RDat	ENSG00000250462.8	17	30629679	30629680	0.1518	rs4794873	3.83	rs216412	0.099809	4.24	2.76326	294	25	enet	0.071	9e-04	1.52825	0.126
Ovary	/media/kame/Data/_workings/resource/GTEv8//GTExv8.EUR.Ovary/ENSG00000264538.6.wgt.RDat	ENSG00000264538.6	17	30709298	30709299	0.5262	rs4794873	3.83	rs11652631	0.388061	-7.73	3.18239	289	17	enet	0.36	3.7e-15	-3.23679	0.00121
Ovary	/media/kame/Data/_workings/resource/GTEv8//GTExv8.EUR.Ovary/ENSG00000280069.1.wgt.RDat	ENSG00000280069.1	17	30738181	30738182	0.1515	rs4794873	3.83	rs8078182	0.002297	-3.62	2.88502	284	19	enet	0.017	0.066	-1.94985	0.0512
Ovary	/media/kame/Data/_workings/resource/GTEv8//GTExv8.EUR.Ovary/ENSG00000276250.1.wgt.RDat	ENSG00000276250.1	17	30803653	30803654	0.1373	rs11080149	-4.55	rs8078182	0.097065	-4.88	2.88502	272	22	enet	0.049	0.0054	-3.25426	0.00114
Ovary	/media/kame/Data/_workings/resource/GTEv8//GTExv8.EUR.Ovary/ENSG00000176390.11.wgt.RDat	ENSG00000176390.11	17	30824775	30824776	0.3897	rs11080149	-4.55	rs11867457	0.192076	5.26	0.19893	278	24	enet	0.17	2.7e-07	-2.01377	0.044
Ovary	/media/kame/Data/_workings/resource/GTEv8//GTExv8.EUR.Ovary/ENSG00000263531.1.wgt.RDat	ENSG00000263531.1	17	30864939	30864940	0.1231	rs11080149	-4.55	rs11652631	0.045192	3.74	3.18239	276	17	enet	0.037	0.014	3.12151	0.0018
Ovary	/media/kame/Data/_workings/resource/GTEv8//GTExv8.EUR.Ovary/ENSG00000185158.12.wgt.RDat	ENSG00000185158.12	17	32007871	32007872	0.2574	rs3744618	-4.23	rs770497	0.04196	4.13	-2.25097	295	22	enet	0.033	0.018	-2.32417	0.0201
Ovary	/media/kame/Data/_workings/resource/GTEv8//GTExv8.EUR.Ovary/ENSG00000141314.12.wgt.RDat	ENSG00000141314.12	17	32266175	32266176	0.2407	rs2052413	7.14	rs9902253	0.122407	-4.58	-0.34655	270	16	enet	0.065	0.0015	-0.41545	0.678
Ovary	/media/kame/Data/_workings/resource/GTEv8//GTExv8.EUR.Ovary/ENSG00000266385.1.wgt.RDat	ENSG00000266385.1	17	32411216	32411217	0.2711	rs2052413	7.14	rs4287613	0.005827	3.72	-0.02169	249	9	enet	0.021	0.048	-0.64336	0.52
Ovary	/media/kame/Data/_workings/resource/GTEv8//GTExv8.EUR.Ovary/ENSG00000132141.13.wgt.RDat	ENSG00000132141.13	17	34961508	34961509	0.2535	rs1029742	-5.56	rs3135998	0.09162	4.26	-0.5855	492	24	enet	0.028	0.027	-0.04046	0.968
Ovary	/media/kame/Data/_workings/resource/GTEv8//GTExv8.EUR.Ovary/ENSG00000005156.11.wgt.RDat	ENSG00000005156.11	17	34980493	34980494	0.2714	rs1029742	-5.56	rs10853174	0.14199	-4.94	-0.01233	489	28	enet	0.046	0.0064	-0.31069	0.756
Ovary	/media/kame/Data/_workings/resource/GTEv8//GTExv8.EUR.Ovary/ENSG00000166750.9.wgt.RDat	ENSG00000166750.9	17	35243035	35243036	0.2303	rs7212155	-3.35	rs883416	0.111853	4.93	-0.24593	376	12	enet	0.12	2.7e-05	-0.62409	0.533
Ovary	/media/kame/Data/_workings/resource/GTEv8//GTExv8.EUR.Ovary/ENSG00000205045.8.wgt.RDat	ENSG00000205045.8	17	35537860	35537861	0.2644	rs7212155	-3.35	rs34814294	0.052147	4.06	0.49459	404	31	enet	0.073	0.00079	0.21103	0.833
Ovary	/media/kame/Data/_workings/resource/GTEv8//GTExv8.EUR.Ovary/ENSG00000263874.2.wgt.RDat	ENSG00000263874.2	17	38925167	38925168	0.4025	rs649997	-13.1	rs573556	0.381369	-7.41	-2.31078	356	4	enet	0.35	1.6e-14	2.39685	0.0165
Ovary	/media/kame/Data/_workings/resource/GTEv8//GTExv8.EUR.Ovary/ENSG00000263818.5.wgt.RDat	ENSG00000263818.5	17	39057018	39057019	0.2737	rs649997	-13.1	rs600158	0.006546	3.96	-0.0374	358	11	enet	0.074	0.00074	1.61978	0.105
Ovary	/media/kame/Data/_workings/resource/GTEv8//GTExv8.EUR.Ovary/ENSG00000073605.18.wgt.RDat	ENSG00000073605.18	17	39918649	39918650	0.2367	rs3213762	5.1	rs876493	0.01863	3.83	-0.48929	291	43	enet	0.096	0.00013	0.25098	0.802
Ovary	/media/kame/Data/_workings/resource/GTEv8//GTExv8.EUR.Ovary/ENSG00000172057.9.wgt.RDat	ENSG00000172057.9	17	39927600	39927601	0.1443	rs3213762	5.1	rs876493	0.160671	4.86	-0.7301	293	27	enet	0.13	1.2e-05	0.87957	0.379
Ovary	/media/kame/Data/_workings/resource/GTEv8//GTExv8.EUR.Ovary/ENSG00000264968.1.wgt.RDat	ENSG00000264968.1	17	39927741	39927742	0.1809	rs3213762	5.1	rs4795402	0.073816	4.41	-0.41611	293	9	enet	0.055	0.0033	-0.19684	0.844
Ovary	/media/kame/Data/_workings/resource/GTEv8//GTExv8.EUR.Ovary/ENSG00000008838.19.wgt.RDat	ENSG00000008838.19	17	40061214	40061215	0.3367	rs11078945	-5.58	rs3935280	0.203952	-5.79	3.57388	303	21	enet	0.16	7.2e-07	-2.85753	0.00427
Ovary	/media/kame/Data/_workings/resource/GTEv8//GTExv8.EUR.Ovary/ENSG00000167920.8.wgt.RDat	ENSG00000167920.8	17	40819161	40819162	0.2873	rs11078945	-5.58	rs757272	0.172501	5.09	0.26251	418	31	enet	0.16	6e-07	0.21046	0.833
Ovary	/media/kame/Data/_workings/resource/GTEv8//GTExv8.EUR.Ovary/ENSG00000187242.4.wgt.RDat	ENSG00000187242.4	17	40867209	40867210	0.3752	rs11078945	-5.58	rs2469832	0.135674	5.45	0.25634	421	26	enet	0.074	0.00074	-0.22685	0.821
Ovary	/media/kame/Data/_workings/resource/GTEv8//GTExv8.EUR.Ovary/ENSG00000108759.3.wgt.RDat	ENSG00000108759.3	17	41467428	41467429	0.3462	rs7222250	4.44	rs2071565	0.363479	7.2	-0.06481	447	27	enet	0.31	1.1e-12	-0.08581	0.932
Ovary	/media/kame/Data/_workings/resource/GTEv8//GTExv8.EUR.Ovary/ENSG00000141698.16.wgt.RDat	ENSG00000141698.16	17	41836262	41836263	0.3821	rs7222250	4.44	rs8073219	0.345418	6.96	-0.56766	408	19	enet	0.32	4.7e-13	-0.46702	0.64
Ovary	/media/kame/Data/_workings/resource/GTEv8//GTExv8.EUR.Ovary/ENSG00000108771.12.wgt.RDat	ENSG00000108771.12	17	42112732	42112733	0.337	rs12453256	-7.5	rs11079033	0.262395	-6.27	0.09188	316	4	enet	0.23	1.1e-09	-0.02536	0.98
Ovary	/media/kame/Data/_workings/resource/GTEv8//GTExv8.EUR.Ovary/ENSG00000037042.8.wgt.RDat	ENSG00000037042.8	17	42659304	42659305	0.1041	rs12453256	-6.32	rs4792953	0.025895	4.02	-0.69001	257	8	enet	-0.0041	0.51	-1.12544	0.26
Ovary	/media/kame/Data/_workings/resource/GTEv8//GTExv8.EUR.Ovary/ENSG00000267765.1.wgt.RDat	ENSG00000267765.1	17	42683541	42683542	0.1258	rs2134808	-6.31	rs11654121	0.024223	3.58	-1.17809	265	15	enet	0.027	0.03	-0.77175	0.44
Ovary	/media/kame/Data/_workings/resource/GTEv8//GTExv8.EUR.Ovary/ENSG00000198496.10.wgt.RDat	ENSG00000198496.10	17	43125609	43125610	0.449	rs2134808	-6.31	rs4793189	0.502914	-8.73	1.11338	242	38	enet	0.53	3.1e-24	-0.79603	0.426
Ovary	/media/kame/Data/_workings/resource/GTEv8//GTExv8.EUR.Ovary/ENSG00000267681.1.wgt.RDat	ENSG00000267681.1	17	43145113	43145114	0.1892	rs3760384	-5.38	rs4793197	0.111465	-4.75	0.43987	252	25	enet	0.066	0.0014	-0.63435	0.526
Ovary	/media/kame/Data/_workings/resource/GTEv8//GTExv8.EUR.Ovary/ENSG00000188554.13.wgt.RDat	ENSG00000188554.13	17	43171201	43171202	0.1016	rs3760384	-5.38	rs8067269	0.017197	-3.48	0.73568	253	7	enet	0.0023	0.25	-1.06184	0.288
Ovary	/media/kame/Data/_workings/resource/GTEv8//GTExv8.EUR.Ovary/ENSG00000184988.8.wgt.RDat	ENSG00000184988.8	17	43211834	43211835	0.0991	rs9891712	-3.6	rs4520874	0.084664	-4.46	0.75579	262	20	enet	0.039	0.011	-0.77094	0.441
Ovary	/media/kame/Data/_workings/resource/GTEv8//GTExv8.EUR.Ovary/ENSG00000236383.8.wgt.RDat	ENSG00000236383.8	17	43305396	43305397	0.148	rs9891712	-3.6	rs4520874	0.074186	-4.65	0.75579	294	22	enet	0.057	0.0027	-0.6383	0.523
Ovary	/media/kame/Data/_workings/resource/GTEv8//GTExv8.EUR.Ovary/ENSG00000279602.1.wgt.RDat	ENSG00000279602.1	17	43361360	43361361	0.5236	rs9891712	-3.6	rs3737559	0.007404	-4.59	0.3345	300	17	enet	0.17	3.6e-07	0.52643	0.599
Ovary	/media/kame/Data/_workings/resource/GTEv8//GTExv8.EUR.Ovary/ENSG00000267440.1.wgt.RDat	ENSG00000267440.1	17	43680272	43680273	0.2077	rs9891712	-3.6	rs565043	0.089852	-3.88	0.27402	319	9	enet	0.02	0.052	0.13835	0.89
Ovary	/media/kame/Data/_workings/resource/GTEv8//GTExv8.EUR.Ovary/ENSG00000267080.5.wgt.RDat	ENSG00000267080.5	17	44186716	44186717	0.1791	rs8069752	-2.29	rs3180912	0.104979	-4.7	1.39457	351	12	enet	0.086	0.00029	-0.93487	0.35
Ovary	/media/kame/Data/_workings/resource/GTEv8//GTExv8.EUR.Ovary/ENSG00000013306.15.wgt.RDat	ENSG00000013306.15	17	44324869	44324870	0.4384	rs3744477	2.42	rs4793092	0.214998	-6.13	0.04384	340	10	enet	0.21	1.3e-08	-0.15313	0.878
Ovary	/media/kame/Data/_workings/resource/GTEv8//GTExv8.EUR.Ovary/ENSG00000030582.17.wgt.RDat	ENSG00000030582.17	17	44345085	44345086	0.2238	rs3744477	2.42	rs708382	0.018826	-3.87	-2.11455	342	11	enet	0.012	0.1	0.82442	0.41
Ovary	/media/kame/Data/_workings/resource/GTEv8//GTExv8.EUR.Ovary/ENSG00000180340.6.wgt.RDat	ENSG00000180340.6	17	44557458	44557459	0.219	rs9898793	-5.99	rs12150466	0.017576	-3.79	0.51846	374	23	enet	0.05	0.0048	-1.2904	0.197
Ovary	/media/kame/Data/_workings/resource/GTEv8//GTExv8.EUR.Ovary/ENSG00000161692.17.wgt.RDat	ENSG00000161692.17	17	44708607	44708608	0.511	rs7217321	-8.12	rs16970944	0.383003	-7.54	0.83439	388	19	enet	0.37	1.4e-15	-0.92382	0.356
Ovary	/media/kame/Data/_workings/resource/GTEv8//GTExv8.EUR.Ovary/ENSG00000136448.11.wgt.RDat	ENSG00000136448.11	17	45051661	45051662	0.1891	rs7217321	-8.12	rs1053733	0.072617	4.3	-4.42352	328	19	enet	0.061	0.0021	-1.42364	0.155
Ovary	/media/kame/Data/_workings/resource/GTEv8//GTExv8.EUR.Ovary/ENSG00000172992.11.wgt.RDat	ENSG00000172992.11	17	45061108	45061109	0.2881	rs7217321	-8.12	rs9898793	0.057485	-4.56	-5.99099	323	19	enet	0.033	0.018	6.04294	1.51e-09
Ovary	/media/kame/Data/_workings/resource/GTEv8//GTExv8.EUR.Ovary/ENSG00000181513.14.wgt.RDat	ENSG00000181513.14	17	45132599	45132600	0.3107	rs7217321	-8.12	rs4986169	0.053644	5.27	0.78098	282	26	enet	0.19	7.5e-08	0.1454	0.884
Ovary	/media/kame/Data/_workings/resource/GTEv8//GTExv8.EUR.Ovary/ENSG00000262500.1.wgt.RDat	ENSG00000262500.1	17	46243605	46243606	0.3116	rs199456	-23.99	rs169201	0.437918	8.09	-23.76528	58	20	enet	0.42	4e-18	-20.71912	2.33e-95
Ovary	/media/kame/Data/_workings/resource/GTEv8//GTExv8.EUR.Ovary/ENSG00000262539.1.wgt.RDat	ENSG00000262539.1	17	46260605	46260606	0.3679	rs199456	-23.99	rs169201	0.572072	8.87	-23.76528	65	31	enet	0.54	1.2e-24	-20.17344	1.68e-90
Ovary	/media/kame/Data/_workings/resource/GTEv8//GTExv8.EUR.Ovary/ENSG00000261575.2.wgt.RDat	ENSG00000261575.2	17	46267036	46267037	0.2089	rs199456	-23.99	rs17689471	0.25563	6.09	-15.59384	65	14	enet	0.21	9.3e-09	-15.68338	1.97e-55
Ovary	/media/kame/Data/_workings/resource/GTEv8//GTExv8.EUR.Ovary/ENSG00000260075.1.wgt.RDat	ENSG00000260075.1	17	46372854	46372855	0.7661	rs199456	-23.99	rs17698176	0.400897	7.5	-0.40279	64	20	enet	0.46	3.5e-20	-2.40305	0.0163
Ovary	/media/kame/Data/_workings/resource/GTEv8//GTExv8.EUR.Ovary/ENSG00000238083.7.wgt.RDat	ENSG00000238083.7	17	46511510	46511511	0.4252	rs199456	-23.99	rs169201	0.441164	7.79	-23.76528	129	23	enet	0.42	4.3e-18	-20.54046	9.37e-94
Ovary	/media/kame/Data/_workings/resource/GTEv8//GTExv8.EUR.Ovary/ENSG00000232300.1.wgt.RDat	ENSG00000232300.1	17	46562794	46562795	0.2812	rs199456	-23.99	rs169201	0.127649	4.33	-23.76528	129	26	enet	0.072	0.00086	-15.81062	2.63e-56
Ovary	/media/kame/Data/_workings/resource/GTEv8//GTExv8.EUR.Ovary/ENSG00000185829.17.wgt.RDat	ENSG00000185829.17	17	46579681	46579682	0.4192	rs199456	-23.99	rs169201	0.24198	5.96	-23.76528	136	30	enet	0.28	1.7e-11	-13.48392	1.94e-41
Ovary	/media/kame/Data/_workings/resource/GTEv8//GTExv8.EUR.Ovary/ENSG00000262879.5.wgt.RDat	ENSG00000262879.5	17	47100322	47100323	0.1949	rs199456	-23.99	rs2316758	0.036121	4.13	0.35481	294	11	enet	0.054	0.0036	0.32283	0.747
Ovary	/media/kame/Data/_workings/resource/GTEv8//GTExv8.EUR.Ovary/ENSG00000178852.15.wgt.RDat	ENSG00000178852.15	17	47323289	47323290	0.7109	rs34134208	4.67	rs7225700	0.274508	-6.52	0.32693	339	67	enet	0.45	1e-19	-0.15776	0.875
Ovary	/media/kame/Data/_workings/resource/GTEv8//GTExv8.EUR.Ovary/ENSG00000198933.9.wgt.RDat	ENSG00000198933.9	17	47694080	47694081	0.2624	rs16948835	4.67	rs4439799	0.186134	-6.04	-0.70912	408	19	enet	0.23	1.1e-09	0.30602	0.76
Ovary	/media/kame/Data/_workings/resource/GTEv8//GTExv8.EUR.Ovary/ENSG00000141295.13.wgt.RDat	ENSG00000141295.13	17	47841332	47841333	0.2909	rs16948835	4.67	rs9904503	0.178961	-5.1	0.14333	383	18	enet	0.13	7.1e-06	0.2143	0.83
Ovary	/media/kame/Data/_workings/resource/GTEv8//GTExv8.EUR.Ovary/ENSG00000264920.1.wgt.RDat	ENSG00000264920.1	17	47895811	47895812	0.1454	rs16948835	4.67	rs7207225	0.013726	4.12	1.35085	376	33	enet	0.0072	0.16	0.59169	0.554
Ovary	/media/kame/Data/_workings/resource/GTEv8//GTExv8.EUR.Ovary/ENSG00000278765.1.wgt.RDat	ENSG00000278765.1	17	48067292	48067293	0.1554	rs16948835	4.67	rs1468270	0.14926	4.64	-0.03251	421	18	enet	0.1	7.3e-05	0.05548	0.956
Ovary	/media/kame/Data/_workings/resource/GTEv8//GTExv8.EUR.Ovary/ENSG00000002919.14.wgt.RDat	ENSG00000002919.14	17	48103356	48103357	0.2727	rs16948835	4.67	rs1468270	0.168631	-5.11	-0.03251	442	35	enet	0.09	0.00021	-0.26296	0.793
Ovary	/media/kame/Data/_workings/resource/GTEv8//GTExv8.EUR.Ovary/ENSG00000204584.1.wgt.RDat	ENSG00000204584.1	17	49845909	49845910	0.4046	rs7221964	-3.52	rs16948388	0.254462	6.46	0.43958	421	9	enet	0.22	4.2e-09	-0.20547	0.837
Ovary	/media/kame/Data/_workings/resource/GTEv8//GTExv8.EUR.Ovary/ENSG00000136457.9.wgt.RDat	ENSG00000136457.9	17	50468965	50468966	0.2274	rs764888	5.12	rs4794152	0.031051	4.41	-0.06158	474	10	enet	0.028	0.027	-0.41336	0.679
Ovary	/media/kame/Data/_workings/resource/GTEv8//GTExv8.EUR.Ovary/ENSG00000049283.17.wgt.RDat	ENSG00000049283.17	17	50532542	50532543	0.2442	rs764888	5.12	rs3785915	0.006504	4.19	2.04467	462	33	enet	0.0013	0.28	1.60875	0.108
Ovary	/media/kame/Data/_workings/resource/GTEv8//GTExv8.EUR.Ovary/ENSG00000006282.20.wgt.RDat	ENSG00000006282.20	17	50546305	50546306	0.5819	rs764888	5.12	rs989128	0.385596	-7.59	0.19899	455	5	enet	0.38	3.3e-16	-0.55696	0.578
Ovary	/media/kame/Data/_workings/resource/GTEv8//GTExv8.EUR.Ovary/ENSG00000239672.7.wgt.RDat	ENSG00000239672.7	17	51153535	51153536	0.3708	rs764888	5.12	rs16949649	0.347302	7.03	-0.19996	418	11	enet	0.3	1.7e-12	0.02986	0.976
Ovary	/media/kame/Data/_workings/resource/GTEv8//GTExv8.EUR.Ovary/ENSG00000243678.11.wgt.RDat	ENSG00000243678.11	17	51165434	51165435	0.3756	rs764888	5.12	rs16949649	0.161518	-5.57	-0.19996	430	30	enet	0.24	5.8e-10	-0.3173	0.751
Ovary	/media/kame/Data/_workings/resource/GTEv8//GTExv8.EUR.Ovary/ENSG00000154975.13.wgt.RDat	ENSG00000154975.13	17	52160016	52160017	0.3596	rs7219039	-7.07	rs202120	0.271239	6.31	-1.8769	460	25	enet	0.23	1.7e-09	-1.4754	0.14
Ovary	/media/kame/Data/_workings/resource/GTEv8//GTExv8.EUR.Ovary/ENSG00000236319.2.wgt.RDat	ENSG00000236319.2	17	55561576	55561577	0.1501	rs4239192	-4.52	rs1396215	0.038821	4.21	-1.06119	513	16	enet	-0.0024	0.41	-0.27504	0.783
Ovary	/media/kame/Data/_workings/resource/GTEv8//GTExv8.EUR.Ovary/ENSG00000121064.12.wgt.RDat	ENSG00000121064.12	17	56978104	56978105	0.4609	rs792379	-5.46	rs2016648	0.001414	-3.84	0.00446	499	55	enet	-0.0059	0.66	-0.15075	0.88
Ovary	/media/kame/Data/_workings/resource/GTEv8//GTExv8.EUR.Ovary/ENSG00000121101.15.wgt.RDat	ENSG00000121101.15	17	58692054	58692055	0.2941	rs2687065	5.38	rs2013182	0.240727	6.11	0.78795	302	18	enet	0.25	2.4e-10	0.56799	0.57
Ovary	/media/kame/Data/_workings/resource/GTEv8//GTExv8.EUR.Ovary/ENSG00000175175.5.wgt.RDat	ENSG00000175175.5	17	58755868	58755869	0.0802	rs2687065	5.38	rs2877926	0.012607	-3.4	0.71293	293	15	enet	-0.0032	0.45	-0.33523	0.737
Ovary	/media/kame/Data/_workings/resource/GTEv8//GTExv8.EUR.Ovary/ENSG00000267302.5.wgt.RDat	ENSG00000267302.5	17	59964831	59964832	0.3566	rs1557814	6.72	rs7210832	0.179095	5.23	2.74381	242	12	enet	0.14	4.6e-06	3.6158	0.000299
Ovary	/media/kame/Data/_workings/resource/GTEv8//GTExv8.EUR.Ovary/ENSG00000187013.4.wgt.RDat	ENSG00000187013.4	17	61411750	61411751	0.1357	rs1990292	-4.9	rs12453935	-0.007325	-3.05	0.64745	315	16	enet	-0.0055	0.62	-0.39436	0.693
Ovary	/media/kame/Data/_workings/resource/GTEv8//GTExv8.EUR.Ovary/ENSG00000136492.8.wgt.RDat	ENSG00000136492.8	17	61863520	61863521	0.2025	rs1990292	-4.9	rs717961	0.078913	-4.45	-0.84356	317	21	enet	0.11	5.1e-05	0.08446	0.933
Ovary	/media/kame/Data/_workings/resource/GTEv8//GTExv8.EUR.Ovary/ENSG00000263883.1.wgt.RDat	ENSG00000263883.1	17	63636600	63636601	0.2222	rs3181027	4.37	rs7210095	0.110777	4.85	-0.12801	281	11	enet	0.079	0.00049	-0.22072	0.825
Ovary	/media/kame/Data/_workings/resource/GTEv8//GTExv8.EUR.Ovary/ENSG00000279369.1.wgt.RDat	ENSG00000279369.1	17	63700846	63700847	0.1588	rs3181027	4.4	rs1051684	0.056575	3.96	-1.72501	303	13	enet	0.048	0.0057	-0.41996	0.675
Ovary	/media/kame/Data/_workings/resource/GTEv8//GTExv8.EUR.Ovary/ENSG00000087191.12.wgt.RDat	ENSG00000087191.12	17	63827671	63827672	0.1432	rs3181027	4.26	rs1043127	0.118844	-4.5	-1.69263	328	43	enet	0.072	0.00084	1.95608	0.0505
Ovary	/media/kame/Data/_workings/resource/GTEv8//GTExv8.EUR.Ovary/ENSG00000108592.16.wgt.RDat	ENSG00000108592.16	17	63830011	63830012	0.4105	rs3181027	4.26	rs4968661	0.530799	-8.63	-2.13724	330	49	enet	0.5	1.5e-22	1.9279	0.0539
Ovary	/media/kame/Data/_workings/resource/GTEv8//GTExv8.EUR.Ovary/ENSG00000279573.1.wgt.RDat	ENSG00000279573.1	17	67955313	67955314	0.2679	rs35191309	-5.34	rs11079701	-0.007273	-3.32	-0.00714	329	16	enet	0.011	0.11	-0.15255	0.879
Ovary	/media/kame/Data/_workings/resource/GTEv8//GTExv8.EUR.Ovary/ENSG00000278730.1.wgt.RDat	ENSG00000278730.1	17	68127329	68127330	0.2437	rs35191309	-5.34	rs11079701	-0.003463	3.56	-0.00714	319	21	enet	0.018	0.064	2.08237	0.0373
Ovary	/media/kame/Data/_workings/resource/GTEv8//GTExv8.EUR.Ovary/ENSG00000277476.1.wgt.RDat	ENSG00000277476.1	17	68133200	68133201	0.2235	rs35191309	-5.34	rs9891146	0.131292	5.02	2.28321	321	26	enet	0.12	1.5e-05	1.01986	0.308
Ovary	/media/kame/Data/_workings/resource/GTEv8//GTExv8.EUR.Ovary/ENSG00000278740.1.wgt.RDat	ENSG00000278740.1	17	68188546	68188547	0.4113	rs35191309	-5.34	rs7210299	0.294888	6.52	-3.5839	339	21	enet	0.32	4.8e-13	-1.66019	0.0969
Ovary	/media/kame/Data/_workings/resource/GTEv8//GTExv8.EUR.Ovary/ENSG00000267731.1.wgt.RDat	ENSG00000267731.1	17	68189883	68189884	0.3444	rs35191309	-5.34	rs7210299	0.189446	5.21	-3.5839	340	23	enet	0.11	3e-05	-2.33412	0.0196
Ovary	/media/kame/Data/_workings/resource/GTEv8//GTExv8.EUR.Ovary/ENSG00000267659.5.wgt.RDat	ENSG00000267659.5	17	68591795	68591796	0.3393	rs35191309	-5.34	rs4968932	0.051235	4.94	0.07698	460	10	enet	0.045	0.0073	-0.3667	0.714
Ovary	/media/kame/Data/_workings/resource/GTEv8//GTExv8.EUR.Ovary/ENSG00000154262.12.wgt.RDat	ENSG00000154262.12	17	69141887	69141888	0.1996	rs2053585	-2.44	rs4141177	0.00488	-3.44	0.68697	459	32	enet	-0.0038	0.49	-1.28278	0.2
Ovary	/media/kame/Data/_workings/resource/GTEv8//GTExv8.EUR.Ovary/ENSG00000237560.5.wgt.RDat	ENSG00000237560.5	17	69961706	69961707	0.57	rs1978147	-3.86	rs180061	0.472321	-8.13	0.647	411	11	enet	0.42	4.5e-18	-0.76754	0.443
Ovary	/media/kame/Data/_workings/resource/GTEv8//GTExv8.EUR.Ovary/ENSG00000170190.15.wgt.RDat	ENSG00000170190.15	17	75087726	75087727	0.1654	rs8074291	-4.31	rs1671022	0.007843	3.23	0.21537	397	48	enet	-0.0071	0.84	0.44877	0.654
Ovary	/media/kame/Data/_workings/resource/GTEv8//GTExv8.EUR.Ovary/ENSG00000125450.10.wgt.RDat	ENSG00000125450.10	17	75205658	75205659	0.2961	rs8074291	-4.31	rs11657106	0.360564	7.28	0.38063	374	6	enet	0.33	6.4e-14	0.18588	0.853
Ovary	/media/kame/Data/_workings/resource/GTEv8//GTExv8.EUR.Ovary/ENSG00000125445.10.wgt.RDat	ENSG00000125445.10	17	75261804	75261805	0.1798	rs8074291	-4.31	rs9909306	0.051794	-4.43	0.65363	372	17	enet	0.06	0.0022	0.21657	0.829
Ovary	/media/kame/Data/_workings/resource/GTEv8//GTExv8.EUR.Ovary/ENSG00000141569.10.wgt.RDat	ENSG00000141569.10	17	75897002	75897003	0.416	rs881564	6.01	rs7370	0.116929	5.07	0.06598	388	27	enet	0.15	2.4e-06	-1.04391	0.297
Ovary	/media/kame/Data/_workings/resource/GTEv8//GTExv8.EUR.Ovary/ENSG00000188878.19.wgt.RDat	ENSG00000188878.19	17	75941055	75941056	0.3343	rs881564	6.01	rs1135889	0.232087	5.82	-0.07993	400	6	enet	0.15	1.8e-06	0.03565	0.972
Ovary	/media/kame/Data/_workings/resource/GTEv8//GTExv8.EUR.Ovary/ENSG00000257949.6.wgt.RDat	ENSG00000257949.6	17	75979363	75979364	0.5153	rs881564	6.01	rs2069528	0.288365	-6.45	-0.00183	406	17	enet	0.31	5.5e-13	-0.36571	0.715
Ovary	/media/kame/Data/_workings/resource/GTEv8//GTExv8.EUR.Ovary/ENSG00000250506.7.wgt.RDat	ENSG00000250506.7	17	76000905	76000906	0.7105	rs881564	6.01	rs2069528	0.292566	-6.47	-0.00183	404	50	enet	0.32	3.3e-13	0.1158	0.908
Ovary	/media/kame/Data/_workings/resource/GTEv8//GTExv8.EUR.Ovary/ENSG00000182534.13.wgt.RDat	ENSG00000182534.13	17	76711015	76711016	0.2911	rs2240769	-4.4	rs4788942	0.037829	4.26	0.09589	523	31	enet	0.015	0.083	-0.36262	0.717
Ovary	/media/kame/Data/_workings/resource/GTEv8//GTExv8.EUR.Ovary/ENSG00000267065.2.wgt.RDat	ENSG00000267065.2	17	76799043	76799044	0.3107	rs2240769	-4.4	rs1507072	0.238543	5.83	-0.15678	522	26	enet	0.28	1.7e-11	-0.40376	0.686
Ovary	/media/kame/Data/_workings/resource/GTEv8//GTExv8.EUR.Ovary/ENSG00000167280.16.wgt.RDat	ENSG00000167280.16	17	79074938	79074939	0.3042	rs4789933	3.96	rs4789911	0.149501	-5.17	-0.05721	582	31	enet	0.2	3.3e-08	0.26405	0.792
Ovary	/media/kame/Data/_workings/resource/GTEv8//GTExv8.EUR.Ovary/ENSG00000141519.14.wgt.RDat	ENSG00000141519.14	17	80036631	80036632	0.6419	rs2650254	4.77	rs3764438	0.365452	7.71	-0.05893	399	33	enet	0.41	2.9e-17	0.24979	0.803
Ovary	/media/kame/Data/_workings/resource/GTEv8//GTExv8.EUR.Ovary/ENSG00000171298.12.wgt.RDat	ENSG00000171298.12	17	80101555	80101556	0.5593	rs2650254	4.77	rs12450199	0.36397	-7.18	0.07434	432	31	enet	0.38	5.2e-16	-0.28096	0.779
Ovary	/media/kame/Data/_workings/resource/GTEv8//GTExv8.EUR.Ovary/ENSG00000279259.1.wgt.RDat	ENSG00000279259.1	17	80147249	80147250	0.3192	rs2650254	4.77	rs7211079	0.068834	5.14	-0.29976	461	25	enet	0.08	0.00046	0.34137	0.733
Ovary	/media/kame/Data/_workings/resource/GTEv8//GTExv8.EUR.Ovary/ENSG00000141527.16.wgt.RDat	ENSG00000141527.16	17	80169991	80169992	0.3538	rs2650254	4.77	rs7207000	0.21988	5.92	0.10853	468	18	enet	0.22	3.3e-09	2.75567	0.00586
Ovary	/media/kame/Data/_workings/resource/GTEv8//GTExv8.EUR.Ovary/ENSG00000262580.5.wgt.RDat	ENSG00000262580.5	17	80205948	80205949	0.611	rs2650254	4.77	rs7503034	0.449528	7.91	0.91737	480	24	enet	0.5	3.1e-22	2.06589	0.0388
Ovary	/media/kame/Data/_workings/resource/GTEv8//GTExv8.EUR.Ovary/ENSG00000173818.16.wgt.RDat	ENSG00000173818.16	17	80415168	80415169	0.2612	rs11651724	4.87	rs9893968	0.026278	3.81	1.48596	485	8	enet	0.021	0.051	0.98742	0.323
Ovary	/media/kame/Data/_workings/resource/GTEv8//GTExv8.EUR.Ovary/ENSG00000280351.2.wgt.RDat	ENSG00000280351.2	17	81003334	81003335	0.2105	rs8073904	-5.5	rs13507	0.011208	3.5	0.3221	438	10	enet	0.02	0.056	0.64203	0.521
Ovary	/media/kame/Data/_workings/resource/GTEv8//GTExv8.EUR.Ovary/ENSG00000266074.8.wgt.RDat	ENSG00000266074.8	17	81395474	81395475	0.1505	rs8073904	-5.5	rs7342974	0.112499	4.33	-0.03713	353	14	enet	-0.0021	0.4	-0.232	0.817
Ovary	/media/kame/Data/_workings/resource/GTEv8//GTExv8.EUR.Ovary/ENSG00000182446.13.wgt.RDat	ENSG00000182446.13	17	81637145	81637146	0.4894	rs9900420	3.68	rs9913546	0.201387	-5.5	0.29795	306	14	enet	0.17	4.1e-07	-0.18778	0.851
Ovary	/media/kame/Data/_workings/resource/GTEv8//GTExv8.EUR.Ovary/ENSG00000182612.10.wgt.RDat	ENSG00000182612.10	17	81637170	81637171	0.5946	rs9900420	3.68	rs6565612	0.555876	8.88	0.01027	306	14	enet	0.54	5.6e-25	0.00527	0.996
Ovary	/media/kame/Data/_workings/resource/GTEv8//GTExv8.EUR.Ovary/ENSG00000185298.12.wgt.RDat	ENSG00000185298.12	17	81666633	81666634	0.2786	rs8069378	3.23	rs7502869	0.113061	-4.67	0.06869	315	13	enet	0.089	0.00022	-0.56149	0.574
Ovary	/media/kame/Data/_workings/resource/GTEv8//GTExv8.EUR.Ovary/ENSG00000214087.8.wgt.RDat	ENSG00000214087.8	17	81683923	81683924	0.4699	rs8069378	3.23	rs11150805	0.319841	-7.27	0.02423	318	17	enet	0.33	7.4e-14	-0.13801	0.89
Ovary	/media/kame/Data/_workings/resource/GTEv8//GTExv8.EUR.Ovary/ENSG00000176155.18.wgt.RDat	ENSG00000176155.18	17	82212829	82212830	0.5416	rs9303029	6.96	rs7222764	0.467564	8.04	-1.40762	299	9	enet	0.46	3.1e-20	-1.63093	0.103
Ovary	/media/kame/Data/_workings/resource/GTEv8//GTExv8.EUR.Ovary/ENSG00000181396.12.wgt.RDat	ENSG00000181396.12	17	82415626	82415627	0.2362	rs9303029	6.96	rs9902897	0.162842	-4.93	0.71367	361	9	enet	0.18	1.5e-07	-0.63723	0.524
Ovary	/media/kame/Data/_workings/resource/GTEv8//GTExv8.EUR.Ovary/ENSG00000279066.1.wgt.RDat	ENSG00000279066.1	17	82425497	82425498	0.1564	rs9303029	6.96	rs6502011	0.09841	4.04	-0.10834	365	41	enet	0.028	0.027	-0.81248	0.417
Ovary	/media/kame/Data/_workings/resource/GTEv8//GTExv8.EUR.Ovary/ENSG00000141562.17.wgt.RDat	ENSG00000141562.17	17	82458179	82458180	0.2674	rs9303029	6.96	rs6502113	0.099558	-4.57	2.19454	396	12	enet	0.038	0.013	-2.14988	0.0316
Ovary	/media/kame/Data/_workings/resource/GTEv8//GTExv8.EUR.Ovary/ENSG00000263063.1.wgt.RDat	ENSG00000263063.1	17	82716254	82716255	0.3339	rs9303029	6.96	rs2451206	0.251359	5.98	-0.00397	363	10	enet	0.16	1e-06	0.01066	0.991
Ovary	/media/kame/Data/_workings/resource/GTEv8//GTExv8.EUR.Ovary/ENSG00000141560.14.wgt.RDat	ENSG00000141560.14	17	82716682	82716683	0.3976	rs9303029	6.96	rs3848403	0.113355	-5.2	-1.24541	363	34	enet	0.27	4.9e-11	-1.25182	0.211
Ovary	/media/kame/Data/_workings/resource/GTEv8//GTExv8.EUR.Ovary/ENSG00000262410.1.wgt.RDat	ENSG00000262410.1	17	82745067	82745068	0.1696	rs9303029	6.96	rs2451215	0.094894	4.19	-0.15797	355	11	enet	0.059	0.0023	-1.13059	0.258
Ovary	/media/kame/Data/_workings/resource/GTEv8//GTExv8.EUR.Ovary/ENSG00000141556.20.wgt.RDat	ENSG00000141556.20	17	82752063	82752064	0.2578	rs9303029	6.96	rs2459703	0.086368	4.74	-1.32609	353	26	enet	0.14	4e-06	-0.30402	0.761
Ovary	/media/kame/Data/_workings/resource/GTEv8//GTExv8.EUR.Ovary/ENSG00000175711.8.wgt.RDat	ENSG00000175711.8	17	83051809	83051810	0.5343	rs2011631	3.87	rs4073038	0.169715	-5.38	2.59492	251	30	enet	0.25	3.5e-10	-1.34362	0.179
Ovary	/media/kame/Data/_workings/resource/GTEv8//GTExv8.EUR.Ovary/ENSG00000173213.9.wgt.RDat	ENSG00000173213.9	18	49556	49557	0.189	rs8091082	-4.64	rs523312	-0.00698	3.1	-0.3403	268	20	enet	0.0089	0.14	0.35644	0.7215
Ovary	/media/kame/Data/_workings/resource/GTEv8//GTExv8.EUR.Ovary/ENSG00000263006.6.wgt.RDat	ENSG00000263006.6	18	109064	109065	0.577	rs8091082	-4.64	rs9948087	0.33186	6.9	-0.0774	310	15	enet	0.44	6.4e-19	0.00113	0.9991
Ovary	/media/kame/Data/_workings/resource/GTEv8//GTExv8.EUR.Ovary/ENSG00000132199.18.wgt.RDat	ENSG00000132199.18	18	712675	712676	0.315	rs4798774	7.48	rs3744962	0.08399	4.19	1.4441	624	6	enet	-0.0074	0.99	1.53785	0.1241
Ovary	/media/kame/Data/_workings/resource/GTEv8//GTExv8.EUR.Ovary/ENSG00000279479.1.wgt.RDat	ENSG00000279479.1	18	6727052	6727053	0.2952	rs7506840	-5.95	rs6506429	-0.00404	-3.54	1.0393	600	29	enet	0.033	0.019	-0.37306	0.7091
Ovary	/media/kame/Data/_workings/resource/GTEv8//GTExv8.EUR.Ovary/ENSG00000266441.1.wgt.RDat	ENSG00000266441.1	18	6729167	6729168	0.3539	rs7506840	-5.95	rs6506429	0.28815	-6.48	1.0393	602	12	enet	0.26	8e-11	-0.7654	0.444
Ovary	/media/kame/Data/_workings/resource/GTEv8//GTExv8.EUR.Ovary/ENSG00000263627.1.wgt.RDat	ENSG00000263627.1	18	9615263	9615264	0.5749	rs543149	-3.94	rs2289684	0.34011	6.88	-0.1256	528	34	enet	0.29	6.9e-12	-0.2524	0.8007
Ovary	/media/kame/Data/_workings/resource/GTEv8//GTExv8.EUR.Ovary/ENSG00000168461.12.wgt.RDat	ENSG00000168461.12	18	9708164	9708165	0.2915	rs543149	-3.94	rs8085430	0.13859	-4.92	0.1142	568	17	enet	0.11	3.4e-05	-0.44443	0.6567
Ovary	/media/kame/Data/_workings/resource/GTEv8//GTExv8.EUR.Ovary/ENSG00000154856.12.wgt.RDat	ENSG00000154856.12	18	10454627	10454628	0.2427	rs16975183	5.07	rs6505593	-0.00639	3.49	1.0314	696	48	enet	-0.006	0.67	-0.53	0.5961
Ovary	/media/kame/Data/_workings/resource/GTEv8//GTExv8.EUR.Ovary/ENSG00000134265.12.wgt.RDat	ENSG00000134265.12	18	10525904	10525905	0.379	rs16975183	5.07	rs91958	0.23236	-6.1	-0.6652	672	15	enet	0.18	1.1e-07	0.55708	0.5775
Ovary	/media/kame/Data/_workings/resource/GTEv8//GTExv8.EUR.Ovary/ENSG00000267079.1.wgt.RDat	ENSG00000267079.1	18	11914343	11914344	0.6815	rs4331394	4.05	rs649039	0.55281	8.73	-0.9458	447	16	enet	0.52	7.5e-24	-0.76766	0.4427
Ovary	/media/kame/Data/_workings/resource/GTEv8//GTExv8.EUR.Ovary/ENSG00000141401.11.wgt.RDat	ENSG00000141401.11	18	11981024	11981025	0.3076	rs4331394	4.05	rs589247	0.1699	5.1	0.1657	449	13	enet	0.15	1.1e-06	-0.03537	0.9718
Ovary	/media/kame/Data/_workings/resource/GTEv8//GTExv8.EUR.Ovary/ENSG00000280302.1.wgt.RDat	ENSG00000280302.1	18	12279426	12279427	0.4345	rs6650615	-3.47	rs4073975	0.22235	6.33	-0.1832	428	34	enet	0.3	2.8e-12	-0.09561	0.9238
Ovary	/media/kame/Data/_workings/resource/GTEv8//GTExv8.EUR.Ovary/ENSG00000141391.13.wgt.RDat	ENSG00000141391.13	18	12407895	12407896	0.4029	rs16973056	-3.44	rs919	0.31151	6.97	1.7229	402	18	enet	0.29	6.7e-12	1.20418	0.2285
Ovary	/media/kame/Data/_workings/resource/GTEv8//GTExv8.EUR.Ovary/ENSG00000267108.1.wgt.RDat	ENSG00000267108.1	18	12432896	12432897	0.447	rs16973056	-3.44	rs17524639	0.2922	6.47	1.0372	408	50	enet	0.21	8.4e-09	-0.08959	0.9286
Ovary	/media/kame/Data/_workings/resource/GTEv8//GTExv8.EUR.Ovary/ENSG00000267199.1.wgt.RDat	ENSG00000267199.1	18	12438889	12438890	0.5118	rs16973056	-3.44	rs17615158	0.37768	-7.27	0.6527	409	23	enet	0.42	4.5e-18	0.41126	0.6809
Ovary	/media/kame/Data/_workings/resource/GTEv8//GTExv8.EUR.Ovary/ENSG00000128789.20.wgt.RDat	ENSG00000128789.20	18	12658134	12658135	0.419	rs16973056	-3.44	rs12966424	0.26393	-6.17	-0.6619	375	16	enet	0.25	2.3e-10	0.45488	0.6492
Ovary	/media/kame/Data/_workings/resource/GTEv8//GTExv8.EUR.Ovary/ENSG00000101639.18.wgt.RDat	ENSG00000101639.18	18	12991361	12991362	0.5324	rs7233930	-6.31	rs11080620	0.62978	9.44	0.455	401	33	enet	0.62	2.5e-30	0.3899	0.6966
Ovary	/media/kame/Data/_workings/resource/GTEv8//GTExv8.EUR.Ovary/ENSG00000267150.1.wgt.RDat	ENSG00000267150.1	18	14089934	14089935	0.2459	rs4986175	3.75	rs8093228	0.01445	4.35	1.5831	295	10	enet	0.015	0.081	1.75396	0.0794
Ovary	/media/kame/Data/_workings/resource/GTEv8//GTExv8.EUR.Ovary/ENSG00000175322.11.wgt.RDat	ENSG00000175322.11	18	14132489	14132490	0.5388	rs4986175	3.75	rs11659850	0.40415	7.45	2.3367	283	28	enet	0.37	9.1e-16	1.34607	0.1783
Ovary	/media/kame/Data/_workings/resource/GTEv8//GTExv8.EUR.Ovary/ENSG00000167088.10.wgt.RDat	ENSG00000167088.10	18	21612266	21612267	0.1136	rs9966717	-5.07	rs8098135	0.0766	3.75	-1.4762	246	16	enet	0.0064	0.17	-2.08937	0.0367
Ovary	/media/kame/Data/_workings/resource/GTEv8//GTExv8.EUR.Ovary/ENSG00000265939.1.wgt.RDat	ENSG00000265939.1	18	22900994	22900995	0.1521	rs4800467	6.19	rs7236187	0.03127	-4.03	0.0702	342	22	enet	0.099	9.7e-05	-1.51545	0.1297
Ovary	/media/kame/Data/_workings/resource/GTEv8//GTExv8.EUR.Ovary/ENSG00000141458.12.wgt.RDat	ENSG00000141458.12	18	23586897	23586898	0.2139	rs4800467	6.19	rs1805081	0.14406	4.8	0.0569	362	4	enet	0.058	0.0026	-0.13219	0.8948
Ovary	/media/kame/Data/_workings/resource/GTEv8//GTExv8.EUR.Ovary/ENSG00000265485.5.wgt.RDat	ENSG00000265485.5	18	24628181	24628182	0.2776	rs17797779	-6.64	rs12162183	0.0874	5.02	-1.8985	569	23	enet	0.071	0.00092	-1.63232	0.1026
Ovary	/media/kame/Data/_workings/resource/GTEv8//GTExv8.EUR.Ovary/ENSG00000198795.10.wgt.RDat	ENSG00000198795.10	18	25352189	25352190	0.1898	rs6508355	6.32	rs11663205	-0.00677	3.3	-0.0192	483	18	enet	0.014	0.091	0.67528	0.4995
Ovary	/media/kame/Data/_workings/resource/GTEv8//GTExv8.EUR.Ovary/ENSG00000172466.15.wgt.RDat	ENSG00000172466.15	18	35345481	35345482	0.1765	rs532661	-4.55	rs1131709	0.02147	-4.21	2.8284	403	14	enet	0.024	0.037	-0.5349	0.5927
Ovary	/media/kame/Data/_workings/resource/GTEv8//GTExv8.EUR.Ovary/ENSG00000186496.10.wgt.RDat	ENSG00000186496.10	18	35377336	35377337	0.3223	rs532661	-4.55	rs2278464	0.2808	6.28	-0.8594	389	11	enet	0.2	2.6e-08	-1.16291	0.2449
Ovary	/media/kame/Data/_workings/resource/GTEv8//GTExv8.EUR.Ovary/ENSG00000134779.14.wgt.RDat	ENSG00000134779.14	18	36829215	36829216	0.1563	rs685680	-4.97	rs1786059	0.14294	-5.4	-0.7649	431	7	enet	0.14	2.8e-06	0.1771	0.8594
Ovary	/media/kame/Data/_workings/resource/GTEv8//GTExv8.EUR.Ovary/ENSG00000267651.1.wgt.RDat	ENSG00000267651.1	18	37236241	37236242	0.2663	rs9959618	14.31	rs1365510	0.01117	-3.75	-1.3473	378	41	enet	-0.0065	0.74	1.32561	0.185
Ovary	/media/kame/Data/_workings/resource/GTEv8//GTExv8.EUR.Ovary/ENSG00000267707.2.wgt.RDat	ENSG00000267707.2	18	37246889	37246890	0.2356	rs9959618	14.31	rs1365510	0.16251	-5.11	-1.3473	373	42	enet	0.18	1.8e-07	1.91888	0.055
Ovary	/media/kame/Data/_workings/resource/GTEv8//GTExv8.EUR.Ovary/ENSG00000267374.1.wgt.RDat	ENSG00000267374.1	18	39800317	39800318	0.244	rs2060117	3.6	rs11082156	0.01917	-3.75	-1.144	365	41	enet	0.044	0.0079	0.26458	0.7913
Ovary	/media/kame/Data/_workings/resource/GTEv8//GTExv8.EUR.Ovary/ENSG00000152223.12.wgt.RDat	ENSG00000152223.12	18	45967273	45967274	0.5225	rs16978467	4.33	rs1111937	0.35338	7.25	0.623	510	26	enet	0.3	2.8e-12	0.46411	0.6426
Ovary	/media/kame/Data/_workings/resource/GTEv8//GTExv8.EUR.Ovary/ENSG00000101751.10.wgt.RDat	ENSG00000101751.10	18	54270028	54270029	0.2253	rs7237206	8.24	rs11083046	0.17231	-5.2	-0.5707	383	8	enet	0.099	1e-04	0.29771	0.7659
Ovary	/media/kame/Data/_workings/resource/GTEv8//GTExv8.EUR.Ovary/ENSG00000197563.10.wgt.RDat	ENSG00000197563.10	18	62187117	62187118	0.4339	rs4941139	6.93	rs3752091	0.12059	-5.03	-2.2405	507	8	enet	0.11	6e-05	1.86499	0.0622
Ovary	/media/kame/Data/_workings/resource/GTEv8//GTExv8.EUR.Ovary/ENSG00000197632.8.wgt.RDat	ENSG00000197632.8	18	63871691	63871692	0.1855	rs4462702	4.66	rs2849308	0.03956	3.95	0.6405	523	25	enet	-0.0016	0.38	0.64095	0.5216
Ovary	/media/kame/Data/_workings/resource/GTEv8//GTExv8.EUR.Ovary/ENSG00000278107.1.wgt.RDat	ENSG00000278107.1	18	76805735	76805736	0.331	rs11664952	-7.35	rs6420510	0.07019	-4.47	-0.1745	656	40	enet	0.087	0.00026	-0.56943	0.5691
Ovary	/media/kame/Data/_workings/resource/GTEv8//GTExv8.EUR.Ovary/ENSG00000274828.1.wgt.RDat	ENSG00000274828.1	18	79679357	79679358	0.4496	rs526260	11.27	rs503615	0.19198	-6.11	2.3555	414	21	enet	0.18	8.5e-08	-1.11136	0.2664
Ovary	/media/kame/Data/_workings/resource/GTEv8//GTExv8.EUR.Ovary/ENSG00000141759.14.wgt.RDat	ENSG00000141759.14	18	80033948	80033949	0.0979	rs526260	11.68	rs4799116	0.1209	4.33	1.4578	281	21	enet	0.034	0.017	1.35127	0.1766
Ovary	/media/kame/Data/_workings/resource/GTEv8//GTExv8.EUR.Ovary/ENSG00000261126.7.wgt.RDat	ENSG00000261126.7	18	80046899	80046900	0.5918	rs526260	11.72	rs612913	0.39798	7.82	0.605	279	22	enet	0.47	1.2e-20	0.36462	0.7154
Ovary	/media/kame/Data/_workings/resource/GTEv8//GTExv8.EUR.Ovary/ENSG00000267127.7.wgt.RDat	ENSG00000267127.7	18	80082152	80082153	0.2065	rs526260	11.75	rs11081573	-0.00296	3.58	0.8475	266	20	enet	0.026	0.033	0.38491	0.7003
Ovary	/media/kame/Data/_workings/resource/GTEv8//GTExv8.EUR.Ovary/ENSG00000267270.5.wgt.RDat	ENSG00000267270.5	18	80147923	80147924	0.2083	rs526260	12.3	rs12960174	-0.00312	-3.74	-1.0463	232	26	enet	0.085	0.00031	2.22604	0.026
Ovary	/media/kame/Data/_workings/resource/GTEv8//GTExv8.EUR.Ovary/ENSG00000129946.10.wgt.RDat	ENSG00000129946.10	19	460995	460996	0.314	rs35940485	-7.75	rs12979590	0.170817	5.07	-2.32848	346	22	enet	0.18	1.1e-07	-3.3943	0.000688
Ovary	/media/kame/Data/_workings/resource/GTEv8//GTExv8.EUR.Ovary/ENSG00000266933.2.wgt.RDat	ENSG00000266933.2	19	507495	507496	0.489	rs35940485	-7.75	rs10415416	0.133136	-4.54	-2.1335	381	39	enet	0.074	0.00074	-0.09031	0.928
Ovary	/media/kame/Data/_workings/resource/GTEv8//GTExv8.EUR.Ovary/ENSG00000172270.18.wgt.RDat	ENSG00000172270.18	19	571276	571277	0.331	rs35940485	-7.75	rs28915400	0.228459	-5.73	0.23587	419	39	enet	0.18	9.2e-08	-0.50747	0.612
Ovary	/media/kame/Data/_workings/resource/GTEv8//GTExv8.EUR.Ovary/ENSG00000267751.5.wgt.RDat	ENSG00000267751.5	19	572227	572228	0.594	rs35940485	-7.75	rs28915400	0.378329	-7.28	0.23587	419	24	enet	0.34	3.5e-14	-0.12498	0.901
Ovary	/media/kame/Data/_workings/resource/GTEv8//GTExv8.EUR.Ovary/ENSG00000065268.10.wgt.RDat	ENSG00000065268.10	19	984270	984271	0.594	rs35940485	-7.75	rs2240147	0.521927	8.48	-0.2101	459	43	enet	0.48	3.9e-21	-0.09622	0.923
Ovary	/media/kame/Data/_workings/resource/GTEv8//GTExv8.EUR.Ovary/ENSG00000167468.16.wgt.RDat	ENSG00000167468.16	19	1103925	1103926	0.516	rs35940485	-7.75	rs4807542	0.223399	5.64	0.0095	446	19	enet	0.19	8.2e-08	0.74643	0.455
Ovary	/media/kame/Data/_workings/resource/GTEv8//GTExv8.EUR.Ovary/ENSG00000115266.11.wgt.RDat	ENSG00000115266.11	19	1446301	1446302	0.202	rs3760994	-6.79	rs2668423	-0.007217	3.32	-1.58632	398	17	enet	-0.0073	0.93	-2.47204	0.0134
Ovary	/media/kame/Data/_workings/resource/GTEv8//GTExv8.EUR.Ovary/ENSG00000071564.14.wgt.RDat	ENSG00000071564.14	19	1652604	1652605	0.246	rs3760994	-6.79	rs12977033	-0.005779	3.31	-1.78589	366	43	enet	0.00043	0.31	-0.45433	0.65
Ovary	/media/kame/Data/_workings/resource/GTEv8//GTExv8.EUR.Ovary/ENSG00000104899.7.wgt.RDat	ENSG00000104899.7	19	2249308	2249309	0.478	rs7249204	-5.15	rs2074860	0.218095	-5.95	-2.77559	412	24	enet	0.13	6.2e-06	2.01479	0.0439
Ovary	/media/kame/Data/_workings/resource/GTEv8//GTExv8.EUR.Ovary/ENSG00000178297.12.wgt.RDat	ENSG00000178297.12	19	2389785	2389786	0.252	rs7249204	-5.15	rs1050009	0.076407	4.58	0.03705	425	10	enet	0.039	0.012	-0.49822	0.618
Ovary	/media/kame/Data/_workings/resource/GTEv8//GTExv8.EUR.Ovary/ENSG00000104969.9.wgt.RDat	ENSG00000104969.9	19	2783370	2783371	0.247	rs7938	-6.47	rs765044	0.039961	3.61	0.94385	437	38	enet	0.022	0.047	-0.04053	0.968
Ovary	/media/kame/Data/_workings/resource/GTEv8//GTExv8.EUR.Ovary/ENSG00000186300.11.wgt.RDat	ENSG00000186300.11	19	2841434	2841435	0.412	rs7938	-6.47	rs10412087	0.211753	6.04	-0.51961	431	13	enet	0.22	3.9e-09	0.04162	0.967
Ovary	/media/kame/Data/_workings/resource/GTEv8//GTExv8.EUR.Ovary/ENSG00000172000.7.wgt.RDat	ENSG00000172000.7	19	2867334	2867335	0.361	rs7938	-6.47	rs4806880	0.148309	5.41	-0.27201	436	8	enet	0.12	2e-05	-0.27065	0.787
Ovary	/media/kame/Data/_workings/resource/GTEv8//GTExv8.EUR.Ovary/ENSG00000104953.19.wgt.RDat	ENSG00000104953.19	19	2977445	2977446	0.542	rs7938	-6.47	rs6510730	0.101432	4.38	-0.71727	422	11	enet	0.068	0.0011	-1.31231	0.189
Ovary	/media/kame/Data/_workings/resource/GTEv8//GTExv8.EUR.Ovary/ENSG00000105325.13.wgt.RDat	ENSG00000105325.13	19	3506272	3506273	0.222	rs7938	-6.47	rs4807485	0.059665	-3.99	0.26844	383	32	enet	0.0023	0.25	1.29899	0.194
Ovary	/media/kame/Data/_workings/resource/GTEv8//GTExv8.EUR.Ovary/ENSG00000183397.5.wgt.RDat	ENSG00000183397.5	19	3539153	3539154	0.371	rs7938	-6.47	rs10417370	0.277204	-6.47	0.33259	378	8	enet	0.27	5.7e-11	0.01684	0.987
Ovary	/media/kame/Data/_workings/resource/GTEv8//GTExv8.EUR.Ovary/ENSG00000178078.11.wgt.RDat	ENSG00000178078.11	19	4342785	4342786	0.388	rs243387	7.63	rs34302459	0.174679	5.21	0.72334	364	21	enet	0.074	0.00073	0.63535	0.525
Ovary	/media/kame/Data/_workings/resource/GTEv8//GTExv8.EUR.Ovary/ENSG00000167670.15.wgt.RDat	ENSG00000167670.15	19	4402661	4402662	0.452	rs243387	7.63	rs243396	0.178173	6.12	1.33666	374	27	enet	0.27	3.9e-11	-0.79042	0.429
Ovary	/media/kame/Data/_workings/resource/GTEv8//GTExv8.EUR.Ovary/ENSG00000280239.1.wgt.RDat	ENSG00000280239.1	19	4448809	4448810	0.402	rs243387	7.63	rs243396	0.279107	6.93	1.33666	385	20	enet	0.33	1.2e-13	-1.43488	0.151
Ovary	/media/kame/Data/_workings/resource/GTEv8//GTExv8.EUR.Ovary/ENSG00000267769.1.wgt.RDat	ENSG00000267769.1	19	4454793	4454794	0.484	rs243387	7.63	rs34080966	0.404432	-7.73	-0.1356	387	10	enet	0.4	4.4e-17	0.74799	0.454
Ovary	/media/kame/Data/_workings/resource/GTEv8//GTExv8.EUR.Ovary/ENSG00000223573.6.wgt.RDat	ENSG00000223573.6	19	5568033	5568034	0.366	rs4807023	5.15	rs2060256	0.037875	-4.07	-2.19142	404	34	enet	0.066	0.0014	-0.24675	0.805
Ovary	/media/kame/Data/_workings/resource/GTEv8//GTExv8.EUR.Ovary/ENSG00000196365.11.wgt.RDat	ENSG00000196365.11	19	5720571	5720572	0.405	rs16993442	6.69	rs806704	0.114158	-5.21	-0.82854	394	23	enet	0.096	0.00012	0.97403	0.33
Ovary	/media/kame/Data/_workings/resource/GTEv8//GTExv8.EUR.Ovary/ENSG00000125651.13.wgt.RDat	ENSG00000125651.13	19	6393980	6393981	0.304	rs16993442	6.69	rs8105756	0.099419	-4.81	-0.0422	391	10	enet	0.09	0.00021	-0.05655	0.955
Ovary	/media/kame/Data/_workings/resource/GTEv8//GTExv8.EUR.Ovary/ENSG00000181240.13.wgt.RDat	ENSG00000181240.13	19	6433778	6433779	0.7	rs16993442	6.69	rs2860185	0.563244	-8.82	0.06802	410	6	enet	0.53	3.2e-24	-0.47066	0.638
Ovary	/media/kame/Data/_workings/resource/GTEv8//GTExv8.EUR.Ovary/ENSG00000125731.12.wgt.RDat	ENSG00000125731.12	19	6767587	6767588	0.479	rs10416429	4.63	rs2305806	0.168652	5.28	-0.08023	466	8	enet	0.14	3.2e-06	-0.05717	0.954
Ovary	/media/kame/Data/_workings/resource/GTEv8//GTExv8.EUR.Ovary/ENSG00000174837.14.wgt.RDat	ENSG00000174837.14	19	6887565	6887566	0.345	rs10416429	4.63	rs2071347	-0.00705	-3.14	2.12556	443	15	enet	-0.0056	0.63	-1.59863	0.11
Ovary	/media/kame/Data/_workings/resource/GTEv8//GTExv8.EUR.Ovary/ENSG00000268758.7.wgt.RDat	ENSG00000268758.7	19	6997871	6997872	0.345	rs10416429	4.63	rs7248247	0.015229	4.23	-2.50395	443	24	enet	0.075	0.00065	-2.04315	0.041
Ovary	/media/kame/Data/_workings/resource/GTEv8//GTExv8.EUR.Ovary/ENSG00000104938.16.wgt.RDat	ENSG00000104938.16	19	7763148	7763149	0.421	rs10518270	-4.35	rs2287887	0.053081	4.71	0.07682	425	19	enet	0.15	1.2e-06	-0.36541	0.715
Ovary	/media/kame/Data/_workings/resource/GTEv8//GTExv8.EUR.Ovary/ENSG00000268297.1.wgt.RDat	ENSG00000268297.1	19	7787548	7787549	0.396	rs10518270	-4.35	rs560634	0.179081	5.75	0.22331	425	19	enet	0.19	5.1e-08	0.16085	0.872
Ovary	/media/kame/Data/_workings/resource/GTEv8//GTExv8.EUR.Ovary/ENSG00000104980.7.wgt.RDat	ENSG00000104980.7	19	7943919	7943920	0.248	rs34367019	-6.04	rs11542189	0.229331	5.82	1.01839	435	7	enet	0.12	1.9e-05	0.68099	0.496
Ovary	/media/kame/Data/_workings/resource/GTEv8//GTExv8.EUR.Ovary/ENSG00000188000.3.wgt.RDat	ENSG00000188000.3	19	9185593	9185594	0.389	rs16979417	2.91	rs13345998	0.253493	6.15	0.05577	406	22	enet	0.21	1.2e-08	-0.07656	0.939
Ovary	/media/kame/Data/_workings/resource/GTEv8//GTExv8.EUR.Ovary/ENSG00000188321.13.wgt.RDat	ENSG00000188321.13	19	9323771	9323772	0.163	rs16979417	2.91	rs28384491	0.449454	-7.91	-0.77513	404	14	enet	0.43	1e-18	0.69904	0.485
Ovary	/media/kame/Data/_workings/resource/GTEv8//GTExv8.EUR.Ovary/ENSG00000174652.17.wgt.RDat	ENSG00000174652.17	19	9435577	9435578	0.58	rs12979274	6.13	rs11880207	0.612665	-9.19	-1.83565	392	20	enet	0.59	2e-28	1.05349	0.292
Ovary	/media/kame/Data/_workings/resource/GTEv8//GTExv8.EUR.Ovary/ENSG00000198028.3.wgt.RDat	ENSG00000198028.3	19	9498606	9498607	0.188	rs12979274	6.13	rs11666253	0.024092	-3.3	-1.86594	336	21	enet	-0.0053	0.6	0.83352	0.405
Ovary	/media/kame/Data/_workings/resource/GTEv8//GTExv8.EUR.Ovary/ENSG00000130818.11.wgt.RDat	ENSG00000130818.11	19	9538644	9538645	0.232	rs12979274	6.13	rs2287698	0.041865	4.21	-0.23503	350	25	enet	0.088	0.00024	0.99014	0.322
Ovary	/media/kame/Data/_workings/resource/GTEv8//GTExv8.EUR.Ovary/ENSG00000278611.1.wgt.RDat	ENSG00000278611.1	19	9538732	9538733	0.27	rs12979274	6.13	rs2161285	0.093861	4.34	-1.55828	350	44	enet	0.071	0.00092	-1.85681	0.0633
Ovary	/media/kame/Data/_workings/resource/GTEv8//GTExv8.EUR.Ovary/ENSG00000171469.10.wgt.RDat	ENSG00000171469.10	19	9621398	9621399	0.233	rs12979274	6.13	rs10401405	0.226201	-6.02	-0.75713	358	22	enet	0.22	5e-09	1.1951	0.232
Ovary	/media/kame/Data/_workings/resource/GTEv8//GTExv8.EUR.Ovary/ENSG00000277587.1.wgt.RDat	ENSG00000277587.1	19	9721902	9721903	0.246	rs12979274	6.13	rs10401707	0.229158	-5.72	-0.17577	340	41	enet	0.2	3.4e-08	0.18759	0.851
Ovary	/media/kame/Data/_workings/resource/GTEv8//GTExv8.EUR.Ovary/ENSG00000244165.1.wgt.RDat	ENSG00000244165.1	19	10111537	10111538	0.237	rs12979274	6.13	rs28384439	0.000488	2.98	-0.77153	362	49	enet	-0.0024	0.41	-1.99805	0.0457
Ovary	/media/kame/Data/_workings/resource/GTEv8//GTExv8.EUR.Ovary/ENSG00000129347.19.wgt.RDat	ENSG00000129347.19	19	10566036	10566037	0.567	rs7255312	-5.23	rs3087689	0.399355	7.48	0.20032	357	40	enet	0.36	3e-15	0.94107	0.347
Ovary	/media/kame/Data/_workings/resource/GTEv8//GTExv8.EUR.Ovary/ENSG00000198429.9.wgt.RDat	ENSG00000198429.9	19	11887783	11887784	0.311	rs318699	6.21	rs4804175	0.174663	5.22	-1.3454	318	18	enet	0.18	1.9e-07	-1.57653	0.115
Ovary	/media/kame/Data/_workings/resource/GTEv8//GTExv8.EUR.Ovary/ENSG00000267274.1.wgt.RDat	ENSG00000267274.1	19	11939958	11939959	0.132	rs7259845	5.1	rs1047138	0.026464	-3.91	-1.93515	315	14	enet	0.033	0.018	1.34107	0.18
Ovary	/media/kame/Data/_workings/resource/GTEv8//GTExv8.EUR.Ovary/ENSG00000269560.1.wgt.RDat	ENSG00000269560.1	19	12532972	12532973	0.791	rs2303731	-7.68	rs7248145	0.454194	7.97	2.69235	283	17	enet	0.43	2.8e-18	2.95305	0.00315
Ovary	/media/kame/Data/_workings/resource/GTEv8//GTExv8.EUR.Ovary/ENSG00000104907.12.wgt.RDat	ENSG00000104907.12	19	13117566	13117567	0.276	rs2303731	-7.68	rs12151248	0.048103	3.24	-0.35252	361	21	enet	-0.0072	0.88	-0.02143	0.983
Ovary	/media/kame/Data/_workings/resource/GTEv8//GTExv8.EUR.Ovary/ENSG00000037757.13.wgt.RDat	ENSG00000037757.13	19	13764531	13764532	0.554	rs12462927	-5.53	rs371671	0.369485	-7.17	-0.29934	328	30	enet	0.35	8.3e-15	-0.15571	0.876
Ovary	/media/kame/Data/_workings/resource/GTEv8//GTExv8.EUR.Ovary/ENSG00000132016.11.wgt.RDat	ENSG00000132016.11	19	13906199	13906200	0.264	rs12462927	-5.53	rs8111764	0.000118	-3.81	-0.49019	305	20	enet	2e-04	0.31	-0.82963	0.407
Ovary	/media/kame/Data/_workings/resource/GTEv8//GTExv8.EUR.Ovary/ENSG00000228887.3.wgt.RDat	ENSG00000228887.3	19	14070341	14070342	0.302	rs12462927	-5.53	rs34141102	-0.007237	2.81	-0.06626	284	22	enet	-0.0062	0.69	-0.37754	0.706
Ovary	/media/kame/Data/_workings/resource/GTEv8//GTExv8.EUR.Ovary/ENSG00000160961.11.wgt.RDat	ENSG00000160961.11	19	14690048	14690049	0.29	rs10415969	6.03	rs6511944	0.007789	-3.8	0.90085	455	26	enet	0.036	0.014	-0.71553	0.474
Ovary	/media/kame/Data/_workings/resource/GTEv8//GTExv8.EUR.Ovary/ENSG00000074181.8.wgt.RDat	ENSG00000074181.8	19	15200980	15200981	0.334	rs10415969	6.03	rs7258230	-0.007331	3.42	-1.07665	562	44	enet	0.00068	0.3	-2.51795	0.0118
Ovary	/media/kame/Data/_workings/resource/GTEv8//GTExv8.EUR.Ovary/ENSG00000011451.17.wgt.RDat	ENSG00000011451.17	19	15449950	15449951	0.131	rs2018454	-7	rs670476	0.005178	3.74	1.03455	549	16	enet	-0.0026	0.42	-0.13803	0.89
Ovary	/media/kame/Data/_workings/resource/GTEv8//GTExv8.EUR.Ovary/ENSG00000267594.5.wgt.RDat	ENSG00000267594.5	19	15779908	15779909	0.744	rs2018454	-7	rs10518252	0.626488	9.28	-1.93852	536	40	enet	0.59	2e-28	-1.79823	0.0721
Ovary	/media/kame/Data/_workings/resource/GTEv8//GTExv8.EUR.Ovary/ENSG00000171903.16.wgt.RDat	ENSG00000171903.16	19	15934866	15934867	0.436	rs2018454	-7	rs12985091	0.255191	-6.14	-0.78844	541	32	enet	0.21	8.2e-09	1.09268	0.275
Ovary	/media/kame/Data/_workings/resource/GTEv8//GTExv8.EUR.Ovary/ENSG00000105072.8.wgt.RDat	ENSG00000105072.8	19	16496310	16496311	0.275	rs3745313	4.63	rs10409518	0.222248	-5.78	-0.03068	376	13	enet	0.27	2.9e-11	-0.93747	0.349
Ovary	/media/kame/Data/_workings/resource/GTEv8//GTExv8.EUR.Ovary/ENSG00000267904.1.wgt.RDat	ENSG00000267904.1	19	16640667	16640668	0.219	rs4808552	4.34	rs7259026	0.02848	-3.81	-0.65753	357	37	enet	0.034	0.017	-1.39616	0.163
Ovary	/media/kame/Data/_workings/resource/GTEv8//GTExv8.EUR.Ovary/ENSG00000099330.8.wgt.RDat	ENSG00000099330.8	19	17226203	17226204	0.345	rs4808552	4.34	rs11666306	-0.006947	-3.63	-0.00134	411	37	enet	-0.0071	0.86	0.64077	0.522
Ovary	/media/kame/Data/_workings/resource/GTEv8//GTExv8.EUR.Ovary/ENSG00000160117.14.wgt.RDat	ENSG00000160117.14	19	17281644	17281645	0.357	rs4808552	4.34	rs34084277	0.177999	5.08	-0.53837	415	25	enet	0.16	9.7e-07	-0.69429	0.487
Ovary	/media/kame/Data/_workings/resource/GTEv8//GTExv8.EUR.Ovary/ENSG00000130312.6.wgt.RDat	ENSG00000130312.6	19	17292831	17292832	0.42	rs4808552	4.34	rs6903	0.246489	6.05	1.44291	422	4	enet	0.22	4.5e-09	1.37225	0.17
Ovary	/media/kame/Data/_workings/resource/GTEv8//GTExv8.EUR.Ovary/ENSG00000188051.6.wgt.RDat	ENSG00000188051.6	19	17448566	17448567	0.374	rs4808552	4.34	rs11667945	0.180573	-5.54	-0.07797	434	12	enet	0.12	1.8e-05	0.36744	0.713
Ovary	/media/kame/Data/_workings/resource/GTEv8//GTExv8.EUR.Ovary/ENSG00000105650.21.wgt.RDat	ENSG00000105650.21	19	18255418	18255419	0.228	rs10426256	-5.32	rs11666281	0.154664	-4.93	0.10969	413	25	enet	0.07	0.00099	0.20116	0.841
Ovary	/media/kame/Data/_workings/resource/GTEv8//GTExv8.EUR.Ovary/ENSG00000130518.16.wgt.RDat	ENSG00000130518.16	19	18274508	18274509	0.21	rs10426256	-5.32	rs11086103	0.163401	5.39	-0.52685	409	15	enet	0.18	1.8e-07	0.14597	0.884
Ovary	/media/kame/Data/_workings/resource/GTEv8//GTExv8.EUR.Ovary/ENSG00000130517.13.wgt.RDat	ENSG00000130517.13	19	18340586	18340587	0.386	rs10426256	-5.32	rs10415765	0.145231	-5.05	-0.02255	382	23	enet	0.24	5.8e-10	0.44056	0.66
Ovary	/media/kame/Data/_workings/resource/GTEv8//GTExv8.EUR.Ovary/ENSG00000254901.7.wgt.RDat	ENSG00000254901.7	19	19192227	19192228	0.268	rs10415849	-10.44	rs10896	0.171747	5.02	-0.03216	327	10	enet	0.14	2.4e-06	0.26032	0.795
Ovary	/media/kame/Data/_workings/resource/GTEv8//GTExv8.EUR.Ovary/ENSG00000187664.8.wgt.RDat	ENSG00000187664.8	19	19262795	19262796	0.242	rs10415849	-10.44	rs2965189	0.009123	3.56	-4.76048	350	34	enet	0.03	0.024	-1.94847	0.0514
Ovary	/media/kame/Data/_workings/resource/GTEv8//GTExv8.EUR.Ovary/ENSG00000250067.11.wgt.RDat	ENSG00000250067.11	19	19529363	19529364	0.188	rs10415849	-10.44	rs739461	0.014064	-3.84	0.4802	348	11	enet	0.011	0.12	-3.40323	0.000666
Ovary	/media/kame/Data/_workings/resource/GTEv8//GTExv8.EUR.Ovary/ENSG00000181896.11.wgt.RDat	ENSG00000181896.11	19	19668795	19668796	0.365	rs10415849	-10.44	rs12978668	0.251036	6.02	0.7059	328	21	enet	0.18	1e-07	0.9351	0.35
Ovary	/media/kame/Data/_workings/resource/GTEv8//GTExv8.EUR.Ovary/ENSG00000266904.5.wgt.RDat	ENSG00000266904.5	19	19776422	19776423	0.468	rs10415849	-10.44	rs4808983	0.135336	5.25	-0.31528	298	18	enet	0.28	2.4e-11	-1.01489	0.31
Ovary	/media/kame/Data/_workings/resource/GTEv8//GTExv8.EUR.Ovary/ENSG00000256771.3.wgt.RDat	ENSG00000256771.3	19	19865885	19865886	0.147	rs10415849	-10.44	rs16996320	0.143022	-4.74	-0.22379	295	15	enet	0.078	0.00052	0.25312	0.8
Ovary	/media/kame/Data/_workings/resource/GTEv8//GTExv8.EUR.Ovary/ENSG00000267565.1.wgt.RDat	ENSG00000267565.1	19	19895846	19895847	0.184	rs8182472	-10.44	rs16996320	0.00694	-4.08	-0.22379	297	31	enet	0.012	0.11	-0.48504	0.628
Ovary	/media/kame/Data/_workings/resource/GTEv8//GTExv8.EUR.Ovary/ENSG00000184635.14.wgt.RDat	ENSG00000184635.14	19	19900912	19900913	0.298	rs8182472	-10.44	rs2110589	0.003223	3.34	-1.49319	297	80	enet	-0.0022	0.4	-1.51773	0.129
Ovary	/media/kame/Data/_workings/resource/GTEv8//GTExv8.EUR.Ovary/ENSG00000267383.6.wgt.RDat	ENSG00000267383.6	19	20321304	20321305	0.307	rs7250811	-2.8	rs10405913	-0.004885	3.48	-0.48031	230	53	enet	0.0055	0.19	-0.09893	0.921
Ovary	/media/kame/Data/_workings/resource/GTEv8//GTExv8.EUR.Ovary/ENSG00000269373.1.wgt.RDat	ENSG00000269373.1	19	20847416	20847417	0.19	rs7250811	-2.8	rs10407397	0.122458	-4.28	-0.24727	261	33	enet	0.035	0.015	0.09925	0.921
Ovary	/media/kame/Data/_workings/resource/GTEv8//GTExv8.EUR.Ovary/ENSG00000196705.8.wgt.RDat	ENSG00000196705.8	19	21142023	21142024	0.226	rs7258384	-3.92	rs7254094	0.123036	-4.67	-2.05772	283	11	enet	0.04	0.011	1.10841	0.268
Ovary	/media/kame/Data/_workings/resource/GTEv8//GTExv8.EUR.Ovary/ENSG00000240522.1.wgt.RDat	ENSG00000240522.1	19	21150437	21150438	0.178	rs7258384	-3.92	rs7254094	0.045522	-4.4	-2.05772	280	13	enet	0.057	0.0029	2.39276	0.0167
Ovary	/media/kame/Data/_workings/resource/GTEv8//GTExv8.EUR.Ovary/ENSG00000172687.13.wgt.RDat	ENSG00000172687.13	19	21358929	21358930	0.246	rs7258384	-3.92	rs12151222	0.128809	-5.22	0.04288	285	47	enet	0.15	1.8e-06	-1.12167	0.262
Ovary	/media/kame/Data/_workings/resource/GTEv8//GTExv8.EUR.Ovary/ENSG00000213976.4.wgt.RDat	ENSG00000213976.4	19	21382864	21382865	0.165	rs7258384	-3.92	rs8107999	0.046676	-3.94	-0.9947	287	25	enet	0.054	0.0034	0.19736	0.844
Ovary	/media/kame/Data/_workings/resource/GTEv8//GTExv8.EUR.Ovary/ENSG00000268658.5.wgt.RDat	ENSG00000268658.5	19	21483373	21483374	0.188	rs7258384	-3.92	rs2102920	0.018788	-3.27	0.19674	294	58	enet	0.011	0.12	-0.9033	0.366
Ovary	/media/kame/Data/_workings/resource/GTEv8//GTExv8.EUR.Ovary/ENSG00000197013.9.wgt.RDat	ENSG00000197013.9	19	21505563	21505564	0.287	rs7258384	-3.92	rs2102920	0.108229	-5.19	0.19674	298	30	enet	0.12	2.2e-05	0.08139	0.935
Ovary	/media/kame/Data/_workings/resource/GTEv8//GTExv8.EUR.Ovary/ENSG00000268081.1.wgt.RDat	ENSG00000268081.1	19	21569236	21569237	0.172	rs7258384	-3.92	rs1401926	0.129168	5.13	0.14313	305	8	enet	0.11	3.7e-05	-0.52786	0.598
Ovary	/media/kame/Data/_workings/resource/GTEv8//GTExv8.EUR.Ovary/ENSG00000268555.1.wgt.RDat	ENSG00000268555.1	19	21587321	21587322	0.538	rs7258384	-3.92	rs7255395	0.213696	-6.09	0.80707	306	29	enet	0.3	2.6e-12	-0.01246	0.99
Ovary	/media/kame/Data/_workings/resource/GTEv8//GTExv8.EUR.Ovary/ENSG00000268433.1.wgt.RDat	ENSG00000268433.1	19	21678220	21678221	0.289	rs7258384	-3.92	rs7255395	0.156248	-5.09	0.80707	307	14	enet	0.11	4.5e-05	-1.017	0.309
Ovary	/media/kame/Data/_workings/resource/GTEv8//GTExv8.EUR.Ovary/ENSG00000197020.10.wgt.RDat	ENSG00000197020.10	19	21767627	21767628	0.714	rs7258384	-3.92	rs6511286	0.345408	6.97	-0.11468	298	14	enet	0.46	3.4e-20	0.57791	0.563
Ovary	/media/kame/Data/_workings/resource/GTEv8//GTExv8.EUR.Ovary/ENSG00000279377.1.wgt.RDat	ENSG00000279377.1	19	21968528	21968529	0.383	rs7258384	-3.92	rs765527	0.081832	-4.84	-0.35482	295	57	enet	0.13	6.4e-06	-1.55481	0.12
Ovary	/media/kame/Data/_workings/resource/GTEv8//GTExv8.EUR.Ovary/ENSG00000271095.1.wgt.RDat	ENSG00000271095.1	19	21997647	21997648	0.159	rs7258384	-3.92	rs390730	0.101534	-4.04	0.02288	299	17	enet	0.008	0.15	0.0564	0.955
Ovary	/media/kame/Data/_workings/resource/GTEv8//GTExv8.EUR.Ovary/ENSG00000160321.14.wgt.RDat	ENSG00000160321.14	19	22010948	22010949	0.311	rs7258384	-3.92	rs765527	0.220721	-5.66	-0.35482	307	23	enet	0.12	1.3e-05	0.02929	0.977
Ovary	/media/kame/Data/_workings/resource/GTEv8//GTExv8.EUR.Ovary/ENSG00000197134.11.wgt.RDat	ENSG00000197134.11	19	22052451	22052452	0.483	rs7258384	-3.92	rs3813591	0.266306	6.43	0.41326	320	58	enet	0.35	1.4e-14	0.75195	0.452
Ovary	/media/kame/Data/_workings/resource/GTEv8//GTExv8.EUR.Ovary/ENSG00000269345.1.wgt.RDat	ENSG00000269345.1	19	22175190	22175191	0.188	rs7258660	3.18	rs1634468	0.097651	-3.96	-0.00466	327	37	enet	0.1	7.7e-05	0.54695	0.584
Ovary	/media/kame/Data/_workings/resource/GTEv8//GTExv8.EUR.Ovary/ENSG00000196109.6.wgt.RDat	ENSG00000196109.6	19	22196950	22196951	0.185	rs16998353	-2.24	rs3813591	0.093772	4.22	0.41326	329	18	enet	0.057	0.0029	0.34828	0.728
Ovary	/media/kame/Data/_workings/resource/GTEv8//GTExv8.EUR.Ovary/ENSG00000269332.5.wgt.RDat	ENSG00000269332.5	19	22596256	22596257	0.406	rs1842013	4.18	rs16999362	0.212712	5.97	-0.03172	299	26	enet	0.28	1.7e-11	0.32316	0.747
Ovary	/media/kame/Data/_workings/resource/GTEv8//GTExv8.EUR.Ovary/ENSG00000269067.1.wgt.RDat	ENSG00000269067.1	19	23003175	23003176	0.151	rs1842013	4.18	rs4932833	0.001245	-3.6	0.48998	299	17	enet	0.0071	0.16	-0.99581	0.319
Ovary	/media/kame/Data/_workings/resource/GTEv8//GTExv8.EUR.Ovary/ENSG00000284428.1.wgt.RDat	ENSG00000284428.1	19	23274250	23274251	0.104	rs1842013	4.18	rs1842018	0.099021	-4.04	2.02894	241	7	enet	0.04	0.01	-2.01991	0.0434
Ovary	/media/kame/Data/_workings/resource/GTEv8//GTExv8.EUR.Ovary/ENSG00000268362.5.wgt.RDat	ENSG00000268362.5	19	24048936	24048937	0.326	rs8109001	2.88	rs11880244	0.159216	5.67	-1.41663	165	38	enet	0.23	1.9e-09	-0.45711	0.648
Ovary	/media/kame/Data/_workings/resource/GTEv8//GTExv8.EUR.Ovary/ENSG00000261770.1.wgt.RDat	ENSG00000261770.1	19	27760848	27760849	0.636	rs4806027	-5.14	rs10401215	0.446518	8.32	1.00977	279	46	enet	0.48	4.7e-21	0.9359	0.349
Ovary	/media/kame/Data/_workings/resource/GTEv8//GTExv8.EUR.Ovary/ENSG00000261824.6.wgt.RDat	ENSG00000261824.6	19	27793893	27793894	0.158	rs4806027	-5.14	rs7339513	0.069084	3.78	0.34853	289	10	enet	0.034	0.018	1.70197	0.0888
Ovary	/media/kame/Data/_workings/resource/GTEv8//GTExv8.EUR.Ovary/ENSG00000281468.1.wgt.RDat	ENSG00000281468.1	19	27802837	27802838	0.136	rs4806027	-5.14	rs10401215	0.01997	-3.97	1.00977	297	10	enet	-0.0022	0.4	-0.61546	0.538
Ovary	/media/kame/Data/_workings/resource/GTEv8//GTExv8.EUR.Ovary/ENSG00000267623.3.wgt.RDat	ENSG00000267623.3	19	27902594	27902595	0.219	rs10413945	6.13	rs10404060	-0.002718	-3.13	-2.03307	345	25	enet	0.018	0.061	0.23084	0.817
Ovary	/media/kame/Data/_workings/resource/GTEv8//GTExv8.EUR.Ovary/ENSG00000105173.13.wgt.RDat	ENSG00000105173.13	19	29811897	29811898	0.198	rs11668282	-5.34	rs7257330	0.077352	-4.44	1.49877	472	16	enet	0.077	0.00058	-2.11999	0.034
Ovary	/media/kame/Data/_workings/resource/GTEv8//GTExv8.EUR.Ovary/ENSG00000284430.1.wgt.RDat	ENSG00000284430.1	19	31100303	31100304	0.408	rs7247696	4.71	rs1948557	0.292029	6.55	0.07096	398	16	enet	0.32	2.1e-13	-0.28293	0.777
Ovary	/media/kame/Data/_workings/resource/GTEv8//GTExv8.EUR.Ovary/ENSG00000267213.4.wgt.RDat	ENSG00000267213.4	19	32405541	32405542	0.203	rs2867737	-5.75	rs3810400	0.14359	-4.89	0.61803	406	11	enet	0.056	0.0031	0.45099	0.652
Ovary	/media/kame/Data/_workings/resource/GTEv8//GTExv8.EUR.Ovary/ENSG00000021488.12.wgt.RDat	ENSG00000021488.12	19	32869765	32869766	0.523	rs751732	3.94	rs10410304	0.358527	-7.12	-1.11583	413	18	enet	0.36	7.6e-15	0.93505	0.35
Ovary	/media/kame/Data/_workings/resource/GTEv8//GTExv8.EUR.Ovary/ENSG00000076650.6.wgt.RDat	ENSG00000076650.6	19	33080879	33080880	0.157	rs751732	3.94	rs1559088	0.054703	4.61	1.58607	450	12	enet	0.033	0.018	1.04038	0.298
Ovary	/media/kame/Data/_workings/resource/GTEv8//GTExv8.EUR.Ovary/ENSG00000089335.20.wgt.RDat	ENSG00000089335.20	19	34677638	34677639	0.454	rs2278996	4.66	rs8112651	0.259273	-6.19	-0.37814	415	20	enet	0.2	3.5e-08	0.71612	0.474
Ovary	/media/kame/Data/_workings/resource/GTEv8//GTExv8.EUR.Ovary/ENSG00000261754.2.wgt.RDat	ENSG00000261754.2	19	34814344	34814345	0.381	rs2278996	4.66	rs2269757	0.000132	3.33	-3.53967	446	57	enet	0.053	0.0039	-2.24264	0.0249
Ovary	/media/kame/Data/_workings/resource/GTEv8//GTExv8.EUR.Ovary/ENSG00000271109.1.wgt.RDat	ENSG00000271109.1	19	34860575	34860576	0.228	rs2278996	4.66	rs4806060	0.138001	5.14	-1.45001	460	23	enet	0.054	0.0034	-2.79883	0.00513
Ovary	/media/kame/Data/_workings/resource/GTEv8//GTExv8.EUR.Ovary/ENSG00000105711.11.wgt.RDat	ENSG00000105711.11	19	35030465	35030466	0.205	rs2278996	4.66	rs2546020	0.131369	-4.35	1.60867	493	13	enet	0.089	0.00022	-0.94723	0.344
Ovary	/media/kame/Data/_workings/resource/GTEv8//GTExv8.EUR.Ovary/ENSG00000126266.3.wgt.RDat	ENSG00000126266.3	19	35351551	35351552	0.539	rs2278996	4.66	rs12985354	0.318377	-6.71	0.04686	486	46	enet	0.33	7.5e-14	-0.50576	0.613
Ovary	/media/kame/Data/_workings/resource/GTEv8//GTExv8.EUR.Ovary/ENSG00000011590.13.wgt.RDat	ENSG00000011590.13	19	35704526	35704527	0.393	rs7247057	-7.8	rs231238	0.399455	7.66	0.07327	441	16	enet	0.36	2.9e-15	0.19593	0.845
Ovary	/media/kame/Data/_workings/resource/GTEv8//GTExv8.EUR.Ovary/ENSG00000161265.14.wgt.RDat	ENSG00000161265.14	19	35744980	35744981	0.648	rs7247057	-7.8	rs12459634	0.371119	7.38	0.64551	431	16	enet	0.36	2.9e-15	0.93067	0.352
Ovary	/media/kame/Data/_workings/resource/GTEv8//GTExv8.EUR.Ovary/ENSG00000167595.14.wgt.RDat	ENSG00000167595.14	19	35758142	35758143	0.229	rs7247057	-7.8	rs173003	0.088121	4.23	0.08977	424	8	enet	0.0049	0.2	0.35991	0.719
Ovary	/media/kame/Data/_workings/resource/GTEv8//GTExv8.EUR.Ovary/ENSG00000267049.1.wgt.RDat	ENSG00000267049.1	19	35771027	35771028	0.175	rs7247057	-7.8	rs7252243	0.132137	-4.54	1.32134	426	19	enet	0.031	0.022	-0.25344	0.8
Ovary	/media/kame/Data/_workings/resource/GTEv8//GTExv8.EUR.Ovary/ENSG00000225872.3.wgt.RDat	ENSG00000225872.3	19	35797901	35797902	0.2	rs7247057	-7.8	rs807485	0.17583	5.39	-0.31991	413	17	enet	0.14	5.1e-06	-0.96734	0.333
Ovary	/media/kame/Data/_workings/resource/GTEv8//GTExv8.EUR.Ovary/ENSG00000105258.8.wgt.RDat	ENSG00000105258.8	19	36114250	36114251	0.288	rs7247057	-7.8	rs7247057	-0.003378	3.06	-7.79521	339	23	enet	-0.007	0.84	-0.06224	0.95
Ovary	/media/kame/Data/_workings/resource/GTEv8//GTExv8.EUR.Ovary/ENSG00000126247.10.wgt.RDat	ENSG00000126247.10	19	36139574	36139575	0.162	rs7247057	-7.8	rs7252243	0.075061	3.55	1.32134	330	14	enet	0.047	0.0062	2.93297	0.00336
Ovary	/media/kame/Data/_workings/resource/GTEv8//GTExv8.EUR.Ovary/ENSG00000232677.6.wgt.RDat	ENSG00000232677.6	19	36331717	36331718	0.222	rs7247057	-7.8	rs2857	0.078041	-4.69	-0.10419	303	24	enet	0.053	0.0039	-0.31642	0.752
Ovary	/media/kame/Data/_workings/resource/GTEv8//GTExv8.EUR.Ovary/ENSG00000142065.13.wgt.RDat	ENSG00000142065.13	19	36379198	36379199	0.162	rs7247057	-7.8	rs12459704	0.100877	4.13	-0.19629	302	31	enet	0.015	0.08	-0.59921	0.549
Ovary	/media/kame/Data/_workings/resource/GTEv8//GTExv8.EUR.Ovary/ENSG00000186020.12.wgt.RDat	ENSG00000186020.12	19	36589700	36589701	0.101	rs2072606	-4.81	rs7257135	0.030548	-3.4	0.46588	302	22	enet	0.047	0.0061	-0.48152	0.63
Ovary	/media/kame/Data/_workings/resource/GTEv8//GTExv8.EUR.Ovary/ENSG00000189042.13.wgt.RDat	ENSG00000189042.13	19	36687627	36687628	0.133	rs10426229	4.64	rs3108580	0.069939	-4.12	0.73555	285	39	enet	0.014	0.091	-0.42428	0.671
Ovary	/media/kame/Data/_workings/resource/GTEv8//GTExv8.EUR.Ovary/ENSG00000198453.12.wgt.RDat	ENSG00000198453.12	19	36916328	36916329	0.113	rs10426229	4.64	rs7251087	0.066456	3.85	0.90518	283	10	enet	0.078	0.00052	0.12411	0.901
Ovary	/media/kame/Data/_workings/resource/GTEv8//GTExv8.EUR.Ovary/ENSG00000245680.9.wgt.RDat	ENSG00000245680.9	19	37217924	37217925	0.116	rs10426229	4.64	rs571294	0.133637	-4.71	0.05433	277	18	enet	0.11	2.8e-05	0.14455	0.885
Ovary	/media/kame/Data/_workings/resource/GTEv8//GTExv8.EUR.Ovary/ENSG00000226686.7.wgt.RDat	ENSG00000226686.7	19	37251911	37251912	0.264	rs10426229	4.64	rs256744	0.244661	5.96	0.48468	282	49	enet	0.2	2.5e-08	0.40543	0.685
Ovary	/media/kame/Data/_workings/resource/GTEv8//GTExv8.EUR.Ovary/ENSG00000267470.5.wgt.RDat	ENSG00000267470.5	19	37549532	37549533	0.167	rs7252518	3.93	rs2291004	0.05983	4.17	0.55232	280	6	enet	0.071	0.00092	0.27013	0.787
Ovary	/media/kame/Data/_workings/resource/GTEv8//GTExv8.EUR.Ovary/ENSG00000196381.10.wgt.RDat	ENSG00000196381.10	19	37678772	37678773	0.141	rs320891	2.21	rs17306900	0.134275	-4.91	-0.46552	294	11	enet	0.1	7e-05	0.57949	0.562
Ovary	/media/kame/Data/_workings/resource/GTEv8//GTExv8.EUR.Ovary/ENSG00000167644.11.wgt.RDat	ENSG00000167644.11	19	38304160	38304161	0.198	rs11881305	3.89	rs4802327	0.136178	-4.97	0.87518	366	18	enet	0.082	4e-04	-1.44705	0.148
Ovary	/media/kame/Data/_workings/resource/GTEv8//GTExv8.EUR.Ovary/ENSG00000182472.8.wgt.RDat	ENSG00000182472.8	19	38769903	38769904	0.243	rs6508841	-4.13	rs979971	0.055998	4.6	0.02384	398	23	enet	0.15	2e-06	-0.33475	0.738
Ovary	/media/kame/Data/_workings/resource/GTEv8//GTExv8.EUR.Ovary/ENSG00000269486.2.wgt.RDat	ENSG00000269486.2	19	38938631	38938632	0.293	rs6508841	-4.13	rs8113389	0.232411	5.84	0.158	390	5	enet	0.2	1.9e-08	0.17912	0.858
Ovary	/media/kame/Data/_workings/resource/GTEv8//GTExv8.EUR.Ovary/ENSG00000269190.5.wgt.RDat	ENSG00000269190.5	19	38975909	38975910	0.271	rs6508841	-4.13	rs4803027	0.173201	5.36	-1.0513	391	11	enet	0.096	0.00013	-1.23005	0.219
Ovary	/media/kame/Data/_workings/resource/GTEv8//GTExv8.EUR.Ovary/ENSG00000197782.14.wgt.RDat	ENSG00000197782.14	19	40090752	40090753	0.183	rs3760920	3.26	rs371500	0.008292	3.78	-0.12392	383	18	enet	-0.0032	0.45	0.0203	0.984
Ovary	/media/kame/Data/_workings/resource/GTEv8//GTExv8.EUR.Ovary/ENSG00000130758.7.wgt.RDat	ENSG00000130758.7	19	40191743	40191744	0.293	rs12979249	-3.72	rs3746006	0.034477	-4.1	0.23682	389	37	enet	0.062	0.0019	-0.30637	0.759
Ovary	/media/kame/Data/_workings/resource/GTEv8//GTExv8.EUR.Ovary/ENSG00000188493.14.wgt.RDat	ENSG00000188493.14	19	40751552	40751553	0.215	rs17726276	-4.83	rs2369302	0.158656	4.83	-1.23378	431	18	enet	0.089	0.00022	-1.19239	0.233
Ovary	/media/kame/Data/_workings/resource/GTEv8//GTExv8.EUR.Ovary/ENSG00000255974.7.wgt.RDat	ENSG00000255974.7	19	40850446	40850447	0.252	rs17726276	-4.83	rs3869579	0.194484	-5.46	-0.29176	425	28	enet	0.18	9.3e-08	-0.2088	0.835
Ovary	/media/kame/Data/_workings/resource/GTEv8//GTExv8.EUR.Ovary/ENSG00000198077.10.wgt.RDat	ENSG00000198077.10	19	40882751	40882752	0.254	rs17726276	-4.83	rs3875159	0.256813	-6.02	-0.13841	420	23	enet	0.25	3.6e-10	-0.11161	0.911
Ovary	/media/kame/Data/_workings/resource/GTEv8//GTExv8.EUR.Ovary/ENSG00000077348.8.wgt.RDat	ENSG00000077348.8	19	41397458	41397459	0.204	rs887391	6.18	rs305954	0.007996	-2.95	0.27619	376	32	enet	0.075	0.00068	0.25639	0.798
Ovary	/media/kame/Data/_workings/resource/GTEv8//GTExv8.EUR.Ovary/ENSG00000267107.6.wgt.RDat	ENSG00000267107.6	19	41500648	41500649	0.525	rs887391	6.18	rs11672691	0.35804	-7.53	3.2055	346	5	enet	0.4	5.2e-17	-3.57685	0.000348
Ovary	/media/kame/Data/_workings/resource/GTEv8//GTExv8.EUR.Ovary/ENSG00000176472.10.wgt.RDat	ENSG00000176472.10	19	43525496	43525497	0.43	rs189445	4.2	rs2682562	0.508224	8.36	0.40311	374	22	enet	0.51	9.1e-23	0.27466	0.784
Ovary	/media/kame/Data/_workings/resource/GTEv8//GTExv8.EUR.Ovary/ENSG00000234465.10.wgt.RDat	ENSG00000234465.10	19	43576799	43576800	0.396	rs189445	4.2	rs2682562	0.246515	-6.31	0.40311	385	36	enet	0.3	1.4e-12	-0.59848	0.55
Ovary	/media/kame/Data/_workings/resource/GTEv8//GTExv8.EUR.Ovary/ENSG00000073050.11.wgt.RDat	ENSG00000073050.11	19	43580472	43580473	0.174	rs189445	4.2	rs2682547	0.1663	5.29	0.53842	385	5	enet	0.09	0.00021	0.19733	0.844
Ovary	/media/kame/Data/_workings/resource/GTEv8//GTExv8.EUR.Ovary/ENSG00000176222.8.wgt.RDat	ENSG00000176222.8	19	43884050	43884051	0.287	rs189445	4.2	rs8104290	0.217868	5.6	-0.8372	453	31	enet	0.15	1.3e-06	-0.65117	0.515
Ovary	/media/kame/Data/_workings/resource/GTEv8//GTExv8.EUR.Ovary/ENSG00000204920.10.wgt.RDat	ENSG00000204920.10	19	43967861	43967862	0.465	rs189445	4.2	rs10423679	0.067886	-5.12	-0.91952	476	45	enet	0.076	0.00061	0.20422	0.838
Ovary	/media/kame/Data/_workings/resource/GTEv8//GTExv8.EUR.Ovary/ENSG00000178386.12.wgt.RDat	ENSG00000178386.12	19	44051366	44051367	0.202	rs189445	4.2	rs7254261	0.059314	4.41	0.69754	508	10	enet	0.043	0.0081	0.48643	0.627
Ovary	/media/kame/Data/_workings/resource/GTEv8//GTExv8.EUR.Ovary/ENSG00000142252.10.wgt.RDat	ENSG00000142252.10	19	45079194	45079195	0.342	rs17562787	-6.77	rs10405859	0.079395	4.67	1.49232	362	19	enet	0.037	0.013	2.70721	0.00679
Ovary	/media/kame/Data/_workings/resource/GTEv8//GTExv8.EUR.Ovary/ENSG00000117877.10.wgt.RDat	ENSG00000117877.10	19	45406208	45406209	0.202	rs17562787	-6.77	rs3212986	0.003632	-3.56	-0.22677	367	17	enet	0.0095	0.13	1.43128	0.152
Ovary	/media/kame/Data/_workings/resource/GTEv8//GTExv8.EUR.Ovary/ENSG00000012061.15.wgt.RDat	ENSG00000012061.15	19	45478827	45478828	0.273	rs17562787	-6.77	rs2298881	0.163296	-4.94	0.73172	376	49	enet	0.11	4.3e-05	-0.92037	0.357
Ovary	/media/kame/Data/_workings/resource/GTEv8//GTExv8.EUR.Ovary/ENSG00000104936.17.wgt.RDat	ENSG00000104936.17	19	45782551	45782552	0.299	rs4803895	7.22	rs10418603	0.061728	3.6	0.10213	388	59	enet	0.016	0.074	-0.37167	0.71
Ovary	/media/kame/Data/_workings/resource/GTEv8//GTExv8.EUR.Ovary/ENSG00000182013.17.wgt.RDat	ENSG00000182013.17	19	46471562	46471563	0.432	rs4803895	7.22	rs12978825	0.281831	6.45	1.50383	375	26	enet	0.26	1.6e-10	1.32581	0.185
Ovary	/media/kame/Data/_workings/resource/GTEv8//GTExv8.EUR.Ovary/ENSG00000181027.10.wgt.RDat	ENSG00000181027.10	19	46746045	46746046	0.496	rs10407441	9.17	rs3848528	0.324756	6.8	0.94594	336	8	enet	0.26	8.3e-11	0.95046	0.342
Ovary	/media/kame/Data/_workings/resource/GTEv8//GTExv8.EUR.Ovary/ENSG00000090372.14.wgt.RDat	ENSG00000090372.14	19	46746993	46746994	0.206	rs10407441	9.17	rs3786705	0.091711	-4.83	0.78247	336	5	enet	0.095	0.00014	-1.015	0.31
Ovary	/media/kame/Data/_workings/resource/GTEv8//GTExv8.EUR.Ovary/ENSG00000105499.13.wgt.RDat	ENSG00000105499.13	19	48110816	48110817	0.284	rs1132054	5.28	rs156641	0.168744	-5.28	-2.44281	512	7	enet	0.13	9.1e-06	2.33707	0.0194
Ovary	/media/kame/Data/_workings/resource/GTEv8//GTExv8.EUR.Ovary/ENSG00000280353.1.wgt.RDat	ENSG00000280353.1	19	48199719	48199720	0.344	rs1132054	5.28	rs4802442	0.087084	4.62	-0.61879	498	57	enet	0.096	0.00013	-1.11787	0.264
Ovary	/media/kame/Data/_workings/resource/GTEv8//GTExv8.EUR.Ovary/ENSG00000268001.1.wgt.RDat	ENSG00000268001.1	19	48255674	48255675	0.279	rs1132054	5.28	rs16981882	0.1424	-4.59	-0.26992	514	5	enet	0.086	0.00029	0.69971	0.484
Ovary	/media/kame/Data/_workings/resource/GTEv8//GTExv8.EUR.Ovary/ENSG00000105479.15.wgt.RDat	ENSG00000105479.15	19	48320810	48320811	0.341	rs1132054	5.28	rs249368	0.106509	-5.06	-0.20335	505	20	enet	0.1	7.3e-05	-0.09738	0.922
Ovary	/media/kame/Data/_workings/resource/GTEv8//GTExv8.EUR.Ovary/ENSG00000105443.13.wgt.RDat	ENSG00000105443.13	19	48469693	48469694	0.348	rs1132054	5.28	rs16981262	0.021714	3.67	-0.65995	525	12	enet	0.055	0.0032	-0.36736	0.713
Ovary	/media/kame/Data/_workings/resource/GTEv8//GTExv8.EUR.Ovary/ENSG00000232871.8.wgt.RDat	ENSG00000232871.8	19	48638144	48638145	0.495	rs1132054	5.28	rs550455	0.266851	-6.2	-0.40539	459	40	enet	0.26	1.3e-10	-0.39413	0.693
Ovary	/media/kame/Data/_workings/resource/GTEv8//GTExv8.EUR.Ovary/ENSG00000142233.11.wgt.RDat	ENSG00000142233.11	19	48673080	48673081	0.581	rs1132054	5.28	rs433852	0.051118	-4.02	0.31818	456	39	enet	0.073	0.00076	0.10286	0.918
Ovary	/media/kame/Data/_workings/resource/GTEv8//GTExv8.EUR.Ovary/ENSG00000105538.9.wgt.RDat	ENSG00000105538.9	19	48740720	48740721	0.454	rs1132054	5.28	rs973579	0.182874	5.94	0.49686	433	37	enet	0.28	1.9e-11	0.11836	0.906
Ovary	/media/kame/Data/_workings/resource/GTEv8//GTExv8.EUR.Ovary/ENSG00000182264.8.wgt.RDat	ENSG00000182264.8	19	48746908	48746909	0.257	rs1132054	5.28	rs281380	0.012529	-3.84	0.02554	428	21	enet	-0.0069	0.8	1.27927	0.201
Ovary	/media/kame/Data/_workings/resource/GTEv8//GTExv8.EUR.Ovary/ENSG00000087076.8.wgt.RDat	ENSG00000087076.8	19	48836677	48836678	0.569	rs1132054	5.28	rs16982311	0.388779	-7.43	0.85834	412	9	enet	0.4	8.8e-17	-0.60393	0.546
Ovary	/media/kame/Data/_workings/resource/GTEv8//GTExv8.EUR.Ovary/ENSG00000104805.15.wgt.RDat	ENSG00000104805.15	19	48900049	48900050	0.256	rs1132054	5.28	rs8112811	0.001534	4	-0.10379	418	27	enet	0.074	0.00075	-0.04811	0.962
Ovary	/media/kame/Data/_workings/resource/GTEv8//GTExv8.EUR.Ovary/ENSG00000104852.14.wgt.RDat	ENSG00000104852.14	19	49085418	49085419	0.319	rs7258719	8.48	rs34256680	0.105826	-4.32	-0.15938	410	39	enet	0.084	0.00032	0.96974	0.332
Ovary	/media/kame/Data/_workings/resource/GTEv8//GTExv8.EUR.Ovary/ENSG00000063127.15.wgt.RDat	ENSG00000063127.15	19	49325224	49325225	0.207	rs7258719	8.48	rs9304684	0.140466	4.79	0.62442	376	11	enet	0.067	0.0013	0.49127	0.623
Ovary	/media/kame/Data/_workings/resource/GTEv8//GTExv8.EUR.Ovary/ENSG00000104901.6.wgt.RDat	ENSG00000104901.6	19	49361782	49361783	0.339	rs7258719	8.48	rs2288478	0.221967	5.94	0.77402	375	25	enet	0.2	3.2e-08	0.15543	0.876
Ovary	/media/kame/Data/_workings/resource/GTEv8//GTExv8.EUR.Ovary/ENSG00000268686.1.wgt.RDat	ENSG00000268686.1	19	49388080	49388081	0.357	rs7258719	8.48	rs7248176	0.142953	-5.57	0.6494	373	15	enet	0.14	3.4e-06	-0.33679	0.736
Ovary	/media/kame/Data/_workings/resource/GTEv8//GTExv8.EUR.Ovary/ENSG00000161618.9.wgt.RDat	ENSG00000161618.9	19	49453168	49453169	0.267	rs7258719	8.48	rs3760669	0.169374	5.12	2.22261	371	29	enet	0.13	8.8e-06	4.37124	1.24e-05
Ovary	/media/kame/Data/_workings/resource/GTEv8//GTExv8.EUR.Ovary/ENSG00000142534.6.wgt.RDat	ENSG00000142534.6	19	49496373	49496374	0.199	rs7258719	8.48	rs739347	0.070787	-3.89	-1.26681	370	7	enet	0.032	0.02	1.39201	0.164
Ovary	/media/kame/Data/_workings/resource/GTEv8//GTExv8.EUR.Ovary/ENSG00000104870.12.wgt.RDat	ENSG00000104870.12	19	49512278	49512279	0.234	rs7258719	8.48	rs2878342	0.070113	-4.76	-3.1863	366	8	enet	0.039	0.012	2.26895	0.0233
Ovary	/media/kame/Data/_workings/resource/GTEv8//GTExv8.EUR.Ovary/ENSG00000126464.13.wgt.RDat	ENSG00000126464.13	19	49591642	49591643	0.19	rs7258719	8.48	rs2288921	0.121159	4.33	3.37698	362	14	enet	-0.0054	0.61	1.58804	0.112
Ovary	/media/kame/Data/_workings/resource/GTEv8//GTExv8.EUR.Ovary/ENSG00000213024.11.wgt.RDat	ENSG00000213024.11	19	49929699	49929700	0.21	rs7258719	8.48	rs11084002	-0.007301	3.28	0.15461	338	28	enet	0.017	0.069	-0.40964	0.682
Ovary	/media/kame/Data/_workings/resource/GTEv8//GTExv8.EUR.Ovary/ENSG00000161643.12.wgt.RDat	ENSG00000161643.12	19	49969672	49969673	0.251	rs12984428	-4.43	rs12609054	0.181126	6.06	-0.12557	337	13	enet	0.17	3e-07	-0.23451	0.815
Ovary	/media/kame/Data/_workings/resource/GTEv8//GTExv8.EUR.Ovary/ENSG00000261341.6.wgt.RDat	ENSG00000261341.6	19	50793141	50793142	0.335	rs1568003	-7.56	rs11668998	0.254557	6.03	3.16059	534	11	enet	0.21	9.6e-09	3.00784	0.00263
Ovary	/media/kame/Data/_workings/resource/GTEv8//GTExv8.EUR.Ovary/ENSG00000180279.6.wgt.RDat	ENSG00000180279.6	19	50808873	50808874	0.416	rs1568003	-7.56	rs11673306	0.346527	6.94	-0.34929	536	10	enet	0.3	1.3e-12	-0.38685	0.699
Ovary	/media/kame/Data/_workings/resource/GTEv8//GTExv8.EUR.Ovary/ENSG00000142549.9.wgt.RDat	ENSG00000142549.9	19	51311847	51311848	0.394	rs1568003	-7.56	rs6509525	0.003771	3.87	3.88679	673	34	enet	0.16	6.9e-07	1.25096	0.211
Ovary	/media/kame/Data/_workings/resource/GTEv8//GTExv8.EUR.Ovary/ENSG00000254521.6.wgt.RDat	ENSG00000254521.6	19	51501788	51501789	0.227	rs1568003	-7.56	rs1551556	0.118771	5.32	0.24714	629	14	enet	0.13	8.3e-06	-0.66749	0.504
Ovary	/media/kame/Data/_workings/resource/GTEv8//GTExv8.EUR.Ovary/ENSG00000273837.1.wgt.RDat	ENSG00000273837.1	19	51639930	51639931	0.305	rs273628	4.26	rs10424234	0.019326	-3.76	0.57089	592	30	enet	0.12	1.3e-05	-0.56836	0.57
Ovary	/media/kame/Data/_workings/resource/GTEv8//GTExv8.EUR.Ovary/ENSG00000275055.1.wgt.RDat	ENSG00000275055.1	19	52049507	52049508	0.229	rs10520481	6.05	rs2278414	0.009577	-3.66	0.00667	573	32	enet	0.0041	0.21	-2.19775	0.028
Ovary	/media/kame/Data/_workings/resource/GTEv8//GTExv8.EUR.Ovary/ENSG00000221923.8.wgt.RDat	ENSG00000221923.8	19	52369916	52369917	0.612	rs10520481	6.05	rs4802926	0.454768	7.94	0.02233	484	15	enet	0.46	6.1e-20	-0.40348	0.687
Ovary	/media/kame/Data/_workings/resource/GTEv8//GTExv8.EUR.Ovary/ENSG00000269834.5.wgt.RDat	ENSG00000269834.5	19	52397765	52397766	0.331	rs10520481	6.05	rs4802926	0.119063	-4.49	0.02233	462	42	enet	0.11	5.3e-05	1.67595	0.0937
Ovary	/media/kame/Data/_workings/resource/GTEv8//GTExv8.EUR.Ovary/ENSG00000167555.13.wgt.RDat	ENSG00000167555.13	19	52397848	52397849	0.36	rs10520481	6.05	rs2290745	0.166045	-5.85	-1.53939	462	20	enet	0.17	3e-07	1.83541	0.0664
Ovary	/media/kame/Data/_workings/resource/GTEv8//GTExv8.EUR.Ovary/ENSG00000198633.10.wgt.RDat	ENSG00000198633.10	19	52429186	52429187	0.554	rs10520481	6.05	rs2290747	0.329016	7.11	-2.4087	461	22	enet	0.37	1.7e-15	-2.41392	0.0158
Ovary	/media/kame/Data/_workings/resource/GTEv8//GTExv8.EUR.Ovary/ENSG00000258405.9.wgt.RDat	ENSG00000258405.9	19	52453575	52453576	0.236	rs10520481	6.05	rs6509637	0.135707	4.55	-3.31421	454	29	enet	0.072	0.00087	-2.6421	0.00824
Ovary	/media/kame/Data/_workings/resource/GTEv8//GTExv8.EUR.Ovary/ENSG00000167766.18.wgt.RDat	ENSG00000167766.18	19	52690495	52690496	0.71	rs4801954	8.07	rs7257138	0.378158	7.38	0.42723	461	21	enet	0.47	1.3e-20	0.1154	0.908
Ovary	/media/kame/Data/_workings/resource/GTEv8//GTExv8.EUR.Ovary/ENSG00000189190.9.wgt.RDat	ENSG00000189190.9	19	52786790	52786791	0.589	rs4801954	8.07	rs12973596	0.252325	-6.21	0.01454	472	38	enet	0.24	5e-10	-0.05519	0.956
Ovary	/media/kame/Data/_workings/resource/GTEv8//GTExv8.EUR.Ovary/ENSG00000268225.2.wgt.RDat	ENSG00000268225.2	19	52862865	52862866	0.492	rs4801954	8.07	rs3810115	0.150157	5.5	2.33914	466	35	enet	0.22	3.6e-09	1.88423	0.0595
Ovary	/media/kame/Data/_workings/resource/GTEv8//GTExv8.EUR.Ovary/ENSG00000182986.12.wgt.RDat	ENSG00000182986.12	19	52897683	52897684	0.478	rs4801954	8.07	rs3810115	0.369243	7.22	2.33914	457	6	enet	0.32	4.4e-13	2.29191	0.0219
Ovary	/media/kame/Data/_workings/resource/GTEv8//GTExv8.EUR.Ovary/ENSG00000170949.17.wgt.RDat	ENSG00000170949.17	19	53103435	53103436	0.343	rs4801954	8.07	rs12984129	0.090017	4.8	4.8952	485	18	enet	0.12	1.5e-05	1.16063	0.246
Ovary	/media/kame/Data/_workings/resource/GTEv8//GTExv8.EUR.Ovary/ENSG00000197937.12.wgt.RDat	ENSG00000197937.12	19	53159059	53159060	0.362	rs4801954	8.07	rs1650972	0.027173	4.34	2.00209	480	53	enet	0.043	0.0081	1.37762	0.168
Ovary	/media/kame/Data/_workings/resource/GTEv8//GTExv8.EUR.Ovary/ENSG00000197497.10.wgt.RDat	ENSG00000197497.10	19	53193385	53193386	0.389	rs4801954	8.07	rs11666426	0.201803	5.43	-1.34033	472	22	enet	0.25	1.8e-10	0.36315	0.716
Ovary	/media/kame/Data/_workings/resource/GTEv8//GTExv8.EUR.Ovary/ENSG00000269001.2.wgt.RDat	ENSG00000269001.2	19	53197110	53197111	0.378	rs4801954	8.07	rs4801965	0.279196	-6.33	-2.72445	475	12	enet	0.28	1.8e-11	2.70964	0.00674
Ovary	/media/kame/Data/_workings/resource/GTEv8//GTExv8.EUR.Ovary/ENSG00000241015.2.wgt.RDat	ENSG00000241015.2	19	53431983	53431984	0.473	rs4801954	8.07	rs4803113	0.087178	5.17	0.73514	485	10	enet	0.22	5.5e-09	-0.94745	0.343
Ovary	/media/kame/Data/_workings/resource/GTEv8//GTExv8.EUR.Ovary/ENSG00000267265.5.wgt.RDat	ENSG00000267265.5	19	55006192	55006193	0.412	rs10422812	-4.69	rs1059211	0.170243	5.2	-1.17364	469	54	enet	0.23	1.5e-09	-1.31117	0.19
Ovary	/media/kame/Data/_workings/resource/GTEv8//GTExv8.EUR.Ovary/ENSG00000160439.15.wgt.RDat	ENSG00000160439.15	19	55071290	55071291	0.465	rs1749282	-4.31	rs1654431	0.303418	-6.66	0.41508	453	16	enet	0.33	9e-14	-0.1071	0.915
Ovary	/media/kame/Data/_workings/resource/GTEv8//GTExv8.EUR.Ovary/ENSG00000218891.4.wgt.RDat	ENSG00000218891.4	19	55580844	55580845	0.292	rs11084396	4.1	rs12972487	-0.006011	3.81	-3.27092	568	23	enet	0.017	0.067	-1.10885	0.267
Ovary	/media/kame/Data/_workings/resource/GTEv8//GTExv8.EUR.Ovary/ENSG00000179922.5.wgt.RDat	ENSG00000179922.5	19	55624600	55624601	0.233	rs11672395	-4.4	rs810903	0.103329	3.97	-0.18287	575	3	enet	0.0013	0.28	-0.16088	0.872
Ovary	/media/kame/Data/_workings/resource/GTEv8//GTExv8.EUR.Ovary/ENSG00000213015.8.wgt.RDat	ENSG00000213015.8	19	55635015	55635016	0.338	rs11672395	-4.4	rs17635546	0.035772	4.12	0.00779	581	8	enet	0.075	7e-04	-0.18228	0.855
Ovary	/media/kame/Data/_workings/resource/GTEv8//GTExv8.EUR.Ovary/ENSG00000267454.5.wgt.RDat	ENSG00000267454.5	19	56393655	56393656	0.321	rs8101140	-5.54	rs9636161	0.198674	-5.44	-0.01447	531	5	enet	0.089	0.00022	0.04478	0.964
Ovary	/media/kame/Data/_workings/resource/GTEv8//GTExv8.EUR.Ovary/ENSG00000198046.11.wgt.RDat	ENSG00000198046.11	19	56477117	56477118	0.314	rs8101140	-5.54	rs10408921	0.148189	5.15	-0.21277	509	12	enet	0.077	0.00058	-0.00367	0.997
Ovary	/media/kame/Data/_workings/resource/GTEv8//GTExv8.EUR.Ovary/ENSG00000166770.10.wgt.RDat	ENSG00000166770.10	19	56477249	56477250	0.418	rs8101140	-5.54	rs6510000	0.072922	4.23	-0.51409	509	17	enet	0.032	0.02	0.16972	0.865
Ovary	/media/kame/Data/_workings/resource/GTEv8//GTExv8.EUR.Ovary/ENSG00000196263.7.wgt.RDat	ENSG00000196263.7	19	56507842	56507843	0.215	rs8101140	-5.54	rs7260223	0.189452	-5.21	-1.43328	504	12	enet	0.16	8.6e-07	0.71246	0.476
Ovary	/media/kame/Data/_workings/resource/GTEv8//GTExv8.EUR.Ovary/ENSG00000196867.7.wgt.RDat	ENSG00000196867.7	19	56538947	56538948	0.451	rs8101140	-5.54	rs8107062	0.104452	5.58	-1.81453	494	13	enet	0.2	2.6e-08	-0.64836	0.517
Ovary	/media/kame/Data/_workings/resource/GTEv8//GTExv8.EUR.Ovary/ENSG00000269696.1.wgt.RDat	ENSG00000269696.1	19	56567410	56567411	0.399	rs8101140	-5.54	rs12981980	0.298857	6.57	-0.04584	493	22	enet	0.26	6.7e-11	0.34167	0.733
Ovary	/media/kame/Data/_workings/resource/GTEv8//GTExv8.EUR.Ovary/ENSG00000268379.1.wgt.RDat	ENSG00000268379.1	19	57175232	57175233	0.387	rs2870478	-2.94	rs8106506	0.324187	6.56	-1.82271	506	47	enet	0.28	1.4e-11	-1.76374	0.0778
Ovary	/media/kame/Data/_workings/resource/GTEv8//GTExv8.EUR.Ovary/ENSG00000131845.14.wgt.RDat	ENSG00000131845.14	19	57351359	57351360	0.326	rs2870478	-2.94	rs1989455	0.151855	-5.45	0.43197	505	17	enet	0.12	1.4e-05	-0.37392	0.708
Ovary	/media/kame/Data/_workings/resource/GTEv8//GTExv8.EUR.Ovary/ENSG00000268678.1.wgt.RDat	ENSG00000268678.1	19	57352011	57352012	0.254	rs2870478	-2.94	rs862703	0.002242	-3.76	0.37281	505	16	enet	0.014	0.085	0.15273	0.879
Ovary	/media/kame/Data/_workings/resource/GTEv8//GTExv8.EUR.Ovary/ENSG00000186230.6.wgt.RDat	ENSG00000186230.6	19	57435328	57435329	0.464	rs1009158	-2.54	rs11665675	0.384147	-7.45	0.22518	487	16	enet	0.31	6.4e-13	-0.02359	0.981
Ovary	/media/kame/Data/_workings/resource/GTEv8//GTExv8.EUR.Ovary/ENSG00000276449.1.wgt.RDat	ENSG00000276449.1	19	57449688	57449689	0.497	rs1009158	-2.54	rs11665675	0.074009	4.61	0.22518	486	56	enet	0.19	4.8e-08	-0.53497	0.593
Ovary	/media/kame/Data/_workings/resource/GTEv8//GTExv8.EUR.Ovary/ENSG00000197128.11.wgt.RDat	ENSG00000197128.11	19	57477569	57477570	0.193	rs1009158	-2.54	rs11084499	0.09059	4.48	0.26811	483	35	enet	0.0091	0.14	0.47035	0.638
Ovary	/media/kame/Data/_workings/resource/GTEv8//GTExv8.EUR.Ovary/ENSG00000105136.20.wgt.RDat	ENSG00000105136.20	19	57487710	57487711	0.223	rs1009158	-2.54	rs12985337	0.050233	4.73	-0.3969	486	26	enet	0.13	7.3e-06	0.17256	0.863
Ovary	/media/kame/Data/_workings/resource/GTEv8//GTExv8.EUR.Ovary/ENSG00000152439.12.wgt.RDat	ENSG00000152439.12	19	57499914	57499915	0.236	rs1009158	-2.54	rs12977381	0.130408	4.84	-0.30037	486	11	enet	0.053	0.0038	-0.65764	0.511
Ovary	/media/kame/Data/_workings/resource/GTEv8//GTExv8.EUR.Ovary/ENSG00000083828.15.wgt.RDat	ENSG00000083828.15	19	57769654	57769655	0.29	rs159680	4.04	rs9304805	0.064679	4.58	-0.73621	480	17	enet	0.029	0.026	0.03991	0.968
Ovary	/media/kame/Data/_workings/resource/GTEv8//GTExv8.EUR.Ovary/ENSG00000173480.10.wgt.RDat	ENSG00000173480.10	19	57916609	57916610	0.165	rs159680	4.04	rs6510093	0.035139	3.82	0.61991	467	11	enet	-0.007	0.82	-0.14041	0.888
Ovary	/media/kame/Data/_workings/resource/GTEv8//GTExv8.EUR.Ovary/ENSG00000177025.3.wgt.RDat	ENSG00000177025.3	19	57974533	57974534	0.225	rs159680	4.04	rs257676	0.177692	-5.39	-0.18136	454	13	enet	0.14	3.4e-06	0.28094	0.779
Ovary	/media/kame/Data/_workings/resource/GTEv8//GTExv8.EUR.Ovary/ENSG00000176593.7.wgt.RDat	ENSG00000176593.7	19	58002060	58002061	0.352	rs2033711	-5.7	rs11669327	0.237162	6.36	0.06167	446	35	enet	0.23	2.4e-09	-0.4911	0.623
Ovary	/media/kame/Data/_workings/resource/GTEv8//GTExv8.EUR.Ovary/ENSG00000198131.13.wgt.RDat	ENSG00000198131.13	19	58228593	58228594	0.25	rs2033711	-5.7	rs2449632	0.051232	4.8	1.25246	362	17	enet	0.02	0.053	1.31168	0.19
Ovary	/media/kame/Data/_workings/resource/GTEv8//GTExv8.EUR.Ovary/ENSG00000268516.2.wgt.RDat	ENSG00000268516.2	19	58278807	58278808	0.214	rs2033711	-5.7	rs2449632	0.080652	4.59	1.25246	345	18	enet	0.086	0.00029	-0.04911	0.961
Ovary	/media/kame/Data/_workings/resource/GTEv8//GTExv8.EUR.Ovary/ENSG00000268049.1.wgt.RDat	ENSG00000268049.1	19	58358689	58358690	0.29	rs2033711	-5.7	rs3830	0.081927	-4.67	0.27345	320	39	enet	0.14	4.7e-06	-1.26931	0.204
Ovary	/media/kame/Data/_workings/resource/GTEv8//GTExv8.EUR.Ovary/ENSG00000269054.1.wgt.RDat	ENSG00000269054.1	19	58362584	58362585	0.23	rs2033711	-5.7	rs12459668	0.097243	3.94	0.20683	320	12	enet	0.0052	0.19	0.62751	0.53
Ovary	/media/kame/Data/_workings/resource/GTEv8//GTExv8.EUR.Ovary/ENSG00000152475.6.wgt.RDat	ENSG00000152475.6	19	58381059	58381060	0.272	rs2033711	-5.7	rs7254299	0.04241	-4.06	0.00713	312	27	enet	0.084	0.00034	0.2072	0.836
Ovary	/media/kame/Data/_workings/resource/GTEv8//GTExv8.EUR.Ovary/ENSG00000171574.17.wgt.RDat	ENSG00000171574.17	19	58401503	58401504	0.214	rs2033711	-5.7	rs35631681	0.208646	-5.77	-2.28118	308	14	enet	0.17	4.3e-07	1.75072	0.08
Ovary	/media/kame/Data/_workings/resource/GTEv8//GTExv8.EUR.Ovary/ENSG00000131849.11.wgt.RDat	ENSG00000131849.11	19	58440221	58440222	0.302	rs2033711	-5.7	rs35713506	0.163753	6.15	-0.04868	296	16	enet	0.25	1.9e-10	0.80996	0.418
Ovary	/media/kame/Data/_workings/resource/GTEv8//GTExv8.EUR.Ovary/ENSG00000269473.1.wgt.RDat	ENSG00000269473.1	19	58440447	58440448	0.103	rs2033711	-5.7	rs6510152	0.102031	4.49	-0.11538	296	10	enet	0.071	0.00093	-0.37613	0.707
Ovary	/media/kame/Data/_workings/resource/GTEv8//GTExv8.EUR.Ovary/ENSG00000083807.9.wgt.RDat	ENSG00000083807.9	19	58512064	58512065	0.221	rs2033711	-5.7	rs3826680	0.092695	3.99	1.7046	255	23	enet	0.034	0.017	2.0649	0.0389
Ovary	/media/kame/Data/_workings/resource/GTEv8//GTExv8.EUR.Ovary/ENSG00000269600.1.wgt.RDat	ENSG00000269600.1	19	58597815	58597816	0.246	rs2033711	-5.7	rs34415062	0.183389	-5.74	-1.52653	223	5	enet	0.17	2.8e-07	1.14587	0.252
Ovary	/media/kame/Data/_workings/resource/GTEv8//GTExv8.EUR.Ovary/ENSG00000101255.10.wgt.RDat	ENSG00000101255.10	20	362834	362835	0.3545	rs6053993	-5.04	rs6051550	0.24033	5.92	-0.35718	465	13	enet	0.29	4.8e-12	-0.11292	0.91
Ovary	/media/kame/Data/_workings/resource/GTEv8//GTExv8.EUR.Ovary/ENSG00000101282.8.wgt.RDat	ENSG00000101282.8	20	1002263	1002264	0.5628	rs6053993	-5.04	rs926823	0.13251	5.48	-1.12852	704	18	enet	0.14	2.8e-06	-0.715	0.475
Ovary	/media/kame/Data/_workings/resource/GTEv8//GTExv8.EUR.Ovary/ENSG00000125818.17.wgt.RDat	ENSG00000125818.17	20	1113262	1113263	0.4718	rs6053993	-5.04	rs3787573	0.13129	-5.12	-0.0473	703	23	enet	0.14	3.1e-06	1.30302	0.193
Ovary	/media/kame/Data/_workings/resource/GTEv8//GTExv8.EUR.Ovary/ENSG00000088833.17.wgt.RDat	ENSG00000088833.17	20	1467691	1467692	0.1858	rs6034968	-5.6	rs1048621	0.12618	4.35	-0.45059	642	76	enet	0.036	0.015	-0.30225	0.762
Ovary	/media/kame/Data/_workings/resource/GTEv8//GTExv8.EUR.Ovary/ENSG00000101307.15.wgt.RDat	ENSG00000101307.15	20	1620060	1620061	0.708	rs6034968	-5.6	rs17775933	0.50879	8.38	0.0988	621	22	enet	0.52	8.2e-24	-0.1466	0.883
Ovary	/media/kame/Data/_workings/resource/GTEv8//GTExv8.EUR.Ovary/ENSG00000088882.7.wgt.RDat	ENSG00000088882.7	20	2800636	2800637	0.2273	rs2422862	3.43	rs127078	0.17483	5.35	0.2796	536	9	enet	0.16	6e-07	0.32823	0.743
Ovary	/media/kame/Data/_workings/resource/GTEv8//GTExv8.EUR.Ovary/ENSG00000125901.5.wgt.RDat	ENSG00000125901.5	20	3045944	3045945	0.3817	rs2422862	3.43	rs6084203	0.04239	4.97	0.28144	436	20	enet	0.089	0.00022	0.26184	0.793
Ovary	/media/kame/Data/_workings/resource/GTEv8//GTExv8.EUR.Ovary/ENSG00000125877.12.wgt.RDat	ENSG00000125877.12	20	3208867	3208868	0.3782	rs2422862	3.43	rs11697114	0.24812	-6.13	-2.36518	431	30	enet	0.21	6.7e-09	1.74369	0.0812
Ovary	/media/kame/Data/_workings/resource/GTEv8//GTExv8.EUR.Ovary/ENSG00000275491.1.wgt.RDat	ENSG00000275491.1	20	3808356	3808357	0.5136	rs14161	-5.44	rs2282128	0.35407	-7.13	-0.06635	522	7	enet	0.32	3.2e-13	0.20295	0.839
Ovary	/media/kame/Data/_workings/resource/GTEv8//GTExv8.EUR.Ovary/ENSG00000229539.1.wgt.RDat	ENSG00000229539.1	20	3888837	3888838	0.2245	rs14161	-5.44	rs2300217	0.05422	4.39	1.47812	557	15	enet	0.07	0.001	1.26744	0.205
Ovary	/media/kame/Data/_workings/resource/GTEv8//GTExv8.EUR.Ovary/ENSG00000226608.3.wgt.RDat	ENSG00000226608.3	20	4023916	4023917	0.2535	rs14161	-5.44	rs2670314	-0.00719	-3.6	-0.14675	614	20	enet	0.033	0.019	-0.55806	0.577
Ovary	/media/kame/Data/_workings/resource/GTEv8//GTExv8.EUR.Ovary/ENSG00000089063.14.wgt.RDat	ENSG00000089063.14	20	5113102	5113103	0.4665	rs16991099	3.7	rs2326588	0.30819	-6.58	0.44067	609	12	enet	0.27	4.3e-11	-0.46492	0.642
Ovary	/media/kame/Data/_workings/resource/GTEv8//GTExv8.EUR.Ovary/ENSG00000230563.2.wgt.RDat	ENSG00000230563.2	20	5471206	5471207	0.4309	rs6139797	-4.64	rs3810569	0.31154	6.65	-0.14731	577	28	enet	0.31	8.1e-13	-0.27075	0.787
Ovary	/media/kame/Data/_workings/resource/GTEv8//GTExv8.EUR.Ovary/ENSG00000205181.5.wgt.RDat	ENSG00000205181.5	20	5504612	5504613	0.4543	rs6139797	-4.64	rs13039216	0.06995	4.81	-0.46257	577	17	enet	0.13	1.2e-05	0.13113	0.896
Ovary	/media/kame/Data/_workings/resource/GTEv8//GTExv8.EUR.Ovary/ENSG00000125845.6.wgt.RDat	ENSG00000125845.6	20	6767663	6767664	0.3765	rs6054457	-3.84	rs979548	-0.00487	-3.43	-1.69904	594	51	enet	3e-04	0.31	0.05311	0.958
Ovary	/media/kame/Data/_workings/resource/GTEv8//GTExv8.EUR.Ovary/ENSG00000125869.9.wgt.RDat	ENSG00000125869.9	20	9514357	9514358	0.2168	rs6039571	5.93	rs4816145	0.15877	4.85	-0.50638	587	20	enet	0.12	2.1e-05	-0.23693	0.813
Ovary	/media/kame/Data/_workings/resource/GTEv8//GTExv8.EUR.Ovary/ENSG00000225988.1.wgt.RDat	ENSG00000225988.1	20	9514997	9514998	0.2378	rs6039571	5.93	rs742451	-0.00554	3.33	-0.00338	587	48	enet	-0.0071	0.85	0.07215	0.942
Ovary	/media/kame/Data/_workings/resource/GTEv8//GTExv8.EUR.Ovary/ENSG00000132623.15.wgt.RDat	ENSG00000132623.15	20	10035040	10035041	0.4426	rs363012	-6.88	rs570855	0.12935	5.04	1.91309	681	60	enet	0.12	2.5e-05	2.24761	0.0246
Ovary	/media/kame/Data/_workings/resource/GTEv8//GTExv8.EUR.Ovary/ENSG00000212232.1.wgt.RDat	ENSG00000212232.1	20	17962945	17962946	0.2713	rs8116431	-6.72	rs11697158	0.05468	-4.31	0.33981	570	5	enet	0.0089	0.14	-0.1022	0.919
Ovary	/media/kame/Data/_workings/resource/GTEv8//GTExv8.EUR.Ovary/ENSG00000125871.13.wgt.RDat	ENSG00000125871.13	20	17968980	17968981	0.307	rs8116431	-6.72	rs3736771	0.18119	-5.12	-0.33918	568	15	enet	0.12	1.3e-05	0.20352	0.839
Ovary	/media/kame/Data/_workings/resource/GTEv8//GTExv8.EUR.Ovary/ENSG00000125821.11.wgt.RDat	ENSG00000125821.11	20	18587892	18587893	0.2579	rs8116431	-6.72	rs6112068	0.19986	-5.73	2.88247	484	19	enet	0.21	1.4e-08	-2.31837	0.0204
Ovary	/media/kame/Data/_workings/resource/GTEv8//GTExv8.EUR.Ovary/ENSG00000179935.9.wgt.RDat	ENSG00000179935.9	20	18794334	18794335	0.2077	rs1107458	-5.16	rs963435	0.06768	4.24	1.82253	513	12	enet	0.11	4.7e-05	0.89378	0.371
Ovary	/media/kame/Data/_workings/resource/GTEv8//GTExv8.EUR.Ovary/ENSG00000185052.11.wgt.RDat	ENSG00000185052.11	20	19212645	19212646	0.2425	rs1107458	-5.16	rs8117786	0.00255	3.16	0.4992	620	9	enet	-0.0058	0.65	-0.37323	0.709
Ovary	/media/kame/Data/_workings/resource/GTEv8//GTExv8.EUR.Ovary/ENSG00000235996.1.wgt.RDat	ENSG00000235996.1	20	19213476	19213477	0.3158	rs1107458	-5.16	rs6075403	0.00869	3.8	0.86315	621	19	enet	0.066	0.0013	0.21351	0.831
Ovary	/media/kame/Data/_workings/resource/GTEv8//GTExv8.EUR.Ovary/ENSG00000230387.2.wgt.RDat	ENSG00000230387.2	20	23187960	23187961	0.2635	rs2424502	4.24	rs6137866	0.26394	6.1	-0.84629	583	16	enet	0.17	3.1e-07	-0.70698	0.48
Ovary	/media/kame/Data/_workings/resource/GTEv8//GTExv8.EUR.Ovary/ENSG00000100987.14.wgt.RDat	ENSG00000100987.14	20	25082364	25082365	0.2883	rs6138506	-2.86	rs6076315	0.24363	-6.3	-0.62697	473	15	enet	0.22	3.1e-09	0.44896	0.653
Ovary	/media/kame/Data/_workings/resource/GTEv8//GTExv8.EUR.Ovary/ENSG00000100997.18.wgt.RDat	ENSG00000100997.18	20	25390982	25390983	0.1742	rs6138506	-2.86	rs1130694	0.20329	5.74	-0.16151	363	33	enet	0.18	1e-07	-0.13066	0.896
Ovary	/media/kame/Data/_workings/resource/GTEv8//GTExv8.EUR.Ovary/ENSG00000101004.14.wgt.RDat	ENSG00000101004.14	20	25585516	25585517	0.1119	rs6138506	-2.86	rs6076364	0.00315	3.6	-0.65568	269	4	enet	0.011	0.12	-1.10595	0.269
Ovary	/media/kame/Data/_workings/resource/GTEv8//GTExv8.EUR.Ovary/ENSG00000213742.6.wgt.RDat	ENSG00000213742.6	20	25624175	25624176	0.2221	rs6138506	-2.86	rs6050513	0.05073	-4.28	0.12204	263	14	enet	0.0082	0.15	0.09733	0.922
Ovary	/media/kame/Data/_workings/resource/GTEv8//GTExv8.EUR.Ovary/ENSG00000274973.1.wgt.RDat	ENSG00000274973.1	20	25845496	25845497	0.3508	rs6138809	4.06	rs2386804	0.25819	-6.48	0.21595	177	8	enet	0.25	2.4e-10	-0.49155	0.623
Ovary	/media/kame/Data/_workings/resource/GTEv8//GTExv8.EUR.Ovary/ENSG00000125804.13.wgt.RDat	ENSG00000125804.13	20	26054654	26054655	0.3821	rs6138809	4.06	rs2697515	0.22982	-6.19	-0.25515	97	26	enet	0.32	2.5e-13	2.13756	0.0326
Ovary	/media/kame/Data/_workings/resource/GTEv8//GTExv8.EUR.Ovary/ENSG00000205611.4.wgt.RDat	ENSG00000205611.4	20	30288478	30288479	0.112	rs6087210	-1.35	rs1811868	0.10889	4.08	0.33945	7	2	enet	0.072	0.00089	0.43755	0.662
Ovary	/media/kame/Data/_workings/resource/GTEv8//GTExv8.EUR.Ovary/ENSG00000149531.15.wgt.RDat	ENSG00000149531.15	20	30377371	30377372	0.0966	rs6087210	-1.35	rs1811868	0.08594	3.8	0.33945	7	1	enet	0.058	0.0026	0.33945	0.734
Ovary	/media/kame/Data/_workings/resource/GTEv8//GTExv8.EUR.Ovary/ENSG00000277112.3.wgt.RDat	ENSG00000277112.3	20	30723931	30723932	0.2264	rs6087210	-1.35	rs1811868	-0.00321	2.89	0.33945	7	4	enet	0.07	0.00099	-0.65548	0.512
Ovary	/media/kame/Data/_workings/resource/GTEv8//GTExv8.EUR.Ovary/ENSG00000175730.8.wgt.RDat	ENSG00000175730.8	20	32690814	32690815	0.4443	rs6059099	3.37	rs6057610	0.0407	4.16	-0.00811	396	79	enet	0.064	0.0016	-0.09273	0.926
Ovary	/media/kame/Data/_workings/resource/GTEv8//GTExv8.EUR.Ovary/ENSG00000276073.1.wgt.RDat	ENSG00000276073.1	20	33988988	33988989	0.2366	rs6057920	5.66	rs2223553	0.12842	4.66	-0.37114	240	11	enet	0.099	1e-04	-0.23655	0.813
Ovary	/media/kame/Data/_workings/resource/GTEv8//GTExv8.EUR.Ovary/ENSG00000101460.12.wgt.RDat	ENSG00000101460.12	20	34546853	34546854	0.1176	rs17305573	-4.62	rs4911429	0.04926	-4.41	1.51121	303	32	enet	0.044	0.0079	-1.30534	0.192
Ovary	/media/kame/Data/_workings/resource/GTEv8//GTExv8.EUR.Ovary/ENSG00000131069.19.wgt.RDat	ENSG00000131069.19	20	34872145	34872146	0.1218	rs4911442	-4.57	rs4911429	0.03857	-3.49	1.84407	348	33	enet	0.018	0.062	-0.59324	0.553
Ovary	/media/kame/Data/_workings/resource/GTEv8//GTExv8.EUR.Ovary/ENSG00000078814.15.wgt.RDat	ENSG00000078814.15	20	34975402	34975403	0.1127	rs4911442	-4.57	rs6088520	0.02351	3.6	-1.50523	351	19	enet	-0.007	0.84	-0.26298	0.793
Ovary	/media/kame/Data/_workings/resource/GTEv8//GTExv8.EUR.Ovary/ENSG00000100991.11.wgt.RDat	ENSG00000100991.11	20	35092870	35092871	0.3395	rs4911442	-4.57	rs11906160	0.06147	-4.07	-0.14487	342	33	enet	0.12	1.5e-05	-0.06382	0.949
Ovary	/media/kame/Data/_workings/resource/GTEv8//GTExv8.EUR.Ovary/ENSG00000125966.9.wgt.RDat	ENSG00000125966.9	20	35226653	35226654	0.1681	rs4911442	-4.57	rs2425050	0.06813	-4.11	0.31365	356	30	enet	0.072	0.00083	0.00531	0.996
Ovary	/media/kame/Data/_workings/resource/GTEv8//GTExv8.EUR.Ovary/ENSG00000279253.1.wgt.RDat	ENSG00000279253.1	20	35264186	35264187	0.3963	rs4911442	-4.57	rs2425050	0.27957	-6.65	0.31365	350	11	enet	0.26	9e-11	-0.00837	0.993
Ovary	/media/kame/Data/_workings/resource/GTEv8//GTExv8.EUR.Ovary/ENSG00000224497.1.wgt.RDat	ENSG00000224497.1	20	35544746	35544747	0.639	rs7261957	-4	rs2104417	0.42102	7.88	0.55664	315	59	enet	0.43	1.3e-18	0.73673	0.461
Ovary	/media/kame/Data/_workings/resource/GTEv8//GTExv8.EUR.Ovary/ENSG00000214078.12.wgt.RDat	ENSG00000214078.12	20	35664758	35664759	0.2059	rs7261957	-4	rs11696527	0.1884	-5.53	1.24468	298	29	enet	0.16	8e-07	-1.63783	0.101
Ovary	/media/kame/Data/_workings/resource/GTEv8//GTExv8.EUR.Ovary/ENSG00000101363.12.wgt.RDat	ENSG00000101363.12	20	37289637	37289638	0.207	rs6122759	5.35	rs6104529	0.07634	-4.81	-0.6004	321	7	enet	0.075	7e-04	0.70375	0.482
Ovary	/media/kame/Data/_workings/resource/GTEv8//GTExv8.EUR.Ovary/ENSG00000101407.12.wgt.RDat	ENSG00000101407.12	20	38033467	38033468	0.3992	rs6069105	-7.27	rs6022011	0.19361	5.26	0.17538	479	18	enet	0.12	2.4e-05	-2.42328	0.0154
Ovary	/media/kame/Data/_workings/resource/GTEv8//GTExv8.EUR.Ovary/ENSG00000101425.12.wgt.RDat	ENSG00000101425.12	20	38260148	38260149	0.6693	rs6069105	-7.27	rs3746472	0.36662	-7.31	-1.35891	496	29	enet	0.45	1.4e-19	0.62106	0.535
Ovary	/media/kame/Data/_workings/resource/GTEv8//GTExv8.EUR.Ovary/ENSG00000224635.1.wgt.RDat	ENSG00000224635.1	20	38416796	38416797	0.6704	rs6069105	-7.27	rs1315306	0.47926	8.1	0.57441	480	32	enet	0.46	2.7e-20	0.6951	0.487
Ovary	/media/kame/Data/_workings/resource/GTEv8//GTExv8.EUR.Ovary/ENSG00000275401.1.wgt.RDat	ENSG00000275401.1	20	38419201	38419202	0.2313	rs6069105	-7.27	rs6064503	0.19233	5.8	0.39023	478	8	enet	0.19	8e-08	0.45011	0.653
Ovary	/media/kame/Data/_workings/resource/GTEv8//GTExv8.EUR.Ovary/ENSG00000196756.11.wgt.RDat	ENSG00000196756.11	20	38435352	38435353	0.4916	rs6069105	-7.27	rs1739652	0.40545	7.86	-0.1886	476	21	enet	0.42	5.2e-18	-0.01195	0.99
Ovary	/media/kame/Data/_workings/resource/GTEv8//GTExv8.EUR.Ovary/ENSG00000101052.12.wgt.RDat	ENSG00000101052.12	20	43590930	43590931	0.2125	rs6030716	4.69	rs16988169	0.00268	-4.12	-0.5486	486	24	enet	0.09	0.00021	-0.34091	0.733
Ovary	/media/kame/Data/_workings/resource/GTEv8//GTExv8.EUR.Ovary/ENSG00000223891.5.wgt.RDat	ENSG00000223891.5	20	44210959	44210960	0.3675	rs2093248	-4.02	rs6130569	0.02334	3.75	-3.82255	504	26	enet	0.036	0.015	0.56211	0.574
Ovary	/media/kame/Data/_workings/resource/GTEv8//GTExv8.EUR.Ovary/ENSG00000197296.5.wgt.RDat	ENSG00000197296.5	20	44311168	44311169	0.5033	rs2093248	-4.02	rs6031546	0.25979	6.08	-1.75072	505	16	enet	0.22	6e-09	-1.10912	0.267
Ovary	/media/kame/Data/_workings/resource/GTEv8//GTExv8.EUR.Ovary/ENSG00000226812.2.wgt.RDat	ENSG00000226812.2	20	44355184	44355185	0.4838	rs2093248	-4.02	rs11697359	0.34675	7.26	-0.03845	500	24	enet	0.37	1.6e-15	-0.65021	0.516
Ovary	/media/kame/Data/_workings/resource/GTEv8//GTExv8.EUR.Ovary/ENSG00000101098.12.wgt.RDat	ENSG00000101098.12	20	44810337	44810338	0.206	rs2425684	-8.68	rs6103863	0.02077	3.36	-0.49284	420	39	enet	0.023	0.041	1.47192	0.141
Ovary	/media/kame/Data/_workings/resource/GTEv8//GTExv8.EUR.Ovary/ENSG00000124116.18.wgt.RDat	ENSG00000124116.18	20	45791931	45791932	0.3622	rs2297198	12.2	rs6073905	0.26081	-6.67	-0.44433	527	29	enet	0.24	4.8e-10	0.44755	0.654
Ovary	/media/kame/Data/_workings/resource/GTEv8//GTExv8.EUR.Ovary/ENSG00000101017.13.wgt.RDat	ENSG00000101017.13	20	46118271	46118272	0.3099	rs2297198	12.2	rs2143699	0.20416	-5.42	1.77425	500	14	enet	0.2	1.9e-08	-3.88489	0.000102
Ovary	/media/kame/Data/_workings/resource/GTEv8//GTExv8.EUR.Ovary/ENSG00000215452.4.wgt.RDat	ENSG00000215452.4	20	46459275	46459276	0.3022	rs2297198	12.2	rs6065998	0.04118	-3.99	-2.58192	549	53	enet	0.084	0.00034	0.57243	0.567
Ovary	/media/kame/Data/_workings/resource/GTEv8//GTExv8.EUR.Ovary/ENSG00000225849.2.wgt.RDat	ENSG00000225849.2	20	46477231	46477232	0.301	rs2297198	12.2	rs7266119	0.16758	4.88	0.60716	557	12	enet	0.16	6.5e-07	1.13426	0.257
Ovary	/media/kame/Data/_workings/resource/GTEv8//GTExv8.EUR.Ovary/ENSG00000124207.16.wgt.RDat	ENSG00000124207.16	20	49046245	49046246	0.1889	rs237450	6.76	rs237730	0.08041	-4.05	1.61195	478	59	enet	0.011	0.12	0.42818	0.669
Ovary	/media/kame/Data/_workings/resource/GTEv8//GTExv8.EUR.Ovary/ENSG00000231742.5.wgt.RDat	ENSG00000231742.5	20	50172549	50172550	0.6668	rs605138	5.75	rs6020311	0.5387	8.63	0.83612	432	37	enet	0.52	9.7e-24	0.96882	0.333
Ovary	/media/kame/Data/_workings/resource/GTEv8//GTExv8.EUR.Ovary/ENSG00000124164.15.wgt.RDat	ENSG00000124164.15	20	58389121	58389122	0.3139	rs7262243	5.8	rs6026232	0.19468	5.26	-0.013	631	23	enet	0.13	8.5e-06	-0.10314	0.918
Ovary	/media/kame/Data/_workings/resource/GTEv8//GTExv8.EUR.Ovary/ENSG00000101158.13.wgt.RDat	ENSG00000101158.13	20	58981207	58981208	0.2777	rs7262243	5.8	rs6070684	0.09113	-4.7	0.22109	550	11	enet	0.098	0.00011	-0.79544	0.426
Ovary	/media/kame/Data/_workings/resource/GTEv8//GTExv8.EUR.Ovary/ENSG00000276093.1.wgt.RDat	ENSG00000276093.1	20	60083871	60083872	0.8068	rs348798	-8.36	rs16983474	0.58999	9.05	-2.79583	597	13	enet	0.56	4.6e-26	-2.56126	0.0104
Ovary	/media/kame/Data/_workings/resource/GTEv8//GTExv8.EUR.Ovary/ENSG00000273619.1.wgt.RDat	ENSG00000273619.1	20	62386969	62386970	0.2379	rs4925229	-4.4	rs6121558	0.02603	-4.65	-0.41678	502	8	enet	0.028	0.028	-0.14793	0.882
Ovary	/media/kame/Data/_workings/resource/GTEv8//GTExv8.EUR.Ovary/ENSG00000149679.11.wgt.RDat	ENSG00000149679.11	20	62407284	62407285	0.3079	rs4925229	-4.4	rs493809	0.04369	4.44	-0.87402	518	19	enet	0.087	0.00025	-1.14259	0.253
Ovary	/media/kame/Data/_workings/resource/GTEv8//GTExv8.EUR.Ovary/ENSG00000060491.16.wgt.RDat	ENSG00000060491.16	20	62804834	62804835	0.4892	rs1052826	-4.7	rs702211	0.12935	-5.86	-0.00786	526	26	enet	0.18	1.2e-07	0.04157	0.967
Ovary	/media/kame/Data/_workings/resource/GTEv8//GTExv8.EUR.Ovary/ENSG00000101213.6.wgt.RDat	ENSG00000101213.6	20	63537369	63537370	0.3358	rs3787105	3.86	rs446127	0.04721	-4.67	-0.06422	433	15	enet	0.081	0.00041	0.46537	0.642
Ovary	/media/kame/Data/_workings/resource/GTEv8//GTExv8.EUR.Ovary/ENSG00000101216.10.wgt.RDat	ENSG00000101216.10	20	63627040	63627041	0.3177	rs816953	-4.64	rs3810492	0.05731	3.99	2.87648	428	22	enet	0.089	0.00022	1.66386	0.0961
Ovary	/media/kame/Data/_workings/resource/GTEv8//GTExv8.EUR.Ovary/ENSG00000197114.11.wgt.RDat	ENSG00000197114.11	20	63708034	63708035	0.4033	rs816953	-4.64	rs6062314	0.05791	4.37	0.01379	436	15	enet	0.1	9.6e-05	-0.93903	0.348
Ovary	/media/kame/Data/_workings/resource/GTEv8//GTExv8.EUR.Ovary/ENSG00000171703.16.wgt.RDat	ENSG00000171703.16	20	64049835	64049836	0.2334	rs6062359	9	rs4408777	0.0209	-3.37	-1.77256	330	15	enet	-0.0025	0.42	1.16028	0.246
Ovary	/media/kame/Data/_workings/resource/GTEv8//GTExv8.EUR.Ovary/ENSG00000125510.15.wgt.RDat	ENSG00000125510.15	20	64080172	64080173	0.3077	rs6062359	9	rs8121509	0.1279	5.11	-2.75211	312	25	enet	0.23	2.4e-09	-0.60647	0.544
Ovary	/media/kame/Data/_workings/resource/GTEv8//GTExv8.EUR.Ovary/ENSG00000203880.11.wgt.RDat	ENSG00000203880.11	20	64255694	64255695	0.3097	rs6062359	9	rs6512309	0.16039	-5.25	5.6473	230	11	enet	0.15	1.1e-06	-4.24885	2.15e-05
Ovary	/media/kame/Data/_workings/resource/GTEv8//GTExv8.EUR.Ovary/ENSG00000149656.8.wgt.RDat	ENSG00000149656.8	20	64294890	64294891	0.2264	rs6062359	9	rs6011286	-0.00531	3.23	0.47876	214	58	enet	-0.0034	0.47	-1.64455	0.1
Ovary	/media/kame/Data/_workings/resource/GTEv8//GTExv8.EUR.Ovary/ENSG00000270093.1.wgt.RDat	ENSG00000270093.1	21	16643528	16643529	0.293	rs238952	7.06	rs2823924	0.16417	-4.97	-0.944	378	6	enet	0.14	3.9e-06	1.16166	0.245372
Ovary	/media/kame/Data/_workings/resource/GTEv8//GTExv8.EUR.Ovary/ENSG00000154719.13.wgt.RDat	ENSG00000154719.13	21	25607516	25607517	0.192	rs2830054	4.86	rs1893650	0.14181	-4.8	0.0509	378	12	enet	0.067	0.0013	0.00362	0.997113
Ovary	/media/kame/Data/_workings/resource/GTEv8//GTExv8.EUR.Ovary/ENSG00000232855.6.wgt.RDat	ENSG00000232855.6	21	28674847	28674848	0.22	rs7283006	2.67	rs2832148	0.05469	4.19	0.171	483	43	enet	0.098	0.00011	0.17701	0.859503
Ovary	/media/kame/Data/_workings/resource/GTEv8//GTExv8.EUR.Ovary/ENSG00000176054.6.wgt.RDat	ENSG00000176054.6	21	28998032	28998033	0.155	rs2776243	2.54	rs2832222	0.08233	-4.68	-0.0655	414	20	enet	0.05	0.0048	0.07425	0.940813
Ovary	/media/kame/Data/_workings/resource/GTEv8//GTExv8.EUR.Ovary/ENSG00000156253.6.wgt.RDat	ENSG00000156253.6	21	29019377	29019378	0.22	rs2776243	2.54	rs7280043	0.16635	5.13	-0.00503	416	11	enet	0.093	0.00016	0.12028	0.904262
Ovary	/media/kame/Data/_workings/resource/GTEv8//GTExv8.EUR.Ovary/ENSG00000156261.12.wgt.RDat	ENSG00000156261.12	21	29073796	29073797	0.474	rs2776243	2.54	rs2070610	0.43309	7.76	2.01	414	52	enet	0.41	1.7e-17	1.52419	0.127461
Ovary	/media/kame/Data/_workings/resource/GTEv8//GTExv8.EUR.Ovary/ENSG00000142188.16.wgt.RDat	ENSG00000142188.16	21	33480010	33480011	0.449	rs2834087	4.76	rs1059293	0.35872	-7.54	-0.319	454	22	enet	0.35	8.4e-15	-0.45728	0.64747
Ovary	/media/kame/Data/_workings/resource/GTEv8//GTExv8.EUR.Ovary/ENSG00000237945.7.wgt.RDat	ENSG00000237945.7	21	33917012	33917013	0.374	rs9976404	5.64	rs13048152	0.03935	4.18	0.534	391	90	enet	0.041	0.0099	-0.16952	0.86539
Ovary	/media/kame/Data/_workings/resource/GTEv8//GTExv8.EUR.Ovary/ENSG00000233393.1.wgt.RDat	ENSG00000233393.1	21	36104880	36104881	0.368	rs11701590	-5.39	rs7278507	0.02962	4.38	-1.56	503	42	enet	0.041	0.01	-1.07103	0.284154
Ovary	/media/kame/Data/_workings/resource/GTEv8//GTExv8.EUR.Ovary/ENSG00000224790.2.wgt.RDat	ENSG00000224790.2	21	36968553	36968554	0.277	rs2835423	4.3	rs762376	0.15882	-4.82	0.735	464	12	enet	0.13	1.2e-05	-0.574	0.565969
Ovary	/media/kame/Data/_workings/resource/GTEv8//GTExv8.EUR.Ovary/ENSG00000185808.13.wgt.RDat	ENSG00000185808.13	21	37073169	37073170	0.465	rs2835423	4.3	rs11701388	0.42008	7.74	-1.85	436	25	enet	0.43	1.5e-18	-1.06573	0.286543
Ovary	/media/kame/Data/_workings/resource/GTEv8//GTExv8.EUR.Ovary/ENSG00000183527.11.wgt.RDat	ENSG00000183527.11	21	39183850	39183851	0.28	rs2836759	-7.12	rs1888488	0.03693	-4.52	2.03	633	11	enet	0.07	0.001	-1.42451	0.154299
Ovary	/media/kame/Data/_workings/resource/GTEv8//GTExv8.EUR.Ovary/ENSG00000182093.14.wgt.RDat	ENSG00000182093.14	21	39380243	39380244	0.462	rs2837129	-8.63	rs2836999	0.2855	6.42	-0.773	647	11	enet	0.25	3.3e-10	-0.87051	0.384023
Ovary	/media/kame/Data/_workings/resource/GTEv8//GTExv8.EUR.Ovary/ENSG00000157578.13.wgt.RDat	ENSG00000157578.13	21	39445802	39445803	0.644	rs2837129	-8.63	rs9983435	0.33806	7.42	-0.899	683	29	enet	0.45	1.4e-19	0.33815	0.735252
Ovary	/media/kame/Data/_workings/resource/GTEv8//GTExv8.EUR.Ovary/ENSG00000226496.2.wgt.RDat	ENSG00000226496.2	21	41148132	41148133	0.428	rs2410415	-8.51	rs2007397	0.22951	-5.88	1.32	628	18	enet	0.2	1.8e-08	-1.94979	0.051201
Ovary	/media/kame/Data/_workings/resource/GTEv8//GTExv8.EUR.Ovary/ENSG00000157601.13.wgt.RDat	ENSG00000157601.13	21	41420303	41420304	0.37	rs2410415	-8.51	rs430948	0.06835	4.73	0.673	704	6	enet	0.065	0.0015	0.08776	0.93007
Ovary	/media/kame/Data/_workings/resource/GTEv8//GTExv8.EUR.Ovary/ENSG00000228318.3.wgt.RDat	ENSG00000228318.3	21	41445707	41445708	0.439	rs2410415	-8.51	rs8133416	0.05444	4.34	-0.657	701	55	enet	0.02	0.052	-0.62838	0.529752
Ovary	/media/kame/Data/_workings/resource/GTEv8//GTExv8.EUR.Ovary/ENSG00000141956.13.wgt.RDat	ENSG00000141956.13	21	41879481	41879482	0.554	rs11203196	5.79	rs13049896	0.13526	5.63	-0.0473	807	42	enet	0.3	2.1e-12	0.27614	0.78244
Ovary	/media/kame/Data/_workings/resource/GTEv8//GTExv8.EUR.Ovary/ENSG00000235772.1.wgt.RDat	ENSG00000235772.1	21	42561933	42561934	0.488	rs11203196	5.79	rs12483006	0.26241	-6.02	-1.25	701	19	enet	0.23	2.3e-09	-0.08614	0.931352
Ovary	/media/kame/Data/_workings/resource/GTEv8//GTExv8.EUR.Ovary/ENSG00000160194.17.wgt.RDat	ENSG00000160194.17	21	42879643	42879644	0.227	rs915875	-5.72	rs8131547	0.10075	4.48	1.12	521	13	enet	0.078	0.00052	-0.09946	0.920773
Ovary	/media/kame/Data/_workings/resource/GTEv8//GTExv8.EUR.Ovary/ENSG00000160200.17.wgt.RDat	ENSG00000160200.17	21	43076942	43076943	0.401	rs447167	-5.23	rs234728	0.31935	-6.68	-0.271	371	23	enet	0.28	1.7e-11	-0.11773	0.906285
Ovary	/media/kame/Data/_workings/resource/GTEv8//GTExv8.EUR.Ovary/ENSG00000142178.7.wgt.RDat	ENSG00000142178.7	21	43427127	43427128	0.13	rs2838426	-3.11	rs2838326	0.02458	-3.55	0.0238	283	3	enet	0.0076	0.15	-0.00609	0.995137
Ovary	/media/kame/Data/_workings/resource/GTEv8//GTExv8.EUR.Ovary/ENSG00000160213.6.wgt.RDat	ENSG00000160213.6	21	43776444	43776445	0.307	rs3788094	-5.15	rs2186927	0.12586	-5.55	-0.737	286	11	enet	0.19	5.8e-08	1.44766	0.147711
Ovary	/media/kame/Data/_workings/resource/GTEv8//GTExv8.EUR.Ovary/ENSG00000241945.7.wgt.RDat	ENSG00000241945.7	21	44107289	44107290	0.748	rs4818925	-6.19	rs2277806	0.57125	8.95	-0.0907	341	37	enet	0.58	1.2e-27	-0.36506	0.715068
Ovary	/media/kame/Data/_workings/resource/GTEv8//GTExv8.EUR.Ovary/ENSG00000160221.16.wgt.RDat	ENSG00000160221.16	21	44133604	44133605	0.624	rs4818925	-6.19	rs2277806	0.53975	8.86	-0.0907	357	15	enet	0.54	1.2e-24	-0.32061	0.748504
Ovary	/media/kame/Data/_workings/resource/GTEv8//GTExv8.EUR.Ovary/ENSG00000225331.1.wgt.RDat	ENSG00000225331.1	21	44160075	44160076	0.351	rs4818925	-6.19	rs2277805	0.20834	5.81	-0.341	364	28	enet	0.17	3.6e-07	-2.71355	0.006657
Ovary	/media/kame/Data/_workings/resource/GTEv8//GTExv8.EUR.Ovary/ENSG00000184441.4.wgt.RDat	ENSG00000184441.4	21	44331233	44331234	0.414	rs4818925	-6.19	rs2838551	0.25559	6.08	0.64	401	36	enet	0.23	1.5e-09	0.39699	0.691378
Ovary	/media/kame/Data/_workings/resource/GTEv8//GTExv8.EUR.Ovary/ENSG00000160226.15.wgt.RDat	ENSG00000160226.15	21	44339374	44339375	0.584	rs4818925	-6.19	rs2838551	0.29663	6.53	0.64	402	20	enet	0.31	7.7e-13	-0.13425	0.893208
Ovary	/media/kame/Data/_workings/resource/GTEv8//GTExv8.EUR.Ovary/ENSG00000235890.2.wgt.RDat	ENSG00000235890.2	21	44506806	44506807	0.24	rs4818925	-6.19	rs4818950	-0.00603	-3.46	4.42e-06	446	18	enet	-0.0061	0.68	-0.54484	0.585862
Ovary	/media/kame/Data/_workings/resource/GTEv8//GTExv8.EUR.Ovary/ENSG00000235374.2.wgt.RDat	ENSG00000235374.2	21	45074164	45074165	0.236	rs4818789	4.72	rs2838769	-0.00418	3.99	-0.319	598	15	enet	0.024	0.038	-0.16684	0.867498
Ovary	/media/kame/Data/_workings/resource/GTEv8//GTExv8.EUR.Ovary/ENSG00000273796.1.wgt.RDat	ENSG00000273796.1	21	45404368	45404369	0.173	rs4818789	4.72	rs9637198	0.01605	3.77	0.1	477	12	enet	6.7e-05	0.32	-0.19104	0.848492
Ovary	/media/kame/Data/_workings/resource/GTEv8//GTExv8.EUR.Ovary/ENSG00000224574.1.wgt.RDat	ENSG00000224574.1	21	45410064	45410065	0.212	rs4818789	4.72	rs11910403	-0.00305	4.07	0.594	474	48	enet	-0.0041	0.51	-0.71938	0.471906
Ovary	/media/kame/Data/_workings/resource/GTEv8//GTExv8.EUR.Ovary/ENSG00000183570.16.wgt.RDat	ENSG00000183570.16	21	45643693	45643694	0.363	rs3088026	6.12	rs2183595	0.31925	6.81	2.66	485	51	enet	0.26	6.6e-11	2.79199	0.005239
Ovary	/media/kame/Data/_workings/resource/GTEv8//GTExv8.EUR.Ovary/ENSG00000280604.1.wgt.RDat	ENSG00000280604.1	21	45914295	45914296	0.164	rs9975613	7.44	rs2838994	0.1467	4.97	3.19	458	13	enet	0.11	6.1e-05	3.5071	0.000453
Ovary	/media/kame/Data/_workings/resource/GTEv8//GTExv8.EUR.Ovary/ENSG00000237338.1.wgt.RDat	ENSG00000237338.1	21	46151737	46151738	0.189	rs9975613	6.98	rs2839130	0.02566	-3.98	1.82	493	26	enet	0.028	0.028	-1.42098	0.155322
Ovary	/media/kame/Data/_workings/resource/GTEv8//GTExv8.EUR.Ovary/ENSG00000160282.13.wgt.RDat	ENSG00000160282.13	21	46155566	46155567	0.645	rs9975613	7.01	rs12482934	0.25221	-6.97	0.224	495	36	enet	0.41	1e-17	-0.84093	0.400386
Ovary	/media/kame/Data/_workings/resource/GTEv8//GTExv8.EUR.Ovary/ENSG00000160284.14.wgt.RDat	ENSG00000160284.14	21	46184475	46184476	0.598	rs9975613	6.62	rs4818826	0.33895	-7.37	1.82	491	30	enet	0.54	1e-24	-0.2772	0.781629
Ovary	/media/kame/Data/_workings/resource/GTEv8//GTExv8.EUR.Ovary/ENSG00000182362.13.wgt.RDat	ENSG00000182362.13	21	46286336	46286337	0.808	rs9975613	6.36	rs2839227	0.37223	7.67	-0.0323	461	83	enet	0.57	3.3e-27	0.46185	0.644189
Ovary	/media/kame/Data/_workings/resource/GTEv8//GTExv8.EUR.Ovary/ENSG00000160305.17.wgt.RDat	ENSG00000160305.17	21	46458898	46458899	0.213	rs9975613	6.8	rs8127941	0.03764	-4.4	0.146	368	34	enet	0.12	2.1e-05	0.48119	0.630379
Ovary	/media/kame/Data/_workings/resource/GTEv8//GTExv8.EUR.Ovary/ENSG00000237438.7.wgt.RDat	ENSG00000237438.7	22	17036569	17036570	0.7085	rs4141523	5.68	rs9606592	0.190682	6.09	0.03516	470	25	enet	0.43	1.5e-18	1.1578	0.247
Ovary	/media/kame/Data/_workings/resource/GTEv8//GTExv8.EUR.Ovary/ENSG00000273442.1.wgt.RDat	ENSG00000273442.1	22	17080700	17080701	0.321	rs4141523	5.68	rs947822	0.265317	-6.19	1.21426	492	12	enet	0.11	3.7e-05	-1.1355	0.256
Ovary	/media/kame/Data/_workings/resource/GTEv8//GTExv8.EUR.Ovary/ENSG00000177663.13.wgt.RDat	ENSG00000177663.13	22	17084953	17084954	0.6166	rs4141523	5.68	rs2845394	0.258387	-6.27	0.36365	492	58	enet	0.3	1.3e-12	-0.4394	0.66
Ovary	/media/kame/Data/_workings/resource/GTEv8//GTExv8.EUR.Ovary/ENSG00000093072.15.wgt.RDat	ENSG00000093072.15	22	17221988	17221989	0.4713	rs4141523	5.68	rs17807317	0.468375	8.11	0.18409	525	18	enet	0.45	1.9e-19	0.0741	0.941
Ovary	/media/kame/Data/_workings/resource/GTEv8//GTExv8.EUR.Ovary/ENSG00000278558.4.wgt.RDat	ENSG00000278558.4	22	18527801	18527802	0.143	rs7291719	-3.87	rs2913	0.018267	3.33	-0.4336	124	15	enet	-0.0062	0.7	-0.9144	0.361
Ovary	/media/kame/Data/_workings/resource/GTEv8//GTExv8.EUR.Ovary/ENSG00000273032.1.wgt.RDat	ENSG00000273032.1	22	19017833	19017834	0.2091	rs7291719	-3.87	rs10160	0.15808	-5.43	0.06525	311	19	enet	0.13	8.7e-06	-0.9346	0.35
Ovary	/media/kame/Data/_workings/resource/GTEv8//GTExv8.EUR.Ovary/ENSG00000273311.1.wgt.RDat	ENSG00000273311.1	22	19048374	19048375	0.2736	rs7291719	-3.87	rs2800980	0.210401	6.32	0.93308	324	17	enet	0.24	6.2e-10	0.2452	0.806
Ovary	/media/kame/Data/_workings/resource/GTEv8//GTExv8.EUR.Ovary/ENSG00000070413.19.wgt.RDat	ENSG00000070413.19	22	19122453	19122454	0.1944	rs7291719	-3.87	rs10483099	0.136567	5.15	0.48596	366	12	enet	0.13	1.2e-05	1.2883	0.198
Ovary	/media/kame/Data/_workings/resource/GTEv8//GTExv8.EUR.Ovary/ENSG00000100075.9.wgt.RDat	ENSG00000100075.9	22	19178829	19178830	0.1949	rs7291719	-3.87	rs361787	0.045777	3.96	1.50798	396	4	enet	0.0023	0.25	1.2813	0.2
Ovary	/media/kame/Data/_workings/resource/GTEv8//GTExv8.EUR.Ovary/ENSG00000185065.6.wgt.RDat	ENSG00000185065.6	22	19448232	19448233	0.2557	rs7291719	-3.87	rs2073773	0.087878	-4.05	0.07115	556	8	enet	0.033	0.018	0.2294	0.819
Ovary	/media/kame/Data/_workings/resource/GTEv8//GTExv8.EUR.Ovary/ENSG00000232926.1.wgt.RDat	ENSG00000232926.1	22	19887288	19887289	0.5985	rs9606256	6.03	rs8141610	0.037484	5.73	-0.04061	550	25	enet	0.38	7.3e-16	-0.365	0.715
Ovary	/media/kame/Data/_workings/resource/GTEv8//GTExv8.EUR.Ovary/ENSG00000099937.10.wgt.RDat	ENSG00000099937.10	22	20773878	20773879	0.2377	rs4821372	-6.66	rs2241138	0.161572	5.72	-0.50185	446	39	enet	0.15	1.7e-06	-0.7554	0.45
Ovary	/media/kame/Data/_workings/resource/GTEv8//GTExv8.EUR.Ovary/ENSG00000099940.11.wgt.RDat	ENSG00000099940.11	22	20858982	20858983	0.4121	rs4821372	-6.66	rs4820579	0.129357	4.96	-0.36762	431	53	enet	0.22	3e-09	-1.4049	0.16
Ovary	/media/kame/Data/_workings/resource/GTEv8//GTExv8.EUR.Ovary/ENSG00000230513.1.wgt.RDat	ENSG00000230513.1	22	21002196	21002197	0.7624	rs4821915	-4.77	rs2239961	0.543583	-8.67	0.29183	366	11	enet	0.55	7.9e-26	-0.3925	0.695
Ovary	/media/kame/Data/_workings/resource/GTEv8//GTExv8.EUR.Ovary/ENSG00000161180.10.wgt.RDat	ENSG00000161180.10	22	21632715	21632716	0.311	rs762349	-4.5	rs5754467	0.192518	-5.7	-0.03049	288	10	enet	0.18	8.6e-08	0.2688	0.788
Ovary	/media/kame/Data/_workings/resource/GTEv8//GTExv8.EUR.Ovary/ENSG00000100023.18.wgt.RDat	ENSG00000100023.18	22	21666008	21666009	0.3038	rs762349	-4.5	rs2247115	0.104785	-5.37	-2.94444	310	29	enet	0.17	3.3e-07	1.3802	0.168
Ovary	/media/kame/Data/_workings/resource/GTEv8//GTExv8.EUR.Ovary/ENSG00000224086.5.wgt.RDat	ENSG00000224086.5	22	21938584	21938585	0.3538	rs762349	-4.5	rs240066	0.395614	-7.63	0.61562	404	10	enet	0.39	1.7e-16	-0.1253	0.9
Ovary	/media/kame/Data/_workings/resource/GTEv8//GTExv8.EUR.Ovary/ENSG00000100034.13.wgt.RDat	ENSG00000100034.13	22	21940656	21940657	0.1433	rs762349	-4.5	rs2329884	0.12222	-4.8	-0.92577	404	10	enet	0.12	2.3e-05	0.3191	0.75
Ovary	/media/kame/Data/_workings/resource/GTEv8//GTExv8.EUR.Ovary/ENSG00000228050.1.wgt.RDat	ENSG00000228050.1	22	22224565	22224566	0.6976	rs5750807	-3.87	rs2283797	0.43429	7.75	1.72849	377	82	enet	0.46	3.6e-20	1.2925	0.196
Ovary	/media/kame/Data/_workings/resource/GTEv8//GTExv8.EUR.Ovary/ENSG00000234630.1.wgt.RDat	ENSG00000234630.1	22	22293732	22293733	0.3213	rs5750807	-3.87	rs5995720	0.043034	4.22	-0.04022	349	33	enet	0.077	0.00057	-0.6423	0.521
Ovary	/media/kame/Data/_workings/resource/GTEv8//GTExv8.EUR.Ovary/ENSG00000272779.1.wgt.RDat	ENSG00000272779.1	22	22303223	22303224	0.4055	rs5750807	-3.87	rs2285019	0.128121	-5.38	-1.17034	346	12	enet	0.18	8.8e-08	1.2624	0.207
Ovary	/media/kame/Data/_workings/resource/GTEv8//GTExv8.EUR.Ovary/ENSG00000211643.2.wgt.RDat	ENSG00000211643.2	22	22318726	22318727	0.3468	rs5750807	-3.87	rs2285019	0.082104	-5.39	-1.17034	345	10	enet	0.22	3.8e-09	1.4788	0.139
Ovary	/media/kame/Data/_workings/resource/GTEv8//GTExv8.EUR.Ovary/ENSG00000283438.1.wgt.RDat	ENSG00000283438.1	22	23133004	23133005	0.1799	rs874138	4.35	rs13055979	0.003089	-4.11	0.5837	383	7	enet	-0.0073	0.92	-1.1324	0.257
Ovary	/media/kame/Data/_workings/resource/GTEv8//GTExv8.EUR.Ovary/ENSG00000230701.2.wgt.RDat	ENSG00000230701.2	22	23262766	23262767	0.3731	rs874138	4.35	rs1004040	0.359846	7.16	1.81794	422	27	enet	0.31	1.1e-12	1.6912	0.0908
Ovary	/media/kame/Data/_workings/resource/GTEv8//GTExv8.EUR.Ovary/ENSG00000215478.8.wgt.RDat	ENSG00000215478.8	22	23387730	23387731	0.2895	rs874138	4.35	rs9608174	-0.000908	-3.43	0.13535	487	30	enet	0.0012	0.28	-0.7784	0.436
Ovary	/media/kame/Data/_workings/resource/GTEv8//GTExv8.EUR.Ovary/ENSG00000234928.1.wgt.RDat	ENSG00000234928.1	22	23433563	23433564	0.5538	rs874138	4.35	rs6003709	0.287548	6.34	1.0929	513	22	enet	0.27	4.9e-11	1.4636	0.143
Ovary	/media/kame/Data/_workings/resource/GTEv8//GTExv8.EUR.Ovary/ENSG00000178248.11.wgt.RDat	ENSG00000178248.11	22	23486979	23486980	0.6847	rs874138	4.35	rs6003709	0.342565	6.86	1.0929	491	24	enet	0.43	2.5e-18	0.96	0.337
Ovary	/media/kame/Data/_workings/resource/GTEv8//GTExv8.EUR.Ovary/ENSG00000272733.1.wgt.RDat	ENSG00000272733.1	22	23583858	23583859	0.4807	rs874138	4.35	rs16994633	0.10921	-5.84	0.05912	487	37	enet	0.27	2.6e-11	0.9861	0.324
Ovary	/media/kame/Data/_workings/resource/GTEv8//GTExv8.EUR.Ovary/ENSG00000189269.12.wgt.RDat	ENSG00000189269.12	22	23632320	23632321	0.6965	rs6004041	-3.76	rs9680742	0.081408	-5.98	0.06351	485	46	enet	0.44	7.7e-19	1.0677	0.286
Ovary	/media/kame/Data/_workings/resource/GTEv8//GTExv8.EUR.Ovary/ENSG00000234353.2.wgt.RDat	ENSG00000234353.2	22	23640761	23640762	0.3854	rs6004041	-3.76	rs5759940	0.189024	-5.75	-0.599	482	21	enet	0.19	5.7e-08	0.075	0.94
Ovary	/media/kame/Data/_workings/resource/GTEv8//GTExv8.EUR.Ovary/ENSG00000244723.3.wgt.RDat	ENSG00000244723.3	22	23653333	23653334	0.2403	rs6004041	-3.76	rs6003824	0.132208	-4.58	-0.05456	483	12	enet	0.082	0.00039	-0.2022	0.84
Ovary	/media/kame/Data/_workings/resource/GTEv8//GTExv8.EUR.Ovary/ENSG00000272578.5.wgt.RDat	ENSG00000272578.5	22	23717355	23717356	0.3038	rs6004041	-3.76	rs7289879	0.13016	-5.15	0.00118	476	20	enet	0.13	6.4e-06	-0.1812	0.856
Ovary	/media/kame/Data/_workings/resource/GTEv8//GTExv8.EUR.Ovary/ENSG00000133460.19.wgt.RDat	ENSG00000133460.19	22	23857039	23857040	0.1599	rs2082733	8.58	rs4820571	0.00958	-3.9	-1.1505	442	15	enet	0.017	0.069	0.6871	0.492
Ovary	/media/kame/Data/_workings/resource/GTEv8//GTExv8.EUR.Ovary/ENSG00000240972.1.wgt.RDat	ENSG00000240972.1	22	23894003	23894004	0.5344	rs2082733	8.58	rs2739338	0.449965	-8.16	0.11778	425	25	enet	0.46	3.3e-20	-0.1449	0.885
Ovary	/media/kame/Data/_workings/resource/GTEv8//GTExv8.EUR.Ovary/ENSG00000218537.1.wgt.RDat	ENSG00000218537.1	22	23898929	23898930	0.7553	rs2082733	8.58	rs2739338	0.656104	-9.55	0.10951	425	67	enet	0.69	1.4e-36	0.301	0.763
Ovary	/media/kame/Data/_workings/resource/GTEv8//GTExv8.EUR.Ovary/ENSG00000273295.1.wgt.RDat	ENSG00000273295.1	22	23907067	23907068	0.6993	rs2082733	8.58	rs2330635	0.623347	-9.39	-0.0951	423	86	enet	0.67	1.1e-34	0.2073	0.836
Ovary	/media/kame/Data/_workings/resource/GTEv8//GTExv8.EUR.Ovary/ENSG00000225282.1.wgt.RDat	ENSG00000225282.1	22	23926899	23926900	0.6507	rs2082733	8.58	rs4822458	0.587699	-9.1	-1.29252	410	35	enet	0.6	2.6e-29	1.0294	0.303
Ovary	/media/kame/Data/_workings/resource/GTEv8//GTExv8.EUR.Ovary/ENSG00000133433.10.wgt.RDat	ENSG00000133433.10	22	23961185	23961186	0.3748	rs1008932	9.06	rs9624364	0.064261	4.63	-0.00549	421	31	enet	0.21	1.1e-08	1.9231	0.0545
Ovary	/media/kame/Data/_workings/resource/GTEv8//GTExv8.EUR.Ovary/ENSG00000272787.1.wgt.RDat	ENSG00000272787.1	22	23969210	23969211	0.1783	rs1008932	9.06	rs1006771	0.064016	-4.29	-0.19273	421	23	enet	-0.0038	0.49	1.1819	0.237
Ovary	/media/kame/Data/_workings/resource/GTEv8//GTExv8.EUR.Ovary/ENSG00000250470.1.wgt.RDat	ENSG00000250470.1	22	23977584	23977585	0.4076	rs1008932	9.06	rs4822466	0.384225	-7.46	-1.66707	415	8	enet	0.35	1.3e-14	1.3735	0.17
Ovary	/media/kame/Data/_workings/resource/GTEv8//GTExv8.EUR.Ovary/ENSG00000099984.11.wgt.RDat	ENSG00000099984.11	22	23980057	23980058	0.3891	rs1008932	9.06	rs738809	0.232684	5.79	-0.56798	414	48	enet	0.36	5.1e-15	0.4413	0.659
Ovary	/media/kame/Data/_workings/resource/GTEv8//GTExv8.EUR.Ovary/ENSG00000099977.13.wgt.RDat	ENSG00000099977.13	22	23980468	23980469	0.336	rs1008932	9.06	rs2739338	0.141351	-5.92	0.2556	414	12	enet	0.15	1.7e-06	0.5455	0.585
Ovary	/media/kame/Data/_workings/resource/GTEv8//GTExv8.EUR.Ovary/ENSG00000224205.1.wgt.RDat	ENSG00000224205.1	22	23991420	23991421	0.6041	rs5760452	9.22	rs1002286	0.524577	-8.59	-1.28818	416	57	enet	0.49	1.2e-21	0.2328	0.816
Ovary	/media/kame/Data/_workings/resource/GTEv8//GTExv8.EUR.Ovary/ENSG00000128262.8.wgt.RDat	ENSG00000128262.8	22	24251827	24251828	0.3077	rs5760452	9.22	rs738811	0.100186	-5.03	1.68563	377	13	enet	0.12	2e-05	0.4292	0.668
Ovary	/media/kame/Data/_workings/resource/GTEv8//GTExv8.EUR.Ovary/ENSG00000100024.14.wgt.RDat	ENSG00000100024.14	22	24494106	24494107	0.118	rs5760452	9.22	rs2298383	0.06444	3.91	7.41752	395	3	enet	0.051	0.0046	8.1055	5.25e-16
Ovary	/media/kame/Data/_workings/resource/GTEv8//GTExv8.EUR.Ovary/ENSG00000244752.2.wgt.RDat	ENSG00000244752.2	22	25219521	25219522	0.4867	rs132893	4.19	rs6004658	0.231497	5.79	-3.00269	447	49	enet	0.2	1.9e-08	-1.7453	0.0809
Ovary	/media/kame/Data/_workings/resource/GTEv8//GTExv8.EUR.Ovary/ENSG00000272977.1.wgt.RDat	ENSG00000272977.1	22	25476217	25476218	0.4671	rs4822669	4.98	rs6004658	0.253872	-6.21	-3.00269	506	47	enet	0.17	4.6e-07	1.7854	0.0742
Ovary	/media/kame/Data/_workings/resource/GTEv8//GTExv8.EUR.Ovary/ENSG00000235954.6.wgt.RDat	ENSG00000235954.6	22	27919375	27919376	0.1982	rs5752628	-4.55	rs138631	0.172356	5.2	0.00679	521	16	enet	0.12	1.3e-05	0.309	0.757
Ovary	/media/kame/Data/_workings/resource/GTEv8//GTExv8.EUR.Ovary/ENSG00000183762.12.wgt.RDat	ENSG00000183762.12	22	29073077	29073078	0.1884	rs2179129	-4.11	rs134666	0.120535	4.26	-0.30442	386	32	enet	0.011	0.12	1.2197	0.223
Ovary	/media/kame/Data/_workings/resource/GTEv8//GTExv8.EUR.Ovary/ENSG00000100296.13.wgt.RDat	ENSG00000100296.13	22	29554253	29554254	0.5759	rs2179129	-4.11	rs2302141	0.417941	-7.97	0.22664	403	18	enet	0.44	6.9e-19	-0.3268	0.744
Ovary	/media/kame/Data/_workings/resource/GTEv8//GTExv8.EUR.Ovary/ENSG00000279159.1.wgt.RDat	ENSG00000279159.1	22	30025628	30025629	0.361	rs2232903	2.92	rs7291756	0.270721	6.31	-0.79686	412	15	enet	0.26	9e-11	-1.0646	0.287
Ovary	/media/kame/Data/_workings/resource/GTEv8//GTExv8.EUR.Ovary/ENSG00000198089.15.wgt.RDat	ENSG00000198089.15	22	31488745	31488746	0.1853	rs2027982	-5.11	rs5753609	0.072817	-4.68	-1.99215	353	33	enet	0.058	0.0025	1.4249	0.154
Ovary	/media/kame/Data/_workings/resource/GTEv8//GTExv8.EUR.Ovary/ENSG00000205853.10.wgt.RDat	ENSG00000205853.10	22	32382051	32382052	0.2688	rs3213515	-10.26	rs2294311	0.110595	-4.19	-0.33953	642	40	enet	0.024	0.037	-0.2104	0.833
Ovary	/media/kame/Data/_workings/resource/GTEv8//GTExv8.EUR.Ovary/ENSG00000100336.17.wgt.RDat	ENSG00000100336.17	22	36204839	36204840	0.2239	rs2267361	5.13	rs132693	0.056425	4.44	-0.55685	495	18	enet	0.018	0.065	0.0975	0.922
Ovary	/media/kame/Data/_workings/resource/GTEv8//GTExv8.EUR.Ovary/ENSG00000133466.13.wgt.RDat	ENSG00000133466.13	22	37199384	37199385	0.4013	rs760719	-7.61	rs4821603	0.101905	4.7	1.2887	647	36	enet	0.14	4e-06	1.4961	0.135
Ovary	/media/kame/Data/_workings/resource/GTEv8//GTExv8.EUR.Ovary/ENSG00000233360.4.wgt.RDat	ENSG00000233360.4	22	37658376	37658377	0.2414	rs8135343	4.64	rs713835	0.078224	4.24	-1.52454	481	6	enet	0.017	0.071	-1.2471	0.212
Ovary	/media/kame/Data/_workings/resource/GTEv8//GTExv8.EUR.Ovary/ENSG00000198792.12.wgt.RDat	ENSG00000198792.12	22	38273033	38273034	0.1501	rs2235229	4.69	rs4820314	0.006622	-4.12	-0.71912	349	13	enet	0.0094	0.13	0.5504	0.582
Ovary	/media/kame/Data/_workings/resource/GTEv8//GTExv8.EUR.Ovary/ENSG00000184949.15.wgt.RDat	ENSG00000184949.15	22	38656628	38656629	0.1352	rs2235229	4.69	rs5995603	0.110108	4.41	0.93531	367	34	enet	0.093	0.00016	1.0376	0.299
Ovary	/media/kame/Data/_workings/resource/GTEv8//GTExv8.EUR.Ovary/ENSG00000100211.10.wgt.RDat	ENSG00000100211.10	22	38656639	38656640	0.3339	rs2235229	4.69	rs1980455	0.143188	-5.65	1.51843	367	37	enet	0.25	3e-10	-0.9679	0.333
Ovary	/media/kame/Data/_workings/resource/GTEv8//GTExv8.EUR.Ovary/ENSG00000228274.3.wgt.RDat	ENSG00000228274.3	22	38681819	38681820	0.1715	rs2235229	4.69	rs138712	0.150505	-5.23	1.27246	371	38	enet	0.075	0.00068	-0.7991	0.424
Ovary	/media/kame/Data/_workings/resource/GTEv8//GTExv8.EUR.Ovary/ENSG00000235209.1.wgt.RDat	ENSG00000235209.1	22	38921226	38921227	0.6311	rs2247128	5.55	rs132506	0.353739	-7.28	0.82825	394	53	enet	0.34	2.4e-14	-0.2534	0.8
Ovary	/media/kame/Data/_workings/resource/GTEv8//GTExv8.EUR.Ovary/ENSG00000243811.8.wgt.RDat	ENSG00000243811.8	22	39021112	39021113	0.2279	rs738288	6.41	rs2142834	0.041063	4.96	0.02388	386	33	enet	0.082	4e-04	2.252	0.0243
Ovary	/media/kame/Data/_workings/resource/GTEv8//GTExv8.EUR.Ovary/ENSG00000239713.8.wgt.RDat	ENSG00000239713.8	22	39077004	39077005	0.3555	rs738288	6.41	rs2011869	0.272243	6.21	-0.25323	393	7	enet	0.16	6.7e-07	-0.3069	0.759
Ovary	/media/kame/Data/_workings/resource/GTEv8//GTExv8.EUR.Ovary/ENSG00000231907.2.wgt.RDat	ENSG00000231907.2	22	40674450	40674451	0.1678	rs9611388	-6.35	rs6002037	0.014131	-3.71	-0.61034	292	17	enet	0.058	0.0025	-1.6047	0.109
Ovary	/media/kame/Data/_workings/resource/GTEv8//GTExv8.EUR.Ovary/ENSG00000128285.4.wgt.RDat	ENSG00000128285.4	22	40678749	40678750	0.1616	rs9611388	-6.35	rs6002037	0.071225	-4.24	-0.61034	293	21	enet	0.073	8e-04	-1.0624	0.288
Ovary	/media/kame/Data/_workings/resource/GTEv8//GTExv8.EUR.Ovary/ENSG00000100372.14.wgt.RDat	ENSG00000100372.14	22	40819398	40819399	0.0954	rs9611388	-6.35	rs6002037	0.019095	-3.73	-0.61034	287	13	enet	0.033	0.019	-0.1796	0.857
Ovary	/media/kame/Data/_workings/resource/GTEv8//GTExv8.EUR.Ovary/ENSG00000196236.12.wgt.RDat	ENSG00000196236.12	22	40857096	40857097	0.1855	rs17001909	-7.03	rs138354	0.133854	-5.13	0.64165	285	21	enet	0.17	2.3e-07	-1.381	0.167
Ovary	/media/kame/Data/_workings/resource/GTEv8//GTExv8.EUR.Ovary/ENSG00000100412.15.wgt.RDat	ENSG00000100412.15	22	41469124	41469125	0.2921	rs8139784	6.02	rs132902	0.16398	6.05	2.76615	273	31	enet	0.19	5.5e-08	1.8034	0.0713
Ovary	/media/kame/Data/_workings/resource/GTEv8//GTExv8.EUR.Ovary/ENSG00000159958.6.wgt.RDat	ENSG00000159958.6	22	41926817	41926818	0.2209	rs5996088	-4.86	rs8135804	0.054551	4.61	-0.17638	329	19	enet	0.1	9.6e-05	1.0696	0.285
Ovary	/media/kame/Data/_workings/resource/GTEv8//GTExv8.EUR.Ovary/ENSG00000100162.14.wgt.RDat	ENSG00000100162.14	22	41947163	41947164	0.1317	rs5996088	-4.86	rs8135804	0.204758	5.46	-0.17638	327	6	enet	0.15	2.1e-06	0.066	0.947
Ovary	/media/kame/Data/_workings/resource/GTEv8//GTExv8.EUR.Ovary/ENSG00000183066.14.wgt.RDat	ENSG00000183066.14	22	41998724	41998725	0.4375	rs5996088	-4.86	rs739296	0.257994	-6.12	0.13521	333	10	enet	0.23	2.2e-09	-0.1246	0.901
Ovary	/media/kame/Data/_workings/resource/GTEv8//GTExv8.EUR.Ovary/ENSG00000198951.11.wgt.RDat	ENSG00000198951.11	22	42070841	42070842	0.1924	rs5996088	-4.86	rs2142694	0.237441	5.82	-0.33984	320	5	enet	0.18	8.7e-08	-0.2158	0.829
Ovary	/media/kame/Data/_workings/resource/GTEv8//GTExv8.EUR.Ovary/ENSG00000183172.8.wgt.RDat	ENSG00000183172.8	22	42079690	42079691	0.6782	rs5996088	-4.86	rs1801311	0.685775	-9.94	0.69816	320	18	enet	0.68	4.3e-36	-0.6496	0.516
Ovary	/media/kame/Data/_workings/resource/GTEv8//GTExv8.EUR.Ovary/ENSG00000184983.9.wgt.RDat	ENSG00000184983.9	22	42090929	42090930	0.4749	rs5996088	-4.86	rs10084647	0.144696	4.78	0.00219	328	58	enet	0.094	0.00015	-1.0248	0.305
Ovary	/media/kame/Data/_workings/resource/GTEv8//GTExv8.EUR.Ovary/ENSG00000237037.9.wgt.RDat	ENSG00000237037.9	22	42090955	42090956	0.2147	rs5996088	-4.86	rs6002621	0.101458	-5.05	0.68467	328	21	enet	0.13	8.2e-06	-0.7017	0.483
Ovary	/media/kame/Data/_workings/resource/GTEv8//GTExv8.EUR.Ovary/ENSG00000227370.1.wgt.RDat	ENSG00000227370.1	22	42132602	42132603	0.177	rs5996088	-4.86	rs6002623	0.098279	-5.19	0.67059	341	16	enet	0.057	0.0027	-0.8037	0.422
Ovary	/media/kame/Data/_workings/resource/GTEv8//GTExv8.EUR.Ovary/ENSG00000281538.1.wgt.RDat	ENSG00000281538.1	22	42138105	42138106	0.3503	rs5996088	-4.86	rs1801311	0.355648	-7.11	0.66024	344	18	enet	0.32	4e-13	-0.7312	0.465
Ovary	/media/kame/Data/_workings/resource/GTEv8//GTExv8.EUR.Ovary/ENSG00000205702.10.wgt.RDat	ENSG00000205702.10	22	42144576	42144577	0.407	rs5996088	-4.86	rs133380	0.270808	-6.47	0.73286	344	12	enet	0.23	1.6e-09	-0.6083	0.543
Ovary	/media/kame/Data/_workings/resource/GTEv8//GTExv8.EUR.Ovary/ENSG00000226450.2.wgt.RDat	ENSG00000226450.2	22	42155000	42155001	0.2452	rs5996088	-4.86	rs5751229	0.063921	4.95	-0.21133	351	23	enet	0.16	9.4e-07	-0.8493	0.396
Ovary	/media/kame/Data/_workings/resource/GTEv8//GTExv8.EUR.Ovary/ENSG00000182057.4.wgt.RDat	ENSG00000182057.4	22	42269752	42269753	0.306	rs5996088	-4.86	rs134871	0.192412	-5.59	-0.01436	385	32	enet	0.11	5.4e-05	-0.128	0.898
Ovary	/media/kame/Data/_workings/resource/GTEv8//GTExv8.EUR.Ovary/ENSG00000229891.1.wgt.RDat	ENSG00000229891.1	22	42369235	42369236	0.2313	rs5996088	-4.86	rs5751194	0.068992	4.5	1.72128	394	25	enet	0.038	0.013	0.9641	0.335
Ovary	/media/kame/Data/_workings/resource/GTEv8//GTExv8.EUR.Ovary/ENSG00000172250.14.wgt.RDat	ENSG00000172250.14	22	42500589	42500590	0.2282	rs7285546	4.14	rs2413692	0.210616	-5.87	-0.41336	403	5	enet	0.18	1.2e-07	0.2571	0.797
Ovary	/media/kame/Data/_workings/resource/GTEv8//GTExv8.EUR.Ovary/ENSG00000189306.10.wgt.RDat	ENSG00000189306.10	22	42519801	42519802	0.4543	rs7285546	4.14	rs2413692	0.057561	-4.74	-0.40182	407	17	enet	0.16	1e-06	0.0306	0.976
Ovary	/media/kame/Data/_workings/resource/GTEv8//GTExv8.EUR.Ovary/ENSG00000183569.17.wgt.RDat	ENSG00000183569.17	22	42553616	42553617	0.3525	rs7285546	4.14	rs137122	0.231931	-5.85	0.09722	408	14	enet	0.18	1.6e-07	0.0943	0.925
Ovary	/media/kame/Data/_workings/resource/GTEv8//GTExv8.EUR.Ovary/ENSG00000100266.18.wgt.RDat	ENSG00000100266.18	22	43015144	43015145	0.1769	rs6003130	4.19	rs8139013	0.072195	4.35	-0.42343	541	16	enet	0.026	0.033	-0.3078	0.758
Ovary	/media/kame/Data/_workings/resource/GTEv8//GTExv8.EUR.Ovary/ENSG00000100300.17.wgt.RDat	ENSG00000100300.17	22	43151513	43151514	0.3199	rs6003130	4.26	rs5759197	0.245859	6.06	-0.71872	555	14	enet	0.19	6.6e-08	-0.7297	0.466
Ovary	/media/kame/Data/_workings/resource/GTEv8//GTExv8.EUR.Ovary/ENSG00000186732.13.wgt.RDat	ENSG00000186732.13	22	43411195	43411196	0.2097	rs6003130	4.28	rs11705299	0.102882	4.49	1.00514	601	8	enet	0.037	0.014	0.9168	0.359
Ovary	/media/kame/Data/_workings/resource/GTEv8//GTExv8.EUR.Ovary/ENSG00000226328.6.wgt.RDat	ENSG00000226328.6	22	45163780	45163781	0.2878	rs736490	-5.24	rs5764957	0.006184	-3.87	-0.31579	656	19	enet	0.091	0.00019	0.3601	0.719
Ovary	/media/kame/Data/_workings/resource/GTEv8//GTExv8.EUR.Ovary/ENSG00000100376.11.wgt.RDat	ENSG00000100376.11	22	45308967	45308968	0.8884	rs736490	-5.24	rs104664	0.61681	9.42	-0.29436	609	15	enet	0.63	3.9e-31	-0.4942	0.621
Ovary	/media/kame/Data/_workings/resource/GTEv8//GTExv8.EUR.Ovary/ENSG00000128408.8.wgt.RDat	ENSG00000128408.8	22	45413690	45413691	0.4618	rs736490	-5.24	rs9754402	0.279139	6.56	-1.6558	573	33	enet	0.24	6e-10	-1.3121	0.189
Ovary	/media/kame/Data/_workings/resource/GTEv8//GTExv8.EUR.Ovary/ENSG00000130943.6.wgt.RDat	ENSG00000130943.6	22	46263354	46263355	0.3084	rs801719	-4.87	rs9627295	0.227607	-6.12	2.41653	463	13	enet	0.21	9.9e-09	-2.2511	0.0244
Ovary	/media/kame/Data/_workings/resource/GTEv8//GTExv8.EUR.Ovary/ENSG00000260708.1.wgt.RDat	ENSG00000260708.1	22	46762562	46762563	0.6514	rs801719	-4.87	rs5769136	0.552409	-8.76	-0.08335	568	22	enet	0.54	1.2e-24	0.1049	0.916
Ovary	/media/kame/Data/_workings/resource/GTEv8//GTExv8.EUR.Ovary/ENSG00000235111.1.wgt.RDat	ENSG00000235111.1	22	49615715	49615716	0.2394	rs910799	6.24	rs135876	0.118176	4.23	0.11399	662	7	enet	0.048	0.0059	0.3855	0.7
Ovary	/media/kame/Data/_workings/resource/GTEv8//GTExv8.EUR.Ovary/ENSG00000260613.1.wgt.RDat	ENSG00000260613.1	22	49837785	49837786	0.2408	rs910799	6.24	rs761878	0.1118	-4.92	2.67172	508	20	enet	0.18	1e-07	-2.6848	0.00726
Ovary	/media/kame/Data/_workings/resource/GTEv8//GTExv8.EUR.Ovary/ENSG00000100427.15.wgt.RDat	ENSG00000100427.15	22	50085901	50085902	0.4475	rs910799	6.24	rs6010138	0.289531	6.43	1.58531	414	10	enet	0.23	2.2e-09	1.4488	0.147
Ovary	/media/kame/Data/_workings/resource/GTEv8//GTExv8.EUR.Ovary/ENSG00000073150.13.wgt.RDat	ENSG00000073150.13	22	50170730	50170731	0.3545	rs910799	6.24	rs760750	0.188502	5.75	0.54016	427	36	enet	0.14	2.7e-06	0.4421	0.658
Ovary	/media/kame/Data/_workings/resource/GTEv8//GTExv8.EUR.Ovary/ENSG00000273253.2.wgt.RDat	ENSG00000273253.2	22	50200836	50200837	0.3327	rs910799	6.24	rs760753	0.250935	6.18	0.9186	413	16	enet	0.22	5.3e-09	0.6116	0.541
Ovary	/media/kame/Data/_workings/resource/GTEv8//GTExv8.EUR.Ovary/ENSG00000100429.17.wgt.RDat	ENSG00000100429.17	22	50249858	50249859	0.4417	rs910799	6.24	rs7290465	0.279916	6.32	-0.44761	407	14	enet	0.31	1.2e-12	0.203	0.839
Ovary	/media/kame/Data/_workings/resource/GTEv8//GTExv8.EUR.Ovary/ENSG00000188130.13.wgt.RDat	ENSG00000188130.13	22	50261824	50261825	0.4476	rs910799	6.24	rs7290465	0.123519	5.44	-0.44761	405	25	enet	0.13	1.1e-05	-0.6002	0.548
Ovary	/media/kame/Data/_workings/resource/GTEv8//GTExv8.EUR.Ovary/ENSG00000205560.12.wgt.RDat	ENSG00000205560.12	22	50578454	50578455	0.4851	rs742186	-4.87	rs5770911	0.26847	-6.62	-2.18923	292	20	enet	0.28	1.7e-11	0.4419	0.659
Ovary	/media/kame/Data/_workings/resource/GTEv8//GTExv8.EUR.Ovary/ENSG00000100288.19.wgt.RDat	ENSG00000100288.19	22	50601454	50601455	0.2439	rs742186	-4.87	rs5770911	0.004731	-3.88	-2.18923	282	17	enet	-0.0041	0.51	1.1847	0.236
Ovary	/media/kame/Data/_workings/resource/GTEv8//GTExv8.EUR.Ovary/ENSG00000100299.17.wgt.RDat	ENSG00000100299.17	22	50628172	50628173	0.3116	rs742186	-4.87	rs8142033	0.055513	-4.36	-0.55983	257	23	enet	0.081	0.00042	-0.4565	0.648
Ovary	/media/kame/Data/_workings/resource/GTEv8//GTExv8.EUR.Ovary/ENSG00000079974.17.wgt.RDat	ENSG00000079974.17	22	50783662	50783663	0.428	rs7510868	-4.05	rs2285395	0.3078	6.66	-0.6331	191	27	enet	0.25	2.6e-10	-0.074	0.941
