PANEL	FILE	ID	CHR	P0	P1	HSQ	BEST.GWAS.ID	BEST.GWAS.Z	EQTL.ID	EQTL.R2	EQTL.Z	EQTL.GWAS.Z	NSNP	NWGT	MODEL	MODELCV.R2	MODELCV.PV	TWAS.Z	TWAS.P
Brain_Hippocampus	/media/kame/Data/_workings/resource/GTEv8//GTExv8.EUR.Brain_Hippocampus/ENSG00000225972.1.wgt.RDat	ENSG00000225972.1	1	629061	629062	0.174	rs1891910	-4.64	rs3128117	0.0136	-2.96	-0.839866	77	4	enet	-0.0067	0.92	0.46676	0.641
Brain_Hippocampus	/media/kame/Data/_workings/resource/GTEv8//GTExv8.EUR.Brain_Hippocampus/ENSG00000225630.1.wgt.RDat	ENSG00000225630.1	1	629639	629640	0.13	rs1891910	-4.64	rs2710888	0.0525	-3.97	-1.489351	78	7	enet	0.044	0.0057	0.53448	0.593
Brain_Hippocampus	/media/kame/Data/_workings/resource/GTEv8//GTExv8.EUR.Brain_Hippocampus/ENSG00000237491.8.wgt.RDat	ENSG00000237491.8	1	778769	778770	0.358	rs1891910	-4.64	rs13302982	-0.00465	3.65	-0.48591	136	37	enet	0.031	0.018	0.32529	0.745
Brain_Hippocampus	/media/kame/Data/_workings/resource/GTEv8//GTExv8.EUR.Brain_Hippocampus/ENSG00000188157.14.wgt.RDat	ENSG00000188157.14	1	1020122	1020123	0.192	rs1891910	-4.64	rs35242196	-0.000546	3.14	-0.583314	186	19	enet	0.038	0.0099	-0.22859	0.819
Brain_Hippocampus	/media/kame/Data/_workings/resource/GTEv8//GTExv8.EUR.Brain_Hippocampus/ENSG00000162576.16.wgt.RDat	ENSG00000162576.16	1	1361776	1361777	0.236	rs1891910	-4.64	rs2649589	0.0125	-4.36	0.658409	261	19	enet	0.077	0.00035	-1.96881	0.049
Brain_Hippocampus	/media/kame/Data/_workings/resource/GTEv8//GTExv8.EUR.Brain_Hippocampus/ENSG00000242485.5.wgt.RDat	ENSG00000242485.5	1	1407312	1407313	0.217	rs1891910	-4.64	rs12410087	0.145	5.2	-1.838529	275	9	enet	0.1	5e-05	-1.57631	0.115
Brain_Hippocampus	/media/kame/Data/_workings/resource/GTEv8//GTExv8.EUR.Brain_Hippocampus/ENSG00000235098.8.wgt.RDat	ENSG00000235098.8	1	1421768	1421769	0.336	rs1891910	-4.64	rs307380	0.17	-6.43	0.718541	282	14	enet	0.21	2.3e-09	-0.47402	0.635
Brain_Hippocampus	/media/kame/Data/_workings/resource/GTEv8//GTExv8.EUR.Brain_Hippocampus/ENSG00000215915.9.wgt.RDat	ENSG00000215915.9	1	1449688	1449689	0.492	rs1891910	-4.64	rs1695824	0.244	-7.31	-1.891308	287	12	enet	0.31	9.3e-14	1.51463	0.13
Brain_Hippocampus	/media/kame/Data/_workings/resource/GTEv8//GTExv8.EUR.Brain_Hippocampus/ENSG00000160072.19.wgt.RDat	ENSG00000160072.19	1	1471768	1471769	0.621	rs1891910	-4.64	rs2031709	0.0629	-5.96	2.149189	284	10	enet	0.084	0.00019	-2.45787	0.014
Brain_Hippocampus	/media/kame/Data/_workings/resource/GTEv8//GTExv8.EUR.Brain_Hippocampus/ENSG00000160075.11.wgt.RDat	ENSG00000160075.11	1	1574868	1574869	0.242	rs3128317	-4.81	rs3766170	0.0966	4.54	-0.014513	280	11	enet	0.088	0.00013	-0.85201	0.394
Brain_Hippocampus	/media/kame/Data/_workings/resource/GTEv8//GTExv8.EUR.Brain_Hippocampus/ENSG00000215914.4.wgt.RDat	ENSG00000215914.4	1	1699941	1699942	0.298	rs3128317	-4.81	rs4074197	0.03	4.14	0.507688	301	15	enet	0.016	0.066	0.16387	0.87
Brain_Hippocampus	/media/kame/Data/_workings/resource/GTEv8//GTExv8.EUR.Brain_Hippocampus/ENSG00000008130.15.wgt.RDat	ENSG00000008130.15	1	1780456	1780457	0.178	rs3128317	-4.81	rs2474460	0.072	-4.19	0.866684	288	36	enet	0.056	0.0021	0.61086	0.541
Brain_Hippocampus	/media/kame/Data/_workings/resource/GTEv8//GTExv8.EUR.Brain_Hippocampus/ENSG00000231050.1.wgt.RDat	ENSG00000231050.1	1	1891470	1891471	0.508	rs3128317	-4.81	rs12126768	0.268	-6.45	-0.517169	316	59	enet	0.15	4.8e-07	-0.54178	0.588
Brain_Hippocampus	/media/kame/Data/_workings/resource/GTEv8//GTExv8.EUR.Brain_Hippocampus/ENSG00000169885.9.wgt.RDat	ENSG00000169885.9	1	1914826	1914827	0.203	rs3128317	-4.81	rs2250833	0.0707	-4.35	-0.091065	327	11	enet	0.054	0.0024	-0.31421	0.753
Brain_Hippocampus	/media/kame/Data/_workings/resource/GTEv8//GTExv8.EUR.Brain_Hippocampus/ENSG00000182873.5.wgt.RDat	ENSG00000182873.5	1	2184388	2184389	0.17	rs34241773	10.5	rs2460001	0.0401	4.11	0.651273	378	19	enet	0.00014	0.31	-0.16023	0.873
Brain_Hippocampus	/media/kame/Data/_workings/resource/GTEv8//GTExv8.EUR.Brain_Hippocampus/ENSG00000272420.1.wgt.RDat	ENSG00000272420.1	1	2363627	2363628	0.18	rs34241773	10.5	rs2055204	0.0303	-3.92	0.330812	349	15	enet	0.016	0.066	-0.17692	0.86
Brain_Hippocampus	/media/kame/Data/_workings/resource/GTEv8//GTExv8.EUR.Brain_Hippocampus/ENSG00000229393.1.wgt.RDat	ENSG00000229393.1	1	2494478	2494479	0.189	rs34241773	10.5	rs2477702	0.00324	3.56	-0.123153	355	16	enet	0.013	0.09	-1.34256	0.179
Brain_Hippocampus	/media/kame/Data/_workings/resource/GTEv8//GTExv8.EUR.Brain_Hippocampus/ENSG00000235169.7.wgt.RDat	ENSG00000235169.7	1	3772787	3772788	0.234	rs10915459	4.37	rs9424303	-0.00621	4.02	-1.117304	543	11	enet	0.0078	0.14	-1.19181	0.233
Brain_Hippocampus	/media/kame/Data/_workings/resource/GTEv8//GTExv8.EUR.Brain_Hippocampus/ENSG00000198912.10.wgt.RDat	ENSG00000198912.10	1	3900284	3900285	0.374	rs10915459	4.37	rs7367066	0.301	-6.87	-0.626579	582	8	enet	0.28	2.7e-12	1.16676	0.243
Brain_Hippocampus	/media/kame/Data/_workings/resource/GTEv8//GTExv8.EUR.Brain_Hippocampus/ENSG00000131697.17.wgt.RDat	ENSG00000131697.17	1	5992361	5992362	0.432	rs11588889	-6.71	rs1295101	0.145	-5.73	-2.481016	506	25	enet	0.26	1.5e-11	-0.04383	0.965
Brain_Hippocampus	/media/kame/Data/_workings/resource/GTEv8//GTExv8.EUR.Brain_Hippocampus/ENSG00000116251.9.wgt.RDat	ENSG00000116251.9	1	6209388	6209389	0.201	rs11588889	-6.71	rs489933	-0.0065	3.37	-3.058766	443	21	enet	-0.0054	0.66	-3.86704	0.00011
Brain_Hippocampus	/media/kame/Data/_workings/resource/GTEv8//GTExv8.EUR.Brain_Hippocampus/ENSG00000116237.15.wgt.RDat	ENSG00000116237.15	1	6235971	6235972	0.375	rs11588889	-6.71	rs1064721	0.0895	-5.84	-0.476692	440	14	enet	0.099	5.4e-05	-0.11986	0.905
Brain_Hippocampus	/media/kame/Data/_workings/resource/GTEv8//GTExv8.EUR.Brain_Hippocampus/ENSG00000270171.1.wgt.RDat	ENSG00000270171.1	1	7694843	7694844	0.629	rs9434618	-5.83	rs12756299	0.408	-8.14	-1.003508	463	25	enet	0.42	1.1e-19	-0.16929	0.866
Brain_Hippocampus	/media/kame/Data/_workings/resource/GTEv8//GTExv8.EUR.Brain_Hippocampus/ENSG00000049245.12.wgt.RDat	ENSG00000049245.12	1	7771268	7771269	0.316	rs9434618	-5.83	rs10864316	0.185	5.93	0.15871	458	14	enet	0.14	2.1e-06	-0.2597	0.795
Brain_Hippocampus	/media/kame/Data/_workings/resource/GTEv8//GTExv8.EUR.Brain_Hippocampus/ENSG00000238290.1.wgt.RDat	ENSG00000238290.1	1	8026737	8026738	0.234	rs9434618	-5.83	rs6682378	0.253	6.32	1.602459	368	11	enet	0.22	1.3e-09	1.29727	0.195
Brain_Hippocampus	/media/kame/Data/_workings/resource/GTEv8//GTExv8.EUR.Brain_Hippocampus/ENSG00000142599.17.wgt.RDat	ENSG00000142599.17	1	8817642	8817643	0.234	rs12565639	-5.14	rs301806	0.0273	-4.3	0.50321	374	21	enet	0.0032	0.23	-0.02742	0.978
Brain_Hippocampus	/media/kame/Data/_workings/resource/GTEv8//GTExv8.EUR.Brain_Hippocampus/ENSG00000049239.12.wgt.RDat	ENSG00000049239.12	1	9234774	9234775	0.429	rs6669846	-5.55	rs2268175	0.0457	-4.27	-0.040284	429	20	enet	0.06	0.0014	-0.2274	0.82
Brain_Hippocampus	/media/kame/Data/_workings/resource/GTEv8//GTExv8.EUR.Brain_Hippocampus/ENSG00000171612.6.wgt.RDat	ENSG00000171612.6	1	9539481	9539482	0.372	rs6669846	-5.55	rs11121387	-0.0039	3.28	1.220501	351	41	enet	-0.0038	0.51	-1.98451	0.0472
Brain_Hippocampus	/media/kame/Data/_workings/resource/GTEv8//GTExv8.EUR.Brain_Hippocampus/ENSG00000171603.16.wgt.RDat	ENSG00000171603.16	1	9824525	9824526	0.183	rs3903151	-8.08	rs9430220	-0.00644	3.45	-0.616596	306	27	enet	0.036	0.011	1.01828	0.309
Brain_Hippocampus	/media/kame/Data/_workings/resource/GTEv8//GTExv8.EUR.Brain_Hippocampus/ENSG00000054523.17.wgt.RDat	ENSG00000054523.17	1	10210804	10210805	0.13	rs12402967	-9.03	rs17400510	0.0828	4.16	-5.084773	349	12	enet	0.04	0.0084	-4.46325	8.07e-06
Brain_Hippocampus	/media/kame/Data/_workings/resource/GTEv8//GTExv8.EUR.Brain_Hippocampus/ENSG00000130940.14.wgt.RDat	ENSG00000130940.14	1	10796649	10796650	0.295	rs12402967	-9.03	rs12402967	0.00121	-3.95	-9.030213	390	16	enet	0.06	0.0015	5.07909	3.79e-07
Brain_Hippocampus	/media/kame/Data/_workings/resource/GTEv8//GTExv8.EUR.Brain_Hippocampus/ENSG00000116649.9.wgt.RDat	ENSG00000116649.9	1	11060023	11060024	0.409	rs12741973	-3.56	rs1292646	0.00512	-3.56	0.664001	362	12	enet	0.057	0.0018	-0.85152	0.394
Brain_Hippocampus	/media/kame/Data/_workings/resource/GTEv8//GTExv8.EUR.Brain_Hippocampus/ENSG00000242349.5.wgt.RDat	ENSG00000242349.5	1	11843703	11843704	0.172	rs1148471	6.54	rs5067	0.0795	-4.46	-2.04127	473	9	enet	0.049	0.0037	1.84325	0.0653
Brain_Hippocampus	/media/kame/Data/_workings/resource/GTEv8//GTExv8.EUR.Brain_Hippocampus/ENSG00000116688.16.wgt.RDat	ENSG00000116688.16	1	11980180	11980181	0.293	rs1148471	6.54	rs2273291	0.206	5.96	-0.115284	442	8	enet	0.21	2.1e-09	-0.10712	0.915
Brain_Hippocampus	/media/kame/Data/_workings/resource/GTEv8//GTExv8.EUR.Brain_Hippocampus/ENSG00000228140.1.wgt.RDat	ENSG00000228140.1	1	15409432	15409433	0.411	rs578771	3.77	rs2092324	0.151	5.39	0.257572	519	20	enet	0.055	0.0022	0.83857	0.402
Brain_Hippocampus	/media/kame/Data/_workings/resource/GTEv8//GTExv8.EUR.Brain_Hippocampus/ENSG00000132906.17.wgt.RDat	ENSG00000132906.17	1	15526533	15526534	0.177	rs578771	3.77	rs7663	0.0132	3.88	-0.581004	504	15	enet	0.0014	0.27	0.48815	0.625
Brain_Hippocampus	/media/kame/Data/_workings/resource/GTEv8//GTExv8.EUR.Brain_Hippocampus/ENSG00000116771.5.wgt.RDat	ENSG00000116771.5	1	15585109	15585110	0.227	rs11801060	-4.15	rs1056207	0.0183	3.61	-0.334691	496	41	enet	0.039	0.0089	0.53848	0.59
Brain_Hippocampus	/media/kame/Data/_workings/resource/GTEv8//GTExv8.EUR.Brain_Hippocampus/ENSG00000162461.7.wgt.RDat	ENSG00000162461.7	1	15736404	15736405	0.481	rs11801060	-4.15	rs3817269	0.292	-6.94	0.208752	444	34	enet	0.38	4.1e-17	-0.99663	0.319
Brain_Hippocampus	/media/kame/Data/_workings/resource/GTEv8//GTExv8.EUR.Brain_Hippocampus/ENSG00000186510.11.wgt.RDat	ENSG00000186510.11	1	16018874	16018875	0.373	rs11801060	-4.15	rs1763601	0.0904	4.99	-2.560824	384	40	enet	0.1	4.5e-05	-1.80934	0.0704
Brain_Hippocampus	/media/kame/Data/_workings/resource/GTEv8//GTExv8.EUR.Brain_Hippocampus/ENSG00000232456.1.wgt.RDat	ENSG00000232456.1	1	16040028	16040029	0.517	rs11801060	-4.15	rs12728542	0.261	6.39	-0.731418	377	57	enet	0.22	5.9e-10	-0.50428	0.614
Brain_Hippocampus	/media/kame/Data/_workings/resource/GTEv8//GTExv8.EUR.Brain_Hippocampus/ENSG00000185519.8.wgt.RDat	ENSG00000185519.8	1	16073631	16073632	0.434	rs11801060	-4.15	rs10803414	0.157	-5.65	0.022894	369	41	enet	0.23	2.1e-10	0.06193	0.951
Brain_Hippocampus	/media/kame/Data/_workings/resource/GTEv8//GTExv8.EUR.Brain_Hippocampus/ENSG00000142632.16.wgt.RDat	ENSG00000142632.16	1	16212608	16212609	0.34	rs11801060	-4.15	rs12751725	0.163	5.94	0.088121	333	6	enet	0.16	2.4e-07	0.04776	0.962
Brain_Hippocampus	/media/kame/Data/_workings/resource/GTEv8//GTExv8.EUR.Brain_Hippocampus/ENSG00000132881.11.wgt.RDat	ENSG00000132881.11	1	16237161	16237162	0.219	rs11801060	-4.15	rs1008529	0.048	4.2	1.728456	316	27	enet	0.045	0.0053	0.80734	0.419
Brain_Hippocampus	/media/kame/Data/_workings/resource/GTEv8//GTExv8.EUR.Brain_Hippocampus/ENSG00000186301.8.wgt.RDat	ENSG00000186301.8	1	16645621	16645622	0.403	rs12408813	2.46	rs279779	0.158	-5.47	-0.016828	259	30	enet	0.24	9e-11	0.4268	0.67
Brain_Hippocampus	/media/kame/Data/_workings/resource/GTEv8//GTExv8.EUR.Brain_Hippocampus/ENSG00000215908.10.wgt.RDat	ENSG00000215908.10	1	16657231	16657232	0.464	rs1883911	-2.49	rs156908	0.239	6.06	-0.156584	256	21	enet	0.24	1.6e-10	0.01253	0.99
Brain_Hippocampus	/media/kame/Data/_workings/resource/GTEv8//GTExv8.EUR.Brain_Hippocampus/ENSG00000186715.10.wgt.RDat	ENSG00000186715.10	1	16770236	16770237	0.578	rs12026071	-3.06	rs761422	0.279	-6.66	1.570093	291	17	enet	0.28	2.2e-12	-1.30825	0.191
Brain_Hippocampus	/media/kame/Data/_workings/resource/GTEv8//GTExv8.EUR.Brain_Hippocampus/ENSG00000235241.1.wgt.RDat	ENSG00000235241.1	1	16889094	16889095	0.343	rs12026071	-3.06	rs149565	0.153	5.35	-0.017537	339	29	enet	0.2	7.3e-09	0.05799	0.954
Brain_Hippocampus	/media/kame/Data/_workings/resource/GTEv8//GTExv8.EUR.Brain_Hippocampus/ENSG00000238142.1.wgt.RDat	ENSG00000238142.1	1	16889648	16889649	0.33	rs12026071	-3.06	rs149565	0.175	5.84	-0.017537	340	26	enet	0.26	1.4e-11	-0.04446	0.965
Brain_Hippocampus	/media/kame/Data/_workings/resource/GTEv8//GTExv8.EUR.Brain_Hippocampus/ENSG00000272426.1.wgt.RDat	ENSG00000272426.1	1	16904775	16904776	0.233	rs12026071	-3.06	rs149562	0.0444	-4.87	0.107001	348	13	enet	0.17	1.1e-07	-0.31435	0.753
Brain_Hippocampus	/media/kame/Data/_workings/resource/GTEv8//GTExv8.EUR.Brain_Hippocampus/ENSG00000058453.16.wgt.RDat	ENSG00000058453.16	1	16921949	16921950	0.234	rs12026071	-3.06	rs6691985	0.19	5.53	-0.377753	352	14	enet	0.12	1e-05	-0.54282	0.587
Brain_Hippocampus	/media/kame/Data/_workings/resource/GTEv8//GTExv8.EUR.Brain_Hippocampus/ENSG00000117122.13.wgt.RDat	ENSG00000117122.13	1	16980834	16980835	0.22	rs12026071	-3.06	rs2871776	0.0988	-4.45	-0.061599	344	10	enet	0.078	3e-04	0.28599	0.775
Brain_Hippocampus	/media/kame/Data/_workings/resource/GTEv8//GTExv8.EUR.Brain_Hippocampus/ENSG00000127463.13.wgt.RDat	ENSG00000127463.13	1	19251537	19251538	0.373	rs6693503	6.81	rs3748759	0.273	-6.75	-0.048576	505	24	enet	0.3	1.5e-13	0.14364	0.886
Brain_Hippocampus	/media/kame/Data/_workings/resource/GTEv8//GTExv8.EUR.Brain_Hippocampus/ENSG00000169914.5.wgt.RDat	ENSG00000169914.5	1	19882512	19882513	0.608	rs6693503	6.81	rs10916668	0.197	6.64	-0.08721	542	67	enet	0.23	5e-10	0.22771	0.82
Brain_Hippocampus	/media/kame/Data/_workings/resource/GTEv8//GTExv8.EUR.Brain_Hippocampus/ENSG00000127472.10.wgt.RDat	ENSG00000127472.10	1	20028178	20028179	0.304	rs6693503	6.81	rs656110	-0.00333	3.78	-0.046355	523	45	enet	0.04	0.0083	1.56974	0.116
Brain_Hippocampus	/media/kame/Data/_workings/resource/GTEv8//GTExv8.EUR.Brain_Hippocampus/ENSG00000090432.6.wgt.RDat	ENSG00000090432.6	1	20508160	20508161	0.308	rs12080654	4.37	rs12729829	0.0802	5.16	0.169952	509	37	enet	0.14	2.2e-06	-1.03686	0.3
Brain_Hippocampus	/media/kame/Data/_workings/resource/GTEv8//GTExv8.EUR.Brain_Hippocampus/ENSG00000117245.12.wgt.RDat	ENSG00000117245.12	1	20718016	20718017	0.318	rs12080654	4.37	rs666371	0.186	-5.63	-3.365384	442	23	enet	0.12	5.5e-06	1.63173	0.103
Brain_Hippocampus	/media/kame/Data/_workings/resource/GTEv8//GTExv8.EUR.Brain_Hippocampus/ENSG00000127483.17.wgt.RDat	ENSG00000127483.17	1	20787322	20787323	0.124	rs3026886	7.03	rs12137408	-0.00222	3.66	-1.294068	428	13	enet	-0.0032	0.47	-0.60294	0.547
Brain_Hippocampus	/media/kame/Data/_workings/resource/GTEv8//GTExv8.EUR.Brain_Hippocampus/ENSG00000227001.3.wgt.RDat	ENSG00000227001.3	1	21427966	21427967	0.393	rs3026886	7.03	rs4654947	0.262	-6.5	-0.444609	377	3	enet	0.14	1e-06	0.38289	0.702
Brain_Hippocampus	/media/kame/Data/_workings/resource/GTEv8//GTExv8.EUR.Brain_Hippocampus/ENSG00000142794.18.wgt.RDat	ENSG00000142794.18	1	21440127	21440128	0.816	rs3026886	7.03	rs4654947	0.542	9.22	-0.444609	379	36	enet	0.55	5.8e-28	-0.29912	0.765
Brain_Hippocampus	/media/kame/Data/_workings/resource/GTEv8//GTExv8.EUR.Brain_Hippocampus/ENSG00000204219.9.wgt.RDat	ENSG00000204219.9	1	23424739	23424740	0.37	rs2076345	-4.37	rs1555024	0.309	-6.87	-3.666138	313	11	enet	0.24	7.6e-11	3.23668	0.00121
Brain_Hippocampus	/media/kame/Data/_workings/resource/GTEv8//GTExv8.EUR.Brain_Hippocampus/ENSG00000197880.8.wgt.RDat	ENSG00000197880.8	1	23581494	23581495	0.289	rs2076345	-4.37	rs2742976	0.0992	4.1	0.425057	309	24	enet	0.043	0.0061	0.38618	0.699
Brain_Hippocampus	/media/kame/Data/_workings/resource/GTEv8//GTExv8.EUR.Brain_Hippocampus/ENSG00000117305.14.wgt.RDat	ENSG00000117305.14	1	23838619	23838620	0.129	rs6700245	-4.58	rs2256179	0.0464	4.04	-3.733387	367	22	enet	0.0014	0.27	-3.64177	0.000271
Brain_Hippocampus	/media/kame/Data/_workings/resource/GTEv8//GTExv8.EUR.Brain_Hippocampus/ENSG00000001460.17.wgt.RDat	ENSG00000001460.17	1	24416933	24416934	0.416	rs6700245	-4.58	rs11249117	0.155	-5.26	-1.277189	420	27	enet	0.14	1.7e-06	1.23176	0.218
Brain_Hippocampus	/media/kame/Data/_workings/resource/GTEv8//GTExv8.EUR.Brain_Hippocampus/ENSG00000261349.1.wgt.RDat	ENSG00000261349.1	1	25267135	25267136	0.496	rs3767880	-5.16	rs2375279	0.136	4.84	1.747632	351	43	enet	0.23	3e-10	1.41986	0.156
Brain_Hippocampus	/media/kame/Data/_workings/resource/GTEv8//GTExv8.EUR.Brain_Hippocampus/ENSG00000187010.19.wgt.RDat	ENSG00000187010.19	1	25272392	25272393	0.762	rs3767880	-5.16	rs3091242	0.278	6.7	-0.62936	352	39	enet	0.46	7.9e-22	0.13936	0.889
Brain_Hippocampus	/media/kame/Data/_workings/resource/GTEv8//GTExv8.EUR.Brain_Hippocampus/ENSG00000224183.1.wgt.RDat	ENSG00000224183.1	1	25294642	25294643	0.418	rs3767880	-5.16	rs3091242	0.116	4.39	-0.62936	365	17	enet	0.21	3.3e-09	0.4881	0.625
Brain_Hippocampus	/media/kame/Data/_workings/resource/GTEv8//GTExv8.EUR.Brain_Hippocampus/ENSG00000188672.17.wgt.RDat	ENSG00000188672.17	1	25430191	25430192	0.474	rs3767880	-5.16	rs3091242	0.31	-7.31	-0.62936	376	12	enet	0.24	1.9e-10	0.50961	0.61
Brain_Hippocampus	/media/kame/Data/_workings/resource/GTEv8//GTExv8.EUR.Brain_Hippocampus/ENSG00000157978.11.wgt.RDat	ENSG00000157978.11	1	25543579	25543580	0.632	rs3767880	-5.16	rs6688931	0.375	-7.88	0.22042	339	13	enet	0.39	9.2e-18	0.4199	0.675
Brain_Hippocampus	/media/kame/Data/_workings/resource/GTEv8//GTExv8.EUR.Brain_Hippocampus/ENSG00000158022.6.wgt.RDat	ENSG00000158022.6	1	26068435	26068436	0.113	rs3767880	-5.16	rs12069762	0.0585	4.03	-0.47562	451	22	enet	0.027	0.024	-0.66261	0.508
Brain_Hippocampus	/media/kame/Data/_workings/resource/GTEv8//GTExv8.EUR.Brain_Hippocampus/ENSG00000197245.5.wgt.RDat	ENSG00000197245.5	1	26159019	26159020	0.105	rs3767880	-5.16	rs12565228	0.0474	4.33	-0.14034	443	9	enet	0.029	0.021	-0.23244	0.816
Brain_Hippocampus	/media/kame/Data/_workings/resource/GTEv8//GTExv8.EUR.Brain_Hippocampus/ENSG00000142675.17.wgt.RDat	ENSG00000142675.17	1	26177402	26177403	0.511	rs3767880	-5.16	rs12145714	0.343	-7.76	0.060351	437	40	enet	0.48	9.5e-23	-0.34079	0.733
Brain_Hippocampus	/media/kame/Data/_workings/resource/GTEv8//GTExv8.EUR.Brain_Hippocampus/ENSG00000130695.14.wgt.RDat	ENSG00000130695.14	1	26234152	26234153	0.186	rs3767880	-5.16	rs11247926	0.0643	4.08	-0.01	426	18	enet	0.084	0.00019	1.11994	0.263
Brain_Hippocampus	/media/kame/Data/_workings/resource/GTEv8//GTExv8.EUR.Brain_Hippocampus/ENSG00000060642.10.wgt.RDat	ENSG00000060642.10	1	26787471	26787472	0.142	rs1105726	-3.54	rs4970503	-0.00634	3.43	-1.949671	292	48	enet	-0.00028	0.33	-0.44997	0.653
Brain_Hippocampus	/media/kame/Data/_workings/resource/GTEv8//GTExv8.EUR.Brain_Hippocampus/ENSG00000090273.13.wgt.RDat	ENSG00000090273.13	1	26902281	26902282	0.211	rs1105726	-3.54	rs35308549	0.081	4.98	0.014443	256	22	enet	0.077	0.00034	-0.97871	0.328
Brain_Hippocampus	/media/kame/Data/_workings/resource/GTEv8//GTExv8.EUR.Brain_Hippocampus/ENSG00000174950.10.wgt.RDat	ENSG00000174950.10	1	27383379	27383380	0.221	rs17340684	-7.88	rs4075401	0.133	5.14	-0.182972	230	9	enet	0.073	5e-04	0.31375	0.754
Brain_Hippocampus	/media/kame/Data/_workings/resource/GTEv8//GTExv8.EUR.Brain_Hippocampus/ENSG00000117748.9.wgt.RDat	ENSG00000117748.9	1	27914745	27914746	0.178	rs17340684	-7.88	rs17257252	0.167	5.26	0.003564	256	8	enet	0.11	2.5e-05	0.49613	0.62
Brain_Hippocampus	/media/kame/Data/_workings/resource/GTEv8//GTExv8.EUR.Brain_Hippocampus/ENSG00000228589.3.wgt.RDat	ENSG00000228589.3	1	28096421	28096422	0.168	rs7523070	-4.3	rs6673064	0.00158	-3.54	0.502183	255	14	enet	0.022	0.04	0.10677	0.915
Brain_Hippocampus	/media/kame/Data/_workings/resource/GTEv8//GTExv8.EUR.Brain_Hippocampus/ENSG00000270605.1.wgt.RDat	ENSG00000270605.1	1	28241452	28241453	0.688	rs7523070	-4.3	rs2938867	0.439	-8.4	1.661412	256	30	enet	0.44	9.4e-21	-1.86986	0.0615
Brain_Hippocampus	/media/kame/Data/_workings/resource/GTEv8//GTExv8.EUR.Brain_Hippocampus/ENSG00000204138.12.wgt.RDat	ENSG00000204138.12	1	28369581	28369582	0.359	rs797397	-4.82	rs11247771	0.0398	-4.69	-0.620722	279	53	enet	0.17	7.6e-08	0.53343	0.594
Brain_Hippocampus	/media/kame/Data/_workings/resource/GTEv8//GTExv8.EUR.Brain_Hippocampus/ENSG00000186056.9.wgt.RDat	ENSG00000186056.9	1	30718503	30718504	0.319	rs1983822	-8.2	rs1149023	0.0149	3.99	0.530366	547	21	enet	0.033	0.014	0.81144	0.417
Brain_Hippocampus	/media/kame/Data/_workings/resource/GTEv8//GTExv8.EUR.Brain_Hippocampus/ENSG00000084628.9.wgt.RDat	ENSG00000084628.9	1	31239553	31239554	0.719	rs2050256	12.51	rs7549197	0.503	-8.75	-2.879481	424	27	enet	0.47	4.3e-22	3.44888	0.000563
Brain_Hippocampus	/media/kame/Data/_workings/resource/GTEv8//GTExv8.EUR.Brain_Hippocampus/ENSG00000121766.15.wgt.RDat	ENSG00000121766.15	1	31296981	31296982	0.26	rs2050256	12.51	rs6677966	0.000197	-3.59	-1.903117	414	38	enet	0.048	0.0042	2.47006	0.0135
Brain_Hippocampus	/media/kame/Data/_workings/resource/GTEv8//GTExv8.EUR.Brain_Hippocampus/ENSG00000235790.7.wgt.RDat	ENSG00000235790.7	1	31644048	31644049	0.479	rs2050256	12.51	rs3862892	0.275	-6.71	0.196139	350	15	enet	0.24	1.8e-10	-1.17929	0.238
Brain_Hippocampus	/media/kame/Data/_workings/resource/GTEv8//GTExv8.EUR.Brain_Hippocampus/ENSG00000084636.17.wgt.RDat	ENSG00000084636.17	1	31704318	31704319	0.628	rs2050256	12.51	rs3862892	0.315	-7.08	0.196139	350	46	enet	0.31	9.4e-14	-1.18585	0.236
Brain_Hippocampus	/media/kame/Data/_workings/resource/GTEv8//GTExv8.EUR.Brain_Hippocampus/ENSG00000116883.8.wgt.RDat	ENSG00000116883.8	1	36323733	36323734	0.488	rs537958	15.31	rs12116935	0.295	6.84	0.269643	327	11	enet	0.28	3.4e-12	1.77974	0.0751
Brain_Hippocampus	/media/kame/Data/_workings/resource/GTEv8//GTExv8.EUR.Brain_Hippocampus/ENSG00000181817.5.wgt.RDat	ENSG00000181817.5	1	36397891	36397892	0.355	rs537958	15.31	rs7170	0.113	4.44	-6.817812	346	49	enet	0.15	7.4e-07	-2.78321	0.00538
Brain_Hippocampus	/media/kame/Data/_workings/resource/GTEv8//GTExv8.EUR.Brain_Hippocampus/ENSG00000233621.1.wgt.RDat	ENSG00000233621.1	1	37474410	37474411	0.383	rs573744	9.24	rs2783724	0.25	6.21	-0.851416	437	26	enet	0.26	1.2e-11	-0.51426	0.607
Brain_Hippocampus	/media/kame/Data/_workings/resource/GTEv8//GTExv8.EUR.Brain_Hippocampus/ENSG00000163879.10.wgt.RDat	ENSG00000163879.10	1	37556918	37556919	0.448	rs573744	9.24	rs7544462	0.0344	-4.19	1.174646	453	54	enet	0.11	1.6e-05	-1.56987	0.116
Brain_Hippocampus	/media/kame/Data/_workings/resource/GTEv8//GTExv8.EUR.Brain_Hippocampus/ENSG00000134697.12.wgt.RDat	ENSG00000134697.12	1	37595934	37595935	0.275	rs573744	9.24	rs4652958	0.0221	-4.05	0.730365	452	39	enet	0.053	0.0027	0.03296	0.974
Brain_Hippocampus	/media/kame/Data/_workings/resource/GTEv8//GTExv8.EUR.Brain_Hippocampus/ENSG00000204084.12.wgt.RDat	ENSG00000204084.12	1	37947056	37947057	0.527	rs573744	9.24	rs4653329	0.24	6.24	7.359191	462	22	enet	0.19	2.2e-08	5.63168	1.78e-08
Brain_Hippocampus	/media/kame/Data/_workings/resource/GTEv8//GTExv8.EUR.Brain_Hippocampus/ENSG00000174574.15.wgt.RDat	ENSG00000174574.15	1	38991222	38991223	0.378	rs1569053	-5.06	rs7553434	0.218	6.13	-1.440474	391	17	enet	0.13	4.1e-06	-1.785	0.0743
Brain_Hippocampus	/media/kame/Data/_workings/resource/GTEv8//GTExv8.EUR.Brain_Hippocampus/ENSG00000183682.7.wgt.RDat	ENSG00000183682.7	1	39491645	39491646	0.146	rs1180280	-5.77	rs3738676	0.0752	4.42	2.057338	369	19	enet	0.055	0.0023	0.8267	0.408
Brain_Hippocampus	/media/kame/Data/_workings/resource/GTEv8//GTExv8.EUR.Brain_Hippocampus/ENSG00000237624.1.wgt.RDat	ENSG00000237624.1	1	39514955	39514956	0.157	rs1180280	-5.77	rs1185303	0.131	-5.19	0.864527	365	2	enet	0.12	1.1e-05	-2.00962	0.0445
Brain_Hippocampus	/media/kame/Data/_workings/resource/GTEv8//GTExv8.EUR.Brain_Hippocampus/ENSG00000182109.7.wgt.RDat	ENSG00000182109.7	1	39546186	39546187	0.248	rs12730176	-6.61	rs11206378	0.0964	4.7	2.121209	373	16	enet	0.11	1.5e-05	-0.25218	0.801
Brain_Hippocampus	/media/kame/Data/_workings/resource/GTEv8//GTExv8.EUR.Brain_Hippocampus/ENSG00000243970.1.wgt.RDat	ENSG00000243970.1	1	39558706	39558707	0.167	rs12730176	-6.61	rs1727098	0.00778	3.39	-0.372307	381	17	enet	0.024	0.033	1.47054	0.141
Brain_Hippocampus	/media/kame/Data/_workings/resource/GTEv8//GTExv8.EUR.Brain_Hippocampus/ENSG00000084072.16.wgt.RDat	ENSG00000084072.16	1	39692181	39692182	0.767	rs12730176	-6.61	rs12074147	0.539	8.98	1.136932	380	21	enet	0.5	1.7e-24	0.7244	0.469
Brain_Hippocampus	/media/kame/Data/_workings/resource/GTEv8//GTExv8.EUR.Brain_Hippocampus/ENSG00000187815.9.wgt.RDat	ENSG00000187815.9	1	40477214	40477215	0.335	rs12730176	-6.61	rs7547819	0.189	-5.51	-0.562776	428	15	enet	0.18	4.1e-08	0.16284	0.871
Brain_Hippocampus	/media/kame/Data/_workings/resource/GTEv8//GTExv8.EUR.Brain_Hippocampus/ENSG00000238287.1.wgt.RDat	ENSG00000238287.1	1	40508660	40508661	0.292	rs12730176	-6.61	rs6600338	0.183	-5.55	-0.33555	434	10	enet	0.17	9.3e-08	0.40118	0.688
Brain_Hippocampus	/media/kame/Data/_workings/resource/GTEv8//GTExv8.EUR.Brain_Hippocampus/ENSG00000171793.13.wgt.RDat	ENSG00000171793.13	1	40979334	40979335	0.184	rs11209075	-4.75	rs7512061	0.0203	4.25	0.294232	421	16	enet	0.14	1.3e-06	-0.99683	0.319
Brain_Hippocampus	/media/kame/Data/_workings/resource/GTEv8//GTExv8.EUR.Brain_Hippocampus/ENSG00000164008.14.wgt.RDat	ENSG00000164008.14	1	42767268	42767269	0.281	rs841860	7.71	rs11210721	0.189	-6.03	0.701882	412	19	enet	0.14	1.4e-06	-0.64079	0.522
Brain_Hippocampus	/media/kame/Data/_workings/resource/GTEv8//GTExv8.EUR.Brain_Hippocampus/ENSG00000228452.1.wgt.RDat	ENSG00000228452.1	1	42776789	42776790	0.22	rs841860	7.73	rs6670466	0.094	4.91	-1.138946	413	15	enet	0.072	0.00054	-0.43435	0.664
Brain_Hippocampus	/media/kame/Data/_workings/resource/GTEv8//GTExv8.EUR.Brain_Hippocampus/ENSG00000177868.11.wgt.RDat	ENSG00000177868.11	1	42816803	42816804	0.358	rs841860	8.14	rs2816602	0.185	5.77	0.56967	427	45	enet	0.19	1.7e-08	-0.76166	0.446
Brain_Hippocampus	/media/kame/Data/_workings/resource/GTEv8//GTExv8.EUR.Brain_Hippocampus/ENSG00000164010.13.wgt.RDat	ENSG00000164010.13	1	42817123	42817124	0.347	rs841860	8.14	rs12406279	0.169	-5.25	0.342359	427	31	enet	0.16	1.8e-07	-1.20233	0.229
Brain_Hippocampus	/media/kame/Data/_workings/resource/GTEv8//GTExv8.EUR.Brain_Hippocampus/ENSG00000227533.5.wgt.RDat	ENSG00000227533.5	1	42959294	42959295	0.549	rs841860	6.99	rs841839	0.276	6.57	-0.956735	430	19	enet	0.33	1e-14	-1.58455	0.113
Brain_Hippocampus	/media/kame/Data/_workings/resource/GTEv8//GTExv8.EUR.Brain_Hippocampus/ENSG00000066056.13.wgt.RDat	ENSG00000066056.13	1	43300992	43300993	0.2	rs841860	10.29	rs4141741	0.0834	-4.41	-3.176578	458	26	enet	0.063	0.0011	2.71386	0.00665
Brain_Hippocampus	/media/kame/Data/_workings/resource/GTEv8//GTExv8.EUR.Brain_Hippocampus/ENSG00000159479.16.wgt.RDat	ENSG00000159479.16	1	43389807	43389808	0.238	rs11590627	-10.18	rs12069733	0.0152	-3.85	0.421199	454	12	enet	0.058	0.0017	-1.47066	0.141
Brain_Hippocampus	/media/kame/Data/_workings/resource/GTEv8//GTExv8.EUR.Brain_Hippocampus/ENSG00000117407.16.wgt.RDat	ENSG00000117407.16	1	43933319	43933320	0.192	rs11590627	-10.18	rs2108202	0.0845	4.98	-0.828402	412	10	enet	0.076	0.00038	-0.37905	0.705
Brain_Hippocampus	/media/kame/Data/_workings/resource/GTEv8//GTExv8.EUR.Brain_Hippocampus/ENSG00000117411.16.wgt.RDat	ENSG00000117411.16	1	43978942	43978943	0.188	rs11590627	-10.18	rs369493	0.0205	3.89	0.240691	411	7	enet	0.044	0.0059	1.52229	0.128
Brain_Hippocampus	/media/kame/Data/_workings/resource/GTEv8//GTExv8.EUR.Brain_Hippocampus/ENSG00000070785.16.wgt.RDat	ENSG00000070785.16	1	44986721	44986722	0.18	rs12137389	-3.35	rs6429548	0.0178	3.58	-0.045676	307	27	enet	0.011	0.11	-1.16269	0.245
Brain_Hippocampus	/media/kame/Data/_workings/resource/GTEv8//GTExv8.EUR.Brain_Hippocampus/ENSG00000280670.2.wgt.RDat	ENSG00000280670.2	1	45500051	45500052	0.272	rs518216	6.26	rs12743512	0.188	-5.44	-0.37406	282	20	enet	0.17	1e-07	0.51315	0.608
Brain_Hippocampus	/media/kame/Data/_workings/resource/GTEv8//GTExv8.EUR.Brain_Hippocampus/ENSG00000232022.7.wgt.RDat	ENSG00000232022.7	1	46432128	46432129	0.268	rs324423	-5.42	rs4660928	0.117	5.26	-2.301628	338	24	enet	0.17	9.5e-08	-0.84895	0.396
Brain_Hippocampus	/media/kame/Data/_workings/resource/GTEv8//GTExv8.EUR.Brain_Hippocampus/ENSG00000162365.11.wgt.RDat	ENSG00000162365.11	1	47137434	47137435	0.146	rs1258061	-2.94	rs10890438	0.084	-4.4	0.100671	405	19	enet	0.0051	0.19	0.07285	0.942
Brain_Hippocampus	/media/kame/Data/_workings/resource/GTEv8//GTExv8.EUR.Brain_Hippocampus/ENSG00000225506.2.wgt.RDat	ENSG00000225506.2	1	47179248	47179249	0.262	rs4660956	-2.89	rs6695624	0.0347	3.97	0.149518	409	14	enet	0.044	0.006	0.23216	0.816
Brain_Hippocampus	/media/kame/Data/_workings/resource/GTEv8//GTExv8.EUR.Brain_Hippocampus/ENSG00000117834.12.wgt.RDat	ENSG00000117834.12	1	48222684	48222685	0.205	rs12403496	4.94	rs1056042	0.124	4.62	-0.399303	485	24	enet	0.14	1.8e-06	-0.55005	0.582
Brain_Hippocampus	/media/kame/Data/_workings/resource/GTEv8//GTExv8.EUR.Brain_Hippocampus/ENSG00000272491.1.wgt.RDat	ENSG00000272491.1	1	48229560	48229561	0.431	rs12403496	4.94	rs1056042	0.379	7.66	-0.395398	484	26	enet	0.37	1e-16	-0.25004	0.803
Brain_Hippocampus	/media/kame/Data/_workings/resource/GTEv8//GTExv8.EUR.Brain_Hippocampus/ENSG00000132122.11.wgt.RDat	ENSG00000132122.11	1	48472207	48472208	0.215	rs12739065	-9.81	rs3767618	0.172	-5.36	-0.106163	464	13	enet	0.097	6.1e-05	0.4719	0.637
Brain_Hippocampus	/media/kame/Data/_workings/resource/GTEv8//GTExv8.EUR.Brain_Hippocampus/ENSG00000227742.1.wgt.RDat	ENSG00000227742.1	1	51594896	51594897	0.244	rs2783192	-3.66	rs7534689	0.127	-4.48	0.728792	204	11	enet	0.1	4e-05	-1.74254	0.0814
Brain_Hippocampus	/media/kame/Data/_workings/resource/GTEv8//GTExv8.EUR.Brain_Hippocampus/ENSG00000134744.13.wgt.RDat	ENSG00000134744.13	1	52553486	52553487	0.244	rs2783192	-3.66	rs6657731	0.267	6.3	-0.503151	257	33	enet	0.22	5.6e-10	-0.4068	0.684
Brain_Hippocampus	/media/kame/Data/_workings/resource/GTEv8//GTExv8.EUR.Brain_Hippocampus/ENSG00000162377.5.wgt.RDat	ENSG00000162377.5	1	52698365	52698366	0.307	rs3125253	-3.98	rs269300	0.146	-5.2	0.811158	352	31	enet	0.08	0.00026	-0.23054	0.818
Brain_Hippocampus	/media/kame/Data/_workings/resource/GTEv8//GTExv8.EUR.Brain_Hippocampus/ENSG00000162383.11.wgt.RDat	ENSG00000162383.11	1	53142631	53142632	0.606	rs2788032	4.8	rs3737989	0.326	7.08	-0.333598	484	39	enet	0.3	2e-13	-0.06317	0.95
Brain_Hippocampus	/media/kame/Data/_workings/resource/GTEv8//GTExv8.EUR.Brain_Hippocampus/ENSG00000162384.13.wgt.RDat	ENSG00000162384.13	1	53220616	53220617	0.335	rs2788032	4.8	rs2297656	0.194	-5.45	-2.622054	485	26	enet	0.21	2.3e-09	1.01227	0.311
Brain_Hippocampus	/media/kame/Data/_workings/resource/GTEv8//GTExv8.EUR.Brain_Hippocampus/ENSG00000243725.6.wgt.RDat	ENSG00000243725.6	1	54715821	54715822	0.586	rs1105690	-5.07	rs17110961	0.288	6.66	-0.033366	527	53	enet	0.31	4.8e-14	0.1855	0.853
Brain_Hippocampus	/media/kame/Data/_workings/resource/GTEv8//GTExv8.EUR.Brain_Hippocampus/ENSG00000116133.11.wgt.RDat	ENSG00000116133.11	1	54887217	54887218	0.349	rs1105690	-5.07	rs642737	0.043	4.14	0.591545	563	12	enet	0.089	0.00012	0.70897	0.478
Brain_Hippocampus	/media/kame/Data/_workings/resource/GTEv8//GTExv8.EUR.Brain_Hippocampus/ENSG00000233203.6.wgt.RDat	ENSG00000233203.6	1	54887562	54887563	0.236	rs1105690	-5.07	rs3851855	-0.000602	3.57	0.544961	564	60	enet	-0.006	0.74	0.53943	0.59
Brain_Hippocampus	/media/kame/Data/_workings/resource/GTEv8//GTExv8.EUR.Brain_Hippocampus/ENSG00000162600.11.wgt.RDat	ENSG00000162600.11	1	58546801	58546802	0.416	rs11207177	-5.97	rs596534	0.195	5.77	0.552299	548	8	enet	0.14	1.3e-06	0.42975	0.667
Brain_Hippocampus	/media/kame/Data/_workings/resource/GTEv8//GTExv8.EUR.Brain_Hippocampus/ENSG00000088035.15.wgt.RDat	ENSG00000088035.15	1	63367589	63367590	0.217	rs12024843	-3.87	rs4915880	0.106	-4.23	-0.248741	540	14	enet	-0.0017	0.39	-0.73595	0.462
Brain_Hippocampus	/media/kame/Data/_workings/resource/GTEv8//GTExv8.EUR.Brain_Hippocampus/ENSG00000203965.12.wgt.RDat	ENSG00000203965.12	1	63523502	63523503	0.355	rs12024843	-3.87	rs12119056	0.0748	-4.43	-0.29463	494	31	enet	0.14	1.5e-06	-0.21365	0.831
Brain_Hippocampus	/media/kame/Data/_workings/resource/GTEv8//GTExv8.EUR.Brain_Hippocampus/ENSG00000142856.16.wgt.RDat	ENSG00000142856.16	1	63529185	63529186	0.856	rs12024843	-3.87	rs855316	0.463	8.48	-0.563443	488	23	enet	0.45	4.7e-21	-0.44242	0.658
Brain_Hippocampus	/media/kame/Data/_workings/resource/GTEv8//GTExv8.EUR.Brain_Hippocampus/ENSG00000177414.13.wgt.RDat	ENSG00000177414.13	1	64203626	64203627	0.541	rs305574	3.81	rs825186	0.304	7.17	-0.630475	496	54	enet	0.33	1.5e-14	-0.88767	0.375
Brain_Hippocampus	/media/kame/Data/_workings/resource/GTEv8//GTExv8.EUR.Brain_Hippocampus/ENSG00000184588.17.wgt.RDat	ENSG00000184588.17	1	65792513	65792514	0.363	rs12141125	-9.01	rs17128450	-0.00614	2.95	-2.216049	474	31	enet	-0.0034	0.49	0.51204	0.609
Brain_Hippocampus	/media/kame/Data/_workings/resource/GTEv8//GTExv8.EUR.Brain_Hippocampus/ENSG00000275678.1.wgt.RDat	ENSG00000275678.1	1	67123955	67123956	0.263	rs693956	-4.33	rs11209003	0.227	-5.94	-0.97593	510	12	enet	0.2	9.1e-09	2.13687	0.0326
Brain_Hippocampus	/media/kame/Data/_workings/resource/GTEv8//GTExv8.EUR.Brain_Hippocampus/ENSG00000197568.13.wgt.RDat	ENSG00000197568.13	1	70354804	70354805	0.184	rs2782762	-6.02	rs7536099	0.198	-5.58	0.368956	410	2	enet	0.16	2e-07	-0.39244	0.695
Brain_Hippocampus	/media/kame/Data/_workings/resource/GTEv8//GTExv8.EUR.Brain_Hippocampus/ENSG00000162620.15.wgt.RDat	ENSG00000162620.15	1	74198186	74198187	0.321	rs1011542	6.05	rs11806946	0.196	-6.21	0.046394	359	43	enet	0.22	7e-10	-0.03164	0.975
Brain_Hippocampus	/media/kame/Data/_workings/resource/GTEv8//GTExv8.EUR.Brain_Hippocampus/ENSG00000254685.6.wgt.RDat	ENSG00000254685.6	1	74198211	74198212	0.172	rs1011542	6.05	rs7538410	0.00786	3.79	0.072072	359	22	enet	0.02	0.048	-0.58457	0.559
Brain_Hippocampus	/media/kame/Data/_workings/resource/GTEv8//GTExv8.EUR.Brain_Hippocampus/ENSG00000116783.14.wgt.RDat	ENSG00000116783.14	1	74235400	74235401	0.334	rs1011542	6.05	rs518769	0.237	-6.04	0.574477	359	17	enet	0.21	2.6e-09	-0.32235	0.747
Brain_Hippocampus	/media/kame/Data/_workings/resource/GTEv8//GTExv8.EUR.Brain_Hippocampus/ENSG00000233894.1.wgt.RDat	ENSG00000233894.1	1	74468194	74468195	0.262	rs1011542	6.05	rs12138557	0.000875	-3.57	-0.035797	361	24	enet	0.061	0.0013	-0.38133	0.703
Brain_Hippocampus	/media/kame/Data/_workings/resource/GTEv8//GTExv8.EUR.Brain_Hippocampus/ENSG00000272864.1.wgt.RDat	ENSG00000272864.1	1	74699332	74699333	0.353	rs1011542	6.05	rs1409785	0.216	6.6	-0.838014	377	27	enet	0.31	1.2e-13	-0.24453	0.807
Brain_Hippocampus	/media/kame/Data/_workings/resource/GTEv8//GTExv8.EUR.Brain_Hippocampus/ENSG00000116791.13.wgt.RDat	ENSG00000116791.13	1	74733150	74733151	0.587	rs975152	7.18	rs17552114	0.208	-6.02	-1.189068	382	53	enet	0.35	1.1e-15	0.40251	0.687
Brain_Hippocampus	/media/kame/Data/_workings/resource/GTEv8//GTExv8.EUR.Brain_Hippocampus/ENSG00000162623.15.wgt.RDat	ENSG00000162623.15	1	74733408	74733409	0.285	rs975152	7.18	rs1409785	0.179	5.6	-0.838014	382	20	enet	0.22	1.1e-09	-0.25923	0.795
Brain_Hippocampus	/media/kame/Data/_workings/resource/GTEv8//GTExv8.EUR.Brain_Hippocampus/ENSG00000057468.6.wgt.RDat	ENSG00000057468.6	1	75796881	75796882	0.317	rs1414403	7.52	rs1146635	0.118	-5.62	-1.135011	460	14	enet	0.061	0.0014	0.90757	0.364
Brain_Hippocampus	/media/kame/Data/_workings/resource/GTEv8//GTExv8.EUR.Brain_Hippocampus/ENSG00000142892.14.wgt.RDat	ENSG00000142892.14	1	77219429	77219430	0.26	rs12119637	5.83	rs4949766	0.0115	3.64	0.458027	460	15	enet	0.041	0.0077	-0.24149	0.809
Brain_Hippocampus	/media/kame/Data/_workings/resource/GTEv8//GTExv8.EUR.Brain_Hippocampus/ENSG00000153898.12.wgt.RDat	ENSG00000153898.12	1	84997112	84997113	0.246	rs12031476	-5.46	rs10782536	0.172	-5.31	-0.218701	580	26	enet	0.11	3e-05	-0.1223	0.903
Brain_Hippocampus	/media/kame/Data/_workings/resource/GTEv8//GTExv8.EUR.Brain_Hippocampus/ENSG00000055732.12.wgt.RDat	ENSG00000055732.12	1	85048498	85048499	0.457	rs12031476	-5.46	rs12130198	0.142	-5.23	0.682547	573	27	enet	0.2	7.9e-09	-0.106	0.916
Brain_Hippocampus	/media/kame/Data/_workings/resource/GTEv8//GTExv8.EUR.Brain_Hippocampus/ENSG00000117174.10.wgt.RDat	ENSG00000117174.10	1	85708432	85708433	0.188	rs562080	-5.21	rs7543409	0.0432	-3.89	-1.110308	532	40	enet	0.036	0.012	0.15374	0.878
Brain_Hippocampus	/media/kame/Data/_workings/resource/GTEv8//GTExv8.EUR.Brain_Hippocampus/ENSG00000122417.15.wgt.RDat	ENSG00000122417.15	1	86396341	86396342	0.26	rs6686918	5.97	rs7515651	0.127	-4.58	0.067406	443	34	enet	0.091	9.9e-05	-0.46877	0.639
Brain_Hippocampus	/media/kame/Data/_workings/resource/GTEv8//GTExv8.EUR.Brain_Hippocampus/ENSG00000137975.7.wgt.RDat	ENSG00000137975.7	1	86424085	86424086	0.146	rs6686918	5.97	rs2390057	0.11	-4.5	-0.018092	441	8	enet	0.082	0.00022	-0.68124	0.496
Brain_Hippocampus	/media/kame/Data/_workings/resource/GTEv8//GTExv8.EUR.Brain_Hippocampus/ENSG00000183291.15.wgt.RDat	ENSG00000183291.15	1	86914423	86914424	0.172	rs6686918	5.97	rs7529516	0.185	5.61	0.510612	445	13	enet	0.18	2.7e-08	1.26826	0.205
Brain_Hippocampus	/media/kame/Data/_workings/resource/GTEv8//GTExv8.EUR.Brain_Hippocampus/ENSG00000153936.16.wgt.RDat	ENSG00000153936.16	1	86914647	86914648	0.169	rs6686918	5.97	rs12758538	0.05	-4.08	1.492639	445	14	enet	0.029	0.022	-1.43242	0.152
Brain_Hippocampus	/media/kame/Data/_workings/resource/GTEv8//GTExv8.EUR.Brain_Hippocampus/ENSG00000065243.19.wgt.RDat	ENSG00000065243.19	1	88684221	88684222	0.254	rs687790	14.86	rs17436482	0.0169	3.51	1.267554	381	45	enet	0.0073	0.15	3.4487	0.000563
Brain_Hippocampus	/media/kame/Data/_workings/resource/GTEv8//GTExv8.EUR.Brain_Hippocampus/ENSG00000137944.17.wgt.RDat	ENSG00000137944.17	1	88988354	88988355	0.377	rs12732279	-3.6	rs10801690	0.255	-6.45	0.716942	357	27	enet	0.24	9.9e-11	-0.23752	0.812
Brain_Hippocampus	/media/kame/Data/_workings/resource/GTEv8//GTExv8.EUR.Brain_Hippocampus/ENSG00000117226.11.wgt.RDat	ENSG00000117226.11	1	89022893	89022894	0.801	rs12732279	-3.6	rs17433780	0.467	-8.57	-0.012787	343	9	enet	0.47	2.7e-22	-0.15526	0.877
Brain_Hippocampus	/media/kame/Data/_workings/resource/GTEv8//GTExv8.EUR.Brain_Hippocampus/ENSG00000213512.1.wgt.RDat	ENSG00000213512.1	1	89176039	89176040	0.152	rs12732279	-3.6	rs4376712	0.0544	4.36	-0.609257	355	42	enet	0.065	0.00097	0.23912	0.811
Brain_Hippocampus	/media/kame/Data/_workings/resource/GTEv8//GTExv8.EUR.Brain_Hippocampus/ENSG00000197147.13.wgt.RDat	ENSG00000197147.13	1	89524835	89524836	0.197	rs7538578	-4.65	rs1335647	0.0302	-3.61	0.040383	348	30	enet	0.034	0.014	-0.07481	0.94
Brain_Hippocampus	/media/kame/Data/_workings/resource/GTEv8//GTExv8.EUR.Brain_Hippocampus/ENSG00000231999.6.wgt.RDat	ENSG00000231999.6	1	89632893	89632894	0.186	rs7538578	-4.65	rs12058749	-0.00365	-3.51	1.262996	365	38	enet	-0.0045	0.56	-1.48328	0.138
Brain_Hippocampus	/media/kame/Data/_workings/resource/GTEv8//GTExv8.EUR.Brain_Hippocampus/ENSG00000231613.1.wgt.RDat	ENSG00000231613.1	1	89788913	89788914	0.364	rs4330906	5.9	rs2146338	0.248	-6.22	2.749446	374	25	enet	0.2	5.7e-09	-2.11342	0.0346
Brain_Hippocampus	/media/kame/Data/_workings/resource/GTEv8//GTExv8.EUR.Brain_Hippocampus/ENSG00000162669.15.wgt.RDat	ENSG00000162669.15	1	91404868	91404869	0.35	rs6687904	7.5	rs876761	0.118	4.88	0.439066	521	22	enet	0.13	3.2e-06	0.54352	0.587
Brain_Hippocampus	/media/kame/Data/_workings/resource/GTEv8//GTExv8.EUR.Brain_Hippocampus/ENSG00000097046.12.wgt.RDat	ENSG00000097046.12	1	91500892	91500893	0.328	rs6687904	7.5	rs13447526	0.151	-5.52	-0.432457	534	35	enet	0.15	8.2e-07	0.3585	0.72
Brain_Hippocampus	/media/kame/Data/_workings/resource/GTEv8//GTExv8.EUR.Brain_Hippocampus/ENSG00000273487.1.wgt.RDat	ENSG00000273487.1	1	92189236	92189237	0.183	rs6699855	4.19	rs11165842	0.0602	4.47	0.882485	381	17	enet	0.068	0.00072	-0.22998	0.818
Brain_Hippocampus	/media/kame/Data/_workings/resource/GTEv8//GTExv8.EUR.Brain_Hippocampus/ENSG00000067208.14.wgt.RDat	ENSG00000067208.14	1	92792403	92792404	0.166	rs1556562	3.74	rs2031494	0.0822	4.55	3.088262	272	24	enet	0.069	7e-04	2.62163	0.00875
Brain_Hippocampus	/media/kame/Data/_workings/resource/GTEv8//GTExv8.EUR.Brain_Hippocampus/ENSG00000223745.7.wgt.RDat	ENSG00000223745.7	1	93345886	93345887	0.657	rs10518536	-7.82	rs1414367	0.52	-9.18	0.988299	300	27	enet	0.55	1.2e-27	-0.70437	0.481
Brain_Hippocampus	/media/kame/Data/_workings/resource/GTEv8//GTExv8.EUR.Brain_Hippocampus/ENSG00000117505.12.wgt.RDat	ENSG00000117505.12	1	93346025	93346026	0.133	rs10518536	-7.82	rs10782959	0.000394	3.15	-1.659802	300	34	enet	0.0097	0.12	0.1338	0.894
Brain_Hippocampus	/media/kame/Data/_workings/resource/GTEv8//GTExv8.EUR.Brain_Hippocampus/ENSG00000230439.2.wgt.RDat	ENSG00000230439.2	1	93775443	93775444	0.282	rs10518536	-7.82	rs2235971	0.105	4.97	0.130618	436	24	enet	0.092	9.5e-05	-0.35313	0.724
Brain_Hippocampus	/media/kame/Data/_workings/resource/GTEv8//GTExv8.EUR.Brain_Hippocampus/ENSG00000235501.5.wgt.RDat	ENSG00000235501.5	1	94927565	94927566	0.261	rs6675668	6.18	rs11807661	0.0255	-3.96	-0.621452	544	15	enet	0.053	0.0028	0.66911	0.503
Brain_Hippocampus	/media/kame/Data/_workings/resource/GTEv8//GTExv8.EUR.Brain_Hippocampus/ENSG00000122481.16.wgt.RDat	ENSG00000122481.16	1	95234154	95234155	0.649	rs12081011	6.29	rs933107	0.302	7.32	0.018837	494	61	enet	0.33	6.9e-15	-1.07264	0.283
Brain_Hippocampus	/media/kame/Data/_workings/resource/GTEv8//GTExv8.EUR.Brain_Hippocampus/ENSG00000232825.1.wgt.RDat	ENSG00000232825.1	1	99004275	99004276	0.282	rs11166132	-8.6	rs1925972	0.0674	4.03	0.034027	408	32	enet	0.053	0.0026	-0.06382	0.949
Brain_Hippocampus	/media/kame/Data/_workings/resource/GTEv8//GTExv8.EUR.Brain_Hippocampus/ENSG00000162688.16.wgt.RDat	ENSG00000162688.16	1	99850083	99850084	0.222	rs17120530	-4.21	rs903125	-0.00674	-4.09	0.00156	453	37	enet	0.0038	0.21	0.38033	0.704
Brain_Hippocampus	/media/kame/Data/_workings/resource/GTEv8//GTExv8.EUR.Brain_Hippocampus/ENSG00000198890.7.wgt.RDat	ENSG00000198890.7	1	107056678	107056679	0.38	rs17019201	7.23	rs1730859	0.279	-6.61	0.171831	458	17	enet	0.24	1.1e-10	-0.32361	0.746
Brain_Hippocampus	/media/kame/Data/_workings/resource/GTEv8//GTExv8.EUR.Brain_Hippocampus/ENSG00000134215.15.wgt.RDat	ENSG00000134215.15	1	107965143	107965144	0.232	rs17019201	7.23	rs1777467	0.0251	4.22	-2.909785	460	13	enet	0.026	0.028	-1.51101	0.131
Brain_Hippocampus	/media/kame/Data/_workings/resource/GTEv8//GTExv8.EUR.Brain_Hippocampus/ENSG00000085491.15.wgt.RDat	ENSG00000085491.15	1	108199924	108199925	0.298	rs12130280	5.74	rs538717	0.134	-4.72	-0.315692	368	13	enet	0.13	5.2e-06	0.65731	0.511
Brain_Hippocampus	/media/kame/Data/_workings/resource/GTEv8//GTExv8.EUR.Brain_Hippocampus/ENSG00000162641.18.wgt.RDat	ENSG00000162641.18	1	108858156	108858157	0.304	rs464218	6.04	rs2026485	-0.00675	-3.61	-0.096839	366	41	enet	0.013	0.086	0.38266	0.702
Brain_Hippocampus	/media/kame/Data/_workings/resource/GTEv8//GTExv8.EUR.Brain_Hippocampus/ENSG00000134222.16.wgt.RDat	ENSG00000134222.16	1	109283185	109283186	0.492	rs3820667	6.23	rs1765756	0.0159	-4.11	1.961305	441	17	enet	0.087	0.00014	-2.52083	0.0117
Brain_Hippocampus	/media/kame/Data/_workings/resource/GTEv8//GTExv8.EUR.Brain_Hippocampus/ENSG00000181754.6.wgt.RDat	ENSG00000181754.6	1	109509737	109509738	0.353	rs3820667	6.23	rs553689	0.215	5.99	-3.837287	421	9	enet	0.19	1.7e-08	-3.88276	0.000103
Brain_Hippocampus	/media/kame/Data/_workings/resource/GTEv8//GTExv8.EUR.Brain_Hippocampus/ENSG00000168765.16.wgt.RDat	ENSG00000168765.16	1	109656080	109656081	0.462	rs3820667	6.23	rs524998	0.127	-4.79	1.344296	454	10	enet	0.1	4.4e-05	-1.56165	0.118
Brain_Hippocampus	/media/kame/Data/_workings/resource/GTEv8//GTExv8.EUR.Brain_Hippocampus/ENSG00000134201.10.wgt.RDat	ENSG00000134201.10	1	109712254	109712255	0.716	rs3820667	6.23	rs1360513	0.355	-7.65	1.945886	436	30	enet	0.48	7.1e-23	-0.58703	0.557
Brain_Hippocampus	/media/kame/Data/_workings/resource/GTEv8//GTExv8.EUR.Brain_Hippocampus/ENSG00000134202.10.wgt.RDat	ENSG00000134202.10	1	109741037	109741038	0.834	rs3820667	6.23	rs11101992	0.229	7.47	0.007983	442	23	enet	0.41	4.4e-19	0.31111	0.756
Brain_Hippocampus	/media/kame/Data/_workings/resource/GTEv8//GTExv8.EUR.Brain_Hippocampus/ENSG00000156171.14.wgt.RDat	ENSG00000156171.14	1	111140215	111140216	0.517	rs17028134	-4.53	rs3762374	0.375	7.72	1.098142	573	21	enet	0.37	1.1e-16	0.94466	0.345
Brain_Hippocampus	/media/kame/Data/_workings/resource/GTEv8//GTExv8.EUR.Brain_Hippocampus/ENSG00000260948.1.wgt.RDat	ENSG00000260948.1	1	111433067	111433068	0.338	rs11811128	-4.7	rs12047479	0.192	-5.49	0.592934	607	33	enet	0.18	3.1e-08	0.28807	0.773
Brain_Hippocampus	/media/kame/Data/_workings/resource/GTEv8//GTExv8.EUR.Brain_Hippocampus/ENSG00000233337.1.wgt.RDat	ENSG00000233337.1	1	111437513	111437514	0.264	rs11811128	-4.7	rs1264914	0.00928	3.9	0.161422	613	10	enet	0.0072	0.15	0.28631	0.775
Brain_Hippocampus	/media/kame/Data/_workings/resource/GTEv8//GTExv8.EUR.Brain_Hippocampus/ENSG00000231437.3.wgt.RDat	ENSG00000231437.3	1	111989769	111989770	0.275	rs974442	-6.98	rs6681719	0.278	6.64	2.754147	574	11	enet	0.23	4e-10	2.14535	0.0319
Brain_Hippocampus	/media/kame/Data/_workings/resource/GTEv8//GTExv8.EUR.Brain_Hippocampus/ENSG00000007341.18.wgt.RDat	ENSG00000007341.18	1	112620824	112620825	0.214	rs974442	-6.98	rs6537748	0.0494	-3.72	-0.435054	331	10	enet	0.011	0.11	-2.8872	0.00389
Brain_Hippocampus	/media/kame/Data/_workings/resource/GTEv8//GTExv8.EUR.Brain_Hippocampus/ENSG00000215866.7.wgt.RDat	ENSG00000215866.7	1	112850642	112850643	0.283	rs974442	-6.98	rs7527283	-0.00235	-4.13	-0.096398	319	25	enet	-0.0035	0.49	1.43084	0.152
Brain_Hippocampus	/media/kame/Data/_workings/resource/GTEv8//GTExv8.EUR.Brain_Hippocampus/ENSG00000226419.7.wgt.RDat	ENSG00000226419.7	1	112956414	112956415	0.168	rs974442	-6.98	rs10857980	0.027	4.41	-2.493212	328	24	enet	0.014	0.078	-1.32568	0.185
Brain_Hippocampus	/media/kame/Data/_workings/resource/GTEv8//GTExv8.EUR.Brain_Hippocampus/ENSG00000134207.14.wgt.RDat	ENSG00000134207.14	1	114153918	114153919	0.237	rs35423939	5.06	rs2432	0.00134	-3.03	-1.80884	447	54	enet	0.0033	0.22	-0.5229	0.601
Brain_Hippocampus	/media/kame/Data/_workings/resource/GTEv8//GTExv8.EUR.Brain_Hippocampus/ENSG00000065183.15.wgt.RDat	ENSG00000065183.15	1	117929719	117929720	0.164	rs2208375	-3.65	rs12031260	0.0314	3.65	-1.295391	404	16	enet	0.023	0.034	-1.30326	0.192
Brain_Hippocampus	/media/kame/Data/_workings/resource/GTEv8//GTExv8.EUR.Brain_Hippocampus/ENSG00000116874.11.wgt.RDat	ENSG00000116874.11	1	119140394	119140395	0.651	rs10923859	2.43	rs2645303	0.379	-7.6	-0.040206	417	41	enet	0.36	2.6e-16	0.14215	0.887
Brain_Hippocampus	/media/kame/Data/_workings/resource/GTEv8//GTExv8.EUR.Brain_Hippocampus/ENSG00000231365.5.wgt.RDat	ENSG00000231365.5	1	119140458	119140459	0.246	rs10923859	2.43	rs10923754	0.184	-5.42	-0.04811	417	39	enet	0.17	1.1e-07	-0.22929	0.819
Brain_Hippocampus	/media/kame/Data/_workings/resource/GTEv8//GTExv8.EUR.Brain_Hippocampus/ENSG00000143067.4.wgt.RDat	ENSG00000143067.4	1	119647772	119647773	0.175	rs2994809	3.76	rs12139088	-0.00671	-3.1	-0.781697	374	14	enet	-0.0027	0.44	-0.91049	0.363
Brain_Hippocampus	/media/kame/Data/_workings/resource/GTEv8//GTExv8.EUR.Brain_Hippocampus/ENSG00000223804.5.wgt.RDat	ENSG00000223804.5	1	120341870	120341871	0.161	rs835578	3.71	rs6697258	0.0198	-3.31	0.813482	58	8	enet	0.075	0.00041	-0.52782	0.598
Brain_Hippocampus	/media/kame/Data/_workings/resource/GTEv8//GTExv8.EUR.Brain_Hippocampus/ENSG00000233396.7.wgt.RDat	ENSG00000233396.7	1	146052565	146052566	0.219	rs3766526	4.11	rs4970862	0.122	-5.44	1.65539	107	8	enet	0.065	0.00096	-1.24147	0.214
Brain_Hippocampus	/media/kame/Data/_workings/resource/GTEv8//GTExv8.EUR.Brain_Hippocampus/ENSG00000271425.7.wgt.RDat	ENSG00000271425.7	1	146144803	146144804	0.722	rs3766526	4.11	rs16827043	0.294	6.72	-0.036408	107	31	enet	0.32	3.4e-14	-0.54796	0.584
Brain_Hippocampus	/media/kame/Data/_workings/resource/GTEv8//GTExv8.EUR.Brain_Hippocampus/ENSG00000237188.3.wgt.RDat	ENSG00000237188.3	1	147172770	147172771	0.192	rs6593757	2.84	rs4950398	0.107	5.19	0.333452	366	20	enet	0.13	2.3e-06	-0.04009	0.968
Brain_Hippocampus	/media/kame/Data/_workings/resource/GTEv8//GTExv8.EUR.Brain_Hippocampus/ENSG00000180867.10.wgt.RDat	ENSG00000180867.10	1	147178112	147178113	0.185	rs6593757	2.84	rs7525703	0.0894	4.23	0.838308	370	17	enet	0.044	0.0058	0.78589	0.432
Brain_Hippocampus	/media/kame/Data/_workings/resource/GTEv8//GTExv8.EUR.Brain_Hippocampus/ENSG00000162836.11.wgt.RDat	ENSG00000162836.11	1	147670495	147670496	0.762	rs4950495	-2.98	rs12045115	0.445	-8.52	0.553747	398	55	enet	0.55	9.3e-28	0.46038	0.645
Brain_Hippocampus	/media/kame/Data/_workings/resource/GTEv8//GTExv8.EUR.Brain_Hippocampus/ENSG00000263956.6.wgt.RDat	ENSG00000263956.6	1	148152321	148152322	0.265	rs4950495	-2.98	rs1814653	0.198	-5.57	0.01817	161	8	enet	0.12	1.1e-05	-0.1659	0.868
Brain_Hippocampus	/media/kame/Data/_workings/resource/GTEv8//GTExv8.EUR.Brain_Hippocampus/ENSG00000227733.9.wgt.RDat	ENSG00000227733.9	1	148255011	148255012	0.231	rs4950495	-2.98	rs1814653	0.147	-4.92	0.01817	110	5	enet	0.12	6.7e-06	-0.0601	0.952
Brain_Hippocampus	/media/kame/Data/_workings/resource/GTEv8//GTExv8.EUR.Brain_Hippocampus/ENSG00000202408.2.wgt.RDat	ENSG00000202408.2	1	148334766	148334767	0.117	rs2352834	-3.03	rs1805204	0.000547	3.25	-0.565105	72	16	enet	-0.003	0.46	-1.20537	0.228
Brain_Hippocampus	/media/kame/Data/_workings/resource/GTEv8//GTExv8.EUR.Brain_Hippocampus/ENSG00000163125.15.wgt.RDat	ENSG00000163125.15	1	150363090	150363091	0.096	rs35938158	-3.64	rs12738490	0.0116	3.93	0.044813	265	16	enet	0.039	0.009	0.75639	0.449
Brain_Hippocampus	/media/kame/Data/_workings/resource/GTEv8//GTExv8.EUR.Brain_Hippocampus/ENSG00000163131.10.wgt.RDat	ENSG00000163131.10	1	150765956	150765957	0.161	rs6676190	-5.99	rs2055975	0.119	-4.5	1.130286	304	17	enet	0.0088	0.13	-1.05812	0.29
Brain_Hippocampus	/media/kame/Data/_workings/resource/GTEv8//GTExv8.EUR.Brain_Hippocampus/ENSG00000143437.20.wgt.RDat	ENSG00000143437.20	1	150876767	150876768	0.32	rs6676190	-5.99	rs12568757	0.241	6.14	1.200031	305	12	enet	0.22	1.3e-09	0.82823	0.408
Brain_Hippocampus	/media/kame/Data/_workings/resource/GTEv8//GTExv8.EUR.Brain_Hippocampus/ENSG00000143416.20.wgt.RDat	ENSG00000143416.20	1	151372732	151372733	0.25	rs6676190	-5.99	rs17564336	0.0929	-4.84	0.289505	334	12	enet	0.11	3e-05	-0.18497	0.853
Brain_Hippocampus	/media/kame/Data/_workings/resource/GTEv8//GTExv8.EUR.Brain_Hippocampus/ENSG00000143376.12.wgt.RDat	ENSG00000143376.12	1	151612399	151612400	0.296	rs12569193	-5.8	rs1196357	0.231	6.15	1.220709	332	19	enet	0.22	6.9e-10	1.76388	0.0778
Brain_Hippocampus	/media/kame/Data/_workings/resource/GTEv8//GTExv8.EUR.Brain_Hippocampus/ENSG00000182134.15.wgt.RDat	ENSG00000182134.15	1	151791415	151791416	0.144	rs3007680	-3.99	rs6692364	0.064	4.42	-0.078449	335	8	enet	0.078	0.00032	0.1499	0.881
Brain_Hippocampus	/media/kame/Data/_workings/resource/GTEv8//GTExv8.EUR.Brain_Hippocampus/ENSG00000237975.6.wgt.RDat	ENSG00000237975.6	1	152168124	152168125	0.833	rs3007680	-3.99	rs17648141	0.26	-7.26	-0.714279	373	41	enet	0.51	1.2e-24	0.01616	0.987
Brain_Hippocampus	/media/kame/Data/_workings/resource/GTEv8//GTExv8.EUR.Brain_Hippocampus/ENSG00000143631.10.wgt.RDat	ENSG00000143631.10	1	152325202	152325203	0.361	rs4845488	4.33	rs17648141	0.134	-5.6	-0.714279	396	23	enet	0.21	3.2e-09	0.66538	0.506
Brain_Hippocampus	/media/kame/Data/_workings/resource/GTEv8//GTExv8.EUR.Brain_Hippocampus/ENSG00000189171.14.wgt.RDat	ENSG00000189171.14	1	153631359	153631360	0.481	rs11264824	-4.3	rs3806233	0.367	7.8	0.116704	404	16	enet	0.4	2.3e-18	0.20126	0.84
Brain_Hippocampus	/media/kame/Data/_workings/resource/GTEv8//GTExv8.EUR.Brain_Hippocampus/ENSG00000272030.1.wgt.RDat	ENSG00000272030.1	1	153634396	153634397	0.184	rs11264824	-4.3	rs3818632	0.109	4.33	0.056664	403	9	enet	0.067	0.00082	0.03392	0.973
Brain_Hippocampus	/media/kame/Data/_workings/resource/GTEv8//GTExv8.EUR.Brain_Hippocampus/ENSG00000143552.9.wgt.RDat	ENSG00000143552.9	1	154155115	154155116	0.174	rs2229238	6.19	rs11583896	0.0586	4.3	1.827432	322	14	enet	0.038	0.0095	-0.74769	0.455
Brain_Hippocampus	/media/kame/Data/_workings/resource/GTEv8//GTExv8.EUR.Brain_Hippocampus/ENSG00000143603.18.wgt.RDat	ENSG00000143603.18	1	154870279	154870280	0.237	rs4845681	13.15	rs16836320	0.0531	4.47	-0.555542	417	15	enet	0.16	2.9e-07	-5.19887	2.01e-07
Brain_Hippocampus	/media/kame/Data/_workings/resource/GTEv8//GTExv8.EUR.Brain_Hippocampus/ENSG00000163354.14.wgt.RDat	ENSG00000163354.14	1	155033780	155033781	0.143	rs4845681	13.15	rs11264298	0.119	-4.7	8.570739	378	11	enet	0.085	0.00017	-8.2768	1.27e-16
Brain_Hippocampus	/media/kame/Data/_workings/resource/GTEv8//GTExv8.EUR.Brain_Hippocampus/ENSG00000143537.13.wgt.RDat	ENSG00000143537.13	1	155050565	155050566	0.275	rs4845681	13.15	rs3806256	0.0347	4.19	-1.327136	379	30	enet	0.044	0.0057	-0.88419	0.377
Brain_Hippocampus	/media/kame/Data/_workings/resource/GTEv8//GTExv8.EUR.Brain_Hippocampus/ENSG00000169242.11.wgt.RDat	ENSG00000169242.11	1	155127459	155127460	0.146	rs4845681	13.15	rs7534162	0.0445	4.22	0.313017	355	5	enet	0.015	0.07	-0.02775	0.978
Brain_Hippocampus	/media/kame/Data/_workings/resource/GTEv8//GTExv8.EUR.Brain_Hippocampus/ENSG00000225855.6.wgt.RDat	ENSG00000225855.6	1	155321686	155321687	0.154	rs4845681	13.15	rs4971072	0.0876	4.64	0.319533	261	15	enet	0.057	0.0018	-4.46337	8.07e-06
Brain_Hippocampus	/media/kame/Data/_workings/resource/GTEv8//GTExv8.EUR.Brain_Hippocampus/ENSG00000163382.11.wgt.RDat	ENSG00000163382.11	1	156591761	156591762	0.436	rs2758609	-4.91	rs12023410	0.332	-7.09	0.489736	438	30	enet	0.3	2.8e-13	-0.28511	0.776
Brain_Hippocampus	/media/kame/Data/_workings/resource/GTEv8//GTExv8.EUR.Brain_Hippocampus/ENSG00000225670.4.wgt.RDat	ENSG00000225670.4	1	159207972	159207973	0.166	rs10908697	4.37	rs6427482	-0.00223	3.75	2.670105	463	8	enet	0.0073	0.15	0.45854	0.647
Brain_Hippocampus	/media/kame/Data/_workings/resource/GTEv8//GTExv8.EUR.Brain_Hippocampus/ENSG00000188004.9.wgt.RDat	ENSG00000188004.9	1	159855346	159855347	0.432	rs4656879	4.77	rs11807946	0.191	-5.56	-0.456908	506	22	enet	0.19	1e-08	0.12916	0.897
Brain_Hippocampus	/media/kame/Data/_workings/resource/GTEv8//GTExv8.EUR.Brain_Hippocampus/ENSG00000272668.1.wgt.RDat	ENSG00000272668.1	1	159866953	159866954	0.585	rs4656879	4.77	rs4074846	0.239	6.93	0.069504	508	26	enet	0.37	1.2e-16	0.72069	0.471
Brain_Hippocampus	/media/kame/Data/_workings/resource/GTEv8//GTExv8.EUR.Brain_Hippocampus/ENSG00000122218.14.wgt.RDat	ENSG00000122218.14	1	160343270	160343271	0.355	rs4656879	4.77	rs1557524	0.238	-6.23	2.14365	496	10	enet	0.15	3.9e-07	-1.86337	0.0624
Brain_Hippocampus	/media/kame/Data/_workings/resource/GTEv8//GTExv8.EUR.Brain_Hippocampus/ENSG00000066294.14.wgt.RDat	ENSG00000066294.14	1	160579515	160579516	0.306	rs4656879	4.77	rs6700440	0.106	4.11	-0.002823	454	6	enet	0.036	0.012	-0.05127	0.959
Brain_Hippocampus	/media/kame/Data/_workings/resource/GTEv8//GTExv8.EUR.Brain_Hippocampus/ENSG00000158769.17.wgt.RDat	ENSG00000158769.17	1	161021347	161021348	0.39	rs7519821	5.2	rs4396136	0.0451	4.44	-0.646321	441	55	enet	0.071	0.00059	1.34109	0.18
Brain_Hippocampus	/media/kame/Data/_workings/resource/GTEv8//GTExv8.EUR.Brain_Hippocampus/ENSG00000215845.10.wgt.RDat	ENSG00000215845.10	1	161038989	161038990	0.605	rs7519821	5.2	rs4559524	0.195	5.58	-0.385775	438	19	enet	0.18	4.3e-08	-1.01221	0.311
Brain_Hippocampus	/media/kame/Data/_workings/resource/GTEv8//GTExv8.EUR.Brain_Hippocampus/ENSG00000158864.12.wgt.RDat	ENSG00000158864.12	1	161197103	161197104	0.204	rs7519821	5.2	rs3813624	0.0988	-4.06	-0.319008	376	37	enet	0.052	0.003	0.42056	0.674
Brain_Hippocampus	/media/kame/Data/_workings/resource/GTEv8//GTExv8.EUR.Brain_Hippocampus/ENSG00000158887.15.wgt.RDat	ENSG00000158887.15	1	161309953	161309954	0.313	rs7519821	5.2	rs7550839	0.156	5	1.361824	420	49	enet	0.11	3.1e-05	-0.7027	0.482
Brain_Hippocampus	/media/kame/Data/_workings/resource/GTEv8//GTExv8.EUR.Brain_Hippocampus/ENSG00000143252.14.wgt.RDat	ENSG00000143252.14	1	161314256	161314257	0.204	rs7519821	5.2	rs16832813	0.0254	-3.85	0.3074	420	18	enet	0.013	0.085	-0.74669	0.455
Brain_Hippocampus	/media/kame/Data/_workings/resource/GTEv8//GTExv8.EUR.Brain_Hippocampus/ENSG00000132185.16.wgt.RDat	ENSG00000132185.16	1	161706971	161706972	0.311	rs7519821	5.2	rs1340977	-0.00535	-3.22	-1.054233	490	51	enet	0.013	0.09	0.06376	0.949
Brain_Hippocampus	/media/kame/Data/_workings/resource/GTEv8//GTExv8.EUR.Brain_Hippocampus/ENSG00000232995.7.wgt.RDat	ENSG00000232995.7	1	163321888	163321889	0.281	rs2791150	-4.88	rs10494390	0.222	-5.85	0.239393	611	10	enet	0.13	2.7e-06	-0.18209	0.856
Brain_Hippocampus	/media/kame/Data/_workings/resource/GTEv8//GTExv8.EUR.Brain_Hippocampus/ENSG00000143198.12.wgt.RDat	ENSG00000143198.12	1	165630860	165630861	0.28	rs10800097	-4.1	rs4147592	0.133	-4.56	-0.374936	623	8	enet	0.17	9.1e-08	-0.18812	0.851
Brain_Hippocampus	/media/kame/Data/_workings/resource/GTEv8//GTExv8.EUR.Brain_Hippocampus/ENSG00000143149.12.wgt.RDat	ENSG00000143149.12	1	165698862	165698863	0.322	rs10800097	-4.1	rs11804125	0.0095	-3.59	0.322803	589	43	enet	0.021	0.041	0.43763	0.662
Brain_Hippocampus	/media/kame/Data/_workings/resource/GTEv8//GTExv8.EUR.Brain_Hippocampus/ENSG00000225171.2.wgt.RDat	ENSG00000225171.2	1	166868747	166868748	0.218	rs12409833	8.49	rs12117020	0.157	5.21	0.691378	580	15	enet	0.11	2e-05	0.05854	0.953
Brain_Hippocampus	/media/kame/Data/_workings/resource/GTEv8//GTExv8.EUR.Brain_Hippocampus/ENSG00000143194.12.wgt.RDat	ENSG00000143194.12	1	166975581	166975582	0.592	rs12409833	8.49	rs4657619	0.254	-7.09	0.01733	588	39	enet	0.37	1.1e-16	-0.09423	0.925
Brain_Hippocampus	/media/kame/Data/_workings/resource/GTEv8//GTExv8.EUR.Brain_Hippocampus/ENSG00000000460.16.wgt.RDat	ENSG00000000460.16	1	169662006	169662007	0.237	rs1360294	-4.99	rs12760399	0.0338	-4.34	-0.267434	526	15	enet	0.01	0.11	0.10572	0.916
Brain_Hippocampus	/media/kame/Data/_workings/resource/GTEv8//GTExv8.EUR.Brain_Hippocampus/ENSG00000188404.8.wgt.RDat	ENSG00000188404.8	1	169711697	169711698	0.275	rs1360294	-4.99	rs17524161	0.174	-5.38	0.379521	524	13	enet	0.15	7.7e-07	-0.38886	0.697
Brain_Hippocampus	/media/kame/Data/_workings/resource/GTEv8//GTExv8.EUR.Brain_Hippocampus/ENSG00000171806.11.wgt.RDat	ENSG00000171806.11	1	169794965	169794966	0.197	rs1360294	-4.99	rs12135361	0.205	-5.89	0.000156	551	7	enet	0.19	1.3e-08	0.00145	0.999
Brain_Hippocampus	/media/kame/Data/_workings/resource/GTEv8//GTExv8.EUR.Brain_Hippocampus/ENSG00000000457.13.wgt.RDat	ENSG00000000457.13	1	169894266	169894267	0.215	rs1360294	-4.99	rs6683782	0.0584	-4.17	0.778738	551	6	enet	0.018	0.054	-0.61323	0.54
Brain_Hippocampus	/media/kame/Data/_workings/resource/GTEv8//GTExv8.EUR.Brain_Hippocampus/ENSG00000120370.12.wgt.RDat	ENSG00000120370.12	1	170532128	170532129	0.257	rs1360294	-4.99	rs12144057	-0.00641	-3.15	0.213567	406	54	enet	0.0013	0.28	0.9969	0.319
Brain_Hippocampus	/media/kame/Data/_workings/resource/GTEv8//GTExv8.EUR.Brain_Hippocampus/ENSG00000271811.1.wgt.RDat	ENSG00000271811.1	1	170667380	170667381	0.425	rs4656207	3.05	rs10919449	0.19	5.72	-0.166846	450	35	enet	0.18	2.7e-08	0.16193	0.871
Brain_Hippocampus	/media/kame/Data/_workings/resource/GTEv8//GTExv8.EUR.Brain_Hippocampus/ENSG00000007933.12.wgt.RDat	ENSG00000007933.12	1	171090876	171090877	0.244	rs28384834	-4.93	rs2421707	0.00693	-4.35	0.012559	525	20	enet	0.027	0.025	0.0415	0.967
Brain_Hippocampus	/media/kame/Data/_workings/resource/GTEv8//GTExv8.EUR.Brain_Hippocampus/ENSG00000094963.13.wgt.RDat	ENSG00000094963.13	1	171185207	171185208	0.243	rs235864	-3.91	rs7551531	0.0721	-4.9	0.5124	544	22	enet	0.077	0.00034	0.04803	0.962
Brain_Hippocampus	/media/kame/Data/_workings/resource/GTEv8//GTExv8.EUR.Brain_Hippocampus/ENSG00000010932.16.wgt.RDat	ENSG00000010932.16	1	171248470	171248471	0.213	rs235864	-3.91	rs9427206	-0.00519	-3.48	0.000494	554	32	enet	0.016	0.065	0.09102	0.927
Brain_Hippocampus	/media/kame/Data/_workings/resource/GTEv8//GTExv8.EUR.Brain_Hippocampus/ENSG00000076258.9.wgt.RDat	ENSG00000076258.9	1	171314207	171314208	0.277	rs235864	-3.91	rs11802381	0.0063	-4.31	0.185608	594	30	enet	0.061	0.0013	0.14997	0.881
Brain_Hippocampus	/media/kame/Data/_workings/resource/GTEv8//GTExv8.EUR.Brain_Hippocampus/ENSG00000094975.13.wgt.RDat	ENSG00000094975.13	1	172532348	172532349	0.244	rs16844620	-7.23	rs2516064	0.02	-3.46	-2.594546	392	52	enet	0.0087	0.13	-2.56481	0.0103
Brain_Hippocampus	/media/kame/Data/_workings/resource/GTEv8//GTExv8.EUR.Brain_Hippocampus/ENSG00000162753.11.wgt.RDat	ENSG00000162753.11	1	173602770	173602771	0.188	rs1951626	5.77	rs12561796	0.185	5.41	0.510889	293	24	enet	0.16	2.1e-07	0.45665	0.648
Brain_Hippocampus	/media/kame/Data/_workings/resource/GTEv8//GTExv8.EUR.Brain_Hippocampus/ENSG00000117593.9.wgt.RDat	ENSG00000117593.9	1	173824502	173824503	0.127	rs12354141	12.19	rs7525325	0.0068	-3.74	1.043413	275	18	enet	-0.0026	0.43	-1.08496	0.278
Brain_Hippocampus	/media/kame/Data/_workings/resource/GTEv8//GTExv8.EUR.Brain_Hippocampus/ENSG00000117601.13.wgt.RDat	ENSG00000117601.13	1	173917377	173917378	0.124	rs7536987	12.4	rs9425436	0.0535	3.99	1.176193	259	33	enet	0.048	0.004	0.94629	0.344
Brain_Hippocampus	/media/kame/Data/_workings/resource/GTEv8//GTExv8.EUR.Brain_Hippocampus/ENSG00000152061.23.wgt.RDat	ENSG00000152061.23	1	174159409	174159410	0.238	rs7536102	12.55	rs6695327	0.109	4.31	0.694461	275	24	enet	0.015	0.076	-1.7564	0.079
Brain_Hippocampus	/media/kame/Data/_workings/resource/GTEv8//GTExv8.EUR.Brain_Hippocampus/ENSG00000152092.15.wgt.RDat	ENSG00000152092.15	1	177164972	177164973	0.191	rs10913349	4.46	rs17312810	0.014	-3.73	-0.574204	461	29	enet	0.026	0.027	-0.29214	0.77
Brain_Hippocampus	/media/kame/Data/_workings/resource/GTEv8//GTExv8.EUR.Brain_Hippocampus/ENSG00000116199.11.wgt.RDat	ENSG00000116199.11	1	179025803	179025804	0.233	rs12143603	-4.44	rs4271171	0.132	5.42	0.065419	457	13	enet	0.099	5.2e-05	0.11214	0.911
Brain_Hippocampus	/media/kame/Data/_workings/resource/GTEv8//GTExv8.EUR.Brain_Hippocampus/ENSG00000143322.19.wgt.RDat	ENSG00000143322.19	1	179229683	179229684	0.275	rs12143603	-4.44	rs12725164	0.155	-5.53	0.07273	440	14	enet	0.19	1.7e-08	-0.11709	0.907
Brain_Hippocampus	/media/kame/Data/_workings/resource/GTEv8//GTExv8.EUR.Brain_Hippocampus/ENSG00000162782.15.wgt.RDat	ENSG00000162782.15	1	179591612	179591613	0.341	rs6657364	3.72	rs913514	0.301	6.82	0.404577	470	31	enet	0.22	6.5e-10	0.42356	0.672
Brain_Hippocampus	/media/kame/Data/_workings/resource/GTEv8//GTExv8.EUR.Brain_Hippocampus/ENSG00000135828.11.wgt.RDat	ENSG00000135828.11	1	182589255	182589256	0.259	rs7543416	-4.71	rs4652733	0.0801	4.39	0.055984	440	18	enet	0.077	0.00034	-0.48188	0.63
Brain_Hippocampus	/media/kame/Data/_workings/resource/GTEv8//GTExv8.EUR.Brain_Hippocampus/ENSG00000058085.14.wgt.RDat	ENSG00000058085.14	1	183186237	183186238	0.178	rs789192	-3.92	rs3118182	0.179	5.47	-0.079338	429	13	enet	0.12	8.3e-06	-0.10695	0.915
Brain_Hippocampus	/media/kame/Data/_workings/resource/GTEv8//GTExv8.EUR.Brain_Hippocampus/ENSG00000198756.10.wgt.RDat	ENSG00000198756.10	1	184037728	184037729	0.59	rs1887295	4.23	rs2378793	0.271	-6.6	0.10698	504	43	enet	0.3	2.7e-13	-0.21038	0.833
Brain_Hippocampus	/media/kame/Data/_workings/resource/GTEv8//GTExv8.EUR.Brain_Hippocampus/ENSG00000198860.11.wgt.RDat	ENSG00000198860.11	1	184051676	184051677	0.211	rs1887295	4.23	rs10797938	0.0402	4.9	2.177004	502	9	enet	0.038	0.0093	1.53869	0.124
Brain_Hippocampus	/media/kame/Data/_workings/resource/GTEv8//GTExv8.EUR.Brain_Hippocampus/ENSG00000116406.18.wgt.RDat	ENSG00000116406.18	1	184754912	184754913	0.227	rs2001270	3.31	rs2001270	-0.00553	-3.09	3.30993	423	29	enet	0.019	0.049	-0.97216	0.331
Brain_Hippocampus	/media/kame/Data/_workings/resource/GTEv8//GTExv8.EUR.Brain_Hippocampus/ENSG00000157181.15.wgt.RDat	ENSG00000157181.15	1	186375837	186375838	0.168	rs857591	-2.4	rs1569879	-0.00625	3.05	-0.365389	345	44	enet	-0.0048	0.6	0.23461	0.815
Brain_Hippocampus	/media/kame/Data/_workings/resource/GTEv8//GTExv8.EUR.Brain_Hippocampus/ENSG00000244414.6.wgt.RDat	ENSG00000244414.6	1	196819756	196819757	0.162	rs12402465	3.58	rs12240143	0.112	-4.37	0.324606	239	14	enet	0.043	0.006	-0.1279	0.898
Brain_Hippocampus	/media/kame/Data/_workings/resource/GTEv8//GTExv8.EUR.Brain_Hippocampus/ENSG00000260088.1.wgt.RDat	ENSG00000260088.1	1	200669506	200669507	0.795	rs16846948	3.55	rs3806358	0.471	-8.47	-0.462816	537	17	enet	0.44	1.3e-20	0.37267	0.709
Brain_Hippocampus	/media/kame/Data/_workings/resource/GTEv8//GTExv8.EUR.Brain_Hippocampus/ENSG00000223396.2.wgt.RDat	ENSG00000223396.2	1	201518702	201518703	0.314	rs12562614	9.18	rs2210733	-0.00411	3.63	0.915394	667	48	enet	0.016	0.067	-0.1076	0.914
Brain_Hippocampus	/media/kame/Data/_workings/resource/GTEv8//GTExv8.EUR.Brain_Hippocampus/ENSG00000198892.6.wgt.RDat	ENSG00000198892.6	1	201888679	201888680	0.385	rs12562614	9.18	rs16849387	0.0461	-5.05	0.666059	505	26	enet	0.14	2e-06	-0.07837	0.938
Brain_Hippocampus	/media/kame/Data/_workings/resource/GTEv8//GTExv8.EUR.Brain_Hippocampus/ENSG00000214796.8.wgt.RDat	ENSG00000214796.8	1	202861619	202861620	0.292	rs4245713	6.47	rs4495774	0.194	-5.64	0.358998	453	13	enet	0.12	6.7e-06	-0.04981	0.96
Brain_Hippocampus	/media/kame/Data/_workings/resource/GTEv8//GTExv8.EUR.Brain_Hippocampus/ENSG00000182004.12.wgt.RDat	ENSG00000182004.12	1	203861602	203861603	0.382	rs734591	5.17	rs11240607	0.0231	3.99	-1.789591	511	45	enet	0.008	0.14	-2.2344	0.0255
Brain_Hippocampus	/media/kame/Data/_workings/resource/GTEv8//GTExv8.EUR.Brain_Hippocampus/ENSG00000184144.11.wgt.RDat	ENSG00000184144.11	1	205042936	205042937	0.255	rs1110303	-6.87	rs6696846	0.0162	4.06	-0.305198	593	9	enet	0.01	0.12	0.79575	0.426
Brain_Hippocampus	/media/kame/Data/_workings/resource/GTEv8//GTExv8.EUR.Brain_Hippocampus/ENSG00000174529.7.wgt.RDat	ENSG00000174529.7	1	205084459	205084460	0.227	rs1110303	-6.87	rs1172128	0.0269	4.39	-0.567707	594	25	enet	0.08	0.00027	-1.15469	0.248
Brain_Hippocampus	/media/kame/Data/_workings/resource/GTEv8//GTExv8.EUR.Brain_Hippocampus/ENSG00000117222.13.wgt.RDat	ENSG00000117222.13	1	205122014	205122015	0.177	rs1110303	-6.87	rs10900456	0.0729	4.35	0.188236	586	21	enet	0.03	0.019	-1.00527	0.315
Brain_Hippocampus	/media/kame/Data/_workings/resource/GTEv8//GTExv8.EUR.Brain_Hippocampus/ENSG00000133059.16.wgt.RDat	ENSG00000133059.16	1	205211565	205211566	0.193	rs1110303	-6.87	rs1572993	0.0351	-4.49	-1.432102	579	17	enet	0.045	0.0052	0.17686	0.86
Brain_Hippocampus	/media/kame/Data/_workings/resource/GTEv8//GTExv8.EUR.Brain_Hippocampus/ENSG00000133069.15.wgt.RDat	ENSG00000133069.15	1	205228175	205228176	0.191	rs1110303	-6.87	rs4400674	0.00929	-4.01	0.312705	571	10	enet	0.017	0.062	0.0764	0.939
Brain_Hippocampus	/media/kame/Data/_workings/resource/GTEv8//GTExv8.EUR.Brain_Hippocampus/ENSG00000069275.12.wgt.RDat	ENSG00000069275.12	1	205750275	205750276	0.279	rs1110303	-6.87	rs4623769	-0.00675	-3.49	-0.354976	440	37	enet	0.037	0.01	0.65807	0.51
Brain_Hippocampus	/media/kame/Data/_workings/resource/GTEv8//GTExv8.EUR.Brain_Hippocampus/ENSG00000117280.12.wgt.RDat	ENSG00000117280.12	1	205775459	205775460	0.225	rs1110303	-6.87	rs823144	0.00902	-3.9	0.513099	427	23	enet	0.11	2.1e-05	-1.14372	0.253
Brain_Hippocampus	/media/kame/Data/_workings/resource/GTEv8//GTExv8.EUR.Brain_Hippocampus/ENSG00000133065.10.wgt.RDat	ENSG00000133065.10	1	205813747	205813748	0.228	rs6676552	4.31	rs708727	0.123	5.21	2.037678	404	16	enet	0.04	0.0079	1.25379	0.21
Brain_Hippocampus	/media/kame/Data/_workings/resource/GTEv8//GTExv8.EUR.Brain_Hippocampus/ENSG00000162877.12.wgt.RDat	ENSG00000162877.12	1	205850131	205850132	0.493	rs6676552	4.31	rs708727	0.272	-6.46	2.037678	377	52	enet	0.26	2.1e-11	-1.70217	0.0887
Brain_Hippocampus	/media/kame/Data/_workings/resource/GTEv8//GTExv8.EUR.Brain_Hippocampus/ENSG00000263528.7.wgt.RDat	ENSG00000263528.7	1	206470494	206470495	0.329	rs4240844	-2.86	rs1953090	0.159	-5.07	0.358076	327	29	enet	0.11	2.1e-05	0.26962	0.787
Brain_Hippocampus	/media/kame/Data/_workings/resource/GTEv8//GTExv8.EUR.Brain_Hippocampus/ENSG00000143486.15.wgt.RDat	ENSG00000143486.15	1	206612458	206612459	0.269	rs4240844	-2.86	rs3024498	-0.00592	-3.26	0.021336	353	10	enet	-0.0065	0.85	0.65507	0.512
Brain_Hippocampus	/media/kame/Data/_workings/resource/GTEv8//GTExv8.EUR.Brain_Hippocampus/ENSG00000196352.14.wgt.RDat	ENSG00000196352.14	1	207321507	207321508	0.188	rs11117913	2.58	rs4308977	0.0343	4.32	0.163479	367	20	enet	0.056	0.002	-0.01146	0.991
Brain_Hippocampus	/media/kame/Data/_workings/resource/GTEv8//GTExv8.EUR.Brain_Hippocampus/ENSG00000203710.10.wgt.RDat	ENSG00000203710.10	1	207496146	207496147	0.238	rs2235766	5.66	rs2274566	0.0698	4.39	-0.145613	387	24	enet	0.05	0.0033	-0.05293	0.958
Brain_Hippocampus	/media/kame/Data/_workings/resource/GTEv8//GTExv8.EUR.Brain_Hippocampus/ENSG00000117335.19.wgt.RDat	ENSG00000117335.19	1	207752056	207752057	0.506	rs2782933	-7.03	rs2796265	0.246	-6.76	-0.037099	472	20	enet	0.27	3.9e-12	0.11777	0.906
Brain_Hippocampus	/media/kame/Data/_workings/resource/GTEv8//GTExv8.EUR.Brain_Hippocampus/ENSG00000143469.18.wgt.RDat	ENSG00000143469.18	1	209938173	209938174	0.265	rs2743891	11.1	rs12046618	0.312	-6.94	-0.513993	549	15	enet	0.25	5.2e-11	0.64931	0.516
Brain_Hippocampus	/media/kame/Data/_workings/resource/GTEv8//GTExv8.EUR.Brain_Hippocampus/ENSG00000203706.8.wgt.RDat	ENSG00000203706.8	1	210234046	210234047	0.181	rs2743891	11.1	rs11119496	2.73e-05	3.56	-1.942152	551	16	enet	0.0071	0.15	0.81533	0.415
Brain_Hippocampus	/media/kame/Data/_workings/resource/GTEv8//GTExv8.EUR.Brain_Hippocampus/ENSG00000153363.12.wgt.RDat	ENSG00000153363.12	1	211382802	211382803	0.443	rs17017569	-7.48	rs4951720	0.0564	-4.34	-0.540676	428	74	enet	0.11	2e-05	0.90941	0.363
Brain_Hippocampus	/media/kame/Data/_workings/resource/GTEv8//GTExv8.EUR.Brain_Hippocampus/ENSG00000236809.2.wgt.RDat	ENSG00000236809.2	1	211417024	211417025	0.165	rs17017569	-7.48	rs34418448	0.0381	4.43	-0.259612	421	7	enet	0.041	0.0074	-0.1742	0.862
Brain_Hippocampus	/media/kame/Data/_workings/resource/GTEv8//GTExv8.EUR.Brain_Hippocampus/ENSG00000065600.12.wgt.RDat	ENSG00000065600.12	1	212414900	212414901	0.374	rs10494953	-4.22	rs351408	0.302	-6.77	0.582717	466	33	enet	0.12	1.1e-05	-0.09762	0.922
Brain_Hippocampus	/media/kame/Data/_workings/resource/GTEv8//GTExv8.EUR.Brain_Hippocampus/ENSG00000228067.1.wgt.RDat	ENSG00000228067.1	1	212545693	212545694	0.185	rs11586518	-7.05	rs12729438	0.0461	4.37	0.101528	469	26	enet	0.025	0.03	-0.18207	0.856
Brain_Hippocampus	/media/kame/Data/_workings/resource/GTEv8//GTExv8.EUR.Brain_Hippocampus/ENSG00000123685.8.wgt.RDat	ENSG00000123685.8	1	212699984	212699985	0.362	rs11586518	-7.05	rs2221593	0.0317	3.55	1.657151	433	9	enet	-0.0029	0.45	1.32116	0.186
Brain_Hippocampus	/media/kame/Data/_workings/resource/GTEv8//GTExv8.EUR.Brain_Hippocampus/ENSG00000198468.7.wgt.RDat	ENSG00000198468.7	1	212858087	212858088	0.664	rs11586518	-7.05	rs1047881	0.494	-8.84	-1.135335	413	15	enet	0.5	1.5e-24	1.13938	0.255
Brain_Hippocampus	/media/kame/Data/_workings/resource/GTEv8//GTExv8.EUR.Brain_Hippocampus/ENSG00000162769.12.wgt.RDat	ENSG00000162769.12	1	212858254	212858255	0.453	rs11586518	-7.05	rs1284852	0.171	6.31	0.073102	413	34	enet	0.22	1.1e-09	0.26858	0.788
Brain_Hippocampus	/media/kame/Data/_workings/resource/GTEv8//GTExv8.EUR.Brain_Hippocampus/ENSG00000174606.13.wgt.RDat	ENSG00000174606.13	1	213015825	213015826	0.131	rs11586518	-7.05	rs1566248	0.0024	3.5	-1.662055	415	16	enet	-0.0045	0.57	-1.99581	0.046
Brain_Hippocampus	/media/kame/Data/_workings/resource/GTEv8//GTExv8.EUR.Brain_Hippocampus/ENSG00000274895.1.wgt.RDat	ENSG00000274895.1	1	213986418	213986419	0.234	rs12117411	6.87	rs340874	0.132	-5.09	2.703633	600	10	enet	0.13	4.3e-06	-2.17714	0.0295
Brain_Hippocampus	/media/kame/Data/_workings/resource/GTEv8//GTExv8.EUR.Brain_Hippocampus/ENSG00000230461.8.wgt.RDat	ENSG00000230461.8	1	213988499	213988500	0.254	rs12117411	6.87	rs7529073	0.148	-5.13	3.151733	596	15	enet	0.16	1.9e-07	-3.52853	0.000418
Brain_Hippocampus	/media/kame/Data/_workings/resource/GTEv8//GTExv8.EUR.Brain_Hippocampus/ENSG00000067533.5.wgt.RDat	ENSG00000067533.5	1	218285286	218285287	0.502	rs12116939	-4.17	rs10863387	0.286	7	-0.359998	477	17	enet	0.2	6.5e-09	-0.63376	0.526
Brain_Hippocampus	/media/kame/Data/_workings/resource/GTEv8//GTExv8.EUR.Brain_Hippocampus/ENSG00000228063.1.wgt.RDat	ENSG00000228063.1	1	219173842	219173843	0.262	rs2820463	3.86	rs7539768	0.0762	-4.71	0.1795	481	12	enet	0.085	0.00017	-0.13307	0.894
Brain_Hippocampus	/media/kame/Data/_workings/resource/GTEv8//GTExv8.EUR.Brain_Hippocampus/ENSG00000272823.1.wgt.RDat	ENSG00000272823.1	1	220829210	220829211	0.438	rs2807857	6.98	rs2131887	0.114	4.85	1.615324	401	25	enet	0.14	1.1e-06	0.3857	0.7
Brain_Hippocampus	/media/kame/Data/_workings/resource/GTEv8//GTExv8.EUR.Brain_Hippocampus/ENSG00000238078.1.wgt.RDat	ENSG00000238078.1	1	220829254	220829255	0.461	rs2807857	6.98	rs11118622	0.147	5.68	3.093217	401	41	enet	0.2	5.9e-09	0.36027	0.719
Brain_Hippocampus	/media/kame/Data/_workings/resource/GTEv8//GTExv8.EUR.Brain_Hippocampus/ENSG00000257551.1.wgt.RDat	ENSG00000257551.1	1	220833191	220833192	0.215	rs2807857	6.98	rs2807857	0.119	4.86	6.984473	395	11	enet	0.15	6.6e-07	4.02931	5.59e-05
Brain_Hippocampus	/media/kame/Data/_workings/resource/GTEv8//GTExv8.EUR.Brain_Hippocampus/ENSG00000272750.1.wgt.RDat	ENSG00000272750.1	1	222661511	222661512	0.478	rs291906	-3.56	rs17163358	0.342	7.33	-0.208275	327	26	enet	0.29	4.4e-13	0.26863	0.788
Brain_Hippocampus	/media/kame/Data/_workings/resource/GTEv8//GTExv8.EUR.Brain_Hippocampus/ENSG00000186063.12.wgt.RDat	ENSG00000186063.12	1	222713209	222713210	0.273	rs291906	-3.56	rs3008611	0.0135	-3.54	-0.461045	323	9	enet	0.017	0.059	0.93772	0.348
Brain_Hippocampus	/media/kame/Data/_workings/resource/GTEv8//GTExv8.EUR.Brain_Hippocampus/ENSG00000143502.14.wgt.RDat	ENSG00000143502.14	1	223364201	223364202	0.249	rs6703104	-4.87	rs2138970	0.193	-5.47	-0.628335	431	20	enet	0.16	2e-07	-0.39933	0.69
Brain_Hippocampus	/media/kame/Data/_workings/resource/GTEv8//GTExv8.EUR.Brain_Hippocampus/ENSG00000203697.11.wgt.RDat	ENSG00000203697.11	1	223665733	223665734	0.262	rs6703104	-4.87	rs12132899	0.0835	5.09	-0.792941	394	10	enet	0.054	0.0024	-0.18257	0.855
Brain_Hippocampus	/media/kame/Data/_workings/resource/GTEv8//GTExv8.EUR.Brain_Hippocampus/ENSG00000143514.16.wgt.RDat	ENSG00000143514.16	1	223845971	223845972	0.244	rs6703104	-4.87	rs10799505	0.031	-3.73	-0.111018	370	20	enet	0.0018	0.26	0.61714	0.537
Brain_Hippocampus	/media/kame/Data/_workings/resource/GTEv8//GTExv8.EUR.Brain_Hippocampus/ENSG00000143771.11.wgt.RDat	ENSG00000143771.11	1	224356849	224356850	0.343	rs7535882	-4.82	rs10799543	0.133	5.03	-3.448075	354	23	enet	0.13	2.5e-06	-3.07204	0.00213
Brain_Hippocampus	/media/kame/Data/_workings/resource/GTEv8//GTExv8.EUR.Brain_Hippocampus/ENSG00000196187.11.wgt.RDat	ENSG00000196187.11	1	225882368	225882369	0.194	rs16845098	8.05	rs3820236	0.104	-4.41	0.903031	376	8	enet	0.062	0.0012	-0.73851	0.46
Brain_Hippocampus	/media/kame/Data/_workings/resource/GTEv8//GTExv8.EUR.Brain_Hippocampus/ENSG00000163041.9.wgt.RDat	ENSG00000163041.9	1	226061876	226061877	0.466	rs7534366	7.93	rs3768543	0.396	7.79	-0.369177	384	7	enet	0.36	2.3e-16	-0.20042	0.841
Brain_Hippocampus	/media/kame/Data/_workings/resource/GTEv8//GTExv8.EUR.Brain_Hippocampus/ENSG00000143740.14.wgt.RDat	ENSG00000143740.14	1	227728538	227728539	0.165	rs7541048	4.34	rs6683869	0.0211	-4.09	-1.163558	379	13	enet	0.0071	0.15	0.69135	0.489
Brain_Hippocampus	/media/kame/Data/_workings/resource/GTEv8//GTExv8.EUR.Brain_Hippocampus/ENSG00000236975.1.wgt.RDat	ENSG00000236975.1	1	229094904	229094905	0.317	rs2639760	5.47	rs2036775	0.158	5.09	-0.775597	432	30	enet	0.13	3.2e-06	-1.02736	0.304
Brain_Hippocampus	/media/kame/Data/_workings/resource/GTEv8//GTExv8.EUR.Brain_Hippocampus/ENSG00000135773.12.wgt.RDat	ENSG00000135773.12	1	230747383	230747384	0.378	rs12063832	-5.51	rs17731204	0.154	5.71	-0.187888	689	38	enet	0.25	2.9e-11	-0.09427	0.925
Brain_Hippocampus	/media/kame/Data/_workings/resource/GTEv8//GTExv8.EUR.Brain_Hippocampus/ENSG00000119280.16.wgt.RDat	ENSG00000119280.16	1	230869588	230869589	0.258	rs12063832	-5.51	rs9651127	0.0169	-3.76	-4.092426	624	21	enet	0.012	0.095	1.16525	0.244
Brain_Hippocampus	/media/kame/Data/_workings/resource/GTEv8//GTExv8.EUR.Brain_Hippocampus/ENSG00000182118.7.wgt.RDat	ENSG00000182118.7	1	231040245	231040246	0.511	rs12063832	-5.51	rs4658875	0.193	5.76	0.131556	599	34	enet	0.17	6.6e-08	0.41484	0.678
Brain_Hippocampus	/media/kame/Data/_workings/resource/GTEv8//GTExv8.EUR.Brain_Hippocampus/ENSG00000116906.11.wgt.RDat	ENSG00000116906.11	1	231241206	231241207	0.326	rs4658939	-4.75	rs3767758	0.133	4.9	-0.39951	486	13	enet	0.07	0.00065	-0.44057	0.66
Brain_Hippocampus	/media/kame/Data/_workings/resource/GTEv8//GTExv8.EUR.Brain_Hippocampus/ENSG00000135766.8.wgt.RDat	ENSG00000135766.8	1	231425043	231425044	0.292	rs4658939	-4.75	rs516651	0.123	-5.2	-1.14041	468	39	enet	0.14	9.9e-07	1.24413	0.213
Brain_Hippocampus	/media/kame/Data/_workings/resource/GTEv8//GTExv8.EUR.Brain_Hippocampus/ENSG00000135778.11.wgt.RDat	ENSG00000135778.11	1	232950604	232950605	0.616	rs1294263	-5.35	rs12744791	0.438	8.15	0.083373	593	25	enet	0.55	2e-27	0.97788	0.328
Brain_Hippocampus	/media/kame/Data/_workings/resource/GTEv8//GTExv8.EUR.Brain_Hippocampus/ENSG00000143674.10.wgt.RDat	ENSG00000143674.10	1	233327767	233327768	0.37	rs1294263	-5.35	rs10489691	0.198	5.62	1.48711	598	17	enet	0.13	4.2e-06	1.52166	0.128
Brain_Hippocampus	/media/kame/Data/_workings/resource/GTEv8//GTExv8.EUR.Brain_Hippocampus/ENSG00000168275.14.wgt.RDat	ENSG00000168275.14	1	234373593	234373594	0.494	rs479457	-6.23	rs6586384	0.145	5.91	-1.066079	630	43	enet	0.13	2.7e-06	0.19705	0.844
Brain_Hippocampus	/media/kame/Data/_workings/resource/GTEv8//GTExv8.EUR.Brain_Hippocampus/ENSG00000224939.1.wgt.RDat	ENSG00000224939.1	1	234629310	234629311	0.383	rs479457	-6.23	rs10910479	0.133	5.7	-0.012273	589	11	enet	0.063	0.0011	0.33626	0.737
Brain_Hippocampus	/media/kame/Data/_workings/resource/GTEv8//GTExv8.EUR.Brain_Hippocampus/ENSG00000152904.11.wgt.RDat	ENSG00000152904.11	1	235327487	235327488	0.127	rs4920200	4.27	rs3806393	0.0214	3.73	-0.313256	357	9	enet	0.022	0.039	-0.57212	0.567
Brain_Hippocampus	/media/kame/Data/_workings/resource/GTEv8//GTExv8.EUR.Brain_Hippocampus/ENSG00000086619.13.wgt.RDat	ENSG00000086619.13	1	236281984	236281985	0.42	rs12030605	5.85	rs1254188	0.287	6.96	0.473883	567	7	enet	0.27	4.1e-12	0.83116	0.406
Brain_Hippocampus	/media/kame/Data/_workings/resource/GTEv8//GTExv8.EUR.Brain_Hippocampus/ENSG00000230325.1.wgt.RDat	ENSG00000230325.1	1	236540445	236540446	0.167	rs12030605	5.85	rs2794753	0.0256	-4.33	0.403691	618	6	enet	0.0064	0.16	-0.34571	0.73
Brain_Hippocampus	/media/kame/Data/_workings/resource/GTEv8//GTExv8.EUR.Brain_Hippocampus/ENSG00000198626.15.wgt.RDat	ENSG00000198626.15	1	237042204	237042205	0.264	rs2490372	4.55	rs2618721	-0.00376	-3.52	-1.118832	673	44	enet	-0.0039	0.52	0.1173	0.907
Brain_Hippocampus	/media/kame/Data/_workings/resource/GTEv8//GTExv8.EUR.Brain_Hippocampus/ENSG00000225554.1.wgt.RDat	ENSG00000225554.1	1	241424291	241424292	0.266	rs12722977	6.58	rs3014554	0.0332	4.66	0.062421	618	16	enet	0.093	8.5e-05	0.48229	0.63
Brain_Hippocampus	/media/kame/Data/_workings/resource/GTEv8//GTExv8.EUR.Brain_Hippocampus/ENSG00000272865.1.wgt.RDat	ENSG00000272865.1	1	242147513	242147514	0.551	rs1025599	-5.35	rs1836768	0.483	8.54	0.2776	550	14	enet	0.44	2.6e-20	0.27435	0.784
Brain_Hippocampus	/media/kame/Data/_workings/resource/GTEv8//GTExv8.EUR.Brain_Hippocampus/ENSG00000224525.2.wgt.RDat	ENSG00000224525.2	1	242203554	242203555	0.531	rs1025599	-5.35	rs1836768	0.463	8.41	0.2776	556	8	enet	0.47	4.5e-22	0.20164	0.84
Brain_Hippocampus	/media/kame/Data/_workings/resource/GTEv8//GTExv8.EUR.Brain_Hippocampus/ENSG00000253326.2.wgt.RDat	ENSG00000253326.2	1	243056305	243056306	0.175	rs12085924	4.23	rs2789172	0.0621	-4.05	-0.026093	336	11	enet	0.0068	0.16	0.1493	0.881
Brain_Hippocampus	/media/kame/Data/_workings/resource/GTEv8//GTExv8.EUR.Brain_Hippocampus/ENSG00000054282.15.wgt.RDat	ENSG00000054282.15	1	243256033	243256034	0.222	rs12085924	4.23	rs6662118	0.0946	4.57	-0.028321	285	16	enet	0.1	3.3e-05	0.04007	0.968
Brain_Hippocampus	/media/kame/Data/_workings/resource/GTEv8//GTExv8.EUR.Brain_Hippocampus/ENSG00000272195.1.wgt.RDat	ENSG00000272195.1	1	244971087	244971088	0.658	rs1196366	6.6	rs2291426	0.5	-8.97	6.291535	463	42	enet	0.46	9.5e-22	-5.38993	7.05e-08
Brain_Hippocampus	/media/kame/Data/_workings/resource/GTEv8//GTExv8.EUR.Brain_Hippocampus/ENSG00000203666.12.wgt.RDat	ENSG00000203666.12	1	245002120	245002121	0.543	rs1196366	6.6	rs2291426	0.459	8.32	6.291535	472	32	enet	0.45	4.1e-21	4.04011	5.34e-05
Brain_Hippocampus	/media/kame/Data/_workings/resource/GTEv8//GTExv8.EUR.Brain_Hippocampus/ENSG00000260855.1.wgt.RDat	ENSG00000260855.1	1	246772300	246772301	0.213	rs1778541	-4.82	rs3795465	0.0973	4.68	0.119084	433	24	enet	0.084	0.00019	-0.10703	0.915
Brain_Hippocampus	/media/kame/Data/_workings/resource/GTEv8//GTExv8.EUR.Brain_Hippocampus/ENSG00000227953.6.wgt.RDat	ENSG00000227953.6	1	246776012	246776013	0.271	rs1778541	-4.82	rs6694274	0.0377	4.27	-0.879531	436	36	enet	0.17	1.4e-07	-0.92382	0.356
Brain_Hippocampus	/media/kame/Data/_workings/resource/GTEv8//GTExv8.EUR.Brain_Hippocampus/ENSG00000221953.5.wgt.RDat	ENSG00000221953.5	1	247112416	247112417	0.306	rs1778541	-4.82	rs10924919	0.0984	-5.44	-0.438814	473	54	enet	0.1	3.2e-05	1.2107	0.226
Brain_Hippocampus	/media/kame/Data/_workings/resource/GTEv8//GTExv8.EUR.Brain_Hippocampus/ENSG00000196418.12.wgt.RDat	ENSG00000196418.12	1	247172015	247172016	0.607	rs1778541	-4.82	rs4925715	0.305	-6.89	-0.050799	466	37	enet	0.21	2.4e-09	-0.09101	0.927
Brain_Hippocampus	/media/kame/Data/_workings/resource/GTEv8//GTExv8.EUR.Brain_Hippocampus/ENSG00000215795.2.wgt.RDat	ENSG00000215795.2	1	247185481	247185482	0.404	rs1778541	-4.82	rs869111	-0.00433	3.52	0.629251	465	44	enet	0.0024	0.25	0.49553	0.62
Brain_Hippocampus	/media/kame/Data/_workings/resource/GTEv8//GTExv8.EUR.Brain_Hippocampus/ENSG00000259865.1.wgt.RDat	ENSG00000259865.1	1	247188525	247188526	0.428	rs1778541	-4.82	rs10924952	0.155	5.43	-1.141781	464	16	enet	0.22	1.1e-09	-0.86029	0.39
Brain_Hippocampus	/media/kame/Data/_workings/resource/GTEv8//GTExv8.EUR.Brain_Hippocampus/ENSG00000162714.12.wgt.RDat	ENSG00000162714.12	1	247331845	247331846	0.486	rs1778541	-4.82	rs10924989	0.254	6.26	-0.018604	457	33	enet	0.25	3.1e-11	-0.09797	0.922
Brain_Hippocampus	/media/kame/Data/_workings/resource/GTEv8//GTExv8.EUR.Brain_Hippocampus/ENSG00000226191.3.wgt.RDat	ENSG00000226191.3	1	247937512	247937513	0.192	rs10888267	-4.3	rs6664332	0.283	6.71	-0.792332	444	7	enet	0.24	1.1e-10	-0.78174	0.434
Brain_Hippocampus	/media/kame/Data/_workings/resource/GTEv8//GTExv8.EUR.Brain_Hippocampus/ENSG00000203663.3.wgt.RDat	ENSG00000203663.3	1	248038267	248038268	0.293	rs10888267	-4.3	rs4478844	0.214	5.9	-1.356988	394	24	enet	0.22	1.3e-09	-0.8438	0.399
Brain_Hippocampus	/media/kame/Data/_workings/resource/GTEv8//GTExv8.EUR.Brain_Hippocampus/ENSG00000196071.4.wgt.RDat	ENSG00000196071.4	1	248098648	248098649	0.298	rs10888267	-4.3	rs6664332	0.318	7.25	-0.792332	363	14	enet	0.27	5.7e-12	-1.02839	0.304
Brain_Hippocampus	/media/kame/Data/_workings/resource/GTEv8//GTExv8.EUR.Brain_Hippocampus/ENSG00000035115.21.wgt.RDat	ENSG00000035115.21	2	266397	266398	0.2161	rs6711931	-4	rs300705	0.004041	-3.77	-1.14262	369	22	enet	0.066	0.00085	0.11758	0.906
Brain_Hippocampus	/media/kame/Data/_workings/resource/GTEv8//GTExv8.EUR.Brain_Hippocampus/ENSG00000284600.1.wgt.RDat	ENSG00000284600.1	2	1795524	1795525	0.2962	rs11127292	5	rs6748017	0.076356	5	-1.29453	490	51	enet	0.11	1.5e-05	-0.51753	0.605
Brain_Hippocampus	/media/kame/Data/_workings/resource/GTEv8//GTExv8.EUR.Brain_Hippocampus/ENSG00000171853.15.wgt.RDat	ENSG00000171853.15	2	3379674	3379675	0.3667	rs1729903	-4.67	rs7601188	0.108842	-4.46	-0.35229	602	24	enet	0.035	0.012	0.54524	0.586
Brain_Hippocampus	/media/kame/Data/_workings/resource/GTEv8//GTExv8.EUR.Brain_Hippocampus/ENSG00000225234.1.wgt.RDat	ENSG00000225234.1	2	3482408	3482409	0.2808	rs17437576	-4.54	rs9752321	0.145052	-5.21	0.20412	578	18	enet	0.17	9.1e-08	-1.2805	0.2
Brain_Hippocampus	/media/kame/Data/_workings/resource/GTEv8//GTExv8.EUR.Brain_Hippocampus/ENSG00000234171.2.wgt.RDat	ENSG00000234171.2	2	3558616	3558617	0.9237	rs6738683	3.8	rs4583476	0.618316	-9.66	0.13066	577	26	enet	0.56	3.8e-28	0.06007	0.952
Brain_Hippocampus	/media/kame/Data/_workings/resource/GTEv8//GTExv8.EUR.Brain_Hippocampus/ENSG00000118004.17.wgt.RDat	ENSG00000118004.17	2	3594831	3594832	0.5646	rs6738683	3.8	rs4850068	0.318221	7.11	0.19782	578	13	enet	0.26	1.9e-11	0.05994	0.952
Brain_Hippocampus	/media/kame/Data/_workings/resource/GTEv8//GTExv8.EUR.Brain_Hippocampus/ENSG00000151360.9.wgt.RDat	ENSG00000151360.9	2	3658194	3658195	0.4346	rs6738683	3.8	rs2071639	0.325172	7.05	-0.04263	564	14	enet	0.19	1.3e-08	-0.01302	0.99
Brain_Hippocampus	/media/kame/Data/_workings/resource/GTEv8//GTExv8.EUR.Brain_Hippocampus/ENSG00000272002.1.wgt.RDat	ENSG00000272002.1	2	7260870	7260871	0.3357	rs1907451	-5.63	rs6722663	0.043691	-4.28	-0.36077	524	61	enet	0.064	0.0011	0.2881	0.773
Brain_Hippocampus	/media/kame/Data/_workings/resource/GTEv8//GTExv8.EUR.Brain_Hippocampus/ENSG00000236790.5.wgt.RDat	ENSG00000236790.5	2	8383620	8383621	0.38	rs10173234	-4.63	rs4669261	0.166432	-5.2	0.11962	484	34	enet	0.18	3.8e-08	0.02818	0.978
Brain_Hippocampus	/media/kame/Data/_workings/resource/GTEv8//GTExv8.EUR.Brain_Hippocampus/ENSG00000151693.9.wgt.RDat	ENSG00000151693.9	2	9206764	9206765	0.1792	rs16867116	5.6	rs2709587	0.020122	3.84	2.12018	370	19	enet	0.013	0.089	-1.23411	0.217
Brain_Hippocampus	/media/kame/Data/_workings/resource/GTEv8//GTExv8.EUR.Brain_Hippocampus/ENSG00000115761.15.wgt.RDat	ENSG00000115761.15	2	10689986	10689987	0.2769	rs1686476	-6.5	rs9287721	0.076482	4.4	1.13376	624	3	enet	0.022	0.037	0.23449	0.815
Brain_Hippocampus	/media/kame/Data/_workings/resource/GTEv8//GTExv8.EUR.Brain_Hippocampus/ENSG00000134324.11.wgt.RDat	ENSG00000134324.11	2	11677594	11677595	0.727	rs1344938	5.14	rs3795974	0.299388	-6.88	-1.52964	505	45	enet	0.26	1e-11	1.46928	0.142
Brain_Hippocampus	/media/kame/Data/_workings/resource/GTEv8//GTExv8.EUR.Brain_Hippocampus/ENSG00000225649.5.wgt.RDat	ENSG00000225649.5	2	13007012	13007013	0.1957	rs953599	3.44	rs10929823	-0.004485	3.44	0.50704	404	26	enet	0.012	0.093	0.28964	0.772
Brain_Hippocampus	/media/kame/Data/_workings/resource/GTEv8//GTExv8.EUR.Brain_Hippocampus/ENSG00000162981.13.wgt.RDat	ENSG00000162981.13	2	14632685	14632686	0.229	rs4670071	-4.47	rs2714298	0.007398	-3.53	0.32156	475	33	enet	0.033	0.015	0.75814	0.448
Brain_Hippocampus	/media/kame/Data/_workings/resource/GTEv8//GTExv8.EUR.Brain_Hippocampus/ENSG00000151779.12.wgt.RDat	ENSG00000151779.12	2	15561329	15561330	0.259	rs6754090	8.24	rs11675921	0.129557	5.25	-0.19495	484	48	enet	0.15	5.9e-07	-0.62984	0.529
Brain_Hippocampus	/media/kame/Data/_workings/resource/GTEv8//GTExv8.EUR.Brain_Hippocampus/ENSG00000178295.14.wgt.RDat	ENSG00000178295.14	2	17753857	17753858	0.2365	rs12710642	8.01	rs17381041	0.087391	-5.17	1.40088	476	21	enet	0.13	4.9e-06	-0.212	0.832
Brain_Hippocampus	/media/kame/Data/_workings/resource/GTEv8//GTExv8.EUR.Brain_Hippocampus/ENSG00000170745.11.wgt.RDat	ENSG00000170745.11	2	17877846	17877847	0.234	rs16984516	4.14	rs1461954	0.025412	-4.05	-0.00144	504	31	enet	0.083	0.00021	1.50075	0.133
Brain_Hippocampus	/media/kame/Data/_workings/resource/GTEv8//GTExv8.EUR.Brain_Hippocampus/ENSG00000183891.5.wgt.RDat	ENSG00000183891.5	2	19901985	19901986	0.3737	rs7424006	-2.85	rs7563410	0.268807	7.25	-0.35319	591	21	enet	0.26	1.1e-11	-0.09819	0.922
Brain_Hippocampus	/media/kame/Data/_workings/resource/GTEv8//GTExv8.EUR.Brain_Hippocampus/ENSG00000118961.14.wgt.RDat	ENSG00000118961.14	2	20823129	20823130	0.5065	rs10167494	-3.69	rs13394027	0.336581	-7.43	0.14544	524	22	enet	0.36	1.9e-16	0.25166	0.801
Brain_Hippocampus	/media/kame/Data/_workings/resource/GTEv8//GTExv8.EUR.Brain_Hippocampus/ENSG00000219626.8.wgt.RDat	ENSG00000219626.8	2	24076525	24076526	0.3651	rs2081302	5.64	rs12988269	0.254608	-6.75	1.26598	316	17	enet	0.26	2.5e-11	-1.13724	0.255
Brain_Hippocampus	/media/kame/Data/_workings/resource/GTEv8//GTExv8.EUR.Brain_Hippocampus/ENSG00000115129.13.wgt.RDat	ENSG00000115129.13	2	24085860	24085861	0.2089	rs2081302	5.64	rs1134516	0.096977	-4.45	1.30258	314	20	enet	0.042	0.007	0.38244	0.702
Brain_Hippocampus	/media/kame/Data/_workings/resource/GTEv8//GTExv8.EUR.Brain_Hippocampus/ENSG00000176732.6.wgt.RDat	ENSG00000176732.6	2	24123476	24123477	0.108	rs2081302	5.64	rs11894756	-0.004799	3.31	-0.44236	303	39	enet	-0.0066	0.89	-0.83605	0.403
Brain_Hippocampus	/media/kame/Data/_workings/resource/GTEv8//GTExv8.EUR.Brain_Hippocampus/ENSG00000232642.1.wgt.RDat	ENSG00000232642.1	2	24175004	24175005	0.1853	rs2081302	5.64	rs6713263	0.1001	4.84	1.79748	281	13	enet	0.11	1.4e-05	1.37603	0.169
Brain_Hippocampus	/media/kame/Data/_workings/resource/GTEv8//GTExv8.EUR.Brain_Hippocampus/ENSG00000115137.11.wgt.RDat	ENSG00000115137.11	2	24972093	24972094	0.1424	rs713587	10.96	rs7592588	0.02035	3.64	0.00767	322	14	enet	0.00055	0.3	-2.06997	0.0385
Brain_Hippocampus	/media/kame/Data/_workings/resource/GTEv8//GTExv8.EUR.Brain_Hippocampus/ENSG00000157851.16.wgt.RDat	ENSG00000157851.16	2	26847746	26847747	0.2883	rs13029647	4.11	rs3885083	0.240915	6.2	-1.18828	379	16	enet	0.19	1.7e-08	-0.82859	0.407
Brain_Hippocampus	/media/kame/Data/_workings/resource/GTEv8//GTExv8.EUR.Brain_Hippocampus/ENSG00000084774.13.wgt.RDat	ENSG00000084774.13	2	27217389	27217390	0.1052	rs4665385	-4.63	rs2293571	0.079325	-3.95	-0.16645	310	13	enet	0.02	0.047	0.78268	0.434
Brain_Hippocampus	/media/kame/Data/_workings/resource/GTEv8//GTExv8.EUR.Brain_Hippocampus/ENSG00000163795.13.wgt.RDat	ENSG00000163795.13	2	27380789	27380790	0.0947	rs4233716	-5.69	rs7602534	0.032147	-3.63	-0.13915	298	33	enet	0.0045	0.2	0.05909	0.953
Brain_Hippocampus	/media/kame/Data/_workings/resource/GTEv8//GTExv8.EUR.Brain_Hippocampus/ENSG00000213639.9.wgt.RDat	ENSG00000213639.9	2	28751639	28751640	0.2351	rs12618742	-4.02	rs10166861	0.098241	-4.47	-0.01863	527	36	enet	0.08	0.00028	-0.89698	0.37
Brain_Hippocampus	/media/kame/Data/_workings/resource/GTEv8//GTExv8.EUR.Brain_Hippocampus/ENSG00000171103.10.wgt.RDat	ENSG00000171103.10	2	28870300	28870301	0.3836	rs4666157	3.38	rs10166861	0.2545	6.39	-0.01863	585	11	enet	0.22	9.9e-10	-0.00861	0.993
Brain_Hippocampus	/media/kame/Data/_workings/resource/GTEv8//GTExv8.EUR.Brain_Hippocampus/ENSG00000189350.12.wgt.RDat	ENSG00000189350.12	2	28956610	28956611	0.4954	rs4666157	3.38	rs11682639	0.102868	5.21	0.2077	596	12	enet	0.13	3.5e-06	0.72956	0.466
Brain_Hippocampus	/media/kame/Data/_workings/resource/GTEv8//GTExv8.EUR.Brain_Hippocampus/ENSG00000276334.1.wgt.RDat	ENSG00000276334.1	2	32521926	32521927	0.2186	rs3769606	-3.99	rs762019	0.041154	-5.51	-0.29877	374	14	enet	0.15	8e-07	0.14489	0.885
Brain_Hippocampus	/media/kame/Data/_workings/resource/GTEv8//GTExv8.EUR.Brain_Hippocampus/ENSG00000230876.6.wgt.RDat	ENSG00000230876.6	2	32825442	32825443	0.2821	rs2123770	4.57	rs897508	0.131844	-4.75	0.48965	445	8	enet	0.065	0.00093	-0.47339	0.636
Brain_Hippocampus	/media/kame/Data/_workings/resource/GTEv8//GTExv8.EUR.Brain_Hippocampus/ENSG00000152689.17.wgt.RDat	ENSG00000152689.17	2	33436323	33436324	0.389	rs6707657	-4.9	rs11680631	0.046265	-4.23	2.27854	630	23	enet	0.059	0.0015	-2.58213	0.00982
Brain_Hippocampus	/media/kame/Data/_workings/resource/GTEv8//GTExv8.EUR.Brain_Hippocampus/ENSG00000218739.9.wgt.RDat	ENSG00000218739.9	2	37196487	37196488	0.2738	rs10165975	-4.17	rs10206380	0.20368	5.65	0.09173	501	6	enet	0.1	4.5e-05	0.05858	0.953
Brain_Hippocampus	/media/kame/Data/_workings/resource/GTEv8//GTExv8.EUR.Brain_Hippocampus/ENSG00000115816.14.wgt.RDat	ENSG00000115816.14	2	37231629	37231630	0.1819	rs10165975	-4.17	rs12712528	0.081289	4.54	0.09508	474	12	enet	0.077	0.00035	0.647	0.518
Brain_Hippocampus	/media/kame/Data/_workings/resource/GTEv8//GTExv8.EUR.Brain_Hippocampus/ENSG00000115825.9.wgt.RDat	ENSG00000115825.9	2	37324807	37324808	0.3697	rs10165975	-4.17	rs6730503	0.232024	5.99	-0.04224	466	21	enet	0.15	4e-07	-0.47663	0.634
Brain_Hippocampus	/media/kame/Data/_workings/resource/GTEv8//GTExv8.EUR.Brain_Hippocampus/ENSG00000119787.13.wgt.RDat	ENSG00000119787.13	2	38377284	38377285	0.2388	rs6724418	6.76	rs4670861	0.198497	-5.75	5.61628	476	8	enet	0.2	6.8e-09	-4.68996	2.73e-06
Brain_Hippocampus	/media/kame/Data/_workings/resource/GTEv8//GTExv8.EUR.Brain_Hippocampus/ENSG00000143891.16.wgt.RDat	ENSG00000143891.16	2	38665909	38665910	0.4118	rs6724418	6.76	rs3821023	0.295376	6.75	1.09471	365	5	enet	0.23	3.9e-10	1.03635	0.3
Brain_Hippocampus	/media/kame/Data/_workings/resource/GTEv8//GTExv8.EUR.Brain_Hippocampus/ENSG00000162878.12.wgt.RDat	ENSG00000162878.12	2	42048019	42048020	0.1913	rs2195495	-4.45	rs6544497	0.049577	4.35	0.06736	555	15	enet	0.037	0.011	0.87975	0.379
Brain_Hippocampus	/media/kame/Data/_workings/resource/GTEv8//GTExv8.EUR.Brain_Hippocampus/ENSG00000162881.6.wgt.RDat	ENSG00000162881.6	2	42764260	42764261	0.1462	rs7593137	11.19	rs3816183	0.155762	-5.13	1.47635	464	11	enet	0.11	1.6e-05	-1.09555	0.273
Brain_Hippocampus	/media/kame/Data/_workings/resource/GTEv8//GTExv8.EUR.Brain_Hippocampus/ENSG00000162882.14.wgt.RDat	ENSG00000162882.14	2	42792591	42792592	0.1944	rs7593137	11.19	rs1371404	0.126074	5.28	-1.38905	454	14	enet	0.16	2.6e-07	-1.24679	0.212
Brain_Hippocampus	/media/kame/Data/_workings/resource/GTEv8//GTExv8.EUR.Brain_Hippocampus/ENSG00000226491.1.wgt.RDat	ENSG00000226491.1	2	42798711	42798712	0.1244	rs7593137	11.19	rs12613026	0.016329	4.36	-0.01568	452	14	enet	0.033	0.015	0.73635	0.462
Brain_Hippocampus	/media/kame/Data/_workings/resource/GTEv8//GTExv8.EUR.Brain_Hippocampus/ENSG00000138036.18.wgt.RDat	ENSG00000138036.18	2	43774038	43774039	0.2813	rs17425397	-9.82	rs12468048	0.008557	-4.61	-2.58895	472	29	enet	0.067	8e-04	1.15986	0.246
Brain_Hippocampus	/media/kame/Data/_workings/resource/GTEv8//GTExv8.EUR.Brain_Hippocampus/ENSG00000138095.18.wgt.RDat	ENSG00000138095.18	2	43996004	43996005	0.3912	rs17425397	-9.82	rs6756365	0.224639	6.14	0.11688	506	8	enet	0.15	6.5e-07	-0.05905	0.953
Brain_Hippocampus	/media/kame/Data/_workings/resource/GTEv8//GTExv8.EUR.Brain_Hippocampus/ENSG00000250565.6.wgt.RDat	ENSG00000250565.6	2	46542556	46542557	0.3275	rs12621059	-5.67	rs1868844	0.014268	4.38	0.64813	669	11	enet	0.028	0.022	-0.40105	0.688
Brain_Hippocampus	/media/kame/Data/_workings/resource/GTEv8//GTExv8.EUR.Brain_Hippocampus/ENSG00000279254.1.wgt.RDat	ENSG00000279254.1	2	46668869	46668870	0.2355	rs12621059	-5.67	rs4618102	0.128268	-4.95	-3.05975	648	12	enet	0.17	1.5e-07	2.18869	0.0286
Brain_Hippocampus	/media/kame/Data/_workings/resource/GTEv8//GTExv8.EUR.Brain_Hippocampus/ENSG00000180398.11.wgt.RDat	ENSG00000180398.11	2	46941854	46941855	0.4947	rs12621059	-5.67	rs11890177	0.302855	-6.84	1.23542	552	25	enet	0.3	3e-13	-0.93529	0.35
Brain_Hippocampus	/media/kame/Data/_workings/resource/GTEv8//GTExv8.EUR.Brain_Hippocampus/ENSG00000119888.10.wgt.RDat	ENSG00000119888.10	2	47345157	47345158	0.2809	rs12621059	-5.67	rs4953497	0.183284	5.82	-1.75244	506	14	enet	0.14	1.2e-06	-1.94256	0.0521
Brain_Hippocampus	/media/kame/Data/_workings/resource/GTEv8//GTExv8.EUR.Brain_Hippocampus/ENSG00000095002.13.wgt.RDat	ENSG00000095002.13	2	47402968	47402969	0.2736	rs12621059	-5.67	rs7607076	0.068311	4.46	1.55337	473	16	enet	0.052	0.003	1.50546	0.132
Brain_Hippocampus	/media/kame/Data/_workings/resource/GTEv8//GTExv8.EUR.Brain_Hippocampus/ENSG00000170802.15.wgt.RDat	ENSG00000170802.15	2	48314636	48314637	0.5902	rs4538253	-7.12	rs12475492	0.281792	6.57	1.37261	362	11	enet	0.34	2.4e-15	0.52393	0.6
Brain_Hippocampus	/media/kame/Data/_workings/resource/GTEv8//GTExv8.EUR.Brain_Hippocampus/ENSG00000162869.15.wgt.RDat	ENSG00000162869.15	2	48440597	48440598	0.2453	rs4538253	-7.12	rs7570877	0.049629	4.35	-3.0291	430	10	enet	0.00094	0.29	-2.514	0.0119
Brain_Hippocampus	/media/kame/Data/_workings/resource/GTEv8//GTExv8.EUR.Brain_Hippocampus/ENSG00000243244.5.wgt.RDat	ENSG00000243244.5	2	48530170	48530171	0.3792	rs4538253	-7.12	rs11125176	0.211981	5.91	-0.95476	479	32	enet	0.25	4.5e-11	1.2095	0.226
Brain_Hippocampus	/media/kame/Data/_workings/resource/GTEv8//GTExv8.EUR.Brain_Hippocampus/ENSG00000242441.7.wgt.RDat	ENSG00000242441.7	2	48617797	48617798	0.4208	rs4538253	-7.12	rs2140551	0.311039	-6.88	-0.21974	518	12	enet	0.3	3.7e-13	-0.93222	0.351
Brain_Hippocampus	/media/kame/Data/_workings/resource/GTEv8//GTExv8.EUR.Brain_Hippocampus/ENSG00000233266.1.wgt.RDat	ENSG00000233266.1	2	54051333	54051334	0.3733	rs10176342	-5.36	rs6721970	0.219335	6.56	-0.41089	449	14	enet	0.21	1.5e-09	-0.41667	0.677
Brain_Hippocampus	/media/kame/Data/_workings/resource/GTEv8//GTExv8.EUR.Brain_Hippocampus/ENSG00000115306.15.wgt.RDat	ENSG00000115306.15	2	54456284	54456285	0.2959	rs10176342	-5.36	rs4557016	0.153087	-5.58	-1.35719	525	7	enet	0.15	8.7e-07	1.44397	0.149
Brain_Hippocampus	/media/kame/Data/_workings/resource/GTEv8//GTExv8.EUR.Brain_Hippocampus/ENSG00000237887.1.wgt.RDat	ENSG00000237887.1	2	54529342	54529343	0.4573	rs10176342	-5.36	rs6761398	0.008259	4.56	0.49594	548	55	enet	0.13	2.5e-06	0.59432	0.552
Brain_Hippocampus	/media/kame/Data/_workings/resource/GTEv8//GTExv8.EUR.Brain_Hippocampus/ENSG00000162994.15.wgt.RDat	ENSG00000162994.15	2	55232353	55232354	0.4331	rs723975	5.26	rs4435493	0.282575	6.56	-0.0097	493	4	enet	0.24	1.4e-10	0.29252	0.77
Brain_Hippocampus	/media/kame/Data/_workings/resource/GTEv8//GTExv8.EUR.Brain_Hippocampus/ENSG00000162997.15.wgt.RDat	ENSG00000162997.15	2	55282318	55282319	0.165	rs723975	5.26	rs17046413	-0.003587	3.9	3.51082	480	21	enet	0.022	0.038	1.59121	0.112
Brain_Hippocampus	/media/kame/Data/_workings/resource/GTEv8//GTExv8.EUR.Brain_Hippocampus/ENSG00000028116.16.wgt.RDat	ENSG00000028116.16	2	57907650	57907651	0.2498	rs11682175	9.31	rs11903456	0.085942	-3.94	0.50723	381	42	enet	0.0013	0.28	-1.69353	0.0904
Brain_Hippocampus	/media/kame/Data/_workings/resource/GTEv8//GTExv8.EUR.Brain_Hippocampus/ENSG00000237651.6.wgt.RDat	ENSG00000237651.6	2	61145067	61145068	0.5138	rs7591402	9.81	rs720201	0.503791	8.99	1.63456	314	11	enet	0.53	4.9e-26	1.88704	0.0592
Brain_Hippocampus	/media/kame/Data/_workings/resource/GTEv8//GTExv8.EUR.Brain_Hippocampus/ENSG00000173209.22.wgt.RDat	ENSG00000173209.22	2	61177417	61177418	0.6966	rs7591402	9.81	rs2167565	0.459994	-8.7	-0.45633	305	23	enet	0.52	1.3e-25	0.12038	0.904
Brain_Hippocampus	/media/kame/Data/_workings/resource/GTEv8//GTExv8.EUR.Brain_Hippocampus/ENSG00000273302.1.wgt.RDat	ENSG00000273302.1	2	61199978	61199979	0.2263	rs7591402	9.81	rs2441381	0.144165	-5.42	-5.3656	303	27	enet	0.12	9.7e-06	1.87779	0.0604
Brain_Hippocampus	/media/kame/Data/_workings/resource/GTEv8//GTExv8.EUR.Brain_Hippocampus/ENSG00000270820.5.wgt.RDat	ENSG00000270820.5	2	61471187	61471188	0.0913	rs7591402	9.81	rs4430924	0.016138	-3.65	-1.15966	299	14	enet	0.042	0.0066	0.33138	0.74
Brain_Hippocampus	/media/kame/Data/_workings/resource/GTEv8//GTExv8.EUR.Brain_Hippocampus/ENSG00000225889.7.wgt.RDat	ENSG00000225889.7	2	64143238	64143239	0.3678	rs17619012	8.98	rs1358624	0.012993	4.6	-1.05713	394	22	enet	0.12	9.6e-06	-0.31416	0.753
Brain_Hippocampus	/media/kame/Data/_workings/resource/GTEv8//GTExv8.EUR.Brain_Hippocampus/ENSG00000281920.1.wgt.RDat	ENSG00000281920.1	2	65623271	65623272	0.3559	rs1843136	-5.31	rs10198243	0.021643	4.39	1.07918	544	48	enet	0.11	2.6e-05	-0.01292	0.99
Brain_Hippocampus	/media/kame/Data/_workings/resource/GTEv8//GTExv8.EUR.Brain_Hippocampus/ENSG00000115946.7.wgt.RDat	ENSG00000115946.7	2	68157843	68157844	0.2094	rs6741945	9.09	rs12691190	0.044315	-3.77	-1.32929	521	18	enet	-0.00046	0.34	0.38441	0.701
Brain_Hippocampus	/media/kame/Data/_workings/resource/GTEv8//GTExv8.EUR.Brain_Hippocampus/ENSG00000198380.12.wgt.RDat	ENSG00000198380.12	2	69387253	69387254	0.1097	rs7572000	3.81	rs4284873	0.083289	-4.3	-0.44083	404	6	enet	0.054	0.0024	0.5772	0.564
Brain_Hippocampus	/media/kame/Data/_workings/resource/GTEv8//GTExv8.EUR.Brain_Hippocampus/ENSG00000124380.10.wgt.RDat	ENSG00000124380.10	2	69893559	69893560	0.3027	rs7572000	3.81	rs2168115	0.189052	-6.52	-0.1355	321	25	enet	0.21	2.2e-09	0.19218	0.848
Brain_Hippocampus	/media/kame/Data/_workings/resource/GTEv8//GTExv8.EUR.Brain_Hippocampus/ENSG00000163235.15.wgt.RDat	ENSG00000163235.15	2	70554192	70554193	0.24	rs472384	-5.22	rs2902345	-0.00651	-3.64	-1.92279	510	31	enet	0.00058	0.3	-0.14831	0.882
Brain_Hippocampus	/media/kame/Data/_workings/resource/GTEv8//GTExv8.EUR.Brain_Hippocampus/ENSG00000135632.11.wgt.RDat	ENSG00000135632.11	2	73214221	73214222	0.3262	rs10196456	-4.69	rs17348756	0.103821	-5.09	0.45842	267	17	enet	0.11	2.3e-05	-0.62349	0.533
Brain_Hippocampus	/media/kame/Data/_workings/resource/GTEv8//GTExv8.EUR.Brain_Hippocampus/ENSG00000257800.1.wgt.RDat	ENSG00000257800.1	2	74120679	74120680	0.5846	rs7593050	3.43	rs828844	0.321064	7.17	-0.7944	359	17	enet	0.28	2.3e-12	-1.52546	0.127
Brain_Hippocampus	/media/kame/Data/_workings/resource/GTEv8//GTExv8.EUR.Brain_Hippocampus/ENSG00000217702.2.wgt.RDat	ENSG00000217702.2	2	74130582	74130583	0.8514	rs7593050	3.43	rs4429500	0.505352	8.78	-0.80394	360	12	enet	0.47	2e-22	-0.73587	0.462
Brain_Hippocampus	/media/kame/Data/_workings/resource/GTEv8//GTExv8.EUR.Brain_Hippocampus/ENSG00000188687.17.wgt.RDat	ENSG00000188687.17	2	74343413	74343414	0.3323	rs7593050	3.43	rs11555696	0.093876	4.45	-0.22652	395	16	enet	0.091	1e-04	-0.66871	0.504
Brain_Hippocampus	/media/kame/Data/_workings/resource/GTEv8//GTExv8.EUR.Brain_Hippocampus/ENSG00000115275.11.wgt.RDat	ENSG00000115275.11	2	74465409	74465410	0.1695	rs7593050	3.43	rs1063588	0.001965	3.56	0.41359	377	8	enet	0.028	0.023	0.08107	0.935
Brain_Hippocampus	/media/kame/Data/_workings/resource/GTEv8//GTExv8.EUR.Brain_Hippocampus/ENSG00000204792.2.wgt.RDat	ENSG00000204792.2	2	74918147	74918148	0.6509	rs3771853	3.21	rs12713820	0.492908	8.6	-1.64084	452	55	enet	0.44	1.6e-20	-1.30655	0.191
Brain_Hippocampus	/media/kame/Data/_workings/resource/GTEv8//GTExv8.EUR.Brain_Hippocampus/ENSG00000236209.1.wgt.RDat	ENSG00000236209.1	2	74924845	74924846	0.5074	rs3771853	3.21	rs12713820	0.304778	7.19	-1.64084	452	12	enet	0.27	7.6e-12	-1.27478	0.202
Brain_Hippocampus	/media/kame/Data/_workings/resource/GTEv8//GTExv8.EUR.Brain_Hippocampus/ENSG00000115350.11.wgt.RDat	ENSG00000115350.11	2	74958491	74958492	0.2888	rs3771853	3.21	rs10515918	0.085391	4.45	-0.34476	466	23	enet	0.15	4.1e-07	-0.22657	0.821
Brain_Hippocampus	/media/kame/Data/_workings/resource/GTEv8//GTExv8.EUR.Brain_Hippocampus/ENSG00000115364.13.wgt.RDat	ENSG00000115364.13	2	75646782	75646783	0.6458	rs3771853	3.21	rs17689863	0.572083	-9.41	0.07895	531	15	enet	0.57	3.6e-29	-0.03091	0.975
Brain_Hippocampus	/media/kame/Data/_workings/resource/GTEv8//GTExv8.EUR.Brain_Hippocampus/ENSG00000270462.1.wgt.RDat	ENSG00000270462.1	2	75697582	75697583	0.2727	rs1440882	3.44	rs1017051	0.097404	-4.61	0.88868	526	11	enet	0.042	0.0069	-0.72158	0.471
Brain_Hippocampus	/media/kame/Data/_workings/resource/GTEv8//GTExv8.EUR.Brain_Hippocampus/ENSG00000042493.15.wgt.RDat	ENSG00000042493.15	2	85418431	85418432	0.363	rs6750610	-5.78	rs11696093	0.025899	4.63	1.10763	456	37	enet	0.11	3.1e-05	0.43502	0.664
Brain_Hippocampus	/media/kame/Data/_workings/resource/GTEv8//GTExv8.EUR.Brain_Hippocampus/ENSG00000152292.16.wgt.RDat	ENSG00000152292.16	2	85418720	85418721	0.3404	rs6750610	-5.78	rs10460585	0.075193	-5.23	0.82784	457	14	enet	0.11	2.8e-05	-0.63196	0.527
Brain_Hippocampus	/media/kame/Data/_workings/resource/GTEv8//GTExv8.EUR.Brain_Hippocampus/ENSG00000115486.11.wgt.RDat	ENSG00000115486.11	2	85561546	85561547	0.3133	rs6750610	-5.78	rs2028900	0.22584	6.07	-0.72924	472	13	enet	0.2	4.5e-09	-0.56267	0.574
Brain_Hippocampus	/media/kame/Data/_workings/resource/GTEv8//GTExv8.EUR.Brain_Hippocampus/ENSG00000115523.16.wgt.RDat	ENSG00000115523.16	2	85694290	85694291	0.3798	rs6750610	-5.78	rs1866140	0.199078	-5.79	0.85799	474	29	enet	0.15	6.3e-07	-0.50381	0.614
Brain_Hippocampus	/media/kame/Data/_workings/resource/GTEv8//GTExv8.EUR.Brain_Hippocampus/ENSG00000272564.1.wgt.RDat	ENSG00000272564.1	2	85904278	85904279	0.208	rs6750610	-5.78	rs2577777	0.061581	-4.93	0.05012	461	20	enet	0.12	1.1e-05	-0.18474	0.853
Brain_Hippocampus	/media/kame/Data/_workings/resource/GTEv8//GTExv8.EUR.Brain_Hippocampus/ENSG00000068654.15.wgt.RDat	ENSG00000068654.15	2	86106154	86106155	0.2771	rs17027163	-5.61	rs7598787	0.146502	-5.15	-0.0247	459	32	enet	0.11	2.9e-05	0.22227	0.824
Brain_Hippocampus	/media/kame/Data/_workings/resource/GTEv8//GTExv8.EUR.Brain_Hippocampus/ENSG00000273080.1.wgt.RDat	ENSG00000273080.1	2	86195770	86195771	0.4912	rs17027163	-5.61	rs7422930	0.252212	6.86	-1.12335	454	45	enet	0.28	2.1e-12	-0.14625	0.884
Brain_Hippocampus	/media/kame/Data/_workings/resource/GTEv8//GTExv8.EUR.Brain_Hippocampus/ENSG00000068615.17.wgt.RDat	ENSG00000068615.17	2	86338082	86338083	0.1851	rs17027163	-5.61	rs2278105	0.081555	4.73	0.05906	419	30	enet	0.057	0.0019	0.41454	0.678
Brain_Hippocampus	/media/kame/Data/_workings/resource/GTEv8//GTExv8.EUR.Brain_Hippocampus/ENSG00000231259.4.wgt.RDat	ENSG00000231259.4	2	87053068	87053069	0.4799	rs7585722	-4.02	rs17041053	0.278929	-6.63	-2.32514	117	5	enet	0.28	2.1e-12	1.94157	0.0522
Brain_Hippocampus	/media/kame/Data/_workings/resource/GTEv8//GTExv8.EUR.Brain_Hippocampus/ENSG00000163586.9.wgt.RDat	ENSG00000163586.9	2	88128115	88128116	0.5438	rs4449134	-4.64	rs2970901	0.373963	-7.61	0.08598	256	18	enet	0.4	2.2e-18	0.27237	0.785
Brain_Hippocampus	/media/kame/Data/_workings/resource/GTEv8//GTExv8.EUR.Brain_Hippocampus/ENSG00000223564.1.wgt.RDat	ENSG00000223564.1	2	94760278	94760279	0.2303	rs2874315	2.72	rs11164111	0.258049	6.28	0.29287	65	7	enet	0.24	1.2e-10	-0.00327	0.997
Brain_Hippocampus	/media/kame/Data/_workings/resource/GTEv8//GTExv8.EUR.Brain_Hippocampus/ENSG00000144026.11.wgt.RDat	ENSG00000144026.11	2	95165412	95165413	0.7285	rs2008501	3.63	rs10184772	0.065113	-5.36	0.80476	114	30	enet	0.3	3.4e-13	-1.36154	0.173
Brain_Hippocampus	/media/kame/Data/_workings/resource/GTEv8//GTExv8.EUR.Brain_Hippocampus/ENSG00000155066.15.wgt.RDat	ENSG00000155066.15	2	95274452	95274453	0.1414	rs17119922	4.54	rs3105099	0.1286	-5.23	0.15518	122	11	enet	0.12	6.2e-06	-0.10023	0.92
Brain_Hippocampus	/media/kame/Data/_workings/resource/GTEv8//GTExv8.EUR.Brain_Hippocampus/ENSG00000115041.12.wgt.RDat	ENSG00000115041.12	2	95297303	95297304	0.1918	rs17119922	4.54	rs6715813	0.103274	5.21	-0.11975	119	14	enet	0.13	4.3e-06	-0.01417	0.989
Brain_Hippocampus	/media/kame/Data/_workings/resource/GTEv8//GTExv8.EUR.Brain_Hippocampus/ENSG00000274286.1.wgt.RDat	ENSG00000274286.1	2	96116244	96116245	0.3372	rs17119922	4.54	rs4907301	0.034401	-3.58	1.15057	138	28	enet	0.078	0.00031	0.759	0.448
Brain_Hippocampus	/media/kame/Data/_workings/resource/GTEv8//GTExv8.EUR.Brain_Hippocampus/ENSG00000144021.2.wgt.RDat	ENSG00000144021.2	2	96266131	96266132	0.106	rs17420101	4.03	rs17420101	0.037532	-4.28	4.02691	155	4	enet	0.054	0.0025	-3.29564	0.000982
Brain_Hippocampus	/media/kame/Data/_workings/resource/GTEv8//GTExv8.EUR.Brain_Hippocampus/ENSG00000198885.9.wgt.RDat	ENSG00000198885.9	2	96325330	96325331	0.2123	rs17420101	4.03	rs7058	0.04481	-3.53	0.0687	163	18	enet	3.6e-05	0.32	-0.28154	0.778
Brain_Hippocampus	/media/kame/Data/_workings/resource/GTEv8//GTExv8.EUR.Brain_Hippocampus/ENSG00000230606.10.wgt.RDat	ENSG00000230606.10	2	97433526	97433527	0.2322	rs10207116	3.35	rs11893601	0.177408	5.83	0.09693	124	17	enet	0.26	2.1e-11	0.08214	0.935
Brain_Hippocampus	/media/kame/Data/_workings/resource/GTEv8//GTExv8.EUR.Brain_Hippocampus/ENSG00000228486.10.wgt.RDat	ENSG00000228486.10	2	97664216	97664217	0.2783	rs10171740	3.48	rs13008503	0.003828	-3.03	0.0404	143	39	enet	0.045	0.0051	0.65492	0.513
Brain_Hippocampus	/media/kame/Data/_workings/resource/GTEv8//GTExv8.EUR.Brain_Hippocampus/ENSG00000115085.13.wgt.RDat	ENSG00000115085.13	2	97713559	97713560	0.2134	rs10207116	3.35	rs11893601	0.15429	5.2	0.09693	166	8	enet	0.072	0.00053	0.18238	0.855
Brain_Hippocampus	/media/kame/Data/_workings/resource/GTEv8//GTExv8.EUR.Brain_Hippocampus/ENSG00000183513.8.wgt.RDat	ENSG00000183513.8	2	98608514	98608515	0.2287	rs1607255	8.38	rs6736755	0.123381	4.96	1.65464	313	14	enet	0.092	9.1e-05	1.50874	0.131
Brain_Hippocampus	/media/kame/Data/_workings/resource/GTEv8//GTExv8.EUR.Brain_Hippocampus/ENSG00000135951.14.wgt.RDat	ENSG00000135951.14	2	99154953	99154954	0.2412	rs1607255	8.38	rs1922624	0.084458	-4.66	0.1127	298	19	enet	0.096	7e-05	0.14336	0.886
Brain_Hippocampus	/media/kame/Data/_workings/resource/GTEv8//GTExv8.EUR.Brain_Hippocampus/ENSG00000144182.16.wgt.RDat	ENSG00000144182.16	2	99154964	99154965	0.1163	rs1607255	8.38	rs11123761	0.137857	-5.13	-0.04156	298	16	enet	0.11	2.4e-05	0.12981	0.897
Brain_Hippocampus	/media/kame/Data/_workings/resource/GTEv8//GTExv8.EUR.Brain_Hippocampus/ENSG00000144214.9.wgt.RDat	ENSG00000144214.9	2	99304741	99304742	0.1642	rs1607255	8.38	rs3087403	0.063489	4.14	1.05203	312	8	enet	0.043	0.0062	1.21081	0.226
Brain_Hippocampus	/media/kame/Data/_workings/resource/GTEv8//GTExv8.EUR.Brain_Hippocampus/ENSG00000144218.18.wgt.RDat	ENSG00000144218.18	2	100142738	100142739	0.201	rs4641958	-6.6	rs4851244	0.163847	5.18	0.02985	457	9	enet	0.16	3.5e-07	-0.72038	0.471
Brain_Hippocampus	/media/kame/Data/_workings/resource/GTEv8//GTExv8.EUR.Brain_Hippocampus/ENSG00000115526.10.wgt.RDat	ENSG00000115526.10	2	100417655	100417656	0.1897	rs870321	7.63	rs11682748	0.029964	4.4	-0.70784	485	18	enet	0.018	0.057	-1.4662	0.143
Brain_Hippocampus	/media/kame/Data/_workings/resource/GTEv8//GTExv8.EUR.Brain_Hippocampus/ENSG00000212283.1.wgt.RDat	ENSG00000212283.1	2	101273048	101273049	0.416	rs2136435	3.52	rs13025261	0.330039	7.12	-0.69885	402	17	enet	0.27	4.5e-12	-0.69059	0.49
Brain_Hippocampus	/media/kame/Data/_workings/resource/GTEv8//GTExv8.EUR.Brain_Hippocampus/ENSG00000163162.8.wgt.RDat	ENSG00000163162.8	2	101308700	101308701	0.3141	rs2136435	3.52	rs17190412	0.189095	-5.41	-1.25069	399	47	enet	0.13	2.7e-06	1.02837	0.304
Brain_Hippocampus	/media/kame/Data/_workings/resource/GTEv8//GTExv8.EUR.Brain_Hippocampus/ENSG00000115594.11.wgt.RDat	ENSG00000115594.11	2	102064543	102064544	0.1841	rs759382	-5.32	rs11688863	-0.000533	3.68	1.48152	516	29	enet	0.033	0.014	-0.39295	0.694
Brain_Hippocampus	/media/kame/Data/_workings/resource/GTEv8//GTExv8.EUR.Brain_Hippocampus/ENSG00000115602.16.wgt.RDat	ENSG00000115602.16	2	102311501	102311502	0.3508	rs759382	-5.32	rs4399750	0.239752	-6.18	0.47491	570	13	enet	0.21	1.4e-09	-0.75378	0.451
Brain_Hippocampus	/media/kame/Data/_workings/resource/GTEv8//GTExv8.EUR.Brain_Hippocampus/ENSG00000115604.10.wgt.RDat	ENSG00000115604.10	2	102355928	102355929	0.4984	rs759382	-5.32	rs4399750	0.399989	-7.85	0.47491	566	28	enet	0.37	1.4e-16	-0.54449	0.586
Brain_Hippocampus	/media/kame/Data/_workings/resource/GTEv8//GTExv8.EUR.Brain_Hippocampus/ENSG00000234389.1.wgt.RDat	ENSG00000234389.1	2	102438712	102438713	0.1935	rs759382	-5.32	rs17027166	0.03576	-3.84	0.78973	557	19	enet	0.0095	0.12	0.38358	0.701
Brain_Hippocampus	/media/kame/Data/_workings/resource/GTEv8//GTExv8.EUR.Brain_Hippocampus/ENSG00000234177.5.wgt.RDat	ENSG00000234177.5	2	104757718	104757719	0.3222	rs17030487	6.21	rs428917	0.207494	6.08	-0.33981	367	17	enet	0.19	1.2e-08	-1.29341	0.196
Brain_Hippocampus	/media/kame/Data/_workings/resource/GTEv8//GTExv8.EUR.Brain_Hippocampus/ENSG00000135972.8.wgt.RDat	ENSG00000135972.8	2	105037982	105037983	0.2567	rs17030487	6.21	rs12611937	0.160069	-5.03	-1.7318	470	13	enet	0.13	3.5e-06	1.95625	0.0504
Brain_Hippocampus	/media/kame/Data/_workings/resource/GTEv8//GTExv8.EUR.Brain_Hippocampus/ENSG00000198203.9.wgt.RDat	ENSG00000198203.9	2	108288638	108288639	0.5496	rs3820957	3.81	rs13410305	0.313066	6.9	-0.55196	318	19	enet	0.23	4.8e-10	-0.80521	0.421
Brain_Hippocampus	/media/kame/Data/_workings/resource/GTEv8//GTExv8.EUR.Brain_Hippocampus/ENSG00000198075.9.wgt.RDat	ENSG00000198075.9	2	108378011	108378012	0.1432	rs3820957	3.81	rs2123694	0.029074	-4.05	-0.26769	319	15	enet	0.043	0.0063	0.9718	0.331
Brain_Hippocampus	/media/kame/Data/_workings/resource/GTEv8//GTExv8.EUR.Brain_Hippocampus/ENSG00000186522.14.wgt.RDat	ENSG00000186522.14	2	109614205	109614206	0.3649	rs10174250	-5.77	rs3923006	0.238186	-6.14	0.63591	264	13	enet	0.17	8.4e-08	-0.94225	0.346
Brain_Hippocampus	/media/kame/Data/_workings/resource/GTEv8//GTExv8.EUR.Brain_Hippocampus/ENSG00000169629.11.wgt.RDat	ENSG00000169629.11	2	112434487	112434488	0.4223	rs17042509	7.55	rs6542056	0.265257	-6.93	0.10197	402	30	enet	0.32	4.2e-14	1.88013	0.0601
Brain_Hippocampus	/media/kame/Data/_workings/resource/GTEv8//GTExv8.EUR.Brain_Hippocampus/ENSG00000125630.15.wgt.RDat	ENSG00000125630.15	2	112541914	112541915	0.5167	rs17042509	7.55	rs13412193	0.292659	6.66	1.1759	395	39	enet	0.24	1.9e-10	0.85739	0.391
Brain_Hippocampus	/media/kame/Data/_workings/resource/GTEv8//GTExv8.EUR.Brain_Hippocampus/ENSG00000243389.1.wgt.RDat	ENSG00000243389.1	2	112614212	112614213	0.2755	rs17042509	7.55	rs3961919	0.022517	4.31	1.36604	441	49	enet	0.029	0.021	-0.71709	0.473
Brain_Hippocampus	/media/kame/Data/_workings/resource/GTEv8//GTExv8.EUR.Brain_Hippocampus/ENSG00000237753.1.wgt.RDat	ENSG00000237753.1	2	112645689	112645690	0.6911	rs17042509	7.55	rs4849088	0.427219	8.24	0.16614	470	28	enet	0.45	6.7e-21	-0.39125	0.696
Brain_Hippocampus	/media/kame/Data/_workings/resource/GTEv8//GTExv8.EUR.Brain_Hippocampus/ENSG00000189223.14.wgt.RDat	ENSG00000189223.14	2	113211521	113211522	0.5343	rs17042509	7.55	rs11123172	0.350588	-7.33	-0.24008	447	31	enet	0.43	5.2e-20	0.85936	0.39
Brain_Hippocampus	/media/kame/Data/_workings/resource/GTEv8//GTExv8.EUR.Brain_Hippocampus/ENSG00000125618.16.wgt.RDat	ENSG00000125618.16	2	113278949	113278950	0.4526	rs17042509	7.55	rs11123172	0.336937	-7.19	-0.24008	449	19	enet	0.37	1e-16	0.64686	0.518
Brain_Hippocampus	/media/kame/Data/_workings/resource/GTEv8//GTExv8.EUR.Brain_Hippocampus/ENSG00000225398.3.wgt.RDat	ENSG00000225398.3	2	113541936	113541937	0.364	rs17046611	4.94	rs4849261	0.19434	5.89	-0.20844	391	28	enet	0.14	9.1e-07	-0.25136	0.802
Brain_Hippocampus	/media/kame/Data/_workings/resource/GTEv8//GTExv8.EUR.Brain_Hippocampus/ENSG00000146556.14.wgt.RDat	ENSG00000146556.14	2	113588549	113588550	0.3523	rs17046611	4.94	rs4849261	0.205423	-6.01	-0.20844	347	31	enet	0.16	1.8e-07	0.25566	0.798
Brain_Hippocampus	/media/kame/Data/_workings/resource/GTEv8//GTExv8.EUR.Brain_Hippocampus/ENSG00000236397.3.wgt.RDat	ENSG00000236397.3	2	113601260	113601261	0.5348	rs17046611	4.94	rs4849261	0.26674	6.91	-0.20844	342	22	enet	0.2	4e-09	-0.41985	0.675
Brain_Hippocampus	/media/kame/Data/_workings/resource/GTEv8//GTExv8.EUR.Brain_Hippocampus/ENSG00000279267.1.wgt.RDat	ENSG00000279267.1	2	113607907	113607908	0.3227	rs17046611	4.94	rs4849261	0.208656	5.84	-0.20844	339	8	enet	0.18	3.4e-08	0.12184	0.903
Brain_Hippocampus	/media/kame/Data/_workings/resource/GTEv8//GTExv8.EUR.Brain_Hippocampus/ENSG00000240356.6.wgt.RDat	ENSG00000240356.6	2	113627089	113627090	0.5572	rs17046611	4.94	rs4849261	0.27596	6.6	-0.20844	324	11	enet	0.22	5.4e-10	-0.35752	0.721
Brain_Hippocampus	/media/kame/Data/_workings/resource/GTEv8//GTExv8.EUR.Brain_Hippocampus/ENSG00000115084.13.wgt.RDat	ENSG00000115084.13	2	113756822	113756823	0.1812	rs17046611	4.94	rs2044686	0.05094	-4.34	-0.04528	309	17	enet	0.045	0.0052	0.03261	0.974
Brain_Hippocampus	/media/kame/Data/_workings/resource/GTEv8//GTExv8.EUR.Brain_Hippocampus/ENSG00000228857.2.wgt.RDat	ENSG00000228857.2	2	113843355	113843356	0.2521	rs17046611	4.94	rs11676646	0.133035	-5.58	-0.03096	287	16	enet	0.16	2.7e-07	-0.56369	0.573
Brain_Hippocampus	/media/kame/Data/_workings/resource/GTEv8//GTExv8.EUR.Brain_Hippocampus/ENSG00000236255.1.wgt.RDat	ENSG00000236255.1	2	117833936	117833937	0.2241	rs4849629	-4.29	rs7581935	0.116384	4.6	-2.72246	465	27	enet	0.077	0.00036	-1.29331	0.196
Brain_Hippocampus	/media/kame/Data/_workings/resource/GTEv8//GTExv8.EUR.Brain_Hippocampus/ENSG00000171227.6.wgt.RDat	ENSG00000171227.6	2	119429900	119429901	0.4676	rs2077344	5.22	rs10188745	0.011587	-4.63	1.47081	422	42	enet	0.086	0.00016	-0.42361	0.672
Brain_Hippocampus	/media/kame/Data/_workings/resource/GTEv8//GTExv8.EUR.Brain_Hippocampus/ENSG00000144120.12.wgt.RDat	ENSG00000144120.12	2	119679166	119679167	0.2773	rs2100076	-3.84	rs4849797	0.135305	5.15	-0.20042	358	3	enet	0.14	1.3e-06	-0.446	0.656
Brain_Hippocampus	/media/kame/Data/_workings/resource/GTEv8//GTExv8.EUR.Brain_Hippocampus/ENSG00000163161.12.wgt.RDat	ENSG00000163161.12	2	127294175	127294176	0.1899	rs705048	-7.03	rs4662713	0.111385	-4.89	-0.17186	456	13	enet	0.064	0.001	0.07769	0.938
Brain_Hippocampus	/media/kame/Data/_workings/resource/GTEv8//GTExv8.EUR.Brain_Hippocampus/ENSG00000236682.1.wgt.RDat	ENSG00000236682.1	2	127389129	127389130	0.8604	rs705048	-7.03	rs4150506	0.616706	9.68	-0.5636	438	28	enet	0.61	3.5e-32	-0.3858	0.7
Brain_Hippocampus	/media/kame/Data/_workings/resource/GTEv8//GTExv8.EUR.Brain_Hippocampus/ENSG00000072163.19.wgt.RDat	ENSG00000072163.19	2	127681785	127681786	0.2242	rs705048	-7.03	rs2109313	-0.001081	-3.42	-4.12299	367	29	enet	0.073	5e-04	1.23503	0.217
Brain_Hippocampus	/media/kame/Data/_workings/resource/GTEv8//GTExv8.EUR.Brain_Hippocampus/ENSG00000144231.10.wgt.RDat	ENSG00000144231.10	2	127858156	127858157	0.1707	rs705048	-7.03	rs3771290	0.176661	5.35	-1.11712	369	6	enet	0.14	2e-06	-0.72209	0.47
Brain_Hippocampus	/media/kame/Data/_workings/resource/GTEv8//GTExv8.EUR.Brain_Hippocampus/ENSG00000214100.8.wgt.RDat	ENSG00000214100.8	2	129934316	129934317	0.4082	rs4622658	-2.57	rs6760544	0.262194	-6.62	-0.16472	286	5	enet	0.23	3.4e-10	0.27392	0.784
Brain_Hippocampus	/media/kame/Data/_workings/resource/GTEv8//GTExv8.EUR.Brain_Hippocampus/ENSG00000225449.3.wgt.RDat	ENSG00000225449.3	2	129979662	129979663	0.7223	rs4622658	-2.57	rs6431119	0.478782	-8.7	-0.33176	255	38	enet	0.49	1.7e-23	0.39291	0.694
Brain_Hippocampus	/media/kame/Data/_workings/resource/GTEv8//GTExv8.EUR.Brain_Hippocampus/ENSG00000222014.5.wgt.RDat	ENSG00000222014.5	2	129980466	129980467	0.6643	rs4622658	-2.57	rs1922633	0.400827	-7.86	-0.25883	255	11	enet	0.37	5.8e-17	0.27225	0.785
Brain_Hippocampus	/media/kame/Data/_workings/resource/GTEv8//GTExv8.EUR.Brain_Hippocampus/ENSG00000180178.10.wgt.RDat	ENSG00000180178.10	2	130051130	130051131	0.1969	rs4622658	-2.57	rs6736324	0.135327	5.05	-0.27366	238	12	enet	0.12	1e-05	-0.24319	0.808
Brain_Hippocampus	/media/kame/Data/_workings/resource/GTEv8//GTExv8.EUR.Brain_Hippocampus/ENSG00000152076.18.wgt.RDat	ENSG00000152076.18	2	130145133	130145134	0.2257	rs4622658	-2.57	rs11684431	0.015001	-4.48	1.13747	186	24	enet	0.024	0.031	-0.71573	0.474
Brain_Hippocampus	/media/kame/Data/_workings/resource/GTEv8//GTExv8.EUR.Brain_Hippocampus/ENSG00000236595.1.wgt.RDat	ENSG00000236595.1	2	130251567	130251568	0.2813	rs17637334	-2.64	rs11695567	0.280207	6.62	0.92253	143	6	enet	0.26	2.6e-11	0.91049	0.363
Brain_Hippocampus	/media/kame/Data/_workings/resource/GTEv8//GTExv8.EUR.Brain_Hippocampus/ENSG00000273073.1.wgt.RDat	ENSG00000273073.1	2	131463614	131463615	0.4482	rs9677376	-5.03	rs7607806	0.156149	4.94	-0.42147	169	26	enet	0.12	7.2e-06	-0.71738	0.473
Brain_Hippocampus	/media/kame/Data/_workings/resource/GTEv8//GTExv8.EUR.Brain_Hippocampus/ENSG00000075886.10.wgt.RDat	ENSG00000075886.10	2	131476092	131476093	0.1649	rs9677376	-5.03	rs12472079	0.118157	-4.4	0.09279	167	13	enet	0.057	0.002	0.25633	0.798
Brain_Hippocampus	/media/kame/Data/_workings/resource/GTEv8//GTExv8.EUR.Brain_Hippocampus/ENSG00000152117.17.wgt.RDat	ENSG00000152117.17	2	131492812	131492813	0.7587	rs9677376	-5.03	rs10171879	0.46586	-8.38	-3.78186	164	21	enet	0.46	8.4e-22	2.51389	0.0119
Brain_Hippocampus	/media/kame/Data/_workings/resource/GTEv8//GTExv8.EUR.Brain_Hippocampus/ENSG00000163040.14.wgt.RDat	ENSG00000163040.14	2	131527832	131527833	0.1895	rs9677376	-5.03	rs7565546	0.151467	-4.91	-0.91956	155	9	enet	0.09	0.00012	1.28645	0.198
Brain_Hippocampus	/media/kame/Data/_workings/resource/GTEv8//GTExv8.EUR.Brain_Hippocampus/ENSG00000163046.15.wgt.RDat	ENSG00000163046.15	2	132257968	132257969	0.4671	rs4468865	-5.77	rs4410338	0.216744	-6.39	-0.81319	262	9	enet	0.23	2.8e-10	0.9895	0.322
Brain_Hippocampus	/media/kame/Data/_workings/resource/GTEv8//GTExv8.EUR.Brain_Hippocampus/ENSG00000144224.16.wgt.RDat	ENSG00000144224.16	2	135741618	135741619	0.1149	rs17382372	-3.84	rs2304371	0.078205	-3.99	-1.76007	243	8	enet	0.052	0.0029	0.65774	0.511
Brain_Hippocampus	/media/kame/Data/_workings/resource/GTEv8//GTExv8.EUR.Brain_Hippocampus/ENSG00000231758.2.wgt.RDat	ENSG00000231758.2	2	143656178	143656179	0.2439	rs13405986	10.69	rs1035271	0.133582	5.25	0.46261	397	32	enet	0.098	5.5e-05	0.04936	0.961
Brain_Hippocampus	/media/kame/Data/_workings/resource/GTEv8//GTExv8.EUR.Brain_Hippocampus/ENSG00000080345.17.wgt.RDat	ENSG00000080345.17	2	151409882	151409883	0.2008	rs3845844	6.64	rs2444256	0.062153	-4.25	0.24843	398	17	enet	-0.0041	0.53	-0.41531	0.678
Brain_Hippocampus	/media/kame/Data/_workings/resource/GTEv8//GTExv8.EUR.Brain_Hippocampus/ENSG00000196151.10.wgt.RDat	ENSG00000196151.10	2	159286798	159286799	0.4669	rs888628	3.51	rs6761921	0.316953	-6.94	-0.12919	425	52	enet	0.27	6.9e-12	0.8345	0.404
Brain_Hippocampus	/media/kame/Data/_workings/resource/GTEv8//GTExv8.EUR.Brain_Hippocampus/ENSG00000054219.10.wgt.RDat	ENSG00000054219.10	2	159904748	159904749	0.2822	rs4619557	4.68	rs3806603	0.184064	-5.93	-0.36429	444	21	enet	0.17	1.2e-07	-0.04055	0.968
Brain_Hippocampus	/media/kame/Data/_workings/resource/GTEv8//GTExv8.EUR.Brain_Hippocampus/ENSG00000082438.15.wgt.RDat	ENSG00000082438.15	2	164843678	164843679	0.1781	rs10184275	-8.13	rs355900	0.048539	-3.98	2.25524	374	13	enet	0.014	0.08	-2.34144	0.0192
Brain_Hippocampus	/media/kame/Data/_workings/resource/GTEv8//GTExv8.EUR.Brain_Hippocampus/ENSG00000115339.13.wgt.RDat	ENSG00000115339.13	2	165794681	165794682	0.4988	rs17187636	-6.89	rs717027	0.024368	-4.27	0.95595	433	56	enet	0.17	1.1e-07	0.66263	0.508
Brain_Hippocampus	/media/kame/Data/_workings/resource/GTEv8//GTExv8.EUR.Brain_Hippocampus/ENSG00000144285.17.wgt.RDat	ENSG00000144285.17	2	166149179	166149180	0.2011	rs16850978	-5.38	rs17769186	0.073136	-3.92	0.0102	424	8	enet	0.023	0.035	-0.29786	0.766
Brain_Hippocampus	/media/kame/Data/_workings/resource/GTEv8//GTExv8.EUR.Brain_Hippocampus/ENSG00000136546.13.wgt.RDat	ENSG00000136546.13	2	166494246	166494247	0.1987	rs487374	3.95	rs12479266	0.078272	-3.98	-1.04812	427	6	enet	0.0019	0.26	0.78855	0.43
Brain_Hippocampus	/media/kame/Data/_workings/resource/GTEv8//GTExv8.EUR.Brain_Hippocampus/ENSG00000163072.15.wgt.RDat	ENSG00000163072.15	2	168786538	168786539	0.2298	rs540524	-5.4	rs529002	0.068753	-4.1	-1.6375	574	4	enet	0.032	0.016	1.8322	0.0669
Brain_Hippocampus	/media/kame/Data/_workings/resource/GTEv8//GTExv8.EUR.Brain_Hippocampus/ENSG00000138399.17.wgt.RDat	ENSG00000138399.17	2	169573874	169573875	0.3768	rs6725137	-4.07	rs746271	0.175742	5.52	-0.47914	432	39	enet	0.14	1.6e-06	0.04589	0.963
Brain_Hippocampus	/media/kame/Data/_workings/resource/GTEv8//GTExv8.EUR.Brain_Hippocampus/ENSG00000154479.12.wgt.RDat	ENSG00000154479.12	2	169694432	169694433	0.2382	rs6725137	-4.07	rs3769771	0.136345	-4.63	1.01073	466	8	enet	0.088	0.00014	-0.3334	0.739
Brain_Hippocampus	/media/kame/Data/_workings/resource/GTEv8//GTExv8.EUR.Brain_Hippocampus/ENSG00000213981.8.wgt.RDat	ENSG00000213981.8	2	170695373	170695374	0.185	rs4668302	-5.26	rs2356232	-0.002181	-3.53	-3.52661	471	28	enet	0.0062	0.17	3.06626	0.00217
Brain_Hippocampus	/media/kame/Data/_workings/resource/GTEv8//GTExv8.EUR.Brain_Hippocampus/ENSG00000071967.11.wgt.RDat	ENSG00000071967.11	2	171522246	171522247	0.3774	rs7580132	-5.61	rs3821083	0.098596	-5.22	-2.85193	359	19	enet	0.15	7.6e-07	1.89262	0.0584
Brain_Hippocampus	/media/kame/Data/_workings/resource/GTEv8//GTExv8.EUR.Brain_Hippocampus/ENSG00000077380.15.wgt.RDat	ENSG00000077380.15	2	171687408	171687409	0.174	rs7580132	-5.61	rs12692976	-0.002561	3.24	-4.86094	384	20	enet	0.0012	0.28	-0.96645	0.334
Brain_Hippocampus	/media/kame/Data/_workings/resource/GTEv8//GTExv8.EUR.Brain_Hippocampus/ENSG00000115840.13.wgt.RDat	ENSG00000115840.13	2	171991441	171991442	0.1793	rs7580132	-5.61	rs6433323	0.066633	4.02	0.0794	474	5	enet	0.017	0.06	-0.83485	0.404
Brain_Hippocampus	/media/kame/Data/_workings/resource/GTEv8//GTExv8.EUR.Brain_Hippocampus/ENSG00000172878.13.wgt.RDat	ENSG00000172878.13	2	171999582	171999583	0.1713	rs7580132	-5.61	rs6433323	0.001383	-3.64	0.0794	471	12	enet	0.029	0.021	-0.22744	0.82
Brain_Hippocampus	/media/kame/Data/_workings/resource/GTEv8//GTExv8.EUR.Brain_Hippocampus/ENSG00000115935.17.wgt.RDat	ENSG00000115935.17	2	174682915	174682916	0.5499	rs4378760	3.11	rs11675139	0.285702	6.67	0.94445	329	19	enet	0.26	1.8e-11	0.66469	0.506
Brain_Hippocampus	/media/kame/Data/_workings/resource/GTEv8//GTExv8.EUR.Brain_Hippocampus/ENSG00000226363.3.wgt.RDat	ENSG00000226363.3	2	176178424	176178425	0.2364	rs921084	3.91	rs1446575	0.197808	-5.85	0.28194	463	8	enet	0.17	6.2e-08	-0.39295	0.694
Brain_Hippocampus	/media/kame/Data/_workings/resource/GTEv8//GTExv8.EUR.Brain_Hippocampus/ENSG00000018510.13.wgt.RDat	ENSG00000018510.13	2	177392697	177392698	0.2618	rs1405718	7.41	rs6734528	0.032065	3.06	6.47496	461	21	enet	-0.0065	0.85	3.03133	0.00243
Brain_Hippocampus	/media/kame/Data/_workings/resource/GTEv8//GTExv8.EUR.Brain_Hippocampus/ENSG00000079156.16.wgt.RDat	ENSG00000079156.16	2	178194480	178194481	0.2451	rs11690740	6.88	rs13026251	-0.002586	3.75	0.50858	423	41	enet	0.068	0.00072	-0.95649	0.339
Brain_Hippocampus	/media/kame/Data/_workings/resource/GTEv8//GTExv8.EUR.Brain_Hippocampus/ENSG00000115252.18.wgt.RDat	ENSG00000115252.18	2	182523191	182523192	0.3188	rs1196069	-7.45	rs4490143	0.266093	6.93	0.00168	425	12	enet	0.26	1.5e-11	0.21531	0.83
Brain_Hippocampus	/media/kame/Data/_workings/resource/GTEv8//GTExv8.EUR.Brain_Hippocampus/ENSG00000163002.12.wgt.RDat	ENSG00000163002.12	2	183117512	183117513	0.2126	rs16824240	3.74	rs2705730	0.047099	-4.31	-0.29273	379	23	enet	0.097	6.1e-05	0.8921	0.372
Brain_Hippocampus	/media/kame/Data/_workings/resource/GTEv8//GTExv8.EUR.Brain_Hippocampus/ENSG00000226747.6.wgt.RDat	ENSG00000226747.6	2	185740478	185740479	0.6073	rs12622713	3.9	rs2193612	0.285857	8.14	0.11345	293	22	enet	0.35	1e-15	0.04708	0.962
Brain_Hippocampus	/media/kame/Data/_workings/resource/GTEv8//GTExv8.EUR.Brain_Hippocampus/ENSG00000259915.2.wgt.RDat	ENSG00000259915.2	2	186356772	186356773	0.2019	rs2595380	-3.87	rs6754898	0.16242	5.85	-0.12619	295	35	enet	0.2	5.9e-09	0.14925	0.881
Brain_Hippocampus	/media/kame/Data/_workings/resource/GTEv8//GTExv8.EUR.Brain_Hippocampus/ENSG00000138448.11.wgt.RDat	ENSG00000138448.11	2	186590064	186590065	0.1456	rs2595380	-3.87	rs3911239	0.037813	3.97	0.01965	279	18	enet	0.0054	0.18	-0.24116	0.809
Brain_Hippocampus	/media/kame/Data/_workings/resource/GTEv8//GTExv8.EUR.Brain_Hippocampus/ENSG00000115368.9.wgt.RDat	ENSG00000115368.9	2	189441432	189441433	0.3763	rs10497704	4.47	rs13423654	0.185721	-5.58	-0.15442	307	21	enet	0.11	1.7e-05	0.19183	0.848
Brain_Hippocampus	/media/kame/Data/_workings/resource/GTEv8//GTExv8.EUR.Brain_Hippocampus/ENSG00000138449.10.wgt.RDat	ENSG00000138449.10	2	189583757	189583758	0.2337	rs10497704	4.47	rs1123110	0.037473	4.24	0.19406	275	15	enet	0.085	0.00017	1.99145	0.0464
Brain_Hippocampus	/media/kame/Data/_workings/resource/GTEv8//GTExv8.EUR.Brain_Hippocampus/ENSG00000138381.9.wgt.RDat	ENSG00000138381.9	2	189661384	189661385	0.3705	rs10497704	4.47	rs2289226	0.194034	-6.44	0.44988	290	11	enet	0.19	1.3e-08	-0.43421	0.664
Brain_Hippocampus	/media/kame/Data/_workings/resource/GTEv8//GTExv8.EUR.Brain_Hippocampus/ENSG00000273240.1.wgt.RDat	ENSG00000273240.1	2	189764455	189764456	0.3311	rs10497704	4.47	rs1055091	0.219846	-5.94	0.65107	314	11	enet	0.19	1.3e-08	-0.95081	0.342
Brain_Hippocampus	/media/kame/Data/_workings/resource/GTEv8//GTExv8.EUR.Brain_Hippocampus/ENSG00000128699.13.wgt.RDat	ENSG00000128699.13	2	189783572	189783573	0.2287	rs10497704	4.47	rs2289226	0.186459	5.66	0.44988	311	39	enet	0.14	1.2e-06	0.65452	0.513
Brain_Hippocampus	/media/kame/Data/_workings/resource/GTEv8//GTExv8.EUR.Brain_Hippocampus/ENSG00000198130.15.wgt.RDat	ENSG00000198130.15	2	190320044	190320045	0.4761	rs1558471	-3.47	rs2664253	0.309389	-6.89	0.10664	338	12	enet	0.28	1.4e-12	-0.38359	0.701
Brain_Hippocampus	/media/kame/Data/_workings/resource/GTEv8//GTExv8.EUR.Brain_Hippocampus/ENSG00000151689.12.wgt.RDat	ENSG00000151689.12	2	190343469	190343470	0.2294	rs1558471	-3.47	rs1882892	0.186657	5.43	1.87508	339	25	enet	0.16	2.4e-07	1.63541	0.102
Brain_Hippocampus	/media/kame/Data/_workings/resource/GTEv8//GTExv8.EUR.Brain_Hippocampus/ENSG00000151690.14.wgt.RDat	ENSG00000151690.14	2	190408354	190408355	0.3947	rs1558471	-3.47	rs12472081	0.104005	4.95	2.44513	340	14	enet	0.15	6e-07	0.90731	0.364
Brain_Hippocampus	/media/kame/Data/_workings/resource/GTEv8//GTExv8.EUR.Brain_Hippocampus/ENSG00000187944.2.wgt.RDat	ENSG00000187944.2	2	196810275	196810276	0.1451	rs2697300	-2.98	rs7587067	-0.000821	-3.5	0.73809	385	30	enet	-0.0062	0.78	0.75424	0.451
Brain_Hippocampus	/media/kame/Data/_workings/resource/GTEv8//GTExv8.EUR.Brain_Hippocampus/ENSG00000213938.3.wgt.RDat	ENSG00000213938.3	2	199659550	199659551	0.355	rs6726276	5.84	rs10184573	0.029839	3.69	0.75489	279	20	enet	0.14	1.1e-06	-0.14155	0.887
Brain_Hippocampus	/media/kame/Data/_workings/resource/GTEv8//GTExv8.EUR.Brain_Hippocampus/ENSG00000226124.6.wgt.RDat	ENSG00000226124.6	2	199851172	199851173	0.34	rs6726276	5.84	rs6759018	0.287783	7.01	0.59108	310	12	enet	0.27	4.3e-12	0.61394	0.539
Brain_Hippocampus	/media/kame/Data/_workings/resource/GTEv8//GTExv8.EUR.Brain_Hippocampus/ENSG00000162971.10.wgt.RDat	ENSG00000162971.10	2	199948471	199948472	0.2034	rs893355	-7.48	rs166849	0.117941	-4.73	-0.01159	355	18	enet	0.11	1.5e-05	-1.12568	0.26
Brain_Hippocampus	/media/kame/Data/_workings/resource/GTEv8//GTExv8.EUR.Brain_Hippocampus/ENSG00000237166.1.wgt.RDat	ENSG00000237166.1	2	200735176	200735177	0.2173	rs893355	-7.48	rs11686992	0.15898	-5.28	0.39597	473	7	enet	0.09	0.00011	-0.38274	0.702
Brain_Hippocampus	/media/kame/Data/_workings/resource/GTEv8//GTExv8.EUR.Brain_Hippocampus/ENSG00000240344.8.wgt.RDat	ENSG00000240344.8	2	200889302	200889303	0.5543	rs893355	-7.48	rs2136600	0.538489	-9.12	-0.64784	448	22	enet	0.55	6.3e-28	0.18349	0.854
Brain_Hippocampus	/media/kame/Data/_workings/resource/GTEv8//GTExv8.EUR.Brain_Hippocampus/ENSG00000064012.21.wgt.RDat	ENSG00000064012.21	2	201233442	201233443	0.124	rs17468821	-5.65	rs10931936	0.040619	4.17	0.00245	349	11	enet	-0.0024	0.42	0.28105	0.779
Brain_Hippocampus	/media/kame/Data/_workings/resource/GTEv8//GTExv8.EUR.Brain_Hippocampus/ENSG00000155749.12.wgt.RDat	ENSG00000155749.12	2	201357397	201357398	0.2857	rs17468821	-5.65	rs10201587	0.118167	4.71	-0.15594	345	20	enet	0.047	0.0044	0.27263	0.785
Brain_Hippocampus	/media/kame/Data/_workings/resource/GTEv8//GTExv8.EUR.Brain_Hippocampus/ENSG00000003393.14.wgt.RDat	ENSG00000003393.14	2	201781188	201781189	0.1648	rs17468821	-5.65	rs10211223	0.118375	-4.33	-0.71028	420	10	enet	0.075	0.00042	1.28248	0.2
Brain_Hippocampus	/media/kame/Data/_workings/resource/GTEv8//GTExv8.EUR.Brain_Hippocampus/ENSG00000023228.13.wgt.RDat	ENSG00000023228.13	2	206159583	206159584	0.3008	rs12478085	-7.95	rs752919	0.143276	-5.52	-1.66673	415	25	enet	0.14	2e-06	2.03904	0.0414
Brain_Hippocampus	/media/kame/Data/_workings/resource/GTEv8//GTExv8.EUR.Brain_Hippocampus/ENSG00000138400.12.wgt.RDat	ENSG00000138400.12	2	206765355	206765356	0.2659	rs3770976	7	rs3828294	0.095485	4.92	-0.13104	480	28	enet	0.091	0.00011	-0.42096	0.674
Brain_Hippocampus	/media/kame/Data/_workings/resource/GTEv8//GTExv8.EUR.Brain_Hippocampus/ENSG00000168582.4.wgt.RDat	ENSG00000168582.4	2	208163575	208163576	0.432	rs1055229	-6.32	rs6750890	0.075861	-3.99	-0.2687	379	24	enet	0.051	0.0031	-0.07406	0.941
Brain_Hippocampus	/media/kame/Data/_workings/resource/GTEv8//GTExv8.EUR.Brain_Hippocampus/ENSG00000188674.10.wgt.RDat	ENSG00000188674.10	2	208190072	208190073	0.3006	rs6746145	-4.57	rs11890150	0.121471	4.51	0.93713	378	10	enet	0.046	0.0046	0.01404	0.989
Brain_Hippocampus	/media/kame/Data/_workings/resource/GTEv8//GTExv8.EUR.Brain_Hippocampus/ENSG00000231908.1.wgt.RDat	ENSG00000231908.1	2	208255246	208255247	0.2183	rs7603124	-4.93	rs7580611	0.101298	4.87	-0.61426	373	10	enet	0.11	1.8e-05	-0.0557	0.956
Brain_Hippocampus	/media/kame/Data/_workings/resource/GTEv8//GTExv8.EUR.Brain_Hippocampus/ENSG00000138376.10.wgt.RDat	ENSG00000138376.10	2	214809710	214809711	0.2034	rs7586962	5.31	rs7584646	0.084283	-4.49	0.53874	427	17	enet	0.056	0.002	-0.07741	0.938
Brain_Hippocampus	/media/kame/Data/_workings/resource/GTEv8//GTExv8.EUR.Brain_Hippocampus/ENSG00000138363.14.wgt.RDat	ENSG00000138363.14	2	215311816	215311817	0.5605	rs1525351	-4.17	rs16853834	0.256786	6.58	-1.88614	461	17	enet	0.26	1.5e-11	-0.96962	0.332
Brain_Hippocampus	/media/kame/Data/_workings/resource/GTEv8//GTExv8.EUR.Brain_Hippocampus/ENSG00000260804.3.wgt.RDat	ENSG00000260804.3	2	216217044	216217045	0.4666	rs2738278	-4.15	rs1805382	0.229499	6.11	-0.06708	493	37	enet	0.18	4.5e-08	0.75062	0.453
Brain_Hippocampus	/media/kame/Data/_workings/resource/GTEv8//GTExv8.EUR.Brain_Hippocampus/ENSG00000261338.2.wgt.RDat	ENSG00000261338.2	2	218255318	218255319	0.5325	rs4674332	-8.43	rs736730	0.477016	-8.56	-0.2761	445	19	enet	0.41	4.4e-19	0.48427	0.628
Brain_Hippocampus	/media/kame/Data/_workings/resource/GTEv8//GTExv8.EUR.Brain_Hippocampus/ENSG00000115556.13.wgt.RDat	ENSG00000115556.13	2	218607764	218607765	0.1642	rs13023540	15.13	rs6709815	0.047608	4.41	-3.60359	365	19	enet	0.012	0.092	-1.37884	0.168
Brain_Hippocampus	/media/kame/Data/_workings/resource/GTEv8//GTExv8.EUR.Brain_Hippocampus/ENSG00000273466.1.wgt.RDat	ENSG00000273466.1	2	218634013	218634014	0.1766	rs13023540	15.11	rs10171839	0.012539	3.57	0.01009	373	52	enet	-0.0067	0.94	2.62907	0.00856
Brain_Hippocampus	/media/kame/Data/_workings/resource/GTEv8//GTExv8.EUR.Brain_Hippocampus/ENSG00000115649.15.wgt.RDat	ENSG00000115649.15	2	219177921	219177922	0.3937	rs13023540	17.55	rs13029742	0.276841	-6.74	2.09583	369	9	enet	0.26	2.2e-11	-2.43663	0.0148
Brain_Hippocampus	/media/kame/Data/_workings/resource/GTEv8//GTExv8.EUR.Brain_Hippocampus/ENSG00000182698.11.wgt.RDat	ENSG00000182698.11	2	219333176	219333177	0.4493	rs3731897	5.17	rs2385260	0.16172	-6.79	0.1958	418	14	enet	0.23	4.6e-10	-0.958	0.338
Brain_Hippocampus	/media/kame/Data/_workings/resource/GTEv8//GTExv8.EUR.Brain_Hippocampus/ENSG00000144591.18.wgt.RDat	ENSG00000144591.18	2	219498866	219498867	0.1812	rs3731897	5.17	rs1346012	0.000262	-3.46	1.98315	474	24	enet	0.022	0.037	-1.2423	0.214
Brain_Hippocampus	/media/kame/Data/_workings/resource/GTEv8//GTExv8.EUR.Brain_Hippocampus/ENSG00000123999.4.wgt.RDat	ENSG00000123999.4	2	219569161	219569162	0.31	rs3731897	5.17	rs1545970	-0.006506	3.38	0.29633	491	34	enet	-0.0032	0.47	0.01833	0.985
Brain_Hippocampus	/media/kame/Data/_workings/resource/GTEv8//GTExv8.EUR.Brain_Hippocampus/ENSG00000261428.2.wgt.RDat	ENSG00000261428.2	2	222569718	222569719	0.3281	rs4673048	-4.05	rs1447108	0.219434	-5.88	0.2597	461	3	enet	0.12	1.2e-05	0.2537	0.8
Brain_Hippocampus	/media/kame/Data/_workings/resource/GTEv8//GTExv8.EUR.Brain_Hippocampus/ENSG00000152056.16.wgt.RDat	ENSG00000152056.16	2	223838026	223838027	0.2736	rs12473272	-2.16	rs630011	0.003391	3.56	-0.00123	447	31	enet	0.046	0.0049	-0.4448	0.656
Brain_Hippocampus	/media/kame/Data/_workings/resource/GTEv8//GTExv8.EUR.Brain_Hippocampus/ENSG00000144468.16.wgt.RDat	ENSG00000144468.16	2	226835580	226835581	0.1777	rs10190736	-4.59	rs4281898	0.045656	3.95	-0.92596	463	52	enet	0.0042	0.2	0.46498	0.642
Brain_Hippocampus	/media/kame/Data/_workings/resource/GTEv8//GTExv8.EUR.Brain_Hippocampus/ENSG00000173699.15.wgt.RDat	ENSG00000173699.15	2	230996120	230996121	0.354	rs11682404	-5.39	rs2175149	0.276755	-6.7	0.03112	431	11	enet	0.24	1.5e-10	0.07921	0.937
Brain_Hippocampus	/media/kame/Data/_workings/resource/GTEv8//GTExv8.EUR.Brain_Hippocampus/ENSG00000135914.5.wgt.RDat	ENSG00000135914.5	2	231125117	231125118	0.1667	rs11682404	-5.39	rs16827840	0.003145	-3.53	0.72575	422	27	enet	-0.0043	0.55	0.86588	0.387
Brain_Hippocampus	/media/kame/Data/_workings/resource/GTEv8//GTExv8.EUR.Brain_Hippocampus/ENSG00000156966.6.wgt.RDat	ENSG00000156966.6	2	231395542	231395543	0.2841	rs745962	4.68	rs1868929	0.005789	-3.69	0.02506	380	5	enet	-0.0034	0.48	0.13085	0.896
Brain_Hippocampus	/media/kame/Data/_workings/resource/GTEv8//GTExv8.EUR.Brain_Hippocampus/ENSG00000283312.1.wgt.RDat	ENSG00000283312.1	2	231495298	231495299	0.5088	rs745962	4.68	rs1797393	0.099863	-5.68	4.05085	369	31	enet	0.25	5.7e-11	-0.6475	0.517
Brain_Hippocampus	/media/kame/Data/_workings/resource/GTEv8//GTExv8.EUR.Brain_Hippocampus/ENSG00000181798.2.wgt.RDat	ENSG00000181798.2	2	231514338	231514339	0.366	rs745962	4.68	rs7597348	0.155528	-5.28	0.04259	356	22	enet	0.11	2.2e-05	0.44017	0.66
Brain_Hippocampus	/media/kame/Data/_workings/resource/GTEv8//GTExv8.EUR.Brain_Hippocampus/ENSG00000144535.19.wgt.RDat	ENSG00000144535.19	2	231961244	231961245	0.1512	rs3103295	-4.68	rs3116240	0.043493	-4.04	-4.11361	354	15	enet	0.018	0.054	3.55917	0.000372
Brain_Hippocampus	/media/kame/Data/_workings/resource/GTEv8//GTExv8.EUR.Brain_Hippocampus/ENSG00000182600.9.wgt.RDat	ENSG00000182600.9	2	232869013	232869014	0.3057	rs2344968	5.04	rs709933	0.287395	-6.59	-1.58822	483	12	enet	0.27	4.3e-12	1.2605	0.207
Brain_Hippocampus	/media/kame/Data/_workings/resource/GTEv8//GTExv8.EUR.Brain_Hippocampus/ENSG00000085982.13.wgt.RDat	ENSG00000085982.13	2	233566781	233566782	0.2549	rs4663995	-4.5	rs1441093	0.063837	4.14	-0.97014	756	22	enet	0.046	0.0049	0.05383	0.957
Brain_Hippocampus	/media/kame/Data/_workings/resource/GTEv8//GTExv8.EUR.Brain_Hippocampus/ENSG00000235529.1.wgt.RDat	ENSG00000235529.1	2	235505750	235505751	0.3064	rs952608	-5.67	rs885539	0.149537	4.88	-0.84911	498	9	enet	0.13	2.5e-06	-0.79964	0.424
Brain_Hippocampus	/media/kame/Data/_workings/resource/GTEv8//GTExv8.EUR.Brain_Hippocampus/ENSG00000184182.18.wgt.RDat	ENSG00000184182.18	2	237966826	237966827	0.3989	rs10199579	-3.53	rs7422573	0.222133	-5.92	-0.35912	497	47	enet	0.22	1.3e-09	-0.36034	0.719
Brain_Hippocampus	/media/kame/Data/_workings/resource/GTEv8//GTExv8.EUR.Brain_Hippocampus/ENSG00000144485.10.wgt.RDat	ENSG00000144485.10	2	238240661	238240662	0.2807	rs4663943	-4.34	rs6722019	0.141199	5.08	0.48657	491	23	enet	0.049	0.0037	0.89338	0.372
Brain_Hippocampus	/media/kame/Data/_workings/resource/GTEv8//GTExv8.EUR.Brain_Hippocampus/ENSG00000130414.11.wgt.RDat	ENSG00000130414.11	2	240025401	240025402	0.3649	rs1437731	5.3	rs6437332	0.059239	-4.92	-0.13476	569	24	enet	0.096	6.5e-05	-0.54005	0.589
Brain_Hippocampus	/media/kame/Data/_workings/resource/GTEv8//GTExv8.EUR.Brain_Hippocampus/ENSG00000178586.4.wgt.RDat	ENSG00000178586.4	2	240046071	240046072	0.2444	rs1437731	5.3	rs6739025	0.052552	4.34	-0.8847	565	7	enet	0.053	0.0027	0.01513	0.988
Brain_Hippocampus	/media/kame/Data/_workings/resource/GTEv8//GTExv8.EUR.Brain_Hippocampus/ENSG00000172478.17.wgt.RDat	ENSG00000172478.17	2	240896888	240896889	0.1812	rs1128152	4.11	rs4675792	0.110474	4.54	0.41279	481	21	enet	0.018	0.057	0.54182	0.588
Brain_Hippocampus	/media/kame/Data/_workings/resource/GTEv8//GTExv8.EUR.Brain_Hippocampus/ENSG00000122085.16.wgt.RDat	ENSG00000122085.16	2	241102331	241102332	0.4351	rs10048694	-2.43	rs2108485	0.144135	-5.71	0.02588	448	28	enet	0.28	1.3e-12	0.10684	0.915
Brain_Hippocampus	/media/kame/Data/_workings/resource/GTEv8//GTExv8.EUR.Brain_Hippocampus/ENSG00000146205.13.wgt.RDat	ENSG00000146205.13	2	241188508	241188509	0.3248	rs10048694	-2.43	rs4675969	0.064741	4.95	-0.09237	410	19	enet	0.096	6.9e-05	-0.27297	0.785
Brain_Hippocampus	/media/kame/Data/_workings/resource/GTEv8//GTExv8.EUR.Brain_Hippocampus/ENSG00000168385.17.wgt.RDat	ENSG00000168385.17	2	241315099	241315100	0.6275	rs4675794	-2.85	rs11681497	0.308289	7.01	-0.84134	376	29	enet	0.32	1.6e-14	-0.38513	0.7
Brain_Hippocampus	/media/kame/Data/_workings/resource/GTEv8//GTExv8.EUR.Brain_Hippocampus/ENSG00000115677.16.wgt.RDat	ENSG00000115677.16	2	241317060	241317061	0.3932	rs4675794	-2.85	rs7568	0.177674	-5.62	0.31341	377	8	enet	0.12	7.8e-06	-0.34912	0.727
Brain_Hippocampus	/media/kame/Data/_workings/resource/GTEv8//GTExv8.EUR.Brain_Hippocampus/ENSG00000168395.15.wgt.RDat	ENSG00000168395.15	2	241687084	241687085	0.2896	rs35512023	2.86	rs2305076	0.141782	4.68	0.07529	243	15	enet	0.14	2e-06	-0.98339	0.325
Brain_Hippocampus	/media/kame/Data/_workings/resource/GTEv8//GTExv8.EUR.Brain_Hippocampus/ENSG00000180902.17.wgt.RDat	ENSG00000180902.17	2	241734578	241734579	0.5833	rs35512023	2.86	rs10755057	0.339685	7.32	0.35597	222	8	enet	0.33	1.2e-14	-0.63944	0.523
Brain_Hippocampus	/media/kame/Data/_workings/resource/GTEv8//GTExv8.EUR.Brain_Hippocampus/ENSG00000224272.2.wgt.RDat	ENSG00000224272.2	2	241812015	241812016	0.8169	rs35512023	2.86	rs34761249	0.581141	9.45	2.49076	192	16	enet	0.55	6.9e-28	2.49585	0.0126
Brain_Hippocampus	/media/kame/Data/_workings/resource/GTEv8//GTExv8.EUR.Brain_Hippocampus/ENSG00000216921.7.wgt.RDat	ENSG00000216921.7	2	241902550	241902551	0.1408	rs35512023	2.86	rs3934982	-0.006304	3.05	-0.97388	158	16	enet	0.0054	0.18	-0.09919	0.921
Brain_Hippocampus	/media/kame/Data/_workings/resource/GTEv8//GTExv8.EUR.Brain_Hippocampus/ENSG00000237940.3.wgt.RDat	ENSG00000237940.3	2	241970682	241970683	0.3072	rs35512023	2.86	rs11510409	0.1464	-4.99	-1.18174	133	27	enet	0.1	5e-05	0.75058	0.453
Brain_Hippocampus	/media/kame/Data/_workings/resource/GTEv8//GTExv8.EUR.Brain_Hippocampus/ENSG00000261186.2.wgt.RDat	ENSG00000261186.2	2	242088456	242088457	0.7663	rs35512023	2.86	rs4973686	0.418392	7.95	0.70252	89	31	enet	0.38	3.5e-17	0.98922	0.323
Brain_Hippocampus	/media/kame/Data/_workings/resource/GTEv8//GTExv8.EUR.Brain_Hippocampus/ENSG00000224318.5.wgt.RDat	ENSG00000224318.5	3	197288	197289	0.3854	rs7647780	5.33	rs9872695	0.074654	4.53	1.39393	356	30	enet	0.057	0.0019	0.26736	0.78919
Brain_Hippocampus	/media/kame/Data/_workings/resource/GTEv8//GTExv8.EUR.Brain_Hippocampus/ENSG00000113851.14.wgt.RDat	ENSG00000113851.14	3	3179726	3179727	0.3268	rs344386	5.86	rs698206	0.012591	3.75	-0.87695	810	31	enet	0.039	0.0086	-0.89568	0.37042
Brain_Hippocampus	/media/kame/Data/_workings/resource/GTEv8//GTExv8.EUR.Brain_Hippocampus/ENSG00000144455.13.wgt.RDat	ENSG00000144455.13	3	4467280	4467281	0.6651	rs795302	-6.32	rs4685744	0.296942	7.2	1.57417	642	25	enet	0.27	4.4e-12	0.24282	0.80815
Brain_Hippocampus	/media/kame/Data/_workings/resource/GTEv8//GTExv8.EUR.Brain_Hippocampus/ENSG00000070950.9.wgt.RDat	ENSG00000070950.9	3	8963772	8963773	0.2737	rs756235	3.43	rs237837	0.003454	-3.74	0.06706	722	53	enet	0.059	0.0016	0.60095	0.54787
Brain_Hippocampus	/media/kame/Data/_workings/resource/GTEv8//GTExv8.EUR.Brain_Hippocampus/ENSG00000134077.15.wgt.RDat	ENSG00000134077.15	3	9363303	9363304	0.4036	rs2279440	4.84	rs2596915	0.069033	-4.61	0.95906	549	41	enet	0.14	1.7e-06	-0.36618	0.71423
Brain_Hippocampus	/media/kame/Data/_workings/resource/GTEv8//GTExv8.EUR.Brain_Hippocampus/ENSG00000240288.7.wgt.RDat	ENSG00000240288.7	3	10287944	10287945	0.4224	rs7626117	-8.58	rs164938	0.159395	5.42	0.11088	612	3	enet	0.15	8.9e-07	-0.08858	0.92942
Brain_Hippocampus	/media/kame/Data/_workings/resource/GTEv8//GTExv8.EUR.Brain_Hippocampus/ENSG00000232287.2.wgt.RDat	ENSG00000232287.2	3	11019223	11019224	0.3275	rs13353463	5.53	rs1568072	0.008706	-4.08	0.10528	525	17	enet	0.0077	0.14	-0.11088	0.91171
Brain_Hippocampus	/media/kame/Data/_workings/resource/GTEv8//GTExv8.EUR.Brain_Hippocampus/ENSG00000144559.10.wgt.RDat	ENSG00000144559.10	3	11846918	11846919	0.3117	rs2618405	6.92	rs303862	0.222104	-5.83	-0.68829	490	21	enet	0.19	1.7e-08	0.73968	0.4595
Brain_Hippocampus	/media/kame/Data/_workings/resource/GTEv8//GTExv8.EUR.Brain_Hippocampus/ENSG00000154764.5.wgt.RDat	ENSG00000154764.5	3	13880120	13880121	0.4323	rs4684187	3.53	rs3796308	0.004316	4.03	-0.48276	510	58	enet	-0.0054	0.66	-0.11711	0.90678
Brain_Hippocampus	/media/kame/Data/_workings/resource/GTEv8//GTExv8.EUR.Brain_Hippocampus/ENSG00000233121.1.wgt.RDat	ENSG00000233121.1	3	13926812	13926813	0.2913	rs4684187	3.53	rs6768050	0.050822	4.18	-1.17281	517	9	enet	0.04	0.0081	-1.05063	0.29343
Brain_Hippocampus	/media/kame/Data/_workings/resource/GTEv8//GTExv8.EUR.Brain_Hippocampus/ENSG00000154781.15.wgt.RDat	ENSG00000154781.15	3	14651745	14651746	0.4946	rs4684187	3.53	rs1901	0.381659	7.64	0.00941	620	29	enet	0.37	7e-17	-0.08608	0.9314
Brain_Hippocampus	/media/kame/Data/_workings/resource/GTEv8//GTExv8.EUR.Brain_Hippocampus/ENSG00000131379.9.wgt.RDat	ENSG00000131379.9	3	14675098	14675099	0.2402	rs4684187	3.53	rs4684237	0.128379	-4.72	-0.15845	621	10	enet	0.11	3.1e-05	0.54001	0.58919
Brain_Hippocampus	/media/kame/Data/_workings/resource/GTEv8//GTExv8.EUR.Brain_Hippocampus/ENSG00000224660.1.wgt.RDat	ENSG00000224660.1	3	15254183	15254184	0.2817	rs2470550	-8.51	rs9819645	0.037653	4.11	1.40341	445	31	enet	0.033	0.014	1.02767	0.30411
Brain_Hippocampus	/media/kame/Data/_workings/resource/GTEv8//GTExv8.EUR.Brain_Hippocampus/ENSG00000206561.12.wgt.RDat	ENSG00000206561.12	3	15521750	15521751	0.2945	rs2470550	-8.51	rs11720890	0.002271	-3.7	3.07475	378	3	enet	0.0025	0.24	-3.08797	0.00202
Brain_Hippocampus	/media/kame/Data/_workings/resource/GTEv8//GTExv8.EUR.Brain_Hippocampus/ENSG00000163576.17.wgt.RDat	ENSG00000163576.17	3	19947024	19947025	0.6651	rs11714225	4.75	rs1133328	0.382291	7.86	0.27817	376	18	enet	0.38	4.6e-17	0.24535	0.80619
Brain_Hippocampus	/media/kame/Data/_workings/resource/GTEv8//GTExv8.EUR.Brain_Hippocampus/ENSG00000114166.7.wgt.RDat	ENSG00000114166.7	3	20040022	20040023	0.1715	rs11714225	4.75	rs2929394	0.08244	4.12	-1.06553	415	2	enet	0.0087	0.13	-0.57277	0.5668
Brain_Hippocampus	/media/kame/Data/_workings/resource/GTEv8//GTExv8.EUR.Brain_Hippocampus/ENSG00000182247.9.wgt.RDat	ENSG00000182247.9	3	23203019	23203020	0.1622	rs6771990	4.42	rs2359637	0.00938	-3.78	-1.23992	372	17	enet	0.033	0.015	0.62409	0.53257
Brain_Hippocampus	/media/kame/Data/_workings/resource/GTEv8//GTExv8.EUR.Brain_Hippocampus/ENSG00000271943.1.wgt.RDat	ENSG00000271943.1	3	27638314	27638315	0.3069	rs13096477	-3.74	rs2642911	0.013102	3.95	-0.5454	424	13	enet	0.027	0.024	0.19731	0.84359
Brain_Hippocampus	/media/kame/Data/_workings/resource/GTEv8//GTExv8.EUR.Brain_Hippocampus/ENSG00000170266.15.wgt.RDat	ENSG00000170266.15	3	33097229	33097230	0.1643	rs2228428	-5.39	rs11129545	0.019864	-3.68	-0.11193	358	7	enet	0.0025	0.24	0.36457	0.71543
Brain_Hippocampus	/media/kame/Data/_workings/resource/GTEv8//GTExv8.EUR.Brain_Hippocampus/ENSG00000170275.14.wgt.RDat	ENSG00000170275.14	3	33113978	33113979	0.3023	rs2228428	-5.39	rs4678686	0.227381	-6.01	0.19006	361	9	enet	0.19	1.8e-08	0.14811	0.88226
Brain_Hippocampus	/media/kame/Data/_workings/resource/GTEv8//GTExv8.EUR.Brain_Hippocampus/ENSG00000170248.13.wgt.RDat	ENSG00000170248.13	3	33798351	33798352	0.2171	rs1002489	-5.71	rs9843488	0.037652	4.12	1.10716	356	30	enet	0.037	0.01	1.03973	0.29846
Brain_Hippocampus	/media/kame/Data/_workings/resource/GTEv8//GTExv8.EUR.Brain_Hippocampus/ENSG00000093167.17.wgt.RDat	ENSG00000093167.17	3	37176531	37176532	0.3387	rs9811881	3.59	rs4234259	0.25288	6.89	-0.74758	426	48	enet	0.32	3.9e-14	-0.83883	0.40156
Brain_Hippocampus	/media/kame/Data/_workings/resource/GTEv8//GTExv8.EUR.Brain_Hippocampus/ENSG00000136059.14.wgt.RDat	ENSG00000136059.14	3	37988058	37988059	0.3881	rs2073714	-3.35	rs11715770	0.387931	-7.74	0.81057	414	20	enet	0.35	1.4e-15	-0.81001	0.41793
Brain_Hippocampus	/media/kame/Data/_workings/resource/GTEv8//GTExv8.EUR.Brain_Hippocampus/ENSG00000157036.12.wgt.RDat	ENSG00000157036.12	3	38496126	38496127	0.3034	rs7374540	4.26	rs4371464	0.014821	3.76	-0.16035	441	35	enet	0.055	0.0022	-1.05258	0.29253
Brain_Hippocampus	/media/kame/Data/_workings/resource/GTEv8//GTExv8.EUR.Brain_Hippocampus/ENSG00000168028.13.wgt.RDat	ENSG00000168028.13	3	39406688	39406689	0.2641	rs11129839	-5.69	rs3772143	0.149558	-5.1	-0.66365	418	9	enet	0.099	5.1e-05	-0.2424	0.80847
Brain_Hippocampus	/media/kame/Data/_workings/resource/GTEv8//GTExv8.EUR.Brain_Hippocampus/ENSG00000168036.16.wgt.RDat	ENSG00000168036.16	3	41194836	41194837	0.1225	rs9868485	-9.7	rs4973925	0.068705	4.63	1.46171	377	27	enet	0.064	0.0011	0.04549	0.96372
Brain_Hippocampus	/media/kame/Data/_workings/resource/GTEv8//GTExv8.EUR.Brain_Hippocampus/ENSG00000168038.10.wgt.RDat	ENSG00000168038.10	3	41962429	41962430	0.2644	rs9868485	-9.7	rs17214945	0.237198	6.28	0.03586	385	34	enet	0.22	5.8e-10	-0.13377	0.89358
Brain_Hippocampus	/media/kame/Data/_workings/resource/GTEv8//GTExv8.EUR.Brain_Hippocampus/ENSG00000114857.17.wgt.RDat	ENSG00000114857.17	3	42600613	42600614	0.2093	rs3774389	-5.55	rs640689	0.025374	-4.14	-0.43375	471	14	enet	0.016	0.067	1.41854	0.15603
Brain_Hippocampus	/media/kame/Data/_workings/resource/GTEv8//GTExv8.EUR.Brain_Hippocampus/ENSG00000093183.13.wgt.RDat	ENSG00000093183.13	3	42601079	42601080	0.2019	rs3774389	-5.55	rs13093680	0.030239	4.13	0.19415	471	36	enet	0.0034	0.22	1.33439	0.18208
Brain_Hippocampus	/media/kame/Data/_workings/resource/GTEv8//GTExv8.EUR.Brain_Hippocampus/ENSG00000230084.5.wgt.RDat	ENSG00000230084.5	3	42654387	42654388	0.5108	rs3774389	-5.55	rs33984028	0.309934	7.15	0.19712	463	20	enet	0.23	3e-10	0.53403	0.59332
Brain_Hippocampus	/media/kame/Data/_workings/resource/GTEv8//GTExv8.EUR.Brain_Hippocampus/ENSG00000010282.14.wgt.RDat	ENSG00000010282.14	3	42702826	42702827	0.2211	rs3774389	-5.55	rs2240861	0.089442	-4.61	0.03807	464	15	enet	0.089	0.00013	-0.35365	0.7236
Brain_Hippocampus	/media/kame/Data/_workings/resource/GTEv8//GTExv8.EUR.Brain_Hippocampus/ENSG00000181061.13.wgt.RDat	ENSG00000181061.13	3	42804530	42804531	0.3599	rs4683364	5.7	rs6865	0.172797	-5.93	2.60654	440	22	enet	0.14	1.1e-06	-3.20916	0.00133
Brain_Hippocampus	/media/kame/Data/_workings/resource/GTEv8//GTExv8.EUR.Brain_Hippocampus/ENSG00000144649.8.wgt.RDat	ENSG00000144649.8	3	42979266	42979267	0.2109	rs17075630	6.39	rs13087788	0.117859	4.63	-0.71356	388	34	enet	0.1	3.8e-05	0.1941	0.8461
Brain_Hippocampus	/media/kame/Data/_workings/resource/GTEv8//GTExv8.EUR.Brain_Hippocampus/ENSG00000011376.9.wgt.RDat	ENSG00000011376.9	3	45388505	45388506	0.4415	rs9856266	-4.66	rs12638088	0.314706	-6.99	1.35169	507	14	enet	0.29	6.5e-13	-1.24951	0.21148
Brain_Hippocampus	/media/kame/Data/_workings/resource/GTEv8//GTExv8.EUR.Brain_Hippocampus/ENSG00000211456.10.wgt.RDat	ENSG00000211456.10	3	45689185	45689186	0.1965	rs9856266	-4.66	rs2624673	0.067166	3.88	0.09391	473	16	enet	0.022	0.038	0.14325	0.88609
Brain_Hippocampus	/media/kame/Data/_workings/resource/GTEv8//GTExv8.EUR.Brain_Hippocampus/ENSG00000163820.14.wgt.RDat	ENSG00000163820.14	3	45995823	45995824	0.165	rs9856266	-4.66	rs12638201	-0.004598	-3.6	0.60448	449	15	enet	0.058	0.0017	0.20574	0.837
Brain_Hippocampus	/media/kame/Data/_workings/resource/GTEv8//GTExv8.EUR.Brain_Hippocampus/ENSG00000283646.1.wgt.RDat	ENSG00000283646.1	3	46423590	46423591	0.224	rs9855938	-3.72	rs6791703	0.040571	-4.04	-0.6968	413	8	enet	0.0058	0.17	0.60853	0.54284
Brain_Hippocampus	/media/kame/Data/_workings/resource/GTEv8//GTExv8.EUR.Brain_Hippocampus/ENSG00000241186.9.wgt.RDat	ENSG00000241186.9	3	46574533	46574534	0.6613	rs9855938	-3.72	rs3806702	0.376618	7.66	-0.08381	374	11	enet	0.38	4.2e-17	-0.65588	0.5119
Brain_Hippocampus	/media/kame/Data/_workings/resource/GTEv8//GTExv8.EUR.Brain_Hippocampus/ENSG00000188086.13.wgt.RDat	ENSG00000188086.13	3	46744754	46744755	0.1799	rs9855938	-3.72	rs6763025	0.039241	4.35	-1.20878	336	7	enet	0.04	0.0082	-0.78335	0.43342
Brain_Hippocampus	/media/kame/Data/_workings/resource/GTEv8//GTExv8.EUR.Brain_Hippocampus/ENSG00000260236.1.wgt.RDat	ENSG00000260236.1	3	47380998	47380999	0.1087	rs9855938	-3.72	rs2276854	0.008028	-3.19	-2.35218	147	17	enet	0.024	0.034	1.73837	0.08214
Brain_Hippocampus	/media/kame/Data/_workings/resource/GTEv8//GTExv8.EUR.Brain_Hippocampus/ENSG00000114650.18.wgt.RDat	ENSG00000114650.18	3	47477125	47477126	0.1246	rs11717033	2.8	rs11717033	0.005873	3.83	2.79836	146	9	enet	0.044	0.0055	0.64576	0.51843
Brain_Hippocampus	/media/kame/Data/_workings/resource/GTEv8//GTExv8.EUR.Brain_Hippocampus/ENSG00000132153.14.wgt.RDat	ENSG00000132153.14	3	47802927	47802928	0.1283	rs11130161	3.47	rs2306794	0.011498	3.89	0.78651	157	8	enet	0.0069	0.16	0.83304	0.40482
Brain_Hippocampus	/media/kame/Data/_workings/resource/GTEv8//GTExv8.EUR.Brain_Hippocampus/ENSG00000164048.13.wgt.RDat	ENSG00000164048.13	3	48241099	48241100	0.3245	rs34360255	5.28	rs3197223	0.172209	6	2.05732	245	35	enet	0.17	9.9e-08	1.17876	0.2385
Brain_Hippocampus	/media/kame/Data/_workings/resource/GTEv8//GTExv8.EUR.Brain_Hippocampus/ENSG00000172113.8.wgt.RDat	ENSG00000172113.8	3	48301684	48301685	0.0856	rs34360255	5.45	rs6442112	0.006281	3.6	0.22613	256	15	enet	0.02	0.045	-0.90367	0.36617
Brain_Hippocampus	/media/kame/Data/_workings/resource/GTEv8//GTExv8.EUR.Brain_Hippocampus/ENSG00000229453.2.wgt.RDat	ENSG00000229453.2	3	48328340	48328341	0.0936	rs34360255	5.45	rs4858828	-0.005879	2.87	0.52588	261	26	enet	-0.0012	0.37	-1.10494	0.26919
Brain_Hippocampus	/media/kame/Data/_workings/resource/GTEv8//GTExv8.EUR.Brain_Hippocampus/ENSG00000232112.3.wgt.RDat	ENSG00000232112.3	3	48443847	48443848	0.2469	rs34360255	5.37	rs11130171	0.169935	-5.29	-0.10184	255	16	enet	0.1	3.1e-05	0.0786	0.93735
Brain_Hippocampus	/media/kame/Data/_workings/resource/GTEv8//GTExv8.EUR.Brain_Hippocampus/ENSG00000213689.11.wgt.RDat	ENSG00000213689.11	3	48465810	48465811	0.2582	rs34360255	5.37	rs11797	0.100263	-4.91	0.2573	255	5	enet	0.11	1.7e-05	-0.0876	0.9302
Brain_Hippocampus	/media/kame/Data/_workings/resource/GTEv8//GTExv8.EUR.Brain_Hippocampus/ENSG00000213672.7.wgt.RDat	ENSG00000213672.7	3	48686363	48686364	0.3223	rs876597	3.59	rs12493578	0.343428	-7.43	0.53961	262	15	enet	0.31	5.9e-14	-0.07183	0.94274
Brain_Hippocampus	/media/kame/Data/_workings/resource/GTEv8//GTExv8.EUR.Brain_Hippocampus/ENSG00000178252.17.wgt.RDat	ENSG00000178252.17	3	49007154	49007155	0.2418	rs2633958	-3.12	rs6779394	0.197577	5.64	-0.02314	261	32	enet	0.16	2.8e-07	-0.72557	0.4681
Brain_Hippocampus	/media/kame/Data/_workings/resource/GTEv8//GTExv8.EUR.Brain_Hippocampus/ENSG00000198218.10.wgt.RDat	ENSG00000198218.10	3	49094362	49094363	0.0868	rs2633958	-3.12	rs6806356	0.052706	3.94	-1.62202	253	25	enet	0.051	0.0031	-1.30265	0.19269
Brain_Hippocampus	/media/kame/Data/_workings/resource/GTEv8//GTExv8.EUR.Brain_Hippocampus/ENSG00000177352.9.wgt.RDat	ENSG00000177352.9	3	49166320	49166321	0.0709	rs9812791	-2.55	rs6779394	0.048254	4.36	-0.02314	259	7	enet	0.06	0.0015	0.04695	0.96255
Brain_Hippocampus	/media/kame/Data/_workings/resource/GTEv8//GTExv8.EUR.Brain_Hippocampus/ENSG00000233276.3.wgt.RDat	ENSG00000233276.3	3	49358599	49358600	0.1802	rs9812791	-2.55	rs17080528	0.071036	-4.44	-1.492	277	22	enet	0.073	0.00047	1.15165	0.24947
Brain_Hippocampus	/media/kame/Data/_workings/resource/GTEv8//GTExv8.EUR.Brain_Hippocampus/ENSG00000145020.15.wgt.RDat	ENSG00000145020.15	3	49422752	49422753	0.2423	rs2230593	7.15	rs9860055	0.288574	-6.64	-0.53136	288	29	enet	0.28	1.5e-12	-0.19759	0.84337
Brain_Hippocampus	/media/kame/Data/_workings/resource/GTEv8//GTExv8.EUR.Brain_Hippocampus/ENSG00000173531.15.wgt.RDat	ENSG00000173531.15	3	49689497	49689498	0.413	rs2230593	7.15	rs2329020	0.121759	5.14	-0.71942	313	19	enet	0.16	2.2e-07	-0.06941	0.94466
Brain_Hippocampus	/media/kame/Data/_workings/resource/GTEv8//GTExv8.EUR.Brain_Hippocampus/ENSG00000173540.12.wgt.RDat	ENSG00000173540.12	3	49723950	49723951	0.4442	rs2230593	7.15	rs6809879	0.442551	8.35	1.51825	313	55	enet	0.4	4.2e-18	1.22875	0.21916
Brain_Hippocampus	/media/kame/Data/_workings/resource/GTEv8//GTExv8.EUR.Brain_Hippocampus/ENSG00000004534.14.wgt.RDat	ENSG00000004534.14	3	49940006	49940007	0.2799	rs2230593	7.15	rs6771546	0.279917	6.57	-0.32638	314	38	enet	0.27	8.7e-12	0.02693	0.97852
Brain_Hippocampus	/media/kame/Data/_workings/resource/GTEv8//GTExv8.EUR.Brain_Hippocampus/ENSG00000232352.1.wgt.RDat	ENSG00000232352.1	3	50267370	50267371	0.5817	rs2230593	7.15	rs10510755	0.032643	4.05	1.56109	310	92	enet	0.036	0.012	3.16333	0.00156
Brain_Hippocampus	/media/kame/Data/_workings/resource/GTEv8//GTExv8.EUR.Brain_Hippocampus/ENSG00000186792.16.wgt.RDat	ENSG00000186792.16	3	50299467	50299468	0.6458	rs2230593	7.15	rs13100173	0.423983	-8.05	1.32963	302	18	enet	0.41	7.5e-19	-0.43781	0.66152
Brain_Hippocampus	/media/kame/Data/_workings/resource/GTEv8//GTExv8.EUR.Brain_Hippocampus/ENSG00000180929.5.wgt.RDat	ENSG00000180929.5	3	51955313	51955314	0.3622	rs904145	3.74	rs2878549	0.009078	-3.51	0.17446	231	29	enet	0.059	0.0016	-1.80541	0.07101
Brain_Hippocampus	/media/kame/Data/_workings/resource/GTEv8//GTExv8.EUR.Brain_Hippocampus/ENSG00000090097.21.wgt.RDat	ENSG00000090097.21	3	51968409	51968410	0.2962	rs904145	3.74	rs11720298	0.01281	-3.61	-0.34563	235	25	enet	0.1	5e-05	1.56672	0.11718
Brain_Hippocampus	/media/kame/Data/_workings/resource/GTEv8//GTExv8.EUR.Brain_Hippocampus/ENSG00000162244.10.wgt.RDat	ENSG00000162244.10	3	51995941	51995942	0.3445	rs904145	3.74	rs9817697	0.000891	-4.09	0.05498	249	23	enet	-0.0035	0.49	0.0323	0.97423
Brain_Hippocampus	/media/kame/Data/_workings/resource/GTEv8//GTExv8.EUR.Brain_Hippocampus/ENSG00000164088.17.wgt.RDat	ENSG00000164088.17	3	52245792	52245793	0.2779	rs11715796	5.28	rs17052052	0.056587	4.75	0.76776	324	14	enet	0.051	0.0032	1.41174	0.15803
Brain_Hippocampus	/media/kame/Data/_workings/resource/GTEv8//GTExv8.EUR.Brain_Hippocampus/ENSG00000168237.17.wgt.RDat	ENSG00000168237.17	3	52287088	52287089	0.3202	rs11715796	5.28	rs11717383	0.079419	5.09	0.7661	335	8	enet	0.071	0.00059	0.95709	0.33852
Brain_Hippocampus	/media/kame/Data/_workings/resource/GTEv8//GTExv8.EUR.Brain_Hippocampus/ENSG00000114841.17.wgt.RDat	ENSG00000114841.17	3	52316318	52316319	0.1399	rs11715796	5.28	rs648514	0.034558	3.88	0.86008	352	21	enet	0.051	0.0031	-1.26544	0.20571
Brain_Hippocampus	/media/kame/Data/_workings/resource/GTEv8//GTExv8.EUR.Brain_Hippocampus/ENSG00000239557.1.wgt.RDat	ENSG00000239557.1	3	52373651	52373652	0.1613	rs11715796	5.28	rs887515	0.068965	-4.28	1.23635	361	9	enet	0.057	0.0018	-1.67145	0.09463
Brain_Hippocampus	/media/kame/Data/_workings/resource/GTEv8//GTExv8.EUR.Brain_Hippocampus/ENSG00000010322.15.wgt.RDat	ENSG00000010322.15	3	52455117	52455118	0.1508	rs11715796	5.28	rs4481150	0.020183	3.46	-3.41442	361	19	enet	0.0015	0.27	-2.06053	0.03935
Brain_Hippocampus	/media/kame/Data/_workings/resource/GTEv8//GTExv8.EUR.Brain_Hippocampus/ENSG00000163938.16.wgt.RDat	ENSG00000163938.16	3	52681155	52681156	0.1437	rs2581790	5.34	rs1108842	0.060056	4.13	-4.394	384	16	enet	0.028	0.022	-2.37831	0.01739
Brain_Hippocampus	/media/kame/Data/_workings/resource/GTEv8//GTExv8.EUR.Brain_Hippocampus/ENSG00000055955.15.wgt.RDat	ENSG00000055955.15	3	52830738	52830739	0.4794	rs11130367	11.74	rs2276817	0.255986	6.27	-0.81939	387	14	enet	0.26	1e-11	-1.70182	0.08879
Brain_Hippocampus	/media/kame/Data/_workings/resource/GTEv8//GTExv8.EUR.Brain_Hippocampus/ENSG00000242142.1.wgt.RDat	ENSG00000242142.1	3	53065090	53065091	0.6276	rs11130367	11.74	rs2564921	0.470957	-8.82	-0.11289	357	29	enet	0.49	1.6e-23	-0.53586	0.59205
Brain_Hippocampus	/media/kame/Data/_workings/resource/GTEv8//GTExv8.EUR.Brain_Hippocampus/ENSG00000163933.9.wgt.RDat	ENSG00000163933.9	3	53130461	53130462	0.1768	rs11130367	11.74	rs2564921	0.128375	4.85	-0.11289	370	8	enet	0.086	0.00016	-0.15991	0.87295
Brain_Hippocampus	/media/kame/Data/_workings/resource/GTEv8//GTExv8.EUR.Brain_Hippocampus/ENSG00000113812.13.wgt.RDat	ENSG00000113812.13	3	53882201	53882202	0.3082	rs13080668	9.84	rs7636856	0.14482	-5.25	0.55975	505	8	enet	0.084	0.00019	-0.33967	0.73411
Brain_Hippocampus	/media/kame/Data/_workings/resource/GTEv8//GTExv8.EUR.Brain_Hippocampus/ENSG00000180376.16.wgt.RDat	ENSG00000180376.16	3	56557160	56557161	0.4412	rs13089169	9.01	rs6791987	0.319612	-6.99	-0.83057	436	11	enet	0.23	2.8e-10	0.86848	0.38513
Brain_Hippocampus	/media/kame/Data/_workings/resource/GTEv8//GTExv8.EUR.Brain_Hippocampus/ENSG00000168374.10.wgt.RDat	ENSG00000168374.10	3	57598219	57598220	0.3078	rs1355797	2.52	rs4681743	0.087367	5.24	0.69409	330	29	enet	0.12	7.7e-06	0.11474	0.90865
Brain_Hippocampus	/media/kame/Data/_workings/resource/GTEv8//GTExv8.EUR.Brain_Hippocampus/ENSG00000272146.5.wgt.RDat	ENSG00000272146.5	3	57600058	57600059	0.1384	rs1355797	2.52	rs268776	0.052773	3.89	0.02772	330	13	enet	0.064	0.001	-0.21532	0.82952
Brain_Hippocampus	/media/kame/Data/_workings/resource/GTEv8//GTExv8.EUR.Brain_Hippocampus/ENSG00000168291.12.wgt.RDat	ENSG00000168291.12	3	58433856	58433857	0.2307	rs7622687	-5.64	rs14927	0.116323	4.91	0.20531	432	34	enet	0.096	7e-05	-0.35748	0.72073
Brain_Hippocampus	/media/kame/Data/_workings/resource/GTEv8//GTExv8.EUR.Brain_Hippocampus/ENSG00000224479.6.wgt.RDat	ENSG00000224479.6	3	63827444	63827445	0.2845	rs7641821	-4.06	rs6445394	-0.000346	-3.79	-0.7427	591	52	enet	0.069	0.00071	0.55151	0.58129
Brain_Hippocampus	/media/kame/Data/_workings/resource/GTEv8//GTExv8.EUR.Brain_Hippocampus/ENSG00000163634.11.wgt.RDat	ENSG00000163634.11	3	63863902	63863903	0.3456	rs7641821	-4.06	rs832188	0.140909	-5.72	-0.02216	601	27	enet	0.24	1.2e-10	-0.62318	0.53317
Brain_Hippocampus	/media/kame/Data/_workings/resource/GTEv8//GTExv8.EUR.Brain_Hippocampus/ENSG00000144741.17.wgt.RDat	ENSG00000144741.17	3	66133609	66133610	0.6491	rs4688604	4.79	rs1680402	0.408532	-7.88	0.76897	407	41	enet	0.4	2.1e-18	-0.89565	0.37044
Brain_Hippocampus	/media/kame/Data/_workings/resource/GTEv8//GTExv8.EUR.Brain_Hippocampus/ENSG00000172340.14.wgt.RDat	ENSG00000172340.14	3	67654613	67654614	0.3142	rs1490270	9.05	rs12497038	0.022395	-3.65	-0.00414	411	35	enet	0.096	6.7e-05	0.39738	0.69109
Brain_Hippocampus	/media/kame/Data/_workings/resource/GTEv8//GTExv8.EUR.Brain_Hippocampus/ENSG00000144746.6.wgt.RDat	ENSG00000144746.6	3	69084943	69084944	0.5875	rs6781449	-6.24	rs11128111	0.235575	6.17	-0.33935	457	27	enet	0.19	2.3e-08	1.19211	0.23322
Brain_Hippocampus	/media/kame/Data/_workings/resource/GTEv8//GTExv8.EUR.Brain_Hippocampus/ENSG00000163412.12.wgt.RDat	ENSG00000163412.12	3	71753623	71753624	0.417	rs10470554	10.73	rs13070781	0.263995	-6.43	0.11698	557	15	enet	0.25	5.8e-11	-0.00562	0.99552
Brain_Hippocampus	/media/kame/Data/_workings/resource/GTEv8//GTExv8.EUR.Brain_Hippocampus/ENSG00000172986.12.wgt.RDat	ENSG00000172986.12	3	72888072	72888073	0.2672	rs17010036	-4.04	rs1052278	0.016648	-4.27	0.06111	441	23	enet	0.02	0.046	-0.54716	0.58427
Brain_Hippocampus	/media/kame/Data/_workings/resource/GTEv8//GTExv8.EUR.Brain_Hippocampus/ENSG00000244026.6.wgt.RDat	ENSG00000244026.6	3	75435109	75435110	0.6402	rs7430900	-2.37	rs6767960	0.104673	-4.08	-0.35192	148	24	enet	0.15	4.2e-07	0.2616	0.79363
Brain_Hippocampus	/media/kame/Data/_workings/resource/GTEv8//GTExv8.EUR.Brain_Hippocampus/ENSG00000227124.8.wgt.RDat	ENSG00000227124.8	3	75785582	75785583	0.2104	rs7632524	-4.1	rs6549819	0.130416	4.77	0.50563	161	6	enet	0.13	3.6e-06	0.5028	0.61511
Brain_Hippocampus	/media/kame/Data/_workings/resource/GTEv8//GTExv8.EUR.Brain_Hippocampus/ENSG00000175161.13.wgt.RDat	ENSG00000175161.13	3	84958980	84958981	0.3501	rs1691473	-4.33	rs9811546	0.077437	5.44	0.48109	305	31	enet	0.11	1.5e-05	-0.09325	0.92571
Brain_Hippocampus	/media/kame/Data/_workings/resource/GTEv8//GTExv8.EUR.Brain_Hippocampus/ENSG00000239519.1.wgt.RDat	ENSG00000239519.1	3	86028006	86028007	0.4427	rs9840565	4.33	rs12486982	0.258543	6.37	-2.35304	312	35	enet	0.26	1.2e-11	-1.62553	0.10405
Brain_Hippocampus	/media/kame/Data/_workings/resource/GTEv8//GTExv8.EUR.Brain_Hippocampus/ENSG00000241328.1.wgt.RDat	ENSG00000241328.1	3	86481942	86481943	0.2153	rs9682134	-4.71	rs9863183	0.057978	-4.87	-0.34244	283	17	enet	0.14	1.5e-06	0.16149	0.87171
Brain_Hippocampus	/media/kame/Data/_workings/resource/GTEv8//GTExv8.EUR.Brain_Hippocampus/ENSG00000170854.17.wgt.RDat	ENSG00000170854.17	3	97972456	97972457	0.1715	rs832042	-4.78	rs1506444	-0.00535	-3.5	0.85594	378	16	enet	-0.0049	0.6	-0.20607	0.83674
Brain_Hippocampus	/media/kame/Data/_workings/resource/GTEv8//GTExv8.EUR.Brain_Hippocampus/ENSG00000239445.5.wgt.RDat	ENSG00000239445.5	3	98732650	98732651	0.4468	rs1461158	4.22	rs4857414	0.300037	-7.17	0.78598	398	21	enet	0.26	2.2e-11	-0.79988	0.42378
Brain_Hippocampus	/media/kame/Data/_workings/resource/GTEv8//GTExv8.EUR.Brain_Hippocampus/ENSG00000181458.10.wgt.RDat	ENSG00000181458.10	3	100492618	100492619	0.131	rs12631158	-4.17	rs1676340	0.049176	-4.42	0.24753	397	17	enet	0.055	0.0023	-0.26128	0.79388
Brain_Hippocampus	/media/kame/Data/_workings/resource/GTEv8//GTExv8.EUR.Brain_Hippocampus/ENSG00000114354.13.wgt.RDat	ENSG00000114354.13	3	100709330	100709331	0.1645	rs12631158	-4.17	rs1165261	0.04669	4.39	0.17687	442	13	enet	0.073	5e-04	-0.01458	0.98837
Brain_Hippocampus	/media/kame/Data/_workings/resource/GTEv8//GTExv8.EUR.Brain_Hippocampus/ENSG00000066422.4.wgt.RDat	ENSG00000066422.4	3	101672212	101672213	0.1139	rs2926539	-5.14	rs7622940	0.041415	-4.66	-0.51424	338	25	enet	0.057	0.0019	0.2214	0.82478
Brain_Hippocampus	/media/kame/Data/_workings/resource/GTEv8//GTExv8.EUR.Brain_Hippocampus/ENSG00000256628.3.wgt.RDat	ENSG00000256628.3	3	101676474	101676475	0.1193	rs2926539	-5.14	rs2081577	0.075516	-4.63	-0.25435	339	4	enet	0.014	0.083	0.26358	0.79211
Brain_Hippocampus	/media/kame/Data/_workings/resource/GTEv8//GTExv8.EUR.Brain_Hippocampus/ENSG00000244119.1.wgt.RDat	ENSG00000244119.1	3	101712471	101712472	0.3722	rs2926539	-5.14	rs13059470	0.334272	7.22	-0.12776	328	35	enet	0.3	3.1e-13	-0.40549	0.68512
Brain_Hippocampus	/media/kame/Data/_workings/resource/GTEv8//GTExv8.EUR.Brain_Hippocampus/ENSG00000240057.5.wgt.RDat	ENSG00000240057.5	3	113019531	113019532	0.3983	rs7622601	-3.04	rs2700201	0.228728	-6.34	0.24493	463	24	enet	0.19	1.5e-08	-0.30052	0.76378
Brain_Hippocampus	/media/kame/Data/_workings/resource/GTEv8//GTExv8.EUR.Brain_Hippocampus/ENSG00000163608.14.wgt.RDat	ENSG00000163608.14	3	113019860	113019861	0.2201	rs7622601	-3.04	rs4682452	0.10889	-4.15	0.00253	462	29	enet	0.067	0.00081	-0.31545	0.75242
Brain_Hippocampus	/media/kame/Data/_workings/resource/GTEv8//GTExv8.EUR.Brain_Hippocampus/ENSG00000243795.1.wgt.RDat	ENSG00000243795.1	3	113167818	113167819	0.4371	rs7622601	-3.04	rs2700201	0.081065	5.17	0.24493	464	33	enet	0.23	2.6e-10	0.41243	0.68002
Brain_Hippocampus	/media/kame/Data/_workings/resource/GTEv8//GTExv8.EUR.Brain_Hippocampus/ENSG00000163389.10.wgt.RDat	ENSG00000163389.10	3	119468937	119468938	0.4122	rs2873951	4.61	rs17203132	0.213405	5.73	0.31508	511	12	enet	0.18	5.5e-08	0.26404	0.79175
Brain_Hippocampus	/media/kame/Data/_workings/resource/GTEv8//GTExv8.EUR.Brain_Hippocampus/ENSG00000163428.3.wgt.RDat	ENSG00000163428.3	3	120349338	120349339	0.1844	rs3817627	6.75	rs6803206	0.063685	4.05	-0.14215	380	16	enet	0.035	0.012	-0.47737	0.6331
Brain_Hippocampus	/media/kame/Data/_workings/resource/GTEv8//GTExv8.EUR.Brain_Hippocampus/ENSG00000173226.16.wgt.RDat	ENSG00000173226.16	3	121835078	121835079	0.3871	rs11711698	3.9	rs10934559	0.134499	5.73	-0.26754	419	22	enet	0.2	7.5e-09	0.11828	0.90585
Brain_Hippocampus	/media/kame/Data/_workings/resource/GTEv8//GTExv8.EUR.Brain_Hippocampus/ENSG00000163406.10.wgt.RDat	ENSG00000163406.10	3	121894088	121894089	0.1812	rs11711698	3.9	rs9824120	0.111576	4.27	-0.64615	437	9	enet	0.06	0.0015	-0.91057	0.36252
Brain_Hippocampus	/media/kame/Data/_workings/resource/GTEv8//GTExv8.EUR.Brain_Hippocampus/ENSG00000173193.13.wgt.RDat	ENSG00000173193.13	3	122680617	122680618	0.3114	rs6764971	-6.63	rs6770902	0.051442	4.72	-0.00667	547	43	enet	0.027	0.026	-1.19933	0.2304
Brain_Hippocampus	/media/kame/Data/_workings/resource/GTEv8//GTExv8.EUR.Brain_Hippocampus/ENSG00000273033.2.wgt.RDat	ENSG00000273033.2	3	122886940	122886941	0.1584	rs6764971	-6.63	rs11922983	0.061188	-4.45	-0.11915	500	9	enet	0.074	0.00045	-0.83487	0.40379
Brain_Hippocampus	/media/kame/Data/_workings/resource/GTEv8//GTExv8.EUR.Brain_Hippocampus/ENSG00000082684.14.wgt.RDat	ENSG00000082684.14	3	123028604	123028605	0.1854	rs6764971	-6.63	rs13314128	0.00515	4.45	0.02203	484	14	enet	0.025	0.029	0.38716	0.69864
Brain_Hippocampus	/media/kame/Data/_workings/resource/GTEv8//GTExv8.EUR.Brain_Hippocampus/ENSG00000239523.5.wgt.RDat	ENSG00000239523.5	3	123585541	123585542	0.4465	rs9289231	7.75	rs11709947	0.056445	-4.35	-2.20771	365	45	enet	0.22	8.8e-10	0.26951	0.78754
Brain_Hippocampus	/media/kame/Data/_workings/resource/GTEv8//GTExv8.EUR.Brain_Hippocampus/ENSG00000114491.13.wgt.RDat	ENSG00000114491.13	3	124730365	124730366	0.1668	rs10460829	-5.96	rs16835912	0.01374	-4.21	0.94607	644	8	enet	0.052	0.0029	-0.69103	0.48954
Brain_Hippocampus	/media/kame/Data/_workings/resource/GTEv8//GTExv8.EUR.Brain_Hippocampus/ENSG00000144909.7.wgt.RDat	ENSG00000144909.7	3	125595089	125595090	0.1592	rs6438884	-4.66	rs9289256	0.004069	3.97	0.54588	354	24	enet	0.0023	0.25	0.90676	0.36453
Brain_Hippocampus	/media/kame/Data/_workings/resource/GTEv8//GTExv8.EUR.Brain_Hippocampus/ENSG00000239804.1.wgt.RDat	ENSG00000239804.1	3	125788145	125788146	0.3636	rs2138214	-4.84	rs7632595	-0.006656	-2.95	1.58125	366	55	enet	0.03	0.019	-0.83331	0.40467
Brain_Hippocampus	/media/kame/Data/_workings/resource/GTEv8//GTExv8.EUR.Brain_Hippocampus/ENSG00000171084.15.wgt.RDat	ENSG00000171084.15	3	125916619	125916620	0.4806	rs2138214	-4.84	rs2971253	0.216502	6.11	0.96693	409	38	enet	0.25	3.9e-11	1.45862	0.14467
Brain_Hippocampus	/media/kame/Data/_workings/resource/GTEv8//GTExv8.EUR.Brain_Hippocampus/ENSG00000189366.9.wgt.RDat	ENSG00000189366.9	3	125937038	125937039	0.5674	rs2138214	-4.84	rs3804587	0.297157	-6.89	0.85529	424	44	enet	0.25	5.1e-11	-0.38955	0.69687
Brain_Hippocampus	/media/kame/Data/_workings/resource/GTEv8//GTExv8.EUR.Brain_Hippocampus/ENSG00000241439.1.wgt.RDat	ENSG00000241439.1	3	125958555	125958556	0.534	rs2138214	-4.84	rs6790101	0.097327	-5.28	1.52262	429	41	enet	0.26	2.1e-11	0.73261	0.4638
Brain_Hippocampus	/media/kame/Data/_workings/resource/GTEv8//GTExv8.EUR.Brain_Hippocampus/ENSG00000114547.9.wgt.RDat	ENSG00000114547.9	3	125969143	125969144	0.2051	rs2138214	-4.84	rs6790101	0.079472	-4.8	1.52262	438	9	enet	0.07	0.00064	0.01992	0.98411
Brain_Hippocampus	/media/kame/Data/_workings/resource/GTEv8//GTExv8.EUR.Brain_Hippocampus/ENSG00000246022.2.wgt.RDat	ENSG00000246022.2	3	126180064	126180065	0.3145	rs2138214	-4.84	rs2138214	0.007964	-3.81	-4.84134	467	31	enet	0.093	8.5e-05	2.19947	0.02784
Brain_Hippocampus	/media/kame/Data/_workings/resource/GTEv8//GTExv8.EUR.Brain_Hippocampus/ENSG00000070476.14.wgt.RDat	ENSG00000070476.14	3	126475918	126475919	0.3241	rs2138214	-4.84	rs1043803	0.281984	-6.99	-0.13684	532	27	enet	0.26	1.6e-11	-0.1029	0.91804
Brain_Hippocampus	/media/kame/Data/_workings/resource/GTEv8//GTExv8.EUR.Brain_Hippocampus/ENSG00000159685.10.wgt.RDat	ENSG00000159685.10	3	126704219	126704220	0.2137	rs2138214	-4.84	rs16837708	0.02565	-4.43	0.2143	518	12	enet	0.055	0.0023	0.02645	0.97889
Brain_Hippocampus	/media/kame/Data/_workings/resource/GTEv8//GTExv8.EUR.Brain_Hippocampus/ENSG00000073111.13.wgt.RDat	ENSG00000073111.13	3	127598251	127598252	0.2091	rs9647334	5.13	rs1474332	0.071347	4.16	-0.2648	454	18	enet	0.015	0.073	-1.25107	0.21091
Brain_Hippocampus	/media/kame/Data/_workings/resource/GTEv8//GTExv8.EUR.Brain_Hippocampus/ENSG00000175792.11.wgt.RDat	ENSG00000175792.11	3	128153913	128153914	0.2577	rs9882669	-3.87	rs9882664	0.163875	5.18	-0.0879	418	28	enet	0.077	0.00036	-0.24383	0.80736
Brain_Hippocampus	/media/kame/Data/_workings/resource/GTEv8//GTExv8.EUR.Brain_Hippocampus/ENSG00000132394.10.wgt.RDat	ENSG00000132394.10	3	128246835	128246836	0.1521	rs9882669	-3.87	rs2687720	0.098439	-4.05	-0.52941	377	10	enet	0.026	0.028	0.07935	0.93676
Brain_Hippocampus	/media/kame/Data/_workings/resource/GTEv8//GTExv8.EUR.Brain_Hippocampus/ENSG00000242551.2.wgt.RDat	ENSG00000242551.2	3	128677004	128677005	0.2686	rs11916893	5.05	rs2811488	0.182698	5.46	2.30834	348	60	enet	0.13	3e-06	1.08879	0.27625
Brain_Hippocampus	/media/kame/Data/_workings/resource/GTEv8//GTExv8.EUR.Brain_Hippocampus/ENSG00000163902.11.wgt.RDat	ENSG00000163902.11	3	128681074	128681075	0.186	rs11916893	5.05	rs4521246	0.048851	-4.44	-1.34816	349	13	enet	0.086	0.00016	0.75428	0.45068
Brain_Hippocampus	/media/kame/Data/_workings/resource/GTEv8//GTExv8.EUR.Brain_Hippocampus/ENSG00000261159.1.wgt.RDat	ENSG00000261159.1	3	128860525	128860526	0.3009	rs11916893	5.05	rs9871612	0.231426	5.99	2.11868	353	29	enet	0.22	1e-09	1.43041	0.1526
Brain_Hippocampus	/media/kame/Data/_workings/resource/GTEv8//GTExv8.EUR.Brain_Hippocampus/ENSG00000231305.3.wgt.RDat	ENSG00000231305.3	3	128871539	128871540	0.2011	rs11916893	5.05	rs9871612	0.097858	4.74	2.11868	354	17	enet	0.034	0.013	2.27353	0.02299
Brain_Hippocampus	/media/kame/Data/_workings/resource/GTEv8//GTExv8.EUR.Brain_Hippocampus/ENSG00000177646.18.wgt.RDat	ENSG00000177646.18	3	128879595	128879596	0.3701	rs11916893	5.05	rs3755593	0.03609	6.67	0.07159	350	5	enet	0.036	0.012	0.16804	0.86655
Brain_Hippocampus	/media/kame/Data/_workings/resource/GTEv8//GTExv8.EUR.Brain_Hippocampus/ENSG00000251474.6.wgt.RDat	ENSG00000251474.6	3	129399654	129399655	0.1744	rs11916893	5.05	rs2625956	0.071774	4.45	-0.67606	280	25	enet	0.059	0.0017	-1.38347	0.16652
Brain_Hippocampus	/media/kame/Data/_workings/resource/GTEv8//GTExv8.EUR.Brain_Hippocampus/ENSG00000163913.11.wgt.RDat	ENSG00000163913.11	3	129440179	129440180	0.4545	rs11916893	5.05	rs7612530	0.245924	-6.22	-0.91239	276	13	enet	0.2	6.8e-09	0.62948	0.52904
Brain_Hippocampus	/media/kame/Data/_workings/resource/GTEv8//GTExv8.EUR.Brain_Hippocampus/ENSG00000228252.9.wgt.RDat	ENSG00000228252.9	3	130212822	130212823	0.384	rs1708933	5.01	rs9757129	0.489973	-8.61	-0.25225	331	7	enet	0.47	1.8e-22	0.15794	0.8745
Brain_Hippocampus	/media/kame/Data/_workings/resource/GTEv8//GTExv8.EUR.Brain_Hippocampus/ENSG00000113971.19.wgt.RDat	ENSG00000113971.19	3	132722441	132722442	0.6821	rs17353336	5.4	rs12486323	0.416134	-8.18	-0.1389	399	14	enet	0.43	5e-20	0.5531	0.5802
Brain_Hippocampus	/media/kame/Data/_workings/resource/GTEv8//GTExv8.EUR.Brain_Hippocampus/ENSG00000144867.11.wgt.RDat	ENSG00000144867.11	3	133784032	133784033	0.2293	rs2692692	5.11	rs4241357	0.085395	4.61	1.26911	484	9	enet	0.1	4.2e-05	0.58569	0.55808
Brain_Hippocampus	/media/kame/Data/_workings/resource/GTEv8//GTExv8.EUR.Brain_Hippocampus/ENSG00000260633.1.wgt.RDat	ENSG00000260633.1	3	134349232	134349233	0.2605	rs2692692	5.11	rs3732852	0.227146	6.04	0.00912	440	28	enet	0.19	2.1e-08	0.15348	0.87802
Brain_Hippocampus	/media/kame/Data/_workings/resource/GTEv8//GTExv8.EUR.Brain_Hippocampus/ENSG00000182923.16.wgt.RDat	ENSG00000182923.16	3	134486026	134486027	0.2316	rs6779053	4.21	rs4074521	0.080665	-4.25	0.17396	468	43	enet	0.052	0.003	-0.23394	0.81503
Brain_Hippocampus	/media/kame/Data/_workings/resource/GTEv8//GTExv8.EUR.Brain_Hippocampus/ENSG00000129055.12.wgt.RDat	ENSG00000129055.12	3	134486715	134486716	0.2265	rs6779053	4.21	rs9876658	0.096694	-4.09	-0.81396	469	3	enet	0.021	0.043	0.57639	0.56435
Brain_Hippocampus	/media/kame/Data/_workings/resource/GTEv8//GTExv8.EUR.Brain_Hippocampus/ENSG00000114054.13.wgt.RDat	ENSG00000114054.13	3	136250305	136250306	0.166	rs6771997	-8.31	rs11717954	0.042898	3.99	-3.41816	284	13	enet	0.031	0.018	-2.98237	0.00286
Brain_Hippocampus	/media/kame/Data/_workings/resource/GTEv8//GTExv8.EUR.Brain_Hippocampus/ENSG00000261758.1.wgt.RDat	ENSG00000261758.1	3	136752629	136752630	0.4341	rs6439686	-7.65	rs1153877	0.283494	7.35	-1.28229	340	24	enet	0.28	2e-12	-0.35458	0.72291
Brain_Hippocampus	/media/kame/Data/_workings/resource/GTEv8//GTExv8.EUR.Brain_Hippocampus/ENSG00000273486.1.wgt.RDat	ENSG00000273486.1	3	136839020	136839021	0.3683	rs13096023	-7.87	rs9682106	0.32785	-7.36	0.57743	338	36	enet	0.35	1.2e-15	-1.087	0.27704
Brain_Hippocampus	/media/kame/Data/_workings/resource/GTEv8//GTExv8.EUR.Brain_Hippocampus/ENSG00000158234.12.wgt.RDat	ENSG00000158234.12	3	138608608	138608609	0.2029	rs13043	4.03	rs1679167	0.021505	-3.47	1.77034	272	2	enet	-0.0064	0.81	-1.82372	0.06819
Brain_Hippocampus	/media/kame/Data/_workings/resource/GTEv8//GTExv8.EUR.Brain_Hippocampus/ENSG00000175110.11.wgt.RDat	ENSG00000175110.11	3	139110403	139110404	0.3865	rs295507	-6.51	rs10513063	0.225851	6.13	-3.27161	338	21	enet	0.22	7.1e-10	-2.00395	0.04508
Brain_Hippocampus	/media/kame/Data/_workings/resource/GTEv8//GTExv8.EUR.Brain_Hippocampus/ENSG00000272656.1.wgt.RDat	ENSG00000272656.1	3	139349326	139349327	0.2098	rs295507	-6.51	rs893704	0.010922	3.87	1.67543	421	25	enet	0.052	0.0029	-2.52876	0.01145
Brain_Hippocampus	/media/kame/Data/_workings/resource/GTEv8//GTExv8.EUR.Brain_Hippocampus/ENSG00000163864.15.wgt.RDat	ENSG00000163864.15	3	139678016	139678017	0.2078	rs295507	-6.51	rs9683206	0.01305	-3.77	2.23249	524	14	enet	0.012	0.095	2.76273	0.00573
Brain_Hippocampus	/media/kame/Data/_workings/resource/GTEv8//GTExv8.EUR.Brain_Hippocampus/ENSG00000152952.11.wgt.RDat	ENSG00000152952.11	3	146163652	146163653	0.1788	rs1606264	3.26	rs7651139	0.059202	4.34	0.25111	455	23	enet	0.037	0.01	-0.00889	0.99291
Brain_Hippocampus	/media/kame/Data/_workings/resource/GTEv8//GTExv8.EUR.Brain_Hippocampus/ENSG00000071794.15.wgt.RDat	ENSG00000071794.15	3	149086553	149086554	0.2423	rs34511938	4.61	rs11715474	0.015421	4.31	0.12774	567	12	enet	-0.0029	0.45	0.18435	0.85374
Brain_Hippocampus	/media/kame/Data/_workings/resource/GTEv8//GTExv8.EUR.Brain_Hippocampus/ENSG00000114744.8.wgt.RDat	ENSG00000114744.8	3	149752498	149752499	0.3543	rs34511938	4.61	rs1002896	0.116621	5.68	-0.25954	477	29	enet	0.17	1.4e-07	0.06363	0.94926
Brain_Hippocampus	/media/kame/Data/_workings/resource/GTEv8//GTExv8.EUR.Brain_Hippocampus/ENSG00000243321.3.wgt.RDat	ENSG00000243321.3	3	150080116	150080117	0.1979	rs4681618	4.81	rs13066347	0.125561	-4.41	-0.0832	410	8	enet	0.079	3e-04	0.04464	0.96439
Brain_Hippocampus	/media/kame/Data/_workings/resource/GTEv8//GTExv8.EUR.Brain_Hippocampus/ENSG00000144895.11.wgt.RDat	ENSG00000144895.11	3	150552353	150552354	0.6803	rs4681618	4.81	rs7631671	0.460128	-8.33	-0.10118	434	17	enet	0.47	3.3e-22	0.96685	0.33362
Brain_Hippocampus	/media/kame/Data/_workings/resource/GTEv8//GTExv8.EUR.Brain_Hippocampus/ENSG00000240137.5.wgt.RDat	ENSG00000240137.5	3	150704042	150704043	0.4196	rs4681618	4.81	rs13074670	0.142486	-5.24	1.72574	409	15	enet	0.078	0.00031	-1.43393	0.15159
Brain_Hippocampus	/media/kame/Data/_workings/resource/GTEv8//GTExv8.EUR.Brain_Hippocampus/ENSG00000243069.7.wgt.RDat	ENSG00000243069.7	3	154121331	154121332	0.2129	rs6440914	-6.11	rs7426835	0.013912	3.97	1.51189	392	24	enet	0.1	3.9e-05	2.32032	0.02032
Brain_Hippocampus	/media/kame/Data/_workings/resource/GTEv8//GTExv8.EUR.Brain_Hippocampus/ENSG00000114850.6.wgt.RDat	ENSG00000114850.6	3	156555183	156555184	0.3159	rs10936033	-4.46	rs16826288	0.026339	-4.26	-2.65342	397	60	enet	0.0074	0.15	1.28608	0.19841
Brain_Hippocampus	/media/kame/Data/_workings/resource/GTEv8//GTExv8.EUR.Brain_Hippocampus/ENSG00000243926.1.wgt.RDat	ENSG00000243926.1	3	156674340	156674341	0.1522	rs10936033	-4.46	rs10936058	0.012374	-3.34	-1.60884	431	13	enet	0.0025	0.24	0.87275	0.3828
Brain_Hippocampus	/media/kame/Data/_workings/resource/GTEv8//GTExv8.EUR.Brain_Hippocampus/ENSG00000244515.1.wgt.RDat	ENSG00000244515.1	3	157163931	157163932	0.4066	rs7651446	-3.91	rs4680349	0.183624	-5.36	-0.19889	418	25	enet	0.15	7e-07	0.91137	0.3621
Brain_Hippocampus	/media/kame/Data/_workings/resource/GTEv8//GTExv8.EUR.Brain_Hippocampus/ENSG00000174891.12.wgt.RDat	ENSG00000174891.12	3	158107788	158107789	0.2435	rs6779266	8.9	rs11708784	0.022907	-4.1	-0.4013	319	28	enet	0.095	7.2e-05	2.08762	0.03683
Brain_Hippocampus	/media/kame/Data/_workings/resource/GTEv8//GTExv8.EUR.Brain_Hippocampus/ENSG00000168827.14.wgt.RDat	ENSG00000168827.14	3	158644277	158644278	0.2858	rs6779266	8.9	rs1864506	0.233175	-6.05	-0.13398	387	14	enet	0.16	2.3e-07	0.13833	0.88998
Brain_Hippocampus	/media/kame/Data/_workings/resource/GTEv8//GTExv8.EUR.Brain_Hippocampus/ENSG00000079257.7.wgt.RDat	ENSG00000079257.7	3	158672692	158672693	0.2101	rs827117	8.43	rs17642107	0.135161	4.89	-0.16491	391	12	enet	0.034	0.014	-0.09467	0.92458
Brain_Hippocampus	/media/kame/Data/_workings/resource/GTEv8//GTExv8.EUR.Brain_Hippocampus/ENSG00000272087.1.wgt.RDat	ENSG00000272087.1	3	158693767	158693768	0.1987	rs827117	8.43	rs6804249	0.066097	-4.42	-3.20823	392	29	enet	0.096	6.8e-05	1.09947	0.27157
Brain_Hippocampus	/media/kame/Data/_workings/resource/GTEv8//GTExv8.EUR.Brain_Hippocampus/ENSG00000240207.6.wgt.RDat	ENSG00000240207.6	3	158734560	158734561	0.4848	rs827117	8.43	rs12489730	0.179415	6.33	-0.48628	398	22	enet	0.38	4.5e-17	-0.78166	0.43441
Brain_Hippocampus	/media/kame/Data/_workings/resource/GTEv8//GTExv8.EUR.Brain_Hippocampus/ENSG00000241211.1.wgt.RDat	ENSG00000241211.1	3	159768611	159768612	0.2858	rs719070	-5.89	rs3911714	0.061495	-4.42	0.27798	361	15	enet	0.12	1.2e-05	0.03602	0.97127
Brain_Hippocampus	/media/kame/Data/_workings/resource/GTEv8//GTExv8.EUR.Brain_Hippocampus/ENSG00000151967.18.wgt.RDat	ENSG00000151967.18	3	159839860	159839861	0.2038	rs719070	-5.89	rs3911714	0.033439	3.88	0.27798	351	19	enet	-0.0054	0.66	0.30028	0.76396
Brain_Hippocampus	/media/kame/Data/_workings/resource/GTEv8//GTExv8.EUR.Brain_Hippocampus/ENSG00000068885.14.wgt.RDat	ENSG00000068885.14	3	160399272	160399273	0.1346	rs1953510	-4.68	rs4091703	0.119579	-4.51	-0.74061	375	23	enet	0.11	1.8e-05	0.19116	0.8484
Brain_Hippocampus	/media/kame/Data/_workings/resource/GTEv8//GTExv8.EUR.Brain_Hippocampus/ENSG00000196542.8.wgt.RDat	ENSG00000196542.8	3	161372879	161372880	0.1683	rs4856727	4.4	rs4856703	0.016794	3.49	-0.07465	375	20	enet	0.033	0.015	-0.17316	0.86252
Brain_Hippocampus	/media/kame/Data/_workings/resource/GTEv8//GTExv8.EUR.Brain_Hippocampus/ENSG00000241767.2.wgt.RDat	ENSG00000241767.2	3	164831479	164831480	0.2354	rs1955377	4.45	rs7652815	0.224368	5.87	2.56129	277	22	enet	0.2	7.5e-09	2.19417	0.02822
Brain_Hippocampus	/media/kame/Data/_workings/resource/GTEv8//GTExv8.EUR.Brain_Hippocampus/ENSG00000242268.2.wgt.RDat	ENSG00000242268.2	3	168903365	168903366	0.1938	rs1420461	3.29	rs16853486	0.005509	-3.19	-2.05874	392	37	enet	-0.0014	0.38	0.44746	0.65454
Brain_Hippocampus	/media/kame/Data/_workings/resource/GTEv8//GTExv8.EUR.Brain_Hippocampus/ENSG00000241416.1.wgt.RDat	ENSG00000241416.1	3	170495626	170495627	0.3104	rs11925129	4.62	rs1861938	0.039217	-4.3	0.36326	359	47	enet	0.092	9.9e-05	-0.62933	0.52913
Brain_Hippocampus	/media/kame/Data/_workings/resource/GTEv8//GTExv8.EUR.Brain_Hippocampus/ENSG00000013293.5.wgt.RDat	ENSG00000013293.5	3	170586073	170586074	0.2296	rs531404	-3.6	rs17289605	-0.000319	-3.12	2.79449	354	41	enet	0.018	0.055	-0.93215	0.35126
Brain_Hippocampus	/media/kame/Data/_workings/resource/GTEv8//GTExv8.EUR.Brain_Hippocampus/ENSG00000171121.16.wgt.RDat	ENSG00000171121.16	3	179267001	179267002	0.2246	rs9812373	-5.43	rs9866361	0.010615	3.75	-0.15639	362	3	enet	0.015	0.074	-0.10835	0.91372
Brain_Hippocampus	/media/kame/Data/_workings/resource/GTEv8//GTExv8.EUR.Brain_Hippocampus/ENSG00000121864.9.wgt.RDat	ENSG00000121864.9	3	179322990	179322991	0.1578	rs9812373	-5.43	rs1362650	0.109177	4.52	0.10646	362	10	enet	0.058	0.0018	0.06259	0.95009
Brain_Hippocampus	/media/kame/Data/_workings/resource/GTEv8//GTExv8.EUR.Brain_Hippocampus/ENSG00000171109.18.wgt.RDat	ENSG00000171109.18	3	179347691	179347692	0.4188	rs9812373	-5.43	rs11714353	0.21085	-5.94	0.11474	347	32	enet	0.26	2.3e-11	0.18718	0.85152
Brain_Hippocampus	/media/kame/Data/_workings/resource/GTEv8//GTExv8.EUR.Brain_Hippocampus/ENSG00000163728.10.wgt.RDat	ENSG00000163728.10	3	180602129	180602130	0.1126	rs7431270	5.25	rs7636793	0.098054	4.74	3.13505	235	6	enet	0.095	7.1e-05	2.81719	0.00484
Brain_Hippocampus	/media/kame/Data/_workings/resource/GTEv8//GTExv8.EUR.Brain_Hippocampus/ENSG00000241231.1.wgt.RDat	ENSG00000241231.1	3	181442485	181442486	0.5121	rs12633623	-3	rs1351236	0.481784	-8.68	0.56134	257	18	enet	0.43	6.1e-20	-0.70752	0.47924
Brain_Hippocampus	/media/kame/Data/_workings/resource/GTEv8//GTExv8.EUR.Brain_Hippocampus/ENSG00000078070.12.wgt.RDat	ENSG00000078070.12	3	183116074	183116075	0.2851	rs906718	4.71	rs1502762	0.015947	-3.77	-0.1033	399	20	enet	0.0012	0.28	-0.03649	0.97089
Brain_Hippocampus	/media/kame/Data/_workings/resource/GTEv8//GTExv8.EUR.Brain_Hippocampus/ENSG00000240024.5.wgt.RDat	ENSG00000240024.5	3	183447607	183447608	0.2163	rs13068114	-5.47	rs9826761	0.10215	-4.63	0.71861	419	14	enet	0.051	0.0031	-0.0548	0.9563
Brain_Hippocampus	/media/kame/Data/_workings/resource/GTEv8//GTExv8.EUR.Brain_Hippocampus/ENSG00000114796.15.wgt.RDat	ENSG00000114796.15	3	183635567	183635568	0.1995	rs13068114	-5.47	rs2313450	0.074994	-4.78	-0.39396	468	36	enet	0.11	2e-05	0.45416	0.64971
Brain_Hippocampus	/media/kame/Data/_workings/resource/GTEv8//GTExv8.EUR.Brain_Hippocampus/ENSG00000233885.7.wgt.RDat	ENSG00000233885.7	3	183810473	183810474	0.5678	rs13068114	-5.47	rs262957	0.502839	8.69	0.16975	474	28	enet	0.48	2.7e-23	0.2563	0.79772
Brain_Hippocampus	/media/kame/Data/_workings/resource/GTEv8//GTExv8.EUR.Brain_Hippocampus/ENSG00000114770.16.wgt.RDat	ENSG00000114770.16	3	184018014	184018015	0.2878	rs13068114	-5.47	rs1000002	0.137467	5.09	0.22969	480	31	enet	0.15	7.3e-07	-1.05554	0.29118
Brain_Hippocampus	/media/kame/Data/_workings/resource/GTEv8//GTExv8.EUR.Brain_Hippocampus/ENSG00000175166.16.wgt.RDat	ENSG00000175166.16	3	184298708	184298709	0.4009	rs2233465	5	rs6845	0.038005	-5.06	0.73613	524	30	enet	0.076	0.00038	-1.69753	0.0896
Brain_Hippocampus	/media/kame/Data/_workings/resource/GTEv8//GTExv8.EUR.Brain_Hippocampus/ENSG00000156931.15.wgt.RDat	ENSG00000156931.15	3	184812142	184812143	0.5632	rs7626092	3.86	rs16859583	0.332675	7.23	0.35563	426	26	enet	0.4	1.4e-18	0.53611	0.59188
Brain_Hippocampus	/media/kame/Data/_workings/resource/GTEv8//GTExv8.EUR.Brain_Hippocampus/ENSG00000187068.2.wgt.RDat	ENSG00000187068.2	3	185153013	185153014	0.2973	rs7643981	4.65	rs4589907	0.040964	-4.5	-1.44987	380	19	enet	0.022	0.038	1.30734	0.1911
Brain_Hippocampus	/media/kame/Data/_workings/resource/GTEv8//GTExv8.EUR.Brain_Hippocampus/ENSG00000136514.2.wgt.RDat	ENSG00000136514.2	3	187368331	187368332	0.2824	rs1568302	6.27	rs1003995	0.122121	4.57	0.99364	571	21	enet	0.027	0.026	0.74318	0.45737
Brain_Hippocampus	/media/kame/Data/_workings/resource/GTEv8//GTExv8.EUR.Brain_Hippocampus/ENSG00000163347.5.wgt.RDat	ENSG00000163347.5	3	190322474	190322475	0.2492	rs6780419	-5.81	rs7630034	-0.006669	-3.52	0.94436	545	44	enet	0.0013	0.28	-0.37641	0.70661
Brain_Hippocampus	/media/kame/Data/_workings/resource/GTEv8//GTExv8.EUR.Brain_Hippocampus/ENSG00000188729.6.wgt.RDat	ENSG00000188729.6	3	191199240	191199241	0.222	rs1916636	-5.09	rs6780671	0.064814	4.36	-0.07011	477	23	enet	0.054	0.0025	0.31448	0.75316
Brain_Hippocampus	/media/kame/Data/_workings/resource/GTEv8//GTExv8.EUR.Brain_Hippocampus/ENSG00000152492.13.wgt.RDat	ENSG00000152492.13	3	191329076	191329077	0.2899	rs1916636	-5.09	rs1520203	0.151015	-4.89	1.94603	468	37	enet	0.087	0.00014	-1.55265	0.12051
Brain_Hippocampus	/media/kame/Data/_workings/resource/GTEv8//GTExv8.EUR.Brain_Hippocampus/ENSG00000236297.1.wgt.RDat	ENSG00000236297.1	3	193579464	193579465	0.2609	rs997552	6.15	rs7652334	0.212311	5.69	1.02739	462	21	enet	0.11	1.4e-05	0.64014	0.52208
Brain_Hippocampus	/media/kame/Data/_workings/resource/GTEv8//GTExv8.EUR.Brain_Hippocampus/ENSG00000145014.17.wgt.RDat	ENSG00000145014.17	3	194633688	194633689	0.3712	rs2153519	5.27	rs1055161	0.177549	5.6	0.45194	542	27	enet	0.13	2.6e-06	0.56996	0.56871
Brain_Hippocampus	/media/kame/Data/_workings/resource/GTEv8//GTExv8.EUR.Brain_Hippocampus/ENSG00000041802.10.wgt.RDat	ENSG00000041802.10	3	194672476	194672477	0.6494	rs2153519	5.27	rs3821402	0.39009	7.82	0.15603	535	12	enet	0.31	7.3e-14	0.16338	0.87022
Brain_Hippocampus	/media/kame/Data/_workings/resource/GTEv8//GTExv8.EUR.Brain_Hippocampus/ENSG00000114331.13.wgt.RDat	ENSG00000114331.13	3	195443077	195443078	0.2919	rs903310	3.87	rs13062518	0.157359	5.43	0.50538	362	10	enet	0.082	0.00022	0.48246	0.62948
Brain_Hippocampus	/media/kame/Data/_workings/resource/GTEv8//GTExv8.EUR.Brain_Hippocampus/ENSG00000189058.8.wgt.RDat	ENSG00000189058.8	3	195584204	195584205	0.2257	rs903310	3.87	rs2688492	0.006879	3.6	-0.82846	307	16	enet	0.03	0.019	-0.36111	0.71802
Brain_Hippocampus	/media/kame/Data/_workings/resource/GTEv8//GTExv8.EUR.Brain_Hippocampus/ENSG00000224769.1.wgt.RDat	ENSG00000224769.1	3	195614946	195614947	0.5955	rs903310	3.87	rs4677617	0.1605	5.84	0.87624	305	35	enet	0.21	1.8e-09	0.62216	0.53384
Brain_Hippocampus	/media/kame/Data/_workings/resource/GTEv8//GTExv8.EUR.Brain_Hippocampus/ENSG00000271662.1.wgt.RDat	ENSG00000271662.1	3	195651471	195651472	0.3481	rs903310	3.87	rs6773702	0.105432	-4.88	0.41207	290	15	enet	0.052	0.0029	-0.53737	0.59101
Brain_Hippocampus	/media/kame/Data/_workings/resource/GTEv8//GTExv8.EUR.Brain_Hippocampus/ENSG00000229178.1.wgt.RDat	ENSG00000229178.1	3	195657926	195657927	0.6305	rs9847298	2.7	rs6773702	0.246425	-6.17	0.41207	287	35	enet	0.24	1.1e-10	0.13399	0.89341
Brain_Hippocampus	/media/kame/Data/_workings/resource/GTEv8//GTExv8.EUR.Brain_Hippocampus/ENSG00000215837.7.wgt.RDat	ENSG00000215837.7	3	195658095	195658096	0.3991	rs9847298	2.7	rs6773702	0.117662	-4.32	0.41207	287	10	enet	0.12	9.6e-06	-0.50287	0.61505
Brain_Hippocampus	/media/kame/Data/_workings/resource/GTEv8//GTExv8.EUR.Brain_Hippocampus/ENSG00000283426.1.wgt.RDat	ENSG00000283426.1	3	195701617	195701618	0.7507	rs9842342	-4.7	rs4677617	0.20076	5.84	0.87624	288	25	enet	0.35	6.1e-16	0.25376	0.79968
Brain_Hippocampus	/media/kame/Data/_workings/resource/GTEv8//GTExv8.EUR.Brain_Hippocampus/ENSG00000176945.16.wgt.RDat	ENSG00000176945.16	3	195720881	195720882	0.6356	rs9842342	-5.56	rs7627129	0.132632	5.5	-0.89219	300	30	enet	0.28	2.6e-12	-0.87057	0.38399
Brain_Hippocampus	/media/kame/Data/_workings/resource/GTEv8//GTExv8.EUR.Brain_Hippocampus/ENSG00000260261.1.wgt.RDat	ENSG00000260261.1	3	195952694	195952695	0.1864	rs9842342	-4.67	rs6773702	0.002036	-3.68	0.41207	284	3	enet	-0.0067	0.97	-0.33797	0.73539
Brain_Hippocampus	/media/kame/Data/_workings/resource/GTEv8//GTExv8.EUR.Brain_Hippocampus/ENSG00000185485.14.wgt.RDat	ENSG00000185485.14	3	195990304	195990305	0.5285	rs9842342	-4.8	rs2291652	0.047014	4.55	0.26735	293	34	enet	0.15	5.7e-07	-0.02073	0.98346
Brain_Hippocampus	/media/kame/Data/_workings/resource/GTEv8//GTExv8.EUR.Brain_Hippocampus/ENSG00000231464.1.wgt.RDat	ENSG00000231464.1	3	195996737	195996738	0.4771	rs9842342	-4.8	rs11926771	0.047191	4.65	0.0987	295	31	enet	0.14	2.2e-06	0.05722	0.95437
Brain_Hippocampus	/media/kame/Data/_workings/resource/GTEv8//GTExv8.EUR.Brain_Hippocampus/ENSG00000163959.9.wgt.RDat	ENSG00000163959.9	3	196211486	196211487	0.2454	rs9842342	-4.84	rs1044988	0.170664	-5.57	0.80525	355	5	enet	0.052	0.003	-0.62018	0.53514
Brain_Hippocampus	/media/kame/Data/_workings/resource/GTEv8//GTExv8.EUR.Brain_Hippocampus/ENSG00000230732.4.wgt.RDat	ENSG00000230732.4	3	196912645	196912646	0.349	rs2089979	5.25	rs555582	0.154764	5.15	-5.01181	445	36	enet	0.12	1.1e-05	-2.55281	0.01069
Brain_Hippocampus	/media/kame/Data/_workings/resource/GTEv8//GTExv8.EUR.Brain_Hippocampus/ENSG00000119227.7.wgt.RDat	ENSG00000119227.7	3	196968870	196968871	0.6904	rs4857596	-10.57	rs4347982	0.383085	7.63	1.51459	462	9	enet	0.35	1.2e-15	1.86312	0.06245
Brain_Hippocampus	/media/kame/Data/_workings/resource/GTEv8//GTExv8.EUR.Brain_Hippocampus/ENSG00000213519.2.wgt.RDat	ENSG00000213519.2	3	197580628	197580629	0.324	rs4857596	-10.57	rs28703192	0.146415	-4.92	-0.0275	377	37	enet	0.082	0.00022	-1.44571	0.14826
Brain_Hippocampus	/media/kame/Data/_workings/resource/GTEv8//GTExv8.EUR.Brain_Hippocampus/ENSG00000214135.8.wgt.RDat	ENSG00000214135.8	3	197627905	197627906	0.2583	rs4857596	-10.57	rs9917735	0.097832	4.56	-0.26972	367	11	enet	0.1	4.5e-05	-0.28889	0.77267
Brain_Hippocampus	/media/kame/Data/_workings/resource/GTEv8//GTExv8.EUR.Brain_Hippocampus/ENSG00000272602.5.wgt.RDat	ENSG00000272602.5	4	53284	53285	0.128	rs1135945	3.89	rs4624610	0.007769	3.36	0.7924	139	18	enet	0.00072	0.29	0.38766	0.698
Brain_Hippocampus	/media/kame/Data/_workings/resource/GTEv8//GTExv8.EUR.Brain_Hippocampus/ENSG00000250312.6.wgt.RDat	ENSG00000250312.6	4	124479	124480	0.536	rs1135945	3.89	rs7699689	0.491025	8.64	0.40858	147	20	enet	0.5	5.2e-24	0.37587	0.707
Brain_Hippocampus	/media/kame/Data/_workings/resource/GTEv8//GTExv8.EUR.Brain_Hippocampus/ENSG00000275426.1.wgt.RDat	ENSG00000275426.1	4	149737	149738	0.459	rs1135945	3.89	rs28716466	0.077302	-4.94	-0.14233	155	8	enet	0.15	3.7e-07	-0.13909	0.889
Brain_Hippocampus	/media/kame/Data/_workings/resource/GTEv8//GTExv8.EUR.Brain_Hippocampus/ENSG00000283183.1.wgt.RDat	ENSG00000283183.1	4	577167	577168	0.195	rs11248044	-6.48	rs6855019	-0.004561	3.5	1.22466	354	16	enet	0.014	0.081	1.43939	0.15
Brain_Hippocampus	/media/kame/Data/_workings/resource/GTEv8//GTExv8.EUR.Brain_Hippocampus/ENSG00000242686.4.wgt.RDat	ENSG00000242686.4	4	656212	656213	0.381	rs11248044	-6.48	rs7436737	0.329238	-7.36	-3.22262	379	14	enet	0.3	1.6e-13	2.63312	0.00846
Brain_Hippocampus	/media/kame/Data/_workings/resource/GTEv8//GTExv8.EUR.Brain_Hippocampus/ENSG00000185619.18.wgt.RDat	ENSG00000185619.18	4	705747	705748	0.464	rs11248044	-6.48	rs10452329	0.226997	-5.92	0.5373	384	22	enet	0.27	6.7e-12	0.12202	0.903
Brain_Hippocampus	/media/kame/Data/_workings/resource/GTEv8//GTExv8.EUR.Brain_Hippocampus/ENSG00000178950.16.wgt.RDat	ENSG00000178950.16	4	932372	932373	0.152	rs11248044	-6.48	rs6832751	0.00829	-4.04	-0.75356	416	16	enet	0.0079	0.14	0.38501	0.7
Brain_Hippocampus	/media/kame/Data/_workings/resource/GTEv8//GTExv8.EUR.Brain_Hippocampus/ENSG00000145214.13.wgt.RDat	ENSG00000145214.13	4	986894	986895	0.499	rs11248044	-6.48	rs11729777	0.102938	-4.4	0.06844	399	41	enet	0.13	2.4e-06	-0.81134	0.417
Brain_Hippocampus	/media/kame/Data/_workings/resource/GTEv8//GTExv8.EUR.Brain_Hippocampus/ENSG00000145217.13.wgt.RDat	ENSG00000145217.13	4	993439	993440	0.276	rs11248044	-6.48	rs3796622	0.123829	5.03	-0.3068	400	20	enet	0.087	0.00014	-0.29832	0.765
Brain_Hippocampus	/media/kame/Data/_workings/resource/GTEv8//GTExv8.EUR.Brain_Hippocampus/ENSG00000090316.15.wgt.RDat	ENSG00000090316.15	4	1289850	1289851	0.207	rs11248044	-6.48	rs1316393	0.026676	3.74	-0.95785	386	8	enet	0.017	0.059	0.13542	0.892
Brain_Hippocampus	/media/kame/Data/_workings/resource/GTEv8//GTExv8.EUR.Brain_Hippocampus/ENSG00000163945.15.wgt.RDat	ENSG00000163945.15	4	1347265	1347266	0.485	rs17728127	-5.83	rs4974613	0.104066	5.02	0.28229	374	41	enet	0.15	7.6e-07	0.82739	0.408
Brain_Hippocampus	/media/kame/Data/_workings/resource/GTEv8//GTExv8.EUR.Brain_Hippocampus/ENSG00000179979.8.wgt.RDat	ENSG00000179979.8	4	1391551	1391552	0.538	rs4532184	-5.51	rs730830	0.177272	5.86	-0.5154	347	52	enet	0.16	1.8e-07	0.87048	0.384
Brain_Hippocampus	/media/kame/Data/_workings/resource/GTEv8//GTExv8.EUR.Brain_Hippocampus/ENSG00000270195.1.wgt.RDat	ENSG00000270195.1	4	1712820	1712821	0.201	rs1250114	-4.69	rs17681105	0.010277	-3.42	-1.0672	271	28	enet	0.042	0.007	0.3732	0.709
Brain_Hippocampus	/media/kame/Data/_workings/resource/GTEv8//GTExv8.EUR.Brain_Hippocampus/ENSG00000168936.10.wgt.RDat	ENSG00000168936.10	4	1721357	1721358	0.365	rs1250114	-4.69	rs2403293	0.206897	-5.74	0.14883	269	22	enet	0.15	4.5e-07	0.79844	0.425
Brain_Hippocampus	/media/kame/Data/_workings/resource/GTEv8//GTExv8.EUR.Brain_Hippocampus/ENSG00000013810.18.wgt.RDat	ENSG00000013810.18	4	1721489	1721490	0.306	rs1250114	-4.69	rs2403293	0.076951	-4.21	0.14883	269	17	enet	0.06	0.0015	0.90307	0.366
Brain_Hippocampus	/media/kame/Data/_workings/resource/GTEv8//GTExv8.EUR.Brain_Hippocampus/ENSG00000125388.19.wgt.RDat	ENSG00000125388.19	4	2963607	2963608	0.361	rs3775068	-10.34	rs3021146	0.111509	-4.69	-1.83024	378	32	enet	0.067	0.00083	1.59006	0.112
Brain_Hippocampus	/media/kame/Data/_workings/resource/GTEv8//GTExv8.EUR.Brain_Hippocampus/ENSG00000163956.10.wgt.RDat	ENSG00000163956.10	4	3532558	3532559	0.307	rs2798303	-8.05	rs10937930	0.088246	4.54	-0.78099	327	11	enet	0.038	0.0093	-2.33132	0.0197
Brain_Hippocampus	/media/kame/Data/_workings/resource/GTEv8//GTExv8.EUR.Brain_Hippocampus/ENSG00000247708.7.wgt.RDat	ENSG00000247708.7	4	4542130	4542131	0.281	rs1533095	-3.79	rs7656737	0.029532	-3.93	-0.17436	511	49	enet	0.057	0.0019	0.38018	0.704
Brain_Hippocampus	/media/kame/Data/_workings/resource/GTEv8//GTExv8.EUR.Brain_Hippocampus/ENSG00000184985.16.wgt.RDat	ENSG00000184985.16	4	7192537	7192538	0.382	rs757240	-5.28	rs885310	0.142218	-4.92	0.03993	656	19	enet	0.2	4.5e-09	-0.39395	0.694
Brain_Hippocampus	/media/kame/Data/_workings/resource/GTEv8//GTExv8.EUR.Brain_Hippocampus/ENSG00000170801.9.wgt.RDat	ENSG00000170801.9	4	8269764	8269765	0.398	rs11942146	-4.52	rs7661255	0.030962	-4.31	0.20097	593	17	enet	0.029	0.021	0.08858	0.929
Brain_Hippocampus	/media/kame/Data/_workings/resource/GTEv8//GTExv8.EUR.Brain_Hippocampus/ENSG00000155275.18.wgt.RDat	ENSG00000155275.18	4	8438868	8438869	0.288	rs11942146	-4.52	rs3103067	0.049112	4.15	0.70603	490	17	enet	0.027	0.024	0.44609	0.656
Brain_Hippocampus	/media/kame/Data/_workings/resource/GTEv8//GTExv8.EUR.Brain_Hippocampus/ENSG00000087008.15.wgt.RDat	ENSG00000087008.15	4	8440722	8440723	0.264	rs11942146	-4.52	rs6849528	-0.004893	3.73	-0.21812	489	10	enet	-0.0063	0.8	-0.35653	0.721
Brain_Hippocampus	/media/kame/Data/_workings/resource/GTEv8//GTExv8.EUR.Brain_Hippocampus/ENSG00000205959.3.wgt.RDat	ENSG00000205959.3	4	8482269	8482270	0.259	rs11942146	-4.52	rs2631746	0.121786	5.14	0.35688	469	10	enet	0.089	0.00012	0.51187	0.609
Brain_Hippocampus	/media/kame/Data/_workings/resource/GTEv8//GTExv8.EUR.Brain_Hippocampus/ENSG00000273133.1.wgt.RDat	ENSG00000273133.1	4	15564252	15564253	0.304	rs12508186	8.9	rs4326008	0.073967	3.81	0.0042	546	15	enet	0.042	0.007	1.99508	0.046
Brain_Hippocampus	/media/kame/Data/_workings/resource/GTEv8//GTExv8.EUR.Brain_Hippocampus/ENSG00000237765.6.wgt.RDat	ENSG00000237765.6	4	15681679	15681680	0.389	rs12508186	8.9	rs6815254	0.206464	-5.65	0.01846	556	5	enet	0.17	7.9e-08	0.17373	0.862
Brain_Hippocampus	/media/kame/Data/_workings/resource/GTEv8//GTExv8.EUR.Brain_Hippocampus/ENSG00000214846.4.wgt.RDat	ENSG00000214846.4	4	15731626	15731627	0.214	rs12508186	8.9	rs10023845	0.008139	3.93	-1.47211	549	24	enet	0.084	0.00019	-0.90803	0.364
Brain_Hippocampus	/media/kame/Data/_workings/resource/GTEv8//GTExv8.EUR.Brain_Hippocampus/ENSG00000249506.3.wgt.RDat	ENSG00000249506.3	4	16397322	16397323	0.573	rs284210	-4.69	rs1501146	0.384738	7.59	-3.4421	579	19	enet	0.35	8.5e-16	-3.60824	0.000308
Brain_Hippocampus	/media/kame/Data/_workings/resource/GTEv8//GTExv8.EUR.Brain_Hippocampus/ENSG00000151552.11.wgt.RDat	ENSG00000151552.11	4	17512233	17512234	0.298	rs13130097	-5.57	rs699459	0.102569	4.6	0.69173	456	20	enet	0.044	0.0059	0.51823	0.604
Brain_Hippocampus	/media/kame/Data/_workings/resource/GTEv8//GTExv8.EUR.Brain_Hippocampus/ENSG00000163138.18.wgt.RDat	ENSG00000163138.18	4	20696281	20696282	0.315	rs1364839	-4.54	rs1365580	0.147039	-5.05	1.03141	477	38	enet	0.19	1.4e-08	-0.5705	0.568
Brain_Hippocampus	/media/kame/Data/_workings/resource/GTEv8//GTExv8.EUR.Brain_Hippocampus/ENSG00000152990.13.wgt.RDat	ENSG00000152990.13	4	22516053	22516054	0.174	rs430976	-3.27	rs1843485	0.138141	4.94	-0.92535	351	5	enet	0.1	3.6e-05	-0.56442	0.572
Brain_Hippocampus	/media/kame/Data/_workings/resource/GTEv8//GTExv8.EUR.Brain_Hippocampus/ENSG00000281501.1.wgt.RDat	ENSG00000281501.1	4	25160640	25160641	0.664	rs1996182	6.63	rs16876882	0.379513	-7.62	0.50298	543	37	enet	0.39	9e-18	-0.51422	0.607
Brain_Hippocampus	/media/kame/Data/_workings/resource/GTEv8//GTExv8.EUR.Brain_Hippocampus/ENSG00000053900.10.wgt.RDat	ENSG00000053900.10	4	25377212	25377213	0.308	rs1996182	6.63	rs6840622	0.174525	5.86	-2.6986	539	9	enet	0.16	1.8e-07	-3.37773	0.000731
Brain_Hippocampus	/media/kame/Data/_workings/resource/GTEv8//GTExv8.EUR.Brain_Hippocampus/ENSG00000240005.5.wgt.RDat	ENSG00000240005.5	4	26860598	26860599	0.503	rs6856464	6.73	rs4505809	0.428959	8.18	-0.10766	362	17	enet	0.4	1.5e-18	0.05134	0.959
Brain_Hippocampus	/media/kame/Data/_workings/resource/GTEv8//GTExv8.EUR.Brain_Hippocampus/ENSG00000251410.1.wgt.RDat	ENSG00000251410.1	4	27985062	27985063	0.325	rs11736171	5.74	rs12645652	0.160752	-5.03	0.08675	404	43	enet	0.12	9.8e-06	-0.74552	0.456
Brain_Hippocampus	/media/kame/Data/_workings/resource/GTEv8//GTExv8.EUR.Brain_Hippocampus/ENSG00000169299.13.wgt.RDat	ENSG00000169299.13	4	37826632	37826633	0.228	rs12505080	-5.46	rs1115683	0.124866	4.61	0.28358	667	21	enet	0.066	0.00089	0.24528	0.806
Brain_Hippocampus	/media/kame/Data/_workings/resource/GTEv8//GTExv8.EUR.Brain_Hippocampus/ENSG00000231160.9.wgt.RDat	ENSG00000231160.9	4	38664882	38664883	0.518	rs4833071	6.27	rs2126526	0.281599	6.63	1.6336	583	16	enet	0.37	7.9e-17	0.76298	0.445
Brain_Hippocampus	/media/kame/Data/_workings/resource/GTEv8//GTExv8.EUR.Brain_Hippocampus/ENSG00000197712.11.wgt.RDat	ENSG00000197712.11	4	38867676	38867677	0.196	rs4833071	6.27	rs11730661	0.144197	5.29	-0.34074	505	7	enet	0.13	3.5e-06	-0.3215	0.748
Brain_Hippocampus	/media/kame/Data/_workings/resource/GTEv8//GTExv8.EUR.Brain_Hippocampus/ENSG00000249685.1.wgt.RDat	ENSG00000249685.1	4	39133912	39133913	0.287	rs11940694	-7	rs9996285	0.067024	-4.53	0.42965	451	19	enet	0.028	0.022	-0.22964	0.818
Brain_Hippocampus	/media/kame/Data/_workings/resource/GTEv8//GTExv8.EUR.Brain_Hippocampus/ENSG00000134962.6.wgt.RDat	ENSG00000134962.6	4	39406852	39406853	0.366	rs11940694	-7	rs2249563	0.153403	-5.25	0.06622	407	18	enet	0.053	0.0026	-1.91511	0.0555
Brain_Hippocampus	/media/kame/Data/_workings/resource/GTEv8//GTExv8.EUR.Brain_Hippocampus/ENSG00000163682.15.wgt.RDat	ENSG00000163682.15	4	39458585	39458586	0.707	rs11940694	-7	rs2249563	0.535462	9	0.06622	372	33	enet	0.5	4.3e-24	0.61364	0.539
Brain_Hippocampus	/media/kame/Data/_workings/resource/GTEv8//GTExv8.EUR.Brain_Hippocampus/ENSG00000224097.5.wgt.RDat	ENSG00000224097.5	4	39480254	39480255	0.181	rs11940694	-7	rs11937734	0.037298	4.4	-3.22521	365	23	enet	0.039	0.0088	-0.90571	0.365
Brain_Hippocampus	/media/kame/Data/_workings/resource/GTEv8//GTExv8.EUR.Brain_Hippocampus/ENSG00000014824.13.wgt.RDat	ENSG00000014824.13	4	41990471	41990472	0.183	rs6447132	-9.57	rs1507086	0.001797	3.96	-4.3987	422	28	enet	0.092	9.5e-05	0.03904	0.969
Brain_Hippocampus	/media/kame/Data/_workings/resource/GTEv8//GTExv8.EUR.Brain_Hippocampus/ENSG00000188848.15.wgt.RDat	ENSG00000188848.15	4	42152877	42152878	0.256	rs6447132	-9.57	rs6447133	0.03124	4.11	-7.06375	445	11	enet	0.067	0.00083	-4.96563	6.85e-07
Brain_Hippocampus	/media/kame/Data/_workings/resource/GTEv8//GTExv8.EUR.Brain_Hippocampus/ENSG00000178343.4.wgt.RDat	ENSG00000178343.4	4	42397838	42397839	0.315	rs6447132	-9.57	rs13123554	0.118157	-5.33	-0.32673	482	17	enet	0.13	3e-06	-0.13632	0.892
Brain_Hippocampus	/media/kame/Data/_workings/resource/GTEv8//GTExv8.EUR.Brain_Hippocampus/ENSG00000251350.1.wgt.RDat	ENSG00000251350.1	4	44016860	44016861	0.513	rs7689034	-8.85	rs4321670	0.248241	6.36	-0.89743	291	19	enet	0.23	2.2e-10	-1.37927	0.168
Brain_Hippocampus	/media/kame/Data/_workings/resource/GTEv8//GTExv8.EUR.Brain_Hippocampus/ENSG00000177752.14.wgt.RDat	ENSG00000177752.14	4	44678425	44678426	0.176	rs7673477	10.4	rs11725120	0.01855	4.09	-0.34012	372	23	enet	0.047	0.0043	-1.08726	0.277
Brain_Hippocampus	/media/kame/Data/_workings/resource/GTEv8//GTExv8.EUR.Brain_Hippocampus/ENSG00000151806.13.wgt.RDat	ENSG00000151806.13	4	44678556	44678557	0.383	rs7673477	10.4	rs12499960	0.224551	-6.36	-1.00421	372	19	enet	0.23	4.1e-10	0.88884	0.374
Brain_Hippocampus	/media/kame/Data/_workings/resource/GTEv8//GTExv8.EUR.Brain_Hippocampus/ENSG00000163281.11.wgt.RDat	ENSG00000163281.11	4	44726594	44726595	0.321	rs7673477	10.4	rs12499960	0.148653	5.28	-1.00421	375	20	enet	0.16	1.5e-07	-0.92934	0.353
Brain_Hippocampus	/media/kame/Data/_workings/resource/GTEv8//GTExv8.EUR.Brain_Hippocampus/ENSG00000249330.1.wgt.RDat	ENSG00000249330.1	4	46390254	46390255	0.119	rs1504501	8.26	rs11721335	0.049799	4.3	-3.78573	248	8	enet	0.0076	0.15	-3.89265	9.92e-05
Brain_Hippocampus	/media/kame/Data/_workings/resource/GTEv8//GTExv8.EUR.Brain_Hippocampus/ENSG00000151834.15.wgt.RDat	ENSG00000151834.15	4	46475229	46475230	0.208	rs4645250	7.22	rs1545234	0.108439	4.29	4.9832	265	19	enet	0.085	0.00017	1.85193	0.064
Brain_Hippocampus	/media/kame/Data/_workings/resource/GTEv8//GTExv8.EUR.Brain_Hippocampus/ENSG00000198515.13.wgt.RDat	ENSG00000198515.13	4	48016671	48016672	0.532	rs13140873	-3.74	rs2289433	0.193522	5.48	0.24666	407	37	enet	0.2	6.9e-09	-0.15476	0.877
Brain_Hippocampus	/media/kame/Data/_workings/resource/GTEv8//GTExv8.EUR.Brain_Hippocampus/ENSG00000184178.15.wgt.RDat	ENSG00000184178.15	4	53366074	53366075	0.287	rs301113	-3.7	rs2133334	0.043694	-4.4	-2.60501	447	48	enet	0.1	4.7e-05	1.39335	0.164
Brain_Hippocampus	/media/kame/Data/_workings/resource/GTEv8//GTExv8.EUR.Brain_Hippocampus/ENSG00000248184.1.wgt.RDat	ENSG00000248184.1	4	54332891	54332892	0.612	rs11732323	-5.3	rs17084171	0.299135	6.9	-0.37488	418	32	enet	0.35	7e-16	-0.31906	0.75
Brain_Hippocampus	/media/kame/Data/_workings/resource/GTEv8//GTExv8.EUR.Brain_Hippocampus/ENSG00000248518.1.wgt.RDat	ENSG00000248518.1	4	54376001	54376002	0.285	rs11732323	-5.3	rs17084171	0.129629	5.25	-0.37488	414	21	enet	0.061	0.0014	-0.62134	0.534
Brain_Hippocampus	/media/kame/Data/_workings/resource/GTEv8//GTExv8.EUR.Brain_Hippocampus/ENSG00000128039.10.wgt.RDat	ENSG00000128039.10	4	55346108	55346109	0.458	rs11727248	5.63	rs12500524	0.062051	4.5	0.02021	400	52	enet	0.17	8.7e-08	0.00104	0.999
Brain_Hippocampus	/media/kame/Data/_workings/resource/GTEv8//GTExv8.EUR.Brain_Hippocampus/ENSG00000249700.8.wgt.RDat	ENSG00000249700.8	4	55395841	55395842	0.181	rs11727248	5.63	rs7664100	0.030276	4.39	-1.36933	393	8	enet	0.043	0.0064	-0.96613	0.334
Brain_Hippocampus	/media/kame/Data/_workings/resource/GTEv8//GTExv8.EUR.Brain_Hippocampus/ENSG00000269949.1.wgt.RDat	ENSG00000269949.1	4	56961372	56961373	0.303	rs10024454	5.39	rs13146090	0.161378	-5.48	-2.2486	542	10	enet	0.096	6.6e-05	2.00169	0.0453
Brain_Hippocampus	/media/kame/Data/_workings/resource/GTEv8//GTExv8.EUR.Brain_Hippocampus/ENSG00000084092.6.wgt.RDat	ENSG00000084092.6	4	56978638	56978639	0.276	rs10024454	5.39	rs10003229	0.058799	-4.41	0.01583	541	4	enet	0.0083	0.14	0.16514	0.869
Brain_Hippocampus	/media/kame/Data/_workings/resource/GTEv8//GTExv8.EUR.Brain_Hippocampus/ENSG00000145241.10.wgt.RDat	ENSG00000145241.10	4	67545605	67545606	0.157	rs1038432	6.04	rs7655850	0.033007	4.6	-2.14569	407	18	enet	0.012	0.093	-2.51682	0.0118
Brain_Hippocampus	/media/kame/Data/_workings/resource/GTEv8//GTExv8.EUR.Brain_Hippocampus/ENSG00000035720.7.wgt.RDat	ENSG00000035720.7	4	67558727	67558728	0.294	rs1038432	6.04	rs6826751	0.246818	6.45	-2.35136	410	7	enet	0.18	5.1e-08	-2.2954	0.0217
Brain_Hippocampus	/media/kame/Data/_workings/resource/GTEv8//GTExv8.EUR.Brain_Hippocampus/ENSG00000033178.12.wgt.RDat	ENSG00000033178.12	4	67701178	67701179	0.204	rs1038432	6.04	rs4860853	0.146689	-5.1	5.4303	402	15	enet	0.036	0.011	-5.00153	5.69e-07
Brain_Hippocampus	/media/kame/Data/_workings/resource/GTEv8//GTExv8.EUR.Brain_Hippocampus/ENSG00000227725.3.wgt.RDat	ENSG00000227725.3	4	68038543	68038544	0.207	rs1038432	6.04	rs1048447	0.032811	3.78	-1.57964	302	21	enet	0.029	0.021	-1.39741	0.162
Brain_Hippocampus	/media/kame/Data/_workings/resource/GTEv8//GTExv8.EUR.Brain_Hippocampus/ENSG00000173542.8.wgt.RDat	ENSG00000173542.8	4	70902325	70902326	0.247	rs1452894	5.12	rs16846228	0.005369	-3.79	-0.46031	318	41	enet	0.057	0.0018	0.83786	0.402
Brain_Hippocampus	/media/kame/Data/_workings/resource/GTEv8//GTExv8.EUR.Brain_Hippocampus/ENSG00000174792.10.wgt.RDat	ENSG00000174792.10	4	75556047	75556048	0.42	rs6838240	7.79	rs2061742	0.255487	6.29	-0.2909	430	9	enet	0.22	7.1e-10	-1.73127	0.0834
Brain_Hippocampus	/media/kame/Data/_workings/resource/GTEv8//GTExv8.EUR.Brain_Hippocampus/ENSG00000138744.14.wgt.RDat	ENSG00000138744.14	4	75940948	75940949	0.33	rs6838240	7.79	rs6826085	0.215657	6.1	-0.66555	450	18	enet	0.21	2e-09	-0.10421	0.917
Brain_Hippocampus	/media/kame/Data/_workings/resource/GTEv8//GTExv8.EUR.Brain_Hippocampus/ENSG00000156219.16.wgt.RDat	ENSG00000156219.16	4	76011183	76011184	0.264	rs6838240	7.79	rs6851864	0.038614	-3.74	2.22278	471	17	enet	0.032	0.016	-1.21738	0.223
Brain_Hippocampus	/media/kame/Data/_workings/resource/GTEv8//GTExv8.EUR.Brain_Hippocampus/ENSG00000138750.14.wgt.RDat	ENSG00000138750.14	4	76148514	76148515	0.291	rs6838240	7.79	rs7664821	0.130477	5.99	-0.04073	484	20	enet	0.2	5.3e-09	-0.22064	0.825
Brain_Hippocampus	/media/kame/Data/_workings/resource/GTEv8//GTExv8.EUR.Brain_Hippocampus/ENSG00000189157.13.wgt.RDat	ENSG00000189157.13	4	76214039	76214040	0.561	rs6838240	7.79	rs1876539	0.365819	-7.5	-0.01137	482	35	enet	0.33	8.9e-15	-0.08324	0.934
Brain_Hippocampus	/media/kame/Data/_workings/resource/GTEv8//GTExv8.EUR.Brain_Hippocampus/ENSG00000118804.8.wgt.RDat	ENSG00000118804.8	4	76306025	76306026	0.607	rs17324276	-4.54	rs3817118	0.119101	-6.52	1.64248	499	20	enet	0.27	8.4e-12	-1.05391	0.292
Brain_Hippocampus	/media/kame/Data/_workings/resource/GTEv8//GTExv8.EUR.Brain_Hippocampus/ENSG00000138758.11.wgt.RDat	ENSG00000138758.11	4	76949702	76949703	0.367	rs17324276	-4.54	rs2645664	0.079476	-4.99	0.43461	569	24	enet	0.086	0.00016	-0.49631	0.62
Brain_Hippocampus	/media/kame/Data/_workings/resource/GTEv8//GTExv8.EUR.Brain_Hippocampus/ENSG00000138767.12.wgt.RDat	ENSG00000138767.12	4	77819614	77819615	0.228	rs9307270	3.91	rs4859871	0.07667	-4.5	-0.78817	433	14	enet	0.1	4.9e-05	0.87397	0.382
Brain_Hippocampus	/media/kame/Data/_workings/resource/GTEv8//GTExv8.EUR.Brain_Hippocampus/ENSG00000270480.1.wgt.RDat	ENSG00000270480.1	4	82691736	82691737	0.24	rs2868760	3.03	rs10030631	0.13993	4.67	1.26094	421	8	enet	0.11	2.4e-05	0.47838	0.632
Brain_Hippocampus	/media/kame/Data/_workings/resource/GTEv8//GTExv8.EUR.Brain_Hippocampus/ENSG00000145284.11.wgt.RDat	ENSG00000145284.11	4	82798856	82798857	0.199	rs6820949	2.94	rs1358056	0.008012	3.69	0.68365	454	12	enet	-0.0026	0.43	-0.06697	0.947
Brain_Hippocampus	/media/kame/Data/_workings/resource/GTEv8//GTExv8.EUR.Brain_Hippocampus/ENSG00000251022.6.wgt.RDat	ENSG00000251022.6	4	82900959	82900960	0.418	rs6820949	2.94	rs4302451	0.39109	-8.03	-2.15032	467	29	enet	0.39	9.2e-18	1.97707	0.048
Brain_Hippocampus	/media/kame/Data/_workings/resource/GTEv8//GTExv8.EUR.Brain_Hippocampus/ENSG00000173083.14.wgt.RDat	ENSG00000173083.14	4	83335152	83335153	0.304	rs7692926	-2.48	rs6848459	0.141157	-4.74	0.15246	385	11	enet	0.13	5e-06	-0.31125	0.756
Brain_Hippocampus	/media/kame/Data/_workings/resource/GTEv8//GTExv8.EUR.Brain_Hippocampus/ENSG00000180769.8.wgt.RDat	ENSG00000180769.8	4	84965681	84965682	0.344	rs978936	-6.44	rs17009317	0.190978	5.85	-0.18008	346	47	enet	0.19	2.3e-08	0.37163	0.71
Brain_Hippocampus	/media/kame/Data/_workings/resource/GTEv8//GTExv8.EUR.Brain_Hippocampus/ENSG00000273389.1.wgt.RDat	ENSG00000273389.1	4	86000477	86000478	0.32	rs4693140	-3.12	rs13110329	0.206001	5.82	0.25712	416	11	enet	0.13	3.2e-06	0.26078	0.794
Brain_Hippocampus	/media/kame/Data/_workings/resource/GTEv8//GTExv8.EUR.Brain_Hippocampus/ENSG00000163629.12.wgt.RDat	ENSG00000163629.12	4	86594314	86594315	0.319	rs2869619	-3.64	rs9990536	0.064888	-5.35	-0.93956	327	23	enet	0.21	2.9e-09	0.75375	0.451
Brain_Hippocampus	/media/kame/Data/_workings/resource/GTEv8//GTExv8.EUR.Brain_Hippocampus/ENSG00000170509.11.wgt.RDat	ENSG00000170509.11	4	87322905	87322906	0.418	rs2869619	-3.64	rs6832102	0.206067	5.73	0.09499	416	16	enet	0.16	1.9e-07	-0.17595	0.86
Brain_Hippocampus	/media/kame/Data/_workings/resource/GTEv8//GTExv8.EUR.Brain_Hippocampus/ENSG00000272856.1.wgt.RDat	ENSG00000272856.1	4	87462279	87462280	0.183	rs9647458	-3.31	rs10001608	0.112607	-4.27	0.00413	473	16	enet	0.049	0.0037	-0.18603	0.852
Brain_Hippocampus	/media/kame/Data/_workings/resource/GTEv8//GTExv8.EUR.Brain_Hippocampus/ENSG00000152583.12.wgt.RDat	ENSG00000152583.12	4	87531060	87531061	0.24	rs9647458	-3.31	rs7673763	0.118454	-4.73	0.04432	495	12	enet	0.089	0.00012	-0.48999	0.624
Brain_Hippocampus	/media/kame/Data/_workings/resource/GTEv8//GTExv8.EUR.Brain_Hippocampus/ENSG00000246375.2.wgt.RDat	ENSG00000246375.2	4	88284941	88284942	0.781	rs3844296	-4.48	rs7656367	0.483963	-8.51	-1.26902	463	17	enet	0.55	1.2e-27	1.10752	0.268
Brain_Hippocampus	/media/kame/Data/_workings/resource/GTEv8//GTExv8.EUR.Brain_Hippocampus/ENSG00000138722.9.wgt.RDat	ENSG00000138722.9	4	89879531	89879532	0.312	rs3775483	-6.88	rs1866995	0.321495	7.08	-0.22751	385	3	enet	0.22	5.9e-10	-0.24072	0.81
Brain_Hippocampus	/media/kame/Data/_workings/resource/GTEv8//GTExv8.EUR.Brain_Hippocampus/ENSG00000152208.12.wgt.RDat	ENSG00000152208.12	4	92303621	92303622	0.309	rs2870360	-5.07	rs1376117	0.223712	6.28	-2.73409	238	5	enet	0.16	1.8e-07	-2.68531	0.00725
Brain_Hippocampus	/media/kame/Data/_workings/resource/GTEv8//GTExv8.EUR.Brain_Hippocampus/ENSG00000138698.14.wgt.RDat	ENSG00000138698.14	4	98261383	98261384	0.225	rs2037832	-3.9	rs10489126	0.035493	3.5	0.84939	341	22	enet	0.045	0.0054	-0.37184	0.71
Brain_Hippocampus	/media/kame/Data/_workings/resource/GTEv8//GTExv8.EUR.Brain_Hippocampus/ENSG00000197894.10.wgt.RDat	ENSG00000197894.10	4	99088800	99088801	0.21	rs10516441	-5.61	rs7662987	0.136407	4.75	-0.10506	496	13	enet	0.11	1.7e-05	-0.22453	0.822
Brain_Hippocampus	/media/kame/Data/_workings/resource/GTEv8//GTExv8.EUR.Brain_Hippocampus/ENSG00000109270.12.wgt.RDat	ENSG00000109270.12	4	99894489	99894490	0.227	rs881980	4.39	rs6842840	0.110053	-4.9	-1.35873	420	25	enet	0.055	0.0022	1.11919	0.263
Brain_Hippocampus	/media/kame/Data/_workings/resource/GTEv8//GTExv8.EUR.Brain_Hippocampus/ENSG00000245322.6.wgt.RDat	ENSG00000245322.6	4	99950005	99950006	0.239	rs881980	4.39	rs36122025	0.084382	4.47	-1.70456	414	24	enet	0.15	5e-07	-1.01981	0.308
Brain_Hippocampus	/media/kame/Data/_workings/resource/GTEv8//GTExv8.EUR.Brain_Hippocampus/ENSG00000248971.2.wgt.RDat	ENSG00000248971.2	4	102730170	102730171	0.162	rs13152048	4.5	rs10516496	-0.001245	-3.92	1.45527	348	18	enet	0.035	0.013	-0.65358	0.513
Brain_Hippocampus	/media/kame/Data/_workings/resource/GTEv8//GTExv8.EUR.Brain_Hippocampus/ENSG00000145354.9.wgt.RDat	ENSG00000145354.9	4	102868977	102868978	0.123	rs6846971	4.02	rs223484	0.020172	-3.6	1.54586	324	44	enet	0.028	0.022	-0.44343	0.657
Brain_Hippocampus	/media/kame/Data/_workings/resource/GTEv8//GTExv8.EUR.Brain_Hippocampus/ENSG00000164039.14.wgt.RDat	ENSG00000164039.14	4	103099882	103099883	0.145	rs17033222	-3.25	rs1580278	0.161084	-5.22	-0.1061	329	10	enet	0.13	4.3e-06	-0.46441	0.642
Brain_Hippocampus	/media/kame/Data/_workings/resource/GTEv8//GTExv8.EUR.Brain_Hippocampus/ENSG00000138778.11.wgt.RDat	ENSG00000138778.11	4	103198408	103198409	0.106	rs17033222	-3.25	rs223452	-0.005085	3.25	1.26991	329	29	enet	-0.0038	0.51	1.02143	0.307
Brain_Hippocampus	/media/kame/Data/_workings/resource/GTEv8//GTExv8.EUR.Brain_Hippocampus/ENSG00000138777.19.wgt.RDat	ENSG00000138777.19	4	105474080	105474081	0.332	rs2189234	10.69	rs2726516	0.099542	-4.89	2.90379	399	42	enet	0.11	1.4e-05	-1.38287	0.167
Brain_Hippocampus	/media/kame/Data/_workings/resource/GTEv8//GTExv8.EUR.Brain_Hippocampus/ENSG00000123739.10.wgt.RDat	ENSG00000123739.10	4	109730076	109730077	0.372	rs2158185	-3.79	rs11728699	0.230743	-6.55	-0.07692	393	17	enet	0.29	1.2e-12	-0.1895	0.85
Brain_Hippocampus	/media/kame/Data/_workings/resource/GTEv8//GTExv8.EUR.Brain_Hippocampus/ENSG00000145365.10.wgt.RDat	ENSG00000145365.10	4	112285902	112285903	0.193	rs7663969	4.47	rs1521477	0.066983	-3.98	-0.72286	381	7	enet	0.033	0.014	-0.05341	0.957
Brain_Hippocampus	/media/kame/Data/_workings/resource/GTEv8//GTExv8.EUR.Brain_Hippocampus/ENSG00000138658.15.wgt.RDat	ENSG00000138658.15	4	112636962	112636963	0.261	rs7663969	4.47	rs17605622	0.11517	5.16	0.96353	459	25	enet	0.15	7.5e-07	-0.02073	0.983
Brain_Hippocampus	/media/kame/Data/_workings/resource/GTEv8//GTExv8.EUR.Brain_Hippocampus/ENSG00000174720.15.wgt.RDat	ENSG00000174720.15	4	112636989	112636990	0.226	rs7663969	4.47	rs10012165	0.040524	3.97	0.94216	459	35	enet	0.087	0.00014	1.1514	0.25
Brain_Hippocampus	/media/kame/Data/_workings/resource/GTEv8//GTExv8.EUR.Brain_Hippocampus/ENSG00000234841.4.wgt.RDat	ENSG00000234841.4	4	112826306	112826307	0.249	rs7663969	4.47	rs13108692	0.103734	5.04	-0.79584	493	23	enet	0.075	0.00041	-0.22473	0.822
Brain_Hippocampus	/media/kame/Data/_workings/resource/GTEv8//GTExv8.EUR.Brain_Hippocampus/ENSG00000260404.3.wgt.RDat	ENSG00000260404.3	4	118591772	118591773	0.328	rs4240320	-8.34	rs11728902	0.092411	-4.65	0.85957	337	73	enet	0.097	6.3e-05	2.2319	0.0256
Brain_Hippocampus	/media/kame/Data/_workings/resource/GTEv8//GTExv8.EUR.Brain_Hippocampus/ENSG00000281731.2.wgt.RDat	ENSG00000281731.2	4	118685340	118685341	0.353	rs4240320	-8.34	rs12509236	0.106474	5.88	-1.03951	347	28	enet	0.17	8.6e-08	-0.20236	0.84
Brain_Hippocampus	/media/kame/Data/_workings/resource/GTEv8//GTExv8.EUR.Brain_Hippocampus/ENSG00000249244.1.wgt.RDat	ENSG00000249244.1	4	119395334	119395335	0.183	rs4320122	3.18	rs1546505	0.130606	5.18	0.21907	441	52	enet	0.14	1.6e-06	0.32949	0.742
Brain_Hippocampus	/media/kame/Data/_workings/resource/GTEv8//GTExv8.EUR.Brain_Hippocampus/ENSG00000283050.1.wgt.RDat	ENSG00000283050.1	4	119454637	119454638	0.289	rs4320122	3.18	rs6846442	0.235517	-6.52	0.28461	415	39	enet	0.24	8e-11	-0.04717	0.962
Brain_Hippocampus	/media/kame/Data/_workings/resource/GTEv8//GTExv8.EUR.Brain_Hippocampus/ENSG00000245958.6.wgt.RDat	ENSG00000245958.6	4	119454790	119454791	0.396	rs4320122	3.18	rs6846442	0.276236	-7.35	0.28461	415	30	enet	0.35	5.6e-16	-0.1009	0.92
Brain_Hippocampus	/media/kame/Data/_workings/resource/GTEv8//GTExv8.EUR.Brain_Hippocampus/ENSG00000138738.10.wgt.RDat	ENSG00000138738.10	4	120922869	120922870	0.279	rs4833680	3.02	rs1452493	0.005513	-3.6	-0.26562	453	44	enet	0.035	0.012	-0.02128	0.983
Brain_Hippocampus	/media/kame/Data/_workings/resource/GTEv8//GTExv8.EUR.Brain_Hippocampus/ENSG00000164111.14.wgt.RDat	ENSG00000164111.14	4	121697112	121697113	0.606	rs4441776	-3.12	rs2306420	0.364926	-7.48	-1.05831	445	20	enet	0.39	9.8e-18	0.19213	0.848
Brain_Hippocampus	/media/kame/Data/_workings/resource/GTEv8//GTExv8.EUR.Brain_Hippocampus/ENSG00000164074.14.wgt.RDat	ENSG00000164074.14	4	127965482	127965483	0.201	rs2276980	-2.52	rs1015111	-0.000918	3	0.68979	262	19	enet	0.0035	0.22	0.36253	0.717
Brain_Hippocampus	/media/kame/Data/_workings/resource/GTEv8//GTExv8.EUR.Brain_Hippocampus/ENSG00000251432.6.wgt.RDat	ENSG00000251432.6	4	128292750	128292751	0.21	rs10518534	3.56	rs1982904	0.078361	4.71	0.14999	290	9	enet	0.083	0.00021	0.16686	0.867
Brain_Hippocampus	/media/kame/Data/_workings/resource/GTEv8//GTExv8.EUR.Brain_Hippocampus/ENSG00000151470.12.wgt.RDat	ENSG00000151470.12	4	129093607	129093608	0.405	rs664645	4.16	rs498435	0.155149	-6.52	-0.23893	373	25	enet	0.3	1.7e-13	0.31947	0.749
Brain_Hippocampus	/media/kame/Data/_workings/resource/GTEv8//GTExv8.EUR.Brain_Hippocampus/ENSG00000251632.1.wgt.RDat	ENSG00000251632.1	4	137545730	137545731	0.389	rs4863533	7.68	rs9685021	0.080416	-4.87	0.16969	408	42	enet	0.12	6.2e-06	0.05184	0.959
Brain_Hippocampus	/media/kame/Data/_workings/resource/GTEv8//GTExv8.EUR.Brain_Hippocampus/ENSG00000251372.5.wgt.RDat	ENSG00000251372.5	4	138309710	138309711	0.368	rs6841624	9.32	rs17301552	0.270457	6.49	-0.68554	471	18	enet	0.29	1.2e-12	0.79202	0.428
Brain_Hippocampus	/media/kame/Data/_workings/resource/GTEv8//GTExv8.EUR.Brain_Hippocampus/ENSG00000249381.1.wgt.RDat	ENSG00000249381.1	4	138425522	138425523	0.578	rs6841624	9.32	rs17301552	0.216432	5.86	-0.68554	473	38	enet	0.35	1.6e-15	0.80542	0.421
Brain_Hippocampus	/media/kame/Data/_workings/resource/GTEv8//GTExv8.EUR.Brain_Hippocampus/ENSG00000145391.13.wgt.RDat	ENSG00000145391.13	4	139606698	139606699	0.247	rs706350	4.8	rs7695171	-0.003097	-3.45	2.3458	448	17	enet	0.00074	0.29	-0.53147	0.595
Brain_Hippocampus	/media/kame/Data/_workings/resource/GTEv8//GTExv8.EUR.Brain_Hippocampus/ENSG00000164136.16.wgt.RDat	ENSG00000164136.16	4	141636598	141636599	0.183	rs11100719	3.63	rs7672861	0.008878	-3.55	-0.18245	379	27	enet	-4e-04	0.33	0.32201	0.747
Brain_Hippocampus	/media/kame/Data/_workings/resource/GTEv8//GTExv8.EUR.Brain_Hippocampus/ENSG00000250326.1.wgt.RDat	ENSG00000250326.1	4	143184860	143184861	0.119	rs893929	5.8	rs300925	0.055762	-4.2	0.21451	290	14	enet	0.043	0.0062	-0.58895	0.556
Brain_Hippocampus	/media/kame/Data/_workings/resource/GTEv8//GTExv8.EUR.Brain_Hippocampus/ENSG00000249741.2.wgt.RDat	ENSG00000249741.2	4	143912052	143912053	0.261	rs6844670	-4.46	rs2666350	0.001492	3.69	0.19443	253	25	enet	0.02	0.046	0.96307	0.336
Brain_Hippocampus	/media/kame/Data/_workings/resource/GTEv8//GTExv8.EUR.Brain_Hippocampus/ENSG00000251600.5.wgt.RDat	ENSG00000251600.5	4	143912330	143912331	0.378	rs6844670	-4.46	rs1849136	0.292766	-7.37	-0.57919	253	26	enet	0.35	7.8e-16	0.19408	0.846
Brain_Hippocampus	/media/kame/Data/_workings/resource/GTEv8//GTExv8.EUR.Brain_Hippocampus/ENSG00000164162.12.wgt.RDat	ENSG00000164162.12	4	145098540	145098541	0.158	rs1992598	-3.22	rs11100883	0.075954	4.19	-0.45622	249	16	enet	0.051	0.0031	-0.63764	0.524
Brain_Hippocampus	/media/kame/Data/_workings/resource/GTEv8//GTExv8.EUR.Brain_Hippocampus/ENSG00000279845.1.wgt.RDat	ENSG00000279845.1	4	146180850	146180851	0.266	rs7680105	5.28	rs6537402	0.135429	-5.29	-0.02311	367	14	enet	0.11	1.5e-05	-0.18579	0.853
Brain_Hippocampus	/media/kame/Data/_workings/resource/GTEv8//GTExv8.EUR.Brain_Hippocampus/ENSG00000059691.11.wgt.RDat	ENSG00000059691.11	4	151761022	151761023	0.164	rs10029800	7.15	rs750090	0.053235	-4.53	-0.57285	391	15	enet	0.098	5.7e-05	0.48316	0.629
Brain_Hippocampus	/media/kame/Data/_workings/resource/GTEv8//GTExv8.EUR.Brain_Hippocampus/ENSG00000164144.15.wgt.RDat	ENSG00000164144.15	4	152779936	152779937	0.309	rs11721759	4.01	rs2004794	0.193518	-5.85	1.6582	384	38	enet	0.13	2.7e-06	-1.30514	0.192
Brain_Hippocampus	/media/kame/Data/_workings/resource/GTEv8//GTExv8.EUR.Brain_Hippocampus/ENSG00000145428.14.wgt.RDat	ENSG00000145428.14	4	153760234	153760235	0.194	rs11938228	-3.55	rs6535918	0.026627	3.53	0.52655	423	7	enet	0.011	0.1	0.20261	0.839
Brain_Hippocampus	/media/kame/Data/_workings/resource/GTEv8//GTExv8.EUR.Brain_Hippocampus/ENSG00000171560.14.wgt.RDat	ENSG00000171560.14	4	154590765	154590766	0.334	rs1025154	5.05	rs6837611	-0.001182	3.64	-0.04515	411	17	enet	0.027	0.025	0.13814	0.89
Brain_Hippocampus	/media/kame/Data/_workings/resource/GTEv8//GTExv8.EUR.Brain_Hippocampus/ENSG00000185149.5.wgt.RDat	ENSG00000185149.5	4	155208628	155208629	0.336	rs7440685	5.03	rs17032501	0.172655	5.71	-0.79799	436	14	enet	0.047	0.0045	-0.89668	0.37
Brain_Hippocampus	/media/kame/Data/_workings/resource/GTEv8//GTExv8.EUR.Brain_Hippocampus/ENSG00000256043.2.wgt.RDat	ENSG00000256043.2	4	155953916	155953917	0.379	rs7440685	5.03	rs10019975	0.100132	-5.09	0.54012	471	44	enet	0.12	8.4e-06	0.2492	0.803
Brain_Hippocampus	/media/kame/Data/_workings/resource/GTEv8//GTExv8.EUR.Brain_Hippocampus/ENSG00000248429.5.wgt.RDat	ENSG00000248429.5	4	158172251	158172252	0.275	rs1032334	-2.33	rs12645131	0.275037	-6.47	-0.14998	301	24	enet	0.26	1.9e-11	0.10974	0.913
Brain_Hippocampus	/media/kame/Data/_workings/resource/GTEv8//GTExv8.EUR.Brain_Hippocampus/ENSG00000171503.11.wgt.RDat	ENSG00000171503.11	4	158672255	158672256	0.351	rs12502731	-2.85	rs11559290	0.286423	-7.08	0.03573	269	24	enet	0.3	2.1e-13	-0.03232	0.974
Brain_Hippocampus	/media/kame/Data/_workings/resource/GTEv8//GTExv8.EUR.Brain_Hippocampus/ENSG00000271817.2.wgt.RDat	ENSG00000271817.2	4	158700690	158700691	0.265	rs12502731	-2.85	rs8396	0.126435	5.15	-1.95938	270	18	enet	0.13	5.3e-06	-0.99776	0.318
Brain_Hippocampus	/media/kame/Data/_workings/resource/GTEv8//GTExv8.EUR.Brain_Hippocampus/ENSG00000164123.6.wgt.RDat	ENSG00000164123.6	4	159038759	159038760	0.267	rs2699029	-3.41	rs7664704	0.149632	5.19	-1.92542	275	17	enet	0.11	2.9e-05	-2.34602	0.019
Brain_Hippocampus	/media/kame/Data/_workings/resource/GTEv8//GTExv8.EUR.Brain_Hippocampus/ENSG00000168843.13.wgt.RDat	ENSG00000168843.13	4	162164034	162164035	0.237	rs17597093	5.09	rs11735781	-0.005182	-3.2	-0.9659	415	35	enet	0.051	0.0032	0.10611	0.915
Brain_Hippocampus	/media/kame/Data/_workings/resource/GTEv8//GTExv8.EUR.Brain_Hippocampus/ENSG00000273449.1.wgt.RDat	ENSG00000273449.1	4	163529770	163529771	0.401	rs6828820	5.88	rs2276979	0.155704	5.79	0.69809	396	9	enet	0.16	1.6e-07	0.51745	0.605
Brain_Hippocampus	/media/kame/Data/_workings/resource/GTEv8//GTExv8.EUR.Brain_Hippocampus/ENSG00000183439.7.wgt.RDat	ENSG00000183439.7	4	164977667	164977668	0.337	rs11727868	-9.46	rs7684974	0.143964	4.78	-0.81225	454	10	enet	0.064	0.0011	-0.60058	0.548
Brain_Hippocampus	/media/kame/Data/_workings/resource/GTEv8//GTExv8.EUR.Brain_Hippocampus/ENSG00000181381.13.wgt.RDat	ENSG00000181381.13	4	168537785	168537786	0.2	rs1392750	-7.39	rs1548315	-0.006728	-3.71	1.03624	524	33	enet	0.00084	0.29	0.69477	0.487
Brain_Hippocampus	/media/kame/Data/_workings/resource/GTEv8//GTExv8.EUR.Brain_Hippocampus/ENSG00000164106.7.wgt.RDat	ENSG00000164106.7	4	173406379	173406380	0.472	rs7655560	2.97	rs7655786	0.410162	7.85	1.55096	327	19	enet	0.42	3.1e-19	1.67919	0.0931
Brain_Hippocampus	/media/kame/Data/_workings/resource/GTEv8//GTExv8.EUR.Brain_Hippocampus/ENSG00000248174.5.wgt.RDat	ENSG00000248174.5	4	174220397	174220398	0.386	rs954926	5.67	rs1992021	0.226352	6.21	1.71305	433	5	enet	0.25	3.7e-11	1.28342	0.199
Brain_Hippocampus	/media/kame/Data/_workings/resource/GTEv8//GTExv8.EUR.Brain_Hippocampus/ENSG00000164118.12.wgt.RDat	ENSG00000164118.12	4	174285433	174285434	0.196	rs954926	5.67	rs6553796	0.050517	4.06	-0.02718	441	23	enet	0.071	0.00057	-0.56703	0.571
Brain_Hippocampus	/media/kame/Data/_workings/resource/GTEv8//GTExv8.EUR.Brain_Hippocampus/ENSG00000249106.1.wgt.RDat	ENSG00000249106.1	4	175790306	175790307	0.214	rs7675676	4.13	rs7673823	0.140943	-5.36	1.40372	368	9	enet	0.11	2.1e-05	-1.04541	0.296
Brain_Hippocampus	/media/kame/Data/_workings/resource/GTEv8//GTExv8.EUR.Brain_Hippocampus/ENSG00000164122.8.wgt.RDat	ENSG00000164122.8	4	176277570	176277571	0.338	rs4690437	5.73	rs17673171	0.087565	-4.77	-0.13766	486	37	enet	0.11	2.8e-05	0.44903	0.653
Brain_Hippocampus	/media/kame/Data/_workings/resource/GTEv8//GTExv8.EUR.Brain_Hippocampus/ENSG00000038002.8.wgt.RDat	ENSG00000038002.8	4	177442502	177442503	0.387	rs6817133	-5.67	rs4690522	0.267266	-6.73	-1.05706	439	5	enet	0.19	2.1e-08	1.3401	0.18
Brain_Hippocampus	/media/kame/Data/_workings/resource/GTEv8//GTExv8.EUR.Brain_Hippocampus/ENSG00000251504.1.wgt.RDat	ENSG00000251504.1	4	177907935	177907936	0.269	rs6817133	-5.67	rs6818908	0.010385	4.18	-1.04674	342	24	enet	0.09	0.00011	-0.43656	0.662
Brain_Hippocampus	/media/kame/Data/_workings/resource/GTEv8//GTExv8.EUR.Brain_Hippocampus/ENSG00000248197.1.wgt.RDat	ENSG00000248197.1	4	181159148	181159149	0.422	rs41327249	5.74	rs12507155	0.101072	-4.53	0.57442	579	7	enet	0.011	0.1	0.52093	0.602
Brain_Hippocampus	/media/kame/Data/_workings/resource/GTEv8//GTExv8.EUR.Brain_Hippocampus/ENSG00000151725.11.wgt.RDat	ENSG00000151725.11	4	184734132	184734133	0.368	rs3756095	6.55	rs13105721	0.103662	4.87	1.36728	526	23	enet	0.11	2.7e-05	1.3935	0.163
Brain_Hippocampus	/media/kame/Data/_workings/resource/GTEv8//GTExv8.EUR.Brain_Hippocampus/ENSG00000164323.12.wgt.RDat	ENSG00000164323.12	4	185209503	185209504	0.264	rs4862499	-5.26	rs2177796	0.022012	-3.77	-0.00087	518	26	enet	0.042	0.0066	0.92516	0.355
Brain_Hippocampus	/media/kame/Data/_workings/resource/GTEv8//GTExv8.EUR.Brain_Hippocampus/ENSG00000109771.15.wgt.RDat	ENSG00000109771.15	4	185395898	185395899	0.48	rs4862499	-5.26	rs6815168	0.144561	-5.43	-0.30667	544	12	enet	0.1	4.6e-05	0.18505	0.853
Brain_Hippocampus	/media/kame/Data/_workings/resource/GTEv8//GTExv8.EUR.Brain_Hippocampus/ENSG00000109775.10.wgt.RDat	ENSG00000109775.10	4	185425984	185425985	0.597	rs4862499	-5.26	rs12500107	0.405807	-7.93	1.00603	547	22	enet	0.36	1.7e-16	-1.06502	0.287
Brain_Hippocampus	/media/kame/Data/_workings/resource/GTEv8//GTExv8.EUR.Brain_Hippocampus/ENSG00000109794.13.wgt.RDat	ENSG00000109794.13	4	186104418	186104419	0.519	rs13141433	4.97	rs2036912	0.326933	-7.39	0.04892	593	10	enet	0.34	2.6e-15	0.23589	0.814
Brain_Hippocampus	/media/kame/Data/_workings/resource/GTEv8//GTExv8.EUR.Brain_Hippocampus/ENSG00000279943.1.wgt.RDat	ENSG00000279943.1	4	186191489	186191490	0.307	rs13141433	4.97	rs4862652	0.15652	-5.25	2.97652	583	25	enet	0.12	1.1e-05	-3.02641	0.00247
Brain_Hippocampus	/media/kame/Data/_workings/resource/GTEv8//GTExv8.EUR.Brain_Hippocampus/ENSG00000145476.15.wgt.RDat	ENSG00000145476.15	4	186191519	186191520	0.431	rs13141433	4.97	rs3736455	0.175738	5.68	2.37334	583	11	enet	0.16	1.9e-07	3.17853	0.00148
Brain_Hippocampus	/media/kame/Data/_workings/resource/GTEv8//GTExv8.EUR.Brain_Hippocampus/ENSG00000164344.15.wgt.RDat	ENSG00000164344.15	4	186226437	186226438	0.608	rs13141433	4.97	rs4253239	0.238498	6.15	0.69584	571	21	enet	0.089	0.00013	0.20833	0.835
Brain_Hippocampus	/media/kame/Data/_workings/resource/GTEv8//GTExv8.EUR.Brain_Hippocampus/ENSG00000083857.13.wgt.RDat	ENSG00000083857.13	4	186726721	186726722	0.322	rs4522917	-6.07	rs328432	0.071121	-4.75	-0.33714	531	4	enet	0.084	0.00018	0.00139	0.999
Brain_Hippocampus	/media/kame/Data/_workings/resource/GTEv8//GTExv8.EUR.Brain_Hippocampus/ENSG00000245685.6.wgt.RDat	ENSG00000245685.6	4	189940270	189940271	0.234	rs2251432	-3.56	rs1138726	0.213972	5.81	0.02759	100	12	enet	0.2	3.6e-09	0.01821	0.985
Brain_Hippocampus	/media/kame/Data/_workings/resource/GTEv8//GTExv8.EUR.Brain_Hippocampus/ENSG00000221990.4.wgt.RDat	ENSG00000221990.4	5	443156	443157	0.4984	rs2115275	6.92	rs10078	0.148015	-5.15	-1.1404	311	21	enet	0.13	2.3e-06	0.60434	0.546
Brain_Hippocampus	/media/kame/Data/_workings/resource/GTEv8//GTExv8.EUR.Brain_Hippocampus/ENSG00000180104.15.wgt.RDat	ENSG00000180104.15	5	443160	443161	0.3856	rs2115275	6.92	rs10072668	0.215891	-5.97	0.00902	311	17	enet	0.18	3.4e-08	-0.04906	0.961
Brain_Hippocampus	/media/kame/Data/_workings/resource/GTEv8//GTExv8.EUR.Brain_Hippocampus/ENSG00000225138.7.wgt.RDat	ENSG00000225138.7	5	473235	473236	0.851	rs2115275	6.92	rs2278254	0.399567	7.85	1.11087	321	25	enet	0.59	2.3e-30	0.89797	0.369
Brain_Hippocampus	/media/kame/Data/_workings/resource/GTEv8//GTExv8.EUR.Brain_Hippocampus/ENSG00000066230.10.wgt.RDat	ENSG00000066230.10	5	524331	524332	0.7312	rs2115275	6.92	rs2278254	0.322455	7.05	1.11087	340	25	enet	0.38	2e-17	0.31302	0.754
Brain_Hippocampus	/media/kame/Data/_workings/resource/GTEv8//GTExv8.EUR.Brain_Hippocampus/ENSG00000171368.11.wgt.RDat	ENSG00000171368.11	5	693394	693395	0.1389	rs2115275	6.92	rs11134149	0.046277	4.44	-0.56463	326	10	enet	0.09	0.00012	-0.38364	0.701
Brain_Hippocampus	/media/kame/Data/_workings/resource/GTEv8//GTExv8.EUR.Brain_Hippocampus/ENSG00000249908.2.wgt.RDat	ENSG00000249908.2	5	768929	768930	0.2148	rs11745733	6	rs9800013	0.010421	3.36	-0.05383	352	28	enet	-0.0043	0.55	0.62924	0.529
Brain_Hippocampus	/media/kame/Data/_workings/resource/GTEv8//GTExv8.EUR.Brain_Hippocampus/ENSG00000188002.10.wgt.RDat	ENSG00000188002.10	5	1634004	1634005	0.8964	rs16883175	-4.3	rs7734561	0.345606	-7.85	0.81505	573	17	enet	0.57	2.3e-29	-0.10272	0.918
Brain_Hippocampus	/media/kame/Data/_workings/resource/GTEv8//GTExv8.EUR.Brain_Hippocampus/ENSG00000250490.1.wgt.RDat	ENSG00000250490.1	5	6339883	6339884	0.4737	rs16877577	-8.25	rs4701724	0.089337	-4.92	3.27957	631	37	enet	0.05	0.0033	-1.47049	0.141
Brain_Hippocampus	/media/kame/Data/_workings/resource/GTEv8//GTExv8.EUR.Brain_Hippocampus/ENSG00000037474.14.wgt.RDat	ENSG00000037474.14	5	6633290	6633291	0.7404	rs16877577	-8.25	rs2303711	0.603207	9.67	-0.00103	627	19	enet	0.57	3.7e-29	-0.07522	0.94
Brain_Hippocampus	/media/kame/Data/_workings/resource/GTEv8//GTExv8.EUR.Brain_Hippocampus/ENSG00000145545.11.wgt.RDat	ENSG00000145545.11	5	6633342	6633343	0.2918	rs16877577	-8.25	rs477930	0.075419	-4.66	1.58761	627	7	enet	0.058	0.0017	-1.30054	0.193
Brain_Hippocampus	/media/kame/Data/_workings/resource/GTEv8//GTExv8.EUR.Brain_Hippocampus/ENSG00000124275.14.wgt.RDat	ENSG00000124275.14	5	7851490	7851491	0.3462	rs11950167	8.02	rs10440693	0.0592	-4.41	-0.89283	608	17	enet	0.04	0.0078	-0.83453	0.404
Brain_Hippocampus	/media/kame/Data/_workings/resource/GTEv8//GTExv8.EUR.Brain_Hippocampus/ENSG00000245729.2.wgt.RDat	ENSG00000245729.2	5	8387636	8387637	0.2162	rs16880515	-4.3	rs170991	0.053439	-4.64	0.23144	560	9	enet	0.059	0.0016	0.04512	0.964
Brain_Hippocampus	/media/kame/Data/_workings/resource/GTEv8//GTExv8.EUR.Brain_Hippocampus/ENSG00000250786.1.wgt.RDat	ENSG00000250786.1	5	9546199	9546200	0.3742	rs16883661	5.73	rs16883129	0.096031	-4.81	-1.59233	688	48	enet	0.17	1.2e-07	1.21784	0.223
Brain_Hippocampus	/media/kame/Data/_workings/resource/GTEv8//GTExv8.EUR.Brain_Hippocampus/ENSG00000251423.2.wgt.RDat	ENSG00000251423.2	5	13860302	13860303	0.2771	rs10513151	-8.54	rs1445803	0.111743	4.7	0.56065	584	27	enet	0.04	0.008	1.51016	0.131
Brain_Hippocampus	/media/kame/Data/_workings/resource/GTEv8//GTExv8.EUR.Brain_Hippocampus/ENSG00000183580.9.wgt.RDat	ENSG00000183580.9	5	15500195	15500196	0.1218	rs4235553	4.17	rs7723811	0.028879	-4.21	3.05999	312	12	enet	0.03	0.019	-3.29902	0.00097
Brain_Hippocampus	/media/kame/Data/_workings/resource/GTEv8//GTExv8.EUR.Brain_Hippocampus/ENSG00000271892.1.wgt.RDat	ENSG00000271892.1	5	17107788	17107789	0.4529	rs177110	-4.4	rs632754	0.288654	6.7	0.56383	433	20	enet	0.2	5.7e-09	0.5211	0.602
Brain_Hippocampus	/media/kame/Data/_workings/resource/GTEv8//GTExv8.EUR.Brain_Hippocampus/ENSG00000248455.5.wgt.RDat	ENSG00000248455.5	5	17404018	17404019	0.2559	rs177110	-4.4	rs1399484	-0.000806	-3.86	-0.02562	353	30	enet	0.033	0.015	0.08452	0.933
Brain_Hippocampus	/media/kame/Data/_workings/resource/GTEv8//GTExv8.EUR.Brain_Hippocampus/ENSG00000249937.5.wgt.RDat	ENSG00000249937.5	5	17684583	17684584	0.258	rs177110	-4.4	rs7448664	0.18456	5.6	-0.528	350	16	enet	0.13	2.2e-06	-1.00668	0.314
Brain_Hippocampus	/media/kame/Data/_workings/resource/GTEv8//GTExv8.EUR.Brain_Hippocampus/ENSG00000183666.16.wgt.RDat	ENSG00000183666.16	5	21341832	21341833	0.3553	rs6893407	-3.74	rs1586826	0.141425	5.25	-2.09796	255	8	enet	0.098	5.9e-05	-2.37912	0.0174
Brain_Hippocampus	/media/kame/Data/_workings/resource/GTEv8//GTExv8.EUR.Brain_Hippocampus/ENSG00000272130.1.wgt.RDat	ENSG00000272130.1	5	21569754	21569755	0.3239	rs6893407	-3.74	rs6451935	0.188431	5.7	-2.25755	279	18	enet	0.19	1.7e-08	-2.24335	0.0249
Brain_Hippocampus	/media/kame/Data/_workings/resource/GTEv8//GTExv8.EUR.Brain_Hippocampus/ENSG00000249572.1.wgt.RDat	ENSG00000249572.1	5	33440618	33440619	0.2291	rs6450949	7.77	rs3756663	0.20751	-5.75	-0.59635	476	14	enet	0.2	8.8e-09	0.0916	0.927
Brain_Hippocampus	/media/kame/Data/_workings/resource/GTEv8//GTExv8.EUR.Brain_Hippocampus/ENSG00000242110.7.wgt.RDat	ENSG00000242110.7	5	34008107	34008108	0.5817	rs7713881	8.1	rs10941110	0.44876	-8.24	0.76073	419	8	enet	0.42	1.3e-19	-0.9175	0.359
Brain_Hippocampus	/media/kame/Data/_workings/resource/GTEv8//GTExv8.EUR.Brain_Hippocampus/ENSG00000251518.1.wgt.RDat	ENSG00000251518.1	5	37948490	37948491	0.2031	rs2910798	-7.55	rs10805632	0.030753	4.11	-1.04154	466	25	enet	0.026	0.028	0.12666	0.899
Brain_Hippocampus	/media/kame/Data/_workings/resource/GTEv8//GTExv8.EUR.Brain_Hippocampus/ENSG00000145592.13.wgt.RDat	ENSG00000145592.13	5	40835334	40835335	0.2969	rs12659224	3.84	rs323565	0.010281	-3.88	1.23986	439	28	enet	0.0072	0.15	1.42064	0.155
Brain_Hippocampus	/media/kame/Data/_workings/resource/GTEv8//GTExv8.EUR.Brain_Hippocampus/ENSG00000272335.1.wgt.RDat	ENSG00000272335.1	5	44826075	44826076	0.0736	rs12514615	7.04	rs2218080	0.094682	-4.07	-0.3691	222	9	enet	0.067	0.00082	0.34916	0.727
Brain_Hippocampus	/media/kame/Data/_workings/resource/GTEv8//GTExv8.EUR.Brain_Hippocampus/ENSG00000170571.11.wgt.RDat	ENSG00000170571.11	5	50443247	50443248	0.1205	rs8188088	8.34	rs13173678	0.040306	-3.95	7.71867	182	23	enet	0.02	0.045	-4.75455	1.99e-06
Brain_Hippocampus	/media/kame/Data/_workings/resource/GTEv8//GTExv8.EUR.Brain_Hippocampus/ENSG00000213949.8.wgt.RDat	ENSG00000213949.8	5	52787895	52787896	0.3604	rs11948124	-6.7	rs4865744	-0.004523	-3.24	-0.11978	577	58	enet	0.1	3.2e-05	-0.78393	0.433
Brain_Hippocampus	/media/kame/Data/_workings/resource/GTEv8//GTExv8.EUR.Brain_Hippocampus/ENSG00000247796.2.wgt.RDat	ENSG00000247796.2	5	53109841	53109842	0.245	rs11948124	-6.7	rs3212435	0.080173	4.49	-0.55593	552	13	enet	0.011	0.1	-1.78121	0.0749
Brain_Hippocampus	/media/kame/Data/_workings/resource/GTEv8//GTExv8.EUR.Brain_Hippocampus/ENSG00000178996.13.wgt.RDat	ENSG00000178996.13	5	54517758	54517759	0.3218	rs7734716	-5.64	rs11741770	0.056693	-4.87	0.49511	593	9	enet	0.099	5.3e-05	-0.52003	0.603
Brain_Hippocampus	/media/kame/Data/_workings/resource/GTEv8//GTExv8.EUR.Brain_Hippocampus/ENSG00000280159.1.wgt.RDat	ENSG00000280159.1	5	54643556	54643557	0.3261	rs7734716	-5.64	rs2564996	0.046612	-3.88	-0.22723	572	44	enet	0.0063	0.17	-1.09297	0.274
Brain_Hippocampus	/media/kame/Data/_workings/resource/GTEv8//GTExv8.EUR.Brain_Hippocampus/ENSG00000039123.15.wgt.RDat	ENSG00000039123.15	5	55307759	55307760	0.1463	rs3843460	5.3	rs10079783	0.006302	3.5	-0.07304	385	38	enet	0.078	0.00031	-0.45806	0.647
Brain_Hippocampus	/media/kame/Data/_workings/resource/GTEv8//GTExv8.EUR.Brain_Hippocampus/ENSG00000177058.11.wgt.RDat	ENSG00000177058.11	5	55773193	55773194	0.2164	rs3843460	5.3	rs162088	0.036804	-4.11	-0.55435	346	32	enet	0.11	2.6e-05	-0.3613	0.718
Brain_Hippocampus	/media/kame/Data/_workings/resource/GTEv8//GTExv8.EUR.Brain_Hippocampus/ENSG00000155542.11.wgt.RDat	ENSG00000155542.11	5	56909259	56909260	0.6942	rs1848507	6.19	rs185220	0.538856	-9.32	-1.0777	493	33	enet	0.52	7.2e-26	0.57629	0.564
Brain_Hippocampus	/media/kame/Data/_workings/resource/GTEv8//GTExv8.EUR.Brain_Hippocampus/ENSG00000271828.1.wgt.RDat	ENSG00000271828.1	5	56927873	56927874	0.4344	rs30365	4.32	rs16886165	0.19915	5.54	2.75793	493	34	enet	0.22	9.6e-10	1.25067	0.211
Brain_Hippocampus	/media/kame/Data/_workings/resource/GTEv8//GTExv8.EUR.Brain_Hippocampus/ENSG00000164182.10.wgt.RDat	ENSG00000164182.10	5	60945128	60945129	0.1274	rs12187325	-4.98	rs17387940	0.041945	-4.03	0.42622	311	24	enet	0.047	0.0044	0.09277	0.926
Brain_Hippocampus	/media/kame/Data/_workings/resource/GTEv8//GTExv8.EUR.Brain_Hippocampus/ENSG00000178722.12.wgt.RDat	ENSG00000178722.12	5	61637707	61637708	0.4705	rs4700475	8.96	rs253531	0.17129	-6.33	-0.38578	421	24	enet	0.25	5.5e-11	0.74971	0.453
Brain_Hippocampus	/media/kame/Data/_workings/resource/GTEv8//GTExv8.EUR.Brain_Hippocampus/ENSG00000251575.2.wgt.RDat	ENSG00000251575.2	5	61735668	61735669	0.4025	rs10514933	16.41	rs2937835	0.117074	5.45	0.07705	419	20	enet	0.12	7.4e-06	0.20728	0.836
Brain_Hippocampus	/media/kame/Data/_workings/resource/GTEv8//GTExv8.EUR.Brain_Hippocampus/ENSG00000113593.11.wgt.RDat	ENSG00000113593.11	5	65563238	65563239	0.344	rs16875218	-4.68	rs669571	0.157955	5.76	0.12696	416	39	enet	0.16	1.5e-07	0.29524	0.768
Brain_Hippocampus	/media/kame/Data/_workings/resource/GTEv8//GTExv8.EUR.Brain_Hippocampus/ENSG00000229666.1.wgt.RDat	ENSG00000229666.1	5	67003952	67003953	0.2101	rs6887024	-6.6	rs10055631	-0.003944	-3.72	-0.59493	516	25	enet	0.014	0.077	-0.14338	0.886
Brain_Hippocampus	/media/kame/Data/_workings/resource/GTEv8//GTExv8.EUR.Brain_Hippocampus/ENSG00000250237.1.wgt.RDat	ENSG00000250237.1	5	69043820	69043821	0.1276	rs2010352	-10.1	rs6898750	0.010559	-3.76	0.10424	366	12	enet	-0.0034	0.49	0.89491	0.371
Brain_Hippocampus	/media/kame/Data/_workings/resource/GTEv8//GTExv8.EUR.Brain_Hippocampus/ENSG00000280187.1.wgt.RDat	ENSG00000280187.1	5	69189451	69189452	0.2017	rs2010352	-10.1	rs10471774	0.249374	6.43	-4.30124	305	21	enet	0.25	4.4e-11	-2.91405	0.00357
Brain_Hippocampus	/media/kame/Data/_workings/resource/GTEv8//GTExv8.EUR.Brain_Hippocampus/ENSG00000273841.4.wgt.RDat	ENSG00000273841.4	5	69369641	69369642	0.0786	rs2010352	-10.1	rs12187268	0.087952	-4.42	-6.54974	227	4	enet	0.029	0.02	5.43762	5.4e-08
Brain_Hippocampus	/media/kame/Data/_workings/resource/GTEv8//GTExv8.EUR.Brain_Hippocampus/ENSG00000253203.6.wgt.RDat	ENSG00000253203.6	5	69679258	69679259	0.2287	rs2010352	-10.1	rs11745578	0.017021	3.53	-2.15667	107	14	enet	0.043	0.0065	-0.52439	0.6
Brain_Hippocampus	/media/kame/Data/_workings/resource/GTEv8//GTExv8.EUR.Brain_Hippocampus/ENSG00000131711.14.wgt.RDat	ENSG00000131711.14	5	72107233	72107234	0.2326	rs1217823	4.45	rs3828616	0.070541	4.46	-0.81906	451	18	enet	0.11	1.8e-05	0.527	0.598
Brain_Hippocampus	/media/kame/Data/_workings/resource/GTEv8//GTExv8.EUR.Brain_Hippocampus/ENSG00000113048.16.wgt.RDat	ENSG00000113048.16	5	72320365	72320366	0.3697	rs1217823	4.45	rs6831	0.136242	5.03	-0.80063	394	23	enet	0.096	6.9e-05	-0.3854	0.7
Brain_Hippocampus	/media/kame/Data/_workings/resource/GTEv8//GTExv8.EUR.Brain_Hippocampus/ENSG00000244061.1.wgt.RDat	ENSG00000244061.1	5	72381793	72381794	0.22	rs1217823	4.45	rs16874842	0.048955	4.31	0.279	388	11	enet	0.018	0.057	0.17567	0.861
Brain_Hippocampus	/media/kame/Data/_workings/resource/GTEv8//GTExv8.EUR.Brain_Hippocampus/ENSG00000157111.12.wgt.RDat	ENSG00000157111.12	5	73120291	73120292	0.4279	rs12651968	5.46	rs638333	0.284765	7.12	-0.13178	394	13	enet	0.26	1.9e-11	0.11312	0.91
Brain_Hippocampus	/media/kame/Data/_workings/resource/GTEv8//GTExv8.EUR.Brain_Hippocampus/ENSG00000164346.9.wgt.RDat	ENSG00000164346.9	5	74768930	74768931	0.7642	rs4703642	5.73	rs1048167	0.495106	8.81	1.21233	475	17	enet	0.52	1e-25	1.33365	0.182
Brain_Hippocampus	/media/kame/Data/_workings/resource/GTEv8//GTExv8.EUR.Brain_Hippocampus/ENSG00000164253.13.wgt.RDat	ENSG00000164253.13	5	77620610	77620611	0.344	rs4262083	6.17	rs10805911	0.072743	-4.36	-0.10715	526	44	enet	0.087	0.00015	-0.37001	0.711
Brain_Hippocampus	/media/kame/Data/_workings/resource/GTEv8//GTExv8.EUR.Brain_Hippocampus/ENSG00000113273.15.wgt.RDat	ENSG00000113273.15	5	78986086	78986087	0.2729	rs10058261	5.08	rs3114500	0.078866	4.64	0.66437	449	14	enet	0.12	1.2e-05	0.7777	0.437
Brain_Hippocampus	/media/kame/Data/_workings/resource/GTEv8//GTExv8.EUR.Brain_Hippocampus/ENSG00000145692.14.wgt.RDat	ENSG00000145692.14	5	79111778	79111779	0.2352	rs10058261	5.08	rs1915706	0.164902	5.25	0.1101	410	12	enet	0.1	4.6e-05	0.09309	0.926
Brain_Hippocampus	/media/kame/Data/_workings/resource/GTEv8//GTExv8.EUR.Brain_Hippocampus/ENSG00000164300.16.wgt.RDat	ENSG00000164300.16	5	80256078	80256079	0.2516	rs12657828	-3.83	rs950788	0.011517	3.52	0.49145	506	16	enet	0.013	0.09	-1.25865	0.208
Brain_Hippocampus	/media/kame/Data/_workings/resource/GTEv8//GTExv8.EUR.Brain_Hippocampus/ENSG00000228716.6.wgt.RDat	ENSG00000228716.6	5	80654982	80654983	0.789	rs401758	4.63	rs2560424	0.193623	-6.71	-0.23115	479	45	enet	0.36	2.1e-16	0.55019	0.582
Brain_Hippocampus	/media/kame/Data/_workings/resource/GTEv8//GTExv8.EUR.Brain_Hippocampus/ENSG00000113318.9.wgt.RDat	ENSG00000113318.9	5	80655151	80655152	0.2571	rs401758	4.63	rs1677703	0.080224	-4.7	0.23296	479	17	enet	0.062	0.0012	0.25844	0.796
Brain_Hippocampus	/media/kame/Data/_workings/resource/GTEv8//GTExv8.EUR.Brain_Hippocampus/ENSG00000248794.1.wgt.RDat	ENSG00000248794.1	5	81242598	81242599	0.3182	rs13179530	-10.87	rs6893467	0.120017	4.9	-0.39682	447	40	enet	0.063	0.0011	0.86952	0.385
Brain_Hippocampus	/media/kame/Data/_workings/resource/GTEv8//GTExv8.EUR.Brain_Hippocampus/ENSG00000247572.7.wgt.RDat	ENSG00000247572.7	5	81301559	81301560	0.8554	rs13179530	-10.87	rs6893467	0.226667	7.83	-0.39682	463	24	enet	0.48	4.8e-23	-0.88727	0.375
Brain_Hippocampus	/media/kame/Data/_workings/resource/GTEv8//GTExv8.EUR.Brain_Hippocampus/ENSG00000152348.15.wgt.RDat	ENSG00000152348.15	5	81972024	81972025	0.6045	rs959978	-10.7	rs6875409	0.241255	6.48	-0.62103	390	30	enet	0.39	6.1e-18	0.06188	0.951
Brain_Hippocampus	/media/kame/Data/_workings/resource/GTEv8//GTExv8.EUR.Brain_Hippocampus/ENSG00000186468.12.wgt.RDat	ENSG00000186468.12	5	82278576	82278577	0.5419	rs959978	-10.7	rs891159	0.362118	-7.91	0.53369	434	29	enet	0.42	2.4e-19	-0.49404	0.621
Brain_Hippocampus	/media/kame/Data/_workings/resource/GTEv8//GTExv8.EUR.Brain_Hippocampus/ENSG00000205464.11.wgt.RDat	ENSG00000205464.11	5	82279461	82279462	0.5451	rs959978	-10.7	rs226205	0.363043	7.61	-0.26425	434	72	enet	0.32	3.3e-14	-0.10863	0.913
Brain_Hippocampus	/media/kame/Data/_workings/resource/GTEv8//GTExv8.EUR.Brain_Hippocampus/ENSG00000249664.1.wgt.RDat	ENSG00000249664.1	5	83013108	83013109	0.2259	rs7702166	-4.41	rs255561	0.205204	5.97	0.87321	402	5	enet	0.17	1.2e-07	0.87043	0.384
Brain_Hippocampus	/media/kame/Data/_workings/resource/GTEv8//GTExv8.EUR.Brain_Hippocampus/ENSG00000174695.9.wgt.RDat	ENSG00000174695.9	5	83077862	83077863	0.3144	rs7702166	-4.41	rs7891	0.032441	-4.26	0.60771	415	26	enet	0.059	0.0015	-1.78577	0.0741
Brain_Hippocampus	/media/kame/Data/_workings/resource/GTEv8//GTExv8.EUR.Brain_Hippocampus/ENSG00000247828.7.wgt.RDat	ENSG00000247828.7	5	88269070	88269071	0.4076	rs10044618	-9.74	rs4916899	0.313832	6.93	-3.4837	253	24	enet	0.3	2.8e-13	-3.36679	0.00076
Brain_Hippocampus	/media/kame/Data/_workings/resource/GTEv8//GTExv8.EUR.Brain_Hippocampus/ENSG00000271904.1.wgt.RDat	ENSG00000271904.1	5	88498696	88498697	0.4755	rs10044618	-9.74	rs6452788	0.212014	6.27	0.02119	254	35	enet	0.32	1.9e-14	-5.1534	2.56e-07
Brain_Hippocampus	/media/kame/Data/_workings/resource/GTEv8//GTExv8.EUR.Brain_Hippocampus/ENSG00000245526.10.wgt.RDat	ENSG00000245526.10	5	88691040	88691041	0.1249	rs10044618	-9.74	rs357513	0.055638	-3.61	-2.15639	265	30	enet	0.013	0.086	1.69609	0.0899
Brain_Hippocampus	/media/kame/Data/_workings/resource/GTEv8//GTExv8.EUR.Brain_Hippocampus/ENSG00000164199.16.wgt.RDat	ENSG00000164199.16	5	90529343	90529344	0.2076	rs7707104	5.04	rs17621038	0.133996	-4.56	-0.19157	381	13	enet	0.12	1.1e-05	0.3849	0.7
Brain_Hippocampus	/media/kame/Data/_workings/resource/GTEv8//GTExv8.EUR.Brain_Hippocampus/ENSG00000243806.1.wgt.RDat	ENSG00000243806.1	5	94826693	94826694	0.3751	rs13361876	-4.75	rs153896	0.157686	5.84	-1.66626	406	21	enet	0.21	2.9e-09	-0.91633	0.359
Brain_Hippocampus	/media/kame/Data/_workings/resource/GTEv8//GTExv8.EUR.Brain_Hippocampus/ENSG00000198677.10.wgt.RDat	ENSG00000198677.10	5	95555006	95555007	0.2065	rs6894476	3.23	rs6878974	0.126293	5	-2.4144	411	9	enet	0.062	0.0012	-1.99363	0.0462
Brain_Hippocampus	/media/kame/Data/_workings/resource/GTEv8//GTExv8.EUR.Brain_Hippocampus/ENSG00000236882.7.wgt.RDat	ENSG00000236882.7	5	95852231	95852232	0.3649	rs12351	-3.14	rs2546197	0.173211	5.78	-0.16335	385	19	enet	0.13	3.9e-06	-0.58888	0.556
Brain_Hippocampus	/media/kame/Data/_workings/resource/GTEv8//GTExv8.EUR.Brain_Hippocampus/ENSG00000153113.23.wgt.RDat	ENSG00000153113.23	5	96525266	96525267	0.4645	rs27038	7.01	rs26483	0.340698	7.24	-2.14776	463	29	enet	0.34	2.9e-15	-0.75317	0.451
Brain_Hippocampus	/media/kame/Data/_workings/resource/GTEv8//GTExv8.EUR.Brain_Hippocampus/ENSG00000248734.2.wgt.RDat	ENSG00000248734.2	5	96784776	96784777	0.3438	rs27038	7.01	rs2216752	0.112302	-4.7	0.33318	497	26	enet	0.15	5.4e-07	-1.95225	0.0509
Brain_Hippocampus	/media/kame/Data/_workings/resource/GTEv8//GTExv8.EUR.Brain_Hippocampus/ENSG00000164307.12.wgt.RDat	ENSG00000164307.12	5	96808099	96808100	0.6671	rs27038	7.01	rs1057569	0.290665	-7.25	-0.04717	496	38	enet	0.4	3.2e-18	4.09153	4.29e-05
Brain_Hippocampus	/media/kame/Data/_workings/resource/GTEv8//GTExv8.EUR.Brain_Hippocampus/ENSG00000164308.16.wgt.RDat	ENSG00000164308.16	5	96875938	96875939	0.7475	rs27038	7.01	rs2762	0.597654	9.53	-0.27135	499	17	enet	0.57	2.5e-29	-0.32053	0.749
Brain_Hippocampus	/media/kame/Data/_workings/resource/GTEv8//GTExv8.EUR.Brain_Hippocampus/ENSG00000174136.11.wgt.RDat	ENSG00000174136.11	5	98768649	98768650	0.2949	rs6867815	2.91	rs692759	0.135849	5.18	0.0315	342	23	enet	0.13	3.9e-06	-0.0433	0.965
Brain_Hippocampus	/media/kame/Data/_workings/resource/GTEv8//GTExv8.EUR.Brain_Hippocampus/ENSG00000145730.20.wgt.RDat	ENSG00000145730.20	5	102753980	102753981	0.1868	rs7708778	-4.64	rs34823	0.085223	4.44	1.3516	304	35	enet	0.093	8.5e-05	1.23206	0.218
Brain_Hippocampus	/media/kame/Data/_workings/resource/GTEv8//GTExv8.EUR.Brain_Hippocampus/ENSG00000175749.11.wgt.RDat	ENSG00000175749.11	5	103032375	103032376	0.1216	rs7708778	-4.64	rs10463988	0.108745	4.54	2.00796	307	4	enet	0.079	0.00029	1.73872	0.0821
Brain_Hippocampus	/media/kame/Data/_workings/resource/GTEv8//GTExv8.EUR.Brain_Hippocampus/ENSG00000145723.16.wgt.RDat	ENSG00000145723.16	5	103120147	103120148	0.1208	rs7708778	-4.64	rs12332762	0.035202	-3.89	-0.42554	318	6	enet	0.037	0.011	1.19315	0.233
Brain_Hippocampus	/media/kame/Data/_workings/resource/GTEv8//GTExv8.EUR.Brain_Hippocampus/ENSG00000145725.19.wgt.RDat	ENSG00000145725.19	5	103120151	103120152	0.3735	rs7708778	-4.64	rs34823	0.109162	-4.64	1.36954	318	45	enet	0.061	0.0014	-2.21997	0.0264
Brain_Hippocampus	/media/kame/Data/_workings/resource/GTEv8//GTExv8.EUR.Brain_Hippocampus/ENSG00000145777.14.wgt.RDat	ENSG00000145777.14	5	111070061	111070062	0.3105	rs184941	-3.86	rs3806933	0.157595	-5.27	0.03219	375	18	enet	0.11	1.3e-05	0.00843	0.993
Brain_Hippocampus	/media/kame/Data/_workings/resource/GTEv8//GTExv8.EUR.Brain_Hippocampus/ENSG00000153037.13.wgt.RDat	ENSG00000153037.13	5	112861221	112861222	0.1358	rs6882143	-7.55	rs153560	0.002506	4.2	1.16101	458	21	enet	0.022	0.038	2.22903	0.0258
Brain_Hippocampus	/media/kame/Data/_workings/resource/GTEv8//GTExv8.EUR.Brain_Hippocampus/ENSG00000164219.9.wgt.RDat	ENSG00000164219.9	5	115253254	115253255	0.1652	rs11750397	-8.28	rs12654590	0.026092	3.77	-0.14104	404	16	enet	0.034	0.013	0.38909	0.697
Brain_Hippocampus	/media/kame/Data/_workings/resource/GTEv8//GTExv8.EUR.Brain_Hippocampus/ENSG00000145782.12.wgt.RDat	ENSG00000145782.12	5	115841479	115841480	0.3782	rs269500	-3.29	rs12189241	0.065555	4.14	0.00774	534	32	enet	0.11	1.7e-05	-0.04789	0.962
Brain_Hippocampus	/media/kame/Data/_workings/resource/GTEv8//GTExv8.EUR.Brain_Hippocampus/ENSG00000145781.8.wgt.RDat	ENSG00000145781.8	5	116085473	116085474	0.1915	rs1014643	-5.91	rs1876672	0.125657	5.31	-2.52742	593	35	enet	0.15	5.9e-07	-1.25872	0.208
Brain_Hippocampus	/media/kame/Data/_workings/resource/GTEv8//GTExv8.EUR.Brain_Hippocampus/ENSG00000249797.1.wgt.RDat	ENSG00000249797.1	5	117925007	117925008	0.2005	rs11743021	-5.06	rs17143636	-0.00547	-3.37	0.23191	378	24	enet	0.0047	0.19	0.35948	0.719
Brain_Hippocampus	/media/kame/Data/_workings/resource/GTEv8//GTExv8.EUR.Brain_Hippocampus/ENSG00000164334.15.wgt.RDat	ENSG00000164334.15	5	119629558	119629559	0.1618	rs3797371	3.37	rs10463469	0.161502	5.56	3.00728	375	12	enet	0.16	1.7e-07	3.20246	0.00136
Brain_Hippocampus	/media/kame/Data/_workings/resource/GTEv8//GTExv8.EUR.Brain_Hippocampus/ENSG00000064652.10.wgt.RDat	ENSG00000064652.10	5	122843438	122843439	0.4006	rs6868061	8.45	rs6872465	0.039492	-4.42	-0.20765	450	37	enet	0.013	0.087	-0.12934	0.897
Brain_Hippocampus	/media/kame/Data/_workings/resource/GTEv8//GTExv8.EUR.Brain_Hippocampus/ENSG00000155324.9.wgt.RDat	ENSG00000155324.9	5	126360131	126360132	0.3818	rs3734173	8.04	rs2036846	0.012354	3.66	-0.72942	483	51	enet	0.047	0.0045	0.14371	0.886
Brain_Hippocampus	/media/kame/Data/_workings/resource/GTEv8//GTExv8.EUR.Brain_Hippocampus/ENSG00000245937.7.wgt.RDat	ENSG00000245937.7	5	128083171	128083172	0.3062	rs3805648	-3.94	rs2568928	0.113804	-5.39	0.12193	378	17	enet	0.2	8.3e-09	-0.91419	0.361
Brain_Hippocampus	/media/kame/Data/_workings/resource/GTEv8//GTExv8.EUR.Brain_Hippocampus/ENSG00000113396.12.wgt.RDat	ENSG00000113396.12	5	128845579	128845580	0.348	rs3805648	-3.94	rs2577424	0.059827	-5.53	0.56005	448	64	enet	0.15	5.6e-07	-0.11807	0.906
Brain_Hippocampus	/media/kame/Data/_workings/resource/GTEv8//GTExv8.EUR.Brain_Hippocampus/ENSG00000131435.12.wgt.RDat	ENSG00000131435.12	5	132257670	132257671	0.1201	rs7733814	5.76	rs39897	0.000889	4.16	-0.26555	404	22	enet	0.065	0.00092	-0.43615	0.663
Brain_Hippocampus	/media/kame/Data/_workings/resource/GTEv8//GTExv8.EUR.Brain_Hippocampus/ENSG00000233006.6.wgt.RDat	ENSG00000233006.6	5	132369647	132369648	0.4079	rs7733814	5.76	rs270602	0.397787	-8.11	0.31864	420	21	enet	0.39	7.8e-18	-0.35621	0.722
Brain_Hippocampus	/media/kame/Data/_workings/resource/GTEv8//GTExv8.EUR.Brain_Hippocampus/ENSG00000197536.11.wgt.RDat	ENSG00000197536.11	5	132410635	132410636	0.2747	rs7733814	5.76	rs2070727	0.106755	-4.99	0.65346	431	38	enet	0.077	0.00035	-0.40569	0.685
Brain_Hippocampus	/media/kame/Data/_workings/resource/GTEv8//GTExv8.EUR.Brain_Hippocampus/ENSG00000081059.19.wgt.RDat	ENSG00000081059.19	5	134114710	134114711	0.2298	rs329312	5.95	rs2568970	0.034193	-4.24	-1.64788	494	32	enet	0.041	0.0075	-2.4016	0.0163
Brain_Hippocampus	/media/kame/Data/_workings/resource/GTEv8//GTExv8.EUR.Brain_Hippocampus/ENSG00000006837.11.wgt.RDat	ENSG00000006837.11	5	134371046	134371047	0.1978	rs329312	5.95	rs329120	0.008526	-3.38	0.05453	291	21	enet	-0.0067	0.93	0.0137	0.989
Brain_Hippocampus	/media/kame/Data/_workings/resource/GTEv8//GTExv8.EUR.Brain_Hippocampus/ENSG00000119048.7.wgt.RDat	ENSG00000119048.7	5	134371178	134371179	0.2011	rs329312	5.95	rs1860059	0.017241	-3.32	3.9066	291	21	enet	-0.0042	0.54	-1.73448	0.0828
Brain_Hippocampus	/media/kame/Data/_workings/resource/GTEv8//GTExv8.EUR.Brain_Hippocampus/ENSG00000164615.4.wgt.RDat	ENSG00000164615.4	5	134738500	134738501	0.5566	rs12519356	-9.44	rs17167632	0.394856	7.73	1.69711	287	37	enet	0.36	4.2e-16	2.20821	0.0272
Brain_Hippocampus	/media/kame/Data/_workings/resource/GTEv8//GTExv8.EUR.Brain_Hippocampus/ENSG00000113621.14.wgt.RDat	ENSG00000113621.14	5	134873802	134873803	0.4389	rs12519356	-9.44	rs3733897	0.200997	5.68	0.19224	333	23	enet	0.15	7.5e-07	0.42307	0.672
Brain_Hippocampus	/media/kame/Data/_workings/resource/GTEv8//GTExv8.EUR.Brain_Hippocampus/ENSG00000270021.1.wgt.RDat	ENSG00000270021.1	5	135399622	135399623	0.3357	rs12519356	-9.44	rs869956	0.168024	-5.52	0.80142	509	43	enet	0.15	8.5e-07	-0.3639	0.716
Brain_Hippocampus	/media/kame/Data/_workings/resource/GTEv8//GTExv8.EUR.Brain_Hippocampus/ENSG00000132563.15.wgt.RDat	ENSG00000132563.15	5	138439016	138439017	0.1394	rs11743323	6.2	rs2906128	0.009558	-3.95	0.79701	291	18	enet	0.045	0.0052	-1.71481	0.0864
Brain_Hippocampus	/media/kame/Data/_workings/resource/GTEv8//GTExv8.EUR.Brain_Hippocampus/ENSG00000253404.1.wgt.RDat	ENSG00000253404.1	5	138753308	138753309	0.3503	rs11743323	6.2	rs6882112	0.281039	7.41	-1.76373	303	37	enet	0.33	6.6e-15	-0.96023	0.337
Brain_Hippocampus	/media/kame/Data/_workings/resource/GTEv8//GTExv8.EUR.Brain_Hippocampus/ENSG00000120725.12.wgt.RDat	ENSG00000120725.12	5	139293556	139293557	0.1286	rs13178336	-4.09	rs1059110	0.031912	3.64	-0.25277	262	32	enet	0.035	0.013	0.13901	0.889
Brain_Hippocampus	/media/kame/Data/_workings/resource/GTEv8//GTExv8.EUR.Brain_Hippocampus/ENSG00000170469.10.wgt.RDat	ENSG00000170469.10	5	139404087	139404088	0.1571	rs4912894	-6.44	rs10214401	-0.006394	3.36	0.73126	271	24	enet	-0.0011	0.36	-0.58397	0.559
Brain_Hippocampus	/media/kame/Data/_workings/resource/GTEv8//GTExv8.EUR.Brain_Hippocampus/ENSG00000120306.9.wgt.RDat	ENSG00000120306.9	5	140174641	140174642	0.1331	rs11558407	-7.91	rs269782	-0.003407	-3.6	3.12892	299	21	enet	0.011	0.1	-2.13658	0.0326
Brain_Hippocampus	/media/kame/Data/_workings/resource/GTEv8//GTExv8.EUR.Brain_Hippocampus/ENSG00000131503.20.wgt.RDat	ENSG00000131503.20	5	140401813	140401814	0.146	rs11558407	-7.91	rs2569188	-0.006176	3.27	-1.22758	310	2	enet	-0.0026	0.43	-0.37133	0.71
Brain_Hippocampus	/media/kame/Data/_workings/resource/GTEv8//GTExv8.EUR.Brain_Hippocampus/ENSG00000213523.10.wgt.RDat	ENSG00000213523.10	5	140558251	140558252	0.2544	rs11558407	-7.91	rs6879217	0.084203	4.92	-1.89687	328	23	enet	0.12	7.5e-06	-0.22078	0.825
Brain_Hippocampus	/media/kame/Data/_workings/resource/GTEv8//GTExv8.EUR.Brain_Hippocampus/ENSG00000283602.1.wgt.RDat	ENSG00000283602.1	5	140594569	140594570	0.287	rs11558407	-7.91	rs1019933	0.166084	5.66	0.00352	328	16	enet	0.099	5.4e-05	0.0098	0.992
Brain_Hippocampus	/media/kame/Data/_workings/resource/GTEv8//GTExv8.EUR.Brain_Hippocampus/ENSG00000113119.12.wgt.RDat	ENSG00000113119.12	5	140639426	140639427	0.2359	rs11558407	-7.91	rs5744441	0.130829	4.71	-3.17986	343	5	enet	0.064	0.001	-3.30541	0.000948
Brain_Hippocampus	/media/kame/Data/_workings/resource/GTEv8//GTExv8.EUR.Brain_Hippocampus/ENSG00000112855.14.wgt.RDat	ENSG00000112855.14	5	140693490	140693491	0.3005	rs11558407	-7.91	rs4279384	-0.001059	3.41	-0.07571	359	38	enet	0.011	0.1	-0.52178	0.602
Brain_Hippocampus	/media/kame/Data/_workings/resource/GTEv8//GTExv8.EUR.Brain_Hippocampus/ENSG00000146007.10.wgt.RDat	ENSG00000146007.10	5	140700333	140700334	0.1127	rs11558407	-7.91	rs2569163	0.019001	-3.91	-1.5055	361	26	enet	0.05	0.0035	0.79367	0.427
Brain_Hippocampus	/media/kame/Data/_workings/resource/GTEv8//GTExv8.EUR.Brain_Hippocampus/ENSG00000204967.10.wgt.RDat	ENSG00000204967.10	5	140806928	140806929	0.0826	rs2286394	-4.12	rs2531349	0.015943	3.61	-1.42789	371	7	enet	-0.0067	0.94	-0.60593	0.545
Brain_Hippocampus	/media/kame/Data/_workings/resource/GTEv8//GTExv8.EUR.Brain_Hippocampus/ENSG00000204963.5.wgt.RDat	ENSG00000204963.5	5	140834247	140834248	0.1502	rs2286394	-4.12	rs10223116	-0.002474	3.78	-1.05078	375	37	enet	0.036	0.011	-1.10916	0.267
Brain_Hippocampus	/media/kame/Data/_workings/resource/GTEv8//GTExv8.EUR.Brain_Hippocampus/ENSG00000250120.6.wgt.RDat	ENSG00000250120.6	5	140855882	140855883	0.0723	rs2286394	-4.12	rs6884562	0.063312	3.82	-1.97828	377	13	enet	-0.0051	0.62	-1.49287	0.135
Brain_Hippocampus	/media/kame/Data/_workings/resource/GTEv8//GTExv8.EUR.Brain_Hippocampus/ENSG00000239389.7.wgt.RDat	ENSG00000239389.7	5	140882642	140882643	0.2266	rs2286394	-4.12	rs251379	0.100006	4.37	0.18612	382	17	enet	0.093	9.1e-05	0.32382	0.746
Brain_Hippocampus	/media/kame/Data/_workings/resource/GTEv8//GTExv8.EUR.Brain_Hippocampus/ENSG00000255622.3.wgt.RDat	ENSG00000255622.3	5	141155995	141155996	0.2103	rs4151701	4.56	rs2530226	0.02	4	-2.05826	446	30	enet	0.041	0.0072	-1.13834	0.255
Brain_Hippocampus	/media/kame/Data/_workings/resource/GTEv8//GTExv8.EUR.Brain_Hippocampus/ENSG00000113212.6.wgt.RDat	ENSG00000113212.6	5	141172618	141172619	0.1645	rs4151701	4.56	rs12188189	-0.006581	-3.62	-1.79038	447	24	enet	0.049	0.0037	0.84957	0.396
Brain_Hippocampus	/media/kame/Data/_workings/resource/GTEv8//GTExv8.EUR.Brain_Hippocampus/ENSG00000120322.3.wgt.RDat	ENSG00000120322.3	5	141177789	141177790	0.4729	rs4151701	4.56	rs2740584	0.181975	5.7	-0.21394	445	45	enet	0.14	9.5e-07	-0.32516	0.745
Brain_Hippocampus	/media/kame/Data/_workings/resource/GTEv8//GTExv8.EUR.Brain_Hippocampus/ENSG00000272674.3.wgt.RDat	ENSG00000272674.3	5	141181398	141181399	0.2603	rs4151701	4.56	rs12654953	0.058107	-3.83	0.31594	445	24	enet	0.045	0.0051	0.14565	0.884
Brain_Hippocampus	/media/kame/Data/_workings/resource/GTEv8//GTExv8.EUR.Brain_Hippocampus/ENSG00000120324.8.wgt.RDat	ENSG00000120324.8	5	141192352	141192353	0.1601	rs4151701	4.56	rs3088331	0.044949	-4.09	-0.68412	441	28	enet	-0.0067	0.93	0.69438	0.487
Brain_Hippocampus	/media/kame/Data/_workings/resource/GTEv8//GTExv8.EUR.Brain_Hippocampus/ENSG00000120328.6.wgt.RDat	ENSG00000120328.6	5	141208696	141208697	0.2702	rs4151701	4.56	rs4912742	0.13427	5.19	0.28463	449	25	enet	0.11	2.9e-05	0.96061	0.337
Brain_Hippocampus	/media/kame/Data/_workings/resource/GTEv8//GTExv8.EUR.Brain_Hippocampus/ENSG00000253305.2.wgt.RDat	ENSG00000253305.2	5	141408020	141408021	0.2587	rs6888135	12.29	rs152269	0.015613	-3.6	-0.54501	502	16	enet	-0.0053	0.64	1.24193	0.214
Brain_Hippocampus	/media/kame/Data/_workings/resource/GTEv8//GTExv8.EUR.Brain_Hippocampus/ENSG00000280047.1.wgt.RDat	ENSG00000280047.1	5	142165766	142165767	0.5049	rs6888135	12.29	rs2288819	0.287599	-6.67	0.32908	578	21	enet	0.31	6.7e-14	-0.11149	0.911
Brain_Hippocampus	/media/kame/Data/_workings/resource/GTEv8//GTExv8.EUR.Brain_Hippocampus/ENSG00000183775.10.wgt.RDat	ENSG00000183775.10	5	144170831	144170832	0.1706	rs6882650	4.9	rs358649	0.038464	3.69	3.83809	410	3	enet	-0.0048	0.6	3.41861	0.000629
Brain_Hippocampus	/media/kame/Data/_workings/resource/GTEv8//GTExv8.EUR.Brain_Hippocampus/ENSG00000133706.17.wgt.RDat	ENSG00000133706.17	5	146182659	146182660	0.2376	rs4305683	3.68	rs7728381	0.271379	6.66	0.8857	431	46	enet	0.25	3e-11	1.05132	0.293
Brain_Hippocampus	/media/kame/Data/_workings/resource/GTEv8//GTExv8.EUR.Brain_Hippocampus/ENSG00000204909.7.wgt.RDat	ENSG00000204909.7	5	148321202	148321203	0.2578	rs13187585	-6.37	rs7734458	0.123051	4.88	4.10436	443	26	enet	0.066	0.00086	3.5427	0.000396
Brain_Hippocampus	/media/kame/Data/_workings/resource/GTEv8//GTExv8.EUR.Brain_Hippocampus/ENSG00000145868.16.wgt.RDat	ENSG00000145868.16	5	148383934	148383935	0.1036	rs13187585	-6.37	rs10077690	0.050754	-4.14	4.66837	447	12	enet	0.025	0.03	-4.14997	3.33e-05
Brain_Hippocampus	/media/kame/Data/_workings/resource/GTEv8//GTExv8.EUR.Brain_Hippocampus/ENSG00000173210.19.wgt.RDat	ENSG00000173210.19	5	149141482	149141483	0.6262	rs4705283	4.97	rs13161048	0.27838	-6.73	-0.17998	528	57	enet	0.22	1.3e-09	0.20686	0.836
Brain_Hippocampus	/media/kame/Data/_workings/resource/GTEv8//GTExv8.EUR.Brain_Hippocampus/ENSG00000164296.6.wgt.RDat	ENSG00000164296.6	5	150000319	150000320	0.222	rs4705407	-6.49	rs4705404	0.03284	-3.89	-4.00397	567	14	enet	-0.0063	0.79	3.34699	0.000817
Brain_Hippocampus	/media/kame/Data/_workings/resource/GTEv8//GTExv8.EUR.Brain_Hippocampus/ENSG00000113716.12.wgt.RDat	ENSG00000113716.12	5	150001167	150001168	0.225	rs4705407	-6.49	rs2282806	0.061357	4.43	0.35583	567	19	enet	0.074	0.00046	1.70925	0.0874
Brain_Hippocampus	/media/kame/Data/_workings/resource/GTEv8//GTExv8.EUR.Brain_Hippocampus/ENSG00000254333.1.wgt.RDat	ENSG00000254333.1	5	150485298	150485299	0.4793	rs4705407	-6.49	rs3846703	0.237262	6.65	-1.18214	483	34	enet	0.2	6.5e-09	-0.79211	0.428
Brain_Hippocampus	/media/kame/Data/_workings/resource/GTEv8//GTExv8.EUR.Brain_Hippocampus/ENSG00000070614.14.wgt.RDat	ENSG00000070614.14	5	150485817	150485818	0.2498	rs4705407	-6.49	rs11994	0.175056	5.36	2.21869	484	25	enet	0.17	1.1e-07	0.6201	0.535
Brain_Hippocampus	/media/kame/Data/_workings/resource/GTEv8//GTExv8.EUR.Brain_Hippocampus/ENSG00000197083.11.wgt.RDat	ENSG00000197083.11	5	150946288	150946289	0.7002	rs10074582	-3.93	rs7724036	0.171067	6.76	0.04569	531	33	enet	0.37	1.1e-16	0.4174	0.676
Brain_Hippocampus	/media/kame/Data/_workings/resource/GTEv8//GTExv8.EUR.Brain_Hippocampus/ENSG00000123643.12.wgt.RDat	ENSG00000123643.12	5	151437045	151437046	0.4646	rs890832	-3.88	rs1116037	0.019408	4.08	0.06189	630	54	enet	0.078	0.00031	0.04428	0.965
Brain_Hippocampus	/media/kame/Data/_workings/resource/GTEv8//GTExv8.EUR.Brain_Hippocampus/ENSG00000271795.1.wgt.RDat	ENSG00000271795.1	5	151509452	151509453	0.2864	rs12522075	6.16	rs165359	0.094848	4.24	0.01892	631	17	enet	0.085	0.00017	-0.09982	0.92
Brain_Hippocampus	/media/kame/Data/_workings/resource/GTEv8//GTExv8.EUR.Brain_Hippocampus/ENSG00000260581.1.wgt.RDat	ENSG00000260581.1	5	151652274	151652275	0.4992	rs3864271	7.42	rs357629	0.376904	7.62	-0.08814	569	9	enet	0.29	7.6e-13	-0.04456	0.964
Brain_Hippocampus	/media/kame/Data/_workings/resource/GTEv8//GTExv8.EUR.Brain_Hippocampus/ENSG00000253921.1.wgt.RDat	ENSG00000253921.1	5	151753991	151753992	0.1254	rs3864271	7.42	rs2915868	0.104311	-4.12	1.75455	562	9	enet	0.066	9e-04	-1.60956	0.107
Brain_Hippocampus	/media/kame/Data/_workings/resource/GTEv8//GTExv8.EUR.Brain_Hippocampus/ENSG00000213433.5.wgt.RDat	ENSG00000213433.5	5	151766377	151766378	0.4307	rs3864271	7.42	rs2964584	0.329945	-7.26	-0.32987	557	31	enet	0.34	2.4e-15	-0.67437	0.5
Brain_Hippocampus	/media/kame/Data/_workings/resource/GTEv8//GTExv8.EUR.Brain_Hippocampus/ENSG00000164574.15.wgt.RDat	ENSG00000164574.15	5	154190729	154190730	0.15	rs11954986	-4.82	rs890794	0.067481	-4.07	2.81092	495	25	enet	0.017	0.062	-1.24873	0.212
Brain_Hippocampus	/media/kame/Data/_workings/resource/GTEv8//GTExv8.EUR.Brain_Hippocampus/ENSG00000155508.13.wgt.RDat	ENSG00000155508.13	5	154857552	154857553	0.2667	rs12653766	6.16	rs6882998	0.108191	-4.88	0.6924	446	36	enet	0.13	4.2e-06	0.02987	0.976
Brain_Hippocampus	/media/kame/Data/_workings/resource/GTEv8//GTExv8.EUR.Brain_Hippocampus/ENSG00000145850.8.wgt.RDat	ENSG00000145850.8	5	156963254	156963255	0.217	rs13154298	7.49	rs919745	0.015654	-3.96	0.79178	439	34	enet	0.062	0.0013	-0.08786	0.93
Brain_Hippocampus	/media/kame/Data/_workings/resource/GTEv8//GTExv8.EUR.Brain_Hippocampus/ENSG00000248544.2.wgt.RDat	ENSG00000248544.2	5	157384949	157384950	0.6358	rs13154298	7.49	rs17657987	0.366192	7.45	0.00653	504	78	enet	0.32	3.7e-14	-0.51237	0.608
Brain_Hippocampus	/media/kame/Data/_workings/resource/GTEv8//GTExv8.EUR.Brain_Hippocampus/ENSG00000251405.2.wgt.RDat	ENSG00000251405.2	5	157460017	157460018	0.567	rs13154298	7.49	rs11466815	0.427318	8.3	-0.13158	520	24	enet	0.41	8.2e-19	-0.08872	0.929
Brain_Hippocampus	/media/kame/Data/_workings/resource/GTEv8//GTExv8.EUR.Brain_Hippocampus/ENSG00000188573.7.wgt.RDat	ENSG00000188573.7	5	168529115	168529116	0.3019	rs2059090	5.31	rs12654410	0.045488	4.13	2.46175	602	16	enet	0.026	0.027	0.26412	0.792
Brain_Hippocampus	/media/kame/Data/_workings/resource/GTEv8//GTExv8.EUR.Brain_Hippocampus/ENSG00000204764.13.wgt.RDat	ENSG00000204764.13	5	170861869	170861870	0.2106	rs6555942	4.95	rs2591499	0.107848	-5.15	-1.38252	467	49	enet	0.11	1.5e-05	1.21363	0.225
Brain_Hippocampus	/media/kame/Data/_workings/resource/GTEv8//GTExv8.EUR.Brain_Hippocampus/ENSG00000113734.17.wgt.RDat	ENSG00000113734.17	5	173144577	173144578	0.3569	rs11746792	5.26	rs5745110	0.140873	-4.96	-0.72603	568	23	enet	0.051	0.0032	0.75014	0.453
Brain_Hippocampus	/media/kame/Data/_workings/resource/GTEv8//GTExv8.EUR.Brain_Hippocampus/ENSG00000160867.14.wgt.RDat	ENSG00000160867.14	5	177086885	177086886	0.3903	rs11952102	-8.19	rs641101	0.077306	4.34	-0.82163	385	65	enet	0.13	2.4e-06	-0.60848	0.543
Brain_Hippocampus	/media/kame/Data/_workings/resource/GTEv8//GTExv8.EUR.Brain_Hippocampus/ENSG00000213347.10.wgt.RDat	ENSG00000213347.10	5	177312756	177312757	0.3357	rs11952102	-8.19	rs11949767	0.174027	5.5	-7.96796	311	18	enet	0.18	3.3e-08	-4.85558	1.2e-06
Brain_Hippocampus	/media/kame/Data/_workings/resource/GTEv8//GTExv8.EUR.Brain_Hippocampus/ENSG00000027847.13.wgt.RDat	ENSG00000027847.13	5	177600099	177600100	0.3624	rs11952102	-8.19	rs13175194	0.172888	5.3	-0.02187	240	22	enet	0.17	1.2e-07	-0.20643	0.836
Brain_Hippocampus	/media/kame/Data/_workings/resource/GTEv8//GTExv8.EUR.Brain_Hippocampus/ENSG00000249109.1.wgt.RDat	ENSG00000249109.1	5	177782196	177782197	0.3108	rs11952102	-8.19	rs7703727	0.175605	-5.41	-0.0332	296	13	enet	0.099	5e-05	0.09203	0.927
Brain_Hippocampus	/media/kame/Data/_workings/resource/GTEv8//GTExv8.EUR.Brain_Hippocampus/ENSG00000170074.19.wgt.RDat	ENSG00000170074.19	5	177783397	177783398	0.3344	rs11952102	-8.19	rs7703727	0.223484	-5.95	-0.0332	296	5	enet	0.2	5.2e-09	0.08692	0.931
Brain_Hippocampus	/media/kame/Data/_workings/resource/GTEv8//GTExv8.EUR.Brain_Hippocampus/ENSG00000145916.18.wgt.RDat	ENSG00000145916.18	5	178130995	178130996	0.2801	rs2672818	3.38	rs1585687	-0.005343	3.21	0.02151	392	67	enet	0.025	0.03	0.47448	0.635
Brain_Hippocampus	/media/kame/Data/_workings/resource/GTEv8//GTExv8.EUR.Brain_Hippocampus/ENSG00000087116.14.wgt.RDat	ENSG00000087116.14	5	179345429	179345430	0.4784	rs6895117	-4.71	rs7706427	0.027474	4.9	0.00415	498	8	enet	0.14	1.4e-06	-0.88572	0.376
Brain_Hippocampus	/media/kame/Data/_workings/resource/GTEv8//GTExv8.EUR.Brain_Hippocampus/ENSG00000253520.1.wgt.RDat	ENSG00000253520.1	5	179527512	179527513	0.3683	rs6895117	-4.71	rs4128629	0.145613	-5.06	-1.76975	483	62	enet	0.12	5.9e-06	0.72931	0.466
Brain_Hippocampus	/media/kame/Data/_workings/resource/GTEv8//GTExv8.EUR.Brain_Hippocampus/ENSG00000127022.14.wgt.RDat	ENSG00000127022.14	5	179698405	179698406	0.2104	rs6895117	-4.71	rs13182141	0.088764	-4.84	-0.38387	460	10	enet	0.049	0.0036	-0.16333	0.87
Brain_Hippocampus	/media/kame/Data/_workings/resource/GTEv8//GTExv8.EUR.Brain_Hippocampus/ENSG00000161011.19.wgt.RDat	ENSG00000161011.19	5	179806397	179806398	0.2793	rs255022	3.96	rs2303677	0.005318	-4.13	-1.66277	445	21	enet	0.052	0.003	1.23494	0.217
Brain_Hippocampus	/media/kame/Data/_workings/resource/GTEv8//GTExv8.EUR.Brain_Hippocampus/ENSG00000161010.14.wgt.RDat	ENSG00000161010.14	5	179858886	179858887	0.368	rs4282280	3.77	rs10277	0.271801	6.48	1.79307	438	12	enet	0.2	6.4e-09	1.93185	0.0534
Brain_Hippocampus	/media/kame/Data/_workings/resource/GTEv8//GTExv8.EUR.Brain_Hippocampus/ENSG00000197226.12.wgt.RDat	ENSG00000197226.12	5	179907858	179907859	0.4009	rs4282280	3.77	rs248321	0.030295	-3.93	0.35536	438	65	enet	0.081	0.00025	0.62666	0.531
Brain_Hippocampus	/media/kame/Data/_workings/resource/GTEv8//GTExv8.EUR.Brain_Hippocampus/ENSG00000168903.8.wgt.RDat	ENSG00000168903.8	5	180988844	180988845	0.4565	rs2619758	-11	rs4700772	0.17051	5.6	1.17414	297	21	enet	0.18	2.5e-08	0.27962	0.78
Brain_Hippocampus	/media/kame/Data/_workings/resource/GTEv8//GTExv8.EUR.Brain_Hippocampus/ENSG00000248275.1.wgt.RDat	ENSG00000248275.1	5	181261211	181261212	0.7078	rs2619758	-11	rs1279912	0.529976	-8.9	-0.40624	184	21	enet	0.51	1.1e-24	0.70599	0.48
Brain_Hippocampus	/media/kame/Data/_workings/resource/GTEv8//GTExv8.EUR.Brain_Hippocampus/ENSG00000272463.1.wgt.RDat	ENSG00000272463.1	6	711404	711405	0.3713	rs2788213	5.11	rs2244443	0.237087	-6.28	2.6679	623	10	enet	0.21	2.8e-09	-2.04249	0.0411
Brain_Hippocampus	/media/kame/Data/_workings/resource/GTEv8//GTExv8.EUR.Brain_Hippocampus/ENSG00000272279.1.wgt.RDat	ENSG00000272279.1	6	1528910	1528911	0.6747	rs226443	3.91	rs4367416	0.357397	7.35	0.36876	705	29	enet	0.3	3.5e-13	0.67141	0.502
Brain_Hippocampus	/media/kame/Data/_workings/resource/GTEv8//GTExv8.EUR.Brain_Hippocampus/ENSG00000280423.1.wgt.RDat	ENSG00000280423.1	6	2561946	2561947	0.3612	rs9328087	5.2	rs160664	-0.005868	4.08	0.01193	585	25	enet	-0.00049	0.34	0.08245	0.934
Brain_Hippocampus	/media/kame/Data/_workings/resource/GTEv8//GTExv8.EUR.Brain_Hippocampus/ENSG00000164385.8.wgt.RDat	ENSG00000164385.8	6	2634602	2634603	0.2836	rs9328087	5.2	rs6909529	0.162038	5.31	0.99303	588	8	enet	0.089	0.00012	0.83297	0.405
Brain_Hippocampus	/media/kame/Data/_workings/resource/GTEv8//GTExv8.EUR.Brain_Hippocampus/ENSG00000145949.9.wgt.RDat	ENSG00000145949.9	6	2750965	2750966	0.4336	rs9328087	5.2	rs9503244	0.131466	5.36	-0.75569	586	14	enet	0.18	2.5e-08	-0.33829	0.735
Brain_Hippocampus	/media/kame/Data/_workings/resource/GTEv8//GTExv8.EUR.Brain_Hippocampus/ENSG00000124535.15.wgt.RDat	ENSG00000124535.15	6	2765413	2765414	0.2984	rs2479011	4.68	rs160666	0.009371	-3.79	0.16963	597	25	enet	-0.0044	0.56	0.24951	0.803
Brain_Hippocampus	/media/kame/Data/_workings/resource/GTEv8//GTExv8.EUR.Brain_Hippocampus/ENSG00000124588.19.wgt.RDat	ENSG00000124588.19	6	2993930	2993931	0.5764	rs318497	-4.68	rs4149360	0.380608	-7.57	-0.11719	680	64	enet	0.27	6.4e-12	-0.87828	0.38
Brain_Hippocampus	/media/kame/Data/_workings/resource/GTEv8//GTExv8.EUR.Brain_Hippocampus/ENSG00000180822.11.wgt.RDat	ENSG00000180822.11	6	3231402	3231403	0.2012	rs4342462	-8.88	rs4613858	0.150608	-5.45	-1.71635	611	7	enet	0.11	3.1e-05	1.95567	0.0505
Brain_Hippocampus	/media/kame/Data/_workings/resource/GTEv8//GTExv8.EUR.Brain_Hippocampus/ENSG00000228793.1.wgt.RDat	ENSG00000228793.1	6	3624746	3624747	0.7559	rs4342462	-8.88	rs226953	0.433494	-8.1	-0.21673	608	33	enet	0.52	1.9e-25	0.40779	0.683
Brain_Hippocampus	/media/kame/Data/_workings/resource/GTEv8//GTExv8.EUR.Brain_Hippocampus/ENSG00000198721.12.wgt.RDat	ENSG00000198721.12	6	4135596	4135597	0.3877	rs11242954	-5.84	rs649725	0.181834	-5.42	-1.54683	635	22	enet	0.11	2.5e-05	1.05514	0.291
Brain_Hippocampus	/media/kame/Data/_workings/resource/GTEv8//GTExv8.EUR.Brain_Hippocampus/ENSG00000214113.10.wgt.RDat	ENSG00000214113.10	6	5260938	5260939	0.2305	rs797151	-7.56	rs736004	0.021509	4.57	-0.09799	616	32	enet	0.15	6.8e-07	-1.05791	0.29
Brain_Hippocampus	/media/kame/Data/_workings/resource/GTEv8//GTExv8.EUR.Brain_Hippocampus/ENSG00000124784.8.wgt.RDat	ENSG00000124784.8	6	7389743	7389744	0.2764	rs2765351	-10.34	rs6597266	0.168243	-5.25	-0.19278	602	11	enet	0.048	0.004	0.20433	0.838
Brain_Hippocampus	/media/kame/Data/_workings/resource/GTEv8//GTExv8.EUR.Brain_Hippocampus/ENSG00000137203.10.wgt.RDat	ENSG00000137203.10	6	10419658	10419659	0.3407	rs9350226	-4.19	rs10949574	0.029435	-4.08	0.58603	511	40	enet	0.094	8.1e-05	0.07589	0.94
Brain_Hippocampus	/media/kame/Data/_workings/resource/GTEv8//GTExv8.EUR.Brain_Hippocampus/ENSG00000153157.12.wgt.RDat	ENSG00000153157.12	6	10886830	10886831	0.3477	rs9791189	-5.78	rs518204	0.130902	-5.42	0.43041	470	12	enet	0.11	2.5e-05	-0.37166	0.71
Brain_Hippocampus	/media/kame/Data/_workings/resource/GTEv8//GTExv8.EUR.Brain_Hippocampus/ENSG00000230314.6.wgt.RDat	ENSG00000230314.6	6	11043523	11043524	0.1641	rs12210076	6.04	rs9295764	0.11003	-4.72	0.01757	467	15	enet	0.094	8e-05	-0.0933	0.926
Brain_Hippocampus	/media/kame/Data/_workings/resource/GTEv8//GTExv8.EUR.Brain_Hippocampus/ENSG00000145979.17.wgt.RDat	ENSG00000145979.17	6	13328582	13328583	0.4367	rs365178	-5.11	rs543645	0.201605	6.3	-0.34687	512	28	enet	0.24	1.5e-10	-0.43216	0.666
Brain_Hippocampus	/media/kame/Data/_workings/resource/GTEv8//GTExv8.EUR.Brain_Hippocampus/ENSG00000050393.11.wgt.RDat	ENSG00000050393.11	6	13814567	13814568	0.4808	rs365178	-5.11	rs4715562	0.129574	6.01	-1.40295	472	22	enet	0.17	7.5e-08	-0.60627	0.544
Brain_Hippocampus	/media/kame/Data/_workings/resource/GTEv8//GTExv8.EUR.Brain_Hippocampus/ENSG00000137414.5.wgt.RDat	ENSG00000137414.5	6	17600354	17600355	0.2571	rs12199222	-4.28	rs6916441	0.100019	4.5	-3.63031	354	16	enet	0.025	0.03	-0.77967	0.436
Brain_Hippocampus	/media/kame/Data/_workings/resource/GTEv8//GTExv8.EUR.Brain_Hippocampus/ENSG00000124532.14.wgt.RDat	ENSG00000124532.14	6	24402907	24402908	0.5627	rs16888503	-4.28	rs793688	0.104912	5.65	1.15509	604	59	enet	0.087	0.00014	-0.35921	0.719
Brain_Hippocampus	/media/kame/Data/_workings/resource/GTEv8//GTExv8.EUR.Brain_Hippocampus/ENSG00000112308.12.wgt.RDat	ENSG00000112308.12	6	24720835	24720836	0.2191	rs4712888	4.54	rs3813687	0.11068	5.05	0.73765	602	9	enet	0.11	2.4e-05	0.49652	0.62
Brain_Hippocampus	/media/kame/Data/_workings/resource/GTEv8//GTExv8.EUR.Brain_Hippocampus/ENSG00000112041.12.wgt.RDat	ENSG00000112041.12	6	35512937	35512938	0.6739	rs7772251	7.95	rs1540910	0.245385	6.71	-0.49146	422	31	enet	0.37	9.7e-17	-0.17387	0.862
Brain_Hippocampus	/media/kame/Data/_workings/resource/GTEv8//GTExv8.EUR.Brain_Hippocampus/ENSG00000096063.15.wgt.RDat	ENSG00000096063.15	6	35921341	35921342	0.1301	rs16878591	4.48	rs6457858	0.109812	4.3	0.48438	417	32	enet	0.076	0.00039	0.5049	0.614
Brain_Hippocampus	/media/kame/Data/_workings/resource/GTEv8//GTExv8.EUR.Brain_Hippocampus/ENSG00000112053.13.wgt.RDat	ENSG00000112053.13	6	36024867	36024868	0.24	rs16878591	4.48	rs7754088	0.159455	5.55	0.85038	387	10	enet	0.15	6.6e-07	0.31745	0.751
Brain_Hippocampus	/media/kame/Data/_workings/resource/GTEv8//GTExv8.EUR.Brain_Hippocampus/ENSG00000156711.16.wgt.RDat	ENSG00000156711.16	6	36127808	36127809	0.42	rs1475774	4.32	rs7751919	-0.006149	-3.36	0.043	369	48	enet	0.06	0.0015	0.6068	0.544
Brain_Hippocampus	/media/kame/Data/_workings/resource/GTEv8//GTExv8.EUR.Brain_Hippocampus/ENSG00000246982.6.wgt.RDat	ENSG00000246982.6	6	36197204	36197205	0.5435	rs17656051	3.44	rs12197499	0.11345	5.61	-0.37081	405	18	enet	0.31	5.7e-14	0.42635	0.67
Brain_Hippocampus	/media/kame/Data/_workings/resource/GTEv8//GTExv8.EUR.Brain_Hippocampus/ENSG00000124762.13.wgt.RDat	ENSG00000124762.13	6	36676459	36676460	0.22	rs236483	7.45	rs1476017	-0.006714	3.18	-0.02352	549	30	enet	0.0038	0.21	-1.00659	0.314
Brain_Hippocampus	/media/kame/Data/_workings/resource/GTEv8//GTExv8.EUR.Brain_Hippocampus/ENSG00000164530.13.wgt.RDat	ENSG00000164530.13	6	36948262	36948263	0.4114	rs236483	7.45	rs4711475	0.19823	6.11	0.04067	523	10	enet	0.3	1.9e-13	0.38518	0.7
Brain_Hippocampus	/media/kame/Data/_workings/resource/GTEv8//GTExv8.EUR.Brain_Hippocampus/ENSG00000137409.19.wgt.RDat	ENSG00000137409.19	6	36986297	36986298	0.2521	rs236483	7.45	rs236374	-0.00663	-3.5	-0.51587	532	26	enet	0.0016	0.27	-0.24914	0.803
Brain_Hippocampus	/media/kame/Data/_workings/resource/GTEv8//GTExv8.EUR.Brain_Hippocampus/ENSG00000198937.8.wgt.RDat	ENSG00000198937.8	6	37499921	37499922	0.2268	rs6923013	-8.23	rs2776910	0.033354	-4.54	0.52661	488	6	enet	0.012	0.093	0.04825	0.962
Brain_Hippocampus	/media/kame/Data/_workings/resource/GTEv8//GTExv8.EUR.Brain_Hippocampus/ENSG00000164627.17.wgt.RDat	ENSG00000164627.17	6	39725404	39725405	0.4146	rs2475487	5.56	rs2281686	0.077973	4.68	0.15128	526	23	enet	0.11	2e-05	1.20057	0.23
Brain_Hippocampus	/media/kame/Data/_workings/resource/GTEv8//GTExv8.EUR.Brain_Hippocampus/ENSG00000001167.14.wgt.RDat	ENSG00000001167.14	6	41072944	41072945	0.2792	rs6910730	-4.49	rs6912359	0.001795	3.7	-0.39401	565	20	enet	-0.0043	0.55	-0.20943	0.834
Brain_Hippocampus	/media/kame/Data/_workings/resource/GTEv8//GTExv8.EUR.Brain_Hippocampus/ENSG00000161912.17.wgt.RDat	ENSG00000161912.17	6	41101021	41101022	0.3402	rs6910730	-4.49	rs6900152	0.29312	6.85	0.33803	567	14	enet	0.27	8.4e-12	0.27068	0.787
Brain_Hippocampus	/media/kame/Data/_workings/resource/GTEv8//GTExv8.EUR.Brain_Hippocampus/ENSG00000137166.14.wgt.RDat	ENSG00000137166.14	6	41546425	41546426	0.3594	rs6910730	-4.49	rs6915083	0.041842	3.86	0.31584	505	37	enet	0.0049	0.19	-0.56133	0.575
Brain_Hippocampus	/media/kame/Data/_workings/resource/GTEv8//GTExv8.EUR.Brain_Hippocampus/ENSG00000112599.8.wgt.RDat	ENSG00000112599.8	6	42194915	42194916	0.2866	rs2281466	-4.28	rs9369344	0.184709	-5.47	1.12197	411	14	enet	0.15	5.3e-07	-0.73279	0.464
Brain_Hippocampus	/media/kame/Data/_workings/resource/GTEv8//GTExv8.EUR.Brain_Hippocampus/ENSG00000048544.5.wgt.RDat	ENSG00000048544.5	6	42217864	42217865	0.3061	rs2281466	-4.28	rs3749921	0.055071	-4.75	0.03632	413	36	enet	0.057	0.0018	-0.774	0.439
Brain_Hippocampus	/media/kame/Data/_workings/resource/GTEv8//GTExv8.EUR.Brain_Hippocampus/ENSG00000112619.7.wgt.RDat	ENSG00000112619.7	6	42722573	42722574	0.286	rs3823423	5.79	rs9296394	0.280411	6.54	0.23585	363	22	enet	0.23	4.2e-10	0.79261	0.428
Brain_Hippocampus	/media/kame/Data/_workings/resource/GTEv8//GTExv8.EUR.Brain_Hippocampus/ENSG00000146223.14.wgt.RDat	ENSG00000146223.14	6	42879617	42879618	0.3341	rs3823423	5.79	rs2395939	0.117297	-4.41	-0.59994	347	3	enet	0.019	0.049	0.59926	0.549
Brain_Hippocampus	/media/kame/Data/_workings/resource/GTEv8//GTExv8.EUR.Brain_Hippocampus/ENSG00000124713.5.wgt.RDat	ENSG00000124713.5	6	42960757	42960758	0.7456	rs3823423	5.79	rs2395943	0.548735	9.08	-0.08128	365	14	enet	0.55	1.7e-27	-0.04601	0.963
Brain_Hippocampus	/media/kame/Data/_workings/resource/GTEv8//GTExv8.EUR.Brain_Hippocampus/ENSG00000124587.13.wgt.RDat	ENSG00000124587.13	6	42979219	42979220	0.6304	rs3823423	5.79	rs10948059	0.410635	8.32	0.00434	365	22	enet	0.43	3.8e-20	-0.35041	0.726
Brain_Hippocampus	/media/kame/Data/_workings/resource/GTEv8//GTExv8.EUR.Brain_Hippocampus/ENSG00000112667.12.wgt.RDat	ENSG00000112667.12	6	43229483	43229484	0.3002	rs3823423	5.79	rs3730363	0.053728	-4.17	1.3499	357	16	enet	0.086	0.00015	-1.60371	0.109
Brain_Hippocampus	/media/kame/Data/_workings/resource/GTEv8//GTExv8.EUR.Brain_Hippocampus/ENSG00000124608.4.wgt.RDat	ENSG00000124608.4	6	44313325	44313326	0.3482	rs4714758	-3.09	rs9381307	-0.001002	3.99	-0.11353	553	48	enet	0.023	0.036	0.07006	0.944
Brain_Hippocampus	/media/kame/Data/_workings/resource/GTEv8//GTExv8.EUR.Brain_Hippocampus/ENSG00000124813.20.wgt.RDat	ENSG00000124813.20	6	45328156	45328157	0.3335	rs3799965	-4.22	rs10214519	0.141707	-5.51	-1.18957	353	15	enet	0.12	7.3e-06	1.02588	0.305
Brain_Hippocampus	/media/kame/Data/_workings/resource/GTEv8//GTExv8.EUR.Brain_Hippocampus/ENSG00000196284.15.wgt.RDat	ENSG00000196284.15	6	45377952	45377953	0.2878	rs16873345	-3.53	rs12210292	0.16203	5.05	0.67592	361	40	enet	0.12	9.9e-06	1.72044	0.0854
Brain_Hippocampus	/media/kame/Data/_workings/resource/GTEv8//GTExv8.EUR.Brain_Hippocampus/ENSG00000231769.2.wgt.RDat	ENSG00000231769.2	6	46129705	46129706	0.2599	rs1372567	5.04	rs9472701	0.138341	4.94	0.72983	502	5	enet	0.09	0.00011	0.71704	0.473
Brain_Hippocampus	/media/kame/Data/_workings/resource/GTEv8//GTExv8.EUR.Brain_Hippocampus/ENSG00000001561.6.wgt.RDat	ENSG00000001561.6	6	46129992	46129993	0.3455	rs1372567	5.04	rs2179759	0.121425	4.84	-0.05405	503	43	enet	0.054	0.0024	0.05094	0.959
Brain_Hippocampus	/media/kame/Data/_workings/resource/GTEv8//GTExv8.EUR.Brain_Hippocampus/ENSG00000112796.9.wgt.RDat	ENSG00000112796.9	6	46170970	46170971	0.3101	rs1372567	5.04	rs976083	0.086006	4.97	-0.1786	512	18	enet	0.089	0.00012	0.38754	0.698
Brain_Hippocampus	/media/kame/Data/_workings/resource/GTEv8//GTExv8.EUR.Brain_Hippocampus/ENSG00000153291.15.wgt.RDat	ENSG00000153291.15	6	46652914	46652915	0.7515	rs9381497	-5.21	rs2270450	0.456324	8.3	-0.26018	497	47	enet	0.42	3.1e-19	-0.72033	0.471
Brain_Hippocampus	/media/kame/Data/_workings/resource/GTEv8//GTExv8.EUR.Brain_Hippocampus/ENSG00000180113.15.wgt.RDat	ENSG00000180113.15	6	46687874	46687875	0.5702	rs9381497	-5.21	rs2270450	0.386761	-7.73	-0.26018	504	51	enet	0.31	7.2e-14	0.4703	0.638
Brain_Hippocampus	/media/kame/Data/_workings/resource/GTEv8//GTExv8.EUR.Brain_Hippocampus/ENSG00000146085.7.wgt.RDat	ENSG00000146085.7	6	49463190	49463191	0.1763	rs9473701	-3.35	rs7761928	-0.006637	4.07	-0.52851	347	9	enet	-0.006	0.75	-0.17934	0.858
Brain_Hippocampus	/media/kame/Data/_workings/resource/GTEv8//GTExv8.EUR.Brain_Hippocampus/ENSG00000031691.6.wgt.RDat	ENSG00000031691.6	6	49463377	49463378	0.4098	rs9473701	-3.35	rs9463475	0.210863	-6.72	0.35434	347	17	enet	0.29	7.3e-13	-0.23945	0.811
Brain_Hippocampus	/media/kame/Data/_workings/resource/GTEv8//GTExv8.EUR.Brain_Hippocampus/ENSG00000216775.2.wgt.RDat	ENSG00000216775.2	6	52665273	52665274	0.3089	rs2268740	5.63	rs7762854	0.2098	5.72	-0.72081	580	20	enet	0.21	1.9e-09	-0.5353	0.592
Brain_Hippocampus	/media/kame/Data/_workings/resource/GTEv8//GTExv8.EUR.Brain_Hippocampus/ENSG00000137269.14.wgt.RDat	ENSG00000137269.14	6	53794496	53794497	0.2032	rs9382248	6.92	rs4455653	0.023552	4.17	2.38458	528	46	enet	0.04	0.0084	1.15613	0.248
Brain_Hippocampus	/media/kame/Data/_workings/resource/GTEv8//GTExv8.EUR.Brain_Hippocampus/ENSG00000231441.1.wgt.RDat	ENSG00000231441.1	6	56844001	56844002	0.1207	rs3800018	-4.67	rs7775182	0.087263	4.49	0.27629	336	26	enet	0.071	6e-04	0.00522	0.996
Brain_Hippocampus	/media/kame/Data/_workings/resource/GTEv8//GTExv8.EUR.Brain_Hippocampus/ENSG00000151914.19.wgt.RDat	ENSG00000151914.19	6	56954627	56954628	0.0911	rs3800018	-4.67	rs17685235	-0.002305	3.09	2.01693	280	18	enet	0.0012	0.28	0.75937	0.448
Brain_Hippocampus	/media/kame/Data/_workings/resource/GTEv8//GTExv8.EUR.Brain_Hippocampus/ENSG00000151917.17.wgt.RDat	ENSG00000151917.17	6	56955125	56955126	0.4012	rs3800018	-4.67	rs9382669	0.329584	-7.09	2.3217	280	14	enet	0.32	4.1e-14	-2.09302	0.0363
Brain_Hippocampus	/media/kame/Data/_workings/resource/GTEv8//GTExv8.EUR.Brain_Hippocampus/ENSG00000272541.1.wgt.RDat	ENSG00000272541.1	6	57856467	57856468	0.4583	rs12663198	2.43	rs477994	0.165893	5.25	0.86365	89	50	enet	0.2	5.2e-09	-2.9122	0.00359
Brain_Hippocampus	/media/kame/Data/_workings/resource/GTEv8//GTExv8.EUR.Brain_Hippocampus/ENSG00000272316.1.wgt.RDat	ENSG00000272316.1	6	57913910	57913911	0.5382	rs12663198	2.43	rs6918757	0.260803	-6.96	0.95067	99	45	enet	0.41	1.2e-18	1.52723	0.127
Brain_Hippocampus	/media/kame/Data/_workings/resource/GTEv8//GTExv8.EUR.Brain_Hippocampus/ENSG00000239650.4.wgt.RDat	ENSG00000239650.4	6	57930290	57930291	0.3223	rs12663198	2.43	rs6918757	0.228689	-5.95	0.95067	99	31	enet	0.19	2.2e-08	-0.15934	0.873
Brain_Hippocampus	/media/kame/Data/_workings/resource/GTEv8//GTExv8.EUR.Brain_Hippocampus/ENSG00000215190.9.wgt.RDat	ENSG00000215190.9	6	57961500	57961501	0.7805	rs12663198	2.43	rs6918757	0.483126	8.71	0.95067	100	19	enet	0.7	3.6e-41	-0.57713	0.564
Brain_Hippocampus	/media/kame/Data/_workings/resource/GTEv8//GTExv8.EUR.Brain_Hippocampus/ENSG00000230910.2.wgt.RDat	ENSG00000230910.2	6	68635026	68635027	0.2421	rs994380	10.19	rs2802699	0.110183	5.01	-0.20436	434	20	enet	0.099	5.1e-05	-1.12646	0.26
Brain_Hippocampus	/media/kame/Data/_workings/resource/GTEv8//GTExv8.EUR.Brain_Hippocampus/ENSG00000154079.5.wgt.RDat	ENSG00000154079.5	6	70566916	70566917	0.2712	rs1983761	-8.25	rs10455706	0.160042	-5.5	0.00708	503	18	enet	0.14	9.9e-07	-0.46153	0.644
Brain_Hippocampus	/media/kame/Data/_workings/resource/GTEv8//GTExv8.EUR.Brain_Hippocampus/ENSG00000112305.14.wgt.RDat	ENSG00000112305.14	6	70667775	70667776	0.1534	rs2460696	-6.78	rs781994	0.045747	3.58	-1.48296	484	32	enet	0.034	0.013	0.49832	0.618
Brain_Hippocampus	/media/kame/Data/_workings/resource/GTEv8//GTExv8.EUR.Brain_Hippocampus/ENSG00000112309.10.wgt.RDat	ENSG00000112309.10	6	70957037	70957038	0.2289	rs2460696	-6.78	rs1084382	-0.002369	-3.81	0.00271	413	32	enet	0.0017	0.27	0.41751	0.676
Brain_Hippocampus	/media/kame/Data/_workings/resource/GTEv8//GTExv8.EUR.Brain_Hippocampus/ENSG00000256980.4.wgt.RDat	ENSG00000256980.4	6	73225769	73225770	0.2019	rs583443	9.07	rs12190643	0.096188	4.79	-0.24345	387	14	enet	0.088	0.00013	0.11194	0.911
Brain_Hippocampus	/media/kame/Data/_workings/resource/GTEv8//GTExv8.EUR.Brain_Hippocampus/ENSG00000234882.1.wgt.RDat	ENSG00000234882.1	6	73291961	73291962	0.3384	rs583443	9.07	rs10943084	0.160592	5.01	2.09121	381	25	enet	0.13	4e-06	0.91974	0.358
Brain_Hippocampus	/media/kame/Data/_workings/resource/GTEv8//GTExv8.EUR.Brain_Hippocampus/ENSG00000146243.13.wgt.RDat	ENSG00000146243.13	6	78867471	78867472	0.1422	rs7738508	-4.04	rs9352675	0.018859	4.37	1.25026	373	25	enet	0.031	0.017	0.67652	0.499
Brain_Hippocampus	/media/kame/Data/_workings/resource/GTEv8//GTExv8.EUR.Brain_Hippocampus/ENSG00000083123.14.wgt.RDat	ENSG00000083123.14	6	80106646	80106647	0.3482	rs972309	-5.67	rs1040596	0.110054	5.38	0.52856	465	57	enet	0.15	8.1e-07	0.26663	0.79
Brain_Hippocampus	/media/kame/Data/_workings/resource/GTEv8//GTExv8.EUR.Brain_Hippocampus/ENSG00000118420.16.wgt.RDat	ENSG00000118420.16	6	83065840	83065841	0.1261	rs159040	5.85	rs1170348	0.000457	3.38	-2.51812	346	28	enet	-0.0067	0.94	-0.4845	0.628
Brain_Hippocampus	/media/kame/Data/_workings/resource/GTEv8//GTExv8.EUR.Brain_Hippocampus/ENSG00000219951.4.wgt.RDat	ENSG00000219951.4	6	83392415	83392416	0.1802	rs12190945	-4.53	rs2023238	-0.001956	3.51	0.50138	312	17	enet	0.035	0.012	0.16105	0.872
Brain_Hippocampus	/media/kame/Data/_workings/resource/GTEv8//GTExv8.EUR.Brain_Hippocampus/ENSG00000135318.11.wgt.RDat	ENSG00000135318.11	6	85449583	85449584	0.3455	rs10944063	6.15	rs3812137	-0.004857	3.36	-0.0716	431	33	enet	0.11	1.5e-05	0.82375	0.41
Brain_Hippocampus	/media/kame/Data/_workings/resource/GTEv8//GTExv8.EUR.Brain_Hippocampus/ENSG00000203875.10.wgt.RDat	ENSG00000203875.10	6	85678735	85678736	0.6447	rs17443200	3.74	rs1059307	0.59544	-9.6	-0.34269	331	22	enet	0.6	8.8e-32	0.36201	0.717
Brain_Hippocampus	/media/kame/Data/_workings/resource/GTEv8//GTExv8.EUR.Brain_Hippocampus/ENSG00000111850.10.wgt.RDat	ENSG00000111850.10	6	87322674	87322675	0.2733	rs1590429	6.7	rs7745870	0.164972	5.26	-0.05726	406	20	enet	0.076	0.00037	-0.14303	0.886
Brain_Hippocampus	/media/kame/Data/_workings/resource/GTEv8//GTExv8.EUR.Brain_Hippocampus/ENSG00000203872.6.wgt.RDat	ENSG00000203872.6	6	87344848	87344849	0.1575	rs1590429	6.7	rs9353482	0.115904	-4.73	-0.32116	409	8	enet	0.079	3e-04	0.01831	0.985
Brain_Hippocampus	/media/kame/Data/_workings/resource/GTEv8//GTExv8.EUR.Brain_Hippocampus/ENSG00000083099.10.wgt.RDat	ENSG00000083099.10	6	89638752	89638753	0.3101	rs7760960	3.87	rs34012596	0.268959	6.42	0.53911	488	19	enet	0.22	7.1e-10	1.15964	0.246
Brain_Hippocampus	/media/kame/Data/_workings/resource/GTEv8//GTExv8.EUR.Brain_Hippocampus/ENSG00000224944.1.wgt.RDat	ENSG00000224944.1	6	91690427	91690428	0.16	rs1493556	6.99	rs598218	0.09261	-4.61	0.13755	420	8	enet	0.09	0.00011	-0.0701	0.944
Brain_Hippocampus	/media/kame/Data/_workings/resource/GTEv8//GTExv8.EUR.Brain_Hippocampus/ENSG00000123545.5.wgt.RDat	ENSG00000123545.5	6	96897880	96897881	0.1838	rs1206149	-6.03	rs850434	0.139875	4.88	0.33864	403	26	enet	0.17	1.3e-07	0.04664	0.963
Brain_Hippocampus	/media/kame/Data/_workings/resource/GTEv8//GTExv8.EUR.Brain_Hippocampus/ENSG00000146263.11.wgt.RDat	ENSG00000146263.11	6	97283209	97283210	0.2061	rs1206149	-6.03	rs17057619	-0.003492	-3.76	-1.43305	330	2	enet	-0.0067	0.91	1.48239	0.138
Brain_Hippocampus	/media/kame/Data/_workings/resource/GTEv8//GTExv8.EUR.Brain_Hippocampus/ENSG00000232699.3.wgt.RDat	ENSG00000232699.3	6	99174743	99174744	0.2027	rs2252933	6.82	rs7744845	0.00356	-3.56	-2.18242	443	14	enet	-0.0056	0.69	2.4363	0.0148
Brain_Hippocampus	/media/kame/Data/_workings/resource/GTEv8//GTExv8.EUR.Brain_Hippocampus/ENSG00000228506.1.wgt.RDat	ENSG00000228506.1	6	99424921	99424922	0.5551	rs2252933	6.82	rs6923983	0.434781	8.08	-3.19183	473	19	enet	0.45	5.1e-21	-3.53806	0.000403
Brain_Hippocampus	/media/kame/Data/_workings/resource/GTEv8//GTExv8.EUR.Brain_Hippocampus/ENSG00000219755.1.wgt.RDat	ENSG00000219755.1	6	99575711	99575712	0.3112	rs4840096	-6.58	rs2209157	0.202212	-6.33	-1.03701	443	15	enet	0.23	3.2e-10	1.31176	0.19
Brain_Hippocampus	/media/kame/Data/_workings/resource/GTEv8//GTExv8.EUR.Brain_Hippocampus/ENSG00000279170.1.wgt.RDat	ENSG00000279170.1	6	99587610	99587611	0.2473	rs4840096	-6.58	rs11154824	0.038433	-4.01	-2.40171	437	22	enet	0.014	0.077	2.19017	0.0285
Brain_Hippocampus	/media/kame/Data/_workings/resource/GTEv8//GTExv8.EUR.Brain_Hippocampus/ENSG00000112249.13.wgt.RDat	ENSG00000112249.13	6	100881371	100881372	0.1258	rs3798514	7.68	rs6927027	0.035165	-3.64	-0.34784	291	8	enet	0.054	0.0024	0.60466	0.545
Brain_Hippocampus	/media/kame/Data/_workings/resource/GTEv8//GTExv8.EUR.Brain_Hippocampus/ENSG00000112276.13.wgt.RDat	ENSG00000112276.13	6	105137173	105137174	0.1414	rs314280	9.39	rs4512258	0.094533	4.49	-0.42502	377	20	enet	0.053	0.0027	0.21306	0.831
Brain_Hippocampus	/media/kame/Data/_workings/resource/GTEv8//GTExv8.EUR.Brain_Hippocampus/ENSG00000130348.11.wgt.RDat	ENSG00000130348.11	6	106629577	106629578	0.6162	rs12199744	-3.09	rs2054365	0.390335	-8.13	-0.13519	506	54	enet	0.41	4.9e-19	0.05695	0.955
Brain_Hippocampus	/media/kame/Data/_workings/resource/GTEv8//GTExv8.EUR.Brain_Hippocampus/ENSG00000229654.1.wgt.RDat	ENSG00000229654.1	6	106695534	106695535	0.3111	rs12199744	-3.09	rs12525297	0.050915	-4.5	-0.31386	497	11	enet	0.07	0.00064	-0.06431	0.949
Brain_Hippocampus	/media/kame/Data/_workings/resource/GTEv8//GTExv8.EUR.Brain_Hippocampus/ENSG00000135537.16.wgt.RDat	ENSG00000135537.16	6	108294893	108294894	0.3239	rs2274776	4.63	rs532441	0.010726	3.62	-0.18706	362	20	enet	-0.0053	0.65	0.43829	0.661
Brain_Hippocampus	/media/kame/Data/_workings/resource/GTEv8//GTExv8.EUR.Brain_Hippocampus/ENSG00000260273.1.wgt.RDat	ENSG00000260273.1	6	109382794	109382795	0.1758	rs9386797	4.57	rs3757235	0.076098	4.6	3.01549	384	39	enet	0.058	0.0017	2.22809	0.0259
Brain_Hippocampus	/media/kame/Data/_workings/resource/GTEv8//GTExv8.EUR.Brain_Hippocampus/ENSG00000185250.15.wgt.RDat	ENSG00000185250.15	6	109440761	109440762	0.1562	rs9386797	4.57	rs17070580	0.096285	4.41	1.55548	386	15	enet	0.056	0.002	0.9299	0.352
Brain_Hippocampus	/media/kame/Data/_workings/resource/GTEv8//GTExv8.EUR.Brain_Hippocampus/ENSG00000155085.15.wgt.RDat	ENSG00000155085.15	6	109691216	109691217	0.2596	rs2505038	6.42	rs9487069	0.207759	-6.23	2.75541	440	36	enet	0.19	1.4e-08	-2.17768	0.0294
Brain_Hippocampus	/media/kame/Data/_workings/resource/GTEv8//GTExv8.EUR.Brain_Hippocampus/ENSG00000255389.1.wgt.RDat	ENSG00000255389.1	6	111599874	111599875	0.8167	rs1794821	4.01	rs13190932	0.215022	-6.52	0.10757	436	27	enet	0.44	1.4e-20	0.16916	0.866
Brain_Hippocampus	/media/kame/Data/_workings/resource/GTEv8//GTExv8.EUR.Brain_Hippocampus/ENSG00000111816.7.wgt.RDat	ENSG00000111816.7	6	116060757	116060758	0.225	rs1204850	9.11	rs1547030	0.074565	4.31	0.47366	401	34	enet	0.0014	0.27	-0.41664	0.677
Brain_Hippocampus	/media/kame/Data/_workings/resource/GTEv8//GTExv8.EUR.Brain_Hippocampus/ENSG00000188820.12.wgt.RDat	ENSG00000188820.12	6	116461369	116461370	0.3243	rs1204850	9.11	rs12209580	0.017704	-4.22	-0.07993	379	39	enet	0.046	0.005	-0.15922	0.873
Brain_Hippocampus	/media/kame/Data/_workings/resource/GTEv8//GTExv8.EUR.Brain_Hippocampus/ENSG00000279453.1.wgt.RDat	ENSG00000279453.1	6	122439222	122439223	0.1448	rs9388103	4.75	rs155458	0.129857	4.79	-0.0471	432	9	enet	0.079	3e-04	0.0647	0.948
Brain_Hippocampus	/media/kame/Data/_workings/resource/GTEv8//GTExv8.EUR.Brain_Hippocampus/ENSG00000135547.8.wgt.RDat	ENSG00000135547.8	6	125747663	125747664	0.1563	rs9375421	5.35	rs1832937	0.031677	3.68	0.04841	334	24	enet	-0.0016	0.38	-0.25166	0.801
Brain_Hippocampus	/media/kame/Data/_workings/resource/GTEv8//GTExv8.EUR.Brain_Hippocampus/ENSG00000237742.6.wgt.RDat	ENSG00000237742.6	6	125749189	125749190	0.2036	rs9375421	5.35	rs9321054	0.112494	5.07	-0.55607	331	6	enet	0.08	0.00027	-0.462	0.644
Brain_Hippocampus	/media/kame/Data/_workings/resource/GTEv8//GTExv8.EUR.Brain_Hippocampus/ENSG00000111912.19.wgt.RDat	ENSG00000111912.19	6	125781160	125781161	0.4232	rs9375421	5.35	rs614031	0.138431	-4.91	-0.22888	319	14	enet	0.11	1.7e-05	0.21289	0.831
Brain_Hippocampus	/media/kame/Data/_workings/resource/GTEv8//GTExv8.EUR.Brain_Hippocampus/ENSG00000066651.18.wgt.RDat	ENSG00000066651.18	6	125986429	125986430	0.1367	rs9372837	6.94	rs9385391	0.110741	4.66	2.04776	258	25	enet	0.059	0.0016	-0.61262	0.54
Brain_Hippocampus	/media/kame/Data/_workings/resource/GTEv8//GTExv8.EUR.Brain_Hippocampus/ENSG00000203756.7.wgt.RDat	ENSG00000203756.7	6	129861546	129861547	0.2663	rs9375683	8.34	rs1480513	0.179966	5.45	1.64073	574	12	enet	0.14	1.3e-06	0.74298	0.457
Brain_Hippocampus	/media/kame/Data/_workings/resource/GTEv8//GTExv8.EUR.Brain_Hippocampus/ENSG00000198945.7.wgt.RDat	ENSG00000198945.7	6	130013698	130013699	0.2959	rs9375683	8.34	rs6569648	0.000745	3.9	-6.29873	562	7	enet	0.04	0.0084	-6.40447	1.51e-10
Brain_Hippocampus	/media/kame/Data/_workings/resource/GTEv8//GTExv8.EUR.Brain_Hippocampus/ENSG00000079819.18.wgt.RDat	ENSG00000079819.18	6	131063321	131063322	0.1476	rs11759748	-5.16	rs9321265	0.045829	4.34	-2.25017	437	7	enet	0.019	0.05	-0.38903	0.697
Brain_Hippocampus	/media/kame/Data/_workings/resource/GTEv8//GTExv8.EUR.Brain_Hippocampus/ENSG00000079950.13.wgt.RDat	ENSG00000079950.13	6	132513197	132513198	0.3601	rs12207504	5.7	rs9321345	0.014374	-4.12	2.4044	533	41	enet	0.07	0.00061	-0.12638	0.899
Brain_Hippocampus	/media/kame/Data/_workings/resource/GTEv8//GTExv8.EUR.Brain_Hippocampus/ENSG00000112306.7.wgt.RDat	ENSG00000112306.7	6	132814440	132814441	0.282	rs4895936	-5.24	rs9402443	0.014746	3.87	-0.10588	540	29	enet	0.056	0.0021	1.56095	0.119
Brain_Hippocampus	/media/kame/Data/_workings/resource/GTEv8//GTExv8.EUR.Brain_Hippocampus/ENSG00000112319.17.wgt.RDat	ENSG00000112319.17	6	133240597	133240598	0.1392	rs4273707	-3.35	rs12191572	0.003403	3.5	-2.39516	451	31	enet	0.0064	0.16	-1.27569	0.202
Brain_Hippocampus	/media/kame/Data/_workings/resource/GTEv8//GTExv8.EUR.Brain_Hippocampus/ENSG00000223542.1.wgt.RDat	ENSG00000223542.1	6	133439463	133439464	0.2192	rs4273707	-3.35	rs159410	-0.002094	-3.15	-0.22304	425	43	enet	0.021	0.042	-0.65683	0.511
Brain_Hippocampus	/media/kame/Data/_workings/resource/GTEv8//GTExv8.EUR.Brain_Hippocampus/ENSG00000227954.6.wgt.RDat	ENSG00000227954.6	6	133891711	133891712	0.2925	rs6921560	5.6	rs7771096	0.124399	-5.09	0.8134	434	11	enet	0.032	0.017	-1.30217	0.193
Brain_Hippocampus	/media/kame/Data/_workings/resource/GTEv8//GTExv8.EUR.Brain_Hippocampus/ENSG00000118514.13.wgt.RDat	ENSG00000118514.13	6	134950121	134950122	0.5786	rs17063789	-4.36	rs4475342	0.42275	-8.23	-1.05835	391	58	enet	0.45	2.7e-21	1.00957	0.313
Brain_Hippocampus	/media/kame/Data/_workings/resource/GTEv8//GTExv8.EUR.Brain_Hippocampus/ENSG00000232876.1.wgt.RDat	ENSG00000232876.1	6	135055032	135055033	0.272	rs9389295	-3.9	rs4475342	0.140002	-5.5	-1.05835	355	22	enet	0.11	2.4e-05	0.91577	0.36
Brain_Hippocampus	/media/kame/Data/_workings/resource/GTEv8//GTExv8.EUR.Brain_Hippocampus/ENSG00000112339.14.wgt.RDat	ENSG00000112339.14	6	135103055	135103056	0.4895	rs9385729	-4.24	rs4475342	0.445436	-8.27	-1.05835	343	26	enet	0.39	5.4e-18	0.871	0.384
Brain_Hippocampus	/media/kame/Data/_workings/resource/GTEv8//GTExv8.EUR.Brain_Hippocampus/ENSG00000135541.20.wgt.RDat	ENSG00000135541.20	6	135497775	135497776	0.2075	rs7769840	-4.96	rs2207000	0.159064	-6.12	2.61093	353	11	enet	0.2	6.3e-09	-0.24527	0.806
Brain_Hippocampus	/media/kame/Data/_workings/resource/GTEv8//GTExv8.EUR.Brain_Hippocampus/ENSG00000112378.11.wgt.RDat	ENSG00000112378.11	6	138107510	138107511	0.286	rs9373202	5.43	rs2327871	0.067734	-4.41	-0.13955	468	8	enet	0.064	0.001	-0.01623	0.987
Brain_Hippocampus	/media/kame/Data/_workings/resource/GTEv8//GTExv8.EUR.Brain_Hippocampus/ENSG00000051620.10.wgt.RDat	ENSG00000051620.10	6	138403560	138403561	0.4406	rs9373202	5.43	rs4896326	-0.005515	-3.7	-0.32221	458	30	enet	0.00067	0.3	-0.01	0.992
Brain_Hippocampus	/media/kame/Data/_workings/resource/GTEv8//GTExv8.EUR.Brain_Hippocampus/ENSG00000225177.5.wgt.RDat	ENSG00000225177.5	6	138692571	138692572	0.3845	rs2473500	-3.73	rs1129180	0.191367	5.81	-0.21023	442	10	enet	0.14	2.1e-06	-0.27016	0.787
Brain_Hippocampus	/media/kame/Data/_workings/resource/GTEv8//GTExv8.EUR.Brain_Hippocampus/ENSG00000024862.17.wgt.RDat	ENSG00000024862.17	6	138773508	138773509	0.2233	rs2473500	-3.73	rs3763185	-0.000518	-3.16	-0.22743	434	28	enet	-0.0023	0.42	-0.21385	0.831
Brain_Hippocampus	/media/kame/Data/_workings/resource/GTEv8//GTExv8.EUR.Brain_Hippocampus/ENSG00000164440.14.wgt.RDat	ENSG00000164440.14	6	139292138	139292139	0.2493	rs4428519	8.16	rs10457678	-0.00282	-3.75	-0.36041	463	30	enet	0.011	0.1	0.54552	0.585
Brain_Hippocampus	/media/kame/Data/_workings/resource/GTEv8//GTExv8.EUR.Brain_Hippocampus/ENSG00000234147.1.wgt.RDat	ENSG00000234147.1	6	140852923	140852924	0.2743	rs1577654	3.49	rs11155139	0.213355	6.38	0.06359	224	13	enet	0.23	2.2e-10	0.14642	0.884
Brain_Hippocampus	/media/kame/Data/_workings/resource/GTEv8//GTExv8.EUR.Brain_Hippocampus/ENSG00000009844.15.wgt.RDat	ENSG00000009844.15	6	142147161	142147162	0.3856	rs6913816	9.02	rs7765914	0.056932	4.87	-0.00217	336	22	enet	0.17	1.4e-07	-0.02068	0.983
Brain_Hippocampus	/media/kame/Data/_workings/resource/GTEv8//GTExv8.EUR.Brain_Hippocampus/ENSG00000270638.1.wgt.RDat	ENSG00000270638.1	6	145735855	145735856	0.1675	rs552965	2.58	rs973856	0.066525	4.39	-0.47589	300	11	enet	0.093	8.6e-05	-0.64522	0.519
Brain_Hippocampus	/media/kame/Data/_workings/resource/GTEv8//GTExv8.EUR.Brain_Hippocampus/ENSG00000235652.7.wgt.RDat	ENSG00000235652.7	6	145809777	145809778	0.2329	rs1555084	2.4	rs9497403	0.098168	5.27	-0.03311	267	26	enet	0.12	1.2e-05	-0.60928	0.542
Brain_Hippocampus	/media/kame/Data/_workings/resource/GTEv8//GTExv8.EUR.Brain_Hippocampus/ENSG00000233452.6.wgt.RDat	ENSG00000233452.6	6	147204423	147204424	0.2741	rs325105	-4.53	rs6937015	-0.004941	-3.75	-3.92538	430	51	enet	0.015	0.075	0.63405	0.526
Brain_Hippocampus	/media/kame/Data/_workings/resource/GTEv8//GTExv8.EUR.Brain_Hippocampus/ENSG00000228408.6.wgt.RDat	ENSG00000228408.6	6	149217925	149217926	0.3478	rs7758947	5.75	rs17725371	0.196082	6.1	-0.00827	509	7	enet	0.22	7.2e-10	0.14053	0.888
Brain_Hippocampus	/media/kame/Data/_workings/resource/GTEv8//GTExv8.EUR.Brain_Hippocampus/ENSG00000283608.1.wgt.RDat	ENSG00000283608.1	6	149246094	149246095	0.2637	rs7758947	5.75	rs17725371	0.220039	5.81	-0.00827	510	7	enet	0.14	9.3e-07	-0.06221	0.95
Brain_Hippocampus	/media/kame/Data/_workings/resource/GTEv8//GTExv8.EUR.Brain_Hippocampus/ENSG00000178199.13.wgt.RDat	ENSG00000178199.13	6	149485060	149485061	0.1241	rs7758947	5.75	rs3798592	0.007657	3.4	0.3258	433	26	enet	0.018	0.054	-0.25172	0.801
Brain_Hippocampus	/media/kame/Data/_workings/resource/GTEv8//GTExv8.EUR.Brain_Hippocampus/ENSG00000055211.12.wgt.RDat	ENSG00000055211.12	6	149566293	149566294	0.2155	rs7758947	5.75	rs7752089	0.033463	-4.09	-0.13859	423	17	enet	0.0024	0.25	-0.22157	0.825
Brain_Hippocampus	/media/kame/Data/_workings/resource/GTEv8//GTExv8.EUR.Brain_Hippocampus/ENSG00000120253.13.wgt.RDat	ENSG00000120253.13	6	149749441	149749442	0.1971	rs9479658	-6.7	rs9688452	0.076147	4.29	-0.13088	449	39	enet	0.04	0.0082	-0.07489	0.94
Brain_Hippocampus	/media/kame/Data/_workings/resource/GTEv8//GTExv8.EUR.Brain_Hippocampus/ENSG00000231760.4.wgt.RDat	ENSG00000231760.4	6	149799149	149799150	0.2399	rs9479658	-6.7	rs9767555	0.134195	5.57	-0.03134	461	31	enet	0.13	3.9e-06	-0.09637	0.923
Brain_Hippocampus	/media/kame/Data/_workings/resource/GTEv8//GTExv8.EUR.Brain_Hippocampus/ENSG00000268592.3.wgt.RDat	ENSG00000268592.3	6	149864026	149864027	0.2668	rs9479658	-6.7	rs6557133	0.121322	4.72	2.48375	476	11	enet	0.074	0.00046	1.82738	0.0676
Brain_Hippocampus	/media/kame/Data/_workings/resource/GTEv8//GTExv8.EUR.Brain_Hippocampus/ENSG00000203722.7.wgt.RDat	ENSG00000203722.7	6	149923120	149923121	0.2136	rs9479658	-6.7	rs6557133	0.139328	4.86	2.48375	517	13	enet	0.062	0.0012	1.96681	0.0492
Brain_Hippocampus	/media/kame/Data/_workings/resource/GTEv8//GTExv8.EUR.Brain_Hippocampus/ENSG00000112031.15.wgt.RDat	ENSG00000112031.15	6	153002684	153002685	0.5276	rs1007783	-4.27	rs766127	0.359972	7.62	-0.03264	542	14	enet	0.35	5.9e-16	0.39917	0.69
Brain_Hippocampus	/media/kame/Data/_workings/resource/GTEv8//GTExv8.EUR.Brain_Hippocampus/ENSG00000235381.1.wgt.RDat	ENSG00000235381.1	6	155256458	155256459	0.2536	rs9397831	4.63	rs3011895	0.106885	5.21	-1.43012	507	34	enet	0.12	8.4e-06	-1.71109	0.0871
Brain_Hippocampus	/media/kame/Data/_workings/resource/GTEv8//GTExv8.EUR.Brain_Hippocampus/ENSG00000271265.1.wgt.RDat	ENSG00000271265.1	6	156774661	156774662	0.3346	rs9480346	8.07	rs184074	0.09086	4.24	0.71652	396	14	enet	0.062	0.0012	0.61779	0.537
Brain_Hippocampus	/media/kame/Data/_workings/resource/GTEv8//GTExv8.EUR.Brain_Hippocampus/ENSG00000146433.8.wgt.RDat	ENSG00000146433.8	6	158536435	158536436	0.3023	rs697505	4.53	rs4709221	0.145559	4.97	-0.73036	500	8	enet	0.13	4.8e-06	-0.34985	0.726
Brain_Hippocampus	/media/kame/Data/_workings/resource/GTEv8//GTExv8.EUR.Brain_Hippocampus/ENSG00000120437.8.wgt.RDat	ENSG00000120437.8	6	159762529	159762530	0.2131	rs1867350	-6.48	rs12204454	0.047207	3.98	-0.53614	544	30	enet	0.038	0.0099	-0.06407	0.949
Brain_Hippocampus	/media/kame/Data/_workings/resource/GTEv8//GTExv8.EUR.Brain_Hippocampus/ENSG00000120438.11.wgt.RDat	ENSG00000120438.11	6	159789748	159789749	0.1715	rs1867350	-6.48	rs6908294	0.116086	4.94	-0.08087	561	9	enet	0.045	0.0051	-0.26192	0.793
Brain_Hippocampus	/media/kame/Data/_workings/resource/GTEv8//GTExv8.EUR.Brain_Hippocampus/ENSG00000112110.9.wgt.RDat	ENSG00000112110.9	6	159789811	159789812	0.2213	rs1867350	-6.48	rs9365097	0.169904	5.3	-0.13362	561	14	enet	0.1	3.4e-05	-0.23853	0.811
Brain_Hippocampus	/media/kame/Data/_workings/resource/GTEv8//GTExv8.EUR.Brain_Hippocampus/ENSG00000146453.12.wgt.RDat	ENSG00000146453.12	6	159800248	159800249	0.3614	rs1867350	-6.48	rs927451	0.298866	7.16	-0.18345	561	19	enet	0.29	5.4e-13	-0.3539	0.723
Brain_Hippocampus	/media/kame/Data/_workings/resource/GTEv8//GTExv8.EUR.Brain_Hippocampus/ENSG00000270419.1.wgt.RDat	ENSG00000270419.1	6	163413959	163413960	0.3378	rs9347739	-5.41	rs4709715	-0.001305	-3.82	-2.21707	566	17	enet	-0.0044	0.56	1.89476	0.0581
Brain_Hippocampus	/media/kame/Data/_workings/resource/GTEv8//GTExv8.EUR.Brain_Hippocampus/ENSG00000227455.2.wgt.RDat	ENSG00000227455.2	6	164827749	164827750	0.356	rs6901342	-3.82	rs2743961	0.039396	4.58	-0.18607	506	29	enet	0.21	2.1e-09	0.23727	0.812
Brain_Hippocampus	/media/kame/Data/_workings/resource/GTEv8//GTExv8.EUR.Brain_Hippocampus/ENSG00000235994.4.wgt.RDat	ENSG00000235994.4	6	167979775	167979776	0.5467	rs1532145	5.47	rs12203032	0.173226	6.17	-0.31749	458	51	enet	0.32	2.6e-14	1.11512	0.265
Brain_Hippocampus	/media/kame/Data/_workings/resource/GTEv8//GTExv8.EUR.Brain_Hippocampus/ENSG00000229921.6.wgt.RDat	ENSG00000229921.6	6	167997076	167997077	0.7619	rs1532145	5.47	rs9455929	0.219581	-6.89	0.57222	465	69	enet	0.47	3e-22	1.26525	0.206
Brain_Hippocampus	/media/kame/Data/_workings/resource/GTEv8//GTExv8.EUR.Brain_Hippocampus/ENSG00000125337.16.wgt.RDat	ENSG00000125337.16	6	167999091	167999092	0.4565	rs1532145	5.47	rs12203032	0.241692	6.53	-0.31749	467	17	enet	0.32	4.3e-14	0.59178	0.554
Brain_Hippocampus	/media/kame/Data/_workings/resource/GTEv8//GTExv8.EUR.Brain_Hippocampus/ENSG00000112562.18.wgt.RDat	ENSG00000112562.18	6	168441150	168441151	0.3842	rs1532145	5.47	rs16886236	0.107337	-4.74	0.24977	661	48	enet	0.13	3.3e-06	-0.12724	0.899
Brain_Hippocampus	/media/kame/Data/_workings/resource/GTEv8//GTExv8.EUR.Brain_Hippocampus/ENSG00000186340.14.wgt.RDat	ENSG00000186340.14	6	169254043	169254044	0.5902	rs1123731	-5.57	rs7775470	0.211507	5.97	1.38199	608	24	enet	0.29	4.4e-13	0.06288	0.95
Brain_Hippocampus	/media/kame/Data/_workings/resource/GTEv8//GTExv8.EUR.Brain_Hippocampus/ENSG00000184465.15.wgt.RDat	ENSG00000184465.15	6	169702047	169702048	0.2017	rs3800550	5.02	rs6459659	0.104332	-4.69	-0.58485	433	11	enet	0.077	0.00035	0.22293	0.824
Brain_Hippocampus	/media/kame/Data/_workings/resource/GTEv8//GTExv8.EUR.Brain_Hippocampus/ENSG00000236173.1.wgt.RDat	ENSG00000236173.1	6	169810101	169810102	0.2292	rs4710807	5.02	rs2935105	-0.001781	3.59	-1.57075	426	22	enet	-0.00041	0.33	-1.08937	0.276
Brain_Hippocampus	/media/kame/Data/_workings/resource/GTEv8//GTExv8.EUR.Brain_Hippocampus/ENSG00000273100.1.wgt.RDat	ENSG00000273100.1	6	170178680	170178681	0.3138	rs3800550	5.02	rs2935105	0.207526	5.89	-1.57075	389	6	enet	0.13	3e-06	-1.36904	0.171
Brain_Hippocampus	/media/kame/Data/_workings/resource/GTEv8//GTExv8.EUR.Brain_Hippocampus/ENSG00000146540.14.wgt.RDat	ENSG00000146540.14	7	1138259	1138260	0.4075	rs1106296	6.07	rs6462277	0.238185	6.21	0.06495	401	7	enet	0.15	6.4e-07	0.05461	0.956
Brain_Hippocampus	/media/kame/Data/_workings/resource/GTEv8//GTExv8.EUR.Brain_Hippocampus/ENSG00000229043.2.wgt.RDat	ENSG00000229043.2	7	1160484	1160485	0.7869	rs1106296	6.07	rs1543985	0.633694	9.79	-0.12234	394	27	enet	0.63	1.1e-33	-0.97396	0.33
Brain_Hippocampus	/media/kame/Data/_workings/resource/GTEv8//GTExv8.EUR.Brain_Hippocampus/ENSG00000164880.15.wgt.RDat	ENSG00000164880.15	7	1504366	1504367	0.4337	rs11773627	12.98	rs4560715	0.216169	-6.62	-1.32368	366	16	enet	0.26	1.7e-11	1.33348	0.182
Brain_Hippocampus	/media/kame/Data/_workings/resource/GTEv8//GTExv8.EUR.Brain_Hippocampus/ENSG00000230487.7.wgt.RDat	ENSG00000230487.7	7	1570072	1570073	0.3667	rs11773627	12.98	rs7458089	0.050833	-5.46	0.01485	341	27	enet	0.15	6.5e-07	0.39328	0.694
Brain_Hippocampus	/media/kame/Data/_workings/resource/GTEv8//GTExv8.EUR.Brain_Hippocampus/ENSG00000122687.17.wgt.RDat	ENSG00000122687.17	7	2242197	2242198	0.4249	rs11773627	12.98	rs7787274	0.299359	6.97	5.92907	412	16	enet	0.3	2.3e-13	5.05273	4.36e-07
Brain_Hippocampus	/media/kame/Data/_workings/resource/GTEv8//GTExv8.EUR.Brain_Hippocampus/ENSG00000174945.13.wgt.RDat	ENSG00000174945.13	7	2679521	2679522	0.2008	rs12535865	-9.79	rs6461534	0.082259	-4.62	1.33429	528	16	enet	0.14	1.7e-06	-3.58614	0.000336
Brain_Hippocampus	/media/kame/Data/_workings/resource/GTEv8//GTExv8.EUR.Brain_Hippocampus/ENSG00000273313.1.wgt.RDat	ENSG00000273313.1	7	5072124	5072125	0.2558	rs4720629	-7.16	rs7782238	-0.00039	3.54	2.40991	353	13	enet	-0.0045	0.56	1.6115	0.107
Brain_Hippocampus	/media/kame/Data/_workings/resource/GTEv8//GTExv8.EUR.Brain_Hippocampus/ENSG00000122512.14.wgt.RDat	ENSG00000122512.14	7	6009124	6009125	0.2436	rs10255662	-5.84	rs3801030	0.003823	4.24	-0.38508	344	20	enet	0.042	0.0068	-0.11755	0.906
Brain_Hippocampus	/media/kame/Data/_workings/resource/GTEv8//GTExv8.EUR.Brain_Hippocampus/ENSG00000086232.12.wgt.RDat	ENSG00000086232.12	7	6059229	6059230	0.1791	rs10255662	-5.84	rs17136358	-0.002885	-3.67	-0.1171	331	16	enet	0.044	0.0056	-1.69018	0.091
Brain_Hippocampus	/media/kame/Data/_workings/resource/GTEv8//GTExv8.EUR.Brain_Hippocampus/ENSG00000136238.17.wgt.RDat	ENSG00000136238.17	7	6374522	6374523	0.3532	rs10255662	-5.84	rs13238780	0.14992	5.56	-0.00527	296	14	enet	0.11	2.3e-05	0.04793	0.962
Brain_Hippocampus	/media/kame/Data/_workings/resource/GTEv8//GTExv8.EUR.Brain_Hippocampus/ENSG00000164535.14.wgt.RDat	ENSG00000164535.14	7	6448011	6448012	0.1873	rs10255662	-5.84	rs12537894	0.059288	4.59	-0.39058	304	10	enet	0.069	0.00067	1.19005	0.234
Brain_Hippocampus	/media/kame/Data/_workings/resource/GTEv8//GTExv8.EUR.Brain_Hippocampus/ENSG00000187953.10.wgt.RDat	ENSG00000187953.10	7	6710127	6710128	0.3575	rs10255662	-5.84	rs9639027	0.116809	-4.85	0.58666	316	17	enet	0.049	0.0039	1.22896	0.219
Brain_Hippocampus	/media/kame/Data/_workings/resource/GTEv8//GTExv8.EUR.Brain_Hippocampus/ENSG00000146574.15.wgt.RDat	ENSG00000146574.15	7	6826769	6826770	0.3105	rs7780273	4.1	rs10242703	0.266466	-6.58	-0.38038	399	3	enet	0.22	6.5e-10	0.33651	0.736
Brain_Hippocampus	/media/kame/Data/_workings/resource/GTEv8//GTExv8.EUR.Brain_Hippocampus/ENSG00000106392.10.wgt.RDat	ENSG00000106392.10	7	7156933	7156934	0.7177	rs7780273	4.1	rs13226913	0.34999	7.38	2.71899	459	5	enet	0.3	2.5e-13	2.88606	0.0039
Brain_Hippocampus	/media/kame/Data/_workings/resource/GTEv8//GTExv8.EUR.Brain_Hippocampus/ENSG00000215018.9.wgt.RDat	ENSG00000215018.9	7	7535852	7535853	0.5282	rs6463731	-4.4	rs7803888	0.307142	-7.02	0.30087	698	24	enet	0.34	4.3e-15	-1.05933	0.289
Brain_Hippocampus	/media/kame/Data/_workings/resource/GTEv8//GTExv8.EUR.Brain_Hippocampus/ENSG00000272732.1.wgt.RDat	ENSG00000272732.1	7	7552439	7552440	0.3683	rs6463731	-4.4	rs3757532	0.15846	-5.34	-0.08775	699	32	enet	0.087	0.00015	-0.04441	0.965
Brain_Hippocampus	/media/kame/Data/_workings/resource/GTEv8//GTExv8.EUR.Brain_Hippocampus/ENSG00000272894.5.wgt.RDat	ENSG00000272894.5	7	7566870	7566871	0.3086	rs6463731	-4.4	rs3757532	0.072553	-5.32	-0.08775	699	24	enet	0.11	1.9e-05	-0.55977	0.576
Brain_Hippocampus	/media/kame/Data/_workings/resource/GTEv8//GTExv8.EUR.Brain_Hippocampus/ENSG00000106399.11.wgt.RDat	ENSG00000106399.11	7	7718606	7718607	0.2901	rs6463731	-4.4	rs10236714	0.081983	5.11	0.41026	739	10	enet	0.12	1.1e-05	0.90743	0.364
Brain_Hippocampus	/media/kame/Data/_workings/resource/GTEv8//GTExv8.EUR.Brain_Hippocampus/ENSG00000244239.1.wgt.RDat	ENSG00000244239.1	7	8262281	8262282	0.3604	rs6463808	-7.4	rs6965830	0.04933	4.36	-2.51746	718	16	enet	-0.0027	0.44	-2.74849	0.00599
Brain_Hippocampus	/media/kame/Data/_workings/resource/GTEv8//GTExv8.EUR.Brain_Hippocampus/ENSG00000005108.15.wgt.RDat	ENSG00000005108.15	7	11832197	11832198	0.2104	rs10486137	5.5	rs4437543	0.069588	4.19	-4.09308	681	29	enet	0.029	0.021	-0.9672	0.333
Brain_Hippocampus	/media/kame/Data/_workings/resource/GTEv8//GTExv8.EUR.Brain_Hippocampus/ENSG00000146530.11.wgt.RDat	ENSG00000146530.11	7	12403940	12403941	0.3241	rs1100135	-5.64	rs1371608	0.155369	5.04	-1.12999	613	12	enet	0.099	5.1e-05	-0.57815	0.563
Brain_Hippocampus	/media/kame/Data/_workings/resource/GTEv8//GTExv8.EUR.Brain_Hippocampus/ENSG00000226690.7.wgt.RDat	ENSG00000226690.7	7	12483343	12483344	0.2828	rs11770374	-8.24	rs10262356	0.140309	4.65	-0.0857	611	5	enet	0.023	0.034	0.12449	0.901
Brain_Hippocampus	/media/kame/Data/_workings/resource/GTEv8//GTExv8.EUR.Brain_Hippocampus/ENSG00000187546.13.wgt.RDat	ENSG00000187546.13	7	15562014	15562015	0.3896	rs6968544	6.03	rs12699708	0.070809	4.88	0.16001	521	67	enet	0.18	3.1e-08	-0.05303	0.958
Brain_Hippocampus	/media/kame/Data/_workings/resource/GTEv8//GTExv8.EUR.Brain_Hippocampus/ENSG00000272361.2.wgt.RDat	ENSG00000272361.2	7	16594223	16594224	0.2596	rs11770436	5.94	rs475275	0.024819	-4.01	-0.08484	632	13	enet	0.06	0.0014	0.93145	0.352
Brain_Hippocampus	/media/kame/Data/_workings/resource/GTEv8//GTExv8.EUR.Brain_Hippocampus/ENSG00000237773.5.wgt.RDat	ENSG00000237773.5	7	17299356	17299357	0.3496	rs563315	3.94	rs10950657	0.098423	4.85	-0.4463	608	35	enet	0.17	1.4e-07	0.27483	0.783
Brain_Hippocampus	/media/kame/Data/_workings/resource/GTEv8//GTExv8.EUR.Brain_Hippocampus/ENSG00000271133.5.wgt.RDat	ENSG00000271133.5	7	20329781	20329782	0.3713	rs10256769	5.67	rs3757724	0.192093	-5.54	0.18207	528	27	enet	0.15	8.3e-07	-0.17514	0.861
Brain_Hippocampus	/media/kame/Data/_workings/resource/GTEv8//GTExv8.EUR.Brain_Hippocampus/ENSG00000196683.10.wgt.RDat	ENSG00000196683.10	7	22822851	22822852	0.3262	rs11770879	6.99	rs4329182	0.135259	-5.16	5.53901	497	11	enet	0.12	1.1e-05	-4.14417	3.41e-05
Brain_Hippocampus	/media/kame/Data/_workings/resource/GTEv8//GTExv8.EUR.Brain_Hippocampus/ENSG00000122591.11.wgt.RDat	ENSG00000122591.11	7	23014129	23014130	0.2571	rs11770879	6.99	rs4329182	0.050366	-4.02	5.53901	435	15	enet	0.017	0.06	-3.41141	0.000646
Brain_Hippocampus	/media/kame/Data/_workings/resource/GTEv8//GTExv8.EUR.Brain_Hippocampus/ENSG00000230658.1.wgt.RDat	ENSG00000230658.1	7	23105702	23105703	0.7246	rs11770879	6.99	rs7341483	0.625385	9.69	1.50243	428	55	enet	0.61	4.5e-32	0.93064	0.352
Brain_Hippocampus	/media/kame/Data/_workings/resource/GTEv8//GTExv8.EUR.Brain_Hippocampus/ENSG00000136243.16.wgt.RDat	ENSG00000136243.16	7	23181826	23181827	0.4045	rs11770879	6.99	rs6953996	0.348698	-7.52	1.78615	426	30	enet	0.38	1.6e-17	-0.36668	0.714
Brain_Hippocampus	/media/kame/Data/_workings/resource/GTEv8//GTExv8.EUR.Brain_Hippocampus/ENSG00000226816.2.wgt.RDat	ENSG00000226816.2	7	23206012	23206013	0.1539	rs11770879	6.99	rs7808488	0.071537	4.19	0.69467	430	22	enet	0.053	0.0026	1.2126	0.225
Brain_Hippocampus	/media/kame/Data/_workings/resource/GTEv8//GTExv8.EUR.Brain_Hippocampus/ENSG00000136235.15.wgt.RDat	ENSG00000136235.15	7	23235966	23235967	0.2256	rs11770879	6.99	rs199357	0.232396	-6.5	1.22428	413	19	enet	0.23	2.1e-10	-1.97018	0.0488
Brain_Hippocampus	/media/kame/Data/_workings/resource/GTEv8//GTExv8.EUR.Brain_Hippocampus/ENSG00000188732.10.wgt.RDat	ENSG00000188732.10	7	23680129	23680130	0.5524	rs17796841	5.94	rs993179	0.431806	8.16	0.77552	439	16	enet	0.42	1.3e-19	0.57872	0.563
Brain_Hippocampus	/media/kame/Data/_workings/resource/GTEv8//GTExv8.EUR.Brain_Hippocampus/ENSG00000196335.12.wgt.RDat	ENSG00000196335.12	7	23710166	23710167	0.4475	rs17796841	5.94	rs4722245	0.210799	6.21	0.60884	441	31	enet	0.23	4e-10	-0.05454	0.957
Brain_Hippocampus	/media/kame/Data/_workings/resource/GTEv8//GTExv8.EUR.Brain_Hippocampus/ENSG00000105928.13.wgt.RDat	ENSG00000105928.13	7	24758112	24758113	0.3978	rs17327167	6.61	rs2721809	0.176253	7.13	5.6326	611	20	enet	0.28	2.5e-12	4.05791	4.95e-05
Brain_Hippocampus	/media/kame/Data/_workings/resource/GTEv8//GTExv8.EUR.Brain_Hippocampus/ENSG00000223561.6.wgt.RDat	ENSG00000223561.6	7	25750993	25750994	0.2937	rs766747	-5.05	rs4719826	0.014626	-3.78	0.62755	543	31	enet	0.031	0.017	-0.17509	0.861
Brain_Hippocampus	/media/kame/Data/_workings/resource/GTEv8//GTExv8.EUR.Brain_Hippocampus/ENSG00000280255.1.wgt.RDat	ENSG00000280255.1	7	26538377	26538378	0.5656	rs17153945	4.53	rs1013688	0.297458	-6.77	-0.10368	450	17	enet	0.25	3e-11	0.04448	0.965
Brain_Hippocampus	/media/kame/Data/_workings/resource/GTEv8//GTExv8.EUR.Brain_Hippocampus/ENSG00000233760.1.wgt.RDat	ENSG00000233760.1	7	26551821	26551822	0.4778	rs17153945	4.53	rs2190188	0.174501	6.76	1.25483	451	15	enet	0.24	1.9e-10	0.88706	0.375
Brain_Hippocampus	/media/kame/Data/_workings/resource/GTEv8//GTExv8.EUR.Brain_Hippocampus/ENSG00000005020.12.wgt.RDat	ENSG00000005020.12	7	26995238	26995239	0.2383	rs17153945	4.53	rs212850	0.107749	-5.03	-0.40435	501	19	enet	0.094	8.1e-05	0.0102	0.992
Brain_Hippocampus	/media/kame/Data/_workings/resource/GTEv8//GTExv8.EUR.Brain_Hippocampus/ENSG00000106049.8.wgt.RDat	ENSG00000106049.8	7	27662994	27662995	0.1936	rs16874272	4.52	rs1014373	0.044898	4.07	0.51113	486	21	enet	0.051	0.0032	0.41856	0.676
Brain_Hippocampus	/media/kame/Data/_workings/resource/GTEv8//GTExv8.EUR.Brain_Hippocampus/ENSG00000234336.6.wgt.RDat	ENSG00000234336.6	7	28180321	28180322	0.4174	rs887620	3.71	rs10276381	0.218369	-5.82	-0.84431	557	16	enet	0.21	3e-09	0.18537	0.853
Brain_Hippocampus	/media/kame/Data/_workings/resource/GTEv8//GTExv8.EUR.Brain_Hippocampus/ENSG00000228421.2.wgt.RDat	ENSG00000228421.2	7	28958949	28958950	0.2972	rs10241267	5.47	rs2286219	0.048298	-4.49	-1.89752	686	9	enet	0.054	0.0024	0.10775	0.914
Brain_Hippocampus	/media/kame/Data/_workings/resource/GTEv8//GTExv8.EUR.Brain_Hippocampus/ENSG00000272568.5.wgt.RDat	ENSG00000272568.5	7	28979966	28979967	0.35	rs10241267	5.47	rs886834	0.045198	-4.19	-0.62653	705	36	enet	0.037	0.011	-1.39306	0.164
Brain_Hippocampus	/media/kame/Data/_workings/resource/GTEv8//GTExv8.EUR.Brain_Hippocampus/ENSG00000225264.3.wgt.RDat	ENSG00000225264.3	7	29685152	29685153	0.6059	rs10241267	5.47	rs11773326	0.176713	5.28	-1.25868	600	28	enet	0.16	2e-07	-1.28488	0.199
Brain_Hippocampus	/media/kame/Data/_workings/resource/GTEv8//GTExv8.EUR.Brain_Hippocampus/ENSG00000244480.1.wgt.RDat	ENSG00000244480.1	7	30524534	30524535	0.4373	rs7794503	-5.41	rs38487	0.146548	5.77	0.00362	460	5	enet	0.13	4e-06	-0.33038	0.741
Brain_Hippocampus	/media/kame/Data/_workings/resource/GTEv8//GTExv8.EUR.Brain_Hippocampus/ENSG00000196295.11.wgt.RDat	ENSG00000196295.11	7	30585971	30585972	0.8071	rs12670991	5.63	rs38487	0.539696	9.08	0.00362	466	16	enet	0.53	2.4e-26	-0.08899	0.929
Brain_Hippocampus	/media/kame/Data/_workings/resource/GTEv8//GTExv8.EUR.Brain_Hippocampus/ENSG00000226468.2.wgt.RDat	ENSG00000226468.2	7	32457757	32457758	0.2729	rs716500	12.88	rs9655340	0.090184	4.77	7.12227	509	32	enet	0.082	0.00023	2.3118	0.0208
Brain_Hippocampus	/media/kame/Data/_workings/resource/GTEv8//GTExv8.EUR.Brain_Hippocampus/ENSG00000281332.1.wgt.RDat	ENSG00000281332.1	7	32760278	32760279	0.1531	rs716500	12.88	rs11761462	0.058913	-4.04	1.51839	407	21	enet	0.076	0.00037	-0.38429	0.701
Brain_Hippocampus	/media/kame/Data/_workings/resource/GTEv8//GTExv8.EUR.Brain_Hippocampus/ENSG00000170852.10.wgt.RDat	ENSG00000170852.10	7	32894130	32894131	0.2242	rs716500	12.88	rs4720085	0.061779	4.6	-0.32642	352	17	enet	0.076	0.00036	0.89776	0.369
Brain_Hippocampus	/media/kame/Data/_workings/resource/GTEv8//GTExv8.EUR.Brain_Hippocampus/ENSG00000205763.13.wgt.RDat	ENSG00000205763.13	7	32943175	32943176	0.349	rs10276466	12.52	rs17468799	0.167426	-5.6	0.03368	329	10	enet	0.13	3.6e-06	0.90299	0.367
Brain_Hippocampus	/media/kame/Data/_workings/resource/GTEv8//GTExv8.EUR.Brain_Hippocampus/ENSG00000164610.8.wgt.RDat	ENSG00000164610.8	7	33109389	33109390	0.4175	rs4723212	10.49	rs17468799	0.234981	6.78	0.03368	348	16	enet	0.25	5.8e-11	0.04592	0.963
Brain_Hippocampus	/media/kame/Data/_workings/resource/GTEv8//GTExv8.EUR.Brain_Hippocampus/ENSG00000122507.20.wgt.RDat	ENSG00000122507.20	7	33129243	33129244	0.2261	rs4723212	10.49	rs1362368	0.160617	-5.1	0.74665	343	26	enet	0.042	0.007	-0.21784	0.828
Brain_Hippocampus	/media/kame/Data/_workings/resource/GTEv8//GTExv8.EUR.Brain_Hippocampus/ENSG00000271122.1.wgt.RDat	ENSG00000271122.1	7	35695213	35695214	0.2102	rs12701423	-3.65	rs2305333	0.096736	-5.36	0.03472	543	23	enet	0.11	1.6e-05	-0.34388	0.731
Brain_Hippocampus	/media/kame/Data/_workings/resource/GTEv8//GTExv8.EUR.Brain_Hippocampus/ENSG00000227191.8.wgt.RDat	ENSG00000227191.8	7	38249571	38249572	0.7511	rs6945492	-6.98	rs2109364	0.466524	-8.54	-0.06979	644	27	enet	0.46	1.6e-21	0.08204	0.935
Brain_Hippocampus	/media/kame/Data/_workings/resource/GTEv8//GTExv8.EUR.Brain_Hippocampus/ENSG00000211688.1.wgt.RDat	ENSG00000211688.1	7	38256395	38256396	0.4726	rs6945492	-6.98	rs2240825	0.28575	-6.71	-0.08473	643	22	enet	0.25	6.3e-11	0.13448	0.893
Brain_Hippocampus	/media/kame/Data/_workings/resource/GTEv8//GTExv8.EUR.Brain_Hippocampus/ENSG00000211689.7.wgt.RDat	ENSG00000211689.7	7	38265677	38265678	0.4612	rs6945492	-6.98	rs1860517	0.238812	-6.12	-0.07389	646	18	enet	0.28	2e-12	0.02702	0.978
Brain_Hippocampus	/media/kame/Data/_workings/resource/GTEv8//GTExv8.EUR.Brain_Hippocampus/ENSG00000261019.1.wgt.RDat	ENSG00000261019.1	7	42902638	42902639	0.243	rs757490	-3.49	rs602524	0.174362	-5.51	1.07081	455	19	enet	0.13	4.4e-06	-0.94824	0.343
Brain_Hippocampus	/media/kame/Data/_workings/resource/GTEv8//GTExv8.EUR.Brain_Hippocampus/ENSG00000136197.12.wgt.RDat	ENSG00000136197.12	7	42912304	42912305	0.2523	rs757490	-3.49	rs653881	0.113184	4.85	0.87515	458	18	enet	0.082	0.00023	0.97818	0.328
Brain_Hippocampus	/media/kame/Data/_workings/resource/GTEv8//GTExv8.EUR.Brain_Hippocampus/ENSG00000106605.10.wgt.RDat	ENSG00000106605.10	7	43758679	43758680	0.1337	rs1181592	8.43	rs10245456	0.01682	-3.87	1.49681	403	26	enet	0.06	0.0015	-0.06538	0.948
Brain_Hippocampus	/media/kame/Data/_workings/resource/GTEv8//GTExv8.EUR.Brain_Hippocampus/ENSG00000241057.2.wgt.RDat	ENSG00000241057.2	7	43973322	43973323	0.1822	rs1181592	8.43	rs11767165	0.095041	4.97	0.20551	363	27	enet	0.13	4.1e-06	-0.15798	0.874
Brain_Hippocampus	/media/kame/Data/_workings/resource/GTEv8//GTExv8.EUR.Brain_Hippocampus/ENSG00000235314.1.wgt.RDat	ENSG00000235314.1	7	44039170	44039171	0.2045	rs1181592	8.43	rs10228823	0.181988	-5.64	0.3977	345	9	enet	0.19	2.2e-08	-0.21775	0.828
Brain_Hippocampus	/media/kame/Data/_workings/resource/GTEv8//GTExv8.EUR.Brain_Hippocampus/ENSG00000122678.16.wgt.RDat	ENSG00000122678.16	7	44082539	44082540	0.3185	rs1181592	8.43	rs28745596	0.133336	4.64	0.45009	350	16	enet	0.12	6.6e-06	0.37267	0.709
Brain_Hippocampus	/media/kame/Data/_workings/resource/GTEv8//GTExv8.EUR.Brain_Hippocampus/ENSG00000136270.13.wgt.RDat	ENSG00000136270.13	7	45112046	45112047	0.2134	rs3735486	-5.7	rs4553	0.126775	4.61	-0.72403	438	19	enet	0.075	4e-04	-0.57387	0.566
Brain_Hippocampus	/media/kame/Data/_workings/resource/GTEv8//GTExv8.EUR.Brain_Hippocampus/ENSG00000272556.2.wgt.RDat	ENSG00000272556.2	7	45769104	45769105	0.4763	rs1042009	3.95	rs12754	0.202968	-5.65	0.39148	401	29	enet	0.17	7.6e-08	-0.44496	0.656
Brain_Hippocampus	/media/kame/Data/_workings/resource/GTEv8//GTExv8.EUR.Brain_Hippocampus/ENSG00000225705.2.wgt.RDat	ENSG00000225705.2	7	48852897	48852898	0.2789	rs7804872	3.58	rs12668449	0.094451	4.96	0.91039	449	4	enet	0.071	0.00059	1.17377	0.24
Brain_Hippocampus	/media/kame/Data/_workings/resource/GTEv8//GTExv8.EUR.Brain_Hippocampus/ENSG00000132436.11.wgt.RDat	ENSG00000132436.11	7	50450389	50450390	0.2686	rs2045369	5.65	rs12719019	0.177207	6.01	-1.47147	504	17	enet	0.18	4.1e-08	0.30815	0.758
Brain_Hippocampus	/media/kame/Data/_workings/resource/GTEv8//GTExv8.EUR.Brain_Hippocampus/ENSG00000275875.1.wgt.RDat	ENSG00000275875.1	7	55741524	55741525	0.7594	rs12114015	-5.41	rs11982736	0.462867	8.41	2.00664	357	28	enet	0.42	1.2e-19	1.86811	0.0617
Brain_Hippocampus	/media/kame/Data/_workings/resource/GTEv8//GTExv8.EUR.Brain_Hippocampus/ENSG00000273720.1.wgt.RDat	ENSG00000273720.1	7	55743072	55743073	0.6821	rs12114015	-5.41	rs11982736	0.451006	8.28	2.00664	353	14	enet	0.44	1.1e-20	1.45447	0.146
Brain_Hippocampus	/media/kame/Data/_workings/resource/GTEv8//GTExv8.EUR.Brain_Hippocampus/ENSG00000226278.1.wgt.RDat	ENSG00000226278.1	7	55764796	55764797	0.7661	rs12114015	-5.41	rs11982736	0.529206	8.92	2.00664	352	26	enet	0.54	1.1e-26	2.12117	0.0339
Brain_Hippocampus	/media/kame/Data/_workings/resource/GTEv8//GTExv8.EUR.Brain_Hippocampus/ENSG00000146729.9.wgt.RDat	ENSG00000146729.9	7	55951792	55951793	0.3467	rs12114015	-5.41	rs7793921	0.078133	4.67	-1.27463	285	18	enet	0.15	5.9e-07	0.31249	0.755
Brain_Hippocampus	/media/kame/Data/_workings/resource/GTEv8//GTExv8.EUR.Brain_Hippocampus/ENSG00000146733.13.wgt.RDat	ENSG00000146733.13	7	56051603	56051604	0.4175	rs12114015	-5.41	rs11982736	0.309638	6.86	2.00664	277	29	enet	0.26	1.7e-11	0.74825	0.454
Brain_Hippocampus	/media/kame/Data/_workings/resource/GTEv8//GTExv8.EUR.Brain_Hippocampus/ENSG00000106153.12.wgt.RDat	ENSG00000106153.12	7	56106575	56106576	0.2208	rs12114015	-5.41	rs6593298	0.166931	5.12	0.91244	269	13	enet	0.1	3.6e-05	-0.5655	0.572
Brain_Hippocampus	/media/kame/Data/_workings/resource/GTEv8//GTExv8.EUR.Brain_Hippocampus/ENSG00000185290.3.wgt.RDat	ENSG00000185290.3	7	56116399	56116400	0.7034	rs12114015	-5.41	rs11982736	0.449336	8.23	2.00664	276	26	enet	0.43	5.9e-20	1.46324	0.143
Brain_Hippocampus	/media/kame/Data/_workings/resource/GTEv8//GTExv8.EUR.Brain_Hippocampus/ENSG00000228014.1.wgt.RDat	ENSG00000228014.1	7	64469184	64469185	0.1796	rs6972180	5.16	rs10499772	0.012893	-4	2.19574	323	18	enet	0.031	0.017	1.03699	0.3
Brain_Hippocampus	/media/kame/Data/_workings/resource/GTEv8//GTExv8.EUR.Brain_Hippocampus/ENSG00000173041.11.wgt.RDat	ENSG00000173041.11	7	64563105	64563106	0.2348	rs6972180	5.16	rs2862795	0.175039	-5.86	1.32012	313	31	enet	0.18	4.6e-08	-1.14065	0.254
Brain_Hippocampus	/media/kame/Data/_workings/resource/GTEv8//GTExv8.EUR.Brain_Hippocampus/ENSG00000196247.11.wgt.RDat	ENSG00000196247.11	7	64666082	64666083	0.3587	rs6972180	5.16	rs7776508	0.160291	5.05	-1.47833	285	17	enet	0.1	4.8e-05	-0.77487	0.438
Brain_Hippocampus	/media/kame/Data/_workings/resource/GTEv8//GTExv8.EUR.Brain_Hippocampus/ENSG00000197008.9.wgt.RDat	ENSG00000197008.9	7	64794387	64794388	0.2849	rs6972180	5.16	rs7804955	0.185794	6.09	0.22928	276	28	enet	0.16	1.7e-07	-0.1861	0.852
Brain_Hippocampus	/media/kame/Data/_workings/resource/GTEv8//GTExv8.EUR.Brain_Hippocampus/ENSG00000234338.1.wgt.RDat	ENSG00000234338.1	7	64836881	64836882	0.102	rs6972180	5.16	rs4718180	0.088803	4.03	-0.08851	273	7	enet	0.031	0.017	-0.11116	0.911
Brain_Hippocampus	/media/kame/Data/_workings/resource/GTEv8//GTExv8.EUR.Brain_Hippocampus/ENSG00000182722.5.wgt.RDat	ENSG00000182722.5	7	64853353	64853354	0.2381	rs6972180	5.16	rs2863927	0.065721	5.04	1.745	267	28	enet	0.086	0.00016	0.42411	0.671
Brain_Hippocampus	/media/kame/Data/_workings/resource/GTEv8//GTExv8.EUR.Brain_Hippocampus/ENSG00000213640.3.wgt.RDat	ENSG00000213640.3	7	64862998	64862999	0.5458	rs6972180	5.16	rs2863927	0.447954	8.3	1.745	263	27	enet	0.44	1.5e-20	0.85604	0.392
Brain_Hippocampus	/media/kame/Data/_workings/resource/GTEv8//GTExv8.EUR.Brain_Hippocampus/ENSG00000198039.11.wgt.RDat	ENSG00000198039.11	7	64870171	64870172	0.0964	rs6972180	5.16	rs7804955	0.109683	-4.34	0.22928	263	14	enet	0.053	0.0027	0.61589	0.538
Brain_Hippocampus	/media/kame/Data/_workings/resource/GTEv8//GTExv8.EUR.Brain_Hippocampus/ENSG00000270948.1.wgt.RDat	ENSG00000270948.1	7	64942925	64942926	0.1285	rs6972180	5.16	rs7800787	0.029756	-3.86	-0.09444	252	34	enet	0.028	0.023	-0.09861	0.921
Brain_Hippocampus	/media/kame/Data/_workings/resource/GTEv8//GTExv8.EUR.Brain_Hippocampus/ENSG00000152926.14.wgt.RDat	ENSG00000152926.14	7	64990807	64990808	0.2946	rs6972180	5.16	rs11771033	0.085407	4.77	-0.60252	257	25	enet	0.088	0.00013	0.05799	0.954
Brain_Hippocampus	/media/kame/Data/_workings/resource/GTEv8//GTExv8.EUR.Brain_Hippocampus/ENSG00000213462.4.wgt.RDat	ENSG00000213462.4	7	65006742	65006743	0.477	rs6972180	5.16	rs7800787	0.456131	8.63	-0.09444	253	20	enet	0.45	2.5e-21	0.00913	0.993
Brain_Hippocampus	/media/kame/Data/_workings/resource/GTEv8//GTExv8.EUR.Brain_Hippocampus/ENSG00000234585.6.wgt.RDat	ENSG00000234585.6	7	65038359	65038360	0.5588	rs6972180	5.16	rs4718180	0.572436	9.48	0.03028	245	28	enet	0.58	9.3e-30	-0.09137	0.927
Brain_Hippocampus	/media/kame/Data/_workings/resource/GTEv8//GTExv8.EUR.Brain_Hippocampus/ENSG00000226002.1.wgt.RDat	ENSG00000226002.1	7	65084102	65084103	0.3629	rs6972180	5.16	rs657560	0.423808	8.36	-0.03018	231	25	enet	0.45	2e-21	-0.01666	0.987
Brain_Hippocampus	/media/kame/Data/_workings/resource/GTEv8//GTExv8.EUR.Brain_Hippocampus/ENSG00000164669.12.wgt.RDat	ENSG00000164669.12	7	65141224	65141225	0.3425	rs6972180	5.16	rs35513558	0.170862	-6.5	-0.12134	212	31	enet	0.27	3.6e-12	-0.68953	0.49
Brain_Hippocampus	/media/kame/Data/_workings/resource/GTEv8//GTExv8.EUR.Brain_Hippocampus/ENSG00000273024.5.wgt.RDat	ENSG00000273024.5	7	65648041	65648042	0.2323	rs420880	3.45	rs3899200	0.161109	5.53	-0.06937	190	9	enet	0.11	1.5e-05	0.00297	0.998
Brain_Hippocampus	/media/kame/Data/_workings/resource/GTEv8//GTExv8.EUR.Brain_Hippocampus/ENSG00000224316.1.wgt.RDat	ENSG00000224316.1	7	65773619	65773620	0.1129	rs420880	3.45	rs6974876	0.041187	4.01	0.09961	202	15	enet	0.031	0.018	0.64405	0.52
Brain_Hippocampus	/media/kame/Data/_workings/resource/GTEv8//GTExv8.EUR.Brain_Hippocampus/ENSG00000241258.6.wgt.RDat	ENSG00000241258.6	7	66114603	66114604	0.3196	rs420880	3.45	rs801191	0.068977	-4.93	0.34522	194	54	enet	0.092	9.2e-05	1.65113	0.0987
Brain_Hippocampus	/media/kame/Data/_workings/resource/GTEv8//GTExv8.EUR.Brain_Hippocampus/ENSG00000179406.7.wgt.RDat	ENSG00000179406.7	7	66493565	66493566	0.2885	rs420880	3.45	rs12532327	0.19652	5.83	0.07838	240	43	enet	0.16	1.8e-07	0.09626	0.923
Brain_Hippocampus	/media/kame/Data/_workings/resource/GTEv8//GTExv8.EUR.Brain_Hippocampus/ENSG00000237310.1.wgt.RDat	ENSG00000237310.1	7	66493705	66493706	0.2788	rs420880	3.45	rs160641	0.213991	6.11	0.21236	240	58	enet	0.25	5.1e-11	0.593	0.553
Brain_Hippocampus	/media/kame/Data/_workings/resource/GTEv8//GTExv8.EUR.Brain_Hippocampus/ENSG00000229180.6.wgt.RDat	ENSG00000229180.6	7	66592396	66592397	0.1822	rs6972813	-2.99	rs801191	0.169708	-5.23	0.34522	244	8	enet	0.13	3.2e-06	-0.24557	0.806
Brain_Hippocampus	/media/kame/Data/_workings/resource/GTEv8//GTExv8.EUR.Brain_Hippocampus/ENSG00000243335.9.wgt.RDat	ENSG00000243335.9	7	66628766	66628767	0.2469	rs6972813	-2.99	rs10215516	0.24604	6.31	0.4834	246	8	enet	0.24	1.2e-10	0.56981	0.569
Brain_Hippocampus	/media/kame/Data/_workings/resource/GTEv8//GTExv8.EUR.Brain_Hippocampus/ENSG00000226824.6.wgt.RDat	ENSG00000226824.6	7	66654537	66654538	0.7532	rs6972813	-2.99	rs10215516	0.65421	10.07	0.4834	233	30	enet	0.66	1e-36	0.34444	0.731
Brain_Hippocampus	/media/kame/Data/_workings/resource/GTEv8//GTExv8.EUR.Brain_Hippocampus/ENSG00000154710.16.wgt.RDat	ENSG00000154710.16	7	66682163	66682164	0.1533	rs6972813	-2.99	rs6460293	0.007047	-3.07	-0.08961	231	46	enet	0.0054	0.18	0.87106	0.384
Brain_Hippocampus	/media/kame/Data/_workings/resource/GTEv8//GTExv8.EUR.Brain_Hippocampus/ENSG00000273142.1.wgt.RDat	ENSG00000273142.1	7	66902856	66902857	0.2854	rs11760794	-4.49	rs11028	0.074153	-4.57	0.23361	226	27	enet	0.063	0.0011	0.56894	0.569
Brain_Hippocampus	/media/kame/Data/_workings/resource/GTEv8//GTExv8.EUR.Brain_Hippocampus/ENSG00000198874.12.wgt.RDat	ENSG00000198874.12	7	66995172	66995173	0.562	rs4993699	5.47	rs10249716	0.48221	8.64	-1.31259	253	58	enet	0.46	1.3e-21	-1.31149	0.19
Brain_Hippocampus	/media/kame/Data/_workings/resource/GTEv8//GTExv8.EUR.Brain_Hippocampus/ENSG00000106610.14.wgt.RDat	ENSG00000106610.14	7	67305986	67305987	0.6345	rs7797476	-10.46	rs13230948	0.381296	-7.6	-0.89743	363	18	enet	0.45	2.8e-21	2.52876	0.0114
Brain_Hippocampus	/media/kame/Data/_workings/resource/GTEv8//GTExv8.EUR.Brain_Hippocampus/ENSG00000277149.4.wgt.RDat	ENSG00000277149.4	7	72828197	72828198	0.5108	rs1592903	5.66	rs7792924	0.307066	6.89	1.19199	101	16	enet	0.28	1.7e-12	0.574	0.566
Brain_Hippocampus	/media/kame/Data/_workings/resource/GTEv8//GTExv8.EUR.Brain_Hippocampus/ENSG00000196313.11.wgt.RDat	ENSG00000196313.11	7	72879364	72879365	0.2926	rs1592903	5.66	rs10233681	0.02978	4.27	0.29026	112	16	enet	0.08	0.00028	0.25193	0.801
Brain_Hippocampus	/media/kame/Data/_workings/resource/GTEv8//GTExv8.EUR.Brain_Hippocampus/ENSG00000106133.17.wgt.RDat	ENSG00000106133.17	7	72954789	72954790	0.3822	rs7780317	6.18	rs9768979	0.106157	5.11	1.35082	89	10	enet	0.17	1.1e-07	1.06118	0.289
Brain_Hippocampus	/media/kame/Data/_workings/resource/GTEv8//GTExv8.EUR.Brain_Hippocampus/ENSG00000106077.18.wgt.RDat	ENSG00000106077.18	7	73738866	73738867	0.2158	rs17145717	8.84	rs9647786	0.061939	-4.23	0.4404	277	20	enet	0.017	0.058	-0.36128	0.718
Brain_Hippocampus	/media/kame/Data/_workings/resource/GTEv8//GTExv8.EUR.Brain_Hippocampus/ENSG00000189143.9.wgt.RDat	ENSG00000189143.9	7	73799541	73799542	0.165	rs17145717	8.84	rs10234724	0.100513	4.6	0.39134	288	14	enet	0.031	0.017	0.5107	0.61
Brain_Hippocampus	/media/kame/Data/_workings/resource/GTEv8//GTExv8.EUR.Brain_Hippocampus/ENSG00000165171.10.wgt.RDat	ENSG00000165171.10	7	73842534	73842535	0.5042	rs17145717	8.84	rs4355658	0.447997	8.38	0.54913	292	28	enet	0.46	1.3e-21	-0.09883	0.921
Brain_Hippocampus	/media/kame/Data/_workings/resource/GTEv8//GTExv8.EUR.Brain_Hippocampus/ENSG00000106682.14.wgt.RDat	ENSG00000106682.14	7	74174244	74174245	0.1902	rs2285025	4.25	rs757575	-0.001977	-3.51	-1.8365	290	35	enet	0.034	0.014	2.37294	0.0176
Brain_Hippocampus	/media/kame/Data/_workings/resource/GTEv8//GTExv8.EUR.Brain_Hippocampus/ENSG00000196275.13.wgt.RDat	ENSG00000196275.13	7	74851550	74851551	0.5138	rs6956055	-4.02	rs2267812	0.428261	8.09	-1.77429	94	23	enet	0.39	5.6e-18	-1.04146	0.298
Brain_Hippocampus	/media/kame/Data/_workings/resource/GTEv8//GTExv8.EUR.Brain_Hippocampus/ENSG00000123965.13.wgt.RDat	ENSG00000123965.13	7	74894115	74894116	0.7564	rs6956055	-4.02	rs35005436	0.317805	7.05	-1.03922	88	22	enet	0.4	2.6e-18	-2.27254	0.0231
Brain_Hippocampus	/media/kame/Data/_workings/resource/GTEv8//GTExv8.EUR.Brain_Hippocampus/ENSG00000184616.8.wgt.RDat	ENSG00000184616.8	7	74913255	74913256	0.5721	rs6956055	-4.02	rs35005436	0.015513	3.7	-1.03922	79	28	enet	0.082	0.00022	0.61473	0.539
Brain_Hippocampus	/media/kame/Data/_workings/resource/GTEv8//GTExv8.EUR.Brain_Hippocampus/ENSG00000205583.13.wgt.RDat	ENSG00000205583.13	7	75359256	75359257	0.3802	rs3757602	5.12	rs1167802	0.085003	4.74	-1.055	159	35	enet	0.17	1.4e-07	-0.54165	0.588
Brain_Hippocampus	/media/kame/Data/_workings/resource/GTEv8//GTExv8.EUR.Brain_Hippocampus/ENSG00000278416.1.wgt.RDat	ENSG00000278416.1	7	75359549	75359550	0.647	rs3757602	5.12	rs17207196	0.024522	-3.73	0.02488	159	34	enet	0.17	7.7e-08	-0.31304	0.754
Brain_Hippocampus	/media/kame/Data/_workings/resource/GTEv8//GTExv8.EUR.Brain_Hippocampus/ENSG00000127957.17.wgt.RDat	ENSG00000127957.17	7	75528147	75528148	0.3154	rs7788763	9.63	rs1167800	0.149707	4.91	0.94577	216	28	enet	0.07	0.00061	1.03263	0.302
Brain_Hippocampus	/media/kame/Data/_workings/resource/GTEv8//GTExv8.EUR.Brain_Hippocampus/ENSG00000127946.16.wgt.RDat	ENSG00000127946.16	7	75738961	75738962	0.3043	rs9800948	10.45	rs237236	0.048673	-3.79	-0.20707	264	70	enet	0.092	9.9e-05	1.75146	0.0799
Brain_Hippocampus	/media/kame/Data/_workings/resource/GTEv8//GTExv8.EUR.Brain_Hippocampus/ENSG00000127948.15.wgt.RDat	ENSG00000127948.15	7	75899199	75899200	0.2779	rs9800948	10.45	rs10224893	-0.004118	-3.47	-0.69326	307	26	enet	0.029	0.022	0.6027	0.547
Brain_Hippocampus	/media/kame/Data/_workings/resource/GTEv8//GTExv8.EUR.Brain_Hippocampus/ENSG00000127952.16.wgt.RDat	ENSG00000127952.16	7	76048003	76048004	0.4377	rs9800948	10.45	rs7788926	0.230798	6.24	4.03827	311	20	enet	0.33	8.2e-15	2.78143	0.00541
Brain_Hippocampus	/media/kame/Data/_workings/resource/GTEv8//GTExv8.EUR.Brain_Hippocampus/ENSG00000188372.14.wgt.RDat	ENSG00000188372.14	7	76424906	76424907	0.733	rs9800948	10.45	rs17718122	0.387285	7.84	-1.00306	217	11	enet	0.42	1.1e-19	0.2526	0.801
Brain_Hippocampus	/media/kame/Data/_workings/resource/GTEv8//GTExv8.EUR.Brain_Hippocampus/ENSG00000243566.6.wgt.RDat	ENSG00000243566.6	7	76510427	76510428	0.4071	rs9800948	10.45	rs2286990	0.088046	-5.21	0.05634	184	12	enet	0.12	1.1e-05	-0.66127	0.508
Brain_Hippocampus	/media/kame/Data/_workings/resource/GTEv8//GTExv8.EUR.Brain_Hippocampus/ENSG00000205485.13.wgt.RDat	ENSG00000205485.13	7	76549359	76549360	0.4862	rs9800948	10.45	rs17718122	0.4015	7.84	-1.00306	175	10	enet	0.4	4.2e-18	-1.25773	0.208
Brain_Hippocampus	/media/kame/Data/_workings/resource/GTEv8//GTExv8.EUR.Brain_Hippocampus/ENSG00000146707.14.wgt.RDat	ENSG00000146707.14	7	76625682	76625683	0.6843	rs9800948	10.45	rs11505688	0.348141	-7.44	-0.31846	158	24	enet	0.36	4.3e-16	-0.163	0.871
Brain_Hippocampus	/media/kame/Data/_workings/resource/GTEv8//GTExv8.EUR.Brain_Hippocampus/ENSG00000214243.3.wgt.RDat	ENSG00000214243.3	7	76650896	76650897	0.1479	rs9800948	10.45	rs2110465	0.089929	-4.17	-1.82036	152	20	enet	0.029	0.021	0.07523	0.94
Brain_Hippocampus	/media/kame/Data/_workings/resource/GTEv8//GTExv8.EUR.Brain_Hippocampus/ENSG00000233448.2.wgt.RDat	ENSG00000233448.2	7	77039943	77039944	0.2859	rs7810561	-5.46	rs7798157	0.122347	-4.88	0.4186	256	12	enet	0.13	3.3e-06	-0.44129	0.659
Brain_Hippocampus	/media/kame/Data/_workings/resource/GTEv8//GTExv8.EUR.Brain_Hippocampus/ENSG00000127947.15.wgt.RDat	ENSG00000127947.15	7	77537274	77537275	0.2203	rs7810561	-5.46	rs11767942	0.103522	-4.72	-1.66247	371	33	enet	0.16	3e-07	-0.70044	0.484
Brain_Hippocampus	/media/kame/Data/_workings/resource/GTEv8//GTExv8.EUR.Brain_Hippocampus/ENSG00000214293.8.wgt.RDat	ENSG00000214293.8	7	77696264	77696265	0.4369	rs7810561	-5.46	rs10499835	0.27138	-6.43	-2.77147	513	21	enet	0.28	1.4e-12	1.76755	0.0771
Brain_Hippocampus	/media/kame/Data/_workings/resource/GTEv8//GTExv8.EUR.Brain_Hippocampus/ENSG00000157214.13.wgt.RDat	ENSG00000157214.13	7	90167589	90167590	0.1821	rs2023739	5.63	rs194507	0.176874	-5.81	-0.14765	491	14	enet	0.14	2.2e-06	0.48674	0.626
Brain_Hippocampus	/media/kame/Data/_workings/resource/GTEv8//GTExv8.EUR.Brain_Hippocampus/ENSG00000105792.19.wgt.RDat	ENSG00000105792.19	7	90245173	90245174	0.1653	rs2023739	5.63	rs194534	0.084802	4.55	-1.43423	466	15	enet	0.031	0.017	-1.32812	0.184
Brain_Hippocampus	/media/kame/Data/_workings/resource/GTEv8//GTExv8.EUR.Brain_Hippocampus/ENSG00000223969.5.wgt.RDat	ENSG00000223969.5	7	90597352	90597353	0.4518	rs177667	-4.67	rs1978093	0.288268	6.61	0.37862	445	23	enet	0.25	5.3e-11	0.72423	0.469
Brain_Hippocampus	/media/kame/Data/_workings/resource/GTEv8//GTExv8.EUR.Brain_Hippocampus/ENSG00000157259.6.wgt.RDat	ENSG00000157259.6	7	92447452	92447453	0.3457	rs3731283	4.92	rs7777732	0.118673	-4.75	-0.29997	307	20	enet	0.082	0.00023	0.8557	0.392
Brain_Hippocampus	/media/kame/Data/_workings/resource/GTEv8//GTExv8.EUR.Brain_Hippocampus/ENSG00000177409.11.wgt.RDat	ENSG00000177409.11	7	93148368	93148369	0.4025	rs3731283	4.92	rs12666302	0.015883	-4.1	0.01826	350	49	enet	0.0036	0.22	-0.23831	0.812
Brain_Hippocampus	/media/kame/Data/_workings/resource/GTEv8//GTExv8.EUR.Brain_Hippocampus/ENSG00000242265.5.wgt.RDat	ENSG00000242265.5	7	94656324	94656325	0.1201	rs1806369	5.61	rs11981513	0.025291	4.19	-1.93324	313	14	enet	0.0058	0.17	-1.47604	0.14
Brain_Hippocampus	/media/kame/Data/_workings/resource/GTEv8//GTExv8.EUR.Brain_Hippocampus/ENSG00000231170.5.wgt.RDat	ENSG00000231170.5	7	95596681	95596682	0.3517	rs1234476	5.82	rs3807892	0.24841	6.21	2.61022	499	32	enet	0.18	2.5e-08	2.95125	0.00316
Brain_Hippocampus	/media/kame/Data/_workings/resource/GTEv8//GTExv8.EUR.Brain_Hippocampus/ENSG00000180535.3.wgt.RDat	ENSG00000180535.3	7	98211426	98211427	0.2669	rs2394824	4.82	rs4729402	0.265218	6.38	1.35361	355	18	enet	0.27	7.5e-12	2.46076	0.0139
Brain_Hippocampus	/media/kame/Data/_workings/resource/GTEv8//GTExv8.EUR.Brain_Hippocampus/ENSG00000272950.1.wgt.RDat	ENSG00000272950.1	7	98322852	98322853	0.3923	rs2394824	4.82	rs13008	0.162612	6.06	1.04909	333	21	enet	0.22	1.2e-09	0.34823	0.728
Brain_Hippocampus	/media/kame/Data/_workings/resource/GTEv8//GTExv8.EUR.Brain_Hippocampus/ENSG00000242687.2.wgt.RDat	ENSG00000242687.2	7	99013243	99013244	0.2595	rs2037595	3.55	rs219795	0.021841	3.23	0.3917	321	34	enet	0.018	0.053	0.10625	0.915
Brain_Hippocampus	/media/kame/Data/_workings/resource/GTEv8//GTExv8.EUR.Brain_Hippocampus/ENSG00000241468.7.wgt.RDat	ENSG00000241468.7	7	99466330	99466331	0.181	rs11974610	-3.76	rs1007008	0.047669	-4.14	1.85642	306	11	enet	0.069	0.00067	-1.22771	0.22
Brain_Hippocampus	/media/kame/Data/_workings/resource/GTEv8//GTExv8.EUR.Brain_Hippocampus/ENSG00000244219.6.wgt.RDat	ENSG00000244219.6	7	99598065	99598066	0.1306	rs7788746	4.97	rs10268984	0.121769	-4.98	0.16747	308	20	enet	0.051	0.0031	-0.1292	0.897
Brain_Hippocampus	/media/kame/Data/_workings/resource/GTEv8//GTExv8.EUR.Brain_Hippocampus/ENSG00000146833.15.wgt.RDat	ENSG00000146833.15	7	99919599	99919600	0.4192	rs7788746	4.97	rs2572019	0.359183	-7.41	0.60743	268	20	enet	0.34	2.7e-15	-0.78787	0.431
Brain_Hippocampus	/media/kame/Data/_workings/resource/GTEv8//GTExv8.EUR.Brain_Hippocampus/ENSG00000160862.12.wgt.RDat	ENSG00000160862.12	7	99976156	99976157	0.1193	rs7788746	4.97	rs4727443	0.1418	-4.81	1.53431	266	3	enet	0.055	0.0022	-1.55354	0.12
Brain_Hippocampus	/media/kame/Data/_workings/resource/GTEv8//GTExv8.EUR.Brain_Hippocampus/ENSG00000166529.14.wgt.RDat	ENSG00000166529.14	7	100049773	100049774	0.1808	rs7788746	4.97	rs2272338	0.024525	3.68	0.74817	268	14	enet	0.01	0.11	0.51395	0.607
Brain_Hippocampus	/media/kame/Data/_workings/resource/GTEv8//GTExv8.EUR.Brain_Hippocampus/ENSG00000066923.17.wgt.RDat	ENSG00000066923.17	7	100177562	100177563	0.3366	rs7788746	4.97	rs12705070	0.259884	6.38	3.36826	269	29	enet	0.22	6.1e-10	2.17151	0.0299
Brain_Hippocampus	/media/kame/Data/_workings/resource/GTEv8//GTExv8.EUR.Brain_Hippocampus/ENSG00000213413.2.wgt.RDat	ENSG00000213413.2	7	100218240	100218241	0.3679	rs7788746	4.97	rs12705070	0.248655	6.69	3.36826	278	35	enet	0.26	1.3e-11	1.31611	0.188
Brain_Hippocampus	/media/kame/Data/_workings/resource/GTEv8//GTExv8.EUR.Brain_Hippocampus/ENSG00000239521.7.wgt.RDat	ENSG00000239521.7	7	100272217	100272218	0.1343	rs7788746	4.97	rs4424195	0.049006	4.25	3.22517	287	11	enet	0.027	0.026	1.26241	0.207
Brain_Hippocampus	/media/kame/Data/_workings/resource/GTEv8//GTExv8.EUR.Brain_Hippocampus/ENSG00000242294.6.wgt.RDat	ENSG00000242294.6	7	100336411	100336412	0.6046	rs7788746	4.97	rs6955367	0.582922	9.35	0.33476	303	50	enet	0.55	7e-28	0.14747	0.883
Brain_Hippocampus	/media/kame/Data/_workings/resource/GTEv8//GTExv8.EUR.Brain_Hippocampus/ENSG00000121716.20.wgt.RDat	ENSG00000121716.20	7	100352175	100352176	0.6938	rs7788746	4.97	rs6955367	0.628043	9.76	0.33476	292	38	enet	0.61	3.1e-32	0.35931	0.719
Brain_Hippocampus	/media/kame/Data/_workings/resource/GTEv8//GTExv8.EUR.Brain_Hippocampus/ENSG00000085514.15.wgt.RDat	ENSG00000085514.15	7	100373444	100373445	0.5537	rs7788746	4.97	rs6955367	0.544076	9.03	0.33476	300	27	enet	0.52	1.2e-25	0.47786	0.633
Brain_Hippocampus	/media/kame/Data/_workings/resource/GTEv8//GTExv8.EUR.Brain_Hippocampus/ENSG00000078487.17.wgt.RDat	ENSG00000078487.17	7	100428791	100428792	0.2731	rs7788746	4.97	rs6975729	0.277279	6.66	0.68309	310	37	enet	0.27	5.5e-12	1.06151	0.288
Brain_Hippocampus	/media/kame/Data/_workings/resource/GTEv8//GTExv8.EUR.Brain_Hippocampus/ENSG00000146834.13.wgt.RDat	ENSG00000146834.13	7	100428816	100428817	0.1539	rs7788746	4.97	rs6975729	0.145197	-4.78	0.68309	310	31	enet	0.097	6.1e-05	-0.98031	0.327
Brain_Hippocampus	/media/kame/Data/_workings/resource/GTEv8//GTExv8.EUR.Brain_Hippocampus/ENSG00000146830.9.wgt.RDat	ENSG00000146830.9	7	100689447	100689448	0.2249	rs11760595	-3.41	rs221803	0.073224	4.83	-0.67337	319	11	enet	0.079	0.00029	-0.05192	0.959
Brain_Hippocampus	/media/kame/Data/_workings/resource/GTEv8//GTExv8.EUR.Brain_Hippocampus/ENSG00000167011.8.wgt.RDat	ENSG00000167011.8	7	101180275	101180276	0.3534	rs191137	-3.33	rs733965	0.067076	4.61	1.39463	401	22	enet	0.012	0.1	0.71418	0.475
Brain_Hippocampus	/media/kame/Data/_workings/resource/GTEv8//GTExv8.EUR.Brain_Hippocampus/ENSG00000106404.13.wgt.RDat	ENSG00000106404.13	7	101238819	101238820	0.4847	rs191137	-3.33	rs7778271	0.200216	6.16	-0.9423	397	18	enet	0.22	5.9e-10	-1.39982	0.162
Brain_Hippocampus	/media/kame/Data/_workings/resource/GTEv8//GTExv8.EUR.Brain_Hippocampus/ENSG00000161036.12.wgt.RDat	ENSG00000161036.12	7	102464928	102464929	0.2532	rs4989124	4.59	rs11764413	0.03251	3.91	1.73008	242	13	enet	0.019	0.05	1.67662	0.0936
Brain_Hippocampus	/media/kame/Data/_workings/resource/GTEv8//GTExv8.EUR.Brain_Hippocampus/ENSG00000005075.15.wgt.RDat	ENSG00000005075.15	7	102478906	102478907	0.3174	rs4989124	4.59	rs6465866	0.04227	-4.38	0.6579	241	27	enet	0.099	5.4e-05	-0.22585	0.821
Brain_Hippocampus	/media/kame/Data/_workings/resource/GTEv8//GTExv8.EUR.Brain_Hippocampus/ENSG00000267368.1.wgt.RDat	ENSG00000267368.1	7	102642790	102642791	0.512	rs4989124	4.59	rs11760934	0.030052	4.75	0.14895	206	31	enet	0.25	4e-11	-0.26602	0.79
Brain_Hippocampus	/media/kame/Data/_workings/resource/GTEv8//GTExv8.EUR.Brain_Hippocampus/ENSG00000228049.7.wgt.RDat	ENSG00000228049.7	7	102671628	102671629	0.4932	rs4989124	4.59	rs11981219	0.317815	6.93	0.69077	207	14	enet	0.32	4.4e-14	0.56741	0.57
Brain_Hippocampus	/media/kame/Data/_workings/resource/GTEv8//GTExv8.EUR.Brain_Hippocampus/ENSG00000233297.4.wgt.RDat	ENSG00000233297.4	7	102690468	102690469	0.441	rs4989124	4.59	rs11764446	0.033477	-4.06	1.92006	204	30	enet	0.17	8e-08	-1.03215	0.302
Brain_Hippocampus	/media/kame/Data/_workings/resource/GTEv8//GTExv8.EUR.Brain_Hippocampus/ENSG00000189056.13.wgt.RDat	ENSG00000189056.13	7	103989515	103989516	0.3884	rs12705177	6.72	rs10282605	-0.004954	-3.44	3.17658	622	88	enet	0.019	0.049	0.69405	0.488
Brain_Hippocampus	/media/kame/Data/_workings/resource/GTEv8//GTExv8.EUR.Brain_Hippocampus/ENSG00000091140.13.wgt.RDat	ENSG00000091140.13	7	107890969	107890970	0.1358	rs34084719	-5.1	rs10953555	0.085317	-4.7	-0.27265	496	13	enet	0.062	0.0012	0.08926	0.929
Brain_Hippocampus	/media/kame/Data/_workings/resource/GTEv8//GTExv8.EUR.Brain_Hippocampus/ENSG00000177683.13.wgt.RDat	ENSG00000177683.13	7	108569452	108569453	0.3362	rs40899	-4.99	rs40928	0.257127	6.48	-4.37629	451	12	enet	0.25	4.5e-11	-3.02463	0.00249
Brain_Hippocampus	/media/kame/Data/_workings/resource/GTEv8//GTExv8.EUR.Brain_Hippocampus/ENSG00000184903.9.wgt.RDat	ENSG00000184903.9	7	111562516	111562517	0.1394	rs2074128	-8	rs2613596	0.038613	-4.22	0.29256	317	14	enet	0.05	0.0035	-1.98952	0.0466
Brain_Hippocampus	/media/kame/Data/_workings/resource/GTEv8//GTExv8.EUR.Brain_Hippocampus/ENSG00000006652.13.wgt.RDat	ENSG00000006652.13	7	112422967	112422968	0.2738	rs2074128	-8	rs6967593	0.183379	-5.37	1.16983	403	17	enet	0.13	3.1e-06	-0.5921	0.554
Brain_Hippocampus	/media/kame/Data/_workings/resource/GTEv8//GTExv8.EUR.Brain_Hippocampus/ENSG00000181016.9.wgt.RDat	ENSG00000181016.9	7	112481017	112481018	0.3081	rs2074128	-8	rs7467	0.197782	5.66	0.44446	407	12	enet	0.13	3.1e-06	0.42451	0.671
Brain_Hippocampus	/media/kame/Data/_workings/resource/GTEv8//GTExv8.EUR.Brain_Hippocampus/ENSG00000105967.15.wgt.RDat	ENSG00000105967.15	7	116159895	116159896	0.2756	rs6958700	-7.87	rs9920	0.017908	-3.86	0.25586	353	18	enet	0.079	0.00029	-0.09111	0.927
Brain_Hippocampus	/media/kame/Data/_workings/resource/GTEv8//GTExv8.EUR.Brain_Hippocampus/ENSG00000105971.14.wgt.RDat	ENSG00000105971.14	7	116287379	116287380	0.3041	rs6958700	-7.87	rs38859	0.005631	-3.5	3.44396	368	30	enet	0.074	0.00043	-1.67352	0.0942
Brain_Hippocampus	/media/kame/Data/_workings/resource/GTEv8//GTExv8.EUR.Brain_Hippocampus/ENSG00000105974.11.wgt.RDat	ENSG00000105974.11	7	116524784	116524785	0.3962	rs2402118	7.35	rs2237710	0.015509	3.7	0.95479	346	49	enet	0.085	0.00018	-2.25579	0.0241
Brain_Hippocampus	/media/kame/Data/_workings/resource/GTEv8//GTExv8.EUR.Brain_Hippocampus/ENSG00000105976.14.wgt.RDat	ENSG00000105976.14	7	116672389	116672390	0.1475	rs2402118	7.35	rs11766819	0.103053	-4.8	5.10667	340	22	enet	0.097	6.1e-05	-2.45495	0.0141
Brain_Hippocampus	/media/kame/Data/_workings/resource/GTEv8//GTExv8.EUR.Brain_Hippocampus/ENSG00000001626.14.wgt.RDat	ENSG00000001626.14	7	117465783	117465784	0.1487	rs7807677	10.28	rs916727	0.085195	-4.76	-0.78546	336	10	enet	0.048	0.0041	0.52597	0.599
Brain_Hippocampus	/media/kame/Data/_workings/resource/GTEv8//GTExv8.EUR.Brain_Hippocampus/ENSG00000106013.14.wgt.RDat	ENSG00000106013.14	7	118214668	118214669	0.2364	rs7807677	10.28	rs10269710	-0.005272	-3.08	0.06294	341	22	enet	-5.3e-06	0.32	1.63265	0.103
Brain_Hippocampus	/media/kame/Data/_workings/resource/GTEv8//GTExv8.EUR.Brain_Hippocampus/ENSG00000234224.2.wgt.RDat	ENSG00000234224.2	7	124033022	124033023	0.4693	rs11978415	-5.3	rs17146591	0.212683	6.1	-0.0697	391	18	enet	0.21	1.8e-09	-2.00118	0.0454
Brain_Hippocampus	/media/kame/Data/_workings/resource/GTEv8//GTExv8.EUR.Brain_Hippocampus/ENSG00000242593.5.wgt.RDat	ENSG00000242593.5	7	124049131	124049132	0.3912	rs11978415	-5.3	rs10224465	0.139681	-5.09	0.0276	395	38	enet	0.19	9.5e-09	-0.83186	0.405
Brain_Hippocampus	/media/kame/Data/_workings/resource/GTEv8//GTExv8.EUR.Brain_Hippocampus/ENSG00000279419.1.wgt.RDat	ENSG00000279419.1	7	124745016	124745017	0.2818	rs11978415	-5.3	rs7802263	0.070819	4.36	1.74237	371	29	enet	0.1	3.8e-05	0.40416	0.686
Brain_Hippocampus	/media/kame/Data/_workings/resource/GTEv8//GTExv8.EUR.Brain_Hippocampus/ENSG00000128513.14.wgt.RDat	ENSG00000128513.14	7	124929871	124929872	0.1406	rs589823	5	rs11767649	0.084872	4.71	1.88406	349	32	enet	0.05	0.0035	1.53494	0.125
Brain_Hippocampus	/media/kame/Data/_workings/resource/GTEv8//GTExv8.EUR.Brain_Hippocampus/ENSG00000197157.10.wgt.RDat	ENSG00000197157.10	7	127652179	127652180	0.2332	rs7789922	8.77	rs1468701	0.164874	-5.56	0.48014	458	9	enet	0.085	0.00017	-0.03718	0.97
Brain_Hippocampus	/media/kame/Data/_workings/resource/GTEv8//GTExv8.EUR.Brain_Hippocampus/ENSG00000165055.15.wgt.RDat	ENSG00000165055.15	7	128476728	128476729	0.2492	rs1006023	4.93	rs10225988	0.032155	3.96	-0.8378	382	17	enet	0.075	0.00042	-0.68503	0.493
Brain_Hippocampus	/media/kame/Data/_workings/resource/GTEv8//GTExv8.EUR.Brain_Hippocampus/ENSG00000273270.1.wgt.RDat	ENSG00000273270.1	7	128531068	128531069	0.4329	rs1006023	4.93	rs2443110	0.316694	-6.95	-2.85793	370	31	enet	0.25	4.3e-11	2.28138	0.0225
Brain_Hippocampus	/media/kame/Data/_workings/resource/GTEv8//GTExv8.EUR.Brain_Hippocampus/ENSG00000280828.1.wgt.RDat	ENSG00000280828.1	7	128533651	128533652	0.1347	rs1006023	4.93	rs2402923	0.107161	4.7	-1.19289	371	21	enet	0.089	0.00012	-1.72793	0.084
Brain_Hippocampus	/media/kame/Data/_workings/resource/GTEv8//GTExv8.EUR.Brain_Hippocampus/ENSG00000243302.3.wgt.RDat	ENSG00000243302.3	7	128651184	128651185	0.3504	rs1006023	4.93	rs6965333	0.078788	-4.94	0.1564	364	32	enet	0.17	1.3e-07	-1.06	0.289
Brain_Hippocampus	/media/kame/Data/_workings/resource/GTEv8//GTExv8.EUR.Brain_Hippocampus/ENSG00000230715.3.wgt.RDat	ENSG00000230715.3	7	128652840	128652841	0.4187	rs1006023	4.93	rs2402923	0.300866	6.94	-1.19289	364	26	enet	0.3	3.8e-13	-0.68024	0.496
Brain_Hippocampus	/media/kame/Data/_workings/resource/GTEv8//GTExv8.EUR.Brain_Hippocampus/ENSG00000229413.2.wgt.RDat	ENSG00000229413.2	7	128653967	128653968	0.2698	rs1006023	4.93	rs2402923	0.213438	5.78	-1.19289	363	31	enet	0.2	5.2e-09	-1.85824	0.0631
Brain_Hippocampus	/media/kame/Data/_workings/resource/GTEv8//GTExv8.EUR.Brain_Hippocampus/ENSG00000243679.1.wgt.RDat	ENSG00000243679.1	7	128654019	128654020	0.3463	rs1006023	4.93	rs2443110	0.204374	6.27	-2.85793	363	22	enet	0.3	1.9e-13	-1.58958	0.112
Brain_Hippocampus	/media/kame/Data/_workings/resource/GTEv8//GTExv8.EUR.Brain_Hippocampus/ENSG00000281490.1.wgt.RDat	ENSG00000281490.1	7	128658790	128658791	0.3753	rs1006023	4.93	rs6965333	0.112978	-5.21	0.1564	362	21	enet	0.054	0.0024	-0.86207	0.389
Brain_Hippocampus	/media/kame/Data/_workings/resource/GTEv8//GTExv8.EUR.Brain_Hippocampus/ENSG00000271553.1.wgt.RDat	ENSG00000271553.1	7	128667042	128667043	0.4088	rs1006023	4.93	rs339072	0.180393	-5.34	-0.40741	362	39	enet	0.17	7.5e-08	0.21556	0.829
Brain_Hippocampus	/media/kame/Data/_workings/resource/GTEv8//GTExv8.EUR.Brain_Hippocampus/ENSG00000271344.1.wgt.RDat	ENSG00000271344.1	7	128690450	128690451	0.4567	rs1006023	4.93	rs339072	0.049541	4.01	-0.40741	363	49	enet	0.042	0.0068	-0.90713	0.364
Brain_Hippocampus	/media/kame/Data/_workings/resource/GTEv8//GTExv8.EUR.Brain_Hippocampus/ENSG00000273329.1.wgt.RDat	ENSG00000273329.1	7	129611629	129611630	0.2049	rs2402960	-5.56	rs6946418	0.133549	4.72	-0.3092	336	12	enet	0.085	0.00017	0.07184	0.943
Brain_Hippocampus	/media/kame/Data/_workings/resource/GTEv8//GTExv8.EUR.Brain_Hippocampus/ENSG00000106477.18.wgt.RDat	ENSG00000106477.18	7	130442432	130442433	0.2429	rs17165072	7.46	rs1990790	0.060321	-4.82	0.77209	411	29	enet	0.089	0.00012	-0.51375	0.607
Brain_Hippocampus	/media/kame/Data/_workings/resource/GTEv8//GTExv8.EUR.Brain_Hippocampus/ENSG00000231721.6.wgt.RDat	ENSG00000231721.6	7	131110094	131110095	0.2966	rs17165072	7.46	rs6967767	0.179631	5.43	0.4306	459	23	enet	0.13	4.5e-06	-0.08701	0.931
Brain_Hippocampus	/media/kame/Data/_workings/resource/GTEv8//GTExv8.EUR.Brain_Hippocampus/ENSG00000105875.13.wgt.RDat	ENSG00000105875.13	7	135211533	135211534	0.2724	rs12536271	-4.82	rs7806817	0.078058	-4.11	0.62549	438	26	enet	-0.0067	0.92	-0.8216	0.411
Brain_Hippocampus	/media/kame/Data/_workings/resource/GTEv8//GTExv8.EUR.Brain_Hippocampus/ENSG00000243317.7.wgt.RDat	ENSG00000243317.7	7	135662495	135662496	0.3176	rs12536271	-4.82	rs4294134	0.264788	-6.63	-0.3179	459	10	enet	0.22	1.1e-09	0.42231	0.673
Brain_Hippocampus	/media/kame/Data/_workings/resource/GTEv8//GTExv8.EUR.Brain_Hippocampus/ENSG00000157680.15.wgt.RDat	ENSG00000157680.15	7	137847091	137847092	0.2051	rs2440805	3.29	rs320692	0.008107	3.42	1.10212	402	36	enet	-0.00048	0.34	0.2747	0.784
Brain_Hippocampus	/media/kame/Data/_workings/resource/GTEv8//GTExv8.EUR.Brain_Hippocampus/ENSG00000105929.15.wgt.RDat	ENSG00000105929.15	7	138799559	138799560	0.2515	rs6952395	-8.88	rs2353354	0.044456	-4.05	-0.9866	410	6	enet	-0.0012	0.37	1.25979	0.208
Brain_Hippocampus	/media/kame/Data/_workings/resource/GTEv8//GTExv8.EUR.Brain_Hippocampus/ENSG00000260231.1.wgt.RDat	ENSG00000260231.1	7	140177260	140177261	0.1691	rs2107900	7.52	rs6464578	0.134907	4.9	-0.83939	460	11	enet	0.13	4.4e-06	-0.59512	0.552
Brain_Hippocampus	/media/kame/Data/_workings/resource/GTEv8//GTExv8.EUR.Brain_Hippocampus/ENSG00000133597.10.wgt.RDat	ENSG00000133597.10	7	140673152	140673153	0.2665	rs11971702	-7.4	rs2930320	0.081649	-4.33	0.07056	359	6	enet	0.017	0.063	-0.29097	0.771
Brain_Hippocampus	/media/kame/Data/_workings/resource/GTEv8//GTExv8.EUR.Brain_Hippocampus/ENSG00000228775.7.wgt.RDat	ENSG00000228775.7	7	141738319	141738320	0.2457	rs12111651	-6.87	rs6971275	0.141056	5.88	-0.16119	434	17	enet	0.11	1.7e-05	-0.17828	0.859
Brain_Hippocampus	/media/kame/Data/_workings/resource/GTEv8//GTExv8.EUR.Brain_Hippocampus/ENSG00000127364.3.wgt.RDat	ENSG00000127364.3	7	141778441	141778442	0.4819	rs12111651	-6.87	rs917197	0.424525	8.26	-0.23947	476	43	enet	0.43	4.7e-20	-0.45029	0.652
Brain_Hippocampus	/media/kame/Data/_workings/resource/GTEv8//GTExv8.EUR.Brain_Hippocampus/ENSG00000178826.10.wgt.RDat	ENSG00000178826.10	7	143279956	143279957	0.1805	rs10238951	4.99	rs8176026	0.055514	-4.01	0.82667	337	19	enet	-0.0013	0.37	-0.80531	0.421
Brain_Hippocampus	/media/kame/Data/_workings/resource/GTEv8//GTExv8.EUR.Brain_Hippocampus/ENSG00000198420.9.wgt.RDat	ENSG00000198420.9	7	143902197	143902198	0.1522	rs11771145	4.07	rs6971999	0.116095	-4.53	-1.79976	228	11	enet	0.12	1.2e-05	1.5025	0.133
Brain_Hippocampus	/media/kame/Data/_workings/resource/GTEv8//GTExv8.EUR.Brain_Hippocampus/ENSG00000050327.14.wgt.RDat	ENSG00000050327.14	7	144355287	144355288	0.2537	rs13228908	3.64	rs720475	0.244374	6.3	-0.06731	338	5	enet	0.23	3e-10	-0.08734	0.93
Brain_Hippocampus	/media/kame/Data/_workings/resource/GTEv8//GTExv8.EUR.Brain_Hippocampus/ENSG00000273314.1.wgt.RDat	ENSG00000273314.1	7	148698643	148698644	0.2786	rs10242631	-5.87	rs3757441	-0.006718	3.26	0.7643	463	24	enet	-0.0023	0.42	0.56727	0.571
Brain_Hippocampus	/media/kame/Data/_workings/resource/GTEv8//GTExv8.EUR.Brain_Hippocampus/ENSG00000155660.10.wgt.RDat	ENSG00000155660.10	7	149028640	149028641	0.2241	rs10242631	-5.87	rs7785022	0.050928	-4.31	1.61896	387	23	enet	0.074	0.00045	-1.59897	0.11
Brain_Hippocampus	/media/kame/Data/_workings/resource/GTEv8//GTExv8.EUR.Brain_Hippocampus/ENSG00000197362.14.wgt.RDat	ENSG00000197362.14	7	149090781	149090782	0.5855	rs2290971	-4.13	rs1534196	0.220408	-6.66	1.27531	377	49	enet	0.21	1.8e-09	-0.89649	0.37
Brain_Hippocampus	/media/kame/Data/_workings/resource/GTEv8//GTExv8.EUR.Brain_Hippocampus/ENSG00000204947.8.wgt.RDat	ENSG00000204947.8	7	149126345	149126346	0.2858	rs2290971	-4.13	rs1202390	0.026996	4.05	0.7981	374	11	enet	0.038	0.0095	0.41959	0.675
Brain_Hippocampus	/media/kame/Data/_workings/resource/GTEv8//GTExv8.EUR.Brain_Hippocampus/ENSG00000244560.6.wgt.RDat	ENSG00000244560.6	7	149285280	149285281	0.2854	rs2290971	-4.13	rs1202437	0.115711	4.97	-0.06598	386	16	enet	0.095	7.1e-05	-0.0481	0.962
Brain_Hippocampus	/media/kame/Data/_workings/resource/GTEv8//GTExv8.EUR.Brain_Hippocampus/ENSG00000181444.12.wgt.RDat	ENSG00000181444.12	7	149773478	149773479	0.4147	rs6966081	2.74	rs855676	0.185373	-5.34	-2.34281	287	41	enet	0.16	2.7e-07	1.05778	0.29
Brain_Hippocampus	/media/kame/Data/_workings/resource/GTEv8//GTExv8.EUR.Brain_Hippocampus/ENSG00000197558.11.wgt.RDat	ENSG00000197558.11	7	149776041	149776042	0.5364	rs6966081	2.74	rs6960187	0.410714	7.93	-0.36633	287	10	enet	0.35	1.3e-15	-0.14292	0.886
Brain_Hippocampus	/media/kame/Data/_workings/resource/GTEv8//GTExv8.EUR.Brain_Hippocampus/ENSG00000204934.10.wgt.RDat	ENSG00000204934.10	7	149871795	149871796	0.3193	rs6966081	2.74	rs4725838	0.205813	-6.09	-0.05399	256	8	enet	0.2	7.8e-09	0.03796	0.97
Brain_Hippocampus	/media/kame/Data/_workings/resource/GTEv8//GTExv8.EUR.Brain_Hippocampus/ENSG00000171130.17.wgt.RDat	ENSG00000171130.17	7	149872967	149872968	0.3749	rs6966081	2.74	rs3735334	0.31096	-7.26	0.38118	257	9	enet	0.34	2.5e-15	-0.30966	0.757
Brain_Hippocampus	/media/kame/Data/_workings/resource/GTEv8//GTExv8.EUR.Brain_Hippocampus/ENSG00000127399.14.wgt.RDat	ENSG00000127399.14	7	150322638	150322639	0.5934	rs11972506	2.38	rs2108854	0.358603	7.73	-0.43766	341	22	enet	0.34	3.1e-15	-0.51319	0.608
Brain_Hippocampus	/media/kame/Data/_workings/resource/GTEv8//GTExv8.EUR.Brain_Hippocampus/ENSG00000188707.5.wgt.RDat	ENSG00000188707.5	7	150329788	150329789	0.3476	rs11972506	2.34	rs3735167	0.238384	-6.2	-1.20181	346	10	enet	0.21	1.4e-09	1.08448	0.278
Brain_Hippocampus	/media/kame/Data/_workings/resource/GTEv8//GTExv8.EUR.Brain_Hippocampus/ENSG00000002933.7.wgt.RDat	ENSG00000002933.7	7	150800533	150800534	0.3365	rs2487151	4.23	rs714885	0.22523	-5.95	-0.7421	527	12	enet	0.16	3.4e-07	0.82879	0.407
Brain_Hippocampus	/media/kame/Data/_workings/resource/GTEv8//GTExv8.EUR.Brain_Hippocampus/ENSG00000106565.17.wgt.RDat	ENSG00000106565.17	7	150801359	150801360	0.3303	rs2487151	4.23	rs12374823	0.034344	-4.08	0.01554	528	31	enet	0.046	0.005	-0.21633	0.829
Brain_Hippocampus	/media/kame/Data/_workings/resource/GTEv8//GTExv8.EUR.Brain_Hippocampus/ENSG00000214106.7.wgt.RDat	ENSG00000214106.7	7	154928497	154928498	0.1778	rs11764641	4.76	rs751840	0.043457	4.18	-2.57614	663	19	enet	0.053	0.0027	-1.89003	0.0588
Brain_Hippocampus	/media/kame/Data/_workings/resource/GTEv8//GTExv8.EUR.Brain_Hippocampus/ENSG00000273344.1.wgt.RDat	ENSG00000273344.1	7	155003447	155003448	0.4626	rs11764641	4.76	rs497909	0.112717	5.1	-0.03659	660	23	enet	0.092	9.8e-05	2.03705	0.0416
Brain_Hippocampus	/media/kame/Data/_workings/resource/GTEv8//GTExv8.EUR.Brain_Hippocampus/ENSG00000218672.1.wgt.RDat	ENSG00000218672.1	7	155382075	155382076	0.7176	rs167020	-4.58	rs4716545	0.48971	-8.62	-0.31276	565	15	enet	0.5	3.6e-24	0.07129	0.943
Brain_Hippocampus	/media/kame/Data/_workings/resource/GTEv8//GTExv8.EUR.Brain_Hippocampus/ENSG00000260426.1.wgt.RDat	ENSG00000260426.1	7	155399921	155399922	0.8197	rs167020	-4.58	rs4716545	0.504958	-8.76	-0.31276	559	5	enet	0.51	8e-25	0.33826	0.735
Brain_Hippocampus	/media/kame/Data/_workings/resource/GTEv8//GTExv8.EUR.Brain_Hippocampus/ENSG00000228569.1.wgt.RDat	ENSG00000228569.1	7	156435832	156435833	0.3017	rs2305944	-5.02	rs9692321	0.00315	-4.01	-1.63935	497	31	enet	0.088	0.00014	0.95049	0.342
Brain_Hippocampus	/media/kame/Data/_workings/resource/GTEv8//GTExv8.EUR.Brain_Hippocampus/ENSG00000233878.1.wgt.RDat	ENSG00000233878.1	7	156445587	156445588	0.2622	rs2305944	-5.02	rs6959837	-0.000659	3.39	1.23763	491	40	enet	0.0042	0.2	0.97876	0.328
Brain_Hippocampus	/media/kame/Data/_workings/resource/GTEv8//GTExv8.EUR.Brain_Hippocampus/ENSG00000234450.1.wgt.RDat	ENSG00000234450.1	7	156633354	156633355	0.3316	rs17571054	-4.07	rs6459698	0.068009	3.89	-0.3539	470	25	enet	0.014	0.079	0.17367	0.862
Brain_Hippocampus	/media/kame/Data/_workings/resource/GTEv8//GTExv8.EUR.Brain_Hippocampus/ENSG00000182648.11.wgt.RDat	ENSG00000182648.11	7	156640653	156640654	0.3255	rs17571054	-4.07	rs4716438	0.133969	-5.78	-1.03439	463	13	enet	0.15	6e-07	0.50433	0.614
Brain_Hippocampus	/media/kame/Data/_workings/resource/GTEv8//GTExv8.EUR.Brain_Hippocampus/ENSG00000105982.16.wgt.RDat	ENSG00000105982.16	7	156640673	156640674	0.2143	rs17571054	-4.07	rs10242938	0.006439	-4.41	0.03852	463	4	enet	-0.005	0.61	-0.13349	0.894
Brain_Hippocampus	/media/kame/Data/_workings/resource/GTEv8//GTExv8.EUR.Brain_Hippocampus/ENSG00000146918.19.wgt.RDat	ENSG00000146918.19	7	158704828	158704829	0.2416	rs394862	-5.22	rs10282082	0.161986	-5.58	-0.47981	422	2	enet	0.12	6.1e-06	0.45499	0.649
Brain_Hippocampus	/media/kame/Data/_workings/resource/GTEv8//GTExv8.EUR.Brain_Hippocampus/ENSG00000117868.15.wgt.RDat	ENSG00000117868.15	7	158830252	158830253	0.1467	rs394862	-5.22	rs3816465	0.002835	3.43	0.06682	403	25	enet	-0.0037	0.5	0.01771	0.986
Brain_Hippocampus	/media/kame/Data/_workings/resource/GTEv8//GTExv8.EUR.Brain_Hippocampus/ENSG00000182366.9.wgt.RDat	ENSG00000182366.9	8	383173	383174	0.1602	rs3736436	-4.95	rs12674503	0.028334	-4.31	-0.318123	397	17	enet	0.0098	0.12	0.8284	0.407
Brain_Hippocampus	/media/kame/Data/_workings/resource/GTEv8//GTExv8.EUR.Brain_Hippocampus/ENSG00000282021.1.wgt.RDat	ENSG00000282021.1	8	1760446	1760447	0.4946	rs10866924	8.4	rs6558533	0.248628	6.27	0.857891	731	19	enet	0.2	8.6e-09	0.3239	0.746
Brain_Hippocampus	/media/kame/Data/_workings/resource/GTEv8//GTExv8.EUR.Brain_Hippocampus/ENSG00000253982.1.wgt.RDat	ENSG00000253982.1	8	1764501	1764502	0.4765	rs10866924	8.41	rs6558533	0.120038	-4.88	0.857891	729	49	enet	0.1	4.6e-05	0.1934	0.847
Brain_Hippocampus	/media/kame/Data/_workings/resource/GTEv8//GTExv8.EUR.Brain_Hippocampus/ENSG00000104728.15.wgt.RDat	ENSG00000104728.15	8	1823975	1823976	0.5311	rs10866924	8.62	rs12546965	0.205877	5.77	0.021316	683	16	enet	0.11	1.5e-05	0.5825	0.56
Brain_Hippocampus	/media/kame/Data/_workings/resource/GTEv8//GTExv8.EUR.Brain_Hippocampus/ENSG00000036448.9.wgt.RDat	ENSG00000036448.9	8	2045039	2045040	0.4794	rs10503173	5.92	rs10099190	0.162478	6.08	0.484049	631	7	enet	0.092	9.8e-05	0.201	0.841
Brain_Hippocampus	/media/kame/Data/_workings/resource/GTEv8//GTExv8.EUR.Brain_Hippocampus/ENSG00000277526.4.wgt.RDat	ENSG00000277526.4	8	2623381	2623382	0.4066	rs10503173	5.92	rs7464795	0.187627	5.89	-1.547312	619	5	enet	0.18	5.4e-08	-1.5064	0.132
Brain_Hippocampus	/media/kame/Data/_workings/resource/GTEv8//GTExv8.EUR.Brain_Hippocampus/ENSG00000271743.1.wgt.RDat	ENSG00000271743.1	8	6617197	6617198	0.4829	rs10086142	-5.01	rs11137038	0.037989	-5.11	1.242114	892	26	enet	0.26	2.6e-11	-0.7792	0.436
Brain_Hippocampus	/media/kame/Data/_workings/resource/GTEv8//GTExv8.EUR.Brain_Hippocampus/ENSG00000249898.7.wgt.RDat	ENSG00000249898.7	8	6708208	6708209	0.4082	rs10086142	-5.01	rs2912010	0.107194	5.13	0.697382	801	20	enet	0.16	3.5e-07	0.0363	0.971
Brain_Hippocampus	/media/kame/Data/_workings/resource/GTEv8//GTExv8.EUR.Brain_Hippocampus/ENSG00000253893.2.wgt.RDat	ENSG00000253893.2	8	8226613	8226614	0.4589	rs11991607	-6.14	rs2945230	0.388826	-8.38	1.064779	322	23	enet	0.39	5.4e-18	0.5888	0.556
Brain_Hippocampus	/media/kame/Data/_workings/resource/GTEv8//GTExv8.EUR.Brain_Hippocampus/ENSG00000173295.7.wgt.RDat	ENSG00000173295.7	8	8228594	8228595	0.1871	rs11991607	-6.14	rs2945230	0.126515	-5.66	1.064779	326	9	enet	0.15	6.9e-07	0.9848	0.325
Brain_Hippocampus	/media/kame/Data/_workings/resource/GTEv8//GTExv8.EUR.Brain_Hippocampus/ENSG00000233609.3.wgt.RDat	ENSG00000233609.3	8	8961199	8961200	0.2324	rs9693857	9.34	rs17154995	0.16075	6.13	-1.730533	703	28	enet	0.18	3.3e-08	-2.3622	0.0182
Brain_Hippocampus	/media/kame/Data/_workings/resource/GTEv8//GTExv8.EUR.Brain_Hippocampus/ENSG00000173273.15.wgt.RDat	ENSG00000173273.15	8	9556520	9556521	0.2394	rs9693857	9.34	rs11249943	0.145632	-4.81	-1.668197	577	5	enet	0.061	0.0013	1.4291	0.153
Brain_Hippocampus	/media/kame/Data/_workings/resource/GTEv8//GTExv8.EUR.Brain_Hippocampus/ENSG00000175806.14.wgt.RDat	ENSG00000175806.14	8	10054267	10054268	0.3093	rs11249991	7.22	rs7833387	0.088949	5.17	3.572964	614	26	enet	0.071	0.00056	3.7678	0.000165
Brain_Hippocampus	/media/kame/Data/_workings/resource/GTEv8//GTExv8.EUR.Brain_Hippocampus/ENSG00000261451.1.wgt.RDat	ENSG00000261451.1	8	10433671	10433672	0.4466	rs11249991	7.22	rs4841339	0.245205	-6.17	4.19123	708	27	enet	0.22	1.2e-09	-2.0329	0.0421
Brain_Hippocampus	/media/kame/Data/_workings/resource/GTEv8//GTExv8.EUR.Brain_Hippocampus/ENSG00000253641.5.wgt.RDat	ENSG00000253641.5	8	10474564	10474565	0.2285	rs11249991	7.22	rs7016808	0.039706	-4.77	4.945367	708	9	enet	0.032	0.016	-4.4014	1.08e-05
Brain_Hippocampus	/media/kame/Data/_workings/resource/GTEv8//GTExv8.EUR.Brain_Hippocampus/ENSG00000253678.1.wgt.RDat	ENSG00000253678.1	8	10479374	10479375	0.3468	rs11249991	7.22	rs4840487	0.11457	5.71	1.15706	711	17	enet	0.17	6.4e-08	0.4451	0.656
Brain_Hippocampus	/media/kame/Data/_workings/resource/GTEv8//GTExv8.EUR.Brain_Hippocampus/ENSG00000272505.1.wgt.RDat	ENSG00000272505.1	8	10486806	10486807	0.5232	rs11249991	7.22	rs17767186	0.160202	6.17	-0.330926	709	25	enet	0.24	7.8e-11	-0.5521	0.581
Brain_Hippocampus	/media/kame/Data/_workings/resource/GTEv8//GTExv8.EUR.Brain_Hippocampus/ENSG00000184647.10.wgt.RDat	ENSG00000184647.10	8	10525545	10525546	0.5113	rs11249991	7.22	rs7842777	0.025498	4.13	0.653579	710	59	enet	0.052	0.0028	-1.4874	0.137
Brain_Hippocampus	/media/kame/Data/_workings/resource/GTEv8//GTExv8.EUR.Brain_Hippocampus/ENSG00000269918.1.wgt.RDat	ENSG00000269918.1	8	11106703	11106704	0.0997	rs7813802	-6.09	rs10093774	0.005485	3.96	-1.253785	630	20	enet	0.014	0.08	0.265	0.791
Brain_Hippocampus	/media/kame/Data/_workings/resource/GTEv8//GTExv8.EUR.Brain_Hippocampus/ENSG00000280273.2.wgt.RDat	ENSG00000280273.2	8	11284414	11284415	0.3086	rs11787217	6.23	rs9286062	0.26082	-6.63	-3.399124	645	18	enet	0.29	9.6e-13	1.4758	0.14
Brain_Hippocampus	/media/kame/Data/_workings/resource/GTEv8//GTExv8.EUR.Brain_Hippocampus/ENSG00000177710.5.wgt.RDat	ENSG00000177710.5	8	11330887	11330888	0.2638	rs11787217	6.23	rs2409805	0.057516	-4.93	0.115684	637	21	enet	0.11	2e-05	-1.0058	0.314
Brain_Hippocampus	/media/kame/Data/_workings/resource/GTEv8//GTExv8.EUR.Brain_Hippocampus/ENSG00000255020.1.wgt.RDat	ENSG00000255020.1	8	11347501	11347502	0.398	rs11787217	6.23	rs1435277	0.261174	-6.9	-1.642383	636	28	enet	0.24	1.7e-10	-0.058	0.954
Brain_Hippocampus	/media/kame/Data/_workings/resource/GTEv8//GTExv8.EUR.Brain_Hippocampus/ENSG00000184608.8.wgt.RDat	ENSG00000184608.8	8	11390423	11390424	0.2418	rs11787217	6.23	rs2736280	0.106773	-5.34	-3.023116	633	13	enet	0.16	2.6e-07	1.2539	0.21
Brain_Hippocampus	/media/kame/Data/_workings/resource/GTEv8//GTExv8.EUR.Brain_Hippocampus/ENSG00000154319.14.wgt.RDat	ENSG00000154319.14	8	11474714	11474715	0.3393	rs11787217	6.23	rs3021517	0.102604	4.98	-0.493183	623	32	enet	0.098	5.7e-05	-1.1398	0.254
Brain_Hippocampus	/media/kame/Data/_workings/resource/GTEv8//GTExv8.EUR.Brain_Hippocampus/ENSG00000154328.15.wgt.RDat	ENSG00000154328.15	8	11769638	11769639	0.2034	rs11787217	6.23	rs2686206	0.119188	4.92	-0.313206	474	34	enet	0.1	4.3e-05	-0.1526	0.879
Brain_Hippocampus	/media/kame/Data/_workings/resource/GTEv8//GTExv8.EUR.Brain_Hippocampus/ENSG00000254507.2.wgt.RDat	ENSG00000254507.2	8	12004081	12004082	0.2041	rs11787217	6.23	rs12676145	0.203824	6.07	-1.11108	314	15	enet	0.23	3.4e-10	-0.7001	0.484
Brain_Hippocampus	/media/kame/Data/_workings/resource/GTEv8//GTExv8.EUR.Brain_Hippocampus/ENSG00000254866.2.wgt.RDat	ENSG00000254866.2	8	12151133	12151134	0.1356	rs3779663	5.3	rs12550733	0.09596	4.44	-0.655575	214	5	enet	0.075	0.00041	0.0678	0.946
Brain_Hippocampus	/media/kame/Data/_workings/resource/GTEv8//GTExv8.EUR.Brain_Hippocampus/ENSG00000249889.1.wgt.RDat	ENSG00000249889.1	8	12178696	12178697	0.0851	rs3779663	5.3	rs4841662	0.01102	4.08	-1.045595	206	8	enet	0.049	0.0038	0.3589	0.72
Brain_Hippocampus	/media/kame/Data/_workings/resource/GTEv8//GTExv8.EUR.Brain_Hippocampus/ENSG00000255495.1.wgt.RDat	ENSG00000255495.1	8	12194466	12194467	0.2932	rs3779663	5.3	rs13276433	0.029877	-4.41	0.879256	201	12	enet	0.046	0.0047	-0.334	0.738
Brain_Hippocampus	/media/kame/Data/_workings/resource/GTEv8//GTExv8.EUR.Brain_Hippocampus/ENSG00000227888.4.wgt.RDat	ENSG00000227888.4	8	12362018	12362019	0.4647	rs12548697	-4.72	rs11250186	0.442845	-8.17	-0.870602	174	21	enet	0.41	5.3e-19	0.6149	0.539
Brain_Hippocampus	/media/kame/Data/_workings/resource/GTEv8//GTExv8.EUR.Brain_Hippocampus/ENSG00000255556.2.wgt.RDat	ENSG00000255556.2	8	12380264	12380265	0.1729	rs12548697	-4.72	rs11250186	0.043193	-4.24	-0.870602	179	37	enet	-0.0019	0.4	0.0302	0.976
Brain_Hippocampus	/media/kame/Data/_workings/resource/GTEv8//GTExv8.EUR.Brain_Hippocampus/ENSG00000251402.3.wgt.RDat	ENSG00000251402.3	8	12418089	12418090	0.2343	rs1915480	-5.24	rs7463440	0.023262	-3.83	0.776083	189	14	enet	0.077	0.00034	-0.2948	0.768
Brain_Hippocampus	/media/kame/Data/_workings/resource/GTEv8//GTExv8.EUR.Brain_Hippocampus/ENSG00000270154.1.wgt.RDat	ENSG00000270154.1	8	12476461	12476462	0.1855	rs2946511	-6.46	rs2460349	-0.005827	-3.12	-3.567926	191	25	enet	0.044	0.0058	-0.826	0.409
Brain_Hippocampus	/media/kame/Data/_workings/resource/GTEv8//GTExv8.EUR.Brain_Hippocampus/ENSG00000104723.20.wgt.RDat	ENSG00000104723.20	8	15417214	15417215	0.1902	rs7812857	3.57	rs168474	0.149957	-4.95	-0.305634	823	2	enet	0.086	0.00016	0.3293	0.742
Brain_Hippocampus	/media/kame/Data/_workings/resource/GTEv8//GTExv8.EUR.Brain_Hippocampus/ENSG00000198791.11.wgt.RDat	ENSG00000198791.11	8	17246569	17246570	0.3742	rs7845103	-6.43	rs11786260	0.042767	4.04	-2.126283	740	12	enet	0.092	9.3e-05	-0.5152	0.606
Brain_Hippocampus	/media/kame/Data/_workings/resource/GTEv8//GTExv8.EUR.Brain_Hippocampus/ENSG00000129422.14.wgt.RDat	ENSG00000129422.14	8	17800916	17800917	0.5993	rs2739726	-5.85	rs17590021	0.253351	-7.04	0.5488	876	11	enet	0.32	4.2e-14	-0.2177	0.828
Brain_Hippocampus	/media/kame/Data/_workings/resource/GTEv8//GTExv8.EUR.Brain_Hippocampus/ENSG00000253671.1.wgt.RDat	ENSG00000253671.1	8	17808940	17808941	0.2427	rs2739726	-5.85	rs2517289	0.088773	4.7	-2.160442	870	7	enet	0.069	0.00069	-1.417	0.156
Brain_Hippocampus	/media/kame/Data/_workings/resource/GTEv8//GTExv8.EUR.Brain_Hippocampus/ENSG00000078674.17.wgt.RDat	ENSG00000078674.17	8	17922839	17922840	0.5809	rs2739726	-5.85	rs478420	0.260597	6.37	-1.934142	872	19	enet	0.28	3.3e-12	-0.5657	0.572
Brain_Hippocampus	/media/kame/Data/_workings/resource/GTEv8//GTExv8.EUR.Brain_Hippocampus/ENSG00000147408.14.wgt.RDat	ENSG00000147408.14	8	19758028	19758029	0.3329	rs6999473	4.64	rs11785649	0.192284	6.03	0.025086	674	16	enet	0.24	1e-10	0.027	0.978
Brain_Hippocampus	/media/kame/Data/_workings/resource/GTEv8//GTExv8.EUR.Brain_Hippocampus/ENSG00000254092.1.wgt.RDat	ENSG00000254092.1	8	20973795	20973796	0.2409	rs12544351	9.01	rs17576248	-0.004162	3.26	0.044518	631	46	enet	0.0015	0.27	-0.3662	0.714
Brain_Hippocampus	/media/kame/Data/_workings/resource/GTEv8//GTExv8.EUR.Brain_Hippocampus/ENSG00000120910.14.wgt.RDat	ENSG00000120910.14	8	22440818	22440819	0.262	rs17088737	-7.41	rs2461493	0.137468	-4.85	0.172523	524	26	enet	0.042	0.0068	0.0193	0.985
Brain_Hippocampus	/media/kame/Data/_workings/resource/GTEv8//GTExv8.EUR.Brain_Hippocampus/ENSG00000120896.13.wgt.RDat	ENSG00000120896.13	8	22544985	22544986	0.1686	rs17088737	-7.41	rs2249098	0.05695	4.29	0.01182	527	5	enet	0.05	0.0036	-0.0563	0.955
Brain_Hippocampus	/media/kame/Data/_workings/resource/GTEv8//GTExv8.EUR.Brain_Hippocampus/ENSG00000120913.23.wgt.RDat	ENSG00000120913.23	8	22578278	22578279	0.2831	rs17088737	-7.41	rs746011	0.063278	-4	-0.822564	529	13	enet	0.033	0.014	0.8649	0.387
Brain_Hippocampus	/media/kame/Data/_workings/resource/GTEv8//GTExv8.EUR.Brain_Hippocampus/ENSG00000241852.9.wgt.RDat	ENSG00000241852.9	8	22599600	22599601	0.2213	rs17088737	-7.41	rs10104039	0.023334	4.33	-1.251627	522	46	enet	0.022	0.038	-2.046	0.0408
Brain_Hippocampus	/media/kame/Data/_workings/resource/GTEv8//GTExv8.EUR.Brain_Hippocampus/ENSG00000248738.6.wgt.RDat	ENSG00000248738.6	8	22877971	22877972	0.3031	rs2280935	7.9	rs2466177	0.10058	-5	0.314128	576	15	enet	0.15	7.2e-07	-0.5265	0.599
Brain_Hippocampus	/media/kame/Data/_workings/resource/GTEv8//GTExv8.EUR.Brain_Hippocampus/ENSG00000134020.7.wgt.RDat	ENSG00000134020.7	8	22941335	22941336	0.4342	rs2280935	7.9	rs2175192	0.123233	-5.42	-0.070716	581	29	enet	0.18	4e-08	-0.5387	0.59
Brain_Hippocampus	/media/kame/Data/_workings/resource/GTEv8//GTExv8.EUR.Brain_Hippocampus/ENSG00000228451.3.wgt.RDat	ENSG00000228451.3	8	26382896	26382897	0.4151	rs424422	8.31	rs17055196	0.142874	5.75	-0.420695	663	25	enet	0.21	1.9e-09	-0.6435	0.52
Brain_Hippocampus	/media/kame/Data/_workings/resource/GTEv8//GTExv8.EUR.Brain_Hippocampus/ENSG00000015592.16.wgt.RDat	ENSG00000015592.16	8	27258419	27258420	0.6631	rs4291226	-8.58	rs17366947	0.512483	-8.92	-1.786514	630	8	enet	0.48	6.7e-23	1.4052	0.16
Brain_Hippocampus	/media/kame/Data/_workings/resource/GTEv8//GTExv8.EUR.Brain_Hippocampus/ENSG00000104228.12.wgt.RDat	ENSG00000104228.12	8	27311318	27311319	0.572	rs4291226	-8.58	rs17366947	0.228403	-6.42	-1.786514	625	38	enet	0.21	1.6e-09	0.3434	0.731
Brain_Hippocampus	/media/kame/Data/_workings/resource/GTEv8//GTExv8.EUR.Brain_Hippocampus/ENSG00000120903.12.wgt.RDat	ENSG00000120903.12	8	27479882	27479883	0.2034	rs4291226	-8.58	rs752993	-0.004301	3.58	-3.295791	641	7	enet	-0.0015	0.38	-2.3871	0.017
Brain_Hippocampus	/media/kame/Data/_workings/resource/GTEv8//GTExv8.EUR.Brain_Hippocampus/ENSG00000120915.13.wgt.RDat	ENSG00000120915.13	8	27490778	27490779	0.2597	rs4291226	-8.58	rs1042064	0.193684	5.54	-0.217546	636	5	enet	0.17	7.8e-08	-0.0383	0.969
Brain_Hippocampus	/media/kame/Data/_workings/resource/GTEv8//GTExv8.EUR.Brain_Hippocampus/ENSG00000147419.17.wgt.RDat	ENSG00000147419.17	8	27772652	27772653	0.3876	rs4291226	-8.58	rs10102309	0.211142	5.93	-1.730035	627	77	enet	0.23	2.5e-10	-1.455	0.146
Brain_Hippocampus	/media/kame/Data/_workings/resource/GTEv8//GTExv8.EUR.Brain_Hippocampus/ENSG00000134014.16.wgt.RDat	ENSG00000134014.16	8	28089672	28089673	0.3399	rs1001866	-4.51	rs13251987	0.234331	6.35	0.213341	564	30	enet	0.19	1.7e-08	0.0834	0.934
Brain_Hippocampus	/media/kame/Data/_workings/resource/GTEv8//GTExv8.EUR.Brain_Hippocampus/ENSG00000104660.17.wgt.RDat	ENSG00000104660.17	8	30095397	30095398	0.2369	rs17472697	-5.91	rs11985384	0.097096	-4.64	-1.64906	377	21	enet	0.056	0.002	2.4707	0.0135
Brain_Hippocampus	/media/kame/Data/_workings/resource/GTEv8//GTExv8.EUR.Brain_Hippocampus/ENSG00000085788.13.wgt.RDat	ENSG00000085788.13	8	38225217	38225218	0.1949	rs4956542	-4.27	rs12677998	0.114957	4.31	-0.391501	277	8	enet	0.04	0.0084	0.4045	0.686
Brain_Hippocampus	/media/kame/Data/_workings/resource/GTEv8//GTExv8.EUR.Brain_Hippocampus/ENSG00000147535.16.wgt.RDat	ENSG00000147535.16	8	38269242	38269243	0.1518	rs4956542	-4.27	rs16887244	-0.00635	3.21	1.171821	287	20	enet	0.0064	0.16	-0.756	0.45
Brain_Hippocampus	/media/kame/Data/_workings/resource/GTEv8//GTExv8.EUR.Brain_Hippocampus/ENSG00000104332.11.wgt.RDat	ENSG00000104332.11	8	41309496	41309497	0.3238	rs2353240	-6.05	rs919033	0.163149	-5.17	2.43674	467	10	enet	0.058	0.0017	-2.3837	0.0171
Brain_Hippocampus	/media/kame/Data/_workings/resource/GTEv8//GTExv8.EUR.Brain_Hippocampus/ENSG00000147533.16.wgt.RDat	ENSG00000147533.16	8	41490395	41490396	0.4956	rs7843105	-4.37	rs1425781	0.298001	-6.98	2.472822	432	5	enet	0.3	2.4e-13	-2.3795	0.0173
Brain_Hippocampus	/media/kame/Data/_workings/resource/GTEv8//GTExv8.EUR.Brain_Hippocampus/ENSG00000253943.1.wgt.RDat	ENSG00000253943.1	8	41511239	41511240	0.1689	rs7843105	-4.37	rs16890610	0.003404	3.12	-0.272166	428	26	enet	0.046	0.0049	-0.2665	0.79
Brain_Hippocampus	/media/kame/Data/_workings/resource/GTEv8//GTExv8.EUR.Brain_Hippocampus/ENSG00000176209.11.wgt.RDat	ENSG00000176209.11	8	42541711	42541712	0.2807	rs2974342	5.04	rs4737048	0.211484	6.05	3.820561	257	15	enet	0.16	1.9e-07	2.5639	0.0104
Brain_Hippocampus	/media/kame/Data/_workings/resource/GTEv8//GTExv8.EUR.Brain_Hippocampus/ENSG00000253502.1.wgt.RDat	ENSG00000253502.1	8	47194346	47194347	0.0991	rs16930230	-5.43	rs7017506	0.114862	4.91	-1.713111	151	12	enet	0.079	0.00029	-1.8082	0.0706
Brain_Hippocampus	/media/kame/Data/_workings/resource/GTEv8//GTExv8.EUR.Brain_Hippocampus/ENSG00000253817.1.wgt.RDat	ENSG00000253817.1	8	47198322	47198323	0.0751	rs16930230	-5.43	rs6558205	0.03499	4.07	-0.536018	151	12	enet	0.052	0.0028	-1.6972	0.0897
Brain_Hippocampus	/media/kame/Data/_workings/resource/GTEv8//GTExv8.EUR.Brain_Hippocampus/ENSG00000034239.10.wgt.RDat	ENSG00000034239.10	8	48735310	48735311	0.3699	rs182914	5.39	rs12548278	0.234523	6.12	-2.507751	292	12	enet	0.25	3.5e-11	-2.0079	0.0447
Brain_Hippocampus	/media/kame/Data/_workings/resource/GTEv8//GTExv8.EUR.Brain_Hippocampus/ENSG00000254087.7.wgt.RDat	ENSG00000254087.7	8	55879812	55879813	0.2473	rs2658917	8.12	rs4407861	-0.006752	-3.64	2.559841	394	16	enet	0.028	0.022	-0.078	0.938
Brain_Hippocampus	/media/kame/Data/_workings/resource/GTEv8//GTExv8.EUR.Brain_Hippocampus/ENSG00000236814.1.wgt.RDat	ENSG00000236814.1	8	56051206	56051207	0.1657	rs7341548	7	rs17813703	0.111234	-4.61	0.852548	368	19	enet	0.087	0.00015	0.3784	0.705
Brain_Hippocampus	/media/kame/Data/_workings/resource/GTEv8//GTExv8.EUR.Brain_Hippocampus/ENSG00000008988.9.wgt.RDat	ENSG00000008988.9	8	56074580	56074581	0.2166	rs7341548	7	rs17814089	0.007136	3.54	-0.028926	369	12	enet	0.0059	0.17	-1.9347	0.053
Brain_Hippocampus	/media/kame/Data/_workings/resource/GTEv8//GTExv8.EUR.Brain_Hippocampus/ENSG00000215117.5.wgt.RDat	ENSG00000215117.5	8	57279542	57279543	0.2758	rs10109157	5.18	rs903717	0.166089	5.99	0.004215	399	26	enet	0.15	6.8e-07	-0.1071	0.915
Brain_Hippocampus	/media/kame/Data/_workings/resource/GTEv8//GTExv8.EUR.Brain_Hippocampus/ENSG00000215114.8.wgt.RDat	ENSG00000215114.8	8	58411263	58411264	0.1996	rs1122328	3.53	rs13277646	0.136627	-4.93	-0.615847	508	10	enet	0.098	5.9e-05	0.6033	0.546
Brain_Hippocampus	/media/kame/Data/_workings/resource/GTEv8//GTExv8.EUR.Brain_Hippocampus/ENSG00000251396.6.wgt.RDat	ENSG00000251396.6	8	60516794	60516795	0.1759	rs6471873	6.05	rs6471880	0.076856	4.57	3.607971	401	6	enet	0.08	0.00026	1.3927	0.164
Brain_Hippocampus	/media/kame/Data/_workings/resource/GTEv8//GTExv8.EUR.Brain_Hippocampus/ENSG00000137563.11.wgt.RDat	ENSG00000137563.11	8	63039170	63039171	0.3115	rs1560506	-8.87	rs10504360	0.126813	5.42	0.888202	398	31	enet	0.17	6.4e-08	0.0853	0.932
Brain_Hippocampus	/media/kame/Data/_workings/resource/GTEv8//GTExv8.EUR.Brain_Hippocampus/ENSG00000254081.1.wgt.RDat	ENSG00000254081.1	8	65562779	65562780	0.4862	rs10095326	4.67	rs4320587	0.218151	-6.63	0.692311	359	31	enet	0.26	2.6e-11	-0.2414	0.809
Brain_Hippocampus	/media/kame/Data/_workings/resource/GTEv8//GTExv8.EUR.Brain_Hippocampus/ENSG00000272010.1.wgt.RDat	ENSG00000272010.1	8	65592471	65592472	0.3504	rs10095326	4.67	rs13281090	0.199726	-6.22	0.622958	356	26	enet	0.21	1.6e-09	-0.6	0.549
Brain_Hippocampus	/media/kame/Data/_workings/resource/GTEv8//GTExv8.EUR.Brain_Hippocampus/ENSG00000104442.9.wgt.RDat	ENSG00000104442.9	8	65634216	65634217	0.3833	rs10095326	4.67	rs6995242	0.244217	6.38	0.122294	358	7	enet	0.2	3.9e-09	1.1801	0.238
Brain_Hippocampus	/media/kame/Data/_workings/resource/GTEv8//GTExv8.EUR.Brain_Hippocampus/ENSG00000147576.15.wgt.RDat	ENSG00000147576.15	8	66432485	66432486	0.687	rs7837333	3.64	rs1060242	0.401975	-7.89	-0.014919	297	50	enet	0.37	1.1e-16	-0.2492	0.803
Brain_Hippocampus	/media/kame/Data/_workings/resource/GTEv8//GTExv8.EUR.Brain_Hippocampus/ENSG00000221947.7.wgt.RDat	ENSG00000221947.7	8	70669364	70669365	0.2974	rs4738088	4.42	rs7814274	0.331991	-7.28	-0.003309	308	10	enet	0.28	2.5e-12	0.1213	0.903
Brain_Hippocampus	/media/kame/Data/_workings/resource/GTEv8//GTExv8.EUR.Brain_Hippocampus/ENSG00000182674.5.wgt.RDat	ENSG00000182674.5	8	72537390	72537391	0.2192	rs2701455	-4.48	rs922772	0.000985	3.75	-0.52667	516	23	enet	0.047	0.0045	-1.4378	0.151
Brain_Hippocampus	/media/kame/Data/_workings/resource/GTEv8//GTExv8.EUR.Brain_Hippocampus/ENSG00000164764.10.wgt.RDat	ENSG00000164764.10	8	73124087	73124088	0.1642	rs13266042	-6.18	rs11992993	0.139556	4.9	0.467036	574	11	enet	0.11	1.5e-05	0.3829	0.702
Brain_Hippocampus	/media/kame/Data/_workings/resource/GTEv8//GTExv8.EUR.Brain_Hippocampus/ENSG00000104343.19.wgt.RDat	ENSG00000104343.19	8	73878909	73878910	0.1498	rs16938741	7.68	rs7825326	0.040512	4.18	6.496414	462	16	enet	0.036	0.012	4.9227	8.54e-07
Brain_Hippocampus	/media/kame/Data/_workings/resource/GTEv8//GTExv8.EUR.Brain_Hippocampus/ENSG00000104369.4.wgt.RDat	ENSG00000104369.4	8	74321327	74321328	0.3222	rs16938741	7.68	rs2977054	0.168178	5.78	-0.487295	401	16	enet	0.16	3.6e-07	-0.0326	0.974
Brain_Hippocampus	/media/kame/Data/_workings/resource/GTEv8//GTExv8.EUR.Brain_Hippocampus/ENSG00000270866.1.wgt.RDat	ENSG00000270866.1	8	76403997	76403998	0.227	rs11782906	-5.58	rs12681744	0.016541	3.62	0.275333	330	54	enet	-0.0024	0.42	-0.6901	0.49
Brain_Hippocampus	/media/kame/Data/_workings/resource/GTEv8//GTExv8.EUR.Brain_Hippocampus/ENSG00000260398.1.wgt.RDat	ENSG00000260398.1	8	78605951	78605952	0.2456	rs17485419	9.83	rs6990845	0.121057	5.33	0.908393	328	12	enet	0.17	7.8e-08	-0.0549	0.956
Brain_Hippocampus	/media/kame/Data/_workings/resource/GTEv8//GTExv8.EUR.Brain_Hippocampus/ENSG00000254352.1.wgt.RDat	ENSG00000254352.1	8	78724135	78724136	0.1272	rs17485419	9.83	rs1441438	0.113142	-4.22	-0.812078	320	13	enet	0.084	0.00019	0.8763	0.381
Brain_Hippocampus	/media/kame/Data/_workings/resource/GTEv8//GTExv8.EUR.Brain_Hippocampus/ENSG00000249328.2.wgt.RDat	ENSG00000249328.2	8	79871758	79871759	0.2409	rs2467782	-6.41	rs17456596	0.000751	3.42	0.043924	373	5	enet	-0.0033	0.48	-0.1017	0.919
Brain_Hippocampus	/media/kame/Data/_workings/resource/GTEv8//GTExv8.EUR.Brain_Hippocampus/ENSG00000133731.9.wgt.RDat	ENSG00000133731.9	8	81686692	81686693	0.4484	rs3824088	-6.77	rs2142316	0.225573	-6.01	-0.43729	343	17	enet	0.17	8.5e-08	0.2567	0.797
Brain_Hippocampus	/media/kame/Data/_workings/resource/GTEv8//GTExv8.EUR.Brain_Hippocampus/ENSG00000104231.10.wgt.RDat	ENSG00000104231.10	8	81732880	81732881	0.2512	rs3824088	-6.77	rs1844358	0.07791	-5.01	-0.679032	340	26	enet	0.15	5.3e-07	-0.3741	0.708
Brain_Hippocampus	/media/kame/Data/_workings/resource/GTEv8//GTExv8.EUR.Brain_Hippocampus/ENSG00000104497.13.wgt.RDat	ENSG00000104497.13	8	81842865	81842866	0.3412	rs3824088	-6.77	rs4272332	0.272019	-6.52	-1.058881	313	13	enet	0.22	8.4e-10	0.9953	0.32
Brain_Hippocampus	/media/kame/Data/_workings/resource/GTEv8//GTExv8.EUR.Brain_Hippocampus/ENSG00000133739.15.wgt.RDat	ENSG00000133739.15	8	85107146	85107147	0.441	rs6991900	-4.52	rs16913600	0.111734	-5.72	0.290398	262	10	enet	0.26	1.2e-11	-0.6771	0.498
Brain_Hippocampus	/media/kame/Data/_workings/resource/GTEv8//GTExv8.EUR.Brain_Hippocampus/ENSG00000185015.7.wgt.RDat	ENSG00000185015.7	8	85220586	85220587	0.0814	rs6991900	-4.52	rs4150909	0.001158	3.21	-0.170452	247	3	enet	0.0082	0.14	-0.7177	0.473
Brain_Hippocampus	/media/kame/Data/_workings/resource/GTEv8//GTExv8.EUR.Brain_Hippocampus/ENSG00000253549.5.wgt.RDat	ENSG00000253549.5	8	85464914	85464915	0.3322	rs17814594	-3.96	rs6988475	0.20639	-5.91	0.184449	185	32	enet	0.2	6.7e-09	-0.3961	0.692
Brain_Hippocampus	/media/kame/Data/_workings/resource/GTEv8//GTExv8.EUR.Brain_Hippocampus/ENSG00000176623.11.wgt.RDat	ENSG00000176623.11	8	86514356	86514357	0.6365	rs16916239	6.64	rs7837569	0.435675	8.23	0.64225	440	47	enet	0.47	2.3e-22	0.4999	0.617
Brain_Hippocampus	/media/kame/Data/_workings/resource/GTEv8//GTExv8.EUR.Brain_Hippocampus/ENSG00000164823.9.wgt.RDat	ENSG00000164823.9	8	89901858	89901859	0.1628	rs16900627	6.71	rs40459	0.076125	-4.72	0.606947	361	19	enet	0.057	0.0019	-1.0263	0.305
Brain_Hippocampus	/media/kame/Data/_workings/resource/GTEv8//GTExv8.EUR.Brain_Hippocampus/ENSG00000253738.1.wgt.RDat	ENSG00000253738.1	8	91070188	91070189	0.3959	rs10112439	9.25	rs6999873	0.076448	-4.93	-2.160232	296	11	enet	0.11	2e-05	3.0378	0.00238
Brain_Hippocampus	/media/kame/Data/_workings/resource/GTEv8//GTExv8.EUR.Brain_Hippocampus/ENSG00000280123.1.wgt.RDat	ENSG00000280123.1	8	94429887	94429888	0.2124	rs2114212	4.85	rs2251734	-0.006735	-3.25	-1.025952	477	16	enet	-0.00048	0.34	1.14	0.254
Brain_Hippocampus	/media/kame/Data/_workings/resource/GTEv8//GTExv8.EUR.Brain_Hippocampus/ENSG00000104341.16.wgt.RDat	ENSG00000104341.16	8	97775056	97775057	0.2432	rs10955133	-6.61	rs11783750	0.019614	-4.38	0.073879	511	40	enet	0.094	8.2e-05	-1.7579	0.0788
Brain_Hippocampus	/media/kame/Data/_workings/resource/GTEv8//GTExv8.EUR.Brain_Hippocampus/ENSG00000174226.8.wgt.RDat	ENSG00000174226.8	8	100663414	100663415	0.5708	rs2469666	-4.92	rs1693551	0.441945	8.23	-0.023447	447	11	enet	0.41	8.1e-19	-0.0603	0.952
Brain_Hippocampus	/media/kame/Data/_workings/resource/GTEv8//GTExv8.EUR.Brain_Hippocampus/ENSG00000164929.16.wgt.RDat	ENSG00000164929.16	8	103140709	103140710	0.2353	rs2513905	4.53	rs7829782	0.054471	-4.53	-0.168017	472	10	enet	0.15	5.1e-07	1.5559	0.12
Brain_Hippocampus	/media/kame/Data/_workings/resource/GTEv8//GTExv8.EUR.Brain_Hippocampus/ENSG00000164934.13.wgt.RDat	ENSG00000164934.13	8	103414713	103414714	0.3332	rs4424225	-3.4	rs3133806	-0.006654	-3.78	-1.690796	413	84	enet	0.00017	0.31	-0.093	0.926
Brain_Hippocampus	/media/kame/Data/_workings/resource/GTEv8//GTExv8.EUR.Brain_Hippocampus/ENSG00000271830.1.wgt.RDat	ENSG00000271830.1	8	103481618	103481619	0.1301	rs4424225	-3.4	rs12544166	0.124098	4.77	-2.665627	400	6	enet	0.09	0.00012	-3.1188	0.00182
Brain_Hippocampus	/media/kame/Data/_workings/resource/GTEv8//GTExv8.EUR.Brain_Hippocampus/ENSG00000169946.13.wgt.RDat	ENSG00000169946.13	8	104590732	104590733	0.2119	rs10808393	-4.44	rs2085769	-0.006512	-3.44	-0.010029	433	16	enet	0.0042	0.2	-0.8576	0.391
Brain_Hippocampus	/media/kame/Data/_workings/resource/GTEv8//GTExv8.EUR.Brain_Hippocampus/ENSG00000104412.7.wgt.RDat	ENSG00000104412.7	8	108443600	108443601	0.1275	rs3808593	-5.76	rs747690	0.069384	-3.94	-0.199228	344	13	enet	0.009	0.13	-0.045	0.964
Brain_Hippocampus	/media/kame/Data/_workings/resource/GTEv8//GTExv8.EUR.Brain_Hippocampus/ENSG00000104447.12.wgt.RDat	ENSG00000104447.12	8	115809672	115809673	0.1765	rs231166	5.42	rs3808407	0.01797	3.47	0.158876	290	10	enet	0.014	0.083	0.0105	0.992
Brain_Hippocampus	/media/kame/Data/_workings/resource/GTEv8//GTExv8.EUR.Brain_Hippocampus/ENSG00000147679.11.wgt.RDat	ENSG00000147679.11	8	116766502	116766503	0.1757	rs12676238	9.8	rs16888728	0.098678	-4.93	0.557058	427	12	enet	0.083	0.00021	-0.5727	0.567
Brain_Hippocampus	/media/kame/Data/_workings/resource/GTEv8//GTExv8.EUR.Brain_Hippocampus/ENSG00000136982.5.wgt.RDat	ENSG00000136982.5	8	119856009	119856010	0.3531	rs6469890	8.66	rs7815122	0.21041	-6.45	-0.771661	453	20	enet	0.21	1.8e-09	1.0815	0.279
Brain_Hippocampus	/media/kame/Data/_workings/resource/GTEv8//GTExv8.EUR.Brain_Hippocampus/ENSG00000172167.7.wgt.RDat	ENSG00000172167.7	8	120445421	120445422	0.1692	rs6987352	9.91	rs7000801	0.105528	4.36	-1.936383	434	9	enet	0.048	0.004	-1.5338	0.125
Brain_Hippocampus	/media/kame/Data/_workings/resource/GTEv8//GTExv8.EUR.Brain_Hippocampus/ENSG00000156795.6.wgt.RDat	ENSG00000156795.6	8	123416724	123416725	0.2544	rs10089389	4.69	rs6999234	0.117127	-4.83	-0.377075	536	19	enet	0.12	8.3e-06	1.1699	0.242
Brain_Hippocampus	/media/kame/Data/_workings/resource/GTEv8//GTExv8.EUR.Brain_Hippocampus/ENSG00000245149.3.wgt.RDat	ENSG00000245149.3	8	124474575	124474576	0.2212	rs7010757	-9.35	rs4132855	-0.00385	-3.42	0.374856	521	9	enet	-0.004	0.53	0.0678	0.946
Brain_Hippocampus	/media/kame/Data/_workings/resource/GTEv8//GTExv8.EUR.Brain_Hippocampus/ENSG00000170873.18.wgt.RDat	ENSG00000170873.18	8	124728428	124728429	0.3462	rs7010757	-9.35	rs10111498	-0.002374	-3.56	-0.026647	509	32	enet	0.019	0.053	-0.669	0.503
Brain_Hippocampus	/media/kame/Data/_workings/resource/GTEv8//GTExv8.EUR.Brain_Hippocampus/ENSG00000253288.1.wgt.RDat	ENSG00000253288.1	8	138083569	138083570	0.3731	rs4620319	5.54	rs17636640	-0.00541	-3.89	0.489433	607	22	enet	0.0079	0.14	-0.5039	0.614
Brain_Hippocampus	/media/kame/Data/_workings/resource/GTEv8//GTExv8.EUR.Brain_Hippocampus/ENSG00000280303.2.wgt.RDat	ENSG00000280303.2	8	140636280	140636281	0.1452	rs938724	10.56	rs10081414	0.004639	3.08	-0.455393	366	17	enet	0.014	0.079	1.4841	0.138
Brain_Hippocampus	/media/kame/Data/_workings/resource/GTEv8//GTExv8.EUR.Brain_Hippocampus/ENSG00000169398.19.wgt.RDat	ENSG00000169398.19	8	141002215	141002216	0.1283	rs938724	10.56	rs11166995	0.006603	-3.58	9.370721	406	9	enet	-0.0068	0.99	-5.2174	1.81e-07
Brain_Hippocampus	/media/kame/Data/_workings/resource/GTEv8//GTExv8.EUR.Brain_Hippocampus/ENSG00000253210.1.wgt.RDat	ENSG00000253210.1	8	141129960	141129961	0.3381	rs938724	10.56	rs7814272	0.158438	-5.05	-0.264743	429	15	enet	0.13	4.9e-06	0.9009	0.368
Brain_Hippocampus	/media/kame/Data/_workings/resource/GTEv8//GTExv8.EUR.Brain_Hippocampus/ENSG00000261693.1.wgt.RDat	ENSG00000261693.1	8	142403651	142403652	0.4727	rs4129585	4.95	rs6583623	0.077547	-5.33	4.445155	440	33	enet	0.16	2.4e-07	-1.2427	0.214
Brain_Hippocampus	/media/kame/Data/_workings/resource/GTEv8//GTExv8.EUR.Brain_Hippocampus/ENSG00000167653.4.wgt.RDat	ENSG00000167653.4	8	142670307	142670308	0.3517	rs4129585	4.95	rs2920283	0.16971	5.46	0.364357	404	28	enet	0.19	1e-08	0.0522	0.958
Brain_Hippocampus	/media/kame/Data/_workings/resource/GTEv8//GTExv8.EUR.Brain_Hippocampus/ENSG00000234616.8.wgt.RDat	ENSG00000234616.8	8	142681919	142681920	0.1621	rs4129585	4.95	rs28473387	0.112895	4.28	1.46881	404	15	enet	0.049	0.0036	1.3679	0.171
Brain_Hippocampus	/media/kame/Data/_workings/resource/GTEv8//GTExv8.EUR.Brain_Hippocampus/ENSG00000160886.13.wgt.RDat	ENSG00000160886.13	8	142700110	142700111	0.2058	rs4129585	4.95	rs2585146	0.085719	4.78	-0.136699	398	22	enet	0.072	0.00055	-0.2381	0.812
Brain_Hippocampus	/media/kame/Data/_workings/resource/GTEv8//GTExv8.EUR.Brain_Hippocampus/ENSG00000253741.1.wgt.RDat	ENSG00000253741.1	8	142726972	142726973	0.4748	rs4129585	4.95	rs7822193	0.249819	-6.78	1.030329	402	15	enet	0.2	6e-09	-0.9829	0.326
Brain_Hippocampus	/media/kame/Data/_workings/resource/GTEv8//GTExv8.EUR.Brain_Hippocampus/ENSG00000130193.7.wgt.RDat	ENSG00000130193.7	8	142727202	142727203	0.236	rs4129585	4.95	rs1435453	0.13846	-4.93	1.515715	402	15	enet	0.096	6.7e-05	-1.707	0.0878
Brain_Hippocampus	/media/kame/Data/_workings/resource/GTEv8//GTExv8.EUR.Brain_Hippocampus/ENSG00000247317.3.wgt.RDat	ENSG00000247317.3	8	143018436	143018437	0.1099	rs439747	4.81	rs11984715	0.065819	4.2	0.413935	407	9	enet	0.013	0.088	-0.0211	0.983
Brain_Hippocampus	/media/kame/Data/_workings/resource/GTEv8//GTExv8.EUR.Brain_Hippocampus/ENSG00000177335.10.wgt.RDat	ENSG00000177335.10	8	143039208	143039209	0.2704	rs439747	4.81	rs7387207	0.010894	-3.71	0.197893	408	36	enet	0.019	0.053	-0.3704	0.711
Brain_Hippocampus	/media/kame/Data/_workings/resource/GTEv8//GTExv8.EUR.Brain_Hippocampus/ENSG00000277494.1.wgt.RDat	ENSG00000277494.1	8	143213192	143213193	0.33	rs439747	4.81	rs12676568	0.177098	5.58	0.721805	393	27	enet	0.12	7.6e-06	1.2156	0.224
Brain_Hippocampus	/media/kame/Data/_workings/resource/GTEv8//GTExv8.EUR.Brain_Hippocampus/ENSG00000253716.5.wgt.RDat	ENSG00000253716.5	8	143281689	143281690	0.3213	rs439747	4.81	rs6651422	0.220076	-6.21	0.157612	381	10	enet	0.23	4.3e-10	0.07	0.944
Brain_Hippocampus	/media/kame/Data/_workings/resource/GTEv8//GTExv8.EUR.Brain_Hippocampus/ENSG00000272172.1.wgt.RDat	ENSG00000272172.1	8	143290620	143290621	0.2388	rs439747	4.81	rs2450771	0.060525	4.31	-0.158645	379	14	enet	0.036	0.011	-2.9545	0.00313
Brain_Hippocampus	/media/kame/Data/_workings/resource/GTEv8//GTExv8.EUR.Brain_Hippocampus/ENSG00000184428.12.wgt.RDat	ENSG00000184428.12	8	143359978	143359979	0.227	rs13248022	3.73	rs11136284	0.027897	3.91	0.414226	369	25	enet	0.067	0.00078	0.7995	0.424
Brain_Hippocampus	/media/kame/Data/_workings/resource/GTEv8//GTExv8.EUR.Brain_Hippocampus/ENSG00000014164.6.wgt.RDat	ENSG00000014164.6	8	143541452	143541453	0.2403	rs11136344	4.73	rs11780582	0.026834	4.26	0.229155	349	14	enet	0.046	0.0048	-0.27	0.787
Brain_Hippocampus	/media/kame/Data/_workings/resource/GTEv8//GTExv8.EUR.Brain_Hippocampus/ENSG00000104518.10.wgt.RDat	ENSG00000104518.10	8	143553206	143553207	0.2862	rs11136344	4.73	rs7013633	0.245587	-6.15	-1.607155	349	16	enet	0.18	3.5e-08	0.6459	0.518
Brain_Hippocampus	/media/kame/Data/_workings/resource/GTEv8//GTExv8.EUR.Brain_Hippocampus/ENSG00000255050.1.wgt.RDat	ENSG00000255050.1	8	143573489	143573490	0.4568	rs11136344	4.73	rs10282929	0.214912	-5.94	0.449825	346	12	enet	0.17	7.2e-08	-0.236	0.813
Brain_Hippocampus	/media/kame/Data/_workings/resource/GTEv8//GTExv8.EUR.Brain_Hippocampus/ENSG00000147813.15.wgt.RDat	ENSG00000147813.15	8	143578356	143578357	0.8617	rs11136344	4.73	rs10282929	0.430988	-8.23	0.449825	347	39	enet	0.42	1.6e-19	0.5315	0.595
Brain_Hippocampus	/media/kame/Data/_workings/resource/GTEv8//GTExv8.EUR.Brain_Hippocampus/ENSG00000104524.13.wgt.RDat	ENSG00000104524.13	8	143609772	143609773	0.2681	rs11136344	4.73	rs2242086	-0.000177	-3.74	-0.334533	348	81	enet	0.073	0.00047	1.967	0.0492
Brain_Hippocampus	/media/kame/Data/_workings/resource/GTEv8//GTExv8.EUR.Brain_Hippocampus/ENSG00000254812.1.wgt.RDat	ENSG00000254812.1	8	143633755	143633756	0.3337	rs11136344	4.73	rs2242086	0.220847	-5.82	-0.334533	348	15	enet	0.19	2.3e-08	0.1984	0.843
Brain_Hippocampus	/media/kame/Data/_workings/resource/GTEv8//GTExv8.EUR.Brain_Hippocampus/ENSG00000181097.5.wgt.RDat	ENSG00000181097.5	8	143696153	143696154	0.4296	rs11136344	4.73	rs4875037	0.215865	-5.82	0.000571	332	14	enet	0.19	2.2e-08	0.0501	0.96
Brain_Hippocampus	/media/kame/Data/_workings/resource/GTEv8//GTExv8.EUR.Brain_Hippocampus/ENSG00000180921.6.wgt.RDat	ENSG00000180921.6	8	143733800	143733801	0.3364	rs11136344	4.73	rs28548729	0.006759	4.23	0.806696	314	22	enet	0.15	8.2e-07	0.7008	0.483
Brain_Hippocampus	/media/kame/Data/_workings/resource/GTEv8//GTExv8.EUR.Brain_Hippocampus/ENSG00000178209.14.wgt.RDat	ENSG00000178209.14	8	143976733	143976734	0.1244	rs11136344	4.73	rs6558408	0.115564	4.27	0.488656	297	7	enet	0.074	0.00045	-0.5213	0.602
Brain_Hippocampus	/media/kame/Data/_workings/resource/GTEv8//GTExv8.EUR.Brain_Hippocampus/ENSG00000179698.13.wgt.RDat	ENSG00000179698.13	8	144107725	144107726	0.597	rs11136344	4.73	rs13264654	0.346682	7.23	1.463738	264	8	enet	0.28	2.8e-12	1.2787	0.201
Brain_Hippocampus	/media/kame/Data/_workings/resource/GTEv8//GTExv8.EUR.Brain_Hippocampus/ENSG00000071894.16.wgt.RDat	ENSG00000071894.16	8	144409348	144409349	0.7776	rs11136344	4.73	rs2272666	0.49411	-9.3	0.040625	232	17	enet	0.58	6.5e-30	0.7666	0.443
Brain_Hippocampus	/media/kame/Data/_workings/resource/GTEv8//GTExv8.EUR.Brain_Hippocampus/ENSG00000160948.13.wgt.RDat	ENSG00000160948.13	8	144428562	144428563	0.3503	rs11136344	4.73	rs11992877	0.177946	5.47	-0.18898	229	3	enet	0.15	6.3e-07	0.8342	0.404
Brain_Hippocampus	/media/kame/Data/_workings/resource/GTEv8//GTExv8.EUR.Brain_Hippocampus/ENSG00000160949.16.wgt.RDat	ENSG00000160949.16	8	144444443	144444444	0.1667	rs11136344	4.73	rs12682512	0.148312	-5.32	1.017248	228	5	enet	0.1	4.8e-05	-1.0367	0.3
Brain_Hippocampus	/media/kame/Data/_workings/resource/GTEv8//GTExv8.EUR.Brain_Hippocampus/ENSG00000196378.11.wgt.RDat	ENSG00000196378.11	8	144787344	144787345	0.2018	rs2954675	3.75	rs5029824	0.098469	-5.27	-1.309311	212	16	enet	0.099	5e-05	0.967	0.334
Brain_Hippocampus	/media/kame/Data/_workings/resource/GTEv8//GTExv8.EUR.Brain_Hippocampus/ENSG00000197363.9.wgt.RDat	ENSG00000197363.9	8	144798875	144798876	0.2666	rs2954675	3.75	rs7833780	0.083916	4.33	-1.610684	207	18	enet	0.11	2.1e-05	-2.0339	0.042
Brain_Hippocampus	/media/kame/Data/_workings/resource/GTEv8//GTExv8.EUR.Brain_Hippocampus/ENSG00000170619.9.wgt.RDat	ENSG00000170619.9	8	144853735	144853736	0.1276	rs2954675	3.75	rs4407919	-0.005693	-3.16	1.522942	198	22	enet	-0.0011	0.36	-1.9657	0.0493
Brain_Hippocampus	/media/kame/Data/_workings/resource/GTEv8//GTExv8.EUR.Brain_Hippocampus/ENSG00000196922.10.wgt.RDat	ENSG00000196922.10	8	145000537	145000538	0.5545	rs2954675	3.75	rs7000385	0.093631	5.58	-0.859114	145	37	enet	0.32	2.8e-14	-0.6823	0.495
Brain_Hippocampus	/media/kame/Data/_workings/resource/GTEv8//GTExv8.EUR.Brain_Hippocampus/ENSG00000182307.12.wgt.RDat	ENSG00000182307.12	8	145052377	145052378	0.1739	rs2954675	3.75	rs6599566	0.030897	3.63	0.942129	130	31	enet	0.059	0.0015	-0.086	0.931
Brain_Hippocampus	/media/kame/Data/_workings/resource/GTEv8//GTExv8.EUR.Brain_Hippocampus/ENSG00000181404.15.wgt.RDat	ENSG00000181404.15	9	25003	25004	0.2176	rs17664774	3.54	rs10815034	-0.00644	-3.22	0.33183	303	10	enet	-0.00066	0.34	-1.34995	0.177
Brain_Hippocampus	/media/kame/Data/_workings/resource/GTEv8//GTExv8.EUR.Brain_Hippocampus/ENSG00000172785.18.wgt.RDat	ENSG00000172785.18	9	179146	179147	0.3621	rs17664774	3.54	rs3008110	0.19	5.59	0.33754	450	11	enet	0.18	4.7e-08	0.6569	0.511
Brain_Hippocampus	/media/kame/Data/_workings/resource/GTEv8//GTExv8.EUR.Brain_Hippocampus/ENSG00000107099.15.wgt.RDat	ENSG00000107099.15	9	220747	220748	0.2179	rs17664774	3.54	rs12156499	0.0341	4.22	-0.01596	490	28	enet	0.054	0.0025	1.22843	0.219
Brain_Hippocampus	/media/kame/Data/_workings/resource/GTEv8//GTExv8.EUR.Brain_Hippocampus/ENSG00000236404.8.wgt.RDat	ENSG00000236404.8	9	2622372	2622373	0.3123	rs4741732	-6.31	rs3793505	0.0199	4.03	0.79871	762	25	enet	0.04	0.0082	-0.10174	0.919
Brain_Hippocampus	/media/kame/Data/_workings/resource/GTEv8//GTExv8.EUR.Brain_Hippocampus/ENSG00000225408.1.wgt.RDat	ENSG00000225408.1	9	5720180	5720181	0.2513	rs7023227	-4.63	rs2150703	-0.00111	-3.51	0.02806	450	34	enet	0.0048	0.19	0.71166	0.477
Brain_Hippocampus	/media/kame/Data/_workings/resource/GTEv8//GTExv8.EUR.Brain_Hippocampus/ENSG00000099219.13.wgt.RDat	ENSG00000099219.13	9	5833116	5833117	0.2129	rs7023227	-4.63	rs4742119	0.0877	4.57	-0.4309	475	22	enet	0.059	0.0017	-0.15688	0.875
Brain_Hippocampus	/media/kame/Data/_workings/resource/GTEv8//GTExv8.EUR.Brain_Hippocampus/ENSG00000137033.11.wgt.RDat	ENSG00000137033.11	9	6215785	6215786	0.2501	rs12378118	4.03	rs2026991	0.175	5.74	0.44623	439	18	enet	0.21	2.7e-09	0.44331	0.658
Brain_Hippocampus	/media/kame/Data/_workings/resource/GTEv8//GTExv8.EUR.Brain_Hippocampus/ENSG00000225706.1.wgt.RDat	ENSG00000225706.1	9	8858129	8858130	0.4606	rs2890841	7.37	rs2570960	0.0776	5.15	1.32147	746	30	enet	0.22	7.8e-10	1.19994	0.23
Brain_Hippocampus	/media/kame/Data/_workings/resource/GTEv8//GTExv8.EUR.Brain_Hippocampus/ENSG00000107165.12.wgt.RDat	ENSG00000107165.12	9	12685438	12685439	0.2282	rs10756461	-6.59	rs999648	0.0262	3.31	-0.1055	561	23	enet	0.0015	0.27	-1.42579	0.154
Brain_Hippocampus	/media/kame/Data/_workings/resource/GTEv8//GTExv8.EUR.Brain_Hippocampus/ENSG00000153714.5.wgt.RDat	ENSG00000153714.5	9	12775020	12775021	0.5527	rs10756461	-6.59	rs10960779	0.384	-7.82	1.58586	525	11	enet	0.33	7.9e-15	-1.75424	0.0794
Brain_Hippocampus	/media/kame/Data/_workings/resource/GTEv8//GTExv8.EUR.Brain_Hippocampus/ENSG00000235448.1.wgt.RDat	ENSG00000235448.1	9	12814344	12814345	0.6391	rs10756461	-6.59	rs10960779	0.395	-7.87	1.58586	511	17	enet	0.31	6.3e-14	-1.33198	0.183
Brain_Hippocampus	/media/kame/Data/_workings/resource/GTEv8//GTExv8.EUR.Brain_Hippocampus/ENSG00000272871.1.wgt.RDat	ENSG00000272871.1	9	14590064	14590065	0.3922	rs16931853	4.92	rs12236525	0.144	5.72	-0.35687	693	14	enet	0.19	1.3e-08	-0.21084	0.833
Brain_Hippocampus	/media/kame/Data/_workings/resource/GTEv8//GTExv8.EUR.Brain_Hippocampus/ENSG00000215237.6.wgt.RDat	ENSG00000215237.6	9	14993311	14993312	0.7384	rs16931853	4.92	rs10810310	0.602	-9.53	-0.19917	649	26	enet	0.59	1.4e-30	0.01787	0.986
Brain_Hippocampus	/media/kame/Data/_workings/resource/GTEv8//GTExv8.EUR.Brain_Hippocampus/ENSG00000164989.16.wgt.RDat	ENSG00000164989.16	9	15553085	15553086	0.2068	rs3866794	-3.76	rs4741546	0.0426	4.44	-0.40706	453	10	enet	0.037	0.01	0.35007	0.726
Brain_Hippocampus	/media/kame/Data/_workings/resource/GTEv8//GTExv8.EUR.Brain_Hippocampus/ENSG00000044459.14.wgt.RDat	ENSG00000044459.14	9	17134981	17134982	0.199	rs10810738	6.11	rs10962996	0.0733	4.51	0.86795	547	26	enet	0.092	9.7e-05	0.26642	0.79
Brain_Hippocampus	/media/kame/Data/_workings/resource/GTEv8//GTExv8.EUR.Brain_Hippocampus/ENSG00000261402.1.wgt.RDat	ENSG00000261402.1	9	19926093	19926094	0.4266	rs224017	-7.07	rs2051134	0.201	5.92	0.2466	567	18	enet	0.15	4.4e-07	0.28567	0.775
Brain_Hippocampus	/media/kame/Data/_workings/resource/GTEv8//GTExv8.EUR.Brain_Hippocampus/ENSG00000198642.6.wgt.RDat	ENSG00000198642.6	9	21335379	21335380	0.2251	rs4977812	5.04	rs7040754	0.113	5.23	0.00487	482	35	enet	0.14	9.4e-07	0.55159	0.581
Brain_Hippocampus	/media/kame/Data/_workings/resource/GTEv8//GTExv8.EUR.Brain_Hippocampus/ENSG00000096872.15.wgt.RDat	ENSG00000096872.15	9	26956372	26956373	0.3016	rs2077592	-4.78	rs10967611	0.0961	5.22	0.04614	625	9	enet	0.048	0.004	-0.08682	0.931
Brain_Hippocampus	/media/kame/Data/_workings/resource/GTEv8//GTExv8.EUR.Brain_Hippocampus/ENSG00000120162.9.wgt.RDat	ENSG00000120162.9	9	27529780	27529781	0.2722	rs2039995	-3.15	rs12552712	0.127	4.74	-0.00509	693	3	enet	0.052	0.0029	-0.01098	0.991
Brain_Hippocampus	/media/kame/Data/_workings/resource/GTEv8//GTExv8.EUR.Brain_Hippocampus/ENSG00000147894.14.wgt.RDat	ENSG00000147894.14	9	27573865	27573866	0.5055	rs2039995	-3.15	rs2282240	0.333	-7.15	0.26307	720	8	enet	0.23	4.2e-10	-0.31984	0.749
Brain_Hippocampus	/media/kame/Data/_workings/resource/GTEv8//GTExv8.EUR.Brain_Hippocampus/ENSG00000122729.18.wgt.RDat	ENSG00000122729.18	9	32384602	32384603	0.32	rs10970862	-7.92	rs10813814	-0.00248	3.49	0.05625	465	52	enet	0.0032	0.22	0.63341	0.526
Brain_Hippocampus	/media/kame/Data/_workings/resource/GTEv8//GTExv8.EUR.Brain_Hippocampus/ENSG00000241043.1.wgt.RDat	ENSG00000241043.1	9	32567126	32567127	0.3373	rs10970862	-7.92	rs673710	0.198	-5.6	0.42048	514	6	enet	0.1	4.5e-05	0.10753	0.914
Brain_Hippocampus	/media/kame/Data/_workings/resource/GTEv8//GTExv8.EUR.Brain_Hippocampus/ENSG00000137074.18.wgt.RDat	ENSG00000137074.18	9	33025167	33025168	0.2026	rs4879592	-6.8	rs10758184	0.0736	-4.77	-0.36173	477	13	enet	0.054	0.0025	0.33044	0.741
Brain_Hippocampus	/media/kame/Data/_workings/resource/GTEv8//GTExv8.EUR.Brain_Hippocampus/ENSG00000122692.8.wgt.RDat	ENSG00000122692.8	9	33076658	33076659	0.2624	rs4879592	-6.8	rs10971212	0.0441	4.09	-3.96455	465	26	enet	0.027	0.025	-2.24311	0.0249
Brain_Hippocampus	/media/kame/Data/_workings/resource/GTEv8//GTExv8.EUR.Brain_Hippocampus/ENSG00000165269.12.wgt.RDat	ENSG00000165269.12	9	33402681	33402682	0.3074	rs2248910	-6.55	rs17251987	0.214	5.81	0.16412	403	38	enet	0.2	6e-09	-0.74344	0.457
Brain_Hippocampus	/media/kame/Data/_workings/resource/GTEv8//GTExv8.EUR.Brain_Hippocampus/ENSG00000165271.16.wgt.RDat	ENSG00000165271.16	9	33473929	33473930	0.1706	rs307652	-6.78	rs3758280	0.0611	4.94	0.85427	404	29	enet	0.096	6.9e-05	0.7897	0.43
Brain_Hippocampus	/media/kame/Data/_workings/resource/GTEv8//GTExv8.EUR.Brain_Hippocampus/ENSG00000281128.1.wgt.RDat	ENSG00000281128.1	9	33677499	33677500	0.1856	rs307652	-6.78	rs16933401	-0.00326	3.89	-0.68052	335	22	enet	0.02	0.046	0.51637	0.606
Brain_Hippocampus	/media/kame/Data/_workings/resource/GTEv8//GTExv8.EUR.Brain_Hippocampus/ENSG00000260947.1.wgt.RDat	ENSG00000260947.1	9	33697458	33697459	0.1854	rs307652	-6.78	rs16933401	0.189	5.71	-0.68052	326	5	enet	0.16	3e-07	-1.6098	0.107
Brain_Hippocampus	/media/kame/Data/_workings/resource/GTEv8//GTExv8.EUR.Brain_Hippocampus/ENSG00000010438.16.wgt.RDat	ENSG00000010438.16	9	33750465	33750466	0.399	rs307652	-6.78	rs855436	0.204	-5.63	-1.60772	301	39	enet	0.19	1.5e-08	2.90238	0.0037
Brain_Hippocampus	/media/kame/Data/_workings/resource/GTEv8//GTExv8.EUR.Brain_Hippocampus/ENSG00000165006.13.wgt.RDat	ENSG00000165006.13	9	34179004	34179005	0.1137	rs307652	-6.78	rs11788425	0.023	3.65	0.71104	320	6	enet	0.051	0.0032	1.35186	0.176
Brain_Hippocampus	/media/kame/Data/_workings/resource/GTEv8//GTExv8.EUR.Brain_Hippocampus/ENSG00000164978.17.wgt.RDat	ENSG00000164978.17	9	34329505	34329506	0.3948	rs307652	-6.78	rs10971956	0.309	-6.87	-3.20389	341	17	enet	0.27	7.8e-12	3.01401	0.00258
Brain_Hippocampus	/media/kame/Data/_workings/resource/GTEv8//GTExv8.EUR.Brain_Hippocampus/ENSG00000164970.14.wgt.RDat	ENSG00000164970.14	9	34458569	34458570	0.1528	rs7037232	5.97	rs17258783	0.103	-4.4	-0.64072	349	13	enet	0.076	0.00038	-0.53906	0.59
Brain_Hippocampus	/media/kame/Data/_workings/resource/GTEv8//GTExv8.EUR.Brain_Hippocampus/ENSG00000230074.1.wgt.RDat	ENSG00000230074.1	9	34678099	34678100	0.3369	rs7037232	5.97	rs928150	0.228	-5.96	3.36367	364	13	enet	0.24	9.9e-11	-1.0298	0.303
Brain_Hippocampus	/media/kame/Data/_workings/resource/GTEv8//GTExv8.EUR.Brain_Hippocampus/ENSG00000122733.12.wgt.RDat	ENSG00000122733.12	9	34957607	34957608	0.2435	rs7037232	5.97	rs1111457	0.0634	-3.9	2.465	346	42	enet	0.0074	0.15	-4.1498	3.33e-05
Brain_Hippocampus	/media/kame/Data/_workings/resource/GTEv8//GTExv8.EUR.Brain_Hippocampus/ENSG00000165282.13.wgt.RDat	ENSG00000165282.13	9	35096600	35096601	0.349	rs7040391	-6.07	rs565070	0.149	-5.55	0.01757	336	12	enet	0.11	1.5e-05	0.29192	0.77
Brain_Hippocampus	/media/kame/Data/_workings/resource/GTEv8//GTExv8.EUR.Brain_Hippocampus/ENSG00000137135.17.wgt.RDat	ENSG00000137135.17	9	35675759	35675760	0.482	rs7040391	-6.07	rs10972552	0.136	5.51	-0.47966	405	14	enet	0.11	1.5e-05	-0.42704	0.669
Brain_Hippocampus	/media/kame/Data/_workings/resource/GTEv8//GTExv8.EUR.Brain_Hippocampus/ENSG00000198467.13.wgt.RDat	ENSG00000198467.13	9	35691019	35691020	0.4123	rs7040391	-6.07	rs2295797	0.287	-6.98	-0.43962	401	15	enet	0.24	1e-10	0.48649	0.627
Brain_Hippocampus	/media/kame/Data/_workings/resource/GTEv8//GTExv8.EUR.Brain_Hippocampus/ENSG00000107185.9.wgt.RDat	ENSG00000107185.9	9	35749286	35749287	0.2453	rs7040391	-6.07	rs12337802	0.148	5.11	-1.2047	416	25	enet	0.095	7.2e-05	-0.86278	0.388
Brain_Hippocampus	/media/kame/Data/_workings/resource/GTEv8//GTExv8.EUR.Brain_Hippocampus/ENSG00000137103.16.wgt.RDat	ENSG00000137103.16	9	35816143	35816144	0.3621	rs7040391	-6.07	rs10738948	0.18	6.24	0.55449	420	25	enet	0.23	4.8e-10	0.51221	0.609
Brain_Hippocampus	/media/kame/Data/_workings/resource/GTEv8//GTExv8.EUR.Brain_Hippocampus/ENSG00000281205.1.wgt.RDat	ENSG00000281205.1	9	35858737	35858738	0.2348	rs7040391	-6.07	rs10738948	-0.00283	4.02	0.55449	427	10	enet	0.0019	0.26	0.85895	0.39
Brain_Hippocampus	/media/kame/Data/_workings/resource/GTEv8//GTExv8.EUR.Brain_Hippocampus/ENSG00000122694.15.wgt.RDat	ENSG00000122694.15	9	36136535	36136536	0.355	rs7038327	3.16	rs752353	0.146	5.38	-0.03729	403	16	enet	0.19	1.4e-08	-0.2365	0.813
Brain_Hippocampus	/media/kame/Data/_workings/resource/GTEv8//GTExv8.EUR.Brain_Hippocampus/ENSG00000165275.9.wgt.RDat	ENSG00000165275.9	9	37753802	37753803	0.356	rs10973282	9.9	rs4878174	0.0444	4.2	-0.17008	476	19	enet	0.098	5.6e-05	-0.45268	0.651
Brain_Hippocampus	/media/kame/Data/_workings/resource/GTEv8//GTExv8.EUR.Brain_Hippocampus/ENSG00000122696.13.wgt.RDat	ENSG00000122696.13	9	37904352	37904353	0.4528	rs7047872	6.14	rs10973594	0.374	7.9	0.03959	526	16	enet	0.34	1.8e-15	0.18562	0.853
Brain_Hippocampus	/media/kame/Data/_workings/resource/GTEv8//GTExv8.EUR.Brain_Hippocampus/ENSG00000273036.2.wgt.RDat	ENSG00000273036.2	9	38545371	38545372	0.5799	rs10758524	-3.76	rs11792859	0.207	-6.69	1.11296	397	18	enet	0.25	2.7e-11	-1.12859	0.259
Brain_Hippocampus	/media/kame/Data/_workings/resource/GTEv8//GTExv8.EUR.Brain_Hippocampus/ENSG00000225345.3.wgt.RDat	ENSG00000225345.3	9	38568210	38568211	0.2693	rs10758524	-3.76	rs12555495	0.16	-5.62	0.96287	394	36	enet	0.056	0.002	-2.47463	0.0133
Brain_Hippocampus	/media/kame/Data/_workings/resource/GTEv8//GTExv8.EUR.Brain_Hippocampus/ENSG00000180071.19.wgt.RDat	ENSG00000180071.19	9	38620659	38620660	0.3564	rs10758524	-3.76	rs12555495	0.147	-5.55	0.96287	377	15	enet	0.041	0.0075	-1.424	0.154
Brain_Hippocampus	/media/kame/Data/_workings/resource/GTEv8//GTExv8.EUR.Brain_Hippocampus/ENSG00000204860.4.wgt.RDat	ENSG00000204860.4	9	38620733	38620734	0.4681	rs10758524	-3.76	rs7861861	0.0768	-5.45	1.00007	377	27	enet	0.11	2.6e-05	-0.67554	0.499
Brain_Hippocampus	/media/kame/Data/_workings/resource/GTEv8//GTExv8.EUR.Brain_Hippocampus/ENSG00000237557.1.wgt.RDat	ENSG00000237557.1	9	38643041	38643042	0.2006	rs10758524	-3.76	rs7048582	0.0313	4.07	-0.40157	358	10	enet	0.0059	0.17	-1.11028	0.267
Brain_Hippocampus	/media/kame/Data/_workings/resource/GTEv8//GTExv8.EUR.Brain_Hippocampus/ENSG00000083067.22.wgt.RDat	ENSG00000083067.22	9	71446834	71446835	0.2977	rs4745122	-3.28	rs4620343	0.126	4.48	-2.23982	466	34	enet	0.055	0.0022	-2.09424	0.0362
Brain_Hippocampus	/media/kame/Data/_workings/resource/GTEv8//GTExv8.EUR.Brain_Hippocampus/ENSG00000165091.15.wgt.RDat	ENSG00000165091.15	9	72521800	72521801	0.2614	rs8187890	-6.59	rs10869130	0.0763	-4.3	0.25672	449	23	enet	0.12	8.8e-06	-0.74641	0.455
Brain_Hippocampus	/media/kame/Data/_workings/resource/GTEv8//GTExv8.EUR.Brain_Hippocampus/ENSG00000106733.20.wgt.RDat	ENSG00000106733.20	9	75088216	75088217	0.8668	rs7032677	-7.45	rs6560421	0.362	-8.28	0.03599	441	36	enet	0.53	2.1e-26	0.18161	0.856
Brain_Hippocampus	/media/kame/Data/_workings/resource/GTEv8//GTExv8.EUR.Brain_Hippocampus/ENSG00000197969.11.wgt.RDat	ENSG00000197969.11	9	77177352	77177353	0.2425	rs7047853	-5.08	rs4744831	0.0339	3.93	0.27092	524	9	enet	0.018	0.055	0.32965	0.742
Brain_Hippocampus	/media/kame/Data/_workings/resource/GTEv8//GTExv8.EUR.Brain_Hippocampus/ENSG00000156052.10.wgt.RDat	ENSG00000156052.10	9	78031457	78031458	0.1773	rs17788791	-4.35	rs3780305	0.0263	-4.76	0.71852	392	21	enet	0.015	0.071	0.30661	0.759
Brain_Hippocampus	/media/kame/Data/_workings/resource/GTEv8//GTExv8.EUR.Brain_Hippocampus/ENSG00000254473.1.wgt.RDat	ENSG00000254473.1	9	83708317	83708318	0.3202	rs11140416	-7.16	rs10868031	0.143	5.37	-0.83728	524	23	enet	0.13	5.1e-06	-0.23907	0.811
Brain_Hippocampus	/media/kame/Data/_workings/resource/GTEv8//GTExv8.EUR.Brain_Hippocampus/ENSG00000197506.7.wgt.RDat	ENSG00000197506.7	9	84340682	84340683	0.3925	rs11140416	-7.16	rs10868152	0.00381	3.53	-0.10144	545	12	enet	0.0055	0.18	-1.01067	0.312
Brain_Hippocampus	/media/kame/Data/_workings/resource/GTEv8//GTExv8.EUR.Brain_Hippocampus/ENSG00000204446.4.wgt.RDat	ENSG00000204446.4	9	87148643	87148644	0.2393	rs3028	3.38	rs7868122	0.0938	4.56	-0.03538	633	14	enet	0.035	0.012	-0.38203	0.702
Brain_Hippocampus	/media/kame/Data/_workings/resource/GTEv8//GTExv8.EUR.Brain_Hippocampus/ENSG00000214888.2.wgt.RDat	ENSG00000214888.2	9	87859398	87859399	0.3237	rs7025760	-4.29	rs7036957	0.0803	-4.63	-0.46242	569	36	enet	0.15	7e-07	0.44279	0.658
Brain_Hippocampus	/media/kame/Data/_workings/resource/GTEv8//GTExv8.EUR.Brain_Hippocampus/ENSG00000230246.7.wgt.RDat	ENSG00000230246.7	9	87914492	87914493	0.2843	rs7025760	-4.29	rs560019	0.0381	-4.18	-0.18152	556	26	enet	0.074	0.00043	0.67383	0.5
Brain_Hippocampus	/media/kame/Data/_workings/resource/GTEv8//GTExv8.EUR.Brain_Hippocampus/ENSG00000187764.11.wgt.RDat	ENSG00000187764.11	9	89498129	89498130	0.4464	rs7863857	-4.33	rs11265876	0.0384	-4.42	-0.45516	469	54	enet	0.19	1.2e-08	0.86685	0.386
Brain_Hippocampus	/media/kame/Data/_workings/resource/GTEv8//GTExv8.EUR.Brain_Hippocampus/ENSG00000234537.1.wgt.RDat	ENSG00000234537.1	9	92132397	92132398	0.3072	rs1746787	4.17	rs7023075	0.00504	3.9	-0.13866	448	37	enet	0.029	0.021	0.83366	0.404
Brain_Hippocampus	/media/kame/Data/_workings/resource/GTEv8//GTExv8.EUR.Brain_Hippocampus/ENSG00000188312.13.wgt.RDat	ENSG00000188312.13	9	92325636	92325637	0.3955	rs1972214	-4.86	rs7872739	0.208	6.36	1.57707	401	20	enet	0.23	2.6e-10	1.03971	0.298
Brain_Hippocampus	/media/kame/Data/_workings/resource/GTEv8//GTExv8.EUR.Brain_Hippocampus/ENSG00000127080.9.wgt.RDat	ENSG00000127080.9	9	92670264	92670265	0.0641	rs7873259	-5.4	rs10992471	0.0388	3.86	-0.1576	383	7	enet	0.029	0.02	-0.09382	0.925
Brain_Hippocampus	/media/kame/Data/_workings/resource/GTEv8//GTExv8.EUR.Brain_Hippocampus/ENSG00000185963.13.wgt.RDat	ENSG00000185963.13	9	92764811	92764812	0.2166	rs7873259	-5.4	rs10992427	0.0375	4.17	-0.04987	402	34	enet	0.014	0.081	-0.2158	0.829
Brain_Hippocampus	/media/kame/Data/_workings/resource/GTEv8//GTExv8.EUR.Brain_Hippocampus/ENSG00000165233.17.wgt.RDat	ENSG00000165233.17	9	93096217	93096218	0.3365	rs7853605	8.89	rs4743884	0.0392	-4.51	0.17932	418	36	enet	0.11	1.9e-05	0.10024	0.92
Brain_Hippocampus	/media/kame/Data/_workings/resource/GTEv8//GTExv8.EUR.Brain_Hippocampus/ENSG00000165238.16.wgt.RDat	ENSG00000165238.16	9	93184915	93184916	0.2102	rs7853605	8.89	rs1889339	-0.00671	3.36	-0.29713	436	12	enet	-0.0064	0.82	0.94225	0.346
Brain_Hippocampus	/media/kame/Data/_workings/resource/GTEv8//GTExv8.EUR.Brain_Hippocampus/ENSG00000165140.9.wgt.RDat	ENSG00000165140.9	9	94640248	94640249	0.4186	rs1410972	6.74	rs9696843	-0.00405	-3.5	-3.05069	369	21	enet	0.038	0.0095	0.51131	0.609
Brain_Hippocampus	/media/kame/Data/_workings/resource/GTEv8//GTExv8.EUR.Brain_Hippocampus/ENSG00000175611.11.wgt.RDat	ENSG00000175611.11	9	95875699	95875700	0.3434	rs10512249	8.21	rs591486	0.313	6.95	-0.93717	524	14	enet	0.26	2.1e-11	-0.55745	0.577
Brain_Hippocampus	/media/kame/Data/_workings/resource/GTEv8//GTExv8.EUR.Brain_Hippocampus/ENSG00000224848.1.wgt.RDat	ENSG00000224848.1	9	96687055	96687056	0.478	rs7875483	-4.51	rs2165890	0.24	-6.32	-1.20228	268	12	enet	0.17	1.3e-07	0.9713	0.331
Brain_Hippocampus	/media/kame/Data/_workings/resource/GTEv8//GTExv8.EUR.Brain_Hippocampus/ENSG00000233820.2.wgt.RDat	ENSG00000233820.2	9	96725889	96725890	0.1787	rs7875483	-4.51	rs2165890	0.133	-5.09	-1.20228	243	5	enet	0.12	5.9e-06	0.8609	0.389
Brain_Hippocampus	/media/kame/Data/_workings/resource/GTEv8//GTExv8.EUR.Brain_Hippocampus/ENSG00000228376.3.wgt.RDat	ENSG00000228376.3	9	97081944	97081945	0.4587	rs953417	5.4	rs2818238	0.214	-5.86	-0.00917	273	57	enet	0.14	1.2e-06	-0.08982	0.928
Brain_Hippocampus	/media/kame/Data/_workings/resource/GTEv8//GTExv8.EUR.Brain_Hippocampus/ENSG00000228038.1.wgt.RDat	ENSG00000228038.1	9	97094637	97094638	0.152	rs953417	5.4	rs4145255	0.0682	4.57	-0.07678	276	10	enet	0.044	0.0057	-0.48309	0.629
Brain_Hippocampus	/media/kame/Data/_workings/resource/GTEv8//GTExv8.EUR.Brain_Hippocampus/ENSG00000159712.10.wgt.RDat	ENSG00000159712.10	9	97221234	97221235	0.2388	rs953417	5.4	rs6478095	0.0935	-4.82	0.01933	293	17	enet	0.099	5.4e-05	-0.02654	0.979
Brain_Hippocampus	/media/kame/Data/_workings/resource/GTEv8//GTExv8.EUR.Brain_Hippocampus/ENSG00000203279.3.wgt.RDat	ENSG00000203279.3	9	97238699	97238700	0.2196	rs953417	5.4	rs1020884	0.0784	-4.82	0.06256	309	15	enet	0.13	4e-06	0.06406	0.949
Brain_Hippocampus	/media/kame/Data/_workings/resource/GTEv8//GTExv8.EUR.Brain_Hippocampus/ENSG00000136932.13.wgt.RDat	ENSG00000136932.13	9	97922569	97922570	0.304	rs1010777	-6.44	rs6586	0.202	5.73	1.99641	498	26	enet	0.11	1.4e-05	2.67126	0.00756
Brain_Hippocampus	/media/kame/Data/_workings/resource/GTEv8//GTExv8.EUR.Brain_Hippocampus/ENSG00000095383.19.wgt.RDat	ENSG00000095383.19	9	98255720	98255721	0.5577	rs1010777	-6.44	rs4743193	0.27	-6.76	2.97745	598	26	enet	0.34	2.3e-15	-0.26357	0.792
Brain_Hippocampus	/media/kame/Data/_workings/resource/GTEv8//GTExv8.EUR.Brain_Hippocampus/ENSG00000106799.12.wgt.RDat	ENSG00000106799.12	9	99104037	99104038	0.1573	rs411102	4.74	rs989393	0.0123	3.64	-0.16057	450	7	enet	-0.0067	0.94	-0.20147	0.84
Brain_Hippocampus	/media/kame/Data/_workings/resource/GTEv8//GTExv8.EUR.Brain_Hippocampus/ENSG00000136881.11.wgt.RDat	ENSG00000136881.11	9	101383518	101383519	0.3951	rs12342675	-5.93	rs12342385	0.164	-5.99	-2.20667	517	14	enet	0.12	8.5e-06	1.33046	0.183
Brain_Hippocampus	/media/kame/Data/_workings/resource/GTEv8//GTExv8.EUR.Brain_Hippocampus/ENSG00000136824.18.wgt.RDat	ENSG00000136824.18	9	104094259	104094260	0.506	rs1352928	5.57	rs10512325	0.348	7.46	0.00269	502	18	enet	0.29	1.1e-12	-0.03556	0.972
Brain_Hippocampus	/media/kame/Data/_workings/resource/GTEv8//GTExv8.EUR.Brain_Hippocampus/ENSG00000136783.9.wgt.RDat	ENSG00000136783.9	9	104747687	104747688	0.3824	rs2297408	7.5	rs2487714	0.161	-5.29	1.19017	606	19	enet	0.19	1.3e-08	-0.59467	0.552
Brain_Hippocampus	/media/kame/Data/_workings/resource/GTEv8//GTExv8.EUR.Brain_Hippocampus/ENSG00000106692.13.wgt.RDat	ENSG00000106692.13	9	105558129	105558130	0.2924	rs4743805	-4.32	rs957903	-0.00117	-3.45	1.83916	409	20	enet	-0.0039	0.52	-0.65336	0.514
Brain_Hippocampus	/media/kame/Data/_workings/resource/GTEv8//GTExv8.EUR.Brain_Hippocampus/ENSG00000148143.12.wgt.RDat	ENSG00000148143.12	9	106863096	106863097	0.2809	rs7027172	9.2	rs10978697	0.0816	4.57	3.94412	497	14	enet	0.074	0.00046	3.2824	0.00103
Brain_Hippocampus	/media/kame/Data/_workings/resource/GTEv8//GTExv8.EUR.Brain_Hippocampus/ENSG00000106771.12.wgt.RDat	ENSG00000106771.12	9	109119944	109119945	0.3221	rs4978793	-5.59	rs10979696	0.12	-4.46	0.07726	609	43	enet	0.12	7e-06	0.24181	0.809
Brain_Hippocampus	/media/kame/Data/_workings/resource/GTEv8//GTExv8.EUR.Brain_Hippocampus/ENSG00000260230.2.wgt.RDat	ENSG00000260230.2	9	109167290	109167291	0.328	rs4978793	-5.59	rs1578230	0.027	-4.01	0.01878	598	22	enet	0.053	0.0026	-0.35042	0.726
Brain_Hippocampus	/media/kame/Data/_workings/resource/GTEv8//GTExv8.EUR.Brain_Hippocampus/ENSG00000095203.14.wgt.RDat	ENSG00000095203.14	9	109320963	109320964	0.3677	rs4978793	-5.59	rs12551044	0.0216	3.99	-0.47432	604	29	enet	0.029	0.021	-0.03207	0.974
Brain_Hippocampus	/media/kame/Data/_workings/resource/GTEv8//GTExv8.EUR.Brain_Hippocampus/ENSG00000204173.10.wgt.RDat	ENSG00000204173.10	9	111631288	111631289	0.3474	rs3780520	7.61	rs2065099	0.128	-5.34	-0.00776	491	28	enet	0.22	9.3e-10	-2.19719	0.028
Brain_Hippocampus	/media/kame/Data/_workings/resource/GTEv8//GTExv8.EUR.Brain_Hippocampus/ENSG00000242616.3.wgt.RDat	ENSG00000242616.3	9	111661334	111661335	0.3953	rs3780520	7.61	rs7045665	0.328	7.04	0.01224	493	12	enet	0.3	2.2e-13	0.06866	0.945
Brain_Hippocampus	/media/kame/Data/_workings/resource/GTEv8//GTExv8.EUR.Brain_Hippocampus/ENSG00000226609.1.wgt.RDat	ENSG00000226609.1	9	112750455	112750456	0.2006	rs7852336	-8.37	rs17742994	0.0472	3.8	0.03988	484	6	enet	0.026	0.026	0.64297	0.52
Brain_Hippocampus	/media/kame/Data/_workings/resource/GTEv8//GTExv8.EUR.Brain_Hippocampus/ENSG00000176386.8.wgt.RDat	ENSG00000176386.8	9	113273437	113273438	0.234	rs10759611	6.35	rs10817474	0.204	-5.61	-0.93383	604	6	enet	0.16	1.7e-07	0.98512	0.325
Brain_Hippocampus	/media/kame/Data/_workings/resource/GTEv8//GTExv8.EUR.Brain_Hippocampus/ENSG00000136875.12.wgt.RDat	ENSG00000136875.12	9	113275342	113275343	0.3455	rs10759611	6.35	rs3087548	0.128	4.55	-0.16955	604	30	enet	0.041	0.0075	0.59314	0.553
Brain_Hippocampus	/media/kame/Data/_workings/resource/GTEv8//GTExv8.EUR.Brain_Hippocampus/ENSG00000095397.13.wgt.RDat	ENSG00000095397.13	9	114505449	114505450	0.3856	rs11787779	-7.13	rs1408527	0.0905	-4.49	3.18235	671	22	enet	0.073	5e-04	-3.59737	0.000321
Brain_Hippocampus	/media/kame/Data/_workings/resource/GTEv8//GTExv8.EUR.Brain_Hippocampus/ENSG00000136869.13.wgt.RDat	ENSG00000136869.13	9	117704331	117704332	0.5027	rs7034482	11.74	rs1329057	0.197	5.59	-0.23443	567	14	enet	0.17	6.3e-08	-0.48981	0.624
Brain_Hippocampus	/media/kame/Data/_workings/resource/GTEv8//GTExv8.EUR.Brain_Hippocampus/ENSG00000226752.9.wgt.RDat	ENSG00000226752.9	9	120824827	120824828	0.8687	rs2269066	4.84	rs1060817	0.618	9.65	1.48946	352	19	enet	0.59	2.1e-30	1.39271	0.164
Brain_Hippocampus	/media/kame/Data/_workings/resource/GTEv8//GTExv8.EUR.Brain_Hippocampus/ENSG00000056558.10.wgt.RDat	ENSG00000056558.10	9	120929172	120929173	0.6077	rs2269066	4.84	rs881375	0.332	-7.25	-0.33374	345	26	enet	0.29	1.1e-12	0.24859	0.804
Brain_Hippocampus	/media/kame/Data/_workings/resource/GTEv8//GTExv8.EUR.Brain_Hippocampus/ENSG00000119397.16.wgt.RDat	ENSG00000119397.16	9	121074862	121074863	0.1514	rs2269066	4.84	rs4837808	0.0226	3.66	0.28231	378	19	enet	0.034	0.014	1.11303	0.266
Brain_Hippocampus	/media/kame/Data/_workings/resource/GTEv8//GTExv8.EUR.Brain_Hippocampus/ENSG00000148180.19.wgt.RDat	ENSG00000148180.19	9	121207793	121207794	0.4365	rs2269066	4.84	rs4310275	0.11	5.67	2.25818	415	34	enet	0.18	2.8e-08	1.57423	0.115
Brain_Hippocampus	/media/kame/Data/_workings/resource/GTEv8//GTExv8.EUR.Brain_Hippocampus/ENSG00000173611.17.wgt.RDat	ENSG00000173611.17	9	125143495	125143496	0.0838	rs391957	11.41	rs360210	0.024	-3.85	1.65717	306	9	enet	0.039	0.0085	0.52589	0.599
Brain_Hippocampus	/media/kame/Data/_workings/resource/GTEv8//GTExv8.EUR.Brain_Hippocampus/ENSG00000232630.1.wgt.RDat	ENSG00000232630.1	9	125150652	125150653	0.1057	rs391957	11.41	rs393721	-8.73e-05	3.52	2.65754	312	14	enet	0.0052	0.18	0.95886	0.338
Brain_Hippocampus	/media/kame/Data/_workings/resource/GTEv8//GTExv8.EUR.Brain_Hippocampus/ENSG00000119414.11.wgt.RDat	ENSG00000119414.11	9	125189938	125189939	0.1508	rs391957	11.41	rs650599	0.00105	-3.68	3.07945	323	35	enet	0.022	0.038	-2.80246	0.00507
Brain_Hippocampus	/media/kame/Data/_workings/resource/GTEv8//GTExv8.EUR.Brain_Hippocampus/ENSG00000136856.17.wgt.RDat	ENSG00000136856.17	9	127397137	127397138	0.1929	rs2779728	4.33	rs11790967	0.144	-5.05	0.94776	362	13	enet	0.13	5.3e-06	-1.51163	0.131
Brain_Hippocampus	/media/kame/Data/_workings/resource/GTEv8//GTExv8.EUR.Brain_Hippocampus/ENSG00000197958.12.wgt.RDat	ENSG00000197958.12	9	127451404	127451405	0.5752	rs2779728	4.33	rs13292096	0.335	-7.37	-4.11218	361	28	enet	0.34	5e-15	3.38768	0.000705
Brain_Hippocampus	/media/kame/Data/_workings/resource/GTEv8//GTExv8.EUR.Brain_Hippocampus/ENSG00000136908.17.wgt.RDat	ENSG00000136908.17	9	127937881	127937882	0.4415	rs7023913	-4.97	rs7860034	0.314	6.9	1.24226	346	32	enet	0.29	6.9e-13	0.23282	0.816
Brain_Hippocampus	/media/kame/Data/_workings/resource/GTEv8//GTExv8.EUR.Brain_Hippocampus/ENSG00000167110.17.wgt.RDat	ENSG00000167110.17	9	128275994	128275995	0.1212	rs7023913	-4.97	rs2417061	-0.00265	-3.44	-0.57253	292	12	enet	-0.0044	0.55	0.56268	0.574
Brain_Hippocampus	/media/kame/Data/_workings/resource/GTEv8//GTExv8.EUR.Brain_Hippocampus/ENSG00000167112.9.wgt.RDat	ENSG00000167112.9	9	128322534	128322535	0.2044	rs7023913	-4.97	rs7867338	0.0118	-3.89	-3.86464	292	7	enet	0.011	0.11	2.96502	0.00303
Brain_Hippocampus	/media/kame/Data/_workings/resource/GTEv8//GTExv8.EUR.Brain_Hippocampus/ENSG00000228510.2.wgt.RDat	ENSG00000228510.2	9	128444586	128444587	0.3331	rs7023913	-4.97	rs6918	0.266	-6.82	-4.48117	285	16	enet	0.28	2e-12	4.21864	2.46e-05
Brain_Hippocampus	/media/kame/Data/_workings/resource/GTEv8//GTExv8.EUR.Brain_Hippocampus/ENSG00000136811.16.wgt.RDat	ENSG00000136811.16	9	128455185	128455186	0.1226	rs7023913	-4.97	rs4240429	0.0833	4.4	-3.41143	280	16	enet	0.048	0.0041	-2.91775	0.00353
Brain_Hippocampus	/media/kame/Data/_workings/resource/GTEv8//GTExv8.EUR.Brain_Hippocampus/ENSG00000171097.13.wgt.RDat	ENSG00000171097.13	9	128882493	128882494	0.1965	rs11564100	6.45	rs10760581	0.178	-5.49	-0.12436	320	15	enet	0.15	3.7e-07	0.11306	0.91
Brain_Hippocampus	/media/kame/Data/_workings/resource/GTEv8//GTExv8.EUR.Brain_Hippocampus/ENSG00000175287.18.wgt.RDat	ENSG00000175287.18	9	128920894	128920895	0.3721	rs11564100	6.45	rs10113912	0.174	-5.66	1.49953	341	31	enet	0.16	1.8e-07	-0.52623	0.599
Brain_Hippocampus	/media/kame/Data/_workings/resource/GTEv8//GTExv8.EUR.Brain_Hippocampus/ENSG00000267834.1.wgt.RDat	ENSG00000267834.1	9	129004997	129004998	0.3143	rs11564100	6.45	rs10113912	0.0768	3.96	1.49953	341	31	enet	0.092	9.9e-05	0.79746	0.425
Brain_Hippocampus	/media/kame/Data/_workings/resource/GTEv8//GTExv8.EUR.Brain_Hippocampus/ENSG00000268707.1.wgt.RDat	ENSG00000268707.1	9	129170433	129170434	0.5832	rs11564100	6.45	rs3118634	0.315	8.09	-0.05398	392	9	enet	0.35	1.3e-15	-0.02403	0.981
Brain_Hippocampus	/media/kame/Data/_workings/resource/GTEv8//GTExv8.EUR.Brain_Hippocampus/ENSG00000204055.4.wgt.RDat	ENSG00000204055.4	9	129201314	129201315	0.4067	rs11564100	6.45	rs3118634	0.165	5.93	-0.05398	398	12	enet	0.16	2.5e-07	0.00935	0.993
Brain_Hippocampus	/media/kame/Data/_workings/resource/GTEv8//GTExv8.EUR.Brain_Hippocampus/ENSG00000136816.15.wgt.RDat	ENSG00000136816.15	9	129803152	129803153	0.3902	rs885345	6.59	rs12634	0.00564	4.24	0.97977	478	25	enet	0.031	0.017	1.46486	0.143
Brain_Hippocampus	/media/kame/Data/_workings/resource/GTEv8//GTExv8.EUR.Brain_Hippocampus/ENSG00000148357.16.wgt.RDat	ENSG00000148357.16	9	130265881	130265882	0.226	rs885345	6.59	rs4240438	-0.00421	3.75	0.09682	473	15	enet	-0.0034	0.49	-0.17758	0.859
Brain_Hippocampus	/media/kame/Data/_workings/resource/GTEv8//GTExv8.EUR.Brain_Hippocampus/ENSG00000126878.12.wgt.RDat	ENSG00000126878.12	9	131096475	131096476	0.2108	rs2855179	-4.58	rs4740396	0.0248	-4.47	-0.6678	449	23	enet	0.062	0.0013	-0.19623	0.844
Brain_Hippocampus	/media/kame/Data/_workings/resource/GTEv8//GTExv8.EUR.Brain_Hippocampus/ENSG00000130717.12.wgt.RDat	ENSG00000130717.12	9	131531267	131531268	0.2784	rs4564007	6.02	rs4076428	0.178	-5.41	-0.32418	456	2	enet	0.06	0.0014	0.31654	0.752
Brain_Hippocampus	/media/kame/Data/_workings/resource/GTEv8//GTExv8.EUR.Brain_Hippocampus/ENSG00000165695.9.wgt.RDat	ENSG00000165695.9	9	132878776	132878777	0.3451	rs3739905	-7.74	rs2771997	0.187	-5.45	0.00783	540	16	enet	0.13	3.3e-06	0.21286	0.831
Brain_Hippocampus	/media/kame/Data/_workings/resource/GTEv8//GTExv8.EUR.Brain_Hippocampus/ENSG00000148296.6.wgt.RDat	ENSG00000148296.6	9	133336397	133336398	0.653	rs1108581	4.78	rs886090	0.248	-6.36	-0.71069	579	22	enet	0.2	6.4e-09	1.14418	0.253
Brain_Hippocampus	/media/kame/Data/_workings/resource/GTEv8//GTExv8.EUR.Brain_Hippocampus/ENSG00000148290.9.wgt.RDat	ENSG00000148290.9	9	133356675	133356676	0.7153	rs1108581	4.78	rs3118667	0.184	6.09	0.05661	573	45	enet	0.36	2.4e-16	0.36294	0.717
Brain_Hippocampus	/media/kame/Data/_workings/resource/GTEv8//GTExv8.EUR.Brain_Hippocampus/ENSG00000160323.18.wgt.RDat	ENSG00000160323.18	9	133414357	133414358	0.3653	rs1108581	4.78	rs3124776	0.141	-5.15	-1.05197	573	34	enet	0.14	1.1e-06	0.81556	0.415
Brain_Hippocampus	/media/kame/Data/_workings/resource/GTEv8//GTExv8.EUR.Brain_Hippocampus/ENSG00000225756.1.wgt.RDat	ENSG00000225756.1	9	133657312	133657313	0.2849	rs11789898	9.75	rs2097628	0.138	-5.88	-0.0833	587	27	enet	0.18	3.2e-08	0.95456	0.34
Brain_Hippocampus	/media/kame/Data/_workings/resource/GTEv8//GTExv8.EUR.Brain_Hippocampus/ENSG00000235106.9.wgt.RDat	ENSG00000235106.9	9	134025438	134025439	0.447	rs11789898	9.75	rs3847320	0.0205	3.66	0.84096	580	31	enet	0.026	0.027	-0.13918	0.889
Brain_Hippocampus	/media/kame/Data/_workings/resource/GTEv8//GTExv8.EUR.Brain_Hippocampus/ENSG00000160349.9.wgt.RDat	ENSG00000160349.9	9	135521437	135521438	0.4939	rs10776844	7.69	rs2188210	0.0572	4.24	-1.54594	577	78	enet	0.14	1.5e-06	0.75591	0.45
Brain_Hippocampus	/media/kame/Data/_workings/resource/GTEv8//GTExv8.EUR.Brain_Hippocampus/ENSG00000165643.10.wgt.RDat	ENSG00000165643.10	9	135699527	135699528	0.2833	rs10776844	7.69	rs570201	7.82e-05	-3.42	0.06991	502	5	enet	-0.0052	0.64	-0.09216	0.927
Brain_Hippocampus	/media/kame/Data/_workings/resource/GTEv8//GTExv8.EUR.Brain_Hippocampus/ENSG00000107147.12.wgt.RDat	ENSG00000107147.12	9	135702184	135702185	0.3301	rs10776844	7.69	rs1556417	0.152	-5.32	2.0662	498	8	enet	0.13	3.3e-06	-1.65303	0.0983
Brain_Hippocampus	/media/kame/Data/_workings/resource/GTEv8//GTExv8.EUR.Brain_Hippocampus/ENSG00000238058.1.wgt.RDat	ENSG00000238058.1	9	135907811	135907812	0.4568	rs10776844	7.69	rs6537917	0.16	5.15	-0.23852	432	17	enet	0.15	6e-07	0.90806	0.364
Brain_Hippocampus	/media/kame/Data/_workings/resource/GTEv8//GTExv8.EUR.Brain_Hippocampus/ENSG00000213221.4.wgt.RDat	ENSG00000213221.4	9	136363788	136363789	0.7804	rs7854618	3.51	rs11145958	0.331	7.18	-1.42846	372	17	enet	0.27	8.2e-12	-1.66126	0.0967
Brain_Hippocampus	/media/kame/Data/_workings/resource/GTEv8//GTExv8.EUR.Brain_Hippocampus/ENSG00000148384.12.wgt.RDat	ENSG00000148384.12	9	136439822	136439823	0.5331	rs7854618	3.51	rs11145756	0.258	-7.05	0.13469	368	23	enet	0.27	3.5e-12	0.05033	0.96
Brain_Hippocampus	/media/kame/Data/_workings/resource/GTEv8//GTExv8.EUR.Brain_Hippocampus/ENSG00000233016.6.wgt.RDat	ENSG00000233016.6	9	136728183	136728184	0.4895	rs7390663	-4.15	rs6874	0.357	-7.39	0.91496	385	12	enet	0.31	7.3e-14	-0.82812	0.408
Brain_Hippocampus	/media/kame/Data/_workings/resource/GTEv8//GTExv8.EUR.Brain_Hippocampus/ENSG00000177984.6.wgt.RDat	ENSG00000177984.6	9	136766254	136766255	0.4121	rs1142749	-5.38	rs2297722	0.154	5.85	0.30043	395	15	enet	0.22	7e-10	-0.00313	0.998
Brain_Hippocampus	/media/kame/Data/_workings/resource/GTEv8//GTExv8.EUR.Brain_Hippocampus/ENSG00000184925.11.wgt.RDat	ENSG00000184925.11	9	136949550	136949551	0.3906	rs1142749	-5.19	rs11793787	0.0972	-5.31	0.15701	385	5	enet	0.091	0.00011	-0.11015	0.912
Brain_Hippocampus	/media/kame/Data/_workings/resource/GTEv8//GTExv8.EUR.Brain_Hippocampus/ENSG00000214402.6.wgt.RDat	ENSG00000214402.6	9	136982992	136982993	0.659	rs1142749	-5.16	rs4880179	0.235	6.63	1.08957	378	33	enet	0.31	6.5e-14	1.05709	0.29
Brain_Hippocampus	/media/kame/Data/_workings/resource/GTEv8//GTExv8.EUR.Brain_Hippocampus/ENSG00000268996.3.wgt.RDat	ENSG00000268996.3	9	137086816	137086817	0.2976	rs1142749	-5.16	rs7853336	0.182	6.1	-0.53106	368	22	enet	0.19	2.2e-08	-0.39319	0.694
Brain_Hippocampus	/media/kame/Data/_workings/resource/GTEv8//GTExv8.EUR.Brain_Hippocampus/ENSG00000177239.14.wgt.RDat	ENSG00000177239.14	9	137086926	137086927	0.1953	rs1142749	-5.16	rs6420280	0.124	4.87	0.49212	368	10	enet	0.051	0.0033	0.10201	0.919
Brain_Hippocampus	/media/kame/Data/_workings/resource/GTEv8//GTExv8.EUR.Brain_Hippocampus/ENSG00000197191.4.wgt.RDat	ENSG00000197191.4	9	137224634	137224635	0.2643	rs34223864	-5.76	rs28540759	0.103	4.74	1.73772	354	16	enet	0.15	7.8e-07	1.1232	0.261
Brain_Hippocampus	/media/kame/Data/_workings/resource/GTEv8//GTExv8.EUR.Brain_Hippocampus/ENSG00000188747.8.wgt.RDat	ENSG00000188747.8	9	137423349	137423350	0.2098	rs3125786	6.27	rs11137268	0.056	4.23	-0.92866	358	37	enet	0.1	4.4e-05	-0.72246	0.47
Brain_Hippocampus	/media/kame/Data/_workings/resource/GTEv8//GTExv8.EUR.Brain_Hippocampus/ENSG00000130653.15.wgt.RDat	ENSG00000130653.15	9	137550533	137550534	0.421	rs3125786	6.27	rs2259657	0.214	-5.99	-1.25926	328	29	enet	0.26	1.2e-11	1.38919	0.165
Brain_Hippocampus	/media/kame/Data/_workings/resource/GTEv8//GTExv8.EUR.Brain_Hippocampus/ENSG00000148399.12.wgt.RDat	ENSG00000148399.12	9	137578934	137578935	0.3543	rs3125786	6.27	rs1045777	0.153	-5.25	-0.02519	327	5	enet	0.15	7.6e-07	0.10136	0.919
Brain_Hippocampus	/media/kame/Data/_workings/resource/GTEv8//GTExv8.EUR.Brain_Hippocampus/ENSG00000197070.13.wgt.RDat	ENSG00000197070.13	9	137605653	137605654	0.1946	rs3125786	6.27	rs950078	0.0318	4.13	-0.09752	323	29	enet	0.013	0.09	0.39522	0.693
Brain_Hippocampus	/media/kame/Data/_workings/resource/GTEv8//GTExv8.EUR.Brain_Hippocampus/ENSG00000225140.1.wgt.RDat	ENSG00000225140.1	10	628637	628638	0.5079	rs3922851	6.78	rs17136375	0.201292	-6.09	-3.679112	388	17	enet	0.17	1.5e-07	2.8126	0.00491
Brain_Hippocampus	/media/kame/Data/_workings/resource/GTEv8//GTExv8.EUR.Brain_Hippocampus/ENSG00000232656.7.wgt.RDat	ENSG00000232656.7	10	1022665	1022666	0.2346	rs11253452	4.61	rs3750729	0.05691	-4.34	0.854708	503	7	enet	0.064	0.0011	-0.22859	0.819
Brain_Hippocampus	/media/kame/Data/_workings/resource/GTEv8//GTExv8.EUR.Brain_Hippocampus/ENSG00000282390.1.wgt.RDat	ENSG00000282390.1	10	1293001	1293002	0.3173	rs11250686	-5.29	rs884949	0.126783	-4.71	-0.171543	611	16	enet	0.16	1.9e-07	-0.1121	0.911
Brain_Hippocampus	/media/kame/Data/_workings/resource/GTEv8//GTExv8.EUR.Brain_Hippocampus/ENSG00000205696.4.wgt.RDat	ENSG00000205696.4	10	1526636	1526637	0.3733	rs11250686	-5.29	rs2291871	-0.006755	-3.57	-0.793925	710	25	enet	0.03	0.018	-0.94731	0.343
Brain_Hippocampus	/media/kame/Data/_workings/resource/GTEv8//GTExv8.EUR.Brain_Hippocampus/ENSG00000237399.7.wgt.RDat	ENSG00000237399.7	10	3141737	3141738	0.5333	rs11251582	-6.12	rs10175	0.224329	5.86	-0.194617	720	13	enet	0.26	1.9e-11	-0.10905	0.913
Brain_Hippocampus	/media/kame/Data/_workings/resource/GTEv8//GTExv8.EUR.Brain_Hippocampus/ENSG00000107959.15.wgt.RDat	ENSG00000107959.15	10	3172840	3172841	0.4896	rs11251582	-6.12	rs7086721	0.14988	-5.68	0.362747	728	18	enet	0.17	1.4e-07	-0.2193	0.826
Brain_Hippocampus	/media/kame/Data/_workings/resource/GTEv8//GTExv8.EUR.Brain_Hippocampus/ENSG00000187134.13.wgt.RDat	ENSG00000187134.13	10	4963252	4963253	0.6471	rs313477	5.34	rs7358080	0.291119	6.67	-0.081558	652	19	enet	0.22	6.1e-10	-0.36209	0.717
Brain_Hippocampus	/media/kame/Data/_workings/resource/GTEv8//GTExv8.EUR.Brain_Hippocampus/ENSG00000151632.17.wgt.RDat	ENSG00000151632.17	10	5018030	5018031	0.422	rs313477	5.34	rs12774134	0.238781	6.14	0.33592	649	28	enet	0.17	9.2e-08	0.4512	0.652
Brain_Hippocampus	/media/kame/Data/_workings/resource/GTEv8//GTExv8.EUR.Brain_Hippocampus/ENSG00000178462.11.wgt.RDat	ENSG00000178462.11	10	5404829	5404830	0.2396	rs636578	5.15	rs7076488	0.036557	4.5	-0.034558	616	39	enet	0.056	0.0021	-0.68199	0.495
Brain_Hippocampus	/media/kame/Data/_workings/resource/GTEv8//GTExv8.EUR.Brain_Hippocampus/ENSG00000134453.15.wgt.RDat	ENSG00000134453.15	10	6088986	6088987	0.608	rs626344	5.87	rs7072793	-0.001472	-3.8	-0.02639	723	19	enet	0.027	0.024	0.20041	0.841
Brain_Hippocampus	/media/kame/Data/_workings/resource/GTEv8//GTExv8.EUR.Brain_Hippocampus/ENSG00000281186.1.wgt.RDat	ENSG00000281186.1	10	6779179	6779180	0.2543	rs2501686	5.11	rs7895632	0.00405	-3.68	-0.151542	759	27	enet	0.014	0.08	-0.49263	0.622
Brain_Hippocampus	/media/kame/Data/_workings/resource/GTEv8//GTExv8.EUR.Brain_Hippocampus/ENSG00000225383.7.wgt.RDat	ENSG00000225383.7	10	10794979	10794980	0.2585	rs12355025	-7.48	rs11256826	0.061824	4.48	0.182638	645	13	enet	0.043	0.0062	0.77941	0.436
Brain_Hippocampus	/media/kame/Data/_workings/resource/GTEv8//GTExv8.EUR.Brain_Hippocampus/ENSG00000148429.14.wgt.RDat	ENSG00000148429.14	10	11597716	11597717	0.3162	rs11256991	4.71	rs12569391	0.005463	4.01	-1.809928	519	35	enet	0.013	0.085	-0.48122	0.63
Brain_Hippocampus	/media/kame/Data/_workings/resource/GTEv8//GTExv8.EUR.Brain_Hippocampus/ENSG00000134463.14.wgt.RDat	ENSG00000134463.14	10	11742365	11742366	0.643	rs10795892	4.04	rs17554109	0.084501	-4.86	1.703457	471	31	enet	0.27	4.3e-12	-1.69963	0.0892
Brain_Hippocampus	/media/kame/Data/_workings/resource/GTEv8//GTExv8.EUR.Brain_Hippocampus/ENSG00000065665.20.wgt.RDat	ENSG00000065665.20	10	12129636	12129637	0.2548	rs10795892	4.04	rs11257552	0.112606	4.84	0.610445	523	33	enet	0.0079	0.14	0.16312	0.87
Brain_Hippocampus	/media/kame/Data/_workings/resource/GTEv8//GTExv8.EUR.Brain_Hippocampus/ENSG00000065809.13.wgt.RDat	ENSG00000065809.13	10	14774896	14774897	0.3243	rs10906845	9.52	rs3780915	0.126191	5.25	0.239448	615	9	enet	0.09	0.00012	0.99841	0.318
Brain_Hippocampus	/media/kame/Data/_workings/resource/GTEv8//GTExv8.EUR.Brain_Hippocampus/ENSG00000152457.17.wgt.RDat	ENSG00000152457.17	10	14954431	14954432	0.4295	rs10906845	9.52	rs10906777	0.116464	4.91	0.475343	549	25	enet	0.054	0.0024	-2.05673	0.0397
Brain_Hippocampus	/media/kame/Data/_workings/resource/GTEv8//GTExv8.EUR.Brain_Hippocampus/ENSG00000148484.17.wgt.RDat	ENSG00000148484.17	10	16817527	16817528	0.2925	rs11254160	-7.87	rs921743	0.021165	4.02	0.004012	640	14	enet	0.025	0.03	0.24471	0.807
Brain_Hippocampus	/media/kame/Data/_workings/resource/GTEv8//GTExv8.EUR.Brain_Hippocampus/ENSG00000026025.15.wgt.RDat	ENSG00000026025.15	10	17228258	17228259	0.207	rs11254514	-5.19	rs1020339	0.05089	4.06	-0.067085	648	43	enet	0.01	0.11	-0.51124	0.609
Brain_Hippocampus	/media/kame/Data/_workings/resource/GTEv8//GTExv8.EUR.Brain_Hippocampus/ENSG00000165996.13.wgt.RDat	ENSG00000165996.13	10	17617376	17617377	0.4964	rs11254514	-5.19	rs12240321	0.088048	-5.6	3.267974	498	27	enet	0.069	0.00068	-2.37454	0.0176
Brain_Hippocampus	/media/kame/Data/_workings/resource/GTEv8//GTExv8.EUR.Brain_Hippocampus/ENSG00000226083.5.wgt.RDat	ENSG00000226083.5	10	18010561	18010562	0.3613	rs7477742	-10.63	rs12570727	0.164369	5.13	0.268868	542	27	enet	0.14	1.5e-06	-0.23875	0.811
Brain_Hippocampus	/media/kame/Data/_workings/resource/GTEv8//GTExv8.EUR.Brain_Hippocampus/ENSG00000240291.1.wgt.RDat	ENSG00000240291.1	10	18545559	18545560	0.3282	rs7477742	-10.63	rs7100880	0.206976	6.22	0.206199	596	11	enet	0.2	3.7e-09	0.56813	0.57
Brain_Hippocampus	/media/kame/Data/_workings/resource/GTEv8//GTExv8.EUR.Brain_Hippocampus/ENSG00000241058.3.wgt.RDat	ENSG00000241058.3	10	18659284	18659285	0.3833	rs7477742	-10.63	rs10764566	0.147716	-6.26	0.118143	581	17	enet	0.15	5.3e-07	0.12955	0.897
Brain_Hippocampus	/media/kame/Data/_workings/resource/GTEv8//GTExv8.EUR.Brain_Hippocampus/ENSG00000204740.10.wgt.RDat	ENSG00000204740.10	10	19048770	19048771	0.2724	rs11008895	-7	rs2151234	0.101912	-4.94	0.438692	551	44	enet	0.057	0.0018	-1.92232	0.0546
Brain_Hippocampus	/media/kame/Data/_workings/resource/GTEv8//GTExv8.EUR.Brain_Hippocampus/ENSG00000150867.13.wgt.RDat	ENSG00000150867.13	10	22714554	22714555	0.2081	rs7898656	-3.38	rs8341	0.010448	-3.99	0.105769	342	28	enet	0.021	0.042	-1.60244	0.109
Brain_Hippocampus	/media/kame/Data/_workings/resource/GTEv8//GTExv8.EUR.Brain_Hippocampus/ENSG00000283709.1.wgt.RDat	ENSG00000283709.1	10	26944417	26944418	0.1668	rs1748329	4.96	rs9703520	0.142695	5.04	-3.408973	446	12	enet	0.08	0.00027	-3.15814	0.00159
Brain_Hippocampus	/media/kame/Data/_workings/resource/GTEv8//GTExv8.EUR.Brain_Hippocampus/ENSG00000120539.14.wgt.RDat	ENSG00000120539.14	10	27155266	27155267	0.418	rs1748329	4.96	rs7477806	0.259766	-6.59	-1.777903	454	52	enet	0.23	4.3e-10	1.46322	0.143
Brain_Hippocampus	/media/kame/Data/_workings/resource/GTEv8//GTExv8.EUR.Brain_Hippocampus/ENSG00000230445.4.wgt.RDat	ENSG00000230445.4	10	27259454	27259455	0.139	rs2637317	5.49	rs1328602	0.11545	-4.78	-0.220471	449	6	enet	0.11	1.5e-05	0.84073	0.401
Brain_Hippocampus	/media/kame/Data/_workings/resource/GTEv8//GTExv8.EUR.Brain_Hippocampus/ENSG00000224597.9.wgt.RDat	ENSG00000224597.9	10	29409401	29409402	0.401	rs7089591	-5.68	rs10740803	0.08885	5.44	-0.326168	716	24	enet	0.18	3.4e-08	-1.68204	0.0926
Brain_Hippocampus	/media/kame/Data/_workings/resource/GTEv8//GTExv8.EUR.Brain_Hippocampus/ENSG00000259994.1.wgt.RDat	ENSG00000259994.1	10	30306065	30306066	0.2504	rs623635	-6.05	rs2484290	0.213166	-5.85	-0.352967	586	19	enet	0.13	2.9e-06	0.21639	0.829
Brain_Hippocampus	/media/kame/Data/_workings/resource/GTEv8//GTExv8.EUR.Brain_Hippocampus/ENSG00000273038.2.wgt.RDat	ENSG00000273038.2	10	32889310	32889311	0.2278	rs7901189	-9.64	rs3003909	0.116195	5.59	-0.79529	448	17	enet	0.1	4.8e-05	-0.93299	0.351
Brain_Hippocampus	/media/kame/Data/_workings/resource/GTEv8//GTExv8.EUR.Brain_Hippocampus/ENSG00000226386.1.wgt.RDat	ENSG00000226386.1	10	34815766	34815767	0.1892	rs9787643	-6.12	rs4078277	0.034263	4.42	-1.962689	321	11	enet	0.14	1.6e-06	-1.62599	0.104
Brain_Hippocampus	/media/kame/Data/_workings/resource/GTEv8//GTExv8.EUR.Brain_Hippocampus/ENSG00000233200.1.wgt.RDat	ENSG00000233200.1	10	35230597	35230598	0.0956	rs9787643	-6.12	rs2474528	0.075837	4.37	-1.827305	309	11	enet	0.044	0.0059	-1.81425	0.0696
Brain_Hippocampus	/media/kame/Data/_workings/resource/GTEv8//GTExv8.EUR.Brain_Hippocampus/ENSG00000271335.5.wgt.RDat	ENSG00000271335.5	10	35336400	35336401	0.1899	rs9787643	-6.12	rs4934750	0.045447	4.54	-0.699367	329	7	enet	0.026	0.027	-1.25096	0.211
Brain_Hippocampus	/media/kame/Data/_workings/resource/GTEv8//GTExv8.EUR.Brain_Hippocampus/ENSG00000226578.1.wgt.RDat	ENSG00000226578.1	10	37784130	37784131	0.2439	rs7101183	-3.93	rs17575387	0.124048	-5.01	-0.112587	306	57	enet	0.071	0.00058	0.10461	0.917
Brain_Hippocampus	/media/kame/Data/_workings/resource/GTEv8//GTExv8.EUR.Brain_Hippocampus/ENSG00000198105.13.wgt.RDat	ENSG00000198105.13	10	37857635	37857636	0.2202	rs7101183	-3.93	rs4934888	0.043538	4.14	-0.138098	298	61	enet	0.068	0.00072	-0.50651	0.612
Brain_Hippocampus	/media/kame/Data/_workings/resource/GTEv8//GTExv8.EUR.Brain_Hippocampus/ENSG00000175395.15.wgt.RDat	ENSG00000175395.15	10	37976632	37976633	0.1599	rs7101183	-3.93	rs6482044	0.084539	4.29	-0.036243	274	42	enet	0.11	2.9e-05	-0.93694	0.349
Brain_Hippocampus	/media/kame/Data/_workings/resource/GTEv8//GTExv8.EUR.Brain_Hippocampus/ENSG00000272983.1.wgt.RDat	ENSG00000272983.1	10	38137336	38137337	0.6726	rs7101183	-3.93	rs17587699	0.019331	-4.7	0.307012	215	38	enet	0.12	5.7e-06	0.63112	0.528
Brain_Hippocampus	/media/kame/Data/_workings/resource/GTEv8//GTExv8.EUR.Brain_Hippocampus/ENSG00000215146.4.wgt.RDat	ENSG00000215146.4	10	42367973	42367974	0.3356	rs11239623	4.67	rs2505807	0.135441	6.27	2.555341	179	22	enet	0.23	4.1e-10	-0.35712	0.721
Brain_Hippocampus	/media/kame/Data/_workings/resource/GTEv8//GTExv8.EUR.Brain_Hippocampus/ENSG00000182632.15.wgt.RDat	ENSG00000182632.15	10	42475348	42475349	0.1952	rs788247	-4.53	rs2466482	0.126993	4.94	1.398703	233	6	enet	0.097	6e-05	1.9252	0.0542
Brain_Hippocampus	/media/kame/Data/_workings/resource/GTEv8//GTExv8.EUR.Brain_Hippocampus/ENSG00000185904.11.wgt.RDat	ENSG00000185904.11	10	42475542	42475543	0.3008	rs788247	-4.53	rs2801023	0.194578	5.59	2.122548	233	27	enet	0.14	1.1e-06	0.54818	0.584
Brain_Hippocampus	/media/kame/Data/_workings/resource/GTEv8//GTExv8.EUR.Brain_Hippocampus/ENSG00000169826.7.wgt.RDat	ENSG00000169826.7	10	43138485	43138486	0.4491	rs788247	-4.53	rs2505506	0.385195	7.81	0.365942	390	16	enet	0.38	3.6e-17	0.32479	0.745
Brain_Hippocampus	/media/kame/Data/_workings/resource/GTEv8//GTExv8.EUR.Brain_Hippocampus/ENSG00000230565.1.wgt.RDat	ENSG00000230565.1	10	43645941	43645942	0.3438	rs2460540	-3.91	rs11238595	0.069778	4.38	-0.099084	463	22	enet	0.042	0.0065	0.33781	0.736
Brain_Hippocampus	/media/kame/Data/_workings/resource/GTEv8//GTExv8.EUR.Brain_Hippocampus/ENSG00000256574.6.wgt.RDat	ENSG00000256574.6	10	45315607	45315608	0.1958	rs17157106	4.84	rs7098888	0.039511	4.66	-0.914858	362	30	enet	0.073	5e-04	1.08302	0.279
Brain_Hippocampus	/media/kame/Data/_workings/resource/GTEv8//GTExv8.EUR.Brain_Hippocampus/ENSG00000230869.1.wgt.RDat	ENSG00000230869.1	10	45678691	45678692	0.3362	rs17441991	4.39	rs10761581	0.131456	4.62	-0.236433	232	9	enet	0.11	2e-05	-0.38725	0.699
Brain_Hippocampus	/media/kame/Data/_workings/resource/GTEv8//GTExv8.EUR.Brain_Hippocampus/ENSG00000172661.17.wgt.RDat	ENSG00000172661.17	10	45727231	45727232	0.5666	rs17441991	4.39	rs11239528	0.118761	-4.44	0.511636	222	50	enet	0.15	6.9e-07	-0.52245	0.601
Brain_Hippocampus	/media/kame/Data/_workings/resource/GTEv8//GTExv8.EUR.Brain_Hippocampus/ENSG00000265018.6.wgt.RDat	ENSG00000265018.6	10	48031639	48031640	0.6084	rs7898026	5.16	rs769008	0.023036	-3.86	0.002994	156	36	enet	0.16	2.2e-07	-0.44863	0.654
Brain_Hippocampus	/media/kame/Data/_workings/resource/GTEv8//GTExv8.EUR.Brain_Hippocampus/ENSG00000204152.10.wgt.RDat	ENSG00000204152.10	10	49942032	49942033	0.3998	rs2229760	6.69	rs4838566	0.204251	6.29	2.932223	343	20	enet	0.22	8.7e-10	2.37906	0.0174
Brain_Hippocampus	/media/kame/Data/_workings/resource/GTEv8//GTExv8.EUR.Brain_Hippocampus/ENSG00000204149.10.wgt.RDat	ENSG00000204149.10	10	49982189	49982190	0.3911	rs10776583	6.6	rs4838566	0.191112	-5.7	2.932223	345	14	enet	0.13	5.1e-06	-2.92134	0.00349
Brain_Hippocampus	/media/kame/Data/_workings/resource/GTEv8//GTExv8.EUR.Brain_Hippocampus/ENSG00000235618.7.wgt.RDat	ENSG00000235618.7	10	50067802	50067803	0.2779	rs10776583	6.6	rs2338056	0.001531	-3.22	0.024609	348	30	enet	0.026	0.028	1.50892	0.131
Brain_Hippocampus	/media/kame/Data/_workings/resource/GTEv8//GTExv8.EUR.Brain_Hippocampus/ENSG00000188611.14.wgt.RDat	ENSG00000188611.14	10	50248609	50248610	0.6377	rs717721	5.23	rs4497350	0.433221	-8.15	0.326535	303	14	enet	0.44	1.2e-20	-0.21534	0.829
Brain_Hippocampus	/media/kame/Data/_workings/resource/GTEv8//GTExv8.EUR.Brain_Hippocampus/ENSG00000198964.13.wgt.RDat	ENSG00000198964.13	10	50624949	50624950	0.1494	rs11006233	-4.75	rs3011710	0.110998	4.18	-0.106749	410	17	enet	0.066	0.00087	-0.61089	0.541
Brain_Hippocampus	/media/kame/Data/_workings/resource/GTEv8//GTExv8.EUR.Brain_Hippocampus/ENSG00000185532.15.wgt.RDat	ENSG00000185532.15	10	50991357	50991358	0.2027	rs11006233	-4.75	rs7893773	0.114738	-4.97	-0.035703	454	6	enet	0.14	2e-06	0.03951	0.968
Brain_Hippocampus	/media/kame/Data/_workings/resource/GTEv8//GTExv8.EUR.Brain_Hippocampus/ENSG00000072422.16.wgt.RDat	ENSG00000072422.16	10	61001439	61001440	0.4273	rs12778890	-4.91	rs1002075	0.104391	4.77	1.936452	400	16	enet	0.039	0.0087	1.36997	0.171
Brain_Hippocampus	/media/kame/Data/_workings/resource/GTEv8//GTExv8.EUR.Brain_Hippocampus/ENSG00000196932.11.wgt.RDat	ENSG00000196932.11	10	61453449	61453450	0.2165	rs12778890	-4.91	rs10509146	0.03924	4.41	0.706564	394	11	enet	0.043	0.0061	1.10916	0.267
Brain_Hippocampus	/media/kame/Data/_workings/resource/GTEv8//GTExv8.EUR.Brain_Hippocampus/ENSG00000183346.6.wgt.RDat	ENSG00000183346.6	10	61662960	61662961	0.4088	rs4979770	5.67	rs12761488	0.21134	6.51	-0.901079	423	10	enet	0.22	1.3e-09	-0.77807	0.437
Brain_Hippocampus	/media/kame/Data/_workings/resource/GTEv8//GTExv8.EUR.Brain_Hippocampus/ENSG00000138311.15.wgt.RDat	ENSG00000138311.15	10	62374191	62374192	0.2041	rs4979770	5.67	rs10995146	0.061342	4.33	1.107315	448	13	enet	0.019	0.049	1.00124	0.317
Brain_Hippocampus	/media/kame/Data/_workings/resource/GTEv8//GTExv8.EUR.Brain_Hippocampus/ENSG00000108187.15.wgt.RDat	ENSG00000108187.15	10	68333048	68333049	0.1527	rs4379726	-6.86	rs34888891	0.032852	4.61	1.201419	381	27	enet	0.054	0.0024	0.78955	0.43
Brain_Hippocampus	/media/kame/Data/_workings/resource/GTEv8//GTExv8.EUR.Brain_Hippocampus/ENSG00000138346.14.wgt.RDat	ENSG00000138346.14	10	68472120	68472121	0.2795	rs534611	-6.31	rs12217591	0.186602	-5.95	-2.89936	383	11	enet	0.16	2.6e-07	2.74821	0.00599
Brain_Hippocampus	/media/kame/Data/_workings/resource/GTEv8//GTExv8.EUR.Brain_Hippocampus/ENSG00000099282.9.wgt.RDat	ENSG00000099282.9	10	69451472	69451473	0.5127	rs10823277	-4.58	rs972570	0.17189	5.81	0.661525	713	37	enet	0.093	8.6e-05	-0.31185	0.755
Brain_Hippocampus	/media/kame/Data/_workings/resource/GTEv8//GTExv8.EUR.Brain_Hippocampus/ENSG00000236154.1.wgt.RDat	ENSG00000236154.1	10	69575806	69575807	0.4462	rs3858168	-2.94	rs2254588	-0.005565	3.44	-1.473337	715	15	enet	0.0041	0.21	-0.76321	0.445
Brain_Hippocampus	/media/kame/Data/_workings/resource/GTEv8//GTExv8.EUR.Brain_Hippocampus/ENSG00000042286.14.wgt.RDat	ENSG00000042286.14	10	70132933	70132934	0.2698	rs885821	-5.84	rs6480442	0.109858	-4.55	0.434175	721	25	enet	0.068	0.00072	0.51384	0.607
Brain_Hippocampus	/media/kame/Data/_workings/resource/GTEv8//GTExv8.EUR.Brain_Hippocampus/ENSG00000156521.13.wgt.RDat	ENSG00000156521.13	10	70146675	70146676	0.3753	rs885821	-5.84	rs4746966	-0.003834	-3.56	-0.019749	717	30	enet	0.043	0.0065	-0.22773	0.82
Brain_Hippocampus	/media/kame/Data/_workings/resource/GTEv8//GTExv8.EUR.Brain_Hippocampus/ENSG00000079332.14.wgt.RDat	ENSG00000079332.14	10	70170522	70170523	0.3009	rs885821	-5.84	rs15801	0.204156	5.69	0.092021	700	20	enet	0.15	8.1e-07	0.25613	0.798
Brain_Hippocampus	/media/kame/Data/_workings/resource/GTEv8//GTExv8.EUR.Brain_Hippocampus/ENSG00000156574.9.wgt.RDat	ENSG00000156574.9	10	70447950	70447951	0.3553	rs827307	-6.18	rs7084009	0.030788	4.2	-0.143858	655	27	enet	0.066	0.00085	-1.08277	0.279
Brain_Hippocampus	/media/kame/Data/_workings/resource/GTEv8//GTExv8.EUR.Brain_Hippocampus/ENSG00000138316.10.wgt.RDat	ENSG00000138316.10	10	70672802	70672803	0.6005	rs10823679	-8.2	rs10999456	0.300181	6.88	-0.625	676	17	enet	0.27	6.7e-12	-0.46339	0.643
Brain_Hippocampus	/media/kame/Data/_workings/resource/GTEv8//GTExv8.EUR.Brain_Hippocampus/ENSG00000166321.13.wgt.RDat	ENSG00000166321.13	10	73110374	73110375	0.1809	rs4746136	1.43	rs3736278	0.131041	-5.53	-0.497391	219	83	enet	0.12	6.1e-06	0.21947	0.826
Brain_Hippocampus	/media/kame/Data/_workings/resource/GTEv8//GTExv8.EUR.Brain_Hippocampus/ENSG00000213551.4.wgt.RDat	ENSG00000213551.4	10	73248841	73248842	0.2058	rs2306325	2.03	rs6480664	0.032174	-3.53	-0.216053	214	6	enet	0.053	0.0027	0.2393	0.811
Brain_Hippocampus	/media/kame/Data/_workings/resource/GTEv8//GTExv8.EUR.Brain_Hippocampus/ENSG00000151208.16.wgt.RDat	ENSG00000151208.16	10	77926525	77926526	0.2753	rs1866593	-5.38	rs1866437	0.194164	5.68	-0.234461	507	12	enet	0.18	5.7e-08	-0.09853	0.922
Brain_Hippocampus	/media/kame/Data/_workings/resource/GTEv8//GTExv8.EUR.Brain_Hippocampus/ENSG00000108179.13.wgt.RDat	ENSG00000108179.13	10	79347468	79347469	0.2348	rs2802372	-4.51	rs7898643	0.027964	-3.98	-0.154454	395	17	enet	0.067	0.00084	-0.05253	0.958
Brain_Hippocampus	/media/kame/Data/_workings/resource/GTEv8//GTExv8.EUR.Brain_Hippocampus/ENSG00000278616.1.wgt.RDat	ENSG00000278616.1	10	79684094	79684095	0.3213	rs2802372	-4.51	rs10885307	0.059482	-4.04	1.345623	331	7	enet	0.038	0.0093	-1.43103	0.152
Brain_Hippocampus	/media/kame/Data/_workings/resource/GTEv8//GTExv8.EUR.Brain_Hippocampus/ENSG00000188199.10.wgt.RDat	ENSG00000188199.10	10	79703226	79703227	0.481	rs2802372	-4.51	rs10885307	0.333476	-7.24	1.28654	323	8	enet	0.28	1.6e-12	-1.20979	0.226
Brain_Hippocampus	/media/kame/Data/_workings/resource/GTEv8//GTExv8.EUR.Brain_Hippocampus/ENSG00000225484.6.wgt.RDat	ENSG00000225484.6	10	79825781	79825782	0.2008	rs1885553	-4.48	rs726014	0.114422	-4.38	0.081623	318	11	enet	0.098	5.8e-05	-0.62165	0.534
Brain_Hippocampus	/media/kame/Data/_workings/resource/GTEv8//GTExv8.EUR.Brain_Hippocampus/ENSG00000272447.1.wgt.RDat	ENSG00000272447.1	10	79825901	79825902	0.1923	rs1885553	-4.48	rs7904954	0.00452	-3.59	-1.341576	318	29	enet	0.02	0.048	0.32827	0.743
Brain_Hippocampus	/media/kame/Data/_workings/resource/GTEv8//GTExv8.EUR.Brain_Hippocampus/ENSG00000228570.7.wgt.RDat	ENSG00000228570.7	10	79841357	79841358	0.5603	rs1885553	-4.48	rs10885307	0.237593	6.11	1.794996	316	45	enet	0.19	1.1e-08	-0.3954	0.693
Brain_Hippocampus	/media/kame/Data/_workings/resource/GTEv8//GTExv8.EUR.Brain_Hippocampus/ENSG00000242600.8.wgt.RDat	ENSG00000242600.8	10	79920177	79920178	0.3618	rs1885553	-4.48	rs7072068	0.063101	4.67	-0.831635	302	18	enet	0.065	0.00092	-0.15609	0.876
Brain_Hippocampus	/media/kame/Data/_workings/resource/GTEv8//GTExv8.EUR.Brain_Hippocampus/ENSG00000133661.15.wgt.RDat	ENSG00000133661.15	10	79982613	79982614	0.5888	rs1885553	-4.48	rs11201011	0.317055	-6.95	-1.321028	305	28	enet	0.27	4.2e-12	1.63267	0.103
Brain_Hippocampus	/media/kame/Data/_workings/resource/GTEv8//GTExv8.EUR.Brain_Hippocampus/ENSG00000230091.6.wgt.RDat	ENSG00000230091.6	10	80078911	80078912	0.3922	rs1885553	-4.48	rs4478933	0.087194	4.88	-1.759784	346	11	enet	0.11	2.8e-05	-0.79126	0.429
Brain_Hippocampus	/media/kame/Data/_workings/resource/GTEv8//GTExv8.EUR.Brain_Hippocampus/ENSG00000189129.13.wgt.RDat	ENSG00000189129.13	10	80131681	80131682	0.2698	rs1885553	-4.48	rs1983775	0.174471	-5.23	-0.219218	402	23	enet	0.14	1.8e-06	0.1312	0.896
Brain_Hippocampus	/media/kame/Data/_workings/resource/GTEv8//GTExv8.EUR.Brain_Hippocampus/ENSG00000122359.17.wgt.RDat	ENSG00000122359.17	10	80205571	80205572	0.3241	rs1885553	-4.48	rs3748242	0.245613	-6.13	-0.033038	450	5	enet	0.21	2.5e-09	0.06029	0.952
Brain_Hippocampus	/media/kame/Data/_workings/resource/GTEv8//GTExv8.EUR.Brain_Hippocampus/ENSG00000148600.14.wgt.RDat	ENSG00000148600.14	10	84194634	84194635	0.4405	rs1209474	-6.89	rs7099098	0.19797	5.67	-0.614243	535	40	enet	0.22	6.2e-10	1.53857	0.124
Brain_Hippocampus	/media/kame/Data/_workings/resource/GTEv8//GTExv8.EUR.Brain_Hippocampus/ENSG00000148604.13.wgt.RDat	ENSG00000148604.13	10	84245052	84245053	0.5864	rs1209474	-6.89	rs10736319	0.354037	7.41	-0.258342	528	11	enet	0.33	1.2e-14	-0.24584	0.806
Brain_Hippocampus	/media/kame/Data/_workings/resource/GTEv8//GTExv8.EUR.Brain_Hippocampus/ENSG00000182771.18.wgt.RDat	ENSG00000182771.18	10	86366492	86366493	0.1537	rs12357176	4.55	rs10749537	-0.006222	-3.47	0.217786	484	12	enet	-0.0062	0.77	2.16675	0.0303
Brain_Hippocampus	/media/kame/Data/_workings/resource/GTEv8//GTExv8.EUR.Brain_Hippocampus/ENSG00000122375.11.wgt.RDat	ENSG00000122375.11	10	86654556	86654557	0.4343	rs12357176	4.55	rs7098712	0.12819	-5.03	0.346683	394	51	enet	0.14	1.3e-06	0.93484	0.35
Brain_Hippocampus	/media/kame/Data/_workings/resource/GTEv8//GTExv8.EUR.Brain_Hippocampus/ENSG00000122376.11.wgt.RDat	ENSG00000122376.11	10	87094160	87094161	0.2504	rs2871690	3.2	rs7081609	0.131344	5.45	-0.890347	249	7	enet	0.12	1.1e-05	-0.8848	0.376
Brain_Hippocampus	/media/kame/Data/_workings/resource/GTEv8//GTExv8.EUR.Brain_Hippocampus/ENSG00000148672.8.wgt.RDat	ENSG00000148672.8	10	87094865	87094866	0.1328	rs2871690	3.2	rs12416136	0.046426	4.14	-0.436889	249	22	enet	0.027	0.024	0.00331	0.997
Brain_Hippocampus	/media/kame/Data/_workings/resource/GTEv8//GTExv8.EUR.Brain_Hippocampus/ENSG00000184923.12.wgt.RDat	ENSG00000184923.12	10	87225447	87225448	0.2258	rs2755427	3.66	rs11202326	0.010778	3.73	0.000203	269	61	enet	0.053	0.0026	-0.19581	0.845
Brain_Hippocampus	/media/kame/Data/_workings/resource/GTEv8//GTExv8.EUR.Brain_Hippocampus/ENSG00000204022.9.wgt.RDat	ENSG00000204022.9	10	88586761	88586762	0.2236	rs590392	-4.48	rs366107	-0.006254	3.09	0.21234	529	18	enet	0.004	0.21	-0.33913	0.735
Brain_Hippocampus	/media/kame/Data/_workings/resource/GTEv8//GTExv8.EUR.Brain_Hippocampus/ENSG00000026103.21.wgt.RDat	ENSG00000026103.21	10	88990581	88990582	0.4892	rs7908760	-5.23	rs3740286	0.308732	-7.06	0.01189	558	37	enet	0.25	5.4e-11	-0.20275	0.839
Brain_Hippocampus	/media/kame/Data/_workings/resource/GTEv8//GTExv8.EUR.Brain_Hippocampus/ENSG00000232110.7.wgt.RDat	ENSG00000232110.7	10	89284037	89284038	0.2642	rs7908760	-5.23	rs7913002	0.015	3.7	0.183739	550	39	enet	0.077	0.00034	-0.84865	0.396
Brain_Hippocampus	/media/kame/Data/_workings/resource/GTEv8//GTExv8.EUR.Brain_Hippocampus/ENSG00000185745.9.wgt.RDat	ENSG00000185745.9	10	89392545	89392546	0.2174	rs7908760	-5.23	rs304493	0.109706	-4.67	0.059438	563	16	enet	0.011	0.1	-0.23763	0.812
Brain_Hippocampus	/media/kame/Data/_workings/resource/GTEv8//GTExv8.EUR.Brain_Hippocampus/ENSG00000152778.8.wgt.RDat	ENSG00000152778.8	10	89414585	89414586	0.2934	rs7908760	-5.23	rs184236	0.147545	-5.86	0.049566	556	9	enet	0.11	1.7e-05	-0.14791	0.882
Brain_Hippocampus	/media/kame/Data/_workings/resource/GTEv8//GTExv8.EUR.Brain_Hippocampus/ENSG00000232229.5.wgt.RDat	ENSG00000232229.5	10	89829509	89829510	0.6918	rs17387573	-4.19	rs1125326	0.579979	9.29	-0.536301	491	16	enet	0.56	4.6e-28	-0.48958	0.624
Brain_Hippocampus	/media/kame/Data/_workings/resource/GTEv8//GTExv8.EUR.Brain_Hippocampus/ENSG00000228701.1.wgt.RDat	ENSG00000228701.1	10	91798290	91798291	0.478	rs1891275	-7.68	rs2066276	0.378194	7.87	0.232417	304	24	enet	0.4	2.2e-18	0.14251	0.887
Brain_Hippocampus	/media/kame/Data/_workings/resource/GTEv8//GTExv8.EUR.Brain_Hippocampus/ENSG00000187553.8.wgt.RDat	ENSG00000187553.8	10	93060807	93060808	0.224	rs2497322	3.6	rs11187182	0.00413	-3.57	0.267554	529	21	enet	0.066	9e-04	0.49984	0.617
Brain_Hippocampus	/media/kame/Data/_workings/resource/GTEv8//GTExv8.EUR.Brain_Hippocampus/ENSG00000148690.11.wgt.RDat	ENSG00000148690.11	10	93702571	93702572	0.6382	rs8181419	-5.84	rs11187580	0.346261	7.24	0.160739	525	33	enet	0.36	2.1e-16	0.32598	0.744
Brain_Hippocampus	/media/kame/Data/_workings/resource/GTEv8//GTExv8.EUR.Brain_Hippocampus/ENSG00000173145.11.wgt.RDat	ENSG00000173145.11	10	94362958	94362959	0.1908	rs12217597	4.98	rs11187901	0.103929	5.32	3.491322	331	30	enet	0.098	5.8e-05	1.74509	0.081
Brain_Hippocampus	/media/kame/Data/_workings/resource/GTEv8//GTExv8.EUR.Brain_Hippocampus/ENSG00000119969.14.wgt.RDat	ENSG00000119969.14	10	94501433	94501434	0.1575	rs12217597	4.98	rs11187998	0.000534	3.93	-1.613953	340	11	enet	0.025	0.031	-1.34086	0.18
Brain_Hippocampus	/media/kame/Data/_workings/resource/GTEv8//GTExv8.EUR.Brain_Hippocampus/ENSG00000059573.8.wgt.RDat	ENSG00000059573.8	10	95656705	95656706	0.3347	rs11188273	-6.39	rs533383	0.023132	4.03	-0.196339	497	20	enet	0.022	0.038	-0.05698	0.955
Brain_Hippocampus	/media/kame/Data/_workings/resource/GTEv8//GTExv8.EUR.Brain_Hippocampus/ENSG00000225850.3.wgt.RDat	ENSG00000225850.3	10	97334709	97334710	0.2343	rs4919096	-12.39	rs11189170	0.054695	4.24	-3.850946	472	11	enet	0.016	0.066	-2.33691	0.0194
Brain_Hippocampus	/media/kame/Data/_workings/resource/GTEv8//GTExv8.EUR.Brain_Hippocampus/ENSG00000241935.8.wgt.RDat	ENSG00000241935.8	10	97584342	97584343	0.4322	rs4919096	-12.39	rs12416267	0.262433	-6.46	5.136497	490	8	enet	0.16	3.3e-07	-4.02677	5.65e-05
Brain_Hippocampus	/media/kame/Data/_workings/resource/GTEv8//GTExv8.EUR.Brain_Hippocampus/ENSG00000171160.17.wgt.RDat	ENSG00000171160.17	10	97633499	97633500	0.3703	rs4919096	-12.39	rs4919129	0.258475	-6.33	0.610858	472	30	enet	0.25	4.8e-11	-2.3349	0.0195
Brain_Hippocampus	/media/kame/Data/_workings/resource/GTEv8//GTExv8.EUR.Brain_Hippocampus/ENSG00000119943.12.wgt.RDat	ENSG00000119943.12	10	98415183	98415184	0.5313	rs508001	4.06	rs7072216	0.412788	8.28	-0.043232	492	32	enet	0.44	2.2e-20	0.44657	0.655
Brain_Hippocampus	/media/kame/Data/_workings/resource/GTEv8//GTExv8.EUR.Brain_Hippocampus/ENSG00000172987.12.wgt.RDat	ENSG00000172987.12	10	99235861	99235862	0.3166	rs2490287	-5.34	rs11189960	0.119652	4.9	-0.847046	412	32	enet	0.051	0.0032	-0.14201	0.887
Brain_Hippocampus	/media/kame/Data/_workings/resource/GTEv8//GTExv8.EUR.Brain_Hippocampus/ENSG00000260475.1.wgt.RDat	ENSG00000260475.1	10	99621054	99621055	0.2434	rs2490287	-5.34	rs2231675	0.054909	4.34	-0.913004	437	29	enet	0.078	0.00031	-0.51763	0.605
Brain_Hippocampus	/media/kame/Data/_workings/resource/GTEv8//GTExv8.EUR.Brain_Hippocampus/ENSG00000107566.13.wgt.RDat	ENSG00000107566.13	10	100188296	100188297	0.1201	rs9888058	-5.1	rs1410079	0.076247	-4.15	-4.222486	393	31	enet	0.064	0.0011	3.0828	0.00205
Brain_Hippocampus	/media/kame/Data/_workings/resource/GTEv8//GTExv8.EUR.Brain_Hippocampus/ENSG00000095485.16.wgt.RDat	ENSG00000095485.16	10	100267679	100267680	0.6301	rs9888058	-5.1	rs11597086	0.331235	7.1	-2.842541	399	58	enet	0.28	3.2e-12	-2.16317	0.0305
Brain_Hippocampus	/media/kame/Data/_workings/resource/GTEv8//GTExv8.EUR.Brain_Hippocampus/ENSG00000196072.11.wgt.RDat	ENSG00000196072.11	10	100286711	100286712	0.3045	rs9888058	-5.1	rs6584356	0.264153	-7	-0.737549	408	24	enet	0.24	1.1e-10	0.8943	0.371
Brain_Hippocampus	/media/kame/Data/_workings/resource/GTEv8//GTExv8.EUR.Brain_Hippocampus/ENSG00000075290.7.wgt.RDat	ENSG00000075290.7	10	100463040	100463041	0.1046	rs9888058	-5.1	rs4919458	0.167984	5.23	1.104382	415	8	enet	0.14	9.3e-07	0.98471	0.325
Brain_Hippocampus	/media/kame/Data/_workings/resource/GTEv8//GTExv8.EUR.Brain_Hippocampus/ENSG00000075826.16.wgt.RDat	ENSG00000075826.16	10	100519863	100519864	0.2272	rs9888058	-5.1	rs4919471	0.164509	-5.21	0.772731	428	30	enet	0.13	3.3e-06	-1.01132	0.312
Brain_Hippocampus	/media/kame/Data/_workings/resource/GTEv8//GTExv8.EUR.Brain_Hippocampus/ENSG00000272572.1.wgt.RDat	ENSG00000272572.1	10	100912567	100912568	0.1589	rs807051	-6.75	rs7902725	0.139376	-5.19	-1.127844	423	8	enet	0.14	1.5e-06	1.24027	0.215
Brain_Hippocampus	/media/kame/Data/_workings/resource/GTEv8//GTExv8.EUR.Brain_Hippocampus/ENSG00000107815.7.wgt.RDat	ENSG00000107815.7	10	100987515	100987516	0.1688	rs807051	-6.75	rs807029	0.034545	-4.06	0.059945	419	17	enet	0.013	0.09	-0.03482	0.972
Brain_Hippocampus	/media/kame/Data/_workings/resource/GTEv8//GTExv8.EUR.Brain_Hippocampus/ENSG00000107819.13.wgt.RDat	ENSG00000107819.13	10	101031233	101031234	0.2271	rs807051	-6.75	rs7099531	0.066257	-4	-0.178501	415	22	enet	0.12	8.5e-06	-3.59454	0.000325
Brain_Hippocampus	/media/kame/Data/_workings/resource/GTEv8//GTExv8.EUR.Brain_Hippocampus/ENSG00000107833.10.wgt.RDat	ENSG00000107833.10	10	101783412	101783413	0.1305	rs10883688	6.05	rs3922860	0.072225	-4.21	3.752164	261	12	enet	0.073	0.00049	-2.03277	0.0421
Brain_Hippocampus	/media/kame/Data/_workings/resource/GTEv8//GTExv8.EUR.Brain_Hippocampus/ENSG00000120049.18.wgt.RDat	ENSG00000120049.18	10	101843919	101843920	0.1482	rs10883688	6.05	rs4466759	0.011373	3.29	3.931111	257	45	enet	0.032	0.016	0.25897	0.796
Brain_Hippocampus	/media/kame/Data/_workings/resource/GTEv8//GTExv8.EUR.Brain_Hippocampus/ENSG00000269609.5.wgt.RDat	ENSG00000269609.5	10	102449816	102449817	0.2019	rs10883782	8.04	rs2282295	0.040844	4.34	1.687048	339	24	enet	0.12	1.1e-05	0.96058	0.337
Brain_Hippocampus	/media/kame/Data/_workings/resource/GTEv8//GTExv8.EUR.Brain_Hippocampus/ENSG00000138111.14.wgt.RDat	ENSG00000138111.14	10	102461394	102461395	0.2896	rs10883782	8.04	rs5870	0.135284	5.03	-2.166712	338	39	enet	0.089	0.00013	-1.13218	0.258
Brain_Hippocampus	/media/kame/Data/_workings/resource/GTEv8//GTExv8.EUR.Brain_Hippocampus/ENSG00000138107.12.wgt.RDat	ENSG00000138107.12	10	102502710	102502711	0.1373	rs10883782	8.04	rs2815401	0.010408	-3.67	-4.878705	333	30	enet	0.018	0.055	1.17219	0.241
Brain_Hippocampus	/media/kame/Data/_workings/resource/GTEv8//GTExv8.EUR.Brain_Hippocampus/ENSG00000107882.11.wgt.RDat	ENSG00000107882.11	10	102503986	102503987	0.1788	rs10883782	8.04	rs5870	0.064752	4.33	-2.166712	333	9	enet	0.093	8.8e-05	0.50634	0.613
Brain_Hippocampus	/media/kame/Data/_workings/resource/GTEv8//GTExv8.EUR.Brain_Hippocampus/ENSG00000166275.15.wgt.RDat	ENSG00000166275.15	10	102854222	102854223	0.2587	rs10883782	8.04	rs4919690	0.136697	-4.83	0.968459	344	14	enet	0.093	8.5e-05	-1.84107	0.0656
Brain_Hippocampus	/media/kame/Data/_workings/resource/GTEv8//GTExv8.EUR.Brain_Hippocampus/ENSG00000214435.7.wgt.RDat	ENSG00000214435.7	10	102869515	102869516	0.3354	rs10883782	8.04	rs4919690	0.206558	-5.84	0.968459	344	14	enet	0.17	1.5e-07	-1.65981	0.097
Brain_Hippocampus	/media/kame/Data/_workings/resource/GTEv8//GTExv8.EUR.Brain_Hippocampus/ENSG00000076685.18.wgt.RDat	ENSG00000076685.18	10	103193305	103193306	0.1794	rs10883782	8.04	rs1163073	0.010622	4.02	-4.662598	351	29	enet	0.053	0.0027	-1.95086	0.0511
Brain_Hippocampus	/media/kame/Data/_workings/resource/GTEv8//GTExv8.EUR.Brain_Hippocampus/ENSG00000065621.14.wgt.RDat	ENSG00000065621.14	10	104268872	104268873	0.6169	rs11599236	6.11	rs156697	0.22409	-6.54	-1.179984	416	51	enet	0.25	3e-11	1.82625	0.0678
Brain_Hippocampus	/media/kame/Data/_workings/resource/GTEv8//GTExv8.EUR.Brain_Hippocampus/ENSG00000228261.1.wgt.RDat	ENSG00000228261.1	10	104323368	104323369	0.2789	rs11599236	6.11	rs156699	0.148452	-5.57	-1.661418	425	11	enet	0.2	4.4e-09	2.02968	0.0424
Brain_Hippocampus	/media/kame/Data/_workings/resource/GTEv8//GTExv8.EUR.Brain_Hippocampus/ENSG00000108039.17.wgt.RDat	ENSG00000108039.17	10	109923552	109923553	0.1952	rs2501574	-3.32	rs10884815	0.028383	-3.72	0.092512	327	18	enet	0.086	0.00016	-1.37905	0.168
Brain_Hippocampus	/media/kame/Data/_workings/resource/GTEv8//GTExv8.EUR.Brain_Hippocampus/ENSG00000119950.20.wgt.RDat	ENSG00000119950.20	10	110207604	110207605	0.2304	rs10749041	4.29	rs2855469	0.038993	4.41	0.194795	371	37	enet	-0.0033	0.48	0.06026	0.952
Brain_Hippocampus	/media/kame/Data/_workings/resource/GTEv8//GTExv8.EUR.Brain_Hippocampus/ENSG00000214413.7.wgt.RDat	ENSG00000214413.7	10	110919273	110919274	0.2587	rs10749041	4.29	rs7084501	0.127808	-5.24	-0.214285	508	27	enet	0.11	1.5e-05	0.53315	0.594
Brain_Hippocampus	/media/kame/Data/_workings/resource/GTEv8//GTExv8.EUR.Brain_Hippocampus/ENSG00000232934.7.wgt.RDat	ENSG00000232934.7	10	112420006	112420007	0.2983	rs17129806	-3.11	rs11195918	0.086735	-4.92	0.032862	456	24	enet	0.22	1.3e-09	-0.84472	0.398
Brain_Hippocampus	/media/kame/Data/_workings/resource/GTEv8//GTExv8.EUR.Brain_Hippocampus/ENSG00000023041.11.wgt.RDat	ENSG00000023041.11	10	112446916	112446917	0.2262	rs17129806	-3.11	rs11195887	0.027219	-3.93	-0.06583	444	43	enet	0.044	0.0059	-0.19106	0.848
Brain_Hippocampus	/media/kame/Data/_workings/resource/GTEv8//GTExv8.EUR.Brain_Hippocampus/ENSG00000165806.19.wgt.RDat	ENSG00000165806.19	10	113679161	113679162	0.396	rs3127080	-4.88	rs3127094	0.165675	5.19	-0.094245	597	39	enet	0.23	3e-10	0.56943	0.569
Brain_Hippocampus	/media/kame/Data/_workings/resource/GTEv8//GTExv8.EUR.Brain_Hippocampus/ENSG00000165650.11.wgt.RDat	ENSG00000165650.11	10	117375466	117375467	0.4701	rs181676	5.65	rs363282	0.224375	-6.15	-0.238882	538	23	enet	0.2	4.1e-09	0.35274	0.724
Brain_Hippocampus	/media/kame/Data/_workings/resource/GTEv8//GTExv8.EUR.Brain_Hippocampus/ENSG00000238276.5.wgt.RDat	ENSG00000238276.5	10	118241642	118241643	0.48	rs2153953	5.46	rs7921255	0.262888	6.42	0.777201	539	24	enet	0.27	5.1e-12	0.90916	0.363
Brain_Hippocampus	/media/kame/Data/_workings/resource/GTEv8//GTExv8.EUR.Brain_Hippocampus/ENSG00000119973.5.wgt.RDat	ENSG00000119973.5	10	118595698	118595699	0.2873	rs2153953	5.46	rs10787849	0.030897	-4.18	-0.373192	495	7	enet	0.06	0.0014	0.48728	0.626
Brain_Hippocampus	/media/kame/Data/_workings/resource/GTEv8//GTExv8.EUR.Brain_Hippocampus/ENSG00000183605.16.wgt.RDat	ENSG00000183605.16	10	119165666	119165667	0.6314	rs494469	-4.74	rs10749291	0.427999	8.05	0.704821	486	5	enet	0.35	1e-15	0.31698	0.751
Brain_Hippocampus	/media/kame/Data/_workings/resource/GTEv8//GTExv8.EUR.Brain_Hippocampus/ENSG00000120008.15.wgt.RDat	ENSG00000120008.15	10	120851345	120851346	0.2736	rs10788079	-4.29	rs10886788	0.099931	-4.87	-0.02645	645	25	enet	0.044	0.0057	0.05528	0.956
Brain_Hippocampus	/media/kame/Data/_workings/resource/GTEv8//GTExv8.EUR.Brain_Hippocampus/ENSG00000226864.2.wgt.RDat	ENSG00000226864.2	10	121928311	121928312	0.753	rs4751881	-5.37	rs11594070	0.09549	5.73	1.037752	630	73	enet	0.49	1.5e-23	-0.01865	0.985
Brain_Hippocampus	/media/kame/Data/_workings/resource/GTEv8//GTExv8.EUR.Brain_Hippocampus/ENSG00000276742.1.wgt.RDat	ENSG00000276742.1	10	121956781	121956782	0.6579	rs4751881	-5.37	rs11200357	0.113408	5.71	1.865369	616	58	enet	0.29	6.6e-13	0.98994	0.322
Brain_Hippocampus	/media/kame/Data/_workings/resource/GTEv8//GTExv8.EUR.Brain_Hippocampus/ENSG00000273891.1.wgt.RDat	ENSG00000273891.1	10	121965763	121965764	0.3867	rs4751881	-5.37	rs6585775	0.171763	-5.17	-1.166098	611	33	enet	0.15	4e-07	1.49911	0.134
Brain_Hippocampus	/media/kame/Data/_workings/resource/GTEv8//GTExv8.EUR.Brain_Hippocampus/ENSG00000138152.8.wgt.RDat	ENSG00000138152.8	10	122271305	122271306	0.2233	rs4751881	-5.37	rs4627016	0.101615	-4.61	-0.225122	598	6	enet	0.038	0.0095	-0.6038	0.546
Brain_Hippocampus	/media/kame/Data/_workings/resource/GTEv8//GTExv8.EUR.Brain_Hippocampus/ENSG00000138161.13.wgt.RDat	ENSG00000138161.13	10	122850792	122850793	0.174	rs11248381	4.1	rs2153669	0.025836	-3.86	-0.268459	534	26	enet	-0.003	0.46	-0.02158	0.983
Brain_Hippocampus	/media/kame/Data/_workings/resource/GTEv8//GTExv8.EUR.Brain_Hippocampus/ENSG00000107902.13.wgt.RDat	ENSG00000107902.13	10	124461833	124461834	0.4561	rs10899	5.79	rs10430737	0.155215	5.92	-0.209375	451	32	enet	0.24	1.1e-10	0.20739	0.836
Brain_Hippocampus	/media/kame/Data/_workings/resource/GTEv8//GTExv8.EUR.Brain_Hippocampus/ENSG00000203791.14.wgt.RDat	ENSG00000203791.14	10	124791869	124791870	0.5249	rs1124734	5.53	rs10901809	0.106185	5.43	3.048276	559	60	enet	0.15	7.2e-07	0.88526	0.376
Brain_Hippocampus	/media/kame/Data/_workings/resource/GTEv8//GTExv8.EUR.Brain_Hippocampus/ENSG00000188690.12.wgt.RDat	ENSG00000188690.12	10	125823247	125823248	0.6752	rs12571387	4.97	rs3814624	0.449537	-8.29	-0.23528	580	28	enet	0.41	4.2e-19	0.11427	0.909
Brain_Hippocampus	/media/kame/Data/_workings/resource/GTEv8//GTExv8.EUR.Brain_Hippocampus/ENSG00000203780.10.wgt.RDat	ENSG00000203780.10	10	125896538	125896539	0.271	rs12571387	4.97	rs7092022	0.014245	-3.97	1.483882	591	48	enet	0.013	0.085	-0.516	0.606
Brain_Hippocampus	/media/kame/Data/_workings/resource/GTEv8//GTExv8.EUR.Brain_Hippocampus/ENSG00000170430.9.wgt.RDat	ENSG00000170430.9	10	129467183	129467184	0.4961	rs7905095	6.7	rs1008982	0.331415	-7.28	5.762754	589	23	enet	0.31	1.2e-13	-2.24205	0.025
Brain_Hippocampus	/media/kame/Data/_workings/resource/GTEv8//GTExv8.EUR.Brain_Hippocampus/ENSG00000188385.11.wgt.RDat	ENSG00000188385.11	10	132104670	132104671	0.7596	rs7912273	5.03	rs11592585	0.448792	8.53	0.054397	477	16	enet	0.47	2.4e-22	0.02093	0.983
Brain_Hippocampus	/media/kame/Data/_workings/resource/GTEv8//GTExv8.EUR.Brain_Hippocampus/ENSG00000235010.1.wgt.RDat	ENSG00000235010.1	10	132185961	132185962	0.4072	rs7912273	5.03	rs923662	0.175226	5.72	0.246495	438	38	enet	0.16	1.6e-07	0.16294	0.871
Brain_Hippocampus	/media/kame/Data/_workings/resource/GTEv8//GTExv8.EUR.Brain_Hippocampus/ENSG00000148814.17.wgt.RDat	ENSG00000148814.17	10	132332153	132332154	0.4532	rs7912273	5.03	rs2295273	0.182301	5.66	-0.55177	433	10	enet	0.19	2e-08	-0.41864	0.675
Brain_Hippocampus	/media/kame/Data/_workings/resource/GTEv8//GTExv8.EUR.Brain_Hippocampus/ENSG00000229081.1.wgt.RDat	ENSG00000229081.1	10	132522448	132522449	0.4333	rs7912273	5.03	rs12762160	0.213797	6.15	-1.697197	474	17	enet	0.19	2.3e-08	-1.01568	0.31
Brain_Hippocampus	/media/kame/Data/_workings/resource/GTEv8//GTExv8.EUR.Brain_Hippocampus/ENSG00000151651.15.wgt.RDat	ENSG00000151651.15	10	133276867	133276868	0.2662	rs9419288	4	rs1573041	0.061313	-4.45	-0.355039	400	26	enet	0.037	0.01	1.51748	0.129
Brain_Hippocampus	/media/kame/Data/_workings/resource/GTEv8//GTExv8.EUR.Brain_Hippocampus/ENSG00000148824.18.wgt.RDat	ENSG00000148824.18	10	133394093	133394094	0.7668	rs9419288	4	rs2265641	0.444466	8.26	-0.469755	336	112	enet	0.38	1.6e-17	-0.38377	0.701
Brain_Hippocampus	/media/kame/Data/_workings/resource/GTEv8//GTExv8.EUR.Brain_Hippocampus/ENSG00000171772.15.wgt.RDat	ENSG00000171772.15	10	133569834	133569835	0.1817	rs11593607	-4.61	rs7089803	0.035346	-4.45	3.208099	275	16	enet	0.038	0.0096	-2.19105	0.0284
Brain_Hippocampus	/media/kame/Data/_workings/resource/GTEv8//GTExv8.EUR.Brain_Hippocampus/ENSG00000177963.14.wgt.RDat	ENSG00000177963.14	11	207510	207511	0.2595	rs11246226	-2.87	rs505404	0.01485	-3.91	0.16293	281	9	enet	0.061	0.0014	0.372398	0.71
Brain_Hippocampus	/media/kame/Data/_workings/resource/GTEv8//GTExv8.EUR.Brain_Hippocampus/ENSG00000185627.17.wgt.RDat	ENSG00000185627.17	11	236545	236546	0.5087	rs11246226	-2.87	rs3825075	0.29162	6.76	0.488	295	22	enet	0.24	7.4e-11	0.142938	0.886
Brain_Hippocampus	/media/kame/Data/_workings/resource/GTEv8//GTExv8.EUR.Brain_Hippocampus/ENSG00000277290.1.wgt.RDat	ENSG00000277290.1	11	243482	243483	0.391	rs11246226	-2.87	rs3825075	0.22391	6.06	0.488	297	15	enet	0.22	1.1e-09	0.331242	0.74
Brain_Hippocampus	/media/kame/Data/_workings/resource/GTEv8//GTExv8.EUR.Brain_Hippocampus/ENSG00000142102.15.wgt.RDat	ENSG00000142102.15	11	289137	289138	0.7517	rs11246226	-2.87	rs2242566	0.2405	7.4	-0.48788	318	26	enet	0.48	4.5e-23	-0.325818	0.745
Brain_Hippocampus	/media/kame/Data/_workings/resource/GTEv8//GTExv8.EUR.Brain_Hippocampus/ENSG00000251661.3.wgt.RDat	ENSG00000251661.3	11	318639	318640	0.3334	rs11246226	-2.87	rs7944394	0.04183	-4.66	-1.22634	330	17	enet	0.22	8.7e-10	0.753092	0.451
Brain_Hippocampus	/media/kame/Data/_workings/resource/GTEv8//GTExv8.EUR.Brain_Hippocampus/ENSG00000255328.1.wgt.RDat	ENSG00000255328.1	11	327170	327171	0.6495	rs11246226	-2.87	rs7944394	0.40832	7.86	-1.22634	333	41	enet	0.47	3.5e-22	-0.319298	0.75
Brain_Hippocampus	/media/kame/Data/_workings/resource/GTEv8//GTExv8.EUR.Brain_Hippocampus/ENSG00000270972.1.wgt.RDat	ENSG00000270972.1	11	333191	333192	0.3561	rs11246226	-2.87	rs6598040	0.15242	5.35	-1.03321	337	7	enet	0.12	5.9e-06	-1.122418	0.262
Brain_Hippocampus	/media/kame/Data/_workings/resource/GTEv8//GTExv8.EUR.Brain_Hippocampus/ENSG00000185187.12.wgt.RDat	ENSG00000185187.12	11	417396	417397	0.4687	rs11246226	-2.87	rs35828848	0.22416	-6.58	0.05059	375	23	enet	0.19	9.5e-09	0.390045	0.697
Brain_Hippocampus	/media/kame/Data/_workings/resource/GTEv8//GTExv8.EUR.Brain_Hippocampus/ENSG00000023191.16.wgt.RDat	ENSG00000023191.16	11	507299	507300	0.1966	rs11246226	-2.87	rs7481614	0.00318	-3.98	0.17919	420	29	enet	0.048	0.0039	2.004017	0.0451
Brain_Hippocampus	/media/kame/Data/_workings/resource/GTEv8//GTExv8.EUR.Brain_Hippocampus/ENSG00000174775.16.wgt.RDat	ENSG00000174775.16	11	537286	537287	0.3375	rs11246226	-2.87	rs35579818	0.16285	-5.4	-0.53122	432	28	enet	0.17	6.9e-08	1.346343	0.178
Brain_Hippocampus	/media/kame/Data/_workings/resource/GTEv8//GTExv8.EUR.Brain_Hippocampus/ENSG00000161328.10.wgt.RDat	ENSG00000161328.10	11	537526	537527	0.2834	rs11246226	-2.87	rs35601764	0.10087	4.65	-1.67472	432	23	enet	0.14	1.4e-06	-0.414672	0.678
Brain_Hippocampus	/media/kame/Data/_workings/resource/GTEv8//GTExv8.EUR.Brain_Hippocampus/ENSG00000254815.5.wgt.RDat	ENSG00000254815.5	11	557640	557641	0.3401	rs11246226	-2.87	rs12802200	0.21897	5.81	1.06133	437	42	enet	0.16	3.5e-07	-1.093176	0.274
Brain_Hippocampus	/media/kame/Data/_workings/resource/GTEv8//GTExv8.EUR.Brain_Hippocampus/ENSG00000070031.3.wgt.RDat	ENSG00000070031.3	11	627142	627143	0.4532	rs11246226	-2.87	rs11246234	0.0857	-4.6	-1.00757	469	61	enet	0.15	4.3e-07	-1.470801	0.141
Brain_Hippocampus	/media/kame/Data/_workings/resource/GTEv8//GTExv8.EUR.Brain_Hippocampus/ENSG00000069696.6.wgt.RDat	ENSG00000069696.6	11	637292	637293	0.2389	rs11246226	-2.87	rs11246217	0.01546	-4.26	0.01608	471	39	enet	0.063	0.0012	-0.030183	0.976
Brain_Hippocampus	/media/kame/Data/_workings/resource/GTEv8//GTExv8.EUR.Brain_Hippocampus/ENSG00000177042.14.wgt.RDat	ENSG00000177042.14	11	695532	695533	0.6371	rs11246226	-2.87	rs11246262	0.4702	-8.41	0.04253	480	22	enet	0.47	1.7e-22	-0.530251	0.596
Brain_Hippocampus	/media/kame/Data/_workings/resource/GTEv8//GTExv8.EUR.Brain_Hippocampus/ENSG00000255284.1.wgt.RDat	ENSG00000255284.1	11	777577	777578	0.5268	rs11246226	-2.87	rs4963153	0.34614	7.35	0.16198	431	30	enet	0.26	1.8e-11	0.206459	0.836
Brain_Hippocampus	/media/kame/Data/_workings/resource/GTEv8//GTExv8.EUR.Brain_Hippocampus/ENSG00000279672.1.wgt.RDat	ENSG00000279672.1	11	779616	779617	0.7868	rs11246226	-2.87	rs4963153	0.47859	8.75	0.16198	433	32	enet	0.47	1.2e-22	-0.208627	0.835
Brain_Hippocampus	/media/kame/Data/_workings/resource/GTEv8//GTExv8.EUR.Brain_Hippocampus/ENSG00000255142.1.wgt.RDat	ENSG00000255142.1	11	781644	781645	0.2723	rs868903	-2.97	rs4963153	0.09171	4.63	0.16198	434	10	enet	0.057	0.002	0.326892	0.744
Brain_Hippocampus	/media/kame/Data/_workings/resource/GTEv8//GTExv8.EUR.Brain_Hippocampus/ENSG00000177595.17.wgt.RDat	ENSG00000177595.17	11	809645	809646	0.2528	rs11246226	-2.87	rs7395429	0.00563	3.91	-2.35722	424	21	enet	0.058	0.0017	-1.433423	0.152
Brain_Hippocampus	/media/kame/Data/_workings/resource/GTEv8//GTExv8.EUR.Brain_Hippocampus/ENSG00000177697.17.wgt.RDat	ENSG00000177697.17	11	832883	832884	0.4792	rs11246226	-2.87	rs7947690	0.27124	-6.61	0.24708	420	26	enet	0.21	3.1e-09	-0.598167	0.55
Brain_Hippocampus	/media/kame/Data/_workings/resource/GTEv8//GTExv8.EUR.Brain_Hippocampus/ENSG00000254872.3.wgt.RDat	ENSG00000254872.3	11	1049879	1049880	0.168	rs1106245	-5.25	rs10902230	0.05243	-3.92	0.09824	397	3	enet	0.00047	0.3	-0.09244	0.926
Brain_Hippocampus	/media/kame/Data/_workings/resource/GTEv8//GTExv8.EUR.Brain_Hippocampus/ENSG00000233930.3.wgt.RDat	ENSG00000233930.3	11	1571352	1571353	0.4169	rs1106245	-5.25	rs1809668	0.45314	8.38	-1.11093	357	16	enet	0.44	8.5e-21	-1.115859	0.264
Brain_Hippocampus	/media/kame/Data/_workings/resource/GTEv8//GTExv8.EUR.Brain_Hippocampus/ENSG00000110665.11.wgt.RDat	ENSG00000110665.11	11	2303048	2303049	0.4154	rs179785	4.94	rs7941928	0.01122	-4.3	0.69649	423	27	enet	0.086	0.00016	-1.530521	0.126
Brain_Hippocampus	/media/kame/Data/_workings/resource/GTEv8//GTExv8.EUR.Brain_Hippocampus/ENSG00000005801.16.wgt.RDat	ENSG00000005801.16	11	3379221	3379222	0.2404	rs6578314	-5.97	rs11026708	0.1256	-4.84	-1.97461	412	9	enet	0.018	0.056	1.868784	0.0617
Brain_Hippocampus	/media/kame/Data/_workings/resource/GTEv8//GTExv8.EUR.Brain_Hippocampus/ENSG00000167325.14.wgt.RDat	ENSG00000167325.14	11	4094706	4094707	0.2641	rs11600857	5	rs725519	0.14919	5.59	0.4782	507	31	enet	0.13	2.6e-06	0.296119	0.767
Brain_Hippocampus	/media/kame/Data/_workings/resource/GTEv8//GTExv8.EUR.Brain_Hippocampus/ENSG00000225101.4.wgt.RDat	ENSG00000225101.4	11	4474812	4474813	0.2398	rs10836536	-3.76	rs2278171	0.01206	-3.7	-0.01583	625	27	enet	0.035	0.013	-0.322706	0.747
Brain_Hippocampus	/media/kame/Data/_workings/resource/GTEv8//GTExv8.EUR.Brain_Hippocampus/ENSG00000213931.5.wgt.RDat	ENSG00000213931.5	11	5281950	5281951	0.2273	rs16934565	-4.46	rs4094102	0.02068	-3.84	-3.12446	907	13	enet	0.066	0.00088	0.845851	0.398
Brain_Hippocampus	/media/kame/Data/_workings/resource/GTEv8//GTExv8.EUR.Brain_Hippocampus/ENSG00000175518.6.wgt.RDat	ENSG00000175518.6	11	5516704	5516705	0.236	rs16934565	-4.46	rs10742719	0.03151	4.12	0.21017	873	43	enet	0.14	1.5e-06	0.085055	0.932
Brain_Hippocampus	/media/kame/Data/_workings/resource/GTEv8//GTExv8.EUR.Brain_Hippocampus/ENSG00000051009.10.wgt.RDat	ENSG00000051009.10	11	6234710	6234711	0.2912	rs16926732	3.92	rs11601498	0.0445	3.67	-0.51495	612	16	enet	0.011	0.1	-0.76955	0.442
Brain_Hippocampus	/media/kame/Data/_workings/resource/GTEv8//GTExv8.EUR.Brain_Hippocampus/ENSG00000166436.15.wgt.RDat	ENSG00000166436.15	11	8671865	8671866	0.3695	rs2073685	8.35	rs16937956	0.15154	-6.32	-0.37891	498	30	enet	0.33	1.6e-14	1.163977	0.244
Brain_Hippocampus	/media/kame/Data/_workings/resource/GTEv8//GTExv8.EUR.Brain_Hippocampus/ENSG00000254860.5.wgt.RDat	ENSG00000254860.5	11	8964773	8964774	0.4833	rs2073685	8.35	rs3815991	0.25359	6.73	2.3157	360	21	enet	0.25	3.7e-11	2.485722	0.0129
Brain_Hippocampus	/media/kame/Data/_workings/resource/GTEv8//GTExv8.EUR.Brain_Hippocampus/ENSG00000175356.12.wgt.RDat	ENSG00000175356.12	11	9138113	9138114	0.2338	rs2073685	8.35	rs7109896	-0.00383	3.38	-1.76945	366	27	enet	0.023	0.034	-0.727253	0.467
Brain_Hippocampus	/media/kame/Data/_workings/resource/GTEv8//GTExv8.EUR.Brain_Hippocampus/ENSG00000166478.9.wgt.RDat	ENSG00000166478.9	11	9460702	9460703	0.2244	rs7935532	-6.75	rs972594	0.09657	4.93	-1.38832	394	22	enet	0.1	3.9e-05	0.098289	0.922
Brain_Hippocampus	/media/kame/Data/_workings/resource/GTEv8//GTExv8.EUR.Brain_Hippocampus/ENSG00000133805.15.wgt.RDat	ENSG00000133805.15	11	10308312	10308313	0.531	rs11042714	7.99	rs6484290	0.31089	6.99	0.69579	485	28	enet	0.32	2e-14	0.289618	0.772
Brain_Hippocampus	/media/kame/Data/_workings/resource/GTEv8//GTExv8.EUR.Brain_Hippocampus/ENSG00000110315.6.wgt.RDat	ENSG00000110315.6	11	10541229	10541230	0.2695	rs1601588	-8.09	rs10500727	0.00852	3.85	2.39258	518	25	enet	0.077	0.00035	1.247908	0.212
Brain_Hippocampus	/media/kame/Data/_workings/resource/GTEv8//GTExv8.EUR.Brain_Hippocampus/ENSG00000177112.7.wgt.RDat	ENSG00000177112.7	11	10541271	10541272	0.388	rs1601588	-8.09	rs1462941	0.26766	-6.5	-0.37914	518	6	enet	0.21	3.4e-09	0.323147	0.747
Brain_Hippocampus	/media/kame/Data/_workings/resource/GTEv8//GTExv8.EUR.Brain_Hippocampus/ENSG00000260196.1.wgt.RDat	ENSG00000260196.1	11	17380648	17380649	0.2665	rs12793095	-6.86	rs973323	-0.00379	-3.13	-0.60652	520	57	enet	0.033	0.015	-0.889715	0.374
Brain_Hippocampus	/media/kame/Data/_workings/resource/GTEv8//GTExv8.EUR.Brain_Hippocampus/ENSG00000006071.12.wgt.RDat	ENSG00000006071.12	11	17476844	17476845	0.2474	rs12793095	-6.86	rs7111475	0.02217	4.25	0.30542	507	32	enet	0.061	0.0013	0.611268	0.541
Brain_Hippocampus	/media/kame/Data/_workings/resource/GTEv8//GTExv8.EUR.Brain_Hippocampus/ENSG00000166788.9.wgt.RDat	ENSG00000166788.9	11	18106090	18106091	0.2734	rs12793095	-6.86	rs11024460	0.16419	-5.25	2.09131	425	22	enet	0.17	8e-08	-1.02451	0.306
Brain_Hippocampus	/media/kame/Data/_workings/resource/GTEv8//GTExv8.EUR.Brain_Hippocampus/ENSG00000110768.11.wgt.RDat	ENSG00000110768.11	11	18322294	18322295	0.3388	rs2403254	-5.8	rs10741741	0.17833	-5.42	-1.87565	437	15	enet	0.08	0.00026	3.231304	0.00123
Brain_Hippocampus	/media/kame/Data/_workings/resource/GTEv8//GTExv8.EUR.Brain_Hippocampus/ENSG00000166796.11.wgt.RDat	ENSG00000166796.11	11	18412306	18412307	0.5696	rs2403254	-5.8	rs11601413	0.44201	8.27	-2.22097	444	9	enet	0.41	1.1e-18	-2.140568	0.0323
Brain_Hippocampus	/media/kame/Data/_workings/resource/GTEv8//GTExv8.EUR.Brain_Hippocampus/ENSG00000109854.13.wgt.RDat	ENSG00000109854.13	11	20363684	20363685	0.2607	rs1401793	-5.65	rs10833312	0.36359	-7.43	0.32099	705	15	enet	0.31	7.3e-14	-0.34091	0.733
Brain_Hippocampus	/media/kame/Data/_workings/resource/GTEv8//GTExv8.EUR.Brain_Hippocampus/ENSG00000134343.12.wgt.RDat	ENSG00000134343.12	11	26309598	26309599	0.2687	rs7942403	-4.95	rs11029158	0.00115	3.77	-0.33024	549	21	enet	-0.0013	0.37	-1.418031	0.156
Brain_Hippocampus	/media/kame/Data/_workings/resource/GTEv8//GTExv8.EUR.Brain_Hippocampus/ENSG00000245573.7.wgt.RDat	ENSG00000245573.7	11	27506837	27506838	0.1725	rs2172229	5.71	rs10835210	0.07068	4.32	-0.5392	382	11	enet	0.064	0.001	0.022373	0.982
Brain_Hippocampus	/media/kame/Data/_workings/resource/GTEv8//GTExv8.EUR.Brain_Hippocampus/ENSG00000169519.20.wgt.RDat	ENSG00000169519.20	11	28108308	28108309	0.1079	rs7952220	12.75	rs4572130	0.07972	-4.19	2.3642	296	20	enet	0.055	0.0022	-0.496047	0.62
Brain_Hippocampus	/media/kame/Data/_workings/resource/GTEv8//GTExv8.EUR.Brain_Hippocampus/ENSG00000152219.4.wgt.RDat	ENSG00000152219.4	11	30323050	30323051	0.2047	rs2021807	-5	rs640245	0.11664	-5.05	-1.32832	388	9	enet	0.091	1e-04	0.65675	0.511
Brain_Hippocampus	/media/kame/Data/_workings/resource/GTEv8//GTExv8.EUR.Brain_Hippocampus/ENSG00000242353.1.wgt.RDat	ENSG00000242353.1	11	30368147	30368148	0.1767	rs2021807	-5	rs528292	0.10428	-4.53	-0.00765	399	7	enet	0.054	0.0024	0.12696	0.899
Brain_Hippocampus	/media/kame/Data/_workings/resource/GTEv8//GTExv8.EUR.Brain_Hippocampus/ENSG00000060749.14.wgt.RDat	ENSG00000060749.14	11	32893177	32893178	0.2482	rs3898926	-3.01	rs10454479	0.1301	-4.85	-0.36814	327	21	enet	0.054	0.0024	0.312466	0.755
Brain_Hippocampus	/media/kame/Data/_workings/resource/GTEv8//GTExv8.EUR.Brain_Hippocampus/ENSG00000176148.15.wgt.RDat	ENSG00000176148.15	11	33039416	33039417	0.3575	rs3898926	-3.01	rs12805743	0.04528	4.22	-0.06679	306	7	enet	0.039	0.0088	0.114973	0.908
Brain_Hippocampus	/media/kame/Data/_workings/resource/GTEv8//GTExv8.EUR.Brain_Hippocampus/ENSG00000280798.1.wgt.RDat	ENSG00000280798.1	11	33076460	33076461	0.3282	rs3898926	-3.01	rs1033716	0.07954	-4.58	-0.81781	305	7	enet	0.082	0.00022	0.879135	0.379
Brain_Hippocampus	/media/kame/Data/_workings/resource/GTEv8//GTExv8.EUR.Brain_Hippocampus/ENSG00000085063.14.wgt.RDat	ENSG00000085063.14	11	33736444	33736445	0.345	rs2038602	5.21	rs3794200	0.16772	-5.58	0.91214	439	18	enet	0.14	1.2e-06	-0.931004	0.352
Brain_Hippocampus	/media/kame/Data/_workings/resource/GTEv8//GTExv8.EUR.Brain_Hippocampus/ENSG00000149089.12.wgt.RDat	ENSG00000149089.12	11	34916498	34916499	0.778	rs7119850	-3.34	rs1117050	0.67657	10.07	-1.11787	688	18	enet	0.65	5.5e-36	-1.119714	0.263
Brain_Hippocampus	/media/kame/Data/_workings/resource/GTEv8//GTExv8.EUR.Brain_Hippocampus/ENSG00000135362.13.wgt.RDat	ENSG00000135362.13	11	36296287	36296288	0.221	rs16928442	-5.42	rs331434	0.05085	4.6	0.15899	609	21	enet	0.057	0.0018	-0.314507	0.753
Brain_Hippocampus	/media/kame/Data/_workings/resource/GTEv8//GTExv8.EUR.Brain_Hippocampus/ENSG00000052841.14.wgt.RDat	ENSG00000052841.14	11	43358931	43358932	0.202	rs770770	6.64	rs1061810	-0.00231	3.35	-1.69845	453	60	enet	-0.0067	0.91	1.11732	0.264
Brain_Hippocampus	/media/kame/Data/_workings/resource/GTEv8//GTExv8.EUR.Brain_Hippocampus/ENSG00000149084.12.wgt.RDat	ENSG00000149084.12	11	43680679	43680680	0.563	rs770770	6.64	rs1061810	0.53456	-9.31	-1.69845	489	24	enet	0.56	1.4e-28	0.94748	0.343
Brain_Hippocampus	/media/kame/Data/_workings/resource/GTEv8//GTExv8.EUR.Brain_Hippocampus/ENSG00000283375.1.wgt.RDat	ENSG00000283375.1	11	43856403	43856404	0.6404	rs11037589	6.58	rs1061810	0.51381	-9.06	-1.69845	508	23	enet	0.49	7.8e-24	1.506385	0.132
Brain_Hippocampus	/media/kame/Data/_workings/resource/GTEv8//GTExv8.EUR.Brain_Hippocampus/ENSG00000166199.12.wgt.RDat	ENSG00000166199.12	11	43880810	43880811	0.3931	rs11037589	6.58	rs6485475	0.07381	4.92	0.32942	508	31	enet	0.17	1.1e-07	0.575248	0.565
Brain_Hippocampus	/media/kame/Data/_workings/resource/GTEv8//GTExv8.EUR.Brain_Hippocampus/ENSG00000110455.13.wgt.RDat	ENSG00000110455.13	11	44065924	44065925	0.67	rs11037589	6.58	rs178501	0.13724	5.6	0.31006	528	16	enet	0.18	2.5e-08	0.346986	0.729
Brain_Hippocampus	/media/kame/Data/_workings/resource/GTEv8//GTExv8.EUR.Brain_Hippocampus/ENSG00000085117.11.wgt.RDat	ENSG00000085117.11	11	44564426	44564427	0.3999	rs3853292	-4.15	rs7935166	0.23657	6.07	-1.27195	596	24	enet	0.27	7.3e-12	-1.614956	0.106
Brain_Hippocampus	/media/kame/Data/_workings/resource/GTEv8//GTExv8.EUR.Brain_Hippocampus/ENSG00000254427.1.wgt.RDat	ENSG00000254427.1	11	45355370	45355371	0.3366	rs6485625	-5.44	rs1530872	0.12428	5.35	0.16496	504	14	enet	0.25	5.1e-11	0.213361	0.831
Brain_Hippocampus	/media/kame/Data/_workings/resource/GTEv8//GTExv8.EUR.Brain_Hippocampus/ENSG00000205106.4.wgt.RDat	ENSG00000205106.4	11	45771431	45771432	0.3085	rs6485625	-5.44	rs3824872	0.15772	4.95	-0.1282	386	30	enet	0.13	3.6e-06	0.310361	0.756
Brain_Hippocampus	/media/kame/Data/_workings/resource/GTEv8//GTExv8.EUR.Brain_Hippocampus/ENSG00000025434.18.wgt.RDat	ENSG00000025434.18	11	47248299	47248300	0.1845	rs3729989	5.72	rs11039035	0.03006	3.73	1.61374	296	36	enet	0.033	0.015	0.932886	0.351
Brain_Hippocampus	/media/kame/Data/_workings/resource/GTEv8//GTExv8.EUR.Brain_Hippocampus/ENSG00000172247.3.wgt.RDat	ENSG00000172247.3	11	47594658	47594659	0.4253	rs3729989	5.72	rs4752801	0.05128	-3.58	-0.53159	286	18	enet	0.0045	0.2	-0.784958	0.432
Brain_Hippocampus	/media/kame/Data/_workings/resource/GTEv8//GTExv8.EUR.Brain_Hippocampus/ENSG00000109919.9.wgt.RDat	ENSG00000109919.9	11	47642622	47642623	0.1425	rs3729989	5.72	rs34958982	0.10066	4.41	2.10669	288	18	enet	0.069	0.00068	1.108068	0.268
Brain_Hippocampus	/media/kame/Data/_workings/resource/GTEv8//GTExv8.EUR.Brain_Hippocampus/ENSG00000030066.13.wgt.RDat	ENSG00000030066.13	11	47848554	47848555	0.1362	rs7102372	5.2	rs10769307	0.08015	4.54	4.59077	263	10	enet	0.095	7.1e-05	4.492645	7.03e-06
Brain_Hippocampus	/media/kame/Data/_workings/resource/GTEv8//GTExv8.EUR.Brain_Hippocampus/ENSG00000149177.12.wgt.RDat	ENSG00000149177.12	11	47980557	47980558	0.1291	rs17726787	5.1	rs3741410	0.0582	4.25	1.22039	237	26	enet	0.054	0.0024	1.441103	0.15
Brain_Hippocampus	/media/kame/Data/_workings/resource/GTEv8//GTExv8.EUR.Brain_Hippocampus/ENSG00000086205.16.wgt.RDat	ENSG00000086205.16	11	49208669	49208670	0.0993	rs12797853	3.32	rs660439	0.05484	3.81	1.12374	170	13	enet	0.019	0.049	0.306528	0.759
Brain_Hippocampus	/media/kame/Data/_workings/resource/GTEv8//GTExv8.EUR.Brain_Hippocampus/ENSG00000205035.8.wgt.RDat	ENSG00000205035.8	11	49558545	49558546	0.2146	rs12797853	3.32	rs7928714	0.20571	-6.09	-1.13147	206	30	enet	0.2	3.9e-09	1.403976	0.16
Brain_Hippocampus	/media/kame/Data/_workings/resource/GTEv8//GTExv8.EUR.Brain_Hippocampus/ENSG00000255190.2.wgt.RDat	ENSG00000255190.2	11	49874944	49874945	0.3416	rs7933877	-3.25	rs2007068	0.21613	-6.47	-0.60876	208	33	enet	0.26	1.7e-11	1.786548	0.074
Brain_Hippocampus	/media/kame/Data/_workings/resource/GTEv8//GTExv8.EUR.Brain_Hippocampus/ENSG00000265566.2.wgt.RDat	ENSG00000265566.2	11	57528364	57528365	0.1735	rs7117205	16.44	rs2729371	0.13669	5.45	-0.82629	379	9	enet	0.07	0.00064	-0.47412	0.635
Brain_Hippocampus	/media/kame/Data/_workings/resource/GTEv8//GTExv8.EUR.Brain_Hippocampus/ENSG00000134809.8.wgt.RDat	ENSG00000134809.8	11	57530802	57530803	0.3732	rs7117205	16.44	rs2649662	0.26031	6.66	-0.5615	378	16	enet	0.23	4e-10	-0.46223	0.644
Brain_Hippocampus	/media/kame/Data/_workings/resource/GTEv8//GTExv8.EUR.Brain_Hippocampus/ENSG00000214872.8.wgt.RDat	ENSG00000214872.8	11	57542640	57542641	0.3637	rs7117205	16.44	rs2729382	0.1256	5.9	-0.1921	379	32	enet	0.26	1.4e-11	-1.24548	0.213
Brain_Hippocampus	/media/kame/Data/_workings/resource/GTEv8//GTExv8.EUR.Brain_Hippocampus/ENSG00000242689.2.wgt.RDat	ENSG00000242689.2	11	58622672	58622673	0.2802	rs7938062	7.15	rs1800169	-0.00584	3.38	0.44197	391	22	enet	0.013	0.086	-0.608654	0.543
Brain_Hippocampus	/media/kame/Data/_workings/resource/GTEv8//GTExv8.EUR.Brain_Hippocampus/ENSG00000280010.1.wgt.RDat	ENSG00000280010.1	11	58627434	58627435	0.2068	rs7938062	7.15	rs10750901	0.02014	4.18	-0.18668	386	16	enet	0.038	0.0092	1.045232	0.296
Brain_Hippocampus	/media/kame/Data/_workings/resource/GTEv8//GTExv8.EUR.Brain_Hippocampus/ENSG00000166928.10.wgt.RDat	ENSG00000166928.10	11	60396013	60396014	0.2526	rs7930400	3.5	rs2233244	0.25964	-6.41	0.03622	450	17	enet	0.25	4.1e-11	-0.152345	0.879
Brain_Hippocampus	/media/kame/Data/_workings/resource/GTEv8//GTExv8.EUR.Brain_Hippocampus/ENSG00000187049.9.wgt.RDat	ENSG00000187049.9	11	61391686	61391687	0.2072	rs11230664	-10.54	rs3019187	0.1524	5.24	0.16559	365	14	enet	0.12	1.2e-05	-0.993112	0.321
Brain_Hippocampus	/media/kame/Data/_workings/resource/GTEv8//GTExv8.EUR.Brain_Hippocampus/ENSG00000149485.18.wgt.RDat	ENSG00000149485.18	11	61829317	61829318	0.4098	rs12791961	-10.08	rs174555	0.22005	-5.86	-0.88869	426	19	enet	0.2	4.2e-09	1.489315	0.136
Brain_Hippocampus	/media/kame/Data/_workings/resource/GTEv8//GTExv8.EUR.Brain_Hippocampus/ENSG00000149541.9.wgt.RDat	ENSG00000149541.9	11	62622174	62622175	0.2614	rs2509973	-6.32	rs35587183	0.16622	5.49	0.7327	379	12	enet	0.17	1.1e-07	1.131849	0.258
Brain_Hippocampus	/media/kame/Data/_workings/resource/GTEv8//GTExv8.EUR.Brain_Hippocampus/ENSG00000255717.6.wgt.RDat	ENSG00000255717.6	11	62855913	62855914	0.2783	rs2509973	-6.32	rs10897294	0.12541	5.28	-1.8351	317	24	enet	0.066	0.00089	-1.345627	0.178
Brain_Hippocampus	/media/kame/Data/_workings/resource/GTEv8//GTExv8.EUR.Brain_Hippocampus/ENSG00000149743.13.wgt.RDat	ENSG00000149743.13	11	64225869	64225870	0.4614	rs6591843	4.77	rs1544538	0.16074	-5.41	-0.32225	340	32	enet	0.12	6.3e-06	0.473803	0.636
Brain_Hippocampus	/media/kame/Data/_workings/resource/GTEv8//GTExv8.EUR.Brain_Hippocampus/ENSG00000257086.1.wgt.RDat	ENSG00000257086.1	11	64249493	64249494	0.3587	rs6591843	4.77	rs12794145	0.16457	5.92	0.43713	339	18	enet	0.18	3.2e-08	-1.188598	0.235
Brain_Hippocampus	/media/kame/Data/_workings/resource/GTEv8//GTExv8.EUR.Brain_Hippocampus/ENSG00000219435.5.wgt.RDat	ENSG00000219435.5	11	64300390	64300391	0.4708	rs6591843	4.77	rs477895	0.29722	-6.91	-0.1133	349	13	enet	0.28	1.3e-12	0.192917	0.847
Brain_Hippocampus	/media/kame/Data/_workings/resource/GTEv8//GTExv8.EUR.Brain_Hippocampus/ENSG00000168071.21.wgt.RDat	ENSG00000168071.21	11	64340222	64340223	0.2423	rs6591843	4.77	rs516124	0.00246	-3.92	2.79902	349	24	enet	0.022	0.038	-1.043231	0.297
Brain_Hippocampus	/media/kame/Data/_workings/resource/GTEv8//GTExv8.EUR.Brain_Hippocampus/ENSG00000068976.13.wgt.RDat	ENSG00000068976.13	11	64760296	64760297	0.1966	rs6591843	4.77	rs10897526	0.11466	-4.59	0.75898	341	32	enet	0.063	0.0011	-0.163482	0.87
Brain_Hippocampus	/media/kame/Data/_workings/resource/GTEv8//GTExv8.EUR.Brain_Hippocampus/ENSG00000110025.12.wgt.RDat	ENSG00000110025.12	11	65027407	65027408	0.1912	rs612392	-3.22	rs562590	0.08015	-4.32	0.26084	326	9	enet	0.031	0.018	0.091858	0.927
Brain_Hippocampus	/media/kame/Data/_workings/resource/GTEv8//GTExv8.EUR.Brain_Hippocampus/ENSG00000254614.2.wgt.RDat	ENSG00000254614.2	11	65181685	65181686	0.3088	rs612392	-3.22	rs3953797	0.24697	-6.26	-0.44387	323	7	enet	0.19	2e-08	0.177747	0.859
Brain_Hippocampus	/media/kame/Data/_workings/resource/GTEv8//GTExv8.EUR.Brain_Hippocampus/ENSG00000014138.8.wgt.RDat	ENSG00000014138.8	11	65261761	65261762	0.2182	rs612392	-3.22	rs676114	-0.00599	-3.52	-0.41359	326	33	enet	-0.0047	0.58	-0.167393	0.867
Brain_Hippocampus	/media/kame/Data/_workings/resource/GTEv8//GTExv8.EUR.Brain_Hippocampus/ENSG00000173825.6.wgt.RDat	ENSG00000173825.6	11	65354766	65354767	0.1784	rs612392	-3.22	rs1783486	0.03962	3.79	-1.48172	337	38	enet	-0.0015	0.38	-1.555642	0.12
Brain_Hippocampus	/media/kame/Data/_workings/resource/GTEv8//GTExv8.EUR.Brain_Hippocampus/ENSG00000245532.7.wgt.RDat	ENSG00000245532.7	11	65422773	65422774	0.204	rs612392	-3.22	rs694243	0.16627	5.21	-1.11817	356	11	enet	0.12	7.1e-06	-1.242089	0.214
Brain_Hippocampus	/media/kame/Data/_workings/resource/GTEv8//GTExv8.EUR.Brain_Hippocampus/ENSG00000172922.8.wgt.RDat	ENSG00000172922.8	11	65720946	65720947	0.2589	rs612392	-3.22	rs4930304	0.1632	-5.36	-0.59573	324	16	enet	0.12	6.7e-06	0.253639	0.8
Brain_Hippocampus	/media/kame/Data/_workings/resource/GTEv8//GTExv8.EUR.Brain_Hippocampus/ENSG00000254470.2.wgt.RDat	ENSG00000254470.2	11	65780801	65780802	0.1962	rs3814739	-4.39	rs6591182	0.03082	3.96	0.0556	330	17	enet	0.069	0.00067	0.000884	0.999
Brain_Hippocampus	/media/kame/Data/_workings/resource/GTEv8//GTExv8.EUR.Brain_Hippocampus/ENSG00000172803.17.wgt.RDat	ENSG00000172803.17	11	65833640	65833641	0.391	rs3814739	-4.39	rs11227332	0.27579	6.51	-0.95369	346	5	enet	0.22	6.3e-10	-1.121626	0.262
Brain_Hippocampus	/media/kame/Data/_workings/resource/GTEv8//GTExv8.EUR.Brain_Hippocampus/ENSG00000172543.7.wgt.RDat	ENSG00000172543.7	11	65879808	65879809	0.3246	rs3814739	-4.39	rs583887	0.08858	-3.92	-0.47675	346	36	enet	0.084	0.00019	0.452469	0.651
Brain_Hippocampus	/media/kame/Data/_workings/resource/GTEv8//GTExv8.EUR.Brain_Hippocampus/ENSG00000172500.12.wgt.RDat	ENSG00000172500.12	11	65888538	65888539	0.2741	rs3814739	-4.39	rs2231884	0.03599	4.78	-1.22863	344	21	enet	0.13	3.8e-06	-0.563632	0.573
Brain_Hippocampus	/media/kame/Data/_workings/resource/GTEv8//GTExv8.EUR.Brain_Hippocampus/ENSG00000087365.15.wgt.RDat	ENSG00000087365.15	11	66050728	66050729	0.5254	rs7925108	6.68	rs1203998	0.19517	-5.73	-1.014	356	42	enet	0.2	6.5e-09	-0.668954	0.504
Brain_Hippocampus	/media/kame/Data/_workings/resource/GTEv8//GTExv8.EUR.Brain_Hippocampus/ENSG00000255320.1.wgt.RDat	ENSG00000255320.1	11	66246238	66246239	0.7009	rs560556	8.31	rs3132851	0.51284	8.82	0.07241	323	27	enet	0.48	6e-23	0.489309	0.625
Brain_Hippocampus	/media/kame/Data/_workings/resource/GTEv8//GTExv8.EUR.Brain_Hippocampus/ENSG00000174744.13.wgt.RDat	ENSG00000174744.13	11	66345124	66345125	0.1371	rs560556	8.31	rs1785631	0.0077	3.66	-1.46169	305	27	enet	0.0021	0.25	-0.649869	0.516
Brain_Hippocampus	/media/kame/Data/_workings/resource/GTEv8//GTExv8.EUR.Brain_Hippocampus/ENSG00000174165.7.wgt.RDat	ENSG00000174165.7	11	66546237	66546238	0.2108	rs1253440	8.65	rs3179961	0.09678	-5.12	5.35893	262	41	enet	0.11	2.3e-05	-3.134379	0.00172
Brain_Hippocampus	/media/kame/Data/_workings/resource/GTEv8//GTExv8.EUR.Brain_Hippocampus/ENSG00000174080.10.wgt.RDat	ENSG00000174080.10	11	66568840	66568841	0.3636	rs1253440	8.65	rs3179961	0.06443	4.77	5.35893	257	34	enet	0.092	9.2e-05	5.307806	1.11e-07
Brain_Hippocampus	/media/kame/Data/_workings/resource/GTEv8//GTExv8.EUR.Brain_Hippocampus/ENSG00000084207.15.wgt.RDat	ENSG00000084207.15	11	67583594	67583595	0.2347	rs1138272	4.58	rs7952081	0.13394	-5.37	0.16089	255	9	enet	0.1	4.7e-05	-0.04781	0.962
Brain_Hippocampus	/media/kame/Data/_workings/resource/GTEv8//GTExv8.EUR.Brain_Hippocampus/ENSG00000255306.1.wgt.RDat	ENSG00000255306.1	11	68030460	68030461	0.1857	rs1138272	4.58	rs2450906	0.0794	-4.03	-1.27327	270	29	enet	0.13	2.4e-06	0.426329	0.67
Brain_Hippocampus	/media/kame/Data/_workings/resource/GTEv8//GTExv8.EUR.Brain_Hippocampus/ENSG00000171067.10.wgt.RDat	ENSG00000171067.10	11	68272000	68272001	0.4693	rs7115050	-4.31	rs2458268	0.1554	-5.97	-1.08296	296	11	enet	0.24	1.1e-10	0.555466	0.579
Brain_Hippocampus	/media/kame/Data/_workings/resource/GTEv8//GTExv8.EUR.Brain_Hippocampus/ENSG00000250508.1.wgt.RDat	ENSG00000250508.1	11	68870663	68870664	0.1982	rs921670	-7.76	rs535559	-0.00663	3.43	0.14556	421	25	enet	-0.006	0.74	-1.147101	0.251
Brain_Hippocampus	/media/kame/Data/_workings/resource/GTEv8//GTExv8.EUR.Brain_Hippocampus/ENSG00000197345.12.wgt.RDat	ENSG00000197345.12	11	68903834	68903835	0.7282	rs921670	-7.76	rs636049	0.55289	-9.13	1.45699	421	23	enet	0.49	1.3e-23	-1.180147	0.238
Brain_Hippocampus	/media/kame/Data/_workings/resource/GTEv8//GTExv8.EUR.Brain_Hippocampus/ENSG00000132740.8.wgt.RDat	ENSG00000132740.8	11	68903841	68903842	0.4053	rs921670	-7.76	rs636049	0.24796	6.31	1.45699	421	40	enet	0.24	7.3e-11	0.103164	0.918
Brain_Hippocampus	/media/kame/Data/_workings/resource/GTEv8//GTExv8.EUR.Brain_Hippocampus/ENSG00000162341.16.wgt.RDat	ENSG00000162341.16	11	69048896	69048897	0.2081	rs921670	-7.76	rs921671	0.01944	3.94	-2.53048	438	12	enet	0.0041	0.21	-1.814856	0.0695
Brain_Hippocampus	/media/kame/Data/_workings/resource/GTEv8//GTExv8.EUR.Brain_Hippocampus/ENSG00000131626.16.wgt.RDat	ENSG00000131626.16	11	70270699	70270700	0.3814	rs515458	4.56	rs583397	0.11468	-5.18	3.43397	444	28	enet	0.086	0.00016	-2.172127	0.0298
Brain_Hippocampus	/media/kame/Data/_workings/resource/GTEv8//GTExv8.EUR.Brain_Hippocampus/ENSG00000254682.1.wgt.RDat	ENSG00000254682.1	11	71448673	71448674	0.5889	rs4539348	-2.36	rs2276362	0.4564	-8.31	0.13587	311	21	enet	0.44	9.8e-21	-0.22289	0.824
Brain_Hippocampus	/media/kame/Data/_workings/resource/GTEv8//GTExv8.EUR.Brain_Hippocampus/ENSG00000254997.3.wgt.RDat	ENSG00000254997.3	11	71548417	71548418	0.2382	rs4539348	-2.36	rs9651752	0.13178	-4.57	-0.26263	345	8	enet	0.11	3.1e-05	0.389263	0.697
Brain_Hippocampus	/media/kame/Data/_workings/resource/GTEv8//GTExv8.EUR.Brain_Hippocampus/ENSG00000137496.17.wgt.RDat	ENSG00000137496.17	11	71998540	71998541	0.1252	rs11235485	2.84	rs2250866	0.05064	4.12	0.42933	248	8	enet	0.024	0.031	0.091884	0.927
Brain_Hippocampus	/media/kame/Data/_workings/resource/GTEv8//GTExv8.EUR.Brain_Hippocampus/ENSG00000227467.3.wgt.RDat	ENSG00000227467.3	11	72570659	72570660	0.2782	rs2306608	3.19	rs10898852	0.15707	5.29	-1.27228	328	4	enet	0.1	3.3e-05	-0.994853	0.32
Brain_Hippocampus	/media/kame/Data/_workings/resource/GTEv8//GTExv8.EUR.Brain_Hippocampus/ENSG00000214530.8.wgt.RDat	ENSG00000214530.8	11	72794167	72794168	0.389	rs2306608	3.19	rs11235594	0.27234	6.67	2.36189	342	8	enet	0.22	1.3e-09	1.860051	0.0629
Brain_Hippocampus	/media/kame/Data/_workings/resource/GTEv8//GTExv8.EUR.Brain_Hippocampus/ENSG00000021300.13.wgt.RDat	ENSG00000021300.13	11	73646177	73646178	0.2008	rs11235971	3.14	rs2008734	0.14102	4.8	-0.41424	343	4	enet	0.084	0.00019	-0.459665	0.646
Brain_Hippocampus	/media/kame/Data/_workings/resource/GTEv8//GTExv8.EUR.Brain_Hippocampus/ENSG00000175575.12.wgt.RDat	ENSG00000175575.12	11	73876698	73876699	0.4425	rs11235971	3.14	rs7117465	0.03582	-4.31	0.15579	340	18	enet	0.11	3.1e-05	-0.059117	0.953
Brain_Hippocampus	/media/kame/Data/_workings/resource/GTEv8//GTExv8.EUR.Brain_Hippocampus/ENSG00000175567.8.wgt.RDat	ENSG00000175567.8	11	73983306	73983307	0.1311	rs11236122	-4.38	rs655717	0.06669	4.54	0.52627	369	10	enet	0.054	0.0025	-0.132719	0.894
Brain_Hippocampus	/media/kame/Data/_workings/resource/GTEv8//GTExv8.EUR.Brain_Hippocampus/ENSG00000168014.16.wgt.RDat	ENSG00000168014.16	11	74171097	74171098	0.1616	rs11236122	-4.38	rs10898966	0.06034	4.1	2.07626	406	7	enet	0.048	0.0041	1.58881	0.112
Brain_Hippocampus	/media/kame/Data/_workings/resource/GTEv8//GTExv8.EUR.Brain_Hippocampus/ENSG00000278879.1.wgt.RDat	ENSG00000278879.1	11	74832509	74832510	0.1883	rs11236122	-4.38	rs4944950	0.10105	4.39	0.57038	458	17	enet	0.069	0.00065	0.408943	0.683
Brain_Hippocampus	/media/kame/Data/_workings/resource/GTEv8//GTExv8.EUR.Brain_Hippocampus/ENSG00000241170.2.wgt.RDat	ENSG00000241170.2	11	74876285	74876286	0.6619	rs11236122	-4.38	rs4944950	0.39445	-8.17	0.57038	452	48	enet	0.46	6.1e-22	0.058789	0.953
Brain_Hippocampus	/media/kame/Data/_workings/resource/GTEv8//GTExv8.EUR.Brain_Hippocampus/ENSG00000166435.15.wgt.RDat	ENSG00000166435.15	11	74949199	74949200	0.7945	rs11236122	-4.38	rs2119028	0.66098	9.95	0.39439	454	16	enet	0.61	1.9e-32	0.458949	0.646
Brain_Hippocampus	/media/kame/Data/_workings/resource/GTEv8//GTExv8.EUR.Brain_Hippocampus/ENSG00000171533.11.wgt.RDat	ENSG00000171533.11	11	75669119	75669120	0.1811	rs658601	-5.57	rs11236507	-0.00675	3.24	-0.62776	417	34	enet	0.00088	0.29	-1.691492	0.0907
Brain_Hippocampus	/media/kame/Data/_workings/resource/GTEv8//GTExv8.EUR.Brain_Hippocampus/ENSG00000198382.8.wgt.RDat	ENSG00000198382.8	11	75815406	75815407	0.1533	rs658601	-5.57	rs6592618	0.00623	-3.41	-0.43061	436	41	enet	-0.0044	0.56	0.926242	0.354
Brain_Hippocampus	/media/kame/Data/_workings/resource/GTEv8//GTExv8.EUR.Brain_Hippocampus/ENSG00000255135.3.wgt.RDat	ENSG00000255135.3	11	76444655	76444656	0.277	rs10899212	6.87	rs7127747	-0.00112	-3.37	1.51776	464	26	enet	0.034	0.013	-0.451564	0.652
Brain_Hippocampus	/media/kame/Data/_workings/resource/GTEv8//GTExv8.EUR.Brain_Hippocampus/ENSG00000159063.12.wgt.RDat	ENSG00000159063.12	11	78139659	78139660	0.31	rs11237465	4.02	rs10793269	0.11356	4.49	0.68778	342	36	enet	0.032	0.017	-0.276618	0.782
Brain_Hippocampus	/media/kame/Data/_workings/resource/GTEv8//GTExv8.EUR.Brain_Hippocampus/ENSG00000246174.7.wgt.RDat	ENSG00000246174.7	11	78139770	78139771	0.6587	rs11237465	4.02	rs1144764	0.49684	-8.8	-0.33849	342	11	enet	0.49	6.4e-24	0.272933	0.785
Brain_Hippocampus	/media/kame/Data/_workings/resource/GTEv8//GTExv8.EUR.Brain_Hippocampus/ENSG00000188997.7.wgt.RDat	ENSG00000188997.7	11	78188810	78188811	0.4464	rs11237465	4.02	rs1144764	0.17762	5.83	-0.33849	349	57	enet	0.2	7.2e-09	0.975955	0.329
Brain_Hippocampus	/media/kame/Data/_workings/resource/GTEv8//GTExv8.EUR.Brain_Hippocampus/ENSG00000137513.9.wgt.RDat	ENSG00000137513.9	11	78574873	78574874	0.31	rs504245	-7.01	rs7936011	0.14888	-5.05	1.30992	454	15	enet	0.19	1.4e-08	-0.011081	0.991
Brain_Hippocampus	/media/kame/Data/_workings/resource/GTEv8//GTExv8.EUR.Brain_Hippocampus/ENSG00000245832.6.wgt.RDat	ENSG00000245832.6	11	82718081	82718082	0.29	rs11607439	-3.8	rs1472401	0.28392	6.65	0.56543	441	9	enet	0.25	4.1e-11	0.504734	0.614
Brain_Hippocampus	/media/kame/Data/_workings/resource/GTEv8//GTExv8.EUR.Brain_Hippocampus/ENSG00000137494.13.wgt.RDat	ENSG00000137494.13	11	83193794	83193795	0.2756	rs11601610	4.84	rs513438	0.12468	4.84	-0.48458	401	50	enet	0.095	7.5e-05	-0.228659	0.819
Brain_Hippocampus	/media/kame/Data/_workings/resource/GTEv8//GTExv8.EUR.Brain_Hippocampus/ENSG00000137500.9.wgt.RDat	ENSG00000137500.9	11	83286126	83286127	0.3208	rs11601610	5.08	rs513438	0.24848	-6.56	-0.48458	389	13	enet	0.21	2.7e-09	0.156498	0.876
Brain_Hippocampus	/media/kame/Data/_workings/resource/GTEv8//GTExv8.EUR.Brain_Hippocampus/ENSG00000278989.1.wgt.RDat	ENSG00000278989.1	11	86437281	86437282	0.3065	rs12801911	4.95	rs7932664	0.03942	-4.22	-2.10245	559	29	enet	0.078	0.00031	-0.141963	0.887
Brain_Hippocampus	/media/kame/Data/_workings/resource/GTEv8//GTExv8.EUR.Brain_Hippocampus/ENSG00000151376.16.wgt.RDat	ENSG00000151376.16	11	86672635	86672636	0.3043	rs12801911	4.95	rs663208	-0.00636	-3.27	-1.03201	582	24	enet	0.0088	0.13	0.340292	0.734
Brain_Hippocampus	/media/kame/Data/_workings/resource/GTEv8//GTExv8.EUR.Brain_Hippocampus/ENSG00000150687.11.wgt.RDat	ENSG00000150687.11	11	86791058	86791059	0.2614	rs12801911	4.95	rs949351	0.07572	-4.21	2.39946	607	39	enet	0.072	0.00054	-0.494589	0.621
Brain_Hippocampus	/media/kame/Data/_workings/resource/GTEv8//GTExv8.EUR.Brain_Hippocampus/ENSG00000086991.12.wgt.RDat	ENSG00000086991.12	11	89498186	89498187	0.1543	rs9665831	6.99	rs7112871	0.15314	5.3	-0.02649	209	11	enet	0.12	5.5e-06	0.038913	0.969
Brain_Hippocampus	/media/kame/Data/_workings/resource/GTEv8//GTExv8.EUR.Brain_Hippocampus/ENSG00000254916.1.wgt.RDat	ENSG00000254916.1	11	90053735	90053736	0.2481	rs10830452	-3.32	rs12417707	0.19758	-5.57	-0.60516	241	8	enet	0.16	3e-07	0.389934	0.697
Brain_Hippocampus	/media/kame/Data/_workings/resource/GTEv8//GTExv8.EUR.Brain_Hippocampus/ENSG00000077616.10.wgt.RDat	ENSG00000077616.10	11	90131514	90131515	0.3269	rs10830452	-3.32	rs10047486	0.13834	5.15	-0.03143	259	24	enet	0.16	2.5e-07	0.573123	0.567
Brain_Hippocampus	/media/kame/Data/_workings/resource/GTEv8//GTExv8.EUR.Brain_Hippocampus/ENSG00000280385.1.wgt.RDat	ENSG00000280385.1	11	90193613	90193614	0.5355	rs7952184	-3.74	rs10830444	0.27532	7.08	0.08173	273	25	enet	0.37	1.6e-16	1.271043	0.204
Brain_Hippocampus	/media/kame/Data/_workings/resource/GTEv8//GTExv8.EUR.Brain_Hippocampus/ENSG00000280367.1.wgt.RDat	ENSG00000280367.1	11	90223364	90223365	0.425	rs1792602	-3.75	rs3758758	0.29836	-6.86	0.30449	280	4	enet	0.27	4e-12	-0.017009	0.986
Brain_Hippocampus	/media/kame/Data/_workings/resource/GTEv8//GTExv8.EUR.Brain_Hippocampus/ENSG00000182919.14.wgt.RDat	ENSG00000182919.14	11	93741962	93741963	0.2666	rs644306	-4.8	rs652961	0.17624	5.65	-1.24163	406	12	enet	0.16	3e-07	-0.786785	0.431
Brain_Hippocampus	/media/kame/Data/_workings/resource/GTEv8//GTExv8.EUR.Brain_Hippocampus/ENSG00000042429.11.wgt.RDat	ENSG00000042429.11	11	93784226	93784227	0.2045	rs644306	-4.8	rs607349	0.03676	4.3	-2.41254	396	31	enet	0.017	0.058	0.467785	0.64
Brain_Hippocampus	/media/kame/Data/_workings/resource/GTEv8//GTExv8.EUR.Brain_Hippocampus/ENSG00000110218.8.wgt.RDat	ENSG00000110218.8	11	94128927	94128928	0.155	rs644306	-4.8	rs6483293	0.05996	4.31	0.06038	402	19	enet	0.075	4e-04	-0.387114	0.699
Brain_Hippocampus	/media/kame/Data/_workings/resource/GTEv8//GTExv8.EUR.Brain_Hippocampus/ENSG00000020922.12.wgt.RDat	ENSG00000020922.12	11	94492905	94492906	0.405	rs10831196	4.44	rs550255	0.28254	6.74	-1.39884	415	13	enet	0.22	7.2e-10	-1.282998	0.199
Brain_Hippocampus	/media/kame/Data/_workings/resource/GTEv8//GTExv8.EUR.Brain_Hippocampus/ENSG00000149231.11.wgt.RDat	ENSG00000149231.11	11	96389922	96389923	0.6628	rs7111633	-5.66	rs11021552	0.52671	8.85	0.30369	542	13	enet	0.48	2.9e-23	0.120306	0.904
Brain_Hippocampus	/media/kame/Data/_workings/resource/GTEv8//GTExv8.EUR.Brain_Hippocampus/ENSG00000256422.5.wgt.RDat	ENSG00000256422.5	11	104609320	104609321	0.2213	rs10502034	3.97	rs994491	0.05658	5.06	1.63212	369	18	enet	0.12	1e-05	0.726971	0.467
Brain_Hippocampus	/media/kame/Data/_workings/resource/GTEv8//GTExv8.EUR.Brain_Hippocampus/ENSG00000170903.10.wgt.RDat	ENSG00000170903.10	11	106022402	106022403	0.1408	rs653629	5.68	rs2846215	-0.00663	3.47	2.10472	368	26	enet	0.016	0.066	1.21643	0.224
Brain_Hippocampus	/media/kame/Data/_workings/resource/GTEv8//GTExv8.EUR.Brain_Hippocampus/ENSG00000261098.1.wgt.RDat	ENSG00000261098.1	11	107316270	107316271	0.2016	rs17106517	-4.08	rs11212086	0.04137	3.97	-1.37993	468	29	enet	0.046	0.0047	-1.318875	0.187
Brain_Hippocampus	/media/kame/Data/_workings/resource/GTEv8//GTExv8.EUR.Brain_Hippocampus/ENSG00000178202.12.wgt.RDat	ENSG00000178202.12	11	108498431	108498432	0.1681	rs683312	5.18	rs4533001	0.10731	-4.49	-0.30598	317	10	enet	0.099	5.2e-05	0.005311	0.996
Brain_Hippocampus	/media/kame/Data/_workings/resource/GTEv8//GTExv8.EUR.Brain_Hippocampus/ENSG00000204381.11.wgt.RDat	ENSG00000204381.11	11	111540279	111540280	0.1779	rs10891291	4.28	rs663763	0.0713	-4.56	1.70463	381	26	enet	0.063	0.0011	-1.206786	0.228
Brain_Hippocampus	/media/kame/Data/_workings/resource/GTEv8//GTExv8.EUR.Brain_Hippocampus/ENSG00000137713.15.wgt.RDat	ENSG00000137713.15	11	111766426	111766427	0.257	rs574568	4.9	rs673526	0.24873	6.17	0.57008	347	29	enet	0.23	2.5e-10	-1.590276	0.112
Brain_Hippocampus	/media/kame/Data/_workings/resource/GTEv8//GTExv8.EUR.Brain_Hippocampus/ENSG00000137720.7.wgt.RDat	ENSG00000137720.7	11	111878934	111878935	0.1347	rs7941988	5.02	rs11823089	0.00329	-3.87	0.05597	318	20	enet	0.0025	0.24	-0.339686	0.734
Brain_Hippocampus	/media/kame/Data/_workings/resource/GTEv8//GTExv8.EUR.Brain_Hippocampus/ENSG00000197580.11.wgt.RDat	ENSG00000197580.11	11	112175466	112175467	0.3712	rs574568	4.9	rs11214127	0.2066	-5.86	0.77494	362	24	enet	0.18	2.8e-08	-0.185001	0.853
Brain_Hippocampus	/media/kame/Data/_workings/resource/GTEv8//GTExv8.EUR.Brain_Hippocampus/ENSG00000149292.16.wgt.RDat	ENSG00000149292.16	11	113314528	113314529	0.6569	rs4245150	19.1	rs11214587	0.25591	-7.79	4.89965	510	28	enet	0.44	2.3e-20	-2.126041	0.0335
Brain_Hippocampus	/media/kame/Data/_workings/resource/GTEv8//GTExv8.EUR.Brain_Hippocampus/ENSG00000166682.10.wgt.RDat	ENSG00000166682.10	11	113706372	113706373	0.811	rs4245150	19.1	rs4938050	0.43902	8.5	-0.73575	548	33	enet	0.48	5.7e-23	-0.608181	0.543
Brain_Hippocampus	/media/kame/Data/_workings/resource/GTEv8//GTExv8.EUR.Brain_Hippocampus/ENSG00000246100.3.wgt.RDat	ENSG00000246100.3	11	115760626	115760627	0.2843	rs10891936	6.93	rs1892977	0.04618	-3.52	-0.55053	470	16	enet	0.0098	0.12	0.253188	0.8
Brain_Hippocampus	/media/kame/Data/_workings/resource/GTEv8//GTExv8.EUR.Brain_Hippocampus/ENSG00000109917.10.wgt.RDat	ENSG00000109917.10	11	116788049	116788050	0.569	rs4938355	4.57	rs180366	0.11681	4.96	0.03122	551	28	enet	0.19	1.7e-08	0.439729	0.66
Brain_Hippocampus	/media/kame/Data/_workings/resource/GTEv8//GTExv8.EUR.Brain_Hippocampus/ENSG00000254851.1.wgt.RDat	ENSG00000254851.1	11	117135527	117135528	0.5536	rs4938355	4.57	rs4938349	0.39136	7.99	0.35541	540	13	enet	0.4	3.3e-18	0.49792	0.619
Brain_Hippocampus	/media/kame/Data/_workings/resource/GTEv8//GTExv8.EUR.Brain_Hippocampus/ENSG00000280143.1.wgt.RDat	ENSG00000280143.1	11	117206356	117206357	0.2099	rs4938355	4.57	rs4938349	0.00235	-3.3	0.35541	531	25	enet	-0.0067	0.91	-0.577985	0.563
Brain_Hippocampus	/media/kame/Data/_workings/resource/GTEv8//GTExv8.EUR.Brain_Hippocampus/ENSG00000110274.15.wgt.RDat	ENSG00000110274.15	11	117314556	117314557	0.2556	rs7930469	5.35	rs11216357	0.05088	-4.68	-1.18843	526	6	enet	0.076	0.00038	0.900121	0.368
Brain_Hippocampus	/media/kame/Data/_workings/resource/GTEv8//GTExv8.EUR.Brain_Hippocampus/ENSG00000255274.9.wgt.RDat	ENSG00000255274.9	11	118088298	118088299	0.3977	rs7129048	7.38	rs948461	0.24636	6.13	0.21601	577	16	enet	0.18	3e-08	-0.619532	0.536
Brain_Hippocampus	/media/kame/Data/_workings/resource/GTEv8//GTExv8.EUR.Brain_Hippocampus/ENSG00000149575.5.wgt.RDat	ENSG00000149575.5	11	118176672	118176673	0.244	rs7129048	7.38	rs11603672	0.01782	-3.7	0.66435	544	2	enet	0.015	0.074	-0.631842	0.527
Brain_Hippocampus	/media/kame/Data/_workings/resource/GTEv8//GTExv8.EUR.Brain_Hippocampus/ENSG00000019144.18.wgt.RDat	ENSG00000019144.18	11	118606439	118606440	0.2355	rs6589706	9.17	rs11216844	0.0843	-4.02	0.4046	423	20	enet	0.022	0.04	0.1272	0.899
Brain_Hippocampus	/media/kame/Data/_workings/resource/GTEv8//GTExv8.EUR.Brain_Hippocampus/ENSG00000278376.1.wgt.RDat	ENSG00000278376.1	11	118791253	118791254	0.4065	rs7933243	-9.72	rs544096	0.26793	7.08	3.2866	359	25	enet	0.29	1.1e-12	2.137963	0.0325
Brain_Hippocampus	/media/kame/Data/_workings/resource/GTEv8//GTExv8.EUR.Brain_Hippocampus/ENSG00000196655.11.wgt.RDat	ENSG00000196655.11	11	119018690	119018691	0.5811	rs6589706	9.17	rs10111	0.36241	7.62	0.04782	378	12	enet	0.29	8.4e-13	0.068917	0.945
Brain_Hippocampus	/media/kame/Data/_workings/resource/GTEv8//GTExv8.EUR.Brain_Hippocampus/ENSG00000271751.1.wgt.RDat	ENSG00000271751.1	11	119065676	119065677	0.3088	rs6589706	9.17	rs1006195	0.14611	-5.65	2.38603	373	12	enet	0.1	3.1e-05	-1.401935	0.161
Brain_Hippocampus	/media/kame/Data/_workings/resource/GTEv8//GTExv8.EUR.Brain_Hippocampus/ENSG00000160695.14.wgt.RDat	ENSG00000160695.14	11	119067698	119067699	0.3764	rs6589706	9.17	rs17075	0.16038	5.91	3.77005	376	14	enet	0.21	2.6e-09	0.464646	0.642
Brain_Hippocampus	/media/kame/Data/_workings/resource/GTEv8//GTExv8.EUR.Brain_Hippocampus/ENSG00000110395.6.wgt.RDat	ENSG00000110395.6	11	119206275	119206276	0.2005	rs6589706	9.17	rs2509671	0.0205	4.38	-0.47217	374	22	enet	0.072	0.00052	-0.812314	0.417
Brain_Hippocampus	/media/kame/Data/_workings/resource/GTEv8//GTExv8.EUR.Brain_Hippocampus/ENSG00000254854.1.wgt.RDat	ENSG00000254854.1	11	119729582	119729583	0.313	rs633621	-6.99	rs2136421	0.19047	5.56	-0.35598	467	6	enet	0.12	8.4e-06	-0.219205	0.826
Brain_Hippocampus	/media/kame/Data/_workings/resource/GTEv8//GTExv8.EUR.Brain_Hippocampus/ENSG00000184232.8.wgt.RDat	ENSG00000184232.8	11	120210766	120210767	0.3608	rs633621	-6.99	rs1073635	0.00189	-3.57	-0.06985	543	24	enet	0.022	0.038	1.025784	0.305
Brain_Hippocampus	/media/kame/Data/_workings/resource/GTEv8//GTExv8.EUR.Brain_Hippocampus/ENSG00000181264.8.wgt.RDat	ENSG00000181264.8	11	120325128	120325129	0.2217	rs633621	-6.99	rs894839	0.06344	4.08	-0.31727	551	15	enet	0.041	0.0077	-0.423332	0.672
Brain_Hippocampus	/media/kame/Data/_workings/resource/GTEv8//GTExv8.EUR.Brain_Hippocampus/ENSG00000255219.1.wgt.RDat	ENSG00000255219.1	11	122295189	122295190	0.4623	rs41521949	-4.89	rs2510647	0.26401	-6.74	1.85836	455	10	enet	0.28	2.1e-12	-1.511918	0.131
Brain_Hippocampus	/media/kame/Data/_workings/resource/GTEv8//GTExv8.EUR.Brain_Hippocampus/ENSG00000166257.8.wgt.RDat	ENSG00000166257.8	11	123655243	123655244	0.2862	rs2027767	-6.6	rs12574384	0.00757	4.11	-0.1342	601	36	enet	0.054	0.0024	-0.118973	0.905
Brain_Hippocampus	/media/kame/Data/_workings/resource/GTEv8//GTExv8.EUR.Brain_Hippocampus/ENSG00000245498.6.wgt.RDat	ENSG00000245498.6	11	124800673	124800674	0.4288	rs1940171	-10.79	rs558814	0.26734	6.4	-0.1126	500	38	enet	0.26	1.3e-11	0.651524	0.515
Brain_Hippocampus	/media/kame/Data/_workings/resource/GTEv8//GTExv8.EUR.Brain_Hippocampus/ENSG00000254941.1.wgt.RDat	ENSG00000254941.1	11	124808268	124808269	0.5491	rs1940171	-10.79	rs558814	0.38926	7.68	-0.1126	509	11	enet	0.39	4.5e-18	0.40046	0.689
Brain_Hippocampus	/media/kame/Data/_workings/resource/GTEv8//GTExv8.EUR.Brain_Hippocampus/ENSG00000149554.12.wgt.RDat	ENSG00000149554.12	11	125625215	125625216	0.3803	rs666051	6.86	rs12280233	0.14741	4.88	0.40246	531	27	enet	0.14	1.7e-06	-0.190103	0.849
Brain_Hippocampus	/media/kame/Data/_workings/resource/GTEv8//GTExv8.EUR.Brain_Hippocampus/ENSG00000109832.13.wgt.RDat	ENSG00000109832.13	11	125903369	125903370	0.2717	rs616975	-6.04	rs2236681	0.25602	6.29	0.29577	558	14	enet	0.16	2.5e-07	0.806571	0.42
Brain_Hippocampus	/media/kame/Data/_workings/resource/GTEv8//GTExv8.EUR.Brain_Hippocampus/ENSG00000110074.10.wgt.RDat	ENSG00000110074.10	11	126269144	126269145	0.6491	rs616975	-6.04	rs627911	0.28056	-7.25	0.21216	649	19	enet	0.31	8.5e-14	-0.490234	0.624
Brain_Hippocampus	/media/kame/Data/_workings/resource/GTEv8//GTExv8.EUR.Brain_Hippocampus/ENSG00000254960.2.wgt.RDat	ENSG00000254960.2	11	126940745	126940746	0.4255	rs2697717	-5.23	rs2510705	-0.00529	-3.84	-0.285	658	91	enet	0.0067	0.16	-2.349347	0.0188
Brain_Hippocampus	/media/kame/Data/_workings/resource/GTEv8//GTExv8.EUR.Brain_Hippocampus/ENSG00000149571.11.wgt.RDat	ENSG00000149571.11	11	127001164	127001165	0.2374	rs7924331	7.3	rs948118	0.13645	4.76	2.49095	655	2	enet	0.056	0.002	2.075779	0.0379
Brain_Hippocampus	/media/kame/Data/_workings/resource/GTEv8//GTExv8.EUR.Brain_Hippocampus/ENSG00000273409.2.wgt.RDat	ENSG00000273409.2	11	127271028	127271029	0.1745	rs7924331	7.3	rs356258	0.01511	-3.58	-0.39003	548	27	enet	0.024	0.031	1.391788	0.164
Brain_Hippocampus	/media/kame/Data/_workings/resource/GTEv8//GTExv8.EUR.Brain_Hippocampus/ENSG00000170322.14.wgt.RDat	ENSG00000170322.14	11	129895589	129895590	0.2019	rs982125	-3.75	rs1940114	0.03265	-4.68	-1.56328	463	10	enet	0.051	0.0031	0.076312	0.939
Brain_Hippocampus	/media/kame/Data/_workings/resource/GTEv8//GTExv8.EUR.Brain_Hippocampus/ENSG00000149418.10.wgt.RDat	ENSG00000149418.10	11	130159561	130159562	0.3078	rs12281640	-3.78	rs879780	0.02003	-4.11	0.17781	492	17	enet	0.011	0.1	-0.033387	0.973
Brain_Hippocampus	/media/kame/Data/_workings/resource/GTEv8//GTExv8.EUR.Brain_Hippocampus/ENSG00000255455.2.wgt.RDat	ENSG00000255455.2	11	130870246	130870247	0.4085	rs3751039	7.36	rs1050078	0.11186	-5.52	6.66874	646	14	enet	0.13	4.1e-06	-6.34717	2.19e-10
Brain_Hippocampus	/media/kame/Data/_workings/resource/GTEv8//GTExv8.EUR.Brain_Hippocampus/ENSG00000120451.10.wgt.RDat	ENSG00000120451.10	11	130916508	130916509	0.6179	rs3751039	7.36	rs3751039	0.27802	-7.1	7.35887	643	22	enet	0.35	9.9e-16	-3.4263	0.000612
Brain_Hippocampus	/media/kame/Data/_workings/resource/GTEv8//GTExv8.EUR.Brain_Hippocampus/ENSG00000182667.14.wgt.RDat	ENSG00000182667.14	11	131370477	131370478	0.444	rs3751039	7.36	rs10894360	0.16317	-5.31	0.04574	673	8	enet	0.13	5.1e-06	-0.59667	0.551
Brain_Hippocampus	/media/kame/Data/_workings/resource/GTEv8//GTExv8.EUR.Brain_Hippocampus/ENSG00000279090.1.wgt.RDat	ENSG00000279090.1	11	132404059	132404060	0.2361	rs7116467	7.74	rs1940013	0.00818	3.9	-0.26799	708	27	enet	0.0076	0.14	2.80863	0.00498
Brain_Hippocampus	/media/kame/Data/_workings/resource/GTEv8//GTExv8.EUR.Brain_Hippocampus/ENSG00000255545.7.wgt.RDat	ENSG00000255545.7	11	134436472	134436473	0.49	rs671974	9.17	rs4245132	0.0273	3.98	2.48274	617	5	enet	0.0064	0.16	2.370674	0.0178
Brain_Hippocampus	/media/kame/Data/_workings/resource/GTEv8//GTExv8.EUR.Brain_Hippocampus/ENSG00000256577.2.wgt.RDat	ENSG00000256577.2	12	203641	203642	0.2142	rs11837473	3.97	rs216244	0.0113	-4.09	0.157588	323	9	enet	0.032	0.017	0.26049	0.794
Brain_Hippocampus	/media/kame/Data/_workings/resource/GTEv8//GTExv8.EUR.Brain_Hippocampus/ENSG00000120647.9.wgt.RDat	ENSG00000120647.9	12	389454	389455	0.3068	rs12310089	-5.99	rs797765	0.0858	-4.93	0.599526	389	18	enet	0.075	0.00043	-0.46402	0.643
Brain_Hippocampus	/media/kame/Data/_workings/resource/GTEv8//GTExv8.EUR.Brain_Hippocampus/ENSG00000177406.4.wgt.RDat	ENSG00000177406.4	12	630890	630891	0.5813	rs12310089	-5.99	rs2075032	0.285	6.59	-0.282385	455	22	enet	0.39	7.6e-18	-0.23361	0.815
Brain_Hippocampus	/media/kame/Data/_workings/resource/GTEv8//GTExv8.EUR.Brain_Hippocampus/ENSG00000078246.16.wgt.RDat	ENSG00000078246.16	12	2890886	2890887	0.2567	rs11062351	6.18	rs998814	0.0143	-4.59	-0.306672	589	21	enet	0.07	0.00063	-0.20218	0.84
Brain_Hippocampus	/media/kame/Data/_workings/resource/GTEv8//GTExv8.EUR.Brain_Hippocampus/ENSG00000111224.13.wgt.RDat	ENSG00000111224.13	12	3873447	3873448	0.3796	rs17836482	4.58	rs11829149	-0.00436	3.66	1.68485	623	13	enet	-0.0052	0.63	1.81175	0.07
Brain_Hippocampus	/media/kame/Data/_workings/resource/GTEv8//GTExv8.EUR.Brain_Hippocampus/ENSG00000111254.7.wgt.RDat	ENSG00000111254.7	12	4649046	4649047	0.3146	rs7135778	4.24	rs979877	0.323	-7.1	-0.099709	690	5	enet	0.27	3.7e-12	-0.04167	0.967
Brain_Hippocampus	/media/kame/Data/_workings/resource/GTEv8//GTExv8.EUR.Brain_Hippocampus/ENSG00000111321.10.wgt.RDat	ENSG00000111321.10	12	6375224	6375225	0.519	rs3764909	-3.63	rs9669611	0.281	6.93	-0.116087	462	11	enet	0.26	1e-11	-0.12813	0.898
Brain_Hippocampus	/media/kame/Data/_workings/resource/GTEv8//GTExv8.EUR.Brain_Hippocampus/ENSG00000215039.6.wgt.RDat	ENSG00000215039.6	12	6450893	6450894	0.1912	rs3764909	-3.63	rs11064227	0.0506	4.01	-0.024018	421	16	enet	0.067	0.00084	0.75745	0.449
Brain_Hippocampus	/media/kame/Data/_workings/resource/GTEv8//GTExv8.EUR.Brain_Hippocampus/ENSG00000139192.11.wgt.RDat	ENSG00000139192.11	12	6451718	6451719	0.5849	rs3764909	-3.63	rs2041387	0.2	6.08	-1.638061	421	20	enet	0.29	8.1e-13	-0.58262	0.56
Brain_Hippocampus	/media/kame/Data/_workings/resource/GTEv8//GTExv8.EUR.Brain_Hippocampus/ENSG00000139190.16.wgt.RDat	ENSG00000139190.16	12	6470986	6470987	0.2312	rs3764909	-3.63	rs1045548	0.101	4.71	0.341858	404	9	enet	0.07	0.00061	0.94496	0.345
Brain_Hippocampus	/media/kame/Data/_workings/resource/GTEv8//GTExv8.EUR.Brain_Hippocampus/ENSG00000111639.7.wgt.RDat	ENSG00000111639.7	12	6493354	6493355	0.3004	rs3764909	-3.63	rs11064255	0.0415	3.86	0.0261	383	30	enet	0.061	0.0014	-0.97379	0.33
Brain_Hippocampus	/media/kame/Data/_workings/resource/GTEv8//GTExv8.EUR.Brain_Hippocampus/ENSG00000225231.1.wgt.RDat	ENSG00000225231.1	12	9943494	9943495	0.352	rs4764299	4.89	rs10505741	0.106	6.47	-0.202027	326	13	enet	0.18	4.8e-08	-0.44871	0.654
Brain_Hippocampus	/media/kame/Data/_workings/resource/GTEv8//GTExv8.EUR.Brain_Hippocampus/ENSG00000150048.10.wgt.RDat	ENSG00000150048.10	12	10111626	10111627	0.2601	rs4764299	4.89	rs3912640	0.0157	-4.39	-0.016053	393	11	enet	0.054	0.0024	-0.34166	0.733
Brain_Hippocampus	/media/kame/Data/_workings/resource/GTEv8//GTExv8.EUR.Brain_Hippocampus/ENSG00000172243.17.wgt.RDat	ENSG00000172243.17	12	10130257	10130258	0.3468	rs4764299	4.89	rs11053625	-0.00304	3.37	-0.159215	415	48	enet	0.06	0.0015	-0.54326	0.587
Brain_Hippocampus	/media/kame/Data/_workings/resource/GTEv8//GTExv8.EUR.Brain_Hippocampus/ENSG00000245648.1.wgt.RDat	ENSG00000245648.1	12	10363768	10363769	0.2317	rs4764299	4.89	rs11053775	0.0876	-4.6	-0.269237	506	15	enet	0.058	0.0018	-1.90734	0.0565
Brain_Hippocampus	/media/kame/Data/_workings/resource/GTEv8//GTExv8.EUR.Brain_Hippocampus/ENSG00000213809.8.wgt.RDat	ENSG00000213809.8	12	10391873	10391874	0.1697	rs4764299	4.89	rs12819494	0.0996	4.29	-0.012613	499	13	enet	0.017	0.063	-0.34087	0.733
Brain_Hippocampus	/media/kame/Data/_workings/resource/GTEv8//GTExv8.EUR.Brain_Hippocampus/ENSG00000183542.5.wgt.RDat	ENSG00000183542.5	12	10409756	10409757	0.2869	rs4764299	4.89	rs7972757	0.174	5.5	0.198536	500	14	enet	0.11	1.7e-05	0.24965	0.803
Brain_Hippocampus	/media/kame/Data/_workings/resource/GTEv8//GTExv8.EUR.Brain_Hippocampus/ENSG00000205809.9.wgt.RDat	ENSG00000205809.9	12	10442262	10442263	0.7935	rs4764299	4.89	rs4548707	0.246	-6.86	-0.170084	488	32	enet	0.46	1.4e-21	0.1086	0.914
Brain_Hippocampus	/media/kame/Data/_workings/resource/GTEv8//GTExv8.EUR.Brain_Hippocampus/ENSG00000134545.13.wgt.RDat	ENSG00000134545.13	12	10454684	10454685	0.4113	rs4764299	4.89	rs7955992	0.268	6.45	-1.376374	486	19	enet	0.25	4e-11	-1.05862	0.29
Brain_Hippocampus	/media/kame/Data/_workings/resource/GTEv8//GTExv8.EUR.Brain_Hippocampus/ENSG00000256667.6.wgt.RDat	ENSG00000256667.6	12	10599668	10599669	0.4198	rs4764299	4.89	rs7978850	0.148	5.73	-0.489503	447	39	enet	0.12	5.9e-06	-1.08451	0.278
Brain_Hippocampus	/media/kame/Data/_workings/resource/GTEv8//GTExv8.EUR.Brain_Hippocampus/ENSG00000231887.6.wgt.RDat	ENSG00000231887.6	12	10884254	10884255	0.2519	rs11053854	4.7	rs6488331	0.145	5.72	0.666595	366	5	enet	0.15	6.9e-07	0.96326	0.335
Brain_Hippocampus	/media/kame/Data/_workings/resource/GTEv8//GTExv8.EUR.Brain_Hippocampus/ENSG00000134551.12.wgt.RDat	ENSG00000134551.12	12	10929235	10929236	0.2639	rs11053854	4.7	rs10772397	0.157	-5.85	0.592004	354	34	enet	0.16	1.6e-07	-0.39855	0.69
Brain_Hippocampus	/media/kame/Data/_workings/resource/GTEv8//GTExv8.EUR.Brain_Hippocampus/ENSG00000212127.5.wgt.RDat	ENSG00000212127.5	12	10939262	10939263	0.2836	rs11053854	4.7	rs7314608	0.191	5.95	0.620938	365	29	enet	0.13	4.4e-06	0.00905	0.993
Brain_Hippocampus	/media/kame/Data/_workings/resource/GTEv8//GTExv8.EUR.Brain_Hippocampus/ENSG00000255837.1.wgt.RDat	ENSG00000255837.1	12	10997874	10997875	0.1873	rs11053854	4.7	rs7132674	0.211	5.71	1.288579	379	14	enet	0.18	2.5e-08	1.05945	0.289
Brain_Hippocampus	/media/kame/Data/_workings/resource/GTEv8//GTExv8.EUR.Brain_Hippocampus/ENSG00000256274.1.wgt.RDat	ENSG00000256274.1	12	11079170	11079171	0.4349	rs4763701	-4.73	rs7974964	0.329	7.13	-0.090179	385	26	enet	0.28	1.3e-12	-0.06879	0.945
Brain_Hippocampus	/media/kame/Data/_workings/resource/GTEv8//GTExv8.EUR.Brain_Hippocampus/ENSG00000111215.11.wgt.RDat	ENSG00000111215.11	12	11121179	11121180	0.1583	rs4763701	-4.73	rs4298989	0.0947	-4.52	0.041871	362	31	enet	0.063	0.0011	0.40617	0.685
Brain_Hippocampus	/media/kame/Data/_workings/resource/GTEv8//GTExv8.EUR.Brain_Hippocampus/ENSG00000256537.4.wgt.RDat	ENSG00000256537.4	12	11171221	11171222	0.3065	rs4763701	-4.73	rs2215716	0.188	-5.49	0.498442	352	34	enet	0.077	0.00033	0.50943	0.61
Brain_Hippocampus	/media/kame/Data/_workings/resource/GTEv8//GTExv8.EUR.Brain_Hippocampus/ENSG00000247157.6.wgt.RDat	ENSG00000247157.6	12	11548029	11548030	0.4686	rs4763701	-4.73	rs7132674	0.209	5.66	1.288579	443	29	enet	0.25	6.8e-11	1.39059	0.164
Brain_Hippocampus	/media/kame/Data/_workings/resource/GTEv8//GTExv8.EUR.Brain_Hippocampus/ENSG00000183935.5.wgt.RDat	ENSG00000183935.5	12	13000419	13000420	0.3175	rs4763904	5.3	rs1948063	0.175	-5.91	0.538289	606	34	enet	0.12	9.9e-06	-0.40867	0.683
Brain_Hippocampus	/media/kame/Data/_workings/resource/GTEv8//GTExv8.EUR.Brain_Hippocampus/ENSG00000182993.3.wgt.RDat	ENSG00000182993.3	12	14803571	14803572	0.311	rs1117152	8.1	rs2075268	0.177	5.85	0.315876	369	12	enet	0.14	1.7e-06	0.07056	0.944
Brain_Hippocampus	/media/kame/Data/_workings/resource/GTEv8//GTExv8.EUR.Brain_Hippocampus/ENSG00000139155.8.wgt.RDat	ENSG00000139155.8	12	20695354	20695355	0.2759	rs11045409	-4.26	rs2271656	0.0027	3.21	1.020764	532	44	enet	0.015	0.07	-0.79324	0.428
Brain_Hippocampus	/media/kame/Data/_workings/resource/GTEv8//GTExv8.EUR.Brain_Hippocampus/ENSG00000121350.15.wgt.RDat	ENSG00000121350.15	12	21437614	21437615	0.3753	rs2418001	3.64	rs10770819	-0.00511	-4	0.041192	548	33	enet	0.052	0.0029	-0.44465	0.657
Brain_Hippocampus	/media/kame/Data/_workings/resource/GTEv8//GTExv8.EUR.Brain_Hippocampus/ENSG00000134548.9.wgt.RDat	ENSG00000134548.9	12	21526306	21526307	0.2305	rs2418001	3.64	rs10841851	0.0109	3.81	3.278243	538	12	enet	0.026	0.026	1.92307	0.0545
Brain_Hippocampus	/media/kame/Data/_workings/resource/GTEv8//GTExv8.EUR.Brain_Hippocampus/ENSG00000274624.1.wgt.RDat	ENSG00000274624.1	12	22105319	22105320	0.3361	rs7295402	-4.76	rs10770894	0.0334	4.08	-0.037231	331	14	enet	0.098	5.5e-05	0.89037	0.373
Brain_Hippocampus	/media/kame/Data/_workings/resource/GTEv8//GTExv8.EUR.Brain_Hippocampus/ENSG00000060982.14.wgt.RDat	ENSG00000060982.14	12	24949458	24949459	0.2161	rs17284897	-5	rs2353483	0.0588	-3.86	0.191984	556	45	enet	0.022	0.039	0.15323	0.878
Brain_Hippocampus	/media/kame/Data/_workings/resource/GTEv8//GTExv8.EUR.Brain_Hippocampus/ENSG00000064102.14.wgt.RDat	ENSG00000064102.14	12	26938325	26938326	0.4202	rs3782294	-6.33	rs1488050	0.102	5.06	-2.151824	516	30	enet	0.1	3.3e-05	-0.66542	0.506
Brain_Hippocampus	/media/kame/Data/_workings/resource/GTEv8//GTExv8.EUR.Brain_Hippocampus/ENSG00000247903.1.wgt.RDat	ENSG00000247903.1	12	26971585	26971586	0.5529	rs3782294	-6.33	rs6487582	0.312	-7.02	0.982595	514	40	enet	0.39	4.9e-18	-0.56226	0.574
Brain_Hippocampus	/media/kame/Data/_workings/resource/GTEv8//GTExv8.EUR.Brain_Hippocampus/ENSG00000064115.10.wgt.RDat	ENSG00000064115.10	12	27014433	27014434	0.3367	rs3782294	-6.33	rs16931510	0.0968	4.79	-1.010162	526	18	enet	0.19	9.9e-09	-1.10285	0.27
Brain_Hippocampus	/media/kame/Data/_workings/resource/GTEv8//GTExv8.EUR.Brain_Hippocampus/ENSG00000275764.1.wgt.RDat	ENSG00000275764.1	12	27037099	27037100	0.2495	rs3782294	-6.33	rs11048881	0.139	5.18	-2.305763	524	30	enet	0.15	6.1e-07	-1.23468	0.217
Brain_Hippocampus	/media/kame/Data/_workings/resource/GTEv8//GTExv8.EUR.Brain_Hippocampus/ENSG00000165935.9.wgt.RDat	ENSG00000165935.9	12	27466809	27466810	0.2547	rs1388658	5.03	rs2881579	-0.00566	-3.02	0.153071	509	24	enet	0.011	0.1	-0.10726	0.915
Brain_Hippocampus	/media/kame/Data/_workings/resource/GTEv8//GTExv8.EUR.Brain_Hippocampus/ENSG00000110841.13.wgt.RDat	ENSG00000110841.13	12	27523430	27523431	0.4104	rs7966646	4.92	rs10506026	0.0657	-4.14	0.022682	497	15	enet	0.043	0.0063	-1.17649	0.239
Brain_Hippocampus	/media/kame/Data/_workings/resource/GTEv8//GTExv8.EUR.Brain_Hippocampus/ENSG00000230519.2.wgt.RDat	ENSG00000230519.2	12	27702337	27702338	0.2447	rs1965281	-6.15	rs10492364	0.0327	3.95	-0.287244	540	30	enet	0.021	0.041	-0.6777	0.498
Brain_Hippocampus	/media/kame/Data/_workings/resource/GTEv8//GTExv8.EUR.Brain_Hippocampus/ENSG00000247934.4.wgt.RDat	ENSG00000247934.4	12	28190737	28190738	0.2222	rs1965281	-6.15	rs6487665	0.237	6	-1.949638	441	9	enet	0.16	3.6e-07	-1.38637	0.166
Brain_Hippocampus	/media/kame/Data/_workings/resource/GTEv8//GTExv8.EUR.Brain_Hippocampus/ENSG00000275476.1.wgt.RDat	ENSG00000275476.1	12	29277881	29277882	0.2155	rs7312184	-3.81	rs7953619	0.123	4.54	0.115533	599	18	enet	0.028	0.023	0.07189	0.943
Brain_Hippocampus	/media/kame/Data/_workings/resource/GTEv8//GTExv8.EUR.Brain_Hippocampus/ENSG00000257176.2.wgt.RDat	ENSG00000257176.2	12	29317847	29317848	0.2216	rs7312184	-3.81	rs12831751	0.173	5.49	0.107146	598	6	enet	0.13	4.8e-06	-0.85153	0.394
Brain_Hippocampus	/media/kame/Data/_workings/resource/GTEv8//GTExv8.EUR.Brain_Hippocampus/ENSG00000087502.17.wgt.RDat	ENSG00000087502.17	12	29381188	29381189	0.1755	rs7312184	-3.81	rs3782513	-0.00461	-3.53	0.348759	570	52	enet	0.0077	0.14	1.18514	0.236
Brain_Hippocampus	/media/kame/Data/_workings/resource/GTEv8//GTExv8.EUR.Brain_Hippocampus/ENSG00000133704.9.wgt.RDat	ENSG00000133704.9	12	30695985	30695986	0.2516	rs33234	-5.57	rs10771745	0.128	-4.7	-0.355551	569	10	enet	0.059	0.0016	0.39002	0.697
Brain_Hippocampus	/media/kame/Data/_workings/resource/GTEv8//GTExv8.EUR.Brain_Hippocampus/ENSG00000110900.14.wgt.RDat	ENSG00000110900.14	12	30926427	30926428	0.7449	rs33234	-5.57	rs11051145	0.496	8.72	-4.527374	483	27	enet	0.44	8.1e-21	-4.17236	3.01e-05
Brain_Hippocampus	/media/kame/Data/_workings/resource/GTEv8//GTExv8.EUR.Brain_Hippocampus/ENSG00000013573.16.wgt.RDat	ENSG00000013573.16	12	31073847	31073848	0.8764	rs33234	-5.57	rs6487966	0.721	-10.48	0.044027	448	13	enet	0.71	6.1e-42	-0.00984	0.992
Brain_Hippocampus	/media/kame/Data/_workings/resource/GTEv8//GTExv8.EUR.Brain_Hippocampus/ENSG00000170456.15.wgt.RDat	ENSG00000170456.15	12	31591096	31591097	0.2524	rs4931599	-5.85	rs2568901	0.00435	3.69	0.401882	446	27	enet	0.039	0.0085	-0.97816	0.328
Brain_Hippocampus	/media/kame/Data/_workings/resource/GTEv8//GTExv8.EUR.Brain_Hippocampus/ENSG00000256538.1.wgt.RDat	ENSG00000256538.1	12	34037437	34037438	0.2513	rs3912355	-5.3	rs1386938	0.00102	-3.81	0.570784	225	17	enet	0.074	0.00045	-0.32213	0.747
Brain_Hippocampus	/media/kame/Data/_workings/resource/GTEv8//GTExv8.EUR.Brain_Hippocampus/ENSG00000175548.8.wgt.RDat	ENSG00000175548.8	12	38316577	38316578	0.126	rs11514395	-12.97	rs7976308	0.00969	-3.43	0.034993	229	7	enet	0.048	0.0039	-1.71349	0.0866
Brain_Hippocampus	/media/kame/Data/_workings/resource/GTEv8//GTExv8.EUR.Brain_Hippocampus/ENSG00000151229.12.wgt.RDat	ENSG00000151229.12	12	40106088	40106089	0.2125	rs11564234	-9.03	rs10877840	0.176	5.27	1.265836	513	10	enet	0.098	5.6e-05	1.08319	0.279
Brain_Hippocampus	/media/kame/Data/_workings/resource/GTEv8//GTExv8.EUR.Brain_Hippocampus/ENSG00000188906.14.wgt.RDat	ENSG00000188906.14	12	40196743	40196744	0.1995	rs11564234	-8.42	rs900253	0.0888	-4.52	0.740341	540	35	enet	0.079	0.00028	-0.38876	0.697
Brain_Hippocampus	/media/kame/Data/_workings/resource/GTEv8//GTExv8.EUR.Brain_Hippocampus/ENSG00000184613.10.wgt.RDat	ENSG00000184613.10	12	44921847	44921848	0.2751	rs1037435	5.83	rs2408002	-0.00353	-3.2	-0.48631	344	40	enet	-0.0012	0.37	-0.50291	0.615
Brain_Hippocampus	/media/kame/Data/_workings/resource/GTEv8//GTExv8.EUR.Brain_Hippocampus/ENSG00000005175.9.wgt.RDat	ENSG00000005175.9	12	47706060	47706061	0.2186	rs215360	-5.56	rs1232985	0.0232	3.48	-1.52714	548	6	enet	0.033	0.015	0.43512	0.663
Brain_Hippocampus	/media/kame/Data/_workings/resource/GTEv8//GTExv8.EUR.Brain_Hippocampus/ENSG00000280054.1.wgt.RDat	ENSG00000280054.1	12	47730597	47730598	0.191	rs215360	-5.56	rs2074534	0.0791	4.3	0.691079	541	28	enet	0.031	0.017	-0.93514	0.35
Brain_Hippocampus	/media/kame/Data/_workings/resource/GTEv8//GTExv8.EUR.Brain_Hippocampus/ENSG00000079337.15.wgt.RDat	ENSG00000079337.15	12	47771039	47771040	0.3859	rs215360	-5.56	rs12422983	0.23	6.05	-1.995184	540	19	enet	0.19	2.2e-08	-1.26122	0.207
Brain_Hippocampus	/media/kame/Data/_workings/resource/GTEv8//GTExv8.EUR.Brain_Hippocampus/ENSG00000268069.2.wgt.RDat	ENSG00000268069.2	12	47784922	47784923	0.4264	rs215360	-5.56	rs7418	0.24	-6.08	-1.653136	539	17	enet	0.21	1.7e-09	1.37721	0.168
Brain_Hippocampus	/media/kame/Data/_workings/resource/GTEv8//GTExv8.EUR.Brain_Hippocampus/ENSG00000240399.1.wgt.RDat	ENSG00000240399.1	12	48055590	48055591	0.309	rs7397928	5.56	rs886588	0.223	-6.02	1.773935	521	23	enet	0.085	0.00017	-2.03524	0.0418
Brain_Hippocampus	/media/kame/Data/_workings/resource/GTEv8//GTExv8.EUR.Brain_Hippocampus/ENSG00000177981.10.wgt.RDat	ENSG00000177981.10	12	48181212	48181213	0.2981	rs10875852	-5.69	rs10875746	0.201	5.69	1.420844	516	28	enet	0.18	4e-08	1.01698	0.309
Brain_Hippocampus	/media/kame/Data/_workings/resource/GTEv8//GTExv8.EUR.Brain_Hippocampus/ENSG00000177627.9.wgt.RDat	ENSG00000177627.9	12	48482502	48482503	0.2597	rs10875867	-7.33	rs12582594	0.0344	4.23	0.213619	449	31	enet	0.08	0.00027	-0.01316	0.99
Brain_Hippocampus	/media/kame/Data/_workings/resource/GTEv8//GTExv8.EUR.Brain_Hippocampus/ENSG00000239617.1.wgt.RDat	ENSG00000239617.1	12	48903812	48903813	0.275	rs7969099	7.48	rs7138930	0.0854	4.92	-1.00726	334	54	enet	0.18	5.6e-08	-0.69889	0.485
Brain_Hippocampus	/media/kame/Data/_workings/resource/GTEv8//GTExv8.EUR.Brain_Hippocampus/ENSG00000134285.10.wgt.RDat	ENSG00000134285.10	12	48925826	48925827	0.2606	rs7969099	7.48	rs833841	0.209	5.87	-0.063919	330	14	enet	0.19	1.6e-08	-0.62821	0.53
Brain_Hippocampus	/media/kame/Data/_workings/resource/GTEv8//GTExv8.EUR.Brain_Hippocampus/ENSG00000258017.1.wgt.RDat	ENSG00000258017.1	12	49131170	49131171	0.1707	rs11169058	8.05	rs1274726	0.162	-5.43	1.893998	304	22	enet	0.13	2.7e-06	-1.08842	0.276
Brain_Hippocampus	/media/kame/Data/_workings/resource/GTEv8//GTExv8.EUR.Brain_Hippocampus/ENSG00000167553.15.wgt.RDat	ENSG00000167553.15	12	49208545	49208546	0.3343	rs11169058	8.05	rs7958241	0.221	6.13	0.233096	294	25	enet	0.27	8.9e-12	0.62341	0.533
Brain_Hippocampus	/media/kame/Data/_workings/resource/GTEv8//GTExv8.EUR.Brain_Hippocampus/ENSG00000186897.4.wgt.RDat	ENSG00000186897.4	12	49337187	49337188	0.152	rs11169058	8.05	rs11168967	0.0773	4.27	0.673968	290	11	enet	0.029	0.021	0.27666	0.782
Brain_Hippocampus	/media/kame/Data/_workings/resource/GTEv8//GTExv8.EUR.Brain_Hippocampus/ENSG00000257464.1.wgt.RDat	ENSG00000257464.1	12	49442651	49442652	0.2438	rs11169058	8.05	rs7980731	0.0381	-3.88	7.123461	301	16	enet	0.025	0.029	-4.86471	1.15e-06
Brain_Hippocampus	/media/kame/Data/_workings/resource/GTEv8//GTExv8.EUR.Brain_Hippocampus/ENSG00000187778.13.wgt.RDat	ENSG00000187778.13	12	49568152	49568153	0.1287	rs11169058	8.05	rs3887727	0.0893	-4.5	0.530584	314	22	enet	0.094	7.8e-05	-0.35094	0.726
Brain_Hippocampus	/media/kame/Data/_workings/resource/GTEv8//GTExv8.EUR.Brain_Hippocampus/ENSG00000161798.6.wgt.RDat	ENSG00000161798.6	12	49961869	49961870	0.7058	rs11169058	8.05	rs3759129	0.349	-7.26	-1.235395	330	22	enet	0.39	5.6e-18	0.74423	0.457
Brain_Hippocampus	/media/kame/Data/_workings/resource/GTEv8//GTExv8.EUR.Brain_Hippocampus/ENSG00000178449.8.wgt.RDat	ENSG00000178449.8	12	50111978	50111979	0.1632	rs376401	-4.79	rs17124432	0.168	5.1	0.009452	307	17	enet	0.18	2.8e-08	0.53326	0.594
Brain_Hippocampus	/media/kame/Data/_workings/resource/GTEv8//GTExv8.EUR.Brain_Hippocampus/ENSG00000272368.2.wgt.RDat	ENSG00000272368.2	12	50123363	50123364	0.3119	rs376401	-4.79	rs7297421	0.15	6.14	-3.533771	309	31	enet	0.18	2.6e-08	-2.47489	0.0133
Brain_Hippocampus	/media/kame/Data/_workings/resource/GTEv8//GTExv8.EUR.Brain_Hippocampus/ENSG00000139624.12.wgt.RDat	ENSG00000139624.12	12	50167532	50167533	0.4218	rs376401	-4.79	rs3184122	0.391	-7.74	-0.153082	308	35	enet	0.37	1e-16	0.00808	0.994
Brain_Hippocampus	/media/kame/Data/_workings/resource/GTEv8//GTExv8.EUR.Brain_Hippocampus/ENSG00000050426.15.wgt.RDat	ENSG00000050426.15	12	51047961	51047962	0.4119	rs4761995	6.14	rs17125286	0.0531	4.5	0.54094	389	32	enet	0.091	1e-04	0.51521	0.606
Brain_Hippocampus	/media/kame/Data/_workings/resource/GTEv8//GTExv8.EUR.Brain_Hippocampus/ENSG00000139629.15.wgt.RDat	ENSG00000139629.15	12	51392866	51392867	0.5882	rs4761995	6.14	rs3782473	0.304	-6.91	-0.869365	409	16	enet	0.34	4.2e-15	0.66156	0.508
Brain_Hippocampus	/media/kame/Data/_workings/resource/GTEv8//GTExv8.EUR.Brain_Hippocampus/ENSG00000050438.16.wgt.RDat	ENSG00000050438.16	12	51403072	51403073	0.3677	rs4761995	6.14	rs7970638	0.0757	-4.51	-1.114381	412	23	enet	0.079	0.00029	0.93055	0.352
Brain_Hippocampus	/media/kame/Data/_workings/resource/GTEv8//GTExv8.EUR.Brain_Hippocampus/ENSG00000135480.15.wgt.RDat	ENSG00000135480.15	12	52232519	52232520	0.3703	rs636299	6.99	rs7296390	0.0314	4.19	0.700315	721	15	enet	0.067	0.00078	0.60909	0.542
Brain_Hippocampus	/media/kame/Data/_workings/resource/GTEv8//GTExv8.EUR.Brain_Hippocampus/ENSG00000205426.10.wgt.RDat	ENSG00000205426.10	12	52291533	52291534	0.3613	rs636299	6.99	rs11611330	0.227	6.35	0.341123	762	19	enet	0.18	4.5e-08	-0.10355	0.918
Brain_Hippocampus	/media/kame/Data/_workings/resource/GTEv8//GTExv8.EUR.Brain_Hippocampus/ENSG00000111077.17.wgt.RDat	ENSG00000111077.17	12	53047050	53047051	0.437	rs636299	6.99	rs10747658	0.364	-7.42	-1.000405	551	13	enet	0.32	1.6e-14	1.31001	0.19
Brain_Hippocampus	/media/kame/Data/_workings/resource/GTEv8//GTExv8.EUR.Brain_Hippocampus/ENSG00000135390.17.wgt.RDat	ENSG00000135390.17	12	53677407	53677408	0.324	rs7309494	5.51	rs916134	0.269	6.6	1.142149	416	12	enet	0.2	5.3e-09	1.11903	0.263
Brain_Hippocampus	/media/kame/Data/_workings/resource/GTEv8//GTExv8.EUR.Brain_Hippocampus/ENSG00000248265.1.wgt.RDat	ENSG00000248265.1	12	54058253	54058254	0.3282	rs1485394	4.18	rs6580978	0.119	-5.08	-0.88672	421	16	enet	0.058	0.0017	0.90018	0.368
Brain_Hippocampus	/media/kame/Data/_workings/resource/GTEv8//GTExv8.EUR.Brain_Hippocampus/ENSG00000257534.1.wgt.RDat	ENSG00000257534.1	12	54164451	54164452	0.1974	rs1249949	6.35	rs2279402	0.106	-4.82	-1.086595	448	22	enet	0.12	1.2e-05	1.56721	0.117
Brain_Hippocampus	/media/kame/Data/_workings/resource/GTEv8//GTExv8.EUR.Brain_Hippocampus/ENSG00000139531.12.wgt.RDat	ENSG00000139531.12	12	55997179	55997180	0.29	rs17528736	5.06	rs10876864	0.154	-5.45	-0.290479	291	10	enet	0.15	7.2e-07	-0.77035	0.441
Brain_Hippocampus	/media/kame/Data/_workings/resource/GTEv8//GTExv8.EUR.Brain_Hippocampus/ENSG00000257303.1.wgt.RDat	ENSG00000257303.1	12	56300141	56300142	0.3815	rs35075600	5.08	rs11171803	0.25	-6.73	0.558676	257	36	enet	0.24	7.6e-11	-0.44951	0.653
Brain_Hippocampus	/media/kame/Data/_workings/resource/GTEv8//GTExv8.EUR.Brain_Hippocampus/ENSG00000196531.10.wgt.RDat	ENSG00000196531.10	12	56731594	56731595	0.1915	rs2255074	4.5	rs11171951	0.0169	3.45	2.048952	332	26	enet	-0.0037	0.5	1.69973	0.0892
Brain_Hippocampus	/media/kame/Data/_workings/resource/GTEv8//GTExv8.EUR.Brain_Hippocampus/ENSG00000240771.6.wgt.RDat	ENSG00000240771.6	12	57610179	57610180	0.0923	rs17492255	8.07	rs2269720	-0.00619	3.4	3.96488	325	16	enet	-0.0044	0.55	1.39917	0.162
Brain_Hippocampus	/media/kame/Data/_workings/resource/GTEv8//GTExv8.EUR.Brain_Hippocampus/ENSG00000123427.16.wgt.RDat	ENSG00000123427.16	12	57771605	57771606	0.3123	rs17492255	8.07	rs10877013	0.371	7.47	2.031457	341	20	enet	0.31	1e-13	2.07589	0.0379
Brain_Hippocampus	/media/kame/Data/_workings/resource/GTEv8//GTExv8.EUR.Brain_Hippocampus/ENSG00000123297.17.wgt.RDat	ENSG00000123297.17	12	57782588	57782589	0.1644	rs17492255	8.07	rs10877015	0.141	-5.49	2.055745	342	14	enet	0.15	4.6e-07	-2.18305	0.029
Brain_Hippocampus	/media/kame/Data/_workings/resource/GTEv8//GTExv8.EUR.Brain_Hippocampus/ENSG00000166896.7.wgt.RDat	ENSG00000166896.7	12	57941540	57941541	0.2696	rs17492255	8.07	rs10877041	0.236	-6.86	-1.5694	405	23	enet	0.24	1.4e-10	1.1773	0.239
Brain_Hippocampus	/media/kame/Data/_workings/resource/GTEv8//GTExv8.EUR.Brain_Hippocampus/ENSG00000255642.1.wgt.RDat	ENSG00000255642.1	12	63822156	63822157	0.2849	rs488736	4.58	rs1983148	-9.18e-05	3.49	-1.412	293	8	enet	0.03	0.018	-2.53804	0.0111
Brain_Hippocampus	/media/kame/Data/_workings/resource/GTEv8//GTExv8.EUR.Brain_Hippocampus/ENSG00000255693.1.wgt.RDat	ENSG00000255693.1	12	64883393	64883394	0.4399	rs6581561	6.18	rs523106	0.114	4.55	-0.293311	322	13	enet	0.13	2.8e-06	0.62533	0.532
Brain_Hippocampus	/media/kame/Data/_workings/resource/GTEv8//GTExv8.EUR.Brain_Hippocampus/ENSG00000239335.4.wgt.RDat	ENSG00000239335.4	12	66130768	66130769	0.6933	rs17178802	-4.85	rs2870782	0.576	-9.35	-0.032968	475	20	enet	0.55	1.2e-27	0.08867	0.929
Brain_Hippocampus	/media/kame/Data/_workings/resource/GTEv8//GTExv8.EUR.Brain_Hippocampus/ENSG00000127311.9.wgt.RDat	ENSG00000127311.9	12	66302544	66302545	0.2545	rs903586	4.1	rs2118138	0.12	-4.93	-0.363135	496	13	enet	0.15	4.6e-07	0.18259	0.855
Brain_Hippocampus	/media/kame/Data/_workings/resource/GTEv8//GTExv8.EUR.Brain_Hippocampus/ENSG00000111554.14.wgt.RDat	ENSG00000111554.14	12	68332380	68332381	0.4596	rs11177186	-6.33	rs10878810	0.00406	4.13	-0.403424	525	50	enet	0.033	0.015	-1.13074	0.258
Brain_Hippocampus	/media/kame/Data/_workings/resource/GTEv8//GTExv8.EUR.Brain_Hippocampus/ENSG00000111581.9.wgt.RDat	ENSG00000111581.9	12	68686733	68686734	0.2939	rs11177186	-6.33	rs2920022	0.142	-5.94	-0.012327	524	11	enet	0.22	1.2e-09	0.01189	0.991
Brain_Hippocampus	/media/kame/Data/_workings/resource/GTEv8//GTExv8.EUR.Brain_Hippocampus/ENSG00000175782.9.wgt.RDat	ENSG00000175782.9	12	68746105	68746106	0.3381	rs11177186	-6.33	rs1144943	0.135	-4.92	-0.025628	502	39	enet	0.11	2.3e-05	0.80349	0.422
Brain_Hippocampus	/media/kame/Data/_workings/resource/GTEv8//GTExv8.EUR.Brain_Hippocampus/ENSG00000135678.11.wgt.RDat	ENSG00000135678.11	12	68971569	68971570	0.2668	rs618470	-7.65	rs17106030	0.0578	-4.62	0.034631	464	26	enet	0.091	0.00011	0.18131	0.856
Brain_Hippocampus	/media/kame/Data/_workings/resource/GTEv8//GTExv8.EUR.Brain_Hippocampus/ENSG00000090382.6.wgt.RDat	ENSG00000090382.6	12	69348340	69348341	0.3637	rs618470	-7.65	rs317689	0.0913	4.63	-7.068959	530	31	enet	0.027	0.024	-4.19198	2.77e-05
Brain_Hippocampus	/media/kame/Data/_workings/resource/GTEv8//GTExv8.EUR.Brain_Hippocampus/ENSG00000127337.6.wgt.RDat	ENSG00000127337.6	12	69359702	69359703	0.3898	rs618470	-7.65	rs6581889	0.121	-5.11	-0.883675	522	31	enet	0.09	0.00011	1.06868	0.285
Brain_Hippocampus	/media/kame/Data/_workings/resource/GTEv8//GTExv8.EUR.Brain_Hippocampus/ENSG00000257507.1.wgt.RDat	ENSG00000257507.1	12	69449469	69449470	0.2451	rs618470	-7.65	rs10878924	-0.00674	3.07	-0.967835	556	37	enet	0.0091	0.13	-1.13039	0.258
Brain_Hippocampus	/media/kame/Data/_workings/resource/GTEv8//GTExv8.EUR.Brain_Hippocampus/ENSG00000127328.21.wgt.RDat	ENSG00000127328.21	12	69738680	69738681	0.2288	rs618470	-7.65	rs1586983	0.124	4.74	-0.843998	556	16	enet	0.056	0.002	0.23597	0.813
Brain_Hippocampus	/media/kame/Data/_workings/resource/GTEv8//GTExv8.EUR.Brain_Hippocampus/ENSG00000166268.10.wgt.RDat	ENSG00000166268.10	12	69825303	69825304	0.7168	rs689415	-7.53	rs1586983	0.467	8.68	-0.843998	545	27	enet	0.51	5.5e-25	-0.42324	0.672
Brain_Hippocampus	/media/kame/Data/_workings/resource/GTEv8//GTExv8.EUR.Brain_Hippocampus/ENSG00000257139.1.wgt.RDat	ENSG00000257139.1	12	70180337	70180338	0.4199	rs11178054	-3.13	rs4761184	0.327	7.08	-0.121653	577	19	enet	0.31	5e-14	-0.05275	0.958
Brain_Hippocampus	/media/kame/Data/_workings/resource/GTEv8//GTExv8.EUR.Brain_Hippocampus/ENSG00000135643.4.wgt.RDat	ENSG00000135643.4	12	70366275	70366276	0.3848	rs11178391	3.25	rs2567137	0.065	-4.85	-1.0019	592	24	enet	0.16	2.4e-07	1.59538	0.111
Brain_Hippocampus	/media/kame/Data/_workings/resource/GTEv8//GTExv8.EUR.Brain_Hippocampus/ENSG00000236333.3.wgt.RDat	ENSG00000236333.3	12	72274906	72274907	0.2586	rs4073007	7.92	rs7970417	0.101	4.52	0.677452	385	11	enet	0.032	0.016	-0.56087	0.575
Brain_Hippocampus	/media/kame/Data/_workings/resource/GTEv8//GTExv8.EUR.Brain_Hippocampus/ENSG00000180481.10.wgt.RDat	ENSG00000180481.10	12	75391069	75391070	0.6657	rs1405451	6.15	rs1875470	0.523	-8.86	0.500345	468	48	enet	0.49	1.2e-23	0.30035	0.764
Brain_Hippocampus	/media/kame/Data/_workings/resource/GTEv8//GTExv8.EUR.Brain_Hippocampus/ENSG00000257497.2.wgt.RDat	ENSG00000257497.2	12	75489819	75489820	0.1828	rs1405451	6.15	rs3741496	0.109	-4.48	0.752854	505	8	enet	0.064	0.001	-0.56993	0.569
Brain_Hippocampus	/media/kame/Data/_workings/resource/GTEv8//GTExv8.EUR.Brain_Hippocampus/ENSG00000111615.13.wgt.RDat	ENSG00000111615.13	12	75511620	75511621	0.2461	rs1405451	6.15	rs15513	0.2	5.67	0.63029	522	11	enet	0.097	6.5e-05	0.55509	0.579
Brain_Hippocampus	/media/kame/Data/_workings/resource/GTEv8//GTExv8.EUR.Brain_Hippocampus/ENSG00000179941.6.wgt.RDat	ENSG00000179941.6	12	76348441	76348442	0.141	rs17042538	-4.28	rs12828019	0.0785	-4.15	-0.398436	428	5	enet	0.023	0.037	0.56132	0.575
Brain_Hippocampus	/media/kame/Data/_workings/resource/GTEv8//GTExv8.EUR.Brain_Hippocampus/ENSG00000111058.7.wgt.RDat	ENSG00000111058.7	12	80936413	80936414	0.1556	rs7973803	-5.41	rs10778794	0.0389	-4.05	0.446275	413	31	enet	-0.0067	0.92	-0.55314	0.58
Brain_Hippocampus	/media/kame/Data/_workings/resource/GTEv8//GTExv8.EUR.Brain_Hippocampus/ENSG00000257431.1.wgt.RDat	ENSG00000257431.1	12	82512676	82512677	0.4278	rs10506863	-5.49	rs17009658	0.108	5.14	-2.248373	358	23	enet	0.21	3.2e-09	0.19064	0.849
Brain_Hippocampus	/media/kame/Data/_workings/resource/GTEv8//GTExv8.EUR.Brain_Hippocampus/ENSG00000198015.12.wgt.RDat	ENSG00000198015.12	12	93467487	93467488	0.2832	rs1471816	-8.65	rs12422532	-0.00421	-3.47	2.372085	440	28	enet	0.05	0.0034	-0.77063	0.441
Brain_Hippocampus	/media/kame/Data/_workings/resource/GTEv8//GTExv8.EUR.Brain_Hippocampus/ENSG00000139344.7.wgt.RDat	ENSG00000139344.7	12	95943292	95943293	0.4164	rs12297663	-5.15	rs1025607	0.111	-5.35	-0.379198	542	19	enet	0.12	1.1e-05	0.59574	0.551
Brain_Hippocampus	/media/kame/Data/_workings/resource/GTEv8//GTExv8.EUR.Brain_Hippocampus/ENSG00000166130.14.wgt.RDat	ENSG00000166130.14	12	98645112	98645113	0.2011	rs4762219	-6.17	rs35396543	0.0605	4.38	0.265017	443	8	enet	0.065	0.00098	-0.05055	0.96
Brain_Hippocampus	/media/kame/Data/_workings/resource/GTEv8//GTExv8.EUR.Brain_Hippocampus/ENSG00000111666.10.wgt.RDat	ENSG00000111666.10	12	101696946	101696947	0.4971	rs10860794	8.61	rs3809260	0.265	-6.45	-1.281795	482	9	enet	0.28	2.3e-12	0.86891	0.385
Brain_Hippocampus	/media/kame/Data/_workings/resource/GTEv8//GTExv8.EUR.Brain_Hippocampus/ENSG00000111670.14.wgt.RDat	ENSG00000111670.14	12	101830937	101830938	0.2127	rs10860794	8.61	rs2108694	-0.0067	3.36	-2.659618	454	21	enet	-0.006	0.75	-1.68824	0.0914
Brain_Hippocampus	/media/kame/Data/_workings/resource/GTEv8//GTExv8.EUR.Brain_Hippocampus/ENSG00000136048.13.wgt.RDat	ENSG00000136048.13	12	101877350	101877351	0.246	rs10860794	8.61	rs7974987	0.0611	-4.44	0.267033	446	32	enet	0.014	0.081	-2.60627	0.00915
Brain_Hippocampus	/media/kame/Data/_workings/resource/GTEv8//GTExv8.EUR.Brain_Hippocampus/ENSG00000257681.1.wgt.RDat	ENSG00000257681.1	12	103768857	103768858	0.2055	rs12817542	6.65	rs9132	0.0874	4.83	0.016564	614	21	enet	0.083	0.00021	-0.03159	0.975
Brain_Hippocampus	/media/kame/Data/_workings/resource/GTEv8//GTExv8.EUR.Brain_Hippocampus/ENSG00000204954.9.wgt.RDat	ENSG00000204954.9	12	103965707	103965708	0.3334	rs7309088	-5.52	rs2629768	0.0613	-4.98	-1.108625	634	47	enet	0.14	1.9e-06	-0.74272	0.458
Brain_Hippocampus	/media/kame/Data/_workings/resource/GTEv8//GTExv8.EUR.Brain_Hippocampus/ENSG00000136051.13.wgt.RDat	ENSG00000136051.13	12	105107323	105107324	0.2114	rs4964134	4.62	rs1196873	0.0661	4.69	0.650122	647	47	enet	0.091	0.00011	1.4625	0.144
Brain_Hippocampus	/media/kame/Data/_workings/resource/GTEv8//GTExv8.EUR.Brain_Hippocampus/ENSG00000139433.9.wgt.RDat	ENSG00000139433.9	12	109880487	109880488	0.3424	rs7313797	13.27	rs10850883	0.219	5.89	-0.007328	350	21	enet	0.14	1.3e-06	-0.60489	0.545
Brain_Hippocampus	/media/kame/Data/_workings/resource/GTEv8//GTExv8.EUR.Brain_Hippocampus/ENSG00000174456.13.wgt.RDat	ENSG00000174456.13	12	110073685	110073686	0.1752	rs10161126	8.37	rs4766500	0.0427	-3.85	-3.386065	281	12	enet	0.069	7e-04	2.50823	0.0121
Brain_Hippocampus	/media/kame/Data/_workings/resource/GTEv8//GTExv8.EUR.Brain_Hippocampus/ENSG00000111237.18.wgt.RDat	ENSG00000111237.18	12	110501558	110501559	0.2411	rs4766428	-7.02	rs4766492	0.137	5.6	-3.993988	237	17	enet	0.13	2.5e-06	-2.60624	0.00915
Brain_Hippocampus	/media/kame/Data/_workings/resource/GTEv8//GTExv8.EUR.Brain_Hippocampus/ENSG00000111275.12.wgt.RDat	ENSG00000111275.12	12	111766886	111766887	0.1343	rs10849930	3.74	rs1544396	0.0309	-4.05	0.164402	221	41	enet	0.06	0.0015	-0.95889	0.338
Brain_Hippocampus	/media/kame/Data/_workings/resource/GTEv8//GTExv8.EUR.Brain_Hippocampus/ENSG00000089225.19.wgt.RDat	ENSG00000089225.19	12	114408189	114408190	0.3259	rs11066811	5.52	rs2113436	0.018	-4.62	-0.193808	583	25	enet	0.085	0.00017	-0.76224	0.446
Brain_Hippocampus	/media/kame/Data/_workings/resource/GTEv8//GTExv8.EUR.Brain_Hippocampus/ENSG00000089250.18.wgt.RDat	ENSG00000089250.18	12	117452169	117452170	0.4646	rs9658498	14.07	rs10774925	0.283	-6.79	0.314988	628	13	enet	0.24	9.8e-11	-0.26197	0.793
Brain_Hippocampus	/media/kame/Data/_workings/resource/GTEv8//GTExv8.EUR.Brain_Hippocampus/ENSG00000089220.4.wgt.RDat	ENSG00000089220.4	12	118136026	118136027	0.3661	rs17512609	11.58	rs1726407	0.146	6.35	-0.218365	505	26	enet	0.22	9.4e-10	1.26755	0.205
Brain_Hippocampus	/media/kame/Data/_workings/resource/GTEv8//GTExv8.EUR.Brain_Hippocampus/ENSG00000111707.11.wgt.RDat	ENSG00000111707.11	12	118376379	118376380	0.2851	rs17512609	11.58	rs2062519	0.0393	3.94	6.706673	444	33	enet	0.024	0.032	6.40348	1.52e-10
Brain_Hippocampus	/media/kame/Data/_workings/resource/GTEv8//GTExv8.EUR.Brain_Hippocampus/ENSG00000275759.1.wgt.RDat	ENSG00000275759.1	12	118428280	118428281	0.2439	rs17512609	11.58	rs17625679	0.0989	-4.55	-0.089414	446	32	enet	0.049	0.0036	-5.38479	7.25e-08
Brain_Hippocampus	/media/kame/Data/_workings/resource/GTEv8//GTExv8.EUR.Brain_Hippocampus/ENSG00000275409.1.wgt.RDat	ENSG00000275409.1	12	118430146	118430147	0.2215	rs17512609	11.58	rs2062519	-0.00675	-3.47	6.706673	447	4	enet	0.0055	0.18	-5.87119	4.33e-09
Brain_Hippocampus	/media/kame/Data/_workings/resource/GTEv8//GTExv8.EUR.Brain_Hippocampus/ENSG00000257218.5.wgt.RDat	ENSG00000257218.5	12	120446437	120446438	0.6848	rs10774542	-8.05	rs787818	0.296	-7.39	-3.471438	391	28	enet	0.46	4.7e-22	1.59896	0.11
Brain_Hippocampus	/media/kame/Data/_workings/resource/GTEv8//GTExv8.EUR.Brain_Hippocampus/ENSG00000110917.7.wgt.RDat	ENSG00000110917.7	12	120686868	120686869	0.3476	rs2859263	3.94	rs4102203	0.00347	3.38	-1.32351	443	42	enet	0.045	0.0053	-2.09109	0.0365
Brain_Hippocampus	/media/kame/Data/_workings/resource/GTEv8//GTExv8.EUR.Brain_Hippocampus/ENSG00000175970.10.wgt.RDat	ENSG00000175970.10	12	120710434	120710435	0.2865	rs2859263	3.94	rs2239760	0.0944	4.73	-0.938978	447	9	enet	0.092	9.7e-05	-0.47873	0.632
Brain_Hippocampus	/media/kame/Data/_workings/resource/GTEv8//GTExv8.EUR.Brain_Hippocampus/ENSG00000122971.8.wgt.RDat	ENSG00000122971.8	12	120725734	120725735	0.3543	rs2859263	3.94	rs9204	0.18	5.86	-0.948194	447	36	enet	0.16	2.1e-07	-0.03696	0.971
Brain_Hippocampus	/media/kame/Data/_workings/resource/GTEv8//GTExv8.EUR.Brain_Hippocampus/ENSG00000157837.15.wgt.RDat	ENSG00000157837.15	12	120904370	120904371	0.2388	rs2859263	3.94	rs3213566	0.0556	4.81	-0.384349	459	25	enet	0.036	0.011	-0.2975	0.766
Brain_Hippocampus	/media/kame/Data/_workings/resource/GTEv8//GTExv8.EUR.Brain_Hippocampus/ENSG00000139725.7.wgt.RDat	ENSG00000139725.7	12	121800676	121800677	0.3283	rs2707068	5.04	rs921286	0.0148	-3.69	-0.195081	339	27	enet	0.046	0.005	0.6056	0.545
Brain_Hippocampus	/media/kame/Data/_workings/resource/GTEv8//GTExv8.EUR.Brain_Hippocampus/ENSG00000212694.8.wgt.RDat	ENSG00000212694.8	12	121803905	121803906	0.2621	rs2707068	5.04	rs895953	0.2	-5.63	-0.366269	342	12	enet	0.17	1e-07	-0.06861	0.945
Brain_Hippocampus	/media/kame/Data/_workings/resource/GTEv8//GTExv8.EUR.Brain_Hippocampus/ENSG00000139719.9.wgt.RDat	ENSG00000139719.9	12	122266520	122266521	0.2837	rs11060094	-2.77	rs7953290	0.116	4.83	0.32183	332	17	enet	0.12	7.9e-06	0.05324	0.958
Brain_Hippocampus	/media/kame/Data/_workings/resource/GTEv8//GTExv8.EUR.Brain_Hippocampus/ENSG00000130787.13.wgt.RDat	ENSG00000130787.13	12	122835425	122835426	0.1175	rs11061244	-3.8	rs11060064	0.0879	-3.87	0.762491	299	19	enet	0.071	0.00058	-0.96446	0.335
Brain_Hippocampus	/media/kame/Data/_workings/resource/GTEv8//GTExv8.EUR.Brain_Hippocampus/ENSG00000256092.2.wgt.RDat	ENSG00000256092.2	12	123363867	123363868	0.3394	rs7358562	-4.67	rs2280424	0.112	-5.22	0.700944	335	30	enet	0.09	0.00011	-0.54401	0.586
Brain_Hippocampus	/media/kame/Data/_workings/resource/GTEv8//GTExv8.EUR.Brain_Hippocampus/ENSG00000183955.12.wgt.RDat	ENSG00000183955.12	12	123383772	123383773	0.1708	rs4930729	-4.68	rs10773000	0.0457	-3.85	0.66599	337	23	enet	-0.0037	0.5	-0.07437	0.941
Brain_Hippocampus	/media/kame/Data/_workings/resource/GTEv8//GTExv8.EUR.Brain_Hippocampus/ENSG00000111364.15.wgt.RDat	ENSG00000111364.15	12	123602098	123602099	0.3073	rs10846600	6.45	rs11057298	0.164	-5.43	-0.806053	372	22	enet	0.13	2.9e-06	-0.22997	0.818
Brain_Hippocampus	/media/kame/Data/_workings/resource/GTEv8//GTExv8.EUR.Brain_Hippocampus/ENSG00000279233.1.wgt.RDat	ENSG00000279233.1	12	125138244	125138245	0.5228	rs748548	13.36	rs12581512	0.272	6.42	-0.423943	539	7	enet	0.22	7.9e-10	-0.2573	0.797
Brain_Hippocampus	/media/kame/Data/_workings/resource/GTEv8//GTExv8.EUR.Brain_Hippocampus/ENSG00000139364.10.wgt.RDat	ENSG00000139364.10	12	125186835	125186836	0.3333	rs748548	13.36	rs4362231	0.000966	-3.45	0.003441	530	34	enet	-0.006	0.75	5.26352	1.41e-07
Brain_Hippocampus	/media/kame/Data/_workings/resource/GTEv8//GTExv8.EUR.Brain_Hippocampus/ENSG00000255595.2.wgt.RDat	ENSG00000255595.2	12	126191262	126191263	0.2092	rs11613053	-6.42	rs11614019	0.0309	-4	0.358721	579	10	enet	0.026	0.028	-0.86082	0.389
Brain_Hippocampus	/media/kame/Data/_workings/resource/GTEv8//GTExv8.EUR.Brain_Hippocampus/ENSG00000278266.1.wgt.RDat	ENSG00000278266.1	12	127147148	127147149	0.2983	rs7308044	4.53	rs1509045	0.0146	-3.63	1.783386	584	4	enet	-0.0059	0.73	-1.36216	0.173
Brain_Hippocampus	/media/kame/Data/_workings/resource/GTEv8//GTExv8.EUR.Brain_Hippocampus/ENSG00000256597.2.wgt.RDat	ENSG00000256597.2	12	127881616	127881617	0.3248	rs1910311	7.28	rs1690117	0.007	-3.31	-0.626671	643	58	enet	-0.0054	0.65	-0.34483	0.73
Brain_Hippocampus	/media/kame/Data/_workings/resource/GTEv8//GTExv8.EUR.Brain_Hippocampus/ENSG00000111450.13.wgt.RDat	ENSG00000111450.13	12	130839265	130839266	0.266	rs11608663	-6.59	rs7132224	0.049	-4.58	0.960576	638	65	enet	0.019	0.049	1.30676	0.191
Brain_Hippocampus	/media/kame/Data/_workings/resource/GTEv8//GTExv8.EUR.Brain_Hippocampus/ENSG00000249926.2.wgt.RDat	ENSG00000249926.2	12	131662595	131662596	0.4375	rs11608663	-6.59	rs7313017	0.192	-5.77	0.03397	488	36	enet	0.21	2.6e-09	-0.33102	0.741
Brain_Hippocampus	/media/kame/Data/_workings/resource/GTEv8//GTExv8.EUR.Brain_Hippocampus/ENSG00000185684.12.wgt.RDat	ENSG00000185684.12	12	132084282	132084283	0.26	rs10902536	-3.45	rs7973039	0.162	-5.35	-0.34195	337	4	enet	0.12	6e-06	0.46657	0.641
Brain_Hippocampus	/media/kame/Data/_workings/resource/GTEv8//GTExv8.EUR.Brain_Hippocampus/ENSG00000185163.9.wgt.RDat	ENSG00000185163.9	12	132144334	132144335	0.3684	rs2091731	3.13	rs11836451	0.0996	5.37	-1.694085	316	29	enet	0.16	2.6e-07	-1.00193	0.316
Brain_Hippocampus	/media/kame/Data/_workings/resource/GTEv8//GTExv8.EUR.Brain_Hippocampus/ENSG00000256576.2.wgt.RDat	ENSG00000256576.2	12	132189694	132189695	0.3723	rs2091731	3.13	rs10902506	0.241	-6.07	-0.000874	328	23	enet	0.15	6.4e-07	-0.00353	0.997
Brain_Hippocampus	/media/kame/Data/_workings/resource/GTEv8//GTExv8.EUR.Brain_Hippocampus/ENSG00000112787.12.wgt.RDat	ENSG00000112787.12	12	132489550	132489551	0.1277	rs2091731	3.13	rs4883543	0.0339	-4.13	0.044794	322	18	enet	0.038	0.0092	-0.15026	0.881
Brain_Hippocampus	/media/kame/Data/_workings/resource/GTEv8//GTExv8.EUR.Brain_Hippocampus/ENSG00000187848.12.wgt.RDat	ENSG00000187848.12	12	132618779	132618780	0.2824	rs2091731	3.13	rs7972363	0.0637	4.36	1.367087	276	29	enet	0.1	3.9e-05	0.33356	0.739
Brain_Hippocampus	/media/kame/Data/_workings/resource/GTEv8//GTExv8.EUR.Brain_Hippocampus/ENSG00000177084.16.wgt.RDat	ENSG00000177084.16	12	132687358	132687359	0.1812	rs2091731	3.13	rs14302	0.093	4.84	-0.127874	270	15	enet	0.064	0.001	0.07013	0.944
Brain_Hippocampus	/media/kame/Data/_workings/resource/GTEv8//GTExv8.EUR.Brain_Hippocampus/ENSG00000176894.9.wgt.RDat	ENSG00000176894.9	12	132687605	132687606	0.1398	rs2091731	3.13	rs5744751	-0.000476	4.08	-0.332029	270	19	enet	0.0095	0.12	-0.35645	0.722
Brain_Hippocampus	/media/kame/Data/_workings/resource/GTEv8//GTExv8.EUR.Brain_Hippocampus/ENSG00000072609.17.wgt.RDat	ENSG00000072609.17	12	132909185	132909186	0.2761	rs2091731	3.13	rs12426943	0.0903	4.65	-0.254893	233	36	enet	0.11	1.8e-05	-0.42224	0.673
Brain_Hippocampus	/media/kame/Data/_workings/resource/GTEv8//GTExv8.EUR.Brain_Hippocampus/ENSG00000250790.4.wgt.RDat	ENSG00000250790.4	12	132911469	132911470	0.1508	rs2091731	3.13	rs1278601	0.0998	-4.8	-0.000769	233	21	enet	0.097	6e-05	0.42415	0.671
Brain_Hippocampus	/media/kame/Data/_workings/resource/GTEv8//GTExv8.EUR.Brain_Hippocampus/ENSG00000090612.20.wgt.RDat	ENSG00000090612.20	12	133181408	133181409	0.1622	rs12319236	2.11	rs7963812	0.0571	-3.87	-0.372215	130	13	enet	0.074	0.00045	0.33114	0.741
Brain_Hippocampus	/media/kame/Data/_workings/resource/GTEv8//GTExv8.EUR.Brain_Hippocampus/ENSG00000227879.2.wgt.RDat	ENSG00000227879.2	13	19227431	19227432	0.156	rs1838114	-6.87	rs1856007	0.04557	3.87	-2.427631	333	13	enet	0.0078	0.14	-1.301968	0.193
Brain_Hippocampus	/media/kame/Data/_workings/resource/GTEv8//GTExv8.EUR.Brain_Hippocampus/ENSG00000237636.2.wgt.RDat	ENSG00000237636.2	13	19344824	19344825	0.314	rs1838114	-6.87	rs1856007	0.13623	4.95	-2.427631	346	18	enet	0.2	6e-09	-2.275906	0.0229
Brain_Hippocampus	/media/kame/Data/_workings/resource/GTEv8//GTExv8.EUR.Brain_Hippocampus/ENSG00000224976.2.wgt.RDat	ENSG00000224976.2	13	19349136	19349137	0.257	rs1838114	-6.87	rs2342155	0.14695	5.08	-2.356136	346	28	enet	0.11	1.7e-05	-0.838533	0.402
Brain_Hippocampus	/media/kame/Data/_workings/resource/GTEv8//GTExv8.EUR.Brain_Hippocampus/ENSG00000165474.5.wgt.RDat	ENSG00000165474.5	13	20192897	20192898	0.395	rs9509242	-3.5	rs877098	0.00627	4.08	-1.587413	451	9	enet	0.024	0.033	-0.443934	0.657
Brain_Hippocampus	/media/kame/Data/_workings/resource/GTEv8//GTExv8.EUR.Brain_Hippocampus/ENSG00000132953.16.wgt.RDat	ENSG00000132953.16	13	20903047	20903048	0.247	rs9509242	-3.5	rs4608189	0.0761	-4.42	0.237662	457	29	enet	0.12	9e-06	-0.361306	0.718
Brain_Hippocampus	/media/kame/Data/_workings/resource/GTEv8//GTExv8.EUR.Brain_Hippocampus/ENSG00000224429.7.wgt.RDat	ENSG00000224429.7	13	21348720	21348721	0.164	rs9316567	4.33	rs34361511	0.08855	-4.82	-0.819814	469	9	enet	0.051	0.0031	0.419157	0.675
Brain_Hippocampus	/media/kame/Data/_workings/resource/GTEv8//GTExv8.EUR.Brain_Hippocampus/ENSG00000165487.13.wgt.RDat	ENSG00000165487.13	13	21604213	21604214	0.353	rs658520	5.88	rs261393	-0.0045	-3.54	0.061695	572	1	enet	-0.0046	0.57	-0.061695	0.951
Brain_Hippocampus	/media/kame/Data/_workings/resource/GTEv8//GTExv8.EUR.Brain_Hippocampus/ENSG00000127863.15.wgt.RDat	ENSG00000127863.15	13	23570369	23570370	0.315	rs7998301	5.44	rs6490805	0.03132	-3.8	-0.188933	718	31	enet	0.033	0.015	0.54306	0.587
Brain_Hippocampus	/media/kame/Data/_workings/resource/GTEv8//GTExv8.EUR.Brain_Hippocampus/ENSG00000240654.6.wgt.RDat	ENSG00000240654.6	13	24307165	24307166	0.397	rs6490975	6.06	rs11551114	0.23344	6.13	-0.970623	719	53	enet	0.2	7.6e-09	-0.616311	0.538
Brain_Hippocampus	/media/kame/Data/_workings/resource/GTEv8//GTExv8.EUR.Brain_Hippocampus/ENSG00000205822.10.wgt.RDat	ENSG00000205822.10	13	24408156	24408157	0.362	rs6490975	6.06	rs4770710	0.11288	5.34	-0.871346	703	12	enet	0.18	5e-08	-0.140898	0.888
Brain_Hippocampus	/media/kame/Data/_workings/resource/GTEv8//GTExv8.EUR.Brain_Hippocampus/ENSG00000273628.1.wgt.RDat	ENSG00000273628.1	13	24933005	24933006	0.338	rs6490975	6.06	rs2084756	0.00533	4	-1.993916	521	20	enet	0.039	0.0089	-2.98707	0.00282
Brain_Hippocampus	/media/kame/Data/_workings/resource/GTEv8//GTExv8.EUR.Brain_Hippocampus/ENSG00000253771.5.wgt.RDat	ENSG00000253771.5	13	24968486	24968487	0.406	rs6490975	6.06	rs9507439	0.07307	4.95	-0.868236	513	26	enet	0.069	0.00068	-0.120933	0.904
Brain_Hippocampus	/media/kame/Data/_workings/resource/GTEv8//GTExv8.EUR.Brain_Hippocampus/ENSG00000132970.12.wgt.RDat	ENSG00000132970.12	13	26557702	26557703	0.289	rs2497978	-4.28	rs11619978	0.20112	5.68	0.012517	627	10	enet	0.18	2.5e-08	0.125498	0.9
Brain_Hippocampus	/media/kame/Data/_workings/resource/GTEv8//GTExv8.EUR.Brain_Hippocampus/ENSG00000186184.16.wgt.RDat	ENSG00000186184.16	13	27620741	27620742	0.36	rs2027576	-7.71	rs880214	0.11038	4.54	-0.400556	525	50	enet	0.0032	0.23	-0.728009	0.467
Brain_Hippocampus	/media/kame/Data/_workings/resource/GTEv8//GTExv8.EUR.Brain_Hippocampus/ENSG00000122025.14.wgt.RDat	ENSG00000122025.14	13	28100591	28100592	0.278	rs2027576	-7.71	rs6491248	0.19371	5.57	0.053038	523	23	enet	0.15	4.6e-07	0.631923	0.527
Brain_Hippocampus	/media/kame/Data/_workings/resource/GTEv8//GTExv8.EUR.Brain_Hippocampus/ENSG00000261485.1.wgt.RDat	ENSG00000261485.1	13	28138192	28138193	0.345	rs2027576	-7.71	rs9579163	0.0349	3.91	0.264768	536	25	enet	-0.0065	0.84	-0.427369	0.669
Brain_Hippocampus	/media/kame/Data/_workings/resource/GTEv8//GTExv8.EUR.Brain_Hippocampus/ENSG00000187676.7.wgt.RDat	ENSG00000187676.7	13	31199935	31199936	0.27	rs12429516	6.64	rs4943289	0.06182	-4.4	4.663229	585	6	enet	0.02	0.044	-4.487035	7.22e-06
Brain_Hippocampus	/media/kame/Data/_workings/resource/GTEv8//GTExv8.EUR.Brain_Hippocampus/ENSG00000281026.1.wgt.RDat	ENSG00000281026.1	13	32509394	32509395	0.163	rs17077177	-4.04	rs7337687	-0.00648	-3.17	-0.241992	457	3	enet	-0.0067	0.95	0.242978	0.808
Brain_Hippocampus	/media/kame/Data/_workings/resource/GTEv8//GTExv8.EUR.Brain_Hippocampus/ENSG00000120669.15.wgt.RDat	ENSG00000120669.15	13	36214614	36214615	0.593	rs17191516	-5.26	rs943893	0.47984	8.83	0.297329	539	20	enet	0.58	5.6e-30	0.154416	0.877
Brain_Hippocampus	/media/kame/Data/_workings/resource/GTEv8//GTExv8.EUR.Brain_Hippocampus/ENSG00000242715.7.wgt.RDat	ENSG00000242715.7	13	36297839	36297840	0.38	rs9566159	5.98	rs13378730	0.0846	-5.23	0.355304	528	29	enet	0.13	3.4e-06	-1.01544	0.31
Brain_Hippocampus	/media/kame/Data/_workings/resource/GTEv8//GTExv8.EUR.Brain_Hippocampus/ENSG00000102710.19.wgt.RDat	ENSG00000102710.19	13	37059712	37059713	0.199	rs9547713	6.28	rs9547717	0.00573	-3.51	-0.086424	529	37	enet	-0.0051	0.63	-0.163471	0.87
Brain_Hippocampus	/media/kame/Data/_workings/resource/GTEv8//GTExv8.EUR.Brain_Hippocampus/ENSG00000223685.5.wgt.RDat	ENSG00000223685.5	13	38143231	38143232	0.262	rs9548416	-7.28	rs7336735	0.0509	-4	-0.651393	454	35	enet	0.097	6.4e-05	0.372575	0.709
Brain_Hippocampus	/media/kame/Data/_workings/resource/GTEv8//GTExv8.EUR.Brain_Hippocampus/ENSG00000133103.16.wgt.RDat	ENSG00000133103.16	13	39655626	39655627	0.494	rs9576809	4.78	rs9532412	0.08995	5.73	0.014603	525	37	enet	0.1	3.1e-05	0.15598	0.876
Brain_Hippocampus	/media/kame/Data/_workings/resource/GTEv8//GTExv8.EUR.Brain_Hippocampus/ENSG00000102743.14.wgt.RDat	ENSG00000102743.14	13	40789411	40789412	0.225	rs9525438	-4.49	rs1751853	-0.00534	3.06	-0.170878	376	29	enet	0.016	0.067	0.096321	0.923
Brain_Hippocampus	/media/kame/Data/_workings/resource/GTEv8//GTExv8.EUR.Brain_Hippocampus/ENSG00000176268.5.wgt.RDat	ENSG00000176268.5	13	40863901	40863902	0.241	rs9525438	-4.49	rs9532657	0.21467	-6.11	-2.852128	346	16	enet	0.21	2.2e-09	2.606574	0.00915
Brain_Hippocampus	/media/kame/Data/_workings/resource/GTEv8//GTExv8.EUR.Brain_Hippocampus/ENSG00000168852.12.wgt.RDat	ENSG00000168852.12	13	40921748	40921749	0.278	rs9525438	-4.49	rs9525438	0.18969	-5.55	-4.494068	330	25	enet	0.12	8.8e-06	3.739139	0.000185
Brain_Hippocampus	/media/kame/Data/_workings/resource/GTEv8//GTExv8.EUR.Brain_Hippocampus/ENSG00000102763.17.wgt.RDat	ENSG00000102763.17	13	41961119	41961120	0.238	rs9525560	5.43	rs17638235	0.01921	-4.33	1.10177	509	25	enet	0.047	0.0045	0.245138	0.806
Brain_Hippocampus	/media/kame/Data/_workings/resource/GTEv8//GTExv8.EUR.Brain_Hippocampus/ENSG00000023516.8.wgt.RDat	ENSG00000023516.8	13	42272152	42272153	0.361	rs9525560	5.43	rs400288	0.21572	-6.27	-0.059366	512	16	enet	0.2	5.8e-09	0.180839	0.856
Brain_Hippocampus	/media/kame/Data/_workings/resource/GTEv8//GTExv8.EUR.Brain_Hippocampus/ENSG00000120675.5.wgt.RDat	ENSG00000120675.5	13	43023202	43023203	0.757	rs12863816	-7.04	rs17553284	0.58038	-9.36	0.128976	600	21	enet	0.56	9.9e-29	-0.097857	0.922
Brain_Hippocampus	/media/kame/Data/_workings/resource/GTEv8//GTExv8.EUR.Brain_Hippocampus/ENSG00000179630.10.wgt.RDat	ENSG00000179630.10	13	43879283	43879284	0.501	rs9533799	-6.16	rs11617551	0.10759	5.76	-3.51423	526	27	enet	0.24	1.6e-10	-0.354249	0.723
Brain_Hippocampus	/media/kame/Data/_workings/resource/GTEv8//GTExv8.EUR.Brain_Hippocampus/ENSG00000227258.5.wgt.RDat	ENSG00000227258.5	13	44110450	44110451	0.566	rs9533799	-6.16	rs7981575	0.35349	7.4	0.043895	485	12	enet	0.36	1.9e-16	-0.453546	0.65
Brain_Hippocampus	/media/kame/Data/_workings/resource/GTEv8//GTExv8.EUR.Brain_Hippocampus/ENSG00000235903.7.wgt.RDat	ENSG00000235903.7	13	46052805	46052806	0.788	rs9316187	4.69	rs17600984	0.54856	9.04	0.072809	515	31	enet	0.51	3.3e-25	-0.271853	0.786
Brain_Hippocampus	/media/kame/Data/_workings/resource/GTEv8//GTExv8.EUR.Brain_Hippocampus/ENSG00000276968.1.wgt.RDat	ENSG00000276968.1	13	48042183	48042184	0.341	rs1172484	-4.28	rs7991892	0.13228	4.89	0.191814	357	10	enet	0.097	6.4e-05	0.383631	0.701
Brain_Hippocampus	/media/kame/Data/_workings/resource/GTEv8//GTExv8.EUR.Brain_Hippocampus/ENSG00000275202.1.wgt.RDat	ENSG00000275202.1	13	48975910	48975911	0.118	rs2407249	-3.66	rs7989175	0.08369	-4.82	-0.336948	401	14	enet	0.077	0.00035	-0.60359	0.546
Brain_Hippocampus	/media/kame/Data/_workings/resource/GTEv8//GTExv8.EUR.Brain_Hippocampus/ENSG00000136144.11.wgt.RDat	ENSG00000136144.11	13	49585582	49585583	0.65	rs1885684	2.93	rs9535274	0.33414	-7.16	0.21368	380	21	enet	0.33	6.7e-15	-0.599359	0.549
Brain_Hippocampus	/media/kame/Data/_workings/resource/GTEv8//GTExv8.EUR.Brain_Hippocampus/ENSG00000123179.13.wgt.RDat	ENSG00000123179.13	13	49691474	49691475	0.643	rs2066613	3.11	rs9562909	0.16526	-6.01	-0.417578	395	37	enet	0.26	2.3e-11	0.571255	0.568
Brain_Hippocampus	/media/kame/Data/_workings/resource/GTEv8//GTExv8.EUR.Brain_Hippocampus/ENSG00000204977.9.wgt.RDat	ENSG00000204977.9	13	49995887	49995888	0.256	rs201789	6.41	rs7991454	0.11135	4.61	0.070899	406	11	enet	0.067	0.00081	0.080697	0.936
Brain_Hippocampus	/media/kame/Data/_workings/resource/GTEv8//GTExv8.EUR.Brain_Hippocampus/ENSG00000237152.3.wgt.RDat	ENSG00000237152.3	13	50807855	50807856	0.37	rs201789	6.41	rs2812237	0.16048	-5.44	0.719119	533	14	enet	0.12	1.1e-05	-0.669066	0.503
Brain_Hippocampus	/media/kame/Data/_workings/resource/GTEv8//GTExv8.EUR.Brain_Hippocampus/ENSG00000136104.19.wgt.RDat	ENSG00000136104.19	13	50909677	50909678	0.667	rs201789	6.41	rs9535526	0.37375	-7.67	0.746721	530	22	enet	0.39	1.3e-17	-0.032107	0.974
Brain_Hippocampus	/media/kame/Data/_workings/resource/GTEv8//GTExv8.EUR.Brain_Hippocampus/ENSG00000233672.6.wgt.RDat	ENSG00000233672.6	13	50910763	50910764	0.351	rs201789	6.41	rs2441	0.1561	-5.49	-0.10283	530	4	enet	0.11	2.8e-05	0.01921	0.985
Brain_Hippocampus	/media/kame/Data/_workings/resource/GTEv8//GTExv8.EUR.Brain_Hippocampus/ENSG00000139668.8.wgt.RDat	ENSG00000139668.8	13	51584454	51584455	0.202	rs9596486	3.82	rs17532412	0.14671	5.3	-0.232603	466	9	enet	0.15	6.8e-07	-0.320705	0.748
Brain_Hippocampus	/media/kame/Data/_workings/resource/GTEv8//GTExv8.EUR.Brain_Hippocampus/ENSG00000272281.6.wgt.RDat	ENSG00000272281.6	13	52334276	52334277	0.262	rs11148233	-3.37	rs9535894	0.07193	4.73	-1.923389	365	61	enet	0.16	2.7e-07	-1.355819	0.175
Brain_Hippocampus	/media/kame/Data/_workings/resource/GTEv8//GTExv8.EUR.Brain_Hippocampus/ENSG00000136100.12.wgt.RDat	ENSG00000136100.12	13	52450621	52450622	0.138	rs2236363	-3.9	rs1056335	0.06659	-4.25	-0.436089	362	24	enet	0.067	0.00082	1.503555	0.133
Brain_Hippocampus	/media/kame/Data/_workings/resource/GTEv8//GTExv8.EUR.Brain_Hippocampus/ENSG00000278238.1.wgt.RDat	ENSG00000278238.1	13	52455330	52455331	0.223	rs2236363	-3.9	rs11842988	-0.00297	-3.1	0.127853	358	15	enet	0.014	0.082	1.71673	0.086
Brain_Hippocampus	/media/kame/Data/_workings/resource/GTEv8//GTExv8.EUR.Brain_Hippocampus/ENSG00000136108.14.wgt.RDat	ENSG00000136108.14	13	52455428	52455429	0.381	rs2236363	-3.9	rs9568732	0.32518	7.13	-0.020572	358	17	enet	0.27	3.9e-12	0.121923	0.903
Brain_Hippocampus	/media/kame/Data/_workings/resource/GTEv8//GTExv8.EUR.Brain_Hippocampus/ENSG00000250299.5.wgt.RDat	ENSG00000250299.5	13	52600118	52600119	0.419	rs9527046	4.7	rs9536242	0.0068	-3.98	0.073057	413	53	enet	0.065	0.00093	-0.176474	0.86
Brain_Hippocampus	/media/kame/Data/_workings/resource/GTEv8//GTExv8.EUR.Brain_Hippocampus/ENSG00000139675.11.wgt.RDat	ENSG00000139675.11	13	52640785	52640786	0.165	rs9527046	4.7	rs1057478	0.11915	-4.65	-0.001576	404	8	enet	0.033	0.014	-0.046887	0.963
Brain_Hippocampus	/media/kame/Data/_workings/resource/GTEv8//GTExv8.EUR.Brain_Hippocampus/ENSG00000139734.17.wgt.RDat	ENSG00000139734.17	13	60163986	60163987	0.196	rs9528119	-4.53	rs341528	0.03325	3.89	-0.48999	382	21	enet	0.034	0.013	-0.023702	0.981
Brain_Hippocampus	/media/kame/Data/_workings/resource/GTEv8//GTExv8.EUR.Brain_Hippocampus/ENSG00000150361.11.wgt.RDat	ENSG00000150361.11	13	70108492	70108493	0.35	rs9634970	5.02	rs1441543	0.22932	-6.04	-0.195694	479	48	enet	0.17	8.3e-08	0.030152	0.976
Brain_Hippocampus	/media/kame/Data/_workings/resource/GTEv8//GTExv8.EUR.Brain_Hippocampus/ENSG00000083535.15.wgt.RDat	ENSG00000083535.15	13	72782096	72782097	0.267	rs1924939	-8.5	rs875589	0.1002	5.23	-3.527136	516	21	enet	0.14	1.1e-06	-0.85413	0.393
Brain_Hippocampus	/media/kame/Data/_workings/resource/GTEv8//GTExv8.EUR.Brain_Hippocampus/ENSG00000118939.17.wgt.RDat	ENSG00000118939.17	13	75549479	75549480	0.543	rs10507843	3.92	rs2296146	0.2862	-6.66	-0.206917	554	19	enet	0.29	8.5e-13	-0.325002	0.745
Brain_Hippocampus	/media/kame/Data/_workings/resource/GTEv8//GTExv8.EUR.Brain_Hippocampus/ENSG00000229865.1.wgt.RDat	ENSG00000229865.1	13	78422822	78422823	0.288	rs1972227	4.72	rs9565410	0.08896	-5.58	-0.197536	490	16	enet	0.13	2.4e-06	0.963897	0.335
Brain_Hippocampus	/media/kame/Data/_workings/resource/GTEv8//GTExv8.EUR.Brain_Hippocampus/ENSG00000227354.6.wgt.RDat	ENSG00000227354.6	13	79406308	79406309	0.476	rs7994255	9.38	rs1155848	0.25408	7.04	0.292579	388	18	enet	0.23	3e-10	1.169899	0.242
Brain_Hippocampus	/media/kame/Data/_workings/resource/GTEv8//GTExv8.EUR.Brain_Hippocampus/ENSG00000281721.1.wgt.RDat	ENSG00000281721.1	13	80011076	80011077	0.668	rs7994255	9.38	rs2329151	0.41453	8.03	1.000423	379	19	enet	0.4	4.2e-18	1.331137	0.183
Brain_Hippocampus	/media/kame/Data/_workings/resource/GTEv8//GTExv8.EUR.Brain_Hippocampus/ENSG00000080166.15.wgt.RDat	ENSG00000080166.15	13	94479681	94479682	0.37	rs9516336	6.26	rs1925856	0.00467	3.68	2.099645	562	22	enet	0.0094	0.12	-0.688964	0.491
Brain_Hippocampus	/media/kame/Data/_workings/resource/GTEv8//GTExv8.EUR.Brain_Hippocampus/ENSG00000152749.7.wgt.RDat	ENSG00000152749.7	13	94601902	94601903	0.457	rs4148536	-4.24	rs3897474	0.3475	-7.4	1.447261	632	13	enet	0.34	4e-15	-1.048683	0.294
Brain_Hippocampus	/media/kame/Data/_workings/resource/GTEv8//GTExv8.EUR.Brain_Hippocampus/ENSG00000247400.3.wgt.RDat	ENSG00000247400.3	13	95676924	95676925	0.23	rs2993600	-5.34	rs3099360	0.01916	4.25	-1.597774	495	28	enet	0.049	0.0037	-1.227642	0.22
Brain_Hippocampus	/media/kame/Data/_workings/resource/GTEv8//GTExv8.EUR.Brain_Hippocampus/ENSG00000260992.1.wgt.RDat	ENSG00000260992.1	13	99087818	99087819	0.331	rs7998284	-4.23	rs2390184	0.06417	-4.15	2.582002	545	34	enet	0.031	0.017	-3.387005	0.000707
Brain_Hippocampus	/media/kame/Data/_workings/resource/GTEv8//GTExv8.EUR.Brain_Hippocampus/ENSG00000280734.2.wgt.RDat	ENSG00000280734.2	13	99499305	99499306	0.352	rs12430038	5.01	rs4772217	0.23669	-6.13	-0.000662	498	33	enet	0.18	3.4e-08	0.374651	0.708
Brain_Hippocampus	/media/kame/Data/_workings/resource/GTEv8//GTExv8.EUR.Brain_Hippocampus/ENSG00000134864.10.wgt.RDat	ENSG00000134864.10	13	100589527	100589528	0.329	rs16958205	-5.17	rs837322	0.13487	5.03	2.874259	507	18	enet	0.059	0.0017	2.105278	0.0353
Brain_Hippocampus	/media/kame/Data/_workings/resource/GTEv8//GTExv8.EUR.Brain_Hippocampus/ENSG00000237082.1.wgt.RDat	ENSG00000237082.1	13	100624428	100624429	0.292	rs16958205	-5.17	rs17578868	0.20085	-5.68	-0.008615	530	10	enet	0.14	1.9e-06	-0.210996	0.833
Brain_Hippocampus	/media/kame/Data/_workings/resource/GTEv8//GTExv8.EUR.Brain_Hippocampus/ENSG00000243319.7.wgt.RDat	ENSG00000243319.7	13	102394518	102394519	0.212	rs12872647	7.75	rs9805437	0.03283	4	-0.245009	602	29	enet	0.00047	0.3	0.063982	0.949
Brain_Hippocampus	/media/kame/Data/_workings/resource/GTEv8//GTExv8.EUR.Brain_Hippocampus/ENSG00000272143.1.wgt.RDat	ENSG00000272143.1	13	102394629	102394630	0.48	rs12872647	7.75	rs1537923	0.21582	-5.81	1.547976	603	11	enet	0.14	1.6e-06	-0.556343	0.578
Brain_Hippocampus	/media/kame/Data/_workings/resource/GTEv8//GTExv8.EUR.Brain_Hippocampus/ENSG00000134901.12.wgt.RDat	ENSG00000134901.12	13	102799006	102799007	0.21	rs9518703	5.75	rs6491681	0.00609	-3.32	1.292364	680	19	enet	-0.0066	0.89	-0.850331	0.395
Brain_Hippocampus	/media/kame/Data/_workings/resource/GTEv8//GTExv8.EUR.Brain_Hippocampus/ENSG00000134897.13.wgt.RDat	ENSG00000134897.13	13	102799048	102799049	0.299	rs9518703	5.75	rs4150330	0.03213	4.3	0.175294	680	42	enet	0.1	3.7e-05	0.106171	0.915
Brain_Hippocampus	/media/kame/Data/_workings/resource/GTEv8//GTExv8.EUR.Brain_Hippocampus/ENSG00000250878.3.wgt.RDat	ENSG00000250878.3	13	102880098	102880099	0.242	rs10508103	-4.59	rs4150330	0.15129	-4.97	0.175294	701	14	enet	0.05	0.0035	0.321628	0.748
Brain_Hippocampus	/media/kame/Data/_workings/resource/GTEv8//GTExv8.EUR.Brain_Hippocampus/ENSG00000230156.2.wgt.RDat	ENSG00000230156.2	13	106653915	106653916	0.42	rs1477925	-4.59	rs3759453	0.26901	6.45	0.086604	481	29	enet	0.2	4.4e-09	0.301753	0.763
Brain_Hippocampus	/media/kame/Data/_workings/resource/GTEv8//GTExv8.EUR.Brain_Hippocampus/ENSG00000277863.1.wgt.RDat	ENSG00000277863.1	13	106904098	106904099	0.312	rs41416347	7.9	rs16969412	0.22746	-5.9	-2.988649	537	7	enet	0.13	4e-06	2.894093	0.0038
Brain_Hippocampus	/media/kame/Data/_workings/resource/GTEv8//GTExv8.EUR.Brain_Hippocampus/ENSG00000134905.16.wgt.RDat	ENSG00000134905.16	13	110713276	110713277	0.452	rs625053	-5.56	rs9555724	0.18538	-5.38	1.220384	672	38	enet	0.2	8e-09	-2.116403	0.0343
Brain_Hippocampus	/media/kame/Data/_workings/resource/GTEv8//GTExv8.EUR.Brain_Hippocampus/ENSG00000102606.17.wgt.RDat	ENSG00000102606.17	13	111114918	111114919	0.284	rs1177401	6.17	rs3825461	0.19762	5.69	-0.319208	577	13	enet	0.14	1.2e-06	-0.000198	1
Brain_Hippocampus	/media/kame/Data/_workings/resource/GTEv8//GTExv8.EUR.Brain_Hippocampus/ENSG00000277159.1.wgt.RDat	ENSG00000277159.1	13	112606416	112606417	0.226	rs9577295	4.4	rs7995838	0.08581	4.69	-0.258681	514	13	enet	0.029	0.021	0.04673	0.963
Brain_Hippocampus	/media/kame/Data/_workings/resource/GTEv8//GTExv8.EUR.Brain_Hippocampus/ENSG00000126217.20.wgt.RDat	ENSG00000126217.20	13	112894377	112894378	0.622	rs282568	-3.46	rs7337434	0.17888	6.69	0.681072	441	25	enet	0.2	5.4e-09	0.002089	0.998
Brain_Hippocampus	/media/kame/Data/_workings/resource/GTEv8//GTExv8.EUR.Brain_Hippocampus/ENSG00000269376.1.wgt.RDat	ENSG00000269376.1	13	113009670	113009671	0.31	rs9805651	4	rs4907574	-0.00124	3.81	0.411384	450	55	enet	0.076	0.00039	0.553454	0.58
Brain_Hippocampus	/media/kame/Data/_workings/resource/GTEv8//GTExv8.EUR.Brain_Hippocampus/ENSG00000126231.13.wgt.RDat	ENSG00000126231.13	13	113158653	113158654	0.169	rs9805651	4	rs6577031	0.04727	-4.12	1.696325	434	39	enet	0.0029	0.23	-0.582076	0.561
Brain_Hippocampus	/media/kame/Data/_workings/resource/GTEv8//GTExv8.EUR.Brain_Hippocampus/ENSG00000153531.13.wgt.RDat	ENSG00000153531.13	13	113453523	113453524	0.251	rs9805651	4	rs2993291	-0.00625	3.62	-0.226446	392	23	enet	0.0014	0.27	0.063309	0.95
Brain_Hippocampus	/media/kame/Data/_workings/resource/GTEv8//GTExv8.EUR.Brain_Hippocampus/ENSG00000150403.17.wgt.RDat	ENSG00000150403.17	13	113490994	113490995	0.169	rs9805651	4	rs2257612	0.16996	-5.41	-1.64923	384	8	enet	0.14	9.5e-07	2.226544	0.026
Brain_Hippocampus	/media/kame/Data/_workings/resource/GTEv8//GTExv8.EUR.Brain_Hippocampus/ENSG00000276248.1.wgt.RDat	ENSG00000276248.1	13	113527259	113527260	0.166	rs9805651	4	rs2259812	0.14276	-4.93	-1.233522	378	23	enet	0.11	2.1e-05	0.945993	0.344
Brain_Hippocampus	/media/kame/Data/_workings/resource/GTEv8//GTExv8.EUR.Brain_Hippocampus/ENSG00000233695.2.wgt.RDat	ENSG00000233695.2	13	113833491	113833492	0.317	rs9805651	4	rs3088277	0.01492	-3.73	0.377766	393	15	enet	0.038	0.0099	0.11262	0.91
Brain_Hippocampus	/media/kame/Data/_workings/resource/GTEv8//GTExv8.EUR.Brain_Hippocampus/ENSG00000185989.10.wgt.RDat	ENSG00000185989.10	13	114132610	114132611	0.214	rs11620090	-3.68	rs12016920	0.11406	-4.55	0.594536	250	24	enet	0.046	0.0047	-0.788042	0.431
Brain_Hippocampus	/media/kame/Data/_workings/resource/GTEv8//GTExv8.EUR.Brain_Hippocampus/ENSG00000283361.1.wgt.RDat	ENSG00000283361.1	13	114179237	114179238	0.359	rs11620090	-3.68	rs7327370	0.17595	5.78	-0.281581	234	30	enet	0.17	1.1e-07	0.08235	0.934
Brain_Hippocampus	/media/kame/Data/_workings/resource/GTEv8//GTExv8.EUR.Brain_Hippocampus/ENSG00000100814.17.wgt.RDat	ENSG00000100814.17	14	20333311	20333312	0.388	rs1760897	-6.36	rs6575164	0.16708	-5.66	-1.7836	610	15	enet	0.14	1.1e-06	2.601105	0.00929
Brain_Hippocampus	/media/kame/Data/_workings/resource/GTEv8//GTExv8.EUR.Brain_Hippocampus/ENSG00000129484.13.wgt.RDat	ENSG00000129484.13	14	20343685	20343686	0.255	rs1760897	-6.36	rs3827907	-0.00672	-3.26	0.3945	617	2	enet	-0.0062	0.77	-0.379923	0.704
Brain_Hippocampus	/media/kame/Data/_workings/resource/GTEv8//GTExv8.EUR.Brain_Hippocampus/ENSG00000258515.1.wgt.RDat	ENSG00000258515.1	14	20451584	20451585	0.435	rs1760897	-6.36	rs1760944	0.20937	-6.08	0.4938	649	25	enet	0.18	2.6e-08	0.567765	0.57
Brain_Hippocampus	/media/kame/Data/_workings/resource/GTEv8//GTExv8.EUR.Brain_Hippocampus/ENSG00000092094.10.wgt.RDat	ENSG00000092094.10	14	20455104	20455105	0.879	rs1760897	-6.36	rs883037	0.53411	-9.01	-0.5388	651	31	enet	0.48	3e-23	-0.038	0.97
Brain_Hippocampus	/media/kame/Data/_workings/resource/GTEv8//GTExv8.EUR.Brain_Hippocampus/ENSG00000092203.13.wgt.RDat	ENSG00000092203.13	14	21476673	21476674	0.232	rs11848323	5.21	rs2297093	0.04915	4.74	-0.3914	561	17	enet	0.026	0.027	-0.53179	0.595
Brain_Hippocampus	/media/kame/Data/_workings/resource/GTEv8//GTExv8.EUR.Brain_Hippocampus/ENSG00000129562.10.wgt.RDat	ENSG00000129562.10	14	22589268	22589269	0.571	rs1570342	8.52	rs1051189	0.24194	6.52	0.1878	656	20	enet	0.17	9.3e-08	-0.179638	0.857
Brain_Hippocampus	/media/kame/Data/_workings/resource/GTEv8//GTExv8.EUR.Brain_Hippocampus/ENSG00000100461.17.wgt.RDat	ENSG00000100461.17	14	22917801	22917802	0.265	rs1570342	8.52	rs2145542	0.05397	-4.51	2.326	570	25	enet	0.061	0.0014	-3.111603	0.00186
Brain_Hippocampus	/media/kame/Data/_workings/resource/GTEv8//GTExv8.EUR.Brain_Hippocampus/ENSG00000257285.5.wgt.RDat	ENSG00000257285.5	14	22929608	22929609	0.25	rs1570342	8.52	rs10140304	0.12496	-4.43	2.0826	571	22	enet	0.039	0.0088	-1.396855	0.162
Brain_Hippocampus	/media/kame/Data/_workings/resource/GTEv8//GTExv8.EUR.Brain_Hippocampus/ENSG00000092036.18.wgt.RDat	ENSG00000092036.18	14	22957160	22957161	0.496	rs1570342	8.52	rs2145542	0.31716	7.23	2.326	565	10	enet	0.27	4.3e-12	2.16624	0.0303
Brain_Hippocampus	/media/kame/Data/_workings/resource/GTEv8//GTExv8.EUR.Brain_Hippocampus/ENSG00000279656.1.wgt.RDat	ENSG00000279656.1	14	23024216	23024217	0.865	rs1570342	8.52	rs8013143	0.62965	-9.77	0.2573	531	19	enet	0.63	4.1e-34	-0.377079	0.706
Brain_Hippocampus	/media/kame/Data/_workings/resource/GTEv8//GTExv8.EUR.Brain_Hippocampus/ENSG00000157326.18.wgt.RDat	ENSG00000157326.18	14	23955034	23955035	0.276	rs222629	3.84	rs3742520	0.00565	-3.81	0.8212	479	10	enet	0.011	0.11	-0.299116	0.765
Brain_Hippocampus	/media/kame/Data/_workings/resource/GTEv8//GTExv8.EUR.Brain_Hippocampus/ENSG00000187630.15.wgt.RDat	ENSG00000187630.15	14	23969873	23969874	0.601	rs222629	3.84	rs8003491	0.2265	-6.01	2.4864	487	61	enet	0.19	1.6e-08	-1.426763	0.154
Brain_Hippocampus	/media/kame/Data/_workings/resource/GTEv8//GTExv8.EUR.Brain_Hippocampus/ENSG00000100889.11.wgt.RDat	ENSG00000100889.11	14	24094052	24094053	0.301	rs222629	3.84	rs4537942	0.01335	3.46	0.1466	493	71	enet	0.0055	0.18	-0.485844	0.627
Brain_Hippocampus	/media/kame/Data/_workings/resource/GTEv8//GTExv8.EUR.Brain_Hippocampus/ENSG00000278784.1.wgt.RDat	ENSG00000278784.1	14	24202810	24202811	0.267	rs10141091	3.77	rs7160883	0.03641	4.43	-1.6777	491	18	enet	0.18	3.7e-08	-0.135991	0.892
Brain_Hippocampus	/media/kame/Data/_workings/resource/GTEv8//GTExv8.EUR.Brain_Hippocampus/ENSG00000157379.13.wgt.RDat	ENSG00000157379.13	14	24299832	24299833	0.427	rs10141091	3.77	rs12895335	0.2526	-6.27	2.2247	492	10	enet	0.24	9.1e-11	-1.556513	0.12
Brain_Hippocampus	/media/kame/Data/_workings/resource/GTEv8//GTExv8.EUR.Brain_Hippocampus/ENSG00000129467.13.wgt.RDat	ENSG00000129467.13	14	24335070	24335071	0.232	rs10141091	3.77	rs1007381	0.09271	4.5	-0.306	519	18	enet	-0.0022	0.41	-0.481559	0.63
Brain_Hippocampus	/media/kame/Data/_workings/resource/GTEv8//GTExv8.EUR.Brain_Hippocampus/ENSG00000139899.10.wgt.RDat	ENSG00000139899.10	14	24430953	24430954	0.762	rs10141091	3.77	rs2255591	0.22621	-6.48	1.2768	554	56	enet	0.29	1.1e-12	-0.888037	0.375
Brain_Hippocampus	/media/kame/Data/_workings/resource/GTEv8//GTExv8.EUR.Brain_Hippocampus/ENSG00000257522.5.wgt.RDat	ENSG00000257522.5	14	29381294	29381295	0.231	rs4981690	-8.2	rs17114479	-0.00633	3.03	-4.0767	295	84	enet	-0.0054	0.65	-2.631709	0.0085
Brain_Hippocampus	/media/kame/Data/_workings/resource/GTEv8//GTExv8.EUR.Brain_Hippocampus/ENSG00000203546.7.wgt.RDat	ENSG00000203546.7	14	31428187	31428188	0.312	rs1034233	5.43	rs7152230	0.11937	5.05	0.1754	307	12	enet	0.12	1.1e-05	0.579922	0.562
Brain_Hippocampus	/media/kame/Data/_workings/resource/GTEv8//GTExv8.EUR.Brain_Hippocampus/ENSG00000129480.12.wgt.RDat	ENSG00000129480.12	14	31457509	31457510	0.21	rs1034233	5.43	rs7154915	0.03963	3.9	0.6246	320	24	enet	0.091	1e-04	0.009635	0.992
Brain_Hippocampus	/media/kame/Data/_workings/resource/GTEv8//GTExv8.EUR.Brain_Hippocampus/ENSG00000151327.12.wgt.RDat	ENSG00000151327.12	14	35044906	35044907	0.367	rs10483454	-4.35	rs712314	0.13961	-5.25	-0.2334	371	20	enet	0.14	1e-06	0.296606	0.767
Brain_Hippocampus	/media/kame/Data/_workings/resource/GTEv8//GTExv8.EUR.Brain_Hippocampus/ENSG00000092020.10.wgt.RDat	ENSG00000092020.10	14	35122516	35122517	0.431	rs17836188	-4.72	rs1056879	0.14316	-5.11	1.3571	367	6	enet	0.077	0.00035	-1.065739	0.287
Brain_Hippocampus	/media/kame/Data/_workings/resource/GTEv8//GTExv8.EUR.Brain_Hippocampus/ENSG00000174373.16.wgt.RDat	ENSG00000174373.16	14	35809303	35809304	0.307	rs12434102	4.93	rs12883816	0.05084	5.87	0.3669	399	24	enet	0.16	1.6e-07	0.019922	0.984
Brain_Hippocampus	/media/kame/Data/_workings/resource/GTEv8//GTExv8.EUR.Brain_Hippocampus/ENSG00000100916.13.wgt.RDat	ENSG00000100916.13	14	35829794	35829795	0.191	rs12434102	4.93	rs10129587	0.00739	-3.48	-0.4612	400	12	enet	-0.0056	0.68	-0.010623	0.992
Brain_Hippocampus	/media/kame/Data/_workings/resource/GTEv8//GTExv8.EUR.Brain_Hippocampus/ENSG00000259129.5.wgt.RDat	ENSG00000259129.5	14	47795091	47795092	0.356	rs8022754	-4.28	rs4898589	0.13162	5.14	-0.6166	449	26	enet	0.12	1.1e-05	-0.449574	0.653
Brain_Hippocampus	/media/kame/Data/_workings/resource/GTEv8//GTExv8.EUR.Brain_Hippocampus/ENSG00000165502.6.wgt.RDat	ENSG00000165502.6	14	49620684	49620685	0.546	rs4900914	-4.04	rs2224949	0.36537	-7.66	0.0326	380	26	enet	0.35	5.3e-16	-0.044119	0.965
Brain_Hippocampus	/media/kame/Data/_workings/resource/GTEv8//GTExv8.EUR.Brain_Hippocampus/ENSG00000100490.9.wgt.RDat	ENSG00000100490.9	14	50416460	50416461	0.149	rs1955926	-5.23	rs11157734	0.07534	-4.61	-2.3701	439	16	enet	0.029	0.022	2.2065	0.0273
Brain_Hippocampus	/media/kame/Data/_workings/resource/GTEv8//GTExv8.EUR.Brain_Hippocampus/ENSG00000087301.8.wgt.RDat	ENSG00000087301.8	14	52552521	52552522	0.144	rs17725312	-5.32	rs4901291	0.08096	-4.44	-0.8812	429	17	enet	0.085	0.00018	0.455336	0.649
Brain_Hippocampus	/media/kame/Data/_workings/resource/GTEv8//GTExv8.EUR.Brain_Hippocampus/ENSG00000198252.11.wgt.RDat	ENSG00000198252.11	14	52730179	52730180	0.355	rs17725312	-5.32	rs10873061	0.126	4.79	0.0739	355	29	enet	0.11	1.7e-05	0.228631	0.819
Brain_Hippocampus	/media/kame/Data/_workings/resource/GTEv8//GTExv8.EUR.Brain_Hippocampus/ENSG00000100523.14.wgt.RDat	ENSG00000100523.14	14	53153281	53153282	0.442	rs879851	4.37	rs10483621	0.03988	-4.96	2.8592	399	27	enet	0.13	3.4e-06	-1.763338	0.0778
Brain_Hippocampus	/media/kame/Data/_workings/resource/GTEv8//GTExv8.EUR.Brain_Hippocampus/ENSG00000237356.5.wgt.RDat	ENSG00000237356.5	14	53169053	53169054	0.363	rs879851	4.37	rs7143991	0.24068	6.14	-2.2083	400	21	enet	0.21	1.6e-09	-2.206984	0.0273
Brain_Hippocampus	/media/kame/Data/_workings/resource/GTEv8//GTExv8.EUR.Brain_Hippocampus/ENSG00000100528.11.wgt.RDat	ENSG00000100528.11	14	54441430	54441431	0.256	rs11850812	-4.96	rs10162416	0.16124	5.41	2.0118	436	14	enet	0.21	2.6e-09	1.123196	0.261
Brain_Hippocampus	/media/kame/Data/_workings/resource/GTEv8//GTExv8.EUR.Brain_Hippocampus/ENSG00000126775.8.wgt.RDat	ENSG00000126775.8	14	55411857	55411858	0.296	rs1952885	-5.55	rs9323283	0.16267	5.53	-0.9631	433	18	enet	0.18	5e-08	-0.676203	0.499
Brain_Hippocampus	/media/kame/Data/_workings/resource/GTEv8//GTExv8.EUR.Brain_Hippocampus/ENSG00000275569.1.wgt.RDat	ENSG00000275569.1	14	56305837	56305838	0.405	rs11620687	-5.66	rs17698953	-0.00667	-3.32	-0.6386	706	36	enet	0.015	0.074	2.300732	0.0214
Brain_Hippocampus	/media/kame/Data/_workings/resource/GTEv8//GTExv8.EUR.Brain_Hippocampus/ENSG00000131966.13.wgt.RDat	ENSG00000131966.13	14	58200079	58200080	0.288	rs160466	4.26	rs17832891	0.27634	-6.49	-0.3843	388	11	enet	0.22	1.2e-09	0.224976	0.822
Brain_Hippocampus	/media/kame/Data/_workings/resource/GTEv8//GTExv8.EUR.Brain_Hippocampus/ENSG00000126790.11.wgt.RDat	ENSG00000126790.11	14	59484429	59484430	0.449	rs17834238	7.88	rs12433783	0.30489	-7.21	5.481	453	28	enet	0.32	1.8e-14	-4.918952	8.7e-07
Brain_Hippocampus	/media/kame/Data/_workings/resource/GTEv8//GTExv8.EUR.Brain_Hippocampus/ENSG00000258289.8.wgt.RDat	ENSG00000258289.8	14	64914360	64914361	0.532	rs1270077	7.41	rs10151701	0.35056	7.71	-2.6581	491	27	enet	0.36	3.9e-16	-2.179918	0.0293
Brain_Hippocampus	/media/kame/Data/_workings/resource/GTEv8//GTExv8.EUR.Brain_Hippocampus/ENSG00000139998.14.wgt.RDat	ENSG00000139998.14	14	64972775	64972776	0.347	rs1270077	7.41	rs2412107	0.02748	-4.09	0.2815	477	36	enet	0.035	0.013	-0.198593	0.843
Brain_Hippocampus	/media/kame/Data/_workings/resource/GTEv8//GTExv8.EUR.Brain_Hippocampus/ENSG00000259502.1.wgt.RDat	ENSG00000259502.1	14	67610985	67610986	0.246	rs961700	-4.88	rs6573781	0.19122	5.44	-0.0596	366	18	enet	0.13	3.4e-06	0.065708	0.948
Brain_Hippocampus	/media/kame/Data/_workings/resource/GTEv8//GTExv8.EUR.Brain_Hippocampus/ENSG00000259038.1.wgt.RDat	ENSG00000259038.1	14	68628444	68628445	0.397	rs761899	6.79	rs17106005	0.15892	5.57	0.6004	607	9	enet	0.15	6.6e-07	0.485457	0.627
Brain_Hippocampus	/media/kame/Data/_workings/resource/GTEv8//GTExv8.EUR.Brain_Hippocampus/ENSG00000198732.10.wgt.RDat	ENSG00000198732.10	14	69854130	69854131	0.143	rs1275729	-4.25	rs7140683	0.04267	-3.8	0.3844	493	14	enet	0.032	0.017	0.646971	0.518
Brain_Hippocampus	/media/kame/Data/_workings/resource/GTEv8//GTExv8.EUR.Brain_Hippocampus/ENSG00000100678.18.wgt.RDat	ENSG00000100678.18	14	70189069	70189070	0.224	rs8011370	-4.13	rs17175346	0.13225	4.62	0.0709	523	3	enet	0.095	7.5e-05	0.105862	0.916
Brain_Hippocampus	/media/kame/Data/_workings/resource/GTEv8//GTExv8.EUR.Brain_Hippocampus/ENSG00000133983.14.wgt.RDat	ENSG00000133983.14	14	70359730	70359731	0.256	rs8011370	-4.13	rs2332272	0.10353	-5.2	-0.0373	564	14	enet	0.17	8.1e-08	0.191539	0.848
Brain_Hippocampus	/media/kame/Data/_workings/resource/GTEv8//GTExv8.EUR.Brain_Hippocampus/ENSG00000100731.15.wgt.RDat	ENSG00000100731.15	14	70907404	70907405	0.283	rs8011370	-4.13	rs2526847	0.20662	-6.13	0.1162	403	24	enet	0.16	2.3e-07	-0.05957	0.952
Brain_Hippocampus	/media/kame/Data/_workings/resource/GTEv8//GTExv8.EUR.Brain_Hippocampus/ENSG00000119599.16.wgt.RDat	ENSG00000119599.16	14	72926331	72926332	0.296	rs11621058	3.58	rs11629006	0.15853	5	0.0394	464	11	enet	0.087	0.00015	0.319186	0.75
Brain_Hippocampus	/media/kame/Data/_workings/resource/GTEv8//GTExv8.EUR.Brain_Hippocampus/ENSG00000258695.2.wgt.RDat	ENSG00000258695.2	14	73530151	73530152	0.301	rs177377	-3.4	rs35067250	0.0299	4.62	0.0126	354	16	enet	0.12	6.4e-06	0.158613	0.874
Brain_Hippocampus	/media/kame/Data/_workings/resource/GTEv8//GTExv8.EUR.Brain_Hippocampus/ENSG00000184227.7.wgt.RDat	ENSG00000184227.7	14	73537113	73537114	0.319	rs177377	-3.4	rs7151745	0.19327	5.64	-0.5584	355	22	enet	0.17	7.2e-08	-0.185764	0.853
Brain_Hippocampus	/media/kame/Data/_workings/resource/GTEv8//GTExv8.EUR.Brain_Hippocampus/ENSG00000258408.1.wgt.RDat	ENSG00000258408.1	14	73539780	73539781	0.481	rs177377	-3.4	rs2041073	0.10007	-5.62	-0.1512	355	18	enet	0.19	1.9e-08	-0.00271	0.998
Brain_Hippocampus	/media/kame/Data/_workings/resource/GTEv8//GTExv8.EUR.Brain_Hippocampus/ENSG00000119673.14.wgt.RDat	ENSG00000119673.14	14	73567619	73567620	0.28	rs177377	-3.4	rs6574128	0.17001	5.18	-0.2517	360	31	enet	0.16	2.5e-07	-0.217127	0.828
Brain_Hippocampus	/media/kame/Data/_workings/resource/GTEv8//GTExv8.EUR.Brain_Hippocampus/ENSG00000279026.1.wgt.RDat	ENSG00000279026.1	14	73580693	73580694	0.434	rs177377	-3.4	rs6574128	0.12539	4.84	-0.2517	368	56	enet	0.15	4e-07	-0.462457	0.644
Brain_Hippocampus	/media/kame/Data/_workings/resource/GTEv8//GTExv8.EUR.Brain_Hippocampus/ENSG00000205669.2.wgt.RDat	ENSG00000205669.2	14	73610944	73610945	0.178	rs177377	-3.4	rs10150828	0.02909	-4.2	0.2929	377	18	enet	0.063	0.0011	0.177439	0.859
Brain_Hippocampus	/media/kame/Data/_workings/resource/GTEv8//GTExv8.EUR.Brain_Hippocampus/ENSG00000259065.1.wgt.RDat	ENSG00000259065.1	14	73787359	73787360	0.693	rs887592	4.52	rs17182607	0.53546	9.17	-0.7305	390	28	enet	0.55	6.2e-28	-0.745325	0.456
Brain_Hippocampus	/media/kame/Data/_workings/resource/GTEv8//GTExv8.EUR.Brain_Hippocampus/ENSG00000258586.1.wgt.RDat	ENSG00000258586.1	14	73830134	73830135	0.411	rs887592	4.52	rs17182607	0.39388	7.73	-0.7305	386	21	enet	0.32	1.8e-14	-0.94933	0.342
Brain_Hippocampus	/media/kame/Data/_workings/resource/GTEv8//GTExv8.EUR.Brain_Hippocampus/ENSG00000140043.11.wgt.RDat	ENSG00000140043.11	14	73851843	73851844	0.563	rs887592	4.52	rs8020267	0.39897	7.88	-0.6893	387	31	enet	0.35	6.8e-16	-0.64301	0.52
Brain_Hippocampus	/media/kame/Data/_workings/resource/GTEv8//GTExv8.EUR.Brain_Hippocampus/ENSG00000187097.12.wgt.RDat	ENSG00000187097.12	14	74019351	74019352	0.13	rs887592	4.52	rs11628710	0.00333	-3.45	-0.5268	394	21	enet	-0.0067	0.93	-0.000465	1
Brain_Hippocampus	/media/kame/Data/_workings/resource/GTEv8//GTExv8.EUR.Brain_Hippocampus/ENSG00000119596.17.wgt.RDat	ENSG00000119596.17	14	74763365	74763366	0.13	rs28756972	6.73	rs888413	0.00912	3.97	2.5875	330	16	enet	-0.0064	0.82	1.268598	0.205
Brain_Hippocampus	/media/kame/Data/_workings/resource/GTEv8//GTExv8.EUR.Brain_Hippocampus/ENSG00000119718.10.wgt.RDat	ENSG00000119718.10	14	75002910	75002911	0.142	rs28756972	6.09	rs175016	0.06917	-4.44	-2.4633	411	14	enet	0.034	0.014	2.431922	0.015
Brain_Hippocampus	/media/kame/Data/_workings/resource/GTEv8//GTExv8.EUR.Brain_Hippocampus/ENSG00000279594.1.wgt.RDat	ENSG00000279594.1	14	75012850	75012851	0.132	rs28756972	5.78	rs4903273	0.03553	3.97	-0.1997	411	8	enet	-0.00064	0.34	1.971445	0.0487
Brain_Hippocampus	/media/kame/Data/_workings/resource/GTEv8//GTExv8.EUR.Brain_Hippocampus/ENSG00000170348.8.wgt.RDat	ENSG00000170348.8	14	75176630	75176631	0.149	rs2359239	4.92	rs12887044	0.01594	4.12	2.9804	414	22	enet	0.074	0.00044	0.961282	0.336
Brain_Hippocampus	/media/kame/Data/_workings/resource/GTEv8//GTExv8.EUR.Brain_Hippocampus/ENSG00000119685.19.wgt.RDat	ENSG00000119685.19	14	75633624	75633625	0.15	rs2111782	3.25	rs2303345	0.04308	-4.42	-1.0343	455	7	enet	0.034	0.014	0.843559	0.399
Brain_Hippocampus	/media/kame/Data/_workings/resource/GTEv8//GTExv8.EUR.Brain_Hippocampus/ENSG00000119715.14.wgt.RDat	ENSG00000119715.14	14	76310613	76310614	0.208	rs7492775	-3.5	rs8020004	0.04512	-3.84	-0.7064	509	12	enet	-0.0023	0.42	0.728858	0.466
Brain_Hippocampus	/media/kame/Data/_workings/resource/GTEv8//GTExv8.EUR.Brain_Hippocampus/ENSG00000259124.1.wgt.RDat	ENSG00000259124.1	14	76726711	76726712	0.409	rs11159248	-5.06	rs2360998	0.03596	-3.95	-0.045	546	21	enet	0.06	0.0015	-0.090221	0.928
Brain_Hippocampus	/media/kame/Data/_workings/resource/GTEv8//GTExv8.EUR.Brain_Hippocampus/ENSG00000009830.11.wgt.RDat	ENSG00000009830.11	14	77320882	77320883	0.357	rs11159248	-5.06	rs368855	0.13878	4.89	-0.2176	543	27	enet	0.13	3.4e-06	-0.768172	0.442
Brain_Hippocampus	/media/kame/Data/_workings/resource/GTEv8//GTExv8.EUR.Brain_Hippocampus/ENSG00000100577.18.wgt.RDat	ENSG00000100577.18	14	77320884	77320885	0.203	rs11159248	-5.06	rs2287395	0.05521	5.17	-0.7332	543	9	enet	0.076	0.00039	-0.679295	0.497
Brain_Hippocampus	/media/kame/Data/_workings/resource/GTEv8//GTExv8.EUR.Brain_Hippocampus/ENSG00000165555.9.wgt.RDat	ENSG00000165555.9	14	77423516	77423517	0.235	rs11159248	-5.06	rs11844594	0.00308	-3.99	0.127	572	19	enet	-0.00019	0.33	-0.157895	0.875
Brain_Hippocampus	/media/kame/Data/_workings/resource/GTEv8//GTExv8.EUR.Brain_Hippocampus/ENSG00000063761.15.wgt.RDat	ENSG00000063761.15	14	77800082	77800083	0.265	rs9788561	5.71	rs1549118	0.20407	-5.62	-0.5327	614	15	enet	0.17	1e-07	0.780705	0.435
Brain_Hippocampus	/media/kame/Data/_workings/resource/GTEv8//GTExv8.EUR.Brain_Hippocampus/ENSG00000042317.16.wgt.RDat	ENSG00000042317.16	14	88384923	88384924	0.429	rs17124276	-7.07	rs3179969	0.38342	-7.72	0.0306	444	13	enet	0.36	5.2e-16	-0.218959	0.827
Brain_Hippocampus	/media/kame/Data/_workings/resource/GTEv8//GTExv8.EUR.Brain_Hippocampus/ENSG00000258983.2.wgt.RDat	ENSG00000258983.2	14	88499333	88499334	0.33	rs17124276	-7.07	rs17772222	0.22386	6.25	0.1811	448	19	enet	0.25	2.9e-11	-0.224203	0.823
Brain_Hippocampus	/media/kame/Data/_workings/resource/GTEv8//GTExv8.EUR.Brain_Hippocampus/ENSG00000140025.15.wgt.RDat	ENSG00000140025.15	14	89954776	89954777	0.352	rs6575102	-4.93	rs1286940	0.2113	5.99	2.4355	429	10	enet	0.14	2e-06	2.615596	0.00891
Brain_Hippocampus	/media/kame/Data/_workings/resource/GTEv8//GTExv8.EUR.Brain_Hippocampus/ENSG00000165914.14.wgt.RDat	ENSG00000165914.14	14	90816478	90816479	0.294	rs961196	-6.17	rs4904699	0.00455	-3.61	-0.1901	393	26	enet	0.0014	0.27	-0.829701	0.407
Brain_Hippocampus	/media/kame/Data/_workings/resource/GTEv8//GTExv8.EUR.Brain_Hippocampus/ENSG00000015133.18.wgt.RDat	ENSG00000015133.18	14	91417843	91417844	0.167	rs17565434	-4.44	rs10139287	0.07299	-4.44	-1.0764	392	7	enet	0.055	0.0022	1.36448	0.172
Brain_Hippocampus	/media/kame/Data/_workings/resource/GTEv8//GTExv8.EUR.Brain_Hippocampus/ENSG00000165929.12.wgt.RDat	ENSG00000165929.12	14	91867535	91867536	0.342	rs17565434	-4.44	rs2402074	0.2144	5.92	0.0184	458	16	enet	0.18	4e-08	0.33496	0.738
Brain_Hippocampus	/media/kame/Data/_workings/resource/GTEv8//GTExv8.EUR.Brain_Hippocampus/ENSG00000165934.12.wgt.RDat	ENSG00000165934.12	14	92121936	92121937	0.362	rs17565434	-4.44	rs7149665	0.19771	-5.67	-3.0043	526	11	enet	0.19	1.1e-08	2.455387	0.0141
Brain_Hippocampus	/media/kame/Data/_workings/resource/GTEv8//GTExv8.EUR.Brain_Hippocampus/ENSG00000119632.3.wgt.RDat	ENSG00000119632.3	14	94130252	94130253	0.381	rs7147317	-4.08	rs3993740	0.12207	-5.08	0.5171	753	34	enet	0.13	4e-06	1.030096	0.303
Brain_Hippocampus	/media/kame/Data/_workings/resource/GTEv8//GTExv8.EUR.Brain_Hippocampus/ENSG00000168398.6.wgt.RDat	ENSG00000168398.6	14	96204678	96204679	0.335	rs11624031	-5.29	rs2151767	0.01017	-3.61	0.3731	571	41	enet	-0.0067	0.96	0.185284	0.853
Brain_Hippocampus	/media/kame/Data/_workings/resource/GTEv8//GTExv8.EUR.Brain_Hippocampus/ENSG00000258702.1.wgt.RDat	ENSG00000258702.1	14	96592732	96592733	0.717	rs11624031	-5.29	rs17280262	0.15121	-6.4	0.0799	560	62	enet	0.36	4.4e-16	1.269411	0.204
Brain_Hippocampus	/media/kame/Data/_workings/resource/GTEv8//GTExv8.EUR.Brain_Hippocampus/ENSG00000271780.1.wgt.RDat	ENSG00000271780.1	14	101948346	101948347	0.379	rs1052780	7.52	rs2448241	0.17892	6.52	0.4158	335	18	enet	0.19	1.1e-08	2.642186	0.00824
Brain_Hippocampus	/media/kame/Data/_workings/resource/GTEv8//GTExv8.EUR.Brain_Hippocampus/ENSG00000156381.8.wgt.RDat	ENSG00000156381.8	14	102509798	102509799	0.26	rs1052780	7.52	rs2273905	0.08112	-4.95	1.0264	324	30	enet	0.12	6.3e-06	-1.077259	0.281
Brain_Hippocampus	/media/kame/Data/_workings/resource/GTEv8//GTExv8.EUR.Brain_Hippocampus/ENSG00000283071.1.wgt.RDat	ENSG00000283071.1	14	103084209	103084210	0.428	rs6575967	5.62	rs11844761	0.24836	6.12	-0.4504	346	38	enet	0.22	1.4e-09	-0.821049	0.412
Brain_Hippocampus	/media/kame/Data/_workings/resource/GTEv8//GTExv8.EUR.Brain_Hippocampus/ENSG00000259775.1.wgt.RDat	ENSG00000259775.1	14	103332366	103332367	0.57	rs6575967	5.62	rs3548	0.11796	6.07	0.9456	354	35	enet	0.26	1.4e-11	0.540012	0.589
Brain_Hippocampus	/media/kame/Data/_workings/resource/GTEv8//GTExv8.EUR.Brain_Hippocampus/ENSG00000075413.17.wgt.RDat	ENSG00000075413.17	14	103385391	103385392	0.128	rs6575967	5.62	rs1467561	0.10379	4.42	-0.5647	357	9	enet	0.03	0.02	-0.643737	0.52
Brain_Hippocampus	/media/kame/Data/_workings/resource/GTEv8//GTExv8.EUR.Brain_Hippocampus/ENSG00000166166.12.wgt.RDat	ENSG00000166166.12	14	103529183	103529184	0.209	rs6575967	5.62	rs10149249	-0.00674	3.49	0.0618	352	16	enet	0.0059	0.17	0.805205	0.421
Brain_Hippocampus	/media/kame/Data/_workings/resource/GTEv8//GTExv8.EUR.Brain_Hippocampus/ENSG00000256053.7.wgt.RDat	ENSG00000256053.7	14	103562961	103562962	0.283	rs6575967	5.62	rs942863	0.11399	5.72	-1.6736	359	34	enet	0.097	6e-05	-0.08774	0.93
Brain_Hippocampus	/media/kame/Data/_workings/resource/GTEv8//GTExv8.EUR.Brain_Hippocampus/ENSG00000269958.1.wgt.RDat	ENSG00000269958.1	14	103696352	103696353	0.246	rs6575967	5.62	rs12432907	0.10215	-4.64	-0.0328	351	13	enet	0.12	1.2e-05	-0.135056	0.893
Brain_Hippocampus	/media/kame/Data/_workings/resource/GTEv8//GTExv8.EUR.Brain_Hippocampus/ENSG00000126215.13.wgt.RDat	ENSG00000126215.13	14	103715503	103715504	0.134	rs6575967	5.62	rs2295147	0.02959	3.59	-1.0751	344	22	enet	0.025	0.03	-1.133045	0.257
Brain_Hippocampus	/media/kame/Data/_workings/resource/GTEv8//GTExv8.EUR.Brain_Hippocampus/ENSG00000140104.13.wgt.RDat	ENSG00000140104.13	14	104985774	104985775	0.297	rs3809456	-4.95	rs2582574	0.2444	6.53	-0.0322	312	9	enet	0.25	6.7e-11	0.051034	0.959
Brain_Hippocampus	/media/kame/Data/_workings/resource/GTEv8//GTExv8.EUR.Brain_Hippocampus/ENSG00000183828.14.wgt.RDat	ENSG00000183828.14	14	105181311	105181312	0.683	rs3809456	-4.95	rs3825761	0.43538	-8.31	-1.4787	254	22	enet	0.38	2.9e-17	1.22088	0.222
Brain_Hippocampus	/media/kame/Data/_workings/resource/GTEv8//GTExv8.EUR.Brain_Hippocampus/ENSG00000182979.17.wgt.RDat	ENSG00000182979.17	14	105419819	105419820	0.176	rs7159216	-3.53	rs11845866	0.04176	-3.1	0.3608	163	24	enet	-0.0057	0.69	-0.853326	0.393
Brain_Hippocampus	/media/kame/Data/_workings/resource/GTEv8//GTExv8.EUR.Brain_Hippocampus/ENSG00000259905.5.wgt.RDat	ENSG00000259905.5	15	24493136	24493137	0.4519	rs8036523	-3.84	rs7165906	0.149509	-5.78	0.25025	322	37	enet	0.19	1.1e-08	-0.63173	0.528
Brain_Hippocampus	/media/kame/Data/_workings/resource/GTEv8//GTExv8.EUR.Brain_Hippocampus/ENSG00000185823.3.wgt.RDat	ENSG00000185823.3	15	24675867	24675868	0.3532	rs8036523	-3.84	rs7165906	0.129115	-4.51	0.25025	331	6	enet	0.017	0.059	-0.3987	0.69
Brain_Hippocampus	/media/kame/Data/_workings/resource/GTEv8//GTExv8.EUR.Brain_Hippocampus/ENSG00000166923.10.wgt.RDat	ENSG00000166923.10	15	32730689	32730690	0.4566	rs12438604	-2.94	rs8041254	0.336672	-7.12	-0.01612	463	10	enet	0.3	2.5e-13	0.12123	0.904
Brain_Hippocampus	/media/kame/Data/_workings/resource/GTEv8//GTExv8.EUR.Brain_Hippocampus/ENSG00000248905.8.wgt.RDat	ENSG00000248905.8	15	33194732	33194733	0.48	rs2291732	-5.5	rs16966230	0.168422	5.36	1.57597	800	30	enet	0.15	8.7e-07	0.33122	0.74
Brain_Hippocampus	/media/kame/Data/_workings/resource/GTEv8//GTExv8.EUR.Brain_Hippocampus/ENSG00000259446.5.wgt.RDat	ENSG00000259446.5	15	33310658	33310659	0.5814	rs2291732	-5.5	rs2251110	0.359739	7.61	0.81415	818	15	enet	0.39	5.7e-18	0.77128	0.441
Brain_Hippocampus	/media/kame/Data/_workings/resource/GTEv8//GTExv8.EUR.Brain_Hippocampus/ENSG00000184984.9.wgt.RDat	ENSG00000184984.9	15	33968719	33968720	0.5943	rs2291732	-5.5	rs8037065	0.239365	6.32	0.36227	595	31	enet	0.28	2.2e-12	-0.44326	0.658
Brain_Hippocampus	/media/kame/Data/_workings/resource/GTEv8//GTExv8.EUR.Brain_Hippocampus/ENSG00000166068.12.wgt.RDat	ENSG00000166068.12	15	38252325	38252326	0.3437	rs11073332	6.69	rs8034546	0.000615	-3.68	-0.14979	479	21	enet	0.036	0.012	-0.65428	0.513
Brain_Hippocampus	/media/kame/Data/_workings/resource/GTEv8//GTExv8.EUR.Brain_Hippocampus/ENSG00000248508.6.wgt.RDat	ENSG00000248508.6	15	40039310	40039311	0.5964	rs17672041	4.75	rs8041057	0.290573	-6.76	0.29441	449	14	enet	0.26	1.8e-11	0.14622	0.884
Brain_Hippocampus	/media/kame/Data/_workings/resource/GTEv8//GTExv8.EUR.Brain_Hippocampus/ENSG00000128944.13.wgt.RDat	ENSG00000128944.13	15	40382720	40382721	0.7917	rs17672041	4.75	rs17671250	0.512084	9.04	4.68276	392	11	enet	0.52	2e-25	4.72226	2.33e-06
Brain_Hippocampus	/media/kame/Data/_workings/resource/GTEv8//GTExv8.EUR.Brain_Hippocampus/ENSG00000128928.8.wgt.RDat	ENSG00000128928.8	15	40405794	40405795	0.4988	rs17672041	4.75	rs4575496	0.151604	5.78	-0.13947	385	19	enet	0.15	4.7e-07	-2.33738	0.0194
Brain_Hippocampus	/media/kame/Data/_workings/resource/GTEv8//GTExv8.EUR.Brain_Hippocampus/ENSG00000223313.1.wgt.RDat	ENSG00000223313.1	15	40529569	40529570	0.1362	rs17672041	4.75	rs17673703	0.026033	-3.66	0.68284	352	9	enet	0.0093	0.12	-0.28598	0.775
Brain_Hippocampus	/media/kame/Data/_workings/resource/GTEv8//GTExv8.EUR.Brain_Hippocampus/ENSG00000128891.15.wgt.RDat	ENSG00000128891.15	15	40565056	40565057	0.4298	rs17672041	4.75	rs17673703	0.306918	-7.43	0.68284	333	40	enet	0.28	2.6e-12	-0.55029	0.582
Brain_Hippocampus	/media/kame/Data/_workings/resource/GTEv8//GTExv8.EUR.Brain_Hippocampus/ENSG00000137824.15.wgt.RDat	ENSG00000137824.15	15	40755850	40755851	0.1931	rs17672041	4.75	rs7167417	0.175424	-5.41	-0.05762	308	9	enet	0.15	5.2e-07	0.40064	0.689
Brain_Hippocampus	/media/kame/Data/_workings/resource/GTEv8//GTExv8.EUR.Brain_Hippocampus/ENSG00000166140.17.wgt.RDat	ENSG00000166140.17	15	40807085	40807086	0.1732	rs17672041	4.75	rs690347	0.082996	4.77	0.81376	288	7	enet	0.13	4.7e-06	0.28564	0.775
Brain_Hippocampus	/media/kame/Data/_workings/resource/GTEv8//GTExv8.EUR.Brain_Hippocampus/ENSG00000137804.12.wgt.RDat	ENSG00000137804.12	15	41332693	41332694	0.3012	rs1197659	-4.95	rs7168307	0.284399	6.84	0.65831	277	17	enet	0.23	5.1e-10	0.58003	0.562
Brain_Hippocampus	/media/kame/Data/_workings/resource/GTEv8//GTExv8.EUR.Brain_Hippocampus/ENSG00000103932.11.wgt.RDat	ENSG00000103932.11	15	41544268	41544269	0.397	rs1197659	-4.95	rs1200345	0.291034	7.23	-2.04264	362	12	enet	0.34	2.3e-15	1.12417	0.261
Brain_Hippocampus	/media/kame/Data/_workings/resource/GTEv8//GTExv8.EUR.Brain_Hippocampus/ENSG00000092445.11.wgt.RDat	ENSG00000092445.11	15	41557674	41557675	0.1543	rs1197659	-4.95	rs8035855	0.004267	3.45	-4.64423	366	10	enet	-1e-05	0.32	-3.709	0.000208
Brain_Hippocampus	/media/kame/Data/_workings/resource/GTEv8//GTExv8.EUR.Brain_Hippocampus/ENSG00000243789.10.wgt.RDat	ENSG00000243789.10	15	41828084	41828085	0.1617	rs1197659	-4.95	rs6493005	0.137854	4.72	-1.59232	409	20	enet	0.061	0.0013	-1.5503	0.121
Brain_Hippocampus	/media/kame/Data/_workings/resource/GTEv8//GTExv8.EUR.Brain_Hippocampus/ENSG00000243708.10.wgt.RDat	ENSG00000243708.10	15	41837774	41837775	0.2838	rs1197659	-4.95	rs2241522	0.233516	5.99	-1.85099	403	20	enet	0.16	3.4e-07	-0.36448	0.716
Brain_Hippocampus	/media/kame/Data/_workings/resource/GTEv8//GTExv8.EUR.Brain_Hippocampus/ENSG00000137877.9.wgt.RDat	ENSG00000137877.9	15	41890204	41890205	0.4511	rs1197659	-4.95	rs1209334	0.171585	-5.42	0.15968	415	28	enet	0.3	4e-13	-0.45966	0.646
Brain_Hippocampus	/media/kame/Data/_workings/resource/GTEv8//GTExv8.EUR.Brain_Hippocampus/ENSG00000214013.9.wgt.RDat	ENSG00000214013.9	15	42273232	42273233	0.1783	rs12594951	6.43	rs1659215	0.120769	-4.77	-2.0483	422	18	enet	0.068	0.00077	1.94113	0.0522
Brain_Hippocampus	/media/kame/Data/_workings/resource/GTEv8//GTExv8.EUR.Brain_Hippocampus/ENSG00000278769.1.wgt.RDat	ENSG00000278769.1	15	42724616	42724617	0.3208	rs12594951	6.43	rs8030587	0.165441	5.63	0.38337	273	50	enet	0.13	3.9e-06	-1.19706	0.231
Brain_Hippocampus	/media/kame/Data/_workings/resource/GTEv8//GTExv8.EUR.Brain_Hippocampus/ENSG00000168803.14.wgt.RDat	ENSG00000168803.14	15	43330673	43330674	0.3978	rs2412752	-3.65	rs478104	0.285368	-7.05	-0.55884	263	38	enet	0.28	2.8e-12	1.12301	0.261
Brain_Hippocampus	/media/kame/Data/_workings/resource/GTEv8//GTExv8.EUR.Brain_Hippocampus/ENSG00000249839.1.wgt.RDat	ENSG00000249839.1	15	43684338	43684339	0.2551	rs2412822	3.67	rs654276	0.135757	-5.11	-0.37582	260	12	enet	0.14	1.6e-06	0.92551	0.355
Brain_Hippocampus	/media/kame/Data/_workings/resource/GTEv8//GTExv8.EUR.Brain_Hippocampus/ENSG00000185880.12.wgt.RDat	ENSG00000185880.12	15	44728987	44728988	0.3672	rs12438755	4.32	rs2123148	0.04633	-6.35	0.91052	244	30	enet	0.14	1.1e-06	-0.95084	0.342
Brain_Hippocampus	/media/kame/Data/_workings/resource/GTEv8//GTExv8.EUR.Brain_Hippocampus/ENSG00000259479.6.wgt.RDat	ENSG00000259479.6	15	44881604	44881605	0.5933	rs12438755	4.32	rs16975231	0.257194	6.26	0.26864	300	9	enet	0.23	4e-10	0.26041	0.795
Brain_Hippocampus	/media/kame/Data/_workings/resource/GTEv8//GTExv8.EUR.Brain_Hippocampus/ENSG00000140254.12.wgt.RDat	ENSG00000140254.12	15	45129931	45129932	0.3044	rs12438755	4.32	rs765787	0.112224	-4.96	-0.21437	301	17	enet	0.086	0.00016	-0.57621	0.564
Brain_Hippocampus	/media/kame/Data/_workings/resource/GTEv8//GTExv8.EUR.Brain_Hippocampus/ENSG00000259539.1.wgt.RDat	ENSG00000259539.1	15	45153216	45153217	0.2564	rs2412957	5.05	rs1648281	-0.000843	3.99	-0.39112	303	49	enet	0.083	0.00021	-1.44484	0.149
Brain_Hippocampus	/media/kame/Data/_workings/resource/GTEv8//GTExv8.EUR.Brain_Hippocampus/ENSG00000137860.11.wgt.RDat	ENSG00000137860.11	15	45252229	45252230	0.2274	rs12438755	4.32	rs11631021	0.058076	-4.27	-0.17052	340	35	enet	0.044	0.0056	0.13275	0.894
Brain_Hippocampus	/media/kame/Data/_workings/resource/GTEv8//GTExv8.EUR.Brain_Hippocampus/ENSG00000259520.5.wgt.RDat	ENSG00000259520.5	15	45279250	45279251	0.4981	rs11857175	-5.46	rs11631021	0.32029	-7.54	-0.17052	332	62	enet	0.44	2.3e-20	-0.63465	0.526
Brain_Hippocampus	/media/kame/Data/_workings/resource/GTEv8//GTExv8.EUR.Brain_Hippocampus/ENSG00000259433.2.wgt.RDat	ENSG00000259433.2	15	45332633	45332634	0.5029	rs11857175	-5.46	rs1153862	0.418358	-8.05	-0.12935	324	16	enet	0.39	4.9e-18	0.20266	0.839
Brain_Hippocampus	/media/kame/Data/_workings/resource/GTEv8//GTExv8.EUR.Brain_Hippocampus/ENSG00000171766.15.wgt.RDat	ENSG00000171766.15	15	45402326	45402327	0.2465	rs11857175	-5.46	rs16939755	0.023185	-3.95	1.51913	340	66	enet	0.012	0.098	-1.03589	0.3
Brain_Hippocampus	/media/kame/Data/_workings/resource/GTEv8//GTExv8.EUR.Brain_Hippocampus/ENSG00000171763.18.wgt.RDat	ENSG00000171763.18	15	45402330	45402331	0.1916	rs11857175	-5.46	rs1974981	0.11341	4.6	0.16636	340	31	enet	0.075	0.00039	0.08593	0.932
Brain_Hippocampus	/media/kame/Data/_workings/resource/GTEv8//GTExv8.EUR.Brain_Hippocampus/ENSG00000259488.2.wgt.RDat	ENSG00000259488.2	15	48331855	48331856	0.1217	rs11070641	8.6	rs8032357	0.066479	-4.28	0.13376	332	5	enet	0.078	0.00032	-0.21568	0.829
Brain_Hippocampus	/media/kame/Data/_workings/resource/GTEv8//GTExv8.EUR.Brain_Hippocampus/ENSG00000156958.14.wgt.RDat	ENSG00000156958.14	15	49155661	49155662	0.1843	rs2725544	6.57	rs7359317	0.052569	4.56	2.33002	324	19	enet	0.011	0.11	2.36575	0.018
Brain_Hippocampus	/media/kame/Data/_workings/resource/GTEv8//GTExv8.EUR.Brain_Hippocampus/ENSG00000104064.16.wgt.RDat	ENSG00000104064.16	15	50354957	50354958	0.1723	rs12442475	5.32	rs7163457	0.088297	-4.71	0.08594	423	8	enet	0.062	0.0013	-0.17549	0.861
Brain_Hippocampus	/media/kame/Data/_workings/resource/GTEv8//GTExv8.EUR.Brain_Hippocampus/ENSG00000244879.6.wgt.RDat	ENSG00000244879.6	15	50355408	50355409	0.8042	rs12442475	5.32	rs12903381	0.642058	9.8	-0.37767	422	16	enet	0.61	4.1e-32	-0.38832	0.698
Brain_Hippocampus	/media/kame/Data/_workings/resource/GTEv8//GTExv8.EUR.Brain_Hippocampus/ENSG00000259298.1.wgt.RDat	ENSG00000259298.1	15	50498743	50498744	0.2043	rs2306335	6.68	rs12911753	-0.000523	-3.4	-2.70909	376	20	enet	0.069	0.00069	3.85162	0.000117
Brain_Hippocampus	/media/kame/Data/_workings/resource/GTEv8//GTExv8.EUR.Brain_Hippocampus/ENSG00000138600.9.wgt.RDat	ENSG00000138600.9	15	50765807	50765808	0.2426	rs12914634	6.75	rs12912192	0.04983	-4.54	-1.1988	400	28	enet	0.074	0.00046	2.22344	0.0262
Brain_Hippocampus	/media/kame/Data/_workings/resource/GTEv8//GTExv8.EUR.Brain_Hippocampus/ENSG00000273674.4.wgt.RDat	ENSG00000273674.4	15	50908598	50908599	0.208	rs12914634	6.75	rs1075681	0.051775	-4.41	3.4432	477	21	enet	0.06	0.0014	-0.68411	0.494
Brain_Hippocampus	/media/kame/Data/_workings/resource/GTEv8//GTExv8.EUR.Brain_Hippocampus/ENSG00000104112.8.wgt.RDat	ENSG00000104112.8	15	51681352	51681353	0.3348	rs17648140	-4.14	rs2606146	0.1391	-4.96	1.06492	456	15	enet	0.095	7.6e-05	-0.61645	0.538
Brain_Hippocampus	/media/kame/Data/_workings/resource/GTEv8//GTExv8.EUR.Brain_Hippocampus/ENSG00000259577.1.wgt.RDat	ENSG00000259577.1	15	52180092	52180093	0.359	rs11853179	7.54	rs8025737	0.162418	-5.59	-0.41683	392	18	enet	0.15	6.1e-07	1.48052	0.139
Brain_Hippocampus	/media/kame/Data/_workings/resource/GTEv8//GTExv8.EUR.Brain_Hippocampus/ENSG00000128833.12.wgt.RDat	ENSG00000128833.12	15	52295797	52295798	0.2148	rs2456502	25.63	rs3794541	0.091349	-4.12	0.55074	386	7	enet	0.039	0.0091	-0.92676	0.354
Brain_Hippocampus	/media/kame/Data/_workings/resource/GTEv8//GTExv8.EUR.Brain_Hippocampus/ENSG00000197535.14.wgt.RDat	ENSG00000197535.14	15	52529049	52529050	0.1283	rs2456502	21.39	rs2242056	0.029975	-4.09	-0.89657	439	33	enet	0.03	0.02	-3.41567	0.000636
Brain_Hippocampus	/media/kame/Data/_workings/resource/GTEv8//GTExv8.EUR.Brain_Hippocampus/ENSG00000260618.1.wgt.RDat	ENSG00000260618.1	15	52577841	52577842	0.2382	rs2456502	21.39	rs2462847	-0.006626	3.45	-0.25318	456	13	enet	0.023	0.035	-0.63596	0.525
Brain_Hippocampus	/media/kame/Data/_workings/resource/GTEv8//GTExv8.EUR.Brain_Hippocampus/ENSG00000047346.12.wgt.RDat	ENSG00000047346.12	15	52709816	52709817	0.2003	rs2456502	21.47	rs11630559	0.058698	-4.49	2.89581	489	13	enet	0.081	0.00024	-5.9364	2.91e-09
Brain_Hippocampus	/media/kame/Data/_workings/resource/GTEv8//GTExv8.EUR.Brain_Hippocampus/ENSG00000276533.1.wgt.RDat	ENSG00000276533.1	15	55289345	55289346	0.46	rs4774791	3	rs8024695	0.308067	6.96	1.32812	439	6	enet	0.26	1e-11	1.07687	0.282
Brain_Hippocampus	/media/kame/Data/_workings/resource/GTEv8//GTExv8.EUR.Brain_Hippocampus/ENSG00000069974.15.wgt.RDat	ENSG00000069974.15	15	55314159	55314160	0.4603	rs4774791	3	rs8024695	0.22961	6.2	1.32812	443	20	enet	0.26	2.2e-11	0.62904	0.529
Brain_Hippocampus	/media/kame/Data/_workings/resource/GTEv8//GTExv8.EUR.Brain_Hippocampus/ENSG00000069943.9.wgt.RDat	ENSG00000069943.9	15	55319161	55319162	0.2526	rs4774791	3	rs12050587	0.060751	4.53	-0.10352	442	39	enet	0.073	5e-04	-0.22627	0.821
Brain_Hippocampus	/media/kame/Data/_workings/resource/GTEv8//GTExv8.EUR.Brain_Hippocampus/ENSG00000151575.14.wgt.RDat	ENSG00000151575.14	15	56244008	56244009	0.3064	rs8035474	-6.49	rs1550586	0.045932	-4.45	0.59682	355	26	enet	0.11	3e-05	-0.30431	0.761
Brain_Hippocampus	/media/kame/Data/_workings/resource/GTEv8//GTExv8.EUR.Brain_Hippocampus/ENSG00000247982.6.wgt.RDat	ENSG00000247982.6	15	57300364	57300365	0.189	rs1007049	-9.92	rs2290938	0.041985	4.6	0.64519	552	31	enet	0.063	0.0011	1.48814	0.137
Brain_Hippocampus	/media/kame/Data/_workings/resource/GTEv8//GTExv8.EUR.Brain_Hippocampus/ENSG00000263155.5.wgt.RDat	ENSG00000263155.5	15	57591940	57591941	0.2478	rs1007049	-9.92	rs2934434	0.082953	-4.89	0.44553	640	8	enet	0.082	0.00022	-0.43921	0.661
Brain_Hippocampus	/media/kame/Data/_workings/resource/GTEv8//GTExv8.EUR.Brain_Hippocampus/ENSG00000255529.7.wgt.RDat	ENSG00000255529.7	15	57706628	57706629	0.287	rs1007049	-9.92	rs7169211	0.090708	-4.73	2.4903	679	9	enet	0.051	0.0031	-2.02196	0.0432
Brain_Hippocampus	/media/kame/Data/_workings/resource/GTEv8//GTExv8.EUR.Brain_Hippocampus/ENSG00000245975.2.wgt.RDat	ENSG00000245975.2	15	58770973	58770974	0.2987	rs12591296	4.41	rs17269439	0.238136	5.97	-0.79659	497	11	enet	0.21	1.6e-09	-0.74895	0.454
Brain_Hippocampus	/media/kame/Data/_workings/resource/GTEv8//GTExv8.EUR.Brain_Hippocampus/ENSG00000128923.10.wgt.RDat	ENSG00000128923.10	15	58771191	58771192	0.2208	rs12591296	4.41	rs2081703	-0.004347	-3.89	1.4822	496	10	enet	-0.0064	0.82	-1.20702	0.227
Brain_Hippocampus	/media/kame/Data/_workings/resource/GTEv8//GTExv8.EUR.Brain_Hippocampus/ENSG00000277144.1.wgt.RDat	ENSG00000277144.1	15	59116088	59116089	0.2053	rs8038647	-6.26	rs10851643	0.028327	-4.32	-0.16324	407	15	enet	0.14	2.1e-06	1.40867	0.159
Brain_Hippocampus	/media/kame/Data/_workings/resource/GTEv8//GTExv8.EUR.Brain_Hippocampus/ENSG00000103642.11.wgt.RDat	ENSG00000103642.11	15	63121799	63121800	0.4096	rs4412925	10.55	rs2652822	0.191704	6.23	1.2339	511	22	enet	0.26	2.2e-11	0.91739	0.359
Brain_Hippocampus	/media/kame/Data/_workings/resource/GTEv8//GTExv8.EUR.Brain_Hippocampus/ENSG00000185088.13.wgt.RDat	ENSG00000185088.13	15	63158020	63158021	0.296	rs17766325	11.64	rs12898885	0.096848	-5.21	-0.82352	498	16	enet	0.11	2.8e-05	0.32788	0.743
Brain_Hippocampus	/media/kame/Data/_workings/resource/GTEv8//GTExv8.EUR.Brain_Hippocampus/ENSG00000074410.13.wgt.RDat	ENSG00000074410.13	15	63382160	63382161	0.3781	rs17772465	11.75	rs4984268	0.114749	-5.05	0.49453	438	31	enet	0.1	5e-05	0.35168	0.725
Brain_Hippocampus	/media/kame/Data/_workings/resource/GTEv8//GTExv8.EUR.Brain_Hippocampus/ENSG00000169118.17.wgt.RDat	ENSG00000169118.17	15	64356258	64356259	0.1375	rs12593770	-8.98	rs16948044	0.000863	3.58	-1.29852	291	30	enet	-0.0046	0.57	-0.1549	0.877
Brain_Hippocampus	/media/kame/Data/_workings/resource/GTEv8//GTExv8.EUR.Brain_Hippocampus/ENSG00000140451.12.wgt.RDat	ENSG00000140451.12	15	64825667	64825668	0.235	rs12593770	-8.98	rs4777615	0.123623	4.6	0.66516	287	20	enet	0.068	0.00076	0.55506	0.579
Brain_Hippocampus	/media/kame/Data/_workings/resource/GTEv8//GTExv8.EUR.Brain_Hippocampus/ENSG00000090487.10.wgt.RDat	ENSG00000090487.10	15	64990309	64990310	0.2729	rs6494509	6.13	rs17229765	0.177035	-6.12	4.80246	303	9	enet	0.18	2.5e-08	-5.1927	2.07e-07
Brain_Hippocampus	/media/kame/Data/_workings/resource/GTEv8//GTExv8.EUR.Brain_Hippocampus/ENSG00000277351.1.wgt.RDat	ENSG00000277351.1	15	65049801	65049802	0.4616	rs6494509	6.13	rs2241858	0.242982	-6.18	-1.0816	309	27	enet	0.22	1.4e-09	0.93326	0.351
Brain_Hippocampus	/media/kame/Data/_workings/resource/GTEv8//GTExv8.EUR.Brain_Hippocampus/ENSG00000166938.12.wgt.RDat	ENSG00000166938.12	15	66293216	66293217	0.436	rs7174069	8.6	rs12911848	0.202271	-5.68	-1.2695	490	21	enet	0.19	2e-08	0.30514	0.76
Brain_Hippocampus	/media/kame/Data/_workings/resource/GTEv8//GTExv8.EUR.Brain_Hippocampus/ENSG00000075131.9.wgt.RDat	ENSG00000075131.9	15	66386745	66386746	0.4857	rs7174069	8.6	rs12914520	0.302223	6.79	-0.56584	520	17	enet	0.32	2.2e-14	-0.35159	0.725
Brain_Hippocampus	/media/kame/Data/_workings/resource/GTEv8//GTExv8.EUR.Brain_Hippocampus/ENSG00000270964.1.wgt.RDat	ENSG00000270964.1	15	67542603	67542604	0.152	rs2286664	14.79	rs2899726	0.09498	4.02	0.311	408	22	enet	0.016	0.066	0.55865	0.576
Brain_Hippocampus	/media/kame/Data/_workings/resource/GTEv8//GTExv8.EUR.Brain_Hippocampus/ENSG00000188779.10.wgt.RDat	ENSG00000188779.10	15	67819703	67819704	0.1576	rs2286664	14.79	rs7169086	0.067303	-4.54	13.0201	339	22	enet	0.064	0.0011	-11.26265	2.01e-29
Brain_Hippocampus	/media/kame/Data/_workings/resource/GTEv8//GTExv8.EUR.Brain_Hippocampus/ENSG00000128973.12.wgt.RDat	ENSG00000128973.12	15	68257130	68257131	0.1609	rs2278076	12.02	rs8030302	0.003548	4.08	0.01086	471	8	enet	-0.0049	0.61	0.40774	0.683
Brain_Hippocampus	/media/kame/Data/_workings/resource/GTEv8//GTExv8.EUR.Brain_Hippocampus/ENSG00000260657.2.wgt.RDat	ENSG00000260657.2	15	68275116	68275117	0.35	rs2278076	12.02	rs11630865	0.279886	6.84	-1.03572	465	24	enet	0.25	5.9e-11	-0.83205	0.405
Brain_Hippocampus	/media/kame/Data/_workings/resource/GTEv8//GTExv8.EUR.Brain_Hippocampus/ENSG00000166173.10.wgt.RDat	ENSG00000166173.10	15	70854158	70854159	0.2199	rs1348318	3.93	rs11630263	0.145507	5.39	-0.33865	379	25	enet	0.055	0.0023	-0.3101	0.756
Brain_Hippocampus	/media/kame/Data/_workings/resource/GTEv8//GTExv8.EUR.Brain_Hippocampus/ENSG00000129038.15.wgt.RDat	ENSG00000129038.15	15	73925988	73925989	0.2142	rs10162627	-6.24	rs1078967	0.123537	4.71	-1.25886	402	17	enet	0.13	3.8e-06	-0.23725	0.812
Brain_Hippocampus	/media/kame/Data/_workings/resource/GTEv8//GTExv8.EUR.Brain_Hippocampus/ENSG00000138623.9.wgt.RDat	ENSG00000138623.9	15	74434466	74434467	0.148	rs10162627	-6.24	rs2305667	-0.006268	3.1	-3.78165	374	22	enet	0.0033	0.22	-1.6273	0.104
Brain_Hippocampus	/media/kame/Data/_workings/resource/GTEv8//GTExv8.EUR.Brain_Hippocampus/ENSG00000178802.17.wgt.RDat	ENSG00000178802.17	15	74890004	74890005	0.2269	rs3743487	-4.15	rs11072511	0.10629	-5.15	0.80095	275	15	enet	0.092	9.3e-05	-0.4614	0.645
Brain_Hippocampus	/media/kame/Data/_workings/resource/GTEv8//GTExv8.EUR.Brain_Hippocampus/ENSG00000138621.11.wgt.RDat	ENSG00000138621.11	15	75023554	75023555	0.1829	rs3743487	-4.15	rs7166105	0.015603	3.57	0.55562	270	23	enet	0.0016	0.27	-0.87573	0.381
Brain_Hippocampus	/media/kame/Data/_workings/resource/GTEv8//GTExv8.EUR.Brain_Hippocampus/ENSG00000140400.16.wgt.RDat	ENSG00000140400.16	15	75368153	75368154	0.3886	rs7163332	-3.8	rs4886703	0.474613	8.53	-0.50741	230	10	enet	0.44	2.3e-20	-0.49837	0.618
Brain_Hippocampus	/media/kame/Data/_workings/resource/GTEv8//GTExv8.EUR.Brain_Hippocampus/ENSG00000276744.1.wgt.RDat	ENSG00000276744.1	15	75453946	75453947	0.0964	rs8033754	-2.82	rs9972533	0.011555	3.37	0.3105	225	21	enet	0.0055	0.18	0.00193	0.998
Brain_Hippocampus	/media/kame/Data/_workings/resource/GTEv8//GTExv8.EUR.Brain_Hippocampus/ENSG00000169371.13.wgt.RDat	ENSG00000169371.13	15	75626468	75626469	0.1878	rs11072572	-5.72	rs8027749	0.130842	-5.13	-0.55795	219	31	enet	0.11	2.6e-05	0.71497	0.475
Brain_Hippocampus	/media/kame/Data/_workings/resource/GTEv8//GTExv8.EUR.Brain_Hippocampus/ENSG00000169752.16.wgt.RDat	ENSG00000169752.16	15	76059794	76059795	0.5066	rs4886481	-7.65	rs4886747	0.255984	-7.01	0.00189	295	13	enet	0.27	4.4e-12	-0.06711	0.946
Brain_Hippocampus	/media/kame/Data/_workings/resource/GTEv8//GTExv8.EUR.Brain_Hippocampus/ENSG00000140386.12.wgt.RDat	ENSG00000140386.12	15	76905443	76905444	0.1336	rs932046	-4.8	rs12148386	0.064975	4.29	-0.56821	231	16	enet	0.032	0.016	-1.04454	0.296
Brain_Hippocampus	/media/kame/Data/_workings/resource/GTEv8//GTExv8.EUR.Brain_Hippocampus/ENSG00000173517.10.wgt.RDat	ENSG00000173517.10	15	77420143	77420144	0.2184	rs6495249	8.2	rs883627	0.13384	-5.25	0.44646	326	16	enet	0.18	3.6e-08	0.89404	0.371
Brain_Hippocampus	/media/kame/Data/_workings/resource/GTEv8//GTExv8.EUR.Brain_Hippocampus/ENSG00000259362.2.wgt.RDat	ENSG00000259362.2	15	77525539	77525540	0.1118	rs6495249	8.2	rs12904384	0.079419	4.16	3.06205	302	5	enet	0.059	0.0015	1.64847	0.0993
Brain_Hippocampus	/media/kame/Data/_workings/resource/GTEv8//GTExv8.EUR.Brain_Hippocampus/ENSG00000169783.12.wgt.RDat	ENSG00000169783.12	15	77820899	77820900	0.1863	rs6495249	8.2	rs907389	0.033044	-4.18	-0.70991	407	17	enet	0.017	0.058	0.65135	0.515
Brain_Hippocampus	/media/kame/Data/_workings/resource/GTEv8//GTExv8.EUR.Brain_Hippocampus/ENSG00000260776.5.wgt.RDat	ENSG00000260776.5	15	77926845	77926846	0.7385	rs6495249	8.2	rs7175950	0.491454	8.6	0.41517	425	6	enet	0.46	1.6e-21	0.24626	0.805
Brain_Hippocampus	/media/kame/Data/_workings/resource/GTEv8//GTExv8.EUR.Brain_Hippocampus/ENSG00000136425.12.wgt.RDat	ENSG00000136425.12	15	78131496	78131497	0.284	rs6495249	8.2	rs8036417	0.174017	5.69	-0.04034	408	23	enet	0.17	6.7e-08	0.0785	0.937
Brain_Hippocampus	/media/kame/Data/_workings/resource/GTEv8//GTExv8.EUR.Brain_Hippocampus/ENSG00000259562.2.wgt.RDat	ENSG00000259562.2	15	78291220	78291221	0.2668	rs6495249	8.2	rs876364	0.115801	-5.61	-0.79883	393	7	enet	0.076	0.00039	0.46071	0.645
Brain_Hippocampus	/media/kame/Data/_workings/resource/GTEv8//GTExv8.EUR.Brain_Hippocampus/ENSG00000188266.13.wgt.RDat	ENSG00000188266.13	15	78507563	78507564	0.1899	rs2869030	-4.94	rs4886571	0.111552	-4.7	0.77104	421	8	enet	0.088	0.00014	-0.66992	0.503
Brain_Hippocampus	/media/kame/Data/_workings/resource/GTEv8//GTExv8.EUR.Brain_Hippocampus/ENSG00000041357.15.wgt.RDat	ENSG00000041357.15	15	78540404	78540405	0.2146	rs2869030	-4.94	rs3885951	0.120229	4.43	0.49413	421	28	enet	0.04	0.0083	0.70937	0.478
Brain_Hippocampus	/media/kame/Data/_workings/resource/GTEv8//GTExv8.EUR.Brain_Hippocampus/ENSG00000169684.13.wgt.RDat	ENSG00000169684.13	15	78565519	78565520	0.5475	rs2869030	-4.94	rs4886571	0.44238	8.37	0.77104	426	32	enet	0.41	6.1e-19	0.60831	0.543
Brain_Hippocampus	/media/kame/Data/_workings/resource/GTEv8//GTExv8.EUR.Brain_Hippocampus/ENSG00000103811.15.wgt.RDat	ENSG00000103811.15	15	78949573	78949574	0.3484	rs16970715	-5.68	rs3825806	-0.006586	3.26	-0.33521	436	60	enet	-0.0068	0.99	0.65869	0.51
Brain_Hippocampus	/media/kame/Data/_workings/resource/GTEv8//GTExv8.EUR.Brain_Hippocampus/ENSG00000136371.10.wgt.RDat	ENSG00000136371.10	15	79897378	79897379	0.2446	rs7180958	-9.69	rs11855142	0.066513	-4.23	-0.56583	571	31	enet	0.027	0.026	-0.09296	0.926
Brain_Hippocampus	/media/kame/Data/_workings/resource/GTEv8//GTExv8.EUR.Brain_Hippocampus/ENSG00000180953.11.wgt.RDat	ENSG00000180953.11	15	79915255	79915256	0.7547	rs7180958	-9.69	rs4778733	0.193496	-6.51	-0.03178	569	26	enet	0.38	4.3e-17	0.89188	0.372
Brain_Hippocampus	/media/kame/Data/_workings/resource/GTEv8//GTExv8.EUR.Brain_Hippocampus/ENSG00000278600.1.wgt.RDat	ENSG00000278600.1	15	79922454	79922455	0.3602	rs7180958	-9.69	rs6495456	0.179542	-5.73	0.28198	572	8	enet	0.17	1e-07	-0.30025	0.764
Brain_Hippocampus	/media/kame/Data/_workings/resource/GTEv8//GTExv8.EUR.Brain_Hippocampus/ENSG00000259495.2.wgt.RDat	ENSG00000259495.2	15	80403574	80403575	0.5924	rs7180958	-9.69	rs3743408	0.36992	-7.53	-0.28927	501	5	enet	0.39	8.4e-18	-0.2201	0.826
Brain_Hippocampus	/media/kame/Data/_workings/resource/GTEv8//GTExv8.EUR.Brain_Hippocampus/ENSG00000117899.10.wgt.RDat	ENSG00000117899.10	15	80989877	80989878	0.3315	rs906428	-4.45	rs3743041	0.136934	4.98	-0.72428	459	6	enet	0.091	0.00011	-0.73159	0.464
Brain_Hippocampus	/media/kame/Data/_workings/resource/GTEv8//GTExv8.EUR.Brain_Hippocampus/ENSG00000277782.1.wgt.RDat	ENSG00000277782.1	15	80999980	80999981	0.2213	rs906428	-4.45	rs7178551	0.153149	-5.16	0.71752	457	9	enet	0.13	3.8e-06	-0.68754	0.492
Brain_Hippocampus	/media/kame/Data/_workings/resource/GTEv8//GTExv8.EUR.Brain_Hippocampus/ENSG00000172345.13.wgt.RDat	ENSG00000172345.13	15	81324182	81324183	0.3349	rs7168398	-6.01	rs11073003	0.023252	-3.69	1.48985	390	42	enet	-0.0036	0.5	-0.16497	0.869
Brain_Hippocampus	/media/kame/Data/_workings/resource/GTEv8//GTExv8.EUR.Brain_Hippocampus/ENSG00000188659.9.wgt.RDat	ENSG00000188659.9	15	82262809	82262810	0.214	rs4778956	7.11	rs2665103	0.139454	5.65	-1.88279	322	11	enet	0.12	6.3e-06	-1.51341	0.13
Brain_Hippocampus	/media/kame/Data/_workings/resource/GTEv8//GTExv8.EUR.Brain_Hippocampus/ENSG00000274376.4.wgt.RDat	ENSG00000274376.4	15	82298552	82298553	0.3186	rs4778956	7.11	rs9944185	0.049429	4.46	-0.38131	320	19	enet	0.12	9e-06	-0.7987	0.424
Brain_Hippocampus	/media/kame/Data/_workings/resource/GTEv8//GTExv8.EUR.Brain_Hippocampus/ENSG00000278662.4.wgt.RDat	ENSG00000278662.4	15	82349474	82349475	0.4474	rs4778956	7.11	rs4778672	0.241086	-6.63	-2.0336	322	17	enet	0.31	9.6e-14	0.04101	0.967
Brain_Hippocampus	/media/kame/Data/_workings/resource/GTEv8//GTExv8.EUR.Brain_Hippocampus/ENSG00000197978.9.wgt.RDat	ENSG00000197978.9	15	82430019	82430020	0.1655	rs4778956	7.11	rs2099259	0.088646	-4.86	-0.98159	327	11	enet	0.099	5.3e-05	0.71747	0.473
Brain_Hippocampus	/media/kame/Data/_workings/resource/GTEv8//GTExv8.EUR.Brain_Hippocampus/ENSG00000255769.7.wgt.RDat	ENSG00000255769.7	15	82513949	82513950	0.4652	rs6603042	-7.99	rs8031595	0.005891	-4.61	1.67014	311	25	enet	0.13	4e-06	-0.45608	0.648
Brain_Hippocampus	/media/kame/Data/_workings/resource/GTEv8//GTExv8.EUR.Brain_Hippocampus/ENSG00000182774.10.wgt.RDat	ENSG00000182774.10	15	82540563	82540564	0.1245	rs6603042	-7.99	rs803686	0.083838	-4.69	-1.21775	304	11	enet	0.057	0.0019	1.51075	0.131
Brain_Hippocampus	/media/kame/Data/_workings/resource/GTEv8//GTExv8.EUR.Brain_Hippocampus/ENSG00000214575.9.wgt.RDat	ENSG00000214575.9	15	82648860	82648861	0.1384	rs41326445	-8.11	rs1553885	0.013724	-3.85	-0.26256	262	9	enet	0.00091	0.29	0.32067	0.748
Brain_Hippocampus	/media/kame/Data/_workings/resource/GTEv8//GTExv8.EUR.Brain_Hippocampus/ENSG00000169609.13.wgt.RDat	ENSG00000169609.13	15	83011640	83011641	0.5465	rs12441907	-11.15	rs6603038	0.178117	-6.54	1.96818	321	29	enet	0.32	2.8e-14	1.44161	0.149
Brain_Hippocampus	/media/kame/Data/_workings/resource/GTEv8//GTExv8.EUR.Brain_Hippocampus/ENSG00000064726.9.wgt.RDat	ENSG00000064726.9	15	83067333	83067334	0.4032	rs12441907	-11.15	rs2061947	0.003084	4.34	-2.09562	339	33	enet	0.069	0.00068	3.19424	0.0014
Brain_Hippocampus	/media/kame/Data/_workings/resource/GTEv8//GTExv8.EUR.Brain_Hippocampus/ENSG00000225151.10.wgt.RDat	ENSG00000225151.10	15	84230135	84230136	0.3921	rs7237	-6.46	rs3860265	0.208976	-5.86	-4.08816	199	24	enet	0.24	1.3e-10	3.71055	0.000207
Brain_Hippocampus	/media/kame/Data/_workings/resource/GTEv8//GTExv8.EUR.Brain_Hippocampus/ENSG00000184206.11.wgt.RDat	ENSG00000184206.11	15	84235772	84235773	0.4841	rs7237	-6.46	rs3762169	0.125531	6	0.11675	201	25	enet	0.26	1.1e-11	0.69011	0.49
Brain_Hippocampus	/media/kame/Data/_workings/resource/GTEv8//GTExv8.EUR.Brain_Hippocampus/ENSG00000235370.6.wgt.RDat	ENSG00000235370.6	15	84411700	84411701	0.1777	rs7237	-6.46	rs3762168	0.040562	-4.14	0.10704	260	17	enet	0.048	0.004	-2.66528	0.00769
Brain_Hippocampus	/media/kame/Data/_workings/resource/GTEv8//GTExv8.EUR.Brain_Hippocampus/ENSG00000230373.8.wgt.RDat	ENSG00000230373.8	15	84516813	84516814	0.2983	rs7237	-6.46	rs150968	0.144865	5.01	-2.03534	315	13	enet	0.12	6.1e-06	-1.10931	0.267
Brain_Hippocampus	/media/kame/Data/_workings/resource/GTEv8//GTExv8.EUR.Brain_Hippocampus/ENSG00000176700.19.wgt.RDat	ENSG00000176700.19	15	84632278	84632279	0.3933	rs7237	-6.46	rs35641144	0.218864	5.88	0.41	328	13	enet	0.23	3.6e-10	0.04932	0.961
Brain_Hippocampus	/media/kame/Data/_workings/resource/GTEv8//GTExv8.EUR.Brain_Hippocampus/ENSG00000275120.2.wgt.RDat	ENSG00000275120.2	15	84633822	84633823	0.31	rs7237	-6.46	rs3825877	0.173485	5.35	-0.38084	329	33	enet	0.096	6.6e-05	-1.18913	0.234
Brain_Hippocampus	/media/kame/Data/_workings/resource/GTEv8//GTExv8.EUR.Brain_Hippocampus/ENSG00000177082.12.wgt.RDat	ENSG00000177082.12	15	84654342	84654343	0.1271	rs7237	-6.46	rs17532346	0.082181	-4.57	-4.88157	335	14	enet	0.072	0.00053	5.04103	4.63e-07
Brain_Hippocampus	/media/kame/Data/_workings/resource/GTEv8//GTExv8.EUR.Brain_Hippocampus/ENSG00000259295.6.wgt.RDat	ENSG00000259295.6	15	85191437	85191438	0.3316	rs3748375	-6.37	rs9744503	0.157196	5.62	-0.22098	499	20	enet	0.14	9.3e-07	-0.42385	0.672
Brain_Hippocampus	/media/kame/Data/_workings/resource/GTEv8//GTExv8.EUR.Brain_Hippocampus/ENSG00000229212.7.wgt.RDat	ENSG00000229212.7	15	85234794	85234795	0.1903	rs3748375	-6.37	rs2342120	0.089273	4.99	0.62917	516	11	enet	0.086	0.00016	0.36221	0.717
Brain_Hippocampus	/media/kame/Data/_workings/resource/GTEv8//GTExv8.EUR.Brain_Hippocampus/ENSG00000218052.5.wgt.RDat	ENSG00000218052.5	15	85330333	85330334	0.2563	rs182517	-3.64	rs34969978	0.009884	3.72	0.22367	565	5	enet	-0.0058	0.71	0.27428	0.784
Brain_Hippocampus	/media/kame/Data/_workings/resource/GTEv8//GTExv8.EUR.Brain_Hippocampus/ENSG00000170776.21.wgt.RDat	ENSG00000170776.21	15	85380570	85380571	0.3592	rs4843067	3.29	rs16943484	0.101408	4.94	0.74044	568	38	enet	0.12	8.8e-06	0.84667	0.397
Brain_Hippocampus	/media/kame/Data/_workings/resource/GTEv8//GTExv8.EUR.Brain_Hippocampus/ENSG00000259407.1.wgt.RDat	ENSG00000259407.1	15	85750280	85750281	0.1799	rs11857256	4.83	rs3169119	0.026769	-4.28	-0.04175	556	16	enet	0.021	0.042	0.16695	0.867
Brain_Hippocampus	/media/kame/Data/_workings/resource/GTEv8//GTExv8.EUR.Brain_Hippocampus/ENSG00000259762.1.wgt.RDat	ENSG00000259762.1	15	85752900	85752901	0.1281	rs11857256	4.83	rs3169119	0.015259	-3.98	-0.04175	557	29	enet	0.0085	0.13	-0.04191	0.967
Brain_Hippocampus	/media/kame/Data/_workings/resource/GTEv8//GTExv8.EUR.Brain_Hippocampus/ENSG00000259416.2.wgt.RDat	ENSG00000259416.2	15	85756236	85756237	0.1401	rs11857256	4.83	rs2169877	0.048798	-4.73	-0.2464	559	12	enet	0.08	0.00027	0.14477	0.885
Brain_Hippocampus	/media/kame/Data/_workings/resource/GTEv8//GTExv8.EUR.Brain_Hippocampus/ENSG00000261478.1.wgt.RDat	ENSG00000261478.1	15	89508960	89508961	0.3969	rs150353	7.21	rs8031036	0.210336	5.86	-1.1905	399	6	enet	0.16	1.8e-07	-2.26179	0.0237
Brain_Hippocampus	/media/kame/Data/_workings/resource/GTEv8//GTExv8.EUR.Brain_Hippocampus/ENSG00000157823.16.wgt.RDat	ENSG00000157823.16	15	89894637	89894638	0.3361	rs208829	5.18	rs2043880	0.231467	5.95	0.608	413	9	enet	0.22	7.8e-10	0.42818	0.669
Brain_Hippocampus	/media/kame/Data/_workings/resource/GTEv8//GTExv8.EUR.Brain_Hippocampus/ENSG00000273691.1.wgt.RDat	ENSG00000273691.1	15	90024954	90024955	0.4093	rs893615	-4.04	rs2352051	0.257943	-6.3	-0.73513	416	20	enet	0.18	3.5e-08	0.67086	0.502
Brain_Hippocampus	/media/kame/Data/_workings/resource/GTEv8//GTExv8.EUR.Brain_Hippocampus/ENSG00000185043.10.wgt.RDat	ENSG00000185043.10	15	90233702	90233703	0.4599	rs893615	-4.04	rs9744242	0.126833	-5.49	0.78645	397	9	enet	0.16	3.2e-07	-0.81247	0.417
Brain_Hippocampus	/media/kame/Data/_workings/resource/GTEv8//GTExv8.EUR.Brain_Hippocampus/ENSG00000140575.12.wgt.RDat	ENSG00000140575.12	15	90388217	90388218	0.4707	rs17514846	15.72	rs7171422	0.400391	8.21	1.39158	396	27	enet	0.37	1.1e-16	0.14525	0.885
Brain_Hippocampus	/media/kame/Data/_workings/resource/GTEv8//GTExv8.EUR.Brain_Hippocampus/ENSG00000166965.12.wgt.RDat	ENSG00000166965.12	15	90955795	90955796	0.2488	rs17514846	15.72	rs2290202	0.091957	5.48	-1.8568	483	11	enet	0.052	0.0029	-2.56399	0.0103
Brain_Hippocampus	/media/kame/Data/_workings/resource/GTEv8//GTExv8.EUR.Brain_Hippocampus/ENSG00000214432.9.wgt.RDat	ENSG00000214432.9	15	91022618	91022619	0.2239	rs17514846	15.72	rs8042384	-0.004522	3.64	-4.80249	492	17	enet	0.014	0.078	-1.66456	0.096
Brain_Hippocampus	/media/kame/Data/_workings/resource/GTEv8//GTExv8.EUR.Brain_Hippocampus/ENSG00000258741.3.wgt.RDat	ENSG00000258741.3	15	92734194	92734195	0.3621	rs206350	6.62	rs7162785	0.026643	-4.74	0.39177	643	24	enet	0.071	0.00057	-0.34452	0.73
Brain_Hippocampus	/media/kame/Data/_workings/resource/GTEv8//GTExv8.EUR.Brain_Hippocampus/ENSG00000259134.5.wgt.RDat	ENSG00000259134.5	15	95433094	95433095	0.4036	rs17491052	5.88	rs16975275	-0.000277	-3.34	-0.34855	511	36	enet	0.0078	0.14	0.81424	0.416
Brain_Hippocampus	/media/kame/Data/_workings/resource/GTEv8//GTExv8.EUR.Brain_Hippocampus/ENSG00000182253.14.wgt.RDat	ENSG00000182253.14	15	99098216	99098217	0.4225	rs892465	4.48	rs8028374	0.101815	-5.27	-0.00942	548	22	enet	0.2	8.5e-09	0.82566	0.409
Brain_Hippocampus	/media/kame/Data/_workings/resource/GTEv8//GTExv8.EUR.Brain_Hippocampus/ENSG00000261616.1.wgt.RDat	ENSG00000261616.1	15	99139576	99139577	0.3483	rs892465	4.48	rs260097	0.068425	3.98	0.5115	540	13	enet	0.058	0.0017	0.38293	0.702
Brain_Hippocampus	/media/kame/Data/_workings/resource/GTEv8//GTExv8.EUR.Brain_Hippocampus/ENSG00000103852.12.wgt.RDat	ENSG00000103852.12	15	99251222	99251223	0.505	rs12593522	4.53	rs2084900	0.340542	-7.22	-0.02607	541	10	enet	0.28	2e-12	0.41373	0.679
Brain_Hippocampus	/media/kame/Data/_workings/resource/GTEv8//GTExv8.EUR.Brain_Hippocampus/ENSG00000183060.15.wgt.RDat	ENSG00000183060.15	15	99733560	99733561	0.5941	rs12593522	4.53	rs6598265	0.2504	6.87	3.65734	505	19	enet	0.34	4.2e-15	3.19788	0.00138
Brain_Hippocampus	/media/kame/Data/_workings/resource/GTEv8//GTExv8.EUR.Brain_Hippocampus/ENSG00000182397.14.wgt.RDat	ENSG00000182397.14	15	99806926	99806927	0.2806	rs12593522	4.53	rs11855419	0.24867	-6.54	1.17863	539	11	enet	0.21	2.2e-09	-0.77542	0.438
Brain_Hippocampus	/media/kame/Data/_workings/resource/GTEv8//GTExv8.EUR.Brain_Hippocampus/ENSG00000140470.13.wgt.RDat	ENSG00000140470.13	15	100342004	100342005	0.358	rs4465593	7.22	rs4633693	0.082217	-5.13	0.08363	566	19	enet	0.15	7.3e-07	0.65105	0.515
Brain_Hippocampus	/media/kame/Data/_workings/resource/GTEv8//GTExv8.EUR.Brain_Hippocampus/ENSG00000270127.2.wgt.RDat	ENSG00000270127.2	15	100550152	100550153	0.8071	rs4465593	7.22	rs12460	0.567619	-9.22	0.27798	591	13	enet	0.59	5.7e-31	-0.5764	0.564
Brain_Hippocampus	/media/kame/Data/_workings/resource/GTEv8//GTExv8.EUR.Brain_Hippocampus/ENSG00000259205.2.wgt.RDat	ENSG00000259205.2	15	100558953	100558954	0.6469	rs4465593	7.22	rs12460	0.516397	-8.81	0.27798	593	11	enet	0.55	1.8e-27	-0.52736	0.598
Brain_Hippocampus	/media/kame/Data/_workings/resource/GTEv8//GTExv8.EUR.Brain_Hippocampus/ENSG00000259658.4.wgt.RDat	ENSG00000259658.4	15	101746869	101746870	0.344	rs2073595	-5.05	rs8031873	0.263964	6.47	0.54361	371	19	enet	0.17	7.2e-08	-0.07613	0.939
Brain_Hippocampus	/media/kame/Data/_workings/resource/GTEv8//GTExv8.EUR.Brain_Hippocampus/ENSG00000185596.16.wgt.RDat	ENSG00000185596.16	15	101961602	101961603	0.3088	rs9964	4.76	rs2203348	0.146775	5.83	1.28443	191	33	enet	0.14	2.2e-06	0.81449	0.415
Brain_Hippocampus	/media/kame/Data/_workings/resource/GTEv8//GTExv8.EUR.Brain_Hippocampus/ENSG00000103148.15.wgt.RDat	ENSG00000103148.15	16	138859	138860	0.6534	rs7190358	5.26	rs2562164	0.241	-6.66	0.331	272	16	enet	0.34	4e-15	-0.28759	0.774
Brain_Hippocampus	/media/kame/Data/_workings/resource/GTEv8//GTExv8.EUR.Brain_Hippocampus/ENSG00000268836.1.wgt.RDat	ENSG00000268836.1	16	186293	186294	0.3374	rs7190358	5.26	rs1203974	0.234	6.53	1.53	300	9	enet	0.16	1.8e-07	1.32025	0.187
Brain_Hippocampus	/media/kame/Data/_workings/resource/GTEv8//GTExv8.EUR.Brain_Hippocampus/ENSG00000076344.15.wgt.RDat	ENSG00000076344.15	16	275939	275940	0.3859	rs7190358	5.26	rs2685126	0.128	4.56	-0.000745	339	63	enet	0.12	8.9e-06	0.03781	0.97
Brain_Hippocampus	/media/kame/Data/_workings/resource/GTEv8//GTExv8.EUR.Brain_Hippocampus/ENSG00000086504.15.wgt.RDat	ENSG00000086504.15	16	370526	370527	0.3036	rs681971	-5.99	rs3859153	0.102	-4.68	-2.21	373	27	enet	0.095	7.6e-05	2.28933	0.0221
Brain_Hippocampus	/media/kame/Data/_workings/resource/GTEv8//GTExv8.EUR.Brain_Hippocampus/ENSG00000103202.12.wgt.RDat	ENSG00000103202.12	16	396724	396725	0.2032	rs681971	-5.99	rs5841	0.103	-5.17	0.644	380	14	enet	0.14	1e-06	0.27385	0.784
Brain_Hippocampus	/media/kame/Data/_workings/resource/GTEv8//GTExv8.EUR.Brain_Hippocampus/ENSG00000242612.6.wgt.RDat	ENSG00000242612.6	16	401825	401826	0.5199	rs681971	-5.99	rs3743890	0.284	6.66	0.473	383	19	enet	0.27	4.8e-12	0.23492	0.814
Brain_Hippocampus	/media/kame/Data/_workings/resource/GTEv8//GTExv8.EUR.Brain_Hippocampus/ENSG00000007541.16.wgt.RDat	ENSG00000007541.16	16	566994	566995	0.2842	rs12446849	-6.25	rs4984892	0.0397	-4.74	3.26	466	11	enet	0.074	0.00043	-2.49412	0.0126
Brain_Hippocampus	/media/kame/Data/_workings/resource/GTEv8//GTExv8.EUR.Brain_Hippocampus/ENSG00000127578.6.wgt.RDat	ENSG00000127578.6	16	630931	630932	0.6858	rs12446849	-6.25	rs2269556	0.487	8.62	-0.175	456	9	enet	0.48	7.1e-23	-0.16812	0.866
Brain_Hippocampus	/media/kame/Data/_workings/resource/GTEv8//GTExv8.EUR.Brain_Hippocampus/ENSG00000161996.18.wgt.RDat	ENSG00000161996.18	16	649324	649325	0.1608	rs12446849	-6.25	rs11640115	0.0467	4.13	-1.35	449	8	enet	0.037	0.011	-0.42325	0.672
Brain_Hippocampus	/media/kame/Data/_workings/resource/GTEv8//GTExv8.EUR.Brain_Hippocampus/ENSG00000103245.13.wgt.RDat	ENSG00000103245.13	16	741328	741329	0.1425	rs12446849	-6.25	rs7205337	0.124	4.57	0.624	460	9	enet	0.055	0.0023	0.33585	0.737
Brain_Hippocampus	/media/kame/Data/_workings/resource/GTEv8//GTExv8.EUR.Brain_Hippocampus/ENSG00000275438.1.wgt.RDat	ENSG00000275438.1	16	849064	849065	0.236	rs12446849	-6.25	rs6600235	0.129	5.03	-2.14	433	11	enet	0.068	0.00076	-1.81469	0.0696
Brain_Hippocampus	/media/kame/Data/_workings/resource/GTEv8//GTExv8.EUR.Brain_Hippocampus/ENSG00000103227.18.wgt.RDat	ENSG00000103227.18	16	970998	970999	0.1917	rs12446849	-6.25	rs6600238	0.199	5.91	-0.03	436	9	enet	0.16	3.6e-07	-0.16522	0.869
Brain_Hippocampus	/media/kame/Data/_workings/resource/GTEv8//GTExv8.EUR.Brain_Hippocampus/ENSG00000197253.13.wgt.RDat	ENSG00000197253.13	16	1230183	1230184	0.2376	rs12446849	-6.25	rs9927989	0.214	5.88	-0.187	443	12	enet	0.18	3.4e-08	-0.5747	0.565
Brain_Hippocampus	/media/kame/Data/_workings/resource/GTEv8//GTExv8.EUR.Brain_Hippocampus/ENSG00000007516.13.wgt.RDat	ENSG00000007516.13	16	1333600	1333601	0.4387	rs12446849	-6.25	rs4984814	0.284	6.62	-0.347	452	52	enet	0.28	1.8e-12	-0.18642	0.852
Brain_Hippocampus	/media/kame/Data/_workings/resource/GTEv8//GTExv8.EUR.Brain_Hippocampus/ENSG00000279930.1.wgt.RDat	ENSG00000279930.1	16	1437153	1437154	0.6335	rs12448994	-6.2	rs4984834	0.257	6.58	-0.418	482	28	enet	0.25	3.4e-11	-0.34946	0.727
Brain_Hippocampus	/media/kame/Data/_workings/resource/GTEv8//GTExv8.EUR.Brain_Hippocampus/ENSG00000197599.12.wgt.RDat	ENSG00000197599.12	16	1444555	1444556	0.3522	rs12443534	-5.79	rs7498616	0.212	6.37	-0.576	471	10	enet	0.18	5.4e-08	-0.40713	0.684
Brain_Hippocampus	/media/kame/Data/_workings/resource/GTEv8//GTExv8.EUR.Brain_Hippocampus/ENSG00000103249.17.wgt.RDat	ENSG00000103249.17	16	1475579	1475580	0.2892	rs12443534	-5.79	rs4786419	0.087	4.74	0.369	479	6	enet	0.081	0.00024	0.55227	0.581
Brain_Hippocampus	/media/kame/Data/_workings/resource/GTEv8//GTExv8.EUR.Brain_Hippocampus/ENSG00000095906.16.wgt.RDat	ENSG00000095906.16	16	1782900	1782901	0.1599	rs7187438	5.37	rs344359	0.0572	-4.26	0.279	474	28	enet	0.042	0.0067	0.19023	0.849
Brain_Hippocampus	/media/kame/Data/_workings/resource/GTEv8//GTExv8.EUR.Brain_Hippocampus/ENSG00000063854.12.wgt.RDat	ENSG00000063854.12	16	1826939	1826940	0.3696	rs7187438	5.37	rs10500323	0.125	5.03	0.888	467	16	enet	0.13	4.4e-06	1.0088	0.313
Brain_Hippocampus	/media/kame/Data/_workings/resource/GTEv8//GTExv8.EUR.Brain_Hippocampus/ENSG00000180185.11.wgt.RDat	ENSG00000180185.11	16	1827194	1827195	0.5314	rs7187438	5.37	rs1535343	0.427	8.23	1.21	467	31	enet	0.41	4e-19	1.21222	0.225
Brain_Hippocampus	/media/kame/Data/_workings/resource/GTEv8//GTExv8.EUR.Brain_Hippocampus/ENSG00000162039.14.wgt.RDat	ENSG00000162039.14	16	1872177	1872178	0.2202	rs7187438	5.37	rs2429186	0.0589	4.39	0.114	450	33	enet	0.082	0.00023	0.56282	0.574
Brain_Hippocampus	/media/kame/Data/_workings/resource/GTEv8//GTExv8.EUR.Brain_Hippocampus/ENSG00000259933.6.wgt.RDat	ENSG00000259933.6	16	2091597	2091598	0.2478	rs7187438	5.37	rs34123233	0.0814	4.7	1.8	371	13	enet	0.13	4.3e-06	1.02008	0.308
Brain_Hippocampus	/media/kame/Data/_workings/resource/GTEv8//GTExv8.EUR.Brain_Hippocampus/ENSG00000167965.17.wgt.RDat	ENSG00000167965.17	16	2204247	2204248	0.3855	rs7187438	5.37	rs26828	0.124	-5.24	-1.25	353	13	enet	0.11	2.2e-05	1.22416	0.221
Brain_Hippocampus	/media/kame/Data/_workings/resource/GTEv8//GTExv8.EUR.Brain_Hippocampus/ENSG00000261613.2.wgt.RDat	ENSG00000261613.2	16	2555997	2555998	0.7828	rs7187438	5.37	rs4786303	0.316	6.98	1.45	290	39	enet	0.38	2.4e-17	1.16139	0.245
Brain_Hippocampus	/media/kame/Data/_workings/resource/GTEv8//GTExv8.EUR.Brain_Hippocampus/ENSG00000260176.1.wgt.RDat	ENSG00000260176.1	16	2645213	2645214	0.5132	rs3094481	5.08	rs11642783	0.252	-6.43	1.22	309	25	enet	0.28	1.5e-12	-1.23492	0.217
Brain_Hippocampus	/media/kame/Data/_workings/resource/GTEv8//GTExv8.EUR.Brain_Hippocampus/ENSG00000260565.6.wgt.RDat	ENSG00000260565.6	16	2673443	2673444	0.5308	rs3094481	5.08	rs4786303	0.366	-7.67	1.45	306	5	enet	0.34	1.8e-15	-1.228	0.219
Brain_Hippocampus	/media/kame/Data/_workings/resource/GTEv8//GTExv8.EUR.Brain_Hippocampus/ENSG00000276791.1.wgt.RDat	ENSG00000276791.1	16	2777318	2777319	0.7325	rs3094481	5.08	rs9925824	0.503	-8.73	-0.552	305	11	enet	0.46	5.9e-22	0.03002	0.976
Brain_Hippocampus	/media/kame/Data/_workings/resource/GTEv8//GTExv8.EUR.Brain_Hippocampus/ENSG00000263280.1.wgt.RDat	ENSG00000263280.1	16	2867617	2867618	0.5343	rs3094481	5.08	rs17660212	0.324	7.36	0.436	322	33	enet	0.27	4.7e-12	-0.87029	0.384
Brain_Hippocampus	/media/kame/Data/_workings/resource/GTEv8//GTExv8.EUR.Brain_Hippocampus/ENSG00000059122.16.wgt.RDat	ENSG00000059122.16	16	2911936	2911937	0.8241	rs3094481	5.08	rs9928222	0.601	9.51	0.393	339	35	enet	0.6	1.9e-31	-0.24004	0.81
Brain_Hippocampus	/media/kame/Data/_workings/resource/GTEv8//GTExv8.EUR.Brain_Hippocampus/ENSG00000272079.2.wgt.RDat	ENSG00000272079.2	16	3006119	3006120	0.4907	rs3094481	5.08	rs2526269	0.426	-8.03	1.22	355	31	enet	0.39	4.6e-18	-1.05953	0.289
Brain_Hippocampus	/media/kame/Data/_workings/resource/GTEv8//GTExv8.EUR.Brain_Hippocampus/ENSG00000213937.3.wgt.RDat	ENSG00000213937.3	16	3012455	3012456	0.3198	rs3094481	5.08	rs2526269	0.203	-5.73	1.22	356	43	enet	0.22	1.3e-09	-0.9177	0.359
Brain_Hippocampus	/media/kame/Data/_workings/resource/GTEv8//GTExv8.EUR.Brain_Hippocampus/ENSG00000263072.6.wgt.RDat	ENSG00000263072.6	16	3134881	3134882	0.4108	rs3094481	5.08	rs11649450	0.281	6.97	-0.892	388	26	enet	0.25	2.9e-11	-0.19688	0.844
Brain_Hippocampus	/media/kame/Data/_workings/resource/GTEv8//GTExv8.EUR.Brain_Hippocampus/ENSG00000281005.1.wgt.RDat	ENSG00000281005.1	16	3263742	3263743	0.4281	rs4149795	4.27	rs224243	0.0587	-4.71	-1.84	393	34	enet	0.14	1.1e-06	0.16877	0.866
Brain_Hippocampus	/media/kame/Data/_workings/resource/GTEv8//GTExv8.EUR.Brain_Hippocampus/ENSG00000103351.12.wgt.RDat	ENSG00000103351.12	16	3500923	3500924	0.615	rs1124285	-4.04	rs12933120	0.478	8.5	-0.0253	363	48	enet	0.45	2.6e-21	0.35539	0.722
Brain_Hippocampus	/media/kame/Data/_workings/resource/GTEv8//GTExv8.EUR.Brain_Hippocampus/ENSG00000167984.17.wgt.RDat	ENSG00000167984.17	16	3577399	3577400	0.5807	rs1124285	-4.04	rs12933120	0.285	-6.9	-0.0253	358	15	enet	0.36	2.7e-16	-1.65845	0.0972
Brain_Hippocampus	/media/kame/Data/_workings/resource/GTEv8//GTExv8.EUR.Brain_Hippocampus/ENSG00000126602.10.wgt.RDat	ENSG00000126602.10	16	3717596	3717597	0.3968	rs1124285	-4.04	rs2072379	0.184	-5.37	-0.382	393	23	enet	0.15	7.9e-07	0.19245	0.847
Brain_Hippocampus	/media/kame/Data/_workings/resource/GTEv8//GTExv8.EUR.Brain_Hippocampus/ENSG00000262246.5.wgt.RDat	ENSG00000262246.5	16	4425704	4425705	0.3525	rs444985	-4.5	rs11076830	0.151	-5.36	0.396	433	13	enet	0.14	1.7e-06	-1.13021	0.258
Brain_Hippocampus	/media/kame/Data/_workings/resource/GTEv8//GTExv8.EUR.Brain_Hippocampus/ENSG00000153406.13.wgt.RDat	ENSG00000153406.13	16	4495762	4495763	0.4176	rs444985	-4.5	rs8129	0.238	6.3	-0.381	422	19	enet	0.24	1.1e-10	-0.55542	0.579
Brain_Hippocampus	/media/kame/Data/_workings/resource/GTEv8//GTExv8.EUR.Brain_Hippocampus/ENSG00000102858.12.wgt.RDat	ENSG00000102858.12	16	4616492	4616493	0.5798	rs444985	-4.5	rs1045520	0.452	-8.43	-0.0787	416	21	enet	0.45	2.8e-21	-0.19796	0.843
Brain_Hippocampus	/media/kame/Data/_workings/resource/GTEv8//GTExv8.EUR.Brain_Hippocampus/ENSG00000103199.13.wgt.RDat	ENSG00000103199.13	16	4767623	4767624	0.3166	rs444985	-4.5	rs12599765	0.147	5.28	1.48	384	6	enet	0.12	1e-05	0.54942	0.583
Brain_Hippocampus	/media/kame/Data/_workings/resource/GTEv8//GTExv8.EUR.Brain_Hippocampus/ENSG00000140623.13.wgt.RDat	ENSG00000140623.13	16	4788395	4788396	0.6653	rs3743840	-4.46	rs8118	0.387	-7.95	-2.1	385	64	enet	0.34	3.6e-15	1.79755	0.0722
Brain_Hippocampus	/media/kame/Data/_workings/resource/GTEv8//GTExv8.EUR.Brain_Hippocampus/ENSG00000267795.5.wgt.RDat	ENSG00000267795.5	16	4788521	4788522	0.2496	rs3743840	-4.46	rs3813749	0.138	5.51	1.48	385	9	enet	0.12	8.2e-06	-0.12621	0.9
Brain_Hippocampus	/media/kame/Data/_workings/resource/GTEv8//GTExv8.EUR.Brain_Hippocampus/ENSG00000267077.1.wgt.RDat	ENSG00000267077.1	16	4796531	4796532	0.5677	rs3743840	-4.46	rs12932724	0.134	6.21	4.25	384	68	enet	0.26	1.4e-11	3.04603	0.00232
Brain_Hippocampus	/media/kame/Data/_workings/resource/GTEv8//GTExv8.EUR.Brain_Hippocampus/ENSG00000267072.2.wgt.RDat	ENSG00000267072.2	16	5033728	5033729	0.2575	rs3743840	-4.46	rs9924614	0.0119	-4.38	-0.272	437	5	enet	0.019	0.052	0.14376	0.886
Brain_Hippocampus	/media/kame/Data/_workings/resource/GTEv8//GTExv8.EUR.Brain_Hippocampus/ENSG00000261617.1.wgt.RDat	ENSG00000261617.1	16	9355587	9355588	0.4183	rs7190785	5.47	rs4781064	0.075	4.67	2.15	559	21	enet	0.16	1.8e-07	-0.06254	0.95
Brain_Hippocampus	/media/kame/Data/_workings/resource/GTEv8//GTExv8.EUR.Brain_Hippocampus/ENSG00000261810.1.wgt.RDat	ENSG00000261810.1	16	10033683	10033684	0.2727	rs9931155	6.17	rs837694	0.127	-4.89	0.142	648	13	enet	0.074	0.00046	-0.41743	0.676
Brain_Hippocampus	/media/kame/Data/_workings/resource/GTEv8//GTExv8.EUR.Brain_Hippocampus/ENSG00000183454.16.wgt.RDat	ENSG00000183454.16	16	10182753	10182754	0.3304	rs9931155	6.17	rs17569226	0.0325	-4.14	0.963	633	10	enet	0.095	7.5e-05	-0.2648	0.791
Brain_Hippocampus	/media/kame/Data/_workings/resource/GTEv8//GTExv8.EUR.Brain_Hippocampus/ENSG00000263033.2.wgt.RDat	ENSG00000263033.2	16	11196176	11196177	0.369	rs2541481	-4.35	rs1640897	0.176	5.19	-0.00424	518	20	enet	0.11	2.3e-05	-0.27813	0.781
Brain_Hippocampus	/media/kame/Data/_workings/resource/GTEv8//GTExv8.EUR.Brain_Hippocampus/ENSG00000175643.8.wgt.RDat	ENSG00000175643.8	16	11249648	11249649	0.565	rs3784924	4.15	rs12448960	0.372	-7.84	-1.41	512	31	enet	0.41	6.3e-19	1.28447	0.199
Brain_Hippocampus	/media/kame/Data/_workings/resource/GTEv8//GTExv8.EUR.Brain_Hippocampus/ENSG00000261560.1.wgt.RDat	ENSG00000261560.1	16	11882568	11882569	0.3266	rs1960156	9.05	rs33619	0.0739	-5.09	-1.46	464	25	enet	0.17	1e-07	1.08223	0.279
Brain_Hippocampus	/media/kame/Data/_workings/resource/GTEv8//GTExv8.EUR.Brain_Hippocampus/ENSG00000234719.8.wgt.RDat	ENSG00000234719.8	16	11976642	11976643	0.8579	rs1960156	9.05	rs2869492	0.642	9.84	1.88	452	34	enet	0.6	3.5e-31	1.6448	0.1
Brain_Hippocampus	/media/kame/Data/_workings/resource/GTEv8//GTExv8.EUR.Brain_Hippocampus/ENSG00000103381.11.wgt.RDat	ENSG00000103381.11	16	12804016	12804017	0.2741	rs2856621	-11.33	rs4781369	0.0297	3.09	3.41	680	49	enet	-0.0034	0.48	2.34295	0.0191
Brain_Hippocampus	/media/kame/Data/_workings/resource/GTEv8//GTExv8.EUR.Brain_Hippocampus/ENSG00000254852.8.wgt.RDat	ENSG00000254852.8	16	14748065	14748066	0.1351	rs8051081	3.43	rs2280018	0.00235	-3.28	-1.42	146	14	enet	0.0012	0.28	1.63905	0.101
Brain_Hippocampus	/media/kame/Data/_workings/resource/GTEv8//GTExv8.EUR.Brain_Hippocampus/ENSG00000183426.16.wgt.RDat	ENSG00000183426.16	16	14937413	14937414	0.6715	rs2966129	-2.86	rs3198697	0.286	-6.64	-0.455	103	27	enet	0.41	6.4e-19	-1.46527	0.143
Brain_Hippocampus	/media/kame/Data/_workings/resource/GTEv8//GTExv8.EUR.Brain_Hippocampus/ENSG00000179889.18.wgt.RDat	ENSG00000179889.18	16	14974590	14974591	0.1317	rs2966129	-2.86	rs4500751	0.0433	4.33	-0.431	107	9	enet	0.054	0.0024	-0.3723	0.71
Brain_Hippocampus	/media/kame/Data/_workings/resource/GTEv8//GTExv8.EUR.Brain_Hippocampus/ENSG00000085721.12.wgt.RDat	ENSG00000085721.12	16	15094316	15094317	0.1709	rs4781673	3.42	rs2966129	0.0481	4.15	-2.86	101	10	enet	0.074	0.00044	-1.36479	0.172
Brain_Hippocampus	/media/kame/Data/_workings/resource/GTEv8//GTExv8.EUR.Brain_Hippocampus/ENSG00000260735.1.wgt.RDat	ENSG00000260735.1	16	15094410	15094411	0.1844	rs4781673	3.42	rs12934778	0.089	4.74	-2.12	101	16	enet	0.13	2.3e-06	-2.05433	0.0399
Brain_Hippocampus	/media/kame/Data/_workings/resource/GTEv8//GTExv8.EUR.Brain_Hippocampus/ENSG00000188599.17.wgt.RDat	ENSG00000188599.17	16	15123497	15123498	0.2949	rs4781673	3.42	rs12934778	0.176	5.53	-2.12	100	16	enet	0.18	4.1e-08	-1.56641	0.117
Brain_Hippocampus	/media/kame/Data/_workings/resource/GTEv8//GTExv8.EUR.Brain_Hippocampus/ENSG00000183793.13.wgt.RDat	ENSG00000183793.13	16	15381046	15381047	0.7382	rs4781673	3.42	rs3198697	0.385	7.63	-0.455	235	31	enet	0.47	3.1e-22	1.73289	0.0831
Brain_Hippocampus	/media/kame/Data/_workings/resource/GTEv8//GTExv8.EUR.Brain_Hippocampus/ENSG00000072864.14.wgt.RDat	ENSG00000072864.14	16	15643266	15643267	0.4001	rs4781673	3.42	rs16967494	0.404	-7.88	-0.00578	407	8	enet	0.33	1.4e-14	0.09288	0.926
Brain_Hippocampus	/media/kame/Data/_workings/resource/GTEv8//GTExv8.EUR.Brain_Hippocampus/ENSG00000263335.1.wgt.RDat	ENSG00000263335.1	16	15726673	15726674	0.7401	rs4781673	3.42	rs16967494	0.598	9.47	-0.00578	452	26	enet	0.56	1.5e-28	0.11152	0.911
Brain_Hippocampus	/media/kame/Data/_workings/resource/GTEv8//GTExv8.EUR.Brain_Hippocampus/ENSG00000103540.16.wgt.RDat	ENSG00000103540.16	16	19523810	19523811	0.1755	rs226865	-5.85	rs7198723	0.0179	-4.21	0.847	448	27	enet	0.11	3e-05	-2.37672	0.0175
Brain_Hippocampus	/media/kame/Data/_workings/resource/GTEv8//GTExv8.EUR.Brain_Hippocampus/ENSG00000103544.14.wgt.RDat	ENSG00000103544.14	16	19555239	19555240	0.3558	rs226865	-5.85	rs17676607	0.133	-5.27	0.725	453	30	enet	0.15	8.9e-07	-0.33797	0.735
Brain_Hippocampus	/media/kame/Data/_workings/resource/GTEv8//GTExv8.EUR.Brain_Hippocampus/ENSG00000103550.13.wgt.RDat	ENSG00000103550.13	16	19717693	19717694	0.7657	rs226865	-5.85	rs720176	0.505	8.71	-0.382	443	30	enet	0.47	3.1e-22	-0.45318	0.65
Brain_Hippocampus	/media/kame/Data/_workings/resource/GTEv8//GTExv8.EUR.Brain_Hippocampus/ENSG00000261195.1.wgt.RDat	ENSG00000261195.1	16	19766098	19766099	0.3986	rs226865	-5.85	rs4782279	0.224	-6.2	-0.542	447	28	enet	0.21	2.8e-09	-0.06257	0.95
Brain_Hippocampus	/media/kame/Data/_workings/resource/GTEv8//GTExv8.EUR.Brain_Hippocampus/ENSG00000183549.10.wgt.RDat	ENSG00000183549.10	16	20409533	20409534	0.2963	rs11074446	-3.65	rs1394678	0.0204	-3.94	0.612	396	36	enet	0.031	0.017	-0.52495	0.6
Brain_Hippocampus	/media/kame/Data/_workings/resource/GTEv8//GTExv8.EUR.Brain_Hippocampus/ENSG00000166743.9.wgt.RDat	ENSG00000166743.9	16	20698889	20698890	0.1495	rs858186	4.2	rs7498905	0.0795	4.66	-1.13	393	30	enet	0.092	9.8e-05	0.00542	0.996
Brain_Hippocampus	/media/kame/Data/_workings/resource/GTEv8//GTExv8.EUR.Brain_Hippocampus/ENSG00000196678.13.wgt.RDat	ENSG00000196678.13	16	20896380	20896381	0.1365	rs858186	4.2	rs16970821	0.0107	3.39	1.11	339	21	enet	0.064	0.001	1.99368	0.0462
Brain_Hippocampus	/media/kame/Data/_workings/resource/GTEv8//GTExv8.EUR.Brain_Hippocampus/ENSG00000260306.1.wgt.RDat	ENSG00000260306.1	16	21795758	21795759	0.2103	rs2113143	4.97	rs4783412	0.0122	-4.37	-0.0679	135	18	enet	0.11	3.1e-05	-1.75306	0.0796
Brain_Hippocampus	/media/kame/Data/_workings/resource/GTEv8//GTExv8.EUR.Brain_Hippocampus/ENSG00000248124.7.wgt.RDat	ENSG00000248124.7	16	21820409	21820410	0.1757	rs2113143	4.97	rs4577074	0.133	-4.61	0.453	140	22	enet	0.13	4.4e-06	-1.48131	0.139
Brain_Hippocampus	/media/kame/Data/_workings/resource/GTEv8//GTExv8.EUR.Brain_Hippocampus/ENSG00000183921.7.wgt.RDat	ENSG00000183921.7	16	22165582	22165583	0.1301	rs2113143	4.97	rs9937453	0.00228	-3.54	-1.13	132	12	enet	0.0092	0.12	0.43574	0.663
Brain_Hippocampus	/media/kame/Data/_workings/resource/GTEv8//GTExv8.EUR.Brain_Hippocampus/ENSG00000237296.9.wgt.RDat	ENSG00000237296.9	16	22437715	22437716	0.1294	rs2113143	4.97	rs2926362	0.017	-4.07	-0.313	255	7	enet	-0.0059	0.72	-0.92088	0.357
Brain_Hippocampus	/media/kame/Data/_workings/resource/GTEv8//GTExv8.EUR.Brain_Hippocampus/ENSG00000103356.15.wgt.RDat	ENSG00000103356.15	16	23557360	23557361	0.287	rs11074583	-7.46	rs1468138	0.211	-5.79	0.626	432	24	enet	0.17	7.5e-08	-0.59707	0.55
Brain_Hippocampus	/media/kame/Data/_workings/resource/GTEv8//GTExv8.EUR.Brain_Hippocampus/ENSG00000166851.14.wgt.RDat	ENSG00000166851.14	16	23678821	23678822	0.1248	rs11074583	-7.46	rs499812	0.0079	-3.97	0.426	439	41	enet	0.0041	0.21	0.93626	0.349
Brain_Hippocampus	/media/kame/Data/_workings/resource/GTEv8//GTExv8.EUR.Brain_Hippocampus/ENSG00000155666.11.wgt.RDat	ENSG00000155666.11	16	27203494	27203495	0.3092	rs233467	5.34	rs9923178	0.122	4.91	-0.73	518	6	enet	0.12	8.7e-06	-0.84984	0.395
Brain_Hippocampus	/media/kame/Data/_workings/resource/GTEv8//GTExv8.EUR.Brain_Hippocampus/ENSG00000103522.15.wgt.RDat	ENSG00000103522.15	16	27402161	27402162	0.2659	rs233467	5.34	rs718965	0.143	-5.19	4.74	508	36	enet	0.072	0.00053	-3.83282	0.000127
Brain_Hippocampus	/media/kame/Data/_workings/resource/GTEv8//GTExv8.EUR.Brain_Hippocampus/ENSG00000259954.1.wgt.RDat	ENSG00000259954.1	16	27453392	27453393	0.4199	rs233467	5.34	rs12922976	0.431	-8.14	3.14	519	32	enet	0.4	3.1e-18	-3.56783	0.00036
Brain_Hippocampus	/media/kame/Data/_workings/resource/GTEv8//GTExv8.EUR.Brain_Hippocampus/ENSG00000233232.6.wgt.RDat	ENSG00000233232.6	16	28471174	28471175	0.1725	rs4255791	4.47	rs4788073	0.0544	-5.17	0.0867	209	16	enet	0.12	7e-06	-1.70249	0.0887
Brain_Hippocampus	/media/kame/Data/_workings/resource/GTEv8//GTExv8.EUR.Brain_Hippocampus/ENSG00000197165.10.wgt.RDat	ENSG00000197165.10	16	28597108	28597109	0.5934	rs4255791	4.47	rs3785354	0.303	6.98	0.166	178	31	enet	0.34	4.2e-15	0.19782	0.843
Brain_Hippocampus	/media/kame/Data/_workings/resource/GTEv8//GTExv8.EUR.Brain_Hippocampus/ENSG00000196502.11.wgt.RDat	ENSG00000196502.11	16	28623624	28623625	0.2356	rs4255791	4.47	rs3785354	0.0474	-4.62	0.166	174	43	enet	0.061	0.0014	-0.90596	0.365
Brain_Hippocampus	/media/kame/Data/_workings/resource/GTEv8//GTExv8.EUR.Brain_Hippocampus/ENSG00000184110.14.wgt.RDat	ENSG00000184110.14	16	28688557	28688558	0.1165	rs4255791	4.47	rs28472312	0.0532	-4.34	0.51	193	26	enet	0.058	0.0017	0.28322	0.777
Brain_Hippocampus	/media/kame/Data/_workings/resource/GTEv8//GTExv8.EUR.Brain_Hippocampus/ENSG00000270424.1.wgt.RDat	ENSG00000270424.1	16	28750594	28750595	0.1019	rs4255791	4.47	rs4451951	0.026	3.98	1.23	188	26	enet	0.024	0.032	0.39147	0.695
Brain_Hippocampus	/media/kame/Data/_workings/resource/GTEv8//GTExv8.EUR.Brain_Hippocampus/ENSG00000196993.8.wgt.RDat	ENSG00000196993.8	16	28751786	28751787	0.1434	rs4255791	4.47	rs12443881	0.0113	-3.97	1.21	188	18	enet	0.021	0.044	-1.67422	0.0941
Brain_Hippocampus	/media/kame/Data/_workings/resource/GTEv8//GTExv8.EUR.Brain_Hippocampus/ENSG00000251417.2.wgt.RDat	ENSG00000251417.2	16	28802742	28802743	0.1204	rs17855750	-3.4	rs12928404	0.0822	-4.87	0.996	174	23	enet	0.068	0.00073	-0.98425	0.325
Brain_Hippocampus	/media/kame/Data/_workings/resource/GTEv8//GTExv8.EUR.Brain_Hippocampus/ENSG00000178952.10.wgt.RDat	ENSG00000178952.10	16	28846407	28846408	0.1677	rs17855750	-3.4	rs12446550	0.134	5.28	0.376	176	14	enet	0.13	4.6e-06	0.4946	0.621
Brain_Hippocampus	/media/kame/Data/_workings/resource/GTEv8//GTExv8.EUR.Brain_Hippocampus/ENSG00000260367.2.wgt.RDat	ENSG00000260367.2	16	28978823	28978824	0.1625	rs17855750	-3.4	rs4072401	0.0792	3.93	0.904	177	32	enet	0.036	0.012	0.37962	0.704
Brain_Hippocampus	/media/kame/Data/_workings/resource/GTEv8//GTExv8.EUR.Brain_Hippocampus/ENSG00000213658.11.wgt.RDat	ENSG00000213658.11	16	28984825	28984826	0.2086	rs17855750	-3.4	rs252321	0.00926	3.59	0.359	175	23	enet	0.0091	0.13	-0.1617	0.872
Brain_Hippocampus	/media/kame/Data/_workings/resource/GTEv8//GTExv8.EUR.Brain_Hippocampus/ENSG00000103472.9.wgt.RDat	ENSG00000103472.9	16	29074975	29074976	0.2131	rs8045689	3.22	rs1641908	0.145	4.99	-0.0245	145	6	enet	0.091	1e-04	-0.1108	0.912
Brain_Hippocampus	/media/kame/Data/_workings/resource/GTEv8//GTExv8.EUR.Brain_Hippocampus/ENSG00000260953.1.wgt.RDat	ENSG00000260953.1	16	29264478	29264479	0.2085	rs8045689	3.22	rs3851775	0.0534	-4.09	-1.13	154	11	enet	-0.0048	0.59	0.89041	0.373
Brain_Hippocampus	/media/kame/Data/_workings/resource/GTEv8//GTExv8.EUR.Brain_Hippocampus/ENSG00000271699.5.wgt.RDat	ENSG00000271699.5	16	29350745	29350746	0.3705	rs8045689	3.22	rs11864451	0.199	-5.6	0.13	158	23	enet	0.14	1.3e-06	-0.05993	0.952
Brain_Hippocampus	/media/kame/Data/_workings/resource/GTEv8//GTExv8.EUR.Brain_Hippocampus/ENSG00000103485.17.wgt.RDat	ENSG00000103485.17	16	29679007	29679008	0.4767	rs9929750	3.03	rs9933310	0.246	-6.32	-0.789	181	18	enet	0.19	1.6e-08	0.80477	0.421
Brain_Hippocampus	/media/kame/Data/_workings/resource/GTEv8//GTExv8.EUR.Brain_Hippocampus/ENSG00000214725.8.wgt.RDat	ENSG00000214725.8	16	29863833	29863834	0.2033	rs9924308	-2.72	rs889695	0.139	-5.01	-1.27	158	8	enet	0.053	0.0026	1.38528	0.166
Brain_Hippocampus	/media/kame/Data/_workings/resource/GTEv8//GTExv8.EUR.Brain_Hippocampus/ENSG00000169592.14.wgt.RDat	ENSG00000169592.14	16	29995293	29995294	0.1185	rs3087438	-3.26	rs4787484	0.0198	-3.56	-1.68	201	28	enet	0.013	0.086	0.62387	0.533
Brain_Hippocampus	/media/kame/Data/_workings/resource/GTEv8//GTExv8.EUR.Brain_Hippocampus/ENSG00000149922.10.wgt.RDat	ENSG00000149922.10	16	30091886	30091887	0.1602	rs1557672	-4.12	rs8060511	0.00919	4.02	1.62	223	15	enet	0.099	5.4e-05	0.96174	0.336
Brain_Hippocampus	/media/kame/Data/_workings/resource/GTEv8//GTExv8.EUR.Brain_Hippocampus/ENSG00000090238.11.wgt.RDat	ENSG00000090238.11	16	30096243	30096244	0.1449	rs1557672	-4.12	rs8060511	0.0765	4.03	1.62	223	6	enet	0.031	0.017	1.20255	0.229
Brain_Hippocampus	/media/kame/Data/_workings/resource/GTEv8//GTExv8.EUR.Brain_Hippocampus/ENSG00000102882.11.wgt.RDat	ENSG00000102882.11	16	30123505	30123506	0.3005	rs1557672	-4.12	rs8061772	0.12	-5.79	0.98	225	13	enet	0.23	3.6e-10	-1.98157	0.0475
Brain_Hippocampus	/media/kame/Data/_workings/resource/GTEv8//GTExv8.EUR.Brain_Hippocampus/ENSG00000183604.14.wgt.RDat	ENSG00000183604.14	16	30335373	30335374	0.1696	rs11642862	-4.64	rs11865086	0.0606	-4.28	-1.57	208	7	enet	0.046	0.0047	1.40722	0.159
Brain_Hippocampus	/media/kame/Data/_workings/resource/GTEv8//GTExv8.EUR.Brain_Hippocampus/ENSG00000180096.11.wgt.RDat	ENSG00000180096.11	16	30395990	30395991	0.2496	rs11642862	-4.64	rs4465620	0.0559	-4.34	0.458	201	20	enet	0.084	0.00019	-2.38108	0.0173
Brain_Hippocampus	/media/kame/Data/_workings/resource/GTEv8//GTExv8.EUR.Brain_Hippocampus/ENSG00000196118.11.wgt.RDat	ENSG00000196118.11	16	30762709	30762710	0.1481	rs11642862	-4.64	rs13338946	0.159	-5.1	-0.117	207	11	enet	0.11	3e-05	-0.04923	0.961
Brain_Hippocampus	/media/kame/Data/_workings/resource/GTEv8//GTExv8.EUR.Brain_Hippocampus/ENSG00000260911.2.wgt.RDat	ENSG00000260911.2	16	31043149	31043150	0.2161	rs11642862	-4.64	rs7197717	0.162	5.37	-0.0912	241	23	enet	0.15	6.4e-07	-0.15437	0.877
Brain_Hippocampus	/media/kame/Data/_workings/resource/GTEv8//GTExv8.EUR.Brain_Hippocampus/ENSG00000167395.10.wgt.RDat	ENSG00000167395.10	16	31074421	31074422	0.1303	rs11642862	-4.64	rs12924903	0.0657	4.37	0.32	242	10	enet	0.071	0.00059	0.72525	0.468
Brain_Hippocampus	/media/kame/Data/_workings/resource/GTEv8//GTExv8.EUR.Brain_Hippocampus/ENSG00000103510.19.wgt.RDat	ENSG00000103510.19	16	31115753	31115754	0.2454	rs11642862	-4.64	rs12597511	0.0688	-4.83	-0.942	243	30	enet	0.11	1.3e-05	0.23461	0.815
Brain_Hippocampus	/media/kame/Data/_workings/resource/GTEv8//GTExv8.EUR.Brain_Hippocampus/ENSG00000178226.10.wgt.RDat	ENSG00000178226.10	16	31150093	31150094	0.2826	rs11642862	-4.64	rs11865499	0.169	5.34	1.44	249	13	enet	0.094	7.9e-05	1.54573	0.122
Brain_Hippocampus	/media/kame/Data/_workings/resource/GTEv8//GTExv8.EUR.Brain_Hippocampus/ENSG00000155393.12.wgt.RDat	ENSG00000155393.12	16	50065940	50065941	0.4668	rs7192812	-7.82	rs2287197	0.379	-7.61	-0.038	374	22	enet	0.38	1.7e-17	-0.12954	0.897
Brain_Hippocampus	/media/kame/Data/_workings/resource/GTEv8//GTExv8.EUR.Brain_Hippocampus/ENSG00000103479.15.wgt.RDat	ENSG00000103479.15	16	53433976	53433977	0.4834	rs8050560	6.9	rs9931702	0.341	-7.43	-0.0525	384	15	enet	0.26	1.6e-11	0.18135	0.856
Brain_Hippocampus	/media/kame/Data/_workings/resource/GTEv8//GTExv8.EUR.Brain_Hippocampus/ENSG00000279344.1.wgt.RDat	ENSG00000279344.1	16	53481549	53481550	0.2712	rs17218700	4.53	rs1074182	0.227	6.16	-0.0556	389	27	enet	0.17	9.3e-08	-0.18878	0.85
Brain_Hippocampus	/media/kame/Data/_workings/resource/GTEv8//GTExv8.EUR.Brain_Hippocampus/ENSG00000279722.1.wgt.RDat	ENSG00000279722.1	16	53489942	53489943	0.2858	rs17218700	4.56	rs8045574	0.224	6.12	0.0669	387	8	enet	0.19	1.7e-08	-0.23406	0.815
Brain_Hippocampus	/media/kame/Data/_workings/resource/GTEv8//GTExv8.EUR.Brain_Hippocampus/ENSG00000198848.12.wgt.RDat	ENSG00000198848.12	16	55833336	55833337	0.402	rs11866301	-5.78	rs28631692	0.0898	4.61	-0.0125	512	50	enet	0.11	2.9e-05	-0.91325	0.361
Brain_Hippocampus	/media/kame/Data/_workings/resource/GTEv8//GTExv8.EUR.Brain_Hippocampus/ENSG00000159461.14.wgt.RDat	ENSG00000159461.14	16	56425537	56425538	0.2776	rs11866301	-5.78	rs4924	0.155	-4.96	-0.295	449	17	enet	0.16	2.3e-07	0.36423	0.716
Brain_Hippocampus	/media/kame/Data/_workings/resource/GTEv8//GTExv8.EUR.Brain_Hippocampus/ENSG00000274031.1.wgt.RDat	ENSG00000274031.1	16	56466150	56466151	0.6447	rs9927884	-5.27	rs7188330	0.332	7.41	0.0412	458	16	enet	0.32	3.2e-14	0.1064	0.915
Brain_Hippocampus	/media/kame/Data/_workings/resource/GTEv8//GTExv8.EUR.Brain_Hippocampus/ENSG00000125124.11.wgt.RDat	ENSG00000125124.11	16	56520282	56520283	0.3598	rs9927884	-5.27	rs4784669	0.00706	-3.78	1.33	480	28	enet	0.088	0.00013	-3.15978	0.00158
Brain_Hippocampus	/media/kame/Data/_workings/resource/GTEv8//GTExv8.EUR.Brain_Hippocampus/ENSG00000070915.9.wgt.RDat	ENSG00000070915.9	16	56865206	56865207	0.2558	rs9927884	-5.27	rs8058512	0.00631	-3.84	-0.847	516	28	enet	0.011	0.11	-0.40769	0.684
Brain_Hippocampus	/media/kame/Data/_workings/resource/GTEv8//GTExv8.EUR.Brain_Hippocampus/ENSG00000102978.12.wgt.RDat	ENSG00000102978.12	16	57462386	57462387	0.3328	rs1108645	4.47	rs17546208	0.0142	3.73	0.772	576	31	enet	0.043	0.0061	0.81202	0.417
Brain_Hippocampus	/media/kame/Data/_workings/resource/GTEv8//GTExv8.EUR.Brain_Hippocampus/ENSG00000135736.5.wgt.RDat	ENSG00000135736.5	16	57536598	57536599	0.2468	rs1108645	4.47	rs736570	-0.00104	-3.48	-0.529	550	59	enet	-0.0067	0.92	2.97935	0.00289
Brain_Hippocampus	/media/kame/Data/_workings/resource/GTEv8//GTExv8.EUR.Brain_Hippocampus/ENSG00000159618.15.wgt.RDat	ENSG00000159618.15	16	57542420	57542421	0.2958	rs1108645	4.47	rs8057310	0.0163	3.82	0.0195	545	22	enet	0.012	0.092	0.11256	0.91
Brain_Hippocampus	/media/kame/Data/_workings/resource/GTEv8//GTExv8.EUR.Brain_Hippocampus/ENSG00000246898.1.wgt.RDat	ENSG00000246898.1	16	66408523	66408524	0.6958	rs152168	6.51	rs2289149	0.496	-8.68	-0.138	498	47	enet	0.48	7.5e-23	-0.11552	0.908
Brain_Hippocampus	/media/kame/Data/_workings/resource/GTEv8//GTExv8.EUR.Brain_Hippocampus/ENSG00000159761.14.wgt.RDat	ENSG00000159761.14	16	67666815	67666816	0.1655	rs12923138	4.65	rs16957265	0.00618	3.05	-1.14	217	32	enet	0.0077	0.14	-1.87993	0.0601
Brain_Hippocampus	/media/kame/Data/_workings/resource/GTEv8//GTExv8.EUR.Brain_Hippocampus/ENSG00000141098.12.wgt.RDat	ENSG00000141098.12	16	67719420	67719421	0.0968	rs7200919	3.37	rs9924509	0.047	-3.96	1.84	212	8	enet	0.035	0.012	-1.08424	0.278
Brain_Hippocampus	/media/kame/Data/_workings/resource/GTEv8//GTExv8.EUR.Brain_Hippocampus/ENSG00000072736.18.wgt.RDat	ENSG00000072736.18	16	68084750	68084751	0.2127	rs9788810	-4.17	rs3743733	0.0359	-4.15	1.12	260	35	enet	0.012	0.093	-1.20469	0.228
Brain_Hippocampus	/media/kame/Data/_workings/resource/GTEv8//GTExv8.EUR.Brain_Hippocampus/ENSG00000132600.16.wgt.RDat	ENSG00000132600.16	16	68310973	68310974	0.2578	rs9788810	-4.17	rs1124585	0.12	-4.77	2.04	304	27	enet	0.077	0.00035	-0.44841	0.654
Brain_Hippocampus	/media/kame/Data/_workings/resource/GTEv8//GTExv8.EUR.Brain_Hippocampus/ENSG00000260084.1.wgt.RDat	ENSG00000260084.1	16	68589511	68589512	0.1208	rs8061932	-4.69	rs698728	0.042	3.83	-0.165	310	14	enet	0.068	0.00077	-0.41288	0.68
Brain_Hippocampus	/media/kame/Data/_workings/resource/GTEv8//GTExv8.EUR.Brain_Hippocampus/ENSG00000039068.18.wgt.RDat	ENSG00000039068.18	16	68737224	68737225	0.1476	rs8061932	-4.69	rs9937560	0.165	5.51	2.98	317	11	enet	0.13	3.8e-06	1.73803	0.0822
Brain_Hippocampus	/media/kame/Data/_workings/resource/GTEv8//GTExv8.EUR.Brain_Hippocampus/ENSG00000141076.17.wgt.RDat	ENSG00000141076.17	16	69131290	69131291	0.5264	rs8061932	-4.69	rs17624199	0.233	-6.85	1.29	323	30	enet	0.28	2.7e-12	-0.70091	0.483
Brain_Hippocampus	/media/kame/Data/_workings/resource/GTEv8//GTExv8.EUR.Brain_Hippocampus/ENSG00000132612.15.wgt.RDat	ENSG00000132612.15	16	69311355	69311356	0.2471	rs8061932	-4.69	rs35076456	0.0806	4.41	-0.507	305	42	enet	0.053	0.0027	-0.62202	0.534
Brain_Hippocampus	/media/kame/Data/_workings/resource/GTEv8//GTExv8.EUR.Brain_Hippocampus/ENSG00000132603.13.wgt.RDat	ENSG00000132603.13	16	69339583	69339584	0.1896	rs8047014	4.38	rs1127231	-0.000271	-3.47	0.164	299	3	enet	0.019	0.049	0.05252	0.958
Brain_Hippocampus	/media/kame/Data/_workings/resource/GTEv8//GTExv8.EUR.Brain_Hippocampus/ENSG00000198373.12.wgt.RDat	ENSG00000198373.12	16	69762305	69762306	0.1425	rs12921716	-3.72	rs1566452	0.0279	-3.42	-1.27	252	14	enet	0.0052	0.18	0.73099	0.465
Brain_Hippocampus	/media/kame/Data/_workings/resource/GTEv8//GTExv8.EUR.Brain_Hippocampus/ENSG00000157322.17.wgt.RDat	ENSG00000157322.17	16	69950704	69950705	0.5867	rs12921716	-3.72	rs1808417	0.482	-8.53	0.777	208	10	enet	0.46	1.3e-21	-0.55469	0.579
Brain_Hippocampus	/media/kame/Data/_workings/resource/GTEv8//GTExv8.EUR.Brain_Hippocampus/ENSG00000226232.8.wgt.RDat	ENSG00000226232.8	16	69996187	69996188	0.7677	rs12921716	-3.72	rs929843	0.351	7.71	-1.22	196	22	enet	0.53	2.5e-26	-0.89757	0.369
Brain_Hippocampus	/media/kame/Data/_workings/resource/GTEv8//GTExv8.EUR.Brain_Hippocampus/ENSG00000255185.5.wgt.RDat	ENSG00000255185.5	16	70065944	70065945	0.3549	rs244415	-2.89	rs1808417	0.253	-6.37	0.777	187	22	enet	0.29	9.5e-13	-1.06421	0.287
Brain_Hippocampus	/media/kame/Data/_workings/resource/GTEv8//GTExv8.EUR.Brain_Hippocampus/ENSG00000261556.9.wgt.RDat	ENSG00000261556.9	16	70246609	70246610	0.5527	rs6499335	-6.31	rs4985407	0.46	8.39	-0.0237	197	37	enet	0.42	1.4e-19	-0.42246	0.673
Brain_Hippocampus	/media/kame/Data/_workings/resource/GTEv8//GTExv8.EUR.Brain_Hippocampus/ENSG00000223496.2.wgt.RDat	ENSG00000223496.2	16	70251929	70251930	0.6457	rs6499335	-6.31	rs4985407	0.641	9.83	-0.0237	198	9	enet	0.61	1.6e-32	-0.0659	0.947
Brain_Hippocampus	/media/kame/Data/_workings/resource/GTEv8//GTExv8.EUR.Brain_Hippocampus/ENSG00000090861.15.wgt.RDat	ENSG00000090861.15	16	70289542	70289543	0.1045	rs6499335	-6.31	rs4985407	0.0506	-3.78	-0.0237	200	10	enet	0.026	0.027	0.60253	0.547
Brain_Hippocampus	/media/kame/Data/_workings/resource/GTEv8//GTExv8.EUR.Brain_Hippocampus/ENSG00000103051.18.wgt.RDat	ENSG00000103051.18	16	70523564	70523565	0.2316	rs6499335	-6.31	rs8059245	0.0335	4.04	-0.0997	155	15	enet	0.034	0.013	-0.85084	0.395
Brain_Hippocampus	/media/kame/Data/_workings/resource/GTEv8//GTExv8.EUR.Brain_Hippocampus/ENSG00000167377.17.wgt.RDat	ENSG00000167377.17	16	71463094	71463095	0.2179	rs7184543	-7.03	rs16972808	0.129	4.76	-0.561	317	9	enet	0.059	0.0016	0.56789	0.57
Brain_Hippocampus	/media/kame/Data/_workings/resource/GTEv8//GTExv8.EUR.Brain_Hippocampus/ENSG00000040199.18.wgt.RDat	ENSG00000040199.18	16	71724700	71724701	0.166	rs7184543	-7.03	rs7195059	0.104	4.37	0.406	438	12	enet	0.067	0.00083	0.49526	0.62
Brain_Hippocampus	/media/kame/Data/_workings/resource/GTEv8//GTExv8.EUR.Brain_Hippocampus/ENSG00000166747.12.wgt.RDat	ENSG00000166747.12	16	71809200	71809201	0.0949	rs7184543	-7.03	rs4788821	0.0481	3.81	-2.6	429	15	enet	0.015	0.073	-3.02044	0.00252
Brain_Hippocampus	/media/kame/Data/_workings/resource/GTEv8//GTExv8.EUR.Brain_Hippocampus/ENSG00000182149.20.wgt.RDat	ENSG00000182149.20	16	71885232	71885233	0.2159	rs7184543	-7.03	rs9940234	0.124	-4.5	-0.762	400	20	enet	0.063	0.0011	-0.25476	0.799
Brain_Hippocampus	/media/kame/Data/_workings/resource/GTEv8//GTExv8.EUR.Brain_Hippocampus/ENSG00000102967.11.wgt.RDat	ENSG00000102967.11	16	72008587	72008588	0.41	rs7184543	-7.03	rs3213422	0.268	-6.65	-0.179	369	10	enet	0.26	1.4e-11	0.10277	0.918
Brain_Hippocampus	/media/kame/Data/_workings/resource/GTEv8//GTExv8.EUR.Brain_Hippocampus/ENSG00000261701.6.wgt.RDat	ENSG00000261701.6	16	72063223	72063224	0.7205	rs12925901	-6.92	rs2000999	0.483	8.63	-1.03	359	9	enet	0.45	6.2e-21	-0.84965	0.396
Brain_Hippocampus	/media/kame/Data/_workings/resource/GTEv8//GTExv8.EUR.Brain_Hippocampus/ENSG00000140830.8.wgt.RDat	ENSG00000140830.8	16	72094395	72094396	0.2928	rs12925901	-6.92	rs2000999	0.155	4.91	-1.03	349	10	enet	0.15	4.9e-07	-1.04009	0.298
Brain_Hippocampus	/media/kame/Data/_workings/resource/GTEv8//GTExv8.EUR.Brain_Hippocampus/ENSG00000260664.2.wgt.RDat	ENSG00000260664.2	16	72427457	72427458	0.1061	rs12925901	-6.92	rs11864453	-0.00675	-3.01	0.034	313	18	enet	-0.0068	0.99	-2.91542	0.00355
Brain_Hippocampus	/media/kame/Data/_workings/resource/GTEv8//GTExv8.EUR.Brain_Hippocampus/ENSG00000261227.2.wgt.RDat	ENSG00000261227.2	16	73232054	73232055	0.2703	rs12102385	10.06	rs9938355	0.0222	-3.53	-0.891	538	26	enet	0.058	0.0017	-0.37668	0.706
Brain_Hippocampus	/media/kame/Data/_workings/resource/GTEv8//GTExv8.EUR.Brain_Hippocampus/ENSG00000168411.13.wgt.RDat	ENSG00000168411.13	16	74666880	74666881	0.6061	rs12919626	4.73	rs4888254	0.326	7.06	0.282	356	23	enet	0.32	3.6e-14	0.31859	0.75
Brain_Hippocampus	/media/kame/Data/_workings/resource/GTEv8//GTExv8.EUR.Brain_Hippocampus/ENSG00000280152.1.wgt.RDat	ENSG00000280152.1	16	75249563	75249564	0.3991	rs9936747	4.41	rs8051363	0.145	-5.45	0.408	382	10	enet	0.15	4.4e-07	-0.54344	0.587
Brain_Hippocampus	/media/kame/Data/_workings/resource/GTEv8//GTExv8.EUR.Brain_Hippocampus/ENSG00000261783.1.wgt.RDat	ENSG00000261783.1	16	75381259	75381260	0.201	rs9936747	4.41	rs166013	0.0746	4.33	0.0283	351	39	enet	0.052	0.0029	0.4766	0.634
Brain_Hippocampus	/media/kame/Data/_workings/resource/GTEv8//GTExv8.EUR.Brain_Hippocampus/ENSG00000205084.10.wgt.RDat	ENSG00000205084.10	16	75556285	75556286	0.2793	rs9936747	4.41	rs2550902	0.00508	-3.35	8.97e-05	376	48	enet	-0.0053	0.65	0.18276	0.855
Brain_Hippocampus	/media/kame/Data/_workings/resource/GTEv8//GTExv8.EUR.Brain_Hippocampus/ENSG00000065457.10.wgt.RDat	ENSG00000065457.10	16	75623299	75623300	0.3205	rs1477401	-2.39	rs964632	0.164	5.53	0.126	385	20	enet	0.14	1.1e-06	0.5495	0.583
Brain_Hippocampus	/media/kame/Data/_workings/resource/GTEv8//GTExv8.EUR.Brain_Hippocampus/ENSG00000152910.18.wgt.RDat	ENSG00000152910.18	16	76277277	76277278	0.5614	rs7186960	3.25	rs6564298	0.132	5.54	0.234	453	31	enet	0.21	3.3e-09	0.87334	0.382
Brain_Hippocampus	/media/kame/Data/_workings/resource/GTEv8//GTExv8.EUR.Brain_Hippocampus/ENSG00000205078.5.wgt.RDat	ENSG00000205078.5	16	77206440	77206441	0.4657	rs7186803	12.6	rs11865641	0.43	8.06	6.5	726	8	enet	0.38	2.2e-17	6.29525	3.07e-10
Brain_Hippocampus	/media/kame/Data/_workings/resource/GTEv8//GTExv8.EUR.Brain_Hippocampus/ENSG00000140873.15.wgt.RDat	ENSG00000140873.15	16	77435113	77435114	0.7096	rs7186803	12.6	rs10514415	0.433	8.36	1.35	838	18	enet	0.41	5.8e-19	1.0506	0.293
Brain_Hippocampus	/media/kame/Data/_workings/resource/GTEv8//GTExv8.EUR.Brain_Hippocampus/ENSG00000140876.11.wgt.RDat	ENSG00000140876.11	16	77722491	77722492	0.2616	rs7186803	12.6	rs4888670	0.0796	-4.91	1.46	876	15	enet	0.12	1.2e-05	-1.40298	0.161
Brain_Hippocampus	/media/kame/Data/_workings/resource/GTEv8//GTExv8.EUR.Brain_Hippocampus/ENSG00000186153.16.wgt.RDat	ENSG00000186153.16	16	78099412	78099413	0.2736	rs7198627	5.91	rs7184271	0.0363	-4.07	-0.0245	857	30	enet	0.04	0.0083	-0.18033	0.857
Brain_Hippocampus	/media/kame/Data/_workings/resource/GTEv8//GTExv8.EUR.Brain_Hippocampus/ENSG00000276007.1.wgt.RDat	ENSG00000276007.1	16	78123242	78123243	0.3388	rs2738555	6.68	rs1073111	0.127	5.01	2.19	846	39	enet	0.1	4.5e-05	3.52498	0.000424
Brain_Hippocampus	/media/kame/Data/_workings/resource/GTEv8//GTExv8.EUR.Brain_Hippocampus/ENSG00000261390.5.wgt.RDat	ENSG00000261390.5	16	79770562	79770563	0.4059	rs9922228	4.57	rs17767281	0.261	-6.43	-0.0233	779	8	enet	0.19	1.9e-08	-0.12125	0.903
Brain_Hippocampus	/media/kame/Data/_workings/resource/GTEv8//GTExv8.EUR.Brain_Hippocampus/ENSG00000166451.13.wgt.RDat	ENSG00000166451.13	16	81006497	81006498	0.256	rs7190949	-3.58	rs9925780	0.132	5.02	0.0912	672	8	enet	0.14	1.3e-06	0.09748	0.922
Brain_Hippocampus	/media/kame/Data/_workings/resource/GTEv8//GTExv8.EUR.Brain_Hippocampus/ENSG00000260213.5.wgt.RDat	ENSG00000260213.5	16	81035758	81035759	0.3901	rs7190949	-3.58	rs2549841	0.291	-7.11	-0.148	680	22	enet	0.25	3.1e-11	0.09878	0.921
Brain_Hippocampus	/media/kame/Data/_workings/resource/GTEv8//GTExv8.EUR.Brain_Hippocampus/ENSG00000166473.17.wgt.RDat	ENSG00000166473.17	16	81220369	81220370	0.3471	rs6564905	4.49	rs7194222	0.0307	3.72	-2.07	717	90	enet	0.002	0.26	-1.37314	0.17
Brain_Hippocampus	/media/kame/Data/_workings/resource/GTEv8//GTExv8.EUR.Brain_Hippocampus/ENSG00000135698.9.wgt.RDat	ENSG00000135698.9	16	82170225	82170226	0.4771	rs3852718	4.97	rs2303264	0.146	5.16	-1.05	748	18	enet	0.089	0.00012	-0.87302	0.383
Brain_Hippocampus	/media/kame/Data/_workings/resource/GTEv8//GTExv8.EUR.Brain_Hippocampus/ENSG00000260788.5.wgt.RDat	ENSG00000260788.5	16	83772935	83772936	0.5975	rs1035533	5.53	rs17700757	0.133	5.34	-0.0217	929	46	enet	0.066	0.00086	-0.06867	0.945
Brain_Hippocampus	/media/kame/Data/_workings/resource/GTEv8//GTExv8.EUR.Brain_Hippocampus/ENSG00000274677.1.wgt.RDat	ENSG00000274677.1	16	84086589	84086590	0.3563	rs1035533	5.53	rs4558403	-0.000764	-3.94	1.83	986	15	enet	0.013	0.089	-1.55922	0.119
Brain_Hippocampus	/media/kame/Data/_workings/resource/GTEv8//GTExv8.EUR.Brain_Hippocampus/ENSG00000140943.16.wgt.RDat	ENSG00000140943.16	16	84116905	84116906	0.3286	rs1035533	5.53	rs2967879	0.0502	-3.7	0.067	984	27	enet	0.019	0.049	0.34747	0.728
Brain_Hippocampus	/media/kame/Data/_workings/resource/GTEv8//GTExv8.EUR.Brain_Hippocampus/ENSG00000103168.16.wgt.RDat	ENSG00000103168.16	16	84187069	84187070	0.6358	rs244797	-4.64	rs2278043	0.438	-8.28	-1.54	960	8	enet	0.44	1.2e-20	1.09533	0.273
Brain_Hippocampus	/media/kame/Data/_workings/resource/GTEv8//GTExv8.EUR.Brain_Hippocampus/ENSG00000168418.7.wgt.RDat	ENSG00000168418.7	16	84239749	84239750	0.4122	rs244797	-4.64	rs4782593	-0.000404	-4.06	0.086	917	70	enet	-0.006	0.74	-1.87115	0.0613
Brain_Hippocampus	/media/kame/Data/_workings/resource/GTEv8//GTExv8.EUR.Brain_Hippocampus/ENSG00000131143.8.wgt.RDat	ENSG00000131143.8	16	85798632	85798633	0.3517	rs1693957	4.21	rs11117442	-0.00666	3.38	0.0559	639	16	enet	0.0093	0.12	-0.16001	0.873
Brain_Hippocampus	/media/kame/Data/_workings/resource/GTEv8//GTExv8.EUR.Brain_Hippocampus/ENSG00000270020.1.wgt.RDat	ENSG00000270020.1	16	86523896	86523897	0.7037	rs5020073	-6.42	rs9935567	0.436	8.11	0.345	924	16	enet	0.48	4.7e-23	0.16983	0.865
Brain_Hippocampus	/media/kame/Data/_workings/resource/GTEv8//GTExv8.EUR.Brain_Hippocampus/ENSG00000103248.18.wgt.RDat	ENSG00000103248.18	16	86555234	86555235	0.3326	rs5020073	-6.42	rs4843404	0.0763	-4.84	-0.0129	921	24	enet	0.098	5.6e-05	-0.44212	0.658
Brain_Hippocampus	/media/kame/Data/_workings/resource/GTEv8//GTExv8.EUR.Brain_Hippocampus/ENSG00000176692.5.wgt.RDat	ENSG00000176692.5	16	86567250	86567251	0.4165	rs5020073	-6.42	rs4843383	0.00123	3.95	0.583	921	25	enet	0.033	0.015	-1.09191	0.275
Brain_Hippocampus	/media/kame/Data/_workings/resource/GTEv8//GTExv8.EUR.Brain_Hippocampus/ENSG00000226180.3.wgt.RDat	ENSG00000226180.3	16	87696146	87696147	0.4155	rs1816113	5.32	rs16943239	0.0398	4.19	0.14	491	45	enet	0.095	7.3e-05	0.8289	0.407
Brain_Hippocampus	/media/kame/Data/_workings/resource/GTEv8//GTExv8.EUR.Brain_Hippocampus/ENSG00000104731.13.wgt.RDat	ENSG00000104731.13	16	87765991	87765992	0.4019	rs1816113	5.32	rs17699720	0.186	5.36	-0.109	467	13	enet	0.14	2.1e-06	0.17175	0.864
Brain_Hippocampus	/media/kame/Data/_workings/resource/GTEv8//GTExv8.EUR.Brain_Hippocampus/ENSG00000205037.2.wgt.RDat	ENSG00000205037.2	16	88100984	88100985	0.1907	rs2879897	4.28	rs7498497	0.0352	4.1	-2.56	424	22	enet	0.013	0.089	-2.26156	0.0237
Brain_Hippocampus	/media/kame/Data/_workings/resource/GTEv8//GTExv8.EUR.Brain_Hippocampus/ENSG00000176715.15.wgt.RDat	ENSG00000176715.15	16	89088374	89088375	0.3064	rs488251	-6.44	rs4352046	0.115	4.95	2.41	435	50	enet	0.11	2.3e-05	1.72749	0.0841
Brain_Hippocampus	/media/kame/Data/_workings/resource/GTEv8//GTExv8.EUR.Brain_Hippocampus/ENSG00000274627.1.wgt.RDat	ENSG00000274627.1	16	89516796	89516797	0.5292	rs12924572	-7.53	rs11862081	0.233	6.29	-1.77	423	26	enet	0.21	2.2e-09	-0.77849	0.436
Brain_Hippocampus	/media/kame/Data/_workings/resource/GTEv8//GTExv8.EUR.Brain_Hippocampus/ENSG00000167526.13.wgt.RDat	ENSG00000167526.13	16	89560656	89560657	0.2571	rs12924572	-7.53	rs7196903	0.0264	-4.21	0.164	447	23	enet	0.059	0.0015	-0.2058	0.837
Brain_Hippocampus	/media/kame/Data/_workings/resource/GTEv8//GTExv8.EUR.Brain_Hippocampus/ENSG00000167523.13.wgt.RDat	ENSG00000167523.13	16	89657845	89657846	0.2753	rs12924572	-7.53	rs164749	0.0876	-4.31	-4.39	428	9	enet	0.029	0.021	3.69043	0.000224
Brain_Hippocampus	/media/kame/Data/_workings/resource/GTEv8//GTExv8.EUR.Brain_Hippocampus/ENSG00000185324.21.wgt.RDat	ENSG00000185324.21	16	89680736	89680737	0.4102	rs12924572	-7.53	rs1805008	0.0399	-4.83	-2.98	418	40	enet	0.2	4.7e-09	0.37963	0.704
Brain_Hippocampus	/media/kame/Data/_workings/resource/GTEv8//GTExv8.EUR.Brain_Hippocampus/ENSG00000260259.1.wgt.RDat	ENSG00000260259.1	16	89686568	89686569	0.299	rs12924572	-7.53	rs4420527	0.0295	-4.21	-0.496	417	9	enet	0.054	0.0024	-0.58176	0.561
Brain_Hippocampus	/media/kame/Data/_workings/resource/GTEv8//GTExv8.EUR.Brain_Hippocampus/ENSG00000075399.13.wgt.RDat	ENSG00000075399.13	16	89720983	89720984	0.3983	rs12924572	-7.53	rs7189734	0.0792	5.09	-1.65	404	47	enet	0.091	1e-04	-2.44054	0.0147
Brain_Hippocampus	/media/kame/Data/_workings/resource/GTEv8//GTExv8.EUR.Brain_Hippocampus/ENSG00000187741.14.wgt.RDat	ENSG00000187741.14	16	89816656	89816657	0.4795	rs12924572	-7.53	rs17719249	0.0133	-4	0.172	362	53	enet	0.081	0.00024	0.68912	0.491
Brain_Hippocampus	/media/kame/Data/_workings/resource/GTEv8//GTExv8.EUR.Brain_Hippocampus/ENSG00000204991.10.wgt.RDat	ENSG00000204991.10	16	89818178	89818179	0.313	rs12924572	-7.53	rs7189734	0.0312	4.29	-1.65	361	42	enet	0.063	0.0011	-0.21911	0.827
Brain_Hippocampus	/media/kame/Data/_workings/resource/GTEv8//GTExv8.EUR.Brain_Hippocampus/ENSG00000258839.3.wgt.RDat	ENSG00000258839.3	16	89913627	89913628	0.2417	rs12924572	-7.53	rs9931722	0.139	5.71	0.0614	316	18	enet	0.059	0.0016	0.09613	0.923
Brain_Hippocampus	/media/kame/Data/_workings/resource/GTEv8//GTExv8.EUR.Brain_Hippocampus/ENSG00000140995.16.wgt.RDat	ENSG00000140995.16	16	89947924	89947925	0.3356	rs12924572	-7.53	rs11644157	7.38e-05	-4.23	-0.168	298	33	enet	0.08	0.00027	1.85748	0.0632
Brain_Hippocampus	/media/kame/Data/_workings/resource/GTEv8//GTExv8.EUR.Brain_Hippocampus/ENSG00000141013.16.wgt.RDat	ENSG00000141013.16	16	90019628	90019629	0.2663	rs12924572	-7.53	rs12930631	0.0515	-3.86	-3.39	276	7	enet	0.026	0.026	2.09477	0.0362
Brain_Hippocampus	/media/kame/Data/_workings/resource/GTEv8//GTExv8.EUR.Brain_Hippocampus/ENSG00000187624.8.wgt.RDat	ENSG00000187624.8	17	410326	410327	0.5235	rs11654845	4.23	rs11150882	0.344054	7.23	0.51589	326	30	enet	0.2	7.8e-09	0.7906	0.429
Brain_Hippocampus	/media/kame/Data/_workings/resource/GTEv8//GTExv8.EUR.Brain_Hippocampus/ENSG00000183688.4.wgt.RDat	ENSG00000183688.4	17	445938	445939	0.5504	rs11654845	4.23	rs3744730	0.152491	5.37	-0.43878	354	51	enet	0.31	7.2e-14	-0.1675	0.867
Brain_Hippocampus	/media/kame/Data/_workings/resource/GTEv8//GTExv8.EUR.Brain_Hippocampus/ENSG00000141252.19.wgt.RDat	ENSG00000141252.19	17	721716	721717	0.3909	rs2083811	-4.75	rs3744730	0.148344	5.02	-0.43878	444	17	enet	0.14	1.3e-06	-0.3987	0.69
Brain_Hippocampus	/media/kame/Data/_workings/resource/GTEv8//GTExv8.EUR.Brain_Hippocampus/ENSG00000167695.14.wgt.RDat	ENSG00000167695.14	17	732411	732412	0.4999	rs2083811	-4.75	rs2657621	0.127947	5.1	0.32399	434	53	enet	0.16	3.1e-07	1.0422	0.297
Brain_Hippocampus	/media/kame/Data/_workings/resource/GTEv8//GTExv8.EUR.Brain_Hippocampus/ENSG00000262777.1.wgt.RDat	ENSG00000262777.1	17	1424472	1424473	0.2471	rs4790152	-8.1	rs2302459	-0.006637	-3.26	-2.49336	437	22	enet	-0.0021	0.41	1.4334	0.152
Brain_Hippocampus	/media/kame/Data/_workings/resource/GTEv8//GTExv8.EUR.Brain_Hippocampus/ENSG00000132383.11.wgt.RDat	ENSG00000132383.11	17	1829701	1829702	0.4174	rs4790152	-8.1	rs2230931	0.106995	4.57	-0.06775	439	34	enet	0.025	0.029	1.287	0.198
Brain_Hippocampus	/media/kame/Data/_workings/resource/GTEv8//GTExv8.EUR.Brain_Hippocampus/ENSG00000186532.11.wgt.RDat	ENSG00000186532.11	17	1830633	1830634	0.4053	rs4790152	-8.1	rs9889773	0.190289	-5.81	-0.15368	435	32	enet	0.17	1e-07	1.1206	0.262
Brain_Hippocampus	/media/kame/Data/_workings/resource/GTEv8//GTExv8.EUR.Brain_Hippocampus/ENSG00000108963.17.wgt.RDat	ENSG00000108963.17	17	2030109	2030110	0.2979	rs2447095	8.96	rs8065878	0.207605	5.67	1.23461	463	26	enet	0.16	1.9e-07	0.7924	0.428
Brain_Hippocampus	/media/kame/Data/_workings/resource/GTEv8//GTExv8.EUR.Brain_Hippocampus/ENSG00000167720.12.wgt.RDat	ENSG00000167720.12	17	2303382	2303383	0.459	rs2240730	-13	rs12450028	0.32972	-7.11	-0.19271	406	25	enet	0.31	5.1e-14	0.7761	0.438
Brain_Hippocampus	/media/kame/Data/_workings/resource/GTEv8//GTExv8.EUR.Brain_Hippocampus/ENSG00000141255.12.wgt.RDat	ENSG00000141255.12	17	3472340	3472341	0.3601	rs12943691	-7.64	rs10852860	-0.005442	-3.44	1.192	521	33	enet	0.045	0.0054	-0.1354	0.892
Brain_Hippocampus	/media/kame/Data/_workings/resource/GTEv8//GTExv8.EUR.Brain_Hippocampus/ENSG00000167723.14.wgt.RDat	ENSG00000167723.14	17	3557994	3557995	0.3683	rs2976234	5.58	rs12451677	0.089426	-4.03	1.20701	505	17	enet	0.018	0.056	-1.2082	0.227
Brain_Hippocampus	/media/kame/Data/_workings/resource/GTEv8//GTExv8.EUR.Brain_Hippocampus/ENSG00000197417.7.wgt.RDat	ENSG00000197417.7	17	3636321	3636322	0.669	rs2976234	5.58	rs17707155	0.325462	7.02	0.00407	515	24	enet	0.27	4.8e-12	0.2925	0.77
Brain_Hippocampus	/media/kame/Data/_workings/resource/GTEv8//GTExv8.EUR.Brain_Hippocampus/ENSG00000040531.14.wgt.RDat	ENSG00000040531.14	17	3636467	3636468	0.2872	rs2976234	5.58	rs1048682	0.11536	-5.22	0.07017	515	11	enet	0.12	9.7e-06	0.1587	0.874
Brain_Hippocampus	/media/kame/Data/_workings/resource/GTEv8//GTExv8.EUR.Brain_Hippocampus/ENSG00000182557.7.wgt.RDat	ENSG00000182557.7	17	4433687	4433688	0.37	rs17824233	4.5	rs9889598	0.184836	-5.51	-0.10575	450	9	enet	0.11	2.1e-05	-0.3983	0.69
Brain_Hippocampus	/media/kame/Data/_workings/resource/GTEv8//GTExv8.EUR.Brain_Hippocampus/ENSG00000213939.4.wgt.RDat	ENSG00000213939.4	17	4705197	4705198	0.2632	rs17824233	4.5	rs1045280	0.042712	-4.27	-0.7168	434	17	enet	0.092	9.6e-05	0.2065	0.836
Brain_Hippocampus	/media/kame/Data/_workings/resource/GTEv8//GTExv8.EUR.Brain_Hippocampus/ENSG00000141480.17.wgt.RDat	ENSG00000141480.17	17	4710488	4710489	0.2677	rs17824233	4.5	rs1045280	0.159007	-5.14	-0.7168	433	20	enet	0.092	9.6e-05	0.8305	0.406
Brain_Hippocampus	/media/kame/Data/_workings/resource/GTEv8//GTExv8.EUR.Brain_Hippocampus/ENSG00000262165.2.wgt.RDat	ENSG00000262165.2	17	4807012	4807013	0.4371	rs2585278	-6.5	rs11654690	0.198607	-5.81	0.98716	435	7	enet	0.16	3.6e-07	-0.8933	0.372
Brain_Hippocampus	/media/kame/Data/_workings/resource/GTEv8//GTExv8.EUR.Brain_Hippocampus/ENSG00000108556.7.wgt.RDat	ENSG00000108556.7	17	4903073	4903074	0.3045	rs2585278	-6.5	rs8081611	0.24134	6.22	-0.51892	442	10	enet	0.23	3.5e-10	-0.6264	0.531
Brain_Hippocampus	/media/kame/Data/_workings/resource/GTEv8//GTExv8.EUR.Brain_Hippocampus/ENSG00000108515.17.wgt.RDat	ENSG00000108515.17	17	4948091	4948092	0.2416	rs2585278	-6.5	rs4790714	0.005907	4.02	0.17374	440	26	enet	0.035	0.012	-0.6147	0.539
Brain_Hippocampus	/media/kame/Data/_workings/resource/GTEv8//GTExv8.EUR.Brain_Hippocampus/ENSG00000091640.7.wgt.RDat	ENSG00000091640.7	17	4967871	4967872	0.3037	rs2585278	-6.5	rs16942615	0.209437	5.83	0.42834	438	9	enet	0.19	1.2e-08	0.366	0.714
Brain_Hippocampus	/media/kame/Data/_workings/resource/GTEv8//GTExv8.EUR.Brain_Hippocampus/ENSG00000234327.7.wgt.RDat	ENSG00000234327.7	17	5111467	5111468	0.2981	rs2585278	-6.5	rs3887446	0.104269	-5.4	-1.69381	432	26	enet	0.16	3.1e-07	1.3355	0.182
Brain_Hippocampus	/media/kame/Data/_workings/resource/GTEv8//GTExv8.EUR.Brain_Hippocampus/ENSG00000167840.13.wgt.RDat	ENSG00000167840.13	17	5123115	5123116	0.2761	rs2585278	-6.5	rs7225151	-0.003316	-4.75	-2.95874	434	44	enet	0.043	0.0063	1.7541	0.0794
Brain_Hippocampus	/media/kame/Data/_workings/resource/GTEv8//GTExv8.EUR.Brain_Hippocampus/ENSG00000167842.15.wgt.RDat	ENSG00000167842.15	17	5486284	5486285	0.2058	rs2585278	-6.5	rs2074438	0.008566	-3.82	-1.71423	525	15	enet	0.0089	0.13	0.359	0.72
Brain_Hippocampus	/media/kame/Data/_workings/resource/GTEv8//GTExv8.EUR.Brain_Hippocampus/ENSG00000181885.18.wgt.RDat	ENSG00000181885.18	17	7263982	7263983	0.3147	rs11078677	5.02	rs314245	0.017893	-3.31	-1.68166	467	20	enet	0.031	0.017	1.8149	0.0695
Brain_Hippocampus	/media/kame/Data/_workings/resource/GTEv8//GTExv8.EUR.Brain_Hippocampus/ENSG00000181856.14.wgt.RDat	ENSG00000181856.14	17	7281666	7281667	0.2396	rs11078677	5.02	rs222857	0.038592	-4.1	1.13636	464	18	enet	0.03	0.019	-0.3376	0.736
Brain_Hippocampus	/media/kame/Data/_workings/resource/GTEv8//GTExv8.EUR.Brain_Hippocampus/ENSG00000132507.17.wgt.RDat	ENSG00000132507.17	17	7306998	7306999	0.3873	rs11078677	5.02	rs4796398	0.246109	6.2	-0.53387	453	12	enet	0.23	3.9e-10	-0.2325	0.816
Brain_Hippocampus	/media/kame/Data/_workings/resource/GTEv8//GTExv8.EUR.Brain_Hippocampus/ENSG00000132522.15.wgt.RDat	ENSG00000132522.15	17	7315563	7315564	0.2502	rs11078677	5.02	rs3829603	0.007883	-3.84	0.93056	455	24	enet	0.019	0.05	-1.1	0.271
Brain_Hippocampus	/media/kame/Data/_workings/resource/GTEv8//GTExv8.EUR.Brain_Hippocampus/ENSG00000170175.10.wgt.RDat	ENSG00000170175.10	17	7445060	7445061	0.2524	rs11078677	5.02	rs2302761	0.157808	5	1.10327	481	19	enet	0.14	1.9e-06	1.0837	0.278
Brain_Hippocampus	/media/kame/Data/_workings/resource/GTEv8//GTExv8.EUR.Brain_Hippocampus/ENSG00000239697.10.wgt.RDat	ENSG00000239697.10	17	7548890	7548891	0.2913	rs11078677	5.02	rs314245	0.016502	-3.64	-1.62768	476	28	enet	0.071	0.00059	2.6096	0.00906
Brain_Hippocampus	/media/kame/Data/_workings/resource/GTEv8//GTExv8.EUR.Brain_Hippocampus/ENSG00000276384.1.wgt.RDat	ENSG00000276384.1	17	7558244	7558245	0.2348	rs11078677	5.02	rs9889453	-0.002326	-3.6	0.93297	475	12	enet	0.034	0.013	-0.1366	0.891
Brain_Hippocampus	/media/kame/Data/_workings/resource/GTEv8//GTExv8.EUR.Brain_Hippocampus/ENSG00000170049.9.wgt.RDat	ENSG00000170049.9	17	7929802	7929803	0.1512	rs8069158	3.93	rs8073033	0.028455	-4.47	-0.93309	500	19	enet	0.017	0.059	0.8398	0.401
Brain_Hippocampus	/media/kame/Data/_workings/resource/GTEv8//GTExv8.EUR.Brain_Hippocampus/ENSG00000170037.13.wgt.RDat	ENSG00000170037.13	17	7932123	7932124	0.1942	rs8069158	3.93	rs7225505	0.046868	-4.37	-2.06504	500	50	enet	-2.1e-06	0.32	-0.0672	0.946
Brain_Hippocampus	/media/kame/Data/_workings/resource/GTEv8//GTExv8.EUR.Brain_Hippocampus/ENSG00000220205.8.wgt.RDat	ENSG00000220205.8	17	8163545	8163546	0.2755	rs6503137	-4.31	rs2278637	0.158763	-5.39	1.08206	434	27	enet	0.12	7.9e-06	-0.6642	0.507
Brain_Hippocampus	/media/kame/Data/_workings/resource/GTEv8//GTExv8.EUR.Brain_Hippocampus/ENSG00000178971.13.wgt.RDat	ENSG00000178971.13	17	8248043	8248044	0.1884	rs6503137	-4.31	rs7221716	0.021982	4.28	-1.71931	445	29	enet	4.6e-06	0.32	-0.986	0.324
Brain_Hippocampus	/media/kame/Data/_workings/resource/GTEv8//GTExv8.EUR.Brain_Hippocampus/ENSG00000262966.2.wgt.RDat	ENSG00000262966.2	17	9179117	9179118	0.3346	rs4791337	-9.2	rs4063993	-0.006382	-3.43	-0.11053	494	11	enet	-0.0034	0.48	0.513	0.608
Brain_Hippocampus	/media/kame/Data/_workings/resource/GTEv8//GTExv8.EUR.Brain_Hippocampus/ENSG00000109047.7.wgt.RDat	ENSG00000109047.7	17	9905620	9905621	0.7104	rs11870073	-5.47	rs4668	0.563379	9.2	1.37623	627	16	enet	0.55	1.3e-27	1.5953	0.111
Brain_Hippocampus	/media/kame/Data/_workings/resource/GTEv8//GTExv8.EUR.Brain_Hippocampus/ENSG00000170222.11.wgt.RDat	ENSG00000170222.11	17	10697593	10697594	0.2548	rs421541	-7.64	rs9904211	0.196295	5.72	-6.36553	494	7	enet	0.19	1.1e-08	-6.3315	2.43e-10
Brain_Hippocampus	/media/kame/Data/_workings/resource/GTEv8//GTExv8.EUR.Brain_Hippocampus/ENSG00000187824.8.wgt.RDat	ENSG00000187824.8	17	10730315	10730316	0.4525	rs421541	-7.64	rs9904211	0.189921	-6.1	-6.36553	491	38	enet	0.21	2.5e-09	1.3667	0.172
Brain_Hippocampus	/media/kame/Data/_workings/resource/GTEv8//GTExv8.EUR.Brain_Hippocampus/ENSG00000263508.5.wgt.RDat	ENSG00000263508.5	17	10849540	10849541	0.1866	rs421541	-7.64	rs2692334	-0.000371	-3.36	-0.79174	480	17	enet	-0.0041	0.53	3.4117	0.000646
Brain_Hippocampus	/media/kame/Data/_workings/resource/GTEv8//GTExv8.EUR.Brain_Hippocampus/ENSG00000154957.13.wgt.RDat	ENSG00000154957.13	17	11997509	11997510	0.4367	rs1558102	-9.25	rs12603036	0.033044	3.94	-0.5711	459	44	enet	0.03	0.02	-1.3217	0.186
Brain_Hippocampus	/media/kame/Data/_workings/resource/GTEv8//GTExv8.EUR.Brain_Hippocampus/ENSG00000006744.18.wgt.RDat	ENSG00000006744.18	17	13018186	13018187	0.2918	rs237304	-7.33	rs1044569	0.304943	-6.82	0.68492	566	6	enet	0.24	1e-10	-0.672	0.502
Brain_Hippocampus	/media/kame/Data/_workings/resource/GTEv8//GTExv8.EUR.Brain_Hippocampus/ENSG00000236088.9.wgt.RDat	ENSG00000236088.9	17	14069494	14069495	0.2038	rs11078240	5.77	rs10775377	0.051185	4.17	-0.38424	586	34	enet	0.11	1.8e-05	-0.8963	0.37
Brain_Hippocampus	/media/kame/Data/_workings/resource/GTEv8//GTExv8.EUR.Brain_Hippocampus/ENSG00000006695.10.wgt.RDat	ENSG00000006695.10	17	14069495	14069496	0.3209	rs11078240	5.77	rs11658577	-0.002842	-3.36	-0.91642	586	12	enet	0.0013	0.28	0.1088	0.913
Brain_Hippocampus	/media/kame/Data/_workings/resource/GTEv8//GTExv8.EUR.Brain_Hippocampus/ENSG00000125409.12.wgt.RDat	ENSG00000125409.12	17	15341640	15341641	0.336	rs8067758	6.16	rs7211982	0.143622	-5	-0.02976	472	18	enet	0.11	2.4e-05	-0.0909	0.928
Brain_Hippocampus	/media/kame/Data/_workings/resource/GTEv8//GTExv8.EUR.Brain_Hippocampus/ENSG00000239704.10.wgt.RDat	ENSG00000239704.10	17	15475727	15475728	0.2439	rs8067758	6.16	rs7211982	0.037029	-4.28	-0.02976	408	32	enet	0.033	0.014	0.1106	0.912
Brain_Hippocampus	/media/kame/Data/_workings/resource/GTEv8//GTExv8.EUR.Brain_Hippocampus/ENSG00000175106.16.wgt.RDat	ENSG00000175106.16	17	15563594	15563595	0.3255	rs8067758	6.16	rs12943480	0.043278	-5.02	-0.18696	379	10	enet	0.062	0.0012	0.1462	0.884
Brain_Hippocampus	/media/kame/Data/_workings/resource/GTEv8//GTExv8.EUR.Brain_Hippocampus/ENSG00000214946.14.wgt.RDat	ENSG00000214946.14	17	15732246	15732247	0.3973	rs1476776	-3.67	rs11650318	0.225658	5.9	0.43356	342	15	enet	0.18	2.9e-08	0.2046	0.838
Brain_Hippocampus	/media/kame/Data/_workings/resource/GTEv8//GTExv8.EUR.Brain_Hippocampus/ENSG00000233002.2.wgt.RDat	ENSG00000233002.2	17	15743798	15743799	0.4778	rs1476776	-3.67	rs3865264	0.086406	-5.03	1.12295	338	13	enet	0.13	4.5e-06	-0.2974	0.766
Brain_Hippocampus	/media/kame/Data/_workings/resource/GTEv8//GTExv8.EUR.Brain_Hippocampus/ENSG00000276855.1.wgt.RDat	ENSG00000276855.1	17	15789015	15789016	0.2695	rs1476776	-3.67	rs2324027	0.131371	-5.1	-0.25495	329	27	enet	0.048	0.004	0.1992	0.842
Brain_Hippocampus	/media/kame/Data/_workings/resource/GTEv8//GTExv8.EUR.Brain_Hippocampus/ENSG00000214941.7.wgt.RDat	ENSG00000214941.7	17	15993829	15993830	0.1243	rs16959749	-6.02	rs3112518	0.063252	4.18	-1.7279	273	16	enet	0.069	7e-04	-1.2051	0.228
Brain_Hippocampus	/media/kame/Data/_workings/resource/GTEv8//GTExv8.EUR.Brain_Hippocampus/ENSG00000011295.15.wgt.RDat	ENSG00000011295.15	17	15999379	15999380	0.3394	rs16959749	-6.02	rs1079533	0.037318	-4.54	-1.04335	275	16	enet	0.075	0.00042	1.066	0.286
Brain_Hippocampus	/media/kame/Data/_workings/resource/GTEv8//GTExv8.EUR.Brain_Hippocampus/ENSG00000108474.16.wgt.RDat	ENSG00000108474.16	17	16217208	16217209	0.1927	rs16959749	-6.02	rs3112526	0.083191	3.97	-1.38956	298	13	enet	-0.0033	0.47	-1.4518	0.147
Brain_Hippocampus	/media/kame/Data/_workings/resource/GTEv8//GTExv8.EUR.Brain_Hippocampus/ENSG00000166582.9.wgt.RDat	ENSG00000166582.9	17	16353498	16353499	0.633	rs16959749	-6.02	rs3112526	0.458457	8.4	-1.38956	281	8	enet	0.43	6.5e-20	-1.6456	0.0998
Brain_Hippocampus	/media/kame/Data/_workings/resource/GTEv8//GTExv8.EUR.Brain_Hippocampus/ENSG00000187688.14.wgt.RDat	ENSG00000187688.14	17	16417561	16417562	0.4991	rs16959749	-6.02	rs3813769	0.328814	-7.15	-0.16357	305	11	enet	0.28	1.9e-12	0.1144	0.909
Brain_Hippocampus	/media/kame/Data/_workings/resource/GTEv8//GTExv8.EUR.Brain_Hippocampus/ENSG00000133030.20.wgt.RDat	ENSG00000133030.20	17	17042544	17042545	0.1393	rs11658944	7.5	rs4629023	-0.006472	3.73	0.02322	365	20	enet	0.0029	0.23	0.0804	0.936
Brain_Hippocampus	/media/kame/Data/_workings/resource/GTEv8//GTExv8.EUR.Brain_Hippocampus/ENSG00000175662.17.wgt.RDat	ENSG00000175662.17	17	17972421	17972422	0.1583	rs1242513	-10.04	rs752579	0.0335	-4.71	0.55577	381	15	enet	0.074	0.00043	-1.6089	0.108
Brain_Hippocampus	/media/kame/Data/_workings/resource/GTEv8//GTExv8.EUR.Brain_Hippocampus/ENSG00000091536.16.wgt.RDat	ENSG00000091536.16	17	18118581	18118582	0.1191	rs9896285	7.68	rs2605135	0.041776	-3.87	2.18411	322	10	enet	0.0025	0.24	-0.7288	0.466
Brain_Hippocampus	/media/kame/Data/_workings/resource/GTEv8//GTExv8.EUR.Brain_Hippocampus/ENSG00000091542.8.wgt.RDat	ENSG00000091542.8	17	18183077	18183078	0.2704	rs4925112	7.57	rs2746027	0.154085	5.39	-0.00748	303	11	enet	0.17	1.4e-07	0.2391	0.811
Brain_Hippocampus	/media/kame/Data/_workings/resource/GTEv8//GTExv8.EUR.Brain_Hippocampus/ENSG00000131899.10.wgt.RDat	ENSG00000131899.10	17	18225586	18225587	0.2178	rs4925112	7.57	rs9909104	0.096615	-4.52	1.26621	285	13	enet	0.066	0.00085	-0.2404	0.81
Brain_Hippocampus	/media/kame/Data/_workings/resource/GTEv8//GTExv8.EUR.Brain_Hippocampus/ENSG00000177302.14.wgt.RDat	ENSG00000177302.14	17	18315006	18315007	0.2851	rs4925144	5.82	rs2605141	0.13379	4.74	4.84154	276	21	enet	0.071	0.00057	4.3402	1.42e-05
Brain_Hippocampus	/media/kame/Data/_workings/resource/GTEv8//GTExv8.EUR.Brain_Hippocampus/ENSG00000233327.10.wgt.RDat	ENSG00000233327.10	17	18523294	18523295	0.3978	rs4925144	5.82	rs584300	0.22426	5.91	2.31492	289	32	enet	0.23	2.1e-10	1.6883	0.0914
Brain_Hippocampus	/media/kame/Data/_workings/resource/GTEv8//GTExv8.EUR.Brain_Hippocampus/ENSG00000213077.5.wgt.RDat	ENSG00000213077.5	17	18526845	18526846	0.2153	rs4925144	5.82	rs2605135	0.072882	3.83	2.18411	288	26	enet	0.078	0.00031	1.9869	0.0469
Brain_Hippocampus	/media/kame/Data/_workings/resource/GTEv8//GTExv8.EUR.Brain_Hippocampus/ENSG00000273018.5.wgt.RDat	ENSG00000273018.5	17	18534061	18534062	0.3283	rs4925144	5.82	rs584300	0.25409	6.23	2.31492	286	12	enet	0.23	3.3e-10	1.7491	0.0803
Brain_Hippocampus	/media/kame/Data/_workings/resource/GTEv8//GTExv8.EUR.Brain_Hippocampus/ENSG00000154874.15.wgt.RDat	ENSG00000154874.15	17	18625607	18625608	0.1256	rs4925144	5.82	rs854804	0.034648	3.9	-0.74383	247	17	enet	0.026	0.028	0.5662	0.571
Brain_Hippocampus	/media/kame/Data/_workings/resource/GTEv8//GTExv8.EUR.Brain_Hippocampus/ENSG00000108448.20.wgt.RDat	ENSG00000108448.20	17	18697997	18697998	0.2363	rs1563632	5.12	rs1969051	0.076742	-5.23	0.04506	209	8	enet	0.13	2.9e-06	0.4099	0.682
Brain_Hippocampus	/media/kame/Data/_workings/resource/GTEv8//GTExv8.EUR.Brain_Hippocampus/ENSG00000171928.13.wgt.RDat	ENSG00000171928.13	17	18780994	18780995	0.4376	rs1563632	5.12	rs4630608	0.239527	-6.53	0.45106	169	23	enet	0.25	2.7e-11	-0.0503	0.96
Brain_Hippocampus	/media/kame/Data/_workings/resource/GTEv8//GTExv8.EUR.Brain_Hippocampus/ENSG00000141127.14.wgt.RDat	ENSG00000141127.14	17	18856298	18856299	0.4129	rs6846	-3.14	rs9907723	0.440217	-8.29	-0.1385	152	20	enet	0.45	3.2e-21	0.1506	0.88
Brain_Hippocampus	/media/kame/Data/_workings/resource/GTEv8//GTExv8.EUR.Brain_Hippocampus/ENSG00000261033.1.wgt.RDat	ENSG00000261033.1	17	20009233	20009234	0.1954	rs1006553	2.99	rs7209653	0.149724	-5.18	-0.143	272	10	enet	0.12	1.2e-05	0.6432	0.52
Brain_Hippocampus	/media/kame/Data/_workings/resource/GTEv8//GTExv8.EUR.Brain_Hippocampus/ENSG00000154898.15.wgt.RDat	ENSG00000154898.15	17	20321163	20321164	0.1894	rs2958471	-1.74	rs3764436	0.123375	4.59	0.69073	175	7	enet	0.061	0.0013	0.827	0.408
Brain_Hippocampus	/media/kame/Data/_workings/resource/GTEv8//GTExv8.EUR.Brain_Hippocampus/ENSG00000189423.11.wgt.RDat	ENSG00000189423.11	17	20415546	20415547	0.2202	rs2958471	-1.74	rs16941857	0.034065	4.16	0.81701	170	10	enet	0.0098	0.12	0.8022	0.422
Brain_Hippocampus	/media/kame/Data/_workings/resource/GTEv8//GTExv8.EUR.Brain_Hippocampus/ENSG00000230528.7.wgt.RDat	ENSG00000230528.7	17	20436336	20436337	0.3956	rs2958471	-1.74	rs7207817	0.226033	-6.75	-0.0481	172	30	enet	0.3	2.1e-13	0.334	0.738
Brain_Hippocampus	/media/kame/Data/_workings/resource/GTEv8//GTExv8.EUR.Brain_Hippocampus/ENSG00000266369.1.wgt.RDat	ENSG00000266369.1	17	20855945	20855946	0.4582	rs959511	-3.5	rs16962541	0.17484	5.57	0.38326	190	19	enet	0.16	2.3e-07	-0.1853	0.853
Brain_Hippocampus	/media/kame/Data/_workings/resource/GTEv8//GTExv8.EUR.Brain_Hippocampus/ENSG00000034152.18.wgt.RDat	ENSG00000034152.18	17	21284671	21284672	0.1958	rs959511	-3.5	rs9904073	0.03019	-3.86	-1.647	202	12	enet	0.0021	0.25	1.9327	0.0533
Brain_Hippocampus	/media/kame/Data/_workings/resource/GTEv8//GTExv8.EUR.Brain_Hippocampus/ENSG00000007171.16.wgt.RDat	ENSG00000007171.16	17	27800498	27800499	0.5617	rs16966194	8.26	rs3751972	0.36745	7.56	-0.4248	295	15	enet	0.35	5.3e-16	-0.5976	0.55
Brain_Hippocampus	/media/kame/Data/_workings/resource/GTEv8//GTExv8.EUR.Brain_Hippocampus/ENSG00000232859.9.wgt.RDat	ENSG00000232859.9	17	27893382	27893383	0.3047	rs16966194	8.26	rs2108952	0.220701	-6.22	-0.40084	303	12	enet	0.22	1e-09	0.4574	0.647
Brain_Hippocampus	/media/kame/Data/_workings/resource/GTEv8//GTExv8.EUR.Brain_Hippocampus/ENSG00000004142.11.wgt.RDat	ENSG00000004142.11	17	28357521	28357522	0.3475	rs3182380	4.02	rs1460026	0.141678	-5.37	-0.01026	265	32	enet	0.17	9.4e-08	-0.7381	0.46
Brain_Hippocampus	/media/kame/Data/_workings/resource/GTEv8//GTExv8.EUR.Brain_Hippocampus/ENSG00000244045.12.wgt.RDat	ENSG00000244045.12	17	28357580	28357581	0.2928	rs3182380	4.02	rs241775	0.050678	-3.98	0.8583	265	2	enet	-0.0066	0.89	-0.6767	0.499
Brain_Hippocampus	/media/kame/Data/_workings/resource/GTEv8//GTExv8.EUR.Brain_Hippocampus/ENSG00000167525.13.wgt.RDat	ENSG00000167525.13	17	28711853	28711854	0.2282	rs11080075	-7.85	rs618791	0.060694	-4.15	1.3633	311	41	enet	0.14	1.3e-06	1.5388	0.124
Brain_Hippocampus	/media/kame/Data/_workings/resource/GTEv8//GTExv8.EUR.Brain_Hippocampus/ENSG00000076604.14.wgt.RDat	ENSG00000076604.14	17	28743983	28743984	0.1698	rs11080075	-7.85	rs11658900	0.047742	4.05	0.75957	314	12	enet	0.024	0.033	-0.218	0.827
Brain_Hippocampus	/media/kame/Data/_workings/resource/GTEv8//GTExv8.EUR.Brain_Hippocampus/ENSG00000221995.5.wgt.RDat	ENSG00000221995.5	17	29078856	29078857	0.3842	rs11080075	-7.85	rs1472081	0.211026	-5.87	-0.30799	321	29	enet	0.19	2.3e-08	-0.153	0.878
Brain_Hippocampus	/media/kame/Data/_workings/resource/GTEv8//GTExv8.EUR.Brain_Hippocampus/ENSG00000160551.11.wgt.RDat	ENSG00000160551.11	17	29390463	29390464	0.1305	rs11080075	-7.85	rs12946125	-0.005941	-3.37	0.38065	325	11	enet	0.0021	0.25	-0.5219	0.602
Brain_Hippocampus	/media/kame/Data/_workings/resource/GTEv8//GTExv8.EUR.Brain_Hippocampus/ENSG00000176927.15.wgt.RDat	ENSG00000176927.15	17	29929199	29929200	0.1793	rs4794873	3.83	rs9911167	0.066256	-4.12	-0.15544	331	16	enet	0.078	0.00032	0.53	0.596
Brain_Hippocampus	/media/kame/Data/_workings/resource/GTEv8//GTExv8.EUR.Brain_Hippocampus/ENSG00000126653.17.wgt.RDat	ENSG00000126653.17	17	30115520	30115521	0.0698	rs4794873	3.83	rs9902453	0.041639	3.48	0.23583	321	44	enet	-0.0022	0.42	-0.6434	0.52
Brain_Hippocampus	/media/kame/Data/_workings/resource/GTEv8//GTExv8.EUR.Brain_Hippocampus/ENSG00000108587.15.wgt.RDat	ENSG00000108587.15	17	30477361	30477362	0.1362	rs4794873	3.83	rs3764417	0.052773	4.17	1.75442	317	44	enet	0.14	1.8e-06	1.6762	0.0937
Brain_Hippocampus	/media/kame/Data/_workings/resource/GTEv8//GTExv8.EUR.Brain_Hippocampus/ENSG00000231421.7.wgt.RDat	ENSG00000231421.7	17	30576462	30576463	0.5077	rs4794873	3.83	rs216462	0.448732	8.34	1.44753	294	18	enet	0.44	1.4e-20	2.3279	0.0199
Brain_Hippocampus	/media/kame/Data/_workings/resource/GTEv8//GTExv8.EUR.Brain_Hippocampus/ENSG00000264538.6.wgt.RDat	ENSG00000264538.6	17	30709298	30709299	0.5088	rs4794873	3.83	rs170052	0.363923	-7.74	3.3857	287	37	enet	0.39	1.1e-17	-3.0155	0.00257
Brain_Hippocampus	/media/kame/Data/_workings/resource/GTEv8//GTExv8.EUR.Brain_Hippocampus/ENSG00000266490.1.wgt.RDat	ENSG00000266490.1	17	30792371	30792372	0.4567	rs4794873	3.83	rs1808257	0.126082	6.01	0.20268	268	32	enet	0.29	7.8e-13	1.717	0.086
Brain_Hippocampus	/media/kame/Data/_workings/resource/GTEv8//GTExv8.EUR.Brain_Hippocampus/ENSG00000176390.11.wgt.RDat	ENSG00000176390.11	17	30824775	30824776	0.1258	rs11080149	-4.55	rs11656419	0.001126	-3.72	3.27009	277	14	enet	0.026	0.027	-2.2223	0.0263
Brain_Hippocampus	/media/kame/Data/_workings/resource/GTEv8//GTExv8.EUR.Brain_Hippocampus/ENSG00000176208.8.wgt.RDat	ENSG00000176208.8	17	30831969	30831970	0.1194	rs11080149	-4.55	rs216459	0.025681	3.85	0.08895	279	27	enet	0.041	0.0074	2.1211	0.0339
Brain_Hippocampus	/media/kame/Data/_workings/resource/GTEv8//GTExv8.EUR.Brain_Hippocampus/ENSG00000263531.1.wgt.RDat	ENSG00000263531.1	17	30864939	30864940	0.0984	rs11080149	-4.55	rs11656419	0.068634	3.97	3.27009	275	47	enet	0.022	0.038	2.7661	0.00567
Brain_Hippocampus	/media/kame/Data/_workings/resource/GTEv8//GTExv8.EUR.Brain_Hippocampus/ENSG00000141314.12.wgt.RDat	ENSG00000141314.12	17	32266175	32266176	0.2115	rs2052413	7.14	rs2285428	0.114499	4.9	0.2654	272	12	enet	0.13	4.3e-06	0.6096	0.542
Brain_Hippocampus	/media/kame/Data/_workings/resource/GTEv8//GTExv8.EUR.Brain_Hippocampus/ENSG00000006042.11.wgt.RDat	ENSG00000006042.11	17	32927909	32927910	0.4456	rs17184364	7.7	rs7225406	0.152335	-5.07	-0.0605	526	48	enet	0.14	1.7e-06	0.3221	0.747
Brain_Hippocampus	/media/kame/Data/_workings/resource/GTEv8//GTExv8.EUR.Brain_Hippocampus/ENSG00000132141.13.wgt.RDat	ENSG00000132141.13	17	34961508	34961509	0.2318	rs1029742	-5.56	rs234832	-0.006225	-3.91	1.37226	492	13	enet	0.011	0.1	-0.0592	0.953
Brain_Hippocampus	/media/kame/Data/_workings/resource/GTEv8//GTExv8.EUR.Brain_Hippocampus/ENSG00000005156.11.wgt.RDat	ENSG00000005156.11	17	34980493	34980494	0.6265	rs1029742	-5.56	rs3135967	0.353903	-7.38	-0.0799	488	12	enet	0.34	4.6e-15	-0.1635	0.87
Brain_Hippocampus	/media/kame/Data/_workings/resource/GTEv8//GTExv8.EUR.Brain_Hippocampus/ENSG00000166750.9.wgt.RDat	ENSG00000166750.9	17	35243035	35243036	0.2782	rs7212155	-3.35	rs11080326	0.219518	-6.05	0.14394	375	12	enet	0.18	3e-08	-0.0367	0.971
Brain_Hippocampus	/media/kame/Data/_workings/resource/GTEv8//GTExv8.EUR.Brain_Hippocampus/ENSG00000267074.1.wgt.RDat	ENSG00000267074.1	17	35510269	35510270	0.1589	rs7212155	-3.35	rs225306	0.042598	4.22	1.53075	384	9	enet	0.041	0.0075	1.275	0.202
Brain_Hippocampus	/media/kame/Data/_workings/resource/GTEv8//GTExv8.EUR.Brain_Hippocampus/ENSG00000263874.2.wgt.RDat	ENSG00000263874.2	17	38925167	38925168	0.3883	rs649997	-13.1	rs573556	0.273335	-6.63	-2.31078	356	8	enet	0.23	4.2e-10	2.935	0.00334
Brain_Hippocampus	/media/kame/Data/_workings/resource/GTEv8//GTExv8.EUR.Brain_Hippocampus/ENSG00000167914.11.wgt.RDat	ENSG00000167914.11	17	39953262	39953263	0.1485	rs11078945	-5.58	rs3859192	0.116129	-4.57	0.52808	296	15	enet	0.075	0.00043	-0.7521	0.452
Brain_Hippocampus	/media/kame/Data/_workings/resource/GTEv8//GTExv8.EUR.Brain_Hippocampus/ENSG00000008838.19.wgt.RDat	ENSG00000008838.19	17	40061214	40061215	0.294	rs11078945	-5.58	rs6503534	0.068346	5.09	-1.38896	301	23	enet	0.14	9.7e-07	-1.0066	0.314
Brain_Hippocampus	/media/kame/Data/_workings/resource/GTEv8//GTExv8.EUR.Brain_Hippocampus/ENSG00000278834.1.wgt.RDat	ENSG00000278834.1	17	40648508	40648509	0.2869	rs11078945	-5.58	rs3752026	0.131121	-5.15	1.19148	396	15	enet	0.096	6.6e-05	-1.3004	0.193
Brain_Hippocampus	/media/kame/Data/_workings/resource/GTEv8//GTExv8.EUR.Brain_Hippocampus/ENSG00000167920.8.wgt.RDat	ENSG00000167920.8	17	40819161	40819162	0.2331	rs11078945	-5.58	rs17565555	0.046084	-4.46	-0.45832	423	16	enet	0.052	0.0028	-0.3228	0.747
Brain_Hippocampus	/media/kame/Data/_workings/resource/GTEv8//GTExv8.EUR.Brain_Hippocampus/ENSG00000108244.16.wgt.RDat	ENSG00000108244.16	17	40937633	40937634	0.1948	rs11078945	-5.58	rs9916638	0.030928	3.98	0.54097	444	9	enet	0.073	5e-04	0.6342	0.526
Brain_Hippocampus	/media/kame/Data/_workings/resource/GTEv8//GTExv8.EUR.Brain_Hippocampus/ENSG00000141698.16.wgt.RDat	ENSG00000141698.16	17	41836262	41836263	0.3318	rs7222250	4.44	rs8073219	0.217643	5.96	-0.56766	407	14	enet	0.16	2.3e-07	-0.4917	0.623
Brain_Hippocampus	/media/kame/Data/_workings/resource/GTEv8//GTExv8.EUR.Brain_Hippocampus/ENSG00000108785.7.wgt.RDat	ENSG00000108785.7	17	42546763	42546764	0.1778	rs12453256	-6.93	rs9897702	0.049875	-3.81	-1.35181	250	14	enet	0.04	0.0083	1.0197	0.308
Brain_Hippocampus	/media/kame/Data/_workings/resource/GTEv8//GTExv8.EUR.Brain_Hippocampus/ENSG00000131470.14.wgt.RDat	ENSG00000131470.14	17	42577830	42577831	0.1886	rs12453256	-7.21	rs4796649	-0.004753	-3.33	1.062	253	33	enet	0.0043	0.2	-1.9665	0.0492
Brain_Hippocampus	/media/kame/Data/_workings/resource/GTEv8//GTExv8.EUR.Brain_Hippocampus/ENSG00000037042.8.wgt.RDat	ENSG00000037042.8	17	42659304	42659305	0.2807	rs12453256	-6.33	rs7217821	0.185325	6.45	-4.94252	254	32	enet	0.22	8.3e-10	-4.2257	2.38e-05
Brain_Hippocampus	/media/kame/Data/_workings/resource/GTEv8//GTExv8.EUR.Brain_Hippocampus/ENSG00000198496.10.wgt.RDat	ENSG00000198496.10	17	43125609	43125610	0.617	rs2134808	-6.31	rs3950989	0.640935	-9.85	0.61913	239	20	enet	0.62	5.6e-33	-0.6433	0.52
Brain_Hippocampus	/media/kame/Data/_workings/resource/GTEv8//GTExv8.EUR.Brain_Hippocampus/ENSG00000267681.1.wgt.RDat	ENSG00000267681.1	17	43145113	43145114	0.1198	rs3760384	-5.38	rs2175957	0.014609	-3.57	0.55382	249	36	enet	0.0016	0.27	0.9079	0.364
Brain_Hippocampus	/media/kame/Data/_workings/resource/GTEv8//GTExv8.EUR.Brain_Hippocampus/ENSG00000188554.13.wgt.RDat	ENSG00000188554.13	17	43171201	43171202	0.0918	rs3760384	-5.38	rs11650132	0.11198	-4.26	0.9968	250	18	enet	0.075	0.00042	-0.8812	0.378
Brain_Hippocampus	/media/kame/Data/_workings/resource/GTEv8//GTExv8.EUR.Brain_Hippocampus/ENSG00000236383.8.wgt.RDat	ENSG00000236383.8	17	43305396	43305397	0.1611	rs9891712	-3.6	rs4239149	0.129762	-4.83	0.94291	291	15	enet	0.09	0.00011	-0.7671	0.443
Brain_Hippocampus	/media/kame/Data/_workings/resource/GTEv8//GTExv8.EUR.Brain_Hippocampus/ENSG00000267080.5.wgt.RDat	ENSG00000267080.5	17	44186716	44186717	0.3313	rs8069752	-2.29	rs4239142	-0.000974	-3.41	0.02754	352	43	enet	0.089	0.00013	-1.2175	0.223
Brain_Hippocampus	/media/kame/Data/_workings/resource/GTEv8//GTExv8.EUR.Brain_Hippocampus/ENSG00000168591.15.wgt.RDat	ENSG00000168591.15	17	44186969	44186970	0.2748	rs8069752	-2.29	rs425038	0.028656	3.92	0.73995	352	27	enet	-0.0014	0.38	0.5465	0.585
Brain_Hippocampus	/media/kame/Data/_workings/resource/GTEv8//GTExv8.EUR.Brain_Hippocampus/ENSG00000260793.2.wgt.RDat	ENSG00000260793.2	17	44221914	44221915	0.1588	rs8069752	-2.29	rs7209801	0.108464	-4.37	0.60954	343	4	enet	-0.0035	0.49	-0.5661	0.571
Brain_Hippocampus	/media/kame/Data/_workings/resource/GTEv8//GTExv8.EUR.Brain_Hippocampus/ENSG00000013306.15.wgt.RDat	ENSG00000013306.15	17	44324869	44324870	0.4379	rs3744477	2.42	rs850714	0.236485	6.13	0.22391	341	13	enet	0.23	3.4e-10	0.3408	0.733
Brain_Hippocampus	/media/kame/Data/_workings/resource/GTEv8//GTExv8.EUR.Brain_Hippocampus/ENSG00000161692.17.wgt.RDat	ENSG00000161692.17	17	44708607	44708608	0.6669	rs7217321	-8.12	rs34839354	0.277008	-7.09	1.07852	389	24	enet	0.29	7.9e-13	-0.6326	0.527
Brain_Hippocampus	/media/kame/Data/_workings/resource/GTEv8//GTExv8.EUR.Brain_Hippocampus/ENSG00000136448.11.wgt.RDat	ENSG00000136448.11	17	45051661	45051662	0.3157	rs7217321	-8.12	rs6503422	0.181757	5.32	-4.43705	329	7	enet	0.11	1.4e-05	-3.5939	0.000326
Brain_Hippocampus	/media/kame/Data/_workings/resource/GTEv8//GTExv8.EUR.Brain_Hippocampus/ENSG00000172992.11.wgt.RDat	ENSG00000172992.11	17	45061108	45061109	0.3541	rs7217321	-8.12	rs9898793	0.066543	-4.98	-5.99099	324	14	enet	0.16	2.6e-07	4.4044	1.06e-05
Brain_Hippocampus	/media/kame/Data/_workings/resource/GTEv8//GTExv8.EUR.Brain_Hippocampus/ENSG00000181513.14.wgt.RDat	ENSG00000181513.14	17	45132599	45132600	0.2179	rs7217321	-8.12	rs2291447	0.132113	4.77	0.63209	283	13	enet	0.1	4.7e-05	-0.5972	0.55
Brain_Hippocampus	/media/kame/Data/_workings/resource/GTEv8//GTExv8.EUR.Brain_Hippocampus/ENSG00000233175.2.wgt.RDat	ENSG00000233175.2	17	45241733	45241734	0.4221	rs7217321	-8.12	rs1552458	0.008941	4.25	-1.36918	256	14	enet	0.056	0.002	-3.6083	0.000308
Brain_Hippocampus	/media/kame/Data/_workings/resource/GTEv8//GTExv8.EUR.Brain_Hippocampus/ENSG00000266918.1.wgt.RDat	ENSG00000266918.1	17	45531576	45531577	0.1171	rs242939	9.79	rs708563	-0.006406	-2.88	-0.06993	142	21	enet	0.011	0.11	0.7566	0.449
Brain_Hippocampus	/media/kame/Data/_workings/resource/GTEv8//GTExv8.EUR.Brain_Hippocampus/ENSG00000262500.1.wgt.RDat	ENSG00000262500.1	17	46243605	46243606	0.3928	rs199456	-23.99	rs199443	0.51047	9	-22.69017	58	21	enet	0.53	3e-26	-19.8465	1.18e-87
Brain_Hippocampus	/media/kame/Data/_workings/resource/GTEv8//GTExv8.EUR.Brain_Hippocampus/ENSG00000262539.1.wgt.RDat	ENSG00000262539.1	17	46260605	46260606	0.3829	rs199456	-23.99	rs199451	0.545201	9.05	-23.77808	65	35	enet	0.55	1.2e-27	-20.2564	3.12e-91
Brain_Hippocampus	/media/kame/Data/_workings/resource/GTEv8//GTExv8.EUR.Brain_Hippocampus/ENSG00000261575.2.wgt.RDat	ENSG00000261575.2	17	46267036	46267037	0.1445	rs199456	-23.99	rs17689471	0.126799	4.64	-15.59384	65	22	enet	0.1	4.4e-05	-14.0411	8.74e-45
Brain_Hippocampus	/media/kame/Data/_workings/resource/GTEv8//GTExv8.EUR.Brain_Hippocampus/ENSG00000228696.8.wgt.RDat	ENSG00000228696.8	17	46361796	46361797	0.7898	rs199456	-23.99	rs17698176	0.225136	5.87	-0.40279	60	27	enet	0.3	2.3e-13	-11.5579	6.73e-31
Brain_Hippocampus	/media/kame/Data/_workings/resource/GTEv8//GTExv8.EUR.Brain_Hippocampus/ENSG00000260075.1.wgt.RDat	ENSG00000260075.1	17	46372854	46372855	0.8065	rs199456	-23.99	rs17698176	0.324816	7.06	-0.40279	64	13	enet	0.37	9.2e-17	-4.3487	1.37e-05
Brain_Hippocampus	/media/kame/Data/_workings/resource/GTEv8//GTExv8.EUR.Brain_Hippocampus/ENSG00000238083.7.wgt.RDat	ENSG00000238083.7	17	46511510	46511511	0.682	rs199456	-23.99	rs169201	0.531463	9.03	-23.76528	135	36	enet	0.55	6.6e-28	-22.5862	5.93e-113
Brain_Hippocampus	/media/kame/Data/_workings/resource/GTEv8//GTExv8.EUR.Brain_Hippocampus/ENSG00000185829.17.wgt.RDat	ENSG00000185829.17	17	46579681	46579682	0.2492	rs199456	-23.99	rs199451	0.179868	5.64	-23.77808	142	19	enet	0.17	7.6e-08	-16.1831	6.64e-59
Brain_Hippocampus	/media/kame/Data/_workings/resource/GTEv8//GTExv8.EUR.Brain_Hippocampus/ENSG00000179673.4.wgt.RDat	ENSG00000179673.4	17	46979247	46979248	0.1053	rs199456	-23.99	rs9889762	0.007981	-3.56	2.69437	294	14	enet	0.0015	0.27	-1.471	0.141
Brain_Hippocampus	/media/kame/Data/_workings/resource/GTEv8//GTExv8.EUR.Brain_Hippocampus/ENSG00000263142.5.wgt.RDat	ENSG00000263142.5	17	47017192	47017193	0.1733	rs199456	-23.99	rs16941443	0.153198	5.12	-1.16139	296	13	enet	0.12	9.9e-06	-1.0838	0.278
Brain_Hippocampus	/media/kame/Data/_workings/resource/GTEv8//GTExv8.EUR.Brain_Hippocampus/ENSG00000262879.5.wgt.RDat	ENSG00000262879.5	17	47100322	47100323	0.5977	rs199456	-23.99	rs17676978	0.303018	6.82	0.83807	299	29	enet	0.38	4.1e-17	0.711	0.477
Brain_Hippocampus	/media/kame/Data/_workings/resource/GTEv8//GTExv8.EUR.Brain_Hippocampus/ENSG00000178852.15.wgt.RDat	ENSG00000178852.15	17	47323289	47323290	0.2847	rs34134208	4.67	rs8065669	0.062968	4.65	-0.14607	344	16	enet	0.063	0.0012	-1.1281	0.259
Brain_Hippocampus	/media/kame/Data/_workings/resource/GTEv8//GTExv8.EUR.Brain_Hippocampus/ENSG00000141279.15.wgt.RDat	ENSG00000141279.15	17	47522941	47522942	0.1272	rs16948835	4.67	rs4793842	0.02345	-4.16	0.12632	363	11	enet	0.045	0.0054	-0.8703	0.384
Brain_Hippocampus	/media/kame/Data/_workings/resource/GTEv8//GTExv8.EUR.Brain_Hippocampus/ENSG00000264920.1.wgt.RDat	ENSG00000264920.1	17	47895811	47895812	0.4331	rs16948835	4.67	rs2228251	0.146592	5.3	0.0365	377	15	enet	0.11	2.1e-05	-0.2706	0.787
Brain_Hippocampus	/media/kame/Data/_workings/resource/GTEv8//GTExv8.EUR.Brain_Hippocampus/ENSG00000108465.14.wgt.RDat	ENSG00000108465.14	17	47967809	47967810	0.2722	rs16948835	4.67	rs2525105	0.11396	-4.95	-0.03942	385	13	enet	0.13	5.4e-06	0.1758	0.86
Brain_Hippocampus	/media/kame/Data/_workings/resource/GTEv8//GTExv8.EUR.Brain_Hippocampus/ENSG00000108468.14.wgt.RDat	ENSG00000108468.14	17	48101520	48101521	0.2277	rs16948835	4.67	rs12451815	-0.00506	3.71	0.53301	442	22	enet	0.0076	0.15	-1.4799	0.139
Brain_Hippocampus	/media/kame/Data/_workings/resource/GTEv8//GTExv8.EUR.Brain_Hippocampus/ENSG00000173917.10.wgt.RDat	ENSG00000173917.10	17	48544988	48544989	0.1145	rs3816272	7.3	rs4534896	0.005569	-4.28	0.46391	408	11	enet	-0.0035	0.49	-1.0864	0.277
Brain_Hippocampus	/media/kame/Data/_workings/resource/GTEv8//GTExv8.EUR.Brain_Hippocampus/ENSG00000170703.15.wgt.RDat	ENSG00000170703.15	17	48817213	48817214	0.4592	rs1523136	7.6	rs612720	0.249452	6.34	3.33508	392	19	enet	0.22	5.8e-10	2.9691	0.00299
Brain_Hippocampus	/media/kame/Data/_workings/resource/GTEv8//GTExv8.EUR.Brain_Hippocampus/ENSG00000159199.13.wgt.RDat	ENSG00000159199.13	17	48892764	48892765	0.1405	rs1523136	7.6	rs4793990	0.000722	-3.5	4.83716	390	15	enet	0.01	0.11	-2.3043	0.0212
Brain_Hippocampus	/media/kame/Data/_workings/resource/GTEv8//GTExv8.EUR.Brain_Hippocampus/ENSG00000248278.1.wgt.RDat	ENSG00000248278.1	17	48908982	48908983	0.1649	rs1523136	7.6	rs318095	0.101608	-4.21	1.81051	396	10	enet	0.065	0.00095	-2.0097	0.0445
Brain_Hippocampus	/media/kame/Data/_workings/resource/GTEv8//GTExv8.EUR.Brain_Hippocampus/ENSG00000159210.9.wgt.RDat	ENSG00000159210.9	17	48945116	48945117	0.1827	rs1523136	7.6	rs999475	0.120159	-4.52	5.17307	397	12	enet	0.072	0.00052	-5.2355	1.65e-07
Brain_Hippocampus	/media/kame/Data/_workings/resource/GTEv8//GTExv8.EUR.Brain_Hippocampus/ENSG00000108823.15.wgt.RDat	ENSG00000108823.15	17	50165984	50165985	0.4865	rs1460211	4.39	rs2412299	0.345759	7.31	-0.74201	433	26	enet	0.29	1.1e-12	-0.7034	0.482
Brain_Hippocampus	/media/kame/Data/_workings/resource/GTEv8//GTExv8.EUR.Brain_Hippocampus/ENSG00000279792.1.wgt.RDat	ENSG00000279792.1	17	50365231	50365232	0.2336	rs764888	5.12	rs4794152	-0.005107	-3.44	-0.06158	476	33	enet	-0.0043	0.55	0.2603	0.795
Brain_Hippocampus	/media/kame/Data/_workings/resource/GTEv8//GTExv8.EUR.Brain_Hippocampus/ENSG00000250286.1.wgt.RDat	ENSG00000250286.1	17	50538753	50538754	0.2791	rs764888	5.12	rs1460213	0.14279	5.01	0.54372	447	11	enet	0.074	0.00043	0.7608	0.447
Brain_Hippocampus	/media/kame/Data/_workings/resource/GTEv8//GTExv8.EUR.Brain_Hippocampus/ENSG00000006282.20.wgt.RDat	ENSG00000006282.20	17	50546305	50546306	0.8419	rs764888	5.12	rs989128	0.536071	-8.96	0.19899	446	18	enet	0.52	2.9e-25	-0.2763	0.782
Brain_Hippocampus	/media/kame/Data/_workings/resource/GTEv8//GTExv8.EUR.Brain_Hippocampus/ENSG00000239672.7.wgt.RDat	ENSG00000239672.7	17	51153535	51153536	0.2403	rs764888	5.12	rs16949649	0.148801	4.88	-0.19996	420	59	enet	0.13	4e-06	0.9273	0.354
Brain_Hippocampus	/media/kame/Data/_workings/resource/GTEv8//GTExv8.EUR.Brain_Hippocampus/ENSG00000243678.11.wgt.RDat	ENSG00000243678.11	17	51165434	51165435	0.3563	rs764888	5.12	rs9907636	0.247748	-6.54	0.16566	433	12	enet	0.24	7.9e-11	-0.0572	0.954
Brain_Hippocampus	/media/kame/Data/_workings/resource/GTEv8//GTExv8.EUR.Brain_Hippocampus/ENSG00000011260.13.wgt.RDat	ENSG00000011260.13	17	51260527	51260528	0.2856	rs764888	5.12	rs4794230	0.135378	5.04	0.19767	438	13	enet	0.12	1.1e-05	0.5075	0.612
Brain_Hippocampus	/media/kame/Data/_workings/resource/GTEv8//GTExv8.EUR.Brain_Hippocampus/ENSG00000166260.10.wgt.RDat	ENSG00000166260.10	17	54968763	54968764	0.2249	rs714035	-6.19	rs11869726	0.093304	-5.27	1.39858	499	10	enet	0.14	1e-06	-1.4904	0.136
Brain_Hippocampus	/media/kame/Data/_workings/resource/GTEv8//GTExv8.EUR.Brain_Hippocampus/ENSG00000279207.1.wgt.RDat	ENSG00000279207.1	17	58095671	58095672	0.501	rs11656302	-6.77	rs9896162	0.156619	5.64	0.37449	464	24	enet	0.23	3.2e-10	1.576	0.115
Brain_Hippocampus	/media/kame/Data/_workings/resource/GTEv8//GTExv8.EUR.Brain_Hippocampus/ENSG00000121053.5.wgt.RDat	ENSG00000121053.5	17	58192736	58192737	0.2065	rs1476730	-4.55	rs8077426	0.041499	-3.93	0.19295	414	11	enet	0.064	0.001	-0.9844	0.325
Brain_Hippocampus	/media/kame/Data/_workings/resource/GTEv8//GTExv8.EUR.Brain_Hippocampus/ENSG00000121101.15.wgt.RDat	ENSG00000121101.15	17	58692054	58692055	0.2546	rs2687065	5.38	rs11654986	0.204834	-5.79	0.17401	303	16	enet	0.18	2.4e-08	0.8665	0.386
Brain_Hippocampus	/media/kame/Data/_workings/resource/GTEv8//GTExv8.EUR.Brain_Hippocampus/ENSG00000108384.14.wgt.RDat	ENSG00000108384.14	17	58692572	58692573	0.2697	rs2687065	5.38	rs17822908	0.171868	-5.8	0.60255	303	19	enet	0.17	1e-07	-0.7036	0.482
Brain_Hippocampus	/media/kame/Data/_workings/resource/GTEv8//GTExv8.EUR.Brain_Hippocampus/ENSG00000182628.12.wgt.RDat	ENSG00000182628.12	17	59155268	59155269	0.2124	rs1557814	6.72	rs7224035	0.069652	-4.6	-0.57285	293	13	enet	0.062	0.0012	0.0863	0.931
Brain_Hippocampus	/media/kame/Data/_workings/resource/GTEv8//GTExv8.EUR.Brain_Hippocampus/ENSG00000068097.14.wgt.RDat	ENSG00000068097.14	17	60078930	60078931	0.3819	rs1292060	5.06	rs2087840	0.133578	5.47	0.64049	221	24	enet	0.19	1.8e-08	0.8334	0.405
Brain_Hippocampus	/media/kame/Data/_workings/resource/GTEv8//GTExv8.EUR.Brain_Hippocampus/ENSG00000173838.11.wgt.RDat	ENSG00000173838.11	17	62808343	62808344	0.137	rs1588368	-5.94	rs7218774	0.020868	-3.19	0.40902	237	26	enet	0.0092	0.12	0.4761	0.634
Brain_Hippocampus	/media/kame/Data/_workings/resource/GTEv8//GTExv8.EUR.Brain_Hippocampus/ENSG00000008283.15.wgt.RDat	ENSG00000008283.15	17	63446377	63446378	0.5017	rs17745579	-4.34	rs3087776	0.417237	-8.12	-1.64754	255	24	enet	0.38	3.8e-17	0.8313	0.406
Brain_Hippocampus	/media/kame/Data/_workings/resource/GTEv8//GTExv8.EUR.Brain_Hippocampus/ENSG00000266173.6.wgt.RDat	ENSG00000266173.6	17	63741985	63741986	0.2274	rs3181027	4.62	rs2854160	0.006741	-3.59	-0.38158	312	46	enet	0.037	0.01	-0.0856	0.932
Brain_Hippocampus	/media/kame/Data/_workings/resource/GTEv8//GTExv8.EUR.Brain_Hippocampus/ENSG00000198231.12.wgt.RDat	ENSG00000198231.12	17	63773775	63773776	0.3252	rs3181027	4.94	rs6504182	0.312988	-7.18	-0.01153	314	31	enet	0.29	5.2e-13	-0.1901	0.849
Brain_Hippocampus	/media/kame/Data/_workings/resource/GTEv8//GTExv8.EUR.Brain_Hippocampus/ENSG00000087191.12.wgt.RDat	ENSG00000087191.12	17	63827671	63827672	0.2161	rs3181027	4.47	rs2854160	0.04956	4.65	-0.38158	326	28	enet	0.034	0.014	0.5021	0.616
Brain_Hippocampus	/media/kame/Data/_workings/resource/GTEv8//GTExv8.EUR.Brain_Hippocampus/ENSG00000108592.16.wgt.RDat	ENSG00000108592.16	17	63830011	63830012	0.3802	rs3181027	4.47	rs28386778	0.427346	-8.12	-1.44802	328	41	enet	0.42	1.8e-19	1.94	0.0524
Brain_Hippocampus	/media/kame/Data/_workings/resource/GTEv8//GTExv8.EUR.Brain_Hippocampus/ENSG00000263647.1.wgt.RDat	ENSG00000263647.1	17	64762709	64762710	0.091	rs4790961	-2.84	rs2075552	-0.003004	3.84	-0.39296	213	23	enet	-0.0033	0.48	-0.1571	0.875
Brain_Hippocampus	/media/kame/Data/_workings/resource/GTEv8//GTExv8.EUR.Brain_Hippocampus/ENSG00000277476.1.wgt.RDat	ENSG00000277476.1	17	68133200	68133201	0.2815	rs35191309	-5.34	rs7225648	-0.004557	-3.12	-0.20786	322	17	enet	-0.0056	0.68	0.6049	0.545
Brain_Hippocampus	/media/kame/Data/_workings/resource/GTEv8//GTExv8.EUR.Brain_Hippocampus/ENSG00000278740.1.wgt.RDat	ENSG00000278740.1	17	68188546	68188547	0.4265	rs35191309	-5.34	rs12938107	0.318062	6.95	1.34596	340	31	enet	0.28	1.9e-12	0.7258	0.468
Brain_Hippocampus	/media/kame/Data/_workings/resource/GTEv8//GTExv8.EUR.Brain_Hippocampus/ENSG00000267731.1.wgt.RDat	ENSG00000267731.1	17	68189883	68189884	0.2059	rs35191309	-5.34	rs7210299	0.105597	4.22	-3.5839	341	13	enet	0.077	0.00035	-1.79	0.0734
Brain_Hippocampus	/media/kame/Data/_workings/resource/GTEv8//GTExv8.EUR.Brain_Hippocampus/ENSG00000274712.1.wgt.RDat	ENSG00000274712.1	17	68205488	68205489	0.4092	rs35191309	-5.34	rs7223873	0.179583	-5.39	-0.68186	344	29	enet	0.11	1.9e-05	1.6157	0.106
Brain_Hippocampus	/media/kame/Data/_workings/resource/GTEv8//GTExv8.EUR.Brain_Hippocampus/ENSG00000154258.16.wgt.RDat	ENSG00000154258.16	17	69061063	69061064	0.181	rs2053585	-2.44	rs4141177	0.106368	-4.67	0.68697	464	10	enet	0.068	0.00077	-0.5306	0.596
Brain_Hippocampus	/media/kame/Data/_workings/resource/GTEv8//GTExv8.EUR.Brain_Hippocampus/ENSG00000154262.12.wgt.RDat	ENSG00000154262.12	17	69141887	69141888	0.521	rs2053585	-2.44	rs4968838	0.323149	-7.09	0.68963	460	17	enet	0.29	1.2e-12	-0.8571	0.391
Brain_Hippocampus	/media/kame/Data/_workings/resource/GTEv8//GTExv8.EUR.Brain_Hippocampus/ENSG00000154263.17.wgt.RDat	ENSG00000154263.17	17	69228859	69228860	0.321	rs2053585	-2.44	rs4968852	0.064488	-4.54	-0.11816	416	25	enet	0.048	0.0042	0.581	0.561
Brain_Hippocampus	/media/kame/Data/_workings/resource/GTEv8//GTExv8.EUR.Brain_Hippocampus/ENSG00000256124.5.wgt.RDat	ENSG00000256124.5	17	72030290	72030291	0.4149	rs980157	7.86	rs2058742	0.169132	-5.45	-0.01027	506	18	enet	0.17	9.7e-08	-0.6126	0.54
Brain_Hippocampus	/media/kame/Data/_workings/resource/GTEv8//GTExv8.EUR.Brain_Hippocampus/ENSG00000279035.1.wgt.RDat	ENSG00000279035.1	17	75130882	75130883	0.1472	rs8074291	-4.31	rs2242229	0.013429	3.73	-0.11852	393	14	enet	0.017	0.059	0.2928	0.77
Brain_Hippocampus	/media/kame/Data/_workings/resource/GTEv8//GTExv8.EUR.Brain_Hippocampus/ENSG00000125450.10.wgt.RDat	ENSG00000125450.10	17	75205658	75205659	0.5694	rs8074291	-4.31	rs4238979	0.451964	8.35	0.23257	374	12	enet	0.43	3.1e-20	0.147	0.883
Brain_Hippocampus	/media/kame/Data/_workings/resource/GTEv8//GTExv8.EUR.Brain_Hippocampus/ENSG00000132481.6.wgt.RDat	ENSG00000132481.6	17	75876370	75876371	0.2787	rs881564	6.01	rs9908862	0.235808	-6	1.52584	382	6	enet	0.15	6.9e-07	-1.0028	0.316
Brain_Hippocampus	/media/kame/Data/_workings/resource/GTEv8//GTExv8.EUR.Brain_Hippocampus/ENSG00000141569.10.wgt.RDat	ENSG00000141569.10	17	75897002	75897003	0.3395	rs881564	6.01	rs7370	0.229778	5.92	0.06598	388	8	enet	0.19	1.5e-08	-0.0791	0.937
Brain_Hippocampus	/media/kame/Data/_workings/resource/GTEv8//GTExv8.EUR.Brain_Hippocampus/ENSG00000188878.19.wgt.RDat	ENSG00000188878.19	17	75941055	75941056	0.402	rs881564	6.01	rs1135889	0.22933	6.12	-0.07993	400	13	enet	0.18	3.8e-08	-0.1699	0.865
Brain_Hippocampus	/media/kame/Data/_workings/resource/GTEv8//GTExv8.EUR.Brain_Hippocampus/ENSG00000257949.6.wgt.RDat	ENSG00000257949.6	17	75979363	75979364	0.4384	rs881564	6.01	rs2069528	0.262451	-6.39	-0.00183	405	22	enet	0.15	8.2e-07	-0.2445	0.807
Brain_Hippocampus	/media/kame/Data/_workings/resource/GTEv8//GTExv8.EUR.Brain_Hippocampus/ENSG00000250506.7.wgt.RDat	ENSG00000250506.7	17	76000905	76000906	0.4878	rs881564	6.01	rs2069528	0.251442	-6.29	-0.00183	403	21	enet	0.24	7.4e-11	-0.272	0.786
Brain_Hippocampus	/media/kame/Data/_workings/resource/GTEv8//GTExv8.EUR.Brain_Hippocampus/ENSG00000161542.16.wgt.RDat	ENSG00000161542.16	17	76384520	76384521	0.3911	rs881564	6.01	rs407281	0.176137	-5.77	-0.76153	419	15	enet	0.14	1.7e-06	1.088	0.277
Brain_Hippocampus	/media/kame/Data/_workings/resource/GTEv8//GTExv8.EUR.Brain_Hippocampus/ENSG00000284526.1.wgt.RDat	ENSG00000284526.1	17	76569790	76569791	0.2036	rs881564	6.01	rs11870348	0.001612	-3.71	-0.78836	500	2	enet	-0.0037	0.51	1.1224	0.262
Brain_Hippocampus	/media/kame/Data/_workings/resource/GTEv8//GTExv8.EUR.Brain_Hippocampus/ENSG00000182534.13.wgt.RDat	ENSG00000182534.13	17	76711015	76711016	0.5493	rs2240769	-4.4	rs4788942	0.352427	7.34	0.09589	515	19	enet	0.35	1.2e-15	0.7218	0.47
Brain_Hippocampus	/media/kame/Data/_workings/resource/GTEv8//GTExv8.EUR.Brain_Hippocampus/ENSG00000092931.11.wgt.RDat	ENSG00000092931.11	17	76736548	76736549	0.4208	rs2240769	-4.4	rs685441	0.018567	-3.76	-0.71599	521	31	enet	0.033	0.015	2.0219	0.0432
Brain_Hippocampus	/media/kame/Data/_workings/resource/GTEv8//GTExv8.EUR.Brain_Hippocampus/ENSG00000183077.15.wgt.RDat	ENSG00000183077.15	17	78187316	78187317	0.2515	rs4789588	4.95	rs9897263	-0.006121	-4.01	-0.48132	529	9	enet	-0.0063	0.8	0.6798	0.497
Brain_Hippocampus	/media/kame/Data/_workings/resource/GTEv8//GTExv8.EUR.Brain_Hippocampus/ENSG00000055483.19.wgt.RDat	ENSG00000055483.19	17	78841440	78841441	0.3817	rs8081752	-4.18	rs8072569	0.221845	-5.9	-1.2866	623	5	enet	0.16	3e-07	1.2527	0.21
Brain_Hippocampus	/media/kame/Data/_workings/resource/GTEv8//GTExv8.EUR.Brain_Hippocampus/ENSG00000171298.12.wgt.RDat	ENSG00000171298.12	17	80101555	80101556	0.4224	rs2650254	4.77	rs12450199	0.315023	-7.03	0.07434	434	12	enet	0.28	1.2e-12	-0.3919	0.695
Brain_Hippocampus	/media/kame/Data/_workings/resource/GTEv8//GTExv8.EUR.Brain_Hippocampus/ENSG00000262580.5.wgt.RDat	ENSG00000262580.5	17	80205948	80205949	0.526	rs2650254	4.77	rs2304856	0.248048	7	2.00816	482	26	enet	0.29	4.6e-13	2.1848	0.0289
Brain_Hippocampus	/media/kame/Data/_workings/resource/GTEv8//GTExv8.EUR.Brain_Hippocampus/ENSG00000261924.1.wgt.RDat	ENSG00000261924.1	17	80971212	80971213	0.4941	rs8073904	-5.5	rs1976702	0.249755	6.38	0.25355	435	20	enet	0.24	8e-11	0.1386	0.89
Brain_Hippocampus	/media/kame/Data/_workings/resource/GTEv8//GTExv8.EUR.Brain_Hippocampus/ENSG00000176108.9.wgt.RDat	ENSG00000176108.9	17	80991597	80991598	0.2783	rs8073904	-5.5	rs12943170	0.019433	-3.55	-0.05783	436	35	enet	0.04	0.0084	1.1173	0.264
Brain_Hippocampus	/media/kame/Data/_workings/resource/GTEv8//GTExv8.EUR.Brain_Hippocampus/ENSG00000157637.12.wgt.RDat	ENSG00000157637.12	17	81295546	81295547	0.3284	rs8073904	-5.5	rs4969438	0.017549	4.06	-0.06431	405	28	enet	0.086	0.00016	1.0719	0.284
Brain_Hippocampus	/media/kame/Data/_workings/resource/GTEv8//GTExv8.EUR.Brain_Hippocampus/ENSG00000262223.6.wgt.RDat	ENSG00000262223.6	17	81385359	81385360	0.3993	rs8073904	-5.5	rs11655604	0.224614	5.99	-0.37316	356	20	enet	0.21	2.1e-09	-0.7445	0.457
Brain_Hippocampus	/media/kame/Data/_workings/resource/GTEv8//GTExv8.EUR.Brain_Hippocampus/ENSG00000214087.8.wgt.RDat	ENSG00000214087.8	17	81683923	81683924	0.4999	rs8069378	3.23	rs8071084	0.347364	-7.46	-0.1178	317	4	enet	0.35	1.1e-15	0.0474	0.962
Brain_Hippocampus	/media/kame/Data/_workings/resource/GTEv8//GTExv8.EUR.Brain_Hippocampus/ENSG00000275902.1.wgt.RDat	ENSG00000275902.1	17	81697713	81697714	0.2065	rs8069378	3.23	rs8071084	0.070422	4.23	-0.1178	314	15	enet	0.012	0.097	-0.1769	0.86
Brain_Hippocampus	/media/kame/Data/_workings/resource/GTEv8//GTExv8.EUR.Brain_Hippocampus/ENSG00000235296.1.wgt.RDat	ENSG00000235296.1	17	81941868	81941869	0.1841	rs17855476	4.32	rs6565606	0.142068	-4.78	0.05901	305	19	enet	0.081	0.00025	0.0976	0.922
Brain_Hippocampus	/media/kame/Data/_workings/resource/GTEv8//GTExv8.EUR.Brain_Hippocampus/ENSG00000185105.5.wgt.RDat	ENSG00000185105.5	17	81947136	81947137	0.1951	rs2306758	6	rs35935560	0.094836	4.23	-0.37477	309	9	enet	0.033	0.014	-0.0557	0.956
Brain_Hippocampus	/media/kame/Data/_workings/resource/GTEv8//GTExv8.EUR.Brain_Hippocampus/ENSG00000169689.14.wgt.RDat	ENSG00000169689.14	17	82022917	82022918	0.592	rs9303029	6.96	rs3934983	0.301981	-7.12	2.15874	312	27	enet	0.3	2.8e-13	-2.7362	0.00621
Brain_Hippocampus	/media/kame/Data/_workings/resource/GTEv8//GTExv8.EUR.Brain_Hippocampus/ENSG00000176155.18.wgt.RDat	ENSG00000176155.18	17	82212829	82212830	0.2886	rs9303029	6.96	rs6502051	0.25255	-6.23	-0.00162	301	33	enet	0.16	2.8e-07	-0.133	0.894
Brain_Hippocampus	/media/kame/Data/_workings/resource/GTEv8//GTExv8.EUR.Brain_Hippocampus/ENSG00000181396.12.wgt.RDat	ENSG00000181396.12	17	82415626	82415627	0.3525	rs9303029	6.96	rs7217458	0.10127	-5.08	-0.45	364	6	enet	0.13	2.8e-06	1.3847	0.166
Brain_Hippocampus	/media/kame/Data/_workings/resource/GTEv8//GTExv8.EUR.Brain_Hippocampus/ENSG00000141560.14.wgt.RDat	ENSG00000141560.14	17	82716682	82716683	0.7001	rs9303029	6.96	rs2459703	0.384331	-7.79	-1.32609	366	36	enet	0.49	1.2e-23	0.8522	0.394
Brain_Hippocampus	/media/kame/Data/_workings/resource/GTEv8//GTExv8.EUR.Brain_Hippocampus/ENSG00000175711.8.wgt.RDat	ENSG00000175711.8	17	83051809	83051810	0.6427	rs2011631	3.87	rs3935099	0.277247	-7.28	0.13242	253	24	enet	0.42	2.8e-19	-1.481	0.139
Brain_Hippocampus	/media/kame/Data/_workings/resource/GTEv8//GTExv8.EUR.Brain_Hippocampus/ENSG00000263006.6.wgt.RDat	ENSG00000263006.6	18	109064	109065	0.576	rs8091082	-4.64	rs4797876	0.28548	6.7	-0.30199	310	16	enet	0.31	8.8e-14	0.3596	0.71912
Brain_Hippocampus	/media/kame/Data/_workings/resource/GTEv8//GTExv8.EUR.Brain_Hippocampus/ENSG00000132199.18.wgt.RDat	ENSG00000132199.18	18	712675	712676	0.249	rs4798774	7.48	rs7236252	0.04491	4.16	0.42593	623	19	enet	0.049	0.0036	0.8427	0.39941
Brain_Hippocampus	/media/kame/Data/_workings/resource/GTEv8//GTExv8.EUR.Brain_Hippocampus/ENSG00000101605.12.wgt.RDat	ENSG00000101605.12	18	3220107	3220108	0.509	rs7505690	5.34	rs4798075	0.13741	-4.82	1.20067	493	32	enet	0.12	1e-05	-1.7155	0.08625
Brain_Hippocampus	/media/kame/Data/_workings/resource/GTEv8//GTExv8.EUR.Brain_Hippocampus/ENSG00000266513.1.wgt.RDat	ENSG00000266513.1	18	3771429	3771430	0.36	rs17657040	5.22	rs3786443	0.1134	4.71	-0.00188	548	39	enet	-0.0024	0.42	-0.1749	0.86116
Brain_Hippocampus	/media/kame/Data/_workings/resource/GTEv8//GTExv8.EUR.Brain_Hippocampus/ENSG00000263753.6.wgt.RDat	ENSG00000263753.6	18	5238598	5238599	0.455	rs1785418	5.48	rs8576	0.33546	7.26	-0.27707	496	23	enet	0.34	4.1e-15	-0.0989	0.92122
Brain_Hippocampus	/media/kame/Data/_workings/resource/GTEv8//GTExv8.EUR.Brain_Hippocampus/ENSG00000082397.17.wgt.RDat	ENSG00000082397.17	18	5630699	5630700	0.417	rs9959352	-5.61	rs2186912	-0.00501	-3.75	-0.72961	583	48	enet	-0.0067	0.95	0.8306	0.40619
Brain_Hippocampus	/media/kame/Data/_workings/resource/GTEv8//GTExv8.EUR.Brain_Hippocampus/ENSG00000128791.11.wgt.RDat	ENSG00000128791.11	18	9334766	9334767	0.255	rs11081451	-6.18	rs16954989	0.05595	-4.58	-0.11188	500	21	enet	0.055	0.0022	1.0981	0.27216
Brain_Hippocampus	/media/kame/Data/_workings/resource/GTEv8//GTExv8.EUR.Brain_Hippocampus/ENSG00000263627.1.wgt.RDat	ENSG00000263627.1	18	9615263	9615264	0.537	rs543149	-3.94	rs2289684	0.33082	7.05	-0.12564	528	19	enet	0.33	1.2e-14	-0.0224	0.98216
Brain_Hippocampus	/media/kame/Data/_workings/resource/GTEv8//GTExv8.EUR.Brain_Hippocampus/ENSG00000134265.12.wgt.RDat	ENSG00000134265.12	18	10525904	10525905	0.179	rs16975183	5.07	rs11080425	0.07799	-4.67	-0.36162	676	14	enet	0.08	0.00028	0.4568	0.64778
Brain_Hippocampus	/media/kame/Data/_workings/resource/GTEv8//GTExv8.EUR.Brain_Hippocampus/ENSG00000264714.1.wgt.RDat	ENSG00000264714.1	18	10724618	10724619	0.296	rs16975183	5.07	rs7242053	-0.00295	-3.29	-0.12843	644	1	enet	-0.00031	0.33	0.1284	0.8978
Brain_Hippocampus	/media/kame/Data/_workings/resource/GTEv8//GTExv8.EUR.Brain_Hippocampus/ENSG00000267108.1.wgt.RDat	ENSG00000267108.1	18	12432896	12432897	0.511	rs16973056	-3.44	rs919	0.25303	6.51	1.72287	408	12	enet	0.16	1.6e-07	1.2506	0.21106
Brain_Hippocampus	/media/kame/Data/_workings/resource/GTEv8//GTExv8.EUR.Brain_Hippocampus/ENSG00000267199.1.wgt.RDat	ENSG00000267199.1	18	12438889	12438890	0.5	rs16973056	-3.44	rs17615158	0.19792	-6.28	0.65271	409	22	enet	0.27	6.1e-12	0.2664	0.78993
Brain_Hippocampus	/media/kame/Data/_workings/resource/GTEv8//GTExv8.EUR.Brain_Hippocampus/ENSG00000101639.18.wgt.RDat	ENSG00000101639.18	18	12991361	12991362	0.648	rs11662617	4.87	rs8097038	0.56972	9.27	0.39315	397	24	enet	0.58	1.3e-29	0.4987	0.618
Brain_Hippocampus	/media/kame/Data/_workings/resource/GTEv8//GTExv8.EUR.Brain_Hippocampus/ENSG00000175322.11.wgt.RDat	ENSG00000175322.11	18	14132489	14132490	0.306	rs4986175	3.75	rs8093228	0.14799	5.3	1.58306	283	18	enet	0.11	1.8e-05	0.9511	0.34155
Brain_Hippocampus	/media/kame/Data/_workings/resource/GTEv8//GTExv8.EUR.Brain_Hippocampus/ENSG00000265015.1.wgt.RDat	ENSG00000265015.1	18	15197774	15197775	0.575	rs786021	-4.25	rs3878725	0.29242	6.67	0.10105	80	18	enet	0.36	4.7e-16	0.4918	0.62286
Brain_Hippocampus	/media/kame/Data/_workings/resource/GTEv8//GTExv8.EUR.Brain_Hippocampus/ENSG00000101752.11.wgt.RDat	ENSG00000101752.11	18	21704956	21704957	0.372	rs17645925	5.39	rs7237961	0.24267	6.13	0.90318	252	17	enet	0.18	3.4e-08	0.6234	0.53305
Brain_Hippocampus	/media/kame/Data/_workings/resource/GTEv8//GTExv8.EUR.Brain_Hippocampus/ENSG00000154065.16.wgt.RDat	ENSG00000154065.16	18	23662884	23662885	0.152	rs4800467	6.19	rs1788769	-0.00357	-4.05	-0.13474	383	20	enet	0.035	0.012	0.2631	0.7925
Brain_Hippocampus	/media/kame/Data/_workings/resource/GTEv8//GTExv8.EUR.Brain_Hippocampus/ENSG00000265750.1.wgt.RDat	ENSG00000265750.1	18	24162042	24162043	0.249	rs17797779	-6.64	rs2120571	0.20252	5.87	0.05509	493	6	enet	0.25	6.7e-11	0.1385	0.88986
Brain_Hippocampus	/media/kame/Data/_workings/resource/GTEv8//GTExv8.EUR.Brain_Hippocampus/ENSG00000266489.1.wgt.RDat	ENSG00000266489.1	18	24518005	24518006	0.728	rs17797779	-6.64	rs955621	0.47296	8.42	-1.78496	570	17	enet	0.42	1.5e-19	-0.8585	0.39062
Brain_Hippocampus	/media/kame/Data/_workings/resource/GTEv8//GTExv8.EUR.Brain_Hippocampus/ENSG00000260372.6.wgt.RDat	ENSG00000260372.6	18	26655741	26655742	0.597	rs528831	-5.05	rs232319	0.38252	7.64	-1.28211	553	8	enet	0.34	2.3e-15	-1.1958	0.23176
Brain_Hippocampus	/media/kame/Data/_workings/resource/GTEv8//GTExv8.EUR.Brain_Hippocampus/ENSG00000154080.13.wgt.RDat	ENSG00000154080.13	18	27185316	27185317	0.239	rs12456956	-5.57	rs9635978	-0.00625	3.72	-1.58482	566	27	enet	-0.0021	0.41	-0.3427	0.73186
Brain_Hippocampus	/media/kame/Data/_workings/resource/GTEv8//GTExv8.EUR.Brain_Hippocampus/ENSG00000197705.9.wgt.RDat	ENSG00000197705.9	18	32773061	32773062	0.257	rs12605551	-5.75	rs12966947	0.09123	4.1	-0.90931	358	12	enet	0.05	0.0033	0.27	0.78717
Brain_Hippocampus	/media/kame/Data/_workings/resource/GTEv8//GTExv8.EUR.Brain_Hippocampus/ENSG00000274184.1.wgt.RDat	ENSG00000274184.1	18	35268217	35268218	0.281	rs532661	-4.55	rs4799791	0.06616	-5	-0.98639	397	17	enet	0.1	4.2e-05	1.4719	0.14104
Brain_Hippocampus	/media/kame/Data/_workings/resource/GTEv8//GTExv8.EUR.Brain_Hippocampus/ENSG00000134779.14.wgt.RDat	ENSG00000134779.14	18	36829215	36829216	0.217	rs685680	-4.97	rs621834	0.02064	-4.42	0.46941	431	17	enet	0.011	0.11	-0.0381	0.9696
Brain_Hippocampus	/media/kame/Data/_workings/resource/GTEv8//GTExv8.EUR.Brain_Hippocampus/ENSG00000150477.14.wgt.RDat	ENSG00000150477.14	18	36829239	36829240	0.181	rs685680	-4.97	rs1662908	0.08645	4.82	0.42661	431	39	enet	0.13	4.3e-06	-0.4082	0.68313
Brain_Hippocampus	/media/kame/Data/_workings/resource/GTEv8//GTExv8.EUR.Brain_Hippocampus/ENSG00000267707.2.wgt.RDat	ENSG00000267707.2	18	37246889	37246890	0.195	rs9959618	14.31	rs3909692	-0.00452	3.65	-0.34877	371	15	enet	0.003	0.23	-1.0106	0.31221
Brain_Hippocampus	/media/kame/Data/_workings/resource/GTEv8//GTExv8.EUR.Brain_Hippocampus/ENSG00000283458.1.wgt.RDat	ENSG00000283458.1	18	39314239	39314240	0.203	rs16971284	9.15	rs978807	-0.00447	3.57	2.36386	338	25	enet	0.023	0.037	-1.7216	0.08514
Brain_Hippocampus	/media/kame/Data/_workings/resource/GTEv8//GTExv8.EUR.Brain_Hippocampus/ENSG00000152223.12.wgt.RDat	ENSG00000152223.12	18	45967273	45967274	0.297	rs16978467	4.33	rs8089685	0.15588	5.18	0.36722	510	7	enet	0.065	0.00095	-0.1838	0.85421
Brain_Hippocampus	/media/kame/Data/_workings/resource/GTEv8//GTExv8.EUR.Brain_Hippocampus/ENSG00000278983.1.wgt.RDat	ENSG00000278983.1	18	48564794	48564795	0.527	rs16950298	4.84	rs1567656	0.2163	-5.92	1.46354	591	7	enet	0.18	4.5e-08	-1.5276	0.12662
Brain_Hippocampus	/media/kame/Data/_workings/resource/GTEv8//GTExv8.EUR.Brain_Hippocampus/ENSG00000267322.2.wgt.RDat	ENSG00000267322.2	18	49814022	49814023	0.142	rs1705513	-6.23	rs4939583	0.01723	-3.8	-0.24608	566	6	enet	0.00063	0.3	0.1958	0.84477
Brain_Hippocampus	/media/kame/Data/_workings/resource/GTEv8//GTExv8.EUR.Brain_Hippocampus/ENSG00000154832.14.wgt.RDat	ENSG00000154832.14	18	50288303	50288304	0.252	rs1705513	-6.23	rs8097868	0.00741	-3.34	2.06832	578	47	enet	0.00028	0.31	-0.5923	0.55364
Brain_Hippocampus	/media/kame/Data/_workings/resource/GTEv8//GTExv8.EUR.Brain_Hippocampus/ENSG00000101751.10.wgt.RDat	ENSG00000101751.10	18	54270028	54270029	0.228	rs7237206	8.24	rs11083046	0.05842	-4.37	-0.5707	383	25	enet	0.082	0.00023	-0.0205	0.98363
Brain_Hippocampus	/media/kame/Data/_workings/resource/GTEv8//GTExv8.EUR.Brain_Hippocampus/ENSG00000174448.8.wgt.RDat	ENSG00000174448.8	18	54357915	54357916	0.188	rs7237206	8.24	rs7242085	0.06218	4.41	-0.27774	384	19	enet	0.031	0.018	0.7464	0.4554
Brain_Hippocampus	/media/kame/Data/_workings/resource/GTEv8//GTExv8.EUR.Brain_Hippocampus/ENSG00000177511.5.wgt.RDat	ENSG00000177511.5	18	57350812	57350813	0.139	rs2083020	4	rs1542007	-0.00431	3.63	2.35882	538	3	enet	-0.0046	0.58	1.282	0.19984
Brain_Hippocampus	/media/kame/Data/_workings/resource/GTEv8//GTExv8.EUR.Brain_Hippocampus/ENSG00000101542.9.wgt.RDat	ENSG00000101542.9	18	61333581	61333582	0.308	rs9967273	-5.55	rs17808596	-0.00659	-3.84	1.02733	474	28	enet	-0.0038	0.51	-0.2004	0.84114
Brain_Hippocampus	/media/kame/Data/_workings/resource/GTEv8//GTExv8.EUR.Brain_Hippocampus/ENSG00000197563.10.wgt.RDat	ENSG00000197563.10	18	62187117	62187118	0.227	rs4941139	6.93	rs12458329	0.07225	4.9	-0.22425	509	32	enet	0.11	3e-05	-0.3506	0.72589
Brain_Hippocampus	/media/kame/Data/_workings/resource/GTEv8//GTExv8.EUR.Brain_Hippocampus/ENSG00000283667.1.wgt.RDat	ENSG00000283667.1	18	63969923	63969924	0.18	rs4462702	4.66	rs8099238	-0.0067	3.55	-0.11298	522	25	enet	-0.0065	0.85	0.3257	0.74466
Brain_Hippocampus	/media/kame/Data/_workings/resource/GTEv8//GTExv8.EUR.Brain_Hippocampus/ENSG00000150636.17.wgt.RDat	ENSG00000150636.17	18	68715298	68715299	0.275	rs681725	8.93	rs7227089	0.08096	4.04	1.73141	511	30	enet	0.0024	0.25	2.954	0.00314
Brain_Hippocampus	/media/kame/Data/_workings/resource/GTEv8//GTExv8.EUR.Brain_Hippocampus/ENSG00000278971.1.wgt.RDat	ENSG00000278971.1	18	70489629	70489630	0.473	rs1507540	5.55	rs11151588	0.31783	-7.1	-1.66683	396	31	enet	0.28	1.7e-12	1.4893	0.13641
Brain_Hippocampus	/media/kame/Data/_workings/resource/GTEv8//GTExv8.EUR.Brain_Hippocampus/ENSG00000166347.18.wgt.RDat	ENSG00000166347.18	18	74292015	74292016	0.374	rs41390746	4.77	rs17089168	0.06228	4.33	1.43151	650	25	enet	0.048	0.0041	-0.1477	0.8826
Brain_Hippocampus	/media/kame/Data/_workings/resource/GTEv8//GTExv8.EUR.Brain_Hippocampus/ENSG00000133313.14.wgt.RDat	ENSG00000133313.14	18	74495815	74495816	0.319	rs4891540	-4.45	rs8083001	0.10047	5.08	0.24539	545	31	enet	0.14	1.6e-06	1.8062	0.07089
Brain_Hippocampus	/media/kame/Data/_workings/resource/GTEv8//GTExv8.EUR.Brain_Hippocampus/ENSG00000150656.14.wgt.RDat	ENSG00000150656.14	18	74534439	74534440	0.225	rs4891540	-4.45	rs4892208	0.03117	3.66	0.01333	539	4	enet	0.0079	0.14	0.2504	0.8023
Brain_Hippocampus	/media/kame/Data/_workings/resource/GTEv8//GTExv8.EUR.Brain_Hippocampus/ENSG00000215421.9.wgt.RDat	ENSG00000215421.9	18	74597869	74597870	0.252	rs4891540	-4.45	rs4892246	0.01947	3.01	0.27618	542	52	enet	0.00046	0.3	0.3175	0.75086
Brain_Hippocampus	/media/kame/Data/_workings/resource/GTEv8//GTExv8.EUR.Brain_Hippocampus/ENSG00000264247.1.wgt.RDat	ENSG00000264247.1	18	74598507	74598508	0.544	rs4891540	-4.45	rs12956584	0.17384	5.27	0.58695	543	65	enet	0.23	3.6e-10	-0.7535	0.45113
Brain_Hippocampus	/media/kame/Data/_workings/resource/GTEv8//GTExv8.EUR.Brain_Hippocampus/ENSG00000278107.1.wgt.RDat	ENSG00000278107.1	18	76805735	76805736	0.247	rs11664952	-7.35	rs470443	0.10724	4.67	-1.39954	653	5	enet	0.048	0.004	0.0396	0.9684
Brain_Hippocampus	/media/kame/Data/_workings/resource/GTEv8//GTExv8.EUR.Brain_Hippocampus/ENSG00000264278.1.wgt.RDat	ENSG00000264278.1	18	76822294	76822295	0.287	rs11664952	-7.35	rs470385	-0.00665	3.91	-0.02719	651	53	enet	0.0026	0.24	-0.4248	0.67096
Brain_Hippocampus	/media/kame/Data/_workings/resource/GTEv8//GTExv8.EUR.Brain_Hippocampus/ENSG00000274828.1.wgt.RDat	ENSG00000274828.1	18	79679357	79679358	0.501	rs526260	11.27	rs2680752	0.30429	-6.77	2.5097	414	29	enet	0.29	9.3e-13	-1.8696	0.06154
Brain_Hippocampus	/media/kame/Data/_workings/resource/GTEv8//GTExv8.EUR.Brain_Hippocampus/ENSG00000141759.14.wgt.RDat	ENSG00000141759.14	18	80033948	80033949	0.149	rs526260	11.68	rs4799113	0.13015	4.65	1.49033	281	23	enet	0.084	0.00019	1.1918	0.23335
Brain_Hippocampus	/media/kame/Data/_workings/resource/GTEv8//GTExv8.EUR.Brain_Hippocampus/ENSG00000261126.7.wgt.RDat	ENSG00000261126.7	18	80046899	80046900	0.635	rs526260	11.72	rs4799113	0.22462	7.35	1.49033	279	44	enet	0.41	1e-18	0.6566	0.51144
Brain_Hippocampus	/media/kame/Data/_workings/resource/GTEv8//GTExv8.EUR.Brain_Hippocampus/ENSG00000267127.7.wgt.RDat	ENSG00000267127.7	18	80082152	80082153	0.276	rs526260	11.75	rs3744873	0.08001	-4.55	-0.44462	266	19	enet	0.11	2.5e-05	0.4054	0.68517
Brain_Hippocampus	/media/kame/Data/_workings/resource/GTEv8//GTExv8.EUR.Brain_Hippocampus/ENSG00000282458.1.wgt.RDat	ENSG00000282458.1	19	71565	71566	0.169	rs17672563	3.43	rs8106333	-0.004015	-3.39	-0.76489	152	28	enet	0.0061	0.17	0.12215	0.903
Brain_Hippocampus	/media/kame/Data/_workings/resource/GTEv8//GTExv8.EUR.Brain_Hippocampus/ENSG00000129946.10.wgt.RDat	ENSG00000129946.10	19	460995	460996	0.424	rs35940485	-7.75	rs10415416	0.247702	-6.18	-2.29405	348	22	enet	0.19	2e-08	0.96253	0.336
Brain_Hippocampus	/media/kame/Data/_workings/resource/GTEv8//GTExv8.EUR.Brain_Hippocampus/ENSG00000266933.2.wgt.RDat	ENSG00000266933.2	19	507495	507496	0.695	rs35940485	-7.75	rs10415416	0.415108	-7.94	-2.09211	383	9	enet	0.34	2.8e-15	2.36596	0.018
Brain_Hippocampus	/media/kame/Data/_workings/resource/GTEv8//GTExv8.EUR.Brain_Hippocampus/ENSG00000065268.10.wgt.RDat	ENSG00000065268.10	19	984270	984271	0.578	rs35940485	-7.75	rs2074573	0.30749	7.54	0.12694	459	11	enet	0.47	1.2e-22	0.02859	0.977
Brain_Hippocampus	/media/kame/Data/_workings/resource/GTEv8//GTExv8.EUR.Brain_Hippocampus/ENSG00000099817.11.wgt.RDat	ENSG00000099817.11	19	1095379	1095380	0.305	rs35940485	-7.75	rs6843	0.209585	6.06	-0.02666	443	7	enet	0.19	1.4e-08	-0.30571	0.76
Brain_Hippocampus	/media/kame/Data/_workings/resource/GTEv8//GTExv8.EUR.Brain_Hippocampus/ENSG00000167468.16.wgt.RDat	ENSG00000167468.16	19	1103925	1103926	0.357	rs35940485	-7.75	rs2074920	0.151295	5.21	0.36437	445	17	enet	0.093	8.7e-05	0.23426	0.815
Brain_Hippocampus	/media/kame/Data/_workings/resource/GTEv8//GTExv8.EUR.Brain_Hippocampus/ENSG00000280486.1.wgt.RDat	ENSG00000280486.1	19	1389650	1389651	0.313	rs35940485	-7.75	rs1142530	0.224139	5.92	-2.97683	401	8	enet	0.13	4.7e-06	-2.94508	0.00323
Brain_Hippocampus	/media/kame/Data/_workings/resource/GTEv8//GTExv8.EUR.Brain_Hippocampus/ENSG00000104899.7.wgt.RDat	ENSG00000104899.7	19	2249308	2249309	0.34	rs7249204	-5.15	rs733846	0.266018	-6.43	-2.3046	412	7	enet	0.26	1.7e-11	1.56998	0.116
Brain_Hippocampus	/media/kame/Data/_workings/resource/GTEv8//GTExv8.EUR.Brain_Hippocampus/ENSG00000130332.14.wgt.RDat	ENSG00000130332.14	19	2328613	2328614	0.48	rs7249204	-5.15	rs12460552	0.313633	-7.01	1.06477	412	16	enet	0.27	7.2e-12	-0.94585	0.344
Brain_Hippocampus	/media/kame/Data/_workings/resource/GTEv8//GTExv8.EUR.Brain_Hippocampus/ENSG00000099800.7.wgt.RDat	ENSG00000099800.7	19	2427636	2427637	0.193	rs7249204	-5.15	rs11084940	0.053897	4.48	2.37691	422	15	enet	0.038	0.0099	3.11568	0.00184
Brain_Hippocampus	/media/kame/Data/_workings/resource/GTEv8//GTExv8.EUR.Brain_Hippocampus/ENSG00000161091.12.wgt.RDat	ENSG00000161091.12	19	3574289	3574290	0.354	rs2074977	4.46	rs4807483	0.185586	5.43	0.35269	374	3	enet	0.13	2.3e-06	0.3352	0.737
Brain_Hippocampus	/media/kame/Data/_workings/resource/GTEv8//GTExv8.EUR.Brain_Hippocampus/ENSG00000105248.15.wgt.RDat	ENSG00000105248.15	19	4248014	4248015	0.517	rs243387	7.63	rs11671900	0.217239	6.33	-0.09132	368	22	enet	0.17	7.5e-08	0.38763	0.698
Brain_Hippocampus	/media/kame/Data/_workings/resource/GTEv8//GTExv8.EUR.Brain_Hippocampus/ENSG00000178078.11.wgt.RDat	ENSG00000178078.11	19	4342785	4342786	0.29	rs243387	7.63	rs8111858	0.129549	5.18	0.01145	366	9	enet	0.11	1.6e-05	0.07273	0.942
Brain_Hippocampus	/media/kame/Data/_workings/resource/GTEv8//GTExv8.EUR.Brain_Hippocampus/ENSG00000167670.15.wgt.RDat	ENSG00000167670.15	19	4402661	4402662	0.59	rs243387	7.63	rs760369	0.329715	-7.24	3.39687	376	17	enet	0.28	1.7e-12	-2.30794	0.021
Brain_Hippocampus	/media/kame/Data/_workings/resource/GTEv8//GTExv8.EUR.Brain_Hippocampus/ENSG00000267769.1.wgt.RDat	ENSG00000267769.1	19	4454793	4454794	0.597	rs243387	7.63	rs34080966	0.230241	-6.45	-0.1356	390	7	enet	0.2	5.5e-09	-0.37381	0.709
Brain_Hippocampus	/media/kame/Data/_workings/resource/GTEv8//GTExv8.EUR.Brain_Hippocampus/ENSG00000167671.11.wgt.RDat	ENSG00000167671.11	19	4457821	4457822	0.385	rs243387	7.63	rs11085072	0.132441	-5.31	-1.08316	390	24	enet	0.04	0.0081	1.12735	0.26
Brain_Hippocampus	/media/kame/Data/_workings/resource/GTEv8//GTExv8.EUR.Brain_Hippocampus/ENSG00000176840.11.wgt.RDat	ENSG00000176840.11	19	4769139	4769140	0.385	rs243387	7.63	rs3760955	0.28076	-6.59	1.27552	426	17	enet	0.23	4e-10	-1.03475	0.301
Brain_Hippocampus	/media/kame/Data/_workings/resource/GTEv8//GTExv8.EUR.Brain_Hippocampus/ENSG00000196365.11.wgt.RDat	ENSG00000196365.11	19	5720571	5720572	0.384	rs16993442	6.69	rs3892355	0.254661	-6.54	-0.35847	395	17	enet	0.22	1e-09	0.60845	0.543
Brain_Hippocampus	/media/kame/Data/_workings/resource/GTEv8//GTExv8.EUR.Brain_Hippocampus/ENSG00000212123.3.wgt.RDat	ENSG00000212123.3	19	5784764	5784765	0.31	rs16993442	6.69	rs2446193	0.165825	5.22	0.05666	392	8	enet	0.078	0.00031	0.02872	0.977
Brain_Hippocampus	/media/kame/Data/_workings/resource/GTEv8//GTExv8.EUR.Brain_Hippocampus/ENSG00000125656.8.wgt.RDat	ENSG00000125656.8	19	6361451	6361452	0.327	rs16993442	6.69	rs17625356	0.115176	4.26	-3.09622	402	12	enet	0.0082	0.14	-2.86756	0.00414
Brain_Hippocampus	/media/kame/Data/_workings/resource/GTEv8//GTExv8.EUR.Brain_Hippocampus/ENSG00000181240.13.wgt.RDat	ENSG00000181240.13	19	6433778	6433779	0.377	rs16993442	6.69	rs2860185	0.292802	6.73	0.10648	409	12	enet	0.22	1.3e-09	0.121	0.904
Brain_Hippocampus	/media/kame/Data/_workings/resource/GTEv8//GTExv8.EUR.Brain_Hippocampus/ENSG00000125734.15.wgt.RDat	ENSG00000125734.15	19	6737602	6737603	0.545	rs10416429	4.63	rs3810223	0.393596	-7.77	-4.3233	467	14	enet	0.39	7.2e-18	4.07403	4.62e-05
Brain_Hippocampus	/media/kame/Data/_workings/resource/GTEv8//GTExv8.EUR.Brain_Hippocampus/ENSG00000268758.7.wgt.RDat	ENSG00000268758.7	19	6997871	6997872	0.41	rs10416429	4.63	rs11665875	0.236545	6.1	0.30236	443	25	enet	0.21	2.4e-09	-0.49991	0.617
Brain_Hippocampus	/media/kame/Data/_workings/resource/GTEv8//GTExv8.EUR.Brain_Hippocampus/ENSG00000104880.17.wgt.RDat	ENSG00000104880.17	19	7395112	7395113	0.233	rs10416429	4.63	rs8110029	-0.000882	3.19	-0.10101	461	7	enet	-0.006	0.73	-0.15644	0.876
Brain_Hippocampus	/media/kame/Data/_workings/resource/GTEv8//GTExv8.EUR.Brain_Hippocampus/ENSG00000268297.1.wgt.RDat	ENSG00000268297.1	19	7787548	7787549	0.534	rs10518270	-4.35	rs4239552	0.287781	6.65	-0.10082	424	25	enet	0.27	4.4e-12	0.33294	0.739
Brain_Hippocampus	/media/kame/Data/_workings/resource/GTEv8//GTExv8.EUR.Brain_Hippocampus/ENSG00000104980.7.wgt.RDat	ENSG00000104980.7	19	7943919	7943920	0.403	rs34367019	-6.04	rs35672116	0.212741	5.91	0.88075	434	22	enet	0.12	6.6e-06	1.03855	0.299
Brain_Hippocampus	/media/kame/Data/_workings/resource/GTEv8//GTExv8.EUR.Brain_Hippocampus/ENSG00000142449.12.wgt.RDat	ENSG00000142449.12	19	8149845	8149846	0.276	rs34367019	-6.04	rs11667920	0.003508	-3.44	-0.32442	417	22	enet	-0.0036	0.5	1.50553	0.132
Brain_Hippocampus	/media/kame/Data/_workings/resource/GTEv8//GTExv8.EUR.Brain_Hippocampus/ENSG00000233927.4.wgt.RDat	ENSG00000233927.4	19	8321499	8321500	0.607	rs34367019	-6.04	rs2972574	0.336841	7.22	0.88047	372	8	enet	0.32	2.1e-14	0.71004	0.478
Brain_Hippocampus	/media/kame/Data/_workings/resource/GTEv8//GTExv8.EUR.Brain_Hippocampus/ENSG00000099785.10.wgt.RDat	ENSG00000099785.10	19	8413269	8413270	0.579	rs34367019	-6.04	rs17160489	0.348735	7.46	0.51019	368	13	enet	0.31	9.6e-14	0.10669	0.915
Brain_Hippocampus	/media/kame/Data/_workings/resource/GTEv8//GTExv8.EUR.Brain_Hippocampus/ENSG00000130803.14.wgt.RDat	ENSG00000130803.14	19	9140379	9140380	0.329	rs2967721	-3.4	rs10408485	0.003097	-4.04	-1.51238	420	75	enet	0.01	0.11	-0.73285	0.464
Brain_Hippocampus	/media/kame/Data/_workings/resource/GTEv8//GTExv8.EUR.Brain_Hippocampus/ENSG00000188000.3.wgt.RDat	ENSG00000188000.3	19	9185593	9185594	0.387	rs16979417	2.91	rs13345998	0.042695	4.34	0.05577	407	25	enet	0.1	4.8e-05	0.17438	0.862
Brain_Hippocampus	/media/kame/Data/_workings/resource/GTEv8//GTExv8.EUR.Brain_Hippocampus/ENSG00000188321.13.wgt.RDat	ENSG00000188321.13	19	9323771	9323772	0.356	rs16979417	2.91	rs28384491	0.369259	-7.55	-0.77513	406	13	enet	0.36	1.9e-16	0.3794	0.704
Brain_Hippocampus	/media/kame/Data/_workings/resource/GTEv8//GTExv8.EUR.Brain_Hippocampus/ENSG00000270614.1.wgt.RDat	ENSG00000270614.1	19	9348702	9348703	0.302	rs8104651	3.81	rs10408485	-0.006756	3.59	-1.51238	400	71	enet	0.002	0.26	-1.2279	0.219
Brain_Hippocampus	/media/kame/Data/_workings/resource/GTEv8//GTExv8.EUR.Brain_Hippocampus/ENSG00000174652.17.wgt.RDat	ENSG00000174652.17	19	9435577	9435578	0.643	rs12979274	6.13	rs7257650	0.67464	-10.14	-1.82495	390	24	enet	0.67	2e-37	1.70605	0.088
Brain_Hippocampus	/media/kame/Data/_workings/resource/GTEv8//GTExv8.EUR.Brain_Hippocampus/ENSG00000130818.11.wgt.RDat	ENSG00000130818.11	19	9538644	9538645	0.202	rs12979274	6.13	rs17265697	0.071679	3.87	0.12581	348	4	enet	0.037	0.01	0.19344	0.847
Brain_Hippocampus	/media/kame/Data/_workings/resource/GTEv8//GTExv8.EUR.Brain_Hippocampus/ENSG00000278611.1.wgt.RDat	ENSG00000278611.1	19	9538732	9538733	0.488	rs12979274	6.13	rs10415281	0.382905	8.07	-2.1453	348	9	enet	0.39	1.5e-17	-1.47145	0.141
Brain_Hippocampus	/media/kame/Data/_workings/resource/GTEv8//GTExv8.EUR.Brain_Hippocampus/ENSG00000171469.10.wgt.RDat	ENSG00000171469.10	19	9621398	9621399	0.192	rs12979274	6.13	rs10422772	0.176256	-5.44	-1.24515	356	8	enet	0.1	3.4e-05	1.08516	0.278
Brain_Hippocampus	/media/kame/Data/_workings/resource/GTEv8//GTExv8.EUR.Brain_Hippocampus/ENSG00000277587.1.wgt.RDat	ENSG00000277587.1	19	9721902	9721903	0.294	rs12979274	6.13	rs7258907	0.198609	-5.98	-0.19234	337	23	enet	0.17	1.4e-07	0.98267	0.326
Brain_Hippocampus	/media/kame/Data/_workings/resource/GTEv8//GTExv8.EUR.Brain_Hippocampus/ENSG00000130812.10.wgt.RDat	ENSG00000130812.10	19	10102795	10102796	0.268	rs12979274	6.13	rs3760756	0.060321	4.3	-1.26516	360	30	enet	0.089	0.00013	-0.26678	0.79
Brain_Hippocampus	/media/kame/Data/_workings/resource/GTEv8//GTExv8.EUR.Brain_Hippocampus/ENSG00000129347.19.wgt.RDat	ENSG00000129347.19	19	10566036	10566037	0.687	rs7255312	-5.23	rs3087689	0.269512	6.83	0.20032	360	30	enet	0.45	4.8e-21	1.06696	0.286
Brain_Hippocampus	/media/kame/Data/_workings/resource/GTEv8//GTExv8.EUR.Brain_Hippocampus/ENSG00000214212.8.wgt.RDat	ENSG00000214212.8	19	10836574	10836575	0.354	rs2116897	-5.31	rs7417	-0.004252	-3.43	-0.24265	388	5	enet	0.0048	0.19	0.28905	0.773
Brain_Hippocampus	/media/kame/Data/_workings/resource/GTEv8//GTExv8.EUR.Brain_Hippocampus/ENSG00000267174.5.wgt.RDat	ENSG00000267174.5	19	11321322	11321323	0.36	rs17719222	-5.49	rs422496	0.262571	-6.44	0.0239	388	25	enet	0.22	8.5e-10	-0.06093	0.951
Brain_Hippocampus	/media/kame/Data/_workings/resource/GTEv8//GTExv8.EUR.Brain_Hippocampus/ENSG00000197054.11.wgt.RDat	ENSG00000197054.11	19	11965036	11965037	0.159	rs7259845	5.1	rs10413462	0.088725	-4.64	4.02928	311	31	enet	0.069	7e-04	-4.33046	1.49e-05
Brain_Hippocampus	/media/kame/Data/_workings/resource/GTEv8//GTExv8.EUR.Brain_Hippocampus/ENSG00000230310.1.wgt.RDat	ENSG00000230310.1	19	12552596	12552597	0.157	rs2303731	-7.68	rs2861410	0.001812	3.34	1.60082	290	34	enet	0.034	0.014	1.68256	0.0925
Brain_Hippocampus	/media/kame/Data/_workings/resource/GTEv8//GTExv8.EUR.Brain_Hippocampus/ENSG00000105607.12.wgt.RDat	ENSG00000105607.12	19	12891025	12891026	0.58	rs2303731	-7.68	rs8012	0.377337	-7.69	1.63216	327	17	enet	0.39	5.7e-18	-2.04861	0.0405
Brain_Hippocampus	/media/kame/Data/_workings/resource/GTEv8//GTExv8.EUR.Brain_Hippocampus/ENSG00000037757.13.wgt.RDat	ENSG00000037757.13	19	13764531	13764532	0.491	rs12462927	-5.53	rs371671	0.328895	-7.09	-0.29934	326	35	enet	0.28	2.5e-12	0.89483	0.371
Brain_Hippocampus	/media/kame/Data/_workings/resource/GTEv8//GTExv8.EUR.Brain_Hippocampus/ENSG00000104979.8.wgt.RDat	ENSG00000104979.8	19	13774282	13774283	0.461	rs12462927	-5.53	rs426965	0.201028	-6.26	-0.67079	328	5	enet	0.18	3.3e-08	0.77682	0.437
Brain_Hippocampus	/media/kame/Data/_workings/resource/GTEv8//GTExv8.EUR.Brain_Hippocampus/ENSG00000104998.3.wgt.RDat	ENSG00000104998.3	19	14031747	14031748	0.148	rs12462927	-5.53	rs10413657	-0.005973	-3.29	-0.26774	279	13	enet	-0.0062	0.78	0.79521	0.426
Brain_Hippocampus	/media/kame/Data/_workings/resource/GTEv8//GTExv8.EUR.Brain_Hippocampus/ENSG00000141854.9.wgt.RDat	ENSG00000141854.9	19	14072535	14072536	0.44	rs12462927	-5.53	rs7258963	0.357126	7.47	0.25846	285	30	enet	0.32	3.2e-14	-0.07506	0.94
Brain_Hippocampus	/media/kame/Data/_workings/resource/GTEv8//GTExv8.EUR.Brain_Hippocampus/ENSG00000188032.9.wgt.RDat	ENSG00000188032.9	19	14085874	14085875	0.27	rs12462927	-5.53	rs7247343	-0.003169	3.54	-0.31876	284	14	enet	0.0047	0.19	-0.7458	0.456
Brain_Hippocampus	/media/kame/Data/_workings/resource/GTEv8//GTExv8.EUR.Brain_Hippocampus/ENSG00000105143.12.wgt.RDat	ENSG00000105143.12	19	15010642	15010643	0.383	rs10415969	6.03	rs12462958	0.033467	4.67	0.39386	448	46	enet	0.066	0.00087	-0.81759	0.414
Brain_Hippocampus	/media/kame/Data/_workings/resource/GTEv8//GTExv8.EUR.Brain_Hippocampus/ENSG00000186529.15.wgt.RDat	ENSG00000186529.15	19	15640896	15640897	0.53	rs2018454	-7	rs2072604	0.253303	-6.68	-1.41209	541	21	enet	0.3	3.5e-13	1.39086	0.164
Brain_Hippocampus	/media/kame/Data/_workings/resource/GTEv8//GTExv8.EUR.Brain_Hippocampus/ENSG00000186204.14.wgt.RDat	ENSG00000186204.14	19	15672756	15672757	0.358	rs2018454	-7	rs2072604	0.180003	-5.54	-1.41209	532	12	enet	0.13	2.8e-06	1.17304	0.241
Brain_Hippocampus	/media/kame/Data/_workings/resource/GTEv8//GTExv8.EUR.Brain_Hippocampus/ENSG00000267594.5.wgt.RDat	ENSG00000267594.5	19	15779908	15779909	0.705	rs2018454	-7	rs10518252	0.429123	8.11	-1.93852	536	23	enet	0.47	3.6e-22	-1.35771	0.175
Brain_Hippocampus	/media/kame/Data/_workings/resource/GTEv8//GTExv8.EUR.Brain_Hippocampus/ENSG00000267056.2.wgt.RDat	ENSG00000267056.2	19	15911823	15911824	0.139	rs2018454	-7	rs11085969	0.083815	-4.11	-0.20651	549	21	enet	0.034	0.014	0.27713	0.782
Brain_Hippocampus	/media/kame/Data/_workings/resource/GTEv8//GTExv8.EUR.Brain_Hippocampus/ENSG00000171903.16.wgt.RDat	ENSG00000171903.16	19	15934866	15934867	0.372	rs2018454	-7	rs2108622	0.023446	-4.29	-4.61902	545	10	enet	0.057	0.0019	0.60601	0.545
Brain_Hippocampus	/media/kame/Data/_workings/resource/GTEv8//GTExv8.EUR.Brain_Hippocampus/ENSG00000072958.8.wgt.RDat	ENSG00000072958.8	19	16197577	16197578	0.237	rs2018454	-7	rs12461400	0.00772	-3.52	-0.40801	449	41	enet	-0.0018	0.39	0.68382	0.494
Brain_Hippocampus	/media/kame/Data/_workings/resource/GTEv8//GTExv8.EUR.Brain_Hippocampus/ENSG00000105072.8.wgt.RDat	ENSG00000105072.8	19	16496310	16496311	0.309	rs3745313	4.63	rs10409518	0.146649	-6.03	-0.03068	387	20	enet	0.18	5.6e-08	0.63658	0.524
Brain_Hippocampus	/media/kame/Data/_workings/resource/GTEv8//GTExv8.EUR.Brain_Hippocampus/ENSG00000269044.2.wgt.RDat	ENSG00000269044.2	19	16635268	16635269	0.261	rs17795796	4.61	rs11086030	0.016416	4.39	-0.90261	371	14	enet	0.049	0.0037	-0.349	0.727
Brain_Hippocampus	/media/kame/Data/_workings/resource/GTEv8//GTExv8.EUR.Brain_Hippocampus/ENSG00000099330.8.wgt.RDat	ENSG00000099330.8	19	17226203	17226204	0.339	rs4808552	4.34	rs14129	0.217693	-6.09	-0.00406	412	10	enet	0.21	2.3e-09	0.0867	0.931
Brain_Hippocampus	/media/kame/Data/_workings/resource/GTEv8//GTExv8.EUR.Brain_Hippocampus/ENSG00000160117.14.wgt.RDat	ENSG00000160117.14	19	17281644	17281645	0.244	rs4808552	4.34	rs8102890	0.063435	-4.08	-0.56419	416	10	enet	0.061	0.0014	0.33295	0.739
Brain_Hippocampus	/media/kame/Data/_workings/resource/GTEv8//GTExv8.EUR.Brain_Hippocampus/ENSG00000130312.6.wgt.RDat	ENSG00000130312.6	19	17292831	17292832	0.596	rs4808552	4.34	rs6903	0.322111	7.24	1.44291	423	26	enet	0.29	9.4e-13	1.31861	0.187
Brain_Hippocampus	/media/kame/Data/_workings/resource/GTEv8//GTExv8.EUR.Brain_Hippocampus/ENSG00000105650.21.wgt.RDat	ENSG00000105650.21	19	18255418	18255419	0.208	rs10426256	-5.32	rs3810434	0.058638	4.2	-0.11358	414	8	enet	0.015	0.074	-0.03912	0.969
Brain_Hippocampus	/media/kame/Data/_workings/resource/GTEv8//GTExv8.EUR.Brain_Hippocampus/ENSG00000130518.16.wgt.RDat	ENSG00000130518.16	19	18274508	18274509	0.327	rs10426256	-5.32	rs12610691	0.13627	6	-0.43255	410	13	enet	0.21	2.2e-09	-0.5598	0.576
Brain_Hippocampus	/media/kame/Data/_workings/resource/GTEv8//GTExv8.EUR.Brain_Hippocampus/ENSG00000130517.13.wgt.RDat	ENSG00000130517.13	19	18340586	18340587	0.612	rs10426256	-5.32	rs10415765	0.246641	-6.57	-0.02255	383	25	enet	0.29	4.3e-13	0.46004	0.645
Brain_Hippocampus	/media/kame/Data/_workings/resource/GTEv8//GTExv8.EUR.Brain_Hippocampus/ENSG00000221983.7.wgt.RDat	ENSG00000221983.7	19	18571729	18571730	0.277	rs10422974	-3.71	rs2302055	0.074523	4.51	0.01913	371	7	enet	0.09	0.00011	-0.14404	0.885
Brain_Hippocampus	/media/kame/Data/_workings/resource/GTEv8//GTExv8.EUR.Brain_Hippocampus/ENSG00000223802.7.wgt.RDat	ENSG00000223802.7	19	18896726	18896727	0.275	rs10415849	-10.44	rs7250661	0.038584	-4.42	0.0952	340	25	enet	0.056	0.002	-3.55494	0.000378
Brain_Hippocampus	/media/kame/Data/_workings/resource/GTEv8//GTExv8.EUR.Brain_Hippocampus/ENSG00000129933.20.wgt.RDat	ENSG00000129933.20	19	19320844	19320845	0.219	rs10415849	-10.44	rs2023883	0.058489	-4.33	-8.41147	363	16	enet	0.021	0.041	7.13444	9.72e-13
Brain_Hippocampus	/media/kame/Data/_workings/resource/GTEv8//GTExv8.EUR.Brain_Hippocampus/ENSG00000250067.11.wgt.RDat	ENSG00000250067.11	19	19529363	19529364	0.117	rs10415849	-10.44	rs2285627	0.064997	-3.63	-4.84311	351	13	enet	0.0011	0.28	2.83527	0.00458
Brain_Hippocampus	/media/kame/Data/_workings/resource/GTEv8//GTExv8.EUR.Brain_Hippocampus/ENSG00000160161.9.wgt.RDat	ENSG00000160161.9	19	19538247	19538248	0.137	rs10415849	-10.44	rs4808931	0.070796	4.19	-0.27386	354	24	enet	0.073	0.00049	-0.89235	0.372
Brain_Hippocampus	/media/kame/Data/_workings/resource/GTEv8//GTExv8.EUR.Brain_Hippocampus/ENSG00000081665.13.wgt.RDat	ENSG00000081665.13	19	19821750	19821751	0.53	rs10415849	-10.44	rs16996320	0.245592	6.49	-0.22379	298	23	enet	0.24	9.4e-11	-0.36934	0.712
Brain_Hippocampus	/media/kame/Data/_workings/resource/GTEv8//GTExv8.EUR.Brain_Hippocampus/ENSG00000184635.14.wgt.RDat	ENSG00000184635.14	19	19900912	19900913	0.326	rs8182472	-10.44	rs8113576	0.07091	4.93	-1.58736	299	49	enet	0.13	3.8e-06	1.66983	0.095
Brain_Hippocampus	/media/kame/Data/_workings/resource/GTEv8//GTExv8.EUR.Brain_Hippocampus/ENSG00000197124.11.wgt.RDat	ENSG00000197124.11	19	20039505	20039506	0.279	rs10402308	-9.11	rs963380	0.002828	3.52	-0.30589	271	28	enet	-0.0011	0.36	-0.43695	0.662
Brain_Hippocampus	/media/kame/Data/_workings/resource/GTEv8//GTExv8.EUR.Brain_Hippocampus/ENSG00000105750.14.wgt.RDat	ENSG00000105750.14	19	20923221	20923222	0.245	rs7250811	-2.8	rs7253466	0.066441	4.33	0.08994	260	14	enet	0.061	0.0014	0.30543	0.76
Brain_Hippocampus	/media/kame/Data/_workings/resource/GTEv8//GTExv8.EUR.Brain_Hippocampus/ENSG00000196268.11.wgt.RDat	ENSG00000196268.11	19	21397118	21397119	0.213	rs7258384	-3.92	rs11085447	0.163781	-5.19	-0.68077	285	14	enet	0.14	1.4e-06	0.74676	0.455
Brain_Hippocampus	/media/kame/Data/_workings/resource/GTEv8//GTExv8.EUR.Brain_Hippocampus/ENSG00000268119.5.wgt.RDat	ENSG00000268119.5	19	21463907	21463908	0.186	rs7258384	-3.92	rs8110814	0.018794	4.74	-0.37923	297	32	enet	0.073	5e-04	-0.67243	0.501
Brain_Hippocampus	/media/kame/Data/_workings/resource/GTEv8//GTExv8.EUR.Brain_Hippocampus/ENSG00000268658.5.wgt.RDat	ENSG00000268658.5	19	21483373	21483374	0.184	rs7258384	-3.92	rs7257857	0.072798	4.47	-1.10436	293	24	enet	0.036	0.012	-1.27163	0.204
Brain_Hippocampus	/media/kame/Data/_workings/resource/GTEv8//GTExv8.EUR.Brain_Hippocampus/ENSG00000197013.9.wgt.RDat	ENSG00000197013.9	19	21505563	21505564	0.106	rs7258384	-3.92	rs2650804	0.043431	-3.89	-0.50348	297	17	enet	0.034	0.014	0.66233	0.508
Brain_Hippocampus	/media/kame/Data/_workings/resource/GTEv8//GTExv8.EUR.Brain_Hippocampus/ENSG00000268081.1.wgt.RDat	ENSG00000268081.1	19	21569236	21569237	0.154	rs7258384	-3.92	rs7252254	0.075066	4.05	0.0991	304	7	enet	0.026	0.026	-0.18342	0.854
Brain_Hippocampus	/media/kame/Data/_workings/resource/GTEv8//GTExv8.EUR.Brain_Hippocampus/ENSG00000268555.1.wgt.RDat	ENSG00000268555.1	19	21587321	21587322	0.386	rs7258384	-3.92	rs7259888	0.264661	-6.45	0.94788	305	11	enet	0.26	2.2e-11	-0.80509	0.421
Brain_Hippocampus	/media/kame/Data/_workings/resource/GTEv8//GTExv8.EUR.Brain_Hippocampus/ENSG00000268278.1.wgt.RDat	ENSG00000268278.1	19	21637973	21637974	0.194	rs7258384	-3.92	rs8108399	0.078128	4.6	1.02776	313	44	enet	0.097	6e-05	0.71282	0.476
Brain_Hippocampus	/media/kame/Data/_workings/resource/GTEv8//GTExv8.EUR.Brain_Hippocampus/ENSG00000268433.1.wgt.RDat	ENSG00000268433.1	19	21678220	21678221	0.125	rs7258384	-3.92	rs8112960	0.112552	-4.35	1.67869	306	11	enet	0.074	0.00044	-1.02621	0.305
Brain_Hippocampus	/media/kame/Data/_workings/resource/GTEv8//GTExv8.EUR.Brain_Hippocampus/ENSG00000197020.10.wgt.RDat	ENSG00000197020.10	19	21767627	21767628	0.61	rs7258384	-3.92	rs12052044	0.100748	6.03	-1.75362	297	11	enet	0.24	1.4e-10	-0.24325	0.808
Brain_Hippocampus	/media/kame/Data/_workings/resource/GTEv8//GTExv8.EUR.Brain_Hippocampus/ENSG00000279377.1.wgt.RDat	ENSG00000279377.1	19	21968528	21968529	0.227	rs7258384	-3.92	rs8112960	0.058595	-3.93	1.67869	295	20	enet	0.082	0.00023	-1.80577	0.071
Brain_Hippocampus	/media/kame/Data/_workings/resource/GTEv8//GTExv8.EUR.Brain_Hippocampus/ENSG00000160321.14.wgt.RDat	ENSG00000160321.14	19	22010948	22010949	0.175	rs7258384	-3.92	rs2666451	0.083295	4.21	-0.33381	307	17	enet	0.041	0.0076	-0.6363	0.525
Brain_Hippocampus	/media/kame/Data/_workings/resource/GTEv8//GTExv8.EUR.Brain_Hippocampus/ENSG00000197134.11.wgt.RDat	ENSG00000197134.11	19	22052451	22052452	0.216	rs7258384	-3.92	rs17554725	0.132583	5.1	0.35859	320	40	enet	0.14	1.7e-06	0.15491	0.877
Brain_Hippocampus	/media/kame/Data/_workings/resource/GTEv8//GTExv8.EUR.Brain_Hippocampus/ENSG00000197360.9.wgt.RDat	ENSG00000197360.9	19	22532484	22532485	0.346	rs1842013	4.18	rs437859	0.038758	-3.93	1.06138	305	30	enet	0.031	0.018	-0.78061	0.435
Brain_Hippocampus	/media/kame/Data/_workings/resource/GTEv8//GTExv8.EUR.Brain_Hippocampus/ENSG00000268038.1.wgt.RDat	ENSG00000268038.1	19	22623970	22623971	0.248	rs1842013	4.18	rs937078	-0.002629	-3.5	0.30386	294	40	enet	0.069	0.00071	0.60773	0.543
Brain_Hippocampus	/media/kame/Data/_workings/resource/GTEv8//GTExv8.EUR.Brain_Hippocampus/ENSG00000269837.1.wgt.RDat	ENSG00000269837.1	19	23257938	23257939	0.311	rs1842013	4.18	rs7246878	0.142583	-4.78	1.1035	240	29	enet	0.17	1.2e-07	-0.62492	0.532
Brain_Hippocampus	/media/kame/Data/_workings/resource/GTEv8//GTExv8.EUR.Brain_Hippocampus/ENSG00000284428.1.wgt.RDat	ENSG00000284428.1	19	23274250	23274251	0.173	rs1842013	4.18	rs6511422	0.074964	4.47	0.42742	237	18	enet	0.031	0.017	-0.47043	0.638
Brain_Hippocampus	/media/kame/Data/_workings/resource/GTEv8//GTExv8.EUR.Brain_Hippocampus/ENSG00000269416.5.wgt.RDat	ENSG00000269416.5	19	23416074	23416075	0.336	rs289332	3.44	rs594320	0.271921	6.48	0.88549	234	5	enet	0.21	2.1e-09	0.91638	0.359
Brain_Hippocampus	/media/kame/Data/_workings/resource/GTEv8//GTExv8.EUR.Brain_Hippocampus/ENSG00000196172.9.wgt.RDat	ENSG00000196172.9	19	23758890	23758891	0.268	rs8109001	2.88	rs10423551	0.138791	-4.72	-0.20417	233	12	enet	0.18	2.6e-08	1.33317	0.182
Brain_Hippocampus	/media/kame/Data/_workings/resource/GTEv8//GTExv8.EUR.Brain_Hippocampus/ENSG00000269397.1.wgt.RDat	ENSG00000269397.1	19	23927787	23927788	0.216	rs8109001	2.88	rs1816412	-0.006311	3.64	-0.81467	196	16	enet	0.053	0.0027	-0.68378	0.494
Brain_Hippocampus	/media/kame/Data/_workings/resource/GTEv8//GTExv8.EUR.Brain_Hippocampus/ENSG00000268362.5.wgt.RDat	ENSG00000268362.5	19	24048936	24048937	0.348	rs8109001	2.88	rs35713415	0.218974	5.84	-1.36079	160	28	enet	0.21	2.9e-09	-1.16649	0.243
Brain_Hippocampus	/media/kame/Data/_workings/resource/GTEv8//GTExv8.EUR.Brain_Hippocampus/ENSG00000268442.1.wgt.RDat	ENSG00000268442.1	19	24163424	24163425	0.237	rs8109001	2.88	rs10500223	0.057465	4.21	0.43751	134	10	enet	0.06	0.0015	0.60733	0.544
Brain_Hippocampus	/media/kame/Data/_workings/resource/GTEv8//GTExv8.EUR.Brain_Hippocampus/ENSG00000261770.1.wgt.RDat	ENSG00000261770.1	19	27760848	27760849	0.643	rs4806027	-5.14	rs7252041	0.437479	8.38	0.59234	279	19	enet	0.46	7.6e-22	0.77235	0.44
Brain_Hippocampus	/media/kame/Data/_workings/resource/GTEv8//GTExv8.EUR.Brain_Hippocampus/ENSG00000267575.6.wgt.RDat	ENSG00000267575.6	19	27793462	27793463	0.111	rs4806027	-5.14	rs8190029	0.03981	4.11	1.13826	289	18	enet	0.031	0.018	1.33321	0.182
Brain_Hippocampus	/media/kame/Data/_workings/resource/GTEv8//GTExv8.EUR.Brain_Hippocampus/ENSG00000261824.6.wgt.RDat	ENSG00000261824.6	19	27793893	27793894	0.138	rs4806027	-5.14	rs7254577	0.008039	-3.65	-2.39903	289	6	enet	0.014	0.081	2.35048	0.0187
Brain_Hippocampus	/media/kame/Data/_workings/resource/GTEv8//GTExv8.EUR.Brain_Hippocampus/ENSG00000281468.1.wgt.RDat	ENSG00000281468.1	19	27802837	27802838	0.363	rs4806027	-5.14	rs12162248	0.046872	-4.4	-1.23709	297	39	enet	0.16	1.6e-07	1.95499	0.0506
Brain_Hippocampus	/media/kame/Data/_workings/resource/GTEv8//GTExv8.EUR.Brain_Hippocampus/ENSG00000267623.3.wgt.RDat	ENSG00000267623.3	19	27902594	27902595	0.271	rs10413945	6.13	rs10500227	0.077554	-4.35	2.47111	345	16	enet	0.079	0.00029	-1.88773	0.0591
Brain_Hippocampus	/media/kame/Data/_workings/resource/GTEv8//GTExv8.EUR.Brain_Hippocampus/ENSG00000105185.11.wgt.RDat	ENSG00000105185.11	19	32581067	32581068	0.49	rs7250813	-4.68	rs1035478	0.085847	4.91	-0.10632	404	37	enet	0.094	8e-05	0.50893	0.611
Brain_Hippocampus	/media/kame/Data/_workings/resource/GTEv8//GTExv8.EUR.Brain_Hippocampus/ENSG00000021488.12.wgt.RDat	ENSG00000021488.12	19	32869765	32869766	0.493	rs751732	3.94	rs17272267	0.082477	-5.92	-0.65772	420	24	enet	0.32	4.5e-14	0.24317	0.808
Brain_Hippocampus	/media/kame/Data/_workings/resource/GTEv8//GTExv8.EUR.Brain_Hippocampus/ENSG00000121289.17.wgt.RDat	ENSG00000121289.17	19	32971990	32971991	0.293	rs751732	3.94	rs934419	0.020478	-4.03	1.88592	445	26	enet	0.0083	0.14	-1.04863	0.294
Brain_Hippocampus	/media/kame/Data/_workings/resource/GTEv8//GTExv8.EUR.Brain_Hippocampus/ENSG00000131941.7.wgt.RDat	ENSG00000131941.7	19	33064887	33064888	0.307	rs751732	3.94	rs6510337	0.169896	-5.5	0.42061	444	17	enet	0.1	4.2e-05	-0.61495	0.539
Brain_Hippocampus	/media/kame/Data/_workings/resource/GTEv8//GTExv8.EUR.Brain_Hippocampus/ENSG00000267714.1.wgt.RDat	ENSG00000267714.1	19	33217816	33217817	0.222	rs284327	5.17	rs8113143	0.048657	3.65	-0.01299	449	2	enet	-0.00058	0.34	-0.00912	0.993
Brain_Hippocampus	/media/kame/Data/_workings/resource/GTEv8//GTExv8.EUR.Brain_Hippocampus/ENSG00000267296.2.wgt.RDat	ENSG00000267296.2	19	33302856	33302857	0.264	rs108295	7.72	rs7251505	0.002772	3.49	-2.30958	468	12	enet	0.00078	0.29	-1.21219	0.225
Brain_Hippocampus	/media/kame/Data/_workings/resource/GTEv8//GTExv8.EUR.Brain_Hippocampus/ENSG00000124299.13.wgt.RDat	ENSG00000124299.13	19	33521793	33521794	0.287	rs108295	7.72	rs7247349	0.122577	-5.26	-0.6022	466	12	enet	0.14	2.1e-06	0.26827	0.788
Brain_Hippocampus	/media/kame/Data/_workings/resource/GTEv8//GTExv8.EUR.Brain_Hippocampus/ENSG00000205209.7.wgt.RDat	ENSG00000205209.7	19	34675698	34675699	0.309	rs2278996	4.66	rs12459205	-0.00094	-2.87	0.23849	415	50	enet	0.02	0.047	0.86508	0.387
Brain_Hippocampus	/media/kame/Data/_workings/resource/GTEv8//GTExv8.EUR.Brain_Hippocampus/ENSG00000279329.1.wgt.RDat	ENSG00000279329.1	19	34677580	34677581	0.217	rs2278996	4.66	rs694421	-0.006386	-4.05	0.22794	414	22	enet	-0.0068	1	1.84831	0.0646
Brain_Hippocampus	/media/kame/Data/_workings/resource/GTEv8//GTExv8.EUR.Brain_Hippocampus/ENSG00000089335.20.wgt.RDat	ENSG00000089335.20	19	34677638	34677639	0.366	rs2278996	4.66	rs8112651	0.244017	-6.12	-0.37814	414	21	enet	0.25	6.1e-11	0.42602	0.67
Brain_Hippocampus	/media/kame/Data/_workings/resource/GTEv8//GTExv8.EUR.Brain_Hippocampus/ENSG00000197841.14.wgt.RDat	ENSG00000197841.14	19	34734154	34734155	0.462	rs2278996	4.66	rs2862789	0.250263	-6.26	0.08052	427	21	enet	0.21	3e-09	0.1822	0.855
Brain_Hippocampus	/media/kame/Data/_workings/resource/GTEv8//GTExv8.EUR.Brain_Hippocampus/ENSG00000268947.1.wgt.RDat	ENSG00000268947.1	19	35262845	35262846	0.405	rs2278996	4.66	rs4806115	-0.004083	3.5	0.13395	493	58	enet	-0.0022	0.41	-0.18573	0.853
Brain_Hippocampus	/media/kame/Data/_workings/resource/GTEv8//GTExv8.EUR.Brain_Hippocampus/ENSG00000105677.11.wgt.RDat	ENSG00000105677.11	19	35545594	35545595	0.345	rs7247057	-7.8	rs11084835	0.040216	-4.08	-2.27855	469	41	enet	0.02	0.045	1.91737	0.0552
Brain_Hippocampus	/media/kame/Data/_workings/resource/GTEv8//GTExv8.EUR.Brain_Hippocampus/ENSG00000105668.7.wgt.RDat	ENSG00000105668.7	19	35666515	35666516	0.21	rs7247057	-7.8	rs11882996	0.020546	3.98	-0.23859	450	11	enet	0.0054	0.18	0.11936	0.905
Brain_Hippocampus	/media/kame/Data/_workings/resource/GTEv8//GTExv8.EUR.Brain_Hippocampus/ENSG00000011590.13.wgt.RDat	ENSG00000011590.13	19	35704526	35704527	0.322	rs7247057	-7.8	rs107068	0.11717	5.12	0.06312	441	6	enet	0.088	0.00014	0.24724	0.805
Brain_Hippocampus	/media/kame/Data/_workings/resource/GTEv8//GTExv8.EUR.Brain_Hippocampus/ENSG00000161265.14.wgt.RDat	ENSG00000161265.14	19	35744980	35744981	0.429	rs7247057	-7.8	rs3848662	0.217451	5.93	1.2483	431	29	enet	0.16	1.7e-07	0.96647	0.334
Brain_Hippocampus	/media/kame/Data/_workings/resource/GTEv8//GTExv8.EUR.Brain_Hippocampus/ENSG00000105258.8.wgt.RDat	ENSG00000105258.8	19	36114250	36114251	0.436	rs7247057	-7.8	rs10425700	0.142099	-4.72	-2.49592	339	32	enet	0.081	0.00024	1.74933	0.0802
Brain_Hippocampus	/media/kame/Data/_workings/resource/GTEv8//GTExv8.EUR.Brain_Hippocampus/ENSG00000279504.1.wgt.RDat	ENSG00000279504.1	19	36114412	36114413	0.274	rs7247057	-7.8	rs1009381	0.25481	-6.3	-3.7174	339	14	enet	0.17	1e-07	2.99244	0.00277
Brain_Hippocampus	/media/kame/Data/_workings/resource/GTEv8//GTExv8.EUR.Brain_Hippocampus/ENSG00000196357.11.wgt.RDat	ENSG00000196357.11	19	36246256	36246257	0.214	rs7247057	-7.8	rs7253462	0.122719	-4.83	-0.26203	326	32	enet	0.079	0.00029	0.30944	0.757
Brain_Hippocampus	/media/kame/Data/_workings/resource/GTEv8//GTExv8.EUR.Brain_Hippocampus/ENSG00000232677.6.wgt.RDat	ENSG00000232677.6	19	36331717	36331718	0.305	rs7247057	-7.8	rs2967484	0.173181	5.66	-0.27431	304	34	enet	0.19	1.2e-08	-0.30613	0.76
Brain_Hippocampus	/media/kame/Data/_workings/resource/GTEv8//GTExv8.EUR.Brain_Hippocampus/ENSG00000233527.8.wgt.RDat	ENSG00000233527.8	19	36573069	36573070	0.52	rs2072606	-4.81	rs3108580	0.377492	7.64	0.73555	307	30	enet	0.38	4.8e-17	0.58551	0.558
Brain_Hippocampus	/media/kame/Data/_workings/resource/GTEv8//GTExv8.EUR.Brain_Hippocampus/ENSG00000186020.12.wgt.RDat	ENSG00000186020.12	19	36589700	36589701	0.267	rs2072606	-4.81	rs2278168	0.051358	-4.51	-1.07132	303	18	enet	0.054	0.0025	0.52362	0.601
Brain_Hippocampus	/media/kame/Data/_workings/resource/GTEv8//GTExv8.EUR.Brain_Hippocampus/ENSG00000267260.1.wgt.RDat	ENSG00000267260.1	19	36773152	36773153	0.138	rs10426229	4.64	rs17707033	0.037169	-3.87	0.04847	276	25	enet	0.037	0.011	-0.06104	0.951
Brain_Hippocampus	/media/kame/Data/_workings/resource/GTEv8//GTExv8.EUR.Brain_Hippocampus/ENSG00000198453.12.wgt.RDat	ENSG00000198453.12	19	36916328	36916329	0.164	rs10426229	4.64	rs4805207	0.118451	4.94	-1.42702	283	15	enet	0.093	8.7e-05	-1.11694	0.264
Brain_Hippocampus	/media/kame/Data/_workings/resource/GTEv8//GTExv8.EUR.Brain_Hippocampus/ENSG00000245680.9.wgt.RDat	ENSG00000245680.9	19	37217924	37217925	0.104	rs10426229	4.64	rs320890	0.03059	-4.11	0.80478	277	9	enet	0.035	0.013	-0.45814	0.647
Brain_Hippocampus	/media/kame/Data/_workings/resource/GTEv8//GTExv8.EUR.Brain_Hippocampus/ENSG00000226686.7.wgt.RDat	ENSG00000226686.7	19	37251911	37251912	0.843	rs10426229	4.64	rs256744	0.643825	9.81	0.48468	282	28	enet	0.64	1.7e-34	0.13882	0.89
Brain_Hippocampus	/media/kame/Data/_workings/resource/GTEv8//GTExv8.EUR.Brain_Hippocampus/ENSG00000276846.1.wgt.RDat	ENSG00000276846.1	19	37315619	37315620	0.265	rs856299	-6.63	rs10416960	0.108599	5.05	0.06165	286	27	enet	0.16	3.6e-07	-0.83629	0.403
Brain_Hippocampus	/media/kame/Data/_workings/resource/GTEv8//GTExv8.EUR.Brain_Hippocampus/ENSG00000266916.5.wgt.RDat	ENSG00000266916.5	19	37506980	37506981	0.293	rs856299	-6.63	rs2161520	0.113731	-4.3	-0.05479	275	8	enet	0.072	0.00054	-0.30706	0.759
Brain_Hippocampus	/media/kame/Data/_workings/resource/GTEv8//GTExv8.EUR.Brain_Hippocampus/ENSG00000196381.10.wgt.RDat	ENSG00000196381.10	19	37678772	37678773	0.264	rs856299	-6.63	rs17246792	0.165839	5.19	0.58229	296	18	enet	0.11	1.3e-05	0.31173	0.755
Brain_Hippocampus	/media/kame/Data/_workings/resource/GTEv8//GTExv8.EUR.Brain_Hippocampus/ENSG00000198182.12.wgt.RDat	ENSG00000198182.12	19	37719789	37719790	0.289	rs856299	-6.63	rs6508738	0.183321	5.57	-1.19042	298	23	enet	0.21	1.9e-09	-0.95771	0.338
Brain_Hippocampus	/media/kame/Data/_workings/resource/GTEv8//GTExv8.EUR.Brain_Hippocampus/ENSG00000267422.1.wgt.RDat	ENSG00000267422.1	19	37779878	37779879	0.138	rs856299	-6.63	rs6508755	0.145868	4.86	-0.34232	306	12	enet	0.065	0.00097	-0.26721	0.789
Brain_Hippocampus	/media/kame/Data/_workings/resource/GTEv8//GTExv8.EUR.Brain_Hippocampus/ENSG00000225868.7.wgt.RDat	ENSG00000225868.7	19	37855214	37855215	0.102	rs856299	-6.63	rs17246792	0.011708	3.56	0.58229	326	5	enet	-0.0067	0.91	0.62681	0.531
Brain_Hippocampus	/media/kame/Data/_workings/resource/GTEv8//GTExv8.EUR.Brain_Hippocampus/ENSG00000167644.11.wgt.RDat	ENSG00000167644.11	19	38304160	38304161	0.216	rs11881305	3.89	rs870218	0.185516	-5.67	-0.09754	367	20	enet	0.1	3.3e-05	-0.78653	0.432
Brain_Hippocampus	/media/kame/Data/_workings/resource/GTEv8//GTExv8.EUR.Brain_Hippocampus/ENSG00000268756.1.wgt.RDat	ENSG00000268756.1	19	38820165	38820166	0.216	rs6508841	-4.13	rs2071085	-0.006496	-3.27	-0.08861	392	7	enet	0.00086	0.29	0.4111	0.681
Brain_Hippocampus	/media/kame/Data/_workings/resource/GTEv8//GTExv8.EUR.Brain_Hippocampus/ENSG00000128626.11.wgt.RDat	ENSG00000128626.11	19	38930896	38930897	0.297	rs6508841	-4.13	rs4803045	0.094729	3.89	-1.27393	391	41	enet	0.072	0.00051	0.03745	0.97
Brain_Hippocampus	/media/kame/Data/_workings/resource/GTEv8//GTExv8.EUR.Brain_Hippocampus/ENSG00000269486.2.wgt.RDat	ENSG00000269486.2	19	38938631	38938632	0.521	rs6508841	-4.13	rs730078	0.053703	4.57	0.14315	394	72	enet	0.12	1e-05	0.31069	0.756
Brain_Hippocampus	/media/kame/Data/_workings/resource/GTEv8//GTExv8.EUR.Brain_Hippocampus/ENSG00000161243.8.wgt.RDat	ENSG00000161243.8	19	39032784	39032785	0.284	rs6508841	-4.13	rs10426860	0.137113	-5.26	-0.80824	398	5	enet	0.11	1.6e-05	0.98607	0.324
Brain_Hippocampus	/media/kame/Data/_workings/resource/GTEv8//GTExv8.EUR.Brain_Hippocampus/ENSG00000130669.17.wgt.RDat	ENSG00000130669.17	19	39125769	39125770	0.369	rs6508841	-4.13	rs11083508	0.172429	-5.4	-0.14546	408	28	enet	0.24	1.1e-10	0.8648	0.387
Brain_Hippocampus	/media/kame/Data/_workings/resource/GTEv8//GTExv8.EUR.Brain_Hippocampus/ENSG00000090924.14.wgt.RDat	ENSG00000090924.14	19	39412584	39412585	0.251	rs6508841	-4.13	rs30461	-0.00513	-3.49	0.40907	440	38	enet	0.012	0.099	-0.35356	0.724
Brain_Hippocampus	/media/kame/Data/_workings/resource/GTEv8//GTExv8.EUR.Brain_Hippocampus/ENSG00000176396.10.wgt.RDat	ENSG00000176396.10	19	39540332	39540333	0.223	rs3760920	3.26	rs8107455	-0.003056	-3.46	-0.77417	422	16	enet	-0.003	0.46	0.9177	0.359
Brain_Hippocampus	/media/kame/Data/_workings/resource/GTEv8//GTExv8.EUR.Brain_Hippocampus/ENSG00000275395.4.wgt.RDat	ENSG00000275395.4	19	39934625	39934626	0.265	rs3760920	3.26	rs34466648	0.195471	5.69	2.28975	396	16	enet	0.13	2.6e-06	2.51192	0.012
Brain_Hippocampus	/media/kame/Data/_workings/resource/GTEv8//GTExv8.EUR.Brain_Hippocampus/ENSG00000198077.10.wgt.RDat	ENSG00000198077.10	19	40882751	40882752	0.353	rs17726276	-4.83	rs3869579	0.224061	-5.86	-0.29176	418	18	enet	0.24	1.4e-10	0.13862	0.89
Brain_Hippocampus	/media/kame/Data/_workings/resource/GTEv8//GTExv8.EUR.Brain_Hippocampus/ENSG00000256612.7.wgt.RDat	ENSG00000256612.7	19	40924218	40924219	0.315	rs17726276	-4.83	rs5007415	0.13447	-5.05	-0.12715	418	12	enet	0.11	3e-05	-0.29269	0.77
Brain_Hippocampus	/media/kame/Data/_workings/resource/GTEv8//GTExv8.EUR.Brain_Hippocampus/ENSG00000077348.8.wgt.RDat	ENSG00000077348.8	19	41397458	41397459	0.247	rs887391	6.18	rs4674	0.086868	4.41	0.10801	375	13	enet	0.088	0.00013	-0.47008	0.638
Brain_Hippocampus	/media/kame/Data/_workings/resource/GTEv8//GTExv8.EUR.Brain_Hippocampus/ENSG00000105404.10.wgt.RDat	ENSG00000105404.10	19	41959389	41959390	0.119	rs887391	6.18	rs1864207	0.002226	-3.38	-0.00608	225	25	enet	0.024	0.031	-2.49576	0.0126
Brain_Hippocampus	/media/kame/Data/_workings/resource/GTEv8//GTExv8.EUR.Brain_Hippocampus/ENSG00000282943.1.wgt.RDat	ENSG00000282943.1	19	42977462	42977463	0.156	rs10418871	8.12	rs7257922	0.120626	4.86	0.79901	139	7	enet	0.052	0.0028	0.58862	0.556
Brain_Hippocampus	/media/kame/Data/_workings/resource/GTEv8//GTExv8.EUR.Brain_Hippocampus/ENSG00000176531.10.wgt.RDat	ENSG00000176531.10	19	43504934	43504935	0.381	rs189445	4.2	rs2599437	0.136369	5.87	-1.18015	364	9	enet	0.28	2.3e-12	-0.87011	0.384
Brain_Hippocampus	/media/kame/Data/_workings/resource/GTEv8//GTExv8.EUR.Brain_Hippocampus/ENSG00000234465.10.wgt.RDat	ENSG00000234465.10	19	43576799	43576800	0.484	rs189445	4.2	rs2682587	0.08893	-5.03	0.40067	382	24	enet	0.17	6.6e-08	-0.42341	0.672
Brain_Hippocampus	/media/kame/Data/_workings/resource/GTEv8//GTExv8.EUR.Brain_Hippocampus/ENSG00000073050.11.wgt.RDat	ENSG00000073050.11	19	43580472	43580473	0.251	rs189445	4.2	rs2682562	0.030546	5.08	0.40311	382	23	enet	0.096	6.6e-05	0.24394	0.807
Brain_Hippocampus	/media/kame/Data/_workings/resource/GTEv8//GTExv8.EUR.Brain_Hippocampus/ENSG00000104783.11.wgt.RDat	ENSG00000104783.11	19	43781256	43781257	0.333	rs189445	4.2	rs11879355	0.202796	-6.03	0.04967	424	36	enet	0.18	5.4e-08	0.29144	0.771
Brain_Hippocampus	/media/kame/Data/_workings/resource/GTEv8//GTExv8.EUR.Brain_Hippocampus/ENSG00000176222.8.wgt.RDat	ENSG00000176222.8	19	43884050	43884051	0.323	rs189445	4.2	rs8104290	0.301356	6.76	-0.8372	447	20	enet	0.28	2.3e-12	-0.83262	0.405
Brain_Hippocampus	/media/kame/Data/_workings/resource/GTEv8//GTExv8.EUR.Brain_Hippocampus/ENSG00000279103.1.wgt.RDat	ENSG00000279103.1	19	44248373	44248374	0.327	rs189445	4.2	rs2722721	0.06248	-4.79	0.21374	470	14	enet	0.04	0.0079	-0.30571	0.76
Brain_Hippocampus	/media/kame/Data/_workings/resource/GTEv8//GTExv8.EUR.Brain_Hippocampus/ENSG00000278318.4.wgt.RDat	ENSG00000278318.4	19	44448577	44448578	0.356	rs7412	-6.3	rs204531	0.01046	-3.88	0.64656	445	35	enet	0.16	2.3e-07	-0.35573	0.722
Brain_Hippocampus	/media/kame/Data/_workings/resource/GTEv8//GTExv8.EUR.Brain_Hippocampus/ENSG00000167384.10.wgt.RDat	ENSG00000167384.10	19	44500523	44500524	0.198	rs7412	-6.3	rs2686768	0.046964	4.48	0.0351	430	22	enet	0.054	0.0024	-0.14917	0.881
Brain_Hippocampus	/media/kame/Data/_workings/resource/GTEv8//GTExv8.EUR.Brain_Hippocampus/ENSG00000186567.12.wgt.RDat	ENSG00000186567.12	19	44666957	44666958	0.477	rs17562787	-6.77	rs714948	0.203014	5.71	-0.01017	422	18	enet	0.24	1.1e-10	-0.00596	0.995
Brain_Hippocampus	/media/kame/Data/_workings/resource/GTEv8//GTExv8.EUR.Brain_Hippocampus/ENSG00000266903.1.wgt.RDat	ENSG00000266903.1	19	44718758	44718759	0.487	rs17562787	-6.77	rs2965109	0.036883	-4.4	1.38892	431	46	enet	0.17	1.1e-07	-0.57652	0.564
Brain_Hippocampus	/media/kame/Data/_workings/resource/GTEv8//GTExv8.EUR.Brain_Hippocampus/ENSG00000267467.3.wgt.RDat	ENSG00000267467.3	19	44942237	44942238	0.228	rs17562787	-6.77	rs12709889	0.01006	3.73	0.94324	396	4	enet	-0.0061	0.76	0.87461	0.382
Brain_Hippocampus	/media/kame/Data/_workings/resource/GTEv8//GTExv8.EUR.Brain_Hippocampus/ENSG00000104884.14.wgt.RDat	ENSG00000104884.14	19	45370917	45370918	0.233	rs17562787	-6.77	rs8111069	0.001402	3.08	0.43332	369	13	enet	-0.006	0.74	0.19766	0.843
Brain_Hippocampus	/media/kame/Data/_workings/resource/GTEv8//GTExv8.EUR.Brain_Hippocampus/ENSG00000213889.10.wgt.RDat	ENSG00000213889.10	19	45488776	45488777	0.2	rs17562787	-6.77	rs4511641	0.080139	4.11	-1.27247	372	3	enet	0.043	0.0065	-1.33979	0.18
Brain_Hippocampus	/media/kame/Data/_workings/resource/GTEv8//GTExv8.EUR.Brain_Hippocampus/ENSG00000125755.18.wgt.RDat	ENSG00000125755.18	19	45863289	45863290	0.389	rs4803895	7.22	rs16980027	0.030016	-4.22	-0.37219	394	22	enet	0.076	0.00038	0.44335	0.658
Brain_Hippocampus	/media/kame/Data/_workings/resource/GTEv8//GTExv8.EUR.Brain_Hippocampus/ENSG00000204866.8.wgt.RDat	ENSG00000204866.8	19	46143105	46143106	0.22	rs4803895	7.22	rs10408162	0.085215	5.18	0.89093	412	11	enet	0.074	0.00046	0.83868	0.402
Brain_Hippocampus	/media/kame/Data/_workings/resource/GTEv8//GTExv8.EUR.Brain_Hippocampus/ENSG00000268879.1.wgt.RDat	ENSG00000268879.1	19	46196237	46196238	0.267	rs4803895	7.22	rs34851490	-0.000568	3.84	-0.08878	411	13	enet	0.02	0.044	-0.38523	0.7
Brain_Hippocampus	/media/kame/Data/_workings/resource/GTEv8//GTExv8.EUR.Brain_Hippocampus/ENSG00000169515.5.wgt.RDat	ENSG00000169515.5	19	46413583	46413584	0.221	rs4803895	7.22	rs427250	0.09756	4.86	0.75286	379	9	enet	0.039	0.0085	1.05232	0.293
Brain_Hippocampus	/media/kame/Data/_workings/resource/GTEv8//GTExv8.EUR.Brain_Hippocampus/ENSG00000182013.17.wgt.RDat	ENSG00000182013.17	19	46471562	46471563	0.613	rs4803895	7.22	rs8107491	0.285	7.43	2.65201	371	39	enet	0.35	1.4e-15	2.52986	0.0114
Brain_Hippocampus	/media/kame/Data/_workings/resource/GTEv8//GTExv8.EUR.Brain_Hippocampus/ENSG00000105287.12.wgt.RDat	ENSG00000105287.12	19	46717126	46717127	0.413	rs8101491	5.62	rs874462	0.174824	-6.19	0.09645	348	12	enet	0.26	2.3e-11	-0.14789	0.882
Brain_Hippocampus	/media/kame/Data/_workings/resource/GTEv8//GTExv8.EUR.Brain_Hippocampus/ENSG00000181027.10.wgt.RDat	ENSG00000181027.10	19	46746045	46746046	0.371	rs10407441	9.17	rs160544	0.158057	5.93	-0.78921	338	6	enet	0.18	3.5e-08	-0.4119	0.68
Brain_Hippocampus	/media/kame/Data/_workings/resource/GTEv8//GTExv8.EUR.Brain_Hippocampus/ENSG00000134815.18.wgt.RDat	ENSG00000134815.18	19	47349280	47349281	0.348	rs10407441	9.17	rs2341876	0.055558	4.36	1.37829	348	51	enet	0.083	0.00021	1.72722	0.0841
Brain_Hippocampus	/media/kame/Data/_workings/resource/GTEv8//GTExv8.EUR.Brain_Hippocampus/ENSG00000105373.18.wgt.RDat	ENSG00000105373.18	19	47745521	47745522	0.219	rs4482395	6.19	rs4595896	-0.00397	3.15	0.19264	477	37	enet	0.022	0.039	0.69782	0.485
Brain_Hippocampus	/media/kame/Data/_workings/resource/GTEv8//GTExv8.EUR.Brain_Hippocampus/ENSG00000105499.13.wgt.RDat	ENSG00000105499.13	19	48110816	48110817	0.34	rs1132054	5.28	rs274860	0.158339	5.43	-0.23205	509	14	enet	0.19	1.1e-08	-0.34021	0.734
Brain_Hippocampus	/media/kame/Data/_workings/resource/GTEv8//GTExv8.EUR.Brain_Hippocampus/ENSG00000105486.13.wgt.RDat	ENSG00000105486.13	19	48170602	48170603	0.373	rs1132054	5.28	rs2386523	0.043927	-4.56	2.05251	505	41	enet	0.14	1.4e-06	-2.02409	0.043
Brain_Hippocampus	/media/kame/Data/_workings/resource/GTEv8//GTExv8.EUR.Brain_Hippocampus/ENSG00000105483.17.wgt.RDat	ENSG00000105483.17	19	48255945	48255946	0.369	rs1132054	5.28	rs3786740	-0.005554	-3.14	-0.58143	511	16	enet	-0.0045	0.57	0.73814	0.46
Brain_Hippocampus	/media/kame/Data/_workings/resource/GTEv8//GTExv8.EUR.Brain_Hippocampus/ENSG00000105479.15.wgt.RDat	ENSG00000105479.15	19	48320810	48320811	0.263	rs1132054	5.28	rs11673016	0.030561	-4.9	-0.16838	502	20	enet	0.095	7.2e-05	0.02538	0.98
Brain_Hippocampus	/media/kame/Data/_workings/resource/GTEv8//GTExv8.EUR.Brain_Hippocampus/ENSG00000232871.8.wgt.RDat	ENSG00000232871.8	19	48638144	48638145	0.316	rs1132054	5.28	rs281380	0.035223	-4.32	0.02554	456	16	enet	0.09	0.00012	-0.46654	0.641
Brain_Hippocampus	/media/kame/Data/_workings/resource/GTEv8//GTExv8.EUR.Brain_Hippocampus/ENSG00000142233.11.wgt.RDat	ENSG00000142233.11	19	48673080	48673081	0.289	rs1132054	5.28	rs838147	0.070744	4.04	-0.70414	453	5	enet	-0.00038	0.33	-0.3727	0.709
Brain_Hippocampus	/media/kame/Data/_workings/resource/GTEv8//GTExv8.EUR.Brain_Hippocampus/ENSG00000176920.11.wgt.RDat	ENSG00000176920.11	19	48695970	48695971	0.266	rs1132054	5.28	rs411482	0.094357	5.03	2.2696	450	17	enet	0.12	1.1e-05	0.09515	0.924
Brain_Hippocampus	/media/kame/Data/_workings/resource/GTEv8//GTExv8.EUR.Brain_Hippocampus/ENSG00000176909.11.wgt.RDat	ENSG00000176909.11	19	48719720	48719721	0.187	rs1132054	5.28	rs281379	0.067603	4.42	-1.14405	436	27	enet	0.04	0.0079	-0.21724	0.828
Brain_Hippocampus	/media/kame/Data/_workings/resource/GTEv8//GTExv8.EUR.Brain_Hippocampus/ENSG00000182264.8.wgt.RDat	ENSG00000182264.8	19	48746908	48746909	0.302	rs1132054	5.28	rs16982133	0.002317	-3.36	-0.69228	429	32	enet	0.017	0.061	0.31629	0.752
Brain_Hippocampus	/media/kame/Data/_workings/resource/GTEv8//GTExv8.EUR.Brain_Hippocampus/ENSG00000104894.11.wgt.RDat	ENSG00000104894.11	19	49335170	49335171	0.331	rs7258719	8.48	rs919364	-0.002688	-3.5	0.0825	377	21	enet	0.0056	0.18	1.05522	0.291
Brain_Hippocampus	/media/kame/Data/_workings/resource/GTEv8//GTExv8.EUR.Brain_Hippocampus/ENSG00000074219.13.wgt.RDat	ENSG00000074219.13	19	49362456	49362457	0.282	rs7258719	8.48	rs2303758	0.190119	5.54	0.06733	375	15	enet	0.16	2.8e-07	0.03016	0.976
Brain_Hippocampus	/media/kame/Data/_workings/resource/GTEv8//GTExv8.EUR.Brain_Hippocampus/ENSG00000268686.1.wgt.RDat	ENSG00000268686.1	19	49388080	49388081	0.308	rs7258719	8.48	rs2303759	0.143397	-4.86	0.53084	373	6	enet	0.022	0.039	-0.15895	0.874
Brain_Hippocampus	/media/kame/Data/_workings/resource/GTEv8//GTExv8.EUR.Brain_Hippocampus/ENSG00000161618.9.wgt.RDat	ENSG00000161618.9	19	49453168	49453169	0.469	rs7258719	8.48	rs11083974	0.259965	6.44	8.42796	371	16	enet	0.22	7.6e-10	7.87434	3.43e-15
Brain_Hippocampus	/media/kame/Data/_workings/resource/GTEv8//GTExv8.EUR.Brain_Hippocampus/ENSG00000104870.12.wgt.RDat	ENSG00000104870.12	19	49512278	49512279	0.267	rs7258719	8.48	rs3760707	0.061812	-4.51	-0.20041	366	10	enet	0.038	0.0093	0.66597	0.505
Brain_Hippocampus	/media/kame/Data/_workings/resource/GTEv8//GTExv8.EUR.Brain_Hippocampus/ENSG00000039650.11.wgt.RDat	ENSG00000039650.11	19	49867908	49867909	0.407	rs7258719	8.48	rs2257103	0.259103	6.57	-2.44019	346	5	enet	0.18	3.5e-08	-2.43582	0.0149
Brain_Hippocampus	/media/kame/Data/_workings/resource/GTEv8//GTExv8.EUR.Brain_Hippocampus/ENSG00000169136.10.wgt.RDat	ENSG00000169136.10	19	49929763	49929764	0.325	rs7258719	8.48	rs654877	-0.004345	3.82	1.35613	337	36	enet	0.031	0.018	1.76017	0.0784
Brain_Hippocampus	/media/kame/Data/_workings/resource/GTEv8//GTExv8.EUR.Brain_Hippocampus/ENSG00000161640.15.wgt.RDat	ENSG00000161640.15	19	49961171	49961172	0.213	rs10425688	4.54	rs9304690	0.173255	5.18	1.123	335	28	enet	0.12	6e-06	0.11372	0.909
Brain_Hippocampus	/media/kame/Data/_workings/resource/GTEv8//GTExv8.EUR.Brain_Hippocampus/ENSG00000161643.12.wgt.RDat	ENSG00000161643.12	19	49969672	49969673	0.233	rs12984428	-4.43	rs8105239	0.031484	3.82	-0.73798	336	38	enet	0.032	0.015	-1.02416	0.306
Brain_Hippocampus	/media/kame/Data/_workings/resource/GTEv8//GTExv8.EUR.Brain_Hippocampus/ENSG00000105053.10.wgt.RDat	ENSG00000105053.10	19	50025804	50025805	0.237	rs12984428	-4.43	rs17311679	0.126873	4.81	0.46248	338	17	enet	0.049	0.0036	0.1456	0.884
Brain_Hippocampus	/media/kame/Data/_workings/resource/GTEv8//GTExv8.EUR.Brain_Hippocampus/ENSG00000131401.11.wgt.RDat	ENSG00000131401.11	19	50344760	50344761	0.446	rs10405514	3.65	rs676314	0.377169	-7.56	0.28279	399	9	enet	0.36	3.9e-16	-0.49048	0.624
Brain_Hippocampus	/media/kame/Data/_workings/resource/GTEv8//GTExv8.EUR.Brain_Hippocampus/ENSG00000180279.6.wgt.RDat	ENSG00000180279.6	19	50808873	50808874	0.606	rs1568003	-7.56	rs11673306	0.367711	7.51	-0.34929	536	4	enet	0.33	1e-14	-0.44544	0.656
Brain_Hippocampus	/media/kame/Data/_workings/resource/GTEv8//GTExv8.EUR.Brain_Hippocampus/ENSG00000273837.1.wgt.RDat	ENSG00000273837.1	19	51639930	51639931	0.293	rs273628	4.26	rs16982907	0.109714	-4.97	0.14822	591	23	enet	0.071	0.00057	-0.0922	0.927
Brain_Hippocampus	/media/kame/Data/_workings/resource/GTEv8//GTExv8.EUR.Brain_Hippocampus/ENSG00000254415.3.wgt.RDat	ENSG00000254415.3	19	51646800	51646801	0.503	rs273628	4.26	rs7250849	0.221157	-5.96	0.09712	593	35	enet	0.17	1.4e-07	-0.18678	0.852
Brain_Hippocampus	/media/kame/Data/_workings/resource/GTEv8//GTExv8.EUR.Brain_Hippocampus/ENSG00000105509.10.wgt.RDat	ENSG00000105509.10	19	51723993	51723994	0.508	rs10520481	6.05	rs3794977	0.226849	6.01	-0.71333	611	34	enet	0.22	6.2e-10	-0.2338	0.815
Brain_Hippocampus	/media/kame/Data/_workings/resource/GTEv8//GTExv8.EUR.Brain_Hippocampus/ENSG00000161551.14.wgt.RDat	ENSG00000161551.14	19	51887975	51887976	0.461	rs10520481	6.05	rs7256036	0.151467	-5.21	-0.38319	616	61	enet	0.11	2.2e-05	0.89935	0.368
Brain_Hippocampus	/media/kame/Data/_workings/resource/GTEv8//GTExv8.EUR.Brain_Hippocampus/ENSG00000198093.10.wgt.RDat	ENSG00000198093.10	19	51905039	51905040	0.228	rs10520481	6.05	rs8110546	0.081124	-4.61	0.24382	611	32	enet	0.12	6e-06	-1.39441	0.163
Brain_Hippocampus	/media/kame/Data/_workings/resource/GTEv8//GTExv8.EUR.Brain_Hippocampus/ENSG00000269235.1.wgt.RDat	ENSG00000269235.1	19	51949133	51949134	0.369	rs10520481	6.05	rs8105910	0.140774	5.77	0.06948	622	26	enet	0.097	5.9e-05	-0.02632	0.979
Brain_Hippocampus	/media/kame/Data/_workings/resource/GTEv8//GTExv8.EUR.Brain_Hippocampus/ENSG00000197608.11.wgt.RDat	ENSG00000197608.11	19	52095764	52095765	0.303	rs10520481	6.05	rs7250212	0.022165	3.89	-0.97445	558	49	enet	0.00035	0.31	-0.10113	0.919
Brain_Hippocampus	/media/kame/Data/_workings/resource/GTEv8//GTExv8.EUR.Brain_Hippocampus/ENSG00000167554.14.wgt.RDat	ENSG00000167554.14	19	52336244	52336245	0.209	rs10520481	6.05	rs324126	-0.002502	-3.3	-0.42879	489	32	enet	-0.0064	0.83	-0.18375	0.854
Brain_Hippocampus	/media/kame/Data/_workings/resource/GTEv8//GTExv8.EUR.Brain_Hippocampus/ENSG00000221923.8.wgt.RDat	ENSG00000221923.8	19	52369916	52369917	0.853	rs10520481	6.05	rs2059818	0.540139	9.01	-0.24826	484	51	enet	0.61	6.4e-32	-0.28044	0.779
Brain_Hippocampus	/media/kame/Data/_workings/resource/GTEv8//GTExv8.EUR.Brain_Hippocampus/ENSG00000167555.13.wgt.RDat	ENSG00000167555.13	19	52397848	52397849	0.434	rs10520481	6.05	rs2290745	0.10628	-5.52	-1.53939	462	28	enet	0.12	9.3e-06	2.34805	0.0189
Brain_Hippocampus	/media/kame/Data/_workings/resource/GTEv8//GTExv8.EUR.Brain_Hippocampus/ENSG00000198633.10.wgt.RDat	ENSG00000198633.10	19	52429186	52429187	0.441	rs10520481	6.05	rs11672854	0.135506	5.63	-2.04263	461	52	enet	0.17	1.5e-07	-2.31588	0.0206
Brain_Hippocampus	/media/kame/Data/_workings/resource/GTEv8//GTExv8.EUR.Brain_Hippocampus/ENSG00000167766.18.wgt.RDat	ENSG00000167766.18	19	52690495	52690496	0.626	rs4801954	8.07	rs7257138	0.286726	6.61	0.42723	461	8	enet	0.23	4.1e-10	0.37572	0.707
Brain_Hippocampus	/media/kame/Data/_workings/resource/GTEv8//GTExv8.EUR.Brain_Hippocampus/ENSG00000204604.9.wgt.RDat	ENSG00000204604.9	19	52857648	52857649	0.275	rs4801954	8.07	rs189070	0.054864	-4.08	-0.01493	466	31	enet	0.017	0.062	-0.59446	0.552
Brain_Hippocampus	/media/kame/Data/_workings/resource/GTEv8//GTExv8.EUR.Brain_Hippocampus/ENSG00000182986.12.wgt.RDat	ENSG00000182986.12	19	52897683	52897684	0.364	rs4801954	8.07	rs3810115	0.4025	7.8	2.33914	456	2	enet	0.36	3.8e-16	2.28863	0.0221
Brain_Hippocampus	/media/kame/Data/_workings/resource/GTEv8//GTExv8.EUR.Brain_Hippocampus/ENSG00000180257.13.wgt.RDat	ENSG00000180257.13	19	52962910	52962911	0.391	rs4801954	8.07	rs1428641	0.003326	-2.95	-0.28418	454	10	enet	-0.0054	0.65	-2.47538	0.0133
Brain_Hippocampus	/media/kame/Data/_workings/resource/GTEv8//GTExv8.EUR.Brain_Hippocampus/ENSG00000170949.17.wgt.RDat	ENSG00000170949.17	19	53103435	53103436	0.347	rs4801954	8.07	rs12985137	0.177854	-5.56	6.31554	484	8	enet	0.16	3.3e-07	-2.61863	0.00883
Brain_Hippocampus	/media/kame/Data/_workings/resource/GTEv8//GTExv8.EUR.Brain_Hippocampus/ENSG00000170954.11.wgt.RDat	ENSG00000170954.11	19	53133076	53133077	0.507	rs4801954	8.07	rs12985137	0.236141	-6.23	6.31554	486	24	enet	0.15	5.8e-07	-4.60037	4.22e-06
Brain_Hippocampus	/media/kame/Data/_workings/resource/GTEv8//GTExv8.EUR.Brain_Hippocampus/ENSG00000197937.12.wgt.RDat	ENSG00000197937.12	19	53159059	53159060	0.488	rs4801954	8.07	rs3745180	0.141184	-6.03	3.1378	476	14	enet	0.18	5e-08	-4.3141	1.6e-05
Brain_Hippocampus	/media/kame/Data/_workings/resource/GTEv8//GTExv8.EUR.Brain_Hippocampus/ENSG00000269001.2.wgt.RDat	ENSG00000269001.2	19	53197110	53197111	0.411	rs4801954	8.07	rs4801965	0.0141	-4.51	-2.72445	472	44	enet	0.2	3.6e-09	1.57636	0.115
Brain_Hippocampus	/media/kame/Data/_workings/resource/GTEv8//GTExv8.EUR.Brain_Hippocampus/ENSG00000241015.2.wgt.RDat	ENSG00000241015.2	19	53431983	53431984	0.571	rs4801954	8.07	rs8102929	0.346709	7.22	-0.80353	482	16	enet	0.39	1.4e-17	-0.60641	0.544
Brain_Hippocampus	/media/kame/Data/_workings/resource/GTEv8//GTExv8.EUR.Brain_Hippocampus/ENSG00000198346.10.wgt.RDat	ENSG00000198346.10	19	53467734	53467735	0.359	rs4801954	8.07	rs3898466	-0.006034	3.69	0.03201	480	33	enet	-0.0014	0.37	-0.70396	0.481
Brain_Hippocampus	/media/kame/Data/_workings/resource/GTEv8//GTExv8.EUR.Brain_Hippocampus/ENSG00000170906.15.wgt.RDat	ENSG00000170906.15	19	54102727	54102728	0.51	rs454006	6.07	rs11556769	0.04765	4.65	0.92502	453	29	enet	0.073	5e-04	1.25306	0.21
Brain_Hippocampus	/media/kame/Data/_workings/resource/GTEv8//GTExv8.EUR.Brain_Hippocampus/ENSG00000105619.13.wgt.RDat	ENSG00000105619.13	19	54115408	54115409	0.359	rs454006	6.07	rs254272	0.009228	3.59	0.29253	446	9	enet	0.025	0.031	-0.23315	0.816
Brain_Hippocampus	/media/kame/Data/_workings/resource/GTEv8//GTExv8.EUR.Brain_Hippocampus/ENSG00000167608.11.wgt.RDat	ENSG00000167608.11	19	54173249	54173250	0.458	rs454006	6.07	rs42319	0.166645	5.27	-0.19191	470	4	enet	0.12	9.8e-06	-0.19879	0.842
Brain_Hippocampus	/media/kame/Data/_workings/resource/GTEv8//GTExv8.EUR.Brain_Hippocampus/ENSG00000160439.15.wgt.RDat	ENSG00000160439.15	19	55071290	55071291	0.456	rs1749282	-4.28	rs3745913	0.126302	-5.16	0.19381	456	14	enet	0.069	0.00067	-0.49324	0.622
Brain_Hippocampus	/media/kame/Data/_workings/resource/GTEv8//GTExv8.EUR.Brain_Hippocampus/ENSG00000129991.12.wgt.RDat	ENSG00000129991.12	19	55157731	55157732	0.389	rs4420651	-4.46	rs891187	0.122708	5.11	0.06632	465	17	enet	0.13	4.1e-06	0.05673	0.955
Brain_Hippocampus	/media/kame/Data/_workings/resource/GTEv8//GTExv8.EUR.Brain_Hippocampus/ENSG00000180089.5.wgt.RDat	ENSG00000180089.5	19	55229263	55229264	0.507	rs11084396	4.1	rs4255895	0.095316	-5.24	-0.05871	440	39	enet	0.19	1.6e-08	0.3414	0.733
Brain_Hippocampus	/media/kame/Data/_workings/resource/GTEv8//GTExv8.EUR.Brain_Hippocampus/ENSG00000108107.14.wgt.RDat	ENSG00000108107.14	19	55385344	55385345	0.515	rs11084396	4.1	rs17700376	0.189075	-5.64	0.10048	550	12	enet	0.12	8.1e-06	-0.08742	0.93
Brain_Hippocampus	/media/kame/Data/_workings/resource/GTEv8//GTExv8.EUR.Brain_Hippocampus/ENSG00000213015.8.wgt.RDat	ENSG00000213015.8	19	55635015	55635016	0.335	rs11672395	-4.4	rs889092	0.082153	4.55	0.19785	573	4	enet	0.058	0.0017	-0.03572	0.972
Brain_Hippocampus	/media/kame/Data/_workings/resource/GTEv8//GTExv8.EUR.Brain_Hippocampus/ENSG00000267454.5.wgt.RDat	ENSG00000267454.5	19	56393655	56393656	0.444	rs8101140	-5.54	rs8112935	0.17664	5.83	-0.00518	526	29	enet	0.18	3.1e-08	-1.16432	0.244
Brain_Hippocampus	/media/kame/Data/_workings/resource/GTEv8//GTExv8.EUR.Brain_Hippocampus/ENSG00000198440.9.wgt.RDat	ENSG00000198440.9	19	56404013	56404014	0.278	rs8101140	-5.54	rs7258886	0.011428	3.65	0.20186	522	17	enet	0.07	0.00063	0.93736	0.349
Brain_Hippocampus	/media/kame/Data/_workings/resource/GTEv8//GTExv8.EUR.Brain_Hippocampus/ENSG00000198046.11.wgt.RDat	ENSG00000198046.11	19	56477117	56477118	0.442	rs8101140	-5.54	rs10410530	0.215003	5.75	-0.43562	503	18	enet	0.28	2.2e-12	-0.42518	0.671
Brain_Hippocampus	/media/kame/Data/_workings/resource/GTEv8//GTExv8.EUR.Brain_Hippocampus/ENSG00000269696.1.wgt.RDat	ENSG00000269696.1	19	56567410	56567411	0.552	rs8101140	-5.54	rs12978999	0.400066	7.75	-0.12686	489	40	enet	0.38	1.7e-17	0.46628	0.641
Brain_Hippocampus	/media/kame/Data/_workings/resource/GTEv8//GTExv8.EUR.Brain_Hippocampus/ENSG00000197016.11.wgt.RDat	ENSG00000197016.11	19	56567510	56567511	0.436	rs8101140	-5.54	rs8107062	0.193394	-6	-1.81453	489	31	enet	0.18	3e-08	1.62798	0.104
Brain_Hippocampus	/media/kame/Data/_workings/resource/GTEv8//GTExv8.EUR.Brain_Hippocampus/ENSG00000105146.12.wgt.RDat	ENSG00000105146.12	19	57230801	57230802	0.288	rs13345207	3.68	rs10418480	0.092446	4.77	0.21576	506	17	enet	0.079	0.00029	0.41324	0.679
Brain_Hippocampus	/media/kame/Data/_workings/resource/GTEv8//GTExv8.EUR.Brain_Hippocampus/ENSG00000131845.14.wgt.RDat	ENSG00000131845.14	19	57351359	57351360	0.423	rs13345207	3.68	rs12978934	0.208086	-6.13	0.21081	506	19	enet	0.18	4.1e-08	-0.17806	0.859
Brain_Hippocampus	/media/kame/Data/_workings/resource/GTEv8//GTExv8.EUR.Brain_Hippocampus/ENSG00000186272.12.wgt.RDat	ENSG00000186272.12	19	57411162	57411163	0.21	rs13345207	3.68	rs862703	0.052963	-4.23	0.37281	491	11	enet	0.062	0.0012	-0.75807	0.448
Brain_Hippocampus	/media/kame/Data/_workings/resource/GTEv8//GTExv8.EUR.Brain_Hippocampus/ENSG00000186230.6.wgt.RDat	ENSG00000186230.6	19	57435328	57435329	0.572	rs13345207	3.68	rs11665675	0.549022	-9.1	0.22518	489	9	enet	0.51	8e-25	-0.25847	0.796
Brain_Hippocampus	/media/kame/Data/_workings/resource/GTEv8//GTExv8.EUR.Brain_Hippocampus/ENSG00000178201.4.wgt.RDat	ENSG00000178201.4	19	57457141	57457142	0.232	rs13345207	3.68	rs2240022	0.071951	4.33	-0.07653	487	19	enet	0.032	0.016	-0.67434	0.5
Brain_Hippocampus	/media/kame/Data/_workings/resource/GTEv8//GTExv8.EUR.Brain_Hippocampus/ENSG00000197128.11.wgt.RDat	ENSG00000197128.11	19	57477569	57477570	0.273	rs13345207	3.68	rs12610728	0.07974	-4.9	0.20943	485	30	enet	0.07	0.00064	-0.30444	0.761
Brain_Hippocampus	/media/kame/Data/_workings/resource/GTEv8//GTExv8.EUR.Brain_Hippocampus/ENSG00000268266.1.wgt.RDat	ENSG00000268266.1	19	57477648	57477649	0.361	rs13345207	3.68	rs12977381	0.089825	-5.3	-0.30037	485	26	enet	0.14	1.4e-06	0.26702	0.789
Brain_Hippocampus	/media/kame/Data/_workings/resource/GTEv8//GTExv8.EUR.Brain_Hippocampus/ENSG00000105136.20.wgt.RDat	ENSG00000105136.20	19	57487710	57487711	0.381	rs13345207	3.68	rs6510082	0.269009	6.4	1.46861	488	36	enet	0.25	6.9e-11	1.39822	0.162
Brain_Hippocampus	/media/kame/Data/_workings/resource/GTEv8//GTExv8.EUR.Brain_Hippocampus/ENSG00000121406.8.wgt.RDat	ENSG00000121406.8	19	57527324	57527325	0.25	rs13345207	3.68	rs10422444	0.017936	-3.81	-0.19026	489	31	enet	0.052	0.0028	-0.8368	0.403
Brain_Hippocampus	/media/kame/Data/_workings/resource/GTEv8//GTExv8.EUR.Brain_Hippocampus/ENSG00000183647.10.wgt.RDat	ENSG00000183647.10	19	57599884	57599885	0.413	rs7260445	-3.22	rs2238695	-0.006755	3.46	-0.46786	476	40	enet	0.1	3.4e-05	-0.55063	0.582
Brain_Hippocampus	/media/kame/Data/_workings/resource/GTEv8//GTExv8.EUR.Brain_Hippocampus/ENSG00000269867.1.wgt.RDat	ENSG00000269867.1	19	57867883	57867884	0.337	rs159680	4.04	rs1047128	0.197898	5.69	-0.29817	462	14	enet	0.17	8.7e-08	0.24958	0.803
Brain_Hippocampus	/media/kame/Data/_workings/resource/GTEv8//GTExv8.EUR.Brain_Hippocampus/ENSG00000270804.1.wgt.RDat	ENSG00000270804.1	19	57868172	57868173	0.702	rs159680	4.04	rs1047128	0.219392	5.9	-0.29817	462	21	enet	0.2	6.2e-09	-0.93026	0.352
Brain_Hippocampus	/media/kame/Data/_workings/resource/GTEv8//GTExv8.EUR.Brain_Hippocampus/ENSG00000204514.9.wgt.RDat	ENSG00000204514.9	19	57889073	57889074	0.238	rs159680	4.04	rs1047128	0.211747	-5.68	-0.29817	467	9	enet	0.17	6.8e-08	-0.04153	0.967
Brain_Hippocampus	/media/kame/Data/_workings/resource/GTEv8//GTExv8.EUR.Brain_Hippocampus/ENSG00000173480.10.wgt.RDat	ENSG00000173480.10	19	57916609	57916610	0.348	rs159680	4.04	rs34871518	0.007486	-3.84	-1.64647	467	29	enet	0.07	0.00061	0.44906	0.653
Brain_Hippocampus	/media/kame/Data/_workings/resource/GTEv8//GTExv8.EUR.Brain_Hippocampus/ENSG00000196724.12.wgt.RDat	ENSG00000196724.12	19	57935392	57935393	0.377	rs159680	4.04	rs6510112	0.119936	-4.59	-0.57082	471	16	enet	0.087	0.00014	-0.07003	0.944
Brain_Hippocampus	/media/kame/Data/_workings/resource/GTEv8//GTExv8.EUR.Brain_Hippocampus/ENSG00000177025.3.wgt.RDat	ENSG00000177025.3	19	57974533	57974534	0.287	rs159680	4.04	rs3810128	0.085838	3.82	0.91349	454	46	enet	0.052	0.0029	0.48684	0.626
Brain_Hippocampus	/media/kame/Data/_workings/resource/GTEv8//GTExv8.EUR.Brain_Hippocampus/ENSG00000176593.7.wgt.RDat	ENSG00000176593.7	19	58002060	58002061	0.335	rs2033711	-5.7	rs11669327	0.221732	6.07	0.06167	446	26	enet	0.2	4.9e-09	0.03414	0.973
Brain_Hippocampus	/media/kame/Data/_workings/resource/GTEv8//GTExv8.EUR.Brain_Hippocampus/ENSG00000121413.12.wgt.RDat	ENSG00000121413.12	19	58118426	58118427	0.206	rs2033711	-5.7	rs1025020	0.058656	-3.9	0.26385	431	55	enet	0.077	0.00035	0.45157	0.652
Brain_Hippocampus	/media/kame/Data/_workings/resource/GTEv8//GTExv8.EUR.Brain_Hippocampus/ENSG00000283103.1.wgt.RDat	ENSG00000283103.1	19	58326932	58326933	0.195	rs2033711	-5.7	rs16988659	-0.005576	3.22	-0.45185	329	74	enet	0.016	0.065	-0.05824	0.954
Brain_Hippocampus	/media/kame/Data/_workings/resource/GTEv8//GTExv8.EUR.Brain_Hippocampus/ENSG00000171574.17.wgt.RDat	ENSG00000171574.17	19	58401503	58401504	0.26	rs2033711	-5.7	rs882610	0.039499	4.36	0.70928	308	26	enet	0.049	0.0037	0.81467	0.415
Brain_Hippocampus	/media/kame/Data/_workings/resource/GTEv8//GTExv8.EUR.Brain_Hippocampus/ENSG00000268912.1.wgt.RDat	ENSG00000268912.1	19	58431147	58431148	0.176	rs2033711	-5.7	rs7259841	0.078384	4.78	0.15076	298	16	enet	0.096	6.6e-05	0.73247	0.464
Brain_Hippocampus	/media/kame/Data/_workings/resource/GTEv8//GTExv8.EUR.Brain_Hippocampus/ENSG00000269473.1.wgt.RDat	ENSG00000269473.1	19	58440447	58440448	0.19	rs2033711	-5.7	rs11669741	0.114815	-5.21	0.29002	296	13	enet	0.069	7e-04	-0.45448	0.649
Brain_Hippocampus	/media/kame/Data/_workings/resource/GTEv8//GTExv8.EUR.Brain_Hippocampus/ENSG00000083807.9.wgt.RDat	ENSG00000083807.9	19	58512064	58512065	0.255	rs2033711	-5.7	rs2305119	0.098129	4.51	0.39062	255	28	enet	0.053	0.0026	-0.89276	0.372
Brain_Hippocampus	/media/kame/Data/_workings/resource/GTEv8//GTExv8.EUR.Brain_Hippocampus/ENSG00000213753.10.wgt.RDat	ENSG00000213753.10	19	58575444	58575445	0.476	rs2033711	-5.7	rs8110595	0.330251	-7.19	-0.2738	230	13	enet	0.29	1.2e-12	0.33634	0.737
Brain_Hippocampus	/media/kame/Data/_workings/resource/GTEv8//GTExv8.EUR.Brain_Hippocampus/ENSG00000101307.15.wgt.RDat	ENSG00000101307.15	20	1620060	1620061	0.8789	rs6034968	-5.6	rs4813321	0.5288	8.91	0.03433	624	27	enet	0.54	3.1e-27	-0.2053	0.837
Brain_Hippocampus	/media/kame/Data/_workings/resource/GTEv8//GTExv8.EUR.Brain_Hippocampus/ENSG00000125787.11.wgt.RDat	ENSG00000125787.11	20	3043621	3043622	0.2015	rs2422862	3.43	rs4574173	0.00838	-3.87	0.00509	437	27	enet	0.011	0.1	0.4105	0.681
Brain_Hippocampus	/media/kame/Data/_workings/resource/GTEv8//GTExv8.EUR.Brain_Hippocampus/ENSG00000125877.12.wgt.RDat	ENSG00000125877.12	20	3208867	3208868	0.222	rs2422862	3.43	rs7270101	0.21631	-5.88	-2.30329	432	8	enet	0.15	5.2e-07	2.233	0.0256
Brain_Hippocampus	/media/kame/Data/_workings/resource/GTEv8//GTExv8.EUR.Brain_Hippocampus/ENSG00000088836.12.wgt.RDat	ENSG00000088836.12	20	3239189	3239190	0.3002	rs2422862	3.43	rs6115892	0.20993	5.94	-0.43529	432	10	enet	0.17	1e-07	-0.4391	0.661
Brain_Hippocampus	/media/kame/Data/_workings/resource/GTEv8//GTExv8.EUR.Brain_Hippocampus/ENSG00000101236.16.wgt.RDat	ENSG00000101236.16	20	4015581	4015582	0.3964	rs14161	-5.44	rs241600	0.09001	5.55	-1.79218	611	14	enet	0.072	0.00055	-1.8382	0.066
Brain_Hippocampus	/media/kame/Data/_workings/resource/GTEv8//GTExv8.EUR.Brain_Hippocampus/ENSG00000101290.13.wgt.RDat	ENSG00000101290.13	20	5126785	5126786	0.4292	rs17721798	-3.49	rs6053188	0.20822	6.57	-0.07252	601	11	enet	0.21	3.6e-09	0.1544	0.877
Brain_Hippocampus	/media/kame/Data/_workings/resource/GTEv8//GTExv8.EUR.Brain_Hippocampus/ENSG00000125885.13.wgt.RDat	ENSG00000125885.13	20	5950651	5950652	0.4372	rs6139797	-4.64	rs454422	0.23792	-6.21	2.38401	600	27	enet	0.23	2.2e-10	-1.0947	0.274
Brain_Hippocampus	/media/kame/Data/_workings/resource/GTEv8//GTExv8.EUR.Brain_Hippocampus/ENSG00000125863.18.wgt.RDat	ENSG00000125863.18	20	10434221	10434222	0.2162	rs363012	-6.88	rs2143619	-0.00497	-3.99	-0.57979	577	9	enet	-0.0042	0.54	0.3063	0.759
Brain_Hippocampus	/media/kame/Data/_workings/resource/GTEv8//GTExv8.EUR.Brain_Hippocampus/ENSG00000101247.17.wgt.RDat	ENSG00000101247.17	20	13784949	13784950	0.2125	rs2995908	4.51	rs3789338	0.0436	-3.81	1.39211	376	38	enet	0.018	0.055	-0.8777	0.38
Brain_Hippocampus	/media/kame/Data/_workings/resource/GTEv8//GTExv8.EUR.Brain_Hippocampus/ENSG00000089177.18.wgt.RDat	ENSG00000089177.18	20	16573433	16573434	0.2844	rs6135739	4.86	rs7267108	0.04549	-4.08	0.04784	760	26	enet	0.024	0.033	0.3642	0.716
Brain_Hippocampus	/media/kame/Data/_workings/resource/GTEv8//GTExv8.EUR.Brain_Hippocampus/ENSG00000125871.13.wgt.RDat	ENSG00000125871.13	20	17968980	17968981	0.3078	rs8116431	-6.72	rs3736771	0.07144	-5.05	-0.33918	568	16	enet	0.094	8.2e-05	0.0947	0.925
Brain_Hippocampus	/media/kame/Data/_workings/resource/GTEv8//GTExv8.EUR.Brain_Hippocampus/ENSG00000089091.16.wgt.RDat	ENSG00000089091.16	20	18467125	18467126	0.1965	rs8116431	-6.72	rs2424197	0.13447	-4.65	0.00566	460	11	enet	0.082	0.00023	0.3895	0.697
Brain_Hippocampus	/media/kame/Data/_workings/resource/GTEv8//GTExv8.EUR.Brain_Hippocampus/ENSG00000232388.4.wgt.RDat	ENSG00000232388.4	20	18567346	18567347	0.1637	rs8116431	-6.72	rs2180660	0.03632	4.31	-0.01917	473	18	enet	0.11	1.6e-05	-0.0304	0.976
Brain_Hippocampus	/media/kame/Data/_workings/resource/GTEv8//GTExv8.EUR.Brain_Hippocampus/ENSG00000233895.1.wgt.RDat	ENSG00000233895.1	20	19758147	19758148	0.4355	rs6046390	4	rs6046193	-0.0051	3.34	0.11221	729	37	enet	0.013	0.088	-1.5045	0.132
Brain_Hippocampus	/media/kame/Data/_workings/resource/GTEv8//GTExv8.EUR.Brain_Hippocampus/ENSG00000125812.15.wgt.RDat	ENSG00000125812.15	20	23362181	23362182	0.383	rs2424502	4.24	rs4419289	0.0341	3.75	-0.44185	560	49	enet	0.034	0.014	0.1889	0.85
Brain_Hippocampus	/media/kame/Data/_workings/resource/GTEv8//GTExv8.EUR.Brain_Hippocampus/ENSG00000270001.1.wgt.RDat	ENSG00000270001.1	20	23632315	23632316	0.1877	rs6049306	4.12	rs13037490	0.15725	-5.4	0.18914	545	18	enet	0.084	0.00018	-0.2606	0.794
Brain_Hippocampus	/media/kame/Data/_workings/resource/GTEv8//GTExv8.EUR.Brain_Hippocampus/ENSG00000225056.1.wgt.RDat	ENSG00000225056.1	20	23656389	23656390	0.2153	rs6049306	4.12	rs2145231	0.07554	4.36	0.5885	541	24	enet	0.089	0.00012	0.146	0.884
Brain_Hippocampus	/media/kame/Data/_workings/resource/GTEv8//GTExv8.EUR.Brain_Hippocampus/ENSG00000101474.11.wgt.RDat	ENSG00000101474.11	20	24992978	24992979	0.2334	rs4815279	6.37	rs1555157	0.12811	-4.99	-0.05326	484	38	enet	0.11	2.4e-05	-1.3628	0.173
Brain_Hippocampus	/media/kame/Data/_workings/resource/GTEv8//GTExv8.EUR.Brain_Hippocampus/ENSG00000275358.1.wgt.RDat	ENSG00000275358.1	20	25063590	25063591	0.5344	rs4815279	6.37	rs6076315	0.16033	-5.16	-0.62697	475	30	enet	0.22	1.1e-09	-0.2776	0.781
Brain_Hippocampus	/media/kame/Data/_workings/resource/GTEv8//GTExv8.EUR.Brain_Hippocampus/ENSG00000100987.14.wgt.RDat	ENSG00000100987.14	20	25082364	25082365	0.4922	rs6138506	-2.86	rs4815367	0.25731	-6.4	-0.32622	469	19	enet	0.18	5.7e-08	-0.0816	0.935
Brain_Hippocampus	/media/kame/Data/_workings/resource/GTEv8//GTExv8.EUR.Brain_Hippocampus/ENSG00000274414.1.wgt.RDat	ENSG00000274414.1	20	25245228	25245229	0.3715	rs6138506	-2.86	rs6138569	-0.00456	-3.26	1.82937	425	12	enet	0.04	0.0079	-1.8955	0.058
Brain_Hippocampus	/media/kame/Data/_workings/resource/GTEv8//GTExv8.EUR.Brain_Hippocampus/ENSG00000100997.18.wgt.RDat	ENSG00000100997.18	20	25390982	25390983	0.2005	rs6138506	-2.86	rs6107015	0.06316	4.59	-0.1545	359	44	enet	0.056	0.0021	0.3317	0.74
Brain_Hippocampus	/media/kame/Data/_workings/resource/GTEv8//GTExv8.EUR.Brain_Hippocampus/ENSG00000175170.14.wgt.RDat	ENSG00000175170.14	20	25868224	25868225	0.3644	rs6138809	4.06	rs2424750	0.17581	-6.97	-0.49692	168	22	enet	0.32	3.4e-14	0.2767	0.782
Brain_Hippocampus	/media/kame/Data/_workings/resource/GTEv8//GTExv8.EUR.Brain_Hippocampus/ENSG00000231081.1.wgt.RDat	ENSG00000231081.1	20	26010530	26010531	0.1056	rs6138809	4.06	rs4815493	0.05429	-3.99	0.2249	108	6	enet	0.09	0.00011	-0.4893	0.625
Brain_Hippocampus	/media/kame/Data/_workings/resource/GTEv8//GTExv8.EUR.Brain_Hippocampus/ENSG00000125804.13.wgt.RDat	ENSG00000125804.13	20	26054654	26054655	0.6288	rs6138809	4.06	rs2424750	0.24019	6.96	-0.49692	97	17	enet	0.42	1.5e-19	0.5518	0.581
Brain_Hippocampus	/media/kame/Data/_workings/resource/GTEv8//GTExv8.EUR.Brain_Hippocampus/ENSG00000205611.4.wgt.RDat	ENSG00000205611.4	20	30288478	30288479	0.3261	rs6087210	-1.35	rs1811868	0.10674	4.41	0.33945	7	5	enet	0.091	1e-04	0.2786	0.781
Brain_Hippocampus	/media/kame/Data/_workings/resource/GTEv8//GTExv8.EUR.Brain_Hippocampus/ENSG00000131055.4.wgt.RDat	ENSG00000131055.4	20	31637887	31637888	0.0908	rs6061081	-2.85	rs6060930	0.05996	4.29	-0.06929	283	11	enet	0.073	0.00047	0.181	0.856
Brain_Hippocampus	/media/kame/Data/_workings/resource/GTEv8//GTExv8.EUR.Brain_Hippocampus/ENSG00000101306.10.wgt.RDat	ENSG00000101306.10	20	31819307	31819308	0.0957	rs1997740	-2.64	rs7272062	0.0877	-4.22	0.03269	302	13	enet	0.029	0.02	-0.0406	0.968
Brain_Hippocampus	/media/kame/Data/_workings/resource/GTEv8//GTExv8.EUR.Brain_Hippocampus/ENSG00000198547.8.wgt.RDat	ENSG00000198547.8	20	32673940	32673941	0.3366	rs6059099	3.37	rs4911249	0.20304	5.75	-0.01947	398	6	enet	0.18	3.1e-08	-0.0831	0.934
Brain_Hippocampus	/media/kame/Data/_workings/resource/GTEv8//GTExv8.EUR.Brain_Hippocampus/ENSG00000260257.2.wgt.RDat	ENSG00000260257.2	20	32856620	32856621	0.3055	rs6059099	3.37	rs8183625	0.02058	-4.35	-0.59094	431	26	enet	0.036	0.011	0.2134	0.831
Brain_Hippocampus	/media/kame/Data/_workings/resource/GTEv8//GTExv8.EUR.Brain_Hippocampus/ENSG00000078699.21.wgt.RDat	ENSG00000078699.21	20	33490074	33490075	0.2275	rs6057920	5.66	rs1999242	0.08329	-4.8	0.4147	347	11	enet	0.12	1.2e-05	-0.3668	0.714
Brain_Hippocampus	/media/kame/Data/_workings/resource/GTEv8//GTExv8.EUR.Brain_Hippocampus/ENSG00000101412.12.wgt.RDat	ENSG00000101412.12	20	33686403	33686404	0.4426	rs6057920	5.66	rs7274811	0.25249	-6.8	-0.00331	271	34	enet	0.24	1.3e-10	0.2509	0.802
Brain_Hippocampus	/media/kame/Data/_workings/resource/GTEv8//GTExv8.EUR.Brain_Hippocampus/ENSG00000276073.1.wgt.RDat	ENSG00000276073.1	20	33988988	33988989	0.1419	rs6057920	5.66	rs2223553	0.01706	4.49	-0.37114	241	11	enet	0.05	0.0034	0.6872	0.492
Brain_Hippocampus	/media/kame/Data/_workings/resource/GTEv8//GTExv8.EUR.Brain_Hippocampus/ENSG00000101460.12.wgt.RDat	ENSG00000101460.12	20	34546853	34546854	0.2315	rs17305573	-4.62	rs2273684	0.04357	4.11	-0.24128	303	32	enet	0.046	0.0047	-0.5767	0.564
Brain_Hippocampus	/media/kame/Data/_workings/resource/GTEv8//GTExv8.EUR.Brain_Hippocampus/ENSG00000198646.13.wgt.RDat	ENSG00000198646.13	20	34825648	34825649	0.1197	rs4911442	-4.57	rs6058079	0.07061	4.08	3.87183	346	28	enet	0.068	0.00077	0.5925	0.554
Brain_Hippocampus	/media/kame/Data/_workings/resource/GTEv8//GTExv8.EUR.Brain_Hippocampus/ENSG00000131069.19.wgt.RDat	ENSG00000131069.19	20	34872145	34872146	0.2466	rs4911442	-4.57	rs6088543	0.06885	-3.77	1.54869	346	15	enet	0.05	0.0035	-1.7962	0.0725
Brain_Hippocampus	/media/kame/Data/_workings/resource/GTEv8//GTExv8.EUR.Brain_Hippocampus/ENSG00000088298.12.wgt.RDat	ENSG00000088298.12	20	35147363	35147364	0.107	rs4911442	-4.57	rs11696967	0.02684	-3.95	-0.41432	343	8	enet	0.042	0.0068	0.1042	0.917
Brain_Hippocampus	/media/kame/Data/_workings/resource/GTEv8//GTExv8.EUR.Brain_Hippocampus/ENSG00000126005.16.wgt.RDat	ENSG00000126005.16	20	35278130	35278131	0.5827	rs2425025	-3.18	rs6060341	0.27815	-6.85	-0.00364	343	8	enet	0.23	2.9e-10	0.0551	0.956
Brain_Hippocampus	/media/kame/Data/_workings/resource/GTEv8//GTExv8.EUR.Brain_Hippocampus/ENSG00000101019.21.wgt.RDat	ENSG00000101019.21	20	35412140	35412141	0.2225	rs7261957	-4	rs1540927	0.10966	-4.84	-2.65344	329	14	enet	0.085	0.00018	2.001	0.0454
Brain_Hippocampus	/media/kame/Data/_workings/resource/GTEv8//GTExv8.EUR.Brain_Hippocampus/ENSG00000125965.8.wgt.RDat	ENSG00000125965.8	20	35454745	35454746	0.1386	rs7261957	-4	rs224320	0.01335	3.97	0.52212	326	34	enet	0.082	0.00022	-0.6109	0.541
Brain_Hippocampus	/media/kame/Data/_workings/resource/GTEv8//GTExv8.EUR.Brain_Hippocampus/ENSG00000125991.19.wgt.RDat	ENSG00000125991.19	20	35542020	35542021	0.2053	rs7261957	-4	rs17092784	0.16255	5.61	-0.019	314	6	enet	0.13	2.7e-06	0.2947	0.768
Brain_Hippocampus	/media/kame/Data/_workings/resource/GTEv8//GTExv8.EUR.Brain_Hippocampus/ENSG00000224497.1.wgt.RDat	ENSG00000224497.1	20	35544746	35544747	0.5895	rs7261957	-4	rs2104417	0.36192	7.71	0.55664	314	6	enet	0.36	2.3e-16	0.5289	0.597
Brain_Hippocampus	/media/kame/Data/_workings/resource/GTEv8//GTExv8.EUR.Brain_Hippocampus/ENSG00000214078.12.wgt.RDat	ENSG00000214078.12	20	35664758	35664759	0.5674	rs7261957	-4	rs11696527	0.27243	-6.95	1.24468	299	18	enet	0.27	7.1e-12	-1.9657	0.0493
Brain_Hippocampus	/media/kame/Data/_workings/resource/GTEv8//GTExv8.EUR.Brain_Hippocampus/ENSG00000132792.18.wgt.RDat	ENSG00000132792.18	20	37693954	37693955	0.2602	rs6069105	-7.27	rs2206135	0.06893	-3.89	2.81702	403	90	enet	0.031	0.017	-2.1523	0.0314
Brain_Hippocampus	/media/kame/Data/_workings/resource/GTEv8//GTExv8.EUR.Brain_Hippocampus/ENSG00000224635.1.wgt.RDat	ENSG00000224635.1	20	38416796	38416797	0.5869	rs6069105	-7.27	rs1315306	0.48781	8.58	0.57441	479	17	enet	0.43	4.2e-20	0.4015	0.688
Brain_Hippocampus	/media/kame/Data/_workings/resource/GTEv8//GTExv8.EUR.Brain_Hippocampus/ENSG00000196756.11.wgt.RDat	ENSG00000196756.11	20	38435352	38435353	0.6636	rs6069105	-7.27	rs1739652	0.54923	9.1	-0.1886	475	21	enet	0.54	1.2e-26	-0.0683	0.946
Brain_Hippocampus	/media/kame/Data/_workings/resource/GTEv8//GTExv8.EUR.Brain_Hippocampus/ENSG00000183798.4.wgt.RDat	ENSG00000183798.4	20	41366826	41366827	0.2618	rs6102218	9.49	rs6065338	0.17567	-5.31	0.1729	351	17	enet	0.11	2.2e-05	-0.1087	0.913
Brain_Hippocampus	/media/kame/Data/_workings/resource/GTEv8//GTExv8.EUR.Brain_Hippocampus/ENSG00000101104.12.wgt.RDat	ENSG00000101104.12	20	44910061	44910062	0.3398	rs2425684	-8.68	rs6031849	0.24176	-6.13	-5.6799	408	19	enet	0.2	7.8e-09	5.61	2.02e-08
Brain_Hippocampus	/media/kame/Data/_workings/resource/GTEv8//GTExv8.EUR.Brain_Hippocampus/ENSG00000124107.5.wgt.RDat	ENSG00000124107.5	20	45254563	45254564	0.1891	rs2425684	-8.68	rs2743275	0.01603	-4.04	-0.48891	474	14	enet	0.018	0.058	0.6078	0.543
Brain_Hippocampus	/media/kame/Data/_workings/resource/GTEv8//GTExv8.EUR.Brain_Hippocampus/ENSG00000124116.18.wgt.RDat	ENSG00000124116.18	20	45791931	45791932	0.4832	rs2297198	12.2	rs6124741	0.46437	-8.35	-0.26778	528	20	enet	0.46	8.9e-22	-0.0806	0.936
Brain_Hippocampus	/media/kame/Data/_workings/resource/GTEv8//GTExv8.EUR.Brain_Hippocampus/ENSG00000124104.18.wgt.RDat	ENSG00000124104.18	20	45833809	45833810	0.184	rs2297198	12.2	rs2206449	0.0372	-4.13	0.32527	523	30	enet	0.015	0.075	0.9099	0.363
Brain_Hippocampus	/media/kame/Data/_workings/resource/GTEv8//GTExv8.EUR.Brain_Hippocampus/ENSG00000100979.14.wgt.RDat	ENSG00000100979.14	20	45912154	45912155	0.1252	rs2297198	12.2	rs232291	0.01494	-3.71	1.03238	510	5	enet	0.0028	0.23	-0.8513	0.395
Brain_Hippocampus	/media/kame/Data/_workings/resource/GTEv8//GTExv8.EUR.Brain_Hippocampus/ENSG00000198026.7.wgt.RDat	ENSG00000198026.7	20	45972171	45972172	0.1354	rs2297198	12.2	rs2868359	0.06814	-4.2	0.94715	492	4	enet	0.03	0.019	-1.0584	0.29
Brain_Hippocampus	/media/kame/Data/_workings/resource/GTEv8//GTExv8.EUR.Brain_Hippocampus/ENSG00000204044.6.wgt.RDat	ENSG00000204044.6	20	46022072	46022073	0.1406	rs2297198	12.2	rs1601717	0.00645	-3.41	0.27386	493	3	enet	-0.0061	0.75	-0.1358	0.892
Brain_Hippocampus	/media/kame/Data/_workings/resource/GTEv8//GTExv8.EUR.Brain_Hippocampus/ENSG00000124140.13.wgt.RDat	ENSG00000124140.13	20	46022842	46022843	0.3162	rs2297198	12.2	rs9074	0.14318	4.93	9.43784	494	11	enet	0.077	0.00034	8.6789	4e-18
Brain_Hippocampus	/media/kame/Data/_workings/resource/GTEv8//GTExv8.EUR.Brain_Hippocampus/ENSG00000101017.13.wgt.RDat	ENSG00000101017.13	20	46118271	46118272	0.238	rs2297198	12.2	rs1883832	0.03384	-4.01	7.72554	496	19	enet	0.042	0.0068	-7.1173	1.1e-12
Brain_Hippocampus	/media/kame/Data/_workings/resource/GTEv8//GTExv8.EUR.Brain_Hippocampus/ENSG00000149654.9.wgt.RDat	ENSG00000149654.9	20	46308497	46308498	0.3789	rs2297198	12.2	rs6011943	-0.00671	3.3	-2.02175	506	12	enet	0.0033	0.22	3.6641	0.000248
Brain_Hippocampus	/media/kame/Data/_workings/resource/GTEv8//GTExv8.EUR.Brain_Hippocampus/ENSG00000215452.4.wgt.RDat	ENSG00000215452.4	20	46459275	46459276	0.2291	rs2297198	12.2	rs847052	0.05545	4.09	1.67091	548	24	enet	0.013	0.086	1.1827	0.237
Brain_Hippocampus	/media/kame/Data/_workings/resource/GTEv8//GTExv8.EUR.Brain_Hippocampus/ENSG00000225849.2.wgt.RDat	ENSG00000225849.2	20	46477231	46477232	0.3484	rs2297198	12.2	rs17469458	0.18422	5.38	0.95159	556	33	enet	0.14	1.1e-06	1.3416	0.18
Brain_Hippocampus	/media/kame/Data/_workings/resource/GTEv8//GTExv8.EUR.Brain_Hippocampus/ENSG00000198185.11.wgt.RDat	ENSG00000198185.11	20	46513558	46513559	0.3137	rs2297198	12.2	rs847052	0.18528	5.97	1.67091	557	14	enet	0.12	1.2e-05	1.6903	0.091
Brain_Hippocampus	/media/kame/Data/_workings/resource/GTEv8//GTExv8.EUR.Brain_Hippocampus/ENSG00000158296.13.wgt.RDat	ENSG00000158296.13	20	46676074	46676075	0.3255	rs6066218	4.96	rs847067	0.18065	5.63	0.45423	565	27	enet	0.19	2e-08	-0.7973	0.425
Brain_Hippocampus	/media/kame/Data/_workings/resource/GTEv8//GTExv8.EUR.Brain_Hippocampus/ENSG00000231742.5.wgt.RDat	ENSG00000231742.5	20	50172549	50172550	0.3421	rs605138	5.75	rs6020311	0.24844	6.31	0.83612	428	12	enet	0.21	3.3e-09	0.949	0.343
Brain_Hippocampus	/media/kame/Data/_workings/resource/GTEv8//GTExv8.EUR.Brain_Hippocampus/ENSG00000196396.9.wgt.RDat	ENSG00000196396.9	20	50510320	50510321	0.2682	rs4380304	4.49	rs13043334	0.01823	-4.2	-0.03065	440	28	enet	0.05	0.0033	0.8332	0.405
Brain_Hippocampus	/media/kame/Data/_workings/resource/GTEv8//GTExv8.EUR.Brain_Hippocampus/ENSG00000171940.13.wgt.RDat	ENSG00000171940.13	20	53609906	53609907	0.3163	rs6123262	7.76	rs8126377	-0.00499	-3.43	-0.26075	599	16	enet	-0.0067	0.94	-0.1684	0.866
Brain_Hippocampus	/media/kame/Data/_workings/resource/GTEv8//GTExv8.EUR.Brain_Hippocampus/ENSG00000124164.15.wgt.RDat	ENSG00000124164.15	20	58389121	58389122	0.5374	rs7262243	5.8	rs6092645	0.32029	7.2	-0.21517	635	10	enet	0.32	2.4e-14	-0.1191	0.905
Brain_Hippocampus	/media/kame/Data/_workings/resource/GTEv8//GTExv8.EUR.Brain_Hippocampus/ENSG00000215440.11.wgt.RDat	ENSG00000215440.11	20	58689130	58689131	0.3491	rs7262243	5.8	rs6026459	0.17447	-5.21	0.9031	549	27	enet	0.15	4.5e-07	-1.123	0.261
Brain_Hippocampus	/media/kame/Data/_workings/resource/GTEv8//GTExv8.EUR.Brain_Hippocampus/ENSG00000225806.7.wgt.RDat	ENSG00000225806.7	20	58885014	58885015	0.34	rs7262243	5.8	rs1077350	0.04656	-3.85	-0.03556	545	25	enet	0.038	0.0094	0.937	0.349
Brain_Hippocampus	/media/kame/Data/_workings/resource/GTEv8//GTExv8.EUR.Brain_Hippocampus/ENSG00000101158.13.wgt.RDat	ENSG00000101158.13	20	58981207	58981208	0.3608	rs7262243	5.8	rs6070693	0.06745	-5.15	0.88055	554	19	enet	0.12	7.8e-06	-0.2955	0.768
Brain_Hippocampus	/media/kame/Data/_workings/resource/GTEv8//GTExv8.EUR.Brain_Hippocampus/ENSG00000276093.1.wgt.RDat	ENSG00000276093.1	20	60083871	60083872	0.7786	rs348798	-8.36	rs16983474	0.3676	7.62	-2.79583	592	16	enet	0.4	2.7e-18	-2.2422	0.0249
Brain_Hippocampus	/media/kame/Data/_workings/resource/GTEv8//GTExv8.EUR.Brain_Hippocampus/ENSG00000101181.17.wgt.RDat	ENSG00000101181.17	20	62183028	62183029	0.3722	rs4925229	-4.4	rs4925295	0.0107	-3.73	-0.07069	528	14	enet	-0.0068	0.98	-0.4913	0.623
Brain_Hippocampus	/media/kame/Data/_workings/resource/GTEv8//GTExv8.EUR.Brain_Hippocampus/ENSG00000273619.1.wgt.RDat	ENSG00000273619.1	20	62386969	62386970	0.4048	rs4925229	-4.4	rs8668	0.21738	-6.37	0.33889	506	8	enet	0.19	9.5e-09	-0.0488	0.961
Brain_Hippocampus	/media/kame/Data/_workings/resource/GTEv8//GTExv8.EUR.Brain_Hippocampus/ENSG00000275437.1.wgt.RDat	ENSG00000275437.1	20	62405934	62405935	0.4193	rs4925229	-4.4	rs2427307	0.01808	3.98	-0.05827	521	41	enet	0.013	0.086	-0.2249	0.822
Brain_Hippocampus	/media/kame/Data/_workings/resource/GTEv8//GTExv8.EUR.Brain_Hippocampus/ENSG00000149679.11.wgt.RDat	ENSG00000149679.11	20	62407284	62407285	0.2829	rs4925229	-4.4	rs2427323	0.04118	-4.36	1.39471	520	28	enet	0.12	9.8e-06	0.7212	0.471
Brain_Hippocampus	/media/kame/Data/_workings/resource/GTEv8//GTExv8.EUR.Brain_Hippocampus/ENSG00000174403.15.wgt.RDat	ENSG00000174403.15	20	62551525	62551526	0.5358	rs1052826	-4.7	rs6062266	0.05071	-4.96	-0.95011	517	20	enet	0.14	1.6e-06	0.4395	0.66
Brain_Hippocampus	/media/kame/Data/_workings/resource/GTEv8//GTExv8.EUR.Brain_Hippocampus/ENSG00000101189.6.wgt.RDat	ENSG00000101189.6	20	62796452	62796453	0.2606	rs1052826	-4.7	rs12481719	0.00106	-3.54	0.07424	526	59	enet	0.054	0.0025	0.8839	0.377
Brain_Hippocampus	/media/kame/Data/_workings/resource/GTEv8//GTExv8.EUR.Brain_Hippocampus/ENSG00000101190.12.wgt.RDat	ENSG00000101190.12	20	62861762	62861763	0.6648	rs1052826	-4.7	rs3664	0.41582	8.11	-2.44755	515	29	enet	0.44	2.4e-20	-1.8405	0.0657
Brain_Hippocampus	/media/kame/Data/_workings/resource/GTEv8//GTExv8.EUR.Brain_Hippocampus/ENSG00000101198.14.wgt.RDat	ENSG00000101198.14	20	63272693	63272694	0.4115	rs1052826	-4.7	rs1555337	0.26715	6.47	-0.13438	492	11	enet	0.25	4.2e-11	0.1771	0.859
Brain_Hippocampus	/media/kame/Data/_workings/resource/GTEv8//GTExv8.EUR.Brain_Hippocampus/ENSG00000075043.18.wgt.RDat	ENSG00000075043.18	20	63472676	63472677	0.3543	rs3787105	3.86	rs4809452	-0.00541	3.82	-0.14192	439	31	enet	0.033	0.014	-1.1688	0.242
Brain_Hippocampus	/media/kame/Data/_workings/resource/GTEv8//GTExv8.EUR.Brain_Hippocampus/ENSG00000268858.2.wgt.RDat	ENSG00000268858.2	20	63864292	63864293	0.4129	rs6062359	9	rs6062551	0.04271	-5.45	1.03953	415	34	enet	0.024	0.032	-1.6054	0.108
Brain_Hippocampus	/media/kame/Data/_workings/resource/GTEv8//GTExv8.EUR.Brain_Hippocampus/ENSG00000203880.11.wgt.RDat	ENSG00000203880.11	20	64255694	64255695	0.3554	rs6062359	9	rs2427636	0.04055	4.49	4.38134	227	9	enet	0.16	2.6e-07	-0.398	0.691
Brain_Hippocampus	/media/kame/Data/_workings/resource/GTEv8//GTExv8.EUR.Brain_Hippocampus/ENSG00000224905.6.wgt.RDat	ENSG00000224905.6	21	14027420	14027421	0.295	rs2822511	4.18	rs914113	0.00116	-3.57	-1.98844	330	46	enet	0.045	0.0052	0.43536	0.663
Brain_Hippocampus	/media/kame/Data/_workings/resource/GTEv8//GTExv8.EUR.Brain_Hippocampus/ENSG00000224924.6.wgt.RDat	ENSG00000224924.6	21	20803215	20803216	0.57	rs1735899	4.74	rs9974471	0.28881	6.79	0.48656	527	27	enet	0.25	4.9e-11	0.4908	0.624
Brain_Hippocampus	/media/kame/Data/_workings/resource/GTEv8//GTExv8.EUR.Brain_Hippocampus/ENSG00000273492.5.wgt.RDat	ENSG00000273492.5	21	26170870	26170871	0.727	rs2830054	4.86	rs457581	0.4084	7.83	-0.00813	511	14	enet	0.39	7.7e-18	0.09426	0.925
Brain_Hippocampus	/media/kame/Data/_workings/resource/GTEv8//GTExv8.EUR.Brain_Hippocampus/ENSG00000156239.11.wgt.RDat	ENSG00000156239.11	21	28885370	28885371	0.174	rs7283006	2.67	rs9981922	0.03296	-4.27	0.58558	471	7	enet	-0.0065	0.86	-0.5899	0.555
Brain_Hippocampus	/media/kame/Data/_workings/resource/GTEv8//GTExv8.EUR.Brain_Hippocampus/ENSG00000156253.6.wgt.RDat	ENSG00000156253.6	21	29019377	29019378	0.373	rs2776243	2.54	rs2150403	0.30854	6.85	0.06689	429	11	enet	0.24	7.4e-11	0.149	0.882
Brain_Hippocampus	/media/kame/Data/_workings/resource/GTEv8//GTExv8.EUR.Brain_Hippocampus/ENSG00000156261.12.wgt.RDat	ENSG00000156261.12	21	29073796	29073797	0.153	rs2776243	2.54	rs2255013	-0.0011	3.93	0.76886	427	32	enet	0.0062	0.17	0.9218	0.357
Brain_Hippocampus	/media/kame/Data/_workings/resource/GTEv8//GTExv8.EUR.Brain_Hippocampus/ENSG00000156265.15.wgt.RDat	ENSG00000156265.15	21	29077470	29077471	0.227	rs2776243	2.54	rs2832222	0.10696	4.72	-0.06552	427	21	enet	0.083	2e-04	-0.39062	0.696
Brain_Hippocampus	/media/kame/Data/_workings/resource/GTEv8//GTExv8.EUR.Brain_Hippocampus/ENSG00000156299.13.wgt.RDat	ENSG00000156299.13	21	31559976	31559977	0.216	rs2833505	6.01	rs13052373	0.02214	-4.14	-1.43328	504	7	enet	0.023	0.035	0.14264	0.887
Brain_Hippocampus	/media/kame/Data/_workings/resource/GTEv8//GTExv8.EUR.Brain_Hippocampus/ENSG00000256073.3.wgt.RDat	ENSG00000256073.3	21	32393129	32393130	0.166	rs8128329	-5.98	rs17401876	0.04854	-4.19	0.11784	484	20	enet	0.03	0.02	-0.4382	0.661
Brain_Hippocampus	/media/kame/Data/_workings/resource/GTEv8//GTExv8.EUR.Brain_Hippocampus/ENSG00000238197.5.wgt.RDat	ENSG00000238197.5	21	32728114	32728115	0.234	rs2834087	4.76	rs2013329	0.01734	4.24	-0.27933	473	16	enet	0.1	3.2e-05	-0.1734	0.862
Brain_Hippocampus	/media/kame/Data/_workings/resource/GTEv8//GTExv8.EUR.Brain_Hippocampus/ENSG00000184221.12.wgt.RDat	ENSG00000184221.12	21	33070143	33070144	0.482	rs2834087	4.76	rs2834034	0.0192	-3.37	-0.13538	478	9	enet	0.02	0.047	1.59186	0.111
Brain_Hippocampus	/media/kame/Data/_workings/resource/GTEv8//GTExv8.EUR.Brain_Hippocampus/ENSG00000159110.19.wgt.RDat	ENSG00000159110.19	21	33229900	33229901	0.212	rs2834087	4.76	rs2834147	-0.0065	-3.17	-0.3556	453	33	enet	0.0017	0.26	-0.36934	0.712
Brain_Hippocampus	/media/kame/Data/_workings/resource/GTEv8//GTExv8.EUR.Brain_Hippocampus/ENSG00000243646.9.wgt.RDat	ENSG00000243646.9	21	33266357	33266358	0.351	rs2834087	4.76	rs2834167	0.20534	5.72	1.67849	447	10	enet	0.22	1.3e-09	1.12902	0.259
Brain_Hippocampus	/media/kame/Data/_workings/resource/GTEv8//GTExv8.EUR.Brain_Hippocampus/ENSG00000142188.16.wgt.RDat	ENSG00000142188.16	21	33480010	33480011	0.412	rs2834087	4.76	rs2834214	0.25668	-6.45	-0.16538	458	36	enet	0.2	3.7e-09	-0.00221	0.998
Brain_Hippocampus	/media/kame/Data/_workings/resource/GTEv8//GTExv8.EUR.Brain_Hippocampus/ENSG00000241837.6.wgt.RDat	ENSG00000241837.6	21	33915979	33915980	0.329	rs9976404	5.64	rs2834301	0.15538	-5.94	-1.37789	394	25	enet	0.18	3.4e-08	0.59755	0.55
Brain_Hippocampus	/media/kame/Data/_workings/resource/GTEv8//GTExv8.EUR.Brain_Hippocampus/ENSG00000231106.2.wgt.RDat	ENSG00000231106.2	21	36005337	36005338	0.247	rs11701590	-5.39	rs11701590	0.14321	5.17	-5.38726	511	24	enet	0.074	0.00046	-3.70559	0.000211
Brain_Hippocampus	/media/kame/Data/_workings/resource/GTEv8//GTExv8.EUR.Brain_Hippocampus/ENSG00000159228.12.wgt.RDat	ENSG00000159228.12	21	36070949	36070950	0.249	rs11701590	-5.39	rs1005696	0.15013	4.88	-1.75989	510	34	enet	0.089	0.00012	-1.57426	0.115
Brain_Hippocampus	/media/kame/Data/_workings/resource/GTEv8//GTExv8.EUR.Brain_Hippocampus/ENSG00000185917.13.wgt.RDat	ENSG00000185917.13	21	36079388	36079389	0.27	rs11701590	-5.39	rs2835241	0.15809	-5.73	-4.79453	502	39	enet	0.18	3.6e-08	1.43936	0.15
Brain_Hippocampus	/media/kame/Data/_workings/resource/GTEv8//GTExv8.EUR.Brain_Hippocampus/ENSG00000233393.1.wgt.RDat	ENSG00000233393.1	21	36104880	36104881	0.235	rs11701590	-5.39	rs9978576	0.1443	5.17	0.72462	503	30	enet	0.2	7.1e-09	0.0772	0.938
Brain_Hippocampus	/media/kame/Data/_workings/resource/GTEv8//GTExv8.EUR.Brain_Hippocampus/ENSG00000224790.2.wgt.RDat	ENSG00000224790.2	21	36968553	36968554	0.383	rs2835423	4.3	rs762376	0.28841	-6.64	0.73458	461	20	enet	0.31	7.6e-14	-0.90571	0.365
Brain_Hippocampus	/media/kame/Data/_workings/resource/GTEv8//GTExv8.EUR.Brain_Hippocampus/ENSG00000159267.14.wgt.RDat	ENSG00000159267.14	21	36990235	36990236	0.337	rs2835423	4.3	rs8127595	0.16511	-5.06	0.25448	456	23	enet	0.068	0.00072	-0.48789	0.626
Brain_Hippocampus	/media/kame/Data/_workings/resource/GTEv8//GTExv8.EUR.Brain_Hippocampus/ENSG00000182670.13.wgt.RDat	ENSG00000182670.13	21	37073225	37073226	0.159	rs2835423	4.3	rs1003719	0.10058	-4.46	0.35719	433	15	enet	0.073	0.00048	-0.24335	0.808
Brain_Hippocampus	/media/kame/Data/_workings/resource/GTEv8//GTExv8.EUR.Brain_Hippocampus/ENSG00000205581.10.wgt.RDat	ENSG00000205581.10	21	39349646	39349647	0.187	rs2837129	-8.63	rs2070865	0.02426	-4.16	-5.64817	667	12	enet	-0.0051	0.62	4.1582	3.21e-05
Brain_Hippocampus	/media/kame/Data/_workings/resource/GTEv8//GTExv8.EUR.Brain_Hippocampus/ENSG00000182093.14.wgt.RDat	ENSG00000182093.14	21	39380243	39380244	0.158	rs2837129	-8.63	rs2837004	0.02971	4.15	-2.05941	647	20	enet	0.017	0.063	-1.77717	0.0755
Brain_Hippocampus	/media/kame/Data/_workings/resource/GTEv8//GTExv8.EUR.Brain_Hippocampus/ENSG00000157578.13.wgt.RDat	ENSG00000157578.13	21	39445802	39445803	0.614	rs2837129	-8.63	rs2009713	0.25022	-6.34	1.67696	683	71	enet	0.23	4e-10	1.47759	0.14
Brain_Hippocampus	/media/kame/Data/_workings/resource/GTEv8//GTExv8.EUR.Brain_Hippocampus/ENSG00000185437.13.wgt.RDat	ENSG00000185437.13	21	39445854	39445855	0.315	rs2837129	-8.63	rs596289	0.162	5.66	-0.34752	683	17	enet	0.17	1.5e-07	1.7788	0.0753
Brain_Hippocampus	/media/kame/Data/_workings/resource/GTEv8//GTExv8.EUR.Brain_Hippocampus/ENSG00000183067.5.wgt.RDat	ENSG00000183067.5	21	39745406	39745407	0.284	rs2837129	-8.63	rs1888493	0.05373	-3.86	0.03067	710	7	enet	0.039	0.0089	-1.85198	0.064
Brain_Hippocampus	/media/kame/Data/_workings/resource/GTEv8//GTExv8.EUR.Brain_Hippocampus/ENSG00000226496.2.wgt.RDat	ENSG00000226496.2	21	41148132	41148133	0.505	rs2410415	-8.51	rs9974272	0.31593	-7.48	1.02793	630	10	enet	0.27	4.9e-12	-1.30896	0.191
Brain_Hippocampus	/media/kame/Data/_workings/resource/GTEv8//GTExv8.EUR.Brain_Hippocampus/ENSG00000184385.2.wgt.RDat	ENSG00000184385.2	21	42108533	42108534	0.58	rs11203196	5.79	rs8129439	0.15778	5.55	0.78646	846	36	enet	0.16	3.6e-07	-0.47471	0.635
Brain_Hippocampus	/media/kame/Data/_workings/resource/GTEv8//GTExv8.EUR.Brain_Hippocampus/ENSG00000160191.17.wgt.RDat	ENSG00000160191.17	21	42653635	42653636	0.308	rs11203196	5.79	rs377658	-0.00465	-3.78	-0.13719	596	32	enet	0.018	0.058	-0.67433	0.5
Brain_Hippocampus	/media/kame/Data/_workings/resource/GTEv8//GTExv8.EUR.Brain_Hippocampus/ENSG00000160194.17.wgt.RDat	ENSG00000160194.17	21	42879643	42879644	0.501	rs915875	-5.72	rs13052802	0.16448	5.18	-1.16579	521	81	enet	0.098	5.6e-05	1.28246	0.2
Brain_Hippocampus	/media/kame/Data/_workings/resource/GTEv8//GTExv8.EUR.Brain_Hippocampus/ENSG00000160200.17.wgt.RDat	ENSG00000160200.17	21	43076942	43076943	0.479	rs447167	-5.23	rs234728	0.3011	-6.9	-0.27136	371	61	enet	0.31	5.3e-14	-1.11926	0.263
Brain_Hippocampus	/media/kame/Data/_workings/resource/GTEv8//GTExv8.EUR.Brain_Hippocampus/ENSG00000160207.8.wgt.RDat	ENSG00000160207.8	21	43659492	43659493	0.141	rs3788094	-5.15	rs2838344	0.06866	-3.78	0.02531	281	19	enet	0.0017	0.27	-0.51548	0.606
Brain_Hippocampus	/media/kame/Data/_workings/resource/GTEv8//GTExv8.EUR.Brain_Hippocampus/ENSG00000160213.6.wgt.RDat	ENSG00000160213.6	21	43776444	43776445	0.291	rs3788094	-5.15	rs9985006	0.10699	-4.92	-1.58069	284	26	enet	0.095	7.1e-05	0.88532	0.376
Brain_Hippocampus	/media/kame/Data/_workings/resource/GTEv8//GTExv8.EUR.Brain_Hippocampus/ENSG00000241945.7.wgt.RDat	ENSG00000241945.7	21	44107289	44107290	0.76	rs4818925	-6.19	rs2277806	0.51435	9.06	-0.09069	339	16	enet	0.56	2.3e-28	-0.33844	0.735
Brain_Hippocampus	/media/kame/Data/_workings/resource/GTEv8//GTExv8.EUR.Brain_Hippocampus/ENSG00000160221.16.wgt.RDat	ENSG00000160221.16	21	44133604	44133605	0.678	rs4818925	-6.19	rs2277805	0.57309	9.27	-0.31526	355	21	enet	0.56	3e-28	-0.27666	0.782
Brain_Hippocampus	/media/kame/Data/_workings/resource/GTEv8//GTExv8.EUR.Brain_Hippocampus/ENSG00000225331.1.wgt.RDat	ENSG00000225331.1	21	44160075	44160076	0.392	rs4818925	-6.19	rs2277806	0.07986	4.67	-0.09069	362	37	enet	0.19	1.1e-08	0.45952	0.646
Brain_Hippocampus	/media/kame/Data/_workings/resource/GTEv8//GTExv8.EUR.Brain_Hippocampus/ENSG00000160223.16.wgt.RDat	ENSG00000160223.16	21	44240965	44240966	0.235	rs4818925	-6.19	rs2838540	0.07031	-4.01	-2.78308	404	25	enet	0.03	0.019	1.28385	0.199
Brain_Hippocampus	/media/kame/Data/_workings/resource/GTEv8//GTExv8.EUR.Brain_Hippocampus/ENSG00000141959.16.wgt.RDat	ENSG00000141959.16	21	44300050	44300051	0.443	rs4818925	-6.19	rs8129937	0.23452	-6.02	-2.2898	404	13	enet	0.22	6.6e-10	2.11584	0.0344
Brain_Hippocampus	/media/kame/Data/_workings/resource/GTEv8//GTExv8.EUR.Brain_Hippocampus/ENSG00000183255.11.wgt.RDat	ENSG00000183255.11	21	44873902	44873903	0.287	rs4818925	-6.19	rs2838711	0.02697	-3.95	0.67973	563	5	enet	0.045	0.0053	-0.81431	0.415
Brain_Hippocampus	/media/kame/Data/_workings/resource/GTEv8//GTExv8.EUR.Brain_Hippocampus/ENSG00000261706.1.wgt.RDat	ENSG00000261706.1	21	44995184	44995185	0.402	rs2164072	3.07	rs4819004	0.09836	4.56	0.14315	597	7	enet	0.089	0.00012	0.22693	0.82
Brain_Hippocampus	/media/kame/Data/_workings/resource/GTEv8//GTExv8.EUR.Brain_Hippocampus/ENSG00000215447.7.wgt.RDat	ENSG00000215447.7	21	45288051	45288052	0.265	rs4818789	4.72	rs7276828	0.18906	-6.15	0.73025	489	28	enet	0.2	5.5e-09	-0.84264	0.399
Brain_Hippocampus	/media/kame/Data/_workings/resource/GTEv8//GTExv8.EUR.Brain_Hippocampus/ENSG00000223768.1.wgt.RDat	ENSG00000223768.1	21	45293284	45293285	0.529	rs4818789	4.72	rs2838867	0.47825	-8.59	0.62667	488	25	enet	0.45	2.5e-21	-0.59315	0.553
Brain_Hippocampus	/media/kame/Data/_workings/resource/GTEv8//GTExv8.EUR.Brain_Hippocampus/ENSG00000182871.14.wgt.RDat	ENSG00000182871.14	21	45405136	45405137	0.32	rs4818789	4.72	rs2838769	0.02363	4.24	-0.31936	472	12	enet	0.068	0.00076	-0.33093	0.741
Brain_Hippocampus	/media/kame/Data/_workings/resource/GTEv8//GTExv8.EUR.Brain_Hippocampus/ENSG00000183570.16.wgt.RDat	ENSG00000183570.16	21	45643693	45643694	0.199	rs3088026	6.12	rs2183601	0.03454	3.94	2.43326	483	25	enet	0.0024	0.25	2.70351	0.00686
Brain_Hippocampus	/media/kame/Data/_workings/resource/GTEv8//GTExv8.EUR.Brain_Hippocampus/ENSG00000160282.13.wgt.RDat	ENSG00000160282.13	21	46155566	46155567	0.383	rs9975613	7	rs2968	0.11521	-5.41	-0.98503	495	26	enet	0.17	1.4e-07	0.45263	0.651
Brain_Hippocampus	/media/kame/Data/_workings/resource/GTEv8//GTExv8.EUR.Brain_Hippocampus/ENSG00000160284.14.wgt.RDat	ENSG00000160284.14	21	46184475	46184476	0.323	rs9975613	6.6	rs12482934	0.06713	-5.68	0.22448	491	16	enet	0.13	2.5e-06	-2.16968	0.03
Brain_Hippocampus	/media/kame/Data/_workings/resource/GTEv8//GTExv8.EUR.Brain_Hippocampus/ENSG00000160285.14.wgt.RDat	ENSG00000160285.14	21	46228823	46228824	0.284	rs9975613	6.44	rs11702450	0.09135	4.77	-0.06425	477	39	enet	0.086	0.00016	-1.17745	0.239
Brain_Hippocampus	/media/kame/Data/_workings/resource/GTEv8//GTExv8.EUR.Brain_Hippocampus/ENSG00000228137.1.wgt.RDat	ENSG00000228137.1	21	46246889	46246890	0.208	rs9975613	6.47	rs4818817	-0.005	-3.02	-0.36481	472	32	enet	-0.00041	0.33	0.93129	0.352
Brain_Hippocampus	/media/kame/Data/_workings/resource/GTEv8//GTExv8.EUR.Brain_Hippocampus/ENSG00000239415.1.wgt.RDat	ENSG00000239415.1	21	46254132	46254133	0.327	rs9975613	6.47	rs2277824	0.03948	-4.64	-0.17836	471	12	enet	0.082	0.00023	0.14607	0.884
Brain_Hippocampus	/media/kame/Data/_workings/resource/GTEv8//GTExv8.EUR.Brain_Hippocampus/ENSG00000182362.13.wgt.RDat	ENSG00000182362.13	21	46286336	46286337	0.56	rs9975613	6.37	rs12626184	0.31353	7.34	1.30377	461	28	enet	0.45	6.8e-21	0.39315	0.694
Brain_Hippocampus	/media/kame/Data/_workings/resource/GTEv8//GTExv8.EUR.Brain_Hippocampus/ENSG00000160310.17.wgt.RDat	ENSG00000160310.17	21	46635166	46635167	0.19	rs28801979	5.83	rs9637231	0.05554	-3.63	0.05238	278	19	enet	0.086	0.00016	-1.20911	0.227
Brain_Hippocampus	/media/kame/Data/_workings/resource/GTEv8//GTExv8.EUR.Brain_Hippocampus/ENSG00000100181.22.wgt.RDat	ENSG00000100181.22	22	16601886	16601887	0.216	rs4141523	5.68	rs5992472	-0.004475	3.45	-0.93002	218	3	enet	0.005	0.19	-1.19052	0.234
Brain_Hippocampus	/media/kame/Data/_workings/resource/GTEv8//GTExv8.EUR.Brain_Hippocampus/ENSG00000283633.1.wgt.RDat	ENSG00000283633.1	22	16612581	16612582	0.287	rs4141523	5.68	rs165810	-0.006404	3.41	0.00941	227	24	enet	0.0051	0.19	-1.00659	0.314
Brain_Hippocampus	/media/kame/Data/_workings/resource/GTEv8//GTExv8.EUR.Brain_Hippocampus/ENSG00000237438.7.wgt.RDat	ENSG00000237438.7	22	17036569	17036570	0.838	rs4141523	5.68	rs5748845	0.177279	6.64	0.35106	478	150	enet	0.49	1.1e-23	-0.40101	0.688
Brain_Hippocampus	/media/kame/Data/_workings/resource/GTEv8//GTExv8.EUR.Brain_Hippocampus/ENSG00000177663.13.wgt.RDat	ENSG00000177663.13	22	17084953	17084954	0.48	rs4141523	5.68	rs947822	0.239846	-6.14	1.21426	500	27	enet	0.3	2.9e-13	-0.59915	0.549
Brain_Hippocampus	/media/kame/Data/_workings/resource/GTEv8//GTExv8.EUR.Brain_Hippocampus/ENSG00000235478.4.wgt.RDat	ENSG00000235478.4	22	17121585	17121586	0.398	rs4141523	5.68	rs5747004	-0.003256	-3.67	0.42837	512	35	enet	-0.0024	0.43	-0.90262	0.367
Brain_Hippocampus	/media/kame/Data/_workings/resource/GTEv8//GTExv8.EUR.Brain_Hippocampus/ENSG00000093072.15.wgt.RDat	ENSG00000093072.15	22	17221988	17221989	0.485	rs4141523	5.68	rs17807317	0.076605	5.02	0.18409	532	34	enet	0.15	4.2e-07	1.30103	0.193
Brain_Hippocampus	/media/kame/Data/_workings/resource/GTEv8//GTExv8.EUR.Brain_Hippocampus/ENSG00000237517.9.wgt.RDat	ENSG00000237517.9	22	18970513	18970514	0.373	rs7291719	-3.87	rs11089247	0.192869	-5.54	1.05647	282	8	enet	0.12	5.5e-06	-0.77479	0.438
Brain_Hippocampus	/media/kame/Data/_workings/resource/GTEv8//GTExv8.EUR.Brain_Hippocampus/ENSG00000273032.1.wgt.RDat	ENSG00000273032.1	22	19017833	19017834	0.192	rs7291719	-3.87	rs1210638	0.137146	5.07	-0.50982	308	13	enet	0.098	5.4e-05	0.5265	0.599
Brain_Hippocampus	/media/kame/Data/_workings/resource/GTEv8//GTExv8.EUR.Brain_Hippocampus/ENSG00000273164.1.wgt.RDat	ENSG00000273164.1	22	19023055	19023056	0.666	rs7291719	-3.87	rs2871006	0.361458	-7.39	-0.31576	312	33	enet	0.35	1.1e-15	0.24232	0.809
Brain_Hippocampus	/media/kame/Data/_workings/resource/GTEv8//GTExv8.EUR.Brain_Hippocampus/ENSG00000273311.1.wgt.RDat	ENSG00000273311.1	22	19048374	19048375	0.13	rs7291719	-3.87	rs2525036	0.099688	4.6	0.6775	321	12	enet	0.057	0.0019	0.61712	0.537
Brain_Hippocampus	/media/kame/Data/_workings/resource/GTEv8//GTExv8.EUR.Brain_Hippocampus/ENSG00000070413.19.wgt.RDat	ENSG00000070413.19	22	19122453	19122454	0.304	rs7291719	-3.87	rs2238740	0.144508	5.81	1.70133	363	55	enet	0.16	1.6e-07	1.38586	0.166
Brain_Hippocampus	/media/kame/Data/_workings/resource/GTEv8//GTExv8.EUR.Brain_Hippocampus/ENSG00000272682.1.wgt.RDat	ENSG00000272682.1	22	19128448	19128449	0.222	rs7291719	-3.87	rs8139221	0.001085	-3.46	0.6804	365	27	enet	0.011	0.11	0.06111	0.951
Brain_Hippocampus	/media/kame/Data/_workings/resource/GTEv8//GTExv8.EUR.Brain_Hippocampus/ENSG00000070371.15.wgt.RDat	ENSG00000070371.15	22	19291715	19291716	0.225	rs7291719	-3.87	rs807468	0.024929	3.75	-0.17937	448	19	enet	0.0016	0.27	-0.22463	0.822
Brain_Hippocampus	/media/kame/Data/_workings/resource/GTEv8//GTExv8.EUR.Brain_Hippocampus/ENSG00000184058.12.wgt.RDat	ENSG00000184058.12	22	19756702	19756703	0.235	rs9606256	6.03	rs13054371	0.040154	4	-1.26863	587	11	enet	0.016	0.068	0.38374	0.701
Brain_Hippocampus	/media/kame/Data/_workings/resource/GTEv8//GTExv8.EUR.Brain_Hippocampus/ENSG00000235776.2.wgt.RDat	ENSG00000235776.2	22	19792293	19792294	0.41	rs9606256	6.03	rs13054371	0.047162	3.99	-1.18989	584	52	enet	0.0061	0.17	0.33521	0.737
Brain_Hippocampus	/media/kame/Data/_workings/resource/GTEv8//GTExv8.EUR.Brain_Hippocampus/ENSG00000215012.8.wgt.RDat	ENSG00000215012.8	22	19852485	19852486	0.316	rs9606256	6.03	rs9618705	0.100054	-5.63	-0.29939	565	15	enet	0.18	2.9e-08	0.11195	0.911
Brain_Hippocampus	/media/kame/Data/_workings/resource/GTEv8//GTExv8.EUR.Brain_Hippocampus/ENSG00000185838.13.wgt.RDat	ENSG00000185838.13	22	19854938	19854939	0.255	rs9606256	6.03	rs11704083	0.144683	4.98	-0.31766	564	19	enet	0.093	8.8e-05	-0.30784	0.758
Brain_Hippocampus	/media/kame/Data/_workings/resource/GTEv8//GTExv8.EUR.Brain_Hippocampus/ENSG00000184470.20.wgt.RDat	ENSG00000184470.20	22	19941991	19941992	0.358	rs2108746	-6.46	rs7285948	0.192511	-5.55	-0.04287	564	9	enet	0.14	1.3e-06	-0.17196	0.863
Brain_Hippocampus	/media/kame/Data/_workings/resource/GTEv8//GTExv8.EUR.Brain_Hippocampus/ENSG00000099889.13.wgt.RDat	ENSG00000099889.13	22	20016807	20016808	0.215	rs4821372	-6.66	rs17818431	0.030361	-3.98	5.33055	548	19	enet	0.029	0.021	-4.24379	2.2e-05
Brain_Hippocampus	/media/kame/Data/_workings/resource/GTEv8//GTExv8.EUR.Brain_Hippocampus/ENSG00000234409.6.wgt.RDat	ENSG00000234409.6	22	20151064	20151065	0.272	rs4821372	-6.66	rs4819867	0.006403	4.08	2.22552	566	9	enet	-0.00041	0.33	0.15416	0.877
Brain_Hippocampus	/media/kame/Data/_workings/resource/GTEv8//GTExv8.EUR.Brain_Hippocampus/ENSG00000099917.17.wgt.RDat	ENSG00000099917.17	22	20495912	20495913	0.265	rs4821372	-6.66	rs165664	-0.002701	-3.24	-1.53594	524	15	enet	-0.0044	0.55	2.6821	0.00732
Brain_Hippocampus	/media/kame/Data/_workings/resource/GTEv8//GTExv8.EUR.Brain_Hippocampus/ENSG00000223553.6.wgt.RDat	ENSG00000223553.6	22	20656913	20656914	0.248	rs4821372	-6.66	rs165862	0.117208	5.14	0.13473	509	46	enet	0.097	6.4e-05	0.0932	0.926
Brain_Hippocampus	/media/kame/Data/_workings/resource/GTEv8//GTExv8.EUR.Brain_Hippocampus/ENSG00000229107.2.wgt.RDat	ENSG00000229107.2	22	20670983	20670984	0.206	rs4821372	-6.66	rs9612548	-0.004627	-3.79	-0.22214	504	16	enet	0.037	0.011	0.25414	0.799
Brain_Hippocampus	/media/kame/Data/_workings/resource/GTEv8//GTExv8.EUR.Brain_Hippocampus/ENSG00000099940.11.wgt.RDat	ENSG00000099940.11	22	20858982	20858983	0.315	rs4821372	-6.66	rs674478	0.069991	-4.76	0.90038	430	14	enet	0.13	4.5e-06	-0.50821	0.611
Brain_Hippocampus	/media/kame/Data/_workings/resource/GTEv8//GTExv8.EUR.Brain_Hippocampus/ENSG00000230513.1.wgt.RDat	ENSG00000230513.1	22	21002196	21002197	0.785	rs4821915	-4.77	rs2239961	0.365543	-7.5	0.29183	364	21	enet	0.38	3.1e-17	-0.46371	0.643
Brain_Hippocampus	/media/kame/Data/_workings/resource/GTEv8//GTExv8.EUR.Brain_Hippocampus/ENSG00000206145.8.wgt.RDat	ENSG00000206145.8	22	21045016	21045017	0.577	rs1210601	-4.16	rs1548411	0.033886	4.65	0.65772	347	30	enet	0.18	4.2e-08	0.75254	0.452
Brain_Hippocampus	/media/kame/Data/_workings/resource/GTEv8//GTExv8.EUR.Brain_Hippocampus/ENSG00000161179.13.wgt.RDat	ENSG00000161179.13	22	21630063	21630064	0.212	rs762349	-4.5	rs2298428	0.130723	5.26	0.1087	296	13	enet	0.086	0.00016	0.07644	0.939
Brain_Hippocampus	/media/kame/Data/_workings/resource/GTEv8//GTExv8.EUR.Brain_Hippocampus/ENSG00000161180.10.wgt.RDat	ENSG00000161180.10	22	21632715	21632716	0.235	rs762349	-4.5	rs2298429	0.114603	-4.89	-0.07482	296	29	enet	0.077	0.00034	0.275	0.783
Brain_Hippocampus	/media/kame/Data/_workings/resource/GTEv8//GTExv8.EUR.Brain_Hippocampus/ENSG00000224086.5.wgt.RDat	ENSG00000224086.5	22	21938584	21938585	0.647	rs762349	-4.5	rs240064	0.493205	-9.09	0.25015	413	25	enet	0.51	3.7e-25	0.01105	0.991
Brain_Hippocampus	/media/kame/Data/_workings/resource/GTEv8//GTExv8.EUR.Brain_Hippocampus/ENSG00000100034.13.wgt.RDat	ENSG00000100034.13	22	21940656	21940657	0.214	rs762349	-4.5	rs240064	-0.004342	-3.17	0.25015	413	30	enet	0.032	0.016	-0.04963	0.96
Brain_Hippocampus	/media/kame/Data/_workings/resource/GTEv8//GTExv8.EUR.Brain_Hippocampus/ENSG00000272779.1.wgt.RDat	ENSG00000272779.1	22	22303223	22303224	0.431	rs5750807	-3.87	rs4277621	0.03772	3.98	1.26021	352	22	enet	0.065	0.00095	1.81811	0.069
Brain_Hippocampus	/media/kame/Data/_workings/resource/GTEv8//GTExv8.EUR.Brain_Hippocampus/ENSG00000211643.2.wgt.RDat	ENSG00000211643.2	22	22318726	22318727	0.411	rs5750807	-3.87	rs4277621	0.130176	4.51	1.26021	351	14	enet	0.068	0.00077	1.60909	0.108
Brain_Hippocampus	/media/kame/Data/_workings/resource/GTEv8//GTExv8.EUR.Brain_Hippocampus/ENSG00000128266.8.wgt.RDat	ENSG00000128266.8	22	23070360	23070361	0.422	rs874138	4.35	rs3788337	0.317831	-7.02	1.32651	361	16	enet	0.23	2e-10	-1.36369	0.173
Brain_Hippocampus	/media/kame/Data/_workings/resource/GTEv8//GTExv8.EUR.Brain_Hippocampus/ENSG00000272733.1.wgt.RDat	ENSG00000272733.1	22	23583858	23583859	0.519	rs874138	4.35	rs11703537	0.102774	5.27	0.28875	488	30	enet	0.24	9.4e-11	-0.32499	0.745
Brain_Hippocampus	/media/kame/Data/_workings/resource/GTEv8//GTExv8.EUR.Brain_Hippocampus/ENSG00000189269.12.wgt.RDat	ENSG00000189269.12	22	23632320	23632321	0.341	rs6004041	-3.76	rs6003847	0.014765	-4.05	0.05345	486	32	enet	0.15	6.9e-07	0.08078	0.936
Brain_Hippocampus	/media/kame/Data/_workings/resource/GTEv8//GTExv8.EUR.Brain_Hippocampus/ENSG00000234353.2.wgt.RDat	ENSG00000234353.2	22	23640761	23640762	0.466	rs6004041	-3.76	rs9680742	-0.006682	-3.63	0.06351	483	37	enet	0.12	8.1e-06	0.87604	0.381
Brain_Hippocampus	/media/kame/Data/_workings/resource/GTEv8//GTExv8.EUR.Brain_Hippocampus/ENSG00000128218.7.wgt.RDat	ENSG00000128218.7	22	23754467	23754468	0.547	rs6004041	-3.76	rs131442	0.106312	4.79	0.0127	477	34	enet	0.11	1.3e-05	0.47457	0.635
Brain_Hippocampus	/media/kame/Data/_workings/resource/GTEv8//GTExv8.EUR.Brain_Hippocampus/ENSG00000099956.18.wgt.RDat	ENSG00000099956.18	22	23786962	23786963	0.36	rs6004041	-3.76	rs131409	0.019656	-3.7	-1.1141	462	31	enet	0.032	0.016	0.97596	0.329
Brain_Hippocampus	/media/kame/Data/_workings/resource/GTEv8//GTExv8.EUR.Brain_Hippocampus/ENSG00000218537.1.wgt.RDat	ENSG00000218537.1	22	23898929	23898930	0.452	rs2082733	8.58	rs4822451	0.269305	-7.18	-0.10213	427	26	enet	0.24	1.3e-10	0.08854	0.929
Brain_Hippocampus	/media/kame/Data/_workings/resource/GTEv8//GTExv8.EUR.Brain_Hippocampus/ENSG00000273295.1.wgt.RDat	ENSG00000273295.1	22	23907067	23907068	0.731	rs2082733	8.58	rs2739338	0.57601	-9.59	0.11452	425	63	enet	0.59	1.7e-30	1.02395	0.306
Brain_Hippocampus	/media/kame/Data/_workings/resource/GTEv8//GTExv8.EUR.Brain_Hippocampus/ENSG00000225282.1.wgt.RDat	ENSG00000225282.1	22	23926899	23926900	0.506	rs2082733	8.58	rs4822458	0.399856	-8.13	-1.29252	411	13	enet	0.39	7.8e-18	1.22597	0.22
Brain_Hippocampus	/media/kame/Data/_workings/resource/GTEv8//GTExv8.EUR.Brain_Hippocampus/ENSG00000133433.10.wgt.RDat	ENSG00000133433.10	22	23961185	23961186	0.673	rs1008932	9.06	rs2739338	0.35186	7.91	0.27277	422	30	enet	0.49	1.2e-23	0.24894	0.803
Brain_Hippocampus	/media/kame/Data/_workings/resource/GTEv8//GTExv8.EUR.Brain_Hippocampus/ENSG00000250470.1.wgt.RDat	ENSG00000250470.1	22	23977584	23977585	0.237	rs1008932	9.06	rs2739338	0.138341	-5.16	0.24814	416	19	enet	0.13	4.2e-06	0.59866	0.549
Brain_Hippocampus	/media/kame/Data/_workings/resource/GTEv8//GTExv8.EUR.Brain_Hippocampus/ENSG00000099984.11.wgt.RDat	ENSG00000099984.11	22	23980057	23980058	0.508	rs1008932	9.06	rs2000467	0.287063	6.62	-0.28872	415	66	enet	0.36	1.9e-16	0.23739	0.812
Brain_Hippocampus	/media/kame/Data/_workings/resource/GTEv8//GTExv8.EUR.Brain_Hippocampus/ENSG00000099977.13.wgt.RDat	ENSG00000099977.13	22	23980468	23980469	0.457	rs1008932	9.06	rs1007888	0.078226	-5.63	-1.23819	415	40	enet	0.14	1.6e-06	0.30649	0.759
Brain_Hippocampus	/media/kame/Data/_workings/resource/GTEv8//GTExv8.EUR.Brain_Hippocampus/ENSG00000224205.1.wgt.RDat	ENSG00000224205.1	22	23991420	23991421	0.593	rs5760452	9.22	rs1002286	0.403778	-8.29	-1.28818	417	14	enet	0.43	9.5e-20	0.50706	0.612
Brain_Hippocampus	/media/kame/Data/_workings/resource/GTEv8//GTExv8.EUR.Brain_Hippocampus/ENSG00000099994.10.wgt.RDat	ENSG00000099994.10	22	24181258	24181259	0.148	rs5760452	9.22	rs5760186	0.072312	4.22	-1.04401	372	35	enet	0.083	0.00021	-3.92181	8.79e-05
Brain_Hippocampus	/media/kame/Data/_workings/resource/GTEv8//GTExv8.EUR.Brain_Hippocampus/ENSG00000100024.14.wgt.RDat	ENSG00000100024.14	22	24494106	24494107	0.184	rs5760452	9.22	rs3788372	0.136801	4.82	2.43021	397	6	enet	0.078	0.00031	4.33328	1.47e-05
Brain_Hippocampus	/media/kame/Data/_workings/resource/GTEv8//GTExv8.EUR.Brain_Hippocampus/ENSG00000100068.11.wgt.RDat	ENSG00000100068.11	22	25405376	25405377	0.267	rs4822669	4.44	rs133198	0.168557	5.15	0.74378	499	13	enet	0.11	1.8e-05	1.41408	0.157
Brain_Hippocampus	/media/kame/Data/_workings/resource/GTEv8//GTExv8.EUR.Brain_Hippocampus/ENSG00000100058.12.wgt.RDat	ENSG00000100058.12	22	25448104	25448105	0.427	rs4822669	5.04	rs6004658	0.291966	6.63	-3.00269	507	22	enet	0.24	1.4e-10	-3.43344	0.000596
Brain_Hippocampus	/media/kame/Data/_workings/resource/GTEv8//GTExv8.EUR.Brain_Hippocampus/ENSG00000272977.1.wgt.RDat	ENSG00000272977.1	22	25476217	25476218	0.373	rs4822669	5	rs6004658	0.278412	-6.58	-3.00269	510	19	enet	0.25	3.5e-11	2.82763	0.00469
Brain_Hippocampus	/media/kame/Data/_workings/resource/GTEv8//GTExv8.EUR.Brain_Hippocampus/ENSG00000100099.20.wgt.RDat	ENSG00000100099.20	22	26483835	26483836	0.276	rs134704	5.8	rs929131	0.028385	-4.51	0.5489	779	26	enet	0.01	0.11	-0.02934	0.977
Brain_Hippocampus	/media/kame/Data/_workings/resource/GTEv8//GTExv8.EUR.Brain_Hippocampus/ENSG00000128294.15.wgt.RDat	ENSG00000128294.15	22	26596716	26596717	0.254	rs134704	5.8	rs134157	-0.005415	-3.85	-0.89805	848	28	enet	-0.0057	0.69	1.15934	0.246
Brain_Hippocampus	/media/kame/Data/_workings/resource/GTEv8//GTExv8.EUR.Brain_Hippocampus/ENSG00000235954.6.wgt.RDat	ENSG00000235954.6	22	27919375	27919376	0.37	rs5752628	-4.55	rs16985722	0.074547	5.18	-0.29519	523	10	enet	0.16	3.7e-07	0.31377	0.754
Brain_Hippocampus	/media/kame/Data/_workings/resource/GTEv8//GTExv8.EUR.Brain_Hippocampus/ENSG00000100263.13.wgt.RDat	ENSG00000100263.13	22	29267977	29267978	0.354	rs2179129	-4.11	rs909798	0.138857	-4.99	0.22825	420	4	enet	0.1	4e-05	-0.09106	0.927
Brain_Hippocampus	/media/kame/Data/_workings/resource/GTEv8//GTExv8.EUR.Brain_Hippocampus/ENSG00000184117.11.wgt.RDat	ENSG00000184117.11	22	29581336	29581337	0.118	rs3765303	3.92	rs5763302	0.029991	-3.97	0.04699	388	21	enet	-0.0028	0.45	-0.09619	0.923
Brain_Hippocampus	/media/kame/Data/_workings/resource/GTEv8//GTExv8.EUR.Brain_Hippocampus/ENSG00000184076.13.wgt.RDat	ENSG00000184076.13	22	29767368	29767369	0.222	rs9613855	3.14	rs7290420	-0.002036	3.07	0.29349	373	41	enet	0.023	0.036	0.48072	0.631
Brain_Hippocampus	/media/kame/Data/_workings/resource/GTEv8//GTExv8.EUR.Brain_Hippocampus/ENSG00000100330.15.wgt.RDat	ENSG00000100330.15	22	29883154	29883155	0.124	rs2232903	2.92	rs41158	0.022825	3.61	0.03091	393	13	enet	0.014	0.076	0.79247	0.428
Brain_Hippocampus	/media/kame/Data/_workings/resource/GTEv8//GTExv8.EUR.Brain_Hippocampus/ENSG00000279159.1.wgt.RDat	ENSG00000279159.1	22	30025628	30025629	0.119	rs2232903	2.92	rs9625870	0.038615	3.89	-0.16621	412	7	enet	0.013	0.084	-1.25126	0.211
Brain_Hippocampus	/media/kame/Data/_workings/resource/GTEv8//GTExv8.EUR.Brain_Hippocampus/ENSG00000100003.17.wgt.RDat	ENSG00000100003.17	22	30396856	30396857	0.187	rs5753271	3.88	rs6518702	-0.004011	-3.65	-0.17095	442	13	enet	-0.0058	0.71	1.21222	0.225
Brain_Hippocampus	/media/kame/Data/_workings/resource/GTEv8//GTExv8.EUR.Brain_Hippocampus/ENSG00000272689.1.wgt.RDat	ENSG00000272689.1	22	30421535	30421536	0.31	rs8004	-4.07	rs4820845	0.066395	4.84	1.31874	443	14	enet	0.1	4.2e-05	0.56571	0.572
Brain_Hippocampus	/media/kame/Data/_workings/resource/GTEv8//GTExv8.EUR.Brain_Hippocampus/ENSG00000133488.14.wgt.RDat	ENSG00000133488.14	22	30505710	30505711	0.391	rs8004	-4.07	rs1124827	0.01254	-3.88	-2.05977	435	92	enet	0.063	0.0012	0.24244	0.808
Brain_Hippocampus	/media/kame/Data/_workings/resource/GTEv8//GTExv8.EUR.Brain_Hippocampus/ENSG00000214491.8.wgt.RDat	ENSG00000214491.8	22	30546681	30546682	0.443	rs2041076	-4.48	rs2267159	0.180354	-5.82	0.02088	426	30	enet	0.19	1.9e-08	-0.28598	0.775
Brain_Hippocampus	/media/kame/Data/_workings/resource/GTEv8//GTExv8.EUR.Brain_Hippocampus/ENSG00000185339.8.wgt.RDat	ENSG00000185339.8	22	30607083	30607084	0.303	rs12330058	-4.72	rs11912660	0.025481	-4.11	-0.00236	436	23	enet	0.1	4.2e-05	0.4766	0.634
Brain_Hippocampus	/media/kame/Data/_workings/resource/GTEv8//GTExv8.EUR.Brain_Hippocampus/ENSG00000237977.1.wgt.RDat	ENSG00000237977.1	22	30902218	30902219	0.446	rs2027982	-5.11	rs5749185	0.210836	-6.27	-3.06799	393	37	enet	0.24	7.3e-11	3.65628	0.000256
Brain_Hippocampus	/media/kame/Data/_workings/resource/GTEv8//GTExv8.EUR.Brain_Hippocampus/ENSG00000198089.15.wgt.RDat	ENSG00000198089.15	22	31488745	31488746	0.289	rs2027982	-5.11	rs4820045	0.168353	-5.17	-2.04837	354	27	enet	0.13	3.5e-06	1.0874	0.277
Brain_Hippocampus	/media/kame/Data/_workings/resource/GTEv8//GTExv8.EUR.Brain_Hippocampus/ENSG00000241878.11.wgt.RDat	ENSG00000241878.11	22	31662431	31662432	0.191	rs12166759	6.22	rs917207	0.012012	3.88	0.33838	333	11	enet	-0.0065	0.84	0.0814	0.935
Brain_Hippocampus	/media/kame/Data/_workings/resource/GTEv8//GTExv8.EUR.Brain_Hippocampus/ENSG00000183530.13.wgt.RDat	ENSG00000183530.13	22	31750139	31750140	0.126	rs12166759	6.22	rs5998067	0.006469	-3.29	-1.81644	372	22	enet	-0.0036	0.5	0.06329	0.95
Brain_Hippocampus	/media/kame/Data/_workings/resource/GTEv8//GTExv8.EUR.Brain_Hippocampus/ENSG00000100191.5.wgt.RDat	ENSG00000100191.5	22	32255340	32255341	0.343	rs3213515	-10.26	rs9609537	-0.006074	-3.53	-0.19658	577	30	enet	0.061	0.0013	0.43926	0.66
Brain_Hippocampus	/media/kame/Data/_workings/resource/GTEv8//GTExv8.EUR.Brain_Hippocampus/ENSG00000205853.10.wgt.RDat	ENSG00000205853.10	22	32382051	32382052	0.315	rs3213515	-10.26	rs5998471	0.12447	-4.49	0.5344	644	24	enet	0.057	0.0019	-0.33754	0.736
Brain_Hippocampus	/media/kame/Data/_workings/resource/GTEv8//GTExv8.EUR.Brain_Hippocampus/ENSG00000100225.17.wgt.RDat	ENSG00000100225.17	22	32474675	32474676	0.511	rs3213515	-10.26	rs715542	0.255213	-6.37	-7.24206	639	43	enet	0.25	6.4e-11	4.93378	8.07e-07
Brain_Hippocampus	/media/kame/Data/_workings/resource/GTEv8//GTExv8.EUR.Brain_Hippocampus/ENSG00000279805.1.wgt.RDat	ENSG00000279805.1	22	36139349	36139350	0.226	rs9622297	-4.92	rs6000139	-0.00248	3.65	-0.41157	493	22	enet	0.0049	0.19	-0.60478	0.545
Brain_Hippocampus	/media/kame/Data/_workings/resource/GTEv8//GTExv8.EUR.Brain_Hippocampus/ENSG00000100336.17.wgt.RDat	ENSG00000100336.17	22	36204839	36204840	0.362	rs2267361	5.13	rs132717	0.156247	-4.99	-1.35879	488	36	enet	0.14	1.6e-06	0.78508	0.432
Brain_Hippocampus	/media/kame/Data/_workings/resource/GTEv8//GTExv8.EUR.Brain_Hippocampus/ENSG00000100348.9.wgt.RDat	ENSG00000100348.9	22	36482029	36482030	0.421	rs11089816	5.65	rs8140240	0.087294	4.55	0.24477	612	42	enet	0.12	6.7e-06	0.00234	0.998
Brain_Hippocampus	/media/kame/Data/_workings/resource/GTEv8//GTExv8.EUR.Brain_Hippocampus/ENSG00000100350.14.wgt.RDat	ENSG00000100350.14	22	36507100	36507101	0.608	rs11089816	5.65	rs139997	0.228571	6.64	-0.04942	631	5	enet	0.27	3.8e-12	-0.03909	0.969
Brain_Hippocampus	/media/kame/Data/_workings/resource/GTEv8//GTExv8.EUR.Brain_Hippocampus/ENSG00000100360.14.wgt.RDat	ENSG00000100360.14	22	36776255	36776256	0.267	rs760719	-7.61	rs3827351	0.155635	4.97	1.87602	665	36	enet	0.15	8.3e-07	0.97482	0.33
Brain_Hippocampus	/media/kame/Data/_workings/resource/GTEv8//GTExv8.EUR.Brain_Hippocampus/ENSG00000128311.13.wgt.RDat	ENSG00000128311.13	22	37020182	37020183	0.418	rs760719	-7.61	rs2160907	0.034974	4.28	-2.79396	694	24	enet	0.034	0.013	-0.86276	0.388
Brain_Hippocampus	/media/kame/Data/_workings/resource/GTEv8//GTExv8.EUR.Brain_Hippocampus/ENSG00000133466.13.wgt.RDat	ENSG00000133466.13	22	37199384	37199385	0.546	rs760719	-7.61	rs69264	0.246546	-6.54	-0.24131	647	53	enet	0.26	1.4e-11	-0.46758	0.64
Brain_Hippocampus	/media/kame/Data/_workings/resource/GTEv8//GTExv8.EUR.Brain_Hippocampus/ENSG00000100106.19.wgt.RDat	ENSG00000100106.19	22	37697003	37697004	0.257	rs8135343	4.64	rs4820297	0.157924	-5.46	-0.2393	460	26	enet	0.14	1.5e-06	0.05551	0.956
Brain_Hippocampus	/media/kame/Data/_workings/resource/GTEv8//GTExv8.EUR.Brain_Hippocampus/ENSG00000100139.13.wgt.RDat	ENSG00000100139.13	22	37905656	37905657	0.269	rs7289871	-3.83	rs139838	0.190987	-5.8	-0.11493	367	23	enet	0.14	2.2e-06	-0.01495	0.988
Brain_Hippocampus	/media/kame/Data/_workings/resource/GTEv8//GTExv8.EUR.Brain_Hippocampus/ENSG00000278948.1.wgt.RDat	ENSG00000278948.1	22	37944246	37944247	0.181	rs7289871	-3.83	rs139838	0.09074	-4.68	-0.11493	374	14	enet	0.062	0.0012	-0.18921	0.85
Brain_Hippocampus	/media/kame/Data/_workings/resource/GTEv8//GTExv8.EUR.Brain_Hippocampus/ENSG00000100142.14.wgt.RDat	ENSG00000100142.14	22	38025578	38025579	0.168	rs7289871	-3.83	rs2076371	0.004707	4.02	-0.10329	370	24	enet	-0.0027	0.44	-0.38729	0.699
Brain_Hippocampus	/media/kame/Data/_workings/resource/GTEv8//GTExv8.EUR.Brain_Hippocampus/ENSG00000100151.15.wgt.RDat	ENSG00000100151.15	22	38056310	38056311	0.499	rs7289871	-3.83	rs738443	0.269831	6.88	0.1634	367	38	enet	0.28	1.4e-12	-0.37657	0.706
Brain_Hippocampus	/media/kame/Data/_workings/resource/GTEv8//GTExv8.EUR.Brain_Hippocampus/ENSG00000100156.10.wgt.RDat	ENSG00000100156.10	22	38084092	38084093	0.259	rs7289871	-3.83	rs4821733	0.112147	4.97	0.41648	356	40	enet	0.072	0.00052	-0.94245	0.346
Brain_Hippocampus	/media/kame/Data/_workings/resource/GTEv8//GTExv8.EUR.Brain_Hippocampus/ENSG00000272720.1.wgt.RDat	ENSG00000272720.1	22	38090126	38090127	0.35	rs7289871	-3.83	rs738443	0.149008	5.43	0.1634	353	18	enet	0.18	4.3e-08	-0.20698	0.836
Brain_Hippocampus	/media/kame/Data/_workings/resource/GTEv8//GTExv8.EUR.Brain_Hippocampus/ENSG00000184381.18.wgt.RDat	ENSG00000184381.18	22	38205689	38205690	0.187	rs7289871	-3.83	rs3827354	-0.00673	-3.26	-0.13208	344	25	enet	-0.0066	0.87	0.12881	0.898
Brain_Hippocampus	/media/kame/Data/_workings/resource/GTEv8//GTExv8.EUR.Brain_Hippocampus/ENSG00000213923.11.wgt.RDat	ENSG00000213923.11	22	38318083	38318084	0.138	rs2235229	4.69	rs132930	0.084434	4.59	-0.07221	351	10	enet	0.06	0.0015	-0.48509	0.628
Brain_Hippocampus	/media/kame/Data/_workings/resource/GTEv8//GTExv8.EUR.Brain_Hippocampus/ENSG00000100211.10.wgt.RDat	ENSG00000100211.10	22	38656639	38656640	0.19	rs2235229	4.69	rs738144	0.032327	-4.04	-0.23036	368	19	enet	0.071	0.00059	-0.64597	0.518
Brain_Hippocampus	/media/kame/Data/_workings/resource/GTEv8//GTExv8.EUR.Brain_Hippocampus/ENSG00000228274.3.wgt.RDat	ENSG00000228274.3	22	38681819	38681820	0.143	rs2235229	4.69	rs4821807	0.054634	-3.95	1.43117	372	12	enet	0.022	0.037	-2.06396	0.039
Brain_Hippocampus	/media/kame/Data/_workings/resource/GTEv8//GTExv8.EUR.Brain_Hippocampus/ENSG00000100242.15.wgt.RDat	ENSG00000100242.15	22	38766332	38766333	0.205	rs2247128	5.55	rs2235230	0.009251	-3.71	1.52873	372	31	enet	0.017	0.06	-0.9042	0.366
Brain_Hippocampus	/media/kame/Data/_workings/resource/GTEv8//GTExv8.EUR.Brain_Hippocampus/ENSG00000235209.1.wgt.RDat	ENSG00000235209.1	22	38921226	38921227	0.21	rs2247128	5.55	rs6001251	0.071479	-4.14	-0.68453	394	32	enet	0.11	2.9e-05	1.42489	0.154
Brain_Hippocampus	/media/kame/Data/_workings/resource/GTEv8//GTExv8.EUR.Brain_Hippocampus/ENSG00000243811.8.wgt.RDat	ENSG00000243811.8	22	39021112	39021113	0.214	rs738288	6.41	rs79501	-0.006016	-3.19	0.4003	386	26	enet	0.034	0.014	-1.57237	0.116
Brain_Hippocampus	/media/kame/Data/_workings/resource/GTEv8//GTExv8.EUR.Brain_Hippocampus/ENSG00000239713.8.wgt.RDat	ENSG00000239713.8	22	39077004	39077005	0.311	rs738288	6.41	rs2011869	0.173645	5.52	-0.25323	393	27	enet	0.18	2.5e-08	-1.13271	0.257
Brain_Hippocampus	/media/kame/Data/_workings/resource/GTEv8//GTExv8.EUR.Brain_Hippocampus/ENSG00000128268.11.wgt.RDat	ENSG00000128268.11	22	39457343	39457344	0.206	rs738288	6.41	rs5757676	0.061976	-4.51	-0.25145	385	22	enet	0.032	0.016	1.65773	0.0974
Brain_Hippocampus	/media/kame/Data/_workings/resource/GTEv8//GTExv8.EUR.Brain_Hippocampus/ENSG00000100372.14.wgt.RDat	ENSG00000100372.14	22	40819398	40819399	0.101	rs9611388	-6.35	rs133074	0.005763	3.54	-0.02902	287	12	enet	0.031	0.017	-1.85845	0.0631
Brain_Hippocampus	/media/kame/Data/_workings/resource/GTEv8//GTExv8.EUR.Brain_Hippocampus/ENSG00000196236.12.wgt.RDat	ENSG00000196236.12	22	40857096	40857097	0.272	rs17001909	-7.43	rs138312	0.163377	-5.4	-0.10456	285	53	enet	0.087	0.00015	0.18436	0.854
Brain_Hippocampus	/media/kame/Data/_workings/resource/GTEv8//GTExv8.EUR.Brain_Hippocampus/ENSG00000100399.15.wgt.RDat	ENSG00000100399.15	22	41240933	41240934	0.147	rs8139784	6.02	rs5751022	0.009242	-3.2	1.44628	255	12	enet	0.022	0.038	-0.88946	0.374
Brain_Hippocampus	/media/kame/Data/_workings/resource/GTEv8//GTExv8.EUR.Brain_Hippocampus/ENSG00000100413.16.wgt.RDat	ENSG00000100413.16	22	41544605	41544606	0.15	rs8139784	6.02	rs9611610	0.051836	4.64	0.60637	302	19	enet	0.082	0.00022	0.12012	0.904
Brain_Hippocampus	/media/kame/Data/_workings/resource/GTEv8//GTExv8.EUR.Brain_Hippocampus/ENSG00000100162.14.wgt.RDat	ENSG00000100162.14	22	41947163	41947164	0.224	rs5996088	-4.86	rs5996091	0.217092	5.83	-0.08733	346	15	enet	0.14	2.2e-06	0.85947	0.39
Brain_Hippocampus	/media/kame/Data/_workings/resource/GTEv8//GTExv8.EUR.Brain_Hippocampus/ENSG00000198951.11.wgt.RDat	ENSG00000198951.11	22	42070841	42070842	0.152	rs5996088	-4.86	rs5751204	0.131466	-5.17	0.74828	339	20	enet	0.11	2.1e-05	-0.94588	0.344
Brain_Hippocampus	/media/kame/Data/_workings/resource/GTEv8//GTExv8.EUR.Brain_Hippocampus/ENSG00000177096.8.wgt.RDat	ENSG00000177096.8	22	42074250	42074251	0.173	rs5996088	-4.86	rs2070116	-0.005911	-3.48	0.63248	339	24	enet	0.024	0.033	-0.23964	0.811
Brain_Hippocampus	/media/kame/Data/_workings/resource/GTEv8//GTExv8.EUR.Brain_Hippocampus/ENSG00000183172.8.wgt.RDat	ENSG00000183172.8	22	42079690	42079691	0.265	rs5996088	-4.86	rs2011944	0.132746	5.48	0.06392	339	23	enet	0.2	4.5e-09	-0.31106	0.756
Brain_Hippocampus	/media/kame/Data/_workings/resource/GTEv8//GTExv8.EUR.Brain_Hippocampus/ENSG00000184983.9.wgt.RDat	ENSG00000184983.9	22	42090929	42090930	0.625	rs5996088	-4.86	rs4822100	0.20885	6.15	-0.07571	346	13	enet	0.19	2e-08	0.4601	0.645
Brain_Hippocampus	/media/kame/Data/_workings/resource/GTEv8//GTExv8.EUR.Brain_Hippocampus/ENSG00000100197.20.wgt.RDat	ENSG00000100197.20	22	42130905	42130906	0.479	rs5996088	-4.86	rs2142694	0.357972	-7.58	-0.32931	353	21	enet	0.35	8e-16	0.25296	0.8
Brain_Hippocampus	/media/kame/Data/_workings/resource/GTEv8//GTExv8.EUR.Brain_Hippocampus/ENSG00000227370.1.wgt.RDat	ENSG00000227370.1	22	42132602	42132603	0.198	rs5996088	-4.86	rs13057094	0.195677	-5.66	1.01963	355	23	enet	0.2	4.2e-09	-0.29797	0.766
Brain_Hippocampus	/media/kame/Data/_workings/resource/GTEv8//GTExv8.EUR.Brain_Hippocampus/ENSG00000281538.1.wgt.RDat	ENSG00000281538.1	22	42138105	42138106	0.112	rs5996088	-4.86	rs13057094	0.147076	-4.88	1.01963	358	15	enet	0.12	5.6e-06	-0.73153	0.464
Brain_Hippocampus	/media/kame/Data/_workings/resource/GTEv8//GTExv8.EUR.Brain_Hippocampus/ENSG00000205702.10.wgt.RDat	ENSG00000205702.10	22	42144576	42144577	0.24	rs5996088	-4.86	rs742086	0.112836	5.12	-0.92999	357	28	enet	0.12	7.3e-06	-1.18096	0.238
Brain_Hippocampus	/media/kame/Data/_workings/resource/GTEv8//GTExv8.EUR.Brain_Hippocampus/ENSG00000172250.14.wgt.RDat	ENSG00000172250.14	22	42500589	42500590	0.284	rs7285546	4.14	rs2071842	0.073456	-4.46	-0.25295	403	13	enet	0.059	0.0016	0.66383	0.507
Brain_Hippocampus	/media/kame/Data/_workings/resource/GTEv8//GTExv8.EUR.Brain_Hippocampus/ENSG00000189306.10.wgt.RDat	ENSG00000189306.10	22	42519801	42519802	0.35	rs7285546	4.14	rs137098	0.251287	6.46	-0.34131	407	10	enet	0.24	1.1e-10	-0.17975	0.857
Brain_Hippocampus	/media/kame/Data/_workings/resource/GTEv8//GTExv8.EUR.Brain_Hippocampus/ENSG00000183569.17.wgt.RDat	ENSG00000183569.17	22	42553616	42553617	0.296	rs7285546	4.14	rs137085	0.035553	-4.32	0.77422	408	26	enet	0.17	1e-07	-0.06471	0.948
Brain_Hippocampus	/media/kame/Data/_workings/resource/GTEv8//GTExv8.EUR.Brain_Hippocampus/ENSG00000182841.12.wgt.RDat	ENSG00000182841.12	22	42582037	42582038	0.482	rs7285546	4.14	rs137121	0.151824	-5.66	-0.58232	416	25	enet	0.17	1.3e-07	0.31306	0.754
Brain_Hippocampus	/media/kame/Data/_workings/resource/GTEv8//GTExv8.EUR.Brain_Hippocampus/ENSG00000100243.20.wgt.RDat	ENSG00000100243.20	22	42649567	42649568	0.281	rs7285546	4.14	rs137129	0.143648	-5.28	-0.15548	433	23	enet	0.12	1.1e-05	0.06615	0.947
Brain_Hippocampus	/media/kame/Data/_workings/resource/GTEv8//GTExv8.EUR.Brain_Hippocampus/ENSG00000242247.10.wgt.RDat	ENSG00000242247.10	22	42858105	42858106	0.288	rs6003130	4.4	rs5751372	0.206889	5.92	-0.03779	523	20	enet	0.096	6.6e-05	0.15032	0.881
Brain_Hippocampus	/media/kame/Data/_workings/resource/GTEv8//GTExv8.EUR.Brain_Hippocampus/ENSG00000100341.11.wgt.RDat	ENSG00000100341.11	22	43892012	43892013	0.255	rs7285004	5.28	rs470094	0.005103	3.8	0.02656	705	13	enet	0.022	0.039	-0.18717	0.852
Brain_Hippocampus	/media/kame/Data/_workings/resource/GTEv8//GTExv8.EUR.Brain_Hippocampus/ENSG00000100347.14.wgt.RDat	ENSG00000100347.14	22	43955420	43955421	0.211	rs7285004	5.28	rs6006467	0.000386	-3.61	-0.06	729	35	enet	0.023	0.035	-0.06798	0.946
Brain_Hippocampus	/media/kame/Data/_workings/resource/GTEv8//GTExv8.EUR.Brain_Hippocampus/ENSG00000093000.18.wgt.RDat	ENSG00000093000.18	22	45163840	45163841	0.349	rs736490	-5.24	rs9615046	0.172688	-5.31	0.04925	654	22	enet	0.14	1.4e-06	0.41341	0.679
Brain_Hippocampus	/media/kame/Data/_workings/resource/GTEv8//GTExv8.EUR.Brain_Hippocampus/ENSG00000130943.6.wgt.RDat	ENSG00000130943.6	22	46263354	46263355	0.162	rs801719	-4.87	rs9615330	0.027117	-4.66	1.91298	465	17	enet	0.0079	0.14	-1.88469	0.0595
Brain_Hippocampus	/media/kame/Data/_workings/resource/GTEv8//GTExv8.EUR.Brain_Hippocampus/ENSG00000075234.16.wgt.RDat	ENSG00000075234.16	22	46267960	46267961	0.316	rs801719	-4.87	rs9627351	0.04342	4.42	0.09994	461	34	enet	0.046	0.005	-0.67292	0.501
Brain_Hippocampus	/media/kame/Data/_workings/resource/GTEv8//GTExv8.EUR.Brain_Hippocampus/ENSG00000260708.1.wgt.RDat	ENSG00000260708.1	22	46762562	46762563	0.42	rs801719	-4.87	rs12389	0.366738	-7.53	-0.39265	569	9	enet	0.36	2.3e-16	0.13276	0.894
Brain_Hippocampus	/media/kame/Data/_workings/resource/GTEv8//GTExv8.EUR.Brain_Hippocampus/ENSG00000188511.12.wgt.RDat	ENSG00000188511.12	22	49657541	49657542	0.181	rs910799	6.24	rs7288869	0.054225	-4.85	0.76741	651	14	enet	0.019	0.049	-1.94872	0.0513
Brain_Hippocampus	/media/kame/Data/_workings/resource/GTEv8//GTExv8.EUR.Brain_Hippocampus/ENSG00000184164.14.wgt.RDat	ENSG00000184164.14	22	49918166	49918167	0.302	rs910799	6.24	rs9616380	0.164173	5.27	4.67181	440	33	enet	0.18	2.6e-08	2.3876	0.017
Brain_Hippocampus	/media/kame/Data/_workings/resource/GTEv8//GTExv8.EUR.Brain_Hippocampus/ENSG00000182858.13.wgt.RDat	ENSG00000182858.13	22	49918457	49918458	0.388	rs910799	6.24	rs138832	0.122283	5.79	4.44576	439	33	enet	0.14	1.1e-06	2.39237	0.0167
Brain_Hippocampus	/media/kame/Data/_workings/resource/GTEv8//GTExv8.EUR.Brain_Hippocampus/ENSG00000273253.2.wgt.RDat	ENSG00000273253.2	22	50200836	50200837	0.722	rs910799	6.24	rs760755	0.189444	6.25	-1.15134	418	18	enet	0.29	6.1e-13	-0.31395	0.754
Brain_Hippocampus	/media/kame/Data/_workings/resource/GTEv8//GTExv8.EUR.Brain_Hippocampus/ENSG00000073169.13.wgt.RDat	ENSG00000073169.13	22	50200978	50200979	0.234	rs910799	6.24	rs2294385	0.005449	-3.34	2.35679	418	10	enet	-0.0063	0.8	-1.97198	0.0486
Brain_Hippocampus	/media/kame/Data/_workings/resource/GTEv8//GTExv8.EUR.Brain_Hippocampus/ENSG00000100429.17.wgt.RDat	ENSG00000100429.17	22	50249858	50249859	0.61	rs910799	6.24	rs7290465	0.262056	6.59	-0.44761	412	10	enet	0.27	8.3e-12	0.02502	0.98
Brain_Hippocampus	/media/kame/Data/_workings/resource/GTEv8//GTExv8.EUR.Brain_Hippocampus/ENSG00000188130.13.wgt.RDat	ENSG00000188130.13	22	50261824	50261825	0.552	rs910799	6.24	rs1555048	0.32411	7.08	-0.55402	409	15	enet	0.22	1.3e-09	-0.5754	0.565
Brain_Hippocampus	/media/kame/Data/_workings/resource/GTEv8//GTExv8.EUR.Brain_Hippocampus/ENSG00000196576.14.wgt.RDat	ENSG00000196576.14	22	50307626	50307627	0.2	rs910799	6.24	rs6010138	-0.00662	-3.15	1.58531	396	9	enet	-0.0068	0.98	-0.83659	0.403
Brain_Hippocampus	/media/kame/Data/_workings/resource/GTEv8//GTExv8.EUR.Brain_Hippocampus/ENSG00000205593.11.wgt.RDat	ENSG00000205593.11	22	50327059	50327060	0.272	rs910799	6.24	rs12163230	0.036282	4.45	-3.14082	389	25	enet	0.087	0.00014	-2.31122	0.0208
Brain_Hippocampus	/media/kame/Data/_workings/resource/GTEv8//GTExv8.EUR.Brain_Hippocampus/ENSG00000100239.15.wgt.RDat	ENSG00000100239.15	22	50343303	50343304	0.616	rs910799	6.24	rs12163230	0.11116	5.62	-3.14082	386	27	enet	0.21	2e-09	-1.72583	0.0844
Brain_Hippocampus	/media/kame/Data/_workings/resource/GTEv8//GTExv8.EUR.Brain_Hippocampus/ENSG00000205560.12.wgt.RDat	ENSG00000205560.12	22	50578454	50578455	0.571	rs742186	-4.87	rs12627787	0.208309	-6.58	-1.05622	296	15	enet	0.37	6.7e-17	-0.85093	0.395
Brain_Hippocampus	/media/kame/Data/_workings/resource/GTEv8//GTExv8.EUR.Brain_Hippocampus/ENSG00000100288.19.wgt.RDat	ENSG00000100288.19	22	50601454	50601455	0.399	rs742186	-4.87	rs131748	0.214253	-5.71	-0.72937	285	22	enet	0.2	6.7e-09	-0.71916	0.472
Brain_Hippocampus	/media/kame/Data/_workings/resource/GTEv8//GTExv8.EUR.Brain_Hippocampus/ENSG00000100299.17.wgt.RDat	ENSG00000100299.17	22	50628172	50628173	0.481	rs742186	-4.87	rs6151429	0.234023	-6.37	-0.07408	260	20	enet	0.31	6.6e-14	-1.16841	0.243
