PANEL	FILE	ID	CHR	P0	P1	HSQ	BEST.GWAS.ID	BEST.GWAS.Z	EQTL.ID	EQTL.R2	EQTL.Z	EQTL.GWAS.Z	NSNP	NWGT	MODEL	MODELCV.R2	MODELCV.PV	TWAS.Z	TWAS.P
Brain_Amygdala	/media/kame/Data/_workings/resource/GTEv8//GTExv8.EUR.Brain_Amygdala/ENSG00000225880.5.wgt.RDat	ENSG00000225880.5	1	827521	827522	0.2413	rs1891910	-4.64	rs3094315	0.151494	4.49	-0.146306	155	8	enet	0.031	0.03	-0.18651	0.852
Brain_Amygdala	/media/kame/Data/_workings/resource/GTEv8//GTExv8.EUR.Brain_Amygdala/ENSG00000272512.1.wgt.RDat	ENSG00000272512.1	1	998050	998051	0.2199	rs1891910	-4.64	rs3128117	0.182882	-4.81	-0.839866	183	13	enet	0.11	0.00015	0.38559	0.7
Brain_Amygdala	/media/kame/Data/_workings/resource/GTEv8//GTExv8.EUR.Brain_Amygdala/ENSG00000217801.9.wgt.RDat	ENSG00000217801.9	1	1059733	1059734	0.2301	rs11586188	4.84	rs3766192	0.135248	4.34	0.274721	202	12	enet	0.041	0.015	-0.70657	0.48
Brain_Amygdala	/media/kame/Data/_workings/resource/GTEv8//GTExv8.EUR.Brain_Amygdala/ENSG00000131591.17.wgt.RDat	ENSG00000131591.17	1	1116360	1116361	0.4479	rs1891910	-4.64	rs6687776	0.269726	-5.76	0.08773	215	18	enet	0.33	4.6e-12	-1.79193	0.0731
Brain_Amygdala	/media/kame/Data/_workings/resource/GTEv8//GTExv8.EUR.Brain_Amygdala/ENSG00000176022.4.wgt.RDat	ENSG00000176022.4	1	1232264	1232265	0.2063	rs1891910	-4.64	rs6697886	0.099616	-4.37	0.046223	228	11	enet	0.064	0.0031	-0.24056	0.81
Brain_Amygdala	/media/kame/Data/_workings/resource/GTEv8//GTExv8.EUR.Brain_Amygdala/ENSG00000242485.5.wgt.RDat	ENSG00000242485.5	1	1407312	1407313	0.272	rs1891910	-4.64	rs17160669	0.0222	4.01	-1.054271	275	9	enet	0.0028	0.25	-0.71723	0.473
Brain_Amygdala	/media/kame/Data/_workings/resource/GTEv8//GTExv8.EUR.Brain_Amygdala/ENSG00000235098.8.wgt.RDat	ENSG00000235098.8	1	1421768	1421769	0.366	rs1891910	-4.64	rs12089560	0.387413	-6.83	0.791504	282	9	enet	0.29	1.7e-10	-0.61525	0.538
Brain_Amygdala	/media/kame/Data/_workings/resource/GTEv8//GTExv8.EUR.Brain_Amygdala/ENSG00000215915.9.wgt.RDat	ENSG00000215915.9	1	1449688	1449689	0.44	rs1891910	-4.64	rs1695824	0.237275	-5.36	-1.891308	287	28	enet	0.2	1.5e-07	-0.08151	0.935
Brain_Amygdala	/media/kame/Data/_workings/resource/GTEv8//GTExv8.EUR.Brain_Amygdala/ENSG00000160075.11.wgt.RDat	ENSG00000160075.11	1	1574868	1574869	0.2489	rs3128317	-4.81	rs1571150	0.023913	4.27	1.427751	280	17	enet	0.041	0.016	0.66263	0.508
Brain_Amygdala	/media/kame/Data/_workings/resource/GTEv8//GTExv8.EUR.Brain_Amygdala/ENSG00000215014.4.wgt.RDat	ENSG00000215014.4	1	1574974	1574975	0.2075	rs3128317	-4.81	rs745910	0.033737	-3.43	-0.107119	280	24	enet	-0.005	0.52	-0.51178	0.609
Brain_Amygdala	/media/kame/Data/_workings/resource/GTEv8//GTExv8.EUR.Brain_Amygdala/ENSG00000189339.11.wgt.RDat	ENSG00000189339.11	1	1692727	1692728	0.4859	rs3128317	-4.81	rs4648786	0.039177	-4.12	-0.012329	305	29	enet	0.15	5.8e-06	-0.22845	0.819
Brain_Amygdala	/media/kame/Data/_workings/resource/GTEv8//GTExv8.EUR.Brain_Amygdala/ENSG00000227775.3.wgt.RDat	ENSG00000227775.3	1	1724511	1724512	0.5453	rs3128317	-4.81	rs6699975	0.074422	-4.31	-1.099054	294	29	enet	0.14	1.3e-05	1.99712	0.0458
Brain_Amygdala	/media/kame/Data/_workings/resource/GTEv8//GTExv8.EUR.Brain_Amygdala/ENSG00000231050.1.wgt.RDat	ENSG00000231050.1	1	1891470	1891471	0.4459	rs3128317	-4.81	rs12742323	0.303963	-6.49	-0.554265	316	15	enet	0.29	2.2e-10	0.27115	0.786
Brain_Amygdala	/media/kame/Data/_workings/resource/GTEv8//GTExv8.EUR.Brain_Amygdala/ENSG00000142609.17.wgt.RDat	ENSG00000142609.17	1	2003836	2003837	0.1991	rs34241773	10.5	rs4648727	0.120134	-4.78	-0.936839	357	12	enet	0.069	0.0023	1.25421	0.21
Brain_Amygdala	/media/kame/Data/_workings/resource/GTEv8//GTExv8.EUR.Brain_Amygdala/ENSG00000215912.12.wgt.RDat	ENSG00000215912.12	1	2801716	2801717	0.2098	rs34241773	10.5	rs2296443	0.06496	-3.98	-1.34254	365	20	enet	0.066	0.0028	0.01556	0.988
Brain_Amygdala	/media/kame/Data/_workings/resource/GTEv8//GTExv8.EUR.Brain_Amygdala/ENSG00000130762.14.wgt.RDat	ENSG00000130762.14	1	3454425	3454426	0.3151	rs2651927	-4.27	rs12128669	0.070305	4.12	0.432343	504	29	enet	0.091	5e-04	0.55715	0.577
Brain_Amygdala	/media/kame/Data/_workings/resource/GTEv8//GTExv8.EUR.Brain_Amygdala/ENSG00000131697.17.wgt.RDat	ENSG00000131697.17	1	5992361	5992362	0.2803	rs11588889	-6.71	rs11122125	0.191454	5.07	-0.717029	501	17	enet	0.16	3.1e-06	-0.13787	0.89
Brain_Amygdala	/media/kame/Data/_workings/resource/GTEv8//GTExv8.EUR.Brain_Amygdala/ENSG00000116237.15.wgt.RDat	ENSG00000116237.15	1	6235971	6235972	0.2639	rs11588889	-6.71	rs1064721	0.220346	-5.31	-0.476692	438	18	enet	0.14	1.3e-05	-0.209	0.834
Brain_Amygdala	/media/kame/Data/_workings/resource/GTEv8//GTExv8.EUR.Brain_Amygdala/ENSG00000270171.1.wgt.RDat	ENSG00000270171.1	1	7694843	7694844	0.5945	rs9434618	-5.83	rs12756299	0.548628	-8.12	-1.003508	462	14	enet	0.5	1.3e-19	0.65408	0.513
Brain_Amygdala	/media/kame/Data/_workings/resource/GTEv8//GTExv8.EUR.Brain_Amygdala/ENSG00000238290.1.wgt.RDat	ENSG00000238290.1	1	8026737	8026738	0.2459	rs9434618	-5.83	rs161807	0.072374	3.97	0.613348	368	9	enet	0.0078	0.17	0.65132	0.515
Brain_Amygdala	/media/kame/Data/_workings/resource/GTEv8//GTExv8.EUR.Brain_Amygdala/ENSG00000232912.5.wgt.RDat	ENSG00000232912.5	1	8424644	8424645	0.1293	rs9434618	-5.83	rs301805	0.120977	-3.99	0.690358	302	5	enet	0.011	0.13	-0.82864	0.407
Brain_Amygdala	/media/kame/Data/_workings/resource/GTEv8//GTExv8.EUR.Brain_Amygdala/ENSG00000171608.15.wgt.RDat	ENSG00000171608.15	1	9651731	9651732	0.4139	rs4265433	6.06	rs4240910	0.011403	3.66	-5.139348	322	21	enet	0.013	0.12	-2.54376	0.011
Brain_Amygdala	/media/kame/Data/_workings/resource/GTEv8//GTExv8.EUR.Brain_Amygdala/ENSG00000242349.5.wgt.RDat	ENSG00000242349.5	1	11843703	11843704	0.2371	rs1148471	6.54	rs5067	0.091613	-5.04	-2.04127	473	23	enet	0.18	1e-06	1.55047	0.121
Brain_Amygdala	/media/kame/Data/_workings/resource/GTEv8//GTExv8.EUR.Brain_Amygdala/ENSG00000233485.1.wgt.RDat	ENSG00000233485.1	1	15343875	15343876	0.2962	rs578771	3.77	rs532075	0.002182	-3.8	-0.762888	538	41	enet	0.01	0.14	-1.21438	0.225
Brain_Amygdala	/media/kame/Data/_workings/resource/GTEv8//GTExv8.EUR.Brain_Amygdala/ENSG00000186510.11.wgt.RDat	ENSG00000186510.11	1	16018874	16018875	0.3128	rs11801060	-4.15	rs698893	0.013259	3.63	-0.614393	383	39	enet	0.034	0.024	-0.32072	0.748
Brain_Amygdala	/media/kame/Data/_workings/resource/GTEv8//GTExv8.EUR.Brain_Amygdala/ENSG00000232456.1.wgt.RDat	ENSG00000232456.1	1	16040028	16040029	0.6128	rs11801060	-4.15	rs12728542	0.324574	6.31	-0.731418	376	14	enet	0.31	2.2e-11	-0.82278	0.411
Brain_Amygdala	/media/kame/Data/_workings/resource/GTEv8//GTExv8.EUR.Brain_Amygdala/ENSG00000142632.16.wgt.RDat	ENSG00000142632.16	1	16212608	16212609	0.3527	rs11801060	-4.15	rs12751725	0.181105	5.09	0.088121	332	25	enet	0.17	2.7e-06	-0.16059	0.872
Brain_Amygdala	/media/kame/Data/_workings/resource/GTEv8//GTExv8.EUR.Brain_Amygdala/ENSG00000037637.10.wgt.RDat	ENSG00000037637.10	1	16352453	16352454	0.2425	rs11801060	-4.15	rs681104	0.01558	3.36	-0.364482	268	38	enet	0.0034	0.24	-1.2593	0.208
Brain_Amygdala	/media/kame/Data/_workings/resource/GTEv8//GTExv8.EUR.Brain_Amygdala/ENSG00000186301.8.wgt.RDat	ENSG00000186301.8	1	16645621	16645622	0.5247	rs12408813	2.46	rs4920588	0.207811	-5.26	0.027251	258	27	enet	0.2	1.4e-07	0.71877	0.472
Brain_Amygdala	/media/kame/Data/_workings/resource/GTEv8//GTExv8.EUR.Brain_Amygdala/ENSG00000215908.10.wgt.RDat	ENSG00000215908.10	1	16657231	16657232	0.6372	rs1883911	-2.49	rs156908	0.128156	5	-0.156584	255	13	enet	0.12	5.4e-05	0.25755	0.797
Brain_Amygdala	/media/kame/Data/_workings/resource/GTEv8//GTExv8.EUR.Brain_Amygdala/ENSG00000186715.10.wgt.RDat	ENSG00000186715.10	1	16770236	16770237	0.3652	rs12026071	-3.06	rs7513616	0.200475	-5.21	1.496652	290	14	enet	0.17	1.4e-06	-0.99391	0.32
Brain_Amygdala	/media/kame/Data/_workings/resource/GTEv8//GTExv8.EUR.Brain_Amygdala/ENSG00000238142.1.wgt.RDat	ENSG00000238142.1	1	16889648	16889649	0.3246	rs12026071	-3.06	rs149562	0.098725	-4.6	0.107001	339	15	enet	0.13	3.6e-05	0.11007	0.912
Brain_Amygdala	/media/kame/Data/_workings/resource/GTEv8//GTExv8.EUR.Brain_Amygdala/ENSG00000117122.13.wgt.RDat	ENSG00000117122.13	1	16980834	16980835	0.2494	rs12026071	-3.06	rs926702	0.099382	-4.37	0.080339	344	6	enet	0.047	0.01	-0.00327	0.997
Brain_Amygdala	/media/kame/Data/_workings/resource/GTEv8//GTExv8.EUR.Brain_Amygdala/ENSG00000159339.13.wgt.RDat	ENSG00000159339.13	1	17308194	17308195	0.272	rs2354291	-3.42	rs2240335	0.260939	5.72	0.110533	462	1	enet	0.17	1.7e-06	0.11053	0.912
Brain_Amygdala	/media/kame/Data/_workings/resource/GTEv8//GTExv8.EUR.Brain_Amygdala/ENSG00000159423.16.wgt.RDat	ENSG00000159423.16	1	18902780	18902781	0.5601	rs10158092	-4.44	rs17492518	0.254677	5.88	-0.994106	536	22	enet	0.16	4.5e-06	-0.28313	0.777
Brain_Amygdala	/media/kame/Data/_workings/resource/GTEv8//GTExv8.EUR.Brain_Amygdala/ENSG00000127463.13.wgt.RDat	ENSG00000127463.13	1	19251537	19251538	0.3636	rs6693503	6.81	rs3748759	0.151003	-4.89	-0.048576	505	26	enet	0.17	2.5e-06	0.2926	0.77
Brain_Amygdala	/media/kame/Data/_workings/resource/GTEv8//GTExv8.EUR.Brain_Amygdala/ENSG00000158747.13.wgt.RDat	ENSG00000158747.13	1	19640553	19640554	0.3389	rs6693503	6.81	rs753612	0.180143	-4.72	-0.147134	527	22	enet	0.084	8e-04	-0.87038	0.384
Brain_Amygdala	/media/kame/Data/_workings/resource/GTEv8//GTExv8.EUR.Brain_Amygdala/ENSG00000090432.6.wgt.RDat	ENSG00000090432.6	1	20508160	20508161	0.2732	rs12080654	4.37	rs529974	0.129831	-4.62	-0.110867	513	11	enet	0.14	1.3e-05	0.09246	0.926
Brain_Amygdala	/media/kame/Data/_workings/resource/GTEv8//GTExv8.EUR.Brain_Amygdala/ENSG00000227001.3.wgt.RDat	ENSG00000227001.3	1	21427966	21427967	0.4655	rs3026886	7.03	rs4654947	0.213333	-5.53	-0.444609	380	32	enet	0.23	1.6e-08	2.01735	0.0437
Brain_Amygdala	/media/kame/Data/_workings/resource/GTEv8//GTExv8.EUR.Brain_Amygdala/ENSG00000142794.18.wgt.RDat	ENSG00000142794.18	1	21440127	21440128	0.8767	rs3026886	7.03	rs4654947	0.541836	8.1	-0.444609	383	16	enet	0.54	1.6e-21	-0.55033	0.582
Brain_Amygdala	/media/kame/Data/_workings/resource/GTEv8//GTExv8.EUR.Brain_Amygdala/ENSG00000173369.15.wgt.RDat	ENSG00000173369.15	1	22652761	22652762	0.2569	rs10917325	5.25	rs6660548	0.007577	-3.78	-1.094029	485	16	enet	0.071	0.0019	1.2409	0.215
Brain_Amygdala	/media/kame/Data/_workings/resource/GTEv8//GTExv8.EUR.Brain_Amygdala/ENSG00000204219.9.wgt.RDat	ENSG00000204219.9	1	23424739	23424740	0.5575	rs2076345	-4.37	rs2077066	0.241143	-5.59	-3.145354	312	20	enet	0.2	1.9e-07	2.57644	0.00998
Brain_Amygdala	/media/kame/Data/_workings/resource/GTEv8//GTExv8.EUR.Brain_Amygdala/ENSG00000001460.17.wgt.RDat	ENSG00000001460.17	1	24416933	24416934	0.3463	rs6700245	-4.58	rs519782	0.05684	-3.97	-1.856594	419	14	enet	-0.0013	0.36	2.15928	0.0308
Brain_Amygdala	/media/kame/Data/_workings/resource/GTEv8//GTExv8.EUR.Brain_Amygdala/ENSG00000261349.1.wgt.RDat	ENSG00000261349.1	1	25267135	25267136	0.3785	rs3767880	-5.16	rs3091242	0.12463	4.14	-0.62936	350	22	enet	0.13	4.1e-05	0.71086	0.477
Brain_Amygdala	/media/kame/Data/_workings/resource/GTEv8//GTExv8.EUR.Brain_Amygdala/ENSG00000187010.19.wgt.RDat	ENSG00000187010.19	1	25272392	25272393	0.5766	rs3767880	-5.16	rs1053438	0.241159	5.5	-0.732823	351	29	enet	0.4	1.1e-14	-0.16886	0.866
Brain_Amygdala	/media/kame/Data/_workings/resource/GTEv8//GTExv8.EUR.Brain_Amygdala/ENSG00000188672.17.wgt.RDat	ENSG00000188672.17	1	25430191	25430192	0.4088	rs3767880	-5.16	rs3091242	0.279097	-6.15	-0.62936	375	7	enet	0.21	1.4e-07	0.437	0.662
Brain_Amygdala	/media/kame/Data/_workings/resource/GTEv8//GTExv8.EUR.Brain_Amygdala/ENSG00000157978.11.wgt.RDat	ENSG00000157978.11	1	25543579	25543580	0.5794	rs3767880	-5.16	rs11806326	0.234396	5.75	0.123124	338	40	enet	0.16	3.9e-06	0.39349	0.694
Brain_Amygdala	/media/kame/Data/_workings/resource/GTEv8//GTExv8.EUR.Brain_Amygdala/ENSG00000142675.17.wgt.RDat	ENSG00000142675.17	1	26177402	26177403	0.4726	rs3767880	-5.16	rs12145714	0.173684	-5.99	0.060351	437	18	enet	0.27	5.8e-10	-0.27458	0.784
Brain_Amygdala	/media/kame/Data/_workings/resource/GTEv8//GTExv8.EUR.Brain_Amygdala/ENSG00000130695.14.wgt.RDat	ENSG00000130695.14	1	26234152	26234153	0.2469	rs3767880	-5.16	rs4585968	0.063125	4.17	0.206832	426	11	enet	0.072	0.0019	0.5165	0.606
Brain_Amygdala	/media/kame/Data/_workings/resource/GTEv8//GTExv8.EUR.Brain_Amygdala/ENSG00000117682.16.wgt.RDat	ENSG00000117682.16	1	26432281	26432282	0.1933	rs1105726	-3.54	rs11247915	0.056887	-3.72	0.194162	370	33	enet	0.066	0.0029	0.22188	0.824
Brain_Amygdala	/media/kame/Data/_workings/resource/GTEv8//GTExv8.EUR.Brain_Amygdala/ENSG00000174950.10.wgt.RDat	ENSG00000174950.10	1	27383379	27383380	0.1703	rs17340684	-7.88	rs2251670	0.059426	3.65	-0.124211	229	26	enet	0.05	0.0085	0.47677	0.634
Brain_Amygdala	/media/kame/Data/_workings/resource/GTEv8//GTExv8.EUR.Brain_Amygdala/ENSG00000158195.10.wgt.RDat	ENSG00000158195.10	1	27490157	27490158	0.3431	rs17340684	-7.88	rs11576827	0.085266	-4.08	-0.800991	249	12	enet	0.078	0.0012	0.66827	0.504
Brain_Amygdala	/media/kame/Data/_workings/resource/GTEv8//GTExv8.EUR.Brain_Amygdala/ENSG00000117748.9.wgt.RDat	ENSG00000117748.9	1	27914745	27914746	0.3032	rs17340684	-7.88	rs10902678	0.164708	5.43	0.964835	253	14	enet	0.17	1.7e-06	0.61791	0.537
Brain_Amygdala	/media/kame/Data/_workings/resource/GTEv8//GTExv8.EUR.Brain_Amygdala/ENSG00000158161.15.wgt.RDat	ENSG00000158161.15	1	28088695	28088696	0.3185	rs7523070	-4.3	rs12144891	0.11224	4.28	2.273546	253	43	enet	0.053	0.0066	1.00427	0.315
Brain_Amygdala	/media/kame/Data/_workings/resource/GTEv8//GTExv8.EUR.Brain_Amygdala/ENSG00000270605.1.wgt.RDat	ENSG00000270605.1	1	28241452	28241453	0.6198	rs7523070	-4.3	rs2938867	0.494013	-7.73	1.661412	252	27	enet	0.45	2.5e-17	-1.58171	0.114
Brain_Amygdala	/media/kame/Data/_workings/resource/GTEv8//GTExv8.EUR.Brain_Amygdala/ENSG00000204138.12.wgt.RDat	ENSG00000204138.12	1	28369581	28369582	0.4006	rs797397	-4.82	rs10794514	0.148076	-4.64	-0.162525	274	28	enet	0.049	0.0086	1.01291	0.311
Brain_Amygdala	/media/kame/Data/_workings/resource/GTEv8//GTExv8.EUR.Brain_Amygdala/ENSG00000116353.15.wgt.RDat	ENSG00000116353.15	1	29230941	29230942	0.2701	rs9426458	-4.94	rs10799128	0.020541	3.79	0.735649	434	17	enet	0.0079	0.17	-0.07966	0.937
Brain_Amygdala	/media/kame/Data/_workings/resource/GTEv8//GTExv8.EUR.Brain_Amygdala/ENSG00000084628.9.wgt.RDat	ENSG00000084628.9	1	31239553	31239554	0.5525	rs2050256	12.51	rs7549197	0.509855	-8.27	-2.879481	423	12	enet	0.55	4.2e-22	2.9799	0.00288
Brain_Amygdala	/media/kame/Data/_workings/resource/GTEv8//GTExv8.EUR.Brain_Amygdala/ENSG00000121764.11.wgt.RDat	ENSG00000121764.11	1	31617685	31617686	0.1356	rs2050256	12.51	rs4949213	0.032319	-3.69	-0.056675	351	34	enet	-8.4e-05	0.32	0.2705	0.787
Brain_Amygdala	/media/kame/Data/_workings/resource/GTEv8//GTExv8.EUR.Brain_Amygdala/ENSG00000235790.7.wgt.RDat	ENSG00000235790.7	1	31644048	31644049	0.4587	rs2050256	12.51	rs6657383	0.183077	-5.7	0.27557	349	23	enet	0.18	9e-07	-0.0506	0.96
Brain_Amygdala	/media/kame/Data/_workings/resource/GTEv8//GTExv8.EUR.Brain_Amygdala/ENSG00000084636.17.wgt.RDat	ENSG00000084636.17	1	31704318	31704319	0.5487	rs2050256	12.51	rs6657383	0.354283	-6.57	0.27557	349	25	enet	0.27	1.1e-09	0.53724	0.591
Brain_Amygdala	/media/kame/Data/_workings/resource/GTEv8//GTExv8.EUR.Brain_Amygdala/ENSG00000162522.10.wgt.RDat	ENSG00000162522.10	1	32741884	32741885	0.1622	rs4634870	4.24	rs1534893	-0.007922	-3.02	0.329912	237	17	enet	-0.0078	0.77	0.39684	0.691
Brain_Amygdala	/media/kame/Data/_workings/resource/GTEv8//GTExv8.EUR.Brain_Amygdala/ENSG00000233621.1.wgt.RDat	ENSG00000233621.1	1	37474410	37474411	0.5126	rs573744	9.24	rs2492301	0.281748	-6.05	0.172145	433	41	enet	0.27	1e-09	-1.01352	0.311
Brain_Amygdala	/media/kame/Data/_workings/resource/GTEv8//GTExv8.EUR.Brain_Amygdala/ENSG00000182109.7.wgt.RDat	ENSG00000182109.7	1	39546186	39546187	0.2161	rs12730176	-6.61	rs3931300	0.017906	4.15	1.143514	373	47	enet	0.072	0.0018	0.53931	0.59
Brain_Amygdala	/media/kame/Data/_workings/resource/GTEv8//GTExv8.EUR.Brain_Amygdala/ENSG00000084072.16.wgt.RDat	ENSG00000084072.16	1	39692181	39692182	0.6754	rs12730176	-6.61	rs12074147	0.513131	7.85	1.136932	380	19	enet	0.54	1.7e-21	0.00511	0.996
Brain_Amygdala	/media/kame/Data/_workings/resource/GTEv8//GTExv8.EUR.Brain_Amygdala/ENSG00000261798.1.wgt.RDat	ENSG00000261798.1	1	39788975	39788976	0.2521	rs12730176	-6.61	rs4600036	-0.00853	3.4	-0.008791	377	14	enet	-0.0071	0.68	-0.77676	0.437
Brain_Amygdala	/media/kame/Data/_workings/resource/GTEv8//GTExv8.EUR.Brain_Amygdala/ENSG00000131238.16.wgt.RDat	ENSG00000131238.16	1	40097702	40097703	0.2036	rs12730176	-6.61	rs3131650	0.041923	4.04	-0.999119	415	29	enet	0.058	0.0047	-2.63958	0.0083
Brain_Amygdala	/media/kame/Data/_workings/resource/GTEv8//GTExv8.EUR.Brain_Amygdala/ENSG00000187815.9.wgt.RDat	ENSG00000187815.9	1	40477214	40477215	0.2767	rs12730176	-6.61	rs6600338	0.115834	-4.09	-0.33555	429	12	enet	0.06	0.0041	0.22211	0.824
Brain_Amygdala	/media/kame/Data/_workings/resource/GTEv8//GTExv8.EUR.Brain_Amygdala/ENSG00000238287.1.wgt.RDat	ENSG00000238287.1	1	40508660	40508661	0.2938	rs12730176	-6.61	rs6600338	0.082814	-4.12	-0.33555	435	8	enet	-3.5e-05	0.32	0.12725	0.899
Brain_Amygdala	/media/kame/Data/_workings/resource/GTEv8//GTExv8.EUR.Brain_Amygdala/ENSG00000164002.11.wgt.RDat	ENSG00000164002.11	1	40508740	40508741	0.272	rs12730176	-6.61	rs4660435	0.033827	3.9	-2.24884	435	1	enet	-0.0081	0.83	-2.24884	0.0245
Brain_Amygdala	/media/kame/Data/_workings/resource/GTEv8//GTExv8.EUR.Brain_Amygdala/ENSG00000272145.1.wgt.RDat	ENSG00000272145.1	1	40692006	40692007	0.1839	rs11209075	-4.75	rs4660456	0.135884	4.46	0.650267	423	18	enet	0.062	0.0036	0.53521	0.593
Brain_Amygdala	/media/kame/Data/_workings/resource/GTEv8//GTExv8.EUR.Brain_Amygdala/ENSG00000066185.12.wgt.RDat	ENSG00000066185.12	1	42456115	42456116	0.196	rs841860	7.44	rs10493108	0.113141	-4.12	-2.463772	343	26	enet	0.038	0.019	2.53805	0.0111
Brain_Amygdala	/media/kame/Data/_workings/resource/GTEv8//GTExv8.EUR.Brain_Amygdala/ENSG00000164008.14.wgt.RDat	ENSG00000164008.14	1	42767268	42767269	0.4081	rs841860	7.61	rs11210712	0.183247	-5.93	0.687418	415	18	enet	0.21	6.9e-08	-1.81814	0.069
Brain_Amygdala	/media/kame/Data/_workings/resource/GTEv8//GTExv8.EUR.Brain_Amygdala/ENSG00000228452.1.wgt.RDat	ENSG00000228452.1	1	42776789	42776790	0.2375	rs841860	7.64	rs11210712	0.041478	4.74	0.687418	416	13	enet	0.1	0.00023	0.93795	0.348
Brain_Amygdala	/media/kame/Data/_workings/resource/GTEv8//GTExv8.EUR.Brain_Amygdala/ENSG00000177868.11.wgt.RDat	ENSG00000177868.11	1	42816803	42816804	0.294	rs841860	8.04	rs323719	0.342608	6.64	0.762152	430	16	enet	0.34	1.9e-12	0.74122	0.459
Brain_Amygdala	/media/kame/Data/_workings/resource/GTEv8//GTExv8.EUR.Brain_Amygdala/ENSG00000164010.13.wgt.RDat	ENSG00000164010.13	1	42817123	42817124	0.3898	rs841860	8.04	rs12406279	0.281948	-5.9	0.342359	430	6	enet	0.24	6.3e-09	-0.40025	0.689
Brain_Amygdala	/media/kame/Data/_workings/resource/GTEv8//GTExv8.EUR.Brain_Amygdala/ENSG00000227533.5.wgt.RDat	ENSG00000227533.5	1	42959294	42959295	0.2968	rs841860	6.88	rs841839	0.258566	5.64	-0.956735	433	19	enet	0.19	3.3e-07	-0.59434	0.552
Brain_Amygdala	/media/kame/Data/_workings/resource/GTEv8//GTExv8.EUR.Brain_Amygdala/ENSG00000117407.16.wgt.RDat	ENSG00000117407.16	1	43933319	43933320	0.1681	rs11590627	-10.18	rs9326136	0.092779	3.98	-2.070748	412	10	enet	-0.0059	0.58	-1.9181	0.0551
Brain_Amygdala	/media/kame/Data/_workings/resource/GTEv8//GTExv8.EUR.Brain_Amygdala/ENSG00000070785.16.wgt.RDat	ENSG00000070785.16	1	44986721	44986722	0.1479	rs12137389	-3.35	rs263989	0.016884	3.9	0.006057	309	13	enet	0.0032	0.24	0.18493	0.853
Brain_Amygdala	/media/kame/Data/_workings/resource/GTEv8//GTExv8.EUR.Brain_Amygdala/ENSG00000132781.17.wgt.RDat	ENSG00000132781.17	1	45338655	45338656	0.1801	rs518216	6.26	rs10789463	0.122095	-4.22	-1.633211	284	13	enet	0.021	0.062	1.42772	0.153
Brain_Amygdala	/media/kame/Data/_workings/resource/GTEv8//GTExv8.EUR.Brain_Amygdala/ENSG00000280670.2.wgt.RDat	ENSG00000280670.2	1	45500051	45500052	0.4909	rs518216	6.26	rs4660862	0.23494	5.79	0.22885	282	15	enet	0.23	1.5e-08	-1.11648	0.264
Brain_Amygdala	/media/kame/Data/_workings/resource/GTEv8//GTExv8.EUR.Brain_Amygdala/ENSG00000117450.13.wgt.RDat	ENSG00000117450.13	1	45523046	45523047	0.1427	rs518216	6.26	rs2088102	0.081293	3.56	-0.664304	283	27	enet	0.019	0.073	-0.81063	0.418
Brain_Amygdala	/media/kame/Data/_workings/resource/GTEv8//GTExv8.EUR.Brain_Amygdala/ENSG00000232022.7.wgt.RDat	ENSG00000232022.7	1	46432128	46432129	0.3354	rs324423	-5.42	rs2145408	0.216903	5.93	-2.232633	332	65	enet	0.19	4.7e-07	-1.94936	0.0513
Brain_Amygdala	/media/kame/Data/_workings/resource/GTEv8//GTExv8.EUR.Brain_Amygdala/ENSG00000117834.12.wgt.RDat	ENSG00000117834.12	1	48222684	48222685	0.2282	rs12403496	4.94	rs212964	0.001339	-3.4	0.663993	481	21	enet	0.02	0.069	0.64302	0.52
Brain_Amygdala	/media/kame/Data/_workings/resource/GTEv8//GTExv8.EUR.Brain_Amygdala/ENSG00000272491.1.wgt.RDat	ENSG00000272491.1	1	48229560	48229561	0.3918	rs12403496	4.94	rs1740107	0.080125	-4.63	0.578106	480	21	enet	0.022	0.059	-0.39722	0.691
Brain_Amygdala	/media/kame/Data/_workings/resource/GTEv8//GTExv8.EUR.Brain_Amygdala/ENSG00000279214.1.wgt.RDat	ENSG00000279214.1	1	48263178	48263179	0.2173	rs11578117	-6.97	rs1722710	0.043211	-4.34	-0.05274	480	32	enet	0.0084	0.16	-0.37309	0.709
Brain_Amygdala	/media/kame/Data/_workings/resource/GTEv8//GTExv8.EUR.Brain_Amygdala/ENSG00000227742.1.wgt.RDat	ENSG00000227742.1	1	51594896	51594897	0.2445	rs2783192	-3.66	rs7534689	0.224459	-5.52	0.728792	204	9	enet	0.13	2.4e-05	-1.00444	0.315
Brain_Amygdala	/media/kame/Data/_workings/resource/GTEv8//GTExv8.EUR.Brain_Amygdala/ENSG00000134744.13.wgt.RDat	ENSG00000134744.13	1	52553486	52553487	0.2419	rs2783192	-3.66	rs1047619	0.171265	5.49	-0.130191	253	39	enet	0.11	0.00012	-1.19339	0.233
Brain_Amygdala	/media/kame/Data/_workings/resource/GTEv8//GTExv8.EUR.Brain_Amygdala/ENSG00000162377.5.wgt.RDat	ENSG00000162377.5	1	52698365	52698366	0.2068	rs3125253	-3.98	rs269308	0.096058	-4.4	0.901881	347	19	enet	0.064	0.0032	0.1894	0.85
Brain_Amygdala	/media/kame/Data/_workings/resource/GTEv8//GTExv8.EUR.Brain_Amygdala/ENSG00000162378.12.wgt.RDat	ENSG00000162378.12	1	52726466	52726467	0.1855	rs3766759	-4.17	rs487646	0.093345	4.5	0.089254	360	14	enet	0.034	0.026	1.3692	0.171
Brain_Amygdala	/media/kame/Data/_workings/resource/GTEv8//GTExv8.EUR.Brain_Amygdala/ENSG00000162383.11.wgt.RDat	ENSG00000162383.11	1	53142631	53142632	0.805	rs2788032	4.8	rs11206109	0.469858	7.48	0.05101	479	31	enet	0.49	3.9e-19	0.06769	0.946
Brain_Amygdala	/media/kame/Data/_workings/resource/GTEv8//GTExv8.EUR.Brain_Amygdala/ENSG00000162384.13.wgt.RDat	ENSG00000162384.13	1	53220616	53220617	0.3026	rs2788032	4.8	rs10788949	0.139989	-4.86	-1.332659	480	27	enet	0.13	3.3e-05	-1.24096	0.215
Brain_Amygdala	/media/kame/Data/_workings/resource/GTEv8//GTExv8.EUR.Brain_Amygdala/ENSG00000243725.6.wgt.RDat	ENSG00000243725.6	1	54715821	54715822	0.3663	rs1105690	-5.07	rs300280	-0.008411	-3.37	-0.015196	525	24	enet	-0.0019	0.38	0.62095	0.535
Brain_Amygdala	/media/kame/Data/_workings/resource/GTEv8//GTExv8.EUR.Brain_Amygdala/ENSG00000187889.12.wgt.RDat	ENSG00000187889.12	1	56819695	56819696	0.3569	rs599857	-5.87	rs11206795	0.009381	-3.6	-0.026416	649	57	enet	0.035	0.024	-0.12156	0.903
Brain_Amygdala	/media/kame/Data/_workings/resource/GTEv8//GTExv8.EUR.Brain_Amygdala/ENSG00000162600.11.wgt.RDat	ENSG00000162600.11	1	58546801	58546802	0.4125	rs11207177	-5.97	rs3087585	0.061008	4.63	0.254051	548	36	enet	0.063	0.0034	-1.35346	0.176
Brain_Amygdala	/media/kame/Data/_workings/resource/GTEv8//GTExv8.EUR.Brain_Amygdala/ENSG00000234807.5.wgt.RDat	ENSG00000234807.5	1	58785159	58785160	0.294	rs11207327	-4.17	rs11207325	0.10013	-4.14	-1.064316	551	64	enet	0.022	0.057	0.12978	0.897
Brain_Amygdala	/media/kame/Data/_workings/resource/GTEv8//GTExv8.EUR.Brain_Amygdala/ENSG00000088035.15.wgt.RDat	ENSG00000088035.15	1	63367589	63367590	0.3208	rs12024843	-3.87	rs2367275	0.127757	4.28	0.048703	540	8	enet	0.05	0.0081	0.0646	0.948
Brain_Amygdala	/media/kame/Data/_workings/resource/GTEv8//GTExv8.EUR.Brain_Amygdala/ENSG00000142856.16.wgt.RDat	ENSG00000142856.16	1	63529185	63529186	0.7719	rs12024843	-3.87	rs10789138	0.545911	8.08	-0.889466	488	21	enet	0.51	3.2e-20	-0.6967	0.486
Brain_Amygdala	/media/kame/Data/_workings/resource/GTEv8//GTExv8.EUR.Brain_Amygdala/ENSG00000177414.13.wgt.RDat	ENSG00000177414.13	1	64203626	64203627	0.436	rs305574	3.81	rs1496012	0.300555	6.38	-0.770526	496	42	enet	0.29	1.4e-10	-0.16687	0.867
Brain_Amygdala	/media/kame/Data/_workings/resource/GTEv8//GTExv8.EUR.Brain_Amygdala/ENSG00000162437.14.wgt.RDat	ENSG00000162437.14	1	64745094	64745095	0.3748	rs635154	3.94	rs4916031	0.019019	3.67	0.03698	452	37	enet	0.014	0.1	-0.29614	0.767
Brain_Amygdala	/media/kame/Data/_workings/resource/GTEv8//GTExv8.EUR.Brain_Amygdala/ENSG00000213625.8.wgt.RDat	ENSG00000213625.8	1	65420586	65420587	0.3603	rs17397283	-5.67	rs10889546	0.169816	5.45	0.204568	443	43	enet	0.076	0.0014	-0.28531	0.775
Brain_Amygdala	/media/kame/Data/_workings/resource/GTEv8//GTExv8.EUR.Brain_Amygdala/ENSG00000197568.13.wgt.RDat	ENSG00000197568.13	1	70354804	70354805	0.689	rs2782762	-6.02	rs7536099	0.113356	-4.76	0.368956	413	46	enet	0.27	8.1e-10	-0.03294	0.974
Brain_Amygdala	/media/kame/Data/_workings/resource/GTEv8//GTExv8.EUR.Brain_Amygdala/ENSG00000162620.15.wgt.RDat	ENSG00000162620.15	1	74198186	74198187	0.3822	rs1353674	7.48	rs11806946	0.275707	-6.09	0.046394	353	28	enet	0.25	5.8e-09	0.46064	0.645
Brain_Amygdala	/media/kame/Data/_workings/resource/GTEv8//GTExv8.EUR.Brain_Amygdala/ENSG00000116783.14.wgt.RDat	ENSG00000116783.14	1	74235400	74235401	0.4192	rs1353674	7.09	rs518769	0.358484	-6.6	0.574477	353	19	enet	0.28	2.8e-10	-0.57603	0.565
Brain_Amygdala	/media/kame/Data/_workings/resource/GTEv8//GTExv8.EUR.Brain_Amygdala/ENSG00000272864.1.wgt.RDat	ENSG00000272864.1	1	74699332	74699333	0.3425	rs1011542	6.05	rs6662846	0.315375	-6.42	-1.905308	371	19	enet	0.22	6e-08	1.23115	0.218
Brain_Amygdala	/media/kame/Data/_workings/resource/GTEv8//GTExv8.EUR.Brain_Amygdala/ENSG00000116791.13.wgt.RDat	ENSG00000116791.13	1	74733150	74733151	0.8112	rs975152	7.18	rs17552114	0.131026	-4.92	-1.189068	376	103	enet	0.25	4.7e-09	-2.21838	0.0265
Brain_Amygdala	/media/kame/Data/_workings/resource/GTEv8//GTExv8.EUR.Brain_Amygdala/ENSG00000057468.6.wgt.RDat	ENSG00000057468.6	1	75796881	75796882	0.3615	rs1414403	7.52	rs1146635	0.218794	-5.21	-1.135011	458	37	enet	0.098	3e-04	2.43596	0.0149
Brain_Amygdala	/media/kame/Data/_workings/resource/GTEv8//GTExv8.EUR.Brain_Amygdala/ENSG00000153898.12.wgt.RDat	ENSG00000153898.12	1	84997112	84997113	0.5426	rs12031476	-5.46	rs7522851	0.321715	-6.56	0.061916	580	22	enet	0.26	2.5e-09	0.2711	0.786
Brain_Amygdala	/media/kame/Data/_workings/resource/GTEv8//GTExv8.EUR.Brain_Amygdala/ENSG00000055732.12.wgt.RDat	ENSG00000055732.12	1	85048498	85048499	0.214	rs12031476	-5.46	rs12730329	0.215109	-5.38	0.529361	573	7	enet	0.2	1.9e-07	0.26266	0.793
Brain_Amygdala	/media/kame/Data/_workings/resource/GTEv8//GTExv8.EUR.Brain_Amygdala/ENSG00000122417.15.wgt.RDat	ENSG00000122417.15	1	86396341	86396342	0.4086	rs6686918	5.97	rs7515651	0.238537	-5.6	0.067406	443	16	enet	0.2	2e-07	-0.20284	0.839
Brain_Amygdala	/media/kame/Data/_workings/resource/GTEv8//GTExv8.EUR.Brain_Amygdala/ENSG00000016602.9.wgt.RDat	ENSG00000016602.9	1	86547077	86547078	0.2314	rs6686918	5.97	rs6576811	0.034691	4.15	-0.11979	407	36	enet	0.1	0.00024	-1.17133	0.241
Brain_Amygdala	/media/kame/Data/_workings/resource/GTEv8//GTExv8.EUR.Brain_Amygdala/ENSG00000137944.17.wgt.RDat	ENSG00000137944.17	1	88988354	88988355	0.3949	rs12732279	-3.6	rs4655890	0.302395	-6.63	-1.449689	356	42	enet	0.33	4.7e-12	0.51002	0.61
Brain_Amygdala	/media/kame/Data/_workings/resource/GTEv8//GTExv8.EUR.Brain_Amygdala/ENSG00000117226.11.wgt.RDat	ENSG00000117226.11	1	89022893	89022894	0.6186	rs12732279	-3.6	rs17433780	0.425556	-7.67	-0.012787	342	11	enet	0.53	3.1e-21	0.14286	0.886
Brain_Amygdala	/media/kame/Data/_workings/resource/GTEv8//GTExv8.EUR.Brain_Amygdala/ENSG00000231613.1.wgt.RDat	ENSG00000231613.1	1	89788913	89788914	0.2879	rs4330906	5.9	rs475636	0.229413	-5.3	2.893717	372	6	enet	0.14	1.7e-05	-2.85378	0.00432
Brain_Amygdala	/media/kame/Data/_workings/resource/GTEv8//GTExv8.EUR.Brain_Amygdala/ENSG00000162669.15.wgt.RDat	ENSG00000162669.15	1	91404868	91404869	0.3946	rs6687904	7.5	rs876761	0.005711	4.2	0.439066	527	42	enet	0.052	0.0074	1.2366	0.216
Brain_Amygdala	/media/kame/Data/_workings/resource/GTEv8//GTExv8.EUR.Brain_Amygdala/ENSG00000097046.12.wgt.RDat	ENSG00000097046.12	1	91500892	91500893	0.436	rs6687904	7.5	rs12058802	0.161062	5.42	0.519347	540	44	enet	0.16	4.5e-06	1.17397	0.24
Brain_Amygdala	/media/kame/Data/_workings/resource/GTEv8//GTExv8.EUR.Brain_Amygdala/ENSG00000273487.1.wgt.RDat	ENSG00000273487.1	1	92189236	92189237	0.1839	rs6699855	4.19	rs560389	0.042314	-3.77	2.866907	373	36	enet	0.093	0.00045	-0.43415	0.664
Brain_Amygdala	/media/kame/Data/_workings/resource/GTEv8//GTExv8.EUR.Brain_Amygdala/ENSG00000122484.8.wgt.RDat	ENSG00000122484.8	1	92298987	92298988	0.1511	rs6699855	4.19	rs766665	0.034571	3.3	-0.227091	292	22	enet	-0.0084	0.89	0.97845	0.328
Brain_Amygdala	/media/kame/Data/_workings/resource/GTEv8//GTExv8.EUR.Brain_Amygdala/ENSG00000067208.14.wgt.RDat	ENSG00000067208.14	1	92792403	92792404	0.1928	rs1556562	3.74	rs2031494	0.037034	4.02	3.088262	265	33	enet	0.026	0.042	2.56267	0.0104
Brain_Amygdala	/media/kame/Data/_workings/resource/GTEv8//GTExv8.EUR.Brain_Amygdala/ENSG00000223745.7.wgt.RDat	ENSG00000223745.7	1	93345886	93345887	0.5588	rs10518536	-7.82	rs573056	0.404111	-7.28	0.932339	298	63	enet	0.39	2e-14	-0.27376	0.784
Brain_Amygdala	/media/kame/Data/_workings/resource/GTEv8//GTExv8.EUR.Brain_Amygdala/ENSG00000230439.2.wgt.RDat	ENSG00000230439.2	1	93775443	93775444	0.3249	rs10518536	-7.82	rs10782967	0.215609	5.23	0.075726	434	42	enet	0.19	5.1e-07	-0.46538	0.642
Brain_Amygdala	/media/kame/Data/_workings/resource/GTEv8//GTExv8.EUR.Brain_Amygdala/ENSG00000143036.16.wgt.RDat	ENSG00000143036.16	1	94820341	94820342	0.3047	rs6675668	6.18	rs17406291	0.136753	-4.54	-1.247053	521	16	enet	0.089	0.00057	-0.10183	0.919
Brain_Amygdala	/media/kame/Data/_workings/resource/GTEv8//GTExv8.EUR.Brain_Amygdala/ENSG00000235501.5.wgt.RDat	ENSG00000235501.5	1	94927565	94927566	0.2226	rs6675668	6.18	rs11589700	0.055882	-4.12	0.45408	543	17	enet	0.033	0.027	0.81	0.418
Brain_Amygdala	/media/kame/Data/_workings/resource/GTEv8//GTExv8.EUR.Brain_Amygdala/ENSG00000122481.16.wgt.RDat	ENSG00000122481.16	1	95234154	95234155	0.2854	rs12081011	6.29	rs10783001	0.092966	5.43	-0.076388	493	22	enet	0.19	4.6e-07	-1.53654	0.124
Brain_Amygdala	/media/kame/Data/_workings/resource/GTEv8//GTExv8.EUR.Brain_Amygdala/ENSG00000188641.12.wgt.RDat	ENSG00000188641.12	1	97921048	97921049	0.3914	rs12073650	7.15	rs11165996	-0.004842	3.63	0.01135	405	25	enet	0.012	0.12	0.83588	0.403
Brain_Amygdala	/media/kame/Data/_workings/resource/GTEv8//GTExv8.EUR.Brain_Amygdala/ENSG00000162688.16.wgt.RDat	ENSG00000162688.16	1	99850083	99850084	0.3319	rs17120530	-4.21	rs2307129	0.099298	-5.2	0.14703	449	33	enet	0.12	5.8e-05	-0.221	0.825
Brain_Amygdala	/media/kame/Data/_workings/resource/GTEv8//GTExv8.EUR.Brain_Amygdala/ENSG00000122477.12.wgt.RDat	ENSG00000122477.12	1	100178272	100178273	0.1726	rs10493931	-4.62	rs12146139	0.007758	3.99	0.413422	435	29	enet	-0.0012	0.35	1.84847	0.0645
Brain_Amygdala	/media/kame/Data/_workings/resource/GTEv8//GTExv8.EUR.Brain_Amygdala/ENSG00000085491.15.wgt.RDat	ENSG00000085491.15	1	108199924	108199925	0.3644	rs12130280	5.74	rs533233	0.283933	-5.97	-0.37848	368	25	enet	0.18	1.1e-06	0.13235	0.895
Brain_Amygdala	/media/kame/Data/_workings/resource/GTEv8//GTExv8.EUR.Brain_Amygdala/ENSG00000181754.6.wgt.RDat	ENSG00000181754.6	1	109509737	109509738	0.2424	rs3820667	6.23	rs12044778	0.098886	4.56	1.978126	419	10	enet	0.082	0.00093	-1.79613	0.0725
Brain_Amygdala	/media/kame/Data/_workings/resource/GTEv8//GTExv8.EUR.Brain_Amygdala/ENSG00000134201.10.wgt.RDat	ENSG00000134201.10	1	109712254	109712255	0.8295	rs3820667	6.23	rs3754446	0.419684	-7.07	0.048008	434	16	enet	0.4	1e-14	-0.97735	0.328
Brain_Amygdala	/media/kame/Data/_workings/resource/GTEv8//GTExv8.EUR.Brain_Amygdala/ENSG00000134202.10.wgt.RDat	ENSG00000134202.10	1	109741037	109741038	0.8165	rs3820667	6.23	rs11101992	0.299959	6.71	0.007983	439	30	enet	0.39	2.2e-14	-0.06022	0.952
Brain_Amygdala	/media/kame/Data/_workings/resource/GTEv8//GTExv8.EUR.Brain_Amygdala/ENSG00000134248.13.wgt.RDat	ENSG00000134248.13	1	110407523	110407524	0.3215	rs12138917	4.79	rs4839342	-0.002592	-3.37	1.548096	562	54	enet	0.0015	0.28	-1.07296	0.283
Brain_Amygdala	/media/kame/Data/_workings/resource/GTEv8//GTExv8.EUR.Brain_Amygdala/ENSG00000156171.14.wgt.RDat	ENSG00000156171.14	1	111140215	111140216	0.5791	rs17028134	-4.53	rs3818797	0.164568	5.54	1.276977	570	54	enet	0.22	3.8e-08	0.47416	0.635
Brain_Amygdala	/media/kame/Data/_workings/resource/GTEv8//GTExv8.EUR.Brain_Amygdala/ENSG00000116473.14.wgt.RDat	ENSG00000116473.14	1	111542217	111542218	0.8696	rs6699612	-6.16	rs2820082	0.016895	-3.83	0.6601	664	73	enet	0.13	3.1e-05	0.96984	0.332
Brain_Amygdala	/media/kame/Data/_workings/resource/GTEv8//GTExv8.EUR.Brain_Amygdala/ENSG00000116489.12.wgt.RDat	ENSG00000116489.12	1	112619796	112619797	0.1649	rs974442	-6.98	rs351370	-0.000618	4.07	1.354358	330	13	enet	0.012	0.12	-1.22722	0.22
Brain_Amygdala	/media/kame/Data/_workings/resource/GTEv8//GTExv8.EUR.Brain_Amygdala/ENSG00000007341.18.wgt.RDat	ENSG00000007341.18	1	112620824	112620825	0.1574	rs974442	-6.98	rs4838959	0.1139	-4.12	-1.452719	330	31	enet	0.091	0.00049	2.88564	0.00391
Brain_Amygdala	/media/kame/Data/_workings/resource/GTEv8//GTExv8.EUR.Brain_Amygdala/ENSG00000052723.11.wgt.RDat	ENSG00000052723.11	1	114780684	114780685	0.2038	rs12741053	6.43	rs6689415	0.06545	4.06	0.02489	422	44	enet	0.02	0.068	0.79075	0.429
Brain_Amygdala	/media/kame/Data/_workings/resource/GTEv8//GTExv8.EUR.Brain_Amygdala/ENSG00000163393.12.wgt.RDat	ENSG00000163393.12	1	115976497	115976498	0.2555	rs1498115	-4.09	rs815108	0.109803	4.26	-0.66753	470	33	enet	0.075	0.0015	0.22398	0.823
Brain_Amygdala	/media/kame/Data/_workings/resource/GTEv8//GTExv8.EUR.Brain_Amygdala/ENSG00000134253.9.wgt.RDat	ENSG00000134253.9	1	117122586	117122587	0.2761	rs10801925	-7.76	rs1289663	0.015158	4.07	-2.440449	447	26	enet	0.1	0.00025	0.20274	0.839
Brain_Amygdala	/media/kame/Data/_workings/resource/GTEv8//GTExv8.EUR.Brain_Amygdala/ENSG00000279513.1.wgt.RDat	ENSG00000279513.1	1	117493514	117493515	0.2236	rs10801925	-7.76	rs946520	0.051665	-3.76	0.315233	426	25	enet	0.0067	0.18	0.11264	0.91
Brain_Amygdala	/media/kame/Data/_workings/resource/GTEv8//GTExv8.EUR.Brain_Amygdala/ENSG00000065183.15.wgt.RDat	ENSG00000065183.15	1	117929719	117929720	0.2049	rs2208375	-3.65	rs17037506	0.097204	3.97	0.411841	379	31	enet	0.07	0.0021	0.81608	0.414
Brain_Amygdala	/media/kame/Data/_workings/resource/GTEv8//GTExv8.EUR.Brain_Amygdala/ENSG00000116874.11.wgt.RDat	ENSG00000116874.11	1	119140394	119140395	0.6314	rs10923859	2.43	rs2645303	0.331232	-6.63	-0.040206	416	24	enet	0.25	3.5e-09	0.07831	0.938
Brain_Amygdala	/media/kame/Data/_workings/resource/GTEv8//GTExv8.EUR.Brain_Amygdala/ENSG00000231365.5.wgt.RDat	ENSG00000231365.5	1	119140458	119140459	0.2817	rs10923859	2.43	rs10923754	0.218637	-5.24	-0.04811	416	34	enet	0.14	2.1e-05	0.27574	0.783
Brain_Amygdala	/media/kame/Data/_workings/resource/GTEv8//GTExv8.EUR.Brain_Amygdala/ENSG00000203859.9.wgt.RDat	ENSG00000203859.9	1	119414930	119414931	0.4411	rs2994809	3.76	rs347905	-0.001575	3.42	1.273297	445	42	enet	0.15	6.3e-06	0.45589	0.648
Brain_Amygdala	/media/kame/Data/_workings/resource/GTEv8//GTExv8.EUR.Brain_Amygdala/ENSG00000233396.7.wgt.RDat	ENSG00000233396.7	1	146052565	146052566	0.5036	rs3766526	4.11	rs6424377	0.288065	-5.97	1.452479	107	16	enet	0.31	4.4e-11	-0.8555	0.392
Brain_Amygdala	/media/kame/Data/_workings/resource/GTEv8//GTExv8.EUR.Brain_Amygdala/ENSG00000271425.7.wgt.RDat	ENSG00000271425.7	1	146144803	146144804	0.4691	rs3766526	4.11	rs16827043	0.223028	5.26	-0.036408	107	24	enet	0.19	3.2e-07	-0.56119	0.575
Brain_Amygdala	/media/kame/Data/_workings/resource/GTEv8//GTExv8.EUR.Brain_Amygdala/ENSG00000237188.3.wgt.RDat	ENSG00000237188.3	1	147172770	147172771	0.2159	rs6593757	2.84	rs6703187	0.037459	4.11	0.080725	366	7	enet	0.0087	0.16	0.13675	0.891
Brain_Amygdala	/media/kame/Data/_workings/resource/GTEv8//GTExv8.EUR.Brain_Amygdala/ENSG00000180867.10.wgt.RDat	ENSG00000180867.10	1	147178112	147178113	0.1193	rs6593757	2.84	rs6703187	0.041425	4	0.080725	370	8	enet	0.0066	0.18	0.65585	0.512
Brain_Amygdala	/media/kame/Data/_workings/resource/GTEv8//GTExv8.EUR.Brain_Amygdala/ENSG00000162836.11.wgt.RDat	ENSG00000162836.11	1	147670495	147670496	0.7526	rs4950495	-2.98	rs12119079	0.504104	-7.89	-1.459312	401	15	enet	0.51	4.1e-20	0.75983	0.447
Brain_Amygdala	/media/kame/Data/_workings/resource/GTEv8//GTExv8.EUR.Brain_Amygdala/ENSG00000263956.6.wgt.RDat	ENSG00000263956.6	1	148152321	148152322	0.2052	rs4950495	-2.98	rs3009468	0.013524	-3.73	0.149866	164	18	enet	0.035	0.023	-0.16079	0.872
Brain_Amygdala	/media/kame/Data/_workings/resource/GTEv8//GTExv8.EUR.Brain_Amygdala/ENSG00000224481.1.wgt.RDat	ENSG00000224481.1	1	148328998	148328999	0.2868	rs2352834	-3.03	rs12044053	0.047757	3.49	0.013901	72	46	enet	0.17	1.9e-06	-0.50739	0.612
Brain_Amygdala	/media/kame/Data/_workings/resource/GTEv8//GTExv8.EUR.Brain_Amygdala/ENSG00000143437.20.wgt.RDat	ENSG00000143437.20	1	150876767	150876768	0.2627	rs6676190	-5.99	rs3754211	0.169427	4.85	0.330277	303	9	enet	0.12	5.6e-05	0.59211	0.554
Brain_Amygdala	/media/kame/Data/_workings/resource/GTEv8//GTExv8.EUR.Brain_Amygdala/ENSG00000143458.11.wgt.RDat	ENSG00000143458.11	1	151070577	151070578	0.3602	rs6676190	-5.99	rs267734	-0.004518	3.8	0.362779	318	13	enet	-0.0066	0.64	1.03354	0.301
Brain_Amygdala	/media/kame/Data/_workings/resource/GTEv8//GTExv8.EUR.Brain_Amygdala/ENSG00000178796.12.wgt.RDat	ENSG00000178796.12	1	151710432	151710433	0.5365	rs3007680	-3.99	rs2298294	0.10346	-4.67	-0.106637	329	80	enet	0.19	3.7e-07	1.55319	0.12
Brain_Amygdala	/media/kame/Data/_workings/resource/GTEv8//GTExv8.EUR.Brain_Amygdala/ENSG00000203288.3.wgt.RDat	ENSG00000203288.3	1	151790803	151790804	0.2549	rs3007680	-3.99	rs3811414	0.050881	-4.21	-1.895881	336	27	enet	0.11	0.00015	0.30728	0.759
Brain_Amygdala	/media/kame/Data/_workings/resource/GTEv8//GTExv8.EUR.Brain_Amygdala/ENSG00000159445.12.wgt.RDat	ENSG00000159445.12	1	151909807	151909808	0.3308	rs3007680	-3.99	rs6685187	0.100332	-4.64	0.110792	332	57	enet	0.12	5.4e-05	1.09336	0.274
Brain_Amygdala	/media/kame/Data/_workings/resource/GTEv8//GTExv8.EUR.Brain_Amygdala/ENSG00000237975.6.wgt.RDat	ENSG00000237975.6	1	152168124	152168125	0.5948	rs3007680	-3.99	rs4845425	0.213536	5.89	-0.473805	373	21	enet	0.36	3.5e-13	-0.31239	0.755
Brain_Amygdala	/media/kame/Data/_workings/resource/GTEv8//GTExv8.EUR.Brain_Amygdala/ENSG00000189171.14.wgt.RDat	ENSG00000189171.14	1	153631359	153631360	0.5131	rs11264824	-4.3	rs3806233	0.268663	6.14	0.116704	404	13	enet	0.29	1.2e-10	0.01476	0.988
Brain_Amygdala	/media/kame/Data/_workings/resource/GTEv8//GTExv8.EUR.Brain_Amygdala/ENSG00000232093.1.wgt.RDat	ENSG00000232093.1	1	155046117	155046118	0.3387	rs4845681	13.15	rs705094	0.032396	-3.72	7.410643	378	23	enet	0.012	0.12	-4.56482	5e-06
Brain_Amygdala	/media/kame/Data/_workings/resource/GTEv8//GTExv8.EUR.Brain_Amygdala/ENSG00000169231.13.wgt.RDat	ENSG00000169231.13	1	155207980	155207981	0.5039	rs4845681	13.15	rs2066981	0.009654	-3.84	-1.6519	335	35	enet	0.075	0.0015	0.451	0.652
Brain_Amygdala	/media/kame/Data/_workings/resource/GTEv8//GTExv8.EUR.Brain_Amygdala/ENSG00000235919.4.wgt.RDat	ENSG00000235919.4	1	155562041	155562042	0.3191	rs4971066	4.92	rs10908454	-0.004653	3.66	-0.074421	224	28	enet	0.037	0.02	2.46711	0.0136
Brain_Amygdala	/media/kame/Data/_workings/resource/GTEv8//GTExv8.EUR.Brain_Amygdala/ENSG00000163382.11.wgt.RDat	ENSG00000163382.11	1	156591761	156591762	0.4376	rs2758609	-4.91	rs12023410	0.357589	-6.66	0.489736	436	34	enet	0.29	1.4e-10	-0.11324	0.91
Brain_Amygdala	/media/kame/Data/_workings/resource/GTEv8//GTExv8.EUR.Brain_Amygdala/ENSG00000272668.1.wgt.RDat	ENSG00000272668.1	1	159866953	159866954	0.5867	rs4656879	4.77	rs4133290	0.340948	6.45	0.287576	508	23	enet	0.33	3.3e-12	-0.12882	0.897
Brain_Amygdala	/media/kame/Data/_workings/resource/GTEv8//GTExv8.EUR.Brain_Amygdala/ENSG00000122218.14.wgt.RDat	ENSG00000122218.14	1	160343270	160343271	0.3056	rs4656879	4.77	rs6670084	0.191345	-5.53	2.346507	494	14	enet	0.1	2e-04	-1.85565	0.0635
Brain_Amygdala	/media/kame/Data/_workings/resource/GTEv8//GTExv8.EUR.Brain_Amygdala/ENSG00000122223.12.wgt.RDat	ENSG00000122223.12	1	160862854	160862855	0.2097	rs2307420	-4.94	rs512645	0.006318	3.84	1.399829	456	14	enet	0.077	0.0013	0.00589	0.995
Brain_Amygdala	/media/kame/Data/_workings/resource/GTEv8//GTExv8.EUR.Brain_Amygdala/ENSG00000283317.1.wgt.RDat	ENSG00000283317.1	1	161440995	161440996	0.3803	rs7519821	5.2	rs4656298	0.019406	-3.78	0.606273	405	57	enet	0.11	0.00011	-0.37031	0.711
Brain_Amygdala	/media/kame/Data/_workings/resource/GTEv8//GTExv8.EUR.Brain_Amygdala/ENSG00000225171.2.wgt.RDat	ENSG00000225171.2	1	166868747	166868748	0.2174	rs12409833	8.49	rs6718	0.048914	4.49	-0.063503	578	23	enet	0.12	9.1e-05	0.58581	0.558
Brain_Amygdala	/media/kame/Data/_workings/resource/GTEv8//GTExv8.EUR.Brain_Amygdala/ENSG00000143194.12.wgt.RDat	ENSG00000143194.12	1	166975581	166975582	0.4429	rs12409833	8.49	rs402031	0.21721	5.55	0.547491	587	11	enet	0.25	4.7e-09	0.15871	0.874
Brain_Amygdala	/media/kame/Data/_workings/resource/GTEv8//GTExv8.EUR.Brain_Amygdala/ENSG00000143156.13.wgt.RDat	ENSG00000143156.13	1	169367966	169367967	0.3214	rs2038024	4.2	rs10919132	0.037718	-4.82	-1.168625	586	19	enet	0.077	0.0013	-0.33279	0.739
Brain_Amygdala	/media/kame/Data/_workings/resource/GTEv8//GTExv8.EUR.Brain_Amygdala/ENSG00000171806.11.wgt.RDat	ENSG00000171806.11	1	169794965	169794966	0.209	rs1360294	-4.99	rs12135361	0.146774	-4.86	0.000156	550	65	enet	0.072	0.0019	0.1364	0.892
Brain_Amygdala	/media/kame/Data/_workings/resource/GTEv8//GTExv8.EUR.Brain_Amygdala/ENSG00000000457.13.wgt.RDat	ENSG00000000457.13	1	169894266	169894267	0.2224	rs1360294	-4.99	rs2205848	0.035054	4.28	0.148392	550	56	enet	0.072	0.0019	-0.20985	0.834
Brain_Amygdala	/media/kame/Data/_workings/resource/GTEv8//GTExv8.EUR.Brain_Amygdala/ENSG00000094963.13.wgt.RDat	ENSG00000094963.13	1	171185207	171185208	0.1679	rs235864	-3.91	rs7545923	0.002778	-3.41	-0.87915	538	20	enet	-0.0063	0.61	0.62445	0.532
Brain_Amygdala	/media/kame/Data/_workings/resource/GTEv8//GTExv8.EUR.Brain_Amygdala/ENSG00000010165.19.wgt.RDat	ENSG00000010165.19	1	171781663	171781664	0.2225	rs6687624	-6.32	rs12032340	0.033526	-3.6	1.120612	472	56	enet	-0.0014	0.36	-0.77818	0.436
Brain_Amygdala	/media/kame/Data/_workings/resource/GTEv8//GTExv8.EUR.Brain_Amygdala/ENSG00000135845.9.wgt.RDat	ENSG00000135845.9	1	172444085	172444086	0.2339	rs16844620	-7.23	rs10752946	0.05542	4.55	-0.091319	392	28	enet	0.16	3.2e-06	-0.33784	0.735
Brain_Amygdala	/media/kame/Data/_workings/resource/GTEv8//GTExv8.EUR.Brain_Amygdala/ENSG00000117593.9.wgt.RDat	ENSG00000117593.9	1	173824502	173824503	0.3192	rs12354141	12.19	rs3791020	0.114104	-4.21	0.192321	275	20	enet	0.072	0.0018	-0.73885	0.46
Brain_Amygdala	/media/kame/Data/_workings/resource/GTEv8//GTExv8.EUR.Brain_Amygdala/ENSG00000227373.5.wgt.RDat	ENSG00000227373.5	1	174160003	174160004	0.0853	rs7536102	12.55	rs12072050	0.030779	3.21	7.616889	274	52	enet	-0.0076	0.74	8.54318	1.31e-17
Brain_Amygdala	/media/kame/Data/_workings/resource/GTEv8//GTExv8.EUR.Brain_Amygdala/ENSG00000203737.3.wgt.RDat	ENSG00000203737.3	1	174448110	174448111	0.094	rs7536102	12.55	rs3118990	0.079909	-3.62	6.442483	309	5	enet	0.021	0.061	-6.56829	5.09e-11
Brain_Amygdala	/media/kame/Data/_workings/resource/GTEv8//GTExv8.EUR.Brain_Amygdala/ENSG00000116199.11.wgt.RDat	ENSG00000116199.11	1	179025803	179025804	0.1965	rs12143603	-4.44	rs10798649	0.112668	-4.73	0.081275	456	12	enet	0.13	3.4e-05	-0.38887	0.697
Brain_Amygdala	/media/kame/Data/_workings/resource/GTEv8//GTExv8.EUR.Brain_Amygdala/ENSG00000143322.19.wgt.RDat	ENSG00000143322.19	1	179229683	179229684	0.3924	rs12143603	-4.44	rs2816177	0.04221	4.6	-0.014923	443	61	enet	0.06	0.0041	0.08193	0.935
Brain_Amygdala	/media/kame/Data/_workings/resource/GTEv8//GTExv8.EUR.Brain_Amygdala/ENSG00000162782.15.wgt.RDat	ENSG00000162782.15	1	179591612	179591613	0.3488	rs6657364	3.72	rs913514	0.275633	5.84	0.404577	474	20	enet	0.26	1.6e-09	0.14647	0.884
Brain_Amygdala	/media/kame/Data/_workings/resource/GTEv8//GTExv8.EUR.Brain_Amygdala/ENSG00000116260.16.wgt.RDat	ENSG00000116260.16	1	180154833	180154834	0.171	rs10914005	4.53	rs7528811	0.033252	4.31	1.331129	485	27	enet	0.0088	0.15	1.54128	0.123
Brain_Amygdala	/media/kame/Data/_workings/resource/GTEv8//GTExv8.EUR.Brain_Amygdala/ENSG00000135835.11.wgt.RDat	ENSG00000135835.11	1	180913153	180913154	0.2853	rs4652558	-6.52	rs3795503	0.062536	-3.99	-0.279106	434	38	enet	0.11	0.00018	-0.87528	0.381
Brain_Amygdala	/media/kame/Data/_workings/resource/GTEv8//GTExv8.EUR.Brain_Amygdala/ENSG00000135823.13.wgt.RDat	ENSG00000135823.13	1	181023120	181023121	0.2559	rs4652558	-6.52	rs6665134	0.157355	4.5	-0.019153	472	13	enet	0.11	9.8e-05	-1.58974	0.112
Brain_Amygdala	/media/kame/Data/_workings/resource/GTEv8//GTExv8.EUR.Brain_Amygdala/ENSG00000135838.13.wgt.RDat	ENSG00000135838.13	1	182789292	182789293	0.3121	rs512189	-4.31	rs16859719	-0.007149	-3.57	0.459088	487	39	enet	0.039	0.017	-1.0912	0.275
Brain_Amygdala	/media/kame/Data/_workings/resource/GTEv8//GTExv8.EUR.Brain_Amygdala/ENSG00000058085.14.wgt.RDat	ENSG00000058085.14	1	183186237	183186238	0.2895	rs789192	-3.92	rs2276543	0.34876	6.47	0.012894	445	15	enet	0.28	4.4e-10	-0.10297	0.918
Brain_Amygdala	/media/kame/Data/_workings/resource/GTEv8//GTExv8.EUR.Brain_Amygdala/ENSG00000273198.1.wgt.RDat	ENSG00000273198.1	1	186521772	186521773	0.2525	rs6686848	3.01	rs10911861	0.223379	-5.69	-0.576419	384	46	enet	0.24	8.4e-09	-0.55178	0.581
Brain_Amygdala	/media/kame/Data/_workings/resource/GTEv8//GTExv8.EUR.Brain_Amygdala/ENSG00000244414.6.wgt.RDat	ENSG00000244414.6	1	196819756	196819757	0.1255	rs12402465	3.58	rs203674	0.061876	3.88	0.404951	236	29	enet	0.059	0.0045	0.15212	0.879
Brain_Amygdala	/media/kame/Data/_workings/resource/GTEv8//GTExv8.EUR.Brain_Amygdala/ENSG00000260088.1.wgt.RDat	ENSG00000260088.1	1	200669506	200669507	0.639	rs16846948	3.55	rs3806358	0.514685	-7.83	-0.462816	527	59	enet	0.5	2.2e-19	-0.30194	0.763
Brain_Amygdala	/media/kame/Data/_workings/resource/GTEv8//GTExv8.EUR.Brain_Amygdala/ENSG00000118197.13.wgt.RDat	ENSG00000118197.13	1	200669968	200669969	0.3337	rs16846948	3.55	rs12126676	0.187091	-5.3	-0.014674	526	32	enet	0.14	2.2e-05	0.11237	0.911
Brain_Amygdala	/media/kame/Data/_workings/resource/GTEv8//GTExv8.EUR.Brain_Amygdala/ENSG00000198892.6.wgt.RDat	ENSG00000198892.6	1	201888679	201888680	0.3625	rs12562614	9.18	rs10920260	0.147039	-4.41	0.505706	505	30	enet	0.14	1.7e-05	-0.01865	0.985
Brain_Amygdala	/media/kame/Data/_workings/resource/GTEv8//GTExv8.EUR.Brain_Amygdala/ENSG00000163431.12.wgt.RDat	ENSG00000163431.12	1	201946587	201946588	0.3774	rs12562614	9.18	rs1032524	0.034982	3.84	5.877679	474	27	enet	0.0081	0.16	3.04745	0.00231
Brain_Amygdala	/media/kame/Data/_workings/resource/GTEv8//GTExv8.EUR.Brain_Amygdala/ENSG00000176393.10.wgt.RDat	ENSG00000176393.10	1	201982371	201982372	0.4207	rs12562614	9.18	rs3806357	-0.008482	-3.09	0.069807	455	49	enet	0.009	0.15	0.54259	0.587
Brain_Amygdala	/media/kame/Data/_workings/resource/GTEv8//GTExv8.EUR.Brain_Amygdala/ENSG00000117139.16.wgt.RDat	ENSG00000117139.16	1	202809469	202809470	0.1937	rs4245713	6.47	rs17511192	0.028898	3.77	0.25737	448	23	enet	0.02	0.065	1.22028	0.222
Brain_Amygdala	/media/kame/Data/_workings/resource/GTEv8//GTExv8.EUR.Brain_Amygdala/ENSG00000182004.12.wgt.RDat	ENSG00000182004.12	1	203861602	203861603	0.3482	rs734591	5.17	rs11240607	0.059604	4.02	-1.789591	508	21	enet	0.054	0.0065	-2.04779	0.0406
Brain_Amygdala	/media/kame/Data/_workings/resource/GTEv8//GTExv8.EUR.Brain_Amygdala/ENSG00000133059.16.wgt.RDat	ENSG00000133059.16	1	205211565	205211566	0.3374	rs1110303	-6.87	rs9660992	0.168006	5.14	1.077995	575	47	enet	0.064	0.0032	-0.36185	0.717
Brain_Amygdala	/media/kame/Data/_workings/resource/GTEv8//GTExv8.EUR.Brain_Amygdala/ENSG00000133065.10.wgt.RDat	ENSG00000133065.10	1	205813747	205813748	0.4761	rs6676552	4.31	rs823114	0.053099	-3.74	1.37062	404	21	enet	0.076	0.0014	-0.96273	0.336
Brain_Amygdala	/media/kame/Data/_workings/resource/GTEv8//GTExv8.EUR.Brain_Amygdala/ENSG00000162877.12.wgt.RDat	ENSG00000162877.12	1	205850131	205850132	0.4049	rs6676552	4.31	rs960603	0.142523	-4.93	-0.510011	377	15	enet	0.18	7.1e-07	-0.13038	0.896
Brain_Amygdala	/media/kame/Data/_workings/resource/GTEv8//GTExv8.EUR.Brain_Amygdala/ENSG00000276600.4.wgt.RDat	ENSG00000276600.4	1	206003460	206003461	0.2338	rs823096	3.68	rs16856470	0.002669	3.64	0.742113	352	19	enet	0.038	0.019	0.08199	0.935
Brain_Amygdala	/media/kame/Data/_workings/resource/GTEv8//GTExv8.EUR.Brain_Amygdala/ENSG00000117335.19.wgt.RDat	ENSG00000117335.19	1	207752056	207752057	0.394	rs2782933	-7.03	rs4844393	0.097232	-5.11	-0.003602	472	26	enet	0.079	0.0012	0.69905	0.485
Brain_Amygdala	/media/kame/Data/_workings/resource/GTEv8//GTExv8.EUR.Brain_Amygdala/ENSG00000143469.18.wgt.RDat	ENSG00000143469.18	1	209938173	209938174	0.2167	rs2743891	11.1	rs630065	0.105814	-4.41	-1.414569	544	9	enet	0.059	0.0045	1.17807	0.239
Brain_Amygdala	/media/kame/Data/_workings/resource/GTEv8//GTExv8.EUR.Brain_Amygdala/ENSG00000226251.5.wgt.RDat	ENSG00000226251.5	1	212238976	212238977	0.4491	rs1803468	6.04	rs2120770	0.369231	6.7	-0.394525	439	13	enet	0.3	5.7e-11	-0.16533	0.869
Brain_Amygdala	/media/kame/Data/_workings/resource/GTEv8//GTExv8.EUR.Brain_Amygdala/ENSG00000065600.12.wgt.RDat	ENSG00000065600.12	1	212414900	212414901	0.2991	rs10494953	-4.22	rs351408	0.070146	-4.35	0.582717	464	37	enet	0.077	0.0014	0.56168	0.574
Brain_Amygdala	/media/kame/Data/_workings/resource/GTEv8//GTExv8.EUR.Brain_Amygdala/ENSG00000198468.7.wgt.RDat	ENSG00000198468.7	1	212858087	212858088	0.7942	rs11586518	-7.05	rs2279692	0.544312	-8.07	-0.785864	412	18	enet	0.55	1.7e-22	0.74829	0.454
Brain_Amygdala	/media/kame/Data/_workings/resource/GTEv8//GTExv8.EUR.Brain_Amygdala/ENSG00000162769.12.wgt.RDat	ENSG00000162769.12	1	212858254	212858255	0.3815	rs11586518	-7.05	rs6680409	0.231215	5.33	-0.175314	412	11	enet	0.18	8.1e-07	-0.74545	0.456
Brain_Amygdala	/media/kame/Data/_workings/resource/GTEv8//GTExv8.EUR.Brain_Amygdala/ENSG00000230461.8.wgt.RDat	ENSG00000230461.8	1	213988499	213988500	0.3191	rs12117411	6.87	rs12044591	-0.004925	3.52	3.411097	591	46	enet	0.048	0.0098	-0.31619	0.752
Brain_Amygdala	/media/kame/Data/_workings/resource/GTEv8//GTExv8.EUR.Brain_Amygdala/ENSG00000067533.5.wgt.RDat	ENSG00000067533.5	1	218285286	218285287	0.355	rs12116939	-4.17	rs10495098	0.277608	6.03	-0.820388	476	14	enet	0.21	9.6e-08	-0.44971	0.653
Brain_Amygdala	/media/kame/Data/_workings/resource/GTEv8//GTExv8.EUR.Brain_Amygdala/ENSG00000272823.1.wgt.RDat	ENSG00000272823.1	1	220829210	220829211	0.3128	rs2807857	6.98	rs2131887	0.228648	5.42	1.615324	400	9	enet	0.23	1.4e-08	2.43071	0.0151
Brain_Amygdala	/media/kame/Data/_workings/resource/GTEv8//GTExv8.EUR.Brain_Amygdala/ENSG00000238078.1.wgt.RDat	ENSG00000238078.1	1	220829254	220829255	0.4398	rs2807857	6.98	rs2807857	0.171125	5.01	6.984473	400	8	enet	0.18	1.2e-06	2.85549	0.0043
Brain_Amygdala	/media/kame/Data/_workings/resource/GTEv8//GTExv8.EUR.Brain_Amygdala/ENSG00000143512.12.wgt.RDat	ENSG00000143512.12	1	222548102	222548103	0.2345	rs291906	-3.56	rs17463586	0.019685	-3.9	-0.665373	339	14	enet	0.092	0.00048	-0.60622	0.544
Brain_Amygdala	/media/kame/Data/_workings/resource/GTEv8//GTExv8.EUR.Brain_Amygdala/ENSG00000225265.1.wgt.RDat	ENSG00000225265.1	1	222589933	222589934	0.3959	rs291906	-3.56	rs17011636	0.220518	-5.8	0.48505	329	19	enet	0.2	1.5e-07	-0.88442	0.376
Brain_Amygdala	/media/kame/Data/_workings/resource/GTEv8//GTExv8.EUR.Brain_Amygdala/ENSG00000272750.1.wgt.RDat	ENSG00000272750.1	1	222661511	222661512	0.2812	rs291906	-3.56	rs17532708	0.206159	5.4	0.011359	327	16	enet	0.2	1.8e-07	0.12175	0.903
Brain_Amygdala	/media/kame/Data/_workings/resource/GTEv8//GTExv8.EUR.Brain_Amygdala/ENSG00000228106.5.wgt.RDat	ENSG00000228106.5	1	222815021	222815022	0.2564	rs17163580	-3.04	rs11487861	0.137901	4.17	-0.125392	354	19	enet	0.042	0.015	-0.07449	0.941
Brain_Amygdala	/media/kame/Data/_workings/resource/GTEv8//GTExv8.EUR.Brain_Amygdala/ENSG00000143753.12.wgt.RDat	ENSG00000143753.12	1	224175755	224175756	0.2238	rs6703104	-4.87	rs4654060	0.011782	3.49	2.195858	327	45	enet	0.021	0.061	0.18124	0.856
Brain_Amygdala	/media/kame/Data/_workings/resource/GTEv8//GTExv8.EUR.Brain_Amygdala/ENSG00000163041.9.wgt.RDat	ENSG00000163041.9	1	226061876	226061877	0.3727	rs7534366	7.93	rs3768543	0.310707	6.47	-0.369177	383	15	enet	0.21	7.3e-08	-0.3063	0.759
Brain_Amygdala	/media/kame/Data/_workings/resource/GTEv8//GTExv8.EUR.Brain_Amygdala/ENSG00000143801.16.wgt.RDat	ENSG00000143801.16	1	226870183	226870184	0.2658	rs7534366	7.93	rs1297990	0.006575	-3.72	1.387236	489	31	enet	0.0063	0.19	-0.47295	0.636
Brain_Amygdala	/media/kame/Data/_workings/resource/GTEv8//GTExv8.EUR.Brain_Amygdala/ENSG00000143740.14.wgt.RDat	ENSG00000143740.14	1	227728538	227728539	0.1416	rs7541048	4.34	rs7533588	0.069023	4.58	-1.834049	378	13	enet	0.038	0.02	-0.5303	0.596
Brain_Amygdala	/media/kame/Data/_workings/resource/GTEv8//GTExv8.EUR.Brain_Amygdala/ENSG00000135775.13.wgt.RDat	ENSG00000135775.13	1	230642491	230642492	0.2768	rs12063832	-5.51	rs17782420	-0.007918	-3.29	0.369973	686	52	enet	-0.0023	0.39	-0.32855	0.742
Brain_Amygdala	/media/kame/Data/_workings/resource/GTEv8//GTExv8.EUR.Brain_Amygdala/ENSG00000135773.12.wgt.RDat	ENSG00000135773.12	1	230747383	230747384	0.4171	rs12063832	-5.51	rs12059555	0.103732	5.13	0.006456	685	18	enet	0.21	1.2e-07	0.0095	0.992
Brain_Amygdala	/media/kame/Data/_workings/resource/GTEv8//GTExv8.EUR.Brain_Amygdala/ENSG00000182118.7.wgt.RDat	ENSG00000182118.7	1	231040245	231040246	0.6906	rs12063832	-5.51	rs4543780	0.31697	-6.2	-1.138823	595	15	enet	0.3	6.7e-11	0.90366	0.366
Brain_Amygdala	/media/kame/Data/_workings/resource/GTEv8//GTExv8.EUR.Brain_Amygdala/ENSG00000010072.15.wgt.RDat	ENSG00000010072.15	1	231337852	231337853	0.2372	rs4658939	-4.75	rs12093061	0.069893	4.37	-1.711272	449	11	enet	0.1	0.00022	-1.36189	0.173
Brain_Amygdala	/media/kame/Data/_workings/resource/GTEv8//GTExv8.EUR.Brain_Amygdala/ENSG00000135778.11.wgt.RDat	ENSG00000135778.11	1	232950604	232950605	0.6107	rs1294263	-5.35	rs12410594	0.424942	7.34	0.043684	586	4	enet	0.38	6.7e-14	0.06871	0.945
Brain_Amygdala	/media/kame/Data/_workings/resource/GTEv8//GTExv8.EUR.Brain_Amygdala/ENSG00000143674.10.wgt.RDat	ENSG00000143674.10	1	233327767	233327768	0.4467	rs1294263	-5.35	rs3795375	0.083737	4.71	1.604366	589	21	enet	0.15	7.4e-06	0.52288	0.601
Brain_Amygdala	/media/kame/Data/_workings/resource/GTEv8//GTExv8.EUR.Brain_Amygdala/ENSG00000086619.13.wgt.RDat	ENSG00000086619.13	1	236281984	236281985	0.2916	rs12030605	5.85	rs2492371	0.233446	5.34	0.758804	568	23	enet	0.12	7.7e-05	-0.18869	0.85
Brain_Amygdala	/media/kame/Data/_workings/resource/GTEv8//GTExv8.EUR.Brain_Amygdala/ENSG00000230325.1.wgt.RDat	ENSG00000230325.1	1	236540445	236540446	0.3353	rs12030605	5.85	rs2737707	0.121527	-4.8	1.032423	620	20	enet	0.086	0.00073	-0.73328	0.463
Brain_Amygdala	/media/kame/Data/_workings/resource/GTEv8//GTExv8.EUR.Brain_Amygdala/ENSG00000272865.1.wgt.RDat	ENSG00000272865.1	1	242147513	242147514	0.5616	rs1025599	-5.35	rs1836768	0.49968	7.81	0.2776	549	8	enet	0.49	4.2e-19	0.44927	0.653
Brain_Amygdala	/media/kame/Data/_workings/resource/GTEv8//GTExv8.EUR.Brain_Amygdala/ENSG00000224525.2.wgt.RDat	ENSG00000224525.2	1	242203554	242203555	0.6379	rs1025599	-5.35	rs1836768	0.564251	8.28	0.2776	555	21	enet	0.54	9.2e-22	0.43784	0.662
Brain_Amygdala	/media/kame/Data/_workings/resource/GTEv8//GTExv8.EUR.Brain_Amygdala/ENSG00000253326.2.wgt.RDat	ENSG00000253326.2	1	243056305	243056306	0.273	rs12085924	4.23	rs11807162	0.002324	-3.59	0.062833	336	21	enet	0.00083	0.3	0.7316	0.464
Brain_Amygdala	/media/kame/Data/_workings/resource/GTEv8//GTExv8.EUR.Brain_Amygdala/ENSG00000054282.15.wgt.RDat	ENSG00000054282.15	1	243256033	243256034	0.2167	rs12085924	4.23	rs6662118	0.073041	3.99	-0.028321	285	11	enet	0.037	0.021	-0.38933	0.697
Brain_Amygdala	/media/kame/Data/_workings/resource/GTEv8//GTExv8.EUR.Brain_Amygdala/ENSG00000272195.1.wgt.RDat	ENSG00000272195.1	1	244971087	244971088	0.6753	rs1196366	6.6	rs2291426	0.601439	-8.5	6.291535	461	18	enet	0.57	1.7e-23	-5.8568	4.72e-09
Brain_Amygdala	/media/kame/Data/_workings/resource/GTEv8//GTExv8.EUR.Brain_Amygdala/ENSG00000203666.12.wgt.RDat	ENSG00000203666.12	1	245002120	245002121	0.7193	rs1196366	6.6	rs11590498	0.480923	7.67	6.060692	470	30	enet	0.44	8.9e-17	4.8646	1.15e-06
Brain_Amygdala	/media/kame/Data/_workings/resource/GTEv8//GTExv8.EUR.Brain_Amygdala/ENSG00000260855.1.wgt.RDat	ENSG00000260855.1	1	246772300	246772301	0.2937	rs1778541	-4.82	rs7416239	0.145294	4.95	0.128808	432	8	enet	0.024	0.049	0.27288	0.785
Brain_Amygdala	/media/kame/Data/_workings/resource/GTEv8//GTExv8.EUR.Brain_Amygdala/ENSG00000227953.6.wgt.RDat	ENSG00000227953.6	1	246776012	246776013	0.4304	rs1778541	-4.82	rs6679952	0.01172	4.01	-0.141498	435	33	enet	0.071	0.0019	-0.16794	0.867
Brain_Amygdala	/media/kame/Data/_workings/resource/GTEv8//GTExv8.EUR.Brain_Amygdala/ENSG00000277462.1.wgt.RDat	ENSG00000277462.1	1	247078754	247078755	0.2787	rs1778541	-4.82	rs10924897	0.011488	-3.6	0.143658	463	25	enet	0.042	0.014	-0.86732	0.386
Brain_Amygdala	/media/kame/Data/_workings/resource/GTEv8//GTExv8.EUR.Brain_Amygdala/ENSG00000221953.5.wgt.RDat	ENSG00000221953.5	1	247112416	247112417	0.3017	rs1778541	-4.82	rs7521596	0.110542	-5.13	0.279891	472	40	enet	0.11	1e-04	0.5961	0.551
Brain_Amygdala	/media/kame/Data/_workings/resource/GTEv8//GTExv8.EUR.Brain_Amygdala/ENSG00000238243.3.wgt.RDat	ENSG00000238243.3	1	247895586	247895587	0.3641	rs10888267	-4.3	rs12139390	0.056585	-4.65	-2.583401	459	25	enet	0.14	1.8e-05	2.42808	0.0152
Brain_Amygdala	/media/kame/Data/_workings/resource/GTEv8//GTExv8.EUR.Brain_Amygdala/ENSG00000196071.4.wgt.RDat	ENSG00000196071.4	1	248098648	248098649	0.1965	rs10888267	-4.3	rs4478844	0.197805	5.09	-1.356988	360	27	enet	0.17	1.5e-06	-1.01663	0.309
Brain_Amygdala	/media/kame/Data/_workings/resource/GTEv8//GTExv8.EUR.Brain_Amygdala/ENSG00000233296.1.wgt.RDat	ENSG00000233296.1	2	677185	677186	0.5778	rs12987038	-5.79	rs12990777	0.260748	6.09	-0.58507	491	28	enet	0.31	3.7e-11	-0.044292	0.96467
Brain_Amygdala	/media/kame/Data/_workings/resource/GTEv8//GTExv8.EUR.Brain_Amygdala/ENSG00000182551.13.wgt.RDat	ENSG00000182551.13	2	3517746	3517747	0.3671	rs6738683	3.8	rs12052516	0.026778	-3.31	1.18967	570	16	enet	0.037	0.021	-1.884121	0.05955
Brain_Amygdala	/media/kame/Data/_workings/resource/GTEv8//GTExv8.EUR.Brain_Amygdala/ENSG00000234171.2.wgt.RDat	ENSG00000234171.2	2	3558616	3558617	0.759	rs6738683	3.8	rs4583476	0.623109	-8.69	0.13066	575	37	enet	0.56	4.2e-23	-0.23318	0.81562
Brain_Amygdala	/media/kame/Data/_workings/resource/GTEv8//GTExv8.EUR.Brain_Amygdala/ENSG00000118004.17.wgt.RDat	ENSG00000118004.17	2	3594831	3594832	0.506	rs6738683	3.8	rs4850068	0.270223	5.9	0.19782	576	13	enet	0.25	4.8e-09	0.621738	0.53411
Brain_Amygdala	/media/kame/Data/_workings/resource/GTEv8//GTExv8.EUR.Brain_Amygdala/ENSG00000151360.9.wgt.RDat	ENSG00000151360.9	2	3658194	3658195	0.3733	rs6738683	3.8	rs2071639	0.24333	5.69	-0.04263	562	2	enet	0.11	9.6e-05	-0.047661	0.96199
Brain_Amygdala	/media/kame/Data/_workings/resource/GTEv8//GTExv8.EUR.Brain_Amygdala/ENSG00000229727.6.wgt.RDat	ENSG00000229727.6	2	7421260	7421261	0.3236	rs1907451	-5.63	rs454999	0.008991	-3.51	0.15276	534	37	enet	0.033	0.028	-0.143345	0.88602
Brain_Amygdala	/media/kame/Data/_workings/resource/GTEv8//GTExv8.EUR.Brain_Amygdala/ENSG00000236790.5.wgt.RDat	ENSG00000236790.5	2	8383620	8383621	0.4447	rs10173234	-4.63	rs4669275	0.094385	4.7	-0.11237	480	30	enet	0.18	1.3e-06	0.282399	0.77764
Brain_Amygdala	/media/kame/Data/_workings/resource/GTEv8//GTExv8.EUR.Brain_Amygdala/ENSG00000115761.15.wgt.RDat	ENSG00000115761.15	2	10689986	10689987	0.2578	rs1686476	-6.5	rs9287721	0.168864	5.16	1.13376	622	6	enet	0.11	0.00013	1.353414	0.17592
Brain_Amygdala	/media/kame/Data/_workings/resource/GTEv8//GTExv8.EUR.Brain_Amygdala/ENSG00000178295.14.wgt.RDat	ENSG00000178295.14	2	17753857	17753858	0.3051	rs12710642	8.01	rs2433295	0.064582	4.56	1.05936	470	25	enet	0.14	1.6e-05	0.46917	0.63895
Brain_Amygdala	/media/kame/Data/_workings/resource/GTEv8//GTExv8.EUR.Brain_Amygdala/ENSG00000170745.11.wgt.RDat	ENSG00000170745.11	2	17877846	17877847	0.2599	rs16984516	4.14	rs13032717	0.138158	4.84	1.50681	498	13	enet	0.087	0.00065	1.685263	0.09194
Brain_Amygdala	/media/kame/Data/_workings/resource/GTEv8//GTExv8.EUR.Brain_Amygdala/ENSG00000183891.5.wgt.RDat	ENSG00000183891.5	2	19901985	19901986	0.4786	rs7424006	-2.85	rs7563410	0.332862	6.43	-0.35319	589	55	enet	0.27	8e-10	-0.415045	0.67811
Brain_Amygdala	/media/kame/Data/_workings/resource/GTEv8//GTExv8.EUR.Brain_Amygdala/ENSG00000118961.14.wgt.RDat	ENSG00000118961.14	2	20823129	20823130	0.7034	rs10167494	-3.69	rs13385191	0.483561	-7.65	0.15316	530	15	enet	0.45	5.5e-17	-0.179576	0.85749
Brain_Amygdala	/media/kame/Data/_workings/resource/GTEv8//GTExv8.EUR.Brain_Amygdala/ENSG00000219626.8.wgt.RDat	ENSG00000219626.8	2	24076525	24076526	0.4847	rs2081302	5.64	rs3731620	0.381314	-6.81	1.50734	287	20	enet	0.34	2.6e-12	-1.368434	0.17118
Brain_Amygdala	/media/kame/Data/_workings/resource/GTEv8//GTExv8.EUR.Brain_Amygdala/ENSG00000232642.1.wgt.RDat	ENSG00000232642.1	2	24175004	24175005	0.2265	rs2081302	5.64	rs2288072	0.214181	5.9	1.25824	252	13	enet	0.2	2.3e-07	0.631819	0.5275
Brain_Amygdala	/media/kame/Data/_workings/resource/GTEv8//GTExv8.EUR.Brain_Amygdala/ENSG00000138029.13.wgt.RDat	ENSG00000138029.13	2	26243169	26243170	0.2026	rs13029647	4.11	rs4665827	0.167722	4.55	0.02476	346	24	enet	0.13	4.6e-05	0.04846	0.96135
Brain_Amygdala	/media/kame/Data/_workings/resource/GTEv8//GTExv8.EUR.Brain_Amygdala/ENSG00000157851.16.wgt.RDat	ENSG00000157851.16	2	26847746	26847747	0.1478	rs3769142	-4.82	rs3885083	0.087228	4.34	-1.18828	379	13	enet	0.046	0.011	-0.427193	0.66924
Brain_Amygdala	/media/kame/Data/_workings/resource/GTEv8//GTExv8.EUR.Brain_Amygdala/ENSG00000115234.10.wgt.RDat	ENSG00000115234.10	2	27370495	27370496	0.1627	rs4233716	-5.69	rs1049817	0.023362	3.23	-0.04003	299	39	enet	-0.0057	0.56	0.891139	0.37285
Brain_Amygdala	/media/kame/Data/_workings/resource/GTEv8//GTExv8.EUR.Brain_Amygdala/ENSG00000171103.10.wgt.RDat	ENSG00000171103.10	2	28870300	28870301	0.305	rs4666157	3.38	rs12475612	0.282412	6.15	-0.00842	586	22	enet	0.23	2.6e-08	-0.290084	0.77175
Brain_Amygdala	/media/kame/Data/_workings/resource/GTEv8//GTExv8.EUR.Brain_Amygdala/ENSG00000189350.12.wgt.RDat	ENSG00000189350.12	2	28956610	28956611	0.6052	rs4666157	3.38	rs9653591	0.2845	6.65	0.54955	596	24	enet	0.3	8e-11	0.152224	0.87901
Brain_Amygdala	/media/kame/Data/_workings/resource/GTEv8//GTExv8.EUR.Brain_Amygdala/ENSG00000119820.10.wgt.RDat	ENSG00000119820.10	2	32277909	32277910	0.1399	rs3769606	-3.99	rs6724235	0.093516	4.33	-0.75978	313	6	enet	0.074	0.0017	-0.580145	0.56182
Brain_Amygdala	/media/kame/Data/_workings/resource/GTEv8//GTExv8.EUR.Brain_Amygdala/ENSG00000279519.1.wgt.RDat	ENSG00000279519.1	2	36842538	36842539	0.3028	rs6714112	2.9	rs6739171	-0.008417	-3.98	-0.71616	556	24	enet	0.053	0.0066	0.42262	0.67257
Brain_Amygdala	/media/kame/Data/_workings/resource/GTEv8//GTExv8.EUR.Brain_Amygdala/ENSG00000218739.9.wgt.RDat	ENSG00000218739.9	2	37196487	37196488	0.3533	rs10165975	-4.17	rs10206380	0.178881	5.76	0.09173	502	13	enet	0.15	5.7e-06	-0.03871	0.96912
Brain_Amygdala	/media/kame/Data/_workings/resource/GTEv8//GTExv8.EUR.Brain_Amygdala/ENSG00000162882.14.wgt.RDat	ENSG00000162882.14	2	42792591	42792592	0.1293	rs7593137	11.19	rs12613026	0.033698	-3.82	-0.01568	453	1	enet	-0.0021	0.39	0.01568	0.98749
Brain_Amygdala	/media/kame/Data/_workings/resource/GTEv8//GTExv8.EUR.Brain_Amygdala/ENSG00000138095.18.wgt.RDat	ENSG00000138095.18	2	43996004	43996005	0.4287	rs17425397	-9.82	rs7594526	0.254912	5.83	0.18009	506	10	enet	0.17	1.7e-06	0.211545	0.83246
Brain_Amygdala	/media/kame/Data/_workings/resource/GTEv8//GTExv8.EUR.Brain_Amygdala/ENSG00000119878.5.wgt.RDat	ENSG00000119878.5	2	46617150	46617151	0.4035	rs12621059	-5.67	rs1531133	0.263451	5.74	0.12544	662	18	enet	0.2	2.2e-07	-0.128108	0.89806
Brain_Amygdala	/media/kame/Data/_workings/resource/GTEv8//GTExv8.EUR.Brain_Amygdala/ENSG00000279254.1.wgt.RDat	ENSG00000279254.1	2	46668869	46668870	0.325	rs12621059	-5.67	rs6712910	0.013965	-4.01	-1.30351	648	7	enet	0.00061	0.3	1.40381	0.16038
Brain_Amygdala	/media/kame/Data/_workings/resource/GTEv8//GTExv8.EUR.Brain_Amygdala/ENSG00000180398.11.wgt.RDat	ENSG00000180398.11	2	46941854	46941855	0.3117	rs12621059	-5.67	rs11890177	0.291824	-5.97	1.23542	552	26	enet	0.22	6.5e-08	-0.842607	0.39945
Brain_Amygdala	/media/kame/Data/_workings/resource/GTEv8//GTExv8.EUR.Brain_Amygdala/ENSG00000170802.15.wgt.RDat	ENSG00000170802.15	2	48314636	48314637	0.6059	rs4538253	-7.12	rs12475492	0.438333	7.26	1.37261	361	14	enet	0.39	1.4e-14	1.771754	0.07644
Brain_Amygdala	/media/kame/Data/_workings/resource/GTEv8//GTExv8.EUR.Brain_Amygdala/ENSG00000243244.5.wgt.RDat	ENSG00000243244.5	2	48530170	48530171	0.4406	rs4538253	-7.12	rs4953592	0.114031	5.02	-0.02025	478	24	enet	0.16	3.9e-06	-1.343148	0.17922
Brain_Amygdala	/media/kame/Data/_workings/resource/GTEv8//GTExv8.EUR.Brain_Amygdala/ENSG00000242441.7.wgt.RDat	ENSG00000242441.7	2	48617797	48617798	0.3283	rs4538253	-7.12	rs2140551	0.251373	-5.63	-0.21974	517	12	enet	0.16	2.9e-06	-0.294389	0.76846
Brain_Amygdala	/media/kame/Data/_workings/resource/GTEv8//GTExv8.EUR.Brain_Amygdala/ENSG00000233266.1.wgt.RDat	ENSG00000233266.1	2	54051333	54051334	0.292	rs10176342	-5.36	rs10183655	0.292093	5.97	0.29875	452	16	enet	0.18	9.8e-07	-0.023707	0.98109
Brain_Amygdala	/media/kame/Data/_workings/resource/GTEv8//GTExv8.EUR.Brain_Amygdala/ENSG00000115306.15.wgt.RDat	ENSG00000115306.15	2	54456284	54456285	0.4004	rs10176342	-5.36	rs12612665	0.054119	-4.6	-1.15821	526	32	enet	0.081	0.00097	0.135477	0.89223
Brain_Amygdala	/media/kame/Data/_workings/resource/GTEv8//GTExv8.EUR.Brain_Amygdala/ENSG00000237887.1.wgt.RDat	ENSG00000237887.1	2	54529342	54529343	0.305	rs10176342	-5.36	rs6545423	0.181579	-5.33	-1.78109	548	11	enet	0.19	6.3e-07	1.009313	0.31282
Brain_Amygdala	/media/kame/Data/_workings/resource/GTEv8//GTExv8.EUR.Brain_Amygdala/ENSG00000162994.15.wgt.RDat	ENSG00000162994.15	2	55232353	55232354	0.2379	rs723975	5.26	rs4435493	0.049669	4.49	-0.0097	492	4	enet	0.013	0.12	1.328221	0.18411
Brain_Amygdala	/media/kame/Data/_workings/resource/GTEv8//GTExv8.EUR.Brain_Amygdala/ENSG00000163001.11.wgt.RDat	ENSG00000163001.11	2	55519603	55519604	0.2074	rs13002841	5.09	rs10165864	-0.004717	3.12	-0.05894	429	15	enet	-0.00048	0.33	-0.129713	0.89679
Brain_Amygdala	/media/kame/Data/_workings/resource/GTEv8//GTExv8.EUR.Brain_Amygdala/ENSG00000115380.19.wgt.RDat	ENSG00000115380.19	2	55924138	55924139	0.3837	rs1861772	4.84	rs1432547	0.029798	-4.15	-0.04505	466	17	enet	0.15	7.9e-06	0.019029	0.98482
Brain_Amygdala	/media/kame/Data/_workings/resource/GTEv8//GTExv8.EUR.Brain_Amygdala/ENSG00000237651.6.wgt.RDat	ENSG00000237651.6	2	61145067	61145068	0.5877	rs7591402	9.81	rs720201	0.423479	7.57	1.63456	314	40	enet	0.45	6.2e-17	1.023993	0.30584
Brain_Amygdala	/media/kame/Data/_workings/resource/GTEv8//GTExv8.EUR.Brain_Amygdala/ENSG00000173209.22.wgt.RDat	ENSG00000173209.22	2	61177417	61177418	0.6181	rs7591402	9.81	rs2167565	0.461477	-7.44	-0.45633	305	29	enet	0.47	3.8e-18	0.030294	0.97583
Brain_Amygdala	/media/kame/Data/_workings/resource/GTEv8//GTExv8.EUR.Brain_Amygdala/ENSG00000186889.9.wgt.RDat	ENSG00000186889.9	2	62506340	62506341	0.3463	rs4328619	-5.16	rs6756655	0.146547	-4.27	0.31952	324	26	enet	0.12	8.8e-05	-0.250526	0.80218
Brain_Amygdala	/media/kame/Data/_workings/resource/GTEv8//GTExv8.EUR.Brain_Amygdala/ENSG00000225889.7.wgt.RDat	ENSG00000225889.7	2	64143238	64143239	0.422	rs17619012	8.98	rs17739675	0.110897	-4.82	1.16358	389	33	enet	0.2	1.9e-07	-0.690804	0.48969
Brain_Amygdala	/media/kame/Data/_workings/resource/GTEv8//GTExv8.EUR.Brain_Amygdala/ENSG00000198369.9.wgt.RDat	ENSG00000198369.9	2	65432636	65432637	0.3861	rs1673441	4.35	rs2723090	-0.002882	3.6	0.35979	509	42	enet	0.08	0.0011	-0.950047	0.34209
Brain_Amygdala	/media/kame/Data/_workings/resource/GTEv8//GTExv8.EUR.Brain_Amygdala/ENSG00000169621.9.wgt.RDat	ENSG00000169621.9	2	68467560	68467561	0.2258	rs10182291	-4.5	rs13417100	-0.007626	3.59	0.03291	490	14	enet	-0.0063	0.61	-0.389493	0.69691
Brain_Amygdala	/media/kame/Data/_workings/resource/GTEv8//GTExv8.EUR.Brain_Amygdala/ENSG00000169618.6.wgt.RDat	ENSG00000169618.6	2	68643588	68643589	0.3099	rs10182291	-4.5	rs1867312	-0.006403	3.55	0.82283	524	17	enet	0.0095	0.15	1.079847	0.28021
Brain_Amygdala	/media/kame/Data/_workings/resource/GTEv8//GTExv8.EUR.Brain_Amygdala/ENSG00000169599.12.wgt.RDat	ENSG00000169599.12	2	69437627	69437628	0.2725	rs7572000	3.81	rs7567691	0.059454	3.8	0.06025	384	30	enet	0.072	0.0018	0.762106	0.446
Brain_Amygdala	/media/kame/Data/_workings/resource/GTEv8//GTExv8.EUR.Brain_Amygdala/ENSG00000087338.4.wgt.RDat	ENSG00000087338.4	2	69829641	69829642	0.182	rs7572000	3.81	rs6725791	0.038727	3.62	-1.34823	312	25	enet	0.037	0.02	-0.132061	0.89494
Brain_Amygdala	/media/kame/Data/_workings/resource/GTEv8//GTExv8.EUR.Brain_Amygdala/ENSG00000124380.10.wgt.RDat	ENSG00000124380.10	2	69893559	69893560	0.4173	rs7572000	3.81	rs12612925	0.091436	-3.94	-0.35451	321	34	enet	0.059	0.0044	0.869777	0.38442
Brain_Amygdala	/media/kame/Data/_workings/resource/GTEv8//GTExv8.EUR.Brain_Amygdala/ENSG00000163235.15.wgt.RDat	ENSG00000163235.15	2	70554192	70554193	0.3376	rs472384	-5.22	rs2902345	0.128141	-4.61	-1.92279	510	10	enet	0.061	0.004	0.298734	0.76514
Brain_Amygdala	/media/kame/Data/_workings/resource/GTEv8//GTExv8.EUR.Brain_Amygdala/ENSG00000116127.17.wgt.RDat	ENSG00000116127.17	2	73385757	73385758	0.2125	rs10196456	-4.69	rs6710726	0.023776	-3.09	-0.15798	295	37	enet	0.014	0.1	-0.204575	0.8379
Brain_Amygdala	/media/kame/Data/_workings/resource/GTEv8//GTExv8.EUR.Brain_Amygdala/ENSG00000257800.1.wgt.RDat	ENSG00000257800.1	2	74120679	74120680	0.437	rs7593050	3.43	rs828844	0.284472	5.87	-0.7944	358	7	enet	0.2	1.8e-07	-0.841443	0.4001
Brain_Amygdala	/media/kame/Data/_workings/resource/GTEv8//GTExv8.EUR.Brain_Amygdala/ENSG00000217702.2.wgt.RDat	ENSG00000217702.2	2	74130582	74130583	0.574	rs7593050	3.43	rs4429500	0.312283	6.84	-0.80394	359	5	enet	0.34	2.6e-12	-0.701534	0.48297
Brain_Amygdala	/media/kame/Data/_workings/resource/GTEv8//GTExv8.EUR.Brain_Amygdala/ENSG00000115275.11.wgt.RDat	ENSG00000115275.11	2	74465409	74465410	0.3262	rs7593050	3.43	rs1063588	0.045361	4.08	0.41359	376	50	enet	0.051	0.0077	0.31419	0.75338
Brain_Amygdala	/media/kame/Data/_workings/resource/GTEv8//GTExv8.EUR.Brain_Amygdala/ENSG00000159374.17.wgt.RDat	ENSG00000159374.17	2	74648337	74648338	0.2914	rs2075007	-3.23	rs3771733	0.061929	-3.83	-1.6616	383	30	enet	0.038	0.019	0.522604	0.60125
Brain_Amygdala	/media/kame/Data/_workings/resource/GTEv8//GTExv8.EUR.Brain_Amygdala/ENSG00000204792.2.wgt.RDat	ENSG00000204792.2	2	74918147	74918148	0.7539	rs3771853	3.21	rs7575416	0.436966	7.64	-1.72837	451	32	enet	0.45	5.2e-17	-1.296542	0.19479
Brain_Amygdala	/media/kame/Data/_workings/resource/GTEv8//GTExv8.EUR.Brain_Amygdala/ENSG00000236209.1.wgt.RDat	ENSG00000236209.1	2	74924845	74924846	0.6432	rs3771853	3.21	rs12713828	0.420874	7.15	-2.6137	451	35	enet	0.38	6.3e-14	-1.253465	0.21004
Brain_Amygdala	/media/kame/Data/_workings/resource/GTEv8//GTExv8.EUR.Brain_Amygdala/ENSG00000115350.11.wgt.RDat	ENSG00000115350.11	2	74958491	74958492	0.3242	rs3771853	3.21	rs3821307	-0.007361	3.46	-0.4864	465	19	enet	0.018	0.077	0.072354	0.94232
Brain_Amygdala	/media/kame/Data/_workings/resource/GTEv8//GTExv8.EUR.Brain_Amygdala/ENSG00000115364.13.wgt.RDat	ENSG00000115364.13	2	75646782	75646783	0.4729	rs3771853	3.21	rs10165899	0.325601	-6.54	-0.04158	532	8	enet	0.25	2.9e-09	0.031078	0.97521
Brain_Amygdala	/media/kame/Data/_workings/resource/GTEv8//GTExv8.EUR.Brain_Amygdala/ENSG00000152291.13.wgt.RDat	ENSG00000152291.13	2	85328424	85328425	0.2608	rs6750610	-5.78	rs1382506	-0.00848	3.58	-1.26904	450	14	enet	0.04	0.016	-1.198241	0.23082
Brain_Amygdala	/media/kame/Data/_workings/resource/GTEv8//GTExv8.EUR.Brain_Amygdala/ENSG00000115486.11.wgt.RDat	ENSG00000115486.11	2	85561546	85561547	0.2431	rs6750610	-5.78	rs6739015	0.039205	4.42	-1.26429	473	21	enet	0.026	0.044	-0.587063	0.55716
Brain_Amygdala	/media/kame/Data/_workings/resource/GTEv8//GTExv8.EUR.Brain_Amygdala/ENSG00000068654.15.wgt.RDat	ENSG00000068654.15	2	86106154	86106155	0.2446	rs17027163	-5.61	rs1991106	0.254721	-5.58	0.05715	459	19	enet	0.25	5.2e-09	-0.105391	0.91607
Brain_Amygdala	/media/kame/Data/_workings/resource/GTEv8//GTExv8.EUR.Brain_Amygdala/ENSG00000273080.1.wgt.RDat	ENSG00000273080.1	2	86195770	86195771	0.5169	rs17027163	-5.61	rs876242	0.346875	6.67	-0.7719	453	41	enet	0.35	1.3e-12	-0.985143	0.32455
Brain_Amygdala	/media/kame/Data/_workings/resource/GTEv8//GTExv8.EUR.Brain_Amygdala/ENSG00000132313.14.wgt.RDat	ENSG00000132313.14	2	86199354	86199355	0.2334	rs17027163	-5.61	rs4569473	0.08907	4.44	0.67329	447	9	enet	0.067	0.0026	0.586382	0.55762
Brain_Amygdala	/media/kame/Data/_workings/resource/GTEv8//GTExv8.EUR.Brain_Amygdala/ENSG00000163586.9.wgt.RDat	ENSG00000163586.9	2	88128115	88128116	0.5296	rs4449134	-4.64	rs6735524	0.296201	-6.36	0.02728	256	7	enet	0.39	3e-14	0.000779	0.99938
Brain_Amygdala	/media/kame/Data/_workings/resource/GTEv8//GTExv8.EUR.Brain_Amygdala/ENSG00000144115.16.wgt.RDat	ENSG00000144115.16	2	88170294	88170295	0.8493	rs4449134	-4.64	rs10865489	0.451984	-7.46	-0.1901	267	40	enet	0.48	1e-18	-0.563975	0.57277
Brain_Amygdala	/media/kame/Data/_workings/resource/GTEv8//GTExv8.EUR.Brain_Amygdala/ENSG00000143429.10.wgt.RDat	ENSG00000143429.10	2	91659971	91659972	0.0771	rs4059663	1.53	rs4059663	0.079654	-3.57	1.52611	4	4	enet	0.079	0.0012	-1.551704	0.12073
Brain_Amygdala	/media/kame/Data/_workings/resource/GTEv8//GTExv8.EUR.Brain_Amygdala/ENSG00000223564.1.wgt.RDat	ENSG00000223564.1	2	94760278	94760279	0.3974	rs2874315	2.72	rs10210891	0.101604	4.27	-0.23432	64	5	enet	0.055	0.0061	-0.034469	0.9725
Brain_Amygdala	/media/kame/Data/_workings/resource/GTEv8//GTExv8.EUR.Brain_Amygdala/ENSG00000144026.11.wgt.RDat	ENSG00000144026.11	2	95165412	95165413	0.6602	rs2008501	3.63	rs10184772	0.078457	-4.44	0.80476	112	37	enet	0.36	3e-13	-0.281524	0.77831
Brain_Amygdala	/media/kame/Data/_workings/resource/GTEv8//GTExv8.EUR.Brain_Amygdala/ENSG00000155066.15.wgt.RDat	ENSG00000155066.15	2	95274452	95274453	0.2183	rs17119922	4.54	rs1862896	0.061281	-3.91	-0.28308	120	6	enet	0.016	0.092	0.205621	0.83709
Brain_Amygdala	/media/kame/Data/_workings/resource/GTEv8//GTExv8.EUR.Brain_Amygdala/ENSG00000198885.9.wgt.RDat	ENSG00000198885.9	2	96325330	96325331	0.1071	rs17420101	4.03	rs584811	0.07781	4.13	1.35948	162	11	enet	0.027	0.041	1.401176	0.16116
Brain_Amygdala	/media/kame/Data/_workings/resource/GTEv8//GTExv8.EUR.Brain_Amygdala/ENSG00000144199.11.wgt.RDat	ENSG00000144199.11	2	97094881	97094882	0.1098	rs17119645	4.3	rs1148600	0.003806	-3.42	2.17444	124	8	enet	0.04	0.016	-0.481956	0.62984
Brain_Amygdala	/media/kame/Data/_workings/resource/GTEv8//GTExv8.EUR.Brain_Amygdala/ENSG00000135976.17.wgt.RDat	ENSG00000135976.17	2	97113495	97113496	0.2828	rs17119645	4.3	rs10199493	0.128374	-4.71	-0.94731	120	8	enet	0.11	0.00012	0.948548	0.34285
Brain_Amygdala	/media/kame/Data/_workings/resource/GTEv8//GTExv8.EUR.Brain_Amygdala/ENSG00000230606.10.wgt.RDat	ENSG00000230606.10	2	97433526	97433527	0.2326	rs10207116	3.35	rs1257089	0.018497	4.23	2.00738	123	18	enet	0.043	0.013	0.684301	0.49379
Brain_Amygdala	/media/kame/Data/_workings/resource/GTEv8//GTExv8.EUR.Brain_Amygdala/ENSG00000196912.12.wgt.RDat	ENSG00000196912.12	2	97589964	97589965	0.2963	rs10171740	3.35	rs2138132	0.168104	4.65	-0.57457	117	5	enet	0.13	2.6e-05	-1.544746	0.12241
Brain_Amygdala	/media/kame/Data/_workings/resource/GTEv8//GTExv8.EUR.Brain_Amygdala/ENSG00000115085.13.wgt.RDat	ENSG00000115085.13	2	97713559	97713560	0.2712	rs10207116	3.35	rs11893601	0.145922	4.3	0.09693	165	22	enet	0.1	0.00019	0.181034	0.85634
Brain_Amygdala	/media/kame/Data/_workings/resource/GTEv8//GTExv8.EUR.Brain_Amygdala/ENSG00000135951.14.wgt.RDat	ENSG00000135951.14	2	99154953	99154954	0.1982	rs1607255	8.38	rs11123761	0.178195	-5.33	-0.04156	298	27	enet	0.13	2.7e-05	0.830154	0.40645
Brain_Amygdala	/media/kame/Data/_workings/resource/GTEv8//GTExv8.EUR.Brain_Amygdala/ENSG00000144182.16.wgt.RDat	ENSG00000144182.16	2	99154964	99154965	0.2039	rs1607255	8.38	rs720228	0.19196	-5.27	-0.19129	298	29	enet	0.13	4.2e-05	1.90252	0.0571
Brain_Amygdala	/media/kame/Data/_workings/resource/GTEv8//GTExv8.EUR.Brain_Amygdala/ENSG00000185414.19.wgt.RDat	ENSG00000185414.19	2	99181078	99181079	0.2154	rs1607255	8.38	rs11695751	0.163091	-4.7	-0.177	303	27	enet	0.079	0.0012	0.506603	0.61243
Brain_Amygdala	/media/kame/Data/_workings/resource/GTEv8//GTExv8.EUR.Brain_Amygdala/ENSG00000115526.10.wgt.RDat	ENSG00000115526.10	2	100417655	100417656	0.1425	rs870321	7.63	rs11685401	0.156081	-4.77	-1.36433	475	15	enet	0.13	4.6e-05	1.115633	0.26458
Brain_Amygdala	/media/kame/Data/_workings/resource/GTEv8//GTExv8.EUR.Brain_Amygdala/ENSG00000212283.1.wgt.RDat	ENSG00000212283.1	2	101273048	101273049	0.546	rs2136435	3.52	rs13025261	0.354215	6.52	-0.69885	402	7	enet	0.26	1.4e-09	-0.98908	0.32262
Brain_Amygdala	/media/kame/Data/_workings/resource/GTEv8//GTExv8.EUR.Brain_Amygdala/ENSG00000115602.16.wgt.RDat	ENSG00000115602.16	2	102311501	102311502	0.2672	rs759382	-5.32	rs7568913	0.20576	-5.31	0.53009	568	10	enet	0.18	7.2e-07	-0.488293	0.62534
Brain_Amygdala	/media/kame/Data/_workings/resource/GTEv8//GTExv8.EUR.Brain_Amygdala/ENSG00000115604.10.wgt.RDat	ENSG00000115604.10	2	102355928	102355929	0.4587	rs759382	-5.32	rs7568913	0.35298	-6.61	0.53009	564	46	enet	0.33	4.2e-12	-0.740512	0.45899
Brain_Amygdala	/media/kame/Data/_workings/resource/GTEv8//GTExv8.EUR.Brain_Amygdala/ENSG00000115607.9.wgt.RDat	ENSG00000115607.9	2	102418688	102418689	0.25	rs759382	-5.32	rs4467294	-0.000923	3.45	-1.7743	557	31	enet	0.034	0.026	-1.111906	0.26618
Brain_Amygdala	/media/kame/Data/_workings/resource/GTEv8//GTExv8.EUR.Brain_Amygdala/ENSG00000234177.5.wgt.RDat	ENSG00000234177.5	2	104757718	104757719	0.3973	rs17030487	6.21	rs384964	0.204458	5.78	-1.88121	362	26	enet	0.22	4.2e-08	-1.146888	0.25143
Brain_Amygdala	/media/kame/Data/_workings/resource/GTEv8//GTExv8.EUR.Brain_Amygdala/ENSG00000135972.8.wgt.RDat	ENSG00000135972.8	2	105037982	105037983	0.2908	rs17030487	6.21	rs12611937	0.18096	-5.08	-1.7318	467	20	enet	0.19	4.5e-07	1.694715	0.09013
Brain_Amygdala	/media/kame/Data/_workings/resource/GTEv8//GTExv8.EUR.Brain_Amygdala/ENSG00000224509.2.wgt.RDat	ENSG00000224509.2	2	105038495	105038496	0.253	rs17030487	6.21	rs1517854	0.113031	3.98	-0.23907	467	18	enet	-0.0034	0.44	-0.168843	0.86592
Brain_Amygdala	/media/kame/Data/_workings/resource/GTEv8//GTExv8.EUR.Brain_Amygdala/ENSG00000226508.1.wgt.RDat	ENSG00000226508.1	2	105144112	105144113	0.3054	rs17030487	6.21	rs4851817	0.000873	-3.28	-0.00455	517	46	enet	0.02	0.07	2.79703	0.00516
Brain_Amygdala	/media/kame/Data/_workings/resource/GTEv8//GTExv8.EUR.Brain_Amygdala/ENSG00000119147.9.wgt.RDat	ENSG00000119147.9	2	106063245	106063246	0.3574	rs11675026	5.89	rs13386274	-0.00663	-3.32	1.30815	481	17	enet	-0.0012	0.36	-0.248699	0.80359
Brain_Amygdala	/media/kame/Data/_workings/resource/GTEv8//GTExv8.EUR.Brain_Amygdala/ENSG00000229360.1.wgt.RDat	ENSG00000229360.1	2	106941481	106941482	0.5359	rs2030676	-9.26	rs10165214	0.347026	6.56	3.42143	427	59	enet	0.3	9.5e-11	2.97908	0.00289
Brain_Amygdala	/media/kame/Data/_workings/resource/GTEv8//GTExv8.EUR.Brain_Amygdala/ENSG00000198203.9.wgt.RDat	ENSG00000198203.9	2	108288638	108288639	0.5735	rs3820957	3.81	rs13410305	0.378778	6.77	-0.55196	324	45	enet	0.33	3.3e-12	-0.709719	0.47788
Brain_Amygdala	/media/kame/Data/_workings/resource/GTEv8//GTExv8.EUR.Brain_Amygdala/ENSG00000198075.9.wgt.RDat	ENSG00000198075.9	2	108378011	108378012	0.4549	rs3820957	3.81	rs17190797	0.227114	5.33	0.16032	325	41	enet	0.12	4.9e-05	0.861193	0.38913
Brain_Amygdala	/media/kame/Data/_workings/resource/GTEv8//GTExv8.EUR.Brain_Amygdala/ENSG00000186522.14.wgt.RDat	ENSG00000186522.14	2	109614205	109614206	0.2323	rs10174250	-5.77	rs3923006	0.021811	-3.57	0.63591	266	15	enet	0.013	0.12	-1.151425	0.24956
Brain_Amygdala	/media/kame/Data/_workings/resource/GTEv8//GTExv8.EUR.Brain_Amygdala/ENSG00000169629.11.wgt.RDat	ENSG00000169629.11	2	112434487	112434488	0.4188	rs17042509	7.55	rs6542056	0.2815	-6.92	0.10197	402	53	enet	0.4	4.6e-15	0.311464	0.75545
Brain_Amygdala	/media/kame/Data/_workings/resource/GTEv8//GTExv8.EUR.Brain_Amygdala/ENSG00000125630.15.wgt.RDat	ENSG00000125630.15	2	112541914	112541915	0.4264	rs17042509	7.55	rs13412193	0.280149	5.97	1.1759	395	17	enet	0.15	9.2e-06	1.346796	0.17805
Brain_Amygdala	/media/kame/Data/_workings/resource/GTEv8//GTExv8.EUR.Brain_Amygdala/ENSG00000243389.1.wgt.RDat	ENSG00000243389.1	2	112614212	112614213	0.1915	rs17042509	7.55	rs7559710	0.06924	4.27	-0.27328	441	14	enet	0.02	0.067	-1.273886	0.2027
Brain_Amygdala	/media/kame/Data/_workings/resource/GTEv8//GTExv8.EUR.Brain_Amygdala/ENSG00000237753.1.wgt.RDat	ENSG00000237753.1	2	112645689	112645690	0.4805	rs17042509	7.55	rs4849088	0.314443	6.73	0.16614	469	22	enet	0.36	4.1e-13	-0.113474	0.90965
Brain_Amygdala	/media/kame/Data/_workings/resource/GTEv8//GTExv8.EUR.Brain_Amygdala/ENSG00000125637.15.wgt.RDat	ENSG00000125637.15	2	113157324	113157325	0.2125	rs17042509	7.55	rs17624793	0.000272	3.45	-1.63329	441	53	enet	0.0026	0.26	1.141794	0.25354
Brain_Amygdala	/media/kame/Data/_workings/resource/GTEv8//GTExv8.EUR.Brain_Amygdala/ENSG00000189223.14.wgt.RDat	ENSG00000189223.14	2	113211521	113211522	0.5369	rs17042509	7.55	rs11123172	0.373676	-6.69	-0.24008	445	65	enet	0.39	1.4e-14	-0.197898	0.84313
Brain_Amygdala	/media/kame/Data/_workings/resource/GTEv8//GTExv8.EUR.Brain_Amygdala/ENSG00000125618.16.wgt.RDat	ENSG00000125618.16	2	113278949	113278950	0.4865	rs17042509	7.55	rs11123172	0.314507	-6.18	-0.24008	448	48	enet	0.31	3.6e-11	0.410875	0.68116
Brain_Amygdala	/media/kame/Data/_workings/resource/GTEv8//GTExv8.EUR.Brain_Amygdala/ENSG00000225398.3.wgt.RDat	ENSG00000225398.3	2	113541936	113541937	0.4379	rs17046611	4.94	rs2044686	0.22956	5.98	-0.04528	390	12	enet	0.15	1.1e-05	0.624445	0.53234
Brain_Amygdala	/media/kame/Data/_workings/resource/GTEv8//GTExv8.EUR.Brain_Amygdala/ENSG00000226516.7.wgt.RDat	ENSG00000226516.7	2	113577381	113577382	0.2689	rs17046611	4.94	rs4544450	0.165508	4.57	-0.03957	362	29	enet	0.12	9.3e-05	0.320715	0.74843
Brain_Amygdala	/media/kame/Data/_workings/resource/GTEv8//GTExv8.EUR.Brain_Amygdala/ENSG00000146556.14.wgt.RDat	ENSG00000146556.14	2	113588549	113588550	0.3938	rs17046611	4.94	rs4849261	0.347508	-6.48	-0.20844	346	21	enet	0.27	1e-09	0.27502	0.7833
Brain_Amygdala	/media/kame/Data/_workings/resource/GTEv8//GTExv8.EUR.Brain_Amygdala/ENSG00000236397.3.wgt.RDat	ENSG00000236397.3	2	113601260	113601261	0.5481	rs17046611	4.94	rs4849261	0.396249	7.01	-0.20844	341	18	enet	0.37	1.2e-13	-0.428568	0.66824
Brain_Amygdala	/media/kame/Data/_workings/resource/GTEv8//GTExv8.EUR.Brain_Amygdala/ENSG00000279267.1.wgt.RDat	ENSG00000279267.1	2	113607907	113607908	0.55	rs17046611	4.94	rs4849261	0.28084	6.57	-0.20844	338	47	enet	0.34	2.2e-12	-0.37737	0.7059
Brain_Amygdala	/media/kame/Data/_workings/resource/GTEv8//GTExv8.EUR.Brain_Amygdala/ENSG00000240356.6.wgt.RDat	ENSG00000240356.6	2	113627089	113627090	0.6249	rs17046611	4.94	rs4849261	0.212859	6.16	-0.20844	324	18	enet	0.29	1.1e-10	-0.579657	0.56215
Brain_Amygdala	/media/kame/Data/_workings/resource/GTEv8//GTExv8.EUR.Brain_Amygdala/ENSG00000115084.13.wgt.RDat	ENSG00000115084.13	2	113756822	113756823	0.1846	rs17046611	4.94	rs3870303	0.093875	4.58	-0.05483	310	3	enet	0.0082	0.16	0.022562	0.982
Brain_Amygdala	/media/kame/Data/_workings/resource/GTEv8//GTExv8.EUR.Brain_Amygdala/ENSG00000228857.2.wgt.RDat	ENSG00000228857.2	2	113843355	113843356	0.4607	rs17046611	4.94	rs11676646	0.382003	-6.98	-0.03096	287	23	enet	0.39	1.2e-14	-0.089596	0.92861
Brain_Amygdala	/media/kame/Data/_workings/resource/GTEv8//GTExv8.EUR.Brain_Amygdala/ENSG00000229867.1.wgt.RDat	ENSG00000229867.1	2	119249070	119249071	0.3167	rs2077344	5.22	rs7592930	0.007093	-3.53	0.304	490	15	enet	0.12	7.7e-05	-0.045869	0.96341
Brain_Amygdala	/media/kame/Data/_workings/resource/GTEv8//GTExv8.EUR.Brain_Amygdala/ENSG00000236682.1.wgt.RDat	ENSG00000236682.1	2	127389129	127389130	0.7347	rs705048	-7.03	rs4150506	0.684251	8.99	-0.5636	436	16	enet	0.66	1.1e-29	-0.59955	0.54881
Brain_Amygdala	/media/kame/Data/_workings/resource/GTEv8//GTExv8.EUR.Brain_Amygdala/ENSG00000225449.3.wgt.RDat	ENSG00000225449.3	2	129979662	129979663	0.4338	rs17637334	-2.66	rs6760544	0.276773	-6.18	-0.10749	256	11	enet	0.24	1.2e-08	0.39788	0.69072
Brain_Amygdala	/media/kame/Data/_workings/resource/GTEv8//GTExv8.EUR.Brain_Amygdala/ENSG00000236595.1.wgt.RDat	ENSG00000236595.1	2	130251567	130251568	0.2147	rs17637334	-2.64	rs938868	0.253597	-5.96	1.08834	143	23	enet	0.25	3.4e-09	-0.060079	0.95209
Brain_Amygdala	/media/kame/Data/_workings/resource/GTEv8//GTExv8.EUR.Brain_Amygdala/ENSG00000224425.2.wgt.RDat	ENSG00000224425.2	2	131353018	131353019	0.2165	rs9677376	-5.03	rs6414022	0.172503	-4.98	-0.35509	195	20	enet	0.061	0.004	0.557757	0.57701
Brain_Amygdala	/media/kame/Data/_workings/resource/GTEv8//GTExv8.EUR.Brain_Amygdala/ENSG00000273073.1.wgt.RDat	ENSG00000273073.1	2	131463614	131463615	0.3255	rs9677376	-5.03	rs6731616	0.124244	3.98	-0.98718	168	30	enet	0.062	0.0036	0.225988	0.82121
Brain_Amygdala	/media/kame/Data/_workings/resource/GTEv8//GTExv8.EUR.Brain_Amygdala/ENSG00000173272.15.wgt.RDat	ENSG00000173272.15	2	131492742	131492743	0.275	rs9677376	-5.03	rs7572535	0.102735	-4.24	-1.7898	163	14	enet	0.06	0.0043	1.040611	0.29806
Brain_Amygdala	/media/kame/Data/_workings/resource/GTEv8//GTExv8.EUR.Brain_Amygdala/ENSG00000152117.17.wgt.RDat	ENSG00000152117.17	2	131492812	131492813	0.4497	rs9677376	-5.03	rs12469056	0.374309	-6.76	-3.76296	163	16	enet	0.35	7e-13	2.564266	0.01034
Brain_Amygdala	/media/kame/Data/_workings/resource/GTEv8//GTExv8.EUR.Brain_Amygdala/ENSG00000163046.15.wgt.RDat	ENSG00000163046.15	2	132257968	132257969	0.3183	rs4468865	-5.77	rs4410338	0.223341	-5.63	-0.81319	262	4	enet	0.22	3.1e-08	0.89088	0.37299
Brain_Amygdala	/media/kame/Data/_workings/resource/GTEv8//GTExv8.EUR.Brain_Amygdala/ENSG00000168280.16.wgt.RDat	ENSG00000168280.16	2	148875249	148875250	0.1956	rs1446842	-4.85	rs16829057	0.016316	-3.82	-0.31963	350	18	enet	0.0052	0.21	-0.691781	0.48908
Brain_Amygdala	/media/kame/Data/_workings/resource/GTEv8//GTExv8.EUR.Brain_Amygdala/ENSG00000123610.4.wgt.RDat	ENSG00000123610.4	2	151357591	151357592	0.1746	rs3845844	6.64	rs6715902	0.028565	3.93	-0.4212	440	8	enet	0.029	0.036	0.151322	0.87972
Brain_Amygdala	/media/kame/Data/_workings/resource/GTEv8//GTExv8.EUR.Brain_Amygdala/ENSG00000080345.17.wgt.RDat	ENSG00000080345.17	2	151409882	151409883	0.2393	rs3845844	6.64	rs10197940	0.168725	-5.13	0.48863	398	29	enet	0.1	0.00026	0.078337	0.93756
Brain_Amygdala	/media/kame/Data/_workings/resource/GTEv8//GTExv8.EUR.Brain_Amygdala/ENSG00000162989.4.wgt.RDat	ENSG00000162989.4	2	154698298	154698299	0.3195	rs3106658	-7.25	rs765439	0.059445	-4.78	-4.09022	394	32	enet	0.13	2.5e-05	-0.719858	0.47161
Brain_Amygdala	/media/kame/Data/_workings/resource/GTEv8//GTExv8.EUR.Brain_Amygdala/ENSG00000196151.10.wgt.RDat	ENSG00000196151.10	2	159286798	159286799	0.4223	rs888628	3.51	rs6761921	0.350394	-6.51	-0.12919	421	10	enet	0.27	7.4e-10	0.17029	0.86478
Brain_Amygdala	/media/kame/Data/_workings/resource/GTEv8//GTExv8.EUR.Brain_Amygdala/ENSG00000054219.10.wgt.RDat	ENSG00000054219.10	2	159904748	159904749	0.1818	rs4619557	4.68	rs3806603	0.137301	-4.4	-0.36429	437	9	enet	0.11	0.00012	0.202238	0.83973
Brain_Amygdala	/media/kame/Data/_workings/resource/GTEv8//GTExv8.EUR.Brain_Amygdala/ENSG00000138399.17.wgt.RDat	ENSG00000138399.17	2	169573874	169573875	0.3392	rs6725137	-4.07	rs746271	0.208004	5.12	-0.47914	429	16	enet	0.11	0.00017	-0.092278	0.92648
Brain_Amygdala	/media/kame/Data/_workings/resource/GTEv8//GTExv8.EUR.Brain_Amygdala/ENSG00000144362.11.wgt.RDat	ENSG00000144362.11	2	169694453	169694454	0.1642	rs6725137	-4.07	rs2683449	-0.001574	-3.48	1.44488	464	15	enet	-0.0059	0.58	-1.036729	0.29986
Brain_Amygdala	/media/kame/Data/_workings/resource/GTEv8//GTExv8.EUR.Brain_Amygdala/ENSG00000213981.8.wgt.RDat	ENSG00000213981.8	2	170695373	170695374	0.1829	rs4668302	-5.26	rs3764915	0.136319	4.84	-1.15944	458	9	enet	0.1	0.00022	-1.1705	0.2418
Brain_Amygdala	/media/kame/Data/_workings/resource/GTEv8//GTExv8.EUR.Brain_Amygdala/ENSG00000204335.3.wgt.RDat	ENSG00000204335.3	2	170715350	170715351	0.2968	rs4668302	-5.26	rs953680	0.281861	5.91	-1.14422	452	7	enet	0.19	4.4e-07	-0.838631	0.40168
Brain_Amygdala	/media/kame/Data/_workings/resource/GTEv8//GTExv8.EUR.Brain_Amygdala/ENSG00000239467.5.wgt.RDat	ENSG00000239467.5	2	170771112	170771113	0.2801	rs4668302	-5.26	rs1362487	0.037362	-4.24	-3.08937	436	17	enet	0.0069	0.18	0.952256	0.34097
Brain_Amygdala	/media/kame/Data/_workings/resource/GTEv8//GTExv8.EUR.Brain_Amygdala/ENSG00000204334.7.wgt.RDat	ENSG00000204334.7	2	170783785	170783786	0.1713	rs4668302	-5.26	rs2356232	0.14846	-4.4	-3.52661	423	11	enet	0.058	0.0048	3.260666	0.00111
Brain_Amygdala	/media/kame/Data/_workings/resource/GTEv8//GTExv8.EUR.Brain_Amygdala/ENSG00000071967.11.wgt.RDat	ENSG00000071967.11	2	171522246	171522247	0.6493	rs7580132	-5.61	rs3821083	0.209983	-5.38	-2.85193	350	53	enet	0.2	2.1e-07	0.283056	0.77713
Brain_Amygdala	/media/kame/Data/_workings/resource/GTEv8//GTExv8.EUR.Brain_Amygdala/ENSG00000228016.1.wgt.RDat	ENSG00000228016.1	2	172736205	172736206	0.3047	rs6751505	-5.43	rs10188540	0.012534	4.04	0.56708	491	20	enet	0.019	0.071	-0.054009	0.95693
Brain_Amygdala	/media/kame/Data/_workings/resource/GTEv8//GTExv8.EUR.Brain_Amygdala/ENSG00000115935.17.wgt.RDat	ENSG00000115935.17	2	174682915	174682916	0.425	rs4378760	3.11	rs11675139	0.245297	5.97	0.94445	328	22	enet	0.27	1.1e-09	-0.03607	0.97123
Brain_Amygdala	/media/kame/Data/_workings/resource/GTEv8//GTExv8.EUR.Brain_Amygdala/ENSG00000144320.13.wgt.RDat	ENSG00000144320.13	2	176002838	176002839	0.2996	rs921084	3.91	rs847175	0.026387	4.35	0.40286	449	16	enet	0.019	0.073	0.090707	0.92773
Brain_Amygdala	/media/kame/Data/_workings/resource/GTEv8//GTExv8.EUR.Brain_Amygdala/ENSG00000138434.16.wgt.RDat	ENSG00000138434.16	2	181891887	181891888	0.3705	rs1196069	-7.45	rs2305588	0.041424	3.95	-0.68208	399	32	enet	0.038	0.018	-0.30535	0.7601
Brain_Amygdala	/media/kame/Data/_workings/resource/GTEv8//GTExv8.EUR.Brain_Amygdala/ENSG00000115252.18.wgt.RDat	ENSG00000115252.18	2	182523191	182523192	0.2752	rs1196069	-7.45	rs10182788	0.165265	5.19	-0.00857	426	23	enet	0.15	8.3e-06	0.269234	0.78775
Brain_Amygdala	/media/kame/Data/_workings/resource/GTEv8//GTExv8.EUR.Brain_Amygdala/ENSG00000226747.6.wgt.RDat	ENSG00000226747.6	2	185740478	185740479	0.6468	rs12622713	3.9	rs2193612	0.582464	8.31	0.11345	292	10	enet	0.58	6.3e-24	0.166092	0.86808
Brain_Amygdala	/media/kame/Data/_workings/resource/GTEv8//GTExv8.EUR.Brain_Amygdala/ENSG00000259915.2.wgt.RDat	ENSG00000259915.2	2	186356772	186356773	0.164	rs2595380	-3.87	rs6754898	0.237254	5.49	-0.12619	295	40	enet	0.23	2.1e-08	0.177249	0.85931
Brain_Amygdala	/media/kame/Data/_workings/resource/GTEv8//GTExv8.EUR.Brain_Amygdala/ENSG00000138448.11.wgt.RDat	ENSG00000138448.11	2	186590064	186590065	0.2476	rs2595380	-3.87	rs3768781	0.150807	-4.92	-1.69815	279	11	enet	0.11	0.00012	1.192246	0.23316
Brain_Amygdala	/media/kame/Data/_workings/resource/GTEv8//GTExv8.EUR.Brain_Amygdala/ENSG00000138449.10.wgt.RDat	ENSG00000138449.10	2	189583757	189583758	0.4849	rs10497704	4.47	rs11685197	0.163885	4.72	0.15562	273	33	enet	0.14	1.8e-05	0.524584	0.59987
Brain_Amygdala	/media/kame/Data/_workings/resource/GTEv8//GTExv8.EUR.Brain_Amygdala/ENSG00000138381.9.wgt.RDat	ENSG00000138381.9	2	189661384	189661385	0.2642	rs10497704	4.47	rs2289226	0.077075	-4.96	0.44988	285	31	enet	0.09	0.00054	-0.355819	0.72198
Brain_Amygdala	/media/kame/Data/_workings/resource/GTEv8//GTExv8.EUR.Brain_Amygdala/ENSG00000273240.1.wgt.RDat	ENSG00000273240.1	2	189764455	189764456	0.2269	rs10497704	4.47	rs1233284	0.113051	-4.85	0.57423	309	11	enet	0.082	0.00096	-0.696432	0.48616
Brain_Amygdala	/media/kame/Data/_workings/resource/GTEv8//GTExv8.EUR.Brain_Amygdala/ENSG00000128699.13.wgt.RDat	ENSG00000128699.13	2	189783572	189783573	0.4051	rs10497704	4.47	rs2289226	0.352517	6.7	0.44988	306	25	enet	0.27	7.8e-10	0.578066	0.56322
Brain_Amygdala	/media/kame/Data/_workings/resource/GTEv8//GTExv8.EUR.Brain_Amygdala/ENSG00000198130.15.wgt.RDat	ENSG00000198130.15	2	190320044	190320045	0.4795	rs1558471	-3.47	rs2664253	0.364102	-6.76	0.10664	334	18	enet	0.34	2e-12	-0.292553	0.76986
Brain_Amygdala	/media/kame/Data/_workings/resource/GTEv8//GTExv8.EUR.Brain_Amygdala/ENSG00000151689.12.wgt.RDat	ENSG00000151689.12	2	190343469	190343470	0.2603	rs1558471	-3.47	rs1882892	0.170313	4.84	1.87508	335	20	enet	0.012	0.12	1.390199	0.16447
Brain_Amygdala	/media/kame/Data/_workings/resource/GTEv8//GTExv8.EUR.Brain_Amygdala/ENSG00000151690.14.wgt.RDat	ENSG00000151690.14	2	190408354	190408355	0.2642	rs1558471	-3.47	rs6753459	0.077507	4.79	1.69519	336	16	enet	0.11	0.00018	1.468166	0.14206
Brain_Amygdala	/media/kame/Data/_workings/resource/GTEv8//GTExv8.EUR.Brain_Amygdala/ENSG00000284052.1.wgt.RDat	ENSG00000284052.1	2	190649829	190649830	0.2603	rs11887698	3.73	rs2356126	0.219423	5.47	0.4625	371	29	enet	0.19	4.9e-07	0.144426	0.88516
Brain_Amygdala	/media/kame/Data/_workings/resource/GTEv8//GTExv8.EUR.Brain_Amygdala/ENSG00000118997.13.wgt.RDat	ENSG00000118997.13	2	196068811	196068812	0.2753	rs6724756	-6.44	rs1568366	0.179689	5.49	-0.08878	381	13	enet	0.056	0.0054	-0.310004	0.75656
Brain_Amygdala	/media/kame/Data/_workings/resource/GTEv8//GTExv8.EUR.Brain_Amygdala/ENSG00000213938.3.wgt.RDat	ENSG00000213938.3	2	199659550	199659551	0.4261	rs6726276	5.84	rs6759018	0.033144	-3.94	0.59108	276	32	enet	0.064	0.0031	-1.189625	0.23419
Brain_Amygdala	/media/kame/Data/_workings/resource/GTEv8//GTExv8.EUR.Brain_Amygdala/ENSG00000226124.6.wgt.RDat	ENSG00000226124.6	2	199851172	199851173	0.5565	rs6726276	5.84	rs6759018	0.329562	6.64	0.59108	305	16	enet	0.27	8.7e-10	0.068722	0.94521
Brain_Amygdala	/media/kame/Data/_workings/resource/GTEv8//GTExv8.EUR.Brain_Amygdala/ENSG00000240344.8.wgt.RDat	ENSG00000240344.8	2	200889302	200889303	0.6894	rs893355	-7.48	rs2136600	0.454293	-7.97	-0.64784	451	44	enet	0.5	1.3e-19	0.493972	0.62133
Brain_Amygdala	/media/kame/Data/_workings/resource/GTEv8//GTExv8.EUR.Brain_Amygdala/ENSG00000064012.21.wgt.RDat	ENSG00000064012.21	2	201233442	201233443	0.1542	rs17468821	-5.65	rs4035021	0.002066	3.58	0.5976	350	19	enet	-0.0083	0.86	0.539071	0.58984
Brain_Amygdala	/media/kame/Data/_workings/resource/GTEv8//GTExv8.EUR.Brain_Amygdala/ENSG00000155749.12.wgt.RDat	ENSG00000155749.12	2	201357397	201357398	0.2725	rs17468821	-5.65	rs1035142	0.203715	4.99	-0.13977	346	7	enet	0.15	6.4e-06	0.185319	0.85298
Brain_Amygdala	/media/kame/Data/_workings/resource/GTEv8//GTExv8.EUR.Brain_Amygdala/ENSG00000115993.12.wgt.RDat	ENSG00000115993.12	2	201451578	201451579	0.1719	rs17468821	-5.65	rs10211216	0.024461	-3.81	-0.72108	359	35	enet	0.013	0.12	1.516174	0.12948
Brain_Amygdala	/media/kame/Data/_workings/resource/GTEv8//GTExv8.EUR.Brain_Amygdala/ENSG00000144426.18.wgt.RDat	ENSG00000144426.18	2	203014878	203014879	0.1212	rs4675290	5.58	rs2469950	0.103749	3.94	-0.59147	254	48	enet	0.062	0.0036	0.650809	0.51517
Brain_Amygdala	/media/kame/Data/_workings/resource/GTEv8//GTExv8.EUR.Brain_Amygdala/ENSG00000023228.13.wgt.RDat	ENSG00000023228.13	2	206159583	206159584	0.3573	rs12478085	-7.95	rs1044120	0.221001	-5.4	-1.53496	418	20	enet	0.2	2.1e-07	1.956859	0.05036
Brain_Amygdala	/media/kame/Data/_workings/resource/GTEv8//GTExv8.EUR.Brain_Amygdala/ENSG00000138376.10.wgt.RDat	ENSG00000138376.10	2	214809710	214809711	0.1913	rs7586962	5.31	rs6753417	0.025187	4.28	-0.00242	428	14	enet	0.018	0.08	0.612026	0.54052
Brain_Amygdala	/media/kame/Data/_workings/resource/GTEv8//GTExv8.EUR.Brain_Amygdala/ENSG00000138363.14.wgt.RDat	ENSG00000138363.14	2	215311816	215311817	0.3199	rs1525351	-4.17	rs16853697	0.07407	-5.21	-2.83481	464	11	enet	0.11	9.6e-05	0.960846	0.33663
Brain_Amygdala	/media/kame/Data/_workings/resource/GTEv8//GTExv8.EUR.Brain_Amygdala/ENSG00000229352.1.wgt.RDat	ENSG00000229352.1	2	216799607	216799608	0.487	rs2738278	-4.15	rs2541385	0.15419	5.39	-0.06158	498	11	enet	0.13	3.3e-05	0.035066	0.97203
Brain_Amygdala	/media/kame/Data/_workings/resource/GTEv8//GTExv8.EUR.Brain_Amygdala/ENSG00000261338.2.wgt.RDat	ENSG00000261338.2	2	218255318	218255319	0.418	rs4674332	-8.43	rs736730	0.517136	-7.98	-0.2761	443	21	enet	0.54	6.2e-22	0.631873	0.52747
Brain_Amygdala	/media/kame/Data/_workings/resource/GTEv8//GTExv8.EUR.Brain_Amygdala/ENSG00000182698.11.wgt.RDat	ENSG00000182698.11	2	219333176	219333177	0.4516	rs3731897	5.17	rs2385260	0.295578	-6.51	0.1958	419	8	enet	0.19	4.3e-07	-0.679089	0.49708
Brain_Amygdala	/media/kame/Data/_workings/resource/GTEv8//GTExv8.EUR.Brain_Amygdala/ENSG00000261428.2.wgt.RDat	ENSG00000261428.2	2	222569718	222569719	0.5325	rs4673048	-4.05	rs1447108	0.241239	-5.62	0.2597	461	27	enet	0.15	5.7e-06	0.109019	0.91319
Brain_Amygdala	/media/kame/Data/_workings/resource/GTEv8//GTExv8.EUR.Brain_Amygdala/ENSG00000115053.15.wgt.RDat	ENSG00000115053.15	2	231464593	231464594	0.2285	rs745962	4.68	rs7592642	0.000818	-3.33	0.11185	375	17	enet	-0.0067	0.65	0.299206	0.76478
Brain_Amygdala	/media/kame/Data/_workings/resource/GTEv8//GTExv8.EUR.Brain_Amygdala/ENSG00000283312.1.wgt.RDat	ENSG00000283312.1	2	231495298	231495299	0.4653	rs745962	4.68	rs13413289	0.050249	-5.19	-1.19489	369	16	enet	0.27	5.8e-10	1.055499	0.2912
Brain_Amygdala	/media/kame/Data/_workings/resource/GTEv8//GTExv8.EUR.Brain_Amygdala/ENSG00000182600.9.wgt.RDat	ENSG00000182600.9	2	232869013	232869014	0.4715	rs2344968	5.04	rs2675966	0.35673	-6.69	-1.68342	482	34	enet	0.33	3.5e-12	1.586164	0.1127
Brain_Amygdala	/media/kame/Data/_workings/resource/GTEv8//GTExv8.EUR.Brain_Amygdala/ENSG00000085982.13.wgt.RDat	ENSG00000085982.13	2	233566781	233566782	0.4466	rs4663995	-4.5	rs838705	0.002301	3.41	-0.05161	750	73	enet	0.026	0.044	0.817867	0.41343
Brain_Amygdala	/media/kame/Data/_workings/resource/GTEv8//GTExv8.EUR.Brain_Amygdala/ENSG00000132330.16.wgt.RDat	ENSG00000132330.16	2	238060888	238060889	0.1942	rs10199579	-3.53	rs2264132	0.139807	4.77	-2.29074	480	5	enet	0.067	0.0027	-2.436869	0.01482
Brain_Amygdala	/media/kame/Data/_workings/resource/GTEv8//GTExv8.EUR.Brain_Amygdala/ENSG00000144488.14.wgt.RDat	ENSG00000144488.14	2	238100156	238100157	0.3775	rs10199579	-3.53	rs12479385	0.356641	6.65	-0.77411	492	12	enet	0.31	2.3e-11	-1.101697	0.27059
Brain_Amygdala	/media/kame/Data/_workings/resource/GTEv8//GTExv8.EUR.Brain_Amygdala/ENSG00000144485.10.wgt.RDat	ENSG00000144485.10	2	238240661	238240662	0.6006	rs4663943	-4.34	rs7584376	0.259911	5.66	2.26381	492	11	enet	0.19	3.6e-07	2.254736	0.02415
Brain_Amygdala	/media/kame/Data/_workings/resource/GTEv8//GTExv8.EUR.Brain_Amygdala/ENSG00000233608.3.wgt.RDat	ENSG00000233608.3	2	238848031	238848032	0.3637	rs3791576	5.01	rs11674577	0.012938	-3.87	-0.76285	481	53	enet	0.025	0.048	-1.280436	0.20039
Brain_Amygdala	/media/kame/Data/_workings/resource/GTEv8//GTExv8.EUR.Brain_Amygdala/ENSG00000146205.13.wgt.RDat	ENSG00000146205.13	2	241188508	241188509	0.3618	rs10048694	-2.43	rs3755325	0.121421	-4.98	1.44617	402	23	enet	0.12	8.1e-05	-0.937667	0.34842
Brain_Amygdala	/media/kame/Data/_workings/resource/GTEv8//GTExv8.EUR.Brain_Amygdala/ENSG00000168385.17.wgt.RDat	ENSG00000168385.17	2	241315099	241315100	0.6292	rs4675794	-2.85	rs11681497	0.418932	7.19	-0.84134	368	12	enet	0.36	3.9e-13	-0.52977	0.59627
Brain_Amygdala	/media/kame/Data/_workings/resource/GTEv8//GTExv8.EUR.Brain_Amygdala/ENSG00000115677.16.wgt.RDat	ENSG00000115677.16	2	241317060	241317061	0.2668	rs4675794	-2.85	rs7568	0.09384	-3.98	0.31341	369	9	enet	0.072	0.0018	-0.370646	0.7109
Brain_Amygdala	/media/kame/Data/_workings/resource/GTEv8//GTExv8.EUR.Brain_Amygdala/ENSG00000006607.13.wgt.RDat	ENSG00000006607.13	2	241356242	241356243	0.1949	rs35512023	2.86	rs4675812	0.04899	-4.03	0.1481	364	13	enet	0.006	0.19	0.097072	0.92267
Brain_Amygdala	/media/kame/Data/_workings/resource/GTEv8//GTExv8.EUR.Brain_Amygdala/ENSG00000180902.17.wgt.RDat	ENSG00000180902.17	2	241734578	241734579	0.5988	rs35512023	2.86	rs7582582	0.308207	6.11	-0.37201	221	12	enet	0.25	4.9e-09	-0.313848	0.75364
Brain_Amygdala	/media/kame/Data/_workings/resource/GTEv8//GTExv8.EUR.Brain_Amygdala/ENSG00000154252.11.wgt.RDat	ENSG00000154252.11	2	241776824	241776825	0.3272	rs35512023	2.86	rs10755057	0.112079	-3.95	0.35597	201	4	enet	0.044	0.013	0.163824	0.86987
Brain_Amygdala	/media/kame/Data/_workings/resource/GTEv8//GTExv8.EUR.Brain_Amygdala/ENSG00000224272.2.wgt.RDat	ENSG00000224272.2	2	241812015	241812016	0.7128	rs35512023	2.86	rs34761249	0.519466	7.88	2.49076	191	15	enet	0.48	2e-18	2.161851	0.03063
Brain_Amygdala	/media/kame/Data/_workings/resource/GTEv8//GTExv8.EUR.Brain_Amygdala/ENSG00000237940.3.wgt.RDat	ENSG00000237940.3	2	241970682	241970683	0.4116	rs35512023	2.86	rs11510409	0.196644	-5.01	-1.18144	132	6	enet	0.14	2.2e-05	0.780802	0.43492
Brain_Amygdala	/media/kame/Data/_workings/resource/GTEv8//GTExv8.EUR.Brain_Amygdala/ENSG00000280119.1.wgt.RDat	ENSG00000280119.1	2	242001208	242001209	0.3037	rs35512023	2.86	rs11510409	0.007502	-3.57	-1.22186	122	26	enet	-0.0056	0.56	1.311306	0.18975
Brain_Amygdala	/media/kame/Data/_workings/resource/GTEv8//GTExv8.EUR.Brain_Amygdala/ENSG00000261186.2.wgt.RDat	ENSG00000261186.2	2	242088456	242088457	0.6539	rs35512023	2.86	rs4973686	0.304757	6.24	0.70252	88	11	enet	0.33	5.5e-12	1.024071	0.3058
Brain_Amygdala	/media/kame/Data/_workings/resource/GTEv8//GTExv8.EUR.Brain_Amygdala/ENSG00000134121.9.wgt.RDat	ENSG00000134121.9	3	196595	196596	0.3925	rs7647780	5.33	rs1112886	-0.00368	4.1	-0.09022	355	17	enet	0.029	0.035	0.5257	0.59912
Brain_Amygdala	/media/kame/Data/_workings/resource/GTEv8//GTExv8.EUR.Brain_Amygdala/ENSG00000224318.5.wgt.RDat	ENSG00000224318.5	3	197288	197289	0.2369	rs7647780	5.33	rs2271499	0.04006	-4.25	-0.9318	355	13	enet	0.11	0.00014	0.5936	0.55275
Brain_Amygdala	/media/kame/Data/_workings/resource/GTEv8//GTExv8.EUR.Brain_Amygdala/ENSG00000144455.13.wgt.RDat	ENSG00000144455.13	3	4467280	4467281	0.6686	rs795302	-6.32	rs2819562	0.296164	6.4	-1.16869	645	32	enet	0.33	3.7e-12	-0.5219	0.60175
Brain_Amygdala	/media/kame/Data/_workings/resource/GTEv8//GTExv8.EUR.Brain_Amygdala/ENSG00000227110.6.wgt.RDat	ENSG00000227110.6	3	8611923	8611924	0.2548	rs11718408	3.99	rs1038483	0.112179	4.46	-0.16348	717	17	enet	0.11	0.00019	-0.2092	0.83427
Brain_Amygdala	/media/kame/Data/_workings/resource/GTEv8//GTExv8.EUR.Brain_Amygdala/ENSG00000180914.10.wgt.RDat	ENSG00000180914.10	3	8769627	8769628	0.4492	rs756235	3.43	rs237925	0.162868	-5.08	0.25388	731	19	enet	0.21	1.3e-07	-0.1982	0.84292
Brain_Amygdala	/media/kame/Data/_workings/resource/GTEv8//GTExv8.EUR.Brain_Amygdala/ENSG00000134077.15.wgt.RDat	ENSG00000134077.15	3	9363303	9363304	0.4087	rs2279440	4.84	rs6774483	0.079373	-4.29	-0.75637	548	54	enet	0.088	6e-04	0.0661	0.94733
Brain_Amygdala	/media/kame/Data/_workings/resource/GTEv8//GTExv8.EUR.Brain_Amygdala/ENSG00000240288.7.wgt.RDat	ENSG00000240288.7	3	10287944	10287945	0.4175	rs7626117	-8.58	rs154239	0.256082	-5.93	-0.08142	605	10	enet	0.23	1.7e-08	-0.1245	0.90093
Brain_Amygdala	/media/kame/Data/_workings/resource/GTEv8//GTExv8.EUR.Brain_Amygdala/ENSG00000144559.10.wgt.RDat	ENSG00000144559.10	3	11846918	11846919	0.3017	rs2618405	6.92	rs2173331	0.158478	-4.85	0.67212	490	9	enet	0.095	0.00039	0.1845	0.85359
Brain_Amygdala	/media/kame/Data/_workings/resource/GTEv8//GTExv8.EUR.Brain_Amygdala/ENSG00000157150.4.wgt.RDat	ENSG00000157150.4	3	12159350	12159351	0.3477	rs2618405	6.92	rs9878908	0.030968	3.84	1.20248	510	34	enet	0.023	0.056	0.3399	0.73395
Brain_Amygdala	/media/kame/Data/_workings/resource/GTEv8//GTExv8.EUR.Brain_Amygdala/ENSG00000154781.15.wgt.RDat	ENSG00000154781.15	3	14651745	14651746	0.6424	rs4684187	3.53	rs1901	0.35193	6.54	0.00941	619	13	enet	0.3	4.7e-11	-0.0793	0.93683
Brain_Amygdala	/media/kame/Data/_workings/resource/GTEv8//GTExv8.EUR.Brain_Amygdala/ENSG00000131370.15.wgt.RDat	ENSG00000131370.15	3	15341367	15341368	0.3144	rs2470550	-8.51	rs17480024	-0.007674	3.36	-0.96867	421	30	enet	0.024	0.05	-0.6625	0.50765
Brain_Amygdala	/media/kame/Data/_workings/resource/GTEv8//GTExv8.EUR.Brain_Amygdala/ENSG00000271964.1.wgt.RDat	ENSG00000271964.1	3	16314438	16314439	0.2846	rs748832	11.53	rs842246	0.153519	4.77	0.4738	552	17	enet	0.04	0.016	-0.3925	0.69468
Brain_Amygdala	/media/kame/Data/_workings/resource/GTEv8//GTExv8.EUR.Brain_Amygdala/ENSG00000163576.17.wgt.RDat	ENSG00000163576.17	3	19947024	19947025	0.8046	rs11714225	4.75	rs1133328	0.553399	8.12	0.27817	376	16	enet	0.59	1.8e-24	-0.0333	0.97345
Brain_Amygdala	/media/kame/Data/_workings/resource/GTEv8//GTExv8.EUR.Brain_Amygdala/ENSG00000235904.2.wgt.RDat	ENSG00000235904.2	3	29290725	29290726	0.404	rs41356346	6.33	rs2888099	0.208967	-5.16	0.56327	586	28	enet	0.099	0.00028	-0.5334	0.59378
Brain_Amygdala	/media/kame/Data/_workings/resource/GTEv8//GTExv8.EUR.Brain_Amygdala/ENSG00000093167.17.wgt.RDat	ENSG00000093167.17	3	37176531	37176532	0.1821	rs9811881	3.59	rs6796088	0.109245	4.69	-0.45791	425	36	enet	0.08	0.0011	0.4563	0.64814
Brain_Amygdala	/media/kame/Data/_workings/resource/GTEv8//GTExv8.EUR.Brain_Amygdala/ENSG00000136059.14.wgt.RDat	ENSG00000136059.14	3	37988058	37988059	0.305	rs2073714	-3.35	rs9875248	0.192611	-5.29	0.82362	413	35	enet	0.17	1.4e-06	-0.8596	0.38999
Brain_Amygdala	/media/kame/Data/_workings/resource/GTEv8//GTExv8.EUR.Brain_Amygdala/ENSG00000157036.12.wgt.RDat	ENSG00000157036.12	3	38496126	38496127	0.2096	rs7374540	4.26	rs4407366	0.119976	4.25	-0.3954	439	29	enet	0.073	0.0017	0.7221	0.47025
Brain_Amygdala	/media/kame/Data/_workings/resource/GTEv8//GTExv8.EUR.Brain_Amygdala/ENSG00000168036.16.wgt.RDat	ENSG00000168036.16	3	41194836	41194837	0.1644	rs10510709	4.81	rs4973925	0.104142	4.55	1.46171	371	13	enet	0.11	0.00011	0.454	0.64981
Brain_Amygdala	/media/kame/Data/_workings/resource/GTEv8//GTExv8.EUR.Brain_Amygdala/ENSG00000168038.10.wgt.RDat	ENSG00000168038.10	3	41962429	41962430	0.2441	rs3774389	-5.55	rs1716975	0.26167	5.69	-0.13605	384	45	enet	0.22	4e-08	-0.5961	0.55111
Brain_Amygdala	/media/kame/Data/_workings/resource/GTEv8//GTExv8.EUR.Brain_Amygdala/ENSG00000230084.5.wgt.RDat	ENSG00000230084.5	3	42654387	42654388	0.3496	rs3774389	-5.55	rs33984028	0.247863	5.5	0.19712	463	34	enet	0.22	5.3e-08	0.2107	0.83314
Brain_Amygdala	/media/kame/Data/_workings/resource/GTEv8//GTExv8.EUR.Brain_Amygdala/ENSG00000010282.14.wgt.RDat	ENSG00000010282.14	3	42702826	42702827	0.1941	rs3774389	-5.55	rs7639483	0.071767	-4.58	0.20915	464	9	enet	0.031	0.03	1.886	0.0593
Brain_Amygdala	/media/kame/Data/_workings/resource/GTEv8//GTExv8.EUR.Brain_Amygdala/ENSG00000144647.5.wgt.RDat	ENSG00000144647.5	3	43106075	43106076	0.3026	rs17075630	6.39	rs4683356	0.306025	6.14	0.002	371	14	enet	0.19	5.4e-07	0.1837	0.85426
Brain_Amygdala	/media/kame/Data/_workings/resource/GTEv8//GTExv8.EUR.Brain_Amygdala/ENSG00000011376.9.wgt.RDat	ENSG00000011376.9	3	45388505	45388506	0.3248	rs9856266	-4.66	rs1877960	0.206623	-5.49	1.72434	507	24	enet	0.15	6.7e-06	-0.8712	0.38365
Brain_Amygdala	/media/kame/Data/_workings/resource/GTEv8//GTExv8.EUR.Brain_Amygdala/ENSG00000144791.9.wgt.RDat	ENSG00000144791.9	3	45555393	45555394	0.2648	rs9856266	-4.66	rs893566	0.013022	-4.39	-0.23002	515	11	enet	0.043	0.013	0.2966	0.76679
Brain_Amygdala	/media/kame/Data/_workings/resource/GTEv8//GTExv8.EUR.Brain_Amygdala/ENSG00000241186.9.wgt.RDat	ENSG00000241186.9	3	46574533	46574534	0.4164	rs9855938	-3.72	rs3806702	0.34653	6.67	-0.08381	374	7	enet	0.28	3.1e-10	0.046	0.96333
Brain_Amygdala	/media/kame/Data/_workings/resource/GTEv8//GTExv8.EUR.Brain_Amygdala/ENSG00000188086.13.wgt.RDat	ENSG00000188086.13	3	46744754	46744755	0.3307	rs9855938	-3.72	rs6810260	0.249856	5.62	-0.38005	336	8	enet	0.23	1.7e-08	-0.5933	0.55298
Brain_Amygdala	/media/kame/Data/_workings/resource/GTEv8//GTExv8.EUR.Brain_Amygdala/ENSG00000164048.13.wgt.RDat	ENSG00000164048.13	3	48241099	48241100	0.3158	rs34360255	4.34	rs936426	0.237369	5.81	2.81374	244	15	enet	0.21	7.1e-08	2.118	0.03417
Brain_Amygdala	/media/kame/Data/_workings/resource/GTEv8//GTExv8.EUR.Brain_Amygdala/ENSG00000228638.1.wgt.RDat	ENSG00000228638.1	3	48291374	48291375	0.0972	rs34360255	4.53	rs3197223	0.101811	-3.71	2.05732	252	16	enet	0.046	0.011	-2.0408	0.04127
Brain_Amygdala	/media/kame/Data/_workings/resource/GTEv8//GTExv8.EUR.Brain_Amygdala/ENSG00000232112.3.wgt.RDat	ENSG00000232112.3	3	48443847	48443848	0.1921	rs34360255	4.52	rs9826195	-0.005341	-3.4	-0.12846	254	27	enet	0.043	0.013	-1.0594	0.28941
Brain_Amygdala	/media/kame/Data/_workings/resource/GTEv8//GTExv8.EUR.Brain_Amygdala/ENSG00000213689.11.wgt.RDat	ENSG00000213689.11	3	48465810	48465811	0.2036	rs34360255	4.54	rs11797	0.186663	-4.95	0.2573	254	19	enet	0.075	0.0015	0.1853	0.853
Brain_Amygdala	/media/kame/Data/_workings/resource/GTEv8//GTExv8.EUR.Brain_Amygdala/ENSG00000213672.7.wgt.RDat	ENSG00000213672.7	3	48686363	48686364	0.3099	rs876597	3.59	rs4858828	0.261433	-6.15	0.52588	262	14	enet	0.22	5.5e-08	-0.0557	0.95561
Brain_Amygdala	/media/kame/Data/_workings/resource/GTEv8//GTExv8.EUR.Brain_Amygdala/ENSG00000178467.17.wgt.RDat	ENSG00000178467.17	3	48989988	48989989	0.119	rs2633958	-3.12	rs7100	0.006551	-3.07	-0.45164	260	21	enet	-0.0021	0.39	-0.7	0.48392
Brain_Amygdala	/media/kame/Data/_workings/resource/GTEv8//GTExv8.EUR.Brain_Amygdala/ENSG00000178252.17.wgt.RDat	ENSG00000178252.17	3	49007154	49007155	0.155	rs2633958	-3.12	rs4513485	0.106808	4.53	-0.04874	261	26	enet	0.08	0.0011	-0.3498	0.72652
Brain_Amygdala	/media/kame/Data/_workings/resource/GTEv8//GTExv8.EUR.Brain_Amygdala/ENSG00000177352.9.wgt.RDat	ENSG00000177352.9	3	49166320	49166321	0.1101	rs9812791	-2.55	rs7617480	0.036007	3.89	0.01519	259	22	enet	0.072	0.0018	0.6088	0.54265
Brain_Amygdala	/media/kame/Data/_workings/resource/GTEv8//GTExv8.EUR.Brain_Amygdala/ENSG00000145020.15.wgt.RDat	ENSG00000145020.15	3	49422752	49422753	0.0928	rs2230593	7.15	rs6769821	0.031432	-3.51	0.13375	288	47	enet	0.037	0.021	-0.1462	0.88379
Brain_Amygdala	/media/kame/Data/_workings/resource/GTEv8//GTExv8.EUR.Brain_Amygdala/ENSG00000173531.15.wgt.RDat	ENSG00000173531.15	3	49689497	49689498	0.3659	rs2230593	7.15	rs2329020	0.066121	4.28	-0.71942	313	38	enet	0.11	0.00019	-2.0997	0.03575
Brain_Amygdala	/media/kame/Data/_workings/resource/GTEv8//GTExv8.EUR.Brain_Amygdala/ENSG00000164068.15.wgt.RDat	ENSG00000164068.15	3	49689501	49689502	0.1633	rs2230593	7.15	rs6785549	0.156934	4.51	1.0981	313	43	enet	0.15	5.9e-06	1.4882	0.13669
Brain_Amygdala	/media/kame/Data/_workings/resource/GTEv8//GTExv8.EUR.Brain_Amygdala/ENSG00000173540.12.wgt.RDat	ENSG00000173540.12	3	49723950	49723951	0.2945	rs2230593	7.15	rs6809879	0.341258	6.42	1.51825	313	45	enet	0.25	3.6e-09	1.1779	0.23883
Brain_Amygdala	/media/kame/Data/_workings/resource/GTEv8//GTExv8.EUR.Brain_Amygdala/ENSG00000004534.14.wgt.RDat	ENSG00000004534.14	3	49940006	49940007	0.3146	rs2230593	7.15	rs9877046	0.05404	4.44	2.46426	314	66	enet	0.13	3e-05	1.3003	0.19351
Brain_Amygdala	/media/kame/Data/_workings/resource/GTEv8//GTExv8.EUR.Brain_Amygdala/ENSG00000186792.16.wgt.RDat	ENSG00000186792.16	3	50299467	50299468	0.3626	rs2230593	7.15	rs13100173	0.312119	-6.16	1.32963	302	2	enet	0.3	8.8e-11	-1.3341	0.18219
Brain_Amygdala	/media/kame/Data/_workings/resource/GTEv8//GTExv8.EUR.Brain_Amygdala/ENSG00000243989.8.wgt.RDat	ENSG00000243989.8	3	51983409	51983410	0.1745	rs904145	3.74	rs4616633	-0.008378	-2.78	3.42974	243	28	enet	0.0078	0.17	-2.6951	0.00704
Brain_Amygdala	/media/kame/Data/_workings/resource/GTEv8//GTExv8.EUR.Brain_Amygdala/ENSG00000239732.3.wgt.RDat	ENSG00000239732.3	3	52226162	52226163	0.1881	rs11715796	5.28	rs7615151	0.000975	-3.35	-0.78799	320	12	enet	-0.0047	0.51	0.68	0.49649
Brain_Amygdala	/media/kame/Data/_workings/resource/GTEv8//GTExv8.EUR.Brain_Amygdala/ENSG00000164088.17.wgt.RDat	ENSG00000164088.17	3	52245792	52245793	0.1668	rs11715796	5.28	rs758801	0.036014	4.08	-0.03317	323	17	enet	0.038	0.018	0.6603	0.50907
Brain_Amygdala	/media/kame/Data/_workings/resource/GTEv8//GTExv8.EUR.Brain_Amygdala/ENSG00000114841.17.wgt.RDat	ENSG00000114841.17	3	52316318	52316319	0.1495	rs11715796	5.28	rs352143	0.023985	-3.91	1.73465	351	8	enet	0.0014	0.28	-0.9069	0.36445
Brain_Amygdala	/media/kame/Data/_workings/resource/GTEv8//GTExv8.EUR.Brain_Amygdala/ENSG00000055955.15.wgt.RDat	ENSG00000055955.15	3	52830738	52830739	0.3582	rs11130367	11.74	rs6445538	0.388707	7.07	-0.6098	387	26	enet	0.38	4.7e-14	-0.056	0.95535
Brain_Amygdala	/media/kame/Data/_workings/resource/GTEv8//GTExv8.EUR.Brain_Amygdala/ENSG00000242142.1.wgt.RDat	ENSG00000242142.1	3	53065090	53065091	0.5952	rs11130367	11.74	rs2564921	0.580724	-8.37	-0.11289	357	22	enet	0.5	2.1e-19	0.2321	0.81649
Brain_Amygdala	/media/kame/Data/_workings/resource/GTEv8//GTExv8.EUR.Brain_Amygdala/ENSG00000163933.9.wgt.RDat	ENSG00000163933.9	3	53130461	53130462	0.415	rs11130367	11.74	rs2336725	0.315004	6.52	-0.20515	370	14	enet	0.32	1.8e-11	-0.1481	0.88229
Brain_Amygdala	/media/kame/Data/_workings/resource/GTEv8//GTExv8.EUR.Brain_Amygdala/ENSG00000163931.15.wgt.RDat	ENSG00000163931.15	3	53256030	53256031	0.3711	rs11130367	11.74	rs3736151	0.048271	3.59	3.4904	402	42	enet	0.065	0.003	-1.593	0.11117
Brain_Amygdala	/media/kame/Data/_workings/resource/GTEv8//GTExv8.EUR.Brain_Amygdala/ENSG00000056736.9.wgt.RDat	ENSG00000056736.9	3	53846579	53846580	0.1594	rs4687576	10.31	rs3755817	0.041179	-4.02	1.6502	500	9	enet	0.029	0.036	-0.6694	0.50327
Brain_Amygdala	/media/kame/Data/_workings/resource/GTEv8//GTExv8.EUR.Brain_Amygdala/ENSG00000113812.13.wgt.RDat	ENSG00000113812.13	3	53882201	53882202	0.436	rs13080668	9.84	rs3733079	0.199086	-5.44	0.98616	501	21	enet	0.2	2.1e-07	-0.5906	0.55479
Brain_Amygdala	/media/kame/Data/_workings/resource/GTEv8//GTExv8.EUR.Brain_Amygdala/ENSG00000180376.16.wgt.RDat	ENSG00000180376.16	3	56557160	56557161	0.3314	rs13089169	9.01	rs6791987	0.175835	-4.89	-0.83057	435	19	enet	0.11	0.00012	0.0828	0.93398
Brain_Amygdala	/media/kame/Data/_workings/resource/GTEv8//GTExv8.EUR.Brain_Amygdala/ENSG00000168374.10.wgt.RDat	ENSG00000168374.10	3	57598219	57598220	0.245	rs1355797	2.52	rs9311651	0.209654	5.15	0.59121	330	20	enet	0.16	3.2e-06	0.644	0.51958
Brain_Amygdala	/media/kame/Data/_workings/resource/GTEv8//GTExv8.EUR.Brain_Amygdala/ENSG00000163684.11.wgt.RDat	ENSG00000163684.11	3	58306246	58306247	0.2039	rs7622687	-5.64	rs7633553	0.059956	-3.37	-0.83314	456	29	enet	0.044	0.013	-1.7842	0.0744
Brain_Amygdala	/media/kame/Data/_workings/resource/GTEv8//GTExv8.EUR.Brain_Amygdala/ENSG00000168291.12.wgt.RDat	ENSG00000168291.12	3	58433856	58433857	0.3381	rs7622687	-5.64	rs6793721	0.051835	-4.65	-1.25676	430	20	enet	0.18	1e-06	0.9888	0.32274
Brain_Amygdala	/media/kame/Data/_workings/resource/GTEv8//GTExv8.EUR.Brain_Amygdala/ENSG00000272360.1.wgt.RDat	ENSG00000272360.1	3	58491290	58491291	0.4724	rs7622687	-5.64	rs4681686	0.113192	-4.46	-0.93169	417	2	enet	0.058	0.0047	0.776	0.43773
Brain_Amygdala	/media/kame/Data/_workings/resource/GTEv8//GTExv8.EUR.Brain_Amygdala/ENSG00000144741.17.wgt.RDat	ENSG00000144741.17	3	66133609	66133610	0.7449	rs4688604	4.79	rs1680402	0.467201	-7.46	0.76897	406	31	enet	0.44	7.6e-17	-1.1628	0.24489
Brain_Amygdala	/media/kame/Data/_workings/resource/GTEv8//GTExv8.EUR.Brain_Amygdala/ENSG00000172340.14.wgt.RDat	ENSG00000172340.14	3	67654613	67654614	0.2358	rs1490270	9.05	rs6810055	0.033689	-4	-0.42098	411	20	enet	0.038	0.019	1.4071	0.15938
Brain_Amygdala	/media/kame/Data/_workings/resource/GTEv8//GTExv8.EUR.Brain_Amygdala/ENSG00000241316.6.wgt.RDat	ENSG00000241316.6	3	67654696	67654697	0.1733	rs1490270	9.05	rs6794625	0.141536	-4.4	-3.15595	411	18	enet	0.051	0.0077	2.4734	0.01339
Brain_Amygdala	/media/kame/Data/_workings/resource/GTEv8//GTExv8.EUR.Brain_Amygdala/ENSG00000163602.10.wgt.RDat	ENSG00000163602.10	3	72446620	72446621	0.2773	rs9857666	-10.54	rs4677143	0.012712	3.7	-0.60815	491	32	enet	0.008	0.16	-0.9675	0.33327
Brain_Amygdala	/media/kame/Data/_workings/resource/GTEv8//GTExv8.EUR.Brain_Amygdala/ENSG00000272710.1.wgt.RDat	ENSG00000272710.1	3	75579998	75579999	0.2934	rs7632524	-4.1	rs9849051	0.012447	3.53	-0.07367	156	19	enet	0.008	0.16	-1.3875	0.16528
Brain_Amygdala	/media/kame/Data/_workings/resource/GTEv8//GTExv8.EUR.Brain_Amygdala/ENSG00000243422.2.wgt.RDat	ENSG00000243422.2	3	75630200	75630201	0.1892	rs7632524	-4.1	rs11128490	0.141424	4.25	0.48059	172	11	enet	0.11	0.00013	0.3908	0.69596
Brain_Amygdala	/media/kame/Data/_workings/resource/GTEv8//GTExv8.EUR.Brain_Amygdala/ENSG00000242516.1.wgt.RDat	ENSG00000242516.1	3	75672390	75672391	0.2037	rs7632524	-4.1	rs11128490	-0.008228	3.92	0.48059	170	10	enet	0.055	0.0059	-0.8354	0.40347
Brain_Amygdala	/media/kame/Data/_workings/resource/GTEv8//GTExv8.EUR.Brain_Amygdala/ENSG00000227124.8.wgt.RDat	ENSG00000227124.8	3	75785582	75785583	0.2825	rs7632524	-4.1	rs17028554	0.172638	4.81	0.08456	160	27	enet	0.11	0.00016	0.0897	0.92854
Brain_Amygdala	/media/kame/Data/_workings/resource/GTEv8//GTExv8.EUR.Brain_Amygdala/ENSG00000239519.1.wgt.RDat	ENSG00000239519.1	3	86028006	86028007	0.2702	rs9840565	4.33	rs6549064	0.082134	-4.31	1.28599	309	29	enet	0.068	0.0024	-1.5221	0.12798
Brain_Amygdala	/media/kame/Data/_workings/resource/GTEv8//GTExv8.EUR.Brain_Amygdala/ENSG00000281392.1.wgt.RDat	ENSG00000281392.1	3	87089128	87089129	0.3159	rs9841244	6.17	rs17181170	0.093049	4.16	0.05737	333	15	enet	0.13	2.8e-05	1.4158	0.15684
Brain_Amygdala	/media/kame/Data/_workings/resource/GTEv8//GTExv8.EUR.Brain_Amygdala/ENSG00000179021.9.wgt.RDat	ENSG00000179021.9	3	88149885	88149886	0.2454	rs6551305	4.59	rs1051436	0.030311	-3.68	0.05775	293	41	enet	0.051	0.008	-0.4683	0.63959
Brain_Amygdala	/media/kame/Data/_workings/resource/GTEv8//GTExv8.EUR.Brain_Amygdala/ENSG00000178750.2.wgt.RDat	ENSG00000178750.2	3	94028609	94028610	0.153	rs8178616	-4.55	rs6770532	-0.002215	3.5	1.17041	183	28	enet	0.017	0.084	0.303	0.76193
Brain_Amygdala	/media/kame/Data/_workings/resource/GTEv8//GTExv8.EUR.Brain_Amygdala/ENSG00000178700.7.wgt.RDat	ENSG00000178700.7	3	94063388	94063389	0.1677	rs8178616	-4.55	rs8178649	0.100107	-4.13	0.21668	193	13	enet	0.095	0.00039	-0.0718	0.94275
Brain_Amygdala	/media/kame/Data/_workings/resource/GTEv8//GTExv8.EUR.Brain_Amygdala/ENSG00000239445.5.wgt.RDat	ENSG00000239445.5	3	98732650	98732651	0.4834	rs1461158	4.22	rs4857414	0.400425	-7.01	0.78598	389	10	enet	0.39	3e-14	-0.9284	0.3532
Brain_Amygdala	/media/kame/Data/_workings/resource/GTEv8//GTExv8.EUR.Brain_Amygdala/ENSG00000114021.11.wgt.RDat	ENSG00000114021.11	3	100334700	100334701	0.3558	rs12493124	3.32	rs277649	0.134339	4.51	0.36963	367	6	enet	0.14	1.7e-05	-0.4673	0.64029
Brain_Amygdala	/media/kame/Data/_workings/resource/GTEv8//GTExv8.EUR.Brain_Amygdala/ENSG00000206535.7.wgt.RDat	ENSG00000206535.7	3	100401398	100401399	0.5588	rs12631158	-4.17	rs2316701	0.102908	4.56	-0.10471	401	67	enet	0.16	2.9e-06	0.4896	0.62442
Brain_Amygdala	/media/kame/Data/_workings/resource/GTEv8//GTExv8.EUR.Brain_Amygdala/ENSG00000081154.11.wgt.RDat	ENSG00000081154.11	3	101574094	101574095	0.1209	rs2926539	-5.14	rs2627550	0.030482	3.76	0.33446	357	10	enet	0.016	0.093	1.6192	0.10541
Brain_Amygdala	/media/kame/Data/_workings/resource/GTEv8//GTExv8.EUR.Brain_Amygdala/ENSG00000256628.3.wgt.RDat	ENSG00000256628.3	3	101676474	101676475	0.3883	rs2926539	-5.14	rs2081577	0.163079	-5.45	-0.25435	339	36	enet	0.25	4e-09	-0.437	0.66215
Brain_Amygdala	/media/kame/Data/_workings/resource/GTEv8//GTExv8.EUR.Brain_Amygdala/ENSG00000244119.1.wgt.RDat	ENSG00000244119.1	3	101712471	101712472	0.4935	rs2926539	-5.14	rs7629753	0.344557	6.87	-0.08075	328	25	enet	0.29	2.3e-10	-0.492	0.62274
Brain_Amygdala	/media/kame/Data/_workings/resource/GTEv8//GTExv8.EUR.Brain_Amygdala/ENSG00000242759.6.wgt.RDat	ENSG00000242759.6	3	107240640	107240641	0.2676	rs7639744	-6.29	rs9857411	0.050217	4	-0.1667	328	18	enet	0.065	0.003	1.7829	0.0746
Brain_Amygdala	/media/kame/Data/_workings/resource/GTEv8//GTExv8.EUR.Brain_Amygdala/ENSG00000241218.1.wgt.RDat	ENSG00000241218.1	3	107329196	107329197	0.2962	rs7639744	-6.29	rs2204260	0.142285	4.7	0.78826	341	59	enet	0.079	0.0011	0.6997	0.48411
Brain_Amygdala	/media/kame/Data/_workings/resource/GTEv8//GTExv8.EUR.Brain_Amygdala/ENSG00000177707.10.wgt.RDat	ENSG00000177707.10	3	111070070	111070071	0.2984	rs4682187	-8.27	rs16857389	0.092927	4.36	0.05382	316	16	enet	0.059	0.0045	0.9745	0.3298
Brain_Amygdala	/media/kame/Data/_workings/resource/GTEv8//GTExv8.EUR.Brain_Amygdala/ENSG00000091986.15.wgt.RDat	ENSG00000091986.15	3	112649529	112649530	0.2939	rs4290780	2.31	rs16859727	0.026546	3.97	-0.50386	456	85	enet	0.061	0.004	0.5283	0.5973
Brain_Amygdala	/media/kame/Data/_workings/resource/GTEv8//GTExv8.EUR.Brain_Amygdala/ENSG00000240057.5.wgt.RDat	ENSG00000240057.5	3	113019531	113019532	0.4152	rs7622601	-3.04	rs2613946	0.331561	-6.34	0.24646	464	26	enet	0.29	1.4e-10	-0.0135	0.98921
Brain_Amygdala	/media/kame/Data/_workings/resource/GTEv8//GTExv8.EUR.Brain_Amygdala/ENSG00000243795.1.wgt.RDat	ENSG00000243795.1	3	113167818	113167819	0.3807	rs7622601	-3.04	rs2613946	0.203124	5.02	0.24646	465	18	enet	0.13	3.1e-05	0.1804	0.85687
Brain_Amygdala	/media/kame/Data/_workings/resource/GTEv8//GTExv8.EUR.Brain_Amygdala/ENSG00000173226.16.wgt.RDat	ENSG00000173226.16	3	121835078	121835079	0.423	rs11711698	3.9	rs10934559	0.335215	6.47	-0.26754	419	22	enet	0.37	1.8e-13	-0.4184	0.67562
Brain_Amygdala	/media/kame/Data/_workings/resource/GTEv8//GTExv8.EUR.Brain_Amygdala/ENSG00000196981.3.wgt.RDat	ENSG00000196981.3	3	122416050	122416051	0.1383	rs11711698	3.9	rs6438726	0.030299	3.73	-0.01288	460	28	enet	0.016	0.088	0.3577	0.72056
Brain_Amygdala	/media/kame/Data/_workings/resource/GTEv8//GTExv8.EUR.Brain_Amygdala/ENSG00000114030.12.wgt.RDat	ENSG00000114030.12	3	122514944	122514945	0.2072	rs6764971	-6.63	rs9811581	0.066747	-4.25	0.39171	493	31	enet	0.01	0.14	-0.2633	0.79231
Brain_Amygdala	/media/kame/Data/_workings/resource/GTEv8//GTExv8.EUR.Brain_Amygdala/ENSG00000173193.13.wgt.RDat	ENSG00000173193.13	3	122680617	122680618	0.2957	rs6764971	-6.63	rs16833512	-0.00387	-3.66	-0.10009	546	16	enet	-0.0013	0.36	0.3938	0.69371
Brain_Amygdala	/media/kame/Data/_workings/resource/GTEv8//GTExv8.EUR.Brain_Amygdala/ENSG00000273033.2.wgt.RDat	ENSG00000273033.2	3	122886940	122886941	0.1965	rs6764971	-6.63	rs2288677	0.032926	-4.14	-0.12625	498	17	enet	0.017	0.087	0.0981	0.92188
Brain_Amygdala	/media/kame/Data/_workings/resource/GTEv8//GTExv8.EUR.Brain_Amygdala/ENSG00000221955.10.wgt.RDat	ENSG00000221955.10	3	125212863	125212864	0.3636	rs10460829	-6.08	rs2948805	0.092739	-4.05	0.00711	493	44	enet	0.081	0.001	-0.0996	0.92067
Brain_Amygdala	/media/kame/Data/_workings/resource/GTEv8//GTExv8.EUR.Brain_Amygdala/ENSG00000144909.7.wgt.RDat	ENSG00000144909.7	3	125595089	125595090	0.1573	rs6438884	-4.66	rs9838753	0.037027	-4.05	0.27676	353	20	enet	0.0098	0.14	0.2993	0.76473
Brain_Amygdala	/media/kame/Data/_workings/resource/GTEv8//GTExv8.EUR.Brain_Amygdala/ENSG00000243429.1.wgt.RDat	ENSG00000243429.1	3	125712138	125712139	0.1834	rs6438884	-4.66	rs9289256	0.168747	4.68	0.54588	345	16	enet	0.087	0.00065	0.4325	0.66538
Brain_Amygdala	/media/kame/Data/_workings/resource/GTEv8//GTExv8.EUR.Brain_Amygdala/ENSG00000241278.1.wgt.RDat	ENSG00000241278.1	3	125848222	125848223	0.2402	rs2138214	-4.84	rs2735246	0.012663	3.88	2.84775	388	11	enet	0.037	0.021	1.6621	0.09649
Brain_Amygdala	/media/kame/Data/_workings/resource/GTEv8//GTExv8.EUR.Brain_Amygdala/ENSG00000171084.15.wgt.RDat	ENSG00000171084.15	3	125916619	125916620	0.6013	rs2138214	-4.84	rs9821905	0.359878	7.2	1.74269	408	21	enet	0.32	1.3e-11	1.6021	0.10913
Brain_Amygdala	/media/kame/Data/_workings/resource/GTEv8//GTExv8.EUR.Brain_Amygdala/ENSG00000189366.9.wgt.RDat	ENSG00000189366.9	3	125937038	125937039	0.4939	rs2138214	-4.84	rs3804587	0.351461	-7.02	0.85529	422	20	enet	0.34	3e-12	-1.4398	0.14992
Brain_Amygdala	/media/kame/Data/_workings/resource/GTEv8//GTExv8.EUR.Brain_Amygdala/ENSG00000241439.1.wgt.RDat	ENSG00000241439.1	3	125958555	125958556	0.3931	rs2138214	-4.84	rs12630001	0.11244	-5.11	-0.02864	426	36	enet	0.19	4.3e-07	0.0194	0.98452
Brain_Amygdala	/media/kame/Data/_workings/resource/GTEv8//GTExv8.EUR.Brain_Amygdala/ENSG00000114547.9.wgt.RDat	ENSG00000114547.9	3	125969143	125969144	0.3186	rs2138214	-4.84	rs4340655	0.248451	5.64	2.5355	435	12	enet	0.21	1.2e-07	0.7648	0.44438
Brain_Amygdala	/media/kame/Data/_workings/resource/GTEv8//GTExv8.EUR.Brain_Amygdala/ENSG00000070476.14.wgt.RDat	ENSG00000070476.14	3	126475918	126475919	0.3334	rs2138214	-4.84	rs3231	0.264949	-5.87	0.1218	530	15	enet	0.23	2.1e-08	-0.1553	0.8766
Brain_Amygdala	/media/kame/Data/_workings/resource/GTEv8//GTExv8.EUR.Brain_Amygdala/ENSG00000242551.2.wgt.RDat	ENSG00000242551.2	3	128677004	128677005	0.2195	rs11916893	5.05	rs2713575	0.03054	4.48	-0.20561	345	24	enet	0.12	8.3e-05	-1.1895	0.23425
Brain_Amygdala	/media/kame/Data/_workings/resource/GTEv8//GTExv8.EUR.Brain_Amygdala/ENSG00000163902.11.wgt.RDat	ENSG00000163902.11	3	128681074	128681075	0.2165	rs11916893	5.05	rs6787559	0.027667	3.53	1.90023	346	26	enet	0.05	0.0082	0.5938	0.55264
Brain_Amygdala	/media/kame/Data/_workings/resource/GTEv8//GTExv8.EUR.Brain_Amygdala/ENSG00000261159.1.wgt.RDat	ENSG00000261159.1	3	128860525	128860526	0.4637	rs11916893	5.05	rs9871612	0.291703	5.95	2.11868	350	12	enet	0.26	1.5e-09	2.1411	0.03227
Brain_Amygdala	/media/kame/Data/_workings/resource/GTEv8//GTExv8.EUR.Brain_Amygdala/ENSG00000231305.3.wgt.RDat	ENSG00000231305.3	3	128871539	128871540	0.1939	rs11916893	5.05	rs9871612	0.081629	4.34	2.11868	351	19	enet	0.14	1.7e-05	1.0892	0.27609
Brain_Amygdala	/media/kame/Data/_workings/resource/GTEv8//GTExv8.EUR.Brain_Amygdala/ENSG00000177646.18.wgt.RDat	ENSG00000177646.18	3	128879595	128879596	0.3741	rs11916893	5.05	rs3755593	0.116371	4.98	0.03403	347	24	enet	0.077	0.0013	0.4258	0.67027
Brain_Amygdala	/media/kame/Data/_workings/resource/GTEv8//GTExv8.EUR.Brain_Amygdala/ENSG00000251474.6.wgt.RDat	ENSG00000251474.6	3	129399654	129399655	0.1517	rs11916893	5.05	rs2669833	0.031486	-3.68	0.59522	278	26	enet	0.051	0.0078	-0.832	0.40543
Brain_Amygdala	/media/kame/Data/_workings/resource/GTEv8//GTExv8.EUR.Brain_Amygdala/ENSG00000163913.11.wgt.RDat	ENSG00000163913.11	3	129440179	129440180	0.4167	rs11916893	5.05	rs4429625	0.335463	-6.69	-0.96384	275	12	enet	0.34	1.9e-12	0.868	0.3854
Brain_Amygdala	/media/kame/Data/_workings/resource/GTEv8//GTExv8.EUR.Brain_Amygdala/ENSG00000228252.9.wgt.RDat	ENSG00000228252.9	3	130212822	130212823	0.4151	rs1708933	5.01	rs9757129	0.412108	-7.21	-0.25225	327	8	enet	0.41	1.9e-15	0.2378	0.81203
Brain_Amygdala	/media/kame/Data/_workings/resource/GTEv8//GTExv8.EUR.Brain_Amygdala/ENSG00000113971.19.wgt.RDat	ENSG00000113971.19	3	132722441	132722442	0.4229	rs17353336	5.4	rs12486323	0.20787	-5.37	-0.1389	400	36	enet	0.15	9e-06	0.0565	0.95497
Brain_Amygdala	/media/kame/Data/_workings/resource/GTEv8//GTExv8.EUR.Brain_Amygdala/ENSG00000260633.1.wgt.RDat	ENSG00000260633.1	3	134349232	134349233	0.4221	rs2692692	5.11	rs1603824	0.345924	6.55	-0.03716	441	27	enet	0.31	2.2e-11	-0.0918	0.92683
Brain_Amygdala	/media/kame/Data/_workings/resource/GTEv8//GTExv8.EUR.Brain_Amygdala/ENSG00000114054.13.wgt.RDat	ENSG00000114054.13	3	136250305	136250306	0.1701	rs6771997	-8.31	rs521746	0.031906	3.68	-2.54531	283	13	enet	0.032	0.028	0.4413	0.65899
Brain_Amygdala	/media/kame/Data/_workings/resource/GTEv8//GTExv8.EUR.Brain_Amygdala/ENSG00000261758.1.wgt.RDat	ENSG00000261758.1	3	136752629	136752630	0.316	rs6439686	-7.65	rs10935183	0.130905	5	-4.82472	339	20	enet	0.17	1.9e-06	0.9478	0.34325
Brain_Amygdala	/media/kame/Data/_workings/resource/GTEv8//GTExv8.EUR.Brain_Amygdala/ENSG00000273486.1.wgt.RDat	ENSG00000273486.1	3	136839020	136839021	0.2329	rs13096023	-7.87	rs6439663	0.197673	-5.26	0.59064	337	34	enet	0.13	2.4e-05	-1.6314	0.10281
Brain_Amygdala	/media/kame/Data/_workings/resource/GTEv8//GTExv8.EUR.Brain_Amygdala/ENSG00000158234.12.wgt.RDat	ENSG00000158234.12	3	138608608	138608609	0.1717	rs13043	4.03	rs537894	0.015774	-3.63	-0.482	272	8	enet	0.069	0.0022	0.5403	0.58902
Brain_Amygdala	/media/kame/Data/_workings/resource/GTEv8//GTExv8.EUR.Brain_Amygdala/ENSG00000071794.15.wgt.RDat	ENSG00000071794.15	3	149086553	149086554	0.3157	rs34511938	4.61	rs11715474	0.069103	4.32	0.12774	565	35	enet	0.18	1.1e-06	-0.258	0.79641
Brain_Amygdala	/media/kame/Data/_workings/resource/GTEv8//GTExv8.EUR.Brain_Amygdala/ENSG00000114744.8.wgt.RDat	ENSG00000114744.8	3	149752498	149752499	0.3064	rs34511938	4.61	rs9882629	0.229261	5.52	0.00977	470	15	enet	0.19	4.5e-07	-0.114	0.90927
Brain_Amygdala	/media/kame/Data/_workings/resource/GTEv8//GTExv8.EUR.Brain_Amygdala/ENSG00000243321.3.wgt.RDat	ENSG00000243321.3	3	150080116	150080117	0.2159	rs4681618	4.81	rs6440648	0.122304	-4.26	0.08063	405	27	enet	0.052	0.007	-0.7823	0.43404
Brain_Amygdala	/media/kame/Data/_workings/resource/GTEv8//GTExv8.EUR.Brain_Amygdala/ENSG00000144895.11.wgt.RDat	ENSG00000144895.11	3	150552353	150552354	0.51	rs4681618	4.81	rs7631671	0.453231	-7.41	-0.10118	434	13	enet	0.41	2.4e-15	0.2925	0.76988
Brain_Amygdala	/media/kame/Data/_workings/resource/GTEv8//GTExv8.EUR.Brain_Amygdala/ENSG00000243069.7.wgt.RDat	ENSG00000243069.7	3	154121331	154121332	0.2097	rs6440914	-6.11	rs16846891	0.061124	4.33	0.24864	392	13	enet	0.084	0.00081	2.3028	0.02129
Brain_Amygdala	/media/kame/Data/_workings/resource/GTEv8//GTExv8.EUR.Brain_Amygdala/ENSG00000114850.6.wgt.RDat	ENSG00000114850.6	3	156555183	156555184	0.2095	rs10936033	-4.46	rs12632052	0.015835	-3.9	0.57544	397	25	enet	0.014	0.1	0.0693	0.94472
Brain_Amygdala	/media/kame/Data/_workings/resource/GTEv8//GTExv8.EUR.Brain_Amygdala/ENSG00000244515.1.wgt.RDat	ENSG00000244515.1	3	157163931	157163932	0.3531	rs7651446	-3.91	rs16827322	0.219544	-5.54	0.13261	419	30	enet	0.18	1.1e-06	0.6827	0.49478
Brain_Amygdala	/media/kame/Data/_workings/resource/GTEv8//GTExv8.EUR.Brain_Amygdala/ENSG00000240207.6.wgt.RDat	ENSG00000240207.6	3	158734560	158734561	0.3114	rs827117	8.43	rs12489730	0.212142	5.27	-0.48628	398	20	enet	0.16	3.7e-06	-0.7583	0.44827
Brain_Amygdala	/media/kame/Data/_workings/resource/GTEv8//GTExv8.EUR.Brain_Amygdala/ENSG00000272247.1.wgt.RDat	ENSG00000272247.1	3	158801863	158801864	0.1986	rs827117	8.43	rs9822005	0.072283	4.66	-3.90477	404	16	enet	0.076	0.0014	-0.5588	0.57627
Brain_Amygdala	/media/kame/Data/_workings/resource/GTEv8//GTExv8.EUR.Brain_Amygdala/ENSG00000151967.18.wgt.RDat	ENSG00000151967.18	3	159839860	159839861	0.2122	rs719070	-5.89	rs7610160	-0.007341	-3.61	-1.33085	351	10	enet	-0.00055	0.34	0.4571	0.64761
Brain_Amygdala	/media/kame/Data/_workings/resource/GTEv8//GTExv8.EUR.Brain_Amygdala/ENSG00000168811.6.wgt.RDat	ENSG00000168811.6	3	159988749	159988750	0.2491	rs719070	-5.89	rs6441301	0.011255	-4.08	0.48984	346	28	enet	0.022	0.057	-2.0276	0.0426
Brain_Amygdala	/media/kame/Data/_workings/resource/GTEv8//GTExv8.EUR.Brain_Amygdala/ENSG00000085274.15.wgt.RDat	ENSG00000085274.15	3	169772830	169772831	0.3475	rs11925129	4.62	rs7631725	0.048278	-3.61	-0.01123	417	31	enet	0.03	0.032	-1.6195	0.10533
Brain_Amygdala	/media/kame/Data/_workings/resource/GTEv8//GTExv8.EUR.Brain_Amygdala/ENSG00000171121.16.wgt.RDat	ENSG00000171121.16	3	179267001	179267002	0.2844	rs9812373	-5.43	rs4855093	0.13542	4.89	-0.29245	361	25	enet	0.08	0.0011	-0.2614	0.79379
Brain_Amygdala	/media/kame/Data/_workings/resource/GTEv8//GTExv8.EUR.Brain_Amygdala/ENSG00000171109.18.wgt.RDat	ENSG00000171109.18	3	179347691	179347692	0.1963	rs9812373	-5.43	rs11720405	0.067761	-4.09	0.20285	346	29	enet	0.079	0.0012	-0.0687	0.94519
Brain_Amygdala	/media/kame/Data/_workings/resource/GTEv8//GTExv8.EUR.Brain_Amygdala/ENSG00000241231.1.wgt.RDat	ENSG00000241231.1	3	181442485	181442486	0.5113	rs9835573	-7.2	rs1351236	0.388863	-7.25	0.56134	259	33	enet	0.39	1.4e-14	-1.1178	0.26364
Brain_Amygdala	/media/kame/Data/_workings/resource/GTEv8//GTExv8.EUR.Brain_Amygdala/ENSG00000233885.7.wgt.RDat	ENSG00000233885.7	3	183810473	183810474	0.3803	rs13068114	-5.47	rs897604	0.324312	-6.78	0.19114	474	31	enet	0.28	3.3e-10	-0.0527	0.95796
Brain_Amygdala	/media/kame/Data/_workings/resource/GTEv8//GTExv8.EUR.Brain_Amygdala/ENSG00000180834.7.wgt.RDat	ENSG00000180834.7	3	183825593	183825594	0.1775	rs13068114	-5.47	rs2292999	0.053494	3.76	0.82822	468	8	enet	0.032	0.029	0.7454	0.45603
Brain_Amygdala	/media/kame/Data/_workings/resource/GTEv8//GTExv8.EUR.Brain_Amygdala/ENSG00000114770.16.wgt.RDat	ENSG00000114770.16	3	184018014	184018015	0.3855	rs13068114	-5.47	rs1000002	0.03854	4.69	0.22969	480	19	enet	0.19	5.9e-07	-0.5439	0.58651
Brain_Amygdala	/media/kame/Data/_workings/resource/GTEv8//GTExv8.EUR.Brain_Amygdala/ENSG00000145198.14.wgt.RDat	ENSG00000145198.14	3	184230428	184230429	0.5888	rs2233465	5	rs843334	0.30927	-6.53	0.74239	497	8	enet	0.25	3.9e-09	-0.9056	0.36516
Brain_Amygdala	/media/kame/Data/_workings/resource/GTEv8//GTExv8.EUR.Brain_Amygdala/ENSG00000145194.17.wgt.RDat	ENSG00000145194.17	3	184249649	184249650	0.2752	rs2233465	5	rs1001817	0.118809	4.9	0.20684	508	10	enet	0.17	2.3e-06	1.0789	0.28065
Brain_Amygdala	/media/kame/Data/_workings/resource/GTEv8//GTExv8.EUR.Brain_Amygdala/ENSG00000156931.15.wgt.RDat	ENSG00000156931.15	3	184812142	184812143	0.3379	rs7626092	3.86	rs16859583	0.203661	5.33	0.35563	426	14	enet	0.14	1.8e-05	0.1541	0.87752
Brain_Amygdala	/media/kame/Data/_workings/resource/GTEv8//GTExv8.EUR.Brain_Amygdala/ENSG00000188958.9.wgt.RDat	ENSG00000188958.9	3	191330535	191330536	0.5778	rs1916636	-5.09	rs4687207	0.463217	7.41	-1.34417	466	24	enet	0.42	1.5e-15	-1.6341	0.10224
Brain_Amygdala	/media/kame/Data/_workings/resource/GTEv8//GTExv8.EUR.Brain_Amygdala/ENSG00000236297.1.wgt.RDat	ENSG00000236297.1	3	193579464	193579465	0.1914	rs997552	6.15	rs11925699	0.15379	4.76	1.05438	462	45	enet	0.13	4.2e-05	0.9315	0.35161
Brain_Amygdala	/media/kame/Data/_workings/resource/GTEv8//GTExv8.EUR.Brain_Amygdala/ENSG00000133657.14.wgt.RDat	ENSG00000133657.14	3	194494279	194494280	0.2861	rs6787480	-5.42	rs7642318	-0.008332	-3.14	0.16489	517	41	enet	-0.001	0.35	-0.4789	0.63201
Brain_Amygdala	/media/kame/Data/_workings/resource/GTEv8//GTExv8.EUR.Brain_Amygdala/ENSG00000114331.13.wgt.RDat	ENSG00000114331.13	3	195443077	195443078	0.3053	rs903310	3.87	rs13079866	0.118933	4.78	-0.35487	361	25	enet	0.14	1.6e-05	-0.1518	0.87935
Brain_Amygdala	/media/kame/Data/_workings/resource/GTEv8//GTExv8.EUR.Brain_Amygdala/ENSG00000224769.1.wgt.RDat	ENSG00000224769.1	3	195614946	195614947	0.6537	rs903310	3.87	rs2140357	0.140754	-5.27	-1.12167	304	33	enet	0.29	1.1e-10	1.2176	0.22338
Brain_Amygdala	/media/kame/Data/_workings/resource/GTEv8//GTExv8.EUR.Brain_Amygdala/ENSG00000271662.1.wgt.RDat	ENSG00000271662.1	3	195651471	195651472	0.4678	rs903310	3.87	rs6773702	0.116652	-4.86	0.41207	289	17	enet	0.18	6.7e-07	-0.8207	0.41181
Brain_Amygdala	/media/kame/Data/_workings/resource/GTEv8//GTExv8.EUR.Brain_Amygdala/ENSG00000229178.1.wgt.RDat	ENSG00000229178.1	3	195657926	195657927	0.4823	rs9847298	2.7	rs6773702	0.303491	-6.12	0.41207	286	10	enet	0.28	5.4e-10	-0.2111	0.83284
Brain_Amygdala	/media/kame/Data/_workings/resource/GTEv8//GTExv8.EUR.Brain_Amygdala/ENSG00000215837.7.wgt.RDat	ENSG00000215837.7	3	195658095	195658096	0.5837	rs9847298	2.7	rs6773702	0.137986	-5.01	0.41207	286	45	enet	0.27	8.6e-10	0.0142	0.98871
Brain_Amygdala	/media/kame/Data/_workings/resource/GTEv8//GTExv8.EUR.Brain_Amygdala/ENSG00000283426.1.wgt.RDat	ENSG00000283426.1	3	195701617	195701618	0.8142	rs9842342	-4.7	rs842225	0.19522	5.54	1.21384	287	59	enet	0.49	3.4e-19	-0.4761	0.63404
Brain_Amygdala	/media/kame/Data/_workings/resource/GTEv8//GTExv8.EUR.Brain_Amygdala/ENSG00000176945.16.wgt.RDat	ENSG00000176945.16	3	195720881	195720882	0.4477	rs9842342	-5.56	rs7627129	0.188826	4.82	-0.89219	299	35	enet	0.26	2.7e-09	-1.2102	0.22621
Brain_Amygdala	/media/kame/Data/_workings/resource/GTEv8//GTExv8.EUR.Brain_Amygdala/ENSG00000185485.14.wgt.RDat	ENSG00000185485.14	3	195990304	195990305	0.3424	rs9842342	-4.8	rs2140357	0.000385	-3.93	-1.71157	292	45	enet	0.073	0.0018	1.0731	0.28323
Brain_Amygdala	/media/kame/Data/_workings/resource/GTEv8//GTExv8.EUR.Brain_Amygdala/ENSG00000231464.1.wgt.RDat	ENSG00000231464.1	3	195996737	195996738	0.4249	rs9842342	-4.8	rs4927848	0.104747	-4.95	0.05629	294	54	enet	0.23	3e-08	-1.2975	0.19447
Brain_Amygdala	/media/kame/Data/_workings/resource/GTEv8//GTExv8.EUR.Brain_Amygdala/ENSG00000163964.14.wgt.RDat	ENSG00000163964.14	3	196712357	196712358	0.4395	rs2089979	5.25	rs9849684	0.052527	-4.16	1.68963	403	17	enet	0.11	0.00013	-2.0488	0.04048
Brain_Amygdala	/media/kame/Data/_workings/resource/GTEv8//GTExv8.EUR.Brain_Amygdala/ENSG00000230732.4.wgt.RDat	ENSG00000230732.4	3	196912645	196912646	0.336	rs2089979	5.25	rs4916567	0.097113	-4.89	1.68448	444	23	enet	0.17	2.6e-06	-2.0883	0.03677
Brain_Amygdala	/media/kame/Data/_workings/resource/GTEv8//GTExv8.EUR.Brain_Amygdala/ENSG00000119227.7.wgt.RDat	ENSG00000119227.7	3	196968870	196968871	0.7709	rs4857596	-10.57	rs746037	0.387771	7.06	1.3472	461	19	enet	0.38	6e-14	2.2308	0.02569
Brain_Amygdala	/media/kame/Data/_workings/resource/GTEv8//GTExv8.EUR.Brain_Amygdala/ENSG00000214135.8.wgt.RDat	ENSG00000214135.8	3	197627905	197627906	0.3797	rs4857596	-10.57	rs9917735	0.014121	4.17	-0.26972	356	42	enet	0.1	0.00027	-0.4747	0.635
Brain_Amygdala	/media/kame/Data/_workings/resource/GTEv8//GTExv8.EUR.Brain_Amygdala/ENSG00000250312.6.wgt.RDat	ENSG00000250312.6	4	124479	124480	0.464	rs1135945	3.89	rs7699689	0.316213	7.01	0.408578	148	21	enet	0.39	2.6e-14	0.00351	0.997203
Brain_Amygdala	/media/kame/Data/_workings/resource/GTEv8//GTExv8.EUR.Brain_Amygdala/ENSG00000275426.1.wgt.RDat	ENSG00000275426.1	4	149737	149738	0.435	rs1135945	3.89	rs17802159	0.117576	-4.28	0.02277	156	10	enet	0.058	0.0049	-0.01369	0.98908
Brain_Amygdala	/media/kame/Data/_workings/resource/GTEv8//GTExv8.EUR.Brain_Amygdala/ENSG00000242686.4.wgt.RDat	ENSG00000242686.4	4	656212	656213	0.384	rs11248044	-6.48	rs7436737	0.207946	-5.98	-3.222618	379	23	enet	0.16	3.6e-06	2.55347	0.010665
Brain_Amygdala	/media/kame/Data/_workings/resource/GTEv8//GTExv8.EUR.Brain_Amygdala/ENSG00000169026.12.wgt.RDat	ENSG00000169026.12	4	689440	689441	0.198	rs11248044	-6.48	rs7436737	-0.004317	3.8	-3.222618	384	17	enet	0.0054	0.2	-2.38897	0.016896
Brain_Amygdala	/media/kame/Data/_workings/resource/GTEv8//GTExv8.EUR.Brain_Amygdala/ENSG00000185619.18.wgt.RDat	ENSG00000185619.18	4	705747	705748	0.383	rs11248044	-6.48	rs10452329	-0.002783	-3.62	0.5373	384	24	enet	0.052	0.0071	-1.56909	0.116627
Brain_Amygdala	/media/kame/Data/_workings/resource/GTEv8//GTExv8.EUR.Brain_Amygdala/ENSG00000178222.12.wgt.RDat	ENSG00000178222.12	4	1113561	1113562	0.309	rs11248044	-6.48	rs2242278	0.004689	4.4	0.034713	383	26	enet	0.07	0.0022	0.05674	0.954753
Brain_Amygdala	/media/kame/Data/_workings/resource/GTEv8//GTExv8.EUR.Brain_Amygdala/ENSG00000090316.15.wgt.RDat	ENSG00000090316.15	4	1289850	1289851	0.175	rs11248044	-6.48	rs1265922	0.022968	-3.98	0.405916	385	17	enet	0.035	0.023	-0.33949	0.734243
Brain_Amygdala	/media/kame/Data/_workings/resource/GTEv8//GTExv8.EUR.Brain_Amygdala/ENSG00000163945.15.wgt.RDat	ENSG00000163945.15	4	1347265	1347266	0.415	rs4532184	-5.51	rs3755920	0.119311	-5.17	-0.936881	373	14	enet	0.16	3.9e-06	1.04717	0.295023
Brain_Amygdala	/media/kame/Data/_workings/resource/GTEv8//GTExv8.EUR.Brain_Amygdala/ENSG00000179979.8.wgt.RDat	ENSG00000179979.8	4	1391551	1391552	0.5	rs4532184	-5.51	rs28429103	0.283171	6.01	-0.477407	346	28	enet	0.21	1.1e-07	-0.16638	0.867856
Brain_Amygdala	/media/kame/Data/_workings/resource/GTEv8//GTExv8.EUR.Brain_Amygdala/ENSG00000013810.18.wgt.RDat	ENSG00000013810.18	4	1721489	1721490	0.306	rs1250114	-4.69	rs1374468	0.149795	-4.43	-1.52456	268	14	enet	0.11	0.00018	1.068	0.285522
Brain_Amygdala	/media/kame/Data/_workings/resource/GTEv8//GTExv8.EUR.Brain_Amygdala/ENSG00000063978.15.wgt.RDat	ENSG00000063978.15	4	2462219	2462220	0.412	rs3775068	-10.34	rs4690060	0.018175	-3.71	1.409087	369	34	enet	-0.0048	0.51	-1.78612	0.074079
Brain_Amygdala	/media/kame/Data/_workings/resource/GTEv8//GTExv8.EUR.Brain_Amygdala/ENSG00000087266.15.wgt.RDat	ENSG00000087266.15	4	2793022	2793023	0.28	rs3775068	-10.34	rs1048727	0.139365	4.38	0.379004	390	24	enet	0.058	0.0047	1.00515	0.314826
Brain_Amygdala	/media/kame/Data/_workings/resource/GTEv8//GTExv8.EUR.Brain_Amygdala/ENSG00000247708.7.wgt.RDat	ENSG00000247708.7	4	4542130	4542131	0.346	rs1533095	-3.79	rs17713587	0.019355	4.22	-0.490935	511	43	enet	0.13	2.9e-05	0.17272	0.862875
Brain_Amygdala	/media/kame/Data/_workings/resource/GTEv8//GTExv8.EUR.Brain_Amygdala/ENSG00000251615.3.wgt.RDat	ENSG00000251615.3	4	8358337	8358338	0.423	rs11942146	-4.52	rs954270	0.140484	-5.03	3.955273	527	45	enet	0.18	8.6e-07	-0.65776	0.510693
Brain_Amygdala	/media/kame/Data/_workings/resource/GTEv8//GTExv8.EUR.Brain_Amygdala/ENSG00000205959.3.wgt.RDat	ENSG00000205959.3	4	8482269	8482270	0.416	rs11942146	-4.52	rs2631749	0.258846	5.97	1.168209	470	13	enet	0.12	6.7e-05	0.95013	0.342047
Brain_Amygdala	/media/kame/Data/_workings/resource/GTEv8//GTExv8.EUR.Brain_Amygdala/ENSG00000261490.1.wgt.RDat	ENSG00000261490.1	4	10073018	10073019	0.135	rs6849736	-3.22	rs6811287	0.001105	-3.89	-0.526978	565	13	enet	-0.0061	0.59	-0.01404	0.988802
Brain_Amygdala	/media/kame/Data/_workings/resource/GTEv8//GTExv8.EUR.Brain_Amygdala/ENSG00000237765.6.wgt.RDat	ENSG00000237765.6	4	15681679	15681680	0.361	rs12508186	8.9	rs6815254	0.164501	-4.92	0.018461	550	8	enet	0.082	0.00093	0.38276	0.701901
Brain_Amygdala	/media/kame/Data/_workings/resource/GTEv8//GTExv8.EUR.Brain_Amygdala/ENSG00000249506.3.wgt.RDat	ENSG00000249506.3	4	16397322	16397323	0.67	rs284210	-4.69	rs7693598	0.444069	7.33	-3.559823	577	21	enet	0.4	5.5e-15	-3.29621	0.00098
Brain_Amygdala	/media/kame/Data/_workings/resource/GTEv8//GTExv8.EUR.Brain_Amygdala/ENSG00000002549.12.wgt.RDat	ENSG00000002549.12	4	17577191	17577192	0.239	rs13130097	-5.57	rs4479701	0.14063	4.41	0.575713	433	23	enet	0.088	0.00063	0.41588	0.6775
Brain_Amygdala	/media/kame/Data/_workings/resource/GTEv8//GTExv8.EUR.Brain_Amygdala/ENSG00000163138.18.wgt.RDat	ENSG00000163138.18	4	20696281	20696282	0.493	rs1364839	-4.54	rs10805218	0.302831	-6.31	2.200472	474	23	enet	0.29	2.3e-10	-1.43024	0.152649
Brain_Amygdala	/media/kame/Data/_workings/resource/GTEv8//GTExv8.EUR.Brain_Amygdala/ENSG00000281501.1.wgt.RDat	ENSG00000281501.1	4	25160640	25160641	0.422	rs1996182	6.63	rs16876882	0.320798	-6.22	0.502977	546	72	enet	0.32	1.1e-11	1.23331	0.217462
Brain_Amygdala	/media/kame/Data/_workings/resource/GTEv8//GTExv8.EUR.Brain_Amygdala/ENSG00000053900.10.wgt.RDat	ENSG00000053900.10	4	25377212	25377213	0.362	rs1996182	6.63	rs7684466	0.219999	6.03	-3.782363	539	18	enet	0.23	2.4e-08	-3.43529	0.000592
Brain_Amygdala	/media/kame/Data/_workings/resource/GTEv8//GTExv8.EUR.Brain_Amygdala/ENSG00000240005.5.wgt.RDat	ENSG00000240005.5	4	26860598	26860599	0.599	rs6856464	6.73	rs4505809	0.462661	7.51	-0.107664	369	16	enet	0.39	1.5e-14	-0.10448	0.916791
Brain_Amygdala	/media/kame/Data/_workings/resource/GTEv8//GTExv8.EUR.Brain_Amygdala/ENSG00000251129.1.wgt.RDat	ENSG00000251129.1	4	31997396	31997397	0.534	rs10939344	-3.64	rs13108845	0.491049	7.62	-2.208052	368	15	enet	0.43	2.2e-16	-2.2967	0.021636
Brain_Amygdala	/media/kame/Data/_workings/resource/GTEv8//GTExv8.EUR.Brain_Amygdala/ENSG00000169299.13.wgt.RDat	ENSG00000169299.13	4	37826632	37826633	0.352	rs12505080	-5.46	rs1115683	0.270218	5.9	0.283581	667	10	enet	0.25	2.9e-09	0.38974	0.696728
Brain_Amygdala	/media/kame/Data/_workings/resource/GTEv8//GTExv8.EUR.Brain_Amygdala/ENSG00000231160.9.wgt.RDat	ENSG00000231160.9	4	38664882	38664883	0.497	rs4833071	6.27	rs337645	0.113992	-5	0.202921	582	23	enet	0.11	0.00017	0.31477	0.752938
Brain_Amygdala	/media/kame/Data/_workings/resource/GTEv8//GTExv8.EUR.Brain_Amygdala/ENSG00000249685.1.wgt.RDat	ENSG00000249685.1	4	39133912	39133913	0.195	rs11940694	-7	rs11096974	0.04129	-4	-0.071512	452	33	enet	0.014	0.11	0.9927	0.320856
Brain_Amygdala	/media/kame/Data/_workings/resource/GTEv8//GTExv8.EUR.Brain_Amygdala/ENSG00000157796.17.wgt.RDat	ENSG00000157796.17	4	39182403	39182404	0.187	rs11940694	-7	rs6844176	-0.000116	3.46	-2.19524	450	11	enet	0.11	0.00015	-0.24905	0.80332
Brain_Amygdala	/media/kame/Data/_workings/resource/GTEv8//GTExv8.EUR.Brain_Amygdala/ENSG00000163682.15.wgt.RDat	ENSG00000163682.15	4	39458585	39458586	0.686	rs11940694	-7	rs2249563	0.54498	8.07	0.066223	374	13	enet	0.52	8.7e-21	0.79248	0.42808
Brain_Amygdala	/media/kame/Data/_workings/resource/GTEv8//GTExv8.EUR.Brain_Amygdala/ENSG00000014824.13.wgt.RDat	ENSG00000014824.13	4	41990471	41990472	0.442	rs6447132	-9.57	rs4377621	0.002658	4.11	-5.155375	424	44	enet	0.13	4.1e-05	-1.81271	0.069877
Brain_Amygdala	/media/kame/Data/_workings/resource/GTEv8//GTExv8.EUR.Brain_Amygdala/ENSG00000251350.1.wgt.RDat	ENSG00000251350.1	4	44016860	44016861	0.491	rs7689034	-8.85	rs4321670	0.423616	7.12	-0.89743	290	7	enet	0.38	6.3e-14	-0.92081	0.357149
Brain_Amygdala	/media/kame/Data/_workings/resource/GTEv8//GTExv8.EUR.Brain_Amygdala/ENSG00000151806.13.wgt.RDat	ENSG00000151806.13	4	44678556	44678557	0.217	rs7673477	10.4	rs17600797	0.145952	-4.79	-0.749991	371	13	enet	0.11	0.00016	0.74727	0.454904
Brain_Amygdala	/media/kame/Data/_workings/resource/GTEv8//GTExv8.EUR.Brain_Amygdala/ENSG00000163281.11.wgt.RDat	ENSG00000163281.11	4	44726594	44726595	0.421	rs7673477	10.4	rs12499960	0.244378	5.61	-1.004208	374	21	enet	0.23	1.7e-08	-0.49937	0.617517
Brain_Amygdala	/media/kame/Data/_workings/resource/GTEv8//GTExv8.EUR.Brain_Amygdala/ENSG00000198515.13.wgt.RDat	ENSG00000198515.13	4	48016671	48016672	0.407	rs13140873	-3.74	rs2289433	0.2935	6.06	0.246657	407	38	enet	0.33	7.6e-12	-0.11405	0.909201
Brain_Amygdala	/media/kame/Data/_workings/resource/GTEv8//GTExv8.EUR.Brain_Amygdala/ENSG00000109180.14.wgt.RDat	ENSG00000109180.14	4	48805211	48805212	0.114	rs11725992	2.62	rs2572350	0.020689	-3.99	-1.990816	220	11	enet	0.013	0.11	1.44597	0.148187
Brain_Amygdala	/media/kame/Data/_workings/resource/GTEv8//GTExv8.EUR.Brain_Amygdala/ENSG00000250815.1.wgt.RDat	ENSG00000250815.1	4	53928137	53928138	0.299	rs2114039	3.07	rs10517304	0.059851	4.49	1.853426	453	24	enet	0.073	0.0017	1.38214	0.166927
Brain_Amygdala	/media/kame/Data/_workings/resource/GTEv8//GTExv8.EUR.Brain_Amygdala/ENSG00000128039.10.wgt.RDat	ENSG00000128039.10	4	55346108	55346109	0.264	rs11727248	5.63	rs12641881	0.008274	4.02	1.066827	400	37	enet	0.15	6.8e-06	-0.32831	0.74268
Brain_Amygdala	/media/kame/Data/_workings/resource/GTEv8//GTExv8.EUR.Brain_Amygdala/ENSG00000249700.8.wgt.RDat	ENSG00000249700.8	4	55395841	55395842	0.181	rs11727248	5.63	rs1985606	0.089205	3.88	0.199295	393	15	enet	0.0032	0.24	-1.05895	0.289623
Brain_Amygdala	/media/kame/Data/_workings/resource/GTEv8//GTExv8.EUR.Brain_Amygdala/ENSG00000272969.1.wgt.RDat	ENSG00000272969.1	4	55547138	55547139	0.152	rs11727248	5.63	rs6824955	0.043785	-3.76	-0.710389	400	24	enet	0.054	0.0062	1.51973	0.128578
Brain_Amygdala	/media/kame/Data/_workings/resource/GTEv8//GTExv8.EUR.Brain_Amygdala/ENSG00000174780.15.wgt.RDat	ENSG00000174780.15	4	56466914	56466915	0.316	rs6838426	5.38	rs6849183	0.226019	-5.39	-0.020463	439	19	enet	0.15	7.7e-06	-0.05763	0.95404
Brain_Amygdala	/media/kame/Data/_workings/resource/GTEv8//GTExv8.EUR.Brain_Amygdala/ENSG00000280285.1.wgt.RDat	ENSG00000280285.1	4	56665693	56665694	0.339	rs9996990	-3.55	rs3860708	0.016524	3.56	-0.388334	498	21	enet	0.024	0.05	0.73507	0.462296
Brain_Amygdala	/media/kame/Data/_workings/resource/GTEv8//GTExv8.EUR.Brain_Amygdala/ENSG00000269949.1.wgt.RDat	ENSG00000269949.1	4	56961372	56961373	0.272	rs10024454	5.39	rs11727819	0.081091	-4.14	-2.573615	541	14	enet	0.015	0.096	2.86466	0.004175
Brain_Amygdala	/media/kame/Data/_workings/resource/GTEv8//GTExv8.EUR.Brain_Amygdala/ENSG00000163453.11.wgt.RDat	ENSG00000163453.11	4	57110384	57110385	0.303	rs10024454	5.39	rs1714004	0.198447	-4.94	-0.615361	547	33	enet	0.17	1.5e-06	0.45884	0.646352
Brain_Amygdala	/media/kame/Data/_workings/resource/GTEv8//GTExv8.EUR.Brain_Amygdala/ENSG00000145241.10.wgt.RDat	ENSG00000145241.10	4	67545605	67545606	0.245	rs1038432	6.04	rs4475192	0.081143	4.64	-3.833832	406	15	enet	0.071	0.002	-2.7895	0.005279
Brain_Amygdala	/media/kame/Data/_workings/resource/GTEv8//GTExv8.EUR.Brain_Amygdala/ENSG00000251185.1.wgt.RDat	ENSG00000251185.1	4	75361181	75361182	0.292	rs6838240	7.79	rs11722735	0.031599	-3.77	-0.563231	391	32	enet	0.078	0.0012	-0.13814	0.89013
Brain_Amygdala	/media/kame/Data/_workings/resource/GTEv8//GTExv8.EUR.Brain_Amygdala/ENSG00000138757.14.wgt.RDat	ENSG00000138757.14	4	75724524	75724525	0.252	rs6838240	7.79	rs7679851	0.062546	-4.15	2.312322	455	37	enet	0.036	0.022	-1.20396	0.228603
Brain_Amygdala	/media/kame/Data/_workings/resource/GTEv8//GTExv8.EUR.Brain_Amygdala/ENSG00000138744.14.wgt.RDat	ENSG00000138744.14	4	75940948	75940949	0.309	rs6838240	7.79	rs6826085	0.146984	4.33	-0.665555	447	20	enet	0.065	0.003	-0.38426	0.700787
Brain_Amygdala	/media/kame/Data/_workings/resource/GTEv8//GTExv8.EUR.Brain_Amygdala/ENSG00000138750.14.wgt.RDat	ENSG00000138750.14	4	76148514	76148515	0.296	rs6838240	7.79	rs7664821	0.110966	4.84	-0.04073	481	21	enet	0.051	0.0075	-0.03286	0.973783
Brain_Amygdala	/media/kame/Data/_workings/resource/GTEv8//GTExv8.EUR.Brain_Amygdala/ENSG00000189157.13.wgt.RDat	ENSG00000189157.13	4	76214039	76214040	0.357	rs6838240	7.79	rs6849069	0.289738	5.99	0.005422	479	37	enet	0.18	6.6e-07	0.27997	0.779498
Brain_Amygdala	/media/kame/Data/_workings/resource/GTEv8//GTExv8.EUR.Brain_Amygdala/ENSG00000118804.8.wgt.RDat	ENSG00000118804.8	4	76306025	76306026	0.514	rs17324276	-4.54	rs3817118	0.212593	-5.93	1.642476	496	23	enet	0.38	5.3e-14	-0.60592	0.544565
Brain_Amygdala	/media/kame/Data/_workings/resource/GTEv8//GTExv8.EUR.Brain_Amygdala/ENSG00000138758.11.wgt.RDat	ENSG00000138758.11	4	76949702	76949703	0.308	rs17324276	-4.54	rs2132764	0.094474	-4.16	-0.052378	569	24	enet	0.062	0.0036	0.35677	0.721265
Brain_Amygdala	/media/kame/Data/_workings/resource/GTEv8//GTExv8.EUR.Brain_Amygdala/ENSG00000169288.17.wgt.RDat	ENSG00000169288.17	4	77862519	77862520	0.184	rs9307270	3.91	rs11729215	0.191256	4.97	-0.173683	444	19	enet	0.18	9.8e-07	-0.29601	0.767224
Brain_Amygdala	/media/kame/Data/_workings/resource/GTEv8//GTExv8.EUR.Brain_Amygdala/ENSG00000251022.6.wgt.RDat	ENSG00000251022.6	4	82900959	82900960	0.414	rs6820949	2.94	rs4302451	0.341888	-6.45	-2.150322	466	21	enet	0.29	1.2e-10	1.75544	0.079184
Brain_Amygdala	/media/kame/Data/_workings/resource/GTEv8//GTExv8.EUR.Brain_Amygdala/ENSG00000145287.10.wgt.RDat	ENSG00000145287.10	4	83137074	83137075	0.294	rs2868760	3.02	rs7356196	0.23813	-5.47	0.000695	449	16	enet	0.2	1.9e-07	-0.02414	0.980741
Brain_Amygdala	/media/kame/Data/_workings/resource/GTEv8//GTExv8.EUR.Brain_Amygdala/ENSG00000173083.14.wgt.RDat	ENSG00000173083.14	4	83335152	83335153	0.22	rs7692926	-2.48	rs4431217	0.072314	-4.2	-0.09123	384	20	enet	0.016	0.089	0.46062	0.645069
Brain_Amygdala	/media/kame/Data/_workings/resource/GTEv8//GTExv8.EUR.Brain_Amygdala/ENSG00000163623.9.wgt.RDat	ENSG00000163623.9	4	84498449	84498450	0.307	rs978936	-6.44	rs11933688	0.196026	5.31	-0.488309	310	6	enet	0.089	0.00058	-0.40528	0.685271
Brain_Amygdala	/media/kame/Data/_workings/resource/GTEv8//GTExv8.EUR.Brain_Amygdala/ENSG00000180769.8.wgt.RDat	ENSG00000180769.8	4	84965681	84965682	0.128	rs978936	-6.44	rs3747680	0.127799	4.17	0.548748	347	10	enet	0.075	0.0015	0.29788	0.765794
Brain_Amygdala	/media/kame/Data/_workings/resource/GTEv8//GTExv8.EUR.Brain_Amygdala/ENSG00000273389.1.wgt.RDat	ENSG00000273389.1	4	86000477	86000478	0.358	rs4693140	-3.12	rs346482	0.101268	-4.65	-0.071558	416	21	enet	0.17	2.4e-06	0.23121	0.817152
Brain_Amygdala	/media/kame/Data/_workings/resource/GTEv8//GTExv8.EUR.Brain_Amygdala/ENSG00000163629.12.wgt.RDat	ENSG00000163629.12	4	86594314	86594315	0.251	rs2869619	-3.64	rs12500797	0.246018	-5.48	-0.934899	327	39	enet	0.11	1e-04	0.95573	0.339209
Brain_Amygdala	/media/kame/Data/_workings/resource/GTEv8//GTExv8.EUR.Brain_Amygdala/ENSG00000170509.11.wgt.RDat	ENSG00000170509.11	4	87322905	87322906	0.407	rs2869619	-3.64	rs6832102	0.174432	4.77	0.094986	412	37	enet	0.13	2.7e-05	-0.04187	0.966605
Brain_Amygdala	/media/kame/Data/_workings/resource/GTEv8//GTExv8.EUR.Brain_Amygdala/ENSG00000246375.2.wgt.RDat	ENSG00000246375.2	4	88284941	88284942	0.829	rs3844296	-4.48	rs7656367	0.495519	-7.77	-1.269024	457	7	enet	0.59	1.1e-24	1.0801	0.280099
Brain_Amygdala	/media/kame/Data/_workings/resource/GTEv8//GTExv8.EUR.Brain_Amygdala/ENSG00000138722.9.wgt.RDat	ENSG00000138722.9	4	89879531	89879532	0.399	rs3775483	-6.88	rs1866995	0.341333	6.47	-0.227513	382	17	enet	0.25	4e-09	-0.38474	0.70043
Brain_Amygdala	/media/kame/Data/_workings/resource/GTEv8//GTExv8.EUR.Brain_Amygdala/ENSG00000246090.6.wgt.RDat	ENSG00000246090.6	4	99088856	99088857	0.241	rs10516441	-5.61	rs1800759	0.014588	-3.7	0.383411	496	31	enet	0.05	0.0081	-0.37236	0.709625
Brain_Amygdala	/media/kame/Data/_workings/resource/GTEv8//GTExv8.EUR.Brain_Amygdala/ENSG00000245322.6.wgt.RDat	ENSG00000245322.6	4	99950005	99950006	0.248	rs881980	4.39	rs2070738	0.10674	4.34	-1.233034	414	40	enet	0.11	0.00014	0.02211	0.982357
Brain_Amygdala	/media/kame/Data/_workings/resource/GTEv8//GTExv8.EUR.Brain_Amygdala/ENSG00000254531.1.wgt.RDat	ENSG00000254531.1	4	101347779	101347780	0.281	rs2659534	4.91	rs2471674	0.068059	-5.28	0.337879	356	19	enet	0.21	9.4e-08	-1.80067	0.071755
Brain_Amygdala	/media/kame/Data/_workings/resource/GTEv8//GTExv8.EUR.Brain_Amygdala/ENSG00000164039.14.wgt.RDat	ENSG00000164039.14	4	103099882	103099883	0.143	rs17033222	-3.25	rs6830624	0.140642	4.24	-1.316226	326	7	enet	0.092	0.00048	-0.8511	0.394716
Brain_Amygdala	/media/kame/Data/_workings/resource/GTEv8//GTExv8.EUR.Brain_Amygdala/ENSG00000138777.19.wgt.RDat	ENSG00000138777.19	4	105474080	105474081	0.218	rs2189234	10.69	rs2726516	0.180966	-5.05	2.903787	395	15	enet	0.17	1.9e-06	-2.2421	0.024955
Brain_Amygdala	/media/kame/Data/_workings/resource/GTEv8//GTExv8.EUR.Brain_Amygdala/ENSG00000123739.10.wgt.RDat	ENSG00000123739.10	4	109730076	109730077	0.424	rs2158185	-3.79	rs5030539	-0.00233	-4.36	-0.422269	390	26	enet	0.042	0.014	-0.16626	0.86795
Brain_Amygdala	/media/kame/Data/_workings/resource/GTEv8//GTExv8.EUR.Brain_Amygdala/ENSG00000109534.16.wgt.RDat	ENSG00000109534.16	4	109815509	109815510	0.311	rs16997092	-2.95	rs7438763	0.048625	-4.53	-0.180506	398	22	enet	0.12	8.9e-05	-0.0854	0.931942
Brain_Amygdala	/media/kame/Data/_workings/resource/GTEv8//GTExv8.EUR.Brain_Amygdala/ENSG00000180245.4.wgt.RDat	ENSG00000180245.4	4	109827993	109827994	0.155	rs16997092	-2.95	rs7679048	0.038709	-3.98	0.573576	397	9	enet	0.026	0.043	-0.25568	0.7982
Brain_Amygdala	/media/kame/Data/_workings/resource/GTEv8//GTExv8.EUR.Brain_Amygdala/ENSG00000138658.15.wgt.RDat	ENSG00000138658.15	4	112636962	112636963	0.423	rs7663969	4.47	rs17529302	0.172562	5.46	1.419064	458	19	enet	0.2	2.2e-07	0.97959	0.327289
Brain_Amygdala	/media/kame/Data/_workings/resource/GTEv8//GTExv8.EUR.Brain_Amygdala/ENSG00000260404.3.wgt.RDat	ENSG00000260404.3	4	118591772	118591773	0.193	rs4240320	-8.34	rs7689541	0.127606	-4.43	0.662876	337	12	enet	0.11	0.00016	-0.69281	0.488426
Brain_Amygdala	/media/kame/Data/_workings/resource/GTEv8//GTExv8.EUR.Brain_Amygdala/ENSG00000281731.2.wgt.RDat	ENSG00000281731.2	4	118685340	118685341	0.326	rs4240320	-8.34	rs12505513	0.162359	5.65	-1.312863	344	27	enet	0.18	8.7e-07	-0.70391	0.481486
Brain_Amygdala	/media/kame/Data/_workings/resource/GTEv8//GTExv8.EUR.Brain_Amygdala/ENSG00000250412.1.wgt.RDat	ENSG00000250412.1	4	119334328	119334329	0.137	rs7679385	-3.19	rs2291185	0.023694	3.83	0.221669	434	35	enet	0.017	0.083	-0.15202	0.879168
Brain_Amygdala	/media/kame/Data/_workings/resource/GTEv8//GTExv8.EUR.Brain_Amygdala/ENSG00000249244.1.wgt.RDat	ENSG00000249244.1	4	119395334	119395335	0.136	rs4320122	3.18	rs2291185	0.076543	4.1	0.221669	438	20	enet	0.07	0.0022	0.40592	0.6848
Brain_Amygdala	/media/kame/Data/_workings/resource/GTEv8//GTExv8.EUR.Brain_Amygdala/ENSG00000283050.1.wgt.RDat	ENSG00000283050.1	4	119454637	119454638	0.155	rs4320122	3.18	rs10028423	0.194731	-5.27	0.29715	412	7	enet	0.071	0.0019	-0.36863	0.712406
Brain_Amygdala	/media/kame/Data/_workings/resource/GTEv8//GTExv8.EUR.Brain_Amygdala/ENSG00000245958.6.wgt.RDat	ENSG00000245958.6	4	119454790	119454791	0.214	rs4320122	3.18	rs6846442	0.284563	-6.03	0.284607	412	40	enet	0.25	4.6e-09	-0.25553	0.798315
Brain_Amygdala	/media/kame/Data/_workings/resource/GTEv8//GTExv8.EUR.Brain_Amygdala/ENSG00000050730.15.wgt.RDat	ENSG00000050730.15	4	121227465	121227466	0.327	rs4441776	-3.05	rs6823534	0.023811	-4.08	-0.054186	478	22	enet	0.0024	0.26	-0.12706	0.898897
Brain_Amygdala	/media/kame/Data/_workings/resource/GTEv8//GTExv8.EUR.Brain_Amygdala/ENSG00000164111.14.wgt.RDat	ENSG00000164111.14	4	121697112	121697113	0.541	rs4441776	-3.13	rs2306420	0.319243	-6.35	-1.058312	443	19	enet	0.33	7.8e-12	0.19201	0.847732
Brain_Amygdala	/media/kame/Data/_workings/resource/GTEv8//GTExv8.EUR.Brain_Amygdala/ENSG00000170917.13.wgt.RDat	ENSG00000170917.13	4	122922967	122922968	0.195	rs6534362	-5.56	rs11945343	0.022132	3.58	0.821504	336	34	enet	-0.0085	0.95	0.5035	0.614613
Brain_Amygdala	/media/kame/Data/_workings/resource/GTEv8//GTExv8.EUR.Brain_Amygdala/ENSG00000164073.9.wgt.RDat	ENSG00000164073.9	4	127965952	127965953	0.285	rs2276980	-2.52	rs3811741	-0.004615	-2.76	-0.762491	262	42	enet	0.039	0.018	-1.50105	0.133342
Brain_Amygdala	/media/kame/Data/_workings/resource/GTEv8//GTExv8.EUR.Brain_Amygdala/ENSG00000251432.6.wgt.RDat	ENSG00000251432.6	4	128292750	128292751	0.175	rs10518534	3.56	rs11725346	-0.008329	3.76	-0.15899	287	24	enet	0.031	0.032	1.36107	0.17349
Brain_Amygdala	/media/kame/Data/_workings/resource/GTEv8//GTExv8.EUR.Brain_Amygdala/ENSG00000151470.12.wgt.RDat	ENSG00000151470.12	4	129093607	129093608	0.348	rs664645	4.16	rs337276	0.182886	5.31	1.395729	370	20	enet	0.2	2e-07	0.81289	0.41628
Brain_Amygdala	/media/kame/Data/_workings/resource/GTEv8//GTExv8.EUR.Brain_Amygdala/ENSG00000251372.5.wgt.RDat	ENSG00000251372.5	4	138309710	138309711	0.502	rs6841624	9.32	rs17301552	0.320697	6.15	-0.68554	471	50	enet	0.22	3.1e-08	-0.63996	0.5222
Brain_Amygdala	/media/kame/Data/_workings/resource/GTEv8//GTExv8.EUR.Brain_Amygdala/ENSG00000250326.1.wgt.RDat	ENSG00000250326.1	4	143184860	143184861	0.336	rs893929	5.8	rs300925	0.112954	-4.16	0.214513	290	30	enet	0.093	0.00044	-1.36188	0.173237
Brain_Amygdala	/media/kame/Data/_workings/resource/GTEv8//GTExv8.EUR.Brain_Amygdala/ENSG00000251600.5.wgt.RDat	ENSG00000251600.5	4	143912330	143912331	0.361	rs6844670	-4.46	rs13147386	0.333132	-6.75	-1.089453	250	41	enet	0.29	2.2e-10	1.6789	0.093171
Brain_Amygdala	/media/kame/Data/_workings/resource/GTEv8//GTExv8.EUR.Brain_Amygdala/ENSG00000245954.6.wgt.RDat	ENSG00000245954.6	4	152100753	152100754	0.193	rs17361754	-7.83	rs13107968	0.075813	-4.25	0.772406	382	9	enet	0.13	4.3e-05	1.06711	0.285921
Brain_Amygdala	/media/kame/Data/_workings/resource/GTEv8//GTExv8.EUR.Brain_Amygdala/ENSG00000164144.15.wgt.RDat	ENSG00000164144.15	4	152779936	152779937	0.201	rs11721759	4.01	rs4640654	0.124995	-4.35	1.554624	377	29	enet	0.038	0.019	-1.61373	0.106587
Brain_Amygdala	/media/kame/Data/_workings/resource/GTEv8//GTExv8.EUR.Brain_Amygdala/ENSG00000145428.14.wgt.RDat	ENSG00000145428.14	4	153760234	153760235	0.31	rs11938228	-3.55	rs12641631	0.164682	-4.69	1.926819	423	10	enet	0.11	1e-04	-1.88966	0.058803
Brain_Amygdala	/media/kame/Data/_workings/resource/GTEv8//GTExv8.EUR.Brain_Amygdala/ENSG00000256043.2.wgt.RDat	ENSG00000256043.2	4	155953916	155953917	0.396	rs7440685	5.03	rs10001803	0.102688	-4.64	0.274262	462	40	enet	0.12	8.6e-05	-0.58991	0.555252
Brain_Amygdala	/media/kame/Data/_workings/resource/GTEv8//GTExv8.EUR.Brain_Amygdala/ENSG00000248429.5.wgt.RDat	ENSG00000248429.5	4	158172251	158172252	0.335	rs1032334	-2.33	rs12645131	0.29616	-5.94	-0.149984	300	21	enet	0.26	2e-09	0.20524	0.837387
Brain_Amygdala	/media/kame/Data/_workings/resource/GTEv8//GTExv8.EUR.Brain_Amygdala/ENSG00000171503.11.wgt.RDat	ENSG00000171503.11	4	158672255	158672256	0.347	rs12502731	-2.85	rs12644851	0.145599	5.13	0.544862	269	27	enet	0.22	4.5e-08	0.40969	0.682034
Brain_Amygdala	/media/kame/Data/_workings/resource/GTEv8//GTExv8.EUR.Brain_Amygdala/ENSG00000271817.2.wgt.RDat	ENSG00000271817.2	4	158700690	158700691	0.267	rs12502731	-2.85	rs2272050	0.076424	4.18	-0.047607	270	22	enet	0.11	0.00012	-1.1295	0.258686
Brain_Amygdala	/media/kame/Data/_workings/resource/GTEv8//GTExv8.EUR.Brain_Amygdala/ENSG00000273449.1.wgt.RDat	ENSG00000273449.1	4	163529770	163529771	0.515	rs6828820	5.88	rs1441722	0.257079	6.1	0.555359	396	23	enet	0.24	1.2e-08	0.19428	0.845958
Brain_Amygdala	/media/kame/Data/_workings/resource/GTEv8//GTExv8.EUR.Brain_Amygdala/ENSG00000250486.3.wgt.RDat	ENSG00000250486.3	4	164956947	164956948	0.211	rs11727868	-9.46	rs10034083	0.051949	4.22	-0.064326	453	15	enet	0.052	0.0071	-0.24505	0.806418
Brain_Amygdala	/media/kame/Data/_workings/resource/GTEv8//GTExv8.EUR.Brain_Amygdala/ENSG00000109586.11.wgt.RDat	ENSG00000109586.11	4	173168752	173168753	0.241	rs1821862	4.4	rs4696055	0.034407	4.54	1.283705	307	17	enet	0.062	0.0036	0.53524	0.592487
Brain_Amygdala	/media/kame/Data/_workings/resource/GTEv8//GTExv8.EUR.Brain_Amygdala/ENSG00000164106.7.wgt.RDat	ENSG00000164106.7	4	173406379	173406380	0.428	rs7655560	2.97	rs7655786	0.316458	6.46	1.550957	326	20	enet	0.24	9.9e-09	1.60324	0.108881
Brain_Amygdala	/media/kame/Data/_workings/resource/GTEv8//GTExv8.EUR.Brain_Amygdala/ENSG00000248174.5.wgt.RDat	ENSG00000248174.5	4	174220397	174220398	0.459	rs954926	5.67	rs1992021	0.35346	6.5	1.713047	432	21	enet	0.37	1.9e-13	1.24692	0.212426
Brain_Amygdala	/media/kame/Data/_workings/resource/GTEv8//GTExv8.EUR.Brain_Amygdala/ENSG00000164122.8.wgt.RDat	ENSG00000164122.8	4	176277570	176277571	0.426	rs17680980	5.6	rs17673171	0.029514	-4.14	-0.137659	485	34	enet	0.026	0.043	-0.10845	0.913635
Brain_Amygdala	/media/kame/Data/_workings/resource/GTEv8//GTExv8.EUR.Brain_Amygdala/ENSG00000038002.8.wgt.RDat	ENSG00000038002.8	4	177442502	177442503	0.415	rs6817133	-5.67	rs4690522	0.262935	-5.7	-1.057059	438	25	enet	0.15	5.9e-06	0.68501	0.493336
Brain_Amygdala	/media/kame/Data/_workings/resource/GTEv8//GTExv8.EUR.Brain_Amygdala/ENSG00000251504.1.wgt.RDat	ENSG00000251504.1	4	177907935	177907936	0.351	rs6817133	-5.67	rs9993819	0.04487	4.32	-1.212162	341	31	enet	0.16	2.8e-06	-1.23718	0.216022
Brain_Amygdala	/media/kame/Data/_workings/resource/GTEv8//GTExv8.EUR.Brain_Amygdala/ENSG00000250410.1.wgt.RDat	ENSG00000250410.1	4	185370814	185370815	0.346	rs4862499	-5.26	rs6552879	0.002555	-3.31	1.012346	538	6	enet	0.033	0.027	-1.59355	0.111037
Brain_Amygdala	/media/kame/Data/_workings/resource/GTEv8//GTExv8.EUR.Brain_Amygdala/ENSG00000109771.15.wgt.RDat	ENSG00000109771.15	4	185395898	185395899	0.411	rs4862499	-5.26	rs6854344	0.03063	3.64	-1.401061	543	11	enet	0.014	0.11	0.01127	0.991008
Brain_Amygdala	/media/kame/Data/_workings/resource/GTEv8//GTExv8.EUR.Brain_Amygdala/ENSG00000109775.10.wgt.RDat	ENSG00000109775.10	4	185425984	185425985	0.385	rs4862499	-5.26	rs12500107	0.413746	-7.09	1.006032	546	5	enet	0.35	8.6e-13	-1.01971	0.307867
Brain_Amygdala	/media/kame/Data/_workings/resource/GTEv8//GTExv8.EUR.Brain_Amygdala/ENSG00000109794.13.wgt.RDat	ENSG00000109794.13	4	186104418	186104419	0.649	rs13141433	4.97	rs2036912	0.375673	-6.76	0.04892	589	47	enet	0.34	1.4e-12	-0.68859	0.491079
Brain_Amygdala	/media/kame/Data/_workings/resource/GTEv8//GTExv8.EUR.Brain_Amygdala/ENSG00000145476.15.wgt.RDat	ENSG00000145476.15	4	186191519	186191520	0.284	rs13141433	4.97	rs2289255	0.133519	-4.67	0.496635	579	14	enet	0.15	1.1e-05	0.51024	0.609883
Brain_Amygdala	/media/kame/Data/_workings/resource/GTEv8//GTExv8.EUR.Brain_Amygdala/ENSG00000164344.15.wgt.RDat	ENSG00000164344.15	4	186226437	186226438	0.243	rs13141433	4.97	rs4253239	0.060228	3.88	0.695841	568	25	enet	0.0047	0.21	-2.02705	0.042658
Brain_Amygdala	/media/kame/Data/_workings/resource/GTEv8//GTExv8.EUR.Brain_Amygdala/ENSG00000245685.6.wgt.RDat	ENSG00000245685.6	4	189940270	189940271	0.207	rs2251432	-3.56	rs1138726	0.128785	4.56	0.027592	100	13	enet	0.16	3.1e-06	-1.36694	0.171644
Brain_Amygdala	/media/kame/Data/_workings/resource/GTEv8//GTExv8.EUR.Brain_Amygdala/ENSG00000221990.4.wgt.RDat	ENSG00000221990.4	5	443156	443157	0.2905	rs2115275	6.92	rs10078	0.157615	-4.73	-1.1404	312	13	enet	0.17	1.9e-06	0.8467	0.397
Brain_Amygdala	/media/kame/Data/_workings/resource/GTEv8//GTExv8.EUR.Brain_Amygdala/ENSG00000180104.15.wgt.RDat	ENSG00000180104.15	5	443160	443161	0.3434	rs2115275	6.92	rs10072668	0.21924	-5.52	0.00902	312	24	enet	0.17	2.4e-06	0.0458	0.963
Brain_Amygdala	/media/kame/Data/_workings/resource/GTEv8//GTExv8.EUR.Brain_Amygdala/ENSG00000225138.7.wgt.RDat	ENSG00000225138.7	5	473235	473236	0.8853	rs2115275	6.92	rs2278254	0.260319	5.68	1.11087	322	28	enet	0.51	6.2e-20	0.5503	0.582
Brain_Amygdala	/media/kame/Data/_workings/resource/GTEv8//GTExv8.EUR.Brain_Amygdala/ENSG00000066230.10.wgt.RDat	ENSG00000066230.10	5	524331	524332	0.5086	rs2115275	6.92	rs2278254	0.1807	4.73	1.11087	341	24	enet	0.2	2.2e-07	0.1641	0.87
Brain_Amygdala	/media/kame/Data/_workings/resource/GTEv8//GTExv8.EUR.Brain_Amygdala/ENSG00000171368.11.wgt.RDat	ENSG00000171368.11	5	693394	693395	0.2426	rs2115275	6.92	rs12516318	0.0264	4.4	-0.41979	327	9	enet	0.0098	0.14	-0.1612	0.872
Brain_Amygdala	/media/kame/Data/_workings/resource/GTEv8//GTExv8.EUR.Brain_Amygdala/ENSG00000188002.10.wgt.RDat	ENSG00000188002.10	5	1634004	1634005	0.6904	rs16883175	-4.3	rs7734561	0.448169	-7.34	0.81505	571	37	enet	0.48	2.6e-18	-0.5758	0.565
Brain_Amygdala	/media/kame/Data/_workings/resource/GTEv8//GTExv8.EUR.Brain_Amygdala/ENSG00000170549.3.wgt.RDat	ENSG00000170549.3	5	3596053	3596054	0.3259	rs251806	-4.3	rs467716	-0.007047	3.55	-0.01115	686	15	enet	-0.0085	0.99	0.6593	0.51
Brain_Amygdala	/media/kame/Data/_workings/resource/GTEv8//GTExv8.EUR.Brain_Amygdala/ENSG00000250490.1.wgt.RDat	ENSG00000250490.1	5	6339883	6339884	0.3348	rs16877577	-8.25	rs17831845	0.185468	-5.52	1.1708	628	18	enet	0.17	2e-06	-1.9341	0.0531
Brain_Amygdala	/media/kame/Data/_workings/resource/GTEv8//GTExv8.EUR.Brain_Amygdala/ENSG00000037474.14.wgt.RDat	ENSG00000037474.14	5	6633290	6633291	0.6987	rs16877577	-8.25	rs1366297	0.566478	8.28	-0.31364	621	15	enet	0.53	2.8e-21	-0.2623	0.793
Brain_Amygdala	/media/kame/Data/_workings/resource/GTEv8//GTExv8.EUR.Brain_Amygdala/ENSG00000250060.1.wgt.RDat	ENSG00000250060.1	5	6868558	6868559	0.3096	rs16877577	-8.25	rs275499	0.218645	5.69	-0.80402	595	9	enet	0.27	7.7e-10	0.2349	0.814
Brain_Amygdala	/media/kame/Data/_workings/resource/GTEv8//GTExv8.EUR.Brain_Amygdala/ENSG00000124275.14.wgt.RDat	ENSG00000124275.14	5	7851490	7851491	0.2656	rs11950167	8.02	rs10440693	0.099712	-4.85	-0.89283	603	13	enet	0.093	0.00044	-0.2449	0.807
Brain_Amygdala	/media/kame/Data/_workings/resource/GTEv8//GTExv8.EUR.Brain_Amygdala/ENSG00000245729.2.wgt.RDat	ENSG00000245729.2	5	8387636	8387637	0.2755	rs16880515	-4.3	rs9313221	-0.003754	-3.54	0.85844	559	23	enet	0.0082	0.16	-0.4833	0.629
Brain_Amygdala	/media/kame/Data/_workings/resource/GTEv8//GTExv8.EUR.Brain_Amygdala/ENSG00000250786.1.wgt.RDat	ENSG00000250786.1	5	9546199	9546200	0.4127	rs16883661	5.73	rs16883129	0.243188	-5.49	-1.59233	688	41	enet	0.32	1.2e-11	1.0334	0.301
Brain_Amygdala	/media/kame/Data/_workings/resource/GTEv8//GTExv8.EUR.Brain_Amygdala/ENSG00000271980.1.wgt.RDat	ENSG00000271980.1	5	10267145	10267146	0.353	rs7703985	6.9	rs6892818	0.168743	-5.51	0.57698	605	10	enet	0.15	7.2e-06	-0.261	0.794
Brain_Amygdala	/media/kame/Data/_workings/resource/GTEv8//GTExv8.EUR.Brain_Amygdala/ENSG00000271892.1.wgt.RDat	ENSG00000271892.1	5	17107788	17107789	0.3231	rs177110	-4.4	rs632754	0.157648	5.71	0.56383	420	7	enet	0.15	9.8e-06	0.3852	0.7
Brain_Amygdala	/media/kame/Data/_workings/resource/GTEv8//GTExv8.EUR.Brain_Amygdala/ENSG00000082213.17.wgt.RDat	ENSG00000082213.17	5	31532265	31532266	0.4399	rs7734842	-6.47	rs16901192	0.08425	5.36	0.0539	668	27	enet	0.035	0.023	0.2151	0.83
Brain_Amygdala	/media/kame/Data/_workings/resource/GTEv8//GTExv8.EUR.Brain_Amygdala/ENSG00000279923.1.wgt.RDat	ENSG00000279923.1	5	31558572	31558573	0.3524	rs7734842	-6.47	rs7717331	-0.001111	3.42	3.79013	665	3	enet	-0.0081	0.82	3.3305	0.000867
Brain_Amygdala	/media/kame/Data/_workings/resource/GTEv8//GTExv8.EUR.Brain_Amygdala/ENSG00000242110.7.wgt.RDat	ENSG00000242110.7	5	34008107	34008108	0.5653	rs7713881	8.1	rs10941112	0.2702	-6.65	0.85389	397	40	enet	0.34	2.3e-12	-0.9708	0.332
Brain_Amygdala	/media/kame/Data/_workings/resource/GTEv8//GTExv8.EUR.Brain_Amygdala/ENSG00000197603.13.wgt.RDat	ENSG00000197603.13	5	37249427	37249428	0.0886	rs2910798	-7.55	rs6860727	0.037271	-3.81	-0.56452	174	32	enet	0.076	0.0014	0.3357	0.737
Brain_Amygdala	/media/kame/Data/_workings/resource/GTEv8//GTExv8.EUR.Brain_Amygdala/ENSG00000272335.1.wgt.RDat	ENSG00000272335.1	5	44826075	44826076	0.1799	rs12514615	7.04	rs2330572	0.149177	-4.6	-0.14487	221	19	enet	0.15	9.5e-06	0.6863	0.493
Brain_Amygdala	/media/kame/Data/_workings/resource/GTEv8//GTExv8.EUR.Brain_Amygdala/ENSG00000247796.2.wgt.RDat	ENSG00000247796.2	5	53109841	53109842	0.2726	rs11948124	-6.7	rs17298431	0.207789	5.03	-2.37601	552	5	enet	0.095	0.00039	-2.2994	0.0215
Brain_Amygdala	/media/kame/Data/_workings/resource/GTEv8//GTExv8.EUR.Brain_Amygdala/ENSG00000152670.18.wgt.RDat	ENSG00000152670.18	5	55738016	55738017	0.2647	rs3843460	5.3	rs3846512	0.123971	-4.86	3.18485	344	16	enet	0.042	0.014	-2.3917	0.0168
Brain_Amygdala	/media/kame/Data/_workings/resource/GTEv8//GTExv8.EUR.Brain_Amygdala/ENSG00000155542.11.wgt.RDat	ENSG00000155542.11	5	56909259	56909260	0.6178	rs1848507	6.19	rs9283717	0.349656	-6.9	-0.0736	494	20	enet	0.34	2.9e-12	0.337	0.736
Brain_Amygdala	/media/kame/Data/_workings/resource/GTEv8//GTExv8.EUR.Brain_Amygdala/ENSG00000164197.11.wgt.RDat	ENSG00000164197.11	5	64165843	64165844	0.1662	rs10940001	-6.64	rs356612	0.047097	-4.15	0.56419	292	22	enet	0.048	0.0092	0.2167	0.828
Brain_Amygdala	/media/kame/Data/_workings/resource/GTEv8//GTExv8.EUR.Brain_Amygdala/ENSG00000123219.12.wgt.RDat	ENSG00000123219.12	5	65563170	65563171	0.2365	rs16875218	-4.68	rs11740053	0.007994	3.5	0.52151	415	9	enet	0.0092	0.15	-0.1621	0.871
Brain_Amygdala	/media/kame/Data/_workings/resource/GTEv8//GTExv8.EUR.Brain_Amygdala/ENSG00000113593.11.wgt.RDat	ENSG00000113593.11	5	65563238	65563239	0.4004	rs16875218	-4.68	rs33395	0.274809	5.87	0.11683	415	34	enet	0.21	6.8e-08	0.2111	0.833
Brain_Amygdala	/media/kame/Data/_workings/resource/GTEv8//GTExv8.EUR.Brain_Amygdala/ENSG00000280187.1.wgt.RDat	ENSG00000280187.1	5	69189451	69189452	0.3085	rs2010352	-10.1	rs350104	0.308328	6.14	-1.30379	301	34	enet	0.16	4e-06	-0.5615	0.574
Brain_Amygdala	/media/kame/Data/_workings/resource/GTEv8//GTExv8.EUR.Brain_Amygdala/ENSG00000153044.9.wgt.RDat	ENSG00000153044.9	5	69189547	69189548	0.1452	rs2010352	-10.1	rs11951414	0.040567	-3.95	0.17115	301	16	enet	-0.0016	0.37	0.8138	0.416
Brain_Amygdala	/media/kame/Data/_workings/resource/GTEv8//GTExv8.EUR.Brain_Amygdala/ENSG00000134056.11.wgt.RDat	ENSG00000134056.11	5	69217759	69217760	0.1952	rs2010352	-10.1	rs10038816	-0.005127	3.8	-8.62185	286	15	enet	0.035	0.024	-6.3495	2.16e-10
Brain_Amygdala	/media/kame/Data/_workings/resource/GTEv8//GTExv8.EUR.Brain_Amygdala/ENSG00000253203.6.wgt.RDat	ENSG00000253203.6	5	69679258	69679259	0.2992	rs2010352	-10.1	rs11745578	0.02261	3.83	-2.15667	105	16	enet	0.14	1.8e-05	-0.5976	0.55
Brain_Amygdala	/media/kame/Data/_workings/resource/GTEv8//GTExv8.EUR.Brain_Amygdala/ENSG00000215630.6.wgt.RDat	ENSG00000215630.6	5	71208129	71208130	0.2148	rs6453402	9.48	rs13168712	-0.003444	-2.84	-0.94534	116	36	enet	0.0047	0.21	1.8357	0.0664
Brain_Amygdala	/media/kame/Data/_workings/resource/GTEv8//GTExv8.EUR.Brain_Amygdala/ENSG00000157111.12.wgt.RDat	ENSG00000157111.12	5	73120291	73120292	0.2797	rs12651968	5.46	rs481619	0.255054	5.89	-0.24939	393	11	enet	0.18	1.2e-06	-0.161	0.872
Brain_Amygdala	/media/kame/Data/_workings/resource/GTEv8//GTExv8.EUR.Brain_Amygdala/ENSG00000164346.9.wgt.RDat	ENSG00000164346.9	5	74768930	74768931	0.5909	rs4703642	5.73	rs1048167	0.394012	6.97	1.21233	475	17	enet	0.34	1.4e-12	1.4448	0.149
Brain_Amygdala	/media/kame/Data/_workings/resource/GTEv8//GTExv8.EUR.Brain_Amygdala/ENSG00000181104.6.wgt.RDat	ENSG00000181104.6	5	76716042	76716043	0.2572	rs11747915	4.88	rs7717826	-0.007855	-3.64	0.31692	573	40	enet	0.032	0.03	-0.8354	0.404
Brain_Amygdala	/media/kame/Data/_workings/resource/GTEv8//GTExv8.EUR.Brain_Amygdala/ENSG00000164251.4.wgt.RDat	ENSG00000164251.4	5	76818932	76818933	0.3307	rs11953611	5.22	rs1529505	0.02261	4.02	-0.52614	554	61	enet	0.077	0.0013	-0.5439	0.586
Brain_Amygdala	/media/kame/Data/_workings/resource/GTEv8//GTExv8.EUR.Brain_Amygdala/ENSG00000164253.13.wgt.RDat	ENSG00000164253.13	5	77620610	77620611	0.3097	rs4262083	6.17	rs10805911	0.004459	-3.61	-0.10715	528	19	enet	0.076	0.0014	-0.9838	0.325
Brain_Amygdala	/media/kame/Data/_workings/resource/GTEv8//GTExv8.EUR.Brain_Amygdala/ENSG00000132840.9.wgt.RDat	ENSG00000132840.9	5	79069716	79069717	0.1383	rs10058261	5.08	rs617219	0.006222	3.67	-0.07285	410	36	enet	-0.0043	0.49	-0.6739	0.5
Brain_Amygdala	/media/kame/Data/_workings/resource/GTEv8//GTExv8.EUR.Brain_Amygdala/ENSG00000145692.14.wgt.RDat	ENSG00000145692.14	5	79111778	79111779	0.1535	rs10058261	5.08	rs567754	0.154054	4.66	-0.42425	407	8	enet	0.066	0.0027	-0.2413	0.809
Brain_Amygdala	/media/kame/Data/_workings/resource/GTEv8//GTExv8.EUR.Brain_Amygdala/ENSG00000132837.14.wgt.RDat	ENSG00000132837.14	5	79236037	79236038	0.1505	rs10058261	5.08	rs617219	0.019767	3.82	-0.07285	415	14	enet	0.012	0.12	-0.0749	0.94
Brain_Amygdala	/media/kame/Data/_workings/resource/GTEv8//GTExv8.EUR.Brain_Amygdala/ENSG00000164300.16.wgt.RDat	ENSG00000164300.16	5	80256078	80256079	0.7096	rs12657828	-3.83	rs2438638	0.032276	-4.22	-0.26688	506	87	enet	0.066	0.0027	-0.3831	0.702
Brain_Amygdala	/media/kame/Data/_workings/resource/GTEv8//GTExv8.EUR.Brain_Amygdala/ENSG00000228716.6.wgt.RDat	ENSG00000228716.6	5	80654982	80654983	0.4975	rs401758	4.63	rs2560424	0.275935	-6.17	-0.23115	478	67	enet	0.22	3.6e-08	-0.0565	0.955
Brain_Amygdala	/media/kame/Data/_workings/resource/GTEv8//GTExv8.EUR.Brain_Amygdala/ENSG00000113318.9.wgt.RDat	ENSG00000113318.9	5	80655151	80655152	0.5892	rs401758	4.63	rs26784	0.136584	4.82	1.45499	478	55	enet	0.12	6.2e-05	-0.3474	0.728
Brain_Amygdala	/media/kame/Data/_workings/resource/GTEv8//GTExv8.EUR.Brain_Amygdala/ENSG00000248794.1.wgt.RDat	ENSG00000248794.1	5	81242598	81242599	0.359	rs13179530	-10.87	rs11950033	0.213578	5.61	-0.41756	446	15	enet	0.2	1.8e-07	-0.8571	0.391
Brain_Amygdala	/media/kame/Data/_workings/resource/GTEv8//GTExv8.EUR.Brain_Amygdala/ENSG00000247572.7.wgt.RDat	ENSG00000247572.7	5	81301559	81301560	0.8375	rs13179530	-10.87	rs6893467	0.197306	6.28	-0.39682	462	36	enet	0.34	1.7e-12	-1.1542	0.248
Brain_Amygdala	/media/kame/Data/_workings/resource/GTEv8//GTExv8.EUR.Brain_Amygdala/ENSG00000152348.15.wgt.RDat	ENSG00000152348.15	5	81972024	81972025	0.485	rs959978	-10.7	rs3738	0.057651	4.64	0.33189	392	31	enet	0.15	6.5e-06	1.3206	0.187
Brain_Amygdala	/media/kame/Data/_workings/resource/GTEv8//GTExv8.EUR.Brain_Amygdala/ENSG00000186468.12.wgt.RDat	ENSG00000186468.12	5	82278576	82278577	0.4834	rs959978	-10.7	rs3738	0.365118	-6.66	0.33189	436	26	enet	0.34	2.5e-12	-0.3555	0.722
Brain_Amygdala	/media/kame/Data/_workings/resource/GTEv8//GTExv8.EUR.Brain_Amygdala/ENSG00000205464.11.wgt.RDat	ENSG00000205464.11	5	82279461	82279462	0.4947	rs959978	-10.7	rs3738	0.413294	7.1	0.33189	436	22	enet	0.32	8.2e-12	0.9781	0.328
Brain_Amygdala	/media/kame/Data/_workings/resource/GTEv8//GTExv8.EUR.Brain_Amygdala/ENSG00000249664.1.wgt.RDat	ENSG00000249664.1	5	83013108	83013109	0.3252	rs7702166	-4.41	rs255561	0.151526	5.4	0.87321	398	13	enet	0.25	4.6e-09	0.2238	0.823
Brain_Amygdala	/media/kame/Data/_workings/resource/GTEv8//GTExv8.EUR.Brain_Amygdala/ENSG00000247828.7.wgt.RDat	ENSG00000247828.7	5	88269070	88269071	0.3105	rs10044618	-9.74	rs780404	0.310694	6.29	-3.49202	252	14	enet	0.32	1.6e-11	-4.3576	1.32e-05
Brain_Amygdala	/media/kame/Data/_workings/resource/GTEv8//GTExv8.EUR.Brain_Amygdala/ENSG00000271904.1.wgt.RDat	ENSG00000271904.1	5	88498696	88498697	0.4034	rs10044618	-9.74	rs7737179	0.123782	5.09	-0.6187	254	31	enet	0.24	1.3e-08	-4.1156	3.86e-05
Brain_Amygdala	/media/kame/Data/_workings/resource/GTEv8//GTExv8.EUR.Brain_Amygdala/ENSG00000133302.12.wgt.RDat	ENSG00000133302.12	5	94618346	94618347	0.2091	rs13361876	-4.75	rs17083791	0.000539	3.81	-4.33572	368	14	enet	0.058	0.005	-2.5647	0.0103
Brain_Amygdala	/media/kame/Data/_workings/resource/GTEv8//GTExv8.EUR.Brain_Amygdala/ENSG00000243806.1.wgt.RDat	ENSG00000243806.1	5	94826693	94826694	0.2866	rs13361876	-4.75	rs152286	0.05294	5.26	-4.69563	401	11	enet	0.072	0.0018	-3.3709	0.000749
Brain_Amygdala	/media/kame/Data/_workings/resource/GTEv8//GTExv8.EUR.Brain_Amygdala/ENSG00000198677.10.wgt.RDat	ENSG00000198677.10	5	95555006	95555007	0.3824	rs6894476	3.23	rs3849754	0.214927	5.97	-2.15354	404	22	enet	0.22	4e-08	-1.8172	0.0692
Brain_Amygdala	/media/kame/Data/_workings/resource/GTEv8//GTExv8.EUR.Brain_Amygdala/ENSG00000153113.23.wgt.RDat	ENSG00000153113.23	5	96525266	96525267	0.4744	rs27038	7.01	rs4590196	0.314133	6.51	-0.24899	461	17	enet	0.26	2.4e-09	-0.652	0.514
Brain_Amygdala	/media/kame/Data/_workings/resource/GTEv8//GTExv8.EUR.Brain_Amygdala/ENSG00000164307.12.wgt.RDat	ENSG00000164307.12	5	96808099	96808100	0.4993	rs27038	7.01	rs1057569	0.370566	-6.65	-0.04717	498	26	enet	0.32	1.6e-11	2.7569	0.00584
Brain_Amygdala	/media/kame/Data/_workings/resource/GTEv8//GTExv8.EUR.Brain_Amygdala/ENSG00000164308.16.wgt.RDat	ENSG00000164308.16	5	96875938	96875939	0.6767	rs27038	7.01	rs2762	0.603322	8.73	-0.27135	501	33	enet	0.59	6.4e-25	0.0409	0.967
Brain_Amygdala	/media/kame/Data/_workings/resource/GTEv8//GTExv8.EUR.Brain_Amygdala/ENSG00000058729.10.wgt.RDat	ENSG00000058729.10	5	97183259	97183260	0.499	rs27038	7.01	rs27439	0.025217	-4.01	-0.02935	412	10	enet	0.067	0.0027	-1.6985	0.0894
Brain_Amygdala	/media/kame/Data/_workings/resource/GTEv8//GTExv8.EUR.Brain_Amygdala/ENSG00000145723.16.wgt.RDat	ENSG00000145723.16	5	103120147	103120148	0.0979	rs7708778	-4.64	rs10515337	-0.000684	3.39	1.9582	312	13	enet	-0.007	0.67	1.7712	0.0765
Brain_Amygdala	/media/kame/Data/_workings/resource/GTEv8//GTExv8.EUR.Brain_Amygdala/ENSG00000151422.12.wgt.RDat	ENSG00000151422.12	5	108747821	108747822	0.1787	rs10043540	6.44	rs10055161	0.001045	3.74	1.40482	318	7	enet	0.0037	0.23	0.475	0.635
Brain_Amygdala	/media/kame/Data/_workings/resource/GTEv8//GTExv8.EUR.Brain_Amygdala/ENSG00000249476.1.wgt.RDat	ENSG00000249476.1	5	109326368	109326369	0.2212	rs10043540	6.44	rs11953198	-0.008547	-3.57	-0.37875	371	22	enet	0.016	0.089	-0.2211	0.825
Brain_Amygdala	/media/kame/Data/_workings/resource/GTEv8//GTExv8.EUR.Brain_Amygdala/ENSG00000145781.8.wgt.RDat	ENSG00000145781.8	5	116085473	116085474	0.2806	rs1014643	-5.91	rs1567337	0.118876	5.21	-0.48088	590	37	enet	0.082	0.00092	-0.5038	0.614
Brain_Amygdala	/media/kame/Data/_workings/resource/GTEv8//GTExv8.EUR.Brain_Amygdala/ENSG00000263432.2.wgt.RDat	ENSG00000263432.2	5	123022782	123022783	0.2635	rs3776181	-8.22	rs11739754	0.073099	3.76	0.54108	439	39	enet	0.064	0.0032	0.328	0.743
Brain_Amygdala	/media/kame/Data/_workings/resource/GTEv8//GTExv8.EUR.Brain_Amygdala/ENSG00000245937.7.wgt.RDat	ENSG00000245937.7	5	128083171	128083172	0.1666	rs3805648	-3.94	rs10519971	0.039346	3.97	-0.94544	379	18	enet	0.021	0.063	-1.4027	0.161
Brain_Amygdala	/media/kame/Data/_workings/resource/GTEv8//GTExv8.EUR.Brain_Amygdala/ENSG00000113396.12.wgt.RDat	ENSG00000113396.12	5	128845579	128845580	0.4012	rs3805648	-3.94	rs2577539	0.191862	5.81	-2.16221	448	36	enet	0.22	3.4e-08	-0.4165	0.677
Brain_Amygdala	/media/kame/Data/_workings/resource/GTEv8//GTExv8.EUR.Brain_Amygdala/ENSG00000164398.12.wgt.RDat	ENSG00000164398.12	5	132012242	132012243	0.1526	rs7733814	5.76	rs687429	0.039207	-3.78	-0.15975	381	44	enet	0.0036	0.23	0.1698	0.865
Brain_Amygdala	/media/kame/Data/_workings/resource/GTEv8//GTExv8.EUR.Brain_Amygdala/ENSG00000233006.6.wgt.RDat	ENSG00000233006.6	5	132369647	132369648	0.3893	rs7733814	5.76	rs272842	0.349599	-6.48	-0.04867	421	31	enet	0.27	6.5e-10	0.1095	0.913
Brain_Amygdala	/media/kame/Data/_workings/resource/GTEv8//GTExv8.EUR.Brain_Amygdala/ENSG00000197536.11.wgt.RDat	ENSG00000197536.11	5	132410635	132410636	0.2684	rs7733814	5.76	rs2070727	0.260226	-5.85	0.65346	432	16	enet	0.24	7.7e-09	-0.5513	0.581
Brain_Amygdala	/media/kame/Data/_workings/resource/GTEv8//GTExv8.EUR.Brain_Amygdala/ENSG00000164615.4.wgt.RDat	ENSG00000164615.4	5	134738500	134738501	0.6071	rs12519356	-9.44	rs17167632	0.44878	7.42	1.69711	290	8	enet	0.41	3.3e-15	1.163	0.245
Brain_Amygdala	/media/kame/Data/_workings/resource/GTEv8//GTExv8.EUR.Brain_Amygdala/ENSG00000270021.1.wgt.RDat	ENSG00000270021.1	5	135399622	135399623	0.2875	rs12519356	-9.44	rs7710100	0.125064	-4.99	0.54316	507	9	enet	0.16	2.8e-06	-0.3458	0.73
Brain_Amygdala	/media/kame/Data/_workings/resource/GTEv8//GTExv8.EUR.Brain_Amygdala/ENSG00000132563.15.wgt.RDat	ENSG00000132563.15	5	138439016	138439017	0.1717	rs11743323	6.2	rs217256	0.076262	4.03	0.05676	291	25	enet	0.013	0.12	0.0326	0.974
Brain_Amygdala	/media/kame/Data/_workings/resource/GTEv8//GTExv8.EUR.Brain_Amygdala/ENSG00000253404.1.wgt.RDat	ENSG00000253404.1	5	138753308	138753309	0.3216	rs11743323	6.2	rs13171173	0.381287	6.83	-0.01637	302	50	enet	0.35	1e-12	-0.0921	0.927
Brain_Amygdala	/media/kame/Data/_workings/resource/GTEv8//GTExv8.EUR.Brain_Amygdala/ENSG00000228672.3.wgt.RDat	ENSG00000228672.3	5	139395712	139395713	0.2275	rs4912894	-6.44	rs3805436	-0.000577	-3.41	-1.76975	270	46	enet	-0.0064	0.62	1.065	0.287
Brain_Amygdala	/media/kame/Data/_workings/resource/GTEv8//GTExv8.EUR.Brain_Amygdala/ENSG00000120306.9.wgt.RDat	ENSG00000120306.9	5	140174641	140174642	0.2107	rs11558407	-7.91	rs17286683	0.00432	-3.25	-2.40863	300	19	enet	0.023	0.055	-0.8772	0.38
Brain_Amygdala	/media/kame/Data/_workings/resource/GTEv8//GTExv8.EUR.Brain_Amygdala/ENSG00000213523.10.wgt.RDat	ENSG00000213523.10	5	140558251	140558252	0.1923	rs11558407	-7.91	rs250424	0.128241	-4.68	0.01011	328	33	enet	0.14	1.6e-05	0.1665	0.868
Brain_Amygdala	/media/kame/Data/_workings/resource/GTEv8//GTExv8.EUR.Brain_Amygdala/ENSG00000283602.1.wgt.RDat	ENSG00000283602.1	5	140594569	140594570	0.3477	rs11558407	-7.91	rs6860077	0.214928	5.67	0.02177	328	19	enet	0.19	5.4e-07	-0.1058	0.916
Brain_Amygdala	/media/kame/Data/_workings/resource/GTEv8//GTExv8.EUR.Brain_Amygdala/ENSG00000113119.12.wgt.RDat	ENSG00000113119.12	5	140639426	140639427	0.2024	rs11558407	-7.91	rs7712617	0.062959	-4.41	-1.86502	343	27	enet	0.072	0.0018	-2.0558	0.0398
Brain_Amygdala	/media/kame/Data/_workings/resource/GTEv8//GTExv8.EUR.Brain_Amygdala/ENSG00000239389.7.wgt.RDat	ENSG00000239389.7	5	140882642	140882643	0.2466	rs2286394	-4.12	rs6884562	0.165682	-4.89	-1.97828	382	41	enet	0.1	0.00023	1.076	0.282
Brain_Amygdala	/media/kame/Data/_workings/resource/GTEv8//GTExv8.EUR.Brain_Amygdala/ENSG00000113205.5.wgt.RDat	ENSG00000113205.5	5	141100755	141100756	0.2495	rs4151701	4.56	rs778583	-0.005134	3.07	0.06059	432	21	enet	0.0011	0.29	0.919	0.358
Brain_Amygdala	/media/kame/Data/_workings/resource/GTEv8//GTExv8.EUR.Brain_Amygdala/ENSG00000113212.6.wgt.RDat	ENSG00000113212.6	5	141172618	141172619	0.2675	rs4151701	4.56	rs12654953	0.163775	-5.25	0.31594	447	19	enet	0.18	1.2e-06	-0.5313	0.595
Brain_Amygdala	/media/kame/Data/_workings/resource/GTEv8//GTExv8.EUR.Brain_Amygdala/ENSG00000277795.1.wgt.RDat	ENSG00000277795.1	5	141259234	141259235	0.2484	rs4151701	4.56	rs248616	-0.000815	3.62	0.00677	476	12	enet	0.033	0.026	-0.3935	0.694
Brain_Amygdala	/media/kame/Data/_workings/resource/GTEv8//GTExv8.EUR.Brain_Amygdala/ENSG00000262209.2.wgt.RDat	ENSG00000262209.2	5	141370263	141370264	0.2665	rs4151701	4.56	rs17648511	-0.002093	-3.24	0.13526	503	8	enet	-0.0047	0.51	-0.3193	0.749
Brain_Amygdala	/media/kame/Data/_workings/resource/GTEv8//GTExv8.EUR.Brain_Amygdala/ENSG00000280047.1.wgt.RDat	ENSG00000280047.1	5	142165766	142165767	0.3606	rs6888135	12.29	rs2288819	0.252679	-5.63	0.32908	578	12	enet	0.18	7.7e-07	-0.5503	0.582
Brain_Amygdala	/media/kame/Data/_workings/resource/GTEv8//GTExv8.EUR.Brain_Amygdala/ENSG00000133706.17.wgt.RDat	ENSG00000133706.17	5	146182659	146182660	0.2857	rs4305683	3.68	rs2063002	0.161896	4.76	1.88671	430	44	enet	0.093	0.00043	1.9886	0.0467
Brain_Amygdala	/media/kame/Data/_workings/resource/GTEv8//GTExv8.EUR.Brain_Amygdala/ENSG00000204909.7.wgt.RDat	ENSG00000204909.7	5	148321202	148321203	0.1854	rs13187585	-6.37	rs10077690	0.067697	4.47	4.66837	443	33	enet	0.037	0.02	4.2911	1.78e-05
Brain_Amygdala	/media/kame/Data/_workings/resource/GTEv8//GTExv8.EUR.Brain_Amygdala/ENSG00000164296.6.wgt.RDat	ENSG00000164296.6	5	150000319	150000320	0.3754	rs4705407	-6.49	rs4705404	0.023323	-4.84	-4.00397	562	49	enet	0.08	0.0011	3.78	0.000157
Brain_Amygdala	/media/kame/Data/_workings/resource/GTEv8//GTExv8.EUR.Brain_Amygdala/ENSG00000113716.12.wgt.RDat	ENSG00000113716.12	5	150001167	150001168	0.2004	rs4705407	-6.49	rs3733672	0.012845	3.63	0.32286	562	44	enet	-0.0085	0.95	-0.1928	0.847
Brain_Amygdala	/media/kame/Data/_workings/resource/GTEv8//GTExv8.EUR.Brain_Amygdala/ENSG00000254333.1.wgt.RDat	ENSG00000254333.1	5	150485298	150485299	0.4683	rs4705407	-6.49	rs3846703	0.346663	6.57	-1.18214	479	22	enet	0.33	7.2e-12	-1.1541	0.248
Brain_Amygdala	/media/kame/Data/_workings/resource/GTEv8//GTExv8.EUR.Brain_Amygdala/ENSG00000197083.11.wgt.RDat	ENSG00000197083.11	5	150946288	150946289	0.7225	rs10074582	-3.93	rs7724036	0.342259	6.81	0.04569	530	24	enet	0.49	4e-19	0.2443	0.807
Brain_Amygdala	/media/kame/Data/_workings/resource/GTEv8//GTExv8.EUR.Brain_Amygdala/ENSG00000123643.12.wgt.RDat	ENSG00000123643.12	5	151437045	151437046	0.6233	rs890832	-3.88	rs1116037	0.179606	4.98	0.06189	628	69	enet	0.12	8.9e-05	0.3835	0.701
Brain_Amygdala	/media/kame/Data/_workings/resource/GTEv8//GTExv8.EUR.Brain_Amygdala/ENSG00000271795.1.wgt.RDat	ENSG00000271795.1	5	151509452	151509453	0.2965	rs12522075	6.16	rs7723079	0.10927	4.31	-0.14485	629	61	enet	0.034	0.026	0.3925	0.695
Brain_Amygdala	/media/kame/Data/_workings/resource/GTEv8//GTExv8.EUR.Brain_Amygdala/ENSG00000260581.1.wgt.RDat	ENSG00000260581.1	5	151652274	151652275	0.5735	rs3864271	7.42	rs7723079	0.222205	5.79	-0.26332	567	39	enet	0.29	2.4e-10	-0.5045	0.614
Brain_Amygdala	/media/kame/Data/_workings/resource/GTEv8//GTExv8.EUR.Brain_Amygdala/ENSG00000253921.1.wgt.RDat	ENSG00000253921.1	5	151753991	151753992	0.269	rs3864271	7.42	rs2915868	-0.001593	-3.49	1.75455	560	15	enet	-0.0077	0.75	-0.8842	0.377
Brain_Amygdala	/media/kame/Data/_workings/resource/GTEv8//GTExv8.EUR.Brain_Amygdala/ENSG00000177556.11.wgt.RDat	ENSG00000177556.11	5	151758778	151758779	0.2211	rs3864271	7.42	rs7733241	0.12272	-3.92	1.82189	560	3	enet	0.0079	0.17	-1.7747	0.0759
Brain_Amygdala	/media/kame/Data/_workings/resource/GTEv8//GTExv8.EUR.Brain_Amygdala/ENSG00000213433.5.wgt.RDat	ENSG00000213433.5	5	151766377	151766378	0.5013	rs3864271	7.42	rs2964584	0.267412	-6.11	-0.32987	555	43	enet	0.36	3.6e-13	-0.5949	0.552
Brain_Amygdala	/media/kame/Data/_workings/resource/GTEv8//GTExv8.EUR.Brain_Amygdala/ENSG00000275765.5.wgt.RDat	ENSG00000275765.5	5	151771507	151771508	0.6524	rs3864271	7.42	rs11958614	0.316603	-6.57	-1.18238	553	19	enet	0.31	2.8e-11	0.7555	0.45
Brain_Amygdala	/media/kame/Data/_workings/resource/GTEv8//GTExv8.EUR.Brain_Amygdala/ENSG00000155511.17.wgt.RDat	ENSG00000155511.17	5	153490267	153490268	0.3174	rs11167612	-5.17	rs10036436	0.023547	-3.6	1.84952	459	25	enet	0.0095	0.15	-1.3869	0.165
Brain_Amygdala	/media/kame/Data/_workings/resource/GTEv8//GTExv8.EUR.Brain_Amygdala/ENSG00000251405.2.wgt.RDat	ENSG00000251405.2	5	157460017	157460018	0.5409	rs13154298	7.49	rs17657987	0.43278	7.16	0.00653	520	25	enet	0.34	1.4e-12	-0.3599	0.719
Brain_Amygdala	/media/kame/Data/_workings/resource/GTEv8//GTExv8.EUR.Brain_Amygdala/ENSG00000118322.12.wgt.RDat	ENSG00000118322.12	5	160852213	160852214	0.3028	rs1105788	6.12	rs4559036	0.078632	4.54	0.043	574	25	enet	0.039	0.018	0.2335	0.815
Brain_Amygdala	/media/kame/Data/_workings/resource/GTEv8//GTExv8.EUR.Brain_Amygdala/ENSG00000254187.1.wgt.RDat	ENSG00000254187.1	5	167660480	167660481	0.2417	rs2336899	8.88	rs1422531	-0.003321	-3.54	0.33572	448	60	enet	0.021	0.065	0.594	0.553
Brain_Amygdala	/media/kame/Data/_workings/resource/GTEv8//GTExv8.EUR.Brain_Amygdala/ENSG00000204764.13.wgt.RDat	ENSG00000204764.13	5	170861869	170861870	0.133	rs6555942	4.95	rs29652	0.105816	-4.29	-1.04672	466	9	enet	0.038	0.02	1.1053	0.269
Brain_Amygdala	/media/kame/Data/_workings/resource/GTEv8//GTExv8.EUR.Brain_Amygdala/ENSG00000145920.14.wgt.RDat	ENSG00000145920.14	5	175796309	175796310	0.2757	rs2662176	4.76	rs2218891	-0.005962	-3.38	1.62868	384	20	enet	-0.0085	0.95	-1.199	0.231
Brain_Amygdala	/media/kame/Data/_workings/resource/GTEv8//GTExv8.EUR.Brain_Amygdala/ENSG00000051596.9.wgt.RDat	ENSG00000051596.9	5	176034679	176034680	0.224	rs2662176	4.76	rs17078191	0.038431	3.71	0.03257	321	14	enet	0.12	5.3e-05	0.6244	0.532
Brain_Amygdala	/media/kame/Data/_workings/resource/GTEv8//GTExv8.EUR.Brain_Amygdala/ENSG00000248469.1.wgt.RDat	ENSG00000248469.1	5	176062020	176062021	0.2303	rs17572757	4.74	rs17078193	0.195577	-4.91	0.3712	311	25	enet	0.11	0.00015	-0.2233	0.823
Brain_Amygdala	/media/kame/Data/_workings/resource/GTEv8//GTExv8.EUR.Brain_Amygdala/ENSG00000160867.14.wgt.RDat	ENSG00000160867.14	5	177086885	177086886	0.2187	rs11952102	-8.19	rs641101	0.075733	3.74	-0.82163	383	13	enet	0.022	0.056	-0.2651	0.791
Brain_Amygdala	/media/kame/Data/_workings/resource/GTEv8//GTExv8.EUR.Brain_Amygdala/ENSG00000213347.10.wgt.RDat	ENSG00000213347.10	5	177312756	177312757	0.25	rs11952102	-8.19	rs28362590	-0.000341	3.89	-4.1472	310	32	enet	0.03	0.033	-0.4681	0.64
Brain_Amygdala	/media/kame/Data/_workings/resource/GTEv8//GTExv8.EUR.Brain_Amygdala/ENSG00000272459.1.wgt.RDat	ENSG00000272459.1	5	177554823	177554824	0.334	rs11952102	-8.19	rs7703727	0.146587	4.55	-0.0332	241	37	enet	0.17	1.7e-06	0.8629	0.388
Brain_Amygdala	/media/kame/Data/_workings/resource/GTEv8//GTExv8.EUR.Brain_Amygdala/ENSG00000249109.1.wgt.RDat	ENSG00000249109.1	5	177782196	177782197	0.3602	rs11952102	-8.19	rs7703727	0.257154	-5.78	-0.0332	296	37	enet	0.21	8.7e-08	0.9023	0.367
Brain_Amygdala	/media/kame/Data/_workings/resource/GTEv8//GTExv8.EUR.Brain_Amygdala/ENSG00000170074.19.wgt.RDat	ENSG00000170074.19	5	177783397	177783398	0.3889	rs11952102	-8.19	rs7703727	0.239341	-5.62	-0.0332	296	33	enet	0.22	5.7e-08	0.0738	0.941
Brain_Amygdala	/media/kame/Data/_workings/resource/GTEv8//GTExv8.EUR.Brain_Amygdala/ENSG00000218227.3.wgt.RDat	ENSG00000218227.3	5	178055603	178055604	0.3223	rs2672818	3.38	rs11953798	0.002656	3.53	-0.43462	389	8	enet	-0.0061	0.59	-0.1074	0.914
Brain_Amygdala	/media/kame/Data/_workings/resource/GTEv8//GTExv8.EUR.Brain_Amygdala/ENSG00000254035.1.wgt.RDat	ENSG00000254035.1	5	178969389	178969390	0.2701	rs1132336	-6.02	rs535858	0.041292	-3.81	-0.91217	556	20	enet	-0.0071	0.69	1.5207	0.128
Brain_Amygdala	/media/kame/Data/_workings/resource/GTEv8//GTExv8.EUR.Brain_Amygdala/ENSG00000127022.14.wgt.RDat	ENSG00000127022.14	5	179698405	179698406	0.3814	rs6895117	-4.71	rs13182141	0.127806	-4.51	-0.38387	454	37	enet	0.13	4.1e-05	0.3084	0.758
Brain_Amygdala	/media/kame/Data/_workings/resource/GTEv8//GTExv8.EUR.Brain_Amygdala/ENSG00000161010.14.wgt.RDat	ENSG00000161010.14	5	179858886	179858887	0.3943	rs4282280	3.77	rs1065154	0.255214	5.79	1.77925	432	24	enet	0.22	3.9e-08	1.5305	0.126
Brain_Amygdala	/media/kame/Data/_workings/resource/GTEv8//GTExv8.EUR.Brain_Amygdala/ENSG00000197226.12.wgt.RDat	ENSG00000197226.12	5	179907858	179907859	0.5468	rs4282280	3.77	rs248247	0.203956	5.4	1.87031	432	26	enet	0.26	1.7e-09	1.2344	0.217
Brain_Amygdala	/media/kame/Data/_workings/resource/GTEv8//GTExv8.EUR.Brain_Amygdala/ENSG00000113303.11.wgt.RDat	ENSG00000113303.11	5	180899076	180899077	0.3404	rs2619758	-11	rs7735361	0.077138	-3.74	0.72276	328	25	enet	0.12	7.3e-05	-2.3548	0.0185
Brain_Amygdala	/media/kame/Data/_workings/resource/GTEv8//GTExv8.EUR.Brain_Amygdala/ENSG00000146054.17.wgt.RDat	ENSG00000146054.17	5	181205292	181205293	0.2414	rs2619758	-11	rs416574	0.005513	3.63	1.50758	209	17	enet	0.045	0.012	1.0364	0.3
Brain_Amygdala	/media/kame/Data/_workings/resource/GTEv8//GTExv8.EUR.Brain_Amygdala/ENSG00000248275.1.wgt.RDat	ENSG00000248275.1	5	181261211	181261212	0.6926	rs2619758	-11	rs1279912	0.523176	-7.91	-0.40624	184	12	enet	0.52	1.8e-20	0.095	0.924
Brain_Amygdala	/media/kame/Data/_workings/resource/GTEv8//GTExv8.EUR.Brain_Amygdala/ENSG00000272463.1.wgt.RDat	ENSG00000272463.1	6	711404	711405	0.3	rs2788213	5.11	rs2804737	0.240345	-6.12	1.741935	622	12	enet	0.23	1.7e-08	-2.2138	0.0268
Brain_Amygdala	/media/kame/Data/_workings/resource/GTEv8//GTExv8.EUR.Brain_Amygdala/ENSG00000272279.1.wgt.RDat	ENSG00000272279.1	6	1528910	1528911	0.786	rs226443	3.91	rs13209741	0.422347	7.44	0.220032	704	16	enet	0.43	4e-16	-0.03235	0.9742
Brain_Amygdala	/media/kame/Data/_workings/resource/GTEv8//GTExv8.EUR.Brain_Amygdala/ENSG00000164385.8.wgt.RDat	ENSG00000164385.8	6	2634602	2634603	0.549	rs9328087	5.2	rs9378720	0.034511	4.17	0.503733	585	10	enet	0.037	0.021	0.49726	0.619
Brain_Amygdala	/media/kame/Data/_workings/resource/GTEv8//GTExv8.EUR.Brain_Amygdala/ENSG00000124588.19.wgt.RDat	ENSG00000124588.19	6	2993930	2993931	0.339	rs318497	-4.68	rs9405188	0.090829	-5.1	0.307528	678	34	enet	0.0052	0.21	-0.72542	0.4682
Brain_Amygdala	/media/kame/Data/_workings/resource/GTEv8//GTExv8.EUR.Brain_Amygdala/ENSG00000137275.13.wgt.RDat	ENSG00000137275.13	6	3063990	3063991	0.429	rs318497	-4.68	rs12196355	0.001005	3.42	1.121546	657	44	enet	0.054	0.0064	-0.03537	0.9718
Brain_Amygdala	/media/kame/Data/_workings/resource/GTEv8//GTExv8.EUR.Brain_Amygdala/ENSG00000272277.1.wgt.RDat	ENSG00000272277.1	6	3068893	3068894	0.341	rs318497	-4.68	rs7761969	0.140527	5.3	1.563205	654	17	enet	0.11	9.7e-05	1.30703	0.1912
Brain_Amygdala	/media/kame/Data/_workings/resource/GTEv8//GTExv8.EUR.Brain_Amygdala/ENSG00000228793.1.wgt.RDat	ENSG00000228793.1	6	3624746	3624747	0.682	rs4342462	-8.88	rs226953	0.337404	-6.49	-0.21673	607	17	enet	0.32	1e-11	0.44878	0.6536
Brain_Amygdala	/media/kame/Data/_workings/resource/GTEv8//GTExv8.EUR.Brain_Amygdala/ENSG00000185689.15.wgt.RDat	ENSG00000185689.15	6	4079221	4079222	0.216	rs4342462	-8.88	rs715165	0.14309	4.71	3.8e-05	628	18	enet	0.12	8.7e-05	-0.26889	0.788
Brain_Amygdala	/media/kame/Data/_workings/resource/GTEv8//GTExv8.EUR.Brain_Amygdala/ENSG00000198721.12.wgt.RDat	ENSG00000198721.12	6	4135596	4135597	0.223	rs11242954	-5.84	rs649725	0.078719	-4.5	-1.555912	634	23	enet	0.031	0.03	1.5312	0.1257
Brain_Amygdala	/media/kame/Data/_workings/resource/GTEv8//GTExv8.EUR.Brain_Amygdala/ENSG00000214113.10.wgt.RDat	ENSG00000214113.10	6	5260938	5260939	0.279	rs797151	-7.56	rs7763280	0.044218	4.03	-0.302274	620	16	enet	-0.00033	0.33	-1.41009	0.1585
Brain_Amygdala	/media/kame/Data/_workings/resource/GTEv8//GTExv8.EUR.Brain_Amygdala/ENSG00000124784.8.wgt.RDat	ENSG00000124784.8	6	7389743	7389744	0.378	rs2765351	-10.34	rs7769554	0.188778	-5.69	-0.120357	602	19	enet	0.16	3.7e-06	0.48039	0.631
Brain_Amygdala	/media/kame/Data/_workings/resource/GTEv8//GTExv8.EUR.Brain_Amygdala/ENSG00000153157.12.wgt.RDat	ENSG00000153157.12	6	10886830	10886831	0.206	rs9791189	-5.78	rs518204	0.019052	-3.5	0.430405	470	21	enet	0.008	0.16	-1.09432	0.2738
Brain_Amygdala	/media/kame/Data/_workings/resource/GTEv8//GTExv8.EUR.Brain_Amygdala/ENSG00000230314.6.wgt.RDat	ENSG00000230314.6	6	11043523	11043524	0.258	rs12210076	6.04	rs911196	0.025125	-4.48	0.308259	467	12	enet	0.013	0.11	-0.24487	0.8066
Brain_Amygdala	/media/kame/Data/_workings/resource/GTEv8//GTExv8.EUR.Brain_Amygdala/ENSG00000145979.17.wgt.RDat	ENSG00000145979.17	6	13328582	13328583	0.366	rs365178	-5.11	rs442614	0.075997	4.49	-1.069032	511	16	enet	0.13	4.2e-05	-1.39192	0.1639
Brain_Amygdala	/media/kame/Data/_workings/resource/GTEv8//GTExv8.EUR.Brain_Amygdala/ENSG00000050393.11.wgt.RDat	ENSG00000050393.11	6	13814567	13814568	0.356	rs365178	-5.11	rs4715562	0.287043	5.94	-1.402946	473	12	enet	0.27	7.5e-10	-0.77606	0.4377
Brain_Amygdala	/media/kame/Data/_workings/resource/GTEv8//GTExv8.EUR.Brain_Amygdala/ENSG00000137393.9.wgt.RDat	ENSG00000137393.9	6	18387349	18387350	0.188	rs1033821	6.32	rs1012441	0.009212	-3.64	0.051099	507	39	enet	-0.0036	0.45	-1.2083	0.2269
Brain_Amygdala	/media/kame/Data/_workings/resource/GTEv8//GTExv8.EUR.Brain_Amygdala/ENSG00000124532.14.wgt.RDat	ENSG00000124532.14	6	24402907	24402908	0.479	rs16888503	-4.28	rs9393554	0.148611	5.33	0.704008	600	17	enet	0.14	1.2e-05	0.04938	0.9606
Brain_Amygdala	/media/kame/Data/_workings/resource/GTEv8//GTExv8.EUR.Brain_Amygdala/ENSG00000112041.12.wgt.RDat	ENSG00000112041.12	6	35512937	35512938	0.297	rs7772251	7.95	rs3800373	0.050288	3.53	-1.732216	422	21	enet	0.016	0.088	-0.72024	0.4714
Brain_Amygdala	/media/kame/Data/_workings/resource/GTEv8//GTExv8.EUR.Brain_Amygdala/ENSG00000096063.15.wgt.RDat	ENSG00000096063.15	6	35921341	35921342	0.184	rs16878591	4.48	rs595591	0.139812	4.39	0.810811	418	5	enet	0.055	0.0059	0.88147	0.3781
Brain_Amygdala	/media/kame/Data/_workings/resource/GTEv8//GTExv8.EUR.Brain_Amygdala/ENSG00000112053.13.wgt.RDat	ENSG00000112053.13	6	36024867	36024868	0.158	rs16878591	4.48	rs7754088	0.113573	4.48	0.850383	387	7	enet	0.039	0.017	0.77419	0.4388
Brain_Amygdala	/media/kame/Data/_workings/resource/GTEv8//GTExv8.EUR.Brain_Amygdala/ENSG00000112062.10.wgt.RDat	ENSG00000112062.10	6	36027676	36027677	0.198	rs16878591	4.48	rs10456082	-0.008433	-3.15	0.404211	390	32	enet	0.024	0.05	1.44431	0.1487
Brain_Amygdala	/media/kame/Data/_workings/resource/GTEv8//GTExv8.EUR.Brain_Amygdala/ENSG00000246982.6.wgt.RDat	ENSG00000246982.6	6	36197204	36197205	0.489	rs17656051	3.44	rs2007683	0.248665	5.67	-0.094965	404	23	enet	0.23	2.5e-08	0.15305	0.8784
Brain_Amygdala	/media/kame/Data/_workings/resource/GTEv8//GTExv8.EUR.Brain_Amygdala/ENSG00000112130.16.wgt.RDat	ENSG00000112130.16	6	37353971	37353972	0.375	rs6923013	-8.23	rs2284923	0.044645	-4.29	-1.176968	548	68	enet	0.15	7.6e-06	1.98963	0.0466
Brain_Amygdala	/media/kame/Data/_workings/resource/GTEv8//GTExv8.EUR.Brain_Amygdala/ENSG00000124767.6.wgt.RDat	ENSG00000124767.6	6	38703140	38703141	0.245	rs12660215	-4.55	rs7746400	0.014902	-3.68	-0.697316	543	48	enet	0.064	0.0032	2.54325	0.011
Brain_Amygdala	/media/kame/Data/_workings/resource/GTEv8//GTExv8.EUR.Brain_Amygdala/ENSG00000124701.5.wgt.RDat	ENSG00000124701.5	6	41053303	41053304	0.199	rs6910730	-4.49	rs2473565	0.080498	4.25	0.005753	568	17	enet	0.051	0.0079	-0.5613	0.5746
Brain_Amygdala	/media/kame/Data/_workings/resource/GTEv8//GTExv8.EUR.Brain_Amygdala/ENSG00000161912.17.wgt.RDat	ENSG00000161912.17	6	41101021	41101022	0.649	rs6910730	-4.49	rs878998	0.237767	5.72	-0.000936	563	45	enet	0.16	5e-06	-0.0713	0.9432
Brain_Amygdala	/media/kame/Data/_workings/resource/GTEv8//GTExv8.EUR.Brain_Amygdala/ENSG00000112599.8.wgt.RDat	ENSG00000112599.8	6	42194915	42194916	0.242	rs2281466	-4.28	rs3749921	0.225232	-5.35	0.036321	407	19	enet	0.19	4.8e-07	0.00646	0.9948
Brain_Amygdala	/media/kame/Data/_workings/resource/GTEv8//GTExv8.EUR.Brain_Amygdala/ENSG00000112619.7.wgt.RDat	ENSG00000112619.7	6	42722573	42722574	0.455	rs3823423	5.79	rs3736745	0.447184	7.45	0.264136	364	14	enet	0.46	1.1e-17	0.97356	0.3303
Brain_Amygdala	/media/kame/Data/_workings/resource/GTEv8//GTExv8.EUR.Brain_Amygdala/ENSG00000124713.5.wgt.RDat	ENSG00000124713.5	6	42960757	42960758	0.705	rs3823423	5.79	rs2395943	0.585031	8.34	-0.081283	370	17	enet	0.56	4.8e-23	0.16652	0.8677
Brain_Amygdala	/media/kame/Data/_workings/resource/GTEv8//GTExv8.EUR.Brain_Amygdala/ENSG00000124587.13.wgt.RDat	ENSG00000124587.13	6	42979219	42979220	0.52	rs3823423	5.79	rs10948059	0.460681	7.53	0.004342	370	22	enet	0.46	1.5e-17	-0.17602	0.8603
Brain_Amygdala	/media/kame/Data/_workings/resource/GTEv8//GTExv8.EUR.Brain_Amygdala/ENSG00000196284.15.wgt.RDat	ENSG00000196284.15	6	45377952	45377953	0.222	rs16873345	-3.53	rs12210292	0.075777	3.87	0.67592	361	49	enet	0.061	0.0039	0.77503	0.4383
Brain_Amygdala	/media/kame/Data/_workings/resource/GTEv8//GTExv8.EUR.Brain_Amygdala/ENSG00000231769.2.wgt.RDat	ENSG00000231769.2	6	46129705	46129706	0.254	rs1372567	5.04	rs5011271	0.156529	5.3	0.626727	503	12	enet	0.14	1.3e-05	0.47567	0.6343
Brain_Amygdala	/media/kame/Data/_workings/resource/GTEv8//GTExv8.EUR.Brain_Amygdala/ENSG00000112796.9.wgt.RDat	ENSG00000112796.9	6	46170970	46170971	0.248	rs1372567	5.04	rs9472709	0.125089	4.85	-0.009178	513	10	enet	0.047	0.01	-0.05234	0.9583
Brain_Amygdala	/media/kame/Data/_workings/resource/GTEv8//GTExv8.EUR.Brain_Amygdala/ENSG00000153291.15.wgt.RDat	ENSG00000153291.15	6	46652914	46652915	0.421	rs9381497	-5.21	rs10807344	0.297723	6.52	-0.858126	494	7	enet	0.2	2.6e-07	-0.80245	0.4223
Brain_Amygdala	/media/kame/Data/_workings/resource/GTEv8//GTExv8.EUR.Brain_Amygdala/ENSG00000180113.15.wgt.RDat	ENSG00000180113.15	6	46687874	46687875	0.487	rs9381497	-5.21	rs10807344	0.245293	-5.94	-0.858126	501	42	enet	0.17	2e-06	0.75616	0.4496
Brain_Amygdala	/media/kame/Data/_workings/resource/GTEv8//GTExv8.EUR.Brain_Amygdala/ENSG00000146085.7.wgt.RDat	ENSG00000146085.7	6	49463190	49463191	0.295	rs9473701	-3.35	rs2147569	0.000862	-3.86	0.147993	347	22	enet	0.0087	0.16	0.17056	0.8646
Brain_Amygdala	/media/kame/Data/_workings/resource/GTEv8//GTExv8.EUR.Brain_Amygdala/ENSG00000031691.6.wgt.RDat	ENSG00000031691.6	6	49463377	49463378	0.142	rs9473701	-3.35	rs9473583	0.073406	-4.42	0.293064	347	11	enet	0.086	0.00071	-0.06197	0.9506
Brain_Amygdala	/media/kame/Data/_workings/resource/GTEv8//GTExv8.EUR.Brain_Amygdala/ENSG00000137269.14.wgt.RDat	ENSG00000137269.14	6	53794496	53794497	0.178	rs9382248	6.92	rs6906921	0.12569	4.57	1.151913	529	5	enet	0.015	0.095	1.0029	0.3159
Brain_Amygdala	/media/kame/Data/_workings/resource/GTEv8//GTExv8.EUR.Brain_Amygdala/ENSG00000151917.17.wgt.RDat	ENSG00000151917.17	6	56955125	56955126	0.39	rs3800018	-4.67	rs9296855	0.423459	-7.4	1.414543	280	22	enet	0.43	4e-16	-1.0285	0.3037
Brain_Amygdala	/media/kame/Data/_workings/resource/GTEv8//GTExv8.EUR.Brain_Amygdala/ENSG00000168116.13.wgt.RDat	ENSG00000168116.13	6	57046531	57046532	0.133	rs3800018	-4.67	rs1157713	0.056399	-3.87	0.398505	250	17	enet	0.068	0.0024	-1.02723	0.3043
Brain_Amygdala	/media/kame/Data/_workings/resource/GTEv8//GTExv8.EUR.Brain_Amygdala/ENSG00000272541.1.wgt.RDat	ENSG00000272541.1	6	57856467	57856468	0.15	rs12663198	2.43	rs4448126	0.04711	-3.39	2.375265	89	22	enet	0.094	0.00042	-1.34007	0.1802
Brain_Amygdala	/media/kame/Data/_workings/resource/GTEv8//GTExv8.EUR.Brain_Amygdala/ENSG00000272316.1.wgt.RDat	ENSG00000272316.1	6	57913910	57913911	0.35	rs12663198	2.43	rs6918757	0.237136	-5.44	0.950673	99	15	enet	0.18	8.4e-07	0.14269	0.8865
Brain_Amygdala	/media/kame/Data/_workings/resource/GTEv8//GTExv8.EUR.Brain_Amygdala/ENSG00000239650.4.wgt.RDat	ENSG00000239650.4	6	57930290	57930291	0.296	rs12663198	2.43	rs477994	0.027052	-3.98	0.863647	99	5	enet	0.085	0.00075	0.24759	0.8045
Brain_Amygdala	/media/kame/Data/_workings/resource/GTEv8//GTExv8.EUR.Brain_Amygdala/ENSG00000215190.9.wgt.RDat	ENSG00000215190.9	6	57961500	57961501	0.854	rs12663198	2.43	rs4448126	0.450066	-7.37	2.375265	100	43	enet	0.49	3.7e-19	-0.68581	0.4928
Brain_Amygdala	/media/kame/Data/_workings/resource/GTEv8//GTExv8.EUR.Brain_Amygdala/ENSG00000154079.5.wgt.RDat	ENSG00000154079.5	6	70566916	70566917	0.224	rs1983761	-8.25	rs12198920	0.121506	-4.5	0.566567	492	8	enet	0.036	0.021	-1.01999	0.3077
Brain_Amygdala	/media/kame/Data/_workings/resource/GTEv8//GTExv8.EUR.Brain_Amygdala/ENSG00000271967.1.wgt.RDat	ENSG00000271967.1	6	70596437	70596438	0.29	rs2460696	-6.78	rs12198920	0.18035	-5.06	0.566567	484	8	enet	0.078	0.0013	-0.44359	0.6573
Brain_Amygdala	/media/kame/Data/_workings/resource/GTEv8//GTExv8.EUR.Brain_Amygdala/ENSG00000256980.4.wgt.RDat	ENSG00000256980.4	6	73225769	73225770	0.304	rs583443	9.07	rs1891494	0.08238	4.81	0.056254	388	13	enet	0.052	0.0073	0.45859	0.6465
Brain_Amygdala	/media/kame/Data/_workings/resource/GTEv8//GTExv8.EUR.Brain_Amygdala/ENSG00000203908.3.wgt.RDat	ENSG00000203908.3	6	73362676	73362677	0.264	rs583443	9.07	rs2603471	0.141692	4.42	-0.901022	387	14	enet	0.09	0.00056	-1.14161	0.2536
Brain_Amygdala	/media/kame/Data/_workings/resource/GTEv8//GTExv8.EUR.Brain_Amygdala/ENSG00000156535.13.wgt.RDat	ENSG00000156535.13	6	73695784	73695785	0.227	rs583443	9.07	rs642722	0.073548	4.29	1.318979	370	11	enet	0.066	0.0028	1.66402	0.0961
Brain_Amygdala	/media/kame/Data/_workings/resource/GTEv8//GTExv8.EUR.Brain_Amygdala/ENSG00000146243.13.wgt.RDat	ENSG00000146243.13	6	78867471	78867472	0.139	rs7738508	-4.04	rs9352670	0.116095	4.61	1.09986	375	47	enet	0.12	9.3e-05	1.10445	0.2694
Brain_Amygdala	/media/kame/Data/_workings/resource/GTEv8//GTExv8.EUR.Brain_Amygdala/ENSG00000272129.1.wgt.RDat	ENSG00000272129.1	6	80355423	80355424	0.166	rs17174951	3.09	rs239526	-0.008502	-3.31	-0.044501	439	31	enet	-0.0081	0.83	0.62292	0.5333
Brain_Amygdala	/media/kame/Data/_workings/resource/GTEv8//GTExv8.EUR.Brain_Amygdala/ENSG00000146242.8.wgt.RDat	ENSG00000146242.8	6	82363205	82363206	0.138	rs1932217	5.43	rs532219	0.009301	-3.5	0.797361	372	7	enet	0.00085	0.3	0.4756	0.6344
Brain_Amygdala	/media/kame/Data/_workings/resource/GTEv8//GTExv8.EUR.Brain_Amygdala/ENSG00000220563.1.wgt.RDat	ENSG00000220563.1	6	85660605	85660606	0.265	rs17443200	3.74	rs17442622	0.118836	5.02	2.784516	336	15	enet	0.14	1.2e-05	1.9955	0.046
Brain_Amygdala	/media/kame/Data/_workings/resource/GTEv8//GTExv8.EUR.Brain_Amygdala/ENSG00000203875.10.wgt.RDat	ENSG00000203875.10	6	85678735	85678736	0.483	rs17443200	3.74	rs1059307	0.585623	-8.34	-0.342685	331	19	enet	0.53	3.8e-21	0.32165	0.7477
Brain_Amygdala	/media/kame/Data/_workings/resource/GTEv8//GTExv8.EUR.Brain_Amygdala/ENSG00000111850.10.wgt.RDat	ENSG00000111850.10	6	87322674	87322675	0.23	rs1590429	6.7	rs2296133	0.013832	4.49	0.820298	406	20	enet	0.087	0.00065	-0.52415	0.6002
Brain_Amygdala	/media/kame/Data/_workings/resource/GTEv8//GTExv8.EUR.Brain_Amygdala/ENSG00000146278.10.wgt.RDat	ENSG00000146278.10	6	89080750	89080751	0.19	rs12200224	6.37	rs854911	0.022628	-4.26	-0.325226	400	31	enet	0.035	0.023	0.262	0.7933
Brain_Amygdala	/media/kame/Data/_workings/resource/GTEv8//GTExv8.EUR.Brain_Amygdala/ENSG00000083099.10.wgt.RDat	ENSG00000083099.10	6	89638752	89638753	0.497	rs7760960	3.87	rs34012596	0.251717	5.68	0.539108	486	24	enet	0.17	1.4e-06	0.29256	0.7699
Brain_Amygdala	/media/kame/Data/_workings/resource/GTEv8//GTExv8.EUR.Brain_Amygdala/ENSG00000261366.1.wgt.RDat	ENSG00000261366.1	6	95577449	95577450	0.161	rs1325065	-6.44	rs9387352	0.127978	4.87	-0.030958	286	11	enet	0.12	7.3e-05	0.00113	0.9991
Brain_Amygdala	/media/kame/Data/_workings/resource/GTEv8//GTExv8.EUR.Brain_Amygdala/ENSG00000123545.5.wgt.RDat	ENSG00000123545.5	6	96897880	96897881	0.291	rs1206149	-6.03	rs1928968	0.126645	4.32	0.186483	402	17	enet	0.012	0.12	0.49747	0.6189
Brain_Amygdala	/media/kame/Data/_workings/resource/GTEv8//GTExv8.EUR.Brain_Amygdala/ENSG00000228506.1.wgt.RDat	ENSG00000228506.1	6	99424921	99424922	0.535	rs2252933	6.82	rs6923983	0.504281	7.79	-3.191829	470	18	enet	0.47	4.4e-18	-2.75333	0.0059
Brain_Amygdala	/media/kame/Data/_workings/resource/GTEv8//GTExv8.EUR.Brain_Amygdala/ENSG00000219755.1.wgt.RDat	ENSG00000219755.1	6	99575711	99575712	0.468	rs4840096	-6.58	rs2057518	0.334202	-6.56	-1.573872	439	22	enet	0.3	5e-11	0.81236	0.4166
Brain_Amygdala	/media/kame/Data/_workings/resource/GTEv8//GTExv8.EUR.Brain_Amygdala/ENSG00000279170.1.wgt.RDat	ENSG00000279170.1	6	99587610	99587611	0.329	rs4840096	-6.58	rs11154824	0.255882	-5.57	-2.401708	433	20	enet	0.24	1.2e-08	1.49731	0.1343
Brain_Amygdala	/media/kame/Data/_workings/resource/GTEv8//GTExv8.EUR.Brain_Amygdala/ENSG00000130348.11.wgt.RDat	ENSG00000130348.11	6	106629577	106629578	0.456	rs12199744	-3.09	rs2054365	0.368257	-7.08	-0.135192	505	37	enet	0.26	1.9e-09	0.30662	0.7591
Brain_Amygdala	/media/kame/Data/_workings/resource/GTEv8//GTExv8.EUR.Brain_Amygdala/ENSG00000185250.15.wgt.RDat	ENSG00000185250.15	6	109440761	109440762	0.278	rs9386797	4.57	rs17070580	0.050516	4.49	1.555484	377	17	enet	0.06	0.0041	1.46561	0.1428
Brain_Amygdala	/media/kame/Data/_workings/resource/GTEv8//GTExv8.EUR.Brain_Amygdala/ENSG00000135587.8.wgt.RDat	ENSG00000135587.8	6	109441356	109441357	0.2	rs9386797	4.57	rs13214717	0.070773	3.99	1.759043	377	15	enet	0.024	0.05	1.62825	0.1035
Brain_Amygdala	/media/kame/Data/_workings/resource/GTEv8//GTExv8.EUR.Brain_Amygdala/ENSG00000155085.15.wgt.RDat	ENSG00000155085.15	6	109691216	109691217	0.286	rs2505038	6.42	rs12215077	0.195191	-5.13	0.896274	431	11	enet	0.13	4.5e-05	-1.45914	0.1445
Brain_Amygdala	/media/kame/Data/_workings/resource/GTEv8//GTExv8.EUR.Brain_Amygdala/ENSG00000203797.9.wgt.RDat	ENSG00000203797.9	6	110415561	110415562	0.319	rs2505038	6.42	rs3757351	0.244358	5.52	-0.092148	405	16	enet	0.18	8.5e-07	-0.25511	0.7986
Brain_Amygdala	/media/kame/Data/_workings/resource/GTEv8//GTExv8.EUR.Brain_Amygdala/ENSG00000271789.1.wgt.RDat	ENSG00000271789.1	6	111297125	111297126	0.129	rs10499059	4.6	rs56827	0.036169	-4.04	0.395493	391	13	enet	0.037	0.021	-0.37418	0.7083
Brain_Amygdala	/media/kame/Data/_workings/resource/GTEv8//GTExv8.EUR.Brain_Amygdala/ENSG00000203778.7.wgt.RDat	ENSG00000203778.7	6	112087598	112087599	0.191	rs1276588	-6.51	rs2345804	0.212768	5.38	0.52636	494	2	enet	0.12	5.2e-05	0.15261	0.8787
Brain_Amygdala	/media/kame/Data/_workings/resource/GTEv8//GTExv8.EUR.Brain_Amygdala/ENSG00000112769.18.wgt.RDat	ENSG00000112769.18	6	112254938	112254939	0.377	rs4947192	-7.97	rs6926282	0.00437	3.77	0.47186	447	61	enet	0.15	1.1e-05	0.73687	0.4612
Brain_Amygdala	/media/kame/Data/_workings/resource/GTEv8//GTExv8.EUR.Brain_Amygdala/ENSG00000111816.7.wgt.RDat	ENSG00000111816.7	6	116060757	116060758	0.165	rs1204850	9.11	rs9488845	0.038183	3.74	0.993485	402	7	enet	0.0058	0.2	0.61258	0.5402
Brain_Amygdala	/media/kame/Data/_workings/resource/GTEv8//GTExv8.EUR.Brain_Amygdala/ENSG00000188820.12.wgt.RDat	ENSG00000188820.12	6	116461369	116461370	0.405	rs1204850	9.11	rs12192126	0.177106	4.77	1.015138	379	16	enet	0.074	0.0016	0.12402	0.9013
Brain_Amygdala	/media/kame/Data/_workings/resource/GTEv8//GTExv8.EUR.Brain_Amygdala/ENSG00000164465.18.wgt.RDat	ENSG00000164465.18	6	117453816	117453817	0.194	rs1567252	4.97	rs669995	-0.008547	3.35	-0.749271	412	31	enet	0.0048	0.21	0.78894	0.4301
Brain_Amygdala	/media/kame/Data/_workings/resource/GTEv8//GTExv8.EUR.Brain_Amygdala/ENSG00000111877.17.wgt.RDat	ENSG00000111877.17	6	118935161	118935162	0.241	rs3806976	4.85	rs6932585	0.02539	3.8	-3.178703	384	25	enet	0.03	0.033	0.00212	0.9983
Brain_Amygdala	/media/kame/Data/_workings/resource/GTEv8//GTExv8.EUR.Brain_Amygdala/ENSG00000279453.1.wgt.RDat	ENSG00000279453.1	6	122439222	122439223	0.203	rs9388103	4.75	rs2684241	0.066269	4.3	0.963329	430	28	enet	0.084	0.00082	-0.10027	0.9201
Brain_Amygdala	/media/kame/Data/_workings/resource/GTEv8//GTExv8.EUR.Brain_Amygdala/ENSG00000237742.6.wgt.RDat	ENSG00000237742.6	6	125749189	125749190	0.36	rs9375421	5.35	rs9375411	0.257594	-6.1	0.830346	332	10	enet	0.26	1.3e-09	-0.74558	0.4559
Brain_Amygdala	/media/kame/Data/_workings/resource/GTEv8//GTExv8.EUR.Brain_Amygdala/ENSG00000146409.10.wgt.RDat	ENSG00000146409.10	6	132798552	132798553	0.32	rs4895936	-5.24	rs12193474	0.053971	3.9	-0.665904	530	51	enet	0.0015	0.28	1.54361	0.1227
Brain_Amygdala	/media/kame/Data/_workings/resource/GTEv8//GTExv8.EUR.Brain_Amygdala/ENSG00000146411.5.wgt.RDat	ENSG00000146411.5	6	134052635	134052636	0.388	rs6921560	5.6	rs965652	0.033392	4.17	0.071798	435	11	enet	0.0043	0.22	-0.12903	0.8973
Brain_Amygdala	/media/kame/Data/_workings/resource/GTEv8//GTExv8.EUR.Brain_Amygdala/ENSG00000118514.13.wgt.RDat	ENSG00000118514.13	6	134950121	134950122	0.312	rs17063789	-4.36	rs4475342	0.198928	-5.47	-1.058348	388	22	enet	0.21	6.9e-08	0.47277	0.6364
Brain_Amygdala	/media/kame/Data/_workings/resource/GTEv8//GTExv8.EUR.Brain_Amygdala/ENSG00000232876.1.wgt.RDat	ENSG00000232876.1	6	135055032	135055033	0.267	rs9389295	-3.9	rs4646871	0.153578	-4.62	-0.263131	350	25	enet	0.029	0.037	1.05617	0.2909
Brain_Amygdala	/media/kame/Data/_workings/resource/GTEv8//GTExv8.EUR.Brain_Amygdala/ENSG00000112339.14.wgt.RDat	ENSG00000112339.14	6	135103055	135103056	0.423	rs9385729	-4.24	rs4646868	0.403997	-7.05	-0.845581	338	23	enet	0.35	1.3e-12	0.95989	0.3371
Brain_Amygdala	/media/kame/Data/_workings/resource/GTEv8//GTExv8.EUR.Brain_Amygdala/ENSG00000135541.20.wgt.RDat	ENSG00000135541.20	6	135497775	135497776	0.219	rs7769840	-4.96	rs2207000	0.223551	-5.3	2.610931	349	11	enet	0.2	1.7e-07	-0.67503	0.4997
Brain_Amygdala	/media/kame/Data/_workings/resource/GTEv8//GTExv8.EUR.Brain_Amygdala/ENSG00000112378.11.wgt.RDat	ENSG00000112378.11	6	138107510	138107511	0.265	rs9373202	5.43	rs952802	0.099064	-4.34	0.025954	467	23	enet	0.078	0.0012	0.1779	0.8588
Brain_Amygdala	/media/kame/Data/_workings/resource/GTEv8//GTExv8.EUR.Brain_Amygdala/ENSG00000225177.5.wgt.RDat	ENSG00000225177.5	6	138692571	138692572	0.434	rs2473500	-3.73	rs1129180	0.205951	5.88	-0.210229	440	34	enet	0.25	3.1e-09	-0.06069	0.9516
Brain_Amygdala	/media/kame/Data/_workings/resource/GTEv8//GTExv8.EUR.Brain_Amygdala/ENSG00000234147.1.wgt.RDat	ENSG00000234147.1	6	140852923	140852924	0.224	rs1577654	3.49	rs12204980	0.109881	4.56	0.388113	223	12	enet	0.13	3.5e-05	0.13774	0.8904
Brain_Amygdala	/media/kame/Data/_workings/resource/GTEv8//GTExv8.EUR.Brain_Amygdala/ENSG00000009844.15.wgt.RDat	ENSG00000009844.15	6	142147161	142147162	0.255	rs6913816	9.02	rs4896572	0.010205	3.89	0.169442	334	15	enet	0.024	0.05	0.0257	0.9795
Brain_Amygdala	/media/kame/Data/_workings/resource/GTEv8//GTExv8.EUR.Brain_Amygdala/ENSG00000270638.1.wgt.RDat	ENSG00000270638.1	6	145735855	145735856	0.146	rs552965	2.58	rs973856	0.031156	3.56	-0.475885	299	9	enet	0.041	0.015	0.10921	0.913
Brain_Amygdala	/media/kame/Data/_workings/resource/GTEv8//GTExv8.EUR.Brain_Amygdala/ENSG00000235652.7.wgt.RDat	ENSG00000235652.7	6	145809777	145809778	0.223	rs1555084	2.4	rs9497403	0.028604	4.31	-0.03311	266	22	enet	0.0015	0.28	-0.64647	0.518
Brain_Amygdala	/media/kame/Data/_workings/resource/GTEv8//GTExv8.EUR.Brain_Amygdala/ENSG00000228408.6.wgt.RDat	ENSG00000228408.6	6	149217925	149217926	0.275	rs7758947	5.75	rs17798399	0.109435	4.17	-0.413268	511	20	enet	0.1	0.00026	0.21748	0.8278
Brain_Amygdala	/media/kame/Data/_workings/resource/GTEv8//GTExv8.EUR.Brain_Amygdala/ENSG00000283608.1.wgt.RDat	ENSG00000283608.1	6	149246094	149246095	0.238	rs7758947	5.75	rs17798399	0.07822	4.27	-0.413268	511	9	enet	0.12	5.2e-05	-0.14349	0.8859
Brain_Amygdala	/media/kame/Data/_workings/resource/GTEv8//GTExv8.EUR.Brain_Amygdala/ENSG00000178199.13.wgt.RDat	ENSG00000178199.13	6	149485060	149485061	0.451	rs7758947	5.75	rs926408	0.108978	4.87	-0.041644	433	27	enet	0.17	2.4e-06	0.00165	0.9987
Brain_Amygdala	/media/kame/Data/_workings/resource/GTEv8//GTExv8.EUR.Brain_Amygdala/ENSG00000055211.12.wgt.RDat	ENSG00000055211.12	6	149566293	149566294	0.272	rs7758947	5.75	rs12529698	0.156445	-5.25	-0.177063	422	76	enet	0.077	0.0013	-0.75813	0.4484
Brain_Amygdala	/media/kame/Data/_workings/resource/GTEv8//GTExv8.EUR.Brain_Amygdala/ENSG00000231760.4.wgt.RDat	ENSG00000231760.4	6	149799149	149799150	0.388	rs9479658	-6.7	rs35031906	0.201515	5.44	-0.048174	459	34	enet	0.21	7.8e-08	-0.28201	0.7779
Brain_Amygdala	/media/kame/Data/_workings/resource/GTEv8//GTExv8.EUR.Brain_Amygdala/ENSG00000268592.3.wgt.RDat	ENSG00000268592.3	6	149864026	149864027	0.322	rs9479658	-6.7	rs9383940	0.065843	4.5	1.201113	474	25	enet	0.18	6.5e-07	0.80604	0.4202
Brain_Amygdala	/media/kame/Data/_workings/resource/GTEv8//GTExv8.EUR.Brain_Amygdala/ENSG00000203722.7.wgt.RDat	ENSG00000203722.7	6	149923120	149923121	0.457	rs9479658	-6.7	rs6557133	0.239518	6.16	2.483755	515	18	enet	0.23	2.4e-08	1.9084	0.0563
Brain_Amygdala	/media/kame/Data/_workings/resource/GTEv8//GTExv8.EUR.Brain_Amygdala/ENSG00000131015.4.wgt.RDat	ENSG00000131015.4	6	149941999	149942000	0.2	rs9479658	-6.7	rs638990	0.050907	-3.88	0.169731	520	14	enet	0.072	0.0019	0.12641	0.8994
Brain_Amygdala	/media/kame/Data/_workings/resource/GTEv8//GTExv8.EUR.Brain_Amygdala/ENSG00000198729.4.wgt.RDat	ENSG00000198729.4	6	150143075	150143076	0.536	rs9479658	-6.7	rs7743003	0.06017	3.78	-0.333989	611	1	enet	0.022	0.06	-0.33399	0.7384
Brain_Amygdala	/media/kame/Data/_workings/resource/GTEv8//GTExv8.EUR.Brain_Amygdala/ENSG00000155906.16.wgt.RDat	ENSG00000155906.16	6	151452180	151452181	0.269	rs7772475	-4.53	rs12525200	-0.001624	3.91	-0.092379	568	26	enet	0.013	0.11	-0.34767	0.7281
Brain_Amygdala	/media/kame/Data/_workings/resource/GTEv8//GTExv8.EUR.Brain_Amygdala/ENSG00000120262.9.wgt.RDat	ENSG00000120262.9	6	151494029	151494030	0.253	rs7772475	-4.53	rs9383932	0.06936	4.06	-0.649829	564	23	enet	0.13	2.8e-05	-0.88029	0.3787
Brain_Amygdala	/media/kame/Data/_workings/resource/GTEv8//GTExv8.EUR.Brain_Amygdala/ENSG00000112031.15.wgt.RDat	ENSG00000112031.15	6	153002684	153002685	0.4	rs1007783	-4.27	rs6921137	0.25305	5.81	0.330543	540	14	enet	0.18	1.1e-06	0.44942	0.6531
Brain_Amygdala	/media/kame/Data/_workings/resource/GTEv8//GTExv8.EUR.Brain_Amygdala/ENSG00000235381.1.wgt.RDat	ENSG00000235381.1	6	155256458	155256459	0.292	rs9397831	4.63	rs3011895	0.216217	5.18	-1.430121	510	16	enet	0.11	0.00013	-1.23913	0.2153
Brain_Amygdala	/media/kame/Data/_workings/resource/GTEv8//GTExv8.EUR.Brain_Amygdala/ENSG00000271551.2.wgt.RDat	ENSG00000271551.2	6	156777372	156777373	0.289	rs9480346	8.07	rs6905191	0.074289	3.89	-0.257927	395	10	enet	0.02	0.069	-0.29252	0.7699
Brain_Amygdala	/media/kame/Data/_workings/resource/GTEv8//GTExv8.EUR.Brain_Amygdala/ENSG00000271040.1.wgt.RDat	ENSG00000271040.1	6	157323963	157323964	0.542	rs17088149	-4.09	rs9355774	0.164091	4.84	0.11731	446	16	enet	0.19	3.7e-07	-0.51189	0.6087
Brain_Amygdala	/media/kame/Data/_workings/resource/GTEv8//GTExv8.EUR.Brain_Amygdala/ENSG00000146453.12.wgt.RDat	ENSG00000146453.12	6	159800248	159800249	0.331	rs1867350	-6.48	rs927451	0.434212	7.2	-0.183449	561	5	enet	0.38	4.1e-14	-0.16483	0.8691
Brain_Amygdala	/media/kame/Data/_workings/resource/GTEv8//GTExv8.EUR.Brain_Amygdala/ENSG00000146477.5.wgt.RDat	ENSG00000146477.5	6	160348267	160348268	0.154	rs1867350	-6.48	rs9365168	0.020111	-4.13	0.027716	541	14	enet	0.0014	0.28	0.05055	0.9597
Brain_Amygdala	/media/kame/Data/_workings/resource/GTEv8//GTExv8.EUR.Brain_Amygdala/ENSG00000235994.4.wgt.RDat	ENSG00000235994.4	6	167979775	167979776	0.336	rs1532145	5.47	rs12203032	0.096894	5.11	-0.317494	459	17	enet	0.13	3.4e-05	-0.19107	0.8485
Brain_Amygdala	/media/kame/Data/_workings/resource/GTEv8//GTExv8.EUR.Brain_Amygdala/ENSG00000229921.6.wgt.RDat	ENSG00000229921.6	6	167997076	167997077	0.655	rs1532145	5.47	rs12203032	0.101936	5.4	-0.317494	466	47	enet	0.17	2.5e-06	-0.32992	0.7415
Brain_Amygdala	/media/kame/Data/_workings/resource/GTEv8//GTExv8.EUR.Brain_Amygdala/ENSG00000186340.14.wgt.RDat	ENSG00000186340.14	6	169254043	169254044	0.281	rs1123731	-5.57	rs7775470	0.016771	4.1	1.381987	603	14	enet	0.082	0.00091	0.12609	0.8997
Brain_Amygdala	/media/kame/Data/_workings/resource/GTEv8//GTExv8.EUR.Brain_Amygdala/ENSG00000146540.14.wgt.RDat	ENSG00000146540.14	7	1138259	1138260	0.3229	rs1106296	6.07	rs6462277	0.11894	5.37	0.06495	401	9	enet	0.11	0.00011	0.18099	0.856
Brain_Amygdala	/media/kame/Data/_workings/resource/GTEv8//GTExv8.EUR.Brain_Amygdala/ENSG00000229043.2.wgt.RDat	ENSG00000229043.2	7	1160484	1160485	0.6792	rs1106296	6.07	rs2949192	0.674803	8.95	-0.3272	394	18	enet	0.64	3.6e-28	-0.28653	0.774
Brain_Amygdala	/media/kame/Data/_workings/resource/GTEv8//GTExv8.EUR.Brain_Amygdala/ENSG00000164880.15.wgt.RDat	ENSG00000164880.15	7	1504366	1504367	0.4094	rs11773627	12.98	rs4560715	0.194154	-5.51	-1.32368	367	17	enet	0.19	6.1e-07	-1.02004	0.308
Brain_Amygdala	/media/kame/Data/_workings/resource/GTEv8//GTExv8.EUR.Brain_Amygdala/ENSG00000176349.11.wgt.RDat	ENSG00000176349.11	7	1838585	1838586	0.2648	rs11773627	12.98	rs2280552	0.016698	3.67	0.25353	340	21	enet	0.044	0.013	-0.38259	0.702
Brain_Amygdala	/media/kame/Data/_workings/resource/GTEv8//GTExv8.EUR.Brain_Amygdala/ENSG00000122687.17.wgt.RDat	ENSG00000122687.17	7	2242197	2242198	0.2239	rs11773627	12.98	rs3757440	0.20569	5.05	5.75433	402	23	enet	0.17	2e-06	1.81152	0.0701
Brain_Amygdala	/media/kame/Data/_workings/resource/GTEv8//GTExv8.EUR.Brain_Amygdala/ENSG00000196204.11.wgt.RDat	ENSG00000196204.11	7	4973987	4973988	0.6017	rs4720629	-7.16	rs4455734	0.002032	-3.4	0.59164	351	20	enet	0.032	0.029	1.19805	0.231
Brain_Amygdala	/media/kame/Data/_workings/resource/GTEv8//GTExv8.EUR.Brain_Amygdala/ENSG00000273313.1.wgt.RDat	ENSG00000273313.1	7	5072124	5072125	0.2714	rs4720629	-7.16	rs1127434	0.148888	4.68	-0.15618	353	7	enet	0.04	0.016	-0.14986	0.881
Brain_Amygdala	/media/kame/Data/_workings/resource/GTEv8//GTExv8.EUR.Brain_Amygdala/ENSG00000122674.11.wgt.RDat	ENSG00000122674.11	7	5898733	5898734	0.2732	rs4720629	-7.16	rs6975026	0.010967	3.85	0.21845	340	47	enet	0.07	0.0021	0.47452	0.635
Brain_Amygdala	/media/kame/Data/_workings/resource/GTEv8//GTExv8.EUR.Brain_Amygdala/ENSG00000122512.14.wgt.RDat	ENSG00000122512.14	7	6009124	6009125	0.1841	rs10255662	-5.84	rs17136358	0.013167	-4.63	-0.1171	343	12	enet	0.01	0.14	0.57873	0.563
Brain_Amygdala	/media/kame/Data/_workings/resource/GTEv8//GTExv8.EUR.Brain_Amygdala/ENSG00000187953.10.wgt.RDat	ENSG00000187953.10	7	6710127	6710128	0.386	rs10255662	-5.84	rs9639027	0.10005	-5.72	0.58666	315	17	enet	0.19	5.2e-07	-0.28392	0.776
Brain_Amygdala	/media/kame/Data/_workings/resource/GTEv8//GTExv8.EUR.Brain_Amygdala/ENSG00000106392.10.wgt.RDat	ENSG00000106392.10	7	7156933	7156934	0.4302	rs7780273	4.1	rs13226913	0.240873	5.51	2.71899	457	7	enet	0.17	1.5e-06	1.75438	0.0794
Brain_Amygdala	/media/kame/Data/_workings/resource/GTEv8//GTExv8.EUR.Brain_Amygdala/ENSG00000215018.9.wgt.RDat	ENSG00000215018.9	7	7535852	7535853	0.5363	rs6463731	-4.4	rs3823842	0.189933	-5.24	0.20343	698	60	enet	0.19	3.1e-07	0.33659	0.736
Brain_Amygdala	/media/kame/Data/_workings/resource/GTEv8//GTExv8.EUR.Brain_Amygdala/ENSG00000272894.5.wgt.RDat	ENSG00000272894.5	7	7566870	7566871	0.3063	rs6463731	-4.4	rs17151557	0.028181	5	-0.05079	699	29	enet	0.11	1e-04	-0.47985	0.631
Brain_Amygdala	/media/kame/Data/_workings/resource/GTEv8//GTExv8.EUR.Brain_Amygdala/ENSG00000146530.11.wgt.RDat	ENSG00000146530.11	7	12403940	12403941	0.2365	rs1100135	-5.64	rs4721084	0.084447	4.6	-0.84704	612	26	enet	0.083	0.00086	-2.00503	0.045
Brain_Amygdala	/media/kame/Data/_workings/resource/GTEv8//GTExv8.EUR.Brain_Amygdala/ENSG00000187546.13.wgt.RDat	ENSG00000187546.13	7	15562014	15562015	0.273	rs6968544	6.03	rs2908333	-0.006416	3.9	-0.32589	521	35	enet	0.046	0.011	-0.61967	0.535
Brain_Amygdala	/media/kame/Data/_workings/resource/GTEv8//GTExv8.EUR.Brain_Amygdala/ENSG00000237773.5.wgt.RDat	ENSG00000237773.5	7	17299356	17299357	0.5977	rs563315	3.94	rs4721602	0.125651	4.63	-0.20416	609	55	enet	0.11	0.00014	-0.30154	0.763
Brain_Amygdala	/media/kame/Data/_workings/resource/GTEv8//GTExv8.EUR.Brain_Amygdala/ENSG00000179428.2.wgt.RDat	ENSG00000179428.2	7	22726704	22726705	0.3539	rs11770879	6.99	rs1554606	0.095848	4.63	1.32039	511	22	enet	0.04	0.016	0.37954	0.704
Brain_Amygdala	/media/kame/Data/_workings/resource/GTEv8//GTExv8.EUR.Brain_Amygdala/ENSG00000230658.1.wgt.RDat	ENSG00000230658.1	7	23105702	23105703	0.5788	rs11770879	6.99	rs7341483	0.533289	8.15	1.50243	428	14	enet	0.53	4.2e-21	1.40466	0.16
Brain_Amygdala	/media/kame/Data/_workings/resource/GTEv8//GTExv8.EUR.Brain_Amygdala/ENSG00000230042.1.wgt.RDat	ENSG00000230042.1	7	23129177	23129178	0.1507	rs11770879	6.99	rs6953996	0.083576	-3.75	1.78615	429	13	enet	-7.3e-05	0.32	-2.51601	0.0119
Brain_Amygdala	/media/kame/Data/_workings/resource/GTEv8//GTExv8.EUR.Brain_Amygdala/ENSG00000136243.16.wgt.RDat	ENSG00000136243.16	7	23181826	23181827	0.2776	rs11770879	6.99	rs2072369	0.122677	-4.35	1.56058	426	14	enet	0.075	0.0015	-1.59953	0.11
Brain_Amygdala	/media/kame/Data/_workings/resource/GTEv8//GTExv8.EUR.Brain_Amygdala/ENSG00000136235.15.wgt.RDat	ENSG00000136235.15	7	23235966	23235967	0.4014	rs11770879	6.99	rs1881203	0.205235	-5.93	3.78126	413	17	enet	0.24	8.7e-09	-1.39981	0.162
Brain_Amygdala	/media/kame/Data/_workings/resource/GTEv8//GTExv8.EUR.Brain_Amygdala/ENSG00000188732.10.wgt.RDat	ENSG00000188732.10	7	23680129	23680130	0.5698	rs17796841	5.94	rs993179	0.454717	7.48	0.77552	438	7	enet	0.43	5.1e-16	0.45673	0.648
Brain_Amygdala	/media/kame/Data/_workings/resource/GTEv8//GTExv8.EUR.Brain_Amygdala/ENSG00000196335.12.wgt.RDat	ENSG00000196335.12	7	23710166	23710167	0.2741	rs17796841	5.94	rs798645	0.228936	-5.45	1.47869	440	9	enet	0.2	1.5e-07	-0.69075	0.49
Brain_Amygdala	/media/kame/Data/_workings/resource/GTEv8//GTExv8.EUR.Brain_Amygdala/ENSG00000105928.13.wgt.RDat	ENSG00000105928.13	7	24758112	24758113	0.4139	rs17327167	6.61	rs2721809	0.27425	6.18	5.6326	612	6	enet	0.25	3.9e-09	4.99348	5.93e-07
Brain_Amygdala	/media/kame/Data/_workings/resource/GTEv8//GTExv8.EUR.Brain_Amygdala/ENSG00000280255.1.wgt.RDat	ENSG00000280255.1	7	26538377	26538378	0.592	rs17153945	4.53	rs1013688	0.458445	-7.44	-0.10368	450	14	enet	0.46	2e-17	0.44096	0.659
Brain_Amygdala	/media/kame/Data/_workings/resource/GTEv8//GTExv8.EUR.Brain_Amygdala/ENSG00000272568.5.wgt.RDat	ENSG00000272568.5	7	28979966	28979967	0.5999	rs10241267	5.47	rs4722881	0.123007	4.95	-0.6102	705	46	enet	0.18	8.2e-07	-1.4568	0.145
Brain_Amygdala	/media/kame/Data/_workings/resource/GTEv8//GTExv8.EUR.Brain_Amygdala/ENSG00000223813.2.wgt.RDat	ENSG00000223813.2	7	29563669	29563670	0.4203	rs10241267	5.47	rs17150665	0.01115	-3.51	-0.9091	628	21	enet	0.064	0.0032	-1.06776	0.286
Brain_Amygdala	/media/kame/Data/_workings/resource/GTEv8//GTExv8.EUR.Brain_Amygdala/ENSG00000244480.1.wgt.RDat	ENSG00000244480.1	7	30524534	30524535	0.3269	rs7794503	-5.41	rs38488	0.175377	5.45	-0.49481	459	14	enet	0.086	7e-04	-0.10585	0.916
Brain_Amygdala	/media/kame/Data/_workings/resource/GTEv8//GTExv8.EUR.Brain_Amygdala/ENSG00000196295.11.wgt.RDat	ENSG00000196295.11	7	30585971	30585972	0.8334	rs12670991	5.63	rs38487	0.602066	8.44	0.00362	465	16	enet	0.59	1.1e-24	-0.05787	0.954
Brain_Amygdala	/media/kame/Data/_workings/resource/GTEv8//GTExv8.EUR.Brain_Amygdala/ENSG00000226468.2.wgt.RDat	ENSG00000226468.2	7	32457757	32457758	0.2213	rs716500	12.88	rs10241303	0.039886	4.17	6.06819	510	46	enet	0.04	0.017	3.9249	8.68e-05
Brain_Amygdala	/media/kame/Data/_workings/resource/GTEv8//GTExv8.EUR.Brain_Amygdala/ENSG00000281332.1.wgt.RDat	ENSG00000281332.1	7	32760278	32760279	0.2247	rs716500	12.88	rs17469596	0.023364	3.65	-0.12276	407	18	enet	0.0046	0.22	0.28528	0.775
Brain_Amygdala	/media/kame/Data/_workings/resource/GTEv8//GTExv8.EUR.Brain_Amygdala/ENSG00000205763.13.wgt.RDat	ENSG00000205763.13	7	32943175	32943176	0.3185	rs10276466	12.52	rs2893441	0.086992	-5.02	0.08443	329	21	enet	0.098	0.00031	-0.16004	0.873
Brain_Amygdala	/media/kame/Data/_workings/resource/GTEv8//GTExv8.EUR.Brain_Amygdala/ENSG00000164610.8.wgt.RDat	ENSG00000164610.8	7	33109389	33109390	0.223	rs4723212	10.49	rs17469596	0.181872	4.83	-0.12276	348	13	enet	0.079	0.0011	1.61955	0.105
Brain_Amygdala	/media/kame/Data/_workings/resource/GTEv8//GTExv8.EUR.Brain_Amygdala/ENSG00000122507.20.wgt.RDat	ENSG00000122507.20	7	33129243	33129244	0.253	rs4723212	10.49	rs6960483	0.088565	-4.79	-0.7775	343	49	enet	0.11	0.00015	0.70935	0.478
Brain_Amygdala	/media/kame/Data/_workings/resource/GTEv8//GTExv8.EUR.Brain_Amygdala/ENSG00000271122.1.wgt.RDat	ENSG00000271122.1	7	35695213	35695214	0.2111	rs12701423	-3.65	rs4483064	0.1696	-5.14	0.02034	543	10	enet	0.12	7.1e-05	-0.10919	0.913
Brain_Amygdala	/media/kame/Data/_workings/resource/GTEv8//GTExv8.EUR.Brain_Amygdala/ENSG00000010270.13.wgt.RDat	ENSG00000010270.13	7	38178221	38178222	0.3155	rs2709102	6.45	rs2722366	0.014809	-3.84	-0.00133	628	42	enet	0.11	1e-04	1.09445	0.274
Brain_Amygdala	/media/kame/Data/_workings/resource/GTEv8//GTExv8.EUR.Brain_Amygdala/ENSG00000227191.8.wgt.RDat	ENSG00000227191.8	7	38249571	38249572	0.4828	rs6945492	-6.98	rs2109364	0.315199	-6.56	-0.06979	647	16	enet	0.3	6.2e-11	-0.01638	0.987
Brain_Amygdala	/media/kame/Data/_workings/resource/GTEv8//GTExv8.EUR.Brain_Amygdala/ENSG00000211688.1.wgt.RDat	ENSG00000211688.1	7	38256395	38256396	0.2833	rs6945492	-6.98	rs1860517	0.104337	-5.13	-0.07389	646	18	enet	0.15	6.1e-06	0.00254	0.998
Brain_Amygdala	/media/kame/Data/_workings/resource/GTEv8//GTExv8.EUR.Brain_Amygdala/ENSG00000188185.11.wgt.RDat	ENSG00000188185.11	7	39733631	39733632	0.1725	rs4410807	7.59	rs4723882	0.047555	-3.71	-2.83325	354	6	enet	0.0087	0.16	2.79775	0.00515
Brain_Amygdala	/media/kame/Data/_workings/resource/GTEv8//GTExv8.EUR.Brain_Amygdala/ENSG00000261019.1.wgt.RDat	ENSG00000261019.1	7	42902638	42902639	0.1869	rs2656505	3.44	rs602524	0.128716	-4.62	1.07081	449	27	enet	0.076	0.0014	-0.20697	0.836
Brain_Amygdala	/media/kame/Data/_workings/resource/GTEv8//GTExv8.EUR.Brain_Amygdala/ENSG00000136197.12.wgt.RDat	ENSG00000136197.12	7	42912304	42912305	0.1561	rs2656505	3.44	rs602524	0.172299	5.01	1.07081	452	17	enet	0.054	0.0063	1.08824	0.276
Brain_Amygdala	/media/kame/Data/_workings/resource/GTEv8//GTExv8.EUR.Brain_Amygdala/ENSG00000106605.10.wgt.RDat	ENSG00000106605.10	7	43758679	43758680	0.1886	rs1181592	8.43	rs11766570	0.018463	-3.92	-0.00355	397	14	enet	0.026	0.043	-0.33745	0.736
Brain_Amygdala	/media/kame/Data/_workings/resource/GTEv8//GTExv8.EUR.Brain_Amygdala/ENSG00000241057.2.wgt.RDat	ENSG00000241057.2	7	43973322	43973323	0.226	rs1181592	8.43	rs2527812	0.087816	-4.11	1.17152	362	17	enet	0.055	0.006	-0.31834	0.75
Brain_Amygdala	/media/kame/Data/_workings/resource/GTEv8//GTExv8.EUR.Brain_Amygdala/ENSG00000239556.3.wgt.RDat	ENSG00000239556.3	7	43990206	43990207	0.2486	rs1181592	8.43	rs10229021	0.008152	3.87	0.57972	359	5	enet	0.041	0.015	0.50689	0.612
Brain_Amygdala	/media/kame/Data/_workings/resource/GTEv8//GTExv8.EUR.Brain_Amygdala/ENSG00000122678.16.wgt.RDat	ENSG00000122678.16	7	44082539	44082540	0.3974	rs1181592	8.43	rs17551738	0.215816	5.27	0.87327	349	36	enet	0.1	0.00027	0.92194	0.357
Brain_Amygdala	/media/kame/Data/_workings/resource/GTEv8//GTExv8.EUR.Brain_Amygdala/ENSG00000136270.13.wgt.RDat	ENSG00000136270.13	7	45112046	45112047	0.2506	rs3735486	-5.7	rs6967748	0.056269	4.18	-0.71295	438	6	enet	0.0052	0.21	-0.65447	0.513
Brain_Amygdala	/media/kame/Data/_workings/resource/GTEv8//GTExv8.EUR.Brain_Amygdala/ENSG00000122679.8.wgt.RDat	ENSG00000122679.8	7	45157790	45157791	0.2891	rs3735486	-5.7	rs11770684	0.018267	-3.41	-0.21852	434	29	enet	0.009	0.15	0.07147	0.943
Brain_Amygdala	/media/kame/Data/_workings/resource/GTEv8//GTExv8.EUR.Brain_Amygdala/ENSG00000272556.2.wgt.RDat	ENSG00000272556.2	7	45769104	45769105	0.4269	rs1042009	3.95	rs12754	0.156803	-5.41	0.39148	400	22	enet	0.17	1.7e-06	-0.37644	0.707
Brain_Amygdala	/media/kame/Data/_workings/resource/GTEv8//GTExv8.EUR.Brain_Amygdala/ENSG00000132436.11.wgt.RDat	ENSG00000132436.11	7	50450389	50450390	0.5094	rs2045369	5.65	rs12719019	0.266386	6.61	-1.47147	504	32	enet	0.36	3.7e-13	-0.16484	0.869
Brain_Amygdala	/media/kame/Data/_workings/resource/GTEv8//GTExv8.EUR.Brain_Amygdala/ENSG00000275875.1.wgt.RDat	ENSG00000275875.1	7	55741524	55741525	0.751	rs12114015	-5.41	rs11982736	0.50484	7.83	2.00664	358	23	enet	0.52	1e-20	1.54366	0.123
Brain_Amygdala	/media/kame/Data/_workings/resource/GTEv8//GTExv8.EUR.Brain_Amygdala/ENSG00000273720.1.wgt.RDat	ENSG00000273720.1	7	55743072	55743073	0.8265	rs12114015	-5.41	rs11982736	0.595198	8.42	2.00664	354	30	enet	0.59	7.4e-25	1.22452	0.221
Brain_Amygdala	/media/kame/Data/_workings/resource/GTEv8//GTExv8.EUR.Brain_Amygdala/ENSG00000226278.1.wgt.RDat	ENSG00000226278.1	7	55764796	55764797	0.8282	rs12114015	-5.41	rs11982736	0.618084	8.66	2.00664	353	33	enet	0.62	7.7e-27	2.44482	0.0145
Brain_Amygdala	/media/kame/Data/_workings/resource/GTEv8//GTExv8.EUR.Brain_Amygdala/ENSG00000146729.9.wgt.RDat	ENSG00000146729.9	7	55951792	55951793	0.3323	rs12114015	-5.41	rs7793921	0.222288	5.2	-1.27463	285	21	enet	0.2	1.5e-07	-0.89699	0.37
Brain_Amygdala	/media/kame/Data/_workings/resource/GTEv8//GTExv8.EUR.Brain_Amygdala/ENSG00000146733.13.wgt.RDat	ENSG00000146733.13	7	56051603	56051604	0.3667	rs12114015	-5.41	rs11982736	0.199585	5.78	2.00664	277	23	enet	0.19	5.6e-07	1.73287	0.0831
Brain_Amygdala	/media/kame/Data/_workings/resource/GTEv8//GTExv8.EUR.Brain_Amygdala/ENSG00000106153.12.wgt.RDat	ENSG00000106153.12	7	56106575	56106576	0.1325	rs12114015	-5.41	rs3813512	0.093463	-4.06	-0.19102	269	16	enet	0.053	0.0068	-0.04047	0.968
Brain_Amygdala	/media/kame/Data/_workings/resource/GTEv8//GTExv8.EUR.Brain_Amygdala/ENSG00000185290.3.wgt.RDat	ENSG00000185290.3	7	56116399	56116400	0.484	rs12114015	-5.41	rs11982736	0.237705	5.87	2.00664	276	37	enet	0.18	8.3e-07	1.97121	0.0487
Brain_Amygdala	/media/kame/Data/_workings/resource/GTEv8//GTExv8.EUR.Brain_Amygdala/ENSG00000173041.11.wgt.RDat	ENSG00000173041.11	7	64563105	64563106	0.2838	rs6972180	5.16	rs6962076	0.111195	-4.38	0.10797	312	29	enet	0.096	0.00036	0.05357	0.957
Brain_Amygdala	/media/kame/Data/_workings/resource/GTEv8//GTExv8.EUR.Brain_Amygdala/ENSG00000197008.9.wgt.RDat	ENSG00000197008.9	7	64794387	64794388	0.387	rs6972180	5.16	rs1880656	0.218003	-6.3	1.41372	275	43	enet	0.31	3.1e-11	0.77157	0.44
Brain_Amygdala	/media/kame/Data/_workings/resource/GTEv8//GTExv8.EUR.Brain_Amygdala/ENSG00000182722.5.wgt.RDat	ENSG00000182722.5	7	64853353	64853354	0.3942	rs6972180	5.16	rs1568910	0.244606	-5.86	0.50683	266	41	enet	0.29	1.9e-10	0.28992	0.772
Brain_Amygdala	/media/kame/Data/_workings/resource/GTEv8//GTExv8.EUR.Brain_Amygdala/ENSG00000213640.3.wgt.RDat	ENSG00000213640.3	7	64862998	64862999	0.666	rs6972180	5.16	rs7804955	0.409803	-7.71	0.22928	262	29	enet	0.45	3e-17	0.37035	0.711
Brain_Amygdala	/media/kame/Data/_workings/resource/GTEv8//GTExv8.EUR.Brain_Amygdala/ENSG00000198039.11.wgt.RDat	ENSG00000198039.11	7	64870171	64870172	0.2615	rs6972180	5.16	rs13236784	0.182649	5.23	0.05836	262	34	enet	0.19	3.2e-07	0.43481	0.664
Brain_Amygdala	/media/kame/Data/_workings/resource/GTEv8//GTExv8.EUR.Brain_Amygdala/ENSG00000152926.14.wgt.RDat	ENSG00000152926.14	7	64990807	64990808	0.2635	rs6972180	5.16	rs7800787	0.186203	5.25	-0.09444	257	35	enet	0.22	4.2e-08	0.05686	0.955
Brain_Amygdala	/media/kame/Data/_workings/resource/GTEv8//GTExv8.EUR.Brain_Amygdala/ENSG00000213462.4.wgt.RDat	ENSG00000213462.4	7	65006742	65006743	0.3846	rs6972180	5.16	rs7800787	0.45393	7.59	-0.09444	253	30	enet	0.41	2.3e-15	-0.07517	0.94
Brain_Amygdala	/media/kame/Data/_workings/resource/GTEv8//GTExv8.EUR.Brain_Amygdala/ENSG00000234585.6.wgt.RDat	ENSG00000234585.6	7	65038359	65038360	0.4168	rs6972180	5.16	rs4718180	0.585676	8.36	0.03028	245	25	enet	0.54	1.6e-21	-0.24647	0.805
Brain_Amygdala	/media/kame/Data/_workings/resource/GTEv8//GTExv8.EUR.Brain_Amygdala/ENSG00000226002.1.wgt.RDat	ENSG00000226002.1	7	65084102	65084103	0.3207	rs6972180	5.16	rs1812771	0.41039	7.34	0.01013	231	21	enet	0.41	1.7e-15	-0.02691	0.979
Brain_Amygdala	/media/kame/Data/_workings/resource/GTEv8//GTExv8.EUR.Brain_Amygdala/ENSG00000164669.12.wgt.RDat	ENSG00000164669.12	7	65141224	65141225	0.338	rs6972180	5.16	rs13223327	0.361734	-7.13	0.07658	212	22	enet	0.32	8.7e-12	0.05422	0.957
Brain_Amygdala	/media/kame/Data/_workings/resource/GTEv8//GTExv8.EUR.Brain_Amygdala/ENSG00000273024.5.wgt.RDat	ENSG00000273024.5	7	65648041	65648042	0.2135	rs420880	3.45	rs2418470	0.147011	5.12	0.21721	190	14	enet	0.14	2.2e-05	-0.38169	0.703
Brain_Amygdala	/media/kame/Data/_workings/resource/GTEv8//GTExv8.EUR.Brain_Amygdala/ENSG00000228409.6.wgt.RDat	ENSG00000228409.6	7	65751141	65751142	0.1469	rs420880	3.45	rs365896	0.087371	-4.02	0.93457	199	6	enet	0.038	0.02	-0.88129	0.378
Brain_Amygdala	/media/kame/Data/_workings/resource/GTEv8//GTExv8.EUR.Brain_Amygdala/ENSG00000241258.6.wgt.RDat	ENSG00000241258.6	7	66114603	66114604	0.3269	rs420880	3.45	rs12532327	0.029261	3.82	0.07838	194	15	enet	0.17	1.9e-06	-0.23557	0.814
Brain_Amygdala	/media/kame/Data/_workings/resource/GTEv8//GTExv8.EUR.Brain_Amygdala/ENSG00000231234.2.wgt.RDat	ENSG00000231234.2	7	66423892	66423893	0.1513	rs420880	3.45	rs12540589	0.002284	-3.25	1.0381	237	39	enet	0.024	0.051	-1.61503	0.106
Brain_Amygdala	/media/kame/Data/_workings/resource/GTEv8//GTExv8.EUR.Brain_Amygdala/ENSG00000237310.1.wgt.RDat	ENSG00000237310.1	7	66493705	66493706	0.1471	rs420880	3.45	rs6946143	0.101941	4.53	-0.19879	240	74	enet	0.076	0.0014	-0.00878	0.993
Brain_Amygdala	/media/kame/Data/_workings/resource/GTEv8//GTExv8.EUR.Brain_Amygdala/ENSG00000243335.9.wgt.RDat	ENSG00000243335.9	7	66628766	66628767	0.1905	rs6972813	-2.99	rs10215516	0.162144	4.97	0.4834	246	15	enet	0.15	1.1e-05	0.33476	0.738
Brain_Amygdala	/media/kame/Data/_workings/resource/GTEv8//GTExv8.EUR.Brain_Amygdala/ENSG00000226824.6.wgt.RDat	ENSG00000226824.6	7	66654537	66654538	0.6732	rs6972813	-2.99	rs17566701	0.62063	8.79	0.52399	233	12	enet	0.62	1.3e-26	0.43118	0.666
Brain_Amygdala	/media/kame/Data/_workings/resource/GTEv8//GTExv8.EUR.Brain_Amygdala/ENSG00000273142.1.wgt.RDat	ENSG00000273142.1	7	66902856	66902857	0.1728	rs11760794	-4.49	rs4718412	0.037347	-4.36	0.22216	226	10	enet	0.018	0.079	0.07207	0.943
Brain_Amygdala	/media/kame/Data/_workings/resource/GTEv8//GTExv8.EUR.Brain_Amygdala/ENSG00000198874.12.wgt.RDat	ENSG00000198874.12	7	66995172	66995173	0.4706	rs4993699	5.47	rs6974864	0.436826	7.35	-1.17658	253	40	enet	0.4	1.1e-14	-1.53375	0.125
Brain_Amygdala	/media/kame/Data/_workings/resource/GTEv8//GTExv8.EUR.Brain_Amygdala/ENSG00000106610.14.wgt.RDat	ENSG00000106610.14	7	67305986	67305987	0.5393	rs7797476	-10.46	rs13230948	0.440733	-7.31	-0.89743	363	23	enet	0.44	8.7e-17	1.47126	0.141
Brain_Amygdala	/media/kame/Data/_workings/resource/GTEv8//GTExv8.EUR.Brain_Amygdala/ENSG00000273448.1.wgt.RDat	ENSG00000273448.1	7	67333046	67333047	0.1928	rs7797476	-10.46	rs1076440	0.109767	4.23	-2.64244	363	43	enet	0.044	0.012	-1.98492	0.0472
Brain_Amygdala	/media/kame/Data/_workings/resource/GTEv8//GTExv8.EUR.Brain_Amygdala/ENSG00000277149.4.wgt.RDat	ENSG00000277149.4	7	72828197	72828198	0.3249	rs1592903	5.66	rs4483038	0.238182	5.46	1.33955	101	11	enet	0.23	2e-08	1.072	0.284
Brain_Amygdala	/media/kame/Data/_workings/resource/GTEv8//GTExv8.EUR.Brain_Amygdala/ENSG00000106133.17.wgt.RDat	ENSG00000106133.17	7	72954789	72954790	0.303	rs7780317	6.18	rs2909987	0.015314	-3.66	-1.87526	89	19	enet	0.14	1.6e-05	1.51128	0.131
Brain_Amygdala	/media/kame/Data/_workings/resource/GTEv8//GTExv8.EUR.Brain_Amygdala/ENSG00000189143.9.wgt.RDat	ENSG00000189143.9	7	73799541	73799542	0.1922	rs17145717	8.84	rs4324825	0.015638	4.2	-0.41896	288	17	enet	0.1	0.00027	0.8066	0.42
Brain_Amygdala	/media/kame/Data/_workings/resource/GTEv8//GTExv8.EUR.Brain_Amygdala/ENSG00000165171.10.wgt.RDat	ENSG00000165171.10	7	73842534	73842535	0.5032	rs17145717	8.84	rs6460055	0.441601	7.67	0.57435	292	37	enet	0.49	4e-19	-0.02527	0.98
Brain_Amygdala	/media/kame/Data/_workings/resource/GTEv8//GTExv8.EUR.Brain_Amygdala/ENSG00000086730.16.wgt.RDat	ENSG00000086730.16	7	74199651	74199652	0.2509	rs2285025	4.25	rs229884	0.042064	-4.51	-2.35099	282	17	enet	0.016	0.09	1.55954	0.119
Brain_Amygdala	/media/kame/Data/_workings/resource/GTEv8//GTExv8.EUR.Brain_Amygdala/ENSG00000263001.5.wgt.RDat	ENSG00000263001.5	7	74657666	74657667	0.3265	rs6956055	-4.02	rs35005436	0.024103	4.04	-1.03922	146	16	enet	0.039	0.017	-0.91658	0.359
Brain_Amygdala	/media/kame/Data/_workings/resource/GTEv8//GTExv8.EUR.Brain_Amygdala/ENSG00000196275.13.wgt.RDat	ENSG00000196275.13	7	74851550	74851551	0.3685	rs6956055	-4.02	rs2267812	0.224753	6.11	-1.77429	94	22	enet	0.26	2.8e-09	-0.82601	0.409
Brain_Amygdala	/media/kame/Data/_workings/resource/GTEv8//GTExv8.EUR.Brain_Amygdala/ENSG00000123965.13.wgt.RDat	ENSG00000123965.13	7	74894115	74894116	0.5022	rs6956055	-4.02	rs35005436	0.246303	5.54	-1.03922	88	16	enet	0.26	1.8e-09	-1.84535	0.065
Brain_Amygdala	/media/kame/Data/_workings/resource/GTEv8//GTExv8.EUR.Brain_Amygdala/ENSG00000170092.14.wgt.RDat	ENSG00000170092.14	7	75493624	75493625	0.3307	rs10954732	9.02	rs17207196	-0.007511	-3.15	0.02488	200	38	enet	0.1	0.00023	-3.99938	6.35e-05
Brain_Amygdala	/media/kame/Data/_workings/resource/GTEv8//GTExv8.EUR.Brain_Amygdala/ENSG00000146700.8.wgt.RDat	ENSG00000146700.8	7	76409694	76409695	0.3091	rs9800948	10.45	rs2070804	0.00026	3.9	1.78677	221	100	enet	0.048	0.0097	-0.78244	0.434
Brain_Amygdala	/media/kame/Data/_workings/resource/GTEv8//GTExv8.EUR.Brain_Amygdala/ENSG00000188372.14.wgt.RDat	ENSG00000188372.14	7	76424906	76424907	0.6863	rs9800948	10.45	rs17718122	0.480353	7.58	-1.00306	223	17	enet	0.48	2.1e-18	-0.35177	0.725
Brain_Amygdala	/media/kame/Data/_workings/resource/GTEv8//GTExv8.EUR.Brain_Amygdala/ENSG00000243566.6.wgt.RDat	ENSG00000243566.6	7	76510427	76510428	0.4899	rs9800948	10.45	rs2286990	0.345039	-6.43	0.05634	190	16	enet	0.32	1.1e-11	0.35017	0.726
Brain_Amygdala	/media/kame/Data/_workings/resource/GTEv8//GTExv8.EUR.Brain_Amygdala/ENSG00000205485.13.wgt.RDat	ENSG00000205485.13	7	76549359	76549360	0.4668	rs9800948	10.45	rs17718122	0.39379	6.91	-1.00306	181	11	enet	0.36	2.7e-13	-1.10039	0.271
Brain_Amygdala	/media/kame/Data/_workings/resource/GTEv8//GTExv8.EUR.Brain_Amygdala/ENSG00000146707.14.wgt.RDat	ENSG00000146707.14	7	76625682	76625683	0.6106	rs9800948	10.45	rs11505688	0.355775	-6.85	-0.31846	164	37	enet	0.36	3.6e-13	0.78574	0.432
Brain_Amygdala	/media/kame/Data/_workings/resource/GTEv8//GTExv8.EUR.Brain_Amygdala/ENSG00000186704.9.wgt.RDat	ENSG00000186704.9	7	76978616	76978617	0.2955	rs7810561	-5.46	rs11772484	0.11826	4.51	0.14949	255	22	enet	0.17	1.6e-06	0.62311	0.533
Brain_Amygdala	/media/kame/Data/_workings/resource/GTEv8//GTExv8.EUR.Brain_Amygdala/ENSG00000233448.2.wgt.RDat	ENSG00000233448.2	7	77039943	77039944	0.3351	rs7810561	-5.46	rs11768176	0.072788	4.69	-0.90487	256	16	enet	0.15	6.4e-06	-0.69639	0.486
Brain_Amygdala	/media/kame/Data/_workings/resource/GTEv8//GTExv8.EUR.Brain_Amygdala/ENSG00000214293.8.wgt.RDat	ENSG00000214293.8	7	77696264	77696265	0.5367	rs7810561	-5.46	rs10499835	0.381742	-7.09	-2.77147	513	28	enet	0.35	8.4e-13	2.63135	0.0085
Brain_Amygdala	/media/kame/Data/_workings/resource/GTEv8//GTExv8.EUR.Brain_Amygdala/ENSG00000006576.16.wgt.RDat	ENSG00000006576.16	7	77798791	77798792	0.2852	rs11763565	4.31	rs2471577	0.047585	4.42	-0.24004	517	10	enet	0.097	0.00033	0.2687	0.788
Brain_Amygdala	/media/kame/Data/_workings/resource/GTEv8//GTExv8.EUR.Brain_Amygdala/ENSG00000170381.12.wgt.RDat	ENSG00000170381.12	7	83649009	83649010	0.2944	rs1497335	4.65	rs2723013	0.088122	4.81	-0.20602	504	26	enet	0.086	0.00072	-1.28046	0.2
Brain_Amygdala	/media/kame/Data/_workings/resource/GTEv8//GTExv8.EUR.Brain_Amygdala/ENSG00000157214.13.wgt.RDat	ENSG00000157214.13	7	90167589	90167590	0.0989	rs2023739	5.63	rs194507	0.112494	-4.58	-0.14765	480	12	enet	0.048	0.0094	0.15338	0.878
Brain_Amygdala	/media/kame/Data/_workings/resource/GTEv8//GTExv8.EUR.Brain_Amygdala/ENSG00000105793.15.wgt.RDat	ENSG00000105793.15	7	90335222	90335223	0.1255	rs12671169	5.34	rs39279	0.070456	-3.91	-1.64143	460	25	enet	0.072	0.0018	0.82351	0.41
Brain_Amygdala	/media/kame/Data/_workings/resource/GTEv8//GTExv8.EUR.Brain_Amygdala/ENSG00000223969.5.wgt.RDat	ENSG00000223969.5	7	90597352	90597353	0.3152	rs177667	-4.67	rs1978093	0.17231	5.27	0.37862	446	23	enet	0.15	6.5e-06	0.46654	0.641
Brain_Amygdala	/media/kame/Data/_workings/resource/GTEv8//GTExv8.EUR.Brain_Amygdala/ENSG00000183444.10.wgt.RDat	ENSG00000183444.10	7	97967073	97967074	0.3948	rs4729368	5.83	rs10953238	0.039199	-3.69	0.26746	345	41	enet	0.099	0.00029	-1.04454	0.296
Brain_Amygdala	/media/kame/Data/_workings/resource/GTEv8//GTExv8.EUR.Brain_Amygdala/ENSG00000180535.3.wgt.RDat	ENSG00000180535.3	7	98211426	98211427	0.2723	rs2394824	4.82	rs6967926	0.195762	5.31	0.94446	355	16	enet	0.2	2.7e-07	0.69882	0.485
Brain_Amygdala	/media/kame/Data/_workings/resource/GTEv8//GTExv8.EUR.Brain_Amygdala/ENSG00000272950.1.wgt.RDat	ENSG00000272950.1	7	98322852	98322853	0.2758	rs2394824	4.82	rs4729421	0.256048	-6.14	-0.99654	333	12	enet	0.29	1.1e-10	0.10192	0.919
Brain_Amygdala	/media/kame/Data/_workings/resource/GTEv8//GTExv8.EUR.Brain_Amygdala/ENSG00000196652.11.wgt.RDat	ENSG00000196652.11	7	99504650	99504651	0.1747	rs4729561	3.94	rs917154	0.026112	3.51	-0.93629	307	38	enet	0.06	0.0041	-0.46402	0.643
Brain_Amygdala	/media/kame/Data/_workings/resource/GTEv8//GTExv8.EUR.Brain_Amygdala/ENSG00000244219.6.wgt.RDat	ENSG00000244219.6	7	99598065	99598066	0.2297	rs7788746	4.97	rs10953288	0.06334	-3.56	0.13156	305	26	enet	0.033	0.027	-0.08576	0.932
Brain_Amygdala	/media/kame/Data/_workings/resource/GTEv8//GTExv8.EUR.Brain_Amygdala/ENSG00000146833.15.wgt.RDat	ENSG00000146833.15	7	99919599	99919600	0.2876	rs7788746	4.97	rs2572019	0.256462	-5.8	0.60743	265	11	enet	0.2	1.5e-07	-0.65614	0.512
Brain_Amygdala	/media/kame/Data/_workings/resource/GTEv8//GTExv8.EUR.Brain_Amygdala/ENSG00000237640.1.wgt.RDat	ENSG00000237640.1	7	99929620	99929621	0.2001	rs7788746	4.97	rs4729568	0.017195	-3.82	1.61812	264	33	enet	0.15	1.1e-05	0.13402	0.893
Brain_Amygdala	/media/kame/Data/_workings/resource/GTEv8//GTExv8.EUR.Brain_Amygdala/ENSG00000221838.9.wgt.RDat	ENSG00000221838.9	7	100101940	100101941	0.1114	rs7788746	4.97	rs11764176	0.08703	4.11	1.4959	269	23	enet	0.092	0.00048	1.87101	0.0613
Brain_Amygdala	/media/kame/Data/_workings/resource/GTEv8//GTExv8.EUR.Brain_Amygdala/ENSG00000188186.10.wgt.RDat	ENSG00000188186.10	7	100148906	100148907	0.2164	rs7788746	4.97	rs34995835	0.081521	4.4	1.05237	273	26	enet	0.031	0.03	1.19708	0.231
Brain_Amygdala	/media/kame/Data/_workings/resource/GTEv8//GTExv8.EUR.Brain_Amygdala/ENSG00000066923.17.wgt.RDat	ENSG00000066923.17	7	100177562	100177563	0.3183	rs7788746	4.97	rs4424195	0.317451	6.32	3.22517	267	27	enet	0.3	9.1e-11	2.53976	0.0111
Brain_Amygdala	/media/kame/Data/_workings/resource/GTEv8//GTExv8.EUR.Brain_Amygdala/ENSG00000213413.2.wgt.RDat	ENSG00000213413.2	7	100218240	100218241	0.4049	rs7788746	4.97	rs1637001	0.321522	6.43	1.90686	276	35	enet	0.34	1.9e-12	1.68325	0.0923
Brain_Amygdala	/media/kame/Data/_workings/resource/GTEv8//GTExv8.EUR.Brain_Amygdala/ENSG00000242294.6.wgt.RDat	ENSG00000242294.6	7	100336411	100336412	0.5192	rs7788746	4.97	rs11761253	0.513725	8.12	0.35291	301	11	enet	0.53	6.7e-21	0.38466	0.7
Brain_Amygdala	/media/kame/Data/_workings/resource/GTEv8//GTExv8.EUR.Brain_Amygdala/ENSG00000121716.20.wgt.RDat	ENSG00000121716.20	7	100352175	100352176	0.6482	rs7788746	4.97	rs11761253	0.603199	8.66	0.35291	290	31	enet	0.6	1.4e-25	0.26862	0.788
Brain_Amygdala	/media/kame/Data/_workings/resource/GTEv8//GTExv8.EUR.Brain_Amygdala/ENSG00000085514.15.wgt.RDat	ENSG00000085514.15	7	100373444	100373445	0.428	rs7788746	4.97	rs11761253	0.408089	7.11	0.35291	298	32	enet	0.39	1.8e-14	0.56168	0.574
Brain_Amygdala	/media/kame/Data/_workings/resource/GTEv8//GTExv8.EUR.Brain_Amygdala/ENSG00000078487.17.wgt.RDat	ENSG00000078487.17	7	100428791	100428792	0.3629	rs7788746	4.97	rs11761253	0.138321	5.74	0.35291	308	43	enet	0.22	3.7e-08	0.62796	0.53
Brain_Amygdala	/media/kame/Data/_workings/resource/GTEv8//GTExv8.EUR.Brain_Amygdala/ENSG00000106333.12.wgt.RDat	ENSG00000106333.12	7	100602176	100602177	0.2765	rs11760595	-3.41	rs6969697	0.033417	3.47	-2.43989	299	12	enet	0.012	0.13	-1.47058	0.141
Brain_Amygdala	/media/kame/Data/_workings/resource/GTEv8//GTExv8.EUR.Brain_Amygdala/ENSG00000146830.9.wgt.RDat	ENSG00000146830.9	7	100689447	100689448	0.1831	rs11760595	-3.41	rs221797	0.148087	4.44	-0.73752	318	9	enet	0.083	0.00086	-0.162	0.871
Brain_Amygdala	/media/kame/Data/_workings/resource/GTEv8//GTExv8.EUR.Brain_Amygdala/ENSG00000196411.9.wgt.RDat	ENSG00000196411.9	7	100827520	100827521	0.5027	rs11760595	-3.41	rs2293768	-0.000967	2.99	-0.12694	352	44	enet	0.016	0.09	-0.48054	0.631
Brain_Amygdala	/media/kame/Data/_workings/resource/GTEv8//GTExv8.EUR.Brain_Amygdala/ENSG00000176125.4.wgt.RDat	ENSG00000176125.4	7	100889717	100889718	0.1939	rs11760595	-3.41	rs314376	0.047709	-3.95	0.19349	357	12	enet	0.0012	0.29	-0.14521	0.885
Brain_Amygdala	/media/kame/Data/_workings/resource/GTEv8//GTExv8.EUR.Brain_Amygdala/ENSG00000106404.13.wgt.RDat	ENSG00000106404.13	7	101238819	101238820	0.3409	rs191137	-3.33	rs10250685	0.132046	5.33	-1.6586	397	19	enet	0.22	5.7e-08	-1.41993	0.156
Brain_Amygdala	/media/kame/Data/_workings/resource/GTEv8//GTExv8.EUR.Brain_Amygdala/ENSG00000128563.13.wgt.RDat	ENSG00000128563.13	7	102363871	102363872	0.1774	rs4989124	4.59	rs4584084	0.076442	4.22	0.69432	250	14	enet	0.084	0.00081	0.52542	0.599
Brain_Amygdala	/media/kame/Data/_workings/resource/GTEv8//GTExv8.EUR.Brain_Amygdala/ENSG00000168255.19.wgt.RDat	ENSG00000168255.19	7	102572655	102572656	0.3104	rs4989124	4.59	rs10228495	0.033594	-3.49	-0.13176	225	13	enet	0.0074	0.17	-0.30601	0.76
Brain_Amygdala	/media/kame/Data/_workings/resource/GTEv8//GTExv8.EUR.Brain_Amygdala/ENSG00000105808.17.wgt.RDat	ENSG00000105808.17	7	102616756	102616757	0.2045	rs4989124	4.59	rs7794668	0.072516	-4.15	-0.09546	211	8	enet	0.14	1.4e-05	-0.49217	0.623
Brain_Amygdala	/media/kame/Data/_workings/resource/GTEv8//GTExv8.EUR.Brain_Amygdala/ENSG00000267368.1.wgt.RDat	ENSG00000267368.1	7	102642790	102642791	0.4048	rs4989124	4.59	rs6465876	0.084004	-5.03	-0.10472	206	20	enet	0.25	3.1e-09	0.68391	0.494
Brain_Amygdala	/media/kame/Data/_workings/resource/GTEv8//GTExv8.EUR.Brain_Amygdala/ENSG00000228049.7.wgt.RDat	ENSG00000228049.7	7	102671628	102671629	0.6732	rs4989124	4.59	rs11981219	0.349585	6.52	0.69077	207	28	enet	0.36	2.4e-13	0.19043	0.849
Brain_Amygdala	/media/kame/Data/_workings/resource/GTEv8//GTExv8.EUR.Brain_Amygdala/ENSG00000279168.2.wgt.RDat	ENSG00000279168.2	7	102679294	102679295	0.2364	rs4989124	4.59	rs7780981	-0.006889	-3.44	-0.00347	203	21	enet	0.00071	0.3	-0.79468	0.427
Brain_Amygdala	/media/kame/Data/_workings/resource/GTEv8//GTExv8.EUR.Brain_Amygdala/ENSG00000233297.4.wgt.RDat	ENSG00000233297.4	7	102690468	102690469	0.4715	rs4989124	4.59	rs4989124	-0.002192	-2.95	4.58677	204	45	enet	0.011	0.13	-0.54202	0.588
Brain_Amygdala	/media/kame/Data/_workings/resource/GTEv8//GTExv8.EUR.Brain_Amygdala/ENSG00000228393.3.wgt.RDat	ENSG00000228393.3	7	105013043	105013044	0.128	rs4144809	5.54	rs17721388	0.052974	3.46	-0.71258	393	35	enet	-0.0018	0.38	-0.02803	0.978
Brain_Amygdala	/media/kame/Data/_workings/resource/GTEv8//GTExv8.EUR.Brain_Amygdala/ENSG00000091140.13.wgt.RDat	ENSG00000091140.13	7	107890969	107890970	0.2008	rs34084719	-5.1	rs17412104	0.115722	5.19	0.04139	497	9	enet	0.14	1.8e-05	-0.02302	0.982
Brain_Amygdala	/media/kame/Data/_workings/resource/GTEv8//GTExv8.EUR.Brain_Amygdala/ENSG00000177683.13.wgt.RDat	ENSG00000177683.13	7	108569452	108569453	0.2487	rs40899	-4.99	rs40947	0.192853	5.19	-4.46647	454	10	enet	0.14	2.1e-05	-4.19668	2.71e-05
Brain_Amygdala	/media/kame/Data/_workings/resource/GTEv8//GTExv8.EUR.Brain_Amygdala/ENSG00000105976.14.wgt.RDat	ENSG00000105976.14	7	116672389	116672390	0.2684	rs2402118	7.35	rs11766819	0.241592	-5.93	5.10667	340	9	enet	0.21	1.4e-07	-5.5444	2.95e-08
Brain_Amygdala	/media/kame/Data/_workings/resource/GTEv8//GTExv8.EUR.Brain_Amygdala/ENSG00000234224.2.wgt.RDat	ENSG00000234224.2	7	124033022	124033023	0.2789	rs11978415	-5.3	rs17146591	0.069602	4.47	-0.0697	391	10	enet	0.058	0.0049	-0.39062	0.696
Brain_Amygdala	/media/kame/Data/_workings/resource/GTEv8//GTExv8.EUR.Brain_Amygdala/ENSG00000242593.5.wgt.RDat	ENSG00000242593.5	7	124049131	124049132	0.4542	rs11978415	-5.3	rs10224465	0.314075	-6.17	0.0276	393	28	enet	0.23	1.7e-08	-0.34478	0.73
Brain_Amygdala	/media/kame/Data/_workings/resource/GTEv8//GTExv8.EUR.Brain_Amygdala/ENSG00000224897.6.wgt.RDat	ENSG00000224897.6	7	124929983	124929984	0.2177	rs589823	5	rs6965898	-0.007064	3.08	1.94925	346	32	enet	0.014	0.1	1.61352	0.107
Brain_Amygdala	/media/kame/Data/_workings/resource/GTEv8//GTExv8.EUR.Brain_Amygdala/ENSG00000197157.10.wgt.RDat	ENSG00000197157.10	7	127652179	127652180	0.1761	rs7789922	8.77	rs10487502	0.047378	-3.86	0.33633	456	23	enet	0.077	0.0014	-0.64927	0.516
Brain_Amygdala	/media/kame/Data/_workings/resource/GTEv8//GTExv8.EUR.Brain_Amygdala/ENSG00000165055.15.wgt.RDat	ENSG00000165055.15	7	128476728	128476729	0.2464	rs1006023	4.93	rs7806863	0.022038	-4.04	-0.50638	375	52	enet	0.064	0.0031	-0.17055	0.865
Brain_Amygdala	/media/kame/Data/_workings/resource/GTEv8//GTExv8.EUR.Brain_Amygdala/ENSG00000273270.1.wgt.RDat	ENSG00000273270.1	7	128531068	128531069	0.2715	rs1006023	4.93	rs2443110	0.221182	-5.21	-2.85793	363	13	enet	0.19	5.9e-07	2.81582	0.00487
Brain_Amygdala	/media/kame/Data/_workings/resource/GTEv8//GTExv8.EUR.Brain_Amygdala/ENSG00000243302.3.wgt.RDat	ENSG00000243302.3	7	128651184	128651185	0.3036	rs1006023	4.93	rs2402923	0.227734	5.39	-1.19289	357	5	enet	0.18	6.5e-07	-0.81367	0.416
Brain_Amygdala	/media/kame/Data/_workings/resource/GTEv8//GTExv8.EUR.Brain_Amygdala/ENSG00000230715.3.wgt.RDat	ENSG00000230715.3	7	128652840	128652841	0.3519	rs1006023	4.93	rs2402923	0.369784	6.69	-1.19289	357	5	enet	0.32	1.3e-11	-1.16875	0.243
Brain_Amygdala	/media/kame/Data/_workings/resource/GTEv8//GTExv8.EUR.Brain_Amygdala/ENSG00000229413.2.wgt.RDat	ENSG00000229413.2	7	128653967	128653968	0.1939	rs1006023	4.93	rs2402923	0.143071	4.72	-1.19289	356	16	enet	0.14	1.3e-05	-1.48448	0.138
Brain_Amygdala	/media/kame/Data/_workings/resource/GTEv8//GTExv8.EUR.Brain_Amygdala/ENSG00000243679.1.wgt.RDat	ENSG00000243679.1	7	128654019	128654020	0.2794	rs1006023	4.93	rs2443110	0.197763	5.66	-2.85793	356	14	enet	0.23	1.9e-08	-2.49612	0.0126
Brain_Amygdala	/media/kame/Data/_workings/resource/GTEv8//GTExv8.EUR.Brain_Amygdala/ENSG00000281490.1.wgt.RDat	ENSG00000281490.1	7	128658790	128658791	0.3762	rs1006023	4.93	rs2402923	0.026987	3.91	-1.19289	355	12	enet	0.05	0.0082	-0.72101	0.471
Brain_Amygdala	/media/kame/Data/_workings/resource/GTEv8//GTExv8.EUR.Brain_Amygdala/ENSG00000271553.1.wgt.RDat	ENSG00000271553.1	7	128667042	128667043	0.2664	rs1006023	4.93	rs10488628	0.037629	4.12	0.90816	355	35	enet	0.043	0.013	1.3971	0.162
Brain_Amygdala	/media/kame/Data/_workings/resource/GTEv8//GTExv8.EUR.Brain_Amygdala/ENSG00000271344.1.wgt.RDat	ENSG00000271344.1	7	128690450	128690451	0.2664	rs1006023	4.93	rs17162583	0.042849	-4.09	0.77919	356	15	enet	0.051	0.0075	-1.99998	0.0455
Brain_Amygdala	/media/kame/Data/_workings/resource/GTEv8//GTExv8.EUR.Brain_Amygdala/ENSG00000135248.15.wgt.RDat	ENSG00000135248.15	7	128709060	128709061	0.254	rs1006023	4.93	rs11983903	0.073156	-4.3	0.84952	356	6	enet	0.053	0.0067	-0.56984	0.569
Brain_Amygdala	/media/kame/Data/_workings/resource/GTEv8//GTExv8.EUR.Brain_Amygdala/ENSG00000243317.7.wgt.RDat	ENSG00000243317.7	7	135662495	135662496	0.2751	rs12536271	-4.82	rs3110823	0.199219	-5.13	-0.33613	458	10	enet	0.16	4.8e-06	0.3649	0.715
Brain_Amygdala	/media/kame/Data/_workings/resource/GTEv8//GTExv8.EUR.Brain_Amygdala/ENSG00000228775.7.wgt.RDat	ENSG00000228775.7	7	141738319	141738320	0.4205	rs10238188	-3.81	rs12540335	0.408551	7.2	-0.20767	438	43	enet	0.39	1.9e-14	-0.51384	0.607
Brain_Amygdala	/media/kame/Data/_workings/resource/GTEv8//GTExv8.EUR.Brain_Amygdala/ENSG00000127364.3.wgt.RDat	ENSG00000127364.3	7	141778441	141778442	0.4116	rs10238188	-3.81	rs917197	0.400143	7.08	-0.23947	480	25	enet	0.37	8.6e-14	-0.23956	0.811
Brain_Amygdala	/media/kame/Data/_workings/resource/GTEv8//GTExv8.EUR.Brain_Amygdala/ENSG00000257335.8.wgt.RDat	ENSG00000257335.8	7	141907812	141907813	0.1927	rs10238188	-3.81	rs2234012	0.18256	-5.18	-0.25039	473	15	enet	0.12	7.7e-05	0.21652	0.829
Brain_Amygdala	/media/kame/Data/_workings/resource/GTEv8//GTExv8.EUR.Brain_Amygdala/ENSG00000204959.4.wgt.RDat	ENSG00000204959.4	7	144286965	144286966	0.407	rs13228908	3.64	rs12703535	0.069602	4.2	0.93883	327	76	enet	0.17	1.4e-06	-0.56197	0.574
Brain_Amygdala	/media/kame/Data/_workings/resource/GTEv8//GTExv8.EUR.Brain_Amygdala/ENSG00000197362.14.wgt.RDat	ENSG00000197362.14	7	149090781	149090782	0.4495	rs2290971	-4.13	rs12530946	0.036713	-3.93	0.17503	376	50	enet	0.076	0.0014	-0.45353	0.65
Brain_Amygdala	/media/kame/Data/_workings/resource/GTEv8//GTExv8.EUR.Brain_Amygdala/ENSG00000170265.11.wgt.RDat	ENSG00000170265.11	7	149195484	149195485	0.3309	rs2290971	-4.13	rs2579592	0.094609	-3.77	-0.26857	376	32	enet	0.044	0.012	1.21964	0.223
Brain_Amygdala	/media/kame/Data/_workings/resource/GTEv8//GTExv8.EUR.Brain_Amygdala/ENSG00000244560.6.wgt.RDat	ENSG00000244560.6	7	149285280	149285281	0.4068	rs2290971	-4.13	rs886713	0.012076	3.95	-0.27283	383	37	enet	0.076	0.0014	0.13169	0.895
Brain_Amygdala	/media/kame/Data/_workings/resource/GTEv8//GTExv8.EUR.Brain_Amygdala/ENSG00000197558.11.wgt.RDat	ENSG00000197558.11	7	149776041	149776042	0.4417	rs6966081	2.74	rs6960187	0.441433	7.26	-0.36633	284	13	enet	0.39	2.7e-14	-0.39298	0.694
Brain_Amygdala	/media/kame/Data/_workings/resource/GTEv8//GTExv8.EUR.Brain_Amygdala/ENSG00000204934.10.wgt.RDat	ENSG00000204934.10	7	149871795	149871796	0.3315	rs6966081	2.74	rs3735334	0.24058	-5.72	0.38118	253	10	enet	0.16	4.3e-06	-0.34439	0.731
Brain_Amygdala	/media/kame/Data/_workings/resource/GTEv8//GTExv8.EUR.Brain_Amygdala/ENSG00000171130.17.wgt.RDat	ENSG00000171130.17	7	149872967	149872968	0.4957	rs6966081	2.74	rs4725838	0.365643	-6.89	-0.05399	254	11	enet	0.27	6.1e-10	-0.39435	0.693
Brain_Amygdala	/media/kame/Data/_workings/resource/GTEv8//GTExv8.EUR.Brain_Amygdala/ENSG00000127399.14.wgt.RDat	ENSG00000127399.14	7	150322638	150322639	0.5291	rs11972506	2.38	rs17837498	0.29015	6.19	-0.6452	341	20	enet	0.23	1.8e-08	-0.49105	0.623
Brain_Amygdala	/media/kame/Data/_workings/resource/GTEv8//GTExv8.EUR.Brain_Amygdala/ENSG00000188707.5.wgt.RDat	ENSG00000188707.5	7	150329788	150329789	0.4296	rs11972506	2.34	rs3735167	0.274309	-6.08	-1.20181	346	10	enet	0.2	1.9e-07	1.18802	0.235
Brain_Amygdala	/media/kame/Data/_workings/resource/GTEv8//GTExv8.EUR.Brain_Amygdala/ENSG00000214022.11.wgt.RDat	ENSG00000214022.11	7	150368188	150368189	0.3094	rs1049748	2.28	rs12531207	0.009153	-3.57	0.74179	366	9	enet	0.016	0.087	-0.98758	0.323
Brain_Amygdala	/media/kame/Data/_workings/resource/GTEv8//GTExv8.EUR.Brain_Amygdala/ENSG00000002933.7.wgt.RDat	ENSG00000002933.7	7	150800533	150800534	0.2744	rs2487151	4.23	rs6968855	0.131816	4.73	0.53799	527	21	enet	0.13	2.6e-05	0.28156	0.778
Brain_Amygdala	/media/kame/Data/_workings/resource/GTEv8//GTExv8.EUR.Brain_Amygdala/ENSG00000106565.17.wgt.RDat	ENSG00000106565.17	7	150801359	150801360	0.3275	rs2487151	4.23	rs740954	0.022159	4.15	0.17001	528	19	enet	-0.00071	0.34	-0.3464	0.729
Brain_Amygdala	/media/kame/Data/_workings/resource/GTEv8//GTExv8.EUR.Brain_Amygdala/ENSG00000244151.1.wgt.RDat	ENSG00000244151.1	7	151076529	151076530	0.2987	rs2487151	4.23	rs17713386	0.030014	4.13	-3.80591	535	28	enet	0.055	0.0061	-3.14074	0.00169
Brain_Amygdala	/media/kame/Data/_workings/resource/GTEv8//GTExv8.EUR.Brain_Amygdala/ENSG00000261455.1.wgt.RDat	ENSG00000261455.1	7	152463785	152463786	0.2266	rs6945852	-4.71	rs3087586	0.149751	-4.46	0.03596	250	6	enet	0.075	0.0015	0.10931	0.913
Brain_Amygdala	/media/kame/Data/_workings/resource/GTEv8//GTExv8.EUR.Brain_Amygdala/ENSG00000214106.7.wgt.RDat	ENSG00000214106.7	7	154928497	154928498	0.3592	rs11764641	4.76	rs4960658	0.244426	5.66	-2.29997	663	9	enet	0.24	9.1e-09	-2.22323	0.0262
Brain_Amygdala	/media/kame/Data/_workings/resource/GTEv8//GTExv8.EUR.Brain_Amygdala/ENSG00000273344.1.wgt.RDat	ENSG00000273344.1	7	155003447	155003448	0.3536	rs11764641	4.76	rs306273	0.043195	4.4	-0.02975	660	3	enet	-0.0049	0.52	0.79582	0.426
Brain_Amygdala	/media/kame/Data/_workings/resource/GTEv8//GTExv8.EUR.Brain_Amygdala/ENSG00000273117.1.wgt.RDat	ENSG00000273117.1	7	155297540	155297541	0.4217	rs1730148	4.53	rs6973712	0.034625	3.62	-0.12442	579	10	enet	0.11	0.00012	-0.29161	0.771
Brain_Amygdala	/media/kame/Data/_workings/resource/GTEv8//GTExv8.EUR.Brain_Amygdala/ENSG00000218672.1.wgt.RDat	ENSG00000218672.1	7	155382075	155382076	0.8177	rs167020	-4.58	rs4716545	0.548267	-8.1	-0.31276	563	22	enet	0.43	3.8e-16	0.0573	0.954
Brain_Amygdala	/media/kame/Data/_workings/resource/GTEv8//GTExv8.EUR.Brain_Amygdala/ENSG00000260426.1.wgt.RDat	ENSG00000260426.1	7	155399921	155399922	0.7024	rs167020	-4.58	rs4716545	0.489837	-7.76	-0.31276	557	19	enet	0.44	7.4e-17	0.52491	0.6
Brain_Amygdala	/media/kame/Data/_workings/resource/GTEv8//GTExv8.EUR.Brain_Amygdala/ENSG00000164690.7.wgt.RDat	ENSG00000164690.7	7	155812272	155812273	0.2964	rs2305944	-5.02	rs12698388	-0.002017	-4	-0.18505	556	16	enet	0.011	0.14	0.09164	0.927
Brain_Amygdala	/media/kame/Data/_workings/resource/GTEv8//GTExv8.EUR.Brain_Amygdala/ENSG00000233878.1.wgt.RDat	ENSG00000233878.1	7	156445587	156445588	0.5522	rs2305944	-5.02	rs6459698	0.065643	4.2	-0.3539	490	63	enet	0.088	0.00064	0.18195	0.856
Brain_Amygdala	/media/kame/Data/_workings/resource/GTEv8//GTExv8.EUR.Brain_Amygdala/ENSG00000182648.11.wgt.RDat	ENSG00000182648.11	7	156640653	156640654	0.2554	rs17571054	-4.07	rs7803221	0.180852	-4.92	-0.04256	464	20	enet	0.029	0.036	-0.60596	0.545
Brain_Amygdala	/media/kame/Data/_workings/resource/GTEv8//GTExv8.EUR.Brain_Amygdala/ENSG00000155093.17.wgt.RDat	ENSG00000155093.17	7	158587787	158587788	0.3696	rs12672574	4.02	rs10081235	0.062095	4.23	0.79741	418	23	enet	0.084	0.00083	0.22211	0.824
Brain_Amygdala	/media/kame/Data/_workings/resource/GTEv8//GTExv8.EUR.Brain_Amygdala/ENSG00000126870.15.wgt.RDat	ENSG00000126870.15	7	158856577	158856578	0.3426	rs394862	-5.22	rs4909278	0.226447	-5.5	0.93396	397	15	enet	0.18	1.1e-06	-0.54139	0.588
Brain_Amygdala	/media/kame/Data/_workings/resource/GTEv8//GTExv8.EUR.Brain_Amygdala/ENSG00000272240.1.wgt.RDat	ENSG00000272240.1	8	234886	234887	0.1946	rs3736436	-4.95	rs11774528	0.06496	4.21	0.0658	323	29	enet	0.0031	0.25	0.6247	0.532
Brain_Amygdala	/media/kame/Data/_workings/resource/GTEv8//GTExv8.EUR.Brain_Amygdala/ENSG00000036448.9.wgt.RDat	ENSG00000036448.9	8	2045039	2045040	0.5766	rs10503173	5.92	rs12681998	0.3251	6.25	-0.1411	631	39	enet	0.31	3.8e-11	0.3808	0.703
Brain_Amygdala	/media/kame/Data/_workings/resource/GTEv8//GTExv8.EUR.Brain_Amygdala/ENSG00000282142.1.wgt.RDat	ENSG00000282142.1	8	2529709	2529710	0.2643	rs10503173	5.92	rs7464795	0.03033	4.04	-1.5473	634	24	enet	0.064	0.0033	-0.8748	0.382
Brain_Amygdala	/media/kame/Data/_workings/resource/GTEv8//GTExv8.EUR.Brain_Amygdala/ENSG00000277526.4.wgt.RDat	ENSG00000277526.4	8	2623381	2623382	0.2955	rs10503173	5.92	rs7000432	-0.00603	3.77	-0.0203	619	12	enet	0.036	0.022	-0.5524	0.581
Brain_Amygdala	/media/kame/Data/_workings/resource/GTEv8//GTExv8.EUR.Brain_Amygdala/ENSG00000271743.1.wgt.RDat	ENSG00000271743.1	8	6617197	6617198	0.4651	rs10086142	-5.01	rs2912063	0.14681	-4.57	0.4526	884	19	enet	0.22	4.7e-08	-0.2607	0.794
Brain_Amygdala	/media/kame/Data/_workings/resource/GTEv8//GTExv8.EUR.Brain_Amygdala/ENSG00000249898.7.wgt.RDat	ENSG00000249898.7	8	6708208	6708209	0.4733	rs10086142	-5.01	rs11137046	0.02123	3.81	-0.2009	793	46	enet	0.0044	0.22	-0.8018	0.423
Brain_Amygdala	/media/kame/Data/_workings/resource/GTEv8//GTExv8.EUR.Brain_Amygdala/ENSG00000253893.2.wgt.RDat	ENSG00000253893.2	8	8226613	8226614	0.4248	rs11991607	-6.14	rs2948286	0.34275	-6.94	-1.6173	322	19	enet	0.4	4.6e-15	0.7661	0.444
Brain_Amygdala	/media/kame/Data/_workings/resource/GTEv8//GTExv8.EUR.Brain_Amygdala/ENSG00000173295.7.wgt.RDat	ENSG00000173295.7	8	8228594	8228595	0.2079	rs11991607	-6.14	rs2948286	0.03275	-3.87	-1.6173	326	27	enet	0.025	0.047	0.9835	0.325
Brain_Amygdala	/media/kame/Data/_workings/resource/GTEv8//GTExv8.EUR.Brain_Amygdala/ENSG00000233609.3.wgt.RDat	ENSG00000233609.3	8	8961199	8961200	0.4935	rs9693857	9.34	rs6981573	0.25524	5.61	-0.3707	700	16	enet	0.22	3.9e-08	-0.4994	0.617
Brain_Amygdala	/media/kame/Data/_workings/resource/GTEv8//GTExv8.EUR.Brain_Amygdala/ENSG00000272267.2.wgt.RDat	ENSG00000272267.2	8	9555912	9555913	0.1641	rs9693857	9.34	rs1458942	0.0853	-4.41	-1.3615	576	6	enet	0.038	0.019	1.0729	0.283
Brain_Amygdala	/media/kame/Data/_workings/resource/GTEv8//GTExv8.EUR.Brain_Amygdala/ENSG00000253678.1.wgt.RDat	ENSG00000253678.1	8	10479374	10479375	0.293	rs11249991	7.22	rs7837520	0.11489	4.88	-0.0579	718	15	enet	0.093	0.00042	-0.8506	0.395
Brain_Amygdala	/media/kame/Data/_workings/resource/GTEv8//GTExv8.EUR.Brain_Amygdala/ENSG00000280273.2.wgt.RDat	ENSG00000280273.2	8	11284414	11284415	0.2757	rs11787217	6.23	rs10091637	0.0208	4.26	-3.4152	646	11	enet	0.011	0.13	0.6736	0.501
Brain_Amygdala	/media/kame/Data/_workings/resource/GTEv8//GTExv8.EUR.Brain_Amygdala/ENSG00000154319.14.wgt.RDat	ENSG00000154319.14	8	11474714	11474715	0.3183	rs11787217	6.23	rs7016361	0.08182	4.56	-2.1931	624	13	enet	0.16	5.3e-06	-0.8053	0.421
Brain_Amygdala	/media/kame/Data/_workings/resource/GTEv8//GTExv8.EUR.Brain_Amygdala/ENSG00000254507.2.wgt.RDat	ENSG00000254507.2	8	12004081	12004082	0.2604	rs11787217	6.23	rs11250186	0.04985	-4.37	-0.8706	316	25	enet	0.038	0.019	1.0025	0.316
Brain_Amygdala	/media/kame/Data/_workings/resource/GTEv8//GTExv8.EUR.Brain_Amygdala/ENSG00000227888.4.wgt.RDat	ENSG00000227888.4	8	12362018	12362019	0.3797	rs12548697	-4.72	rs6601649	0.22097	-5.69	-1.1882	175	6	enet	0.25	3.1e-09	0.6245	0.532
Brain_Amygdala	/media/kame/Data/_workings/resource/GTEv8//GTExv8.EUR.Brain_Amygdala/ENSG00000255556.2.wgt.RDat	ENSG00000255556.2	8	12380264	12380265	0.3383	rs12548697	-4.72	rs7823424	0.12426	-4.68	-1.587	180	8	enet	0.17	1.4e-06	0.4583	0.647
Brain_Amygdala	/media/kame/Data/_workings/resource/GTEv8//GTExv8.EUR.Brain_Amygdala/ENSG00000129422.14.wgt.RDat	ENSG00000129422.14	8	17800916	17800917	0.4761	rs2739726	-5.85	rs3862089	0.08675	-4.86	1.2935	874	16	enet	0.031	0.03	0.0144	0.989
Brain_Amygdala	/media/kame/Data/_workings/resource/GTEv8//GTExv8.EUR.Brain_Amygdala/ENSG00000104760.16.wgt.RDat	ENSG00000104760.16	8	17910364	17910365	0.3234	rs2739726	-5.85	rs208752	0.10906	4.23	-2.5394	862	5	enet	-0.0024	0.4	-2.3425	0.0192
Brain_Amygdala	/media/kame/Data/_workings/resource/GTEv8//GTExv8.EUR.Brain_Amygdala/ENSG00000078674.17.wgt.RDat	ENSG00000078674.17	8	17922839	17922840	0.2889	rs2739726	-5.85	rs478420	0.20379	5.1	-1.9341	869	35	enet	0.16	3.6e-06	-0.322	0.747
Brain_Amygdala	/media/kame/Data/_workings/resource/GTEv8//GTExv8.EUR.Brain_Amygdala/ENSG00000147408.14.wgt.RDat	ENSG00000147408.14	8	19758028	19758029	0.5048	rs6999473	4.64	rs11785649	0.38944	6.85	0.0251	673	21	enet	0.38	3.3e-14	0.4348	0.664
Brain_Amygdala	/media/kame/Data/_workings/resource/GTEv8//GTExv8.EUR.Brain_Amygdala/ENSG00000254064.1.wgt.RDat	ENSG00000254064.1	8	22275161	22275162	0.3666	rs12541504	-4.38	rs748065	-0.00809	3.32	2.2108	478	44	enet	0.03	0.033	0.9386	0.348
Brain_Amygdala	/media/kame/Data/_workings/resource/GTEv8//GTExv8.EUR.Brain_Amygdala/ENSG00000241852.9.wgt.RDat	ENSG00000241852.9	8	22599600	22599601	0.2257	rs17088737	-7.41	rs4242434	0.17761	4.98	-0.9093	522	12	enet	0.12	6.4e-05	-0.8741	0.382
Brain_Amygdala	/media/kame/Data/_workings/resource/GTEv8//GTExv8.EUR.Brain_Amygdala/ENSG00000248738.6.wgt.RDat	ENSG00000248738.6	8	22877971	22877972	0.6137	rs2280935	7.9	rs2466177	0.31313	-6.16	0.3141	576	46	enet	0.25	4.4e-09	0.4133	0.679
Brain_Amygdala	/media/kame/Data/_workings/resource/GTEv8//GTExv8.EUR.Brain_Amygdala/ENSG00000197217.12.wgt.RDat	ENSG00000197217.12	8	23457694	23457695	0.4656	rs2280935	7.9	rs6557672	0.16332	4.72	-0.6756	589	38	enet	0.074	0.0016	-0.76	0.447
Brain_Amygdala	/media/kame/Data/_workings/resource/GTEv8//GTExv8.EUR.Brain_Amygdala/ENSG00000104765.15.wgt.RDat	ENSG00000104765.15	8	26382953	26382954	0.2779	rs424422	8.31	rs1058332	0.08702	-4.21	0.1314	663	49	enet	0.1	0.00026	0.0842	0.933
Brain_Amygdala	/media/kame/Data/_workings/resource/GTEv8//GTExv8.EUR.Brain_Amygdala/ENSG00000015592.16.wgt.RDat	ENSG00000015592.16	8	27258419	27258420	0.6163	rs4291226	-8.58	rs17366947	0.33559	-6.55	-1.7865	629	43	enet	0.23	2.9e-08	0.609	0.543
Brain_Amygdala	/media/kame/Data/_workings/resource/GTEv8//GTExv8.EUR.Brain_Amygdala/ENSG00000120915.13.wgt.RDat	ENSG00000120915.13	8	27490778	27490779	0.333	rs4291226	-8.58	rs1042064	0.17992	5.13	-0.2175	635	43	enet	0.15	1e-05	-0.2226	0.824
Brain_Amygdala	/media/kame/Data/_workings/resource/GTEv8//GTExv8.EUR.Brain_Amygdala/ENSG00000134014.16.wgt.RDat	ENSG00000134014.16	8	28089672	28089673	0.3355	rs1001866	-4.51	rs13250007	0.08798	5.16	-0.5191	561	28	enet	0.1	0.00024	-0.2594	0.795
Brain_Amygdala	/media/kame/Data/_workings/resource/GTEv8//GTExv8.EUR.Brain_Amygdala/ENSG00000272338.2.wgt.RDat	ENSG00000272338.2	8	33361414	33361415	0.1284	rs4400340	-3.34	rs6993806	0.03103	3.78	0.5991	236	25	enet	0.076	0.0014	0.4811	0.63
Brain_Amygdala	/media/kame/Data/_workings/resource/GTEv8//GTExv8.EUR.Brain_Amygdala/ENSG00000168615.11.wgt.RDat	ENSG00000168615.11	8	38996868	38996869	0.2979	rs10094572	2.83	rs4733986	0.04377	-3.55	1.3873	305	8	enet	0.038	0.018	-0.8559	0.392
Brain_Amygdala	/media/kame/Data/_workings/resource/GTEv8//GTExv8.EUR.Brain_Amygdala/ENSG00000147533.16.wgt.RDat	ENSG00000147533.16	8	41490395	41490396	0.4463	rs7843105	-4.37	rs1425781	0.04016	-5.13	2.4728	432	21	enet	0.15	5.9e-06	-0.4848	0.628
Brain_Amygdala	/media/kame/Data/_workings/resource/GTEv8//GTExv8.EUR.Brain_Amygdala/ENSG00000176209.11.wgt.RDat	ENSG00000176209.11	8	42541711	42541712	0.3674	rs2974342	5.04	rs2923428	0.22345	5.99	4.9421	249	17	enet	0.21	1.2e-07	2.7833	0.00538
Brain_Amygdala	/media/kame/Data/_workings/resource/GTEv8//GTExv8.EUR.Brain_Amygdala/ENSG00000253502.1.wgt.RDat	ENSG00000253502.1	8	47194346	47194347	0.0775	rs16930230	-5.43	rs2306975	0.10319	-4.48	-0.3737	151	18	enet	0.12	7e-05	-0.6167	0.537
Brain_Amygdala	/media/kame/Data/_workings/resource/GTEv8//GTExv8.EUR.Brain_Amygdala/ENSG00000253817.1.wgt.RDat	ENSG00000253817.1	8	47198322	47198323	0.0706	rs16930230	-5.43	rs2087656	-0.00149	3.33	-2.1673	151	9	enet	-0.0064	0.61	-1.8256	0.0679
Brain_Amygdala	/media/kame/Data/_workings/resource/GTEv8//GTExv8.EUR.Brain_Amygdala/ENSG00000034239.10.wgt.RDat	ENSG00000034239.10	8	48735310	48735311	0.4586	rs182914	5.39	rs4873289	0.20285	5.76	-2.5138	292	10	enet	0.24	8.6e-09	-1.9893	0.0467
Brain_Amygdala	/media/kame/Data/_workings/resource/GTEv8//GTExv8.EUR.Brain_Amygdala/ENSG00000215117.5.wgt.RDat	ENSG00000215117.5	8	57279542	57279543	0.3124	rs10109157	5.18	rs17802082	0.11879	4.48	0.2448	398	23	enet	0.08	0.0011	-0.1762	0.86
Brain_Amygdala	/media/kame/Data/_workings/resource/GTEv8//GTExv8.EUR.Brain_Amygdala/ENSG00000215114.8.wgt.RDat	ENSG00000215114.8	8	58411263	58411264	0.2983	rs1122328	3.53	rs2859998	0.04985	-4.21	-0.6903	507	33	enet	0.014	0.1	-0.2831	0.777
Brain_Amygdala	/media/kame/Data/_workings/resource/GTEv8//GTExv8.EUR.Brain_Amygdala/ENSG00000251396.6.wgt.RDat	ENSG00000251396.6	8	60516794	60516795	0.3198	rs6471873	6.05	rs654534	0.14766	4.67	4.9437	397	30	enet	0.13	2.7e-05	1.9163	0.0553
Brain_Amygdala	/media/kame/Data/_workings/resource/GTEv8//GTExv8.EUR.Brain_Amygdala/ENSG00000254050.1.wgt.RDat	ENSG00000254050.1	8	62474268	62474269	0.4463	rs16928927	3.73	rs921496	0.1938	5.76	-0.3778	436	11	enet	0.16	4.1e-06	-0.5855	0.558
Brain_Amygdala	/media/kame/Data/_workings/resource/GTEv8//GTExv8.EUR.Brain_Amygdala/ENSG00000137563.11.wgt.RDat	ENSG00000137563.11	8	63039170	63039171	0.2988	rs1560506	-8.87	rs9792158	0.1733	-5.03	0.8146	405	28	enet	0.16	4e-06	-0.5332	0.594
Brain_Amygdala	/media/kame/Data/_workings/resource/GTEv8//GTExv8.EUR.Brain_Amygdala/ENSG00000280725.1.wgt.RDat	ENSG00000280725.1	8	65180340	65180341	0.3098	rs10112206	7.43	rs2175810	-0.00246	-3.3	0.59	366	52	enet	0.077	0.0013	-0.4293	0.668
Brain_Amygdala	/media/kame/Data/_workings/resource/GTEv8//GTExv8.EUR.Brain_Amygdala/ENSG00000254081.1.wgt.RDat	ENSG00000254081.1	8	65562779	65562780	0.3242	rs10095326	4.67	rs11992528	0.24853	-5.71	0.3909	363	19	enet	0.24	1.3e-08	-0.0113	0.991
Brain_Amygdala	/media/kame/Data/_workings/resource/GTEv8//GTExv8.EUR.Brain_Amygdala/ENSG00000272010.1.wgt.RDat	ENSG00000272010.1	8	65592471	65592472	0.274	rs10095326	4.67	rs2175810	0.08209	-4.23	0.59	360	22	enet	0.067	0.0026	-0.4871	0.626
Brain_Amygdala	/media/kame/Data/_workings/resource/GTEv8//GTExv8.EUR.Brain_Amygdala/ENSG00000104442.9.wgt.RDat	ENSG00000104442.9	8	65634216	65634217	0.4671	rs10095326	4.67	rs2175810	0.10933	5.01	0.59	362	40	enet	0.23	3e-08	2.3057	0.0211
Brain_Amygdala	/media/kame/Data/_workings/resource/GTEv8//GTExv8.EUR.Brain_Amygdala/ENSG00000147576.15.wgt.RDat	ENSG00000147576.15	8	66432485	66432486	0.2844	rs7837333	3.64	rs2555568	0.22985	5.86	0.0437	291	15	enet	0.26	2.3e-09	0.5097	0.61
Brain_Amygdala	/media/kame/Data/_workings/resource/GTEv8//GTExv8.EUR.Brain_Amygdala/ENSG00000221947.7.wgt.RDat	ENSG00000221947.7	8	70669364	70669365	0.3598	rs4738088	4.42	rs12675271	0.49918	-7.75	-0.0638	308	23	enet	0.48	1.3e-18	-0.0487	0.961
Brain_Amygdala	/media/kame/Data/_workings/resource/GTEv8//GTExv8.EUR.Brain_Amygdala/ENSG00000121005.8.wgt.RDat	ENSG00000121005.8	8	74984514	74984515	0.1768	rs10957752	4.47	rs6472888	0.16908	-4.74	0.1273	374	11	enet	0.0032	0.24	-0.144	0.886
Brain_Amygdala	/media/kame/Data/_workings/resource/GTEv8//GTExv8.EUR.Brain_Amygdala/ENSG00000272138.1.wgt.RDat	ENSG00000272138.1	8	79768141	79768142	0.3275	rs2467782	-6.41	rs2247008	0.23672	5.4	0.1858	382	13	enet	0.17	2.7e-06	-0.4724	0.637
Brain_Amygdala	/media/kame/Data/_workings/resource/GTEv8//GTExv8.EUR.Brain_Amygdala/ENSG00000249328.2.wgt.RDat	ENSG00000249328.2	8	79871758	79871759	0.3295	rs2467782	-6.41	rs2100346	0.11055	4.71	-0.3155	372	18	enet	0.21	1.2e-07	0.1196	0.905
Brain_Amygdala	/media/kame/Data/_workings/resource/GTEv8//GTExv8.EUR.Brain_Amygdala/ENSG00000076554.15.wgt.RDat	ENSG00000076554.15	8	80231231	80231232	0.1971	rs1051920	-7.98	rs2217063	0.03615	-3.77	-0.0871	349	21	enet	0.016	0.092	0.4515	0.652
Brain_Amygdala	/media/kame/Data/_workings/resource/GTEv8//GTExv8.EUR.Brain_Amygdala/ENSG00000104497.13.wgt.RDat	ENSG00000104497.13	8	81842865	81842866	0.199	rs3824088	-6.77	rs4272332	0.07499	-4.46	-1.0589	312	20	enet	0.11	0.00011	0.7746	0.439
Brain_Amygdala	/media/kame/Data/_workings/resource/GTEv8//GTExv8.EUR.Brain_Amygdala/ENSG00000133739.15.wgt.RDat	ENSG00000133739.15	8	85107146	85107147	0.5625	rs6991900	-4.52	rs1427058	0.10608	5.03	0.4915	258	17	enet	0.18	1.1e-06	-0.2944	0.768
Brain_Amygdala	/media/kame/Data/_workings/resource/GTEv8//GTExv8.EUR.Brain_Amygdala/ENSG00000133740.10.wgt.RDat	ENSG00000133740.10	8	85177224	85177225	0.1284	rs6991900	-4.52	rs3808540	0.12178	-4.11	0.4438	253	17	enet	0.061	0.0038	-0.143	0.886
Brain_Amygdala	/media/kame/Data/_workings/resource/GTEv8//GTExv8.EUR.Brain_Amygdala/ENSG00000253549.5.wgt.RDat	ENSG00000253549.5	8	85464914	85464915	0.2338	rs17814594	-3.96	rs20571	0.13687	-4.53	0.1801	181	13	enet	0.097	0.00034	0.3496	0.727
Brain_Amygdala	/media/kame/Data/_workings/resource/GTEv8//GTExv8.EUR.Brain_Amygdala/ENSG00000176623.11.wgt.RDat	ENSG00000176623.11	8	86514356	86514357	0.4203	rs16916239	6.64	rs7837569	0.23595	5.58	0.6423	439	39	enet	0.2	2.9e-07	0.9621	0.336
Brain_Amygdala	/media/kame/Data/_workings/resource/GTEv8//GTExv8.EUR.Brain_Amygdala/ENSG00000253553.5.wgt.RDat	ENSG00000253553.5	8	88326835	88326836	0.2609	rs6982579	4.78	rs7842248	0.01662	3.77	-0.5529	294	10	enet	0.0064	0.19	-0.6108	0.541
Brain_Amygdala	/media/kame/Data/_workings/resource/GTEv8//GTExv8.EUR.Brain_Amygdala/ENSG00000164823.9.wgt.RDat	ENSG00000164823.9	8	89901858	89901859	0.2518	rs16900627	6.71	rs390536	0.21931	-5.75	1.0682	361	11	enet	0.22	6.4e-08	-0.2615	0.794
Brain_Amygdala	/media/kame/Data/_workings/resource/GTEv8//GTExv8.EUR.Brain_Amygdala/ENSG00000104320.13.wgt.RDat	ENSG00000104320.13	8	90003227	90003228	0.2262	rs16900627	6.71	rs1061302	0.18005	4.78	3.264	376	17	enet	0.15	8.2e-06	4.4017	1.07e-05
Brain_Amygdala	/media/kame/Data/_workings/resource/GTEv8//GTExv8.EUR.Brain_Amygdala/ENSG00000253738.1.wgt.RDat	ENSG00000253738.1	8	91070188	91070189	0.2022	rs10112439	9.25	rs6999873	0.12587	-4.59	-2.1602	296	20	enet	0.045	0.012	2.7443	0.00606
Brain_Amygdala	/media/kame/Data/_workings/resource/GTEv8//GTExv8.EUR.Brain_Amygdala/ENSG00000156170.12.wgt.RDat	ENSG00000156170.12	8	94895766	94895767	0.3149	rs7815085	8.21	rs2678829	0.09918	-4.32	1.5352	456	34	enet	0.13	4.1e-05	-0.87	0.384
Brain_Amygdala	/media/kame/Data/_workings/resource/GTEv8//GTExv8.EUR.Brain_Amygdala/ENSG00000272321.1.wgt.RDat	ENSG00000272321.1	8	98436668	98436669	0.1573	rs35871945	-3.66	rs10453067	-0.00181	-3.8	-0.5405	391	8	enet	0.039	0.017	0.4338	0.664
Brain_Amygdala	/media/kame/Data/_workings/resource/GTEv8//GTExv8.EUR.Brain_Amygdala/ENSG00000174226.8.wgt.RDat	ENSG00000174226.8	8	100663414	100663415	0.3908	rs2469666	-4.88	rs1693551	0.39962	6.96	-0.0234	445	5	enet	0.4	1.1e-14	-0.0694	0.945
Brain_Amygdala	/media/kame/Data/_workings/resource/GTEv8//GTExv8.EUR.Brain_Amygdala/ENSG00000228224.3.wgt.RDat	ENSG00000228224.3	8	101361793	101361794	0.265	rs2135126	4.68	rs3019259	-0.00416	3.34	-1.8418	493	33	enet	0.039	0.017	-0.8457	0.398
Brain_Amygdala	/media/kame/Data/_workings/resource/GTEv8//GTExv8.EUR.Brain_Amygdala/ENSG00000271830.1.wgt.RDat	ENSG00000271830.1	8	103481618	103481619	0.22	rs4424225	-3.4	rs10093057	0.03357	4.14	-1.9437	400	27	enet	0.05	0.0083	-1.4282	0.153
Brain_Amygdala	/media/kame/Data/_workings/resource/GTEv8//GTExv8.EUR.Brain_Amygdala/ENSG00000147677.10.wgt.RDat	ENSG00000147677.10	8	116766924	116766925	0.3689	rs12676238	9.8	rs4876647	-0.0073	-3.37	8.6196	428	5	enet	-0.0052	0.53	-5.6927	1.25e-08
Brain_Amygdala	/media/kame/Data/_workings/resource/GTEv8//GTExv8.EUR.Brain_Amygdala/ENSG00000172167.7.wgt.RDat	ENSG00000172167.7	8	120445421	120445422	0.1715	rs6987352	9.91	rs7006363	0.09952	4.13	-1.0752	434	3	enet	0.0077	0.17	-1.473	0.141
Brain_Amygdala	/media/kame/Data/_workings/resource/GTEv8//GTExv8.EUR.Brain_Amygdala/ENSG00000156795.6.wgt.RDat	ENSG00000156795.6	8	123416724	123416725	0.376	rs10089389	4.69	rs6999234	0.25924	-5.66	-0.3771	534	21	enet	0.24	1.1e-08	0.3991	0.69
Brain_Amygdala	/media/kame/Data/_workings/resource/GTEv8//GTExv8.EUR.Brain_Amygdala/ENSG00000282164.2.wgt.RDat	ENSG00000282164.2	8	140100559	140100560	0.2233	rs7845105	10.5	rs10086080	0.02264	3.47	0.4265	523	2	enet	-0.0081	0.82	0.4293	0.668
Brain_Amygdala	/media/kame/Data/_workings/resource/GTEv8//GTExv8.EUR.Brain_Amygdala/ENSG00000169398.19.wgt.RDat	ENSG00000169398.19	8	141002215	141002216	0.2246	rs938724	10.56	rs6994744	0.15728	-4.85	7.0002	407	18	enet	0.12	5.9e-05	5.1507	2.6e-07
Brain_Amygdala	/media/kame/Data/_workings/resource/GTEv8//GTExv8.EUR.Brain_Amygdala/ENSG00000261693.1.wgt.RDat	ENSG00000261693.1	8	142403651	142403652	0.2229	rs4129585	4.95	rs4576462	0.02537	-4.27	3.3675	441	23	enet	0.065	0.003	-2.0825	0.0373
Brain_Amygdala	/media/kame/Data/_workings/resource/GTEv8//GTExv8.EUR.Brain_Amygdala/ENSG00000167653.4.wgt.RDat	ENSG00000167653.4	8	142670307	142670308	0.2969	rs4129585	4.95	rs2920283	0.09748	4.45	0.3644	405	30	enet	0.096	0.00037	-0.0354	0.972
Brain_Amygdala	/media/kame/Data/_workings/resource/GTEv8//GTExv8.EUR.Brain_Amygdala/ENSG00000160886.13.wgt.RDat	ENSG00000160886.13	8	142700110	142700111	0.3236	rs4129585	4.95	rs2244152	0.09656	-4.45	2.0224	399	26	enet	0.16	5.4e-06	-1.0881	0.277
Brain_Amygdala	/media/kame/Data/_workings/resource/GTEv8//GTExv8.EUR.Brain_Amygdala/ENSG00000253741.1.wgt.RDat	ENSG00000253741.1	8	142726972	142726973	0.2257	rs4129585	4.95	rs2244152	0.14643	-5.22	2.0224	403	11	enet	0.14	2e-05	-2.0861	0.037
Brain_Amygdala	/media/kame/Data/_workings/resource/GTEv8//GTExv8.EUR.Brain_Amygdala/ENSG00000130193.7.wgt.RDat	ENSG00000130193.7	8	142727202	142727203	0.3208	rs4129585	4.95	rs2244163	0.16684	-5.1	2.0914	403	19	enet	0.16	4.6e-06	-1.7122	0.0869
Brain_Amygdala	/media/kame/Data/_workings/resource/GTEv8//GTExv8.EUR.Brain_Amygdala/ENSG00000277494.1.wgt.RDat	ENSG00000277494.1	8	143213192	143213193	0.3295	rs439747	4.81	rs12676568	0.19637	5.59	0.7218	393	9	enet	0.21	1e-07	0.8976	0.369
Brain_Amygdala	/media/kame/Data/_workings/resource/GTEv8//GTExv8.EUR.Brain_Amygdala/ENSG00000253716.5.wgt.RDat	ENSG00000253716.5	8	143281689	143281690	0.5819	rs439747	4.81	rs7387207	0.35607	-6.96	0.1979	381	42	enet	0.29	2e-10	0.2371	0.813
Brain_Amygdala	/media/kame/Data/_workings/resource/GTEv8//GTExv8.EUR.Brain_Amygdala/ENSG00000272172.1.wgt.RDat	ENSG00000272172.1	8	143290620	143290621	0.2704	rs439747	4.81	rs10866910	0.0251	3.72	-0.4667	379	17	enet	-0.001	0.35	0.0636	0.949
Brain_Amygdala	/media/kame/Data/_workings/resource/GTEv8//GTExv8.EUR.Brain_Amygdala/ENSG00000104518.10.wgt.RDat	ENSG00000104518.10	8	143553206	143553207	0.4385	rs11136344	4.73	rs7013633	0.2884	-5.92	-1.6072	345	17	enet	0.13	4.4e-05	1.0496	0.294
Brain_Amygdala	/media/kame/Data/_workings/resource/GTEv8//GTExv8.EUR.Brain_Amygdala/ENSG00000147813.15.wgt.RDat	ENSG00000147813.15	8	143578356	143578357	0.7581	rs11136344	4.73	rs10112966	0.35817	-7.34	0.1918	342	5	enet	0.48	1e-18	0.5228	0.601
Brain_Amygdala	/media/kame/Data/_workings/resource/GTEv8//GTExv8.EUR.Brain_Amygdala/ENSG00000254812.1.wgt.RDat	ENSG00000254812.1	8	143633755	143633756	0.4464	rs11136344	4.73	rs2242086	0.23269	-5.63	-0.3345	343	43	enet	0.11	0.00013	-1.0341	0.301
Brain_Amygdala	/media/kame/Data/_workings/resource/GTEv8//GTExv8.EUR.Brain_Amygdala/ENSG00000180921.6.wgt.RDat	ENSG00000180921.6	8	143733800	143733801	0.4003	rs11136344	4.73	rs13252406	0.0888	4.48	-0.1046	309	39	enet	0.099	0.00028	1.1824	0.237
Brain_Amygdala	/media/kame/Data/_workings/resource/GTEv8//GTExv8.EUR.Brain_Amygdala/ENSG00000178209.14.wgt.RDat	ENSG00000178209.14	8	143976733	143976734	0.1429	rs11136344	4.73	rs7832643	0.07144	-4.26	1.5952	289	9	enet	0.033	0.027	-1.0033	0.316
Brain_Amygdala	/media/kame/Data/_workings/resource/GTEv8//GTExv8.EUR.Brain_Amygdala/ENSG00000179698.13.wgt.RDat	ENSG00000179698.13	8	144107725	144107726	0.6087	rs11136344	4.73	rs13264654	0.35675	6.56	1.4653	256	28	enet	0.4	5.9e-15	0.0051	0.996
Brain_Amygdala	/media/kame/Data/_workings/resource/GTEv8//GTExv8.EUR.Brain_Amygdala/ENSG00000071894.16.wgt.RDat	ENSG00000071894.16	8	144409348	144409349	0.7777	rs11136344	4.73	rs2280836	0.53173	-8.34	-0.7726	224	17	enet	0.6	6e-25	1.2112	0.226
Brain_Amygdala	/media/kame/Data/_workings/resource/GTEv8//GTExv8.EUR.Brain_Amygdala/ENSG00000197363.9.wgt.RDat	ENSG00000197363.9	8	144798875	144798876	0.3653	rs2954675	3.75	rs1209879	0.22598	5.59	-2.288	202	25	enet	0.21	1.1e-07	-1.7115	0.087
Brain_Amygdala	/media/kame/Data/_workings/resource/GTEv8//GTExv8.EUR.Brain_Amygdala/ENSG00000170619.9.wgt.RDat	ENSG00000170619.9	8	144853735	144853736	0.1331	rs2954675	3.75	rs1735189	0.0398	3.78	-2.5381	193	6	enet	0.026	0.045	-1.6553	0.0979
Brain_Amygdala	/media/kame/Data/_workings/resource/GTEv8//GTExv8.EUR.Brain_Amygdala/ENSG00000196922.10.wgt.RDat	ENSG00000196922.10	8	145000537	145000538	0.4228	rs2954675	3.75	rs7000385	0.06798	4.29	-0.8591	143	27	enet	0.14	1.8e-05	-0.5103	0.61
Brain_Amygdala	/media/kame/Data/_workings/resource/GTEv8//GTExv8.EUR.Brain_Amygdala/ENSG00000147853.16.wgt.RDat	ENSG00000147853.16	9	4742042	4742043	0.4115	rs10974423	-5.91	rs1410780	-0.005527	-3.06	1.0204	625	39	enet	-0.0074	0.72	-0.7648	0.444
Brain_Amygdala	/media/kame/Data/_workings/resource/GTEv8//GTExv8.EUR.Brain_Amygdala/ENSG00000153714.5.wgt.RDat	ENSG00000153714.5	9	12775020	12775021	0.4958	rs10756461	-6.59	rs10960781	0.288272	-6.38	1.4337	521	16	enet	0.28	4.4e-10	-1.37964	0.168
Brain_Amygdala	/media/kame/Data/_workings/resource/GTEv8//GTExv8.EUR.Brain_Amygdala/ENSG00000235448.1.wgt.RDat	ENSG00000235448.1	9	12814344	12814345	0.5133	rs10756461	-6.59	rs10756405	0.34848	-6.64	2.0297	507	20	enet	0.33	4.4e-12	-1.23145	0.218
Brain_Amygdala	/media/kame/Data/_workings/resource/GTEv8//GTExv8.EUR.Brain_Amygdala/ENSG00000272871.1.wgt.RDat	ENSG00000272871.1	9	14590064	14590065	0.3019	rs16931853	4.92	rs7875420	0.089257	4.51	0.345	689	9	enet	0.018	0.077	0.3337	0.739
Brain_Amygdala	/media/kame/Data/_workings/resource/GTEv8//GTExv8.EUR.Brain_Amygdala/ENSG00000215237.6.wgt.RDat	ENSG00000215237.6	9	14993311	14993312	0.7686	rs16931853	4.92	rs7029010	0.531706	-8.16	-0.1781	648	20	enet	0.51	7.4e-20	0.04217	0.966
Brain_Amygdala	/media/kame/Data/_workings/resource/GTEv8//GTExv8.EUR.Brain_Amygdala/ENSG00000164989.16.wgt.RDat	ENSG00000164989.16	9	15553085	15553086	0.2897	rs3866794	-3.76	rs4741535	0.078159	4.53	-0.1761	453	25	enet	0.11	0.00011	-0.35661	0.721
Brain_Amygdala	/media/kame/Data/_workings/resource/GTEv8//GTExv8.EUR.Brain_Amygdala/ENSG00000261402.1.wgt.RDat	ENSG00000261402.1	9	19926093	19926094	0.4905	rs224017	-7.07	rs2051134	0.106381	5.31	0.2466	567	32	enet	0.18	1.1e-06	0.06577	0.948
Brain_Amygdala	/media/kame/Data/_workings/resource/GTEv8//GTExv8.EUR.Brain_Amygdala/ENSG00000234840.1.wgt.RDat	ENSG00000234840.1	9	22646199	22646200	0.232	rs1329406	4.61	rs7032336	-0.005886	3.42	0.7681	421	26	enet	-0.0012	0.36	-0.70092	0.483
Brain_Amygdala	/media/kame/Data/_workings/resource/GTEv8//GTExv8.EUR.Brain_Amygdala/ENSG00000120162.9.wgt.RDat	ENSG00000120162.9	9	27529780	27529781	0.4189	rs2039995	-3.15	rs10967907	0.221664	5.46	-0.1108	689	37	enet	0.18	1e-06	-0.57005	0.569
Brain_Amygdala	/media/kame/Data/_workings/resource/GTEv8//GTExv8.EUR.Brain_Amygdala/ENSG00000147894.14.wgt.RDat	ENSG00000147894.14	9	27573865	27573866	0.3474	rs2039995	-3.15	rs13691	0.210671	-5.24	0.5759	716	25	enet	0.19	3.7e-07	0.10344	0.918
Brain_Amygdala	/media/kame/Data/_workings/resource/GTEv8//GTExv8.EUR.Brain_Amygdala/ENSG00000122729.18.wgt.RDat	ENSG00000122729.18	9	32384602	32384603	0.3775	rs10970862	-7.92	rs7874815	0.101708	4.65	-0.8015	460	18	enet	0.15	1e-05	-0.90909	0.363
Brain_Amygdala	/media/kame/Data/_workings/resource/GTEv8//GTExv8.EUR.Brain_Amygdala/ENSG00000241043.1.wgt.RDat	ENSG00000241043.1	9	32567126	32567127	0.2435	rs10970862	-7.92	rs10813835	0.103021	5	0.8803	512	21	enet	0.13	3.6e-05	0.12469	0.901
Brain_Amygdala	/media/kame/Data/_workings/resource/GTEv8//GTExv8.EUR.Brain_Amygdala/ENSG00000165269.12.wgt.RDat	ENSG00000165269.12	9	33402681	33402682	0.3882	rs2248910	-6.55	rs17251987	0.347453	6.86	0.1641	402	13	enet	0.27	8.5e-10	0.21405	0.831
Brain_Amygdala	/media/kame/Data/_workings/resource/GTEv8//GTExv8.EUR.Brain_Amygdala/ENSG00000260947.1.wgt.RDat	ENSG00000260947.1	9	33697458	33697459	0.5264	rs307652	-6.78	rs16933401	0.279827	5.91	-0.6805	324	29	enet	0.27	8.4e-10	0.42861	0.668
Brain_Amygdala	/media/kame/Data/_workings/resource/GTEv8//GTExv8.EUR.Brain_Amygdala/ENSG00000164978.17.wgt.RDat	ENSG00000164978.17	9	34329505	34329506	0.3613	rs307652	-6.78	rs10971956	0.364807	-6.64	-3.2039	339	10	enet	0.31	2.6e-11	3.58144	0.000342
Brain_Amygdala	/media/kame/Data/_workings/resource/GTEv8//GTExv8.EUR.Brain_Amygdala/ENSG00000165282.13.wgt.RDat	ENSG00000165282.13	9	35096600	35096601	0.2427	rs7040391	-6.07	rs634801	0.056574	-4.47	-1.3454	335	6	enet	0.069	0.0023	0.48483	0.628
Brain_Amygdala	/media/kame/Data/_workings/resource/GTEv8//GTExv8.EUR.Brain_Amygdala/ENSG00000137135.17.wgt.RDat	ENSG00000137135.17	9	35675759	35675760	0.2652	rs7040391	-6.07	rs10972552	0.003507	4.2	-0.4797	404	17	enet	0.024	0.05	-0.02373	0.981
Brain_Amygdala	/media/kame/Data/_workings/resource/GTEv8//GTExv8.EUR.Brain_Amygdala/ENSG00000198467.13.wgt.RDat	ENSG00000198467.13	9	35691019	35691020	0.5001	rs7040391	-6.07	rs2295795	0.409421	-7.27	-0.613	400	17	enet	0.42	1.5e-15	0.94568	0.344
Brain_Amygdala	/media/kame/Data/_workings/resource/GTEv8//GTExv8.EUR.Brain_Amygdala/ENSG00000137103.16.wgt.RDat	ENSG00000137103.16	9	35816143	35816144	0.4178	rs7040391	-6.07	rs10738948	0.325958	6.31	0.5545	419	22	enet	0.25	5.4e-09	0.472	0.637
Brain_Amygdala	/media/kame/Data/_workings/resource/GTEv8//GTExv8.EUR.Brain_Amygdala/ENSG00000281205.1.wgt.RDat	ENSG00000281205.1	9	35858737	35858738	0.3372	rs7040391	-6.07	rs10738948	0.128149	4.53	0.5545	426	40	enet	0.094	4e-04	1.24847	0.212
Brain_Amygdala	/media/kame/Data/_workings/resource/GTEv8//GTExv8.EUR.Brain_Amygdala/ENSG00000122741.15.wgt.RDat	ENSG00000122741.15	9	37800501	37800502	0.3137	rs10973300	8.7	rs1409145	0.02668	3.71	-0.0987	489	37	enet	0.013	0.11	-0.00751	0.994
Brain_Amygdala	/media/kame/Data/_workings/resource/GTEv8//GTExv8.EUR.Brain_Amygdala/ENSG00000107371.12.wgt.RDat	ENSG00000107371.12	9	37801436	37801437	0.3761	rs10973300	8.7	rs3208406	-0.001849	3.92	1.2137	489	23	enet	0.018	0.08	-0.12158	0.903
Brain_Amygdala	/media/kame/Data/_workings/resource/GTEv8//GTExv8.EUR.Brain_Amygdala/ENSG00000122696.13.wgt.RDat	ENSG00000122696.13	9	37904352	37904353	0.6406	rs7047872	6.14	rs10973594	0.508966	7.93	0.0396	522	17	enet	0.51	3.5e-20	0.05925	0.953
Brain_Amygdala	/media/kame/Data/_workings/resource/GTEv8//GTExv8.EUR.Brain_Amygdala/ENSG00000273036.2.wgt.RDat	ENSG00000273036.2	9	38545371	38545372	0.5344	rs10758524	-3.76	rs7031991	0.002257	4.52	0.5537	395	22	enet	0.062	0.0037	0.19906	0.842
Brain_Amygdala	/media/kame/Data/_workings/resource/GTEv8//GTExv8.EUR.Brain_Amygdala/ENSG00000106733.20.wgt.RDat	ENSG00000106733.20	9	75088216	75088217	0.9412	rs7032677	-7.45	rs10869497	0.47457	-7.89	0.133	441	22	enet	0.6	2e-25	-0.04291	0.966
Brain_Amygdala	/media/kame/Data/_workings/resource/GTEv8//GTExv8.EUR.Brain_Amygdala/ENSG00000134996.11.wgt.RDat	ENSG00000134996.11	9	75088542	75088543	0.2749	rs7032677	-7.45	rs12378991	0.01193	-3.8	1.3599	443	28	enet	0.007	0.18	-0.65018	0.516
Brain_Amygdala	/media/kame/Data/_workings/resource/GTEv8//GTExv8.EUR.Brain_Amygdala/ENSG00000254473.1.wgt.RDat	ENSG00000254473.1	9	83708317	83708318	0.2062	rs11140416	-7.16	rs3814507	0.171552	5.35	-0.5208	521	20	enet	0.17	2e-06	-0.56839	0.57
Brain_Amygdala	/media/kame/Data/_workings/resource/GTEv8//GTExv8.EUR.Brain_Amygdala/ENSG00000165121.11.wgt.RDat	ENSG00000165121.11	9	85805358	85805359	0.2755	rs4587414	4.45	rs3916184	-0.008475	-3.41	1.8628	352	16	enet	0.012	0.12	-0.33667	0.736
Brain_Amygdala	/media/kame/Data/_workings/resource/GTEv8//GTExv8.EUR.Brain_Amygdala/ENSG00000187764.11.wgt.RDat	ENSG00000187764.11	9	89498129	89498130	0.4245	rs7863857	-4.33	rs4405007	0.095852	-4.62	0.2532	467	9	enet	0.089	0.00058	-0.182	0.856
Brain_Amygdala	/media/kame/Data/_workings/resource/GTEv8//GTExv8.EUR.Brain_Amygdala/ENSG00000234537.1.wgt.RDat	ENSG00000234537.1	9	92132397	92132398	0.1876	rs1746787	4.17	rs7023075	0.1935	5.08	-0.1387	446	9	enet	0.086	0.00072	-0.3249	0.745
Brain_Amygdala	/media/kame/Data/_workings/resource/GTEv8//GTExv8.EUR.Brain_Amygdala/ENSG00000188312.13.wgt.RDat	ENSG00000188312.13	9	92325636	92325637	0.4112	rs1972214	-4.86	rs7872739	0.298285	6.21	1.5771	400	25	enet	0.28	4e-10	0.76903	0.442
Brain_Amygdala	/media/kame/Data/_workings/resource/GTEv8//GTExv8.EUR.Brain_Amygdala/ENSG00000227603.1.wgt.RDat	ENSG00000227603.1	9	93437120	93437121	0.4055	rs7853605	8.89	rs7036984	0.069514	4.44	4.1354	489	27	enet	0.036	0.022	4.07114	4.68e-05
Brain_Amygdala	/media/kame/Data/_workings/resource/GTEv8//GTExv8.EUR.Brain_Amygdala/ENSG00000175611.11.wgt.RDat	ENSG00000175611.11	9	95875699	95875700	0.4565	rs10512249	8.21	rs591486	0.373144	7.07	-0.9372	519	9	enet	0.36	4.3e-13	-0.08806	0.93
Brain_Amygdala	/media/kame/Data/_workings/resource/GTEv8//GTExv8.EUR.Brain_Amygdala/ENSG00000233820.2.wgt.RDat	ENSG00000233820.2	9	96725889	96725890	0.23	rs7875483	-4.51	rs10816458	0.150921	-4.62	-0.5659	244	10	enet	0.12	5.6e-05	0.86616	0.386
Brain_Amygdala	/media/kame/Data/_workings/resource/GTEv8//GTExv8.EUR.Brain_Amygdala/ENSG00000196312.12.wgt.RDat	ENSG00000196312.12	9	97013599	97013600	0.2833	rs732688	-4.71	rs10978778	0.088765	-4.22	1.6797	233	32	enet	0.0079	0.17	-1.29954	0.194
Brain_Amygdala	/media/kame/Data/_workings/resource/GTEv8//GTExv8.EUR.Brain_Amygdala/ENSG00000228376.3.wgt.RDat	ENSG00000228376.3	9	97081944	97081945	0.3181	rs953417	5.4	rs10981288	0.216733	-5.27	0.0341	275	15	enet	0.13	2.8e-05	-0.09318	0.926
Brain_Amygdala	/media/kame/Data/_workings/resource/GTEv8//GTExv8.EUR.Brain_Amygdala/ENSG00000228038.1.wgt.RDat	ENSG00000228038.1	9	97094637	97094638	0.2173	rs953417	5.4	rs10981288	0.097927	-4.29	0.0341	278	18	enet	0.05	0.0083	0.2031	0.839
Brain_Amygdala	/media/kame/Data/_workings/resource/GTEv8//GTExv8.EUR.Brain_Amygdala/ENSG00000159712.10.wgt.RDat	ENSG00000159712.10	9	97221234	97221235	0.1818	rs953417	5.4	rs10981288	0.120664	-4.55	0.0341	295	13	enet	0.14	1.3e-05	0.13254	0.895
Brain_Amygdala	/media/kame/Data/_workings/resource/GTEv8//GTExv8.EUR.Brain_Amygdala/ENSG00000203279.3.wgt.RDat	ENSG00000203279.3	9	97238699	97238700	0.33	rs953417	5.4	rs6478095	0.269326	-5.99	0.0193	308	13	enet	0.2	1.5e-07	-0.10083	0.92
Brain_Amygdala	/media/kame/Data/_workings/resource/GTEv8//GTExv8.EUR.Brain_Amygdala/ENSG00000136932.13.wgt.RDat	ENSG00000136932.13	9	97922569	97922570	0.3045	rs1010777	-6.44	rs6586	0.284569	5.92	1.9964	497	13	enet	0.22	4.4e-08	1.65671	0.0976
Brain_Amygdala	/media/kame/Data/_workings/resource/GTEv8//GTExv8.EUR.Brain_Amygdala/ENSG00000095383.19.wgt.RDat	ENSG00000095383.19	9	98255720	98255721	0.3959	rs1010777	-6.44	rs4743186	0.175961	-5.71	3.6088	598	18	enet	0.26	2.7e-09	-1.79029	0.0734
Brain_Amygdala	/media/kame/Data/_workings/resource/GTEv8//GTExv8.EUR.Brain_Amygdala/ENSG00000119509.12.wgt.RDat	ENSG00000119509.12	9	100099255	100099256	0.2103	rs7034165	-9.91	rs7024375	0.081424	4.04	-0.9041	287	23	enet	0.077	0.0013	-0.79137	0.429
Brain_Amygdala	/media/kame/Data/_workings/resource/GTEv8//GTExv8.EUR.Brain_Amygdala/ENSG00000136870.10.wgt.RDat	ENSG00000136870.10	9	101398872	101398873	0.3657	rs12342675	-5.93	rs3739719	0.216026	-5.35	-1.4455	524	17	enet	0.17	2.7e-06	1.5224	0.128
Brain_Amygdala	/media/kame/Data/_workings/resource/GTEv8//GTExv8.EUR.Brain_Amygdala/ENSG00000136824.18.wgt.RDat	ENSG00000136824.18	9	104094259	104094260	0.4638	rs1352928	5.57	rs3818625	0.399701	7.3	0.2617	502	44	enet	0.4	9.3e-15	0.27122	0.786
Brain_Amygdala	/media/kame/Data/_workings/resource/GTEv8//GTExv8.EUR.Brain_Amygdala/ENSG00000136783.9.wgt.RDat	ENSG00000136783.9	9	104747687	104747688	0.3623	rs2297408	7.5	rs4149339	0.198189	-5.6	-0.1144	605	36	enet	0.16	3.1e-06	-1.72401	0.0847
Brain_Amygdala	/media/kame/Data/_workings/resource/GTEv8//GTExv8.EUR.Brain_Amygdala/ENSG00000226334.1.wgt.RDat	ENSG00000226334.1	9	104927552	104927553	0.2901	rs2297408	7.5	rs2472519	0.051741	-4.29	-1.6808	583	25	enet	0.14	1.4e-05	2.08911	0.0367
Brain_Amygdala	/media/kame/Data/_workings/resource/GTEv8//GTExv8.EUR.Brain_Amygdala/ENSG00000148143.12.wgt.RDat	ENSG00000148143.12	9	106863096	106863097	0.3427	rs7027172	9.2	rs10978713	-0.002046	-3.22	0.441	497	44	enet	-0.0042	0.48	1.52603	0.127
Brain_Amygdala	/media/kame/Data/_workings/resource/GTEv8//GTExv8.EUR.Brain_Amygdala/ENSG00000119326.14.wgt.RDat	ENSG00000119326.14	9	109013528	109013529	0.4111	rs4978793	-5.59	rs3750457	-0.000611	3.63	-0.2065	622	57	enet	0.14	1.5e-05	1.79039	0.0734
Brain_Amygdala	/media/kame/Data/_workings/resource/GTEv8//GTExv8.EUR.Brain_Amygdala/ENSG00000106853.18.wgt.RDat	ENSG00000106853.18	9	111599854	111599855	0.3998	rs3780520	7.61	rs10759502	0.022175	-4.31	-0.3871	489	34	enet	0.073	0.0017	-0.55648	0.578
Brain_Amygdala	/media/kame/Data/_workings/resource/GTEv8//GTExv8.EUR.Brain_Amygdala/ENSG00000204173.10.wgt.RDat	ENSG00000204173.10	9	111631288	111631289	0.5477	rs3780520	7.61	rs1570304	0.16941	5.51	-0.0198	495	47	enet	0.22	3.9e-08	-0.27114	0.786
Brain_Amygdala	/media/kame/Data/_workings/resource/GTEv8//GTExv8.EUR.Brain_Amygdala/ENSG00000242616.3.wgt.RDat	ENSG00000242616.3	9	111661334	111661335	0.4674	rs3780520	7.61	rs4979031	0.119212	-5.9	-0.8327	496	36	enet	0.32	1.1e-11	0.91768	0.359
Brain_Amygdala	/media/kame/Data/_workings/resource/GTEv8//GTExv8.EUR.Brain_Amygdala/ENSG00000106868.16.wgt.RDat	ENSG00000106868.16	9	112175407	112175408	0.1712	rs7852336	-8.37	rs12335593	0.073518	-3.66	-2.8468	475	11	enet	0.05	0.0085	2.79524	0.00519
Brain_Amygdala	/media/kame/Data/_workings/resource/GTEv8//GTExv8.EUR.Brain_Amygdala/ENSG00000176386.8.wgt.RDat	ENSG00000176386.8	9	113273437	113273438	0.3224	rs10759611	6.35	rs10817474	0.155819	-4.58	-0.9338	606	4	enet	0.049	0.0089	0.98415	0.325
Brain_Amygdala	/media/kame/Data/_workings/resource/GTEv8//GTExv8.EUR.Brain_Amygdala/ENSG00000106948.16.wgt.RDat	ENSG00000106948.16	9	114394404	114394405	0.3529	rs4979391	6.75	rs1044531	0.086352	3.9	0.1695	673	7	enet	0.039	0.018	0.17158	0.864
Brain_Amygdala	/media/kame/Data/_workings/resource/GTEv8//GTExv8.EUR.Brain_Amygdala/ENSG00000095397.13.wgt.RDat	ENSG00000095397.13	9	114505449	114505450	0.4448	rs11787779	-7.13	rs12339669	0.028988	3.87	1.0251	669	33	enet	0.09	0.00055	-2.90973	0.00362
Brain_Amygdala	/media/kame/Data/_workings/resource/GTEv8//GTExv8.EUR.Brain_Amygdala/ENSG00000233569.1.wgt.RDat	ENSG00000233569.1	9	117648605	117648606	0.1998	rs7034482	11.74	rs1928300	0.073174	3.9	1.3582	577	6	enet	0.047	0.01	1.0907	0.275
Brain_Amygdala	/media/kame/Data/_workings/resource/GTEv8//GTExv8.EUR.Brain_Amygdala/ENSG00000234782.3.wgt.RDat	ENSG00000234782.3	9	118083381	118083382	0.2644	rs7034482	11.74	rs908198	-0.008347	3.55	0.7387	534	31	enet	0.0068	0.18	0.4487	0.654
Brain_Amygdala	/media/kame/Data/_workings/resource/GTEv8//GTExv8.EUR.Brain_Amygdala/ENSG00000226752.9.wgt.RDat	ENSG00000226752.9	9	120824827	120824828	0.9149	rs2269066	4.84	rs4837796	0.793198	9.76	0.9235	350	11	enet	0.8	1.4e-42	1.23587	0.217
Brain_Amygdala	/media/kame/Data/_workings/resource/GTEv8//GTExv8.EUR.Brain_Amygdala/ENSG00000056558.10.wgt.RDat	ENSG00000056558.10	9	120929172	120929173	0.3001	rs2269066	4.84	rs1953126	0.25811	-6.13	-0.3207	339	32	enet	0.23	1.7e-08	0.33092	0.741
Brain_Amygdala	/media/kame/Data/_workings/resource/GTEv8//GTExv8.EUR.Brain_Amygdala/ENSG00000148180.19.wgt.RDat	ENSG00000148180.19	9	121207793	121207794	0.1442	rs2269066	4.84	rs306772	0.123242	4.05	0.4725	410	9	enet	0.026	0.044	0.35388	0.723
Brain_Amygdala	/media/kame/Data/_workings/resource/GTEv8//GTExv8.EUR.Brain_Amygdala/ENSG00000227355.2.wgt.RDat	ENSG00000227355.2	9	121369905	121369906	0.1472	rs2269066	4.84	rs871670	0.11781	-4.33	-0.6632	420	13	enet	0.11	0.00015	0.52333	0.601
Brain_Amygdala	/media/kame/Data/_workings/resource/GTEv8//GTExv8.EUR.Brain_Amygdala/ENSG00000136856.17.wgt.RDat	ENSG00000136856.17	9	127397137	127397138	0.273	rs2779728	4.33	rs11790967	0.160355	-5.04	0.9478	362	23	enet	0.24	6.6e-09	-1.81393	0.0697
Brain_Amygdala	/media/kame/Data/_workings/resource/GTEv8//GTExv8.EUR.Brain_Amygdala/ENSG00000197958.12.wgt.RDat	ENSG00000197958.12	9	127451404	127451405	0.4079	rs2779728	4.33	rs13292096	0.284338	-6.13	-4.1122	361	27	enet	0.26	1.4e-09	3.31005	0.000933
Brain_Amygdala	/media/kame/Data/_workings/resource/GTEv8//GTExv8.EUR.Brain_Amygdala/ENSG00000136908.17.wgt.RDat	ENSG00000136908.17	9	127937881	127937882	0.3433	rs7023913	-4.97	rs7860034	0.144365	5.47	1.2423	344	24	enet	0.19	5.1e-07	0.46059	0.645
Brain_Amygdala	/media/kame/Data/_workings/resource/GTEv8//GTExv8.EUR.Brain_Amygdala/ENSG00000228510.2.wgt.RDat	ENSG00000228510.2	9	128444586	128444587	0.3111	rs7023913	-4.97	rs2807622	0.178353	-5.19	-4.5986	281	24	enet	0.13	2.6e-05	4.40595	1.05e-05
Brain_Amygdala	/media/kame/Data/_workings/resource/GTEv8//GTExv8.EUR.Brain_Amygdala/ENSG00000167136.6.wgt.RDat	ENSG00000167136.6	9	128818473	128818474	0.3818	rs10513496	6.51	rs10819490	0.111094	-3.97	-0.0517	302	9	enet	0.046	0.011	0.24018	0.81
Brain_Amygdala	/media/kame/Data/_workings/resource/GTEv8//GTExv8.EUR.Brain_Amygdala/ENSG00000268707.1.wgt.RDat	ENSG00000268707.1	9	129170433	129170434	0.6499	rs11564100	6.45	rs3118634	0.434819	7.24	-0.054	378	8	enet	0.4	9.7e-15	0.22526	0.822
Brain_Amygdala	/media/kame/Data/_workings/resource/GTEv8//GTExv8.EUR.Brain_Amygdala/ENSG00000148344.10.wgt.RDat	ENSG00000148344.10	9	129753046	129753047	0.3116	rs885345	6.59	rs6478949	-0.00328	3.14	1.2955	467	53	enet	-0.0078	0.76	1.20281	0.229
Brain_Amygdala	/media/kame/Data/_workings/resource/GTEv8//GTExv8.EUR.Brain_Amygdala/ENSG00000165695.9.wgt.RDat	ENSG00000165695.9	9	132878776	132878777	0.4366	rs3739905	-7.74	rs4962220	0.234034	6.09	-0.7836	540	26	enet	0.18	9.6e-07	-0.60859	0.543
Brain_Amygdala	/media/kame/Data/_workings/resource/GTEv8//GTExv8.EUR.Brain_Amygdala/ENSG00000175164.13.wgt.RDat	ENSG00000175164.13	9	133275213	133275214	0.3353	rs1108581	4.78	rs4962113	0.114091	-4.74	0.9008	564	19	enet	0.14	1.7e-05	-1.50044	0.134
Brain_Amygdala	/media/kame/Data/_workings/resource/GTEv8//GTExv8.EUR.Brain_Amygdala/ENSG00000148297.15.wgt.RDat	ENSG00000148297.15	9	133348130	133348131	0.3709	rs1108581	4.78	rs739467	0.121868	-4.25	-0.3484	572	18	enet	0.015	0.096	0.63389	0.526
Brain_Amygdala	/media/kame/Data/_workings/resource/GTEv8//GTExv8.EUR.Brain_Amygdala/ENSG00000148290.9.wgt.RDat	ENSG00000148290.9	9	133356675	133356676	0.6628	rs1108581	4.78	rs3118667	0.29181	6	0.0566	573	33	enet	0.35	1.2e-12	-0.09664	0.923
Brain_Amygdala	/media/kame/Data/_workings/resource/GTEv8//GTExv8.EUR.Brain_Amygdala/ENSG00000160323.18.wgt.RDat	ENSG00000160323.18	9	133414357	133414358	0.2429	rs1108581	4.78	rs28552957	0.20356	5.11	-1.8182	574	11	enet	0.18	1e-06	-0.61584	0.538
Brain_Amygdala	/media/kame/Data/_workings/resource/GTEv8//GTExv8.EUR.Brain_Amygdala/ENSG00000107147.12.wgt.RDat	ENSG00000107147.12	9	135702184	135702185	0.2413	rs10776844	7.69	rs7021888	0.206985	-5.07	0.7954	497	4	enet	0.11	0.00011	-0.82797	0.408
Brain_Amygdala	/media/kame/Data/_workings/resource/GTEv8//GTExv8.EUR.Brain_Amygdala/ENSG00000238058.1.wgt.RDat	ENSG00000238058.1	9	135907811	135907812	0.3147	rs10776844	7.69	rs12336965	0.000324	3.46	0.077	431	53	enet	0.073	0.0018	-1.94794	0.0514
Brain_Amygdala	/media/kame/Data/_workings/resource/GTEv8//GTExv8.EUR.Brain_Amygdala/ENSG00000213221.4.wgt.RDat	ENSG00000213221.4	9	136363788	136363789	0.6728	rs7854618	3.51	rs11145958	0.246049	5.65	-1.4285	372	60	enet	0.16	3.5e-06	-0.28128	0.778
Brain_Amygdala	/media/kame/Data/_workings/resource/GTEv8//GTExv8.EUR.Brain_Amygdala/ENSG00000148384.12.wgt.RDat	ENSG00000148384.12	9	136439822	136439823	0.1871	rs7854618	3.51	rs10870194	0.16069	-4.55	0.1861	367	8	enet	0.075	0.0015	-0.02768	0.978
Brain_Amygdala	/media/kame/Data/_workings/resource/GTEv8//GTExv8.EUR.Brain_Amygdala/ENSG00000177984.6.wgt.RDat	ENSG00000177984.6	9	136766254	136766255	0.6983	rs1142749	-5.38	rs10781516	0.38375	6.95	0.3092	394	27	enet	0.39	1.7e-14	0.66543	0.506
Brain_Amygdala	/media/kame/Data/_workings/resource/GTEv8//GTExv8.EUR.Brain_Amygdala/ENSG00000184925.11.wgt.RDat	ENSG00000184925.11	9	136949550	136949551	0.344	rs1142749	-5.2	rs884218	0.220939	5.77	0.0388	384	14	enet	0.24	8.2e-09	0.20965	0.834
Brain_Amygdala	/media/kame/Data/_workings/resource/GTEv8//GTExv8.EUR.Brain_Amygdala/ENSG00000214402.6.wgt.RDat	ENSG00000214402.6	9	136982992	136982993	0.4599	rs1142749	-5.17	rs4880179	0.308039	6.13	1.0896	377	24	enet	0.26	1.7e-09	1.09283	0.274
Brain_Amygdala	/media/kame/Data/_workings/resource/GTEv8//GTExv8.EUR.Brain_Amygdala/ENSG00000107281.9.wgt.RDat	ENSG00000107281.9	9	137046202	137046203	0.2688	rs1142749	-5.22	rs12337910	0.022668	-3.85	-3.5426	368	19	enet	-0.0044	0.49	2.43931	0.0147
Brain_Amygdala	/media/kame/Data/_workings/resource/GTEv8//GTExv8.EUR.Brain_Amygdala/ENSG00000268996.3.wgt.RDat	ENSG00000268996.3	9	137086816	137086817	0.4058	rs1142749	-5.17	rs1018330	0.351987	6.54	-0.4193	367	7	enet	0.31	2.2e-11	-0.50311	0.615
Brain_Amygdala	/media/kame/Data/_workings/resource/GTEv8//GTExv8.EUR.Brain_Amygdala/ENSG00000177239.14.wgt.RDat	ENSG00000177239.14	9	137086926	137086927	0.2287	rs1142749	-5.17	rs4567	0.09715	-4.51	-0.2279	367	23	enet	0.07	0.0021	-0.60005	0.548
Brain_Amygdala	/media/kame/Data/_workings/resource/GTEv8//GTExv8.EUR.Brain_Amygdala/ENSG00000187609.15.wgt.RDat	ENSG00000187609.15	9	137423261	137423262	0.6106	rs3125786	6.27	rs28488438	0.005532	3.87	-1.8964	358	35	enet	0.17	1.4e-06	0.32742	0.743
Brain_Amygdala	/media/kame/Data/_workings/resource/GTEv8//GTExv8.EUR.Brain_Amygdala/ENSG00000188747.8.wgt.RDat	ENSG00000188747.8	9	137423349	137423350	0.177	rs3125786	6.27	rs9695429	0.05912	3.93	0.9672	358	9	enet	0.064	0.0032	0.97327	0.33
Brain_Amygdala	/media/kame/Data/_workings/resource/GTEv8//GTExv8.EUR.Brain_Amygdala/ENSG00000159247.13.wgt.RDat	ENSG00000159247.13	9	138150074	138150075	0.2068	rs3125786	6.27	rs3750509	0.103389	-4.46	0.6074	183	20	enet	0.11	0.00014	-0.589	0.556
Brain_Amygdala	/media/kame/Data/_workings/resource/GTEv8//GTExv8.EUR.Brain_Amygdala/ENSG00000205696.4.wgt.RDat	ENSG00000205696.4	10	1526636	1526637	0.453	rs11250686	-5.29	rs4440958	0.14096	-4.66	-0.08251	710	22	enet	0.13	4.7e-05	0.87409	0.38207
Brain_Amygdala	/media/kame/Data/_workings/resource/GTEv8//GTExv8.EUR.Brain_Amygdala/ENSG00000237399.7.wgt.RDat	ENSG00000237399.7	10	3141737	3141738	0.444	rs11251582	-6.12	rs7080240	0.06233	-4.32	0.68002	719	22	enet	-0.0016	0.37	-0.78406	0.433
Brain_Amygdala	/media/kame/Data/_workings/resource/GTEv8//GTExv8.EUR.Brain_Amygdala/ENSG00000107959.15.wgt.RDat	ENSG00000107959.15	10	3172840	3172841	0.597	rs11251582	-6.12	rs7078068	0.20286	-5.1	0.23049	727	33	enet	0.19	4.4e-07	-0.38613	0.6994
Brain_Amygdala	/media/kame/Data/_workings/resource/GTEv8//GTExv8.EUR.Brain_Amygdala/ENSG00000187134.13.wgt.RDat	ENSG00000187134.13	10	4963252	4963253	0.389	rs313477	5.34	rs7358080	0.26001	5.69	-0.08156	650	16	enet	0.24	9.8e-09	-0.08825	0.92968
Brain_Amygdala	/media/kame/Data/_workings/resource/GTEv8//GTExv8.EUR.Brain_Amygdala/ENSG00000151632.17.wgt.RDat	ENSG00000151632.17	10	5018030	5018031	0.559	rs313477	5.34	rs12774134	0.27219	5.79	0.33592	647	37	enet	0.3	7.1e-11	0.18108	0.8563
Brain_Amygdala	/media/kame/Data/_workings/resource/GTEv8//GTExv8.EUR.Brain_Amygdala/ENSG00000196139.13.wgt.RDat	ENSG00000196139.13	10	5035353	5035354	0.251	rs313477	5.34	rs11252934	-0.00751	3.76	-0.01306	646	8	enet	-0.0064	0.61	0.12869	0.8976
Brain_Amygdala	/media/kame/Data/_workings/resource/GTEv8//GTExv8.EUR.Brain_Amygdala/ENSG00000232807.2.wgt.RDat	ENSG00000232807.2	10	5945899	5945900	0.271	rs626344	5.87	rs670856	0.07545	-4.32	2.74836	710	11	enet	-0.00094	0.35	-2.57128	0.01013
Brain_Amygdala	/media/kame/Data/_workings/resource/GTEv8//GTExv8.EUR.Brain_Amygdala/ENSG00000165632.7.wgt.RDat	ENSG00000165632.7	10	7818503	7818504	0.217	rs10795560	-5.29	rs1244471	0.01659	-3.67	0.2994	621	16	enet	-0.0054	0.55	-1.42572	0.15395
Brain_Amygdala	/media/kame/Data/_workings/resource/GTEv8//GTExv8.EUR.Brain_Amygdala/ENSG00000225383.7.wgt.RDat	ENSG00000225383.7	10	10794979	10794980	0.376	rs12355025	-7.48	rs9424096	0.04532	4.48	-0.78056	645	37	enet	0.14	1.3e-05	1.14093	0.2539
Brain_Amygdala	/media/kame/Data/_workings/resource/GTEv8//GTExv8.EUR.Brain_Amygdala/ENSG00000134463.14.wgt.RDat	ENSG00000134463.14	10	11742365	11742366	0.656	rs10795892	4.04	rs11597793	0.01701	4.62	-0.0452	470	29	enet	0.31	2.6e-11	-1.81329	0.06979
Brain_Amygdala	/media/kame/Data/_workings/resource/GTEv8//GTExv8.EUR.Brain_Amygdala/ENSG00000165609.12.wgt.RDat	ENSG00000165609.12	10	12195963	12195964	0.331	rs10752269	4.27	rs6602563	0.04732	-3.98	-0.07171	520	30	enet	0.027	0.042	1.14849	0.25077
Brain_Amygdala	/media/kame/Data/_workings/resource/GTEv8//GTExv8.EUR.Brain_Amygdala/ENSG00000148484.17.wgt.RDat	ENSG00000148484.17	10	16817527	16817528	0.303	rs11254160	-7.87	rs10904820	0.11904	4.29	2.77252	645	23	enet	0.045	0.011	2.21192	0.02697
Brain_Amygdala	/media/kame/Data/_workings/resource/GTEv8//GTExv8.EUR.Brain_Amygdala/ENSG00000226083.5.wgt.RDat	ENSG00000226083.5	10	18010561	18010562	0.358	rs7477742	-10.63	rs12570727	0.15717	4.97	0.26887	534	11	enet	0.12	6.4e-05	0.2555	0.79834
Brain_Amygdala	/media/kame/Data/_workings/resource/GTEv8//GTExv8.EUR.Brain_Amygdala/ENSG00000165995.18.wgt.RDat	ENSG00000165995.18	10	18140676	18140677	0.221	rs7477742	-10.63	rs1779217	-0.00838	3.12	1.13295	514	31	enet	0.0043	0.22	0.31923	0.74955
Brain_Amygdala	/media/kame/Data/_workings/resource/GTEv8//GTExv8.EUR.Brain_Amygdala/ENSG00000225527.1.wgt.RDat	ENSG00000225527.1	10	18533335	18533336	0.328	rs7477742	-10.63	rs7895467	0.08023	-4.48	1.45826	591	19	enet	0.099	3e-04	-0.39775	0.69082
Brain_Amygdala	/media/kame/Data/_workings/resource/GTEv8//GTExv8.EUR.Brain_Amygdala/ENSG00000240291.1.wgt.RDat	ENSG00000240291.1	10	18545559	18545560	0.329	rs7477742	-10.63	rs10741127	0.18365	5.1	-1.09446	589	8	enet	0.19	4.5e-07	0.2786	0.78055
Brain_Amygdala	/media/kame/Data/_workings/resource/GTEv8//GTExv8.EUR.Brain_Amygdala/ENSG00000241058.3.wgt.RDat	ENSG00000241058.3	10	18659284	18659285	0.289	rs7477742	-10.63	rs4636555	0.16246	-5.14	0.68553	577	10	enet	0.19	5.5e-07	-0.51162	0.60891
Brain_Amygdala	/media/kame/Data/_workings/resource/GTEv8//GTExv8.EUR.Brain_Amygdala/ENSG00000150867.13.wgt.RDat	ENSG00000150867.13	10	22714554	22714555	0.194	rs7898656	-3.38	rs7899156	0.1048	-4.02	0.2617	336	8	enet	0.027	0.041	-0.34763	0.72812
Brain_Amygdala	/media/kame/Data/_workings/resource/GTEv8//GTExv8.EUR.Brain_Amygdala/ENSG00000179133.12.wgt.RDat	ENSG00000179133.12	10	23343955	23343956	0.168	rs12769114	-3.64	rs11593034	-0.00167	3.86	-0.55556	344	18	enet	0.043	0.014	0.6751	0.49961
Brain_Amygdala	/media/kame/Data/_workings/resource/GTEv8//GTExv8.EUR.Brain_Amygdala/ENSG00000283709.1.wgt.RDat	ENSG00000283709.1	10	26944417	26944418	0.332	rs1748329	4.96	rs9703520	0.1958	5.44	-3.40897	442	12	enet	0.17	2.3e-06	-2.32848	0.01989
Brain_Amygdala	/media/kame/Data/_workings/resource/GTEv8//GTExv8.EUR.Brain_Amygdala/ENSG00000120539.14.wgt.RDat	ENSG00000120539.14	10	27155266	27155267	0.278	rs1748329	4.96	rs7087082	0.17179	-5.1	-0.44757	450	44	enet	0.11	1e-04	0.20447	0.83798
Brain_Amygdala	/media/kame/Data/_workings/resource/GTEv8//GTExv8.EUR.Brain_Amygdala/ENSG00000224597.9.wgt.RDat	ENSG00000224597.9	10	29409401	29409402	0.574	rs7089591	-5.68	rs10082484	0.16806	5.62	-0.32849	714	33	enet	0.12	5.4e-05	-0.82777	0.4078
Brain_Amygdala	/media/kame/Data/_workings/resource/GTEv8//GTExv8.EUR.Brain_Amygdala/ENSG00000107951.14.wgt.RDat	ENSG00000107951.14	10	30374447	30374448	0.34	rs623635	-6.05	rs2480296	-0.00715	-4.07	0.13692	598	21	enet	0.036	0.022	0.41631	0.67719
Brain_Amygdala	/media/kame/Data/_workings/resource/GTEv8//GTExv8.EUR.Brain_Amygdala/ENSG00000233200.1.wgt.RDat	ENSG00000233200.1	10	35230597	35230598	0.231	rs9787643	-6.12	rs2474528	0.12991	4.7	-1.82731	302	10	enet	0.15	8.7e-06	-1.74431	0.0811
Brain_Amygdala	/media/kame/Data/_workings/resource/GTEv8//GTExv8.EUR.Brain_Amygdala/ENSG00000271335.5.wgt.RDat	ENSG00000271335.5	10	35336400	35336401	0.335	rs9787643	-6.12	rs7901241	0.19351	5.24	-1.90998	322	38	enet	0.16	2.9e-06	-1.13408	0.25676
Brain_Amygdala	/media/kame/Data/_workings/resource/GTEv8//GTExv8.EUR.Brain_Amygdala/ENSG00000175395.15.wgt.RDat	ENSG00000175395.15	10	37976632	37976633	0.216	rs7101183	-3.93	rs6482044	0.02362	3.7	-0.03624	263	46	enet	0.044	0.012	-1.45517	0.14562
Brain_Amygdala	/media/kame/Data/_workings/resource/GTEv8//GTExv8.EUR.Brain_Amygdala/ENSG00000272983.1.wgt.RDat	ENSG00000272983.1	10	38137336	38137337	0.605	rs7101183	-3.93	rs17587699	0.06721	-4.93	0.30701	204	29	enet	0.29	1.3e-10	0.34035	0.7336
Brain_Amygdala	/media/kame/Data/_workings/resource/GTEv8//GTExv8.EUR.Brain_Amygdala/ENSG00000215146.4.wgt.RDat	ENSG00000215146.4	10	42367973	42367974	0.555	rs11239623	5.13	rs7086623	0.39786	7.42	-0.17243	183	23	enet	0.45	6.1e-17	0.06128	0.95113
Brain_Amygdala	/media/kame/Data/_workings/resource/GTEv8//GTExv8.EUR.Brain_Amygdala/ENSG00000182632.15.wgt.RDat	ENSG00000182632.15	10	42475348	42475349	0.218	rs788247	-4.53	rs1255411	0.0699	4.32	2.20738	237	15	enet	0.11	0.00019	0.20613	0.83669
Brain_Amygdala	/media/kame/Data/_workings/resource/GTEv8//GTExv8.EUR.Brain_Amygdala/ENSG00000185904.11.wgt.RDat	ENSG00000185904.11	10	42475542	42475543	0.148	rs788247	-4.53	rs1255411	0.00565	3.61	2.20738	237	7	enet	0.0044	0.22	0.63846	0.52318
Brain_Amygdala	/media/kame/Data/_workings/resource/GTEv8//GTExv8.EUR.Brain_Amygdala/ENSG00000196693.14.wgt.RDat	ENSG00000196693.14	10	42638552	42638553	0.157	rs788247	-4.53	rs603671	0.09906	3.75	0.05414	316	15	enet	0.00022	0.31	-0.51276	0.60812
Brain_Amygdala	/media/kame/Data/_workings/resource/GTEv8//GTExv8.EUR.Brain_Amygdala/ENSG00000169826.7.wgt.RDat	ENSG00000169826.7	10	43138485	43138486	0.448	rs788247	-4.53	rs1254968	0.37378	6.93	0.50119	389	26	enet	0.41	2.2e-15	0.13776	0.89043
Brain_Amygdala	/media/kame/Data/_workings/resource/GTEv8//GTExv8.EUR.Brain_Amygdala/ENSG00000230555.2.wgt.RDat	ENSG00000230555.2	10	43420737	43420738	0.385	rs2460540	-3.91	rs2261637	0.1454	-5.55	-0.89237	447	33	enet	0.23	2.3e-08	-0.09001	0.92828
Brain_Amygdala	/media/kame/Data/_workings/resource/GTEv8//GTExv8.EUR.Brain_Amygdala/ENSG00000172661.17.wgt.RDat	ENSG00000172661.17	10	45727231	45727232	0.661	rs17441991	4.39	rs10793621	-0.00276	3.63	-1.9491	220	52	enet	0.22	3.1e-08	-0.75408	0.4508
Brain_Amygdala	/media/kame/Data/_workings/resource/GTEv8//GTExv8.EUR.Brain_Amygdala/ENSG00000265018.6.wgt.RDat	ENSG00000265018.6	10	48031639	48031640	0.491	rs7898026	5.16	rs769008	0.05723	-4.1	0.00299	167	31	enet	0.13	4.4e-05	0.01561	0.98754
Brain_Amygdala	/media/kame/Data/_workings/resource/GTEv8//GTExv8.EUR.Brain_Amygdala/ENSG00000170324.20.wgt.RDat	ENSG00000170324.20	10	48274869	48274870	0.388	rs7898026	5.16	rs11101268	-0.00855	-3.43	0.46254	340	52	enet	0.072	0.0018	-0.9186	0.35831
Brain_Amygdala	/media/kame/Data/_workings/resource/GTEv8//GTExv8.EUR.Brain_Amygdala/ENSG00000165633.12.wgt.RDat	ENSG00000165633.12	10	49115508	49115509	0.404	rs2229760	6.69	rs2244967	0.0245	-4.18	0.64425	608	81	enet	0.015	0.099	-0.13701	0.89102
Brain_Amygdala	/media/kame/Data/_workings/resource/GTEv8//GTExv8.EUR.Brain_Amygdala/ENSG00000204152.10.wgt.RDat	ENSG00000204152.10	10	49942032	49942033	0.397	rs2229760	6.69	rs4838566	0.28575	5.94	2.93222	342	9	enet	0.22	4e-08	2.88073	0.00397
Brain_Amygdala	/media/kame/Data/_workings/resource/GTEv8//GTExv8.EUR.Brain_Amygdala/ENSG00000188611.14.wgt.RDat	ENSG00000188611.14	10	50248609	50248610	0.742	rs717721	5.23	rs4497350	0.45874	-7.76	0.32654	297	20	enet	0.48	9.2e-19	-1.08535	0.27777
Brain_Amygdala	/media/kame/Data/_workings/resource/GTEv8//GTExv8.EUR.Brain_Amygdala/ENSG00000226200.6.wgt.RDat	ENSG00000226200.6	10	50624986	50624987	0.172	rs11006233	-4.75	rs7904101	0.03906	3.79	-0.992	405	31	enet	0.015	0.098	-1.17856	0.23858
Brain_Amygdala	/media/kame/Data/_workings/resource/GTEv8//GTExv8.EUR.Brain_Amygdala/ENSG00000185532.15.wgt.RDat	ENSG00000185532.15	10	50991357	50991358	0.338	rs11006233	-4.75	rs7893773	0.05975	-4.66	-0.0357	450	28	enet	0.096	0.00036	0.70658	0.47982
Brain_Amygdala	/media/kame/Data/_workings/resource/GTEv8//GTExv8.EUR.Brain_Amygdala/ENSG00000122870.11.wgt.RDat	ENSG00000122870.11	10	58513139	58513140	0.301	rs11006049	4.74	rs7069916	0.0646	3.86	0.12073	398	35	enet	0.08	0.0011	3.09784	0.00195
Brain_Amygdala	/media/kame/Data/_workings/resource/GTEv8//GTExv8.EUR.Brain_Amygdala/ENSG00000183346.6.wgt.RDat	ENSG00000183346.6	10	61662960	61662961	0.404	rs4979770	5.67	rs2068755	0.1565	5.39	-1.09564	423	41	enet	0.12	4.8e-05	-2.55512	0.01062
Brain_Amygdala	/media/kame/Data/_workings/resource/GTEv8//GTExv8.EUR.Brain_Amygdala/ENSG00000138311.15.wgt.RDat	ENSG00000138311.15	10	62374191	62374192	0.34	rs4979770	5.67	rs2138561	0.00968	3.64	-0.90714	444	11	enet	0.01	0.14	-1.47178	0.14108
Brain_Amygdala	/media/kame/Data/_workings/resource/GTEv8//GTExv8.EUR.Brain_Amygdala/ENSG00000228065.10.wgt.RDat	ENSG00000228065.10	10	65570337	65570338	0.269	rs1579155	-6.51	rs7094716	0.00516	4.24	0.55198	544	37	enet	0.024	0.052	0.44392	0.6571
Brain_Amygdala	/media/kame/Data/_workings/resource/GTEv8//GTExv8.EUR.Brain_Amygdala/ENSG00000183230.16.wgt.RDat	ENSG00000183230.16	10	67696168	67696169	0.18	rs7099961	-7.59	rs10823136	0.11568	-4.91	-0.05683	324	20	enet	0.095	0.00038	1.18249	0.23701
Brain_Amygdala	/media/kame/Data/_workings/resource/GTEv8//GTExv8.EUR.Brain_Amygdala/ENSG00000272892.1.wgt.RDat	ENSG00000272892.1	10	67849524	67849525	0.182	rs7099961	-7.59	rs7083570	0.06334	-3.89	-4.4023	362	19	enet	0.072	0.0019	2.84493	0.00444
Brain_Amygdala	/media/kame/Data/_workings/resource/GTEv8//GTExv8.EUR.Brain_Amygdala/ENSG00000108187.15.wgt.RDat	ENSG00000108187.15	10	68333048	68333049	0.218	rs4379726	-6.86	rs731063	0.22768	5.62	0.75084	380	23	enet	0.19	3.6e-07	0.75093	0.45269
Brain_Amygdala	/media/kame/Data/_workings/resource/GTEv8//GTExv8.EUR.Brain_Amygdala/ENSG00000138346.14.wgt.RDat	ENSG00000138346.14	10	68472120	68472121	0.442	rs534611	-6.31	rs12219699	0.35876	-6.85	-2.20225	382	33	enet	0.33	5.6e-12	3.10041	0.00193
Brain_Amygdala	/media/kame/Data/_workings/resource/GTEv8//GTExv8.EUR.Brain_Amygdala/ENSG00000099282.9.wgt.RDat	ENSG00000099282.9	10	69451472	69451473	0.372	rs10823277	-4.58	rs972570	0.05094	4.6	0.66152	711	31	enet	0.056	0.0055	0.15818	0.87431
Brain_Amygdala	/media/kame/Data/_workings/resource/GTEv8//GTExv8.EUR.Brain_Amygdala/ENSG00000079332.14.wgt.RDat	ENSG00000079332.14	10	70170522	70170523	0.263	rs885821	-5.84	rs15801	0.18563	4.96	0.09202	697	9	enet	0.15	9.5e-06	-0.10458	0.91671
Brain_Amygdala	/media/kame/Data/_workings/resource/GTEv8//GTExv8.EUR.Brain_Amygdala/ENSG00000138316.10.wgt.RDat	ENSG00000138316.10	10	70672802	70672803	0.473	rs10823679	-8.2	rs681286	0.22503	-5.76	-0.08127	676	30	enet	0.24	1.2e-08	0.54379	0.58658
Brain_Amygdala	/media/kame/Data/_workings/resource/GTEv8//GTExv8.EUR.Brain_Amygdala/ENSG00000166321.13.wgt.RDat	ENSG00000166321.13	10	73110374	73110375	0.212	rs4746136	1.43	rs6480664	0.09633	-3.91	-0.21605	216	83	enet	0.073	0.0017	0.45634	0.64814
Brain_Amygdala	/media/kame/Data/_workings/resource/GTEv8//GTExv8.EUR.Brain_Amygdala/ENSG00000156113.22.wgt.RDat	ENSG00000156113.22	10	77638368	77638369	0.396	rs1866593	-5.38	rs2673485	0.04424	3.97	0.0648	525	25	enet	0.03	0.033	-0.00115	0.99908
Brain_Amygdala	/media/kame/Data/_workings/resource/GTEv8//GTExv8.EUR.Brain_Amygdala/ENSG00000188199.10.wgt.RDat	ENSG00000188199.10	10	79703226	79703227	0.282	rs2802372	-4.51	rs10885307	0.33389	-6.5	1.28654	323	4	enet	0.27	7.1e-10	-0.91842	0.3584
Brain_Amygdala	/media/kame/Data/_workings/resource/GTEv8//GTExv8.EUR.Brain_Amygdala/ENSG00000225484.6.wgt.RDat	ENSG00000225484.6	10	79825781	79825782	0.607	rs1885553	-4.48	rs10887336	0.18113	-4.99	0.02308	318	33	enet	0.21	1.2e-07	-0.49502	0.62059
Brain_Amygdala	/media/kame/Data/_workings/resource/GTEv8//GTExv8.EUR.Brain_Amygdala/ENSG00000272447.1.wgt.RDat	ENSG00000272447.1	10	79825901	79825902	0.241	rs1885553	-4.48	rs2819096	0.0275	-3.78	-1.50257	318	18	enet	0.12	7.8e-05	0.8403	0.40074
Brain_Amygdala	/media/kame/Data/_workings/resource/GTEv8//GTExv8.EUR.Brain_Amygdala/ENSG00000228570.7.wgt.RDat	ENSG00000228570.7	10	79841357	79841358	0.573	rs1885553	-4.48	rs10885307	0.36141	6.89	1.795	316	4	enet	0.42	1e-15	1.19992	0.23017
Brain_Amygdala	/media/kame/Data/_workings/resource/GTEv8//GTExv8.EUR.Brain_Amygdala/ENSG00000242600.8.wgt.RDat	ENSG00000242600.8	10	79920177	79920178	0.204	rs1885553	-4.48	rs7072068	0.21269	5.1	-0.83164	302	9	enet	0.15	9.1e-06	-0.20838	0.83493
Brain_Amygdala	/media/kame/Data/_workings/resource/GTEv8//GTExv8.EUR.Brain_Amygdala/ENSG00000133661.15.wgt.RDat	ENSG00000133661.15	10	79982613	79982614	0.501	rs1885553	-4.48	rs10788338	0.36452	-6.69	-1.55211	305	16	enet	0.33	6.7e-12	1.71163	0.08697
Brain_Amygdala	/media/kame/Data/_workings/resource/GTEv8//GTExv8.EUR.Brain_Amygdala/ENSG00000189129.13.wgt.RDat	ENSG00000189129.13	10	80131681	80131682	0.178	rs1885553	-4.48	rs751740	0.15113	-4.88	-0.58298	402	18	enet	0.11	0.00016	0.5441	0.58637
Brain_Amygdala	/media/kame/Data/_workings/resource/GTEv8//GTExv8.EUR.Brain_Amygdala/ENSG00000122359.17.wgt.RDat	ENSG00000122359.17	10	80205571	80205572	0.273	rs1885553	-4.48	rs3748242	0.22107	-5.27	-0.03304	450	12	enet	0.14	2.1e-05	-0.07224	0.94241
Brain_Amygdala	/media/kame/Data/_workings/resource/GTEv8//GTExv8.EUR.Brain_Amygdala/ENSG00000271933.1.wgt.RDat	ENSG00000271933.1	10	84140581	84140582	0.284	rs1209474	-6.89	rs17329709	0.0062	-3.17	-2.64997	549	53	enet	0.058	0.0047	1.51155	0.13065
Brain_Amygdala	/media/kame/Data/_workings/resource/GTEv8//GTExv8.EUR.Brain_Amygdala/ENSG00000148600.14.wgt.RDat	ENSG00000148600.14	10	84194634	84194635	0.486	rs1209474	-6.89	rs7922232	-0.00318	-4.34	0.18541	535	33	enet	0.05	0.0084	-0.18313	0.85469
Brain_Amygdala	/media/kame/Data/_workings/resource/GTEv8//GTExv8.EUR.Brain_Amygdala/ENSG00000148604.13.wgt.RDat	ENSG00000148604.13	10	84245052	84245053	0.58	rs1209474	-6.89	rs10736319	0.40499	6.96	-0.25834	528	22	enet	0.37	1.1e-13	0.15416	0.87748
Brain_Amygdala	/media/kame/Data/_workings/resource/GTEv8//GTExv8.EUR.Brain_Amygdala/ENSG00000122375.11.wgt.RDat	ENSG00000122375.11	10	86654556	86654557	0.343	rs12357176	4.55	rs3740332	0.20875	-5.58	0.26917	389	16	enet	0.14	1.2e-05	-0.64872	0.51652
Brain_Amygdala	/media/kame/Data/_workings/resource/GTEv8//GTExv8.EUR.Brain_Amygdala/ENSG00000026103.21.wgt.RDat	ENSG00000026103.21	10	88990581	88990582	0.57	rs7908760	-5.23	rs3740286	0.24932	-6.03	0.01189	556	8	enet	0.28	2.7e-10	0.3414	0.7328
Brain_Amygdala	/media/kame/Data/_workings/resource/GTEv8//GTExv8.EUR.Brain_Amygdala/ENSG00000152778.8.wgt.RDat	ENSG00000152778.8	10	89414585	89414586	0.451	rs7908760	-5.23	rs304493	0.16157	-5.18	0.05944	551	8	enet	0.14	2.1e-05	-0.09195	0.92673
Brain_Amygdala	/media/kame/Data/_workings/resource/GTEv8//GTExv8.EUR.Brain_Amygdala/ENSG00000232229.5.wgt.RDat	ENSG00000232229.5	10	89829509	89829510	0.628	rs17387573	-4.49	rs1125326	0.38701	6.89	-0.5363	486	17	enet	0.23	1.9e-08	0.21594	0.82904
Brain_Amygdala	/media/kame/Data/_workings/resource/GTEv8//GTExv8.EUR.Brain_Amygdala/ENSG00000228701.1.wgt.RDat	ENSG00000228701.1	10	91798290	91798291	0.516	rs1891275	-7.68	rs7085519	0.42527	7.32	0.88419	304	32	enet	0.41	3e-15	0.63772	0.52365
Brain_Amygdala	/media/kame/Data/_workings/resource/GTEv8//GTExv8.EUR.Brain_Amygdala/ENSG00000236493.2.wgt.RDat	ENSG00000236493.2	10	92669742	92669743	0.279	rs11186852	5.73	rs6583826	0.03923	-3.85	-0.03633	389	26	enet	0.071	0.002	-1.6915	0.09074
Brain_Amygdala	/media/kame/Data/_workings/resource/GTEv8//GTExv8.EUR.Brain_Amygdala/ENSG00000187553.8.wgt.RDat	ENSG00000187553.8	10	93060807	93060808	0.204	rs2497322	3.6	rs11596160	0.04019	-4.67	0.37205	524	18	enet	0.074	0.0016	0.58889	0.55593
Brain_Amygdala	/media/kame/Data/_workings/resource/GTEv8//GTExv8.EUR.Brain_Amygdala/ENSG00000138207.13.wgt.RDat	ENSG00000138207.13	10	93601743	93601744	0.364	rs8181419	-5.84	rs11187545	0.0649	4.18	-0.18697	547	25	enet	0.091	0.00052	1.08795	0.27662
Brain_Amygdala	/media/kame/Data/_workings/resource/GTEv8//GTExv8.EUR.Brain_Amygdala/ENSG00000148690.11.wgt.RDat	ENSG00000148690.11	10	93702571	93702572	0.546	rs8181419	-5.84	rs11187580	0.1899	6.48	0.16074	522	34	enet	0.3	5.2e-11	-0.67073	0.50239
Brain_Amygdala	/media/kame/Data/_workings/resource/GTEv8//GTExv8.EUR.Brain_Amygdala/ENSG00000173145.11.wgt.RDat	ENSG00000173145.11	10	94362958	94362959	0.308	rs12217597	4.98	rs11187830	0.06522	4.45	-0.26668	329	29	enet	0.098	0.00031	1.24432	0.21338
Brain_Amygdala	/media/kame/Data/_workings/resource/GTEv8//GTExv8.EUR.Brain_Amygdala/ENSG00000138115.13.wgt.RDat	ENSG00000138115.13	10	95069496	95069497	0.215	rs7921420	-7.05	rs7917500	0.15002	4.52	0.69288	485	15	enet	0.13	4.2e-05	0.06547	0.9478
Brain_Amygdala	/media/kame/Data/_workings/resource/GTEv8//GTExv8.EUR.Brain_Amygdala/ENSG00000171160.17.wgt.RDat	ENSG00000171160.17	10	97633499	97633500	0.417	rs4919096	-12.39	rs10786360	0.15419	-5.46	1.48203	466	9	enet	0.15	9.7e-06	-1.42074	0.15539
Brain_Amygdala	/media/kame/Data/_workings/resource/GTEv8//GTExv8.EUR.Brain_Amygdala/ENSG00000119943.12.wgt.RDat	ENSG00000119943.12	10	98415183	98415184	0.598	rs508001	4.06	rs6584192	0.43022	7.37	0.62088	486	21	enet	0.44	1.4e-16	0.73066	0.46499
Brain_Amygdala	/media/kame/Data/_workings/resource/GTEv8//GTExv8.EUR.Brain_Amygdala/ENSG00000260475.1.wgt.RDat	ENSG00000260475.1	10	99621054	99621055	0.267	rs2490287	-5.34	rs11190196	0.00128	3.37	-0.74519	437	6	enet	0.032	0.029	-0.96703	0.33353
Brain_Amygdala	/media/kame/Data/_workings/resource/GTEv8//GTExv8.EUR.Brain_Amygdala/ENSG00000095485.16.wgt.RDat	ENSG00000095485.16	10	100267679	100267680	0.337	rs9888058	-5.1	rs11597086	0.27227	5.79	-2.84254	399	6	enet	0.2	2.4e-07	-3.02572	0.00248
Brain_Amygdala	/media/kame/Data/_workings/resource/GTEv8//GTExv8.EUR.Brain_Amygdala/ENSG00000196072.11.wgt.RDat	ENSG00000196072.11	10	100286711	100286712	0.408	rs9888058	-5.1	rs7912400	0.11075	-5.42	-1.14135	408	16	enet	0.18	9.7e-07	1.03769	0.29941
Brain_Amygdala	/media/kame/Data/_workings/resource/GTEv8//GTExv8.EUR.Brain_Amygdala/ENSG00000272572.1.wgt.RDat	ENSG00000272572.1	10	100912567	100912568	0.27	rs807051	-6.75	rs10883566	0.15037	4.64	-0.75526	423	19	enet	0.099	0.00029	-0.63484	0.52553
Brain_Amygdala	/media/kame/Data/_workings/resource/GTEv8//GTExv8.EUR.Brain_Amygdala/ENSG00000055950.16.wgt.RDat	ENSG00000055950.16	10	100987365	100987366	0.322	rs807051	-6.75	rs3802724	0.04639	3.89	-0.00201	419	40	enet	-0.0017	0.37	0.81452	0.41535
Brain_Amygdala	/media/kame/Data/_workings/resource/GTEv8//GTExv8.EUR.Brain_Amygdala/ENSG00000107833.10.wgt.RDat	ENSG00000107833.10	10	101783412	101783413	0.153	rs10883688	6.05	rs4919599	0.08325	4.08	1.8929	259	10	enet	0.025	0.049	0.35716	0.72097
Brain_Amygdala	/media/kame/Data/_workings/resource/GTEv8//GTExv8.EUR.Brain_Amygdala/ENSG00000107859.9.wgt.RDat	ENSG00000107859.9	10	102241473	102241474	0.177	rs10883688	6.05	rs17707508	0.02569	3.33	0.6827	296	27	enet	0.11	0.00012	0.06316	0.94964
Brain_Amygdala	/media/kame/Data/_workings/resource/GTEv8//GTExv8.EUR.Brain_Amygdala/ENSG00000269609.5.wgt.RDat	ENSG00000269609.5	10	102449816	102449817	0.358	rs10883782	8.04	rs2282295	0.18352	5.31	1.68705	339	34	enet	0.3	4.6e-11	-1.08649	0.27726
Brain_Amygdala	/media/kame/Data/_workings/resource/GTEv8//GTExv8.EUR.Brain_Amygdala/ENSG00000138107.12.wgt.RDat	ENSG00000138107.12	10	102502710	102502711	0.174	rs10883782	8.04	rs11593526	0.06796	4.24	-1.81828	333	41	enet	-0.0024	0.4	-1.24226	0.21414
Brain_Amygdala	/media/kame/Data/_workings/resource/GTEv8//GTExv8.EUR.Brain_Amygdala/ENSG00000166275.15.wgt.RDat	ENSG00000166275.15	10	102854222	102854223	0.212	rs10883782	8.04	rs9527	0.20775	-5.1	0.80957	344	21	enet	0.11	1e-04	-2.06419	0.039
Brain_Amygdala	/media/kame/Data/_workings/resource/GTEv8//GTExv8.EUR.Brain_Amygdala/ENSG00000214435.7.wgt.RDat	ENSG00000214435.7	10	102869515	102869516	0.423	rs10883782	8.04	rs4919690	0.23596	-5.62	0.96846	344	21	enet	0.17	2.6e-06	-1.81719	0.06919
Brain_Amygdala	/media/kame/Data/_workings/resource/GTEv8//GTExv8.EUR.Brain_Amygdala/ENSG00000065621.14.wgt.RDat	ENSG00000065621.14	10	104268872	104268873	0.314	rs11599236	6.11	rs156697	0.28245	-6.16	-1.17998	408	11	enet	0.27	1.3e-09	0.89551	0.37051
Brain_Amygdala	/media/kame/Data/_workings/resource/GTEv8//GTExv8.EUR.Brain_Amygdala/ENSG00000228261.1.wgt.RDat	ENSG00000228261.1	10	104323368	104323369	0.25	rs11599236	6.11	rs4925	0.2011	-5.79	-0.3241	417	21	enet	0.19	3.2e-07	1.11816	0.2635
Brain_Amygdala	/media/kame/Data/_workings/resource/GTEv8//GTExv8.EUR.Brain_Amygdala/ENSG00000119913.4.wgt.RDat	ENSG00000119913.4	10	112283734	112283735	0.413	rs17129806	-3.11	rs17672268	0.31731	6.19	-0.04005	453	44	enet	0.24	1.2e-08	-0.43844	0.66107
Brain_Amygdala	/media/kame/Data/_workings/resource/GTEv8//GTExv8.EUR.Brain_Amygdala/ENSG00000232934.7.wgt.RDat	ENSG00000232934.7	10	112420006	112420007	0.612	rs17129806	-3.11	rs7904918	0.17888	5.15	-0.74196	456	51	enet	0.1	0.00028	0.28456	0.77598
Brain_Amygdala	/media/kame/Data/_workings/resource/GTEv8//GTExv8.EUR.Brain_Amygdala/ENSG00000023041.11.wgt.RDat	ENSG00000023041.11	10	112446916	112446917	0.306	rs17129806	-3.11	rs2277205	0.07193	-4.52	-0.00284	444	12	enet	0.089	0.00059	-0.37189	0.70997
Brain_Amygdala	/media/kame/Data/_workings/resource/GTEv8//GTExv8.EUR.Brain_Amygdala/ENSG00000165806.19.wgt.RDat	ENSG00000165806.19	10	113679161	113679162	0.572	rs3127080	-4.88	rs3127094	0.16939	4.84	-0.09425	596	43	enet	0.24	7.3e-09	-0.50914	0.61065
Brain_Amygdala	/media/kame/Data/_workings/resource/GTEv8//GTExv8.EUR.Brain_Amygdala/ENSG00000151892.14.wgt.RDat	ENSG00000151892.14	10	116273466	116273467	0.358	rs180620	6	rs10787635	0.16329	-5.76	0.28781	526	9	enet	0.16	2.9e-06	-1.20201	0.22936
Brain_Amygdala	/media/kame/Data/_workings/resource/GTEv8//GTExv8.EUR.Brain_Amygdala/ENSG00000165650.11.wgt.RDat	ENSG00000165650.11	10	117375466	117375467	0.299	rs181676	5.65	rs10377	0.01994	-4.19	-0.35514	536	24	enet	0.053	0.0067	-0.03616	0.97115
Brain_Amygdala	/media/kame/Data/_workings/resource/GTEv8//GTExv8.EUR.Brain_Amygdala/ENSG00000183605.16.wgt.RDat	ENSG00000183605.16	10	119165666	119165667	0.629	rs494469	-4.74	rs10749291	0.48202	7.68	0.70482	486	15	enet	0.47	5.8e-18	0.08347	0.93348
Brain_Amygdala	/media/kame/Data/_workings/resource/GTEv8//GTExv8.EUR.Brain_Amygdala/ENSG00000227165.7.wgt.RDat	ENSG00000227165.7	10	120851173	120851174	0.55	rs10788079	-4.29	rs10886800	0.17427	-5.26	0.18766	646	75	enet	0.28	4.8e-10	1.68773	0.09146
Brain_Amygdala	/media/kame/Data/_workings/resource/GTEv8//GTExv8.EUR.Brain_Amygdala/ENSG00000120008.15.wgt.RDat	ENSG00000120008.15	10	120851345	120851346	0.295	rs10788079	-4.29	rs11199598	0.19911	-5.4	-0.25515	646	25	enet	0.16	5.4e-06	-0.18051	0.85675
Brain_Amygdala	/media/kame/Data/_workings/resource/GTEv8//GTExv8.EUR.Brain_Amygdala/ENSG00000226864.2.wgt.RDat	ENSG00000226864.2	10	121928311	121928312	0.741	rs4751881	-5.37	rs6585775	0.19356	-5.89	-1.1102	629	30	enet	0.26	1.8e-09	0.0248	0.98021
Brain_Amygdala	/media/kame/Data/_workings/resource/GTEv8//GTExv8.EUR.Brain_Amygdala/ENSG00000276742.1.wgt.RDat	ENSG00000276742.1	10	121956781	121956782	0.524	rs4751881	-5.37	rs6585776	0.11444	-5.27	0.37068	615	33	enet	0.28	3.3e-10	-0.28247	0.77758
Brain_Amygdala	/media/kame/Data/_workings/resource/GTEv8//GTExv8.EUR.Brain_Amygdala/ENSG00000273891.1.wgt.RDat	ENSG00000273891.1	10	121965763	121965764	0.544	rs4751881	-5.37	rs7913538	0.13386	-5.12	0.85337	610	27	enet	0.07	0.0021	0.12387	0.90142
Brain_Amygdala	/media/kame/Data/_workings/resource/GTEv8//GTExv8.EUR.Brain_Amygdala/ENSG00000107902.13.wgt.RDat	ENSG00000107902.13	10	124461833	124461834	0.184	rs10899	5.79	rs11245267	0.02308	3.76	-0.82545	450	25	enet	0.009	0.15	0.48883	0.62496
Brain_Amygdala	/media/kame/Data/_workings/resource/GTEv8//GTExv8.EUR.Brain_Amygdala/ENSG00000278831.1.wgt.RDat	ENSG00000278831.1	10	124623604	124623605	0.425	rs1124734	5.53	rs3802703	-0.00658	3.27	0.38309	530	40	enet	0.049	0.0087	-0.45715	0.64756
Brain_Amygdala	/media/kame/Data/_workings/resource/GTEv8//GTExv8.EUR.Brain_Amygdala/ENSG00000203791.14.wgt.RDat	ENSG00000203791.14	10	124791869	124791870	0.316	rs1124734	5.53	rs7095944	0.14669	5.2	0.69396	558	10	enet	0.076	0.0014	1.42329	0.15465
Brain_Amygdala	/media/kame/Data/_workings/resource/GTEv8//GTExv8.EUR.Brain_Amygdala/ENSG00000224023.10.wgt.RDat	ENSG00000224023.10	10	125719513	125719514	0.26	rs12571387	4.97	rs12415903	0.04883	3.43	1.37578	535	31	enet	-0.0067	0.64	1.2556	0.20926
Brain_Amygdala	/media/kame/Data/_workings/resource/GTEv8//GTExv8.EUR.Brain_Amygdala/ENSG00000188690.12.wgt.RDat	ENSG00000188690.12	10	125823247	125823248	0.692	rs12571387	4.97	rs10510149	0.55122	-8.51	-0.16819	574	29	enet	0.56	5.4e-23	0.13682	0.89117
Brain_Amygdala	/media/kame/Data/_workings/resource/GTEv8//GTExv8.EUR.Brain_Amygdala/ENSG00000170430.9.wgt.RDat	ENSG00000170430.9	10	129467183	129467184	0.405	rs7905095	6.7	rs1008982	0.19449	-6.08	5.76275	591	20	enet	0.26	1.4e-09	-2.21464	0.02679
Brain_Amygdala	/media/kame/Data/_workings/resource/GTEv8//GTExv8.EUR.Brain_Amygdala/ENSG00000188385.11.wgt.RDat	ENSG00000188385.11	10	132104670	132104671	0.516	rs7912273	5.03	rs7096456	0.29853	6.01	-0.17893	478	9	enet	0.17	2.3e-06	0.03494	0.97212
Brain_Amygdala	/media/kame/Data/_workings/resource/GTEv8//GTExv8.EUR.Brain_Amygdala/ENSG00000235010.1.wgt.RDat	ENSG00000235010.1	10	132185961	132185962	0.368	rs7912273	5.03	rs902632	0.15889	5.13	0.12561	438	22	enet	0.16	3.4e-06	0.51076	0.60952
Brain_Amygdala	/media/kame/Data/_workings/resource/GTEv8//GTExv8.EUR.Brain_Amygdala/ENSG00000068383.18.wgt.RDat	ENSG00000068383.18	10	132537819	132537820	0.456	rs7912273	5.03	rs7098740	0.02002	3.16	0.29726	465	2	enet	-0.0081	0.82	0.48562	0.62724
Brain_Amygdala	/media/kame/Data/_workings/resource/GTEv8//GTExv8.EUR.Brain_Amygdala/ENSG00000240707.2.wgt.RDat	ENSG00000240707.2	10	132965533	132965534	0.28	rs7912273	5.03	rs4598592	0.13269	4.45	1.08794	410	21	enet	0.086	0.00071	1.13243	0.25745
Brain_Amygdala	/media/kame/Data/_workings/resource/GTEv8//GTExv8.EUR.Brain_Amygdala/ENSG00000148824.18.wgt.RDat	ENSG00000148824.18	10	133394093	133394094	0.581	rs9419288	4	rs2297031	0.41803	7.25	0.0473	332	19	enet	0.35	5.7e-13	-0.08295	0.93389
Brain_Amygdala	/media/kame/Data/_workings/resource/GTEv8//GTExv8.EUR.Brain_Amygdala/ENSG00000171772.15.wgt.RDat	ENSG00000171772.15	10	133569834	133569835	0.244	rs11593607	-4.57	rs2515642	0.06995	-4.3	0.37983	271	13	enet	0.0078	0.17	-0.19964	0.84176
Brain_Amygdala	/media/kame/Data/_workings/resource/GTEv8//GTExv8.EUR.Brain_Amygdala/ENSG00000177951.17.wgt.RDat	ENSG00000177951.17	11	207427	207428	0.198	rs11246226	-2.87	rs7930823	-0.0028	3.69	0.8121	281	15	enet	0.00099	0.29	0.58823	0.556
Brain_Amygdala	/media/kame/Data/_workings/resource/GTEv8//GTExv8.EUR.Brain_Amygdala/ENSG00000185627.17.wgt.RDat	ENSG00000185627.17	11	236545	236546	0.325	rs11246226	-2.87	rs2272563	0.08667	4.43	0.50567	295	16	enet	0.035	0.023	0.97235	0.331
Brain_Amygdala	/media/kame/Data/_workings/resource/GTEv8//GTExv8.EUR.Brain_Amygdala/ENSG00000277290.1.wgt.RDat	ENSG00000277290.1	11	243482	243483	0.292	rs11246226	-2.87	rs7930624	0.15223	4.98	-0.57953	297	18	enet	0.17	1.9e-06	-0.26392	0.792
Brain_Amygdala	/media/kame/Data/_workings/resource/GTEv8//GTExv8.EUR.Brain_Amygdala/ENSG00000142102.15.wgt.RDat	ENSG00000142102.15	11	289137	289138	0.611	rs11246226	-2.87	rs2242565	0.40456	-7.01	0.03218	318	15	enet	0.31	2.6e-11	-0.14602	0.884
Brain_Amygdala	/media/kame/Data/_workings/resource/GTEv8//GTExv8.EUR.Brain_Amygdala/ENSG00000142089.15.wgt.RDat	ENSG00000142089.15	11	321339	321340	0.278	rs11246226	-2.87	rs7944394	0.07286	-4.32	-1.22634	330	27	enet	0.098	0.00031	0.48004	0.631
Brain_Amygdala	/media/kame/Data/_workings/resource/GTEv8//GTExv8.EUR.Brain_Amygdala/ENSG00000255328.1.wgt.RDat	ENSG00000255328.1	11	327170	327171	0.549	rs11246226	-2.87	rs7944394	0.39391	7.04	-1.22634	333	25	enet	0.39	2.3e-14	-0.48164	0.63
Brain_Amygdala	/media/kame/Data/_workings/resource/GTEv8//GTExv8.EUR.Brain_Amygdala/ENSG00000270972.1.wgt.RDat	ENSG00000270972.1	11	333191	333192	0.415	rs11246226	-2.87	rs7944394	0.09465	5.61	-1.22634	337	21	enet	0.31	2.9e-11	-0.76025	0.447
Brain_Amygdala	/media/kame/Data/_workings/resource/GTEv8//GTExv8.EUR.Brain_Amygdala/ENSG00000185187.12.wgt.RDat	ENSG00000185187.12	11	417396	417397	0.485	rs11246226	-2.87	rs35828848	0.2525	-5.65	0.05059	375	12	enet	0.12	4.8e-05	0.01096	0.991
Brain_Amygdala	/media/kame/Data/_workings/resource/GTEv8//GTExv8.EUR.Brain_Amygdala/ENSG00000069696.6.wgt.RDat	ENSG00000069696.6	11	637292	637293	0.248	rs11246226	-2.87	rs3740651	0.11356	-4.49	0.35687	471	3	enet	0.029	0.034	-0.26544	0.791
Brain_Amygdala	/media/kame/Data/_workings/resource/GTEv8//GTExv8.EUR.Brain_Amygdala/ENSG00000177042.14.wgt.RDat	ENSG00000177042.14	11	695532	695533	0.72	rs11246226	-2.87	rs11246262	0.43119	-7.39	0.04253	480	56	enet	0.51	7.3e-20	-0.36527	0.715
Brain_Amygdala	/media/kame/Data/_workings/resource/GTEv8//GTExv8.EUR.Brain_Amygdala/ENSG00000255284.1.wgt.RDat	ENSG00000255284.1	11	777577	777578	0.455	rs11246226	-2.87	rs4963153	0.25811	6.12	0.16198	431	10	enet	0.23	1.7e-08	0.26697	0.789
Brain_Amygdala	/media/kame/Data/_workings/resource/GTEv8//GTExv8.EUR.Brain_Amygdala/ENSG00000177697.17.wgt.RDat	ENSG00000177697.17	11	832883	832884	0.312	rs11246226	-2.87	rs34956804	0.22019	-5.79	0.40942	420	8	enet	0.23	2.2e-08	-0.24863	0.804
Brain_Amygdala	/media/kame/Data/_workings/resource/GTEv8//GTExv8.EUR.Brain_Amygdala/ENSG00000233930.3.wgt.RDat	ENSG00000233930.3	11	1571352	1571353	0.671	rs1106245	-5.25	rs1809668	0.5633	8.23	-1.11093	357	45	enet	0.55	5.8e-22	-0.647	0.518
Brain_Amygdala	/media/kame/Data/_workings/resource/GTEv8//GTExv8.EUR.Brain_Amygdala/ENSG00000183562.3.wgt.RDat	ENSG00000183562.3	11	2989862	2989863	0.364	rs6578314	-5.97	rs7124487	0.04732	3.89	-0.03179	459	38	enet	0.066	0.0028	2.17511	0.0296
Brain_Amygdala	/media/kame/Data/_workings/resource/GTEv8//GTExv8.EUR.Brain_Amygdala/ENSG00000205531.12.wgt.RDat	ENSG00000205531.12	11	2992376	2992377	0.341	rs6578314	-5.97	rs434114	0.00686	3.36	2.62596	458	51	enet	0.0071	0.18	0.20458	0.838
Brain_Amygdala	/media/kame/Data/_workings/resource/GTEv8//GTExv8.EUR.Brain_Amygdala/ENSG00000167325.14.wgt.RDat	ENSG00000167325.14	11	4094706	4094707	0.252	rs11600857	5	rs12806698	0.21207	5.21	0.3322	504	17	enet	0.1	2e-04	0.8111	0.417
Brain_Amygdala	/media/kame/Data/_workings/resource/GTEv8//GTExv8.EUR.Brain_Amygdala/ENSG00000166387.11.wgt.RDat	ENSG00000166387.11	11	7513297	7513298	0.296	rs4758009	4.28	rs7131087	0.06104	-3.56	0.0313	654	2	enet	0.06	0.0042	-0.39863	0.69
Brain_Amygdala	/media/kame/Data/_workings/resource/GTEv8//GTExv8.EUR.Brain_Amygdala/ENSG00000130413.15.wgt.RDat	ENSG00000130413.15	11	8594288	8594289	0.316	rs2073685	8.35	rs11042008	0.1178	-4.71	0.88749	513	10	enet	0.12	8.6e-05	0.74676	0.455
Brain_Amygdala	/media/kame/Data/_workings/resource/GTEv8//GTExv8.EUR.Brain_Amygdala/ENSG00000166436.15.wgt.RDat	ENSG00000166436.15	11	8671865	8671866	0.384	rs2073685	8.35	rs10840106	0.25879	5.67	3.40727	501	20	enet	0.15	1e-05	1.95973	0.05
Brain_Amygdala	/media/kame/Data/_workings/resource/GTEv8//GTExv8.EUR.Brain_Amygdala/ENSG00000254860.5.wgt.RDat	ENSG00000254860.5	11	8964773	8964774	0.583	rs2073685	8.35	rs2653570	0.24991	-6.33	0.58151	359	17	enet	0.3	5.1e-11	1.18762	0.235
Brain_Amygdala	/media/kame/Data/_workings/resource/GTEv8//GTExv8.EUR.Brain_Amygdala/ENSG00000133805.15.wgt.RDat	ENSG00000133805.15	11	10308312	10308313	0.571	rs11042714	7.99	rs2071020	0.30525	6.13	0.51533	487	13	enet	0.22	3.1e-08	-0.61512	0.538
Brain_Amygdala	/media/kame/Data/_workings/resource/GTEv8//GTExv8.EUR.Brain_Amygdala/ENSG00000254670.1.wgt.RDat	ENSG00000254670.1	11	13009158	13009159	0.242	rs11603808	8.54	rs7935247	-0.00557	-3.61	0.54771	558	9	enet	0.016	0.09	0.96339	0.335
Brain_Amygdala	/media/kame/Data/_workings/resource/GTEv8//GTExv8.EUR.Brain_Amygdala/ENSG00000133818.13.wgt.RDat	ENSG00000133818.13	11	14364505	14364506	0.127	rs34162548	4.72	rs4756786	0.00408	-3.76	1.46226	376	27	enet	0.0054	0.2	-0.13785	0.89
Brain_Amygdala	/media/kame/Data/_workings/resource/GTEv8//GTExv8.EUR.Brain_Amygdala/ENSG00000129158.10.wgt.RDat	ENSG00000129158.10	11	18013161	18013162	0.35	rs12793095	-6.86	rs440234	0.05613	-3.52	1.95147	485	15	enet	-0.0011	0.35	-1.41976	0.156
Brain_Amygdala	/media/kame/Data/_workings/resource/GTEv8//GTExv8.EUR.Brain_Amygdala/ENSG00000166788.9.wgt.RDat	ENSG00000166788.9	11	18106090	18106091	0.316	rs12793095	-6.86	rs11024460	-0.00721	-3.65	2.09131	426	7	enet	0.019	0.075	-1.79717	0.0723
Brain_Amygdala	/media/kame/Data/_workings/resource/GTEv8//GTExv8.EUR.Brain_Amygdala/ENSG00000110768.11.wgt.RDat	ENSG00000110768.11	11	18322294	18322295	0.328	rs2403254	-5.8	rs4150579	0.18833	-5.34	-1.21166	438	7	enet	0.19	4.2e-07	1.2964	0.195
Brain_Amygdala	/media/kame/Data/_workings/resource/GTEv8//GTExv8.EUR.Brain_Amygdala/ENSG00000166796.11.wgt.RDat	ENSG00000166796.11	11	18412306	18412307	0.556	rs2403254	-5.8	rs4757650	0.48881	7.75	-2.16854	445	19	enet	0.43	2.6e-16	-2.20142	0.0277
Brain_Amygdala	/media/kame/Data/_workings/resource/GTEv8//GTExv8.EUR.Brain_Amygdala/ENSG00000165973.18.wgt.RDat	ENSG00000165973.18	11	20669550	20669551	0.285	rs1453998	-6.91	rs11604445	0.01709	3.9	-0.56119	654	45	enet	0.015	0.1	-2.00383	0.0451
Brain_Amygdala	/media/kame/Data/_workings/resource/GTEv8//GTExv8.EUR.Brain_Amygdala/ENSG00000171714.10.wgt.RDat	ENSG00000171714.10	11	22193175	22193176	0.202	rs11026326	3.84	rs7936722	0.15059	4.62	-3.48387	373	12	enet	0.072	0.0019	-2.34943	0.0188
Brain_Amygdala	/media/kame/Data/_workings/resource/GTEv8//GTExv8.EUR.Brain_Amygdala/ENSG00000169519.20.wgt.RDat	ENSG00000169519.20	11	28108308	28108309	0.13	rs7952220	12.75	rs6484347	0.02065	-3.78	1.73112	296	23	enet	0.01	0.14	0.02188	0.983
Brain_Amygdala	/media/kame/Data/_workings/resource/GTEv8//GTExv8.EUR.Brain_Amygdala/ENSG00000085063.14.wgt.RDat	ENSG00000085063.14	11	33736444	33736445	0.263	rs2038602	5.21	rs831630	0.11442	-4.6	1.0407	439	26	enet	0.04	0.017	-0.2946	0.768
Brain_Amygdala	/media/kame/Data/_workings/resource/GTEv8//GTExv8.EUR.Brain_Amygdala/ENSG00000121691.4.wgt.RDat	ENSG00000121691.4	11	34438924	34438925	0.222	rs7951306	-4.7	rs2284365	0.06249	-4.33	-0.22235	605	16	enet	4.9e-05	0.32	0.24499	0.806
Brain_Amygdala	/media/kame/Data/_workings/resource/GTEv8//GTExv8.EUR.Brain_Amygdala/ENSG00000149089.12.wgt.RDat	ENSG00000149089.12	11	34916498	34916499	0.885	rs7119850	-3.34	rs1117050	0.65547	8.8	-1.11787	687	14	enet	0.63	2.9e-27	-1.08201	0.279
Brain_Amygdala	/media/kame/Data/_workings/resource/GTEv8//GTExv8.EUR.Brain_Amygdala/ENSG00000149084.12.wgt.RDat	ENSG00000149084.12	11	43680679	43680680	0.592	rs770770	6.64	rs7118659	0.36057	-6.71	-1.72053	492	39	enet	0.3	1e-10	0.56654	0.571
Brain_Amygdala	/media/kame/Data/_workings/resource/GTEv8//GTExv8.EUR.Brain_Amygdala/ENSG00000283375.1.wgt.RDat	ENSG00000283375.1	11	43856403	43856404	0.599	rs11037589	6.58	rs7118659	0.51654	-7.83	-1.72053	511	24	enet	0.49	3.4e-19	1.4769	0.14
Brain_Amygdala	/media/kame/Data/_workings/resource/GTEv8//GTExv8.EUR.Brain_Amygdala/ENSG00000110455.13.wgt.RDat	ENSG00000110455.13	11	44065924	44065925	0.604	rs11037589	6.58	rs4237645	0.18127	-5.89	0.21204	531	30	enet	0.33	4.6e-12	-0.11288	0.91
Brain_Amygdala	/media/kame/Data/_workings/resource/GTEv8//GTExv8.EUR.Brain_Amygdala/ENSG00000254427.1.wgt.RDat	ENSG00000254427.1	11	45355370	45355371	0.463	rs6485625	-5.44	rs1530872	0.12984	5.49	0.16496	508	22	enet	0.42	1.1e-15	0.23159	0.817
Brain_Amygdala	/media/kame/Data/_workings/resource/GTEv8//GTExv8.EUR.Brain_Amygdala/ENSG00000205106.4.wgt.RDat	ENSG00000205106.4	11	45771431	45771432	0.558	rs6485625	-5.44	rs3824872	0.16336	4.65	-0.1282	387	49	enet	0.13	3.2e-05	1.68699	0.0916
Brain_Amygdala	/media/kame/Data/_workings/resource/GTEv8//GTExv8.EUR.Brain_Amygdala/ENSG00000121653.11.wgt.RDat	ENSG00000121653.11	11	45885650	45885651	0.227	rs6485625	-5.44	rs2955677	-0.0036	3.42	0.9869	369	63	enet	-0.0026	0.41	-0.55781	0.577
Brain_Amygdala	/media/kame/Data/_workings/resource/GTEv8//GTExv8.EUR.Brain_Amygdala/ENSG00000134574.11.wgt.RDat	ENSG00000134574.11	11	47214464	47214465	0.267	rs3729989	5.72	rs3758668	0.17954	4.78	2.32102	298	29	enet	0.15	6e-06	1.82258	0.0684
Brain_Amygdala	/media/kame/Data/_workings/resource/GTEv8//GTExv8.EUR.Brain_Amygdala/ENSG00000025434.18.wgt.RDat	ENSG00000025434.18	11	47248299	47248300	0.195	rs3729989	5.72	rs7395581	0.13396	4.26	-1.7917	296	12	enet	0.098	0.00031	0.75304	0.451
Brain_Amygdala	/media/kame/Data/_workings/resource/GTEv8//GTExv8.EUR.Brain_Amygdala/ENSG00000109919.9.wgt.RDat	ENSG00000109919.9	11	47642622	47642623	0.138	rs3729989	5.72	rs4992357	0.10805	4.33	0.427	288	21	enet	0.024	0.052	1.09202	0.275
Brain_Amygdala	/media/kame/Data/_workings/resource/GTEv8//GTExv8.EUR.Brain_Amygdala/ENSG00000086205.16.wgt.RDat	ENSG00000086205.16	11	49208669	49208670	0.143	rs12797853	3.32	rs7129116	0.06201	4.25	1.33539	170	19	enet	0.063	0.0035	-1.4789	0.139
Brain_Amygdala	/media/kame/Data/_workings/resource/GTEv8//GTExv8.EUR.Brain_Amygdala/ENSG00000205035.8.wgt.RDat	ENSG00000205035.8	11	49558545	49558546	0.359	rs12797853	3.32	rs7928714	0.30536	-6.26	-1.13147	206	34	enet	0.33	4.8e-12	1.00985	0.313
Brain_Amygdala	/media/kame/Data/_workings/resource/GTEv8//GTExv8.EUR.Brain_Amygdala/ENSG00000255190.2.wgt.RDat	ENSG00000255190.2	11	49874944	49874945	0.26	rs7933877	-3.25	rs11040416	0.19845	-5.51	-0.76672	208	28	enet	0.19	3.1e-07	1.26281	0.207
Brain_Amygdala	/media/kame/Data/_workings/resource/GTEv8//GTExv8.EUR.Brain_Amygdala/ENSG00000254547.1.wgt.RDat	ENSG00000254547.1	11	55874536	55874537	0.187	rs12417844	4.72	rs10751003	0.0657	4.09	0.28491	404	7	enet	0.063	0.0034	0.52025	0.603
Brain_Amygdala	/media/kame/Data/_workings/resource/GTEv8//GTExv8.EUR.Brain_Amygdala/ENSG00000265566.2.wgt.RDat	ENSG00000265566.2	11	57528364	57528365	0.382	rs7117205	16.44	rs2649662	0.33041	6.42	-0.5615	378	25	enet	0.25	5e-09	-0.73359	0.463
Brain_Amygdala	/media/kame/Data/_workings/resource/GTEv8//GTExv8.EUR.Brain_Amygdala/ENSG00000134809.8.wgt.RDat	ENSG00000134809.8	11	57530802	57530803	0.432	rs7117205	16.44	rs2848640	0.23592	6.47	-0.30857	377	17	enet	0.27	8.2e-10	-0.26503	0.791
Brain_Amygdala	/media/kame/Data/_workings/resource/GTEv8//GTExv8.EUR.Brain_Amygdala/ENSG00000214872.8.wgt.RDat	ENSG00000214872.8	11	57542640	57542641	0.31	rs7117205	16.44	rs2729382	0.24142	5.92	-0.1921	378	11	enet	0.2	1.9e-07	-0.27759	0.781
Brain_Amygdala	/media/kame/Data/_workings/resource/GTEv8//GTExv8.EUR.Brain_Amygdala/ENSG00000166801.15.wgt.RDat	ENSG00000166801.15	11	59142771	59142772	0.275	rs505054	2.25	rs11229795	0.05007	4.05	0.0379	303	32	enet	0.13	4.1e-05	0.81511	0.415
Brain_Amygdala	/media/kame/Data/_workings/resource/GTEv8//GTExv8.EUR.Brain_Amygdala/ENSG00000166928.10.wgt.RDat	ENSG00000166928.10	11	60396013	60396014	0.235	rs7930400	3.5	rs2233252	0.04795	-4.9	-0.65156	449	12	enet	0.042	0.015	0.42143	0.673
Brain_Amygdala	/media/kame/Data/_workings/resource/GTEv8//GTExv8.EUR.Brain_Amygdala/ENSG00000187049.9.wgt.RDat	ENSG00000187049.9	11	61391686	61391687	0.16	rs11230664	-10.54	rs3019187	0.04215	4.2	0.16559	359	7	enet	0.00079	0.3	1.59973	0.11
Brain_Amygdala	/media/kame/Data/_workings/resource/GTEv8//GTExv8.EUR.Brain_Amygdala/ENSG00000255717.6.wgt.RDat	ENSG00000255717.6	11	62855913	62855914	0.489	rs2509973	-6.32	rs10897294	0.08591	4.36	-1.8351	318	43	enet	0.098	0.00031	-0.82014	0.412
Brain_Amygdala	/media/kame/Data/_workings/resource/GTEv8//GTExv8.EUR.Brain_Amygdala/ENSG00000168439.16.wgt.RDat	ENSG00000168439.16	11	64185271	64185272	0.253	rs6591843	4.77	rs6591843	0.03848	4.13	4.77442	338	18	enet	0.11	0.00013	2.76993	0.00561
Brain_Amygdala	/media/kame/Data/_workings/resource/GTEv8//GTExv8.EUR.Brain_Amygdala/ENSG00000149743.13.wgt.RDat	ENSG00000149743.13	11	64225869	64225870	0.298	rs6591843	4.77	rs614397	0.09374	-4.71	-0.58952	342	16	enet	0.016	0.092	0.67979	0.497
Brain_Amygdala	/media/kame/Data/_workings/resource/GTEv8//GTExv8.EUR.Brain_Amygdala/ENSG00000173457.10.wgt.RDat	ENSG00000173457.10	11	64246937	64246938	0.158	rs6591843	4.77	rs876064	0.01041	-3.64	0.72331	341	30	enet	0.065	0.0029	-1.26494	0.206
Brain_Amygdala	/media/kame/Data/_workings/resource/GTEv8//GTExv8.EUR.Brain_Amygdala/ENSG00000257086.1.wgt.RDat	ENSG00000257086.1	11	64249493	64249494	0.218	rs6591843	4.77	rs12794145	0.12057	4.09	0.43713	341	48	enet	0.052	0.0072	0.53469	0.593
Brain_Amygdala	/media/kame/Data/_workings/resource/GTEv8//GTExv8.EUR.Brain_Amygdala/ENSG00000219435.5.wgt.RDat	ENSG00000219435.5	11	64300390	64300391	0.271	rs6591843	4.77	rs477895	0.19025	-5.44	-0.1133	351	11	enet	0.19	3.4e-07	-0.06036	0.952
Brain_Amygdala	/media/kame/Data/_workings/resource/GTEv8//GTExv8.EUR.Brain_Amygdala/ENSG00000110025.12.wgt.RDat	ENSG00000110025.12	11	65027407	65027408	0.168	rs612392	-3.22	rs947799	0.17524	-4.79	-0.09262	328	15	enet	0.13	2.4e-05	-0.32748	0.743
Brain_Amygdala	/media/kame/Data/_workings/resource/GTEv8//GTExv8.EUR.Brain_Amygdala/ENSG00000168060.15.wgt.RDat	ENSG00000168060.15	11	65058548	65058549	0.236	rs612392	-3.22	rs3200401	0.02472	3.59	-0.00288	326	29	enet	0.025	0.046	-1.43393	0.152
Brain_Amygdala	/media/kame/Data/_workings/resource/GTEv8//GTExv8.EUR.Brain_Amygdala/ENSG00000162298.18.wgt.RDat	ENSG00000162298.18	11	65134532	65134533	0.356	rs612392	-3.22	rs6591182	0.02769	-4.05	0.0556	327	32	enet	0.079	0.0011	-0.99053	0.322
Brain_Amygdala	/media/kame/Data/_workings/resource/GTEv8//GTExv8.EUR.Brain_Amygdala/ENSG00000254614.2.wgt.RDat	ENSG00000254614.2	11	65181685	65181686	0.337	rs612392	-3.22	rs3953797	0.26297	-5.96	-0.44387	324	4	enet	0.26	2.5e-09	0.31264	0.755
Brain_Amygdala	/media/kame/Data/_workings/resource/GTEv8//GTExv8.EUR.Brain_Amygdala/ENSG00000014138.8.wgt.RDat	ENSG00000014138.8	11	65261761	65261762	0.398	rs612392	-3.22	rs677740	0.07363	5.36	-1.4314	327	35	enet	0.081	0.001	-0.67086	0.502
Brain_Amygdala	/media/kame/Data/_workings/resource/GTEv8//GTExv8.EUR.Brain_Amygdala/ENSG00000245532.7.wgt.RDat	ENSG00000245532.7	11	65422773	65422774	0.332	rs612392	-3.22	rs674485	0.16032	5.61	-1.33679	357	30	enet	0.11	0.00017	-1.18479	0.236
Brain_Amygdala	/media/kame/Data/_workings/resource/GTEv8//GTExv8.EUR.Brain_Amygdala/ENSG00000172922.8.wgt.RDat	ENSG00000172922.8	11	65720946	65720947	0.441	rs612392	-3.22	rs3372	0.16182	-4.51	-0.12463	325	39	enet	0.2	1.4e-07	0.81829	0.413
Brain_Amygdala	/media/kame/Data/_workings/resource/GTEv8//GTExv8.EUR.Brain_Amygdala/ENSG00000172803.17.wgt.RDat	ENSG00000172803.17	11	65833640	65833641	0.253	rs3814739	-4.39	rs11227332	0.13656	5.12	-0.95369	347	12	enet	0.088	0.00062	-0.98007	0.327
Brain_Amygdala	/media/kame/Data/_workings/resource/GTEv8//GTExv8.EUR.Brain_Amygdala/ENSG00000175376.8.wgt.RDat	ENSG00000175376.8	11	66002077	66002078	0.136	rs7925108	6.68	rs44205	0.03499	3.8	0.78722	344	26	enet	0.025	0.048	0.77769	0.437
Brain_Amygdala	/media/kame/Data/_workings/resource/GTEv8//GTExv8.EUR.Brain_Amygdala/ENSG00000255320.1.wgt.RDat	ENSG00000255320.1	11	66246238	66246239	0.407	rs560556	8.31	rs2236652	0.45248	7.32	0.21077	324	26	enet	0.43	3.4e-16	0.15772	0.875
Brain_Amygdala	/media/kame/Data/_workings/resource/GTEv8//GTExv8.EUR.Brain_Amygdala/ENSG00000174744.13.wgt.RDat	ENSG00000174744.13	11	66345124	66345125	0.183	rs560556	8.31	rs531784	0.11282	4.37	0.53457	305	34	enet	0.011	0.14	0.38356	0.701
Brain_Amygdala	/media/kame/Data/_workings/resource/GTEv8//GTExv8.EUR.Brain_Amygdala/ENSG00000174165.7.wgt.RDat	ENSG00000174165.7	11	66546237	66546238	0.233	rs1253440	8.65	rs2279865	0.22448	-5.52	4.73663	261	27	enet	0.27	8.9e-10	-5.27536	1.32e-07
Brain_Amygdala	/media/kame/Data/_workings/resource/GTEv8//GTExv8.EUR.Brain_Amygdala/ENSG00000173156.6.wgt.RDat	ENSG00000173156.6	11	67056817	67056818	0.627	rs1253440	8.65	rs11227678	0.36655	-6.65	0.08051	245	10	enet	0.29	1.7e-10	0.15109	0.88
Brain_Amygdala	/media/kame/Data/_workings/resource/GTEv8//GTExv8.EUR.Brain_Amygdala/ENSG00000084207.15.wgt.RDat	ENSG00000084207.15	11	67583594	67583595	0.235	rs1138272	4.58	rs7941395	0.07865	-4.37	0.00675	253	40	enet	0.059	0.0044	-0.44366	0.657
Brain_Amygdala	/media/kame/Data/_workings/resource/GTEv8//GTExv8.EUR.Brain_Amygdala/ENSG00000006534.15.wgt.RDat	ENSG00000006534.15	11	68008577	68008578	0.282	rs1138272	4.58	rs2075609	0.09392	-4.11	0.86338	275	29	enet	0.088	0.00061	0.31799	0.75
Brain_Amygdala	/media/kame/Data/_workings/resource/GTEv8//GTExv8.EUR.Brain_Amygdala/ENSG00000132749.10.wgt.RDat	ENSG00000132749.10	11	68751563	68751564	0.203	rs921670	-7.76	rs4930243	-0.00819	-3.47	2.31649	412	36	enet	0.017	0.086	-0.61165	0.541
Brain_Amygdala	/media/kame/Data/_workings/resource/GTEv8//GTExv8.EUR.Brain_Amygdala/ENSG00000197345.12.wgt.RDat	ENSG00000197345.12	11	68903834	68903835	0.725	rs921670	-7.76	rs604524	0.54498	-8.06	1.63655	423	28	enet	0.5	1.8e-19	-1.33102	0.183
Brain_Amygdala	/media/kame/Data/_workings/resource/GTEv8//GTExv8.EUR.Brain_Amygdala/ENSG00000132740.8.wgt.RDat	ENSG00000132740.8	11	68903841	68903842	0.505	rs921670	-7.76	rs646586	0.23646	5.92	1.2017	423	24	enet	0.18	9e-07	0.27734	0.782
Brain_Amygdala	/media/kame/Data/_workings/resource/GTEv8//GTExv8.EUR.Brain_Amygdala/ENSG00000131626.16.wgt.RDat	ENSG00000131626.16	11	70270699	70270700	0.254	rs515458	4.56	rs674374	0.15181	-5.02	-0.24649	444	19	enet	0.14	2e-05	-0.11164	0.911
Brain_Amygdala	/media/kame/Data/_workings/resource/GTEv8//GTExv8.EUR.Brain_Amygdala/ENSG00000254682.1.wgt.RDat	ENSG00000254682.1	11	71448673	71448674	0.59	rs4539348	-2.36	rs2276362	0.39434	-7.23	0.13587	310	19	enet	0.39	1.7e-14	-0.07816	0.938
Brain_Amygdala	/media/kame/Data/_workings/resource/GTEv8//GTExv8.EUR.Brain_Amygdala/ENSG00000254997.3.wgt.RDat	ENSG00000254997.3	11	71548417	71548418	0.388	rs4539348	-2.36	rs11234027	0.0047	3.81	0.00606	344	29	enet	0.054	0.0063	0.3349	0.738
Brain_Amygdala	/media/kame/Data/_workings/resource/GTEv8//GTExv8.EUR.Brain_Amygdala/ENSG00000214530.8.wgt.RDat	ENSG00000214530.8	11	72794167	72794168	0.405	rs2306608	3.19	rs3862794	0.19345	5.48	-0.8348	340	17	enet	0.23	2.3e-08	0.58243	0.56
Brain_Amygdala	/media/kame/Data/_workings/resource/GTEv8//GTExv8.EUR.Brain_Amygdala/ENSG00000175575.12.wgt.RDat	ENSG00000175575.12	11	73876698	73876699	0.743	rs11235971	3.14	rs699138	0.01134	-3.24	-1.61502	339	30	enet	0.061	0.0039	0.72554	0.468
Brain_Amygdala	/media/kame/Data/_workings/resource/GTEv8//GTExv8.EUR.Brain_Amygdala/ENSG00000165434.7.wgt.RDat	ENSG00000165434.7	11	74398472	74398473	0.159	rs11236122	-4.38	rs3819114	0.03999	4.12	1.17862	412	9	enet	0.037	0.021	0.65431	0.513
Brain_Amygdala	/media/kame/Data/_workings/resource/GTEv8//GTExv8.EUR.Brain_Amygdala/ENSG00000241170.2.wgt.RDat	ENSG00000241170.2	11	74876285	74876286	0.526	rs11236122	-4.38	rs7128739	0.31693	-6.36	0.46237	450	24	enet	0.36	2.4e-13	-0.17741	0.859
Brain_Amygdala	/media/kame/Data/_workings/resource/GTEv8//GTExv8.EUR.Brain_Amygdala/ENSG00000166435.15.wgt.RDat	ENSG00000166435.15	11	74949199	74949200	0.717	rs11236122	-4.38	rs7128739	0.60341	8.48	0.46237	451	18	enet	0.59	2.1e-24	0.40256	0.687
Brain_Amygdala	/media/kame/Data/_workings/resource/GTEv8//GTExv8.EUR.Brain_Amygdala/ENSG00000255135.3.wgt.RDat	ENSG00000255135.3	11	76444655	76444656	0.483	rs10899212	6.87	rs12419430	-0.00678	-3.61	-0.28318	463	39	enet	0.048	0.0098	-0.53016	0.596
Brain_Amygdala	/media/kame/Data/_workings/resource/GTEv8//GTExv8.EUR.Brain_Amygdala/ENSG00000159063.12.wgt.RDat	ENSG00000159063.12	11	78139659	78139660	0.303	rs11237465	4.02	rs10793285	0.16496	4.97	-0.39608	342	12	enet	0.14	1.5e-05	-0.23294	0.816
Brain_Amygdala	/media/kame/Data/_workings/resource/GTEv8//GTExv8.EUR.Brain_Amygdala/ENSG00000246174.7.wgt.RDat	ENSG00000246174.7	11	78139770	78139771	0.636	rs11237465	4.02	rs977978	0.52729	-7.99	-0.3331	342	9	enet	0.48	1.7e-18	0.29018	0.772
Brain_Amygdala	/media/kame/Data/_workings/resource/GTEv8//GTExv8.EUR.Brain_Amygdala/ENSG00000188997.7.wgt.RDat	ENSG00000188997.7	11	78188810	78188811	0.485	rs11237465	4.02	rs977978	0.34584	6.71	-0.3331	349	21	enet	0.29	1.5e-10	-0.11495	0.908
Brain_Amygdala	/media/kame/Data/_workings/resource/GTEv8//GTExv8.EUR.Brain_Amygdala/ENSG00000137513.9.wgt.RDat	ENSG00000137513.9	11	78574873	78574874	0.265	rs504245	-7.01	rs4945300	0.25378	-5.82	1.37506	453	12	enet	0.21	6.9e-08	-1.34381	0.179
Brain_Amygdala	/media/kame/Data/_workings/resource/GTEv8//GTExv8.EUR.Brain_Amygdala/ENSG00000245832.6.wgt.RDat	ENSG00000245832.6	11	82718081	82718082	0.538	rs11607439	-3.8	rs1472401	0.23402	5.36	0.56543	441	16	enet	0.2	2.3e-07	0.66407	0.507
Brain_Amygdala	/media/kame/Data/_workings/resource/GTEv8//GTExv8.EUR.Brain_Amygdala/ENSG00000137494.13.wgt.RDat	ENSG00000137494.13	11	83193794	83193795	0.211	rs11601610	4.84	rs6592113	0.13637	4.7	-0.04311	401	14	enet	0.11	0.00019	-0.1224	0.903
Brain_Amygdala	/media/kame/Data/_workings/resource/GTEv8//GTExv8.EUR.Brain_Amygdala/ENSG00000137500.9.wgt.RDat	ENSG00000137500.9	11	83286126	83286127	0.236	rs11601610	5.08	rs673021	0.08771	-4	0.00113	389	21	enet	0.037	0.02	-0.18842	0.851
Brain_Amygdala	/media/kame/Data/_workings/resource/GTEv8//GTExv8.EUR.Brain_Amygdala/ENSG00000255162.1.wgt.RDat	ENSG00000255162.1	11	89785944	89785945	0.199	rs317174	-6.76	rs1488902	0.1082	-3.78	0.02696	199	6	enet	0.067	0.0027	-0.33402	0.738
Brain_Amygdala	/media/kame/Data/_workings/resource/GTEv8//GTExv8.EUR.Brain_Amygdala/ENSG00000280385.1.wgt.RDat	ENSG00000280385.1	11	90193613	90193614	0.401	rs7952184	-3.74	rs3740818	0.21882	5.82	2.00176	272	16	enet	0.17	1.4e-06	1.15845	0.247
Brain_Amygdala	/media/kame/Data/_workings/resource/GTEv8//GTExv8.EUR.Brain_Amygdala/ENSG00000182919.14.wgt.RDat	ENSG00000182919.14	11	93741962	93741963	0.267	rs644306	-4.8	rs652961	0.19553	4.9	-1.24163	394	21	enet	0.072	0.0018	-1.46633	0.143
Brain_Amygdala	/media/kame/Data/_workings/resource/GTEv8//GTExv8.EUR.Brain_Amygdala/ENSG00000020922.12.wgt.RDat	ENSG00000020922.12	11	94492905	94492906	0.281	rs10831196	4.44	rs581002	0.25503	5.66	-0.59792	430	33	enet	0.26	2.7e-09	-1.07696	0.281
Brain_Amygdala	/media/kame/Data/_workings/resource/GTEv8//GTExv8.EUR.Brain_Amygdala/ENSG00000149231.11.wgt.RDat	ENSG00000149231.11	11	96389922	96389923	0.572	rs7111633	-5.66	rs11021552	0.47738	7.58	0.30369	541	13	enet	0.46	1e-17	0.0111	0.991
Brain_Amygdala	/media/kame/Data/_workings/resource/GTEv8//GTExv8.EUR.Brain_Amygdala/ENSG00000277459.1.wgt.RDat	ENSG00000277459.1	11	102110456	102110457	0.301	rs1372415	-4.52	rs7938172	0.05728	-4.34	-0.18596	430	15	enet	0.07	0.0022	0.34183	0.732
Brain_Amygdala	/media/kame/Data/_workings/resource/GTEv8//GTExv8.EUR.Brain_Amygdala/ENSG00000110330.8.wgt.RDat	ENSG00000110330.8	11	102347210	102347211	0.171	rs1372415	-4.52	rs1942691	-0.00778	-3.57	-0.17643	504	15	enet	-0.0064	0.62	-0.07854	0.937
Brain_Amygdala	/media/kame/Data/_workings/resource/GTEv8//GTExv8.EUR.Brain_Amygdala/ENSG00000187240.13.wgt.RDat	ENSG00000187240.13	11	103109430	103109431	0.226	rs7926109	-9.69	rs17301750	0.07269	-4.01	-0.90129	546	9	enet	0.033	0.026	1.14114	0.254
Brain_Amygdala	/media/kame/Data/_workings/resource/GTEv8//GTExv8.EUR.Brain_Amygdala/ENSG00000261098.1.wgt.RDat	ENSG00000261098.1	11	107316270	107316271	0.267	rs17106517	-4.08	rs7111266	0.10384	4.22	0.07451	467	21	enet	0.09	0.00053	-0.26002	0.795
Brain_Amygdala	/media/kame/Data/_workings/resource/GTEv8//GTExv8.EUR.Brain_Amygdala/ENSG00000110675.12.wgt.RDat	ENSG00000110675.12	11	107591090	107591091	0.304	rs17106517	-4.08	rs10890774	0.07493	4.13	1.00221	456	22	enet	0.062	0.0036	1.38074	0.167
Brain_Amygdala	/media/kame/Data/_workings/resource/GTEv8//GTExv8.EUR.Brain_Amygdala/ENSG00000075239.13.wgt.RDat	ENSG00000075239.13	11	108121750	108121751	0.353	rs683312	5.18	rs10890813	0.19519	5.02	0.37161	359	19	enet	0.15	6.5e-06	0.17389	0.862
Brain_Amygdala	/media/kame/Data/_workings/resource/GTEv8//GTExv8.EUR.Brain_Amygdala/ENSG00000204381.11.wgt.RDat	ENSG00000204381.11	11	111540279	111540280	0.571	rs10891291	4.28	rs4938792	0.00812	-3.71	1.45927	382	37	enet	0.21	9.1e-08	2.22071	0.0264
Brain_Amygdala	/media/kame/Data/_workings/resource/GTEv8//GTExv8.EUR.Brain_Amygdala/ENSG00000137713.15.wgt.RDat	ENSG00000137713.15	11	111766426	111766427	0.196	rs574568	4.9	rs612345	0.19365	4.92	0.84077	348	19	enet	0.059	0.0045	-0.0062	0.995
Brain_Amygdala	/media/kame/Data/_workings/resource/GTEv8//GTExv8.EUR.Brain_Amygdala/ENSG00000255561.6.wgt.RDat	ENSG00000255561.6	11	111880774	111880775	0.164	rs7941988	5.5	rs11823089	0.07049	-3.81	0.05597	317	25	enet	0.041	0.016	-0.37217	0.71
Brain_Amygdala	/media/kame/Data/_workings/resource/GTEv8//GTExv8.EUR.Brain_Amygdala/ENSG00000149292.16.wgt.RDat	ENSG00000149292.16	11	113314528	113314529	0.702	rs4245150	19.1	rs4438071	0.48402	-7.65	4.99287	507	23	enet	0.48	1.1e-18	-1.85	0.0643
Brain_Amygdala	/media/kame/Data/_workings/resource/GTEv8//GTExv8.EUR.Brain_Amygdala/ENSG00000270179.1.wgt.RDat	ENSG00000270179.1	11	113368576	113368577	0.299	rs4245150	19.1	rs7939992	0.05115	-3.58	6.96271	497	25	enet	0.05	0.0082	3.54734	0.000389
Brain_Amygdala	/media/kame/Data/_workings/resource/GTEv8//GTExv8.EUR.Brain_Amygdala/ENSG00000166682.10.wgt.RDat	ENSG00000166682.10	11	113706372	113706373	0.617	rs4245150	19.1	rs876378	0.34506	6.49	-0.65918	552	25	enet	0.27	5.8e-10	0.40341	0.687
Brain_Amygdala	/media/kame/Data/_workings/resource/GTEv8//GTExv8.EUR.Brain_Amygdala/ENSG00000246100.3.wgt.RDat	ENSG00000246100.3	11	115760626	115760627	0.183	rs10891936	6.93	rs4936337	-0.00109	3.68	-0.61976	466	28	enet	0.059	0.0046	0.64586	0.518
Brain_Amygdala	/media/kame/Data/_workings/resource/GTEv8//GTExv8.EUR.Brain_Amygdala/ENSG00000254851.1.wgt.RDat	ENSG00000254851.1	11	117135527	117135528	0.569	rs4938355	4.57	rs8521	0.38749	7.05	0.29751	540	19	enet	0.39	1.6e-14	0.92556	0.355
Brain_Amygdala	/media/kame/Data/_workings/resource/GTEv8//GTExv8.EUR.Brain_Amygdala/ENSG00000255274.9.wgt.RDat	ENSG00000255274.9	11	118088298	118088299	0.255	rs7129048	7.38	rs948461	0.16316	4.73	0.21601	578	7	enet	0.071	0.002	0.11473	0.909
Brain_Amygdala	/media/kame/Data/_workings/resource/GTEv8//GTExv8.EUR.Brain_Amygdala/ENSG00000110367.11.wgt.RDat	ENSG00000110367.11	11	118791146	118791147	0.201	rs7933243	-9.74	rs11217033	0.02153	-4.15	0.02929	360	15	enet	0.034	0.025	1.35872	0.174
Brain_Amygdala	/media/kame/Data/_workings/resource/GTEv8//GTExv8.EUR.Brain_Amygdala/ENSG00000278376.1.wgt.RDat	ENSG00000278376.1	11	118791253	118791254	0.379	rs7933243	-9.74	rs521910	0.20676	5.72	3.75787	360	27	enet	0.21	1.4e-07	4.10124	4.11e-05
Brain_Amygdala	/media/kame/Data/_workings/resource/GTEv8//GTExv8.EUR.Brain_Amygdala/ENSG00000255121.2.wgt.RDat	ENSG00000255121.2	11	118998003	118998004	0.426	rs6589706	9.17	rs1786690	0.02562	3.34	2.81141	376	36	enet	0.18	8e-07	-1.55398	0.12
Brain_Amygdala	/media/kame/Data/_workings/resource/GTEv8//GTExv8.EUR.Brain_Amygdala/ENSG00000196655.11.wgt.RDat	ENSG00000196655.11	11	119018690	119018691	0.611	rs6589706	9.17	rs7131534	0.50159	7.87	0.04802	379	31	enet	0.47	3.1e-18	-0.23447	0.815
Brain_Amygdala	/media/kame/Data/_workings/resource/GTEv8//GTExv8.EUR.Brain_Amygdala/ENSG00000160695.14.wgt.RDat	ENSG00000160695.14	11	119067698	119067699	0.355	rs6589706	9.17	rs15818	0.22939	-5.9	2.10523	377	12	enet	0.27	1.1e-09	-1.8105	0.0702
Brain_Amygdala	/media/kame/Data/_workings/resource/GTEv8//GTExv8.EUR.Brain_Amygdala/ENSG00000248712.7.wgt.RDat	ENSG00000248712.7	11	119196768	119196769	0.286	rs6589706	9.17	rs12786104	0.05044	-4.04	2.33944	373	31	enet	0.098	0.00031	-1.66231	0.0965
Brain_Amygdala	/media/kame/Data/_workings/resource/GTEv8//GTExv8.EUR.Brain_Amygdala/ENSG00000110395.6.wgt.RDat	ENSG00000110395.6	11	119206275	119206276	0.237	rs6589706	9.17	rs2301574	0.19452	4.97	-0.06675	374	26	enet	0.16	3.2e-06	0.44579	0.656
Brain_Amygdala	/media/kame/Data/_workings/resource/GTEv8//GTExv8.EUR.Brain_Amygdala/ENSG00000254854.1.wgt.RDat	ENSG00000254854.1	11	119729582	119729583	0.368	rs633621	-6.99	rs2136421	0.18902	4.83	-0.35598	467	37	enet	0.11	0.00014	-0.58144	0.561
Brain_Amygdala	/media/kame/Data/_workings/resource/GTEv8//GTExv8.EUR.Brain_Amygdala/ENSG00000137699.16.wgt.RDat	ENSG00000137699.16	11	120185528	120185529	0.294	rs633621	-6.99	rs1893261	0.01041	-3.31	-0.1616	536	8	enet	-0.0073	0.71	0.62067	0.535
Brain_Amygdala	/media/kame/Data/_workings/resource/GTEv8//GTExv8.EUR.Brain_Amygdala/ENSG00000181264.8.wgt.RDat	ENSG00000181264.8	11	120325128	120325129	0.216	rs633621	-6.99	rs1893261	0.08498	4.43	-0.1616	551	10	enet	0.075	0.0015	-0.16303	0.87
Brain_Amygdala	/media/kame/Data/_workings/resource/GTEv8//GTExv8.EUR.Brain_Amygdala/ENSG00000166261.10.wgt.RDat	ENSG00000166261.10	11	123741674	123741675	0.334	rs2027767	-6.6	rs11219274	0.14185	4.77	1.16283	606	19	enet	0.085	0.00075	0.93633	0.349
Brain_Amygdala	/media/kame/Data/_workings/resource/GTEv8//GTExv8.EUR.Brain_Amygdala/ENSG00000254941.1.wgt.RDat	ENSG00000254941.1	11	124808268	124808269	0.612	rs1940171	-10.79	rs558814	0.47436	7.6	-0.1126	507	21	enet	0.47	3.6e-18	-0.00175	0.999
Brain_Amygdala	/media/kame/Data/_workings/resource/GTEv8//GTExv8.EUR.Brain_Amygdala/ENSG00000109832.13.wgt.RDat	ENSG00000109832.13	11	125903369	125903370	0.219	rs616975	-6.04	rs2236681	0.19657	4.95	0.29577	558	7	enet	0.19	3.7e-07	1.1113	0.266
Brain_Amygdala	/media/kame/Data/_workings/resource/GTEv8//GTExv8.EUR.Brain_Amygdala/ENSG00000064309.14.wgt.RDat	ENSG00000064309.14	11	126063334	126063335	0.245	rs616975	-6.04	rs4937081	0.18703	4.88	1.45077	602	5	enet	0.092	0.00048	0.84145	0.4
Brain_Amygdala	/media/kame/Data/_workings/resource/GTEv8//GTExv8.EUR.Brain_Amygdala/ENSG00000110074.10.wgt.RDat	ENSG00000110074.10	11	126269144	126269145	0.293	rs616975	-6.04	rs659551	0.20402	-5.54	0.19004	648	18	enet	0.14	2.2e-05	0.08051	0.936
Brain_Amygdala	/media/kame/Data/_workings/resource/GTEv8//GTExv8.EUR.Brain_Amygdala/ENSG00000151704.15.wgt.RDat	ENSG00000151704.15	11	128867372	128867373	0.38	rs2213018	-5.52	rs4937387	0.06439	-4.11	-0.01521	541	51	enet	0.025	0.047	-0.21474	0.83
Brain_Amygdala	/media/kame/Data/_workings/resource/GTEv8//GTExv8.EUR.Brain_Amygdala/ENSG00000170322.14.wgt.RDat	ENSG00000170322.14	11	129895589	129895590	0.341	rs982125	-3.75	rs2288403	0.18375	-5.19	0.02519	461	15	enet	0.18	1.2e-06	0.44791	0.654
Brain_Amygdala	/media/kame/Data/_workings/resource/GTEv8//GTExv8.EUR.Brain_Amygdala/ENSG00000120451.10.wgt.RDat	ENSG00000120451.10	11	130916508	130916509	0.577	rs3751039	7.36	rs3751039	0.41467	-7.04	7.35887	643	31	enet	0.41	2.8e-15	-4.79902	1.59e-06
Brain_Amygdala	/media/kame/Data/_workings/resource/GTEv8//GTExv8.EUR.Brain_Amygdala/ENSG00000120647.9.wgt.RDat	ENSG00000120647.9	12	389454	389455	0.268	rs12310089	-5.99	rs11062934	0.088883	4.68	0.021732	387	16	enet	0.17	1.9e-06	-0.06217	0.95
Brain_Amygdala	/media/kame/Data/_workings/resource/GTEv8//GTExv8.EUR.Brain_Amygdala/ENSG00000177406.4.wgt.RDat	ENSG00000177406.4	12	630890	630891	0.496	rs12310089	-5.99	rs2075032	0.114344	5.06	-0.282385	452	11	enet	0.077	0.0013	-0.11159	0.911
Brain_Amygdala	/media/kame/Data/_workings/resource/GTEv8//GTExv8.EUR.Brain_Amygdala/ENSG00000171840.11.wgt.RDat	ENSG00000171840.11	12	663778	663779	0.277	rs12310089	-5.99	rs2279018	-0.00421	-3.14	0.286868	438	47	enet	-0.0084	0.9	-0.53903	0.59
Brain_Amygdala	/media/kame/Data/_workings/resource/GTEv8//GTExv8.EUR.Brain_Amygdala/ENSG00000283297.1.wgt.RDat	ENSG00000283297.1	12	2857082	2857083	0.371	rs11062351	6.18	rs11833073	0.079546	4.2	0.800518	592	22	enet	0.076	0.0014	0.53185	0.595
Brain_Amygdala	/media/kame/Data/_workings/resource/GTEv8//GTExv8.EUR.Brain_Amygdala/ENSG00000278356.1.wgt.RDat	ENSG00000278356.1	12	2885818	2885819	0.366	rs11062351	6.18	rs7134422	0.146372	-4.94	0.923914	589	21	enet	0.13	3.3e-05	-1.10125	0.271
Brain_Amygdala	/media/kame/Data/_workings/resource/GTEv8//GTExv8.EUR.Brain_Amygdala/ENSG00000078246.16.wgt.RDat	ENSG00000078246.16	12	2890886	2890887	0.357	rs11062351	6.18	rs2968910	0.270468	-6.02	0.839522	587	26	enet	0.27	5.8e-10	-0.49818	0.618
Brain_Amygdala	/media/kame/Data/_workings/resource/GTEv8//GTExv8.EUR.Brain_Amygdala/ENSG00000111254.7.wgt.RDat	ENSG00000111254.7	12	4649046	4649047	0.48	rs7135778	4.24	rs2267546	0.298058	-6.15	0.163417	690	17	enet	0.27	5.6e-10	-0.04345	0.965
Brain_Amygdala	/media/kame/Data/_workings/resource/GTEv8//GTExv8.EUR.Brain_Amygdala/ENSG00000111262.5.wgt.RDat	ENSG00000111262.5	12	4910839	4910840	0.325	rs10444471	3.03	rs7955352	0.026587	-3.84	-0.292758	685	67	enet	0.043	0.014	-0.0488	0.961
Brain_Amygdala	/media/kame/Data/_workings/resource/GTEv8//GTExv8.EUR.Brain_Amygdala/ENSG00000010278.12.wgt.RDat	ENSG00000010278.12	12	6199714	6199715	0.419	rs11063851	-5.49	rs4764541	-0.008255	-3.01	-0.142191	495	37	enet	-0.00078	0.34	0.31667	0.751
Brain_Amygdala	/media/kame/Data/_workings/resource/GTEv8//GTExv8.EUR.Brain_Amygdala/ENSG00000215039.6.wgt.RDat	ENSG00000215039.6	12	6450893	6450894	0.236	rs3764909	-3.63	rs25680	0.007749	3.42	1.825744	418	24	enet	0.00054	0.3	0.45253	0.651
Brain_Amygdala	/media/kame/Data/_workings/resource/GTEv8//GTExv8.EUR.Brain_Amygdala/ENSG00000139192.11.wgt.RDat	ENSG00000139192.11	12	6451718	6451719	0.458	rs3764909	-3.63	rs2041387	0.313177	6.29	-1.638061	418	12	enet	0.22	3.3e-08	-1.17915	0.238
Brain_Amygdala	/media/kame/Data/_workings/resource/GTEv8//GTExv8.EUR.Brain_Amygdala/ENSG00000126746.17.wgt.RDat	ENSG00000126746.17	12	6689509	6689510	0.246	rs3764909	-3.63	rs4469949	0.005976	3.38	0.112337	282	12	enet	-0.0083	0.87	1.19975	0.23
Brain_Amygdala	/media/kame/Data/_workings/resource/GTEv8//GTExv8.EUR.Brain_Amygdala/ENSG00000111671.9.wgt.RDat	ENSG00000111671.9	12	6889357	6889358	0.605	rs3764909	-3.63	rs5446	0.385439	6.84	-0.210457	207	22	enet	0.39	1.8e-14	0.01452	0.988
Brain_Amygdala	/media/kame/Data/_workings/resource/GTEv8//GTExv8.EUR.Brain_Amygdala/ENSG00000225231.1.wgt.RDat	ENSG00000225231.1	12	9943494	9943495	0.361	rs4764299	4.89	rs10505741	0.260107	5.59	-0.202027	327	35	enet	0.24	7.7e-09	0.02233	0.982
Brain_Amygdala	/media/kame/Data/_workings/resource/GTEv8//GTExv8.EUR.Brain_Amygdala/ENSG00000150048.10.wgt.RDat	ENSG00000150048.10	12	10111626	10111627	0.368	rs4764299	4.89	rs7298416	0.086865	-4.29	1.627568	393	32	enet	0.1	0.00025	-1.73509	0.0827
Brain_Amygdala	/media/kame/Data/_workings/resource/GTEv8//GTExv8.EUR.Brain_Amygdala/ENSG00000245648.1.wgt.RDat	ENSG00000245648.1	12	10363768	10363769	0.405	rs4764299	4.89	rs7313688	0.11534	5.06	-0.998598	506	14	enet	0.12	6.5e-05	-0.18174	0.856
Brain_Amygdala	/media/kame/Data/_workings/resource/GTEv8//GTExv8.EUR.Brain_Amygdala/ENSG00000183542.5.wgt.RDat	ENSG00000183542.5	12	10409756	10409757	0.612	rs4764299	4.89	rs7138294	0.154066	5.09	0.267525	500	24	enet	0.13	3.2e-05	0.16252	0.871
Brain_Amygdala	/media/kame/Data/_workings/resource/GTEv8//GTExv8.EUR.Brain_Amygdala/ENSG00000205809.9.wgt.RDat	ENSG00000205809.9	12	10442262	10442263	0.753	rs4764299	4.89	rs12819494	0.164509	5.79	-0.012613	488	16	enet	0.37	8.2e-14	0.0851	0.932
Brain_Amygdala	/media/kame/Data/_workings/resource/GTEv8//GTExv8.EUR.Brain_Amygdala/ENSG00000134545.13.wgt.RDat	ENSG00000134545.13	12	10454684	10454685	0.505	rs4764299	4.89	rs17809278	0.32903	6.3	-1.033859	486	19	enet	0.28	4.9e-10	-0.95946	0.337
Brain_Amygdala	/media/kame/Data/_workings/resource/GTEv8//GTExv8.EUR.Brain_Amygdala/ENSG00000231887.6.wgt.RDat	ENSG00000231887.6	12	10884254	10884255	0.413	rs11053854	4.7	rs6488331	0.300719	6.36	0.664611	365	26	enet	0.34	1.8e-12	0.6963	0.486
Brain_Amygdala	/media/kame/Data/_workings/resource/GTEv8//GTExv8.EUR.Brain_Amygdala/ENSG00000212127.5.wgt.RDat	ENSG00000212127.5	12	10939262	10939263	0.379	rs11053854	4.7	rs10772380	0.18354	5.39	0.285801	364	50	enet	0.14	1.4e-05	-0.36587	0.714
Brain_Amygdala	/media/kame/Data/_workings/resource/GTEv8//GTExv8.EUR.Brain_Amygdala/ENSG00000255837.1.wgt.RDat	ENSG00000255837.1	12	10997874	10997875	0.139	rs11053854	4.7	rs10845242	0.115738	4.06	0.264923	379	6	enet	0.065	0.0029	0.22259	0.824
Brain_Amygdala	/media/kame/Data/_workings/resource/GTEv8//GTExv8.EUR.Brain_Amygdala/ENSG00000256274.1.wgt.RDat	ENSG00000256274.1	12	11079170	11079171	0.596	rs4763701	-4.73	rs10772413	0.34988	6.54	0.029574	385	30	enet	0.21	7.2e-08	0.119	0.905
Brain_Amygdala	/media/kame/Data/_workings/resource/GTEv8//GTExv8.EUR.Brain_Amygdala/ENSG00000111215.11.wgt.RDat	ENSG00000111215.11	12	11121179	11121180	0.23	rs4763701	-4.73	rs10772413	0.184253	-4.96	0.022724	362	22	enet	0.17	1.3e-06	0.06911	0.945
Brain_Amygdala	/media/kame/Data/_workings/resource/GTEv8//GTExv8.EUR.Brain_Amygdala/ENSG00000256537.4.wgt.RDat	ENSG00000256537.4	12	11171221	11171222	0.258	rs4763701	-4.73	rs3741843	0.049633	-3.93	0.186954	351	25	enet	0.04	0.016	0.43634	0.663
Brain_Amygdala	/media/kame/Data/_workings/resource/GTEv8//GTExv8.EUR.Brain_Amygdala/ENSG00000121335.11.wgt.RDat	ENSG00000121335.11	12	11501040	11501041	0.252	rs4763701	-4.73	rs2908833	0.098534	4.57	0.0085	434	9	enet	0.048	0.0097	0.33571	0.737
Brain_Amygdala	/media/kame/Data/_workings/resource/GTEv8//GTExv8.EUR.Brain_Amygdala/ENSG00000247157.6.wgt.RDat	ENSG00000247157.6	12	11548029	11548030	0.484	rs4763701	-4.73	rs7132674	0.192011	4.87	1.288579	437	30	enet	0.12	8e-05	0.85252	0.394
Brain_Amygdala	/media/kame/Data/_workings/resource/GTEv8//GTExv8.EUR.Brain_Amygdala/ENSG00000182993.3.wgt.RDat	ENSG00000182993.3	12	14803571	14803572	0.411	rs1117152	8.1	rs2075268	0.447428	7.3	0.315876	366	10	enet	0.41	2.6e-15	0.07597	0.939
Brain_Amygdala	/media/kame/Data/_workings/resource/GTEv8//GTExv8.EUR.Brain_Amygdala/ENSG00000069431.11.wgt.RDat	ENSG00000069431.11	12	21942528	21942529	0.266	rs7295402	-4.76	rs7968102	0.010401	-3.61	0.738855	415	20	enet	0.024	0.049	0.66778	0.504
Brain_Amygdala	/media/kame/Data/_workings/resource/GTEv8//GTExv8.EUR.Brain_Amygdala/ENSG00000275764.1.wgt.RDat	ENSG00000275764.1	12	27037099	27037100	0.223	rs3782294	-6.33	rs12811301	0.010641	4.12	-2.785898	521	32	enet	0.041	0.016	-0.81956	0.412
Brain_Amygdala	/media/kame/Data/_workings/resource/GTEv8//GTExv8.EUR.Brain_Amygdala/ENSG00000278733.1.wgt.RDat	ENSG00000278733.1	12	28186189	28186190	0.134	rs1965281	-6.15	rs11049693	0.125538	-4.34	-1.135567	438	10	enet	0.076	0.0014	0.4761	0.634
Brain_Amygdala	/media/kame/Data/_workings/resource/GTEv8//GTExv8.EUR.Brain_Amygdala/ENSG00000247934.4.wgt.RDat	ENSG00000247934.4	12	28190737	28190738	0.146	rs1965281	-6.15	rs10219470	0.053532	-3.95	-0.651392	439	30	enet	0.022	0.058	-0.06675	0.947
Brain_Amygdala	/media/kame/Data/_workings/resource/GTEv8//GTExv8.EUR.Brain_Amygdala/ENSG00000275476.1.wgt.RDat	ENSG00000275476.1	12	29277881	29277882	0.217	rs7312184	-3.81	rs12814930	-0.007975	3.36	-0.407617	599	92	enet	-0.0085	1	0.87507	0.382
Brain_Amygdala	/media/kame/Data/_workings/resource/GTEv8//GTExv8.EUR.Brain_Amygdala/ENSG00000257176.2.wgt.RDat	ENSG00000257176.2	12	29317847	29317848	0.443	rs7312184	-3.81	rs12314737	0.266555	5.71	-0.416488	598	29	enet	0.16	3.3e-06	-0.46645	0.641
Brain_Amygdala	/media/kame/Data/_workings/resource/GTEv8//GTExv8.EUR.Brain_Amygdala/ENSG00000110900.14.wgt.RDat	ENSG00000110900.14	12	30926427	30926428	0.541	rs33234	-5.57	rs11051145	0.363796	6.65	-4.527374	483	9	enet	0.28	2.8e-10	-4.24086	2.23e-05
Brain_Amygdala	/media/kame/Data/_workings/resource/GTEv8//GTExv8.EUR.Brain_Amygdala/ENSG00000013573.16.wgt.RDat	ENSG00000013573.16	12	31073847	31073848	0.858	rs33234	-5.57	rs11219	0.687797	-9.2	0.130638	448	23	enet	0.68	8.8e-31	-0.09297	0.926
Brain_Amygdala	/media/kame/Data/_workings/resource/GTEv8//GTExv8.EUR.Brain_Amygdala/ENSG00000177359.17.wgt.RDat	ENSG00000177359.17	12	31206153	31206154	0.261	rs33234	-5.57	rs7971718	0.05349	4.36	1.113392	465	15	enet	0.064	0.0032	0.9443	0.345
Brain_Amygdala	/media/kame/Data/_workings/resource/GTEv8//GTExv8.EUR.Brain_Amygdala/ENSG00000170456.15.wgt.RDat	ENSG00000170456.15	12	31591096	31591097	0.37	rs4931599	-5.85	rs16918637	0.005846	-3.96	0.053833	446	19	enet	0.02	0.067	-0.77327	0.439
Brain_Amygdala	/media/kame/Data/_workings/resource/GTEv8//GTExv8.EUR.Brain_Amygdala/ENSG00000184613.10.wgt.RDat	ENSG00000184613.10	12	44921847	44921848	0.209	rs1037435	5.83	rs2544107	0.006564	3.55	0.67342	316	33	enet	0.033	0.026	2.16946	0.03
Brain_Amygdala	/media/kame/Data/_workings/resource/GTEv8//GTExv8.EUR.Brain_Amygdala/ENSG00000257261.5.wgt.RDat	ENSG00000257261.5	12	46383678	46383679	0.388	rs11183229	12.51	rs2279559	0.085571	-4.71	-0.002477	344	35	enet	0.2	1.9e-07	0.30426	0.761
Brain_Amygdala	/media/kame/Data/_workings/resource/GTEv8//GTExv8.EUR.Brain_Amygdala/ENSG00000272369.1.wgt.RDat	ENSG00000272369.1	12	46537501	46537502	0.345	rs4360754	10.29	rs2408466	0.028638	-3.83	0.470912	374	23	enet	0.13	3.7e-05	-0.27951	0.78
Brain_Amygdala	/media/kame/Data/_workings/resource/GTEv8//GTExv8.EUR.Brain_Amygdala/ENSG00000258181.1.wgt.RDat	ENSG00000258181.1	12	47248123	47248124	0.409	rs215360	-5.56	rs855155	0.121221	5.07	0.052515	463	49	enet	0.07	0.0021	1.3199	0.187
Brain_Amygdala	/media/kame/Data/_workings/resource/GTEv8//GTExv8.EUR.Brain_Amygdala/ENSG00000079337.15.wgt.RDat	ENSG00000079337.15	12	47771039	47771040	0.298	rs215360	-5.56	rs12422983	0.057921	4.67	-1.995184	539	18	enet	0.07	0.0021	-1.72498	0.0845
Brain_Amygdala	/media/kame/Data/_workings/resource/GTEv8//GTExv8.EUR.Brain_Amygdala/ENSG00000268069.2.wgt.RDat	ENSG00000268069.2	12	47784922	47784923	0.277	rs215360	-5.56	rs7418	0.1898	-5.01	-1.653136	538	13	enet	0.1	0.00023	0.30439	0.761
Brain_Amygdala	/media/kame/Data/_workings/resource/GTEv8//GTExv8.EUR.Brain_Amygdala/ENSG00000240399.1.wgt.RDat	ENSG00000240399.1	12	48055590	48055591	0.303	rs7397928	5.56	rs11168371	0.263824	-5.81	1.934531	520	19	enet	0.22	5.3e-08	-1.80044	0.0718
Brain_Amygdala	/media/kame/Data/_workings/resource/GTEv8//GTExv8.EUR.Brain_Amygdala/ENSG00000177981.10.wgt.RDat	ENSG00000177981.10	12	48181212	48181213	0.198	rs10875852	-5.69	rs12305511	0.052377	4.39	2.864542	515	3	enet	0.078	0.0012	2.78333	0.00538
Brain_Amygdala	/media/kame/Data/_workings/resource/GTEv8//GTExv8.EUR.Brain_Amygdala/ENSG00000279875.1.wgt.RDat	ENSG00000279875.1	12	48189348	48189349	0.258	rs2277365	-5.78	rs7962390	0.075994	4.3	1.185116	517	42	enet	0.079	0.0012	0.50204	0.616
Brain_Amygdala	/media/kame/Data/_workings/resource/GTEv8//GTExv8.EUR.Brain_Amygdala/ENSG00000257735.1.wgt.RDat	ENSG00000257735.1	12	48350944	48350945	0.229	rs10875867	-7.33	rs2732457	0.139566	4.41	-0.01667	471	21	enet	0.075	0.0015	0.51266	0.608
Brain_Amygdala	/media/kame/Data/_workings/resource/GTEv8//GTExv8.EUR.Brain_Amygdala/ENSG00000167528.12.wgt.RDat	ENSG00000167528.12	12	48351413	48351414	0.345	rs10875867	-7.33	rs1004746	0.011865	-3.76	-0.162698	472	22	enet	0.017	0.087	-1.21877	0.223
Brain_Amygdala	/media/kame/Data/_workings/resource/GTEv8//GTExv8.EUR.Brain_Amygdala/ENSG00000197376.2.wgt.RDat	ENSG00000197376.2	12	48507353	48507354	0.205	rs10875867	-7.33	rs2732465	0.050378	-3.59	-0.658008	434	23	enet	0.038	0.019	1.35055	0.177
Brain_Amygdala	/media/kame/Data/_workings/resource/GTEv8//GTExv8.EUR.Brain_Amygdala/ENSG00000239617.1.wgt.RDat	ENSG00000239617.1	12	48903812	48903813	0.151	rs7969099	7.48	rs10875886	0.106566	4.08	-0.101998	333	29	enet	0.049	0.0088	0.28811	0.773
Brain_Amygdala	/media/kame/Data/_workings/resource/GTEv8//GTExv8.EUR.Brain_Amygdala/ENSG00000134285.10.wgt.RDat	ENSG00000134285.10	12	48925826	48925827	0.25	rs7969099	7.48	rs2934998	0.182818	5.08	-0.359483	329	35	enet	0.12	5.5e-05	0.52463	0.6
Brain_Amygdala	/media/kame/Data/_workings/resource/GTEv8//GTExv8.EUR.Brain_Amygdala/ENSG00000169884.13.wgt.RDat	ENSG00000169884.13	12	48971762	48971763	0.397	rs7969099	7.48	rs833841	0.201398	5.62	-0.063919	329	14	enet	0.23	2.5e-08	0.12242	0.903
Brain_Amygdala	/media/kame/Data/_workings/resource/GTEv8//GTExv8.EUR.Brain_Amygdala/ENSG00000167553.15.wgt.RDat	ENSG00000167553.15	12	49208545	49208546	0.326	rs11169058	8.05	rs7958241	0.233408	5.74	0.233096	293	32	enet	0.21	1.4e-07	-0.58735	0.557
Brain_Amygdala	/media/kame/Data/_workings/resource/GTEv8//GTExv8.EUR.Brain_Amygdala/ENSG00000272368.2.wgt.RDat	ENSG00000272368.2	12	50123363	50123364	0.446	rs376401	-4.79	rs836180	0.238695	5.57	-3.844969	307	14	enet	0.17	1.5e-06	-1.93324	0.0532
Brain_Amygdala	/media/kame/Data/_workings/resource/GTEv8//GTExv8.EUR.Brain_Amygdala/ENSG00000139624.12.wgt.RDat	ENSG00000139624.12	12	50167532	50167533	0.316	rs376401	-4.79	rs3184122	0.266003	-5.98	-0.153082	306	26	enet	0.27	6.6e-10	0.19353	0.847
Brain_Amygdala	/media/kame/Data/_workings/resource/GTEv8//GTExv8.EUR.Brain_Amygdala/ENSG00000050426.15.wgt.RDat	ENSG00000050426.15	12	51047961	51047962	0.173	rs4761995	6.14	rs7965566	0.007057	-3.82	0.171434	387	15	enet	0.045	0.011	0.41632	0.677
Brain_Amygdala	/media/kame/Data/_workings/resource/GTEv8//GTExv8.EUR.Brain_Amygdala/ENSG00000139629.15.wgt.RDat	ENSG00000139629.15	12	51392866	51392867	0.62	rs4761995	6.14	rs3782473	0.256727	-6.55	-0.869365	407	17	enet	0.33	3.7e-12	1.07055	0.284
Brain_Amygdala	/media/kame/Data/_workings/resource/GTEv8//GTExv8.EUR.Brain_Amygdala/ENSG00000050438.16.wgt.RDat	ENSG00000050438.16	12	51403072	51403073	0.461	rs4761995	6.14	rs907347	0.101656	-4.62	0.63826	410	26	enet	0.12	5.2e-05	-0.04312	0.966
Brain_Amygdala	/media/kame/Data/_workings/resource/GTEv8//GTExv8.EUR.Brain_Amygdala/ENSG00000205426.10.wgt.RDat	ENSG00000205426.10	12	52291533	52291534	0.342	rs636299	6.99	rs11611330	0.204784	5.34	0.341123	763	26	enet	0.16	2.9e-06	-0.04258	0.966
Brain_Amygdala	/media/kame/Data/_workings/resource/GTEv8//GTExv8.EUR.Brain_Amygdala/ENSG00000111077.17.wgt.RDat	ENSG00000111077.17	12	53047050	53047051	0.547	rs636299	6.99	rs2364153	0.256642	-6.05	-1.685713	557	8	enet	0.35	8e-13	1.40796	0.159
Brain_Amygdala	/media/kame/Data/_workings/resource/GTEv8//GTExv8.EUR.Brain_Amygdala/ENSG00000139631.18.wgt.RDat	ENSG00000139631.18	12	53180908	53180909	0.377	rs7309494	5.51	rs11170448	0.146398	-5.07	0.016479	471	20	enet	0.14	1.2e-05	-0.1109	0.912
Brain_Amygdala	/media/kame/Data/_workings/resource/GTEv8//GTExv8.EUR.Brain_Amygdala/ENSG00000135390.17.wgt.RDat	ENSG00000135390.17	12	53677407	53677408	0.187	rs7309494	5.51	rs4759282	0.138903	4.63	1.853056	411	13	enet	0.087	0.00064	1.81496	0.0695
Brain_Amygdala	/media/kame/Data/_workings/resource/GTEv8//GTExv8.EUR.Brain_Amygdala/ENSG00000139531.12.wgt.RDat	ENSG00000139531.12	12	55997179	55997180	0.234	rs17528736	5.06	rs705699	0.155262	-4.74	0.032408	289	6	enet	0.055	0.0061	0.03498	0.972
Brain_Amygdala	/media/kame/Data/_workings/resource/GTEv8//GTExv8.EUR.Brain_Amygdala/ENSG00000197728.9.wgt.RDat	ENSG00000197728.9	12	56041852	56041853	0.782	rs17528736	5.06	rs11171739	0.69308	9.19	-0.169374	286	10	enet	0.7	2.6e-32	-0.16474	0.869
Brain_Amygdala	/media/kame/Data/_workings/resource/GTEv8//GTExv8.EUR.Brain_Amygdala/ENSG00000257303.1.wgt.RDat	ENSG00000257303.1	12	56300141	56300142	0.326	rs17528736	5.06	rs773652	0.191739	-5.14	0.665792	253	31	enet	0.19	3.5e-07	-0.89554	0.37
Brain_Amygdala	/media/kame/Data/_workings/resource/GTEv8//GTExv8.EUR.Brain_Amygdala/ENSG00000178498.15.wgt.RDat	ENSG00000178498.15	12	57604621	57604622	0.293	rs17492255	8.07	rs10783815	0.028946	3.95	2.12866	332	30	enet	0.077	0.0013	1.18284	0.237
Brain_Amygdala	/media/kame/Data/_workings/resource/GTEv8//GTExv8.EUR.Brain_Amygdala/ENSG00000255737.2.wgt.RDat	ENSG00000255737.2	12	57726964	57726965	0.125	rs17492255	8.07	rs701006	0.146549	4.37	3.624559	342	8	enet	0.081	0.00098	2.50334	0.0123
Brain_Amygdala	/media/kame/Data/_workings/resource/GTEv8//GTExv8.EUR.Brain_Amygdala/ENSG00000123427.16.wgt.RDat	ENSG00000123427.16	12	57771605	57771606	0.279	rs17492255	8.07	rs10877011	0.256434	6.05	3.686043	347	35	enet	0.24	6.3e-09	2.47413	0.0134
Brain_Amygdala	/media/kame/Data/_workings/resource/GTEv8//GTExv8.EUR.Brain_Amygdala/ENSG00000166896.7.wgt.RDat	ENSG00000166896.7	12	57941540	57941541	0.381	rs17492255	8.07	rs10877041	0.430659	-7.17	-1.5694	407	13	enet	0.4	4.5e-15	1.38362	0.166
Brain_Amygdala	/media/kame/Data/_workings/resource/GTEv8//GTExv8.EUR.Brain_Amygdala/ENSG00000177990.11.wgt.RDat	ENSG00000177990.11	12	63668848	63668849	0.117	rs488736	4.58	rs11175134	0.082721	-4.28	-0.000207	329	14	enet	0.084	0.00081	0.42588	0.67
Brain_Amygdala	/media/kame/Data/_workings/resource/GTEv8//GTExv8.EUR.Brain_Amygdala/ENSG00000183735.9.wgt.RDat	ENSG00000183735.9	12	64455839	64455840	0.374	rs6581561	6.18	rs12309081	0.049957	3.71	-0.042806	320	12	enet	-0.0044	0.49	-1.27294	0.203
Brain_Amygdala	/media/kame/Data/_workings/resource/GTEv8//GTExv8.EUR.Brain_Amygdala/ENSG00000239335.4.wgt.RDat	ENSG00000239335.4	12	66130768	66130769	0.714	rs17178802	-4.85	rs1168765	0.606458	-8.58	0.052813	466	18	enet	0.61	1.3e-25	-0.28718	0.774
Brain_Amygdala	/media/kame/Data/_workings/resource/GTEv8//GTExv8.EUR.Brain_Amygdala/ENSG00000111581.9.wgt.RDat	ENSG00000111581.9	12	68686733	68686734	0.297	rs11177186	-6.33	rs2701093	0.113162	-4.62	0.133026	518	17	enet	0.07	0.0022	-0.46296	0.643
Brain_Amygdala	/media/kame/Data/_workings/resource/GTEv8//GTExv8.EUR.Brain_Amygdala/ENSG00000127337.6.wgt.RDat	ENSG00000127337.6	12	69359702	69359703	0.526	rs618470	-7.65	rs6581889	0.149514	-4.91	-0.883675	522	55	enet	0.27	9.2e-10	-0.04822	0.962
Brain_Amygdala	/media/kame/Data/_workings/resource/GTEv8//GTExv8.EUR.Brain_Amygdala/ENSG00000166268.10.wgt.RDat	ENSG00000166268.10	12	69825303	69825304	0.314	rs689415	-7.53	rs766256	0.196886	5.76	-1.092999	545	22	enet	0.17	1.9e-06	-1.12527	0.26
Brain_Amygdala	/media/kame/Data/_workings/resource/GTEv8//GTExv8.EUR.Brain_Amygdala/ENSG00000257139.1.wgt.RDat	ENSG00000257139.1	12	70180337	70180338	0.319	rs11178054	-3.13	rs17226003	0.108714	-4.62	-0.060033	576	14	enet	0.18	7e-07	0.48017	0.631
Brain_Amygdala	/media/kame/Data/_workings/resource/GTEv8//GTExv8.EUR.Brain_Amygdala/ENSG00000257815.5.wgt.RDat	ENSG00000257815.5	12	70242892	70242893	0.408	rs11178054	-3.13	rs11609337	0.312542	6.17	0.064305	571	34	enet	0.27	5.8e-10	0.47512	0.635
Brain_Amygdala	/media/kame/Data/_workings/resource/GTEv8//GTExv8.EUR.Brain_Amygdala/ENSG00000236333.3.wgt.RDat	ENSG00000236333.3	12	72274906	72274907	0.232	rs4073007	7.92	rs7970417	0.137736	5	0.677452	384	66	enet	0.2	1.8e-07	-3.40669	0.000658
Brain_Amygdala	/media/kame/Data/_workings/resource/GTEv8//GTExv8.EUR.Brain_Amygdala/ENSG00000180481.10.wgt.RDat	ENSG00000180481.10	12	75391069	75391070	0.624	rs1405451	6.15	rs12369556	0.659239	-8.84	0.174049	467	22	enet	0.64	1.3e-27	-0.20902	0.834
Brain_Amygdala	/media/kame/Data/_workings/resource/GTEv8//GTExv8.EUR.Brain_Amygdala/ENSG00000111615.13.wgt.RDat	ENSG00000111615.13	12	75511620	75511621	0.252	rs1405451	6.15	rs11610328	0.067221	4.38	0.651824	521	17	enet	0.055	0.006	0.59848	0.55
Brain_Amygdala	/media/kame/Data/_workings/resource/GTEv8//GTExv8.EUR.Brain_Amygdala/ENSG00000179941.6.wgt.RDat	ENSG00000179941.6	12	76348441	76348442	0.359	rs17042538	-4.28	rs11106529	-0.008053	3.29	-0.832286	430	50	enet	0.00059	0.3	-0.40375	0.686
Brain_Amygdala	/media/kame/Data/_workings/resource/GTEv8//GTExv8.EUR.Brain_Amygdala/ENSG00000139220.16.wgt.RDat	ENSG00000139220.16	12	81759552	81759553	0.159	rs2066955	6.88	rs11114822	0.063823	3.78	-0.886727	384	15	enet	-0.0057	0.57	-1.04727	0.295
Brain_Amygdala	/media/kame/Data/_workings/resource/GTEv8//GTExv8.EUR.Brain_Amygdala/ENSG00000257431.1.wgt.RDat	ENSG00000257431.1	12	82512676	82512677	0.393	rs10506863	-5.49	rs7972368	0.105707	4.39	0.271029	361	36	enet	0.2	2.1e-07	0.29897	0.765
Brain_Amygdala	/media/kame/Data/_workings/resource/GTEv8//GTExv8.EUR.Brain_Amygdala/ENSG00000271259.1.wgt.RDat	ENSG00000271259.1	12	89371819	89371820	0.258	rs12582424	-3.59	rs10858840	-0.008323	-3.58	1.134048	348	14	enet	-0.0077	0.75	0.00409	0.997
Brain_Amygdala	/media/kame/Data/_workings/resource/GTEv8//GTExv8.EUR.Brain_Amygdala/ENSG00000258302.2.wgt.RDat	ENSG00000258302.2	12	89561128	89561129	0.202	rs12582424	-3.59	rs11105298	0.010214	3.61	-0.309881	359	17	enet	-0.0083	0.88	-0.22519	0.822
Brain_Amygdala	/media/kame/Data/_workings/resource/GTEv8//GTExv8.EUR.Brain_Amygdala/ENSG00000075415.12.wgt.RDat	ENSG00000075415.12	12	98593590	98593591	0.269	rs7313721	-5.86	rs12816489	0.121961	4.41	-3.888593	443	37	enet	0.077	0.0013	-1.29046	0.197
Brain_Amygdala	/media/kame/Data/_workings/resource/GTEv8//GTExv8.EUR.Brain_Amygdala/ENSG00000166130.14.wgt.RDat	ENSG00000166130.14	12	98645112	98645113	0.282	rs4762219	-6.17	rs3815997	0.218926	5.41	0.21503	444	10	enet	0.2	1.6e-07	0.38813	0.698
Brain_Amygdala	/media/kame/Data/_workings/resource/GTEv8//GTExv8.EUR.Brain_Amygdala/ENSG00000111666.10.wgt.RDat	ENSG00000111666.10	12	101696946	101696947	0.221	rs10860794	8.61	rs3809260	0.169766	-4.87	-1.281795	443	30	enet	0.12	6.1e-05	0.75684	0.449
Brain_Amygdala	/media/kame/Data/_workings/resource/GTEv8//GTExv8.EUR.Brain_Amygdala/ENSG00000257681.1.wgt.RDat	ENSG00000257681.1	12	103768857	103768858	0.358	rs12817542	6.6	rs11111751	0.13223	4.86	0.377609	612	16	enet	0.15	8.7e-06	0.75992	0.447
Brain_Amygdala	/media/kame/Data/_workings/resource/GTEv8//GTExv8.EUR.Brain_Amygdala/ENSG00000204954.9.wgt.RDat	ENSG00000204954.9	12	103965707	103965708	0.435	rs7309088	-5.52	rs1165692	0.116424	-5.04	-0.645184	633	17	enet	0.19	3.4e-07	0.45013	0.653
Brain_Amygdala	/media/kame/Data/_workings/resource/GTEv8//GTExv8.EUR.Brain_Amygdala/ENSG00000110880.10.wgt.RDat	ENSG00000110880.10	12	108731595	108731596	0.239	rs8179137	-5.93	rs3741782	0.073693	-3.94	1.151439	485	4	enet	0.0013	0.29	-0.57968	0.562
Brain_Amygdala	/media/kame/Data/_workings/resource/GTEv8//GTExv8.EUR.Brain_Amygdala/ENSG00000139433.9.wgt.RDat	ENSG00000139433.9	12	109880487	109880488	0.333	rs7313797	13.27	rs12823540	0.128418	-4.92	-0.045588	350	30	enet	0.14	1.7e-05	0.98445	0.325
Brain_Amygdala	/media/kame/Data/_workings/resource/GTEv8//GTExv8.EUR.Brain_Amygdala/ENSG00000089250.18.wgt.RDat	ENSG00000089250.18	12	117452169	117452170	0.394	rs9658498	14.07	rs7306852	0.105269	-4.81	0.451961	626	40	enet	0.13	2.4e-05	-0.69942	0.484
Brain_Amygdala	/media/kame/Data/_workings/resource/GTEv8//GTExv8.EUR.Brain_Amygdala/ENSG00000277873.1.wgt.RDat	ENSG00000277873.1	12	118025517	118025518	0.364	rs17512609	11.58	rs12424746	0.007925	-3.23	1.380334	554	55	enet	0.085	0.00078	-1.81617	0.0693
Brain_Amygdala	/media/kame/Data/_workings/resource/GTEv8//GTExv8.EUR.Brain_Amygdala/ENSG00000089220.4.wgt.RDat	ENSG00000089220.4	12	118136026	118136027	0.291	rs17512609	11.58	rs708868	0.069264	4.06	5.259111	501	12	enet	0.1	0.00027	4.5873	4.49e-06
Brain_Amygdala	/media/kame/Data/_workings/resource/GTEv8//GTExv8.EUR.Brain_Amygdala/ENSG00000275759.1.wgt.RDat	ENSG00000275759.1	12	118428280	118428281	0.353	rs17512609	11.58	rs17512609	0.130307	-5.12	11.581894	446	32	enet	0.098	0.00031	-7.83694	4.62e-15
Brain_Amygdala	/media/kame/Data/_workings/resource/GTEv8//GTExv8.EUR.Brain_Amygdala/ENSG00000135097.6.wgt.RDat	ENSG00000135097.6	12	120369179	120369180	0.207	rs10774542	-8.05	rs3999561	0.0104	-3.41	-2.854984	379	29	enet	0.038	0.018	2.65338	0.00797
Brain_Amygdala	/media/kame/Data/_workings/resource/GTEv8//GTExv8.EUR.Brain_Amygdala/ENSG00000239881.1.wgt.RDat	ENSG00000239881.1	12	120369439	120369440	0.238	rs10774542	-8.05	rs1179450	0.077455	-4.23	-0.180685	379	16	enet	0.08	0.0011	1.39885	0.162
Brain_Amygdala	/media/kame/Data/_workings/resource/GTEv8//GTExv8.EUR.Brain_Amygdala/ENSG00000257218.5.wgt.RDat	ENSG00000257218.5	12	120446437	120446438	0.722	rs10774542	-8.05	rs2301456	0.32621	-6.95	-3.71632	385	26	enet	0.46	1.2e-17	1.65489	0.0979
Brain_Amygdala	/media/kame/Data/_workings/resource/GTEv8//GTExv8.EUR.Brain_Amygdala/ENSG00000110917.7.wgt.RDat	ENSG00000110917.7	12	120686868	120686869	0.308	rs2859263	3.94	rs3213569	0.020293	4.03	-1.222636	437	53	enet	0.058	0.0049	0.61744	0.537
Brain_Amygdala	/media/kame/Data/_workings/resource/GTEv8//GTExv8.EUR.Brain_Amygdala/ENSG00000122971.8.wgt.RDat	ENSG00000122971.8	12	120725734	120725735	0.308	rs2859263	3.94	rs2239760	0.109673	4.56	-0.938978	442	16	enet	0.083	9e-04	-1.17502	0.24
Brain_Amygdala	/media/kame/Data/_workings/resource/GTEv8//GTExv8.EUR.Brain_Amygdala/ENSG00000170633.16.wgt.RDat	ENSG00000170633.16	12	121400040	121400041	0.184	rs2707068	5.04	rs11838335	0.021824	-3.32	-0.052509	385	8	enet	0.003	0.25	0.3585	0.72
Brain_Amygdala	/media/kame/Data/_workings/resource/GTEv8//GTExv8.EUR.Brain_Amygdala/ENSG00000033030.13.wgt.RDat	ENSG00000033030.13	12	122501072	122501073	0.23	rs11061244	-3.8	rs1182927	-0.001813	3.02	0.490072	317	36	enet	0.016	0.09	-0.2973	0.766
Brain_Amygdala	/media/kame/Data/_workings/resource/GTEv8//GTExv8.EUR.Brain_Amygdala/ENSG00000130783.13.wgt.RDat	ENSG00000130783.13	12	122774326	122774327	0.273	rs11061244	-3.8	rs12227778	0.048588	-3.71	0.013207	296	24	enet	0.1	0.00025	0.92357	0.356
Brain_Amygdala	/media/kame/Data/_workings/resource/GTEv8//GTExv8.EUR.Brain_Amygdala/ENSG00000090975.12.wgt.RDat	ENSG00000090975.12	12	123150014	123150015	0.447	rs7358562	-4.67	rs11572951	-0.002512	3.71	-2.511731	315	40	enet	0.016	0.088	0.18586	0.853
Brain_Amygdala	/media/kame/Data/_workings/resource/GTEv8//GTExv8.EUR.Brain_Amygdala/ENSG00000111364.15.wgt.RDat	ENSG00000111364.15	12	123602098	123602099	0.326	rs10846600	6.45	rs11057298	0.182737	-5.11	-0.806053	367	22	enet	0.16	4.5e-06	0.75264	0.452
Brain_Amygdala	/media/kame/Data/_workings/resource/GTEv8//GTExv8.EUR.Brain_Amygdala/ENSG00000168778.11.wgt.RDat	ENSG00000168778.11	12	123671112	123671113	0.342	rs10846600	6.45	rs10773019	0.008819	-3.5	-3.83795	380	28	enet	0.0073	0.17	2.19931	0.0279
Brain_Amygdala	/media/kame/Data/_workings/resource/GTEv8//GTExv8.EUR.Brain_Amygdala/ENSG00000081760.16.wgt.RDat	ENSG00000081760.16	12	125065378	125065379	0.33	rs748548	13.36	rs3847938	-0.008443	-3.37	-1.560904	541	29	enet	0.011	0.13	-1.79835	0.0721
Brain_Amygdala	/media/kame/Data/_workings/resource/GTEv8//GTExv8.EUR.Brain_Amygdala/ENSG00000279233.1.wgt.RDat	ENSG00000279233.1	12	125138244	125138245	0.31	rs748548	13.36	rs7133614	0.171569	4.82	-0.344921	539	8	enet	0.052	0.0074	-0.69157	0.489
Brain_Amygdala	/media/kame/Data/_workings/resource/GTEv8//GTExv8.EUR.Brain_Amygdala/ENSG00000255595.2.wgt.RDat	ENSG00000255595.2	12	126191262	126191263	0.225	rs11613053	-6.42	rs17577161	0.21038	5.05	-0.543729	582	9	enet	0.17	1.4e-06	-0.67396	0.5
Brain_Amygdala	/media/kame/Data/_workings/resource/GTEv8//GTExv8.EUR.Brain_Amygdala/ENSG00000111450.13.wgt.RDat	ENSG00000111450.13	12	130839265	130839266	0.322	rs11608663	-6.59	rs3890823	-0.008543	3.47	-0.134868	639	48	enet	0.0044	0.22	0.67835	0.498
Brain_Amygdala	/media/kame/Data/_workings/resource/GTEv8//GTExv8.EUR.Brain_Amygdala/ENSG00000111452.12.wgt.RDat	ENSG00000111452.12	12	130953906	130953907	0.502	rs11608663	-6.59	rs3847691	-0.000272	3.67	-0.159888	629	27	enet	0.085	0.00078	1.06874	0.285
Brain_Amygdala	/media/kame/Data/_workings/resource/GTEv8//GTExv8.EUR.Brain_Amygdala/ENSG00000273568.1.wgt.RDat	ENSG00000273568.1	12	131934641	131934642	0.317	rs10902536	-3.45	rs28623158	-0.006799	-3.16	0.758819	399	42	enet	0.0087	0.16	-0.60429	0.546
Brain_Amygdala	/media/kame/Data/_workings/resource/GTEv8//GTExv8.EUR.Brain_Amygdala/ENSG00000185684.12.wgt.RDat	ENSG00000185684.12	12	132084282	132084283	0.468	rs10902536	-3.45	rs7973039	0.166405	-4.59	-0.34195	335	45	enet	0.12	8.9e-05	0.16125	0.872
Brain_Amygdala	/media/kame/Data/_workings/resource/GTEv8//GTExv8.EUR.Brain_Amygdala/ENSG00000185163.9.wgt.RDat	ENSG00000185163.9	12	132144334	132144335	0.41	rs2091731	3.13	rs12322796	0.148372	5.1	-1.01604	314	32	enet	0.12	8.1e-05	-0.13319	0.894
Brain_Amygdala	/media/kame/Data/_workings/resource/GTEv8//GTExv8.EUR.Brain_Amygdala/ENSG00000256576.2.wgt.RDat	ENSG00000256576.2	12	132189694	132189695	0.31	rs2091731	3.13	rs10902506	0.240458	-5.54	-0.000874	326	8	enet	0.13	3.4e-05	0.0055	0.996
Brain_Amygdala	/media/kame/Data/_workings/resource/GTEv8//GTExv8.EUR.Brain_Amygdala/ENSG00000277011.1.wgt.RDat	ENSG00000277011.1	12	132282813	132282814	0.29	rs2091731	3.13	rs11147102	-0.007243	3.2	1.292227	326	2	enet	-0.00058	0.34	1.28687	0.198
Brain_Amygdala	/media/kame/Data/_workings/resource/GTEv8//GTExv8.EUR.Brain_Amygdala/ENSG00000177084.16.wgt.RDat	ENSG00000177084.16	12	132687358	132687359	0.237	rs2091731	3.13	rs14302	0.124708	3.95	-0.127874	268	10	enet	0.0095	0.15	-0.10753	0.914
Brain_Amygdala	/media/kame/Data/_workings/resource/GTEv8//GTExv8.EUR.Brain_Amygdala/ENSG00000176894.9.wgt.RDat	ENSG00000176894.9	12	132687605	132687606	0.491	rs2091731	3.13	rs10357	0.117401	4.38	0.297585	268	27	enet	0.07	0.0022	-0.41014	0.682
Brain_Amygdala	/media/kame/Data/_workings/resource/GTEv8//GTExv8.EUR.Brain_Amygdala/ENSG00000236617.2.wgt.RDat	ENSG00000236617.2	12	132887841	132887842	0.176	rs2091731	3.13	rs11147046	0.098968	4.52	-0.04805	235	15	enet	0.066	0.0029	-0.25627	0.798
Brain_Amygdala	/media/kame/Data/_workings/resource/GTEv8//GTExv8.EUR.Brain_Amygdala/ENSG00000250790.4.wgt.RDat	ENSG00000250790.4	12	132911469	132911470	0.247	rs2091731	3.13	rs1278607	0.048371	3.8	0.083645	232	10	enet	0.035	0.023	-0.15733	0.875
Brain_Amygdala	/media/kame/Data/_workings/resource/GTEv8//GTExv8.EUR.Brain_Amygdala/ENSG00000132953.16.wgt.RDat	ENSG00000132953.16	13	20903047	20903048	0.238	rs9509242	-3.5	rs7323504	0.016615	3.89	0.184591	458	32	enet	0.049	0.0087	-0.79385	0.427
Brain_Amygdala	/media/kame/Data/_workings/resource/GTEv8//GTExv8.EUR.Brain_Amygdala/ENSG00000240654.6.wgt.RDat	ENSG00000240654.6	13	24307165	24307166	0.428	rs6490975	6.06	rs11551114	0.230397	5.51	-0.970623	715	33	enet	0.16	4.3e-06	0.28703	0.774
Brain_Amygdala	/media/kame/Data/_workings/resource/GTEv8//GTExv8.EUR.Brain_Amygdala/ENSG00000205822.10.wgt.RDat	ENSG00000205822.10	13	24408156	24408157	0.448	rs6490975	6.06	rs4770710	0.223742	5.74	-0.871346	700	25	enet	0.3	1e-10	-0.63544	0.525
Brain_Amygdala	/media/kame/Data/_workings/resource/GTEv8//GTExv8.EUR.Brain_Amygdala/ENSG00000253771.5.wgt.RDat	ENSG00000253771.5	13	24968486	24968487	0.539	rs6490975	6.06	rs9507439	0.170721	5.14	-0.868236	512	23	enet	0.25	3.1e-09	-0.12224	0.903
Brain_Amygdala	/media/kame/Data/_workings/resource/GTEv8//GTExv8.EUR.Brain_Amygdala/ENSG00000180730.4.wgt.RDat	ENSG00000180730.4	13	26051030	26051031	0.317	rs7331349	4.37	rs9512057	-0.008388	-3.16	-0.641828	487	36	enet	0.022	0.06	-0.13436	0.893
Brain_Amygdala	/media/kame/Data/_workings/resource/GTEv8//GTExv8.EUR.Brain_Amygdala/ENSG00000132970.12.wgt.RDat	ENSG00000132970.12	13	26557702	26557703	0.302	rs2497978	-4.28	rs1625599	0.090669	4.22	-0.011887	620	17	enet	0.044	0.012	0.44859	0.654
Brain_Amygdala	/media/kame/Data/_workings/resource/GTEv8//GTExv8.EUR.Brain_Amygdala/ENSG00000230641.1.wgt.RDat	ENSG00000230641.1	13	27172258	27172259	0.354	rs1006353	4.65	rs1327305	0.006426	3.74	-0.385218	613	62	enet	0.081	0.001	1.23328	0.217
Brain_Amygdala	/media/kame/Data/_workings/resource/GTEv8//GTExv8.EUR.Brain_Amygdala/ENSG00000261485.1.wgt.RDat	ENSG00000261485.1	13	28138192	28138193	0.274	rs2027576	-7.71	rs9551447	0.018723	4.4	0.189804	532	18	enet	0.06	0.0042	0.29588	0.767
Brain_Amygdala	/media/kame/Data/_workings/resource/GTEv8//GTExv8.EUR.Brain_Amygdala/ENSG00000139508.14.wgt.RDat	ENSG00000139508.14	13	28718969	28718970	0.252	rs2387632	4.67	rs1300239	0.040002	3.66	-0.481693	467	2	enet	-0.0085	0.93	-0.41356	0.679
Brain_Amygdala	/media/kame/Data/_workings/resource/GTEv8//GTExv8.EUR.Brain_Amygdala/ENSG00000120669.15.wgt.RDat	ENSG00000120669.15	13	36214614	36214615	0.533	rs17191516	-5.26	rs943893	0.457445	7.4	0.297329	538	45	enet	0.48	2.5e-18	0.58215	0.56
Brain_Amygdala	/media/kame/Data/_workings/resource/GTEv8//GTExv8.EUR.Brain_Amygdala/ENSG00000242715.7.wgt.RDat	ENSG00000242715.7	13	36297839	36297840	0.468	rs9566159	5.98	rs9547431	0.197141	-5.87	0.00402	527	38	enet	0.13	3.3e-05	0.12018	0.904
Brain_Amygdala	/media/kame/Data/_workings/resource/GTEv8//GTExv8.EUR.Brain_Amygdala/ENSG00000150893.10.wgt.RDat	ENSG00000150893.10	13	38687128	38687129	0.334	rs9548416	-7.28	rs12020645	0.205241	-5.58	-0.211519	466	56	enet	0.17	1.7e-06	1.32461	0.185
Brain_Amygdala	/media/kame/Data/_workings/resource/GTEv8//GTExv8.EUR.Brain_Amygdala/ENSG00000133103.16.wgt.RDat	ENSG00000133103.16	13	39655626	39655627	0.225	rs9576809	4.78	rs9548854	0.149064	4.6	-0.062766	524	15	enet	0.074	0.0016	-0.16992	0.865
Brain_Amygdala	/media/kame/Data/_workings/resource/GTEv8//GTExv8.EUR.Brain_Amygdala/ENSG00000176268.5.wgt.RDat	ENSG00000176268.5	13	40863901	40863902	0.313	rs9525438	-4.49	rs4254182	0.198042	-5.29	-2.012827	350	13	enet	0.13	4.6e-05	2.19743	0.028
Brain_Amygdala	/media/kame/Data/_workings/resource/GTEv8//GTExv8.EUR.Brain_Amygdala/ENSG00000168852.12.wgt.RDat	ENSG00000168852.12	13	40921748	40921749	0.151	rs9525438	-4.49	rs7320344	0.16167	-4.6	-2.179004	331	23	enet	0.11	0.00019	2.58509	0.00974
Brain_Amygdala	/media/kame/Data/_workings/resource/GTEv8//GTExv8.EUR.Brain_Amygdala/ENSG00000120675.5.wgt.RDat	ENSG00000120675.5	13	43023202	43023203	0.748	rs12863816	-7.04	rs2281782	0.625686	-8.59	0.057306	596	42	enet	0.58	4.8e-24	0.16943	0.865
Brain_Amygdala	/media/kame/Data/_workings/resource/GTEv8//GTExv8.EUR.Brain_Amygdala/ENSG00000151773.12.wgt.RDat	ENSG00000151773.12	13	43874926	43874927	0.285	rs9533799	-6.16	rs9533678	0.012218	-3.84	4.123732	523	28	enet	0.014	0.1	-1.01639	0.309
Brain_Amygdala	/media/kame/Data/_workings/resource/GTEv8//GTExv8.EUR.Brain_Amygdala/ENSG00000179630.10.wgt.RDat	ENSG00000179630.10	13	43879283	43879284	0.357	rs9533799	-6.16	rs3088362	0.088809	-4.49	0.014391	523	18	enet	0.13	3.1e-05	-0.18165	0.856
Brain_Amygdala	/media/kame/Data/_workings/resource/GTEv8//GTExv8.EUR.Brain_Amygdala/ENSG00000280060.1.wgt.RDat	ENSG00000280060.1	13	43895181	43895182	0.213	rs9533799	-6.16	rs9533520	0.034228	3.71	-1.039054	520	7	enet	0.00067	0.3	-1.14662	0.252
Brain_Amygdala	/media/kame/Data/_workings/resource/GTEv8//GTExv8.EUR.Brain_Amygdala/ENSG00000227258.5.wgt.RDat	ENSG00000227258.5	13	44110450	44110451	0.571	rs9533799	-6.16	rs9525917	0.356963	6.62	-2.150828	480	23	enet	0.36	3.2e-13	-2.24769	0.0246
Brain_Amygdala	/media/kame/Data/_workings/resource/GTEv8//GTExv8.EUR.Brain_Amygdala/ENSG00000273149.1.wgt.RDat	ENSG00000273149.1	13	45340184	45340185	0.208	rs3014908	-3.32	rs9316161	-0.003393	3.46	-0.409174	438	25	enet	0.016	0.093	0.31463	0.753
Brain_Amygdala	/media/kame/Data/_workings/resource/GTEv8//GTExv8.EUR.Brain_Amygdala/ENSG00000174032.16.wgt.RDat	ENSG00000174032.16	13	45411937	45411938	0.369	rs3014908	-3.32	rs17067012	-0.008529	3.16	0.23641	451	36	enet	-0.0082	0.84	0.38737	0.698
Brain_Amygdala	/media/kame/Data/_workings/resource/GTEv8//GTExv8.EUR.Brain_Amygdala/ENSG00000136152.14.wgt.RDat	ENSG00000136152.14	13	45464897	45464898	0.208	rs3014908	-3.32	rs9316163	0.070094	3.82	-0.197902	458	8	enet	0.084	0.00081	-0.0532	0.958
Brain_Amygdala	/media/kame/Data/_workings/resource/GTEv8//GTExv8.EUR.Brain_Amygdala/ENSG00000235903.7.wgt.RDat	ENSG00000235903.7	13	46052805	46052806	0.833	rs9316187	4.69	rs17600984	0.547486	8.07	0.072809	510	7	enet	0.48	9.4e-19	0.12063	0.904
Brain_Amygdala	/media/kame/Data/_workings/resource/GTEv8//GTExv8.EUR.Brain_Amygdala/ENSG00000227848.1.wgt.RDat	ENSG00000227848.1	13	48001388	48001389	0.367	rs1172484	-4.28	rs17425881	-0.002153	3.27	-1.876208	366	51	enet	0.075	0.0016	-0.48016	0.631
Brain_Amygdala	/media/kame/Data/_workings/resource/GTEv8//GTExv8.EUR.Brain_Amygdala/ENSG00000276968.1.wgt.RDat	ENSG00000276968.1	13	48042183	48042184	0.294	rs1172484	-4.28	rs7991892	0.182642	5.28	0.191814	358	16	enet	0.079	0.0011	0.84538	0.398
Brain_Amygdala	/media/kame/Data/_workings/resource/GTEv8//GTExv8.EUR.Brain_Amygdala/ENSG00000275202.1.wgt.RDat	ENSG00000275202.1	13	48975910	48975911	0.239	rs2407249	-3.66	rs7994368	0.226852	-5.39	-0.25384	396	5	enet	0.17	2.5e-06	0.30386	0.761
Brain_Amygdala	/media/kame/Data/_workings/resource/GTEv8//GTExv8.EUR.Brain_Amygdala/ENSG00000136144.11.wgt.RDat	ENSG00000136144.11	13	49585582	49585583	0.314	rs1885684	2.93	rs7322971	0.085197	-4.51	1.310845	375	12	enet	0.13	3.4e-05	-1.03264	0.302
Brain_Amygdala	/media/kame/Data/_workings/resource/GTEv8//GTExv8.EUR.Brain_Amygdala/ENSG00000123179.13.wgt.RDat	ENSG00000123179.13	13	49691474	49691475	0.512	rs2066613	3.11	rs9562909	0.161232	-5.38	-0.417578	390	21	enet	0.3	9.9e-11	0.79254	0.428
Brain_Amygdala	/media/kame/Data/_workings/resource/GTEv8//GTExv8.EUR.Brain_Amygdala/ENSG00000237152.3.wgt.RDat	ENSG00000237152.3	13	50807855	50807856	0.39	rs201789	6.41	rs2761840	0.177232	-6.47	0.154248	531	21	enet	0.21	7.2e-08	-0.60038	0.548
Brain_Amygdala	/media/kame/Data/_workings/resource/GTEv8//GTExv8.EUR.Brain_Amygdala/ENSG00000136104.19.wgt.RDat	ENSG00000136104.19	13	50909677	50909678	0.623	rs201789	6.41	rs9535526	0.445922	-7.36	0.746721	528	12	enet	0.4	1.1e-14	-0.63169	0.528
Brain_Amygdala	/media/kame/Data/_workings/resource/GTEv8//GTExv8.EUR.Brain_Amygdala/ENSG00000233672.6.wgt.RDat	ENSG00000233672.6	13	50910763	50910764	0.445	rs201789	6.41	rs7994724	0.042297	-3.9	1.736683	528	21	enet	0.049	0.0092	-0.48757	0.626
Brain_Amygdala	/media/kame/Data/_workings/resource/GTEv8//GTExv8.EUR.Brain_Amygdala/ENSG00000253710.2.wgt.RDat	ENSG00000253710.2	13	52012397	52012398	0.13	rs11148233	-3.37	rs9535878	0.016194	3.65	0.07553	351	11	enet	0.012	0.12	-0.00704	0.994
Brain_Amygdala	/media/kame/Data/_workings/resource/GTEv8//GTExv8.EUR.Brain_Amygdala/ENSG00000272281.6.wgt.RDat	ENSG00000272281.6	13	52334276	52334277	0.289	rs11148233	-3.37	rs9535894	0.159887	5.31	-1.923389	365	10	enet	0.16	4.3e-06	-1.69977	0.0892
Brain_Amygdala	/media/kame/Data/_workings/resource/GTEv8//GTExv8.EUR.Brain_Amygdala/ENSG00000278238.1.wgt.RDat	ENSG00000278238.1	13	52455330	52455331	0.191	rs2236363	-3.9	rs9536203	0.023519	-3.95	0.46794	358	28	enet	0.026	0.045	-0.18573	0.853
Brain_Amygdala	/media/kame/Data/_workings/resource/GTEv8//GTExv8.EUR.Brain_Amygdala/ENSG00000136108.14.wgt.RDat	ENSG00000136108.14	13	52455428	52455429	0.354	rs2236363	-3.9	rs4886018	0.224501	5.6	0.164587	358	19	enet	0.18	1.3e-06	-0.1264	0.899
Brain_Amygdala	/media/kame/Data/_workings/resource/GTEv8//GTExv8.EUR.Brain_Amygdala/ENSG00000139675.11.wgt.RDat	ENSG00000139675.11	13	52640785	52640786	0.146	rs9527046	4.7	rs4886018	0.035362	4.25	0.164587	404	10	enet	0.052	0.0072	0.08648	0.931
Brain_Amygdala	/media/kame/Data/_workings/resource/GTEv8//GTExv8.EUR.Brain_Amygdala/ENSG00000279325.1.wgt.RDat	ENSG00000279325.1	13	53193666	53193667	0.219	rs7332332	11.93	rs1530399	0.149747	-5.09	10.81649	522	8	enet	0.15	8e-06	-6.32372	2.55e-10
Brain_Amygdala	/media/kame/Data/_workings/resource/GTEv8//GTExv8.EUR.Brain_Amygdala/ENSG00000150361.11.wgt.RDat	ENSG00000150361.11	13	70108492	70108493	0.29	rs9634970	5.02	rs2501200	0.067638	-4.36	-0.021961	479	13	enet	0.084	0.00081	1.4809	0.139
Brain_Amygdala	/media/kame/Data/_workings/resource/GTEv8//GTExv8.EUR.Brain_Amygdala/ENSG00000230223.6.wgt.RDat	ENSG00000230223.6	13	70115140	70115141	0.503	rs9634970	5.02	rs2119585	0.045158	-4.89	0.002165	479	26	enet	0.17	2.2e-06	-0.13536	0.892
Brain_Amygdala	/media/kame/Data/_workings/resource/GTEv8//GTExv8.EUR.Brain_Amygdala/ENSG00000083535.15.wgt.RDat	ENSG00000083535.15	13	72782096	72782097	0.356	rs1924939	-8.5	rs1543695	0.076252	-4.42	-1.171278	511	28	enet	0.11	0.00019	0.4741	0.635
Brain_Amygdala	/media/kame/Data/_workings/resource/GTEv8//GTExv8.EUR.Brain_Amygdala/ENSG00000118939.17.wgt.RDat	ENSG00000118939.17	13	75549479	75549480	0.824	rs10507843	3.92	rs2296146	0.493325	-7.76	-0.20797	551	38	enet	0.45	5.2e-17	0.1865	0.852
Brain_Amygdala	/media/kame/Data/_workings/resource/GTEv8//GTExv8.EUR.Brain_Amygdala/ENSG00000229865.1.wgt.RDat	ENSG00000229865.1	13	78422822	78422823	0.243	rs1972227	4.72	rs4341647	0.243897	-6.01	-0.241452	487	6	enet	0.18	7.5e-07	0.20448	0.838
Brain_Amygdala	/media/kame/Data/_workings/resource/GTEv8//GTExv8.EUR.Brain_Amygdala/ENSG00000227354.6.wgt.RDat	ENSG00000227354.6	13	79406308	79406309	0.724	rs7994255	9.38	rs9574424	0.363369	6.7	0.852254	393	48	enet	0.27	9.6e-10	1.05873	0.29
Brain_Amygdala	/media/kame/Data/_workings/resource/GTEv8//GTExv8.EUR.Brain_Amygdala/ENSG00000281721.1.wgt.RDat	ENSG00000281721.1	13	80011076	80011077	0.464	rs7994255	9.38	rs2329151	0.3296	6.36	1.000423	378	14	enet	0.34	1.5e-12	0.93788	0.348
Brain_Amygdala	/media/kame/Data/_workings/resource/GTEv8//GTExv8.EUR.Brain_Amygdala/ENSG00000179399.14.wgt.RDat	ENSG00000179399.14	13	91398606	91398607	0.275	rs525661	6.5	rs9523351	-0.004756	-3.36	-2.314467	431	23	enet	-0.0053	0.54	0.48798	0.626
Brain_Amygdala	/media/kame/Data/_workings/resource/GTEv8//GTExv8.EUR.Brain_Amygdala/ENSG00000080166.15.wgt.RDat	ENSG00000080166.15	13	94479681	94479682	0.433	rs9516336	6.26	rs9561623	0.286164	6.24	-3.407481	564	13	enet	0.25	2.9e-09	-3.14261	0.00167
Brain_Amygdala	/media/kame/Data/_workings/resource/GTEv8//GTExv8.EUR.Brain_Amygdala/ENSG00000152749.7.wgt.RDat	ENSG00000152749.7	13	94601902	94601903	0.383	rs4148536	-4.24	rs9301977	0.211917	-5.35	1.384372	634	28	enet	0.11	9.7e-05	-1.60001	0.11
Brain_Amygdala	/media/kame/Data/_workings/resource/GTEv8//GTExv8.EUR.Brain_Amygdala/ENSG00000102580.14.wgt.RDat	ENSG00000102580.14	13	95677138	95677139	0.166	rs2993600	-5.34	rs11070154	0.019221	-4	-0.000161	494	16	enet	-0.0049	0.52	-1.10223	0.27
Brain_Amygdala	/media/kame/Data/_workings/resource/GTEv8//GTExv8.EUR.Brain_Amygdala/ENSG00000260992.1.wgt.RDat	ENSG00000260992.1	13	99087818	99087819	0.324	rs7998284	-4.23	rs2390184	0.170062	-5.2	2.582002	545	16	enet	0.067	0.0026	-2.14247	0.0322
Brain_Amygdala	/media/kame/Data/_workings/resource/GTEv8//GTExv8.EUR.Brain_Amygdala/ENSG00000280734.2.wgt.RDat	ENSG00000280734.2	13	99499305	99499306	0.339	rs12430038	5.01	rs4772217	0.038452	-4.19	-0.000662	498	40	enet	0.086	0.00072	2.38185	0.0172
Brain_Amygdala	/media/kame/Data/_workings/resource/GTEv8//GTExv8.EUR.Brain_Amygdala/ENSG00000272143.1.wgt.RDat	ENSG00000272143.1	13	102394629	102394630	0.295	rs12872647	7.75	rs6491681	0.185226	-5.36	1.292364	598	16	enet	0.17	1.3e-06	-1.31534	0.188
Brain_Amygdala	/media/kame/Data/_workings/resource/GTEv8//GTExv8.EUR.Brain_Amygdala/ENSG00000134899.18.wgt.RDat	ENSG00000134899.18	13	102844843	102844844	0.254	rs10508103	-4.59	rs1587	-0.000987	-3.9	0.153616	693	53	enet	0.062	0.0036	1.23103	0.218
Brain_Amygdala	/media/kame/Data/_workings/resource/GTEv8//GTExv8.EUR.Brain_Amygdala/ENSG00000278445.1.wgt.RDat	ENSG00000278445.1	13	102903338	102903339	0.243	rs10508103	-4.59	rs9554903	0.037675	-4.01	0.539102	711	9	enet	0.012	0.12	-0.66487	0.506
Brain_Amygdala	/media/kame/Data/_workings/resource/GTEv8//GTExv8.EUR.Brain_Amygdala/ENSG00000230156.2.wgt.RDat	ENSG00000230156.2	13	106653915	106653916	0.509	rs1477925	-4.59	rs3759453	0.296255	6.04	0.086604	482	22	enet	0.18	9.7e-07	0.6374	0.524
Brain_Amygdala	/media/kame/Data/_workings/resource/GTEv8//GTExv8.EUR.Brain_Amygdala/ENSG00000126217.20.wgt.RDat	ENSG00000126217.20	13	112894377	112894378	0.307	rs282568	-3.46	rs4907576	0.120609	4.7	0.226769	440	24	enet	0.064	0.0031	0.31983	0.749
Brain_Amygdala	/media/kame/Data/_workings/resource/GTEv8//GTExv8.EUR.Brain_Amygdala/ENSG00000276248.1.wgt.RDat	ENSG00000276248.1	13	113527259	113527260	0.198	rs9805651	4	rs2259812	0.161026	-4.53	-1.233522	378	23	enet	0.12	4.8e-05	0.91822	0.359
Brain_Amygdala	/media/kame/Data/_workings/resource/GTEv8//GTExv8.EUR.Brain_Amygdala/ENSG00000100814.17.wgt.RDat	ENSG00000100814.17	14	20333311	20333312	0.479	rs1760897	-6.36	rs2297732	0.10646	-4.26	-2.8778	611	27	enet	0.034	0.026	1.5558	0.12
Brain_Amygdala	/media/kame/Data/_workings/resource/GTEv8//GTExv8.EUR.Brain_Amygdala/ENSG00000092094.10.wgt.RDat	ENSG00000092094.10	14	20455104	20455105	0.774	rs1760897	-6.36	rs883037	0.44315	-7.6	-0.5388	652	37	enet	0.44	1.9e-16	0.1812	0.856
Brain_Amygdala	/media/kame/Data/_workings/resource/GTEv8//GTExv8.EUR.Brain_Amygdala/ENSG00000258818.3.wgt.RDat	ENSG00000258818.3	14	20684099	20684100	0.411	rs1760897	-6.36	rs944438	0.15904	-4.53	1.9976	677	17	enet	0.023	0.055	-2.079	0.0376
Brain_Amygdala	/media/kame/Data/_workings/resource/GTEv8//GTExv8.EUR.Brain_Amygdala/ENSG00000092203.13.wgt.RDat	ENSG00000092203.13	14	21476673	21476674	0.418	rs11848323	5.21	rs6571850	0.03392	-3.77	0.3028	559	23	enet	0.13	2.7e-05	0.2103	0.833
Brain_Amygdala	/media/kame/Data/_workings/resource/GTEv8//GTExv8.EUR.Brain_Amygdala/ENSG00000257285.5.wgt.RDat	ENSG00000257285.5	14	22929608	22929609	0.304	rs1570342	8.52	rs1043209	0.24393	-5.44	2.647	571	30	enet	0.14	1.5e-05	-2.2379	0.0252
Brain_Amygdala	/media/kame/Data/_workings/resource/GTEv8//GTExv8.EUR.Brain_Amygdala/ENSG00000092036.18.wgt.RDat	ENSG00000092036.18	14	22957160	22957161	0.612	rs1570342	8.52	rs4536383	0.4737	7.73	3.1301	565	38	enet	0.49	3.6e-19	2.2597	0.0238
Brain_Amygdala	/media/kame/Data/_workings/resource/GTEv8//GTExv8.EUR.Brain_Amygdala/ENSG00000279656.1.wgt.RDat	ENSG00000279656.1	14	23024216	23024217	0.742	rs1570342	8.52	rs8013143	0.53933	-8.04	0.2573	531	11	enet	0.52	2.5e-20	-0.6318	0.528
Brain_Amygdala	/media/kame/Data/_workings/resource/GTEv8//GTExv8.EUR.Brain_Amygdala/ENSG00000187630.15.wgt.RDat	ENSG00000187630.15	14	23969873	23969874	0.38	rs222629	3.84	rs8003491	0.17051	-6.4	2.4864	489	17	enet	0.22	3.7e-08	-2.1412	0.0323
Brain_Amygdala	/media/kame/Data/_workings/resource/GTEv8//GTExv8.EUR.Brain_Amygdala/ENSG00000157379.13.wgt.RDat	ENSG00000157379.13	14	24299832	24299833	0.533	rs10141091	3.77	rs12895335	0.33785	-6.38	2.2247	492	25	enet	0.36	4.4e-13	-2.2592	0.0239
Brain_Amygdala	/media/kame/Data/_workings/resource/GTEv8//GTExv8.EUR.Brain_Amygdala/ENSG00000100441.9.wgt.RDat	ENSG00000100441.9	14	24429934	24429935	0.283	rs10141091	3.77	rs1004664	0.10299	-4.43	2.5909	553	26	enet	0.016	0.089	-2.0942	0.0362
Brain_Amygdala	/media/kame/Data/_workings/resource/GTEv8//GTExv8.EUR.Brain_Amygdala/ENSG00000100445.17.wgt.RDat	ENSG00000100445.17	14	24442903	24442904	0.343	rs10141091	3.77	rs7151934	0.05196	-4.16	-0.0646	554	13	enet	0.18	9.8e-07	-0.3492	0.727
Brain_Amygdala	/media/kame/Data/_workings/resource/GTEv8//GTExv8.EUR.Brain_Amygdala/ENSG00000203546.7.wgt.RDat	ENSG00000203546.7	14	31428187	31428188	0.388	rs1034233	5.43	rs1888576	0.22562	5.38	1.2238	307	35	enet	0.13	3.9e-05	1.4118	0.158
Brain_Amygdala	/media/kame/Data/_workings/resource/GTEv8//GTExv8.EUR.Brain_Amygdala/ENSG00000092020.10.wgt.RDat	ENSG00000092020.10	14	35122516	35122517	0.181	rs17836188	-4.72	rs12100841	0.04695	-3.95	0.218	367	36	enet	0.0044	0.22	-0.5807	0.561
Brain_Amygdala	/media/kame/Data/_workings/resource/GTEv8//GTExv8.EUR.Brain_Amygdala/ENSG00000136352.17.wgt.RDat	ENSG00000136352.17	14	36521148	36521149	0.407	rs34029522	-8.05	rs2553578	0.00264	-3.93	1.2284	586	16	enet	0.0055	0.2	-0.7265	0.468
Brain_Amygdala	/media/kame/Data/_workings/resource/GTEv8//GTExv8.EUR.Brain_Amygdala/ENSG00000258591.2.wgt.RDat	ENSG00000258591.2	14	39108341	39108342	0.171	rs4899139	-3.76	rs2415526	-0.00586	-3.53	-1.4824	355	15	enet	-0.0026	0.4	2.0661	0.0388
Brain_Amygdala	/media/kame/Data/_workings/resource/GTEv8//GTExv8.EUR.Brain_Amygdala/ENSG00000259129.5.wgt.RDat	ENSG00000259129.5	14	47795091	47795092	0.197	rs8022754	-4.28	rs4587880	0.13451	4.33	-0.7446	448	15	enet	0.05	0.0084	-0.841	0.4
Brain_Amygdala	/media/kame/Data/_workings/resource/GTEv8//GTExv8.EUR.Brain_Amygdala/ENSG00000165502.6.wgt.RDat	ENSG00000165502.6	14	49620684	49620685	0.297	rs4900914	-4.04	rs3007030	0.19504	-5.14	0.0801	379	17	enet	0.1	0.00022	0.1323	0.895
Brain_Amygdala	/media/kame/Data/_workings/resource/GTEv8//GTExv8.EUR.Brain_Amygdala/ENSG00000100490.9.wgt.RDat	ENSG00000100490.9	14	50416460	50416461	0.258	rs1955926	-5.23	rs7148089	0.00681	-3.33	-2.4326	437	56	enet	-0.0041	0.48	1.8686	0.0617
Brain_Amygdala	/media/kame/Data/_workings/resource/GTEv8//GTExv8.EUR.Brain_Amygdala/ENSG00000087301.8.wgt.RDat	ENSG00000087301.8	14	52552521	52552522	0.339	rs17725312	-5.32	rs1565970	0.12216	-4.64	-0.315	429	17	enet	0.15	1e-05	1.4132	0.158
Brain_Amygdala	/media/kame/Data/_workings/resource/GTEv8//GTExv8.EUR.Brain_Amygdala/ENSG00000237356.5.wgt.RDat	ENSG00000237356.5	14	53169053	53169054	0.23	rs879851	4.37	rs1364597	0.12012	4.48	-1.1232	398	12	enet	0.078	0.0012	-1.4678	0.142
Brain_Amygdala	/media/kame/Data/_workings/resource/GTEv8//GTExv8.EUR.Brain_Amygdala/ENSG00000126775.8.wgt.RDat	ENSG00000126775.8	14	55411857	55411858	0.218	rs1952885	-5.55	rs6573020	0.17126	5.32	-0.0188	431	22	enet	0.16	3e-06	0.3827	0.702
Brain_Amygdala	/media/kame/Data/_workings/resource/GTEv8//GTExv8.EUR.Brain_Amygdala/ENSG00000131966.13.wgt.RDat	ENSG00000131966.13	14	58200079	58200080	0.237	rs160466	4.26	rs17832891	0.25278	-5.7	-0.3957	390	20	enet	0.22	4.6e-08	0.4161	0.677
Brain_Amygdala	/media/kame/Data/_workings/resource/GTEv8//GTExv8.EUR.Brain_Amygdala/ENSG00000139971.15.wgt.RDat	ENSG00000139971.15	14	58298138	58298139	0.248	rs754130	5	rs17094383	0.05532	-4.19	1.6766	452	22	enet	0.11	0.00013	-0.5198	0.603
Brain_Amygdala	/media/kame/Data/_workings/resource/GTEv8//GTExv8.EUR.Brain_Amygdala/ENSG00000126790.11.wgt.RDat	ENSG00000126790.11	14	59484429	59484430	0.385	rs17834238	7.88	rs8660	0.38399	-7.39	5.3356	453	28	enet	0.47	3.9e-18	-4.3578	1.31e-05
Brain_Amygdala	/media/kame/Data/_workings/resource/GTEv8//GTExv8.EUR.Brain_Amygdala/ENSG00000100612.13.wgt.RDat	ENSG00000100612.13	14	60169855	60169856	0.151	rs8005975	4.74	rs8012220	0.01892	-4.14	2.1578	288	13	enet	-0.0047	0.51	-0.779	0.436
Brain_Amygdala	/media/kame/Data/_workings/resource/GTEv8//GTExv8.EUR.Brain_Amygdala/ENSG00000258289.8.wgt.RDat	ENSG00000258289.8	14	64914360	64914361	0.417	rs1270077	7.41	rs10151701	0.28432	6.06	-2.6581	491	10	enet	0.28	5.2e-10	-2.5427	0.011
Brain_Amygdala	/media/kame/Data/_workings/resource/GTEv8//GTExv8.EUR.Brain_Amygdala/ENSG00000259158.3.wgt.RDat	ENSG00000259158.3	14	70483755	70483756	0.162	rs8011370	-4.13	rs7156661	0.10688	-4.57	0.5742	512	13	enet	0.11	0.00019	-0.0227	0.982
Brain_Amygdala	/media/kame/Data/_workings/resource/GTEv8//GTExv8.EUR.Brain_Amygdala/ENSG00000259146.3.wgt.RDat	ENSG00000259146.3	14	71321813	71321814	0.118	rs8015004	5.97	rs8013161	0.02575	3.69	2.805	322	8	enet	0.012	0.12	0.7783	0.436
Brain_Amygdala	/media/kame/Data/_workings/resource/GTEv8//GTExv8.EUR.Brain_Amygdala/ENSG00000184227.7.wgt.RDat	ENSG00000184227.7	14	73537113	73537114	0.637	rs177377	-3.4	rs2041073	0.11046	-4.94	-0.1512	355	46	enet	0.24	6.6e-09	-0.8973	0.37
Brain_Amygdala	/media/kame/Data/_workings/resource/GTEv8//GTExv8.EUR.Brain_Amygdala/ENSG00000258408.1.wgt.RDat	ENSG00000258408.1	14	73539780	73539781	0.242	rs177377	-3.4	rs2041073	0.05453	-3.92	-0.1512	355	23	enet	0.0094	0.15	0.0933	0.926
Brain_Amygdala	/media/kame/Data/_workings/resource/GTEv8//GTExv8.EUR.Brain_Amygdala/ENSG00000119673.14.wgt.RDat	ENSG00000119673.14	14	73567619	73567620	0.424	rs177377	-3.4	rs6574128	0.07984	4.54	-0.2517	360	35	enet	0.17	1.7e-06	-0.7518	0.452
Brain_Amygdala	/media/kame/Data/_workings/resource/GTEv8//GTExv8.EUR.Brain_Amygdala/ENSG00000279026.1.wgt.RDat	ENSG00000279026.1	14	73580693	73580694	0.424	rs177377	-3.4	rs758053	0.14073	4.87	0.2749	368	42	enet	0.2	2.6e-07	-0.3426	0.732
Brain_Amygdala	/media/kame/Data/_workings/resource/GTEv8//GTExv8.EUR.Brain_Amygdala/ENSG00000177465.4.wgt.RDat	ENSG00000177465.4	14	73591705	73591706	0.275	rs177377	-3.4	rs12590145	0.10902	4.18	-0.1119	375	21	enet	0.03	0.034	-0.2522	0.801
Brain_Amygdala	/media/kame/Data/_workings/resource/GTEv8//GTExv8.EUR.Brain_Amygdala/ENSG00000259065.1.wgt.RDat	ENSG00000259065.1	14	73787359	73787360	0.646	rs887592	4.52	rs17182607	0.34302	6.81	-0.7305	387	16	enet	0.34	1.7e-12	-0.667	0.505
Brain_Amygdala	/media/kame/Data/_workings/resource/GTEv8//GTExv8.EUR.Brain_Amygdala/ENSG00000258586.1.wgt.RDat	ENSG00000258586.1	14	73830134	73830135	0.483	rs887592	4.52	rs17182607	0.29607	6.27	-0.7305	383	13	enet	0.26	1.3e-09	-0.6462	0.518
Brain_Amygdala	/media/kame/Data/_workings/resource/GTEv8//GTExv8.EUR.Brain_Amygdala/ENSG00000140043.11.wgt.RDat	ENSG00000140043.11	14	73851843	73851844	0.364	rs887592	4.52	rs8013446	0.29738	6.18	-0.3629	384	31	enet	0.3	8.2e-11	-0.0817	0.935
Brain_Amygdala	/media/kame/Data/_workings/resource/GTEv8//GTExv8.EUR.Brain_Amygdala/ENSG00000119636.15.wgt.RDat	ENSG00000119636.15	14	74019399	74019400	0.284	rs887592	4.52	rs8006297	0.0182	-3.89	-0.9853	391	11	enet	0.045	0.011	-0.113	0.91
Brain_Amygdala	/media/kame/Data/_workings/resource/GTEv8//GTExv8.EUR.Brain_Amygdala/ENSG00000119718.10.wgt.RDat	ENSG00000119718.10	14	75002910	75002911	0.229	rs28756972	6.32	rs2012627	0.23515	-5.46	-1.6838	409	37	enet	0.16	2.9e-06	-0.2674	0.789
Brain_Amygdala	/media/kame/Data/_workings/resource/GTEv8//GTExv8.EUR.Brain_Amygdala/ENSG00000119703.13.wgt.RDat	ENSG00000119703.13	14	75064169	75064170	0.163	rs2359239	4.92	rs175707	-0.00715	3.63	0.2638	414	17	enet	0.043	0.014	-0.205	0.838
Brain_Amygdala	/media/kame/Data/_workings/resource/GTEv8//GTExv8.EUR.Brain_Amygdala/ENSG00000273729.1.wgt.RDat	ENSG00000273729.1	14	77028699	77028700	0.194	rs11159248	-5.06	rs4903539	0.12716	-4.58	0.03	537	23	enet	0.048	0.0092	0.5027	0.615
Brain_Amygdala	/media/kame/Data/_workings/resource/GTEv8//GTExv8.EUR.Brain_Amygdala/ENSG00000100577.18.wgt.RDat	ENSG00000100577.18	14	77320884	77320885	0.186	rs11159248	-5.06	rs2287395	0.12348	4.93	-0.7332	536	6	enet	0.11	0.00015	-0.7159	0.474
Brain_Amygdala	/media/kame/Data/_workings/resource/GTEv8//GTExv8.EUR.Brain_Amygdala/ENSG00000054983.16.wgt.RDat	ENSG00000054983.16	14	87993664	87993665	0.186	rs17124276	-7.07	rs11621530	0.01698	3.59	0.2139	452	16	enet	0.015	0.096	1.7238	0.0847
Brain_Amygdala	/media/kame/Data/_workings/resource/GTEv8//GTExv8.EUR.Brain_Amygdala/ENSG00000042317.16.wgt.RDat	ENSG00000042317.16	14	88384923	88384924	0.431	rs17124276	-7.07	rs2297129	0.35471	-6.86	0.2149	444	23	enet	0.36	5.3e-13	0.5033	0.615
Brain_Amygdala	/media/kame/Data/_workings/resource/GTEv8//GTExv8.EUR.Brain_Amygdala/ENSG00000258983.2.wgt.RDat	ENSG00000258983.2	14	88499333	88499334	0.21	rs17124276	-7.07	rs17772064	0.11295	4.96	0.1657	451	16	enet	0.16	4e-06	0.1391	0.889
Brain_Amygdala	/media/kame/Data/_workings/resource/GTEv8//GTExv8.EUR.Brain_Amygdala/ENSG00000140025.15.wgt.RDat	ENSG00000140025.15	14	89954776	89954777	0.33	rs6575102	-4.93	rs1286940	0.14943	4.98	2.4355	429	19	enet	0.1	0.00025	2.1231	0.0337
Brain_Amygdala	/media/kame/Data/_workings/resource/GTEv8//GTExv8.EUR.Brain_Amygdala/ENSG00000165929.12.wgt.RDat	ENSG00000165929.12	14	91867535	91867536	0.409	rs17565434	-4.44	rs10498631	0.24603	5.65	-0.2857	458	32	enet	0.19	5.1e-07	0.7832	0.434
Brain_Amygdala	/media/kame/Data/_workings/resource/GTEv8//GTExv8.EUR.Brain_Amygdala/ENSG00000165934.12.wgt.RDat	ENSG00000165934.12	14	92121936	92121937	0.258	rs17565434	-4.44	rs7141379	-0.00838	3.55	-0.0276	526	56	enet	0.00014	0.32	0.4033	0.687
Brain_Amygdala	/media/kame/Data/_workings/resource/GTEv8//GTExv8.EUR.Brain_Amygdala/ENSG00000170270.4.wgt.RDat	ENSG00000170270.4	14	93207054	93207055	0.49	rs2402315	3.4	rs8006140	-0.00736	-3.43	-0.4282	379	33	enet	0.12	8.7e-05	0.874	0.382
Brain_Amygdala	/media/kame/Data/_workings/resource/GTEv8//GTExv8.EUR.Brain_Amygdala/ENSG00000187581.2.wgt.RDat	ENSG00000187581.2	14	93347190	93347191	0.341	rs11620956	3.5	rs7159126	0.00196	3.43	-0.0658	406	21	enet	-0.0062	0.6	0.422	0.673
Brain_Amygdala	/media/kame/Data/_workings/resource/GTEv8//GTExv8.EUR.Brain_Amygdala/ENSG00000165948.10.wgt.RDat	ENSG00000165948.10	14	94081281	94081282	0.346	rs7147317	-4.08	rs7157940	0.17619	4.78	-1.2058	707	2	enet	0.04	0.017	-1.1034	0.27
Brain_Amygdala	/media/kame/Data/_workings/resource/GTEv8//GTExv8.EUR.Brain_Amygdala/ENSG00000119632.3.wgt.RDat	ENSG00000119632.3	14	94130252	94130253	0.296	rs7147317	-4.08	rs7141881	0.00882	-4.12	1.35	751	22	enet	0.0096	0.15	-0.0165	0.987
Brain_Amygdala	/media/kame/Data/_workings/resource/GTEv8//GTExv8.EUR.Brain_Amygdala/ENSG00000119698.11.wgt.RDat	ENSG00000119698.11	14	94146127	94146128	0.249	rs7147317	-4.08	rs1243121	0.05307	-4.31	0.3798	759	24	enet	0.045	0.012	-0.2073	0.836
Brain_Amygdala	/media/kame/Data/_workings/resource/GTEv8//GTExv8.EUR.Brain_Amygdala/ENSG00000197119.12.wgt.RDat	ENSG00000197119.12	14	100306546	100306547	0.284	rs2145859	5.87	rs3809409	0.00245	-3.58	0.1479	405	42	enet	0.037	0.02	0.3078	0.758
Brain_Amygdala	/media/kame/Data/_workings/resource/GTEv8//GTExv8.EUR.Brain_Amygdala/ENSG00000176473.13.wgt.RDat	ENSG00000176473.13	14	100380909	100380910	0.201	rs2145859	5.87	rs11160586	0.0086	3.97	0.0805	424	19	enet	0.055	0.0061	0.8252	0.409
Brain_Amygdala	/media/kame/Data/_workings/resource/GTEv8//GTExv8.EUR.Brain_Amygdala/ENSG00000271780.1.wgt.RDat	ENSG00000271780.1	14	101948346	101948347	0.303	rs1052780	7.52	rs2448241	0.1987	5.34	0.4158	334	14	enet	0.12	8.1e-05	2.8149	0.00488
Brain_Amygdala	/media/kame/Data/_workings/resource/GTEv8//GTExv8.EUR.Brain_Amygdala/ENSG00000272444.1.wgt.RDat	ENSG00000272444.1	14	101952415	101952416	0.318	rs1052780	7.52	rs2448241	0.08048	4.71	0.4158	332	18	enet	0.17	2.1e-06	1.3793	0.168
Brain_Amygdala	/media/kame/Data/_workings/resource/GTEv8//GTExv8.EUR.Brain_Amygdala/ENSG00000156381.8.wgt.RDat	ENSG00000156381.8	14	102509798	102509799	0.199	rs1052780	7.52	rs1190554	0.04608	-4.14	0.2011	323	10	enet	0.037	0.021	0.4451	0.656
Brain_Amygdala	/media/kame/Data/_workings/resource/GTEv8//GTExv8.EUR.Brain_Amygdala/ENSG00000283071.1.wgt.RDat	ENSG00000283071.1	14	103084209	103084210	0.305	rs6575967	5.62	rs11844761	0.35113	6.54	-0.4504	345	9	enet	0.34	1.8e-12	0.3328	0.739
Brain_Amygdala	/media/kame/Data/_workings/resource/GTEv8//GTExv8.EUR.Brain_Amygdala/ENSG00000259775.1.wgt.RDat	ENSG00000259775.1	14	103332366	103332367	0.459	rs6575967	5.62	rs9630407	0.09648	4.42	1.2716	355	29	enet	0.071	0.002	0.1302	0.896
Brain_Amygdala	/media/kame/Data/_workings/resource/GTEv8//GTExv8.EUR.Brain_Amygdala/ENSG00000256053.7.wgt.RDat	ENSG00000256053.7	14	103562961	103562962	0.171	rs6575967	5.62	rs942863	0.08675	4.35	-1.6736	360	13	enet	0.036	0.022	-1.2172	0.224
Brain_Amygdala	/media/kame/Data/_workings/resource/GTEv8//GTExv8.EUR.Brain_Amygdala/ENSG00000270108.1.wgt.RDat	ENSG00000270108.1	14	103687575	103687576	0.199	rs6575967	5.62	rs10135248	0.10359	4.05	-0.4713	350	12	enet	0.011	0.13	-0.1036	0.917
Brain_Amygdala	/media/kame/Data/_workings/resource/GTEv8//GTExv8.EUR.Brain_Amygdala/ENSG00000269958.1.wgt.RDat	ENSG00000269958.1	14	103696352	103696353	0.219	rs6575967	5.62	rs3742465	0.09698	-4.61	0.054	352	14	enet	0.056	0.0055	-0.0872	0.93
Brain_Amygdala	/media/kame/Data/_workings/resource/GTEv8//GTExv8.EUR.Brain_Amygdala/ENSG00000156414.18.wgt.RDat	ENSG00000156414.18	14	103928461	103928462	0.235	rs1955660	-3.34	rs10149651	0.12067	4.42	0.1651	334	14	enet	0.15	9.2e-06	1.1809	0.238
Brain_Amygdala	/media/kame/Data/_workings/resource/GTEv8//GTExv8.EUR.Brain_Amygdala/ENSG00000166183.15.wgt.RDat	ENSG00000166183.15	14	104085678	104085679	0.362	rs7147000	-3.98	rs941953	0.19094	-5.07	-0.3761	336	15	enet	0.14	1.3e-05	0.5411	0.588
Brain_Amygdala	/media/kame/Data/_workings/resource/GTEv8//GTExv8.EUR.Brain_Amygdala/ENSG00000203485.12.wgt.RDat	ENSG00000203485.12	14	104689605	104689606	0.235	rs3809456	-4.95	rs7152944	-0.00844	-3.42	-0.5593	357	33	enet	0.024	0.05	0.2686	0.788
Brain_Amygdala	/media/kame/Data/_workings/resource/GTEv8//GTExv8.EUR.Brain_Amygdala/ENSG00000140104.13.wgt.RDat	ENSG00000140104.13	14	104985774	104985775	0.227	rs3809456	-4.95	rs2582574	0.18587	4.91	-0.0322	313	22	enet	0.11	0.00012	0.2967	0.767
Brain_Amygdala	/media/kame/Data/_workings/resource/GTEv8//GTExv8.EUR.Brain_Amygdala/ENSG00000257556.1.wgt.RDat	ENSG00000257556.1	14	105093608	105093609	0.143	rs3809456	-4.95	rs4633639	0.14785	-4.59	0.7607	285	10	enet	0.1	0.00025	-0.5342	0.593
Brain_Amygdala	/media/kame/Data/_workings/resource/GTEv8//GTExv8.EUR.Brain_Amygdala/ENSG00000183828.14.wgt.RDat	ENSG00000183828.14	14	105181311	105181312	0.573	rs3809456	-4.95	rs3825761	0.39467	-6.96	-1.4787	254	19	enet	0.36	2.2e-13	0.9926	0.321
Brain_Amygdala	/media/kame/Data/_workings/resource/GTEv8//GTExv8.EUR.Brain_Amygdala/ENSG00000259905.5.wgt.RDat	ENSG00000259905.5	15	24493136	24493137	0.5729	rs8036523	-3.84	rs4778402	0.30746	6.32	0.29136	322	38	enet	0.32	1.5e-11	0.452	0.651
Brain_Amygdala	/media/kame/Data/_workings/resource/GTEv8//GTExv8.EUR.Brain_Amygdala/ENSG00000206187.3.wgt.RDat	ENSG00000206187.3	15	25902359	25902360	0.3907	rs8042941	-4.24	rs17645001	-0.00655	-3.23	0.22733	661	16	enet	-0.0011	0.35	-0.4246	0.671
Brain_Amygdala	/media/kame/Data/_workings/resource/GTEv8//GTExv8.EUR.Brain_Amygdala/ENSG00000166923.10.wgt.RDat	ENSG00000166923.10	15	32730689	32730690	0.5774	rs12438604	-2.94	rs8041254	0.31921	-6.29	-0.01612	460	30	enet	0.26	2.4e-09	-0.2216	0.825
Brain_Amygdala	/media/kame/Data/_workings/resource/GTEv8//GTExv8.EUR.Brain_Amygdala/ENSG00000259446.5.wgt.RDat	ENSG00000259446.5	15	33310658	33310659	0.3569	rs2291732	-5.5	rs2251107	0.34433	-6.75	0.9589	814	11	enet	0.3	5.3e-11	0.9206	0.357
Brain_Amygdala	/media/kame/Data/_workings/resource/GTEv8//GTExv8.EUR.Brain_Amygdala/ENSG00000184984.9.wgt.RDat	ENSG00000184984.9	15	33968719	33968720	0.5018	rs2291732	-5.5	rs8038713	0.22364	5.3	0.03571	592	36	enet	0.25	5.4e-09	0.4401	0.66
Brain_Amygdala	/media/kame/Data/_workings/resource/GTEv8//GTExv8.EUR.Brain_Amygdala/ENSG00000169857.7.wgt.RDat	ENSG00000169857.7	15	34039175	34039176	0.282	rs2291732	-5.5	rs8030094	0.0858	-4.33	-0.62179	545	27	enet	0.083	0.00087	0.0716	0.943
Brain_Amygdala	/media/kame/Data/_workings/resource/GTEv8//GTExv8.EUR.Brain_Amygdala/ENSG00000248508.6.wgt.RDat	ENSG00000248508.6	15	40039310	40039311	0.3557	rs17672041	4.75	rs648289	0.13766	4.56	1.02166	444	8	enet	0.11	0.00015	0.3466	0.729
Brain_Amygdala	/media/kame/Data/_workings/resource/GTEv8//GTExv8.EUR.Brain_Amygdala/ENSG00000128944.13.wgt.RDat	ENSG00000128944.13	15	40382720	40382721	0.7011	rs17672041	4.75	rs7166991	0.5282	7.9	4.72326	390	8	enet	0.47	4.7e-18	4.7628	1.91e-06
Brain_Amygdala	/media/kame/Data/_workings/resource/GTEv8//GTExv8.EUR.Brain_Amygdala/ENSG00000128928.8.wgt.RDat	ENSG00000128928.8	15	40405794	40405795	0.2806	rs17672041	4.75	rs4575496	0.01494	3.87	-0.13947	383	28	enet	0.0018	0.27	-0.1182	0.906
Brain_Amygdala	/media/kame/Data/_workings/resource/GTEv8//GTExv8.EUR.Brain_Amygdala/ENSG00000223313.1.wgt.RDat	ENSG00000223313.1	15	40529569	40529570	0.279	rs17672041	4.75	rs17673703	-0.00723	-3.86	0.68284	349	14	enet	0.072	0.0019	0.7811	0.435
Brain_Amygdala	/media/kame/Data/_workings/resource/GTEv8//GTExv8.EUR.Brain_Amygdala/ENSG00000128891.15.wgt.RDat	ENSG00000128891.15	15	40565056	40565057	0.4872	rs17672041	4.75	rs7177265	0.43033	-7.33	0.58039	330	37	enet	0.42	1.2e-15	0.0134	0.989
Brain_Amygdala	/media/kame/Data/_workings/resource/GTEv8//GTExv8.EUR.Brain_Amygdala/ENSG00000104147.8.wgt.RDat	ENSG00000104147.8	15	41332620	41332621	0.1488	rs1197659	-4.95	rs8024774	0.09844	3.99	-0.41265	276	13	enet	0.056	0.0056	-0.9823	0.326
Brain_Amygdala	/media/kame/Data/_workings/resource/GTEv8//GTExv8.EUR.Brain_Amygdala/ENSG00000137804.12.wgt.RDat	ENSG00000137804.12	15	41332693	41332694	0.35	rs1197659	-4.95	rs11630656	0.43737	7.41	0.66916	276	15	enet	0.41	3.4e-15	0.4187	0.675
Brain_Amygdala	/media/kame/Data/_workings/resource/GTEv8//GTExv8.EUR.Brain_Amygdala/ENSG00000137806.8.wgt.RDat	ENSG00000137806.8	15	41402518	41402519	0.2179	rs1197659	-4.95	rs8037574	0.18166	-5.16	0.74937	299	14	enet	0.11	0.00016	-0.1535	0.878
Brain_Amygdala	/media/kame/Data/_workings/resource/GTEv8//GTExv8.EUR.Brain_Amygdala/ENSG00000103932.11.wgt.RDat	ENSG00000103932.11	15	41544268	41544269	0.2796	rs1197659	-4.95	rs2297380	0.17514	5.27	-0.60004	362	20	enet	0.12	5e-05	0.0886	0.929
Brain_Amygdala	/media/kame/Data/_workings/resource/GTEv8//GTExv8.EUR.Brain_Amygdala/ENSG00000137877.9.wgt.RDat	ENSG00000137877.9	15	41890204	41890205	0.341	rs1197659	-4.95	rs1209334	0.05284	-4.5	0.15968	414	36	enet	0.26	1.6e-09	-0.9984	0.318
Brain_Amygdala	/media/kame/Data/_workings/resource/GTEv8//GTExv8.EUR.Brain_Amygdala/ENSG00000166887.15.wgt.RDat	ENSG00000166887.15	15	42208315	42208316	0.207	rs12594951	6.43	rs6493054	0.03091	3.9	-2.66594	403	28	enet	0.0011	0.29	-2.1378	0.0325
Brain_Amygdala	/media/kame/Data/_workings/resource/GTEv8//GTExv8.EUR.Brain_Amygdala/ENSG00000103978.15.wgt.RDat	ENSG00000103978.15	15	42273077	42273078	0.2036	rs12594951	6.43	rs1712429	-0.00211	-3.04	-0.24988	418	21	enet	0.0022	0.26	1.0831	0.279
Brain_Amygdala	/media/kame/Data/_workings/resource/GTEv8//GTExv8.EUR.Brain_Amygdala/ENSG00000092531.9.wgt.RDat	ENSG00000092531.9	15	42491243	42491244	0.2032	rs12594951	6.43	rs10454039	0.07938	-4.51	-0.65147	360	12	enet	0.089	0.00059	0.6359	0.525
Brain_Amygdala	/media/kame/Data/_workings/resource/GTEv8//GTExv8.EUR.Brain_Amygdala/ENSG00000168806.7.wgt.RDat	ENSG00000168806.7	15	43330604	43330605	0.0961	rs2412752	-3.65	rs2242069	0.0587	-3.38	-0.26947	263	15	enet	0.00041	0.31	0.7844	0.433
Brain_Amygdala	/media/kame/Data/_workings/resource/GTEv8//GTExv8.EUR.Brain_Amygdala/ENSG00000168803.14.wgt.RDat	ENSG00000168803.14	15	43330673	43330674	0.4	rs2412752	-3.65	rs478104	0.38187	-7.16	-0.55884	263	23	enet	0.4	5.2e-15	0.5958	0.551
Brain_Amygdala	/media/kame/Data/_workings/resource/GTEv8//GTExv8.EUR.Brain_Amygdala/ENSG00000242866.9.wgt.RDat	ENSG00000242866.9	15	43618799	43618800	0.1935	rs2412822	3.67	rs533143	0.21847	5.4	-0.03191	254	28	enet	0.19	5e-07	0.1117	0.911
Brain_Amygdala	/media/kame/Data/_workings/resource/GTEv8//GTExv8.EUR.Brain_Amygdala/ENSG00000249839.1.wgt.RDat	ENSG00000249839.1	15	43684338	43684339	0.1955	rs2412822	3.67	rs3087657	0.24302	-5.67	-0.22591	260	12	enet	0.2	2.2e-07	-0.0785	0.937
Brain_Amygdala	/media/kame/Data/_workings/resource/GTEv8//GTExv8.EUR.Brain_Amygdala/ENSG00000223572.9.wgt.RDat	ENSG00000223572.9	15	43692885	43692886	0.0752	rs2412822	3.67	rs2447208	0.01105	3.71	1.1016	256	12	enet	0.015	0.096	-0.3999	0.689
Brain_Amygdala	/media/kame/Data/_workings/resource/GTEv8//GTExv8.EUR.Brain_Amygdala/ENSG00000137857.17.wgt.RDat	ENSG00000137857.17	15	45129938	45129939	0.1729	rs12438755	4.32	rs9921035	0.04573	-3.72	-0.15195	296	38	enet	-0.0018	0.38	0.083	0.934
Brain_Amygdala	/media/kame/Data/_workings/resource/GTEv8//GTExv8.EUR.Brain_Amygdala/ENSG00000259539.1.wgt.RDat	ENSG00000259539.1	15	45153216	45153217	0.5563	rs2412957	5.09	rs16939752	0.09515	5.09	0.38582	298	43	enet	0.17	2.1e-06	-1.3127	0.189
Brain_Amygdala	/media/kame/Data/_workings/resource/GTEv8//GTExv8.EUR.Brain_Amygdala/ENSG00000138606.19.wgt.RDat	ENSG00000138606.19	15	45201174	45201175	0.2749	rs12438755	4.32	rs1816804	0.00361	-3.68	-0.08527	330	100	enet	0.064	0.0031	-2.6363	0.00838
Brain_Amygdala	/media/kame/Data/_workings/resource/GTEv8//GTExv8.EUR.Brain_Amygdala/ENSG00000137860.11.wgt.RDat	ENSG00000137860.11	15	45252229	45252230	0.1228	rs12438755	4.32	rs1153845	0.08663	-4.14	-0.09511	335	24	enet	9e-04	0.3	0.0661	0.947
Brain_Amygdala	/media/kame/Data/_workings/resource/GTEv8//GTExv8.EUR.Brain_Amygdala/ENSG00000259520.5.wgt.RDat	ENSG00000259520.5	15	45279250	45279251	0.5599	rs11857175	-5.46	rs11631021	0.46472	-7.76	-0.17052	327	45	enet	0.51	3.9e-20	-1.0104	0.312
Brain_Amygdala	/media/kame/Data/_workings/resource/GTEv8//GTExv8.EUR.Brain_Amygdala/ENSG00000259433.2.wgt.RDat	ENSG00000259433.2	15	45332633	45332634	0.3247	rs11857175	-5.46	rs1153860	0.39426	-7.06	-0.15329	319	24	enet	0.38	4.3e-14	0.2465	0.805
Brain_Amygdala	/media/kame/Data/_workings/resource/GTEv8//GTExv8.EUR.Brain_Amygdala/ENSG00000171763.18.wgt.RDat	ENSG00000171763.18	15	45402330	45402331	0.3644	rs11857175	-5.46	rs1719247	0.36114	6.69	0.02507	335	31	enet	0.28	3.1e-10	-0.0248	0.98
Brain_Amygdala	/media/kame/Data/_workings/resource/GTEv8//GTExv8.EUR.Brain_Amygdala/ENSG00000244879.6.wgt.RDat	ENSG00000244879.6	15	50355408	50355409	0.8117	rs12442475	5.32	rs12903381	0.56068	8.22	-0.37767	422	20	enet	0.54	1.9e-21	-0.3444	0.731
Brain_Amygdala	/media/kame/Data/_workings/resource/GTEv8//GTExv8.EUR.Brain_Amygdala/ENSG00000138600.9.wgt.RDat	ENSG00000138600.9	15	50765807	50765808	0.203	rs12914634	6.75	rs11635825	0.05374	-4.14	-2.9012	399	24	enet	0.075	0.0015	2.6168	0.00888
Brain_Amygdala	/media/kame/Data/_workings/resource/GTEv8//GTExv8.EUR.Brain_Amygdala/ENSG00000273674.4.wgt.RDat	ENSG00000273674.4	15	50908598	50908599	0.253	rs12914634	6.75	rs7162209	0.18871	-5.47	1.14709	476	12	enet	0.21	8.8e-08	-0.1843	0.854
Brain_Amygdala	/media/kame/Data/_workings/resource/GTEv8//GTExv8.EUR.Brain_Amygdala/ENSG00000259577.1.wgt.RDat	ENSG00000259577.1	15	52180092	52180093	0.454	rs11853179	7.54	rs12595160	0.23875	-5.59	0.10633	379	24	enet	0.18	7.4e-07	0.2115	0.833
Brain_Amygdala	/media/kame/Data/_workings/resource/GTEv8//GTExv8.EUR.Brain_Amygdala/ENSG00000047346.12.wgt.RDat	ENSG00000047346.12	15	52709816	52709817	0.357	rs2456502	21.54	rs1863512	0.10203	-4.71	-2.47647	472	32	enet	0.13	4.4e-05	0.2726	0.785
Brain_Amygdala	/media/kame/Data/_workings/resource/GTEv8//GTExv8.EUR.Brain_Amygdala/ENSG00000279145.1.wgt.RDat	ENSG00000279145.1	15	55178174	55178175	0.1898	rs2651750	-3.38	rs1528460	0.09263	-4.15	0.21642	439	20	enet	0.013	0.11	-0.1642	0.87
Brain_Amygdala	/media/kame/Data/_workings/resource/GTEv8//GTExv8.EUR.Brain_Amygdala/ENSG00000276533.1.wgt.RDat	ENSG00000276533.1	15	55289345	55289346	0.2856	rs4774791	3	rs8024695	0.14798	4.84	1.32812	439	8	enet	0.011	0.14	0.9442	0.345
Brain_Amygdala	/media/kame/Data/_workings/resource/GTEv8//GTExv8.EUR.Brain_Amygdala/ENSG00000069974.15.wgt.RDat	ENSG00000069974.15	15	55314159	55314160	0.5609	rs4774791	3	rs2290344	0.15693	4.79	0.94866	443	48	enet	0.12	9.1e-05	0.5043	0.614
Brain_Amygdala	/media/kame/Data/_workings/resource/GTEv8//GTExv8.EUR.Brain_Amygdala/ENSG00000245975.2.wgt.RDat	ENSG00000245975.2	15	58770973	58770974	0.1591	rs12591296	4.41	rs17269439	0.31407	6.45	-0.79659	493	13	enet	0.28	4.7e-10	-0.9273	0.354
Brain_Amygdala	/media/kame/Data/_workings/resource/GTEv8//GTExv8.EUR.Brain_Amygdala/ENSG00000103642.11.wgt.RDat	ENSG00000103642.11	15	63121799	63121800	0.2912	rs4412925	10.55	rs2652822	0.23176	6.18	1.2339	509	10	enet	0.29	2.4e-10	2.1444	0.032
Brain_Amygdala	/media/kame/Data/_workings/resource/GTEv8//GTExv8.EUR.Brain_Amygdala/ENSG00000185088.13.wgt.RDat	ENSG00000185088.13	15	63158020	63158021	0.1466	rs17766325	11.64	rs11636105	0.08155	-4.44	-0.52557	496	21	enet	0.071	0.0019	0.7263	0.468
Brain_Amygdala	/media/kame/Data/_workings/resource/GTEv8//GTExv8.EUR.Brain_Amygdala/ENSG00000259459.5.wgt.RDat	ENSG00000259459.5	15	63390135	63390136	0.4657	rs17772465	11.75	rs2036260	0.18924	5.31	0.51499	433	38	enet	0.17	2.7e-06	2.267	0.0234
Brain_Amygdala	/media/kame/Data/_workings/resource/GTEv8//GTExv8.EUR.Brain_Amygdala/ENSG00000103671.9.wgt.RDat	ENSG00000103671.9	15	64387747	64387748	0.1054	rs12593770	-8.98	rs7165405	0.08312	3.97	-1.56512	285	9	enet	0.077	0.0013	-1.1194	0.263
Brain_Amygdala	/media/kame/Data/_workings/resource/GTEv8//GTExv8.EUR.Brain_Amygdala/ENSG00000140451.12.wgt.RDat	ENSG00000140451.12	15	64825667	64825668	0.1902	rs12593770	-8.98	rs1719273	0.09624	4.56	0.66396	287	17	enet	0.11	0.00015	-0.3422	0.732
Brain_Amygdala	/media/kame/Data/_workings/resource/GTEv8//GTExv8.EUR.Brain_Amygdala/ENSG00000090487.10.wgt.RDat	ENSG00000090487.10	15	64990309	64990310	0.1935	rs6494509	6.13	rs8024697	0.06959	-4.61	3.85201	303	9	enet	0.05	0.0084	-4.1488	3.34e-05
Brain_Amygdala	/media/kame/Data/_workings/resource/GTEv8//GTExv8.EUR.Brain_Amygdala/ENSG00000103707.9.wgt.RDat	ENSG00000103707.9	15	65029638	65029639	0.1659	rs6494509	6.13	rs894494	0.00753	-3.2	0.37252	307	30	enet	-0.005	0.52	1.2622	0.207
Brain_Amygdala	/media/kame/Data/_workings/resource/GTEv8//GTExv8.EUR.Brain_Amygdala/ENSG00000277351.1.wgt.RDat	ENSG00000277351.1	15	65049801	65049802	0.384	rs6494509	6.13	rs3784446	0.20981	-5.11	-1.08588	309	29	enet	0.17	1.9e-06	1.4171	0.156
Brain_Amygdala	/media/kame/Data/_workings/resource/GTEv8//GTExv8.EUR.Brain_Amygdala/ENSG00000174498.13.wgt.RDat	ENSG00000174498.13	15	65378039	65378040	0.188	rs6494509	6.13	rs16949015	0.11881	-3.94	-0.16207	310	34	enet	0.062	0.0036	0.6057	0.545
Brain_Amygdala	/media/kame/Data/_workings/resource/GTEv8//GTExv8.EUR.Brain_Amygdala/ENSG00000103742.11.wgt.RDat	ENSG00000103742.11	15	65423071	65423072	0.1837	rs6494509	6.13	rs736923	-0.00836	-3.14	-0.35894	311	27	enet	0.02	0.07	-0.2237	0.823
Brain_Amygdala	/media/kame/Data/_workings/resource/GTEv8//GTExv8.EUR.Brain_Amygdala/ENSG00000166938.12.wgt.RDat	ENSG00000166938.12	15	66293216	66293217	0.3536	rs7174069	8.6	rs12911848	0.0982	-4.62	-1.2695	489	22	enet	0.11	0.00017	-0.3491	0.727
Brain_Amygdala	/media/kame/Data/_workings/resource/GTEv8//GTExv8.EUR.Brain_Amygdala/ENSG00000075131.9.wgt.RDat	ENSG00000075131.9	15	66386745	66386746	0.5062	rs7174069	8.6	rs12914520	0.31323	6.32	-0.56584	519	43	enet	0.28	4.3e-10	0.2722	0.785
Brain_Amygdala	/media/kame/Data/_workings/resource/GTEv8//GTExv8.EUR.Brain_Amygdala/ENSG00000270964.1.wgt.RDat	ENSG00000270964.1	15	67542603	67542604	0.3772	rs2286664	14.79	rs2899724	0.12736	-4.8	-4.05976	408	44	enet	0.18	6.7e-07	5.3877	7.14e-08
Brain_Amygdala	/media/kame/Data/_workings/resource/GTEv8//GTExv8.EUR.Brain_Amygdala/ENSG00000260657.2.wgt.RDat	ENSG00000260657.2	15	68275116	68275117	0.5696	rs2278076	12.02	rs10444850	0.36665	7.05	-0.99394	463	11	enet	0.35	6.3e-13	-0.6805	0.496
Brain_Amygdala	/media/kame/Data/_workings/resource/GTEv8//GTExv8.EUR.Brain_Amygdala/ENSG00000166173.10.wgt.RDat	ENSG00000166173.10	15	70854158	70854159	0.1805	rs1348318	3.93	rs1549318	0.05712	4.21	-0.27686	379	20	enet	0.014	0.11	0.2718	0.786
Brain_Amygdala	/media/kame/Data/_workings/resource/GTEv8//GTExv8.EUR.Brain_Amygdala/ENSG00000178802.17.wgt.RDat	ENSG00000178802.17	15	74890004	74890005	0.1578	rs3743487	-4.15	rs12487	0.14353	-4.61	1.02599	274	10	enet	0.12	9e-05	-0.5559	0.578
Brain_Amygdala	/media/kame/Data/_workings/resource/GTEv8//GTExv8.EUR.Brain_Amygdala/ENSG00000138621.11.wgt.RDat	ENSG00000138621.11	15	75023554	75023555	0.2414	rs3743487	-4.15	rs7166105	0.0772	4.05	0.55562	269	42	enet	0.044	0.012	-0.1662	0.868
Brain_Amygdala	/media/kame/Data/_workings/resource/GTEv8//GTExv8.EUR.Brain_Amygdala/ENSG00000259790.1.wgt.RDat	ENSG00000259790.1	15	75322692	75322693	0.1635	rs3743487	-4.15	rs7166105	0.02167	-3.67	0.55562	241	15	enet	-0.0015	0.37	0.1964	0.844
Brain_Amygdala	/media/kame/Data/_workings/resource/GTEv8//GTExv8.EUR.Brain_Amygdala/ENSG00000140400.16.wgt.RDat	ENSG00000140400.16	15	75368153	75368154	0.371	rs7163332	-3.8	rs7163907	0.21477	5.41	-0.67713	230	23	enet	0.22	5.8e-08	-0.67	0.503
Brain_Amygdala	/media/kame/Data/_workings/resource/GTEv8//GTExv8.EUR.Brain_Amygdala/ENSG00000169371.13.wgt.RDat	ENSG00000169371.13	15	75626468	75626469	0.2582	rs11072572	-5.72	rs8025681	0.11573	-4.9	-0.66306	220	17	enet	0.19	6.2e-07	0.9552	0.339
Brain_Amygdala	/media/kame/Data/_workings/resource/GTEv8//GTExv8.EUR.Brain_Amygdala/ENSG00000169752.16.wgt.RDat	ENSG00000169752.16	15	76059794	76059795	0.469	rs4886481	-7.65	rs184580	0.27625	-6.45	0.15437	296	48	enet	0.28	5.1e-10	-0.1599	0.873
Brain_Amygdala	/media/kame/Data/_workings/resource/GTEv8//GTExv8.EUR.Brain_Amygdala/ENSG00000173517.10.wgt.RDat	ENSG00000173517.10	15	77420143	77420144	0.2347	rs6495249	8.2	rs11632999	0.06249	4.69	1.78532	326	8	enet	0.068	0.0024	0.6149	0.539
Brain_Amygdala	/media/kame/Data/_workings/resource/GTEv8//GTExv8.EUR.Brain_Amygdala/ENSG00000140382.14.wgt.RDat	ENSG00000140382.14	15	77420411	77420412	0.1462	rs6495249	8.2	rs11630770	0.16108	4.94	-1.00963	326	5	enet	0.11	1e-04	0.2114	0.833
Brain_Amygdala	/media/kame/Data/_workings/resource/GTEv8//GTExv8.EUR.Brain_Amygdala/ENSG00000259362.2.wgt.RDat	ENSG00000259362.2	15	77525539	77525540	0.2205	rs6495249	8.2	rs11630540	0.17503	4.73	1.50838	302	17	enet	0.052	0.0073	0.7711	0.441
Brain_Amygdala	/media/kame/Data/_workings/resource/GTEv8//GTExv8.EUR.Brain_Amygdala/ENSG00000260776.5.wgt.RDat	ENSG00000260776.5	15	77926845	77926846	0.6984	rs6495249	8.2	rs7175950	0.47772	7.64	0.39844	429	33	enet	0.5	8.7e-20	0.297	0.766
Brain_Amygdala	/media/kame/Data/_workings/resource/GTEv8//GTExv8.EUR.Brain_Amygdala/ENSG00000183476.12.wgt.RDat	ENSG00000183476.12	15	78077807	78077808	0.4053	rs6495249	8.2	rs11072729	0.1685	4.94	-0.00882	415	18	enet	0.21	1.3e-07	-0.8274	0.408
Brain_Amygdala	/media/kame/Data/_workings/resource/GTEv8//GTExv8.EUR.Brain_Amygdala/ENSG00000136425.12.wgt.RDat	ENSG00000136425.12	15	78131496	78131497	0.3954	rs6495249	8.2	rs8036417	0.34032	6.38	-0.04034	412	14	enet	0.32	1.3e-11	0.0206	0.984
Brain_Amygdala	/media/kame/Data/_workings/resource/GTEv8//GTExv8.EUR.Brain_Amygdala/ENSG00000188266.13.wgt.RDat	ENSG00000188266.13	15	78507563	78507564	0.2706	rs2869030	-4.94	rs8038920	0.03494	-3.87	0.26842	425	48	enet	-0.0036	0.45	-0.5829	0.56
Brain_Amygdala	/media/kame/Data/_workings/resource/GTEv8//GTExv8.EUR.Brain_Amygdala/ENSG00000169684.13.wgt.RDat	ENSG00000169684.13	15	78565519	78565520	0.2743	rs2869030	-4.94	rs12591557	0.32005	6.23	0.65109	430	16	enet	0.28	3.9e-10	0.6747	0.5
Brain_Amygdala	/media/kame/Data/_workings/resource/GTEv8//GTExv8.EUR.Brain_Amygdala/ENSG00000180953.11.wgt.RDat	ENSG00000180953.11	15	79915255	79915256	0.5866	rs7180958	-9.69	rs2115540	0.06277	5.2	-0.34492	567	38	enet	0.17	1.5e-06	0.1332	0.894
Brain_Amygdala	/media/kame/Data/_workings/resource/GTEv8//GTExv8.EUR.Brain_Amygdala/ENSG00000278600.1.wgt.RDat	ENSG00000278600.1	15	79922454	79922455	0.5148	rs7180958	-9.69	rs6495456	0.42911	-7.34	0.28198	570	14	enet	0.36	3.2e-13	-0.1813	0.856
Brain_Amygdala	/media/kame/Data/_workings/resource/GTEv8//GTExv8.EUR.Brain_Amygdala/ENSG00000259495.2.wgt.RDat	ENSG00000259495.2	15	80403574	80403575	0.5176	rs7180958	-9.69	rs3743408	0.43025	-7.27	-0.28927	496	24	enet	0.34	1.8e-12	0.4116	0.681
Brain_Amygdala	/media/kame/Data/_workings/resource/GTEv8//GTExv8.EUR.Brain_Amygdala/ENSG00000117899.10.wgt.RDat	ENSG00000117899.10	15	80989877	80989878	0.3634	rs906428	-4.45	rs16972657	0.16405	4.93	-0.49065	460	30	enet	0.12	9e-05	-0.3624	0.717
Brain_Amygdala	/media/kame/Data/_workings/resource/GTEv8//GTExv8.EUR.Brain_Amygdala/ENSG00000277782.1.wgt.RDat	ENSG00000277782.1	15	80999980	80999981	0.4968	rs906428	-4.45	rs16972604	0.20966	-5.55	0.83047	458	25	enet	0.16	4.5e-06	-0.562	0.574
Brain_Amygdala	/media/kame/Data/_workings/resource/GTEv8//GTExv8.EUR.Brain_Amygdala/ENSG00000172345.13.wgt.RDat	ENSG00000172345.13	15	81324182	81324183	0.292	rs7168398	-6.01	rs12593367	-0.00805	3.13	-0.47147	391	40	enet	0.002	0.27	0.8163	0.414
Brain_Amygdala	/media/kame/Data/_workings/resource/GTEv8//GTExv8.EUR.Brain_Amygdala/ENSG00000278662.4.wgt.RDat	ENSG00000278662.4	15	82349474	82349475	0.3217	rs4778956	7.11	rs4778989	0.24899	-5.56	-0.30022	319	8	enet	0.2	1.6e-07	0.3641	0.716
Brain_Amygdala	/media/kame/Data/_workings/resource/GTEv8//GTExv8.EUR.Brain_Amygdala/ENSG00000259429.5.wgt.RDat	ENSG00000259429.5	15	82355141	82355142	0.1866	rs4778956	7.11	rs7163848	0.05347	-3.93	0.13798	327	17	enet	0.02	0.068	0.4094	0.682
Brain_Amygdala	/media/kame/Data/_workings/resource/GTEv8//GTExv8.EUR.Brain_Amygdala/ENSG00000197978.9.wgt.RDat	ENSG00000197978.9	15	82430019	82430020	0.1221	rs4778956	7.11	rs2278355	0.0474	-4.21	-2.96544	324	6	enet	0.025	0.048	2.7794	0.00545
Brain_Amygdala	/media/kame/Data/_workings/resource/GTEv8//GTExv8.EUR.Brain_Amygdala/ENSG00000276710.4.wgt.RDat	ENSG00000276710.4	15	82459471	82459472	0.1594	rs4778956	7.11	rs12443224	0.07434	-4.16	-0.06171	312	22	enet	0.075	0.0015	0.5487	0.583
Brain_Amygdala	/media/kame/Data/_workings/resource/GTEv8//GTExv8.EUR.Brain_Amygdala/ENSG00000255769.7.wgt.RDat	ENSG00000255769.7	15	82513949	82513950	0.3757	rs6603042	-7.99	rs4779050	0.05428	4.54	-2.78004	308	36	enet	0.16	5.4e-06	-0.8689	0.385
Brain_Amygdala	/media/kame/Data/_workings/resource/GTEv8//GTExv8.EUR.Brain_Amygdala/ENSG00000228141.7.wgt.RDat	ENSG00000228141.7	15	82714028	82714029	0.4597	rs965263	-8.14	rs7182320	0.02526	4.06	0.55712	264	54	enet	0.088	0.00063	-1.6733	0.0943
Brain_Amygdala	/media/kame/Data/_workings/resource/GTEv8//GTExv8.EUR.Brain_Amygdala/ENSG00000169609.13.wgt.RDat	ENSG00000169609.13	15	83011640	83011641	0.4215	rs12441907	-11.15	rs6603042	0.33835	-6.79	-7.98689	321	16	enet	0.39	2.9e-14	3.2385	0.0012
Brain_Amygdala	/media/kame/Data/_workings/resource/GTEv8//GTExv8.EUR.Brain_Amygdala/ENSG00000064726.9.wgt.RDat	ENSG00000064726.9	15	83067333	83067334	0.2938	rs12441907	-11.15	rs12592391	0.00836	4.1	-0.66711	339	21	enet	0.089	0.00059	-1.1487	0.251
Brain_Amygdala	/media/kame/Data/_workings/resource/GTEv8//GTExv8.EUR.Brain_Amygdala/ENSG00000259511.2.wgt.RDat	ENSG00000259511.2	15	84172489	84172490	0.1994	rs7237	-6.46	rs2010993	0.0494	-4.26	-3.66903	211	10	enet	0.022	0.06	4.1656	3.11e-05
Brain_Amygdala	/media/kame/Data/_workings/resource/GTEv8//GTExv8.EUR.Brain_Amygdala/ENSG00000225151.10.wgt.RDat	ENSG00000225151.10	15	84230135	84230136	0.2673	rs7237	-6.46	rs950169	0.21287	-5.28	-3.43489	199	23	enet	0.19	3.7e-07	2.6307	0.00852
Brain_Amygdala	/media/kame/Data/_workings/resource/GTEv8//GTExv8.EUR.Brain_Amygdala/ENSG00000184206.11.wgt.RDat	ENSG00000184206.11	15	84235772	84235773	0.2522	rs7237	-6.46	rs3762168	0.08568	4.45	0.10704	201	16	enet	0.093	0.00045	1.9452	0.0517
Brain_Amygdala	/media/kame/Data/_workings/resource/GTEv8//GTExv8.EUR.Brain_Amygdala/ENSG00000230373.8.wgt.RDat	ENSG00000230373.8	15	84516813	84516814	0.2112	rs7237	-6.46	rs150968	0.14612	4.81	-2.03534	313	14	enet	0.16	3.9e-06	-2.4073	0.0161
Brain_Amygdala	/media/kame/Data/_workings/resource/GTEv8//GTExv8.EUR.Brain_Amygdala/ENSG00000176700.19.wgt.RDat	ENSG00000176700.19	15	84632278	84632279	0.638	rs7237	-6.46	rs1429444	0.06726	5.07	-3.59537	326	27	enet	0.28	3.7e-10	-2.0608	0.0393
Brain_Amygdala	/media/kame/Data/_workings/resource/GTEv8//GTExv8.EUR.Brain_Amygdala/ENSG00000259295.6.wgt.RDat	ENSG00000259295.6	15	85191437	85191438	0.3515	rs3748375	-6.37	rs3964197	0.108	5.02	0.16516	495	31	enet	0.23	1.8e-08	-0.5026	0.615
Brain_Amygdala	/media/kame/Data/_workings/resource/GTEv8//GTExv8.EUR.Brain_Amygdala/ENSG00000229212.7.wgt.RDat	ENSG00000229212.7	15	85234794	85234795	0.231	rs3748375	-6.37	rs9744503	0.24229	5.59	-0.22098	512	13	enet	0.15	9.3e-06	0.5265	0.599
Brain_Amygdala	/media/kame/Data/_workings/resource/GTEv8//GTExv8.EUR.Brain_Amygdala/ENSG00000218052.5.wgt.RDat	ENSG00000218052.5	15	85330333	85330334	0.2008	rs182517	-3.64	rs10163187	0.09138	4.64	0.09706	563	15	enet	0.049	0.0092	0.0925	0.926
Brain_Amygdala	/media/kame/Data/_workings/resource/GTEv8//GTExv8.EUR.Brain_Amygdala/ENSG00000157823.16.wgt.RDat	ENSG00000157823.16	15	89894637	89894638	0.4753	rs208829	5.18	rs12594808	0.24385	5.64	0.29112	410	12	enet	0.24	1.4e-08	0.3294	0.742
Brain_Amygdala	/media/kame/Data/_workings/resource/GTEv8//GTExv8.EUR.Brain_Amygdala/ENSG00000185043.10.wgt.RDat	ENSG00000185043.10	15	90233702	90233703	0.2937	rs893615	-4.04	rs12902511	0.10311	4.29	0.05933	394	29	enet	0.067	0.0025	-0.4302	0.667
Brain_Amygdala	/media/kame/Data/_workings/resource/GTEv8//GTExv8.EUR.Brain_Amygdala/ENSG00000196391.10.wgt.RDat	ENSG00000196391.10	15	90352244	90352245	0.1854	rs11073953	3.94	rs2601187	0.05977	4.1	0.50942	383	13	enet	0.0031	0.24	0.3828	0.702
Brain_Amygdala	/media/kame/Data/_workings/resource/GTEv8//GTExv8.EUR.Brain_Amygdala/ENSG00000140575.12.wgt.RDat	ENSG00000140575.12	15	90388217	90388218	0.3067	rs17514846	15.72	rs8032687	0.24521	5.53	-0.20743	394	30	enet	0.14	1.2e-05	-0.5314	0.595
Brain_Amygdala	/media/kame/Data/_workings/resource/GTEv8//GTExv8.EUR.Brain_Amygdala/ENSG00000166965.12.wgt.RDat	ENSG00000166965.12	15	90955795	90955796	0.3205	rs17514846	15.72	rs3826033	0.30383	6.13	-3.00957	476	7	enet	0.2	2.1e-07	-2.0289	0.0425
Brain_Amygdala	/media/kame/Data/_workings/resource/GTEv8//GTExv8.EUR.Brain_Amygdala/ENSG00000260337.3.wgt.RDat	ENSG00000260337.3	15	92596461	92596462	0.3117	rs206350	6.62	rs12442454	0.03165	4.33	0.30253	659	28	enet	0.052	0.0071	1.8225	0.0684
Brain_Amygdala	/media/kame/Data/_workings/resource/GTEv8//GTExv8.EUR.Brain_Amygdala/ENSG00000273923.1.wgt.RDat	ENSG00000273923.1	15	95225863	95225864	0.2895	rs17491052	5.88	rs10520771	0.0324	-3.91	0.52279	543	19	enet	-0.0054	0.55	0.6874	0.492
Brain_Amygdala	/media/kame/Data/_workings/resource/GTEv8//GTExv8.EUR.Brain_Amygdala/ENSG00000183571.10.wgt.RDat	ENSG00000183571.10	15	99007794	99007795	0.3087	rs2670509	4.01	rs11854998	0.12936	-4.97	0.15632	577	19	enet	0.24	7e-09	-0.0671	0.946
Brain_Amygdala	/media/kame/Data/_workings/resource/GTEv8//GTExv8.EUR.Brain_Amygdala/ENSG00000182253.14.wgt.RDat	ENSG00000182253.14	15	99098216	99098217	0.3157	rs892465	4.48	rs7164548	0.03523	3.84	-0.29617	546	41	enet	0.016	0.088	0.0503	0.96
Brain_Amygdala	/media/kame/Data/_workings/resource/GTEv8//GTExv8.EUR.Brain_Amygdala/ENSG00000103852.12.wgt.RDat	ENSG00000103852.12	15	99251222	99251223	0.4151	rs12593522	4.53	rs2084900	0.36856	-6.7	-0.02607	539	7	enet	0.29	2.2e-10	0.0362	0.971
Brain_Amygdala	/media/kame/Data/_workings/resource/GTEv8//GTExv8.EUR.Brain_Amygdala/ENSG00000183060.15.wgt.RDat	ENSG00000183060.15	15	99733560	99733561	0.3466	rs12593522	4.53	rs11247123	0.06499	5.03	1.87084	502	31	enet	0.13	2.9e-05	1.0191	0.308
Brain_Amygdala	/media/kame/Data/_workings/resource/GTEv8//GTExv8.EUR.Brain_Amygdala/ENSG00000182397.14.wgt.RDat	ENSG00000182397.14	15	99806926	99806927	0.4489	rs12593522	4.53	rs9920347	0.24906	-5.63	1.30131	536	12	enet	0.13	4.7e-05	-1.3782	0.168
Brain_Amygdala	/media/kame/Data/_workings/resource/GTEv8//GTExv8.EUR.Brain_Amygdala/ENSG00000259363.5.wgt.RDat	ENSG00000259363.5	15	99807022	99807023	0.5482	rs12593522	4.53	rs12101368	0.11392	-5.24	-1.44834	535	49	enet	0.21	7.8e-08	1.3684	0.171
Brain_Amygdala	/media/kame/Data/_workings/resource/GTEv8//GTExv8.EUR.Brain_Amygdala/ENSG00000254744.3.wgt.RDat	ENSG00000254744.3	15	99970214	99970215	0.5976	rs12593522	4.53	rs745104	0.13332	4.67	-1.35883	523	46	enet	0.17	1.7e-06	-0.3148	0.753
Brain_Amygdala	/media/kame/Data/_workings/resource/GTEv8//GTExv8.EUR.Brain_Amygdala/ENSG00000270127.2.wgt.RDat	ENSG00000270127.2	15	100550152	100550153	0.6624	rs4465593	7.22	rs4965320	0.34008	-6.75	1.36014	588	51	enet	0.38	7.7e-14	0.0364	0.971
Brain_Amygdala	/media/kame/Data/_workings/resource/GTEv8//GTExv8.EUR.Brain_Amygdala/ENSG00000259205.2.wgt.RDat	ENSG00000259205.2	15	100558953	100558954	0.4554	rs4465593	7.22	rs12460	0.229	-5.37	0.27798	590	12	enet	0.25	5.7e-09	-0.1108	0.912
Brain_Amygdala	/media/kame/Data/_workings/resource/GTEv8//GTExv8.EUR.Brain_Amygdala/ENSG00000259658.4.wgt.RDat	ENSG00000259658.4	15	101746869	101746870	0.3347	rs2073595	-5.05	rs8031873	0.29162	5.99	0.54361	370	9	enet	0.19	4.9e-07	0.1483	0.882
Brain_Amygdala	/media/kame/Data/_workings/resource/GTEv8//GTExv8.EUR.Brain_Amygdala/ENSG00000185596.16.wgt.RDat	ENSG00000185596.16	15	101961602	101961603	0.1708	rs9964	4.76	rs2203348	0.23902	5.54	1.28443	191	8	enet	0.2	2.5e-07	0.8306	0.406
Brain_Amygdala	/media/kame/Data/_workings/resource/GTEv8//GTExv8.EUR.Brain_Amygdala/ENSG00000231439.4.wgt.RDat	ENSG00000231439.4	16	22909	22910	0.3523	rs419949	-2.73	rs8466	0.234336	-5.63	-0.230404	222	10	enet	0.18	7.3e-07	0.374941	0.708
Brain_Amygdala	/media/kame/Data/_workings/resource/GTEv8//GTExv8.EUR.Brain_Amygdala/ENSG00000103148.15.wgt.RDat	ENSG00000103148.15	16	138859	138860	0.4237	rs7190358	5.26	rs2562164	0.325816	-6.31	0.330696	271	19	enet	0.25	3.4e-09	-0.371069	0.711
Brain_Amygdala	/media/kame/Data/_workings/resource/GTEv8//GTExv8.EUR.Brain_Amygdala/ENSG00000268836.1.wgt.RDat	ENSG00000268836.1	16	186293	186294	0.2603	rs7190358	5.26	rs1203974	0.13032	4.9	1.52532	299	11	enet	0.049	0.0087	1.190054	0.234
Brain_Amygdala	/media/kame/Data/_workings/resource/GTEv8//GTExv8.EUR.Brain_Amygdala/ENSG00000236829.9.wgt.RDat	ENSG00000236829.9	16	382096	382097	0.2707	rs681971	-5.99	rs431324	0.019588	3.89	-0.418612	375	12	enet	0.021	0.061	0.587084	0.557
Brain_Amygdala	/media/kame/Data/_workings/resource/GTEv8//GTExv8.EUR.Brain_Amygdala/ENSG00000129925.10.wgt.RDat	ENSG00000129925.10	16	384395	384396	0.2344	rs681971	-5.99	rs11646942	-0.008293	-3.62	-0.053422	376	10	enet	-0.0081	0.81	-0.76385	0.445
Brain_Amygdala	/media/kame/Data/_workings/resource/GTEv8//GTExv8.EUR.Brain_Amygdala/ENSG00000242612.6.wgt.RDat	ENSG00000242612.6	16	401825	401826	0.3898	rs681971	-5.99	rs3743890	0.30324	6.08	0.504644	382	4	enet	0.28	3.5e-10	0.415855	0.678
Brain_Amygdala	/media/kame/Data/_workings/resource/GTEv8//GTExv8.EUR.Brain_Amygdala/ENSG00000127578.6.wgt.RDat	ENSG00000127578.6	16	630931	630932	0.6256	rs12446849	-6.25	rs2269556	0.338802	6.47	-0.174788	455	23	enet	0.19	3.9e-07	-0.237715	0.812
Brain_Amygdala	/media/kame/Data/_workings/resource/GTEv8//GTExv8.EUR.Brain_Amygdala/ENSG00000161999.11.wgt.RDat	ENSG00000161999.11	16	684438	684439	0.2234	rs12446849	-6.25	rs6597	0.075804	4.16	2.420844	438	41	enet	0.054	0.0064	0.173375	0.862
Brain_Amygdala	/media/kame/Data/_workings/resource/GTEv8//GTExv8.EUR.Brain_Amygdala/ENSG00000127586.16.wgt.RDat	ENSG00000127586.16	16	788045	788046	0.2725	rs12446849	-6.25	rs11860412	0.022714	-3.86	-1.120673	445	15	enet	0.034	0.026	1.014698	0.31
Brain_Amygdala	/media/kame/Data/_workings/resource/GTEv8//GTExv8.EUR.Brain_Amygdala/ENSG00000103227.18.wgt.RDat	ENSG00000103227.18	16	970998	970999	0.4204	rs12446849	-6.25	rs9888914	0.181413	5.83	-1.669091	432	27	enet	0.21	1e-07	-1.060104	0.289
Brain_Amygdala	/media/kame/Data/_workings/resource/GTEv8//GTExv8.EUR.Brain_Amygdala/ENSG00000260807.6.wgt.RDat	ENSG00000260807.6	16	981595	981596	0.3796	rs12446849	-6.25	rs6600238	0.022914	-3.86	-0.030018	435	11	enet	-0.0042	0.48	-1.26763	0.205
Brain_Amygdala	/media/kame/Data/_workings/resource/GTEv8//GTExv8.EUR.Brain_Amygdala/ENSG00000197253.13.wgt.RDat	ENSG00000197253.13	16	1230183	1230184	0.5794	rs12446849	-6.25	rs9927989	0.393302	6.87	-0.186635	438	14	enet	0.31	2.5e-11	-0.290976	0.771
Brain_Amygdala	/media/kame/Data/_workings/resource/GTEv8//GTExv8.EUR.Brain_Amygdala/ENSG00000279930.1.wgt.RDat	ENSG00000279930.1	16	1437153	1437154	0.5556	rs12448994	-6.2	rs34470360	0.343099	6.95	-0.209663	477	12	enet	0.4	9.7e-15	-0.114317	0.909
Brain_Amygdala	/media/kame/Data/_workings/resource/GTEv8//GTExv8.EUR.Brain_Amygdala/ENSG00000197599.12.wgt.RDat	ENSG00000197599.12	16	1444555	1444556	0.4283	rs12443534	-5.79	rs34470360	0.390811	6.94	-0.209663	466	12	enet	0.38	3.2e-14	-0.521893	0.602
Brain_Amygdala	/media/kame/Data/_workings/resource/GTEv8//GTExv8.EUR.Brain_Amygdala/ENSG00000063854.12.wgt.RDat	ENSG00000063854.12	16	1826939	1826940	0.3651	rs7187438	5.37	rs13332303	0.177465	5.59	0.860719	464	34	enet	0.2	2e-07	-1.132817	0.257
Brain_Amygdala	/media/kame/Data/_workings/resource/GTEv8//GTExv8.EUR.Brain_Amygdala/ENSG00000180185.11.wgt.RDat	ENSG00000180185.11	16	1827194	1827195	0.4091	rs7187438	5.37	rs1657093	0.404392	7.24	1.3943	464	41	enet	0.4	1.1e-14	1.092396	0.275
Brain_Amygdala	/media/kame/Data/_workings/resource/GTEv8//GTExv8.EUR.Brain_Amygdala/ENSG00000162039.14.wgt.RDat	ENSG00000162039.14	16	1872177	1872178	0.1396	rs7187438	5.37	rs173164	0.102544	-4.72	1.159891	447	2	enet	0.046	0.011	-1.192802	0.233
Brain_Amygdala	/media/kame/Data/_workings/resource/GTEv8//GTExv8.EUR.Brain_Amygdala/ENSG00000255513.1.wgt.RDat	ENSG00000255513.1	16	1964094	1964095	0.3733	rs7187438	5.37	rs758334	0.183916	5.28	0.797833	439	11	enet	0.18	1.3e-06	0.804852	0.421
Brain_Amygdala	/media/kame/Data/_workings/resource/GTEv8//GTExv8.EUR.Brain_Amygdala/ENSG00000127554.12.wgt.RDat	ENSG00000127554.12	16	1984206	1984207	0.3425	rs7187438	5.37	rs1046495	0.178084	4.86	0.890499	428	31	enet	0.047	0.01	0.53749	0.591
Brain_Amygdala	/media/kame/Data/_workings/resource/GTEv8//GTExv8.EUR.Brain_Amygdala/ENSG00000167965.17.wgt.RDat	ENSG00000167965.17	16	2204247	2204248	0.3563	rs7187438	5.37	rs27384	0.323354	6.29	0.873874	351	10	enet	0.21	9.4e-08	0.615087	0.538
Brain_Amygdala	/media/kame/Data/_workings/resource/GTEv8//GTExv8.EUR.Brain_Amygdala/ENSG00000260778.5.wgt.RDat	ENSG00000260778.5	16	2268622	2268623	0.2961	rs7187438	5.37	rs2302035	0.136548	4.79	0.04453	341	7	enet	0.09	0.00055	-0.125338	0.9
Brain_Amygdala	/media/kame/Data/_workings/resource/GTEv8//GTExv8.EUR.Brain_Amygdala/ENSG00000261613.2.wgt.RDat	ENSG00000261613.2	16	2555997	2555998	0.7489	rs7187438	5.37	rs11642783	0.414574	7.16	1.222888	288	25	enet	0.45	5.6e-17	1.044157	0.296
Brain_Amygdala	/media/kame/Data/_workings/resource/GTEv8//GTExv8.EUR.Brain_Amygdala/ENSG00000260176.1.wgt.RDat	ENSG00000260176.1	16	2645213	2645214	0.2201	rs3094481	5.08	rs11648529	0.196557	-5.02	0.910673	308	5	enet	0.11	0.00015	-0.88643	0.375
Brain_Amygdala	/media/kame/Data/_workings/resource/GTEv8//GTExv8.EUR.Brain_Amygdala/ENSG00000260565.6.wgt.RDat	ENSG00000260565.6	16	2673443	2673444	0.3311	rs3094481	5.08	rs11648529	0.359803	-6.63	0.910673	305	6	enet	0.33	6.2e-12	-1.158473	0.247
Brain_Amygdala	/media/kame/Data/_workings/resource/GTEv8//GTExv8.EUR.Brain_Amygdala/ENSG00000276791.1.wgt.RDat	ENSG00000276791.1	16	2777318	2777319	0.7084	rs3094481	5.08	rs9925824	0.526376	-8.19	-0.552469	305	19	enet	0.53	3.8e-21	0.85723	0.391
Brain_Amygdala	/media/kame/Data/_workings/resource/GTEv8//GTExv8.EUR.Brain_Amygdala/ENSG00000103355.13.wgt.RDat	ENSG00000103355.13	16	2787947	2787948	0.4173	rs3094481	5.08	rs12599113	0.42068	7.17	-0.396255	302	9	enet	0.42	7.2e-16	-0.560731	0.575
Brain_Amygdala	/media/kame/Data/_workings/resource/GTEv8//GTExv8.EUR.Brain_Amygdala/ENSG00000263280.1.wgt.RDat	ENSG00000263280.1	16	2867617	2867618	0.4784	rs3094481	5.08	rs17660212	0.217284	6.34	0.436015	323	25	enet	0.24	1.2e-08	0.53957	0.589
Brain_Amygdala	/media/kame/Data/_workings/resource/GTEv8//GTExv8.EUR.Brain_Amygdala/ENSG00000059122.16.wgt.RDat	ENSG00000059122.16	16	2911936	2911937	0.7583	rs3094481	5.08	rs9928222	0.654621	8.84	0.392995	340	20	enet	0.65	2.3e-28	-0.164919	0.869
Brain_Amygdala	/media/kame/Data/_workings/resource/GTEv8//GTExv8.EUR.Brain_Amygdala/ENSG00000272079.2.wgt.RDat	ENSG00000272079.2	16	3006119	3006120	0.6083	rs3094481	5.08	rs2526269	0.367068	-6.67	1.219803	355	14	enet	0.3	6.3e-11	-1.357469	0.175
Brain_Amygdala	/media/kame/Data/_workings/resource/GTEv8//GTExv8.EUR.Brain_Amygdala/ENSG00000213937.3.wgt.RDat	ENSG00000213937.3	16	3012455	3012456	0.3962	rs3094481	5.08	rs2526269	0.304493	-6.08	1.219803	357	18	enet	0.18	1.1e-06	-1.878612	0.0603
Brain_Amygdala	/media/kame/Data/_workings/resource/GTEv8//GTExv8.EUR.Brain_Amygdala/ENSG00000008517.16.wgt.RDat	ENSG00000008517.16	16	3065296	3065297	0.3516	rs3094481	5.08	rs7188234	0.228489	-5.56	-0.083033	373	16	enet	0.1	0.00024	-0.272028	0.786
Brain_Amygdala	/media/kame/Data/_workings/resource/GTEv8//GTExv8.EUR.Brain_Amygdala/ENSG00000085644.13.wgt.RDat	ENSG00000085644.13	16	3129776	3129777	0.2899	rs3094481	5.08	rs2194337	0.09856	4.19	-1.630814	389	12	enet	0.0087	0.16	-1.092368	0.275
Brain_Amygdala	/media/kame/Data/_workings/resource/GTEv8//GTExv8.EUR.Brain_Amygdala/ENSG00000263072.6.wgt.RDat	ENSG00000263072.6	16	3134881	3134882	0.4012	rs3094481	5.08	rs560947	0.215339	-5.63	-0.067971	389	9	enet	0.2	1.9e-07	-0.553326	0.58
Brain_Amygdala	/media/kame/Data/_workings/resource/GTEv8//GTExv8.EUR.Brain_Amygdala/ENSG00000103351.12.wgt.RDat	ENSG00000103351.12	16	3500923	3500924	0.4463	rs1124285	-4.04	rs12933120	0.343772	6.47	-0.025285	362	27	enet	0.19	5.1e-07	-0.035346	0.972
Brain_Amygdala	/media/kame/Data/_workings/resource/GTEv8//GTExv8.EUR.Brain_Amygdala/ENSG00000167984.17.wgt.RDat	ENSG00000167984.17	16	3577399	3577400	0.6581	rs1124285	-4.04	rs12933120	0.252696	-6.69	-0.025285	357	14	enet	0.43	2.8e-16	-1.876013	0.0607
Brain_Amygdala	/media/kame/Data/_workings/resource/GTEv8//GTExv8.EUR.Brain_Amygdala/ENSG00000262246.5.wgt.RDat	ENSG00000262246.5	16	4425704	4425705	0.4344	rs444985	-4.5	rs11076830	0.343197	-6.49	0.395583	432	15	enet	0.31	4.1e-11	-0.324707	0.745
Brain_Amygdala	/media/kame/Data/_workings/resource/GTEv8//GTExv8.EUR.Brain_Amygdala/ENSG00000153406.13.wgt.RDat	ENSG00000153406.13	16	4495762	4495763	0.2955	rs444985	-4.5	rs4785966	0.191367	5.16	-0.688011	421	21	enet	0.17	2.3e-06	-0.376049	0.707
Brain_Amygdala	/media/kame/Data/_workings/resource/GTEv8//GTExv8.EUR.Brain_Amygdala/ENSG00000102858.12.wgt.RDat	ENSG00000102858.12	16	4616492	4616493	0.5491	rs444985	-4.5	rs841225	0.50388	-8.07	-0.097511	415	17	enet	0.49	3e-19	0.222181	0.824
Brain_Amygdala	/media/kame/Data/_workings/resource/GTEv8//GTExv8.EUR.Brain_Amygdala/ENSG00000103199.13.wgt.RDat	ENSG00000103199.13	16	4767623	4767624	0.2537	rs444985	-4.5	rs12599765	0.197491	5.46	1.477956	383	14	enet	0.15	9.7e-06	0.910315	0.363
Brain_Amygdala	/media/kame/Data/_workings/resource/GTEv8//GTExv8.EUR.Brain_Amygdala/ENSG00000140623.13.wgt.RDat	ENSG00000140623.13	16	4788395	4788396	0.5758	rs3743840	-4.46	rs7546	0.403336	7.31	1.917749	384	21	enet	0.47	4.4e-18	2.422002	0.0154
Brain_Amygdala	/media/kame/Data/_workings/resource/GTEv8//GTExv8.EUR.Brain_Amygdala/ENSG00000267077.1.wgt.RDat	ENSG00000267077.1	16	4796531	4796532	0.6399	rs3743840	-4.46	rs3185547	0.281199	6.57	1.497038	383	26	enet	0.4	4.7e-15	2.63003	0.00854
Brain_Amygdala	/media/kame/Data/_workings/resource/GTEv8//GTExv8.EUR.Brain_Amygdala/ENSG00000067836.12.wgt.RDat	ENSG00000067836.12	16	4802949	4802950	0.3805	rs3743840	-4.46	rs1982514	0.317129	6.31	-2.209735	385	18	enet	0.32	1.8e-11	-0.779943	0.435
Brain_Amygdala	/media/kame/Data/_workings/resource/GTEv8//GTExv8.EUR.Brain_Amygdala/ENSG00000261617.1.wgt.RDat	ENSG00000261617.1	16	9355587	9355588	0.2323	rs7190785	5.47	rs1366524	0.135478	4.4	-0.144261	558	23	enet	0.087	0.00066	-1.23614	0.216
Brain_Amygdala	/media/kame/Data/_workings/resource/GTEv8//GTExv8.EUR.Brain_Amygdala/ENSG00000213853.9.wgt.RDat	ENSG00000213853.9	16	10580697	10580698	0.527	rs8055253	-4.69	rs2111221	-0.008458	-3.58	0.288047	571	73	enet	0.025	0.047	-0.184003	0.854
Brain_Amygdala	/media/kame/Data/_workings/resource/GTEv8//GTExv8.EUR.Brain_Amygdala/ENSG00000280153.1.wgt.RDat	ENSG00000280153.1	16	10934004	10934005	0.4309	rs2541481	-4.35	rs7191411	-0.008038	3.63	0.23432	553	38	enet	0.018	0.075	0.098189	0.922
Brain_Amygdala	/media/kame/Data/_workings/resource/GTEv8//GTExv8.EUR.Brain_Amygdala/ENSG00000175643.8.wgt.RDat	ENSG00000175643.8	16	11249648	11249649	0.5214	rs3784924	4.15	rs243327	0.290371	6.48	0.316969	510	27	enet	0.28	2.9e-10	0.992135	0.321
Brain_Amygdala	/media/kame/Data/_workings/resource/GTEv8//GTExv8.EUR.Brain_Amygdala/ENSG00000234719.8.wgt.RDat	ENSG00000234719.8	16	11976642	11976643	0.6967	rs1960156	9.05	rs2869492	0.623299	8.6	1.877553	449	15	enet	0.58	6.8e-24	2.015224	0.0439
Brain_Amygdala	/media/kame/Data/_workings/resource/GTEv8//GTExv8.EUR.Brain_Amygdala/ENSG00000183426.16.wgt.RDat	ENSG00000183426.16	16	14937413	14937414	0.6414	rs2966129	-2.86	rs3198697	0.102025	-5.68	-0.454937	103	38	enet	0.35	7.1e-13	-1.715639	0.0862
Brain_Amygdala	/media/kame/Data/_workings/resource/GTEv8//GTExv8.EUR.Brain_Amygdala/ENSG00000260735.1.wgt.RDat	ENSG00000260735.1	16	15094410	15094411	0.2851	rs4781673	3.42	rs2966129	0.085372	4.52	-2.860718	102	14	enet	0.047	0.01	-1.305427	0.192
Brain_Amygdala	/media/kame/Data/_workings/resource/GTEv8//GTExv8.EUR.Brain_Amygdala/ENSG00000188599.17.wgt.RDat	ENSG00000188599.17	16	15123497	15123498	0.179	rs4781673	3.42	rs7192563	0.096522	4.14	-2.023072	101	7	enet	0.058	0.0047	-1.824582	0.0681
Brain_Amygdala	/media/kame/Data/_workings/resource/GTEv8//GTExv8.EUR.Brain_Amygdala/ENSG00000183793.13.wgt.RDat	ENSG00000183793.13	16	15381046	15381047	0.8914	rs4781673	3.42	rs3198697	0.361782	6.83	-0.454937	230	64	enet	0.45	3.8e-17	2.162078	0.0306
Brain_Amygdala	/media/kame/Data/_workings/resource/GTEv8//GTExv8.EUR.Brain_Amygdala/ENSG00000072864.14.wgt.RDat	ENSG00000072864.14	16	15643266	15643267	0.2742	rs4781673	3.42	rs16967494	0.246639	-6	-0.005784	402	3	enet	0.2	1.8e-07	0.000774	0.999
Brain_Amygdala	/media/kame/Data/_workings/resource/GTEv8//GTExv8.EUR.Brain_Amygdala/ENSG00000263335.1.wgt.RDat	ENSG00000263335.1	16	15726673	15726674	0.545	rs4781673	3.42	rs16967494	0.48336	7.65	-0.005784	448	7	enet	0.46	1.2e-17	-0.097271	0.923
Brain_Amygdala	/media/kame/Data/_workings/resource/GTEv8//GTExv8.EUR.Brain_Amygdala/ENSG00000227827.3.wgt.RDat	ENSG00000227827.3	16	16356223	16356224	0.514	rs215105	2.88	rs2856553	0.388362	6.85	0.112381	307	3	enet	0.33	4e-12	0.186665	0.852
Brain_Amygdala	/media/kame/Data/_workings/resource/GTEv8//GTExv8.EUR.Brain_Amygdala/ENSG00000103550.13.wgt.RDat	ENSG00000103550.13	16	19717693	19717694	0.412	rs226865	-5.85	rs7187976	0.273412	6.42	-0.526655	444	24	enet	0.27	8.5e-10	-0.534333	0.593
Brain_Amygdala	/media/kame/Data/_workings/resource/GTEv8//GTExv8.EUR.Brain_Amygdala/ENSG00000261195.1.wgt.RDat	ENSG00000261195.1	16	19766098	19766099	0.431	rs226865	-5.85	rs4782279	0.224909	-5.75	-0.54214	448	48	enet	0.15	5.8e-06	-0.358704	0.72
Brain_Amygdala	/media/kame/Data/_workings/resource/GTEv8//GTExv8.EUR.Brain_Amygdala/ENSG00000260306.1.wgt.RDat	ENSG00000260306.1	16	21795758	21795759	0.2894	rs2113143	4.97	rs4783412	0.036605	-4.57	-0.067919	134	15	enet	0.12	5.9e-05	-0.738741	0.46
Brain_Amygdala	/media/kame/Data/_workings/resource/GTEv8//GTExv8.EUR.Brain_Amygdala/ENSG00000248124.7.wgt.RDat	ENSG00000248124.7	16	21820409	21820410	0.1752	rs2113143	4.97	rs4281695	0.0093	-3.74	0.583913	139	39	enet	0.00062	0.3	-1.339006	0.181
Brain_Amygdala	/media/kame/Data/_workings/resource/GTEv8//GTExv8.EUR.Brain_Amygdala/ENSG00000237296.9.wgt.RDat	ENSG00000237296.9	16	22437715	22437716	0.2616	rs2113143	4.97	rs8059561	0.048654	-4.34	2.54968	255	25	enet	0.033	0.028	-0.696608	0.486
Brain_Amygdala	/media/kame/Data/_workings/resource/GTEv8//GTExv8.EUR.Brain_Amygdala/ENSG00000103356.15.wgt.RDat	ENSG00000103356.15	16	23557360	23557361	0.1551	rs11074583	-7.46	rs1468138	0.045282	-4.18	0.625596	430	15	enet	0.047	0.0099	0.952995	0.341
Brain_Amygdala	/media/kame/Data/_workings/resource/GTEv8//GTExv8.EUR.Brain_Amygdala/ENSG00000259954.1.wgt.RDat	ENSG00000259954.1	16	27453392	27453393	0.4608	rs233467	5.34	rs8048175	0.391138	-7.47	4.262513	518	31	enet	0.41	2.5e-15	-4.323168	1.54e-05
Brain_Amygdala	/media/kame/Data/_workings/resource/GTEv8//GTExv8.EUR.Brain_Amygdala/ENSG00000233232.6.wgt.RDat	ENSG00000233232.6	16	28471174	28471175	0.1717	rs4255791	4.47	rs4788073	0.055004	-4.32	0.086697	213	20	enet	0.052	0.007	-1.662397	0.0964
Brain_Amygdala	/media/kame/Data/_workings/resource/GTEv8//GTExv8.EUR.Brain_Amygdala/ENSG00000197165.10.wgt.RDat	ENSG00000197165.10	16	28597108	28597109	0.3667	rs4255791	4.47	rs7186573	0.365432	6.62	0.09618	186	26	enet	0.29	2e-10	0.662657	0.508
Brain_Amygdala	/media/kame/Data/_workings/resource/GTEv8//GTExv8.EUR.Brain_Amygdala/ENSG00000196502.11.wgt.RDat	ENSG00000196502.11	16	28623624	28623625	0.1854	rs4255791	4.47	rs7186573	0.203142	-5.24	0.09618	182	22	enet	0.13	4.4e-05	-0.421597	0.673
Brain_Amygdala	/media/kame/Data/_workings/resource/GTEv8//GTExv8.EUR.Brain_Amygdala/ENSG00000184110.14.wgt.RDat	ENSG00000184110.14	16	28688557	28688558	0.2539	rs4255791	4.47	rs151228	0.004021	3.79	0.000855	201	32	enet	0.12	6.7e-05	0.280606	0.779
Brain_Amygdala	/media/kame/Data/_workings/resource/GTEv8//GTExv8.EUR.Brain_Amygdala/ENSG00000196993.8.wgt.RDat	ENSG00000196993.8	16	28751786	28751787	0.1547	rs4255791	4.47	rs4788073	0.071323	-4.21	0.086697	196	13	enet	0.028	0.037	-0.612307	0.54
Brain_Amygdala	/media/kame/Data/_workings/resource/GTEv8//GTExv8.EUR.Brain_Amygdala/ENSG00000251417.2.wgt.RDat	ENSG00000251417.2	16	28802742	28802743	0.241	rs12444319	-3.7	rs2411453	0.310769	-6.32	0.227309	182	18	enet	0.29	1.1e-10	-0.177423	0.859
Brain_Amygdala	/media/kame/Data/_workings/resource/GTEv8//GTExv8.EUR.Brain_Amygdala/ENSG00000178952.10.wgt.RDat	ENSG00000178952.10	16	28846407	28846408	0.2107	rs17855750	-3.4	rs12928404	0.193068	5.95	0.996423	181	26	enet	0.23	2.2e-08	0.818894	0.413
Brain_Amygdala	/media/kame/Data/_workings/resource/GTEv8//GTExv8.EUR.Brain_Amygdala/ENSG00000213658.11.wgt.RDat	ENSG00000213658.11	16	28984825	28984826	0.1442	rs17855750	-3.4	rs6565259	-0.007204	3.35	1.410073	180	24	enet	-0.0059	0.58	-0.31084	0.756
Brain_Amygdala	/media/kame/Data/_workings/resource/GTEv8//GTExv8.EUR.Brain_Amygdala/ENSG00000260953.1.wgt.RDat	ENSG00000260953.1	16	29264478	29264479	0.4715	rs8045689	3.22	rs5029446	0.088996	-5.39	0.092274	160	35	enet	0.17	1.3e-06	1.143955	0.253
Brain_Amygdala	/media/kame/Data/_workings/resource/GTEv8//GTExv8.EUR.Brain_Amygdala/ENSG00000271699.5.wgt.RDat	ENSG00000271699.5	16	29350745	29350746	0.1962	rs8045689	3.22	rs7500911	0.100188	-4.4	0.078564	164	9	enet	0.034	0.025	0.339849	0.734
Brain_Amygdala	/media/kame/Data/_workings/resource/GTEv8//GTExv8.EUR.Brain_Amygdala/ENSG00000103485.17.wgt.RDat	ENSG00000103485.17	16	29679007	29679008	0.3291	rs9924308	-2.72	rs9933310	0.215887	-5.24	-0.788989	181	36	enet	0.19	3.9e-07	1.366499	0.172
Brain_Amygdala	/media/kame/Data/_workings/resource/GTEv8//GTExv8.EUR.Brain_Amygdala/ENSG00000238045.9.wgt.RDat	ENSG00000238045.9	16	29821251	29821252	0.2291	rs9924308	-2.72	rs34286592	0.064198	4.05	-0.630219	154	25	enet	0.072	0.0018	-0.022472	0.982
Brain_Amygdala	/media/kame/Data/_workings/resource/GTEv8//GTExv8.EUR.Brain_Amygdala/ENSG00000214725.8.wgt.RDat	ENSG00000214725.8	16	29863833	29863834	0.3018	rs9924308	-2.72	rs889695	0.209843	-5.13	-1.272436	159	11	enet	0.22	5.5e-08	0.853337	0.393
Brain_Amygdala	/media/kame/Data/_workings/resource/GTEv8//GTExv8.EUR.Brain_Amygdala/ENSG00000149922.10.wgt.RDat	ENSG00000149922.10	16	30091886	30091887	0.2328	rs1557672	-4.12	rs11865086	-0.000228	-3.96	-1.525224	224	15	enet	0.038	0.019	1.181286	0.237
Brain_Amygdala	/media/kame/Data/_workings/resource/GTEv8//GTExv8.EUR.Brain_Amygdala/ENSG00000183604.14.wgt.RDat	ENSG00000183604.14	16	30335373	30335374	0.19	rs11642862	-4.64	rs13331817	0.015178	3.94	-1.323951	207	17	enet	0.07	0.0021	1.123254	0.261
Brain_Amygdala	/media/kame/Data/_workings/resource/GTEv8//GTExv8.EUR.Brain_Amygdala/ENSG00000180096.11.wgt.RDat	ENSG00000180096.11	16	30395990	30395991	0.3266	rs11642862	-4.64	rs8060853	0.089167	-4.32	0.65772	199	42	enet	0.053	0.0066	-0.445801	0.656
Brain_Amygdala	/media/kame/Data/_workings/resource/GTEv8//GTExv8.EUR.Brain_Amygdala/ENSG00000196118.11.wgt.RDat	ENSG00000196118.11	16	30762709	30762710	0.3912	rs11642862	-4.64	rs13338946	0.035875	-3.78	-0.116764	206	15	enet	0.15	7.7e-06	2.359519	0.0183
Brain_Amygdala	/media/kame/Data/_workings/resource/GTEv8//GTExv8.EUR.Brain_Amygdala/ENSG00000103549.21.wgt.RDat	ENSG00000103549.21	16	30763117	30763118	0.1428	rs11642862	-4.64	rs889548	0.033976	-3.67	-1.029977	206	19	enet	0.039	0.018	0.795338	0.426
Brain_Amygdala	/media/kame/Data/_workings/resource/GTEv8//GTExv8.EUR.Brain_Amygdala/ENSG00000260852.1.wgt.RDat	ENSG00000260852.1	16	30923268	30923269	0.209	rs11642862	-4.64	rs7186852	0.032056	3.57	-0.552553	233	16	enet	0.014	0.11	0.31383	0.754
Brain_Amygdala	/media/kame/Data/_workings/resource/GTEv8//GTExv8.EUR.Brain_Amygdala/ENSG00000103496.14.wgt.RDat	ENSG00000103496.14	16	31032888	31032889	0.1278	rs11642862	-4.64	rs11538957	0.012177	3.38	0.167344	239	42	enet	0.035	0.024	0.977726	0.328
Brain_Amygdala	/media/kame/Data/_workings/resource/GTEv8//GTExv8.EUR.Brain_Amygdala/ENSG00000103510.19.wgt.RDat	ENSG00000103510.19	16	31115753	31115754	0.1634	rs11642862	-4.64	rs2855475	0.146852	-4.48	-0.933578	242	23	enet	0.091	5e-04	1.144917	0.252
Brain_Amygdala	/media/kame/Data/_workings/resource/GTEv8//GTExv8.EUR.Brain_Amygdala/ENSG00000178226.10.wgt.RDat	ENSG00000178226.10	16	31150093	31150094	0.1613	rs11642862	-4.64	rs11865499	0.09919	4.4	1.43591	248	7	enet	0.097	0.00033	0.693981	0.488
Brain_Amygdala	/media/kame/Data/_workings/resource/GTEv8//GTExv8.EUR.Brain_Amygdala/ENSG00000103490.13.wgt.RDat	ENSG00000103490.13	16	31202458	31202459	0.2583	rs11642862	-4.64	rs9788865	0.007356	3.09	0.178755	251	25	enet	0.031	0.032	1.057495	0.29
Brain_Amygdala	/media/kame/Data/_workings/resource/GTEv8//GTExv8.EUR.Brain_Amygdala/ENSG00000260625.2.wgt.RDat	ENSG00000260625.2	16	31508470	31508471	0.2152	rs749671	-1.98	rs12149755	-0.006789	3.13	-0.327328	256	55	enet	0.0032	0.24	-0.567536	0.57
Brain_Amygdala	/media/kame/Data/_workings/resource/GTEv8//GTExv8.EUR.Brain_Amygdala/ENSG00000155393.12.wgt.RDat	ENSG00000155393.12	16	50065940	50065941	0.3735	rs7192812	-7.82	rs7186889	0.271551	-5.74	-0.033332	374	18	enet	0.25	4.6e-09	-0.32293	0.747
Brain_Amygdala	/media/kame/Data/_workings/resource/GTEv8//GTExv8.EUR.Brain_Amygdala/ENSG00000103479.15.wgt.RDat	ENSG00000103479.15	16	53433976	53433977	0.308	rs8050560	6.9	rs1074182	0.178801	-5.43	-0.055624	384	25	enet	0.16	3.1e-06	0.168804	0.866
Brain_Amygdala	/media/kame/Data/_workings/resource/GTEv8//GTExv8.EUR.Brain_Amygdala/ENSG00000279344.1.wgt.RDat	ENSG00000279344.1	16	53481549	53481550	0.2714	rs17218700	4.53	rs9931702	0.072435	4.3	-0.052542	389	54	enet	0.017	0.081	-0.794776	0.427
Brain_Amygdala	/media/kame/Data/_workings/resource/GTEv8//GTExv8.EUR.Brain_Amygdala/ENSG00000279722.1.wgt.RDat	ENSG00000279722.1	16	53489942	53489943	0.3188	rs17218700	4.56	rs7199018	0.219374	5.31	-0.434568	387	7	enet	0.12	8.3e-05	-0.53749	0.591
Brain_Amygdala	/media/kame/Data/_workings/resource/GTEv8//GTExv8.EUR.Brain_Amygdala/ENSG00000166971.16.wgt.RDat	ENSG00000166971.16	16	53504410	53504411	0.4219	rs17218700	4.45	rs9931702	0.042962	-4.57	-0.052542	400	59	enet	0.22	5.6e-08	0.334574	0.738
Brain_Amygdala	/media/kame/Data/_workings/resource/GTEv8//GTExv8.EUR.Brain_Amygdala/ENSG00000159387.7.wgt.RDat	ENSG00000159387.7	16	55323759	55323760	0.3226	rs15534	5.44	rs30935	0.176429	4.95	0.30891	623	14	enet	0.092	0.00048	-0.391679	0.695
Brain_Amygdala	/media/kame/Data/_workings/resource/GTEv8//GTExv8.EUR.Brain_Amygdala/ENSG00000198848.12.wgt.RDat	ENSG00000198848.12	16	55833336	55833337	0.3115	rs11866301	-5.78	rs28631692	0.075478	4.98	-0.012531	508	37	enet	0.17	1.8e-06	-0.620672	0.535
Brain_Amygdala	/media/kame/Data/_workings/resource/GTEv8//GTExv8.EUR.Brain_Amygdala/ENSG00000246379.6.wgt.RDat	ENSG00000246379.6	16	56191093	56191094	0.3027	rs11866301	-5.78	rs13338967	0.000645	3.83	0.179022	472	15	enet	-0.0085	0.97	0.338725	0.735
Brain_Amygdala	/media/kame/Data/_workings/resource/GTEv8//GTExv8.EUR.Brain_Amygdala/ENSG00000274031.1.wgt.RDat	ENSG00000274031.1	16	56466150	56466151	0.5296	rs9927884	-5.27	rs9933064	0.151696	6.32	0.131465	451	15	enet	0.26	1.3e-09	0.135617	0.892
Brain_Amygdala	/media/kame/Data/_workings/resource/GTEv8//GTExv8.EUR.Brain_Amygdala/ENSG00000261270.1.wgt.RDat	ENSG00000261270.1	16	56940277	56940278	0.3523	rs9927884	-5.27	rs1800775	-0.007302	3.53	0.076805	517	53	enet	0.0046	0.22	-1.852012	0.064
Brain_Amygdala	/media/kame/Data/_workings/resource/GTEv8//GTExv8.EUR.Brain_Amygdala/ENSG00000102978.12.wgt.RDat	ENSG00000102978.12	16	57462386	57462387	0.3314	rs1108645	4.47	rs183419	0.076624	4.1	-0.035708	571	21	enet	0.045	0.012	0.954289	0.34
Brain_Amygdala	/media/kame/Data/_workings/resource/GTEv8//GTExv8.EUR.Brain_Amygdala/ENSG00000246898.1.wgt.RDat	ENSG00000246898.1	16	66408523	66408524	0.4954	rs152168	6.51	rs2289149	0.388312	-7.16	-0.137548	497	16	enet	0.35	5.6e-13	0.350749	0.726
Brain_Amygdala	/media/kame/Data/_workings/resource/GTEv8//GTExv8.EUR.Brain_Amygdala/ENSG00000140939.14.wgt.RDat	ENSG00000140939.14	16	67170153	67170154	0.2205	rs152168	6.51	rs7184692	0.006612	-3.7	-0.286006	254	34	enet	-0.0055	0.55	1.178761	0.238
Brain_Amygdala	/media/kame/Data/_workings/resource/GTEv8//GTExv8.EUR.Brain_Amygdala/ENSG00000141098.12.wgt.RDat	ENSG00000141098.12	16	67719420	67719421	0.111	rs7200919	3.37	rs2292318	0.06989	-4.28	0.895555	211	14	enet	0.046	0.011	-0.461158	0.645
Brain_Amygdala	/media/kame/Data/_workings/resource/GTEv8//GTExv8.EUR.Brain_Amygdala/ENSG00000141084.10.wgt.RDat	ENSG00000141084.10	16	67806651	67806652	0.0966	rs9788810	-4.17	rs11860071	0.032364	-3.22	0.401911	215	13	enet	0.004	0.23	-0.208684	0.835
Brain_Amygdala	/media/kame/Data/_workings/resource/GTEv8//GTExv8.EUR.Brain_Amygdala/ENSG00000132600.16.wgt.RDat	ENSG00000132600.16	16	68310973	68310974	0.1667	rs9788810	-4.17	rs9888986	0.057699	4.03	2.68741	300	27	enet	0.013	0.11	0.846002	0.398
Brain_Amygdala	/media/kame/Data/_workings/resource/GTEv8//GTExv8.EUR.Brain_Amygdala/ENSG00000141076.17.wgt.RDat	ENSG00000141076.17	16	69131290	69131291	0.558	rs8061932	-4.69	rs17624199	0.031049	-4.48	1.293469	322	45	enet	0.26	1.8e-09	0.041757	0.967
Brain_Amygdala	/media/kame/Data/_workings/resource/GTEv8//GTExv8.EUR.Brain_Amygdala/ENSG00000157322.17.wgt.RDat	ENSG00000157322.17	16	69950704	69950705	0.4377	rs12921716	-3.72	rs1808417	0.378386	-6.92	0.777478	208	13	enet	0.36	2.5e-13	-0.777629	0.437
Brain_Amygdala	/media/kame/Data/_workings/resource/GTEv8//GTExv8.EUR.Brain_Amygdala/ENSG00000226232.8.wgt.RDat	ENSG00000226232.8	16	69996187	69996188	0.7889	rs12921716	-3.72	rs929843	0.228241	6.66	-1.222893	196	59	enet	0.52	8.9e-21	-1.070921	0.284
Brain_Amygdala	/media/kame/Data/_workings/resource/GTEv8//GTExv8.EUR.Brain_Amygdala/ENSG00000255185.5.wgt.RDat	ENSG00000255185.5	16	70065944	70065945	0.4504	rs244415	-2.89	rs35567919	0.240976	-5.67	0.488774	187	36	enet	0.27	7.7e-10	-0.009454	0.992
Brain_Amygdala	/media/kame/Data/_workings/resource/GTEv8//GTExv8.EUR.Brain_Amygdala/ENSG00000261556.9.wgt.RDat	ENSG00000261556.9	16	70246609	70246610	0.6747	rs6499335	-6.31	rs1808417	0.286182	-6.23	0.777478	200	24	enet	0.29	1.2e-10	-0.641189	0.521
Brain_Amygdala	/media/kame/Data/_workings/resource/GTEv8//GTExv8.EUR.Brain_Amygdala/ENSG00000223496.2.wgt.RDat	ENSG00000223496.2	16	70251929	70251930	0.4851	rs6499335	-6.31	rs4985407	0.489384	7.74	-0.023707	201	14	enet	0.49	7.3e-19	-0.240653	0.81
Brain_Amygdala	/media/kame/Data/_workings/resource/GTEv8//GTExv8.EUR.Brain_Amygdala/ENSG00000090861.15.wgt.RDat	ENSG00000090861.15	16	70289542	70289543	0.4843	rs6499335	-6.31	rs4985392	0.008527	-3.39	-1.33764	203	22	enet	0.074	0.0017	0.648926	0.516
Brain_Amygdala	/media/kame/Data/_workings/resource/GTEv8//GTExv8.EUR.Brain_Amygdala/ENSG00000279569.1.wgt.RDat	ENSG00000279569.1	16	70664449	70664450	0.1704	rs6499335	-6.31	rs8048078	0.08672	4.26	-0.452552	149	6	enet	0.045	0.012	-0.191074	0.848
Brain_Amygdala	/media/kame/Data/_workings/resource/GTEv8//GTExv8.EUR.Brain_Amygdala/ENSG00000167377.17.wgt.RDat	ENSG00000167377.17	16	71463094	71463095	0.1803	rs7184543	-7.03	rs12918320	0.04479	4.05	-0.534904	317	15	enet	0.082	0.00095	1.930705	0.0535
Brain_Amygdala	/media/kame/Data/_workings/resource/GTEv8//GTExv8.EUR.Brain_Amygdala/ENSG00000166747.12.wgt.RDat	ENSG00000166747.12	16	71809200	71809201	0.1867	rs7184543	-7.03	rs11864453	0.023411	3.77	0.034003	421	8	enet	0.053	0.0069	-0.40909	0.682
Brain_Amygdala	/media/kame/Data/_workings/resource/GTEv8//GTExv8.EUR.Brain_Amygdala/ENSG00000102967.11.wgt.RDat	ENSG00000102967.11	16	72008587	72008588	0.2701	rs7184543	-7.03	rs1424241	0.128323	-4.71	-1.879152	351	10	enet	0.12	5e-05	0.767318	0.443
Brain_Amygdala	/media/kame/Data/_workings/resource/GTEv8//GTExv8.EUR.Brain_Amygdala/ENSG00000257017.8.wgt.RDat	ENSG00000257017.8	16	72054591	72054592	0.2324	rs12925901	-6.92	rs2000999	0.112515	4.34	-1.032986	340	13	enet	0.044	0.013	-2.536715	0.0112
Brain_Amygdala	/media/kame/Data/_workings/resource/GTEv8//GTExv8.EUR.Brain_Amygdala/ENSG00000261701.6.wgt.RDat	ENSG00000261701.6	16	72063223	72063224	0.5771	rs12925901	-6.92	rs2000999	0.489815	7.64	-1.032986	341	14	enet	0.46	2.3e-17	-0.826701	0.408
Brain_Amygdala	/media/kame/Data/_workings/resource/GTEv8//GTExv8.EUR.Brain_Amygdala/ENSG00000140830.8.wgt.RDat	ENSG00000140830.8	16	72094395	72094396	0.2106	rs12925901	-6.92	rs2000999	0.122731	4.85	-1.032986	331	7	enet	0.16	3.7e-06	-0.969988	0.332
Brain_Amygdala	/media/kame/Data/_workings/resource/GTEv8//GTExv8.EUR.Brain_Amygdala/ENSG00000168411.13.wgt.RDat	ENSG00000168411.13	16	74666880	74666881	0.5683	rs12919626	4.73	rs3815826	0.244628	5.45	0.510659	356	55	enet	0.25	6.3e-09	0.33626	0.737
Brain_Amygdala	/media/kame/Data/_workings/resource/GTEv8//GTExv8.EUR.Brain_Amygdala/ENSG00000166816.13.wgt.RDat	ENSG00000166816.13	16	75116770	75116771	0.2744	rs12919626	4.73	rs3784934	0.009939	-3.15	-0.300287	405	47	enet	0.007	0.18	-1.39082	0.164
Brain_Amygdala	/media/kame/Data/_workings/resource/GTEv8//GTExv8.EUR.Brain_Amygdala/ENSG00000184517.11.wgt.RDat	ENSG00000184517.11	16	75148491	75148492	0.5053	rs12919626	4.73	rs11645602	0.245932	-5.4	-0.068988	410	34	enet	0.21	8.9e-08	0.974517	0.33
Brain_Amygdala	/media/kame/Data/_workings/resource/GTEv8//GTExv8.EUR.Brain_Amygdala/ENSG00000280152.1.wgt.RDat	ENSG00000280152.1	16	75249563	75249564	0.6322	rs9936747	4.41	rs8051363	0.142737	-5.53	0.407521	370	25	enet	0.34	2.5e-12	-0.294784	0.768
Brain_Amygdala	/media/kame/Data/_workings/resource/GTEv8//GTExv8.EUR.Brain_Amygdala/ENSG00000205078.5.wgt.RDat	ENSG00000205078.5	16	77206440	77206441	0.402	rs7186803	12.6	rs11865641	0.381928	6.8	6.502878	721	10	enet	0.26	1.7e-09	5.804392	6.46e-09
Brain_Amygdala	/media/kame/Data/_workings/resource/GTEv8//GTExv8.EUR.Brain_Amygdala/ENSG00000140873.15.wgt.RDat	ENSG00000140873.15	16	77435113	77435114	0.7523	rs7186803	12.6	rs10514415	0.570757	8.26	1.350856	830	11	enet	0.57	1.8e-23	1.027386	0.304
Brain_Amygdala	/media/kame/Data/_workings/resource/GTEv8//GTExv8.EUR.Brain_Amygdala/ENSG00000186153.16.wgt.RDat	ENSG00000186153.16	16	78099412	78099413	0.4222	rs7198627	5.91	rs11545028	0.025922	-4.77	0.428866	854	34	enet	0.062	0.0037	-0.749324	0.454
Brain_Amygdala	/media/kame/Data/_workings/resource/GTEv8//GTExv8.EUR.Brain_Amygdala/ENSG00000276007.1.wgt.RDat	ENSG00000276007.1	16	78123242	78123243	0.381	rs2738555	6.68	rs16947165	0.221734	5.22	0.864835	843	23	enet	0.18	9.9e-07	0.792068	0.428
Brain_Amygdala	/media/kame/Data/_workings/resource/GTEv8//GTExv8.EUR.Brain_Amygdala/ENSG00000261390.5.wgt.RDat	ENSG00000261390.5	16	79770562	79770563	0.3797	rs9922228	4.57	rs4404082	0.227897	-5.85	-0.117745	780	37	enet	0.18	6.6e-07	0.11946	0.905
Brain_Amygdala	/media/kame/Data/_workings/resource/GTEv8//GTExv8.EUR.Brain_Amygdala/ENSG00000260213.5.wgt.RDat	ENSG00000260213.5	16	81035758	81035759	0.3612	rs7190949	-3.58	rs2549887	0.246687	-6.27	-0.270884	667	23	enet	0.25	4.4e-09	0.349277	0.727
Brain_Amygdala	/media/kame/Data/_workings/resource/GTEv8//GTExv8.EUR.Brain_Amygdala/ENSG00000140905.10.wgt.RDat	ENSG00000140905.10	16	81096424	81096425	0.3755	rs7190949	-3.58	rs2602402	0.112145	-4.4	-1.073554	687	20	enet	0.093	0.00044	0.868592	0.385
Brain_Amygdala	/media/kame/Data/_workings/resource/GTEv8//GTExv8.EUR.Brain_Amygdala/ENSG00000197943.9.wgt.RDat	ENSG00000197943.9	16	81779257	81779258	0.4577	rs6564905	4.49	rs7203619	-0.001639	3.82	-0.174124	694	63	enet	0.044	0.012	0.679698	0.497
Brain_Amygdala	/media/kame/Data/_workings/resource/GTEv8//GTExv8.EUR.Brain_Amygdala/ENSG00000135698.9.wgt.RDat	ENSG00000135698.9	16	82170225	82170226	0.3046	rs3852718	4.97	rs7203990	0.095251	4.42	-1.088055	746	14	enet	0.028	0.038	-1.738588	0.0821
Brain_Amygdala	/media/kame/Data/_workings/resource/GTEv8//GTExv8.EUR.Brain_Amygdala/ENSG00000260788.5.wgt.RDat	ENSG00000260788.5	16	83772935	83772936	0.4069	rs1035533	5.53	rs17700786	0.300579	6.09	-0.006691	928	8	enet	0.27	8.8e-10	0.093555	0.925
Brain_Amygdala	/media/kame/Data/_workings/resource/GTEv8//GTExv8.EUR.Brain_Amygdala/ENSG00000103168.16.wgt.RDat	ENSG00000103168.16	16	84187069	84187070	0.2498	rs244797	-4.64	rs3803643	0.21699	-5.33	-1.44179	962	11	enet	0.17	1.8e-06	1.543756	0.123
Brain_Amygdala	/media/kame/Data/_workings/resource/GTEv8//GTExv8.EUR.Brain_Amygdala/ENSG00000168418.7.wgt.RDat	ENSG00000168418.7	16	84239749	84239750	0.3764	rs244797	-4.64	rs7185137	0.094918	-4.5	0.360707	919	25	enet	0.12	5.9e-05	-0.215575	0.829
Brain_Amygdala	/media/kame/Data/_workings/resource/GTEv8//GTExv8.EUR.Brain_Amygdala/ENSG00000140968.10.wgt.RDat	ENSG00000140968.10	16	85898802	85898803	0.3946	rs5020073	-6.42	rs9308368	0.011709	-3.45	1.176501	728	5	enet	-0.0036	0.45	-0.237453	0.812
Brain_Amygdala	/media/kame/Data/_workings/resource/GTEv8//GTExv8.EUR.Brain_Amygdala/ENSG00000270020.1.wgt.RDat	ENSG00000270020.1	16	86523896	86523897	0.7942	rs5020073	-6.42	rs9935567	0.468007	7.51	0.312751	925	31	enet	0.46	1.9e-17	0.462204	0.644
Brain_Amygdala	/media/kame/Data/_workings/resource/GTEv8//GTExv8.EUR.Brain_Amygdala/ENSG00000260750.5.wgt.RDat	ENSG00000260750.5	16	87492554	87492555	0.2685	rs1816113	5.32	rs4066743	0.009728	-3.64	0.812113	588	22	enet	-0.0013	0.36	-0.495958	0.62
Brain_Amygdala	/media/kame/Data/_workings/resource/GTEv8//GTExv8.EUR.Brain_Amygdala/ENSG00000260121.1.wgt.RDat	ENSG00000260121.1	16	88718614	88718615	0.2961	rs488251	-6.44	rs7203655	0.052763	4.25	1.797551	391	17	enet	0.054	0.0062	1.212316	0.225
Brain_Amygdala	/media/kame/Data/_workings/resource/GTEv8//GTExv8.EUR.Brain_Amygdala/ENSG00000176715.15.wgt.RDat	ENSG00000176715.15	16	89088374	89088375	0.372	rs488251	-6.44	rs4782449	0.248963	6.09	2.052846	432	18	enet	0.27	1.1e-09	1.271056	0.204
Brain_Amygdala	/media/kame/Data/_workings/resource/GTEv8//GTExv8.EUR.Brain_Amygdala/ENSG00000259803.6.wgt.RDat	ENSG00000259803.6	16	89201663	89201664	0.2833	rs12924572	-7.53	rs4782328	0.117746	4.38	0.361698	412	32	enet	0.18	8.5e-07	1.510942	0.131
Brain_Amygdala	/media/kame/Data/_workings/resource/GTEv8//GTExv8.EUR.Brain_Amygdala/ENSG00000274627.1.wgt.RDat	ENSG00000274627.1	16	89516796	89516797	0.4809	rs12924572	-7.53	rs11862081	0.350686	6.85	-1.771616	415	41	enet	0.32	9.1e-12	-1.735696	0.0826
Brain_Amygdala	/media/kame/Data/_workings/resource/GTEv8//GTExv8.EUR.Brain_Amygdala/ENSG00000185324.21.wgt.RDat	ENSG00000185324.21	16	89680736	89680737	0.3705	rs12924572	-7.53	rs11538871	0.235162	-5.5	-3.657135	409	9	enet	0.2	2.2e-07	1.94597	0.0517
Brain_Amygdala	/media/kame/Data/_workings/resource/GTEv8//GTExv8.EUR.Brain_Amygdala/ENSG00000261373.1.wgt.RDat	ENSG00000261373.1	16	89711855	89711856	0.3132	rs12924572	-7.53	rs7189734	0.03644	3.96	-1.650499	400	3	enet	0.0023	0.26	-1.651554	0.0986
Brain_Amygdala	/media/kame/Data/_workings/resource/GTEv8//GTExv8.EUR.Brain_Amygdala/ENSG00000075399.13.wgt.RDat	ENSG00000075399.13	16	89720983	89720984	0.2968	rs12924572	-7.53	rs6500461	0.021692	4.03	-0.399583	395	18	enet	0.12	5.2e-05	-0.200264	0.841
Brain_Amygdala	/media/kame/Data/_workings/resource/GTEv8//GTExv8.EUR.Brain_Amygdala/ENSG00000204991.10.wgt.RDat	ENSG00000204991.10	16	89818178	89818179	0.273	rs12924572	-7.53	rs3803689	0.090908	4.12	-0.057793	352	5	enet	0.09	0.00055	1.148878	0.251
Brain_Amygdala	/media/kame/Data/_workings/resource/GTEv8//GTExv8.EUR.Brain_Amygdala/ENSG00000258839.3.wgt.RDat	ENSG00000258839.3	16	89913627	89913628	0.3215	rs12924572	-7.53	rs17784386	0.146755	4.86	-0.403499	308	19	enet	0.11	0.00017	0.243981	0.807
Brain_Amygdala	/media/kame/Data/_workings/resource/GTEv8//GTExv8.EUR.Brain_Amygdala/ENSG00000187624.8.wgt.RDat	ENSG00000187624.8	17	410326	410327	0.4002	rs11654845	4.23	rs11150882	0.33367	6.37	0.51589	329	11	enet	0.3	1e-10	0.7203	0.471
Brain_Amygdala	/media/kame/Data/_workings/resource/GTEv8//GTExv8.EUR.Brain_Amygdala/ENSG00000183688.4.wgt.RDat	ENSG00000183688.4	17	445938	445939	0.3049	rs11654845	4.23	rs6598840	0.07926	-4.16	0.09426	357	18	enet	0.05	0.0086	-0.47017	0.638
Brain_Amygdala	/media/kame/Data/_workings/resource/GTEv8//GTExv8.EUR.Brain_Amygdala/ENSG00000141252.19.wgt.RDat	ENSG00000141252.19	17	721716	721717	0.5017	rs2083811	-4.75	rs3744730	0.11951	5.24	-0.43878	447	23	enet	0.067	0.0027	-0.11516	0.908
Brain_Amygdala	/media/kame/Data/_workings/resource/GTEv8//GTExv8.EUR.Brain_Amygdala/ENSG00000167695.14.wgt.RDat	ENSG00000167695.14	17	732411	732412	0.249	rs2083811	-4.75	rs2657621	0.07855	4.68	0.32399	437	8	enet	0.15	8.2e-06	-0.47913	0.632
Brain_Amygdala	/media/kame/Data/_workings/resource/GTEv8//GTExv8.EUR.Brain_Amygdala/ENSG00000167711.13.wgt.RDat	ENSG00000167711.13	17	1742835	1742836	0.3826	rs4790152	-8.1	rs12939051	0.09052	-4.53	3.6421	435	30	enet	0.12	7.3e-05	0.66843	0.504
Brain_Amygdala	/media/kame/Data/_workings/resource/GTEv8//GTExv8.EUR.Brain_Amygdala/ENSG00000186532.11.wgt.RDat	ENSG00000186532.11	17	1830633	1830634	0.5362	rs4790152	-8.1	rs9889773	0.33199	-6.39	-0.15368	435	5	enet	0.29	2e-10	0.16827	0.866
Brain_Amygdala	/media/kame/Data/_workings/resource/GTEv8//GTExv8.EUR.Brain_Amygdala/ENSG00000167720.12.wgt.RDat	ENSG00000167720.12	17	2303382	2303383	0.2976	rs2240730	-13	rs12450028	0.24066	-5.57	-0.19271	406	24	enet	0.13	3.1e-05	-0.83059	0.406
Brain_Amygdala	/media/kame/Data/_workings/resource/GTEv8//GTExv8.EUR.Brain_Amygdala/ENSG00000127804.12.wgt.RDat	ENSG00000127804.12	17	2511890	2511891	0.4088	rs2240730	-13	rs8077068	0.04461	-4.21	3.69364	436	21	enet	0.11	0.00012	-1.66842	0.0952
Brain_Amygdala	/media/kame/Data/_workings/resource/GTEv8//GTExv8.EUR.Brain_Amygdala/ENSG00000221882.2.wgt.RDat	ENSG00000221882.2	17	3278973	3278974	0.3585	rs12943691	-7.64	rs11653675	0.03465	-3.8	-0.16895	531	21	enet	0.019	0.072	1.0465	0.295
Brain_Amygdala	/media/kame/Data/_workings/resource/GTEv8//GTExv8.EUR.Brain_Amygdala/ENSG00000197417.7.wgt.RDat	ENSG00000197417.7	17	3636321	3636322	0.4063	rs2976234	5.58	rs17707155	0.29356	6.08	0.00407	517	26	enet	0.32	1.7e-11	0.00296	0.998
Brain_Amygdala	/media/kame/Data/_workings/resource/GTEv8//GTExv8.EUR.Brain_Amygdala/ENSG00000229782.1.wgt.RDat	ENSG00000229782.1	17	4499673	4499674	0.2188	rs17824233	4.5	rs9903584	0.0537	4.18	0.19083	460	2	enet	0.019	0.073	0.38069	0.703
Brain_Amygdala	/media/kame/Data/_workings/resource/GTEv8//GTExv8.EUR.Brain_Amygdala/ENSG00000161905.12.wgt.RDat	ENSG00000161905.12	17	4642293	4642294	0.2805	rs17824233	4.5	rs4346260	0.12479	4.52	-0.52597	446	8	enet	0.082	0.00094	-0.21503	0.83
Brain_Amygdala	/media/kame/Data/_workings/resource/GTEv8//GTExv8.EUR.Brain_Amygdala/ENSG00000262165.2.wgt.RDat	ENSG00000262165.2	17	4807012	4807013	0.5582	rs2585278	-6.5	rs11654690	0.39754	-6.88	0.98716	435	16	enet	0.39	2.4e-14	-1.06479	0.287
Brain_Amygdala	/media/kame/Data/_workings/resource/GTEv8//GTExv8.EUR.Brain_Amygdala/ENSG00000108556.7.wgt.RDat	ENSG00000108556.7	17	4903073	4903074	0.4698	rs2585278	-6.5	rs16954223	0.21102	5.44	-0.30309	442	6	enet	0.12	7.2e-05	-0.36155	0.718
Brain_Amygdala	/media/kame/Data/_workings/resource/GTEv8//GTExv8.EUR.Brain_Amygdala/ENSG00000108515.17.wgt.RDat	ENSG00000108515.17	17	4948091	4948092	0.3307	rs2585278	-6.5	rs8081507	-0.00139	3.57	0.15384	439	18	enet	-0.0084	0.89	-0.1523	0.879
Brain_Amygdala	/media/kame/Data/_workings/resource/GTEv8//GTExv8.EUR.Brain_Amygdala/ENSG00000196388.8.wgt.RDat	ENSG00000196388.8	17	4997609	4997610	0.2209	rs2585278	-6.5	rs916055	-0.00502	-3.37	0.19211	433	13	enet	-0.0032	0.43	-0.44917	0.653
Brain_Amygdala	/media/kame/Data/_workings/resource/GTEv8//GTExv8.EUR.Brain_Amygdala/ENSG00000234327.7.wgt.RDat	ENSG00000234327.7	17	5111467	5111468	0.2064	rs2585278	-6.5	rs8081019	0.14443	-5.15	-2.0828	430	14	enet	0.2	2.4e-07	1.82107	0.0686
Brain_Amygdala	/media/kame/Data/_workings/resource/GTEv8//GTExv8.EUR.Brain_Amygdala/ENSG00000167840.13.wgt.RDat	ENSG00000167840.13	17	5123115	5123116	0.3095	rs2585278	-6.5	rs6502840	0.03264	-4.19	-0.6523	432	23	enet	0.14	1.6e-05	-0.15464	0.877
Brain_Amygdala	/media/kame/Data/_workings/resource/GTEv8//GTExv8.EUR.Brain_Amygdala/ENSG00000180626.9.wgt.RDat	ENSG00000180626.9	17	5191882	5191883	0.2506	rs2585278	-6.5	rs2439945	0.00639	3.85	0.13675	451	23	enet	0.018	0.078	0.84218	0.4
Brain_Amygdala	/media/kame/Data/_workings/resource/GTEv8//GTExv8.EUR.Brain_Amygdala/ENSG00000108559.11.wgt.RDat	ENSG00000108559.11	17	5419639	5419640	0.1748	rs2585278	-6.5	rs12449298	0.08451	-4.19	-2.68657	525	13	enet	0.02	0.068	2.84732	0.00441
Brain_Amygdala	/media/kame/Data/_workings/resource/GTEv8//GTExv8.EUR.Brain_Amygdala/ENSG00000181284.2.wgt.RDat	ENSG00000181284.2	17	7435442	7435443	0.4072	rs11078677	5.02	rs2135845	0.08338	4.25	1.42706	470	44	enet	0.066	0.0028	0.2948	0.768
Brain_Amygdala	/media/kame/Data/_workings/resource/GTEv8//GTExv8.EUR.Brain_Amygdala/ENSG00000161958.10.wgt.RDat	ENSG00000161958.10	17	7438272	7438273	0.2614	rs11078677	5.02	rs6503025	0.00323	4.22	0.05921	472	30	enet	0.044	0.013	0.18271	0.855
Brain_Amygdala	/media/kame/Data/_workings/resource/GTEv8//GTExv8.EUR.Brain_Amygdala/ENSG00000220205.8.wgt.RDat	ENSG00000220205.8	17	8163545	8163546	0.28	rs6503137	-4.31	rs2278637	0.1342	-4.54	1.08206	433	11	enet	0.091	5e-04	-0.62989	0.529
Brain_Amygdala	/media/kame/Data/_workings/resource/GTEv8//GTExv8.EUR.Brain_Amygdala/ENSG00000178921.13.wgt.RDat	ENSG00000178921.13	17	8247617	8247618	0.4302	rs6503137	-4.31	rs1045172	0.04862	3.75	0.21362	446	27	enet	0.04	0.017	0.49576	0.62
Brain_Amygdala	/media/kame/Data/_workings/resource/GTEv8//GTExv8.EUR.Brain_Amygdala/ENSG00000109047.7.wgt.RDat	ENSG00000109047.7	17	9905620	9905621	0.7902	rs11870073	-5.47	rs1801760	0.39407	7.05	2.27344	627	33	enet	0.29	1.2e-10	1.7591	0.0786
Brain_Amygdala	/media/kame/Data/_workings/resource/GTEv8//GTExv8.EUR.Brain_Amygdala/ENSG00000109063.14.wgt.RDat	ENSG00000109063.14	17	10657308	10657309	0.2813	rs421541	-7.64	rs9903582	0.10537	-3.81	-0.30356	518	36	enet	-0.00011	0.32	-0.31441	0.753
Brain_Amygdala	/media/kame/Data/_workings/resource/GTEv8//GTExv8.EUR.Brain_Amygdala/ENSG00000170222.11.wgt.RDat	ENSG00000170222.11	17	10697593	10697594	0.391	rs421541	-7.64	rs9898817	0.17117	4.91	-6.97842	494	5	enet	0.09	0.00054	-7.01144	2.36e-12
Brain_Amygdala	/media/kame/Data/_workings/resource/GTEv8//GTExv8.EUR.Brain_Amygdala/ENSG00000187824.8.wgt.RDat	ENSG00000187824.8	17	10730315	10730316	0.3539	rs421541	-7.64	rs9904211	0.26777	-5.86	-6.36553	491	12	enet	0.081	0.00097	6.37427	1.84e-10
Brain_Amygdala	/media/kame/Data/_workings/resource/GTEv8//GTExv8.EUR.Brain_Amygdala/ENSG00000239704.10.wgt.RDat	ENSG00000239704.10	17	15475727	15475728	0.3138	rs8067758	6.16	rs2052022	0.14365	-4.88	0.04415	408	6	enet	0.11	0.00018	0.01204	0.99
Brain_Amygdala	/media/kame/Data/_workings/resource/GTEv8//GTExv8.EUR.Brain_Amygdala/ENSG00000214946.14.wgt.RDat	ENSG00000214946.14	17	15732246	15732247	0.49	rs1476776	-3.67	rs11650318	0.10201	5.18	0.43356	340	12	enet	0.17	1.8e-06	-0.1219	0.903
Brain_Amygdala	/media/kame/Data/_workings/resource/GTEv8//GTExv8.EUR.Brain_Amygdala/ENSG00000265519.1.wgt.RDat	ENSG00000265519.1	17	15788204	15788205	0.2409	rs1476776	-3.67	rs2324027	0.2521	-5.59	-0.25495	329	18	enet	0.16	4.4e-06	0.31343	0.754
Brain_Amygdala	/media/kame/Data/_workings/resource/GTEv8//GTExv8.EUR.Brain_Amygdala/ENSG00000276855.1.wgt.RDat	ENSG00000276855.1	17	15789015	15789016	0.2685	rs1476776	-3.67	rs2324027	0.06822	-4.75	-0.25495	328	11	enet	0.099	0.00029	0.37612	0.707
Brain_Amygdala	/media/kame/Data/_workings/resource/GTEv8//GTExv8.EUR.Brain_Amygdala/ENSG00000214941.7.wgt.RDat	ENSG00000214941.7	17	15993829	15993830	0.3083	rs16959749	-6.02	rs1045599	0.28799	5.92	-1.12789	273	29	enet	0.22	3.4e-08	-0.87639	0.381
Brain_Amygdala	/media/kame/Data/_workings/resource/GTEv8//GTExv8.EUR.Brain_Amygdala/ENSG00000011295.15.wgt.RDat	ENSG00000011295.15	17	15999379	15999380	0.1569	rs16959749	-6.02	rs12150017	0.02523	-3.91	-1.11017	275	28	enet	0.025	0.046	0.41414	0.679
Brain_Amygdala	/media/kame/Data/_workings/resource/GTEv8//GTExv8.EUR.Brain_Amygdala/ENSG00000275413.1.wgt.RDat	ENSG00000275413.1	17	16023652	16023653	0.1437	rs16959749	-6.02	rs12936233	0.02118	3.56	-2.27651	277	12	enet	-0.0033	0.44	-2.29366	0.0218
Brain_Amygdala	/media/kame/Data/_workings/resource/GTEv8//GTExv8.EUR.Brain_Amygdala/ENSG00000166582.9.wgt.RDat	ENSG00000166582.9	17	16353498	16353499	0.5108	rs16959749	-6.02	rs3112526	0.43957	7.33	-1.38956	281	14	enet	0.4	5.9e-15	-1.15446	0.248
Brain_Amygdala	/media/kame/Data/_workings/resource/GTEv8//GTExv8.EUR.Brain_Amygdala/ENSG00000187688.14.wgt.RDat	ENSG00000187688.14	17	16417561	16417562	0.4033	rs16959749	-6.02	rs3813769	0.23127	-5.34	-0.16357	305	12	enet	0.18	6.4e-07	0.20221	0.84
Brain_Amygdala	/media/kame/Data/_workings/resource/GTEv8//GTExv8.EUR.Brain_Amygdala/ENSG00000283033.1.wgt.RDat	ENSG00000283033.1	17	16861145	16861146	0.6419	rs16959749	-6.02	rs4985779	0.25914	5.76	1.78365	350	32	enet	0.26	1.3e-09	1.39647	0.163
Brain_Amygdala	/media/kame/Data/_workings/resource/GTEv8//GTExv8.EUR.Brain_Amygdala/ENSG00000154803.12.wgt.RDat	ENSG00000154803.12	17	17237181	17237182	0.4784	rs9896285	7.68	rs8072869	0.17105	-5.01	-0.0326	391	49	enet	0.23	2.3e-08	-0.87755	0.38
Brain_Amygdala	/media/kame/Data/_workings/resource/GTEv8//GTExv8.EUR.Brain_Amygdala/ENSG00000091536.16.wgt.RDat	ENSG00000091536.16	17	18118581	18118582	0.1977	rs9896285	7.68	rs854779	0.12517	-4.55	-0.5833	323	11	enet	0.064	0.0032	0.72727	0.467
Brain_Amygdala	/media/kame/Data/_workings/resource/GTEv8//GTExv8.EUR.Brain_Amygdala/ENSG00000131899.10.wgt.RDat	ENSG00000131899.10	17	18225586	18225587	0.2942	rs4925112	7.57	rs4925159	0.05227	3.97	0.52884	286	12	enet	0.063	0.0035	1.40817	0.159
Brain_Amygdala	/media/kame/Data/_workings/resource/GTEv8//GTExv8.EUR.Brain_Amygdala/ENSG00000177302.14.wgt.RDat	ENSG00000177302.14	17	18315006	18315007	0.2258	rs4925144	5.82	rs1682280	0.04431	3.47	2.23568	277	5	enet	0.01	0.14	3.23259	0.00123
Brain_Amygdala	/media/kame/Data/_workings/resource/GTEv8//GTExv8.EUR.Brain_Amygdala/ENSG00000176974.19.wgt.RDat	ENSG00000176974.19	17	18363562	18363563	0.1497	rs4925144	5.82	rs1682280	0.09359	-4.2	2.23568	262	11	enet	0.014	0.1	-2.00195	0.0453
Brain_Amygdala	/media/kame/Data/_workings/resource/GTEv8//GTExv8.EUR.Brain_Amygdala/ENSG00000233327.10.wgt.RDat	ENSG00000233327.10	17	18523294	18523295	0.5116	rs4925144	5.82	rs584300	0.19759	4.98	2.31492	290	21	enet	0.23	2.6e-08	1.78754	0.0739
Brain_Amygdala	/media/kame/Data/_workings/resource/GTEv8//GTExv8.EUR.Brain_Amygdala/ENSG00000273018.5.wgt.RDat	ENSG00000273018.5	17	18534061	18534062	0.3848	rs4925144	5.82	rs584300	0.16626	4.62	2.31492	288	21	enet	0.12	5.9e-05	1.98085	0.0476
Brain_Amygdala	/media/kame/Data/_workings/resource/GTEv8//GTExv8.EUR.Brain_Amygdala/ENSG00000154874.15.wgt.RDat	ENSG00000154874.15	17	18625607	18625608	0.4431	rs4925144	5.82	rs9901160	0.02279	-3.71	0.64263	250	30	enet	0.025	0.047	0.03145	0.975
Brain_Amygdala	/media/kame/Data/_workings/resource/GTEv8//GTExv8.EUR.Brain_Amygdala/ENSG00000171928.13.wgt.RDat	ENSG00000171928.13	17	18780994	18780995	0.2313	rs1563632	5.12	rs4630608	0.2339	-5.36	0.45106	171	17	enet	0.19	4.6e-07	-0.13207	0.895
Brain_Amygdala	/media/kame/Data/_workings/resource/GTEv8//GTExv8.EUR.Brain_Amygdala/ENSG00000141127.14.wgt.RDat	ENSG00000141127.14	17	18856298	18856299	0.1236	rs6846	-3.14	rs1037037	0.11623	-4.15	-0.07354	152	14	enet	0.032	0.029	0.09453	0.925
Brain_Amygdala	/media/kame/Data/_workings/resource/GTEv8//GTExv8.EUR.Brain_Amygdala/ENSG00000261033.1.wgt.RDat	ENSG00000261033.1	17	20009233	20009234	0.2018	rs1006553	2.99	rs2108981	0.18211	-5	-0.16289	264	14	enet	0.13	4.5e-05	0.06349	0.949
Brain_Amygdala	/media/kame/Data/_workings/resource/GTEv8//GTExv8.EUR.Brain_Amygdala/ENSG00000154898.15.wgt.RDat	ENSG00000154898.15	17	20321163	20321164	0.1323	rs2958471	-1.74	rs16964352	0.14452	4.41	0.75794	171	11	enet	0.12	6e-05	0.47957	0.632
Brain_Amygdala	/media/kame/Data/_workings/resource/GTEv8//GTExv8.EUR.Brain_Amygdala/ENSG00000189423.11.wgt.RDat	ENSG00000189423.11	17	20415546	20415547	0.2072	rs2958471	-1.74	rs3764436	0.04095	3.85	0.68403	166	28	enet	0.14	2.1e-05	1.02063	0.307
Brain_Amygdala	/media/kame/Data/_workings/resource/GTEv8//GTExv8.EUR.Brain_Amygdala/ENSG00000230528.7.wgt.RDat	ENSG00000230528.7	17	20436336	20436337	0.2705	rs2958471	-1.74	rs16960730	0.12633	4.93	0.78509	169	44	enet	0.21	8.9e-08	0.5115	0.609
Brain_Amygdala	/media/kame/Data/_workings/resource/GTEv8//GTExv8.EUR.Brain_Amygdala/ENSG00000266369.1.wgt.RDat	ENSG00000266369.1	17	20855945	20855946	0.429	rs959511	-3.5	rs11653586	0.17327	5.12	-0.36528	190	15	enet	0.24	6.8e-09	0.16621	0.868
Brain_Amygdala	/media/kame/Data/_workings/resource/GTEv8//GTExv8.EUR.Brain_Amygdala/ENSG00000205212.3.wgt.RDat	ENSG00000205212.3	17	20896139	20896140	0.3349	rs959511	-3.5	rs8067432	0.06866	3.77	0.29499	199	17	enet	0.063	0.0034	0.48725	0.626
Brain_Amygdala	/media/kame/Data/_workings/resource/GTEv8//GTExv8.EUR.Brain_Amygdala/ENSG00000007171.16.wgt.RDat	ENSG00000007171.16	17	27800498	27800499	0.5086	rs16966194	8.26	rs3751972	0.28814	6.16	-0.4248	296	23	enet	0.19	3.4e-07	-0.55334	0.58
Brain_Amygdala	/media/kame/Data/_workings/resource/GTEv8//GTExv8.EUR.Brain_Amygdala/ENSG00000232859.9.wgt.RDat	ENSG00000232859.9	17	27893382	27893383	0.4354	rs16966194	8.26	rs3751972	0.28745	-5.96	-0.4248	304	14	enet	0.24	8.9e-09	0.65941	0.51
Brain_Amygdala	/media/kame/Data/_workings/resource/GTEv8//GTExv8.EUR.Brain_Amygdala/ENSG00000004142.11.wgt.RDat	ENSG00000004142.11	17	28357521	28357522	0.1782	rs3182380	4.02	rs2027993	0.10881	-4.36	0.48098	269	14	enet	0.078	0.0013	-0.3947	0.693
Brain_Amygdala	/media/kame/Data/_workings/resource/GTEv8//GTExv8.EUR.Brain_Amygdala/ENSG00000244045.12.wgt.RDat	ENSG00000244045.12	17	28357580	28357581	0.2877	rs3182380	4.02	rs2027993	0.08361	-4.67	0.48098	269	22	enet	0.081	0.00098	-1.38602	0.166
Brain_Amygdala	/media/kame/Data/_workings/resource/GTEv8//GTExv8.EUR.Brain_Amygdala/ENSG00000109072.13.wgt.RDat	ENSG00000109072.13	17	28373090	28373091	0.3035	rs3182380	4.02	rs4795436	-0.00798	3.83	-0.3319	268	30	enet	0.03	0.033	-0.06543	0.948
Brain_Amygdala	/media/kame/Data/_workings/resource/GTEv8//GTExv8.EUR.Brain_Amygdala/ENSG00000109103.11.wgt.RDat	ENSG00000109103.11	17	28552667	28552668	0.1723	rs11080075	-7.85	rs17723985	0.00137	3.63	3.68312	281	32	enet	0.0048	0.21	2.8301	0.00465
Brain_Amygdala	/media/kame/Data/_workings/resource/GTEv8//GTExv8.EUR.Brain_Amygdala/ENSG00000167525.13.wgt.RDat	ENSG00000167525.13	17	28711853	28711854	0.1902	rs11080075	-7.85	rs631905	0.1606	-4.5	1.86686	312	5	enet	0.11	0.00014	-1.08695	0.277
Brain_Amygdala	/media/kame/Data/_workings/resource/GTEv8//GTExv8.EUR.Brain_Amygdala/ENSG00000221995.5.wgt.RDat	ENSG00000221995.5	17	29078856	29078857	0.3089	rs11080075	-7.85	rs1472081	0.21448	-5.28	-0.30799	321	32	enet	0.099	0.00029	0.76056	0.447
Brain_Amygdala	/media/kame/Data/_workings/resource/GTEv8//GTExv8.EUR.Brain_Amygdala/ENSG00000176927.15.wgt.RDat	ENSG00000176927.15	17	29929199	29929200	0.0886	rs4794873	3.83	rs7213076	0.05875	3.68	0.12679	332	3	enet	0.022	0.057	0.27264	0.785
Brain_Amygdala	/media/kame/Data/_workings/resource/GTEv8//GTExv8.EUR.Brain_Amygdala/ENSG00000108578.14.wgt.RDat	ENSG00000108578.14	17	30292041	30292042	0.0855	rs4794873	3.83	rs170052	-0.0078	-3.27	3.3857	298	18	enet	-8.3e-05	0.32	-2.01078	0.0443
Brain_Amygdala	/media/kame/Data/_workings/resource/GTEv8//GTExv8.EUR.Brain_Amygdala/ENSG00000108587.15.wgt.RDat	ENSG00000108587.15	17	30477361	30477362	0.1597	rs4794873	3.83	rs3110454	0.05934	4.97	0.72052	318	32	enet	0.16	5.3e-06	1.02378	0.306
Brain_Amygdala	/media/kame/Data/_workings/resource/GTEv8//GTExv8.EUR.Brain_Amygdala/ENSG00000231421.7.wgt.RDat	ENSG00000231421.7	17	30576462	30576463	0.6873	rs4794873	3.83	rs423151	0.55896	8.45	2.56978	295	26	enet	0.59	9e-25	2.3824	0.0172
Brain_Amygdala	/media/kame/Data/_workings/resource/GTEv8//GTExv8.EUR.Brain_Amygdala/ENSG00000250462.8.wgt.RDat	ENSG00000250462.8	17	30629679	30629680	0.5388	rs4794873	3.83	rs8078590	0.01353	3.98	-0.17875	290	22	enet	0.14	1.2e-05	-0.58293	0.56
Brain_Amygdala	/media/kame/Data/_workings/resource/GTEv8//GTExv8.EUR.Brain_Amygdala/ENSG00000264538.6.wgt.RDat	ENSG00000264538.6	17	30709298	30709299	0.4043	rs4794873	3.83	rs11652631	0.27022	-6.86	3.18239	288	55	enet	0.3	5.6e-11	-2.75126	0.00594
Brain_Amygdala	/media/kame/Data/_workings/resource/GTEv8//GTExv8.EUR.Brain_Amygdala/ENSG00000263603.1.wgt.RDat	ENSG00000263603.1	17	30729468	30729469	0.113	rs4794873	3.83	rs170052	0.1449	-4.3	3.3857	282	9	enet	0.12	4.9e-05	-3.32108	0.000897
Brain_Amygdala	/media/kame/Data/_workings/resource/GTEv8//GTExv8.EUR.Brain_Amygdala/ENSG00000266490.1.wgt.RDat	ENSG00000266490.1	17	30792371	30792372	0.5393	rs4794873	3.83	rs11652631	0.203	5.06	3.18239	269	37	enet	0.29	1.1e-10	1.93756	0.0527
Brain_Amygdala	/media/kame/Data/_workings/resource/GTEv8//GTExv8.EUR.Brain_Amygdala/ENSG00000176390.11.wgt.RDat	ENSG00000176390.11	17	30824775	30824776	0.4223	rs11080149	-4.55	rs8082537	0.03245	-4.25	2.42152	278	13	enet	0.1	0.00027	-2.16575	0.0303
Brain_Amygdala	/media/kame/Data/_workings/resource/GTEv8//GTExv8.EUR.Brain_Amygdala/ENSG00000176208.8.wgt.RDat	ENSG00000176208.8	17	30831969	30831970	0.1411	rs11080149	-4.55	rs3816780	0.12241	4.04	3.2321	280	15	enet	0.038	0.019	3.30506	0.00095
Brain_Amygdala	/media/kame/Data/_workings/resource/GTEv8//GTExv8.EUR.Brain_Amygdala/ENSG00000263531.1.wgt.RDat	ENSG00000263531.1	17	30864939	30864940	0.1594	rs11080149	-4.55	rs3816780	0.11321	4.51	3.2321	276	15	enet	0.11	0.00015	3.45295	0.000554
Brain_Amygdala	/media/kame/Data/_workings/resource/GTEv8//GTExv8.EUR.Brain_Amygdala/ENSG00000196712.17.wgt.RDat	ENSG00000196712.17	17	31094926	31094927	0.2079	rs11080149	-4.55	rs10512434	0.10251	4.67	0.36709	292	42	enet	0.14	1.3e-05	-0.47593	0.634
Brain_Amygdala	/media/kame/Data/_workings/resource/GTEv8//GTExv8.EUR.Brain_Amygdala/ENSG00000266718.1.wgt.RDat	ENSG00000266718.1	17	32495535	32495536	0.4175	rs2052413	7.14	rs12162135	0.24174	-5.66	0.15595	289	12	enet	0.23	3e-08	-0.12867	0.898
Brain_Amygdala	/media/kame/Data/_workings/resource/GTEv8//GTExv8.EUR.Brain_Amygdala/ENSG00000006042.11.wgt.RDat	ENSG00000006042.11	17	32927909	32927910	0.419	rs17184364	7.7	rs17780520	0.09246	4.55	-0.20469	524	42	enet	0.19	5.6e-07	-0.09865	0.921
Brain_Amygdala	/media/kame/Data/_workings/resource/GTEv8//GTExv8.EUR.Brain_Amygdala/ENSG00000197322.3.wgt.RDat	ENSG00000197322.3	17	34579368	34579369	0.2749	rs11658989	5.93	rs4795007	0.18361	4.85	0.52549	601	14	enet	0.21	1.1e-07	-0.38529	0.7
Brain_Amygdala	/media/kame/Data/_workings/resource/GTEv8//GTExv8.EUR.Brain_Amygdala/ENSG00000005156.11.wgt.RDat	ENSG00000005156.11	17	34980493	34980494	0.2901	rs1029742	-5.56	rs744298	-0.00854	3.41	2.99894	487	14	enet	0.031	0.032	1.353	0.176
Brain_Amygdala	/media/kame/Data/_workings/resource/GTEv8//GTExv8.EUR.Brain_Amygdala/ENSG00000166750.9.wgt.RDat	ENSG00000166750.9	17	35243035	35243036	0.3754	rs7212155	-3.35	rs11080326	0.2428	-5.69	0.14394	375	10	enet	0.062	0.0037	-0.24428	0.807
Brain_Amygdala	/media/kame/Data/_workings/resource/GTEv8//GTExv8.EUR.Brain_Amygdala/ENSG00000188895.11.wgt.RDat	ENSG00000188895.11	17	40122297	40122298	0.3644	rs11078945	-5.58	rs2715554	0.13151	-4.81	-0.92446	299	6	enet	0.084	0.00083	-0.00187	0.999
Brain_Amygdala	/media/kame/Data/_workings/resource/GTEv8//GTExv8.EUR.Brain_Amygdala/ENSG00000234477.1.wgt.RDat	ENSG00000234477.1	17	40921429	40921430	0.3129	rs11078945	-5.58	rs4132126	0.05052	4.24	-1.44379	430	6	enet	0.026	0.044	-0.53649	0.592
Brain_Amygdala	/media/kame/Data/_workings/resource/GTEv8//GTExv8.EUR.Brain_Amygdala/ENSG00000173801.16.wgt.RDat	ENSG00000173801.16	17	41786930	41786931	0.2246	rs7222250	4.44	rs4260106	-0.00518	-3.14	0.32621	413	58	enet	0.028	0.038	-0.61678	0.537
Brain_Amygdala	/media/kame/Data/_workings/resource/GTEv8//GTExv8.EUR.Brain_Amygdala/ENSG00000141698.16.wgt.RDat	ENSG00000141698.16	17	41836262	41836263	0.2867	rs7222250	4.44	rs7212972	0.24379	5.94	-0.5085	406	31	enet	0.31	2.7e-11	-0.64415	0.519
Brain_Amygdala	/media/kame/Data/_workings/resource/GTEv8//GTExv8.EUR.Brain_Amygdala/ENSG00000108774.14.wgt.RDat	ENSG00000108774.14	17	42154997	42154998	0.1116	rs2134808	-6.31	rs9895297	0.01989	3.66	0.44327	317	19	enet	0.045	0.012	0.2331	0.816
Brain_Amygdala	/media/kame/Data/_workings/resource/GTEv8//GTExv8.EUR.Brain_Amygdala/ENSG00000267222.1.wgt.RDat	ENSG00000267222.1	17	42495866	42495867	0.1465	rs2134808	-6.31	rs2134808	0.07361	-3.84	-6.3063	239	25	enet	0.056	0.0057	5.17046	2.34e-07
Brain_Amygdala	/media/kame/Data/_workings/resource/GTEv8//GTExv8.EUR.Brain_Amygdala/ENSG00000108785.7.wgt.RDat	ENSG00000108785.7	17	42546763	42546764	0.367	rs2134808	-6.31	rs2301647	0.25003	5.63	-5.82656	248	33	enet	0.17	2.5e-06	-3.67526	0.000238
Brain_Amygdala	/media/kame/Data/_workings/resource/GTEv8//GTExv8.EUR.Brain_Amygdala/ENSG00000108786.10.wgt.RDat	ENSG00000108786.10	17	42549213	42549214	0.1065	rs2134808	-6.31	rs2676531	0.04347	3.88	-4.95375	247	16	enet	-0.0054	0.55	-2.55771	0.0105
Brain_Amygdala	/media/kame/Data/_workings/resource/GTEv8//GTExv8.EUR.Brain_Amygdala/ENSG00000037042.8.wgt.RDat	ENSG00000037042.8	17	42659304	42659305	0.1914	rs2134808	-6.31	rs2292751	0.16716	4.76	-5.05949	253	19	enet	0.1	2e-04	-4.50885	6.52e-06
Brain_Amygdala	/media/kame/Data/_workings/resource/GTEv8//GTExv8.EUR.Brain_Amygdala/ENSG00000198496.10.wgt.RDat	ENSG00000198496.10	17	43125609	43125610	0.6558	rs2134808	-6.31	rs3950989	0.6111	-8.96	0.61913	239	26	enet	0.65	6.3e-29	-0.71854	0.472
Brain_Amygdala	/media/kame/Data/_workings/resource/GTEv8//GTExv8.EUR.Brain_Amygdala/ENSG00000236383.8.wgt.RDat	ENSG00000236383.8	17	43305396	43305397	0.2089	rs9891712	-3.6	rs4239149	0.11707	-4.23	0.94291	292	14	enet	0.034	0.024	-0.79812	0.425
Brain_Amygdala	/media/kame/Data/_workings/resource/GTEv8//GTExv8.EUR.Brain_Amygdala/ENSG00000282199.1.wgt.RDat	ENSG00000282199.1	17	43920478	43920479	0.2798	rs9891712	-3.6	rs3760360	0.12719	4.4	0.43614	369	17	enet	0.16	3.1e-06	0.04374	0.965
Brain_Amygdala	/media/kame/Data/_workings/resource/GTEv8//GTExv8.EUR.Brain_Amygdala/ENSG00000267080.5.wgt.RDat	ENSG00000267080.5	17	44186716	44186717	0.1933	rs8069752	-2.29	rs227578	0.17357	-4.89	0.37947	352	19	enet	0.094	0.00041	-0.24743	0.805
Brain_Amygdala	/media/kame/Data/_workings/resource/GTEv8//GTExv8.EUR.Brain_Amygdala/ENSG00000260793.2.wgt.RDat	ENSG00000260793.2	17	44221914	44221915	0.2822	rs8069752	-2.29	rs2269906	-0.00799	-3.92	0.21304	342	29	enet	0.0015	0.28	-0.66134	0.508
Brain_Amygdala	/media/kame/Data/_workings/resource/GTEv8//GTExv8.EUR.Brain_Amygdala/ENSG00000013306.15.wgt.RDat	ENSG00000013306.15	17	44324869	44324870	0.2496	rs3744477	2.42	rs850714	0.18777	4.86	0.19467	340	9	enet	0.11	0.00012	-0.03337	0.973
Brain_Amygdala	/media/kame/Data/_workings/resource/GTEv8//GTExv8.EUR.Brain_Amygdala/ENSG00000161692.17.wgt.RDat	ENSG00000161692.17	17	44708607	44708608	0.6259	rs7217321	-8.12	rs34839354	0.41122	-7.21	1.04657	388	40	enet	0.45	4.4e-17	-0.91292	0.361
Brain_Amygdala	/media/kame/Data/_workings/resource/GTEv8//GTExv8.EUR.Brain_Amygdala/ENSG00000233175.2.wgt.RDat	ENSG00000233175.2	17	45241733	45241734	0.6178	rs7217321	-8.12	rs4248914	0.12445	4.9	0.22819	256	30	enet	0.3	8.2e-11	-3.06676	0.00216
Brain_Amygdala	/media/kame/Data/_workings/resource/GTEv8//GTExv8.EUR.Brain_Amygdala/ENSG00000262500.1.wgt.RDat	ENSG00000262500.1	17	46243605	46243606	0.3294	rs199456	-23.99	rs169201	0.4645	7.45	-23.76528	56	22	enet	0.45	3.9e-17	-20.99145	7.85e-98
Brain_Amygdala	/media/kame/Data/_workings/resource/GTEv8//GTExv8.EUR.Brain_Amygdala/ENSG00000262539.1.wgt.RDat	ENSG00000262539.1	17	46260605	46260606	0.3792	rs199456	-23.99	rs169201	0.49743	7.91	-23.76528	63	27	enet	0.51	7e-20	-20.20536	8.78e-91
Brain_Amygdala	/media/kame/Data/_workings/resource/GTEv8//GTExv8.EUR.Brain_Amygdala/ENSG00000261575.2.wgt.RDat	ENSG00000261575.2	17	46267036	46267037	0.3299	rs199456	-23.99	rs8072451	0.28869	5.9	-15.612	63	26	enet	0.23	2.6e-08	-22.23302	1.65e-109
Brain_Amygdala	/media/kame/Data/_workings/resource/GTEv8//GTExv8.EUR.Brain_Amygdala/ENSG00000228696.8.wgt.RDat	ENSG00000228696.8	17	46361796	46361797	0.5105	rs199456	-23.99	rs17698176	0.17307	4.75	-0.40279	58	17	enet	0.13	2.8e-05	-8.50624	1.8e-17
Brain_Amygdala	/media/kame/Data/_workings/resource/GTEv8//GTExv8.EUR.Brain_Amygdala/ENSG00000260075.1.wgt.RDat	ENSG00000260075.1	17	46372854	46372855	0.7931	rs199456	-23.99	rs17698176	0.32428	6.71	-0.40279	62	23	enet	0.47	7.3e-18	0.14323	0.886
Brain_Amygdala	/media/kame/Data/_workings/resource/GTEv8//GTExv8.EUR.Brain_Amygdala/ENSG00000238083.7.wgt.RDat	ENSG00000238083.7	17	46511510	46511511	0.5353	rs199456	-23.99	rs183211	0.52926	8.04	-10.61616	127	36	enet	0.52	1.7e-20	-14.17554	1.3e-45
Brain_Amygdala	/media/kame/Data/_workings/resource/GTEv8//GTExv8.EUR.Brain_Amygdala/ENSG00000185829.17.wgt.RDat	ENSG00000185829.17	17	46579681	46579682	0.2179	rs199456	-23.99	rs7224296	0.22504	5.62	-7.6266	134	21	enet	0.2	1.5e-07	-9.6319	5.86e-22
Brain_Amygdala	/media/kame/Data/_workings/resource/GTEv8//GTExv8.EUR.Brain_Amygdala/ENSG00000108379.9.wgt.RDat	ENSG00000108379.9	17	46833057	46833058	0.4544	rs199456	-23.99	rs199496	-0.00443	4.16	0.12887	248	26	enet	0.21	9.6e-08	-1.05435	0.292
Brain_Amygdala	/media/kame/Data/_workings/resource/GTEv8//GTExv8.EUR.Brain_Amygdala/ENSG00000263142.5.wgt.RDat	ENSG00000263142.5	17	47017192	47017193	0.1967	rs199456	-23.99	rs2317996	0.15066	4.93	-0.51636	289	21	enet	0.16	3.6e-06	-1.1334	0.257
Brain_Amygdala	/media/kame/Data/_workings/resource/GTEv8//GTExv8.EUR.Brain_Amygdala/ENSG00000262879.5.wgt.RDat	ENSG00000262879.5	17	47100322	47100323	0.4669	rs199456	-23.99	rs17676978	0.26864	6.34	0.83807	292	14	enet	0.27	1.2e-09	0.91642	0.359
Brain_Amygdala	/media/kame/Data/_workings/resource/GTEv8//GTExv8.EUR.Brain_Amygdala/ENSG00000141279.15.wgt.RDat	ENSG00000141279.15	17	47522941	47522942	0.3154	rs16948835	4.67	rs8069732	0.0016	3.62	-0.35061	360	24	enet	0.0058	0.2	0.44923	0.653
Brain_Amygdala	/media/kame/Data/_workings/resource/GTEv8//GTExv8.EUR.Brain_Amygdala/ENSG00000141294.9.wgt.RDat	ENSG00000141294.9	17	47831626	47831627	0.2973	rs16948835	4.67	rs17774272	0.10722	-4.12	3.18057	378	24	enet	0.12	4.8e-05	-3.93199	8.42e-05
Brain_Amygdala	/media/kame/Data/_workings/resource/GTEv8//GTExv8.EUR.Brain_Amygdala/ENSG00000141295.13.wgt.RDat	ENSG00000141295.13	17	47841332	47841333	0.4324	rs16948835	4.67	rs11079797	0.14666	-4.98	0.69065	381	25	enet	0.16	4.1e-06	0.28334	0.777
Brain_Amygdala	/media/kame/Data/_workings/resource/GTEv8//GTExv8.EUR.Brain_Amygdala/ENSG00000264920.1.wgt.RDat	ENSG00000264920.1	17	47895811	47895812	0.2169	rs16948835	4.67	rs13353189	0.17224	4.63	0.25659	374	11	enet	0.045	0.012	0.52948	0.596
Brain_Amygdala	/media/kame/Data/_workings/resource/GTEv8//GTExv8.EUR.Brain_Amygdala/ENSG00000108465.14.wgt.RDat	ENSG00000108465.14	17	47967809	47967810	0.2773	rs16948835	4.67	rs886444	0.10087	4.34	0.28418	382	21	enet	0.15	9.9e-06	0.02121	0.983
Brain_Amygdala	/media/kame/Data/_workings/resource/GTEv8//GTExv8.EUR.Brain_Amygdala/ENSG00000002919.14.wgt.RDat	ENSG00000002919.14	17	48103356	48103357	0.2731	rs16948835	4.67	rs11079803	0.02316	-3.41	0.36584	440	41	enet	0.06	0.0043	-0.24539	0.806
Brain_Amygdala	/media/kame/Data/_workings/resource/GTEv8//GTExv8.EUR.Brain_Amygdala/ENSG00000248278.1.wgt.RDat	ENSG00000248278.1	17	48908982	48908983	0.3192	rs1523136	7.6	rs11079844	0.16331	-4.97	3.16587	396	15	enet	0.085	0.00075	-2.77303	0.00555
Brain_Amygdala	/media/kame/Data/_workings/resource/GTEv8//GTExv8.EUR.Brain_Amygdala/ENSG00000159210.9.wgt.RDat	ENSG00000159210.9	17	48945116	48945117	0.3878	rs1523136	7.6	rs4643373	0.07444	-4.23	6.922	397	37	enet	0.13	4.5e-05	-5.08869	3.61e-07
Brain_Amygdala	/media/kame/Data/_workings/resource/GTEv8//GTExv8.EUR.Brain_Amygdala/ENSG00000246640.1.wgt.RDat	ENSG00000246640.1	17	50055738	50055739	0.4863	rs8065903	3.79	rs4793629	0.06503	3.85	-0.48967	407	66	enet	0.057	0.0052	-0.51378	0.607
Brain_Amygdala	/media/kame/Data/_workings/resource/GTEv8//GTExv8.EUR.Brain_Amygdala/ENSG00000279792.1.wgt.RDat	ENSG00000279792.1	17	50365231	50365232	0.1976	rs764888	5.12	rs2586473	0.10783	4.58	0.01674	474	9	enet	0.06	0.004	0.26955	0.788
Brain_Amygdala	/media/kame/Data/_workings/resource/GTEv8//GTExv8.EUR.Brain_Amygdala/ENSG00000049283.17.wgt.RDat	ENSG00000049283.17	17	50532542	50532543	0.3873	rs764888	5.12	rs847688	0.00907	3.72	-0.49554	451	18	enet	0.015	0.094	0.82469	0.41
Brain_Amygdala	/media/kame/Data/_workings/resource/GTEv8//GTExv8.EUR.Brain_Amygdala/ENSG00000006282.20.wgt.RDat	ENSG00000006282.20	17	50546305	50546306	0.7071	rs764888	5.12	rs8076470	0.52073	-7.89	0.45673	444	13	enet	0.55	4.6e-22	-0.36498	0.715
Brain_Amygdala	/media/kame/Data/_workings/resource/GTEv8//GTExv8.EUR.Brain_Amygdala/ENSG00000239672.7.wgt.RDat	ENSG00000239672.7	17	51153535	51153536	0.2937	rs764888	5.12	rs3760469	0.04847	4.43	0.0056	421	44	enet	0.029	0.036	-0.43078	0.667
Brain_Amygdala	/media/kame/Data/_workings/resource/GTEv8//GTExv8.EUR.Brain_Amygdala/ENSG00000243678.11.wgt.RDat	ENSG00000243678.11	17	51165434	51165435	0.277	rs764888	5.12	rs9907636	0.18705	-4.9	0.16566	434	11	enet	0.11	0.00013	-0.08589	0.932
Brain_Amygdala	/media/kame/Data/_workings/resource/GTEv8//GTExv8.EUR.Brain_Amygdala/ENSG00000141198.14.wgt.RDat	ENSG00000141198.14	17	54899386	54899387	0.3434	rs714035	-6.19	rs9899602	0.05811	-3.89	0.81434	476	31	enet	0.092	0.00046	-1.02806	0.304
Brain_Amygdala	/media/kame/Data/_workings/resource/GTEv8//GTExv8.EUR.Brain_Amygdala/ENSG00000166260.10.wgt.RDat	ENSG00000166260.10	17	54968763	54968764	0.3977	rs714035	-6.19	rs11869726	0.19295	-5.58	1.39858	499	21	enet	0.28	3e-10	-1.32458	0.185
Brain_Amygdala	/media/kame/Data/_workings/resource/GTEv8//GTExv8.EUR.Brain_Amygdala/ENSG00000263004.1.wgt.RDat	ENSG00000263004.1	17	57085023	57085024	0.3148	rs16958559	-6.04	rs9652852	0.00299	-3.88	-1.83732	519	24	enet	0.011	0.13	1.48125	0.139
Brain_Amygdala	/media/kame/Data/_workings/resource/GTEv8//GTExv8.EUR.Brain_Amygdala/ENSG00000121101.15.wgt.RDat	ENSG00000121101.15	17	58692054	58692055	0.1418	rs2687065	5.38	rs9891129	0.01118	3.7	1.63136	303	21	enet	0.076	0.0014	0.57557	0.565
Brain_Amygdala	/media/kame/Data/_workings/resource/GTEv8//GTExv8.EUR.Brain_Amygdala/ENSG00000108384.14.wgt.RDat	ENSG00000108384.14	17	58692572	58692573	0.3817	rs2687065	5.38	rs714959	0.44538	-7.84	0.63672	303	37	enet	0.5	2.2e-19	-1.51199	0.131
Brain_Amygdala	/media/kame/Data/_workings/resource/GTEv8//GTExv8.EUR.Brain_Amygdala/ENSG00000182628.12.wgt.RDat	ENSG00000182628.12	17	59155268	59155269	0.1784	rs1557814	6.72	rs9652856	0.04072	-4.42	1.92342	293	25	enet	0.089	0.00056	0.35469	0.723
Brain_Amygdala	/media/kame/Data/_workings/resource/GTEv8//GTExv8.EUR.Brain_Amygdala/ENSG00000121068.13.wgt.RDat	ENSG00000121068.13	17	61399895	61399896	0.4434	rs1990292	-4.9	rs9905140	0.03981	4.06	-0.08475	320	32	enet	0.09	0.00055	0.34353	0.731
Brain_Amygdala	/media/kame/Data/_workings/resource/GTEv8//GTExv8.EUR.Brain_Amygdala/ENSG00000267280.5.wgt.RDat	ENSG00000267280.5	17	61411554	61411555	0.2966	rs1990292	-4.9	rs8068318	0.05981	4.25	0.16816	316	37	enet	0.085	0.00076	0.68818	0.491
Brain_Amygdala	/media/kame/Data/_workings/resource/GTEv8//GTExv8.EUR.Brain_Amygdala/ENSG00000173838.11.wgt.RDat	ENSG00000173838.11	17	62808343	62808344	0.2373	rs1588368	-5.94	rs2460298	0.06773	-3.72	0.65231	229	38	enet	0.054	0.0063	-0.82586	0.409
Brain_Amygdala	/media/kame/Data/_workings/resource/GTEv8//GTExv8.EUR.Brain_Amygdala/ENSG00000008283.15.wgt.RDat	ENSG00000008283.15	17	63446377	63446378	0.3077	rs17745579	-4.34	rs3087776	0.21814	-5.6	-1.64754	256	29	enet	0.18	6.3e-07	1.24364	0.214
Brain_Amygdala	/media/kame/Data/_workings/resource/GTEv8//GTExv8.EUR.Brain_Amygdala/ENSG00000279369.1.wgt.RDat	ENSG00000279369.1	17	63700846	63700847	0.1633	rs3181027	4.43	rs9944483	0.03195	3.93	-1.56025	302	39	enet	0.059	0.0044	-1.84149	0.0656
Brain_Amygdala	/media/kame/Data/_workings/resource/GTEv8//GTExv8.EUR.Brain_Amygdala/ENSG00000198231.12.wgt.RDat	ENSG00000198231.12	17	63773775	63773776	0.2367	rs3181027	4.79	rs2854218	0.26775	-5.81	-0.0134	315	43	enet	0.23	1.7e-08	0.02372	0.981
Brain_Amygdala	/media/kame/Data/_workings/resource/GTEv8//GTExv8.EUR.Brain_Amygdala/ENSG00000087191.12.wgt.RDat	ENSG00000087191.12	17	63827671	63827672	0.2415	rs3181027	4.27	rs2854160	0.08606	4.64	-0.38158	327	22	enet	0.11	0.00014	0.73642	0.461
Brain_Amygdala	/media/kame/Data/_workings/resource/GTEv8//GTExv8.EUR.Brain_Amygdala/ENSG00000108592.16.wgt.RDat	ENSG00000108592.16	17	63830011	63830012	0.3783	rs3181027	4.27	rs1062787	0.32586	-6.87	-2.19406	329	66	enet	0.35	1.2e-12	1.81846	0.069
Brain_Amygdala	/media/kame/Data/_workings/resource/GTEv8//GTExv8.EUR.Brain_Amygdala/ENSG00000271605.5.wgt.RDat	ENSG00000271605.5	17	64449036	64449037	0.1224	rs2331413	3.61	rs2075552	-0.00816	3.15	-0.39296	208	13	enet	-0.00071	0.34	1.73413	0.0829
Brain_Amygdala	/media/kame/Data/_workings/resource/GTEv8//GTExv8.EUR.Brain_Amygdala/ENSG00000154229.11.wgt.RDat	ENSG00000154229.11	17	66302635	66302636	0.2639	rs179275	-4.7	rs7220007	0.06494	-3.96	0.82178	481	30	enet	0.08	0.0011	-0.61424	0.539
Brain_Amygdala	/media/kame/Data/_workings/resource/GTEv8//GTExv8.EUR.Brain_Amygdala/ENSG00000279880.1.wgt.RDat	ENSG00000279880.1	17	67973933	67973934	0.2962	rs35191309	-5.34	rs740452	-0.00833	3.14	-0.1652	328	38	enet	0.07	0.0022	0.45329	0.65
Brain_Amygdala	/media/kame/Data/_workings/resource/GTEv8//GTExv8.EUR.Brain_Amygdala/ENSG00000182481.8.wgt.RDat	ENSG00000182481.8	17	68035518	68035519	0.2869	rs35191309	-5.34	rs6504574	0.15475	-4.58	1.52788	317	13	enet	0.098	0.00032	-0.95832	0.338
Brain_Amygdala	/media/kame/Data/_workings/resource/GTEv8//GTExv8.EUR.Brain_Amygdala/ENSG00000278740.1.wgt.RDat	ENSG00000278740.1	17	68188546	68188547	0.6901	rs35191309	-5.34	rs12938107	0.33639	6.74	1.34596	339	30	enet	0.36	4e-13	0.32366	0.746
Brain_Amygdala	/media/kame/Data/_workings/resource/GTEv8//GTExv8.EUR.Brain_Amygdala/ENSG00000154262.12.wgt.RDat	ENSG00000154262.12	17	69141887	69141888	0.3225	rs2053585	-2.44	rs3744489	0.26268	-6.04	0.69025	464	13	enet	0.26	1.9e-09	-0.38738	0.698
Brain_Amygdala	/media/kame/Data/_workings/resource/GTEv8//GTExv8.EUR.Brain_Amygdala/ENSG00000154263.17.wgt.RDat	ENSG00000154263.17	17	69228859	69228860	0.2037	rs2053585	-2.44	rs1121381	-0.00774	-3.22	-0.25037	420	31	enet	-0.008	0.8	1.24569	0.213
Brain_Amygdala	/media/kame/Data/_workings/resource/GTEv8//GTExv8.EUR.Brain_Amygdala/ENSG00000237560.5.wgt.RDat	ENSG00000237560.5	17	69961706	69961707	0.2626	rs1978147	-3.86	rs6501357	0.07873	4.43	-0.464	416	7	enet	0.051	0.0077	-0.6413	0.521
Brain_Amygdala	/media/kame/Data/_workings/resource/GTEv8//GTExv8.EUR.Brain_Amygdala/ENSG00000125450.10.wgt.RDat	ENSG00000125450.10	17	75205658	75205659	0.4786	rs8074291	-4.31	rs11657106	0.38319	6.99	0.38063	374	6	enet	0.38	5.7e-14	0.13436	0.893
Brain_Amygdala	/media/kame/Data/_workings/resource/GTEv8//GTExv8.EUR.Brain_Amygdala/ENSG00000177885.13.wgt.RDat	ENSG00000177885.13	17	75405708	75405709	0.3612	rs8074291	-4.31	rs7213511	0.17289	-4.77	0.96224	344	29	enet	0.06	0.0043	-1.22886	0.219
Brain_Amygdala	/media/kame/Data/_workings/resource/GTEv8//GTExv8.EUR.Brain_Amygdala/ENSG00000141569.10.wgt.RDat	ENSG00000141569.10	17	75897002	75897003	0.2316	rs881564	6.01	rs9895947	0.18126	5.26	0.35254	386	15	enet	0.21	1.2e-07	0.21988	0.826
Brain_Amygdala	/media/kame/Data/_workings/resource/GTEv8//GTExv8.EUR.Brain_Amygdala/ENSG00000257949.6.wgt.RDat	ENSG00000257949.6	17	75979363	75979364	0.5777	rs881564	6.01	rs2069528	0.45212	-7.42	-0.00183	403	9	enet	0.45	3.2e-17	-0.08447	0.933
Brain_Amygdala	/media/kame/Data/_workings/resource/GTEv8//GTExv8.EUR.Brain_Amygdala/ENSG00000250506.7.wgt.RDat	ENSG00000250506.7	17	76000905	76000906	0.4113	rs881564	6.01	rs2069528	0.17646	-5.58	-0.00183	400	20	enet	0.27	6e-10	-0.32534	0.745
Brain_Amygdala	/media/kame/Data/_workings/resource/GTEv8//GTExv8.EUR.Brain_Amygdala/ENSG00000167880.7.wgt.RDat	ENSG00000167880.7	17	76027451	76027452	0.2474	rs881564	6.01	rs2290252	0.01316	3.99	-1.3143	393	15	enet	0.059	0.0044	-0.52098	0.602
Brain_Amygdala	/media/kame/Data/_workings/resource/GTEv8//GTExv8.EUR.Brain_Amygdala/ENSG00000161542.16.wgt.RDat	ENSG00000161542.16	17	76384520	76384521	0.239	rs881564	6.01	rs346785	0.0435	-4.15	-1.03113	418	45	enet	0.055	0.006	0.65652	0.511
Brain_Amygdala	/media/kame/Data/_workings/resource/GTEv8//GTExv8.EUR.Brain_Amygdala/ENSG00000182534.13.wgt.RDat	ENSG00000182534.13	17	76711015	76711016	0.6675	rs2240769	-4.4	rs2286593	0.39359	7.24	0.44099	514	24	enet	0.52	8.7e-21	1.18969	0.234
Brain_Amygdala	/media/kame/Data/_workings/resource/GTEv8//GTExv8.EUR.Brain_Amygdala/ENSG00000267506.5.wgt.RDat	ENSG00000267506.5	17	77546939	77546940	0.488	rs1865740	-3.44	rs11654929	0.01075	3.1	-0.03418	520	43	enet	0.0065	0.19	0.4191	0.675
Brain_Amygdala	/media/kame/Data/_workings/resource/GTEv8//GTExv8.EUR.Brain_Amygdala/ENSG00000055483.19.wgt.RDat	ENSG00000055483.19	17	78841440	78841441	0.3729	rs8081752	-4.18	rs1044486	0.15228	-4.98	-0.95638	623	13	enet	0.16	4.2e-06	0.83953	0.401
Brain_Amygdala	/media/kame/Data/_workings/resource/GTEv8//GTExv8.EUR.Brain_Amygdala/ENSG00000171298.12.wgt.RDat	ENSG00000171298.12	17	80101555	80101556	0.3027	rs2650254	4.77	rs12450199	0.0578	-4.75	0.07434	433	8	enet	0.076	0.0014	0.10375	0.917
Brain_Amygdala	/media/kame/Data/_workings/resource/GTEv8//GTExv8.EUR.Brain_Amygdala/ENSG00000141543.9.wgt.RDat	ENSG00000141543.9	17	80147182	80147183	0.3182	rs2650254	4.77	rs4889908	-0.00481	3.48	-1.22419	462	27	enet	0.014	0.11	-0.06571	0.948
Brain_Amygdala	/media/kame/Data/_workings/resource/GTEv8//GTExv8.EUR.Brain_Amygdala/ENSG00000262580.5.wgt.RDat	ENSG00000262580.5	17	80205948	80205949	0.4484	rs2650254	4.77	rs7503034	0.42602	7.22	0.91737	481	10	enet	0.4	1e-14	1.57158	0.116
Brain_Amygdala	/media/kame/Data/_workings/resource/GTEv8//GTExv8.EUR.Brain_Amygdala/ENSG00000261924.1.wgt.RDat	ENSG00000261924.1	17	80971212	80971213	0.5495	rs8073904	-5.5	rs6565507	0.39822	6.87	0.17388	435	16	enet	0.35	6.8e-13	0.13875	0.89
Brain_Amygdala	/media/kame/Data/_workings/resource/GTEv8//GTExv8.EUR.Brain_Amygdala/ENSG00000141577.13.wgt.RDat	ENSG00000141577.13	17	81222998	81222999	0.2567	rs8073904	-5.5	rs2659006	0.05055	3.83	0.46261	430	31	enet	0.072	0.0019	-0.4547	0.649
Brain_Amygdala	/media/kame/Data/_workings/resource/GTEv8//GTExv8.EUR.Brain_Amygdala/ENSG00000157637.12.wgt.RDat	ENSG00000157637.12	17	81295546	81295547	0.3252	rs8073904	-5.5	rs9896850	0.01739	3.61	-2.1362	406	22	enet	0.045	0.012	-0.60828	0.543
Brain_Amygdala	/media/kame/Data/_workings/resource/GTEv8//GTExv8.EUR.Brain_Amygdala/ENSG00000214087.8.wgt.RDat	ENSG00000214087.8	17	81683923	81683924	0.5885	rs8069378	3.23	rs8071084	0.45592	-7.38	-0.1178	316	21	enet	0.44	2e-16	-0.04225	0.966
Brain_Amygdala	/media/kame/Data/_workings/resource/GTEv8//GTExv8.EUR.Brain_Amygdala/ENSG00000185105.5.wgt.RDat	ENSG00000185105.5	17	81947136	81947137	0.5243	rs2306758	6	rs35935560	0.22211	5.57	-0.37477	307	11	enet	0.2	2.1e-07	-0.06598	0.947
Brain_Amygdala	/media/kame/Data/_workings/resource/GTEv8//GTExv8.EUR.Brain_Amygdala/ENSG00000169689.14.wgt.RDat	ENSG00000169689.14	17	82022917	82022918	0.5373	rs9303029	6.96	rs13087	0.29915	-6.12	2.45851	310	8	enet	0.23	1.8e-08	-2.04584	0.0408
Brain_Amygdala	/media/kame/Data/_workings/resource/GTEv8//GTExv8.EUR.Brain_Amygdala/ENSG00000176155.18.wgt.RDat	ENSG00000176155.18	17	82212829	82212830	0.21	rs9303029	6.96	rs7225637	0.00831	3.96	0.10851	298	5	enet	-0.0066	0.64	0.18903	0.85
Brain_Amygdala	/media/kame/Data/_workings/resource/GTEv8//GTExv8.EUR.Brain_Amygdala/ENSG00000181396.12.wgt.RDat	ENSG00000181396.12	17	82415626	82415627	0.4798	rs9303029	6.96	rs11652009	0.18254	-4.91	0.07595	361	22	enet	0.17	2.1e-06	0.62307	0.533
Brain_Amygdala	/media/kame/Data/_workings/resource/GTEv8//GTExv8.EUR.Brain_Amygdala/ENSG00000169660.15.wgt.RDat	ENSG00000169660.15	17	82418317	82418318	0.1964	rs9303029	6.96	rs4074069	0.11861	4.1	-1.82249	363	2	enet	0.025	0.049	-1.53648	0.124
Brain_Amygdala	/media/kame/Data/_workings/resource/GTEv8//GTExv8.EUR.Brain_Amygdala/ENSG00000263063.1.wgt.RDat	ENSG00000263063.1	17	82716254	82716255	0.1912	rs9303029	6.96	rs1551625	0.06698	4.21	-0.37521	365	14	enet	0.045	0.012	0.28407	0.776
Brain_Amygdala	/media/kame/Data/_workings/resource/GTEv8//GTExv8.EUR.Brain_Amygdala/ENSG00000141560.14.wgt.RDat	ENSG00000141560.14	17	82716682	82716683	0.4965	rs9303029	6.96	rs3859206	0.3284	6.5	0.99196	365	27	enet	0.31	3.6e-11	0.24701	0.805
Brain_Amygdala	/media/kame/Data/_workings/resource/GTEv8//GTExv8.EUR.Brain_Amygdala/ENSG00000175711.8.wgt.RDat	ENSG00000175711.8	17	83051809	83051810	0.5412	rs2011631	3.87	rs3935099	0.07465	-4.85	0.13242	253	26	enet	0.18	1e-06	-1.23476	0.217
Brain_Amygdala	/media/kame/Data/_workings/resource/GTEv8//GTExv8.EUR.Brain_Amygdala/ENSG00000263006.6.wgt.RDat	ENSG00000263006.6	18	109064	109065	0.465	rs8091082	-4.64	rs9948087	0.12251	5.31	-0.0774	310	22	enet	0.16	4.8e-06	-0.27256	0.785194
Brain_Amygdala	/media/kame/Data/_workings/resource/GTEv8//GTExv8.EUR.Brain_Amygdala/ENSG00000079101.16.wgt.RDat	ENSG00000079101.16	18	596987	596988	0.576	rs4798774	7.48	rs578026	0.00245	3.87	0.0103	603	36	enet	0.028	0.037	-0.32782	0.743051
Brain_Amygdala	/media/kame/Data/_workings/resource/GTEv8//GTExv8.EUR.Brain_Amygdala/ENSG00000132199.18.wgt.RDat	ENSG00000132199.18	18	712675	712676	0.337	rs4798774	7.48	rs7235988	0.06076	4.65	0.9257	616	33	enet	0.061	0.004	-0.1934	0.846649
Brain_Amygdala	/media/kame/Data/_workings/resource/GTEv8//GTExv8.EUR.Brain_Amygdala/ENSG00000101574.14.wgt.RDat	ENSG00000101574.14	18	2571508	2571509	0.398	rs9954660	-5.57	rs2644171	0.15231	5.06	-0.9018	509	25	enet	0.093	0.00043	-0.02427	0.98064
Brain_Amygdala	/media/kame/Data/_workings/resource/GTEv8//GTExv8.EUR.Brain_Amygdala/ENSG00000263753.6.wgt.RDat	ENSG00000263753.6	18	5238598	5238599	0.498	rs1785418	5.48	rs8576	0.33097	6.29	-0.2771	495	39	enet	0.31	3.8e-11	-1.70341	0.088492
Brain_Amygdala	/media/kame/Data/_workings/resource/GTEv8//GTExv8.EUR.Brain_Amygdala/ENSG00000266441.1.wgt.RDat	ENSG00000266441.1	18	6729167	6729168	0.339	rs7506840	-5.95	rs6506431	0.25938	-5.9	1.1019	600	7	enet	0.2	1.4e-07	-0.95234	0.340926
Brain_Amygdala	/media/kame/Data/_workings/resource/GTEv8//GTExv8.EUR.Brain_Amygdala/ENSG00000263627.1.wgt.RDat	ENSG00000263627.1	18	9615263	9615264	0.633	rs543149	-3.94	rs2289684	0.41985	7.09	-0.1256	527	5	enet	0.41	3.7e-15	-0.12334	0.901836
Brain_Amygdala	/media/kame/Data/_workings/resource/GTEv8//GTExv8.EUR.Brain_Amygdala/ENSG00000267079.1.wgt.RDat	ENSG00000267079.1	18	11914343	11914344	0.575	rs4331394	4.05	rs649039	0.41502	7.04	-0.9458	445	21	enet	0.42	1.1e-15	-1.09973	0.271449
Brain_Amygdala	/media/kame/Data/_workings/resource/GTEv8//GTExv8.EUR.Brain_Amygdala/ENSG00000267108.1.wgt.RDat	ENSG00000267108.1	18	12432896	12432897	0.445	rs16973056	-3.44	rs919	0.21271	5.23	1.7229	406	23	enet	0.2	1.5e-07	0.3914	0.695499
Brain_Amygdala	/media/kame/Data/_workings/resource/GTEv8//GTExv8.EUR.Brain_Amygdala/ENSG00000267199.1.wgt.RDat	ENSG00000267199.1	18	12438889	12438890	0.56	rs16973056	-3.44	rs17615158	0.18816	-5.47	0.6527	407	27	enet	0.32	1.2e-11	0.94033	0.347049
Brain_Amygdala	/media/kame/Data/_workings/resource/GTEv8//GTExv8.EUR.Brain_Amygdala/ENSG00000267336.1.wgt.RDat	ENSG00000267336.1	18	12912843	12912844	0.634	rs11662617	4.87	rs8090365	0.32987	6.41	2.5533	375	33	enet	0.26	2.3e-09	2.47622	0.013278
Brain_Amygdala	/media/kame/Data/_workings/resource/GTEv8//GTExv8.EUR.Brain_Amygdala/ENSG00000101639.18.wgt.RDat	ENSG00000101639.18	18	12991361	12991362	0.698	rs7235364	-6.31	rs7234960	0.51522	8.13	0.4065	398	56	enet	0.49	6.8e-19	0.86485	0.387122
Brain_Amygdala	/media/kame/Data/_workings/resource/GTEv8//GTExv8.EUR.Brain_Amygdala/ENSG00000175322.11.wgt.RDat	ENSG00000175322.11	18	14132489	14132490	0.271	rs4986175	3.75	rs11664833	0.0604	3.76	1.6004	283	20	enet	0.056	0.0054	0.81061	0.417588
Brain_Amygdala	/media/kame/Data/_workings/resource/GTEv8//GTExv8.EUR.Brain_Amygdala/ENSG00000180777.13.wgt.RDat	ENSG00000180777.13	18	14728271	14728272	0.202	rs786021	-4.25	rs785993	0.0323	3.81	0.3257	131	20	enet	0.056	0.0056	0.13314	0.894084
Brain_Amygdala	/media/kame/Data/_workings/resource/GTEv8//GTExv8.EUR.Brain_Amygdala/ENSG00000264880.1.wgt.RDat	ENSG00000264880.1	18	15164466	15164467	0.431	rs786021	-4.25	rs3878725	0.05127	4.71	0.1011	81	15	enet	0.19	3.5e-07	-0.34168	0.732589
Brain_Amygdala	/media/kame/Data/_workings/resource/GTEv8//GTExv8.EUR.Brain_Amygdala/ENSG00000265015.1.wgt.RDat	ENSG00000265015.1	18	15197774	15197775	0.472	rs786021	-4.25	rs10460005	0.22485	5.66	0.0661	80	16	enet	0.25	4.6e-09	-0.09491	0.924385
Brain_Amygdala	/media/kame/Data/_workings/resource/GTEv8//GTExv8.EUR.Brain_Amygdala/ENSG00000141458.12.wgt.RDat	ENSG00000141458.12	18	23586897	23586898	0.183	rs4800467	6.19	rs12455370	0.00491	3.71	-0.0915	363	17	enet	-0.0053	0.54	-1.87286	0.061088
Brain_Amygdala	/media/kame/Data/_workings/resource/GTEv8//GTExv8.EUR.Brain_Amygdala/ENSG00000266489.1.wgt.RDat	ENSG00000266489.1	18	24518005	24518006	0.7	rs17797779	-6.64	rs955621	0.61513	8.55	-1.785	571	14	enet	0.6	5.1e-25	-1.59627	0.110428
Brain_Amygdala	/media/kame/Data/_workings/resource/GTEv8//GTExv8.EUR.Brain_Amygdala/ENSG00000277534.1.wgt.RDat	ENSG00000277534.1	18	26545790	26545791	0.204	rs528831	-5.05	rs12964982	-0.00398	3.57	-1.1046	490	24	enet	0.038	0.019	-0.92999	0.352374
Brain_Amygdala	/media/kame/Data/_workings/resource/GTEv8//GTExv8.EUR.Brain_Amygdala/ENSG00000260372.6.wgt.RDat	ENSG00000260372.6	18	26655741	26655742	0.819	rs528831	-5.05	rs232319	0.46648	7.5	-1.2821	554	30	enet	0.46	1e-17	-0.85585	0.392083
Brain_Amygdala	/media/kame/Data/_workings/resource/GTEv8//GTExv8.EUR.Brain_Amygdala/ENSG00000075643.5.wgt.RDat	ENSG00000075643.5	18	36187518	36187519	0.272	rs3786272	-6.42	rs7235689	0.04038	3.82	-3.5786	513	5	enet	0.047	0.01	-3.72021	0.000199
Brain_Amygdala	/media/kame/Data/_workings/resource/GTEv8//GTExv8.EUR.Brain_Amygdala/ENSG00000134779.14.wgt.RDat	ENSG00000134779.14	18	36829215	36829216	0.178	rs685680	-4.97	rs11665174	0.00798	3.8	2.2298	434	31	enet	0.067	0.0025	1.10557	0.268912
Brain_Amygdala	/media/kame/Data/_workings/resource/GTEv8//GTExv8.EUR.Brain_Amygdala/ENSG00000152223.12.wgt.RDat	ENSG00000152223.12	18	45967273	45967274	0.284	rs16978467	4.33	rs8089685	0.12345	4.3	0.3672	510	9	enet	0.024	0.051	0.84117	0.400252
Brain_Amygdala	/media/kame/Data/_workings/resource/GTEv8//GTExv8.EUR.Brain_Amygdala/ENSG00000078043.15.wgt.RDat	ENSG00000078043.15	18	46920147	46920148	0.199	rs17707032	5.99	rs9965170	0.0718	3.59	-1.0005	480	42	enet	0.02	0.066	-0.64797	0.517005
Brain_Amygdala	/media/kame/Data/_workings/resource/GTEv8//GTExv8.EUR.Brain_Amygdala/ENSG00000101751.10.wgt.RDat	ENSG00000101751.10	18	54270028	54270029	0.421	rs7237206	8.24	rs3730783	0.1955	-4.96	-0.5946	383	30	enet	0.094	0.00042	0.30069	0.763648
Brain_Amygdala	/media/kame/Data/_workings/resource/GTEv8//GTExv8.EUR.Brain_Amygdala/ENSG00000174448.8.wgt.RDat	ENSG00000174448.8	18	54357915	54357916	0.26	rs7237206	8.24	rs9945547	0.06011	-4.25	-1.6148	384	22	enet	0.12	9.4e-05	1.78096	0.074918
Brain_Amygdala	/media/kame/Data/_workings/resource/GTEv8//GTExv8.EUR.Brain_Amygdala/ENSG00000197563.10.wgt.RDat	ENSG00000197563.10	18	62187117	62187118	0.183	rs4941139	6.93	rs17715613	0.13513	4.66	0.0827	505	22	enet	0.02	0.069	-0.30651	0.759217
Brain_Amygdala	/media/kame/Data/_workings/resource/GTEv8//GTExv8.EUR.Brain_Amygdala/ENSG00000134444.13.wgt.RDat	ENSG00000134444.13	18	62187257	62187258	0.25	rs4941139	6.93	rs1318457	0.05253	-4.01	0.3465	505	45	enet	0.073	0.0017	0.00491	0.996085
Brain_Amygdala	/media/kame/Data/_workings/resource/GTEv8//GTExv8.EUR.Brain_Amygdala/ENSG00000071991.8.wgt.RDat	ENSG00000071991.8	18	66604137	66604138	0.432	rs9676060	4.41	rs1016425	-0.00156	2.76	2.0747	373	45	enet	0.044	0.013	0.55656	0.577829
Brain_Amygdala	/media/kame/Data/_workings/resource/GTEv8//GTExv8.EUR.Brain_Amygdala/ENSG00000278971.1.wgt.RDat	ENSG00000278971.1	18	70489629	70489630	0.566	rs1507540	5.55	rs2366385	0.21875	-5.82	-1.6817	394	49	enet	0.23	2e-08	1.59122	0.11156
Brain_Amygdala	/media/kame/Data/_workings/resource/GTEv8//GTExv8.EUR.Brain_Amygdala/ENSG00000133313.14.wgt.RDat	ENSG00000133313.14	18	74495815	74495816	0.321	rs4891540	-4.45	rs8083001	0.18745	5.64	0.2454	539	40	enet	0.2	1.7e-07	0.69806	0.485138
Brain_Amygdala	/media/kame/Data/_workings/resource/GTEv8//GTExv8.EUR.Brain_Amygdala/ENSG00000264247.1.wgt.RDat	ENSG00000264247.1	18	74598507	74598508	0.373	rs4891540	-4.45	rs12956584	-0.00823	3.93	0.5887	537	83	enet	0.048	0.0097	-0.77797	0.436584
Brain_Amygdala	/media/kame/Data/_workings/resource/GTEv8//GTExv8.EUR.Brain_Amygdala/ENSG00000166573.5.wgt.RDat	ENSG00000166573.5	18	77250548	77250549	0.386	rs11664952	-7.35	rs10469070	0.01889	-3.82	-0.0297	716	51	enet	0.11	0.00014	-0.99564	0.319425
Brain_Amygdala	/media/kame/Data/_workings/resource/GTEv8//GTExv8.EUR.Brain_Amygdala/ENSG00000274828.1.wgt.RDat	ENSG00000274828.1	18	79679357	79679358	0.338	rs526260	11.27	rs2460386	0.21594	-5.65	2.3526	414	32	enet	0.21	8.1e-08	-1.70466	0.088258
Brain_Amygdala	/media/kame/Data/_workings/resource/GTEv8//GTExv8.EUR.Brain_Amygdala/ENSG00000261126.7.wgt.RDat	ENSG00000261126.7	18	80046899	80046900	0.407	rs526260	11.72	rs612913	0.29286	6.38	0.605	279	35	enet	0.18	1.1e-06	0.70202	0.482666
Brain_Amygdala	/media/kame/Data/_workings/resource/GTEv8//GTExv8.EUR.Brain_Amygdala/ENSG00000267251.2.wgt.RDat	ENSG00000267251.2	18	80183679	80183680	0.292	rs526260	12.3	rs1050919	0.06143	4.82	0.3382	219	9	enet	0.033	0.027	-0.09652	0.923106
Brain_Amygdala	/media/kame/Data/_workings/resource/GTEv8//GTExv8.EUR.Brain_Amygdala/ENSG00000266933.2.wgt.RDat	ENSG00000266933.2	19	507495	507496	0.5574	rs35940485	-7.75	rs10415416	0.41478	-7.2	-2.1662	380	15	enet	0.37	2.1e-13	2.39961	0.0164
Brain_Amygdala	/media/kame/Data/_workings/resource/GTEv8//GTExv8.EUR.Brain_Amygdala/ENSG00000065268.10.wgt.RDat	ENSG00000065268.10	19	984270	984271	0.6043	rs35940485	-7.75	rs2240147	0.29326	6.59	-0.2101	454	10	enet	0.38	7.8e-14	-0.146494	0.884
Brain_Amygdala	/media/kame/Data/_workings/resource/GTEv8//GTExv8.EUR.Brain_Amygdala/ENSG00000280486.1.wgt.RDat	ENSG00000280486.1	19	1389650	1389651	0.3059	rs35940485	-7.75	rs11666067	0.23403	5.56	-2.402	398	4	enet	0.17	1.8e-06	-2.601217	0.00929
Brain_Amygdala	/media/kame/Data/_workings/resource/GTEv8//GTExv8.EUR.Brain_Amygdala/ENSG00000130005.12.wgt.RDat	ENSG00000130005.12	19	1401569	1401570	0.4343	rs35940485	-7.75	rs2656867	-0.00825	3.04	0.2317	394	47	enet	0.016	0.088	0.055463	0.956
Brain_Amygdala	/media/kame/Data/_workings/resource/GTEv8//GTExv8.EUR.Brain_Amygdala/ENSG00000115266.11.wgt.RDat	ENSG00000115266.11	19	1446301	1446302	0.4375	rs3760994	-6.79	rs3894776	0.24898	-5.49	3.0364	396	34	enet	0.1	0.00024	-1.456905	0.145
Brain_Amygdala	/media/kame/Data/_workings/resource/GTEv8//GTExv8.EUR.Brain_Amygdala/ENSG00000071655.17.wgt.RDat	ENSG00000071655.17	19	1592800	1592801	0.3276	rs3760994	-6.79	rs4807120	0.077	4.41	2.2326	364	48	enet	0.1	0.00021	2.767473	0.00565
Brain_Amygdala	/media/kame/Data/_workings/resource/GTEv8//GTExv8.EUR.Brain_Amygdala/ENSG00000104899.7.wgt.RDat	ENSG00000104899.7	19	2249308	2249309	0.384	rs7249204	-5.15	rs10407022	0.19362	-4.93	-2.5911	408	32	enet	0.067	0.0025	1.723016	0.0849
Brain_Amygdala	/media/kame/Data/_workings/resource/GTEv8//GTExv8.EUR.Brain_Amygdala/ENSG00000261342.1.wgt.RDat	ENSG00000261342.1	19	2729326	2729327	0.259	rs7938	-6.47	rs3745814	0.07787	3.86	1.4904	440	3	enet	0.027	0.04	1.46459	0.143
Brain_Amygdala	/media/kame/Data/_workings/resource/GTEv8//GTExv8.EUR.Brain_Amygdala/ENSG00000125912.10.wgt.RDat	ENSG00000125912.10	19	3185562	3185563	0.3147	rs7938	-6.47	rs550581	0.04366	4.03	0.7109	414	32	enet	0.17	2.1e-06	0.112811	0.91
Brain_Amygdala	/media/kame/Data/_workings/resource/GTEv8//GTExv8.EUR.Brain_Amygdala/ENSG00000178078.11.wgt.RDat	ENSG00000178078.11	19	4342785	4342786	0.6104	rs243387	7.63	rs7247504	0.17742	-6.03	-0.2315	366	49	enet	0.18	7.2e-07	0.826619	0.408
Brain_Amygdala	/media/kame/Data/_workings/resource/GTEv8//GTExv8.EUR.Brain_Amygdala/ENSG00000167670.15.wgt.RDat	ENSG00000167670.15	19	4402661	4402662	0.6008	rs243387	7.63	rs11085074	0.32222	-6.89	2.7785	376	45	enet	0.24	7.3e-09	-1.668502	0.0952
Brain_Amygdala	/media/kame/Data/_workings/resource/GTEv8//GTExv8.EUR.Brain_Amygdala/ENSG00000267769.1.wgt.RDat	ENSG00000267769.1	19	4454793	4454794	0.3965	rs243387	7.63	rs11668886	0.25866	-6.05	-0.3241	390	31	enet	0.27	1.2e-09	0.047092	0.962
Brain_Amygdala	/media/kame/Data/_workings/resource/GTEv8//GTExv8.EUR.Brain_Amygdala/ENSG00000167671.11.wgt.RDat	ENSG00000167671.11	19	4457821	4457822	0.4209	rs243387	7.63	rs34080966	0.1771	-5.26	-0.1356	390	40	enet	0.15	1e-05	0.373041	0.709
Brain_Amygdala	/media/kame/Data/_workings/resource/GTEv8//GTExv8.EUR.Brain_Amygdala/ENSG00000125656.8.wgt.RDat	ENSG00000125656.8	19	6361451	6361452	0.392	rs16993442	6.69	rs17625356	0.02617	3.63	-3.0962	397	22	enet	-0.0078	0.76	-0.672827	0.501
Brain_Amygdala	/media/kame/Data/_workings/resource/GTEv8//GTExv8.EUR.Brain_Amygdala/ENSG00000181240.13.wgt.RDat	ENSG00000181240.13	19	6433778	6433779	0.4244	rs16993442	6.69	rs2860185	0.29769	6.35	0.1846	404	8	enet	0.25	5.5e-09	0.285104	0.776
Brain_Amygdala	/media/kame/Data/_workings/resource/GTEv8//GTExv8.EUR.Brain_Amygdala/ENSG00000125734.15.wgt.RDat	ENSG00000125734.15	19	6737602	6737603	0.7219	rs10416429	4.63	rs3810223	0.47389	-7.5	-4.3233	459	12	enet	0.44	2e-16	3.878936	0.000105
Brain_Amygdala	/media/kame/Data/_workings/resource/GTEv8//GTExv8.EUR.Brain_Amygdala/ENSG00000171105.13.wgt.RDat	ENSG00000171105.13	19	7294033	7294034	0.4513	rs10416429	4.63	rs2228137	0.10099	3.79	0.6404	456	8	enet	0.0055	0.2	0.236532	0.813
Brain_Amygdala	/media/kame/Data/_workings/resource/GTEv8//GTExv8.EUR.Brain_Amygdala/ENSG00000268297.1.wgt.RDat	ENSG00000268297.1	19	7787548	7787549	0.5532	rs10518270	-4.35	rs8112157	0.27782	6.93	0.2316	426	33	enet	0.36	2.4e-13	0.184249	0.854
Brain_Amygdala	/media/kame/Data/_workings/resource/GTEv8//GTExv8.EUR.Brain_Amygdala/ENSG00000269139.2.wgt.RDat	ENSG00000269139.2	19	7926572	7926573	0.2652	rs34367019	-6.04	rs3826740	0.21146	5.28	-0.0462	446	2	enet	0.18	9.3e-07	-0.025046	0.98
Brain_Amygdala	/media/kame/Data/_workings/resource/GTEv8//GTExv8.EUR.Brain_Amygdala/ENSG00000267939.1.wgt.RDat	ENSG00000267939.1	19	8008728	8008729	0.3364	rs34367019	-6.04	rs882951	0.1025	-4.98	-0.766	434	12	enet	0.11	0.00015	0.962954	0.336
Brain_Amygdala	/media/kame/Data/_workings/resource/GTEv8//GTExv8.EUR.Brain_Amygdala/ENSG00000233927.4.wgt.RDat	ENSG00000233927.4	19	8321499	8321500	0.4714	rs34367019	-6.04	rs2913959	0.24058	5.46	0.3717	372	55	enet	0.15	8.7e-06	-1.142097	0.253
Brain_Amygdala	/media/kame/Data/_workings/resource/GTEv8//GTExv8.EUR.Brain_Amygdala/ENSG00000269386.5.wgt.RDat	ENSG00000269386.5	19	8390684	8390685	0.2971	rs34367019	-6.04	rs2967614	0.17278	4.77	1.1182	371	4	enet	0.14	1.6e-05	1.111055	0.267
Brain_Amygdala	/media/kame/Data/_workings/resource/GTEv8//GTExv8.EUR.Brain_Amygdala/ENSG00000099785.10.wgt.RDat	ENSG00000099785.10	19	8413269	8413270	0.4848	rs34367019	-6.04	rs17160520	0.21449	5.83	-0.4324	368	62	enet	0.22	4.5e-08	0.480929	0.631
Brain_Amygdala	/media/kame/Data/_workings/resource/GTEv8//GTExv8.EUR.Brain_Amygdala/ENSG00000188000.3.wgt.RDat	ENSG00000188000.3	19	9185593	9185594	0.3642	rs16979417	2.91	rs13345998	0.17769	5.01	0.0558	406	6	enet	0.1	0.00023	0.0969	0.923
Brain_Amygdala	/media/kame/Data/_workings/resource/GTEv8//GTExv8.EUR.Brain_Amygdala/ENSG00000188321.13.wgt.RDat	ENSG00000188321.13	19	9323771	9323772	0.3637	rs16979417	2.91	rs28384491	0.39783	-6.91	-0.7751	405	36	enet	0.39	2.8e-14	1.187024	0.235
Brain_Amygdala	/media/kame/Data/_workings/resource/GTEv8//GTExv8.EUR.Brain_Amygdala/ENSG00000174652.17.wgt.RDat	ENSG00000174652.17	19	9435577	9435578	0.6372	rs12979274	6.13	rs11880207	0.53158	-7.97	-1.8356	389	16	enet	0.47	5.1e-18	1.819304	0.0689
Brain_Amygdala	/media/kame/Data/_workings/resource/GTEv8//GTExv8.EUR.Brain_Amygdala/ENSG00000278611.1.wgt.RDat	ENSG00000278611.1	19	9538732	9538733	0.2676	rs12979274	6.13	rs4804111	0.26667	6.09	-1.3551	347	13	enet	0.25	4.9e-09	-2.018656	0.0435
Brain_Amygdala	/media/kame/Data/_workings/resource/GTEv8//GTExv8.EUR.Brain_Amygdala/ENSG00000171469.10.wgt.RDat	ENSG00000171469.10	19	9621398	9621399	0.165	rs12979274	6.13	rs10401707	0.08799	-4.18	-0.1756	355	15	enet	0.059	0.0045	0.862028	0.389
Brain_Amygdala	/media/kame/Data/_workings/resource/GTEv8//GTExv8.EUR.Brain_Amygdala/ENSG00000277587.1.wgt.RDat	ENSG00000277587.1	19	9721902	9721903	0.3422	rs12979274	6.13	rs10401707	0.27216	-5.89	-0.1762	337	35	enet	0.28	3.4e-10	1.284664	0.199
Brain_Amygdala	/media/kame/Data/_workings/resource/GTEv8//GTExv8.EUR.Brain_Amygdala/ENSG00000105088.8.wgt.RDat	ENSG00000105088.8	19	9936551	9936552	0.2636	rs12979274	6.13	rs12462481	-0.00719	-3.39	-0.0467	335	39	enet	-0.0063	0.61	-0.110244	0.912
Brain_Amygdala	/media/kame/Data/_workings/resource/GTEv8//GTExv8.EUR.Brain_Amygdala/ENSG00000080573.6.wgt.RDat	ENSG00000080573.6	19	10010470	10010471	0.4132	rs12979274	6.13	rs2287807	0.19871	-5.21	1.7925	336	11	enet	0.081	0.00099	-1.631758	0.103
Brain_Amygdala	/media/kame/Data/_workings/resource/GTEv8//GTExv8.EUR.Brain_Amygdala/ENSG00000129347.19.wgt.RDat	ENSG00000129347.19	19	10566036	10566037	0.4515	rs7255312	-5.23	rs3087689	0.17265	4.71	0.2003	359	19	enet	0.12	4.9e-05	1.473369	0.141
Brain_Amygdala	/media/kame/Data/_workings/resource/GTEv8//GTExv8.EUR.Brain_Amygdala/ENSG00000267174.5.wgt.RDat	ENSG00000267174.5	19	11321322	11321323	0.5416	rs17719222	-5.49	rs422496	0.35078	-6.8	0.0239	385	10	enet	0.32	1.2e-11	-0.341863	0.732
Brain_Amygdala	/media/kame/Data/_workings/resource/GTEv8//GTExv8.EUR.Brain_Amygdala/ENSG00000105607.12.wgt.RDat	ENSG00000105607.12	19	12891025	12891026	0.3833	rs2303731	-7.68	rs2974754	0.31708	-6.27	2.4932	325	11	enet	0.32	1.8e-11	-2.025317	0.0428
Brain_Amygdala	/media/kame/Data/_workings/resource/GTEv8//GTExv8.EUR.Brain_Amygdala/ENSG00000104979.8.wgt.RDat	ENSG00000104979.8	19	13774282	13774283	0.2492	rs12462927	-5.53	rs809741	0.12095	-4.09	-0.7991	328	7	enet	0.029	0.036	0.797875	0.425
Brain_Amygdala	/media/kame/Data/_workings/resource/GTEv8//GTExv8.EUR.Brain_Amygdala/ENSG00000141854.9.wgt.RDat	ENSG00000141854.9	19	14072535	14072536	0.3584	rs12462927	-5.53	rs7258963	0.23161	5.33	0.2585	284	27	enet	0.12	9.4e-05	0.049043	0.961
Brain_Amygdala	/media/kame/Data/_workings/resource/GTEv8//GTExv8.EUR.Brain_Amygdala/ENSG00000105143.12.wgt.RDat	ENSG00000105143.12	19	15010642	15010643	0.4197	rs10415969	6.03	rs3746295	0.1456	-5.24	-2.1657	445	25	enet	0.19	4e-07	1.780982	0.0749
Brain_Amygdala	/media/kame/Data/_workings/resource/GTEv8//GTExv8.EUR.Brain_Amygdala/ENSG00000268673.3.wgt.RDat	ENSG00000268673.3	19	15760420	15760421	0.3769	rs2018454	-7	rs10518252	0.36808	-6.71	-1.9385	534	15	enet	0.28	4.6e-10	1.746504	0.0807
Brain_Amygdala	/media/kame/Data/_workings/resource/GTEv8//GTExv8.EUR.Brain_Amygdala/ENSG00000267594.5.wgt.RDat	ENSG00000267594.5	19	15779908	15779909	0.7346	rs2018454	-7	rs10518252	0.63524	8.7	-1.9385	536	19	enet	0.64	4.4e-28	-1.69711	0.0897
Brain_Amygdala	/media/kame/Data/_workings/resource/GTEv8//GTExv8.EUR.Brain_Amygdala/ENSG00000099330.8.wgt.RDat	ENSG00000099330.8	19	17226203	17226204	0.3524	rs4808552	4.34	rs1548079	0.08573	-4.2	-0.2731	412	24	enet	0.011	0.13	0.172956	0.863
Brain_Amygdala	/media/kame/Data/_workings/resource/GTEv8//GTExv8.EUR.Brain_Amygdala/ENSG00000130312.6.wgt.RDat	ENSG00000130312.6	19	17292831	17292832	0.2764	rs4808552	4.34	rs6903	0.19356	4.92	1.4429	423	24	enet	0.12	9.1e-05	0.900733	0.368
Brain_Amygdala	/media/kame/Data/_workings/resource/GTEv8//GTExv8.EUR.Brain_Amygdala/ENSG00000130518.16.wgt.RDat	ENSG00000130518.16	19	18274508	18274509	0.2984	rs10426256	-5.32	rs999813	0.17229	-5.04	-1.9322	408	27	enet	0.12	7e-05	0.938452	0.348
Brain_Amygdala	/media/kame/Data/_workings/resource/GTEv8//GTExv8.EUR.Brain_Amygdala/ENSG00000105700.10.wgt.RDat	ENSG00000105700.10	19	18557761	18557762	0.2323	rs372889	-4.61	rs2302055	0.07942	4.79	0.0191	370	13	enet	0.14	1.3e-05	-0.076635	0.939
Brain_Amygdala	/media/kame/Data/_workings/resource/GTEv8//GTExv8.EUR.Brain_Amygdala/ENSG00000223802.7.wgt.RDat	ENSG00000223802.7	19	18896726	18896727	0.3451	rs10415849	-10.44	rs4808868	0.13306	-5.23	0.1378	337	7	enet	0.11	0.00012	-0.142371	0.887
Brain_Amygdala	/media/kame/Data/_workings/resource/GTEv8//GTExv8.EUR.Brain_Amygdala/ENSG00000178093.13.wgt.RDat	ENSG00000178093.13	19	19515684	19515685	0.2515	rs10415849	-10.44	rs16996127	0.0543	4.2	0.0535	356	13	enet	0.056	0.0056	0.431581	0.666
Brain_Amygdala	/media/kame/Data/_workings/resource/GTEv8//GTExv8.EUR.Brain_Amygdala/ENSG00000105717.13.wgt.RDat	ENSG00000105717.13	19	19618915	19618916	0.2319	rs10415849	-10.44	rs6511027	0.01263	3.65	-0.6492	350	37	enet	0.11	1e-04	0.70392	0.481
Brain_Amygdala	/media/kame/Data/_workings/resource/GTEv8//GTExv8.EUR.Brain_Amygdala/ENSG00000081665.13.wgt.RDat	ENSG00000081665.13	19	19821750	19821751	0.2074	rs10415849	-10.44	rs4808983	0.13406	5.19	-0.3153	299	14	enet	0.16	4e-06	-0.795681	0.426
Brain_Amygdala	/media/kame/Data/_workings/resource/GTEv8//GTExv8.EUR.Brain_Amygdala/ENSG00000184635.14.wgt.RDat	ENSG00000184635.14	19	19900912	19900913	0.5267	rs8182472	-10.44	rs8113576	0.37171	6.89	-1.5874	299	35	enet	0.37	8.2e-14	-0.451007	0.652
Brain_Amygdala	/media/kame/Data/_workings/resource/GTEv8//GTExv8.EUR.Brain_Amygdala/ENSG00000267268.1.wgt.RDat	ENSG00000267268.1	19	19956737	19956738	0.1655	rs7252888	-10.21	rs12610295	0.08251	4.39	-1.6587	292	24	enet	0.06	0.0042	-1.247866	0.212
Brain_Amygdala	/media/kame/Data/_workings/resource/GTEv8//GTExv8.EUR.Brain_Amygdala/ENSG00000188171.15.wgt.RDat	ENSG00000188171.15	19	20661595	20661596	0.2002	rs7250811	-2.8	rs7256767	0.0635	4.44	0.1515	240	9	enet	0.13	2.5e-05	0.534615	0.593
Brain_Amygdala	/media/kame/Data/_workings/resource/GTEv8//GTExv8.EUR.Brain_Amygdala/ENSG00000172687.13.wgt.RDat	ENSG00000172687.13	19	21358929	21358930	0.1741	rs12232841	3.4	rs488125	0.12938	-4.36	-0.0828	282	11	enet	0.089	0.00058	0.052579	0.958
Brain_Amygdala	/media/kame/Data/_workings/resource/GTEv8//GTExv8.EUR.Brain_Amygdala/ENSG00000268119.5.wgt.RDat	ENSG00000268119.5	19	21463907	21463908	0.1407	rs12232841	3.4	rs8112960	0.0303	-3.75	1.6787	295	15	enet	0.015	0.095	-0.99376	0.32
Brain_Amygdala	/media/kame/Data/_workings/resource/GTEv8//GTExv8.EUR.Brain_Amygdala/ENSG00000268658.5.wgt.RDat	ENSG00000268658.5	19	21483373	21483374	0.2654	rs12232841	3.4	rs8107999	0.16793	4.67	-0.9947	291	7	enet	0.11	0.00015	-0.915891	0.36
Brain_Amygdala	/media/kame/Data/_workings/resource/GTEv8//GTExv8.EUR.Brain_Amygdala/ENSG00000268555.1.wgt.RDat	ENSG00000268555.1	19	21587321	21587322	0.2884	rs12232841	3.4	rs6511253	0.21333	5.42	-0.5117	303	25	enet	0.24	6.4e-09	-0.748537	0.454
Brain_Amygdala	/media/kame/Data/_workings/resource/GTEv8//GTExv8.EUR.Brain_Amygdala/ENSG00000268433.1.wgt.RDat	ENSG00000268433.1	19	21678220	21678221	0.1846	rs12232841	3.4	rs25760	0.04023	3.96	-1.7301	304	31	enet	0.048	0.0095	-1.544076	0.123
Brain_Amygdala	/media/kame/Data/_workings/resource/GTEv8//GTExv8.EUR.Brain_Amygdala/ENSG00000197020.10.wgt.RDat	ENSG00000197020.10	19	21767627	21767628	0.6405	rs12232841	3.4	rs12052044	0.21732	5.65	-1.7536	295	9	enet	0.32	9.8e-12	-0.308161	0.758
Brain_Amygdala	/media/kame/Data/_workings/resource/GTEv8//GTExv8.EUR.Brain_Amygdala/ENSG00000279377.1.wgt.RDat	ENSG00000279377.1	19	21968528	21968529	0.1921	rs12232841	3.4	rs11666326	0.0379	-3.65	-0.2333	292	29	enet	0.083	0.00087	-0.605523	0.545
Brain_Amygdala	/media/kame/Data/_workings/resource/GTEv8//GTExv8.EUR.Brain_Amygdala/ENSG00000160321.14.wgt.RDat	ENSG00000160321.14	19	22010948	22010949	0.2446	rs12232841	3.4	rs2666451	0.07618	3.96	-0.3338	304	19	enet	0.081	0.00098	-0.83031	0.406
Brain_Amygdala	/media/kame/Data/_workings/resource/GTEv8//GTExv8.EUR.Brain_Amygdala/ENSG00000197134.11.wgt.RDat	ENSG00000197134.11	19	22052451	22052452	0.1902	rs12232841	3.4	rs17459246	0.06185	-4.19	0.0296	317	40	enet	0.077	0.0013	-0.294	0.769
Brain_Amygdala	/media/kame/Data/_workings/resource/GTEv8//GTExv8.EUR.Brain_Amygdala/ENSG00000270947.1.wgt.RDat	ENSG00000270947.1	19	22455987	22455988	0.2247	rs1842013	4.18	rs2116865	0.02436	3.91	0.0879	312	12	enet	0.036	0.021	0.03114	0.975
Brain_Amygdala	/media/kame/Data/_workings/resource/GTEv8//GTExv8.EUR.Brain_Amygdala/ENSG00000197360.9.wgt.RDat	ENSG00000197360.9	19	22532484	22532485	0.2602	rs1842013	4.18	rs2116865	0.03323	3.61	0.0879	304	32	enet	0.14	1.9e-05	-0.678319	0.498
Brain_Amygdala	/media/kame/Data/_workings/resource/GTEv8//GTExv8.EUR.Brain_Amygdala/ENSG00000268038.1.wgt.RDat	ENSG00000268038.1	19	22623970	22623971	0.1606	rs1842013	4.18	rs16999569	-0.00627	-3.49	0.4994	293	44	enet	0.028	0.039	-1.135607	0.256
Brain_Amygdala	/media/kame/Data/_workings/resource/GTEv8//GTExv8.EUR.Brain_Amygdala/ENSG00000183850.13.wgt.RDat	ENSG00000183850.13	19	23116974	23116975	0.2362	rs1842013	4.18	rs7246417	0.0203	-3.16	0.521	266	33	enet	-0.0085	0.98	-1.244526	0.213
Brain_Amygdala	/media/kame/Data/_workings/resource/GTEv8//GTExv8.EUR.Brain_Amygdala/ENSG00000167232.13.wgt.RDat	ENSG00000167232.13	19	23395559	23395560	0.2378	rs1842013	4.18	rs17000145	-0.00481	3.51	-0.163	233	25	enet	0.015	0.096	0.40991	0.682
Brain_Amygdala	/media/kame/Data/_workings/resource/GTEv8//GTExv8.EUR.Brain_Amygdala/ENSG00000269416.5.wgt.RDat	ENSG00000269416.5	19	23416074	23416075	0.3522	rs289332	3.44	rs295416	0.22994	5.92	0.9029	235	12	enet	0.2	1.9e-07	0.631162	0.528
Brain_Amygdala	/media/kame/Data/_workings/resource/GTEv8//GTExv8.EUR.Brain_Amygdala/ENSG00000233836.7.wgt.RDat	ENSG00000233836.7	19	23762943	23762944	0.2629	rs8109001	2.88	rs12973473	0.03574	4.2	0.3199	231	49	enet	0.032	0.03	0.214091	0.83
Brain_Amygdala	/media/kame/Data/_workings/resource/GTEv8//GTExv8.EUR.Brain_Amygdala/ENSG00000213967.10.wgt.RDat	ENSG00000213967.10	19	23914875	23914876	0.164	rs8109001	2.88	rs17000000	0.02464	-3.85	-0.6756	197	20	enet	0.04	0.017	0.754968	0.45
Brain_Amygdala	/media/kame/Data/_workings/resource/GTEv8//GTExv8.EUR.Brain_Amygdala/ENSG00000268362.5.wgt.RDat	ENSG00000268362.5	19	24048936	24048937	0.3804	rs8109001	2.88	rs35713415	0.29438	6.09	-1.3608	161	18	enet	0.27	7.7e-10	-1.305674	0.192
Brain_Amygdala	/media/kame/Data/_workings/resource/GTEv8//GTExv8.EUR.Brain_Amygdala/ENSG00000261770.1.wgt.RDat	ENSG00000261770.1	19	27760848	27760849	0.539	rs4806027	-5.14	rs10401215	0.40876	7.15	1.0098	279	25	enet	0.4	8.5e-15	1.485628	0.137
Brain_Amygdala	/media/kame/Data/_workings/resource/GTEv8//GTExv8.EUR.Brain_Amygdala/ENSG00000261824.6.wgt.RDat	ENSG00000261824.6	19	27793893	27793894	0.283	rs4806027	-5.14	rs7254577	0.12282	-4.34	-2.399	289	23	enet	0.039	0.017	2.068999	0.0385
Brain_Amygdala	/media/kame/Data/_workings/resource/GTEv8//GTExv8.EUR.Brain_Amygdala/ENSG00000281468.1.wgt.RDat	ENSG00000281468.1	19	27802837	27802838	0.1758	rs4806027	-5.14	rs4465704	-0.00813	-3.55	1.2758	297	29	enet	-0.0061	0.59	-0.692612	0.489
Brain_Amygdala	/media/kame/Data/_workings/resource/GTEv8//GTExv8.EUR.Brain_Amygdala/ENSG00000267264.1.wgt.RDat	ENSG00000267264.1	19	27803537	27803538	0.2496	rs4806027	-5.14	rs7255207	0.04212	-3.73	1.4034	297	60	enet	0.028	0.039	-1.184956	0.236
Brain_Amygdala	/media/kame/Data/_workings/resource/GTEv8//GTExv8.EUR.Brain_Amygdala/ENSG00000267623.3.wgt.RDat	ENSG00000267623.3	19	27902594	27902595	0.1787	rs10413945	6.13	rs10401215	0.04413	-3.88	1.0098	345	24	enet	0.0035	0.24	-0.032889	0.974
Brain_Amygdala	/media/kame/Data/_workings/resource/GTEv8//GTExv8.EUR.Brain_Amygdala/ENSG00000264515.5.wgt.RDat	ENSG00000264515.5	19	29525751	29525752	0.2505	rs11668282	-4.84	rs11671079	0.06187	-4.14	1.1506	507	33	enet	0.024	0.049	1.057577	0.29
Brain_Amygdala	/media/kame/Data/_workings/resource/GTEv8//GTExv8.EUR.Brain_Amygdala/ENSG00000267213.4.wgt.RDat	ENSG00000267213.4	19	32405541	32405542	0.187	rs2867737	-5.75	rs7254107	0.13519	-4.98	-2.9434	410	13	enet	0.12	5.1e-05	1.589695	0.112
Brain_Amygdala	/media/kame/Data/_workings/resource/GTEv8//GTExv8.EUR.Brain_Amygdala/ENSG00000105185.11.wgt.RDat	ENSG00000105185.11	19	32581067	32581068	0.3223	rs7250813	-4.68	rs4499344	-0.00794	-3.6	0.3772	403	25	enet	0.0047	0.21	-0.136063	0.892
Brain_Amygdala	/media/kame/Data/_workings/resource/GTEv8//GTExv8.EUR.Brain_Amygdala/ENSG00000105186.15.wgt.RDat	ENSG00000105186.15	19	32675198	32675199	0.2766	rs7250813	-4.68	rs4499344	0.2006	-5.08	0.3772	405	31	enet	0.16	5.1e-06	0.268218	0.789
Brain_Amygdala	/media/kame/Data/_workings/resource/GTEv8//GTExv8.EUR.Brain_Amygdala/ENSG00000021488.12.wgt.RDat	ENSG00000021488.12	19	32869765	32869766	0.4724	rs751732	3.94	rs11671229	0.18653	5.1	0.3279	419	28	enet	0.18	8.5e-07	0.666555	0.505
Brain_Amygdala	/media/kame/Data/_workings/resource/GTEv8//GTExv8.EUR.Brain_Amygdala/ENSG00000121289.17.wgt.RDat	ENSG00000121289.17	19	32971990	32971991	0.4863	rs751732	3.94	rs16967665	0.04752	-3.84	3.7061	443	49	enet	0.072	0.0019	-1.281758	0.2
Brain_Amygdala	/media/kame/Data/_workings/resource/GTEv8//GTExv8.EUR.Brain_Amygdala/ENSG00000131941.7.wgt.RDat	ENSG00000131941.7	19	33064887	33064888	0.2109	rs751732	3.94	rs2216595	0.0447	-4.14	-0.123	442	10	enet	0.063	0.0034	-0.6357	0.525
Brain_Amygdala	/media/kame/Data/_workings/resource/GTEv8//GTExv8.EUR.Brain_Amygdala/ENSG00000124299.13.wgt.RDat	ENSG00000124299.13	19	33521793	33521794	0.4942	rs108295	7.72	rs7247349	0.13647	-5.41	-0.6022	461	4	enet	0.17	2.3e-06	0.21242	0.832
Brain_Amygdala	/media/kame/Data/_workings/resource/GTEv8//GTExv8.EUR.Brain_Amygdala/ENSG00000257103.8.wgt.RDat	ENSG00000257103.8	19	34172503	34172504	0.2172	rs108295	7.72	rs8110630	0.00224	-4.05	-0.0283	402	14	enet	0.031	0.031	0.101012	0.92
Brain_Amygdala	/media/kame/Data/_workings/resource/GTEv8//GTExv8.EUR.Brain_Amygdala/ENSG00000011590.13.wgt.RDat	ENSG00000011590.13	19	35704526	35704527	0.2404	rs7247057	-7.8	rs107068	0.02151	4.14	0.0631	440	19	enet	0.023	0.056	0.387616	0.698
Brain_Amygdala	/media/kame/Data/_workings/resource/GTEv8//GTExv8.EUR.Brain_Amygdala/ENSG00000272333.5.wgt.RDat	ENSG00000272333.5	19	35718018	35718019	0.3117	rs7247057	-7.8	rs231231	0.08682	4.42	-1.4244	438	83	enet	0.1	0.00021	0.466413	0.641
Brain_Amygdala	/media/kame/Data/_workings/resource/GTEv8//GTExv8.EUR.Brain_Amygdala/ENSG00000161265.14.wgt.RDat	ENSG00000161265.14	19	35744980	35744981	0.409	rs7247057	-7.8	rs231241	-0.00762	-3.93	-0.0699	430	45	enet	0.093	0.00045	-0.263787	0.792
Brain_Amygdala	/media/kame/Data/_workings/resource/GTEv8//GTExv8.EUR.Brain_Amygdala/ENSG00000267049.1.wgt.RDat	ENSG00000267049.1	19	35771027	35771028	0.3516	rs7247057	-7.8	rs12150953	0.11841	-4.31	-0.0963	425	22	enet	0.039	0.018	0.293814	0.769
Brain_Amygdala	/media/kame/Data/_workings/resource/GTEv8//GTExv8.EUR.Brain_Amygdala/ENSG00000105258.8.wgt.RDat	ENSG00000105258.8	19	36114250	36114251	0.2709	rs7247057	-7.8	rs10425700	0.18492	-5.02	-2.4959	338	7	enet	0.1	2e-04	2.470084	0.0135
Brain_Amygdala	/media/kame/Data/_workings/resource/GTEv8//GTExv8.EUR.Brain_Amygdala/ENSG00000279504.1.wgt.RDat	ENSG00000279504.1	19	36114412	36114413	0.2541	rs7247057	-7.8	rs12981698	0.16131	-4.55	-4.7428	338	22	enet	0.079	0.0012	0.490595	0.624
Brain_Amygdala	/media/kame/Data/_workings/resource/GTEv8//GTExv8.EUR.Brain_Amygdala/ENSG00000161281.10.wgt.RDat	ENSG00000161281.10	19	36152868	36152869	0.2006	rs7247057	-7.8	rs2972549	0.1125	-4.17	-0.3276	329	8	enet	0.075	0.0015	0.220999	0.825
Brain_Amygdala	/media/kame/Data/_workings/resource/GTEv8//GTExv8.EUR.Brain_Amygdala/ENSG00000232677.6.wgt.RDat	ENSG00000232677.6	19	36331717	36331718	0.3446	rs7247057	-7.8	rs2438514	0.17507	5.9	-0.0634	303	45	enet	0.26	2.6e-09	0.136086	0.892
Brain_Amygdala	/media/kame/Data/_workings/resource/GTEv8//GTExv8.EUR.Brain_Amygdala/ENSG00000233527.8.wgt.RDat	ENSG00000233527.8	19	36573069	36573070	0.5548	rs2072606	-4.81	rs7259256	0.39109	6.85	0.5268	306	46	enet	0.43	4.1e-16	-0.00874	0.993
Brain_Amygdala	/media/kame/Data/_workings/resource/GTEv8//GTExv8.EUR.Brain_Amygdala/ENSG00000267041.5.wgt.RDat	ENSG00000267041.5	19	36772824	36772825	0.1562	rs10426229	4.64	rs11084878	0.05825	4.33	-0.6822	276	12	enet	0.1	2e-04	-0.604307	0.546
Brain_Amygdala	/media/kame/Data/_workings/resource/GTEv8//GTExv8.EUR.Brain_Amygdala/ENSG00000245680.9.wgt.RDat	ENSG00000245680.9	19	37217924	37217925	0.0947	rs10426229	4.64	rs10411176	0.01522	3.38	-0.8983	277	9	enet	-0.0074	0.71	-0.858294	0.391
Brain_Amygdala	/media/kame/Data/_workings/resource/GTEv8//GTExv8.EUR.Brain_Amygdala/ENSG00000226686.7.wgt.RDat	ENSG00000226686.7	19	37251911	37251912	0.8549	rs10426229	4.64	rs12462708	0.67487	8.98	0.2996	282	26	enet	0.62	1.3e-26	0.204768	0.838
Brain_Amygdala	/media/kame/Data/_workings/resource/GTEv8//GTExv8.EUR.Brain_Amygdala/ENSG00000276846.1.wgt.RDat	ENSG00000276846.1	19	37315619	37315620	0.1499	rs856299	-6.63	rs10424574	0.05411	4.15	0.4687	286	17	enet	0.09	0.00053	0.219366	0.826
Brain_Amygdala	/media/kame/Data/_workings/resource/GTEv8//GTExv8.EUR.Brain_Amygdala/ENSG00000196381.10.wgt.RDat	ENSG00000196381.10	19	37678772	37678773	0.2349	rs856299	-6.63	rs7259272	0.07414	-4.47	-0.2734	296	17	enet	0.11	0.00012	0.639075	0.523
Brain_Amygdala	/media/kame/Data/_workings/resource/GTEv8//GTExv8.EUR.Brain_Amygdala/ENSG00000198182.12.wgt.RDat	ENSG00000198182.12	19	37719789	37719790	0.2706	rs856299	-6.63	rs6508738	0.12356	5.18	-1.1904	298	26	enet	0.18	7.1e-07	-1.215798	0.224
Brain_Amygdala	/media/kame/Data/_workings/resource/GTEv8//GTExv8.EUR.Brain_Amygdala/ENSG00000167645.16.wgt.RDat	ENSG00000167645.16	19	38317272	38317273	0.162	rs11881305	3.89	rs2286475	0.12117	4.33	1.3791	367	9	enet	0.032	0.028	1.72137	0.0852
Brain_Amygdala	/media/kame/Data/_workings/resource/GTEv8//GTExv8.EUR.Brain_Amygdala/ENSG00000196218.12.wgt.RDat	ENSG00000196218.12	19	38433698	38433699	0.2244	rs11881305	3.89	rs11881082	0.00876	-3.89	-1.3262	385	18	enet	6.8e-05	0.32	0.972772	0.331
Brain_Amygdala	/media/kame/Data/_workings/resource/GTEv8//GTExv8.EUR.Brain_Amygdala/ENSG00000267892.1.wgt.RDat	ENSG00000267892.1	19	38738347	38738348	0.3435	rs6508841	-4.13	rs7253187	0.03892	-3.92	-0.0223	401	30	enet	0.044	0.012	-1.24784	0.212
Brain_Amygdala	/media/kame/Data/_workings/resource/GTEv8//GTExv8.EUR.Brain_Amygdala/ENSG00000269486.2.wgt.RDat	ENSG00000269486.2	19	38938631	38938632	0.2938	rs6508841	-4.13	rs4803045	0.21282	-5.44	-1.2739	390	21	enet	0.18	7e-07	0.903545	0.366
Brain_Amygdala	/media/kame/Data/_workings/resource/GTEv8//GTExv8.EUR.Brain_Amygdala/ENSG00000130669.17.wgt.RDat	ENSG00000130669.17	19	39125769	39125770	0.4227	rs6508841	-4.13	rs1529712	0.19739	-5.13	-0.4342	404	14	enet	0.12	5.5e-05	0.088649	0.929
Brain_Amygdala	/media/kame/Data/_workings/resource/GTEv8//GTExv8.EUR.Brain_Amygdala/ENSG00000186838.13.wgt.RDat	ENSG00000186838.13	19	39515112	39515113	0.2267	rs6508841	-4.13	rs10412931	0.00279	-3.24	-2.204	430	56	enet	-0.0085	0.93	0.79259	0.428
Brain_Amygdala	/media/kame/Data/_workings/resource/GTEv8//GTExv8.EUR.Brain_Amygdala/ENSG00000160392.13.wgt.RDat	ENSG00000160392.13	19	40348454	40348455	0.3053	rs17726276	-4.83	rs7507651	0.00712	3.93	0.6725	376	33	enet	-0.0029	0.42	-0.560723	0.575
Brain_Amygdala	/media/kame/Data/_workings/resource/GTEv8//GTExv8.EUR.Brain_Amygdala/ENSG00000160460.15.wgt.RDat	ENSG00000160460.15	19	40466240	40466241	0.4071	rs17726276	-4.83	rs1165840	0.18309	5.04	0.4056	373	28	enet	0.19	4.5e-07	0.157073	0.875
Brain_Amygdala	/media/kame/Data/_workings/resource/GTEv8//GTExv8.EUR.Brain_Amygdala/ENSG00000105341.18.wgt.RDat	ENSG00000105341.18	19	41440716	41440717	0.183	rs887391	6.18	rs4674	0.03564	-4.42	0.108	361	11	enet	0.03	0.033	-0.284457	0.776
Brain_Amygdala	/media/kame/Data/_workings/resource/GTEv8//GTExv8.EUR.Brain_Amygdala/ENSG00000225877.1.wgt.RDat	ENSG00000225877.1	19	42821862	42821863	0.1313	rs10418871	8.12	rs1206028	0.01483	-3.55	-0.1338	135	17	enet	0.0018	0.27	-0.099232	0.921
Brain_Amygdala	/media/kame/Data/_workings/resource/GTEv8//GTExv8.EUR.Brain_Amygdala/ENSG00000176531.10.wgt.RDat	ENSG00000176531.10	19	43504934	43504935	0.3119	rs189445	4.2	rs2599437	0.00356	4.15	-1.1801	364	21	enet	0.087	0.00066	0.054413	0.957
Brain_Amygdala	/media/kame/Data/_workings/resource/GTEv8//GTExv8.EUR.Brain_Amygdala/ENSG00000073050.11.wgt.RDat	ENSG00000073050.11	19	43580472	43580473	0.3189	rs189445	4.2	rs3213263	0.11526	4.88	0.1194	382	14	enet	0.071	0.0019	0.116156	0.908
Brain_Amygdala	/media/kame/Data/_workings/resource/GTEv8//GTExv8.EUR.Brain_Amygdala/ENSG00000176222.8.wgt.RDat	ENSG00000176222.8	19	43884050	43884051	0.3373	rs189445	4.2	rs12977303	0.26303	5.72	-0.9344	446	24	enet	0.16	3.3e-06	-0.560052	0.575
Brain_Amygdala	/media/kame/Data/_workings/resource/GTEv8//GTExv8.EUR.Brain_Amygdala/ENSG00000167384.10.wgt.RDat	ENSG00000167384.10	19	44500523	44500524	0.4136	rs7412	-6.3	rs2686768	-0.00854	3.5	0.0351	430	19	enet	0.0085	0.16	-0.256619	0.797
Brain_Amygdala	/media/kame/Data/_workings/resource/GTEv8//GTExv8.EUR.Brain_Amygdala/ENSG00000266903.1.wgt.RDat	ENSG00000266903.1	19	44718758	44718759	0.5516	rs17562787	-6.77	rs8103315	0.01774	4.56	1.8353	431	46	enet	0.094	0.00042	0.667207	0.505
Brain_Amygdala	/media/kame/Data/_workings/resource/GTEv8//GTExv8.EUR.Brain_Amygdala/ENSG00000170684.8.wgt.RDat	ENSG00000170684.8	19	45076508	45076509	0.2581	rs17562787	-6.77	rs5167	-0.00105	-3.48	0.2754	361	36	enet	0.067	0.0026	1.638859	0.101
Brain_Amygdala	/media/kame/Data/_workings/resource/GTEv8//GTExv8.EUR.Brain_Amygdala/ENSG00000213889.10.wgt.RDat	ENSG00000213889.10	19	45488776	45488777	0.3726	rs17562787	-6.77	rs4511641	0.01973	3.33	-1.2725	371	14	enet	0.037	0.02	-0.69051	0.49
Brain_Amygdala	/media/kame/Data/_workings/resource/GTEv8//GTExv8.EUR.Brain_Amygdala/ENSG00000169515.5.wgt.RDat	ENSG00000169515.5	19	46413583	46413584	0.3779	rs4803895	7.22	rs11083825	0.15651	5.15	1.7419	384	13	enet	0.13	4.5e-05	1.328689	0.184
Brain_Amygdala	/media/kame/Data/_workings/resource/GTEv8//GTExv8.EUR.Brain_Amygdala/ENSG00000277531.2.wgt.RDat	ENSG00000277531.2	19	46428950	46428951	0.3277	rs4803895	7.22	rs11880808	0.17711	-4.83	-0.1885	379	21	enet	0.096	0.00036	-0.284269	0.776
Brain_Amygdala	/media/kame/Data/_workings/resource/GTEv8//GTExv8.EUR.Brain_Amygdala/ENSG00000182013.17.wgt.RDat	ENSG00000182013.17	19	46471562	46471563	0.4252	rs4803895	7.22	rs8107491	0.19398	5.52	2.652	376	10	enet	0.19	4.9e-07	2.537146	0.0112
Brain_Amygdala	/media/kame/Data/_workings/resource/GTEv8//GTExv8.EUR.Brain_Amygdala/ENSG00000245598.6.wgt.RDat	ENSG00000245598.6	19	46660363	46660364	0.3577	rs8101491	5.62	rs314661	0.1643	4.66	0.7342	357	35	enet	0.026	0.043	0.890458	0.373
Brain_Amygdala	/media/kame/Data/_workings/resource/GTEv8//GTExv8.EUR.Brain_Amygdala/ENSG00000105287.12.wgt.RDat	ENSG00000105287.12	19	46717126	46717127	0.4833	rs8101491	5.62	rs874462	0.2115	-6.12	0.0964	351	12	enet	0.25	3.1e-09	-0.128501	0.898
Brain_Amygdala	/media/kame/Data/_workings/resource/GTEv8//GTExv8.EUR.Brain_Amygdala/ENSG00000181027.10.wgt.RDat	ENSG00000181027.10	19	46746045	46746046	0.3282	rs10407441	9.17	rs3848528	0.13325	4.64	0.9459	338	11	enet	0.073	0.0018	0.797611	0.425
Brain_Amygdala	/media/kame/Data/_workings/resource/GTEv8//GTExv8.EUR.Brain_Amygdala/ENSG00000090372.14.wgt.RDat	ENSG00000090372.14	19	46746993	46746994	0.3203	rs10407441	9.17	rs8182604	-0.00278	-3.69	0.5546	338	53	enet	-0.0038	0.46	-2.447988	0.0144
Brain_Amygdala	/media/kame/Data/_workings/resource/GTEv8//GTExv8.EUR.Brain_Amygdala/ENSG00000105499.13.wgt.RDat	ENSG00000105499.13	19	48110816	48110817	0.4986	rs1132054	5.28	rs380359	0.16018	4.74	0.0505	508	34	enet	0.1	0.00025	0.032795	0.974
Brain_Amygdala	/media/kame/Data/_workings/resource/GTEv8//GTExv8.EUR.Brain_Amygdala/ENSG00000105486.13.wgt.RDat	ENSG00000105486.13	19	48170602	48170603	0.2973	rs1132054	5.28	rs274893	-0.00419	4.34	-1.6527	504	9	enet	0.014	0.1	-1.22834	0.219
Brain_Amygdala	/media/kame/Data/_workings/resource/GTEv8//GTExv8.EUR.Brain_Amygdala/ENSG00000105523.3.wgt.RDat	ENSG00000105523.3	19	48614853	48614854	0.3056	rs1132054	5.28	rs368654	0.08589	4.77	0.3008	454	27	enet	0.12	9.4e-05	0.829067	0.407
Brain_Amygdala	/media/kame/Data/_workings/resource/GTEv8//GTExv8.EUR.Brain_Amygdala/ENSG00000176909.11.wgt.RDat	ENSG00000176909.11	19	48719720	48719721	0.2763	rs1132054	5.28	rs10415215	0.19736	-4.92	-3.4002	437	18	enet	0.17	1.3e-06	2.368696	0.0179
Brain_Amygdala	/media/kame/Data/_workings/resource/GTEv8//GTExv8.EUR.Brain_Amygdala/ENSG00000183207.13.wgt.RDat	ENSG00000183207.13	19	48993447	48993448	0.4436	rs7258719	8.48	rs3764622	0.25613	-5.71	-0.3234	423	13	enet	0.17	1.4e-06	0.191923	0.848
Brain_Amygdala	/media/kame/Data/_workings/resource/GTEv8//GTExv8.EUR.Brain_Amygdala/ENSG00000074219.13.wgt.RDat	ENSG00000074219.13	19	49362456	49362457	0.3475	rs7258719	8.48	rs354020	0.20833	5.04	0.1078	374	14	enet	0.15	9.9e-06	0.035981	0.971
Brain_Amygdala	/media/kame/Data/_workings/resource/GTEv8//GTExv8.EUR.Brain_Amygdala/ENSG00000268686.1.wgt.RDat	ENSG00000268686.1	19	49388080	49388081	0.2849	rs7258719	8.48	rs2303759	0.13267	-4.65	0.5308	372	16	enet	0.14	1.2e-05	-0.281755	0.778
Brain_Amygdala	/media/kame/Data/_workings/resource/GTEv8//GTExv8.EUR.Brain_Amygdala/ENSG00000161618.9.wgt.RDat	ENSG00000161618.9	19	49453168	49453169	0.3938	rs7258719	8.48	rs1578944	0.25539	5.7	8.3976	370	11	enet	0.21	7.9e-08	8.178445	2.88e-16
Brain_Amygdala	/media/kame/Data/_workings/resource/GTEv8//GTExv8.EUR.Brain_Amygdala/ENSG00000131401.11.wgt.RDat	ENSG00000131401.11	19	50344760	50344761	0.5004	rs10405514	3.65	rs676314	0.24256	-5.77	0.2828	397	16	enet	0.18	7.8e-07	-0.344385	0.731
Brain_Amygdala	/media/kame/Data/_workings/resource/GTEv8//GTExv8.EUR.Brain_Amygdala/ENSG00000180279.6.wgt.RDat	ENSG00000180279.6	19	50808873	50808874	0.3932	rs1568003	-7.56	rs11673306	0.27871	5.9	-0.3493	530	26	enet	0.085	0.00078	-0.291986	0.77
Brain_Amygdala	/media/kame/Data/_workings/resource/GTEv8//GTExv8.EUR.Brain_Amygdala/ENSG00000129451.11.wgt.RDat	ENSG00000129451.11	19	51020174	51020175	0.4609	rs1568003	-7.56	rs3745535	0.04762	4.79	0.7487	578	4	enet	0.021	0.064	0.963285	0.335
Brain_Amygdala	/media/kame/Data/_workings/resource/GTEv8//GTExv8.EUR.Brain_Amygdala/ENSG00000262874.1.wgt.RDat	ENSG00000262874.1	19	51390573	51390574	0.4697	rs1568003	-7.56	rs2547309	0.12481	4.19	0.0354	649	10	enet	0.071	0.0019	0.130879	0.896
Brain_Amygdala	/media/kame/Data/_workings/resource/GTEv8//GTExv8.EUR.Brain_Amygdala/ENSG00000254521.6.wgt.RDat	ENSG00000254521.6	19	51501788	51501789	0.4507	rs1568003	-7.56	rs10405214	0.11211	4.68	0.6943	623	36	enet	0.1	0.00021	0.014789	0.988
Brain_Amygdala	/media/kame/Data/_workings/resource/GTEv8//GTExv8.EUR.Brain_Amygdala/ENSG00000105497.7.wgt.RDat	ENSG00000105497.7	19	51571297	51571298	0.2878	rs1568003	-7.56	rs8108872	0.20523	-5.02	0.1923	598	10	enet	0.13	3.5e-05	-0.287071	0.774
Brain_Amygdala	/media/kame/Data/_workings/resource/GTEv8//GTExv8.EUR.Brain_Amygdala/ENSG00000254415.3.wgt.RDat	ENSG00000254415.3	19	51646800	51646801	0.6637	rs273628	4.26	rs7250849	0.23317	-6	0.0971	588	40	enet	0.23	2.8e-08	0.470219	0.638
Brain_Amygdala	/media/kame/Data/_workings/resource/GTEv8//GTExv8.EUR.Brain_Amygdala/ENSG00000161551.14.wgt.RDat	ENSG00000161551.14	19	51887975	51887976	0.4708	rs10520481	6.05	rs1056294	0.04591	-4.29	0.6675	612	51	enet	0.08	0.0011	0.159951	0.873
Brain_Amygdala	/media/kame/Data/_workings/resource/GTEv8//GTExv8.EUR.Brain_Amygdala/ENSG00000198093.10.wgt.RDat	ENSG00000198093.10	19	51905039	51905040	0.3514	rs10520481	6.05	rs7247017	0.02598	-3.76	0.0723	607	50	enet	-0.0082	0.83	0.794426	0.427
Brain_Amygdala	/media/kame/Data/_workings/resource/GTEv8//GTExv8.EUR.Brain_Amygdala/ENSG00000269235.1.wgt.RDat	ENSG00000269235.1	19	51949133	51949134	0.4594	rs10520481	6.05	rs8105910	0.19808	5.24	0.0695	621	17	enet	0.2	2.2e-07	0.396714	0.692
Brain_Amygdala	/media/kame/Data/_workings/resource/GTEv8//GTExv8.EUR.Brain_Amygdala/ENSG00000256087.6.wgt.RDat	ENSG00000256087.6	19	52049005	52049006	0.283	rs10520481	6.05	rs8112458	0.10838	-4.33	-0.6535	572	34	enet	0.016	0.089	0.160692	0.872
Brain_Amygdala	/media/kame/Data/_workings/resource/GTEv8//GTExv8.EUR.Brain_Amygdala/ENSG00000221923.8.wgt.RDat	ENSG00000221923.8	19	52369916	52369917	0.7461	rs10520481	6.05	rs4802926	0.62384	8.6	0.0223	482	9	enet	0.61	6.3e-26	-0.294927	0.768
Brain_Amygdala	/media/kame/Data/_workings/resource/GTEv8//GTExv8.EUR.Brain_Amygdala/ENSG00000167555.13.wgt.RDat	ENSG00000167555.13	19	52397848	52397849	0.3628	rs10520481	6.05	rs2245620	0.29124	-6.12	-1.633	462	7	enet	0.3	1e-10	2.022515	0.0431
Brain_Amygdala	/media/kame/Data/_workings/resource/GTEv8//GTExv8.EUR.Brain_Amygdala/ENSG00000198633.10.wgt.RDat	ENSG00000198633.10	19	52429186	52429187	0.4277	rs10520481	6.05	rs6509635	0.07318	4.43	-1.4797	461	13	enet	0.079	0.0011	-2.270442	0.0232
Brain_Amygdala	/media/kame/Data/_workings/resource/GTEv8//GTExv8.EUR.Brain_Amygdala/ENSG00000278543.1.wgt.RDat	ENSG00000278543.1	19	52475238	52475239	0.599	rs10520481	6.05	rs10402784	0.05465	3.58	1.5579	452	29	enet	0.077	0.0013	0.081162	0.935
Brain_Amygdala	/media/kame/Data/_workings/resource/GTEv8//GTExv8.EUR.Brain_Amygdala/ENSG00000167766.18.wgt.RDat	ENSG00000167766.18	19	52690495	52690496	0.6108	rs4801954	8.07	rs7257138	0.25532	5.55	0.4272	461	3	enet	0.073	0.0017	0.487309	0.626
Brain_Amygdala	/media/kame/Data/_workings/resource/GTEv8//GTExv8.EUR.Brain_Amygdala/ENSG00000182986.12.wgt.RDat	ENSG00000182986.12	19	52897683	52897684	0.3404	rs4801954	8.07	rs3810115	0.23296	5.31	2.3391	457	5	enet	0.19	3.7e-07	2.575948	0.01
Brain_Amygdala	/media/kame/Data/_workings/resource/GTEv8//GTExv8.EUR.Brain_Amygdala/ENSG00000269001.2.wgt.RDat	ENSG00000269001.2	19	53197110	53197111	0.2677	rs4801954	8.07	rs7247982	0.05984	4.64	0.8169	472	22	enet	0.13	3.5e-05	1.206119	0.228
Brain_Amygdala	/media/kame/Data/_workings/resource/GTEv8//GTExv8.EUR.Brain_Amygdala/ENSG00000241015.2.wgt.RDat	ENSG00000241015.2	19	53431983	53431984	0.5801	rs4801954	8.07	rs8102929	0.38918	6.83	-0.8035	482	14	enet	0.32	1.5e-11	-0.818624	0.413
Brain_Amygdala	/media/kame/Data/_workings/resource/GTEv8//GTExv8.EUR.Brain_Amygdala/ENSG00000167608.11.wgt.RDat	ENSG00000167608.11	19	54173249	54173250	0.3688	rs454006	6.07	rs641738	0.11424	-5.19	-0.5839	462	10	enet	0.16	2.9e-06	0.491554	0.623
Brain_Amygdala	/media/kame/Data/_workings/resource/GTEv8//GTExv8.EUR.Brain_Amygdala/ENSG00000267454.5.wgt.RDat	ENSG00000267454.5	19	56393655	56393656	0.3924	rs8101140	-5.54	rs917652	0.13172	4.97	-0.0147	526	9	enet	0.094	4e-04	-0.028862	0.977
Brain_Amygdala	/media/kame/Data/_workings/resource/GTEv8//GTExv8.EUR.Brain_Amygdala/ENSG00000166770.10.wgt.RDat	ENSG00000166770.10	19	56477249	56477250	0.3867	rs8101140	-5.54	rs6510000	0.17664	4.91	-0.5141	504	5	enet	0.072	0.0019	-0.346965	0.729
Brain_Amygdala	/media/kame/Data/_workings/resource/GTEv8//GTExv8.EUR.Brain_Amygdala/ENSG00000269696.1.wgt.RDat	ENSG00000269696.1	19	56567410	56567411	0.5178	rs8101140	-5.54	rs12978999	0.35971	6.79	-0.1269	489	31	enet	0.35	1e-12	0.35735	0.721
Brain_Amygdala	/media/kame/Data/_workings/resource/GTEv8//GTExv8.EUR.Brain_Amygdala/ENSG00000197016.11.wgt.RDat	ENSG00000197016.11	19	56567510	56567511	0.3974	rs8101140	-5.54	rs10412218	0.24285	-5.59	-1.6497	489	6	enet	0.21	7.4e-08	1.701384	0.0889
Brain_Amygdala	/media/kame/Data/_workings/resource/GTEv8//GTExv8.EUR.Brain_Amygdala/ENSG00000131845.14.wgt.RDat	ENSG00000131845.14	19	57351359	57351360	0.2605	rs2870478	-2.94	rs10853894	0.10319	-5.18	0.4729	505	25	enet	0.083	0.00086	-0.368601	0.712
Brain_Amygdala	/media/kame/Data/_workings/resource/GTEv8//GTExv8.EUR.Brain_Amygdala/ENSG00000186272.12.wgt.RDat	ENSG00000186272.12	19	57411162	57411163	0.5463	rs1009158	-2.54	rs726260	0.18952	-5.55	-0.0596	490	20	enet	0.16	4.4e-06	-0.928124	0.353
Brain_Amygdala	/media/kame/Data/_workings/resource/GTEv8//GTExv8.EUR.Brain_Amygdala/ENSG00000186230.6.wgt.RDat	ENSG00000186230.6	19	57435328	57435329	0.8778	rs1009158	-2.54	rs11665675	0.69258	-9.06	0.2252	488	22	enet	0.63	2.9e-27	-0.163232	0.87
Brain_Amygdala	/media/kame/Data/_workings/resource/GTEv8//GTExv8.EUR.Brain_Amygdala/ENSG00000268266.1.wgt.RDat	ENSG00000268266.1	19	57477648	57477649	0.3897	rs1009158	-2.54	rs8113039	0.07727	4.39	0.4256	484	28	enet	0.12	4.8e-05	0.000553	1
Brain_Amygdala	/media/kame/Data/_workings/resource/GTEv8//GTExv8.EUR.Brain_Amygdala/ENSG00000105136.20.wgt.RDat	ENSG00000105136.20	19	57487710	57487711	0.4016	rs1009158	-2.54	rs6510082	0.32165	6.28	1.4686	487	25	enet	0.32	9.5e-12	1.002787	0.316
Brain_Amygdala	/media/kame/Data/_workings/resource/GTEv8//GTExv8.EUR.Brain_Amygdala/ENSG00000171649.11.wgt.RDat	ENSG00000171649.11	19	57578455	57578456	0.4464	rs7260445	-3.22	rs10405036	0.01112	-4.66	0.5706	478	39	enet	0.12	5.4e-05	-0.236241	0.813
Brain_Amygdala	/media/kame/Data/_workings/resource/GTEv8//GTExv8.EUR.Brain_Amygdala/ENSG00000270804.1.wgt.RDat	ENSG00000270804.1	19	57868172	57868173	0.6521	rs159680	4.04	rs1047128	0.21491	5.64	-0.2982	457	27	enet	0.16	3.4e-06	-0.241909	0.809
Brain_Amygdala	/media/kame/Data/_workings/resource/GTEv8//GTExv8.EUR.Brain_Amygdala/ENSG00000283103.1.wgt.RDat	ENSG00000283103.1	19	58326932	58326933	0.2952	rs2033711	-5.7	rs8110941	0.07418	4.24	-0.258	324	33	enet	0.04	0.016	0.961539	0.336
Brain_Amygdala	/media/kame/Data/_workings/resource/GTEv8//GTExv8.EUR.Brain_Amygdala/ENSG00000171574.17.wgt.RDat	ENSG00000171574.17	19	58401503	58401504	0.2864	rs2033711	-5.7	rs11671591	0.05761	-4.05	-1.3203	303	37	enet	0.05	0.0082	1.859243	0.063
Brain_Amygdala	/media/kame/Data/_workings/resource/GTEv8//GTExv8.EUR.Brain_Amygdala/ENSG00000269473.1.wgt.RDat	ENSG00000269473.1	19	58440447	58440448	0.3428	rs2033711	-5.7	rs4801583	0.081	5.51	-0.6747	291	10	enet	0.15	9.4e-06	-0.65871	0.51
Brain_Amygdala	/media/kame/Data/_workings/resource/GTEv8//GTExv8.EUR.Brain_Amygdala/ENSG00000083812.11.wgt.RDat	ENSG00000083812.11	19	58467044	58467045	0.2095	rs2033711	-5.7	rs35713506	-0.00855	-3.42	-0.0487	280	14	enet	-0.0072	0.69	-0.433768	0.664
Brain_Amygdala	/media/kame/Data/_workings/resource/GTEv8//GTExv8.EUR.Brain_Amygdala/ENSG00000083807.9.wgt.RDat	ENSG00000083807.9	19	58512064	58512065	0.3063	rs2033711	-5.7	rs12980907	0.08573	4.57	-1.8284	250	33	enet	0.11	0.00015	-2.33913	0.0193
Brain_Amygdala	/media/kame/Data/_workings/resource/GTEv8//GTExv8.EUR.Brain_Amygdala/ENSG00000213753.10.wgt.RDat	ENSG00000213753.10	19	58575444	58575445	0.3553	rs2033711	-5.7	rs10413586	0.21462	-5.35	-0.2566	225	13	enet	0.17	2.4e-06	0.193516	0.847
Brain_Amygdala	/media/kame/Data/_workings/resource/GTEv8//GTExv8.EUR.Brain_Amygdala/ENSG00000101307.15.wgt.RDat	ENSG00000101307.15	20	1620060	1620061	0.883	rs6034968	-5.6	rs4813321	0.56821	8.26	0.034335	623	11	enet	0.61	1.4e-25	-0.602426	0.5469
Brain_Amygdala	/media/kame/Data/_workings/resource/GTEv8//GTExv8.EUR.Brain_Amygdala/ENSG00000125877.12.wgt.RDat	ENSG00000125877.12	20	3208867	3208868	0.249	rs2422862	3.43	rs7270101	0.24555	-5.56	-2.303288	433	7	enet	0.19	6.1e-07	1.906814	0.0565
Brain_Amygdala	/media/kame/Data/_workings/resource/GTEv8//GTExv8.EUR.Brain_Amygdala/ENSG00000088836.12.wgt.RDat	ENSG00000088836.12	20	3239189	3239190	0.341	rs2422862	3.43	rs651208	0.01596	4.11	0.644717	433	47	enet	0.17	1.7e-06	-1.006216	0.3143
Brain_Amygdala	/media/kame/Data/_workings/resource/GTEv8//GTExv8.EUR.Brain_Amygdala/ENSG00000275491.1.wgt.RDat	ENSG00000275491.1	20	3808356	3808357	0.525	rs14161	-5.44	rs2282128	0.42637	-7.14	-0.066353	524	18	enet	0.37	9.1e-14	-0.099421	0.9208
Brain_Amygdala	/media/kame/Data/_workings/resource/GTEv8//GTExv8.EUR.Brain_Amygdala/ENSG00000088888.17.wgt.RDat	ENSG00000088888.17	20	3846798	3846799	0.282	rs14161	-5.44	rs998132	0.1776	5.1	0.041242	542	15	enet	0.11	0.00011	0.384696	0.7005
Brain_Amygdala	/media/kame/Data/_workings/resource/GTEv8//GTExv8.EUR.Brain_Amygdala/ENSG00000101236.16.wgt.RDat	ENSG00000101236.16	20	4015581	4015582	0.31	rs14161	-5.44	rs6084557	0.24431	-5.82	-0.336181	612	10	enet	0.24	1e-08	0.184551	0.8536
Brain_Amygdala	/media/kame/Data/_workings/resource/GTEv8//GTExv8.EUR.Brain_Amygdala/ENSG00000125885.13.wgt.RDat	ENSG00000125885.13	20	5950651	5950652	0.575	rs6139797	-4.64	rs236106	0.19762	-5.34	2.523422	575	75	enet	0.28	2.8e-10	-0.386176	0.6994
Brain_Amygdala	/media/kame/Data/_workings/resource/GTEv8//GTExv8.EUR.Brain_Amygdala/ENSG00000182621.17.wgt.RDat	ENSG00000182621.17	20	8077250	8077251	0.245	rs6055912	3.55	rs6055494	-0.00761	3.63	-0.094045	536	37	enet	-0.0082	0.83	0.060393	0.9518
Brain_Amygdala	/media/kame/Data/_workings/resource/GTEv8//GTExv8.EUR.Brain_Amygdala/ENSG00000125863.18.wgt.RDat	ENSG00000125863.18	20	10434221	10434222	0.313	rs363012	-6.88	rs6039931	0.11605	4.48	0.344968	575	47	enet	0.1	0.00019	1.122076	0.2618
Brain_Amygdala	/media/kame/Data/_workings/resource/GTEv8//GTExv8.EUR.Brain_Amygdala/ENSG00000089050.15.wgt.RDat	ENSG00000089050.15	20	18497242	18497243	0.243	rs8116431	-6.72	rs16979233	0.09003	4.42	0.100758	470	24	enet	-0.0084	0.91	0.290495	0.7714
Brain_Amygdala	/media/kame/Data/_workings/resource/GTEv8//GTExv8.EUR.Brain_Amygdala/ENSG00000101310.14.wgt.RDat	ENSG00000101310.14	20	18507492	18507493	0.259	rs8116431	-6.72	rs2247746	0.1278	4.48	0.312433	477	6	enet	0.0095	0.15	0.268446	0.7884
Brain_Amygdala	/media/kame/Data/_workings/resource/GTEv8//GTExv8.EUR.Brain_Amygdala/ENSG00000232388.4.wgt.RDat	ENSG00000232388.4	20	18567346	18567347	0.344	rs8116431	-6.72	rs4813338	0.18326	-5.05	-1.574549	471	31	enet	0.051	0.0079	-0.042546	0.9661
Brain_Amygdala	/media/kame/Data/_workings/resource/GTEv8//GTExv8.EUR.Brain_Amygdala/ENSG00000125821.11.wgt.RDat	ENSG00000125821.11	20	18587892	18587893	0.218	rs8116431	-6.72	rs6081261	-0.00356	-3.54	2.713464	481	30	enet	0.015	0.1	-1.381102	0.1672
Brain_Amygdala	/media/kame/Data/_workings/resource/GTEv8//GTExv8.EUR.Brain_Amygdala/ENSG00000179935.9.wgt.RDat	ENSG00000179935.9	20	18794334	18794335	0.34	rs1107458	-5.16	rs6081232	0.09105	-4.43	2.099409	509	37	enet	0.1	2e-04	-0.655232	0.5123
Brain_Amygdala	/media/kame/Data/_workings/resource/GTEv8//GTExv8.EUR.Brain_Amygdala/ENSG00000270001.1.wgt.RDat	ENSG00000270001.1	20	23632315	23632316	0.31	rs6049306	4.12	rs2145231	-0.00524	-3.65	0.588505	539	35	enet	0.08	0.0011	-0.94643	0.3439
Brain_Amygdala	/media/kame/Data/_workings/resource/GTEv8//GTExv8.EUR.Brain_Amygdala/ENSG00000225056.1.wgt.RDat	ENSG00000225056.1	20	23656389	23656390	0.292	rs6049306	4.12	rs2424590	0.18507	5.21	0.130166	535	31	enet	0.11	0.00018	0.446895	0.655
Brain_Amygdala	/media/kame/Data/_workings/resource/GTEv8//GTExv8.EUR.Brain_Amygdala/ENSG00000275358.1.wgt.RDat	ENSG00000275358.1	20	25063590	25063591	0.25	rs4815279	6.37	rs6076315	0.23432	-5.32	-0.626971	474	14	enet	0.25	3.3e-09	0.102135	0.9186
Brain_Amygdala	/media/kame/Data/_workings/resource/GTEv8//GTExv8.EUR.Brain_Amygdala/ENSG00000100987.14.wgt.RDat	ENSG00000100987.14	20	25082364	25082365	0.349	rs6138506	-2.86	rs6076315	0.28936	-5.86	-0.626971	468	7	enet	0.24	7.5e-09	0.403436	0.6866
Brain_Amygdala	/media/kame/Data/_workings/resource/GTEv8//GTExv8.EUR.Brain_Amygdala/ENSG00000100997.18.wgt.RDat	ENSG00000100997.18	20	25390982	25390983	0.146	rs6138506	-2.86	rs12428	0.0936	4.84	-0.066297	358	18	enet	0.069	0.0023	0.526124	0.5988
Brain_Amygdala	/media/kame/Data/_workings/resource/GTEv8//GTExv8.EUR.Brain_Amygdala/ENSG00000101003.9.wgt.RDat	ENSG00000101003.9	20	25407726	25407727	0.141	rs6138506	-2.86	rs6050477	0.09779	4.47	-0.127791	350	27	enet	0.082	0.00092	-0.710447	0.4774
Brain_Amygdala	/media/kame/Data/_workings/resource/GTEv8//GTExv8.EUR.Brain_Amygdala/ENSG00000101004.14.wgt.RDat	ENSG00000101004.14	20	25585516	25585517	0.287	rs6138506	-2.86	rs12481037	0.02612	3.84	1.319051	264	17	enet	0.076	0.0014	-0.468425	0.6395
Brain_Amygdala	/media/kame/Data/_workings/resource/GTEv8//GTExv8.EUR.Brain_Amygdala/ENSG00000175170.14.wgt.RDat	ENSG00000175170.14	20	25868224	25868225	0.615	rs6138809	4.06	rs404148	0.19722	-5.77	-0.020362	168	23	enet	0.33	5.1e-12	0.439089	0.6606
Brain_Amygdala	/media/kame/Data/_workings/resource/GTEv8//GTExv8.EUR.Brain_Amygdala/ENSG00000231081.1.wgt.RDat	ENSG00000231081.1	20	26010530	26010531	0.144	rs6138809	4.06	rs6050965	0.09401	-4.27	1.041533	108	12	enet	0.085	0.00075	-0.815906	0.4146
Brain_Amygdala	/media/kame/Data/_workings/resource/GTEv8//GTExv8.EUR.Brain_Amygdala/ENSG00000125804.13.wgt.RDat	ENSG00000125804.13	20	26054654	26054655	0.534	rs6138809	4.06	rs2697515	0.17199	-5.79	-0.255152	97	19	enet	0.37	1.8e-13	0.154637	0.8771
Brain_Amygdala	/media/kame/Data/_workings/resource/GTEv8//GTExv8.EUR.Brain_Amygdala/ENSG00000205611.4.wgt.RDat	ENSG00000205611.4	20	30288478	30288479	0.22	rs6087210	-1.35	rs1811868	0.14132	4.56	0.339446	7	5	enet	0.14	1.2e-05	0.362294	0.7171
Brain_Amygdala	/media/kame/Data/_workings/resource/GTEv8//GTExv8.EUR.Brain_Amygdala/ENSG00000238151.1.wgt.RDat	ENSG00000238151.1	20	30403383	30403384	0.144	rs6087210	-1.35	rs7265451	0.04709	-2.98	-0.348554	7	4	enet	0.034	0.024	-0.313174	0.7541
Brain_Amygdala	/media/kame/Data/_workings/resource/GTEv8//GTExv8.EUR.Brain_Amygdala/ENSG00000283443.1.wgt.RDat	ENSG00000283443.1	20	30545600	30545601	0.426	rs6087210	-1.35	rs1811868	-0.00837	2.26	0.339446	7	6	enet	0.13	4.1e-05	0.571401	0.5677
Brain_Amygdala	/media/kame/Data/_workings/resource/GTEv8//GTExv8.EUR.Brain_Amygdala/ENSG00000198547.8.wgt.RDat	ENSG00000198547.8	20	32673940	32673941	0.333	rs6059099	3.37	rs4911249	0.10958	4.94	-0.019469	398	10	enet	0.099	0.00029	-0.037294	0.9703
Brain_Amygdala	/media/kame/Data/_workings/resource/GTEv8//GTExv8.EUR.Brain_Amygdala/ENSG00000101412.12.wgt.RDat	ENSG00000101412.12	20	33686403	33686404	0.223	rs6057920	5.66	rs209677	0.03278	-3.82	-1.054069	271	27	enet	0.036	0.022	0.946236	0.344
Brain_Amygdala	/media/kame/Data/_workings/resource/GTEv8//GTExv8.EUR.Brain_Amygdala/ENSG00000276073.1.wgt.RDat	ENSG00000276073.1	20	33988988	33988989	0.23	rs6057920	5.66	rs6142050	0.14989	4.91	-0.43921	241	9	enet	0.17	2.6e-06	-1.244091	0.2135
Brain_Amygdala	/media/kame/Data/_workings/resource/GTEv8//GTExv8.EUR.Brain_Amygdala/ENSG00000101460.12.wgt.RDat	ENSG00000101460.12	20	34546853	34546854	0.259	rs17305573	-4.62	rs6142206	0.0705	4.09	-1.28042	303	9	enet	-2e-04	0.33	-1.459872	0.1443
Brain_Amygdala	/media/kame/Data/_workings/resource/GTEv8//GTExv8.EUR.Brain_Amygdala/ENSG00000126005.16.wgt.RDat	ENSG00000126005.16	20	35278130	35278131	0.628	rs2425025	-3.18	rs6060341	0.43277	-7.18	-0.003638	345	28	enet	0.44	9e-17	-0.460781	0.645
Brain_Amygdala	/media/kame/Data/_workings/resource/GTEv8//GTExv8.EUR.Brain_Amygdala/ENSG00000224497.1.wgt.RDat	ENSG00000224497.1	20	35544746	35544747	0.615	rs7261957	-4	rs17092784	0.38211	6.89	-0.019004	316	7	enet	0.33	4e-12	0.41896	0.6752
Brain_Amygdala	/media/kame/Data/_workings/resource/GTEv8//GTExv8.EUR.Brain_Amygdala/ENSG00000214078.12.wgt.RDat	ENSG00000214078.12	20	35664758	35664759	0.415	rs7261957	-4	rs11696527	0.34236	-6.86	1.244678	301	33	enet	0.3	8.6e-11	-1.096606	0.2728
Brain_Amygdala	/media/kame/Data/_workings/resource/GTEv8//GTExv8.EUR.Brain_Amygdala/ENSG00000101407.12.wgt.RDat	ENSG00000101407.12	20	38033467	38033468	0.334	rs6069105	-7.27	rs6022011	0.09144	4.47	0.175375	476	36	enet	0.077	0.0013	-1.048342	0.2945
Brain_Amygdala	/media/kame/Data/_workings/resource/GTEv8//GTExv8.EUR.Brain_Amygdala/ENSG00000277829.1.wgt.RDat	ENSG00000277829.1	20	38233798	38233799	0.228	rs6069105	-7.27	rs8123859	-0.0061	-3.37	-2.412785	486	33	enet	0.06	0.0041	-0.331529	0.7402
Brain_Amygdala	/media/kame/Data/_workings/resource/GTEv8//GTExv8.EUR.Brain_Amygdala/ENSG00000224635.1.wgt.RDat	ENSG00000224635.1	20	38416796	38416797	0.37	rs6069105	-7.27	rs1315306	0.38129	6.78	0.574409	477	16	enet	0.35	8.5e-13	0.411237	0.6809
Brain_Amygdala	/media/kame/Data/_workings/resource/GTEv8//GTExv8.EUR.Brain_Amygdala/ENSG00000196756.11.wgt.RDat	ENSG00000196756.11	20	38435352	38435353	0.732	rs6069105	-7.27	rs1739652	0.57983	8.34	-0.188601	473	23	enet	0.56	7.5e-23	-0.151525	0.8796
Brain_Amygdala	/media/kame/Data/_workings/resource/GTEv8//GTExv8.EUR.Brain_Amygdala/ENSG00000174365.19.wgt.RDat	ENSG00000174365.19	20	38446690	38446691	0.304	rs6069105	-7.27	rs6013507	-0.00731	3.29	0.125568	473	3	enet	0.0099	0.14	0.169993	0.865
Brain_Amygdala	/media/kame/Data/_workings/resource/GTEv8//GTExv8.EUR.Brain_Amygdala/ENSG00000183798.4.wgt.RDat	ENSG00000183798.4	20	41366826	41366827	0.352	rs6102218	9.49	rs4518023	0.2061	-5.16	0.512077	356	10	enet	0.15	6.7e-06	0.035756	0.9715
Brain_Amygdala	/media/kame/Data/_workings/resource/GTEv8//GTExv8.EUR.Brain_Amygdala/ENSG00000282876.1.wgt.RDat	ENSG00000282876.1	20	43590595	43590596	0.3	rs6030716	4.69	rs6073142	-0.00852	3.53	-0.622245	487	33	enet	0.0021	0.27	-1.324178	0.1854
Brain_Amygdala	/media/kame/Data/_workings/resource/GTEv8//GTExv8.EUR.Brain_Amygdala/ENSG00000101052.12.wgt.RDat	ENSG00000101052.12	20	43590930	43590931	0.3	rs6030716	4.69	rs4812785	0.03792	-3.47	1.824329	487	58	enet	0.082	0.00091	-0.295244	0.7678
Brain_Amygdala	/media/kame/Data/_workings/resource/GTEv8//GTExv8.EUR.Brain_Amygdala/ENSG00000283440.1.wgt.RDat	ENSG00000283440.1	20	44663497	44663498	0.538	rs2425684	-8.68	rs8121830	0.07596	4.56	-0.251932	423	14	enet	0.21	1.3e-07	-0.415049	0.6781
Brain_Amygdala	/media/kame/Data/_workings/resource/GTEv8//GTExv8.EUR.Brain_Amygdala/ENSG00000101104.12.wgt.RDat	ENSG00000101104.12	20	44910061	44910062	0.469	rs2425684	-8.68	rs6031849	0.25735	-5.74	-5.6799	405	32	enet	0.33	7.3e-12	1.435782	0.1511
Brain_Amygdala	/media/kame/Data/_workings/resource/GTEv8//GTExv8.EUR.Brain_Amygdala/ENSG00000124107.5.wgt.RDat	ENSG00000124107.5	20	45254563	45254564	0.401	rs2425684	-8.68	rs2743275	0.11341	-4.75	-0.488908	471	8	enet	0.082	0.00095	0.436783	0.6623
Brain_Amygdala	/media/kame/Data/_workings/resource/GTEv8//GTExv8.EUR.Brain_Amygdala/ENSG00000124116.18.wgt.RDat	ENSG00000124116.18	20	45791931	45791932	0.588	rs2297198	12.2	rs6073905	0.43619	-7.57	-0.444334	531	44	enet	0.42	6e-16	-0.074605	0.9405
Brain_Amygdala	/media/kame/Data/_workings/resource/GTEv8//GTExv8.EUR.Brain_Amygdala/ENSG00000101017.13.wgt.RDat	ENSG00000101017.13	20	46118271	46118272	0.35	rs2297198	12.2	rs2143699	0.08462	-4.12	1.774252	499	11	enet	0.087	0.00065	-1.766236	0.0774
Brain_Amygdala	/media/kame/Data/_workings/resource/GTEv8//GTExv8.EUR.Brain_Amygdala/ENSG00000158296.13.wgt.RDat	ENSG00000158296.13	20	46676074	46676075	0.431	rs6066218	4.96	rs847068	0.165	4.71	-0.083184	565	17	enet	0.085	0.00076	-0.017072	0.9864
Brain_Amygdala	/media/kame/Data/_workings/resource/GTEv8//GTExv8.EUR.Brain_Amygdala/ENSG00000233347.1.wgt.RDat	ENSG00000233347.1	20	52111048	52111049	0.264	rs8123919	5.67	rs6013417	0.00683	3.61	3.050864	457	15	enet	0.028	0.037	1.662606	0.0964
Brain_Amygdala	/media/kame/Data/_workings/resource/GTEv8//GTExv8.EUR.Brain_Amygdala/ENSG00000226308.1.wgt.RDat	ENSG00000226308.1	20	57266796	57266797	0.352	rs6128111	5.49	rs6014975	0.10699	-4.34	-0.000123	705	4	enet	0.0079	0.17	-0.000647	0.9995
Brain_Amygdala	/media/kame/Data/_workings/resource/GTEv8//GTExv8.EUR.Brain_Amygdala/ENSG00000124164.15.wgt.RDat	ENSG00000124164.15	20	58389121	58389122	0.286	rs7262243	5.8	rs6092645	0.16678	4.8	-0.21517	631	18	enet	0.088	0.00063	-0.319661	0.7492
Brain_Amygdala	/media/kame/Data/_workings/resource/GTEv8//GTExv8.EUR.Brain_Amygdala/ENSG00000101158.13.wgt.RDat	ENSG00000101158.13	20	58981207	58981208	0.616	rs7262243	5.8	rs6070684	0.02055	-3.95	0.221093	552	42	enet	0.14	2.2e-05	0.565563	0.5717
Brain_Amygdala	/media/kame/Data/_workings/resource/GTEv8//GTExv8.EUR.Brain_Amygdala/ENSG00000176659.7.wgt.RDat	ENSG00000176659.7	20	60055924	60055925	0.443	rs348798	-8.36	rs1571213	-0.00771	3.08	-1.901844	593	25	enet	-0.0053	0.54	-1.405785	0.1598
Brain_Amygdala	/media/kame/Data/_workings/resource/GTEv8//GTExv8.EUR.Brain_Amygdala/ENSG00000276093.1.wgt.RDat	ENSG00000276093.1	20	60083871	60083872	0.808	rs348798	-8.36	rs16983474	0.0867	5.57	-2.795825	591	32	enet	0.18	8.2e-07	-2.253719	0.0242
Brain_Amygdala	/media/kame/Data/_workings/resource/GTEv8//GTExv8.EUR.Brain_Amygdala/ENSG00000101181.17.wgt.RDat	ENSG00000101181.17	20	62183028	62183029	0.649	rs4925229	-4.4	rs2427283	0.12309	-4.56	-0.74541	526	33	enet	0.15	8.7e-06	1.316532	0.188
Brain_Amygdala	/media/kame/Data/_workings/resource/GTEv8//GTExv8.EUR.Brain_Amygdala/ENSG00000228812.7.wgt.RDat	ENSG00000228812.7	20	62352994	62352995	0.348	rs4925229	-4.4	rs8668	0.00989	-3.83	0.338894	508	28	enet	0.021	0.062	0.37571	0.7071
Brain_Amygdala	/media/kame/Data/_workings/resource/GTEv8//GTExv8.EUR.Brain_Amygdala/ENSG00000273619.1.wgt.RDat	ENSG00000273619.1	20	62386969	62386970	0.453	rs4925229	-4.4	rs6121558	0.36932	-6.71	-0.416784	504	3	enet	0.26	1.5e-09	0.313063	0.7542
Brain_Amygdala	/media/kame/Data/_workings/resource/GTEv8//GTExv8.EUR.Brain_Amygdala/ENSG00000101190.12.wgt.RDat	ENSG00000101190.12	20	62861762	62861763	0.299	rs1052826	-4.7	rs3664	0.21896	5.37	-2.447547	515	11	enet	0.17	2.5e-06	-1.863047	0.0625
Brain_Amygdala	/media/kame/Data/_workings/resource/GTEv8//GTExv8.EUR.Brain_Amygdala/ENSG00000231133.6.wgt.RDat	ENSG00000231133.6	20	63102140	63102141	0.567	rs1052826	-4.7	rs6011617	0.21538	5.21	0.472733	513	35	enet	0.11	0.00019	0.102047	0.9187
Brain_Amygdala	/media/kame/Data/_workings/resource/GTEv8//GTExv8.EUR.Brain_Amygdala/ENSG00000225978.3.wgt.RDat	ENSG00000225978.3	20	63102319	63102320	0.404	rs1052826	-4.7	rs13044229	-0.00836	-3.69	-0.035599	513	17	enet	0.091	0.00051	0.061203	0.9512
Brain_Amygdala	/media/kame/Data/_workings/resource/GTEv8//GTExv8.EUR.Brain_Amygdala/ENSG00000101198.14.wgt.RDat	ENSG00000101198.14	20	63272693	63272694	0.371	rs1052826	-4.7	rs1555337	0.19435	5.21	-0.134377	487	12	enet	0.14	1.2e-05	-0.307463	0.7585
Brain_Amygdala	/media/kame/Data/_workings/resource/GTEv8//GTExv8.EUR.Brain_Amygdala/ENSG00000224924.6.wgt.RDat	ENSG00000224924.6	21	20803215	20803216	0.384	rs1735899	4.74	rs9974471	0.12143	4.83	0.4866	529	43	enet	0.084	0.00083	0.2944	0.76845
Brain_Amygdala	/media/kame/Data/_workings/resource/GTEv8//GTExv8.EUR.Brain_Amygdala/ENSG00000273492.5.wgt.RDat	ENSG00000273492.5	21	26170870	26170871	0.67	rs2830054	4.86	rs2045	0.44045	7.31	0.0793	510	22	enet	0.42	5.9e-16	0.0927	0.92616
Brain_Amygdala	/media/kame/Data/_workings/resource/GTEv8//GTExv8.EUR.Brain_Amygdala/ENSG00000156239.11.wgt.RDat	ENSG00000156239.11	21	28885370	28885371	0.275	rs7283006	2.67	rs2832127	0.17611	-5.03	0.5355	471	23	enet	0.17	2.4e-06	-0.7912	0.42882
Brain_Amygdala	/media/kame/Data/_workings/resource/GTEv8//GTExv8.EUR.Brain_Amygdala/ENSG00000156253.6.wgt.RDat	ENSG00000156253.6	21	29019377	29019378	0.313	rs2776243	2.54	rs2832209	0.23046	5.89	0.6094	429	27	enet	0.25	3.9e-09	0.4606	0.64511
Brain_Amygdala	/media/kame/Data/_workings/resource/GTEv8//GTExv8.EUR.Brain_Amygdala/ENSG00000156261.12.wgt.RDat	ENSG00000156261.12	21	29073796	29073797	0.103	rs2776243	2.54	rs2832146	0.07043	3.99	1.1744	427	15	enet	0.097	0.00034	1.3891	0.1648
Brain_Amygdala	/media/kame/Data/_workings/resource/GTEv8//GTExv8.EUR.Brain_Amygdala/ENSG00000256073.3.wgt.RDat	ENSG00000256073.3	21	32393129	32393130	0.272	rs8128329	-5.98	rs2070379	0.17065	-5.17	-0.27	485	34	enet	0.15	6e-06	-0.6443	0.51938
Brain_Amygdala	/media/kame/Data/_workings/resource/GTEv8//GTExv8.EUR.Brain_Amygdala/ENSG00000159110.19.wgt.RDat	ENSG00000159110.19	21	33229900	33229901	0.427	rs2834087	4.76	rs7278735	0.04027	3.87	-0.8159	449	34	enet	0.11	9.9e-05	0.2653	0.79079
Brain_Amygdala	/media/kame/Data/_workings/resource/GTEv8//GTExv8.EUR.Brain_Amygdala/ENSG00000243646.9.wgt.RDat	ENSG00000243646.9	21	33266357	33266358	0.457	rs2834087	4.76	rs999788	0.17708	5.1	2.0596	443	23	enet	0.17	1.5e-06	0.7911	0.42891
Brain_Amygdala	/media/kame/Data/_workings/resource/GTEv8//GTExv8.EUR.Brain_Amygdala/ENSG00000159228.12.wgt.RDat	ENSG00000159228.12	21	36070949	36070950	0.364	rs11701590	-5.39	rs762360	0.17133	4.93	-3.1416	510	29	enet	0.1	0.00022	-2.6034	0.00923
Brain_Amygdala	/media/kame/Data/_workings/resource/GTEv8//GTExv8.EUR.Brain_Amygdala/ENSG00000185917.13.wgt.RDat	ENSG00000185917.13	21	36079388	36079389	0.275	rs11701590	-5.39	rs4817761	0.07074	-4.99	-1.7038	502	9	enet	0.06	0.0043	1.3548	0.17549
Brain_Amygdala	/media/kame/Data/_workings/resource/GTEv8//GTExv8.EUR.Brain_Amygdala/ENSG00000233393.1.wgt.RDat	ENSG00000233393.1	21	36104880	36104881	0.329	rs11701590	-5.39	rs2255734	0.09962	-4.72	-4.867	503	41	enet	0.057	0.0052	1.2005	0.22994
Brain_Amygdala	/media/kame/Data/_workings/resource/GTEv8//GTExv8.EUR.Brain_Amygdala/ENSG00000224790.2.wgt.RDat	ENSG00000224790.2	21	36968553	36968554	0.509	rs2835423	4.3	rs762376	0.35269	-6.55	0.7346	461	9	enet	0.29	2.3e-10	-0.7528	0.45155
Brain_Amygdala	/media/kame/Data/_workings/resource/GTEv8//GTExv8.EUR.Brain_Amygdala/ENSG00000159267.14.wgt.RDat	ENSG00000159267.14	21	36990235	36990236	0.21	rs2835423	4.3	rs762376	0.18403	-4.87	0.7346	456	10	enet	0.15	9.9e-06	-0.2973	0.76626
Brain_Amygdala	/media/kame/Data/_workings/resource/GTEv8//GTExv8.EUR.Brain_Amygdala/ENSG00000182670.13.wgt.RDat	ENSG00000182670.13	21	37073225	37073226	0.186	rs2835423	4.3	rs2298682	0.13381	4.66	0.0611	433	30	enet	0.073	0.0017	-0.1469	0.88318
Brain_Amygdala	/media/kame/Data/_workings/resource/GTEv8//GTExv8.EUR.Brain_Amygdala/ENSG00000157542.9.wgt.RDat	ENSG00000157542.9	21	37916445	37916446	0.259	rs2211855	4.42	rs2835831	0.08655	-3.96	-0.8665	536	15	enet	-0.0026	0.41	0.3569	0.72118
Brain_Amygdala	/media/kame/Data/_workings/resource/GTEv8//GTExv8.EUR.Brain_Amygdala/ENSG00000226496.2.wgt.RDat	ENSG00000226496.2	21	41148132	41148133	0.419	rs2410415	-8.51	rs9974272	0.20759	-5.25	1.0279	625	8	enet	0.17	2.7e-06	-1.2951	0.1953
Brain_Amygdala	/media/kame/Data/_workings/resource/GTEv8//GTExv8.EUR.Brain_Amygdala/ENSG00000160194.17.wgt.RDat	ENSG00000160194.17	21	42879643	42879644	0.312	rs915875	-5.72	rs8131547	0.00583	4.02	1.1223	519	21	enet	0.074	0.0016	-0.1752	0.86089
Brain_Amygdala	/media/kame/Data/_workings/resource/GTEv8//GTExv8.EUR.Brain_Amygdala/ENSG00000160200.17.wgt.RDat	ENSG00000160200.17	21	43076942	43076943	0.398	rs447167	-5.23	rs234728	0.09745	-5	-0.2714	370	25	enet	0.079	0.0011	0.1835	0.85438
Brain_Amygdala	/media/kame/Data/_workings/resource/GTEv8//GTExv8.EUR.Brain_Amygdala/ENSG00000241945.7.wgt.RDat	ENSG00000241945.7	21	44107289	44107290	0.803	rs4818925	-6.19	rs2277806	0.54197	8.17	-0.0907	340	39	enet	0.61	1.2e-25	-0.4596	0.64577
Brain_Amygdala	/media/kame/Data/_workings/resource/GTEv8//GTExv8.EUR.Brain_Amygdala/ENSG00000160221.16.wgt.RDat	ENSG00000160221.16	21	44133604	44133605	0.645	rs4818925	-6.19	rs2277806	0.53488	8	-0.0907	356	33	enet	0.48	1.9e-18	-0.6405	0.52185
Brain_Amygdala	/media/kame/Data/_workings/resource/GTEv8//GTExv8.EUR.Brain_Amygdala/ENSG00000141959.16.wgt.RDat	ENSG00000141959.16	21	44300050	44300051	0.611	rs4818925	-6.19	rs8129937	0.1734	-4.77	-2.2898	405	35	enet	0.095	0.00038	-0.191	0.84856
Brain_Amygdala	/media/kame/Data/_workings/resource/GTEv8//GTExv8.EUR.Brain_Amygdala/ENSG00000183255.11.wgt.RDat	ENSG00000183255.11	21	44873902	44873903	0.405	rs4818925	-6.19	rs84191	-0.00712	3	-0.5914	564	40	enet	0.0099	0.14	-0.3598	0.71899
Brain_Amygdala	/media/kame/Data/_workings/resource/GTEv8//GTExv8.EUR.Brain_Amygdala/ENSG00000273027.1.wgt.RDat	ENSG00000273027.1	21	44930111	44930112	0.357	rs4818925	-6.19	rs1721	0.15015	-4.73	0.1738	595	22	enet	0.12	5.2e-05	-0.9819	0.32613
Brain_Amygdala	/media/kame/Data/_workings/resource/GTEv8//GTExv8.EUR.Brain_Amygdala/ENSG00000215447.7.wgt.RDat	ENSG00000215447.7	21	45288051	45288052	0.431	rs4818789	4.72	rs2838868	0.2493	-6	1.0448	489	14	enet	0.18	7.5e-07	-0.7196	0.47176
Brain_Amygdala	/media/kame/Data/_workings/resource/GTEv8//GTExv8.EUR.Brain_Amygdala/ENSG00000223768.1.wgt.RDat	ENSG00000223768.1	21	45293284	45293285	0.805	rs4818789	4.72	rs2838867	0.4172	-7.31	0.6267	488	26	enet	0.47	3.5e-18	-0.4202	0.67432
Brain_Amygdala	/media/kame/Data/_workings/resource/GTEv8//GTExv8.EUR.Brain_Amygdala/ENSG00000183570.16.wgt.RDat	ENSG00000183570.16	21	45643693	45643694	0.23	rs3088026	6.12	rs2183595	0.1058	4.21	2.6649	482	59	enet	0.036	0.022	2.7073	0.00678
Brain_Amygdala	/media/kame/Data/_workings/resource/GTEv8//GTExv8.EUR.Brain_Amygdala/ENSG00000160284.14.wgt.RDat	ENSG00000160284.14	21	46184475	46184476	0.44	rs9975613	6.55	rs2968	0.21161	-5.16	-0.9934	491	27	enet	0.11	0.00019	0.0621	0.95045
Brain_Amygdala	/media/kame/Data/_workings/resource/GTEv8//GTExv8.EUR.Brain_Amygdala/ENSG00000182362.13.wgt.RDat	ENSG00000182362.13	21	46286336	46286337	0.674	rs9975613	6.28	rs914249	0.30986	6.84	1.9007	461	41	enet	0.4	8.1e-15	1.3679	0.17135
Brain_Amygdala	/media/kame/Data/_workings/resource/GTEv8//GTExv8.EUR.Brain_Amygdala/ENSG00000160310.17.wgt.RDat	ENSG00000160310.17	21	46635166	46635167	0.302	rs28801979	5.83	rs9978658	0.05081	4.76	0.162	278	12	enet	0.067	0.0025	0.0417	0.96673
Brain_Amygdala	/media/kame/Data/_workings/resource/GTEv8//GTExv8.EUR.Brain_Amygdala/ENSG00000100181.22.wgt.RDat	ENSG00000100181.22	22	16601886	16601887	0.43	rs4141523	5.68	rs5993792	0.05724	-3.99	-0.50218	215	26	enet	0.11	0.00016	-1.157944	0.247
Brain_Amygdala	/media/kame/Data/_workings/resource/GTEv8//GTExv8.EUR.Brain_Amygdala/ENSG00000237438.7.wgt.RDat	ENSG00000237438.7	22	17036569	17036570	0.902	rs4141523	5.68	rs5748829	0.28901	6.82	0.07564	474	22	enet	0.59	1.3e-24	0.969196	0.332
Brain_Amygdala	/media/kame/Data/_workings/resource/GTEv8//GTExv8.EUR.Brain_Amygdala/ENSG00000273203.1.wgt.RDat	ENSG00000273203.1	22	17067820	17067821	0.339	rs4141523	5.68	rs4141523	-0.00535	3.63	5.67929	496	39	enet	0.045	0.012	0.970567	0.332
Brain_Amygdala	/media/kame/Data/_workings/resource/GTEv8//GTExv8.EUR.Brain_Amygdala/ENSG00000177663.13.wgt.RDat	ENSG00000177663.13	22	17084953	17084954	0.34	rs4141523	5.68	rs2845394	0.07242	-4.12	0.36365	496	33	enet	0.043	0.013	-0.631025	0.528
Brain_Amygdala	/media/kame/Data/_workings/resource/GTEv8//GTExv8.EUR.Brain_Amygdala/ENSG00000015475.18.wgt.RDat	ENSG00000015475.18	22	17774769	17774770	0.191	rs5992863	-6.01	rs4488761	-0.00244	-3.9	0.70767	523	19	enet	0.024	0.05	-0.864988	0.387
Brain_Amygdala	/media/kame/Data/_workings/resource/GTEv8//GTExv8.EUR.Brain_Amygdala/ENSG00000100033.16.wgt.RDat	ENSG00000100033.16	22	18936409	18936410	0.275	rs7291719	-3.87	rs807751	0.03605	3.85	-0.19021	260	39	enet	0.098	0.00031	0.75565	0.45
Brain_Amygdala	/media/kame/Data/_workings/resource/GTEv8//GTExv8.EUR.Brain_Amygdala/ENSG00000237517.9.wgt.RDat	ENSG00000237517.9	22	18970513	18970514	0.403	rs7291719	-3.87	rs2518805	0.15881	-4.39	-1.99964	281	46	enet	0.15	9.7e-06	-1.311744	0.19
Brain_Amygdala	/media/kame/Data/_workings/resource/GTEv8//GTExv8.EUR.Brain_Amygdala/ENSG00000283366.1.wgt.RDat	ENSG00000283366.1	22	18998273	18998274	0.438	rs7291719	-3.87	rs5993445	0.09416	4.36	0.12648	293	24	enet	0.17	1.5e-06	-0.948053	0.343
Brain_Amygdala	/media/kame/Data/_workings/resource/GTEv8//GTExv8.EUR.Brain_Amygdala/ENSG00000273032.1.wgt.RDat	ENSG00000273032.1	22	19017833	19017834	0.492	rs7291719	-3.87	rs11089247	0.11893	4.9	1.05647	304	54	enet	0.13	3.7e-05	-0.619099	0.536
Brain_Amygdala	/media/kame/Data/_workings/resource/GTEv8//GTExv8.EUR.Brain_Amygdala/ENSG00000273164.1.wgt.RDat	ENSG00000273164.1	22	19023055	19023056	0.743	rs7291719	-3.87	rs2871006	0.43246	-7.2	-0.31576	308	26	enet	0.42	9.2e-16	0.662193	0.508
Brain_Amygdala	/media/kame/Data/_workings/resource/GTEv8//GTExv8.EUR.Brain_Amygdala/ENSG00000070413.19.wgt.RDat	ENSG00000070413.19	22	19122453	19122454	0.386	rs7291719	-3.87	rs1034727	0.02633	4.77	1.86302	359	37	enet	0.15	6.6e-06	1.014952	0.31
Brain_Amygdala	/media/kame/Data/_workings/resource/GTEv8//GTExv8.EUR.Brain_Amygdala/ENSG00000070371.15.wgt.RDat	ENSG00000070371.15	22	19291715	19291716	0.223	rs7291719	-3.87	rs1771547	0.00704	3.76	-0.17857	444	29	enet	-0.0013	0.36	-0.537214	0.591
Brain_Amygdala	/media/kame/Data/_workings/resource/GTEv8//GTExv8.EUR.Brain_Amygdala/ENSG00000184470.20.wgt.RDat	ENSG00000184470.20	22	19941991	19941992	0.313	rs2108746	-6.46	rs12158214	0.03554	-3.96	-0.00737	561	42	enet	0.089	0.00059	-0.490068	0.624
Brain_Amygdala	/media/kame/Data/_workings/resource/GTEv8//GTExv8.EUR.Brain_Amygdala/ENSG00000229107.2.wgt.RDat	ENSG00000229107.2	22	20670983	20670984	0.282	rs4821372	-6.66	rs11913109	0.04632	-4.04	-0.02291	503	25	enet	0.072	0.0018	0.656158	0.512
Brain_Amygdala	/media/kame/Data/_workings/resource/GTEv8//GTExv8.EUR.Brain_Amygdala/ENSG00000099940.11.wgt.RDat	ENSG00000099940.11	22	20858982	20858983	0.303	rs4821372	-6.66	rs674478	0.00929	-4.04	0.90038	429	48	enet	0.046	0.011	1.746351	0.0807
Brain_Amygdala	/media/kame/Data/_workings/resource/GTEv8//GTExv8.EUR.Brain_Amygdala/ENSG00000230513.1.wgt.RDat	ENSG00000230513.1	22	21002196	21002197	0.567	rs4821915	-4.77	rs369250	0.13928	-5.07	-0.05582	363	19	enet	0.2	2.6e-07	0.211592	0.832
Brain_Amygdala	/media/kame/Data/_workings/resource/GTEv8//GTExv8.EUR.Brain_Amygdala/ENSG00000224086.5.wgt.RDat	ENSG00000224086.5	22	21938584	21938585	0.523	rs762349	-4.5	rs5756306	0.44391	-7.44	0.37727	407	22	enet	0.44	1.8e-16	-0.000322	1
Brain_Amygdala	/media/kame/Data/_workings/resource/GTEv8//GTExv8.EUR.Brain_Amygdala/ENSG00000211643.2.wgt.RDat	ENSG00000211643.2	22	22318726	22318727	0.369	rs5750807	-3.87	rs4277621	0.16211	4.55	1.26021	346	11	enet	0.09	0.00052	0.971786	0.331
Brain_Amygdala	/media/kame/Data/_workings/resource/GTEv8//GTExv8.EUR.Brain_Amygdala/ENSG00000128266.8.wgt.RDat	ENSG00000128266.8	22	23070360	23070361	0.311	rs874138	4.35	rs3788337	0.12182	-4.85	1.55773	362	18	enet	0.19	3.8e-07	-1.581409	0.114
Brain_Amygdala	/media/kame/Data/_workings/resource/GTEv8//GTExv8.EUR.Brain_Amygdala/ENSG00000100228.12.wgt.RDat	ENSG00000100228.12	22	23145325	23145326	0.266	rs874138	4.35	rs5759611	0.00083	3.66	1.23727	388	31	enet	0.063	0.0034	0.936103	0.349
Brain_Amygdala	/media/kame/Data/_workings/resource/GTEv8//GTExv8.EUR.Brain_Amygdala/ENSG00000189269.12.wgt.RDat	ENSG00000189269.12	22	23632320	23632321	0.364	rs6004041	-3.76	rs12167140	0.09772	-3.99	0.02183	483	57	enet	0.058	0.0047	-0.368027	0.713
Brain_Amygdala	/media/kame/Data/_workings/resource/GTEv8//GTExv8.EUR.Brain_Amygdala/ENSG00000234353.2.wgt.RDat	ENSG00000234353.2	22	23640761	23640762	0.394	rs6004041	-3.76	rs7289879	0.06879	-4.61	0.00118	480	33	enet	0.038	0.019	1.071558	0.284
Brain_Amygdala	/media/kame/Data/_workings/resource/GTEv8//GTExv8.EUR.Brain_Amygdala/ENSG00000272578.5.wgt.RDat	ENSG00000272578.5	22	23717355	23717356	0.321	rs6004041	-3.76	rs7287369	0.15385	-5.05	0.01229	474	14	enet	0.044	0.013	0.277501	0.781
Brain_Amygdala	/media/kame/Data/_workings/resource/GTEv8//GTExv8.EUR.Brain_Amygdala/ENSG00000128218.7.wgt.RDat	ENSG00000128218.7	22	23754467	23754468	0.55	rs6004041	-3.76	rs2267032	0.18039	5.43	0.12241	474	24	enet	0.24	1.3e-08	-0.070547	0.944
Brain_Amygdala	/media/kame/Data/_workings/resource/GTEv8//GTExv8.EUR.Brain_Amygdala/ENSG00000218537.1.wgt.RDat	ENSG00000218537.1	22	23898929	23898930	0.642	rs2082733	8.58	rs2739338	0.23531	-6.22	0.12858	424	14	enet	0.3	9.1e-11	0.598302	0.55
Brain_Amygdala	/media/kame/Data/_workings/resource/GTEv8//GTExv8.EUR.Brain_Amygdala/ENSG00000273295.1.wgt.RDat	ENSG00000273295.1	22	23907067	23907068	0.848	rs2082733	8.58	rs2739338	0.64032	-8.8	0.12842	422	15	enet	0.65	9.9e-29	0.439778	0.66
Brain_Amygdala	/media/kame/Data/_workings/resource/GTEv8//GTExv8.EUR.Brain_Amygdala/ENSG00000225282.1.wgt.RDat	ENSG00000225282.1	22	23926899	23926900	0.277	rs2082733	8.58	rs4822466	0.25979	-6.2	-1.66707	408	11	enet	0.26	2.7e-09	0.737274	0.461
Brain_Amygdala	/media/kame/Data/_workings/resource/GTEv8//GTExv8.EUR.Brain_Amygdala/ENSG00000133433.10.wgt.RDat	ENSG00000133433.10	22	23961185	23961186	0.65	rs1008932	9.06	rs2739338	0.46918	7.47	0.27449	420	20	enet	0.49	3.1e-19	0.171245	0.864
Brain_Amygdala	/media/kame/Data/_workings/resource/GTEv8//GTExv8.EUR.Brain_Amygdala/ENSG00000272787.1.wgt.RDat	ENSG00000272787.1	22	23969210	23969211	0.43	rs1008932	9.06	rs2739338	0.05109	4.7	0.28748	420	44	enet	0.085	0.00075	-1.21749	0.223
Brain_Amygdala	/media/kame/Data/_workings/resource/GTEv8//GTExv8.EUR.Brain_Amygdala/ENSG00000250470.1.wgt.RDat	ENSG00000250470.1	22	23977584	23977585	0.453	rs1008932	9.06	rs4820571	0.18798	-5.52	-1.1505	414	21	enet	0.2	2e-07	0.488528	0.625
Brain_Amygdala	/media/kame/Data/_workings/resource/GTEv8//GTExv8.EUR.Brain_Amygdala/ENSG00000099984.11.wgt.RDat	ENSG00000099984.11	22	23980057	23980058	0.647	rs1008932	9.06	rs2000467	0.34761	6.87	-0.28872	413	31	enet	0.44	1.6e-16	0.026428	0.979
Brain_Amygdala	/media/kame/Data/_workings/resource/GTEv8//GTExv8.EUR.Brain_Amygdala/ENSG00000224205.1.wgt.RDat	ENSG00000224205.1	22	23991420	23991421	0.505	rs5760452	9.22	rs2739338	0.34268	-6.59	0.28696	415	26	enet	0.28	2.6e-10	0.658787	0.51
Brain_Amygdala	/media/kame/Data/_workings/resource/GTEv8//GTExv8.EUR.Brain_Amygdala/ENSG00000099994.10.wgt.RDat	ENSG00000099994.10	22	24181258	24181259	0.247	rs5760452	9.22	rs5759985	-0.0074	-3.68	0.25877	369	58	enet	0.01	0.14	-1.131264	0.258
Brain_Amygdala	/media/kame/Data/_workings/resource/GTEv8//GTExv8.EUR.Brain_Amygdala/ENSG00000100058.12.wgt.RDat	ENSG00000100058.12	22	25448104	25448105	0.459	rs4822669	4.88	rs6004658	0.11573	5.93	-3.00269	503	13	enet	0.21	9.5e-08	-2.631394	0.0085
Brain_Amygdala	/media/kame/Data/_workings/resource/GTEv8//GTExv8.EUR.Brain_Amygdala/ENSG00000272977.1.wgt.RDat	ENSG00000272977.1	22	25476217	25476218	0.407	rs4822669	4.88	rs6004658	0.28856	-5.88	-3.00269	506	13	enet	0.25	4.5e-09	3.024244	0.00249
Brain_Amygdala	/media/kame/Data/_workings/resource/GTEv8//GTExv8.EUR.Brain_Amygdala/ENSG00000224003.1.wgt.RDat	ENSG00000224003.1	22	25647260	25647261	0.312	rs134704	5.8	rs8141065	0.02206	-3.95	-0.56608	563	33	enet	0.1	0.00024	0.216536	0.829
Brain_Amygdala	/media/kame/Data/_workings/resource/GTEv8//GTExv8.EUR.Brain_Amygdala/ENSG00000235954.6.wgt.RDat	ENSG00000235954.6	22	27919375	27919376	0.388	rs5752628	-4.55	rs16985722	0.15297	5.16	-0.29027	521	25	enet	0.15	9e-06	0.021716	0.983
Brain_Amygdala	/media/kame/Data/_workings/resource/GTEv8//GTExv8.EUR.Brain_Amygdala/ENSG00000183579.15.wgt.RDat	ENSG00000183579.15	22	28883591	28883592	0.155	rs2179129	-4.11	rs8137254	-0.00547	-3.19	-0.16397	340	21	enet	-0.0014	0.36	0.264144	0.792
Brain_Amygdala	/media/kame/Data/_workings/resource/GTEv8//GTExv8.EUR.Brain_Amygdala/ENSG00000225465.8.wgt.RDat	ENSG00000225465.8	22	29478174	29478175	0.467	rs2179129	-4.11	rs12484086	0.19358	-4.96	-0.04076	404	56	enet	0.12	5.3e-05	1.116129	0.264
Brain_Amygdala	/media/kame/Data/_workings/resource/GTEv8//GTExv8.EUR.Brain_Amygdala/ENSG00000237977.1.wgt.RDat	ENSG00000237977.1	22	30902218	30902219	0.586	rs2027982	-5.11	rs8004	0.29257	-6.28	-4.07375	393	17	enet	0.36	2.3e-13	3.747712	0.000178
Brain_Amygdala	/media/kame/Data/_workings/resource/GTEv8//GTExv8.EUR.Brain_Amygdala/ENSG00000241878.11.wgt.RDat	ENSG00000241878.11	22	31662431	31662432	0.202	rs12166759	6.22	rs131250	0.05561	4.44	-0.27228	332	13	enet	0.074	0.0016	-0.465228	0.642
Brain_Amygdala	/media/kame/Data/_workings/resource/GTEv8//GTExv8.EUR.Brain_Amygdala/ENSG00000100191.5.wgt.RDat	ENSG00000100191.5	22	32255340	32255341	0.301	rs3213515	-10.26	rs5998317	0.04698	-4.46	-0.02837	576	18	enet	0.018	0.076	0.679036	0.497
Brain_Amygdala	/media/kame/Data/_workings/resource/GTEv8//GTExv8.EUR.Brain_Amygdala/ENSG00000214076.3.wgt.RDat	ENSG00000214076.3	22	32269666	32269667	0.226	rs3213515	-10.26	rs136478	0.01128	-4.17	0.42244	588	17	enet	0.0056	0.2	-0.308676	0.758
Brain_Amygdala	/media/kame/Data/_workings/resource/GTEv8//GTExv8.EUR.Brain_Amygdala/ENSG00000205853.10.wgt.RDat	ENSG00000205853.10	22	32382051	32382052	0.352	rs3213515	-10.26	rs5998471	0.20944	-5.48	0.5344	643	11	enet	0.18	1.2e-06	-0.006472	0.995
Brain_Amygdala	/media/kame/Data/_workings/resource/GTEv8//GTExv8.EUR.Brain_Amygdala/ENSG00000100225.17.wgt.RDat	ENSG00000100225.17	22	32474675	32474676	0.588	rs3213515	-10.26	rs715542	0.23149	-5.44	-7.24206	640	12	enet	0.2	2.2e-07	6.759718	1.38e-11
Brain_Amygdala	/media/kame/Data/_workings/resource/GTEv8//GTExv8.EUR.Brain_Amygdala/ENSG00000100284.20.wgt.RDat	ENSG00000100284.20	22	35299274	35299275	0.407	rs5755595	-5.27	rs2413345	0.02611	3.96	-0.26962	595	22	enet	-0.00063	0.34	1.444881	0.148
Brain_Amygdala	/media/kame/Data/_workings/resource/GTEv8//GTExv8.EUR.Brain_Amygdala/ENSG00000234688.1.wgt.RDat	ENSG00000234688.1	22	36703917	36703918	0.558	rs760719	-7.61	rs2064459	0.09987	-4.33	2.49816	656	27	enet	0.017	0.082	-2.337832	0.0194
Brain_Amygdala	/media/kame/Data/_workings/resource/GTEv8//GTExv8.EUR.Brain_Amygdala/ENSG00000133466.13.wgt.RDat	ENSG00000133466.13	22	37199384	37199385	0.423	rs760719	-7.61	rs734139	0.19917	-5.82	-0.11777	648	12	enet	0.22	3.9e-08	0.53282	0.594
Brain_Amygdala	/media/kame/Data/_workings/resource/GTEv8//GTExv8.EUR.Brain_Amygdala/ENSG00000243902.6.wgt.RDat	ENSG00000243902.6	22	37385282	37385283	0.342	rs760719	-7.61	rs4821651	0.06421	4.2	-0.00678	581	45	enet	0.035	0.023	0.110699	0.912
Brain_Amygdala	/media/kame/Data/_workings/resource/GTEv8//GTExv8.EUR.Brain_Amygdala/ENSG00000100106.19.wgt.RDat	ENSG00000100106.19	22	37697003	37697004	0.37	rs8135343	4.64	rs4820303	0.10758	-5.4	-0.00891	460	13	enet	0.16	3.4e-06	0.026994	0.978
Brain_Amygdala	/media/kame/Data/_workings/resource/GTEv8//GTExv8.EUR.Brain_Amygdala/ENSG00000189060.5.wgt.RDat	ENSG00000189060.5	22	37805092	37805093	0.194	rs6000688	4.13	rs11089862	0.04801	-3.98	-1.52552	413	22	enet	0.018	0.08	0.386397	0.699
Brain_Amygdala	/media/kame/Data/_workings/resource/GTEv8//GTExv8.EUR.Brain_Amygdala/ENSG00000100151.15.wgt.RDat	ENSG00000100151.15	22	38056310	38056311	0.153	rs7289871	-3.83	rs2076371	0.08924	4.33	-0.10329	366	16	enet	0.072	0.0018	0.086547	0.931
Brain_Amygdala	/media/kame/Data/_workings/resource/GTEv8//GTExv8.EUR.Brain_Amygdala/ENSG00000100156.10.wgt.RDat	ENSG00000100156.10	22	38084092	38084093	0.335	rs7289871	-3.83	rs738443	0.2197	5.76	0.1634	355	25	enet	0.25	5.3e-09	0.195908	0.845
Brain_Amygdala	/media/kame/Data/_workings/resource/GTEv8//GTExv8.EUR.Brain_Amygdala/ENSG00000272720.1.wgt.RDat	ENSG00000272720.1	22	38090126	38090127	0.294	rs7289871	-3.83	rs742395	0.03246	4.46	0.16804	352	23	enet	0.059	0.0045	0.076423	0.939
Brain_Amygdala	/media/kame/Data/_workings/resource/GTEv8//GTExv8.EUR.Brain_Amygdala/ENSG00000228274.3.wgt.RDat	ENSG00000228274.3	22	38681819	38681820	0.244	rs2235229	4.69	rs5750627	0.05929	-4.29	0.96586	372	26	enet	0.026	0.042	-1.219624	0.223
Brain_Amygdala	/media/kame/Data/_workings/resource/GTEv8//GTExv8.EUR.Brain_Amygdala/ENSG00000235209.1.wgt.RDat	ENSG00000235209.1	22	38921226	38921227	0.366	rs2247128	5.55	rs132499	0.3105	-6.16	0.80096	394	15	enet	0.3	8.9e-11	-0.900309	0.368
Brain_Amygdala	/media/kame/Data/_workings/resource/GTEv8//GTExv8.EUR.Brain_Amygdala/ENSG00000243811.8.wgt.RDat	ENSG00000243811.8	22	39021112	39021113	0.318	rs738288	6.41	rs139420	-0.00242	-3.87	-0.14522	386	27	enet	0.045	0.012	1.677764	0.0934
Brain_Amygdala	/media/kame/Data/_workings/resource/GTEv8//GTExv8.EUR.Brain_Amygdala/ENSG00000100324.13.wgt.RDat	ENSG00000100324.13	22	39399740	39399741	0.269	rs738288	6.41	rs4821872	-0.00484	-3.55	-2.66486	386	20	enet	0.012	0.12	0.102594	0.918
Brain_Amygdala	/media/kame/Data/_workings/resource/GTEv8//GTExv8.EUR.Brain_Amygdala/ENSG00000196588.14.wgt.RDat	ENSG00000196588.14	22	40636701	40636702	0.128	rs9611388	-6.35	rs8137636	0.0144	-3.46	0.74149	284	19	enet	0.0023	0.26	-0.541409	0.588
Brain_Amygdala	/media/kame/Data/_workings/resource/GTEv8//GTExv8.EUR.Brain_Amygdala/ENSG00000100413.16.wgt.RDat	ENSG00000100413.16	22	41544605	41544606	0.159	rs8139784	6.02	rs5758314	0.12277	4.9	2.55316	301	14	enet	0.14	1.8e-05	1.902599	0.0571
Brain_Amygdala	/media/kame/Data/_workings/resource/GTEv8//GTExv8.EUR.Brain_Amygdala/ENSG00000172346.14.wgt.RDat	ENSG00000172346.14	22	41560762	41560763	0.267	rs8139784	6.02	rs4820437	0.19066	5.46	2.68274	303	25	enet	0.22	3.6e-08	1.152064	0.249
Brain_Amygdala	/media/kame/Data/_workings/resource/GTEv8//GTExv8.EUR.Brain_Amygdala/ENSG00000205704.6.wgt.RDat	ENSG00000205704.6	22	41952164	41952165	0.324	rs5996088	-4.86	rs6002560	0.00302	-3.61	0.89652	344	36	enet	0.14	2.1e-05	-0.298386	0.765
Brain_Amygdala	/media/kame/Data/_workings/resource/GTEv8//GTExv8.EUR.Brain_Amygdala/ENSG00000183066.14.wgt.RDat	ENSG00000183066.14	22	41998724	41998725	0.154	rs5996088	-4.86	rs5751191	0.14909	-4.33	-0.67306	351	29	enet	0.066	0.0028	0.719564	0.472
Brain_Amygdala	/media/kame/Data/_workings/resource/GTEv8//GTExv8.EUR.Brain_Amygdala/ENSG00000198951.11.wgt.RDat	ENSG00000198951.11	22	42070841	42070842	0.186	rs5996088	-4.86	rs5751204	0.13214	-4.77	0.74828	338	41	enet	0.1	0.00027	-0.23065	0.818
Brain_Amygdala	/media/kame/Data/_workings/resource/GTEv8//GTExv8.EUR.Brain_Amygdala/ENSG00000183172.8.wgt.RDat	ENSG00000183172.8	22	42079690	42079691	0.323	rs5996088	-4.86	rs5751204	0.24982	-5.79	0.74828	338	50	enet	0.29	1.6e-10	-1.189618	0.234
Brain_Amygdala	/media/kame/Data/_workings/resource/GTEv8//GTExv8.EUR.Brain_Amygdala/ENSG00000184983.9.wgt.RDat	ENSG00000184983.9	22	42090929	42090930	0.233	rs5996088	-4.86	rs2142695	0.05672	4.29	0.41978	345	10	enet	0.0028	0.25	0.098598	0.921
Brain_Amygdala	/media/kame/Data/_workings/resource/GTEv8//GTExv8.EUR.Brain_Amygdala/ENSG00000100197.20.wgt.RDat	ENSG00000100197.20	22	42130905	42130906	0.343	rs5996088	-4.86	rs5758589	0.33336	-6.43	-0.15863	352	22	enet	0.26	1.5e-09	0.08477	0.932
Brain_Amygdala	/media/kame/Data/_workings/resource/GTEv8//GTExv8.EUR.Brain_Amygdala/ENSG00000227370.1.wgt.RDat	ENSG00000227370.1	22	42132602	42132603	0.212	rs5996088	-4.86	rs742086	0.03479	4.75	-0.89619	354	36	enet	0.13	4.4e-05	0.024704	0.98
Brain_Amygdala	/media/kame/Data/_workings/resource/GTEv8//GTExv8.EUR.Brain_Amygdala/ENSG00000281538.1.wgt.RDat	ENSG00000281538.1	22	42138105	42138106	0.162	rs5996088	-4.86	rs9620001	0.10627	-4.65	-1.21885	357	8	enet	0.061	0.0038	1.148336	0.251
Brain_Amygdala	/media/kame/Data/_workings/resource/GTEv8//GTExv8.EUR.Brain_Amygdala/ENSG00000205702.10.wgt.RDat	ENSG00000205702.10	22	42144576	42144577	0.328	rs5996088	-4.86	rs133380	0.26163	-5.92	0.73286	356	31	enet	0.28	3.7e-10	-1.113545	0.265
Brain_Amygdala	/media/kame/Data/_workings/resource/GTEv8//GTExv8.EUR.Brain_Amygdala/ENSG00000183569.17.wgt.RDat	ENSG00000183569.17	22	42553616	42553617	0.286	rs7285546	4.14	rs137085	0.0503	-4.21	0.77422	407	20	enet	0.047	0.01	-0.296645	0.767
Brain_Amygdala	/media/kame/Data/_workings/resource/GTEv8//GTExv8.EUR.Brain_Amygdala/ENSG00000100243.20.wgt.RDat	ENSG00000100243.20	22	42649567	42649568	0.393	rs7285546	4.14	rs5751276	0.01379	-3.43	-0.80644	432	19	enet	0.02	0.068	0.441797	0.659
Brain_Amygdala	/media/kame/Data/_workings/resource/GTEv8//GTExv8.EUR.Brain_Amygdala/ENSG00000242247.10.wgt.RDat	ENSG00000242247.10	22	42858105	42858106	0.265	rs6003130	4.4	rs713717	0.09742	4.29	0.02117	522	60	enet	0.052	0.007	0.317561	0.751
Brain_Amygdala	/media/kame/Data/_workings/resource/GTEv8//GTExv8.EUR.Brain_Amygdala/ENSG00000230319.1.wgt.RDat	ENSG00000230319.1	22	43038584	43038585	0.217	rs6003130	4.17	rs7511534	-0.00826	3.66	0.0356	546	32	enet	0.0087	0.16	-0.0136	0.989
Brain_Amygdala	/media/kame/Data/_workings/resource/GTEv8//GTExv8.EUR.Brain_Amygdala/ENSG00000186732.13.wgt.RDat	ENSG00000186732.13	22	43411195	43411196	0.422	rs6003130	4.32	rs137820	0.10138	-4.46	-1.77417	601	51	enet	0.12	7.1e-05	0.969522	0.332
Brain_Amygdala	/media/kame/Data/_workings/resource/GTEv8//GTExv8.EUR.Brain_Amygdala/ENSG00000279933.1.wgt.RDat	ENSG00000279933.1	22	44187738	44187739	0.426	rs7285004	5.28	rs133915	0.09434	-4.07	0.05299	761	47	enet	0.013	0.11	1.034302	0.301
Brain_Amygdala	/media/kame/Data/_workings/resource/GTEv8//GTExv8.EUR.Brain_Amygdala/ENSG00000093000.18.wgt.RDat	ENSG00000093000.18	22	45163840	45163841	0.366	rs736490	-5.24	rs8135904	0.1489	-5.1	0.19401	654	13	enet	0.24	9.3e-09	0.130811	0.896
Brain_Amygdala	/media/kame/Data/_workings/resource/GTEv8//GTExv8.EUR.Brain_Amygdala/ENSG00000100373.9.wgt.RDat	ENSG00000100373.9	22	45284981	45284982	0.516	rs736490	-5.24	rs2742624	0.1725	5.09	-0.19506	624	46	enet	0.11	0.00018	-0.401044	0.688
Brain_Amygdala	/media/kame/Data/_workings/resource/GTEv8//GTExv8.EUR.Brain_Amygdala/ENSG00000100376.11.wgt.RDat	ENSG00000100376.11	22	45308967	45308968	0.802	rs736490	-5.24	rs104664	0.42889	7.55	-0.29436	610	14	enet	0.41	3.3e-15	-0.32952	0.742
Brain_Amygdala	/media/kame/Data/_workings/resource/GTEv8//GTExv8.EUR.Brain_Amygdala/ENSG00000128408.8.wgt.RDat	ENSG00000128408.8	22	45413690	45413691	0.372	rs736490	-5.24	rs6007031	0.08358	4.24	-1.18683	575	20	enet	0.0075	0.17	-0.768009	0.442
Brain_Amygdala	/media/kame/Data/_workings/resource/GTEv8//GTExv8.EUR.Brain_Amygdala/ENSG00000075234.16.wgt.RDat	ENSG00000075234.16	22	46267960	46267961	0.365	rs801719	-4.87	rs6008495	-0.00325	3.96	-0.01781	459	30	enet	-0.0076	0.74	1.187383	0.235
Brain_Amygdala	/media/kame/Data/_workings/resource/GTEv8//GTExv8.EUR.Brain_Amygdala/ENSG00000277232.2.wgt.RDat	ENSG00000277232.2	22	46296659	46296660	0.364	rs801719	-4.87	rs5769126	0.01107	-3.03	-0.86777	461	56	enet	-0.0077	0.75	-1.778053	0.0754
Brain_Amygdala	/media/kame/Data/_workings/resource/GTEv8//GTExv8.EUR.Brain_Amygdala/ENSG00000260708.1.wgt.RDat	ENSG00000260708.1	22	46762562	46762563	0.412	rs801719	-4.87	rs801643	0.27144	-5.81	0.43747	567	4	enet	0.18	7.8e-07	-0.076756	0.939
Brain_Amygdala	/media/kame/Data/_workings/resource/GTEv8//GTExv8.EUR.Brain_Amygdala/ENSG00000278869.1.wgt.RDat	ENSG00000278869.1	22	49934073	49934074	0.214	rs910799	6.24	rs138845	0.00408	4.23	1.71583	435	6	enet	-0.0057	0.56	1.784249	0.0744
Brain_Amygdala	/media/kame/Data/_workings/resource/GTEv8//GTExv8.EUR.Brain_Amygdala/ENSG00000273253.2.wgt.RDat	ENSG00000273253.2	22	50200836	50200837	0.615	rs910799	6.24	rs2294385	0.34605	6.68	2.35679	414	20	enet	0.34	2.1e-12	2.670931	0.00756
Brain_Amygdala	/media/kame/Data/_workings/resource/GTEv8//GTExv8.EUR.Brain_Amygdala/ENSG00000100429.17.wgt.RDat	ENSG00000100429.17	22	50249858	50249859	0.33	rs910799	6.24	rs7290465	0.27014	5.88	-0.44761	408	4	enet	0.23	1.9e-08	-0.372213	0.71
Brain_Amygdala	/media/kame/Data/_workings/resource/GTEv8//GTExv8.EUR.Brain_Amygdala/ENSG00000100239.15.wgt.RDat	ENSG00000100239.15	22	50343303	50343304	0.479	rs910799	6.24	rs3865766	0.23937	5.47	-1.06016	383	36	enet	0.16	5.6e-06	-1.176667	0.239
Brain_Amygdala	/media/kame/Data/_workings/resource/GTEv8//GTExv8.EUR.Brain_Amygdala/ENSG00000205560.12.wgt.RDat	ENSG00000205560.12	22	50578454	50578455	0.565	rs742186	-4.87	rs5770911	0.16733	-5.6	-2.18923	293	15	enet	0.26	1.7e-09	-0.374624	0.708
Brain_Amygdala	/media/kame/Data/_workings/resource/GTEv8//GTExv8.EUR.Brain_Amygdala/ENSG00000100288.19.wgt.RDat	ENSG00000100288.19	22	50601454	50601455	0.455	rs742186	-4.87	rs131748	0.18041	-5.48	-0.72937	283	12	enet	0.16	4.6e-06	0.529447	0.596
Brain_Amygdala	/media/kame/Data/_workings/resource/GTEv8//GTExv8.EUR.Brain_Amygdala/ENSG00000100299.17.wgt.RDat	ENSG00000100299.17	22	50628172	50628173	0.598	rs742186	-4.87	rs8142033	0.31636	-6.3	-0.55983	258	18	enet	0.35	9.6e-13	-0.321205	0.748
