PANEL	FILE	ID	CHR	P0	P1	HSQ	BEST.GWAS.ID	BEST.GWAS.Z	EQTL.ID	EQTL.R2	EQTL.Z	EQTL.GWAS.Z	NSNP	NWGT	MODEL	MODELCV.R2	MODELCV.PV	TWAS.Z	TWAS.P
Uterus	/media/kame/Data/_workings/resource/GTEv8//GTExv8.EUR.Uterus/ENSG00000230092.7.wgt.RDat	ENSG00000230092.7	1	810169	810170	0.222	rs1891910	-4.64	rs3094315	0.103993	4.58	-0.14631	148	6	enet	0.086	0.0013	-0.280683	0.779
Uterus	/media/kame/Data/_workings/resource/GTEv8//GTExv8.EUR.Uterus/ENSG00000225880.5.wgt.RDat	ENSG00000225880.5	1	827521	827522	0.529	rs1891910	-4.64	rs3094315	0.259858	5.55	-0.14631	154	39	enet	0.27	7.1e-09	0.187235	0.851
Uterus	/media/kame/Data/_workings/resource/GTEv8//GTExv8.EUR.Uterus/ENSG00000187642.9.wgt.RDat	ENSG00000187642.9	1	982092	982093	0.372	rs1891910	-4.64	rs13303118	0.234161	-5.19	-0.59933	179	22	enet	0.16	1.2e-05	1.017185	0.309
Uterus	/media/kame/Data/_workings/resource/GTEv8//GTExv8.EUR.Uterus/ENSG00000272512.1.wgt.RDat	ENSG00000272512.1	1	998050	998051	0.447	rs1891910	-4.64	rs3128117	0.288028	-5.69	-0.83987	181	19	enet	0.18	3.7e-06	0.88084	0.378
Uterus	/media/kame/Data/_workings/resource/GTEv8//GTExv8.EUR.Uterus/ENSG00000188290.10.wgt.RDat	ENSG00000188290.10	1	1000171	1000172	0.236	rs1891910	-4.64	rs182532	-0.006765	-2.66	0.3453	181	30	enet	-0.00029	0.33	-0.071636	0.943
Uterus	/media/kame/Data/_workings/resource/GTEv8//GTExv8.EUR.Uterus/ENSG00000127054.20.wgt.RDat	ENSG00000127054.20	1	1324690	1324691	0.286	rs1891910	-4.64	rs12142199	0.057308	3.94	-1.03914	250	21	enet	0.043	0.018	-0.217621	0.828
Uterus	/media/kame/Data/_workings/resource/GTEv8//GTExv8.EUR.Uterus/ENSG00000235098.8.wgt.RDat	ENSG00000235098.8	1	1421768	1421769	0.345	rs1891910	-4.64	rs12089560	0.20393	-5.78	0.7915	280	24	enet	0.28	2.4e-09	-0.001777	0.999
Uterus	/media/kame/Data/_workings/resource/GTEv8//GTExv8.EUR.Uterus/ENSG00000225905.1.wgt.RDat	ENSG00000225905.1	1	1422468	1422469	0.216	rs1891910	-4.64	rs1240707	0.126102	-4.54	0.80767	282	12	enet	0.055	0.0087	-0.262661	0.793
Uterus	/media/kame/Data/_workings/resource/GTEv8//GTExv8.EUR.Uterus/ENSG00000215915.9.wgt.RDat	ENSG00000215915.9	1	1449688	1449689	0.253	rs1891910	-4.64	rs12142199	0.033146	-3.47	-1.03914	285	21	enet	-0.0089	0.81	-0.203925	0.838
Uterus	/media/kame/Data/_workings/resource/GTEv8//GTExv8.EUR.Uterus/ENSG00000160072.19.wgt.RDat	ENSG00000160072.19	1	1471768	1471769	0.662	rs1891910	-4.64	rs2031709	0.080878	-4.92	2.14919	282	80	enet	0.098	6e-04	-1.535153	0.125
Uterus	/media/kame/Data/_workings/resource/GTEv8//GTExv8.EUR.Uterus/ENSG00000160075.11.wgt.RDat	ENSG00000160075.11	1	1574868	1574869	0.221	rs3128317	-4.81	rs4074196	0.051377	-4.01	0.97239	279	11	enet	0.041	0.02	-0.739514	0.46
Uterus	/media/kame/Data/_workings/resource/GTEv8//GTExv8.EUR.Uterus/ENSG00000231050.1.wgt.RDat	ENSG00000231050.1	1	1891470	1891471	0.269	rs3128317	-4.81	rs9970652	0.093473	-4.59	-0.5447	315	13	enet	0.072	0.0031	0.866231	0.386
Uterus	/media/kame/Data/_workings/resource/GTEv8//GTExv8.EUR.Uterus/ENSG00000162585.16.wgt.RDat	ENSG00000162585.16	1	2212719	2212720	0.305	rs34241773	10.5	rs2503706	0.009758	3.9	0.35257	373	33	enet	0.12	0.00014	1.778855	0.0753
Uterus	/media/kame/Data/_workings/resource/GTEv8//GTExv8.EUR.Uterus/ENSG00000116213.15.wgt.RDat	ENSG00000116213.15	1	3652760	3652761	0.345	rs2651927	-4.27	rs4364818	0.031206	4.22	-0.54966	535	14	enet	0.079	0.002	-0.731176	0.465
Uterus	/media/kame/Data/_workings/resource/GTEv8//GTExv8.EUR.Uterus/ENSG00000116198.12.wgt.RDat	ENSG00000116198.12	1	3857213	3857214	0.363	rs10915459	4.37	rs17403773	0.051146	-4.11	0.29799	570	13	enet	0.028	0.048	-1.876256	0.0606
Uterus	/media/kame/Data/_workings/resource/GTEv8//GTExv8.EUR.Uterus/ENSG00000169598.15.wgt.RDat	ENSG00000169598.15	1	3857266	3857267	0.488	rs10915459	4.37	rs7530189	-0.002135	-3.52	1.80742	570	19	enet	0.036	0.029	-0.003256	0.997
Uterus	/media/kame/Data/_workings/resource/GTEv8//GTExv8.EUR.Uterus/ENSG00000131697.17.wgt.RDat	ENSG00000131697.17	1	5992361	5992362	0.267	rs11588889	-6.71	rs806111	0.001379	-4.07	-2.76036	503	4	enet	-0.0086	0.76	1.933755	0.0531
Uterus	/media/kame/Data/_workings/resource/GTEv8//GTExv8.EUR.Uterus/ENSG00000242349.5.wgt.RDat	ENSG00000242349.5	1	11843703	11843704	0.328	rs1148471	6.54	rs198405	0.249848	-5.37	-1.94598	474	17	enet	0.21	4.6e-07	1.452616	0.146
Uterus	/media/kame/Data/_workings/resource/GTEv8//GTExv8.EUR.Uterus/ENSG00000162494.5.wgt.RDat	ENSG00000162494.5	1	13514047	13514048	0.383	rs3013047	4.47	rs164868	0.12861	3.83	-0.07179	375	34	enet	0.086	0.0013	-0.57429	0.566
Uterus	/media/kame/Data/_workings/resource/GTEv8//GTExv8.EUR.Uterus/ENSG00000132881.11.wgt.RDat	ENSG00000132881.11	1	16237161	16237162	0.189	rs11801060	-4.15	rs6700888	0.07898	-4.08	0.40881	317	8	enet	0.033	0.035	0.739407	0.46
Uterus	/media/kame/Data/_workings/resource/GTEv8//GTExv8.EUR.Uterus/ENSG00000219481.10.wgt.RDat	ENSG00000219481.10	1	16613561	16613562	0.277	rs12408813	2.46	rs12119764	0.111805	4.17	1.47114	274	37	enet	0.1	0.00049	1.436132	0.151
Uterus	/media/kame/Data/_workings/resource/GTEv8//GTExv8.EUR.Uterus/ENSG00000186301.8.wgt.RDat	ENSG00000186301.8	1	16645621	16645622	0.666	rs12408813	2.46	rs12064256	0.087711	-4.04	0.30314	259	38	enet	0.24	5.7e-08	0.415763	0.678
Uterus	/media/kame/Data/_workings/resource/GTEv8//GTExv8.EUR.Uterus/ENSG00000215908.10.wgt.RDat	ENSG00000215908.10	1	16657231	16657232	0.57	rs1883911	-2.49	rs156908	0.063256	4.07	-0.15658	256	45	enet	0.085	0.0013	-0.080487	0.936
Uterus	/media/kame/Data/_workings/resource/GTEv8//GTExv8.EUR.Uterus/ENSG00000186715.10.wgt.RDat	ENSG00000186715.10	1	16770236	16770237	0.273	rs12026071	-3.06	rs6691985	0.261074	5.3	-0.37775	290	12	enet	0.27	5.3e-09	-0.028872	0.977
Uterus	/media/kame/Data/_workings/resource/GTEv8//GTExv8.EUR.Uterus/ENSG00000235241.1.wgt.RDat	ENSG00000235241.1	1	16889094	16889095	0.218	rs12026071	-3.06	rs6691985	0.112078	4.45	-0.37775	338	15	enet	0.018	0.09	-0.222846	0.824
Uterus	/media/kame/Data/_workings/resource/GTEv8//GTExv8.EUR.Uterus/ENSG00000058453.16.wgt.RDat	ENSG00000058453.16	1	16921949	16921950	0.238	rs12026071	-3.06	rs6691985	0.170604	5	-0.37775	351	26	enet	0.13	9.2e-05	0.281292	0.778
Uterus	/media/kame/Data/_workings/resource/GTEv8//GTExv8.EUR.Uterus/ENSG00000127481.14.wgt.RDat	ENSG00000127481.14	1	19210275	19210276	0.388	rs6693503	6.81	rs12062540	0.138486	-4.55	-0.03826	509	33	enet	0.046	0.015	1.292334	0.196
Uterus	/media/kame/Data/_workings/resource/GTEv8//GTExv8.EUR.Uterus/ENSG00000127463.13.wgt.RDat	ENSG00000127463.13	1	19251537	19251538	0.296	rs6693503	6.81	rs710865	0.216604	-5.29	-0.80559	504	11	enet	0.13	9.8e-05	0.363036	0.717
Uterus	/media/kame/Data/_workings/resource/GTEv8//GTExv8.EUR.Uterus/ENSG00000040487.12.wgt.RDat	ENSG00000040487.12	1	19312325	19312326	0.292	rs6693503	6.81	rs214343	0.096722	-4.29	0.7426	486	22	enet	0.15	2.2e-05	-0.649955	0.516
Uterus	/media/kame/Data/_workings/resource/GTEv8//GTExv8.EUR.Uterus/ENSG00000169914.5.wgt.RDat	ENSG00000169914.5	1	19882512	19882513	0.509	rs6693503	6.81	rs10916668	0.096234	4.19	-0.08721	539	46	enet	0.034	0.033	1.067093	0.286
Uterus	/media/kame/Data/_workings/resource/GTEv8//GTExv8.EUR.Uterus/ENSG00000158825.5.wgt.RDat	ENSG00000158825.5	1	20588947	20588948	0.283	rs12080654	4.37	rs10916825	-0.004496	-3.83	1.32973	485	15	enet	-0.0095	0.94	-0.683467	0.494
Uterus	/media/kame/Data/_workings/resource/GTEv8//GTExv8.EUR.Uterus/ENSG00000117242.7.wgt.RDat	ENSG00000117242.7	1	20651765	20651766	0.349	rs12080654	4.37	rs527912	0.156733	5.07	-0.71459	464	12	enet	0.13	9.7e-05	0.097446	0.922
Uterus	/media/kame/Data/_workings/resource/GTEv8//GTExv8.EUR.Uterus/ENSG00000231105.1.wgt.RDat	ENSG00000231105.1	1	21293289	21293290	0.231	rs3026886	7.03	rs10916919	0.005103	3.69	-0.45919	361	33	enet	-0.0093	0.89	0.650721	0.515
Uterus	/media/kame/Data/_workings/resource/GTEv8//GTExv8.EUR.Uterus/ENSG00000227001.3.wgt.RDat	ENSG00000227001.3	1	21427966	21427967	0.568	rs3026886	7.03	rs2047654	0.363727	-6.45	-0.28989	377	12	enet	0.33	5.3e-11	0.376597	0.706
Uterus	/media/kame/Data/_workings/resource/GTEv8//GTExv8.EUR.Uterus/ENSG00000142794.18.wgt.RDat	ENSG00000142794.18	1	21440127	21440128	0.707	rs3026886	7.03	rs1827293	0.410137	7.16	-0.40575	379	43	enet	0.49	3.8e-17	0.379508	0.704
Uterus	/media/kame/Data/_workings/resource/GTEv8//GTExv8.EUR.Uterus/ENSG00000218510.6.wgt.RDat	ENSG00000218510.6	1	22024530	22024531	0.866	rs7520656	5.84	rs11586488	0.646833	8.29	0.30911	516	40	enet	0.61	3e-23	1.370767	0.17
Uterus	/media/kame/Data/_workings/resource/GTEv8//GTExv8.EUR.Uterus/ENSG00000125945.14.wgt.RDat	ENSG00000125945.14	1	23368385	23368386	0.355	rs10917325	5.25	rs3795308	0.233193	5.06	-1.13939	310	24	enet	0.14	3.5e-05	-1.345781	0.178
Uterus	/media/kame/Data/_workings/resource/GTEv8//GTExv8.EUR.Uterus/ENSG00000249087.6.wgt.RDat	ENSG00000249087.6	1	23368996	23368997	0.495	rs10917325	5.25	rs3795308	0.214578	5.26	-1.13939	310	32	enet	0.11	3e-04	-0.326674	0.744
Uterus	/media/kame/Data/_workings/resource/GTEv8//GTExv8.EUR.Uterus/ENSG00000001460.17.wgt.RDat	ENSG00000001460.17	1	24416933	24416934	0.354	rs6700245	-4.58	rs10489442	0.042202	-3.61	-1.94703	417	41	enet	-0.00021	0.33	1.742266	0.0815
Uterus	/media/kame/Data/_workings/resource/GTEv8//GTExv8.EUR.Uterus/ENSG00000261349.1.wgt.RDat	ENSG00000261349.1	1	25267135	25267136	0.679	rs3767880	-5.16	rs3091242	0.283042	5.56	-0.62936	344	30	enet	0.38	9.3e-13	0.849125	0.396
Uterus	/media/kame/Data/_workings/resource/GTEv8//GTExv8.EUR.Uterus/ENSG00000187010.19.wgt.RDat	ENSG00000187010.19	1	25272392	25272393	0.769	rs3767880	-5.16	rs3091242	0.323893	5.93	-0.62936	345	30	enet	0.43	1.5e-14	0.679417	0.497
Uterus	/media/kame/Data/_workings/resource/GTEv8//GTExv8.EUR.Uterus/ENSG00000224183.1.wgt.RDat	ENSG00000224183.1	1	25294642	25294643	0.365	rs3767880	-5.16	rs3091242	0.156306	4.66	-0.62936	358	11	enet	0.26	1.7e-08	0.828893	0.407
Uterus	/media/kame/Data/_workings/resource/GTEv8//GTExv8.EUR.Uterus/ENSG00000158022.6.wgt.RDat	ENSG00000158022.6	1	26068435	26068436	0.216	rs3767880	-5.16	rs3811461	0.086185	-4.4	-0.70268	450	29	enet	0.1	0.00051	0.932294	0.351
Uterus	/media/kame/Data/_workings/resource/GTEv8//GTExv8.EUR.Uterus/ENSG00000142675.17.wgt.RDat	ENSG00000142675.17	1	26177402	26177403	0.451	rs3767880	-5.16	rs12145714	0.382426	-6.49	0.06035	436	13	enet	0.33	7.7e-11	0.509629	0.61
Uterus	/media/kame/Data/_workings/resource/GTEv8//GTExv8.EUR.Uterus/ENSG00000130695.14.wgt.RDat	ENSG00000130695.14	1	26234152	26234153	0.314	rs3767880	-5.16	rs10902717	0.04862	4.1	0.24084	425	24	enet	0.18	3.1e-06	0.168756	0.866
Uterus	/media/kame/Data/_workings/resource/GTEv8//GTExv8.EUR.Uterus/ENSG00000169442.8.wgt.RDat	ENSG00000169442.8	1	26317956	26317957	0.392	rs12084041	-3.39	rs11577318	0.265979	-6.05	0.20272	393	29	enet	0.3	4.5e-10	-0.334847	0.738
Uterus	/media/kame/Data/_workings/resource/GTEv8//GTExv8.EUR.Uterus/ENSG00000158062.20.wgt.RDat	ENSG00000158062.20	1	26318362	26318363	0.299	rs12084041	-3.39	rs4072445	0.12417	-4.32	-0.1791	392	45	enet	0.067	0.004	0.236917	0.813
Uterus	/media/kame/Data/_workings/resource/GTEv8//GTExv8.EUR.Uterus/ENSG00000060642.10.wgt.RDat	ENSG00000060642.10	1	26787471	26787472	0.224	rs12084041	-3.39	rs12746810	0.16703	-4.56	-0.73515	290	34	enet	0.12	0.00012	1.328034	0.184
Uterus	/media/kame/Data/_workings/resource/GTEv8//GTExv8.EUR.Uterus/ENSG00000174950.10.wgt.RDat	ENSG00000174950.10	1	27383379	27383380	0.279	rs17340684	-7.88	rs2474291	0.233449	5.04	-0.11793	213	27	enet	0.19	1.9e-06	-0.124699	0.901
Uterus	/media/kame/Data/_workings/resource/GTEv8//GTExv8.EUR.Uterus/ENSG00000158161.15.wgt.RDat	ENSG00000158161.15	1	28088695	28088696	0.219	rs7523070	-4.3	rs490149	0.081982	4.26	2.22906	238	12	enet	0.089	0.0011	1.111693	0.266
Uterus	/media/kame/Data/_workings/resource/GTEv8//GTExv8.EUR.Uterus/ENSG00000130770.17.wgt.RDat	ENSG00000130770.17	1	28236108	28236109	0.242	rs7523070	-4.3	rs490633	0.17674	-4.78	1.58367	241	15	enet	0.11	0.00022	-1.698506	0.0894
Uterus	/media/kame/Data/_workings/resource/GTEv8//GTExv8.EUR.Uterus/ENSG00000270605.1.wgt.RDat	ENSG00000270605.1	1	28241452	28241453	0.666	rs7523070	-4.3	rs490633	0.440227	-7.23	1.58367	244	12	enet	0.29	1.4e-09	-2.020714	0.0433
Uterus	/media/kame/Data/_workings/resource/GTEv8//GTExv8.EUR.Uterus/ENSG00000204138.12.wgt.RDat	ENSG00000204138.12	1	28369581	28369582	0.41	rs797397	-4.82	rs11247776	0.032946	-3.99	-1.19877	276	50	enet	0.078	0.0021	1.225719	0.22
Uterus	/media/kame/Data/_workings/resource/GTEv8//GTExv8.EUR.Uterus/ENSG00000168528.11.wgt.RDat	ENSG00000168528.11	1	31409564	31409565	0.274	rs2050256	12.51	rs11578034	0.034382	-3.77	1.74076	378	30	enet	0.098	0.00059	-1.671055	0.0947
Uterus	/media/kame/Data/_workings/resource/GTEv8//GTExv8.EUR.Uterus/ENSG00000163877.10.wgt.RDat	ENSG00000163877.10	1	37554343	37554344	0.295	rs573744	9.24	rs2745485	-0.005167	3.48	-0.86394	450	35	enet	0.06	0.0064	0.349413	0.727
Uterus	/media/kame/Data/_workings/resource/GTEv8//GTExv8.EUR.Uterus/ENSG00000163879.10.wgt.RDat	ENSG00000163879.10	1	37556918	37556919	0.336	rs573744	9.24	rs7535432	0.110187	4.59	-0.03549	451	23	enet	0.11	0.00036	-0.149881	0.881
Uterus	/media/kame/Data/_workings/resource/GTEv8//GTExv8.EUR.Uterus/ENSG00000183431.11.wgt.RDat	ENSG00000183431.11	1	37990920	37990921	0.266	rs573744	9.24	rs28493395	0.164561	5.11	1.8879	463	17	enet	0.15	1.7e-05	1.221395	0.222
Uterus	/media/kame/Data/_workings/resource/GTEv8//GTExv8.EUR.Uterus/ENSG00000183386.9.wgt.RDat	ENSG00000183386.9	1	38005605	38005606	0.286	rs573744	9.24	rs12044531	0.135741	-4.74	2.34542	459	10	enet	0.12	0.00012	-1.619877	0.105
Uterus	/media/kame/Data/_workings/resource/GTEv8//GTExv8.EUR.Uterus/ENSG00000168653.10.wgt.RDat	ENSG00000168653.10	1	39026317	39026318	0.774	rs1569053	-5.06	rs4147753	0.510043	-7.44	0.24168	398	5	enet	0.51	5e-18	-0.346861	0.729
Uterus	/media/kame/Data/_workings/resource/GTEv8//GTExv8.EUR.Uterus/ENSG00000237624.1.wgt.RDat	ENSG00000237624.1	1	39514955	39514956	0.501	rs1180280	-5.77	rs3916164	0.31216	5.81	-1.37559	366	18	enet	0.35	1.6e-11	-0.926317	0.354
Uterus	/media/kame/Data/_workings/resource/GTEv8//GTExv8.EUR.Uterus/ENSG00000084072.16.wgt.RDat	ENSG00000084072.16	1	39692181	39692182	0.683	rs12730176	-6.61	rs7547787	0.526612	7.6	1.12849	379	18	enet	0.54	1.1e-19	1.22747	0.22
Uterus	/media/kame/Data/_workings/resource/GTEv8//GTExv8.EUR.Uterus/ENSG00000043514.15.wgt.RDat	ENSG00000043514.15	1	39883510	39883511	0.428	rs12730176	-6.61	rs12123609	0.157081	-5.22	-0.02015	386	24	enet	0.19	1.6e-06	0.316898	0.751
Uterus	/media/kame/Data/_workings/resource/GTEv8//GTExv8.EUR.Uterus/ENSG00000131238.16.wgt.RDat	ENSG00000131238.16	1	40097702	40097703	0.417	rs12730176	-6.61	rs12129606	0.125211	4.61	-0.11943	412	21	enet	0.2	9.1e-07	0.811024	0.417
Uterus	/media/kame/Data/_workings/resource/GTEv8//GTExv8.EUR.Uterus/ENSG00000084073.8.wgt.RDat	ENSG00000084073.8	1	40258106	40258107	0.194	rs12730176	-6.61	rs12127899	-0.004533	3.12	-0.05246	401	32	enet	-0.0095	1	1.164089	0.244
Uterus	/media/kame/Data/_workings/resource/GTEv8//GTExv8.EUR.Uterus/ENSG00000238287.1.wgt.RDat	ENSG00000238287.1	1	40508660	40508661	0.365	rs12730176	-6.61	rs4660411	0.266396	-5.58	-0.43482	433	9	enet	0.2	1.1e-06	0.337144	0.736
Uterus	/media/kame/Data/_workings/resource/GTEv8//GTExv8.EUR.Uterus/ENSG00000228452.1.wgt.RDat	ENSG00000228452.1	1	42776789	42776790	0.254	rs841860	7.8	rs10890203	0.126044	-5.38	0.33997	410	12	enet	0.17	4.6e-06	0.353039	0.724
Uterus	/media/kame/Data/_workings/resource/GTEv8//GTExv8.EUR.Uterus/ENSG00000177868.11.wgt.RDat	ENSG00000177868.11	1	42816803	42816804	0.195	rs841860	8.19	rs17386017	0.029115	3.53	0.7124	424	37	enet	0.018	0.087	1.282355	0.2
Uterus	/media/kame/Data/_workings/resource/GTEv8//GTExv8.EUR.Uterus/ENSG00000227533.5.wgt.RDat	ENSG00000227533.5	1	42959294	42959295	0.607	rs841860	7.01	rs12718444	0.194587	5.83	0.01335	426	10	enet	0.11	0.00033	-1.454085	0.146
Uterus	/media/kame/Data/_workings/resource/GTEv8//GTExv8.EUR.Uterus/ENSG00000117395.12.wgt.RDat	ENSG00000117395.12	1	43270935	43270936	0.305	rs11590627	-10.18	rs6690113	0.005094	-3.23	0.7259	445	52	enet	0.081	0.0017	-0.524349	0.6
Uterus	/media/kame/Data/_workings/resource/GTEv8//GTExv8.EUR.Uterus/ENSG00000126088.13.wgt.RDat	ENSG00000126088.13	1	45012146	45012147	0.321	rs12137389	-3.35	rs11211059	0.209618	-5.24	-0.16305	321	34	enet	0.18	2.7e-06	0.738439	0.46
Uterus	/media/kame/Data/_workings/resource/GTEv8//GTExv8.EUR.Uterus/ENSG00000280670.2.wgt.RDat	ENSG00000280670.2	1	45500051	45500052	0.82	rs518216	6.26	rs882803	0.628516	8.22	0.44311	281	12	enet	0.62	7.3e-24	0.525725	0.599
Uterus	/media/kame/Data/_workings/resource/GTEv8//GTExv8.EUR.Uterus/ENSG00000086015.20.wgt.RDat	ENSG00000086015.20	1	45786986	45786987	0.356	rs518216	6.26	rs7524495	0.319136	6.28	-0.28618	304	22	enet	0.29	9.5e-10	-0.339095	0.735
Uterus	/media/kame/Data/_workings/resource/GTEv8//GTExv8.EUR.Uterus/ENSG00000242267.6.wgt.RDat	ENSG00000242267.6	1	48182427	48182428	0.315	rs12403496	4.94	rs926978	0.119634	4.31	0.14763	484	18	enet	0.13	9.3e-05	-0.169558	0.865
Uterus	/media/kame/Data/_workings/resource/GTEv8//GTExv8.EUR.Uterus/ENSG00000117834.12.wgt.RDat	ENSG00000117834.12	1	48222684	48222685	0.345	rs12403496	4.94	rs3767618	0.091945	4.35	-0.10616	479	36	enet	0.093	8e-04	-0.18475	0.853
Uterus	/media/kame/Data/_workings/resource/GTEv8//GTExv8.EUR.Uterus/ENSG00000272491.1.wgt.RDat	ENSG00000272491.1	1	48229560	48229561	0.495	rs12403496	4.94	rs1338315	0.342516	6.18	-0.25811	478	17	enet	0.31	2.9e-10	-0.211163	0.833
Uterus	/media/kame/Data/_workings/resource/GTEv8//GTExv8.EUR.Uterus/ENSG00000134744.13.wgt.RDat	ENSG00000134744.13	1	52553486	52553487	0.243	rs2783192	-3.66	rs6657731	0.21314	5.2	-0.50315	258	30	enet	0.21	5.8e-07	-0.977896	0.328
Uterus	/media/kame/Data/_workings/resource/GTEv8//GTExv8.EUR.Uterus/ENSG00000116157.5.wgt.RDat	ENSG00000116157.5	1	52602371	52602372	0.585	rs681865	3.64	rs835341	0.318571	6.18	1.2152	297	11	enet	0.23	8e-08	1.033494	0.301
Uterus	/media/kame/Data/_workings/resource/GTEv8//GTExv8.EUR.Uterus/ENSG00000162384.13.wgt.RDat	ENSG00000162384.13	1	53220616	53220617	0.283	rs2788032	4.8	rs12039021	0.103651	-4.59	-3.27415	479	22	enet	0.07	0.0034	1.887961	0.059
Uterus	/media/kame/Data/_workings/resource/GTEv8//GTExv8.EUR.Uterus/ENSG00000243725.6.wgt.RDat	ENSG00000243725.6	1	54715821	54715822	0.337	rs1105690	-5.07	rs3766415	0.161388	4.65	-0.33965	524	17	enet	0.12	0.00013	-0.205795	0.837
Uterus	/media/kame/Data/_workings/resource/GTEv8//GTExv8.EUR.Uterus/ENSG00000162402.13.wgt.RDat	ENSG00000162402.13	1	55215112	55215113	0.224	rs12565309	-4.05	rs6703366	0.083429	-4.04	-1.27991	615	20	enet	0.022	0.07	1.387047	0.165
Uterus	/media/kame/Data/_workings/resource/GTEv8//GTExv8.EUR.Uterus/ENSG00000142856.16.wgt.RDat	ENSG00000142856.16	1	63529185	63529186	0.788	rs12024843	-3.87	rs10789138	0.620183	8.22	-0.88947	486	13	enet	0.63	1.7e-24	-0.693106	0.488
Uterus	/media/kame/Data/_workings/resource/GTEv8//GTExv8.EUR.Uterus/ENSG00000229051.1.wgt.RDat	ENSG00000229051.1	1	70706452	70706453	0.276	rs2782762	-6.02	rs6683555	0.102362	4.07	-0.50514	422	15	enet	0.0017	0.28	-0.800946	0.423
Uterus	/media/kame/Data/_workings/resource/GTEv8//GTExv8.EUR.Uterus/ENSG00000235079.1.wgt.RDat	ENSG00000235079.1	1	71048854	71048855	0.443	rs17503709	6.39	rs17503430	-0.006988	3.5	6.226	365	58	enet	0.11	0.00026	-0.248524	0.804
Uterus	/media/kame/Data/_workings/resource/GTEv8//GTExv8.EUR.Uterus/ENSG00000162620.15.wgt.RDat	ENSG00000162620.15	1	74198186	74198187	0.313	rs1353674	8.04	rs11806946	0.234847	-5.44	0.04639	354	21	enet	0.21	3.7e-07	0.571765	0.567
Uterus	/media/kame/Data/_workings/resource/GTEv8//GTExv8.EUR.Uterus/ENSG00000254685.6.wgt.RDat	ENSG00000254685.6	1	74198211	74198212	0.268	rs1353674	8.04	rs1601153	0.171798	-4.79	-0.26466	354	29	enet	0.12	0.00013	1.121731	0.262
Uterus	/media/kame/Data/_workings/resource/GTEv8//GTExv8.EUR.Uterus/ENSG00000116783.14.wgt.RDat	ENSG00000116783.14	1	74235400	74235401	0.39	rs1353674	7.72	rs7538410	0.308624	-5.86	0.07207	354	21	enet	0.29	1.8e-09	0.101082	0.919
Uterus	/media/kame/Data/_workings/resource/GTEv8//GTExv8.EUR.Uterus/ENSG00000272864.1.wgt.RDat	ENSG00000272864.1	1	74699332	74699333	0.596	rs1011542	6.05	rs6662846	0.370605	-6.4	-1.90531	370	25	enet	0.33	8.8e-11	0.897206	0.37
Uterus	/media/kame/Data/_workings/resource/GTEv8//GTExv8.EUR.Uterus/ENSG00000162624.14.wgt.RDat	ENSG00000162624.14	1	75128433	75128434	0.251	rs975152	7.18	rs7529122	0.083485	4.15	0.26192	382	33	enet	0.11	0.00035	-0.474457	0.635
Uterus	/media/kame/Data/_workings/resource/GTEv8//GTExv8.EUR.Uterus/ENSG00000057468.6.wgt.RDat	ENSG00000057468.6	1	75796881	75796882	0.171	rs1414403	7.52	rs931507	0.125832	4.73	0.92977	458	16	enet	0.065	0.0048	0.841495	0.4
Uterus	/media/kame/Data/_workings/resource/GTEv8//GTExv8.EUR.Uterus/ENSG00000117133.10.wgt.RDat	ENSG00000117133.10	1	84479258	84479259	0.266	rs12031476	-5.46	rs846845	0.053837	-3.81	-4.72078	527	21	enet	0.043	0.019	3.524907	0.000424
Uterus	/media/kame/Data/_workings/resource/GTEv8//GTExv8.EUR.Uterus/ENSG00000153898.12.wgt.RDat	ENSG00000153898.12	1	84997112	84997113	0.372	rs12031476	-5.46	rs632545	0.166582	-5.26	-0.23305	579	25	enet	0.23	1.2e-07	-0.148044	0.882
Uterus	/media/kame/Data/_workings/resource/GTEv8//GTExv8.EUR.Uterus/ENSG00000117174.10.wgt.RDat	ENSG00000117174.10	1	85708432	85708433	0.308	rs562080	-5.21	rs1539444	0.232508	-5.38	-1.00312	531	15	enet	0.19	2.2e-06	0.977728	0.328
Uterus	/media/kame/Data/_workings/resource/GTEv8//GTExv8.EUR.Uterus/ENSG00000122417.15.wgt.RDat	ENSG00000122417.15	1	86396341	86396342	0.345	rs6686918	5.97	rs6687775	0.045251	3.83	-0.85643	440	23	enet	0.031	0.038	-0.66079	0.509
Uterus	/media/kame/Data/_workings/resource/GTEv8//GTExv8.EUR.Uterus/ENSG00000279778.1.wgt.RDat	ENSG00000279778.1	1	87808371	87808372	0.346	rs608410	9.84	rs1413533	0.040261	4.4	-0.93267	452	16	enet	0.025	0.056	-0.84509	0.398
Uterus	/media/kame/Data/_workings/resource/GTEv8//GTExv8.EUR.Uterus/ENSG00000137944.17.wgt.RDat	ENSG00000137944.17	1	88988354	88988355	0.318	rs12732279	-3.6	rs10801696	0.160664	-4.48	0.7355	352	24	enet	0.11	0.00023	-0.008577	0.993
Uterus	/media/kame/Data/_workings/resource/GTEv8//GTExv8.EUR.Uterus/ENSG00000117226.11.wgt.RDat	ENSG00000117226.11	1	89022893	89022894	0.4	rs12732279	-3.6	rs17433780	0.32037	-5.92	-0.01279	338	25	enet	0.28	3.4e-09	0.123105	0.902
Uterus	/media/kame/Data/_workings/resource/GTEv8//GTExv8.EUR.Uterus/ENSG00000213512.1.wgt.RDat	ENSG00000213512.1	1	89176039	89176040	0.482	rs12732279	-3.6	rs674903	0.432698	7.02	0.76876	351	13	enet	0.37	2.6e-12	0.278884	0.78
Uterus	/media/kame/Data/_workings/resource/GTEv8//GTExv8.EUR.Uterus/ENSG00000162669.15.wgt.RDat	ENSG00000162669.15	1	91404868	91404869	0.494	rs6687904	7.5	rs281935	0.111992	4.67	0.44014	526	29	enet	0.089	0.0011	-0.275504	0.783
Uterus	/media/kame/Data/_workings/resource/GTEv8//GTExv8.EUR.Uterus/ENSG00000069712.12.wgt.RDat	ENSG00000069712.12	1	92166984	92166985	0.192	rs6699855	4.19	rs6699855	0.005921	3.5	4.19228	395	28	enet	0.0056	0.21	1.636919	0.102
Uterus	/media/kame/Data/_workings/resource/GTEv8//GTExv8.EUR.Uterus/ENSG00000067208.14.wgt.RDat	ENSG00000067208.14	1	92792403	92792404	0.178	rs1556562	3.74	rs7552212	0.154676	4.41	2.43992	273	35	enet	0.084	0.0015	1.320289	0.187
Uterus	/media/kame/Data/_workings/resource/GTEv8//GTExv8.EUR.Uterus/ENSG00000223745.7.wgt.RDat	ENSG00000223745.7	1	93345886	93345887	0.591	rs10518536	-7.82	rs573056	0.400425	-7.34	0.93234	300	38	enet	0.45	1.1e-15	-0.590194	0.555
Uterus	/media/kame/Data/_workings/resource/GTEv8//GTExv8.EUR.Uterus/ENSG00000230439.2.wgt.RDat	ENSG00000230439.2	1	93775443	93775444	0.52	rs10518536	-7.82	rs2235971	0.389464	6.8	0.13062	433	34	enet	0.4	1.2e-13	-0.000409	1
Uterus	/media/kame/Data/_workings/resource/GTEv8//GTExv8.EUR.Uterus/ENSG00000117528.11.wgt.RDat	ENSG00000117528.11	1	94418454	94418455	0.278	rs3789433	-7.11	rs2147795	0.233257	5.39	2.81622	572	9	enet	0.15	2.2e-05	2.969988	0.00298
Uterus	/media/kame/Data/_workings/resource/GTEv8//GTExv8.EUR.Uterus/ENSG00000122481.16.wgt.RDat	ENSG00000122481.16	1	95234154	95234155	0.263	rs12081011	6.29	rs11589700	0.086326	4.42	0.45408	482	16	enet	0.11	0.00022	-1.964785	0.0494
Uterus	/media/kame/Data/_workings/resource/GTEv8//GTExv8.EUR.Uterus/ENSG00000228852.6.wgt.RDat	ENSG00000228852.6	1	95278939	95278940	0.305	rs12081011	6.29	rs6666528	-0.008548	3.25	-2.20395	461	12	enet	-0.0094	0.92	-3.425867	0.000613
Uterus	/media/kame/Data/_workings/resource/GTEv8//GTExv8.EUR.Uterus/ENSG00000122477.12.wgt.RDat	ENSG00000122477.12	1	100178272	100178273	0.328	rs10493931	-4.62	rs834575	0.140031	3.92	2.01281	439	64	enet	0.085	0.0013	3.526972	0.00042
Uterus	/media/kame/Data/_workings/resource/GTEv8//GTExv8.EUR.Uterus/ENSG00000143028.8.wgt.RDat	ENSG00000143028.8	1	109466627	109466628	0.144	rs3820667	6.23	rs10858085	0.023144	-4.22	2.12451	423	9	enet	0.04	0.022	0.967329	0.333
Uterus	/media/kame/Data/_workings/resource/GTEv8//GTExv8.EUR.Uterus/ENSG00000162650.16.wgt.RDat	ENSG00000162650.16	1	109483478	109483479	0.223	rs3820667	6.23	rs1765756	0.008778	-3.71	1.96131	413	9	enet	-0.003	0.41	-1.971151	0.0487
Uterus	/media/kame/Data/_workings/resource/GTEv8//GTExv8.EUR.Uterus/ENSG00000134184.12.wgt.RDat	ENSG00000134184.12	1	109687813	109687814	0.666	rs3820667	6.23	rs11101992	0.072244	4.6	0.00798	451	17	enet	0.094	0.00077	-0.184193	0.854
Uterus	/media/kame/Data/_workings/resource/GTEv8//GTExv8.EUR.Uterus/ENSG00000134202.10.wgt.RDat	ENSG00000134202.10	1	109741037	109741038	0.74	rs3820667	6.23	rs1332018	0.321775	-5.99	0.32463	438	18	enet	0.26	1.2e-08	-0.553542	0.58
Uterus	/media/kame/Data/_workings/resource/GTEv8//GTExv8.EUR.Uterus/ENSG00000156171.14.wgt.RDat	ENSG00000156171.14	1	111140215	111140216	0.313	rs17028134	-4.53	rs3762374	0.27943	5.54	1.09814	565	4	enet	0.18	3.3e-06	0.982655	0.326
Uterus	/media/kame/Data/_workings/resource/GTEv8//GTExv8.EUR.Uterus/ENSG00000085465.12.wgt.RDat	ENSG00000085465.12	1	111427776	111427777	0.361	rs11811128	-4.7	rs1264878	0.04329	-4.1	0.12822	596	12	enet	-0.0036	0.43	-0.600299	0.548
Uterus	/media/kame/Data/_workings/resource/GTEv8//GTExv8.EUR.Uterus/ENSG00000260948.1.wgt.RDat	ENSG00000260948.1	1	111433067	111433068	0.228	rs11811128	-4.7	rs1264888	0.099608	-4.44	0.17518	598	15	enet	0.023	0.063	-0.284427	0.776
Uterus	/media/kame/Data/_workings/resource/GTEv8//GTExv8.EUR.Uterus/ENSG00000121933.18.wgt.RDat	ENSG00000121933.18	1	111563961	111563962	0.435	rs6699612	-6.16	rs3393	0.027687	3.85	0.02314	669	19	enet	-0.0089	0.8	-0.0084	0.993
Uterus	/media/kame/Data/_workings/resource/GTEv8//GTExv8.EUR.Uterus/ENSG00000007341.18.wgt.RDat	ENSG00000007341.18	1	112620824	112620825	0.235	rs974442	-6.98	rs910697	0.168718	4.53	0.3086	330	31	enet	0.096	0.00068	0.193472	0.847
Uterus	/media/kame/Data/_workings/resource/GTEv8//GTExv8.EUR.Uterus/ENSG00000238198.1.wgt.RDat	ENSG00000238198.1	1	113073104	113073105	0.341	rs4534375	4.5	rs2359412	0.070103	-4.02	-0.92617	336	29	enet	0.14	3.7e-05	1.655832	0.0978
Uterus	/media/kame/Data/_workings/resource/GTEv8//GTExv8.EUR.Uterus/ENSG00000134200.3.wgt.RDat	ENSG00000134200.3	1	115029823	115029824	0.241	rs12741053	6.43	rs222493	0.064357	-4.25	2.81925	476	25	enet	0.065	0.0046	-1.305516	0.192
Uterus	/media/kame/Data/_workings/resource/GTEv8//GTExv8.EUR.Uterus/ENSG00000163393.12.wgt.RDat	ENSG00000163393.12	1	115976497	115976498	0.223	rs1498115	-4.09	rs12566568	0.088002	4.71	1.70492	465	17	enet	0.2	8.7e-07	1.073431	0.283
Uterus	/media/kame/Data/_workings/resource/GTEv8//GTExv8.EUR.Uterus/ENSG00000155761.13.wgt.RDat	ENSG00000155761.13	1	118185222	118185223	0.261	rs1146304	-6.11	rs12040811	-0.009366	-3.24	-0.85823	373	51	enet	-0.0062	0.56	1.263459	0.206
Uterus	/media/kame/Data/_workings/resource/GTEv8//GTExv8.EUR.Uterus/ENSG00000116874.11.wgt.RDat	ENSG00000116874.11	1	119140394	119140395	0.251	rs12756653	-2.42	rs1057991	0.099418	-4.33	-0.08213	415	36	enet	0.12	0.00016	-0.099089	0.921
Uterus	/media/kame/Data/_workings/resource/GTEv8//GTExv8.EUR.Uterus/ENSG00000231365.5.wgt.RDat	ENSG00000231365.5	1	119140458	119140459	0.456	rs12756653	-2.42	rs10923754	0.354759	-6.61	-0.04811	415	10	enet	0.36	3.4e-12	0.052091	0.958
Uterus	/media/kame/Data/_workings/resource/GTEv8//GTExv8.EUR.Uterus/ENSG00000271425.7.wgt.RDat	ENSG00000271425.7	1	146144803	146144804	0.654	rs3766526	4.11	rs16827043	0.339483	6.15	-0.03641	107	14	enet	0.35	1.7e-11	-0.660081	0.509
Uterus	/media/kame/Data/_workings/resource/GTEv8//GTExv8.EUR.Uterus/ENSG00000237188.3.wgt.RDat	ENSG00000237188.3	1	147172770	147172771	0.208	rs6593757	2.84	rs11800580	0.178025	5.25	1.38179	360	31	enet	0.18	2.8e-06	0.911379	0.362
Uterus	/media/kame/Data/_workings/resource/GTEv8//GTExv8.EUR.Uterus/ENSG00000278811.4.wgt.RDat	ENSG00000278811.4	1	147517874	147517875	0.153	rs4950495	-2.98	rs11800580	0.092579	4.05	1.38179	471	13	enet	0.034	0.031	1.229072	0.219
Uterus	/media/kame/Data/_workings/resource/GTEv8//GTExv8.EUR.Uterus/ENSG00000162836.11.wgt.RDat	ENSG00000162836.11	1	147670495	147670496	0.39	rs4950495	-2.98	rs12045115	0.210642	-5.5	0.55375	398	8	enet	0.19	1.9e-06	0.141734	0.887
Uterus	/media/kame/Data/_workings/resource/GTEv8//GTExv8.EUR.Uterus/ENSG00000263956.6.wgt.RDat	ENSG00000263956.6	1	148152321	148152322	0.34	rs4950495	-2.98	rs1814653	0.131624	-4.83	0.01817	162	13	enet	0.2	7.7e-07	-0.320096	0.749
Uterus	/media/kame/Data/_workings/resource/GTEv8//GTExv8.EUR.Uterus/ENSG00000159164.9.wgt.RDat	ENSG00000159164.9	1	149917881	149917882	0.226	rs35938158	-3.64	rs1046332	0.193474	-5.06	-0.01788	133	7	enet	0.15	2e-05	0.036327	0.971
Uterus	/media/kame/Data/_workings/resource/GTEv8//GTExv8.EUR.Uterus/ENSG00000266472.5.wgt.RDat	ENSG00000266472.5	1	150293719	150293720	0.23	rs35938158	-3.64	rs2147324	0.152743	4.38	-1.62862	246	13	enet	0.035	0.029	-0.208678	0.835
Uterus	/media/kame/Data/_workings/resource/GTEv8//GTExv8.EUR.Uterus/ENSG00000237781.3.wgt.RDat	ENSG00000237781.3	1	150557723	150557724	0.625	rs2091219	-4.89	rs9659073	0.067704	4.23	0.28454	281	16	enet	0.096	0.00069	0.498026	0.618
Uterus	/media/kame/Data/_workings/resource/GTEv8//GTExv8.EUR.Uterus/ENSG00000143437.20.wgt.RDat	ENSG00000143437.20	1	150876767	150876768	0.306	rs6676190	-5.99	rs3811406	0.008541	3.68	0.30208	296	34	enet	0.14	3.8e-05	0.035703	0.972
Uterus	/media/kame/Data/_workings/resource/GTEv8//GTExv8.EUR.Uterus/ENSG00000143418.19.wgt.RDat	ENSG00000143418.19	1	150975003	150975004	0.213	rs6676190	-5.99	rs2280078	0.100286	4.48	-0.05636	298	11	enet	0.11	0.00035	0.604444	0.546
Uterus	/media/kame/Data/_workings/resource/GTEv8//GTExv8.EUR.Uterus/ENSG00000143434.15.wgt.RDat	ENSG00000143434.15	1	151146663	151146664	0.295	rs6676190	-5.99	rs6691701	0.117953	4.14	-0.98198	298	16	enet	0.13	9.4e-05	-2.604449	0.0092
Uterus	/media/kame/Data/_workings/resource/GTEv8//GTExv8.EUR.Uterus/ENSG00000163154.5.wgt.RDat	ENSG00000163154.5	1	151156628	151156629	0.15	rs6676190	-5.99	rs12568757	-0.003773	-3.51	1.20003	300	8	enet	-0.0034	0.43	-1.193427	0.233
Uterus	/media/kame/Data/_workings/resource/GTEv8//GTExv8.EUR.Uterus/ENSG00000143442.21.wgt.RDat	ENSG00000143442.21	1	151459464	151459465	0.257	rs6676190	-5.99	rs1887545	0.099912	4.4	0.14437	331	16	enet	0.0033	0.25	0.307491	0.758
Uterus	/media/kame/Data/_workings/resource/GTEv8//GTExv8.EUR.Uterus/ENSG00000143376.12.wgt.RDat	ENSG00000143376.12	1	151612399	151612400	0.237	rs12569193	-5.8	rs6674970	-0.00718	-3.34	-4.94218	323	17	enet	0.027	0.05	1.419031	0.156
Uterus	/media/kame/Data/_workings/resource/GTEv8//GTExv8.EUR.Uterus/ENSG00000159445.12.wgt.RDat	ENSG00000159445.12	1	151909807	151909808	0.195	rs3007680	-3.99	rs2999526	0.109818	-4.07	0.05318	325	24	enet	0.1	0.00052	0.080543	0.936
Uterus	/media/kame/Data/_workings/resource/GTEv8//GTExv8.EUR.Uterus/ENSG00000237975.6.wgt.RDat	ENSG00000237975.6	1	152168124	152168125	0.751	rs3007680	-3.99	rs1552991	0.417401	6.72	-0.50873	363	18	enet	0.42	2.2e-14	-0.485051	0.628
Uterus	/media/kame/Data/_workings/resource/GTEv8//GTExv8.EUR.Uterus/ENSG00000197915.5.wgt.RDat	ENSG00000197915.5	1	152224192	152224193	0.699	rs3007680	-3.99	rs1552991	0.147966	-5.18	-0.50873	372	31	enet	0.42	3.1e-14	0.408216	0.683
Uterus	/media/kame/Data/_workings/resource/GTEv8//GTExv8.EUR.Uterus/ENSG00000143631.10.wgt.RDat	ENSG00000143631.10	1	152325202	152325203	0.671	rs4845488	4.33	rs1552991	0.308612	5.81	-0.50873	388	25	enet	0.29	1.1e-09	-0.037313	0.97
Uterus	/media/kame/Data/_workings/resource/GTEv8//GTExv8.EUR.Uterus/ENSG00000160678.11.wgt.RDat	ENSG00000160678.11	1	153627925	153627926	0.222	rs11264824	-4.3	rs3818632	0.164188	4.61	0.05326	398	17	enet	0.094	0.00079	-0.06544	0.948
Uterus	/media/kame/Data/_workings/resource/GTEv8//GTExv8.EUR.Uterus/ENSG00000272030.1.wgt.RDat	ENSG00000272030.1	1	153634396	153634397	0.559	rs11264824	-4.3	rs7345	0.360163	6.36	0.03614	398	54	enet	0.39	5.9e-13	-0.059247	0.953
Uterus	/media/kame/Data/_workings/resource/GTEv8//GTExv8.EUR.Uterus/ENSG00000143575.14.wgt.RDat	ENSG00000143575.14	1	154272510	154272511	0.345	rs2229238	6.19	rs12121180	0.076121	4.06	-0.92866	351	12	enet	0.0076	0.18	-2.3442	0.0191
Uterus	/media/kame/Data/_workings/resource/GTEv8//GTExv8.EUR.Uterus/ENSG00000163468.14.wgt.RDat	ENSG00000163468.14	1	156367872	156367873	0.189	rs2758609	-4.91	rs11264477	0.132005	-4	-0.05152	408	10	enet	-0.0033	0.42	-0.187349	0.851
Uterus	/media/kame/Data/_workings/resource/GTEv8//GTExv8.EUR.Uterus/ENSG00000223356.1.wgt.RDat	ENSG00000223356.1	1	156713173	156713174	0.352	rs2758609	-4.91	rs12145743	-0.007942	-3.39	-2.06009	443	81	enet	0.051	0.011	-0.55472	0.579
Uterus	/media/kame/Data/_workings/resource/GTEv8//GTExv8.EUR.Uterus/ENSG00000143303.11.wgt.RDat	ENSG00000143303.11	1	156728799	156728800	0.31	rs2758609	-4.91	rs12145743	0.097311	3.88	-2.06009	448	36	enet	0.02	0.078	-1.42446	0.154
Uterus	/media/kame/Data/_workings/resource/GTEv8//GTExv8.EUR.Uterus/ENSG00000243284.1.wgt.RDat	ENSG00000243284.1	1	159862656	159862657	0.535	rs4656879	4.77	rs4133290	0.325219	5.98	0.27284	510	19	enet	0.28	3.6e-09	0.720892	0.471
Uterus	/media/kame/Data/_workings/resource/GTEv8//GTExv8.EUR.Uterus/ENSG00000272668.1.wgt.RDat	ENSG00000272668.1	1	159866953	159866954	0.573	rs4656879	4.77	rs4133290	0.471335	7.13	0.26644	511	16	enet	0.43	8.6e-15	0.600793	0.548
Uterus	/media/kame/Data/_workings/resource/GTEv8//GTExv8.EUR.Uterus/ENSG00000162738.5.wgt.RDat	ENSG00000162738.5	1	160400585	160400586	0.433	rs4656879	4.77	rs7513382	0.033163	3.87	2.29542	493	8	enet	-0.00074	0.34	2.192948	0.0283
Uterus	/media/kame/Data/_workings/resource/GTEv8//GTExv8.EUR.Uterus/ENSG00000215845.10.wgt.RDat	ENSG00000215845.10	1	161038989	161038990	0.417	rs7519821	5.2	rs4559524	0.203061	4.83	-0.38578	433	21	enet	0.16	1.5e-05	0.278784	0.78
Uterus	/media/kame/Data/_workings/resource/GTEv8//GTExv8.EUR.Uterus/ENSG00000239887.4.wgt.RDat	ENSG00000239887.4	1	162378840	162378841	0.296	rs1704745	-4.27	rs12036340	-0.009523	-3.31	0.03942	612	23	enet	-0.0086	0.76	0.050244	0.96
Uterus	/media/kame/Data/_workings/resource/GTEv8//GTExv8.EUR.Uterus/ENSG00000232995.7.wgt.RDat	ENSG00000232995.7	1	163321888	163321889	0.263	rs2791150	-4.88	rs10494390	0.087352	-4.35	0.23939	610	26	enet	0.067	0.004	0.579208	0.562
Uterus	/media/kame/Data/_workings/resource/GTEv8//GTExv8.EUR.Uterus/ENSG00000143149.12.wgt.RDat	ENSG00000143149.12	1	165698862	165698863	0.467	rs10800097	-4.1	rs12408101	0.339505	-6.1	2.04746	589	26	enet	0.3	5.2e-10	-1.26295	0.207
Uterus	/media/kame/Data/_workings/resource/GTEv8//GTExv8.EUR.Uterus/ENSG00000224358.1.wgt.RDat	ENSG00000224358.1	1	165769180	165769181	0.385	rs10800097	-4.1	rs7524755	0.243844	5.39	-0.4096	569	12	enet	0.19	1.7e-06	-0.565429	0.572
Uterus	/media/kame/Data/_workings/resource/GTEv8//GTExv8.EUR.Uterus/ENSG00000225171.2.wgt.RDat	ENSG00000225171.2	1	166868747	166868748	0.168	rs12409833	8.49	rs6718	0.181712	4.91	-0.0635	562	26	enet	0.13	8.9e-05	0.018447	0.985
Uterus	/media/kame/Data/_workings/resource/GTEv8//GTExv8.EUR.Uterus/ENSG00000143185.3.wgt.RDat	ENSG00000143185.3	1	168543996	168543997	0.379	rs10429892	4.13	rs1040508	0.182528	-4.73	-3.68497	528	18	enet	0.035	0.03	2.88545	0.00391
Uterus	/media/kame/Data/_workings/resource/GTEv8//GTExv8.EUR.Uterus/ENSG00000143156.13.wgt.RDat	ENSG00000143156.13	1	169367966	169367967	0.499	rs2038024	4.2	rs10800408	0.363368	-6.29	-1.35685	564	46	enet	0.33	5.7e-11	-0.614155	0.539
Uterus	/media/kame/Data/_workings/resource/GTEv8//GTExv8.EUR.Uterus/ENSG00000000460.16.wgt.RDat	ENSG00000000460.16	1	169662006	169662007	0.356	rs1360294	-4.99	rs3917419	0.007486	-3.71	-1.39805	509	62	enet	0.032	0.036	1.043979	0.296
Uterus	/media/kame/Data/_workings/resource/GTEv8//GTExv8.EUR.Uterus/ENSG00000171806.11.wgt.RDat	ENSG00000171806.11	1	169794965	169794966	0.347	rs1360294	-4.99	rs12131192	0.213885	-5.82	-0.02878	539	13	enet	0.21	3e-07	0.001095	0.999
Uterus	/media/kame/Data/_workings/resource/GTEv8//GTExv8.EUR.Uterus/ENSG00000239494.2.wgt.RDat	ENSG00000239494.2	1	169859755	169859756	0.331	rs1360294	-4.99	rs9803860	0.064785	-3.72	-1.8932	551	49	enet	0.0089	0.17	-0.154453	0.877
Uterus	/media/kame/Data/_workings/resource/GTEv8//GTExv8.EUR.Uterus/ENSG00000271811.1.wgt.RDat	ENSG00000271811.1	1	170667380	170667381	0.294	rs4656207	3.05	rs17350144	0.117099	-4.81	0.17989	447	38	enet	0.18	2.4e-06	-0.71643	0.474
Uterus	/media/kame/Data/_workings/resource/GTEv8//GTExv8.EUR.Uterus/ENSG00000094963.13.wgt.RDat	ENSG00000094963.13	1	171185207	171185208	0.335	rs235864	-3.91	rs1736565	0.08667	4.91	2.574	542	17	enet	0.11	0.00021	1.662485	0.0964
Uterus	/media/kame/Data/_workings/resource/GTEv8//GTExv8.EUR.Uterus/ENSG00000117533.14.wgt.RDat	ENSG00000117533.14	1	171742246	171742247	0.454	rs6687624	-6.32	rs11580522	0.155805	4.99	0.54339	509	24	enet	0.2	6.6e-07	0.973848	0.33
Uterus	/media/kame/Data/_workings/resource/GTEv8//GTExv8.EUR.Uterus/ENSG00000058085.14.wgt.RDat	ENSG00000058085.14	1	183186237	183186238	0.299	rs789192	-3.92	rs3118182	0.288441	5.92	-0.07934	449	15	enet	0.25	2.9e-08	-0.2395	0.811
Uterus	/media/kame/Data/_workings/resource/GTEv8//GTExv8.EUR.Uterus/ENSG00000116698.21.wgt.RDat	ENSG00000116698.21	1	183472265	183472266	0.328	rs789192	-3.92	rs6662844	0.017179	-3.91	-0.25903	513	92	enet	-9e-04	0.34	0.4494	0.653
Uterus	/media/kame/Data/_workings/resource/GTEv8//GTExv8.EUR.Uterus/ENSG00000116701.14.wgt.RDat	ENSG00000116701.14	1	183590875	183590876	0.246	rs789192	-3.92	rs675220	-0.002681	3.44	0.54268	537	42	enet	0.0096	0.16	0.528813	0.597
Uterus	/media/kame/Data/_workings/resource/GTEv8//GTExv8.EUR.Uterus/ENSG00000143344.15.wgt.RDat	ENSG00000143344.15	1	183636084	183636085	0.217	rs789192	-3.92	rs17559937	0.102324	4.3	-2.97674	520	10	enet	0.092	0.00088	-3.255104	0.00113
Uterus	/media/kame/Data/_workings/resource/GTEv8//GTExv8.EUR.Uterus/ENSG00000116406.18.wgt.RDat	ENSG00000116406.18	1	184754912	184754913	0.408	rs2001270	3.31	rs6677073	0.293051	-5.77	-0.55403	420	21	enet	0.24	6e-08	0.062339	0.95
Uterus	/media/kame/Data/_workings/resource/GTEv8//GTExv8.EUR.Uterus/ENSG00000238061.2.wgt.RDat	ENSG00000238061.2	1	185280843	185280844	0.159	rs6673832	-2.91	rs10911713	0.095643	-4.17	0.03602	382	18	enet	0.058	0.007	-0.564555	0.572
Uterus	/media/kame/Data/_workings/resource/GTEv8//GTExv8.EUR.Uterus/ENSG00000229739.2.wgt.RDat	ENSG00000229739.2	1	186435160	186435161	0.316	rs6686848	3.01	rs926324	-0.000332	-3.55	0.04105	360	39	enet	0.029	0.045	0.302941	0.762
Uterus	/media/kame/Data/_workings/resource/GTEv8//GTExv8.EUR.Uterus/ENSG00000228238.1.wgt.RDat	ENSG00000228238.1	1	186578278	186578279	0.56	rs6686848	3.01	rs10752963	0.00682	-3.72	0.80203	384	38	enet	0.11	0.00039	0.388984	0.697
Uterus	/media/kame/Data/_workings/resource/GTEv8//GTExv8.EUR.Uterus/ENSG00000116785.13.wgt.RDat	ENSG00000116785.13	1	196774794	196774795	0.158	rs12406509	3.6	rs12240143	0.027437	-3.72	0.32461	242	23	enet	0.035	0.03	-0.403672	0.686
Uterus	/media/kame/Data/_workings/resource/GTEv8//GTExv8.EUR.Uterus/ENSG00000260088.1.wgt.RDat	ENSG00000260088.1	1	200669506	200669507	0.407	rs16846948	3.55	rs3806358	0.314931	-5.9	-0.46282	526	22	enet	0.27	4.5e-09	0.149167	0.881
Uterus	/media/kame/Data/_workings/resource/GTEv8//GTExv8.EUR.Uterus/ENSG00000118197.13.wgt.RDat	ENSG00000118197.13	1	200669968	200669969	0.347	rs16846948	3.55	rs12126676	0.075781	-4.25	-0.01467	525	23	enet	0.038	0.024	0.193115	0.847
Uterus	/media/kame/Data/_workings/resource/GTEv8//GTExv8.EUR.Uterus/ENSG00000232237.3.wgt.RDat	ENSG00000232237.3	1	201127183	201127184	0.386	rs2078570	-3.33	rs1325311	0.080711	-3.99	-0.0597	654	10	enet	0.016	0.1	-1.155811	0.248
Uterus	/media/kame/Data/_workings/resource/GTEv8//GTExv8.EUR.Uterus/ENSG00000116857.16.wgt.RDat	ENSG00000116857.16	1	201171573	201171574	0.271	rs2078570	-3.33	rs7542768	0.021139	3.97	0.19388	663	1	enet	-0.0092	0.85	0.193876	0.846
Uterus	/media/kame/Data/_workings/resource/GTEv8//GTExv8.EUR.Uterus/ENSG00000221643.1.wgt.RDat	ENSG00000221643.1	1	203729580	203729581	0.353	rs734591	5.17	rs6700548	-0.008853	-3.48	0.02292	466	23	enet	0.0097	0.16	2.756866	0.00584
Uterus	/media/kame/Data/_workings/resource/GTEv8//GTExv8.EUR.Uterus/ENSG00000162877.12.wgt.RDat	ENSG00000162877.12	1	205850131	205850132	0.361	rs6676552	4.31	rs708727	0.340898	-6.23	2.03768	372	10	enet	0.29	1.4e-09	-0.943693	0.345
Uterus	/media/kame/Data/_workings/resource/GTEv8//GTExv8.EUR.Uterus/ENSG00000196352.14.wgt.RDat	ENSG00000196352.14	1	207321507	207321508	0.258	rs11117913	2.58	rs6691942	0.069309	3.97	0.00912	364	15	enet	0.12	0.00012	-0.128803	0.898
Uterus	/media/kame/Data/_workings/resource/GTEv8//GTExv8.EUR.Uterus/ENSG00000117335.19.wgt.RDat	ENSG00000117335.19	1	207752056	207752057	0.31	rs2782933	-7.03	rs7541230	0.134029	-4.49	-0.26481	472	26	enet	0.048	0.013	0.011299	0.991
Uterus	/media/kame/Data/_workings/resource/GTEv8//GTExv8.EUR.Uterus/ENSG00000284237.1.wgt.RDat	ENSG00000284237.1	1	207959291	207959292	0.374	rs2782933	-7.03	rs2745967	0.248009	-5.28	0.49098	533	15	enet	0.16	1.2e-05	0.241799	0.809
Uterus	/media/kame/Data/_workings/resource/GTEv8//GTExv8.EUR.Uterus/ENSG00000117595.10.wgt.RDat	ENSG00000117595.10	1	209806174	209806175	0.259	rs2743891	11.1	rs7545542	-0.003313	-3.79	-1.5223	502	3	enet	0.0056	0.21	1.454496	0.146
Uterus	/media/kame/Data/_workings/resource/GTEv8//GTExv8.EUR.Uterus/ENSG00000082497.11.wgt.RDat	ENSG00000082497.11	1	210232972	210232973	0.276	rs2743891	11.1	rs1997783	0.015477	3.95	-0.36903	538	26	enet	0.062	0.0056	-2.685813	0.00724
Uterus	/media/kame/Data/_workings/resource/GTEv8//GTExv8.EUR.Uterus/ENSG00000203706.8.wgt.RDat	ENSG00000203706.8	1	210234046	210234047	0.566	rs2743891	11.1	rs654523	0.229255	5.21	-0.05544	538	54	enet	0.24	5.2e-08	-2.764576	0.0057
Uterus	/media/kame/Data/_workings/resource/GTEv8//GTExv8.EUR.Uterus/ENSG00000065600.12.wgt.RDat	ENSG00000065600.12	1	212414900	212414901	0.22	rs10494953	-4.22	rs479564	0.096265	4.3	-1.82147	464	9	enet	0.06	0.0065	-1.350795	0.177
Uterus	/media/kame/Data/_workings/resource/GTEv8//GTExv8.EUR.Uterus/ENSG00000260805.2.wgt.RDat	ENSG00000260805.2	1	212559730	212559731	0.319	rs11586518	-7.05	rs1826214	0.053233	3.91	-0.46308	466	6	enet	0.002	0.27	0.349795	0.726
Uterus	/media/kame/Data/_workings/resource/GTEv8//GTExv8.EUR.Uterus/ENSG00000203705.10.wgt.RDat	ENSG00000203705.10	1	212791827	212791828	0.326	rs11586518	-7.05	rs10863988	0.17388	-4.83	0.78675	416	22	enet	0.057	0.0077	-0.892033	0.372
Uterus	/media/kame/Data/_workings/resource/GTEv8//GTExv8.EUR.Uterus/ENSG00000198468.7.wgt.RDat	ENSG00000198468.7	1	212858087	212858088	0.484	rs11586518	-7.05	rs1047881	0.487663	-7.39	-1.13533	414	17	enet	0.5	1.4e-17	0.744983	0.456
Uterus	/media/kame/Data/_workings/resource/GTEv8//GTExv8.EUR.Uterus/ENSG00000174606.13.wgt.RDat	ENSG00000174606.13	1	213015825	213015826	0.336	rs11586518	-7.05	rs1391549	0.111309	4.58	-0.62034	417	61	enet	0.13	9e-05	0.172586	0.863
Uterus	/media/kame/Data/_workings/resource/GTEv8//GTExv8.EUR.Uterus/ENSG00000143499.13.wgt.RDat	ENSG00000143499.13	1	214281101	214281102	0.291	rs1019969	-6.18	rs4655330	0.015765	-3.46	-2.00818	547	37	enet	0.018	0.09	0.582723	0.56
Uterus	/media/kame/Data/_workings/resource/GTEv8//GTExv8.EUR.Uterus/ENSG00000225265.1.wgt.RDat	ENSG00000225265.1	1	222589933	222589934	0.327	rs291906	-3.56	rs17163191	0.090431	-4.91	0.76689	326	49	enet	0.076	0.0024	-1.168978	0.242
Uterus	/media/kame/Data/_workings/resource/GTEv8//GTExv8.EUR.Uterus/ENSG00000272750.1.wgt.RDat	ENSG00000272750.1	1	222661511	222661512	0.427	rs291906	-3.56	rs17532708	0.179343	5.12	0.01136	323	26	enet	0.16	1.5e-05	-0.1137	0.909
Uterus	/media/kame/Data/_workings/resource/GTEv8//GTExv8.EUR.Uterus/ENSG00000203697.11.wgt.RDat	ENSG00000203697.11	1	223665733	223665734	0.293	rs6703104	-4.87	rs1419310	0.179503	4.67	-1.33275	380	26	enet	0.11	0.00029	-0.10552	0.916
Uterus	/media/kame/Data/_workings/resource/GTEv8//GTExv8.EUR.Uterus/ENSG00000143771.11.wgt.RDat	ENSG00000143771.11	1	224356849	224356850	0.365	rs7535882	-4.82	rs7517754	0.171359	-5.27	0.72287	351	27	enet	0.24	4.6e-08	-0.200844	0.841
Uterus	/media/kame/Data/_workings/resource/GTEv8//GTExv8.EUR.Uterus/ENSG00000163041.9.wgt.RDat	ENSG00000163041.9	1	226061876	226061877	0.232	rs7534366	7.93	rs3768543	0.225942	5.02	-0.36918	385	10	enet	0.14	5.8e-05	-0.275012	0.783
Uterus	/media/kame/Data/_workings/resource/GTEv8//GTExv8.EUR.Uterus/ENSG00000162910.18.wgt.RDat	ENSG00000162910.18	1	228109311	228109312	0.186	rs7541048	4.34	rs708121	0.094962	-3.84	0.67172	337	8	enet	0.012	0.13	-0.530156	0.596
Uterus	/media/kame/Data/_workings/resource/GTEv8//GTExv8.EUR.Uterus/ENSG00000280157.1.wgt.RDat	ENSG00000280157.1	1	228121522	228121523	0.235	rs7541048	4.34	rs2185544	-0.005851	3.53	-0.98814	332	8	enet	-0.002	0.38	-0.731693	0.464
Uterus	/media/kame/Data/_workings/resource/GTEv8//GTExv8.EUR.Uterus/ENSG00000229367.1.wgt.RDat	ENSG00000229367.1	1	229570531	229570532	0.374	rs10779847	8.56	rs1020353	0.245705	5.66	0.0556	404	7	enet	0.21	3.6e-07	0.100513	0.92
Uterus	/media/kame/Data/_workings/resource/GTEv8//GTExv8.EUR.Uterus/ENSG00000135763.9.wgt.RDat	ENSG00000135763.9	1	229626233	229626234	0.258	rs7529009	12.67	rs4925461	0.077226	3.79	1.37937	409	36	enet	0.11	0.00022	5.105493	3.3e-07
Uterus	/media/kame/Data/_workings/resource/GTEv8//GTExv8.EUR.Uterus/ENSG00000116906.11.wgt.RDat	ENSG00000116906.11	1	231241206	231241207	0.213	rs4658939	-4.75	rs503633	0.13886	4.7	-0.66079	483	37	enet	0.13	7.2e-05	0.91373	0.361
Uterus	/media/kame/Data/_workings/resource/GTEv8//GTExv8.EUR.Uterus/ENSG00000135778.11.wgt.RDat	ENSG00000135778.11	1	232950604	232950605	0.527	rs1294263	-5.35	rs41417151	0.302166	6	0.1895	586	21	enet	0.26	1.1e-08	0.289091	0.773
Uterus	/media/kame/Data/_workings/resource/GTEv8//GTExv8.EUR.Uterus/ENSG00000135750.14.wgt.RDat	ENSG00000135750.14	1	233614003	233614004	0.445	rs1294263	-5.35	rs10732966	0.058488	4.48	0.03481	590	45	enet	0.089	0.0011	0.764755	0.444
Uterus	/media/kame/Data/_workings/resource/GTEv8//GTExv8.EUR.Uterus/ENSG00000231663.1.wgt.RDat	ENSG00000231663.1	1	234373454	234373455	0.632	rs479457	-6.23	rs6702834	0.399015	6.58	-0.56492	628	27	enet	0.32	1.1e-10	-0.466563	0.641
Uterus	/media/kame/Data/_workings/resource/GTEv8//GTExv8.EUR.Uterus/ENSG00000168275.14.wgt.RDat	ENSG00000168275.14	1	234373593	234373594	0.491	rs479457	-6.23	rs10429821	0.232148	5.21	-0.30452	627	4	enet	0.18	2.9e-06	-0.534886	0.593
Uterus	/media/kame/Data/_workings/resource/GTEv8//GTExv8.EUR.Uterus/ENSG00000203668.2.wgt.RDat	ENSG00000203668.2	1	241639248	241639249	0.444	rs12722977	6.58	rs1537802	0.020939	3.37	1.47395	564	1	enet	0.0083	0.17	1.473946	0.14
Uterus	/media/kame/Data/_workings/resource/GTEv8//GTExv8.EUR.Uterus/ENSG00000054282.15.wgt.RDat	ENSG00000054282.15	1	243256033	243256034	0.261	rs12085924	4.23	rs6662118	0.105205	4.75	-0.02832	286	27	enet	0.11	0.00025	0.177168	0.859
Uterus	/media/kame/Data/_workings/resource/GTEv8//GTExv8.EUR.Uterus/ENSG00000272195.1.wgt.RDat	ENSG00000272195.1	1	244971087	244971088	0.576	rs1196366	6.6	rs2291426	0.283628	-5.9	6.29154	457	14	enet	0.21	4.8e-07	-5.533982	3.13e-08
Uterus	/media/kame/Data/_workings/resource/GTEv8//GTExv8.EUR.Uterus/ENSG00000203666.12.wgt.RDat	ENSG00000203666.12	1	245002120	245002121	0.542	rs1196366	6.6	rs2050632	0.372375	6.43	6.35512	466	15	enet	0.2	8.4e-07	5.783244	7.33e-09
Uterus	/media/kame/Data/_workings/resource/GTEv8//GTExv8.EUR.Uterus/ENSG00000143653.9.wgt.RDat	ENSG00000143653.9	1	246724046	246724047	0.204	rs12144327	-3.63	rs4654272	0.057247	-3.68	0.06685	439	15	enet	0.05	0.012	-0.069717	0.944
Uterus	/media/kame/Data/_workings/resource/GTEv8//GTExv8.EUR.Uterus/ENSG00000277462.1.wgt.RDat	ENSG00000277462.1	1	247078754	247078755	0.374	rs1778541	-4.82	rs12141826	0.021197	4.03	-0.74761	464	19	enet	0.037	0.026	-1.221501	0.222
Uterus	/media/kame/Data/_workings/resource/GTEv8//GTExv8.EUR.Uterus/ENSG00000196418.12.wgt.RDat	ENSG00000196418.12	1	247172015	247172016	0.581	rs1778541	-4.82	rs4925715	0.239311	-5.55	-0.0508	466	29	enet	0.24	6.2e-08	-0.383653	0.701
Uterus	/media/kame/Data/_workings/resource/GTEv8//GTExv8.EUR.Uterus/ENSG00000162711.16.wgt.RDat	ENSG00000162711.16	1	247416155	247416156	0.321	rs1778541	-4.82	rs6426220	-0.002508	-3.31	0.15869	472	7	enet	0.0067	0.19	-0.020595	0.984
Uterus	/media/kame/Data/_workings/resource/GTEv8//GTExv8.EUR.Uterus/ENSG00000162722.8.wgt.RDat	ENSG00000162722.8	1	247857198	247857199	0.369	rs10888267	-4.3	rs28394701	0.033649	3.96	0.01004	449	63	enet	0.064	0.0048	-0.121718	0.903
Uterus	/media/kame/Data/_workings/resource/GTEv8//GTExv8.EUR.Uterus/ENSG00000238243.3.wgt.RDat	ENSG00000238243.3	1	247895586	247895587	0.475	rs10888267	-4.3	rs11587369	-0.006213	-3.01	0.42702	459	29	enet	0.035	0.03	0.599826	0.549
Uterus	/media/kame/Data/_workings/resource/GTEv8//GTExv8.EUR.Uterus/ENSG00000284600.1.wgt.RDat	ENSG00000284600.1	2	1795524	1795525	0.438	rs11127292	5	rs4645032	0.076451	4.26	0.00523	490	35	enet	0.25	1.8e-08	0.86272	0.388
Uterus	/media/kame/Data/_workings/resource/GTEv8//GTExv8.EUR.Uterus/ENSG00000171853.15.wgt.RDat	ENSG00000171853.15	2	3379674	3379675	0.259	rs1729903	-4.67	rs4971504	0.018415	4.32	-0.312	598	7	enet	-0.0095	0.93	-0.62203	0.534
Uterus	/media/kame/Data/_workings/resource/GTEv8//GTExv8.EUR.Uterus/ENSG00000225234.1.wgt.RDat	ENSG00000225234.1	2	3482408	3482409	0.434	rs17437576	-4.54	rs4641971	0.273612	-5.82	0.0623	575	26	enet	0.28	2e-09	0.37244	0.71
Uterus	/media/kame/Data/_workings/resource/GTEv8//GTExv8.EUR.Uterus/ENSG00000272002.1.wgt.RDat	ENSG00000272002.1	2	7260870	7260871	0.245	rs1907451	-5.63	rs309295	0.018345	3.44	-0.0096	523	33	enet	0.015	0.11	0.43131	0.666
Uterus	/media/kame/Data/_workings/resource/GTEv8//GTExv8.EUR.Uterus/ENSG00000239300.5.wgt.RDat	ENSG00000239300.5	2	9505444	9505445	0.322	rs16867116	5.6	rs10495563	0.154227	-4.57	-0.0438	462	6	enet	0.06	0.0065	0.3076	0.758
Uterus	/media/kame/Data/_workings/resource/GTEv8//GTExv8.EUR.Uterus/ENSG00000172059.10.wgt.RDat	ENSG00000172059.10	2	10042848	10042849	0.465	rs4233874	5.78	rs6432097	0.054181	-3.88	-0.681	577	35	enet	0.13	7.4e-05	-0.0581	0.954
Uterus	/media/kame/Data/_workings/resource/GTEv8//GTExv8.EUR.Uterus/ENSG00000243819.4.wgt.RDat	ENSG00000243819.4	2	10690343	10690344	0.477	rs1686476	-6.5	rs887986	-0.002596	-4.26	0.162	623	13	enet	0.021	0.075	0.30244	0.762
Uterus	/media/kame/Data/_workings/resource/GTEv8//GTExv8.EUR.Uterus/ENSG00000178295.14.wgt.RDat	ENSG00000178295.14	2	17753857	17753858	0.473	rs12710642	8.01	rs16983818	0.001625	3.97	-0.269	465	51	enet	0.1	0.00047	-0.24286	0.808
Uterus	/media/kame/Data/_workings/resource/GTEv8//GTExv8.EUR.Uterus/ENSG00000118961.14.wgt.RDat	ENSG00000118961.14	2	20823129	20823130	0.252	rs10167494	-3.69	rs7255	0.033912	-4.13	0.0144	523	14	enet	0.046	0.015	0.36054	0.718
Uterus	/media/kame/Data/_workings/resource/GTEv8//GTExv8.EUR.Uterus/ENSG00000283031.1.wgt.RDat	ENSG00000283031.1	2	23685452	23685453	0.194	rs13023745	16.67	rs6751857	0.109934	4.19	1.29	464	14	enet	0.03	0.041	1.27885	0.201
Uterus	/media/kame/Data/_workings/resource/GTEv8//GTExv8.EUR.Uterus/ENSG00000219626.8.wgt.RDat	ENSG00000219626.8	2	24076525	24076526	0.341	rs2081302	5.64	rs1134516	0.312375	-6.17	1.3	286	10	enet	0.12	0.00017	-1.29349	0.196
Uterus	/media/kame/Data/_workings/resource/GTEv8//GTExv8.EUR.Uterus/ENSG00000176732.6.wgt.RDat	ENSG00000176732.6	2	24123476	24123477	0.242	rs2081302	5.64	rs7581165	0.0627	-4	0.84	273	14	enet	0.12	0.00011	-1.54228	0.123
Uterus	/media/kame/Data/_workings/resource/GTEv8//GTExv8.EUR.Uterus/ENSG00000186453.12.wgt.RDat	ENSG00000186453.12	2	24175068	24175069	0.286	rs2081302	5.64	rs6713263	0.147982	4.96	1.8	251	20	enet	0.15	2.5e-05	0.94917	0.343
Uterus	/media/kame/Data/_workings/resource/GTEv8//GTExv8.EUR.Uterus/ENSG00000224165.5.wgt.RDat	ENSG00000224165.5	2	24971389	24971390	0.189	rs713587	10.96	rs17799872	0.011817	-4.06	0.621	322	18	enet	0.02	0.078	-4.24772	2.16e-05
Uterus	/media/kame/Data/_workings/resource/GTEv8//GTExv8.EUR.Uterus/ENSG00000115138.10.wgt.RDat	ENSG00000115138.10	2	25168902	25168903	0.38	rs713587	10.96	rs17046887	-0.006676	3.48	0.173	338	27	enet	0.15	2.4e-05	0.49273	0.622
Uterus	/media/kame/Data/_workings/resource/GTEv8//GTExv8.EUR.Uterus/ENSG00000173567.14.wgt.RDat	ENSG00000173567.14	2	26346587	26346588	0.222	rs13029647	4.11	rs17527979	0.105187	4.22	1.92	337	13	enet	0.046	0.015	2.52637	0.0115
Uterus	/media/kame/Data/_workings/resource/GTEv8//GTExv8.EUR.Uterus/ENSG00000138085.16.wgt.RDat	ENSG00000138085.16	2	27212286	27212287	0.438	rs4665385	-4.63	rs1659689	-0.004307	3.33	0.211	311	23	enet	0.047	0.014	-1.33876	0.181
Uterus	/media/kame/Data/_workings/resource/GTEv8//GTExv8.EUR.Uterus/ENSG00000115241.10.wgt.RDat	ENSG00000115241.10	2	27409686	27409687	0.158	rs4233716	-5.69	rs10196039	0.01435	3.63	0.00476	297	24	enet	0.034	0.031	-1.67103	0.0947
Uterus	/media/kame/Data/_workings/resource/GTEv8//GTExv8.EUR.Uterus/ENSG00000172954.13.wgt.RDat	ENSG00000172954.13	2	30447225	30447226	0.193	rs4952192	5	rs17394450	0.052353	-4.71	0.923	477	9	enet	0.07	0.0035	-1.66411	0.0961
Uterus	/media/kame/Data/_workings/resource/GTEv8//GTExv8.EUR.Uterus/ENSG00000115825.9.wgt.RDat	ENSG00000115825.9	2	37324807	37324808	0.396	rs10165975	-4.17	rs10184179	0.188504	-5.55	1.35	446	17	enet	0.18	3.1e-06	-0.68578	0.493
Uterus	/media/kame/Data/_workings/resource/GTEv8//GTExv8.EUR.Uterus/ENSG00000138061.11.wgt.RDat	ENSG00000138061.11	2	38109901	38109902	0.277	rs6724418	6.76	rs68352	0.083982	-4.08	0.167	575	15	enet	0.092	0.00085	-0.39331	0.694
Uterus	/media/kame/Data/_workings/resource/GTEv8//GTExv8.EUR.Uterus/ENSG00000231367.5.wgt.RDat	ENSG00000231367.5	2	38515739	38515740	0.35	rs6724418	6.76	rs4670876	0.072805	4.54	0.467	442	5	enet	0.0053	0.21	0.27511	0.783
Uterus	/media/kame/Data/_workings/resource/GTEv8//GTExv8.EUR.Uterus/ENSG00000162882.14.wgt.RDat	ENSG00000162882.14	2	42792591	42792592	0.227	rs7593137	11.19	rs7580563	0.038384	3.75	-0.107	452	14	enet	0.088	0.0011	-1.3784	0.168
Uterus	/media/kame/Data/_workings/resource/GTEv8//GTExv8.EUR.Uterus/ENSG00000226491.1.wgt.RDat	ENSG00000226491.1	2	42798711	42798712	0.307	rs7593137	11.19	rs4952947	0.073105	-4.04	-0.516	450	12	enet	-0.0089	0.79	0.49092	0.623
Uterus	/media/kame/Data/_workings/resource/GTEv8//GTExv8.EUR.Uterus/ENSG00000234936.1.wgt.RDat	ENSG00000234936.1	2	43229572	43229573	0.276	rs7593137	11.19	rs3901678	-0.000935	-3.88	-1.42	493	16	enet	-0.0093	0.89	0.46055	0.645
Uterus	/media/kame/Data/_workings/resource/GTEv8//GTExv8.EUR.Uterus/ENSG00000152527.13.wgt.RDat	ENSG00000152527.13	2	43637272	43637273	0.322	rs17425397	-9.82	rs17414174	0.08863	-4.64	-0.0253	473	11	enet	0.056	0.0081	0.03276	0.974
Uterus	/media/kame/Data/_workings/resource/GTEv8//GTExv8.EUR.Uterus/ENSG00000138095.18.wgt.RDat	ENSG00000138095.18	2	43996004	43996005	0.29	rs17425397	-9.82	rs4953032	0.161324	4.62	-0.771	504	8	enet	0.11	0.00033	0.1837	0.854
Uterus	/media/kame/Data/_workings/resource/GTEv8//GTExv8.EUR.Uterus/ENSG00000250565.6.wgt.RDat	ENSG00000250565.6	2	46542556	46542557	0.247	rs12621059	-5.67	rs1001745	0.174161	-5.43	0.417	663	9	enet	0.17	8.1e-06	0.04569	0.964
Uterus	/media/kame/Data/_workings/resource/GTEv8//GTExv8.EUR.Uterus/ENSG00000119729.11.wgt.RDat	ENSG00000119729.11	2	46542727	46542728	0.341	rs12621059	-5.67	rs4142759	0.168164	-4.59	1.27	663	29	enet	0.068	0.0038	-0.25483	0.799
Uterus	/media/kame/Data/_workings/resource/GTEv8//GTExv8.EUR.Uterus/ENSG00000279254.1.wgt.RDat	ENSG00000279254.1	2	46668869	46668870	0.425	rs12621059	-5.67	rs1869836	0.227986	-5.7	-2.1	641	31	enet	0.22	1.6e-07	1.48112	0.139
Uterus	/media/kame/Data/_workings/resource/GTEv8//GTExv8.EUR.Uterus/ENSG00000095002.13.wgt.RDat	ENSG00000095002.13	2	47402968	47402969	0.653	rs12621059	-5.67	rs1421	0.400138	6.56	0.103	470	10	enet	0.26	9.9e-09	-0.37066	0.711
Uterus	/media/kame/Data/_workings/resource/GTEv8//GTExv8.EUR.Uterus/ENSG00000242441.7.wgt.RDat	ENSG00000242441.7	2	48617797	48617798	0.922	rs4538253	-7.12	rs2140551	0.583171	-7.96	-0.22	517	14	enet	0.59	2e-22	0.20965	0.834
Uterus	/media/kame/Data/_workings/resource/GTEv8//GTExv8.EUR.Uterus/ENSG00000068781.21.wgt.RDat	ENSG00000068781.21	2	48768953	48768954	0.578	rs4538253	-7.12	rs2140551	0.431446	-6.88	-0.22	548	20	enet	0.41	7e-14	0.95963	0.337
Uterus	/media/kame/Data/_workings/resource/GTEv8//GTExv8.EUR.Uterus/ENSG00000282890.1.wgt.RDat	ENSG00000282890.1	2	48809339	48809340	0.757	rs4538253	-7.12	rs2140551	0.425575	-6.83	-0.22	568	15	enet	0.36	5.8e-12	0.25122	0.802
Uterus	/media/kame/Data/_workings/resource/GTEv8//GTExv8.EUR.Uterus/ENSG00000170634.12.wgt.RDat	ENSG00000170634.12	2	53970840	53970841	0.457	rs10176342	-5.36	rs805318	0.116722	-4.97	0.415	454	28	enet	0.19	2e-06	-0.45388	0.65
Uterus	/media/kame/Data/_workings/resource/GTEv8//GTExv8.EUR.Uterus/ENSG00000233266.1.wgt.RDat	ENSG00000233266.1	2	54051333	54051334	0.363	rs10176342	-5.36	rs1049894	0.033495	4.1	-0.237	450	22	enet	0.053	0.0097	-0.57502	0.565
Uterus	/media/kame/Data/_workings/resource/GTEv8//GTExv8.EUR.Uterus/ENSG00000162994.15.wgt.RDat	ENSG00000162994.15	2	55232353	55232354	0.49	rs723975	5.26	rs4435493	0.282828	6.04	-0.0097	493	50	enet	0.29	1.3e-09	0.88944	0.374
Uterus	/media/kame/Data/_workings/resource/GTEv8//GTExv8.EUR.Uterus/ENSG00000237522.1.wgt.RDat	ENSG00000237522.1	2	60938048	60938049	0.338	rs7591402	9.81	rs17539290	-0.002501	-3.67	-0.301	348	25	enet	0.14	4.5e-05	-0.75275	0.452
Uterus	/media/kame/Data/_workings/resource/GTEv8//GTExv8.EUR.Uterus/ENSG00000212978.6.wgt.RDat	ENSG00000212978.6	2	61144968	61144969	0.237	rs7591402	9.81	rs6545846	0.089257	-4.58	2.24	312	10	enet	0.096	7e-04	-1.132	0.258
Uterus	/media/kame/Data/_workings/resource/GTEv8//GTExv8.EUR.Uterus/ENSG00000237651.6.wgt.RDat	ENSG00000237651.6	2	61145067	61145068	0.76	rs7591402	9.81	rs1729660	0.494698	7.53	1.85	312	8	enet	0.48	5.4e-17	2.04025	0.0413
Uterus	/media/kame/Data/_workings/resource/GTEv8//GTExv8.EUR.Uterus/ENSG00000173209.22.wgt.RDat	ENSG00000173209.22	2	61177417	61177418	0.487	rs7591402	9.81	rs2167565	0.250911	-6.12	-0.456	303	18	enet	0.25	2.6e-08	-0.19669	0.844
Uterus	/media/kame/Data/_workings/resource/GTEv8//GTExv8.EUR.Uterus/ENSG00000186889.9.wgt.RDat	ENSG00000186889.9	2	62506340	62506341	0.174	rs4328619	-5.16	rs17575198	0.101462	4.29	2.04	329	20	enet	0.1	0.00054	2.26897	0.0233
Uterus	/media/kame/Data/_workings/resource/GTEv8//GTExv8.EUR.Uterus/ENSG00000225889.7.wgt.RDat	ENSG00000225889.7	2	64143238	64143239	0.438	rs17619012	8.98	rs1358624	0.143312	4.77	-1.06	392	29	enet	0.16	9.1e-06	2.4435	0.0145
Uterus	/media/kame/Data/_workings/resource/GTEv8//GTExv8.EUR.Uterus/ENSG00000204929.12.wgt.RDat	ENSG00000204929.12	2	65436710	65436711	0.442	rs1673441	4.35	rs10190233	0.230347	5.11	0.161	515	56	enet	0.083	0.0015	0.00475	0.996
Uterus	/media/kame/Data/_workings/resource/GTEv8//GTExv8.EUR.Uterus/ENSG00000281920.1.wgt.RDat	ENSG00000281920.1	2	65623271	65623272	0.236	rs1843136	-5.31	rs754110	0.052995	-3.66	-0.321	544	17	enet	0.045	0.016	0.58712	0.557
Uterus	/media/kame/Data/_workings/resource/GTEv8//GTExv8.EUR.Uterus/ENSG00000232046.6.wgt.RDat	ENSG00000232046.6	2	66574029	66574030	0.37	rs12993985	-4.38	rs11677371	0.159565	-4.32	-1.49	460	32	enet	0.084	0.0015	1.33357	0.182
Uterus	/media/kame/Data/_workings/resource/GTEv8//GTExv8.EUR.Uterus/ENSG00000244617.2.wgt.RDat	ENSG00000244617.2	2	69962261	69962262	0.178	rs472384	-5.22	rs10469956	0.070709	-3.76	0.22	345	41	enet	-0.00083	0.34	-1.61219	0.107
Uterus	/media/kame/Data/_workings/resource/GTEv8//GTExv8.EUR.Uterus/ENSG00000281195.1.wgt.RDat	ENSG00000281195.1	2	71373937	71373938	0.251	rs10490413	-5.87	rs2216373	0.162081	-4.35	-0.28	472	27	enet	0.16	1.3e-05	1.34045	0.18
Uterus	/media/kame/Data/_workings/resource/GTEv8//GTExv8.EUR.Uterus/ENSG00000163016.9.wgt.RDat	ENSG00000163016.9	2	73644918	73644919	0.199	rs1018342	3.76	rs7598396	0.024796	3.65	-0.388	355	26	enet	0.015	0.11	-0.45705	0.648
Uterus	/media/kame/Data/_workings/resource/GTEv8//GTExv8.EUR.Uterus/ENSG00000257800.1.wgt.RDat	ENSG00000257800.1	2	74120679	74120680	0.62	rs7593050	3.43	rs828842	0.395578	6.73	-1.12	359	10	enet	0.44	4.1e-15	-1.52862	0.126
Uterus	/media/kame/Data/_workings/resource/GTEv8//GTExv8.EUR.Uterus/ENSG00000217702.2.wgt.RDat	ENSG00000217702.2	2	74130582	74130583	0.609	rs7593050	3.43	rs4429500	0.377307	6.87	-0.804	360	20	enet	0.39	6e-13	-0.6802	0.496
Uterus	/media/kame/Data/_workings/resource/GTEv8//GTExv8.EUR.Uterus/ENSG00000115275.11.wgt.RDat	ENSG00000115275.11	2	74465409	74465410	0.294	rs7593050	3.43	rs205648	0.022562	3.72	0.896	375	23	enet	-0.0068	0.6	-1.17914	0.238
Uterus	/media/kame/Data/_workings/resource/GTEv8//GTExv8.EUR.Uterus/ENSG00000179528.15.wgt.RDat	ENSG00000179528.15	2	74501613	74501614	0.208	rs7593050	3.43	rs3806607	0.053808	4.86	0.553	365	15	enet	0.081	0.0017	0.46973	0.639
Uterus	/media/kame/Data/_workings/resource/GTEv8//GTExv8.EUR.Uterus/ENSG00000257702.3.wgt.RDat	ENSG00000257702.3	2	74502594	74502595	0.266	rs7593050	3.43	rs3806607	0.026409	4.22	0.553	366	20	enet	0.041	0.021	0.7024	0.482
Uterus	/media/kame/Data/_workings/resource/GTEv8//GTExv8.EUR.Uterus/ENSG00000204792.2.wgt.RDat	ENSG00000204792.2	2	74918147	74918148	0.685	rs3771853	3.21	rs12713820	0.333547	6.86	-1.64	452	48	enet	0.46	9.7e-16	-1.31957	0.187
Uterus	/media/kame/Data/_workings/resource/GTEv8//GTExv8.EUR.Uterus/ENSG00000236209.1.wgt.RDat	ENSG00000236209.1	2	74924845	74924846	0.787	rs3771853	3.21	rs12713820	0.344655	6.68	-1.64	452	55	enet	0.35	9.9e-12	-1.9655	0.0494
Uterus	/media/kame/Data/_workings/resource/GTEv8//GTExv8.EUR.Uterus/ENSG00000230836.1.wgt.RDat	ENSG00000230836.1	2	74940257	74940258	0.553	rs3771853	3.21	rs12990965	0.319932	6.54	-1.65	456	32	enet	0.27	5.1e-09	-1.63786	0.101
Uterus	/media/kame/Data/_workings/resource/GTEv8//GTExv8.EUR.Uterus/ENSG00000270696.1.wgt.RDat	ENSG00000270696.1	2	75660461	75660462	0.388	rs1440882	3.44	rs17689863	0.319004	6.01	0.0551	533	8	enet	0.24	3.6e-08	-0.04536	0.964
Uterus	/media/kame/Data/_workings/resource/GTEv8//GTExv8.EUR.Uterus/ENSG00000186854.10.wgt.RDat	ENSG00000186854.10	2	84907007	84907008	0.408	rs9808242	-2.51	rs6728804	0.090504	4.48	-0.301	396	34	enet	0.098	0.00062	-0.38433	0.701
Uterus	/media/kame/Data/_workings/resource/GTEv8//GTExv8.EUR.Uterus/ENSG00000168906.12.wgt.RDat	ENSG00000168906.12	2	85539164	85539165	0.33	rs6750610	-5.78	rs6714324	-0.00952	3.75	0.437	473	22	enet	0.038	0.025	-0.01116	0.991
Uterus	/media/kame/Data/_workings/resource/GTEv8//GTExv8.EUR.Uterus/ENSG00000115486.11.wgt.RDat	ENSG00000115486.11	2	85561546	85561547	0.253	rs6750610	-5.78	rs10206961	0.165906	4.42	0.386	466	25	enet	0.067	0.0041	-0.25056	0.802
Uterus	/media/kame/Data/_workings/resource/GTEv8//GTExv8.EUR.Uterus/ENSG00000115525.17.wgt.RDat	ENSG00000115525.17	2	85905198	85905199	0.287	rs6750610	-5.78	rs6547636	0.06526	4.12	-0.703	454	16	enet	0.073	0.0028	0.02861	0.977
Uterus	/media/kame/Data/_workings/resource/GTEv8//GTExv8.EUR.Uterus/ENSG00000132305.20.wgt.RDat	ENSG00000132305.20	2	86195588	86195589	0.218	rs17027163	-5.61	rs6758173	0.058646	4.03	0.567	453	39	enet	0.087	0.0012	0.75907	0.448
Uterus	/media/kame/Data/_workings/resource/GTEv8//GTExv8.EUR.Uterus/ENSG00000132313.14.wgt.RDat	ENSG00000132313.14	2	86199354	86199355	0.283	rs17027163	-5.61	rs1863065	0.160265	5.56	0.509	448	6	enet	0.18	4e-06	0.29081	0.771
Uterus	/media/kame/Data/_workings/resource/GTEv8//GTExv8.EUR.Uterus/ENSG00000231259.4.wgt.RDat	ENSG00000231259.4	2	87053068	87053069	0.709	rs7585722	-4.02	rs17041053	0.376204	-6.53	-2.12	115	7	enet	0.38	7.3e-13	1.51953	0.129
Uterus	/media/kame/Data/_workings/resource/GTEv8//GTExv8.EUR.Uterus/ENSG00000144115.16.wgt.RDat	ENSG00000144115.16	2	88170294	88170295	0.868	rs4449134	-4.64	rs10865489	0.493866	-7.31	-0.19	259	13	enet	0.55	3.6e-20	0.18495	0.853
Uterus	/media/kame/Data/_workings/resource/GTEv8//GTExv8.EUR.Uterus/ENSG00000144026.11.wgt.RDat	ENSG00000144026.11	2	95165412	95165413	0.776	rs2008501	3.63	rs1852300	0.011503	-3.52	-0.0365	113	39	enet	0.24	4.5e-08	-0.29197	0.77
Uterus	/media/kame/Data/_workings/resource/GTEv8//GTExv8.EUR.Uterus/ENSG00000155066.15.wgt.RDat	ENSG00000155066.15	2	95274452	95274453	0.136	rs17119922	4.54	rs872580	0.024555	-3.76	0.499	121	21	enet	-0.0036	0.43	-0.46783	0.64
Uterus	/media/kame/Data/_workings/resource/GTEv8//GTExv8.EUR.Uterus/ENSG00000237510.7.wgt.RDat	ENSG00000237510.7	2	95792219	95792220	0.563	rs17119922	4.54	rs3171927	0.150596	-4.59	2.15	107	21	enet	0.2	6e-07	-1.28533	0.199
Uterus	/media/kame/Data/_workings/resource/GTEv8//GTExv8.EUR.Uterus/ENSG00000144021.2.wgt.RDat	ENSG00000144021.2	2	96266131	96266132	0.159	rs17420101	4.03	rs3171927	0.156142	-4.25	2.15	152	8	enet	0.15	2.3e-05	-1.7734	0.0762
Uterus	/media/kame/Data/_workings/resource/GTEv8//GTExv8.EUR.Uterus/ENSG00000168754.14.wgt.RDat	ENSG00000168754.14	2	96986591	96986592	0.137	rs17119645	4.3	rs6576990	0.130804	4.2	1.99	155	21	enet	0.078	0.0021	2.15579	0.0311
Uterus	/media/kame/Data/_workings/resource/GTEv8//GTExv8.EUR.Uterus/ENSG00000230606.10.wgt.RDat	ENSG00000230606.10	2	97433526	97433527	0.385	rs10207116	3.35	rs7598442	0.340384	6.36	-0.715	124	16	enet	0.41	5.6e-14	1.14701	0.251
Uterus	/media/kame/Data/_workings/resource/GTEv8//GTExv8.EUR.Uterus/ENSG00000196912.12.wgt.RDat	ENSG00000196912.12	2	97589964	97589965	0.747	rs10207116	3.35	rs873886	0.36008	7.19	0.0862	118	14	enet	0.46	9.1e-16	-0.17738	0.859
Uterus	/media/kame/Data/_workings/resource/GTEv8//GTExv8.EUR.Uterus/ENSG00000115073.7.wgt.RDat	ENSG00000115073.7	2	97664106	97664107	0.462	rs10171740	3.48	rs11692435	0.25031	5.49	-2.27	143	33	enet	0.23	8.2e-08	-1.93716	0.0527
Uterus	/media/kame/Data/_workings/resource/GTEv8//GTExv8.EUR.Uterus/ENSG00000135951.14.wgt.RDat	ENSG00000135951.14	2	99154953	99154954	0.221	rs1607255	8.38	rs13384883	0.037398	3.75	0.563	297	26	enet	0.048	0.013	0.88272	0.377
Uterus	/media/kame/Data/_workings/resource/GTEv8//GTExv8.EUR.Uterus/ENSG00000144182.16.wgt.RDat	ENSG00000144182.16	2	99154964	99154965	0.281	rs1607255	8.38	rs720228	0.107121	-4.88	-0.191	297	11	enet	0.14	5.1e-05	0.08533	0.932
Uterus	/media/kame/Data/_workings/resource/GTEv8//GTExv8.EUR.Uterus/ENSG00000158411.11.wgt.RDat	ENSG00000158411.11	2	99181057	99181058	0.155	rs1607255	8.38	rs12053372	0.049281	4.59	0.275	302	11	enet	0.045	0.016	0.09028	0.928
Uterus	/media/kame/Data/_workings/resource/GTEv8//GTExv8.EUR.Uterus/ENSG00000115526.10.wgt.RDat	ENSG00000115526.10	2	100417655	100417656	0.312	rs870321	7.63	rs10496345	-0.008496	3.47	-2.25	482	24	enet	0.03	0.042	-0.91463	0.36
Uterus	/media/kame/Data/_workings/resource/GTEv8//GTExv8.EUR.Uterus/ENSG00000212283.1.wgt.RDat	ENSG00000212283.1	2	101273048	101273049	0.492	rs2136435	3.52	rs750783	0.200565	5.57	-1.13	407	17	enet	0.22	2.4e-07	-0.15034	0.88
Uterus	/media/kame/Data/_workings/resource/GTEv8//GTExv8.EUR.Uterus/ENSG00000196460.12.wgt.RDat	ENSG00000196460.12	2	101474702	101474703	0.199	rs2136435	3.52	rs4629180	0.212464	-5.16	5.37e-05	361	9	enet	0.13	8.8e-05	0.18164	0.856
Uterus	/media/kame/Data/_workings/resource/GTEv8//GTExv8.EUR.Uterus/ENSG00000115598.9.wgt.RDat	ENSG00000115598.9	2	102186972	102186973	0.3	rs759382	-5.32	rs2110727	-0.005339	-3.03	-0.0444	537	41	enet	-0.0087	0.78	1.2972	0.195
Uterus	/media/kame/Data/_workings/resource/GTEv8//GTExv8.EUR.Uterus/ENSG00000234389.1.wgt.RDat	ENSG00000234389.1	2	102438712	102438713	0.224	rs759382	-5.32	rs17026974	0.115064	-4.52	0.596	559	34	enet	0.038	0.026	-0.23012	0.818
Uterus	/media/kame/Data/_workings/resource/GTEv8//GTExv8.EUR.Uterus/ENSG00000135972.8.wgt.RDat	ENSG00000135972.8	2	105037982	105037983	0.246	rs17652317	-6.12	rs12611937	0.237924	-5.25	-1.73	475	11	enet	0.14	3.5e-05	1.37487	0.169
Uterus	/media/kame/Data/_workings/resource/GTEv8//GTExv8.EUR.Uterus/ENSG00000198203.9.wgt.RDat	ENSG00000198203.9	2	108288638	108288639	0.696	rs3820957	3.81	rs13410305	0.455966	6.98	-0.552	322	9	enet	0.45	1.3e-15	-1.20404	0.229
Uterus	/media/kame/Data/_workings/resource/GTEv8//GTExv8.EUR.Uterus/ENSG00000237223.6.wgt.RDat	ENSG00000237223.6	2	108322237	108322238	0.353	rs3820957	3.81	rs13410305	0.133639	4.86	-0.552	321	29	enet	0.14	3.5e-05	-0.8844	0.376
Uterus	/media/kame/Data/_workings/resource/GTEv8//GTExv8.EUR.Uterus/ENSG00000135968.20.wgt.RDat	ENSG00000135968.20	2	108448560	108448561	0.399	rs3820957	3.81	rs2577613	0.208625	-5.41	0.0138	350	21	enet	0.099	0.00057	0.05045	0.96
Uterus	/media/kame/Data/_workings/resource/GTEv8//GTExv8.EUR.Uterus/ENSG00000153208.16.wgt.RDat	ENSG00000153208.16	2	111898478	111898479	0.436	rs10169022	3.33	rs13419523	0.238476	5.12	0.113	309	19	enet	0.16	1.5e-05	-0.01472	0.988
Uterus	/media/kame/Data/_workings/resource/GTEv8//GTExv8.EUR.Uterus/ENSG00000169629.11.wgt.RDat	ENSG00000169629.11	2	112434487	112434488	0.602	rs17042509	7.55	rs6542056	0.552669	-7.68	0.102	400	16	enet	0.46	5.2e-16	0.01224	0.99
Uterus	/media/kame/Data/_workings/resource/GTEv8//GTExv8.EUR.Uterus/ENSG00000125630.15.wgt.RDat	ENSG00000125630.15	2	112541914	112541915	0.673	rs17042509	7.55	rs13412193	0.268521	6.15	1.18	393	4	enet	0.28	2.4e-09	0.85986	0.39
Uterus	/media/kame/Data/_workings/resource/GTEv8//GTExv8.EUR.Uterus/ENSG00000237753.1.wgt.RDat	ENSG00000237753.1	2	112645689	112645690	0.513	rs17042509	7.55	rs12996187	0.36624	6.35	0.0291	473	11	enet	0.29	1.7e-09	0.12351	0.902
Uterus	/media/kame/Data/_workings/resource/GTEv8//GTExv8.EUR.Uterus/ENSG00000189223.14.wgt.RDat	ENSG00000189223.14	2	113211521	113211522	0.397	rs17042509	7.55	rs11123172	0.165414	-5.66	-0.24	453	22	enet	0.13	5.9e-05	0.43205	0.666
Uterus	/media/kame/Data/_workings/resource/GTEv8//GTExv8.EUR.Uterus/ENSG00000226516.7.wgt.RDat	ENSG00000226516.7	2	113577381	113577382	0.478	rs17046611	4.94	rs1631611	0.147283	4.33	1.31	372	13	enet	0.00047	0.31	-0.18755	0.851
Uterus	/media/kame/Data/_workings/resource/GTEv8//GTExv8.EUR.Uterus/ENSG00000146556.14.wgt.RDat	ENSG00000146556.14	2	113588549	113588550	0.549	rs17046611	4.94	rs4849261	0.421396	-6.97	-0.208	355	23	enet	0.43	1.1e-14	0.31198	0.755
Uterus	/media/kame/Data/_workings/resource/GTEv8//GTExv8.EUR.Uterus/ENSG00000236397.3.wgt.RDat	ENSG00000236397.3	2	113601260	113601261	0.524	rs17046611	4.94	rs4849261	0.45731	7.06	-0.208	349	32	enet	0.43	1.5e-14	-0.20766	0.835
Uterus	/media/kame/Data/_workings/resource/GTEv8//GTExv8.EUR.Uterus/ENSG00000279267.1.wgt.RDat	ENSG00000279267.1	2	113607907	113607908	0.252	rs17046611	4.94	rs2900745	0.16402	-4.81	-0.00894	346	18	enet	0.13	7.6e-05	-0.27885	0.78
Uterus	/media/kame/Data/_workings/resource/GTEv8//GTExv8.EUR.Uterus/ENSG00000240356.6.wgt.RDat	ENSG00000240356.6	2	113627089	113627090	0.385	rs17046611	4.94	rs4849270	0.031497	-4.2	0.195	331	30	enet	0.19	1.2e-06	0.21356	0.831
Uterus	/media/kame/Data/_workings/resource/GTEv8//GTExv8.EUR.Uterus/ENSG00000227359.1.wgt.RDat	ENSG00000227359.1	2	113704077	113704078	0.355	rs17046611	4.94	rs1053413	0.213384	4.94	0.309	318	18	enet	0.18	3.4e-06	0.41505	0.678
Uterus	/media/kame/Data/_workings/resource/GTEv8//GTExv8.EUR.Uterus/ENSG00000244063.1.wgt.RDat	ENSG00000244063.1	2	113831047	113831048	0.237	rs17046611	4.94	rs12995005	0.029948	4.48	0.533	297	38	enet	0.052	0.01	1.16383	0.244
Uterus	/media/kame/Data/_workings/resource/GTEv8//GTExv8.EUR.Uterus/ENSG00000186684.12.wgt.RDat	ENSG00000186684.12	2	127220077	127220078	0.328	rs800861	-3.43	rs2069916	0.052569	-4.69	0.877	462	34	enet	0.15	2.6e-05	-0.48951	0.624
Uterus	/media/kame/Data/_workings/resource/GTEv8//GTExv8.EUR.Uterus/ENSG00000163161.12.wgt.RDat	ENSG00000163161.12	2	127294175	127294176	0.393	rs705048	-7.03	rs4662718	0.237552	-5.42	0.00454	449	27	enet	0.2	1e-06	-0.34883	0.727
Uterus	/media/kame/Data/_workings/resource/GTEv8//GTExv8.EUR.Uterus/ENSG00000236682.1.wgt.RDat	ENSG00000236682.1	2	127389129	127389130	0.666	rs705048	-7.03	rs2139142	0.55319	7.7	-0.498	432	13	enet	0.51	2.7e-18	-0.53524	0.592
Uterus	/media/kame/Data/_workings/resource/GTEv8//GTExv8.EUR.Uterus/ENSG00000144230.16.wgt.RDat	ENSG00000144230.16	2	127645863	127645864	0.538	rs705048	-7.03	rs17262104	0.13925	4.9	0.329	378	15	enet	0.15	2.8e-05	0.18826	0.851
Uterus	/media/kame/Data/_workings/resource/GTEv8//GTExv8.EUR.Uterus/ENSG00000136731.12.wgt.RDat	ENSG00000136731.12	2	128091199	128091200	0.226	rs7589568	-8.51	rs4616425	0.01941	-3.69	0.153	369	26	enet	0.029	0.043	0.70366	0.482
Uterus	/media/kame/Data/_workings/resource/GTEv8//GTExv8.EUR.Uterus/ENSG00000225449.3.wgt.RDat	ENSG00000225449.3	2	129979662	129979663	0.213	rs4622658	-2.57	rs7566086	0.071645	-3.71	0.211	253	10	enet	0.069	0.0036	-0.66684	0.505
Uterus	/media/kame/Data/_workings/resource/GTEv8//GTExv8.EUR.Uterus/ENSG00000236595.1.wgt.RDat	ENSG00000236595.1	2	130251567	130251568	0.128	rs4622658	-2.57	rs938869	0.154602	4.28	-1.36	141	22	enet	0.029	0.043	-0.63615	0.525
Uterus	/media/kame/Data/_workings/resource/GTEv8//GTExv8.EUR.Uterus/ENSG00000214077.4.wgt.RDat	ENSG00000214077.4	2	131424866	131424867	0.157	rs9677376	-5.03	rs10928504	0.004459	3.37	0.0137	176	32	enet	0.0053	0.21	1.2418	0.214
Uterus	/media/kame/Data/_workings/resource/GTEv8//GTExv8.EUR.Uterus/ENSG00000232742.3.wgt.RDat	ENSG00000232742.3	2	131460998	131460999	0.242	rs9677376	-5.03	rs12469056	0.075987	-3.18	-3.76	168	13	enet	0.043	0.018	1.24814	0.212
Uterus	/media/kame/Data/_workings/resource/GTEv8//GTExv8.EUR.Uterus/ENSG00000273073.1.wgt.RDat	ENSG00000273073.1	2	131463614	131463615	0.47	rs9677376	-5.03	rs6731616	0.008721	3.85	-0.987	168	31	enet	0.19	1.3e-06	-0.89203	0.372
Uterus	/media/kame/Data/_workings/resource/GTEv8//GTExv8.EUR.Uterus/ENSG00000173272.15.wgt.RDat	ENSG00000173272.15	2	131492742	131492743	0.312	rs9677376	-5.03	rs7565546	0.001638	-4.06	-0.92	163	27	enet	0.033	0.035	1.36877	0.171
Uterus	/media/kame/Data/_workings/resource/GTEv8//GTExv8.EUR.Uterus/ENSG00000152117.17.wgt.RDat	ENSG00000152117.17	2	131492812	131492813	0.589	rs9677376	-5.03	rs10177008	0.487022	-7.28	-3.72	163	12	enet	0.44	2.8e-15	3.30182	0.000961
Uterus	/media/kame/Data/_workings/resource/GTEv8//GTExv8.EUR.Uterus/ENSG00000197927.12.wgt.RDat	ENSG00000197927.12	2	131722374	131722375	0.651	rs4309618	-3.84	rs2175144	0.502731	-7.35	0.2	121	16	enet	0.4	1.5e-13	-0.38652	0.699
Uterus	/media/kame/Data/_workings/resource/GTEv8//GTExv8.EUR.Uterus/ENSG00000213222.3.wgt.RDat	ENSG00000213222.3	2	131724278	131724279	0.472	rs4309618	-3.84	rs2175144	0.279193	-5.59	0.2	121	10	enet	0.24	6.4e-08	-0.34285	0.732
Uterus	/media/kame/Data/_workings/resource/GTEv8//GTExv8.EUR.Uterus/ENSG00000115866.10.wgt.RDat	ENSG00000115866.10	2	135985876	135985877	0.16	rs13012539	-5.3	rs2304371	0.074671	4	-1.76	302	4	enet	0.074	0.0027	-1.74712	0.0806
Uterus	/media/kame/Data/_workings/resource/GTEv8//GTExv8.EUR.Uterus/ENSG00000115919.14.wgt.RDat	ENSG00000115919.14	2	142877497	142877498	0.207	rs6712291	-4.51	rs1472080	-0.008427	3.48	1.61	357	34	enet	0.017	0.093	0.87444	0.382
Uterus	/media/kame/Data/_workings/resource/GTEv8//GTExv8.EUR.Uterus/ENSG00000184898.6.wgt.RDat	ENSG00000184898.6	2	151261878	151261879	0.222	rs3845844	6.64	rs2218880	0.179244	-4.54	-0.293	454	6	enet	0.096	0.00066	0.35292	0.724
Uterus	/media/kame/Data/_workings/resource/GTEv8//GTExv8.EUR.Uterus/ENSG00000226383.6.wgt.RDat	ENSG00000226383.6	2	156254949	156254950	0.462	rs707124	16.98	rs1030599	0.2071	5.64	-0.154	327	23	enet	0.35	1e-11	-1.63891	0.101
Uterus	/media/kame/Data/_workings/resource/GTEv8//GTExv8.EUR.Uterus/ENSG00000196151.10.wgt.RDat	ENSG00000196151.10	2	159286798	159286799	0.566	rs888628	3.51	rs714156	0.36368	-6.28	-0.17	412	36	enet	0.3	7.5e-10	0.37085	0.711
Uterus	/media/kame/Data/_workings/resource/GTEv8//GTExv8.EUR.Uterus/ENSG00000054219.10.wgt.RDat	ENSG00000054219.10	2	159904748	159904749	0.469	rs4619557	4.68	rs17830558	0.444015	-6.92	-0.895	444	11	enet	0.44	5.4e-15	0.87131	0.384
Uterus	/media/kame/Data/_workings/resource/GTEv8//GTExv8.EUR.Uterus/ENSG00000115221.10.wgt.RDat	ENSG00000115221.10	2	160271887	160271888	0.238	rs10192369	6.18	rs4664325	0.217689	5	-2.87	427	8	enet	0.19	1.5e-06	-2.53456	0.0113
Uterus	/media/kame/Data/_workings/resource/GTEv8//GTExv8.EUR.Uterus/ENSG00000227403.1.wgt.RDat	ENSG00000227403.1	2	161244738	161244739	0.351	rs1114338	10.14	rs10930013	0.17238	-4.49	5.85	384	35	enet	0.037	0.026	-4.22833	2.35e-05
Uterus	/media/kame/Data/_workings/resource/GTEv8//GTExv8.EUR.Uterus/ENSG00000136531.15.wgt.RDat	ENSG00000136531.15	2	165208261	165208262	0.249	rs10184275	-8.13	rs12616739	0.113063	-4.53	-4.52	400	20	enet	0.16	1.4e-05	3.59905	0.000319
Uterus	/media/kame/Data/_workings/resource/GTEv8//GTExv8.EUR.Uterus/ENSG00000115339.13.wgt.RDat	ENSG00000115339.13	2	165794681	165794682	0.559	rs17187636	-6.89	rs13431319	0.270079	5.59	0.00293	433	19	enet	0.22	1.5e-07	0.32945	0.742
Uterus	/media/kame/Data/_workings/resource/GTEv8//GTExv8.EUR.Uterus/ENSG00000172292.14.wgt.RDat	ENSG00000172292.14	2	168455861	168455862	0.379	rs540524	-5.4	rs1002667	0.140141	4.21	0.00147	552	65	enet	0.057	0.0074	-0.38151	0.703
Uterus	/media/kame/Data/_workings/resource/GTEv8//GTExv8.EUR.Uterus/ENSG00000152254.10.wgt.RDat	ENSG00000152254.10	2	168901239	168901240	0.32	rs540524	-5.4	rs3931	0.383722	6.44	0.0932	565	12	enet	0.29	1.7e-09	0.02008	0.984
Uterus	/media/kame/Data/_workings/resource/GTEv8//GTExv8.EUR.Uterus/ENSG00000152253.8.wgt.RDat	ENSG00000152253.8	2	168913370	168913371	0.483	rs540524	-5.4	rs577192	0.266877	5.88	-0.749	565	20	enet	0.27	8e-09	-0.51937	0.604
Uterus	/media/kame/Data/_workings/resource/GTEv8//GTExv8.EUR.Uterus/ENSG00000154479.12.wgt.RDat	ENSG00000154479.12	2	169694432	169694433	0.366	rs6725137	-4.07	rs3769771	-0.003196	-4.32	1.01	462	29	enet	0.055	0.0086	-2.0187	0.0435
Uterus	/media/kame/Data/_workings/resource/GTEv8//GTExv8.EUR.Uterus/ENSG00000144362.11.wgt.RDat	ENSG00000144362.11	2	169694453	169694454	0.191	rs6725137	-4.07	rs13408281	0.042946	-4.06	0.507	462	26	enet	0.11	0.00026	-0.24901	0.803
Uterus	/media/kame/Data/_workings/resource/GTEv8//GTExv8.EUR.Uterus/ENSG00000144357.16.wgt.RDat	ENSG00000144357.16	2	169827457	169827458	0.31	rs12469771	-4.57	rs13781	-0.008378	-3.24	-0.196	467	67	enet	0.012	0.14	0.77814	0.436
Uterus	/media/kame/Data/_workings/resource/GTEv8//GTExv8.EUR.Uterus/ENSG00000071967.11.wgt.RDat	ENSG00000071967.11	2	171522246	171522247	0.52	rs7580132	-5.61	rs3731986	0.09867	4.81	-0.591	352	16	enet	0.36	3.8e-12	1.15672	0.247
Uterus	/media/kame/Data/_workings/resource/GTEv8//GTExv8.EUR.Uterus/ENSG00000238133.6.wgt.RDat	ENSG00000238133.6	2	173282035	173282036	0.233	rs9646736	11.26	rs13417028	0.012851	-3.53	1.67	489	35	enet	0.026	0.052	-1.76062	0.0783
Uterus	/media/kame/Data/_workings/resource/GTEv8//GTExv8.EUR.Uterus/ENSG00000226853.2.wgt.RDat	ENSG00000226853.2	2	174487388	174487389	0.262	rs4378760	3.11	rs3820898	-0.008396	-3.56	-1.91	362	38	enet	0.066	0.0045	1.18595	0.236
Uterus	/media/kame/Data/_workings/resource/GTEv8//GTExv8.EUR.Uterus/ENSG00000079150.17.wgt.RDat	ENSG00000079150.17	2	178478599	178478600	0.26	rs1434093	-4.29	rs16866352	0.140486	4.06	2.88	455	31	enet	0.064	0.0049	1.82254	0.0684
Uterus	/media/kame/Data/_workings/resource/GTEv8//GTExv8.EUR.Uterus/ENSG00000237298.9.wgt.RDat	ENSG00000237298.9	2	178521182	178521183	0.299	rs1434093	-4.29	rs334025	-0.009468	-3.28	0.0781	448	63	enet	0.029	0.043	0.13098	0.896
Uterus	/media/kame/Data/_workings/resource/GTEv8//GTExv8.EUR.Uterus/ENSG00000283839.1.wgt.RDat	ENSG00000283839.1	2	184598364	184598365	0.168	rs872194	5.13	rs6730475	0.028558	3.36	0.373	268	9	enet	-0.0094	0.9	0.35473	0.723
Uterus	/media/kame/Data/_workings/resource/GTEv8//GTExv8.EUR.Uterus/ENSG00000170396.7.wgt.RDat	ENSG00000170396.7	2	184598720	184598721	0.212	rs872194	5.13	rs1304514	0.121455	-4.4	0.32	268	7	enet	0.083	0.0015	-0.27696	0.782
Uterus	/media/kame/Data/_workings/resource/GTEv8//GTExv8.EUR.Uterus/ENSG00000188738.14.wgt.RDat	ENSG00000188738.14	2	185738894	185738895	0.248	rs12622713	3.9	rs17331619	0.069061	4.01	0.00867	293	5	enet	0.081	0.0017	0.59678	0.551
Uterus	/media/kame/Data/_workings/resource/GTEv8//GTExv8.EUR.Uterus/ENSG00000226747.6.wgt.RDat	ENSG00000226747.6	2	185740478	185740479	0.401	rs12622713	3.9	rs2370400	0.422673	6.79	0.0938	292	20	enet	0.34	2.8e-11	0.11594	0.908
Uterus	/media/kame/Data/_workings/resource/GTEv8//GTExv8.EUR.Uterus/ENSG00000227692.1.wgt.RDat	ENSG00000227692.1	2	186364597	186364598	0.338	rs2595380	-3.87	rs7604874	0.094921	4.72	0.803	296	20	enet	0.094	0.00079	0.47248	0.637
Uterus	/media/kame/Data/_workings/resource/GTEv8//GTExv8.EUR.Uterus/ENSG00000138381.9.wgt.RDat	ENSG00000138381.9	2	189661384	189661385	0.194	rs10497704	4.47	rs7557519	0.071856	-4.29	0.461	289	16	enet	0.049	0.013	-0.40096	0.688
Uterus	/media/kame/Data/_workings/resource/GTEv8//GTExv8.EUR.Uterus/ENSG00000128699.13.wgt.RDat	ENSG00000128699.13	2	189783572	189783573	0.184	rs10497704	4.47	rs5743061	0.11349	4.36	0.673	310	17	enet	0.06	0.0063	0.65348	0.513
Uterus	/media/kame/Data/_workings/resource/GTEv8//GTExv8.EUR.Uterus/ENSG00000151689.12.wgt.RDat	ENSG00000151689.12	2	190343469	190343470	0.276	rs1558471	-3.47	rs2136567	0.032213	4.24	2.01	337	33	enet	0.12	0.00019	0.24668	0.805
Uterus	/media/kame/Data/_workings/resource/GTEv8//GTExv8.EUR.Uterus/ENSG00000151690.14.wgt.RDat	ENSG00000151690.14	2	190408354	190408355	0.192	rs1558471	-3.47	rs11695439	0.047358	-3.99	-0.915	339	9	enet	0.037	0.027	0.92879	0.353
Uterus	/media/kame/Data/_workings/resource/GTEv8//GTExv8.EUR.Uterus/ENSG00000272979.1.wgt.RDat	ENSG00000272979.1	2	190454520	190454521	0.276	rs1558471	-3.47	rs6717050	0.026443	3.7	-0.0359	338	39	enet	0.026	0.052	-0.83674	0.403
Uterus	/media/kame/Data/_workings/resource/GTEv8//GTExv8.EUR.Uterus/ENSG00000138378.17.wgt.RDat	ENSG00000138378.17	2	191151595	191151596	0.2	rs2138913	-6.53	rs7574570	0.152273	-4.54	-5.5	384	10	enet	0.048	0.013	4.67009	3.01e-06
Uterus	/media/kame/Data/_workings/resource/GTEv8//GTExv8.EUR.Uterus/ENSG00000196950.13.wgt.RDat	ENSG00000196950.13	2	195575976	195575977	0.478	rs6724756	-6.44	rs2280451	0.08983	-4.53	0.182	328	60	enet	0.06	0.0064	0.88732	0.375
Uterus	/media/kame/Data/_workings/resource/GTEv8//GTExv8.EUR.Uterus/ENSG00000115524.15.wgt.RDat	ENSG00000115524.15	2	197435090	197435091	0.131	rs3849361	3.4	rs11687698	0.020462	-3.71	0.0655	327	32	enet	0.058	0.007	-0.39912	0.69
Uterus	/media/kame/Data/_workings/resource/GTEv8//GTExv8.EUR.Uterus/ENSG00000226124.6.wgt.RDat	ENSG00000226124.6	2	199851172	199851173	0.333	rs6726276	5.84	rs4530349	0.185807	5.4	0.246	312	13	enet	0.18	2.6e-06	-0.53856	0.59
Uterus	/media/kame/Data/_workings/resource/GTEv8//GTExv8.EUR.Uterus/ENSG00000240344.8.wgt.RDat	ENSG00000240344.8	2	200889302	200889303	0.602	rs893355	-7.48	rs7606251	0.382901	-6.86	-0.39	448	28	enet	0.4	2.3e-13	-0.17261	0.863
Uterus	/media/kame/Data/_workings/resource/GTEv8//GTExv8.EUR.Uterus/ENSG00000064012.21.wgt.RDat	ENSG00000064012.21	2	201233442	201233443	0.184	rs17468821	-5.65	rs7583529	0.032419	-3.86	0.147	350	10	enet	0.0016	0.28	-1.18822	0.235
Uterus	/media/kame/Data/_workings/resource/GTEv8//GTExv8.EUR.Uterus/ENSG00000273456.1.wgt.RDat	ENSG00000273456.1	2	202375603	202375604	0.175	rs4675290	5.58	rs11694728	0.027598	3.32	-0.152	331	14	enet	0.05	0.012	0.4986	0.618
Uterus	/media/kame/Data/_workings/resource/GTEv8//GTExv8.EUR.Uterus/ENSG00000138439.11.wgt.RDat	ENSG00000138439.11	2	202635187	202635188	0.246	rs4675290	5.58	rs7581542	-0.009052	-3.47	0.547	239	43	enet	0.071	0.0032	-1.04209	0.297
Uterus	/media/kame/Data/_workings/resource/GTEv8//GTExv8.EUR.Uterus/ENSG00000138380.17.wgt.RDat	ENSG00000138380.17	2	202912226	202912227	0.202	rs4675290	5.58	rs6715752	0.016547	-4.3	0.25	242	4	enet	0.055	0.0085	-0.47486	0.635
Uterus	/media/kame/Data/_workings/resource/GTEv8//GTExv8.EUR.Uterus/ENSG00000138376.10.wgt.RDat	ENSG00000138376.10	2	214809710	214809711	0.149	rs7586962	5.31	rs6715570	0.205109	-4.79	0.0389	435	10	enet	0.13	9.9e-05	-0.15661	0.876
Uterus	/media/kame/Data/_workings/resource/GTEv8//GTExv8.EUR.Uterus/ENSG00000163449.10.wgt.RDat	ENSG00000163449.10	2	216081865	216081866	0.31	rs2738278	-4.15	rs7587968	0.023919	-3.79	-0.295	492	9	enet	0.0017	0.28	-1.45048	0.147
Uterus	/media/kame/Data/_workings/resource/GTEv8//GTExv8.EUR.Uterus/ENSG00000279348.1.wgt.RDat	ENSG00000279348.1	2	216211403	216211404	0.326	rs2738278	-4.15	rs17770648	-0.008882	-3.4	3.09	490	26	enet	0.026	0.053	-1.37524	0.169
Uterus	/media/kame/Data/_workings/resource/GTEv8//GTExv8.EUR.Uterus/ENSG00000261338.2.wgt.RDat	ENSG00000261338.2	2	218255318	218255319	0.363	rs4674332	-8.43	rs736730	0.251567	-5.92	-0.276	443	26	enet	0.17	4.8e-06	0.14286	0.886
Uterus	/media/kame/Data/_workings/resource/GTEv8//GTExv8.EUR.Uterus/ENSG00000115568.15.wgt.RDat	ENSG00000115568.15	2	218659654	218659655	0.134	rs13023540	15.03	rs12993599	0.004384	3.63	1.26	364	12	enet	0.027	0.048	-1.3585	0.174
Uterus	/media/kame/Data/_workings/resource/GTEv8//GTExv8.EUR.Uterus/ENSG00000213901.10.wgt.RDat	ENSG00000213901.10	2	219170094	219170095	0.343	rs13023540	17.42	rs17655123	0.19568	4.76	1.97	363	23	enet	0.19	1.4e-06	1.67871	0.0932
Uterus	/media/kame/Data/_workings/resource/GTEv8//GTExv8.EUR.Uterus/ENSG00000261428.2.wgt.RDat	ENSG00000261428.2	2	222569718	222569719	0.294	rs4673048	-4.05	rs1447108	0.114918	-4.83	0.26	460	14	enet	0.14	3.3e-05	0.84808	0.396
Uterus	/media/kame/Data/_workings/resource/GTEv8//GTExv8.EUR.Uterus/ENSG00000228446.2.wgt.RDat	ENSG00000228446.2	2	224500099	224500100	0.247	rs1542789	5.15	rs7564678	0.052507	4.42	1.02	448	31	enet	0.045	0.016	1.29732	0.195
Uterus	/media/kame/Data/_workings/resource/GTEv8//GTExv8.EUR.Uterus/ENSG00000283312.1.wgt.RDat	ENSG00000283312.1	2	231495298	231495299	0.578	rs745962	4.68	rs4973422	0.065854	-4.68	-0.231	367	26	enet	0.19	2e-06	-0.26466	0.791
Uterus	/media/kame/Data/_workings/resource/GTEv8//GTExv8.EUR.Uterus/ENSG00000181798.2.wgt.RDat	ENSG00000181798.2	2	231514338	231514339	0.431	rs745962	4.68	rs13020024	0.088089	-4.88	0.0424	354	13	enet	0.16	1.4e-05	-0.88228	0.378
Uterus	/media/kame/Data/_workings/resource/GTEv8//GTExv8.EUR.Uterus/ENSG00000085982.13.wgt.RDat	ENSG00000085982.13	2	233566781	233566782	0.359	rs4663995	-4.5	rs6728792	0.046011	3.7	-0.339	742	12	enet	0.016	0.1	-0.87893	0.379
Uterus	/media/kame/Data/_workings/resource/GTEv8//GTExv8.EUR.Uterus/ENSG00000177483.11.wgt.RDat	ENSG00000177483.11	2	237798744	237798745	0.399	rs6744212	-4.82	rs3806505	-0.006951	-3.6	0.119	522	40	enet	0.13	9.5e-05	-0.41383	0.679
Uterus	/media/kame/Data/_workings/resource/GTEv8//GTExv8.EUR.Uterus/ENSG00000144488.14.wgt.RDat	ENSG00000144488.14	2	238100156	238100157	0.836	rs10199579	-3.53	rs12479385	0.439326	6.9	-0.714	487	37	enet	0.53	6.8e-19	-0.36934	0.712
Uterus	/media/kame/Data/_workings/resource/GTEv8//GTExv8.EUR.Uterus/ENSG00000065802.11.wgt.RDat	ENSG00000065802.11	2	238426741	238426742	0.197	rs4663943	-4.34	rs579861	0.169926	-4.9	-0.485	435	17	enet	0.12	0.00012	0.37131	0.71
Uterus	/media/kame/Data/_workings/resource/GTEv8//GTExv8.EUR.Uterus/ENSG00000122085.16.wgt.RDat	ENSG00000122085.16	2	241102331	241102332	0.614	rs10048694	-2.43	rs740393	0.288983	-5.64	0.15	438	24	enet	0.36	6.4e-12	0.34143	0.733
Uterus	/media/kame/Data/_workings/resource/GTEv8//GTExv8.EUR.Uterus/ENSG00000146205.13.wgt.RDat	ENSG00000146205.13	2	241188508	241188509	0.252	rs10048694	-2.43	rs935262	-0.0091	-3.51	-0.0783	400	26	enet	0.027	0.05	0.53855	0.59
Uterus	/media/kame/Data/_workings/resource/GTEv8//GTExv8.EUR.Uterus/ENSG00000168385.17.wgt.RDat	ENSG00000168385.17	2	241315099	241315100	0.554	rs4675794	-2.85	rs11681497	0.32133	6.05	-0.841	369	27	enet	0.37	2.1e-12	-0.1982	0.843
Uterus	/media/kame/Data/_workings/resource/GTEv8//GTExv8.EUR.Uterus/ENSG00000006607.13.wgt.RDat	ENSG00000006607.13	2	241356242	241356243	0.316	rs35512023	2.86	rs6437255	0.186556	-4.55	-0.731	365	50	enet	0.17	8.3e-06	0.07594	0.939
Uterus	/media/kame/Data/_workings/resource/GTEv8//GTExv8.EUR.Uterus/ENSG00000168397.16.wgt.RDat	ENSG00000168397.16	2	241637449	241637450	0.367	rs35512023	2.86	rs4675930	0.067102	-4.29	-0.414	274	29	enet	0.11	3e-04	-0.86392	0.388
Uterus	/media/kame/Data/_workings/resource/GTEv8//GTExv8.EUR.Uterus/ENSG00000180902.17.wgt.RDat	ENSG00000180902.17	2	241734578	241734579	0.385	rs35512023	2.86	rs6733823	0.207757	5.09	-0.31	221	4	enet	0.13	8.9e-05	-0.07206	0.943
Uterus	/media/kame/Data/_workings/resource/GTEv8//GTExv8.EUR.Uterus/ENSG00000233806.7.wgt.RDat	ENSG00000233806.7	2	241881362	241881363	0.217	rs35512023	2.86	rs6737774	0.235894	5.41	0.234	164	11	enet	0.19	1.3e-06	0.32059	0.749
Uterus	/media/kame/Data/_workings/resource/GTEv8//GTExv8.EUR.Uterus/ENSG00000261186.2.wgt.RDat	ENSG00000261186.2	2	242088456	242088457	0.573	rs35512023	2.86	rs4973686	0.389666	6.54	0.703	88	13	enet	0.37	2e-12	-0.13172	0.895
Uterus	/media/kame/Data/_workings/resource/GTEv8//GTExv8.EUR.Uterus/ENSG00000235978.6.wgt.RDat	ENSG00000235978.6	3	4887292	4887293	0.3865	rs6442886	-4.36	rs6801009	-0.00921	3.35	-0.220477	605	57	enet	0.017	0.093	-0.000116	1
Uterus	/media/kame/Data/_workings/resource/GTEv8//GTExv8.EUR.Uterus/ENSG00000163703.17.wgt.RDat	ENSG00000163703.17	3	9933821	9933822	0.477	rs7626117	-8.58	rs2633788	-0.00444	3.31	0.24558	489	48	enet	0.19	2e-06	-0.479166	0.632
Uterus	/media/kame/Data/_workings/resource/GTEv8//GTExv8.EUR.Uterus/ENSG00000180385.8.wgt.RDat	ENSG00000180385.8	3	9987120	9987121	0.3112	rs7626117	-8.58	rs6804473	0.16527	4.46	-7.141093	522	35	enet	0.13	9.3e-05	-6.393804	1.62e-10
Uterus	/media/kame/Data/_workings/resource/GTEv8//GTExv8.EUR.Uterus/ENSG00000157014.10.wgt.RDat	ENSG00000157014.10	3	10248022	10248023	0.4203	rs7626117	-8.58	rs35668	-0.0071	-3.34	0.007171	601	38	enet	-0.0092	0.86	-0.59821	0.55
Uterus	/media/kame/Data/_workings/resource/GTEv8//GTExv8.EUR.Uterus/ENSG00000231177.4.wgt.RDat	ENSG00000231177.4	3	10284418	10284419	0.3228	rs7626117	-8.58	rs2075355	0.26724	5.39	0.32346	613	14	enet	0.18	2.8e-06	0.383209	0.702
Uterus	/media/kame/Data/_workings/resource/GTEv8//GTExv8.EUR.Uterus/ENSG00000240288.7.wgt.RDat	ENSG00000240288.7	3	10287944	10287945	0.5257	rs7626117	-8.58	rs35683	0.28116	-6.03	-0.001405	610	30	enet	0.32	1.3e-10	-0.719128	0.472
Uterus	/media/kame/Data/_workings/resource/GTEv8//GTExv8.EUR.Uterus/ENSG00000232287.2.wgt.RDat	ENSG00000232287.2	3	11019223	11019224	0.5484	rs13353463	5.53	rs2697150	0.0957	4.52	0.232267	521	19	enet	0.24	6.7e-08	0.000611	1
Uterus	/media/kame/Data/_workings/resource/GTEv8//GTExv8.EUR.Uterus/ENSG00000196639.6.wgt.RDat	ENSG00000196639.6	3	11137092	11137093	0.2864	rs13353463	5.53	rs2447607	-0.00461	3.36	1.800047	514	13	enet	0.018	0.091	1.775473	0.0758
Uterus	/media/kame/Data/_workings/resource/GTEv8//GTExv8.EUR.Uterus/ENSG00000197548.12.wgt.RDat	ENSG00000197548.12	3	11272308	11272309	0.3806	rs13353463	5.53	rs1809049	0.17385	-4.68	2.440951	510	7	enet	0.0035	0.24	-2.40682	0.0161
Uterus	/media/kame/Data/_workings/resource/GTEv8//GTExv8.EUR.Uterus/ENSG00000144559.10.wgt.RDat	ENSG00000144559.10	3	11846918	11846919	0.6547	rs2618405	6.92	rs6442290	0.43917	-7.04	0.048901	490	30	enet	0.52	8.9e-19	-0.330412	0.741
Uterus	/media/kame/Data/_workings/resource/GTEv8//GTExv8.EUR.Uterus/ENSG00000157152.16.wgt.RDat	ENSG00000157152.16	3	12004401	12004402	0.4949	rs2618405	6.92	rs2600268	0.35885	6.4	3.137554	546	37	enet	0.31	2.5e-10	3.454534	0.000551
Uterus	/media/kame/Data/_workings/resource/GTEv8//GTExv8.EUR.Uterus/ENSG00000144711.13.wgt.RDat	ENSG00000144711.13	3	13073116	13073117	0.3134	rs6442363	7.1	rs6763238	0.05101	-4.14	-0.347618	487	14	enet	0.06	0.0062	-1.321838	0.186
Uterus	/media/kame/Data/_workings/resource/GTEv8//GTExv8.EUR.Uterus/ENSG00000233121.1.wgt.RDat	ENSG00000233121.1	3	13926812	13926813	0.2259	rs4684187	3.53	rs9310433	0.03084	-3.95	-0.051612	516	38	enet	0.072	0.0031	-0.893929	0.371
Uterus	/media/kame/Data/_workings/resource/GTEv8//GTExv8.EUR.Uterus/ENSG00000224660.1.wgt.RDat	ENSG00000224660.1	3	15254183	15254184	0.3226	rs2470550	-8.51	rs6777812	0.04781	4.03	-2.7328	439	19	enet	0.05	0.012	-0.676763	0.499
Uterus	/media/kame/Data/_workings/resource/GTEv8//GTExv8.EUR.Uterus/ENSG00000131386.17.wgt.RDat	ENSG00000131386.17	3	16174648	16174649	0.2943	rs2470550	-8.51	rs1454769	0.04182	-4.02	-0.28259	523	21	enet	0.1	0.00049	-0.603067	0.546
Uterus	/media/kame/Data/_workings/resource/GTEv8//GTExv8.EUR.Uterus/ENSG00000163576.17.wgt.RDat	ENSG00000163576.17	3	19947024	19947025	0.795	rs11714225	4.75	rs1133328	0.5632	7.77	0.278169	377	22	enet	0.51	3.9e-18	0.400693	0.689
Uterus	/media/kame/Data/_workings/resource/GTEv8//GTExv8.EUR.Uterus/ENSG00000227260.1.wgt.RDat	ENSG00000227260.1	3	30524744	30524745	0.3462	rs4293666	-7.88	rs755615	-0.00949	2.88	-0.38318	531	7	enet	-0.0077	0.67	2.827535	0.00469
Uterus	/media/kame/Data/_workings/resource/GTEv8//GTExv8.EUR.Uterus/ENSG00000136059.14.wgt.RDat	ENSG00000136059.14	3	37988058	37988059	0.3013	rs2073714	-3.35	rs196381	0.07336	-3.87	-1.146041	409	47	enet	0.068	0.004	0.094905	0.924
Uterus	/media/kame/Data/_workings/resource/GTEv8//GTExv8.EUR.Uterus/ENSG00000157036.12.wgt.RDat	ENSG00000157036.12	3	38496126	38496127	0.2464	rs7374540	4.26	rs7645173	-0.00768	3.5	-0.448277	439	16	enet	-0.0094	0.9	0.025781	0.979
Uterus	/media/kame/Data/_workings/resource/GTEv8//GTExv8.EUR.Uterus/ENSG00000168026.18.wgt.RDat	ENSG00000168026.18	3	39109084	39109085	0.261	rs11129839	-5.69	rs4676483	0.05204	4.08	-1.479795	460	51	enet	0.037	0.027	-1.494664	0.135
Uterus	/media/kame/Data/_workings/resource/GTEv8//GTExv8.EUR.Uterus/ENSG00000173811.10.wgt.RDat	ENSG00000173811.10	3	42732574	42732575	0.351	rs4683364	5.7	rs13061576	0.1121	5.05	0.512084	453	12	enet	0.13	0.00011	0.42556	0.67
Uterus	/media/kame/Data/_workings/resource/GTEv8//GTExv8.EUR.Uterus/ENSG00000225873.3.wgt.RDat	ENSG00000225873.3	3	44429064	44429065	0.158	rs9825080	-4.42	rs4334678	0.01469	3.51	1.930356	313	7	enet	0.006	0.2	0.97493	0.33
Uterus	/media/kame/Data/_workings/resource/GTEv8//GTExv8.EUR.Uterus/ENSG00000144792.9.wgt.RDat	ENSG00000144792.9	3	44578222	44578223	0.584	rs9825080	-4.42	rs939649	0.52476	7.79	-0.007901	302	24	enet	0.51	3.1e-18	-0.080674	0.936
Uterus	/media/kame/Data/_workings/resource/GTEv8//GTExv8.EUR.Uterus/ENSG00000196653.11.wgt.RDat	ENSG00000196653.11	3	44712642	44712643	0.3333	rs10514710	-4.15	rs10514710	0.20173	4.7	-4.154657	355	25	enet	0.048	0.014	-2.185862	0.0288
Uterus	/media/kame/Data/_workings/resource/GTEv8//GTExv8.EUR.Uterus/ENSG00000163807.5.wgt.RDat	ENSG00000163807.5	3	44761661	44761662	0.2169	rs10514710	-4.15	rs937834	0.16615	5.11	1.807058	374	16	enet	0.12	0.00017	1.636006	0.102
Uterus	/media/kame/Data/_workings/resource/GTEv8//GTExv8.EUR.Uterus/ENSG00000144791.9.wgt.RDat	ENSG00000144791.9	3	45555393	45555394	0.546	rs9856266	-4.66	rs1318992	0.25066	5.68	0.100293	510	8	enet	0.23	1.4e-07	0.244803	0.807
Uterus	/media/kame/Data/_workings/resource/GTEv8//GTExv8.EUR.Uterus/ENSG00000241186.9.wgt.RDat	ENSG00000241186.9	3	46574533	46574534	0.8164	rs9855938	-3.72	rs3806702	0.38785	6.66	-0.083806	373	11	enet	0.33	5.6e-11	-0.155753	0.876
Uterus	/media/kame/Data/_workings/resource/GTEv8//GTExv8.EUR.Uterus/ENSG00000261603.1.wgt.RDat	ENSG00000261603.1	3	46736428	46736429	0.3314	rs9855938	-3.72	rs6774350	0.0523	4.01	-1.515809	329	22	enet	0.18	3e-06	-0.193457	0.847
Uterus	/media/kame/Data/_workings/resource/GTEv8//GTExv8.EUR.Uterus/ENSG00000188086.13.wgt.RDat	ENSG00000188086.13	3	46744754	46744755	0.5164	rs9855938	-3.72	rs6810260	0.26909	5.44	-0.380046	328	27	enet	0.24	7.1e-08	-0.669287	0.503
Uterus	/media/kame/Data/_workings/resource/GTEv8//GTExv8.EUR.Uterus/ENSG00000164045.11.wgt.RDat	ENSG00000164045.11	3	48188401	48188402	0.4252	rs876597	3.59	rs9819094	0.2718	5.84	2.680954	225	20	enet	0.3	4.7e-10	2.590882	0.00957
Uterus	/media/kame/Data/_workings/resource/GTEv8//GTExv8.EUR.Uterus/ENSG00000164048.13.wgt.RDat	ENSG00000164048.13	3	48241099	48241100	0.4536	rs876597	3.59	rs936426	0.30775	6.12	2.813737	243	16	enet	0.31	3.3e-10	2.444277	0.0145
Uterus	/media/kame/Data/_workings/resource/GTEv8//GTExv8.EUR.Uterus/ENSG00000229759.1.wgt.RDat	ENSG00000229759.1	3	48256585	48256586	0.54	rs876597	3.59	rs6796490	0.36244	6.7	1.307135	247	21	enet	0.39	5.7e-13	1.967031	0.0492
Uterus	/media/kame/Data/_workings/resource/GTEv8//GTExv8.EUR.Uterus/ENSG00000228638.1.wgt.RDat	ENSG00000228638.1	3	48291374	48291375	0.2859	rs876597	3.59	rs7619865	0.07315	-3.88	0.60444	251	22	enet	0.12	0.00012	-0.135976	0.892
Uterus	/media/kame/Data/_workings/resource/GTEv8//GTExv8.EUR.Uterus/ENSG00000172113.8.wgt.RDat	ENSG00000172113.8	3	48301684	48301685	0.2019	rs876597	3.59	rs3197223	0.01762	-3.92	2.057316	254	27	enet	0.022	0.068	-1.500855	0.133
Uterus	/media/kame/Data/_workings/resource/GTEv8//GTExv8.EUR.Uterus/ENSG00000213689.11.wgt.RDat	ENSG00000213689.11	3	48465810	48465811	0.1948	rs876597	3.59	rs11797	0.07381	-4.23	0.257305	253	11	enet	0.1	0.00044	0.734652	0.463
Uterus	/media/kame/Data/_workings/resource/GTEv8//GTExv8.EUR.Uterus/ENSG00000114268.11.wgt.RDat	ENSG00000114268.11	3	48561725	48561726	0.2199	rs876597	3.59	rs6803741	0.02584	-3.23	1.003722	246	32	enet	0.027	0.049	-0.690987	0.49
Uterus	/media/kame/Data/_workings/resource/GTEv8//GTExv8.EUR.Uterus/ENSG00000213672.7.wgt.RDat	ENSG00000213672.7	3	48686363	48686364	0.2787	rs876597	3.59	rs990211	0.14561	-5.11	-1.574628	260	15	enet	0.18	4e-06	0.556259	0.578
Uterus	/media/kame/Data/_workings/resource/GTEv8//GTExv8.EUR.Uterus/ENSG00000178252.17.wgt.RDat	ENSG00000178252.17	3	49007154	49007155	0.38	rs2633958	-3.12	rs6446196	0.10767	4.28	0.006845	260	34	enet	0.23	1.4e-07	-1.041567	0.298
Uterus	/media/kame/Data/_workings/resource/GTEv8//GTExv8.EUR.Uterus/ENSG00000198218.10.wgt.RDat	ENSG00000198218.10	3	49094362	49094363	0.1108	rs2633958	-3.12	rs9859473	0.06884	3.94	-0.632724	253	27	enet	0.047	0.014	-0.965194	0.334
Uterus	/media/kame/Data/_workings/resource/GTEv8//GTExv8.EUR.Uterus/ENSG00000185909.14.wgt.RDat	ENSG00000185909.14	3	49171610	49171611	0.1782	rs9812791	-2.55	rs4955426	0.23625	5.23	-0.769913	262	13	enet	0.22	1.7e-07	-0.910186	0.363
Uterus	/media/kame/Data/_workings/resource/GTEv8//GTExv8.EUR.Uterus/ENSG00000145020.15.wgt.RDat	ENSG00000145020.15	3	49422752	49422753	0.2849	rs2230593	7.15	rs11710434	0.27864	-5.63	-0.945635	288	42	enet	0.24	6e-08	-0.001211	0.999
Uterus	/media/kame/Data/_workings/resource/GTEv8//GTExv8.EUR.Uterus/ENSG00000145029.13.wgt.RDat	ENSG00000145029.13	3	49429325	49429326	0.1464	rs2230593	7.15	rs9834003	0.09821	-4.02	0.027103	288	88	enet	0.04	0.022	-1.502314	0.133
Uterus	/media/kame/Data/_workings/resource/GTEv8//GTExv8.EUR.Uterus/ENSG00000173540.12.wgt.RDat	ENSG00000173540.12	3	49723950	49723951	0.3427	rs2230593	7.15	rs9835157	0.23251	5.4	1.647259	313	36	enet	0.22	1.8e-07	1.137486	0.255
Uterus	/media/kame/Data/_workings/resource/GTEv8//GTExv8.EUR.Uterus/ENSG00000187492.8.wgt.RDat	ENSG00000187492.8	3	49799834	49799835	0.0879	rs2230593	7.15	rs7430334	0.02411	3.54	0.20361	313	42	enet	0.05	0.012	0.667534	0.504
Uterus	/media/kame/Data/_workings/resource/GTEv8//GTExv8.EUR.Uterus/ENSG00000004534.14.wgt.RDat	ENSG00000004534.14	3	49940006	49940007	0.244	rs2230593	7.15	rs6771546	0.20997	5.57	-0.326385	309	45	enet	0.22	1.6e-07	-0.294703	0.768
Uterus	/media/kame/Data/_workings/resource/GTEv8//GTExv8.EUR.Uterus/ENSG00000232352.1.wgt.RDat	ENSG00000232352.1	3	50267370	50267371	0.407	rs2230593	7.15	rs9852677	0.15749	4.85	-0.005856	278	19	enet	0.15	2.3e-05	-0.063583	0.949
Uterus	/media/kame/Data/_workings/resource/GTEv8//GTExv8.EUR.Uterus/ENSG00000186792.16.wgt.RDat	ENSG00000186792.16	3	50299467	50299468	0.3105	rs2230593	7.15	rs13100173	0.28638	-5.66	1.329628	270	14	enet	0.22	2.3e-07	-0.441899	0.659
Uterus	/media/kame/Data/_workings/resource/GTEv8//GTExv8.EUR.Uterus/ENSG00000168268.10.wgt.RDat	ENSG00000168268.10	3	52535053	52535054	0.1431	rs11715796	5.28	rs9881468	0.01844	-3.5	1.566498	368	14	enet	0.059	0.0066	1.810903	0.0702
Uterus	/media/kame/Data/_workings/resource/GTEv8//GTExv8.EUR.Uterus/ENSG00000055955.15.wgt.RDat	ENSG00000055955.15	3	52830738	52830739	0.14	rs11130367	11.74	rs13091025	0.0716	4.57	2.081556	387	12	enet	0.061	0.006	1.153805	0.249
Uterus	/media/kame/Data/_workings/resource/GTEv8//GTExv8.EUR.Uterus/ENSG00000163935.13.wgt.RDat	ENSG00000163935.13	3	53046067	53046068	0.3113	rs11130367	11.74	rs2581829	0.21992	-5.44	-0.322896	360	11	enet	0.19	1.8e-06	0.319185	0.75
Uterus	/media/kame/Data/_workings/resource/GTEv8//GTExv8.EUR.Uterus/ENSG00000242142.1.wgt.RDat	ENSG00000242142.1	3	53065090	53065091	0.5504	rs11130367	11.74	rs2564921	0.49901	-7.35	-0.112892	356	22	enet	0.42	2.9e-14	0.667123	0.505
Uterus	/media/kame/Data/_workings/resource/GTEv8//GTExv8.EUR.Uterus/ENSG00000163933.9.wgt.RDat	ENSG00000163933.9	3	53130461	53130462	0.4894	rs11130367	11.74	rs2581799	0.31968	6.63	0.098055	369	18	enet	0.4	1.2e-13	-0.242331	0.809
Uterus	/media/kame/Data/_workings/resource/GTEv8//GTExv8.EUR.Uterus/ENSG00000244586.1.wgt.RDat	ENSG00000244586.1	3	55487698	55487699	0.2554	rs17055498	-3.84	rs393836	-0.00595	-3.5	-0.490672	574	49	enet	-0.0011	0.35	0.715139	0.475
Uterus	/media/kame/Data/_workings/resource/GTEv8//GTExv8.EUR.Uterus/ENSG00000283511.1.wgt.RDat	ENSG00000283511.1	3	58180008	58180009	0.3752	rs7622687	-5.64	rs2686629	-0.00171	3.55	-2.689169	449	19	enet	0.025	0.055	0.353215	0.724
Uterus	/media/kame/Data/_workings/resource/GTEv8//GTExv8.EUR.Uterus/ENSG00000241158.5.wgt.RDat	ENSG00000241158.5	3	64561321	64561322	0.5357	rs6795735	-4.12	rs9855230	-0.00174	-3.35	0.491916	673	66	enet	-0.0063	0.56	-0.306119	0.76
Uterus	/media/kame/Data/_workings/resource/GTEv8//GTExv8.EUR.Uterus/ENSG00000241316.6.wgt.RDat	ENSG00000241316.6	3	67654696	67654697	0.3084	rs1490270	9.05	rs6766403	0.21187	-4.9	-1.848727	411	11	enet	0.19	1.4e-06	1.438656	0.15
Uterus	/media/kame/Data/_workings/resource/GTEv8//GTExv8.EUR.Uterus/ENSG00000121440.14.wgt.RDat	ENSG00000121440.14	3	73624408	73624409	0.3735	rs7647789	4.76	rs17011430	0.07306	4.32	-0.873026	584	7	enet	0.023	0.063	-0.904988	0.365
Uterus	/media/kame/Data/_workings/resource/GTEv8//GTExv8.EUR.Uterus/ENSG00000238278.3.wgt.RDat	ENSG00000238278.3	3	75415069	75415070	0.4344	rs7430900	-2.37	rs7428379	0.03187	-3.76	-0.267663	147	28	enet	0.16	1e-05	-0.636486	0.524
Uterus	/media/kame/Data/_workings/resource/GTEv8//GTExv8.EUR.Uterus/ENSG00000272690.5.wgt.RDat	ENSG00000272690.5	3	75435347	75435348	0.6866	rs7430900	-2.37	rs12492640	0.13444	-4.06	0.287094	148	70	enet	0.099	0.00058	-0.313842	0.754
Uterus	/media/kame/Data/_workings/resource/GTEv8//GTExv8.EUR.Uterus/ENSG00000236138.4.wgt.RDat	ENSG00000236138.4	3	75668930	75668931	0.2523	rs7632524	-4.1	rs11707608	-0.00836	-3.08	-0.991215	171	29	enet	0.023	0.065	0.129013	0.897
Uterus	/media/kame/Data/_workings/resource/GTEv8//GTExv8.EUR.Uterus/ENSG00000242516.1.wgt.RDat	ENSG00000242516.1	3	75672390	75672391	0.6214	rs7632524	-4.1	rs4677503	0.02185	-4.17	-0.016602	171	42	enet	0.13	8.8e-05	-0.321904	0.748
Uterus	/media/kame/Data/_workings/resource/GTEv8//GTExv8.EUR.Uterus/ENSG00000227124.8.wgt.RDat	ENSG00000227124.8	3	75785582	75785583	0.2966	rs7632524	-4.1	rs17028554	0.15381	4.37	0.084564	161	22	enet	0.089	0.0011	-0.154572	0.877
Uterus	/media/kame/Data/_workings/resource/GTEv8//GTExv8.EUR.Uterus/ENSG00000169855.19.wgt.RDat	ENSG00000169855.19	3	79767814	79767815	0.1869	rs9832396	3.15	rs11127654	0.04273	4.09	0.130225	300	37	enet	0.069	0.0035	0.402614	0.687
Uterus	/media/kame/Data/_workings/resource/GTEv8//GTExv8.EUR.Uterus/ENSG00000163320.10.wgt.RDat	ENSG00000163320.10	3	88149741	88149742	0.2656	rs6551305	4.59	rs12629581	0.25531	5.4	0.034399	293	25	enet	0.18	2.4e-06	-0.012604	0.99
Uterus	/media/kame/Data/_workings/resource/GTEv8//GTExv8.EUR.Uterus/ENSG00000178750.2.wgt.RDat	ENSG00000178750.2	3	94028609	94028610	0.2685	rs8178616	-4.55	rs10511148	0.10693	4.52	0.90454	183	15	enet	0.086	0.0013	0.47993	0.631
Uterus	/media/kame/Data/_workings/resource/GTEv8//GTExv8.EUR.Uterus/ENSG00000239445.5.wgt.RDat	ENSG00000239445.5	3	98732650	98732651	0.3066	rs1461158	4.22	rs865474	0.12182	4.98	0.170271	390	17	enet	0.14	3.5e-05	-0.489922	0.624
Uterus	/media/kame/Data/_workings/resource/GTEv8//GTExv8.EUR.Uterus/ENSG00000256628.3.wgt.RDat	ENSG00000256628.3	3	101676474	101676475	0.2346	rs2926539	-5.14	rs2162305	0.04689	-3.98	-0.330025	341	35	enet	0.083	0.0015	-0.75876	0.448
Uterus	/media/kame/Data/_workings/resource/GTEv8//GTExv8.EUR.Uterus/ENSG00000243795.1.wgt.RDat	ENSG00000243795.1	3	113167818	113167819	0.4914	rs7622601	-3.04	rs9811344	0.21793	5.63	0.258007	461	27	enet	0.16	1.1e-05	0.122957	0.902
Uterus	/media/kame/Data/_workings/resource/GTEv8//GTExv8.EUR.Uterus/ENSG00000178075.19.wgt.RDat	ENSG00000178075.19	3	113828181	113828182	0.3062	rs6762200	6.78	rs4682505	0.06633	-4.31	0.961402	383	26	enet	0.2	9.3e-07	0.49977	0.617
Uterus	/media/kame/Data/_workings/resource/GTEv8//GTExv8.EUR.Uterus/ENSG00000163389.10.wgt.RDat	ENSG00000163389.10	3	119468937	119468938	0.7805	rs2873951	4.61	rs17203132	0.37363	6.35	0.315082	512	31	enet	0.34	3.9e-11	0.891221	0.373
Uterus	/media/kame/Data/_workings/resource/GTEv8//GTExv8.EUR.Uterus/ENSG00000240882.1.wgt.RDat	ENSG00000240882.1	3	120306725	120306726	0.2563	rs3817627	6.75	rs11713908	0.01532	3.46	0.352837	383	22	enet	0.044	0.017	1.363378	0.173
Uterus	/media/kame/Data/_workings/resource/GTEv8//GTExv8.EUR.Uterus/ENSG00000173226.16.wgt.RDat	ENSG00000173226.16	3	121835078	121835079	0.5659	rs11711698	3.9	rs28660600	0.22096	6.34	-1.243768	419	31	enet	0.41	8e-14	-0.897492	0.369
Uterus	/media/kame/Data/_workings/resource/GTEv8//GTExv8.EUR.Uterus/ENSG00000196981.3.wgt.RDat	ENSG00000196981.3	3	122416050	122416051	0.1923	rs11711698	3.9	rs10934586	0.11704	4.28	0.458936	457	13	enet	0.047	0.015	0.801769	0.423
Uterus	/media/kame/Data/_workings/resource/GTEv8//GTExv8.EUR.Uterus/ENSG00000173193.13.wgt.RDat	ENSG00000173193.13	3	122680617	122680618	0.368	rs6764971	-6.63	rs6770902	0.19477	5.49	-0.006671	542	11	enet	0.19	1.3e-06	0.01927	0.985
Uterus	/media/kame/Data/_workings/resource/GTEv8//GTExv8.EUR.Uterus/ENSG00000241278.1.wgt.RDat	ENSG00000241278.1	3	125848222	125848223	0.1979	rs2138214	-4.84	rs2979360	0.1298	4.56	0.348611	382	8	enet	0.067	0.004	0.243912	0.807
Uterus	/media/kame/Data/_workings/resource/GTEv8//GTExv8.EUR.Uterus/ENSG00000241288.7.wgt.RDat	ENSG00000241288.7	3	125916383	125916384	0.2584	rs2138214	-4.84	rs9821905	0.08773	-4.7	1.742694	402	12	enet	0.029	0.042	-0.58045	0.562
Uterus	/media/kame/Data/_workings/resource/GTEv8//GTExv8.EUR.Uterus/ENSG00000171084.15.wgt.RDat	ENSG00000171084.15	3	125916619	125916620	0.7374	rs2138214	-4.84	rs9821905	0.44801	7.44	1.742694	402	20	enet	0.48	5.3e-17	1.729192	0.0838
Uterus	/media/kame/Data/_workings/resource/GTEv8//GTExv8.EUR.Uterus/ENSG00000189366.9.wgt.RDat	ENSG00000189366.9	3	125937038	125937039	0.6042	rs2138214	-4.84	rs883207	0.23413	-5.38	0.871703	417	61	enet	0.17	5.8e-06	-1.025368	0.305
Uterus	/media/kame/Data/_workings/resource/GTEv8//GTExv8.EUR.Uterus/ENSG00000250012.1.wgt.RDat	ENSG00000250012.1	3	126084304	126084305	0.3681	rs2138214	-4.84	rs4267608	0.09996	-4.44	2.965949	460	32	enet	0.067	0.0041	-1.547711	0.122
Uterus	/media/kame/Data/_workings/resource/GTEv8//GTExv8.EUR.Uterus/ENSG00000070476.14.wgt.RDat	ENSG00000070476.14	3	126475918	126475919	0.304	rs2138214	-4.84	rs812368	0.16756	-4.76	0.162134	531	13	enet	0.0075	0.18	-0.156827	0.875
Uterus	/media/kame/Data/_workings/resource/GTEv8//GTExv8.EUR.Uterus/ENSG00000180767.9.wgt.RDat	ENSG00000180767.9	3	126524282	126524283	0.468	rs2138214	-4.84	rs3845960	0.2158	-5.25	-0.046191	533	24	enet	0.18	3.5e-06	-0.131214	0.896
Uterus	/media/kame/Data/_workings/resource/GTEv8//GTExv8.EUR.Uterus/ENSG00000163870.14.wgt.RDat	ENSG00000163870.14	3	127598221	127598222	0.4797	rs9647334	5.13	rs920230	0.07204	-4.81	1.61491	456	30	enet	0.23	1.2e-07	-0.799778	0.424
Uterus	/media/kame/Data/_workings/resource/GTEv8//GTExv8.EUR.Uterus/ENSG00000261159.1.wgt.RDat	ENSG00000261159.1	3	128860525	128860526	0.3435	rs11916893	5.05	rs9871612	0.021	3.74	2.118683	356	33	enet	0.025	0.057	2.025863	0.0428
Uterus	/media/kame/Data/_workings/resource/GTEv8//GTExv8.EUR.Uterus/ENSG00000231305.3.wgt.RDat	ENSG00000231305.3	3	128871539	128871540	0.421	rs11916893	5.05	rs9871612	0.25863	5.38	2.118683	357	25	enet	0.21	3.8e-07	1.904989	0.0568
Uterus	/media/kame/Data/_workings/resource/GTEv8//GTExv8.EUR.Uterus/ENSG00000177646.18.wgt.RDat	ENSG00000177646.18	3	128879595	128879596	0.4406	rs11916893	5.05	rs4927914	0.03866	4.05	0.065147	353	39	enet	0.047	0.014	-1.874831	0.0608
Uterus	/media/kame/Data/_workings/resource/GTEv8//GTExv8.EUR.Uterus/ENSG00000251474.6.wgt.RDat	ENSG00000251474.6	3	129399654	129399655	0.3283	rs11916893	5.05	rs16859047	0.16992	5.5	-0.955799	283	29	enet	0.19	2.1e-06	-1.388377	0.165
Uterus	/media/kame/Data/_workings/resource/GTEv8//GTExv8.EUR.Uterus/ENSG00000228252.9.wgt.RDat	ENSG00000228252.9	3	130212822	130212823	0.3091	rs1708933	5.01	rs9757129	0.27573	-5.49	-0.252254	321	32	enet	0.25	3e-08	1.077797	0.281
Uterus	/media/kame/Data/_workings/resource/GTEv8//GTExv8.EUR.Uterus/ENSG00000114670.13.wgt.RDat	ENSG00000114670.13	3	131026854	131026855	0.267	rs16835716	3.44	rs2760258	0.04124	3.96	1.01806	319	12	enet	0.036	0.029	0.675522	0.499
Uterus	/media/kame/Data/_workings/resource/GTEv8//GTExv8.EUR.Uterus/ENSG00000113971.19.wgt.RDat	ENSG00000113971.19	3	132722441	132722442	0.6242	rs17353336	5.4	rs7622700	0.50712	-7.45	-1.008193	400	10	enet	0.51	3.1e-18	0.502284	0.615
Uterus	/media/kame/Data/_workings/resource/GTEv8//GTExv8.EUR.Uterus/ENSG00000260633.1.wgt.RDat	ENSG00000260633.1	3	134349232	134349233	0.5288	rs2692692	5.11	rs4974494	0.35306	6.34	-0.138752	441	18	enet	0.26	1e-08	0.023952	0.981
Uterus	/media/kame/Data/_workings/resource/GTEv8//GTExv8.EUR.Uterus/ENSG00000214289.2.wgt.RDat	ENSG00000214289.2	3	134352112	134352113	0.5294	rs2692692	5.11	rs4510358	0.04369	4.29	-0.000242	442	52	enet	0.03	0.04	0.325892	0.745
Uterus	/media/kame/Data/_workings/resource/GTEv8//GTExv8.EUR.Uterus/ENSG00000182923.16.wgt.RDat	ENSG00000182923.16	3	134486026	134486027	0.3557	rs6779053	4.21	rs9876658	0.19262	-5.09	-0.813961	468	40	enet	0.16	9.2e-06	-0.169059	0.866
Uterus	/media/kame/Data/_workings/resource/GTEv8//GTExv8.EUR.Uterus/ENSG00000129055.12.wgt.RDat	ENSG00000129055.12	3	134486715	134486716	0.4751	rs6779053	4.21	rs9857242	0.36496	-6.29	0.147452	469	20	enet	0.33	5.7e-11	-0.339789	0.734
Uterus	/media/kame/Data/_workings/resource/GTEv8//GTExv8.EUR.Uterus/ENSG00000154928.16.wgt.RDat	ENSG00000154928.16	3	134597800	134597801	0.6005	rs6779053	4.21	rs17695812	0.41994	7.18	-0.754417	456	13	enet	0.44	2.6e-15	-0.049633	0.96
Uterus	/media/kame/Data/_workings/resource/GTEv8//GTExv8.EUR.Uterus/ENSG00000158163.14.wgt.RDat	ENSG00000158163.14	3	138115817	138115818	0.2405	rs1199335	-3.75	rs7620310	-0.00872	3.48	1.579684	351	42	enet	0.0066	0.19	0.424236	0.671
Uterus	/media/kame/Data/_workings/resource/GTEv8//GTExv8.EUR.Uterus/ENSG00000118017.3.wgt.RDat	ENSG00000118017.3	3	138132386	138132387	0.4657	rs1199335	-3.75	rs2622708	0.14919	-5.06	-1.353797	361	26	enet	0.34	1.8e-11	0.854676	0.393
Uterus	/media/kame/Data/_workings/resource/GTEv8//GTExv8.EUR.Uterus/ENSG00000272656.1.wgt.RDat	ENSG00000272656.1	3	139349326	139349327	0.2102	rs295507	-6.51	rs7833	0.13388	4.64	2.86793	418	27	enet	0.17	6.6e-06	1.897302	0.0578
Uterus	/media/kame/Data/_workings/resource/GTEv8//GTExv8.EUR.Uterus/ENSG00000240950.1.wgt.RDat	ENSG00000240950.1	3	142827727	142827728	0.2347	rs294466	-3.01	rs13092593	-0.00496	-3.17	-0.255512	438	21	enet	-0.0095	0.96	-1.083697	0.278
Uterus	/media/kame/Data/_workings/resource/GTEv8//GTExv8.EUR.Uterus/ENSG00000261051.1.wgt.RDat	ENSG00000261051.1	3	146061678	146061679	0.3653	rs11924340	-3.76	rs6710	0.26406	-5.93	-0.012394	425	14	enet	0.22	2.1e-07	0.019339	0.985
Uterus	/media/kame/Data/_workings/resource/GTEv8//GTExv8.EUR.Uterus/ENSG00000144895.11.wgt.RDat	ENSG00000144895.11	3	150552353	150552354	0.3765	rs4681618	4.81	rs7631671	0.31966	-6.26	-0.101183	434	6	enet	0.33	8.6e-11	0.412385	0.68
Uterus	/media/kame/Data/_workings/resource/GTEv8//GTExv8.EUR.Uterus/ENSG00000169313.9.wgt.RDat	ENSG00000169313.9	3	151384811	151384812	0.2305	rs17204376	-4.81	rs3732765	-0.00422	-3.61	-0.416098	499	15	enet	0.0048	0.22	0.21035	0.833
Uterus	/media/kame/Data/_workings/resource/GTEv8//GTExv8.EUR.Uterus/ENSG00000240602.7.wgt.RDat	ENSG00000240602.7	3	151770427	151770428	0.2683	rs17204376	-4.81	rs1401970	0.22316	4.98	0.056865	448	25	enet	0.13	9.5e-05	-0.356761	0.721
Uterus	/media/kame/Data/_workings/resource/GTEv8//GTExv8.EUR.Uterus/ENSG00000240875.5.wgt.RDat	ENSG00000240875.5	3	156817061	156817062	0.5479	rs10936033	-4.46	rs1430410	0.29793	5.9	-0.390075	438	38	enet	0.25	3.2e-08	-0.249644	0.803
Uterus	/media/kame/Data/_workings/resource/GTEv8//GTExv8.EUR.Uterus/ENSG00000244515.1.wgt.RDat	ENSG00000244515.1	3	157163931	157163932	0.3182	rs7651446	-3.91	rs4680340	0.20368	-4.85	-0.899258	413	33	enet	0.21	4.4e-07	0.766988	0.443
Uterus	/media/kame/Data/_workings/resource/GTEv8//GTExv8.EUR.Uterus/ENSG00000168827.14.wgt.RDat	ENSG00000168827.14	3	158644277	158644278	0.3474	rs6779266	8.9	rs1864506	0.19831	-5.44	-0.133981	387	52	enet	0.18	3.3e-06	-0.457156	0.648
Uterus	/media/kame/Data/_workings/resource/GTEv8//GTExv8.EUR.Uterus/ENSG00000272247.1.wgt.RDat	ENSG00000272247.1	3	158801863	158801864	0.3624	rs827117	8.43	rs1560418	-0.00187	-3.6	2.601403	404	31	enet	0.062	0.0056	-1.251521	0.211
Uterus	/media/kame/Data/_workings/resource/GTEv8//GTExv8.EUR.Uterus/ENSG00000196542.8.wgt.RDat	ENSG00000196542.8	3	161372879	161372880	0.4407	rs4856727	4.4	rs4856703	0.19076	5.68	-0.07465	373	27	enet	0.31	3.6e-10	0.506141	0.613
Uterus	/media/kame/Data/_workings/resource/GTEv8//GTExv8.EUR.Uterus/ENSG00000171757.15.wgt.RDat	ENSG00000171757.15	3	169812985	169812986	0.2284	rs11925129	4.62	rs11720467	0.05214	-4.05	0.006421	406	17	enet	0.0026	0.26	0.305967	0.76
Uterus	/media/kame/Data/_workings/resource/GTEv8//GTExv8.EUR.Uterus/ENSG00000075651.15.wgt.RDat	ENSG00000075651.15	3	171810949	171810950	0.2885	rs9852803	3.83	rs9849306	0.0156	3.54	-0.099101	451	22	enet	-0.0036	0.43	-0.271158	0.786
Uterus	/media/kame/Data/_workings/resource/GTEv8//GTExv8.EUR.Uterus/ENSG00000171109.18.wgt.RDat	ENSG00000171109.18	3	179347691	179347692	0.3249	rs9812373	-5.43	rs7618348	0.16882	4.9	0.732047	345	19	enet	0.17	5.6e-06	0.149416	0.881
Uterus	/media/kame/Data/_workings/resource/GTEv8//GTExv8.EUR.Uterus/ENSG00000242068.1.wgt.RDat	ENSG00000242068.1	3	180773913	180773914	0.4661	rs9835573	-7.2	rs13097883	0.00706	3.94	-0.509945	232	55	enet	0.046	0.015	-0.663656	0.507
Uterus	/media/kame/Data/_workings/resource/GTEv8//GTExv8.EUR.Uterus/ENSG00000053524.12.wgt.RDat	ENSG00000053524.12	3	183428777	183428778	0.4186	rs13068114	-5.47	rs9826761	0.12233	-4.38	0.718614	412	10	enet	0.11	0.00034	-0.331566	0.74
Uterus	/media/kame/Data/_workings/resource/GTEv8//GTExv8.EUR.Uterus/ENSG00000233885.7.wgt.RDat	ENSG00000233885.7	3	183810473	183810474	0.2006	rs13068114	-5.47	rs262957	0.04011	3.82	0.169751	472	55	enet	0.00069	0.3	1.347559	0.178
Uterus	/media/kame/Data/_workings/resource/GTEv8//GTExv8.EUR.Uterus/ENSG00000156931.15.wgt.RDat	ENSG00000156931.15	3	184812142	184812143	0.2585	rs7626092	3.86	rs16859583	0.14043	5.08	0.355632	416	11	enet	0.22	1.9e-07	0.365657	0.715
Uterus	/media/kame/Data/_workings/resource/GTEv8//GTExv8.EUR.Uterus/ENSG00000163918.10.wgt.RDat	ENSG00000163918.10	3	186807057	186807058	0.4677	rs6776796	-5	rs1354091	0.30757	-6.02	0.129464	566	17	enet	0.24	6.3e-08	-0.168967	0.866
Uterus	/media/kame/Data/_workings/resource/GTEv8//GTExv8.EUR.Uterus/ENSG00000152492.13.wgt.RDat	ENSG00000152492.13	3	191329076	191329077	0.5225	rs1916636	-5.09	rs1473868	0.04676	4.01	0.140488	469	57	enet	-0.0012	0.35	1.903013	0.057
Uterus	/media/kame/Data/_workings/resource/GTEv8//GTExv8.EUR.Uterus/ENSG00000188958.9.wgt.RDat	ENSG00000188958.9	3	191330535	191330536	0.3862	rs1916636	-5.09	rs7618303	0.20282	-4.88	0.374609	468	11	enet	0.14	3.3e-05	0.336294	0.737
Uterus	/media/kame/Data/_workings/resource/GTEv8//GTExv8.EUR.Uterus/ENSG00000236297.1.wgt.RDat	ENSG00000236297.1	3	193579464	193579465	0.1831	rs997552	6.15	rs7652334	-0.00158	3.21	1.027388	460	13	enet	-0.0094	0.9	0.776435	0.437
Uterus	/media/kame/Data/_workings/resource/GTEv8//GTExv8.EUR.Uterus/ENSG00000127249.14.wgt.RDat	ENSG00000127249.14	3	193593110	193593111	0.3628	rs997552	6.15	rs7653046	0.33426	-6.47	0.850756	469	26	enet	0.34	2.5e-11	-0.850592	0.395
Uterus	/media/kame/Data/_workings/resource/GTEv8//GTExv8.EUR.Uterus/ENSG00000272707.1.wgt.RDat	ENSG00000272707.1	3	194637663	194637664	0.4959	rs2153519	5.27	rs10933656	0.03649	3.86	0.647656	547	38	enet	0.047	0.014	1.347783	0.178
Uterus	/media/kame/Data/_workings/resource/GTEv8//GTExv8.EUR.Uterus/ENSG00000041802.10.wgt.RDat	ENSG00000041802.10	3	194672476	194672477	0.7343	rs2153519	5.27	rs3821402	0.56086	7.72	0.156027	536	24	enet	0.57	2.1e-21	0.523067	0.601
Uterus	/media/kame/Data/_workings/resource/GTEv8//GTExv8.EUR.Uterus/ENSG00000230266.1.wgt.RDat	ENSG00000230266.1	3	195147870	195147871	0.2512	rs10933670	4.19	rs2279634	0.17137	-5.04	1.979598	438	33	enet	-0.0076	0.65	-2.474634	0.0133
Uterus	/media/kame/Data/_workings/resource/GTEv8//GTExv8.EUR.Uterus/ENSG00000223711.1.wgt.RDat	ENSG00000223711.1	3	195544047	195544048	0.3775	rs903310	3.87	rs35901045	0.1796	4.47	-0.091732	317	26	enet	0.13	7e-05	-0.053198	0.958
Uterus	/media/kame/Data/_workings/resource/GTEv8//GTExv8.EUR.Uterus/ENSG00000224769.1.wgt.RDat	ENSG00000224769.1	3	195614946	195614947	0.7365	rs903310	3.87	rs4677617	0.24177	5.96	0.876244	304	19	enet	0.38	1.4e-12	0.59025	0.555
Uterus	/media/kame/Data/_workings/resource/GTEv8//GTExv8.EUR.Uterus/ENSG00000271662.1.wgt.RDat	ENSG00000271662.1	3	195651471	195651472	0.6043	rs903310	3.87	rs842225	0.18698	5.26	1.190194	289	17	enet	0.28	2.6e-09	0.697942	0.485
Uterus	/media/kame/Data/_workings/resource/GTEv8//GTExv8.EUR.Uterus/ENSG00000229178.1.wgt.RDat	ENSG00000229178.1	3	195657926	195657927	0.3024	rs9847298	2.7	rs4677617	0.04736	4.37	0.876244	286	29	enet	0.13	8.2e-05	-0.309759	0.757
Uterus	/media/kame/Data/_workings/resource/GTEv8//GTExv8.EUR.Uterus/ENSG00000207650.1.wgt.RDat	ENSG00000207650.1	3	195699400	195699401	0.3574	rs9842342	-4.77	rs12636736	-0.00951	3.35	0.604826	288	22	enet	-0.0094	0.9	0.681941	0.495
Uterus	/media/kame/Data/_workings/resource/GTEv8//GTExv8.EUR.Uterus/ENSG00000283426.1.wgt.RDat	ENSG00000283426.1	3	195701617	195701618	0.7393	rs9842342	-4.7	rs842225	0.34062	6.11	1.213842	287	11	enet	0.34	2.8e-11	0.950936	0.342
Uterus	/media/kame/Data/_workings/resource/GTEv8//GTExv8.EUR.Uterus/ENSG00000176945.16.wgt.RDat	ENSG00000176945.16	3	195720881	195720882	0.6542	rs9842342	-5.56	rs2140357	0.32457	5.94	-1.545088	299	24	enet	0.45	1.2e-15	-1.301276	0.193
Uterus	/media/kame/Data/_workings/resource/GTEv8//GTExv8.EUR.Uterus/ENSG00000145113.21.wgt.RDat	ENSG00000145113.21	3	195812276	195812277	0.3158	rs9842342	-5.87	rs2140357	0.00759	3.55	-1.571506	308	21	enet	0.067	0.0042	-0.118002	0.906
Uterus	/media/kame/Data/_workings/resource/GTEv8//GTExv8.EUR.Uterus/ENSG00000061938.16.wgt.RDat	ENSG00000061938.16	3	195911944	195911945	0.3199	rs9842342	-5.19	rs1580820	0.00675	-3.61	1.992338	288	35	enet	0.0055	0.21	0.439028	0.661
Uterus	/media/kame/Data/_workings/resource/GTEv8//GTExv8.EUR.Uterus/ENSG00000231443.2.wgt.RDat	ENSG00000231443.2	3	195937242	195937243	0.4319	rs9842342	-4.96	rs2343129	-0.00797	3.03	0.501862	286	39	enet	0.093	0.00081	0.3823	0.702
Uterus	/media/kame/Data/_workings/resource/GTEv8//GTExv8.EUR.Uterus/ENSG00000163959.9.wgt.RDat	ENSG00000163959.9	3	196211486	196211487	0.2594	rs9842342	-4.94	rs7639752	0.06558	-3.96	0.065817	353	21	enet	0.0041	0.23	-0.768884	0.442
Uterus	/media/kame/Data/_workings/resource/GTEv8//GTExv8.EUR.Uterus/ENSG00000213123.10.wgt.RDat	ENSG00000213123.10	3	196318298	196318299	0.2382	rs2089979	5.25	rs6762272	0.233	5.08	-1.862425	366	12	enet	0.16	1.2e-05	-1.95376	0.0507
Uterus	/media/kame/Data/_workings/resource/GTEv8//GTExv8.EUR.Uterus/ENSG00000225578.1.wgt.RDat	ENSG00000225578.1	3	196939876	196939877	0.27	rs9818851	-8.09	rs548853	0.14904	4.14	0.055251	453	2	enet	0.0076	0.18	0.061719	0.951
Uterus	/media/kame/Data/_workings/resource/GTEv8//GTExv8.EUR.Uterus/ENSG00000114503.10.wgt.RDat	ENSG00000114503.10	3	196942596	196942597	0.2105	rs9818851	-8.09	rs6583183	0.0877	-3.69	2.621654	452	8	enet	0.03	0.04	-2.290672	0.022
Uterus	/media/kame/Data/_workings/resource/GTEv8//GTExv8.EUR.Uterus/ENSG00000119227.7.wgt.RDat	ENSG00000119227.7	3	196968870	196968871	0.4544	rs4857596	-10.57	rs12636891	0.22389	5.58	2.02121	460	26	enet	0.34	2.4e-11	3.13853	0.0017
Uterus	/media/kame/Data/_workings/resource/GTEv8//GTExv8.EUR.Uterus/ENSG00000213519.2.wgt.RDat	ENSG00000213519.2	3	197580628	197580629	0.5612	rs4857596	-10.57	rs28703192	0.28057	-5.56	-0.027499	374	11	enet	0.26	1e-08	0.271249	0.786
Uterus	/media/kame/Data/_workings/resource/GTEv8//GTExv8.EUR.Uterus/ENSG00000250312.6.wgt.RDat	ENSG00000250312.6	4	124479	124480	0.5926	rs1135945	3.89	rs9996597	0.459859	7.12	0.3782	150	15	enet	0.43	8.6e-15	0.1432	0.88611
Uterus	/media/kame/Data/_workings/resource/GTEv8//GTExv8.EUR.Uterus/ENSG00000275426.1.wgt.RDat	ENSG00000275426.1	4	149737	149738	0.7497	rs1135945	3.89	rs28716466	0.45746	-7	-0.14233	158	35	enet	0.39	4.5e-13	-0.2886	0.7729
Uterus	/media/kame/Data/_workings/resource/GTEv8//GTExv8.EUR.Uterus/ENSG00000250892.1.wgt.RDat	ENSG00000250892.1	4	205008	205009	0.3422	rs28675771	4.03	rs7665922	0.168015	4.8	-0.13211	180	17	enet	0.065	0.0047	-0.4822	0.62969
Uterus	/media/kame/Data/_workings/resource/GTEv8//GTExv8.EUR.Uterus/ENSG00000186777.11.wgt.RDat	ENSG00000186777.11	4	305320	305321	0.3628	rs2242233	-5.8	rs2228354	-0.00855	-2.97	0.04612	225	35	enet	0.016	0.1	-0.0633	0.94954
Uterus	/media/kame/Data/_workings/resource/GTEv8//GTExv8.EUR.Uterus/ENSG00000169026.12.wgt.RDat	ENSG00000169026.12	4	689440	689441	0.3636	rs11248044	-6.48	rs10023472	0.042306	3.8	-2.14792	386	22	enet	0.04	0.022	-0.8353	0.40356
Uterus	/media/kame/Data/_workings/resource/GTEv8//GTExv8.EUR.Uterus/ENSG00000185619.18.wgt.RDat	ENSG00000185619.18	4	705747	705748	0.7371	rs11248044	-6.48	rs10452329	0.403612	-6.68	0.5373	385	24	enet	0.44	4.2e-15	0.2468	0.80509
Uterus	/media/kame/Data/_workings/resource/GTEv8//GTExv8.EUR.Uterus/ENSG00000127415.12.wgt.RDat	ENSG00000127415.12	4	986996	986997	0.4035	rs11248044	-6.48	rs4690220	0.0972	4.47	-2.37745	399	30	enet	0.067	0.0041	0.2146	0.83007
Uterus	/media/kame/Data/_workings/resource/GTEv8//GTExv8.EUR.Uterus/ENSG00000145217.13.wgt.RDat	ENSG00000145217.13	4	993439	993440	0.5991	rs11248044	-6.48	rs3796622	0.49293	7.29	-0.3068	400	34	enet	0.46	4.9e-16	0.3053	0.76013
Uterus	/media/kame/Data/_workings/resource/GTEv8//GTExv8.EUR.Uterus/ENSG00000127418.14.wgt.RDat	ENSG00000127418.14	4	1009935	1009936	0.4297	rs11248044	-6.48	rs6855233	-0.008975	-3.33	-0.346	396	25	enet	-0.0053	0.51	-2.3389	0.01934
Uterus	/media/kame/Data/_workings/resource/GTEv8//GTExv8.EUR.Uterus/ENSG00000196810.4.wgt.RDat	ENSG00000196810.4	4	1249299	1249300	0.3388	rs11248044	-6.48	rs2878539	0.086847	4.83	-0.54093	405	43	enet	0.089	0.001	-0.46	0.6455
Uterus	/media/kame/Data/_workings/resource/GTEv8//GTExv8.EUR.Uterus/ENSG00000090316.15.wgt.RDat	ENSG00000090316.15	4	1289850	1289851	0.3264	rs11248044	-6.48	rs935973	-0.006798	-4.02	-1.41213	386	28	enet	0.13	1e-04	0.6618	0.50808
Uterus	/media/kame/Data/_workings/resource/GTEv8//GTExv8.EUR.Uterus/ENSG00000163945.15.wgt.RDat	ENSG00000163945.15	4	1347265	1347266	0.3166	rs17728127	-5.66	rs1680057	0.060123	4.27	-0.53311	366	29	enet	0.075	0.0025	-0.3711	0.71058
Uterus	/media/kame/Data/_workings/resource/GTEv8//GTExv8.EUR.Uterus/ENSG00000179979.8.wgt.RDat	ENSG00000179979.8	4	1391551	1391552	0.5156	rs4532184	-5.51	rs10024529	0.193906	5.82	-0.15013	339	33	enet	0.34	2.9e-11	-0.3138	0.75369
Uterus	/media/kame/Data/_workings/resource/GTEv8//GTExv8.EUR.Uterus/ENSG00000013810.18.wgt.RDat	ENSG00000013810.18	4	1721489	1721490	0.3841	rs1250114	-4.69	rs1374468	0.084711	-4.22	-1.52456	260	15	enet	0.086	0.0013	0.5468	0.58451
Uterus	/media/kame/Data/_workings/resource/GTEv8//GTExv8.EUR.Uterus/ENSG00000168884.14.wgt.RDat	ENSG00000168884.14	4	2756375	2756376	0.209	rs3775068	-10.34	rs7340951	0.002189	-3.22	0.18343	380	15	enet	-0.0095	0.98	1.9938	0.04617
Uterus	/media/kame/Data/_workings/resource/GTEv8//GTExv8.EUR.Uterus/ENSG00000125388.19.wgt.RDat	ENSG00000125388.19	4	2963607	2963608	0.3706	rs3775068	-10.34	rs2515963	0.390334	-6.77	-2.07371	377	15	enet	0.31	2.3e-10	3.1131	0.00185
Uterus	/media/kame/Data/_workings/resource/GTEv8//GTExv8.EUR.Uterus/ENSG00000168826.15.wgt.RDat	ENSG00000168826.15	4	4290250	4290251	0.3082	rs1533095	-3.79	rs7695197	0.057501	4.16	0.86801	375	14	enet	0.1	0.00044	0.2439	0.8073
Uterus	/media/kame/Data/_workings/resource/GTEv8//GTExv8.EUR.Uterus/ENSG00000245468.3.wgt.RDat	ENSG00000245468.3	4	7103384	7103385	0.4063	rs744356	4.44	rs10516183	0.153871	-5.54	0.83447	646	68	enet	0.071	0.0031	-0.53	0.59614
Uterus	/media/kame/Data/_workings/resource/GTEv8//GTExv8.EUR.Uterus/ENSG00000087008.15.wgt.RDat	ENSG00000087008.15	4	8440722	8440723	0.3137	rs11942146	-4.52	rs7809	-0.001673	-3.62	-0.34375	488	33	enet	0.05	0.011	0.232	0.81651
Uterus	/media/kame/Data/_workings/resource/GTEv8//GTExv8.EUR.Uterus/ENSG00000250342.1.wgt.RDat	ENSG00000250342.1	4	9052050	9052051	0.3186	rs9760810	-4.32	rs13122164	0.221508	4.94	-0.44492	113	12	enet	0.13	8.7e-05	-0.3452	0.72993
Uterus	/media/kame/Data/_workings/resource/GTEv8//GTExv8.EUR.Uterus/ENSG00000249767.1.wgt.RDat	ENSG00000249767.1	4	9079022	9079023	0.3658	rs9760810	-4.32	rs7686755	0.121093	-4.99	-0.41226	97	10	enet	0.2	6.5e-07	0.5212	0.60221
Uterus	/media/kame/Data/_workings/resource/GTEv8//GTExv8.EUR.Uterus/ENSG00000242034.1.wgt.RDat	ENSG00000242034.1	4	9553984	9553985	0.2192	rs6849736	-3.22	rs4102942	0.146759	-4.88	1.16914	243	13	enet	0.18	2.8e-06	-0.9748	0.32964
Uterus	/media/kame/Data/_workings/resource/GTEv8//GTExv8.EUR.Uterus/ENSG00000250942.1.wgt.RDat	ENSG00000250942.1	4	9677307	9677308	0.1883	rs6849736	-3.22	rs3822236	0.000533	-3.25	-0.90609	353	17	enet	0.011	0.14	0.8204	0.41198
Uterus	/media/kame/Data/_workings/resource/GTEv8//GTExv8.EUR.Uterus/ENSG00000109667.11.wgt.RDat	ENSG00000109667.11	4	10054935	10054936	0.2007	rs6849736	-3.22	rs4697922	0.041414	-4.04	-0.16421	560	48	enet	0.03	0.041	-0.6839	0.49407
Uterus	/media/kame/Data/_workings/resource/GTEv8//GTExv8.EUR.Uterus/ENSG00000261490.1.wgt.RDat	ENSG00000261490.1	4	10073018	10073019	0.1285	rs6849736	-3.22	rs3886038	0.087853	4.37	0.15053	567	24	enet	0.027	0.049	-0.4568	0.64782
Uterus	/media/kame/Data/_workings/resource/GTEv8//GTExv8.EUR.Uterus/ENSG00000118579.12.wgt.RDat	ENSG00000118579.12	4	17614630	17614631	0.3919	rs13130097	-5.57	rs1006722	0.199325	-5.56	0.34139	416	18	enet	0.16	1.3e-05	-0.4445	0.65665
Uterus	/media/kame/Data/_workings/resource/GTEv8//GTExv8.EUR.Uterus/ENSG00000178177.15.wgt.RDat	ENSG00000178177.15	4	18021875	18021876	0.2894	rs6841071	6.18	rs7658396	-0.006167	-3.2	-0.06416	312	27	enet	0.025	0.058	-0.2171	0.82812
Uterus	/media/kame/Data/_workings/resource/GTEv8//GTExv8.EUR.Uterus/ENSG00000281501.1.wgt.RDat	ENSG00000281501.1	4	25160640	25160641	0.5872	rs1996182	6.63	rs16876882	0.292234	-5.94	0.50298	544	38	enet	0.2	6.2e-07	-0.5398	0.58936
Uterus	/media/kame/Data/_workings/resource/GTEv8//GTExv8.EUR.Uterus/ENSG00000053900.10.wgt.RDat	ENSG00000053900.10	4	25377212	25377213	0.2532	rs1996182	6.63	rs7684466	0.129962	4.78	-3.78236	538	14	enet	0.18	3.1e-06	-2.5491	0.0108
Uterus	/media/kame/Data/_workings/resource/GTEv8//GTExv8.EUR.Uterus/ENSG00000249863.2.wgt.RDat	ENSG00000249863.2	4	37868291	37868292	0.3317	rs28571127	5.44	rs3775793	0.156929	4.82	0.04454	650	14	enet	0.079	0.002	-0.2734	0.78454
Uterus	/media/kame/Data/_workings/resource/GTEv8//GTExv8.EUR.Uterus/ENSG00000231160.9.wgt.RDat	ENSG00000231160.9	4	38664882	38664883	0.4185	rs4833071	6.27	rs16994718	0.036473	-3.98	1.46504	581	14	enet	0.098	0.00061	-0.656	0.51185
Uterus	/media/kame/Data/_workings/resource/GTEv8//GTExv8.EUR.Uterus/ENSG00000249685.1.wgt.RDat	ENSG00000249685.1	4	39133912	39133913	0.3188	rs11940694	-7	rs3796510	0.281432	-5.58	0.51261	452	22	enet	0.22	2.6e-07	0.2085	0.83481
Uterus	/media/kame/Data/_workings/resource/GTEv8//GTExv8.EUR.Uterus/ENSG00000163682.15.wgt.RDat	ENSG00000163682.15	4	39458585	39458586	0.2312	rs11940694	-7	rs2249563	0.310175	5.86	0.06622	374	7	enet	0.27	8.3e-09	0.6118	0.54066
Uterus	/media/kame/Data/_workings/resource/GTEv8//GTExv8.EUR.Uterus/ENSG00000163281.11.wgt.RDat	ENSG00000163281.11	4	44726594	44726595	0.3097	rs7673477	10.4	rs17462266	0.030928	-4.13	-0.39586	375	28	enet	-0.0019	0.37	-0.6257	0.53149
Uterus	/media/kame/Data/_workings/resource/GTEv8//GTExv8.EUR.Uterus/ENSG00000198515.13.wgt.RDat	ENSG00000198515.13	4	48016671	48016672	0.4479	rs13140873	-3.74	rs321630	0.394491	6.74	0.24003	407	14	enet	0.31	2.7e-10	0.4016	0.68799
Uterus	/media/kame/Data/_workings/resource/GTEv8//GTExv8.EUR.Uterus/ENSG00000109180.14.wgt.RDat	ENSG00000109180.14	4	48805211	48805212	0.1502	rs11725992	2.62	rs6838613	0.106484	-4.32	1.80809	221	14	enet	0.08	0.0018	-0.8096	0.41815
Uterus	/media/kame/Data/_workings/resource/GTEv8//GTExv8.EUR.Uterus/ENSG00000109184.14.wgt.RDat	ENSG00000109184.14	4	51842999	51843000	0.0896	rs11731574	-2.24	rs28875284	0.042649	3.6	0.21751	154	11	enet	0.048	0.014	0.2948	0.76818
Uterus	/media/kame/Data/_workings/resource/GTEv8//GTExv8.EUR.Uterus/ENSG00000249706.1.wgt.RDat	ENSG00000249706.1	4	53899870	53899871	0.2377	rs2114039	3.07	rs11133302	0.082417	-3.95	-0.73491	450	21	enet	0.052	0.01	-0.1004	0.91999
Uterus	/media/kame/Data/_workings/resource/GTEv8//GTExv8.EUR.Uterus/ENSG00000273257.1.wgt.RDat	ENSG00000273257.1	4	55387948	55387949	0.36	rs11727248	5.63	rs7663650	-0.005072	3.95	-1.30159	392	43	enet	0.12	0.00017	-1.2839	0.19918
Uterus	/media/kame/Data/_workings/resource/GTEv8//GTExv8.EUR.Uterus/ENSG00000134852.14.wgt.RDat	ENSG00000134852.14	4	55547110	55547111	0.4578	rs11727248	5.63	rs880358	0.049524	-3.93	0.7704	402	39	enet	0.067	0.0042	0.3093	0.75708
Uterus	/media/kame/Data/_workings/resource/GTEv8//GTExv8.EUR.Uterus/ENSG00000157426.13.wgt.RDat	ENSG00000157426.13	4	56387507	56387508	0.5535	rs6838426	5.38	rs13124696	0.064896	3.95	-0.10068	445	19	enet	0.16	1.5e-05	-0.0179	0.98573
Uterus	/media/kame/Data/_workings/resource/GTEv8//GTExv8.EUR.Uterus/ENSG00000280285.1.wgt.RDat	ENSG00000280285.1	4	56665693	56665694	0.4419	rs11573037	-3.99	rs4406078	0.223633	-5.51	0.58481	500	12	enet	0.21	3.8e-07	-0.491	0.62346
Uterus	/media/kame/Data/_workings/resource/GTEv8//GTExv8.EUR.Uterus/ENSG00000269949.1.wgt.RDat	ENSG00000269949.1	4	56961372	56961373	0.3398	rs10024454	5.39	rs7661194	0.044175	-3.98	-2.61532	541	32	enet	0.089	0.001	1.1632	0.24476
Uterus	/media/kame/Data/_workings/resource/GTEv8//GTExv8.EUR.Uterus/ENSG00000145241.10.wgt.RDat	ENSG00000145241.10	4	67545605	67545606	0.2387	rs1038432	6.04	rs1561618	0.041001	-3.96	-0.05004	406	12	enet	0.027	0.05	-0.0635	0.94939
Uterus	/media/kame/Data/_workings/resource/GTEv8//GTExv8.EUR.Uterus/ENSG00000270228.1.wgt.RDat	ENSG00000270228.1	4	67724261	67724262	0.4363	rs1038432	6.04	rs1843593	0.232739	5.24	-1.55859	398	16	enet	0.27	4.9e-09	-1.5103	0.13097
Uterus	/media/kame/Data/_workings/resource/GTEv8//GTExv8.EUR.Uterus/ENSG00000227725.3.wgt.RDat	ENSG00000227725.3	4	68038543	68038544	0.5074	rs1038432	6.04	rs28526365	0.404821	6.57	-1.60785	301	21	enet	0.4	1.2e-13	-1.5555	0.11984
Uterus	/media/kame/Data/_workings/resource/GTEv8//GTExv8.EUR.Uterus/ENSG00000260265.1.wgt.RDat	ENSG00000260265.1	4	75084716	75084717	0.6123	rs2867918	6.99	rs6853754	0.531376	7.51	1.82742	407	14	enet	0.5	1.3e-17	1.6988	0.08936
Uterus	/media/kame/Data/_workings/resource/GTEv8//GTExv8.EUR.Uterus/ENSG00000138744.14.wgt.RDat	ENSG00000138744.14	4	75940948	75940949	0.3678	rs6838240	7.79	rs9790644	0.230927	5.96	0.29844	449	37	enet	0.26	1.7e-08	-0.3733	0.70896
Uterus	/media/kame/Data/_workings/resource/GTEv8//GTExv8.EUR.Uterus/ENSG00000138750.14.wgt.RDat	ENSG00000138750.14	4	76148514	76148515	0.4647	rs6838240	7.79	rs7664821	0.347228	6.13	-0.04073	483	91	enet	0.38	1.2e-12	-0.7157	0.4742
Uterus	/media/kame/Data/_workings/resource/GTEv8//GTExv8.EUR.Uterus/ENSG00000189157.13.wgt.RDat	ENSG00000189157.13	4	76214039	76214040	0.2188	rs6838240	7.79	rs11097313	0.146385	-4.76	-0.05635	481	23	enet	0.13	5.9e-05	0.4953	0.62036
Uterus	/media/kame/Data/_workings/resource/GTEv8//GTExv8.EUR.Uterus/ENSG00000156269.4.wgt.RDat	ENSG00000156269.4	4	79326049	79326050	0.1955	rs11725798	-4.86	rs723243	0.027315	-3.51	-0.82021	329	7	enet	-0.0086	0.76	0.381	0.70321
Uterus	/media/kame/Data/_workings/resource/GTEv8//GTExv8.EUR.Uterus/ENSG00000248408.1.wgt.RDat	ENSG00000248408.1	4	79663760	79663761	0.2054	rs11725798	-4.86	rs17004052	0.053023	3.58	-0.18321	339	5	enet	-0.0036	0.43	-0.4593	0.64603
Uterus	/media/kame/Data/_workings/resource/GTEv8//GTExv8.EUR.Uterus/ENSG00000138669.9.wgt.RDat	ENSG00000138669.9	4	81215116	81215117	0.2296	rs10034545	-6.5	rs6837293	0.224195	-5.09	-0.1057	351	8	enet	0.15	2.7e-05	0.0563	0.95514
Uterus	/media/kame/Data/_workings/resource/GTEv8//GTExv8.EUR.Uterus/ENSG00000202000.1.wgt.RDat	ENSG00000202000.1	4	88000236	88000237	0.3707	rs2231165	-4.32	rs12641001	0.034109	4.51	-0.22719	505	22	enet	0.0079	0.18	1.1798	0.23809
Uterus	/media/kame/Data/_workings/resource/GTEv8//GTExv8.EUR.Uterus/ENSG00000246375.2.wgt.RDat	ENSG00000246375.2	4	88284941	88284942	0.7627	rs3844296	-4.48	rs7682161	0.232889	6.29	0.22579	461	27	enet	0.48	9.1e-17	0.744	0.45686
Uterus	/media/kame/Data/_workings/resource/GTEv8//GTExv8.EUR.Uterus/ENSG00000247775.2.wgt.RDat	ENSG00000247775.2	4	89836407	89836408	0.1301	rs3775483	-6.88	rs1442140	0.141897	4.25	-1.43565	380	7	enet	0.1	0.00049	-0.8191	0.41276
Uterus	/media/kame/Data/_workings/resource/GTEv8//GTExv8.EUR.Uterus/ENSG00000272777.1.wgt.RDat	ENSG00000272777.1	4	99068124	99068125	0.5504	rs10516441	-5.61	rs6827292	0.055	4.56	-0.99069	494	29	enet	0.16	1.5e-05	-0.3853	0.70001
Uterus	/media/kame/Data/_workings/resource/GTEv8//GTExv8.EUR.Uterus/ENSG00000197894.10.wgt.RDat	ENSG00000197894.10	4	99088800	99088801	0.4855	rs10516441	-5.61	rs17507714	-0.000446	-3.24	-0.03004	491	24	enet	-0.009	0.81	-0.5922	0.55371
Uterus	/media/kame/Data/_workings/resource/GTEv8//GTExv8.EUR.Uterus/ENSG00000196616.13.wgt.RDat	ENSG00000196616.13	4	99321400	99321401	0.1658	rs10516441	-5.61	rs3018048	0.033402	-3.52	-0.00967	483	23	enet	0.022	0.068	1.9776	0.04797
Uterus	/media/kame/Data/_workings/resource/GTEv8//GTExv8.EUR.Uterus/ENSG00000230069.3.wgt.RDat	ENSG00000230069.3	4	102730720	102730721	0.3157	rs13152048	4.5	rs223490	0.211361	-5.38	1.84291	340	21	enet	0.15	2.5e-05	-1.7898	0.07348
Uterus	/media/kame/Data/_workings/resource/GTEv8//GTExv8.EUR.Uterus/ENSG00000246560.2.wgt.RDat	ENSG00000246560.2	4	102828159	102828160	0.1842	rs13152048	4.5	rs4698874	0.024567	3.9	1.28676	312	25	enet	0.053	0.0097	0.335	0.73759
Uterus	/media/kame/Data/_workings/resource/GTEv8//GTExv8.EUR.Uterus/ENSG00000145354.9.wgt.RDat	ENSG00000145354.9	4	102868977	102868978	0.1611	rs6846971	4.02	rs6419160	0.218873	-4.93	0.95775	319	21	enet	0.15	2.6e-05	-1.2167	0.22374
Uterus	/media/kame/Data/_workings/resource/GTEv8//GTExv8.EUR.Uterus/ENSG00000164039.14.wgt.RDat	ENSG00000164039.14	4	103099882	103099883	0.3099	rs17033222	-3.25	rs6830624	0.209153	5.01	-1.31623	324	19	enet	0.2	6.1e-07	-1.2344	0.21704
Uterus	/media/kame/Data/_workings/resource/GTEv8//GTExv8.EUR.Uterus/ENSG00000249604.1.wgt.RDat	ENSG00000249604.1	4	107941254	107941255	0.3373	rs1452397	3.36	rs1493132	0.096768	4.59	0.54087	377	35	enet	0.055	0.0084	-0.0378	0.96988
Uterus	/media/kame/Data/_workings/resource/GTEv8//GTExv8.EUR.Uterus/ENSG00000183423.11.wgt.RDat	ENSG00000183423.11	4	109848201	109848202	0.2665	rs16997092	-2.95	rs4610335	0.035107	-3.75	-0.04035	407	18	enet	-0.0081	0.71	0.1311	0.89567
Uterus	/media/kame/Data/_workings/resource/GTEv8//GTExv8.EUR.Uterus/ENSG00000138658.15.wgt.RDat	ENSG00000138658.15	4	112636962	112636963	0.3722	rs7663969	4.47	rs17529302	0.210715	5.4	1.41906	457	22	enet	0.26	9.7e-09	0.9376	0.34845
Uterus	/media/kame/Data/_workings/resource/GTEv8//GTExv8.EUR.Uterus/ENSG00000138653.9.wgt.RDat	ENSG00000138653.9	4	115113875	115113876	0.2062	rs17047693	2.63	rs1479794	0.132364	-4.38	-0.0734	320	5	enet	0.084	0.0015	0.9673	0.33341
Uterus	/media/kame/Data/_workings/resource/GTEv8//GTExv8.EUR.Uterus/ENSG00000269893.6.wgt.RDat	ENSG00000269893.6	4	118278708	118278709	0.303	rs4240320	-8.34	rs3805189	0.170495	4.51	-0.01347	278	28	enet	0.16	1.5e-05	-1.326	0.18485
Uterus	/media/kame/Data/_workings/resource/GTEv8//GTExv8.EUR.Uterus/ENSG00000260404.3.wgt.RDat	ENSG00000260404.3	4	118591772	118591773	0.19	rs4240320	-8.34	rs17595265	0.139441	-4.8	0.22808	337	10	enet	0.16	1e-05	-0.759	0.44786
Uterus	/media/kame/Data/_workings/resource/GTEv8//GTExv8.EUR.Uterus/ENSG00000250412.1.wgt.RDat	ENSG00000250412.1	4	119334328	119334329	0.1851	rs7679385	-3.19	rs878376	0.13973	4.41	0.16894	436	45	enet	0.071	0.0032	-0.1073	0.91455
Uterus	/media/kame/Data/_workings/resource/GTEv8//GTExv8.EUR.Uterus/ENSG00000283050.1.wgt.RDat	ENSG00000283050.1	4	119454637	119454638	0.4061	rs4320122	3.18	rs13139045	0.277956	6.28	-0.02386	412	29	enet	0.35	1.4e-11	0.103	0.91796
Uterus	/media/kame/Data/_workings/resource/GTEv8//GTExv8.EUR.Uterus/ENSG00000245958.6.wgt.RDat	ENSG00000245958.6	4	119454790	119454791	0.2598	rs4320122	3.18	rs10028423	0.367782	-6.36	0.29715	412	47	enet	0.24	4.2e-08	-0.3355	0.73722
Uterus	/media/kame/Data/_workings/resource/GTEv8//GTExv8.EUR.Uterus/ENSG00000251609.2.wgt.RDat	ENSG00000251609.2	4	120897082	120897083	0.2912	rs4833680	3.02	rs2892917	-0.006071	-3.76	0.01993	445	17	enet	0.01	0.15	-0.4834	0.62883
Uterus	/media/kame/Data/_workings/resource/GTEv8//GTExv8.EUR.Uterus/ENSG00000138738.10.wgt.RDat	ENSG00000138738.10	4	120922869	120922870	0.4248	rs4833680	3.02	rs13116962	0.181552	-4.81	0.18787	451	46	enet	0.17	6.1e-06	0.4384	0.6611
Uterus	/media/kame/Data/_workings/resource/GTEv8//GTExv8.EUR.Uterus/ENSG00000164111.14.wgt.RDat	ENSG00000164111.14	4	121697112	121697113	0.2487	rs4441776	-3.12	rs2390227	-0.007065	-3.42	0.27878	443	27	enet	0.024	0.059	0.2495	0.80298
Uterus	/media/kame/Data/_workings/resource/GTEv8//GTExv8.EUR.Uterus/ENSG00000151458.11.wgt.RDat	ENSG00000151458.11	4	124712731	124712732	0.3049	rs17007972	2.71	rs2170745	-0.002697	3.38	0.42811	383	60	enet	0.04	0.022	1.3485	0.17749
Uterus	/media/kame/Data/_workings/resource/GTEv8//GTExv8.EUR.Uterus/ENSG00000151466.11.wgt.RDat	ENSG00000151466.11	4	129093315	129093316	0.2078	rs664645	4.16	rs13123966	-0.005001	-3.82	-0.09759	370	17	enet	0.014	0.12	0.0611	0.95131
Uterus	/media/kame/Data/_workings/resource/GTEv8//GTExv8.EUR.Uterus/ENSG00000137463.4.wgt.RDat	ENSG00000137463.4	4	139280337	139280338	0.148	rs4546191	-5.01	rs6536009	0.094953	-4.5	2.79189	390	18	enet	0.078	0.0021	-2.3437	0.0191
Uterus	/media/kame/Data/_workings/resource/GTEv8//GTExv8.EUR.Uterus/ENSG00000279845.1.wgt.RDat	ENSG00000279845.1	4	146180850	146180851	0.3867	rs7680105	5.28	rs17021106	0.26733	-5.5	-0.02137	365	13	enet	0.21	3.6e-07	0.2204	0.82559
Uterus	/media/kame/Data/_workings/resource/GTEv8//GTExv8.EUR.Uterus/ENSG00000250673.2.wgt.RDat	ENSG00000250673.2	4	146214514	146214515	0.5661	rs7680105	5.28	rs6815527	0.468281	7.11	-0.00931	356	15	enet	0.43	7.6e-15	-0.1967	0.84404
Uterus	/media/kame/Data/_workings/resource/GTEv8//GTExv8.EUR.Uterus/ENSG00000251455.1.wgt.RDat	ENSG00000251455.1	4	151674482	151674483	0.2086	rs10029800	7.15	rs4643789	-0.00901	-3.18	0.0945	383	28	enet	-0.0068	0.6	1.5978	0.11009
Uterus	/media/kame/Data/_workings/resource/GTEv8//GTExv8.EUR.Uterus/ENSG00000059691.11.wgt.RDat	ENSG00000059691.11	4	151761022	151761023	0.1852	rs10029800	7.15	rs4643789	0.038068	-3.8	0.0945	391	37	enet	0.039	0.023	0.7942	0.42706
Uterus	/media/kame/Data/_workings/resource/GTEv8//GTExv8.EUR.Uterus/ENSG00000245954.6.wgt.RDat	ENSG00000245954.6	4	152100753	152100754	0.5017	rs17361754	-7.81	rs6535838	0.256282	5.3	3.88952	383	12	enet	0.15	1.7e-05	1.4068	0.15949
Uterus	/media/kame/Data/_workings/resource/GTEv8//GTExv8.EUR.Uterus/ENSG00000164144.15.wgt.RDat	ENSG00000164144.15	4	152779936	152779937	0.2613	rs11721759	4.01	rs11099852	0.223293	-5.02	1.53166	383	34	enet	0.18	3.3e-06	-1.2961	0.19493
Uterus	/media/kame/Data/_workings/resource/GTEv8//GTExv8.EUR.Uterus/ENSG00000151790.8.wgt.RDat	ENSG00000151790.8	4	155854737	155854738	0.2488	rs7440685	5.03	rs6850722	0.000617	3.07	-0.02117	454	53	enet	0.0011	0.29	0.2105	0.83326
Uterus	/media/kame/Data/_workings/resource/GTEv8//GTExv8.EUR.Uterus/ENSG00000248429.5.wgt.RDat	ENSG00000248429.5	4	158172251	158172252	0.3483	rs1032334	-2.33	rs8370	0.32822	-6.17	0.0279	300	10	enet	0.26	9.8e-09	0.2053	0.83733
Uterus	/media/kame/Data/_workings/resource/GTEv8//GTExv8.EUR.Uterus/ENSG00000164124.10.wgt.RDat	ENSG00000164124.10	4	158203619	158203620	0.333	rs1032334	-2.33	rs8370	0.248824	-5.5	0.0279	294	19	enet	0.19	1.4e-06	-0.1219	0.90297
Uterus	/media/kame/Data/_workings/resource/GTEv8//GTExv8.EUR.Uterus/ENSG00000251429.1.wgt.RDat	ENSG00000251429.1	4	158270377	158270378	0.2018	rs12504074	2.2	rs10461245	0.121108	-4.25	-0.40034	286	11	enet	0.025	0.057	0.2622	0.7932
Uterus	/media/kame/Data/_workings/resource/GTEv8//GTExv8.EUR.Uterus/ENSG00000171509.15.wgt.RDat	ENSG00000171509.15	4	158315310	158315311	0.3228	rs12504074	2.2	rs4320182	0.010464	-3.35	-0.47245	276	47	enet	0.086	0.0013	0.382	0.70243
Uterus	/media/kame/Data/_workings/resource/GTEv8//GTExv8.EUR.Uterus/ENSG00000171503.11.wgt.RDat	ENSG00000171503.11	4	158672255	158672256	0.4684	rs12502731	-2.85	rs11559290	0.189909	-5.15	0.03573	267	30	enet	0.19	1.7e-06	-0.2559	0.79801
Uterus	/media/kame/Data/_workings/resource/GTEv8//GTExv8.EUR.Uterus/ENSG00000273449.1.wgt.RDat	ENSG00000273449.1	4	163529770	163529771	0.5586	rs6828820	5.88	rs3816244	0.361544	6.27	0.56074	392	26	enet	0.35	1.3e-11	0.0741	0.9409
Uterus	/media/kame/Data/_workings/resource/GTEv8//GTExv8.EUR.Uterus/ENSG00000137601.16.wgt.RDat	ENSG00000137601.16	4	169612628	169612629	0.2913	rs4692750	4.87	rs10520157	0.095406	3.97	0.75984	339	8	enet	0.027	0.05	0.1938	0.84635
Uterus	/media/kame/Data/_workings/resource/GTEv8//GTExv8.EUR.Uterus/ENSG00000109576.13.wgt.RDat	ENSG00000109576.13	4	170091698	170091699	0.231	rs1881617	6.58	rs6553487	0.053974	-3.94	-0.1957	353	31	enet	0.092	0.00088	0.3558	0.72201
Uterus	/media/kame/Data/_workings/resource/GTEv8//GTExv8.EUR.Uterus/ENSG00000248174.5.wgt.RDat	ENSG00000248174.5	4	174220397	174220398	0.5222	rs954926	5.67	rs1992021	0.354731	6.76	1.71305	430	24	enet	0.37	2.5e-12	1.0933	0.27428
Uterus	/media/kame/Data/_workings/resource/GTEv8//GTExv8.EUR.Uterus/ENSG00000038002.8.wgt.RDat	ENSG00000038002.8	4	177442502	177442503	0.5186	rs6817133	-5.67	rs4690522	0.460019	-7.05	-1.05706	438	16	enet	0.41	9e-14	0.9027	0.3667
Uterus	/media/kame/Data/_workings/resource/GTEv8//GTExv8.EUR.Uterus/ENSG00000151725.11.wgt.RDat	ENSG00000151725.11	4	184734132	184734133	0.2693	rs3756095	6.55	rs7660927	0.086874	-4.18	-0.99795	525	8	enet	0.091	0.00095	0.8037	0.42155
Uterus	/media/kame/Data/_workings/resource/GTEv8//GTExv8.EUR.Uterus/ENSG00000109775.10.wgt.RDat	ENSG00000109775.10	4	185425984	185425985	0.3533	rs4862499	-5.26	rs6845326	0.200491	-5.2	0.71631	546	11	enet	0.041	0.021	-1.1144	0.26509
Uterus	/media/kame/Data/_workings/resource/GTEv8//GTExv8.EUR.Uterus/ENSG00000168491.9.wgt.RDat	ENSG00000168491.9	4	185471103	185471104	0.4477	rs4862499	-5.26	rs6857096	0.134988	4.43	0.01999	536	65	enet	0.14	4.5e-05	-0.874	0.38211
Uterus	/media/kame/Data/_workings/resource/GTEv8//GTExv8.EUR.Uterus/ENSG00000109794.13.wgt.RDat	ENSG00000109794.13	4	186104418	186104419	0.3145	rs13141433	4.97	rs3822055	0.0317	3.73	1.75568	588	20	enet	0.014	0.11	0.3331	0.73906
Uterus	/media/kame/Data/_workings/resource/GTEv8//GTExv8.EUR.Uterus/ENSG00000164344.15.wgt.RDat	ENSG00000164344.15	4	186226437	186226438	0.4382	rs13141433	4.97	rs4253239	0.134781	4.44	0.69584	567	17	enet	0.096	0.00069	0.5305	0.59576
Uterus	/media/kame/Data/_workings/resource/GTEv8//GTExv8.EUR.Uterus/ENSG00000245685.6.wgt.RDat	ENSG00000245685.6	4	189940270	189940271	0.2211	rs2251432	-3.56	rs1138726	0.111059	3.82	0.02759	100	5	enet	0.049	0.012	0.0385	0.96929
Uterus	/media/kame/Data/_workings/resource/GTEv8//GTExv8.EUR.Uterus/ENSG00000109536.11.wgt.RDat	ENSG00000109536.11	4	189940787	189940788	0.1558	rs2251432	-3.56	rs3987178	0.1583	-4.45	-0.07783	99	8	enet	0.069	0.0036	-0.2569	0.79726
Uterus	/media/kame/Data/_workings/resource/GTEv8//GTExv8.EUR.Uterus/ENSG00000248925.1.wgt.RDat	ENSG00000248925.1	5	271515	271516	0.2076	rs2115275	6.92	rs2244029	0.07793	-4.31	-0.96015	289	26	enet	0.068	0.0038	1.206	0.227805
Uterus	/media/kame/Data/_workings/resource/GTEv8//GTExv8.EUR.Uterus/ENSG00000250848.1.wgt.RDat	ENSG00000250848.1	5	290320	290321	0.3524	rs2115275	6.92	rs28416084	0.09634	-4.59	-0.31879	289	32	enet	0.15	1.7e-05	0.2234	0.823258
Uterus	/media/kame/Data/_workings/resource/GTEv8//GTExv8.EUR.Uterus/ENSG00000225138.7.wgt.RDat	ENSG00000225138.7	5	473235	473236	0.7658	rs2115275	6.92	rs2278254	0.10814	5.07	1.11087	321	36	enet	0.36	3.8e-12	1.0761	0.281874
Uterus	/media/kame/Data/_workings/resource/GTEv8//GTExv8.EUR.Uterus/ENSG00000066230.10.wgt.RDat	ENSG00000066230.10	5	524331	524332	0.5779	rs2115275	6.92	rs2278254	0.05982	4.74	1.11087	341	29	enet	0.34	3.1e-11	1.8437	0.065224
Uterus	/media/kame/Data/_workings/resource/GTEv8//GTExv8.EUR.Uterus/ENSG00000112877.7.wgt.RDat	ENSG00000112877.7	5	612271	612272	0.2509	rs2115275	6.92	rs11739663	0.1388	-3.98	-1.08265	361	23	enet	0.046	0.015	0.485	0.627654
Uterus	/media/kame/Data/_workings/resource/GTEv8//GTExv8.EUR.Uterus/ENSG00000249201.2.wgt.RDat	ENSG00000249201.2	5	1178604	1178605	0.5035	rs326057	3.67	rs4246740	0.19529	-5.95	-0.03534	360	23	enet	0.35	1.7e-11	-0.2288	0.819023
Uterus	/media/kame/Data/_workings/resource/GTEv8//GTExv8.EUR.Uterus/ENSG00000185986.11.wgt.RDat	ENSG00000185986.11	5	1594619	1594620	0.3997	rs16883175	-4.3	rs6870653	0.04734	-3.96	-0.08625	560	16	enet	0.03	0.041	0.4769	0.633425
Uterus	/media/kame/Data/_workings/resource/GTEv8//GTExv8.EUR.Uterus/ENSG00000232615.4.wgt.RDat	ENSG00000232615.4	5	1614835	1614836	0.7016	rs16883175	-4.3	rs7734561	0.4687	7.06	0.81505	567	17	enet	0.45	2.5e-15	0.7726	0.439744
Uterus	/media/kame/Data/_workings/resource/GTEv8//GTExv8.EUR.Uterus/ENSG00000248994.1.wgt.RDat	ENSG00000248994.1	5	1933862	1933863	0.7062	rs16883175	-4.3	rs972973	0.20521	4.96	0.35566	638	31	enet	0.17	5.8e-06	0.437	0.662139
Uterus	/media/kame/Data/_workings/resource/GTEv8//GTExv8.EUR.Uterus/ENSG00000250490.1.wgt.RDat	ENSG00000250490.1	5	6339883	6339884	0.4896	rs16877577	-8.25	rs4701724	0.31191	-5.81	3.27957	627	39	enet	0.29	9.3e-10	-3.4904	0.000482
Uterus	/media/kame/Data/_workings/resource/GTEv8//GTExv8.EUR.Uterus/ENSG00000037474.14.wgt.RDat	ENSG00000037474.14	5	6633290	6633291	0.4528	rs16877577	-8.25	rs2303711	0.36737	6.29	-0.00103	622	15	enet	0.35	1.7e-11	0.4004	0.688872
Uterus	/media/kame/Data/_workings/resource/GTEv8//GTExv8.EUR.Uterus/ENSG00000271980.1.wgt.RDat	ENSG00000271980.1	5	10267145	10267146	0.399	rs7703985	6.9	rs10067744	0.25099	-5.97	0.58778	604	9	enet	0.23	1.3e-07	-0.4107	0.681272
Uterus	/media/kame/Data/_workings/resource/GTEv8//GTExv8.EUR.Uterus/ENSG00000272130.1.wgt.RDat	ENSG00000272130.1	5	21569754	21569755	0.2936	rs6893407	-3.74	rs294136	0.09678	4.21	-2.95836	280	18	enet	0.11	0.00032	-2.0207	0.043306
Uterus	/media/kame/Data/_workings/resource/GTEv8//GTExv8.EUR.Uterus/ENSG00000249572.1.wgt.RDat	ENSG00000249572.1	5	33440618	33440619	0.5646	rs6450949	7.77	rs3756663	0.4182	-7.11	-0.59635	466	11	enet	0.38	7.3e-13	0.8885	0.374272
Uterus	/media/kame/Data/_workings/resource/GTEv8//GTExv8.EUR.Uterus/ENSG00000242110.7.wgt.RDat	ENSG00000242110.7	5	34008107	34008108	0.4932	rs17488958	-5.56	rs10941112	0.32076	-6.03	0.85389	390	29	enet	0.21	3.5e-07	-0.9927	0.320853
Uterus	/media/kame/Data/_workings/resource/GTEv8//GTExv8.EUR.Uterus/ENSG00000250155.1.wgt.RDat	ENSG00000250155.1	5	36725194	36725195	0.2767	rs11743146	-5.13	rs1025288	0.20713	4.86	-0.01093	391	5	enet	0.057	0.0077	0.0142	0.988643
Uterus	/media/kame/Data/_workings/resource/GTEv8//GTExv8.EUR.Uterus/ENSG00000248240.1.wgt.RDat	ENSG00000248240.1	5	43515273	43515274	0.0982	rs10069201	-3.81	rs7708369	0.00814	3.65	0.09034	246	29	enet	0.012	0.13	1.0213	0.307113
Uterus	/media/kame/Data/_workings/resource/GTEv8//GTExv8.EUR.Uterus/ENSG00000247796.2.wgt.RDat	ENSG00000247796.2	5	53109841	53109842	0.4753	rs11948124	-6.7	rs17298431	0.0992	4.5	-2.37601	548	31	enet	0.15	2.6e-05	-1.0207	0.307375
Uterus	/media/kame/Data/_workings/resource/GTEv8//GTExv8.EUR.Uterus/ENSG00000155542.11.wgt.RDat	ENSG00000155542.11	5	56909259	56909260	0.5487	rs1848507	6.19	rs185220	0.40531	-6.94	-1.0777	492	21	enet	0.41	5.8e-14	0.6968	0.485919
Uterus	/media/kame/Data/_workings/resource/GTEv8//GTExv8.EUR.Uterus/ENSG00000272354.1.wgt.RDat	ENSG00000272354.1	5	65020613	65020614	0.19	rs10940001	-6.64	rs65407	0.02024	3.94	-1.09492	393	10	enet	-0.0043	0.46	-0.5714	0.567724
Uterus	/media/kame/Data/_workings/resource/GTEv8//GTExv8.EUR.Uterus/ENSG00000253203.6.wgt.RDat	ENSG00000253203.6	5	69679258	69679259	0.4275	rs2010352	-10.1	rs28431145	0.21663	5	-0.75067	107	7	enet	0.21	3e-07	-0.9147	0.360329
Uterus	/media/kame/Data/_workings/resource/GTEv8//GTExv8.EUR.Uterus/ENSG00000249437.7.wgt.RDat	ENSG00000249437.7	5	71025113	71025114	0.0915	rs6453406	-4.22	rs7449303	0.06252	-3.51	0.19545	37	7	enet	0.03	0.042	-0.1329	0.89425
Uterus	/media/kame/Data/_workings/resource/GTEv8//GTExv8.EUR.Uterus/ENSG00000215630.6.wgt.RDat	ENSG00000215630.6	5	71208129	71208130	0.5523	rs6453406	-3.36	rs13168712	0.18516	-4.93	-0.94534	115	17	enet	0.15	3e-05	2.0458	0.040774
Uterus	/media/kame/Data/_workings/resource/GTEv8//GTExv8.EUR.Uterus/ENSG00000235558.3.wgt.RDat	ENSG00000235558.3	5	71259237	71259238	0.4266	rs6453406	-3.67	rs6453406	0.21262	-5.07	-3.67289	147	21	enet	0.22	1.5e-07	1.8969	0.057842
Uterus	/media/kame/Data/_workings/resource/GTEv8//GTExv8.EUR.Uterus/ENSG00000145734.18.wgt.RDat	ENSG00000145734.18	5	71455614	71455615	0.1432	rs7379830	-2.92	rs7379830	0.03559	3.95	-2.92494	251	16	enet	0.026	0.055	-0.6186	0.536211
Uterus	/media/kame/Data/_workings/resource/GTEv8//GTExv8.EUR.Uterus/ENSG00000131711.14.wgt.RDat	ENSG00000131711.14	5	72107233	72107234	0.3694	rs1217823	4.45	rs3828616	0.15125	4.97	-0.81906	450	16	enet	0.15	1.6e-05	0.0336	0.97323
Uterus	/media/kame/Data/_workings/resource/GTEv8//GTExv8.EUR.Uterus/ENSG00000164346.9.wgt.RDat	ENSG00000164346.9	5	74768930	74768931	0.5042	rs4703642	5.73	rs7713812	0.41331	6.89	1.45484	473	23	enet	0.41	5.1e-14	1.5826	0.113507
Uterus	/media/kame/Data/_workings/resource/GTEv8//GTExv8.EUR.Uterus/ENSG00000164253.13.wgt.RDat	ENSG00000164253.13	5	77620610	77620611	0.3326	rs4262083	6.17	rs7729808	0.09682	4.41	-0.91441	520	24	enet	0.17	4.9e-06	-0.4936	0.621581
Uterus	/media/kame/Data/_workings/resource/GTEv8//GTExv8.EUR.Uterus/ENSG00000228716.6.wgt.RDat	ENSG00000228716.6	5	80654982	80654983	0.3275	rs401758	4.63	rs32989	0.06314	-4.79	-0.1523	479	44	enet	0.12	0.00012	0.2137	0.830788
Uterus	/media/kame/Data/_workings/resource/GTEv8//GTExv8.EUR.Uterus/ENSG00000248794.1.wgt.RDat	ENSG00000248794.1	5	81242598	81242599	0.4826	rs13179530	-10.87	rs2897390	0.31571	6.02	-0.26824	444	12	enet	0.24	5.6e-08	-0.3809	0.703244
Uterus	/media/kame/Data/_workings/resource/GTEv8//GTExv8.EUR.Uterus/ENSG00000247572.7.wgt.RDat	ENSG00000247572.7	5	81301559	81301560	0.8183	rs13179530	-10.87	rs11745275	0.36106	-6.8	1.62034	461	16	enet	0.52	1.8e-18	-1.4044	0.160199
Uterus	/media/kame/Data/_workings/resource/GTEv8//GTExv8.EUR.Uterus/ENSG00000152348.15.wgt.RDat	ENSG00000152348.15	5	81972024	81972025	0.6686	rs959978	-10.7	rs6875409	0.40734	6.69	-0.62103	391	53	enet	0.45	1.4e-15	1.0912	0.275174
Uterus	/media/kame/Data/_workings/resource/GTEv8//GTExv8.EUR.Uterus/ENSG00000186468.12.wgt.RDat	ENSG00000186468.12	5	82278576	82278577	0.1912	rs959978	-10.7	rs226202	0.16599	-4.95	0.38814	435	11	enet	0.12	0.00012	0.2018	0.84006
Uterus	/media/kame/Data/_workings/resource/GTEv8//GTExv8.EUR.Uterus/ENSG00000205464.11.wgt.RDat	ENSG00000205464.11	5	82279461	82279462	0.8121	rs959978	-10.7	rs226202	0.59892	8.07	0.38814	435	8	enet	0.56	9.8e-21	0.3942	0.693442
Uterus	/media/kame/Data/_workings/resource/GTEv8//GTExv8.EUR.Uterus/ENSG00000249664.1.wgt.RDat	ENSG00000249664.1	5	83013108	83013109	0.542	rs7702166	-4.41	rs255561	0.29999	5.8	0.87321	397	72	enet	0.19	2e-06	0.2907	0.771292
Uterus	/media/kame/Data/_workings/resource/GTEv8//GTExv8.EUR.Uterus/ENSG00000247828.7.wgt.RDat	ENSG00000247828.7	5	88269070	88269071	0.1942	rs10044618	-9.74	rs780404	0.17599	4.72	-3.49202	261	22	enet	0.15	2.5e-05	-2.6423	0.008235
Uterus	/media/kame/Data/_workings/resource/GTEv8//GTExv8.EUR.Uterus/ENSG00000185261.14.wgt.RDat	ENSG00000185261.14	5	94582582	94582583	0.2845	rs13361876	-4.75	rs7446179	0.0149	3.84	-2.40802	365	14	enet	0.055	0.0085	-2.4456	0.014462
Uterus	/media/kame/Data/_workings/resource/GTEv8//GTExv8.EUR.Uterus/ENSG00000248734.2.wgt.RDat	ENSG00000248734.2	5	96784776	96784777	0.5846	rs27038	7.01	rs469783	0.2496	-5.69	0.42009	490	26	enet	0.22	2.5e-07	-0.0112	0.991054
Uterus	/media/kame/Data/_workings/resource/GTEv8//GTExv8.EUR.Uterus/ENSG00000164308.16.wgt.RDat	ENSG00000164308.16	5	96875938	96875939	0.8059	rs27038	7.01	rs2762	0.7483	8.94	-0.27135	491	33	enet	0.75	3.3e-33	-0.1352	0.892441
Uterus	/media/kame/Data/_workings/resource/GTEv8//GTExv8.EUR.Uterus/ENSG00000175749.11.wgt.RDat	ENSG00000175749.11	5	103032375	103032376	0.1537	rs7708778	-4.64	rs26434	0.16956	4.56	1.0656	301	11	enet	0.13	7.1e-05	1.1472	0.251291
Uterus	/media/kame/Data/_workings/resource/GTEv8//GTExv8.EUR.Uterus/ENSG00000249476.1.wgt.RDat	ENSG00000249476.1	5	109326368	109326369	0.2975	rs10043540	6.44	rs2963021	0.25219	5.47	0.81891	371	33	enet	0.19	1.4e-06	0.7808	0.434903
Uterus	/media/kame/Data/_workings/resource/GTEv8//GTExv8.EUR.Uterus/ENSG00000129595.12.wgt.RDat	ENSG00000129595.12	5	112419315	112419316	0.2042	rs6882143	-7.55	rs821749	-0.00613	3.73	2.83329	405	17	enet	-0.0033	0.42	0.8821	0.377707
Uterus	/media/kame/Data/_workings/resource/GTEv8//GTExv8.EUR.Uterus/ENSG00000172795.15.wgt.RDat	ENSG00000172795.15	5	112976701	112976702	0.2633	rs6882143	-7.55	rs4705750	0.15636	-5.03	-0.04743	495	20	enet	0.21	4.5e-07	0.3862	0.699343
Uterus	/media/kame/Data/_workings/resource/GTEv8//GTExv8.EUR.Uterus/ENSG00000047188.15.wgt.RDat	ENSG00000047188.15	5	113513682	113513683	0.2564	rs729455	-4.85	rs6877432	0.17399	5.31	-0.05104	555	16	enet	0.097	0.00065	-0.0524	0.958228
Uterus	/media/kame/Data/_workings/resource/GTEv8//GTExv8.EUR.Uterus/ENSG00000129596.4.wgt.RDat	ENSG00000129596.4	5	115816953	115816954	0.402	rs269500	-3.29	rs26534	0.20893	4.99	0.05388	534	15	enet	0.13	9.8e-05	0.081	0.935424
Uterus	/media/kame/Data/_workings/resource/GTEv8//GTExv8.EUR.Uterus/ENSG00000164241.13.wgt.RDat	ENSG00000164241.13	5	127073491	127073492	0.1598	rs3734173	8.04	rs248062	0.00418	3.8	1.7487	340	47	enet	0.0018	0.28	-0.4523	0.651075
Uterus	/media/kame/Data/_workings/resource/GTEv8//GTExv8.EUR.Uterus/ENSG00000145794.16.wgt.RDat	ENSG00000145794.16	5	127290830	127290831	0.1606	rs6595769	-4.84	rs2408864	0.02852	-3.85	0.26071	357	14	enet	0.03	0.042	0.0145	0.988426
Uterus	/media/kame/Data/_workings/resource/GTEv8//GTExv8.EUR.Uterus/ENSG00000245937.7.wgt.RDat	ENSG00000245937.7	5	128083171	128083172	0.3669	rs3805648	-3.94	rs248695	0.01536	3.42	-0.20198	368	22	enet	0.058	0.0073	-0.4109	0.681118
Uterus	/media/kame/Data/_workings/resource/GTEv8//GTExv8.EUR.Uterus/ENSG00000138829.11.wgt.RDat	ENSG00000138829.11	5	128659184	128659185	0.2567	rs3805648	-3.94	rs4836375	0.1267	4.63	0.39825	451	35	enet	0.077	0.0022	0.0782	0.937636
Uterus	/media/kame/Data/_workings/resource/GTEv8//GTExv8.EUR.Uterus/ENSG00000113396.12.wgt.RDat	ENSG00000113396.12	5	128845579	128845580	0.3781	rs3805648	-3.94	rs2577539	0.01474	-3.5	-2.16221	447	58	enet	0.017	0.097	1.0476	0.294813
Uterus	/media/kame/Data/_workings/resource/GTEv8//GTExv8.EUR.Uterus/ENSG00000169567.11.wgt.RDat	ENSG00000169567.11	5	131171734	131171735	0.1679	rs10900799	2.96	rs3891636	-0.00871	3.37	-0.05303	258	16	enet	-0.0095	0.98	-0.0164	0.98689
Uterus	/media/kame/Data/_workings/resource/GTEv8//GTExv8.EUR.Uterus/ENSG00000233006.6.wgt.RDat	ENSG00000233006.6	5	132369647	132369648	0.2414	rs7733814	5.76	rs270613	-0.00691	-3.2	0.0833	421	55	enet	0.037	0.026	1.2673	0.205046
Uterus	/media/kame/Data/_workings/resource/GTEv8//GTExv8.EUR.Uterus/ENSG00000197536.11.wgt.RDat	ENSG00000197536.11	5	132410635	132410636	0.235	rs7733814	5.76	rs10072700	0.05905	-3.45	0.56362	432	29	enet	0.0043	0.23	-0.4635	0.64298
Uterus	/media/kame/Data/_workings/resource/GTEv8//GTExv8.EUR.Uterus/ENSG00000113522.13.wgt.RDat	ENSG00000113522.13	5	132556018	132556019	0.3479	rs7733814	5.76	rs2269821	-0.00403	3.23	-1.0851	409	71	enet	0.032	0.036	0.1634	0.870191
Uterus	/media/kame/Data/_workings/resource/GTEv8//GTExv8.EUR.Uterus/ENSG00000131437.15.wgt.RDat	ENSG00000131437.15	5	132737637	132737638	0.298	rs2288386	-3.8	rs4631227	-0.00435	-4.14	1.50428	418	16	enet	0.051	0.011	-0.6661	0.505334
Uterus	/media/kame/Data/_workings/resource/GTEv8//GTExv8.EUR.Uterus/ENSG00000072364.12.wgt.RDat	ENSG00000072364.12	5	132963633	132963634	0.379	rs25869	5.35	rs254289	0.05635	3.98	-2.26336	391	22	enet	0.062	0.0055	-3.1328	0.001732
Uterus	/media/kame/Data/_workings/resource/GTEv8//GTExv8.EUR.Uterus/ENSG00000279469.1.wgt.RDat	ENSG00000279469.1	5	134395007	134395008	0.1288	rs329312	5.95	rs6871796	0.06913	3.71	0.01572	291	26	enet	0.013	0.13	0.2097	0.833918
Uterus	/media/kame/Data/_workings/resource/GTEv8//GTExv8.EUR.Uterus/ENSG00000132563.15.wgt.RDat	ENSG00000132563.15	5	138439016	138439017	0.3228	rs11743323	6.2	rs6864847	0.08921	3.92	0.24212	291	37	enet	0.079	0.0019	0.6128	0.54004
Uterus	/media/kame/Data/_workings/resource/GTEv8//GTExv8.EUR.Uterus/ENSG00000253404.1.wgt.RDat	ENSG00000253404.1	5	138753308	138753309	0.423	rs11743323	6.2	rs311602	0.37981	6.8	-0.14044	304	44	enet	0.28	2.6e-09	0.0063	0.994974
Uterus	/media/kame/Data/_workings/resource/GTEv8//GTExv8.EUR.Uterus/ENSG00000184584.12.wgt.RDat	ENSG00000184584.12	5	139482789	139482790	0.2098	rs4912894	-6.44	rs7446197	0.03094	-3.37	-0.5862	267	27	enet	0.018	0.088	-0.5548	0.579051
Uterus	/media/kame/Data/_workings/resource/GTEv8//GTExv8.EUR.Uterus/ENSG00000283602.1.wgt.RDat	ENSG00000283602.1	5	140594569	140594570	0.4153	rs11558407	-7.91	rs1019933	0.29184	5.95	0.00352	324	18	enet	0.27	8.4e-09	-0.1252	0.900375
Uterus	/media/kame/Data/_workings/resource/GTEv8//GTExv8.EUR.Uterus/ENSG00000204967.10.wgt.RDat	ENSG00000204967.10	5	140806928	140806929	0.1595	rs2286394	-4.12	rs2878996	0.14769	-4.31	-1.70532	366	18	enet	0.092	0.00089	0.2196	0.826172
Uterus	/media/kame/Data/_workings/resource/GTEv8//GTExv8.EUR.Uterus/ENSG00000204963.5.wgt.RDat	ENSG00000204963.5	5	140834247	140834248	0.2012	rs2286394	-4.12	rs2878996	0.04865	-4.08	-1.70532	370	18	enet	0.049	0.012	2.0361	0.041739
Uterus	/media/kame/Data/_workings/resource/GTEv8//GTExv8.EUR.Uterus/ENSG00000249158.6.wgt.RDat	ENSG00000249158.6	5	140868240	140868241	0.1933	rs2286394	-4.12	rs2163786	-0.00575	3.35	-1.46127	373	20	enet	0.04	0.022	1.5635	0.117928
Uterus	/media/kame/Data/_workings/resource/GTEv8//GTExv8.EUR.Uterus/ENSG00000248383.4.wgt.RDat	ENSG00000248383.4	5	140926368	140926369	0.1916	rs2286394	-4.12	rs31746	0.05877	3.78	-1.89003	396	17	enet	0.066	0.0043	-0.0679	0.945867
Uterus	/media/kame/Data/_workings/resource/GTEv8//GTExv8.EUR.Uterus/ENSG00000120322.3.wgt.RDat	ENSG00000120322.3	5	141177789	141177790	0.4023	rs4151701	4.56	rs2907302	0.00121	-3.36	-1.43809	442	56	enet	0.064	0.0049	-0.3915	0.695428
Uterus	/media/kame/Data/_workings/resource/GTEv8//GTExv8.EUR.Uterus/ENSG00000272674.3.wgt.RDat	ENSG00000272674.3	5	141181398	141181399	0.5984	rs4151701	4.56	rs1528587	0.30226	-6.03	-0.55314	442	13	enet	0.21	3e-07	0.4704	0.638093
Uterus	/media/kame/Data/_workings/resource/GTEv8//GTExv8.EUR.Uterus/ENSG00000271871.1.wgt.RDat	ENSG00000271871.1	5	141952418	141952419	0.438	rs6888135	12.29	rs164086	0.1703	4.72	3.50564	525	11	enet	0.038	0.024	3.7072	0.00021
Uterus	/media/kame/Data/_workings/resource/GTEv8//GTExv8.EUR.Uterus/ENSG00000013561.17.wgt.RDat	ENSG00000013561.17	5	141966819	141966820	0.2733	rs6888135	12.29	rs252143	0.07355	4.16	-0.84433	535	22	enet	-0.0082	0.71	-1.5882	0.112246
Uterus	/media/kame/Data/_workings/resource/GTEv8//GTExv8.EUR.Uterus/ENSG00000280047.1.wgt.RDat	ENSG00000280047.1	5	142165766	142165767	0.3612	rs6888135	12.29	rs17705913	0.08966	-4.11	-1.0874	577	41	enet	0.036	0.028	0.9166	0.359328
Uterus	/media/kame/Data/_workings/resource/GTEv8//GTExv8.EUR.Uterus/ENSG00000187678.8.wgt.RDat	ENSG00000187678.8	5	142326454	142326455	0.5759	rs6888135	12.29	rs11167764	-0.00846	3.29	-4.18871	552	74	enet	0.048	0.014	0.6011	0.54777
Uterus	/media/kame/Data/_workings/resource/GTEv8//GTExv8.EUR.Uterus/ENSG00000173261.8.wgt.RDat	ENSG00000173261.8	5	146104368	146104369	0.2442	rs4305683	3.68	rs17104268	0.05632	-3.83	-0.19619	405	56	enet	0.0098	0.16	-1.4789	0.139179
Uterus	/media/kame/Data/_workings/resource/GTEv8//GTExv8.EUR.Uterus/ENSG00000133706.17.wgt.RDat	ENSG00000133706.17	5	146182659	146182660	0.3698	rs4305683	3.68	rs2063002	0.23318	5.28	1.88671	423	32	enet	0.17	5.7e-06	1.3351	0.18186
Uterus	/media/kame/Data/_workings/resource/GTEv8//GTExv8.EUR.Uterus/ENSG00000197083.11.wgt.RDat	ENSG00000197083.11	5	150946288	150946289	0.7232	rs10074582	-3.93	rs7724558	0.46173	7.13	0.34283	529	31	enet	0.39	4.5e-13	0.2575	0.796827
Uterus	/media/kame/Data/_workings/resource/GTEv8//GTExv8.EUR.Uterus/ENSG00000260581.1.wgt.RDat	ENSG00000260581.1	5	151652274	151652275	0.6698	rs3864271	7.42	rs2288810	0.27172	5.51	0.6924	564	45	enet	0.33	6.7e-11	-0.4386	0.660922
Uterus	/media/kame/Data/_workings/resource/GTEv8//GTExv8.EUR.Uterus/ENSG00000253921.1.wgt.RDat	ENSG00000253921.1	5	151753991	151753992	0.2794	rs3864271	7.42	rs10515654	-0.00253	3.37	-0.41491	553	54	enet	0.027	0.049	0.7644	0.444613
Uterus	/media/kame/Data/_workings/resource/GTEv8//GTExv8.EUR.Uterus/ENSG00000213433.5.wgt.RDat	ENSG00000213433.5	5	151766377	151766378	0.3879	rs3864271	7.42	rs2915822	0.18309	-5.12	-0.88716	548	32	enet	0.14	3.1e-05	1.5617	0.118354
Uterus	/media/kame/Data/_workings/resource/GTEv8//GTExv8.EUR.Uterus/ENSG00000164574.15.wgt.RDat	ENSG00000164574.15	5	154190729	154190730	0.2827	rs11954986	-4.82	rs17115711	-0.00787	3.64	0.43891	495	28	enet	0.065	0.0045	-0.9035	0.366274
Uterus	/media/kame/Data/_workings/resource/GTEv8//GTExv8.EUR.Uterus/ENSG00000172568.4.wgt.RDat	ENSG00000172568.4	5	157345720	157345721	0.3025	rs13154298	7.49	rs10054755	0.16333	5.23	-0.62884	500	10	enet	0.11	0.00023	-0.2255	0.821628
Uterus	/media/kame/Data/_workings/resource/GTEv8//GTExv8.EUR.Uterus/ENSG00000248544.2.wgt.RDat	ENSG00000248544.2	5	157384949	157384950	0.5989	rs13154298	7.49	rs10054755	0.42004	6.78	-0.62884	501	31	enet	0.38	8.8e-13	-0.4609	0.644869
Uterus	/media/kame/Data/_workings/resource/GTEv8//GTExv8.EUR.Uterus/ENSG00000251405.2.wgt.RDat	ENSG00000251405.2	5	157460017	157460018	0.5504	rs13154298	7.49	rs10054755	0.44293	6.91	-0.62884	517	3	enet	0.41	1e-13	-0.5843	0.559013
Uterus	/media/kame/Data/_workings/resource/GTEv8//GTExv8.EUR.Uterus/ENSG00000188573.7.wgt.RDat	ENSG00000188573.7	5	168529115	168529116	0.6909	rs2059090	5.31	rs6555817	0.31363	6.39	0.50736	606	22	enet	0.41	4.8e-14	0.6945	0.487368
Uterus	/media/kame/Data/_workings/resource/GTEv8//GTExv8.EUR.Uterus/ENSG00000214357.8.wgt.RDat	ENSG00000214357.8	5	172641265	172641266	0.4611	rs6898730	-5.56	rs6556030	0.00945	-4.37	-1.83827	544	14	enet	0.043	0.019	0.3996	0.689422
Uterus	/media/kame/Data/_workings/resource/GTEv8//GTExv8.EUR.Uterus/ENSG00000113734.17.wgt.RDat	ENSG00000113734.17	5	173144577	173144578	0.2918	rs11746792	5.26	rs17662639	0.20135	-4.71	-0.72789	564	18	enet	-0.0095	1	0.7063	0.480001
Uterus	/media/kame/Data/_workings/resource/GTEv8//GTExv8.EUR.Uterus/ENSG00000164466.12.wgt.RDat	ENSG00000164466.12	5	175477061	175477062	0.3089	rs889063	-5.03	rs157474	0.0888	-4.59	1.66715	565	31	enet	0.16	1.1e-05	-2.7435	0.006079
Uterus	/media/kame/Data/_workings/resource/GTEv8//GTExv8.EUR.Uterus/ENSG00000213347.10.wgt.RDat	ENSG00000213347.10	5	177312756	177312757	0.3672	rs11952102	-8.19	rs6875461	0.11971	-4.67	-0.05443	310	20	enet	0.17	5.1e-06	-3.7493	0.000177
Uterus	/media/kame/Data/_workings/resource/GTEv8//GTExv8.EUR.Uterus/ENSG00000272459.1.wgt.RDat	ENSG00000272459.1	5	177554823	177554824	0.3158	rs11952102	-8.19	rs335462	0.03273	-3.77	0.14534	241	8	enet	0.044	0.017	-0.6389	0.522884
Uterus	/media/kame/Data/_workings/resource/GTEv8//GTExv8.EUR.Uterus/ENSG00000252464.1.wgt.RDat	ENSG00000252464.1	5	178619836	178619837	0.4583	rs1132336	-6.02	rs10069282	0.07004	-3.82	-0.31633	566	40	enet	0.067	0.004	-1.4062	0.159678
Uterus	/media/kame/Data/_workings/resource/GTEv8//GTExv8.EUR.Uterus/ENSG00000253869.1.wgt.RDat	ENSG00000253869.1	5	178922063	178922064	0.5214	rs1132336	-6.02	rs6870926	0.04888	-3.35	1.09749	568	26	enet	0.026	0.053	-1.2318	0.21802
Uterus	/media/kame/Data/_workings/resource/GTEv8//GTExv8.EUR.Uterus/ENSG00000178187.7.wgt.RDat	ENSG00000178187.7	5	178941190	178941191	0.6718	rs1132336	-6.02	rs10075112	0.38587	6.5	1.6088	564	20	enet	0.31	2.2e-10	1.8256	0.067907
Uterus	/media/kame/Data/_workings/resource/GTEv8//GTExv8.EUR.Uterus/ENSG00000197226.12.wgt.RDat	ENSG00000197226.12	5	179907858	179907859	0.3543	rs4282280	3.77	rs42414	0.05161	4.17	2.24527	433	21	enet	0.009	0.16	2.5573	0.01055
Uterus	/media/kame/Data/_workings/resource/GTEv8//GTExv8.EUR.Uterus/ENSG00000253908.1.wgt.RDat	ENSG00000253908.1	5	180257679	180257680	0.3113	rs10085025	-4.75	rs918481	0.00603	-3.81	-0.89014	439	24	enet	0.042	0.019	0.5272	0.598049
Uterus	/media/kame/Data/_workings/resource/GTEv8//GTExv8.EUR.Uterus/ENSG00000248275.1.wgt.RDat	ENSG00000248275.1	5	181261211	181261212	0.698	rs2619758	-11	rs1279912	0.39386	-7.12	-0.40624	184	21	enet	0.38	1.4e-12	1.9651	0.049404
Uterus	/media/kame/Data/_workings/resource/GTEv8//GTExv8.EUR.Uterus/ENSG00000272463.1.wgt.RDat	ENSG00000272463.1	6	711404	711405	0.45	rs2788213	5.11	rs2244443	0.402655	-6.91	2.6679	620	17	enet	0.41	7.9e-14	-2.3466	0.0189
Uterus	/media/kame/Data/_workings/resource/GTEv8//GTExv8.EUR.Uterus/ENSG00000145949.9.wgt.RDat	ENSG00000145949.9	6	2750965	2750966	0.388	rs9328087	5.2	rs4959699	0.169943	-5.13	-0.59005	579	16	enet	0.25	2.3e-08	0.0908	0.928
Uterus	/media/kame/Data/_workings/resource/GTEv8//GTExv8.EUR.Uterus/ENSG00000124588.19.wgt.RDat	ENSG00000124588.19	6	2993930	2993931	0.725	rs318497	-4.68	rs4149360	0.42863	-6.81	-0.11719	671	52	enet	0.39	5.1e-13	0.2235	0.823
Uterus	/media/kame/Data/_workings/resource/GTEv8//GTExv8.EUR.Uterus/ENSG00000272277.1.wgt.RDat	ENSG00000272277.1	6	3068893	3068894	0.437	rs318497	-4.68	rs4959761	0.281601	5.75	1.16237	647	5	enet	0.16	1.5e-05	1.098	0.272
Uterus	/media/kame/Data/_workings/resource/GTEv8//GTExv8.EUR.Uterus/ENSG00000180822.11.wgt.RDat	ENSG00000180822.11	6	3231402	3231403	0.336	rs4342462	-8.88	rs4602754	0.12805	-4.65	-0.05728	599	11	enet	0.011	0.14	0.0712	0.943
Uterus	/media/kame/Data/_workings/resource/GTEv8//GTExv8.EUR.Uterus/ENSG00000185689.15.wgt.RDat	ENSG00000185689.15	6	4079221	4079222	0.5	rs4342462	-8.88	rs9503936	0.223917	-5.69	-2.13995	625	51	enet	0.17	4.9e-06	0.6355	0.525
Uterus	/media/kame/Data/_workings/resource/GTEv8//GTExv8.EUR.Uterus/ENSG00000198721.12.wgt.RDat	ENSG00000198721.12	6	4135596	4135597	0.366	rs11242954	-5.84	rs1815510	0.109852	-4.85	-0.91343	634	11	enet	0.13	6.7e-05	1.0823	0.279
Uterus	/media/kame/Data/_workings/resource/GTEv8//GTExv8.EUR.Uterus/ENSG00000214113.10.wgt.RDat	ENSG00000214113.10	6	5260938	5260939	0.286	rs797151	-7.56	rs591481	0.184958	-4.99	0.45189	614	14	enet	0.18	2.5e-06	-1.2866	0.198
Uterus	/media/kame/Data/_workings/resource/GTEv8//GTExv8.EUR.Uterus/ENSG00000230939.1.wgt.RDat	ENSG00000230939.1	6	8784177	8784178	0.319	rs10484331	4.87	rs1335639	0.290528	5.62	-0.64775	394	33	enet	0.2	6.8e-07	-1.6512	0.0987
Uterus	/media/kame/Data/_workings/resource/GTEv8//GTExv8.EUR.Uterus/ENSG00000111837.11.wgt.RDat	ENSG00000111837.11	6	10838552	10838553	0.347	rs9791189	-5.78	rs595526	-0.003124	-3.7	-0.66417	468	25	enet	0.13	1e-04	0.8309	0.406
Uterus	/media/kame/Data/_workings/resource/GTEv8//GTExv8.EUR.Uterus/ENSG00000112137.17.wgt.RDat	ENSG00000112137.17	6	12716804	12716805	0.393	rs4379286	4.78	rs6941877	-0.00698	-3.41	-1.14764	499	22	enet	-0.0084	0.73	1.4675	0.142
Uterus	/media/kame/Data/_workings/resource/GTEv8//GTExv8.EUR.Uterus/ENSG00000047579.19.wgt.RDat	ENSG00000047579.19	6	15663057	15663058	0.275	rs7751000	-4.24	rs12525702	-0.007789	-3.49	1.66768	531	68	enet	-0.0017	0.37	-1.7445	0.0811
Uterus	/media/kame/Data/_workings/resource/GTEv8//GTExv8.EUR.Uterus/ENSG00000112053.13.wgt.RDat	ENSG00000112053.13	6	36024867	36024868	0.258	rs16878591	4.48	rs3761980	0.02208	3.75	0.81488	382	27	enet	0.043	0.018	0.5915	0.554
Uterus	/media/kame/Data/_workings/resource/GTEv8//GTExv8.EUR.Uterus/ENSG00000156711.16.wgt.RDat	ENSG00000156711.16	6	36127808	36127809	0.426	rs1475774	4.32	rs851019	0.224602	5.38	0.67326	363	75	enet	0.16	1.1e-05	0.1811	0.856
Uterus	/media/kame/Data/_workings/resource/GTEv8//GTExv8.EUR.Uterus/ENSG00000246982.6.wgt.RDat	ENSG00000246982.6	6	36197204	36197205	0.358	rs17656051	3.44	rs6906612	0.188563	5.71	1.33177	400	23	enet	0.23	1.2e-07	1.0501	0.294
Uterus	/media/kame/Data/_workings/resource/GTEv8//GTExv8.EUR.Uterus/ENSG00000164627.17.wgt.RDat	ENSG00000164627.17	6	39725404	39725405	0.674	rs2475487	5.56	rs6933563	0.143602	4.98	2.46293	527	10	enet	0.21	5.7e-07	1.3378	0.181
Uterus	/media/kame/Data/_workings/resource/GTEv8//GTExv8.EUR.Uterus/ENSG00000124701.5.wgt.RDat	ENSG00000124701.5	6	41053303	41053304	0.287	rs6910730	-4.49	rs2253676	-0.009422	3.02	0.14169	568	36	enet	0.0024	0.27	1.3986	0.162
Uterus	/media/kame/Data/_workings/resource/GTEv8//GTExv8.EUR.Uterus/ENSG00000161912.17.wgt.RDat	ENSG00000161912.17	6	41101021	41101022	0.401	rs6910730	-4.49	rs6924867	0.190081	4.98	0.02282	563	48	enet	0.2	8.2e-07	0.2332	0.816
Uterus	/media/kame/Data/_workings/resource/GTEv8//GTExv8.EUR.Uterus/ENSG00000048544.5.wgt.RDat	ENSG00000048544.5	6	42217864	42217865	0.622	rs2281466	-4.28	rs3749921	0.424128	-6.85	0.03632	402	10	enet	0.38	6.6e-13	-0.0337	0.973
Uterus	/media/kame/Data/_workings/resource/GTEv8//GTExv8.EUR.Uterus/ENSG00000112619.7.wgt.RDat	ENSG00000112619.7	6	42722573	42722574	0.315	rs3823423	5.79	rs375435	0.010331	-3.63	2.9173	357	25	enet	0.045	0.016	-1.3187	0.187
Uterus	/media/kame/Data/_workings/resource/GTEv8//GTExv8.EUR.Uterus/ENSG00000124587.13.wgt.RDat	ENSG00000124587.13	6	42979219	42979220	0.408	rs3823423	5.79	rs9986447	0.19401	5.09	0.15104	366	15	enet	0.017	0.098	-0.1406	0.888
Uterus	/media/kame/Data/_workings/resource/GTEv8//GTExv8.EUR.Uterus/ENSG00000271970.1.wgt.RDat	ENSG00000271970.1	6	43561871	43561872	0.476	rs35679149	5.11	rs17287935	-0.005651	-3.74	1.98428	427	35	enet	0.054	0.0093	-0.2547	0.799
Uterus	/media/kame/Data/_workings/resource/GTEv8//GTExv8.EUR.Uterus/ENSG00000172426.15.wgt.RDat	ENSG00000172426.15	6	43645045	43645046	0.316	rs2651206	4.73	rs7742789	0.035831	-4.41	4.19375	430	6	enet	-0.0086	0.76	-4.2064	2.59e-05
Uterus	/media/kame/Data/_workings/resource/GTEv8//GTExv8.EUR.Uterus/ENSG00000146221.9.wgt.RDat	ENSG00000146221.9	6	44297687	44297688	0.584	rs12528941	-4.61	rs651297	-0.004712	3.99	-0.32233	548	46	enet	-0.0041	0.45	0.1691	0.866
Uterus	/media/kame/Data/_workings/resource/GTEv8//GTExv8.EUR.Uterus/ENSG00000153291.15.wgt.RDat	ENSG00000153291.15	6	46652914	46652915	0.418	rs9381497	-5.21	rs10807344	0.21985	5.24	-0.85813	495	32	enet	0.12	0.00012	-0.6222	0.534
Uterus	/media/kame/Data/_workings/resource/GTEv8//GTExv8.EUR.Uterus/ENSG00000180113.15.wgt.RDat	ENSG00000180113.15	6	46687874	46687875	0.458	rs9381497	-5.21	rs9381468	0.230529	5.6	-0.59491	503	17	enet	0.22	1.6e-07	0.112	0.911
Uterus	/media/kame/Data/_workings/resource/GTEv8//GTExv8.EUR.Uterus/ENSG00000031691.6.wgt.RDat	ENSG00000031691.6	6	49463377	49463378	0.355	rs9473701	-3.35	rs2501976	0.213714	-5.93	0.24054	347	37	enet	0.28	3.1e-09	-0.4756	0.634
Uterus	/media/kame/Data/_workings/resource/GTEv8//GTExv8.EUR.Uterus/ENSG00000216775.2.wgt.RDat	ENSG00000216775.2	6	52665273	52665274	0.321	rs2268740	5.63	rs7762854	0.194671	4.7	-0.72081	579	21	enet	0.093	0.00083	-0.7651	0.444
Uterus	/media/kame/Data/_workings/resource/GTEv8//GTExv8.EUR.Uterus/ENSG00000271367.1.wgt.RDat	ENSG00000271367.1	6	53350157	53350158	0.295	rs9382243	6.82	rs2397147	0.013463	-3.34	1.05584	566	59	enet	-0.0083	0.72	0.5171	0.605
Uterus	/media/kame/Data/_workings/resource/GTEv8//GTExv8.EUR.Uterus/ENSG00000124749.16.wgt.RDat	ENSG00000124749.16	6	56394093	56394094	0.366	rs9475718	-2.94	rs1474698	0.049943	-4.31	0.01451	420	26	enet	0.053	0.0099	0.1863	0.852
Uterus	/media/kame/Data/_workings/resource/GTEv8//GTExv8.EUR.Uterus/ENSG00000151917.17.wgt.RDat	ENSG00000151917.17	6	56955125	56955126	0.427	rs3800018	-4.67	rs2817573	0.275241	-5.92	-0.27333	279	25	enet	0.26	1.1e-08	-0.5963	0.551
Uterus	/media/kame/Data/_workings/resource/GTEv8//GTExv8.EUR.Uterus/ENSG00000168116.13.wgt.RDat	ENSG00000168116.13	6	57046531	57046532	0.231	rs3800018	-4.67	rs1157713	0.161794	-4.41	0.39851	249	27	enet	0.12	0.00013	0.0535	0.957
Uterus	/media/kame/Data/_workings/resource/GTEv8//GTExv8.EUR.Uterus/ENSG00000272541.1.wgt.RDat	ENSG00000272541.1	6	57856467	57856468	0.704	rs12663198	2.43	rs2012049	0.615263	8.14	0.83342	89	18	enet	0.61	2.6e-23	0.8695	0.385
Uterus	/media/kame/Data/_workings/resource/GTEv8//GTExv8.EUR.Uterus/ENSG00000272316.1.wgt.RDat	ENSG00000272316.1	6	57913910	57913911	0.229	rs12663198	2.43	rs2012049	0.220672	-5.09	0.83342	99	3	enet	0.21	4.1e-07	-0.9156	0.36
Uterus	/media/kame/Data/_workings/resource/GTEv8//GTExv8.EUR.Uterus/ENSG00000239650.4.wgt.RDat	ENSG00000239650.4	6	57930290	57930291	0.264	rs12663198	2.43	rs2012049	0.148139	-4.53	0.83342	99	10	enet	0.11	0.00039	-0.6108	0.541
Uterus	/media/kame/Data/_workings/resource/GTEv8//GTExv8.EUR.Uterus/ENSG00000215190.9.wgt.RDat	ENSG00000215190.9	6	57961500	57961501	0.74	rs12663198	2.43	rs2012049	0.494974	7.34	0.83342	100	22	enet	0.52	1.3e-18	-0.2438	0.807
Uterus	/media/kame/Data/_workings/resource/GTEv8//GTExv8.EUR.Uterus/ENSG00000135298.13.wgt.RDat	ENSG00000135298.13	6	68635366	68635367	0.222	rs994380	10.19	rs2603688	-0.001443	-3.75	0.06867	434	23	enet	0.016	0.1	-2.2122	0.027
Uterus	/media/kame/Data/_workings/resource/GTEv8//GTExv8.EUR.Uterus/ENSG00000271967.1.wgt.RDat	ENSG00000271967.1	6	70596437	70596438	0.329	rs2460696	-6.78	rs12198920	0.047013	-3.97	0.56657	483	10	enet	0.061	0.0058	0.2189	0.827
Uterus	/media/kame/Data/_workings/resource/GTEv8//GTExv8.EUR.Uterus/ENSG00000112309.10.wgt.RDat	ENSG00000112309.10	6	70957037	70957038	0.184	rs2460696	-6.78	rs576516	0.027566	3.58	0.1115	413	37	enet	0.053	0.01	-0.8609	0.389
Uterus	/media/kame/Data/_workings/resource/GTEv8//GTExv8.EUR.Uterus/ENSG00000146243.13.wgt.RDat	ENSG00000146243.13	6	78867471	78867472	0.157	rs7738508	-4.04	rs10455120	0.117155	4.36	0.29248	375	9	enet	0.091	0.00095	1.4197	0.156
Uterus	/media/kame/Data/_workings/resource/GTEv8//GTExv8.EUR.Uterus/ENSG00000135324.5.wgt.RDat	ENSG00000135324.5	6	84033755	84033756	0.416	rs1883896	4.83	rs1556111	0.095904	4.4	0.27917	363	8	enet	0.084	0.0015	-0.0434	0.965
Uterus	/media/kame/Data/_workings/resource/GTEv8//GTExv8.EUR.Uterus/ENSG00000203875.10.wgt.RDat	ENSG00000203875.10	6	85678735	85678736	0.432	rs17443200	3.74	rs1059307	0.313584	-6.64	-0.34269	331	8	enet	0.28	3.8e-09	0.3605	0.718
Uterus	/media/kame/Data/_workings/resource/GTEv8//GTExv8.EUR.Uterus/ENSG00000203872.6.wgt.RDat	ENSG00000203872.6	6	87344848	87344849	0.241	rs1590429	6.7	rs411606	0.00937	4.26	2.4253	409	18	enet	0.091	0.00095	1.658	0.0973
Uterus	/media/kame/Data/_workings/resource/GTEv8//GTExv8.EUR.Uterus/ENSG00000172469.15.wgt.RDat	ENSG00000172469.15	6	95577542	95577543	0.364	rs1325065	-6.44	rs11153257	0.084081	4.2	-0.00206	287	25	enet	0.033	0.035	-0.3227	0.747
Uterus	/media/kame/Data/_workings/resource/GTEv8//GTExv8.EUR.Uterus/ENSG00000123545.5.wgt.RDat	ENSG00000123545.5	6	96897880	96897881	0.323	rs1206149	-6.03	rs6568649	0.186582	5.02	0.65594	405	19	enet	0.15	2.4e-05	0.3427	0.732
Uterus	/media/kame/Data/_workings/resource/GTEv8//GTExv8.EUR.Uterus/ENSG00000228506.1.wgt.RDat	ENSG00000228506.1	6	99424921	99424922	0.556	rs2252933	6.82	rs6923983	0.503589	7.52	-3.19183	473	23	enet	0.52	1.5e-18	-2.7041	0.00685
Uterus	/media/kame/Data/_workings/resource/GTEv8//GTExv8.EUR.Uterus/ENSG00000219755.1.wgt.RDat	ENSG00000219755.1	6	99575711	99575712	0.456	rs4840096	-6.58	rs170710	0.337695	-6.34	-1.61023	444	16	enet	0.27	4.5e-09	1.6263	0.104
Uterus	/media/kame/Data/_workings/resource/GTEv8//GTExv8.EUR.Uterus/ENSG00000279170.1.wgt.RDat	ENSG00000279170.1	6	99587610	99587611	0.209	rs4840096	-6.58	rs170710	0.205223	-4.76	-1.61023	438	24	enet	0.17	4.9e-06	1.5829	0.113
Uterus	/media/kame/Data/_workings/resource/GTEv8//GTExv8.EUR.Uterus/ENSG00000130348.11.wgt.RDat	ENSG00000130348.11	6	106629577	106629578	0.546	rs12199744	-3.09	rs2054365	0.308198	-5.83	-0.13519	506	50	enet	0.25	2.2e-08	0.792	0.428
Uterus	/media/kame/Data/_workings/resource/GTEv8//GTExv8.EUR.Uterus/ENSG00000229654.1.wgt.RDat	ENSG00000229654.1	6	106695534	106695535	0.435	rs12199744	-3.09	rs3121445	0.283034	5.59	0.04584	497	12	enet	0.23	1.3e-07	-0.1704	0.865
Uterus	/media/kame/Data/_workings/resource/GTEv8//GTExv8.EUR.Uterus/ENSG00000164494.11.wgt.RDat	ENSG00000164494.11	6	107459563	107459564	0.281	rs7757683	3.94	rs7774958	0.11212	4.15	0.13173	426	17	enet	0.019	0.084	1.2587	0.208
Uterus	/media/kame/Data/_workings/resource/GTEv8//GTExv8.EUR.Uterus/ENSG00000280135.1.wgt.RDat	ENSG00000280135.1	6	107700217	107700218	0.394	rs9486829	4.17	rs6568497	0.076009	4.11	3.91397	432	31	enet	0.044	0.017	1.6265	0.104
Uterus	/media/kame/Data/_workings/resource/GTEv8//GTExv8.EUR.Uterus/ENSG00000203799.12.wgt.RDat	ENSG00000203799.12	6	109165830	109165831	0.426	rs9386797	4.57	rs1341270	0.14574	4.78	-0.07674	413	13	enet	0.12	0.00017	-0.3175	0.751
Uterus	/media/kame/Data/_workings/resource/GTEv8//GTExv8.EUR.Uterus/ENSG00000260273.1.wgt.RDat	ENSG00000260273.1	6	109382794	109382795	0.146	rs9386797	4.57	rs3757237	-0.003766	3.53	0.57154	371	12	enet	0.0035	0.24	0.1076	0.914
Uterus	/media/kame/Data/_workings/resource/GTEv8//GTExv8.EUR.Uterus/ENSG00000135587.8.wgt.RDat	ENSG00000135587.8	6	109441356	109441357	0.142	rs9386797	4.57	rs2275650	0.096878	4.18	1.65955	372	17	enet	0.056	0.0083	2.0989	0.0358
Uterus	/media/kame/Data/_workings/resource/GTEv8//GTExv8.EUR.Uterus/ENSG00000255389.1.wgt.RDat	ENSG00000255389.1	6	111599874	111599875	0.651	rs1794821	4.01	rs13210247	0.151078	-5.19	0.10598	432	41	enet	0.37	1.6e-12	0.4342	0.664
Uterus	/media/kame/Data/_workings/resource/GTEv8//GTExv8.EUR.Uterus/ENSG00000249853.7.wgt.RDat	ENSG00000249853.7	6	114343044	114343045	0.224	rs9481476	-8.06	rs9372400	-0.001492	3.48	1.1508	348	17	enet	-0.0013	0.36	-0.0936	0.925
Uterus	/media/kame/Data/_workings/resource/GTEv8//GTExv8.EUR.Uterus/ENSG00000237021.2.wgt.RDat	ENSG00000237021.2	6	116254295	116254296	0.297	rs1204850	9.11	rs11752488	0.179957	4.73	-0.2961	369	19	enet	0.11	0.00037	-0.3838	0.701
Uterus	/media/kame/Data/_workings/resource/GTEv8//GTExv8.EUR.Uterus/ENSG00000178033.5.wgt.RDat	ENSG00000178033.5	6	116511645	116511646	0.187	rs1204850	9.11	rs980214	0.032836	4.06	0.06096	365	31	enet	0.044	0.017	0.1448	0.885
Uterus	/media/kame/Data/_workings/resource/GTEv8//GTExv8.EUR.Uterus/ENSG00000169075.7.wgt.RDat	ENSG00000169075.7	6	118501429	118501430	0.238	rs6900050	6.08	rs4946385	-0.005862	-3.31	-1.68265	364	39	enet	0.036	0.029	-0.2941	0.769
Uterus	/media/kame/Data/_workings/resource/GTEv8//GTExv8.EUR.Uterus/ENSG00000217330.1.wgt.RDat	ENSG00000217330.1	6	118589069	118589070	0.194	rs6900050	6.08	rs17227124	0.006566	4.11	-0.3445	363	48	enet	0.017	0.096	0.3304	0.741
Uterus	/media/kame/Data/_workings/resource/GTEv8//GTExv8.EUR.Uterus/ENSG00000279453.1.wgt.RDat	ENSG00000279453.1	6	122439222	122439223	0.266	rs9388103	4.75	rs2684241	-0.005024	2.86	0.96333	432	13	enet	-0.0013	0.35	0.4616	0.644
Uterus	/media/kame/Data/_workings/resource/GTEv8//GTExv8.EUR.Uterus/ENSG00000112299.7.wgt.RDat	ENSG00000112299.7	6	132714048	132714049	0.261	rs4895936	-5.24	rs2745426	-0.000507	3.73	-2.45628	509	27	enet	0.077	0.0022	-0.3424	0.732
Uterus	/media/kame/Data/_workings/resource/GTEv8//GTExv8.EUR.Uterus/ENSG00000146409.10.wgt.RDat	ENSG00000146409.10	6	132798552	132798553	0.393	rs4895936	-5.24	rs1128998	0.270104	-5.55	-0.18054	527	18	enet	0.19	1.9e-06	0.1139	0.909
Uterus	/media/kame/Data/_workings/resource/GTEv8//GTExv8.EUR.Uterus/ENSG00000118526.6.wgt.RDat	ENSG00000118526.6	6	133889430	133889431	0.321	rs6921560	5.6	rs969282	0.034341	-4.47	0.14533	422	15	enet	0.16	8.7e-06	0.1291	0.897
Uterus	/media/kame/Data/_workings/resource/GTEv8//GTExv8.EUR.Uterus/ENSG00000227954.6.wgt.RDat	ENSG00000227954.6	6	133891711	133891712	0.533	rs6921560	5.6	rs7745318	0.230219	-5.53	0.22726	421	38	enet	0.25	2.1e-08	-0.9005	0.368
Uterus	/media/kame/Data/_workings/resource/GTEv8//GTExv8.EUR.Uterus/ENSG00000118514.13.wgt.RDat	ENSG00000118514.13	6	134950121	134950122	0.611	rs17063789	-4.36	rs4475342	0.505089	-7.79	-1.05835	388	44	enet	0.53	6.4e-19	0.6472	0.518
Uterus	/media/kame/Data/_workings/resource/GTEv8//GTExv8.EUR.Uterus/ENSG00000232876.1.wgt.RDat	ENSG00000232876.1	6	135055032	135055033	0.415	rs9389295	-3.9	rs4475342	0.296725	-6.34	-1.05835	355	44	enet	0.37	2.1e-12	0.1567	0.875
Uterus	/media/kame/Data/_workings/resource/GTEv8//GTExv8.EUR.Uterus/ENSG00000135541.20.wgt.RDat	ENSG00000135541.20	6	135497775	135497776	0.234	rs7769840	-4.96	rs2207000	0.210837	-4.98	2.61093	354	23	enet	0.22	2.6e-07	-1.0275	0.304
Uterus	/media/kame/Data/_workings/resource/GTEv8//GTExv8.EUR.Uterus/ENSG00000231028.8.wgt.RDat	ENSG00000231028.8	6	135497800	135497801	0.266	rs7769840	-4.96	rs9494332	0.028672	-3.75	-2.00488	354	49	enet	0.0049	0.22	0.9601	0.337
Uterus	/media/kame/Data/_workings/resource/GTEv8//GTExv8.EUR.Uterus/ENSG00000135525.18.wgt.RDat	ENSG00000135525.18	6	136550659	136550660	0.409	rs9402838	3.1	rs9389407	0.005464	-3.84	0.34081	304	73	enet	0.021	0.072	1.2701	0.204
Uterus	/media/kame/Data/_workings/resource/GTEv8//GTExv8.EUR.Uterus/ENSG00000135540.11.wgt.RDat	ENSG00000135540.11	6	138692546	138692547	0.345	rs2473500	-3.73	rs9321661	0.144674	4.82	0.99608	443	10	enet	0.13	8.1e-05	1.1354	0.256
Uterus	/media/kame/Data/_workings/resource/GTEv8//GTExv8.EUR.Uterus/ENSG00000225177.5.wgt.RDat	ENSG00000225177.5	6	138692571	138692572	0.405	rs2473500	-3.73	rs1129180	0.038265	3.79	-0.21023	443	21	enet	0.12	0.00019	0.7535	0.451
Uterus	/media/kame/Data/_workings/resource/GTEv8//GTExv8.EUR.Uterus/ENSG00000279968.1.wgt.RDat	ENSG00000279968.1	6	138773413	138773414	0.547	rs2473500	-3.73	rs6911335	0.008998	-3.84	-0.37549	435	27	enet	0.12	0.00018	0.2581	0.796
Uterus	/media/kame/Data/_workings/resource/GTEv8//GTExv8.EUR.Uterus/ENSG00000164440.14.wgt.RDat	ENSG00000164440.14	6	139292138	139292139	0.415	rs4428519	8.16	rs7746727	0.200419	5.3	0.02504	462	17	enet	0.069	0.0037	0.1198	0.905
Uterus	/media/kame/Data/_workings/resource/GTEv8//GTExv8.EUR.Uterus/ENSG00000234147.1.wgt.RDat	ENSG00000234147.1	6	140852923	140852924	0.277	rs1577654	3.49	rs1953635	0.071146	4.37	1.48463	223	22	enet	0.096	0.00066	0.8833	0.377
Uterus	/media/kame/Data/_workings/resource/GTEv8//GTExv8.EUR.Uterus/ENSG00000235652.7.wgt.RDat	ENSG00000235652.7	6	145809777	145809778	0.152	rs1555084	2.4	rs702322	0.072834	4.5	-0.04591	267	16	enet	0.083	0.0016	-0.3273	0.743
Uterus	/media/kame/Data/_workings/resource/GTEv8//GTExv8.EUR.Uterus/ENSG00000111961.17.wgt.RDat	ENSG00000111961.17	6	148342592	148342593	0.344	rs9784873	-7.67	rs83099	-0.007208	-3.33	-0.45249	634	23	enet	0.0088	0.17	0.4616	0.644
Uterus	/media/kame/Data/_workings/resource/GTEv8//GTExv8.EUR.Uterus/ENSG00000231760.4.wgt.RDat	ENSG00000231760.4	6	149799149	149799150	0.522	rs9479658	-6.7	rs35031906	0.428283	6.9	-0.04817	456	31	enet	0.41	9.2e-14	-0.3404	0.734
Uterus	/media/kame/Data/_workings/resource/GTEv8//GTExv8.EUR.Uterus/ENSG00000216906.2.wgt.RDat	ENSG00000216906.2	6	149904242	149904243	0.251	rs9479658	-6.7	rs9383940	0.226609	5.16	1.20111	501	32	enet	0.095	0.00074	1.5331	0.125
Uterus	/media/kame/Data/_workings/resource/GTEv8//GTExv8.EUR.Uterus/ENSG00000112031.15.wgt.RDat	ENSG00000112031.15	6	153002684	153002685	0.603	rs1007783	-4.27	rs6921137	0.511652	7.49	0.33054	523	41	enet	0.47	2.1e-16	-0.0574	0.954
Uterus	/media/kame/Data/_workings/resource/GTEv8//GTExv8.EUR.Uterus/ENSG00000235381.1.wgt.RDat	ENSG00000235381.1	6	155256458	155256459	0.376	rs9397831	4.63	rs6907595	0.087599	5.47	-1.43652	493	10	enet	0.14	4e-05	-1.0884	0.276
Uterus	/media/kame/Data/_workings/resource/GTEv8//GTExv8.EUR.Uterus/ENSG00000026652.13.wgt.RDat	ENSG00000026652.13	6	161274060	161274061	0.337	rs10455880	9.8	rs16892840	-0.007719	3.14	0.03008	613	37	enet	0.0036	0.24	1.3911	0.164
Uterus	/media/kame/Data/_workings/resource/GTEv8//GTExv8.EUR.Uterus/ENSG00000112530.11.wgt.RDat	ENSG00000112530.11	6	162727131	162727132	0.36	rs977024	5.15	rs13202339	0.315109	5.97	0.06392	528	16	enet	0.29	1.4e-09	-0.049	0.961
Uterus	/media/kame/Data/_workings/resource/GTEv8//GTExv8.EUR.Uterus/ENSG00000233231.1.wgt.RDat	ENSG00000233231.1	6	166334567	166334568	0.449	rs2498580	-7.1	rs9366007	0.055981	4.22	-1.15466	727	19	enet	0.13	9.3e-05	-0.9469	0.344
Uterus	/media/kame/Data/_workings/resource/GTEv8//GTExv8.EUR.Uterus/ENSG00000112562.18.wgt.RDat	ENSG00000112562.18	6	168441150	168441151	0.816	rs1532145	5.47	rs16886236	0.470532	-7.12	0.24977	662	37	enet	0.43	1.4e-14	-0.4154	0.678
Uterus	/media/kame/Data/_workings/resource/GTEv8//GTExv8.EUR.Uterus/ENSG00000226194.5.wgt.RDat	ENSG00000226194.5	6	169388384	169388385	0.271	rs3800550	5.02	rs9371114	0.019061	-4.32	0.31346	598	13	enet	0.046	0.015	-0.6179	0.537
Uterus	/media/kame/Data/_workings/resource/GTEv8//GTExv8.EUR.Uterus/ENSG00000130024.14.wgt.RDat	ENSG00000130024.14	6	169724054	169724055	0.147	rs3800550	5.02	rs7767980	0.124575	4.69	0.05355	424	4	enet	0.093	0.00081	-0.0384	0.969
Uterus	/media/kame/Data/_workings/resource/GTEv8//GTExv8.EUR.Uterus/ENSG00000130023.15.wgt.RDat	ENSG00000130023.15	6	169751621	169751622	0.239	rs3800550	5.02	rs7773552	0.143106	4.38	0.11907	424	15	enet	0.099	0.00055	-0.4919	0.623
Uterus	/media/kame/Data/_workings/resource/GTEv8//GTExv8.EUR.Uterus/ENSG00000236173.1.wgt.RDat	ENSG00000236173.1	6	169810101	169810102	0.25	rs3800550	5.02	rs1072852	0.013003	-3.98	0.65262	434	13	enet	0.0096	0.16	0.0266	0.979
Uterus	/media/kame/Data/_workings/resource/GTEv8//GTExv8.EUR.Uterus/ENSG00000229043.2.wgt.RDat	ENSG00000229043.2	7	1160484	1160485	0.575	rs1106296	6.07	rs2949192	0.503	7.6	-0.3272	391	22	enet	0.5	1e-17	0.46798	0.64
Uterus	/media/kame/Data/_workings/resource/GTEv8//GTExv8.EUR.Uterus/ENSG00000178381.11.wgt.RDat	ENSG00000178381.11	7	1160758	1160759	0.306	rs1106296	6.07	rs1543985	0.249	5.88	-0.12234	392	14	enet	0.2	7.5e-07	0.71453	0.475
Uterus	/media/kame/Data/_workings/resource/GTEv8//GTExv8.EUR.Uterus/ENSG00000164880.15.wgt.RDat	ENSG00000164880.15	7	1504366	1504367	0.408	rs11773627	12.98	rs6965558	0.132	4.84	-2.24454	368	21	enet	0.19	1.2e-06	-0.32935	0.742
Uterus	/media/kame/Data/_workings/resource/GTEv8//GTExv8.EUR.Uterus/ENSG00000198517.9.wgt.RDat	ENSG00000198517.9	7	1530713	1530714	0.235	rs11773627	12.98	rs6968630	0.0946	3.94	-0.37538	359	24	enet	0.081	0.0017	-0.56708	0.571
Uterus	/media/kame/Data/_workings/resource/GTEv8//GTExv8.EUR.Uterus/ENSG00000106012.17.wgt.RDat	ENSG00000106012.17	7	2558971	2558972	0.415	rs6461115	11.89	rs6959481	-0.00413	3.91	0.71462	477	31	enet	0.068	0.0039	1.1186	0.263
Uterus	/media/kame/Data/_workings/resource/GTEv8//GTExv8.EUR.Uterus/ENSG00000146535.13.wgt.RDat	ENSG00000146535.13	7	2844323	2844324	0.447	rs12535865	-9.79	rs798554	-0.0088	4.27	3.34449	554	64	enet	0.07	0.0033	3.92077	8.83e-05
Uterus	/media/kame/Data/_workings/resource/GTEv8//GTExv8.EUR.Uterus/ENSG00000196204.11.wgt.RDat	ENSG00000196204.11	7	4973987	4973988	0.558	rs4720629	-7.16	rs12671224	0.375	-6.44	0.36235	349	5	enet	0.33	4.6e-11	-0.27676	0.782
Uterus	/media/kame/Data/_workings/resource/GTEv8//GTExv8.EUR.Uterus/ENSG00000122674.11.wgt.RDat	ENSG00000122674.11	7	5898733	5898734	0.417	rs4720629	-7.16	rs6975026	0.254	5.47	0.21845	342	64	enet	0.23	7.5e-08	0.63584	0.525
Uterus	/media/kame/Data/_workings/resource/GTEv8//GTExv8.EUR.Uterus/ENSG00000122512.14.wgt.RDat	ENSG00000122512.14	7	6009124	6009125	0.24	rs10255662	-5.84	rs17409602	0.0891	-4.17	-0.23367	343	18	enet	0.13	8.8e-05	1.06055	0.289
Uterus	/media/kame/Data/_workings/resource/GTEv8//GTExv8.EUR.Uterus/ENSG00000164535.14.wgt.RDat	ENSG00000164535.14	7	6448011	6448012	0.453	rs10255662	-5.84	rs12537894	0.348	6.36	-0.39058	302	12	enet	0.26	9.2e-09	-0.34432	0.731
Uterus	/media/kame/Data/_workings/resource/GTEv8//GTExv8.EUR.Uterus/ENSG00000187953.10.wgt.RDat	ENSG00000187953.10	7	6710127	6710128	0.338	rs10255662	-5.84	rs2246223	0.203	4.76	0.65132	314	11	enet	0.16	1.4e-05	0.42131	0.674
Uterus	/media/kame/Data/_workings/resource/GTEv8//GTExv8.EUR.Uterus/ENSG00000106392.10.wgt.RDat	ENSG00000106392.10	7	7156933	7156934	0.598	rs7780273	4.1	rs13226913	0.213	5.67	2.71899	461	16	enet	0.31	2.3e-10	1.13631	0.256
Uterus	/media/kame/Data/_workings/resource/GTEv8//GTExv8.EUR.Uterus/ENSG00000146530.11.wgt.RDat	ENSG00000146530.11	7	12403940	12403941	0.215	rs1100135	-5.64	rs2192838	0.0529	-4.34	-0.54324	611	13	enet	0.077	0.0022	-1.43987	0.15
Uterus	/media/kame/Data/_workings/resource/GTEv8//GTExv8.EUR.Uterus/ENSG00000187546.13.wgt.RDat	ENSG00000187546.13	7	15562014	15562015	0.449	rs6968544	6.03	rs17168892	0.0015	3.86	0.34703	521	22	enet	0.053	0.0098	1.21701	0.224
Uterus	/media/kame/Data/_workings/resource/GTEv8//GTExv8.EUR.Uterus/ENSG00000271133.5.wgt.RDat	ENSG00000271133.5	7	20329781	20329782	0.43	rs10256769	5.67	rs3757724	0.361	-6.29	0.18207	526	11	enet	0.17	7.9e-06	-0.18449	0.854
Uterus	/media/kame/Data/_workings/resource/GTEv8//GTExv8.EUR.Uterus/ENSG00000179428.2.wgt.RDat	ENSG00000179428.2	7	22726704	22726705	0.329	rs11770879	6.99	rs1800797	0.119	4.46	1.0327	508	11	enet	-0.009	0.81	2.04262	0.0411
Uterus	/media/kame/Data/_workings/resource/GTEv8//GTExv8.EUR.Uterus/ENSG00000230658.1.wgt.RDat	ENSG00000230658.1	7	23105702	23105703	0.67	rs11770879	6.99	rs7341483	0.603	8.32	1.50243	403	23	enet	0.59	1.7e-22	1.24957	0.211
Uterus	/media/kame/Data/_workings/resource/GTEv8//GTExv8.EUR.Uterus/ENSG00000122550.17.wgt.RDat	ENSG00000122550.17	7	23105757	23105758	0.165	rs11770879	6.99	rs10256996	0.186	4.55	-0.00614	403	5	enet	0.085	0.0014	0.04432	0.965
Uterus	/media/kame/Data/_workings/resource/GTEv8//GTExv8.EUR.Uterus/ENSG00000136243.16.wgt.RDat	ENSG00000136243.16	7	23181826	23181827	0.167	rs11770879	6.99	rs200717	0.0698	-4.49	0.21383	400	16	enet	0.083	0.0016	-1.54513	0.122
Uterus	/media/kame/Data/_workings/resource/GTEv8//GTExv8.EUR.Uterus/ENSG00000226816.2.wgt.RDat	ENSG00000226816.2	7	23206012	23206013	0.244	rs11770879	6.99	rs6967475	0.0386	4.29	1.67814	403	32	enet	0.068	0.0039	1.07818	0.281
Uterus	/media/kame/Data/_workings/resource/GTEv8//GTExv8.EUR.Uterus/ENSG00000105926.15.wgt.RDat	ENSG00000105926.15	7	24573267	24573268	0.285	rs17327167	6.61	rs2721808	0.0351	-4.13	3.90618	626	10	enet	0.011	0.14	-3.5572	0.000375
Uterus	/media/kame/Data/_workings/resource/GTEv8//GTExv8.EUR.Uterus/ENSG00000105928.13.wgt.RDat	ENSG00000105928.13	7	24758112	24758113	0.332	rs17327167	6.61	rs754555	0.0501	-4.12	4.14463	614	54	enet	0.0099	0.15	-1.80593	0.0709
Uterus	/media/kame/Data/_workings/resource/GTEv8//GTExv8.EUR.Uterus/ENSG00000233429.9.wgt.RDat	ENSG00000233429.9	7	27096093	27096094	0.344	rs16874272	4.52	rs706017	0.204	5.2	1.54452	420	9	enet	0.13	6.3e-05	1.02765	0.304
Uterus	/media/kame/Data/_workings/resource/GTEv8//GTExv8.EUR.Uterus/ENSG00000106069.21.wgt.RDat	ENSG00000106069.21	7	29122273	29122274	0.445	rs10241267	5.47	rs12537629	0.0413	3.8	1.37508	720	5	enet	-0.0018	0.37	0.81618	0.414
Uterus	/media/kame/Data/_workings/resource/GTEv8//GTExv8.EUR.Uterus/ENSG00000106066.14.wgt.RDat	ENSG00000106066.14	7	29195450	29195451	0.279	rs10241267	5.47	rs323201	0.0058	-4.04	-0.522	688	28	enet	0.063	0.0054	0.59214	0.554
Uterus	/media/kame/Data/_workings/resource/GTEv8//GTExv8.EUR.Uterus/ENSG00000223813.2.wgt.RDat	ENSG00000223813.2	7	29563669	29563670	0.533	rs10241267	5.47	rs17754241	0.176	4.54	-0.61604	626	12	enet	0.12	0.00011	-0.24569	0.806
Uterus	/media/kame/Data/_workings/resource/GTEv8//GTExv8.EUR.Uterus/ENSG00000244480.1.wgt.RDat	ENSG00000244480.1	7	30524534	30524535	0.387	rs7794503	-5.41	rs38478	0.0854	4.66	-0.986	456	31	enet	0.11	0.00037	-0.22022	0.826
Uterus	/media/kame/Data/_workings/resource/GTEv8//GTExv8.EUR.Uterus/ENSG00000196295.11.wgt.RDat	ENSG00000196295.11	7	30585971	30585972	0.749	rs12670991	5.63	rs38487	0.568	7.78	0.00362	462	9	enet	0.49	4.3e-17	-0.19579	0.845
Uterus	/media/kame/Data/_workings/resource/GTEv8//GTExv8.EUR.Uterus/ENSG00000106113.18.wgt.RDat	ENSG00000106113.18	7	30689283	30689284	0.348	rs12670991	5.63	rs24003	0.302	-6.14	0.35974	466	8	enet	0.23	1e-07	-0.21508	0.83
Uterus	/media/kame/Data/_workings/resource/GTEv8//GTExv8.EUR.Uterus/ENSG00000180347.13.wgt.RDat	ENSG00000180347.13	7	31514070	31514071	0.474	rs12670991	5.63	rs6462302	0.0125	3.53	-0.10907	596	32	enet	0.12	0.00016	-1.18661	0.235
Uterus	/media/kame/Data/_workings/resource/GTEv8//GTExv8.EUR.Uterus/ENSG00000229358.3.wgt.RDat	ENSG00000229358.3	7	32755407	32755408	0.302	rs716500	12.88	rs6462381	0.151	-5.07	4.30431	414	22	enet	0.13	8.6e-05	-3.87229	0.000108
Uterus	/media/kame/Data/_workings/resource/GTEv8//GTExv8.EUR.Uterus/ENSG00000231952.3.wgt.RDat	ENSG00000231952.3	7	32812756	32812757	0.209	rs716500	12.88	rs11980863	0.0505	4.06	0.21835	389	54	enet	0.099	0.00057	-2.50235	0.0123
Uterus	/media/kame/Data/_workings/resource/GTEv8//GTExv8.EUR.Uterus/ENSG00000122642.10.wgt.RDat	ENSG00000122642.10	7	32957403	32957404	0.322	rs4723212	10.49	rs16879126	0.018	3.8	1.49879	328	36	enet	0.044	0.017	-4.15938	3.19e-05
Uterus	/media/kame/Data/_workings/resource/GTEv8//GTExv8.EUR.Uterus/ENSG00000122643.18.wgt.RDat	ENSG00000122643.18	7	33062796	33062797	0.246	rs4723212	10.49	rs4720093	0.105	4.19	-0.90694	339	41	enet	0.11	0.00029	-2.1067	0.0351
Uterus	/media/kame/Data/_workings/resource/GTEv8//GTExv8.EUR.Uterus/ENSG00000271122.1.wgt.RDat	ENSG00000271122.1	7	35695213	35695214	0.289	rs12701423	-3.65	rs2305333	0.189	-5.29	0.03472	539	23	enet	0.21	5.2e-07	-0.54708	0.584
Uterus	/media/kame/Data/_workings/resource/GTEv8//GTExv8.EUR.Uterus/ENSG00000211695.2.wgt.RDat	ENSG00000211695.2	7	38318860	38318861	0.371	rs6945492	-6.98	rs1524070	0.00113	-3.54	-0.5897	653	49	enet	0.021	0.072	0.42658	0.67
Uterus	/media/kame/Data/_workings/resource/GTEv8//GTExv8.EUR.Uterus/ENSG00000106603.18.wgt.RDat	ENSG00000106603.18	7	43729716	43729717	0.202	rs1181592	8.43	rs10233697	0.0794	4.1	4.51539	406	27	enet	0.0088	0.17	3.03865	0.00238
Uterus	/media/kame/Data/_workings/resource/GTEv8//GTExv8.EUR.Uterus/ENSG00000241057.2.wgt.RDat	ENSG00000241057.2	7	43973322	43973323	0.523	rs1181592	8.43	rs10229021	0.22	5.18	0.57972	362	9	enet	0.14	4.6e-05	0.1594	0.873
Uterus	/media/kame/Data/_workings/resource/GTEv8//GTExv8.EUR.Uterus/ENSG00000122678.16.wgt.RDat	ENSG00000122678.16	7	44082539	44082540	0.241	rs1181592	8.43	rs4724276	0.00935	-3.47	-0.01926	349	23	enet	0.025	0.058	0.10329	0.918
Uterus	/media/kame/Data/_workings/resource/GTEv8//GTExv8.EUR.Uterus/ENSG00000136274.8.wgt.RDat	ENSG00000136274.8	7	45088913	45088914	0.208	rs3735486	-5.7	rs10807922	0.0383	-3.9	-1.36959	433	26	enet	0.011	0.14	1.74896	0.0803
Uterus	/media/kame/Data/_workings/resource/GTEv8//GTExv8.EUR.Uterus/ENSG00000272556.2.wgt.RDat	ENSG00000272556.2	7	45769104	45769105	0.351	rs1042009	3.95	rs9993	0.381	-6.53	0.41662	399	18	enet	0.37	1.8e-12	-0.43147	0.666
Uterus	/media/kame/Data/_workings/resource/GTEv8//GTExv8.EUR.Uterus/ENSG00000132436.11.wgt.RDat	ENSG00000132436.11	7	50450389	50450390	0.545	rs2045369	5.65	rs12719019	0.358	6.68	-1.47147	504	18	enet	0.38	7.7e-13	-0.10087	0.92
Uterus	/media/kame/Data/_workings/resource/GTEv8//GTExv8.EUR.Uterus/ENSG00000132432.13.wgt.RDat	ENSG00000132432.13	7	54759973	54759974	0.343	rs11976065	5.84	rs2699201	0.0852	-4.62	-0.7061	490	29	enet	0.11	0.00029	-0.299	0.765
Uterus	/media/kame/Data/_workings/resource/GTEv8//GTExv8.EUR.Uterus/ENSG00000226278.1.wgt.RDat	ENSG00000226278.1	7	55764796	55764797	0.817	rs12114015	-5.41	rs11982736	0.664	8.4	2.00664	352	36	enet	0.64	1.4e-25	1.2659	0.206
Uterus	/media/kame/Data/_workings/resource/GTEv8//GTExv8.EUR.Uterus/ENSG00000178665.14.wgt.RDat	ENSG00000178665.14	7	55887474	55887475	0.434	rs12114015	-5.41	rs11238386	0.00402	3.72	-2.89734	318	45	enet	0.12	2e-04	-0.51684	0.605
Uterus	/media/kame/Data/_workings/resource/GTEv8//GTExv8.EUR.Uterus/ENSG00000146733.13.wgt.RDat	ENSG00000146733.13	7	56051603	56051604	0.173	rs12114015	-5.41	rs11982736	0.227	5.07	2.00664	277	6	enet	0.14	4.3e-05	1.80033	0.0718
Uterus	/media/kame/Data/_workings/resource/GTEv8//GTExv8.EUR.Uterus/ENSG00000185290.3.wgt.RDat	ENSG00000185290.3	7	56116399	56116400	0.59	rs12114015	-5.41	rs11982736	0.517	7.42	2.00664	276	9	enet	0.52	1.7e-18	1.32017	0.187
Uterus	/media/kame/Data/_workings/resource/GTEv8//GTExv8.EUR.Uterus/ENSG00000260653.5.wgt.RDat	ENSG00000260653.5	7	57404770	57404771	0.203	rs6557555	2.61	rs2944277	0.111	-3.92	-0.91736	175	9	enet	0.13	6.4e-05	0.55599	0.578
Uterus	/media/kame/Data/_workings/resource/GTEv8//GTExv8.EUR.Uterus/ENSG00000228014.1.wgt.RDat	ENSG00000228014.1	7	64469184	64469185	0.192	rs6972180	5.16	rs6967116	0.114	4.29	0.65987	322	33	enet	0.047	0.014	0.00675	0.995
Uterus	/media/kame/Data/_workings/resource/GTEv8//GTExv8.EUR.Uterus/ENSG00000228653.2.wgt.RDat	ENSG00000228653.2	7	64500824	64500825	0.23	rs6972180	5.16	rs34764583	0.136	4.98	1.54752	328	8	enet	0.13	7.4e-05	0.7402	0.459
Uterus	/media/kame/Data/_workings/resource/GTEv8//GTExv8.EUR.Uterus/ENSG00000196247.11.wgt.RDat	ENSG00000196247.11	7	64666082	64666083	0.557	rs6972180	5.16	rs6973516	0.25	6.15	0.19469	284	29	enet	0.38	1.1e-12	-0.35813	0.72
Uterus	/media/kame/Data/_workings/resource/GTEv8//GTExv8.EUR.Uterus/ENSG00000182722.5.wgt.RDat	ENSG00000182722.5	7	64853353	64853354	0.419	rs6972180	5.16	rs7809177	0.383	6.44	1.69738	266	24	enet	0.31	2.6e-10	1.24971	0.211
Uterus	/media/kame/Data/_workings/resource/GTEv8//GTExv8.EUR.Uterus/ENSG00000213640.3.wgt.RDat	ENSG00000213640.3	7	64862998	64862999	0.682	rs6972180	5.16	rs2863927	0.619	8.2	1.745	262	22	enet	0.57	2.6e-21	1.60905	0.108
Uterus	/media/kame/Data/_workings/resource/GTEv8//GTExv8.EUR.Uterus/ENSG00000189316.3.wgt.RDat	ENSG00000189316.3	7	64890099	64890100	0.131	rs6972180	5.16	rs13236784	0.0626	3.68	0.05836	254	33	enet	0.018	0.09	-0.41998	0.675
Uterus	/media/kame/Data/_workings/resource/GTEv8//GTExv8.EUR.Uterus/ENSG00000152926.14.wgt.RDat	ENSG00000152926.14	7	64990807	64990808	0.27	rs6972180	5.16	rs6956537	0.106	4.29	0.48155	257	24	enet	0.12	0.00019	-0.2425	0.808
Uterus	/media/kame/Data/_workings/resource/GTEv8//GTExv8.EUR.Uterus/ENSG00000213462.4.wgt.RDat	ENSG00000213462.4	7	65006742	65006743	0.307	rs6972180	5.16	rs2140724	0.0619	-4.53	-0.27726	253	27	enet	0.18	2.6e-06	-0.36592	0.714
Uterus	/media/kame/Data/_workings/resource/GTEv8//GTExv8.EUR.Uterus/ENSG00000234585.6.wgt.RDat	ENSG00000234585.6	7	65038359	65038360	0.546	rs6972180	5.16	rs6965753	0.517	7.53	-0.19036	245	17	enet	0.49	3.5e-17	-0.18065	0.857
Uterus	/media/kame/Data/_workings/resource/GTEv8//GTExv8.EUR.Uterus/ENSG00000227113.2.wgt.RDat	ENSG00000227113.2	7	65075022	65075023	0.289	rs6972180	5.16	rs517258	0.337	6.59	-0.02207	231	23	enet	0.33	4.6e-11	0.02739	0.978
Uterus	/media/kame/Data/_workings/resource/GTEv8//GTExv8.EUR.Uterus/ENSG00000226002.1.wgt.RDat	ENSG00000226002.1	7	65084102	65084103	0.508	rs6972180	5.16	rs7800787	0.389	6.48	-0.09444	231	37	enet	0.36	5.9e-12	-0.2908	0.771
Uterus	/media/kame/Data/_workings/resource/GTEv8//GTExv8.EUR.Uterus/ENSG00000164669.12.wgt.RDat	ENSG00000164669.12	7	65141224	65141225	0.416	rs6972180	5.16	rs6965753	0.42	-7.33	-0.19036	212	31	enet	0.43	1.6e-14	-0.0972	0.923
Uterus	/media/kame/Data/_workings/resource/GTEv8//GTExv8.EUR.Uterus/ENSG00000272693.3.wgt.RDat	ENSG00000272693.3	7	65770809	65770810	0.265	rs420880	3.45	rs4718248	0.0622	3.69	-1.38851	201	11	enet	0.13	6.6e-05	-0.43718	0.662
Uterus	/media/kame/Data/_workings/resource/GTEv8//GTExv8.EUR.Uterus/ENSG00000237310.1.wgt.RDat	ENSG00000237310.1	7	66493705	66493706	0.133	rs420880	3.45	rs1065265	0.0739	3.74	0.21658	240	14	enet	0.083	0.0015	0.04901	0.961
Uterus	/media/kame/Data/_workings/resource/GTEv8//GTExv8.EUR.Uterus/ENSG00000179342.4.wgt.RDat	ENSG00000179342.4	7	66506222	66506223	0.148	rs420880	3.45	rs6946143	0.0388	-3.28	-0.19879	244	36	enet	0.026	0.051	0.28226	0.778
Uterus	/media/kame/Data/_workings/resource/GTEv8//GTExv8.EUR.Uterus/ENSG00000226824.6.wgt.RDat	ENSG00000226824.6	7	66654537	66654538	0.596	rs6972813	-2.99	rs6958520	0.447	6.93	0.58431	233	18	enet	0.42	4.2e-14	0.31449	0.753
Uterus	/media/kame/Data/_workings/resource/GTEv8//GTExv8.EUR.Uterus/ENSG00000232546.1.wgt.RDat	ENSG00000232546.1	7	66848495	66848496	0.208	rs6972813	-2.99	rs4718424	0.183	-4.52	0.21436	210	12	enet	0.078	0.002	0.18006	0.857
Uterus	/media/kame/Data/_workings/resource/GTEv8//GTExv8.EUR.Uterus/ENSG00000230295.1.wgt.RDat	ENSG00000230295.1	7	66880707	66880708	0.2	rs11760794	-4.49	rs4718424	0.143	-4.1	0.21436	213	22	enet	0.07	0.0034	-0.07578	0.94
Uterus	/media/kame/Data/_workings/resource/GTEv8//GTExv8.EUR.Uterus/ENSG00000273142.1.wgt.RDat	ENSG00000273142.1	7	66902856	66902857	0.567	rs11760794	-4.49	rs11028	0.269	-5.61	0.23361	226	26	enet	0.27	4.9e-09	-0.36994	0.711
Uterus	/media/kame/Data/_workings/resource/GTEv8//GTExv8.EUR.Uterus/ENSG00000198874.12.wgt.RDat	ENSG00000198874.12	7	66995172	66995173	0.137	rs4993699	5.47	rs4295533	0.032	3.48	-1.08154	252	23	enet	0.016	0.1	-1.63069	0.103
Uterus	/media/kame/Data/_workings/resource/GTEv8//GTExv8.EUR.Uterus/ENSG00000106610.14.wgt.RDat	ENSG00000106610.14	7	67305986	67305987	0.512	rs7782163	11.21	rs13230948	0.342	-6.29	-0.89743	364	21	enet	0.32	1e-10	1.208	0.227
Uterus	/media/kame/Data/_workings/resource/GTEv8//GTExv8.EUR.Uterus/ENSG00000273448.1.wgt.RDat	ENSG00000273448.1	7	67333046	67333047	0.551	rs7797476	-10.46	rs7804537	0.426	6.8	-2.39416	364	21	enet	0.37	3.3e-12	-2.63967	0.0083
Uterus	/media/kame/Data/_workings/resource/GTEv8//GTExv8.EUR.Uterus/ENSG00000235475.1.wgt.RDat	ENSG00000235475.1	7	67335975	67335976	0.195	rs7797476	-10.46	rs2537522	0.144	-4.66	-0.18925	365	17	enet	0.14	5.4e-05	-0.60725	0.544
Uterus	/media/kame/Data/_workings/resource/GTEv8//GTExv8.EUR.Uterus/ENSG00000277149.4.wgt.RDat	ENSG00000277149.4	7	72828197	72828198	0.683	rs1592903	5.66	rs7792924	0.475	7.19	1.19199	106	34	enet	0.39	3.5e-13	0.56893	0.569
Uterus	/media/kame/Data/_workings/resource/GTEv8//GTExv8.EUR.Uterus/ENSG00000196313.11.wgt.RDat	ENSG00000196313.11	7	72879364	72879365	0.251	rs1592903	5.66	rs3846962	0.158	4.61	0.95502	117	24	enet	0.17	4.6e-06	1.48787	0.137
Uterus	/media/kame/Data/_workings/resource/GTEv8//GTExv8.EUR.Uterus/ENSG00000106133.17.wgt.RDat	ENSG00000106133.17	7	72954789	72954790	0.384	rs7780317	6.18	rs12154743	0.0341	3.53	1.75255	94	18	enet	0.16	8.6e-06	1.32351	0.186
Uterus	/media/kame/Data/_workings/resource/GTEv8//GTExv8.EUR.Uterus/ENSG00000225969.1.wgt.RDat	ENSG00000225969.1	7	73735037	73735038	0.381	rs17145717	8.84	rs4324825	0.299	-5.82	-0.41896	271	17	enet	0.24	6.6e-08	-0.17524	0.861
Uterus	/media/kame/Data/_workings/resource/GTEv8//GTExv8.EUR.Uterus/ENSG00000165171.10.wgt.RDat	ENSG00000165171.10	7	73842534	73842535	0.488	rs17145717	8.84	rs6460056	0.386	6.65	0.51857	291	32	enet	0.33	6.8e-11	0.62075	0.535
Uterus	/media/kame/Data/_workings/resource/GTEv8//GTExv8.EUR.Uterus/ENSG00000049540.16.wgt.RDat	ENSG00000049540.16	7	74027788	74027789	0.42	rs2285025	4.25	rs7778762	0.00717	3.25	0.51535	308	39	enet	0.044	0.017	-0.68227	0.495
Uterus	/media/kame/Data/_workings/resource/GTEv8//GTExv8.EUR.Uterus/ENSG00000196275.13.wgt.RDat	ENSG00000196275.13	7	74851550	74851551	0.608	rs6956055	-4.02	rs13238996	0.383	6.59	-0.06196	94	19	enet	0.42	3.1e-14	-0.11732	0.907
Uterus	/media/kame/Data/_workings/resource/GTEv8//GTExv8.EUR.Uterus/ENSG00000277072.4.wgt.RDat	ENSG00000277072.4	7	74890609	74890610	0.68	rs6956055	-4.02	rs35005436	0.274	5.61	-1.03922	88	22	enet	0.22	1.7e-07	-2.93045	0.00338
Uterus	/media/kame/Data/_workings/resource/GTEv8//GTExv8.EUR.Uterus/ENSG00000123965.13.wgt.RDat	ENSG00000123965.13	7	74894115	74894116	0.565	rs6956055	-4.02	rs35005436	0.228	5.99	-1.03922	88	21	enet	0.39	5.6e-13	-2.19965	0.0278
Uterus	/media/kame/Data/_workings/resource/GTEv8//GTExv8.EUR.Uterus/ENSG00000178809.11.wgt.RDat	ENSG00000178809.11	7	75395434	75395435	0.456	rs3757602	5.12	rs12535057	0.00776	-3.53	0.03459	168	18	enet	0.1	0.00049	-0.55941	0.576
Uterus	/media/kame/Data/_workings/resource/GTEv8//GTExv8.EUR.Uterus/ENSG00000127948.15.wgt.RDat	ENSG00000127948.15	7	75899199	75899200	0.314	rs9800948	10.45	rs10954732	0.0321	4.05	9.01703	309	22	enet	0.066	0.0043	5.79594	6.79e-09
Uterus	/media/kame/Data/_workings/resource/GTEv8//GTExv8.EUR.Uterus/ENSG00000280388.1.wgt.RDat	ENSG00000280388.1	7	76045962	76045963	0.249	rs9800948	10.45	rs6953665	0.0878	-3.99	8.27679	318	46	enet	0.043	0.018	-6.37012	1.89e-10
Uterus	/media/kame/Data/_workings/resource/GTEv8//GTExv8.EUR.Uterus/ENSG00000127952.16.wgt.RDat	ENSG00000127952.16	7	76048003	76048004	0.497	rs9800948	10.45	rs7788926	0.366	6.5	4.03827	313	18	enet	0.36	5.5e-12	3.49741	0.00047
Uterus	/media/kame/Data/_workings/resource/GTEv8//GTExv8.EUR.Uterus/ENSG00000188372.14.wgt.RDat	ENSG00000188372.14	7	76424906	76424907	0.756	rs9800948	10.45	rs34238522	0.409	6.73	-1.16909	220	25	enet	0.49	4.7e-17	0.29085	0.771
Uterus	/media/kame/Data/_workings/resource/GTEv8//GTExv8.EUR.Uterus/ENSG00000243566.6.wgt.RDat	ENSG00000243566.6	7	76510427	76510428	0.21	rs9800948	10.45	rs2286990	0.193	-4.69	0.05634	187	13	enet	0.13	7e-05	0.33544	0.737
Uterus	/media/kame/Data/_workings/resource/GTEv8//GTExv8.EUR.Uterus/ENSG00000205485.13.wgt.RDat	ENSG00000205485.13	7	76549359	76549360	0.242	rs9800948	10.45	rs17718122	0.167	4.77	-1.00306	178	14	enet	0.058	0.007	-1.11482	0.265
Uterus	/media/kame/Data/_workings/resource/GTEv8//GTExv8.EUR.Uterus/ENSG00000146707.14.wgt.RDat	ENSG00000146707.14	7	76625682	76625683	0.665	rs9800948	10.45	rs17718122	0.361	6.47	-1.00306	161	19	enet	0.39	4.1e-13	-1.76051	0.0783
Uterus	/media/kame/Data/_workings/resource/GTEv8//GTExv8.EUR.Uterus/ENSG00000214243.3.wgt.RDat	ENSG00000214243.3	7	76650896	76650897	0.19	rs9800948	10.45	rs804025	0.138	4.63	0.1931	155	8	enet	0.074	0.0027	-0.39246	0.695
Uterus	/media/kame/Data/_workings/resource/GTEv8//GTExv8.EUR.Uterus/ENSG00000186704.9.wgt.RDat	ENSG00000186704.9	7	76978616	76978617	0.43	rs7810561	-5.46	rs7807719	0.173	4.67	0.13162	255	19	enet	0.12	0.00012	0.19001	0.849
Uterus	/media/kame/Data/_workings/resource/GTEv8//GTExv8.EUR.Uterus/ENSG00000241350.1.wgt.RDat	ENSG00000241350.1	7	77011550	77011551	0.604	rs7810561	-5.46	rs2245368	0.314	6.18	0.31079	253	5	enet	0.41	6.7e-14	0.25496	0.799
Uterus	/media/kame/Data/_workings/resource/GTEv8//GTExv8.EUR.Uterus/ENSG00000233448.2.wgt.RDat	ENSG00000233448.2	7	77039943	77039944	0.342	rs7810561	-5.46	rs11768176	0.131	4.61	-0.90487	256	16	enet	0.18	3.3e-06	-0.61708	0.537
Uterus	/media/kame/Data/_workings/resource/GTEv8//GTExv8.EUR.Uterus/ENSG00000214293.8.wgt.RDat	ENSG00000214293.8	7	77696264	77696265	0.428	rs7810561	-5.46	rs10216002	0.285	-5.99	-2.96308	512	62	enet	0.24	3.7e-08	1.98226	0.0475
Uterus	/media/kame/Data/_workings/resource/GTEv8//GTExv8.EUR.Uterus/ENSG00000008277.14.wgt.RDat	ENSG00000008277.14	7	87934142	87934143	0.22	rs3789236	4.81	rs2282948	0.119	-4.7	-0.56873	370	27	enet	0.12	2e-04	0.22565	0.821
Uterus	/media/kame/Data/_workings/resource/GTEv8//GTExv8.EUR.Uterus/ENSG00000235436.10.wgt.RDat	ENSG00000235436.10	7	90119580	90119581	0.206	rs2023739	5.63	rs194537	0.0805	-4.15	-0.43414	468	31	enet	0.031	0.038	0.97417	0.33
Uterus	/media/kame/Data/_workings/resource/GTEv8//GTExv8.EUR.Uterus/ENSG00000157214.13.wgt.RDat	ENSG00000157214.13	7	90167589	90167590	0.256	rs2023739	5.63	rs6975005	0.0638	-4.27	-0.10376	490	22	enet	0.04	0.022	0.48005	0.631
Uterus	/media/kame/Data/_workings/resource/GTEv8//GTExv8.EUR.Uterus/ENSG00000105792.19.wgt.RDat	ENSG00000105792.19	7	90245173	90245174	0.37	rs2023739	5.63	rs177690	-0.00184	4.05	-0.07216	465	38	enet	0.0058	0.21	0.91473	0.36
Uterus	/media/kame/Data/_workings/resource/GTEv8//GTExv8.EUR.Uterus/ENSG00000225498.1.wgt.RDat	ENSG00000225498.1	7	90312495	90312496	0.349	rs2023739	5.63	rs10248104	0.162	-5.16	0.03716	470	20	enet	0.19	1.5e-06	0.58402	0.559
Uterus	/media/kame/Data/_workings/resource/GTEv8//GTExv8.EUR.Uterus/ENSG00000283267.1.wgt.RDat	ENSG00000283267.1	7	90321307	90321308	0.241	rs2023739	5.63	rs1029365	0.109	-4.05	0.21488	469	13	enet	0.018	0.089	0.53188	0.595
Uterus	/media/kame/Data/_workings/resource/GTEv8//GTExv8.EUR.Uterus/ENSG00000105793.15.wgt.RDat	ENSG00000105793.15	7	90335222	90335223	0.35	rs12671169	5.34	rs917660	0.215	-5.13	-1.78088	470	35	enet	0.19	2.1e-06	1.51826	0.129
Uterus	/media/kame/Data/_workings/resource/GTEv8//GTExv8.EUR.Uterus/ENSG00000005421.8.wgt.RDat	ENSG00000005421.8	7	95324706	95324707	0.236	rs1234476	5.82	rs10953143	0.0772	3.83	2.12304	437	42	enet	0.047	0.014	0.89185	0.372
Uterus	/media/kame/Data/_workings/resource/GTEv8//GTExv8.EUR.Uterus/ENSG00000231170.5.wgt.RDat	ENSG00000231170.5	7	95596681	95596682	0.403	rs1234476	5.82	rs3807892	0.291	5.73	2.61022	502	6	enet	0.19	1.5e-06	2.55534	0.0106
Uterus	/media/kame/Data/_workings/resource/GTEv8//GTExv8.EUR.Uterus/ENSG00000272950.1.wgt.RDat	ENSG00000272950.1	7	98322852	98322853	0.599	rs2394824	4.82	rs10953259	0.308	-5.8	0.82627	333	56	enet	0.21	3.7e-07	-1.89748	0.0578
Uterus	/media/kame/Data/_workings/resource/GTEv8//GTExv8.EUR.Uterus/ENSG00000146833.15.wgt.RDat	ENSG00000146833.15	7	99919599	99919600	0.339	rs7788746	4.97	rs2572019	0.306	-6.11	0.60743	265	16	enet	0.18	2.7e-06	-0.62671	0.531
Uterus	/media/kame/Data/_workings/resource/GTEv8//GTExv8.EUR.Uterus/ENSG00000221838.9.wgt.RDat	ENSG00000221838.9	7	100101940	100101941	0.289	rs7788746	4.97	rs4729577	0.232	5.64	0.7084	271	11	enet	0.2	6.9e-07	0.6464	0.518
Uterus	/media/kame/Data/_workings/resource/GTEv8//GTExv8.EUR.Uterus/ENSG00000106290.14.wgt.RDat	ENSG00000106290.14	7	100119566	100119567	0.153	rs7788746	4.97	rs2285886	0.00433	3.61	0.67933	276	14	enet	0.041	0.02	0.31322	0.754
Uterus	/media/kame/Data/_workings/resource/GTEv8//GTExv8.EUR.Uterus/ENSG00000242294.6.wgt.RDat	ENSG00000242294.6	7	100336411	100336412	0.524	rs7788746	4.97	rs11761253	0.491	7.34	0.35291	303	25	enet	0.46	4.1e-16	0.60721	0.544
Uterus	/media/kame/Data/_workings/resource/GTEv8//GTExv8.EUR.Uterus/ENSG00000121716.20.wgt.RDat	ENSG00000121716.20	7	100352175	100352176	0.611	rs7788746	4.97	rs6946768	0.507	7.39	0.42006	292	15	enet	0.48	5.5e-17	0.39909	0.69
Uterus	/media/kame/Data/_workings/resource/GTEv8//GTExv8.EUR.Uterus/ENSG00000085514.15.wgt.RDat	ENSG00000085514.15	7	100373444	100373445	0.522	rs7788746	4.97	rs11761253	0.494	7.38	0.35291	300	16	enet	0.44	3.3e-15	0.3381	0.735
Uterus	/media/kame/Data/_workings/resource/GTEv8//GTExv8.EUR.Uterus/ENSG00000077454.15.wgt.RDat	ENSG00000077454.15	7	100586152	100586153	0.403	rs2261360	-3.72	rs11977607	0.0551	4.38	0.10306	301	28	enet	0.049	0.012	0.46297	0.643
Uterus	/media/kame/Data/_workings/resource/GTEv8//GTExv8.EUR.Uterus/ENSG00000087085.13.wgt.RDat	ENSG00000087085.13	7	100896973	100896974	0.286	rs11760595	-3.41	rs6944945	0.013	-3.64	1.77932	355	38	enet	0.14	3.3e-05	0.13947	0.889
Uterus	/media/kame/Data/_workings/resource/GTEv8//GTExv8.EUR.Uterus/ENSG00000106404.13.wgt.RDat	ENSG00000106404.13	7	101238819	101238820	0.24	rs191137	-3.33	rs4729671	0.0154	3.52	0.78045	396	28	enet	0.024	0.058	-0.56447	0.572
Uterus	/media/kame/Data/_workings/resource/GTEv8//GTExv8.EUR.Uterus/ENSG00000214253.8.wgt.RDat	ENSG00000214253.8	7	101252315	101252316	0.36	rs191137	-3.33	rs4729670	0.142	-4.62	-0.10511	394	20	enet	0.086	0.0013	0.38365	0.701
Uterus	/media/kame/Data/_workings/resource/GTEv8//GTExv8.EUR.Uterus/ENSG00000161036.12.wgt.RDat	ENSG00000161036.12	7	102464928	102464929	0.429	rs4989124	4.59	rs4543479	0.266	5.49	1.7163	242	23	enet	0.16	8.9e-06	1.11653	0.264
Uterus	/media/kame/Data/_workings/resource/GTEv8//GTExv8.EUR.Uterus/ENSG00000170667.14.wgt.RDat	ENSG00000170667.14	7	102517780	102517781	0.161	rs4989124	4.59	rs17475512	-0.00951	-3.06	0.43801	238	40	enet	-0.0091	0.83	0.46	0.646
Uterus	/media/kame/Data/_workings/resource/GTEv8//GTExv8.EUR.Uterus/ENSG00000168255.19.wgt.RDat	ENSG00000168255.19	7	102572655	102572656	0.264	rs4989124	4.59	rs16869529	-0.00435	-3.41	1.78237	225	32	enet	-0.0047	0.48	-0.64089	0.522
Uterus	/media/kame/Data/_workings/resource/GTEv8//GTExv8.EUR.Uterus/ENSG00000267368.1.wgt.RDat	ENSG00000267368.1	7	102642790	102642791	0.38	rs4989124	4.59	rs4339567	-0.00788	3.89	0.15371	206	23	enet	0.14	3.3e-05	-0.74668	0.455
Uterus	/media/kame/Data/_workings/resource/GTEv8//GTExv8.EUR.Uterus/ENSG00000228049.7.wgt.RDat	ENSG00000228049.7	7	102671628	102671629	0.427	rs4989124	4.59	rs11981219	0.316	5.94	0.69077	207	16	enet	0.31	2e-10	0.73843	0.46
Uterus	/media/kame/Data/_workings/resource/GTEv8//GTExv8.EUR.Uterus/ENSG00000161040.16.wgt.RDat	ENSG00000161040.16	7	103074842	103074843	0.175	rs2299331	6.36	rs362708	0.07	3.85	4.12552	241	22	enet	0.053	0.01	3.74841	0.000178
Uterus	/media/kame/Data/_workings/resource/GTEv8//GTExv8.EUR.Uterus/ENSG00000241764.3.wgt.RDat	ENSG00000241764.3	7	107744435	107744436	0.57	rs7357192	-6.11	rs739518	0.386	6.7	-0.26349	434	16	enet	0.41	8.2e-14	-0.74288	0.458
Uterus	/media/kame/Data/_workings/resource/GTEv8//GTExv8.EUR.Uterus/ENSG00000177683.13.wgt.RDat	ENSG00000177683.13	7	108569452	108569453	0.376	rs40899	-4.99	rs40928	0.178	4.69	-4.37629	452	15	enet	0.061	0.0058	-3.22358	0.00127
Uterus	/media/kame/Data/_workings/resource/GTEv8//GTExv8.EUR.Uterus/ENSG00000181016.9.wgt.RDat	ENSG00000181016.9	7	112481017	112481018	0.396	rs2074128	-8	rs2074796	0.312	5.87	0.85119	401	13	enet	0.23	1e-07	1.05681	0.291
Uterus	/media/kame/Data/_workings/resource/GTEv8//GTExv8.EUR.Uterus/ENSG00000165055.15.wgt.RDat	ENSG00000165055.15	7	128476728	128476729	0.306	rs1006023	4.93	rs7806863	0.0944	-4.69	-0.50638	373	7	enet	0.09	0.001	0.29753	0.766
Uterus	/media/kame/Data/_workings/resource/GTEv8//GTExv8.EUR.Uterus/ENSG00000280828.1.wgt.RDat	ENSG00000280828.1	7	128533651	128533652	0.441	rs1006023	4.93	rs2402923	0.247	5.36	-1.19289	362	15	enet	0.13	7.8e-05	-1.2656	0.206
Uterus	/media/kame/Data/_workings/resource/GTEv8//GTExv8.EUR.Uterus/ENSG00000281896.1.wgt.RDat	ENSG00000281896.1	7	128617864	128617865	0.522	rs1006023	4.93	rs2402923	0.294	5.84	-1.19289	351	20	enet	0.23	1.3e-07	-1.12449	0.261
Uterus	/media/kame/Data/_workings/resource/GTEv8//GTExv8.EUR.Uterus/ENSG00000243302.3.wgt.RDat	ENSG00000243302.3	7	128651184	128651185	0.433	rs1006023	4.93	rs2402923	0.21	5.11	-1.19289	355	29	enet	0.081	0.0018	-0.78432	0.433
Uterus	/media/kame/Data/_workings/resource/GTEv8//GTExv8.EUR.Uterus/ENSG00000230715.3.wgt.RDat	ENSG00000230715.3	7	128652840	128652841	0.403	rs1006023	4.93	rs2402923	0.274	5.74	-1.19289	355	11	enet	0.17	5.5e-06	-0.93722	0.349
Uterus	/media/kame/Data/_workings/resource/GTEv8//GTExv8.EUR.Uterus/ENSG00000229413.2.wgt.RDat	ENSG00000229413.2	7	128653967	128653968	0.383	rs1006023	4.93	rs2402923	0.17	5.45	-1.19289	354	22	enet	0.14	5.2e-05	-0.80021	0.424
Uterus	/media/kame/Data/_workings/resource/GTEv8//GTExv8.EUR.Uterus/ENSG00000243679.1.wgt.RDat	ENSG00000243679.1	7	128654019	128654020	0.314	rs1006023	4.93	rs2402923	0.134	4.86	-1.19289	354	25	enet	0.076	0.0023	-0.98832	0.323
Uterus	/media/kame/Data/_workings/resource/GTEv8//GTExv8.EUR.Uterus/ENSG00000281490.1.wgt.RDat	ENSG00000281490.1	7	128658790	128658791	0.429	rs1006023	4.93	rs2402923	0.336	6.48	-1.19289	353	20	enet	0.34	3.5e-11	-1.00278	0.316
Uterus	/media/kame/Data/_workings/resource/GTEv8//GTExv8.EUR.Uterus/ENSG00000271553.1.wgt.RDat	ENSG00000271553.1	7	128667042	128667043	0.541	rs1006023	4.93	rs339072	0.137	-4.9	-0.40741	353	20	enet	0.2	1.1e-06	1.12065	0.262
Uterus	/media/kame/Data/_workings/resource/GTEv8//GTExv8.EUR.Uterus/ENSG00000128617.2.wgt.RDat	ENSG00000128617.2	7	128775789	128775790	0.333	rs11771587	-5.07	rs17475665	0.0957	4.48	3.20622	334	34	enet	0.14	3.2e-05	0.78947	0.43
Uterus	/media/kame/Data/_workings/resource/GTEv8//GTExv8.EUR.Uterus/ENSG00000158623.14.wgt.RDat	ENSG00000158623.14	7	130668646	130668647	0.337	rs17165072	7.46	rs7803211	0.0193	-4.13	-0.51266	435	58	enet	0.0026	0.26	-0.73126	0.465
Uterus	/media/kame/Data/_workings/resource/GTEv8//GTExv8.EUR.Uterus/ENSG00000272941.1.wgt.RDat	ENSG00000272941.1	7	135168402	135168403	0.222	rs1862924	5.11	rs10954477	0.0752	4.27	0.48489	453	25	enet	0.08	0.0018	0.17353	0.862
Uterus	/media/kame/Data/_workings/resource/GTEv8//GTExv8.EUR.Uterus/ENSG00000243317.7.wgt.RDat	ENSG00000243317.7	7	135662495	135662496	0.208	rs12536271	-4.82	rs3110823	0.0457	-4.23	-0.33613	457	10	enet	0.031	0.039	0.23022	0.818
Uterus	/media/kame/Data/_workings/resource/GTEv8//GTExv8.EUR.Uterus/ENSG00000273219.1.wgt.RDat	ENSG00000273219.1	7	135704536	135704537	0.357	rs12536271	-4.82	rs3110823	0.197	4.96	-0.33613	459	10	enet	0.14	4.7e-05	0.17468	0.861
Uterus	/media/kame/Data/_workings/resource/GTEv8//GTExv8.EUR.Uterus/ENSG00000164707.15.wgt.RDat	ENSG00000164707.15	7	135729257	135729258	0.39	rs12536271	-4.82	rs6467593	0.138	4.87	-0.0851	465	59	enet	0.11	0.00031	-0.79302	0.428
Uterus	/media/kame/Data/_workings/resource/GTEv8//GTExv8.EUR.Uterus/ENSG00000214102.7.wgt.RDat	ENSG00000214102.7	7	141708352	141708353	0.148	rs12111651	-6.87	rs6971275	0.0247	3.87	-0.16119	447	24	enet	0.0044	0.23	-0.59789	0.55
Uterus	/media/kame/Data/_workings/resource/GTEv8//GTExv8.EUR.Uterus/ENSG00000228775.7.wgt.RDat	ENSG00000228775.7	7	141738319	141738320	0.511	rs12111651	-6.87	rs12540335	0.572	7.87	-0.20767	434	23	enet	0.56	8.7e-21	-0.1445	0.885
Uterus	/media/kame/Data/_workings/resource/GTEv8//GTExv8.EUR.Uterus/ENSG00000127364.3.wgt.RDat	ENSG00000127364.3	7	141778441	141778442	0.54	rs12111651	-6.87	rs17464232	0.506	7.49	-0.22294	476	32	enet	0.5	9e-18	0.24683	0.805
Uterus	/media/kame/Data/_workings/resource/GTEv8//GTExv8.EUR.Uterus/ENSG00000127366.5.wgt.RDat	ENSG00000127366.5	7	141790216	141790217	0.214	rs12111651	-6.87	rs2163953	-8.91e-05	-3.65	-0.00453	472	27	enet	0.0031	0.25	0.98099	0.327
Uterus	/media/kame/Data/_workings/resource/GTEv8//GTExv8.EUR.Uterus/ENSG00000165076.13.wgt.RDat	ENSG00000165076.13	7	141841486	141841487	0.233	rs12111651	-6.87	rs2301924	0.0261	-3.98	-0.09365	459	15	enet	-0.0051	0.5	-0.11407	0.909
Uterus	/media/kame/Data/_workings/resource/GTEv8//GTExv8.EUR.Uterus/ENSG00000257335.8.wgt.RDat	ENSG00000257335.8	7	141907812	141907813	0.215	rs12111651	-6.87	rs6962507	0.215	4.95	-0.00514	470	16	enet	0.19	2.1e-06	0.3127	0.755
Uterus	/media/kame/Data/_workings/resource/GTEv8//GTExv8.EUR.Uterus/ENSG00000273234.1.wgt.RDat	ENSG00000273234.1	7	144142008	144142009	0.202	rs13228908	3.64	rs12703567	0.013	3.46	-0.14638	274	11	enet	-0.002	0.38	-0.33687	0.736
Uterus	/media/kame/Data/_workings/resource/GTEv8//GTExv8.EUR.Uterus/ENSG00000213214.4.wgt.RDat	ENSG00000213214.4	7	144188394	144188395	0.311	rs13228908	3.64	rs1731353	0.243	-5.22	-0.32511	294	17	enet	0.18	3.8e-06	-0.06876	0.945
Uterus	/media/kame/Data/_workings/resource/GTEv8//GTExv8.EUR.Uterus/ENSG00000230746.1.wgt.RDat	ENSG00000230746.1	7	145681368	145681369	0.205	rs3919487	6.26	rs12374872	0.11	4.43	0.12497	316	16	enet	0.11	0.00032	0.25498	0.799
Uterus	/media/kame/Data/_workings/resource/GTEv8//GTExv8.EUR.Uterus/ENSG00000204947.8.wgt.RDat	ENSG00000204947.8	7	149126345	149126346	0.289	rs2290971	-4.13	rs1202449	0.0117	-3.46	0.01687	371	29	enet	0.0049	0.22	0.05563	0.956
Uterus	/media/kame/Data/_workings/resource/GTEv8//GTExv8.EUR.Uterus/ENSG00000244560.6.wgt.RDat	ENSG00000244560.6	7	149285280	149285281	0.262	rs2290971	-4.13	rs11981885	0.0265	4.1	0.43657	384	35	enet	0.014	0.12	1.16636	0.243
Uterus	/media/kame/Data/_workings/resource/GTEv8//GTExv8.EUR.Uterus/ENSG00000197558.11.wgt.RDat	ENSG00000197558.11	7	149776041	149776042	0.399	rs6966081	2.74	rs6954118	0.1	4.27	1.892	288	16	enet	0.11	0.00037	0.5779	0.563
Uterus	/media/kame/Data/_workings/resource/GTEv8//GTExv8.EUR.Uterus/ENSG00000204934.10.wgt.RDat	ENSG00000204934.10	7	149871795	149871796	0.247	rs6966081	2.74	rs3735333	0.117	-4.39	0.40788	257	12	enet	0.087	0.0012	0.11017	0.912
Uterus	/media/kame/Data/_workings/resource/GTEv8//GTExv8.EUR.Uterus/ENSG00000279536.1.wgt.RDat	ENSG00000279536.1	7	149881580	149881581	0.341	rs6966081	2.74	rs10952242	0.0596	-4.06	2.23112	257	25	enet	0.048	0.013	-1.43147	0.152
Uterus	/media/kame/Data/_workings/resource/GTEv8//GTExv8.EUR.Uterus/ENSG00000224016.2.wgt.RDat	ENSG00000224016.2	7	149909703	149909704	0.417	rs6966081	2.74	rs4015699	-0.00874	3.57	-0.4896	257	53	enet	-0.0029	0.41	1.66935	0.095
Uterus	/media/kame/Data/_workings/resource/GTEv8//GTExv8.EUR.Uterus/ENSG00000127399.14.wgt.RDat	ENSG00000127399.14	7	150322638	150322639	0.302	rs11972506	2.36	rs11764936	0.205	5.02	-1.07673	346	7	enet	0.18	3.2e-06	-0.75012	0.453
Uterus	/media/kame/Data/_workings/resource/GTEv8//GTExv8.EUR.Uterus/ENSG00000261305.1.wgt.RDat	ENSG00000261305.1	7	150341770	150341771	0.344	rs11972506	2.27	rs11764936	0.18	4.79	-1.07673	351	10	enet	0.17	4.9e-06	-0.96888	0.333
Uterus	/media/kame/Data/_workings/resource/GTEv8//GTExv8.EUR.Uterus/ENSG00000133574.9.wgt.RDat	ENSG00000133574.9	7	150567276	150567277	0.243	rs1049748	2.28	rs2302481	0.0615	3.9	-0.34506	435	25	enet	-0.0083	0.72	-0.3562	0.722
Uterus	/media/kame/Data/_workings/resource/GTEv8//GTExv8.EUR.Uterus/ENSG00000177590.7.wgt.RDat	ENSG00000177590.7	7	150747727	150747728	0.228	rs2487151	4.23	rs9657894	0.244	-5.18	0.98576	506	17	enet	0.17	5.7e-06	-0.70384	0.482
Uterus	/media/kame/Data/_workings/resource/GTEv8//GTExv8.EUR.Uterus/ENSG00000241134.3.wgt.RDat	ENSG00000241134.3	7	150749735	150749736	0.376	rs2487151	4.23	rs9657894	0.35	-6.21	0.98576	506	17	enet	0.34	3.3e-11	-0.82196	0.411
Uterus	/media/kame/Data/_workings/resource/GTEv8//GTExv8.EUR.Uterus/ENSG00000033050.7.wgt.RDat	ENSG00000033050.7	7	151227229	151227230	0.466	rs2487151	4.23	rs2487149	0.026	-3.64	0.36557	551	32	enet	0.1	4e-04	-0.3454	0.73
Uterus	/media/kame/Data/_workings/resource/GTEv8//GTExv8.EUR.Uterus/ENSG00000261455.1.wgt.RDat	ENSG00000261455.1	7	152463785	152463786	0.254	rs6945852	-4.71	rs10257415	-0.00108	-3.83	0.02128	256	18	enet	0.065	0.0045	-0.30774	0.758
Uterus	/media/kame/Data/_workings/resource/GTEv8//GTExv8.EUR.Uterus/ENSG00000196584.2.wgt.RDat	ENSG00000196584.2	7	152676164	152676165	0.555	rs6945852	-4.71	rs17813864	0.332	6.15	-0.0363	328	5	enet	0.19	1.3e-06	-0.02021	0.984
Uterus	/media/kame/Data/_workings/resource/GTEv8//GTExv8.EUR.Uterus/ENSG00000214106.7.wgt.RDat	ENSG00000214106.7	7	154928497	154928498	0.399	rs11764641	4.76	rs11543936	0.235	5.21	1.34312	659	9	enet	0.16	9.4e-06	-0.302	0.763
Uterus	/media/kame/Data/_workings/resource/GTEv8//GTExv8.EUR.Uterus/ENSG00000233878.1.wgt.RDat	ENSG00000233878.1	7	156445587	156445588	0.313	rs2305944	-5.02	rs11764772	-0.00467	3.53	1.40516	479	18	enet	-0.0052	0.5	0.87486	0.382
Uterus	/media/kame/Data/_workings/resource/GTEv8//GTExv8.EUR.Uterus/ENSG00000223508.5.wgt.RDat	ENSG00000223508.5	8	232135	232136	0.177	rs3736436	-4.95	rs3752668	0.008596	4.06	-0.72379	323	5	enet	-0.0059	0.54	-0.7143	0.475
Uterus	/media/kame/Data/_workings/resource/GTEv8//GTExv8.EUR.Uterus/ENSG00000272240.1.wgt.RDat	ENSG00000272240.1	8	234886	234887	0.385	rs3736436	-4.95	rs4382451	0.325189	6.05	-0.29301	323	17	enet	0.26	1.7e-08	0.0512	0.959
Uterus	/media/kame/Data/_workings/resource/GTEv8//GTExv8.EUR.Uterus/ENSG00000273402.1.wgt.RDat	ENSG00000273402.1	8	237044	237045	0.2	rs3736436	-4.95	rs11136516	0.168196	4.91	-0.26595	324	15	enet	0.15	2.5e-05	-0.1776	0.859
Uterus	/media/kame/Data/_workings/resource/GTEv8//GTExv8.EUR.Uterus/ENSG00000104714.13.wgt.RDat	ENSG00000104714.13	8	738105	738106	0.394	rs3736436	-4.95	rs12676200	0.040402	4.18	-0.00237	586	12	enet	0.051	0.011	0.119	0.905
Uterus	/media/kame/Data/_workings/resource/GTEv8//GTExv8.EUR.Uterus/ENSG00000282021.1.wgt.RDat	ENSG00000282021.1	8	1760446	1760447	0.352	rs10866924	8.42	rs10481354	0.081668	4.83	0.8386	729	15	enet	0.071	0.0032	0.681	0.496
Uterus	/media/kame/Data/_workings/resource/GTEv8//GTExv8.EUR.Uterus/ENSG00000253982.1.wgt.RDat	ENSG00000253982.1	8	1764501	1764502	0.486	rs10866924	8.43	rs10481354	0.283437	-5.97	0.8386	727	10	enet	0.3	6.6e-10	-0.8205	0.412
Uterus	/media/kame/Data/_workings/resource/GTEv8//GTExv8.EUR.Uterus/ENSG00000176595.3.wgt.RDat	ENSG00000176595.3	8	1973877	1973878	0.351	rs10503173	5.92	rs6558533	-0.007066	-3.46	0.85789	622	28	enet	0.01	0.15	-0.7544	0.451
Uterus	/media/kame/Data/_workings/resource/GTEv8//GTExv8.EUR.Uterus/ENSG00000036448.9.wgt.RDat	ENSG00000036448.9	8	2045039	2045040	0.521	rs10503173	5.92	rs3779831	0.125253	-5.17	-0.09189	625	26	enet	0.34	1.8e-11	0.0466	0.963
Uterus	/media/kame/Data/_workings/resource/GTEv8//GTExv8.EUR.Uterus/ENSG00000271743.1.wgt.RDat	ENSG00000271743.1	8	6617197	6617198	0.541	rs10086142	-5.01	rs2959799	0.183556	-4.88	0.40567	877	30	enet	0.075	0.0025	-0.6494	0.516
Uterus	/media/kame/Data/_workings/resource/GTEv8//GTExv8.EUR.Uterus/ENSG00000249898.7.wgt.RDat	ENSG00000249898.7	8	6708208	6708209	0.418	rs10086142	-5.01	rs10110103	0.009933	3.5	-0.02138	787	41	enet	0.0065	0.2	-0.1425	0.887
Uterus	/media/kame/Data/_workings/resource/GTEv8//GTExv8.EUR.Uterus/ENSG00000225725.4.wgt.RDat	ENSG00000225725.4	8	7955013	7955014	0.162	rs11780979	5.13	rs1971412	0.096108	-4	1.26183	141	5	enet	0.046	0.015	-0.3112	0.756
Uterus	/media/kame/Data/_workings/resource/GTEv8//GTExv8.EUR.Uterus/ENSG00000253893.2.wgt.RDat	ENSG00000253893.2	8	8226613	8226614	0.412	rs11991607	-6.14	rs2945251	0.304943	-6.17	-0.93822	321	23	enet	0.26	1.4e-08	1.0263	0.305
Uterus	/media/kame/Data/_workings/resource/GTEv8//GTExv8.EUR.Uterus/ENSG00000233609.3.wgt.RDat	ENSG00000233609.3	8	8961199	8961200	0.48	rs9693857	9.34	rs11780774	0.117749	-4.85	-2.15459	705	15	enet	0.092	9e-04	1.3267	0.185
Uterus	/media/kame/Data/_workings/resource/GTEv8//GTExv8.EUR.Uterus/ENSG00000175806.14.wgt.RDat	ENSG00000175806.14	8	10054267	10054268	0.225	rs11249991	7.22	rs7837979	0.005753	-3.62	-2.21715	616	43	enet	0.047	0.014	1.3835	0.167
Uterus	/media/kame/Data/_workings/resource/GTEv8//GTExv8.EUR.Uterus/ENSG00000154328.15.wgt.RDat	ENSG00000154328.15	8	11769638	11769639	0.358	rs11787217	6.23	rs1466785	0.188907	5.3	1.42798	461	7	enet	0.17	5.9e-06	-0.0838	0.933
Uterus	/media/kame/Data/_workings/resource/GTEv8//GTExv8.EUR.Uterus/ENSG00000253671.1.wgt.RDat	ENSG00000253671.1	8	17808940	17808941	0.29	rs2739726	-5.85	rs398950	0.230314	5.85	-1.71608	859	10	enet	0.24	5.7e-08	-1.7219	0.0851
Uterus	/media/kame/Data/_workings/resource/GTEv8//GTExv8.EUR.Uterus/ENSG00000104763.18.wgt.RDat	ENSG00000104763.18	8	18084997	18084998	0.468	rs2739726	-5.85	rs11987695	0.028366	-4.03	-0.49887	857	21	enet	0.011	0.14	1.9309	0.0535
Uterus	/media/kame/Data/_workings/resource/GTEv8//GTExv8.EUR.Uterus/ENSG00000147408.14.wgt.RDat	ENSG00000147408.14	8	19758028	19758029	0.349	rs6999473	4.64	rs4379462	0.015935	3.92	-0.35838	673	40	enet	0.037	0.027	0.2188	0.827
Uterus	/media/kame/Data/_workings/resource/GTEv8//GTExv8.EUR.Uterus/ENSG00000168481.8.wgt.RDat	ENSG00000168481.8	8	22156831	22156832	0.298	rs12541504	-4.38	rs11776272	-0.005339	-3.47	0.39209	454	46	enet	0.07	0.0033	-1.3822	0.167
Uterus	/media/kame/Data/_workings/resource/GTEv8//GTExv8.EUR.Uterus/ENSG00000197181.11.wgt.RDat	ENSG00000197181.11	8	22275296	22275297	0.387	rs12541504	-4.38	rs13259097	0.103363	4.75	-0.68578	479	22	enet	0.02	0.081	0.4306	0.667
Uterus	/media/kame/Data/_workings/resource/GTEv8//GTExv8.EUR.Uterus/ENSG00000147439.12.wgt.RDat	ENSG00000147439.12	8	22669147	22669148	0.24	rs17088737	-7.41	rs3735894	0.11407	4.25	-1.08767	509	8	enet	0.047	0.014	-0.7921	0.428
Uterus	/media/kame/Data/_workings/resource/GTEv8//GTExv8.EUR.Uterus/ENSG00000228451.3.wgt.RDat	ENSG00000228451.3	8	26382896	26382897	0.467	rs424422	8.31	rs3808566	0.259087	-5.7	2.00257	661	24	enet	0.39	4.3e-13	-1.4765	0.14
Uterus	/media/kame/Data/_workings/resource/GTEv8//GTExv8.EUR.Uterus/ENSG00000120915.13.wgt.RDat	ENSG00000120915.13	8	27490778	27490779	0.413	rs4291226	-8.58	rs7003694	0.343269	6.26	0.25344	636	19	enet	0.31	2.2e-10	0.6904	0.49
Uterus	/media/kame/Data/_workings/resource/GTEv8//GTExv8.EUR.Uterus/ENSG00000104691.14.wgt.RDat	ENSG00000104691.14	8	30732246	30732247	0.222	rs323345	4.87	rs17557435	0.129948	4.52	-0.08718	363	8	enet	0.12	0.00016	-0.8474	0.397
Uterus	/media/kame/Data/_workings/resource/GTEv8//GTExv8.EUR.Uterus/ENSG00000172728.15.wgt.RDat	ENSG00000172728.15	8	33473384	33473385	0.282	rs4400340	-3.34	rs6989048	0.143015	4.95	0.07926	242	38	enet	0.19	2e-06	1.3126	0.189
Uterus	/media/kame/Data/_workings/resource/GTEv8//GTExv8.EUR.Uterus/ENSG00000156675.15.wgt.RDat	ENSG00000156675.15	8	37899466	37899467	0.25	rs17429645	5.61	rs2843744	-0.006951	2.92	1.80046	211	6	enet	-0.0089	0.81	1.8422	0.0654
Uterus	/media/kame/Data/_workings/resource/GTEv8//GTExv8.EUR.Uterus/ENSG00000175324.9.wgt.RDat	ENSG00000175324.9	8	38176531	38176532	0.367	rs36107033	-4.36	rs2461327	-0.009515	3.39	0.0014	250	20	enet	0.019	0.083	-0.0282	0.977
Uterus	/media/kame/Data/_workings/resource/GTEv8//GTExv8.EUR.Uterus/ENSG00000197140.14.wgt.RDat	ENSG00000197140.14	8	39106989	39106990	0.425	rs10094572	2.83	rs9650347	0.319735	5.92	-0.13662	282	5	enet	0.22	2.9e-07	-0.1384	0.89
Uterus	/media/kame/Data/_workings/resource/GTEv8//GTExv8.EUR.Uterus/ENSG00000070718.11.wgt.RDat	ENSG00000070718.11	8	42152945	42152946	0.352	rs2974342	5.04	rs13270574	0.184738	-4.72	0.54284	353	33	enet	0.063	0.0054	-1.5035	0.133
Uterus	/media/kame/Data/_workings/resource/GTEv8//GTExv8.EUR.Uterus/ENSG00000176209.11.wgt.RDat	ENSG00000176209.11	8	42541711	42541712	0.275	rs2974342	5.04	rs2923428	0.197194	5.22	4.94208	256	14	enet	0.21	3.1e-07	4.5763	4.73e-06
Uterus	/media/kame/Data/_workings/resource/GTEv8//GTExv8.EUR.Uterus/ENSG00000034239.10.wgt.RDat	ENSG00000034239.10	8	48735310	48735311	0.508	rs182914	5.39	rs12548278	0.248319	5.29	-2.50775	291	2	enet	0.15	2.2e-05	-2.5149	0.0119
Uterus	/media/kame/Data/_workings/resource/GTEv8//GTExv8.EUR.Uterus/ENSG00000137563.11.wgt.RDat	ENSG00000137563.11	8	63039170	63039171	0.38	rs1560506	-8.87	rs1031551	0.199943	5.49	0.19329	405	30	enet	0.3	5.6e-10	0.2395	0.811
Uterus	/media/kame/Data/_workings/resource/GTEv8//GTExv8.EUR.Uterus/ENSG00000272010.1.wgt.RDat	ENSG00000272010.1	8	65592471	65592472	0.261	rs10095326	4.67	rs13281090	0.079824	-4.33	0.62296	357	12	enet	0.00027	0.31	-0.0984	0.922
Uterus	/media/kame/Data/_workings/resource/GTEv8//GTExv8.EUR.Uterus/ENSG00000104442.9.wgt.RDat	ENSG00000104442.9	8	65634216	65634217	0.349	rs10095326	4.67	rs6995242	0.174457	4.66	0.12229	359	17	enet	0.17	5.2e-06	1.2219	0.222
Uterus	/media/kame/Data/_workings/resource/GTEv8//GTExv8.EUR.Uterus/ENSG00000147576.15.wgt.RDat	ENSG00000147576.15	8	66432485	66432486	0.332	rs7837333	3.64	rs2114487	0.140755	4.94	0.02715	288	9	enet	0.13	6e-05	-0.1701	0.865
Uterus	/media/kame/Data/_workings/resource/GTEv8//GTExv8.EUR.Uterus/ENSG00000169085.11.wgt.RDat	ENSG00000169085.11	8	66460002	66460003	0.267	rs7837333	3.64	rs2719008	0.21893	-5.27	-0.19448	283	9	enet	0.14	3.5e-05	0.0182	0.985
Uterus	/media/kame/Data/_workings/resource/GTEv8//GTExv8.EUR.Uterus/ENSG00000253967.1.wgt.RDat	ENSG00000253967.1	8	70471144	70471145	0.309	rs11986044	5.05	rs11998005	0.002705	3.39	-0.38441	279	30	enet	0.02	0.076	-1.3823	0.167
Uterus	/media/kame/Data/_workings/resource/GTEv8//GTExv8.EUR.Uterus/ENSG00000246366.6.wgt.RDat	ENSG00000246366.6	8	70608576	70608577	0.18	rs4738088	4.42	rs6472538	0.063617	-3.89	-0.06884	279	28	enet	0.052	0.01	0.0769	0.939
Uterus	/media/kame/Data/_workings/resource/GTEv8//GTExv8.EUR.Uterus/ENSG00000221947.7.wgt.RDat	ENSG00000221947.7	8	70669364	70669365	0.459	rs4738088	4.42	rs7814274	0.507038	-7.45	-0.00331	307	35	enet	0.39	4.5e-13	-0.0292	0.977
Uterus	/media/kame/Data/_workings/resource/GTEv8//GTExv8.EUR.Uterus/ENSG00000254352.1.wgt.RDat	ENSG00000254352.1	8	78724135	78724136	0.459	rs17485419	9.83	rs4739134	0.390007	-6.49	-0.42813	318	12	enet	0.37	1.6e-12	0.7035	0.482
Uterus	/media/kame/Data/_workings/resource/GTEv8//GTExv8.EUR.Uterus/ENSG00000104231.10.wgt.RDat	ENSG00000104231.10	8	81732880	81732881	0.244	rs3824088	-6.77	rs915	0.015166	-3.91	-0.20893	343	33	enet	0.021	0.073	0.0563	0.955
Uterus	/media/kame/Data/_workings/resource/GTEv8//GTExv8.EUR.Uterus/ENSG00000104497.13.wgt.RDat	ENSG00000104497.13	8	81842865	81842866	0.377	rs3824088	-6.77	rs10504741	0.263521	5.91	0.52341	315	17	enet	0.28	2.7e-09	0.4005	0.689
Uterus	/media/kame/Data/_workings/resource/GTEv8//GTExv8.EUR.Uterus/ENSG00000133739.15.wgt.RDat	ENSG00000133739.15	8	85107146	85107147	0.33	rs6991900	-4.52	rs2403088	0.217477	-5.18	0.5114	257	19	enet	0.2	6.5e-07	-0.5705	0.568
Uterus	/media/kame/Data/_workings/resource/GTEv8//GTExv8.EUR.Uterus/ENSG00000251136.8.wgt.RDat	ENSG00000251136.8	8	89757726	89757727	0.31	rs16900627	6.71	rs9297722	0.236236	-5.07	-0.1025	374	11	enet	0.18	2.3e-06	-0.4982	0.618
Uterus	/media/kame/Data/_workings/resource/GTEv8//GTExv8.EUR.Uterus/ENSG00000104327.7.wgt.RDat	ENSG00000104327.7	8	90095474	90095475	0.215	rs16900627	6.71	rs1805890	0.069151	4	-0.00203	366	21	enet	0.04	0.021	0.973	0.331
Uterus	/media/kame/Data/_workings/resource/GTEv8//GTExv8.EUR.Uterus/ENSG00000253704.1.wgt.RDat	ENSG00000253704.1	8	94553721	94553722	0.428	rs2114212	4.85	rs16916686	0.071502	4.59	-1.58878	453	22	enet	0.18	4.2e-06	-0.1671	0.867
Uterus	/media/kame/Data/_workings/resource/GTEv8//GTExv8.EUR.Uterus/ENSG00000180543.4.wgt.RDat	ENSG00000180543.4	8	97277963	97277964	0.401	rs1835739	-4.79	rs6468543	0.232508	5.71	0.00751	372	50	enet	0.23	1.2e-07	0.3973	0.691
Uterus	/media/kame/Data/_workings/resource/GTEv8//GTExv8.EUR.Uterus/ENSG00000132541.10.wgt.RDat	ENSG00000132541.10	8	98117240	98117241	0.32	rs10955133	-6.61	rs930817	-0.000716	3.68	-0.07301	485	38	enet	0.19	1.3e-06	-1.1989	0.231
Uterus	/media/kame/Data/_workings/resource/GTEv8//GTExv8.EUR.Uterus/ENSG00000174226.8.wgt.RDat	ENSG00000174226.8	8	100663414	100663415	0.675	rs2135126	4.68	rs1693551	0.336999	6.09	-0.02345	447	49	enet	0.29	1.3e-09	0.2825	0.778
Uterus	/media/kame/Data/_workings/resource/GTEv8//GTExv8.EUR.Uterus/ENSG00000155090.14.wgt.RDat	ENSG00000155090.14	8	102655901	102655902	0.394	rs2033559	-8.11	rs10505025	-0.008566	3.45	-0.21548	502	41	enet	0.048	0.014	-1.1594	0.246
Uterus	/media/kame/Data/_workings/resource/GTEv8//GTExv8.EUR.Uterus/ENSG00000253320.5.wgt.RDat	ENSG00000253320.5	8	102864910	102864911	0.386	rs2033559	-8.11	rs682651	0.142607	-4.85	1.34122	512	31	enet	0.21	3.6e-07	-0.3601	0.719
Uterus	/media/kame/Data/_workings/resource/GTEv8//GTExv8.EUR.Uterus/ENSG00000164934.13.wgt.RDat	ENSG00000164934.13	8	103414713	103414714	0.164	rs4424225	-3.4	rs1138873	0.075804	-4.01	-2.5988	413	23	enet	0.05	0.012	1.7261	0.0843
Uterus	/media/kame/Data/_workings/resource/GTEv8//GTExv8.EUR.Uterus/ENSG00000205038.11.wgt.RDat	ENSG00000205038.11	8	109362476	109362477	0.153	rs4367512	6.48	rs1783162	0.010512	-3.75	0.81148	353	9	enet	0.059	0.0066	-0.5629	0.573
Uterus	/media/kame/Data/_workings/resource/GTEv8//GTExv8.EUR.Uterus/ENSG00000279347.1.wgt.RDat	ENSG00000279347.1	8	119840384	119840385	0.26	rs6469890	8.66	rs6469846	0.02165	4.02	-6.51248	459	30	enet	0.0063	0.2	0.0582	0.954
Uterus	/media/kame/Data/_workings/resource/GTEv8//GTExv8.EUR.Uterus/ENSG00000136982.5.wgt.RDat	ENSG00000136982.5	8	119856009	119856010	0.749	rs6469890	8.66	rs7815122	0.591502	-7.95	-0.78124	454	23	enet	0.57	3.2e-21	0.5263	0.599
Uterus	/media/kame/Data/_workings/resource/GTEv8//GTExv8.EUR.Uterus/ENSG00000156795.6.wgt.RDat	ENSG00000156795.6	8	123416724	123416725	0.293	rs10089389	4.69	rs6999234	0.150642	-4.93	-0.37707	528	33	enet	0.1	0.00044	1.1045	0.269
Uterus	/media/kame/Data/_workings/resource/GTEv8//GTExv8.EUR.Uterus/ENSG00000280543.1.wgt.RDat	ENSG00000280543.1	8	130084767	130084768	0.365	rs7839155	9.94	rs6470761	0.024124	-3.42	-1.14898	443	33	enet	0.066	0.0043	-0.3993	0.69
Uterus	/media/kame/Data/_workings/resource/GTEv8//GTExv8.EUR.Uterus/ENSG00000282164.2.wgt.RDat	ENSG00000282164.2	8	140100559	140100560	0.344	rs7845105	10.5	rs3802217	0.102803	-4.3	-0.28505	525	13	enet	0.027	0.051	-0.9212	0.357
Uterus	/media/kame/Data/_workings/resource/GTEv8//GTExv8.EUR.Uterus/ENSG00000104472.9.wgt.RDat	ENSG00000104472.9	8	140511297	140511298	0.575	rs938724	10.56	rs2977451	0.059507	-4.09	3.7233	381	14	enet	0.19	2.1e-06	-1.1821	0.237
Uterus	/media/kame/Data/_workings/resource/GTEv8//GTExv8.EUR.Uterus/ENSG00000280303.2.wgt.RDat	ENSG00000280303.2	8	140636280	140636281	0.184	rs938724	10.56	rs10111852	-0.009024	3.23	-5.84239	367	20	enet	-0.0076	0.66	-1.4566	0.145
Uterus	/media/kame/Data/_workings/resource/GTEv8//GTExv8.EUR.Uterus/ENSG00000253210.1.wgt.RDat	ENSG00000253210.1	8	141129960	141129961	0.64	rs938724	10.56	rs6988905	0.373983	-6.46	0.20655	429	11	enet	0.23	7.9e-08	-0.1139	0.909
Uterus	/media/kame/Data/_workings/resource/GTEv8//GTExv8.EUR.Uterus/ENSG00000261693.1.wgt.RDat	ENSG00000261693.1	8	142403651	142403652	0.275	rs4129585	4.95	rs13265349	0.075069	-4.42	1.67914	436	19	enet	0.11	0.00027	-3.4409	0.00058
Uterus	/media/kame/Data/_workings/resource/GTEv8//GTExv8.EUR.Uterus/ENSG00000181790.10.wgt.RDat	ENSG00000181790.10	8	142449429	142449430	0.255	rs4129585	4.95	rs10109771	0.021467	3.61	3.51961	443	26	enet	0.058	0.007	1.2732	0.203
Uterus	/media/kame/Data/_workings/resource/GTEv8//GTExv8.EUR.Uterus/ENSG00000253741.1.wgt.RDat	ENSG00000253741.1	8	142726972	142726973	0.282	rs4129585	4.95	rs2244152	0.084598	-3.91	2.02236	400	18	enet	0.041	0.021	-1.7371	0.0824
Uterus	/media/kame/Data/_workings/resource/GTEv8//GTExv8.EUR.Uterus/ENSG00000253196.1.wgt.RDat	ENSG00000253196.1	8	142763115	142763116	0.286	rs439747	4.81	rs10956986	0.208198	5.07	1.90234	406	12	enet	0.17	6.4e-06	2.0663	0.0388
Uterus	/media/kame/Data/_workings/resource/GTEv8//GTExv8.EUR.Uterus/ENSG00000283992.1.wgt.RDat	ENSG00000283992.1	8	142769843	142769844	0.388	rs439747	4.81	rs2572925	0.258185	6.15	2.14198	403	19	enet	0.23	1.1e-07	1.6222	0.105
Uterus	/media/kame/Data/_workings/resource/GTEv8//GTExv8.EUR.Uterus/ENSG00000180155.19.wgt.RDat	ENSG00000180155.19	8	142777809	142777810	0.474	rs439747	4.81	rs2572925	0.314819	6.11	2.14198	403	19	enet	0.32	1.7e-10	2.6869	0.00721
Uterus	/media/kame/Data/_workings/resource/GTEv8//GTExv8.EUR.Uterus/ENSG00000253716.5.wgt.RDat	ENSG00000253716.5	8	143281689	143281690	0.274	rs439747	4.81	rs6651422	0.112473	-4.4	0.15761	381	11	enet	0.1	0.00041	-0.0769	0.939
Uterus	/media/kame/Data/_workings/resource/GTEv8//GTExv8.EUR.Uterus/ENSG00000014164.6.wgt.RDat	ENSG00000014164.6	8	143541452	143541453	0.34	rs11136344	4.73	rs896945	0.240306	-5.29	0.49812	349	6	enet	0.15	2.7e-05	-0.5982	0.55
Uterus	/media/kame/Data/_workings/resource/GTEv8//GTExv8.EUR.Uterus/ENSG00000254859.1.wgt.RDat	ENSG00000254859.1	8	143549728	143549729	0.757	rs11136344	4.73	rs896945	0.541758	-7.62	0.49812	347	9	enet	0.54	1.5e-19	-0.6011	0.548
Uterus	/media/kame/Data/_workings/resource/GTEv8//GTExv8.EUR.Uterus/ENSG00000104518.10.wgt.RDat	ENSG00000104518.10	8	143553206	143553207	0.433	rs11136344	4.73	rs6991958	0.101175	-4.77	-1.45573	345	36	enet	0.11	0.00034	0.1535	0.878
Uterus	/media/kame/Data/_workings/resource/GTEv8//GTExv8.EUR.Uterus/ENSG00000255050.1.wgt.RDat	ENSG00000255050.1	8	143573489	143573490	0.511	rs11136344	4.73	rs1809148	0.414565	-6.71	0.22713	341	11	enet	0.38	6.9e-13	0.5795	0.562
Uterus	/media/kame/Data/_workings/resource/GTEv8//GTExv8.EUR.Uterus/ENSG00000147813.15.wgt.RDat	ENSG00000147813.15	8	143578356	143578357	0.706	rs11136344	4.73	rs1809148	0.487988	-7.3	0.22713	342	16	enet	0.55	2.5e-20	0.6578	0.511
Uterus	/media/kame/Data/_workings/resource/GTEv8//GTExv8.EUR.Uterus/ENSG00000254812.1.wgt.RDat	ENSG00000254812.1	8	143633755	143633756	0.335	rs11136344	4.73	rs2242086	0.247051	-5.29	-0.33453	342	18	enet	0.19	1.4e-06	0.1464	0.884
Uterus	/media/kame/Data/_workings/resource/GTEv8//GTExv8.EUR.Uterus/ENSG00000178209.14.wgt.RDat	ENSG00000178209.14	8	143976733	143976734	0.212	rs11136344	4.73	rs7819099	0.174626	-4.6	1.77272	287	22	enet	0.15	2.8e-05	-1.0214	0.307
Uterus	/media/kame/Data/_workings/resource/GTEv8//GTExv8.EUR.Uterus/ENSG00000179698.13.wgt.RDat	ENSG00000179698.13	8	144107725	144107726	0.627	rs11136344	4.73	rs13264654	0.133622	-4.67	1.42274	254	25	enet	0.29	1.2e-09	-1.6909	0.0909
Uterus	/media/kame/Data/_workings/resource/GTEv8//GTExv8.EUR.Uterus/ENSG00000185803.8.wgt.RDat	ENSG00000185803.8	8	144354149	144354150	0.253	rs11136344	4.73	rs2272666	0.078069	3.83	0.04062	229	29	enet	0.064	0.005	1.9107	0.056
Uterus	/media/kame/Data/_workings/resource/GTEv8//GTExv8.EUR.Uterus/ENSG00000071894.16.wgt.RDat	ENSG00000071894.16	8	144409348	144409349	0.814	rs11136344	4.73	rs35817095	0.659905	-8.7	-1.94196	222	12	enet	0.7	1.1e-29	1.2935	0.196
Uterus	/media/kame/Data/_workings/resource/GTEv8//GTExv8.EUR.Uterus/ENSG00000160949.16.wgt.RDat	ENSG00000160949.16	8	144444443	144444444	0.339	rs11136344	4.73	rs2280838	0.133488	-4.59	0.52665	217	13	enet	0.11	0.00026	-1.0697	0.285
Uterus	/media/kame/Data/_workings/resource/GTEv8//GTExv8.EUR.Uterus/ENSG00000255085.8.wgt.RDat	ENSG00000255085.8	8	144700352	144700353	0.178	rs2954675	3.75	rs2721173	0.049285	-3.57	1.20071	216	4	enet	0.011	0.14	-1.0976	0.272
Uterus	/media/kame/Data/_workings/resource/GTEv8//GTExv8.EUR.Uterus/ENSG00000196378.11.wgt.RDat	ENSG00000196378.11	8	144787344	144787345	0.207	rs2954675	3.75	rs2242650	0.020888	-4.28	-0.91661	206	18	enet	0.05	0.012	0.8099	0.418
Uterus	/media/kame/Data/_workings/resource/GTEv8//GTExv8.EUR.Uterus/ENSG00000161016.17.wgt.RDat	ENSG00000161016.17	8	144792586	144792587	0.235	rs2954675	3.75	rs11784860	0.130348	4.63	0.45928	203	13	enet	0.063	0.0051	-0.1697	0.865
Uterus	/media/kame/Data/_workings/resource/GTEv8//GTExv8.EUR.Uterus/ENSG00000196922.10.wgt.RDat	ENSG00000196922.10	8	145000537	145000538	0.2	rs2954675	3.75	rs9644668	0.000441	2.9	0.45618	143	26	enet	0.015	0.11	-0.0106	0.992
Uterus	/media/kame/Data/_workings/resource/GTEv8//GTExv8.EUR.Uterus/ENSG00000182307.12.wgt.RDat	ENSG00000182307.12	8	145052377	145052378	0.164	rs2954675	3.75	rs2975282	0.115817	4.5	1.5314	128	11	enet	0.11	0.00022	0.676	0.499
Uterus	/media/kame/Data/_workings/resource/GTEv8//GTExv8.EUR.Uterus/ENSG00000170122.5.wgt.RDat	ENSG00000170122.5	9	118203	118204	0.257	rs17664774	3.54	rs10964703	0.222457	4.95	0.70813	387	6	enet	0.094	0.00076	0.59176	0.554
Uterus	/media/kame/Data/_workings/resource/GTEv8//GTExv8.EUR.Uterus/ENSG00000172785.18.wgt.RDat	ENSG00000172785.18	9	179146	179147	0.284	rs17664774	3.54	rs3008110	0.259166	5.43	0.33754	451	5	enet	0.25	2.8e-08	0.49805	0.618
Uterus	/media/kame/Data/_workings/resource/GTEv8//GTExv8.EUR.Uterus/ENSG00000232104.3.wgt.RDat	ENSG00000232104.3	9	3526722	3526723	0.398	rs7863744	8.69	rs10814233	0.026475	4.39	1.3228	536	21	enet	0.1	5e-04	0.33266	0.739
Uterus	/media/kame/Data/_workings/resource/GTEv8//GTExv8.EUR.Uterus/ENSG00000107020.9.wgt.RDat	ENSG00000107020.9	9	5437877	5437878	0.216	rs7023227	-4.63	rs2381277	0.154992	4.48	-0.99445	438	4	enet	0.086	0.0012	-1.84269	0.0654
Uterus	/media/kame/Data/_workings/resource/GTEv8//GTExv8.EUR.Uterus/ENSG00000197646.7.wgt.RDat	ENSG00000197646.7	9	5510569	5510570	0.477	rs7023227	-4.63	rs16923193	0.085886	5.06	0.54458	426	15	enet	0.19	2.1e-06	1.06435	0.287
Uterus	/media/kame/Data/_workings/resource/GTEv8//GTExv8.EUR.Uterus/ENSG00000107186.16.wgt.RDat	ENSG00000107186.16	9	13279589	13279590	0.316	rs10756461	-6.59	rs10960954	0.158645	-4.4	-2.12315	493	58	enet	0.049	0.012	0.14467	0.885
Uterus	/media/kame/Data/_workings/resource/GTEv8//GTExv8.EUR.Uterus/ENSG00000272871.1.wgt.RDat	ENSG00000272871.1	9	14590064	14590065	0.492	rs16931853	4.92	rs10961628	0.212154	5.34	-0.45064	692	12	enet	0.12	0.00015	-0.40792	0.683
Uterus	/media/kame/Data/_workings/resource/GTEv8//GTExv8.EUR.Uterus/ENSG00000147869.4.wgt.RDat	ENSG00000147869.4	9	14722716	14722717	0.312	rs16931853	4.92	rs17290109	0.024564	4.45	-0.11472	694	19	enet	0.059	0.0067	0.60832	0.543
Uterus	/media/kame/Data/_workings/resource/GTEv8//GTExv8.EUR.Uterus/ENSG00000215237.6.wgt.RDat	ENSG00000215237.6	9	14993311	14993312	0.582	rs16931853	4.92	rs10810310	0.390068	-6.53	-0.19917	653	30	enet	0.31	4.2e-10	-0.2135	0.831
Uterus	/media/kame/Data/_workings/resource/GTEv8//GTExv8.EUR.Uterus/ENSG00000232000.2.wgt.RDat	ENSG00000232000.2	9	15146400	15146401	0.267	rs3866794	-3.76	rs693196	-0.000333	3.37	0.0388	560	32	enet	0.013	0.12	-1.00094	0.317
Uterus	/media/kame/Data/_workings/resource/GTEv8//GTExv8.EUR.Uterus/ENSG00000044459.14.wgt.RDat	ENSG00000044459.14	9	17134981	17134982	0.219	rs10810738	6.11	rs10962996	0.182296	5	0.86795	547	11	enet	0.18	3.6e-06	0.90626	0.365
Uterus	/media/kame/Data/_workings/resource/GTEv8//GTExv8.EUR.Uterus/ENSG00000137145.20.wgt.RDat	ENSG00000137145.20	9	19230434	19230435	0.395	rs1556000	5.38	rs10733356	-0.007382	-3.69	0.17168	609	57	enet	0.061	0.0061	0.61385	0.539
Uterus	/media/kame/Data/_workings/resource/GTEv8//GTExv8.EUR.Uterus/ENSG00000226393.1.wgt.RDat	ENSG00000226393.1	9	21321299	21321300	0.124	rs4977812	5.04	rs7040754	0.062225	-3.89	0.00487	479	22	enet	0.034	0.033	0.82224	0.411
Uterus	/media/kame/Data/_workings/resource/GTEv8//GTExv8.EUR.Uterus/ENSG00000264801.1.wgt.RDat	ENSG00000264801.1	9	21929456	21929457	0.231	rs754819	4.8	rs885518	-0.008279	3.26	0.28261	436	14	enet	0.0073	0.19	0.21534	0.83
Uterus	/media/kame/Data/_workings/resource/GTEv8//GTExv8.EUR.Uterus/ENSG00000096872.15.wgt.RDat	ENSG00000096872.15	9	26956372	26956373	0.609	rs2077592	-4.78	rs10967611	0.372534	6.33	0.04614	625	26	enet	0.32	1.8e-10	-0.23953	0.811
Uterus	/media/kame/Data/_workings/resource/GTEv8//GTExv8.EUR.Uterus/ENSG00000184434.7.wgt.RDat	ENSG00000184434.7	9	27005692	27005693	0.276	rs2077592	-4.78	rs12337896	0.113577	4.39	-0.24942	649	11	enet	0.082	0.0016	0.45144	0.652
Uterus	/media/kame/Data/_workings/resource/GTEv8//GTExv8.EUR.Uterus/ENSG00000122729.18.wgt.RDat	ENSG00000122729.18	9	32384602	32384603	0.216	rs10970862	-7.92	rs3780474	-0.006941	-3.71	-2.90443	462	21	enet	0.02	0.078	2.01028	0.0444
Uterus	/media/kame/Data/_workings/resource/GTEv8//GTExv8.EUR.Uterus/ENSG00000241043.1.wgt.RDat	ENSG00000241043.1	9	32567126	32567127	0.329	rs10970862	-7.92	rs597131	0.167429	-5.38	0.60509	514	7	enet	0.16	1e-05	-0.51889	0.604
Uterus	/media/kame/Data/_workings/resource/GTEv8//GTExv8.EUR.Uterus/ENSG00000225693.1.wgt.RDat	ENSG00000225693.1	9	33019952	33019953	0.357	rs4879592	-6.8	rs4879653	0.001905	-3.47	0.53752	477	40	enet	0.015	0.11	0.32412	0.746
Uterus	/media/kame/Data/_workings/resource/GTEv8//GTExv8.EUR.Uterus/ENSG00000165271.16.wgt.RDat	ENSG00000165271.16	9	33473929	33473930	0.369	rs307652	-6.78	rs10738915	0.117959	4.74	-0.06488	403	20	enet	0.17	7.8e-06	0.05609	0.955
Uterus	/media/kame/Data/_workings/resource/GTEv8//GTExv8.EUR.Uterus/ENSG00000186638.16.wgt.RDat	ENSG00000186638.16	9	34311370	34311371	0.346	rs307652	-6.78	rs3808876	-0.007155	3.16	0.26183	334	36	enet	0.00088	0.3	1.29156	0.197
Uterus	/media/kame/Data/_workings/resource/GTEv8//GTExv8.EUR.Uterus/ENSG00000164978.17.wgt.RDat	ENSG00000164978.17	9	34329505	34329506	0.762	rs307652	-6.78	rs10971957	0.452918	-7.06	-4.31304	336	33	enet	0.57	3.5e-21	2.82907	0.00467
Uterus	/media/kame/Data/_workings/resource/GTEv8//GTExv8.EUR.Uterus/ENSG00000230074.1.wgt.RDat	ENSG00000230074.1	9	34678099	34678100	0.305	rs7037232	5.97	rs928150	0.150692	-4.76	3.36367	358	26	enet	0.16	8.5e-06	-0.8136	0.416
Uterus	/media/kame/Data/_workings/resource/GTEv8//GTExv8.EUR.Uterus/ENSG00000137094.14.wgt.RDat	ENSG00000137094.14	9	34989640	34989641	0.155	rs7040391	-6.07	rs16932043	0.031371	3.6	-1.3732	343	15	enet	-0.005	0.49	-1.35065	0.177
Uterus	/media/kame/Data/_workings/resource/GTEv8//GTExv8.EUR.Uterus/ENSG00000137135.17.wgt.RDat	ENSG00000137135.17	9	35675759	35675760	0.591	rs7040391	-6.07	rs10972552	-0.006574	3.42	-0.47966	406	17	enet	0.086	0.0012	1.1672	0.243
Uterus	/media/kame/Data/_workings/resource/GTEv8//GTExv8.EUR.Uterus/ENSG00000137103.16.wgt.RDat	ENSG00000137103.16	9	35816143	35816144	0.256	rs7040391	-6.07	rs10738948	0.108687	4.72	0.55449	421	18	enet	0.086	0.0013	0.27294	0.785
Uterus	/media/kame/Data/_workings/resource/GTEv8//GTExv8.EUR.Uterus/ENSG00000230188.1.wgt.RDat	ENSG00000230188.1	9	37490892	37490893	0.476	rs10973282	9.9	rs7030940	0.313814	5.86	-0.19067	425	22	enet	0.21	5.3e-07	-0.20542	0.837
Uterus	/media/kame/Data/_workings/resource/GTEv8//GTExv8.EUR.Uterus/ENSG00000165275.9.wgt.RDat	ENSG00000165275.9	9	37753802	37753803	0.208	rs10973282	9.9	rs2274323	-0.008212	3.43	-0.30211	477	23	enet	0.015	0.11	-0.49405	0.621
Uterus	/media/kame/Data/_workings/resource/GTEv8//GTExv8.EUR.Uterus/ENSG00000226055.2.wgt.RDat	ENSG00000226055.2	9	37878115	37878116	0.419	rs7047872	6.14	rs7873455	0.060354	3.55	0.08043	513	33	enet	0.056	0.008	-0.79623	0.426
Uterus	/media/kame/Data/_workings/resource/GTEv8//GTExv8.EUR.Uterus/ENSG00000122696.13.wgt.RDat	ENSG00000122696.13	9	37904352	37904353	0.387	rs7047872	6.14	rs7873455	0.18768	5.44	0.08043	525	21	enet	0.23	7.3e-08	-0.18183	0.856
Uterus	/media/kame/Data/_workings/resource/GTEv8//GTExv8.EUR.Uterus/ENSG00000204706.14.wgt.RDat	ENSG00000204706.14	9	70175887	70175888	0.402	rs2975920	-3.84	rs2296772	0.221564	5.78	-0.15279	429	33	enet	0.26	1.5e-08	0.18327	0.855
Uterus	/media/kame/Data/_workings/resource/GTEv8//GTExv8.EUR.Uterus/ENSG00000225434.2.wgt.RDat	ENSG00000225434.2	9	72305429	72305430	0.856	rs1444842	-3.7	rs4745183	0.632276	8.2	0.4135	363	37	enet	0.57	2e-21	0.62675	0.531
Uterus	/media/kame/Data/_workings/resource/GTEv8//GTExv8.EUR.Uterus/ENSG00000135045.6.wgt.RDat	ENSG00000135045.6	9	74952885	74952886	0.436	rs10781235	-9.33	rs7029929	0.006722	-3.06	0.89484	409	40	enet	0.0012	0.29	-1.20223	0.229
Uterus	/media/kame/Data/_workings/resource/GTEv8//GTExv8.EUR.Uterus/ENSG00000106733.20.wgt.RDat	ENSG00000106733.20	9	75088216	75088217	0.86	rs7032677	-7.45	rs3752955	0.411765	6.88	0.15017	432	37	enet	0.46	9.4e-16	0.08248	0.934
Uterus	/media/kame/Data/_workings/resource/GTEv8//GTExv8.EUR.Uterus/ENSG00000254473.1.wgt.RDat	ENSG00000254473.1	9	83708317	83708318	0.296	rs11140416	-7.16	rs12004493	0.154181	-4.48	-0.23279	519	27	enet	0.1	0.00046	0.00344	0.997
Uterus	/media/kame/Data/_workings/resource/GTEv8//GTExv8.EUR.Uterus/ENSG00000187753.12.wgt.RDat	ENSG00000187753.12	9	86259656	86259657	0.351	rs10868420	5.56	rs17461620	-0.008994	3.25	2.10744	382	60	enet	-0.0093	0.89	3.43807	0.000586
Uterus	/media/kame/Data/_workings/resource/GTEv8//GTExv8.EUR.Uterus/ENSG00000235641.4.wgt.RDat	ENSG00000235641.4	9	91159572	91159573	0.458	rs6479363	-5.04	rs7025567	0.126918	4.79	-0.0949	545	32	enet	0.16	8.7e-06	-0.13051	0.896
Uterus	/media/kame/Data/_workings/resource/GTEv8//GTExv8.EUR.Uterus/ENSG00000273381.1.wgt.RDat	ENSG00000273381.1	9	91210298	91210299	0.292	rs6479363	-5.04	rs4480236	-0.003153	3.36	-0.80508	529	40	enet	0.013	0.12	-1.00365	0.316
Uterus	/media/kame/Data/_workings/resource/GTEv8//GTExv8.EUR.Uterus/ENSG00000188312.13.wgt.RDat	ENSG00000188312.13	9	92325636	92325637	0.371	rs1972214	-4.86	rs1535754	0.279163	6.31	-0.47468	403	25	enet	0.31	2.3e-10	0.17679	0.86
Uterus	/media/kame/Data/_workings/resource/GTEv8//GTExv8.EUR.Uterus/ENSG00000127081.13.wgt.RDat	ENSG00000127081.13	9	92878037	92878038	0.305	rs7873259	-5.4	rs4535796	0.031131	-3.98	-2.36879	415	45	enet	0.14	5.8e-05	1.86375	0.0624
Uterus	/media/kame/Data/_workings/resource/GTEv8//GTExv8.EUR.Uterus/ENSG00000227603.1.wgt.RDat	ENSG00000227603.1	9	93437120	93437121	0.253	rs7853605	8.89	rs6479494	0.167658	4.66	5.35707	489	10	enet	0.09	0.00097	4.70339	2.56e-06
Uterus	/media/kame/Data/_workings/resource/GTEv8//GTExv8.EUR.Uterus/ENSG00000232063.1.wgt.RDat	ENSG00000232063.1	9	94332475	94332476	0.454	rs1410972	6.74	rs6479549	0.085573	-4.79	-0.78389	416	75	enet	0.062	0.0055	-0.38137	0.703
Uterus	/media/kame/Data/_workings/resource/GTEv8//GTExv8.EUR.Uterus/ENSG00000175611.11.wgt.RDat	ENSG00000175611.11	9	95875699	95875700	0.677	rs10512249	8.21	rs591486	0.453354	7.08	-0.93717	519	27	enet	0.45	1.4e-15	-0.62249	0.534
Uterus	/media/kame/Data/_workings/resource/GTEv8//GTExv8.EUR.Uterus/ENSG00000182150.15.wgt.RDat	ENSG00000182150.15	9	95875977	95875978	0.324	rs10512249	8.21	rs10759835	0.046417	4.02	0.00302	519	36	enet	0.12	2e-04	-0.56906	0.569
Uterus	/media/kame/Data/_workings/resource/GTEv8//GTExv8.EUR.Uterus/ENSG00000224848.1.wgt.RDat	ENSG00000224848.1	9	96687055	96687056	0.23	rs920769	-5.57	rs10816458	0.131533	-4.32	-0.56592	262	8	enet	0.11	0.00021	0.58292	0.56
Uterus	/media/kame/Data/_workings/resource/GTEv8//GTExv8.EUR.Uterus/ENSG00000233820.2.wgt.RDat	ENSG00000233820.2	9	96725889	96725890	0.231	rs920769	-5.57	rs10816458	0.135756	-4.19	-0.56592	237	12	enet	0.068	0.004	0.78884	0.43
Uterus	/media/kame/Data/_workings/resource/GTEv8//GTExv8.EUR.Uterus/ENSG00000228376.3.wgt.RDat	ENSG00000228376.3	9	97081944	97081945	0.153	rs920769	-5.57	rs6478095	0.061352	-4.1	0.01933	269	8	enet	0.12	0.00016	-1.7389	0.0821
Uterus	/media/kame/Data/_workings/resource/GTEv8//GTExv8.EUR.Uterus/ENSG00000159712.10.wgt.RDat	ENSG00000159712.10	9	97221234	97221235	0.216	rs920769	-5.57	rs10981288	0.102396	-3.89	0.03407	291	53	enet	0.012	0.14	-1.45013	0.147
Uterus	/media/kame/Data/_workings/resource/GTEv8//GTExv8.EUR.Uterus/ENSG00000203279.3.wgt.RDat	ENSG00000203279.3	9	97238699	97238700	0.161	rs920769	-5.57	rs6478095	-0.006459	-3.34	0.01933	301	13	enet	-0.0095	0.97	-1.12738	0.26
Uterus	/media/kame/Data/_workings/resource/GTEv8//GTExv8.EUR.Uterus/ENSG00000136783.9.wgt.RDat	ENSG00000136783.9	9	104747687	104747688	0.323	rs2297408	7.5	rs10991473	-0.0095	3.45	0.7065	603	31	enet	-0.0047	0.48	-1.45907	0.145
Uterus	/media/kame/Data/_workings/resource/GTEv8//GTExv8.EUR.Uterus/ENSG00000119326.14.wgt.RDat	ENSG00000119326.14	9	109013528	109013529	0.336	rs4978793	-5.59	rs2256253	0.098844	-4.42	-0.04817	621	29	enet	0.12	0.00016	-0.19214	0.848
Uterus	/media/kame/Data/_workings/resource/GTEv8//GTExv8.EUR.Uterus/ENSG00000260230.2.wgt.RDat	ENSG00000260230.2	9	109167290	109167291	0.408	rs4978793	-5.59	rs2203874	0.211317	6.03	-2.20927	597	21	enet	0.25	1.9e-08	-1.57939	0.114
Uterus	/media/kame/Data/_workings/resource/GTEv8//GTExv8.EUR.Uterus/ENSG00000243444.7.wgt.RDat	ENSG00000243444.7	9	109640787	109640788	0.262	rs4978793	-5.59	rs17202273	0.115565	4.61	-2.15506	598	19	enet	0.074	0.0026	-1.18531	0.236
Uterus	/media/kame/Data/_workings/resource/GTEv8//GTExv8.EUR.Uterus/ENSG00000242616.3.wgt.RDat	ENSG00000242616.3	9	111661334	111661335	0.406	rs3780520	7.61	rs7045665	0.237652	5.63	0.01224	501	14	enet	0.29	1.6e-09	0.38227	0.702
Uterus	/media/kame/Data/_workings/resource/GTEv8//GTExv8.EUR.Uterus/ENSG00000106868.16.wgt.RDat	ENSG00000106868.16	9	112175407	112175408	0.361	rs7852336	-8.37	rs6477887	0.238226	-5.48	-1.78958	484	18	enet	0.23	1.3e-07	1.20545	0.228
Uterus	/media/kame/Data/_workings/resource/GTEv8//GTExv8.EUR.Uterus/ENSG00000119471.14.wgt.RDat	ENSG00000119471.14	9	112379936	112379937	0.3	rs7852336	-8.37	rs9409114	0.046331	3.9	-0.06263	454	14	enet	0.013	0.13	-0.34139	0.733
Uterus	/media/kame/Data/_workings/resource/GTEv8//GTExv8.EUR.Uterus/ENSG00000226609.1.wgt.RDat	ENSG00000226609.1	9	112750455	112750456	0.274	rs7852336	-8.37	rs10739371	0.063428	3.99	0.47155	485	9	enet	0.028	0.046	0.477	0.633
Uterus	/media/kame/Data/_workings/resource/GTEv8//GTExv8.EUR.Uterus/ENSG00000136868.10.wgt.RDat	ENSG00000136868.10	9	113221561	113221562	0.548	rs10759611	6.35	rs10981707	0.150559	-4.17	-0.37978	581	35	enet	0.081	0.0017	1.37593	0.169
Uterus	/media/kame/Data/_workings/resource/GTEv8//GTExv8.EUR.Uterus/ENSG00000176386.8.wgt.RDat	ENSG00000176386.8	9	113273437	113273438	0.401	rs10759611	6.35	rs3750532	0.29805	-5.98	-0.42868	605	19	enet	0.23	1.4e-07	0.30255	0.762
Uterus	/media/kame/Data/_workings/resource/GTEv8//GTExv8.EUR.Uterus/ENSG00000136875.12.wgt.RDat	ENSG00000136875.12	9	113275342	113275343	0.362	rs10759611	6.35	rs3087548	0.044976	4.88	-0.16955	605	13	enet	0.11	0.00025	-0.73157	0.464
Uterus	/media/kame/Data/_workings/resource/GTEv8//GTExv8.EUR.Uterus/ENSG00000182752.9.wgt.RDat	ENSG00000182752.9	9	116153803	116153804	0.506	rs1450194	6.32	rs7020782	0.04639	3.46	-0.1389	403	31	enet	0.13	9.8e-05	0.11342	0.91
Uterus	/media/kame/Data/_workings/resource/GTEv8//GTExv8.EUR.Uterus/ENSG00000136869.13.wgt.RDat	ENSG00000136869.13	9	117704331	117704332	0.321	rs7034482	11.74	rs10983582	0.024604	4.15	-1.69417	560	74	enet	0.073	0.0028	-2.26091	0.0238
Uterus	/media/kame/Data/_workings/resource/GTEv8//GTExv8.EUR.Uterus/ENSG00000226752.9.wgt.RDat	ENSG00000226752.9	9	120824827	120824828	0.872	rs2269066	4.84	rs4837796	0.697347	8.76	0.92346	340	33	enet	0.71	1.6e-30	1.00599	0.314
Uterus	/media/kame/Data/_workings/resource/GTEv8//GTExv8.EUR.Uterus/ENSG00000227355.2.wgt.RDat	ENSG00000227355.2	9	121369905	121369906	0.241	rs2269066	4.84	rs7047206	0.059761	4.14	1.11823	398	21	enet	0.12	0.00014	0.31178	0.755
Uterus	/media/kame/Data/_workings/resource/GTEv8//GTExv8.EUR.Uterus/ENSG00000136942.14.wgt.RDat	ENSG00000136942.14	9	124861960	124861961	0.19	rs391957	11.41	rs7034076	-0.008667	3.18	-0.02402	258	27	enet	-0.003	0.41	-4.12662	3.68e-05
Uterus	/media/kame/Data/_workings/resource/GTEv8//GTExv8.EUR.Uterus/ENSG00000136856.17.wgt.RDat	ENSG00000136856.17	9	127397137	127397138	0.266	rs2779728	4.33	rs3824414	0.08171	4.16	-2.75261	362	26	enet	0.1	0.00047	-1.16686	0.243
Uterus	/media/kame/Data/_workings/resource/GTEv8//GTExv8.EUR.Uterus/ENSG00000197958.12.wgt.RDat	ENSG00000197958.12	9	127451404	127451405	0.227	rs2779728	4.33	rs13292096	0.071787	-3.78	-4.11218	360	31	enet	0.085	0.0013	2.49568	0.0126
Uterus	/media/kame/Data/_workings/resource/GTEv8//GTExv8.EUR.Uterus/ENSG00000160404.17.wgt.RDat	ENSG00000160404.17	9	127735316	127735317	0.276	rs2779728	4.33	rs10118731	0.059246	-4.33	-1.97087	369	37	enet	0.17	5.1e-06	0.04105	0.967
Uterus	/media/kame/Data/_workings/resource/GTEv8//GTExv8.EUR.Uterus/ENSG00000167103.11.wgt.RDat	ENSG00000167103.11	9	127930796	127930797	0.561	rs7023913	-4.97	rs1043060	0.168328	4.77	1.13732	342	46	enet	0.16	1.2e-05	1.70464	0.0883
Uterus	/media/kame/Data/_workings/resource/GTEv8//GTExv8.EUR.Uterus/ENSG00000227218.7.wgt.RDat	ENSG00000227218.7	9	127934502	127934503	0.172	rs7023913	-4.97	rs10987908	0.017198	-3.35	-1.01877	342	28	enet	0.012	0.14	2.31216	0.0208
Uterus	/media/kame/Data/_workings/resource/GTEv8//GTExv8.EUR.Uterus/ENSG00000167112.9.wgt.RDat	ENSG00000167112.9	9	128322534	128322535	0.23	rs7023913	-4.97	rs7850697	0.051575	-4.25	-3.77429	285	26	enet	0.11	0.00029	2.51961	0.0117
Uterus	/media/kame/Data/_workings/resource/GTEv8//GTExv8.EUR.Uterus/ENSG00000175287.18.wgt.RDat	ENSG00000175287.18	9	128920894	128920895	0.296	rs11564100	6.45	rs7048932	0.193591	-5.1	1.51731	340	15	enet	0.13	9.3e-05	-0.65251	0.514
Uterus	/media/kame/Data/_workings/resource/GTEv8//GTExv8.EUR.Uterus/ENSG00000268707.1.wgt.RDat	ENSG00000268707.1	9	129170433	129170434	0.398	rs11564100	6.45	rs3118634	0.311914	5.8	-0.05398	384	29	enet	0.22	2.3e-07	-0.04734	0.962
Uterus	/media/kame/Data/_workings/resource/GTEv8//GTExv8.EUR.Uterus/ENSG00000233901.5.wgt.RDat	ENSG00000233901.5	9	129332299	129332300	0.383	rs11564100	6.45	rs7849290	-0.008071	-3.05	-0.07924	408	38	enet	-0.0091	0.84	2.69532	0.00703
Uterus	/media/kame/Data/_workings/resource/GTEv8//GTExv8.EUR.Uterus/ENSG00000136878.12.wgt.RDat	ENSG00000136878.12	9	129834697	129834698	0.286	rs885345	6.59	rs1043186	-0.003348	3.19	0.91286	443	15	enet	-0.0089	0.81	0.24672	0.805
Uterus	/media/kame/Data/_workings/resource/GTEv8//GTExv8.EUR.Uterus/ENSG00000126878.12.wgt.RDat	ENSG00000126878.12	9	131096475	131096476	0.258	rs2855179	-4.58	rs818051	0.085418	4.27	-0.20829	450	29	enet	0.08	0.0018	1.75185	0.0798
Uterus	/media/kame/Data/_workings/resource/GTEv8//GTExv8.EUR.Uterus/ENSG00000160539.4.wgt.RDat	ENSG00000160539.4	9	131289693	131289694	0.455	rs12005879	4.11	rs3739508	0.198373	-5.16	-0.15538	489	71	enet	0.15	2.8e-05	-0.01054	0.992
Uterus	/media/kame/Data/_workings/resource/GTEv8//GTExv8.EUR.Uterus/ENSG00000125485.17.wgt.RDat	ENSG00000125485.17	9	132670033	132670034	0.803	rs3739905	-7.74	rs11243850	0.573624	7.92	-7.68751	533	88	enet	0.55	3.1e-20	-5.05754	4.25e-07
Uterus	/media/kame/Data/_workings/resource/GTEv8//GTExv8.EUR.Uterus/ENSG00000175164.13.wgt.RDat	ENSG00000175164.13	9	133275213	133275214	0.287	rs1108581	4.78	rs630014	0.280755	-5.61	0.32243	561	30	enet	0.13	0.00011	-0.26153	0.794
Uterus	/media/kame/Data/_workings/resource/GTEv8//GTExv8.EUR.Uterus/ENSG00000148296.6.wgt.RDat	ENSG00000148296.6	9	133336397	133336398	0.492	rs1108581	4.78	rs886090	0.257469	-5.62	-0.71069	575	30	enet	0.25	3.3e-08	1.19423	0.232
Uterus	/media/kame/Data/_workings/resource/GTEv8//GTExv8.EUR.Uterus/ENSG00000148303.16.wgt.RDat	ENSG00000148303.16	9	133348213	133348214	0.469	rs1108581	4.78	rs633153	0.036271	3.7	-0.52848	568	56	enet	0.045	0.016	-0.38064	0.703
Uterus	/media/kame/Data/_workings/resource/GTEv8//GTExv8.EUR.Uterus/ENSG00000148290.9.wgt.RDat	ENSG00000148290.9	9	133356675	133356676	0.462	rs1108581	4.78	rs3124753	0.069741	-4.51	-1.40525	568	31	enet	0.14	5.7e-05	0.62666	0.531
Uterus	/media/kame/Data/_workings/resource/GTEv8//GTExv8.EUR.Uterus/ENSG00000160323.18.wgt.RDat	ENSG00000160323.18	9	133414357	133414358	0.392	rs1108581	4.78	rs3124768	-0.008711	-3.37	-0.59704	565	77	enet	-0.0093	0.87	-1.89644	0.0579
Uterus	/media/kame/Data/_workings/resource/GTEv8//GTExv8.EUR.Uterus/ENSG00000225756.1.wgt.RDat	ENSG00000225756.1	9	133657312	133657313	0.384	rs11789898	9.75	rs7040170	0.101275	5.22	0.90348	577	10	enet	0.19	1.2e-06	1.19515	0.232
Uterus	/media/kame/Data/_workings/resource/GTEv8//GTExv8.EUR.Uterus/ENSG00000196363.9.wgt.RDat	ENSG00000196363.9	9	134135772	134135773	0.353	rs11789898	9.75	rs4744560	0.226677	5.2	1.21409	576	11	enet	0.11	0.00022	0.11671	0.907
Uterus	/media/kame/Data/_workings/resource/GTEv8//GTExv8.EUR.Uterus/ENSG00000213221.4.wgt.RDat	ENSG00000213221.4	9	136363788	136363789	0.459	rs7854618	3.51	rs11145958	0.04472	4.25	-1.42846	372	35	enet	0.044	0.017	-0.42315	0.672
Uterus	/media/kame/Data/_workings/resource/GTEv8//GTExv8.EUR.Uterus/ENSG00000187796.13.wgt.RDat	ENSG00000187796.13	9	136373680	136373681	0.188	rs7854618	3.51	rs17567909	0.127761	4.69	0.70068	370	5	enet	0.074	0.0027	0.5379	0.591
Uterus	/media/kame/Data/_workings/resource/GTEv8//GTExv8.EUR.Uterus/ENSG00000148384.12.wgt.RDat	ENSG00000148384.12	9	136439822	136439823	0.381	rs7854618	3.51	rs11145756	0.18909	-4.82	0.13469	367	21	enet	0.044	0.017	0.08417	0.933
Uterus	/media/kame/Data/_workings/resource/GTEv8//GTExv8.EUR.Uterus/ENSG00000148396.18.wgt.RDat	ENSG00000148396.18	9	136477688	136477689	0.309	rs7854618	3.51	rs11145791	-0.007443	3.17	0.70664	372	26	enet	-0.0095	0.95	0.61816	0.536
Uterus	/media/kame/Data/_workings/resource/GTEv8//GTExv8.EUR.Uterus/ENSG00000233016.6.wgt.RDat	ENSG00000233016.6	9	136728183	136728184	0.816	rs7390663	-4.15	rs6874	0.447266	-6.98	0.91496	383	5	enet	0.34	3.2e-11	-0.89474	0.371
Uterus	/media/kame/Data/_workings/resource/GTEv8//GTExv8.EUR.Uterus/ENSG00000184925.11.wgt.RDat	ENSG00000184925.11	9	136949550	136949551	0.391	rs1142749	-5.2	rs11793787	0.358044	-6.33	0.15701	382	19	enet	0.3	5.8e-10	-0.1435	0.886
Uterus	/media/kame/Data/_workings/resource/GTEv8//GTExv8.EUR.Uterus/ENSG00000180539.7.wgt.RDat	ENSG00000180539.7	9	137027463	137027464	0.257	rs1142749	-5.24	rs4880201	-0.009417	3.17	1.72729	363	37	enet	-0.0089	0.8	1.91651	0.0553
Uterus	/media/kame/Data/_workings/resource/GTEv8//GTExv8.EUR.Uterus/ENSG00000268996.3.wgt.RDat	ENSG00000268996.3	9	137086816	137086817	0.365	rs1142749	-5.19	rs10870094	0.000824	3.64	-1.94886	364	32	enet	-0.0012	0.35	-2.01828	0.0436
Uterus	/media/kame/Data/_workings/resource/GTEv8//GTExv8.EUR.Uterus/ENSG00000177239.14.wgt.RDat	ENSG00000177239.14	9	137086926	137086927	0.25	rs1142749	-5.19	rs3750517	0.131362	4.53	0.73731	364	3	enet	0.052	0.011	0.78462	0.433
Uterus	/media/kame/Data/_workings/resource/GTEv8//GTExv8.EUR.Uterus/ENSG00000176978.13.wgt.RDat	ENSG00000176978.13	9	137115176	137115177	0.387	rs34223864	-5.76	rs7853336	0.030675	-4.08	-0.35592	365	15	enet	0.0094	0.16	0.93091	0.352
Uterus	/media/kame/Data/_workings/resource/GTEv8//GTExv8.EUR.Uterus/ENSG00000047056.14.wgt.RDat	ENSG00000047056.14	10	1049537	1049538	0.244	rs11253452	4.61	rs11253486	0.02261	-3.59	0.349473	511	50	enet	0.015	0.11	-0.5109	0.609
Uterus	/media/kame/Data/_workings/resource/GTEv8//GTExv8.EUR.Uterus/ENSG00000237399.7.wgt.RDat	ENSG00000237399.7	10	3141737	3141738	0.604	rs11251582	-6.12	rs4609511	0.22087	5.56	0.067253	719	27	enet	0.31	2.2e-10	0.0333	0.973
Uterus	/media/kame/Data/_workings/resource/GTEv8//GTExv8.EUR.Uterus/ENSG00000224251.6.wgt.RDat	ENSG00000224251.6	10	4995487	4995488	0.377	rs313477	5.34	rs10904435	0.16657	4.49	0.017216	638	50	enet	0.058	0.0073	-0.0768	0.939
Uterus	/media/kame/Data/_workings/resource/GTEv8//GTExv8.EUR.Uterus/ENSG00000196139.13.wgt.RDat	ENSG00000196139.13	10	5035353	5035354	0.459	rs313477	5.34	rs2151896	0.10216	-4.48	-0.200591	648	58	enet	0.11	0.00022	0.731	0.465
Uterus	/media/kame/Data/_workings/resource/GTEv8//GTExv8.EUR.Uterus/ENSG00000057608.16.wgt.RDat	ENSG00000057608.16	10	5842131	5842132	0.594	rs626344	5.87	rs4748572	0.04827	-4.5	0.527	685	9	enet	0.069	0.0036	-0.0568	0.955
Uterus	/media/kame/Data/_workings/resource/GTEv8//GTExv8.EUR.Uterus/ENSG00000212743.2.wgt.RDat	ENSG00000212743.2	10	6350315	6350316	0.492	rs626344	5.87	rs764189	0.00937	4.15	-0.608221	762	13	enet	0.059	0.0067	-0.284	0.776
Uterus	/media/kame/Data/_workings/resource/GTEv8//GTExv8.EUR.Uterus/ENSG00000151655.18.wgt.RDat	ENSG00000151655.18	10	7703268	7703269	0.264	rs10795560	-5.29	rs1312782	0.14216	-5.07	-0.047164	605	19	enet	0.085	0.0014	-0.0161	0.987
Uterus	/media/kame/Data/_workings/resource/GTEv8//GTExv8.EUR.Uterus/ENSG00000107537.13.wgt.RDat	ENSG00000107537.13	10	13302411	13302412	0.61	rs1890876	-7.11	rs4465274	0.00457	3.29	0.091468	691	43	enet	0.025	0.056	-0.9345	0.35
Uterus	/media/kame/Data/_workings/resource/GTEv8//GTExv8.EUR.Uterus/ENSG00000165626.16.wgt.RDat	ENSG00000165626.16	10	13528973	13528974	0.316	rs1890876	-7.11	rs11258531	-0.00635	-3.3	-0.931585	675	51	enet	-0.008	0.69	1.3499	0.177
Uterus	/media/kame/Data/_workings/resource/GTEv8//GTExv8.EUR.Uterus/ENSG00000239665.8.wgt.RDat	ENSG00000239665.8	10	13631142	13631143	0.329	rs1890876	-7.11	rs2274352	0.06966	-4.94	-1.78215	705	29	enet	0.084	0.0014	0.8865	0.375
Uterus	/media/kame/Data/_workings/resource/GTEv8//GTExv8.EUR.Uterus/ENSG00000165983.14.wgt.RDat	ENSG00000165983.14	10	16436942	16436943	0.346	rs11254160	-7.87	rs1489493	0.02703	3.84	-1.254615	535	32	enet	0.035	0.029	-0.0782	0.938
Uterus	/media/kame/Data/_workings/resource/GTEv8//GTExv8.EUR.Uterus/ENSG00000165985.9.wgt.RDat	ENSG00000165985.9	10	16522004	16522005	0.805	rs11254160	-7.87	rs7909832	0.35808	-6.49	-0.810359	592	18	enet	0.34	2.8e-11	0.5348	0.593
Uterus	/media/kame/Data/_workings/resource/GTEv8//GTExv8.EUR.Uterus/ENSG00000240291.1.wgt.RDat	ENSG00000240291.1	10	18545559	18545560	0.274	rs7477742	-10.63	rs7088091	0.11718	4.29	1.056923	593	13	enet	0.026	0.055	1.0934	0.274
Uterus	/media/kame/Data/_workings/resource/GTEv8//GTExv8.EUR.Uterus/ENSG00000241058.3.wgt.RDat	ENSG00000241058.3	10	18659284	18659285	0.422	rs7477742	-10.63	rs7098313	0.04425	-4	0.032957	579	26	enet	0.032	0.035	0.295	0.768
Uterus	/media/kame/Data/_workings/resource/GTEv8//GTExv8.EUR.Uterus/ENSG00000283709.1.wgt.RDat	ENSG00000283709.1	10	26944417	26944418	0.342	rs1748329	4.96	rs2780685	0.00607	4.05	-0.144999	442	8	enet	0.026	0.052	-0.8631	0.388
Uterus	/media/kame/Data/_workings/resource/GTEv8//GTExv8.EUR.Uterus/ENSG00000120539.14.wgt.RDat	ENSG00000120539.14	10	27155266	27155267	0.416	rs1748329	4.96	rs3737055	0.33157	-6.22	-1.615959	450	19	enet	0.29	1.1e-09	1.4736	0.141
Uterus	/media/kame/Data/_workings/resource/GTEv8//GTExv8.EUR.Uterus/ENSG00000224597.9.wgt.RDat	ENSG00000224597.9	10	29409401	29409402	0.427	rs7089591	-5.68	rs10082484	0.28885	5.64	-0.32849	714	8	enet	0.27	4.9e-09	-0.9315	0.352
Uterus	/media/kame/Data/_workings/resource/GTEv8//GTExv8.EUR.Uterus/ENSG00000216937.13.wgt.RDat	ENSG00000216937.13	10	32446139	32446140	0.259	rs7075248	3.85	rs3824602	0.05682	-3.65	0.903548	317	26	enet	0.069	0.0035	-0.1915	0.848
Uterus	/media/kame/Data/_workings/resource/GTEv8//GTExv8.EUR.Uterus/ENSG00000226386.1.wgt.RDat	ENSG00000226386.1	10	34815766	34815767	0.338	rs9787643	-6.12	rs2492456	0.0143	3.8	-2.116858	321	26	enet	0.13	9.8e-05	-1.4315	0.152
Uterus	/media/kame/Data/_workings/resource/GTEv8//GTExv8.EUR.Uterus/ENSG00000271335.5.wgt.RDat	ENSG00000271335.5	10	35336400	35336401	0.378	rs9787643	-6.12	rs7901241	0.3262	6.23	-1.909983	331	24	enet	0.26	1.1e-08	-1.6683	0.0953
Uterus	/media/kame/Data/_workings/resource/GTEv8//GTExv8.EUR.Uterus/ENSG00000226578.1.wgt.RDat	ENSG00000226578.1	10	37784130	37784131	0.103	rs7101183	-3.93	rs1148292	0.13664	-4.01	-0.305036	289	3	enet	0.041	0.02	0.3663	0.714
Uterus	/media/kame/Data/_workings/resource/GTEv8//GTExv8.EUR.Uterus/ENSG00000175395.15.wgt.RDat	ENSG00000175395.15	10	37976632	37976633	0.264	rs7101183	-3.93	rs17575387	0.27678	5.73	-0.112587	260	65	enet	0.29	1.5e-09	-0.0608	0.952
Uterus	/media/kame/Data/_workings/resource/GTEv8//GTExv8.EUR.Uterus/ENSG00000215146.4.wgt.RDat	ENSG00000215146.4	10	42367973	42367974	0.429	rs11239623	5.13	rs2505807	0.34284	6.61	2.555341	182	27	enet	0.37	1.7e-12	0.4449	0.656
Uterus	/media/kame/Data/_workings/resource/GTEv8//GTExv8.EUR.Uterus/ENSG00000182632.15.wgt.RDat	ENSG00000182632.15	10	42475348	42475349	0.494	rs788247	-4.53	rs2801943	0.17022	-5.45	3.014709	236	38	enet	0.25	2.1e-08	1.2036	0.229
Uterus	/media/kame/Data/_workings/resource/GTEv8//GTExv8.EUR.Uterus/ENSG00000185904.11.wgt.RDat	ENSG00000185904.11	10	42475542	42475543	0.578	rs788247	-4.53	rs2801023	0.27147	5.85	2.122548	236	20	enet	0.33	6.1e-11	1.9802	0.0477
Uterus	/media/kame/Data/_workings/resource/GTEv8//GTExv8.EUR.Uterus/ENSG00000196693.14.wgt.RDat	ENSG00000196693.14	10	42638552	42638553	0.297	rs788247	-4.53	rs210271	0.16855	-4.36	1.592203	316	37	enet	0.15	2.4e-05	-0.3219	0.747
Uterus	/media/kame/Data/_workings/resource/GTEv8//GTExv8.EUR.Uterus/ENSG00000259869.1.wgt.RDat	ENSG00000259869.1	10	42752144	42752145	0.246	rs788247	-4.53	rs9804345	0.06336	-4.12	-0.029673	351	9	enet	0.021	0.071	1.6114	0.107
Uterus	/media/kame/Data/_workings/resource/GTEv8//GTExv8.EUR.Uterus/ENSG00000165731.18.wgt.RDat	ENSG00000165731.18	10	43077026	43077027	0.34	rs788247	-4.53	rs2460543	0.1267	-4.95	0.427108	378	30	enet	0.13	6.8e-05	-0.8354	0.404
Uterus	/media/kame/Data/_workings/resource/GTEv8//GTExv8.EUR.Uterus/ENSG00000169826.7.wgt.RDat	ENSG00000169826.7	10	43138485	43138486	0.448	rs788247	-4.53	rs2075912	0.40246	6.7	0.480958	390	18	enet	0.35	1.1e-11	0.3167	0.752
Uterus	/media/kame/Data/_workings/resource/GTEv8//GTExv8.EUR.Uterus/ENSG00000107562.16.wgt.RDat	ENSG00000107562.16	10	44386492	44386493	0.297	rs17157106	4.84	rs268325	-0.009	-3.44	0.247795	515	19	enet	0.00031	0.31	-0.5916	0.554
Uterus	/media/kame/Data/_workings/resource/GTEv8//GTExv8.EUR.Uterus/ENSG00000230869.1.wgt.RDat	ENSG00000230869.1	10	45678691	45678692	0.715	rs17441991	4.39	rs10761581	0.16744	4.96	-0.351174	229	40	enet	0.19	2e-06	1.6826	0.0925
Uterus	/media/kame/Data/_workings/resource/GTEv8//GTExv8.EUR.Uterus/ENSG00000172661.17.wgt.RDat	ENSG00000172661.17	10	45727231	45727232	0.31	rs17441991	4.39	rs11239528	0.1522	-4.8	0.511636	220	14	enet	0.14	3.5e-05	-0.4017	0.688
Uterus	/media/kame/Data/_workings/resource/GTEv8//GTExv8.EUR.Uterus/ENSG00000265018.6.wgt.RDat	ENSG00000265018.6	10	48031639	48031640	0.526	rs7898026	5.16	rs769008	0.1301	-3.91	0.002994	153	17	enet	0.11	0.00028	-0.6822	0.495
Uterus	/media/kame/Data/_workings/resource/GTEv8//GTExv8.EUR.Uterus/ENSG00000128805.14.wgt.RDat	ENSG00000128805.14	10	48656264	48656265	0.579	rs7898026	5.16	rs1806437	0.13313	4.87	-0.17047	597	40	enet	0.079	0.0019	0.4998	0.617
Uterus	/media/kame/Data/_workings/resource/GTEv8//GTExv8.EUR.Uterus/ENSG00000225830.12.wgt.RDat	ENSG00000225830.12	10	49539537	49539538	0.412	rs2229760	6.69	rs7898545	0.15986	4.92	4.406954	415	16	enet	0.11	0.00038	0.522	0.602
Uterus	/media/kame/Data/_workings/resource/GTEv8//GTExv8.EUR.Uterus/ENSG00000204152.10.wgt.RDat	ENSG00000204152.10	10	49942032	49942033	0.234	rs2229760	6.69	rs717721	0.00856	-4.05	5.227042	341	23	enet	0.012	0.13	-2.6236	0.0087
Uterus	/media/kame/Data/_workings/resource/GTEv8//GTExv8.EUR.Uterus/ENSG00000204149.10.wgt.RDat	ENSG00000204149.10	10	49982189	49982190	0.521	rs10776583	6.6	rs2002273	0.1749	-5.01	3.654734	343	21	enet	0.2	9e-07	-2.2313	0.0257
Uterus	/media/kame/Data/_workings/resource/GTEv8//GTExv8.EUR.Uterus/ENSG00000188611.14.wgt.RDat	ENSG00000188611.14	10	50248609	50248610	0.564	rs717721	5.23	rs4497350	0.31277	-5.84	0.326535	299	32	enet	0.25	2.7e-08	-1.2574	0.209
Uterus	/media/kame/Data/_workings/resource/GTEv8//GTExv8.EUR.Uterus/ENSG00000231345.3.wgt.RDat	ENSG00000231345.3	10	50655966	50655967	0.496	rs11006233	-4.75	rs4935734	0.32809	-5.96	-4.524054	422	15	enet	0.32	1.3e-10	3.3836	0.000715
Uterus	/media/kame/Data/_workings/resource/GTEv8//GTExv8.EUR.Uterus/ENSG00000183346.6.wgt.RDat	ENSG00000183346.6	10	61662960	61662961	0.361	rs4979770	5.67	rs2068755	0.33525	6.19	-1.09564	421	12	enet	0.28	2.7e-09	-1.0523	0.293
Uterus	/media/kame/Data/_workings/resource/GTEv8//GTExv8.EUR.Uterus/ENSG00000148572.15.wgt.RDat	ENSG00000148572.15	10	63133246	63133247	0.273	rs16918155	-5.08	rs7068145	0.01011	3.6	-2.396223	383	21	enet	0.022	0.067	0.0992	0.921
Uterus	/media/kame/Data/_workings/resource/GTEv8//GTExv8.EUR.Uterus/ENSG00000228065.10.wgt.RDat	ENSG00000228065.10	10	65570337	65570338	0.55	rs1579155	-6.51	rs7094716	0.28264	5.76	0.551981	543	18	enet	0.24	6.4e-08	0.5271	0.598
Uterus	/media/kame/Data/_workings/resource/GTEv8//GTExv8.EUR.Uterus/ENSG00000204130.12.wgt.RDat	ENSG00000204130.12	10	68407293	68407294	0.19	rs10823120	-6.76	rs7084597	0.11656	4.45	-2.318555	392	9	enet	0.044	0.017	-2.6897	0.00715
Uterus	/media/kame/Data/_workings/resource/GTEv8//GTExv8.EUR.Uterus/ENSG00000138346.14.wgt.RDat	ENSG00000138346.14	10	68472120	68472121	0.453	rs534611	-6.31	rs1136645	0.27211	-6.06	-3.004322	383	16	enet	0.26	8.5e-09	2.8601	0.00424
Uterus	/media/kame/Data/_workings/resource/GTEv8//GTExv8.EUR.Uterus/ENSG00000165730.14.wgt.RDat	ENSG00000165730.14	10	68827540	68827541	0.332	rs10823277	-4.58	rs12268631	0.17346	5.52	0.922932	394	25	enet	0.18	4e-06	0.4963	0.62
Uterus	/media/kame/Data/_workings/resource/GTEv8//GTExv8.EUR.Uterus/ENSG00000079332.14.wgt.RDat	ENSG00000079332.14	10	70170522	70170523	0.374	rs885821	-5.84	rs15801	0.00222	3.75	0.092021	698	14	enet	-0.0041	0.45	-0.0873	0.93
Uterus	/media/kame/Data/_workings/resource/GTEv8//GTExv8.EUR.Uterus/ENSG00000180817.11.wgt.RDat	ENSG00000180817.11	10	70233910	70233911	0.334	rs885821	-5.84	rs10999211	0.03496	4.52	0.024284	697	23	enet	0.056	0.0082	0.2414	0.809
Uterus	/media/kame/Data/_workings/resource/GTEv8//GTExv8.EUR.Uterus/ENSG00000107736.19.wgt.RDat	ENSG00000107736.19	10	71396933	71396934	0.44	rs10823679	-8.2	rs10823760	0.434	6.84	0.127495	686	33	enet	0.43	1.5e-14	0.3632	0.716
Uterus	/media/kame/Data/_workings/resource/GTEv8//GTExv8.EUR.Uterus/ENSG00000107745.17.wgt.RDat	ENSG00000107745.17	10	72626190	72626191	0.159	rs11000214	1.82	rs9416017	0.07178	4.16	0.838314	256	43	enet	0.038	0.024	0.0853	0.932
Uterus	/media/kame/Data/_workings/resource/GTEv8//GTExv8.EUR.Uterus/ENSG00000166321.13.wgt.RDat	ENSG00000166321.13	10	73110374	73110375	0.29	rs4746136	1.43	rs12258500	0.19918	-5.05	-0.38534	219	122	enet	0.19	1.2e-06	0.2962	0.767
Uterus	/media/kame/Data/_workings/resource/GTEv8//GTExv8.EUR.Uterus/ENSG00000236756.4.wgt.RDat	ENSG00000236756.4	10	73272812	73272813	0.121	rs3781216	2.05	rs6480664	0.14843	-4.3	-0.216053	222	92	enet	0.11	0.00029	0.263	0.793
Uterus	/media/kame/Data/_workings/resource/GTEv8//GTExv8.EUR.Uterus/ENSG00000156042.17.wgt.RDat	ENSG00000156042.17	10	73358858	73358859	0.142	rs4746150	2.49	rs12258500	0.02089	-3.08	-0.38534	221	88	enet	-0.0011	0.35	0.0727	0.942
Uterus	/media/kame/Data/_workings/resource/GTEv8//GTExv8.EUR.Uterus/ENSG00000242338.6.wgt.RDat	ENSG00000242338.6	10	73730468	73730469	0.404	rs11000828	2.68	rs2271271	0.05905	-3.96	0.1026	244	13	enet	0.005	0.22	-0.6033	0.546
Uterus	/media/kame/Data/_workings/resource/GTEv8//GTExv8.EUR.Uterus/ENSG00000148655.14.wgt.RDat	ENSG00000148655.14	10	75431452	75431453	0.4	rs9416063	5.25	rs7078507	0.21062	-5.47	1.67989	363	23	enet	0.14	3.7e-05	-1.6129	0.107
Uterus	/media/kame/Data/_workings/resource/GTEv8//GTExv8.EUR.Uterus/ENSG00000213513.3.wgt.RDat	ENSG00000213513.3	10	77781875	77781876	0.275	rs1866593	-5.38	rs816855	-0.00181	-3.71	0.539187	531	35	enet	-0.0088	0.79	-0.817	0.414
Uterus	/media/kame/Data/_workings/resource/GTEv8//GTExv8.EUR.Uterus/ENSG00000151208.16.wgt.RDat	ENSG00000151208.16	10	77926525	77926526	0.283	rs1866593	-5.38	rs2579178	0.1886	4.77	-0.08063	512	29	enet	0.18	2.8e-06	0.2555	0.798
Uterus	/media/kame/Data/_workings/resource/GTEv8//GTExv8.EUR.Uterus/ENSG00000224596.7.wgt.RDat	ENSG00000224596.7	10	79067894	79067895	0.385	rs2802372	-4.51	rs3936399	0.00904	-4.3	0.068228	565	22	enet	0.024	0.061	-0.1155	0.908
Uterus	/media/kame/Data/_workings/resource/GTEv8//GTExv8.EUR.Uterus/ENSG00000244733.5.wgt.RDat	ENSG00000244733.5	10	79660890	79660891	0.255	rs2802372	-4.51	rs10885307	0.15722	-4.22	1.50705	333	19	enet	0.12	0.00017	-0.1946	0.846
Uterus	/media/kame/Data/_workings/resource/GTEv8//GTExv8.EUR.Uterus/ENSG00000188199.10.wgt.RDat	ENSG00000188199.10	10	79703226	79703227	0.286	rs2802372	-4.51	rs10885307	0.25604	-5.3	1.249938	321	6	enet	0.17	5.5e-06	-0.4871	0.626
Uterus	/media/kame/Data/_workings/resource/GTEv8//GTExv8.EUR.Uterus/ENSG00000225484.6.wgt.RDat	ENSG00000225484.6	10	79825781	79825782	0.449	rs1885553	-4.48	rs1051246	0.02875	-4.09	-7.1e-05	316	7	enet	0.0033	0.25	-0.3466	0.729
Uterus	/media/kame/Data/_workings/resource/GTEv8//GTExv8.EUR.Uterus/ENSG00000242600.8.wgt.RDat	ENSG00000242600.8	10	79920177	79920178	0.353	rs1885553	-4.48	rs2181204	0.14699	4.95	0.065306	301	14	enet	0.17	5e-06	0.0522	0.958
Uterus	/media/kame/Data/_workings/resource/GTEv8//GTExv8.EUR.Uterus/ENSG00000133661.15.wgt.RDat	ENSG00000133661.15	10	79982613	79982614	0.392	rs1885553	-4.48	rs2256573	0.1072	-4.64	-3.155609	304	22	enet	0.17	4.8e-06	0.4671	0.64
Uterus	/media/kame/Data/_workings/resource/GTEv8//GTExv8.EUR.Uterus/ENSG00000230091.6.wgt.RDat	ENSG00000230091.6	10	80078911	80078912	0.831	rs1885553	-4.48	rs3824727	0.36636	6.7	-0.057428	344	19	enet	0.44	3.8e-15	-0.6124	0.54
Uterus	/media/kame/Data/_workings/resource/GTEv8//GTExv8.EUR.Uterus/ENSG00000122375.11.wgt.RDat	ENSG00000122375.11	10	86654556	86654557	0.296	rs12357176	4.55	rs2803567	0.12607	4.18	-2.021447	392	44	enet	0.061	0.006	-1.0823	0.279
Uterus	/media/kame/Data/_workings/resource/GTEv8//GTExv8.EUR.Uterus/ENSG00000184923.12.wgt.RDat	ENSG00000184923.12	10	87225447	87225448	0.365	rs2755427	3.66	rs10887668	0.01328	3.34	-0.10906	271	39	enet	0.087	0.0012	0.2644	0.791
Uterus	/media/kame/Data/_workings/resource/GTEv8//GTExv8.EUR.Uterus/ENSG00000152778.8.wgt.RDat	ENSG00000152778.8	10	89414585	89414586	0.391	rs7908760	-5.23	rs303212	0.26557	-5.84	0.344981	550	17	enet	0.32	9e-11	-0.3756	0.707
Uterus	/media/kame/Data/_workings/resource/GTEv8//GTExv8.EUR.Uterus/ENSG00000235100.3.wgt.RDat	ENSG00000235100.3	10	89699670	89699671	0.281	rs7908760	-5.23	rs303208	0.00914	-3.44	0.455172	499	24	enet	-0.0062	0.56	1.3577	0.175
Uterus	/media/kame/Data/_workings/resource/GTEv8//GTExv8.EUR.Uterus/ENSG00000232229.5.wgt.RDat	ENSG00000232229.5	10	89829509	89829510	0.781	rs10509577	-3.71	rs1125326	0.57362	7.86	-0.536301	482	8	enet	0.51	5.7e-18	-0.4798	0.631
Uterus	/media/kame/Data/_workings/resource/GTEv8//GTExv8.EUR.Uterus/ENSG00000228701.1.wgt.RDat	ENSG00000228701.1	10	91798290	91798291	0.443	rs1891275	-7.68	rs2066276	0.46943	7.21	0.232417	304	12	enet	0.45	1.3e-15	0.1115	0.911
Uterus	/media/kame/Data/_workings/resource/GTEv8//GTExv8.EUR.Uterus/ENSG00000107854.5.wgt.RDat	ENSG00000107854.5	10	91798311	91798312	0.227	rs1891275	-7.68	rs932820	0.23605	5.13	-0.396206	304	21	enet	0.17	6.1e-06	-1.0602	0.289
Uterus	/media/kame/Data/_workings/resource/GTEv8//GTExv8.EUR.Uterus/ENSG00000232709.1.wgt.RDat	ENSG00000232709.1	10	92418666	92418667	0.328	rs11186852	5.73	rs11187025	0.15765	4.56	-0.538723	331	27	enet	0.064	0.005	-0.7166	0.474
Uterus	/media/kame/Data/_workings/resource/GTEv8//GTExv8.EUR.Uterus/ENSG00000173145.11.wgt.RDat	ENSG00000173145.11	10	94362958	94362959	0.193	rs12217597	4.98	rs17516758	0.07816	4.42	1.054121	329	17	enet	0.075	0.0025	1.2246	0.221
Uterus	/media/kame/Data/_workings/resource/GTEv8//GTExv8.EUR.Uterus/ENSG00000119969.14.wgt.RDat	ENSG00000119969.14	10	94501433	94501434	0.175	rs12217597	4.98	rs692872	0.05866	3.58	0.125249	338	30	enet	0.019	0.082	0.2996	0.765
Uterus	/media/kame/Data/_workings/resource/GTEv8//GTExv8.EUR.Uterus/ENSG00000235677.1.wgt.RDat	ENSG00000235677.1	10	96560184	96560185	0.357	rs7077344	5.89	rs4919029	0.24225	-5.66	-3.248606	459	10	enet	0.16	9.4e-06	3.938	8.21e-05
Uterus	/media/kame/Data/_workings/resource/GTEv8//GTExv8.EUR.Uterus/ENSG00000187122.16.wgt.RDat	ENSG00000187122.16	10	97185919	97185920	0.476	rs4919096	-12.39	rs1468069	0.34657	6.16	-9.766807	424	26	enet	0.32	1.2e-10	-7.1853	6.71e-13
Uterus	/media/kame/Data/_workings/resource/GTEv8//GTExv8.EUR.Uterus/ENSG00000155229.20.wgt.RDat	ENSG00000155229.20	10	97498793	97498794	0.542	rs4919096	-12.39	rs4919144	-0.00393	-3.06	0.920431	483	26	enet	9e-04	0.3	-2.2036	0.0276
Uterus	/media/kame/Data/_workings/resource/GTEv8//GTExv8.EUR.Uterus/ENSG00000119943.12.wgt.RDat	ENSG00000119943.12	10	98415183	98415184	0.395	rs508001	4.06	rs7914401	0.35185	6.28	1.174907	486	16	enet	0.3	4.2e-10	1.0192	0.308
Uterus	/media/kame/Data/_workings/resource/GTEv8//GTExv8.EUR.Uterus/ENSG00000014919.12.wgt.RDat	ENSG00000014919.12	10	99732099	99732100	0.32	rs2490287	-5.34	rs3793935	0.04956	-3.76	-2.031464	444	18	enet	-0.0046	0.48	0.297	0.766
Uterus	/media/kame/Data/_workings/resource/GTEv8//GTExv8.EUR.Uterus/ENSG00000095485.16.wgt.RDat	ENSG00000095485.16	10	100267679	100267680	0.29	rs9888058	-5.1	rs9888058	0.23268	5.54	-5.098023	382	10	enet	0.25	2.4e-08	-3.0494	0.00229
Uterus	/media/kame/Data/_workings/resource/GTEv8//GTExv8.EUR.Uterus/ENSG00000196072.11.wgt.RDat	ENSG00000196072.11	10	100286711	100286712	0.21	rs9888058	-5.1	rs11597086	0.18993	4.92	-2.842541	389	10	enet	0.14	3.5e-05	-2.132	0.033
Uterus	/media/kame/Data/_workings/resource/GTEv8//GTExv8.EUR.Uterus/ENSG00000075826.16.wgt.RDat	ENSG00000075826.16	10	100519863	100519864	0.267	rs9888058	-5.1	rs10883513	0.20354	-4.93	0.755324	410	39	enet	0.16	1.2e-05	-0.4885	0.625
Uterus	/media/kame/Data/_workings/resource/GTEv8//GTExv8.EUR.Uterus/ENSG00000055950.16.wgt.RDat	ENSG00000055950.16	10	100987365	100987366	0.431	rs807051	-6.75	rs10786611	0.22565	5.06	0.008103	408	12	enet	0.14	3.7e-05	-0.0464	0.963
Uterus	/media/kame/Data/_workings/resource/GTEv8//GTExv8.EUR.Uterus/ENSG00000166171.12.wgt.RDat	ENSG00000166171.12	10	101570559	101570560	0.209	rs10883688	6.05	rs4244347	0.06983	-3.87	-0.008626	309	26	enet	0.096	0.00069	-0.0366	0.971
Uterus	/media/kame/Data/_workings/resource/GTEv8//GTExv8.EUR.Uterus/ENSG00000166197.16.wgt.RDat	ENSG00000166197.16	10	102152175	102152176	0.178	rs10883688	6.05	rs4919624	0.08607	4.02	1.070786	276	10	enet	0.082	0.0016	0.5765	0.564
Uterus	/media/kame/Data/_workings/resource/GTEv8//GTExv8.EUR.Uterus/ENSG00000269609.5.wgt.RDat	ENSG00000269609.5	10	102449816	102449817	0.257	rs10883782	8.04	rs11191439	0.06811	-4.23	1.376809	338	33	enet	0.089	0.001	-3.0444	0.00233
Uterus	/media/kame/Data/_workings/resource/GTEv8//GTExv8.EUR.Uterus/ENSG00000138111.14.wgt.RDat	ENSG00000138111.14	10	102461394	102461395	0.391	rs10883782	8.04	rs7342070	0.23092	5.46	-1.696977	337	35	enet	0.18	2.6e-06	-3.1992	0.00138
Uterus	/media/kame/Data/_workings/resource/GTEv8//GTExv8.EUR.Uterus/ENSG00000166275.15.wgt.RDat	ENSG00000166275.15	10	102854222	102854223	0.296	rs10883782	8.04	rs4919690	0.15945	-4.51	0.968459	343	9	enet	0.14	3.9e-05	-0.3564	0.722
Uterus	/media/kame/Data/_workings/resource/GTEv8//GTExv8.EUR.Uterus/ENSG00000214435.7.wgt.RDat	ENSG00000214435.7	10	102869515	102869516	0.333	rs10883782	8.04	rs7096169	0.22177	-5.56	4.366114	343	20	enet	0.2	8.1e-07	-2.5381	0.0111
Uterus	/media/kame/Data/_workings/resource/GTEv8//GTExv8.EUR.Uterus/ENSG00000065621.14.wgt.RDat	ENSG00000065621.14	10	104268872	104268873	0.284	rs11599236	6.11	rs1865926	0.13627	-5.26	-1.375207	420	23	enet	0.1	0.00045	1.1761	0.24
Uterus	/media/kame/Data/_workings/resource/GTEv8//GTExv8.EUR.Uterus/ENSG00000148700.14.wgt.RDat	ENSG00000148700.14	10	109996367	109996368	0.193	rs2501574	-3.32	rs734163	0.01909	3.94	-0.00354	333	34	enet	0.011	0.14	-0.6647	0.506
Uterus	/media/kame/Data/_workings/resource/GTEv8//GTExv8.EUR.Uterus/ENSG00000150594.6.wgt.RDat	ENSG00000150594.6	10	111077162	111077163	0.233	rs10749041	4.29	rs1914115	-0.00281	-3.27	0.000841	543	27	enet	-0.0095	0.97	-0.7865	0.432
Uterus	/media/kame/Data/_workings/resource/GTEv8//GTExv8.EUR.Uterus/ENSG00000119927.13.wgt.RDat	ENSG00000119927.13	10	112215376	112215377	0.332	rs12357565	3.15	rs2251579	-0.0092	3.28	-1.127951	466	40	enet	0.012	0.13	0.2738	0.784
Uterus	/media/kame/Data/_workings/resource/GTEv8//GTExv8.EUR.Uterus/ENSG00000023041.11.wgt.RDat	ENSG00000023041.11	10	112446916	112446917	0.347	rs17129806	-3.11	rs11195939	0.00855	-3.62	0.017604	439	32	enet	0.02	0.079	-0.0322	0.974
Uterus	/media/kame/Data/_workings/resource/GTEv8//GTExv8.EUR.Uterus/ENSG00000233547.1.wgt.RDat	ENSG00000233547.1	10	112951874	112951875	0.392	rs7089262	-4.81	rs7094463	0.07102	4.14	-2.76667	481	45	enet	0.081	0.0018	-0.9895	0.322
Uterus	/media/kame/Data/_workings/resource/GTEv8//GTExv8.EUR.Uterus/ENSG00000165806.19.wgt.RDat	ENSG00000165806.19	10	113679161	113679162	0.335	rs3127080	-4.88	rs11196455	0.01772	3.72	-1.107412	595	36	enet	0.048	0.014	0.7452	0.456
Uterus	/media/kame/Data/_workings/resource/GTEv8//GTExv8.EUR.Uterus/ENSG00000277879.1.wgt.RDat	ENSG00000277879.1	10	117268667	117268668	0.412	rs181676	5.65	rs363279	0.24427	5.36	0.073189	485	23	enet	0.091	0.00091	0.6412	0.521
Uterus	/media/kame/Data/_workings/resource/GTEv8//GTExv8.EUR.Uterus/ENSG00000165650.11.wgt.RDat	ENSG00000165650.11	10	117375466	117375467	0.443	rs181676	5.65	rs181440	0.11174	-4.5	-0.311912	537	19	enet	0.089	0.0011	0.377	0.706
Uterus	/media/kame/Data/_workings/resource/GTEv8//GTExv8.EUR.Uterus/ENSG00000183605.16.wgt.RDat	ENSG00000183605.16	10	119165666	119165667	0.609	rs494469	-4.74	rs10749291	0.49685	7.35	0.704821	482	7	enet	0.45	2.3e-15	0.2347	0.814
Uterus	/media/kame/Data/_workings/resource/GTEv8//GTExv8.EUR.Uterus/ENSG00000198873.11.wgt.RDat	ENSG00000198873.11	10	119207588	119207589	0.341	rs494469	-4.74	rs7068576	0.05309	3.84	-0.219037	488	24	enet	-0.00072	0.34	-0.1882	0.851
Uterus	/media/kame/Data/_workings/resource/GTEv8//GTExv8.EUR.Uterus/ENSG00000120008.15.wgt.RDat	ENSG00000120008.15	10	120851345	120851346	0.384	rs10788079	-4.29	rs10886788	0.19129	-4.91	-0.02645	609	32	enet	0.14	3.9e-05	-0.0881	0.93
Uterus	/media/kame/Data/_workings/resource/GTEv8//GTExv8.EUR.Uterus/ENSG00000271670.1.wgt.RDat	ENSG00000271670.1	10	120880666	120880667	0.398	rs10788079	-4.29	rs10886788	0.023	-3.69	-0.02645	611	37	enet	0.013	0.12	0.5931	0.553
Uterus	/media/kame/Data/_workings/resource/GTEv8//GTExv8.EUR.Uterus/ENSG00000138152.8.wgt.RDat	ENSG00000138152.8	10	122271305	122271306	0.722	rs4751881	-5.37	rs9630110	0.4578	-7.01	0.190267	593	23	enet	0.38	1.4e-12	0.0108	0.991
Uterus	/media/kame/Data/_workings/resource/GTEv8//GTExv8.EUR.Uterus/ENSG00000254636.1.wgt.RDat	ENSG00000254636.1	10	122454652	122454653	0.372	rs4751881	-5.37	rs2736911	0.31311	5.8	1.752687	609	12	enet	0.17	4.5e-06	1.9743	0.0483
Uterus	/media/kame/Data/_workings/resource/GTEv8//GTExv8.EUR.Uterus/ENSG00000203791.14.wgt.RDat	ENSG00000203791.14	10	124791869	124791870	0.252	rs1124734	5.53	rs10901773	0.01648	3.9	-1.957491	558	13	enet	0.034	0.032	-0.6463	0.518
Uterus	/media/kame/Data/_workings/resource/GTEv8//GTExv8.EUR.Uterus/ENSG00000170430.9.wgt.RDat	ENSG00000170430.9	10	129467183	129467184	0.41	rs7905095	6.7	rs477692	0.2061	5.59	-3.083388	591	24	enet	0.16	1.5e-05	-2.6622	0.00776
Uterus	/media/kame/Data/_workings/resource/GTEv8//GTExv8.EUR.Uterus/ENSG00000151640.12.wgt.RDat	ENSG00000151640.12	10	132186899	132186900	0.74	rs7912273	5.03	rs2637656	0.37236	7.13	0.220031	436	31	enet	0.55	4.1e-20	0.1841	0.854
Uterus	/media/kame/Data/_workings/resource/GTEv8//GTExv8.EUR.Uterus/ENSG00000148814.17.wgt.RDat	ENSG00000148814.17	10	132332153	132332154	0.402	rs7912273	5.03	rs12269628	0.10713	4.3	-0.609927	431	10	enet	0.13	7.1e-05	-0.6036	0.546
Uterus	/media/kame/Data/_workings/resource/GTEv8//GTExv8.EUR.Uterus/ENSG00000240707.2.wgt.RDat	ENSG00000240707.2	10	132965533	132965534	0.225	rs7912273	5.03	rs7906120	0.02815	-4.08	-0.307182	413	13	enet	0.037	0.027	0.024	0.981
Uterus	/media/kame/Data/_workings/resource/GTEv8//GTExv8.EUR.Uterus/ENSG00000148824.18.wgt.RDat	ENSG00000148824.18	10	133394093	133394094	0.353	rs9419288	4	rs10857733	0.12041	4.5	-0.166933	333	19	enet	0.19	2e-06	0.2564	0.798
Uterus	/media/kame/Data/_workings/resource/GTEv8//GTExv8.EUR.Uterus/ENSG00000214279.13.wgt.RDat	ENSG00000214279.13	10	133453945	133453946	0.35	rs9419288	4	rs11101913	0.03213	3.69	0.826903	309	31	enet	0.11	0.00025	-0.7159	0.474
Uterus	/media/kame/Data/_workings/resource/GTEv8//GTExv8.EUR.Uterus/ENSG00000277290.1.wgt.RDat	ENSG00000277290.1	11	243482	243483	0.376	rs3817637	2.97	rs2272563	0.264542	5.75	0.52346	295	22	enet	0.25	2.6e-08	0.7279	0.467
Uterus	/media/kame/Data/_workings/resource/GTEv8//GTExv8.EUR.Uterus/ENSG00000185187.12.wgt.RDat	ENSG00000185187.12	11	417396	417397	0.315	rs11246226	-2.87	rs11748	0.110075	-4.46	0.37817	373	5	enet	0.03	0.041	-0.369	0.712
Uterus	/media/kame/Data/_workings/resource/GTEv8//GTExv8.EUR.Uterus/ENSG00000174775.16.wgt.RDat	ENSG00000174775.16	11	537286	537287	0.376	rs11246226	-2.87	rs11246164	0.021294	-3.57	-0.06582	429	14	enet	0.007	0.19	1.1081	0.268
Uterus	/media/kame/Data/_workings/resource/GTEv8//GTExv8.EUR.Uterus/ENSG00000177042.14.wgt.RDat	ENSG00000177042.14	11	695532	695533	0.743	rs11246226	-2.87	rs11246262	0.243063	-6.26	0.04253	477	16	enet	0.35	1.1e-11	-0.4389	0.661
Uterus	/media/kame/Data/_workings/resource/GTEv8//GTExv8.EUR.Uterus/ENSG00000255284.1.wgt.RDat	ENSG00000255284.1	11	777577	777578	0.442	rs11246226	-2.87	rs12224894	0.284167	5.78	1.43205	429	12	enet	0.22	2e-07	1.2488	0.212
Uterus	/media/kame/Data/_workings/resource/GTEv8//GTExv8.EUR.Uterus/ENSG00000279672.1.wgt.RDat	ENSG00000279672.1	11	779616	779617	0.793	rs11246226	-2.87	rs4963153	0.478593	7.17	0.16198	431	83	enet	0.41	6.8e-14	-0.0301	0.976
Uterus	/media/kame/Data/_workings/resource/GTEv8//GTExv8.EUR.Uterus/ENSG00000255142.1.wgt.RDat	ENSG00000255142.1	11	781644	781645	0.644	rs868903	-2.97	rs4963153	0.249063	5.88	0.16198	432	13	enet	0.26	1.4e-08	0.1537	0.878
Uterus	/media/kame/Data/_workings/resource/GTEv8//GTExv8.EUR.Uterus/ENSG00000177697.17.wgt.RDat	ENSG00000177697.17	11	832883	832884	0.491	rs11246226	-2.87	rs6762	0.260245	-5.61	0.67218	418	4	enet	0.14	4.4e-05	-0.4801	0.631
Uterus	/media/kame/Data/_workings/resource/GTEv8//GTExv8.EUR.Uterus/ENSG00000177830.17.wgt.RDat	ENSG00000177830.17	11	915057	915058	0.384	rs11822087	-3.28	rs12577104	0.183111	4.54	-0.07124	406	43	enet	0.13	6.4e-05	-0.4345	0.664
Uterus	/media/kame/Data/_workings/resource/GTEv8//GTExv8.EUR.Uterus/ENSG00000078902.15.wgt.RDat	ENSG00000078902.15	11	1309653	1309654	0.256	rs1106245	-5.25	rs7126405	-0.007915	-3.71	1.36278	412	11	enet	0.0019	0.28	-0.3358	0.737
Uterus	/media/kame/Data/_workings/resource/GTEv8//GTExv8.EUR.Uterus/ENSG00000214026.10.wgt.RDat	ENSG00000214026.10	11	1947277	1947278	0.43	rs1106245	-5.25	rs7395920	0.167228	-4.49	-0.964	420	2	enet	0.11	0.00038	0.989	0.323
Uterus	/media/kame/Data/_workings/resource/GTEv8//GTExv8.EUR.Uterus/ENSG00000110628.13.wgt.RDat	ENSG00000110628.13	11	2899790	2899791	0.366	rs6578314	-5.97	rs450208	0.210376	5.67	0.18598	483	11	enet	0.32	9.8e-11	1.2036	0.229
Uterus	/media/kame/Data/_workings/resource/GTEv8//GTExv8.EUR.Uterus/ENSG00000183562.3.wgt.RDat	ENSG00000183562.3	11	2989862	2989863	0.66	rs6578314	-5.97	rs16928841	0.304037	5.92	0.43295	460	20	enet	0.24	4.6e-08	0.4008	0.689
Uterus	/media/kame/Data/_workings/resource/GTEv8//GTExv8.EUR.Uterus/ENSG00000236710.1.wgt.RDat	ENSG00000236710.1	11	3085442	3085443	0.414	rs6578314	-5.97	rs895563	0.091447	-5.29	-0.69112	424	10	enet	0.13	1e-04	0.7843	0.433
Uterus	/media/kame/Data/_workings/resource/GTEv8//GTExv8.EUR.Uterus/ENSG00000167325.14.wgt.RDat	ENSG00000167325.14	11	4094706	4094707	0.375	rs11600857	5	rs725519	0.271282	5.64	0.4782	499	21	enet	0.26	1e-08	0.4244	0.671
Uterus	/media/kame/Data/_workings/resource/GTEv8//GTExv8.EUR.Uterus/ENSG00000175518.6.wgt.RDat	ENSG00000175518.6	11	5516704	5516705	0.295	rs16934565	-4.46	rs10500648	0.055515	4.1	0.05333	871	16	enet	0.14	5.3e-05	-0.1678	0.867
Uterus	/media/kame/Data/_workings/resource/GTEv8//GTExv8.EUR.Uterus/ENSG00000224295.2.wgt.RDat	ENSG00000224295.2	11	5524954	5524955	0.551	rs16934565	-4.46	rs6578672	0.007829	3.62	-0.29603	876	118	enet	0.069	0.0036	-0.9785	0.328
Uterus	/media/kame/Data/_workings/resource/GTEv8//GTExv8.EUR.Uterus/ENSG00000130413.15.wgt.RDat	ENSG00000130413.15	11	8594288	8594289	0.599	rs2073685	8.35	rs11042008	0.010067	-4.67	0.88749	498	29	enet	0.091	0.00094	1.262	0.207
Uterus	/media/kame/Data/_workings/resource/GTEv8//GTExv8.EUR.Uterus/ENSG00000166436.15.wgt.RDat	ENSG00000166436.15	11	8671865	8671866	0.545	rs2073685	8.35	rs10840106	0.325601	6.2	3.40727	486	11	enet	0.24	4.8e-08	2.1289	0.0333
Uterus	/media/kame/Data/_workings/resource/GTEv8//GTExv8.EUR.Uterus/ENSG00000254860.5.wgt.RDat	ENSG00000254860.5	11	8964773	8964774	0.677	rs2073685	8.35	rs3815991	0.388834	6.45	2.3157	344	10	enet	0.35	1.1e-11	1.8811	0.06
Uterus	/media/kame/Data/_workings/resource/GTEv8//GTExv8.EUR.Uterus/ENSG00000175356.12.wgt.RDat	ENSG00000175356.12	11	9138113	9138114	0.54	rs2073685	8.35	rs7396115	0.135032	4.51	-1.93612	363	46	enet	0.17	6.2e-06	-0.0587	0.953
Uterus	/media/kame/Data/_workings/resource/GTEv8//GTExv8.EUR.Uterus/ENSG00000247271.6.wgt.RDat	ENSG00000247271.6	11	10858796	10858797	0.594	rs1601588	-8.09	rs771373	0.097335	-4.44	0.58853	719	47	enet	0.13	6.7e-05	-0.0202	0.984
Uterus	/media/kame/Data/_workings/resource/GTEv8//GTExv8.EUR.Uterus/ENSG00000166788.9.wgt.RDat	ENSG00000166788.9	11	18106090	18106091	0.279	rs12793095	-6.86	rs10500831	0.039458	-4.09	1.65287	424	18	enet	0.0054	0.21	-1.4472	0.148
Uterus	/media/kame/Data/_workings/resource/GTEv8//GTExv8.EUR.Uterus/ENSG00000166796.11.wgt.RDat	ENSG00000166796.11	11	18412306	18412307	0.439	rs2403254	-5.8	rs11601413	0.35371	6.37	-2.22097	441	21	enet	0.38	6.1e-13	-0.9235	0.356
Uterus	/media/kame/Data/_workings/resource/GTEv8//GTExv8.EUR.Uterus/ENSG00000110786.17.wgt.RDat	ENSG00000110786.17	11	18792720	18792721	0.304	rs2403254	-5.8	rs4075663	0.22299	-5.1	-0.41831	459	38	enet	0.18	2.6e-06	0.3119	0.755
Uterus	/media/kame/Data/_workings/resource/GTEv8//GTExv8.EUR.Uterus/ENSG00000254453.1.wgt.RDat	ENSG00000254453.1	11	20049302	20049303	0.52	rs890139	5.55	rs831467	-0.003351	3.46	0.0719	649	56	enet	0.0073	0.18	0.9742	0.33
Uterus	/media/kame/Data/_workings/resource/GTEv8//GTExv8.EUR.Uterus/ENSG00000109854.13.wgt.RDat	ENSG00000109854.13	11	20363684	20363685	0.652	rs1401793	-5.65	rs10833312	0.321629	-6.16	0.32099	703	53	enet	0.17	4.9e-06	0.5227	0.601
Uterus	/media/kame/Data/_workings/resource/GTEv8//GTExv8.EUR.Uterus/ENSG00000171714.10.wgt.RDat	ENSG00000171714.10	11	22193175	22193176	0.224	rs11026326	3.84	rs4581442	0.05906	3.8	-1.37014	369	45	enet	0.035	0.029	-2.3458	0.019
Uterus	/media/kame/Data/_workings/resource/GTEv8//GTExv8.EUR.Uterus/ENSG00000183161.4.wgt.RDat	ENSG00000183161.4	11	22626786	22626787	0.266	rs337449	3.89	rs11026704	0.113589	3.76	-0.17432	377	66	enet	0.034	0.032	-0.2762	0.782
Uterus	/media/kame/Data/_workings/resource/GTEv8//GTExv8.EUR.Uterus/ENSG00000198168.8.wgt.RDat	ENSG00000198168.8	11	22830298	22830299	0.414	rs337449	3.89	rs10833823	0.217178	-5.01	-0.44018	437	19	enet	0.16	1.6e-05	0.3197	0.749
Uterus	/media/kame/Data/_workings/resource/GTEv8//GTExv8.EUR.Uterus/ENSG00000134343.12.wgt.RDat	ENSG00000134343.12	11	26309598	26309599	0.46	rs7942403	-4.95	rs1441483	0.011275	-3.69	0.62221	546	42	enet	0.089	0.001	0.9229	0.356
Uterus	/media/kame/Data/_workings/resource/GTEv8//GTExv8.EUR.Uterus/ENSG00000245573.7.wgt.RDat	ENSG00000245573.7	11	27506837	27506838	0.224	rs2172229	5.71	rs10501093	-0.000884	3.11	2.51293	387	24	enet	0.006	0.2	0.1976	0.843
Uterus	/media/kame/Data/_workings/resource/GTEv8//GTExv8.EUR.Uterus/ENSG00000085063.14.wgt.RDat	ENSG00000085063.14	11	33736444	33736445	0.397	rs2038602	5.21	rs831629	0.058643	4.55	-0.26956	438	11	enet	0.08	0.0018	0.0595	0.953
Uterus	/media/kame/Data/_workings/resource/GTEv8//GTExv8.EUR.Uterus/ENSG00000149089.12.wgt.RDat	ENSG00000149089.12	11	34916498	34916499	0.621	rs7119850	-3.34	rs1117050	0.571451	7.81	-1.11787	685	47	enet	0.54	1.5e-19	-0.4598	0.646
Uterus	/media/kame/Data/_workings/resource/GTEv8//GTExv8.EUR.Uterus/ENSG00000149090.11.wgt.RDat	ENSG00000149090.11	11	35530299	35530300	0.593	rs7119850	-3.34	rs16927628	0.140683	4.1	0.22524	581	8	enet	0.087	0.0012	0.3545	0.723
Uterus	/media/kame/Data/_workings/resource/GTEv8//GTExv8.EUR.Uterus/ENSG00000149084.12.wgt.RDat	ENSG00000149084.12	11	43680679	43680680	0.609	rs770770	6.64	rs1061810	0.435436	-6.89	-1.69845	487	42	enet	0.38	8.6e-13	2.0002	0.0455
Uterus	/media/kame/Data/_workings/resource/GTEv8//GTExv8.EUR.Uterus/ENSG00000283375.1.wgt.RDat	ENSG00000283375.1	11	43856403	43856404	0.583	rs11037589	6.58	rs1061810	0.421681	-6.78	-1.69845	506	67	enet	0.38	9.8e-13	0.9944	0.32
Uterus	/media/kame/Data/_workings/resource/GTEv8//GTExv8.EUR.Uterus/ENSG00000110455.13.wgt.RDat	ENSG00000110455.13	11	44065924	44065925	0.641	rs11037589	6.58	rs10838235	0.343337	-6.2	0.03648	523	20	enet	0.35	1.7e-11	-0.2272	0.82
Uterus	/media/kame/Data/_workings/resource/GTEv8//GTExv8.EUR.Uterus/ENSG00000254427.1.wgt.RDat	ENSG00000254427.1	11	45355370	45355371	0.426	rs6485625	-5.44	rs10838418	0.222306	5.18	-1.34461	502	38	enet	0.2	1.1e-06	0.1388	0.89
Uterus	/media/kame/Data/_workings/resource/GTEv8//GTExv8.EUR.Uterus/ENSG00000175220.11.wgt.RDat	ENSG00000175220.11	11	46700598	46700599	0.272	rs9734613	-4.49	rs4752926	0.019876	-3.61	0.86745	238	15	enet	0.0085	0.17	0.4526	0.651
Uterus	/media/kame/Data/_workings/resource/GTEv8//GTExv8.EUR.Uterus/ENSG00000149177.12.wgt.RDat	ENSG00000149177.12	11	47980557	47980558	0.145	rs17726787	5.1	rs1113480	0.075424	3.94	-0.01671	235	12	enet	-0.0084	0.73	0.2015	0.84
Uterus	/media/kame/Data/_workings/resource/GTEv8//GTExv8.EUR.Uterus/ENSG00000134809.8.wgt.RDat	ENSG00000134809.8	11	57530802	57530803	0.482	rs7117205	16.44	rs2729371	0.301218	6	-0.82629	376	20	enet	0.22	2.4e-07	-0.3927	0.695
Uterus	/media/kame/Data/_workings/resource/GTEv8//GTExv8.EUR.Uterus/ENSG00000214872.8.wgt.RDat	ENSG00000214872.8	11	57542640	57542641	0.53	rs7117205	16.44	rs2729382	0.324302	6.4	-0.1921	377	14	enet	0.31	3.2e-10	-0.7707	0.441
Uterus	/media/kame/Data/_workings/resource/GTEv8//GTExv8.EUR.Uterus/ENSG00000156603.15.wgt.RDat	ENSG00000156603.15	11	57712322	57712323	0.281	rs7117205	16.44	rs921133	0.159722	4.33	-0.74204	384	18	enet	0.092	9e-04	1.0338	0.301
Uterus	/media/kame/Data/_workings/resource/GTEv8//GTExv8.EUR.Uterus/ENSG00000233436.7.wgt.RDat	ENSG00000233436.7	11	57751780	57751781	0.231	rs7117205	16.44	rs3851118	-0.009524	-3.35	0.24931	391	23	enet	0.0087	0.17	-3.3759	0.000736
Uterus	/media/kame/Data/_workings/resource/GTEv8//GTExv8.EUR.Uterus/ENSG00000156689.6.wgt.RDat	ENSG00000156689.6	11	58904214	58904215	0.182	rs12419118	-2.65	rs10896825	0.110041	-4.35	0.07491	342	40	enet	0.095	0.00073	-0.0704	0.944
Uterus	/media/kame/Data/_workings/resource/GTEv8//GTExv8.EUR.Uterus/ENSG00000166928.10.wgt.RDat	ENSG00000166928.10	11	60396013	60396014	0.257	rs7930400	3.5	rs4938941	0.143789	-4.76	-0.88186	459	17	enet	0.094	0.00078	0.6298	0.529
Uterus	/media/kame/Data/_workings/resource/GTEv8//GTExv8.EUR.Uterus/ENSG00000110448.10.wgt.RDat	ENSG00000110448.10	11	61102394	61102395	0.312	rs12791961	-10.08	rs546241	0.146813	4.75	0.76499	362	19	enet	0.2	6.5e-07	0.3675	0.713
Uterus	/media/kame/Data/_workings/resource/GTEv8//GTExv8.EUR.Uterus/ENSG00000149485.18.wgt.RDat	ENSG00000149485.18	11	61829317	61829318	0.337	rs12791961	-10.08	rs4246215	0.066383	-4.56	-4.3988	421	16	enet	0.12	0.00011	3.6737	0.000239
Uterus	/media/kame/Data/_workings/resource/GTEv8//GTExv8.EUR.Uterus/ENSG00000257058.1.wgt.RDat	ENSG00000257058.1	11	62545998	62545999	0.349	rs2509973	-6.32	rs3763851	0.0293	3.67	-0.48372	377	4	enet	0.0058	0.21	-0.619	0.536
Uterus	/media/kame/Data/_workings/resource/GTEv8//GTExv8.EUR.Uterus/ENSG00000162194.12.wgt.RDat	ENSG00000162194.12	11	62671282	62671283	0.254	rs2509973	-6.32	rs3809079	0.153415	4.65	1.44185	361	32	enet	0.16	1.1e-05	-0.0843	0.933
Uterus	/media/kame/Data/_workings/resource/GTEv8//GTExv8.EUR.Uterus/ENSG00000168004.9.wgt.RDat	ENSG00000168004.9	11	63491193	63491194	0.41	rs10792369	-3.21	rs9943597	0.119668	-4.52	1.16678	300	48	enet	0.052	0.011	-0.3968	0.692
Uterus	/media/kame/Data/_workings/resource/GTEv8//GTExv8.EUR.Uterus/ENSG00000176485.11.wgt.RDat	ENSG00000176485.11	11	63616882	63616883	0.76	rs17158489	-2.98	rs11231528	0.180856	5	-0.16747	307	18	enet	0.16	1.5e-05	-0.5414	0.588
Uterus	/media/kame/Data/_workings/resource/GTEv8//GTExv8.EUR.Uterus/ENSG00000149735.6.wgt.RDat	ENSG00000149735.6	11	64935887	64935888	0.306	rs612392	-3.22	rs663767	0.006084	-4.15	0.10863	331	25	enet	0.046	0.015	0.4019	0.688
Uterus	/media/kame/Data/_workings/resource/GTEv8//GTExv8.EUR.Uterus/ENSG00000270775.1.wgt.RDat	ENSG00000270775.1	11	65026514	65026515	0.317	rs612392	-3.22	rs664226	0.258165	-5.42	-0.03258	325	8	enet	0.15	2.6e-05	0.1092	0.913
Uterus	/media/kame/Data/_workings/resource/GTEv8//GTExv8.EUR.Uterus/ENSG00000255200.1.wgt.RDat	ENSG00000255200.1	11	65176469	65176470	0.285	rs612392	-3.22	rs3953797	0.121728	-4.66	-0.44387	323	16	enet	0.12	0.00013	0.2523	0.801
Uterus	/media/kame/Data/_workings/resource/GTEv8//GTExv8.EUR.Uterus/ENSG00000254614.2.wgt.RDat	ENSG00000254614.2	11	65181685	65181686	0.607	rs612392	-3.22	rs3953797	0.396301	-6.55	-0.44387	324	19	enet	0.34	2e-11	0.4866	0.627
Uterus	/media/kame/Data/_workings/resource/GTEv8//GTExv8.EUR.Uterus/ENSG00000245532.7.wgt.RDat	ENSG00000245532.7	11	65422773	65422774	0.319	rs612392	-3.22	rs674485	0.127942	4.48	-1.33679	359	36	enet	0.086	0.0012	-0.6468	0.518
Uterus	/media/kame/Data/_workings/resource/GTEv8//GTExv8.EUR.Uterus/ENSG00000173727.12.wgt.RDat	ENSG00000173727.12	11	65455257	65455258	0.278	rs612392	-3.22	rs12360896	0.212853	5.01	-0.06185	355	13	enet	0.087	0.0012	-0.1051	0.916
Uterus	/media/kame/Data/_workings/resource/GTEv8//GTExv8.EUR.Uterus/ENSG00000260233.3.wgt.RDat	ENSG00000260233.3	11	65570422	65570423	0.206	rs612392	-3.22	rs3200401	0.002509	3.35	-0.00288	356	25	enet	-0.0042	0.46	0.1723	0.863
Uterus	/media/kame/Data/_workings/resource/GTEv8//GTExv8.EUR.Uterus/ENSG00000173327.7.wgt.RDat	ENSG00000173327.7	11	65614248	65614249	0.188	rs612392	-3.22	rs573589	0.091673	-3.74	-0.50318	348	3	enet	0.051	0.011	0.4407	0.659
Uterus	/media/kame/Data/_workings/resource/GTEv8//GTExv8.EUR.Uterus/ENSG00000172922.8.wgt.RDat	ENSG00000172922.8	11	65720946	65720947	0.211	rs612392	-3.22	rs1784223	0.109502	-3.93	-0.08433	327	5	enet	0.039	0.023	0.1546	0.877
Uterus	/media/kame/Data/_workings/resource/GTEv8//GTExv8.EUR.Uterus/ENSG00000214659.4.wgt.RDat	ENSG00000214659.4	11	65726938	65726939	0.494	rs7128537	-4.17	rs36008241	0.172714	-5.35	0.0083	331	13	enet	0.26	9.3e-09	0.3873	0.699
Uterus	/media/kame/Data/_workings/resource/GTEv8//GTExv8.EUR.Uterus/ENSG00000172803.17.wgt.RDat	ENSG00000172803.17	11	65833640	65833641	0.173	rs3814739	-4.39	rs10896050	0.031719	3.8	-1.13137	349	20	enet	0.0098	0.16	-2.0028	0.0452
Uterus	/media/kame/Data/_workings/resource/GTEv8//GTExv8.EUR.Uterus/ENSG00000172543.7.wgt.RDat	ENSG00000172543.7	11	65879808	65879809	0.323	rs3814739	-4.39	rs583887	0.211169	-5.28	-0.47675	349	13	enet	0.18	3.1e-06	0.4351	0.663
Uterus	/media/kame/Data/_workings/resource/GTEv8//GTExv8.EUR.Uterus/ENSG00000175592.8.wgt.RDat	ENSG00000175592.8	11	65900572	65900573	0.358	rs3814739	-4.39	rs653914	-0.005906	-3.39	-0.31463	342	38	enet	-0.0074	0.64	0.8222	0.411
Uterus	/media/kame/Data/_workings/resource/GTEv8//GTExv8.EUR.Uterus/ENSG00000087365.15.wgt.RDat	ENSG00000087365.15	11	66050728	66050729	0.309	rs7925108	6.68	rs1203998	0.097154	-4.46	-1.014	359	36	enet	0.031	0.038	1.181	0.238
Uterus	/media/kame/Data/_workings/resource/GTEv8//GTExv8.EUR.Uterus/ENSG00000255517.6.wgt.RDat	ENSG00000255517.6	11	66478095	66478096	0.337	rs560556	8.31	rs1203998	0.058305	3.6	-1.014	283	48	enet	0.15	2.1e-05	-3.8218	0.000132
Uterus	/media/kame/Data/_workings/resource/GTEv8//GTExv8.EUR.Uterus/ENSG00000248746.5.wgt.RDat	ENSG00000248746.5	11	66546394	66546395	0.237	rs1253440	8.65	rs2275998	0.008279	3.28	4.44325	262	27	enet	0.03	0.042	0.751	0.453
Uterus	/media/kame/Data/_workings/resource/GTEv8//GTExv8.EUR.Uterus/ENSG00000173156.6.wgt.RDat	ENSG00000173156.6	11	67056817	67056818	0.563	rs1253440	8.65	rs11227678	0.304325	-5.73	0.08051	234	8	enet	0.15	2e-05	-0.2677	0.789
Uterus	/media/kame/Data/_workings/resource/GTEv8//GTExv8.EUR.Uterus/ENSG00000173120.14.wgt.RDat	ENSG00000173120.14	11	67119268	67119269	0.131	rs1253440	8.65	rs630172	0.017648	-3.31	-0.29941	236	16	enet	0.033	0.033	0.6233	0.533
Uterus	/media/kame/Data/_workings/resource/GTEv8//GTExv8.EUR.Uterus/ENSG00000172725.13.wgt.RDat	ENSG00000172725.13	11	67443820	67443821	0.204	rs1253440	8.65	rs10274	0.097829	-4.61	-0.27129	226	20	enet	0.087	0.0012	0.0497	0.96
Uterus	/media/kame/Data/_workings/resource/GTEv8//GTExv8.EUR.Uterus/ENSG00000167792.11.wgt.RDat	ENSG00000167792.11	11	67606851	67606852	0.408	rs1138272	4.58	rs3765088	0.15568	4.89	-0.17318	242	40	enet	0.16	1.1e-05	-0.5637	0.573
Uterus	/media/kame/Data/_workings/resource/GTEv8//GTExv8.EUR.Uterus/ENSG00000167799.9.wgt.RDat	ENSG00000167799.9	11	67629929	67629930	0.294	rs1138272	4.58	rs3765088	0.132302	5.24	-0.17318	242	8	enet	0.13	9.7e-05	-0.1386	0.89
Uterus	/media/kame/Data/_workings/resource/GTEv8//GTExv8.EUR.Uterus/ENSG00000255306.1.wgt.RDat	ENSG00000255306.1	11	68030460	68030461	0.277	rs1138272	4.58	rs581105	0.170069	5.35	2.22187	269	11	enet	0.16	1.2e-05	1.6311	0.103
Uterus	/media/kame/Data/_workings/resource/GTEv8//GTExv8.EUR.Uterus/ENSG00000250508.1.wgt.RDat	ENSG00000250508.1	11	68870663	68870664	0.432	rs921670	-7.76	rs660614	0.246171	-6.06	1.35734	416	25	enet	0.34	2.5e-11	-0.7308	0.465
Uterus	/media/kame/Data/_workings/resource/GTEv8//GTExv8.EUR.Uterus/ENSG00000197345.12.wgt.RDat	ENSG00000197345.12	11	68903834	68903835	0.64	rs921670	-7.76	rs619727	0.608181	-8.08	1.26759	416	24	enet	0.61	3.2e-23	-1.1913	0.234
Uterus	/media/kame/Data/_workings/resource/GTEv8//GTExv8.EUR.Uterus/ENSG00000132740.8.wgt.RDat	ENSG00000132740.8	11	68903841	68903842	0.197	rs921670	-7.76	rs619727	0.066245	4.22	1.26759	416	22	enet	0.023	0.065	0.7533	0.451
Uterus	/media/kame/Data/_workings/resource/GTEv8//GTExv8.EUR.Uterus/ENSG00000172938.3.wgt.RDat	ENSG00000172938.3	11	68980985	68980986	0.277	rs921670	-7.76	rs11602122	0.150794	-4.85	0.97854	427	12	enet	0.076	0.0024	-0.3322	0.74
Uterus	/media/kame/Data/_workings/resource/GTEv8//GTExv8.EUR.Uterus/ENSG00000131626.16.wgt.RDat	ENSG00000131626.16	11	70270699	70270700	0.374	rs515458	4.56	rs674374	0.167289	-4.96	-0.24649	444	26	enet	0.046	0.015	-0.1071	0.915
Uterus	/media/kame/Data/_workings/resource/GTEv8//GTExv8.EUR.Uterus/ENSG00000254682.1.wgt.RDat	ENSG00000254682.1	11	71448673	71448674	0.439	rs4539348	-2.36	rs12791871	0.239731	-5.82	0.18964	309	36	enet	0.25	1.9e-08	0.1756	0.861
Uterus	/media/kame/Data/_workings/resource/GTEv8//GTExv8.EUR.Uterus/ENSG00000172890.11.wgt.RDat	ENSG00000172890.11	11	71453108	71453109	0.152	rs4539348	-2.36	rs12791871	0.087897	-4.12	0.18964	308	32	enet	0.042	0.019	-0.394	0.694
Uterus	/media/kame/Data/_workings/resource/GTEv8//GTExv8.EUR.Uterus/ENSG00000251143.1.wgt.RDat	ENSG00000251143.1	11	72016260	72016261	0.203	rs10793029	-2.5	rs2508203	-0.008381	2.86	2.40476	237	72	enet	0.025	0.057	1.1142	0.265
Uterus	/media/kame/Data/_workings/resource/GTEv8//GTExv8.EUR.Uterus/ENSG00000256148.1.wgt.RDat	ENSG00000256148.1	11	73510657	73510658	0.349	rs11235971	3.14	rs12292587	0.004189	3.25	0.03616	330	50	enet	0.074	0.0027	0.9763	0.329
Uterus	/media/kame/Data/_workings/resource/GTEv8//GTExv8.EUR.Uterus/ENSG00000175536.6.wgt.RDat	ENSG00000175536.6	11	74493364	74493365	0.201	rs11236122	-4.38	rs1280088	-0.002519	-3.97	-0.06672	403	41	enet	0.11	0.00031	-0.3456	0.73
Uterus	/media/kame/Data/_workings/resource/GTEv8//GTExv8.EUR.Uterus/ENSG00000278879.1.wgt.RDat	ENSG00000278879.1	11	74832509	74832510	0.424	rs11236122	-4.38	rs10899060	0.266457	5.73	0.1115	456	30	enet	0.24	5.5e-08	-0.2535	0.8
Uterus	/media/kame/Data/_workings/resource/GTEv8//GTExv8.EUR.Uterus/ENSG00000242999.3.wgt.RDat	ENSG00000242999.3	11	74845909	74845910	0.216	rs11236122	-4.38	rs2119028	0.131586	4.51	0.39439	450	15	enet	0.099	0.00056	0.2603	0.795
Uterus	/media/kame/Data/_workings/resource/GTEv8//GTExv8.EUR.Uterus/ENSG00000241170.2.wgt.RDat	ENSG00000241170.2	11	74876285	74876286	0.278	rs11236122	-4.38	rs17133461	0.137285	-4.71	0.57514	452	16	enet	0.14	4.9e-05	-0.1205	0.904
Uterus	/media/kame/Data/_workings/resource/GTEv8//GTExv8.EUR.Uterus/ENSG00000166435.15.wgt.RDat	ENSG00000166435.15	11	74949199	74949200	0.725	rs11236122	-4.38	rs2119028	0.590471	8.1	0.39439	454	22	enet	0.57	6.4e-21	0.3122	0.755
Uterus	/media/kame/Data/_workings/resource/GTEv8//GTExv8.EUR.Uterus/ENSG00000149269.9.wgt.RDat	ENSG00000149269.9	11	77455936	77455937	0.284	rs11237146	5.3	rs562939	0.116587	-4.73	-0.05138	360	11	enet	0.1	0.00042	0.3924	0.695
Uterus	/media/kame/Data/_workings/resource/GTEv8//GTExv8.EUR.Uterus/ENSG00000246174.7.wgt.RDat	ENSG00000246174.7	11	78139770	78139771	0.67	rs11237465	4.02	rs10793289	0.495334	-7.27	-0.37371	336	15	enet	0.44	3.9e-15	0.2145	0.83
Uterus	/media/kame/Data/_workings/resource/GTEv8//GTExv8.EUR.Uterus/ENSG00000137513.9.wgt.RDat	ENSG00000137513.9	11	78574873	78574874	0.293	rs504245	-7.01	rs7936011	0.028957	-4.18	1.30992	437	15	enet	0.055	0.0086	-0.6623	0.508
Uterus	/media/kame/Data/_workings/resource/GTEv8//GTExv8.EUR.Uterus/ENSG00000077616.10.wgt.RDat	ENSG00000077616.10	11	90131514	90131515	0.272	rs10830452	-3.32	rs1892887	0.041325	4.1	-1.69559	259	15	enet	0.0047	0.22	-0.8931	0.372
Uterus	/media/kame/Data/_workings/resource/GTEv8//GTExv8.EUR.Uterus/ENSG00000280385.1.wgt.RDat	ENSG00000280385.1	11	90193613	90193614	0.707	rs7952184	-3.74	rs3740818	0.51706	7.98	2.00176	273	9	enet	0.56	1.2e-20	1.6712	0.0947
Uterus	/media/kame/Data/_workings/resource/GTEv8//GTExv8.EUR.Uterus/ENSG00000280367.1.wgt.RDat	ENSG00000280367.1	11	90223364	90223365	0.412	rs1792602	-3.75	rs3758758	0.392911	-6.53	0.30449	280	16	enet	0.36	4.3e-12	-0.6105	0.542
Uterus	/media/kame/Data/_workings/resource/GTEv8//GTExv8.EUR.Uterus/ENSG00000279684.1.wgt.RDat	ENSG00000279684.1	11	93288902	93288903	0.415	rs11020080	5.01	rs7122184	0.195668	-5.11	0.51185	433	27	enet	0.19	2e-06	-1.3174	0.188
Uterus	/media/kame/Data/_workings/resource/GTEv8//GTExv8.EUR.Uterus/ENSG00000182919.14.wgt.RDat	ENSG00000182919.14	11	93741962	93741963	0.323	rs644306	-4.8	rs675441	0.11651	4.88	-0.07437	409	14	enet	0.091	0.00091	0.1614	0.872
Uterus	/media/kame/Data/_workings/resource/GTEv8//GTExv8.EUR.Uterus/ENSG00000181333.11.wgt.RDat	ENSG00000181333.11	11	94021360	94021361	0.404	rs644306	-4.8	rs1138800	0.289289	-6.11	0.00274	408	18	enet	0.27	4.8e-09	-0.11	0.912
Uterus	/media/kame/Data/_workings/resource/GTEv8//GTExv8.EUR.Uterus/ENSG00000255893.1.wgt.RDat	ENSG00000255893.1	11	94473569	94473570	0.501	rs10831196	4.44	rs535801	0.517085	7.54	-1.24469	424	25	enet	0.49	2e-17	-1.4184	0.156
Uterus	/media/kame/Data/_workings/resource/GTEv8//GTExv8.EUR.Uterus/ENSG00000020922.12.wgt.RDat	ENSG00000020922.12	11	94492905	94492906	0.565	rs10831196	4.44	rs535801	0.516391	7.69	-1.24469	424	20	enet	0.48	5.2e-17	-1.4035	0.16
Uterus	/media/kame/Data/_workings/resource/GTEv8//GTExv8.EUR.Uterus/ENSG00000149231.11.wgt.RDat	ENSG00000149231.11	11	96389922	96389923	0.456	rs7111633	-5.66	rs11021552	0.448397	7.05	0.30369	541	3	enet	0.36	3.8e-12	0.3645	0.716
Uterus	/media/kame/Data/_workings/resource/GTEv8//GTExv8.EUR.Uterus/ENSG00000137672.12.wgt.RDat	ENSG00000137672.12	11	101872561	101872562	0.229	rs1372415	-4.52	rs4509717	0.021251	-4.34	0.0172	422	10	enet	0.064	0.0049	-0.06	0.952
Uterus	/media/kame/Data/_workings/resource/GTEv8//GTExv8.EUR.Uterus/ENSG00000261098.1.wgt.RDat	ENSG00000261098.1	11	107316270	107316271	0.34	rs17106517	-4.08	rs7111266	0.16333	5.18	0.07451	464	37	enet	0.19	2e-06	0.3199	0.749
Uterus	/media/kame/Data/_workings/resource/GTEv8//GTExv8.EUR.Uterus/ENSG00000271584.2.wgt.RDat	ENSG00000271584.2	11	111179640	111179641	0.542	rs11213707	-6.23	rs7111445	0.420826	6.78	-0.50303	471	21	enet	0.31	3.2e-10	-0.4947	0.621
Uterus	/media/kame/Data/_workings/resource/GTEv8//GTExv8.EUR.Uterus/ENSG00000149292.16.wgt.RDat	ENSG00000149292.16	11	113314528	113314529	0.391	rs4245150	19.1	rs11214577	0.082061	-4.79	6.97625	519	48	enet	0.13	6.9e-05	-3.4696	0.000521
Uterus	/media/kame/Data/_workings/resource/GTEv8//GTExv8.EUR.Uterus/ENSG00000270179.1.wgt.RDat	ENSG00000270179.1	11	113368576	113368577	0.397	rs4245150	19.1	rs11214577	0.02534	-3.44	6.97625	505	18	enet	-0.0011	0.35	-4.8489	1.24e-06
Uterus	/media/kame/Data/_workings/resource/GTEv8//GTExv8.EUR.Uterus/ENSG00000170209.4.wgt.RDat	ENSG00000170209.4	11	113387790	113387791	0.386	rs4245150	19.1	rs2734849	0.092062	-4.09	3.39696	506	32	enet	0.085	0.0014	-1.5064	0.132
Uterus	/media/kame/Data/_workings/resource/GTEv8//GTExv8.EUR.Uterus/ENSG00000137656.11.wgt.RDat	ENSG00000137656.11	11	116772987	116772988	0.53	rs4938355	4.57	rs1263172	-0.009101	-3.43	-0.25502	553	10	enet	0.02	0.078	0.1047	0.917
Uterus	/media/kame/Data/_workings/resource/GTEv8//GTExv8.EUR.Uterus/ENSG00000254851.1.wgt.RDat	ENSG00000254851.1	11	117135527	117135528	0.816	rs4938355	4.57	rs4938349	0.537567	7.58	0.35541	538	78	enet	0.6	8.1e-23	0.4671	0.64
Uterus	/media/kame/Data/_workings/resource/GTEv8//GTExv8.EUR.Uterus/ENSG00000280143.1.wgt.RDat	ENSG00000280143.1	11	117206356	117206357	0.458	rs4938355	4.57	rs8521	0.342203	-6.67	0.29751	528	20	enet	0.34	2e-11	0.0223	0.982
Uterus	/media/kame/Data/_workings/resource/GTEv8//GTExv8.EUR.Uterus/ENSG00000278376.1.wgt.RDat	ENSG00000278376.1	11	118791253	118791254	0.536	rs6589706	9.17	rs526850	0.265616	5.61	3.72115	362	46	enet	0.23	1.2e-07	2.0192	0.0435
Uterus	/media/kame/Data/_workings/resource/GTEv8//GTExv8.EUR.Uterus/ENSG00000196655.11.wgt.RDat	ENSG00000196655.11	11	119018690	119018691	0.372	rs6589706	9.17	rs9645664	0.206097	5.04	0.04413	381	18	enet	0.18	2.5e-06	-1.0742	0.283
Uterus	/media/kame/Data/_workings/resource/GTEv8//GTExv8.EUR.Uterus/ENSG00000256269.7.wgt.RDat	ENSG00000256269.7	11	119084865	119084866	0.363	rs6589706	9.17	rs1006195	0.1274	3.96	2.38603	374	58	enet	0.035	0.029	2.5943	0.00948
Uterus	/media/kame/Data/_workings/resource/GTEv8//GTExv8.EUR.Uterus/ENSG00000248712.7.wgt.RDat	ENSG00000248712.7	11	119196768	119196769	0.193	rs6589706	9.17	rs6589722	0.031745	3.9	1.40683	373	12	enet	0.017	0.097	0.9387	0.348
Uterus	/media/kame/Data/_workings/resource/GTEv8//GTExv8.EUR.Uterus/ENSG00000110395.6.wgt.RDat	ENSG00000110395.6	11	119206275	119206276	0.395	rs6589706	9.17	rs10790261	0.004313	3.46	-0.24165	374	46	enet	0.031	0.038	-0.6176	0.537
Uterus	/media/kame/Data/_workings/resource/GTEv8//GTExv8.EUR.Uterus/ENSG00000110400.10.wgt.RDat	ENSG00000110400.10	11	119729083	119729084	0.282	rs633621	-6.99	rs2136421	-0.008463	-3.43	-0.35598	463	32	enet	6e-04	0.3	-2.8941	0.0038
Uterus	/media/kame/Data/_workings/resource/GTEv8//GTExv8.EUR.Uterus/ENSG00000109927.9.wgt.RDat	ENSG00000109927.9	11	121101172	121101173	0.441	rs7115581	5.33	rs11218343	0.010533	-2.91	1.14584	576	54	enet	-0.0082	0.71	0.2668	0.79
Uterus	/media/kame/Data/_workings/resource/GTEv8//GTExv8.EUR.Uterus/ENSG00000154127.9.wgt.RDat	ENSG00000154127.9	11	122655674	122655675	0.274	rs3134404	7.18	rs6589937	0.157469	4.23	-0.28069	494	43	enet	0.07	0.0035	0.9081	0.364
Uterus	/media/kame/Data/_workings/resource/GTEv8//GTExv8.EUR.Uterus/ENSG00000166261.10.wgt.RDat	ENSG00000166261.10	11	123741674	123741675	0.251	rs2027767	-6.6	rs11219270	-0.009218	3.65	1.17607	603	27	enet	0.018	0.09	-0.4649	0.642
Uterus	/media/kame/Data/_workings/resource/GTEv8//GTExv8.EUR.Uterus/ENSG00000154134.14.wgt.RDat	ENSG00000154134.14	11	124865385	124865386	0.449	rs1940171	-10.79	rs10893302	0.133119	4.86	-0.23255	496	24	enet	0.13	8e-05	-1.2816	0.2
Uterus	/media/kame/Data/_workings/resource/GTEv8//GTExv8.EUR.Uterus/ENSG00000149554.12.wgt.RDat	ENSG00000149554.12	11	125625215	125625216	0.257	rs666051	6.86	rs7106795	-0.005444	3.43	0.4019	530	25	enet	-0.0025	0.39	-1.8779	0.0604
Uterus	/media/kame/Data/_workings/resource/GTEv8//GTExv8.EUR.Uterus/ENSG00000109832.13.wgt.RDat	ENSG00000109832.13	11	125903369	125903370	0.349	rs616975	-6.04	rs10893448	0.134762	-5.01	0.14689	556	29	enet	0.1	0.00041	0.5021	0.616
Uterus	/media/kame/Data/_workings/resource/GTEv8//GTExv8.EUR.Uterus/ENSG00000254833.1.wgt.RDat	ENSG00000254833.1	11	126160713	126160714	0.414	rs616975	-6.04	rs686646	0.050245	4.11	-0.43958	630	16	enet	0.029	0.044	0.9207	0.357
Uterus	/media/kame/Data/_workings/resource/GTEv8//GTExv8.EUR.Uterus/ENSG00000110074.10.wgt.RDat	ENSG00000110074.10	11	126269144	126269145	0.541	rs616975	-6.04	rs574198	0.231232	-6.02	0.15894	645	27	enet	0.32	1.7e-10	-0.0154	0.988
Uterus	/media/kame/Data/_workings/resource/GTEv8//GTExv8.EUR.Uterus/ENSG00000110063.8.wgt.RDat	ENSG00000110063.8	11	126303751	126303752	0.561	rs616975	-6.04	rs12419651	-0.008184	3.24	0.11575	658	8	enet	-0.0093	0.89	1.0668	0.286
Uterus	/media/kame/Data/_workings/resource/GTEv8//GTExv8.EUR.Uterus/ENSG00000134909.18.wgt.RDat	ENSG00000134909.18	11	129279323	129279324	0.48	rs554341	4.19	rs1661966	0.042885	3.64	0.75643	514	81	enet	0.00014	0.32	1.0472	0.295
Uterus	/media/kame/Data/_workings/resource/GTEv8//GTExv8.EUR.Uterus/ENSG00000170322.14.wgt.RDat	ENSG00000170322.14	11	129895589	129895590	0.364	rs982125	-3.75	rs11221832	0.003459	3.9	-0.07676	461	60	enet	0.016	0.1	0.8074	0.419
Uterus	/media/kame/Data/_workings/resource/GTEv8//GTExv8.EUR.Uterus/ENSG00000170325.14.wgt.RDat	ENSG00000170325.14	11	130002834	130002835	0.584	rs4937492	-3.79	rs10894114	-0.003887	3.43	-1.01742	463	58	enet	-0.0056	0.53	0.3603	0.719
Uterus	/media/kame/Data/_workings/resource/GTEv8//GTExv8.EUR.Uterus/ENSG00000120451.10.wgt.RDat	ENSG00000120451.10	11	130916508	130916509	0.53	rs3751039	7.36	rs11222385	0.388625	6.47	0.72314	640	10	enet	0.31	3.6e-10	0.775	0.438
Uterus	/media/kame/Data/_workings/resource/GTEv8//GTExv8.EUR.Uterus/ENSG00000254481.1.wgt.RDat	ENSG00000254481.1	11	134124328	134124329	0.314	rs671974	9.17	rs4937880	0.05275	-3.82	-0.21009	547	1	enet	0.01	0.15	0.2101	0.834
Uterus	/media/kame/Data/_workings/resource/GTEv8//GTExv8.EUR.Uterus/ENSG00000251226.1.wgt.RDat	ENSG00000251226.1	11	134735595	134735596	0.471	rs10750581	-6.08	rs7121326	0.347733	6.47	0.764	558	14	enet	0.38	7e-13	-0.2396	0.811
Uterus	/media/kame/Data/_workings/resource/GTEv8//GTExv8.EUR.Uterus/ENSG00000120645.11.wgt.RDat	ENSG00000120645.11	12	66764	66765	0.435	rs11837473	3.97	rs4980848	0.125273	4.46	-0.005732	251	8	enet	0.048	0.014	-0.11902	0.905
Uterus	/media/kame/Data/_workings/resource/GTEv8//GTExv8.EUR.Uterus/ENSG00000177406.4.wgt.RDat	ENSG00000177406.4	12	630890	630891	0.379	rs12310089	-5.99	rs2075032	0.374882	6.34	-0.282385	452	6	enet	0.27	5.9e-09	-0.26525	0.791
Uterus	/media/kame/Data/_workings/resource/GTEv8//GTExv8.EUR.Uterus/ENSG00000111254.7.wgt.RDat	ENSG00000111254.7	12	4649046	4649047	0.602	rs7135778	4.24	rs2267548	0.261359	-6.09	0.038804	686	23	enet	0.33	4.4e-11	-0.23698	0.813
Uterus	/media/kame/Data/_workings/resource/GTEv8//GTExv8.EUR.Uterus/ENSG00000130035.6.wgt.RDat	ENSG00000130035.6	12	4720340	4720341	0.251	rs7135778	4.24	rs1468556	0.079137	-4.45	0.111408	697	12	enet	-0.0034	0.42	-0.86666	0.386
Uterus	/media/kame/Data/_workings/resource/GTEv8//GTExv8.EUR.Uterus/ENSG00000139192.11.wgt.RDat	ENSG00000139192.11	12	6451718	6451719	0.533	rs3764909	-3.63	rs2041387	0.485905	7.22	-1.638061	415	25	enet	0.47	2.7e-16	-1.60909	0.108
Uterus	/media/kame/Data/_workings/resource/GTEv8//GTExv8.EUR.Uterus/ENSG00000139190.16.wgt.RDat	ENSG00000139190.16	12	6470986	6470987	0.284	rs3764909	-3.63	rs2532520	0.052201	4.33	0.42535	398	30	enet	0.025	0.057	-0.18716	0.852
Uterus	/media/kame/Data/_workings/resource/GTEv8//GTExv8.EUR.Uterus/ENSG00000111639.7.wgt.RDat	ENSG00000111639.7	12	6493354	6493355	0.4	rs3764909	-3.63	rs3180589	0.178449	-4.84	1.112891	377	19	enet	0.086	0.0013	-1.36372	0.173
Uterus	/media/kame/Data/_workings/resource/GTEv8//GTExv8.EUR.Uterus/ENSG00000172322.13.wgt.RDat	ENSG00000172322.13	12	9971414	9971415	0.454	rs4764299	4.89	rs7313235	0.27589	5.56	-0.970442	337	2	enet	0.19	1.7e-06	-0.89207	0.372
Uterus	/media/kame/Data/_workings/resource/GTEv8//GTExv8.EUR.Uterus/ENSG00000197992.6.wgt.RDat	ENSG00000197992.6	12	10030676	10030677	0.257	rs4764299	4.89	rs7958778	0.040406	3.73	3.428001	350	14	enet	0.047	0.014	1.94766	0.0515
Uterus	/media/kame/Data/_workings/resource/GTEv8//GTExv8.EUR.Uterus/ENSG00000231887.6.wgt.RDat	ENSG00000231887.6	12	10884254	10884255	0.448	rs11053854	4.7	rs7132674	0.425319	6.77	1.288579	365	30	enet	0.41	1e-13	0.5343	0.593
Uterus	/media/kame/Data/_workings/resource/GTEv8//GTExv8.EUR.Uterus/ENSG00000212127.5.wgt.RDat	ENSG00000212127.5	12	10939262	10939263	0.323	rs11053854	4.7	rs10772397	0.336912	6.12	0.660678	364	12	enet	0.29	1.3e-09	0.51698	0.605
Uterus	/media/kame/Data/_workings/resource/GTEv8//GTExv8.EUR.Uterus/ENSG00000255837.1.wgt.RDat	ENSG00000255837.1	12	10997874	10997875	0.367	rs11053854	4.7	rs7132674	0.291681	5.64	1.288579	379	18	enet	0.25	2.5e-08	0.84621	0.397
Uterus	/media/kame/Data/_workings/resource/GTEv8//GTExv8.EUR.Uterus/ENSG00000256019.1.wgt.RDat	ENSG00000256019.1	12	11049255	11049256	0.277	rs4763701	-4.73	rs11054134	0.17899	4.9	0.014577	391	24	enet	0.1	0.00044	0.03479	0.972
Uterus	/media/kame/Data/_workings/resource/GTEv8//GTExv8.EUR.Uterus/ENSG00000256274.1.wgt.RDat	ENSG00000256274.1	12	11079170	11079171	0.609	rs4763701	-4.73	rs11054134	0.430791	6.82	0.007608	385	30	enet	0.32	1.9e-10	-0.09033	0.928
Uterus	/media/kame/Data/_workings/resource/GTEv8//GTExv8.EUR.Uterus/ENSG00000255374.3.wgt.RDat	ENSG00000255374.3	12	11092312	11092313	0.416	rs4763701	-4.73	rs2256845	0.329958	-6.02	-0.131305	382	36	enet	0.29	1.4e-09	-0.23669	0.813
Uterus	/media/kame/Data/_workings/resource/GTEv8//GTExv8.EUR.Uterus/ENSG00000111215.11.wgt.RDat	ENSG00000111215.11	12	11121179	11121180	0.295	rs4763701	-4.73	rs17817150	0.162708	-5.16	0.115354	362	5	enet	0.16	1.4e-05	0.60802	0.543
Uterus	/media/kame/Data/_workings/resource/GTEv8//GTExv8.EUR.Uterus/ENSG00000256188.3.wgt.RDat	ENSG00000256188.3	12	11134643	11134644	0.196	rs4763701	-4.73	rs17817150	0.023501	3.78	0.115354	358	13	enet	0.041	0.021	1.12524	0.26
Uterus	/media/kame/Data/_workings/resource/GTEv8//GTExv8.EUR.Uterus/ENSG00000247157.6.wgt.RDat	ENSG00000247157.6	12	11548029	11548030	0.576	rs4763701	-4.73	rs7132674	0.328883	5.98	1.288579	447	9	enet	0.27	7.8e-09	0.72524	0.468
Uterus	/media/kame/Data/_workings/resource/GTEv8//GTExv8.EUR.Uterus/ENSG00000084463.7.wgt.RDat	ENSG00000084463.7	12	14803539	14803540	0.267	rs1117152	8.1	rs2042841	0.025489	-3.76	0.460891	363	31	enet	0.0077	0.18	-0.54845	0.583
Uterus	/media/kame/Data/_workings/resource/GTEv8//GTExv8.EUR.Uterus/ENSG00000255660.1.wgt.RDat	ENSG00000255660.1	12	15151922	15151923	0.39	rs1117152	8.1	rs3748300	0.036596	-3.49	1.117664	424	20	enet	0.014	0.12	-0.49894	0.618
Uterus	/media/kame/Data/_workings/resource/GTEv8//GTExv8.EUR.Uterus/ENSG00000139144.9.wgt.RDat	ENSG00000139144.9	12	18247613	18247614	0.157	rs621042	3.33	rs10840871	0.020478	3.58	-0.050724	397	11	enet	0.0055	0.21	-0.12923	0.897
Uterus	/media/kame/Data/_workings/resource/GTEv8//GTExv8.EUR.Uterus/ENSG00000121350.15.wgt.RDat	ENSG00000121350.15	12	21437614	21437615	0.199	rs2418001	3.64	rs6487222	0.005356	-3.57	0.174851	541	28	enet	0.0025	0.26	-0.63297	0.527
Uterus	/media/kame/Data/_workings/resource/GTEv8//GTExv8.EUR.Uterus/ENSG00000118308.15.wgt.RDat	ENSG00000118308.15	12	25004341	25004342	0.49	rs17284897	-5	rs715989	0.089357	-4.46	-0.485428	572	22	enet	0.14	4e-05	1.70156	0.0888
Uterus	/media/kame/Data/_workings/resource/GTEv8//GTExv8.EUR.Uterus/ENSG00000087494.15.wgt.RDat	ENSG00000087494.15	12	27972704	27972705	0.235	rs1965281	-6.15	rs11049488	0.031077	-3.68	-1.449131	472	27	enet	0.019	0.081	0.79649	0.426
Uterus	/media/kame/Data/_workings/resource/GTEv8//GTExv8.EUR.Uterus/ENSG00000247934.4.wgt.RDat	ENSG00000247934.4	12	28190737	28190738	0.244	rs1965281	-6.15	rs7316831	0.081509	4.2	-1.617719	441	14	enet	0.057	0.0077	-1.04581	0.296
Uterus	/media/kame/Data/_workings/resource/GTEv8//GTExv8.EUR.Uterus/ENSG00000275476.1.wgt.RDat	ENSG00000275476.1	12	29277881	29277882	0.6	rs7312184	-3.81	rs7953619	0.307969	6.15	0.115533	589	54	enet	0.24	5.4e-08	0.29144	0.771
Uterus	/media/kame/Data/_workings/resource/GTEv8//GTExv8.EUR.Uterus/ENSG00000257176.2.wgt.RDat	ENSG00000257176.2	12	29317847	29317848	0.794	rs7312184	-3.81	rs10843391	0.517261	7.57	0.072865	589	50	enet	0.56	1.1e-20	0.2123	0.832
Uterus	/media/kame/Data/_workings/resource/GTEv8//GTExv8.EUR.Uterus/ENSG00000110888.17.wgt.RDat	ENSG00000110888.17	12	30754950	30754951	0.489	rs33234	-5.57	rs11614872	0.059154	-4.13	0.006532	549	29	enet	0.038	0.024	0.04224	0.966
Uterus	/media/kame/Data/_workings/resource/GTEv8//GTExv8.EUR.Uterus/ENSG00000235884.3.wgt.RDat	ENSG00000235884.3	12	30795680	30795681	0.368	rs33234	-5.57	rs12813848	0.190544	-5.14	3.236933	529	35	enet	0.17	4.4e-06	0.1253	0.9
Uterus	/media/kame/Data/_workings/resource/GTEv8//GTExv8.EUR.Uterus/ENSG00000013573.16.wgt.RDat	ENSG00000013573.16	12	31073847	31073848	0.973	rs33234	-5.57	rs4356315	0.81785	-9.33	0.050881	445	18	enet	0.8	1.7e-38	-0.02286	0.982
Uterus	/media/kame/Data/_workings/resource/GTEv8//GTExv8.EUR.Uterus/ENSG00000134283.17.wgt.RDat	ENSG00000134283.17	12	42238446	42238447	0.256	rs1234025	-3.34	rs17801478	0.067822	-4.06	1.172743	421	21	enet	0.081	0.0017	0.12888	0.897
Uterus	/media/kame/Data/_workings/resource/GTEv8//GTExv8.EUR.Uterus/ENSG00000257225.1.wgt.RDat	ENSG00000257225.1	12	42460665	42460666	0.209	rs12822496	-3.31	rs10880285	0.159439	5.02	-0.654933	416	18	enet	0.17	6.7e-06	-0.43433	0.664
Uterus	/media/kame/Data/_workings/resource/GTEv8//GTExv8.EUR.Uterus/ENSG00000240399.1.wgt.RDat	ENSG00000240399.1	12	48055590	48055591	0.314	rs7397928	5.56	rs4760687	0.228458	-5.2	-0.130366	515	11	enet	0.15	1.6e-05	-0.99165	0.321
Uterus	/media/kame/Data/_workings/resource/GTEv8//GTExv8.EUR.Uterus/ENSG00000269514.1.wgt.RDat	ENSG00000269514.1	12	48198386	48198387	0.398	rs2277365	-5.78	rs2286020	0.180482	-4.96	1.348488	512	13	enet	0.14	5e-05	-1.0367	0.3
Uterus	/media/kame/Data/_workings/resource/GTEv8//GTExv8.EUR.Uterus/ENSG00000187166.1.wgt.RDat	ENSG00000187166.1	12	48328979	48328980	0.392	rs10875867	-7.33	rs2732480	0.079029	-4.02	-0.158423	478	19	enet	-0.0086	0.76	-0.36187	0.717
Uterus	/media/kame/Data/_workings/resource/GTEv8//GTExv8.EUR.Uterus/ENSG00000139537.10.wgt.RDat	ENSG00000139537.10	12	48904109	48904110	0.255	rs7969099	7.48	rs2934998	0.27909	5.64	-0.359483	335	11	enet	0.23	1.3e-07	-0.1623	0.871
Uterus	/media/kame/Data/_workings/resource/GTEv8//GTExv8.EUR.Uterus/ENSG00000181929.11.wgt.RDat	ENSG00000181929.11	12	49017401	49017402	0.424	rs7969099	7.48	rs7303113	-0.006873	2.81	-0.494912	319	47	enet	-0.0094	0.93	3.08786	0.00202
Uterus	/media/kame/Data/_workings/resource/GTEv8//GTExv8.EUR.Uterus/ENSG00000258017.1.wgt.RDat	ENSG00000258017.1	12	49131170	49131171	0.317	rs11169058	8.05	rs7969967	0.13686	-5.36	0.886596	305	18	enet	0.15	2.8e-05	-0.35843	0.72
Uterus	/media/kame/Data/_workings/resource/GTEv8//GTExv8.EUR.Uterus/ENSG00000272368.2.wgt.RDat	ENSG00000272368.2	12	50123363	50123364	0.199	rs376401	-4.79	rs706791	0.067171	4.08	-3.515048	308	11	enet	-0.0035	0.43	-3.46754	0.000525
Uterus	/media/kame/Data/_workings/resource/GTEv8//GTExv8.EUR.Uterus/ENSG00000050405.13.wgt.RDat	ENSG00000050405.13	12	50283545	50283546	0.355	rs376401	-4.79	rs7296212	-0.00936	-3.01	-0.0443	309	4	enet	0.00036	0.31	0.02758	0.978
Uterus	/media/kame/Data/_workings/resource/GTEv8//GTExv8.EUR.Uterus/ENSG00000257542.4.wgt.RDat	ENSG00000257542.4	12	52079695	52079696	0.474	rs636299	6.99	rs10876231	0.202466	-5.01	-0.000267	627	18	enet	0.14	3.4e-05	1.03667	0.3
Uterus	/media/kame/Data/_workings/resource/GTEv8//GTExv8.EUR.Uterus/ENSG00000063046.17.wgt.RDat	ENSG00000063046.17	12	53006157	53006158	0.439	rs636299	6.99	rs7485642	0.094878	5.28	0.006577	595	38	enet	0.15	1.6e-05	-1.02527	0.305
Uterus	/media/kame/Data/_workings/resource/GTEv8//GTExv8.EUR.Uterus/ENSG00000205352.10.wgt.RDat	ENSG00000205352.10	12	53441604	53441605	0.249	rs7309494	5.51	rs7134628	0.036926	-4.02	1.359069	406	12	enet	0.021	0.072	-0.86545	0.387
Uterus	/media/kame/Data/_workings/resource/GTEv8//GTExv8.EUR.Uterus/ENSG00000135390.17.wgt.RDat	ENSG00000135390.17	12	53677407	53677408	0.528	rs7309494	5.51	rs916134	0.347166	6.19	1.142149	416	35	enet	0.36	6.7e-12	0.22545	0.822
Uterus	/media/kame/Data/_workings/resource/GTEv8//GTExv8.EUR.Uterus/ENSG00000248265.1.wgt.RDat	ENSG00000248265.1	12	54058253	54058254	0.299	rs1485394	4.18	rs2279402	0.18892	-5.38	-1.086595	420	10	enet	0.23	7.6e-08	0.57495	0.565
Uterus	/media/kame/Data/_workings/resource/GTEv8//GTExv8.EUR.Uterus/ENSG00000197728.9.wgt.RDat	ENSG00000197728.9	12	56041852	56041853	0.784	rs17528736	5.06	rs10876864	0.612221	8.24	-0.290479	284	34	enet	0.57	4.1e-21	0.17965	0.857
Uterus	/media/kame/Data/_workings/resource/GTEv8//GTExv8.EUR.Uterus/ENSG00000257303.1.wgt.RDat	ENSG00000257303.1	12	56300141	56300142	0.257	rs17528736	5.06	rs10876882	0.213979	-5.02	0.673029	243	37	enet	0.075	0.0025	-0.92495	0.355
Uterus	/media/kame/Data/_workings/resource/GTEv8//GTExv8.EUR.Uterus/ENSG00000224713.4.wgt.RDat	ENSG00000224713.4	12	57618170	57618171	0.21	rs17492255	8.07	rs12816521	0.161966	4.78	1.653929	323	17	enet	0.26	1.2e-08	0.54926	0.583
Uterus	/media/kame/Data/_workings/resource/GTEv8//GTExv8.EUR.Uterus/ENSG00000123427.16.wgt.RDat	ENSG00000123427.16	12	57771605	57771606	0.342	rs17492255	8.07	rs12368653	0.018114	-3.72	0.381568	340	18	enet	0.019	0.083	3.1714	0.00152
Uterus	/media/kame/Data/_workings/resource/GTEv8//GTExv8.EUR.Uterus/ENSG00000123297.17.wgt.RDat	ENSG00000123297.17	12	57782588	57782589	0.384	rs17492255	8.07	rs4646536	0.29471	-5.71	1.954132	341	40	enet	0.18	2.7e-06	-0.25216	0.801
Uterus	/media/kame/Data/_workings/resource/GTEv8//GTExv8.EUR.Uterus/ENSG00000245651.2.wgt.RDat	ENSG00000245651.2	12	57895650	57895651	0.148	rs17492255	8.07	rs4354731	0.074288	-4.14	1.444712	391	38	enet	0.07	0.0033	0.22411	0.823
Uterus	/media/kame/Data/_workings/resource/GTEv8//GTExv8.EUR.Uterus/ENSG00000257698.1.wgt.RDat	ENSG00000257698.1	12	57936174	57936175	0.211	rs17492255	8.07	rs17120420	-0.006202	-3.09	2.087701	402	54	enet	-0.0093	0.88	0.49871	0.618
Uterus	/media/kame/Data/_workings/resource/GTEv8//GTExv8.EUR.Uterus/ENSG00000166896.7.wgt.RDat	ENSG00000166896.7	12	57941540	57941541	0.36	rs17492255	8.07	rs10877036	0.381221	-6.76	-0.460851	404	20	enet	0.36	4.7e-12	0.18063	0.857
Uterus	/media/kame/Data/_workings/resource/GTEv8//GTExv8.EUR.Uterus/ENSG00000177990.11.wgt.RDat	ENSG00000177990.11	12	63668848	63668849	0.779	rs488736	4.58	rs12811912	0.096718	4.01	0.178801	305	53	enet	0.17	6.1e-06	-0.38938	0.697
Uterus	/media/kame/Data/_workings/resource/GTEv8//GTExv8.EUR.Uterus/ENSG00000239335.4.wgt.RDat	ENSG00000239335.4	12	66130768	66130769	0.535	rs17178802	-4.85	rs1183892	0.408844	-6.66	0.073698	458	17	enet	0.35	1.4e-11	-0.02848	0.977
Uterus	/media/kame/Data/_workings/resource/GTEv8//GTExv8.EUR.Uterus/ENSG00000127311.9.wgt.RDat	ENSG00000127311.9	12	66302544	66302545	0.479	rs903586	4.1	rs11176125	0.360895	-6.39	-0.898015	484	23	enet	0.35	1.4e-11	0.11539	0.908
Uterus	/media/kame/Data/_workings/resource/GTEv8//GTExv8.EUR.Uterus/ENSG00000111581.9.wgt.RDat	ENSG00000111581.9	12	68686733	68686734	0.515	rs11177186	-6.33	rs2920022	0.180618	-4.74	-0.012327	523	31	enet	0.17	6e-06	-1.0835	0.279
Uterus	/media/kame/Data/_workings/resource/GTEv8//GTExv8.EUR.Uterus/ENSG00000274979.1.wgt.RDat	ENSG00000274979.1	12	69331881	69331882	0.434	rs618470	-7.65	rs2617834	0.156863	-4.42	1.594489	528	20	enet	0.13	8.4e-05	-2.03748	0.0416
Uterus	/media/kame/Data/_workings/resource/GTEv8//GTExv8.EUR.Uterus/ENSG00000127337.6.wgt.RDat	ENSG00000127337.6	12	69359702	69359703	0.35	rs618470	-7.65	rs6581889	0.232453	-5.68	-0.883675	519	13	enet	0.2	9e-07	-0.32745	0.743
Uterus	/media/kame/Data/_workings/resource/GTEv8//GTExv8.EUR.Uterus/ENSG00000257507.1.wgt.RDat	ENSG00000257507.1	12	69449469	69449470	0.328	rs618470	-7.65	rs11609972	-0.004369	-3.87	0.020549	554	30	enet	0.097	0.00062	0.32407	0.746
Uterus	/media/kame/Data/_workings/resource/GTEv8//GTExv8.EUR.Uterus/ENSG00000180481.10.wgt.RDat	ENSG00000180481.10	12	75391069	75391070	0.555	rs1405451	6.15	rs12369556	0.627367	-8.31	0.174049	468	39	enet	0.63	2e-24	-0.20293	0.839
Uterus	/media/kame/Data/_workings/resource/GTEv8//GTExv8.EUR.Uterus/ENSG00000257497.2.wgt.RDat	ENSG00000257497.2	12	75489819	75489820	0.514	rs1405451	6.15	rs7974011	0.424372	-6.93	0.59106	505	37	enet	0.37	2e-12	-0.07235	0.942
Uterus	/media/kame/Data/_workings/resource/GTEv8//GTExv8.EUR.Uterus/ENSG00000111615.13.wgt.RDat	ENSG00000111615.13	12	75511620	75511621	0.337	rs1405451	6.15	rs2242435	0.058016	-4.28	-0.775939	522	17	enet	0.056	0.0083	0.47027	0.638
Uterus	/media/kame/Data/_workings/resource/GTEv8//GTExv8.EUR.Uterus/ENSG00000257431.1.wgt.RDat	ENSG00000257431.1	12	82512676	82512677	0.383	rs10506863	-5.48	rs9669522	0.209446	5.55	2.123216	358	37	enet	0.25	2.3e-08	0.99785	0.318
Uterus	/media/kame/Data/_workings/resource/GTEv8//GTExv8.EUR.Uterus/ENSG00000179104.8.wgt.RDat	ENSG00000179104.8	12	82686879	82686880	0.41	rs4319581	5.38	rs11115342	0.004832	-3.89	-0.551753	370	54	enet	0.088	0.0011	2.66327	0.00774
Uterus	/media/kame/Data/_workings/resource/GTEv8//GTExv8.EUR.Uterus/ENSG00000258302.2.wgt.RDat	ENSG00000258302.2	12	89561128	89561129	0.222	rs12582424	-3.59	rs4842653	0.037581	3.72	-0.017453	360	47	enet	0.035	0.031	-0.2775	0.781
Uterus	/media/kame/Data/_workings/resource/GTEv8//GTExv8.EUR.Uterus/ENSG00000198015.12.wgt.RDat	ENSG00000198015.12	12	93467487	93467488	0.344	rs1471816	-8.65	rs2290880	0.097553	-4.06	0.022376	446	25	enet	0.056	0.0082	0.28754	0.774
Uterus	/media/kame/Data/_workings/resource/GTEv8//GTExv8.EUR.Uterus/ENSG00000136040.8.wgt.RDat	ENSG00000136040.8	12	94148722	94148723	0.281	rs11107458	9.44	rs12427384	0.086358	-4.18	7.501484	617	18	enet	0.11	0.00026	-3.06022	0.00221
Uterus	/media/kame/Data/_workings/resource/GTEv8//GTExv8.EUR.Uterus/ENSG00000139344.7.wgt.RDat	ENSG00000139344.7	12	95943292	95943293	0.301	rs12297663	-5.15	rs7486703	0.005792	-4.43	-1.804054	542	26	enet	0.026	0.054	0.1891	0.85
Uterus	/media/kame/Data/_workings/resource/GTEv8//GTExv8.EUR.Uterus/ENSG00000166130.14.wgt.RDat	ENSG00000166130.14	12	98645112	98645113	0.441	rs4762219	-6.17	rs12371097	0.286133	5.67	0.223753	441	8	enet	0.22	2.1e-07	0.22975	0.818
Uterus	/media/kame/Data/_workings/resource/GTEv8//GTExv8.EUR.Uterus/ENSG00000111666.10.wgt.RDat	ENSG00000111666.10	12	101696946	101696947	0.493	rs10860794	8.61	rs10778139	0.295632	-5.81	-1.294284	478	24	enet	0.25	2.2e-08	-0.69405	0.488
Uterus	/media/kame/Data/_workings/resource/GTEv8//GTExv8.EUR.Uterus/ENSG00000111670.14.wgt.RDat	ENSG00000111670.14	12	101830937	101830938	0.273	rs10860794	8.61	rs7966207	0.101746	4.5	3.626452	450	50	enet	0.11	0.00033	4.05577	5e-05
Uterus	/media/kame/Data/_workings/resource/GTEv8//GTExv8.EUR.Uterus/ENSG00000120860.10.wgt.RDat	ENSG00000120860.10	12	102062148	102062149	0.28	rs10860794	8.61	rs10745940	0.152242	-4.4	-1.083533	445	34	enet	0.15	2.3e-05	0.2389	0.811
Uterus	/media/kame/Data/_workings/resource/GTEv8//GTExv8.EUR.Uterus/ENSG00000139352.3.wgt.RDat	ENSG00000139352.3	12	102957685	102957686	0.281	rs10467022	-4.99	rs1850957	-0.009515	-2.97	0.089833	444	46	enet	0.017	0.094	-0.38866	0.698
Uterus	/media/kame/Data/_workings/resource/GTEv8//GTExv8.EUR.Uterus/ENSG00000257681.1.wgt.RDat	ENSG00000257681.1	12	103768857	103768858	0.327	rs12817542	6.24	rs7134701	0.182825	5.4	-0.865857	616	21	enet	0.2	8.4e-07	-0.04888	0.961
Uterus	/media/kame/Data/_workings/resource/GTEv8//GTExv8.EUR.Uterus/ENSG00000257890.1.wgt.RDat	ENSG00000257890.1	12	106058253	106058254	0.546	rs12321813	-4.09	rs2434080	0.208919	4.81	-0.072959	589	58	enet	0.17	7.2e-06	0.38134	0.703
Uterus	/media/kame/Data/_workings/resource/GTEv8//GTExv8.EUR.Uterus/ENSG00000260329.1.wgt.RDat	ENSG00000260329.1	12	106955496	106955497	0.152	rs10507216	-3.57	rs10778520	0.046033	-3.77	-0.683585	402	19	enet	0.015	0.11	0.29572	0.767
Uterus	/media/kame/Data/_workings/resource/GTEv8//GTExv8.EUR.Uterus/ENSG00000139433.9.wgt.RDat	ENSG00000139433.9	12	109880487	109880488	0.282	rs7313797	13.27	rs4766616	0.017662	-4.31	-2.597399	352	15	enet	0.051	0.011	2.05101	0.0403
Uterus	/media/kame/Data/_workings/resource/GTEv8//GTExv8.EUR.Uterus/ENSG00000088992.17.wgt.RDat	ENSG00000088992.17	12	117099478	117099479	0.382	rs9658498	14.07	rs9634171	0.005385	-3.88	-0.201353	517	27	enet	0.02	0.08	0.58105	0.561
Uterus	/media/kame/Data/_workings/resource/GTEv8//GTExv8.EUR.Uterus/ENSG00000277873.1.wgt.RDat	ENSG00000277873.1	12	118025517	118025518	0.619	rs17512609	11.58	rs11068674	0.033207	-3.39	0.849571	560	34	enet	0.03	0.042	0.72936	0.466
Uterus	/media/kame/Data/_workings/resource/GTEv8//GTExv8.EUR.Uterus/ENSG00000275759.1.wgt.RDat	ENSG00000275759.1	12	118428280	118428281	0.197	rs17512609	11.58	rs17512644	0.19195	-4.99	11.431935	448	33	enet	0.098	0.00059	-10.46717	1.22e-25
Uterus	/media/kame/Data/_workings/resource/GTEv8//GTExv8.EUR.Uterus/ENSG00000277283.1.wgt.RDat	ENSG00000277283.1	12	120117502	120117503	0.303	rs10774542	-8.05	rs965791	0.049034	4.19	-0.369989	352	46	enet	0.16	1.3e-05	0.56086	0.575
Uterus	/media/kame/Data/_workings/resource/GTEv8//GTExv8.EUR.Uterus/ENSG00000257218.5.wgt.RDat	ENSG00000257218.5	12	120446437	120446438	0.398	rs10774542	-8.05	rs11613214	0.210559	5.36	-1.258654	382	27	enet	0.17	6.2e-06	-1.03447	0.301
Uterus	/media/kame/Data/_workings/resource/GTEv8//GTExv8.EUR.Uterus/ENSG00000110871.14.wgt.RDat	ENSG00000110871.14	12	120534349	120534350	0.295	rs10774542	-8.05	rs2235217	0.259042	5.44	-0.209808	398	24	enet	0.18	2.3e-06	0.27755	0.781
Uterus	/media/kame/Data/_workings/resource/GTEv8//GTExv8.EUR.Uterus/ENSG00000277423.1.wgt.RDat	ENSG00000277423.1	12	120703866	120703867	0.384	rs2859263	3.94	rs670541	-0.008904	-2.9	1.148494	435	51	enet	0.06	0.0063	0.09253	0.926
Uterus	/media/kame/Data/_workings/resource/GTEv8//GTExv8.EUR.Uterus/ENSG00000122971.8.wgt.RDat	ENSG00000122971.8	12	120725734	120725735	0.181	rs2859263	3.94	rs2239760	-0.000399	3.55	-0.938978	439	28	enet	0.09	0.001	2.19782	0.028
Uterus	/media/kame/Data/_workings/resource/GTEv8//GTExv8.EUR.Uterus/ENSG00000157895.11.wgt.RDat	ENSG00000157895.11	12	121016501	121016502	0.286	rs2859263	3.94	rs7961178	0.055451	4.53	-0.002311	450	41	enet	0.18	3.1e-06	0.17766	0.859
Uterus	/media/kame/Data/_workings/resource/GTEv8//GTExv8.EUR.Uterus/ENSG00000272849.1.wgt.RDat	ENSG00000272849.1	12	121797510	121797511	0.283	rs2707068	5.04	rs11043203	0.222697	-5.22	-0.234227	343	16	enet	0.22	1.7e-07	0.24974	0.803
Uterus	/media/kame/Data/_workings/resource/GTEv8//GTExv8.EUR.Uterus/ENSG00000274292.1.wgt.RDat	ENSG00000274292.1	12	121800796	121800797	0.248	rs2707068	5.04	rs7974348	0.182126	-4.68	-0.031525	342	20	enet	0.16	1.6e-05	0.21134	0.833
Uterus	/media/kame/Data/_workings/resource/GTEv8//GTExv8.EUR.Uterus/ENSG00000212694.8.wgt.RDat	ENSG00000212694.8	12	121803905	121803906	0.283	rs2707068	5.04	rs11043203	0.033718	-4.14	-0.234227	344	21	enet	0.035	0.031	0.53909	0.59
Uterus	/media/kame/Data/_workings/resource/GTEv8//GTExv8.EUR.Uterus/ENSG00000235423.8.wgt.RDat	ENSG00000235423.8	12	123260969	123260970	0.258	rs7358562	-4.67	rs7132277	0.058451	-4.31	0.896099	339	18	enet	0.049	0.013	-0.2683	0.788
Uterus	/media/kame/Data/_workings/resource/GTEv8//GTExv8.EUR.Uterus/ENSG00000111328.6.wgt.RDat	ENSG00000111328.6	12	123272333	123272334	0.233	rs7358562	-4.67	rs1790099	0.055456	-3.4	1.192087	338	7	enet	-0.0094	0.9	-1.43151	0.152
Uterus	/media/kame/Data/_workings/resource/GTEv8//GTExv8.EUR.Uterus/ENSG00000111364.15.wgt.RDat	ENSG00000111364.15	12	123602098	123602099	0.358	rs10846600	6.45	rs7971779	0.097642	-4.77	-0.400804	367	21	enet	0.1	0.00054	0.26289	0.793
Uterus	/media/kame/Data/_workings/resource/GTEv8//GTExv8.EUR.Uterus/ENSG00000168778.11.wgt.RDat	ENSG00000168778.11	12	123671112	123671113	0.544	rs10846600	6.45	rs7306549	0.165149	4.99	-2.06611	379	25	enet	0.22	1.5e-07	-0.03381	0.973
Uterus	/media/kame/Data/_workings/resource/GTEv8//GTExv8.EUR.Uterus/ENSG00000185344.13.wgt.RDat	ENSG00000185344.13	12	123712317	123712318	0.377	rs10846600	6.45	rs9888323	0.002958	3.52	-0.086634	386	24	enet	0.11	0.00033	1.95628	0.0504
Uterus	/media/kame/Data/_workings/resource/GTEv8//GTExv8.EUR.Uterus/ENSG00000280300.1.wgt.RDat	ENSG00000280300.1	12	123754793	123754794	0.278	rs10846600	6.45	rs11057355	0.01492	3.49	0.000162	398	27	enet	0.036	0.028	0.28832	0.773
Uterus	/media/kame/Data/_workings/resource/GTEv8//GTExv8.EUR.Uterus/ENSG00000279233.1.wgt.RDat	ENSG00000279233.1	12	125138244	125138245	0.512	rs748548	13.36	rs12581512	0.325937	6.35	-0.423943	540	16	enet	0.33	6.1e-11	-0.8725	0.383
Uterus	/media/kame/Data/_workings/resource/GTEv8//GTExv8.EUR.Uterus/ENSG00000256250.1.wgt.RDat	ENSG00000256250.1	12	130810605	130810606	0.614	rs7301892	-4.9	rs1554807	0.381208	6.47	-0.083627	645	21	enet	0.3	6.9e-10	-0.14241	0.887
Uterus	/media/kame/Data/_workings/resource/GTEv8//GTExv8.EUR.Uterus/ENSG00000256299.1.wgt.RDat	ENSG00000256299.1	12	130812621	130812622	0.492	rs7301892	-4.9	rs6486600	0.300032	5.71	-0.126382	644	14	enet	0.16	1.1e-05	-0.23226	0.816
Uterus	/media/kame/Data/_workings/resource/GTEv8//GTExv8.EUR.Uterus/ENSG00000111450.13.wgt.RDat	ENSG00000111450.13	12	130839265	130839266	0.55	rs11608663	-6.59	rs10773819	0.271155	-5.58	0.299668	638	12	enet	0.23	8.9e-08	-0.56765	0.57
Uterus	/media/kame/Data/_workings/resource/GTEv8//GTExv8.EUR.Uterus/ENSG00000185684.12.wgt.RDat	ENSG00000185684.12	12	132084282	132084283	0.603	rs10902536	-3.45	rs7973039	0.329927	-5.98	-0.34195	336	28	enet	0.28	2.3e-09	0.3987	0.69
Uterus	/media/kame/Data/_workings/resource/GTEv8//GTExv8.EUR.Uterus/ENSG00000256576.2.wgt.RDat	ENSG00000256576.2	12	132189694	132189695	0.438	rs2091731	3.13	rs10902506	0.360487	-6.29	-0.000874	327	3	enet	0.29	1.5e-09	-0.00643	0.995
Uterus	/media/kame/Data/_workings/resource/GTEv8//GTExv8.EUR.Uterus/ENSG00000204583.9.wgt.RDat	ENSG00000204583.9	12	132610396	132610397	0.324	rs2091731	3.13	rs10870477	0.173597	-4.94	0.792082	276	5	enet	0.16	1.3e-05	-0.63045	0.528
Uterus	/media/kame/Data/_workings/resource/GTEv8//GTExv8.EUR.Uterus/ENSG00000090615.14.wgt.RDat	ENSG00000090615.14	12	132828857	132828858	0.323	rs2091731	3.13	rs12314432	0.010922	3.94	-0.133202	240	8	enet	0.079	0.002	-0.03096	0.975
Uterus	/media/kame/Data/_workings/resource/GTEv8//GTExv8.EUR.Uterus/ENSG00000256223.5.wgt.RDat	ENSG00000256223.5	12	133130574	133130575	0.216	rs12319236	2.11	rs3741486	-0.002445	-3.71	-1.029178	163	19	enet	0.01	0.15	0.6373	0.524
Uterus	/media/kame/Data/_workings/resource/GTEv8//GTExv8.EUR.Uterus/ENSG00000132958.17.wgt.RDat	ENSG00000132958.17	13	19536761	19536762	0.371	rs7994946	-4.02	rs9508933	0.084771	3.9	0.6035	322	6	enet	0.03	0.041	0.74385	0.457
Uterus	/media/kame/Data/_workings/resource/GTEv8//GTExv8.EUR.Uterus/ENSG00000196199.13.wgt.RDat	ENSG00000196199.13	13	19633680	19633681	0.192	rs7994946	-4.02	rs17085239	0.008176	3.47	0.765	291	26	enet	0.017	0.097	0.35861	0.72
Uterus	/media/kame/Data/_workings/resource/GTEv8//GTExv8.EUR.Uterus/ENSG00000032742.17.wgt.RDat	ENSG00000032742.17	13	20567068	20567069	0.672	rs9509242	-3.5	rs7325766	0.00593	-4.08	0.07258	502	94	enet	0.079	0.0019	0.16212	0.871
Uterus	/media/kame/Data/_workings/resource/GTEv8//GTExv8.EUR.Uterus/ENSG00000238286.1.wgt.RDat	ENSG00000238286.1	13	20607267	20607268	0.42	rs9509242	-3.5	rs6490598	0.300455	5.79	-0.10131	506	38	enet	0.29	1.5e-09	-0.01124	0.991
Uterus	/media/kame/Data/_workings/resource/GTEv8//GTExv8.EUR.Uterus/ENSG00000132953.16.wgt.RDat	ENSG00000132953.16	13	20903047	20903048	0.23	rs9509242	-3.5	rs4769122	0.072255	-4.05	0.52944	452	12	enet	0.0092	0.16	-0.01902	0.985
Uterus	/media/kame/Data/_workings/resource/GTEv8//GTExv8.EUR.Uterus/ENSG00000027001.9.wgt.RDat	ENSG00000027001.9	13	23889418	23889419	0.534	rs7998301	5.44	rs10507333	0.296055	6.01	-0.81276	762	9	enet	0.26	1.7e-08	-0.83074	0.406
Uterus	/media/kame/Data/_workings/resource/GTEv8//GTExv8.EUR.Uterus/ENSG00000253771.5.wgt.RDat	ENSG00000253771.5	13	24968486	24968487	0.518	rs6490975	6.06	rs2483402	0.135182	5.32	0.75918	515	27	enet	0.2	1.1e-06	0.70764	0.479
Uterus	/media/kame/Data/_workings/resource/GTEv8//GTExv8.EUR.Uterus/ENSG00000281026.1.wgt.RDat	ENSG00000281026.1	13	32509394	32509395	0.301	rs17077177	-4.04	rs2520696	-0.008684	3.64	0.91231	469	28	enet	-0.0011	0.35	-0.19997	0.842
Uterus	/media/kame/Data/_workings/resource/GTEv8//GTExv8.EUR.Uterus/ENSG00000120669.15.wgt.RDat	ENSG00000120669.15	13	36214614	36214615	0.393	rs17191516	-5.26	rs943893	0.306413	6.68	0.29733	538	24	enet	0.4	1.3e-13	0.35384	0.723
Uterus	/media/kame/Data/_workings/resource/GTEv8//GTExv8.EUR.Uterus/ENSG00000242715.7.wgt.RDat	ENSG00000242715.7	13	36297839	36297840	0.253	rs9566159	5.98	rs9547431	0.095554	-4.63	0.00402	527	15	enet	0.087	0.0012	-0.09356	0.925
Uterus	/media/kame/Data/_workings/resource/GTEv8//GTExv8.EUR.Uterus/ENSG00000133111.3.wgt.RDat	ENSG00000133111.3	13	36819223	36819224	0.349	rs9547713	6.28	rs10514840	0.049212	-3.48	0.53713	474	47	enet	0.085	0.0014	-1.52854	0.126
Uterus	/media/kame/Data/_workings/resource/GTEv8//GTExv8.EUR.Uterus/ENSG00000133103.16.wgt.RDat	ENSG00000133103.16	13	39655626	39655627	0.231	rs9576809	4.78	rs4254189	0.067191	-4.55	0.87916	519	24	enet	0.1	0.00052	-1.00134	0.317
Uterus	/media/kame/Data/_workings/resource/GTEv8//GTExv8.EUR.Uterus/ENSG00000176268.5.wgt.RDat	ENSG00000176268.5	13	40863901	40863902	0.187	rs9525438	-4.49	rs9532657	0.057354	-3.79	-2.85213	337	7	enet	0.012	0.14	2.73032	0.00633
Uterus	/media/kame/Data/_workings/resource/GTEv8//GTExv8.EUR.Uterus/ENSG00000239827.8.wgt.RDat	ENSG00000239827.8	13	40921530	40921531	0.157	rs9525438	-4.49	rs7334701	0.068629	-3.84	-0.44243	324	15	enet	0.02	0.079	0.24197	0.809
Uterus	/media/kame/Data/_workings/resource/GTEv8//GTExv8.EUR.Uterus/ENSG00000120675.5.wgt.RDat	ENSG00000120675.5	13	43023202	43023203	0.546	rs12863816	-7.04	rs17553284	0.410915	-6.73	0.12898	599	28	enet	0.37	2e-12	0.0288	0.977
Uterus	/media/kame/Data/_workings/resource/GTEv8//GTExv8.EUR.Uterus/ENSG00000151773.12.wgt.RDat	ENSG00000151773.12	13	43874926	43874927	0.406	rs9533799	-6.16	rs12874590	0.297264	6.34	-3.61366	526	24	enet	0.37	2.4e-12	-4.07202	4.66e-05
Uterus	/media/kame/Data/_workings/resource/GTEv8//GTExv8.EUR.Uterus/ENSG00000179630.10.wgt.RDat	ENSG00000179630.10	13	43879283	43879284	0.504	rs9533799	-6.16	rs12866387	0.039619	4.29	4.36522	526	43	enet	0.14	5.2e-05	1.69219	0.0906
Uterus	/media/kame/Data/_workings/resource/GTEv8//GTExv8.EUR.Uterus/ENSG00000235903.7.wgt.RDat	ENSG00000235903.7	13	46052805	46052806	0.3	rs9316187	4.69	rs9534319	0.12895	-4.67	1.28441	507	15	enet	0.039	0.023	-0.68083	0.496
Uterus	/media/kame/Data/_workings/resource/GTEv8//GTExv8.EUR.Uterus/ENSG00000276968.1.wgt.RDat	ENSG00000276968.1	13	48042183	48042184	0.228	rs1172484	-4.28	rs2182375	0.285563	5.56	0.00629	354	34	enet	0.18	2.4e-06	-0.75331	0.451
Uterus	/media/kame/Data/_workings/resource/GTEv8//GTExv8.EUR.Uterus/ENSG00000152207.7.wgt.RDat	ENSG00000152207.7	13	48653710	48653711	0.252	rs2407249	-3.66	rs9568113	0.102873	3.85	-0.04861	368	13	enet	-0.0038	0.44	0.01067	0.991
Uterus	/media/kame/Data/_workings/resource/GTEv8//GTExv8.EUR.Uterus/ENSG00000275202.1.wgt.RDat	ENSG00000275202.1	13	48975910	48975911	0.307	rs2407249	-3.66	rs7989175	0.158874	-4.88	-0.33695	406	34	enet	0.12	0.00011	-1.29747	0.194
Uterus	/media/kame/Data/_workings/resource/GTEv8//GTExv8.EUR.Uterus/ENSG00000123179.13.wgt.RDat	ENSG00000123179.13	13	49691474	49691475	0.542	rs2066613	3.11	rs7982132	0.243138	-5.5	-1.30349	398	11	enet	0.23	7.9e-08	0.64815	0.517
Uterus	/media/kame/Data/_workings/resource/GTEv8//GTExv8.EUR.Uterus/ENSG00000233672.6.wgt.RDat	ENSG00000233672.6	13	50910763	50910764	0.648	rs201789	6.41	rs9535525	0.507535	-7.5	-0.05506	525	44	enet	0.5	1.2e-17	-0.10085	0.92
Uterus	/media/kame/Data/_workings/resource/GTEv8//GTExv8.EUR.Uterus/ENSG00000123201.14.wgt.RDat	ENSG00000123201.14	13	51080861	51080862	0.449	rs9596486	3.82	rs7336329	0.074847	4.47	0.90077	488	34	enet	0.1	0.00053	0.29146	0.771
Uterus	/media/kame/Data/_workings/resource/GTEv8//GTExv8.EUR.Uterus/ENSG00000253710.2.wgt.RDat	ENSG00000253710.2	13	52012397	52012398	0.4	rs4943030	-3.08	rs9535832	0.152406	5.06	0.25172	347	12	enet	0.14	5.8e-05	-0.13761	0.891
Uterus	/media/kame/Data/_workings/resource/GTEv8//GTExv8.EUR.Uterus/ENSG00000197168.11.wgt.RDat	ENSG00000197168.11	13	52127661	52127662	0.275	rs4943030	-3.08	rs1122934	0.185317	-5.11	-0.22516	324	19	enet	0.12	0.00015	0.87978	0.379
Uterus	/media/kame/Data/_workings/resource/GTEv8//GTExv8.EUR.Uterus/ENSG00000136098.16.wgt.RDat	ENSG00000136098.16	13	52159860	52159861	0.148	rs4943030	-3.08	rs4941727	0.056949	-3.8	0.00866	332	1	enet	-0.0095	0.97	-0.00866	0.993
Uterus	/media/kame/Data/_workings/resource/GTEv8//GTExv8.EUR.Uterus/ENSG00000136108.14.wgt.RDat	ENSG00000136108.14	13	52455428	52455429	0.243	rs2236363	-3.9	rs9526975	0.105337	-4.61	-0.00453	357	12	enet	0.073	0.0029	-0.46708	0.64
Uterus	/media/kame/Data/_workings/resource/GTEv8//GTExv8.EUR.Uterus/ENSG00000139675.11.wgt.RDat	ENSG00000139675.11	13	52640785	52640786	0.328	rs9527046	4.7	rs4284531	0.131887	-4.57	0.01816	405	19	enet	0.038	0.025	-0.40013	0.689
Uterus	/media/kame/Data/_workings/resource/GTEv8//GTExv8.EUR.Uterus/ENSG00000136111.12.wgt.RDat	ENSG00000136111.12	13	75482113	75482114	0.283	rs7321611	-3.91	rs9318332	0.147476	4.58	0.44345	529	28	enet	0.081	0.0017	-0.03313	0.974
Uterus	/media/kame/Data/_workings/resource/GTEv8//GTExv8.EUR.Uterus/ENSG00000261105.5.wgt.RDat	ENSG00000261105.5	13	75635993	75635994	0.399	rs7991792	4.4	rs9593109	0.372818	6.57	-0.95168	560	5	enet	0.32	1.7e-10	-0.63247	0.527
Uterus	/media/kame/Data/_workings/resource/GTEv8//GTExv8.EUR.Uterus/ENSG00000227354.6.wgt.RDat	ENSG00000227354.6	13	79406308	79406309	0.645	rs7994255	9.38	rs1155848	0.353926	6.45	0.29258	385	19	enet	0.33	8.3e-11	0.85042	0.395
Uterus	/media/kame/Data/_workings/resource/GTEv8//GTExv8.EUR.Uterus/ENSG00000136158.11.wgt.RDat	ENSG00000136158.11	13	80340950	80340951	0.299	rs9531108	-3.92	rs7139668	-0.009067	3.4	0.29076	420	26	enet	0.05	0.011	-0.15616	0.876
Uterus	/media/kame/Data/_workings/resource/GTEv8//GTExv8.EUR.Uterus/ENSG00000152749.7.wgt.RDat	ENSG00000152749.7	13	94601902	94601903	0.402	rs4148536	-4.24	rs1572935	0.20364	-5.17	-0.40633	632	18	enet	0.07	0.0033	-0.49932	0.618
Uterus	/media/kame/Data/_workings/resource/GTEv8//GTExv8.EUR.Uterus/ENSG00000134874.17.wgt.RDat	ENSG00000134874.17	13	95644702	95644703	0.326	rs11568650	-5.91	rs12867610	0.000247	3.8	-0.83474	510	30	enet	0.042	0.019	0.89919	0.369
Uterus	/media/kame/Data/_workings/resource/GTEv8//GTExv8.EUR.Uterus/ENSG00000102595.19.wgt.RDat	ENSG00000102595.19	13	96053481	96053482	0.186	rs913427	11.52	rs2389530	0.044493	3.95	-1.7269	327	28	enet	0.075	0.0025	-3.90301	9.5e-05
Uterus	/media/kame/Data/_workings/resource/GTEv8//GTExv8.EUR.Uterus/ENSG00000165621.8.wgt.RDat	ENSG00000165621.8	13	96994729	96994730	0.31	rs7358964	14.22	rs7339219	0.033016	-4.14	0.97335	345	19	enet	0.11	0.00028	-0.17589	0.86
Uterus	/media/kame/Data/_workings/resource/GTEv8//GTExv8.EUR.Uterus/ENSG00000250878.3.wgt.RDat	ENSG00000250878.3	13	102880098	102880099	0.486	rs10508103	-4.59	rs4150348	-0.009352	3.7	0.36277	692	21	enet	0.062	0.0055	0.70965	0.478
Uterus	/media/kame/Data/_workings/resource/GTEv8//GTExv8.EUR.Uterus/ENSG00000274204.1.wgt.RDat	ENSG00000274204.1	13	106506712	106506713	0.355	rs1477925	-4.59	rs16968240	-0.007519	3.52	-2.53507	504	48	enet	0.071	0.0032	-1.06434	0.287
Uterus	/media/kame/Data/_workings/resource/GTEv8//GTExv8.EUR.Uterus/ENSG00000277246.1.wgt.RDat	ENSG00000277246.1	13	108267319	108267320	0.64	rs9555432	-3.8	rs9514851	-0.008473	3.16	0.4515	597	45	enet	0.013	0.13	-0.01587	0.987
Uterus	/media/kame/Data/_workings/resource/GTEv8//GTExv8.EUR.Uterus/ENSG00000277767.1.wgt.RDat	ENSG00000277767.1	13	110916003	110916004	0.579	rs9521996	-5.54	rs9559901	0.213622	-6.33	-2.30056	640	12	enet	0.36	5.4e-12	0.42609	0.67
Uterus	/media/kame/Data/_workings/resource/GTEv8//GTExv8.EUR.Uterus/ENSG00000153531.13.wgt.RDat	ENSG00000153531.13	13	113453523	113453524	0.255	rs9805651	4	rs2259573	0.071985	4	-0.58319	390	9	enet	0.016	0.1	-0.72508	0.468
Uterus	/media/kame/Data/_workings/resource/GTEv8//GTExv8.EUR.Uterus/ENSG00000150401.14.wgt.RDat	ENSG00000150401.14	13	113490951	113490952	0.429	rs9805651	4	rs3751415	0.001636	-3.23	0.3495	382	17	enet	0.046	0.015	0.59057	0.555
Uterus	/media/kame/Data/_workings/resource/GTEv8//GTExv8.EUR.Uterus/ENSG00000276916.1.wgt.RDat	ENSG00000276916.1	13	113511746	113511747	0.32	rs9805651	4	rs2257460	0.000221	-3.83	-0.97421	377	32	enet	0.019	0.082	1.20838	0.227
Uterus	/media/kame/Data/_workings/resource/GTEv8//GTExv8.EUR.Uterus/ENSG00000276248.1.wgt.RDat	ENSG00000276248.1	13	113527259	113527260	0.365	rs9805651	4	rs2259812	0.053162	-4.06	-1.23352	376	50	enet	0.024	0.059	1.22194	0.222
Uterus	/media/kame/Data/_workings/resource/GTEv8//GTExv8.EUR.Uterus/ENSG00000130177.14.wgt.RDat	ENSG00000130177.14	13	114234886	114234887	0.282	rs11620090	-3.68	rs995232	0.241797	5.38	0.60548	234	15	enet	0.18	2.3e-06	0.6154	0.538
Uterus	/media/kame/Data/_workings/resource/GTEv8//GTExv8.EUR.Uterus/ENSG00000169062.14.wgt.RDat	ENSG00000169062.14	13	114281583	114281584	0.33	rs11620090	-3.68	rs12585510	0.001256	-3.71	-0.73919	217	21	enet	0.1	0.00045	0.37204	0.71
Uterus	/media/kame/Data/_workings/resource/GTEv8//GTExv8.EUR.Uterus/ENSG00000258515.1.wgt.RDat	ENSG00000258515.1	14	20451584	20451585	0.462	rs1760897	-6.36	rs883037	0.250478	-5.71	-0.53877	646	22	enet	0.21	3.1e-07	-0.2664	0.789895
Uterus	/media/kame/Data/_workings/resource/GTEv8//GTExv8.EUR.Uterus/ENSG00000092200.12.wgt.RDat	ENSG00000092200.12	14	21287938	21287939	0.319	rs11848323	5.21	rs12586691	-0.000685	3.16	2.05111	484	26	enet	-0.00039	0.33	-0.9707	0.331675
Uterus	/media/kame/Data/_workings/resource/GTEv8//GTExv8.EUR.Uterus/ENSG00000259054.1.wgt.RDat	ENSG00000259054.1	14	22556968	22556969	0.43	rs1570342	8.52	rs4982644	0.024408	4.03	-0.28367	667	28	enet	0.032	0.035	-1.3217	0.186256
Uterus	/media/kame/Data/_workings/resource/GTEv8//GTExv8.EUR.Uterus/ENSG00000100461.17.wgt.RDat	ENSG00000100461.17	14	22917801	22917802	0.445	rs1570342	8.52	rs2295680	0.323081	-5.99	3.06898	570	30	enet	0.26	1.1e-08	-3.5421	0.000397
Uterus	/media/kame/Data/_workings/resource/GTEv8//GTExv8.EUR.Uterus/ENSG00000092036.18.wgt.RDat	ENSG00000092036.18	14	22957160	22957161	0.496	rs1570342	8.52	rs2145542	0.244823	5.89	2.32605	565	39	enet	0.25	2.9e-08	2.2708	0.023156
Uterus	/media/kame/Data/_workings/resource/GTEv8//GTExv8.EUR.Uterus/ENSG00000279656.1.wgt.RDat	ENSG00000279656.1	14	23024216	23024217	0.762	rs1570342	8.52	rs8013143	0.562484	-7.85	0.25725	531	31	enet	0.53	5.3e-19	-0.666	0.505388
Uterus	/media/kame/Data/_workings/resource/GTEv8//GTExv8.EUR.Uterus/ENSG00000157326.18.wgt.RDat	ENSG00000157326.18	14	23955034	23955035	0.291	rs222629	3.84	rs8022613	0.007416	-3.97	0.80873	474	33	enet	0.03	0.041	-0.9119	0.361834
Uterus	/media/kame/Data/_workings/resource/GTEv8//GTExv8.EUR.Uterus/ENSG00000187630.15.wgt.RDat	ENSG00000187630.15	14	23969873	23969874	0.394	rs222629	3.84	rs8022613	0.015889	-4.44	0.80873	482	31	enet	0.013	0.12	-1.2201	0.222422
Uterus	/media/kame/Data/_workings/resource/GTEv8//GTExv8.EUR.Uterus/ENSG00000092295.11.wgt.RDat	ENSG00000092295.11	14	24264431	24264432	0.305	rs10141091	3.77	rs2748516	0.215019	-4.95	0.35309	491	13	enet	0.2	6.9e-07	0.3885	0.697655
Uterus	/media/kame/Data/_workings/resource/GTEv8//GTExv8.EUR.Uterus/ENSG00000157379.13.wgt.RDat	ENSG00000157379.13	14	24299832	24299833	0.289	rs10141091	3.77	rs8014112	0.060727	4.33	0.00361	487	17	enet	0.13	7.4e-05	-0.6637	0.50691
Uterus	/media/kame/Data/_workings/resource/GTEv8//GTExv8.EUR.Uterus/ENSG00000139899.10.wgt.RDat	ENSG00000139899.10	14	24430953	24430954	0.502	rs10141091	3.77	rs10143703	0.354185	-6.4	1.06191	549	16	enet	0.3	8.7e-10	-1.036	0.300209
Uterus	/media/kame/Data/_workings/resource/GTEv8//GTExv8.EUR.Uterus/ENSG00000203546.7.wgt.RDat	ENSG00000203546.7	14	31428187	31428188	0.425	rs1034233	5.43	rs7152230	0.018468	3.91	0.17542	309	41	enet	0.12	0.00012	0.4426	0.658055
Uterus	/media/kame/Data/_workings/resource/GTEv8//GTExv8.EUR.Uterus/ENSG00000174373.16.wgt.RDat	ENSG00000174373.16	14	35809303	35809304	0.497	rs12434102	4.93	rs4982299	0.454874	7.01	0.57187	400	41	enet	0.42	2.8e-14	0.7086	0.478556
Uterus	/media/kame/Data/_workings/resource/GTEv8//GTExv8.EUR.Uterus/ENSG00000259070.5.wgt.RDat	ENSG00000259070.5	14	38948272	38948273	0.29	rs4899139	-3.76	rs1022713	0.176055	-5.2	-0.32887	366	10	enet	0.18	2.5e-06	0.1287	0.897588
Uterus	/media/kame/Data/_workings/resource/GTEv8//GTExv8.EUR.Uterus/ENSG00000165355.7.wgt.RDat	ENSG00000165355.7	14	39432499	39432500	0.392	rs10150317	5.81	rs1022713	-0.009523	-3.25	-0.32887	381	29	enet	0.025	0.057	-0.5652	0.571964
Uterus	/media/kame/Data/_workings/resource/GTEv8//GTExv8.EUR.Uterus/ENSG00000165502.6.wgt.RDat	ENSG00000165502.6	14	49620684	49620685	0.593	rs4900914	-4.04	rs2985697	0.408492	-6.68	0.03464	380	26	enet	0.37	1.9e-12	0.0305	0.975636
Uterus	/media/kame/Data/_workings/resource/GTEv8//GTExv8.EUR.Uterus/ENSG00000139921.12.wgt.RDat	ENSG00000139921.12	14	51240167	51240168	0.423	rs4264315	-5.29	rs9672122	0.103244	-4.38	-2.10786	645	30	enet	0.058	0.0073	1.7385	0.082122
Uterus	/media/kame/Data/_workings/resource/GTEv8//GTExv8.EUR.Uterus/ENSG00000258808.1.wgt.RDat	ENSG00000258808.1	14	51397134	51397135	0.567	rs17124656	5.35	rs1987118	0.095218	-4.61	0.57991	679	32	enet	0.23	8.4e-08	-1.1051	0.269098
Uterus	/media/kame/Data/_workings/resource/GTEv8//GTExv8.EUR.Uterus/ENSG00000087301.8.wgt.RDat	ENSG00000087301.8	14	52552521	52552522	0.273	rs17725312	-5.32	rs12433887	0.055952	3.64	-0.05071	429	47	enet	0.13	9.9e-05	-0.8498	0.39546
Uterus	/media/kame/Data/_workings/resource/GTEv8//GTExv8.EUR.Uterus/ENSG00000237356.5.wgt.RDat	ENSG00000237356.5	14	53169053	53169054	0.29	rs879851	4.37	rs7140663	0.14422	4.61	-0.62649	398	30	enet	0.043	0.018	-1.4043	0.160221
Uterus	/media/kame/Data/_workings/resource/GTEv8//GTExv8.EUR.Uterus/ENSG00000126790.11.wgt.RDat	ENSG00000126790.11	14	59484429	59484430	0.35	rs17834238	7.88	rs1268584	0.176218	-5.44	6.92494	455	32	enet	0.19	2.2e-06	-3.5958	0.000323
Uterus	/media/kame/Data/_workings/resource/GTEv8//GTExv8.EUR.Uterus/ENSG00000023608.4.wgt.RDat	ENSG00000023608.4	14	61762356	61762357	0.482	rs1254919	4.44	rs8021670	0.015995	-4.18	0.11147	511	32	enet	0.052	0.01	0.1424	0.886801
Uterus	/media/kame/Data/_workings/resource/GTEv8//GTExv8.EUR.Uterus/ENSG00000100714.15.wgt.RDat	ENSG00000100714.15	14	64388030	64388031	0.227	rs17179998	6.25	rs2987979	0.239448	-5.39	-0.6435	495	10	enet	0.19	1.4e-06	0.6367	0.524333
Uterus	/media/kame/Data/_workings/resource/GTEv8//GTExv8.EUR.Uterus/ENSG00000258289.8.wgt.RDat	ENSG00000258289.8	14	64914360	64914361	0.675	rs1270077	7.41	rs10151701	0.50227	7.4	-2.65813	487	42	enet	0.45	1.4e-15	-2.0187	0.043515
Uterus	/media/kame/Data/_workings/resource/GTEv8//GTExv8.EUR.Uterus/ENSG00000213463.4.wgt.RDat	ENSG00000213463.4	14	70417060	70417061	0.266	rs8011370	-4.13	rs8021180	0.204095	4.9	-0.79206	544	7	enet	0.12	0.00019	-0.5068	0.612285
Uterus	/media/kame/Data/_workings/resource/GTEv8//GTExv8.EUR.Uterus/ENSG00000259158.3.wgt.RDat	ENSG00000259158.3	14	70483755	70483756	0.314	rs8011370	-4.13	rs7156661	0.124808	-4.8	0.57417	504	14	enet	0.12	0.00014	0.2312	0.817134
Uterus	/media/kame/Data/_workings/resource/GTEv8//GTExv8.EUR.Uterus/ENSG00000100731.15.wgt.RDat	ENSG00000100731.15	14	70907404	70907405	0.29	rs8011370	-4.13	rs2010061	0.150449	-4.65	0.73007	407	33	enet	0.051	0.011	-0.744	0.456891
Uterus	/media/kame/Data/_workings/resource/GTEv8//GTExv8.EUR.Uterus/ENSG00000119599.16.wgt.RDat	ENSG00000119599.16	14	72926331	72926332	0.236	rs11621058	3.58	rs11623827	0.012839	3.98	-0.33969	458	17	enet	0.021	0.072	-0.2004	0.841196
Uterus	/media/kame/Data/_workings/resource/GTEv8//GTExv8.EUR.Uterus/ENSG00000258695.2.wgt.RDat	ENSG00000258695.2	14	73530151	73530152	0.38	rs177377	-3.4	rs8018967	0.162249	-4.62	0.4657	354	20	enet	0.12	0.00014	0.2647	0.791221
Uterus	/media/kame/Data/_workings/resource/GTEv8//GTExv8.EUR.Uterus/ENSG00000184227.7.wgt.RDat	ENSG00000184227.7	14	73537113	73537114	0.43	rs177377	-3.4	rs7151745	0.122153	4.81	-0.55841	355	32	enet	0.21	3.2e-07	-0.3196	0.749298
Uterus	/media/kame/Data/_workings/resource/GTEv8//GTExv8.EUR.Uterus/ENSG00000259065.1.wgt.RDat	ENSG00000259065.1	14	73787359	73787360	0.73	rs887592	4.52	rs17182607	0.538948	7.6	-0.73051	390	26	enet	0.52	8e-19	-1.4268	0.153651
Uterus	/media/kame/Data/_workings/resource/GTEv8//GTExv8.EUR.Uterus/ENSG00000140043.11.wgt.RDat	ENSG00000140043.11	14	73851843	73851844	0.599	rs887592	4.52	rs2109750	0.136605	5.13	0.09871	386	39	enet	0.36	4.5e-12	0.038	0.969715
Uterus	/media/kame/Data/_workings/resource/GTEv8//GTExv8.EUR.Uterus/ENSG00000187097.12.wgt.RDat	ENSG00000187097.12	14	74019351	74019352	0.257	rs887592	4.52	rs3815331	0.141562	-4.47	-0.1854	393	17	enet	0.18	2.6e-06	-1.4787	0.13922
Uterus	/media/kame/Data/_workings/resource/GTEv8//GTExv8.EUR.Uterus/ENSG00000198208.11.wgt.RDat	ENSG00000198208.11	14	74923395	74923396	0.261	rs10873271	5.06	rs741095	0.069821	-4	-0.13144	375	20	enet	0.059	0.0065	0.0183	0.985387
Uterus	/media/kame/Data/_workings/resource/GTEv8//GTExv8.EUR.Uterus/ENSG00000119718.10.wgt.RDat	ENSG00000119718.10	14	75002910	75002911	0.231	rs10873271	5.06	rs175016	0.18378	-4.88	-2.46332	411	28	enet	0.13	9.9e-05	2.2133	0.026875
Uterus	/media/kame/Data/_workings/resource/GTEv8//GTExv8.EUR.Uterus/ENSG00000258602.1.wgt.RDat	ENSG00000258602.1	14	76959637	76959638	0.447	rs11159248	-5.06	rs10873298	0.287061	5.7	-0.41892	528	9	enet	0.19	1.5e-06	-0.3204	0.748702
Uterus	/media/kame/Data/_workings/resource/GTEv8//GTExv8.EUR.Uterus/ENSG00000009830.11.wgt.RDat	ENSG00000009830.11	14	77320882	77320883	0.281	rs11159248	-5.06	rs10134823	0.017577	-3.21	-0.03305	527	43	enet	-0.0095	0.99	-0.355	0.722593
Uterus	/media/kame/Data/_workings/resource/GTEv8//GTExv8.EUR.Uterus/ENSG00000100577.18.wgt.RDat	ENSG00000100577.18	14	77320884	77320885	0.511	rs11159248	-5.06	rs2193594	0.054508	4.75	-0.75001	527	24	enet	0.14	4e-05	0.4026	0.687255
Uterus	/media/kame/Data/_workings/resource/GTEv8//GTExv8.EUR.Uterus/ENSG00000239272.1.wgt.RDat	ENSG00000239272.1	14	77683988	77683989	0.359	rs9788561	5.71	rs7160307	0.244966	5.31	0.03753	622	15	enet	0.21	3.7e-07	0.2404	0.810006
Uterus	/media/kame/Data/_workings/resource/GTEv8//GTExv8.EUR.Uterus/ENSG00000258983.2.wgt.RDat	ENSG00000258983.2	14	88499333	88499334	0.427	rs17124276	-7.07	rs1950806	0.292832	5.91	0.63902	451	48	enet	0.24	4e-08	0.8479	0.396489
Uterus	/media/kame/Data/_workings/resource/GTEv8//GTExv8.EUR.Uterus/ENSG00000100665.11.wgt.RDat	ENSG00000100665.11	14	94561090	94561091	0.499	rs1243518	-6.86	rs8012043	-0.001193	3.41	-0.47725	784	24	enet	0.055	0.0086	-0.6543	0.512937
Uterus	/media/kame/Data/_workings/resource/GTEv8//GTExv8.EUR.Uterus/ENSG00000100744.14.wgt.RDat	ENSG00000100744.14	14	96363870	96363871	0.285	rs11624031	-5.29	rs11624919	0.074922	4.21	2.2089	557	13	enet	0.081	0.0017	0.5019	0.615764
Uterus	/media/kame/Data/_workings/resource/GTEv8//GTExv8.EUR.Uterus/ENSG00000197102.10.wgt.RDat	ENSG00000197102.10	14	101964527	101964528	0.247	rs1052780	7.52	rs4900510	0.01735	3.44	0.10673	328	10	enet	0.025	0.058	0.4143	0.678633
Uterus	/media/kame/Data/_workings/resource/GTEv8//GTExv8.EUR.Uterus/ENSG00000126214.21.wgt.RDat	ENSG00000126214.21	14	103561895	103561896	0.214	rs6575967	5.62	rs745079	0.041521	-3.54	0.50951	358	33	enet	0.084	0.0015	0.6252	0.53182
Uterus	/media/kame/Data/_workings/resource/GTEv8//GTExv8.EUR.Uterus/ENSG00000269958.1.wgt.RDat	ENSG00000269958.1	14	103696352	103696353	0.397	rs6575967	5.62	rs4906356	0.035479	4	-1.45336	350	21	enet	0.057	0.0077	-1.3137	0.188953
Uterus	/media/kame/Data/_workings/resource/GTEv8//GTExv8.EUR.Uterus/ENSG00000126215.13.wgt.RDat	ENSG00000126215.13	14	103715503	103715504	0.153	rs6575967	5.62	rs10135248	0.094762	-4.07	-0.47133	343	16	enet	0.051	0.011	-0.8015	0.422839
Uterus	/media/kame/Data/_workings/resource/GTEv8//GTExv8.EUR.Uterus/ENSG00000156411.9.wgt.RDat	ENSG00000156411.9	14	103928268	103928269	0.442	rs1955660	-3.34	rs17101928	0.235335	-5.26	-0.21243	333	18	enet	0.11	0.00037	0.5068	0.612281
Uterus	/media/kame/Data/_workings/resource/GTEv8//GTExv8.EUR.Uterus/ENSG00000258701.1.wgt.RDat	ENSG00000258701.1	14	104821200	104821201	0.414	rs3809456	-4.95	rs2582516	0.158346	-5.07	0.13345	355	50	enet	0.073	0.0029	0.17	0.864998
Uterus	/media/kame/Data/_workings/resource/GTEv8//GTExv8.EUR.Uterus/ENSG00000166206.14.wgt.RDat	ENSG00000166206.14	15	26939538	26939539	0.493	rs3212331	4.64	rs8024723	0.154668	-4.96	0.917106	459	16	enet	0.089	0.0011	-1.62386	0.104
Uterus	/media/kame/Data/_workings/resource/GTEv8//GTExv8.EUR.Uterus/ENSG00000169857.7.wgt.RDat	ENSG00000169857.7	15	34039175	34039176	0.411	rs2291732	-5.5	rs8042524	0.178698	-4.49	-0.012196	545	5	enet	0.04	0.022	-0.09096	0.928
Uterus	/media/kame/Data/_workings/resource/GTEv8//GTExv8.EUR.Uterus/ENSG00000215252.11.wgt.RDat	ENSG00000215252.11	15	34583650	34583651	0.289	rs7173632	7.96	rs17236946	0.038608	3.49	-0.053983	396	48	enet	-0.0035	0.43	1.48107	0.139
Uterus	/media/kame/Data/_workings/resource/GTEv8//GTExv8.EUR.Uterus/ENSG00000140323.5.wgt.RDat	ENSG00000140323.5	15	40358234	40358235	0.87	rs17672041	4.75	rs2289328	0.505668	7.5	-1.895248	396	27	enet	0.55	3.7e-20	-1.94029	0.0523
Uterus	/media/kame/Data/_workings/resource/GTEv8//GTExv8.EUR.Uterus/ENSG00000128944.13.wgt.RDat	ENSG00000128944.13	15	40382720	40382721	0.445	rs17672041	4.75	rs17671250	0.335312	6.47	4.682765	391	6	enet	0.34	2e-11	4.67756	2.9e-06
Uterus	/media/kame/Data/_workings/resource/GTEv8//GTExv8.EUR.Uterus/ENSG00000128891.15.wgt.RDat	ENSG00000128891.15	15	40565056	40565057	0.494	rs17672041	4.75	rs1044474	0.257167	-5.94	0.632789	330	39	enet	0.31	2.5e-10	0.66803	0.504
Uterus	/media/kame/Data/_workings/resource/GTEv8//GTExv8.EUR.Uterus/ENSG00000166140.17.wgt.RDat	ENSG00000166140.17	15	40807085	40807086	0.217	rs17672041	4.75	rs3743034	0.11302	-4.34	0.554306	286	7	enet	0.01	0.15	-0.3801	0.704
Uterus	/media/kame/Data/_workings/resource/GTEv8//GTExv8.EUR.Uterus/ENSG00000103932.11.wgt.RDat	ENSG00000103932.11	15	41544268	41544269	0.198	rs1197659	-4.95	rs1200353	0.111182	-4.39	-2.522093	362	13	enet	0.01	0.15	1.02615	0.305
Uterus	/media/kame/Data/_workings/resource/GTEv8//GTExv8.EUR.Uterus/ENSG00000243789.10.wgt.RDat	ENSG00000243789.10	15	41828084	41828085	0.309	rs1197659	-4.95	rs2241522	0.063091	3.72	-1.850994	408	4	enet	-0.0077	0.66	-1.77585	0.0758
Uterus	/media/kame/Data/_workings/resource/GTEv8//GTExv8.EUR.Uterus/ENSG00000137877.9.wgt.RDat	ENSG00000137877.9	15	41890204	41890205	0.496	rs1197659	-4.95	rs1209334	0.344307	-6.21	0.159681	413	22	enet	0.34	1.9e-11	-0.10214	0.919
Uterus	/media/kame/Data/_workings/resource/GTEv8//GTExv8.EUR.Uterus/ENSG00000180979.9.wgt.RDat	ENSG00000180979.9	15	42548801	42548802	0.249	rs12594951	6.43	rs4924687	0.208868	5.34	-2.298355	327	42	enet	0.19	1.2e-06	-2.84694	0.00441
Uterus	/media/kame/Data/_workings/resource/GTEv8//GTExv8.EUR.Uterus/ENSG00000278769.1.wgt.RDat	ENSG00000278769.1	15	42724616	42724617	0.182	rs12594951	6.43	rs8031218	0.145768	4.58	0.204215	270	18	enet	0.12	0.00012	0.23382	0.815
Uterus	/media/kame/Data/_workings/resource/GTEv8//GTExv8.EUR.Uterus/ENSG00000168803.14.wgt.RDat	ENSG00000168803.14	15	43330673	43330674	0.389	rs2412752	-3.65	rs478104	0.448239	-7.09	-0.558843	264	23	enet	0.43	9.4e-15	0.57866	0.563
Uterus	/media/kame/Data/_workings/resource/GTEv8//GTExv8.EUR.Uterus/ENSG00000242866.9.wgt.RDat	ENSG00000242866.9	15	43618799	43618800	0.26	rs2412822	3.67	rs654276	0.083872	3.76	-0.37582	255	20	enet	0.15	1.9e-05	-0.40023	0.689
Uterus	/media/kame/Data/_workings/resource/GTEv8//GTExv8.EUR.Uterus/ENSG00000249839.1.wgt.RDat	ENSG00000249839.1	15	43684338	43684339	0.437	rs2412822	3.67	rs3087657	0.342181	-6.15	-0.225911	261	18	enet	0.31	2.4e-10	0.21151	0.832
Uterus	/media/kame/Data/_workings/resource/GTEv8//GTExv8.EUR.Uterus/ENSG00000166763.7.wgt.RDat	ENSG00000166763.7	15	43718183	43718184	0.319	rs2412822	3.67	rs11070410	0.243303	5.3	0.078394	259	30	enet	0.18	3.4e-06	-0.29383	0.769
Uterus	/media/kame/Data/_workings/resource/GTEv8//GTExv8.EUR.Uterus/ENSG00000205771.6.wgt.RDat	ENSG00000205771.6	15	43747093	43747094	0.185	rs2412822	3.67	rs8040336	0.14592	4.88	-1.066026	255	39	enet	0.2	1.1e-06	-0.70723	0.479
Uterus	/media/kame/Data/_workings/resource/GTEv8//GTExv8.EUR.Uterus/ENSG00000185880.12.wgt.RDat	ENSG00000185880.12	15	44728987	44728988	0.248	rs12438755	4.32	rs7182487	0.131997	-4.73	0.000399	227	15	enet	0.14	3.3e-05	0.01322	0.989
Uterus	/media/kame/Data/_workings/resource/GTEv8//GTExv8.EUR.Uterus/ENSG00000259479.6.wgt.RDat	ENSG00000259479.6	15	44881604	44881605	0.433	rs12438755	4.32	rs16975231	0.23256	5.14	0.268638	283	26	enet	0.34	2.3e-11	0.2134	0.831
Uterus	/media/kame/Data/_workings/resource/GTEv8//GTExv8.EUR.Uterus/ENSG00000137860.11.wgt.RDat	ENSG00000137860.11	15	45252229	45252230	0.348	rs12438755	4.32	rs8037583	0.356561	-6.46	-0.180558	334	44	enet	0.26	1.3e-08	0.1757	0.861
Uterus	/media/kame/Data/_workings/resource/GTEv8//GTExv8.EUR.Uterus/ENSG00000259520.5.wgt.RDat	ENSG00000259520.5	15	45279250	45279251	0.519	rs11857175	-5.46	rs11854365	0.566654	-7.88	-0.142811	326	39	enet	0.61	2.3e-23	-0.02474	0.98
Uterus	/media/kame/Data/_workings/resource/GTEv8//GTExv8.EUR.Uterus/ENSG00000259433.2.wgt.RDat	ENSG00000259433.2	15	45332633	45332634	0.195	rs11857175	-5.46	rs1719250	0.205637	-5	-0.103696	317	10	enet	0.11	0.00033	0.13525	0.892
Uterus	/media/kame/Data/_workings/resource/GTEv8//GTExv8.EUR.Uterus/ENSG00000171766.15.wgt.RDat	ENSG00000171766.15	15	45402326	45402327	0.17	rs11857175	-5.46	rs1974981	0.18127	4.73	0.166362	334	27	enet	0.12	0.00014	0.15239	0.879
Uterus	/media/kame/Data/_workings/resource/GTEv8//GTExv8.EUR.Uterus/ENSG00000104164.10.wgt.RDat	ENSG00000104164.10	15	45587122	45587123	0.166	rs11857175	-5.46	rs1719250	0.021611	3.87	-0.103696	390	35	enet	-0.005	0.49	0.11474	0.909
Uterus	/media/kame/Data/_workings/resource/GTEv8//GTExv8.EUR.Uterus/ENSG00000274654.1.wgt.RDat	ENSG00000274654.1	15	48529727	48529728	0.18	rs11070641	8.6	rs12594187	0.056303	-3.74	1.800037	327	16	enet	0.025	0.058	3.40269	0.000667
Uterus	/media/kame/Data/_workings/resource/GTEv8//GTExv8.EUR.Uterus/ENSG00000259705.1.wgt.RDat	ENSG00000259705.1	15	48645950	48645951	0.248	rs11070641	8.6	rs6493333	0.086156	3.6	-0.055645	339	60	enet	0.023	0.065	0.94297	0.346
Uterus	/media/kame/Data/_workings/resource/GTEv8//GTExv8.EUR.Uterus/ENSG00000259531.2.wgt.RDat	ENSG00000259531.2	15	49366684	49366685	0.485	rs11631040	4.66	rs10519226	0.177901	5.49	0.136273	331	66	enet	0.16	9e-06	-0.21075	0.833
Uterus	/media/kame/Data/_workings/resource/GTEv8//GTExv8.EUR.Uterus/ENSG00000166262.15.wgt.RDat	ENSG00000166262.15	15	49620930	49620931	0.445	rs12442475	5.32	rs4774539	0.043853	-3.84	1.572679	362	28	enet	-0.0092	0.86	-0.86636	0.386
Uterus	/media/kame/Data/_workings/resource/GTEv8//GTExv8.EUR.Uterus/ENSG00000104064.16.wgt.RDat	ENSG00000104064.16	15	50354957	50354958	0.364	rs12442475	5.32	rs16963660	-0.009518	-3.39	-1.258319	422	25	enet	0.011	0.14	-0.21537	0.829
Uterus	/media/kame/Data/_workings/resource/GTEv8//GTExv8.EUR.Uterus/ENSG00000244879.6.wgt.RDat	ENSG00000244879.6	15	50355408	50355409	0.849	rs12442475	5.32	rs12903381	0.708427	8.64	-0.377665	421	29	enet	0.67	1.8e-27	-0.49091	0.623
Uterus	/media/kame/Data/_workings/resource/GTEv8//GTExv8.EUR.Uterus/ENSG00000259577.1.wgt.RDat	ENSG00000259577.1	15	52180092	52180093	0.272	rs11853179	7.54	rs12595160	0.226787	-5.05	0.106328	385	34	enet	0.18	2.5e-06	-0.1718	0.864
Uterus	/media/kame/Data/_workings/resource/GTEv8//GTExv8.EUR.Uterus/ENSG00000197535.14.wgt.RDat	ENSG00000197535.14	15	52529049	52529050	0.233	rs2456502	21.45	rs1669877	-0.000135	-2.79	-0.337246	434	49	enet	0.023	0.063	-1.64155	0.101
Uterus	/media/kame/Data/_workings/resource/GTEv8//GTExv8.EUR.Uterus/ENSG00000069943.9.wgt.RDat	ENSG00000069943.9	15	55319161	55319162	0.326	rs4774791	3	rs678892	0.316567	6.03	-0.158069	442	7	enet	0.25	2.7e-08	-0.15195	0.879
Uterus	/media/kame/Data/_workings/resource/GTEv8//GTExv8.EUR.Uterus/ENSG00000171016.11.wgt.RDat	ENSG00000171016.11	15	55588946	55588947	0.413	rs4774791	3	rs1550329	0.102676	-4.12	0.828736	418	13	enet	0.00078	0.3	-0.94074	0.347
Uterus	/media/kame/Data/_workings/resource/GTEv8//GTExv8.EUR.Uterus/ENSG00000151575.14.wgt.RDat	ENSG00000151575.14	15	56244008	56244009	0.365	rs8035474	-6.49	rs9920283	0.024437	-4.01	0.006866	355	14	enet	0.15	1.8e-05	-0.45246	0.651
Uterus	/media/kame/Data/_workings/resource/GTEv8//GTExv8.EUR.Uterus/ENSG00000247982.6.wgt.RDat	ENSG00000247982.6	15	57300364	57300365	0.36	rs1007049	-9.92	rs2414500	0.269783	-5.97	3.194349	545	9	enet	0.22	1.6e-07	0.19393	0.846
Uterus	/media/kame/Data/_workings/resource/GTEv8//GTExv8.EUR.Uterus/ENSG00000103642.11.wgt.RDat	ENSG00000103642.11	15	63121799	63121800	0.257	rs4412925	10.55	rs2652822	0.157882	4.23	1.233896	505	8	enet	0.067	0.0042	1.13856	0.255
Uterus	/media/kame/Data/_workings/resource/GTEv8//GTExv8.EUR.Uterus/ENSG00000241839.9.wgt.RDat	ENSG00000241839.9	15	64841882	64841883	0.273	rs12593770	-8.98	rs869043	0.139466	-4.34	1.244131	293	26	enet	0.11	0.00031	-2.02048	0.0433
Uterus	/media/kame/Data/_workings/resource/GTEv8//GTExv8.EUR.Uterus/ENSG00000166839.16.wgt.RDat	ENSG00000166839.16	15	64911901	64911902	0.234	rs12593770	-8.98	rs2200490	0.010039	-3.43	2.139316	300	40	enet	0.036	0.027	-0.04221	0.966
Uterus	/media/kame/Data/_workings/resource/GTEv8//GTExv8.EUR.Uterus/ENSG00000090487.10.wgt.RDat	ENSG00000090487.10	15	64990309	64990310	0.321	rs6494509	6.13	rs2946662	0.230204	-5.38	5.371375	304	11	enet	0.19	2e-06	-4.21803	2.46e-05
Uterus	/media/kame/Data/_workings/resource/GTEv8//GTExv8.EUR.Uterus/ENSG00000277351.1.wgt.RDat	ENSG00000277351.1	15	65049801	65049802	0.303	rs6494509	6.13	rs4238399	0.185061	-4.73	-0.50708	310	31	enet	0.18	2.6e-06	0.63873	0.523
Uterus	/media/kame/Data/_workings/resource/GTEv8//GTExv8.EUR.Uterus/ENSG00000074603.18.wgt.RDat	ENSG00000074603.18	15	65517703	65517704	0.245	rs2946662	5.37	rs736923	0.005195	-3.97	-0.35894	315	16	enet	0.056	0.008	0.33844	0.735
Uterus	/media/kame/Data/_workings/resource/GTEv8//GTExv8.EUR.Uterus/ENSG00000075131.9.wgt.RDat	ENSG00000075131.9	15	66386745	66386746	0.282	rs7174069	8.6	rs12914520	0.213299	4.84	-0.565844	519	33	enet	0.21	3.2e-07	0.12921	0.897
Uterus	/media/kame/Data/_workings/resource/GTEv8//GTExv8.EUR.Uterus/ENSG00000259673.5.wgt.RDat	ENSG00000259673.5	15	67521683	67521684	0.428	rs2286664	14.79	rs11631249	0.212385	5.21	-0.060361	418	80	enet	0.19	1.4e-06	-1.82262	0.0684
Uterus	/media/kame/Data/_workings/resource/GTEv8//GTExv8.EUR.Uterus/ENSG00000137764.19.wgt.RDat	ENSG00000137764.19	15	67542708	67542709	0.348	rs2286664	14.79	rs4776361	0.33176	-6.05	14.20409	408	31	enet	0.33	6.2e-11	-9.55806	1.2e-21
Uterus	/media/kame/Data/_workings/resource/GTEv8//GTExv8.EUR.Uterus/ENSG00000188779.10.wgt.RDat	ENSG00000188779.10	15	67819703	67819704	0.181	rs2286664	14.79	rs2286664	0.161856	-4.46	14.786833	338	20	enet	0.11	0.00022	-13.26735	3.58e-40
Uterus	/media/kame/Data/_workings/resource/GTEv8//GTExv8.EUR.Uterus/ENSG00000260657.2.wgt.RDat	ENSG00000260657.2	15	68275116	68275117	0.436	rs2278076	12.02	rs11071975	0.407518	6.8	-1.520726	464	17	enet	0.37	2.4e-12	-1.09748	0.272
Uterus	/media/kame/Data/_workings/resource/GTEv8//GTExv8.EUR.Uterus/ENSG00000198794.11.wgt.RDat	ENSG00000198794.11	15	74957464	74957465	0.409	rs3743487	-4.15	rs7163390	0.173068	5.01	-0.024734	262	16	enet	0.17	6.4e-06	-1.74641	0.0807
Uterus	/media/kame/Data/_workings/resource/GTEv8//GTExv8.EUR.Uterus/ENSG00000138621.11.wgt.RDat	ENSG00000138621.11	15	75023554	75023555	0.296	rs3743487	-4.15	rs7163390	0.093798	4.6	-0.024734	267	20	enet	0.065	0.0046	0.2187	0.827
Uterus	/media/kame/Data/_workings/resource/GTEv8//GTExv8.EUR.Uterus/ENSG00000140400.16.wgt.RDat	ENSG00000140400.16	15	75368153	75368154	0.441	rs7163332	-3.8	rs4886443	0.333161	6.48	-0.568925	229	16	enet	0.29	1.3e-09	-0.48641	0.627
Uterus	/media/kame/Data/_workings/resource/GTEv8//GTExv8.EUR.Uterus/ENSG00000169371.13.wgt.RDat	ENSG00000169371.13	15	75626468	75626469	0.324	rs11072572	-5.72	rs12594013	0.169389	-4.61	-0.808729	218	19	enet	0.072	0.0031	0.56706	0.571
Uterus	/media/kame/Data/_workings/resource/GTEv8//GTExv8.EUR.Uterus/ENSG00000259422.1.wgt.RDat	ENSG00000259422.1	15	76181485	76181486	0.211	rs4886481	-7.65	rs12902506	0.068421	-4.32	-0.669252	276	11	enet	0.098	6e-04	2.39802	0.0165
Uterus	/media/kame/Data/_workings/resource/GTEv8//GTExv8.EUR.Uterus/ENSG00000196274.5.wgt.RDat	ENSG00000196274.5	15	76230389	76230390	0.317	rs4886481	-7.65	rs157776	-0.004372	3.58	0.317899	273	15	enet	-0.0085	0.74	-0.01867	0.985
Uterus	/media/kame/Data/_workings/resource/GTEv8//GTExv8.EUR.Uterus/ENSG00000140386.12.wgt.RDat	ENSG00000140386.12	15	76905443	76905444	0.246	rs932046	-4.8	rs3812908	0.094078	4.72	-0.849762	232	22	enet	0.099	0.00056	0.17602	0.86
Uterus	/media/kame/Data/_workings/resource/GTEv8//GTExv8.EUR.Uterus/ENSG00000269951.1.wgt.RDat	ENSG00000269951.1	15	77068324	77068325	0.183	rs932046	-4.8	rs2254441	0.109684	-4.07	0.459315	251	35	enet	0.093	8e-04	0.22248	0.824
Uterus	/media/kame/Data/_workings/resource/GTEv8//GTExv8.EUR.Uterus/ENSG00000260776.5.wgt.RDat	ENSG00000260776.5	15	77926845	77926846	0.532	rs6495249	8.2	rs7175950	0.383667	6.43	0.430253	423	8	enet	0.21	3.1e-07	0.73952	0.46
Uterus	/media/kame/Data/_workings/resource/GTEv8//GTExv8.EUR.Uterus/ENSG00000140403.12.wgt.RDat	ENSG00000140403.12	15	78264156	78264157	0.405	rs6495249	8.2	rs3813575	-0.008692	-3.4	0.27705	399	47	enet	0.045	0.016	0.14251	0.887
Uterus	/media/kame/Data/_workings/resource/GTEv8//GTExv8.EUR.Uterus/ENSG00000259562.2.wgt.RDat	ENSG00000259562.2	15	78291220	78291221	0.331	rs6495249	8.2	rs876364	0.08627	-4.41	-0.798825	391	37	enet	0.15	3e-05	0.21438	0.83
Uterus	/media/kame/Data/_workings/resource/GTEv8//GTExv8.EUR.Uterus/ENSG00000136371.10.wgt.RDat	ENSG00000136371.10	15	79897378	79897379	0.63	rs7180958	-9.69	rs7167420	0.199842	-5.95	-1.54968	571	37	enet	0.33	4.2e-11	0.64628	0.518
Uterus	/media/kame/Data/_workings/resource/GTEv8//GTExv8.EUR.Uterus/ENSG00000180953.11.wgt.RDat	ENSG00000180953.11	15	79915255	79915256	0.773	rs7180958	-9.69	rs4778733	0.40071	-6.56	-0.03178	569	48	enet	0.41	7.5e-14	0.21092	0.833
Uterus	/media/kame/Data/_workings/resource/GTEv8//GTExv8.EUR.Uterus/ENSG00000103876.11.wgt.RDat	ENSG00000103876.11	15	80152489	80152490	0.266	rs7180958	-9.69	rs1370274	0.222144	-4.95	1.140594	515	8	enet	0.11	0.00024	-1.31634	0.188
Uterus	/media/kame/Data/_workings/resource/GTEv8//GTExv8.EUR.Uterus/ENSG00000188659.9.wgt.RDat	ENSG00000188659.9	15	82262809	82262810	0.235	rs4778956	7.11	rs16973457	0.125791	4.4	-0.216596	321	25	enet	0.15	2.8e-05	-0.60241	0.547
Uterus	/media/kame/Data/_workings/resource/GTEv8//GTExv8.EUR.Uterus/ENSG00000278662.4.wgt.RDat	ENSG00000278662.4	15	82349474	82349475	0.436	rs4778956	7.11	rs9944185	0.222043	-5.45	-0.381306	321	26	enet	0.12	0.00012	0.00185	0.999
Uterus	/media/kame/Data/_workings/resource/GTEv8//GTExv8.EUR.Uterus/ENSG00000197978.9.wgt.RDat	ENSG00000197978.9	15	82430019	82430020	0.316	rs4778956	7.11	rs2099259	0.197557	-5.09	-0.981589	324	11	enet	0.24	5.1e-08	-0.04382	0.965
Uterus	/media/kame/Data/_workings/resource/GTEv8//GTExv8.EUR.Uterus/ENSG00000276710.4.wgt.RDat	ENSG00000276710.4	15	82459471	82459472	0.32	rs4778956	7.11	rs1267658	0.071356	-4.31	-0.927836	312	13	enet	0.24	5.2e-08	-0.69331	0.488
Uterus	/media/kame/Data/_workings/resource/GTEv8//GTExv8.EUR.Uterus/ENSG00000103723.12.wgt.RDat	ENSG00000103723.12	15	82709913	82709914	0.552	rs965263	-8.14	rs8040488	0.383487	6.59	0.535584	260	28	enet	0.32	1.9e-10	0.69868	0.485
Uterus	/media/kame/Data/_workings/resource/GTEv8//GTExv8.EUR.Uterus/ENSG00000169612.3.wgt.RDat	ENSG00000169612.3	15	82986206	82986207	0.225	rs12441907	-11.15	rs3850610	0.168356	4.37	-0.688982	306	8	enet	0.11	0.00029	-0.72537	0.468
Uterus	/media/kame/Data/_workings/resource/GTEv8//GTExv8.EUR.Uterus/ENSG00000169609.13.wgt.RDat	ENSG00000169609.13	15	83011640	83011641	0.441	rs12441907	-11.15	rs11857990	0.251923	-6.2	-6.355619	318	20	enet	0.31	3.4e-10	4.59388	4.35e-06
Uterus	/media/kame/Data/_workings/resource/GTEv8//GTExv8.EUR.Uterus/ENSG00000280038.1.wgt.RDat	ENSG00000280038.1	15	84169895	84169896	0.506	rs7237	-6.46	rs10520569	0.289545	5.59	0.555646	211	29	enet	0.25	3.2e-08	1.05251	0.293
Uterus	/media/kame/Data/_workings/resource/GTEv8//GTExv8.EUR.Uterus/ENSG00000259511.2.wgt.RDat	ENSG00000259511.2	15	84172489	84172490	0.196	rs7237	-6.46	rs17597076	0.05817	3.67	-0.545825	211	19	enet	0.045	0.016	1.12165	0.262
Uterus	/media/kame/Data/_workings/resource/GTEv8//GTExv8.EUR.Uterus/ENSG00000259726.1.wgt.RDat	ENSG00000259726.1	15	84186751	84186752	0.534	rs7237	-6.46	rs2279924	0.156179	5.01	-0.000642	205	18	enet	0.3	8.8e-10	0.54946	0.583
Uterus	/media/kame/Data/_workings/resource/GTEv8//GTExv8.EUR.Uterus/ENSG00000184206.11.wgt.RDat	ENSG00000184206.11	15	84235772	84235773	0.289	rs7237	-6.46	rs3748374	0.187908	4.91	0.039913	201	8	enet	0.086	0.0012	0.14284	0.886
Uterus	/media/kame/Data/_workings/resource/GTEv8//GTExv8.EUR.Uterus/ENSG00000230373.8.wgt.RDat	ENSG00000230373.8	15	84516813	84516814	0.572	rs7237	-6.46	rs11635160	0.233666	5.33	-2.441793	316	31	enet	0.11	0.00021	-0.43876	0.661
Uterus	/media/kame/Data/_workings/resource/GTEv8//GTExv8.EUR.Uterus/ENSG00000259728.5.wgt.RDat	ENSG00000259728.5	15	84570923	84570924	0.328	rs7237	-6.46	rs12591311	0.016804	-3.53	-0.010515	322	17	enet	0.09	0.001	-0.3957	0.692
Uterus	/media/kame/Data/_workings/resource/GTEv8//GTExv8.EUR.Uterus/ENSG00000176700.19.wgt.RDat	ENSG00000176700.19	15	84632278	84632279	0.39	rs7237	-6.46	rs35641144	0.192142	4.72	0.410003	338	14	enet	0.15	2.4e-05	-0.29617	0.767
Uterus	/media/kame/Data/_workings/resource/GTEv8//GTExv8.EUR.Uterus/ENSG00000275120.2.wgt.RDat	ENSG00000275120.2	15	84633822	84633823	0.319	rs7237	-6.46	rs1107179	0.157639	4.76	-0.395209	339	13	enet	0.083	0.0015	-1.86263	0.0625
Uterus	/media/kame/Data/_workings/resource/GTEv8//GTExv8.EUR.Uterus/ENSG00000177082.12.wgt.RDat	ENSG00000177082.12	15	84654342	84654343	0.231	rs7237	-6.46	rs4842939	0.014522	-3.38	-4.398537	345	46	enet	-0.0093	0.87	1.64339	0.1
Uterus	/media/kame/Data/_workings/resource/GTEv8//GTExv8.EUR.Uterus/ENSG00000259295.6.wgt.RDat	ENSG00000259295.6	15	85191437	85191438	0.208	rs3748375	-6.37	rs17599989	0.144835	4.33	-5.895497	511	37	enet	0.17	5.1e-06	-2.46261	0.0138
Uterus	/media/kame/Data/_workings/resource/GTEv8//GTExv8.EUR.Uterus/ENSG00000218052.5.wgt.RDat	ENSG00000218052.5	15	85330333	85330334	0.272	rs182517	-3.64	rs1026722	-0.003219	-3.66	0.127402	577	20	enet	-0.0093	0.88	-0.00516	0.996
Uterus	/media/kame/Data/_workings/resource/GTEv8//GTExv8.EUR.Uterus/ENSG00000259416.2.wgt.RDat	ENSG00000259416.2	15	85756236	85756237	0.223	rs11857256	4.83	rs12905492	0.012488	-3.62	-0.439988	562	20	enet	-0.0077	0.67	-0.29053	0.771
Uterus	/media/kame/Data/_workings/resource/GTEv8//GTExv8.EUR.Uterus/ENSG00000140521.12.wgt.RDat	ENSG00000140521.12	15	89334860	89334861	0.216	rs150353	7.21	rs12592258	0.055435	4.24	-0.2616	455	13	enet	0.11	0.00023	-0.3079	0.758
Uterus	/media/kame/Data/_workings/resource/GTEv8//GTExv8.EUR.Uterus/ENSG00000140527.14.wgt.RDat	ENSG00000140527.14	15	89690796	89690797	0.523	rs150353	7.21	rs9920376	0.003423	3.86	-1.482998	383	37	enet	0.075	0.0025	-1.12177	0.262
Uterus	/media/kame/Data/_workings/resource/GTEv8//GTExv8.EUR.Uterus/ENSG00000157823.16.wgt.RDat	ENSG00000157823.16	15	89894637	89894638	0.518	rs208829	5.18	rs7111	0.413983	6.73	0.180409	411	19	enet	0.4	2.3e-13	0.23731	0.812
Uterus	/media/kame/Data/_workings/resource/GTEv8//GTExv8.EUR.Uterus/ENSG00000259291.2.wgt.RDat	ENSG00000259291.2	15	90082206	90082207	0.202	rs893615	-4.04	rs10048009	0.107111	-4.22	0.194565	419	47	enet	0.086	0.0013	0.14901	0.882
Uterus	/media/kame/Data/_workings/resource/GTEv8//GTExv8.EUR.Uterus/ENSG00000185043.10.wgt.RDat	ENSG00000185043.10	15	90233702	90233703	0.514	rs893615	-4.04	rs9744242	0.145827	-5.31	0.786455	396	20	enet	0.2	6.4e-07	-0.20198	0.84
Uterus	/media/kame/Data/_workings/resource/GTEv8//GTExv8.EUR.Uterus/ENSG00000183208.12.wgt.RDat	ENSG00000183208.12	15	90233807	90233808	0.258	rs893615	-4.04	rs2063738	0.129463	4.82	0.180537	396	12	enet	0.15	2.8e-05	0.0736	0.941
Uterus	/media/kame/Data/_workings/resource/GTEv8//GTExv8.EUR.Uterus/ENSG00000140575.12.wgt.RDat	ENSG00000140575.12	15	90388217	90388218	0.258	rs17514846	15.72	rs8032687	0.213464	5.16	-0.207433	395	21	enet	0.15	1.6e-05	-0.17534	0.861
Uterus	/media/kame/Data/_workings/resource/GTEv8//GTExv8.EUR.Uterus/ENSG00000140577.15.wgt.RDat	ENSG00000140577.15	15	90529924	90529925	0.277	rs17514846	15.72	rs12594457	0.023557	-3.48	0.272637	428	1	enet	0.0071	0.19	-0.27264	0.785
Uterus	/media/kame/Data/_workings/resource/GTEv8//GTExv8.EUR.Uterus/ENSG00000259212.1.wgt.RDat	ENSG00000259212.1	15	90596446	90596447	0.307	rs17514846	15.72	rs4566137	0.203742	-4.75	-0.035589	447	18	enet	0.097	0.00065	-0.26928	0.788
Uterus	/media/kame/Data/_workings/resource/GTEv8//GTExv8.EUR.Uterus/ENSG00000166965.12.wgt.RDat	ENSG00000166965.12	15	90955795	90955796	0.251	rs17514846	15.72	rs2290202	0.063973	4.34	-1.856797	473	27	enet	0.095	0.00071	-1.82144	0.0685
Uterus	/media/kame/Data/_workings/resource/GTEv8//GTExv8.EUR.Uterus/ENSG00000103852.12.wgt.RDat	ENSG00000103852.12	15	99251222	99251223	0.319	rs12593522	4.53	rs4965225	0.084095	-4.66	0.390104	538	14	enet	0.11	0.00025	-0.27106	0.786
Uterus	/media/kame/Data/_workings/resource/GTEv8//GTExv8.EUR.Uterus/ENSG00000182397.14.wgt.RDat	ENSG00000182397.14	15	99806926	99806927	0.721	rs12593522	4.53	rs11855419	0.358367	-6.28	1.178634	537	9	enet	0.32	1.2e-10	-0.96152	0.336
Uterus	/media/kame/Data/_workings/resource/GTEv8//GTExv8.EUR.Uterus/ENSG00000259363.5.wgt.RDat	ENSG00000259363.5	15	99807022	99807023	0.793	rs12593522	4.53	rs8033936	0.238869	5.74	-0.167561	536	13	enet	0.33	4.4e-11	1.27914	0.201
Uterus	/media/kame/Data/_workings/resource/GTEv8//GTExv8.EUR.Uterus/ENSG00000259430.1.wgt.RDat	ENSG00000259430.1	15	100372938	100372939	0.289	rs4465593	7.22	rs2587805	0.090943	-4.43	3.324426	560	21	enet	0.017	0.096	-3.11335	0.00185
Uterus	/media/kame/Data/_workings/resource/GTEv8//GTExv8.EUR.Uterus/ENSG00000270127.2.wgt.RDat	ENSG00000270127.2	15	100550152	100550153	0.848	rs4465593	7.22	rs12460	0.500752	-7.35	0.277979	588	27	enet	0.51	2.9e-18	-0.86044	0.39
Uterus	/media/kame/Data/_workings/resource/GTEv8//GTExv8.EUR.Uterus/ENSG00000259205.2.wgt.RDat	ENSG00000259205.2	15	100558953	100558954	0.771	rs4465593	7.22	rs12460	0.349888	-6.71	0.277979	590	34	enet	0.39	5.3e-13	-1.19134	0.234
Uterus	/media/kame/Data/_workings/resource/GTEv8//GTExv8.EUR.Uterus/ENSG00000140471.16.wgt.RDat	ENSG00000140471.16	15	100603213	100603214	0.466	rs4465593	7.22	rs7177883	0.175241	5.1	0.670922	588	37	enet	0.16	9.3e-06	0.20686	0.836
Uterus	/media/kame/Data/_workings/resource/GTEv8//GTExv8.EUR.Uterus/ENSG00000232386.9.wgt.RDat	ENSG00000232386.9	15	100849560	100849561	0.372	rs4465593	7.22	rs10459736	0.070432	-4.03	-0.038866	559	30	enet	0.088	0.0011	-0.3068	0.759
Uterus	/media/kame/Data/_workings/resource/GTEv8//GTExv8.EUR.Uterus/ENSG00000259604.5.wgt.RDat	ENSG00000259604.5	15	100861842	100861843	0.343	rs4465593	7.22	rs4965732	0.053031	4.24	-0.052584	558	26	enet	0.056	0.0081	-0.39981	0.689
Uterus	/media/kame/Data/_workings/resource/GTEv8//GTExv8.EUR.Uterus/ENSG00000185418.15.wgt.RDat	ENSG00000185418.15	15	101724603	101724604	0.346	rs2073595	-5.05	rs8038125	-0.006813	-3.64	-0.861485	381	18	enet	0.019	0.086	0.8146	0.415
Uterus	/media/kame/Data/_workings/resource/GTEv8//GTExv8.EUR.Uterus/ENSG00000268836.1.wgt.RDat	ENSG00000268836.1	16	186293	186294	0.358	rs7190358	5.26	rs8051213	0.0159	4.29	1.327354	295	18	enet	-0.0031	0.42	0.88803	0.375
Uterus	/media/kame/Data/_workings/resource/GTEv8//GTExv8.EUR.Uterus/ENSG00000242612.6.wgt.RDat	ENSG00000242612.6	16	401825	401826	0.614	rs681971	-5.99	rs3743890	0.328	6.02	0.483793	377	22	enet	0.34	3.4e-11	0.83111	0.406
Uterus	/media/kame/Data/_workings/resource/GTEv8//GTExv8.EUR.Uterus/ENSG00000197562.9.wgt.RDat	ENSG00000197562.9	16	589356	589357	0.447	rs12446849	-6.25	rs4984672	0.216	5.08	-0.233145	459	13	enet	0.11	0.00021	-1.00002	0.317
Uterus	/media/kame/Data/_workings/resource/GTEv8//GTExv8.EUR.Uterus/ENSG00000127578.6.wgt.RDat	ENSG00000127578.6	16	630931	630932	0.527	rs12446849	-6.25	rs2269556	0.281	5.88	-0.174788	450	32	enet	0.2	7.3e-07	0.17946	0.858
Uterus	/media/kame/Data/_workings/resource/GTEv8//GTExv8.EUR.Uterus/ENSG00000130731.15.wgt.RDat	ENSG00000130731.15	16	636365	636366	0.265	rs12446849	-6.25	rs2269561	0.0665	3.93	-0.083934	450	37	enet	0.059	0.0067	-1.26082	0.207
Uterus	/media/kame/Data/_workings/resource/GTEv8//GTExv8.EUR.Uterus/ENSG00000161996.18.wgt.RDat	ENSG00000161996.18	16	649324	649325	0.284	rs12446849	-6.25	rs2076142	0.182	4.49	-0.322178	444	7	enet	0.16	9.8e-06	-0.52083	0.602
Uterus	/media/kame/Data/_workings/resource/GTEv8//GTExv8.EUR.Uterus/ENSG00000262528.2.wgt.RDat	ENSG00000262528.2	16	656193	656194	0.319	rs12446849	-6.25	rs11557858	0.164	-4.4	-0.798831	442	10	enet	0.1	0.00048	0.86304	0.388
Uterus	/media/kame/Data/_workings/resource/GTEv8//GTExv8.EUR.Uterus/ENSG00000103269.13.wgt.RDat	ENSG00000103269.13	16	675665	675666	0.581	rs12446849	-6.25	rs4984906	0.329	6.02	0.005695	435	27	enet	0.34	3.3e-11	-0.31067	0.756
Uterus	/media/kame/Data/_workings/resource/GTEv8//GTExv8.EUR.Uterus/ENSG00000103245.13.wgt.RDat	ENSG00000103245.13	16	741328	741329	0.481	rs12446849	-6.25	rs7205337	0.387	6.51	0.6243	451	6	enet	0.35	1.4e-11	0.7243	0.469
Uterus	/media/kame/Data/_workings/resource/GTEv8//GTExv8.EUR.Uterus/ENSG00000005513.9.wgt.RDat	ENSG00000005513.9	16	981807	981808	0.324	rs12446849	-6.25	rs3809671	-0.00113	3.69	-0.04028	431	34	enet	0.1	0.00043	-4.01959	5.83e-05
Uterus	/media/kame/Data/_workings/resource/GTEv8//GTExv8.EUR.Uterus/ENSG00000116176.6.wgt.RDat	ENSG00000116176.6	16	1225256	1225257	0.421	rs12446849	-6.25	rs2745167	0.141	4.23	-0.942643	437	11	enet	0.055	0.0087	-0.53791	0.591
Uterus	/media/kame/Data/_workings/resource/GTEv8//GTExv8.EUR.Uterus/ENSG00000279930.1.wgt.RDat	ENSG00000279930.1	16	1437153	1437154	0.575	rs12448994	-6.2	rs4984834	0.134	5.03	-0.418211	478	35	enet	0.19	1.8e-06	0.52666	0.598
Uterus	/media/kame/Data/_workings/resource/GTEv8//GTExv8.EUR.Uterus/ENSG00000280231.1.wgt.RDat	ENSG00000280231.1	16	1554129	1554130	0.343	rs8055439	3.8	rs10083822	0.0855	-3.75	-0.699834	481	24	enet	0.037	0.027	2.06105	0.0393
Uterus	/media/kame/Data/_workings/resource/GTEv8//GTExv8.EUR.Uterus/ENSG00000261207.1.wgt.RDat	ENSG00000261207.1	16	1752261	1752262	0.341	rs7187438	5.37	rs344365	0.0793	4.23	-0.387934	463	35	enet	0.11	0.00023	-0.04216	0.966
Uterus	/media/kame/Data/_workings/resource/GTEv8//GTExv8.EUR.Uterus/ENSG00000063854.12.wgt.RDat	ENSG00000063854.12	16	1826939	1826940	0.382	rs7187438	5.37	rs13332303	0.214	5.4	0.860719	466	24	enet	0.19	1.2e-06	0.03235	0.974
Uterus	/media/kame/Data/_workings/resource/GTEv8//GTExv8.EUR.Uterus/ENSG00000180185.11.wgt.RDat	ENSG00000180185.11	16	1827194	1827195	0.445	rs7187438	5.37	rs2247696	0.353	6.37	0.834296	466	46	enet	0.31	2e-10	1.11057	0.267
Uterus	/media/kame/Data/_workings/resource/GTEv8//GTExv8.EUR.Uterus/ENSG00000255513.1.wgt.RDat	ENSG00000255513.1	16	1964094	1964095	0.729	rs7187438	5.37	rs338791	0.419	6.77	0.623462	441	20	enet	0.45	1.6e-15	0.16494	0.869
Uterus	/media/kame/Data/_workings/resource/GTEv8//GTExv8.EUR.Uterus/ENSG00000261613.2.wgt.RDat	ENSG00000261613.2	16	2555997	2555998	0.744	rs7187438	5.37	rs11648529	0.546	7.61	0.910673	288	30	enet	0.53	2.3e-19	0.9695	0.332
Uterus	/media/kame/Data/_workings/resource/GTEv8//GTExv8.EUR.Uterus/ENSG00000276791.1.wgt.RDat	ENSG00000276791.1	16	2777318	2777319	0.307	rs3094481	5.08	rs9925824	0.306	-5.84	-0.552469	303	11	enet	0.28	2.9e-09	0.57608	0.565
Uterus	/media/kame/Data/_workings/resource/GTEv8//GTExv8.EUR.Uterus/ENSG00000172460.15.wgt.RDat	ENSG00000172460.15	16	2842709	2842710	0.403	rs3094481	5.08	rs12443836	0.00279	-3.93	0.274522	305	31	enet	-4.7e-05	0.32	0.75083	0.453
Uterus	/media/kame/Data/_workings/resource/GTEv8//GTExv8.EUR.Uterus/ENSG00000059122.16.wgt.RDat	ENSG00000059122.16	16	2911936	2911937	0.731	rs3094481	5.08	rs9930148	0.417	-6.97	-0.254454	338	19	enet	0.45	2.4e-15	-0.05587	0.955
Uterus	/media/kame/Data/_workings/resource/GTEv8//GTExv8.EUR.Uterus/ENSG00000263072.6.wgt.RDat	ENSG00000263072.6	16	3134881	3134882	0.377	rs3094481	5.08	rs2735537	0.197	5.17	-0.948257	387	23	enet	0.25	2.6e-08	-0.98508	0.325
Uterus	/media/kame/Data/_workings/resource/GTEv8//GTExv8.EUR.Uterus/ENSG00000167981.5.wgt.RDat	ENSG00000167981.5	16	3443541	3443542	0.177	rs4149795	4.27	rs250532	0.197	4.71	0.018726	341	5	enet	0.17	6.5e-06	-0.00069	0.999
Uterus	/media/kame/Data/_workings/resource/GTEv8//GTExv8.EUR.Uterus/ENSG00000103351.12.wgt.RDat	ENSG00000103351.12	16	3500923	3500924	0.594	rs1124285	-4.04	rs12924990	0.386	6.71	-0.940609	359	11	enet	0.28	2.5e-09	-1.01329	0.311
Uterus	/media/kame/Data/_workings/resource/GTEv8//GTExv8.EUR.Uterus/ENSG00000167984.17.wgt.RDat	ENSG00000167984.17	16	3577399	3577400	0.551	rs1124285	-4.04	rs12924990	0.192	-5.63	-0.940609	355	18	enet	0.27	7e-09	-0.97823	0.328
Uterus	/media/kame/Data/_workings/resource/GTEv8//GTExv8.EUR.Uterus/ENSG00000126602.10.wgt.RDat	ENSG00000126602.10	16	3717596	3717597	0.385	rs1124285	-4.04	rs2072379	0.0476	-4.19	-0.38214	388	27	enet	0.03	0.042	0.02299	0.982
Uterus	/media/kame/Data/_workings/resource/GTEv8//GTExv8.EUR.Uterus/ENSG00000280063.1.wgt.RDat	ENSG00000280063.1	16	4348647	4348648	0.364	rs444985	-4.5	rs8182173	0.0383	-4.4	-0.2613	393	19	enet	0.023	0.063	0.27418	0.784
Uterus	/media/kame/Data/_workings/resource/GTEv8//GTExv8.EUR.Uterus/ENSG00000217930.7.wgt.RDat	ENSG00000217930.7	16	4355606	4355607	0.374	rs444985	-4.5	rs7193204	0.0376	-4.76	-0.391689	395	12	enet	0.06	0.0064	0.3388	0.735
Uterus	/media/kame/Data/_workings/resource/GTEv8//GTExv8.EUR.Uterus/ENSG00000102858.12.wgt.RDat	ENSG00000102858.12	16	4616492	4616493	0.648	rs444985	-4.5	rs841219	0.451	-6.99	0.009814	415	45	enet	0.39	5.1e-13	0.09009	0.928
Uterus	/media/kame/Data/_workings/resource/GTEv8//GTExv8.EUR.Uterus/ENSG00000103199.13.wgt.RDat	ENSG00000103199.13	16	4767623	4767624	0.39	rs444985	-4.5	rs12599765	0.254	5.44	1.477956	385	4	enet	0.17	5.2e-06	1.06486	0.287
Uterus	/media/kame/Data/_workings/resource/GTEv8//GTExv8.EUR.Uterus/ENSG00000118898.15.wgt.RDat	ENSG00000118898.15	16	4960740	4960741	0.379	rs3743840	-4.46	rs1684588	0.0743	-4.04	-0.149687	404	35	enet	0.056	0.0081	0.27129	0.786
Uterus	/media/kame/Data/_workings/resource/GTEv8//GTExv8.EUR.Uterus/ENSG00000260468.1.wgt.RDat	ENSG00000260468.1	16	10528201	10528202	0.294	rs8055253	-4.62	rs6498080	-0.00725	-3.24	1.835629	580	28	enet	0.0051	0.22	0.44608	0.656
Uterus	/media/kame/Data/_workings/resource/GTEv8//GTExv8.EUR.Uterus/ENSG00000263179.1.wgt.RDat	ENSG00000263179.1	16	11242652	11242653	0.309	rs3784924	4.15	rs876476	0.089	-4.13	0.02531	509	4	enet	0.025	0.055	0.02205	0.982
Uterus	/media/kame/Data/_workings/resource/GTEv8//GTExv8.EUR.Uterus/ENSG00000175643.8.wgt.RDat	ENSG00000175643.8	16	11249648	11249649	0.664	rs3784924	4.15	rs415595	0.419	6.85	0.499796	508	12	enet	0.45	2.1e-15	0.65462	0.513
Uterus	/media/kame/Data/_workings/resource/GTEv8//GTExv8.EUR.Uterus/ENSG00000234719.8.wgt.RDat	ENSG00000234719.8	16	11976642	11976643	0.897	rs1960156	9.05	rs2869492	0.623	8.15	1.877553	449	16	enet	0.57	2.3e-21	0.95613	0.339
Uterus	/media/kame/Data/_workings/resource/GTEv8//GTExv8.EUR.Uterus/ENSG00000183426.16.wgt.RDat	ENSG00000183426.16	16	14937413	14937414	0.696	rs2966129	-2.86	rs3198697	0.141	-5.06	-0.454937	103	22	enet	0.32	1.2e-10	-1.84096	0.0656
Uterus	/media/kame/Data/_workings/resource/GTEv8//GTExv8.EUR.Uterus/ENSG00000261819.1.wgt.RDat	ENSG00000261819.1	16	14990159	14990160	0.363	rs2966129	-2.86	rs7185689	0.0195	-3.8	0.023381	106	8	enet	0.11	0.00036	-0.6094	0.542
Uterus	/media/kame/Data/_workings/resource/GTEv8//GTExv8.EUR.Uterus/ENSG00000260735.1.wgt.RDat	ENSG00000260735.1	16	15094410	15094411	0.611	rs4781673	3.42	rs4780563	0.437	6.93	-1.539023	102	29	enet	0.43	1.1e-14	-2.1687	0.0301
Uterus	/media/kame/Data/_workings/resource/GTEv8//GTExv8.EUR.Uterus/ENSG00000188599.17.wgt.RDat	ENSG00000188599.17	16	15123497	15123498	0.502	rs4781673	3.42	rs9927842	0.334	6.2	-1.889275	102	18	enet	0.28	2.6e-09	-2.17006	0.03
Uterus	/media/kame/Data/_workings/resource/GTEv8//GTExv8.EUR.Uterus/ENSG00000183793.13.wgt.RDat	ENSG00000183793.13	16	15381046	15381047	0.822	rs4781673	3.42	rs3198697	0.374	6.4	-0.454937	237	31	enet	0.33	5.3e-11	0.83596	0.403
Uterus	/media/kame/Data/_workings/resource/GTEv8//GTExv8.EUR.Uterus/ENSG00000263335.1.wgt.RDat	ENSG00000263335.1	16	15726673	15726674	0.366	rs4781673	3.42	rs16967494	0.21	5.21	-0.005784	457	4	enet	0.19	2.2e-06	-0.04515	0.964
Uterus	/media/kame/Data/_workings/resource/GTEv8//GTExv8.EUR.Uterus/ENSG00000280429.1.wgt.RDat	ENSG00000280429.1	16	15792716	15792717	0.251	rs4781673	3.42	rs2072619	0.044	-3.76	0.309674	457	38	enet	0.067	0.0041	0.78743	0.431
Uterus	/media/kame/Data/_workings/resource/GTEv8//GTExv8.EUR.Uterus/ENSG00000091262.15.wgt.RDat	ENSG00000091262.15	16	16223521	16223522	0.451	rs215105	2.88	rs2239322	0.0662	4.25	0.675503	356	33	enet	0.055	0.0087	0.05847	0.953
Uterus	/media/kame/Data/_workings/resource/GTEv8//GTExv8.EUR.Uterus/ENSG00000103550.13.wgt.RDat	ENSG00000103550.13	16	19717693	19717694	0.618	rs226865	-5.85	rs2239973	0.458	7.31	-0.49419	442	31	enet	0.36	6.1e-12	-0.59977	0.549
Uterus	/media/kame/Data/_workings/resource/GTEv8//GTExv8.EUR.Uterus/ENSG00000183549.10.wgt.RDat	ENSG00000183549.10	16	20409533	20409534	0.447	rs11074446	-3.65	rs3815019	0.129	-4.26	-1.329555	388	25	enet	0.099	0.00057	0.23072	0.818
Uterus	/media/kame/Data/_workings/resource/GTEv8//GTExv8.EUR.Uterus/ENSG00000260306.1.wgt.RDat	ENSG00000260306.1	16	21795758	21795759	0.678	rs2113143	4.97	rs4783412	0.186	-4.59	-0.067919	135	21	enet	0.15	2.4e-05	-0.19604	0.845
Uterus	/media/kame/Data/_workings/resource/GTEv8//GTExv8.EUR.Uterus/ENSG00000103319.11.wgt.RDat	ENSG00000103319.11	16	22206281	22206282	0.377	rs2113143	4.97	rs12918235	-0.00222	2.93	-1.869198	124	34	enet	-0.0079	0.68	-0.70502	0.481
Uterus	/media/kame/Data/_workings/resource/GTEv8//GTExv8.EUR.Uterus/ENSG00000166847.9.wgt.RDat	ENSG00000166847.9	16	23641391	23641392	0.385	rs11074583	-7.46	rs249954	0.101	4.08	-1.52161	438	24	enet	0.044	0.017	-1.1858	0.236
Uterus	/media/kame/Data/_workings/resource/GTEv8//GTExv8.EUR.Uterus/ENSG00000166501.12.wgt.RDat	ENSG00000166501.12	16	23836000	23836001	0.412	rs1034600	9.65	rs7200040	0.155	4.55	-2.314817	480	27	enet	0.14	4e-05	3.21386	0.00131
Uterus	/media/kame/Data/_workings/resource/GTEv8//GTExv8.EUR.Uterus/ENSG00000158865.12.wgt.RDat	ENSG00000158865.12	16	24845840	24845841	0.593	rs766181	5.15	rs11862971	0.485	7.22	-0.935808	387	18	enet	0.47	1.5e-16	-0.74325	0.457
Uterus	/media/kame/Data/_workings/resource/GTEv8//GTExv8.EUR.Uterus/ENSG00000263326.1.wgt.RDat	ENSG00000263326.1	16	25072726	25072727	0.275	rs766181	5.15	rs12929829	0.133	-4.35	-0.32947	387	12	enet	0.034	0.032	0.57652	0.564
Uterus	/media/kame/Data/_workings/resource/GTEv8//GTExv8.EUR.Uterus/ENSG00000262700.1.wgt.RDat	ENSG00000262700.1	16	25093386	25093387	0.289	rs766181	5.15	rs10852276	-0.00379	-3.65	-0.956361	388	33	enet	0.11	0.00028	0.2535	0.8
Uterus	/media/kame/Data/_workings/resource/GTEv8//GTExv8.EUR.Uterus/ENSG00000259954.1.wgt.RDat	ENSG00000259954.1	16	27453392	27453393	0.529	rs233467	5.34	rs3093363	0.201	-5.55	2.429646	519	26	enet	0.16	1e-05	-3.09508	0.00197
Uterus	/media/kame/Data/_workings/resource/GTEv8//GTExv8.EUR.Uterus/ENSG00000169180.11.wgt.RDat	ENSG00000169180.11	16	28211919	28211920	0.248	rs12447120	4.64	rs205355	0.00892	3.89	-0.257192	322	22	enet	0.024	0.061	-1.25456	0.21
Uterus	/media/kame/Data/_workings/resource/GTEv8//GTExv8.EUR.Uterus/ENSG00000197165.10.wgt.RDat	ENSG00000197165.10	16	28597108	28597109	0.352	rs4255791	4.47	rs3785354	0.176	5.69	0.165735	188	18	enet	0.22	2e-07	0.21529	0.83
Uterus	/media/kame/Data/_workings/resource/GTEv8//GTExv8.EUR.Uterus/ENSG00000278725.1.wgt.RDat	ENSG00000278725.1	16	28602339	28602340	0.63	rs4255791	4.47	rs151227	0.365	6.46	0.764733	187	15	enet	0.35	1.5e-11	0.32464	0.745
Uterus	/media/kame/Data/_workings/resource/GTEv8//GTExv8.EUR.Uterus/ENSG00000196502.11.wgt.RDat	ENSG00000196502.11	16	28623624	28623625	0.243	rs4255791	4.47	rs151228	0.0915	-4.38	0.000855	184	18	enet	0.094	0.00078	0.06101	0.951
Uterus	/media/kame/Data/_workings/resource/GTEv8//GTExv8.EUR.Uterus/ENSG00000259982.1.wgt.RDat	ENSG00000259982.1	16	28701539	28701540	0.328	rs4255791	4.47	rs2008514	0.127	5.7	1.268985	201	16	enet	0.2	6.5e-07	1.43597	0.151
Uterus	/media/kame/Data/_workings/resource/GTEv8//GTExv8.EUR.Uterus/ENSG00000270424.1.wgt.RDat	ENSG00000270424.1	16	28750594	28750595	0.138	rs4255791	4.47	rs149299	0.178	4.78	0.488078	198	10	enet	0.11	0.00028	0.29823	0.766
Uterus	/media/kame/Data/_workings/resource/GTEv8//GTExv8.EUR.Uterus/ENSG00000196993.8.wgt.RDat	ENSG00000196993.8	16	28751786	28751787	0.175	rs4255791	4.47	rs2650492	0.135	-4.62	1.91097	198	24	enet	0.14	4.8e-05	-1.85802	0.0632
Uterus	/media/kame/Data/_workings/resource/GTEv8//GTExv8.EUR.Uterus/ENSG00000251417.2.wgt.RDat	ENSG00000251417.2	16	28802742	28802743	0.285	rs12444319	-3.7	rs9929088	0.149	-4.99	2.15509	184	23	enet	0.11	0.00031	-2.2375	0.0253
Uterus	/media/kame/Data/_workings/resource/GTEv8//GTExv8.EUR.Uterus/ENSG00000178952.10.wgt.RDat	ENSG00000178952.10	16	28846407	28846408	0.253	rs17855750	-3.4	rs8049439	0.296	5.96	1.078396	183	40	enet	0.3	7.8e-10	1.11141	0.266
Uterus	/media/kame/Data/_workings/resource/GTEv8//GTExv8.EUR.Uterus/ENSG00000213658.11.wgt.RDat	ENSG00000213658.11	16	28984825	28984826	0.158	rs17855750	-3.4	rs8049439	0.125	4.1	1.078396	182	6	enet	0.021	0.074	1.11152	0.266
Uterus	/media/kame/Data/_workings/resource/GTEv8//GTExv8.EUR.Uterus/ENSG00000103472.9.wgt.RDat	ENSG00000103472.9	16	29074975	29074976	0.229	rs8045689	3.22	rs252357	0.104	4.4	-0.052249	152	8	enet	0.13	7.5e-05	0.02047	0.984
Uterus	/media/kame/Data/_workings/resource/GTEv8//GTExv8.EUR.Uterus/ENSG00000260517.2.wgt.RDat	ENSG00000260517.2	16	29139660	29139661	0.281	rs252271	-3.22	rs12933229	0.000649	-3.24	0.089589	136	5	enet	-0.0044	0.47	-0.06398	0.949
Uterus	/media/kame/Data/_workings/resource/GTEv8//GTExv8.EUR.Uterus/ENSG00000214725.8.wgt.RDat	ENSG00000214725.8	16	29863833	29863834	0.155	rs9924308	-2.72	rs4787483	0.074	-3.58	-1.267318	159	42	enet	0.083	0.0016	0.08461	0.933
Uterus	/media/kame/Data/_workings/resource/GTEv8//GTExv8.EUR.Uterus/ENSG00000149922.10.wgt.RDat	ENSG00000149922.10	16	30091886	30091887	0.317	rs1557672	-4.12	rs12325539	0.151	4.95	0.578505	222	34	enet	0.2	6.1e-07	1.1213	0.262
Uterus	/media/kame/Data/_workings/resource/GTEv8//GTExv8.EUR.Uterus/ENSG00000090238.11.wgt.RDat	ENSG00000090238.11	16	30096243	30096244	0.21	rs1557672	-4.12	rs7205802	0.105	4.06	1.002095	222	31	enet	0.0043	0.23	0.08515	0.932
Uterus	/media/kame/Data/_workings/resource/GTEv8//GTExv8.EUR.Uterus/ENSG00000261367.1.wgt.RDat	ENSG00000261367.1	16	30107674	30107675	0.33	rs1557672	-4.12	rs8061772	0.201	4.93	0.980279	223	17	enet	0.15	2e-05	0.81052	0.418
Uterus	/media/kame/Data/_workings/resource/GTEv8//GTExv8.EUR.Uterus/ENSG00000275371.1.wgt.RDat	ENSG00000275371.1	16	30110894	30110895	0.553	rs1557672	-4.12	rs11860782	0.056	-3.79	-0.102632	223	23	enet	0.22	2.6e-07	0.43202	0.666
Uterus	/media/kame/Data/_workings/resource/GTEv8//GTExv8.EUR.Uterus/ENSG00000102879.15.wgt.RDat	ENSG00000102879.15	16	30182826	30182827	0.231	rs1557672	-4.12	rs8051096	0.0621	-4.02	0.56326	211	4	enet	0.056	0.0081	-0.53826	0.59
Uterus	/media/kame/Data/_workings/resource/GTEv8//GTExv8.EUR.Uterus/ENSG00000273724.1.wgt.RDat	ENSG00000273724.1	16	30336399	30336400	0.181	rs11642862	-4.64	rs35598865	0.137	-4.6	-0.157857	206	12	enet	0.095	0.00072	-0.62206	0.534
Uterus	/media/kame/Data/_workings/resource/GTEv8//GTExv8.EUR.Uterus/ENSG00000180096.11.wgt.RDat	ENSG00000180096.11	16	30395990	30395991	0.259	rs11642862	-4.64	rs4465620	0.134	-4.26	0.437222	198	22	enet	0.062	0.0056	-1.74874	0.0803
Uterus	/media/kame/Data/_workings/resource/GTEv8//GTExv8.EUR.Uterus/ENSG00000275263.1.wgt.RDat	ENSG00000275263.1	16	30957198	30957199	0.189	rs11642862	-4.64	rs9927295	0.0545	4.33	1.098166	230	22	enet	0.11	0.00026	0.51358	0.608
Uterus	/media/kame/Data/_workings/resource/GTEv8//GTExv8.EUR.Uterus/ENSG00000099377.13.wgt.RDat	ENSG00000099377.13	16	30988270	30988271	0.209	rs11642862	-4.64	rs9927295	0.109	-3.54	1.098166	230	22	enet	0.12	0.00012	0.48675	0.626
Uterus	/media/kame/Data/_workings/resource/GTEv8//GTExv8.EUR.Uterus/ENSG00000099365.10.wgt.RDat	ENSG00000099365.10	16	31010660	31010661	0.16	rs11642862	-4.64	rs7197717	0.121	4.35	-0.091184	229	37	enet	0.16	1.3e-05	-1.05917	0.29
Uterus	/media/kame/Data/_workings/resource/GTEv8//GTExv8.EUR.Uterus/ENSG00000260911.2.wgt.RDat	ENSG00000260911.2	16	31043149	31043150	0.253	rs11642862	-4.64	rs7197717	0.299	5.94	-0.091184	239	28	enet	0.3	6.3e-10	-0.0594	0.953
Uterus	/media/kame/Data/_workings/resource/GTEv8//GTExv8.EUR.Uterus/ENSG00000155393.12.wgt.RDat	ENSG00000155393.12	16	50065940	50065941	0.485	rs7192812	-7.82	rs8052492	0.328	-6.06	-0.040292	375	19	enet	0.17	4.7e-06	-0.20427	0.838
Uterus	/media/kame/Data/_workings/resource/GTEv8//GTExv8.EUR.Uterus/ENSG00000103479.15.wgt.RDat	ENSG00000103479.15	16	53433976	53433977	0.467	rs8050560	6.9	rs7203132	0.313	-5.92	-0.004247	383	27	enet	0.25	2.1e-08	-1.36282	0.173
Uterus	/media/kame/Data/_workings/resource/GTEv8//GTExv8.EUR.Uterus/ENSG00000279344.1.wgt.RDat	ENSG00000279344.1	16	53481549	53481550	0.476	rs17218700	4.53	rs16952252	0.472	7.23	-0.067313	388	15	enet	0.43	1.5e-14	0.03303	0.974
Uterus	/media/kame/Data/_workings/resource/GTEv8//GTExv8.EUR.Uterus/ENSG00000260135.6.wgt.RDat	ENSG00000260135.6	16	55462296	55462297	0.497	rs11866301	-5.78	rs1345319	0.425	6.73	-1.515687	669	13	enet	0.39	5.3e-13	-0.98054	0.327
Uterus	/media/kame/Data/_workings/resource/GTEv8//GTExv8.EUR.Uterus/ENSG00000228695.10.wgt.RDat	ENSG00000228695.10	16	55760565	55760566	0.737	rs11866301	-5.78	rs11076120	0.186	5.6	0.011041	544	28	enet	0.34	1.9e-11	-1.04013	0.298
Uterus	/media/kame/Data/_workings/resource/GTEv8//GTExv8.EUR.Uterus/ENSG00000274031.1.wgt.RDat	ENSG00000274031.1	16	56466150	56466151	0.395	rs9927884	-5.27	rs7188330	0.134	4.77	0.041199	457	14	enet	0.16	1.3e-05	0.94179	0.346
Uterus	/media/kame/Data/_workings/resource/GTEv8//GTExv8.EUR.Uterus/ENSG00000125124.11.wgt.RDat	ENSG00000125124.11	16	56520282	56520283	0.684	rs9927884	-5.27	rs8060037	0.301	-5.86	0.665833	478	29	enet	0.2	8.4e-07	-1.00626	0.314
Uterus	/media/kame/Data/_workings/resource/GTEv8//GTExv8.EUR.Uterus/ENSG00000159648.11.wgt.RDat	ENSG00000159648.11	16	57976434	57976435	0.385	rs1108645	4.47	rs3743554	0.138	-5.31	1.42691	540	9	enet	0.21	5.2e-07	-1.09309	0.274
Uterus	/media/kame/Data/_workings/resource/GTEv8//GTExv8.EUR.Uterus/ENSG00000258122.1.wgt.RDat	ENSG00000258122.1	16	66841821	66841822	0.288	rs152168	6.51	rs363206	-0.00907	3.17	0.426632	334	35	enet	0.013	0.12	-0.62467	0.532
Uterus	/media/kame/Data/_workings/resource/GTEv8//GTExv8.EUR.Uterus/ENSG00000172840.6.wgt.RDat	ENSG00000172840.6	16	66878588	66878589	0.277	rs152168	6.51	rs8063817	0.0474	3.46	-0.410531	325	13	enet	-0.0059	0.54	-0.53078	0.596
Uterus	/media/kame/Data/_workings/resource/GTEv8//GTExv8.EUR.Uterus/ENSG00000132600.16.wgt.RDat	ENSG00000132600.16	16	68310973	68310974	0.254	rs9788810	-4.17	rs3785123	0.15	-4.57	2.036552	303	19	enet	0.14	4.4e-05	-1.20182	0.229
Uterus	/media/kame/Data/_workings/resource/GTEv8//GTExv8.EUR.Uterus/ENSG00000168802.12.wgt.RDat	ENSG00000168802.12	16	69132513	69132514	0.222	rs8061932	-4.69	rs35015253	0.0123	-3.62	-0.558698	323	5	enet	0.012	0.13	0.73928	0.46
Uterus	/media/kame/Data/_workings/resource/GTEv8//GTExv8.EUR.Uterus/ENSG00000157322.17.wgt.RDat	ENSG00000157322.17	16	69950704	69950705	0.357	rs775212	3.98	rs1808417	0.221	-5.69	0.777478	209	21	enet	0.33	7.2e-11	-1.38261	0.167
Uterus	/media/kame/Data/_workings/resource/GTEv8//GTExv8.EUR.Uterus/ENSG00000226232.8.wgt.RDat	ENSG00000226232.8	16	69996187	69996188	0.691	rs775212	3.98	rs929843	0.473	7.14	-1.222893	196	15	enet	0.42	1.8e-14	-1.06024	0.289
Uterus	/media/kame/Data/_workings/resource/GTEv8//GTExv8.EUR.Uterus/ENSG00000255185.5.wgt.RDat	ENSG00000255185.5	16	70065944	70065945	0.633	rs775212	3.98	rs1808417	0.395	-6.67	0.777478	186	44	enet	0.38	1e-12	-0.63425	0.526
Uterus	/media/kame/Data/_workings/resource/GTEv8//GTExv8.EUR.Uterus/ENSG00000261556.9.wgt.RDat	ENSG00000261556.9	16	70246609	70246610	0.556	rs6499335	-6.31	rs4985407	0.512	7.56	-0.023707	199	13	enet	0.47	1.6e-16	-0.81501	0.415
Uterus	/media/kame/Data/_workings/resource/GTEv8//GTExv8.EUR.Uterus/ENSG00000223496.2.wgt.RDat	ENSG00000223496.2	16	70251929	70251930	0.569	rs6499335	-6.31	rs4985407	0.584	7.91	-0.023707	200	19	enet	0.56	1.1e-20	-0.06941	0.945
Uterus	/media/kame/Data/_workings/resource/GTEv8//GTExv8.EUR.Uterus/ENSG00000167377.17.wgt.RDat	ENSG00000167377.17	16	71463094	71463095	0.199	rs7184543	-7.03	rs9928243	0.0627	-3.8	-6.513176	316	13	enet	0.1	0.00045	3.21652	0.0013
Uterus	/media/kame/Data/_workings/resource/GTEv8//GTExv8.EUR.Uterus/ENSG00000102967.11.wgt.RDat	ENSG00000102967.11	16	72008587	72008588	0.382	rs7184543	-7.03	rs7186207	0.256	-5.51	-0.237896	351	9	enet	0.16	1e-05	0.98342	0.325
Uterus	/media/kame/Data/_workings/resource/GTEv8//GTExv8.EUR.Uterus/ENSG00000280152.1.wgt.RDat	ENSG00000280152.1	16	75249563	75249564	0.296	rs9936747	4.41	rs12924999	0.179	-4.7	-0.372988	382	23	enet	0.16	9.1e-06	0.52846	0.597
Uterus	/media/kame/Data/_workings/resource/GTEv8//GTExv8.EUR.Uterus/ENSG00000261783.1.wgt.RDat	ENSG00000261783.1	16	75381259	75381260	0.474	rs9936747	4.41	rs166013	0.174	4.98	0.028269	354	14	enet	0.083	0.0015	-0.31243	0.755
Uterus	/media/kame/Data/_workings/resource/GTEv8//GTExv8.EUR.Uterus/ENSG00000135702.14.wgt.RDat	ENSG00000135702.14	16	75535246	75535247	0.365	rs9936747	4.41	rs2641804	0.135	4.52	-0.987816	378	36	enet	0.066	0.0044	-0.38767	0.698
Uterus	/media/kame/Data/_workings/resource/GTEv8//GTExv8.EUR.Uterus/ENSG00000205084.10.wgt.RDat	ENSG00000205084.10	16	75556285	75556286	0.26	rs9936747	4.41	rs2472200	0.111	-4.61	-0.056818	380	21	enet	0.16	1.1e-05	0.06635	0.947
Uterus	/media/kame/Data/_workings/resource/GTEv8//GTExv8.EUR.Uterus/ENSG00000065457.10.wgt.RDat	ENSG00000065457.10	16	75623299	75623300	0.64	rs1477401	-2.39	rs964632	0.448	7.22	0.125744	390	38	enet	0.5	1.3e-17	0.50564	0.613
Uterus	/media/kame/Data/_workings/resource/GTEv8//GTExv8.EUR.Uterus/ENSG00000205078.5.wgt.RDat	ENSG00000205078.5	16	77206440	77206441	0.422	rs7186803	12.6	rs11865641	0.423	6.76	6.502878	710	5	enet	0.38	7.2e-13	5.70758	1.15e-08
Uterus	/media/kame/Data/_workings/resource/GTEv8//GTExv8.EUR.Uterus/ENSG00000276007.1.wgt.RDat	ENSG00000276007.1	16	78123242	78123243	0.339	rs2738555	6.68	rs1073111	-9.65e-06	3.68	2.189444	848	33	enet	0.008	0.18	-0.39271	0.695
Uterus	/media/kame/Data/_workings/resource/GTEv8//GTExv8.EUR.Uterus/ENSG00000261537.1.wgt.RDat	ENSG00000261537.1	16	78994344	78994345	0.566	rs1574442	10.27	rs2667542	0.187	-4.65	2.072875	1009	48	enet	0.063	0.0053	-1.07042	0.284
Uterus	/media/kame/Data/_workings/resource/GTEv8//GTExv8.EUR.Uterus/ENSG00000261390.5.wgt.RDat	ENSG00000261390.5	16	79770562	79770563	0.54	rs9922228	4.57	rs17767281	0.389	-6.71	-0.023318	772	29	enet	0.3	5.1e-10	-0.14237	0.887
Uterus	/media/kame/Data/_workings/resource/GTEv8//GTExv8.EUR.Uterus/ENSG00000103168.16.wgt.RDat	ENSG00000103168.16	16	84187069	84187070	0.553	rs244797	-4.64	rs3803643	0.282	-5.81	-1.44179	958	13	enet	0.27	5.1e-09	1.63067	0.103
Uterus	/media/kame/Data/_workings/resource/GTEv8//GTExv8.EUR.Uterus/ENSG00000250685.7.wgt.RDat	ENSG00000250685.7	16	84195264	84195265	0.489	rs244797	-4.64	rs2875859	0.119	-4.17	1.879265	955	4	enet	0.0075	0.18	-1.55702	0.119
Uterus	/media/kame/Data/_workings/resource/GTEv8//GTExv8.EUR.Uterus/ENSG00000261286.1.wgt.RDat	ENSG00000261286.1	16	84467360	84467361	0.509	rs2646141	7.75	rs416476	0.359	6.41	-0.18466	887	19	enet	0.35	8.1e-12	-0.49487	0.621
Uterus	/media/kame/Data/_workings/resource/GTEv8//GTExv8.EUR.Uterus/ENSG00000270020.1.wgt.RDat	ENSG00000270020.1	16	86523896	86523897	0.424	rs5020073	-6.42	rs11644422	0.266	6.02	0.487221	923	13	enet	0.34	2.3e-11	0.54018	0.589
Uterus	/media/kame/Data/_workings/resource/GTEv8//GTExv8.EUR.Uterus/ENSG00000226180.3.wgt.RDat	ENSG00000226180.3	16	87696146	87696147	0.326	rs1816113	5.32	rs2290019	0.113	4.58	0.273621	484	10	enet	0.17	6.7e-06	0.20161	0.84
Uterus	/media/kame/Data/_workings/resource/GTEv8//GTExv8.EUR.Uterus/ENSG00000260630.6.wgt.RDat	ENSG00000260630.6	16	88663297	88663298	0.509	rs488251	-6.44	rs11076696	0.171	-4.51	-0.592639	380	9	enet	0.068	0.0038	0.26269	0.793
Uterus	/media/kame/Data/_workings/resource/GTEv8//GTExv8.EUR.Uterus/ENSG00000158717.10.wgt.RDat	ENSG00000158717.10	16	88706420	88706421	0.429	rs488251	-6.44	rs7404845	0.199	-4.8	-1.786823	388	26	enet	0.12	0.00013	0.06869	0.945
Uterus	/media/kame/Data/_workings/resource/GTEv8//GTExv8.EUR.Uterus/ENSG00000278341.1.wgt.RDat	ENSG00000278341.1	16	88710436	88710437	0.422	rs488251	-6.44	rs4377140	0.0861	-3.96	-3.007594	389	26	enet	0.014	0.12	1.32654	0.185
Uterus	/media/kame/Data/_workings/resource/GTEv8//GTExv8.EUR.Uterus/ENSG00000259803.6.wgt.RDat	ENSG00000259803.6	16	89201663	89201664	0.351	rs12924572	-7.53	rs12922670	0.000236	3.53	0.311669	410	11	enet	0.0096	0.16	-0.31675	0.751
Uterus	/media/kame/Data/_workings/resource/GTEv8//GTExv8.EUR.Uterus/ENSG00000274627.1.wgt.RDat	ENSG00000274627.1	16	89516796	89516797	0.521	rs12924572	-7.53	rs11862081	0.298	6	-1.771616	410	12	enet	0.17	4.6e-06	-1.48109	0.139
Uterus	/media/kame/Data/_workings/resource/GTEv8//GTExv8.EUR.Uterus/ENSG00000185324.21.wgt.RDat	ENSG00000185324.21	16	89680736	89680737	0.68	rs12924572	-7.53	rs2377058	0.208	-5.9	-1.590084	405	11	enet	0.34	2.6e-11	4.88012	1.06e-06
Uterus	/media/kame/Data/_workings/resource/GTEv8//GTExv8.EUR.Uterus/ENSG00000187741.14.wgt.RDat	ENSG00000187741.14	16	89816656	89816657	0.463	rs12924572	-7.53	rs7195066	0.093	4.76	1.103796	349	17	enet	0.19	1.4e-06	0.78195	0.434
Uterus	/media/kame/Data/_workings/resource/GTEv8//GTExv8.EUR.Uterus/ENSG00000204991.10.wgt.RDat	ENSG00000204991.10	16	89818178	89818179	0.412	rs12924572	-7.53	rs7195066	0.255	5.33	1.103796	348	5	enet	0.24	5.2e-08	0.75818	0.448
Uterus	/media/kame/Data/_workings/resource/GTEv8//GTExv8.EUR.Uterus/ENSG00000187624.8.wgt.RDat	ENSG00000187624.8	17	410326	410327	0.741	rs11654845	4.23	rs11150882	0.506422	7.35	0.516	328	22	enet	0.38	8e-13	0.5393	0.59
Uterus	/media/kame/Data/_workings/resource/GTEv8//GTExv8.EUR.Uterus/ENSG00000141252.19.wgt.RDat	ENSG00000141252.19	17	721716	721717	0.456	rs2083811	-4.75	rs4968124	0.124332	-4.88	0.389	446	25	enet	0.08	0.0018	-0.1014	0.919
Uterus	/media/kame/Data/_workings/resource/GTEv8//GTExv8.EUR.Uterus/ENSG00000159842.14.wgt.RDat	ENSG00000159842.14	17	1229020	1229021	0.472	rs4790152	-8.1	rs7213824	-0.000179	3.36	-5.28	440	43	enet	0.0096	0.16	0.1653	0.869
Uterus	/media/kame/Data/_workings/resource/GTEv8//GTExv8.EUR.Uterus/ENSG00000167720.12.wgt.RDat	ENSG00000167720.12	17	2303382	2303383	0.383	rs2240730	-13	rs12450028	0.220671	-5.65	-0.193	403	15	enet	0.2	7e-07	0.195	0.845
Uterus	/media/kame/Data/_workings/resource/GTEv8//GTExv8.EUR.Uterus/ENSG00000197417.7.wgt.RDat	ENSG00000197417.7	17	3636321	3636322	0.432	rs2976234	5.58	rs17707155	0.203604	4.87	0.00407	525	39	enet	0.067	0.0041	-0.1347	0.893
Uterus	/media/kame/Data/_workings/resource/GTEv8//GTExv8.EUR.Uterus/ENSG00000040531.14.wgt.RDat	ENSG00000040531.14	17	3636467	3636468	0.311	rs2976234	5.58	rs1048682	0.064437	-4.18	0.0702	525	15	enet	0.086	0.0013	-0.6942	0.488
Uterus	/media/kame/Data/_workings/resource/GTEv8//GTExv8.EUR.Uterus/ENSG00000108556.7.wgt.RDat	ENSG00000108556.7	17	4903073	4903074	0.296	rs2585278	-6.5	rs34461890	0.158953	4.52	-0.37	441	31	enet	0.038	0.024	-1.2192	0.223
Uterus	/media/kame/Data/_workings/resource/GTEv8//GTExv8.EUR.Uterus/ENSG00000185245.7.wgt.RDat	ENSG00000185245.7	17	4932296	4932297	0.301	rs2585278	-6.5	rs8072531	0.173784	4.6	0.22	445	10	enet	0.088	0.0011	0.7259	0.468
Uterus	/media/kame/Data/_workings/resource/GTEv8//GTExv8.EUR.Uterus/ENSG00000227495.1.wgt.RDat	ENSG00000227495.1	17	5020092	5020093	0.184	rs2585278	-6.5	rs1065483	0.113304	3.99	-2.77	432	33	enet	0.054	0.0091	-2.036	0.0418
Uterus	/media/kame/Data/_workings/resource/GTEv8//GTExv8.EUR.Uterus/ENSG00000234327.7.wgt.RDat	ENSG00000234327.7	17	5111467	5111468	0.354	rs2585278	-6.5	rs2585266	0.064339	4.75	0.287	431	47	enet	0.21	4.6e-07	1.1454	0.252
Uterus	/media/kame/Data/_workings/resource/GTEv8//GTExv8.EUR.Uterus/ENSG00000129204.16.wgt.RDat	ENSG00000129204.16	17	5116437	5116438	0.172	rs2585278	-6.5	rs2585266	0.219921	5.11	0.287	429	11	enet	0.11	3e-04	0.7543	0.451
Uterus	/media/kame/Data/_workings/resource/GTEv8//GTExv8.EUR.Uterus/ENSG00000161929.14.wgt.RDat	ENSG00000161929.14	17	5234859	5234860	0.397	rs2585278	-6.5	rs2439945	0.03786	3.98	0.137	467	32	enet	0.033	0.033	-0.1452	0.885
Uterus	/media/kame/Data/_workings/resource/GTEv8//GTExv8.EUR.Uterus/ENSG00000198920.9.wgt.RDat	ENSG00000198920.9	17	6640756	6640757	0.494	rs356055	-5.01	rs2285999	0.20923	-5.17	-1.54	560	38	enet	0.11	0.00033	1.9847	0.0472
Uterus	/media/kame/Data/_workings/resource/GTEv8//GTExv8.EUR.Uterus/ENSG00000274114.2.wgt.RDat	ENSG00000274114.2	17	6657033	6657034	0.564	rs356055	-5.01	rs4796532	0.236412	6.08	0.935	554	18	enet	0.26	1.6e-08	1.0554	0.291
Uterus	/media/kame/Data/_workings/resource/GTEv8//GTExv8.EUR.Uterus/ENSG00000177294.6.wgt.RDat	ENSG00000177294.6	17	6776222	6776223	0.719	rs356055	-5.01	rs1509122	0.126088	-5.29	0.153	512	45	enet	0.29	1e-09	-0.5699	0.569
Uterus	/media/kame/Data/_workings/resource/GTEv8//GTExv8.EUR.Uterus/ENSG00000262089.1.wgt.RDat	ENSG00000262089.1	17	6995188	6995189	0.452	rs11078677	5.02	rs312466	0.256221	-5.94	-0.277	482	15	enet	0.31	2.4e-10	-0.214	0.831
Uterus	/media/kame/Data/_workings/resource/GTEv8//GTExv8.EUR.Uterus/ENSG00000280046.1.wgt.RDat	ENSG00000280046.1	17	7858942	7858943	0.3	rs11078677	5.02	rs2270517	0.004256	4.15	0.165	504	32	enet	0.11	0.00026	-0.5396	0.589
Uterus	/media/kame/Data/_workings/resource/GTEv8//GTExv8.EUR.Uterus/ENSG00000166579.15.wgt.RDat	ENSG00000166579.15	17	8413130	8413131	0.276	rs6503137	-4.31	rs438835	0.020802	-3.36	-1.36	456	22	enet	0.0014	0.29	0.617	0.537
Uterus	/media/kame/Data/_workings/resource/GTEv8//GTExv8.EUR.Uterus/ENSG00000006744.18.wgt.RDat	ENSG00000006744.18	17	13018186	13018187	0.443	rs237304	-7.33	rs2523	0.257055	-5.35	0.61	561	14	enet	0.22	2.6e-07	-0.5288	0.597
Uterus	/media/kame/Data/_workings/resource/GTEv8//GTExv8.EUR.Uterus/ENSG00000141028.6.wgt.RDat	ENSG00000141028.6	17	14024513	14024514	0.405	rs11078240	5.77	rs10445254	0.13365	-4.75	0.118	600	10	enet	0.065	0.0047	-0.2381	0.812
Uterus	/media/kame/Data/_workings/resource/GTEv8//GTExv8.EUR.Uterus/ENSG00000266538.1.wgt.RDat	ENSG00000266538.1	17	15531088	15531089	0.295	rs8067758	6.16	rs4792609	-0.006429	-3.5	-0.27	385	24	enet	0.0043	0.23	0.1848	0.853
Uterus	/media/kame/Data/_workings/resource/GTEv8//GTExv8.EUR.Uterus/ENSG00000276855.1.wgt.RDat	ENSG00000276855.1	17	15789015	15789016	0.416	rs1476776	-3.67	rs4349188	0.216634	-4.91	-0.287	332	15	enet	0.12	0.00016	0.6436	0.52
Uterus	/media/kame/Data/_workings/resource/GTEv8//GTExv8.EUR.Uterus/ENSG00000170425.3.wgt.RDat	ENSG00000170425.3	17	15944916	15944917	0.236	rs2779195	4.26	rs1045599	0.366563	6.33	-1.13	293	9	enet	0.25	3.3e-08	-1.2296	0.219
Uterus	/media/kame/Data/_workings/resource/GTEv8//GTExv8.EUR.Uterus/ENSG00000011295.15.wgt.RDat	ENSG00000011295.15	17	15999379	15999380	0.122	rs16959749	-6.02	rs6502488	0.117507	-4.06	-0.926	276	18	enet	0.014	0.12	1.236	0.216
Uterus	/media/kame/Data/_workings/resource/GTEv8//GTExv8.EUR.Uterus/ENSG00000166582.9.wgt.RDat	ENSG00000166582.9	17	16353498	16353499	0.176	rs16959749	-6.02	rs3112511	0.027932	4	-2.47	281	29	enet	0.027	0.05	-1.2764	0.202
Uterus	/media/kame/Data/_workings/resource/GTEv8//GTExv8.EUR.Uterus/ENSG00000187688.14.wgt.RDat	ENSG00000187688.14	17	16417561	16417562	0.317	rs16959749	-6.02	rs3813769	0.310128	-5.84	-0.164	305	14	enet	0.24	5.5e-08	0.2295	0.819
Uterus	/media/kame/Data/_workings/resource/GTEv8//GTExv8.EUR.Uterus/ENSG00000154803.12.wgt.RDat	ENSG00000154803.12	17	17237181	17237182	0.602	rs9896285	7.68	rs1736202	0.463955	-7.22	2.35	396	5	enet	0.4	1.6e-13	-2.6939	0.00706
Uterus	/media/kame/Data/_workings/resource/GTEv8//GTExv8.EUR.Uterus/ENSG00000197815.4.wgt.RDat	ENSG00000197815.4	17	17858226	17858227	0.16	rs1242513	-7.73	rs9913277	0.106047	-4.76	0.848	402	40	enet	0.11	0.00032	1.0357	0.3
Uterus	/media/kame/Data/_workings/resource/GTEv8//GTExv8.EUR.Uterus/ENSG00000175662.17.wgt.RDat	ENSG00000175662.17	17	17972421	17972422	0.128	rs1242513	-9.38	rs9913277	0.108382	-4.59	0.848	362	40	enet	0.12	0.00019	-0.4532	0.65
Uterus	/media/kame/Data/_workings/resource/GTEv8//GTExv8.EUR.Uterus/ENSG00000108591.9.wgt.RDat	ENSG00000108591.9	17	18087885	18087886	0.337	rs9896285	7.68	rs2975004	0.098704	-4.41	0.233	312	13	enet	0.089	0.001	0.0212	0.983
Uterus	/media/kame/Data/_workings/resource/GTEv8//GTExv8.EUR.Uterus/ENSG00000279428.1.wgt.RDat	ENSG00000279428.1	17	18110462	18110463	0.233	rs9896285	7.68	rs12936694	0.201844	5.07	0.542	304	20	enet	0.22	1.7e-07	0.1899	0.849
Uterus	/media/kame/Data/_workings/resource/GTEv8//GTExv8.EUR.Uterus/ENSG00000176974.19.wgt.RDat	ENSG00000176974.19	17	18363562	18363563	0.25	rs4925144	5.82	rs4925159	0.161619	4.82	0.529	242	15	enet	0.022	0.068	-0.5289	0.597
Uterus	/media/kame/Data/_workings/resource/GTEv8//GTExv8.EUR.Uterus/ENSG00000233327.10.wgt.RDat	ENSG00000233327.10	17	18523294	18523295	0.767	rs4925144	5.82	rs9913139	0.140179	-5.24	1.47	272	45	enet	0.32	1.9e-10	2.0008	0.0454
Uterus	/media/kame/Data/_workings/resource/GTEv8//GTExv8.EUR.Uterus/ENSG00000213077.5.wgt.RDat	ENSG00000213077.5	17	18526845	18526846	0.635	rs4925144	5.82	rs9913139	0.114971	-5.29	1.47	271	62	enet	0.25	3e-08	1.4332	0.152
Uterus	/media/kame/Data/_workings/resource/GTEv8//GTExv8.EUR.Uterus/ENSG00000273018.5.wgt.RDat	ENSG00000273018.5	17	18534061	18534062	0.644	rs4925144	5.82	rs584300	0.150152	5.08	2.31	269	42	enet	0.28	2.5e-09	1.9366	0.0528
Uterus	/media/kame/Data/_workings/resource/GTEv8//GTExv8.EUR.Uterus/ENSG00000171928.13.wgt.RDat	ENSG00000171928.13	17	18780994	18780995	0.316	rs1563632	5.12	rs4630608	0.232708	-5.51	0.451	160	22	enet	0.23	8.3e-08	-0.8977	0.369
Uterus	/media/kame/Data/_workings/resource/GTEv8//GTExv8.EUR.Uterus/ENSG00000141127.14.wgt.RDat	ENSG00000141127.14	17	18856298	18856299	0.3	rs6846	-3.14	rs8067882	0.315331	-6.16	-0.119	151	20	enet	0.31	2.8e-10	-0.0886	0.929
Uterus	/media/kame/Data/_workings/resource/GTEv8//GTExv8.EUR.Uterus/ENSG00000279825.1.wgt.RDat	ENSG00000279825.1	17	19030856	19030857	0.3	rs6846	-3.14	rs16960499	0.011982	4.28	-0.478	177	30	enet	0.043	0.018	-1.1532	0.249
Uterus	/media/kame/Data/_workings/resource/GTEv8//GTExv8.EUR.Uterus/ENSG00000228157.4.wgt.RDat	ENSG00000228157.4	17	19092973	19092974	0.174	rs6846	-3.14	rs16960499	0.080875	3.92	-0.478	203	6	enet	0.08	0.0019	-0.563	0.573
Uterus	/media/kame/Data/_workings/resource/GTEv8//GTExv8.EUR.Uterus/ENSG00000262319.1.wgt.RDat	ENSG00000262319.1	17	19143688	19143689	0.429	rs6846	-3.14	rs959071	0.11757	-5.37	-0.534	218	47	enet	0.11	0.00034	1.1876	0.235
Uterus	/media/kame/Data/_workings/resource/GTEv8//GTExv8.EUR.Uterus/ENSG00000227078.1.wgt.RDat	ENSG00000227078.1	17	19419034	19419035	0.196	rs6846	-3.14	rs12937053	0.032798	3.7	-0.119	272	17	enet	0.032	0.037	-0.253	0.8
Uterus	/media/kame/Data/_workings/resource/GTEv8//GTExv8.EUR.Uterus/ENSG00000228983.9.wgt.RDat	ENSG00000228983.9	17	19579942	19579943	0.289	rs1006553	2.99	rs2453594	0.136498	4.41	-1.15	244	25	enet	0.12	0.00015	-0.1972	0.844
Uterus	/media/kame/Data/_workings/resource/GTEv8//GTExv8.EUR.Uterus/ENSG00000231625.4.wgt.RDat	ENSG00000231625.4	17	19615788	19615789	0.427	rs1006553	2.99	rs2453594	0.259143	5.52	-1.15	263	18	enet	0.29	1.2e-09	-0.3313	0.74
Uterus	/media/kame/Data/_workings/resource/GTEv8//GTExv8.EUR.Uterus/ENSG00000270091.1.wgt.RDat	ENSG00000270091.1	17	19897286	19897287	0.152	rs1006553	2.99	rs2108978	0.109838	-3.94	-0.457	293	22	enet	0.047	0.014	-0.3437	0.731
Uterus	/media/kame/Data/_workings/resource/GTEv8//GTExv8.EUR.Uterus/ENSG00000261033.1.wgt.RDat	ENSG00000261033.1	17	20009233	20009234	0.18	rs1006553	2.99	rs7209653	0.212192	-5.06	-0.143	268	8	enet	0.14	4.3e-05	0.2906	0.771
Uterus	/media/kame/Data/_workings/resource/GTEv8//GTExv8.EUR.Uterus/ENSG00000154898.15.wgt.RDat	ENSG00000154898.15	17	20321163	20321164	0.199	rs2958471	-1.74	rs9895295	0.072565	3.9	0.416	170	15	enet	0.046	0.015	0.5323	0.595
Uterus	/media/kame/Data/_workings/resource/GTEv8//GTExv8.EUR.Uterus/ENSG00000007171.16.wgt.RDat	ENSG00000007171.16	17	27800498	27800499	0.68	rs3182380	4.02	rs3751972	0.534979	7.54	-0.425	295	22	enet	0.4	1.8e-13	-0.642	0.521
Uterus	/media/kame/Data/_workings/resource/GTEv8//GTExv8.EUR.Uterus/ENSG00000232859.9.wgt.RDat	ENSG00000232859.9	17	27893382	27893383	0.243	rs3182380	4.02	rs3751972	0.083193	-4.29	-0.425	303	18	enet	0.011	0.14	-0.2338	0.815
Uterus	/media/kame/Data/_workings/resource/GTEv8//GTExv8.EUR.Uterus/ENSG00000167525.13.wgt.RDat	ENSG00000167525.13	17	28711853	28711854	0.199	rs11080075	-7.85	rs28548383	0.016663	-4.15	-1.61	308	30	enet	0.013	0.12	1.557	0.119
Uterus	/media/kame/Data/_workings/resource/GTEv8//GTExv8.EUR.Uterus/ENSG00000167543.15.wgt.RDat	ENSG00000167543.15	17	29566051	29566052	0.431	rs34996983	3.37	rs565977	0.100434	-4.67	0.121	312	19	enet	0.21	3.8e-07	1.4812	0.139
Uterus	/media/kame/Data/_workings/resource/GTEv8//GTExv8.EUR.Uterus/ENSG00000264538.6.wgt.RDat	ENSG00000264538.6	17	30709298	30709299	0.314	rs4794873	3.83	rs11652631	0.350614	-6.26	3.18	289	18	enet	0.32	1.3e-10	-3.5263	0.000421
Uterus	/media/kame/Data/_workings/resource/GTEv8//GTExv8.EUR.Uterus/ENSG00000176390.11.wgt.RDat	ENSG00000176390.11	17	30824775	30824776	0.275	rs11080149	-4.55	rs35958868	0.07212	4.15	0.129	279	50	enet	0.13	7.4e-05	-1.9976	0.0458
Uterus	/media/kame/Data/_workings/resource/GTEv8//GTExv8.EUR.Uterus/ENSG00000263531.1.wgt.RDat	ENSG00000263531.1	17	30864939	30864940	0.24	rs11080149	-4.55	rs999797	0.127156	3.9	3.47	277	34	enet	0.079	0.002	2.2206	0.0264
Uterus	/media/kame/Data/_workings/resource/GTEv8//GTExv8.EUR.Uterus/ENSG00000126858.16.wgt.RDat	ENSG00000126858.16	17	32142713	32142714	0.229	rs2052413	7.14	rs225212	0.120744	4.24	4.6	303	39	enet	0.046	0.015	4.6277	3.7e-06
Uterus	/media/kame/Data/_workings/resource/GTEv8//GTExv8.EUR.Uterus/ENSG00000108666.9.wgt.RDat	ENSG00000108666.9	17	32350022	32350023	0.334	rs2052413	7.14	rs4037396	-0.008749	-3.42	-0.138	249	21	enet	0.042	0.019	0.8581	0.391
Uterus	/media/kame/Data/_workings/resource/GTEv8//GTExv8.EUR.Uterus/ENSG00000132141.13.wgt.RDat	ENSG00000132141.13	17	34961508	34961509	0.378	rs1029742	-5.56	rs4796030	0.058412	4.27	-0.715	489	25	enet	0.044	0.017	0.9256	0.355
Uterus	/media/kame/Data/_workings/resource/GTEv8//GTExv8.EUR.Uterus/ENSG00000141161.11.wgt.RDat	ENSG00000141161.11	17	35147816	35147817	0.229	rs7212155	-3.35	rs9916784	0.075825	4.31	0.0111	410	15	enet	0.059	0.0067	0.4912	0.623
Uterus	/media/kame/Data/_workings/resource/GTEv8//GTExv8.EUR.Uterus/ENSG00000166750.9.wgt.RDat	ENSG00000166750.9	17	35243035	35243036	0.288	rs7212155	-3.35	rs883416	0.056116	4.2	-0.246	374	10	enet	0.028	0.046	-0.7104	0.477
Uterus	/media/kame/Data/_workings/resource/GTEv8//GTExv8.EUR.Uterus/ENSG00000267547.1.wgt.RDat	ENSG00000267547.1	17	35404372	35404373	0.25	rs7212155	-3.35	rs997655	0.162329	4.46	-0.692	366	10	enet	0.16	1.1e-05	-0.3856	0.7
Uterus	/media/kame/Data/_workings/resource/GTEv8//GTExv8.EUR.Uterus/ENSG00000263874.2.wgt.RDat	ENSG00000263874.2	17	38925167	38925168	0.589	rs649997	-13.1	rs573556	0.300455	-5.79	-2.31	351	36	enet	0.25	2e-08	1.929	0.0537
Uterus	/media/kame/Data/_workings/resource/GTEv8//GTExv8.EUR.Uterus/ENSG00000008838.19.wgt.RDat	ENSG00000008838.19	17	40061214	40061215	0.358	rs11078945	-5.58	rs7502514	0.109761	-4.23	3.43	302	31	enet	0.18	3.4e-06	-1.3593	0.174
Uterus	/media/kame/Data/_workings/resource/GTEv8//GTExv8.EUR.Uterus/ENSG00000167920.8.wgt.RDat	ENSG00000167920.8	17	40819161	40819162	0.24	rs11078945	-5.58	rs1558282	0.097818	4.61	-0.985	418	12	enet	0.089	0.0011	-0.3492	0.727
Uterus	/media/kame/Data/_workings/resource/GTEv8//GTExv8.EUR.Uterus/ENSG00000141696.12.wgt.RDat	ENSG00000141696.12	17	41812603	41812604	0.282	rs7222250	4.44	rs4796751	0.012553	3.48	0.301	411	51	enet	-0.0026	0.4	-0.1905	0.849
Uterus	/media/kame/Data/_workings/resource/GTEv8//GTExv8.EUR.Uterus/ENSG00000141698.16.wgt.RDat	ENSG00000141698.16	17	41836262	41836263	0.576	rs7222250	4.44	rs8073219	0.397809	6.6	-0.568	405	27	enet	0.39	3.9e-13	-0.4785	0.632
Uterus	/media/kame/Data/_workings/resource/GTEv8//GTExv8.EUR.Uterus/ENSG00000108771.12.wgt.RDat	ENSG00000108771.12	17	42112732	42112733	0.315	rs12453256	-7.57	rs2074166	0.195009	-5	0.147	313	26	enet	0.11	0.00033	-0.037	0.971
Uterus	/media/kame/Data/_workings/resource/GTEv8//GTExv8.EUR.Uterus/ENSG00000108786.10.wgt.RDat	ENSG00000108786.10	17	42549213	42549214	0.298	rs12453256	-7.01	rs2676531	0.023301	3.86	-4.95	246	8	enet	0.019	0.082	-3.9846	6.76e-05
Uterus	/media/kame/Data/_workings/resource/GTEv8//GTExv8.EUR.Uterus/ENSG00000198496.10.wgt.RDat	ENSG00000198496.10	17	43125609	43125610	0.541	rs2134808	-6.31	rs2271573	0.428994	-7.17	0.894	241	47	enet	0.44	6.3e-15	-0.8341	0.404
Uterus	/media/kame/Data/_workings/resource/GTEv8//GTExv8.EUR.Uterus/ENSG00000175832.12.wgt.RDat	ENSG00000175832.12	17	43579619	43579620	0.217	rs9891712	-3.6	rs2293015	0.085586	3.45	0.00739	326	35	enet	0.064	0.0051	-0.2493	0.803
Uterus	/media/kame/Data/_workings/resource/GTEv8//GTExv8.EUR.Uterus/ENSG00000267080.5.wgt.RDat	ENSG00000267080.5	17	44186716	44186717	0.187	rs8069752	-2.29	rs7221263	0.061114	-3.89	-0.881	351	17	enet	-0.0074	0.64	0.3597	0.719
Uterus	/media/kame/Data/_workings/resource/GTEv8//GTExv8.EUR.Uterus/ENSG00000013306.15.wgt.RDat	ENSG00000013306.15	17	44324869	44324870	0.304	rs3744477	2.42	rs8079946	0.19212	-4.91	0.0798	339	14	enet	0.12	2e-04	-0.1453	0.884
Uterus	/media/kame/Data/_workings/resource/GTEv8//GTExv8.EUR.Uterus/ENSG00000161692.17.wgt.RDat	ENSG00000161692.17	17	44708607	44708608	0.479	rs7217321	-8.12	rs4369727	0.257072	-5.92	1.02	385	22	enet	0.29	1.1e-09	-0.9304	0.352
Uterus	/media/kame/Data/_workings/resource/GTEv8//GTExv8.EUR.Uterus/ENSG00000136448.11.wgt.RDat	ENSG00000136448.11	17	45051661	45051662	0.337	rs7217321	-8.12	rs6503422	0.069379	4.49	-4.44	326	19	enet	0.077	0.0023	-0.3416	0.733
Uterus	/media/kame/Data/_workings/resource/GTEv8//GTExv8.EUR.Uterus/ENSG00000172992.11.wgt.RDat	ENSG00000172992.11	17	45061108	45061109	0.22	rs7217321	-8.12	rs2157839	-0.000163	-3.8	-3.77	321	13	enet	0.036	0.027	1.7331	0.0831
Uterus	/media/kame/Data/_workings/resource/GTEv8//GTExv8.EUR.Uterus/ENSG00000262500.1.wgt.RDat	ENSG00000262500.1	17	46243605	46243606	0.316	rs199456	-23.99	rs17689471	0.40193	6.87	-15.1	56	29	enet	0.39	5.2e-13	-16.4225	1.32e-60
Uterus	/media/kame/Data/_workings/resource/GTEv8//GTExv8.EUR.Uterus/ENSG00000262539.1.wgt.RDat	ENSG00000262539.1	17	46260605	46260606	0.552	rs199456	-23.99	rs17689471	0.539705	7.83	-15.6	63	29	enet	0.53	3.9e-19	-18.2314	2.91e-74
Uterus	/media/kame/Data/_workings/resource/GTEv8//GTExv8.EUR.Uterus/ENSG00000261575.2.wgt.RDat	ENSG00000261575.2	17	46267036	46267037	0.257	rs199456	-23.99	rs17689471	0.310461	5.87	-15.6	63	13	enet	0.3	7.6e-10	-15.6137	5.87e-55
Uterus	/media/kame/Data/_workings/resource/GTEv8//GTExv8.EUR.Uterus/ENSG00000260075.1.wgt.RDat	ENSG00000260075.1	17	46372854	46372855	0.774	rs199456	-23.99	rs17698176	0.363707	6.3	-0.403	62	15	enet	0.4	1.1e-13	-5.0415	4.62e-07
Uterus	/media/kame/Data/_workings/resource/GTEv8//GTExv8.EUR.Uterus/ENSG00000238083.7.wgt.RDat	ENSG00000238083.7	17	46511510	46511511	0.609	rs199456	-23.99	rs169201	0.414442	6.89	-23.8	128	25	enet	0.48	5.3e-17	-19.757	6.99e-87
Uterus	/media/kame/Data/_workings/resource/GTEv8//GTExv8.EUR.Uterus/ENSG00000185829.17.wgt.RDat	ENSG00000185829.17	17	46579681	46579682	0.515	rs199456	-23.99	rs169201	0.171118	5.13	-23.8	135	18	enet	0.3	8e-10	-13.0494	6.41e-39
Uterus	/media/kame/Data/_workings/resource/GTEv8//GTExv8.EUR.Uterus/ENSG00000262879.5.wgt.RDat	ENSG00000262879.5	17	47100322	47100323	0.466	rs199456	-23.99	rs17676978	0.107924	5.09	0.838	293	10	enet	0.25	3.1e-08	0.9714	0.331
Uterus	/media/kame/Data/_workings/resource/GTEv8//GTExv8.EUR.Uterus/ENSG00000178852.15.wgt.RDat	ENSG00000178852.15	17	47323289	47323290	0.474	rs34134208	4.67	rs6504872	0.071313	4.83	0.437	341	30	enet	0.32	1.6e-10	-0.1935	0.847
Uterus	/media/kame/Data/_workings/resource/GTEv8//GTExv8.EUR.Uterus/ENSG00000198933.9.wgt.RDat	ENSG00000198933.9	17	47694080	47694081	0.195	rs16948835	4.67	rs4794052	0.151671	4.28	-0.0305	410	8	enet	0.076	0.0023	0.115	0.908
Uterus	/media/kame/Data/_workings/resource/GTEv8//GTExv8.EUR.Uterus/ENSG00000141294.9.wgt.RDat	ENSG00000141294.9	17	47831626	47831627	0.297	rs16948835	4.67	rs3209	0.180176	-4.86	4.3	382	30	enet	0.087	0.0012	-2.5603	0.0105
Uterus	/media/kame/Data/_workings/resource/GTEv8//GTExv8.EUR.Uterus/ENSG00000141295.13.wgt.RDat	ENSG00000141295.13	17	47841332	47841333	0.479	rs16948835	4.67	rs11079797	0.237166	-5.52	0.691	385	31	enet	0.17	5.5e-06	0.0792	0.937
Uterus	/media/kame/Data/_workings/resource/GTEv8//GTExv8.EUR.Uterus/ENSG00000278765.1.wgt.RDat	ENSG00000278765.1	17	48067292	48067293	0.205	rs16948835	4.67	rs2109984	0.076641	4.3	0.234	423	33	enet	0.11	0.00024	-0.6582	0.51
Uterus	/media/kame/Data/_workings/resource/GTEv8//GTExv8.EUR.Uterus/ENSG00000002919.14.wgt.RDat	ENSG00000002919.14	17	48103356	48103357	0.21	rs16948835	4.67	rs7223246	-0.009519	-3.55	0.112	444	25	enet	0.012	0.13	-0.2953	0.768
Uterus	/media/kame/Data/_workings/resource/GTEv8//GTExv8.EUR.Uterus/ENSG00000159210.9.wgt.RDat	ENSG00000159210.9	17	48945116	48945117	0.19	rs1523136	7.6	rs999475	0.024594	-3.62	5.17	399	28	enet	0.00079	0.3	-3.1886	0.00143
Uterus	/media/kame/Data/_workings/resource/GTEv8//GTExv8.EUR.Uterus/ENSG00000204584.1.wgt.RDat	ENSG00000204584.1	17	49845909	49845910	0.692	rs7221964	-3.52	rs16948388	0.259776	5.71	0.44	416	30	enet	0.31	2.3e-10	0.0508	0.959
Uterus	/media/kame/Data/_workings/resource/GTEv8//GTExv8.EUR.Uterus/ENSG00000253730.1.wgt.RDat	ENSG00000253730.1	17	50161275	50161276	0.442	rs1460211	4.39	rs2586488	0.252201	5.71	1.24	441	23	enet	0.22	2.1e-07	-0.5084	0.611
Uterus	/media/kame/Data/_workings/resource/GTEv8//GTExv8.EUR.Uterus/ENSG00000261959.1.wgt.RDat	ENSG00000261959.1	17	50165315	50165316	0.773	rs1460211	4.39	rs2412299	0.297511	6.05	-0.742	441	68	enet	0.26	1.4e-08	1.07	0.285
Uterus	/media/kame/Data/_workings/resource/GTEv8//GTExv8.EUR.Uterus/ENSG00000108823.15.wgt.RDat	ENSG00000108823.15	17	50165984	50165985	0.685	rs1460211	4.39	rs2586488	0.483938	7.56	1.24	442	22	enet	0.44	3.1e-15	0.2653	0.791
Uterus	/media/kame/Data/_workings/resource/GTEv8//GTExv8.EUR.Uterus/ENSG00000188662.6.wgt.RDat	ENSG00000188662.6	17	50181177	50181178	0.624	rs1460211	4.39	rs2586488	0.416638	7.13	1.24	447	20	enet	0.39	4.7e-13	0.2581	0.796
Uterus	/media/kame/Data/_workings/resource/GTEv8//GTExv8.EUR.Uterus/ENSG00000136449.13.wgt.RDat	ENSG00000136449.13	17	50508383	50508384	0.33	rs764888	5.12	rs11649849	0.247127	-5.5	-0.554	462	11	enet	0.19	2e-06	0.4538	0.65
Uterus	/media/kame/Data/_workings/resource/GTEv8//GTExv8.EUR.Uterus/ENSG00000006282.20.wgt.RDat	ENSG00000006282.20	17	50546305	50546306	0.784	rs764888	5.12	rs989128	0.485088	-7.26	0.199	454	22	enet	0.44	4.7e-15	0.1222	0.903
Uterus	/media/kame/Data/_workings/resource/GTEv8//GTExv8.EUR.Uterus/ENSG00000173714.7.wgt.RDat	ENSG00000173714.7	17	50834649	50834650	0.334	rs764888	5.12	rs7207294	0.104533	4.08	3.51	387	6	enet	0.018	0.088	3.1169	0.00183
Uterus	/media/kame/Data/_workings/resource/GTEv8//GTExv8.EUR.Uterus/ENSG00000262006.1.wgt.RDat	ENSG00000262006.1	17	50910231	50910232	0.489	rs764888	5.12	rs4372735	0.113303	4.3	-0.94	402	18	enet	0.12	0.00016	-0.3901	0.696
Uterus	/media/kame/Data/_workings/resource/GTEv8//GTExv8.EUR.Uterus/ENSG00000239672.7.wgt.RDat	ENSG00000239672.7	17	51153535	51153536	0.28	rs764888	5.12	rs16949649	0.257674	5.33	-0.2	420	6	enet	0.17	5.1e-06	-0.1954	0.845
Uterus	/media/kame/Data/_workings/resource/GTEv8//GTExv8.EUR.Uterus/ENSG00000243678.11.wgt.RDat	ENSG00000243678.11	17	51165434	51165435	0.3	rs764888	5.12	rs16949649	0.093183	-4.45	-0.2	433	22	enet	0.13	8.1e-05	-0.8943	0.371
Uterus	/media/kame/Data/_workings/resource/GTEv8//GTExv8.EUR.Uterus/ENSG00000263120.1.wgt.RDat	ENSG00000263120.1	17	56982748	56982749	0.337	rs792379	-5.46	rs17833633	0.107813	4.51	-0.191	499	8	enet	0.16	1.4e-05	-1.2572	0.209
Uterus	/media/kame/Data/_workings/resource/GTEv8//GTExv8.EUR.Uterus/ENSG00000121101.15.wgt.RDat	ENSG00000121101.15	17	58692054	58692055	0.225	rs2687065	5.38	rs11659035	0.112666	4.64	0.885	302	21	enet	0.14	3.4e-05	0.6416	0.521
Uterus	/media/kame/Data/_workings/resource/GTEv8//GTExv8.EUR.Uterus/ENSG00000267302.5.wgt.RDat	ENSG00000267302.5	17	59964831	59964832	0.278	rs1557814	6.72	rs11658504	0.215212	5.28	2.29	242	25	enet	0.13	1e-04	2.49	0.0128
Uterus	/media/kame/Data/_workings/resource/GTEv8//GTExv8.EUR.Uterus/ENSG00000087191.12.wgt.RDat	ENSG00000087191.12	17	63827671	63827672	0.217	rs3181027	4.47	rs12452187	-0.005127	-3.19	-0.528	326	52	enet	0.027	0.05	0.436	0.663
Uterus	/media/kame/Data/_workings/resource/GTEv8//GTExv8.EUR.Uterus/ENSG00000108592.16.wgt.RDat	ENSG00000108592.16	17	63830011	63830012	0.609	rs3181027	4.47	rs3760254	0.438216	-7.33	-2.18	328	104	enet	0.48	1.3e-16	1.8129	0.0698
Uterus	/media/kame/Data/_workings/resource/GTEv8//GTExv8.EUR.Uterus/ENSG00000240280.6.wgt.RDat	ENSG00000240280.6	17	63849291	63849292	0.146	rs3181027	4.47	rs3817182	0.072359	4.28	-1.99	327	30	enet	0.11	0.00032	-1.459	0.145
Uterus	/media/kame/Data/_workings/resource/GTEv8//GTExv8.EUR.Uterus/ENSG00000265912.1.wgt.RDat	ENSG00000265912.1	17	64943261	64943262	0.376	rs7226054	-4.6	rs8076603	0.183272	4.68	0.464	273	28	enet	0.15	1.7e-05	0.7541	0.451
Uterus	/media/kame/Data/_workings/resource/GTEv8//GTExv8.EUR.Uterus/ENSG00000214174.8.wgt.RDat	ENSG00000214174.8	17	64975575	64975576	0.486	rs7226054	-4.6	rs7501452	0.033814	3.56	-0.494	289	17	enet	0.096	7e-04	-0.7903	0.429
Uterus	/media/kame/Data/_workings/resource/GTEv8//GTExv8.EUR.Uterus/ENSG00000075461.5.wgt.RDat	ENSG00000075461.5	17	66964909	66964910	0.369	rs722195	-6.39	rs7219495	-0.009479	-3.3	0.0115	500	13	enet	0.027	0.05	0.2209	0.825
Uterus	/media/kame/Data/_workings/resource/GTEv8//GTExv8.EUR.Uterus/ENSG00000265055.1.wgt.RDat	ENSG00000265055.1	17	68101473	68101474	0.203	rs35191309	-5.34	rs6504574	0.141441	4.6	1.53	316	6	enet	0.15	3e-05	1.1161	0.264
Uterus	/media/kame/Data/_workings/resource/GTEv8//GTExv8.EUR.Uterus/ENSG00000237854.3.wgt.RDat	ENSG00000237854.3	17	68101907	68101908	0.441	rs35191309	-5.34	rs16972793	0.074394	3.94	-3.2	316	40	enet	0.25	2.1e-08	-1.0042	0.315
Uterus	/media/kame/Data/_workings/resource/GTEv8//GTExv8.EUR.Uterus/ENSG00000278740.1.wgt.RDat	ENSG00000278740.1	17	68188546	68188547	0.41	rs35191309	-5.34	rs12600735	0.074168	4.41	-1.46	339	15	enet	0.11	0.00023	-1.312	0.19
Uterus	/media/kame/Data/_workings/resource/GTEv8//GTExv8.EUR.Uterus/ENSG00000267731.1.wgt.RDat	ENSG00000267731.1	17	68189883	68189884	0.271	rs35191309	-5.34	rs16972793	0.079051	4.14	-3.22	340	11	enet	0.075	0.0025	-1.6168	0.106
Uterus	/media/kame/Data/_workings/resource/GTEv8//GTExv8.EUR.Uterus/ENSG00000274712.1.wgt.RDat	ENSG00000274712.1	17	68205488	68205489	0.248	rs35191309	-5.34	rs7222649	0.040677	-3.75	1.4	343	15	enet	0.059	0.0065	-1.1876	0.235
Uterus	/media/kame/Data/_workings/resource/GTEv8//GTExv8.EUR.Uterus/ENSG00000265100.1.wgt.RDat	ENSG00000265100.1	17	68247572	68247573	0.297	rs35191309	-5.34	rs7221651	-0.003539	-3.53	1.51	353	51	enet	0.023	0.063	-1.3272	0.184
Uterus	/media/kame/Data/_workings/resource/GTEv8//GTExv8.EUR.Uterus/ENSG00000141337.12.wgt.RDat	ENSG00000141337.12	17	68259181	68259182	0.386	rs35191309	-5.34	rs3764855	0.177739	4.7	1.47	363	16	enet	0.15	2.9e-05	1.4976	0.134
Uterus	/media/kame/Data/_workings/resource/GTEv8//GTExv8.EUR.Uterus/ENSG00000267659.5.wgt.RDat	ENSG00000267659.5	17	68591795	68591796	0.35	rs35191309	-5.34	rs2907385	0.216776	4.88	-0.817	457	11	enet	0.16	1.1e-05	-0.9933	0.321
Uterus	/media/kame/Data/_workings/resource/GTEv8//GTExv8.EUR.Uterus/ENSG00000125450.10.wgt.RDat	ENSG00000125450.10	17	75205658	75205659	0.429	rs8074291	-4.31	rs899326	0.390947	6.73	0.0171	371	12	enet	0.37	2.5e-12	-0.3835	0.701
Uterus	/media/kame/Data/_workings/resource/GTEv8//GTExv8.EUR.Uterus/ENSG00000125445.10.wgt.RDat	ENSG00000125445.10	17	75261804	75261805	0.244	rs8074291	-4.31	rs9988	0.233208	-5.08	-0.0339	369	12	enet	0.19	2e-06	0.1332	0.894
Uterus	/media/kame/Data/_workings/resource/GTEv8//GTExv8.EUR.Uterus/ENSG00000188878.19.wgt.RDat	ENSG00000188878.19	17	75941055	75941056	0.587	rs881564	6.01	rs2290771	0.241598	5.85	0.0328	397	16	enet	0.2	8.7e-07	-0.0161	0.987
Uterus	/media/kame/Data/_workings/resource/GTEv8//GTExv8.EUR.Uterus/ENSG00000182534.13.wgt.RDat	ENSG00000182534.13	17	76711015	76711016	0.561	rs2240769	-4.4	rs4788942	0.312114	5.9	0.0959	514	15	enet	0.28	3.3e-09	0.3112	0.756
Uterus	/media/kame/Data/_workings/resource/GTEv8//GTExv8.EUR.Uterus/ENSG00000171302.16.wgt.RDat	ENSG00000171302.16	17	79009866	79009867	0.403	rs8081752	-4.18	rs6501278	0.083068	-4.26	-0.0045	626	26	enet	0.094	0.00077	-0.6821	0.495
Uterus	/media/kame/Data/_workings/resource/GTEv8//GTExv8.EUR.Uterus/ENSG00000171298.12.wgt.RDat	ENSG00000171298.12	17	80101555	80101556	0.439	rs2650254	4.77	rs3816257	0.204136	-5.6	-0.354	434	7	enet	0.25	2.3e-08	0.1042	0.917
Uterus	/media/kame/Data/_workings/resource/GTEv8//GTExv8.EUR.Uterus/ENSG00000279259.1.wgt.RDat	ENSG00000279259.1	17	80147249	80147250	0.338	rs2650254	4.77	rs7211079	0.078078	4.56	-0.3	463	5	enet	0.079	0.0019	0.1986	0.843
Uterus	/media/kame/Data/_workings/resource/GTEv8//GTExv8.EUR.Uterus/ENSG00000141527.16.wgt.RDat	ENSG00000141527.16	17	80169991	80169992	0.269	rs2650254	4.77	rs7503034	0.211989	5.49	0.917	470	19	enet	0.21	4e-07	0.8638	0.388
Uterus	/media/kame/Data/_workings/resource/GTEv8//GTExv8.EUR.Uterus/ENSG00000262580.5.wgt.RDat	ENSG00000262580.5	17	80205948	80205949	0.546	rs2650254	4.77	rs7503034	0.554418	7.72	0.917	482	39	enet	0.5	8.3e-18	1.432	0.152
Uterus	/media/kame/Data/_workings/resource/GTEv8//GTExv8.EUR.Uterus/ENSG00000280351.2.wgt.RDat	ENSG00000280351.2	17	81003334	81003335	0.276	rs8073904	-5.5	rs13507	-0.006327	3.24	0.322	436	18	enet	-0.0095	0.97	0.1515	0.88
Uterus	/media/kame/Data/_workings/resource/GTEv8//GTExv8.EUR.Uterus/ENSG00000275966.1.wgt.RDat	ENSG00000275966.1	17	81345965	81345966	0.376	rs8073904	-5.5	rs2279157	-0.007005	3.33	0.311	373	20	enet	0.055	0.0089	0.3703	0.711
Uterus	/media/kame/Data/_workings/resource/GTEv8//GTExv8.EUR.Uterus/ENSG00000182446.13.wgt.RDat	ENSG00000182446.13	17	81637145	81637146	0.387	rs9900420	3.68	rs9913546	0.151372	-4.41	0.298	303	22	enet	0.062	0.0057	0.076	0.939
Uterus	/media/kame/Data/_workings/resource/GTEv8//GTExv8.EUR.Uterus/ENSG00000182612.10.wgt.RDat	ENSG00000182612.10	17	81637170	81637171	0.551	rs9900420	3.68	rs6565612	0.441721	7.34	0.0103	303	14	enet	0.41	4.4e-14	-0.0144	0.989
Uterus	/media/kame/Data/_workings/resource/GTEv8//GTExv8.EUR.Uterus/ENSG00000214087.8.wgt.RDat	ENSG00000214087.8	17	81683923	81683924	0.586	rs8069378	3.23	rs11150805	0.353718	-6.95	0.0242	315	6	enet	0.39	3.5e-13	-0.0995	0.921
Uterus	/media/kame/Data/_workings/resource/GTEv8//GTExv8.EUR.Uterus/ENSG00000176155.18.wgt.RDat	ENSG00000176155.18	17	82212829	82212830	0.303	rs9303029	6.96	rs4239020	0.177193	4.94	-2.37	298	49	enet	0.19	1.2e-06	-1.6227	0.105
Uterus	/media/kame/Data/_workings/resource/GTEv8//GTExv8.EUR.Uterus/ENSG00000141562.17.wgt.RDat	ENSG00000141562.17	17	82458179	82458180	0.25	rs9303029	6.96	rs6502113	0.224266	-5.3	2.19	395	13	enet	0.22	2.1e-07	-1.6946	0.0901
Uterus	/media/kame/Data/_workings/resource/GTEv8//GTExv8.EUR.Uterus/ENSG00000279744.1.wgt.RDat	ENSG00000279744.1	17	82462600	82462601	0.407	rs9303029	6.96	rs9890316	0.305072	-6.35	2.06	396	23	enet	0.24	3.7e-08	-1.9881	0.0468
Uterus	/media/kame/Data/_workings/resource/GTEv8//GTExv8.EUR.Uterus/ENSG00000141580.15.wgt.RDat	ENSG00000141580.15	17	82648552	82648553	0.413	rs9303029	6.96	rs4789817	0.051604	-4.1	-0.543	394	15	enet	0.0082	0.17	0.0341	0.973
Uterus	/media/kame/Data/_workings/resource/GTEv8//GTExv8.EUR.Uterus/ENSG00000263063.1.wgt.RDat	ENSG00000263063.1	17	82716254	82716255	0.206	rs9303029	6.96	rs11869249	0.192792	4.7	-0.000442	361	5	enet	0.13	7.4e-05	0.131	0.896
Uterus	/media/kame/Data/_workings/resource/GTEv8//GTExv8.EUR.Uterus/ENSG00000141560.14.wgt.RDat	ENSG00000141560.14	17	82716682	82716683	0.436	rs9303029	6.96	rs3848403	0.113823	-4.89	-1.25	361	32	enet	0.21	5.1e-07	-0.5522	0.581
Uterus	/media/kame/Data/_workings/resource/GTEv8//GTExv8.EUR.Uterus/ENSG00000175711.8.wgt.RDat	ENSG00000175711.8	17	83051809	83051810	0.511	rs2011631	3.87	rs9890149	0.13755	-4.95	0.557	250	35	enet	0.23	7.3e-08	-1.463	0.143
Uterus	/media/kame/Data/_workings/resource/GTEv8//GTExv8.EUR.Uterus/ENSG00000263006.6.wgt.RDat	ENSG00000263006.6	18	109064	109065	0.645	rs8091082	-4.64	rs4797876	0.47803	7.29	-0.302	310	33	enet	0.5	1e-17	-0.334	0.73834
Uterus	/media/kame/Data/_workings/resource/GTEv8//GTExv8.EUR.Uterus/ENSG00000132199.18.wgt.RDat	ENSG00000132199.18	18	712675	712676	0.369	rs4798774	7.48	rs15872	-0.00808	-3.97	0.8584	624	76	enet	-0.0042	0.46	-0.1141	0.90912
Uterus	/media/kame/Data/_workings/resource/GTEv8//GTExv8.EUR.Uterus/ENSG00000101596.14.wgt.RDat	ENSG00000101596.14	18	2655737	2655738	0.225	rs9954660	-5.57	rs503754	0.0018	3.81	0.5093	510	32	enet	0.022	0.067	2.9705	0.00297
Uterus	/media/kame/Data/_workings/resource/GTEv8//GTExv8.EUR.Uterus/ENSG00000101577.9.wgt.RDat	ENSG00000101577.9	18	3013314	3013315	0.416	rs7505690	5.34	rs1628891	0.03522	3.83	1.0761	507	6	enet	0.0089	0.17	1.0302	0.30291
Uterus	/media/kame/Data/_workings/resource/GTEv8//GTExv8.EUR.Uterus/ENSG00000265399.1.wgt.RDat	ENSG00000265399.1	18	3190396	3190397	0.366	rs7505690	5.34	rs1785254	0.06521	-4.22	1.1251	482	16	enet	0.06	0.0064	-0.5795	0.56225
Uterus	/media/kame/Data/_workings/resource/GTEv8//GTExv8.EUR.Uterus/ENSG00000263753.6.wgt.RDat	ENSG00000263753.6	18	5238598	5238599	0.566	rs1785418	5.48	rs9959662	0.21084	5.33	-2.3521	498	29	enet	0.26	1.7e-08	-2.0746	0.03803
Uterus	/media/kame/Data/_workings/resource/GTEv8//GTExv8.EUR.Uterus/ENSG00000263627.1.wgt.RDat	ENSG00000263627.1	18	9615263	9615264	0.416	rs543149	-3.94	rs2289684	0.12612	4.2	-0.1256	528	32	enet	0.097	0.00062	0.0946	0.92464
Uterus	/media/kame/Data/_workings/resource/GTEv8//GTExv8.EUR.Uterus/ENSG00000134265.12.wgt.RDat	ENSG00000134265.12	18	10525904	10525905	0.256	rs16975183	5.07	rs484583	0.29646	5.75	-0.568	672	9	enet	0.27	8e-09	-0.2699	0.78722
Uterus	/media/kame/Data/_workings/resource/GTEv8//GTExv8.EUR.Uterus/ENSG00000267079.1.wgt.RDat	ENSG00000267079.1	18	11914343	11914344	0.495	rs4331394	4.05	rs649039	0.42608	7.02	-0.9458	443	28	enet	0.45	1.7e-15	-1.6798	0.093
Uterus	/media/kame/Data/_workings/resource/GTEv8//GTExv8.EUR.Uterus/ENSG00000141391.13.wgt.RDat	ENSG00000141391.13	18	12407895	12407896	0.517	rs16973056	-3.44	rs12971000	0.33397	6.28	1.351	399	24	enet	0.31	2.3e-10	1.2601	0.20764
Uterus	/media/kame/Data/_workings/resource/GTEv8//GTExv8.EUR.Uterus/ENSG00000267108.1.wgt.RDat	ENSG00000267108.1	18	12432896	12432897	0.532	rs16973056	-3.44	rs919	0.24768	6.44	1.7229	405	34	enet	0.38	9.2e-13	1.1599	0.24611
Uterus	/media/kame/Data/_workings/resource/GTEv8//GTExv8.EUR.Uterus/ENSG00000267199.1.wgt.RDat	ENSG00000267199.1	18	12438889	12438890	0.522	rs16973056	-3.44	rs12455481	0.38242	-6.47	0.4184	406	12	enet	0.35	1.4e-11	0.189	0.85006
Uterus	/media/kame/Data/_workings/resource/GTEv8//GTExv8.EUR.Uterus/ENSG00000260302.1.wgt.RDat	ENSG00000260302.1	18	12775922	12775923	0.59	rs11662617	4.87	rs16939895	0.00204	3.65	0.2375	381	40	enet	-0.0027	0.4	-0.6385	0.52316
Uterus	/media/kame/Data/_workings/resource/GTEv8//GTExv8.EUR.Uterus/ENSG00000101639.18.wgt.RDat	ENSG00000101639.18	18	12991361	12991362	0.607	rs7233930	-6.49	rs8088313	0.56351	8	0.5246	398	30	enet	0.56	7.8e-21	0.4926	0.6223
Uterus	/media/kame/Data/_workings/resource/GTEv8//GTExv8.EUR.Uterus/ENSG00000141458.12.wgt.RDat	ENSG00000141458.12	18	23586897	23586898	0.375	rs4800467	6.19	rs1788783	0.10134	4.64	-0.1081	354	6	enet	0.081	0.0017	-0.7591	0.44778
Uterus	/media/kame/Data/_workings/resource/GTEv8//GTExv8.EUR.Uterus/ENSG00000265158.1.wgt.RDat	ENSG00000265158.1	18	31724197	31724198	0.371	rs2912336	7.08	rs638252	0.02024	3.96	1.2508	474	6	enet	0.0041	0.23	0.651	0.51505
Uterus	/media/kame/Data/_workings/resource/GTEv8//GTExv8.EUR.Uterus/ENSG00000274184.1.wgt.RDat	ENSG00000274184.1	18	35268217	35268218	0.309	rs532661	-4.55	rs888459	0.08992	-4.59	1.0135	398	34	enet	0.18	3.8e-06	-0.1145	0.90883
Uterus	/media/kame/Data/_workings/resource/GTEv8//GTExv8.EUR.Uterus/ENSG00000267707.2.wgt.RDat	ENSG00000267707.2	18	37246889	37246890	0.273	rs9959618	14.31	rs10502669	0.04656	-3.88	-1.36	372	43	enet	0.051	0.011	-0.4214	0.67345
Uterus	/media/kame/Data/_workings/resource/GTEv8//GTExv8.EUR.Uterus/ENSG00000175886.10.wgt.RDat	ENSG00000175886.10	18	39335671	39335672	0.196	rs16971284	9.15	rs7230528	0.00946	3.49	-1.4097	334	32	enet	0.0017	0.28	-1.0641	0.28728
Uterus	/media/kame/Data/_workings/resource/GTEv8//GTExv8.EUR.Uterus/ENSG00000101751.10.wgt.RDat	ENSG00000101751.10	18	54270028	54270029	0.454	rs7237206	8.24	rs11083046	0.19152	-5.28	-0.5707	383	11	enet	0.14	5.5e-05	-0.2305	0.81768
Uterus	/media/kame/Data/_workings/resource/GTEv8//GTExv8.EUR.Uterus/ENSG00000066926.10.wgt.RDat	ENSG00000066926.10	18	57586771	57586772	0.218	rs4801081	3.88	rs12456391	0.05879	-3.63	1.4614	528	24	enet	0.027	0.049	-0.8159	0.41457
Uterus	/media/kame/Data/_workings/resource/GTEv8//GTExv8.EUR.Uterus/ENSG00000274828.1.wgt.RDat	ENSG00000274828.1	18	79679357	79679358	0.383	rs526260	11.27	rs585571	0.29216	-5.66	2.434	414	21	enet	0.26	1e-08	-0.8918	0.37251
Uterus	/media/kame/Data/_workings/resource/GTEv8//GTExv8.EUR.Uterus/ENSG00000141759.14.wgt.RDat	ENSG00000141759.14	18	80033948	80033949	0.213	rs526260	11.68	rs11081582	0.18743	5.22	0.8873	281	15	enet	0.17	6.6e-06	1.1291	0.25887
Uterus	/media/kame/Data/_workings/resource/GTEv8//GTExv8.EUR.Uterus/ENSG00000261126.7.wgt.RDat	ENSG00000261126.7	18	80046899	80046900	0.582	rs526260	11.72	rs612913	0.39835	6.72	0.605	279	19	enet	0.45	1.2e-15	-0.5391	0.58981
Uterus	/media/kame/Data/_workings/resource/GTEv8//GTExv8.EUR.Uterus/ENSG00000267127.7.wgt.RDat	ENSG00000267127.7	18	80082152	80082153	0.26	rs526260	11.75	rs12373373	-0.00755	-3.72	-0.0588	266	30	enet	-1.5e-05	0.32	0.7754	0.4381
Uterus	/media/kame/Data/_workings/resource/GTEv8//GTExv8.EUR.Uterus/ENSG00000065268.10.wgt.RDat	ENSG00000065268.10	19	984270	984271	0.808	rs35940485	-7.75	rs2240147	0.561382	7.78	-0.2101	453	23	enet	0.61	1.8e-23	-0.344297	0.731
Uterus	/media/kame/Data/_workings/resource/GTEv8//GTExv8.EUR.Uterus/ENSG00000064666.14.wgt.RDat	ENSG00000064666.14	19	1026580	1026581	0.58	rs35940485	-7.75	rs11880562	-0.007143	-3.06	-0.04312	459	21	enet	0.0019	0.28	1.788264	0.0737
Uterus	/media/kame/Data/_workings/resource/GTEv8//GTExv8.EUR.Uterus/ENSG00000071626.16.wgt.RDat	ENSG00000071626.16	19	1407568	1407569	0.472	rs35940485	-7.75	rs2244794	-0.009493	2.89	1.51299	392	32	enet	-0.0083	0.73	3.766284	0.000166
Uterus	/media/kame/Data/_workings/resource/GTEv8//GTExv8.EUR.Uterus/ENSG00000104899.7.wgt.RDat	ENSG00000104899.7	19	2249308	2249309	0.756	rs7249204	-5.15	rs733846	0.283048	-5.8	-2.3046	409	33	enet	0.095	0.00074	0.898358	0.369
Uterus	/media/kame/Data/_workings/resource/GTEv8//GTExv8.EUR.Uterus/ENSG00000267980.1.wgt.RDat	ENSG00000267980.1	19	4363878	4363879	0.398	rs243387	7.63	rs11085073	0.059333	-4.41	-0.89594	373	6	enet	0.047	0.015	0.117456	0.906
Uterus	/media/kame/Data/_workings/resource/GTEv8//GTExv8.EUR.Uterus/ENSG00000167670.15.wgt.RDat	ENSG00000167670.15	19	4402661	4402662	0.473	rs243387	7.63	rs11085074	0.092922	-5.09	2.77854	375	23	enet	0.18	3.6e-06	-2.49577	0.0126
Uterus	/media/kame/Data/_workings/resource/GTEv8//GTExv8.EUR.Uterus/ENSG00000280239.1.wgt.RDat	ENSG00000280239.1	19	4448809	4448810	0.558	rs243387	7.63	rs243352	0.386405	-6.84	3.90016	386	32	enet	0.39	2.7e-13	-2.535233	0.0112
Uterus	/media/kame/Data/_workings/resource/GTEv8//GTExv8.EUR.Uterus/ENSG00000267769.1.wgt.RDat	ENSG00000267769.1	19	4454793	4454794	0.519	rs243387	7.63	rs11085073	0.344637	-6.4	-0.89594	388	15	enet	0.31	3.1e-10	1.276775	0.202
Uterus	/media/kame/Data/_workings/resource/GTEv8//GTExv8.EUR.Uterus/ENSG00000130255.12.wgt.RDat	ENSG00000130255.12	19	5674946	5674947	0.231	rs4807023	5.15	rs549785	-0.009366	3.81	0.12258	395	11	enet	-0.0059	0.54	-0.129624	0.897
Uterus	/media/kame/Data/_workings/resource/GTEv8//GTExv8.EUR.Uterus/ENSG00000196365.11.wgt.RDat	ENSG00000196365.11	19	5720571	5720572	0.271	rs16993442	6.69	rs806705	0.178117	-4.91	-0.02377	392	26	enet	0.14	3.3e-05	0.375561	0.707
Uterus	/media/kame/Data/_workings/resource/GTEv8//GTExv8.EUR.Uterus/ENSG00000141994.15.wgt.RDat	ENSG00000141994.15	19	5791237	5791238	0.613	rs16993442	6.69	rs2436493	0.151685	-4.51	0.02567	385	8	enet	0.083	0.0016	-0.017719	0.986
Uterus	/media/kame/Data/_workings/resource/GTEv8//GTExv8.EUR.Uterus/ENSG00000105519.15.wgt.RDat	ENSG00000105519.15	19	5911768	5911769	0.252	rs16993442	6.69	rs4807826	0.1006	-4.11	-0.00868	380	12	enet	0.049	0.013	0.113802	0.909
Uterus	/media/kame/Data/_workings/resource/GTEv8//GTExv8.EUR.Uterus/ENSG00000125651.13.wgt.RDat	ENSG00000125651.13	19	6393980	6393981	0.4	rs16993442	6.69	rs186295	0.027724	3.49	0.01424	388	43	enet	0.13	9.6e-05	-0.291618	0.771
Uterus	/media/kame/Data/_workings/resource/GTEv8//GTExv8.EUR.Uterus/ENSG00000181240.13.wgt.RDat	ENSG00000181240.13	19	6433778	6433779	0.857	rs16993442	6.69	rs2860185	0.518802	-7.45	0.13355	407	22	enet	0.42	3.7e-14	0.330316	0.741
Uterus	/media/kame/Data/_workings/resource/GTEv8//GTExv8.EUR.Uterus/ENSG00000076984.17.wgt.RDat	ENSG00000076984.17	19	7903842	7903843	0.317	rs34367019	-6.04	rs11881682	0.006616	-3.54	-0.3203	450	8	enet	0.013	0.12	-0.595034	0.552
Uterus	/media/kame/Data/_workings/resource/GTEv8//GTExv8.EUR.Uterus/ENSG00000104980.7.wgt.RDat	ENSG00000104980.7	19	7943919	7943920	0.605	rs34367019	-6.04	rs11542189	0.100957	5.09	1.01839	437	26	enet	0.36	6.7e-12	0.566556	0.571
Uterus	/media/kame/Data/_workings/resource/GTEv8//GTExv8.EUR.Uterus/ENSG00000099785.10.wgt.RDat	ENSG00000099785.10	19	8413269	8413270	0.231	rs34367019	-6.04	rs17160489	0.099735	4.77	0.51019	367	7	enet	0.097	0.00063	0.391884	0.695
Uterus	/media/kame/Data/_workings/resource/GTEv8//GTExv8.EUR.Uterus/ENSG00000188321.13.wgt.RDat	ENSG00000188321.13	19	9323771	9323772	0.258	rs16979417	2.91	rs28384491	0.41288	-6.69	-0.77513	405	22	enet	0.41	7.4e-14	0.717921	0.473
Uterus	/media/kame/Data/_workings/resource/GTEv8//GTExv8.EUR.Uterus/ENSG00000174652.17.wgt.RDat	ENSG00000174652.17	19	9435577	9435578	0.768	rs12979274	6.13	rs7257650	0.539675	-8.08	-1.82495	389	28	enet	0.58	1.1e-21	1.238962	0.215
Uterus	/media/kame/Data/_workings/resource/GTEv8//GTExv8.EUR.Uterus/ENSG00000278611.1.wgt.RDat	ENSG00000278611.1	19	9538732	9538733	0.281	rs12979274	6.13	rs34164697	0.155672	4.45	-0.61364	346	4	enet	0.074	0.0026	-0.852716	0.394
Uterus	/media/kame/Data/_workings/resource/GTEv8//GTExv8.EUR.Uterus/ENSG00000197961.11.wgt.RDat	ENSG00000197961.11	19	9584532	9584533	0.285	rs12979274	6.13	rs8104943	0.031193	3.35	4.08069	363	53	enet	0.035	0.03	1.985755	0.0471
Uterus	/media/kame/Data/_workings/resource/GTEv8//GTExv8.EUR.Uterus/ENSG00000277587.1.wgt.RDat	ENSG00000277587.1	19	9721902	9721903	0.255	rs12979274	6.13	rs1593001	0.068698	-4.6	-0.34751	336	34	enet	0.15	2.1e-05	-0.246074	0.806
Uterus	/media/kame/Data/_workings/resource/GTEv8//GTExv8.EUR.Uterus/ENSG00000129347.19.wgt.RDat	ENSG00000129347.19	19	10566036	10566037	0.657	rs7255312	-5.23	rs3087689	0.343012	6.19	0.20032	358	12	enet	0.33	5.3e-11	1.116621	0.264
Uterus	/media/kame/Data/_workings/resource/GTEv8//GTExv8.EUR.Uterus/ENSG00000102575.10.wgt.RDat	ENSG00000102575.10	19	11579007	11579008	0.258	rs17719222	-5.49	rs2071484	0.053045	3.9	-1.33971	377	11	enet	0.02	0.077	-0.532526	0.594
Uterus	/media/kame/Data/_workings/resource/GTEv8//GTExv8.EUR.Uterus/ENSG00000197054.11.wgt.RDat	ENSG00000197054.11	19	11965036	11965037	0.358	rs7259845	5.1	rs442158	0.081277	-4.72	4.24487	311	10	enet	0.018	0.089	-3.195745	0.00139
Uterus	/media/kame/Data/_workings/resource/GTEv8//GTExv8.EUR.Uterus/ENSG00000269560.1.wgt.RDat	ENSG00000269560.1	19	12532972	12532973	0.688	rs2303731	-7.68	rs7248145	0.313728	5.85	2.69235	281	12	enet	0.31	2.3e-10	2.135047	0.0328
Uterus	/media/kame/Data/_workings/resource/GTEv8//GTExv8.EUR.Uterus/ENSG00000213290.4.wgt.RDat	ENSG00000213290.4	19	12559570	12559571	0.219	rs2303731	-7.68	rs12975560	0.151137	4.73	0.2259	285	49	enet	0.17	5.3e-06	-0.856702	0.392
Uterus	/media/kame/Data/_workings/resource/GTEv8//GTExv8.EUR.Uterus/ENSG00000104889.5.wgt.RDat	ENSG00000104889.5	19	12802062	12802063	0.57	rs2303731	-7.68	rs11085824	0.12644	-4.16	0.08745	306	26	enet	0.072	0.0029	0.434678	0.664
Uterus	/media/kame/Data/_workings/resource/GTEv8//GTExv8.EUR.Uterus/ENSG00000037757.13.wgt.RDat	ENSG00000037757.13	19	13764531	13764532	0.528	rs12462927	-5.53	rs371671	0.439973	-6.89	-0.29934	325	20	enet	0.36	6.7e-12	0.144395	0.885
Uterus	/media/kame/Data/_workings/resource/GTEv8//GTExv8.EUR.Uterus/ENSG00000104979.8.wgt.RDat	ENSG00000104979.8	19	13774282	13774283	0.317	rs12462927	-5.53	rs371671	0.111278	-4.48	-0.29934	327	13	enet	0.14	5.4e-05	0.312451	0.755
Uterus	/media/kame/Data/_workings/resource/GTEv8//GTExv8.EUR.Uterus/ENSG00000267594.5.wgt.RDat	ENSG00000267594.5	19	15779908	15779909	0.72	rs2018454	-7	rs10518252	0.559576	7.74	-1.93852	533	18	enet	0.55	2.3e-20	-1.734994	0.0827
Uterus	/media/kame/Data/_workings/resource/GTEv8//GTExv8.EUR.Uterus/ENSG00000267453.7.wgt.RDat	ENSG00000267453.7	19	15864903	15864904	0.666	rs2018454	-7	rs16980881	0.380408	-6.44	-1.68693	550	22	enet	0.35	8.1e-12	1.200421	0.23
Uterus	/media/kame/Data/_workings/resource/GTEv8//GTExv8.EUR.Uterus/ENSG00000171903.16.wgt.RDat	ENSG00000171903.16	19	15934866	15934867	0.332	rs2018454	-7	rs6417255	0.086218	4.89	0.88718	535	24	enet	0.16	8.6e-06	0.221636	0.825
Uterus	/media/kame/Data/_workings/resource/GTEv8//GTExv8.EUR.Uterus/ENSG00000280332.1.wgt.RDat	ENSG00000280332.1	19	16358326	16358327	0.282	rs2018454	-7	rs2168647	0.02797	-3.71	-0.61231	378	18	enet	0.03	0.04	0.826574	0.408
Uterus	/media/kame/Data/_workings/resource/GTEv8//GTExv8.EUR.Uterus/ENSG00000105072.8.wgt.RDat	ENSG00000105072.8	19	16496310	16496311	0.325	rs3745313	4.63	rs12982931	0.092955	-4.63	-0.0115	370	5	enet	0.042	0.019	-0.1102	0.912
Uterus	/media/kame/Data/_workings/resource/GTEv8//GTExv8.EUR.Uterus/ENSG00000269044.2.wgt.RDat	ENSG00000269044.2	19	16635268	16635269	0.352	rs17795796	4.61	rs2168647	0.009306	-3.3	-0.61231	356	8	enet	0.015	0.11	0.446131	0.656
Uterus	/media/kame/Data/_workings/resource/GTEv8//GTExv8.EUR.Uterus/ENSG00000099330.8.wgt.RDat	ENSG00000099330.8	19	17226203	17226204	0.338	rs4808552	4.34	rs3745194	0.088666	4.1	1.8739	408	16	enet	0.058	0.0071	0.939863	0.347
Uterus	/media/kame/Data/_workings/resource/GTEv8//GTExv8.EUR.Uterus/ENSG00000130312.6.wgt.RDat	ENSG00000130312.6	19	17292831	17292832	0.426	rs4808552	4.34	rs6903	0.148428	4.92	1.44291	419	6	enet	0.2	7e-07	1.060656	0.289
Uterus	/media/kame/Data/_workings/resource/GTEv8//GTExv8.EUR.Uterus/ENSG00000269815.1.wgt.RDat	ENSG00000269815.1	19	17296694	17296695	0.356	rs4808552	4.34	rs8102890	-0.004341	3.41	-0.56419	421	19	enet	0.05	0.012	0.093453	0.926
Uterus	/media/kame/Data/_workings/resource/GTEv8//GTExv8.EUR.Uterus/ENSG00000269736.1.wgt.RDat	ENSG00000269736.1	19	17452968	17452969	0.416	rs4808552	4.34	rs11667945	0.037454	3.93	-0.07797	429	31	enet	0.068	0.0039	0.249828	0.803
Uterus	/media/kame/Data/_workings/resource/GTEv8//GTExv8.EUR.Uterus/ENSG00000099308.10.wgt.RDat	ENSG00000099308.10	19	18097792	18097793	0.306	rs10426256	-5.32	rs999813	0.02112	3.34	-1.93216	410	14	enet	-0.0083	0.72	-0.125221	0.9
Uterus	/media/kame/Data/_workings/resource/GTEv8//GTExv8.EUR.Uterus/ENSG00000130518.16.wgt.RDat	ENSG00000130518.16	19	18274508	18274509	0.316	rs10426256	-5.32	rs1477269	-0.000742	-4.06	0.09327	403	27	enet	0.015	0.11	0.442654	0.658
Uterus	/media/kame/Data/_workings/resource/GTEv8//GTExv8.EUR.Uterus/ENSG00000130517.13.wgt.RDat	ENSG00000130517.13	19	18340586	18340587	0.52	rs10426256	-5.32	rs10415765	0.282968	-5.58	-0.02255	376	20	enet	0.24	4.6e-08	-0.018199	0.985
Uterus	/media/kame/Data/_workings/resource/GTEv8//GTExv8.EUR.Uterus/ENSG00000184635.14.wgt.RDat	ENSG00000184635.14	19	19900912	19900913	0.167	rs8182472	-10.44	rs2110589	0.135107	4.67	-1.49319	294	23	enet	0.12	0.00012	-1.719896	0.0855
Uterus	/media/kame/Data/_workings/resource/GTEv8//GTExv8.EUR.Uterus/ENSG00000237440.8.wgt.RDat	ENSG00000237440.8	19	20565808	20565809	0.283	rs7250811	-2.8	rs7251622	0.058624	3.93	-0.17749	224	10	enet	0.058	0.0072	-0.811792	0.417
Uterus	/media/kame/Data/_workings/resource/GTEv8//GTExv8.EUR.Uterus/ENSG00000188171.15.wgt.RDat	ENSG00000188171.15	19	20661595	20661596	0.397	rs7250811	-2.8	rs4324267	0.138942	4.62	-0.08149	240	3	enet	0.19	1.2e-06	0.327132	0.744
Uterus	/media/kame/Data/_workings/resource/GTEv8//GTExv8.EUR.Uterus/ENSG00000105750.14.wgt.RDat	ENSG00000105750.14	19	20923221	20923222	0.326	rs7250811	-2.8	rs11085405	0.008096	3.37	0.18847	260	12	enet	0.042	0.02	0.325419	0.745
Uterus	/media/kame/Data/_workings/resource/GTEv8//GTExv8.EUR.Uterus/ENSG00000160352.15.wgt.RDat	ENSG00000160352.15	19	21082158	21082159	0.158	rs7258384	-3.92	rs6511201	0.111504	3.97	-0.52399	278	12	enet	0.0056	0.21	-0.437515	0.662
Uterus	/media/kame/Data/_workings/resource/GTEv8//GTExv8.EUR.Uterus/ENSG00000182141.10.wgt.RDat	ENSG00000182141.10	19	21329424	21329425	0.407	rs7258384	-3.92	rs11085493	-0.003135	4.36	1.44736	285	48	enet	0.071	0.0033	0.710289	0.478
Uterus	/media/kame/Data/_workings/resource/GTEv8//GTExv8.EUR.Uterus/ENSG00000172687.13.wgt.RDat	ENSG00000172687.13	19	21358929	21358930	0.345	rs7258384	-3.92	rs279811	0.086889	4.29	-1.7178	285	27	enet	0.21	5e-07	0.172478	0.863
Uterus	/media/kame/Data/_workings/resource/GTEv8//GTExv8.EUR.Uterus/ENSG00000268119.5.wgt.RDat	ENSG00000268119.5	19	21463907	21463908	0.459	rs7258384	-3.92	rs7252261	0.30547	6.14	0.56722	298	12	enet	0.29	1.5e-09	-0.022391	0.982
Uterus	/media/kame/Data/_workings/resource/GTEv8//GTExv8.EUR.Uterus/ENSG00000268658.5.wgt.RDat	ENSG00000268658.5	19	21483373	21483374	0.323	rs7258384	-3.92	rs7259888	0.204467	-4.95	0.94788	294	13	enet	0.23	1.3e-07	-0.903316	0.366
Uterus	/media/kame/Data/_workings/resource/GTEv8//GTExv8.EUR.Uterus/ENSG00000197013.9.wgt.RDat	ENSG00000197013.9	19	21505563	21505564	0.381	rs7258384	-3.92	rs4808279	0.250202	5.24	0.61365	298	16	enet	0.18	3.7e-06	0.366688	0.714
Uterus	/media/kame/Data/_workings/resource/GTEv8//GTExv8.EUR.Uterus/ENSG00000268081.1.wgt.RDat	ENSG00000268081.1	19	21569236	21569237	0.232	rs7258384	-3.92	rs11085447	0.082243	4.65	-0.68077	305	17	enet	0.067	0.0042	-1.174643	0.24
Uterus	/media/kame/Data/_workings/resource/GTEv8//GTExv8.EUR.Uterus/ENSG00000268555.1.wgt.RDat	ENSG00000268555.1	19	21587321	21587322	0.391	rs7258384	-3.92	rs7259888	0.231869	-5.54	0.94788	306	38	enet	0.25	2.8e-08	-0.907132	0.364
Uterus	/media/kame/Data/_workings/resource/GTEv8//GTExv8.EUR.Uterus/ENSG00000197020.10.wgt.RDat	ENSG00000197020.10	19	21767627	21767628	0.714	rs7258384	-3.92	rs6511286	0.357862	6.2	-0.11468	298	18	enet	0.47	3.3e-16	1.364639	0.172
Uterus	/media/kame/Data/_workings/resource/GTEv8//GTExv8.EUR.Uterus/ENSG00000279377.1.wgt.RDat	ENSG00000279377.1	19	21968528	21968529	0.164	rs7258384	-3.92	rs10419058	0.032362	-3.68	-0.00142	295	30	enet	0.012	0.13	0.436928	0.662
Uterus	/media/kame/Data/_workings/resource/GTEv8//GTExv8.EUR.Uterus/ENSG00000160321.14.wgt.RDat	ENSG00000160321.14	19	22010948	22010949	0.175	rs7258384	-3.92	rs765527	0.053213	-3.62	-0.35482	307	6	enet	0.014	0.11	0.222898	0.824
Uterus	/media/kame/Data/_workings/resource/GTEv8//GTExv8.EUR.Uterus/ENSG00000197134.11.wgt.RDat	ENSG00000197134.11	19	22052451	22052452	0.303	rs7258384	-3.92	rs390730	0.141381	-4.48	0.02288	320	26	enet	0.13	7.8e-05	0.173669	0.862
Uterus	/media/kame/Data/_workings/resource/GTEv8//GTExv8.EUR.Uterus/ENSG00000269332.5.wgt.RDat	ENSG00000269332.5	19	22596256	22596257	0.343	rs1842013	4.18	rs16999362	-0.004832	3.92	-0.03172	300	21	enet	0.0089	0.17	0.284721	0.776
Uterus	/media/kame/Data/_workings/resource/GTEv8//GTExv8.EUR.Uterus/ENSG00000213973.8.wgt.RDat	ENSG00000213973.8	19	22784106	22784107	0.2	rs1842013	4.18	rs4933027	0.143236	-4.05	0.02387	296	17	enet	0.082	0.0016	-0.408759	0.683
Uterus	/media/kame/Data/_workings/resource/GTEv8//GTExv8.EUR.Uterus/ENSG00000268362.5.wgt.RDat	ENSG00000268362.5	19	24048936	24048937	0.541	rs8109001	2.88	rs11880244	0.35637	6.19	-1.41663	165	22	enet	0.34	2.5e-11	-1.742228	0.0815
Uterus	/media/kame/Data/_workings/resource/GTEv8//GTExv8.EUR.Uterus/ENSG00000261770.1.wgt.RDat	ENSG00000261770.1	19	27760848	27760849	0.786	rs4806027	-5.14	rs10401215	0.507343	7.51	1.00977	279	27	enet	0.48	7.1e-17	1.087114	0.277
Uterus	/media/kame/Data/_workings/resource/GTEv8//GTExv8.EUR.Uterus/ENSG00000267575.6.wgt.RDat	ENSG00000267575.6	19	27793462	27793463	0.146	rs4806027	-5.14	rs4239562	0.048706	4.09	1.36751	289	18	enet	0.051	0.011	0.814567	0.415
Uterus	/media/kame/Data/_workings/resource/GTEv8//GTExv8.EUR.Uterus/ENSG00000281468.1.wgt.RDat	ENSG00000281468.1	19	27802837	27802838	0.249	rs4806027	-5.14	rs10401215	0.021491	-4.39	1.00977	297	45	enet	0.015	0.11	-0.062191	0.95
Uterus	/media/kame/Data/_workings/resource/GTEv8//GTExv8.EUR.Uterus/ENSG00000267623.3.wgt.RDat	ENSG00000267623.3	19	27902594	27902595	0.291	rs10413945	6.13	rs10401215	0.022461	-3.93	1.00977	345	34	enet	0.058	0.0073	0.10728	0.915
Uterus	/media/kame/Data/_workings/resource/GTEv8//GTExv8.EUR.Uterus/ENSG00000284430.1.wgt.RDat	ENSG00000284430.1	19	31100303	31100304	0.674	rs7247696	4.71	rs1948557	0.195798	5.25	0.07096	398	35	enet	0.25	2.8e-08	-0.73403	0.463
Uterus	/media/kame/Data/_workings/resource/GTEv8//GTExv8.EUR.Uterus/ENSG00000021488.12.wgt.RDat	ENSG00000021488.12	19	32869765	32869766	0.513	rs751732	3.94	rs17272274	0.288047	5.75	0.03107	408	23	enet	0.22	1.8e-07	0.261396	0.794
Uterus	/media/kame/Data/_workings/resource/GTEv8//GTExv8.EUR.Uterus/ENSG00000131941.7.wgt.RDat	ENSG00000131941.7	19	33064887	33064888	0.273	rs751732	3.94	rs6510328	0.089068	-4.36	-0.02889	435	32	enet	0.016	0.1	-1.031913	0.302
Uterus	/media/kame/Data/_workings/resource/GTEv8//GTExv8.EUR.Uterus/ENSG00000279971.1.wgt.RDat	ENSG00000279971.1	19	34645379	34645380	0.25	rs2278996	4.66	rs1270273	-0.000623	4.02	0.00507	400	38	enet	0.0073	0.18	-0.699342	0.484
Uterus	/media/kame/Data/_workings/resource/GTEv8//GTExv8.EUR.Uterus/ENSG00000089335.20.wgt.RDat	ENSG00000089335.20	19	34677638	34677639	0.247	rs2278996	4.66	rs10402621	0.211913	-5.02	-0.35759	415	9	enet	0.12	0.00019	0.413764	0.679
Uterus	/media/kame/Data/_workings/resource/GTEv8//GTExv8.EUR.Uterus/ENSG00000270281.1.wgt.RDat	ENSG00000270281.1	19	34780020	34780021	0.359	rs2278996	4.66	rs12982419	0.022705	-3.4	0.80086	434	17	enet	0.062	0.0056	-0.49296	0.622
Uterus	/media/kame/Data/_workings/resource/GTEv8//GTExv8.EUR.Uterus/ENSG00000089327.14.wgt.RDat	ENSG00000089327.14	19	35154729	35154730	0.358	rs2278996	4.66	rs12459329	0.048389	3.79	-0.39035	486	33	enet	0.0031	0.25	-0.434005	0.664
Uterus	/media/kame/Data/_workings/resource/GTEv8//GTExv8.EUR.Uterus/ENSG00000268947.1.wgt.RDat	ENSG00000268947.1	19	35262845	35262846	0.285	rs2278996	4.66	rs17705188	0.084082	4.63	-0.75933	494	26	enet	0.07	0.0035	-0.013662	0.989
Uterus	/media/kame/Data/_workings/resource/GTEv8//GTExv8.EUR.Uterus/ENSG00000105695.14.wgt.RDat	ENSG00000105695.14	19	35292124	35292125	0.392	rs2278996	4.66	rs10411704	0.44369	6.91	-0.28061	494	5	enet	0.42	2.8e-14	-0.540427	0.589
Uterus	/media/kame/Data/_workings/resource/GTEv8//GTExv8.EUR.Uterus/ENSG00000012124.16.wgt.RDat	ENSG00000012124.16	19	35319260	35319261	0.526	rs2278996	4.66	rs10411704	0.418389	6.75	-0.28061	491	10	enet	0.39	4.1e-13	-0.303689	0.761
Uterus	/media/kame/Data/_workings/resource/GTEv8//GTExv8.EUR.Uterus/ENSG00000269553.1.wgt.RDat	ENSG00000269553.1	19	35330842	35330843	0.377	rs2278996	4.66	rs10411704	0.358061	6.27	-0.28061	488	10	enet	0.3	7.9e-10	-0.341266	0.733
Uterus	/media/kame/Data/_workings/resource/GTEv8//GTExv8.EUR.Uterus/ENSG00000126266.3.wgt.RDat	ENSG00000126266.3	19	35351551	35351552	0.672	rs2278996	4.66	rs10411704	0.378069	6.42	-0.28061	486	14	enet	0.31	2.2e-10	-0.34242	0.732
Uterus	/media/kame/Data/_workings/resource/GTEv8//GTExv8.EUR.Uterus/ENSG00000011590.13.wgt.RDat	ENSG00000011590.13	19	35704526	35704527	0.256	rs7247057	-7.8	rs173003	0.035736	-4.12	0.08977	440	78	enet	0.04	0.021	-0.684792	0.493
Uterus	/media/kame/Data/_workings/resource/GTEv8//GTExv8.EUR.Uterus/ENSG00000161265.14.wgt.RDat	ENSG00000161265.14	19	35744980	35744981	0.7	rs7247057	-7.8	rs12459634	0.388859	6.43	0.64551	430	26	enet	0.42	3.4e-14	0.799863	0.424
Uterus	/media/kame/Data/_workings/resource/GTEv8//GTExv8.EUR.Uterus/ENSG00000167595.14.wgt.RDat	ENSG00000167595.14	19	35758142	35758143	0.319	rs7247057	-7.8	rs107878	0.021795	-3.82	-0.19302	423	42	enet	0.092	0.00089	1.270217	0.204
Uterus	/media/kame/Data/_workings/resource/GTEv8//GTExv8.EUR.Uterus/ENSG00000225872.3.wgt.RDat	ENSG00000225872.3	19	35797901	35797902	0.572	rs7247057	-7.8	rs807485	0.36452	6.6	-0.31991	412	9	enet	0.36	4.9e-12	-0.503328	0.615
Uterus	/media/kame/Data/_workings/resource/GTEv8//GTExv8.EUR.Uterus/ENSG00000161281.10.wgt.RDat	ENSG00000161281.10	19	36152868	36152869	0.482	rs7247057	-7.8	rs107878	0.013855	3.68	-0.19302	329	48	enet	0.06	0.0064	0.049754	0.96
Uterus	/media/kame/Data/_workings/resource/GTEv8//GTExv8.EUR.Uterus/ENSG00000189042.13.wgt.RDat	ENSG00000189042.13	19	36687627	36687628	0.26	rs10426229	4.64	rs3108580	0.06681	-4.21	0.73555	285	38	enet	0.084	0.0014	-0.072704	0.942
Uterus	/media/kame/Data/_workings/resource/GTEv8//GTExv8.EUR.Uterus/ENSG00000267260.1.wgt.RDat	ENSG00000267260.1	19	36773152	36773153	0.275	rs10426229	4.64	rs1726702	0.170716	5.06	-0.2564	276	12	enet	0.16	1.4e-05	-0.384058	0.701
Uterus	/media/kame/Data/_workings/resource/GTEv8//GTExv8.EUR.Uterus/ENSG00000226686.7.wgt.RDat	ENSG00000226686.7	19	37251911	37251912	0.714	rs10426229	4.64	rs1879497	0.049662	4.75	1.2225	282	12	enet	0.008	0.18	0.586195	0.558
Uterus	/media/kame/Data/_workings/resource/GTEv8//GTExv8.EUR.Uterus/ENSG00000267470.5.wgt.RDat	ENSG00000267470.5	19	37549532	37549533	0.344	rs7252518	3.93	rs2161520	0.255928	5.49	-0.05479	281	50	enet	0.083	0.0016	-0.03026	0.976
Uterus	/media/kame/Data/_workings/resource/GTEv8//GTExv8.EUR.Uterus/ENSG00000167641.10.wgt.RDat	ENSG00000167641.10	19	38256590	38256591	0.345	rs11881305	3.89	rs12976534	0.061208	4.69	1.66175	362	11	enet	0.071	0.0031	1.1799	0.238
Uterus	/media/kame/Data/_workings/resource/GTEv8//GTExv8.EUR.Uterus/ENSG00000179168.14.wgt.RDat	ENSG00000179168.14	19	38388081	38388082	0.587	rs11881305	3.89	rs4804034	0.029272	3.52	-0.00818	371	49	enet	0.034	0.032	0.67179	0.502
Uterus	/media/kame/Data/_workings/resource/GTEv8//GTExv8.EUR.Uterus/ENSG00000104814.12.wgt.RDat	ENSG00000104814.12	19	38618881	38618882	0.334	rs6508841	-4.13	rs11879872	0.03215	3.98	1.81214	406	19	enet	0.035	0.029	-0.497174	0.619
Uterus	/media/kame/Data/_workings/resource/GTEv8//GTExv8.EUR.Uterus/ENSG00000182472.8.wgt.RDat	ENSG00000182472.8	19	38769903	38769904	0.436	rs6508841	-4.13	rs979971	0.172982	4.84	0.02384	401	50	enet	0.097	0.00063	0.230944	0.817
Uterus	/media/kame/Data/_workings/resource/GTEv8//GTExv8.EUR.Uterus/ENSG00000269486.2.wgt.RDat	ENSG00000269486.2	19	38938631	38938632	0.431	rs6508841	-4.13	rs7508411	0.184511	4.96	0.41264	393	20	enet	0.21	3.6e-07	-0.099105	0.921
Uterus	/media/kame/Data/_workings/resource/GTEv8//GTExv8.EUR.Uterus/ENSG00000269190.5.wgt.RDat	ENSG00000269190.5	19	38975909	38975910	0.388	rs6508841	-4.13	rs8108375	0.004395	3.57	-2.14179	394	85	enet	0.094	0.00076	-1.677236	0.0935
Uterus	/media/kame/Data/_workings/resource/GTEv8//GTExv8.EUR.Uterus/ENSG00000128011.4.wgt.RDat	ENSG00000128011.4	19	39314649	39314650	0.348	rs6508841	-4.13	rs7248208	-0.009124	2.95	2.03137	432	41	enet	0.0012	0.29	1.543861	0.123
Uterus	/media/kame/Data/_workings/resource/GTEv8//GTExv8.EUR.Uterus/ENSG00000197782.14.wgt.RDat	ENSG00000197782.14	19	40090752	40090753	0.243	rs3760920	3.26	rs533318	0.046383	3.9	-0.67653	382	14	enet	0.027	0.051	-0.63676	0.524
Uterus	/media/kame/Data/_workings/resource/GTEv8//GTExv8.EUR.Uterus/ENSG00000174521.7.wgt.RDat	ENSG00000174521.7	19	40218398	40218399	0.237	rs12979249	-3.72	rs7249890	0.009999	-3.08	1.93569	390	29	enet	-0.0044	0.46	-1.02382	0.306
Uterus	/media/kame/Data/_workings/resource/GTEv8//GTExv8.EUR.Uterus/ENSG00000086544.2.wgt.RDat	ENSG00000086544.2	19	40717102	40717103	0.2	rs17726276	-4.83	rs2604874	0.141758	4.46	0.19051	427	13	enet	0.097	0.00065	0.562486	0.574
Uterus	/media/kame/Data/_workings/resource/GTEv8//GTExv8.EUR.Uterus/ENSG00000188493.14.wgt.RDat	ENSG00000188493.14	19	40751552	40751553	0.377	rs17726276	-4.83	rs2604885	0.109517	4.32	-0.44363	430	11	enet	0.085	0.0014	-0.754889	0.45
Uterus	/media/kame/Data/_workings/resource/GTEv8//GTExv8.EUR.Uterus/ENSG00000198077.10.wgt.RDat	ENSG00000198077.10	19	40882751	40882752	0.3	rs17726276	-4.83	rs3869579	0.14666	-4.47	-0.29176	418	33	enet	0.11	0.00025	0.51942	0.603
Uterus	/media/kame/Data/_workings/resource/GTEv8//GTExv8.EUR.Uterus/ENSG00000267107.6.wgt.RDat	ENSG00000267107.6	19	41500648	41500649	0.316	rs887391	6.18	rs11672691	0.252554	-5.51	3.2055	340	6	enet	0.26	1e-08	-4.148692	3.34e-05
Uterus	/media/kame/Data/_workings/resource/GTEv8//GTExv8.EUR.Uterus/ENSG00000176472.10.wgt.RDat	ENSG00000176472.10	19	43525496	43525497	0.321	rs189445	4.2	rs2682562	0.241028	5.32	0.40311	374	14	enet	0.2	8e-07	0.190688	0.849
Uterus	/media/kame/Data/_workings/resource/GTEv8//GTExv8.EUR.Uterus/ENSG00000204920.10.wgt.RDat	ENSG00000204920.10	19	43967861	43967862	0.524	rs189445	4.2	rs10423679	0.074074	-4.15	-0.91952	469	55	enet	0.079	0.0019	-0.514087	0.607
Uterus	/media/kame/Data/_workings/resource/GTEv8//GTExv8.EUR.Uterus/ENSG00000178386.12.wgt.RDat	ENSG00000178386.12	19	44051366	44051367	0.218	rs189445	4.2	rs12610472	0.094957	4.68	0.33898	501	21	enet	0.15	2.6e-05	0.017667	0.986
Uterus	/media/kame/Data/_workings/resource/GTEv8//GTExv8.EUR.Uterus/ENSG00000266903.1.wgt.RDat	ENSG00000266903.1	19	44718758	44718759	0.362	rs17562787	-6.77	rs714948	0.168759	4.39	-0.01017	426	26	enet	0.13	7.7e-05	-0.048412	0.961
Uterus	/media/kame/Data/_workings/resource/GTEv8//GTExv8.EUR.Uterus/ENSG00000130204.12.wgt.RDat	ENSG00000130204.12	19	44890568	44890569	0.473	rs17562787	-6.77	rs17561351	0.022442	3.79	0.12186	407	25	enet	0.016	0.099	1.422491	0.155
Uterus	/media/kame/Data/_workings/resource/GTEv8//GTExv8.EUR.Uterus/ENSG00000213889.10.wgt.RDat	ENSG00000213889.10	19	45488776	45488777	0.296	rs17562787	-6.77	rs12609834	0.077664	-4.27	0.97728	371	23	enet	0.077	0.0022	-0.631876	0.527
Uterus	/media/kame/Data/_workings/resource/GTEv8//GTExv8.EUR.Uterus/ENSG00000182013.17.wgt.RDat	ENSG00000182013.17	19	46471562	46471563	0.517	rs4803895	7.22	rs427250	0.068079	4.36	0.75286	375	20	enet	0.028	0.047	1.391206	0.164
Uterus	/media/kame/Data/_workings/resource/GTEv8//GTExv8.EUR.Uterus/ENSG00000181027.10.wgt.RDat	ENSG00000181027.10	19	46746045	46746046	0.495	rs10407441	9.17	rs3786706	0.241981	5.66	1.32588	335	7	enet	0.25	2.5e-08	0.950656	0.342
Uterus	/media/kame/Data/_workings/resource/GTEv8//GTExv8.EUR.Uterus/ENSG00000090372.14.wgt.RDat	ENSG00000090372.14	19	46746993	46746994	0.46	rs10407441	9.17	rs3848528	0.007038	-3.96	0.94594	335	18	enet	0.017	0.096	-1.060374	0.289
Uterus	/media/kame/Data/_workings/resource/GTEv8//GTExv8.EUR.Uterus/ENSG00000277383.1.wgt.RDat	ENSG00000277383.1	19	47608453	47608454	0.327	rs10407441	9.17	rs1991722	0.017985	-4.19	-0.71878	421	2	enet	0.0051	0.22	0.997155	0.319
Uterus	/media/kame/Data/_workings/resource/GTEv8//GTExv8.EUR.Uterus/ENSG00000105499.13.wgt.RDat	ENSG00000105499.13	19	48110816	48110817	0.386	rs1132054	5.28	rs972800	0.030011	4.74	-0.06418	511	16	enet	0.063	0.0051	1.474794	0.14
Uterus	/media/kame/Data/_workings/resource/GTEv8//GTExv8.EUR.Uterus/ENSG00000232871.8.wgt.RDat	ENSG00000232871.8	19	48638144	48638145	0.4	rs1132054	5.28	rs550455	0.222681	-5.12	-0.40539	458	6	enet	0.08	0.0019	-0.271006	0.786
Uterus	/media/kame/Data/_workings/resource/GTEv8//GTExv8.EUR.Uterus/ENSG00000105538.9.wgt.RDat	ENSG00000105538.9	19	48740720	48740721	0.348	rs1132054	5.28	rs4801764	0.0038	-3.49	-0.20426	433	54	enet	0.12	0.00019	1.071042	0.284
Uterus	/media/kame/Data/_workings/resource/GTEv8//GTExv8.EUR.Uterus/ENSG00000087076.8.wgt.RDat	ENSG00000087076.8	19	48836677	48836678	0.261	rs1132054	5.28	rs17206707	0.011353	-3.75	0.2668	412	15	enet	0.022	0.069	0.232704	0.816
Uterus	/media/kame/Data/_workings/resource/GTEv8//GTExv8.EUR.Uterus/ENSG00000268686.1.wgt.RDat	ENSG00000268686.1	19	49388080	49388081	0.421	rs7258719	8.48	rs171342	0.089973	-5.21	0.78514	373	36	enet	0.14	4.4e-05	-0.777247	0.437
Uterus	/media/kame/Data/_workings/resource/GTEv8//GTExv8.EUR.Uterus/ENSG00000161618.9.wgt.RDat	ENSG00000161618.9	19	49453168	49453169	0.435	rs7258719	8.48	rs1578944	0.262223	5.54	8.39758	371	11	enet	0.17	5.1e-06	8.085216	6.21e-16
Uterus	/media/kame/Data/_workings/resource/GTEv8//GTExv8.EUR.Uterus/ENSG00000126464.13.wgt.RDat	ENSG00000126464.13	19	49591642	49591643	0.309	rs7258719	8.48	rs3760707	0.084797	3.85	-0.20041	362	26	enet	-0.0094	0.9	1.448666	0.147
Uterus	/media/kame/Data/_workings/resource/GTEv8//GTExv8.EUR.Uterus/ENSG00000269352.1.wgt.RDat	ENSG00000269352.1	19	49859288	49859289	0.407	rs7258719	8.48	rs7260222	0.046126	-4.07	0.69682	350	24	enet	0.17	6.8e-06	2.735681	0.00623
Uterus	/media/kame/Data/_workings/resource/GTEv8//GTExv8.EUR.Uterus/ENSG00000161643.12.wgt.RDat	ENSG00000161643.12	19	49969672	49969673	0.323	rs35279796	4.44	rs12609054	0.157192	5.25	-0.12557	335	11	enet	0.22	2.5e-07	-0.50843	0.611
Uterus	/media/kame/Data/_workings/resource/GTEv8//GTExv8.EUR.Uterus/ENSG00000180279.6.wgt.RDat	ENSG00000180279.6	19	50808873	50808874	0.638	rs1568003	-7.56	rs11673306	0.355135	6.23	-0.34929	535	9	enet	0.31	2.2e-10	-0.464073	0.643
Uterus	/media/kame/Data/_workings/resource/GTEv8//GTExv8.EUR.Uterus/ENSG00000254521.6.wgt.RDat	ENSG00000254521.6	19	51501788	51501789	0.574	rs1568003	-7.56	rs9304718	0.343602	6.13	-0.2785	624	11	enet	0.23	9.6e-08	-0.215467	0.829
Uterus	/media/kame/Data/_workings/resource/GTEv8//GTExv8.EUR.Uterus/ENSG00000273837.1.wgt.RDat	ENSG00000273837.1	19	51639930	51639931	0.604	rs273628	4.26	rs12459503	0.222629	-5.24	1.18356	584	14	enet	0.23	9e-08	-0.589029	0.556
Uterus	/media/kame/Data/_workings/resource/GTEv8//GTExv8.EUR.Uterus/ENSG00000254415.3.wgt.RDat	ENSG00000254415.3	19	51646800	51646801	0.404	rs273628	4.26	rs16982907	0.050562	-4.24	0.14822	586	14	enet	0.034	0.031	-1.393138	0.164
Uterus	/media/kame/Data/_workings/resource/GTEv8//GTExv8.EUR.Uterus/ENSG00000105568.17.wgt.RDat	ENSG00000105568.17	19	52190038	52190039	0.337	rs10520481	6.05	rs6509628	-0.008276	-3.2	-0.08862	543	19	enet	0.00087	0.3	-1.720359	0.0854
Uterus	/media/kame/Data/_workings/resource/GTEv8//GTExv8.EUR.Uterus/ENSG00000221923.8.wgt.RDat	ENSG00000221923.8	19	52369916	52369917	0.822	rs10520481	6.05	rs2059818	0.440045	6.96	-0.24826	479	42	enet	0.48	1e-16	0.307596	0.758
Uterus	/media/kame/Data/_workings/resource/GTEv8//GTExv8.EUR.Uterus/ENSG00000167555.13.wgt.RDat	ENSG00000167555.13	19	52397848	52397849	0.354	rs10520481	6.05	rs2290745	0.199732	-5.01	-1.5406	459	37	enet	0.13	9.3e-05	1.662039	0.0965
Uterus	/media/kame/Data/_workings/resource/GTEv8//GTExv8.EUR.Uterus/ENSG00000167766.18.wgt.RDat	ENSG00000167766.18	19	52690495	52690496	0.615	rs4801954	8.07	rs7257138	0.240081	5.69	0.42723	459	14	enet	0.3	8.4e-10	-0.137496	0.891
Uterus	/media/kame/Data/_workings/resource/GTEv8//GTExv8.EUR.Uterus/ENSG00000182986.12.wgt.RDat	ENSG00000182986.12	19	52897683	52897684	0.758	rs4801954	8.07	rs3810115	0.495291	7.32	2.33914	455	13	enet	0.47	3.2e-16	2.166767	0.0303
Uterus	/media/kame/Data/_workings/resource/GTEv8//GTExv8.EUR.Uterus/ENSG00000170949.17.wgt.RDat	ENSG00000170949.17	19	53103435	53103436	0.44	rs4801954	8.07	rs4801950	0.264985	-5.52	3.77628	483	16	enet	0.23	1.1e-07	-3.646098	0.000266
Uterus	/media/kame/Data/_workings/resource/GTEv8//GTExv8.EUR.Uterus/ENSG00000197937.12.wgt.RDat	ENSG00000197937.12	19	53159059	53159060	0.537	rs4801954	8.07	rs12459292	-0.007219	3.65	0.02139	475	47	enet	0.088	0.0012	0.905445	0.365
Uterus	/media/kame/Data/_workings/resource/GTEv8//GTExv8.EUR.Uterus/ENSG00000269001.2.wgt.RDat	ENSG00000269001.2	19	53197110	53197111	0.67	rs4801954	8.07	rs4801965	0.305426	-5.8	-2.72445	470	31	enet	0.35	1.7e-11	3.049512	0.00229
Uterus	/media/kame/Data/_workings/resource/GTEv8//GTExv8.EUR.Uterus/ENSG00000196417.12.wgt.RDat	ENSG00000196417.12	19	53389792	53389793	0.494	rs4801954	8.07	rs2061771	0.08623	4.22	1.00331	476	15	enet	0.091	0.00093	1.301153	0.193
Uterus	/media/kame/Data/_workings/resource/GTEv8//GTExv8.EUR.Uterus/ENSG00000160336.14.wgt.RDat	ENSG00000160336.14	19	53445000	53445001	0.5	rs4801954	8.07	rs4803113	0.014772	3.69	0.73514	482	31	enet	0.063	0.0054	-0.216923	0.828
Uterus	/media/kame/Data/_workings/resource/GTEv8//GTExv8.EUR.Uterus/ENSG00000198346.10.wgt.RDat	ENSG00000198346.10	19	53467734	53467735	0.426	rs4801954	8.07	rs7259720	0.079247	-4.15	0.7942	478	12	enet	0.0066	0.19	-0.175392	0.861
Uterus	/media/kame/Data/_workings/resource/GTEv8//GTExv8.EUR.Uterus/ENSG00000167608.11.wgt.RDat	ENSG00000167608.11	19	54173249	54173250	0.512	rs454006	6.07	rs641738	0.173021	-4.67	-0.61393	466	18	enet	0.17	4.7e-06	-0.327888	0.743
Uterus	/media/kame/Data/_workings/resource/GTEv8//GTExv8.EUR.Uterus/ENSG00000267265.5.wgt.RDat	ENSG00000267265.5	19	55006192	55006193	0.364	rs4420651	-4.83	rs1671143	-0.009224	3.45	-1.1597	469	42	enet	-0.0014	0.36	-2.734768	0.00624
Uterus	/media/kame/Data/_workings/resource/GTEv8//GTExv8.EUR.Uterus/ENSG00000167646.13.wgt.RDat	ENSG00000167646.13	19	55166721	55166722	0.445	rs4420651	-4.14	rs6509933	-0.004545	4.15	1.14511	454	23	enet	0.049	0.013	0.384861	0.7
Uterus	/media/kame/Data/_workings/resource/GTEv8//GTExv8.EUR.Uterus/ENSG00000213015.8.wgt.RDat	ENSG00000213015.8	19	55635015	55635016	0.349	rs11672395	-4.4	rs7507151	-0.009523	3.39	0.08918	580	9	enet	-0.0086	0.76	0.017332	0.986
Uterus	/media/kame/Data/_workings/resource/GTEv8//GTExv8.EUR.Uterus/ENSG00000267454.5.wgt.RDat	ENSG00000267454.5	19	56393655	56393656	0.349	rs8101140	-5.54	rs9636161	0.08264	-4.29	-0.01447	530	21	enet	0.061	0.0058	-1.360127	0.174
Uterus	/media/kame/Data/_workings/resource/GTEv8//GTExv8.EUR.Uterus/ENSG00000166770.10.wgt.RDat	ENSG00000166770.10	19	56477249	56477250	0.617	rs8101140	-5.54	rs7246498	0.07263	-4.24	-0.17201	507	47	enet	0.13	6.1e-05	0.906215	0.365
Uterus	/media/kame/Data/_workings/resource/GTEv8//GTExv8.EUR.Uterus/ENSG00000196263.7.wgt.RDat	ENSG00000196263.7	19	56507842	56507843	0.428	rs8101140	-5.54	rs2286423	0.137641	4.75	1.39141	503	22	enet	0.099	0.00056	0.341011	0.733
Uterus	/media/kame/Data/_workings/resource/GTEv8//GTExv8.EUR.Uterus/ENSG00000269696.1.wgt.RDat	ENSG00000269696.1	19	56567410	56567411	0.47	rs8101140	-5.54	rs12981980	0.122198	4.46	-0.04584	493	12	enet	0.069	0.0036	0.000952	0.999
Uterus	/media/kame/Data/_workings/resource/GTEv8//GTExv8.EUR.Uterus/ENSG00000268379.1.wgt.RDat	ENSG00000268379.1	19	57175232	57175233	0.34	rs13345207	3.68	rs8106506	0.246877	5.19	-1.82271	509	6	enet	0.13	7.9e-05	-1.89536	0.058
Uterus	/media/kame/Data/_workings/resource/GTEv8//GTExv8.EUR.Uterus/ENSG00000131845.14.wgt.RDat	ENSG00000131845.14	19	57351359	57351360	0.564	rs13345207	3.68	rs10853894	0.237036	-5.7	0.47286	507	18	enet	0.18	2.6e-06	-0.33552	0.737
Uterus	/media/kame/Data/_workings/resource/GTEv8//GTExv8.EUR.Uterus/ENSG00000186230.6.wgt.RDat	ENSG00000186230.6	19	57435328	57435329	0.631	rs13345207	3.68	rs11665675	0.418836	-6.72	0.22518	490	31	enet	0.4	1.8e-13	-0.028357	0.977
Uterus	/media/kame/Data/_workings/resource/GTEv8//GTExv8.EUR.Uterus/ENSG00000276449.1.wgt.RDat	ENSG00000276449.1	19	57449688	57449689	0.459	rs13345207	3.68	rs12978934	0.163089	5.04	0.21081	489	27	enet	0.14	3.3e-05	0.11382	0.909
Uterus	/media/kame/Data/_workings/resource/GTEv8//GTExv8.EUR.Uterus/ENSG00000178201.4.wgt.RDat	ENSG00000178201.4	19	57457141	57457142	0.401	rs13345207	3.68	rs886336	0.002163	-4.13	-0.02341	488	34	enet	0.032	0.036	-0.318911	0.75
Uterus	/media/kame/Data/_workings/resource/GTEv8//GTExv8.EUR.Uterus/ENSG00000197128.11.wgt.RDat	ENSG00000197128.11	19	57477569	57477570	0.444	rs13345207	3.68	rs886336	0.153582	-5.11	-0.02341	486	44	enet	0.21	3.6e-07	-0.094542	0.925
Uterus	/media/kame/Data/_workings/resource/GTEv8//GTExv8.EUR.Uterus/ENSG00000152439.12.wgt.RDat	ENSG00000152439.12	19	57499914	57499915	0.274	rs13345207	3.68	rs12981244	-0.008669	3.2	-0.95683	488	25	enet	0.0026	0.26	-2.090032	0.0366
Uterus	/media/kame/Data/_workings/resource/GTEv8//GTExv8.EUR.Uterus/ENSG00000171649.11.wgt.RDat	ENSG00000171649.11	19	57578455	57578456	0.315	rs7260445	-3.22	rs12610728	0.124665	-4.26	0.20943	479	8	enet	0.05	0.011	-0.202742	0.839
Uterus	/media/kame/Data/_workings/resource/GTEv8//GTExv8.EUR.Uterus/ENSG00000173480.10.wgt.RDat	ENSG00000173480.10	19	57916609	57916610	0.312	rs159680	4.04	rs1047128	0.131797	4.62	-0.29817	468	78	enet	0.11	0.00038	0.749891	0.453
Uterus	/media/kame/Data/_workings/resource/GTEv8//GTExv8.EUR.Uterus/ENSG00000152454.3.wgt.RDat	ENSG00000152454.3	19	57947674	57947675	0.324	rs159680	4.04	rs1047128	0.003413	3.5	-0.29817	469	54	enet	0.0019	0.28	-0.167415	0.867
Uterus	/media/kame/Data/_workings/resource/GTEv8//GTExv8.EUR.Uterus/ENSG00000176593.7.wgt.RDat	ENSG00000176593.7	19	58002060	58002061	0.414	rs2033711	-5.7	rs12462562	0.252921	-5.86	0.16022	448	23	enet	0.23	1.5e-07	-0.643748	0.52
Uterus	/media/kame/Data/_workings/resource/GTEv8//GTExv8.EUR.Uterus/ENSG00000121413.12.wgt.RDat	ENSG00000121413.12	19	58118426	58118427	0.51	rs2033711	-5.7	rs1080416	-0.006415	3.41	1.43286	433	38	enet	0.043	0.018	-0.745525	0.456
Uterus	/media/kame/Data/_workings/resource/GTEv8//GTExv8.EUR.Uterus/ENSG00000198131.13.wgt.RDat	ENSG00000198131.13	19	58228593	58228594	0.285	rs2033711	-5.7	rs7253055	0.060007	4.33	-0.00906	364	30	enet	0.13	8.1e-05	0.580554	0.562
Uterus	/media/kame/Data/_workings/resource/GTEv8//GTExv8.EUR.Uterus/ENSG00000268516.2.wgt.RDat	ENSG00000268516.2	19	58278807	58278808	0.269	rs2033711	-5.7	rs260468	0.263549	5.35	1.63539	347	10	enet	0.22	2.4e-07	1.212116	0.225
Uterus	/media/kame/Data/_workings/resource/GTEv8//GTExv8.EUR.Uterus/ENSG00000268895.5.wgt.RDat	ENSG00000268895.5	19	58347750	58347751	0.281	rs2033711	-5.7	rs1265960	0.109338	-4.43	0.40743	322	5	enet	0.072	0.003	-0.19563	0.845
Uterus	/media/kame/Data/_workings/resource/GTEv8//GTExv8.EUR.Uterus/ENSG00000171574.17.wgt.RDat	ENSG00000171574.17	19	58401503	58401504	0.337	rs2033711	-5.7	rs11671591	0.283692	-5.59	-1.32034	310	13	enet	0.25	2.2e-08	1.84693	0.0648
Uterus	/media/kame/Data/_workings/resource/GTEv8//GTExv8.EUR.Uterus/ENSG00000268912.1.wgt.RDat	ENSG00000268912.1	19	58431147	58431148	0.207	rs2033711	-5.7	rs2304521	0.05797	4.04	1.73416	300	30	enet	0.083	0.0015	1.39837	0.162
Uterus	/media/kame/Data/_workings/resource/GTEv8//GTExv8.EUR.Uterus/ENSG00000131849.11.wgt.RDat	ENSG00000131849.11	19	58440221	58440222	0.294	rs2033711	-5.7	rs4801583	0.091476	-5.26	-0.67473	298	23	enet	0.17	8e-06	1.514132	0.13
Uterus	/media/kame/Data/_workings/resource/GTEv8//GTExv8.EUR.Uterus/ENSG00000269473.1.wgt.RDat	ENSG00000269473.1	19	58440447	58440448	0.142	rs2033711	-5.7	rs3794965	0.148949	-4.2	-0.3277	298	21	enet	0.09	0.00097	-0.37878	0.705
Uterus	/media/kame/Data/_workings/resource/GTEv8//GTExv8.EUR.Uterus/ENSG00000196476.11.wgt.RDat	ENSG00000196476.11	20	290777	290778	0.377	rs6053993	-5.04	rs3827150	0.056449	3.62	-0.57857	421	32	enet	0.036	0.028	-1.58028	0.11404
Uterus	/media/kame/Data/_workings/resource/GTEv8//GTExv8.EUR.Uterus/ENSG00000125818.17.wgt.RDat	ENSG00000125818.17	20	1113262	1113263	0.686	rs6053993	-5.04	rs6039805	0.225342	-5.26	-0.00347	699	38	enet	0.22	2.6e-07	0.40401	0.68621
Uterus	/media/kame/Data/_workings/resource/GTEv8//GTExv8.EUR.Uterus/ENSG00000101307.15.wgt.RDat	ENSG00000101307.15	20	1620060	1620061	0.662	rs6034968	-5.6	rs6075340	0.42184	6.92	0.13634	618	17	enet	0.42	1.8e-14	-1.06323	0.28768
Uterus	/media/kame/Data/_workings/resource/GTEv8//GTExv8.EUR.Uterus/ENSG00000125877.12.wgt.RDat	ENSG00000125877.12	20	3208867	3208868	0.435	rs2422862	3.43	rs11697114	0.220669	-5.03	-2.36518	428	22	enet	0.18	2.6e-06	1.66579	0.09576
Uterus	/media/kame/Data/_workings/resource/GTEv8//GTExv8.EUR.Uterus/ENSG00000275491.1.wgt.RDat	ENSG00000275491.1	20	3808356	3808357	0.527	rs14161	-5.44	rs2282128	0.333684	-6.12	-0.06635	520	30	enet	0.24	5.4e-08	0.15611	0.87595
Uterus	/media/kame/Data/_workings/resource/GTEv8//GTExv8.EUR.Uterus/ENSG00000089063.14.wgt.RDat	ENSG00000089063.14	20	5113102	5113103	0.541	rs16991099	3.7	rs2326588	0.396681	-6.61	0.44067	609	14	enet	0.35	1.1e-11	-0.46266	0.64361
Uterus	/media/kame/Data/_workings/resource/GTEv8//GTExv8.EUR.Uterus/ENSG00000230563.2.wgt.RDat	ENSG00000230563.2	20	5471206	5471207	0.517	rs6139797	-4.64	rs3810569	0.416064	6.74	-0.14731	573	15	enet	0.4	1.1e-13	0.06355	0.94933
Uterus	/media/kame/Data/_workings/resource/GTEv8//GTExv8.EUR.Uterus/ENSG00000125885.13.wgt.RDat	ENSG00000125885.13	20	5950651	5950652	0.41	rs6139797	-4.64	rs236111	0.031288	-4.24	1.85331	598	31	enet	0.1	0.00042	-2.12786	0.03335
Uterus	/media/kame/Data/_workings/resource/GTEv8//GTExv8.EUR.Uterus/ENSG00000125827.8.wgt.RDat	ENSG00000125827.8	20	8019828	8019829	0.306	rs6108042	3.32	rs6133529	0.001038	-4.04	-1.44434	520	47	enet	0.038	0.025	1.95642	0.05042
Uterus	/media/kame/Data/_workings/resource/GTEv8//GTExv8.EUR.Uterus/ENSG00000101230.5.wgt.RDat	ENSG00000101230.5	20	13221770	13221771	0.501	rs6078968	-4.92	rs6134825	-0.001277	-3.55	2.29693	568	54	enet	0.0061	0.2	-2.7725	0.00556
Uterus	/media/kame/Data/_workings/resource/GTEv8//GTExv8.EUR.Uterus/ENSG00000236474.1.wgt.RDat	ENSG00000236474.1	20	18421453	18421454	0.188	rs8116431	-6.72	rs2295554	0.091308	3.93	0.6807	462	14	enet	0.023	0.065	0.6901	0.49013
Uterus	/media/kame/Data/_workings/resource/GTEv8//GTExv8.EUR.Uterus/ENSG00000089050.15.wgt.RDat	ENSG00000089050.15	20	18497242	18497243	0.319	rs8116431	-6.72	rs12481256	0.000176	-3.46	0.02391	471	23	enet	0.097	0.00065	1.23527	0.21673
Uterus	/media/kame/Data/_workings/resource/GTEv8//GTExv8.EUR.Uterus/ENSG00000232388.4.wgt.RDat	ENSG00000232388.4	20	18567346	18567347	0.212	rs8116431	-6.72	rs1884783	0.078755	4.21	1.9145	472	32	enet	0.082	0.0016	1.07222	0.28362
Uterus	/media/kame/Data/_workings/resource/GTEv8//GTExv8.EUR.Uterus/ENSG00000125821.11.wgt.RDat	ENSG00000125821.11	20	18587892	18587893	0.282	rs8116431	-6.72	rs1040792	0.061665	-3.94	1.87814	482	36	enet	0.025	0.056	0.02455	0.98042
Uterus	/media/kame/Data/_workings/resource/GTEv8//GTExv8.EUR.Uterus/ENSG00000230387.2.wgt.RDat	ENSG00000230387.2	20	23187960	23187961	0.254	rs2424502	4.24	rs6137866	0.269685	5.47	-0.84629	582	16	enet	0.17	4.7e-06	-0.50704	0.61212
Uterus	/media/kame/Data/_workings/resource/GTEv8//GTExv8.EUR.Uterus/ENSG00000197586.12.wgt.RDat	ENSG00000197586.12	20	25195692	25195693	0.16	rs6138506	-2.86	rs6050359	0.092304	-4.12	-1.54703	438	28	enet	0.0011	0.29	1.05762	0.29023
Uterus	/media/kame/Data/_workings/resource/GTEv8//GTExv8.EUR.Uterus/ENSG00000277938.1.wgt.RDat	ENSG00000277938.1	20	25229149	25229150	0.222	rs6138506	-2.86	rs13038639	0.070164	4.11	0.00521	430	39	enet	0.039	0.023	0.1568	0.8754
Uterus	/media/kame/Data/_workings/resource/GTEv8//GTExv8.EUR.Uterus/ENSG00000100997.18.wgt.RDat	ENSG00000100997.18	20	25390982	25390983	0.198	rs6138506	-2.86	rs449370	0.13182	4.41	-0.07669	365	18	enet	0.045	0.016	0.24658	0.80523
Uterus	/media/kame/Data/_workings/resource/GTEv8//GTExv8.EUR.Uterus/ENSG00000101004.14.wgt.RDat	ENSG00000101004.14	20	25585516	25585517	0.24	rs6138506	-2.86	rs6107027	0.050885	-4.24	-0.11472	270	55	enet	0.045	0.016	0.20701	0.836
Uterus	/media/kame/Data/_workings/resource/GTEv8//GTExv8.EUR.Uterus/ENSG00000213742.6.wgt.RDat	ENSG00000213742.6	20	25624175	25624176	0.373	rs6138506	-2.86	rs16987767	0.049747	-3.88	0.01057	264	36	enet	0.058	0.007	0.34448	0.73048
Uterus	/media/kame/Data/_workings/resource/GTEv8//GTExv8.EUR.Uterus/ENSG00000130684.13.wgt.RDat	ENSG00000130684.13	20	25696840	25696841	0.231	rs6138809	4.06	rs4815436	0.052674	-3.97	0.48263	248	15	enet	0.087	0.0012	0.66471	0.50623
Uterus	/media/kame/Data/_workings/resource/GTEv8//GTExv8.EUR.Uterus/ENSG00000274973.1.wgt.RDat	ENSG00000274973.1	20	25845496	25845497	0.161	rs6138809	4.06	rs4815493	0.13524	-4.29	0.2249	177	6	enet	0.035	0.029	-0.51914	0.60366
Uterus	/media/kame/Data/_workings/resource/GTEv8//GTExv8.EUR.Uterus/ENSG00000204556.4.wgt.RDat	ENSG00000204556.4	20	26018831	26018832	0.156	rs6138809	4.06	rs2424750	0.006226	3.3	-0.49692	105	19	enet	-0.0091	0.84	0.77716	0.43707
Uterus	/media/kame/Data/_workings/resource/GTEv8//GTExv8.EUR.Uterus/ENSG00000125804.13.wgt.RDat	ENSG00000125804.13	20	26054654	26054655	0.17	rs6138809	4.06	rs2697515	0.106571	-3.79	-0.25515	97	15	enet	0.053	0.0096	1.4111	0.15821
Uterus	/media/kame/Data/_workings/resource/GTEv8//GTExv8.EUR.Uterus/ENSG00000205611.4.wgt.RDat	ENSG00000205611.4	20	30288478	30288479	0.145	rs6087210	-1.35	rs1811868	0.121768	3.75	0.33945	7	2	enet	0.099	0.00057	0.18785	0.85099
Uterus	/media/kame/Data/_workings/resource/GTEv8//GTExv8.EUR.Uterus/ENSG00000149531.15.wgt.RDat	ENSG00000149531.15	20	30377371	30377372	0.241	rs6087210	-1.35	rs1811868	0.177116	4.41	0.33945	7	3	enet	0.1	0.00042	0.19464	0.84567
Uterus	/media/kame/Data/_workings/resource/GTEv8//GTExv8.EUR.Uterus/ENSG00000101306.10.wgt.RDat	ENSG00000101306.10	20	31819307	31819308	0.391	rs1997740	-2.64	rs13041282	0.272689	5.57	0.20307	302	3	enet	0.22	2e-07	0.26834	0.78844
Uterus	/media/kame/Data/_workings/resource/GTEv8//GTExv8.EUR.Uterus/ENSG00000078699.21.wgt.RDat	ENSG00000078699.21	20	33490074	33490075	0.305	rs6057920	5.66	rs6088244	0.082261	-3.72	-0.93453	342	11	enet	0.044	0.017	0.92963	0.35256
Uterus	/media/kame/Data/_workings/resource/GTEv8//GTExv8.EUR.Uterus/ENSG00000276073.1.wgt.RDat	ENSG00000276073.1	20	33988988	33988989	0.232	rs6057920	5.66	rs10485503	0.222952	5.39	-0.29878	238	10	enet	0.19	1.8e-06	-0.57545	0.56498
Uterus	/media/kame/Data/_workings/resource/GTEv8//GTExv8.EUR.Uterus/ENSG00000125991.19.wgt.RDat	ENSG00000125991.19	20	35542020	35542021	0.24	rs7261957	-4	rs1033798	0.04334	-3.2	-0.34335	315	26	enet	-0.0053	0.51	0.79213	0.42828
Uterus	/media/kame/Data/_workings/resource/GTEv8//GTExv8.EUR.Uterus/ENSG00000224497.1.wgt.RDat	ENSG00000224497.1	20	35544746	35544747	0.601	rs7261957	-4	rs2277862	0.334286	6.17	0.7685	315	8	enet	0.28	2.9e-09	0.51505	0.60652
Uterus	/media/kame/Data/_workings/resource/GTEv8//GTExv8.EUR.Uterus/ENSG00000214078.12.wgt.RDat	ENSG00000214078.12	20	35664758	35664759	0.381	rs7261957	-4	rs12479473	0.315722	-6.36	2.37843	298	29	enet	0.3	4.2e-10	-2.12275	0.03377
Uterus	/media/kame/Data/_workings/resource/GTEv8//GTExv8.EUR.Uterus/ENSG00000244005.12.wgt.RDat	ENSG00000244005.12	20	35699270	35699271	0.365	rs7261957	-4	rs6058296	-0.004034	3.05	-0.59254	290	25	enet	0.049	0.013	-0.59023	0.55504
Uterus	/media/kame/Data/_workings/resource/GTEv8//GTExv8.EUR.Uterus/ENSG00000171222.10.wgt.RDat	ENSG00000171222.10	20	35959471	35959472	0.262	rs7261957	-4	rs1275392	-0.008836	2.77	0.00731	276	18	enet	-0.00045	0.33	1.59393	0.11095
Uterus	/media/kame/Data/_workings/resource/GTEv8//GTExv8.EUR.Uterus/ENSG00000101363.12.wgt.RDat	ENSG00000101363.12	20	37289637	37289638	0.606	rs6122759	5.35	rs6104529	-0.006299	-3.65	-0.6004	321	6	enet	0.029	0.045	0.21667	0.82847
Uterus	/media/kame/Data/_workings/resource/GTEv8//GTExv8.EUR.Uterus/ENSG00000166619.12.wgt.RDat	ENSG00000166619.12	20	37527930	37527931	0.227	rs2425323	6.21	rs2144509	0.04427	4.23	1.17058	383	11	enet	0.069	0.0036	1.40938	0.15872
Uterus	/media/kame/Data/_workings/resource/GTEv8//GTExv8.EUR.Uterus/ENSG00000101425.12.wgt.RDat	ENSG00000101425.12	20	38260148	38260149	0.726	rs6069105	-7.27	rs1341023	0.25509	-5.45	-2.1631	495	21	enet	0.15	1.7e-05	1.03607	0.30017
Uterus	/media/kame/Data/_workings/resource/GTEv8//GTExv8.EUR.Uterus/ENSG00000224635.1.wgt.RDat	ENSG00000224635.1	20	38416796	38416797	0.458	rs6069105	-7.27	rs1315306	0.472605	7.17	0.57441	479	23	enet	0.41	4.6e-14	0.68042	0.49624
Uterus	/media/kame/Data/_workings/resource/GTEv8//GTExv8.EUR.Uterus/ENSG00000275401.1.wgt.RDat	ENSG00000275401.1	20	38419201	38419202	0.259	rs6069105	-7.27	rs1315306	0.28033	5.54	0.57441	477	11	enet	0.17	4.4e-06	0.18409	0.85394
Uterus	/media/kame/Data/_workings/resource/GTEv8//GTExv8.EUR.Uterus/ENSG00000225091.3.wgt.RDat	ENSG00000225091.3	20	38427441	38427442	0.19	rs6069105	-7.27	rs6025511	0.03385	3.72	0.0812	477	12	enet	-0.0077	0.66	-0.01136	0.99094
Uterus	/media/kame/Data/_workings/resource/GTEv8//GTExv8.EUR.Uterus/ENSG00000196756.11.wgt.RDat	ENSG00000196756.11	20	38435352	38435353	0.582	rs6069105	-7.27	rs1315306	0.336168	6.27	0.57441	475	54	enet	0.24	4.7e-08	0.41657	0.67699
Uterus	/media/kame/Data/_workings/resource/GTEv8//GTExv8.EUR.Uterus/ENSG00000132793.11.wgt.RDat	ENSG00000132793.11	20	41340919	41340920	0.383	rs6129896	-8.55	rs6102517	0.003059	3.96	-0.8072	361	32	enet	9e-04	0.3	0.32835	0.74265
Uterus	/media/kame/Data/_workings/resource/GTEv8//GTExv8.EUR.Uterus/ENSG00000101052.12.wgt.RDat	ENSG00000101052.12	20	43590930	43590931	0.281	rs6030716	4.69	rs16988169	0.007379	-4.05	-0.5486	478	34	enet	0.065	0.0046	0.60961	0.54212
Uterus	/media/kame/Data/_workings/resource/GTEv8//GTExv8.EUR.Uterus/ENSG00000025772.7.wgt.RDat	ENSG00000025772.7	20	44960485	44960486	0.193	rs2425684	-8.68	rs6094045	-0.004776	-3.7	-0.86101	418	6	enet	0.011	0.15	2.04348	0.041
Uterus	/media/kame/Data/_workings/resource/GTEv8//GTExv8.EUR.Uterus/ENSG00000182931.9.wgt.RDat	ENSG00000182931.9	20	45705018	45705019	0.146	rs2297198	12.2	rs6124741	0.113352	4.22	-0.26778	517	18	enet	0.059	0.0067	-0.29503	0.76797
Uterus	/media/kame/Data/_workings/resource/GTEv8//GTExv8.EUR.Uterus/ENSG00000124116.18.wgt.RDat	ENSG00000124116.18	20	45791931	45791932	0.315	rs2297198	12.2	rs232286	0.264685	-5.94	0.30478	527	32	enet	0.23	9.9e-08	-0.00844	0.99327
Uterus	/media/kame/Data/_workings/resource/GTEv8//GTExv8.EUR.Uterus/ENSG00000101457.12.wgt.RDat	ENSG00000101457.12	20	45791936	45791937	0.151	rs2297198	12.2	rs11086974	0.161081	-4.77	-0.26783	527	11	enet	0.1	4e-04	0.5736	0.56624
Uterus	/media/kame/Data/_workings/resource/GTEv8//GTExv8.EUR.Uterus/ENSG00000225849.2.wgt.RDat	ENSG00000225849.2	20	46477231	46477232	0.521	rs2297198	12.2	rs847052	0.158329	5.64	1.67091	555	29	enet	0.25	3.2e-08	1.64256	0.10047
Uterus	/media/kame/Data/_workings/resource/GTEv8//GTExv8.EUR.Uterus/ENSG00000184617.10.wgt.RDat	ENSG00000184617.10	20	46484460	46484461	0.446	rs2297198	12.2	rs11698591	-0.001101	3.21	0.79187	558	24	enet	-0.0087	0.76	0.35814	0.72024
Uterus	/media/kame/Data/_workings/resource/GTEv8//GTExv8.EUR.Uterus/ENSG00000198185.11.wgt.RDat	ENSG00000198185.11	20	46513558	46513559	0.472	rs2297198	12.2	rs6066002	0.253278	5.58	1.48375	556	17	enet	0.2	7.5e-07	3.10915	0.00188
Uterus	/media/kame/Data/_workings/resource/GTEv8//GTExv8.EUR.Uterus/ENSG00000231742.5.wgt.RDat	ENSG00000231742.5	20	50172549	50172550	0.431	rs605138	5.75	rs6020311	0.327229	6.01	0.83612	427	24	enet	0.25	2.7e-08	0.44333	0.65753
Uterus	/media/kame/Data/_workings/resource/GTEv8//GTExv8.EUR.Uterus/ENSG00000203999.8.wgt.RDat	ENSG00000203999.8	20	50292719	50292720	0.305	rs605138	5.75	rs11905919	0.214145	4.92	0.86929	429	63	enet	0.11	3e-04	1.5094	0.1312
Uterus	/media/kame/Data/_workings/resource/GTEv8//GTExv8.EUR.Uterus/ENSG00000101134.11.wgt.RDat	ENSG00000101134.11	20	54475596	54475597	0.397	rs6023367	4.87	rs6013869	0.041287	3.69	0.77738	627	45	enet	0.031	0.039	0.37686	0.70627
Uterus	/media/kame/Data/_workings/resource/GTEv8//GTExv8.EUR.Uterus/ENSG00000278709.1.wgt.RDat	ENSG00000278709.1	20	57710182	57710183	0.433	rs6128183	5.94	rs2273534	0.065131	4.69	0.7033	620	66	enet	0.06	0.0065	0.01338	0.98932
Uterus	/media/kame/Data/_workings/resource/GTEv8//GTExv8.EUR.Uterus/ENSG00000124164.15.wgt.RDat	ENSG00000124164.15	20	58389121	58389122	0.33	rs7262243	5.8	rs6026232	0.013177	4.13	-0.013	633	31	enet	0.064	0.0048	-0.9035	0.36626
Uterus	/media/kame/Data/_workings/resource/GTEv8//GTExv8.EUR.Uterus/ENSG00000254419.1.wgt.RDat	ENSG00000254419.1	20	58710794	58710795	0.619	rs7262243	5.8	rs919196	-0.001561	2.92	0.67398	555	55	enet	-0.007	0.61	1.11689	0.26404
Uterus	/media/kame/Data/_workings/resource/GTEv8//GTExv8.EUR.Uterus/ENSG00000101158.13.wgt.RDat	ENSG00000101158.13	20	58981207	58981208	0.24	rs7262243	5.8	rs6070684	0.101411	-4.71	0.22109	553	11	enet	0.081	0.0018	-0.46836	0.63952
Uterus	/media/kame/Data/_workings/resource/GTEv8//GTExv8.EUR.Uterus/ENSG00000276093.1.wgt.RDat	ENSG00000276093.1	20	60083871	60083872	0.538	rs348798	-8.36	rs16983474	0.392011	6.56	-2.79583	600	13	enet	0.39	6e-13	-2.47312	0.01339
Uterus	/media/kame/Data/_workings/resource/GTEv8//GTExv8.EUR.Uterus/ENSG00000101181.17.wgt.RDat	ENSG00000101181.17	20	62183028	62183029	0.466	rs4925229	-4.4	rs3813452	-0.009055	3.4	1.72931	522	35	enet	-0.0015	0.36	0.52394	0.60032
Uterus	/media/kame/Data/_workings/resource/GTEv8//GTExv8.EUR.Uterus/ENSG00000149679.11.wgt.RDat	ENSG00000149679.11	20	62407284	62407285	0.219	rs4925229	-4.4	rs2427323	0.043414	-4.17	1.39471	516	27	enet	0.056	0.0082	0.07489	0.9403
Uterus	/media/kame/Data/_workings/resource/GTEv8//GTExv8.EUR.Uterus/ENSG00000101213.6.wgt.RDat	ENSG00000101213.6	20	63537369	63537370	0.346	rs3787105	3.86	rs427230	0.04575	-3.71	0.05631	432	100	enet	0.009	0.16	0.8101	0.41788
Uterus	/media/kame/Data/_workings/resource/GTEv8//GTExv8.EUR.Uterus/ENSG00000101216.10.wgt.RDat	ENSG00000101216.10	20	63627040	63627041	0.489	rs816953	-4.64	rs381331	0.049648	4.08	-0.02032	427	25	enet	0.011	0.15	-0.27249	0.78525
Uterus	/media/kame/Data/_workings/resource/GTEv8//GTExv8.EUR.Uterus/ENSG00000125510.15.wgt.RDat	ENSG00000125510.15	20	64080172	64080173	0.476	rs6062359	9	rs6090040	0.07791	-4.59	-3.41596	308	19	enet	0.11	0.00022	2.26409	0.02357
Uterus	/media/kame/Data/_workings/resource/GTEv8//GTExv8.EUR.Uterus/ENSG00000224905.6.wgt.RDat	ENSG00000224905.6	21	14027420	14027421	0.265	rs2822511	4.18	rs8129930	0.07628	-4.14	1.3139	329	14	enet	0.008	0.18	-0.9252	0.35486
Uterus	/media/kame/Data/_workings/resource/GTEv8//GTExv8.EUR.Uterus/ENSG00000155313.15.wgt.RDat	ENSG00000155313.15	21	15730024	15730025	0.359	rs238952	7.06	rs1689059	0.029684	-3.68	-0.0476	350	19	enet	0.096	0.00066	1.2069	0.22748
Uterus	/media/kame/Data/_workings/resource/GTEv8//GTExv8.EUR.Uterus/ENSG00000154719.13.wgt.RDat	ENSG00000154719.13	21	25607516	25607517	0.265	rs2830054	4.86	rs12386284	0.146274	-4.7	0.1134	377	26	enet	0.16	1.5e-05	0.5409	0.5886
Uterus	/media/kame/Data/_workings/resource/GTEv8//GTExv8.EUR.Uterus/ENSG00000154721.14.wgt.RDat	ENSG00000154721.14	21	25639271	25639272	0.412	rs2830054	4.86	rs4318463	-0.009382	3.1	-0.7027	385	40	enet	0.02	0.077	-0.2011	0.84063
Uterus	/media/kame/Data/_workings/resource/GTEv8//GTExv8.EUR.Uterus/ENSG00000156261.12.wgt.RDat	ENSG00000156261.12	21	29073796	29073797	0.355	rs2776243	2.54	rs2070610	0.211219	4.86	2.0056	416	25	enet	0.097	0.00064	1.2089	0.2267
Uterus	/media/kame/Data/_workings/resource/GTEv8//GTExv8.EUR.Uterus/ENSG00000142166.12.wgt.RDat	ENSG00000142166.12	21	33324476	33324477	0.54	rs2834087	4.76	rs12483293	-0.00952	3.21	-1.3283	435	51	enet	0.058	0.0071	-0.6036	0.5461
Uterus	/media/kame/Data/_workings/resource/GTEv8//GTExv8.EUR.Uterus/ENSG00000159128.14.wgt.RDat	ENSG00000159128.14	21	33402895	33402896	0.417	rs2834087	4.76	rs2834211	0.002196	-4.03	-1.0058	461	2	enet	-0.0086	0.76	1.2747	0.20241
Uterus	/media/kame/Data/_workings/resource/GTEv8//GTExv8.EUR.Uterus/ENSG00000142188.16.wgt.RDat	ENSG00000142188.16	21	33480010	33480011	0.646	rs2834087	4.76	rs2834224	0.376311	-6.9	-0.2633	456	24	enet	0.36	5.7e-12	0.2082	0.83507
Uterus	/media/kame/Data/_workings/resource/GTEv8//GTExv8.EUR.Uterus/ENSG00000177692.11.wgt.RDat	ENSG00000177692.11	21	33491719	33491720	0.307	rs2834087	4.76	rs13052018	0.026095	3.14	0.6316	466	1	enet	-0.0095	0.98	0.6316	0.52764
Uterus	/media/kame/Data/_workings/resource/GTEv8//GTExv8.EUR.Uterus/ENSG00000231106.2.wgt.RDat	ENSG00000231106.2	21	36005337	36005338	0.261	rs11701590	-5.39	rs11088335	0.043639	3.86	-3.0888	510	10	enet	-0.0041	0.45	-2.7797	0.00544
Uterus	/media/kame/Data/_workings/resource/GTEv8//GTExv8.EUR.Uterus/ENSG00000224790.2.wgt.RDat	ENSG00000224790.2	21	36968553	36968554	0.263	rs2835423	4.3	rs12482724	0.096205	-3.69	0.5951	465	43	enet	0.016	0.099	0.1691	0.86569
Uterus	/media/kame/Data/_workings/resource/GTEv8//GTExv8.EUR.Uterus/ENSG00000185808.13.wgt.RDat	ENSG00000185808.13	21	37073169	37073170	0.438	rs2835423	4.3	rs2298682	0.389302	-6.89	0.0611	437	32	enet	0.36	4.6e-12	-0.2352	0.81408
Uterus	/media/kame/Data/_workings/resource/GTEv8//GTExv8.EUR.Uterus/ENSG00000182670.13.wgt.RDat	ENSG00000182670.13	21	37073225	37073226	0.231	rs2835423	4.3	rs3992	0.055181	-4.17	0.2836	437	29	enet	0.056	0.008	0.6497	0.51588
Uterus	/media/kame/Data/_workings/resource/GTEv8//GTExv8.EUR.Uterus/ENSG00000230366.9.wgt.RDat	ENSG00000230366.9	21	37208502	37208503	0.235	rs1888465	-3.4	rs2835616	0.103014	-4.69	-0.7223	451	26	enet	0.081	0.0017	-0.0714	0.94311
Uterus	/media/kame/Data/_workings/resource/GTEv8//GTExv8.EUR.Uterus/ENSG00000232837.1.wgt.RDat	ENSG00000232837.1	21	38977773	38977774	0.351	rs2836759	-7.12	rs10483047	0.002592	3.45	0.012	633	35	enet	0.045	0.016	0.6189	0.53598
Uterus	/media/kame/Data/_workings/resource/GTEv8//GTExv8.EUR.Uterus/ENSG00000182093.14.wgt.RDat	ENSG00000182093.14	21	39380243	39380244	0.46	rs2837129	-8.63	rs2837004	0.337336	6.26	-2.0594	644	20	enet	0.35	8.9e-12	-0.7725	0.4398
Uterus	/media/kame/Data/_workings/resource/GTEv8//GTExv8.EUR.Uterus/ENSG00000157578.13.wgt.RDat	ENSG00000157578.13	21	39445802	39445803	0.686	rs2837129	-8.63	rs9983435	0.340501	6.57	-0.8993	681	27	enet	0.43	7.7e-15	-1.1609	0.24569
Uterus	/media/kame/Data/_workings/resource/GTEv8//GTExv8.EUR.Uterus/ENSG00000185437.13.wgt.RDat	ENSG00000185437.13	21	39445854	39445855	0.318	rs2837129	-8.63	rs2837037	0.190197	5.3	2.061	681	13	enet	0.22	2.7e-07	1.2571	0.20873
Uterus	/media/kame/Data/_workings/resource/GTEv8//GTExv8.EUR.Uterus/ENSG00000160200.17.wgt.RDat	ENSG00000160200.17	21	43076942	43076943	0.33	rs447167	-5.23	rs2026284	0.107883	-5.03	-0.1501	370	10	enet	0.19	1.7e-06	1.0282	0.30387
Uterus	/media/kame/Data/_workings/resource/GTEv8//GTExv8.EUR.Uterus/ENSG00000160213.6.wgt.RDat	ENSG00000160213.6	21	43776444	43776445	0.309	rs3788094	-5.15	rs13052408	0.182593	-4.68	-0.6994	284	7	enet	0.1	0.00041	0.398	0.69063
Uterus	/media/kame/Data/_workings/resource/GTEv8//GTExv8.EUR.Uterus/ENSG00000241945.7.wgt.RDat	ENSG00000241945.7	21	44107289	44107290	0.772	rs4818925	-6.19	rs2277806	0.482013	7.31	-0.0907	339	58	enet	0.61	1.2e-23	-0.4451	0.65626
Uterus	/media/kame/Data/_workings/resource/GTEv8//GTExv8.EUR.Uterus/ENSG00000160221.16.wgt.RDat	ENSG00000160221.16	21	44133604	44133605	0.697	rs4818925	-6.19	rs2277806	0.4349	7.07	-0.0907	355	35	enet	0.4	1.2e-13	-0.1223	0.90262
Uterus	/media/kame/Data/_workings/resource/GTEv8//GTExv8.EUR.Uterus/ENSG00000225331.1.wgt.RDat	ENSG00000225331.1	21	44160075	44160076	0.302	rs4818925	-6.19	rs2838469	0.107461	4.42	0.5211	362	25	enet	0.11	0.00033	-0.9383	0.34807
Uterus	/media/kame/Data/_workings/resource/GTEv8//GTExv8.EUR.Uterus/ENSG00000228709.1.wgt.RDat	ENSG00000228709.1	21	44485576	44485577	0.358	rs4818925	-6.19	rs2838475	0.000163	-3.29	-0.2274	440	47	enet	0.0068	0.19	-0.023	0.98168
Uterus	/media/kame/Data/_workings/resource/GTEv8//GTExv8.EUR.Uterus/ENSG00000235890.2.wgt.RDat	ENSG00000235890.2	21	44506806	44506807	0.563	rs4818925	-6.19	rs2838475	-0.005519	-3.23	-0.2274	443	33	enet	0.05	0.012	0.1496	0.88109
Uterus	/media/kame/Data/_workings/resource/GTEv8//GTExv8.EUR.Uterus/ENSG00000182912.6.wgt.RDat	ENSG00000182912.6	21	44517215	44517216	0.503	rs4818925	-6.19	rs2838475	-0.004874	-3.66	-0.2274	444	39	enet	0.011	0.14	-0.0303	0.97587
Uterus	/media/kame/Data/_workings/resource/GTEv8//GTExv8.EUR.Uterus/ENSG00000184787.18.wgt.RDat	ENSG00000184787.18	21	44802018	44802019	0.441	rs4818925	-6.19	rs3788147	0.138534	-3.99	0.8047	553	18	enet	0.085	0.0013	-0.3861	0.69942
Uterus	/media/kame/Data/_workings/resource/GTEv8//GTExv8.EUR.Uterus/ENSG00000227039.6.wgt.RDat	ENSG00000227039.6	21	44921133	44921134	0.491	rs4818925	-6.19	rs1721	0.210815	4.8	0.1738	587	28	enet	0.1	0.00051	-0.4456	0.65589
Uterus	/media/kame/Data/_workings/resource/GTEv8//GTExv8.EUR.Uterus/ENSG00000274248.1.wgt.RDat	ENSG00000274248.1	21	45974488	45974489	0.254	rs9975613	8.05	rs2839034	0.038576	-4.15	0.365	462	25	enet	0.06	0.0064	-0.2562	0.79782
Uterus	/media/kame/Data/_workings/resource/GTEv8//GTExv8.EUR.Uterus/ENSG00000160294.10.wgt.RDat	ENSG00000160294.10	21	46286296	46286297	0.19	rs9975613	6.26	rs2839257	0.055973	3.88	-0.0239	459	4	enet	0.019	0.084	-0.0484	0.96143
Uterus	/media/kame/Data/_workings/resource/GTEv8//GTExv8.EUR.Uterus/ENSG00000182362.13.wgt.RDat	ENSG00000182362.13	21	46286336	46286337	0.68	rs9975613	6.26	rs12626184	0.501188	7.34	1.3038	459	30	enet	0.55	6.7e-20	0.315	0.75279
Uterus	/media/kame/Data/_workings/resource/GTEv8//GTExv8.EUR.Uterus/ENSG00000100181.22.wgt.RDat	ENSG00000100181.22	22	16601886	16601887	0.401	rs4141523	5.68	rs175145	-0.005464	-3.34	-0.00911	214	24	enet	0.15	2.3e-05	-0.35538	0.722
Uterus	/media/kame/Data/_workings/resource/GTEv8//GTExv8.EUR.Uterus/ENSG00000177663.13.wgt.RDat	ENSG00000177663.13	22	17084953	17084954	0.527	rs4141523	5.68	rs738034	0.132163	-4.7	-0.0389	488	41	enet	0.18	2.7e-06	-0.60536	0.545
Uterus	/media/kame/Data/_workings/resource/GTEv8//GTExv8.EUR.Uterus/ENSG00000093072.15.wgt.RDat	ENSG00000093072.15	22	17221988	17221989	0.779	rs4141523	5.68	rs17807317	0.576788	7.87	0.18409	521	13	enet	0.52	7e-19	0.06525	0.948
Uterus	/media/kame/Data/_workings/resource/GTEv8//GTExv8.EUR.Uterus/ENSG00000100033.16.wgt.RDat	ENSG00000100033.16	22	18936409	18936410	0.33	rs7291719	-3.87	rs5747950	0.008051	-3.69	0.29053	267	66	enet	0.18	3.5e-06	-1.0069	0.314
Uterus	/media/kame/Data/_workings/resource/GTEv8//GTExv8.EUR.Uterus/ENSG00000273032.1.wgt.RDat	ENSG00000273032.1	22	19017833	19017834	0.208	rs7291719	-3.87	rs17810512	0.108481	-4	0.56897	311	15	enet	0.06	0.0064	-0.71642	0.474
Uterus	/media/kame/Data/_workings/resource/GTEv8//GTExv8.EUR.Uterus/ENSG00000273311.1.wgt.RDat	ENSG00000273311.1	22	19048374	19048375	0.215	rs7291719	-3.87	rs5993488	0.107814	3.85	0.79528	324	37	enet	0.075	0.0024	-0.09595	0.924
Uterus	/media/kame/Data/_workings/resource/GTEv8//GTExv8.EUR.Uterus/ENSG00000232926.1.wgt.RDat	ENSG00000232926.1	22	19887288	19887289	0.636	rs9606256	6.03	rs1053001	0.194194	5.42	0.01694	550	33	enet	0.4	2.1e-13	-0.12436	0.901
Uterus	/media/kame/Data/_workings/resource/GTEv8//GTExv8.EUR.Uterus/ENSG00000099937.10.wgt.RDat	ENSG00000099937.10	22	20773878	20773879	0.436	rs4821372	-6.66	rs6004160	0.26621	5.96	-0.17216	445	17	enet	0.12	0.00018	-0.27522	0.783
Uterus	/media/kame/Data/_workings/resource/GTEv8//GTExv8.EUR.Uterus/ENSG00000099940.11.wgt.RDat	ENSG00000099940.11	22	20858982	20858983	0.52	rs4821372	-6.66	rs4820579	0.270141	5.58	-0.36762	430	40	enet	0.12	0.00016	-1.09277	0.274
Uterus	/media/kame/Data/_workings/resource/GTEv8//GTExv8.EUR.Uterus/ENSG00000230513.1.wgt.RDat	ENSG00000230513.1	22	21002196	21002197	0.327	rs4821915	-4.77	rs2239961	0.393597	-6.6	0.29183	364	7	enet	0.35	8.2e-12	-0.18957	0.85
Uterus	/media/kame/Data/_workings/resource/GTEv8//GTExv8.EUR.Uterus/ENSG00000161180.10.wgt.RDat	ENSG00000161180.10	22	21632715	21632716	0.393	rs762349	-4.5	rs131665	0.222148	-5.26	-0.06105	293	26	enet	0.19	1.3e-06	0.05084	0.959
Uterus	/media/kame/Data/_workings/resource/GTEv8//GTExv8.EUR.Uterus/ENSG00000100023.18.wgt.RDat	ENSG00000100023.18	22	21666008	21666009	0.309	rs762349	-4.5	rs5999098	0.197663	4.72	-0.0631	315	10	enet	0.14	4e-05	0.05861	0.953
Uterus	/media/kame/Data/_workings/resource/GTEv8//GTExv8.EUR.Uterus/ENSG00000224086.5.wgt.RDat	ENSG00000224086.5	22	21938584	21938585	0.569	rs762349	-4.5	rs240066	0.397012	-6.78	0.61987	409	11	enet	0.33	5.1e-11	-0.44461	0.657
Uterus	/media/kame/Data/_workings/resource/GTEv8//GTExv8.EUR.Uterus/ENSG00000211640.4.wgt.RDat	ENSG00000211640.4	22	22195798	22195799	0.257	rs762349	-4.5	rs2283797	0.041674	4.13	1.72849	393	25	enet	0.14	5.3e-05	0.78034	0.435
Uterus	/media/kame/Data/_workings/resource/GTEv8//GTExv8.EUR.Uterus/ENSG00000228050.1.wgt.RDat	ENSG00000228050.1	22	22224565	22224566	0.588	rs5750807	-3.87	rs2283797	0.427863	6.77	1.72849	383	26	enet	0.52	1.6e-18	1.82277	0.0683
Uterus	/media/kame/Data/_workings/resource/GTEv8//GTExv8.EUR.Uterus/ENSG00000211643.2.wgt.RDat	ENSG00000211643.2	22	22318726	22318727	0.454	rs5750807	-3.87	rs4277621	0.127399	5.03	1.26021	351	31	enet	0.24	4.7e-08	1.85703	0.0633
Uterus	/media/kame/Data/_workings/resource/GTEv8//GTExv8.EUR.Uterus/ENSG00000100218.11.wgt.RDat	ENSG00000100218.11	22	23145020	23145021	0.219	rs874138	4.35	rs1051875	0.104384	3.98	-0.89284	387	15	enet	0.11	0.00035	-0.21601	0.829
Uterus	/media/kame/Data/_workings/resource/GTEv8//GTExv8.EUR.Uterus/ENSG00000100228.12.wgt.RDat	ENSG00000100228.12	22	23145325	23145326	0.339	rs874138	4.35	rs3788342	0.029855	3.96	2.74657	387	33	enet	0.12	2e-04	0.32573	0.745
Uterus	/media/kame/Data/_workings/resource/GTEv8//GTExv8.EUR.Uterus/ENSG00000186716.20.wgt.RDat	ENSG00000186716.20	22	23179703	23179704	0.277	rs874138	4.35	rs131690	0.161862	-4.57	2.26087	390	33	enet	0.12	0.00017	-1.32677	0.185
Uterus	/media/kame/Data/_workings/resource/GTEv8//GTExv8.EUR.Uterus/ENSG00000230701.2.wgt.RDat	ENSG00000230701.2	22	23262766	23262767	0.611	rs874138	4.35	rs1004040	0.533593	7.58	1.81794	422	10	enet	0.5	8.7e-18	1.47515	0.14
Uterus	/media/kame/Data/_workings/resource/GTEv8//GTExv8.EUR.Uterus/ENSG00000272733.1.wgt.RDat	ENSG00000272733.1	22	23583858	23583859	0.644	rs874138	4.35	rs9680742	0.159353	-5.96	0.06351	486	29	enet	0.4	1.6e-13	0.05593	0.955
Uterus	/media/kame/Data/_workings/resource/GTEv8//GTExv8.EUR.Uterus/ENSG00000189269.12.wgt.RDat	ENSG00000189269.12	22	23632320	23632321	0.738	rs6004041	-3.76	rs9680742	0.172194	-5.78	0.06351	484	31	enet	0.41	6.4e-14	-0.00394	0.997
Uterus	/media/kame/Data/_workings/resource/GTEv8//GTExv8.EUR.Uterus/ENSG00000234353.2.wgt.RDat	ENSG00000234353.2	22	23640761	23640762	0.362	rs6004041	-3.76	rs7287369	0.222491	-5.46	0.01229	481	18	enet	0.12	0.00019	0.08061	0.936
Uterus	/media/kame/Data/_workings/resource/GTEv8//GTExv8.EUR.Uterus/ENSG00000244723.3.wgt.RDat	ENSG00000244723.3	22	23653333	23653334	0.415	rs6004041	-3.76	rs5751713	0.115334	-4.58	-0.01512	482	28	enet	0.16	1.6e-05	0.98742	0.323
Uterus	/media/kame/Data/_workings/resource/GTEv8//GTExv8.EUR.Uterus/ENSG00000272578.5.wgt.RDat	ENSG00000272578.5	22	23717355	23717356	0.328	rs6004041	-3.76	rs7287369	0.197819	-5	0.01229	474	19	enet	0.23	9.1e-08	0.15975	0.873
Uterus	/media/kame/Data/_workings/resource/GTEv8//GTExv8.EUR.Uterus/ENSG00000240972.1.wgt.RDat	ENSG00000240972.1	22	23894003	23894004	0.596	rs2082733	8.58	rs2739338	0.519015	-7.65	0.1231	423	15	enet	0.52	9.6e-19	-0.20443	0.838
Uterus	/media/kame/Data/_workings/resource/GTEv8//GTExv8.EUR.Uterus/ENSG00000218537.1.wgt.RDat	ENSG00000218537.1	22	23898929	23898930	0.752	rs2082733	8.58	rs2739338	0.591641	-8.19	0.11466	423	40	enet	0.53	4.7e-19	-0.07446	0.941
Uterus	/media/kame/Data/_workings/resource/GTEv8//GTExv8.EUR.Uterus/ENSG00000273295.1.wgt.RDat	ENSG00000273295.1	22	23907067	23907068	0.798	rs2082733	8.58	rs2739338	0.630569	-8.4	0.09266	421	33	enet	0.63	2.4e-24	0.47419	0.635
Uterus	/media/kame/Data/_workings/resource/GTEv8//GTExv8.EUR.Uterus/ENSG00000225282.1.wgt.RDat	ENSG00000225282.1	22	23926899	23926900	0.607	rs2082733	8.58	rs2739338	0.591903	-7.97	0.05445	408	22	enet	0.57	6.1e-21	0.65679	0.511
Uterus	/media/kame/Data/_workings/resource/GTEv8//GTExv8.EUR.Uterus/ENSG00000133433.10.wgt.RDat	ENSG00000133433.10	22	23961185	23961186	0.634	rs1008932	9.06	rs2739338	0.353787	6.17	0.27409	419	36	enet	0.31	2.4e-10	0.8038	0.422
Uterus	/media/kame/Data/_workings/resource/GTEv8//GTExv8.EUR.Uterus/ENSG00000099974.7.wgt.RDat	ENSG00000099974.7	22	23966900	23966901	0.349	rs1008932	9.06	rs2739338	0.254282	5.51	0.28794	419	18	enet	0.19	2.2e-06	0.40755	0.684
Uterus	/media/kame/Data/_workings/resource/GTEv8//GTExv8.EUR.Uterus/ENSG00000250470.1.wgt.RDat	ENSG00000250470.1	22	23977584	23977585	0.5	rs1008932	9.06	rs5751761	0.447064	-7.03	-1.22928	413	10	enet	0.43	9.1e-15	1.18024	0.238
Uterus	/media/kame/Data/_workings/resource/GTEv8//GTExv8.EUR.Uterus/ENSG00000099984.11.wgt.RDat	ENSG00000099984.11	22	23980057	23980058	0.311	rs1008932	9.06	rs738809	0.116144	4.61	-0.56798	412	11	enet	0.15	2.3e-05	-0.34066	0.733
Uterus	/media/kame/Data/_workings/resource/GTEv8//GTExv8.EUR.Uterus/ENSG00000099977.13.wgt.RDat	ENSG00000099977.13	22	23980468	23980469	0.318	rs1008932	9.06	rs5751761	0.021279	-3.78	-1.22928	412	40	enet	-0.007	0.61	0.73717	0.461
Uterus	/media/kame/Data/_workings/resource/GTEv8//GTExv8.EUR.Uterus/ENSG00000224205.1.wgt.RDat	ENSG00000224205.1	22	23991420	23991421	0.683	rs5760452	9.22	rs4822458	0.579622	-8.03	-1.29252	414	15	enet	0.55	3.6e-20	0.99442	0.32
Uterus	/media/kame/Data/_workings/resource/GTEv8//GTExv8.EUR.Uterus/ENSG00000128262.8.wgt.RDat	ENSG00000128262.8	22	24251827	24251828	0.207	rs5760452	9.22	rs5760301	0.018726	4.18	-1.96366	373	15	enet	-0.0076	0.65	-0.75986	0.447
Uterus	/media/kame/Data/_workings/resource/GTEv8//GTExv8.EUR.Uterus/ENSG00000100028.11.wgt.RDat	ENSG00000100028.11	22	24555502	24555503	0.276	rs5760452	9.22	rs5996801	0.000872	-3.27	-1.81358	382	40	enet	0.0048	0.22	0.40282	0.687
Uterus	/media/kame/Data/_workings/resource/GTEv8//GTExv8.EUR.Uterus/ENSG00000272977.1.wgt.RDat	ENSG00000272977.1	22	25476217	25476218	0.549	rs4822669	5.04	rs6004658	0.238285	-5.1	-3.00269	506	24	enet	0.14	3.5e-05	4.44866	8.64e-06
Uterus	/media/kame/Data/_workings/resource/GTEv8//GTExv8.EUR.Uterus/ENSG00000100077.14.wgt.RDat	ENSG00000100077.14	22	25564848	25564849	0.485	rs4822669	5.66	rs599794	-0.008985	-3.19	0.03188	565	21	enet	0.019	0.081	1.0619	0.288
Uterus	/media/kame/Data/_workings/resource/GTEv8//GTExv8.EUR.Uterus/ENSG00000100099.20.wgt.RDat	ENSG00000100099.20	22	26483835	26483836	0.341	rs134704	5.8	rs5761523	-0.009419	-3.25	-0.68803	774	40	enet	-0.0078	0.67	0.13301	0.894
Uterus	/media/kame/Data/_workings/resource/GTEv8//GTExv8.EUR.Uterus/ENSG00000235954.6.wgt.RDat	ENSG00000235954.6	22	27919375	27919376	0.301	rs5752628	-4.55	rs470097	0.015244	3.58	0.15388	521	22	enet	-0.0041	0.45	-0.28061	0.779
Uterus	/media/kame/Data/_workings/resource/GTEv8//GTExv8.EUR.Uterus/ENSG00000225465.8.wgt.RDat	ENSG00000225465.8	22	29478174	29478175	0.34	rs2179129	-4.11	rs174709	-0.00951	3.33	0.35457	405	21	enet	0.01	0.15	-0.34134	0.733
Uterus	/media/kame/Data/_workings/resource/GTEv8//GTExv8.EUR.Uterus/ENSG00000100296.13.wgt.RDat	ENSG00000100296.13	22	29554253	29554254	0.757	rs2179129	-4.11	rs2302141	0.580759	-8.31	0.22664	403	27	enet	0.62	6.3e-24	-0.49884	0.618
Uterus	/media/kame/Data/_workings/resource/GTEv8//GTExv8.EUR.Uterus/ENSG00000184117.11.wgt.RDat	ENSG00000184117.11	22	29581336	29581337	0.201	rs3765303	3.92	rs5763302	0.091957	-4.18	0.04699	386	9	enet	0.077	0.0022	0.36114	0.718
Uterus	/media/kame/Data/_workings/resource/GTEv8//GTExv8.EUR.Uterus/ENSG00000279159.1.wgt.RDat	ENSG00000279159.1	22	30025628	30025629	0.244	rs2232903	2.92	rs7291756	0.191183	5.06	-0.79686	412	24	enet	0.19	1.5e-06	-1.85911	0.063
Uterus	/media/kame/Data/_workings/resource/GTEv8//GTExv8.EUR.Uterus/ENSG00000214491.8.wgt.RDat	ENSG00000214491.8	22	30546681	30546682	0.314	rs2041076	-4.48	rs2899151	0.155983	-4.4	-0.00575	427	10	enet	0.044	0.017	-0.75454	0.451
Uterus	/media/kame/Data/_workings/resource/GTEv8//GTExv8.EUR.Uterus/ENSG00000198089.15.wgt.RDat	ENSG00000198089.15	22	31488745	31488746	0.186	rs2027982	-5.11	rs5749272	0.00878	-3.91	-1.08692	353	19	enet	0.0084	0.17	1.40374	0.16
Uterus	/media/kame/Data/_workings/resource/GTEv8//GTExv8.EUR.Uterus/ENSG00000100191.5.wgt.RDat	ENSG00000100191.5	22	32255340	32255341	0.358	rs3213515	-10.26	rs5994553	-0.006074	-3.43	-1.57685	575	72	enet	0.1	0.00049	1.28485	0.199
Uterus	/media/kame/Data/_workings/resource/GTEv8//GTExv8.EUR.Uterus/ENSG00000205853.10.wgt.RDat	ENSG00000205853.10	22	32382051	32382052	0.519	rs3213515	-10.26	rs5754009	0.029677	-3.87	0.39585	642	24	enet	0.0055	0.21	0.0136	0.989
Uterus	/media/kame/Data/_workings/resource/GTEv8//GTExv8.EUR.Uterus/ENSG00000100225.17.wgt.RDat	ENSG00000100225.17	22	32474675	32474676	0.347	rs3213515	-10.26	rs9606956	0.006091	3.58	0.13076	637	24	enet	0.064	0.0049	0.74025	0.459
Uterus	/media/kame/Data/_workings/resource/GTEv8//GTExv8.EUR.Uterus/ENSG00000100106.19.wgt.RDat	ENSG00000100106.19	22	37697003	37697004	0.32	rs8135343	4.64	rs5756813	0.080668	-3.99	0.0662	459	32	enet	-0.002	0.38	0.25383	0.8
Uterus	/media/kame/Data/_workings/resource/GTEv8//GTExv8.EUR.Uterus/ENSG00000100211.10.wgt.RDat	ENSG00000100211.10	22	38656639	38656640	0.257	rs2235229	4.69	rs1980455	0.139217	-5.08	1.51843	367	28	enet	0.13	6.4e-05	-1.31866	0.187
Uterus	/media/kame/Data/_workings/resource/GTEv8//GTExv8.EUR.Uterus/ENSG00000228274.3.wgt.RDat	ENSG00000228274.3	22	38681819	38681820	0.303	rs2235229	4.69	rs2072794	0.200071	-5.27	0.52019	371	23	enet	0.15	1.8e-05	-1.04066	0.298
Uterus	/media/kame/Data/_workings/resource/GTEv8//GTExv8.EUR.Uterus/ENSG00000235209.1.wgt.RDat	ENSG00000235209.1	22	38921226	38921227	0.379	rs2247128	5.55	rs132506	0.310749	-5.94	0.82825	394	16	enet	0.21	3.4e-07	-0.5412	0.588
Uterus	/media/kame/Data/_workings/resource/GTEv8//GTExv8.EUR.Uterus/ENSG00000239713.8.wgt.RDat	ENSG00000239713.8	22	39077004	39077005	0.585	rs738288	6.41	rs2011869	0.387891	6.56	-0.25323	393	16	enet	0.32	8.9e-11	-1.12567	0.26
Uterus	/media/kame/Data/_workings/resource/GTEv8//GTExv8.EUR.Uterus/ENSG00000128272.14.wgt.RDat	ENSG00000128272.14	22	39519694	39519695	0.331	rs738288	6.41	rs1048310	0.05597	4.16	-3.08893	394	44	enet	0.098	6e-04	-0.54825	0.584
Uterus	/media/kame/Data/_workings/resource/GTEv8//GTExv8.EUR.Uterus/ENSG00000128285.4.wgt.RDat	ENSG00000128285.4	22	40678749	40678750	0.33	rs9611388	-6.35	rs41454646	0.232971	-5.24	-0.93782	284	33	enet	0.22	2.8e-07	1.86031	0.0628
Uterus	/media/kame/Data/_workings/resource/GTEv8//GTExv8.EUR.Uterus/ENSG00000100372.14.wgt.RDat	ENSG00000100372.14	22	40819398	40819399	0.165	rs9611388	-6.35	rs41454646	0.14312	-4.27	-0.93782	278	19	enet	0.088	0.0011	1.5935	0.111
Uterus	/media/kame/Data/_workings/resource/GTEv8//GTExv8.EUR.Uterus/ENSG00000196236.12.wgt.RDat	ENSG00000196236.12	22	40857096	40857097	0.292	rs17001909	-6.69	rs138354	0.272229	-5.78	0.64165	276	5	enet	0.3	6.4e-10	0.12537	0.9
Uterus	/media/kame/Data/_workings/resource/GTEv8//GTExv8.EUR.Uterus/ENSG00000100412.15.wgt.RDat	ENSG00000100412.15	22	41469124	41469125	0.13	rs8139784	6.02	rs3171692	0.037341	3.76	4.26696	283	23	enet	0.052	0.011	0.82438	0.41
Uterus	/media/kame/Data/_workings/resource/GTEv8//GTExv8.EUR.Uterus/ENSG00000100138.13.wgt.RDat	ENSG00000100138.13	22	41690503	41690504	0.122	rs8139784	6.02	rs4820446	0.075593	-4.08	-0.1731	298	22	enet	0.054	0.0092	-0.10624	0.915
Uterus	/media/kame/Data/_workings/resource/GTEv8//GTExv8.EUR.Uterus/ENSG00000100162.14.wgt.RDat	ENSG00000100162.14	22	41947163	41947164	0.113	rs5996088	-4.86	rs9611602	0.047703	3.34	0.93091	337	11	enet	0.0027	0.26	0.64957	0.516
Uterus	/media/kame/Data/_workings/resource/GTEv8//GTExv8.EUR.Uterus/ENSG00000183066.14.wgt.RDat	ENSG00000183066.14	22	41998724	41998725	0.252	rs5996088	-4.86	rs739296	0.170546	-4.51	0.13521	343	11	enet	0.083	0.0015	-0.84376	0.399
Uterus	/media/kame/Data/_workings/resource/GTEv8//GTExv8.EUR.Uterus/ENSG00000198951.11.wgt.RDat	ENSG00000198951.11	22	42070841	42070842	0.317	rs5996088	-4.86	rs133376	0.036262	4.35	-0.00217	330	13	enet	0.055	0.0088	0.26975	0.787
Uterus	/media/kame/Data/_workings/resource/GTEv8//GTExv8.EUR.Uterus/ENSG00000183172.8.wgt.RDat	ENSG00000183172.8	22	42079690	42079691	0.618	rs5996088	-4.86	rs133380	0.494197	-7.5	0.73286	330	35	enet	0.48	9.9e-17	0.05438	0.957
Uterus	/media/kame/Data/_workings/resource/GTEv8//GTExv8.EUR.Uterus/ENSG00000184983.9.wgt.RDat	ENSG00000184983.9	22	42090929	42090930	0.566	rs5996088	-4.86	rs10084647	0.016309	3.76	0.00219	337	29	enet	0.032	0.036	-0.13421	0.893
Uterus	/media/kame/Data/_workings/resource/GTEv8//GTExv8.EUR.Uterus/ENSG00000100197.20.wgt.RDat	ENSG00000100197.20	22	42130905	42130906	0.276	rs5996088	-4.86	rs5758589	0.115708	-5.06	-0.17874	347	4	enet	0.065	0.0046	0.14917	0.881
Uterus	/media/kame/Data/_workings/resource/GTEv8//GTExv8.EUR.Uterus/ENSG00000227370.1.wgt.RDat	ENSG00000227370.1	22	42132602	42132603	0.255	rs5996088	-4.86	rs17002948	0.061218	3.79	0.20552	349	38	enet	0.14	3.8e-05	0.32314	0.747
Uterus	/media/kame/Data/_workings/resource/GTEv8//GTExv8.EUR.Uterus/ENSG00000281538.1.wgt.RDat	ENSG00000281538.1	22	42138105	42138106	0.344	rs5996088	-4.86	rs6002621	0.07849	-4.42	0.6924	352	26	enet	0.12	0.00018	-0.81603	0.414
Uterus	/media/kame/Data/_workings/resource/GTEv8//GTExv8.EUR.Uterus/ENSG00000189306.10.wgt.RDat	ENSG00000189306.10	22	42519801	42519802	0.403	rs7285546	4.14	rs2413692	0.061788	-3.92	-0.40182	407	44	enet	0.12	0.00016	0.18272	0.855
Uterus	/media/kame/Data/_workings/resource/GTEv8//GTExv8.EUR.Uterus/ENSG00000183569.17.wgt.RDat	ENSG00000183569.17	22	42553616	42553617	0.325	rs7285546	4.14	rs137122	0.149333	-4.16	0.09722	408	24	enet	0.15	1.7e-05	0.43539	0.663
Uterus	/media/kame/Data/_workings/resource/GTEv8//GTExv8.EUR.Uterus/ENSG00000128274.15.wgt.RDat	ENSG00000128274.15	22	42721297	42721298	0.455	rs7285546	4.14	rs135097	0.088365	-4.71	0.3288	473	8	enet	0.2	9e-07	-0.25643	0.798
Uterus	/media/kame/Data/_workings/resource/GTEv8//GTExv8.EUR.Uterus/ENSG00000100266.18.wgt.RDat	ENSG00000100266.18	22	43015144	43015145	0.461	rs6003130	4.18	rs17003655	0.003178	-3.71	-1.64981	540	42	enet	0.11	0.00027	1.4143	0.157
Uterus	/media/kame/Data/_workings/resource/GTEv8//GTExv8.EUR.Uterus/ENSG00000100300.17.wgt.RDat	ENSG00000100300.17	22	43151513	43151514	0.386	rs6003130	4.25	rs5759197	0.196834	4.98	-0.71872	554	14	enet	0.097	0.00064	-1.14396	0.253
Uterus	/media/kame/Data/_workings/resource/GTEv8//GTExv8.EUR.Uterus/ENSG00000100304.12.wgt.RDat	ENSG00000100304.12	22	43187132	43187133	0.506	rs6003130	4.33	rs138974	-0.009502	3.35	-3.19099	557	14	enet	0.012	0.13	0.60807	0.543
Uterus	/media/kame/Data/_workings/resource/GTEv8//GTExv8.EUR.Uterus/ENSG00000159307.18.wgt.RDat	ENSG00000159307.18	22	43343387	43343388	0.303	rs6003130	4.35	rs5759082	0.014688	-4.01	0.21842	561	21	enet	0.029	0.044	-0.64519	0.519
Uterus	/media/kame/Data/_workings/resource/GTEv8//GTExv8.EUR.Uterus/ENSG00000100376.11.wgt.RDat	ENSG00000100376.11	22	45308967	45308968	0.877	rs736490	-5.24	rs136564	0.617313	8.15	-0.25147	606	30	enet	0.64	3.1e-25	-0.58642	0.558
Uterus	/media/kame/Data/_workings/resource/GTEv8//GTExv8.EUR.Uterus/ENSG00000128408.8.wgt.RDat	ENSG00000128408.8	22	45413690	45413691	0.5	rs736490	-5.24	rs2272804	0.205913	-5.6	0.39371	570	34	enet	0.29	1.9e-09	-0.20398	0.838
Uterus	/media/kame/Data/_workings/resource/GTEv8//GTExv8.EUR.Uterus/ENSG00000077942.18.wgt.RDat	ENSG00000077942.18	22	45502237	45502238	0.382	rs5765536	-3.58	rs28439308	0.016547	3.54	-0.16762	534	27	enet	-0.0042	0.46	-0.32868	0.742
Uterus	/media/kame/Data/_workings/resource/GTEv8//GTExv8.EUR.Uterus/ENSG00000130943.6.wgt.RDat	ENSG00000130943.6	22	46263354	46263355	0.264	rs801719	-4.87	rs9627295	0.21006	-5.41	2.41653	461	12	enet	0.1	0.00042	-2.36674	0.0179
Uterus	/media/kame/Data/_workings/resource/GTEv8//GTExv8.EUR.Uterus/ENSG00000260708.1.wgt.RDat	ENSG00000260708.1	22	46762562	46762563	0.652	rs801719	-4.87	rs12389	0.499986	-7.47	-0.39265	568	31	enet	0.49	3.5e-17	-0.49408	0.621
Uterus	/media/kame/Data/_workings/resource/GTEv8//GTExv8.EUR.Uterus/ENSG00000260613.1.wgt.RDat	ENSG00000260613.1	22	49837785	49837786	0.347	rs910799	6.24	rs138832	0.163557	-4.73	4.44576	507	16	enet	0.081	0.0017	-4.70822	2.5e-06
Uterus	/media/kame/Data/_workings/resource/GTEv8//GTExv8.EUR.Uterus/ENSG00000073146.15.wgt.RDat	ENSG00000073146.15	22	50089878	50089879	0.292	rs910799	6.24	rs11568171	0.008746	3.82	0.77918	414	12	enet	0.00072	0.3	0.97893	0.328
Uterus	/media/kame/Data/_workings/resource/GTEv8//GTExv8.EUR.Uterus/ENSG00000273253.2.wgt.RDat	ENSG00000273253.2	22	50200836	50200837	0.536	rs910799	6.24	rs137905	0.163978	4.82	0.20703	411	22	enet	0.32	1.7e-10	-0.04506	0.964
Uterus	/media/kame/Data/_workings/resource/GTEv8//GTExv8.EUR.Uterus/ENSG00000100429.17.wgt.RDat	ENSG00000100429.17	22	50249858	50249859	0.482	rs910799	6.24	rs7290465	0.301239	5.76	-0.44761	405	22	enet	0.24	4.4e-08	0.01408	0.989
Uterus	/media/kame/Data/_workings/resource/GTEv8//GTExv8.EUR.Uterus/ENSG00000188130.13.wgt.RDat	ENSG00000188130.13	22	50261824	50261825	0.471	rs910799	6.24	rs1129880	0.320195	6.15	-0.42133	403	12	enet	0.24	3.7e-08	0.64872	0.517
Uterus	/media/kame/Data/_workings/resource/GTEv8//GTExv8.EUR.Uterus/ENSG00000272821.1.wgt.RDat	ENSG00000272821.1	22	50524424	50524425	0.354	rs742186	-4.87	rs131760	0.054997	-4.42	-0.93202	316	26	enet	0.0082	0.17	1.68197	0.0926
Uterus	/media/kame/Data/_workings/resource/GTEv8//GTExv8.EUR.Uterus/ENSG00000205560.12.wgt.RDat	ENSG00000205560.12	22	50578454	50578455	0.585	rs742186	-4.87	rs5770911	0.155811	-5.27	-2.18923	290	17	enet	0.25	2.3e-08	-0.72044	0.471
Uterus	/media/kame/Data/_workings/resource/GTEv8//GTExv8.EUR.Uterus/ENSG00000100288.19.wgt.RDat	ENSG00000100288.19	22	50601454	50601455	0.306	rs742186	-4.87	rs3091399	0.199669	4.82	-3.76148	280	16	enet	0.092	0.00085	-2.17196	0.0299
Uterus	/media/kame/Data/_workings/resource/GTEv8//GTExv8.EUR.Uterus/ENSG00000100299.17.wgt.RDat	ENSG00000100299.17	22	50628172	50628173	0.504	rs742186	-4.87	rs8142033	0.317272	-5.87	-0.55983	255	11	enet	0.28	3.6e-09	0.42508	0.671
Uterus	/media/kame/Data/_workings/resource/GTEv8//GTExv8.EUR.Uterus/ENSG00000100312.10.wgt.RDat	ENSG00000100312.10	22	50738195	50738196	0.374	rs742186	-4.87	rs28672672	-0.007993	-3.23	-1.39662	201	30	enet	0.014	0.12	-1.46059	0.144
